instance_family,instance,path,node_count,salesman_count,solver,objective,time_seconds,step_time_seconds,valid,steps,routes
uniform,n100_m2_r01.txt,data\mtsp\generated\n100_m2_r01.txt,100,2,rand+nn,1233.2660152317053,0.000464,0.000456,True,"[{""name"": ""rand+nn"", ""objective"": 1233.2660152317053, ""time"": 0.000456, ""valid"": true}]","[[0, 8, 19, 20, 37, 75, 86, 13, 91, 48, 73, 31, 42, 99, 76, 84, 40, 74, 59, 52, 55, 80, 83, 38, 22, 10, 87, 57, 81, 66, 54, 7, 14, 26, 77, 62, 53, 69, 27, 23, 24, 60, 89, 18, 51, 32, 15, 97, 17, 93, 44, 0], [0, 95, 61, 2, 92, 65, 9, 56, 94, 45, 85, 82, 28, 79, 34, 67, 78, 64, 1, 47, 5, 72, 11, 58, 39, 29, 98, 4, 71, 25, 43, 36, 70, 16, 21, 3, 90, 46, 88, 50, 35, 68, 96, 30, 6, 33, 12, 49, 63, 41, 0]]"
uniform,n100_m2_r01.txt,data\mtsp\generated\n100_m2_r01.txt,100,2,2opt+greed,992.294321142642,0.000554,0.000547,True,"[{""name"": ""2opt+greed"", ""objective"": 992.294321142642, ""time"": 0.000547, ""valid"": true}]","[[0, 95, 61, 36, 70, 16, 18, 78, 51, 67, 97, 15, 32, 64, 47, 5, 76, 99, 84, 43, 40, 2, 74, 92, 42, 72, 11, 59, 71, 25, 4, 38, 98, 29, 83, 39, 80, 55, 52, 58, 73, 48, 91, 22, 41, 87, 57, 33, 66, 30, 6, 0], [0, 8, 56, 69, 21, 3, 14, 7, 90, 26, 77, 62, 50, 35, 53, 46, 88, 85, 82, 23, 45, 27, 94, 89, 60, 24, 79, 28, 44, 93, 17, 34, 1, 31, 13, 10, 12, 49, 63, 81, 68, 54, 96, 86, 65, 75, 37, 9, 20, 19, 0]]"
uniform,n100_m2_r01.txt,data\mtsp\generated\n100_m2_r01.txt,100,2,grasp,862.5513674865011,0.293974,0.29396,True,"[{""name"": ""grasp"", ""objective"": 862.5513674865011, ""time"": 0.29396, ""valid"": true}]","[[0, 8, 19, 20, 37, 9, 86, 22, 10, 41, 12, 49, 63, 81, 87, 57, 33, 66, 96, 6, 30, 54, 68, 7, 26, 50, 35, 53, 46, 88, 62, 77, 90, 14, 3, 21, 69, 56, 45, 85, 82, 23, 28, 44, 93, 17, 34, 79, 24, 27, 94, 0], [0, 75, 65, 13, 39, 83, 29, 98, 38, 25, 4, 80, 55, 52, 58, 91, 48, 92, 74, 2, 42, 72, 11, 31, 73, 59, 71, 5, 76, 99, 47, 84, 70, 16, 18, 78, 64, 1, 32, 15, 97, 67, 51, 60, 89, 36, 43, 40, 61, 95, 0]]"
uniform,n100_m2_r01.txt,data\mtsp\generated\n100_m2_r01.txt,100,2,lkh-wrapper,871.7176648556115,0.013856,0.013841,True,"[{""name"": ""lkh-wrapper"", ""objective"": 871.7176648556115, ""time"": 0.013841, ""valid"": true}]","[[0, 6, 30, 96, 33, 57, 87, 10, 22, 91, 48, 73, 58, 52, 55, 80, 39, 83, 29, 98, 38, 4, 25, 71, 59, 31, 42, 11, 72, 99, 76, 5, 47, 1, 32, 15, 97, 67, 64, 78, 18, 16, 70, 84, 43, 36, 40, 2, 74, 61, 95, 0], [0, 94, 27, 89, 60, 51, 34, 17, 93, 44, 28, 79, 24, 23, 82, 85, 45, 21, 69, 3, 14, 90, 77, 62, 88, 46, 53, 35, 50, 26, 7, 54, 68, 66, 81, 63, 49, 12, 41, 13, 92, 75, 37, 9, 65, 86, 20, 56, 19, 8, 0]]"
uniform,n100_m2_r01.txt,data\mtsp\generated\n100_m2_r01.txt,100,2,lkh-wrapper-v1,871.7176648556115,0.014481,0.014463,True,"[{""name"": ""lkh-wrapper-v1"", ""objective"": 871.7176648556115, ""time"": 0.014463, ""valid"": true}]","[[0, 6, 30, 96, 33, 57, 87, 10, 22, 91, 48, 73, 58, 52, 55, 80, 39, 83, 29, 98, 38, 4, 25, 71, 59, 31, 42, 11, 72, 99, 76, 5, 47, 1, 32, 15, 97, 67, 64, 78, 18, 16, 70, 84, 43, 36, 40, 2, 74, 61, 95, 0], [0, 94, 27, 89, 60, 51, 34, 17, 93, 44, 28, 79, 24, 23, 82, 85, 45, 21, 69, 3, 14, 90, 77, 62, 88, 46, 53, 35, 50, 26, 7, 54, 68, 66, 81, 63, 49, 12, 41, 13, 92, 75, 37, 9, 65, 86, 20, 56, 19, 8, 0]]"
uniform,n100_m2_r01.txt,data\mtsp\generated\n100_m2_r01.txt,100,2,lkh-wrapper-v2,842.8565423595294,0.020804,0.020792,True,"[{""name"": ""lkh-wrapper-v2"", ""objective"": 842.8565423595294, ""time"": 0.020792, ""valid"": true}]","[[0, 95, 61, 74, 92, 73, 58, 52, 55, 80, 39, 83, 29, 98, 38, 4, 25, 71, 59, 11, 31, 42, 72, 99, 76, 5, 47, 84, 43, 70, 16, 18, 78, 64, 1, 32, 15, 97, 67, 51, 34, 17, 93, 44, 28, 79, 24, 23, 82, 85, 45, 27, 69, 21, 3, 14, 90, 77, 62, 88, 46, 53, 35, 50, 26, 7, 54, 68, 96, 30, 6, 33, 66, 81, 63, 49, 12, 41, 87, 57, 56, 94, 0], [0, 8, 19, 75, 37, 20, 9, 86, 65, 10, 22, 13, 91, 48, 2, 40, 36, 89, 60, 0]]"
uniform,n100_m2_r01.txt,data\mtsp\generated\n100_m2_r01.txt,100,2,lkh-wrapper-v3,872.5016278231517,0.01446,0.014446,True,"[{""name"": ""lkh-wrapper-v3"", ""objective"": 872.5016278231517, ""time"": 0.014446, ""valid"": true}]","[[0, 95, 61, 74, 48, 73, 58, 52, 55, 80, 39, 83, 29, 98, 38, 4, 25, 71, 5, 76, 99, 72, 11, 31, 42, 2, 40, 36, 43, 70, 16, 18, 78, 64, 1, 32, 15, 97, 67, 51, 34, 17, 93, 44, 28, 79, 24, 23, 82, 85, 45, 27, 69, 21, 3, 14, 90, 77, 62, 88, 46, 35, 50, 53, 26, 7, 54, 68, 66, 81, 63, 49, 12, 41, 87, 57, 33, 96, 30, 6, 56, 94, 0], [0, 8, 19, 20, 9, 86, 65, 37, 75, 92, 13, 10, 22, 91, 59, 47, 84, 89, 60, 0]]"
uniform,n100_m2_r02.txt,data\mtsp\generated\n100_m2_r02.txt,100,2,rand+nn,1358.4243359574964,0.000463,0.000456,True,"[{""name"": ""rand+nn"", ""objective"": 1358.4243359574964, ""time"": 0.000456, ""valid"": true}]","[[0, 48, 76, 73, 57, 59, 84, 8, 7, 17, 15, 20, 32, 10, 87, 54, 13, 14, 38, 37, 26, 91, 62, 60, 27, 75, 18, 69, 77, 23, 89, 55, 19, 66, 22, 81, 80, 24, 42, 53, 97, 74, 51, 83, 86, 44, 99, 52, 93, 31, 40, 0], [0, 92, 65, 56, 94, 4, 28, 85, 35, 90, 79, 29, 30, 67, 36, 43, 96, 49, 95, 5, 39, 64, 61, 1, 98, 71, 47, 16, 12, 72, 70, 68, 78, 34, 33, 9, 2, 82, 25, 21, 6, 3, 58, 45, 41, 11, 88, 50, 46, 63, 0]]"
uniform,n100_m2_r02.txt,data\mtsp\generated\n100_m2_r02.txt,100,2,2opt+greed,932.6367718849003,0.000795,0.000787,True,"[{""name"": ""2opt+greed"", ""objective"": 932.6367718849003, ""time"": 0.000787, ""valid"": true}]","[[0, 88, 50, 24, 42, 9, 44, 58, 80, 3, 45, 22, 66, 11, 55, 19, 89, 91, 62, 63, 46, 38, 37, 26, 14, 96, 69, 49, 77, 95, 23, 5, 20, 32, 61, 15, 39, 17, 64, 7, 10, 87, 28, 85, 36, 94, 4, 54, 13, 43, 48, 0], [0, 56, 65, 92, 76, 73, 67, 30, 57, 90, 59, 35, 84, 8, 79, 29, 40, 31, 47, 16, 93, 12, 70, 72, 52, 68, 78, 99, 71, 34, 33, 2, 51, 82, 25, 86, 21, 83, 6, 81, 41, 27, 75, 18, 60, 74, 98, 97, 1, 53, 0]]"
uniform,n100_m2_r02.txt,data\mtsp\generated\n100_m2_r02.txt,100,2,grasp,832.7430097960223,0.344158,0.344147,True,"[{""name"": ""grasp"", ""objective"": 832.7430097960223, ""time"": 0.344147, ""valid"": true}]","[[0, 48, 43, 13, 54, 87, 5, 23, 95, 77, 49, 69, 96, 14, 38, 46, 63, 75, 18, 37, 26, 60, 27, 62, 91, 11, 41, 81, 22, 45, 66, 19, 55, 89, 88, 50, 80, 58, 3, 6, 83, 21, 86, 25, 82, 51, 2, 74, 24, 42, 53, 0], [0, 92, 76, 1, 97, 98, 71, 34, 33, 9, 44, 99, 78, 68, 52, 72, 70, 12, 93, 16, 47, 31, 40, 29, 79, 8, 7, 17, 64, 15, 61, 32, 20, 39, 10, 84, 85, 28, 4, 94, 36, 59, 35, 90, 57, 30, 67, 73, 65, 56, 0]]"
uniform,n100_m2_r02.txt,data\mtsp\generated\n100_m2_r02.txt,100,2,lkh-wrapper,858.1991388060242,0.011533,0.011521,True,"[{""name"": ""lkh-wrapper"", ""objective"": 858.1991388060242, ""time"": 0.011521, ""valid"": true}]","[[0, 48, 43, 13, 54, 28, 4, 94, 36, 85, 87, 10, 7, 64, 17, 39, 15, 61, 32, 20, 5, 23, 95, 77, 49, 69, 96, 14, 38, 46, 37, 26, 60, 62, 91, 89, 19, 55, 11, 66, 22, 45, 3, 51, 2, 74, 58, 80, 24, 50, 88, 0], [0, 18, 63, 75, 27, 41, 81, 6, 83, 21, 86, 25, 82, 44, 9, 33, 34, 42, 53, 1, 97, 98, 71, 99, 78, 68, 52, 72, 70, 12, 93, 16, 47, 31, 40, 29, 79, 8, 84, 35, 59, 90, 57, 30, 67, 73, 76, 92, 65, 56, 0]]"
uniform,n100_m2_r02.txt,data\mtsp\generated\n100_m2_r02.txt,100,2,lkh-wrapper-v1,858.1991388060242,0.011437,0.011427,True,"[{""name"": ""lkh-wrapper-v1"", ""objective"": 858.1991388060242, ""time"": 0.011427, ""valid"": true}]","[[0, 48, 43, 13, 54, 28, 4, 94, 36, 85, 87, 10, 7, 64, 17, 39, 15, 61, 32, 20, 5, 23, 95, 77, 49, 69, 96, 14, 38, 46, 37, 26, 60, 62, 91, 89, 19, 55, 11, 66, 22, 45, 3, 51, 2, 74, 58, 80, 24, 50, 88, 0], [0, 18, 63, 75, 27, 41, 81, 6, 83, 21, 86, 25, 82, 44, 9, 33, 34, 42, 53, 1, 97, 98, 71, 99, 78, 68, 52, 72, 70, 12, 93, 16, 47, 31, 40, 29, 79, 8, 84, 35, 59, 90, 57, 30, 67, 73, 76, 92, 65, 56, 0]]"
uniform,n100_m2_r02.txt,data\mtsp\generated\n100_m2_r02.txt,100,2,lkh-wrapper-v2,789.2844420097781,0.004359,0.00435,True,"[{""name"": ""lkh-wrapper-v2"", ""objective"": 789.2844420097781, ""time"": 0.00435, ""valid"": true}]","[[0, 56, 65, 92, 76, 73, 67, 30, 57, 90, 59, 35, 84, 85, 36, 94, 4, 28, 13, 54, 87, 10, 39, 20, 32, 61, 15, 64, 17, 7, 8, 79, 29, 40, 31, 47, 16, 93, 12, 70, 72, 52, 68, 78, 99, 71, 98, 97, 1, 53, 50, 24, 42, 74, 34, 33, 9, 44, 2, 51, 82, 25, 86, 21, 83, 6, 81, 41, 60, 27, 75, 63, 18, 46, 38, 37, 26, 62, 91, 89, 19, 55, 11, 66, 22, 45, 3, 58, 80, 88, 0], [0, 48, 43, 14, 96, 69, 49, 77, 95, 23, 5, 0]]"
uniform,n100_m2_r02.txt,data\mtsp\generated\n100_m2_r02.txt,100,2,lkh-wrapper-v3,816.9467273253285,0.005391,0.005382,True,"[{""name"": ""lkh-wrapper-v3"", ""objective"": 816.9467273253285, ""time"": 0.005382, ""valid"": true}]","[[0, 56, 65, 92, 76, 73, 67, 30, 57, 90, 59, 35, 84, 85, 36, 94, 4, 28, 13, 54, 87, 10, 39, 20, 32, 61, 15, 64, 17, 7, 8, 79, 29, 40, 31, 47, 16, 93, 12, 70, 72, 52, 68, 78, 99, 71, 98, 97, 1, 53, 42, 74, 34, 33, 9, 44, 2, 51, 82, 25, 86, 21, 83, 6, 81, 41, 11, 55, 19, 89, 91, 62, 27, 60, 37, 26, 88, 66, 22, 45, 3, 58, 80, 24, 50, 0], [0, 75, 63, 18, 46, 38, 69, 49, 77, 95, 23, 5, 96, 14, 43, 48, 0]]"
uniform,n100_m2_r03.txt,data\mtsp\generated\n100_m2_r03.txt,100,2,rand+nn,1367.3433527225297,0.000471,0.000464,True,"[{""name"": ""rand+nn"", ""objective"": 1367.3433527225297, ""time"": 0.000464, ""valid"": true}]","[[0, 48, 37, 10, 42, 31, 57, 18, 74, 59, 13, 20, 51, 91, 86, 69, 26, 87, 22, 17, 93, 55, 76, 54, 40, 60, 19, 8, 81, 89, 73, 52, 66, 77, 84, 44, 23, 83, 38, 62, 97, 14, 24, 32, 53, 99, 7, 75, 27, 15, 80, 0], [0, 78, 67, 45, 61, 46, 96, 82, 63, 39, 30, 35, 29, 16, 33, 5, 64, 34, 49, 2, 11, 4, 65, 58, 47, 79, 12, 21, 6, 95, 88, 9, 92, 3, 50, 56, 1, 72, 90, 98, 71, 41, 85, 28, 25, 36, 43, 94, 70, 68, 0]]"
uniform,n100_m2_r03.txt,data\mtsp\generated\n100_m2_r03.txt,100,2,2opt+greed,948.0796119023905,0.000579,0.000571,True,"[{""name"": ""2opt+greed"", ""objective"": 948.0796119023905, ""time"": 0.000571, ""valid"": true}]","[[0, 10, 78, 48, 45, 46, 30, 35, 77, 29, 66, 52, 84, 44, 23, 83, 16, 33, 5, 64, 81, 8, 19, 60, 40, 54, 70, 49, 2, 11, 76, 4, 31, 3, 93, 55, 58, 65, 27, 15, 75, 79, 47, 12, 7, 6, 21, 17, 95, 51, 50, 0], [0, 67, 37, 61, 96, 82, 38, 62, 97, 14, 39, 63, 24, 94, 99, 53, 43, 32, 36, 25, 56, 1, 91, 86, 72, 69, 98, 90, 71, 26, 22, 87, 28, 85, 41, 20, 13, 59, 18, 74, 9, 88, 92, 68, 80, 89, 73, 34, 42, 57, 0]]"
uniform,n100_m2_r03.txt,data\mtsp\generated\n100_m2_r03.txt,100,2,grasp,850.1971151276061,0.288011,0.287996,True,"[{""name"": ""grasp"", ""objective"": 850.1971151276061, ""time"": 0.287996, ""valid"": true}]","[[0, 48, 37, 45, 46, 38, 62, 30, 35, 77, 29, 66, 52, 84, 44, 23, 83, 16, 33, 73, 89, 5, 64, 81, 8, 19, 60, 70, 54, 40, 80, 68, 27, 15, 75, 79, 47, 7, 6, 21, 12, 17, 55, 58, 65, 11, 49, 34, 2, 76, 4, 0], [0, 78, 67, 61, 96, 82, 39, 97, 14, 63, 24, 94, 99, 53, 43, 32, 36, 1, 91, 86, 72, 69, 98, 90, 71, 26, 22, 87, 28, 85, 41, 20, 13, 59, 95, 93, 31, 3, 42, 10, 57, 92, 88, 9, 74, 18, 51, 50, 56, 25, 0]]"
uniform,n100_m2_r03.txt,data\mtsp\generated\n100_m2_r03.txt,100,2,lkh-wrapper,918.5185969037366,0.009258,0.009245,True,"[{""name"": ""lkh-wrapper"", ""objective"": 918.5185969037366, ""time"": 0.009245, ""valid"": true}]","[[0, 78, 10, 50, 51, 3, 31, 93, 17, 95, 21, 6, 12, 7, 79, 75, 15, 27, 47, 65, 58, 55, 4, 76, 11, 2, 49, 70, 54, 40, 60, 19, 8, 81, 64, 5, 33, 16, 83, 23, 44, 84, 52, 66, 29, 77, 35, 30, 61, 37, 48, 0], [0, 67, 73, 89, 80, 68, 34, 42, 57, 18, 74, 92, 88, 9, 59, 13, 20, 41, 85, 28, 87, 22, 26, 71, 98, 69, 90, 91, 86, 72, 1, 56, 25, 36, 32, 43, 53, 99, 94, 24, 63, 39, 14, 97, 62, 38, 82, 96, 46, 45, 0]]"
uniform,n100_m2_r03.txt,data\mtsp\generated\n100_m2_r03.txt,100,2,lkh-wrapper-v1,918.5185969037366,0.007189,0.007181,True,"[{""name"": ""lkh-wrapper-v1"", ""objective"": 918.5185969037366, ""time"": 0.007181, ""valid"": true}]","[[0, 78, 10, 50, 51, 3, 31, 93, 17, 95, 21, 6, 12, 7, 79, 75, 15, 27, 47, 65, 58, 55, 4, 76, 11, 2, 49, 70, 54, 40, 60, 19, 8, 81, 64, 5, 33, 16, 83, 23, 44, 84, 52, 66, 29, 77, 35, 30, 61, 37, 48, 0], [0, 67, 73, 89, 80, 68, 34, 42, 57, 18, 74, 92, 88, 9, 59, 13, 20, 41, 85, 28, 87, 22, 26, 71, 98, 69, 90, 91, 86, 72, 1, 56, 25, 36, 32, 43, 53, 99, 94, 24, 63, 39, 14, 97, 62, 38, 82, 96, 46, 45, 0]]"
uniform,n100_m2_r03.txt,data\mtsp\generated\n100_m2_r03.txt,100,2,lkh-wrapper-v2,785.9856945291924,0.005201,0.005193,True,"[{""name"": ""lkh-wrapper-v2"", ""objective"": 785.9856945291924, ""time"": 0.005193, ""valid"": true}]","[[0, 57, 25, 36, 32, 43, 53, 99, 94, 24, 63, 82, 39, 14, 97, 62, 38, 35, 77, 29, 66, 52, 73, 89, 33, 16, 83, 23, 44, 84, 30, 96, 46, 61, 45, 37, 48, 67, 78, 0], [0, 92, 88, 9, 74, 18, 51, 50, 56, 1, 91, 86, 72, 69, 98, 90, 71, 26, 22, 87, 28, 85, 41, 20, 13, 59, 95, 17, 93, 12, 21, 6, 7, 47, 79, 75, 15, 27, 68, 80, 40, 54, 70, 60, 19, 8, 81, 5, 64, 34, 49, 2, 11, 76, 4, 65, 58, 55, 31, 3, 42, 10, 0]]"
uniform,n100_m2_r03.txt,data\mtsp\generated\n100_m2_r03.txt,100,2,lkh-wrapper-v3,788.2675737185205,0.004546,0.004537,True,"[{""name"": ""lkh-wrapper-v3"", ""objective"": 788.2675737185205, ""time"": 0.004537, ""valid"": true}]","[[0, 78, 67, 83, 44, 23, 16, 33, 89, 73, 52, 66, 29, 77, 35, 84, 30, 61, 37, 48, 45, 46, 96, 38, 62, 97, 14, 39, 82, 63, 24, 94, 99, 53, 43, 32, 36, 25, 57, 0], [0, 10, 42, 3, 31, 55, 58, 65, 4, 76, 11, 2, 49, 34, 64, 5, 81, 8, 19, 60, 70, 54, 40, 80, 68, 27, 15, 75, 79, 47, 7, 6, 21, 12, 93, 17, 95, 59, 13, 20, 41, 85, 28, 87, 22, 26, 71, 90, 98, 69, 72, 86, 91, 1, 56, 50, 51, 18, 74, 9, 88, 92, 0]]"
uniform,n100_m2_r04.txt,data\mtsp\generated\n100_m2_r04.txt,100,2,rand+nn,1381.0351135962424,0.000476,0.000468,True,"[{""name"": ""rand+nn"", ""objective"": 1381.0351135962424, ""time"": 0.000468, ""valid"": true}]","[[0, 27, 62, 52, 81, 18, 76, 69, 23, 10, 91, 24, 66, 15, 77, 57, 53, 87, 26, 60, 86, 17, 74, 19, 75, 73, 51, 97, 32, 44, 37, 48, 40, 31, 13, 38, 55, 22, 93, 14, 8, 42, 80, 89, 54, 20, 83, 59, 7, 84, 99, 0], [0, 33, 21, 58, 56, 16, 88, 3, 65, 72, 41, 95, 90, 46, 50, 12, 1, 29, 9, 67, 92, 39, 78, 98, 82, 6, 36, 30, 70, 2, 45, 43, 79, 25, 49, 64, 94, 5, 47, 71, 68, 35, 85, 34, 28, 63, 11, 4, 61, 96, 0]]"
uniform,n100_m2_r04.txt,data\mtsp\generated\n100_m2_r04.txt,100,2,2opt+greed,1012.992957103306,0.000649,0.000641,True,"[{""name"": ""2opt+greed"", ""objective"": 1012.992957103306, ""time"": 0.000641, ""valid"": true}]","[[0, 19, 39, 92, 63, 48, 31, 75, 9, 84, 50, 46, 12, 1, 29, 51, 97, 32, 61, 11, 4, 55, 95, 38, 13, 90, 56, 7, 22, 93, 41, 14, 8, 65, 72, 42, 3, 80, 89, 54, 20, 88, 16, 83, 58, 59, 21, 62, 23, 33, 27, 0], [0, 35, 68, 10, 5, 47, 71, 52, 81, 18, 96, 76, 69, 94, 64, 49, 25, 79, 91, 43, 24, 45, 66, 2, 70, 30, 53, 87, 28, 57, 36, 77, 26, 60, 86, 17, 6, 82, 74, 98, 78, 15, 85, 34, 99, 67, 73, 40, 37, 44, 0]]"
uniform,n100_m2_r04.txt,data\mtsp\generated\n100_m2_r04.txt,100,2,grasp,904.8081946749394,0.283708,0.283697,True,"[{""name"": ""grasp"", ""objective"": 904.8081946749394, ""time"": 0.283697, ""valid"": true}]","[[0, 27, 33, 21, 59, 83, 16, 88, 93, 14, 8, 72, 65, 41, 22, 7, 56, 58, 90, 13, 38, 95, 55, 4, 11, 61, 32, 97, 51, 44, 31, 48, 37, 40, 63, 73, 75, 92, 39, 19, 6, 98, 78, 67, 9, 29, 1, 12, 46, 50, 84, 0], [0, 99, 34, 15, 77, 36, 57, 74, 82, 17, 86, 60, 26, 28, 87, 53, 30, 70, 2, 45, 24, 43, 91, 79, 25, 49, 64, 23, 94, 69, 76, 96, 54, 80, 42, 3, 89, 20, 18, 81, 52, 62, 71, 47, 5, 10, 68, 66, 85, 35, 0]]"
uniform,n100_m2_r04.txt,data\mtsp\generated\n100_m2_r04.txt,100,2,lkh-wrapper,912.542360535148,0.019722,0.019701,True,"[{""name"": ""lkh-wrapper"", ""objective"": 912.542360535148, ""time"": 0.019701, ""valid"": true}]","[[0, 27, 33, 62, 21, 59, 83, 16, 88, 20, 96, 54, 89, 80, 3, 42, 72, 65, 8, 14, 41, 93, 22, 7, 56, 58, 90, 13, 38, 95, 55, 4, 11, 61, 32, 44, 31, 48, 37, 73, 29, 92, 39, 19, 75, 9, 1, 12, 46, 50, 84, 0], [0, 67, 51, 97, 40, 63, 17, 86, 60, 26, 6, 82, 74, 78, 98, 77, 36, 57, 28, 87, 53, 30, 70, 2, 66, 45, 24, 43, 91, 79, 25, 49, 64, 23, 94, 69, 76, 18, 81, 52, 71, 47, 5, 10, 68, 35, 85, 15, 34, 99, 0]]"
uniform,n100_m2_r04.txt,data\mtsp\generated\n100_m2_r04.txt,100,2,lkh-wrapper-v1,912.542360535148,0.020265,0.02025,True,"[{""name"": ""lkh-wrapper-v1"", ""objective"": 912.542360535148, ""time"": 0.02025, ""valid"": true}]","[[0, 27, 33, 62, 21, 59, 83, 16, 88, 20, 96, 54, 89, 80, 3, 42, 72, 65, 8, 14, 41, 93, 22, 7, 56, 58, 90, 13, 38, 95, 55, 4, 11, 61, 32, 44, 31, 48, 37, 73, 29, 92, 39, 19, 75, 9, 1, 12, 46, 50, 84, 0], [0, 67, 51, 97, 40, 63, 17, 86, 60, 26, 6, 82, 74, 78, 98, 77, 36, 57, 28, 87, 53, 30, 70, 2, 66, 45, 24, 43, 91, 79, 25, 49, 64, 23, 94, 69, 76, 18, 81, 52, 71, 47, 5, 10, 68, 35, 85, 15, 34, 99, 0]]"
uniform,n100_m2_r04.txt,data\mtsp\generated\n100_m2_r04.txt,100,2,lkh-wrapper-v2,864.7970439419583,0.005912,0.005905,True,"[{""name"": ""lkh-wrapper-v2"", ""objective"": 864.7970439419583, ""time"": 0.005905, ""valid"": true}]","[[0, 27, 33, 62, 71, 47, 5, 10, 68, 43, 91, 79, 25, 49, 64, 23, 94, 69, 76, 18, 81, 52, 83, 16, 7, 56, 58, 59, 21, 0], [0, 84, 50, 46, 13, 90, 22, 88, 20, 96, 54, 89, 80, 3, 42, 72, 65, 8, 14, 93, 41, 55, 95, 38, 4, 11, 61, 32, 97, 51, 44, 31, 48, 37, 40, 63, 73, 29, 12, 1, 9, 67, 75, 92, 39, 19, 78, 98, 74, 82, 6, 17, 86, 60, 26, 57, 28, 87, 53, 30, 36, 77, 2, 70, 45, 24, 66, 35, 85, 15, 34, 99, 0]]"
uniform,n100_m2_r04.txt,data\mtsp\generated\n100_m2_r04.txt,100,2,lkh-wrapper-v3,870.4861391895942,0.00554,0.005528,True,"[{""name"": ""lkh-wrapper-v3"", ""objective"": 870.4861391895942, ""time"": 0.005528, ""valid"": true}]","[[0, 27, 33, 62, 71, 47, 5, 10, 68, 43, 91, 79, 25, 49, 64, 23, 94, 69, 76, 18, 81, 52, 83, 16, 7, 56, 58, 59, 21, 0], [0, 84, 50, 46, 13, 90, 88, 20, 96, 54, 89, 80, 3, 42, 72, 65, 8, 14, 41, 93, 22, 38, 95, 55, 4, 11, 61, 32, 97, 51, 44, 31, 48, 37, 40, 63, 73, 29, 12, 1, 9, 67, 75, 92, 39, 19, 6, 17, 86, 60, 26, 82, 74, 98, 77, 36, 57, 28, 87, 53, 30, 70, 2, 45, 24, 66, 35, 85, 15, 78, 34, 99, 0]]"
uniform,n100_m2_r05.txt,data\mtsp\generated\n100_m2_r05.txt,100,2,rand+nn,1395.070440677321,0.000462,0.000455,True,"[{""name"": ""rand+nn"", ""objective"": 1395.070440677321, ""time"": 0.000455, ""valid"": true}]","[[0, 14, 77, 69, 31, 93, 38, 40, 60, 27, 26, 15, 51, 48, 17, 59, 99, 7, 84, 32, 44, 55, 86, 42, 52, 66, 37, 24, 8, 20, 76, 73, 62, 10, 22, 81, 74, 97, 91, 80, 18, 83, 75, 13, 53, 87, 57, 23, 19, 54, 89, 0], [0, 64, 70, 50, 95, 47, 92, 5, 61, 72, 2, 12, 90, 46, 82, 65, 4, 11, 36, 3, 78, 43, 71, 21, 30, 9, 98, 96, 63, 58, 68, 34, 79, 41, 88, 1, 67, 94, 45, 6, 49, 25, 33, 39, 35, 29, 56, 85, 28, 16, 0]]"
uniform,n100_m2_r05.txt,data\mtsp\generated\n100_m2_r05.txt,100,2,2opt+greed,883.5679334132806,0.000557,0.000549,True,"[{""name"": ""2opt+greed"", ""objective"": 883.5679334132806, ""time"": 0.000549, ""valid"": true}]","[[0, 64, 22, 85, 28, 10, 56, 62, 73, 60, 92, 5, 47, 27, 1, 26, 58, 15, 63, 96, 17, 59, 99, 98, 91, 97, 71, 55, 43, 78, 52, 3, 66, 16, 8, 11, 37, 36, 42, 86, 44, 32, 84, 81, 74, 21, 30, 9, 7, 69, 70, 0], [0, 14, 77, 31, 93, 38, 34, 68, 48, 51, 88, 41, 79, 67, 94, 45, 6, 57, 49, 25, 87, 29, 33, 39, 35, 53, 13, 75, 23, 19, 89, 54, 24, 4, 65, 82, 76, 20, 46, 80, 18, 83, 90, 12, 72, 61, 2, 40, 95, 50, 0]]"
uniform,n100_m2_r05.txt,data\mtsp\generated\n100_m2_r05.txt,100,2,grasp,861.7080995982009,0.299759,0.299748,True,"[{""name"": ""grasp"", ""objective"": 861.7080995982009, ""time"": 0.299748, ""valid"": true}]","[[0, 40, 95, 47, 60, 61, 2, 72, 18, 83, 13, 39, 29, 35, 53, 75, 23, 19, 54, 89, 20, 76, 82, 65, 4, 11, 24, 8, 16, 37, 36, 66, 52, 78, 3, 42, 86, 32, 44, 43, 55, 71, 74, 81, 21, 84, 22, 28, 10, 64, 14, 0], [0, 70, 77, 69, 31, 7, 9, 30, 97, 91, 98, 99, 59, 17, 96, 63, 15, 58, 51, 88, 48, 68, 34, 41, 79, 26, 1, 38, 93, 50, 27, 5, 92, 67, 94, 45, 6, 57, 49, 25, 87, 33, 90, 12, 80, 46, 73, 56, 85, 62, 0]]"
uniform,n100_m2_r05.txt,data\mtsp\generated\n100_m2_r05.txt,100,2,lkh-wrapper,862.2690799716593,0.006913,0.006901,True,"[{""name"": ""lkh-wrapper"", ""objective"": 862.2690799716593, ""time"": 0.006901, ""valid"": true}]","[[0, 70, 77, 7, 9, 30, 21, 97, 91, 98, 99, 59, 17, 96, 63, 15, 58, 26, 1, 27, 47, 5, 92, 60, 73, 56, 42, 3, 36, 37, 11, 8, 16, 66, 52, 78, 43, 55, 71, 74, 81, 84, 32, 44, 86, 22, 85, 28, 10, 62, 64, 0], [0, 50, 95, 40, 2, 61, 72, 12, 90, 83, 18, 80, 46, 20, 76, 82, 65, 4, 24, 54, 89, 19, 23, 75, 13, 53, 35, 29, 39, 33, 87, 25, 49, 57, 6, 45, 94, 67, 41, 79, 34, 68, 48, 88, 51, 38, 93, 31, 69, 14, 0]]"
uniform,n100_m2_r05.txt,data\mtsp\generated\n100_m2_r05.txt,100,2,lkh-wrapper-v1,862.2690799716593,0.006541,0.006521,True,"[{""name"": ""lkh-wrapper-v1"", ""objective"": 862.2690799716593, ""time"": 0.006521, ""valid"": true}]","[[0, 70, 77, 7, 9, 30, 21, 97, 91, 98, 99, 59, 17, 96, 63, 15, 58, 26, 1, 27, 47, 5, 92, 60, 73, 56, 42, 3, 36, 37, 11, 8, 16, 66, 52, 78, 43, 55, 71, 74, 81, 84, 32, 44, 86, 22, 85, 28, 10, 62, 64, 0], [0, 50, 95, 40, 2, 61, 72, 12, 90, 83, 18, 80, 46, 20, 76, 82, 65, 4, 24, 54, 89, 19, 23, 75, 13, 53, 35, 29, 39, 33, 87, 25, 49, 57, 6, 45, 94, 67, 41, 79, 34, 68, 48, 88, 51, 38, 93, 31, 69, 14, 0]]"
uniform,n100_m2_r05.txt,data\mtsp\generated\n100_m2_r05.txt,100,2,lkh-wrapper-v2,873.5664259371681,0.007177,0.00717,True,"[{""name"": ""lkh-wrapper-v2"", ""objective"": 873.5664259371681, ""time"": 0.00717, ""valid"": true}]","[[0, 26, 58, 34, 68, 48, 88, 51, 15, 63, 96, 17, 59, 99, 7, 9, 30, 21, 81, 74, 71, 44, 32, 43, 55, 78, 52, 3, 42, 86, 22, 85, 28, 10, 62, 64, 0], [0, 50, 93, 38, 1, 79, 41, 27, 5, 92, 47, 95, 40, 2, 12, 80, 46, 18, 83, 90, 72, 61, 60, 67, 94, 45, 6, 57, 49, 25, 87, 29, 33, 39, 35, 53, 13, 75, 23, 19, 54, 89, 20, 24, 8, 16, 66, 36, 37, 11, 4, 65, 82, 76, 73, 56, 84, 97, 91, 98, 31, 69, 70, 77, 14, 0]]"
uniform,n100_m2_r05.txt,data\mtsp\generated\n100_m2_r05.txt,100,2,lkh-wrapper-v3,875.6162357227361,0.007054,0.007043,True,"[{""name"": ""lkh-wrapper-v3"", ""objective"": 875.6162357227361, ""time"": 0.007043, ""valid"": true}]","[[0, 64, 62, 10, 28, 85, 22, 32, 44, 86, 42, 3, 52, 78, 43, 55, 71, 74, 81, 21, 30, 9, 7, 99, 59, 17, 96, 63, 15, 51, 88, 48, 68, 34, 58, 26, 0], [0, 14, 77, 70, 69, 31, 98, 91, 97, 84, 56, 73, 82, 37, 36, 66, 16, 8, 24, 11, 4, 65, 76, 20, 89, 54, 19, 23, 75, 13, 53, 35, 39, 33, 29, 87, 25, 49, 57, 6, 45, 94, 67, 60, 61, 72, 90, 83, 18, 46, 80, 12, 2, 40, 95, 47, 92, 5, 41, 79, 27, 1, 38, 93, 50, 0]]"
uniform,n100_m2_r06.txt,data\mtsp\generated\n100_m2_r06.txt,100,2,rand+nn,1319.1432353583946,0.000474,0.000466,True,"[{""name"": ""rand+nn"", ""objective"": 1319.1432353583946, ""time"": 0.000466, ""valid"": true}]","[[0, 89, 44, 91, 57, 31, 54, 62, 52, 20, 26, 86, 53, 51, 24, 32, 10, 40, 77, 83, 48, 23, 22, 59, 73, 18, 76, 38, 13, 42, 87, 19, 93, 27, 99, 15, 84, 80, 60, 14, 17, 66, 81, 97, 69, 75, 74, 55, 7, 8, 37, 0], [0, 2, 82, 21, 39, 68, 85, 72, 50, 65, 35, 29, 94, 96, 79, 98, 70, 92, 63, 16, 28, 56, 3, 5, 49, 67, 45, 88, 58, 43, 46, 47, 34, 11, 6, 9, 90, 30, 12, 1, 33, 4, 78, 25, 41, 95, 61, 64, 36, 71, 0]]"
uniform,n100_m2_r06.txt,data\mtsp\generated\n100_m2_r06.txt,100,2,2opt+greed,825.7249956574458,0.000599,0.000592,True,"[{""name"": ""2opt+greed"", ""objective"": 825.7249956574458, ""time"": 0.000592, ""valid"": true}]","[[0, 89, 58, 88, 46, 43, 48, 23, 22, 59, 9, 6, 11, 34, 83, 32, 36, 77, 40, 10, 64, 51, 61, 95, 24, 41, 25, 47, 45, 7, 67, 49, 5, 53, 26, 86, 20, 3, 52, 57, 16, 91, 63, 31, 54, 62, 56, 28, 92, 55, 44, 0], [0, 2, 82, 21, 69, 70, 75, 74, 66, 17, 60, 14, 79, 96, 37, 94, 29, 35, 8, 65, 87, 71, 42, 13, 1, 12, 38, 76, 18, 30, 73, 90, 78, 33, 19, 4, 93, 50, 27, 85, 99, 72, 15, 98, 84, 80, 97, 81, 68, 39, 0]]"
uniform,n100_m2_r06.txt,data\mtsp\generated\n100_m2_r06.txt,100,2,grasp,826.1864204546023,0.295306,0.295294,True,"[{""name"": ""grasp"", ""objective"": 826.1864204546023, ""time"": 0.295294, ""valid"": true}]","[[0, 44, 91, 57, 16, 63, 92, 31, 28, 54, 62, 56, 74, 75, 70, 69, 39, 68, 81, 66, 17, 60, 14, 84, 98, 80, 97, 15, 85, 72, 99, 27, 50, 8, 79, 96, 37, 94, 29, 35, 65, 87, 71, 42, 13, 1, 33, 19, 4, 93, 89, 0], [0, 78, 23, 12, 38, 76, 18, 30, 73, 90, 59, 22, 9, 6, 11, 34, 83, 32, 36, 64, 77, 40, 10, 51, 61, 95, 24, 41, 25, 47, 46, 43, 48, 58, 88, 45, 7, 67, 49, 86, 5, 53, 26, 20, 3, 52, 55, 21, 82, 2, 0]]"
uniform,n100_m2_r06.txt,data\mtsp\generated\n100_m2_r06.txt,100,2,lkh-wrapper,792.6607949647403,0.003687,0.00368,True,"[{""name"": ""lkh-wrapper"", ""objective"": 792.6607949647403, ""time"": 0.00368, ""valid"": true}]","[[0, 89, 58, 88, 45, 7, 49, 67, 25, 47, 46, 43, 48, 23, 22, 59, 9, 6, 11, 34, 83, 32, 36, 64, 77, 40, 10, 24, 41, 95, 51, 61, 5, 53, 26, 3, 52, 20, 86, 57, 16, 31, 54, 62, 56, 28, 92, 55, 63, 91, 44, 0], [0, 78, 90, 73, 30, 18, 76, 38, 12, 1, 13, 42, 71, 87, 33, 19, 4, 93, 50, 27, 85, 15, 72, 99, 8, 65, 35, 29, 94, 37, 96, 79, 98, 84, 14, 60, 80, 97, 81, 17, 66, 74, 75, 70, 69, 68, 39, 21, 82, 2, 0]]"
uniform,n100_m2_r06.txt,data\mtsp\generated\n100_m2_r06.txt,100,2,lkh-wrapper-v1,792.6607949647403,0.00432,0.00431,True,"[{""name"": ""lkh-wrapper-v1"", ""objective"": 792.6607949647403, ""time"": 0.00431, ""valid"": true}]","[[0, 89, 58, 88, 45, 7, 49, 67, 25, 47, 46, 43, 48, 23, 22, 59, 9, 6, 11, 34, 83, 32, 36, 64, 77, 40, 10, 24, 41, 95, 51, 61, 5, 53, 26, 3, 52, 20, 86, 57, 16, 31, 54, 62, 56, 28, 92, 55, 63, 91, 44, 0], [0, 78, 90, 73, 30, 18, 76, 38, 12, 1, 13, 42, 71, 87, 33, 19, 4, 93, 50, 27, 85, 15, 72, 99, 8, 65, 35, 29, 94, 37, 96, 79, 98, 84, 14, 60, 80, 97, 81, 17, 66, 74, 75, 70, 69, 68, 39, 21, 82, 2, 0]]"
uniform,n100_m2_r06.txt,data\mtsp\generated\n100_m2_r06.txt,100,2,lkh-wrapper-v2,769.804100709802,0.008796,0.008785,True,"[{""name"": ""lkh-wrapper-v2"", ""objective"": 769.804100709802, ""time"": 0.008785, ""valid"": true}]","[[0, 82, 93, 50, 27, 99, 72, 85, 15, 97, 81, 66, 17, 60, 14, 80, 84, 98, 79, 96, 37, 94, 29, 35, 8, 65, 4, 19, 33, 87, 71, 42, 13, 1, 12, 38, 76, 18, 30, 73, 90, 59, 22, 9, 6, 11, 83, 34, 47, 25, 32, 36, 64, 77, 40, 10, 95, 24, 41, 61, 51, 53, 3, 52, 20, 26, 86, 5, 49, 67, 7, 45, 88, 58, 46, 43, 48, 23, 78, 89, 0], [0, 2, 55, 92, 21, 39, 68, 69, 70, 75, 74, 56, 62, 54, 28, 31, 57, 16, 63, 91, 44, 0]]"
uniform,n100_m2_r06.txt,data\mtsp\generated\n100_m2_r06.txt,100,2,lkh-wrapper-v3,797.737410957116,0.007992,0.007981,True,"[{""name"": ""lkh-wrapper-v3"", ""objective"": 797.737410957116, ""time"": 0.007981, ""valid"": true}]","[[0, 89, 78, 23, 48, 43, 46, 58, 88, 45, 7, 67, 49, 5, 86, 26, 20, 3, 53, 51, 61, 41, 24, 95, 64, 10, 40, 77, 36, 32, 25, 47, 34, 83, 11, 6, 9, 22, 59, 90, 73, 30, 18, 76, 38, 12, 1, 13, 42, 71, 87, 33, 19, 4, 93, 50, 27, 65, 35, 29, 94, 37, 96, 79, 8, 99, 72, 85, 15, 98, 84, 80, 14, 60, 17, 66, 97, 81, 21, 0], [0, 82, 39, 68, 69, 70, 75, 74, 56, 62, 54, 52, 57, 16, 31, 28, 92, 55, 63, 91, 44, 2, 0]]"
uniform,n100_m2_r07.txt,data\mtsp\generated\n100_m2_r07.txt,100,2,rand+nn,1292.7580420041609,0.000495,0.000488,True,"[{""name"": ""rand+nn"", ""objective"": 1292.7580420041609, ""time"": 0.000488, ""valid"": true}]","[[0, 97, 86, 13, 23, 40, 8, 69, 32, 51, 10, 57, 53, 91, 66, 19, 17, 52, 38, 99, 87, 89, 74, 83, 31, 20, 59, 81, 54, 14, 73, 84, 15, 37, 80, 75, 77, 26, 22, 18, 93, 24, 42, 48, 60, 55, 44, 76, 7, 62, 27, 0], [0, 68, 70, 4, 63, 88, 39, 98, 50, 5, 90, 16, 67, 35, 29, 92, 95, 96, 36, 33, 21, 85, 79, 34, 9, 49, 2, 25, 65, 3, 72, 1, 6, 58, 82, 61, 30, 12, 11, 43, 78, 71, 28, 94, 46, 47, 56, 41, 64, 45, 0]]"
uniform,n100_m2_r07.txt,data\mtsp\generated\n100_m2_r07.txt,100,2,2opt+greed,1079.2942546421425,0.000565,0.000558,True,"[{""name"": ""2opt+greed"", ""objective"": 1079.2942546421425, ""time"": 0.000558, ""valid"": true}]","[[0, 68, 70, 86, 48, 42, 43, 78, 76, 30, 93, 61, 18, 82, 58, 22, 6, 1, 72, 3, 65, 24, 25, 71, 74, 28, 59, 94, 46, 47, 26, 15, 84, 80, 64, 45, 62, 27, 16, 35, 29, 10, 95, 67, 66, 17, 52, 99, 87, 88, 89, 0], [0, 83, 31, 20, 81, 54, 14, 73, 56, 41, 37, 75, 77, 39, 98, 7, 90, 50, 5, 38, 19, 91, 53, 57, 92, 51, 96, 79, 85, 34, 44, 55, 9, 49, 60, 11, 12, 2, 23, 13, 40, 21, 8, 33, 69, 36, 32, 63, 4, 97, 0]]"
uniform,n100_m2_r07.txt,data\mtsp\generated\n100_m2_r07.txt,100,2,grasp,767.8393179843606,0.305248,0.305237,True,"[{""name"": ""grasp"", ""objective"": 767.8393179843606, ""time"": 0.305237, ""valid"": true}]","[[0, 68, 97, 86, 2, 42, 48, 24, 12, 11, 43, 78, 76, 30, 93, 61, 18, 82, 58, 22, 6, 94, 54, 46, 14, 47, 73, 26, 15, 84, 37, 56, 41, 80, 75, 64, 77, 45, 74, 59, 81, 20, 28, 31, 83, 1, 72, 3, 65, 25, 71, 0], [0, 13, 23, 60, 49, 9, 55, 44, 34, 79, 85, 40, 21, 8, 33, 69, 32, 36, 96, 95, 51, 92, 10, 29, 57, 35, 53, 67, 91, 66, 19, 17, 16, 90, 27, 62, 7, 50, 5, 98, 39, 89, 88, 87, 99, 38, 52, 63, 4, 70, 0]]"
uniform,n100_m2_r07.txt,data\mtsp\generated\n100_m2_r07.txt,100,2,lkh-wrapper,948.71687250079,0.0311,0.031084,True,"[{""name"": ""lkh-wrapper"", ""objective"": 948.71687250079, ""time"": 0.031084, ""valid"": true}]","[[0, 70, 4, 89, 88, 87, 5, 99, 52, 17, 90, 16, 91, 67, 57, 29, 10, 96, 13, 23, 2, 42, 25, 65, 3, 72, 93, 30, 43, 78, 76, 61, 18, 82, 58, 22, 6, 1, 59, 81, 14, 46, 47, 26, 15, 84, 37, 56, 45, 74, 71, 0], [0, 68, 97, 86, 48, 24, 11, 12, 60, 49, 9, 55, 44, 34, 79, 85, 40, 21, 8, 33, 69, 32, 36, 95, 51, 92, 35, 53, 66, 19, 63, 38, 50, 27, 62, 7, 98, 39, 77, 64, 75, 80, 41, 73, 54, 94, 20, 28, 31, 83, 0]]"
uniform,n100_m2_r07.txt,data\mtsp\generated\n100_m2_r07.txt,100,2,lkh-wrapper-v1,948.71687250079,0.031766,0.031753,True,"[{""name"": ""lkh-wrapper-v1"", ""objective"": 948.71687250079, ""time"": 0.031753, ""valid"": true}]","[[0, 70, 4, 89, 88, 87, 5, 99, 52, 17, 90, 16, 91, 67, 57, 29, 10, 96, 13, 23, 2, 42, 25, 65, 3, 72, 93, 30, 43, 78, 76, 61, 18, 82, 58, 22, 6, 1, 59, 81, 14, 46, 47, 26, 15, 84, 37, 56, 45, 74, 71, 0], [0, 68, 97, 86, 48, 24, 11, 12, 60, 49, 9, 55, 44, 34, 79, 85, 40, 21, 8, 33, 69, 32, 36, 95, 51, 92, 35, 53, 66, 19, 63, 38, 50, 27, 62, 7, 98, 39, 77, 64, 75, 80, 41, 73, 54, 94, 20, 28, 31, 83, 0]]"
uniform,n100_m2_r07.txt,data\mtsp\generated\n100_m2_r07.txt,100,2,lkh-wrapper-v2,793.3204281408724,0.004814,0.004805,True,"[{""name"": ""lkh-wrapper-v2"", ""objective"": 793.3204281408724, ""time"": 0.004805, ""valid"": true}]","[[0, 97, 86, 13, 23, 40, 21, 8, 33, 69, 32, 36, 57, 29, 10, 92, 51, 95, 96, 79, 85, 34, 44, 55, 9, 49, 60, 2, 42, 48, 24, 25, 83, 31, 28, 20, 59, 81, 94, 54, 46, 14, 47, 26, 15, 84, 37, 41, 56, 73, 45, 80, 75, 64, 77, 74, 89, 88, 87, 99, 5, 39, 98, 50, 7, 62, 27, 90, 16, 91, 53, 35, 67, 66, 19, 17, 52, 38, 63, 4, 70, 68, 0], [0, 71, 65, 3, 72, 1, 6, 22, 58, 82, 18, 61, 93, 30, 76, 78, 43, 11, 12, 0]]"
uniform,n100_m2_r07.txt,data\mtsp\generated\n100_m2_r07.txt,100,2,lkh-wrapper-v3,784.3083128959353,0.006047,0.006037,True,"[{""name"": ""lkh-wrapper-v3"", ""objective"": 784.3083128959353, ""time"": 0.006037, ""valid"": true}]","[[0, 68, 70, 4, 63, 52, 38, 99, 5, 87, 88, 89, 39, 98, 50, 7, 62, 27, 90, 16, 17, 19, 66, 91, 67, 53, 35, 57, 29, 10, 92, 51, 95, 96, 36, 32, 69, 33, 8, 21, 79, 85, 34, 44, 55, 9, 49, 60, 2, 23, 13, 40, 97, 86, 48, 42, 24, 25, 83, 31, 28, 20, 59, 81, 94, 54, 46, 14, 47, 26, 15, 84, 37, 80, 75, 64, 41, 56, 73, 45, 77, 74, 0], [0, 71, 65, 3, 72, 1, 6, 22, 58, 82, 18, 61, 93, 30, 76, 78, 43, 11, 12, 0]]"
uniform,n100_m2_r08.txt,data\mtsp\generated\n100_m2_r08.txt,100,2,rand+nn,1448.273205818628,0.000557,0.000548,True,"[{""name"": ""rand+nn"", ""objective"": 1448.273205818628, ""time"": 0.000548, ""valid"": true}]","[[0, 84, 51, 42, 24, 99, 40, 20, 60, 86, 26, 76, 62, 80, 83, 22, 73, 91, 81, 13, 57, 7, 69, 38, 15, 17, 19, 10, 14, 87, 53, 27, 44, 77, 59, 37, 32, 93, 89, 52, 31, 48, 55, 97, 8, 54, 18, 75, 23, 74, 66, 0], [0, 36, 78, 50, 68, 72, 33, 65, 4, 1, 16, 63, 6, 85, 56, 35, 21, 25, 79, 90, 29, 12, 30, 82, 70, 95, 5, 88, 61, 45, 94, 92, 34, 39, 71, 9, 28, 98, 67, 58, 11, 96, 2, 46, 49, 43, 41, 3, 47, 64, 0]]"
uniform,n100_m2_r08.txt,data\mtsp\generated\n100_m2_r08.txt,100,2,2opt+greed,966.3582487601541,0.00072,0.000712,True,"[{""name"": ""2opt+greed"", ""objective"": 966.3582487601541, ""time"": 0.000712, ""valid"": true}]","[[0, 36, 13, 76, 81, 96, 11, 93, 49, 37, 59, 43, 77, 44, 41, 27, 25, 79, 53, 90, 14, 74, 75, 18, 54, 55, 48, 31, 52, 56, 10, 19, 35, 17, 21, 15, 38, 69, 28, 9, 67, 98, 2, 46, 32, 58, 89, 71, 39, 57, 7, 0], [0, 30, 33, 65, 4, 42, 24, 82, 51, 72, 50, 78, 84, 68, 26, 5, 95, 86, 62, 80, 83, 22, 73, 34, 91, 94, 45, 61, 92, 88, 20, 60, 70, 40, 99, 64, 66, 47, 3, 97, 1, 16, 8, 63, 6, 23, 85, 12, 29, 87, 0]]"
uniform,n100_m2_r08.txt,data\mtsp\generated\n100_m2_r08.txt,100,2,grasp,855.3538126606497,0.289365,0.289354,True,"[{""name"": ""grasp"", ""objective"": 855.3538126606497, ""time"": 0.289354, ""valid"": true}]","[[0, 7, 57, 9, 28, 38, 69, 98, 67, 2, 46, 77, 44, 43, 59, 37, 49, 93, 32, 11, 96, 58, 89, 71, 39, 13, 76, 81, 80, 83, 22, 73, 34, 91, 94, 45, 61, 88, 92, 62, 5, 26, 95, 86, 20, 70, 60, 82, 51, 65, 55, 0], [0, 17, 21, 15, 27, 41, 25, 79, 53, 87, 90, 10, 19, 35, 14, 29, 12, 56, 52, 31, 48, 85, 74, 23, 6, 75, 18, 54, 8, 63, 3, 47, 66, 64, 40, 99, 16, 1, 97, 4, 24, 42, 33, 30, 72, 50, 68, 84, 78, 36, 0]]"
uniform,n100_m2_r08.txt,data\mtsp\generated\n100_m2_r08.txt,100,2,lkh-wrapper,862.3903381289863,0.01298,0.012967,True,"[{""name"": ""lkh-wrapper"", ""objective"": 862.3903381289863, ""time"": 0.012967, ""valid"": true}]","[[0, 52, 55, 54, 6, 75, 74, 48, 31, 56, 17, 21, 15, 35, 19, 10, 90, 87, 53, 79, 25, 27, 41, 44, 77, 43, 59, 37, 49, 46, 2, 32, 93, 11, 96, 58, 89, 67, 98, 69, 38, 28, 9, 71, 39, 57, 7, 13, 76, 26, 36, 0], [0, 78, 84, 50, 68, 95, 86, 5, 62, 81, 80, 83, 22, 73, 34, 91, 94, 45, 61, 92, 88, 20, 70, 60, 82, 51, 42, 24, 40, 99, 64, 66, 47, 3, 63, 18, 23, 12, 29, 14, 85, 8, 16, 1, 97, 4, 65, 33, 72, 30, 0]]"
uniform,n100_m2_r08.txt,data\mtsp\generated\n100_m2_r08.txt,100,2,lkh-wrapper-v1,862.3903381289863,0.013672,0.013659,True,"[{""name"": ""lkh-wrapper-v1"", ""objective"": 862.3903381289863, ""time"": 0.013659, ""valid"": true}]","[[0, 52, 55, 54, 6, 75, 74, 48, 31, 56, 17, 21, 15, 35, 19, 10, 90, 87, 53, 79, 25, 27, 41, 44, 77, 43, 59, 37, 49, 46, 2, 32, 93, 11, 96, 58, 89, 67, 98, 69, 38, 28, 9, 71, 39, 57, 7, 13, 76, 26, 36, 0], [0, 78, 84, 50, 68, 95, 86, 5, 62, 81, 80, 83, 22, 73, 34, 91, 94, 45, 61, 92, 88, 20, 70, 60, 82, 51, 42, 24, 40, 99, 64, 66, 47, 3, 63, 18, 23, 12, 29, 14, 85, 8, 16, 1, 97, 4, 65, 33, 72, 30, 0]]"
uniform,n100_m2_r08.txt,data\mtsp\generated\n100_m2_r08.txt,100,2,lkh-wrapper-v2,824.4996230943896,0.008201,0.008188,True,"[{""name"": ""lkh-wrapper-v2"", ""objective"": 824.4996230943896, ""time"": 0.008188, ""valid"": true}]","[[0, 28, 69, 38, 15, 21, 17, 35, 19, 10, 90, 87, 53, 79, 25, 27, 41, 44, 77, 43, 59, 37, 49, 46, 2, 98, 67, 32, 93, 11, 96, 58, 89, 71, 9, 39, 13, 57, 7, 36, 50, 24, 40, 99, 64, 66, 47, 3, 97, 1, 16, 63, 8, 54, 18, 75, 6, 23, 74, 85, 12, 29, 14, 56, 31, 48, 55, 52, 30, 0], [0, 78, 84, 68, 26, 95, 86, 5, 76, 62, 81, 80, 83, 22, 73, 34, 91, 94, 45, 61, 92, 88, 20, 70, 60, 82, 51, 42, 4, 65, 33, 72, 0]]"
uniform,n100_m2_r08.txt,data\mtsp\generated\n100_m2_r08.txt,100,2,lkh-wrapper-v3,826.8190594664243,0.007131,0.007121,True,"[{""name"": ""lkh-wrapper-v3"", ""objective"": 826.8190594664243, ""time"": 0.007121, ""valid"": true}]","[[0, 30, 52, 55, 48, 31, 56, 14, 29, 12, 85, 74, 23, 6, 75, 18, 54, 8, 63, 16, 1, 97, 3, 47, 66, 64, 99, 40, 24, 50, 13, 39, 71, 89, 58, 96, 11, 93, 32, 67, 98, 2, 46, 49, 37, 59, 43, 77, 44, 41, 27, 25, 79, 53, 87, 90, 10, 19, 35, 17, 21, 15, 38, 69, 28, 9, 57, 7, 36, 0], [0, 78, 84, 68, 26, 95, 86, 5, 76, 62, 81, 80, 83, 22, 73, 34, 91, 94, 45, 61, 92, 88, 20, 70, 60, 82, 51, 42, 4, 65, 33, 72, 0]]"
uniform,n100_m2_r09.txt,data\mtsp\generated\n100_m2_r09.txt,100,2,rand+nn,1286.674495338066,0.000497,0.000488,True,"[{""name"": ""rand+nn"", ""objective"": 1286.674495338066, ""time"": 0.000488, ""valid"": true}]","[[0, 60, 73, 62, 38, 20, 8, 32, 27, 83, 18, 14, 89, 81, 84, 23, 52, 13, 91, 48, 54, 59, 17, 69, 57, 44, 53, 24, 97, 7, 99, 40, 87, 93, 37, 86, 42, 15, 31, 75, 66, 76, 19, 55, 26, 51, 22, 80, 10, 77, 74, 0], [0, 70, 71, 33, 12, 98, 49, 41, 63, 29, 78, 64, 79, 4, 82, 1, 2, 3, 90, 6, 68, 35, 58, 95, 21, 9, 92, 34, 46, 30, 11, 67, 36, 47, 43, 65, 50, 56, 45, 61, 28, 16, 96, 39, 5, 94, 25, 88, 72, 85, 0]]"
uniform,n100_m2_r09.txt,data\mtsp\generated\n100_m2_r09.txt,100,2,2opt+greed,912.1733886602785,0.00058,0.000572,True,"[{""name"": ""2opt+greed"", ""objective"": 912.1733886602785, ""time"": 0.000572, ""valid"": true}]","[[0, 70, 33, 97, 43, 7, 47, 24, 53, 44, 12, 57, 98, 69, 49, 41, 79, 4, 54, 48, 82, 59, 26, 51, 22, 85, 80, 72, 10, 77, 1, 91, 17, 13, 52, 6, 84, 68, 23, 35, 45, 32, 61, 56, 8, 20, 38, 21, 58, 95, 9, 0], [0, 71, 60, 28, 16, 27, 83, 18, 96, 39, 5, 94, 25, 14, 89, 88, 81, 74, 2, 3, 90, 66, 63, 76, 19, 64, 78, 29, 55, 31, 15, 42, 50, 75, 86, 65, 37, 93, 36, 87, 40, 67, 99, 11, 30, 62, 46, 34, 92, 73, 0]]"
uniform,n100_m2_r09.txt,data\mtsp\generated\n100_m2_r09.txt,100,2,grasp,868.7825277349334,0.279917,0.279905,True,"[{""name"": ""grasp"", ""objective"": 868.7825277349334, ""time"": 0.279905, ""valid"": true}]","[[0, 60, 6, 81, 88, 89, 52, 90, 13, 3, 2, 74, 10, 72, 80, 85, 22, 51, 26, 77, 1, 91, 17, 82, 48, 54, 59, 4, 79, 19, 64, 78, 29, 55, 31, 86, 37, 65, 75, 50, 42, 15, 66, 76, 63, 41, 49, 69, 98, 57, 71, 0], [0, 33, 97, 43, 73, 46, 34, 92, 9, 21, 95, 35, 23, 68, 84, 14, 25, 94, 5, 39, 96, 18, 83, 27, 16, 28, 32, 61, 45, 58, 56, 8, 20, 38, 11, 62, 30, 99, 67, 36, 40, 87, 93, 7, 47, 24, 53, 44, 12, 70, 0]]"
uniform,n100_m2_r09.txt,data\mtsp\generated\n100_m2_r09.txt,100,2,lkh-wrapper,876.1530636604247,0.008447,0.008434,True,"[{""name"": ""lkh-wrapper"", ""objective"": 876.1530636604247, ""time"": 0.008434, ""valid"": true}]","[[0, 33, 97, 43, 7, 47, 24, 53, 44, 12, 57, 98, 17, 69, 49, 41, 79, 4, 59, 54, 48, 82, 26, 51, 22, 85, 80, 72, 10, 77, 1, 91, 13, 90, 6, 84, 68, 23, 35, 95, 58, 45, 32, 61, 56, 8, 20, 38, 21, 9, 60, 0], [0, 71, 52, 3, 2, 74, 81, 88, 89, 14, 25, 94, 5, 18, 83, 27, 28, 16, 96, 39, 92, 73, 34, 46, 62, 30, 11, 99, 67, 40, 87, 36, 93, 37, 65, 86, 31, 42, 75, 50, 15, 55, 29, 78, 64, 19, 76, 63, 66, 70, 0]]"
uniform,n100_m2_r09.txt,data\mtsp\generated\n100_m2_r09.txt,100,2,lkh-wrapper-v1,876.1530636604247,0.007337,0.007328,True,"[{""name"": ""lkh-wrapper-v1"", ""objective"": 876.1530636604247, ""time"": 0.007328, ""valid"": true}]","[[0, 33, 97, 43, 7, 47, 24, 53, 44, 12, 57, 98, 17, 69, 49, 41, 79, 4, 59, 54, 48, 82, 26, 51, 22, 85, 80, 72, 10, 77, 1, 91, 13, 90, 6, 84, 68, 23, 35, 95, 58, 45, 32, 61, 56, 8, 20, 38, 21, 9, 60, 0], [0, 71, 52, 3, 2, 74, 81, 88, 89, 14, 25, 94, 5, 18, 83, 27, 28, 16, 96, 39, 92, 73, 34, 46, 62, 30, 11, 99, 67, 40, 87, 36, 93, 37, 65, 86, 31, 42, 75, 50, 15, 55, 29, 78, 64, 19, 76, 63, 66, 70, 0]]"
uniform,n100_m2_r09.txt,data\mtsp\generated\n100_m2_r09.txt,100,2,lkh-wrapper-v2,863.4695891812432,0.007241,0.007232,True,"[{""name"": ""lkh-wrapper-v2"", ""objective"": 863.4695891812432, ""time"": 0.007232, ""valid"": true}]","[[0, 70, 71, 90, 13, 91, 82, 48, 54, 4, 79, 19, 64, 78, 29, 55, 76, 63, 69, 49, 41, 66, 50, 75, 42, 15, 31, 86, 65, 93, 37, 47, 7, 36, 87, 40, 67, 99, 9, 21, 95, 58, 35, 23, 68, 84, 39, 96, 18, 5, 94, 25, 14, 89, 88, 81, 3, 52, 6, 60, 0], [0, 57, 98, 17, 59, 26, 51, 22, 85, 80, 72, 10, 77, 1, 2, 74, 83, 27, 16, 28, 32, 61, 45, 56, 8, 20, 38, 11, 30, 62, 46, 34, 92, 73, 43, 97, 24, 53, 44, 12, 33, 0]]"
uniform,n100_m2_r09.txt,data\mtsp\generated\n100_m2_r09.txt,100,2,lkh-wrapper-v3,892.4638152525742,0.005394,0.005385,True,"[{""name"": ""lkh-wrapper-v3"", ""objective"": 892.4638152525742, ""time"": 0.005385, ""valid"": true}]","[[0, 70, 71, 6, 52, 3, 13, 90, 91, 82, 48, 59, 54, 17, 69, 49, 41, 63, 76, 19, 64, 78, 29, 55, 66, 50, 75, 42, 15, 31, 86, 65, 93, 37, 47, 7, 36, 87, 40, 67, 99, 9, 21, 95, 58, 35, 39, 96, 18, 5, 94, 25, 14, 89, 88, 81, 84, 68, 23, 60, 0], [0, 73, 92, 34, 46, 62, 30, 11, 38, 20, 8, 56, 45, 61, 28, 16, 27, 83, 32, 74, 2, 1, 77, 10, 72, 80, 85, 22, 51, 26, 4, 79, 98, 57, 12, 44, 53, 24, 97, 43, 33, 0]]"
uniform,n100_m2_r10.txt,data\mtsp\generated\n100_m2_r10.txt,100,2,rand+nn,1310.5678217601608,0.000569,0.000561,True,"[{""name"": ""rand+nn"", ""objective"": 1310.5678217601608, ""time"": 0.000561, ""valid"": true}]","[[0, 14, 81, 32, 10, 87, 15, 73, 48, 27, 91, 26, 77, 17, 83, 7, 53, 57, 99, 51, 40, 66, 31, 13, 24, 80, 84, 54, 76, 52, 97, 55, 44, 23, 59, 37, 93, 20, 22, 18, 89, 8, 38, 69, 86, 62, 75, 19, 42, 60, 74, 0], [0, 71, 36, 63, 82, 94, 41, 67, 25, 35, 56, 65, 72, 79, 16, 34, 47, 46, 58, 95, 92, 90, 3, 68, 96, 98, 1, 11, 2, 21, 4, 43, 45, 39, 28, 88, 85, 30, 29, 78, 6, 64, 9, 12, 33, 70, 5, 61, 50, 49, 0]]"
uniform,n100_m2_r10.txt,data\mtsp\generated\n100_m2_r10.txt,100,2,2opt+greed,979.5878072373852,0.001063,0.001053,True,"[{""name"": ""2opt+greed"", ""objective"": 979.5878072373852, ""time"": 0.001053, ""valid"": true}]","[[0, 14, 98, 96, 68, 48, 3, 92, 95, 69, 58, 38, 46, 34, 47, 89, 18, 8, 16, 79, 72, 65, 56, 35, 86, 67, 25, 62, 41, 82, 94, 22, 20, 93, 70, 5, 61, 33, 60, 50, 19, 12, 37, 59, 23, 63, 44, 36, 75, 84, 71, 0], [0, 81, 11, 87, 90, 15, 73, 27, 91, 26, 2, 1, 10, 32, 17, 21, 77, 74, 4, 83, 7, 43, 45, 39, 66, 40, 28, 13, 31, 88, 24, 80, 85, 30, 99, 57, 53, 51, 6, 64, 78, 29, 9, 49, 42, 54, 76, 52, 55, 97, 0]]"
uniform,n100_m2_r10.txt,data\mtsp\generated\n100_m2_r10.txt,100,2,grasp,881.4705474577106,0.296765,0.29675,True,"[{""name"": ""grasp"", ""objective"": 881.4705474577106, ""time"": 0.29675, ""valid"": true}]","[[0, 14, 11, 92, 95, 69, 58, 79, 16, 38, 46, 34, 47, 8, 89, 18, 22, 20, 93, 61, 5, 70, 94, 82, 63, 44, 36, 71, 97, 55, 52, 76, 54, 75, 12, 59, 23, 37, 33, 60, 19, 50, 42, 49, 9, 84, 29, 78, 99, 6, 64, 0], [0, 81, 32, 10, 1, 98, 96, 2, 21, 17, 51, 57, 30, 85, 80, 24, 88, 31, 13, 28, 40, 66, 39, 45, 53, 7, 43, 83, 4, 74, 77, 26, 91, 68, 27, 48, 3, 73, 15, 90, 87, 86, 35, 56, 72, 65, 41, 67, 25, 62, 0]]"
uniform,n100_m2_r10.txt,data\mtsp\generated\n100_m2_r10.txt,100,2,lkh-wrapper,839.3004578971792,0.012864,0.012846,True,"[{""name"": ""lkh-wrapper"", ""objective"": 839.3004578971792, ""time"": 0.012846, ""valid"": true}]","[[0, 71, 36, 44, 63, 23, 59, 37, 12, 19, 49, 42, 50, 60, 33, 61, 5, 70, 93, 20, 94, 22, 18, 89, 8, 47, 34, 46, 38, 16, 79, 65, 72, 58, 69, 95, 92, 3, 73, 68, 96, 98, 11, 86, 35, 56, 67, 25, 41, 82, 62, 0], [0, 14, 81, 32, 1, 10, 87, 90, 15, 48, 27, 91, 26, 2, 77, 21, 17, 74, 4, 83, 43, 7, 53, 57, 40, 45, 39, 66, 28, 13, 31, 88, 24, 30, 85, 80, 84, 9, 75, 55, 97, 52, 76, 54, 29, 78, 99, 51, 6, 64, 0]]"
uniform,n100_m2_r10.txt,data\mtsp\generated\n100_m2_r10.txt,100,2,lkh-wrapper-v1,839.3004578971792,0.012407,0.012392,True,"[{""name"": ""lkh-wrapper-v1"", ""objective"": 839.3004578971792, ""time"": 0.012392, ""valid"": true}]","[[0, 71, 36, 44, 63, 23, 59, 37, 12, 19, 49, 42, 50, 60, 33, 61, 5, 70, 93, 20, 94, 22, 18, 89, 8, 47, 34, 46, 38, 16, 79, 65, 72, 58, 69, 95, 92, 3, 73, 68, 96, 98, 11, 86, 35, 56, 67, 25, 41, 82, 62, 0], [0, 14, 81, 32, 1, 10, 87, 90, 15, 48, 27, 91, 26, 2, 77, 21, 17, 74, 4, 83, 43, 7, 53, 57, 40, 45, 39, 66, 28, 13, 31, 88, 24, 30, 85, 80, 84, 9, 75, 55, 97, 52, 76, 54, 29, 78, 99, 51, 6, 64, 0]]"
uniform,n100_m2_r10.txt,data\mtsp\generated\n100_m2_r10.txt,100,2,lkh-wrapper-v2,844.5219872329712,0.006383,0.006366,True,"[{""name"": ""lkh-wrapper-v2"", ""objective"": 844.5219872329712, ""time"": 0.006366, ""valid"": true}]","[[0, 14, 81, 64, 6, 51, 17, 21, 77, 74, 4, 83, 43, 7, 53, 57, 99, 40, 28, 45, 39, 66, 13, 31, 88, 24, 80, 85, 30, 29, 78, 54, 84, 9, 75, 12, 37, 59, 23, 63, 44, 36, 71, 97, 55, 52, 76, 0], [0, 62, 41, 25, 67, 56, 35, 86, 11, 10, 32, 1, 98, 96, 2, 26, 91, 68, 27, 48, 3, 73, 15, 87, 90, 92, 95, 69, 58, 72, 65, 79, 16, 38, 46, 34, 47, 8, 89, 18, 22, 20, 93, 70, 5, 61, 50, 42, 49, 19, 60, 33, 94, 82, 0]]"
uniform,n100_m2_r10.txt,data\mtsp\generated\n100_m2_r10.txt,100,2,lkh-wrapper-v3,841.1012210132257,0.004113,0.004105,True,"[{""name"": ""lkh-wrapper-v3"", ""objective"": 841.1012210132257, ""time"": 0.004105, ""valid"": true}]","[[0, 14, 81, 17, 21, 77, 74, 4, 83, 43, 7, 53, 45, 39, 66, 40, 28, 13, 31, 88, 24, 80, 85, 30, 29, 78, 99, 57, 51, 6, 64, 54, 84, 9, 75, 12, 37, 59, 23, 63, 44, 36, 55, 97, 52, 76, 71, 0], [0, 62, 41, 67, 25, 86, 35, 56, 90, 87, 11, 10, 32, 1, 98, 96, 2, 26, 91, 68, 27, 48, 3, 73, 15, 92, 95, 69, 58, 72, 65, 79, 16, 38, 46, 34, 47, 8, 89, 18, 22, 20, 93, 70, 5, 61, 33, 60, 50, 42, 49, 19, 94, 82, 0]]"
uniform,n100_m3_r01.txt,data\mtsp\generated\n100_m3_r01.txt,100,3,rand+nn,1685.258281160779,0.000479,0.000471,True,"[{""name"": ""rand+nn"", ""objective"": 1685.258281160779, ""time"": 0.000471, ""valid"": true}]","[[0, 55, 38, 37, 63, 53, 28, 10, 21, 49, 58, 11, 19, 48, 34, 94, 41, 80, 15, 78, 23, 14, 71, 31, 66, 33, 77, 83, 5, 6, 35, 52, 87, 45, 0], [0, 82, 98, 18, 20, 8, 67, 29, 43, 56, 50, 42, 69, 16, 86, 7, 2, 12, 54, 99, 65, 32, 46, 25, 17, 68, 64, 96, 73, 30, 74, 75, 22, 57, 0], [0, 81, 9, 76, 4, 44, 40, 13, 97, 61, 62, 89, 51, 26, 90, 39, 70, 79, 85, 27, 60, 91, 59, 36, 47, 1, 92, 95, 88, 84, 72, 24, 3, 93, 0]]"
uniform,n100_m3_r01.txt,data\mtsp\generated\n100_m3_r01.txt,100,3,2opt+greed,1130.9069737956602,0.000577,0.000569,True,"[{""name"": ""2opt+greed"", ""objective"": 1130.9069737956602, ""time"": 0.000569, ""valid"": true}]","[[0, 55, 98, 46, 25, 17, 11, 24, 58, 21, 61, 40, 13, 29, 97, 26, 89, 90, 39, 79, 45, 30, 69, 85, 38, 9, 76, 37, 63, 4, 43, 53, 44, 56, 0], [0, 82, 27, 32, 84, 65, 48, 99, 47, 36, 1, 23, 59, 7, 2, 92, 78, 95, 15, 12, 80, 54, 41, 14, 71, 57, 31, 74, 75, 22, 83, 5, 35, 52, 0], [0, 81, 73, 51, 62, 6, 77, 70, 33, 66, 42, 50, 16, 94, 86, 88, 91, 60, 34, 72, 19, 68, 3, 93, 64, 96, 49, 10, 67, 8, 28, 20, 87, 18, 0]]"
uniform,n100_m3_r01.txt,data\mtsp\generated\n100_m3_r01.txt,100,3,grasp,923.9466108355887,0.461057,0.46104,True,"[{""name"": ""grasp"", ""objective"": 923.9466108355887, ""time"": 0.46104, ""valid"": true}]","[[0, 18, 46, 25, 84, 32, 65, 17, 11, 3, 68, 19, 72, 48, 34, 99, 47, 36, 1, 23, 2, 92, 78, 12, 80, 54, 15, 95, 7, 59, 88, 91, 60, 27, 0], [0, 81, 40, 13, 61, 28, 8, 67, 21, 10, 20, 87, 58, 24, 93, 64, 96, 49, 73, 52, 26, 51, 35, 89, 62, 39, 69, 42, 50, 16, 85, 98, 82, 55, 0], [0, 38, 9, 76, 37, 56, 53, 44, 29, 97, 43, 4, 63, 90, 6, 5, 83, 77, 70, 33, 79, 45, 22, 75, 74, 30, 66, 31, 57, 71, 14, 41, 86, 94, 0]]"
uniform,n100_m3_r01.txt,data\mtsp\generated\n100_m3_r01.txt,100,3,lkh-wrapper,1029.564753009231,0.015927,0.015907,True,"[{""name"": ""lkh-wrapper"", ""objective"": 1029.564753009231, ""time"": 0.015907, ""valid"": true}]","[[0, 82, 98, 46, 25, 17, 11, 24, 58, 10, 61, 40, 29, 13, 52, 26, 51, 35, 89, 77, 79, 30, 66, 85, 38, 9, 76, 37, 63, 4, 43, 53, 44, 56, 0], [0, 55, 27, 32, 84, 65, 48, 99, 47, 36, 1, 23, 59, 7, 2, 92, 78, 95, 15, 12, 80, 54, 41, 14, 71, 57, 31, 74, 75, 22, 45, 83, 62, 97, 0], [0, 18, 87, 20, 28, 8, 67, 21, 49, 73, 96, 64, 93, 3, 68, 19, 72, 34, 60, 91, 88, 86, 94, 16, 50, 42, 69, 33, 70, 39, 6, 5, 90, 81, 0]]"
uniform,n100_m3_r01.txt,data\mtsp\generated\n100_m3_r01.txt,100,3,lkh-wrapper-v1,1029.564753009231,0.015485,0.015469,True,"[{""name"": ""lkh-wrapper-v1"", ""objective"": 1029.564753009231, ""time"": 0.015469, ""valid"": true}]","[[0, 82, 98, 46, 25, 17, 11, 24, 58, 10, 61, 40, 29, 13, 52, 26, 51, 35, 89, 77, 79, 30, 66, 85, 38, 9, 76, 37, 63, 4, 43, 53, 44, 56, 0], [0, 55, 27, 32, 84, 65, 48, 99, 47, 36, 1, 23, 59, 7, 2, 92, 78, 95, 15, 12, 80, 54, 41, 14, 71, 57, 31, 74, 75, 22, 45, 83, 62, 97, 0], [0, 18, 87, 20, 28, 8, 67, 21, 49, 73, 96, 64, 93, 3, 68, 19, 72, 34, 60, 91, 88, 86, 94, 16, 50, 42, 69, 33, 70, 39, 6, 5, 90, 81, 0]]"
uniform,n100_m3_r01.txt,data\mtsp\generated\n100_m3_r01.txt,100,3,lkh-wrapper-v2,944.0537070445853,0.011882,0.011872,True,"[{""name"": ""lkh-wrapper-v2"", ""objective"": 944.0537070445853, ""time"": 0.011872, ""valid"": true}]","[[0, 55, 82, 98, 27, 60, 91, 59, 7, 41, 54, 80, 12, 15, 95, 2, 78, 92, 23, 1, 36, 47, 99, 48, 65, 72, 19, 68, 3, 93, 84, 25, 46, 32, 0], [0, 18, 87, 20, 28, 8, 67, 10, 21, 49, 96, 64, 58, 24, 11, 17, 34, 88, 86, 94, 16, 50, 42, 69, 66, 31, 57, 30, 74, 75, 22, 45, 79, 33, 70, 77, 39, 6, 90, 5, 83, 62, 89, 35, 51, 26, 52, 56, 0], [0, 85, 14, 71, 38, 9, 76, 37, 63, 4, 43, 53, 44, 97, 29, 13, 40, 61, 73, 81, 0]]"
uniform,n100_m3_r01.txt,data\mtsp\generated\n100_m3_r01.txt,100,3,lkh-wrapper-v3,944.0537070445853,0.009238,0.009203,True,"[{""name"": ""lkh-wrapper-v3"", ""objective"": 944.0537070445853, ""time"": 0.009203, ""valid"": true}]","[[0, 55, 82, 98, 27, 60, 91, 59, 7, 41, 54, 80, 12, 15, 95, 2, 78, 92, 23, 1, 36, 47, 99, 48, 65, 72, 19, 68, 3, 93, 84, 25, 46, 32, 0], [0, 18, 87, 20, 28, 8, 67, 10, 21, 49, 96, 64, 58, 24, 11, 17, 34, 88, 86, 94, 16, 50, 42, 69, 66, 31, 57, 30, 74, 75, 22, 45, 79, 33, 70, 77, 39, 6, 90, 5, 83, 62, 89, 35, 51, 26, 52, 56, 0], [0, 85, 14, 71, 38, 9, 76, 37, 63, 4, 43, 53, 44, 97, 29, 13, 40, 61, 73, 81, 0]]"
uniform,n100_m3_r02.txt,data\mtsp\generated\n100_m3_r02.txt,100,3,rand+nn,1828.4521729022717,0.000492,0.000483,True,"[{""name"": ""rand+nn"", ""objective"": 1828.4521729022717, ""time"": 0.000483, ""valid"": true}]","[[0, 55, 48, 19, 83, 78, 37, 66, 38, 87, 52, 31, 58, 15, 5, 21, 11, 41, 63, 34, 10, 80, 23, 45, 33, 77, 49, 71, 14, 35, 28, 6, 53, 94, 0], [0, 20, 65, 82, 22, 54, 46, 16, 32, 17, 86, 2, 8, 68, 99, 18, 98, 67, 30, 96, 69, 56, 73, 74, 29, 50, 12, 25, 57, 42, 75, 64, 7, 43, 0], [0, 81, 1, 95, 90, 88, 93, 60, 4, 70, 72, 51, 13, 84, 24, 3, 97, 76, 79, 89, 85, 36, 59, 61, 44, 62, 92, 40, 47, 91, 26, 27, 39, 9, 0]]"
uniform,n100_m3_r02.txt,data\mtsp\generated\n100_m3_r02.txt,100,3,2opt+greed,1194.840515190461,0.000614,0.000607,True,"[{""name"": ""2opt+greed"", ""objective"": 1194.840515190461, ""time"": 0.000607, ""valid"": true}]","[[0, 20, 56, 16, 44, 14, 86, 59, 85, 36, 87, 89, 38, 79, 76, 8, 3, 66, 99, 37, 84, 96, 35, 9, 28, 30, 67, 98, 13, 18, 78, 69, 81, 80, 0], [0, 65, 55, 48, 19, 83, 51, 72, 53, 26, 27, 39, 6, 94, 70, 43, 45, 7, 23, 64, 75, 42, 33, 1, 90, 60, 93, 10, 88, 34, 40, 73, 77, 95, 0], [0, 82, 54, 22, 92, 46, 62, 12, 50, 5, 21, 11, 74, 47, 63, 41, 29, 91, 49, 71, 57, 25, 15, 58, 31, 61, 32, 17, 52, 2, 97, 68, 24, 4, 0]]"
uniform,n100_m3_r02.txt,data\mtsp\generated\n100_m3_r02.txt,100,3,grasp,994.8066374180703,0.480777,0.480765,True,"[{""name"": ""grasp"", ""objective"": 994.8066374180703, ""time"": 0.480765, ""valid"": true}]","[[0, 92, 46, 16, 31, 62, 12, 50, 5, 21, 29, 91, 49, 71, 57, 25, 15, 58, 32, 61, 52, 17, 59, 87, 85, 36, 89, 38, 97, 99, 13, 18, 78, 69, 0], [0, 65, 55, 33, 42, 1, 95, 82, 44, 14, 2, 86, 79, 76, 8, 3, 66, 68, 24, 37, 84, 96, 35, 9, 28, 30, 39, 6, 27, 26, 53, 67, 98, 56, 0], [0, 20, 81, 48, 19, 83, 51, 72, 94, 70, 43, 45, 7, 23, 75, 64, 4, 60, 80, 93, 10, 88, 34, 47, 63, 41, 11, 74, 40, 73, 90, 77, 22, 54, 0]]"
uniform,n100_m3_r02.txt,data\mtsp\generated\n100_m3_r02.txt,100,3,lkh-wrapper,947.1037214041395,0.013324,0.013311,True,"[{""name"": ""lkh-wrapper"", ""objective"": 947.1037214041395, ""time"": 0.013311, ""valid"": true}]","[[0, 95, 77, 16, 44, 14, 17, 59, 85, 36, 87, 89, 38, 79, 76, 8, 3, 68, 24, 37, 84, 96, 35, 9, 28, 30, 67, 98, 13, 18, 78, 69, 56, 20, 0], [0, 65, 55, 1, 33, 90, 73, 34, 88, 10, 93, 80, 60, 4, 64, 75, 42, 23, 7, 45, 43, 70, 94, 6, 39, 27, 26, 53, 72, 51, 83, 19, 48, 81, 0], [0, 99, 66, 97, 2, 86, 52, 32, 61, 31, 58, 15, 25, 57, 71, 49, 91, 29, 41, 63, 47, 40, 74, 11, 21, 5, 50, 12, 62, 46, 92, 22, 54, 82, 0]]"
uniform,n100_m3_r02.txt,data\mtsp\generated\n100_m3_r02.txt,100,3,lkh-wrapper-v1,947.1037214041395,0.013699,0.013688,True,"[{""name"": ""lkh-wrapper-v1"", ""objective"": 947.1037214041395, ""time"": 0.013688, ""valid"": true}]","[[0, 95, 77, 16, 44, 14, 17, 59, 85, 36, 87, 89, 38, 79, 76, 8, 3, 68, 24, 37, 84, 96, 35, 9, 28, 30, 67, 98, 13, 18, 78, 69, 56, 20, 0], [0, 65, 55, 1, 33, 90, 73, 34, 88, 10, 93, 80, 60, 4, 64, 75, 42, 23, 7, 45, 43, 70, 94, 6, 39, 27, 26, 53, 72, 51, 83, 19, 48, 81, 0], [0, 99, 66, 97, 2, 86, 52, 32, 61, 31, 58, 15, 25, 57, 71, 49, 91, 29, 41, 63, 47, 40, 74, 11, 21, 5, 50, 12, 62, 46, 92, 22, 54, 82, 0]]"
uniform,n100_m3_r02.txt,data\mtsp\generated\n100_m3_r02.txt,100,3,lkh-wrapper-v2,881.0567081332235,0.00604,0.00603,True,"[{""name"": ""lkh-wrapper-v2"", ""objective"": 881.0567081332235, ""time"": 0.00603, ""valid"": true}]","[[0, 81, 48, 19, 83, 51, 72, 53, 26, 27, 6, 39, 30, 28, 9, 35, 67, 98, 13, 18, 37, 84, 96, 24, 68, 66, 99, 78, 69, 56, 20, 0], [0, 65, 55, 1, 33, 94, 70, 43, 45, 7, 23, 42, 75, 64, 4, 60, 80, 93, 10, 88, 34, 47, 63, 41, 29, 91, 49, 71, 57, 15, 58, 25, 12, 50, 5, 21, 11, 74, 40, 73, 77, 90, 95, 0], [0, 82, 54, 22, 92, 46, 62, 16, 31, 61, 32, 52, 86, 17, 59, 85, 36, 87, 89, 38, 79, 76, 8, 3, 97, 2, 14, 44, 0]]"
uniform,n100_m3_r02.txt,data\mtsp\generated\n100_m3_r02.txt,100,3,lkh-wrapper-v3,892.920978425923,0.004192,0.004184,True,"[{""name"": ""lkh-wrapper-v3"", ""objective"": 892.920978425923, ""time"": 0.004184, ""valid"": true}]","[[0, 81, 48, 19, 83, 51, 72, 53, 26, 27, 6, 39, 30, 28, 9, 35, 96, 84, 24, 68, 66, 99, 37, 67, 98, 13, 18, 78, 69, 56, 20, 0], [0, 65, 55, 1, 33, 42, 75, 23, 7, 70, 94, 43, 45, 64, 4, 60, 80, 93, 10, 88, 34, 47, 63, 41, 29, 91, 49, 71, 57, 15, 58, 25, 12, 50, 5, 21, 11, 74, 40, 73, 77, 90, 95, 0], [0, 82, 54, 22, 92, 46, 62, 16, 31, 61, 32, 52, 86, 17, 59, 87, 85, 36, 89, 38, 79, 76, 8, 3, 97, 2, 14, 44, 0]]"
uniform,n100_m3_r03.txt,data\mtsp\generated\n100_m3_r03.txt,100,3,rand+nn,1778.6446628456156,0.000478,0.00047,True,"[{""name"": ""rand+nn"", ""objective"": 1778.6446628456156, ""time"": 0.00047, ""valid"": true}]","[[0, 48, 58, 10, 52, 55, 33, 77, 14, 5, 23, 19, 66, 11, 38, 6, 71, 53, 28, 78, 34, 80, 63, 94, 87, 15, 37, 21, 31, 35, 49, 41, 83, 45, 0], [0, 42, 73, 25, 99, 65, 68, 22, 98, 69, 20, 67, 74, 17, 43, 16, 18, 8, 82, 29, 2, 50, 7, 64, 56, 57, 46, 86, 32, 75, 30, 96, 54, 12, 0], [0, 51, 59, 47, 3, 1, 85, 95, 91, 62, 26, 97, 76, 93, 72, 44, 61, 24, 84, 60, 36, 40, 4, 92, 81, 79, 13, 70, 39, 90, 9, 27, 88, 89, 0]]"
uniform,n100_m3_r03.txt,data\mtsp\generated\n100_m3_r03.txt,100,3,2opt+greed,1193.1171322985222,0.000574,0.000566,True,"[{""name"": ""2opt+greed"", ""objective"": 1193.1171322985222, ""time"": 0.000566, ""valid"": true}]","[[0, 42, 73, 25, 78, 99, 53, 65, 34, 63, 68, 94, 20, 79, 67, 39, 6, 13, 70, 87, 9, 15, 12, 54, 37, 96, 58, 76, 16, 93, 18, 29, 49, 35, 0], [0, 51, 59, 11, 23, 30, 75, 27, 88, 33, 55, 85, 1, 47, 3, 14, 50, 26, 91, 62, 10, 95, 64, 52, 32, 86, 77, 46, 57, 56, 97, 45, 8, 82, 0], [0, 48, 2, 44, 72, 31, 41, 83, 61, 21, 43, 17, 74, 28, 89, 80, 60, 24, 84, 36, 40, 4, 69, 92, 98, 81, 22, 71, 90, 38, 19, 66, 5, 7, 0]]"
uniform,n100_m3_r03.txt,data\mtsp\generated\n100_m3_r03.txt,100,3,grasp,1028.548875053543,0.477723,0.47771,True,"[{""name"": ""grasp"", ""objective"": 1028.548875053543, ""time"": 0.47771, ""valid"": true}]","[[0, 74, 21, 61, 29, 83, 82, 41, 16, 97, 57, 46, 77, 86, 32, 88, 75, 27, 33, 64, 56, 91, 26, 50, 7, 14, 3, 47, 23, 59, 11, 38, 90, 51, 0], [0, 42, 6, 13, 70, 87, 12, 9, 15, 54, 37, 96, 19, 66, 30, 5, 1, 85, 55, 52, 95, 10, 62, 2, 58, 76, 45, 8, 93, 18, 72, 44, 43, 48, 0], [0, 17, 31, 35, 49, 24, 84, 36, 60, 80, 89, 28, 78, 99, 53, 65, 34, 63, 68, 40, 4, 69, 98, 92, 22, 81, 94, 20, 79, 67, 39, 71, 25, 73, 0]]"
uniform,n100_m3_r03.txt,data\mtsp\generated\n100_m3_r03.txt,100,3,lkh-wrapper,1080.8821286073328,0.018264,0.018246,True,"[{""name"": ""lkh-wrapper"", ""objective"": 1080.8821286073328, ""time"": 0.018246, ""valid"": true}]","[[0, 42, 73, 25, 71, 39, 6, 70, 87, 9, 15, 96, 37, 54, 12, 13, 79, 20, 94, 68, 63, 34, 65, 53, 99, 78, 49, 61, 35, 18, 93, 16, 76, 58, 0], [0, 51, 23, 19, 66, 30, 75, 27, 88, 33, 55, 52, 85, 1, 7, 3, 14, 50, 26, 91, 62, 10, 95, 64, 32, 86, 77, 46, 57, 56, 97, 45, 8, 2, 0], [0, 47, 5, 59, 11, 38, 90, 67, 22, 81, 98, 92, 69, 4, 40, 36, 84, 24, 60, 80, 89, 28, 74, 17, 21, 31, 29, 83, 82, 41, 72, 44, 43, 48, 0]]"
uniform,n100_m3_r03.txt,data\mtsp\generated\n100_m3_r03.txt,100,3,lkh-wrapper-v1,1080.8821286073328,0.017956,0.017936,True,"[{""name"": ""lkh-wrapper-v1"", ""objective"": 1080.8821286073328, ""time"": 0.017936, ""valid"": true}]","[[0, 42, 73, 25, 71, 39, 6, 70, 87, 9, 15, 96, 37, 54, 12, 13, 79, 20, 94, 68, 63, 34, 65, 53, 99, 78, 49, 61, 35, 18, 93, 16, 76, 58, 0], [0, 51, 23, 19, 66, 30, 75, 27, 88, 33, 55, 52, 85, 1, 7, 3, 14, 50, 26, 91, 62, 10, 95, 64, 32, 86, 77, 46, 57, 56, 97, 45, 8, 2, 0], [0, 47, 5, 59, 11, 38, 90, 67, 22, 81, 98, 92, 69, 4, 40, 36, 84, 24, 60, 80, 89, 28, 74, 17, 21, 31, 29, 83, 82, 41, 72, 44, 43, 48, 0]]"
uniform,n100_m3_r03.txt,data\mtsp\generated\n100_m3_r03.txt,100,3,lkh-wrapper-v2,954.8335860014408,0.005605,0.005595,True,"[{""name"": ""lkh-wrapper-v2"", ""objective"": 954.8335860014408, ""time"": 0.005595, ""valid"": true}]","[[0, 78, 99, 53, 65, 34, 89, 28, 74, 17, 43, 44, 72, 31, 21, 35, 61, 49, 24, 84, 60, 80, 36, 40, 4, 69, 92, 98, 81, 22, 63, 68, 94, 20, 79, 13, 25, 73, 42, 0], [0, 51, 38, 90, 71, 67, 39, 6, 70, 87, 12, 9, 15, 54, 37, 96, 11, 59, 0], [0, 48, 16, 93, 18, 41, 29, 83, 82, 8, 45, 76, 58, 56, 97, 57, 46, 77, 86, 32, 64, 95, 85, 52, 55, 33, 88, 27, 75, 30, 66, 19, 23, 47, 5, 1, 7, 3, 14, 50, 26, 10, 91, 62, 2, 0]]"
uniform,n100_m3_r03.txt,data\mtsp\generated\n100_m3_r03.txt,100,3,lkh-wrapper-v3,956.2375399017853,0.005327,0.00531,True,"[{""name"": ""lkh-wrapper-v3"", ""objective"": 956.2375399017853, ""time"": 0.00531, ""valid"": true}]","[[0, 17, 21, 43, 44, 72, 31, 35, 61, 49, 24, 84, 60, 80, 36, 40, 4, 69, 98, 92, 22, 81, 20, 79, 13, 94, 68, 63, 65, 34, 89, 28, 74, 78, 53, 99, 25, 73, 42, 0], [0, 51, 38, 90, 71, 67, 39, 6, 70, 87, 9, 15, 12, 54, 37, 96, 11, 59, 0], [0, 48, 2, 58, 16, 93, 18, 41, 29, 83, 82, 8, 45, 76, 97, 57, 46, 77, 86, 32, 64, 56, 62, 91, 10, 95, 7, 1, 85, 52, 55, 33, 88, 27, 75, 30, 66, 19, 23, 5, 47, 3, 14, 50, 26, 0]]"
uniform,n100_m3_r04.txt,data\mtsp\generated\n100_m3_r04.txt,100,3,rand+nn,1595.6434592374517,0.000497,0.000489,True,"[{""name"": ""rand+nn"", ""objective"": 1595.6434592374517, ""time"": 0.000489, ""valid"": true}]","[[0, 28, 77, 14, 83, 38, 15, 34, 5, 66, 41, 53, 55, 94, 58, 71, 45, 33, 23, 37, 48, 6, 19, 78, 35, 87, 10, 80, 11, 63, 21, 52, 49, 31, 0], [0, 8, 25, 56, 7, 57, 46, 20, 43, 22, 69, 82, 96, 68, 67, 32, 2, 73, 12, 42, 64, 75, 17, 86, 65, 16, 99, 18, 98, 29, 50, 74, 30, 54, 0], [0, 92, 61, 9, 84, 51, 85, 26, 36, 70, 76, 1, 72, 24, 59, 90, 81, 47, 89, 13, 88, 62, 60, 27, 93, 3, 39, 40, 44, 95, 79, 97, 91, 4, 0]]"
uniform,n100_m3_r04.txt,data\mtsp\generated\n100_m3_r04.txt,100,3,2opt+greed,1204.2726079588883,0.000596,0.000588,True,"[{""name"": ""2opt+greed"", ""objective"": 1204.2726079588883, ""time"": 0.000588, ""valid"": true}]","[[0, 8, 80, 47, 2, 91, 87, 35, 32, 67, 44, 68, 19, 96, 40, 6, 39, 37, 48, 23, 33, 13, 89, 45, 71, 88, 58, 60, 66, 41, 3, 43, 20, 31, 0], [0, 28, 92, 56, 30, 84, 51, 22, 69, 55, 5, 62, 78, 65, 10, 81, 86, 12, 64, 75, 24, 63, 16, 99, 50, 52, 29, 98, 21, 18, 72, 1, 76, 77, 0], [0, 25, 61, 15, 46, 9, 34, 53, 82, 93, 27, 94, 95, 79, 73, 97, 4, 42, 11, 17, 59, 90, 74, 49, 54, 85, 38, 57, 83, 14, 7, 36, 26, 70, 0]]"
uniform,n100_m3_r04.txt,data\mtsp\generated\n100_m3_r04.txt,100,3,grasp,881.9487314387336,0.456217,0.456199,True,"[{""name"": ""grasp"", ""objective"": 881.9487314387336, ""time"": 0.456199, ""valid"": true}]","[[0, 28, 92, 61, 76, 1, 72, 16, 99, 90, 59, 63, 24, 17, 75, 11, 64, 42, 12, 4, 97, 73, 79, 95, 35, 87, 91, 2, 78, 47, 65, 10, 81, 86, 0], [0, 77, 56, 7, 36, 70, 98, 21, 18, 50, 52, 29, 74, 30, 49, 26, 54, 83, 14, 57, 85, 38, 15, 9, 46, 84, 51, 31, 20, 43, 22, 5, 94, 58, 0], [0, 8, 80, 71, 88, 45, 89, 13, 33, 67, 32, 44, 68, 19, 96, 40, 6, 23, 39, 37, 48, 27, 93, 82, 53, 41, 69, 3, 55, 66, 60, 62, 34, 25, 0]]"
uniform,n100_m3_r04.txt,data\mtsp\generated\n100_m3_r04.txt,100,3,lkh-wrapper,1060.5551145393038,0.019974,0.019957,True,"[{""name"": ""lkh-wrapper"", ""objective"": 1060.5551145393038, ""time"": 0.019957, ""valid"": true}]","[[0, 80, 47, 78, 2, 91, 87, 35, 32, 67, 44, 68, 19, 96, 40, 6, 39, 37, 48, 23, 33, 13, 89, 45, 71, 88, 62, 5, 66, 55, 22, 43, 20, 84, 0], [0, 8, 65, 10, 81, 86, 11, 75, 17, 24, 63, 16, 72, 1, 76, 98, 21, 18, 50, 52, 29, 74, 30, 31, 51, 3, 69, 41, 60, 25, 92, 56, 77, 28, 0], [0, 58, 94, 27, 93, 82, 53, 34, 9, 46, 15, 61, 57, 38, 85, 83, 54, 49, 26, 14, 7, 36, 70, 99, 90, 59, 64, 42, 12, 4, 97, 73, 79, 95, 0]]"
uniform,n100_m3_r04.txt,data\mtsp\generated\n100_m3_r04.txt,100,3,lkh-wrapper-v1,1060.5551145393038,0.018978,0.01896,True,"[{""name"": ""lkh-wrapper-v1"", ""objective"": 1060.5551145393038, ""time"": 0.01896, ""valid"": true}]","[[0, 80, 47, 78, 2, 91, 87, 35, 32, 67, 44, 68, 19, 96, 40, 6, 39, 37, 48, 23, 33, 13, 89, 45, 71, 88, 62, 5, 66, 55, 22, 43, 20, 84, 0], [0, 8, 65, 10, 81, 86, 11, 75, 17, 24, 63, 16, 72, 1, 76, 98, 21, 18, 50, 52, 29, 74, 30, 31, 51, 3, 69, 41, 60, 25, 92, 56, 77, 28, 0], [0, 58, 94, 27, 93, 82, 53, 34, 9, 46, 15, 61, 57, 38, 85, 83, 54, 49, 26, 14, 7, 36, 70, 99, 90, 59, 64, 42, 12, 4, 97, 73, 79, 95, 0]]"
uniform,n100_m3_r04.txt,data\mtsp\generated\n100_m3_r04.txt,100,3,lkh-wrapper-v2,898.606731293278,0.005626,0.005618,True,"[{""name"": ""lkh-wrapper-v2"", ""objective"": 898.606731293278, ""time"": 0.005618, ""valid"": true}]","[[0, 30, 74, 52, 50, 90, 59, 24, 17, 75, 11, 64, 42, 4, 12, 86, 81, 10, 65, 78, 2, 91, 87, 97, 73, 79, 95, 35, 32, 67, 33, 13, 89, 45, 88, 71, 47, 80, 8, 0], [0, 77, 76, 1, 72, 63, 16, 99, 18, 21, 98, 29, 70, 7, 14, 36, 26, 49, 54, 83, 85, 46, 84, 51, 31, 20, 43, 22, 55, 5, 34, 9, 15, 38, 57, 61, 56, 92, 25, 28, 0], [0, 23, 44, 68, 19, 96, 40, 6, 39, 37, 48, 27, 93, 53, 82, 3, 69, 41, 60, 66, 62, 94, 58, 0]]"
uniform,n100_m3_r04.txt,data\mtsp\generated\n100_m3_r04.txt,100,3,lkh-wrapper-v3,891.4925655984425,0.003844,0.003834,True,"[{""name"": ""lkh-wrapper-v3"", ""objective"": 891.4925655984425, ""time"": 0.003834, ""valid"": true}]","[[0, 8, 80, 71, 88, 45, 89, 13, 33, 67, 32, 35, 95, 79, 73, 97, 87, 91, 2, 78, 47, 65, 10, 81, 86, 12, 4, 42, 64, 11, 75, 17, 24, 59, 90, 50, 52, 74, 30, 0], [0, 28, 92, 61, 56, 77, 76, 1, 72, 63, 16, 99, 18, 21, 98, 29, 70, 7, 14, 36, 26, 49, 54, 83, 85, 38, 57, 15, 9, 46, 84, 51, 31, 20, 43, 22, 55, 5, 34, 25, 0], [0, 58, 94, 62, 66, 60, 41, 69, 3, 82, 53, 93, 27, 48, 37, 39, 6, 40, 96, 19, 68, 44, 23, 0]]"
uniform,n100_m3_r05.txt,data\mtsp\generated\n100_m3_r05.txt,100,3,rand+nn,1662.634154162223,0.000483,0.000476,True,"[{""name"": ""rand+nn"", ""objective"": 1662.634154162223, ""time"": 0.000476, ""valid"": true}]","[[0, 6, 23, 37, 10, 78, 31, 49, 45, 77, 58, 15, 53, 41, 94, 21, 5, 34, 66, 71, 11, 14, 87, 19, 28, 83, 52, 35, 63, 38, 33, 80, 48, 55, 0], [0, 82, 68, 8, 42, 69, 67, 22, 46, 16, 65, 32, 29, 98, 56, 30, 74, 43, 2, 57, 25, 64, 96, 20, 54, 75, 7, 73, 86, 50, 99, 12, 18, 17, 0], [0, 39, 59, 70, 72, 27, 60, 40, 97, 4, 93, 24, 95, 9, 36, 91, 89, 76, 51, 92, 13, 81, 26, 90, 88, 47, 85, 62, 1, 84, 61, 44, 79, 3, 0]]"
uniform,n100_m3_r05.txt,data\mtsp\generated\n100_m3_r05.txt,100,3,2opt+greed,1001.3955824440736,0.000949,0.000942,True,"[{""name"": ""2opt+greed"", ""objective"": 1001.3955824440736, ""time"": 0.000942, ""valid"": true}]","[[0, 39, 59, 77, 29, 8, 19, 70, 27, 11, 66, 46, 16, 71, 40, 28, 97, 18, 12, 83, 93, 17, 99, 52, 35, 24, 73, 95, 9, 36, 7, 50, 86, 4, 0], [0, 6, 23, 62, 85, 2, 84, 1, 47, 88, 57, 25, 78, 90, 64, 26, 10, 96, 13, 92, 20, 75, 80, 51, 33, 63, 38, 76, 54, 48, 89, 91, 81, 37, 0], [0, 87, 82, 14, 68, 72, 69, 60, 42, 67, 53, 22, 41, 94, 21, 5, 65, 3, 34, 32, 15, 79, 98, 58, 30, 74, 43, 55, 49, 31, 45, 61, 56, 44, 0]]"
uniform,n100_m3_r05.txt,data\mtsp\generated\n100_m3_r05.txt,100,3,grasp,958.8799590387641,0.447491,0.447476,True,"[{""name"": ""grasp"", ""objective"": 958.8799590387641, ""time"": 0.447476, ""valid"": true}]","[[0, 6, 23, 26, 64, 90, 78, 96, 10, 13, 92, 20, 75, 80, 51, 33, 63, 38, 76, 54, 48, 89, 91, 9, 95, 35, 52, 99, 24, 7, 36, 81, 37, 50, 0], [0, 59, 77, 44, 45, 31, 49, 62, 85, 2, 88, 47, 25, 57, 1, 55, 84, 43, 74, 30, 58, 56, 61, 98, 29, 32, 5, 34, 70, 72, 68, 14, 86, 73, 0], [0, 39, 19, 8, 27, 11, 60, 69, 42, 67, 53, 79, 15, 3, 65, 21, 94, 41, 22, 16, 46, 66, 71, 40, 28, 97, 18, 12, 17, 93, 83, 4, 82, 87, 0]]"
uniform,n100_m3_r05.txt,data\mtsp\generated\n100_m3_r05.txt,100,3,lkh-wrapper,917.2991788032372,0.011499,0.011488,True,"[{""name"": ""lkh-wrapper"", ""objective"": 917.2991788032372, ""time"": 0.011488, ""valid"": true}]","[[0, 39, 59, 45, 77, 19, 8, 70, 72, 69, 42, 46, 16, 71, 40, 28, 97, 4, 18, 12, 83, 93, 17, 99, 52, 35, 24, 95, 9, 36, 7, 73, 86, 50, 0], [0, 6, 23, 26, 64, 90, 88, 47, 85, 2, 55, 84, 1, 57, 25, 78, 96, 10, 13, 92, 20, 75, 80, 51, 33, 63, 38, 76, 54, 48, 89, 91, 81, 37, 0], [0, 87, 82, 14, 68, 27, 11, 60, 66, 67, 53, 22, 41, 94, 21, 65, 3, 34, 5, 32, 29, 15, 79, 98, 44, 61, 56, 58, 30, 74, 43, 62, 49, 31, 0]]"
uniform,n100_m3_r05.txt,data\mtsp\generated\n100_m3_r05.txt,100,3,lkh-wrapper-v1,917.2991788032372,0.010675,0.010667,True,"[{""name"": ""lkh-wrapper-v1"", ""objective"": 917.2991788032372, ""time"": 0.010667, ""valid"": true}]","[[0, 39, 59, 45, 77, 19, 8, 70, 72, 69, 42, 46, 16, 71, 40, 28, 97, 4, 18, 12, 83, 93, 17, 99, 52, 35, 24, 95, 9, 36, 7, 73, 86, 50, 0], [0, 6, 23, 26, 64, 90, 88, 47, 85, 2, 55, 84, 1, 57, 25, 78, 96, 10, 13, 92, 20, 75, 80, 51, 33, 63, 38, 76, 54, 48, 89, 91, 81, 37, 0], [0, 87, 82, 14, 68, 27, 11, 60, 66, 67, 53, 22, 41, 94, 21, 65, 3, 34, 5, 32, 29, 15, 79, 98, 44, 61, 56, 58, 30, 74, 43, 62, 49, 31, 0]]"
uniform,n100_m3_r05.txt,data\mtsp\generated\n100_m3_r05.txt,100,3,lkh-wrapper-v2,912.5250389551959,0.005498,0.00549,True,"[{""name"": ""lkh-wrapper-v2"", ""objective"": 912.5250389551959, ""time"": 0.00549, ""valid"": true}]","[[0, 6, 23, 37, 10, 96, 13, 92, 20, 75, 80, 51, 33, 63, 38, 76, 54, 48, 89, 91, 81, 50, 86, 4, 41, 94, 3, 65, 21, 5, 34, 32, 29, 15, 79, 98, 39, 0], [0, 87, 82, 68, 72, 70, 8, 19, 59, 77, 44, 45, 61, 56, 58, 30, 74, 43, 84, 55, 1, 57, 25, 78, 64, 26, 90, 88, 47, 2, 85, 62, 49, 31, 0], [0, 7, 36, 9, 95, 73, 24, 35, 52, 99, 17, 93, 83, 12, 18, 97, 28, 40, 71, 66, 46, 16, 67, 22, 53, 42, 69, 60, 11, 27, 14, 0]]"
uniform,n100_m3_r05.txt,data\mtsp\generated\n100_m3_r05.txt,100,3,lkh-wrapper-v3,904.0610037340342,0.006226,0.006209,True,"[{""name"": ""lkh-wrapper-v3"", ""objective"": 904.0610037340342, ""time"": 0.006209, ""valid"": true}]","[[0, 82, 14, 27, 11, 60, 69, 42, 53, 22, 67, 16, 46, 66, 71, 40, 28, 97, 18, 12, 83, 93, 17, 99, 52, 35, 24, 73, 95, 9, 36, 7, 0], [0, 87, 68, 72, 70, 8, 19, 59, 77, 44, 45, 61, 56, 58, 30, 74, 43, 84, 55, 1, 57, 25, 78, 64, 26, 90, 88, 47, 2, 85, 62, 49, 31, 39, 0], [0, 6, 23, 37, 10, 96, 13, 92, 20, 75, 80, 51, 33, 63, 38, 76, 54, 48, 89, 91, 81, 50, 86, 4, 41, 94, 21, 5, 65, 3, 34, 32, 29, 15, 79, 98, 0]]"
uniform,n100_m3_r06.txt,data\mtsp\generated\n100_m3_r06.txt,100,3,rand+nn,1603.7548350670445,0.000488,0.000481,True,"[{""name"": ""rand+nn"", ""objective"": 1603.7548350670445, ""time"": 0.000481, ""valid"": true}]","[[0, 77, 58, 11, 45, 83, 37, 33, 15, 78, 31, 71, 66, 55, 49, 53, 94, 21, 6, 38, 48, 28, 87, 35, 80, 52, 23, 34, 19, 5, 10, 41, 63, 14, 0], [0, 32, 16, 96, 99, 65, 57, 82, 8, 30, 73, 2, 29, 98, 74, 75, 17, 86, 22, 56, 7, 67, 12, 69, 20, 46, 18, 25, 64, 42, 43, 68, 54, 50, 0], [0, 44, 91, 60, 27, 61, 72, 51, 90, 1, 39, 40, 3, 47, 4, 93, 89, 88, 84, 85, 62, 24, 13, 97, 70, 76, 59, 26, 9, 79, 95, 36, 92, 81, 0]]"
uniform,n100_m3_r06.txt,data\mtsp\generated\n100_m3_r06.txt,100,3,2opt+greed,980.6420004491079,0.000569,0.000561,True,"[{""name"": ""2opt+greed"", ""objective"": 980.6420004491079, ""time"": 0.000561, ""valid"": true}]","[[0, 77, 58, 11, 22, 86, 17, 75, 38, 81, 74, 23, 4, 47, 52, 54, 80, 35, 3, 40, 39, 50, 87, 48, 28, 1, 19, 56, 7, 5, 67, 34, 90, 45, 0], [0, 83, 60, 72, 51, 20, 10, 12, 46, 41, 61, 63, 18, 14, 27, 66, 55, 36, 42, 95, 25, 79, 64, 53, 49, 71, 31, 92, 78, 15, 16, 32, 91, 44, 0], [0, 37, 33, 13, 97, 96, 70, 76, 94, 59, 99, 9, 26, 65, 57, 24, 82, 8, 84, 30, 73, 2, 85, 62, 43, 21, 68, 29, 88, 89, 93, 98, 6, 69, 0]]"
uniform,n100_m3_r06.txt,data\mtsp\generated\n100_m3_r06.txt,100,3,grasp,964.9023598893893,0.443088,0.443069,True,"[{""name"": ""grasp"", ""objective"": 964.9023598893893, ""time"": 0.443069, ""valid"": true}]","[[0, 62, 43, 21, 68, 2, 29, 88, 89, 54, 52, 19, 7, 56, 34, 67, 5, 10, 12, 69, 46, 20, 51, 72, 41, 61, 63, 18, 14, 27, 60, 91, 44, 83, 0], [0, 58, 11, 45, 22, 90, 86, 28, 1, 87, 48, 17, 75, 38, 81, 74, 35, 50, 39, 40, 3, 80, 47, 4, 23, 93, 98, 6, 73, 13, 96, 97, 33, 37, 0], [0, 77, 84, 30, 85, 8, 82, 24, 57, 65, 26, 9, 99, 59, 94, 76, 70, 15, 78, 92, 49, 53, 64, 79, 25, 95, 42, 36, 55, 66, 71, 31, 16, 32, 0]]"
uniform,n100_m3_r06.txt,data\mtsp\generated\n100_m3_r06.txt,100,3,lkh-wrapper,871.256209224186,0.010291,0.010273,True,"[{""name"": ""lkh-wrapper"", ""objective"": 871.256209224186, ""time"": 0.010273, ""valid"": true}]","[[0, 77, 17, 75, 38, 81, 74, 23, 4, 47, 52, 54, 80, 35, 3, 40, 39, 50, 87, 48, 28, 1, 19, 56, 7, 12, 5, 67, 34, 90, 86, 22, 45, 11, 0], [0, 83, 60, 72, 41, 51, 20, 10, 69, 46, 61, 63, 18, 14, 27, 66, 55, 71, 31, 49, 36, 42, 95, 25, 79, 64, 53, 92, 78, 15, 16, 32, 91, 44, 0], [0, 37, 33, 13, 97, 96, 70, 76, 94, 59, 99, 9, 26, 65, 57, 24, 82, 8, 84, 30, 73, 2, 85, 62, 43, 21, 68, 29, 88, 89, 93, 98, 6, 58, 0]]"
uniform,n100_m3_r06.txt,data\mtsp\generated\n100_m3_r06.txt,100,3,lkh-wrapper-v1,871.256209224186,0.008652,0.008645,True,"[{""name"": ""lkh-wrapper-v1"", ""objective"": 871.256209224186, ""time"": 0.008645, ""valid"": true}]","[[0, 77, 17, 75, 38, 81, 74, 23, 4, 47, 52, 54, 80, 35, 3, 40, 39, 50, 87, 48, 28, 1, 19, 56, 7, 12, 5, 67, 34, 90, 86, 22, 45, 11, 0], [0, 83, 60, 72, 41, 51, 20, 10, 69, 46, 61, 63, 18, 14, 27, 66, 55, 71, 31, 49, 36, 42, 95, 25, 79, 64, 53, 92, 78, 15, 16, 32, 91, 44, 0], [0, 37, 33, 13, 97, 96, 70, 76, 94, 59, 99, 9, 26, 65, 57, 24, 82, 8, 84, 30, 73, 2, 85, 62, 43, 21, 68, 29, 88, 89, 93, 98, 6, 58, 0]]"
uniform,n100_m3_r06.txt,data\mtsp\generated\n100_m3_r06.txt,100,3,lkh-wrapper-v2,889.2464085783639,0.006306,0.006295,True,"[{""name"": ""lkh-wrapper-v2"", ""objective"": 889.2464085783639, ""time"": 0.006295, ""valid"": true}]","[[0, 45, 11, 38, 81, 74, 75, 17, 86, 22, 90, 34, 67, 51, 20, 46, 69, 12, 10, 5, 7, 56, 19, 1, 28, 48, 87, 50, 39, 40, 3, 35, 80, 54, 52, 47, 4, 23, 93, 98, 6, 58, 77, 0], [0, 83, 60, 72, 41, 61, 63, 18, 14, 27, 71, 66, 55, 36, 42, 95, 25, 79, 64, 9, 53, 49, 31, 92, 78, 15, 16, 32, 91, 44, 0], [0, 33, 13, 8, 82, 57, 24, 62, 85, 2, 73, 30, 84, 89, 88, 29, 68, 21, 43, 65, 26, 59, 99, 94, 76, 70, 96, 97, 37, 0]]"
uniform,n100_m3_r06.txt,data\mtsp\generated\n100_m3_r06.txt,100,3,lkh-wrapper-v3,887.4800443988823,0.005395,0.005386,True,"[{""name"": ""lkh-wrapper-v3"", ""objective"": 887.4800443988823, ""time"": 0.005386, ""valid"": true}]","[[0, 11, 45, 51, 20, 46, 69, 12, 10, 5, 7, 19, 56, 67, 34, 90, 86, 22, 38, 81, 74, 75, 17, 48, 28, 1, 87, 50, 39, 40, 3, 35, 80, 54, 52, 47, 4, 23, 93, 98, 6, 58, 77, 0], [0, 83, 60, 72, 41, 61, 63, 18, 14, 27, 66, 55, 71, 31, 49, 36, 42, 95, 25, 79, 64, 9, 53, 92, 78, 15, 16, 32, 91, 44, 0], [0, 84, 30, 8, 82, 57, 24, 62, 85, 2, 73, 89, 88, 29, 68, 21, 43, 65, 26, 59, 99, 94, 76, 70, 96, 97, 13, 33, 37, 0]]"
uniform,n100_m3_r07.txt,data\mtsp\generated\n100_m3_r07.txt,100,3,rand+nn,1783.24086097006,0.000492,0.000484,True,"[{""name"": ""rand+nn"", ""objective"": 1783.24086097006, ""time"": 0.000484, ""valid"": true}]","[[0, 21, 34, 31, 33, 37, 28, 10, 45, 41, 63, 19, 77, 5, 6, 87, 53, 78, 55, 15, 35, 83, 11, 49, 52, 58, 23, 14, 48, 66, 94, 80, 71, 38, 0], [0, 2, 25, 75, 17, 86, 68, 7, 46, 42, 18, 29, 69, 99, 67, 74, 12, 8, 30, 96, 43, 50, 98, 65, 82, 73, 16, 32, 64, 54, 22, 56, 57, 20, 0], [0, 81, 70, 97, 92, 40, 91, 27, 89, 93, 85, 44, 76, 47, 60, 84, 51, 39, 79, 24, 9, 61, 90, 59, 88, 26, 36, 4, 13, 1, 62, 95, 3, 72, 0]]"
uniform,n100_m3_r07.txt,data\mtsp\generated\n100_m3_r07.txt,100,3,2opt+greed,1272.4614850976013,0.000563,0.000555,True,"[{""name"": ""2opt+greed"", ""objective"": 1272.4614850976013, ""time"": 0.000555, ""valid"": true}]","[[0, 81, 10, 47, 60, 84, 99, 6, 67, 39, 74, 51, 5, 77, 19, 8, 96, 30, 82, 89, 38, 3, 95, 62, 26, 75, 86, 61, 90, 7, 88, 78, 20, 87, 0], [0, 21, 70, 25, 97, 34, 31, 33, 22, 66, 54, 48, 56, 94, 11, 57, 36, 58, 52, 49, 14, 23, 4, 13, 1, 35, 68, 15, 59, 46, 55, 53, 42, 71, 0], [0, 2, 28, 37, 92, 40, 91, 27, 41, 45, 44, 76, 98, 50, 85, 43, 63, 65, 93, 73, 72, 16, 32, 64, 83, 17, 9, 24, 79, 80, 69, 29, 18, 12, 0]]"
uniform,n100_m3_r07.txt,data\mtsp\generated\n100_m3_r07.txt,100,3,grasp,1008.2276094729689,0.457222,0.457207,True,"[{""name"": ""grasp"", ""objective"": 1008.2276094729689, ""time"": 0.457207, ""valid"": true}]","[[0, 47, 60, 51, 67, 6, 20, 42, 87, 53, 88, 78, 46, 59, 55, 7, 90, 61, 9, 79, 69, 80, 24, 86, 68, 15, 35, 17, 75, 83, 26, 94, 25, 21, 0], [0, 81, 2, 28, 37, 92, 27, 40, 91, 66, 54, 62, 32, 64, 48, 14, 23, 4, 13, 1, 58, 52, 49, 36, 57, 11, 56, 34, 97, 70, 29, 18, 99, 84, 0], [0, 31, 33, 22, 95, 16, 3, 72, 38, 73, 89, 41, 93, 65, 82, 63, 43, 85, 96, 30, 8, 12, 71, 74, 39, 5, 77, 19, 98, 50, 76, 44, 45, 10, 0]]"
uniform,n100_m3_r07.txt,data\mtsp\generated\n100_m3_r07.txt,100,3,lkh-wrapper,1108.3684239130073,0.017493,0.017475,True,"[{""name"": ""lkh-wrapper"", ""objective"": 1108.3684239130073, ""time"": 0.017475, ""valid"": true}]","[[0, 26, 83, 17, 9, 61, 90, 7, 88, 53, 87, 42, 60, 84, 99, 6, 67, 39, 74, 71, 12, 51, 5, 77, 19, 8, 30, 82, 65, 72, 38, 95, 10, 81, 0], [0, 18, 20, 78, 46, 55, 59, 15, 68, 35, 1, 13, 4, 23, 52, 58, 36, 57, 11, 49, 14, 48, 54, 66, 22, 31, 33, 56, 94, 25, 34, 97, 70, 21, 0], [0, 2, 28, 37, 92, 40, 91, 27, 41, 45, 44, 76, 98, 50, 96, 85, 43, 63, 93, 89, 73, 3, 16, 32, 62, 64, 75, 86, 24, 79, 80, 69, 29, 47, 0]]"
uniform,n100_m3_r07.txt,data\mtsp\generated\n100_m3_r07.txt,100,3,lkh-wrapper-v1,1108.3684239130073,0.016417,0.016397,True,"[{""name"": ""lkh-wrapper-v1"", ""objective"": 1108.3684239130073, ""time"": 0.016397, ""valid"": true}]","[[0, 26, 83, 17, 9, 61, 90, 7, 88, 53, 87, 42, 60, 84, 99, 6, 67, 39, 74, 71, 12, 51, 5, 77, 19, 8, 30, 82, 65, 72, 38, 95, 10, 81, 0], [0, 18, 20, 78, 46, 55, 59, 15, 68, 35, 1, 13, 4, 23, 52, 58, 36, 57, 11, 49, 14, 48, 54, 66, 22, 31, 33, 56, 94, 25, 34, 97, 70, 21, 0], [0, 2, 28, 37, 92, 40, 91, 27, 41, 45, 44, 76, 98, 50, 96, 85, 43, 63, 93, 89, 73, 3, 16, 32, 62, 64, 75, 86, 24, 79, 80, 69, 29, 47, 0]]"
uniform,n100_m3_r07.txt,data\mtsp\generated\n100_m3_r07.txt,100,3,lkh-wrapper-v2,869.9362556614676,0.008496,0.008488,True,"[{""name"": ""lkh-wrapper-v2"", ""objective"": 869.9362556614676, ""time"": 0.008488, ""valid"": true}]","[[0, 2, 28, 37, 92, 40, 91, 27, 41, 95, 16, 3, 72, 38, 73, 89, 93, 65, 82, 30, 8, 12, 71, 74, 39, 67, 51, 5, 77, 19, 96, 85, 43, 63, 50, 98, 76, 44, 45, 10, 0], [0, 21, 70, 25, 94, 56, 11, 57, 26, 83, 1, 13, 4, 23, 52, 58, 36, 49, 14, 48, 64, 32, 62, 54, 66, 22, 33, 31, 34, 97, 0], [0, 81, 47, 60, 84, 6, 99, 18, 29, 69, 42, 87, 20, 53, 88, 78, 46, 59, 55, 7, 90, 68, 15, 35, 17, 75, 86, 9, 61, 24, 79, 80, 0]]"
uniform,n100_m3_r07.txt,data\mtsp\generated\n100_m3_r07.txt,100,3,lkh-wrapper-v3,869.5904596997516,0.005669,0.00566,True,"[{""name"": ""lkh-wrapper-v3"", ""objective"": 869.5904596997516, ""time"": 0.00566, ""valid"": true}]","[[0, 10, 45, 44, 50, 98, 76, 19, 77, 5, 51, 67, 39, 74, 71, 12, 8, 30, 96, 85, 43, 63, 82, 65, 93, 41, 89, 73, 38, 72, 3, 16, 95, 27, 91, 40, 92, 37, 28, 2, 0], [0, 31, 33, 22, 66, 54, 62, 32, 64, 48, 14, 49, 52, 58, 23, 4, 13, 1, 83, 26, 57, 36, 11, 56, 94, 25, 34, 97, 70, 21, 0], [0, 81, 47, 60, 84, 6, 99, 18, 20, 42, 87, 53, 88, 78, 46, 59, 55, 7, 90, 68, 15, 35, 17, 75, 86, 9, 61, 24, 79, 80, 69, 29, 0]]"
uniform,n100_m3_r08.txt,data\mtsp\generated\n100_m3_r08.txt,100,3,rand+nn,1710.2879568511416,0.000553,0.000543,True,"[{""name"": ""rand+nn"", ""objective"": 1710.2879568511416, ""time"": 0.000543, ""valid"": true}]","[[0, 66, 45, 94, 55, 83, 53, 19, 14, 71, 63, 52, 77, 78, 6, 34, 15, 11, 80, 58, 37, 5, 48, 10, 21, 49, 38, 31, 41, 33, 87, 23, 35, 28, 0], [0, 32, 69, 96, 74, 73, 57, 2, 16, 56, 18, 50, 68, 67, 7, 17, 29, 86, 12, 98, 22, 42, 54, 30, 75, 43, 99, 82, 64, 65, 8, 25, 20, 46, 0], [0, 3, 60, 24, 51, 1, 39, 70, 13, 89, 61, 62, 92, 47, 76, 95, 72, 85, 84, 97, 81, 88, 44, 90, 93, 27, 26, 79, 9, 91, 4, 40, 36, 59, 0]]"
uniform,n100_m3_r08.txt,data\mtsp\generated\n100_m3_r08.txt,100,3,2opt+greed,1211.8567885270074,0.000587,0.00058,True,"[{""name"": ""2opt+greed"", ""objective"": 1211.8567885270074, ""time"": 0.00058, ""valid"": true}]","[[0, 66, 47, 98, 22, 42, 97, 28, 43, 99, 82, 64, 53, 91, 79, 9, 19, 35, 75, 23, 84, 85, 87, 72, 30, 54, 8, 10, 36, 37, 1, 78, 40, 77, 0], [0, 3, 63, 14, 71, 52, 26, 17, 93, 90, 7, 27, 67, 68, 50, 46, 39, 89, 25, 59, 61, 41, 33, 95, 81, 83, 44, 88, 29, 94, 55, 86, 12, 45, 0], [0, 32, 69, 96, 24, 34, 74, 73, 31, 76, 92, 65, 38, 49, 21, 62, 48, 5, 20, 13, 2, 57, 15, 70, 58, 16, 80, 11, 56, 51, 6, 4, 18, 60, 0]]"
uniform,n100_m3_r08.txt,data\mtsp\generated\n100_m3_r08.txt,100,3,grasp,921.8702302341496,0.45804,0.45803,True,"[{""name"": ""grasp"", ""objective"": 921.8702302341496, ""time"": 0.45803, ""valid"": true}]","[[0, 96, 69, 32, 73, 74, 15, 57, 2, 13, 58, 70, 16, 80, 11, 56, 34, 51, 1, 39, 46, 78, 40, 50, 68, 77, 18, 67, 27, 93, 52, 71, 14, 63, 0], [0, 3, 60, 24, 6, 4, 7, 90, 17, 26, 79, 9, 91, 19, 53, 83, 64, 82, 99, 43, 28, 97, 84, 42, 22, 81, 55, 86, 12, 94, 29, 88, 44, 45, 0], [0, 66, 47, 98, 54, 85, 35, 23, 75, 87, 72, 30, 95, 33, 41, 92, 65, 76, 38, 49, 8, 62, 21, 61, 48, 10, 59, 5, 36, 20, 25, 37, 89, 31, 0]]"
uniform,n100_m3_r08.txt,data\mtsp\generated\n100_m3_r08.txt,100,3,lkh-wrapper,1107.5833339460305,0.025665,0.025648,True,"[{""name"": ""lkh-wrapper"", ""objective"": 1107.5833339460305, ""time"": 0.025648, ""valid"": true}]","[[0, 66, 47, 98, 22, 42, 54, 30, 72, 87, 75, 23, 35, 85, 84, 97, 28, 43, 99, 82, 64, 53, 19, 91, 9, 79, 77, 40, 78, 1, 15, 48, 10, 8, 0], [0, 12, 86, 88, 83, 29, 94, 55, 81, 95, 33, 41, 62, 21, 89, 13, 39, 46, 50, 68, 67, 27, 7, 90, 93, 52, 17, 26, 14, 71, 63, 44, 45, 3, 0], [0, 96, 24, 60, 18, 4, 6, 51, 34, 56, 11, 80, 16, 70, 58, 57, 2, 37, 25, 20, 36, 5, 59, 61, 49, 38, 65, 92, 76, 31, 73, 74, 69, 32, 0]]"
uniform,n100_m3_r08.txt,data\mtsp\generated\n100_m3_r08.txt,100,3,lkh-wrapper-v1,1107.5833339460305,0.024872,0.024854,True,"[{""name"": ""lkh-wrapper-v1"", ""objective"": 1107.5833339460305, ""time"": 0.024854, ""valid"": true}]","[[0, 66, 47, 98, 22, 42, 54, 30, 72, 87, 75, 23, 35, 85, 84, 97, 28, 43, 99, 82, 64, 53, 19, 91, 9, 79, 77, 40, 78, 1, 15, 48, 10, 8, 0], [0, 12, 86, 88, 83, 29, 94, 55, 81, 95, 33, 41, 62, 21, 89, 13, 39, 46, 50, 68, 67, 27, 7, 90, 93, 52, 17, 26, 14, 71, 63, 44, 45, 3, 0], [0, 96, 24, 60, 18, 4, 6, 51, 34, 56, 11, 80, 16, 70, 58, 57, 2, 37, 25, 20, 36, 5, 59, 61, 49, 38, 65, 92, 76, 31, 73, 74, 69, 32, 0]]"
uniform,n100_m3_r08.txt,data\mtsp\generated\n100_m3_r08.txt,100,3,lkh-wrapper-v2,900.2195726113423,0.013742,0.013729,True,"[{""name"": ""lkh-wrapper-v2"", ""objective"": 900.2195726113423, ""time"": 0.013729, ""valid"": true}]","[[0, 66, 47, 98, 22, 42, 54, 30, 72, 87, 75, 23, 35, 85, 84, 97, 28, 99, 43, 81, 82, 64, 19, 9, 79, 91, 53, 83, 0], [0, 76, 49, 38, 65, 92, 95, 33, 41, 8, 62, 21, 61, 48, 10, 59, 5, 36, 20, 25, 37, 89, 31, 73, 74, 7, 90, 93, 67, 27, 26, 17, 52, 71, 14, 63, 44, 88, 29, 94, 55, 86, 12, 45, 3, 0], [0, 32, 69, 96, 24, 34, 51, 56, 15, 57, 2, 13, 58, 70, 16, 80, 11, 39, 1, 6, 46, 78, 40, 50, 68, 77, 18, 4, 60, 0]]"
uniform,n100_m3_r08.txt,data\mtsp\generated\n100_m3_r08.txt,100,3,lkh-wrapper-v3,903.7258621277899,0.007612,0.007601,True,"[{""name"": ""lkh-wrapper-v3"", ""objective"": 903.7258621277899, ""time"": 0.007601, ""valid"": true}]","[[0, 66, 47, 98, 22, 42, 54, 30, 72, 87, 75, 23, 35, 85, 84, 97, 28, 99, 43, 81, 82, 64, 19, 9, 79, 91, 53, 83, 0], [0, 3, 45, 12, 86, 55, 94, 29, 88, 44, 63, 14, 71, 52, 17, 26, 27, 67, 93, 90, 60, 69, 73, 31, 89, 37, 25, 20, 36, 5, 59, 10, 48, 61, 21, 62, 8, 41, 33, 95, 92, 65, 38, 49, 76, 0], [0, 32, 74, 15, 57, 2, 13, 58, 70, 16, 80, 11, 1, 39, 46, 78, 40, 50, 68, 77, 18, 7, 4, 6, 51, 56, 34, 24, 96, 0]]"
uniform,n100_m3_r09.txt,data\mtsp\generated\n100_m3_r09.txt,100,3,rand+nn,1773.4158733078489,0.000455,0.000448,True,"[{""name"": ""rand+nn"", ""objective"": 1773.4158733078489, ""time"": 0.000448, ""valid"": true}]","[[0, 77, 28, 37, 19, 94, 66, 41, 15, 34, 52, 78, 53, 23, 80, 38, 11, 55, 5, 33, 48, 6, 31, 63, 10, 49, 71, 14, 83, 87, 35, 58, 21, 45, 0], [0, 98, 30, 7, 96, 8, 43, 82, 32, 29, 64, 2, 12, 54, 69, 65, 16, 75, 99, 46, 57, 25, 42, 22, 73, 56, 20, 67, 17, 74, 50, 68, 86, 18, 0], [0, 60, 62, 90, 91, 47, 76, 39, 85, 1, 3, 61, 79, 59, 92, 89, 36, 13, 24, 81, 26, 84, 44, 27, 51, 70, 9, 95, 97, 93, 40, 4, 72, 88, 0]]"
uniform,n100_m3_r09.txt,data\mtsp\generated\n100_m3_r09.txt,100,3,2opt+greed,1236.8311817945757,0.000567,0.000558,True,"[{""name"": ""2opt+greed"", ""objective"": 1236.8311817945757, ""time"": 0.000558, ""valid"": true}]","[[0, 98, 19, 44, 7, 84, 26, 94, 27, 66, 2, 9, 99, 95, 12, 54, 52, 93, 69, 65, 18, 45, 4, 67, 17, 85, 96, 8, 82, 29, 14, 61, 79, 59, 0], [0, 77, 64, 51, 71, 43, 3, 63, 39, 50, 6, 40, 68, 86, 35, 58, 21, 16, 97, 34, 75, 46, 15, 41, 70, 13, 24, 81, 37, 36, 30, 28, 89, 92, 0], [0, 60, 62, 57, 90, 53, 91, 25, 42, 78, 22, 80, 73, 38, 11, 55, 5, 33, 56, 23, 47, 76, 20, 72, 48, 88, 74, 31, 1, 10, 49, 32, 87, 83, 0]]"
uniform,n100_m3_r09.txt,data\mtsp\generated\n100_m3_r09.txt,100,3,grasp,933.7099761587632,0.480776,0.480761,True,"[{""name"": ""grasp"", ""objective"": 933.7099761587632, ""time"": 0.480761, ""valid"": true}]","[[0, 77, 19, 44, 8, 49, 32, 82, 43, 71, 29, 87, 83, 26, 94, 27, 66, 2, 41, 15, 9, 46, 99, 75, 95, 12, 70, 13, 24, 81, 37, 28, 89, 92, 0], [0, 47, 76, 23, 22, 73, 38, 4, 40, 68, 45, 18, 86, 35, 58, 21, 65, 93, 69, 16, 97, 34, 54, 52, 36, 30, 84, 64, 51, 14, 7, 79, 59, 98, 0], [0, 60, 62, 57, 90, 78, 42, 53, 25, 91, 80, 11, 55, 5, 33, 56, 20, 72, 48, 6, 88, 50, 67, 39, 17, 74, 31, 63, 85, 10, 96, 1, 3, 61, 0]]"
uniform,n100_m3_r09.txt,data\mtsp\generated\n100_m3_r09.txt,100,3,lkh-wrapper,1070.9917592771317,0.025852,0.025831,True,"[{""name"": ""lkh-wrapper"", ""objective"": 1070.9917592771317, ""time"": 0.025831, ""valid"": true}]","[[0, 45, 18, 86, 65, 69, 93, 52, 75, 99, 46, 9, 15, 2, 66, 27, 94, 26, 64, 83, 87, 51, 10, 85, 63, 17, 39, 61, 7, 44, 79, 59, 77, 98, 0], [0, 19, 84, 14, 71, 43, 96, 1, 74, 67, 20, 4, 40, 68, 35, 58, 21, 16, 97, 54, 34, 95, 12, 70, 13, 41, 24, 81, 37, 36, 30, 28, 89, 92, 0], [0, 47, 76, 3, 8, 82, 29, 32, 49, 31, 50, 88, 6, 72, 48, 33, 5, 55, 11, 38, 73, 80, 22, 23, 56, 91, 25, 53, 42, 78, 90, 57, 62, 60, 0]]"
uniform,n100_m3_r09.txt,data\mtsp\generated\n100_m3_r09.txt,100,3,lkh-wrapper-v1,1070.9917592771317,0.025597,0.025576,True,"[{""name"": ""lkh-wrapper-v1"", ""objective"": 1070.9917592771317, ""time"": 0.025576, ""valid"": true}]","[[0, 45, 18, 86, 65, 69, 93, 52, 75, 99, 46, 9, 15, 2, 66, 27, 94, 26, 64, 83, 87, 51, 10, 85, 63, 17, 39, 61, 7, 44, 79, 59, 77, 98, 0], [0, 19, 84, 14, 71, 43, 96, 1, 74, 67, 20, 4, 40, 68, 35, 58, 21, 16, 97, 54, 34, 95, 12, 70, 13, 41, 24, 81, 37, 36, 30, 28, 89, 92, 0], [0, 47, 76, 3, 8, 82, 29, 32, 49, 31, 50, 88, 6, 72, 48, 33, 5, 55, 11, 38, 73, 80, 22, 23, 56, 91, 25, 53, 42, 78, 90, 57, 62, 60, 0]]"
uniform,n100_m3_r09.txt,data\mtsp\generated\n100_m3_r09.txt,100,3,lkh-wrapper-v2,905.990572408602,0.007689,0.007681,True,"[{""name"": ""lkh-wrapper-v2"", ""objective"": 905.990572408602, ""time"": 0.007681, ""valid"": true}]","[[0, 98, 77, 7, 44, 19, 37, 81, 24, 13, 41, 15, 2, 66, 27, 94, 26, 84, 3, 61, 79, 59, 0], [0, 14, 71, 51, 64, 83, 87, 29, 32, 49, 82, 43, 8, 10, 96, 1, 85, 63, 31, 74, 17, 39, 76, 47, 56, 23, 22, 78, 42, 25, 91, 53, 90, 57, 62, 60, 0], [0, 92, 89, 28, 30, 36, 70, 9, 46, 99, 75, 95, 12, 52, 93, 65, 69, 54, 34, 97, 16, 21, 58, 35, 68, 86, 18, 45, 40, 4, 38, 73, 80, 11, 55, 5, 33, 6, 88, 50, 67, 20, 72, 48, 0]]"
uniform,n100_m3_r09.txt,data\mtsp\generated\n100_m3_r09.txt,100,3,lkh-wrapper-v3,894.9256228277484,0.005772,0.005762,True,"[{""name"": ""lkh-wrapper-v3"", ""objective"": 894.9256228277484, ""time"": 0.005762, ""valid"": true}]","[[0, 98, 77, 7, 44, 19, 37, 81, 24, 13, 41, 15, 2, 66, 27, 94, 26, 84, 3, 61, 79, 59, 0], [0, 60, 62, 57, 90, 53, 91, 25, 42, 78, 22, 23, 56, 47, 76, 39, 17, 74, 31, 63, 85, 1, 96, 10, 8, 49, 82, 32, 29, 87, 83, 64, 51, 71, 43, 14, 0], [0, 92, 89, 28, 30, 36, 70, 9, 46, 99, 75, 95, 12, 52, 54, 34, 97, 16, 69, 93, 65, 21, 58, 35, 86, 18, 45, 68, 40, 4, 38, 73, 80, 11, 55, 5, 33, 48, 72, 6, 88, 50, 67, 20, 0]]"
uniform,n100_m3_r10.txt,data\mtsp\generated\n100_m3_r10.txt,100,3,rand+nn,1684.8056447215968,0.000484,0.000477,True,"[{""name"": ""rand+nn"", ""objective"": 1684.8056447215968, ""time"": 0.000477, ""valid"": true}]","[[0, 58, 6, 21, 34, 33, 77, 19, 11, 48, 78, 38, 66, 63, 14, 94, 28, 87, 45, 31, 53, 15, 35, 23, 52, 55, 41, 5, 80, 49, 71, 10, 83, 37, 0], [0, 2, 69, 17, 74, 20, 64, 54, 12, 32, 56, 25, 7, 98, 8, 82, 57, 43, 22, 68, 50, 29, 65, 16, 96, 30, 86, 42, 75, 73, 67, 99, 46, 18, 0], [0, 4, 60, 44, 47, 93, 76, 90, 36, 79, 26, 1, 88, 61, 92, 39, 81, 95, 89, 3, 51, 85, 62, 91, 84, 70, 72, 97, 40, 59, 9, 24, 27, 13, 0]]"
uniform,n100_m3_r10.txt,data\mtsp\generated\n100_m3_r10.txt,100,3,2opt+greed,1044.1587495002595,0.000821,0.000812,True,"[{""name"": ""2opt+greed"", ""objective"": 1044.1587495002595, ""time"": 0.000812, ""valid"": true}]","[[0, 4, 69, 21, 17, 74, 20, 81, 57, 39, 43, 6, 92, 16, 80, 5, 85, 51, 55, 82, 95, 89, 8, 52, 41, 3, 96, 84, 30, 91, 62, 65, 22, 58, 0], [0, 60, 77, 33, 67, 19, 11, 27, 63, 66, 42, 38, 90, 36, 79, 26, 37, 83, 1, 88, 61, 71, 29, 50, 68, 47, 44, 93, 86, 76, 78, 48, 75, 73, 0], [0, 2, 34, 59, 9, 53, 14, 99, 24, 94, 46, 87, 28, 18, 45, 31, 40, 32, 12, 15, 56, 25, 97, 72, 35, 70, 7, 98, 23, 54, 64, 49, 10, 13, 0]]"
uniform,n100_m3_r10.txt,data\mtsp\generated\n100_m3_r10.txt,100,3,grasp,909.7511173693698,0.489675,0.489664,True,"[{""name"": ""grasp"", ""objective"": 909.7511173693698, ""time"": 0.489664, ""valid"": true}]","[[0, 51, 85, 5, 3, 41, 55, 82, 95, 89, 52, 8, 23, 98, 7, 70, 35, 72, 97, 25, 56, 15, 40, 32, 12, 54, 64, 20, 74, 17, 21, 69, 4, 2, 0], [0, 57, 81, 39, 43, 6, 58, 92, 16, 80, 96, 84, 30, 91, 62, 49, 71, 10, 65, 61, 88, 1, 37, 93, 68, 47, 44, 86, 76, 78, 48, 73, 67, 33, 0], [0, 22, 29, 50, 83, 26, 13, 79, 36, 90, 38, 42, 66, 63, 27, 11, 75, 19, 14, 99, 24, 94, 46, 87, 28, 18, 31, 45, 53, 9, 59, 34, 77, 60, 0]]"
uniform,n100_m3_r10.txt,data\mtsp\generated\n100_m3_r10.txt,100,3,lkh-wrapper,904.8394705187637,0.007915,0.007907,True,"[{""name"": ""lkh-wrapper"", ""objective"": 904.8394705187637, ""time"": 0.007907, ""valid"": true}]","[[0, 43, 57, 39, 6, 58, 22, 92, 16, 80, 49, 62, 91, 30, 84, 96, 5, 85, 51, 3, 41, 55, 82, 95, 89, 52, 8, 64, 20, 74, 17, 21, 69, 4, 0], [0, 60, 77, 33, 67, 19, 73, 75, 11, 27, 63, 48, 78, 38, 42, 66, 90, 36, 79, 13, 26, 83, 61, 65, 10, 71, 1, 37, 76, 86, 93, 68, 47, 44, 0], [0, 2, 34, 59, 9, 53, 14, 99, 24, 94, 46, 87, 28, 18, 45, 31, 40, 15, 56, 25, 97, 72, 35, 70, 7, 98, 23, 54, 12, 32, 81, 29, 50, 88, 0]]"
uniform,n100_m3_r10.txt,data\mtsp\generated\n100_m3_r10.txt,100,3,lkh-wrapper-v1,904.8394705187637,0.008623,0.008612,True,"[{""name"": ""lkh-wrapper-v1"", ""objective"": 904.8394705187637, ""time"": 0.008612, ""valid"": true}]","[[0, 43, 57, 39, 6, 58, 22, 92, 16, 80, 49, 62, 91, 30, 84, 96, 5, 85, 51, 3, 41, 55, 82, 95, 89, 52, 8, 64, 20, 74, 17, 21, 69, 4, 0], [0, 60, 77, 33, 67, 19, 73, 75, 11, 27, 63, 48, 78, 38, 42, 66, 90, 36, 79, 13, 26, 83, 61, 65, 10, 71, 1, 37, 76, 86, 93, 68, 47, 44, 0], [0, 2, 34, 59, 9, 53, 14, 99, 24, 94, 46, 87, 28, 18, 45, 31, 40, 15, 56, 25, 97, 72, 35, 70, 7, 98, 23, 54, 12, 32, 81, 29, 50, 88, 0]]"
uniform,n100_m3_r10.txt,data\mtsp\generated\n100_m3_r10.txt,100,3,lkh-wrapper-v2,924.0559194949336,0.006604,0.006591,True,"[{""name"": ""lkh-wrapper-v2"", ""objective"": 924.0559194949336, ""time"": 0.006591, ""valid"": true}]","[[0, 4, 2, 60, 77, 67, 33, 34, 59, 9, 53, 46, 87, 28, 18, 45, 31, 40, 15, 56, 25, 70, 35, 7, 98, 12, 54, 64, 23, 8, 52, 89, 95, 82, 55, 41, 3, 51, 85, 5, 96, 84, 30, 91, 62, 49, 80, 16, 92, 22, 29, 71, 10, 65, 61, 50, 88, 1, 83, 26, 37, 68, 58, 6, 0], [0, 43, 39, 57, 81, 20, 74, 17, 21, 32, 72, 97, 94, 24, 99, 14, 69, 0], [0, 44, 47, 93, 86, 76, 13, 79, 36, 90, 38, 42, 66, 63, 27, 11, 19, 73, 75, 48, 78, 0]]"
uniform,n100_m3_r10.txt,data\mtsp\generated\n100_m3_r10.txt,100,3,lkh-wrapper-v3,916.3605994697073,0.003769,0.00376,True,"[{""name"": ""lkh-wrapper-v3"", ""objective"": 916.3605994697073, ""time"": 0.00376, ""valid"": true}]","[[0, 4, 2, 60, 77, 67, 33, 34, 59, 9, 53, 46, 87, 28, 18, 45, 31, 40, 15, 56, 25, 70, 35, 7, 98, 12, 54, 64, 23, 8, 52, 89, 95, 82, 55, 41, 3, 51, 85, 5, 96, 84, 30, 91, 62, 49, 80, 16, 29, 71, 10, 65, 61, 50, 88, 1, 83, 26, 37, 68, 22, 92, 58, 6, 0], [0, 43, 39, 57, 81, 20, 74, 17, 21, 32, 72, 97, 94, 24, 99, 14, 69, 0], [0, 44, 47, 93, 86, 76, 78, 48, 38, 42, 90, 13, 79, 36, 66, 63, 27, 11, 19, 75, 73, 0]]"
uniform,n100_m5_r01.txt,data\mtsp\generated\n100_m5_r01.txt,100,5,rand+nn,2185.1028798060865,0.000739,0.000731,True,"[{""name"": ""rand+nn"", ""objective"": 2185.1028798060865, ""time"": 0.000731, ""valid"": true}]","[[0, 13, 90, 10, 81, 84, 34, 1, 99, 98, 17, 77, 3, 82, 48, 52, 5, 65, 54, 6, 9, 0], [0, 7, 63, 66, 8, 46, 76, 24, 25, 20, 14, 12, 70, 11, 92, 43, 87, 36, 91, 71, 53, 0], [0, 18, 55, 39, 72, 16, 33, 29, 44, 58, 22, 40, 74, 21, 59, 96, 19, 61, 23, 30, 93, 0], [0, 28, 88, 35, 78, 42, 69, 75, 50, 56, 79, 60, 62, 37, 41, 85, 27, 15, 80, 2, 51, 0], [0, 68, 94, 4, 57, 83, 31, 89, 38, 32, 26, 47, 64, 73, 97, 49, 67, 86, 95, 45, 0]]"
uniform,n100_m5_r01.txt,data\mtsp\generated\n100_m5_r01.txt,100,5,2opt+greed,1231.056337082655,0.000577,0.00057,True,"[{""name"": ""2opt+greed"", ""objective"": 1231.056337082655, ""time"": 0.00057, ""valid"": true}]","[[0, 7, 28, 47, 8, 23, 9, 46, 64, 35, 88, 76, 24, 78, 6, 25, 42, 67, 22, 20, 97, 0], [0, 13, 68, 85, 41, 37, 62, 53, 36, 83, 91, 60, 48, 71, 92, 29, 79, 86, 5, 12, 75, 0], [0, 18, 55, 87, 33, 57, 16, 82, 72, 3, 4, 39, 77, 43, 94, 56, 52, 95, 44, 50, 65, 0], [0, 40, 90, 31, 17, 89, 98, 27, 38, 93, 15, 30, 80, 2, 32, 99, 61, 14, 54, 70, 69, 0], [0, 10, 45, 63, 74, 1, 51, 66, 26, 19, 96, 59, 21, 34, 81, 84, 73, 11, 49, 58, 0]]"
uniform,n100_m5_r01.txt,data\mtsp\generated\n100_m5_r01.txt,100,5,grasp,1070.8830717987785,0.689118,0.689101,True,"[{""name"": ""grasp"", ""objective"": 1070.8830717987785, ""time"": 0.689101, ""valid"": true}]","[[0, 13, 94, 77, 39, 4, 3, 82, 92, 29, 79, 86, 12, 50, 5, 95, 52, 56, 97, 73, 28, 0], [0, 18, 68, 55, 87, 43, 72, 16, 57, 71, 48, 33, 91, 60, 83, 36, 53, 62, 37, 41, 85, 0], [0, 25, 76, 88, 35, 64, 47, 8, 61, 96, 19, 26, 66, 32, 51, 21, 59, 34, 45, 10, 40, 0], [0, 65, 14, 58, 75, 44, 69, 70, 11, 42, 67, 49, 54, 20, 22, 6, 78, 24, 9, 23, 46, 0], [0, 7, 81, 84, 63, 74, 1, 99, 2, 80, 30, 15, 93, 38, 27, 98, 89, 17, 31, 90, 0]]"
uniform,n100_m5_r01.txt,data\mtsp\generated\n100_m5_r01.txt,100,5,lkh-wrapper,1122.2372382165352,0.014884,0.014863,True,"[{""name"": ""lkh-wrapper"", ""objective"": 1122.2372382165352, ""time"": 0.014863, ""valid"": true}]","[[0, 54, 11, 42, 67, 22, 25, 6, 78, 24, 76, 88, 35, 64, 46, 9, 23, 8, 61, 47, 73, 0], [0, 18, 68, 85, 41, 37, 62, 53, 33, 91, 60, 83, 48, 82, 92, 29, 79, 86, 44, 69, 12, 0], [0, 13, 55, 87, 94, 77, 43, 36, 71, 57, 16, 72, 3, 4, 39, 56, 52, 95, 5, 50, 65, 0], [0, 90, 31, 17, 89, 98, 27, 38, 93, 15, 30, 80, 2, 32, 99, 1, 7, 49, 70, 75, 14, 0], [0, 40, 10, 45, 63, 74, 34, 21, 51, 66, 26, 19, 96, 59, 84, 81, 28, 97, 20, 58, 0]]"
uniform,n100_m5_r01.txt,data\mtsp\generated\n100_m5_r01.txt,100,5,lkh-wrapper-v1,1122.2372382165352,0.013708,0.013688,True,"[{""name"": ""lkh-wrapper-v1"", ""objective"": 1122.2372382165352, ""time"": 0.013688, ""valid"": true}]","[[0, 54, 11, 42, 67, 22, 25, 6, 78, 24, 76, 88, 35, 64, 46, 9, 23, 8, 61, 47, 73, 0], [0, 18, 68, 85, 41, 37, 62, 53, 33, 91, 60, 83, 48, 82, 92, 29, 79, 86, 44, 69, 12, 0], [0, 13, 55, 87, 94, 77, 43, 36, 71, 57, 16, 72, 3, 4, 39, 56, 52, 95, 5, 50, 65, 0], [0, 90, 31, 17, 89, 98, 27, 38, 93, 15, 30, 80, 2, 32, 99, 1, 7, 49, 70, 75, 14, 0], [0, 40, 10, 45, 63, 74, 34, 21, 51, 66, 26, 19, 96, 59, 84, 81, 28, 97, 20, 58, 0]]"
uniform,n100_m5_r01.txt,data\mtsp\generated\n100_m5_r01.txt,100,5,lkh-wrapper-v2,950.4949708081105,0.008389,0.008379,True,"[{""name"": ""lkh-wrapper-v2"", ""objective"": 950.4949708081105, ""time"": 0.008379, ""valid"": true}]","[[0, 14, 58, 54, 20, 22, 67, 42, 11, 49, 70, 75, 69, 44, 12, 50, 5, 95, 52, 56, 94, 77, 39, 4, 3, 72, 82, 16, 57, 71, 48, 33, 91, 60, 83, 36, 43, 87, 55, 68, 18, 13, 0], [0, 40, 10, 45, 63, 74, 1, 38, 93, 15, 30, 80, 2, 32, 99, 51, 66, 26, 19, 96, 59, 21, 34, 84, 81, 7, 0], [0, 97, 25, 6, 78, 24, 76, 88, 35, 64, 46, 9, 23, 8, 61, 47, 73, 28, 0], [0, 90, 31, 27, 98, 89, 17, 53, 62, 37, 41, 85, 0], [0, 65, 86, 79, 29, 92, 0]]"
uniform,n100_m5_r01.txt,data\mtsp\generated\n100_m5_r01.txt,100,5,lkh-wrapper-v3,955.9991601023225,0.004321,0.004314,True,"[{""name"": ""lkh-wrapper-v3"", ""objective"": 955.9991601023225, ""time"": 0.004314, ""valid"": true}]","[[0, 13, 18, 68, 55, 87, 94, 77, 43, 36, 83, 60, 91, 33, 48, 71, 57, 16, 82, 72, 3, 4, 39, 56, 52, 95, 5, 50, 12, 75, 69, 70, 11, 42, 67, 49, 54, 22, 20, 58, 14, 0], [0, 40, 10, 45, 63, 74, 1, 38, 93, 15, 30, 80, 2, 32, 99, 51, 66, 26, 19, 96, 59, 21, 34, 84, 81, 7, 0], [0, 28, 73, 47, 61, 8, 23, 9, 46, 64, 35, 88, 76, 24, 78, 6, 25, 97, 0], [0, 90, 31, 27, 98, 89, 17, 53, 62, 37, 41, 85, 0], [0, 92, 29, 79, 86, 44, 65, 0]]"
uniform,n100_m5_r02.txt,data\mtsp\generated\n100_m5_r02.txt,100,5,rand+nn,2187.131933445667,0.000979,0.000971,True,"[{""name"": ""rand+nn"", ""objective"": 2187.131933445667, ""time"": 0.000971, ""valid"": true}]","[[0, 98, 48, 77, 5, 82, 9, 65, 54, 52, 6, 1, 84, 90, 81, 17, 34, 13, 99, 3, 10, 0], [0, 7, 92, 12, 70, 36, 91, 66, 11, 25, 43, 46, 24, 71, 14, 8, 76, 63, 87, 53, 20, 0], [0, 19, 55, 18, 30, 33, 61, 44, 93, 40, 58, 23, 96, 29, 39, 16, 22, 59, 21, 74, 72, 0], [0, 60, 27, 15, 85, 35, 75, 41, 56, 78, 62, 28, 37, 79, 69, 2, 88, 80, 51, 42, 50, 0], [0, 26, 83, 86, 97, 64, 47, 38, 57, 49, 67, 95, 73, 94, 68, 4, 89, 32, 45, 31, 0]]"
uniform,n100_m5_r02.txt,data\mtsp\generated\n100_m5_r02.txt,100,5,2opt+greed,1332.4177305103178,0.000557,0.000549,True,"[{""name"": ""2opt+greed"", ""objective"": 1332.4177305103178, ""time"": 0.000549, ""valid"": true}]","[[0, 7, 26, 53, 22, 28, 16, 20, 59, 21, 62, 72, 74, 10, 3, 99, 13, 34, 31, 56, 78, 0], [0, 98, 19, 89, 65, 14, 18, 54, 52, 2, 69, 76, 8, 63, 79, 87, 37, 32, 55, 71, 39, 0], [0, 77, 95, 61, 94, 43, 80, 27, 17, 75, 41, 96, 86, 66, 90, 23, 84, 83, 91, 29, 6, 0], [0, 48, 70, 38, 44, 42, 47, 93, 25, 4, 68, 51, 5, 73, 88, 33, 46, 9, 30, 92, 45, 0], [0, 57, 12, 49, 67, 24, 82, 50, 64, 11, 97, 35, 85, 40, 81, 15, 58, 60, 36, 1, 0]]"
uniform,n100_m5_r02.txt,data\mtsp\generated\n100_m5_r02.txt,100,5,grasp,1097.1088300164374,0.674304,0.67428,True,"[{""name"": ""grasp"", ""objective"": 1097.1088300164374, ""time"": 0.67428, ""valid"": true}]","[[0, 55, 14, 18, 8, 76, 69, 2, 52, 54, 65, 24, 89, 9, 30, 46, 95, 33, 77, 12, 57, 0], [0, 19, 71, 67, 49, 61, 88, 43, 94, 73, 5, 51, 82, 68, 4, 25, 42, 44, 80, 70, 48, 0], [0, 1, 91, 83, 78, 86, 96, 35, 97, 11, 90, 66, 23, 40, 50, 93, 47, 38, 92, 98, 7, 0], [0, 36, 60, 27, 81, 15, 58, 84, 85, 64, 17, 75, 41, 31, 56, 34, 39, 53, 22, 87, 37, 0], [0, 6, 26, 29, 45, 13, 99, 3, 10, 74, 72, 62, 21, 59, 20, 16, 28, 79, 63, 32, 0]]"
uniform,n100_m5_r02.txt,data\mtsp\generated\n100_m5_r02.txt,100,5,lkh-wrapper,1113.6645598778748,0.013391,0.013379,True,"[{""name"": ""lkh-wrapper"", ""objective"": 1113.6645598778748, ""time"": 0.013379, ""valid"": true}]","[[0, 78, 56, 31, 34, 13, 99, 3, 10, 45, 29, 39, 74, 72, 62, 21, 59, 20, 16, 22, 53, 0], [0, 26, 28, 87, 37, 32, 63, 79, 8, 76, 69, 2, 52, 65, 24, 54, 18, 14, 55, 71, 19, 0], [0, 7, 6, 91, 83, 86, 96, 41, 75, 35, 90, 66, 23, 84, 58, 73, 43, 88, 61, 95, 77, 0], [0, 98, 92, 89, 9, 30, 46, 94, 5, 51, 82, 68, 4, 25, 93, 47, 42, 44, 38, 70, 48, 0], [0, 57, 12, 67, 49, 33, 80, 60, 27, 81, 50, 17, 64, 11, 97, 85, 40, 15, 36, 1, 0]]"
uniform,n100_m5_r02.txt,data\mtsp\generated\n100_m5_r02.txt,100,5,lkh-wrapper-v1,1113.6645598778748,0.013043,0.013021,True,"[{""name"": ""lkh-wrapper-v1"", ""objective"": 1113.6645598778748, ""time"": 0.013021, ""valid"": true}]","[[0, 78, 56, 31, 34, 13, 99, 3, 10, 45, 29, 39, 74, 72, 62, 21, 59, 20, 16, 22, 53, 0], [0, 26, 28, 87, 37, 32, 63, 79, 8, 76, 69, 2, 52, 65, 24, 54, 18, 14, 55, 71, 19, 0], [0, 7, 6, 91, 83, 86, 96, 41, 75, 35, 90, 66, 23, 84, 58, 73, 43, 88, 61, 95, 77, 0], [0, 98, 92, 89, 9, 30, 46, 94, 5, 51, 82, 68, 4, 25, 93, 47, 42, 44, 38, 70, 48, 0], [0, 57, 12, 67, 49, 33, 80, 60, 27, 81, 50, 17, 64, 11, 97, 85, 40, 15, 36, 1, 0]]"
uniform,n100_m5_r02.txt,data\mtsp\generated\n100_m5_r02.txt,100,5,lkh-wrapper-v2,1070.4939595913265,0.008336,0.008326,True,"[{""name"": ""lkh-wrapper-v2"", ""objective"": 1070.4939595913265, ""time"": 0.008326, ""valid"": true}]","[[0, 78, 56, 31, 34, 13, 99, 3, 10, 45, 29, 39, 74, 72, 62, 21, 59, 20, 16, 53, 22, 28, 37, 32, 55, 14, 18, 54, 65, 24, 89, 9, 30, 77, 33, 95, 46, 61, 88, 43, 73, 5, 51, 68, 4, 25, 93, 47, 42, 44, 38, 70, 48, 12, 57, 19, 92, 98, 7, 0], [0, 1, 36, 58, 15, 40, 50, 81, 27, 60, 0], [0, 84, 23, 66, 90, 35, 97, 11, 85, 64, 17, 75, 41, 96, 86, 83, 91, 6, 26, 0], [0, 71, 67, 49, 94, 82, 80, 0], [0, 87, 79, 63, 8, 76, 69, 2, 52, 0]]"
uniform,n100_m5_r02.txt,data\mtsp\generated\n100_m5_r02.txt,100,5,lkh-wrapper-v3,1072.2092646905546,0.006945,0.006937,True,"[{""name"": ""lkh-wrapper-v3"", ""objective"": 1072.2092646905546, ""time"": 0.006937, ""valid"": true}]","[[0, 7, 98, 92, 19, 57, 12, 48, 70, 38, 44, 42, 47, 93, 25, 4, 68, 51, 5, 73, 43, 88, 61, 46, 95, 33, 77, 30, 9, 89, 24, 65, 54, 18, 14, 55, 32, 37, 28, 22, 53, 16, 20, 59, 21, 62, 72, 74, 39, 29, 45, 10, 3, 99, 13, 34, 31, 56, 78, 0], [0, 1, 36, 58, 15, 81, 40, 50, 27, 60, 0], [0, 26, 6, 91, 83, 66, 86, 96, 41, 35, 75, 17, 64, 85, 11, 97, 90, 23, 84, 0], [0, 71, 67, 49, 94, 82, 80, 0], [0, 87, 79, 63, 8, 76, 69, 2, 52, 0]]"
uniform,n100_m5_r03.txt,data\mtsp\generated\n100_m5_r03.txt,100,5,rand+nn,2065.5602283224316,0.0005,0.000492,True,"[{""name"": ""rand+nn"", ""objective"": 2065.5602283224316, ""time"": 0.000492, ""valid"": true}]","[[0, 84, 17, 52, 99, 9, 5, 13, 48, 82, 81, 65, 10, 98, 90, 6, 54, 3, 1, 77, 34, 0], [0, 91, 24, 36, 8, 92, 12, 66, 43, 14, 53, 7, 87, 63, 46, 11, 25, 71, 70, 20, 76, 0], [0, 74, 96, 33, 44, 21, 72, 59, 22, 30, 61, 93, 58, 55, 16, 18, 29, 39, 40, 19, 23, 0], [0, 41, 37, 51, 35, 60, 50, 85, 15, 79, 75, 56, 88, 78, 27, 42, 28, 69, 2, 80, 62, 0], [0, 68, 38, 45, 32, 64, 49, 57, 83, 31, 89, 94, 97, 86, 67, 4, 47, 73, 26, 95, 0]]"
uniform,n100_m5_r03.txt,data\mtsp\generated\n100_m5_r03.txt,100,5,2opt+greed,1300.9065962105628,0.000832,0.000823,True,"[{""name"": ""2opt+greed"", ""objective"": 1300.9065962105628, ""time"": 0.000823, ""valid"": true}]","[[0, 41, 84, 35, 61, 1, 77, 73, 34, 93, 76, 58, 17, 55, 75, 16, 71, 48, 4, 13, 40, 0], [0, 68, 96, 69, 36, 33, 12, 6, 44, 54, 57, 2, 90, 83, 23, 89, 94, 43, 19, 31, 98, 0], [0, 74, 97, 53, 7, 86, 78, 81, 88, 87, 39, 9, 5, 11, 46, 29, 52, 15, 85, 99, 63, 0], [0, 91, 24, 38, 45, 32, 72, 3, 95, 60, 50, 47, 20, 79, 25, 18, 56, 70, 67, 82, 14, 0], [0, 37, 51, 8, 21, 64, 62, 59, 26, 22, 49, 30, 80, 92, 66, 65, 10, 27, 42, 28, 0]]"
uniform,n100_m5_r03.txt,data\mtsp\generated\n100_m5_r03.txt,100,5,grasp,1087.4890630245338,0.751705,0.751684,True,"[{""name"": ""grasp"", ""objective"": 1087.4890630245338, ""time"": 0.751684, ""valid"": true}]","[[0, 42, 27, 78, 86, 81, 88, 87, 82, 67, 4, 70, 48, 13, 11, 46, 79, 15, 52, 99, 85, 0], [0, 91, 8, 45, 21, 32, 64, 72, 62, 26, 60, 61, 1, 50, 55, 18, 71, 56, 29, 63, 74, 0], [0, 10, 7, 53, 40, 97, 14, 94, 89, 23, 43, 19, 83, 90, 2, 44, 33, 36, 69, 38, 24, 0], [0, 51, 35, 95, 59, 3, 22, 49, 92, 30, 80, 57, 54, 6, 12, 31, 98, 65, 66, 96, 68, 0], [0, 41, 37, 84, 93, 77, 73, 34, 76, 58, 47, 17, 20, 75, 16, 25, 5, 9, 39, 28, 0]]"
uniform,n100_m5_r03.txt,data\mtsp\generated\n100_m5_r03.txt,100,5,lkh-wrapper,1097.8141314926029,0.015826,0.015809,True,"[{""name"": ""lkh-wrapper"", ""objective"": 1097.8141314926029, ""time"": 0.015809, ""valid"": true}]","[[0, 99, 13, 70, 56, 71, 16, 75, 55, 58, 76, 50, 34, 73, 77, 1, 61, 60, 93, 84, 41, 0], [0, 68, 96, 69, 36, 33, 12, 6, 44, 54, 57, 2, 90, 83, 23, 89, 94, 14, 43, 31, 98, 0], [0, 85, 15, 52, 29, 46, 11, 5, 82, 39, 87, 88, 81, 78, 86, 7, 53, 40, 97, 19, 74, 0], [0, 63, 9, 67, 4, 48, 18, 25, 79, 20, 17, 47, 35, 64, 32, 21, 45, 8, 38, 24, 91, 0], [0, 28, 42, 27, 10, 65, 66, 92, 80, 30, 49, 22, 72, 62, 3, 59, 26, 95, 51, 37, 0]]"
uniform,n100_m5_r03.txt,data\mtsp\generated\n100_m5_r03.txt,100,5,lkh-wrapper-v1,1097.8141314926029,0.015784,0.015767,True,"[{""name"": ""lkh-wrapper-v1"", ""objective"": 1097.8141314926029, ""time"": 0.015767, ""valid"": true}]","[[0, 99, 13, 70, 56, 71, 16, 75, 55, 58, 76, 50, 34, 73, 77, 1, 61, 60, 93, 84, 41, 0], [0, 68, 96, 69, 36, 33, 12, 6, 44, 54, 57, 2, 90, 83, 23, 89, 94, 14, 43, 31, 98, 0], [0, 85, 15, 52, 29, 46, 11, 5, 82, 39, 87, 88, 81, 78, 86, 7, 53, 40, 97, 19, 74, 0], [0, 63, 9, 67, 4, 48, 18, 25, 79, 20, 17, 47, 35, 64, 32, 21, 45, 8, 38, 24, 91, 0], [0, 28, 42, 27, 10, 65, 66, 92, 80, 30, 49, 22, 72, 62, 3, 59, 26, 95, 51, 37, 0]]"
uniform,n100_m5_r03.txt,data\mtsp\generated\n100_m5_r03.txt,100,5,lkh-wrapper-v2,943.25048788474,0.006848,0.006839,True,"[{""name"": ""lkh-wrapper-v2"", ""objective"": 943.25048788474, ""time"": 0.006839, ""valid"": true}]","[[0, 37, 84, 76, 50, 55, 58, 47, 17, 20, 41, 0], [0, 91, 51, 35, 93, 34, 73, 77, 1, 61, 60, 26, 95, 59, 3, 62, 72, 64, 32, 21, 45, 8, 38, 24, 69, 36, 33, 12, 6, 44, 54, 2, 90, 83, 23, 43, 89, 94, 14, 97, 40, 53, 7, 19, 31, 98, 66, 65, 10, 96, 68, 0], [0, 74, 99, 63, 28, 42, 27, 78, 86, 81, 88, 87, 39, 82, 9, 13, 67, 4, 48, 70, 56, 71, 18, 75, 16, 25, 79, 46, 11, 5, 29, 52, 15, 85, 0], [0, 92, 49, 22, 30, 80, 57, 0], [0, 0]]"
uniform,n100_m5_r03.txt,data\mtsp\generated\n100_m5_r03.txt,100,5,lkh-wrapper-v3,1003.0061924704399,0.005994,0.005981,True,"[{""name"": ""lkh-wrapper-v3"", ""objective"": 1003.0061924704399, ""time"": 0.005981, ""valid"": true}]","[[0, 41, 84, 37, 51, 35, 93, 60, 61, 1, 77, 73, 34, 76, 58, 47, 17, 20, 99, 63, 0], [0, 68, 96, 69, 36, 38, 24, 91, 8, 45, 21, 32, 64, 72, 62, 3, 59, 95, 26, 50, 55, 0], [0, 74, 28, 42, 27, 78, 86, 81, 88, 87, 39, 82, 9, 13, 67, 4, 48, 70, 56, 71, 18, 75, 16, 25, 79, 46, 11, 5, 29, 52, 15, 85, 0], [0, 10, 65, 66, 98, 31, 19, 43, 23, 89, 94, 14, 97, 40, 53, 7, 0], [0, 12, 6, 44, 83, 90, 2, 54, 57, 80, 30, 22, 49, 92, 33, 0]]"
uniform,n100_m5_r04.txt,data\mtsp\generated\n100_m5_r04.txt,100,5,rand+nn,2259.909216516844,0.000505,0.000497,True,"[{""name"": ""rand+nn"", ""objective"": 2259.909216516844, ""time"": 0.000497, ""valid"": true}]","[[0, 65, 90, 98, 77, 17, 82, 52, 84, 13, 54, 3, 1, 81, 5, 10, 34, 9, 99, 48, 6, 0], [0, 70, 92, 24, 25, 8, 14, 11, 76, 66, 91, 53, 63, 7, 71, 43, 36, 20, 46, 12, 87, 0], [0, 44, 23, 30, 18, 74, 40, 59, 72, 33, 19, 39, 55, 93, 29, 96, 58, 61, 21, 22, 16, 0], [0, 15, 50, 42, 2, 28, 37, 85, 62, 60, 27, 56, 78, 88, 35, 79, 80, 51, 75, 69, 41, 0], [0, 97, 47, 64, 57, 94, 38, 4, 67, 95, 45, 49, 31, 83, 68, 73, 89, 32, 86, 26, 0]]"
uniform,n100_m5_r04.txt,data\mtsp\generated\n100_m5_r04.txt,100,5,2opt+greed,1592.1299656816057,0.000557,0.000549,True,"[{""name"": ""2opt+greed"", ""objective"": 1592.1299656816057, ""time"": 0.000549, ""valid"": true}]","[[0, 65, 98, 88, 70, 39, 55, 48, 89, 86, 87, 73, 8, 9, 11, 66, 61, 83, 68, 24, 92, 0], [0, 82, 50, 59, 17, 40, 2, 74, 6, 38, 4, 63, 37, 52, 23, 44, 5, 60, 1, 99, 25, 0], [0, 15, 42, 72, 77, 46, 20, 35, 79, 12, 32, 93, 56, 41, 69, 81, 76, 10, 58, 27, 78, 0], [0, 90, 19, 33, 26, 80, 36, 64, 51, 16, 67, 22, 13, 53, 45, 75, 21, 54, 49, 96, 29, 0], [0, 97, 30, 94, 28, 18, 47, 57, 43, 71, 7, 84, 95, 85, 62, 3, 91, 31, 34, 14, 0]]"
uniform,n100_m5_r04.txt,data\mtsp\generated\n100_m5_r04.txt,100,5,grasp,1045.9981774686396,0.703876,0.703853,True,"[{""name"": ""grasp"", ""objective"": 1045.9981774686396, ""time"": 0.703853, ""valid"": true}]","[[0, 98, 88, 70, 46, 20, 35, 79, 12, 86, 87, 32, 89, 48, 55, 39, 73, 93, 92, 78, 24, 0], [0, 54, 21, 75, 45, 53, 13, 67, 4, 94, 30, 18, 28, 57, 47, 50, 59, 72, 15, 82, 65, 0], [0, 97, 23, 52, 37, 7, 63, 22, 84, 95, 85, 62, 3, 91, 49, 31, 1, 60, 81, 66, 68, 0], [0, 27, 29, 56, 25, 96, 8, 14, 41, 34, 9, 99, 69, 11, 58, 83, 10, 61, 76, 5, 44, 0], [0, 38, 6, 71, 43, 16, 51, 64, 36, 74, 2, 40, 17, 80, 26, 77, 33, 42, 19, 90, 0]]"
uniform,n100_m5_r04.txt,data\mtsp\generated\n100_m5_r04.txt,100,5,lkh-wrapper,1253.1721752978697,0.020209,0.020188,True,"[{""name"": ""lkh-wrapper"", ""objective"": 1253.1721752978697, ""time"": 0.020188, ""valid"": true}]","[[0, 10, 69, 99, 9, 8, 96, 25, 56, 29, 92, 93, 32, 89, 48, 55, 39, 70, 88, 98, 65, 0], [0, 82, 50, 59, 72, 40, 2, 74, 23, 52, 37, 7, 4, 67, 63, 85, 60, 81, 66, 5, 44, 0], [0, 15, 42, 33, 77, 46, 20, 35, 79, 12, 86, 87, 73, 27, 14, 41, 34, 11, 58, 83, 68, 0], [0, 62, 54, 21, 75, 45, 53, 13, 22, 38, 16, 51, 64, 36, 17, 80, 26, 19, 90, 78, 24, 0], [0, 97, 30, 94, 28, 18, 47, 57, 43, 71, 6, 84, 95, 3, 91, 49, 31, 1, 76, 61, 0]]"
uniform,n100_m5_r04.txt,data\mtsp\generated\n100_m5_r04.txt,100,5,lkh-wrapper-v1,1253.1721752978697,0.020547,0.020528,True,"[{""name"": ""lkh-wrapper-v1"", ""objective"": 1253.1721752978697, ""time"": 0.020528, ""valid"": true}]","[[0, 10, 69, 99, 9, 8, 96, 25, 56, 29, 92, 93, 32, 89, 48, 55, 39, 70, 88, 98, 65, 0], [0, 82, 50, 59, 72, 40, 2, 74, 23, 52, 37, 7, 4, 67, 63, 85, 60, 81, 66, 5, 44, 0], [0, 15, 42, 33, 77, 46, 20, 35, 79, 12, 86, 87, 73, 27, 14, 41, 34, 11, 58, 83, 68, 0], [0, 62, 54, 21, 75, 45, 53, 13, 22, 38, 16, 51, 64, 36, 17, 80, 26, 19, 90, 78, 24, 0], [0, 97, 30, 94, 28, 18, 47, 57, 43, 71, 6, 84, 95, 3, 91, 49, 31, 1, 76, 61, 0]]"
uniform,n100_m5_r04.txt,data\mtsp\generated\n100_m5_r04.txt,100,5,lkh-wrapper-v2,970.2976443271149,0.009551,0.009542,True,"[{""name"": ""lkh-wrapper-v2"", ""objective"": 970.2976443271149, ""time"": 0.009542, ""valid"": true}]","[[0, 65, 90, 19, 33, 77, 98, 88, 70, 39, 55, 48, 89, 32, 46, 20, 35, 79, 12, 86, 87, 73, 93, 92, 78, 24, 29, 56, 25, 96, 8, 14, 41, 9, 99, 69, 11, 34, 27, 0], [0, 15, 50, 42, 59, 72, 17, 26, 80, 64, 36, 40, 2, 74, 47, 18, 28, 57, 51, 16, 43, 71, 6, 38, 94, 30, 97, 0], [0, 82, 23, 52, 37, 7, 4, 67, 63, 22, 84, 13, 53, 45, 75, 21, 54, 49, 31, 1, 0], [0, 44, 5, 60, 85, 62, 3, 91, 95, 0], [0, 81, 66, 76, 61, 10, 58, 83, 68, 0]]"
uniform,n100_m5_r04.txt,data\mtsp\generated\n100_m5_r04.txt,100,5,lkh-wrapper-v3,962.2890847492638,0.00536,0.005353,True,"[{""name"": ""lkh-wrapper-v3"", ""objective"": 962.2890847492638, ""time"": 0.005353, ""valid"": true}]","[[0, 65, 90, 19, 33, 77, 98, 88, 70, 39, 55, 48, 89, 32, 46, 20, 35, 79, 12, 86, 87, 73, 93, 92, 78, 24, 29, 56, 25, 96, 8, 14, 41, 34, 9, 99, 69, 11, 58, 0], [0, 42, 59, 72, 17, 26, 80, 36, 64, 51, 16, 43, 71, 57, 6, 38, 94, 30, 28, 18, 47, 74, 40, 2, 50, 15, 82, 0], [0, 97, 23, 52, 37, 7, 4, 67, 63, 22, 84, 13, 53, 45, 75, 21, 54, 49, 31, 1, 0], [0, 44, 5, 60, 85, 62, 3, 91, 95, 0], [0, 68, 27, 83, 10, 61, 76, 66, 81, 0]]"
uniform,n100_m5_r05.txt,data\mtsp\generated\n100_m5_r05.txt,100,5,rand+nn,2117.9448840738105,0.000477,0.000468,True,"[{""name"": ""rand+nn"", ""objective"": 2117.9448840738105, ""time"": 0.000468, ""valid"": true}]","[[0, 81, 17, 54, 65, 34, 3, 84, 48, 98, 10, 6, 82, 90, 77, 13, 52, 9, 99, 1, 5, 0], [0, 71, 7, 70, 24, 92, 76, 43, 12, 46, 11, 53, 91, 8, 36, 66, 63, 25, 20, 87, 14, 0], [0, 18, 23, 30, 61, 16, 59, 29, 22, 55, 72, 58, 21, 93, 39, 96, 33, 44, 19, 74, 40, 0], [0, 37, 56, 50, 80, 27, 88, 15, 35, 41, 2, 62, 79, 42, 85, 51, 28, 75, 78, 60, 69, 0], [0, 89, 86, 73, 32, 45, 68, 94, 64, 4, 38, 95, 57, 67, 26, 31, 47, 83, 97, 49, 0]]"
uniform,n100_m5_r05.txt,data\mtsp\generated\n100_m5_r05.txt,100,5,2opt+greed,1417.4276915716807,0.000523,0.000515,True,"[{""name"": ""2opt+greed"", ""objective"": 1417.4276915716807, ""time"": 0.000515, ""valid"": true}]","[[0, 18, 40, 28, 52, 47, 33, 86, 89, 66, 90, 63, 96, 32, 78, 20, 87, 10, 48, 72, 84, 0], [0, 23, 56, 82, 6, 45, 25, 77, 60, 69, 98, 39, 58, 49, 22, 79, 5, 12, 46, 11, 53, 0], [0, 30, 81, 17, 2, 15, 95, 65, 54, 57, 43, 59, 16, 67, 31, 42, 85, 14, 51, 1, 91, 0], [0, 94, 24, 27, 29, 88, 76, 64, 92, 80, 50, 93, 21, 68, 37, 99, 8, 9, 44, 36, 75, 0], [0, 61, 26, 62, 41, 35, 7, 71, 70, 4, 3, 34, 38, 55, 97, 73, 13, 83, 19, 74, 0]]"
uniform,n100_m5_r05.txt,data\mtsp\generated\n100_m5_r05.txt,100,5,grasp,994.413276752658,0.704053,0.70403,True,"[{""name"": ""grasp"", ""objective"": 994.413276752658, ""time"": 0.70403, ""valid"": true}]","[[0, 36, 44, 9, 28, 8, 91, 40, 53, 1, 11, 46, 51, 14, 85, 42, 31, 12, 5, 79, 61, 0], [0, 68, 49, 72, 58, 48, 39, 98, 10, 97, 87, 69, 20, 60, 78, 45, 6, 82, 56, 37, 23, 0], [0, 30, 62, 41, 2, 16, 59, 65, 95, 15, 38, 76, 55, 22, 92, 64, 24, 27, 3, 4, 70, 0], [0, 89, 66, 96, 90, 63, 25, 32, 77, 73, 86, 33, 13, 83, 19, 74, 99, 47, 52, 75, 18, 0], [0, 81, 17, 26, 67, 43, 57, 54, 34, 29, 88, 80, 84, 50, 21, 93, 94, 71, 7, 35, 0]]"
uniform,n100_m5_r05.txt,data\mtsp\generated\n100_m5_r05.txt,100,5,lkh-wrapper,1273.6509946301815,0.040262,0.040231,True,"[{""name"": ""lkh-wrapper"", ""objective"": 1273.6509946301815, ""time"": 0.040231, ""valid"": true}]","[[0, 58, 48, 39, 10, 97, 20, 60, 77, 63, 90, 96, 66, 86, 33, 36, 44, 75, 89, 18, 30, 0], [0, 23, 37, 82, 6, 45, 25, 78, 69, 87, 98, 72, 49, 84, 80, 12, 79, 5, 1, 53, 91, 0], [0, 81, 62, 2, 16, 67, 59, 54, 65, 15, 95, 57, 43, 42, 31, 85, 14, 51, 46, 11, 40, 0], [0, 28, 9, 8, 99, 74, 19, 56, 68, 21, 93, 50, 92, 64, 22, 55, 76, 38, 88, 29, 27, 0], [0, 61, 26, 17, 41, 35, 7, 71, 70, 4, 3, 34, 24, 94, 32, 73, 13, 83, 47, 52, 0]]"
uniform,n100_m5_r05.txt,data\mtsp\generated\n100_m5_r05.txt,100,5,lkh-wrapper-v1,1273.6509946301815,0.037602,0.037582,True,"[{""name"": ""lkh-wrapper-v1"", ""objective"": 1273.6509946301815, ""time"": 0.037582, ""valid"": true}]","[[0, 58, 48, 39, 10, 97, 20, 60, 77, 63, 90, 96, 66, 86, 33, 36, 44, 75, 89, 18, 30, 0], [0, 23, 37, 82, 6, 45, 25, 78, 69, 87, 98, 72, 49, 84, 80, 12, 79, 5, 1, 53, 91, 0], [0, 81, 62, 2, 16, 67, 59, 54, 65, 15, 95, 57, 43, 42, 31, 85, 14, 51, 46, 11, 40, 0], [0, 28, 9, 8, 99, 74, 19, 56, 68, 21, 93, 50, 92, 64, 22, 55, 76, 38, 88, 29, 27, 0], [0, 61, 26, 17, 41, 35, 7, 71, 70, 4, 3, 34, 24, 94, 32, 73, 13, 83, 47, 52, 0]]"
uniform,n100_m5_r05.txt,data\mtsp\generated\n100_m5_r05.txt,100,5,lkh-wrapper-v2,914.0764555303356,0.011751,0.011739,True,"[{""name"": ""lkh-wrapper-v2"", ""objective"": 914.0764555303356, ""time"": 0.011739, ""valid"": true}]","[[0, 30, 61, 81, 26, 17, 62, 2, 16, 67, 59, 43, 57, 54, 65, 95, 15, 41, 0], [0, 23, 37, 89, 66, 90, 63, 96, 32, 25, 45, 6, 82, 56, 21, 93, 50, 80, 92, 64, 24, 70, 71, 7, 35, 4, 3, 34, 27, 29, 88, 38, 76, 55, 22, 84, 49, 72, 58, 48, 39, 98, 10, 97, 87, 69, 20, 60, 78, 77, 73, 86, 33, 47, 52, 36, 44, 9, 28, 8, 91, 40, 53, 1, 11, 46, 51, 14, 85, 42, 31, 12, 5, 79, 0], [0, 94, 68, 0], [0, 18, 0], [0, 75, 99, 74, 19, 83, 13, 0]]"
uniform,n100_m5_r05.txt,data\mtsp\generated\n100_m5_r05.txt,100,5,lkh-wrapper-v3,916.8095714662031,0.01072,0.01071,True,"[{""name"": ""lkh-wrapper-v3"", ""objective"": 916.8095714662031, ""time"": 0.01071, ""valid"": true}]","[[0, 30, 61, 81, 26, 17, 62, 2, 16, 67, 59, 43, 57, 54, 65, 95, 15, 41, 0], [0, 23, 37, 89, 66, 90, 63, 32, 25, 96, 45, 6, 82, 56, 21, 93, 50, 80, 92, 64, 24, 70, 71, 7, 35, 4, 3, 34, 27, 29, 88, 38, 76, 55, 22, 84, 49, 72, 58, 48, 39, 98, 10, 97, 87, 69, 20, 60, 78, 77, 73, 86, 33, 47, 52, 36, 44, 9, 28, 8, 91, 40, 53, 1, 11, 46, 51, 14, 85, 42, 31, 12, 5, 79, 0], [0, 94, 68, 0], [0, 18, 0], [0, 75, 99, 74, 19, 83, 13, 0]]"
uniform,n100_m5_r06.txt,data\mtsp\generated\n100_m5_r06.txt,100,5,rand+nn,2191.8373184313036,0.000513,0.000505,True,"[{""name"": ""rand+nn"", ""objective"": 2191.8373184313036, ""time"": 0.000505, ""valid"": true}]","[[0, 84, 65, 82, 3, 98, 1, 52, 48, 99, 54, 90, 5, 17, 77, 81, 10, 6, 34, 13, 9, 0], [0, 14, 8, 7, 87, 76, 92, 12, 36, 70, 46, 25, 43, 11, 66, 91, 20, 24, 63, 71, 53, 0], [0, 61, 18, 40, 59, 16, 21, 74, 23, 55, 96, 19, 39, 33, 72, 58, 44, 29, 22, 93, 30, 0], [0, 60, 75, 28, 88, 79, 51, 56, 80, 37, 62, 69, 15, 41, 42, 85, 35, 78, 50, 2, 27, 0], [0, 47, 32, 4, 97, 83, 68, 45, 89, 95, 67, 57, 94, 26, 64, 31, 38, 86, 73, 49, 0]]"
uniform,n100_m5_r06.txt,data\mtsp\generated\n100_m5_r06.txt,100,5,2opt+greed,1225.4352055171082,0.00057,0.000562,True,"[{""name"": ""2opt+greed"", ""objective"": 1225.4352055171082, ""time"": 0.000562, ""valid"": true}]","[[0, 61, 28, 90, 21, 5, 51, 95, 77, 56, 17, 37, 62, 69, 45, 15, 42, 66, 43, 25, 78, 0], [0, 18, 84, 2, 86, 38, 72, 58, 9, 27, 22, 49, 36, 12, 52, 30, 70, 76, 87, 32, 65, 0], [0, 14, 94, 34, 33, 26, 29, 13, 44, 53, 31, 64, 73, 92, 93, 1, 50, 98, 3, 7, 82, 0], [0, 60, 75, 16, 88, 57, 79, 67, 71, 80, 81, 89, 39, 63, 19, 10, 83, 11, 97, 46, 4, 0], [0, 40, 54, 74, 68, 24, 20, 96, 41, 55, 23, 91, 6, 85, 35, 48, 99, 8, 47, 59, 0]]"
uniform,n100_m5_r06.txt,data\mtsp\generated\n100_m5_r06.txt,100,5,grasp,1007.2023900758979,0.756884,0.756861,True,"[{""name"": ""grasp"", ""objective"": 1007.2023900758979, ""time"": 0.756861, ""valid"": true}]","[[0, 38, 86, 73, 36, 49, 22, 27, 9, 58, 64, 31, 53, 44, 13, 29, 26, 33, 34, 72, 18, 0], [0, 59, 40, 90, 15, 45, 89, 81, 37, 17, 51, 95, 77, 56, 80, 71, 67, 79, 57, 94, 14, 0], [0, 54, 68, 41, 96, 20, 24, 10, 19, 63, 39, 69, 62, 5, 88, 16, 21, 75, 28, 60, 61, 0], [0, 84, 2, 92, 52, 12, 93, 30, 1, 70, 4, 78, 98, 50, 3, 7, 32, 76, 87, 65, 82, 0], [0, 8, 99, 48, 23, 91, 6, 85, 35, 46, 25, 97, 43, 11, 66, 83, 42, 55, 74, 47, 0]]"
uniform,n100_m5_r06.txt,data\mtsp\generated\n100_m5_r06.txt,100,5,lkh-wrapper,1196.4887127636825,0.010026,0.01001,True,"[{""name"": ""lkh-wrapper"", ""objective"": 1196.4887127636825, ""time"": 0.01001, ""valid"": true}]","[[0, 61, 28, 90, 21, 5, 51, 95, 77, 56, 17, 37, 62, 69, 45, 10, 42, 11, 43, 97, 82, 0], [0, 18, 72, 58, 9, 27, 22, 49, 36, 12, 93, 30, 1, 76, 87, 32, 65, 2, 86, 38, 84, 0], [0, 14, 94, 34, 33, 26, 29, 13, 44, 53, 31, 64, 73, 92, 52, 70, 4, 98, 50, 3, 7, 0], [0, 60, 75, 16, 88, 57, 79, 67, 71, 80, 81, 89, 39, 63, 19, 15, 83, 66, 25, 46, 78, 0], [0, 47, 8, 99, 48, 35, 85, 6, 91, 23, 55, 41, 96, 20, 24, 68, 74, 54, 59, 40, 0]]"
uniform,n100_m5_r06.txt,data\mtsp\generated\n100_m5_r06.txt,100,5,lkh-wrapper-v1,1196.4887127636825,0.007771,0.007762,True,"[{""name"": ""lkh-wrapper-v1"", ""objective"": 1196.4887127636825, ""time"": 0.007762, ""valid"": true}]","[[0, 61, 28, 90, 21, 5, 51, 95, 77, 56, 17, 37, 62, 69, 45, 10, 42, 11, 43, 97, 82, 0], [0, 18, 72, 58, 9, 27, 22, 49, 36, 12, 93, 30, 1, 76, 87, 32, 65, 2, 86, 38, 84, 0], [0, 14, 94, 34, 33, 26, 29, 13, 44, 53, 31, 64, 73, 92, 52, 70, 4, 98, 50, 3, 7, 0], [0, 60, 75, 16, 88, 57, 79, 67, 71, 80, 81, 89, 39, 63, 19, 15, 83, 66, 25, 46, 78, 0], [0, 47, 8, 99, 48, 35, 85, 6, 91, 23, 55, 41, 96, 20, 24, 68, 74, 54, 59, 40, 0]]"
uniform,n100_m5_r06.txt,data\mtsp\generated\n100_m5_r06.txt,100,5,lkh-wrapper-v2,1002.1108899223323,0.013117,0.013102,True,"[{""name"": ""lkh-wrapper-v2"", ""objective"": 1002.1108899223323, ""time"": 0.013102, ""valid"": true}]","[[0, 61, 14, 18, 84, 38, 86, 2, 92, 52, 93, 30, 70, 1, 76, 87, 65, 32, 82, 7, 3, 50, 4, 98, 78, 35, 46, 97, 25, 85, 91, 6, 43, 11, 66, 83, 42, 0], [0, 47, 8, 99, 48, 23, 55, 41, 96, 20, 10, 24, 15, 68, 74, 54, 59, 40, 0], [0, 26, 67, 71, 80, 5, 16, 21, 90, 28, 75, 60, 0], [0, 88, 37, 62, 45, 19, 63, 39, 69, 89, 81, 17, 56, 77, 95, 51, 79, 57, 0], [0, 72, 73, 12, 36, 49, 22, 27, 9, 58, 64, 31, 53, 44, 13, 29, 33, 34, 94, 0]]"
uniform,n100_m5_r06.txt,data\mtsp\generated\n100_m5_r06.txt,100,5,lkh-wrapper-v3,1002.1108899223323,0.004583,0.004568,True,"[{""name"": ""lkh-wrapper-v3"", ""objective"": 1002.1108899223323, ""time"": 0.004568, ""valid"": true}]","[[0, 61, 14, 18, 84, 38, 86, 2, 92, 52, 93, 30, 70, 1, 76, 87, 65, 32, 82, 7, 3, 50, 4, 98, 78, 35, 46, 97, 25, 85, 91, 6, 43, 11, 66, 83, 42, 0], [0, 40, 59, 54, 74, 68, 15, 24, 10, 20, 96, 41, 55, 23, 48, 99, 8, 47, 0], [0, 60, 75, 28, 90, 21, 16, 5, 80, 71, 67, 26, 0], [0, 57, 79, 51, 95, 77, 56, 17, 81, 89, 69, 39, 63, 19, 45, 62, 37, 88, 0], [0, 94, 34, 33, 29, 13, 44, 53, 31, 64, 58, 9, 27, 22, 49, 36, 12, 73, 72, 0]]"
uniform,n100_m5_r07.txt,data\mtsp\generated\n100_m5_r07.txt,100,5,rand+nn,2264.5362896764354,0.000464,0.000457,True,"[{""name"": ""rand+nn"", ""objective"": 2264.5362896764354, ""time"": 0.000457, ""valid"": true}]","[[0, 98, 5, 99, 54, 90, 82, 48, 34, 52, 81, 1, 84, 17, 3, 65, 77, 10, 9, 6, 13, 0], [0, 70, 20, 25, 12, 53, 24, 8, 36, 91, 63, 43, 46, 87, 14, 71, 92, 7, 66, 76, 11, 0], [0, 58, 22, 23, 93, 74, 55, 96, 44, 33, 18, 72, 59, 39, 61, 29, 40, 30, 19, 21, 16, 0], [0, 41, 42, 85, 69, 51, 79, 15, 78, 60, 80, 2, 88, 27, 56, 28, 37, 50, 62, 35, 75, 0], [0, 94, 86, 97, 95, 45, 26, 57, 83, 49, 31, 89, 73, 64, 47, 32, 4, 67, 38, 68, 0]]"
uniform,n100_m5_r07.txt,data\mtsp\generated\n100_m5_r07.txt,100,5,2opt+greed,1427.0824049839468,0.000608,0.0006,True,"[{""name"": ""2opt+greed"", ""objective"": 1427.0824049839468, ""time"": 0.0006, ""valid"": true}]","[[0, 94, 74, 55, 96, 83, 80, 76, 18, 84, 57, 26, 2, 44, 45, 33, 3, 65, 56, 8, 35, 0], [0, 41, 25, 12, 62, 24, 47, 91, 19, 53, 50, 32, 4, 67, 16, 28, 37, 97, 77, 7, 92, 0], [0, 70, 42, 23, 93, 78, 49, 31, 60, 39, 1, 11, 59, 68, 72, 88, 27, 86, 10, 21, 75, 0], [0, 20, 98, 5, 46, 85, 61, 29, 48, 69, 64, 51, 40, 82, 90, 54, 30, 99, 43, 6, 63, 0], [0, 58, 22, 87, 34, 14, 71, 52, 73, 79, 15, 89, 81, 38, 17, 95, 66, 13, 36, 9, 0]]"
uniform,n100_m5_r07.txt,data\mtsp\generated\n100_m5_r07.txt,100,5,grasp,1007.7919757062323,0.768109,0.768086,True,"[{""name"": ""grasp"", ""objective"": 1007.7919757062323, ""time"": 0.768086, ""valid"": true}]","[[0, 23, 73, 71, 85, 61, 29, 48, 69, 64, 51, 40, 82, 90, 54, 30, 46, 14, 34, 42, 20, 0], [0, 41, 98, 43, 99, 5, 22, 87, 52, 79, 15, 89, 81, 60, 39, 1, 80, 83, 84, 96, 74, 0], [0, 94, 92, 55, 26, 2, 44, 45, 57, 72, 18, 76, 38, 68, 59, 11, 31, 49, 78, 93, 70, 0], [0, 58, 25, 62, 24, 8, 47, 9, 63, 6, 75, 91, 35, 21, 36, 4, 32, 50, 10, 19, 12, 0], [0, 53, 67, 16, 28, 13, 37, 66, 95, 17, 33, 88, 65, 3, 97, 77, 7, 56, 27, 86, 0]]"
uniform,n100_m5_r07.txt,data\mtsp\generated\n100_m5_r07.txt,100,5,lkh-wrapper,1245.904006468376,0.018649,0.018626,True,"[{""name"": ""lkh-wrapper"", ""objective"": 1245.904006468376, ""time"": 0.018626, ""valid"": true}]","[[0, 91, 75, 35, 65, 3, 33, 45, 44, 2, 84, 18, 72, 38, 76, 80, 83, 96, 55, 74, 94, 0], [0, 86, 7, 77, 97, 28, 13, 16, 67, 4, 36, 21, 8, 9, 47, 24, 19, 62, 12, 25, 58, 0], [0, 20, 70, 23, 93, 78, 49, 31, 60, 39, 1, 11, 59, 68, 57, 88, 56, 50, 32, 10, 53, 0], [0, 63, 6, 43, 30, 54, 90, 82, 40, 51, 64, 69, 48, 29, 61, 85, 46, 99, 5, 98, 41, 0], [0, 42, 22, 87, 34, 14, 71, 52, 73, 79, 89, 81, 15, 26, 17, 95, 66, 37, 27, 92, 0]]"
uniform,n100_m5_r07.txt,data\mtsp\generated\n100_m5_r07.txt,100,5,lkh-wrapper-v1,1245.904006468376,0.01789,0.017868,True,"[{""name"": ""lkh-wrapper-v1"", ""objective"": 1245.904006468376, ""time"": 0.017868, ""valid"": true}]","[[0, 91, 75, 35, 65, 3, 33, 45, 44, 2, 84, 18, 72, 38, 76, 80, 83, 96, 55, 74, 94, 0], [0, 86, 7, 77, 97, 28, 13, 16, 67, 4, 36, 21, 8, 9, 47, 24, 19, 62, 12, 25, 58, 0], [0, 20, 70, 23, 93, 78, 49, 31, 60, 39, 1, 11, 59, 68, 57, 88, 56, 50, 32, 10, 53, 0], [0, 63, 6, 43, 30, 54, 90, 82, 40, 51, 64, 69, 48, 29, 61, 85, 46, 99, 5, 98, 41, 0], [0, 42, 22, 87, 34, 14, 71, 52, 73, 79, 89, 81, 15, 26, 17, 95, 66, 37, 27, 92, 0]]"
uniform,n100_m5_r07.txt,data\mtsp\generated\n100_m5_r07.txt,100,5,lkh-wrapper-v2,977.284106068674,0.026098,0.026082,True,"[{""name"": ""lkh-wrapper-v2"", ""objective"": 977.284106068674, ""time"": 0.026082, ""valid"": true}]","[[0, 70, 20, 41, 58, 25, 12, 62, 24, 19, 53, 50, 10, 21, 36, 32, 4, 67, 16, 28, 13, 37, 66, 95, 17, 0], [0, 94, 92, 86, 27, 88, 33, 65, 3, 97, 77, 7, 56, 8, 35, 91, 75, 6, 63, 9, 47, 0], [0, 98, 22, 5, 99, 43, 30, 54, 90, 82, 40, 51, 64, 69, 48, 29, 61, 85, 46, 87, 34, 14, 71, 52, 73, 79, 89, 81, 15, 93, 74, 0], [0, 55, 26, 2, 44, 45, 57, 84, 80, 76, 18, 72, 38, 68, 59, 11, 1, 39, 60, 31, 49, 78, 83, 96, 0], [0, 23, 42, 0]]"
uniform,n100_m5_r07.txt,data\mtsp\generated\n100_m5_r07.txt,100,5,lkh-wrapper-v3,928.0097206969803,0.006522,0.006512,True,"[{""name"": ""lkh-wrapper-v3"", ""objective"": 928.0097206969803, ""time"": 0.006512, ""valid"": true}]","[[0, 70, 20, 41, 58, 25, 12, 62, 24, 19, 8, 47, 9, 63, 6, 75, 91, 35, 21, 36, 10, 50, 32, 4, 16, 67, 53, 0], [0, 92, 86, 56, 7, 77, 97, 28, 13, 37, 66, 95, 17, 3, 65, 33, 88, 27, 94, 0], [0, 98, 5, 99, 43, 30, 54, 90, 82, 40, 51, 64, 69, 48, 29, 61, 85, 46, 87, 34, 14, 71, 52, 73, 79, 89, 81, 15, 78, 93, 23, 0], [0, 74, 96, 49, 31, 60, 39, 1, 11, 59, 68, 38, 72, 18, 76, 80, 83, 84, 57, 45, 44, 2, 26, 55, 0], [0, 42, 22, 0]]"
uniform,n100_m5_r08.txt,data\mtsp\generated\n100_m5_r08.txt,100,5,rand+nn,2104.8096813711977,0.000771,0.000762,True,"[{""name"": ""rand+nn"", ""objective"": 2104.8096813711977, ""time"": 0.000762, ""valid"": true}]","[[0, 90, 48, 10, 34, 99, 3, 84, 5, 54, 17, 9, 82, 77, 13, 81, 52, 65, 6, 98, 1, 0], [0, 7, 24, 12, 87, 20, 36, 8, 76, 43, 92, 53, 70, 63, 14, 91, 66, 71, 25, 11, 46, 0], [0, 23, 72, 22, 44, 18, 58, 29, 74, 93, 19, 16, 21, 39, 59, 40, 61, 33, 30, 96, 55, 0], [0, 28, 42, 27, 50, 75, 85, 69, 80, 88, 37, 56, 78, 35, 62, 60, 51, 79, 15, 41, 2, 0], [0, 94, 89, 38, 47, 49, 4, 83, 68, 97, 31, 64, 86, 45, 67, 73, 26, 57, 32, 95, 0]]"
uniform,n100_m5_r08.txt,data\mtsp\generated\n100_m5_r08.txt,100,5,2opt+greed,1235.3823863227844,0.000558,0.00055,True,"[{""name"": ""2opt+greed"", ""objective"": 1235.3823863227844, ""time"": 0.00055, ""valid"": true}]","[[0, 94, 42, 47, 81, 43, 33, 55, 65, 41, 15, 68, 51, 6, 24, 72, 10, 48, 91, 37, 66, 0], [0, 90, 14, 26, 88, 71, 74, 5, 11, 80, 69, 16, 17, 9, 70, 32, 54, 85, 19, 93, 63, 0], [0, 7, 89, 38, 27, 92, 53, 40, 50, 77, 13, 95, 59, 39, 82, 75, 21, 61, 25, 3, 84, 0], [0, 23, 12, 73, 67, 87, 45, 99, 57, 20, 56, 29, 34, 36, 58, 8, 86, 78, 98, 64, 76, 0], [0, 28, 49, 4, 83, 30, 52, 2, 46, 96, 79, 44, 1, 18, 60, 62, 35, 31, 97, 22, 0]]"
uniform,n100_m5_r08.txt,data\mtsp\generated\n100_m5_r08.txt,100,5,grasp,977.7410398409522,0.685449,0.685425,True,"[{""name"": ""grasp"", ""objective"": 977.7410398409522, ""time"": 0.685425, ""valid"": true}]","[[0, 63, 5, 74, 91, 84, 26, 88, 66, 37, 71, 25, 3, 99, 57, 20, 56, 45, 87, 67, 48, 0], [0, 90, 89, 38, 61, 21, 82, 9, 95, 59, 39, 75, 50, 40, 53, 92, 27, 81, 43, 49, 28, 0], [0, 7, 42, 47, 77, 13, 17, 32, 70, 54, 16, 85, 19, 93, 69, 80, 11, 14, 73, 12, 23, 0], [0, 94, 4, 83, 33, 55, 65, 46, 41, 2, 52, 30, 96, 79, 15, 68, 44, 51, 22, 6, 24, 0], [0, 10, 34, 36, 29, 58, 8, 86, 78, 64, 31, 98, 35, 62, 60, 18, 1, 76, 97, 72, 0]]"
uniform,n100_m5_r08.txt,data\mtsp\generated\n100_m5_r08.txt,100,5,lkh-wrapper,1120.8384432426813,0.012625,0.012606,True,"[{""name"": ""lkh-wrapper"", ""objective"": 1120.8384432426813, ""time"": 0.012606, ""valid"": true}]","[[0, 7, 42, 47, 81, 43, 33, 55, 46, 41, 15, 44, 51, 22, 6, 72, 10, 34, 25, 71, 37, 0], [0, 90, 14, 26, 66, 88, 74, 5, 11, 80, 69, 16, 17, 9, 70, 32, 54, 85, 19, 93, 63, 0], [0, 94, 89, 38, 61, 27, 92, 53, 40, 50, 77, 13, 95, 59, 39, 82, 75, 21, 84, 3, 91, 0], [0, 23, 12, 73, 67, 87, 45, 99, 57, 20, 56, 29, 58, 8, 86, 78, 98, 31, 64, 36, 48, 0], [0, 28, 49, 4, 83, 30, 52, 65, 2, 96, 79, 68, 76, 1, 18, 60, 62, 35, 97, 24, 0]]"
uniform,n100_m5_r08.txt,data\mtsp\generated\n100_m5_r08.txt,100,5,lkh-wrapper-v1,1120.8384432426813,0.013144,0.013125,True,"[{""name"": ""lkh-wrapper-v1"", ""objective"": 1120.8384432426813, ""time"": 0.013125, ""valid"": true}]","[[0, 7, 42, 47, 81, 43, 33, 55, 46, 41, 15, 44, 51, 22, 6, 72, 10, 34, 25, 71, 37, 0], [0, 90, 14, 26, 66, 88, 74, 5, 11, 80, 69, 16, 17, 9, 70, 32, 54, 85, 19, 93, 63, 0], [0, 94, 89, 38, 61, 27, 92, 53, 40, 50, 77, 13, 95, 59, 39, 82, 75, 21, 84, 3, 91, 0], [0, 23, 12, 73, 67, 87, 45, 99, 57, 20, 56, 29, 58, 8, 86, 78, 98, 31, 64, 36, 48, 0], [0, 28, 49, 4, 83, 30, 52, 65, 2, 96, 79, 68, 76, 1, 18, 60, 62, 35, 97, 24, 0]]"
uniform,n100_m5_r08.txt,data\mtsp\generated\n100_m5_r08.txt,100,5,lkh-wrapper-v2,992.7237548683918,0.009343,0.009329,True,"[{""name"": ""lkh-wrapper-v2"", ""objective"": 992.7237548683918, ""time"": 0.009329, ""valid"": true}]","[[0, 94, 7, 42, 28, 49, 4, 83, 30, 52, 2, 65, 33, 43, 81, 47, 27, 89, 38, 61, 21, 75, 82, 39, 59, 95, 17, 32, 54, 16, 85, 19, 93, 69, 80, 11, 5, 74, 88, 71, 25, 37, 66, 26, 84, 0], [0, 24, 6, 97, 22, 51, 44, 68, 76, 1, 18, 60, 62, 35, 31, 64, 98, 78, 86, 8, 58, 29, 56, 20, 45, 87, 67, 73, 12, 23, 90, 0], [0, 72, 10, 36, 34, 48, 0], [0, 63, 14, 91, 3, 99, 57, 0], [0, 70, 9, 13, 77, 50, 40, 53, 92, 55, 46, 41, 15, 79, 96, 0]]"
uniform,n100_m5_r08.txt,data\mtsp\generated\n100_m5_r08.txt,100,5,lkh-wrapper-v3,960.117206956291,0.006966,0.006958,True,"[{""name"": ""lkh-wrapper-v3"", ""objective"": 960.117206956291, ""time"": 0.006958, ""valid"": true}]","[[0, 94, 7, 42, 28, 49, 4, 83, 30, 52, 2, 65, 33, 43, 81, 47, 27, 89, 38, 61, 39, 95, 9, 82, 75, 21, 70, 32, 54, 85, 19, 93, 69, 80, 11, 5, 74, 88, 71, 25, 37, 66, 26, 84, 0], [0, 23, 12, 73, 67, 87, 45, 20, 56, 29, 58, 8, 86, 78, 98, 64, 31, 35, 62, 60, 18, 1, 76, 22, 6, 24, 51, 44, 68, 15, 79, 96, 41, 46, 55, 92, 53, 40, 50, 59, 77, 13, 17, 16, 63, 0], [0, 72, 97, 36, 34, 10, 48, 0], [0, 90, 14, 91, 3, 99, 57, 0], [0, 0]]"
uniform,n100_m5_r09.txt,data\mtsp\generated\n100_m5_r09.txt,100,5,rand+nn,2197.234639858463,0.000453,0.000446,True,"[{""name"": ""rand+nn"", ""objective"": 2197.234639858463, ""time"": 0.000446, ""valid"": true}]","[[0, 77, 9, 82, 3, 98, 65, 52, 13, 81, 54, 5, 17, 48, 34, 6, 10, 99, 90, 1, 84, 0], [0, 92, 14, 91, 76, 53, 63, 12, 11, 25, 20, 8, 70, 46, 7, 43, 66, 36, 24, 87, 71, 0], [0, 18, 23, 30, 96, 72, 29, 59, 21, 93, 39, 33, 19, 44, 40, 55, 74, 61, 22, 16, 58, 0], [0, 60, 79, 27, 69, 42, 51, 28, 41, 62, 75, 78, 85, 35, 88, 37, 50, 80, 15, 56, 2, 0], [0, 57, 32, 95, 45, 86, 97, 68, 67, 31, 64, 26, 47, 49, 4, 38, 83, 73, 89, 94, 0]]"
uniform,n100_m5_r09.txt,data\mtsp\generated\n100_m5_r09.txt,100,5,2opt+greed,1566.8438900044548,0.000551,0.000543,True,"[{""name"": ""2opt+greed"", ""objective"": 1566.8438900044548, ""time"": 0.000543, ""valid"": true}]","[[0, 60, 52, 38, 2, 61, 41, 71, 6, 35, 84, 53, 1, 90, 37, 24, 29, 72, 65, 30, 92, 0], [0, 79, 9, 14, 21, 82, 67, 91, 93, 68, 76, 33, 63, 40, 10, 75, 48, 16, 4, 47, 83, 0], [0, 27, 69, 42, 89, 70, 46, 73, 51, 28, 74, 7, 5, 58, 54, 43, 22, 56, 15, 66, 13, 0], [0, 57, 20, 32, 95, 44, 19, 78, 25, 99, 12, 85, 11, 45, 62, 94, 8, 81, 96, 49, 59, 0], [0, 18, 50, 36, 80, 17, 55, 34, 87, 86, 97, 88, 64, 39, 31, 3, 98, 26, 77, 23, 0]]"
uniform,n100_m5_r09.txt,data\mtsp\generated\n100_m5_r09.txt,100,5,grasp,1037.1702379512963,0.667898,0.667878,True,"[{""name"": ""grasp"", ""objective"": 1037.1702379512963, ""time"": 0.667878, ""valid"": true}]","[[0, 67, 91, 93, 68, 76, 84, 53, 64, 88, 1, 90, 39, 37, 31, 82, 14, 77, 98, 26, 30, 0], [0, 18, 16, 81, 61, 74, 7, 5, 54, 22, 43, 2, 66, 56, 15, 80, 83, 96, 92, 23, 60, 0], [0, 95, 44, 10, 75, 62, 94, 48, 55, 41, 17, 28, 51, 73, 46, 70, 89, 42, 8, 69, 27, 0], [0, 79, 9, 21, 3, 24, 59, 13, 29, 72, 65, 47, 49, 50, 4, 52, 38, 36, 58, 57, 78, 0], [0, 20, 32, 19, 40, 45, 87, 34, 71, 6, 35, 86, 97, 33, 63, 85, 12, 11, 99, 25, 0]]"
uniform,n100_m5_r09.txt,data\mtsp\generated\n100_m5_r09.txt,100,5,lkh-wrapper,1313.968196459189,0.024272,0.024249,True,"[{""name"": ""lkh-wrapper"", ""objective"": 1313.968196459189, ""time"": 0.024249, ""valid"": true}]","[[0, 18, 83, 36, 38, 50, 65, 72, 13, 59, 29, 39, 90, 1, 53, 84, 35, 6, 71, 41, 17, 0], [0, 20, 78, 86, 63, 33, 76, 68, 93, 91, 67, 82, 21, 14, 9, 77, 4, 52, 66, 81, 16, 0], [0, 80, 15, 56, 2, 43, 22, 54, 58, 5, 7, 74, 61, 28, 51, 73, 46, 70, 89, 42, 69, 0], [0, 92, 23, 79, 25, 99, 12, 85, 11, 40, 19, 32, 95, 44, 10, 75, 62, 94, 8, 57, 27, 0], [0, 60, 96, 49, 47, 30, 26, 98, 3, 24, 31, 37, 64, 88, 97, 45, 87, 34, 55, 48, 0]]"
uniform,n100_m5_r09.txt,data\mtsp\generated\n100_m5_r09.txt,100,5,lkh-wrapper-v1,1313.968196459189,0.022354,0.022332,True,"[{""name"": ""lkh-wrapper-v1"", ""objective"": 1313.968196459189, ""time"": 0.022332, ""valid"": true}]","[[0, 18, 83, 36, 38, 50, 65, 72, 13, 59, 29, 39, 90, 1, 53, 84, 35, 6, 71, 41, 17, 0], [0, 20, 78, 86, 63, 33, 76, 68, 93, 91, 67, 82, 21, 14, 9, 77, 4, 52, 66, 81, 16, 0], [0, 80, 15, 56, 2, 43, 22, 54, 58, 5, 7, 74, 61, 28, 51, 73, 46, 70, 89, 42, 69, 0], [0, 92, 23, 79, 25, 99, 12, 85, 11, 40, 19, 32, 95, 44, 10, 75, 62, 94, 8, 57, 27, 0], [0, 60, 96, 49, 47, 30, 26, 98, 3, 24, 31, 37, 64, 88, 97, 45, 87, 34, 55, 48, 0]]"
uniform,n100_m5_r09.txt,data\mtsp\generated\n100_m5_r09.txt,100,5,lkh-wrapper-v2,1001.7659215232939,0.006895,0.006886,True,"[{""name"": ""lkh-wrapper-v2"", ""objective"": 1001.7659215232939, ""time"": 0.006886, ""valid"": true}]","[[0, 60, 18, 92, 23, 29, 13, 59, 24, 3, 31, 37, 39, 64, 88, 1, 90, 76, 68, 93, 91, 67, 82, 21, 14, 9, 77, 0], [0, 53, 84, 97, 33, 63, 86, 85, 12, 11, 99, 25, 78, 19, 44, 95, 32, 20, 57, 27, 0], [0, 79, 0], [0, 83, 96, 30, 98, 26, 72, 65, 47, 49, 50, 4, 52, 38, 36, 58, 54, 5, 7, 74, 61, 22, 43, 2, 66, 15, 80, 56, 81, 16, 51, 73, 46, 70, 89, 42, 69, 0], [0, 10, 75, 62, 8, 28, 94, 17, 41, 48, 55, 34, 87, 71, 6, 35, 45, 40, 0]]"
uniform,n100_m5_r09.txt,data\mtsp\generated\n100_m5_r09.txt,100,5,lkh-wrapper-v3,973.1498136702355,0.005204,0.005193,True,"[{""name"": ""lkh-wrapper-v3"", ""objective"": 973.1498136702355, ""time"": 0.005193, ""valid"": true}]","[[0, 60, 18, 92, 23, 29, 13, 59, 24, 3, 31, 37, 39, 64, 88, 1, 90, 76, 68, 93, 91, 67, 82, 21, 14, 9, 77, 0], [0, 27, 57, 44, 95, 32, 20, 78, 25, 99, 11, 12, 85, 35, 86, 63, 33, 97, 84, 53, 0], [0, 79, 0], [0, 69, 42, 89, 70, 46, 73, 51, 61, 74, 7, 5, 58, 54, 22, 43, 2, 66, 36, 38, 52, 4, 50, 49, 47, 65, 72, 26, 98, 30, 96, 83, 80, 15, 56, 81, 16, 0], [0, 10, 75, 62, 8, 28, 94, 17, 41, 48, 55, 34, 71, 6, 87, 45, 40, 19, 0]]"
uniform,n100_m5_r10.txt,data\mtsp\generated\n100_m5_r10.txt,100,5,rand+nn,2264.4394885545476,0.000484,0.000476,True,"[{""name"": ""rand+nn"", ""objective"": 2264.4394885545476, ""time"": 0.000476, ""valid"": true}]","[[0, 99, 17, 9, 6, 48, 98, 52, 10, 34, 13, 65, 5, 77, 90, 82, 1, 81, 54, 84, 3, 0], [0, 92, 63, 11, 53, 8, 66, 71, 20, 25, 46, 36, 14, 76, 87, 91, 7, 70, 43, 24, 12, 0], [0, 22, 44, 58, 59, 72, 33, 21, 93, 40, 96, 30, 74, 39, 23, 16, 29, 61, 19, 55, 18, 0], [0, 88, 69, 28, 42, 78, 62, 15, 75, 60, 27, 2, 41, 37, 50, 79, 85, 80, 51, 56, 35, 0], [0, 4, 97, 45, 95, 38, 89, 94, 83, 26, 57, 73, 67, 47, 49, 86, 64, 31, 68, 32, 0]]"
uniform,n100_m5_r10.txt,data\mtsp\generated\n100_m5_r10.txt,100,5,2opt+greed,1321.2433959036034,0.000508,0.000502,True,"[{""name"": ""2opt+greed"", ""objective"": 1321.2433959036034, ""time"": 0.000502, ""valid"": true}]","[[0, 22, 69, 28, 61, 42, 76, 94, 83, 1, 60, 75, 38, 15, 89, 81, 43, 54, 27, 26, 87, 0], [0, 44, 59, 79, 46, 72, 34, 20, 80, 49, 86, 51, 24, 21, 53, 74, 84, 39, 91, 57, 78, 0], [0, 88, 4, 97, 62, 32, 90, 55, 31, 18, 64, 35, 56, 3, 12, 47, 25, 13, 65, 5, 85, 0], [0, 58, 99, 11, 96, 40, 10, 93, 8, 66, 67, 33, 71, 50, 77, 36, 68, 45, 19, 95, 14, 0], [0, 92, 63, 73, 7, 30, 17, 37, 70, 9, 29, 41, 52, 98, 16, 2, 6, 23, 48, 82, 0]]"
uniform,n100_m5_r10.txt,data\mtsp\generated\n100_m5_r10.txt,100,5,grasp,1071.1003164510205,0.701637,0.701594,True,"[{""name"": ""grasp"", ""objective"": 1071.1003164510205, ""time"": 0.701594, ""valid"": true}]","[[0, 85, 46, 5, 65, 64, 18, 36, 77, 68, 55, 45, 14, 95, 82, 42, 78, 19, 15, 69, 88, 0], [0, 44, 59, 79, 72, 34, 20, 86, 51, 49, 80, 33, 71, 93, 10, 96, 73, 63, 99, 58, 22, 0], [0, 4, 97, 28, 61, 76, 60, 75, 38, 89, 81, 43, 54, 27, 1, 94, 83, 26, 39, 57, 87, 0], [0, 11, 53, 50, 40, 8, 66, 67, 47, 21, 12, 3, 24, 56, 35, 25, 13, 31, 90, 32, 62, 0], [0, 92, 7, 30, 17, 37, 70, 9, 29, 41, 52, 98, 16, 2, 6, 23, 48, 74, 84, 91, 0]]"
uniform,n100_m5_r10.txt,data\mtsp\generated\n100_m5_r10.txt,100,5,lkh-wrapper,1111.412703977488,0.016813,0.01679,True,"[{""name"": ""lkh-wrapper"", ""objective"": 1111.412703977488, ""time"": 0.01679, ""valid"": true}]","[[0, 76, 75, 60, 1, 94, 83, 26, 27, 54, 43, 81, 89, 38, 15, 19, 78, 42, 82, 61, 69, 0], [0, 44, 85, 46, 79, 72, 34, 20, 86, 51, 24, 49, 80, 59, 53, 74, 84, 39, 91, 57, 87, 0], [0, 88, 4, 97, 62, 32, 90, 55, 31, 18, 64, 5, 65, 13, 25, 35, 56, 3, 12, 21, 47, 0], [0, 58, 99, 11, 96, 10, 93, 8, 40, 50, 66, 71, 67, 33, 36, 77, 68, 45, 14, 95, 28, 0], [0, 63, 37, 17, 70, 9, 29, 41, 52, 98, 16, 2, 6, 23, 48, 30, 7, 73, 92, 22, 0]]"
uniform,n100_m5_r10.txt,data\mtsp\generated\n100_m5_r10.txt,100,5,lkh-wrapper-v1,1111.412703977488,0.014378,0.014357,True,"[{""name"": ""lkh-wrapper-v1"", ""objective"": 1111.412703977488, ""time"": 0.014357, ""valid"": true}]","[[0, 76, 75, 60, 1, 94, 83, 26, 27, 54, 43, 81, 89, 38, 15, 19, 78, 42, 82, 61, 69, 0], [0, 44, 85, 46, 79, 72, 34, 20, 86, 51, 24, 49, 80, 59, 53, 74, 84, 39, 91, 57, 87, 0], [0, 88, 4, 97, 62, 32, 90, 55, 31, 18, 64, 5, 65, 13, 25, 35, 56, 3, 12, 21, 47, 0], [0, 58, 99, 11, 96, 10, 93, 8, 40, 50, 66, 71, 67, 33, 36, 77, 68, 45, 14, 95, 28, 0], [0, 63, 37, 17, 70, 9, 29, 41, 52, 98, 16, 2, 6, 23, 48, 30, 7, 73, 92, 22, 0]]"
uniform,n100_m5_r10.txt,data\mtsp\generated\n100_m5_r10.txt,100,5,lkh-wrapper-v2,976.7407480157473,0.014905,0.014887,True,"[{""name"": ""lkh-wrapper-v2"", ""objective"": 976.7407480157473, ""time"": 0.014887, ""valid"": true}]","[[0, 22, 88, 69, 28, 61, 76, 60, 75, 38, 15, 89, 81, 43, 54, 27, 1, 83, 94, 0], [0, 4, 97, 77, 36, 68, 31, 18, 64, 65, 13, 25, 35, 56, 3, 12, 24, 51, 86, 49, 80, 20, 34, 72, 46, 79, 59, 44, 0], [0, 58, 92, 63, 99, 11, 96, 37, 41, 52, 10, 93, 40, 8, 66, 67, 47, 21, 33, 71, 50, 53, 0], [0, 73, 7, 30, 17, 70, 9, 29, 98, 16, 2, 6, 23, 48, 74, 84, 39, 91, 57, 87, 26, 0], [0, 85, 5, 55, 90, 32, 62, 19, 78, 42, 82, 95, 14, 45, 0]]"
uniform,n100_m5_r10.txt,data\mtsp\generated\n100_m5_r10.txt,100,5,lkh-wrapper-v3,976.7407480157473,0.006415,0.006397,True,"[{""name"": ""lkh-wrapper-v3"", ""objective"": 976.7407480157473, ""time"": 0.006397, ""valid"": true}]","[[0, 22, 88, 69, 28, 61, 76, 60, 75, 38, 15, 89, 81, 43, 54, 27, 1, 83, 94, 0], [0, 44, 59, 79, 46, 72, 34, 20, 80, 49, 86, 51, 24, 12, 3, 56, 35, 25, 13, 65, 64, 18, 31, 68, 36, 77, 97, 4, 0], [0, 53, 50, 71, 33, 21, 47, 67, 66, 8, 40, 93, 10, 52, 41, 37, 96, 11, 99, 63, 92, 58, 0], [0, 73, 7, 30, 17, 70, 9, 29, 98, 16, 2, 6, 23, 48, 74, 84, 39, 91, 57, 87, 26, 0], [0, 85, 5, 55, 90, 32, 62, 19, 78, 42, 82, 95, 14, 45, 0]]"
uniform,n200_m2_r01.txt,data\mtsp\generated\n200_m2_r01.txt,200,2,rand+nn,1831.733847279142,0.001133,0.001124,True,"[{""name"": ""rand+nn"", ""objective"": 1831.733847279142, ""time"": 0.001124, ""valid"": true}]","[[0, 148, 37, 186, 84, 160, 180, 83, 182, 1, 134, 87, 70, 58, 80, 57, 75, 40, 51, 53, 181, 19, 79, 109, 23, 93, 141, 52, 194, 113, 7, 6, 196, 162, 99, 154, 118, 54, 86, 69, 97, 102, 138, 125, 31, 143, 170, 77, 159, 179, 76, 156, 22, 45, 183, 95, 147, 66, 150, 26, 142, 120, 42, 10, 14, 73, 140, 185, 146, 13, 149, 151, 17, 128, 44, 157, 38, 108, 133, 20, 48, 82, 152, 105, 178, 145, 81, 65, 60, 18, 158, 89, 153, 110, 115, 27, 195, 190, 15, 191, 74, 0], [0, 173, 155, 46, 166, 91, 124, 5, 68, 129, 47, 33, 176, 136, 168, 184, 117, 114, 30, 104, 193, 144, 67, 63, 61, 16, 197, 98, 169, 189, 29, 49, 64, 135, 172, 24, 62, 175, 130, 71, 188, 126, 32, 85, 161, 12, 9, 50, 101, 94, 55, 39, 111, 100, 21, 123, 78, 121, 107, 35, 41, 88, 137, 122, 174, 106, 198, 90, 167, 177, 2, 116, 171, 127, 34, 187, 56, 43, 199, 112, 119, 96, 165, 131, 72, 8, 192, 163, 28, 3, 36, 164, 11, 103, 92, 25, 4, 139, 132, 59, 0]]"
uniform,n200_m2_r01.txt,data\mtsp\generated\n200_m2_r01.txt,200,2,2opt+greed,1317.044629766514,0.001454,0.001446,True,"[{""name"": ""2opt+greed"", ""objective"": 1317.044629766514, ""time"": 0.001446, ""valid"": true}]","[[0, 32, 198, 80, 58, 167, 70, 87, 134, 189, 22, 29, 49, 156, 64, 135, 172, 24, 159, 130, 40, 71, 188, 53, 93, 181, 19, 79, 106, 174, 154, 99, 55, 162, 196, 6, 122, 137, 88, 41, 77, 35, 141, 52, 59, 194, 132, 107, 121, 113, 78, 7, 100, 21, 170, 123, 143, 31, 111, 39, 138, 11, 164, 94, 101, 86, 50, 9, 118, 54, 139, 81, 65, 158, 18, 60, 96, 13, 146, 91, 124, 140, 185, 56, 14, 112, 127, 34, 187, 191, 15, 190, 195, 166, 27, 46, 115, 110, 153, 155, 173, 0], [0, 89, 73, 129, 47, 33, 176, 26, 136, 168, 184, 117, 114, 30, 104, 160, 84, 186, 37, 161, 148, 12, 109, 85, 23, 126, 57, 90, 51, 75, 175, 62, 179, 76, 45, 169, 183, 95, 98, 197, 1, 182, 2, 177, 83, 180, 193, 144, 67, 61, 147, 16, 63, 66, 150, 116, 171, 10, 142, 120, 42, 119, 199, 43, 68, 5, 149, 151, 17, 8, 128, 44, 192, 157, 72, 20, 133, 108, 38, 82, 28, 163, 105, 152, 3, 36, 125, 103, 97, 69, 25, 92, 102, 4, 48, 131, 145, 178, 165, 74, 0]]"
uniform,n200_m2_r01.txt,data\mtsp\generated\n200_m2_r01.txt,200,2,grasp,1213.1500195026865,2.130088,2.130075,True,"[{""name"": ""grasp"", ""objective"": 1213.1500195026865, ""time"": 2.130075, ""valid"": true}]","[[0, 173, 155, 153, 110, 115, 186, 98, 24, 59, 194, 132, 121, 113, 35, 107, 141, 52, 93, 53, 181, 77, 41, 88, 137, 196, 122, 6, 100, 7, 78, 21, 170, 123, 143, 31, 111, 39, 94, 103, 125, 138, 11, 164, 97, 101, 86, 69, 25, 92, 102, 4, 36, 3, 82, 28, 152, 105, 163, 38, 108, 157, 192, 44, 128, 8, 17, 151, 74, 72, 20, 133, 48, 131, 145, 165, 178, 60, 18, 89, 158, 65, 81, 139, 54, 118, 50, 9, 154, 99, 55, 162, 174, 106, 79, 19, 32, 23, 85, 109, 12, 0], [0, 126, 57, 198, 90, 51, 75, 188, 71, 40, 130, 175, 159, 62, 179, 172, 76, 156, 135, 64, 49, 29, 22, 189, 45, 169, 95, 183, 197, 1, 147, 16, 61, 63, 66, 150, 116, 144, 67, 193, 114, 117, 184, 127, 168, 171, 10, 42, 119, 120, 142, 26, 136, 176, 33, 112, 199, 14, 43, 56, 47, 129, 73, 68, 5, 149, 96, 13, 146, 91, 124, 140, 185, 187, 34, 191, 15, 190, 195, 166, 27, 46, 84, 160, 104, 30, 180, 83, 177, 2, 182, 134, 87, 70, 167, 58, 80, 37, 161, 148, 0]]"
uniform,n200_m2_r01.txt,data\mtsp\generated\n200_m2_r01.txt,200,2,lkh-wrapper,1231.0616075411617,0.119049,0.119028,True,"[{""name"": ""lkh-wrapper"", ""objective"": 1231.0616075411617, ""time"": 0.119028, ""valid"": true}]","[[0, 173, 155, 153, 110, 115, 46, 27, 166, 195, 190, 15, 191, 34, 47, 199, 14, 56, 129, 73, 140, 124, 91, 146, 13, 96, 60, 18, 158, 65, 81, 139, 54, 118, 9, 50, 86, 101, 94, 97, 125, 103, 39, 111, 31, 143, 123, 170, 21, 100, 7, 78, 113, 121, 132, 194, 59, 52, 141, 107, 35, 77, 93, 53, 188, 71, 40, 130, 159, 179, 172, 135, 64, 156, 49, 29, 22, 189, 134, 87, 70, 167, 58, 80, 198, 32, 181, 19, 79, 106, 174, 88, 41, 137, 122, 6, 196, 162, 55, 99, 154, 0], [0, 148, 161, 37, 186, 84, 160, 104, 30, 114, 117, 184, 127, 168, 136, 26, 176, 33, 187, 185, 89, 69, 25, 92, 164, 11, 138, 102, 4, 36, 3, 28, 152, 105, 163, 82, 48, 131, 145, 178, 165, 74, 72, 20, 133, 108, 38, 157, 192, 44, 128, 8, 17, 151, 149, 5, 68, 43, 112, 119, 42, 120, 142, 10, 171, 116, 150, 66, 63, 16, 147, 61, 67, 144, 193, 180, 83, 177, 2, 182, 1, 197, 98, 95, 183, 169, 45, 76, 24, 62, 175, 75, 51, 90, 57, 126, 23, 85, 109, 12, 0]]"
uniform,n200_m2_r01.txt,data\mtsp\generated\n200_m2_r01.txt,200,2,lkh-wrapper-v1,1231.0616075411617,0.11369,0.11367,True,"[{""name"": ""lkh-wrapper-v1"", ""objective"": 1231.0616075411617, ""time"": 0.11367, ""valid"": true}]","[[0, 173, 155, 153, 110, 115, 46, 27, 166, 195, 190, 15, 191, 34, 47, 199, 14, 56, 129, 73, 140, 124, 91, 146, 13, 96, 60, 18, 158, 65, 81, 139, 54, 118, 9, 50, 86, 101, 94, 97, 125, 103, 39, 111, 31, 143, 123, 170, 21, 100, 7, 78, 113, 121, 132, 194, 59, 52, 141, 107, 35, 77, 93, 53, 188, 71, 40, 130, 159, 179, 172, 135, 64, 156, 49, 29, 22, 189, 134, 87, 70, 167, 58, 80, 198, 32, 181, 19, 79, 106, 174, 88, 41, 137, 122, 6, 196, 162, 55, 99, 154, 0], [0, 148, 161, 37, 186, 84, 160, 104, 30, 114, 117, 184, 127, 168, 136, 26, 176, 33, 187, 185, 89, 69, 25, 92, 164, 11, 138, 102, 4, 36, 3, 28, 152, 105, 163, 82, 48, 131, 145, 178, 165, 74, 72, 20, 133, 108, 38, 157, 192, 44, 128, 8, 17, 151, 149, 5, 68, 43, 112, 119, 42, 120, 142, 10, 171, 116, 150, 66, 63, 16, 147, 61, 67, 144, 193, 180, 83, 177, 2, 182, 1, 197, 98, 95, 183, 169, 45, 76, 24, 62, 175, 75, 51, 90, 57, 126, 23, 85, 109, 12, 0]]"
uniform,n200_m2_r01.txt,data\mtsp\generated\n200_m2_r01.txt,200,2,lkh-wrapper-v2,1186.91694094279,0.096272,0.096258,True,"[{""name"": ""lkh-wrapper-v2"", ""objective"": 1186.91694094279, ""time"": 0.096258, ""valid"": true}]","[[0, 186, 84, 160, 104, 30, 193, 144, 67, 180, 83, 177, 2, 182, 1, 197, 183, 135, 64, 16, 147, 61, 63, 66, 150, 116, 171, 10, 142, 120, 42, 119, 112, 199, 14, 43, 56, 129, 47, 33, 176, 26, 136, 168, 127, 114, 117, 184, 34, 187, 185, 140, 73, 68, 5, 149, 151, 17, 8, 128, 72, 20, 108, 38, 163, 105, 152, 28, 82, 3, 36, 164, 11, 138, 125, 103, 97, 92, 25, 102, 4, 48, 131, 165, 178, 145, 81, 65, 60, 18, 96, 13, 124, 146, 91, 191, 15, 190, 195, 166, 27, 46, 115, 110, 153, 155, 173, 0], [0, 12, 148, 37, 161, 23, 85, 109, 154, 99, 55, 162, 196, 174, 106, 79, 19, 181, 32, 126, 53, 188, 40, 75, 51, 90, 57, 198, 80, 58, 167, 70, 87, 134, 98, 95, 169, 45, 189, 22, 29, 49, 156, 76, 172, 179, 24, 62, 159, 175, 130, 71, 59, 194, 132, 121, 113, 35, 107, 141, 52, 93, 77, 41, 88, 137, 122, 6, 100, 7, 78, 21, 170, 123, 143, 31, 111, 39, 94, 101, 50, 9, 118, 54, 86, 69, 139, 133, 157, 192, 44, 74, 158, 89, 0]]"
uniform,n200_m2_r01.txt,data\mtsp\generated\n200_m2_r01.txt,200,2,lkh-wrapper-v3,1198.070402419719,0.048662,0.048649,True,"[{""name"": ""lkh-wrapper-v3"", ""objective"": 1198.070402419719, ""time"": 0.048649, ""valid"": true}]","[[0, 173, 155, 153, 110, 115, 46, 27, 166, 195, 190, 15, 191, 91, 146, 124, 13, 96, 18, 60, 65, 81, 145, 178, 165, 131, 48, 4, 102, 25, 92, 97, 164, 103, 125, 138, 11, 36, 3, 28, 152, 105, 163, 38, 108, 133, 20, 72, 128, 8, 17, 151, 149, 5, 68, 73, 140, 185, 187, 34, 184, 127, 168, 136, 26, 176, 33, 47, 129, 56, 43, 14, 199, 112, 119, 42, 120, 142, 10, 171, 116, 150, 66, 63, 61, 147, 16, 64, 135, 183, 197, 1, 182, 2, 177, 83, 180, 67, 144, 193, 30, 104, 114, 117, 160, 84, 186, 0], [0, 148, 37, 161, 23, 198, 80, 58, 167, 70, 87, 134, 98, 95, 169, 45, 189, 22, 29, 49, 156, 76, 172, 179, 24, 62, 159, 175, 130, 40, 75, 51, 90, 57, 126, 53, 188, 71, 59, 194, 132, 121, 113, 35, 107, 141, 52, 93, 77, 41, 88, 137, 122, 6, 100, 7, 78, 21, 170, 123, 143, 31, 111, 39, 196, 162, 55, 94, 101, 86, 69, 139, 82, 157, 192, 44, 74, 158, 89, 54, 118, 50, 9, 154, 99, 174, 106, 79, 19, 181, 32, 85, 109, 12, 0]]"
uniform,n200_m2_r02.txt,data\mtsp\generated\n200_m2_r02.txt,200,2,rand+nn,1781.845114177317,0.000959,0.000949,True,"[{""name"": ""rand+nn"", ""objective"": 1781.845114177317, ""time"": 0.000949, ""valid"": true}]","[[0, 74, 73, 65, 27, 97, 70, 140, 60, 181, 58, 48, 53, 185, 38, 15, 179, 37, 154, 51, 84, 86, 110, 186, 162, 115, 109, 143, 17, 148, 145, 159, 134, 23, 113, 142, 75, 93, 146, 191, 31, 195, 76, 120, 125, 151, 14, 157, 22, 153, 54, 108, 57, 18, 45, 99, 6, 196, 19, 141, 42, 10, 102, 149, 147, 69, 150, 81, 80, 44, 87, 79, 178, 52, 170, 180, 95, 118, 128, 105, 194, 133, 160, 183, 40, 83, 7, 156, 158, 1, 20, 26, 182, 89, 77, 66, 152, 13, 82, 190, 138, 0], [0, 111, 184, 56, 166, 61, 189, 24, 117, 55, 114, 132, 135, 59, 165, 175, 21, 64, 129, 131, 32, 11, 164, 91, 197, 34, 62, 101, 126, 68, 88, 187, 163, 171, 63, 71, 172, 5, 116, 47, 9, 30, 96, 39, 72, 130, 127, 12, 119, 2, 25, 169, 90, 8, 35, 122, 33, 123, 173, 198, 144, 78, 121, 100, 112, 4, 85, 29, 124, 67, 137, 188, 16, 104, 139, 46, 176, 41, 199, 167, 177, 103, 3, 136, 107, 49, 43, 193, 155, 168, 192, 174, 106, 94, 36, 50, 98, 161, 92, 28, 0]]"
uniform,n200_m2_r02.txt,data\mtsp\generated\n200_m2_r02.txt,200,2,2opt+greed,1328.4860674430706,0.001574,0.001566,True,"[{""name"": ""2opt+greed"", ""objective"": 1328.4860674430706, ""time"": 0.001566, ""valid"": true}]","[[0, 65, 88, 27, 68, 97, 70, 126, 101, 62, 197, 34, 152, 13, 98, 82, 92, 54, 28, 108, 57, 18, 72, 138, 39, 130, 6, 127, 99, 45, 161, 190, 32, 147, 11, 164, 91, 118, 95, 180, 105, 169, 133, 90, 33, 122, 183, 182, 89, 26, 83, 156, 158, 36, 50, 51, 154, 94, 86, 162, 186, 174, 110, 106, 37, 38, 15, 179, 100, 185, 112, 4, 85, 53, 29, 124, 67, 143, 103, 145, 46, 176, 23, 116, 157, 47, 14, 9, 96, 153, 5, 113, 41, 93, 167, 199, 142, 75, 73, 74, 111, 0], [0, 184, 56, 140, 60, 166, 144, 78, 121, 20, 1, 198, 61, 189, 24, 128, 117, 55, 114, 132, 80, 81, 69, 150, 21, 149, 129, 64, 131, 102, 141, 196, 12, 19, 42, 10, 119, 2, 79, 59, 87, 178, 175, 165, 44, 135, 52, 170, 25, 66, 194, 8, 160, 35, 173, 77, 123, 40, 7, 84, 192, 168, 155, 115, 193, 43, 109, 49, 107, 136, 17, 148, 3, 177, 159, 134, 22, 30, 151, 125, 120, 76, 195, 71, 191, 31, 63, 171, 163, 187, 146, 172, 104, 16, 188, 137, 139, 48, 58, 181, 0]]"
uniform,n200_m2_r02.txt,data\mtsp\generated\n200_m2_r02.txt,200,2,grasp,1236.2737464184113,2.196117,2.196103,True,"[{""name"": ""grasp"", ""objective"": 1236.2737464184113, ""time"": 2.196103, ""valid"": true}]","[[0, 126, 101, 62, 140, 61, 166, 60, 56, 184, 181, 58, 144, 78, 121, 20, 158, 1, 198, 160, 8, 90, 133, 194, 169, 128, 24, 117, 114, 132, 80, 91, 81, 150, 69, 164, 11, 147, 21, 175, 178, 2, 79, 59, 87, 165, 44, 135, 52, 170, 25, 105, 66, 173, 77, 182, 89, 26, 40, 123, 122, 35, 33, 183, 83, 7, 156, 36, 50, 51, 154, 94, 84, 86, 106, 110, 174, 186, 162, 192, 168, 155, 115, 193, 43, 67, 124, 29, 53, 85, 4, 112, 185, 37, 38, 15, 179, 100, 48, 139, 111, 0], [0, 70, 97, 68, 65, 27, 13, 98, 82, 92, 108, 28, 54, 88, 73, 74, 16, 104, 75, 167, 199, 142, 41, 46, 145, 148, 188, 137, 17, 136, 107, 49, 109, 143, 3, 103, 177, 159, 176, 134, 22, 23, 113, 93, 172, 146, 187, 163, 171, 153, 63, 31, 191, 71, 195, 76, 5, 116, 157, 47, 14, 9, 151, 30, 125, 120, 96, 138, 39, 72, 18, 57, 45, 99, 130, 6, 127, 12, 196, 19, 141, 42, 10, 119, 102, 129, 149, 64, 131, 190, 161, 32, 152, 34, 197, 55, 95, 180, 118, 189, 0]]"
uniform,n200_m2_r02.txt,data\mtsp\generated\n200_m2_r02.txt,200,2,lkh-wrapper,1237.757432201647,0.101386,0.101363,True,"[{""name"": ""lkh-wrapper"", ""objective"": 1237.757432201647, ""time"": 0.101363, ""valid"": true}]","[[0, 126, 101, 70, 97, 68, 62, 197, 34, 152, 13, 98, 161, 190, 32, 147, 11, 164, 91, 118, 95, 180, 105, 169, 194, 35, 33, 122, 123, 182, 89, 26, 40, 156, 158, 36, 50, 51, 154, 94, 84, 86, 106, 110, 186, 174, 37, 38, 15, 179, 100, 185, 112, 4, 85, 53, 29, 124, 67, 143, 3, 103, 176, 46, 75, 142, 199, 167, 93, 41, 113, 23, 116, 157, 47, 14, 9, 5, 31, 96, 138, 39, 72, 18, 130, 6, 127, 99, 45, 57, 108, 28, 54, 92, 82, 27, 65, 88, 73, 74, 111, 0], [0, 184, 56, 140, 60, 166, 61, 189, 24, 128, 117, 55, 114, 132, 80, 81, 69, 150, 21, 149, 129, 64, 131, 102, 141, 196, 12, 19, 42, 10, 119, 2, 79, 59, 87, 178, 175, 165, 44, 135, 52, 170, 25, 77, 173, 66, 133, 90, 8, 160, 183, 83, 7, 1, 198, 144, 78, 121, 20, 162, 192, 168, 155, 115, 193, 43, 109, 49, 107, 136, 17, 137, 188, 148, 145, 159, 177, 134, 22, 30, 151, 125, 120, 76, 195, 71, 191, 63, 153, 171, 163, 187, 146, 172, 104, 16, 139, 48, 58, 181, 0]]"
uniform,n200_m2_r02.txt,data\mtsp\generated\n200_m2_r02.txt,200,2,lkh-wrapper-v1,1237.757432201647,0.102009,0.101989,True,"[{""name"": ""lkh-wrapper-v1"", ""objective"": 1237.757432201647, ""time"": 0.101989, ""valid"": true}]","[[0, 126, 101, 70, 97, 68, 62, 197, 34, 152, 13, 98, 161, 190, 32, 147, 11, 164, 91, 118, 95, 180, 105, 169, 194, 35, 33, 122, 123, 182, 89, 26, 40, 156, 158, 36, 50, 51, 154, 94, 84, 86, 106, 110, 186, 174, 37, 38, 15, 179, 100, 185, 112, 4, 85, 53, 29, 124, 67, 143, 3, 103, 176, 46, 75, 142, 199, 167, 93, 41, 113, 23, 116, 157, 47, 14, 9, 5, 31, 96, 138, 39, 72, 18, 130, 6, 127, 99, 45, 57, 108, 28, 54, 92, 82, 27, 65, 88, 73, 74, 111, 0], [0, 184, 56, 140, 60, 166, 61, 189, 24, 128, 117, 55, 114, 132, 80, 81, 69, 150, 21, 149, 129, 64, 131, 102, 141, 196, 12, 19, 42, 10, 119, 2, 79, 59, 87, 178, 175, 165, 44, 135, 52, 170, 25, 77, 173, 66, 133, 90, 8, 160, 183, 83, 7, 1, 198, 144, 78, 121, 20, 162, 192, 168, 155, 115, 193, 43, 109, 49, 107, 136, 17, 137, 188, 148, 145, 159, 177, 134, 22, 30, 151, 125, 120, 76, 195, 71, 191, 63, 153, 171, 163, 187, 146, 172, 104, 16, 139, 48, 58, 181, 0]]"
uniform,n200_m2_r02.txt,data\mtsp\generated\n200_m2_r02.txt,200,2,lkh-wrapper-v2,1160.7760957455387,0.039586,0.039567,True,"[{""name"": ""lkh-wrapper-v2"", ""objective"": 1160.7760957455387, ""time"": 0.039567, ""valid"": true}]","[[0, 197, 164, 152, 92, 28, 96, 30, 14, 47, 22, 134, 176, 46, 75, 104, 16, 139, 48, 53, 29, 124, 67, 17, 137, 188, 148, 145, 159, 177, 103, 3, 143, 136, 107, 49, 109, 43, 193, 115, 155, 168, 192, 162, 186, 110, 106, 174, 85, 4, 112, 185, 100, 179, 15, 38, 37, 154, 94, 86, 84, 51, 50, 36, 156, 158, 1, 20, 121, 78, 144, 58, 181, 74, 73, 111, 0], [0, 126, 101, 62, 70, 97, 68, 27, 65, 88, 146, 187, 163, 63, 191, 31, 5, 172, 93, 167, 199, 142, 41, 113, 23, 116, 157, 9, 151, 125, 120, 76, 195, 71, 153, 171, 54, 108, 57, 18, 138, 39, 72, 6, 130, 45, 99, 127, 12, 196, 19, 42, 10, 119, 141, 102, 131, 64, 129, 149, 21, 175, 178, 2, 79, 59, 87, 165, 44, 135, 52, 170, 25, 180, 95, 118, 133, 194, 169, 105, 66, 173, 77, 182, 89, 26, 123, 40, 83, 7, 183, 33, 122, 35, 160, 8, 90, 198, 166, 60, 61, 189, 24, 128, 117, 55, 114, 132, 80, 91, 81, 150, 69, 11, 147, 32, 190, 161, 82, 98, 13, 34, 140, 56, 184, 0]]"
uniform,n200_m2_r02.txt,data\mtsp\generated\n200_m2_r02.txt,200,2,lkh-wrapper-v3,1212.3276251348948,0.074928,0.074911,True,"[{""name"": ""lkh-wrapper-v3"", ""objective"": 1212.3276251348948, ""time"": 0.074911, ""valid"": true}]","[[0, 184, 181, 48, 139, 16, 104, 188, 137, 53, 29, 124, 67, 17, 148, 145, 159, 177, 103, 3, 143, 136, 107, 49, 109, 43, 193, 115, 155, 168, 192, 162, 186, 110, 106, 86, 84, 50, 36, 51, 154, 94, 37, 174, 85, 4, 112, 185, 38, 15, 179, 100, 78, 121, 20, 1, 158, 156, 7, 83, 40, 183, 122, 35, 123, 26, 89, 182, 77, 173, 66, 25, 170, 80, 164, 197, 152, 161, 28, 96, 30, 14, 47, 22, 134, 176, 46, 75, 73, 74, 111, 0], [0, 126, 101, 62, 70, 97, 68, 27, 65, 88, 146, 187, 163, 63, 191, 31, 5, 172, 93, 167, 199, 142, 41, 113, 23, 116, 157, 9, 151, 125, 120, 76, 195, 71, 153, 171, 54, 92, 82, 98, 13, 34, 140, 56, 60, 166, 61, 189, 24, 128, 117, 55, 91, 81, 150, 69, 11, 147, 32, 190, 99, 45, 108, 57, 18, 138, 39, 72, 130, 6, 127, 12, 196, 19, 141, 42, 10, 119, 102, 131, 64, 129, 149, 21, 175, 165, 178, 2, 79, 59, 87, 44, 52, 135, 132, 114, 118, 95, 180, 105, 169, 194, 133, 90, 8, 160, 33, 198, 144, 58, 0]]"
uniform,n200_m2_r03.txt,data\mtsp\generated\n200_m2_r03.txt,200,2,rand+nn,1900.0195402735767,0.001104,0.001096,True,"[{""name"": ""rand+nn"", ""objective"": 1900.0195402735767, ""time"": 0.001096, ""valid"": true}]","[[0, 157, 179, 76, 191, 18, 113, 53, 186, 15, 194, 146, 93, 120, 13, 133, 158, 125, 108, 80, 128, 148, 134, 180, 74, 66, 141, 95, 97, 54, 19, 10, 45, 102, 150, 181, 44, 160, 159, 83, 75, 65, 31, 138, 57, 183, 89, 14, 60, 99, 6, 105, 185, 152, 77, 182, 87, 142, 115, 109, 140, 196, 153, 84, 145, 110, 79, 52, 17, 143, 38, 69, 20, 190, 51, 26, 82, 118, 37, 73, 1, 48, 195, 27, 40, 42, 22, 81, 86, 70, 147, 23, 178, 154, 58, 156, 151, 7, 170, 149, 162, 0], [0, 96, 35, 114, 9, 98, 197, 3, 61, 88, 12, 131, 32, 172, 166, 64, 111, 62, 129, 59, 106, 168, 116, 171, 63, 34, 188, 39, 121, 4, 21, 165, 139, 91, 193, 94, 127, 24, 78, 136, 103, 5, 192, 29, 137, 177, 92, 71, 100, 11, 46, 173, 167, 36, 164, 199, 55, 119, 107, 130, 132, 135, 169, 101, 43, 8, 155, 67, 72, 28, 112, 198, 25, 47, 144, 161, 85, 123, 163, 176, 90, 189, 50, 124, 187, 104, 2, 184, 68, 117, 126, 175, 30, 174, 56, 122, 16, 33, 49, 41, 0]]"
uniform,n200_m2_r03.txt,data\mtsp\generated\n200_m2_r03.txt,200,2,2opt+greed,1259.0429563756647,0.001512,0.001504,True,"[{""name"": ""2opt+greed"", ""objective"": 1259.0429563756647, ""time"": 0.001504, ""valid"": true}]","[[0, 54, 21, 195, 121, 143, 39, 188, 116, 171, 38, 20, 69, 63, 62, 190, 48, 165, 197, 97, 3, 61, 88, 12, 131, 32, 27, 172, 166, 51, 26, 111, 82, 118, 73, 129, 59, 106, 1, 168, 34, 17, 145, 110, 52, 46, 79, 173, 84, 4, 153, 126, 175, 30, 174, 105, 6, 199, 55, 119, 99, 60, 14, 89, 130, 132, 135, 57, 183, 169, 101, 31, 187, 65, 50, 124, 149, 162, 104, 7, 151, 170, 189, 75, 83, 90, 159, 160, 156, 176, 163, 123, 25, 198, 44, 2, 186, 114, 9, 98, 157, 0], [0, 96, 10, 45, 184, 112, 72, 67, 155, 8, 43, 138, 181, 28, 102, 150, 68, 19, 117, 196, 107, 164, 140, 109, 36, 115, 167, 185, 152, 77, 182, 87, 142, 37, 64, 40, 42, 11, 22, 100, 71, 92, 81, 177, 70, 86, 147, 23, 66, 74, 180, 5, 137, 29, 158, 192, 134, 103, 136, 141, 91, 95, 139, 178, 193, 15, 194, 94, 146, 127, 93, 120, 24, 78, 13, 133, 41, 125, 108, 80, 49, 128, 148, 33, 122, 56, 16, 154, 58, 85, 47, 144, 161, 53, 113, 18, 191, 76, 179, 35, 0]]"
uniform,n200_m2_r03.txt,data\mtsp\generated\n200_m2_r03.txt,200,2,grasp,1241.5092088338815,2.245461,2.245449,True,"[{""name"": ""grasp"", ""objective"": 1241.5092088338815, ""time"": 2.245449, ""valid"": true}]","[[0, 9, 114, 179, 68, 10, 45, 184, 2, 102, 150, 181, 28, 112, 44, 25, 198, 72, 67, 155, 8, 138, 132, 196, 107, 119, 55, 6, 167, 115, 36, 109, 140, 164, 199, 99, 60, 14, 130, 89, 135, 57, 183, 169, 43, 101, 31, 187, 65, 50, 124, 149, 162, 104, 170, 189, 75, 83, 159, 160, 156, 90, 151, 7, 176, 163, 123, 47, 144, 161, 53, 186, 15, 194, 94, 146, 93, 120, 24, 78, 158, 192, 29, 137, 5, 74, 180, 134, 103, 136, 91, 95, 139, 197, 97, 3, 61, 88, 48, 165, 21, 0], [0, 157, 98, 76, 191, 178, 18, 113, 85, 58, 154, 16, 56, 122, 33, 148, 128, 49, 80, 108, 125, 41, 133, 13, 127, 193, 141, 66, 23, 147, 86, 70, 177, 81, 92, 71, 100, 22, 11, 42, 40, 32, 131, 12, 27, 172, 64, 166, 51, 26, 111, 82, 37, 118, 73, 129, 59, 106, 1, 168, 116, 63, 62, 190, 20, 69, 38, 171, 188, 39, 143, 195, 121, 4, 84, 145, 110, 17, 52, 34, 46, 79, 173, 142, 87, 182, 77, 152, 185, 105, 174, 30, 175, 126, 117, 19, 153, 54, 96, 35, 0]]"
uniform,n200_m2_r03.txt,data\mtsp\generated\n200_m2_r03.txt,200,2,lkh-wrapper,1206.1171616064453,0.094527,0.094506,True,"[{""name"": ""lkh-wrapper"", ""objective"": 1206.1171616064453, ""time"": 0.094506, ""valid"": true}]","[[0, 54, 21, 195, 121, 143, 39, 188, 116, 171, 38, 20, 69, 63, 62, 190, 48, 165, 197, 97, 3, 61, 88, 12, 131, 32, 27, 172, 64, 26, 111, 82, 37, 118, 73, 129, 59, 106, 1, 168, 34, 17, 145, 110, 52, 46, 79, 173, 84, 4, 153, 126, 175, 30, 174, 105, 6, 199, 55, 119, 99, 60, 14, 89, 130, 132, 135, 57, 183, 169, 101, 31, 187, 65, 50, 124, 149, 162, 104, 7, 151, 170, 189, 75, 83, 90, 159, 160, 156, 176, 163, 123, 25, 198, 44, 2, 179, 114, 9, 98, 157, 0], [0, 35, 76, 191, 18, 113, 53, 161, 144, 47, 85, 58, 154, 16, 56, 122, 33, 148, 128, 49, 80, 108, 125, 41, 158, 133, 13, 78, 24, 120, 93, 127, 146, 194, 94, 186, 15, 193, 178, 139, 95, 91, 141, 136, 103, 134, 192, 29, 137, 5, 180, 74, 66, 23, 147, 86, 70, 177, 81, 92, 71, 100, 22, 11, 42, 40, 166, 51, 142, 87, 182, 77, 152, 185, 167, 115, 36, 109, 140, 164, 107, 196, 138, 43, 8, 155, 67, 72, 112, 28, 181, 150, 102, 184, 45, 10, 68, 117, 19, 96, 0]]"
uniform,n200_m2_r03.txt,data\mtsp\generated\n200_m2_r03.txt,200,2,lkh-wrapper-v1,1206.1171616064453,0.092116,0.092093,True,"[{""name"": ""lkh-wrapper-v1"", ""objective"": 1206.1171616064453, ""time"": 0.092093, ""valid"": true}]","[[0, 54, 21, 195, 121, 143, 39, 188, 116, 171, 38, 20, 69, 63, 62, 190, 48, 165, 197, 97, 3, 61, 88, 12, 131, 32, 27, 172, 64, 26, 111, 82, 37, 118, 73, 129, 59, 106, 1, 168, 34, 17, 145, 110, 52, 46, 79, 173, 84, 4, 153, 126, 175, 30, 174, 105, 6, 199, 55, 119, 99, 60, 14, 89, 130, 132, 135, 57, 183, 169, 101, 31, 187, 65, 50, 124, 149, 162, 104, 7, 151, 170, 189, 75, 83, 90, 159, 160, 156, 176, 163, 123, 25, 198, 44, 2, 179, 114, 9, 98, 157, 0], [0, 35, 76, 191, 18, 113, 53, 161, 144, 47, 85, 58, 154, 16, 56, 122, 33, 148, 128, 49, 80, 108, 125, 41, 158, 133, 13, 78, 24, 120, 93, 127, 146, 194, 94, 186, 15, 193, 178, 139, 95, 91, 141, 136, 103, 134, 192, 29, 137, 5, 180, 74, 66, 23, 147, 86, 70, 177, 81, 92, 71, 100, 22, 11, 42, 40, 166, 51, 142, 87, 182, 77, 152, 185, 167, 115, 36, 109, 140, 164, 107, 196, 138, 43, 8, 155, 67, 72, 112, 28, 181, 150, 102, 184, 45, 10, 68, 117, 19, 96, 0]]"
uniform,n200_m2_r03.txt,data\mtsp\generated\n200_m2_r03.txt,200,2,lkh-wrapper-v2,1183.782323672765,0.020651,0.020636,True,"[{""name"": ""lkh-wrapper-v2"", ""objective"": 1183.782323672765, ""time"": 0.020636, ""valid"": true}]","[[0, 35, 179, 114, 76, 18, 191, 178, 113, 53, 161, 144, 47, 25, 198, 44, 112, 72, 67, 155, 181, 28, 184, 45, 10, 68, 102, 150, 196, 107, 164, 140, 109, 36, 115, 46, 168, 116, 171, 38, 69, 20, 190, 62, 63, 1, 106, 59, 129, 73, 118, 37, 82, 111, 26, 51, 166, 64, 172, 27, 32, 40, 42, 11, 22, 100, 71, 92, 81, 177, 70, 86, 147, 23, 66, 141, 74, 5, 180, 103, 136, 78, 24, 120, 93, 146, 194, 15, 193, 91, 95, 139, 197, 97, 3, 61, 88, 12, 131, 48, 165, 98, 9, 157, 0], [0, 54, 21, 195, 121, 143, 39, 188, 34, 52, 17, 145, 110, 79, 173, 142, 87, 182, 77, 152, 167, 185, 84, 4, 153, 126, 175, 30, 174, 105, 6, 199, 55, 119, 99, 60, 14, 89, 130, 132, 135, 57, 183, 169, 138, 8, 43, 101, 31, 187, 65, 50, 124, 149, 162, 104, 7, 170, 151, 90, 83, 189, 75, 159, 160, 156, 176, 163, 123, 85, 58, 154, 16, 56, 122, 33, 148, 128, 49, 80, 108, 125, 41, 29, 137, 134, 192, 158, 133, 13, 127, 94, 186, 2, 117, 19, 96, 0]]"
uniform,n200_m2_r03.txt,data\mtsp\generated\n200_m2_r03.txt,200,2,lkh-wrapper-v3,1201.5390030013568,0.014337,0.014324,True,"[{""name"": ""lkh-wrapper-v3"", ""objective"": 1201.5390030013568, ""time"": 0.014324, ""valid"": true}]","[[0, 35, 179, 114, 76, 191, 18, 113, 53, 161, 144, 47, 25, 198, 44, 112, 72, 67, 155, 181, 28, 184, 45, 10, 68, 102, 150, 196, 107, 164, 140, 109, 36, 115, 46, 168, 116, 171, 38, 20, 69, 63, 1, 106, 59, 129, 73, 118, 37, 82, 111, 64, 166, 51, 26, 62, 190, 48, 165, 88, 61, 12, 131, 32, 27, 172, 40, 42, 11, 22, 100, 71, 92, 81, 177, 70, 86, 147, 23, 5, 74, 180, 103, 136, 78, 24, 120, 93, 146, 194, 15, 193, 178, 139, 95, 91, 141, 66, 3, 97, 197, 98, 9, 157, 0], [0, 96, 19, 117, 2, 186, 94, 127, 13, 133, 158, 192, 134, 137, 29, 41, 125, 108, 80, 49, 128, 148, 33, 122, 56, 16, 154, 58, 85, 123, 163, 176, 156, 159, 160, 8, 75, 189, 83, 90, 151, 170, 7, 104, 162, 149, 124, 50, 65, 187, 31, 101, 43, 138, 169, 183, 57, 135, 132, 130, 89, 14, 60, 99, 119, 55, 199, 6, 167, 77, 182, 87, 142, 152, 185, 105, 174, 30, 175, 126, 153, 4, 84, 173, 79, 110, 145, 17, 52, 34, 188, 39, 143, 121, 195, 21, 54, 0]]"
uniform,n200_m2_r04.txt,data\mtsp\generated\n200_m2_r04.txt,200,2,rand+nn,1880.5246021634034,0.000954,0.000945,True,"[{""name"": ""rand+nn"", ""objective"": 1880.5246021634034, ""time"": 0.000945, ""valid"": true}]","[[0, 158, 1, 66, 145, 110, 93, 178, 120, 97, 138, 185, 141, 115, 102, 19, 134, 142, 73, 26, 118, 51, 80, 179, 99, 152, 156, 196, 133, 75, 170, 105, 38, 190, 182, 125, 87, 45, 147, 162, 48, 191, 79, 89, 31, 27, 86, 82, 10, 84, 69, 57, 128, 83, 23, 108, 149, 6, 20, 109, 148, 180, 153, 143, 186, 60, 52, 154, 146, 95, 22, 195, 65, 150, 14, 74, 17, 181, 18, 160, 37, 70, 77, 7, 42, 151, 183, 53, 194, 140, 54, 76, 40, 113, 157, 13, 15, 44, 81, 58, 159, 0], [0, 96, 167, 34, 192, 101, 24, 144, 104, 184, 36, 129, 55, 63, 30, 8, 92, 33, 164, 188, 2, 67, 107, 21, 16, 112, 46, 172, 199, 124, 127, 161, 50, 103, 85, 168, 29, 174, 171, 49, 56, 3, 193, 175, 126, 39, 25, 78, 94, 122, 62, 123, 169, 111, 72, 132, 139, 198, 61, 41, 135, 9, 43, 4, 187, 119, 28, 197, 155, 173, 91, 35, 90, 114, 166, 47, 32, 88, 106, 64, 59, 12, 121, 68, 131, 98, 130, 136, 189, 165, 163, 5, 177, 71, 100, 176, 11, 137, 116, 117, 0]]"
uniform,n200_m2_r04.txt,data\mtsp\generated\n200_m2_r04.txt,200,2,2opt+greed,1191.9064157003277,0.002034,0.002024,True,"[{""name"": ""2opt+greed"", ""objective"": 1191.9064157003277, ""time"": 0.002024, ""valid"": true}]","[[0, 158, 1, 145, 110, 129, 93, 104, 184, 36, 52, 60, 186, 143, 63, 5, 116, 20, 6, 68, 131, 98, 149, 23, 108, 136, 130, 189, 180, 165, 83, 128, 57, 163, 69, 84, 10, 86, 82, 92, 8, 30, 153, 188, 164, 33, 2, 159, 67, 154, 107, 95, 21, 146, 16, 195, 65, 46, 112, 22, 172, 150, 14, 74, 17, 124, 181, 18, 161, 194, 53, 183, 140, 54, 76, 193, 40, 3, 56, 49, 171, 174, 29, 168, 85, 151, 103, 42, 50, 7, 77, 127, 37, 160, 70, 199, 144, 178, 120, 55, 66, 0], [0, 96, 167, 34, 192, 101, 24, 97, 185, 13, 157, 175, 113, 126, 39, 25, 102, 19, 94, 134, 122, 62, 142, 73, 26, 123, 111, 169, 118, 198, 72, 132, 139, 51, 173, 155, 179, 80, 197, 196, 119, 187, 133, 4, 43, 15, 81, 61, 117, 58, 41, 135, 9, 44, 137, 105, 38, 11, 125, 182, 190, 176, 87, 121, 12, 64, 106, 109, 59, 148, 27, 31, 79, 89, 88, 32, 177, 162, 47, 147, 45, 100, 71, 166, 170, 114, 90, 75, 35, 48, 191, 156, 28, 152, 91, 99, 78, 115, 141, 138, 0]]"
uniform,n200_m2_r04.txt,data\mtsp\generated\n200_m2_r04.txt,200,2,grasp,1212.7240397452933,2.395081,2.395067,True,"[{""name"": ""grasp"", ""objective"": 1212.7240397452933, ""time"": 2.395067, ""valid"": true}]","[[0, 158, 167, 66, 55, 34, 192, 101, 141, 102, 25, 142, 73, 26, 123, 62, 122, 134, 19, 94, 78, 91, 99, 173, 155, 179, 80, 197, 4, 43, 15, 198, 72, 139, 51, 132, 118, 169, 111, 61, 81, 117, 58, 41, 135, 9, 44, 137, 105, 170, 166, 45, 100, 71, 38, 11, 125, 182, 190, 176, 87, 116, 121, 98, 149, 131, 68, 6, 20, 12, 64, 59, 148, 180, 165, 189, 23, 108, 136, 130, 83, 128, 57, 109, 106, 147, 47, 162, 48, 191, 35, 75, 114, 90, 133, 187, 119, 196, 28, 152, 156, 0], [0, 96, 177, 79, 32, 88, 89, 31, 27, 86, 82, 8, 5, 30, 92, 10, 84, 69, 163, 33, 164, 188, 153, 63, 143, 186, 60, 2, 159, 67, 154, 107, 95, 21, 146, 16, 195, 65, 46, 112, 22, 172, 36, 150, 14, 74, 17, 124, 199, 181, 18, 161, 194, 53, 183, 140, 54, 76, 193, 40, 3, 56, 113, 126, 175, 157, 49, 171, 174, 29, 168, 13, 39, 115, 185, 138, 24, 97, 151, 85, 103, 42, 50, 7, 77, 127, 37, 160, 70, 144, 178, 120, 93, 104, 184, 52, 129, 110, 145, 1, 0]]"
uniform,n200_m2_r04.txt,data\mtsp\generated\n200_m2_r04.txt,200,2,lkh-wrapper,1113.582617011457,0.055066,0.055047,True,"[{""name"": ""lkh-wrapper"", ""objective"": 1113.582617011457, ""time"": 0.055047, ""valid"": true}]","[[0, 66, 55, 120, 178, 144, 70, 160, 37, 127, 77, 7, 50, 42, 103, 151, 85, 168, 29, 174, 171, 49, 56, 3, 40, 193, 76, 54, 140, 183, 53, 194, 161, 18, 181, 199, 124, 17, 74, 14, 150, 172, 22, 112, 46, 65, 195, 16, 146, 21, 95, 107, 154, 67, 159, 2, 33, 164, 188, 153, 10, 84, 69, 163, 57, 128, 83, 165, 180, 189, 130, 136, 108, 23, 149, 98, 131, 68, 12, 20, 6, 86, 82, 92, 8, 30, 5, 63, 143, 186, 60, 52, 36, 184, 104, 93, 129, 110, 145, 1, 96, 0], [0, 191, 48, 177, 79, 32, 88, 89, 31, 27, 148, 59, 109, 106, 64, 121, 116, 87, 190, 182, 125, 11, 38, 176, 71, 100, 45, 147, 47, 162, 35, 156, 28, 152, 91, 99, 173, 155, 179, 80, 197, 196, 119, 4, 133, 187, 90, 114, 75, 166, 170, 105, 137, 43, 15, 44, 9, 135, 41, 58, 117, 81, 61, 198, 139, 51, 132, 72, 118, 169, 111, 123, 26, 142, 73, 113, 126, 175, 157, 13, 39, 25, 102, 122, 62, 134, 19, 94, 78, 115, 141, 138, 185, 97, 24, 101, 192, 34, 167, 158, 0]]"
uniform,n200_m2_r04.txt,data\mtsp\generated\n200_m2_r04.txt,200,2,lkh-wrapper-v1,1113.582617011457,0.05696,0.056942,True,"[{""name"": ""lkh-wrapper-v1"", ""objective"": 1113.582617011457, ""time"": 0.056942, ""valid"": true}]","[[0, 66, 55, 120, 178, 144, 70, 160, 37, 127, 77, 7, 50, 42, 103, 151, 85, 168, 29, 174, 171, 49, 56, 3, 40, 193, 76, 54, 140, 183, 53, 194, 161, 18, 181, 199, 124, 17, 74, 14, 150, 172, 22, 112, 46, 65, 195, 16, 146, 21, 95, 107, 154, 67, 159, 2, 33, 164, 188, 153, 10, 84, 69, 163, 57, 128, 83, 165, 180, 189, 130, 136, 108, 23, 149, 98, 131, 68, 12, 20, 6, 86, 82, 92, 8, 30, 5, 63, 143, 186, 60, 52, 36, 184, 104, 93, 129, 110, 145, 1, 96, 0], [0, 191, 48, 177, 79, 32, 88, 89, 31, 27, 148, 59, 109, 106, 64, 121, 116, 87, 190, 182, 125, 11, 38, 176, 71, 100, 45, 147, 47, 162, 35, 156, 28, 152, 91, 99, 173, 155, 179, 80, 197, 196, 119, 4, 133, 187, 90, 114, 75, 166, 170, 105, 137, 43, 15, 44, 9, 135, 41, 58, 117, 81, 61, 198, 139, 51, 132, 72, 118, 169, 111, 123, 26, 142, 73, 113, 126, 175, 157, 13, 39, 25, 102, 122, 62, 134, 19, 94, 78, 115, 141, 138, 185, 97, 24, 101, 192, 34, 167, 158, 0]]"
uniform,n200_m2_r04.txt,data\mtsp\generated\n200_m2_r04.txt,200,2,lkh-wrapper-v2,1146.5373436708187,0.06174,0.061723,True,"[{""name"": ""lkh-wrapper-v2"", ""objective"": 1146.5373436708187, ""time"": 0.061723, ""valid"": true}]","[[0, 156, 28, 152, 91, 99, 173, 155, 179, 80, 197, 196, 119, 187, 133, 4, 43, 15, 44, 9, 135, 41, 61, 81, 58, 117, 198, 111, 169, 118, 72, 139, 51, 132, 123, 26, 73, 142, 62, 122, 134, 19, 94, 78, 102, 25, 39, 115, 141, 138, 185, 97, 24, 101, 192, 34, 66, 55, 120, 93, 178, 199, 112, 46, 65, 195, 16, 36, 129, 110, 145, 96, 1, 167, 158, 0], [0, 35, 75, 166, 170, 114, 90, 137, 105, 38, 11, 125, 182, 190, 176, 71, 100, 87, 116, 45, 47, 147, 106, 109, 59, 64, 6, 20, 12, 121, 68, 131, 98, 149, 148, 180, 165, 189, 23, 108, 136, 130, 83, 128, 57, 163, 69, 84, 10, 33, 188, 164, 2, 159, 67, 154, 146, 21, 107, 95, 22, 172, 150, 14, 74, 17, 124, 181, 18, 161, 194, 53, 183, 140, 54, 29, 174, 171, 49, 193, 76, 40, 3, 56, 113, 126, 175, 157, 13, 168, 85, 151, 103, 42, 50, 7, 77, 127, 37, 160, 70, 144, 104, 184, 52, 60, 186, 143, 63, 153, 30, 5, 8, 92, 82, 86, 27, 31, 79, 89, 88, 32, 177, 162, 48, 191, 0]]"
uniform,n200_m2_r04.txt,data\mtsp\generated\n200_m2_r04.txt,200,2,lkh-wrapper-v3,1154.2314262600878,0.027069,0.027056,True,"[{""name"": ""lkh-wrapper-v3"", ""objective"": 1154.2314262600878, ""time"": 0.027056, ""valid"": true}]","[[0, 156, 28, 197, 196, 119, 187, 133, 4, 43, 15, 44, 9, 135, 41, 58, 117, 81, 61, 198, 111, 169, 118, 132, 72, 139, 51, 173, 80, 179, 155, 152, 91, 99, 78, 94, 19, 134, 123, 26, 73, 142, 62, 122, 102, 25, 39, 115, 141, 138, 185, 97, 24, 101, 192, 34, 66, 55, 145, 110, 129, 93, 120, 178, 199, 112, 46, 65, 195, 16, 63, 96, 1, 167, 158, 0], [0, 191, 48, 162, 177, 79, 32, 88, 89, 31, 27, 86, 82, 92, 8, 5, 30, 153, 143, 186, 60, 52, 36, 184, 104, 144, 70, 160, 37, 127, 77, 7, 50, 42, 103, 151, 85, 168, 13, 157, 175, 126, 113, 56, 3, 40, 76, 193, 49, 171, 174, 29, 54, 140, 183, 53, 194, 161, 18, 181, 124, 17, 74, 14, 150, 172, 22, 95, 107, 21, 146, 154, 67, 159, 2, 164, 188, 33, 10, 84, 69, 163, 57, 128, 83, 130, 136, 108, 23, 189, 165, 180, 148, 59, 109, 106, 64, 12, 20, 6, 149, 98, 131, 68, 121, 116, 87, 190, 182, 125, 11, 38, 176, 71, 100, 45, 147, 47, 166, 170, 105, 137, 90, 114, 75, 35, 0]]"
uniform,n200_m2_r05.txt,data\mtsp\generated\n200_m2_r05.txt,200,2,rand+nn,1898.3782489744935,0.001003,0.000994,True,"[{""name"": ""rand+nn"", ""objective"": 1898.3782489744935, ""time"": 0.000994, ""valid"": true}]","[[0, 19, 75, 156, 142, 160, 10, 146, 99, 58, 110, 120, 15, 37, 23, 26, 83, 84, 95, 18, 82, 182, 60, 79, 13, 149, 93, 181, 134, 115, 86, 45, 65, 76, 183, 170, 195, 14, 141, 17, 44, 196, 6, 70, 109, 53, 73, 1, 180, 87, 42, 89, 190, 154, 157, 57, 40, 138, 108, 31, 159, 194, 77, 148, 66, 147, 186, 162, 128, 81, 54, 113, 143, 178, 7, 118, 51, 179, 151, 158, 150, 52, 140, 20, 191, 185, 102, 80, 97, 27, 74, 153, 22, 38, 105, 48, 69, 125, 133, 152, 145, 0], [0, 35, 168, 30, 96, 184, 64, 21, 192, 90, 172, 100, 193, 139, 165, 8, 104, 135, 166, 107, 111, 59, 106, 144, 92, 50, 198, 121, 114, 98, 174, 175, 72, 28, 68, 177, 46, 11, 4, 132, 163, 123, 124, 32, 47, 161, 171, 129, 39, 103, 61, 3, 56, 41, 78, 155, 117, 199, 16, 169, 167, 173, 63, 101, 127, 5, 49, 131, 71, 112, 88, 176, 29, 9, 43, 116, 164, 55, 36, 34, 33, 136, 85, 2, 94, 24, 189, 122, 119, 91, 62, 197, 187, 188, 137, 67, 130, 12, 25, 126, 0]]"
uniform,n200_m2_r05.txt,data\mtsp\generated\n200_m2_r05.txt,200,2,2opt+greed,1315.2665466109452,0.001491,0.001483,True,"[{""name"": ""2opt+greed"", ""objective"": 1315.2665466109452, ""time"": 0.001483, ""valid"": true}]","[[0, 35, 168, 190, 143, 54, 21, 196, 70, 126, 149, 107, 166, 111, 104, 135, 93, 181, 134, 139, 45, 115, 8, 178, 106, 83, 26, 92, 18, 95, 82, 182, 13, 79, 60, 121, 114, 98, 94, 133, 2, 85, 136, 33, 67, 188, 27, 62, 91, 119, 74, 12, 153, 197, 187, 130, 22, 38, 137, 105, 48, 69, 125, 167, 169, 108, 31, 173, 159, 194, 63, 101, 127, 66, 147, 162, 88, 176, 128, 112, 186, 29, 148, 77, 5, 49, 131, 71, 81, 53, 109, 73, 1, 25, 180, 87, 42, 30, 89, 154, 157, 0], [0, 19, 174, 175, 28, 37, 132, 158, 163, 151, 179, 51, 118, 23, 50, 84, 144, 59, 198, 7, 165, 86, 193, 76, 65, 183, 170, 100, 172, 90, 195, 14, 17, 64, 141, 192, 44, 6, 184, 113, 96, 43, 9, 116, 164, 40, 55, 57, 34, 36, 138, 16, 199, 117, 155, 78, 80, 41, 97, 56, 102, 3, 61, 185, 191, 103, 122, 145, 152, 39, 20, 129, 140, 52, 47, 161, 32, 150, 124, 123, 4, 11, 46, 15, 177, 120, 171, 110, 58, 99, 146, 68, 72, 10, 160, 24, 142, 189, 156, 75, 0]]"
uniform,n200_m2_r05.txt,data\mtsp\generated\n200_m2_r05.txt,200,2,grasp,1256.291653833635,2.180158,2.180143,True,"[{""name"": ""grasp"", ""objective"": 1256.291653833635, ""time"": 2.180143, ""valid"": true}]","[[0, 157, 154, 87, 96, 184, 64, 141, 21, 192, 44, 196, 6, 70, 90, 170, 183, 76, 65, 45, 86, 115, 165, 7, 8, 198, 178, 104, 135, 93, 181, 134, 139, 193, 100, 172, 195, 14, 17, 126, 13, 79, 182, 107, 149, 166, 111, 59, 106, 144, 83, 84, 50, 26, 92, 23, 118, 179, 151, 163, 158, 4, 11, 132, 51, 37, 46, 15, 177, 123, 124, 150, 32, 161, 47, 52, 140, 171, 110, 58, 120, 99, 146, 68, 28, 72, 10, 175, 174, 98, 18, 95, 82, 114, 121, 60, 143, 113, 54, 30, 35, 0], [0, 168, 190, 89, 42, 116, 9, 43, 180, 25, 1, 73, 109, 53, 81, 128, 176, 162, 88, 71, 131, 49, 112, 186, 147, 66, 29, 148, 77, 5, 127, 101, 63, 194, 159, 173, 31, 108, 169, 167, 125, 69, 48, 105, 67, 199, 16, 138, 117, 155, 136, 85, 2, 185, 191, 103, 61, 3, 102, 78, 80, 41, 97, 56, 62, 27, 188, 137, 38, 22, 130, 187, 197, 91, 74, 12, 153, 119, 122, 145, 152, 39, 20, 129, 133, 94, 160, 24, 142, 19, 156, 189, 75, 33, 34, 36, 57, 55, 40, 164, 0]]"
uniform,n200_m2_r05.txt,data\mtsp\generated\n200_m2_r05.txt,200,2,lkh-wrapper,1256.3392978031325,0.070453,0.070436,True,"[{""name"": ""lkh-wrapper"", ""objective"": 1256.3392978031325, ""time"": 0.070436, ""valid"": true}]","[[0, 35, 168, 190, 30, 89, 154, 157, 42, 87, 180, 25, 1, 73, 109, 53, 81, 128, 176, 88, 162, 147, 66, 29, 148, 186, 112, 71, 131, 49, 5, 77, 127, 101, 63, 194, 159, 173, 31, 108, 169, 167, 125, 69, 48, 67, 105, 137, 38, 22, 130, 188, 187, 197, 153, 12, 74, 119, 91, 62, 27, 33, 136, 85, 2, 133, 94, 28, 95, 92, 26, 83, 144, 59, 111, 182, 107, 166, 149, 135, 104, 8, 93, 181, 134, 115, 165, 45, 70, 196, 17, 113, 143, 126, 13, 79, 60, 121, 114, 82, 98, 0], [0, 19, 174, 175, 18, 37, 23, 50, 84, 106, 178, 198, 7, 139, 86, 193, 76, 65, 183, 170, 100, 172, 90, 195, 14, 141, 64, 21, 192, 44, 6, 184, 54, 96, 43, 9, 116, 164, 40, 55, 57, 34, 36, 138, 16, 199, 117, 155, 78, 80, 41, 97, 56, 102, 3, 61, 185, 191, 103, 122, 145, 152, 39, 20, 129, 140, 52, 47, 161, 32, 150, 124, 123, 4, 11, 158, 163, 151, 179, 132, 118, 51, 46, 15, 177, 120, 171, 110, 58, 99, 146, 68, 72, 10, 160, 24, 142, 189, 156, 75, 0]]"
uniform,n200_m2_r05.txt,data\mtsp\generated\n200_m2_r05.txt,200,2,lkh-wrapper-v1,1256.3392978031325,0.071372,0.071352,True,"[{""name"": ""lkh-wrapper-v1"", ""objective"": 1256.3392978031325, ""time"": 0.071352, ""valid"": true}]","[[0, 35, 168, 190, 30, 89, 154, 157, 42, 87, 180, 25, 1, 73, 109, 53, 81, 128, 176, 88, 162, 147, 66, 29, 148, 186, 112, 71, 131, 49, 5, 77, 127, 101, 63, 194, 159, 173, 31, 108, 169, 167, 125, 69, 48, 67, 105, 137, 38, 22, 130, 188, 187, 197, 153, 12, 74, 119, 91, 62, 27, 33, 136, 85, 2, 133, 94, 28, 95, 92, 26, 83, 144, 59, 111, 182, 107, 166, 149, 135, 104, 8, 93, 181, 134, 115, 165, 45, 70, 196, 17, 113, 143, 126, 13, 79, 60, 121, 114, 82, 98, 0], [0, 19, 174, 175, 18, 37, 23, 50, 84, 106, 178, 198, 7, 139, 86, 193, 76, 65, 183, 170, 100, 172, 90, 195, 14, 141, 64, 21, 192, 44, 6, 184, 54, 96, 43, 9, 116, 164, 40, 55, 57, 34, 36, 138, 16, 199, 117, 155, 78, 80, 41, 97, 56, 102, 3, 61, 185, 191, 103, 122, 145, 152, 39, 20, 129, 140, 52, 47, 161, 32, 150, 124, 123, 4, 11, 158, 163, 151, 179, 132, 118, 51, 46, 15, 177, 120, 171, 110, 58, 99, 146, 68, 72, 10, 160, 24, 142, 189, 156, 75, 0]]"
uniform,n200_m2_r05.txt,data\mtsp\generated\n200_m2_r05.txt,200,2,lkh-wrapper-v2,1225.1065646252569,0.052795,0.052776,True,"[{""name"": ""lkh-wrapper-v2"", ""objective"": 1225.1065646252569, ""time"": 0.052776, ""valid"": true}]","[[0, 157, 154, 42, 87, 180, 1, 25, 96, 184, 64, 141, 17, 14, 195, 196, 21, 192, 44, 6, 70, 90, 170, 100, 183, 76, 65, 45, 165, 115, 134, 181, 93, 135, 104, 8, 7, 198, 178, 59, 106, 144, 83, 84, 50, 26, 92, 95, 18, 37, 23, 118, 51, 179, 151, 163, 158, 132, 11, 4, 123, 124, 150, 32, 161, 47, 52, 140, 171, 110, 58, 120, 177, 46, 15, 99, 146, 68, 28, 72, 10, 94, 174, 175, 98, 82, 114, 121, 60, 182, 111, 166, 107, 149, 13, 79, 126, 143, 113, 54, 30, 89, 190, 168, 35, 0], [0, 19, 142, 24, 160, 189, 156, 75, 136, 33, 34, 36, 57, 55, 138, 16, 199, 117, 155, 78, 80, 41, 97, 56, 102, 3, 61, 103, 191, 185, 85, 2, 133, 129, 20, 39, 152, 145, 122, 119, 153, 12, 74, 91, 62, 27, 197, 187, 188, 130, 22, 38, 137, 105, 67, 48, 69, 125, 167, 169, 108, 31, 173, 159, 194, 63, 101, 127, 40, 164, 116, 43, 9, 49, 5, 77, 148, 29, 66, 147, 186, 131, 71, 112, 162, 88, 176, 128, 81, 53, 109, 73, 172, 193, 86, 139, 0]]"
uniform,n200_m2_r05.txt,data\mtsp\generated\n200_m2_r05.txt,200,2,lkh-wrapper-v3,1234.461875868355,0.032053,0.03204,True,"[{""name"": ""lkh-wrapper-v3"", ""objective"": 1234.461875868355, ""time"": 0.03204, ""valid"": true}]","[[0, 157, 154, 89, 30, 42, 87, 180, 1, 25, 96, 54, 184, 64, 141, 17, 14, 195, 21, 192, 44, 196, 6, 70, 90, 170, 100, 183, 76, 65, 45, 165, 115, 134, 181, 93, 135, 104, 8, 7, 198, 178, 59, 106, 144, 83, 84, 50, 26, 92, 95, 18, 37, 23, 118, 51, 11, 132, 179, 151, 163, 158, 4, 123, 124, 150, 32, 161, 47, 52, 140, 171, 110, 58, 120, 177, 46, 15, 99, 146, 68, 28, 72, 10, 94, 174, 175, 98, 82, 114, 121, 60, 182, 111, 166, 107, 149, 13, 79, 126, 143, 113, 190, 168, 35, 0], [0, 75, 156, 189, 136, 3, 61, 185, 191, 103, 102, 56, 97, 41, 80, 78, 155, 117, 199, 16, 138, 33, 34, 36, 57, 55, 40, 164, 116, 9, 43, 139, 86, 193, 172, 53, 109, 73, 71, 81, 128, 176, 88, 162, 186, 112, 131, 49, 5, 77, 148, 29, 147, 66, 127, 101, 63, 194, 159, 173, 31, 108, 169, 167, 125, 69, 48, 67, 105, 137, 38, 22, 130, 188, 187, 197, 27, 62, 91, 74, 12, 153, 119, 122, 145, 152, 39, 20, 129, 2, 85, 133, 160, 24, 142, 19, 0]]"
uniform,n200_m2_r06.txt,data\mtsp\generated\n200_m2_r06.txt,200,2,rand+nn,1820.5188169008193,0.001137,0.001127,True,"[{""name"": ""rand+nn"", ""objective"": 1820.5188169008193, ""time"": 0.001127, ""valid"": true}]","[[0, 162, 108, 48, 158, 20, 159, 147, 128, 160, 19, 54, 70, 66, 52, 145, 181, 146, 97, 113, 143, 86, 110, 57, 141, 105, 138, 156, 77, 81, 133, 148, 42, 37, 102, 109, 7, 23, 40, 51, 153, 53, 44, 31, 1, 154, 180, 80, 118, 10, 120, 83, 179, 84, 152, 73, 45, 183, 178, 182, 74, 93, 186, 150, 190, 89, 17, 58, 149, 69, 60, 195, 140, 13, 26, 15, 22, 115, 38, 14, 196, 157, 95, 87, 79, 151, 75, 134, 76, 142, 99, 65, 27, 6, 191, 125, 18, 170, 82, 185, 194, 0], [0, 114, 184, 55, 85, 71, 175, 43, 127, 21, 187, 106, 25, 168, 8, 192, 112, 59, 137, 173, 56, 28, 67, 50, 72, 155, 174, 121, 61, 171, 161, 91, 126, 29, 36, 24, 35, 165, 188, 88, 132, 111, 100, 104, 176, 169, 177, 172, 64, 135, 41, 193, 34, 4, 131, 197, 144, 46, 30, 124, 119, 129, 163, 32, 12, 130, 68, 11, 78, 166, 96, 2, 101, 122, 136, 16, 49, 189, 117, 198, 167, 9, 47, 98, 139, 39, 63, 107, 90, 94, 33, 116, 62, 164, 123, 92, 5, 199, 3, 103, 0]]"
uniform,n200_m2_r06.txt,data\mtsp\generated\n200_m2_r06.txt,200,2,2opt+greed,1230.813435331101,0.001551,0.001543,True,"[{""name"": ""2opt+greed"", ""objective"": 1230.813435331101, ""time"": 0.001543, ""valid"": true}]","[[0, 114, 150, 55, 10, 120, 83, 179, 71, 118, 85, 123, 80, 92, 180, 1, 154, 31, 175, 43, 127, 91, 161, 53, 51, 155, 72, 174, 40, 121, 23, 7, 109, 37, 168, 102, 50, 67, 28, 77, 8, 192, 112, 59, 138, 137, 56, 173, 156, 107, 105, 110, 86, 143, 113, 103, 97, 146, 9, 98, 47, 139, 57, 39, 63, 141, 90, 167, 189, 49, 117, 198, 181, 145, 52, 66, 16, 70, 136, 54, 122, 101, 2, 96, 128, 160, 19, 5, 199, 3, 94, 170, 33, 18, 125, 191, 6, 193, 34, 62, 116, 0], [0, 184, 186, 93, 164, 84, 152, 73, 81, 133, 25, 148, 106, 42, 187, 21, 153, 61, 171, 44, 126, 60, 69, 195, 140, 35, 13, 24, 26, 15, 36, 29, 149, 58, 89, 17, 132, 88, 22, 115, 165, 188, 38, 30, 157, 196, 14, 100, 111, 104, 190, 177, 169, 176, 87, 95, 144, 197, 158, 131, 20, 166, 159, 11, 78, 75, 79, 151, 46, 194, 185, 124, 119, 76, 129, 163, 12, 99, 32, 142, 130, 65, 134, 68, 27, 147, 41, 135, 64, 172, 162, 108, 48, 4, 82, 45, 183, 178, 74, 182, 0]]"
uniform,n200_m2_r06.txt,data\mtsp\generated\n200_m2_r06.txt,200,2,grasp,1209.8292668066479,2.167832,2.167811,True,"[{""name"": ""grasp"", ""objective"": 1209.8292668066479, ""time"": 2.167811, ""valid"": true}]","[[0, 162, 172, 108, 48, 4, 135, 64, 131, 158, 20, 197, 144, 87, 95, 46, 151, 79, 75, 78, 11, 147, 159, 166, 6, 193, 41, 34, 125, 191, 5, 199, 3, 94, 170, 33, 18, 62, 82, 90, 9, 167, 117, 198, 181, 145, 189, 49, 52, 66, 16, 70, 136, 54, 101, 122, 19, 160, 128, 96, 2, 27, 68, 65, 130, 163, 129, 142, 32, 99, 12, 76, 134, 119, 124, 185, 194, 30, 157, 196, 14, 100, 38, 188, 165, 115, 26, 15, 22, 88, 132, 58, 89, 17, 111, 104, 190, 177, 176, 169, 150, 0], [0, 114, 184, 186, 93, 152, 84, 179, 83, 120, 10, 55, 118, 123, 80, 92, 149, 29, 36, 24, 13, 35, 140, 195, 69, 60, 126, 44, 154, 180, 1, 85, 31, 175, 43, 127, 21, 91, 161, 171, 53, 61, 153, 51, 155, 72, 174, 40, 121, 23, 7, 109, 50, 102, 168, 37, 106, 42, 187, 71, 148, 25, 133, 81, 73, 192, 8, 77, 28, 67, 56, 137, 173, 156, 138, 107, 105, 63, 110, 86, 113, 103, 97, 146, 143, 98, 47, 139, 57, 39, 141, 59, 112, 116, 45, 183, 164, 74, 178, 182, 0]]"
uniform,n200_m2_r06.txt,data\mtsp\generated\n200_m2_r06.txt,200,2,lkh-wrapper,1174.2498805146502,0.091014,0.090993,True,"[{""name"": ""lkh-wrapper"", ""objective"": 1174.2498805146502, ""time"": 0.090993, ""valid"": true}]","[[0, 55, 10, 120, 83, 179, 37, 168, 102, 77, 8, 192, 112, 116, 82, 33, 170, 94, 3, 199, 18, 125, 34, 193, 6, 191, 5, 19, 160, 128, 2, 27, 101, 122, 54, 136, 70, 16, 66, 52, 145, 181, 198, 117, 49, 189, 167, 9, 146, 97, 103, 113, 143, 98, 47, 57, 139, 86, 110, 39, 63, 105, 107, 141, 90, 59, 138, 156, 173, 137, 56, 28, 67, 50, 109, 7, 23, 121, 40, 174, 72, 155, 51, 153, 61, 21, 127, 43, 175, 31, 154, 1, 180, 92, 80, 123, 85, 71, 118, 150, 114, 0], [0, 184, 186, 74, 182, 178, 183, 62, 45, 164, 93, 84, 152, 73, 81, 133, 25, 148, 106, 42, 187, 53, 171, 161, 91, 44, 126, 60, 69, 195, 140, 35, 13, 24, 26, 115, 165, 188, 22, 15, 36, 29, 149, 58, 89, 17, 132, 88, 100, 111, 14, 104, 190, 177, 169, 176, 144, 87, 95, 196, 157, 30, 38, 194, 185, 124, 119, 76, 129, 163, 12, 99, 32, 142, 130, 65, 68, 134, 46, 151, 79, 75, 78, 11, 147, 96, 159, 166, 20, 197, 158, 131, 41, 135, 64, 48, 4, 108, 172, 162, 0]]"
uniform,n200_m2_r06.txt,data\mtsp\generated\n200_m2_r06.txt,200,2,lkh-wrapper-v1,1174.2498805146502,0.089149,0.08913,True,"[{""name"": ""lkh-wrapper-v1"", ""objective"": 1174.2498805146502, ""time"": 0.08913, ""valid"": true}]","[[0, 55, 10, 120, 83, 179, 37, 168, 102, 77, 8, 192, 112, 116, 82, 33, 170, 94, 3, 199, 18, 125, 34, 193, 6, 191, 5, 19, 160, 128, 2, 27, 101, 122, 54, 136, 70, 16, 66, 52, 145, 181, 198, 117, 49, 189, 167, 9, 146, 97, 103, 113, 143, 98, 47, 57, 139, 86, 110, 39, 63, 105, 107, 141, 90, 59, 138, 156, 173, 137, 56, 28, 67, 50, 109, 7, 23, 121, 40, 174, 72, 155, 51, 153, 61, 21, 127, 43, 175, 31, 154, 1, 180, 92, 80, 123, 85, 71, 118, 150, 114, 0], [0, 184, 186, 74, 182, 178, 183, 62, 45, 164, 93, 84, 152, 73, 81, 133, 25, 148, 106, 42, 187, 53, 171, 161, 91, 44, 126, 60, 69, 195, 140, 35, 13, 24, 26, 115, 165, 188, 22, 15, 36, 29, 149, 58, 89, 17, 132, 88, 100, 111, 14, 104, 190, 177, 169, 176, 144, 87, 95, 196, 157, 30, 38, 194, 185, 124, 119, 76, 129, 163, 12, 99, 32, 142, 130, 65, 68, 134, 46, 151, 79, 75, 78, 11, 147, 96, 159, 166, 20, 197, 158, 131, 41, 135, 64, 48, 4, 108, 172, 162, 0]]"
uniform,n200_m2_r06.txt,data\mtsp\generated\n200_m2_r06.txt,200,2,lkh-wrapper-v2,1124.674868243107,0.078802,0.078788,True,"[{""name"": ""lkh-wrapper-v2"", ""objective"": 1124.674868243107, ""time"": 0.078788, ""valid"": true}]","[[0, 172, 48, 64, 135, 41, 34, 193, 6, 191, 5, 19, 160, 128, 2, 96, 147, 27, 68, 134, 65, 130, 163, 129, 142, 32, 99, 12, 76, 119, 124, 185, 194, 46, 151, 79, 75, 78, 11, 159, 166, 20, 131, 158, 197, 144, 87, 95, 196, 157, 30, 38, 14, 100, 111, 132, 88, 22, 188, 165, 115, 35, 140, 13, 24, 26, 15, 36, 29, 149, 58, 17, 89, 190, 177, 104, 176, 169, 150, 114, 0], [0, 162, 108, 4, 125, 18, 33, 170, 94, 3, 199, 122, 101, 54, 136, 70, 16, 66, 52, 145, 181, 198, 117, 49, 189, 167, 9, 146, 97, 103, 113, 143, 98, 47, 57, 139, 86, 110, 39, 63, 105, 107, 141, 90, 116, 82, 62, 183, 45, 164, 152, 73, 81, 133, 25, 148, 71, 31, 175, 43, 127, 21, 187, 42, 106, 37, 168, 102, 77, 8, 192, 112, 59, 138, 156, 173, 137, 56, 28, 67, 50, 109, 7, 23, 121, 174, 40, 51, 72, 155, 153, 61, 53, 171, 161, 91, 44, 126, 60, 195, 69, 154, 1, 180, 92, 80, 123, 85, 118, 55, 10, 120, 83, 179, 84, 93, 74, 178, 182, 186, 184, 0]]"
uniform,n200_m2_r06.txt,data\mtsp\generated\n200_m2_r06.txt,200,2,lkh-wrapper-v3,1141.3243356219095,0.044745,0.044665,True,"[{""name"": ""lkh-wrapper-v3"", ""objective"": 1141.3243356219095, ""time"": 0.044665, ""valid"": true}]","[[0, 172, 158, 131, 64, 48, 135, 41, 34, 193, 6, 191, 122, 101, 160, 128, 96, 147, 2, 27, 68, 134, 65, 130, 76, 129, 163, 142, 32, 12, 99, 119, 124, 185, 194, 46, 151, 79, 75, 78, 11, 159, 166, 20, 197, 144, 87, 95, 196, 157, 30, 38, 188, 165, 115, 22, 15, 26, 35, 140, 13, 24, 36, 29, 149, 58, 89, 17, 132, 88, 100, 111, 14, 104, 176, 169, 177, 190, 150, 114, 0], [0, 162, 108, 4, 62, 18, 125, 3, 199, 5, 19, 54, 136, 70, 16, 66, 52, 145, 181, 198, 49, 189, 117, 167, 9, 146, 97, 103, 113, 143, 98, 47, 57, 139, 86, 110, 39, 63, 105, 107, 141, 90, 94, 170, 33, 82, 116, 45, 183, 164, 152, 73, 81, 133, 25, 148, 42, 187, 127, 21, 106, 37, 168, 102, 77, 8, 192, 112, 59, 138, 156, 173, 137, 56, 28, 67, 50, 109, 7, 23, 174, 40, 121, 51, 72, 155, 153, 61, 53, 171, 161, 91, 43, 175, 31, 44, 126, 60, 195, 69, 154, 1, 180, 92, 80, 123, 85, 71, 118, 55, 10, 120, 83, 179, 84, 93, 74, 178, 182, 186, 184, 0]]"
uniform,n200_m2_r07.txt,data\mtsp\generated\n200_m2_r07.txt,200,2,rand+nn,2041.8492243125934,0.001303,0.001294,True,"[{""name"": ""rand+nn"", ""objective"": 2041.8492243125934, ""time"": 0.001294, ""valid"": true}]","[[0, 81, 76, 195, 128, 38, 180, 6, 157, 86, 158, 79, 69, 186, 152, 74, 159, 15, 58, 51, 145, 160, 52, 154, 110, 53, 60, 42, 97, 22, 80, 48, 45, 148, 196, 162, 95, 40, 140, 66, 183, 182, 57, 143, 13, 109, 1, 113, 20, 133, 115, 10, 185, 156, 77, 194, 149, 44, 54, 65, 146, 87, 23, 83, 84, 93, 70, 147, 18, 37, 7, 108, 75, 170, 178, 138, 190, 99, 27, 142, 191, 120, 153, 118, 26, 151, 17, 31, 125, 14, 150, 181, 141, 89, 134, 102, 73, 19, 179, 82, 105, 0], [0, 117, 59, 72, 8, 188, 165, 187, 5, 184, 4, 122, 78, 56, 163, 91, 136, 85, 169, 155, 137, 104, 126, 25, 30, 114, 90, 116, 192, 167, 34, 16, 29, 67, 124, 24, 135, 32, 41, 111, 64, 28, 3, 139, 55, 50, 127, 88, 103, 171, 21, 46, 144, 161, 35, 173, 2, 101, 61, 166, 43, 193, 92, 47, 98, 39, 11, 131, 106, 130, 129, 12, 177, 132, 36, 119, 96, 9, 123, 107, 198, 94, 199, 33, 174, 175, 164, 71, 63, 176, 121, 168, 189, 62, 100, 172, 68, 49, 112, 197, 0]]"
uniform,n200_m2_r07.txt,data\mtsp\generated\n200_m2_r07.txt,200,2,2opt+greed,1371.0308913726253,0.001742,0.001733,True,"[{""name"": ""2opt+greed"", ""objective"": 1371.0308913726253, ""time"": 0.001733, ""valid"": true}]","[[0, 117, 59, 72, 76, 165, 5, 19, 73, 122, 184, 4, 78, 140, 66, 40, 162, 172, 45, 62, 100, 48, 168, 189, 22, 175, 164, 174, 33, 60, 71, 42, 63, 145, 176, 141, 98, 39, 47, 92, 193, 43, 2, 105, 35, 61, 120, 21, 171, 103, 191, 88, 142, 127, 190, 50, 99, 55, 139, 27, 119, 36, 6, 180, 38, 177, 89, 157, 132, 86, 186, 131, 69, 79, 158, 46, 144, 161, 153, 151, 26, 118, 17, 31, 125, 11, 14, 150, 181, 130, 74, 152, 106, 129, 12, 159, 15, 96, 9, 102, 134, 0], [0, 81, 188, 8, 41, 187, 149, 194, 77, 155, 169, 185, 10, 136, 91, 163, 133, 115, 179, 56, 143, 13, 1, 109, 113, 20, 112, 49, 85, 156, 54, 135, 44, 24, 146, 65, 124, 90, 116, 87, 23, 83, 84, 93, 197, 70, 147, 18, 37, 7, 3, 108, 75, 28, 170, 178, 34, 167, 192, 16, 29, 67, 114, 30, 25, 126, 104, 137, 32, 195, 128, 111, 64, 138, 101, 173, 166, 121, 51, 58, 107, 123, 97, 198, 94, 110, 154, 52, 160, 53, 199, 82, 80, 196, 148, 57, 68, 183, 182, 95, 0]]"
uniform,n200_m2_r07.txt,data\mtsp\generated\n200_m2_r07.txt,200,2,grasp,1220.3418907206621,2.291936,2.291923,True,"[{""name"": ""grasp"", ""objective"": 1220.3418907206621, ""time"": 2.291923, ""valid"": true}]","[[0, 59, 8, 72, 76, 165, 187, 41, 149, 32, 104, 137, 194, 77, 169, 155, 10, 115, 4, 184, 5, 122, 19, 73, 102, 9, 123, 168, 48, 189, 22, 94, 199, 33, 174, 164, 175, 82, 80, 100, 62, 45, 172, 148, 196, 162, 95, 40, 182, 57, 68, 183, 66, 140, 78, 179, 56, 143, 13, 1, 109, 113, 20, 112, 49, 91, 163, 133, 136, 85, 185, 156, 54, 135, 44, 126, 25, 30, 124, 65, 24, 146, 90, 114, 67, 29, 16, 116, 87, 23, 83, 84, 93, 197, 37, 7, 18, 70, 147, 36, 38, 0], [0, 117, 81, 188, 195, 128, 111, 64, 178, 170, 34, 192, 167, 28, 75, 108, 3, 139, 138, 190, 50, 99, 55, 27, 119, 6, 132, 157, 180, 177, 89, 129, 130, 74, 152, 106, 186, 131, 69, 86, 158, 79, 46, 21, 171, 191, 88, 142, 127, 103, 120, 153, 61, 101, 105, 2, 173, 35, 151, 161, 144, 118, 26, 11, 17, 31, 125, 14, 166, 43, 193, 39, 98, 141, 47, 92, 150, 181, 121, 51, 176, 145, 154, 52, 160, 63, 42, 60, 71, 53, 110, 198, 97, 107, 58, 96, 15, 159, 12, 134, 0]]"
uniform,n200_m2_r07.txt,data\mtsp\generated\n200_m2_r07.txt,200,2,lkh-wrapper,1276.1167642366759,0.091825,0.091806,True,"[{""name"": ""lkh-wrapper"", ""objective"": 1276.1167642366759, ""time"": 0.091806, ""valid"": true}]","[[0, 134, 102, 9, 96, 15, 159, 130, 74, 152, 106, 186, 131, 69, 17, 31, 125, 14, 11, 118, 26, 151, 153, 161, 144, 46, 79, 158, 86, 132, 157, 89, 177, 129, 12, 38, 180, 6, 36, 119, 27, 55, 99, 138, 50, 190, 127, 142, 88, 191, 103, 171, 21, 120, 61, 101, 105, 2, 43, 193, 92, 47, 39, 98, 141, 150, 181, 176, 145, 63, 42, 71, 60, 164, 174, 175, 80, 22, 189, 168, 48, 100, 62, 45, 172, 148, 196, 40, 140, 78, 4, 184, 122, 73, 19, 5, 165, 76, 72, 59, 117, 0], [0, 81, 188, 8, 41, 187, 149, 194, 77, 169, 185, 10, 155, 115, 133, 179, 56, 66, 183, 95, 162, 182, 57, 68, 143, 13, 1, 109, 113, 20, 112, 49, 91, 163, 136, 85, 156, 54, 135, 44, 137, 104, 126, 25, 32, 195, 128, 111, 64, 170, 178, 29, 67, 16, 34, 167, 192, 116, 90, 114, 30, 124, 65, 24, 146, 87, 23, 83, 84, 93, 197, 70, 147, 18, 37, 7, 3, 108, 28, 75, 139, 35, 173, 166, 121, 51, 160, 52, 154, 110, 53, 33, 199, 82, 94, 198, 97, 123, 107, 58, 0]]"
uniform,n200_m2_r07.txt,data\mtsp\generated\n200_m2_r07.txt,200,2,lkh-wrapper-v1,1276.1167642366759,0.086371,0.086345,True,"[{""name"": ""lkh-wrapper-v1"", ""objective"": 1276.1167642366759, ""time"": 0.086345, ""valid"": true}]","[[0, 134, 102, 9, 96, 15, 159, 130, 74, 152, 106, 186, 131, 69, 17, 31, 125, 14, 11, 118, 26, 151, 153, 161, 144, 46, 79, 158, 86, 132, 157, 89, 177, 129, 12, 38, 180, 6, 36, 119, 27, 55, 99, 138, 50, 190, 127, 142, 88, 191, 103, 171, 21, 120, 61, 101, 105, 2, 43, 193, 92, 47, 39, 98, 141, 150, 181, 176, 145, 63, 42, 71, 60, 164, 174, 175, 80, 22, 189, 168, 48, 100, 62, 45, 172, 148, 196, 40, 140, 78, 4, 184, 122, 73, 19, 5, 165, 76, 72, 59, 117, 0], [0, 81, 188, 8, 41, 187, 149, 194, 77, 169, 185, 10, 155, 115, 133, 179, 56, 66, 183, 95, 162, 182, 57, 68, 143, 13, 1, 109, 113, 20, 112, 49, 91, 163, 136, 85, 156, 54, 135, 44, 137, 104, 126, 25, 32, 195, 128, 111, 64, 170, 178, 29, 67, 16, 34, 167, 192, 116, 90, 114, 30, 124, 65, 24, 146, 87, 23, 83, 84, 93, 197, 70, 147, 18, 37, 7, 3, 108, 28, 75, 139, 35, 173, 166, 121, 51, 160, 52, 154, 110, 53, 33, 199, 82, 94, 198, 97, 123, 107, 58, 0]]"
uniform,n200_m2_r07.txt,data\mtsp\generated\n200_m2_r07.txt,200,2,lkh-wrapper-v2,1218.1051390554194,0.082843,0.082826,True,"[{""name"": ""lkh-wrapper-v2"", ""objective"": 1218.1051390554194, ""time"": 0.082826, ""valid"": true}]","[[0, 117, 76, 165, 187, 5, 4, 184, 122, 73, 134, 102, 9, 58, 96, 15, 159, 12, 129, 177, 89, 157, 132, 86, 158, 79, 69, 131, 186, 106, 152, 74, 130, 181, 121, 51, 176, 145, 160, 52, 154, 53, 71, 42, 60, 33, 199, 174, 164, 175, 82, 94, 198, 97, 107, 123, 168, 189, 48, 62, 45, 172, 148, 196, 162, 182, 57, 68, 183, 66, 140, 78, 179, 56, 143, 13, 1, 109, 113, 20, 112, 49, 85, 10, 136, 91, 163, 133, 115, 137, 32, 72, 59, 188, 81, 0], [0, 19, 40, 95, 100, 80, 22, 110, 63, 150, 92, 47, 141, 98, 39, 193, 14, 11, 125, 31, 17, 144, 46, 153, 161, 118, 26, 166, 43, 151, 35, 173, 2, 105, 101, 61, 120, 103, 21, 171, 191, 88, 142, 127, 190, 50, 138, 3, 147, 70, 18, 7, 37, 197, 93, 84, 83, 23, 87, 146, 24, 65, 124, 114, 90, 116, 192, 167, 34, 16, 29, 67, 30, 25, 104, 126, 44, 135, 54, 156, 185, 169, 155, 77, 194, 149, 41, 8, 195, 128, 111, 64, 178, 170, 28, 75, 108, 139, 55, 99, 27, 119, 36, 6, 180, 38, 0]]"
uniform,n200_m2_r07.txt,data\mtsp\generated\n200_m2_r07.txt,200,2,lkh-wrapper-v3,1200.009439240617,0.052512,0.052497,True,"[{""name"": ""lkh-wrapper-v3"", ""objective"": 1200.009439240617, ""time"": 0.052497, ""valid"": true}]","[[0, 117, 76, 165, 187, 5, 184, 122, 19, 73, 134, 102, 9, 160, 176, 141, 98, 39, 47, 92, 193, 38, 180, 6, 36, 119, 27, 55, 99, 50, 190, 138, 139, 3, 108, 75, 28, 170, 178, 34, 192, 167, 147, 70, 18, 7, 37, 197, 93, 84, 83, 23, 146, 24, 65, 124, 30, 114, 90, 87, 116, 16, 29, 67, 8, 72, 59, 188, 81, 0], [0, 12, 129, 177, 89, 157, 132, 86, 158, 79, 46, 144, 161, 153, 21, 171, 88, 142, 127, 191, 103, 120, 61, 101, 105, 2, 35, 173, 43, 166, 151, 26, 118, 11, 14, 125, 31, 17, 69, 131, 186, 106, 152, 74, 130, 159, 15, 96, 58, 181, 150, 121, 51, 145, 63, 42, 60, 71, 52, 154, 107, 123, 97, 198, 110, 53, 199, 33, 174, 164, 175, 82, 94, 22, 189, 168, 48, 80, 100, 62, 45, 172, 148, 196, 162, 95, 40, 182, 57, 68, 183, 66, 140, 78, 179, 56, 143, 13, 1, 109, 113, 20, 112, 49, 91, 163, 133, 115, 4, 149, 194, 77, 155, 169, 185, 10, 136, 85, 156, 54, 135, 44, 137, 104, 126, 25, 32, 41, 195, 64, 111, 128, 0]]"
uniform,n200_m2_r08.txt,data\mtsp\generated\n200_m2_r08.txt,200,2,rand+nn,1886.2459105204582,0.001035,0.001026,True,"[{""name"": ""rand+nn"", ""objective"": 1886.2459105204582, ""time"": 0.001026, ""valid"": true}]","[[0, 79, 73, 105, 75, 191, 115, 170, 7, 86, 58, 87, 26, 83, 95, 22, 151, 65, 40, 77, 37, 194, 44, 182, 141, 152, 109, 74, 19, 17, 76, 150, 53, 120, 113, 15, 82, 110, 38, 134, 89, 57, 133, 45, 6, 31, 52, 66, 51, 154, 146, 148, 97, 147, 160, 84, 13, 195, 140, 27, 125, 181, 179, 180, 143, 42, 156, 149, 10, 128, 185, 178, 159, 48, 81, 153, 60, 102, 1, 20, 118, 14, 138, 23, 183, 190, 158, 93, 70, 186, 196, 157, 54, 69, 80, 145, 18, 162, 142, 99, 108, 0], [0, 50, 30, 98, 174, 188, 175, 119, 4, 131, 25, 130, 29, 177, 41, 166, 189, 8, 155, 28, 122, 24, 9, 3, 198, 101, 169, 12, 124, 88, 193, 137, 184, 16, 34, 168, 103, 199, 46, 192, 135, 161, 187, 171, 96, 11, 172, 68, 164, 197, 5, 32, 132, 107, 78, 64, 127, 104, 90, 139, 33, 61, 43, 55, 63, 117, 114, 85, 59, 111, 167, 116, 49, 91, 173, 123, 94, 121, 21, 39, 163, 2, 106, 112, 72, 129, 100, 144, 56, 165, 92, 47, 176, 36, 136, 35, 71, 126, 67, 62, 0]]"
uniform,n200_m2_r08.txt,data\mtsp\generated\n200_m2_r08.txt,200,2,2opt+greed,1286.202004625679,0.001424,0.001416,True,"[{""name"": ""2opt+greed"", ""objective"": 1286.202004625679, ""time"": 0.001416, ""valid"": true}]","[[0, 79, 4, 142, 194, 184, 44, 16, 34, 182, 141, 9, 109, 152, 189, 17, 76, 41, 113, 168, 103, 6, 62, 67, 133, 57, 11, 68, 164, 134, 187, 135, 46, 192, 82, 15, 120, 98, 97, 148, 147, 174, 75, 191, 115, 170, 117, 63, 42, 55, 43, 61, 33, 139, 181, 179, 49, 180, 116, 143, 167, 185, 128, 111, 10, 21, 149, 86, 99, 178, 176, 36, 136, 1, 56, 144, 183, 190, 158, 129, 23, 100, 138, 118, 14, 20, 92, 165, 102, 47, 60, 153, 81, 48, 39, 159, 121, 87, 7, 105, 73, 0], [0, 50, 119, 25, 131, 130, 38, 161, 171, 96, 89, 172, 35, 126, 71, 31, 45, 199, 110, 29, 53, 177, 150, 19, 166, 74, 8, 155, 28, 24, 122, 18, 69, 145, 80, 157, 196, 54, 169, 93, 70, 101, 198, 186, 3, 162, 12, 77, 37, 193, 137, 95, 22, 151, 88, 40, 124, 65, 106, 2, 163, 112, 72, 83, 26, 58, 94, 85, 59, 114, 156, 160, 84, 5, 140, 27, 123, 173, 91, 125, 90, 104, 127, 64, 78, 195, 107, 108, 132, 32, 13, 52, 197, 66, 51, 154, 146, 188, 175, 30, 0]]"
uniform,n200_m2_r08.txt,data\mtsp\generated\n200_m2_r08.txt,200,2,grasp,1172.2109592118763,2.35871,2.358697,True,"[{""name"": ""grasp"", ""objective"": 1172.2109592118763, ""time"": 2.358697, ""valid"": true}]","[[0, 79, 50, 73, 98, 97, 146, 154, 51, 197, 66, 164, 68, 172, 35, 71, 31, 126, 67, 62, 133, 11, 89, 134, 187, 161, 38, 82, 192, 46, 135, 171, 96, 57, 45, 6, 199, 103, 110, 15, 168, 113, 120, 177, 150, 53, 29, 25, 131, 130, 119, 4, 142, 182, 34, 16, 44, 194, 184, 37, 77, 12, 162, 3, 186, 9, 141, 189, 19, 41, 76, 17, 166, 152, 109, 74, 8, 155, 28, 24, 122, 18, 145, 80, 69, 157, 196, 54, 198, 169, 101, 70, 93, 40, 124, 88, 151, 22, 95, 193, 137, 0], [0, 105, 94, 87, 26, 83, 72, 112, 65, 106, 163, 2, 102, 92, 20, 14, 118, 138, 100, 23, 129, 158, 190, 183, 144, 56, 165, 1, 136, 36, 176, 47, 60, 153, 81, 48, 39, 159, 99, 121, 58, 86, 85, 59, 143, 111, 149, 21, 178, 10, 128, 185, 167, 116, 180, 49, 179, 181, 139, 90, 104, 127, 64, 78, 91, 125, 173, 123, 27, 140, 195, 32, 132, 107, 108, 52, 13, 5, 84, 160, 156, 42, 55, 43, 33, 61, 63, 117, 114, 7, 170, 115, 191, 75, 174, 147, 148, 188, 175, 30, 0]]"
uniform,n200_m2_r08.txt,data\mtsp\generated\n200_m2_r08.txt,200,2,lkh-wrapper,1198.9493304738749,0.09346,0.093441,True,"[{""name"": ""lkh-wrapper"", ""objective"": 1198.9493304738749, ""time"": 0.093441, ""valid"": true}]","[[0, 73, 105, 94, 87, 58, 121, 99, 159, 39, 48, 81, 153, 47, 102, 92, 20, 14, 118, 138, 100, 23, 129, 158, 190, 183, 144, 56, 165, 1, 136, 36, 176, 60, 178, 21, 149, 10, 128, 185, 111, 167, 143, 116, 180, 49, 179, 181, 139, 33, 61, 43, 55, 42, 63, 117, 170, 115, 191, 75, 174, 147, 148, 97, 98, 187, 134, 164, 68, 11, 133, 67, 62, 45, 6, 199, 103, 110, 192, 82, 15, 168, 113, 120, 41, 76, 17, 166, 152, 8, 9, 141, 182, 34, 16, 44, 184, 194, 142, 50, 79, 0], [0, 30, 146, 154, 188, 175, 38, 46, 135, 161, 171, 96, 57, 89, 172, 71, 31, 126, 35, 52, 197, 66, 51, 13, 32, 132, 108, 107, 195, 78, 64, 127, 104, 90, 125, 91, 173, 123, 27, 140, 5, 84, 160, 156, 114, 59, 85, 86, 7, 26, 83, 72, 112, 163, 2, 106, 65, 151, 22, 95, 137, 193, 88, 124, 40, 12, 37, 77, 162, 3, 186, 198, 101, 70, 93, 169, 54, 196, 157, 69, 80, 145, 18, 122, 24, 28, 155, 74, 109, 189, 19, 150, 177, 53, 29, 25, 131, 130, 119, 4, 0]]"
uniform,n200_m2_r08.txt,data\mtsp\generated\n200_m2_r08.txt,200,2,lkh-wrapper-v1,1198.9493304738749,0.097601,0.097578,True,"[{""name"": ""lkh-wrapper-v1"", ""objective"": 1198.9493304738749, ""time"": 0.097578, ""valid"": true}]","[[0, 73, 105, 94, 87, 58, 121, 99, 159, 39, 48, 81, 153, 47, 102, 92, 20, 14, 118, 138, 100, 23, 129, 158, 190, 183, 144, 56, 165, 1, 136, 36, 176, 60, 178, 21, 149, 10, 128, 185, 111, 167, 143, 116, 180, 49, 179, 181, 139, 33, 61, 43, 55, 42, 63, 117, 170, 115, 191, 75, 174, 147, 148, 97, 98, 187, 134, 164, 68, 11, 133, 67, 62, 45, 6, 199, 103, 110, 192, 82, 15, 168, 113, 120, 41, 76, 17, 166, 152, 8, 9, 141, 182, 34, 16, 44, 184, 194, 142, 50, 79, 0], [0, 30, 146, 154, 188, 175, 38, 46, 135, 161, 171, 96, 57, 89, 172, 71, 31, 126, 35, 52, 197, 66, 51, 13, 32, 132, 108, 107, 195, 78, 64, 127, 104, 90, 125, 91, 173, 123, 27, 140, 5, 84, 160, 156, 114, 59, 85, 86, 7, 26, 83, 72, 112, 163, 2, 106, 65, 151, 22, 95, 137, 193, 88, 124, 40, 12, 37, 77, 162, 3, 186, 198, 101, 70, 93, 169, 54, 196, 157, 69, 80, 145, 18, 122, 24, 28, 155, 74, 109, 189, 19, 150, 177, 53, 29, 25, 131, 130, 119, 4, 0]]"
uniform,n200_m2_r08.txt,data\mtsp\generated\n200_m2_r08.txt,200,2,lkh-wrapper-v2,1196.1654170031736,0.053017,0.052998,True,"[{""name"": ""lkh-wrapper-v2"", ""objective"": 1196.1654170031736, ""time"": 0.052998, ""valid"": true}]","[[0, 105, 75, 191, 115, 170, 117, 114, 7, 94, 87, 58, 121, 26, 83, 72, 112, 163, 2, 106, 65, 151, 22, 95, 137, 193, 88, 124, 40, 12, 77, 37, 184, 44, 16, 182, 34, 194, 142, 4, 119, 130, 131, 25, 29, 38, 161, 135, 187, 171, 134, 164, 96, 89, 68, 172, 35, 71, 31, 126, 67, 62, 133, 11, 57, 45, 6, 199, 103, 110, 46, 192, 82, 15, 168, 113, 120, 53, 177, 150, 41, 76, 17, 166, 19, 141, 189, 152, 109, 74, 8, 9, 155, 28, 24, 122, 18, 145, 80, 69, 157, 196, 54, 186, 198, 169, 101, 70, 93, 158, 129, 190, 183, 23, 100, 138, 118, 14, 20, 92, 56, 165, 102, 47, 36, 176, 60, 153, 81, 48, 39, 159, 99, 21, 10, 128, 185, 111, 149, 86, 85, 59, 143, 180, 49, 179, 181, 33, 61, 43, 55, 42, 63, 156, 160, 84, 188, 175, 30, 50, 79, 0], [0, 162, 3, 144, 136, 1, 178, 167, 116, 139, 90, 104, 127, 64, 78, 91, 125, 173, 123, 27, 140, 195, 107, 108, 132, 32, 5, 13, 52, 197, 66, 51, 154, 146, 148, 147, 174, 97, 98, 73, 0]]"
uniform,n200_m2_r08.txt,data\mtsp\generated\n200_m2_r08.txt,200,2,lkh-wrapper-v3,1123.005759198163,0.069026,0.069009,True,"[{""name"": ""lkh-wrapper-v3"", ""objective"": 1123.005759198163, ""time"": 0.069009, ""valid"": true}]","[[0, 79, 50, 30, 175, 188, 38, 192, 46, 135, 161, 187, 171, 134, 164, 96, 57, 11, 89, 68, 172, 35, 126, 71, 31, 67, 133, 62, 45, 6, 199, 103, 110, 82, 15, 168, 113, 120, 41, 76, 17, 166, 19, 150, 177, 53, 29, 25, 131, 130, 119, 4, 142, 194, 184, 44, 16, 34, 182, 141, 189, 152, 109, 74, 8, 9, 155, 28, 24, 122, 18, 145, 80, 69, 157, 196, 54, 186, 3, 198, 101, 169, 190, 183, 144, 65, 124, 40, 12, 162, 77, 37, 137, 193, 88, 151, 22, 95, 0], [0, 73, 98, 148, 97, 174, 147, 146, 154, 51, 66, 197, 52, 13, 32, 132, 108, 107, 195, 140, 5, 84, 160, 156, 123, 27, 173, 125, 91, 78, 64, 127, 104, 90, 139, 181, 179, 49, 180, 116, 167, 185, 128, 111, 10, 149, 21, 178, 99, 159, 39, 48, 81, 153, 60, 47, 176, 36, 136, 1, 102, 165, 56, 92, 20, 14, 118, 138, 100, 23, 129, 158, 93, 70, 106, 2, 163, 112, 72, 83, 26, 121, 58, 87, 94, 7, 86, 85, 59, 143, 33, 61, 43, 55, 42, 63, 117, 114, 170, 115, 191, 75, 105, 0]]"
uniform,n200_m2_r09.txt,data\mtsp\generated\n200_m2_r09.txt,200,2,rand+nn,1897.240085161091,0.001134,0.001124,True,"[{""name"": ""rand+nn"", ""objective"": 1897.240085161091, ""time"": 0.001124, ""valid"": true}]","[[0, 18, 195, 93, 22, 31, 157, 10, 80, 48, 69, 17, 82, 151, 65, 83, 145, 66, 185, 89, 84, 52, 97, 99, 154, 51, 141, 140, 74, 14, 191, 81, 150, 77, 162, 179, 1, 146, 58, 183, 87, 138, 109, 153, 186, 45, 149, 156, 128, 27, 125, 110, 108, 15, 79, 160, 75, 182, 86, 26, 113, 37, 54, 19, 102, 134, 159, 181, 196, 143, 115, 180, 73, 118, 23, 20, 133, 152, 6, 170, 148, 95, 38, 120, 178, 76, 40, 190, 42, 158, 13, 142, 194, 53, 7, 57, 147, 44, 70, 60, 105, 0], [0, 68, 121, 25, 30, 94, 174, 176, 129, 197, 107, 92, 63, 91, 163, 39, 34, 3, 168, 111, 101, 167, 28, 88, 166, 41, 4, 127, 64, 198, 124, 85, 193, 104, 175, 165, 16, 117, 2, 144, 136, 139, 90, 21, 29, 43, 184, 119, 59, 188, 55, 61, 123, 11, 71, 24, 187, 49, 35, 177, 135, 9, 32, 8, 12, 103, 36, 5, 98, 189, 173, 56, 155, 112, 50, 33, 131, 172, 46, 62, 96, 192, 72, 116, 67, 106, 78, 100, 161, 137, 164, 169, 114, 47, 122, 171, 126, 130, 132, 199, 0]]"
uniform,n200_m2_r09.txt,data\mtsp\generated\n200_m2_r09.txt,200,2,2opt+greed,1501.6074195634192,0.001959,0.00195,True,"[{""name"": ""2opt+greed"", ""objective"": 1501.6074195634192, ""time"": 0.00195, ""valid"": true}]","[[0, 18, 195, 25, 30, 134, 159, 102, 193, 85, 90, 139, 26, 86, 199, 29, 21, 138, 87, 183, 58, 127, 105, 100, 70, 67, 151, 172, 17, 131, 50, 48, 80, 10, 152, 9, 135, 133, 20, 35, 23, 115, 196, 143, 118, 180, 73, 177, 11, 71, 24, 187, 49, 8, 40, 32, 76, 36, 120, 5, 98, 38, 95, 178, 6, 148, 173, 170, 189, 147, 164, 57, 7, 53, 103, 12, 122, 47, 194, 142, 130, 126, 13, 42, 158, 108, 15, 79, 160, 75, 182, 16, 37, 54, 19, 104, 175, 165, 117, 181, 2, 0], [0, 68, 121, 93, 22, 31, 157, 62, 46, 82, 69, 33, 112, 155, 56, 137, 44, 169, 114, 171, 190, 123, 61, 55, 188, 110, 59, 125, 27, 132, 128, 156, 149, 119, 184, 45, 43, 186, 153, 109, 146, 198, 64, 179, 162, 88, 4, 41, 166, 77, 191, 129, 74, 174, 176, 140, 141, 91, 14, 197, 107, 81, 150, 60, 92, 63, 99, 97, 161, 52, 89, 84, 83, 145, 65, 78, 106, 116, 192, 96, 72, 185, 66, 154, 51, 163, 34, 39, 3, 94, 168, 111, 101, 167, 28, 124, 1, 136, 113, 144, 0]]"
uniform,n200_m2_r09.txt,data\mtsp\generated\n200_m2_r09.txt,200,2,grasp,1277.359338979697,2.237927,2.237914,True,"[{""name"": ""grasp"", ""objective"": 1277.359338979697, ""time"": 2.237914, ""valid"": true}]","[[0, 2, 181, 104, 175, 117, 16, 165, 37, 26, 86, 153, 188, 110, 59, 125, 27, 199, 132, 128, 156, 149, 119, 186, 184, 45, 43, 109, 138, 87, 183, 21, 29, 144, 113, 136, 139, 58, 90, 85, 19, 54, 193, 102, 134, 159, 111, 101, 162, 179, 124, 1, 146, 198, 64, 127, 4, 41, 105, 88, 166, 150, 81, 60, 92, 63, 99, 97, 52, 161, 51, 154, 91, 14, 197, 107, 191, 77, 28, 167, 168, 129, 74, 174, 176, 141, 140, 163, 34, 39, 3, 94, 30, 25, 195, 121, 93, 22, 135, 133, 20, 0], [0, 18, 68, 96, 192, 72, 185, 66, 116, 145, 83, 65, 89, 84, 100, 78, 70, 106, 67, 151, 172, 17, 82, 46, 62, 157, 31, 9, 152, 6, 170, 173, 148, 10, 80, 48, 69, 131, 33, 112, 155, 50, 56, 189, 95, 178, 98, 5, 120, 36, 53, 7, 57, 38, 147, 137, 164, 44, 169, 114, 12, 103, 76, 32, 40, 8, 49, 35, 23, 177, 11, 71, 190, 24, 187, 122, 47, 194, 142, 130, 126, 171, 13, 42, 158, 108, 55, 123, 61, 15, 79, 160, 75, 182, 118, 73, 180, 115, 143, 196, 0]]"
uniform,n200_m2_r09.txt,data\mtsp\generated\n200_m2_r09.txt,200,2,lkh-wrapper,1268.654079905485,0.149353,0.149331,True,"[{""name"": ""lkh-wrapper"", ""objective"": 1268.654079905485, ""time"": 0.149331, ""valid"": true}]","[[0, 68, 195, 25, 30, 104, 175, 2, 181, 117, 16, 165, 37, 54, 19, 193, 102, 134, 159, 64, 198, 146, 90, 139, 58, 183, 87, 138, 21, 29, 109, 43, 86, 182, 75, 160, 79, 15, 108, 158, 42, 13, 126, 130, 142, 194, 47, 122, 8, 40, 32, 76, 12, 103, 53, 7, 57, 164, 147, 38, 98, 120, 36, 5, 178, 95, 189, 48, 80, 33, 131, 172, 151, 106, 67, 116, 46, 10, 148, 173, 170, 6, 152, 9, 135, 133, 20, 23, 35, 49, 187, 24, 71, 11, 177, 73, 180, 118, 115, 143, 196, 0], [0, 18, 31, 157, 62, 82, 17, 69, 112, 155, 50, 56, 137, 44, 169, 114, 171, 190, 123, 61, 55, 188, 110, 59, 125, 27, 199, 132, 128, 156, 149, 119, 184, 45, 186, 153, 26, 144, 113, 136, 85, 1, 124, 162, 179, 105, 127, 4, 41, 166, 88, 77, 28, 167, 101, 111, 168, 94, 3, 39, 34, 163, 51, 154, 91, 141, 140, 176, 174, 74, 129, 14, 197, 191, 81, 150, 107, 60, 92, 63, 99, 97, 161, 52, 89, 84, 78, 70, 100, 65, 83, 145, 66, 185, 72, 192, 96, 22, 93, 121, 0]]"
uniform,n200_m2_r09.txt,data\mtsp\generated\n200_m2_r09.txt,200,2,lkh-wrapper-v1,1268.654079905485,0.145485,0.145463,True,"[{""name"": ""lkh-wrapper-v1"", ""objective"": 1268.654079905485, ""time"": 0.145463, ""valid"": true}]","[[0, 68, 195, 25, 30, 104, 175, 2, 181, 117, 16, 165, 37, 54, 19, 193, 102, 134, 159, 64, 198, 146, 90, 139, 58, 183, 87, 138, 21, 29, 109, 43, 86, 182, 75, 160, 79, 15, 108, 158, 42, 13, 126, 130, 142, 194, 47, 122, 8, 40, 32, 76, 12, 103, 53, 7, 57, 164, 147, 38, 98, 120, 36, 5, 178, 95, 189, 48, 80, 33, 131, 172, 151, 106, 67, 116, 46, 10, 148, 173, 170, 6, 152, 9, 135, 133, 20, 23, 35, 49, 187, 24, 71, 11, 177, 73, 180, 118, 115, 143, 196, 0], [0, 18, 31, 157, 62, 82, 17, 69, 112, 155, 50, 56, 137, 44, 169, 114, 171, 190, 123, 61, 55, 188, 110, 59, 125, 27, 199, 132, 128, 156, 149, 119, 184, 45, 186, 153, 26, 144, 113, 136, 85, 1, 124, 162, 179, 105, 127, 4, 41, 166, 88, 77, 28, 167, 101, 111, 168, 94, 3, 39, 34, 163, 51, 154, 91, 141, 140, 176, 174, 74, 129, 14, 197, 191, 81, 150, 107, 60, 92, 63, 99, 97, 161, 52, 89, 84, 78, 70, 100, 65, 83, 145, 66, 185, 72, 192, 96, 22, 93, 121, 0]]"
uniform,n200_m2_r09.txt,data\mtsp\generated\n200_m2_r09.txt,200,2,lkh-wrapper-v2,1205.0583169817428,0.063255,0.063234,True,"[{""name"": ""lkh-wrapper-v2"", ""objective"": 1205.0583169817428, ""time"": 0.063234, ""valid"": true}]","[[0, 177, 11, 122, 47, 194, 142, 130, 126, 13, 42, 158, 108, 79, 15, 55, 123, 61, 160, 75, 182, 86, 26, 29, 21, 138, 87, 183, 58, 139, 136, 113, 144, 37, 165, 16, 117, 181, 2, 175, 104, 102, 193, 54, 19, 85, 90, 146, 198, 64, 124, 1, 162, 179, 88, 166, 105, 127, 4, 41, 150, 81, 107, 60, 92, 197, 14, 176, 174, 74, 129, 191, 77, 28, 167, 101, 111, 168, 159, 134, 30, 25, 94, 3, 39, 34, 163, 51, 140, 141, 91, 154, 63, 99, 97, 161, 52, 89, 84, 65, 83, 145, 66, 185, 72, 192, 96, 62, 157, 31, 22, 93, 121, 195, 68, 18, 0], [0, 115, 118, 180, 73, 23, 35, 20, 133, 135, 9, 152, 6, 148, 173, 170, 178, 98, 5, 36, 120, 38, 95, 189, 48, 80, 10, 46, 82, 116, 67, 106, 100, 78, 70, 151, 172, 17, 69, 131, 33, 112, 155, 50, 56, 147, 137, 164, 57, 44, 169, 114, 7, 53, 103, 12, 76, 32, 40, 8, 49, 187, 24, 71, 190, 171, 110, 188, 125, 59, 149, 156, 128, 27, 199, 132, 184, 119, 186, 45, 43, 109, 153, 143, 196, 0]]"
uniform,n200_m2_r09.txt,data\mtsp\generated\n200_m2_r09.txt,200,2,lkh-wrapper-v3,1244.1740263173242,0.014036,0.014023,True,"[{""name"": ""lkh-wrapper-v3"", ""objective"": 1244.1740263173242, ""time"": 0.014023, ""valid"": true}]","[[0, 23, 190, 122, 47, 194, 142, 130, 126, 171, 42, 158, 108, 55, 123, 61, 15, 79, 160, 75, 182, 86, 26, 29, 21, 138, 87, 183, 58, 139, 136, 113, 144, 37, 165, 16, 117, 181, 2, 104, 175, 54, 19, 193, 102, 85, 90, 146, 198, 124, 1, 162, 179, 64, 105, 127, 4, 41, 166, 88, 28, 167, 101, 111, 168, 159, 134, 30, 94, 3, 39, 34, 163, 51, 154, 91, 141, 140, 176, 174, 74, 129, 14, 197, 107, 191, 77, 81, 150, 60, 92, 63, 99, 97, 161, 52, 89, 84, 65, 83, 145, 66, 185, 72, 192, 96, 62, 157, 31, 22, 93, 121, 25, 195, 68, 18, 0], [0, 115, 180, 73, 177, 11, 71, 24, 187, 49, 35, 20, 133, 135, 9, 152, 6, 170, 178, 98, 5, 120, 36, 76, 32, 40, 8, 12, 103, 53, 7, 57, 164, 147, 38, 95, 189, 173, 148, 48, 80, 10, 46, 82, 116, 67, 106, 100, 78, 70, 151, 172, 17, 69, 131, 33, 112, 155, 50, 56, 137, 44, 169, 114, 13, 110, 188, 125, 59, 149, 156, 128, 27, 199, 132, 184, 45, 43, 109, 153, 186, 119, 118, 143, 196, 0]]"
uniform,n200_m2_r10.txt,data\mtsp\generated\n200_m2_r10.txt,200,2,rand+nn,1892.4062291328855,0.001114,0.001104,True,"[{""name"": ""rand+nn"", ""objective"": 1892.4062291328855, ""time"": 0.001104, ""valid"": true}]","[[0, 14, 150, 120, 6, 108, 156, 148, 13, 51, 48, 102, 154, 181, 147, 42, 65, 75, 118, 149, 160, 170, 191, 113, 190, 19, 157, 196, 95, 138, 115, 57, 77, 186, 87, 145, 23, 195, 109, 15, 1, 66, 40, 44, 53, 27, 194, 125, 60, 178, 10, 146, 70, 73, 89, 76, 58, 86, 180, 69, 143, 179, 52, 185, 54, 18, 134, 45, 140, 99, 79, 142, 153, 38, 128, 26, 158, 7, 182, 74, 97, 141, 83, 82, 105, 133, 20, 152, 159, 81, 110, 183, 84, 151, 80, 22, 93, 17, 31, 162, 37, 0], [0, 85, 5, 62, 96, 94, 35, 103, 11, 189, 167, 135, 127, 78, 184, 63, 173, 46, 107, 114, 198, 172, 9, 131, 119, 43, 30, 50, 55, 176, 199, 8, 192, 123, 174, 56, 64, 112, 39, 12, 68, 136, 155, 161, 121, 28, 71, 193, 41, 116, 130, 188, 32, 122, 67, 24, 177, 132, 33, 101, 117, 49, 124, 98, 59, 92, 168, 2, 175, 29, 139, 21, 166, 106, 34, 88, 104, 144, 164, 165, 47, 187, 4, 72, 126, 169, 3, 171, 91, 163, 111, 197, 90, 36, 25, 137, 16, 129, 61, 100, 0]]"
uniform,n200_m2_r10.txt,data\mtsp\generated\n200_m2_r10.txt,200,2,2opt+greed,1252.9742686589739,0.001504,0.001496,True,"[{""name"": ""2opt+greed"", ""objective"": 1252.9742686589739, ""time"": 0.001496, ""valid"": true}]","[[0, 85, 11, 150, 103, 120, 6, 13, 51, 168, 2, 148, 48, 102, 88, 104, 147, 181, 154, 42, 34, 29, 175, 156, 139, 108, 21, 65, 166, 106, 95, 75, 138, 144, 149, 118, 164, 165, 47, 196, 187, 4, 72, 191, 126, 170, 129, 160, 25, 36, 17, 78, 57, 189, 167, 135, 127, 77, 186, 46, 87, 107, 23, 145, 61, 195, 109, 15, 114, 183, 198, 110, 81, 172, 159, 152, 20, 133, 105, 82, 83, 141, 97, 130, 74, 8, 192, 123, 174, 27, 194, 56, 158, 26, 121, 128, 38, 153, 182, 62, 5, 0], [0, 14, 137, 90, 197, 115, 16, 169, 113, 3, 157, 19, 190, 171, 91, 163, 111, 184, 63, 173, 93, 100, 22, 31, 119, 162, 43, 131, 9, 80, 151, 84, 30, 50, 55, 37, 116, 193, 41, 188, 32, 70, 146, 10, 71, 178, 28, 125, 60, 112, 73, 89, 39, 12, 86, 180, 69, 52, 179, 124, 122, 143, 67, 24, 177, 79, 132, 99, 33, 101, 140, 45, 117, 49, 134, 18, 54, 185, 98, 59, 92, 35, 96, 142, 94, 7, 161, 155, 136, 58, 68, 76, 64, 53, 199, 44, 176, 40, 66, 1, 0]]"
uniform,n200_m2_r10.txt,data\mtsp\generated\n200_m2_r10.txt,200,2,grasp,1219.095840789778,2.266554,2.266541,True,"[{""name"": ""grasp"", ""objective"": 1219.095840789778, ""time"": 2.266541, ""valid"": true}]","[[0, 85, 61, 195, 109, 15, 1, 66, 40, 176, 55, 50, 30, 183, 198, 110, 81, 159, 172, 151, 84, 114, 107, 23, 145, 167, 90, 25, 36, 197, 57, 127, 135, 87, 46, 77, 173, 63, 93, 100, 186, 22, 80, 9, 131, 31, 119, 162, 43, 133, 152, 20, 105, 82, 83, 141, 97, 74, 8, 192, 123, 37, 130, 116, 193, 41, 188, 32, 70, 146, 10, 71, 178, 174, 53, 199, 44, 38, 153, 128, 158, 56, 27, 194, 125, 28, 60, 64, 112, 73, 89, 39, 12, 58, 136, 7, 52, 179, 124, 185, 35, 0], [0, 14, 150, 103, 120, 6, 108, 139, 29, 21, 138, 144, 149, 129, 160, 16, 115, 137, 11, 189, 78, 184, 111, 17, 163, 91, 171, 190, 19, 157, 3, 113, 169, 170, 126, 191, 72, 4, 187, 196, 47, 165, 164, 118, 75, 95, 106, 166, 65, 34, 42, 154, 181, 147, 104, 88, 102, 48, 2, 148, 175, 156, 13, 51, 168, 59, 92, 96, 94, 142, 98, 54, 18, 134, 49, 117, 45, 140, 101, 33, 99, 132, 79, 177, 24, 67, 143, 122, 69, 180, 86, 76, 68, 155, 161, 121, 26, 182, 62, 5, 0]]"
uniform,n200_m2_r10.txt,data\mtsp\generated\n200_m2_r10.txt,200,2,lkh-wrapper,1164.5521927676887,0.065899,0.065879,True,"[{""name"": ""lkh-wrapper"", ""objective"": 1164.5521927676887, ""time"": 0.065879, ""valid"": true}]","[[0, 85, 11, 150, 103, 120, 6, 108, 139, 156, 13, 51, 168, 2, 148, 175, 29, 48, 102, 88, 104, 147, 181, 154, 42, 34, 21, 65, 166, 106, 95, 75, 138, 144, 149, 118, 164, 165, 47, 196, 187, 4, 72, 191, 126, 170, 129, 160, 25, 36, 111, 78, 77, 186, 46, 87, 107, 23, 145, 167, 135, 127, 57, 189, 61, 195, 109, 15, 114, 183, 198, 110, 81, 172, 159, 152, 20, 133, 105, 82, 83, 141, 97, 74, 8, 192, 123, 37, 130, 174, 27, 56, 158, 26, 121, 128, 38, 153, 182, 62, 5, 0], [0, 137, 90, 197, 115, 16, 169, 113, 3, 157, 19, 190, 171, 91, 163, 17, 184, 63, 173, 93, 100, 22, 80, 9, 131, 31, 119, 162, 43, 151, 84, 1, 66, 30, 50, 55, 40, 176, 44, 199, 53, 194, 125, 193, 116, 41, 188, 32, 70, 146, 10, 71, 178, 28, 60, 64, 112, 73, 89, 39, 12, 76, 68, 58, 136, 155, 161, 7, 86, 180, 69, 122, 143, 67, 24, 177, 79, 132, 99, 33, 101, 140, 45, 117, 49, 134, 18, 54, 59, 92, 98, 185, 124, 179, 52, 142, 94, 96, 35, 14, 0]]"
uniform,n200_m2_r10.txt,data\mtsp\generated\n200_m2_r10.txt,200,2,lkh-wrapper-v1,1164.5521927676887,0.066676,0.066658,True,"[{""name"": ""lkh-wrapper-v1"", ""objective"": 1164.5521927676887, ""time"": 0.066658, ""valid"": true}]","[[0, 85, 11, 150, 103, 120, 6, 108, 139, 156, 13, 51, 168, 2, 148, 175, 29, 48, 102, 88, 104, 147, 181, 154, 42, 34, 21, 65, 166, 106, 95, 75, 138, 144, 149, 118, 164, 165, 47, 196, 187, 4, 72, 191, 126, 170, 129, 160, 25, 36, 111, 78, 77, 186, 46, 87, 107, 23, 145, 167, 135, 127, 57, 189, 61, 195, 109, 15, 114, 183, 198, 110, 81, 172, 159, 152, 20, 133, 105, 82, 83, 141, 97, 74, 8, 192, 123, 37, 130, 174, 27, 56, 158, 26, 121, 128, 38, 153, 182, 62, 5, 0], [0, 137, 90, 197, 115, 16, 169, 113, 3, 157, 19, 190, 171, 91, 163, 17, 184, 63, 173, 93, 100, 22, 80, 9, 131, 31, 119, 162, 43, 151, 84, 1, 66, 30, 50, 55, 40, 176, 44, 199, 53, 194, 125, 193, 116, 41, 188, 32, 70, 146, 10, 71, 178, 28, 60, 64, 112, 73, 89, 39, 12, 76, 68, 58, 136, 155, 161, 7, 86, 180, 69, 122, 143, 67, 24, 177, 79, 132, 99, 33, 101, 140, 45, 117, 49, 134, 18, 54, 59, 92, 98, 185, 124, 179, 52, 142, 94, 96, 35, 14, 0]]"
uniform,n200_m2_r10.txt,data\mtsp\generated\n200_m2_r10.txt,200,2,lkh-wrapper-v2,1198.529521045315,0.058108,0.058086,True,"[{""name"": ""lkh-wrapper-v2"", ""objective"": 1198.529521045315, ""time"": 0.058086, ""valid"": true}]","[[0, 5, 62, 182, 153, 38, 128, 121, 26, 158, 56, 53, 199, 44, 176, 55, 50, 30, 141, 83, 82, 97, 74, 8, 192, 123, 174, 27, 194, 125, 193, 116, 41, 188, 32, 70, 146, 10, 71, 178, 28, 60, 112, 73, 89, 39, 12, 76, 68, 58, 136, 155, 161, 7, 52, 179, 124, 168, 51, 13, 2, 148, 175, 156, 139, 108, 6, 120, 103, 150, 11, 137, 90, 25, 36, 160, 129, 149, 144, 138, 21, 65, 95, 75, 118, 164, 165, 47, 196, 187, 4, 72, 157, 19, 190, 171, 91, 163, 17, 184, 111, 3, 113, 191, 126, 169, 170, 16, 115, 197, 57, 189, 167, 135, 127, 78, 77, 173, 63, 93, 100, 22, 186, 46, 87, 145, 23, 107, 84, 151, 80, 9, 131, 31, 119, 162, 43, 133, 105, 20, 152, 159, 172, 81, 110, 198, 183, 114, 15, 66, 1, 109, 195, 61, 0], [0, 85, 40, 37, 130, 64, 86, 180, 69, 122, 143, 67, 24, 177, 79, 132, 99, 33, 101, 140, 104, 102, 88, 154, 181, 147, 106, 166, 42, 34, 29, 48, 45, 117, 49, 134, 18, 54, 185, 98, 59, 92, 142, 94, 96, 35, 14, 0]]"
uniform,n200_m2_r10.txt,data\mtsp\generated\n200_m2_r10.txt,200,2,lkh-wrapper-v3,1249.3559597147055,0.050693,0.050674,True,"[{""name"": ""lkh-wrapper-v3"", ""objective"": 1249.3559597147055, ""time"": 0.050674, ""valid"": true}]","[[0, 85, 61, 195, 109, 1, 66, 15, 114, 183, 198, 110, 81, 172, 159, 152, 20, 133, 105, 141, 83, 82, 43, 9, 80, 151, 84, 107, 23, 145, 87, 46, 186, 77, 173, 63, 17, 111, 184, 78, 57, 127, 135, 189, 11, 150, 103, 120, 6, 25, 36, 90, 137, 197, 115, 16, 160, 129, 170, 169, 126, 191, 113, 3, 163, 91, 171, 190, 19, 157, 72, 4, 187, 196, 47, 165, 95, 75, 118, 164, 149, 144, 138, 21, 65, 166, 106, 147, 181, 154, 42, 34, 48, 102, 88, 104, 140, 101, 45, 2, 148, 175, 29, 108, 139, 156, 13, 51, 168, 124, 179, 52, 7, 161, 155, 136, 58, 68, 76, 12, 39, 89, 73, 112, 60, 28, 178, 71, 10, 146, 70, 32, 188, 41, 116, 193, 125, 194, 27, 174, 123, 192, 8, 74, 30, 50, 55, 40, 176, 44, 199, 53, 56, 158, 26, 121, 128, 38, 153, 182, 62, 5, 0], [0, 14, 35, 96, 94, 142, 92, 59, 98, 185, 54, 18, 134, 49, 117, 33, 99, 132, 79, 177, 24, 67, 143, 122, 69, 180, 86, 64, 130, 37, 97, 162, 119, 31, 131, 22, 100, 93, 167, 0]]"
uniform,n200_m3_r01.txt,data\mtsp\generated\n200_m3_r01.txt,200,3,rand+nn,2439.123423969816,0.00107,0.001061,True,"[{""name"": ""rand+nn"", ""objective"": 2439.123423969816, ""time"": 0.001061, ""valid"": true}]","[[0, 2, 173, 165, 103, 191, 41, 10, 112, 33, 194, 62, 14, 43, 124, 170, 8, 166, 109, 80, 6, 53, 37, 115, 158, 114, 48, 126, 19, 51, 69, 67, 135, 169, 39, 104, 199, 152, 122, 35, 172, 38, 32, 87, 5, 121, 136, 31, 187, 141, 138, 156, 71, 179, 66, 83, 89, 180, 54, 94, 120, 15, 189, 21, 178, 93, 11, 145, 0], [0, 125, 193, 150, 100, 190, 185, 17, 196, 195, 68, 148, 163, 25, 90, 22, 117, 157, 16, 184, 46, 20, 119, 91, 176, 192, 132, 110, 44, 28, 123, 186, 131, 7, 118, 197, 78, 130, 56, 108, 102, 159, 98, 50, 29, 149, 160, 77, 45, 52, 96, 63, 73, 143, 146, 57, 161, 64, 18, 74, 75, 177, 86, 99, 188, 12, 116, 0], [0, 9, 72, 42, 151, 1, 128, 129, 61, 84, 60, 40, 127, 85, 81, 95, 183, 147, 113, 55, 59, 111, 70, 168, 23, 30, 76, 164, 47, 175, 36, 133, 4, 3, 58, 142, 105, 107, 154, 79, 167, 34, 88, 92, 13, 106, 65, 181, 139, 174, 82, 97, 140, 198, 134, 137, 171, 101, 24, 153, 182, 26, 49, 27, 155, 144, 162, 0]]"
uniform,n200_m3_r01.txt,data\mtsp\generated\n200_m3_r01.txt,200,3,2opt+greed,1467.214671037312,0.001339,0.00133,True,"[{""name"": ""2opt+greed"", ""objective"": 1467.214671037312, ""time"": 0.00133, ""valid"": true}]","[[0, 2, 101, 171, 173, 105, 191, 103, 165, 93, 134, 198, 11, 137, 51, 19, 96, 29, 50, 98, 145, 127, 45, 40, 52, 169, 85, 81, 186, 131, 39, 28, 152, 44, 199, 110, 104, 183, 147, 95, 55, 192, 113, 172, 91, 38, 176, 32, 87, 59, 116, 5, 121, 111, 12, 136, 70, 119, 168, 23, 20, 182, 26, 155, 99, 178, 162, 164, 0], [0, 125, 62, 36, 185, 17, 175, 196, 47, 184, 66, 68, 195, 89, 148, 157, 117, 94, 25, 90, 120, 22, 49, 54, 180, 163, 189, 86, 144, 170, 177, 8, 75, 74, 18, 64, 82, 109, 161, 57, 174, 181, 73, 139, 146, 97, 143, 80, 65, 6, 37, 13, 63, 33, 112, 92, 10, 88, 34, 167, 79, 154, 107, 150, 142, 194, 193, 0], [0, 72, 141, 197, 78, 9, 130, 138, 42, 151, 56, 1, 108, 128, 102, 135, 159, 129, 67, 69, 126, 61, 149, 84, 77, 160, 60, 48, 114, 158, 24, 115, 140, 41, 53, 106, 188, 100, 166, 124, 43, 15, 27, 21, 190, 14, 4, 133, 3, 58, 71, 179, 16, 83, 46, 35, 132, 123, 7, 118, 122, 153, 187, 31, 30, 156, 76, 0]]"
uniform,n200_m3_r01.txt,data\mtsp\generated\n200_m3_r01.txt,200,3,grasp,1278.124656397992,3.382658,3.382644,True,"[{""name"": ""grasp"", ""objective"": 1278.124656397992, ""time"": 3.382644, ""valid"": true}]","[[0, 17, 164, 71, 179, 66, 16, 182, 26, 157, 117, 94, 25, 90, 120, 22, 49, 155, 99, 86, 178, 189, 15, 27, 21, 54, 180, 163, 89, 148, 68, 195, 47, 196, 175, 162, 144, 74, 18, 64, 82, 80, 65, 6, 37, 53, 106, 13, 100, 166, 8, 75, 177, 170, 124, 43, 190, 14, 4, 185, 133, 36, 3, 62, 58, 194, 193, 125, 0], [0, 76, 184, 83, 20, 23, 168, 70, 119, 46, 156, 30, 31, 187, 118, 7, 153, 122, 35, 132, 172, 136, 91, 38, 59, 116, 12, 111, 121, 5, 87, 32, 176, 113, 192, 55, 95, 147, 183, 104, 110, 199, 44, 152, 28, 39, 131, 186, 123, 81, 85, 169, 135, 98, 127, 52, 40, 45, 77, 11, 137, 42, 78, 197, 141, 72, 9, 0], [0, 130, 138, 151, 56, 1, 108, 128, 102, 159, 129, 67, 69, 96, 19, 51, 126, 29, 61, 50, 145, 149, 84, 160, 60, 48, 114, 158, 24, 115, 140, 198, 134, 93, 41, 167, 34, 73, 181, 139, 143, 188, 97, 146, 174, 57, 161, 109, 63, 33, 112, 92, 10, 88, 79, 154, 107, 191, 103, 165, 171, 101, 173, 105, 142, 150, 2, 0]]"
uniform,n200_m3_r01.txt,data\mtsp\generated\n200_m3_r01.txt,200,3,lkh-wrapper,1348.5461409685345,0.083303,0.083282,True,"[{""name"": ""lkh-wrapper"", ""objective"": 1348.5461409685345, ""time"": 0.083282, ""valid"": true}]","[[0, 2, 101, 171, 173, 105, 191, 103, 165, 93, 134, 198, 11, 137, 51, 19, 69, 96, 50, 98, 145, 127, 45, 40, 52, 169, 85, 81, 186, 131, 39, 28, 152, 44, 199, 110, 104, 183, 147, 95, 55, 192, 113, 172, 91, 38, 176, 32, 87, 59, 116, 5, 121, 111, 12, 136, 70, 119, 168, 23, 20, 182, 54, 155, 99, 86, 162, 185, 0], [0, 193, 194, 142, 150, 107, 154, 79, 167, 34, 88, 10, 92, 112, 33, 63, 13, 73, 181, 80, 65, 6, 188, 97, 143, 146, 139, 174, 57, 161, 109, 82, 64, 18, 74, 75, 8, 177, 170, 144, 178, 189, 49, 22, 120, 90, 25, 94, 117, 157, 26, 148, 180, 163, 89, 195, 47, 68, 179, 71, 164, 196, 175, 17, 36, 62, 58, 0], [0, 125, 3, 133, 4, 14, 190, 21, 27, 15, 43, 124, 166, 100, 106, 53, 37, 41, 140, 115, 24, 158, 114, 48, 60, 160, 77, 84, 149, 61, 29, 126, 67, 129, 159, 135, 123, 102, 128, 108, 1, 56, 151, 42, 78, 197, 7, 132, 35, 122, 153, 118, 187, 31, 46, 83, 16, 66, 184, 76, 156, 30, 141, 72, 138, 130, 9, 0]]"
uniform,n200_m3_r01.txt,data\mtsp\generated\n200_m3_r01.txt,200,3,lkh-wrapper-v1,1348.5461409685345,0.079766,0.079747,True,"[{""name"": ""lkh-wrapper-v1"", ""objective"": 1348.5461409685345, ""time"": 0.079747, ""valid"": true}]","[[0, 2, 101, 171, 173, 105, 191, 103, 165, 93, 134, 198, 11, 137, 51, 19, 69, 96, 50, 98, 145, 127, 45, 40, 52, 169, 85, 81, 186, 131, 39, 28, 152, 44, 199, 110, 104, 183, 147, 95, 55, 192, 113, 172, 91, 38, 176, 32, 87, 59, 116, 5, 121, 111, 12, 136, 70, 119, 168, 23, 20, 182, 54, 155, 99, 86, 162, 185, 0], [0, 193, 194, 142, 150, 107, 154, 79, 167, 34, 88, 10, 92, 112, 33, 63, 13, 73, 181, 80, 65, 6, 188, 97, 143, 146, 139, 174, 57, 161, 109, 82, 64, 18, 74, 75, 8, 177, 170, 144, 178, 189, 49, 22, 120, 90, 25, 94, 117, 157, 26, 148, 180, 163, 89, 195, 47, 68, 179, 71, 164, 196, 175, 17, 36, 62, 58, 0], [0, 125, 3, 133, 4, 14, 190, 21, 27, 15, 43, 124, 166, 100, 106, 53, 37, 41, 140, 115, 24, 158, 114, 48, 60, 160, 77, 84, 149, 61, 29, 126, 67, 129, 159, 135, 123, 102, 128, 108, 1, 56, 151, 42, 78, 197, 7, 132, 35, 122, 153, 118, 187, 31, 46, 83, 16, 66, 184, 76, 156, 30, 141, 72, 138, 130, 9, 0]]"
uniform,n200_m3_r01.txt,data\mtsp\generated\n200_m3_r01.txt,200,3,lkh-wrapper-v2,1158.4059169349564,0.077324,0.077307,True,"[{""name"": ""lkh-wrapper-v2"", ""objective"": 1158.4059169349564, ""time"": 0.077307, ""valid"": true}]","[[0, 2, 101, 173, 105, 150, 142, 92, 112, 33, 63, 13, 34, 167, 79, 88, 10, 154, 41, 107, 191, 103, 165, 171, 78, 197, 7, 118, 153, 141, 72, 0], [0, 9, 130, 138, 42, 151, 56, 1, 108, 128, 102, 135, 159, 129, 67, 98, 50, 126, 29, 61, 84, 149, 145, 127, 52, 40, 45, 77, 160, 60, 48, 114, 158, 24, 115, 140, 11, 198, 134, 93, 137, 51, 19, 96, 69, 0], [0, 125, 193, 194, 58, 62, 3, 36, 133, 185, 4, 14, 190, 43, 124, 170, 177, 75, 8, 166, 100, 109, 139, 181, 73, 80, 65, 106, 53, 37, 6, 188, 97, 143, 146, 174, 57, 161, 82, 64, 18, 74, 178, 86, 99, 155, 189, 15, 27, 21, 144, 162, 163, 180, 54, 49, 22, 120, 90, 25, 94, 117, 157, 182, 26, 148, 89, 195, 68, 47, 196, 175, 17, 164, 71, 184, 179, 66, 16, 83, 46, 20, 23, 168, 119, 70, 136, 12, 111, 121, 5, 116, 59, 87, 32, 176, 38, 91, 113, 192, 95, 55, 131, 186, 81, 85, 169, 123, 39, 28, 152, 44, 199, 110, 104, 183, 147, 132, 172, 35, 122, 31, 187, 30, 156, 76, 0]]"
uniform,n200_m3_r01.txt,data\mtsp\generated\n200_m3_r01.txt,200,3,lkh-wrapper-v3,1185.2949211827429,0.01322,0.013207,True,"[{""name"": ""lkh-wrapper-v3"", ""objective"": 1185.2949211827429, ""time"": 0.013207, ""valid"": true}]","[[0, 72, 141, 78, 197, 7, 119, 70, 168, 23, 20, 46, 83, 162, 144, 21, 27, 15, 189, 155, 99, 86, 178, 74, 18, 64, 82, 109, 161, 57, 174, 146, 97, 188, 143, 139, 181, 73, 80, 65, 6, 37, 53, 106, 13, 63, 33, 112, 92, 10, 88, 34, 167, 79, 41, 154, 107, 191, 103, 165, 171, 101, 173, 105, 142, 150, 2, 0], [0, 9, 130, 138, 42, 151, 56, 1, 108, 128, 102, 135, 159, 129, 67, 98, 50, 126, 29, 61, 84, 149, 145, 127, 52, 40, 45, 77, 160, 60, 48, 114, 158, 24, 115, 140, 11, 198, 134, 93, 137, 51, 19, 96, 69, 0], [0, 125, 193, 194, 100, 166, 8, 75, 177, 170, 124, 43, 190, 14, 3, 62, 58, 36, 133, 4, 185, 17, 175, 196, 47, 195, 68, 148, 89, 163, 180, 54, 49, 22, 120, 90, 25, 94, 117, 157, 26, 182, 16, 66, 179, 184, 71, 164, 76, 156, 30, 31, 153, 122, 35, 172, 91, 136, 12, 111, 121, 5, 116, 59, 87, 32, 176, 38, 113, 192, 55, 95, 39, 131, 186, 81, 85, 169, 123, 28, 152, 44, 199, 110, 104, 183, 147, 132, 118, 187, 0]]"
uniform,n200_m3_r02.txt,data\mtsp\generated\n200_m3_r02.txt,200,3,rand+nn,2458.127870298383,0.001517,0.001501,True,"[{""name"": ""rand+nn"", ""objective"": 2458.127870298383, ""time"": 0.001501, ""valid"": true}]","[[0, 138, 189, 109, 152, 115, 66, 5, 48, 173, 2, 80, 19, 15, 33, 112, 145, 21, 141, 135, 178, 11, 53, 51, 35, 93, 62, 38, 165, 87, 89, 179, 31, 14, 54, 126, 114, 158, 32, 121, 43, 10, 156, 8, 122, 41, 69, 187, 172, 124, 199, 120, 6, 194, 67, 71, 39, 191, 83, 166, 170, 169, 180, 94, 103, 136, 104, 37, 0], [0, 143, 195, 56, 29, 119, 117, 108, 188, 91, 125, 77, 46, 185, 44, 118, 131, 150, 96, 157, 192, 50, 159, 193, 73, 74, 18, 68, 132, 190, 161, 110, 116, 177, 160, 186, 45, 149, 57, 197, 148, 99, 102, 98, 28, 63, 78, 86, 25, 7, 20, 130, 176, 52, 16, 64, 75, 100, 12, 184, 123, 196, 90, 163, 22, 146, 17, 0], [0, 144, 49, 107, 60, 30, 142, 167, 27, 84, 127, 26, 164, 79, 133, 36, 34, 198, 47, 23, 106, 128, 171, 129, 134, 59, 85, 92, 40, 82, 175, 151, 174, 76, 140, 101, 147, 4, 183, 70, 105, 182, 111, 81, 97, 13, 168, 139, 1, 72, 137, 58, 61, 55, 181, 155, 153, 95, 9, 3, 42, 88, 154, 65, 113, 162, 24, 0]]"
uniform,n200_m3_r02.txt,data\mtsp\generated\n200_m3_r02.txt,200,3,2opt+greed,1665.2288682393605,0.001405,0.001397,True,"[{""name"": ""2opt+greed"", ""objective"": 1665.2288682393605, ""time"": 0.001397, ""valid"": true}]","[[0, 143, 196, 112, 154, 90, 42, 88, 16, 52, 134, 82, 140, 179, 55, 190, 132, 111, 182, 165, 97, 87, 13, 168, 8, 72, 1, 122, 137, 69, 172, 124, 96, 6, 131, 118, 84, 11, 167, 53, 30, 5, 66, 115, 152, 49, 109, 119, 22, 38, 70, 156, 197, 183, 57, 4, 149, 126, 101, 147, 114, 176, 25, 86, 83, 32, 99, 148, 0], [0, 138, 189, 107, 117, 2, 173, 108, 48, 60, 178, 127, 185, 135, 77, 141, 91, 125, 26, 21, 145, 162, 123, 33, 184, 24, 163, 188, 80, 164, 79, 19, 12, 198, 100, 194, 36, 133, 15, 34, 104, 136, 75, 103, 3, 9, 64, 95, 169, 180, 153, 94, 191, 39, 63, 71, 171, 28, 121, 43, 102, 98, 67, 128, 47, 23, 106, 0], [0, 10, 158, 129, 166, 170, 78, 85, 59, 20, 7, 130, 92, 40, 175, 151, 17, 54, 174, 76, 31, 14, 146, 37, 155, 181, 161, 110, 116, 177, 45, 81, 160, 186, 89, 68, 73, 139, 74, 18, 41, 58, 187, 192, 157, 142, 27, 159, 50, 150, 120, 199, 44, 46, 113, 65, 51, 193, 35, 93, 61, 62, 105, 29, 56, 144, 195, 0]]"
uniform,n200_m3_r02.txt,data\mtsp\generated\n200_m3_r02.txt,200,3,grasp,1344.4261226514288,3.54092,3.540899,True,"[{""name"": ""grasp"", ""objective"": 1344.4261226514288, ""time"": 3.540899, ""valid"": true}]","[[0, 143, 195, 56, 22, 62, 97, 87, 13, 89, 132, 190, 181, 161, 179, 110, 146, 14, 31, 76, 174, 54, 17, 151, 175, 40, 82, 92, 59, 52, 85, 16, 88, 42, 9, 64, 95, 180, 169, 170, 134, 86, 25, 7, 20, 130, 176, 114, 101, 126, 4, 57, 197, 183, 111, 45, 177, 116, 160, 186, 81, 165, 182, 105, 38, 70, 156, 144, 0], [0, 138, 189, 107, 117, 2, 80, 79, 19, 164, 133, 36, 100, 198, 12, 47, 194, 128, 94, 153, 3, 103, 75, 136, 104, 34, 15, 184, 90, 154, 112, 196, 65, 33, 113, 123, 162, 24, 163, 145, 141, 30, 53, 142, 167, 27, 11, 157, 124, 192, 172, 187, 69, 58, 41, 18, 74, 73, 168, 8, 72, 51, 193, 35, 93, 61, 29, 0], [0, 10, 148, 99, 121, 43, 102, 98, 106, 23, 67, 71, 63, 39, 191, 166, 78, 83, 129, 32, 171, 28, 158, 147, 140, 149, 37, 155, 55, 68, 139, 1, 122, 137, 159, 50, 199, 120, 96, 150, 6, 131, 118, 84, 44, 185, 127, 178, 135, 46, 77, 125, 26, 91, 21, 188, 173, 108, 48, 60, 5, 66, 115, 152, 49, 109, 119, 0]]"
uniform,n200_m3_r02.txt,data\mtsp\generated\n200_m3_r02.txt,200,3,lkh-wrapper,1389.5556060747576,0.115731,0.115702,True,"[{""name"": ""lkh-wrapper"", ""objective"": 1389.5556060747576, ""time"": 0.115702, ""valid"": true}]","[[0, 143, 119, 189, 117, 90, 154, 112, 196, 65, 163, 66, 5, 30, 53, 167, 11, 84, 118, 6, 150, 96, 124, 157, 69, 137, 122, 1, 72, 8, 168, 13, 89, 132, 190, 55, 179, 111, 182, 165, 97, 105, 38, 70, 156, 197, 183, 57, 4, 149, 140, 126, 101, 147, 114, 176, 130, 52, 85, 16, 88, 42, 170, 86, 25, 158, 99, 148, 0], [0, 109, 49, 107, 48, 60, 108, 173, 2, 188, 26, 125, 178, 127, 135, 46, 77, 141, 91, 21, 145, 162, 24, 123, 113, 33, 184, 15, 164, 80, 79, 19, 133, 36, 34, 104, 136, 75, 103, 3, 9, 64, 95, 169, 180, 153, 94, 191, 39, 63, 71, 171, 28, 121, 43, 102, 98, 67, 128, 106, 23, 47, 194, 100, 198, 12, 138, 0], [0, 10, 32, 129, 83, 166, 78, 59, 134, 7, 20, 92, 82, 40, 175, 151, 17, 54, 174, 76, 31, 14, 146, 37, 155, 181, 161, 110, 116, 177, 45, 81, 160, 186, 87, 68, 73, 139, 74, 18, 41, 58, 187, 172, 192, 159, 50, 199, 120, 131, 44, 185, 27, 142, 51, 193, 35, 152, 115, 61, 93, 62, 22, 29, 56, 144, 195, 0]]"
uniform,n200_m3_r02.txt,data\mtsp\generated\n200_m3_r02.txt,200,3,lkh-wrapper-v1,1389.5556060747576,0.121433,0.121406,True,"[{""name"": ""lkh-wrapper-v1"", ""objective"": 1389.5556060747576, ""time"": 0.121406, ""valid"": true}]","[[0, 143, 119, 189, 117, 90, 154, 112, 196, 65, 163, 66, 5, 30, 53, 167, 11, 84, 118, 6, 150, 96, 124, 157, 69, 137, 122, 1, 72, 8, 168, 13, 89, 132, 190, 55, 179, 111, 182, 165, 97, 105, 38, 70, 156, 197, 183, 57, 4, 149, 140, 126, 101, 147, 114, 176, 130, 52, 85, 16, 88, 42, 170, 86, 25, 158, 99, 148, 0], [0, 109, 49, 107, 48, 60, 108, 173, 2, 188, 26, 125, 178, 127, 135, 46, 77, 141, 91, 21, 145, 162, 24, 123, 113, 33, 184, 15, 164, 80, 79, 19, 133, 36, 34, 104, 136, 75, 103, 3, 9, 64, 95, 169, 180, 153, 94, 191, 39, 63, 71, 171, 28, 121, 43, 102, 98, 67, 128, 106, 23, 47, 194, 100, 198, 12, 138, 0], [0, 10, 32, 129, 83, 166, 78, 59, 134, 7, 20, 92, 82, 40, 175, 151, 17, 54, 174, 76, 31, 14, 146, 37, 155, 181, 161, 110, 116, 177, 45, 81, 160, 186, 87, 68, 73, 139, 74, 18, 41, 58, 187, 172, 192, 159, 50, 199, 120, 131, 44, 185, 27, 142, 51, 193, 35, 152, 115, 61, 93, 62, 22, 29, 56, 144, 195, 0]]"
uniform,n200_m3_r02.txt,data\mtsp\generated\n200_m3_r02.txt,200,3,lkh-wrapper-v2,1203.4982059179392,0.045189,0.045172,True,"[{""name"": ""lkh-wrapper-v2"", ""objective"": 1203.4982059179392, ""time"": 0.045172, ""valid"": true}]","[[0, 143, 138, 12, 198, 100, 34, 36, 133, 19, 79, 164, 80, 188, 26, 125, 91, 21, 163, 145, 141, 77, 46, 135, 178, 127, 185, 44, 84, 118, 11, 167, 27, 159, 50, 199, 120, 131, 6, 150, 96, 124, 157, 192, 172, 187, 69, 58, 137, 41, 18, 74, 122, 1, 139, 73, 68, 168, 13, 87, 81, 160, 186, 89, 132, 190, 55, 181, 155, 161, 179, 116, 177, 45, 111, 182, 165, 97, 0], [0, 195, 144, 56, 29, 119, 109, 49, 189, 107, 117, 2, 173, 108, 48, 60, 115, 152, 66, 5, 30, 53, 142, 51, 193, 35, 72, 8, 93, 61, 22, 62, 105, 38, 70, 156, 197, 183, 4, 57, 101, 126, 140, 149, 76, 31, 110, 37, 146, 14, 174, 54, 17, 151, 175, 40, 82, 92, 20, 7, 130, 176, 114, 147, 158, 10, 0], [0, 148, 99, 121, 28, 171, 32, 25, 86, 134, 59, 52, 85, 16, 88, 42, 3, 9, 64, 95, 153, 180, 169, 170, 78, 166, 83, 129, 63, 71, 39, 191, 94, 103, 75, 136, 104, 90, 154, 112, 196, 65, 33, 113, 123, 162, 24, 184, 15, 194, 128, 67, 47, 23, 106, 98, 102, 43, 0]]"
uniform,n200_m3_r02.txt,data\mtsp\generated\n200_m3_r02.txt,200,3,lkh-wrapper-v3,1178.5925411440157,0.012826,0.012811,True,"[{""name"": ""lkh-wrapper-v3"", ""objective"": 1178.5925411440157, ""time"": 0.012811, ""valid"": true}]","[[0, 143, 138, 12, 198, 100, 194, 34, 36, 133, 19, 79, 164, 80, 188, 26, 91, 125, 178, 127, 44, 185, 135, 46, 77, 141, 21, 145, 163, 162, 24, 15, 184, 123, 113, 33, 65, 196, 112, 154, 90, 104, 136, 75, 103, 153, 94, 191, 39, 129, 83, 166, 78, 170, 169, 180, 95, 64, 9, 3, 42, 88, 16, 85, 52, 59, 134, 86, 25, 32, 158, 10, 148, 99, 121, 28, 171, 63, 71, 67, 128, 47, 23, 106, 98, 102, 43, 0], [0, 195, 56, 29, 61, 93, 8, 168, 68, 13, 87, 81, 160, 186, 89, 132, 190, 55, 181, 155, 37, 161, 179, 110, 116, 177, 45, 76, 31, 146, 14, 174, 54, 17, 151, 175, 40, 82, 92, 20, 7, 130, 176, 114, 147, 101, 126, 140, 149, 4, 57, 197, 183, 111, 182, 165, 97, 62, 22, 105, 38, 70, 156, 144, 0], [0, 189, 107, 117, 2, 173, 108, 48, 60, 66, 5, 30, 53, 142, 167, 27, 159, 50, 11, 84, 118, 131, 199, 120, 6, 150, 96, 124, 157, 192, 172, 187, 69, 58, 137, 41, 18, 74, 73, 139, 122, 1, 72, 35, 193, 51, 152, 115, 49, 109, 119, 0]]"
uniform,n200_m3_r03.txt,data\mtsp\generated\n200_m3_r03.txt,200,3,rand+nn,2529.353103158238,0.000993,0.000984,True,"[{""name"": ""rand+nn"", ""objective"": 2529.353103158238, ""time"": 0.000984, ""valid"": true}]","[[0, 152, 14, 138, 93, 121, 35, 11, 2, 71, 178, 156, 33, 53, 136, 80, 158, 89, 48, 54, 191, 51, 141, 112, 38, 32, 83, 67, 172, 180, 31, 62, 6, 37, 170, 66, 69, 135, 179, 94, 87, 124, 39, 8, 173, 120, 41, 169, 5, 103, 194, 126, 199, 189, 187, 145, 19, 109, 114, 10, 122, 166, 165, 15, 21, 43, 115, 104, 0], [0, 116, 132, 177, 161, 157, 149, 185, 12, 163, 108, 110, 64, 17, 190, 22, 125, 186, 195, 123, 57, 78, 160, 90, 192, 100, 146, 131, 50, 28, 176, 16, 20, 73, 18, 188, 193, 44, 150, 196, 68, 102, 63, 86, 143, 74, 45, 118, 91, 130, 184, 148, 98, 96, 119, 117, 99, 159, 75, 29, 197, 25, 77, 56, 7, 52, 46, 0], [0, 76, 97, 27, 198, 3, 72, 137, 167, 40, 61, 26, 174, 154, 79, 88, 70, 36, 82, 168, 111, 164, 59, 171, 4, 144, 153, 127, 129, 107, 42, 60, 128, 58, 9, 85, 183, 23, 95, 13, 1, 147, 49, 65, 24, 140, 81, 47, 142, 34, 92, 84, 105, 139, 175, 162, 181, 106, 182, 155, 133, 113, 55, 30, 134, 101, 151, 0]]"
uniform,n200_m3_r03.txt,data\mtsp\generated\n200_m3_r03.txt,200,3,2opt+greed,1434.6169529202962,0.001598,0.001587,True,"[{""name"": ""2opt+greed"", ""objective"": 1434.6169529202962, ""time"": 0.001587, ""valid"": true}]","[[0, 116, 95, 112, 85, 22, 125, 183, 141, 176, 23, 10, 16, 122, 13, 20, 73, 138, 18, 93, 98, 30, 167, 148, 184, 135, 130, 69, 66, 40, 61, 124, 174, 26, 170, 72, 137, 179, 91, 3, 62, 6, 37, 143, 74, 8, 63, 86, 39, 118, 102, 79, 88, 70, 41, 68, 196, 36, 120, 173, 82, 168, 15, 55, 180, 31, 198, 27, 0], [0, 152, 76, 14, 188, 193, 94, 154, 99, 101, 117, 151, 119, 2, 140, 178, 71, 159, 75, 33, 29, 34, 142, 156, 92, 47, 53, 136, 160, 80, 84, 78, 105, 57, 139, 123, 195, 186, 9, 58, 114, 113, 17, 115, 43, 21, 127, 25, 129, 107, 42, 7, 104, 56, 77, 126, 194, 103, 5, 111, 169, 150, 164, 59, 44, 172, 97, 0], [0, 132, 177, 67, 161, 83, 60, 32, 157, 38, 128, 185, 109, 12, 163, 108, 19, 144, 145, 149, 171, 4, 153, 187, 189, 199, 197, 52, 46, 110, 64, 133, 155, 190, 51, 89, 162, 146, 54, 191, 28, 50, 182, 131, 106, 181, 48, 100, 158, 192, 175, 90, 81, 24, 49, 165, 65, 166, 147, 1, 121, 35, 11, 134, 96, 87, 45, 0]]"
uniform,n200_m3_r03.txt,data\mtsp\generated\n200_m3_r03.txt,200,3,grasp,1304.9252290432598,3.46396,3.463946,True,"[{""name"": ""grasp"", ""objective"": 1304.9252290432598, ""time"": 3.463946, ""valid"": true}]","[[0, 152, 116, 186, 195, 89, 162, 146, 48, 100, 181, 54, 106, 131, 182, 50, 28, 191, 133, 17, 64, 113, 110, 163, 12, 109, 114, 128, 185, 19, 108, 46, 115, 43, 52, 21, 107, 129, 42, 7, 104, 56, 77, 126, 194, 103, 111, 5, 199, 197, 25, 127, 189, 187, 153, 4, 144, 171, 145, 149, 38, 157, 32, 60, 83, 161, 67, 177, 0], [0, 132, 59, 164, 150, 169, 82, 36, 196, 68, 41, 70, 88, 79, 102, 118, 63, 86, 39, 174, 124, 87, 154, 94, 45, 26, 143, 8, 74, 173, 120, 168, 15, 44, 97, 18, 96, 121, 1, 147, 165, 49, 24, 71, 159, 75, 33, 29, 34, 142, 156, 92, 47, 53, 160, 80, 90, 175, 158, 192, 84, 78, 57, 65, 166, 10, 16, 0], [0, 172, 55, 6, 37, 170, 61, 40, 66, 69, 130, 135, 184, 148, 167, 98, 93, 30, 179, 137, 72, 91, 3, 62, 31, 180, 198, 27, 193, 76, 14, 188, 138, 73, 122, 13, 20, 35, 134, 99, 101, 11, 117, 151, 119, 2, 178, 140, 81, 136, 105, 139, 123, 176, 23, 141, 183, 85, 125, 22, 9, 51, 155, 190, 58, 112, 95, 0]]"
uniform,n200_m3_r03.txt,data\mtsp\generated\n200_m3_r03.txt,200,3,lkh-wrapper,1313.970858328237,0.117544,0.117524,True,"[{""name"": ""lkh-wrapper"", ""objective"": 1313.970858328237, ""time"": 0.117524, ""valid"": true}]","[[0, 193, 27, 180, 55, 15, 168, 82, 173, 120, 36, 196, 68, 41, 70, 88, 79, 102, 118, 39, 124, 174, 86, 63, 8, 74, 143, 26, 37, 6, 31, 62, 3, 91, 72, 170, 61, 40, 66, 69, 130, 135, 184, 148, 167, 137, 179, 30, 98, 93, 18, 138, 73, 20, 13, 122, 16, 10, 23, 176, 141, 183, 125, 22, 85, 112, 95, 116, 0], [0, 97, 172, 44, 59, 164, 150, 169, 111, 5, 103, 194, 126, 77, 56, 104, 7, 42, 107, 129, 25, 127, 21, 43, 115, 19, 114, 58, 9, 51, 186, 195, 123, 139, 57, 105, 78, 84, 80, 160, 136, 53, 47, 140, 142, 156, 92, 34, 29, 33, 75, 159, 71, 178, 2, 119, 151, 117, 101, 99, 154, 94, 87, 45, 198, 76, 152, 0], [0, 14, 188, 96, 134, 11, 35, 121, 1, 147, 165, 166, 65, 49, 24, 81, 90, 175, 192, 158, 89, 162, 146, 48, 100, 181, 106, 131, 182, 50, 28, 191, 54, 155, 190, 38, 128, 185, 109, 12, 108, 163, 110, 113, 64, 133, 17, 46, 52, 197, 199, 189, 187, 153, 4, 144, 171, 145, 149, 60, 32, 157, 83, 161, 67, 177, 132, 0]]"
uniform,n200_m3_r03.txt,data\mtsp\generated\n200_m3_r03.txt,200,3,lkh-wrapper-v1,1313.970858328237,0.11899,0.118968,True,"[{""name"": ""lkh-wrapper-v1"", ""objective"": 1313.970858328237, ""time"": 0.118968, ""valid"": true}]","[[0, 193, 27, 180, 55, 15, 168, 82, 173, 120, 36, 196, 68, 41, 70, 88, 79, 102, 118, 39, 124, 174, 86, 63, 8, 74, 143, 26, 37, 6, 31, 62, 3, 91, 72, 170, 61, 40, 66, 69, 130, 135, 184, 148, 167, 137, 179, 30, 98, 93, 18, 138, 73, 20, 13, 122, 16, 10, 23, 176, 141, 183, 125, 22, 85, 112, 95, 116, 0], [0, 97, 172, 44, 59, 164, 150, 169, 111, 5, 103, 194, 126, 77, 56, 104, 7, 42, 107, 129, 25, 127, 21, 43, 115, 19, 114, 58, 9, 51, 186, 195, 123, 139, 57, 105, 78, 84, 80, 160, 136, 53, 47, 140, 142, 156, 92, 34, 29, 33, 75, 159, 71, 178, 2, 119, 151, 117, 101, 99, 154, 94, 87, 45, 198, 76, 152, 0], [0, 14, 188, 96, 134, 11, 35, 121, 1, 147, 165, 166, 65, 49, 24, 81, 90, 175, 192, 158, 89, 162, 146, 48, 100, 181, 106, 131, 182, 50, 28, 191, 54, 155, 190, 38, 128, 185, 109, 12, 108, 163, 110, 113, 64, 133, 17, 46, 52, 197, 199, 189, 187, 153, 4, 144, 171, 145, 149, 60, 32, 157, 83, 161, 67, 177, 132, 0]]"
uniform,n200_m3_r03.txt,data\mtsp\generated\n200_m3_r03.txt,200,3,lkh-wrapper-v2,1192.039948420943,0.055991,0.055966,True,"[{""name"": ""lkh-wrapper-v2"", ""objective"": 1192.039948420943, ""time"": 0.055966, ""valid"": true}]","[[0, 116, 95, 112, 85, 22, 125, 183, 141, 176, 23, 10, 16, 122, 13, 20, 166, 24, 81, 47, 92, 156, 142, 34, 29, 33, 75, 159, 148, 184, 135, 130, 69, 167, 66, 40, 61, 170, 94, 154, 87, 124, 174, 39, 118, 86, 45, 26, 3, 91, 72, 137, 179, 30, 98, 93, 18, 138, 73, 0], [0, 97, 172, 44, 59, 164, 150, 15, 168, 82, 173, 120, 36, 196, 68, 41, 70, 88, 79, 102, 63, 8, 74, 143, 37, 6, 62, 31, 55, 180, 198, 27, 193, 188, 14, 76, 152, 0], [0, 157, 32, 38, 128, 114, 58, 190, 9, 51, 186, 195, 123, 139, 57, 65, 49, 165, 147, 1, 121, 96, 35, 11, 134, 99, 101, 117, 151, 119, 2, 71, 178, 140, 53, 136, 160, 80, 90, 84, 78, 105, 192, 175, 158, 89, 162, 146, 48, 100, 181, 106, 131, 182, 50, 28, 191, 54, 155, 133, 17, 64, 113, 110, 163, 12, 109, 185, 19, 108, 46, 115, 43, 21, 52, 189, 199, 197, 127, 25, 129, 107, 42, 7, 104, 56, 77, 126, 194, 103, 111, 169, 5, 187, 153, 4, 144, 171, 145, 149, 60, 83, 161, 67, 177, 132, 0]]"
uniform,n200_m3_r03.txt,data\mtsp\generated\n200_m3_r03.txt,200,3,lkh-wrapper-v3,1200.098417901816,0.020907,0.020895,True,"[{""name"": ""lkh-wrapper-v3"", ""objective"": 1200.098417901816, ""time"": 0.020895, ""valid"": true}]","[[0, 122, 13, 20, 73, 138, 18, 93, 179, 137, 72, 91, 3, 26, 45, 86, 118, 39, 174, 124, 87, 154, 94, 170, 61, 40, 66, 69, 130, 135, 184, 148, 167, 30, 98, 159, 75, 33, 29, 34, 142, 156, 92, 47, 53, 105, 57, 10, 16, 23, 176, 141, 183, 125, 22, 85, 112, 95, 116, 0], [0, 152, 76, 14, 188, 198, 27, 193, 97, 172, 55, 180, 31, 62, 6, 37, 143, 74, 8, 63, 102, 79, 88, 70, 41, 68, 196, 36, 120, 173, 82, 168, 15, 150, 164, 59, 44, 0], [0, 132, 177, 67, 161, 83, 60, 149, 145, 171, 144, 4, 153, 187, 5, 169, 111, 103, 194, 126, 77, 56, 104, 7, 42, 107, 129, 25, 127, 197, 199, 189, 52, 21, 43, 115, 46, 19, 108, 163, 110, 113, 64, 17, 133, 155, 54, 191, 28, 50, 182, 131, 106, 181, 100, 48, 146, 162, 89, 158, 192, 175, 90, 84, 78, 160, 80, 136, 81, 24, 140, 178, 71, 2, 119, 151, 117, 101, 99, 134, 11, 35, 96, 121, 1, 147, 165, 49, 65, 166, 139, 123, 195, 186, 51, 9, 190, 58, 114, 109, 12, 185, 128, 38, 32, 157, 0]]"
uniform,n200_m3_r04.txt,data\mtsp\generated\n200_m3_r04.txt,200,3,rand+nn,2300.448169490492,0.001686,0.001676,True,"[{""name"": ""rand+nn"", ""objective"": 2300.448169490492, ""time"": 0.001676, ""valid"": true}]","[[0, 152, 166, 115, 31, 172, 51, 2, 180, 33, 187, 5, 15, 124, 156, 141, 165, 69, 41, 173, 136, 145, 122, 21, 54, 35, 8, 194, 104, 62, 93, 169, 32, 6, 199, 83, 112, 170, 138, 114, 66, 178, 135, 14, 121, 67, 11, 37, 39, 10, 158, 43, 19, 126, 89, 80, 191, 53, 48, 38, 94, 189, 179, 120, 87, 103, 71, 109, 0], [0, 50, 56, 146, 17, 185, 12, 116, 148, 74, 110, 68, 161, 102, 90, 86, 7, 96, 28, 44, 91, 132, 46, 159, 57, 25, 73, 118, 100, 195, 64, 29, 196, 98, 123, 22, 150, 117, 188, 130, 77, 119, 63, 163, 75, 184, 192, 160, 157, 193, 78, 197, 108, 18, 177, 143, 125, 149, 20, 186, 131, 45, 190, 176, 99, 16, 52, 0], [0, 153, 49, 40, 88, 106, 198, 95, 82, 1, 23, 144, 175, 137, 164, 30, 13, 101, 65, 151, 142, 34, 42, 174, 61, 27, 72, 4, 58, 9, 127, 84, 111, 134, 36, 60, 85, 70, 24, 139, 129, 133, 171, 183, 55, 140, 59, 3, 105, 154, 79, 97, 182, 107, 167, 26, 162, 147, 47, 92, 155, 113, 128, 76, 181, 81, 168, 0]]"
uniform,n200_m3_r04.txt,data\mtsp\generated\n200_m3_r04.txt,200,3,2opt+greed,1393.6894540011529,0.001252,0.001244,True,"[{""name"": ""2opt+greed"", ""objective"": 1393.6894540011529, ""time"": 0.001244, ""valid"": true}]","[[0, 50, 146, 16, 2, 172, 51, 193, 142, 78, 34, 42, 69, 174, 77, 119, 141, 4, 124, 15, 130, 168, 188, 117, 5, 150, 179, 84, 120, 127, 87, 9, 103, 58, 156, 157, 71, 109, 160, 192, 72, 184, 27, 75, 173, 163, 41, 61, 165, 63, 136, 21, 145, 122, 65, 137, 170, 112, 83, 45, 199, 23, 144, 175, 101, 13, 35, 151, 0], [0, 56, 17, 185, 180, 128, 187, 181, 76, 81, 33, 89, 105, 12, 116, 148, 100, 118, 3, 19, 59, 195, 126, 64, 29, 80, 24, 70, 98, 123, 134, 111, 22, 36, 189, 129, 38, 94, 60, 85, 191, 133, 52, 55, 183, 171, 48, 139, 53, 196, 140, 43, 158, 10, 73, 132, 90, 161, 114, 143, 125, 20, 149, 186, 30, 131, 164, 0], [0, 152, 153, 49, 166, 194, 8, 40, 190, 138, 74, 154, 79, 97, 46, 66, 182, 107, 159, 57, 39, 167, 25, 178, 26, 135, 91, 162, 147, 47, 44, 28, 67, 121, 96, 11, 37, 99, 155, 7, 14, 92, 86, 102, 68, 110, 113, 176, 169, 32, 88, 104, 62, 93, 18, 177, 106, 198, 95, 6, 82, 1, 54, 197, 108, 115, 31, 0]]"
uniform,n200_m3_r04.txt,data\mtsp\generated\n200_m3_r04.txt,200,3,grasp,1300.4303725157658,3.767227,3.767213,True,"[{""name"": ""grasp"", ""objective"": 1300.4303725157658, ""time"": 3.767213, ""valid"": true}]","[[0, 152, 153, 49, 166, 197, 108, 194, 8, 18, 104, 88, 32, 62, 169, 176, 99, 37, 11, 96, 121, 67, 28, 44, 47, 147, 91, 162, 14, 92, 86, 7, 155, 114, 68, 102, 161, 90, 178, 25, 73, 10, 167, 39, 57, 159, 107, 46, 97, 79, 74, 154, 148, 100, 118, 3, 59, 19, 43, 158, 140, 29, 70, 98, 134, 111, 5, 117, 0], [0, 146, 17, 168, 188, 130, 15, 124, 4, 156, 141, 184, 27, 75, 72, 109, 71, 160, 192, 157, 9, 58, 103, 87, 127, 120, 84, 179, 150, 181, 76, 187, 81, 123, 22, 189, 36, 94, 38, 129, 133, 52, 55, 183, 171, 48, 139, 53, 196, 191, 60, 85, 24, 80, 64, 195, 126, 105, 116, 12, 89, 33, 128, 180, 185, 56, 50, 0], [0, 16, 2, 172, 51, 77, 119, 174, 69, 165, 173, 163, 41, 61, 63, 42, 34, 142, 78, 151, 122, 65, 145, 136, 21, 54, 101, 35, 13, 177, 106, 198, 95, 23, 144, 175, 199, 45, 83, 137, 112, 170, 164, 1, 82, 6, 131, 30, 186, 149, 20, 125, 143, 93, 113, 110, 132, 135, 26, 182, 66, 138, 190, 40, 115, 193, 31, 0]]"
uniform,n200_m3_r04.txt,data\mtsp\generated\n200_m3_r04.txt,200,3,lkh-wrapper,1281.662252539341,0.066978,0.066957,True,"[{""name"": ""lkh-wrapper"", ""objective"": 1281.662252539341, ""time"": 0.066957, ""valid"": true}]","[[0, 16, 2, 172, 51, 193, 142, 34, 78, 151, 35, 13, 101, 175, 144, 23, 199, 45, 112, 170, 137, 54, 21, 65, 122, 145, 136, 42, 69, 174, 77, 119, 141, 165, 63, 61, 41, 163, 173, 75, 27, 184, 72, 160, 109, 71, 157, 192, 156, 4, 124, 15, 130, 58, 103, 9, 87, 127, 120, 84, 179, 150, 5, 117, 188, 168, 146, 50, 0], [0, 18, 30, 131, 186, 125, 149, 20, 32, 113, 161, 90, 132, 73, 10, 158, 43, 140, 29, 24, 196, 53, 139, 48, 171, 183, 55, 52, 133, 129, 191, 85, 60, 38, 94, 36, 189, 22, 111, 134, 123, 81, 76, 181, 187, 128, 33, 98, 70, 80, 64, 195, 59, 19, 3, 118, 100, 148, 116, 12, 105, 126, 89, 185, 180, 17, 56, 0], [0, 152, 153, 49, 166, 40, 190, 138, 74, 154, 79, 110, 114, 68, 102, 155, 7, 14, 92, 86, 182, 66, 97, 46, 107, 159, 57, 39, 167, 25, 178, 26, 135, 91, 162, 147, 47, 44, 28, 67, 121, 96, 11, 37, 99, 176, 169, 93, 62, 104, 88, 143, 6, 82, 1, 164, 83, 95, 198, 106, 177, 8, 194, 108, 197, 115, 31, 0]]"
uniform,n200_m3_r04.txt,data\mtsp\generated\n200_m3_r04.txt,200,3,lkh-wrapper-v1,1281.662252539341,0.064796,0.064774,True,"[{""name"": ""lkh-wrapper-v1"", ""objective"": 1281.662252539341, ""time"": 0.064774, ""valid"": true}]","[[0, 16, 2, 172, 51, 193, 142, 34, 78, 151, 35, 13, 101, 175, 144, 23, 199, 45, 112, 170, 137, 54, 21, 65, 122, 145, 136, 42, 69, 174, 77, 119, 141, 165, 63, 61, 41, 163, 173, 75, 27, 184, 72, 160, 109, 71, 157, 192, 156, 4, 124, 15, 130, 58, 103, 9, 87, 127, 120, 84, 179, 150, 5, 117, 188, 168, 146, 50, 0], [0, 18, 30, 131, 186, 125, 149, 20, 32, 113, 161, 90, 132, 73, 10, 158, 43, 140, 29, 24, 196, 53, 139, 48, 171, 183, 55, 52, 133, 129, 191, 85, 60, 38, 94, 36, 189, 22, 111, 134, 123, 81, 76, 181, 187, 128, 33, 98, 70, 80, 64, 195, 59, 19, 3, 118, 100, 148, 116, 12, 105, 126, 89, 185, 180, 17, 56, 0], [0, 152, 153, 49, 166, 40, 190, 138, 74, 154, 79, 110, 114, 68, 102, 155, 7, 14, 92, 86, 182, 66, 97, 46, 107, 159, 57, 39, 167, 25, 178, 26, 135, 91, 162, 147, 47, 44, 28, 67, 121, 96, 11, 37, 99, 176, 169, 93, 62, 104, 88, 143, 6, 82, 1, 164, 83, 95, 198, 106, 177, 8, 194, 108, 197, 115, 31, 0]]"
uniform,n200_m3_r04.txt,data\mtsp\generated\n200_m3_r04.txt,200,3,lkh-wrapper-v2,1264.5101662648499,0.065099,0.065078,True,"[{""name"": ""lkh-wrapper-v2"", ""objective"": 1264.5101662648499, ""time"": 0.065078, ""valid"": true}]","[[0, 106, 198, 95, 23, 144, 175, 199, 45, 83, 137, 112, 170, 164, 1, 82, 6, 131, 30, 186, 149, 20, 125, 143, 32, 88, 104, 62, 169, 176, 113, 110, 114, 68, 102, 161, 90, 86, 92, 14, 132, 162, 147, 44, 28, 47, 91, 135, 26, 178, 25, 167, 39, 57, 159, 107, 182, 66, 46, 97, 79, 138, 74, 154, 148, 100, 118, 3, 19, 59, 195, 126, 105, 12, 185, 180, 128, 33, 187, 181, 76, 81, 98, 70, 85, 60, 94, 38, 129, 189, 36, 123, 22, 134, 111, 179, 84, 127, 87, 9, 103, 58, 124, 15, 130, 5, 117, 188, 168, 17, 146, 56, 50, 0], [0, 150, 120, 157, 71, 109, 160, 192, 156, 4, 141, 184, 72, 27, 75, 173, 163, 41, 61, 63, 69, 165, 119, 77, 174, 34, 78, 142, 193, 31, 115, 166, 49, 153, 152, 0], [0, 16, 2, 172, 51, 42, 136, 21, 54, 145, 65, 122, 151, 101, 13, 35, 197, 108, 177, 18, 8, 194, 40, 190, 93, 99, 37, 11, 96, 67, 121, 7, 155, 73, 10, 158, 43, 140, 196, 53, 139, 48, 171, 183, 55, 52, 133, 191, 24, 80, 29, 64, 89, 116, 0]]"
uniform,n200_m3_r04.txt,data\mtsp\generated\n200_m3_r04.txt,200,3,lkh-wrapper-v3,1231.2123820769948,0.071154,0.071141,True,"[{""name"": ""lkh-wrapper-v3"", ""objective"": 1231.2123820769948, ""time"": 0.071141, ""valid"": true}]","[[0, 50, 56, 146, 17, 168, 188, 117, 5, 130, 15, 124, 58, 103, 9, 87, 127, 84, 179, 111, 134, 123, 22, 189, 36, 94, 38, 191, 60, 85, 70, 98, 81, 76, 181, 187, 33, 128, 180, 185, 12, 105, 126, 195, 59, 19, 3, 118, 100, 148, 154, 74, 138, 79, 97, 46, 66, 182, 107, 159, 57, 39, 167, 25, 178, 26, 135, 91, 147, 162, 132, 14, 92, 86, 7, 155, 90, 161, 102, 68, 114, 110, 113, 176, 169, 62, 104, 88, 32, 143, 125, 20, 149, 186, 30, 131, 6, 82, 1, 164, 170, 112, 137, 83, 45, 199, 175, 144, 23, 95, 198, 106, 0], [0, 152, 153, 49, 166, 108, 197, 115, 31, 193, 142, 78, 34, 174, 69, 165, 184, 72, 27, 75, 173, 163, 41, 61, 63, 42, 136, 145, 21, 54, 65, 122, 151, 35, 101, 13, 177, 18, 8, 194, 40, 190, 93, 99, 37, 11, 96, 121, 67, 28, 44, 47, 73, 10, 158, 43, 140, 183, 48, 171, 55, 52, 133, 129, 139, 53, 196, 24, 80, 29, 64, 89, 116, 0], [0, 16, 2, 172, 51, 77, 119, 141, 4, 156, 192, 160, 109, 71, 157, 120, 150, 0]]"
uniform,n200_m3_r05.txt,data\mtsp\generated\n200_m3_r05.txt,200,3,rand+nn,2464.8313592838413,0.001078,0.001069,True,"[{""name"": ""rand+nn"", ""objective"": 2464.8313592838413, ""time"": 0.001069, ""valid"": true}]","[[0, 103, 51, 120, 2, 122, 104, 19, 62, 14, 89, 83, 67, 141, 10, 115, 66, 114, 121, 33, 156, 112, 31, 179, 191, 94, 145, 187, 165, 39, 87, 48, 189, 32, 38, 8, 124, 15, 199, 69, 178, 54, 21, 109, 170, 126, 71, 93, 172, 53, 35, 180, 5, 43, 169, 152, 135, 6, 37, 138, 136, 11, 173, 166, 194, 80, 158, 41, 0], [0, 102, 99, 25, 78, 118, 46, 77, 45, 17, 159, 100, 184, 86, 185, 161, 12, 143, 29, 116, 22, 119, 186, 44, 123, 177, 73, 20, 57, 75, 190, 7, 117, 64, 196, 91, 192, 130, 96, 110, 74, 148, 132, 18, 157, 195, 131, 28, 188, 149, 98, 16, 176, 150, 52, 163, 68, 197, 56, 146, 50, 160, 125, 90, 63, 193, 108, 0], [0, 168, 133, 134, 49, 153, 155, 106, 111, 174, 65, 42, 198, 4, 13, 144, 154, 167, 182, 79, 76, 58, 26, 3, 34, 164, 92, 113, 9, 175, 107, 24, 151, 60, 140, 139, 82, 142, 127, 85, 181, 70, 147, 23, 97, 128, 171, 101, 105, 40, 88, 47, 30, 36, 59, 84, 72, 55, 183, 162, 81, 61, 129, 1, 137, 95, 27, 0]]"
uniform,n200_m3_r05.txt,data\mtsp\generated\n200_m3_r05.txt,200,3,2opt+greed,1398.4244893191037,0.00186,0.001848,True,"[{""name"": ""2opt+greed"", ""objective"": 1398.4244893191037, ""time"": 0.001848, ""valid"": true}]","[[0, 103, 168, 133, 48, 134, 49, 87, 190, 7, 117, 196, 91, 141, 95, 165, 74, 94, 4, 191, 148, 198, 10, 115, 64, 66, 106, 111, 114, 121, 174, 65, 33, 166, 173, 1, 129, 44, 123, 11, 137, 156, 112, 31, 42, 132, 179, 39, 145, 13, 187, 154, 110, 144, 67, 83, 192, 189, 58, 62, 157, 128, 101, 41, 149, 181, 27, 24, 0], [0, 102, 90, 126, 52, 127, 71, 108, 176, 147, 80, 194, 16, 158, 98, 178, 69, 97, 15, 199, 188, 28, 131, 124, 195, 171, 8, 38, 32, 18, 182, 167, 96, 79, 76, 89, 130, 14, 26, 19, 104, 3, 54, 23, 70, 150, 170, 85, 109, 118, 46, 77, 45, 9, 120, 99, 113, 92, 164, 21, 78, 34, 2, 122, 105, 25, 51, 0], [0, 75, 40, 57, 153, 155, 20, 169, 73, 152, 119, 186, 81, 61, 138, 162, 136, 183, 177, 55, 72, 37, 84, 22, 59, 36, 12, 6, 185, 161, 60, 140, 53, 172, 160, 139, 125, 82, 50, 146, 56, 93, 142, 197, 163, 68, 63, 35, 184, 151, 86, 47, 193, 135, 30, 143, 29, 116, 88, 43, 5, 100, 175, 107, 180, 17, 159, 0]]"
uniform,n200_m3_r05.txt,data\mtsp\generated\n200_m3_r05.txt,200,3,grasp,1327.2596277375744,3.291904,3.291887,True,"[{""name"": ""grasp"", ""objective"": 1327.2596277375744, ""time"": 3.291887, ""valid"": true}]","[[0, 102, 75, 57, 40, 43, 5, 100, 175, 159, 9, 45, 77, 46, 181, 70, 3, 122, 34, 2, 25, 51, 105, 104, 62, 58, 83, 67, 95, 141, 91, 87, 190, 7, 117, 196, 10, 115, 64, 66, 111, 114, 121, 174, 112, 42, 31, 156, 137, 11, 136, 183, 177, 55, 72, 37, 61, 119, 186, 81, 44, 129, 173, 166, 106, 49, 134, 168, 0], [0, 120, 99, 113, 92, 164, 21, 78, 54, 23, 97, 15, 69, 178, 98, 16, 194, 80, 147, 176, 150, 170, 85, 109, 118, 180, 17, 107, 35, 63, 68, 163, 126, 52, 127, 108, 71, 197, 142, 93, 56, 146, 27, 50, 82, 125, 139, 160, 172, 24, 90, 53, 140, 60, 161, 185, 12, 36, 22, 116, 135, 193, 86, 151, 184, 47, 88, 0], [0, 103, 153, 155, 20, 169, 73, 152, 29, 143, 30, 6, 59, 84, 138, 162, 123, 1, 33, 65, 198, 132, 179, 148, 191, 4, 39, 145, 94, 13, 187, 74, 165, 144, 110, 154, 79, 96, 167, 182, 18, 32, 38, 8, 157, 171, 28, 131, 124, 195, 128, 101, 41, 158, 149, 199, 188, 26, 19, 14, 130, 76, 89, 192, 189, 133, 48, 0]]"
uniform,n200_m3_r05.txt,data\mtsp\generated\n200_m3_r05.txt,200,3,lkh-wrapper,1262.5011929659568,0.072536,0.072515,True,"[{""name"": ""lkh-wrapper"", ""objective"": 1262.5011929659568, ""time"": 0.072515, ""valid"": true}]","[[0, 103, 168, 134, 48, 133, 189, 62, 58, 192, 83, 67, 95, 141, 91, 190, 87, 49, 7, 117, 196, 10, 115, 64, 66, 106, 111, 114, 166, 173, 1, 129, 44, 123, 11, 137, 33, 65, 121, 174, 112, 156, 31, 42, 198, 132, 179, 148, 191, 4, 39, 145, 94, 13, 187, 74, 165, 144, 110, 154, 157, 128, 101, 41, 158, 150, 24, 90, 0], [0, 102, 120, 99, 113, 9, 45, 77, 46, 118, 109, 85, 170, 52, 126, 163, 127, 71, 108, 176, 147, 80, 194, 16, 98, 178, 23, 69, 149, 97, 15, 199, 188, 28, 131, 124, 195, 171, 8, 38, 32, 18, 182, 167, 96, 79, 76, 89, 130, 14, 26, 19, 104, 3, 54, 70, 181, 21, 78, 34, 164, 92, 2, 122, 105, 25, 51, 0], [0, 43, 5, 100, 175, 35, 159, 17, 180, 107, 63, 68, 197, 142, 93, 56, 146, 27, 50, 82, 125, 139, 160, 172, 53, 140, 151, 184, 86, 60, 161, 185, 12, 36, 59, 84, 37, 72, 55, 177, 183, 136, 162, 138, 61, 81, 186, 119, 22, 116, 29, 143, 30, 135, 6, 193, 47, 88, 73, 152, 169, 20, 155, 153, 57, 40, 75, 0]]"
uniform,n200_m3_r05.txt,data\mtsp\generated\n200_m3_r05.txt,200,3,lkh-wrapper-v1,1262.5011929659568,0.064135,0.064107,True,"[{""name"": ""lkh-wrapper-v1"", ""objective"": 1262.5011929659568, ""time"": 0.064107, ""valid"": true}]","[[0, 103, 168, 134, 48, 133, 189, 62, 58, 192, 83, 67, 95, 141, 91, 190, 87, 49, 7, 117, 196, 10, 115, 64, 66, 106, 111, 114, 166, 173, 1, 129, 44, 123, 11, 137, 33, 65, 121, 174, 112, 156, 31, 42, 198, 132, 179, 148, 191, 4, 39, 145, 94, 13, 187, 74, 165, 144, 110, 154, 157, 128, 101, 41, 158, 150, 24, 90, 0], [0, 102, 120, 99, 113, 9, 45, 77, 46, 118, 109, 85, 170, 52, 126, 163, 127, 71, 108, 176, 147, 80, 194, 16, 98, 178, 23, 69, 149, 97, 15, 199, 188, 28, 131, 124, 195, 171, 8, 38, 32, 18, 182, 167, 96, 79, 76, 89, 130, 14, 26, 19, 104, 3, 54, 70, 181, 21, 78, 34, 164, 92, 2, 122, 105, 25, 51, 0], [0, 43, 5, 100, 175, 35, 159, 17, 180, 107, 63, 68, 197, 142, 93, 56, 146, 27, 50, 82, 125, 139, 160, 172, 53, 140, 151, 184, 86, 60, 161, 185, 12, 36, 59, 84, 37, 72, 55, 177, 183, 136, 162, 138, 61, 81, 186, 119, 22, 116, 29, 143, 30, 135, 6, 193, 47, 88, 73, 152, 169, 20, 155, 153, 57, 40, 75, 0]]"
uniform,n200_m3_r05.txt,data\mtsp\generated\n200_m3_r05.txt,200,3,lkh-wrapper-v2,1253.0742608733735,0.04609,0.046069,True,"[{""name"": ""lkh-wrapper-v2"", ""objective"": 1253.0742608733735, ""time"": 0.046069, ""valid"": true}]","[[0, 103, 75, 40, 57, 153, 155, 20, 169, 73, 152, 116, 29, 143, 30, 135, 193, 6, 59, 36, 12, 185, 161, 60, 140, 125, 139, 27, 50, 82, 160, 53, 172, 24, 90, 151, 86, 184, 0], [0, 66, 198, 94, 154, 167, 182, 96, 79, 76, 89, 83, 192, 189, 58, 62, 130, 14, 26, 19, 104, 3, 54, 23, 69, 97, 15, 199, 188, 28, 131, 124, 195, 171, 8, 38, 32, 18, 157, 128, 101, 41, 158, 149, 178, 98, 16, 194, 80, 147, 176, 108, 71, 127, 197, 56, 146, 93, 142, 68, 163, 126, 52, 170, 85, 109, 150, 70, 181, 118, 46, 180, 17, 77, 45, 113, 92, 164, 21, 78, 34, 2, 122, 105, 25, 51, 99, 120, 102, 0], [0, 168, 133, 48, 134, 49, 87, 190, 7, 117, 64, 115, 10, 196, 91, 141, 95, 67, 144, 110, 165, 74, 187, 13, 145, 39, 4, 191, 148, 179, 132, 42, 31, 156, 112, 174, 121, 65, 33, 114, 111, 106, 166, 173, 1, 129, 44, 137, 11, 123, 81, 186, 119, 61, 138, 162, 136, 183, 177, 55, 72, 37, 84, 22, 47, 88, 43, 5, 100, 175, 35, 63, 107, 159, 9, 0]]"
uniform,n200_m3_r05.txt,data\mtsp\generated\n200_m3_r05.txt,200,3,lkh-wrapper-v3,1296.0368245862392,0.021971,0.021958,True,"[{""name"": ""lkh-wrapper-v3"", ""objective"": 1296.0368245862392, ""time"": 0.021958, ""valid"": true}]","[[0, 103, 75, 40, 57, 153, 155, 20, 169, 73, 152, 116, 29, 143, 30, 135, 193, 6, 59, 36, 12, 185, 161, 60, 140, 125, 139, 27, 50, 82, 160, 53, 172, 24, 90, 151, 86, 184, 0], [0, 102, 120, 99, 51, 25, 105, 122, 2, 34, 78, 21, 164, 92, 113, 45, 77, 17, 180, 46, 118, 109, 181, 70, 150, 85, 170, 52, 126, 163, 68, 142, 93, 146, 56, 197, 127, 71, 108, 176, 147, 80, 194, 16, 158, 149, 41, 101, 128, 195, 124, 131, 28, 188, 199, 15, 97, 69, 178, 98, 23, 54, 3, 104, 19, 26, 14, 130, 62, 58, 189, 192, 83, 89, 76, 79, 96, 32, 38, 8, 171, 157, 18, 182, 167, 154, 39, 179, 42, 0], [0, 43, 5, 9, 159, 107, 63, 35, 175, 100, 88, 47, 22, 84, 37, 72, 55, 183, 177, 138, 136, 162, 123, 11, 137, 81, 61, 119, 186, 44, 129, 1, 173, 166, 33, 65, 156, 31, 112, 174, 121, 114, 111, 106, 66, 64, 115, 198, 132, 148, 191, 4, 94, 145, 13, 187, 74, 165, 110, 144, 67, 95, 141, 91, 196, 10, 117, 7, 190, 87, 49, 134, 48, 133, 168, 0]]"
uniform,n200_m3_r06.txt,data\mtsp\generated\n200_m3_r06.txt,200,3,rand+nn,2359.933068847284,0.001853,0.001843,True,"[{""name"": ""rand+nn"", ""objective"": 2359.933068847284, ""time"": 0.001843, ""valid"": true}]","[[0, 43, 103, 112, 80, 14, 71, 35, 104, 122, 121, 156, 136, 120, 179, 189, 32, 54, 135, 67, 166, 6, 10, 93, 15, 114, 165, 94, 169, 178, 187, 199, 66, 172, 89, 173, 87, 194, 39, 2, 115, 180, 124, 5, 109, 11, 8, 170, 152, 19, 37, 145, 191, 21, 62, 83, 31, 141, 158, 69, 33, 53, 51, 48, 38, 126, 41, 138, 0], [0, 18, 125, 28, 184, 56, 193, 22, 16, 52, 130, 78, 90, 100, 188, 146, 148, 117, 74, 75, 96, 161, 68, 108, 118, 160, 123, 12, 195, 149, 177, 150, 73, 77, 20, 119, 110, 29, 99, 64, 57, 116, 186, 192, 157, 163, 196, 45, 176, 102, 17, 25, 91, 131, 63, 132, 50, 46, 44, 7, 98, 190, 86, 197, 185, 159, 143, 0], [0, 174, 59, 40, 153, 81, 42, 92, 79, 95, 65, 198, 97, 24, 127, 107, 182, 3, 162, 76, 88, 142, 151, 147, 134, 47, 128, 13, 30, 60, 1, 61, 105, 82, 58, 55, 155, 72, 140, 168, 154, 171, 111, 26, 164, 27, 70, 144, 183, 181, 34, 4, 23, 137, 85, 113, 36, 49, 129, 106, 139, 133, 167, 9, 84, 175, 101, 0]]"
uniform,n200_m3_r06.txt,data\mtsp\generated\n200_m3_r06.txt,200,3,2opt+greed,1369.9918280710385,0.001287,0.001278,True,"[{""name"": ""2opt+greed"", ""objective"": 1369.9918280710385, ""time"": 0.001278, ""valid"": true}]","[[0, 174, 59, 195, 149, 144, 152, 65, 94, 169, 178, 42, 92, 193, 109, 90, 172, 89, 72, 148, 155, 117, 55, 74, 134, 147, 75, 47, 128, 60, 179, 32, 54, 49, 129, 50, 132, 46, 51, 53, 33, 106, 139, 69, 7, 98, 190, 86, 158, 141, 137, 85, 113, 102, 36, 135, 133, 6, 167, 189, 131, 9, 84, 63, 10, 12, 40, 93, 0], [0, 18, 153, 15, 177, 150, 20, 175, 73, 77, 37, 19, 64, 171, 111, 26, 164, 83, 116, 62, 57, 27, 186, 70, 192, 157, 21, 163, 191, 196, 101, 181, 183, 34, 4, 45, 23, 31, 176, 17, 67, 166, 25, 91, 48, 44, 82, 126, 41, 58, 185, 159, 143, 138, 146, 188, 100, 3, 66, 162, 199, 56, 79, 95, 187, 81, 184, 0], [0, 123, 35, 14, 71, 1, 118, 61, 108, 120, 68, 136, 105, 156, 161, 38, 13, 96, 30, 121, 122, 104, 80, 88, 142, 151, 78, 130, 52, 173, 87, 107, 182, 16, 22, 39, 194, 180, 115, 127, 2, 24, 124, 5, 97, 198, 11, 8, 99, 170, 29, 168, 140, 165, 119, 154, 145, 114, 110, 125, 28, 76, 197, 112, 160, 43, 103, 0]]"
uniform,n200_m3_r06.txt,data\mtsp\generated\n200_m3_r06.txt,200,3,grasp,1318.9020970851636,3.345986,3.345972,True,"[{""name"": ""grasp"", ""objective"": 1318.9020970851636, ""time"": 3.345972, ""valid"": true}]","[[0, 93, 40, 12, 149, 195, 63, 10, 84, 9, 131, 167, 91, 6, 133, 25, 166, 17, 67, 135, 49, 36, 102, 113, 85, 137, 141, 176, 31, 23, 45, 4, 181, 183, 101, 191, 196, 145, 163, 21, 192, 70, 186, 157, 27, 57, 62, 116, 83, 164, 26, 111, 171, 64, 19, 154, 152, 37, 77, 73, 175, 20, 150, 140, 168, 79, 109, 90, 0], [0, 43, 123, 35, 71, 14, 160, 112, 80, 88, 142, 104, 1, 118, 61, 108, 60, 121, 122, 30, 96, 13, 128, 47, 138, 74, 55, 155, 148, 117, 143, 159, 185, 58, 41, 126, 38, 161, 82, 156, 105, 136, 68, 120, 179, 189, 32, 54, 46, 44, 48, 51, 53, 132, 50, 129, 33, 106, 139, 69, 7, 98, 190, 86, 158, 34, 144, 0], [0, 125, 28, 103, 199, 76, 197, 151, 75, 147, 134, 146, 72, 89, 188, 172, 100, 3, 66, 162, 56, 81, 184, 187, 94, 169, 178, 42, 65, 95, 92, 193, 22, 130, 78, 52, 173, 182, 16, 107, 87, 194, 180, 115, 127, 2, 39, 24, 124, 5, 97, 198, 11, 8, 29, 99, 170, 165, 119, 114, 110, 177, 15, 153, 18, 59, 174, 0]]"
uniform,n200_m3_r06.txt,data\mtsp\generated\n200_m3_r06.txt,200,3,lkh-wrapper,1309.9072072549038,0.061343,0.061323,True,"[{""name"": ""lkh-wrapper"", ""objective"": 1309.9072072549038, ""time"": 0.061323, ""valid"": true}]","[[0, 174, 152, 154, 94, 187, 169, 178, 92, 193, 79, 109, 90, 172, 89, 72, 148, 155, 117, 55, 74, 134, 147, 75, 47, 128, 60, 179, 189, 32, 54, 49, 50, 132, 46, 51, 53, 33, 129, 106, 139, 69, 7, 98, 190, 86, 158, 141, 137, 85, 113, 102, 36, 133, 6, 91, 167, 131, 9, 84, 10, 63, 195, 149, 12, 40, 93, 59, 0], [0, 18, 153, 15, 177, 150, 20, 175, 73, 77, 37, 19, 64, 171, 111, 26, 164, 83, 116, 62, 57, 27, 157, 186, 70, 192, 21, 163, 191, 196, 101, 181, 183, 34, 4, 31, 45, 23, 176, 25, 166, 17, 67, 135, 48, 44, 82, 126, 41, 58, 185, 159, 143, 138, 146, 188, 100, 3, 66, 162, 199, 56, 42, 95, 65, 81, 184, 0], [0, 123, 35, 14, 71, 1, 118, 61, 108, 120, 68, 136, 105, 156, 161, 38, 13, 96, 30, 121, 122, 104, 142, 88, 80, 160, 43, 103, 112, 76, 197, 151, 78, 130, 52, 173, 87, 107, 182, 16, 22, 39, 194, 180, 115, 127, 2, 24, 124, 5, 97, 198, 11, 168, 8, 29, 99, 170, 140, 165, 119, 145, 144, 114, 110, 125, 28, 0]]"
uniform,n200_m3_r06.txt,data\mtsp\generated\n200_m3_r06.txt,200,3,lkh-wrapper-v1,1309.9072072549038,0.062247,0.062223,True,"[{""name"": ""lkh-wrapper-v1"", ""objective"": 1309.9072072549038, ""time"": 0.062223, ""valid"": true}]","[[0, 174, 152, 154, 94, 187, 169, 178, 92, 193, 79, 109, 90, 172, 89, 72, 148, 155, 117, 55, 74, 134, 147, 75, 47, 128, 60, 179, 189, 32, 54, 49, 50, 132, 46, 51, 53, 33, 129, 106, 139, 69, 7, 98, 190, 86, 158, 141, 137, 85, 113, 102, 36, 133, 6, 91, 167, 131, 9, 84, 10, 63, 195, 149, 12, 40, 93, 59, 0], [0, 18, 153, 15, 177, 150, 20, 175, 73, 77, 37, 19, 64, 171, 111, 26, 164, 83, 116, 62, 57, 27, 157, 186, 70, 192, 21, 163, 191, 196, 101, 181, 183, 34, 4, 31, 45, 23, 176, 25, 166, 17, 67, 135, 48, 44, 82, 126, 41, 58, 185, 159, 143, 138, 146, 188, 100, 3, 66, 162, 199, 56, 42, 95, 65, 81, 184, 0], [0, 123, 35, 14, 71, 1, 118, 61, 108, 120, 68, 136, 105, 156, 161, 38, 13, 96, 30, 121, 122, 104, 142, 88, 80, 160, 43, 103, 112, 76, 197, 151, 78, 130, 52, 173, 87, 107, 182, 16, 22, 39, 194, 180, 115, 127, 2, 24, 124, 5, 97, 198, 11, 168, 8, 29, 99, 170, 140, 165, 119, 145, 144, 114, 110, 125, 28, 0]]"
uniform,n200_m3_r06.txt,data\mtsp\generated\n200_m3_r06.txt,200,3,lkh-wrapper-v2,1183.592364587887,0.043459,0.043441,True,"[{""name"": ""lkh-wrapper-v2"", ""objective"": 1183.592364587887, ""time"": 0.043441, ""valid"": true}]","[[0, 28, 125, 110, 114, 165, 119, 150, 77, 73, 175, 20, 145, 144, 34, 183, 181, 4, 31, 45, 23, 176, 141, 137, 85, 113, 102, 36, 135, 67, 17, 166, 25, 133, 6, 91, 167, 131, 189, 179, 32, 54, 49, 132, 46, 50, 129, 106, 139, 158, 86, 190, 98, 7, 69, 33, 53, 51, 48, 44, 82, 60, 35, 9, 84, 10, 63, 195, 149, 15, 153, 18, 59, 40, 12, 93, 174, 0], [0, 43, 103, 112, 76, 199, 162, 66, 56, 81, 184, 187, 94, 169, 178, 42, 92, 193, 79, 109, 90, 3, 100, 172, 78, 130, 52, 173, 87, 107, 182, 16, 22, 39, 194, 180, 115, 127, 2, 24, 124, 5, 97, 198, 11, 65, 95, 140, 168, 8, 29, 99, 170, 154, 152, 37, 19, 64, 171, 111, 26, 164, 83, 116, 62, 57, 27, 186, 70, 192, 157, 21, 163, 191, 101, 196, 177, 0], [0, 160, 80, 88, 197, 151, 142, 104, 122, 121, 30, 96, 13, 128, 47, 75, 147, 134, 146, 188, 89, 72, 148, 155, 117, 55, 74, 138, 143, 159, 185, 58, 41, 126, 38, 161, 156, 105, 136, 68, 120, 108, 61, 118, 1, 71, 14, 123, 0]]"
uniform,n200_m3_r06.txt,data\mtsp\generated\n200_m3_r06.txt,200,3,lkh-wrapper-v3,1186.7449436655315,0.02047,0.020459,True,"[{""name"": ""lkh-wrapper-v3"", ""objective"": 1186.7449436655315, ""time"": 0.020459, ""valid"": true}]","[[0, 103, 28, 125, 110, 114, 165, 119, 150, 77, 73, 175, 20, 145, 144, 183, 181, 34, 4, 31, 45, 23, 176, 141, 137, 85, 113, 158, 86, 190, 98, 7, 69, 139, 106, 33, 53, 51, 46, 48, 44, 82, 60, 179, 189, 32, 54, 132, 50, 129, 49, 102, 36, 135, 67, 17, 166, 25, 133, 6, 91, 167, 131, 9, 84, 10, 63, 195, 149, 15, 153, 18, 59, 40, 12, 93, 174, 0], [0, 43, 160, 112, 76, 199, 162, 66, 56, 42, 92, 193, 79, 109, 90, 3, 100, 172, 78, 130, 52, 173, 87, 107, 182, 16, 22, 39, 194, 180, 115, 127, 2, 24, 124, 5, 97, 198, 11, 65, 95, 178, 169, 187, 81, 184, 94, 140, 168, 8, 29, 99, 170, 154, 152, 37, 19, 64, 171, 111, 26, 164, 83, 116, 62, 57, 27, 157, 186, 70, 192, 21, 163, 191, 101, 196, 177, 0], [0, 123, 35, 14, 71, 1, 118, 61, 108, 120, 68, 136, 105, 156, 161, 38, 126, 41, 58, 185, 159, 143, 138, 74, 55, 117, 155, 148, 72, 89, 188, 146, 134, 147, 75, 47, 128, 13, 96, 30, 121, 122, 104, 142, 151, 197, 88, 80, 0]]"
uniform,n200_m3_r07.txt,data\mtsp\generated\n200_m3_r07.txt,200,3,rand+nn,2340.959862432254,0.0013,0.001291,True,"[{""name"": ""rand+nn"", ""objective"": 2340.959862432254, ""time"": 0.001291, ""valid"": true}]","[[0, 53, 2, 178, 179, 152, 141, 136, 187, 37, 170, 138, 67, 124, 121, 14, 35, 69, 172, 93, 156, 6, 32, 21, 83, 135, 115, 39, 38, 189, 180, 165, 8, 51, 11, 191, 169, 120, 122, 112, 66, 126, 94, 114, 173, 5, 41, 89, 166, 54, 158, 109, 33, 10, 104, 62, 48, 194, 87, 71, 199, 145, 80, 103, 31, 15, 43, 19, 0], [0, 160, 50, 110, 45, 184, 96, 17, 7, 78, 130, 193, 125, 192, 146, 190, 186, 68, 12, 119, 108, 25, 132, 98, 99, 86, 29, 77, 74, 196, 44, 91, 16, 57, 116, 22, 56, 188, 117, 150, 52, 143, 163, 148, 20, 75, 90, 176, 100, 28, 131, 102, 161, 73, 195, 123, 157, 64, 185, 118, 18, 159, 46, 197, 63, 177, 149, 0], [0, 3, 144, 155, 106, 92, 36, 97, 164, 24, 65, 147, 40, 127, 167, 42, 183, 101, 30, 171, 9, 181, 47, 139, 95, 129, 34, 133, 55, 105, 49, 154, 182, 113, 59, 70, 111, 23, 72, 153, 162, 81, 76, 26, 140, 134, 107, 4, 61, 142, 84, 85, 151, 1, 79, 174, 198, 58, 175, 82, 137, 13, 27, 60, 128, 168, 88, 0]]"
uniform,n200_m3_r07.txt,data\mtsp\generated\n200_m3_r07.txt,200,3,2opt+greed,1426.9892992801374,0.001363,0.001355,True,"[{""name"": ""2opt+greed"", ""objective"": 1426.9892992801374, ""time"": 0.001355, ""valid"": true}]","[[0, 144, 189, 45, 115, 38, 75, 90, 121, 124, 67, 151, 180, 110, 2, 165, 8, 51, 88, 23, 11, 191, 72, 153, 162, 81, 76, 116, 26, 134, 57, 126, 114, 94, 182, 173, 5, 196, 41, 55, 89, 133, 46, 159, 61, 199, 118, 142, 71, 49, 29, 54, 158, 33, 109, 86, 98, 80, 10, 25, 108, 139, 119, 194, 95, 87, 84, 53, 0], [0, 3, 184, 155, 106, 27, 20, 152, 148, 1, 79, 141, 174, 163, 198, 143, 52, 37, 170, 138, 64, 175, 58, 136, 187, 157, 123, 82, 195, 137, 14, 35, 13, 176, 100, 28, 60, 69, 131, 172, 93, 127, 102, 167, 156, 40, 147, 65, 24, 39, 73, 164, 97, 7, 83, 78, 193, 130, 30, 171, 186, 68, 12, 85, 135, 17, 96, 0], [0, 160, 178, 50, 179, 128, 117, 150, 169, 188, 120, 168, 122, 56, 22, 112, 140, 16, 66, 107, 4, 91, 113, 177, 59, 63, 70, 111, 185, 197, 145, 44, 154, 74, 77, 166, 105, 18, 34, 149, 129, 48, 104, 47, 62, 132, 99, 103, 9, 181, 190, 101, 125, 192, 21, 146, 6, 42, 32, 183, 31, 15, 43, 19, 161, 36, 92, 0]]"
uniform,n200_m3_r07.txt,data\mtsp\generated\n200_m3_r07.txt,200,3,grasp,1342.146553820368,3.339494,3.339481,True,"[{""name"": ""grasp"", ""objective"": 1342.146553820368, ""time"": 3.339481, ""valid"": true}]","[[0, 87, 84, 8, 51, 23, 11, 191, 72, 76, 81, 116, 112, 26, 16, 91, 4, 94, 114, 107, 66, 126, 57, 134, 140, 162, 153, 22, 56, 122, 168, 120, 188, 169, 150, 88, 37, 170, 138, 64, 52, 143, 198, 163, 58, 136, 187, 175, 157, 123, 82, 137, 93, 127, 161, 43, 19, 31, 15, 102, 40, 39, 36, 92, 115, 106, 155, 45, 0], [0, 53, 160, 2, 178, 128, 165, 185, 111, 70, 63, 59, 177, 197, 199, 145, 61, 159, 46, 133, 89, 55, 41, 196, 5, 173, 113, 182, 44, 154, 74, 77, 105, 166, 49, 29, 54, 158, 33, 109, 80, 98, 103, 132, 30, 130, 193, 78, 83, 7, 135, 85, 12, 68, 186, 47, 48, 119, 139, 194, 129, 149, 34, 18, 118, 71, 142, 0], [0, 95, 25, 10, 86, 99, 108, 104, 62, 171, 9, 181, 190, 101, 125, 192, 21, 32, 183, 146, 6, 42, 167, 156, 147, 65, 24, 164, 73, 97, 27, 176, 60, 69, 131, 172, 28, 100, 35, 13, 14, 195, 121, 124, 90, 75, 38, 189, 151, 20, 67, 148, 1, 79, 141, 174, 152, 117, 179, 50, 110, 180, 144, 184, 96, 17, 3, 0]]"
uniform,n200_m3_r07.txt,data\mtsp\generated\n200_m3_r07.txt,200,3,lkh-wrapper,1327.3701944897907,0.107751,0.107727,True,"[{""name"": ""lkh-wrapper"", ""objective"": 1327.3701944897907, ""time"": 0.107727, ""valid"": true}]","[[0, 84, 87, 95, 194, 119, 139, 108, 25, 10, 80, 99, 86, 109, 33, 158, 54, 29, 49, 71, 142, 118, 145, 61, 159, 46, 133, 89, 55, 41, 196, 5, 173, 113, 94, 114, 126, 57, 134, 140, 112, 76, 81, 162, 153, 72, 23, 191, 11, 8, 51, 165, 179, 152, 67, 124, 121, 90, 75, 27, 38, 106, 155, 180, 144, 110, 50, 160, 0], [0, 3, 96, 184, 45, 189, 151, 20, 148, 1, 79, 141, 174, 163, 198, 143, 52, 37, 170, 138, 64, 58, 136, 187, 175, 157, 123, 82, 195, 137, 14, 35, 13, 176, 100, 28, 60, 69, 131, 172, 93, 127, 102, 167, 156, 40, 147, 65, 24, 39, 36, 73, 164, 97, 7, 83, 78, 193, 130, 30, 171, 186, 68, 12, 85, 135, 17, 0], [0, 115, 92, 161, 43, 15, 19, 31, 42, 6, 183, 32, 146, 21, 192, 125, 101, 190, 181, 9, 103, 98, 132, 62, 47, 104, 48, 129, 149, 34, 18, 199, 185, 111, 70, 197, 63, 59, 177, 105, 166, 77, 74, 154, 44, 182, 91, 4, 107, 66, 16, 26, 116, 22, 56, 122, 168, 120, 188, 169, 88, 150, 117, 128, 178, 2, 53, 0]]"
uniform,n200_m3_r07.txt,data\mtsp\generated\n200_m3_r07.txt,200,3,lkh-wrapper-v1,1327.3701944897907,0.111919,0.1119,True,"[{""name"": ""lkh-wrapper-v1"", ""objective"": 1327.3701944897907, ""time"": 0.1119, ""valid"": true}]","[[0, 84, 87, 95, 194, 119, 139, 108, 25, 10, 80, 99, 86, 109, 33, 158, 54, 29, 49, 71, 142, 118, 145, 61, 159, 46, 133, 89, 55, 41, 196, 5, 173, 113, 94, 114, 126, 57, 134, 140, 112, 76, 81, 162, 153, 72, 23, 191, 11, 8, 51, 165, 179, 152, 67, 124, 121, 90, 75, 27, 38, 106, 155, 180, 144, 110, 50, 160, 0], [0, 3, 96, 184, 45, 189, 151, 20, 148, 1, 79, 141, 174, 163, 198, 143, 52, 37, 170, 138, 64, 58, 136, 187, 175, 157, 123, 82, 195, 137, 14, 35, 13, 176, 100, 28, 60, 69, 131, 172, 93, 127, 102, 167, 156, 40, 147, 65, 24, 39, 36, 73, 164, 97, 7, 83, 78, 193, 130, 30, 171, 186, 68, 12, 85, 135, 17, 0], [0, 115, 92, 161, 43, 15, 19, 31, 42, 6, 183, 32, 146, 21, 192, 125, 101, 190, 181, 9, 103, 98, 132, 62, 47, 104, 48, 129, 149, 34, 18, 199, 185, 111, 70, 197, 63, 59, 177, 105, 166, 77, 74, 154, 44, 182, 91, 4, 107, 66, 16, 26, 116, 22, 56, 122, 168, 120, 188, 169, 88, 150, 117, 128, 178, 2, 53, 0]]"
uniform,n200_m3_r07.txt,data\mtsp\generated\n200_m3_r07.txt,200,3,lkh-wrapper-v2,1196.262382755728,0.043323,0.043302,True,"[{""name"": ""lkh-wrapper-v2"", ""objective"": 1196.262382755728, ""time"": 0.043302, ""valid"": true}]","[[0, 53, 2, 165, 51, 8, 185, 111, 11, 191, 23, 169, 188, 72, 76, 81, 116, 112, 26, 140, 162, 153, 22, 56, 122, 168, 120, 88, 150, 117, 152, 90, 75, 110, 50, 179, 128, 178, 160, 0], [0, 17, 85, 135, 7, 30, 171, 186, 68, 12, 95, 194, 119, 48, 47, 62, 104, 139, 108, 25, 10, 132, 80, 99, 86, 98, 103, 9, 181, 190, 193, 130, 78, 83, 164, 73, 97, 115, 92, 36, 39, 24, 65, 147, 40, 156, 167, 192, 125, 101, 21, 32, 183, 146, 6, 42, 31, 15, 43, 19, 161, 102, 127, 93, 172, 131, 69, 60, 28, 100, 176, 13, 35, 14, 137, 195, 82, 123, 157, 175, 187, 136, 58, 64, 138, 170, 37, 52, 143, 198, 163, 174, 141, 79, 1, 148, 151, 20, 67, 124, 121, 27, 38, 189, 180, 144, 45, 155, 106, 184, 96, 3, 0], [0, 142, 71, 118, 199, 197, 70, 63, 59, 177, 134, 57, 126, 66, 16, 107, 114, 94, 4, 91, 182, 113, 173, 44, 154, 74, 77, 29, 54, 33, 109, 158, 49, 166, 105, 196, 5, 41, 55, 89, 133, 159, 46, 145, 61, 18, 34, 149, 129, 87, 84, 0]]"
uniform,n200_m3_r07.txt,data\mtsp\generated\n200_m3_r07.txt,200,3,lkh-wrapper-v3,1164.5037880433933,0.038014,0.038001,True,"[{""name"": ""lkh-wrapper-v3"", ""objective"": 1164.5037880433933, ""time"": 0.038001, ""valid"": true}]","[[0, 53, 160, 2, 178, 128, 165, 51, 8, 185, 111, 11, 191, 23, 72, 76, 81, 116, 112, 26, 140, 162, 153, 22, 56, 122, 168, 120, 188, 169, 88, 150, 117, 152, 179, 50, 110, 180, 144, 0], [0, 3, 17, 96, 184, 45, 155, 106, 189, 38, 27, 75, 90, 121, 124, 67, 20, 151, 148, 1, 79, 141, 174, 163, 198, 143, 52, 37, 170, 138, 64, 58, 136, 187, 175, 157, 123, 82, 195, 137, 14, 35, 13, 176, 100, 28, 60, 69, 131, 172, 93, 127, 102, 161, 19, 43, 15, 31, 167, 156, 40, 147, 65, 24, 39, 36, 92, 115, 97, 73, 164, 192, 125, 21, 146, 6, 42, 183, 32, 101, 193, 130, 78, 83, 7, 135, 85, 12, 68, 186, 171, 30, 190, 181, 9, 103, 98, 86, 99, 80, 132, 10, 25, 108, 139, 104, 62, 47, 48, 119, 194, 95, 0], [0, 142, 118, 199, 145, 197, 70, 63, 59, 177, 134, 57, 126, 66, 16, 107, 114, 94, 4, 91, 182, 113, 173, 44, 154, 74, 77, 29, 54, 33, 109, 158, 49, 166, 105, 196, 5, 41, 55, 89, 133, 46, 159, 61, 18, 34, 149, 129, 71, 87, 84, 0]]"
uniform,n200_m3_r08.txt,data\mtsp\generated\n200_m3_r08.txt,200,3,rand+nn,2247.9299427041133,0.001058,0.00105,True,"[{""name"": ""rand+nn"", ""objective"": 2247.9299427041133, ""time"": 0.00105, ""valid"": true}]","[[0, 53, 114, 8, 38, 122, 48, 165, 179, 180, 83, 32, 124, 62, 112, 156, 126, 11, 141, 54, 109, 19, 80, 31, 94, 71, 166, 120, 172, 152, 21, 158, 51, 66, 189, 173, 135, 187, 67, 93, 69, 87, 178, 103, 138, 41, 89, 15, 136, 39, 37, 199, 43, 115, 194, 35, 10, 191, 5, 2, 6, 14, 33, 104, 145, 121, 169, 170, 0], [0, 56, 196, 118, 190, 159, 161, 99, 20, 29, 17, 7, 185, 63, 25, 57, 131, 193, 177, 12, 130, 192, 73, 50, 186, 52, 150, 176, 22, 163, 77, 157, 117, 119, 16, 74, 44, 28, 116, 110, 132, 45, 91, 64, 75, 143, 90, 78, 46, 148, 100, 184, 149, 197, 102, 18, 98, 188, 160, 123, 125, 96, 195, 146, 86, 68, 108, 0], [0, 171, 111, 40, 36, 181, 147, 4, 70, 155, 60, 106, 92, 113, 101, 142, 88, 61, 144, 47, 49, 72, 23, 140, 42, 129, 79, 1, 9, 133, 3, 27, 168, 59, 84, 167, 13, 76, 175, 174, 127, 137, 95, 26, 128, 65, 139, 154, 153, 81, 134, 97, 34, 164, 30, 85, 24, 183, 162, 198, 55, 107, 151, 182, 58, 82, 105, 0]]"
uniform,n200_m3_r08.txt,data\mtsp\generated\n200_m3_r08.txt,200,3,2opt+greed,1334.050608775697,0.001339,0.001331,True,"[{""name"": ""2opt+greed"", ""objective"": 1334.050608775697, ""time"": 0.001331, ""valid"": true}]","[[0, 53, 111, 28, 4, 11, 70, 147, 9, 48, 133, 122, 184, 149, 170, 102, 27, 169, 146, 86, 3, 100, 83, 148, 180, 129, 42, 46, 124, 72, 62, 75, 54, 68, 39, 190, 89, 185, 41, 107, 25, 187, 55, 67, 93, 151, 69, 57, 131, 191, 193, 177, 82, 73, 192, 10, 130, 12, 58, 182, 87, 178, 63, 138, 103, 139, 37, 56, 0], [0, 171, 196, 118, 154, 15, 153, 7, 17, 173, 135, 198, 66, 189, 162, 20, 29, 158, 183, 21, 51, 24, 152, 85, 30, 172, 164, 97, 134, 99, 136, 81, 105, 159, 34, 161, 120, 80, 101, 19, 108, 113, 109, 92, 106, 110, 60, 141, 45, 166, 61, 132, 94, 31, 142, 88, 71, 144, 47, 112, 49, 91, 64, 156, 126, 116, 155, 0], [0, 114, 40, 44, 36, 181, 23, 143, 90, 78, 140, 32, 79, 179, 1, 165, 197, 175, 195, 18, 168, 98, 188, 59, 160, 84, 167, 13, 123, 125, 145, 104, 96, 121, 76, 163, 6, 14, 33, 117, 157, 26, 95, 128, 77, 2, 127, 5, 119, 16, 115, 194, 137, 35, 50, 65, 52, 199, 186, 43, 150, 174, 176, 22, 38, 8, 74, 0]]"
uniform,n200_m3_r08.txt,data\mtsp\generated\n200_m3_r08.txt,200,3,grasp,1328.4745999967236,3.471948,3.471935,True,"[{""name"": ""grasp"", ""objective"": 1328.4745999967236, ""time"": 3.471935, ""valid"": true}]","[[0, 114, 40, 44, 181, 36, 28, 11, 70, 165, 79, 180, 148, 83, 100, 48, 9, 133, 184, 149, 197, 102, 170, 3, 86, 146, 169, 27, 59, 160, 84, 167, 13, 123, 125, 145, 104, 96, 188, 98, 168, 18, 195, 121, 76, 163, 6, 14, 33, 117, 26, 157, 128, 77, 2, 5, 95, 119, 16, 194, 137, 35, 115, 127, 176, 174, 22, 74, 0], [0, 111, 68, 54, 60, 141, 126, 156, 1, 179, 129, 32, 42, 46, 124, 140, 78, 90, 143, 72, 62, 23, 112, 47, 49, 64, 91, 45, 110, 106, 92, 109, 113, 108, 39, 190, 63, 67, 93, 151, 69, 57, 178, 87, 182, 131, 191, 193, 177, 58, 82, 12, 130, 73, 192, 10, 65, 50, 186, 43, 150, 199, 52, 37, 118, 56, 171, 0], [0, 53, 196, 154, 15, 89, 139, 103, 138, 185, 41, 107, 25, 55, 187, 17, 173, 135, 198, 66, 189, 162, 99, 81, 136, 7, 153, 105, 159, 34, 97, 134, 20, 29, 51, 21, 158, 183, 152, 85, 30, 172, 24, 164, 161, 120, 80, 142, 88, 71, 144, 75, 166, 61, 132, 94, 31, 101, 19, 116, 155, 4, 147, 122, 175, 38, 8, 0]]"
uniform,n200_m3_r08.txt,data\mtsp\generated\n200_m3_r08.txt,200,3,lkh-wrapper,1260.1033308027627,0.098686,0.098664,True,"[{""name"": ""lkh-wrapper"", ""objective"": 1260.1033308027627, ""time"": 0.098664, ""valid"": true}]","[[0, 56, 37, 139, 103, 178, 87, 69, 57, 182, 130, 10, 192, 73, 12, 82, 177, 193, 58, 191, 131, 151, 93, 67, 55, 187, 25, 107, 41, 185, 63, 138, 89, 154, 39, 68, 54, 112, 23, 62, 72, 124, 129, 79, 180, 148, 83, 100, 184, 149, 170, 3, 86, 146, 169, 27, 102, 122, 133, 48, 9, 147, 70, 11, 4, 28, 111, 53, 0], [0, 171, 196, 118, 15, 153, 136, 7, 17, 173, 135, 198, 66, 189, 162, 20, 29, 51, 24, 21, 158, 183, 152, 85, 30, 172, 88, 142, 94, 132, 61, 71, 144, 75, 47, 166, 45, 91, 49, 64, 156, 126, 155, 116, 141, 60, 110, 106, 92, 109, 113, 108, 19, 101, 31, 80, 120, 161, 164, 34, 97, 134, 99, 81, 105, 159, 190, 0], [0, 114, 40, 44, 36, 181, 1, 179, 46, 143, 90, 78, 140, 42, 32, 165, 197, 175, 18, 195, 76, 121, 96, 188, 98, 168, 59, 160, 84, 167, 13, 123, 125, 145, 104, 33, 117, 14, 6, 163, 127, 2, 77, 128, 157, 26, 95, 5, 119, 16, 115, 194, 137, 35, 50, 65, 52, 199, 186, 43, 150, 174, 176, 22, 38, 8, 74, 0]]"
uniform,n200_m3_r08.txt,data\mtsp\generated\n200_m3_r08.txt,200,3,lkh-wrapper-v1,1260.1033308027627,0.097571,0.097549,True,"[{""name"": ""lkh-wrapper-v1"", ""objective"": 1260.1033308027627, ""time"": 0.097549, ""valid"": true}]","[[0, 56, 37, 139, 103, 178, 87, 69, 57, 182, 130, 10, 192, 73, 12, 82, 177, 193, 58, 191, 131, 151, 93, 67, 55, 187, 25, 107, 41, 185, 63, 138, 89, 154, 39, 68, 54, 112, 23, 62, 72, 124, 129, 79, 180, 148, 83, 100, 184, 149, 170, 3, 86, 146, 169, 27, 102, 122, 133, 48, 9, 147, 70, 11, 4, 28, 111, 53, 0], [0, 171, 196, 118, 15, 153, 136, 7, 17, 173, 135, 198, 66, 189, 162, 20, 29, 51, 24, 21, 158, 183, 152, 85, 30, 172, 88, 142, 94, 132, 61, 71, 144, 75, 47, 166, 45, 91, 49, 64, 156, 126, 155, 116, 141, 60, 110, 106, 92, 109, 113, 108, 19, 101, 31, 80, 120, 161, 164, 34, 97, 134, 99, 81, 105, 159, 190, 0], [0, 114, 40, 44, 36, 181, 1, 179, 46, 143, 90, 78, 140, 42, 32, 165, 197, 175, 18, 195, 76, 121, 96, 188, 98, 168, 59, 160, 84, 167, 13, 123, 125, 145, 104, 33, 117, 14, 6, 163, 127, 2, 77, 128, 157, 26, 95, 5, 119, 16, 115, 194, 137, 35, 50, 65, 52, 199, 186, 43, 150, 174, 176, 22, 38, 8, 74, 0]]"
uniform,n200_m3_r08.txt,data\mtsp\generated\n200_m3_r08.txt,200,3,lkh-wrapper-v2,1282.5749489582986,0.061815,0.061796,True,"[{""name"": ""lkh-wrapper-v2"", ""objective"": 1282.5749489582986, ""time"": 0.061796, ""valid"": true}]","[[0, 103, 182, 131, 191, 58, 193, 177, 82, 73, 12, 130, 192, 10, 35, 137, 194, 115, 16, 119, 5, 95, 26, 157, 128, 77, 2, 6, 14, 96, 104, 145, 125, 123, 13, 167, 84, 160, 59, 168, 98, 188, 121, 76, 195, 18, 27, 169, 146, 86, 3, 170, 102, 197, 149, 184, 100, 48, 133, 9, 147, 4, 70, 11, 155, 54, 68, 113, 109, 92, 106, 110, 60, 141, 116, 126, 156, 64, 49, 91, 45, 166, 61, 132, 94, 88, 142, 31, 80, 101, 19, 159, 105, 190, 39, 111, 53, 0], [0, 114, 40, 44, 36, 181, 8, 74, 38, 22, 174, 176, 163, 33, 117, 127, 186, 50, 65, 52, 199, 43, 150, 0], [0, 28, 175, 122, 165, 1, 179, 83, 148, 180, 79, 129, 32, 42, 46, 124, 140, 78, 90, 143, 72, 62, 23, 112, 47, 75, 144, 71, 108, 154, 89, 15, 153, 7, 136, 81, 99, 134, 97, 34, 164, 161, 120, 172, 30, 85, 152, 24, 183, 158, 21, 51, 29, 20, 162, 189, 66, 198, 135, 173, 17, 107, 25, 187, 55, 67, 93, 151, 69, 57, 87, 178, 63, 41, 185, 138, 139, 37, 118, 56, 196, 171, 0]]"
uniform,n200_m3_r08.txt,data\mtsp\generated\n200_m3_r08.txt,200,3,lkh-wrapper-v3,1217.5983509550965,0.023547,0.023533,True,"[{""name"": ""lkh-wrapper-v3"", ""objective"": 1217.5983509550965, ""time"": 0.023533, ""valid"": true}]","[[0, 53, 111, 39, 190, 105, 159, 19, 108, 101, 31, 142, 88, 94, 132, 61, 166, 45, 91, 49, 64, 156, 126, 116, 141, 60, 110, 106, 92, 109, 113, 68, 54, 155, 11, 70, 4, 147, 9, 48, 133, 122, 184, 149, 170, 3, 86, 146, 169, 27, 18, 98, 188, 168, 59, 160, 84, 167, 13, 123, 125, 145, 104, 96, 121, 76, 195, 102, 197, 175, 0], [0, 74, 8, 38, 22, 176, 174, 150, 43, 186, 50, 65, 52, 199, 37, 154, 15, 153, 136, 7, 17, 173, 135, 198, 66, 189, 162, 20, 29, 51, 21, 158, 183, 24, 152, 85, 30, 172, 164, 97, 134, 99, 81, 34, 161, 120, 80, 71, 144, 75, 47, 112, 23, 62, 143, 72, 124, 46, 90, 78, 140, 42, 32, 129, 79, 180, 148, 83, 100, 165, 179, 1, 28, 36, 181, 44, 40, 114, 0], [0, 171, 196, 56, 118, 89, 139, 103, 138, 63, 185, 41, 107, 25, 187, 55, 67, 93, 151, 131, 191, 58, 193, 177, 82, 12, 130, 73, 192, 10, 182, 57, 69, 178, 87, 35, 137, 194, 115, 16, 127, 2, 77, 5, 119, 95, 26, 157, 128, 117, 33, 14, 6, 163, 0]]"
uniform,n200_m3_r09.txt,data\mtsp\generated\n200_m3_r09.txt,200,3,rand+nn,2275.9814358678937,0.000981,0.000972,True,"[{""name"": ""rand+nn"", ""objective"": 2275.9814358678937, ""time"": 0.000972, ""valid"": true}]","[[0, 141, 121, 5, 39, 21, 11, 152, 122, 194, 53, 158, 15, 8, 172, 126, 2, 136, 156, 138, 31, 145, 35, 19, 41, 104, 94, 14, 43, 179, 191, 54, 38, 120, 165, 178, 124, 66, 187, 80, 71, 112, 69, 199, 109, 115, 189, 83, 51, 37, 89, 173, 67, 48, 135, 87, 169, 62, 6, 166, 32, 33, 114, 170, 103, 93, 10, 180, 0], [0, 119, 50, 108, 186, 74, 102, 45, 25, 116, 96, 73, 78, 176, 146, 44, 123, 98, 195, 197, 163, 185, 91, 118, 16, 99, 188, 192, 117, 110, 7, 149, 177, 193, 64, 68, 52, 160, 18, 22, 77, 57, 161, 125, 100, 159, 196, 12, 90, 143, 63, 56, 28, 132, 75, 130, 148, 131, 150, 20, 46, 157, 17, 29, 86, 190, 184, 0], [0, 162, 175, 151, 42, 4, 47, 140, 95, 139, 198, 144, 153, 55, 81, 40, 27, 9, 13, 49, 97, 34, 133, 59, 183, 129, 168, 85, 61, 3, 167, 101, 111, 76, 171, 154, 174, 1, 88, 137, 24, 182, 60, 72, 164, 127, 84, 82, 142, 36, 181, 134, 155, 128, 23, 147, 58, 70, 113, 26, 92, 79, 107, 106, 65, 105, 30, 0]]"
uniform,n200_m3_r09.txt,data\mtsp\generated\n200_m3_r09.txt,200,3,2opt+greed,1343.3053895036082,0.001625,0.001616,True,"[{""name"": ""2opt+greed"", ""objective"": 1343.3053895036082, ""time"": 0.001616, ""valid"": true}]","[[0, 141, 121, 129, 182, 3, 6, 24, 62, 169, 87, 117, 192, 188, 135, 60, 110, 37, 89, 173, 7, 72, 67, 149, 181, 90, 36, 143, 142, 82, 64, 193, 84, 48, 177, 164, 127, 12, 115, 189, 83, 51, 196, 159, 122, 194, 100, 109, 68, 52, 160, 97, 18, 22, 77, 57, 158, 161, 53, 59, 133, 125, 152, 183, 11, 21, 39, 5, 0], [0, 162, 156, 126, 95, 139, 150, 131, 187, 69, 112, 81, 55, 71, 153, 20, 144, 198, 80, 147, 23, 46, 157, 165, 17, 128, 178, 74, 42, 186, 108, 31, 138, 145, 19, 41, 107, 73, 54, 78, 191, 176, 43, 14, 123, 98, 10, 93, 195, 30, 197, 171, 76, 111, 163, 154, 174, 1, 88, 99, 137, 16, 118, 61, 185, 166, 91, 0], [0, 175, 151, 119, 50, 2, 136, 34, 15, 8, 172, 49, 13, 28, 56, 63, 199, 75, 132, 40, 27, 9, 130, 148, 66, 140, 47, 4, 124, 58, 70, 113, 120, 79, 38, 26, 29, 180, 92, 86, 179, 146, 44, 94, 105, 104, 96, 106, 65, 155, 134, 35, 102, 45, 25, 116, 170, 190, 168, 114, 103, 184, 101, 167, 85, 32, 33, 0]]"
uniform,n200_m3_r09.txt,data\mtsp\generated\n200_m3_r09.txt,200,3,grasp,1322.2294941575117,3.548047,3.548034,True,"[{""name"": ""grasp"", ""objective"": 1322.2294941575117, ""time"": 3.548034, ""valid"": true}]","[[0, 156, 151, 138, 108, 50, 2, 136, 34, 15, 161, 125, 152, 183, 159, 196, 37, 89, 62, 137, 99, 88, 174, 1, 24, 6, 154, 163, 111, 76, 171, 197, 30, 195, 93, 10, 98, 14, 123, 105, 94, 104, 96, 116, 25, 170, 190, 168, 114, 103, 184, 101, 166, 167, 185, 3, 16, 118, 61, 91, 85, 32, 33, 129, 121, 5, 21, 11, 0], [0, 39, 182, 188, 169, 192, 87, 117, 135, 60, 51, 189, 115, 12, 127, 164, 72, 83, 110, 7, 173, 149, 67, 177, 48, 181, 90, 36, 143, 142, 82, 84, 193, 64, 109, 68, 52, 160, 97, 63, 199, 75, 40, 27, 9, 132, 56, 28, 13, 49, 77, 22, 18, 53, 59, 100, 194, 122, 133, 158, 57, 172, 8, 126, 119, 175, 162, 0], [0, 31, 186, 42, 4, 47, 140, 66, 130, 148, 69, 112, 81, 55, 71, 153, 20, 80, 198, 144, 187, 131, 150, 95, 139, 124, 157, 46, 23, 147, 58, 17, 165, 128, 178, 74, 134, 155, 79, 120, 70, 113, 38, 26, 29, 180, 92, 86, 179, 43, 44, 146, 176, 191, 78, 54, 73, 107, 106, 41, 65, 19, 45, 102, 35, 145, 141, 0]]"
uniform,n200_m3_r09.txt,data\mtsp\generated\n200_m3_r09.txt,200,3,lkh-wrapper,1299.0249492096743,0.066338,0.066312,True,"[{""name"": ""lkh-wrapper"", ""objective"": 1299.0249492096743, ""time"": 0.066312, ""valid"": true}]","[[0, 141, 121, 129, 5, 21, 39, 182, 3, 6, 24, 62, 169, 87, 117, 192, 188, 135, 60, 51, 83, 110, 37, 89, 173, 149, 67, 7, 72, 189, 115, 12, 127, 164, 177, 48, 84, 193, 181, 90, 36, 143, 142, 82, 64, 109, 68, 52, 160, 97, 18, 22, 77, 57, 158, 161, 53, 59, 100, 194, 122, 133, 125, 152, 183, 159, 196, 11, 0], [0, 162, 175, 50, 126, 69, 112, 81, 55, 71, 153, 20, 144, 187, 131, 150, 95, 139, 198, 80, 147, 23, 46, 157, 165, 17, 128, 178, 74, 42, 186, 108, 31, 145, 65, 41, 107, 73, 54, 78, 191, 176, 43, 14, 123, 98, 10, 93, 195, 30, 197, 171, 76, 111, 163, 154, 174, 1, 88, 99, 137, 16, 118, 61, 167, 91, 32, 0], [0, 156, 151, 138, 119, 2, 136, 34, 15, 8, 172, 49, 13, 28, 56, 63, 199, 75, 132, 40, 27, 9, 130, 148, 66, 140, 47, 4, 124, 58, 70, 113, 120, 79, 38, 26, 29, 180, 92, 86, 179, 146, 44, 94, 105, 104, 96, 106, 19, 155, 134, 35, 102, 45, 25, 116, 170, 190, 168, 114, 103, 184, 101, 166, 185, 85, 33, 0]]"
uniform,n200_m3_r09.txt,data\mtsp\generated\n200_m3_r09.txt,200,3,lkh-wrapper-v1,1299.0249492096743,0.063546,0.063526,True,"[{""name"": ""lkh-wrapper-v1"", ""objective"": 1299.0249492096743, ""time"": 0.063526, ""valid"": true}]","[[0, 141, 121, 129, 5, 21, 39, 182, 3, 6, 24, 62, 169, 87, 117, 192, 188, 135, 60, 51, 83, 110, 37, 89, 173, 149, 67, 7, 72, 189, 115, 12, 127, 164, 177, 48, 84, 193, 181, 90, 36, 143, 142, 82, 64, 109, 68, 52, 160, 97, 18, 22, 77, 57, 158, 161, 53, 59, 100, 194, 122, 133, 125, 152, 183, 159, 196, 11, 0], [0, 162, 175, 50, 126, 69, 112, 81, 55, 71, 153, 20, 144, 187, 131, 150, 95, 139, 198, 80, 147, 23, 46, 157, 165, 17, 128, 178, 74, 42, 186, 108, 31, 145, 65, 41, 107, 73, 54, 78, 191, 176, 43, 14, 123, 98, 10, 93, 195, 30, 197, 171, 76, 111, 163, 154, 174, 1, 88, 99, 137, 16, 118, 61, 167, 91, 32, 0], [0, 156, 151, 138, 119, 2, 136, 34, 15, 8, 172, 49, 13, 28, 56, 63, 199, 75, 132, 40, 27, 9, 130, 148, 66, 140, 47, 4, 124, 58, 70, 113, 120, 79, 38, 26, 29, 180, 92, 86, 179, 146, 44, 94, 105, 104, 96, 106, 19, 155, 134, 35, 102, 45, 25, 116, 170, 190, 168, 114, 103, 184, 101, 166, 185, 85, 33, 0]]"
uniform,n200_m3_r09.txt,data\mtsp\generated\n200_m3_r09.txt,200,3,lkh-wrapper-v2,1286.2523569388422,0.049338,0.049321,True,"[{""name"": ""lkh-wrapper-v2"", ""objective"": 1286.2523569388422, ""time"": 0.049321, ""valid"": true}]","[[0, 162, 175, 156, 151, 138, 119, 50, 2, 136, 57, 77, 22, 18, 109, 68, 52, 82, 64, 193, 84, 48, 177, 67, 164, 127, 12, 115, 189, 194, 100, 122, 159, 196, 39, 33, 32, 85, 91, 167, 101, 166, 185, 3, 61, 118, 16, 137, 99, 88, 1, 174, 154, 163, 111, 76, 171, 197, 30, 195, 93, 10, 0], [0, 5, 21, 11, 183, 152, 125, 133, 59, 53, 161, 158, 34, 15, 8, 126, 66, 130, 148, 187, 131, 150, 139, 95, 140, 47, 124, 4, 42, 186, 108, 31, 145, 35, 45, 102, 155, 134, 74, 178, 128, 17, 165, 157, 46, 23, 147, 80, 198, 144, 20, 153, 71, 55, 81, 112, 69, 40, 27, 9, 132, 75, 199, 63, 56, 28, 172, 49, 13, 97, 160, 142, 143, 36, 90, 181, 149, 7, 173, 89, 37, 110, 72, 83, 51, 60, 135, 188, 192, 117, 87, 169, 62, 24, 6, 182, 129, 121, 141, 0], [0, 168, 190, 114, 184, 103, 170, 25, 116, 96, 104, 94, 105, 123, 14, 98, 43, 44, 176, 146, 179, 86, 92, 180, 113, 70, 58, 79, 120, 38, 29, 26, 191, 78, 54, 73, 107, 106, 41, 65, 19, 0]]"
uniform,n200_m3_r09.txt,data\mtsp\generated\n200_m3_r09.txt,200,3,lkh-wrapper-v3,1279.8099299316284,0.023065,0.023052,True,"[{""name"": ""lkh-wrapper-v3"", ""objective"": 1279.8099299316284, ""time"": 0.023052, ""valid"": true}]","[[0, 162, 175, 156, 151, 138, 119, 50, 2, 136, 57, 77, 22, 18, 109, 68, 52, 82, 64, 193, 84, 48, 177, 149, 173, 89, 37, 72, 189, 115, 12, 164, 127, 194, 100, 122, 159, 196, 182, 118, 61, 16, 137, 99, 88, 1, 174, 3, 185, 166, 111, 76, 163, 154, 171, 30, 10, 93, 195, 197, 101, 167, 91, 85, 32, 33, 129, 0], [0, 11, 183, 152, 125, 133, 59, 53, 161, 158, 34, 15, 8, 172, 49, 13, 28, 56, 132, 40, 9, 27, 148, 130, 126, 66, 140, 47, 124, 4, 42, 186, 108, 31, 145, 35, 45, 102, 155, 134, 74, 178, 128, 17, 165, 157, 46, 23, 147, 80, 198, 139, 95, 150, 131, 187, 144, 20, 153, 71, 55, 81, 112, 69, 75, 199, 63, 97, 160, 142, 143, 36, 90, 181, 67, 7, 110, 83, 51, 60, 135, 117, 87, 192, 169, 6, 24, 62, 188, 39, 21, 5, 121, 141, 0], [0, 190, 170, 25, 41, 65, 19, 107, 79, 120, 58, 70, 113, 38, 26, 29, 180, 92, 86, 179, 146, 44, 43, 98, 14, 123, 105, 94, 176, 191, 78, 54, 73, 104, 96, 106, 116, 103, 184, 114, 168, 0]]"
uniform,n200_m3_r10.txt,data\mtsp\generated\n200_m3_r10.txt,200,3,rand+nn,2470.165593634262,0.000944,0.000936,True,"[{""name"": ""rand+nn"", ""objective"": 2470.165593634262, ""time"": 0.000936, ""valid"": true}]","[[0, 120, 122, 166, 170, 15, 39, 109, 114, 35, 33, 32, 141, 8, 194, 31, 126, 136, 191, 173, 43, 112, 14, 67, 135, 165, 83, 5, 89, 145, 94, 93, 41, 124, 80, 179, 158, 6, 53, 187, 172, 69, 189, 2, 152, 38, 104, 37, 199, 121, 66, 71, 11, 62, 138, 180, 21, 54, 51, 48, 19, 87, 103, 115, 169, 178, 10, 156, 0], [0, 20, 119, 74, 52, 64, 186, 143, 146, 29, 102, 45, 46, 73, 77, 195, 100, 196, 149, 56, 125, 50, 177, 190, 150, 7, 68, 99, 75, 12, 148, 193, 98, 161, 28, 184, 91, 188, 176, 86, 163, 132, 116, 159, 57, 130, 25, 118, 90, 16, 18, 17, 96, 22, 160, 117, 157, 197, 78, 44, 192, 131, 108, 63, 110, 123, 185, 0], [0, 171, 40, 23, 60, 181, 61, 168, 49, 42, 105, 30, 134, 70, 3, 155, 88, 133, 55, 106, 113, 174, 9, 65, 76, 164, 95, 127, 167, 162, 111, 13, 24, 107, 198, 81, 82, 129, 79, 154, 85, 92, 128, 183, 139, 59, 101, 26, 137, 34, 72, 36, 58, 151, 4, 153, 147, 144, 84, 182, 27, 140, 142, 1, 97, 175, 47, 0]]"
uniform,n200_m3_r10.txt,data\mtsp\generated\n200_m3_r10.txt,200,3,2opt+greed,1402.75852378341,0.00202,0.00201,True,"[{""name"": ""2opt+greed"", ""objective"": 1402.75852378341, ""time"": 0.00201, ""valid"": true}]","[[0, 20, 24, 69, 111, 189, 18, 152, 2, 160, 162, 17, 38, 72, 36, 58, 123, 19, 183, 77, 87, 196, 103, 100, 195, 125, 56, 149, 50, 115, 101, 59, 139, 26, 169, 10, 178, 137, 34, 104, 96, 22, 37, 167, 127, 164, 95, 4, 138, 62, 174, 121, 9, 199, 76, 66, 197, 157, 117, 151, 180, 16, 90, 118, 21, 25, 172, 13, 0], [0, 120, 74, 122, 166, 170, 153, 43, 144, 156, 142, 182, 84, 27, 140, 146, 112, 14, 143, 135, 165, 83, 99, 47, 89, 28, 145, 161, 98, 94, 193, 148, 12, 75, 5, 168, 53, 186, 6, 61, 158, 64, 52, 40, 159, 23, 116, 30, 134, 48, 70, 3, 155, 51, 192, 55, 131, 11, 71, 106, 78, 57, 130, 187, 63, 110, 171, 0], [0, 119, 107, 15, 81, 39, 198, 73, 109, 114, 46, 82, 67, 147, 29, 102, 129, 154, 45, 35, 33, 128, 32, 92, 177, 141, 8, 190, 85, 194, 31, 150, 126, 7, 136, 79, 191, 68, 173, 175, 97, 1, 49, 179, 181, 60, 132, 163, 86, 176, 188, 93, 42, 184, 91, 80, 124, 41, 105, 185, 88, 133, 44, 113, 65, 54, 108, 0]]"
uniform,n200_m3_r10.txt,data\mtsp\generated\n200_m3_r10.txt,200,3,grasp,1334.3743399607124,3.512729,3.512715,True,"[{""name"": ""grasp"", ""objective"": 1334.3743399607124, ""time"": 3.512715, ""valid"": true}]","[[0, 20, 25, 172, 13, 24, 69, 123, 58, 18, 189, 111, 16, 90, 118, 21, 88, 134, 48, 155, 192, 113, 66, 174, 121, 65, 76, 164, 95, 127, 160, 167, 37, 22, 104, 96, 162, 2, 152, 17, 38, 72, 36, 19, 183, 77, 125, 101, 59, 139, 34, 137, 178, 169, 26, 10, 115, 50, 56, 149, 195, 100, 103, 196, 87, 35, 73, 107, 0], [0, 63, 187, 130, 57, 159, 40, 23, 116, 133, 44, 78, 106, 62, 197, 157, 54, 108, 117, 151, 180, 4, 138, 199, 9, 11, 71, 131, 55, 51, 3, 70, 30, 60, 179, 181, 132, 163, 86, 176, 185, 105, 124, 80, 91, 41, 42, 188, 93, 94, 184, 98, 161, 145, 193, 148, 12, 49, 53, 6, 61, 158, 52, 166, 122, 74, 120, 0], [0, 119, 15, 198, 81, 39, 109, 114, 46, 82, 67, 147, 29, 102, 129, 79, 45, 154, 194, 85, 141, 128, 33, 32, 92, 177, 8, 190, 31, 150, 126, 7, 136, 191, 68, 173, 175, 97, 1, 156, 142, 182, 140, 27, 84, 144, 43, 146, 153, 112, 14, 170, 135, 143, 165, 83, 99, 47, 89, 28, 75, 5, 168, 186, 64, 110, 171, 0]]"
uniform,n200_m3_r10.txt,data\mtsp\generated\n200_m3_r10.txt,200,3,lkh-wrapper,1265.9852200995756,0.076861,0.076839,True,"[{""name"": ""lkh-wrapper"", ""objective"": 1265.9852200995756, ""time"": 0.076839, ""valid"": true}]","[[0, 20, 13, 24, 69, 123, 58, 19, 183, 77, 87, 196, 103, 100, 195, 125, 56, 149, 50, 115, 101, 59, 139, 26, 169, 10, 178, 137, 34, 38, 72, 36, 18, 189, 111, 16, 2, 162, 152, 17, 96, 104, 22, 37, 167, 160, 127, 95, 164, 199, 9, 65, 76, 11, 66, 121, 174, 62, 138, 4, 117, 151, 180, 90, 118, 21, 25, 172, 0], [0, 120, 74, 122, 166, 170, 14, 112, 153, 146, 43, 144, 156, 142, 182, 84, 27, 140, 143, 135, 165, 83, 99, 47, 89, 28, 145, 161, 98, 94, 193, 148, 12, 75, 5, 168, 53, 186, 6, 61, 158, 64, 52, 171, 110, 63, 187, 40, 159, 23, 116, 30, 134, 48, 70, 3, 155, 51, 192, 55, 131, 71, 113, 106, 78, 57, 130, 0], [0, 119, 107, 198, 73, 35, 33, 128, 32, 92, 177, 141, 45, 154, 85, 8, 190, 194, 31, 150, 126, 7, 191, 68, 97, 1, 175, 173, 79, 136, 129, 102, 29, 147, 67, 82, 46, 114, 109, 39, 81, 15, 49, 184, 91, 80, 124, 185, 105, 41, 42, 93, 188, 176, 86, 163, 132, 181, 179, 60, 88, 133, 44, 197, 157, 54, 108, 0]]"
uniform,n200_m3_r10.txt,data\mtsp\generated\n200_m3_r10.txt,200,3,lkh-wrapper-v1,1265.9852200995756,0.080016,0.079995,True,"[{""name"": ""lkh-wrapper-v1"", ""objective"": 1265.9852200995756, ""time"": 0.079995, ""valid"": true}]","[[0, 20, 13, 24, 69, 123, 58, 19, 183, 77, 87, 196, 103, 100, 195, 125, 56, 149, 50, 115, 101, 59, 139, 26, 169, 10, 178, 137, 34, 38, 72, 36, 18, 189, 111, 16, 2, 162, 152, 17, 96, 104, 22, 37, 167, 160, 127, 95, 164, 199, 9, 65, 76, 11, 66, 121, 174, 62, 138, 4, 117, 151, 180, 90, 118, 21, 25, 172, 0], [0, 120, 74, 122, 166, 170, 14, 112, 153, 146, 43, 144, 156, 142, 182, 84, 27, 140, 143, 135, 165, 83, 99, 47, 89, 28, 145, 161, 98, 94, 193, 148, 12, 75, 5, 168, 53, 186, 6, 61, 158, 64, 52, 171, 110, 63, 187, 40, 159, 23, 116, 30, 134, 48, 70, 3, 155, 51, 192, 55, 131, 71, 113, 106, 78, 57, 130, 0], [0, 119, 107, 198, 73, 35, 33, 128, 32, 92, 177, 141, 45, 154, 85, 8, 190, 194, 31, 150, 126, 7, 191, 68, 97, 1, 175, 173, 79, 136, 129, 102, 29, 147, 67, 82, 46, 114, 109, 39, 81, 15, 49, 184, 91, 80, 124, 185, 105, 41, 42, 93, 188, 176, 86, 163, 132, 181, 179, 60, 88, 133, 44, 197, 157, 54, 108, 0]]"
uniform,n200_m3_r10.txt,data\mtsp\generated\n200_m3_r10.txt,200,3,lkh-wrapper-v2,1189.4570354770728,0.050501,0.05048,True,"[{""name"": ""lkh-wrapper-v2"", ""objective"": 1189.4570354770728, ""time"": 0.05048, ""valid"": true}]","[[0, 120, 74, 122, 166, 170, 52, 64, 158, 61, 6, 186, 53, 168, 49, 12, 148, 193, 94, 98, 161, 145, 28, 75, 5, 89, 47, 99, 83, 165, 135, 143, 14, 112, 153, 146, 43, 144, 84, 27, 140, 182, 142, 156, 1, 97, 175, 173, 68, 191, 79, 136, 7, 126, 150, 31, 194, 85, 190, 8, 177, 92, 32, 128, 33, 35, 141, 154, 45, 129, 102, 29, 147, 67, 82, 46, 114, 109, 39, 81, 15, 198, 73, 87, 196, 103, 100, 195, 149, 56, 125, 77, 183, 19, 139, 59, 101, 115, 50, 10, 26, 169, 178, 137, 34, 104, 22, 37, 96, 17, 38, 72, 36, 58, 123, 69, 107, 119, 0], [0, 20, 24, 13, 180, 90, 16, 111, 189, 18, 152, 2, 162, 160, 167, 127, 95, 164, 199, 9, 65, 76, 11, 131, 55, 192, 51, 3, 70, 155, 88, 133, 44, 78, 106, 71, 113, 66, 121, 174, 62, 197, 157, 138, 4, 117, 151, 118, 21, 25, 172, 0], [0, 171, 110, 63, 187, 40, 159, 23, 116, 60, 179, 181, 132, 163, 188, 93, 42, 184, 91, 80, 124, 41, 105, 185, 176, 86, 30, 134, 48, 54, 108, 57, 130, 0]]"
uniform,n200_m3_r10.txt,data\mtsp\generated\n200_m3_r10.txt,200,3,lkh-wrapper-v3,1185.5083696021936,0.017824,0.017809,True,"[{""name"": ""lkh-wrapper-v3"", ""objective"": 1185.5083696021936, ""time"": 0.017809, ""valid"": true}]","[[0, 119, 69, 123, 58, 36, 72, 38, 17, 37, 22, 96, 104, 34, 137, 178, 10, 169, 26, 101, 115, 50, 149, 56, 125, 59, 139, 19, 183, 77, 87, 195, 100, 103, 196, 92, 177, 8, 190, 31, 194, 85, 154, 45, 141, 32, 128, 33, 35, 73, 198, 107, 15, 81, 39, 109, 114, 46, 82, 67, 147, 29, 102, 129, 79, 136, 7, 126, 150, 68, 191, 173, 175, 97, 1, 156, 142, 182, 140, 27, 84, 144, 43, 146, 153, 112, 14, 143, 135, 165, 83, 99, 47, 89, 5, 75, 28, 145, 161, 98, 94, 193, 148, 12, 49, 168, 53, 186, 6, 61, 158, 64, 52, 170, 166, 122, 74, 120, 0], [0, 20, 24, 13, 180, 90, 16, 111, 189, 18, 152, 2, 162, 160, 167, 127, 95, 164, 199, 9, 65, 76, 11, 71, 131, 55, 192, 51, 3, 70, 155, 88, 133, 44, 78, 106, 113, 66, 121, 174, 62, 197, 157, 138, 4, 117, 151, 118, 21, 25, 172, 0], [0, 171, 110, 63, 187, 40, 159, 23, 116, 60, 179, 181, 132, 163, 188, 93, 42, 184, 91, 80, 124, 41, 105, 185, 176, 86, 30, 134, 48, 54, 108, 57, 130, 0]]"
uniform,n200_m5_r01.txt,data\mtsp\generated\n200_m5_r01.txt,200,5,rand+nn,3149.132073970125,0.000935,0.000927,True,"[{""name"": ""rand+nn"", ""objective"": 3149.132073970125, ""time"": 0.000927, ""valid"": true}]","[[0, 138, 32, 189, 118, 5, 169, 163, 122, 121, 84, 10, 176, 195, 128, 3, 105, 171, 48, 137, 107, 167, 13, 185, 91, 146, 9, 99, 179, 103, 55, 160, 93, 123, 157, 1, 6, 147, 56, 119, 152, 0], [0, 114, 66, 36, 59, 100, 71, 175, 54, 187, 166, 178, 120, 125, 197, 154, 131, 188, 190, 23, 116, 144, 12, 182, 11, 53, 149, 129, 25, 140, 110, 79, 77, 76, 7, 174, 87, 14, 199, 30, 86, 0], [0, 135, 51, 96, 72, 113, 164, 18, 57, 162, 33, 108, 141, 194, 139, 74, 19, 63, 39, 61, 29, 153, 133, 40, 49, 127, 132, 21, 156, 181, 22, 98, 85, 62, 44, 46, 16, 89, 65, 170, 165, 0], [0, 2, 112, 150, 136, 15, 92, 117, 80, 192, 151, 41, 155, 109, 159, 37, 180, 27, 102, 124, 50, 42, 134, 142, 17, 28, 60, 35, 115, 184, 191, 168, 75, 104, 24, 193, 198, 70, 161, 88, 52, 0], [0, 47, 38, 78, 172, 31, 196, 106, 177, 158, 126, 67, 130, 101, 58, 173, 83, 97, 111, 68, 145, 143, 73, 64, 82, 20, 43, 81, 26, 34, 45, 148, 4, 8, 183, 90, 95, 69, 94, 186, 0]]"
uniform,n200_m5_r01.txt,data\mtsp\generated\n200_m5_r01.txt,200,5,2opt+greed,1830.3202660800785,0.001284,0.001276,True,"[{""name"": ""2opt+greed"", ""objective"": 1830.3202660800785, ""time"": 0.001276, ""valid"": true}]","[[0, 138, 50, 197, 194, 122, 42, 175, 141, 121, 26, 81, 124, 105, 71, 18, 34, 84, 57, 10, 184, 162, 33, 195, 108, 142, 120, 125, 17, 95, 61, 8, 28, 3, 128, 4, 178, 199, 21, 177, 85, 0], [0, 32, 189, 154, 1, 118, 35, 148, 60, 163, 169, 166, 5, 183, 39, 90, 63, 30, 19, 115, 74, 29, 14, 87, 186, 123, 94, 117, 153, 157, 69, 92, 131, 188, 15, 190, 136, 165, 126, 196, 91, 0], [0, 114, 47, 77, 58, 52, 11, 12, 98, 146, 182, 86, 172, 78, 96, 129, 198, 53, 31, 70, 62, 44, 185, 161, 149, 193, 13, 24, 167, 72, 173, 104, 113, 59, 27, 36, 51, 119, 38, 180, 66, 0], [0, 135, 102, 43, 100, 20, 171, 164, 97, 25, 83, 75, 107, 111, 68, 145, 137, 191, 48, 140, 110, 143, 168, 46, 64, 73, 79, 16, 89, 176, 65, 82, 134, 54, 187, 45, 139, 170, 109, 106, 88, 0], [0, 2, 6, 37, 159, 56, 101, 147, 112, 23, 150, 130, 67, 116, 179, 103, 40, 133, 93, 174, 7, 132, 127, 49, 80, 192, 160, 55, 156, 76, 151, 41, 181, 99, 155, 22, 158, 144, 9, 152, 0]]"
uniform,n200_m5_r01.txt,data\mtsp\generated\n200_m5_r01.txt,200,5,grasp,1411.3534904270518,4.808236,4.808221,True,"[{""name"": ""grasp"", ""objective"": 1411.3534904270518, ""time"": 4.808221, ""valid"": true}]","[[0, 32, 189, 154, 1, 69, 157, 153, 29, 14, 117, 87, 186, 123, 94, 133, 40, 93, 174, 7, 132, 21, 127, 49, 80, 192, 160, 55, 103, 179, 150, 165, 136, 15, 190, 92, 131, 188, 170, 2, 114, 0], [0, 105, 81, 184, 10, 176, 89, 65, 27, 36, 51, 96, 78, 91, 88, 172, 11, 12, 182, 98, 146, 177, 9, 22, 158, 144, 109, 126, 116, 130, 23, 101, 147, 112, 6, 77, 119, 180, 38, 47, 66, 0], [0, 135, 102, 43, 113, 59, 173, 104, 72, 167, 13, 24, 129, 193, 149, 198, 53, 31, 70, 161, 185, 44, 62, 196, 86, 106, 85, 152, 52, 58, 155, 99, 41, 151, 156, 76, 181, 67, 56, 159, 37, 0], [0, 71, 100, 171, 97, 25, 83, 75, 107, 111, 68, 145, 168, 46, 64, 16, 79, 73, 143, 137, 191, 110, 82, 140, 48, 164, 20, 18, 34, 57, 84, 162, 26, 121, 134, 175, 141, 194, 197, 45, 138, 0], [0, 124, 33, 195, 108, 142, 3, 120, 125, 17, 61, 8, 28, 4, 178, 183, 39, 95, 90, 63, 30, 19, 115, 74, 199, 139, 118, 5, 166, 169, 148, 35, 163, 60, 187, 128, 54, 122, 42, 50, 0]]"
uniform,n200_m5_r01.txt,data\mtsp\generated\n200_m5_r01.txt,200,5,lkh-wrapper,1481.4655504147115,0.141629,0.141606,True,"[{""name"": ""lkh-wrapper"", ""objective"": 1481.4655504147115, ""time"": 0.141606, ""valid"": true}]","[[0, 126, 144, 109, 105, 71, 81, 18, 34, 84, 57, 10, 184, 162, 33, 195, 108, 142, 120, 125, 17, 95, 61, 8, 178, 28, 4, 3, 128, 187, 134, 175, 121, 26, 141, 124, 50, 197, 194, 45, 138, 0], [0, 32, 154, 1, 199, 139, 118, 35, 148, 60, 163, 169, 166, 5, 183, 39, 90, 63, 30, 19, 115, 74, 29, 14, 87, 186, 123, 94, 117, 153, 157, 69, 92, 15, 190, 103, 136, 165, 188, 170, 2, 0], [0, 66, 180, 51, 36, 27, 59, 113, 104, 173, 72, 167, 24, 13, 161, 185, 44, 62, 196, 152, 146, 98, 182, 11, 52, 91, 172, 88, 70, 31, 53, 198, 149, 193, 129, 78, 96, 119, 38, 77, 47, 0], [0, 135, 102, 43, 100, 20, 171, 164, 97, 48, 140, 110, 82, 65, 176, 89, 16, 79, 73, 64, 46, 168, 143, 191, 137, 145, 68, 111, 75, 107, 25, 83, 86, 106, 85, 112, 131, 189, 54, 122, 42, 0], [0, 114, 37, 159, 58, 12, 177, 9, 158, 22, 155, 99, 181, 41, 151, 156, 55, 160, 192, 49, 127, 21, 132, 7, 174, 93, 80, 133, 40, 76, 179, 150, 23, 130, 116, 67, 56, 101, 147, 6, 0]]"
uniform,n200_m5_r01.txt,data\mtsp\generated\n200_m5_r01.txt,200,5,lkh-wrapper-v1,1481.4655504147115,0.140251,0.140227,True,"[{""name"": ""lkh-wrapper-v1"", ""objective"": 1481.4655504147115, ""time"": 0.140227, ""valid"": true}]","[[0, 126, 144, 109, 105, 71, 81, 18, 34, 84, 57, 10, 184, 162, 33, 195, 108, 142, 120, 125, 17, 95, 61, 8, 178, 28, 4, 3, 128, 187, 134, 175, 121, 26, 141, 124, 50, 197, 194, 45, 138, 0], [0, 32, 154, 1, 199, 139, 118, 35, 148, 60, 163, 169, 166, 5, 183, 39, 90, 63, 30, 19, 115, 74, 29, 14, 87, 186, 123, 94, 117, 153, 157, 69, 92, 15, 190, 103, 136, 165, 188, 170, 2, 0], [0, 66, 180, 51, 36, 27, 59, 113, 104, 173, 72, 167, 24, 13, 161, 185, 44, 62, 196, 152, 146, 98, 182, 11, 52, 91, 172, 88, 70, 31, 53, 198, 149, 193, 129, 78, 96, 119, 38, 77, 47, 0], [0, 135, 102, 43, 100, 20, 171, 164, 97, 48, 140, 110, 82, 65, 176, 89, 16, 79, 73, 64, 46, 168, 143, 191, 137, 145, 68, 111, 75, 107, 25, 83, 86, 106, 85, 112, 131, 189, 54, 122, 42, 0], [0, 114, 37, 159, 58, 12, 177, 9, 158, 22, 155, 99, 181, 41, 151, 156, 55, 160, 192, 49, 127, 21, 132, 7, 174, 93, 80, 133, 40, 76, 179, 150, 23, 130, 116, 67, 56, 101, 147, 6, 0]]"
uniform,n200_m5_r01.txt,data\mtsp\generated\n200_m5_r01.txt,200,5,lkh-wrapper-v2,1302.2273473016176,0.085191,0.085173,True,"[{""name"": ""lkh-wrapper-v2"", ""objective"": 1302.2273473016176, ""time"": 0.085173, ""valid"": true}]","[[0, 124, 81, 18, 34, 84, 57, 10, 184, 162, 33, 195, 108, 142, 134, 121, 26, 141, 175, 42, 122, 194, 197, 50, 0], [0, 66, 180, 38, 119, 96, 51, 36, 27, 59, 113, 97, 111, 75, 107, 25, 83, 104, 173, 72, 167, 24, 13, 149, 193, 129, 78, 52, 11, 91, 172, 88, 53, 198, 31, 70, 161, 185, 44, 62, 196, 86, 106, 85, 152, 182, 12, 98, 146, 177, 9, 58, 56, 130, 116, 67, 126, 109, 144, 158, 22, 155, 99, 181, 41, 151, 76, 156, 55, 160, 49, 127, 21, 132, 7, 174, 93, 80, 192, 103, 179, 150, 23, 101, 147, 112, 6, 37, 159, 77, 47, 114, 2, 32, 0], [0, 135, 102, 43, 171, 164, 48, 140, 110, 191, 137, 68, 145, 168, 143, 46, 64, 73, 79, 16, 89, 176, 65, 82, 20, 100, 71, 105, 0], [0, 138, 148, 169, 163, 60, 187, 54, 128, 3, 4, 28, 120, 125, 17, 61, 8, 178, 166, 5, 183, 39, 95, 90, 63, 30, 19, 115, 74, 29, 14, 87, 186, 123, 94, 157, 117, 153, 69, 92, 190, 15, 136, 165, 188, 131, 154, 1, 199, 139, 118, 35, 45, 0], [0, 189, 133, 40, 170, 0]]"
uniform,n200_m5_r01.txt,data\mtsp\generated\n200_m5_r01.txt,200,5,lkh-wrapper-v3,1300.5520900040715,0.027352,0.027335,True,"[{""name"": ""lkh-wrapper-v3"", ""objective"": 1300.5520900040715, ""time"": 0.027335, ""valid"": true}]","[[0, 50, 197, 194, 42, 122, 4, 3, 108, 195, 33, 162, 184, 10, 57, 84, 34, 18, 81, 26, 121, 175, 141, 124, 0], [0, 66, 180, 51, 36, 27, 59, 113, 97, 111, 75, 107, 25, 83, 72, 167, 13, 24, 104, 173, 129, 193, 149, 198, 53, 31, 70, 161, 185, 44, 62, 196, 86, 106, 85, 152, 182, 12, 98, 146, 177, 9, 158, 22, 155, 99, 181, 41, 151, 156, 55, 160, 49, 127, 21, 132, 7, 174, 93, 80, 192, 76, 103, 179, 116, 130, 150, 23, 101, 147, 112, 6, 77, 37, 159, 56, 67, 126, 109, 144, 58, 52, 11, 91, 172, 88, 78, 96, 119, 38, 47, 114, 32, 138, 0], [0, 135, 102, 43, 171, 164, 48, 140, 110, 191, 137, 68, 145, 168, 143, 46, 64, 73, 79, 16, 89, 176, 65, 82, 20, 100, 71, 105, 0], [0, 45, 35, 148, 169, 163, 60, 187, 54, 134, 128, 142, 120, 125, 17, 61, 8, 28, 178, 166, 5, 183, 39, 95, 90, 63, 30, 19, 115, 74, 29, 14, 87, 186, 123, 94, 157, 117, 153, 69, 92, 190, 15, 136, 165, 188, 131, 154, 1, 199, 139, 118, 189, 0], [0, 2, 170, 40, 133, 0]]"
uniform,n200_m5_r02.txt,data\mtsp\generated\n200_m5_r02.txt,200,5,rand+nn,3229.7863163740444,0.000955,0.000946,True,"[{""name"": ""rand+nn"", ""objective"": 3229.7863163740444, ""time"": 0.000946, ""valid"": true}]","[[0, 179, 138, 119, 157, 56, 5, 3, 185, 147, 107, 9, 6, 13, 171, 122, 167, 195, 169, 121, 48, 176, 32, 99, 189, 163, 84, 105, 123, 93, 55, 160, 152, 91, 146, 1, 10, 118, 103, 128, 137, 0], [0, 14, 114, 71, 182, 25, 66, 140, 53, 125, 175, 36, 149, 144, 77, 131, 79, 120, 100, 7, 129, 76, 110, 197, 59, 12, 30, 154, 188, 23, 87, 178, 86, 174, 116, 190, 11, 199, 187, 166, 54, 0], [0, 162, 51, 139, 16, 135, 74, 65, 19, 63, 153, 108, 181, 113, 61, 40, 164, 194, 72, 141, 39, 62, 165, 57, 170, 98, 96, 29, 156, 127, 44, 132, 33, 133, 18, 21, 22, 49, 46, 89, 85, 0], [0, 17, 115, 60, 104, 35, 161, 27, 193, 117, 24, 41, 50, 112, 75, 159, 180, 52, 191, 150, 192, 109, 42, 124, 2, 92, 142, 198, 28, 70, 80, 155, 102, 15, 168, 88, 151, 37, 184, 136, 134, 0], [0, 145, 8, 4, 143, 126, 95, 101, 68, 97, 73, 47, 82, 31, 183, 69, 78, 130, 186, 67, 94, 38, 172, 26, 106, 81, 148, 111, 196, 158, 83, 43, 64, 34, 177, 20, 58, 90, 173, 45, 0]]"
uniform,n200_m5_r02.txt,data\mtsp\generated\n200_m5_r02.txt,200,5,2opt+greed,1837.5669951294917,0.001663,0.001654,True,"[{""name"": ""2opt+greed"", ""objective"": 1837.5669951294917, ""time"": 0.001654, ""valid"": true}]","[[0, 198, 15, 31, 89, 46, 49, 168, 197, 69, 152, 183, 91, 161, 21, 93, 35, 59, 123, 12, 30, 105, 130, 132, 137, 186, 33, 11, 199, 104, 18, 133, 187, 179, 60, 67, 94, 151, 74, 83, 43, 0], [0, 145, 142, 8, 157, 4, 56, 5, 153, 166, 194, 97, 175, 92, 167, 122, 171, 36, 164, 9, 77, 136, 131, 107, 113, 120, 147, 47, 181, 155, 128, 82, 129, 102, 118, 76, 10, 110, 160, 87, 64, 0], [0, 134, 22, 88, 1, 78, 103, 85, 7, 80, 185, 3, 28, 108, 73, 100, 70, 79, 61, 40, 72, 144, 149, 13, 6, 54, 68, 141, 101, 95, 124, 2, 195, 126, 192, 109, 63, 119, 143, 114, 138, 0], [0, 55, 146, 27, 193, 90, 44, 117, 154, 188, 23, 58, 84, 178, 24, 189, 86, 20, 174, 163, 41, 29, 190, 26, 176, 106, 48, 16, 139, 121, 37, 51, 38, 99, 162, 173, 45, 115, 14, 42, 125, 0], [0, 17, 135, 169, 71, 111, 65, 182, 140, 57, 159, 25, 170, 32, 172, 156, 127, 116, 177, 34, 50, 96, 112, 81, 98, 75, 148, 66, 180, 52, 165, 53, 191, 62, 39, 196, 150, 19, 158, 184, 0]]"
uniform,n200_m5_r02.txt,data\mtsp\generated\n200_m5_r02.txt,200,5,grasp,1391.7102037892794,4.60208,4.602067,True,"[{""name"": ""grasp"", ""objective"": 1391.7102037892794, ""time"": 4.602067, ""valid"": true}]","[[0, 187, 199, 33, 104, 35, 59, 12, 123, 93, 161, 91, 21, 55, 22, 160, 69, 197, 168, 152, 183, 49, 46, 128, 82, 102, 129, 155, 80, 185, 47, 147, 73, 70, 107, 131, 40, 36, 171, 167, 142, 0], [0, 138, 114, 143, 109, 192, 158, 19, 196, 126, 195, 95, 124, 42, 43, 125, 101, 141, 68, 122, 54, 6, 13, 149, 144, 72, 77, 136, 9, 164, 194, 97, 175, 92, 56, 4, 157, 8, 166, 5, 145, 0], [0, 184, 71, 111, 65, 150, 83, 2, 39, 62, 140, 191, 64, 165, 53, 52, 180, 57, 182, 170, 25, 159, 66, 148, 75, 98, 81, 112, 96, 32, 74, 169, 121, 37, 51, 38, 99, 162, 173, 45, 17, 0], [0, 14, 67, 94, 151, 156, 24, 189, 178, 44, 90, 117, 154, 188, 23, 58, 84, 87, 134, 127, 20, 86, 174, 163, 41, 177, 116, 50, 34, 190, 29, 26, 172, 176, 106, 48, 16, 139, 135, 63, 119, 0], [0, 115, 60, 11, 186, 137, 132, 130, 193, 105, 30, 27, 146, 88, 110, 1, 10, 76, 78, 103, 85, 118, 89, 31, 15, 18, 133, 7, 181, 100, 120, 113, 61, 79, 108, 28, 3, 153, 198, 179, 0]]"
uniform,n200_m5_r02.txt,data\mtsp\generated\n200_m5_r02.txt,200,5,lkh-wrapper,1528.7671271142472,0.084699,0.08468,True,"[{""name"": ""lkh-wrapper"", ""objective"": 1528.7671271142472, ""time"": 0.08468, ""valid"": true}]","[[0, 179, 187, 198, 133, 18, 15, 31, 89, 46, 49, 168, 197, 69, 152, 183, 91, 161, 21, 93, 123, 12, 59, 35, 104, 199, 11, 33, 137, 132, 130, 44, 87, 134, 127, 156, 172, 48, 39, 2, 125, 0], [0, 60, 186, 160, 1, 10, 76, 118, 82, 128, 102, 129, 80, 185, 47, 100, 120, 113, 107, 131, 136, 77, 9, 164, 36, 171, 122, 167, 92, 175, 97, 194, 166, 153, 5, 8, 56, 4, 157, 142, 145, 0], [0, 55, 22, 88, 110, 78, 103, 85, 155, 7, 181, 3, 28, 108, 147, 73, 70, 79, 61, 40, 72, 144, 149, 13, 6, 54, 68, 141, 101, 95, 124, 195, 42, 126, 192, 109, 63, 119, 143, 114, 138, 0], [0, 27, 146, 30, 105, 193, 90, 117, 154, 188, 23, 58, 84, 178, 24, 189, 86, 20, 174, 163, 41, 29, 190, 26, 176, 106, 74, 83, 43, 16, 139, 121, 37, 51, 38, 99, 162, 173, 45, 115, 14, 0], [0, 17, 184, 135, 169, 71, 158, 19, 196, 150, 111, 65, 182, 170, 25, 159, 57, 140, 62, 191, 64, 165, 53, 52, 180, 66, 148, 75, 98, 81, 32, 112, 96, 50, 34, 116, 177, 151, 94, 67, 0]]"
uniform,n200_m5_r02.txt,data\mtsp\generated\n200_m5_r02.txt,200,5,lkh-wrapper-v1,1528.7671271142472,0.083841,0.08382,True,"[{""name"": ""lkh-wrapper-v1"", ""objective"": 1528.7671271142472, ""time"": 0.08382, ""valid"": true}]","[[0, 179, 187, 198, 133, 18, 15, 31, 89, 46, 49, 168, 197, 69, 152, 183, 91, 161, 21, 93, 123, 12, 59, 35, 104, 199, 11, 33, 137, 132, 130, 44, 87, 134, 127, 156, 172, 48, 39, 2, 125, 0], [0, 60, 186, 160, 1, 10, 76, 118, 82, 128, 102, 129, 80, 185, 47, 100, 120, 113, 107, 131, 136, 77, 9, 164, 36, 171, 122, 167, 92, 175, 97, 194, 166, 153, 5, 8, 56, 4, 157, 142, 145, 0], [0, 55, 22, 88, 110, 78, 103, 85, 155, 7, 181, 3, 28, 108, 147, 73, 70, 79, 61, 40, 72, 144, 149, 13, 6, 54, 68, 141, 101, 95, 124, 195, 42, 126, 192, 109, 63, 119, 143, 114, 138, 0], [0, 27, 146, 30, 105, 193, 90, 117, 154, 188, 23, 58, 84, 178, 24, 189, 86, 20, 174, 163, 41, 29, 190, 26, 176, 106, 74, 83, 43, 16, 139, 121, 37, 51, 38, 99, 162, 173, 45, 115, 14, 0], [0, 17, 184, 135, 169, 71, 158, 19, 196, 150, 111, 65, 182, 170, 25, 159, 57, 140, 62, 191, 64, 165, 53, 52, 180, 66, 148, 75, 98, 81, 32, 112, 96, 50, 34, 116, 177, 151, 94, 67, 0]]"
uniform,n200_m5_r02.txt,data\mtsp\generated\n200_m5_r02.txt,200,5,lkh-wrapper-v2,1279.7939080803858,0.092361,0.092338,True,"[{""name"": ""lkh-wrapper-v2"", ""objective"": 1279.7939080803858, ""time"": 0.092338, ""valid"": true}]","[[0, 198, 3, 28, 108, 70, 113, 79, 61, 131, 107, 120, 73, 147, 100, 47, 185, 181, 7, 155, 80, 129, 102, 82, 128, 89, 15, 31, 46, 49, 168, 118, 85, 103, 78, 76, 10, 1, 110, 88, 197, 69, 152, 183, 91, 161, 93, 123, 27, 12, 59, 132, 130, 137, 186, 33, 11, 199, 104, 18, 133, 187, 179, 0], [0, 14, 17, 45, 173, 99, 162, 94, 151, 38, 51, 37, 121, 139, 16, 48, 106, 176, 26, 96, 190, 29, 34, 50, 116, 177, 41, 163, 174, 20, 86, 189, 24, 178, 127, 134, 87, 84, 58, 23, 188, 154, 117, 44, 90, 193, 105, 30, 146, 22, 160, 55, 21, 35, 0], [0, 142, 8, 157, 4, 56, 92, 167, 122, 68, 141, 54, 6, 13, 149, 144, 72, 77, 136, 40, 9, 164, 36, 171, 175, 97, 194, 166, 153, 5, 145, 0], [0, 184, 135, 169, 71, 158, 19, 196, 150, 111, 65, 182, 170, 32, 112, 81, 98, 75, 148, 66, 25, 159, 57, 140, 62, 39, 2, 83, 42, 43, 125, 101, 95, 124, 195, 126, 192, 109, 63, 119, 143, 114, 138, 0], [0, 115, 60, 67, 156, 172, 180, 52, 53, 165, 64, 191, 74, 0]]"
uniform,n200_m5_r02.txt,data\mtsp\generated\n200_m5_r02.txt,200,5,lkh-wrapper-v3,1291.0770258771029,0.012717,0.012703,True,"[{""name"": ""lkh-wrapper-v3"", ""objective"": 1291.0770258771029, ""time"": 0.012703, ""valid"": true}]","[[0, 179, 187, 133, 18, 104, 199, 11, 33, 186, 137, 130, 132, 59, 123, 35, 93, 21, 161, 91, 183, 152, 69, 197, 88, 110, 1, 10, 76, 78, 103, 85, 118, 168, 49, 46, 31, 15, 89, 7, 128, 82, 102, 129, 155, 80, 181, 185, 47, 147, 100, 120, 107, 131, 61, 79, 113, 70, 73, 108, 28, 3, 198, 0], [0, 14, 17, 45, 173, 99, 162, 94, 151, 38, 51, 37, 121, 139, 16, 48, 106, 176, 26, 96, 190, 29, 34, 50, 116, 177, 41, 163, 174, 20, 86, 189, 24, 178, 127, 134, 87, 84, 58, 23, 188, 154, 117, 44, 90, 193, 105, 30, 12, 27, 146, 22, 160, 55, 0], [0, 145, 5, 153, 166, 194, 97, 175, 171, 36, 164, 9, 40, 136, 77, 72, 144, 149, 13, 6, 54, 141, 68, 122, 167, 92, 56, 4, 157, 8, 142, 0], [0, 138, 114, 143, 119, 63, 109, 192, 126, 195, 124, 95, 101, 125, 42, 83, 43, 2, 39, 62, 140, 57, 170, 25, 159, 66, 148, 75, 98, 81, 112, 32, 182, 65, 111, 150, 196, 19, 158, 71, 169, 135, 184, 0], [0, 115, 60, 67, 156, 172, 180, 53, 165, 64, 191, 52, 74, 0]]"
uniform,n200_m5_r03.txt,data\mtsp\generated\n200_m5_r03.txt,200,5,rand+nn,3029.6632209523864,0.000948,0.000939,True,"[{""name"": ""rand+nn"", ""objective"": 3029.6632209523864, ""time"": 0.000939, ""valid"": true}]","[[0, 105, 91, 6, 121, 32, 171, 10, 118, 5, 122, 147, 48, 55, 9, 103, 93, 195, 138, 99, 176, 167, 146, 1, 169, 56, 152, 185, 179, 137, 128, 3, 157, 84, 119, 163, 160, 123, 189, 13, 107, 0], [0, 197, 175, 190, 66, 187, 53, 125, 144, 23, 140, 166, 79, 100, 87, 116, 114, 188, 86, 174, 199, 76, 7, 54, 154, 25, 149, 30, 182, 120, 71, 129, 131, 59, 110, 14, 36, 178, 12, 11, 77, 0], [0, 40, 162, 39, 113, 127, 16, 21, 108, 153, 85, 33, 61, 18, 19, 135, 141, 62, 139, 49, 181, 57, 65, 51, 89, 74, 165, 63, 132, 44, 96, 164, 170, 29, 72, 156, 98, 22, 133, 194, 46, 0], [0, 15, 155, 136, 37, 142, 70, 60, 88, 35, 112, 151, 50, 24, 109, 134, 191, 102, 184, 28, 161, 150, 75, 52, 41, 17, 2, 192, 198, 159, 92, 80, 180, 115, 124, 104, 117, 42, 168, 27, 193, 0], [0, 95, 45, 8, 145, 158, 81, 111, 47, 67, 68, 130, 148, 34, 78, 58, 38, 69, 20, 94, 90, 172, 83, 101, 4, 177, 183, 126, 186, 82, 143, 97, 196, 106, 64, 26, 73, 31, 43, 173, 0]]"
uniform,n200_m5_r03.txt,data\mtsp\generated\n200_m5_r03.txt,200,5,2opt+greed,1736.6472421095043,0.00133,0.001321,True,"[{""name"": ""2opt+greed"", ""objective"": 1736.6472421095043, ""time"": 0.001321, ""valid"": true}]","[[0, 40, 58, 110, 57, 75, 184, 167, 146, 24, 46, 50, 173, 112, 23, 144, 121, 156, 118, 145, 27, 100, 79, 169, 18, 117, 87, 56, 152, 185, 179, 114, 188, 47, 104, 122, 54, 45, 5, 175, 95, 0], [0, 15, 197, 155, 147, 7, 76, 89, 137, 180, 199, 80, 92, 135, 159, 149, 30, 198, 182, 165, 78, 84, 192, 74, 119, 131, 163, 71, 157, 120, 34, 130, 128, 115, 124, 62, 77, 55, 51, 48, 38, 0], [0, 136, 20, 65, 9, 69, 49, 181, 123, 63, 17, 41, 52, 189, 73, 36, 178, 26, 132, 11, 12, 13, 64, 106, 196, 97, 102, 82, 186, 96, 138, 143, 44, 187, 150, 161, 103, 94, 93, 195, 37, 0], [0, 162, 105, 142, 66, 91, 101, 83, 4, 170, 6, 29, 72, 70, 98, 35, 32, 151, 22, 109, 133, 194, 43, 125, 177, 164, 183, 53, 176, 99, 134, 191, 126, 172, 90, 28, 107, 14, 160, 2, 59, 0], [0, 39, 113, 190, 31, 60, 88, 127, 171, 16, 21, 108, 153, 10, 140, 85, 166, 1, 193, 158, 33, 81, 61, 154, 168, 111, 25, 19, 116, 42, 8, 86, 67, 174, 68, 3, 141, 148, 129, 139, 0]]"
uniform,n200_m5_r03.txt,data\mtsp\generated\n200_m5_r03.txt,200,5,grasp,1408.4500323230461,5.120952,5.120937,True,"[{""name"": ""grasp"", ""objective"": 1408.4500323230461, ""time"": 5.120937, ""valid"": true}]","[[0, 136, 93, 20, 55, 77, 139, 62, 34, 149, 159, 135, 115, 199, 188, 114, 56, 87, 8, 45, 118, 10, 140, 85, 153, 108, 16, 21, 144, 35, 121, 98, 156, 127, 171, 88, 60, 190, 5, 113, 39, 0], [0, 162, 105, 142, 66, 91, 72, 29, 6, 109, 133, 46, 24, 146, 167, 125, 43, 194, 170, 4, 172, 90, 126, 176, 177, 164, 183, 53, 99, 134, 191, 82, 102, 186, 96, 138, 143, 44, 187, 195, 37, 0], [0, 40, 48, 51, 2, 17, 110, 160, 41, 57, 123, 181, 49, 69, 9, 65, 94, 103, 161, 64, 178, 36, 73, 14, 52, 189, 13, 12, 26, 132, 11, 75, 107, 106, 184, 196, 97, 28, 150, 83, 101, 0], [0, 15, 95, 175, 122, 54, 104, 47, 152, 179, 185, 116, 19, 25, 111, 168, 154, 42, 117, 18, 169, 145, 27, 79, 100, 61, 81, 33, 158, 193, 1, 166, 23, 112, 32, 151, 173, 50, 22, 70, 31, 0], [0, 197, 155, 147, 7, 76, 137, 180, 86, 67, 174, 80, 92, 68, 3, 30, 198, 182, 165, 59, 63, 131, 58, 129, 163, 119, 84, 78, 192, 74, 71, 157, 120, 148, 141, 130, 128, 124, 89, 38, 0]]"
uniform,n200_m5_r03.txt,data\mtsp\generated\n200_m5_r03.txt,200,5,lkh-wrapper,1500.8788452849878,0.086794,0.086772,True,"[{""name"": ""lkh-wrapper"", ""objective"": 1500.8788452849878, ""time"": 0.086772, ""valid"": true}]","[[0, 49, 181, 123, 36, 107, 106, 167, 146, 24, 46, 50, 173, 112, 23, 144, 98, 156, 118, 145, 27, 100, 79, 169, 8, 117, 87, 56, 152, 185, 179, 114, 188, 47, 104, 122, 54, 45, 5, 175, 95, 0], [0, 38, 48, 51, 55, 139, 34, 120, 157, 74, 192, 84, 119, 58, 131, 59, 63, 78, 165, 182, 198, 30, 149, 159, 135, 92, 80, 199, 180, 137, 115, 128, 130, 124, 89, 76, 7, 147, 155, 197, 15, 0], [0, 136, 20, 65, 9, 69, 71, 129, 163, 2, 17, 41, 57, 14, 52, 189, 178, 13, 12, 26, 132, 11, 75, 184, 196, 97, 102, 82, 186, 96, 138, 143, 44, 187, 150, 161, 103, 94, 93, 195, 37, 0], [0, 40, 110, 160, 73, 64, 28, 90, 172, 126, 191, 134, 99, 176, 53, 183, 164, 125, 43, 194, 133, 109, 22, 151, 32, 35, 121, 70, 29, 6, 170, 177, 4, 83, 72, 101, 91, 66, 142, 105, 162, 0], [0, 77, 62, 148, 141, 3, 68, 174, 67, 86, 116, 19, 25, 111, 168, 154, 42, 18, 61, 81, 33, 158, 193, 1, 166, 85, 140, 10, 153, 108, 21, 16, 171, 127, 88, 60, 31, 190, 113, 39, 0]]"
uniform,n200_m5_r03.txt,data\mtsp\generated\n200_m5_r03.txt,200,5,lkh-wrapper-v1,1500.8788452849878,0.085509,0.085487,True,"[{""name"": ""lkh-wrapper-v1"", ""objective"": 1500.8788452849878, ""time"": 0.085487, ""valid"": true}]","[[0, 49, 181, 123, 36, 107, 106, 167, 146, 24, 46, 50, 173, 112, 23, 144, 98, 156, 118, 145, 27, 100, 79, 169, 8, 117, 87, 56, 152, 185, 179, 114, 188, 47, 104, 122, 54, 45, 5, 175, 95, 0], [0, 38, 48, 51, 55, 139, 34, 120, 157, 74, 192, 84, 119, 58, 131, 59, 63, 78, 165, 182, 198, 30, 149, 159, 135, 92, 80, 199, 180, 137, 115, 128, 130, 124, 89, 76, 7, 147, 155, 197, 15, 0], [0, 136, 20, 65, 9, 69, 71, 129, 163, 2, 17, 41, 57, 14, 52, 189, 178, 13, 12, 26, 132, 11, 75, 184, 196, 97, 102, 82, 186, 96, 138, 143, 44, 187, 150, 161, 103, 94, 93, 195, 37, 0], [0, 40, 110, 160, 73, 64, 28, 90, 172, 126, 191, 134, 99, 176, 53, 183, 164, 125, 43, 194, 133, 109, 22, 151, 32, 35, 121, 70, 29, 6, 170, 177, 4, 83, 72, 101, 91, 66, 142, 105, 162, 0], [0, 77, 62, 148, 141, 3, 68, 174, 67, 86, 116, 19, 25, 111, 168, 154, 42, 18, 61, 81, 33, 158, 193, 1, 166, 85, 140, 10, 153, 108, 21, 16, 171, 127, 88, 60, 31, 190, 113, 39, 0]]"
uniform,n200_m5_r03.txt,data\mtsp\generated\n200_m5_r03.txt,200,5,lkh-wrapper-v2,1377.5441349214059,0.059424,0.059406,True,"[{""name"": ""lkh-wrapper-v2"", ""objective"": 1377.5441349214059, ""time"": 0.059406, ""valid"": true}]","[[0, 103, 150, 161, 64, 178, 13, 12, 26, 132, 11, 75, 107, 28, 106, 184, 196, 97, 102, 82, 186, 96, 138, 143, 44, 187, 177, 170, 43, 194, 133, 109, 22, 50, 46, 24, 173, 151, 32, 112, 23, 153, 108, 16, 21, 144, 35, 121, 98, 156, 60, 88, 127, 171, 10, 140, 85, 193, 1, 158, 33, 81, 61, 27, 100, 79, 169, 18, 117, 87, 56, 47, 152, 185, 179, 114, 188, 86, 67, 174, 180, 137, 199, 80, 92, 135, 159, 149, 30, 198, 182, 165, 78, 84, 119, 192, 74, 71, 157, 34, 62, 77, 55, 51, 48, 38, 89, 76, 7, 104, 54, 122, 175, 5, 113, 190, 39, 95, 197, 155, 15, 40, 0], [0, 136, 37, 195, 93, 94, 20, 65, 9, 69, 49, 181, 123, 73, 36, 189, 52, 14, 57, 41, 160, 110, 17, 2, 163, 129, 58, 131, 59, 63, 120, 139, 0], [0, 105, 142, 91, 101, 72, 70, 29, 6, 146, 167, 125, 164, 183, 53, 176, 99, 134, 191, 126, 90, 172, 4, 83, 66, 162, 0], [0, 147, 68, 3, 141, 148, 130, 128, 115, 124, 0], [0, 31, 118, 145, 166, 154, 168, 111, 25, 19, 116, 42, 8, 45, 0]]"
uniform,n200_m5_r03.txt,data\mtsp\generated\n200_m5_r03.txt,200,5,lkh-wrapper-v3,1397.483767941872,0.015351,0.015334,True,"[{""name"": ""lkh-wrapper-v3"", ""objective"": 1397.483767941872, ""time"": 0.015334, ""valid"": true}]","[[0, 40, 15, 155, 197, 95, 39, 190, 113, 5, 175, 122, 54, 104, 7, 76, 89, 38, 48, 51, 55, 77, 62, 34, 157, 71, 74, 192, 119, 84, 78, 165, 182, 198, 30, 149, 159, 135, 92, 80, 199, 137, 180, 174, 67, 86, 188, 114, 179, 185, 152, 47, 56, 87, 117, 18, 169, 79, 100, 27, 61, 81, 33, 158, 1, 193, 85, 140, 10, 108, 153, 23, 112, 151, 173, 50, 24, 46, 43, 194, 133, 109, 22, 32, 35, 121, 144, 21, 16, 171, 127, 88, 60, 156, 98, 70, 177, 82, 102, 186, 96, 138, 143, 44, 187, 150, 28, 97, 196, 184, 106, 107, 75, 11, 132, 26, 12, 13, 178, 64, 161, 103, 0], [0, 136, 37, 195, 93, 94, 20, 65, 9, 69, 49, 181, 123, 73, 36, 189, 52, 14, 57, 41, 160, 110, 17, 2, 163, 129, 58, 131, 59, 63, 120, 139, 0], [0, 162, 66, 101, 83, 4, 172, 90, 126, 191, 134, 99, 176, 53, 183, 164, 125, 167, 146, 170, 6, 29, 72, 91, 142, 105, 0], [0, 147, 68, 3, 141, 148, 130, 128, 115, 124, 0], [0, 45, 8, 42, 116, 19, 25, 111, 168, 154, 166, 145, 118, 31, 0]]"
uniform,n200_m5_r04.txt,data\mtsp\generated\n200_m5_r04.txt,200,5,rand+nn,3111.802887769913,0.000949,0.00094,True,"[{""name"": ""rand+nn"", ""objective"": 3111.802887769913, ""time"": 0.00094, ""valid"": true}]","[[0, 147, 99, 3, 93, 48, 123, 169, 137, 56, 185, 171, 157, 195, 6, 152, 13, 55, 176, 105, 189, 122, 160, 121, 32, 84, 1, 91, 146, 10, 138, 128, 179, 167, 9, 118, 119, 103, 107, 5, 163, 0], [0, 110, 114, 53, 66, 54, 188, 77, 190, 125, 187, 197, 23, 154, 76, 86, 199, 182, 7, 120, 131, 25, 59, 11, 175, 178, 166, 30, 149, 14, 144, 87, 79, 12, 129, 100, 174, 116, 71, 36, 140, 0], [0, 21, 162, 16, 57, 39, 132, 22, 181, 133, 18, 139, 63, 194, 51, 74, 44, 108, 46, 40, 141, 113, 29, 61, 153, 62, 19, 98, 33, 49, 65, 89, 85, 165, 170, 96, 135, 72, 127, 156, 164, 0], [0, 109, 180, 2, 155, 80, 92, 41, 104, 151, 37, 42, 24, 193, 15, 168, 27, 28, 198, 115, 191, 142, 75, 134, 17, 60, 150, 192, 88, 50, 124, 159, 35, 112, 70, 52, 102, 161, 136, 117, 184, 0], [0, 78, 130, 106, 34, 126, 158, 47, 94, 8, 95, 177, 186, 68, 101, 43, 148, 73, 4, 90, 58, 82, 143, 45, 64, 111, 67, 38, 20, 145, 183, 83, 196, 69, 31, 173, 81, 97, 172, 26, 0]]"
uniform,n200_m5_r04.txt,data\mtsp\generated\n200_m5_r04.txt,200,5,2opt+greed,1696.1005231067488,0.001218,0.001209,True,"[{""name"": ""2opt+greed"", ""objective"": 1696.1005231067488, ""time"": 0.001209, ""valid"": true}]","[[0, 110, 30, 134, 127, 75, 164, 32, 14, 144, 8, 33, 140, 117, 94, 184, 47, 163, 5, 65, 15, 49, 136, 160, 79, 12, 29, 129, 168, 113, 34, 174, 100, 6, 141, 27, 106, 36, 61, 53, 114, 0], [0, 147, 66, 176, 78, 54, 152, 130, 13, 55, 188, 40, 46, 77, 161, 108, 145, 151, 185, 37, 42, 183, 171, 83, 71, 157, 24, 196, 193, 158, 122, 98, 121, 95, 142, 84, 156, 149, 17, 72, 132, 0], [0, 3, 21, 31, 125, 143, 2, 118, 139, 63, 194, 58, 82, 112, 59, 35, 11, 181, 133, 52, 102, 26, 172, 97, 199, 138, 150, 165, 167, 81, 7, 120, 70, 131, 9, 25, 18, 90, 180, 187, 197, 0], [0, 93, 124, 89, 148, 101, 68, 186, 175, 62, 153, 198, 28, 189, 87, 19, 115, 177, 191, 91, 1, 60, 166, 135, 96, 178, 179, 76, 88, 50, 73, 4, 39, 22, 159, 57, 16, 123, 162, 48, 23, 0], [0, 99, 109, 69, 190, 169, 173, 137, 51, 155, 45, 64, 111, 67, 119, 38, 44, 103, 41, 104, 107, 20, 92, 80, 74, 56, 116, 126, 195, 105, 146, 128, 10, 86, 170, 182, 85, 192, 43, 154, 0]]"
uniform,n200_m5_r04.txt,data\mtsp\generated\n200_m5_r04.txt,200,5,grasp,1445.9487505701914,4.91763,4.917617,True,"[{""name"": ""grasp"", ""objective"": 1445.9487505701914, ""time"": 4.917617, ""valid"": true}]","[[0, 110, 114, 53, 61, 36, 106, 27, 6, 100, 34, 193, 163, 49, 15, 158, 122, 28, 189, 19, 87, 98, 121, 144, 95, 14, 142, 32, 84, 164, 156, 75, 149, 127, 17, 134, 72, 166, 150, 146, 68, 0], [0, 147, 66, 78, 54, 13, 152, 195, 174, 126, 116, 40, 46, 77, 56, 108, 92, 80, 103, 41, 104, 44, 38, 119, 74, 67, 111, 82, 112, 59, 11, 22, 132, 7, 172, 97, 182, 165, 167, 16, 162, 0], [0, 3, 109, 69, 31, 187, 125, 173, 190, 169, 137, 51, 64, 45, 155, 143, 2, 139, 63, 194, 118, 58, 18, 35, 9, 25, 39, 131, 52, 181, 133, 102, 26, 120, 70, 81, 76, 148, 154, 198, 105, 0], [0, 93, 197, 21, 48, 123, 180, 57, 90, 159, 4, 73, 50, 88, 124, 89, 179, 101, 62, 175, 186, 43, 85, 192, 170, 199, 86, 10, 138, 128, 96, 178, 135, 60, 30, 1, 91, 191, 177, 115, 153, 0], [0, 99, 23, 55, 130, 188, 161, 145, 107, 20, 151, 185, 37, 42, 183, 171, 83, 71, 157, 24, 196, 65, 5, 47, 184, 94, 117, 140, 33, 8, 136, 160, 79, 29, 12, 113, 168, 129, 141, 176, 0]]"
uniform,n200_m5_r04.txt,data\mtsp\generated\n200_m5_r04.txt,200,5,lkh-wrapper,1440.7732616504227,0.148293,0.148272,True,"[{""name"": ""lkh-wrapper"", ""objective"": 1440.7732616504227, ""time"": 0.148272, ""valid"": true}]","[[0, 186, 30, 72, 17, 127, 156, 142, 144, 121, 98, 160, 136, 8, 33, 140, 117, 94, 184, 47, 163, 5, 49, 15, 158, 113, 34, 174, 100, 6, 27, 141, 168, 129, 12, 29, 106, 36, 61, 53, 114, 0], [0, 147, 66, 176, 78, 54, 152, 130, 13, 55, 188, 40, 46, 77, 56, 108, 145, 151, 185, 37, 42, 183, 171, 83, 71, 157, 24, 196, 65, 193, 79, 122, 95, 14, 32, 84, 164, 75, 149, 134, 110, 0], [0, 3, 48, 31, 187, 180, 125, 143, 2, 118, 139, 63, 194, 58, 82, 112, 59, 35, 18, 90, 25, 9, 132, 11, 22, 181, 133, 52, 102, 26, 172, 7, 120, 70, 97, 81, 167, 165, 85, 179, 154, 0], [0, 99, 109, 21, 162, 123, 16, 57, 159, 4, 39, 131, 73, 50, 88, 124, 89, 148, 76, 150, 10, 138, 128, 96, 178, 135, 166, 60, 1, 91, 191, 177, 175, 62, 153, 115, 19, 87, 189, 28, 105, 0], [0, 93, 197, 192, 182, 199, 170, 43, 86, 146, 101, 68, 198, 195, 126, 116, 161, 92, 80, 20, 107, 104, 41, 103, 44, 38, 119, 67, 111, 74, 64, 45, 155, 51, 137, 173, 169, 190, 69, 23, 0]]"
uniform,n200_m5_r04.txt,data\mtsp\generated\n200_m5_r04.txt,200,5,lkh-wrapper-v1,1440.7732616504227,0.144438,0.144416,True,"[{""name"": ""lkh-wrapper-v1"", ""objective"": 1440.7732616504227, ""time"": 0.144416, ""valid"": true}]","[[0, 186, 30, 72, 17, 127, 156, 142, 144, 121, 98, 160, 136, 8, 33, 140, 117, 94, 184, 47, 163, 5, 49, 15, 158, 113, 34, 174, 100, 6, 27, 141, 168, 129, 12, 29, 106, 36, 61, 53, 114, 0], [0, 147, 66, 176, 78, 54, 152, 130, 13, 55, 188, 40, 46, 77, 56, 108, 145, 151, 185, 37, 42, 183, 171, 83, 71, 157, 24, 196, 65, 193, 79, 122, 95, 14, 32, 84, 164, 75, 149, 134, 110, 0], [0, 3, 48, 31, 187, 180, 125, 143, 2, 118, 139, 63, 194, 58, 82, 112, 59, 35, 18, 90, 25, 9, 132, 11, 22, 181, 133, 52, 102, 26, 172, 7, 120, 70, 97, 81, 167, 165, 85, 179, 154, 0], [0, 99, 109, 21, 162, 123, 16, 57, 159, 4, 39, 131, 73, 50, 88, 124, 89, 148, 76, 150, 10, 138, 128, 96, 178, 135, 166, 60, 1, 91, 191, 177, 175, 62, 153, 115, 19, 87, 189, 28, 105, 0], [0, 93, 197, 192, 182, 199, 170, 43, 86, 146, 101, 68, 198, 195, 126, 116, 161, 92, 80, 20, 107, 104, 41, 103, 44, 38, 119, 67, 111, 74, 64, 45, 155, 51, 137, 173, 169, 190, 69, 23, 0]]"
uniform,n200_m5_r04.txt,data\mtsp\generated\n200_m5_r04.txt,200,5,lkh-wrapper-v2,1329.96007184246,0.075848,0.075828,True,"[{""name"": ""lkh-wrapper-v2"", ""objective"": 1329.96007184246, ""time"": 0.075828, ""valid"": true}]","[[0, 40, 46, 77, 161, 108, 145, 151, 185, 37, 42, 183, 171, 83, 71, 157, 24, 196, 65, 193, 158, 15, 5, 47, 163, 49, 140, 33, 8, 136, 160, 79, 12, 29, 106, 61, 36, 105, 198, 110, 0], [0, 147, 66, 78, 54, 13, 55, 188, 130, 152, 195, 126, 116, 184, 94, 117, 113, 34, 174, 100, 168, 129, 141, 27, 6, 176, 53, 114, 0], [0, 3, 93, 21, 48, 31, 187, 180, 123, 162, 16, 57, 159, 4, 39, 73, 50, 124, 89, 148, 76, 179, 101, 68, 175, 186, 146, 150, 178, 135, 60, 30, 1, 91, 191, 177, 115, 19, 87, 189, 28, 122, 98, 121, 144, 95, 14, 142, 32, 84, 164, 156, 75, 134, 149, 127, 17, 72, 166, 96, 128, 138, 10, 86, 43, 85, 192, 170, 199, 182, 165, 167, 81, 97, 7, 120, 70, 131, 9, 25, 90, 18, 59, 112, 82, 58, 2, 143, 118, 194, 63, 139, 155, 51, 45, 64, 111, 67, 74, 80, 119, 38, 44, 103, 41, 104, 107, 20, 92, 56, 137, 169, 190, 173, 125, 69, 109, 23, 99, 0], [0, 197, 154, 62, 153, 0], [0, 88, 172, 26, 102, 52, 133, 181, 132, 22, 11, 35, 0]]"
uniform,n200_m5_r04.txt,data\mtsp\generated\n200_m5_r04.txt,200,5,lkh-wrapper-v3,1342.4416906206486,0.042768,0.042757,True,"[{""name"": ""lkh-wrapper-v3"", ""objective"": 1342.4416906206486, ""time"": 0.042757, ""valid"": true}]","[[0, 197, 90, 18, 35, 25, 9, 131, 70, 120, 7, 172, 26, 102, 52, 133, 181, 132, 22, 11, 59, 112, 82, 58, 194, 63, 139, 118, 2, 143, 155, 45, 64, 51, 137, 56, 108, 145, 161, 77, 40, 46, 151, 185, 37, 42, 183, 171, 83, 71, 157, 24, 196, 65, 193, 158, 15, 5, 47, 163, 49, 140, 33, 8, 136, 160, 79, 12, 29, 106, 61, 36, 105, 198, 0], [0, 114, 53, 176, 78, 54, 152, 195, 6, 27, 141, 129, 168, 113, 34, 174, 100, 126, 116, 20, 107, 104, 41, 103, 44, 38, 119, 67, 111, 74, 80, 92, 188, 130, 55, 13, 66, 147, 0], [0, 3, 99, 23, 109, 21, 48, 31, 69, 190, 169, 173, 125, 187, 180, 123, 162, 16, 57, 159, 4, 39, 73, 50, 88, 124, 89, 148, 76, 179, 85, 165, 167, 81, 97, 182, 199, 170, 192, 43, 86, 146, 150, 10, 138, 128, 96, 178, 135, 166, 72, 17, 127, 149, 134, 75, 156, 164, 84, 32, 142, 14, 95, 144, 121, 98, 122, 28, 189, 87, 19, 115, 177, 191, 91, 1, 30, 60, 186, 175, 62, 68, 101, 0], [0, 93, 154, 153, 117, 94, 184, 0], [0, 110, 0]]"
uniform,n200_m5_r05.txt,data\mtsp\generated\n200_m5_r05.txt,200,5,rand+nn,3204.293222229746,0.001377,0.001365,True,"[{""name"": ""rand+nn"", ""objective"": 3204.293222229746, ""time"": 0.001365, ""valid"": true}]","[[0, 1, 118, 171, 185, 176, 9, 55, 157, 10, 160, 13, 146, 189, 91, 138, 84, 48, 128, 107, 147, 179, 5, 121, 122, 152, 119, 56, 167, 32, 105, 163, 99, 137, 103, 93, 6, 123, 195, 3, 169, 0], [0, 110, 182, 154, 149, 25, 53, 36, 131, 187, 174, 125, 11, 114, 77, 175, 86, 190, 71, 12, 166, 199, 14, 197, 87, 144, 129, 100, 23, 120, 140, 178, 30, 116, 188, 7, 54, 59, 66, 76, 79, 0], [0, 57, 139, 44, 96, 170, 164, 62, 40, 63, 51, 65, 98, 135, 194, 153, 61, 165, 19, 72, 132, 18, 141, 162, 85, 46, 127, 16, 22, 49, 21, 181, 108, 39, 74, 133, 89, 29, 33, 113, 156, 0], [0, 27, 17, 142, 168, 151, 198, 41, 193, 117, 192, 92, 50, 191, 124, 75, 115, 104, 80, 112, 52, 28, 109, 24, 102, 159, 180, 161, 70, 136, 42, 184, 2, 150, 15, 134, 88, 155, 35, 60, 37, 0], [0, 82, 68, 47, 111, 145, 81, 31, 83, 126, 106, 26, 148, 78, 97, 173, 172, 8, 158, 67, 94, 64, 101, 58, 90, 38, 95, 73, 130, 45, 34, 43, 20, 183, 177, 186, 196, 69, 4, 143, 0]]"
uniform,n200_m5_r05.txt,data\mtsp\generated\n200_m5_r05.txt,200,5,2opt+greed,1931.1209509104742,0.001448,0.001438,True,"[{""name"": ""2opt+greed"", ""objective"": 1931.1209509104742, ""time"": 0.001438, ""valid"": true}]","[[0, 110, 182, 104, 19, 115, 158, 154, 80, 101, 149, 112, 33, 52, 25, 119, 107, 147, 53, 5, 28, 37, 46, 85, 45, 188, 132, 90, 169, 3, 30, 73, 26, 194, 79, 98, 192, 14, 138, 196, 54, 0], [0, 57, 1, 171, 170, 126, 93, 6, 106, 50, 92, 135, 123, 76, 83, 117, 193, 65, 31, 63, 51, 41, 157, 199, 40, 81, 55, 198, 62, 9, 10, 166, 74, 145, 12, 151, 96, 185, 89, 136, 59, 0], [0, 27, 108, 29, 69, 4, 91, 146, 15, 124, 87, 103, 95, 141, 38, 18, 60, 116, 34, 43, 16, 122, 121, 159, 127, 109, 24, 179, 102, 36, 131, 180, 183, 49, 21, 161, 114, 77, 17, 82, 181, 0], [0, 190, 44, 168, 111, 39, 47, 184, 66, 2, 133, 13, 150, 164, 191, 137, 88, 72, 155, 35, 56, 58, 162, 22, 20, 7, 152, 187, 128, 70, 177, 48, 174, 125, 11, 186, 175, 142, 68, 86, 139, 0], [0, 71, 118, 64, 165, 67, 75, 94, 195, 172, 8, 178, 167, 140, 32, 134, 120, 23, 100, 156, 130, 113, 148, 99, 78, 163, 97, 173, 105, 129, 153, 144, 61, 197, 176, 160, 189, 42, 143, 84, 0]]"
uniform,n200_m5_r05.txt,data\mtsp\generated\n200_m5_r05.txt,200,5,grasp,1391.8866048688412,4.924125,4.924111,True,"[{""name"": ""grasp"", ""objective"": 1391.8866048688412, ""time"": 4.924111, ""valid"": true}]","[[0, 110, 67, 163, 78, 113, 156, 130, 103, 26, 137, 93, 6, 106, 50, 79, 92, 135, 192, 98, 76, 83, 123, 117, 193, 65, 31, 63, 51, 41, 157, 126, 14, 191, 87, 194, 148, 99, 153, 165, 57, 0], [0, 27, 108, 181, 82, 17, 77, 161, 114, 186, 138, 29, 84, 196, 54, 69, 4, 143, 136, 89, 66, 184, 2, 133, 160, 13, 146, 150, 15, 81, 40, 198, 62, 9, 176, 164, 55, 199, 124, 197, 170, 0], [0, 139, 168, 111, 47, 39, 86, 68, 142, 175, 11, 177, 48, 174, 125, 59, 42, 91, 189, 74, 145, 166, 10, 12, 151, 185, 96, 44, 190, 71, 1, 75, 94, 195, 172, 8, 58, 132, 52, 25, 119, 0], [0, 182, 147, 107, 180, 183, 21, 49, 70, 128, 187, 131, 36, 152, 7, 20, 22, 122, 121, 159, 102, 179, 24, 53, 109, 5, 16, 43, 34, 127, 28, 33, 112, 149, 101, 56, 158, 115, 19, 154, 104, 0], [0, 118, 171, 64, 61, 144, 129, 105, 173, 97, 100, 23, 120, 134, 88, 73, 30, 32, 140, 167, 178, 35, 72, 155, 90, 3, 169, 95, 141, 38, 18, 60, 116, 162, 188, 45, 85, 46, 37, 80, 0]]"
uniform,n200_m5_r05.txt,data\mtsp\generated\n200_m5_r05.txt,200,5,lkh-wrapper,1730.8427992469415,0.137205,0.137184,True,"[{""name"": ""lkh-wrapper"", ""objective"": 1730.8427992469415, ""time"": 0.137184, ""valid"": true}]","[[0, 110, 182, 104, 19, 115, 158, 154, 80, 101, 149, 112, 33, 52, 25, 119, 107, 147, 53, 109, 5, 127, 37, 85, 45, 188, 132, 90, 169, 3, 73, 88, 103, 137, 50, 135, 192, 164, 42, 138, 190, 0], [0, 165, 197, 14, 126, 106, 93, 6, 79, 92, 98, 76, 83, 123, 117, 193, 65, 31, 63, 51, 41, 157, 199, 55, 198, 40, 81, 62, 9, 176, 10, 166, 74, 189, 91, 145, 12, 151, 185, 96, 170, 0], [0, 181, 82, 161, 21, 49, 183, 180, 131, 36, 102, 24, 179, 159, 121, 122, 16, 43, 34, 46, 162, 116, 60, 18, 38, 141, 95, 30, 87, 191, 160, 13, 89, 4, 69, 196, 54, 114, 77, 17, 108, 0], [0, 71, 44, 168, 111, 39, 47, 184, 66, 2, 133, 146, 150, 15, 124, 194, 26, 72, 155, 35, 56, 58, 28, 22, 20, 7, 152, 187, 128, 70, 177, 48, 174, 125, 11, 186, 175, 142, 68, 86, 139, 0], [0, 27, 29, 84, 143, 136, 59, 1, 118, 171, 64, 61, 144, 153, 99, 148, 78, 163, 129, 105, 173, 97, 113, 130, 156, 100, 23, 120, 134, 32, 140, 167, 178, 8, 172, 195, 94, 75, 67, 57, 0]]"
uniform,n200_m5_r05.txt,data\mtsp\generated\n200_m5_r05.txt,200,5,lkh-wrapper-v1,1730.8427992469415,0.132852,0.132828,True,"[{""name"": ""lkh-wrapper-v1"", ""objective"": 1730.8427992469415, ""time"": 0.132828, ""valid"": true}]","[[0, 110, 182, 104, 19, 115, 158, 154, 80, 101, 149, 112, 33, 52, 25, 119, 107, 147, 53, 109, 5, 127, 37, 85, 45, 188, 132, 90, 169, 3, 73, 88, 103, 137, 50, 135, 192, 164, 42, 138, 190, 0], [0, 165, 197, 14, 126, 106, 93, 6, 79, 92, 98, 76, 83, 123, 117, 193, 65, 31, 63, 51, 41, 157, 199, 55, 198, 40, 81, 62, 9, 176, 10, 166, 74, 189, 91, 145, 12, 151, 185, 96, 170, 0], [0, 181, 82, 161, 21, 49, 183, 180, 131, 36, 102, 24, 179, 159, 121, 122, 16, 43, 34, 46, 162, 116, 60, 18, 38, 141, 95, 30, 87, 191, 160, 13, 89, 4, 69, 196, 54, 114, 77, 17, 108, 0], [0, 71, 44, 168, 111, 39, 47, 184, 66, 2, 133, 146, 150, 15, 124, 194, 26, 72, 155, 35, 56, 58, 28, 22, 20, 7, 152, 187, 128, 70, 177, 48, 174, 125, 11, 186, 175, 142, 68, 86, 139, 0], [0, 27, 29, 84, 143, 136, 59, 1, 118, 171, 64, 61, 144, 153, 99, 148, 78, 163, 129, 105, 173, 97, 113, 130, 156, 100, 23, 120, 134, 32, 140, 167, 178, 8, 172, 195, 94, 75, 67, 57, 0]]"
uniform,n200_m5_r05.txt,data\mtsp\generated\n200_m5_r05.txt,200,5,lkh-wrapper-v2,1272.4752870445018,0.04815,0.048128,True,"[{""name"": ""lkh-wrapper-v2"", ""objective"": 1272.4752870445018, ""time"": 0.048128, ""valid"": true}]","[[0, 110, 104, 19, 115, 158, 154, 80, 101, 149, 112, 33, 52, 25, 147, 107, 119, 182, 0], [0, 57, 165, 67, 75, 94, 195, 172, 8, 32, 140, 167, 178, 72, 155, 35, 56, 58, 132, 116, 90, 60, 18, 38, 141, 95, 169, 3, 30, 73, 88, 134, 120, 23, 100, 156, 130, 113, 97, 173, 105, 129, 163, 78, 99, 148, 79, 92, 98, 135, 192, 123, 126, 153, 144, 61, 64, 171, 118, 1, 71, 190, 0], [0, 188, 162, 45, 85, 46, 37, 34, 43, 16, 127, 28, 5, 109, 53, 24, 179, 102, 36, 159, 121, 122, 22, 20, 7, 152, 131, 180, 187, 49, 21, 161, 114, 77, 17, 82, 181, 108, 27, 0], [0, 183, 128, 70, 177, 48, 174, 125, 11, 186, 175, 142, 68, 86, 39, 47, 111, 168, 44, 139, 0], [0, 170, 176, 164, 124, 14, 197, 87, 191, 194, 26, 103, 137, 93, 6, 106, 50, 76, 83, 117, 193, 65, 31, 63, 51, 41, 157, 199, 55, 198, 62, 9, 40, 81, 15, 150, 146, 13, 160, 133, 2, 184, 66, 89, 136, 143, 4, 69, 54, 196, 84, 29, 138, 59, 42, 91, 189, 74, 166, 10, 145, 12, 151, 185, 96, 0]]"
uniform,n200_m5_r05.txt,data\mtsp\generated\n200_m5_r05.txt,200,5,lkh-wrapper-v3,1290.7285313907919,0.014313,0.014293,True,"[{""name"": ""lkh-wrapper-v3"", ""objective"": 1290.7285313907919, ""time"": 0.014293, ""valid"": true}]","[[0, 110, 104, 19, 115, 158, 154, 80, 101, 149, 112, 33, 52, 25, 147, 107, 119, 182, 0], [0, 57, 165, 67, 75, 94, 195, 172, 8, 32, 140, 167, 178, 72, 155, 35, 56, 58, 132, 116, 18, 60, 90, 3, 169, 38, 141, 95, 30, 73, 88, 134, 120, 23, 100, 156, 130, 113, 97, 173, 105, 129, 163, 78, 99, 148, 79, 92, 98, 135, 192, 123, 126, 153, 144, 61, 64, 171, 118, 1, 71, 190, 0], [0, 27, 108, 17, 77, 114, 161, 21, 49, 187, 180, 131, 36, 152, 7, 20, 22, 122, 121, 159, 16, 43, 34, 37, 46, 85, 162, 188, 45, 28, 127, 5, 109, 53, 24, 179, 102, 82, 181, 0], [0, 139, 44, 168, 111, 47, 39, 86, 68, 142, 175, 186, 11, 125, 54, 174, 48, 177, 70, 128, 183, 0], [0, 96, 185, 145, 74, 189, 91, 42, 59, 138, 29, 84, 196, 69, 4, 143, 136, 89, 66, 184, 2, 133, 160, 13, 146, 15, 150, 166, 10, 12, 151, 176, 164, 9, 62, 81, 40, 198, 55, 199, 157, 41, 51, 63, 31, 65, 193, 117, 83, 76, 50, 106, 6, 93, 103, 26, 137, 194, 191, 87, 197, 14, 124, 170, 0]]"
uniform,n200_m5_r06.txt,data\mtsp\generated\n200_m5_r06.txt,200,5,rand+nn,3099.304190311799,0.000952,0.000943,True,"[{""name"": ""rand+nn"", ""objective"": 3099.304190311799, ""time"": 0.000943, ""valid"": true}]","[[0, 169, 138, 3, 185, 146, 189, 137, 163, 99, 9, 157, 48, 10, 176, 84, 105, 167, 171, 91, 147, 160, 103, 5, 152, 32, 107, 123, 118, 1, 121, 128, 55, 13, 56, 195, 122, 179, 6, 93, 119, 0], [0, 53, 120, 154, 36, 116, 11, 129, 182, 100, 131, 125, 7, 175, 188, 71, 77, 59, 79, 14, 197, 76, 25, 174, 23, 114, 140, 187, 30, 110, 190, 12, 86, 54, 87, 144, 166, 199, 178, 66, 149, 0], [0, 170, 164, 22, 181, 96, 156, 74, 49, 162, 194, 85, 98, 39, 57, 51, 72, 113, 16, 89, 133, 18, 19, 127, 165, 141, 108, 21, 65, 62, 29, 33, 132, 46, 139, 44, 135, 40, 61, 153, 63, 0], [0, 41, 80, 35, 198, 27, 24, 17, 70, 161, 184, 134, 159, 112, 88, 28, 102, 92, 136, 37, 60, 50, 15, 117, 192, 104, 142, 52, 115, 151, 193, 150, 124, 191, 42, 75, 180, 2, 168, 109, 155, 0], [0, 95, 126, 143, 97, 101, 111, 34, 20, 106, 145, 83, 90, 148, 31, 43, 82, 196, 183, 4, 94, 8, 64, 47, 158, 78, 45, 173, 68, 67, 177, 58, 69, 73, 172, 186, 81, 26, 130, 38, 0]]"
uniform,n200_m5_r06.txt,data\mtsp\generated\n200_m5_r06.txt,200,5,2opt+greed,1787.8359381682194,0.001282,0.001274,True,"[{""name"": ""2opt+greed"", ""objective"": 1787.8359381682194, ""time"": 0.001274, ""valid"": true}]","[[0, 170, 164, 79, 43, 75, 181, 180, 33, 23, 47, 167, 132, 114, 158, 105, 64, 161, 174, 94, 184, 8, 29, 176, 134, 4, 159, 183, 48, 85, 102, 9, 71, 74, 196, 10, 96, 156, 59, 138, 82, 0], [0, 95, 169, 22, 14, 89, 41, 133, 80, 148, 90, 46, 139, 2, 40, 149, 69, 168, 58, 5, 103, 160, 19, 35, 147, 198, 141, 27, 127, 67, 171, 24, 78, 45, 21, 140, 49, 77, 88, 92, 99, 0], [0, 126, 110, 34, 190, 12, 86, 155, 119, 20, 199, 6, 113, 116, 172, 51, 193, 11, 151, 178, 121, 1, 32, 144, 152, 109, 66, 54, 18, 31, 197, 76, 91, 68, 65, 62, 136, 163, 26, 81, 157, 0], [0, 53, 93, 142, 111, 120, 101, 16, 179, 154, 73, 104, 36, 118, 52, 115, 123, 107, 166, 145, 106, 63, 153, 61, 83, 87, 44, 135, 165, 17, 177, 70, 173, 108, 25, 84, 194, 112, 37, 28, 162, 0], [0, 143, 186, 185, 146, 50, 98, 130, 60, 38, 137, 188, 189, 175, 125, 131, 100, 42, 56, 150, 182, 13, 128, 55, 72, 124, 191, 129, 57, 195, 192, 117, 122, 39, 7, 15, 3, 97, 30, 187, 0]]"
uniform,n200_m5_r06.txt,data\mtsp\generated\n200_m5_r06.txt,200,5,grasp,1431.789749248133,5.169874,5.169858,True,"[{""name"": ""grasp"", ""objective"": 1431.789749248133, ""time"": 5.169858, ""valid"": true}]","[[0, 53, 93, 142, 111, 120, 101, 179, 6, 199, 34, 110, 190, 12, 86, 155, 119, 20, 123, 52, 118, 115, 1, 121, 178, 151, 116, 172, 57, 56, 195, 122, 39, 7, 15, 146, 185, 186, 3, 97, 143, 0], [0, 126, 95, 79, 181, 75, 62, 140, 94, 176, 159, 183, 162, 88, 85, 28, 92, 37, 136, 102, 60, 163, 130, 38, 137, 188, 189, 175, 50, 98, 99, 26, 81, 9, 71, 77, 49, 157, 74, 156, 59, 0], [0, 170, 169, 89, 18, 147, 198, 35, 19, 160, 103, 127, 27, 141, 70, 24, 67, 171, 177, 17, 165, 5, 58, 168, 69, 149, 40, 135, 54, 87, 144, 153, 44, 2, 139, 46, 90, 148, 80, 133, 41, 0], [0, 82, 43, 138, 187, 30, 16, 192, 117, 125, 131, 100, 42, 182, 13, 150, 128, 55, 72, 124, 191, 11, 193, 51, 129, 36, 113, 73, 154, 104, 107, 166, 145, 106, 63, 32, 152, 61, 66, 109, 83, 0], [0, 164, 22, 14, 31, 197, 76, 91, 173, 68, 65, 180, 25, 21, 108, 33, 23, 47, 45, 78, 167, 132, 114, 158, 105, 64, 161, 174, 184, 8, 29, 134, 4, 84, 194, 112, 48, 196, 10, 96, 0]]"
uniform,n200_m5_r06.txt,data\mtsp\generated\n200_m5_r06.txt,200,5,lkh-wrapper,1564.6059230392118,0.163308,0.163287,True,"[{""name"": ""lkh-wrapper"", ""objective"": 1564.6059230392118, ""time"": 0.163287, ""valid"": true}]","[[0, 138, 59, 74, 71, 9, 85, 28, 102, 92, 136, 37, 88, 48, 183, 159, 4, 134, 176, 29, 8, 184, 94, 174, 161, 64, 105, 158, 114, 132, 167, 47, 23, 33, 108, 181, 75, 43, 79, 164, 170, 0], [0, 95, 169, 22, 14, 89, 41, 133, 80, 148, 90, 139, 2, 135, 40, 149, 69, 168, 58, 5, 103, 160, 19, 35, 147, 198, 141, 27, 127, 67, 171, 24, 78, 45, 21, 140, 10, 196, 156, 96, 82, 0], [0, 18, 31, 197, 76, 91, 65, 180, 62, 157, 81, 26, 163, 99, 51, 193, 11, 172, 116, 151, 178, 121, 1, 104, 6, 199, 20, 119, 155, 153, 144, 152, 61, 66, 87, 86, 12, 190, 34, 110, 126, 0], [0, 53, 93, 142, 111, 120, 101, 16, 179, 154, 73, 113, 36, 118, 52, 115, 123, 107, 166, 145, 106, 63, 32, 109, 83, 54, 44, 46, 165, 17, 177, 70, 173, 68, 25, 84, 194, 112, 162, 77, 49, 0], [0, 143, 3, 186, 185, 146, 50, 98, 130, 60, 38, 137, 188, 189, 175, 15, 7, 122, 39, 125, 131, 100, 42, 56, 150, 182, 13, 128, 55, 72, 124, 191, 129, 57, 195, 117, 192, 97, 30, 187, 0]]"
uniform,n200_m5_r06.txt,data\mtsp\generated\n200_m5_r06.txt,200,5,lkh-wrapper-v1,1564.6059230392118,0.164641,0.16462,True,"[{""name"": ""lkh-wrapper-v1"", ""objective"": 1564.6059230392118, ""time"": 0.16462, ""valid"": true}]","[[0, 138, 59, 74, 71, 9, 85, 28, 102, 92, 136, 37, 88, 48, 183, 159, 4, 134, 176, 29, 8, 184, 94, 174, 161, 64, 105, 158, 114, 132, 167, 47, 23, 33, 108, 181, 75, 43, 79, 164, 170, 0], [0, 95, 169, 22, 14, 89, 41, 133, 80, 148, 90, 139, 2, 135, 40, 149, 69, 168, 58, 5, 103, 160, 19, 35, 147, 198, 141, 27, 127, 67, 171, 24, 78, 45, 21, 140, 10, 196, 156, 96, 82, 0], [0, 18, 31, 197, 76, 91, 65, 180, 62, 157, 81, 26, 163, 99, 51, 193, 11, 172, 116, 151, 178, 121, 1, 104, 6, 199, 20, 119, 155, 153, 144, 152, 61, 66, 87, 86, 12, 190, 34, 110, 126, 0], [0, 53, 93, 142, 111, 120, 101, 16, 179, 154, 73, 113, 36, 118, 52, 115, 123, 107, 166, 145, 106, 63, 32, 109, 83, 54, 44, 46, 165, 17, 177, 70, 173, 68, 25, 84, 194, 112, 162, 77, 49, 0], [0, 143, 3, 186, 185, 146, 50, 98, 130, 60, 38, 137, 188, 189, 175, 15, 7, 122, 39, 125, 131, 100, 42, 56, 150, 182, 13, 128, 55, 72, 124, 191, 129, 57, 195, 117, 192, 97, 30, 187, 0]]"
uniform,n200_m5_r06.txt,data\mtsp\generated\n200_m5_r06.txt,200,5,lkh-wrapper-v2,1313.7087950492323,0.050076,0.050057,True,"[{""name"": ""lkh-wrapper-v2"", ""objective"": 1313.7087950492323, ""time"": 0.050057, ""valid"": true}]","[[0, 53, 101, 16, 154, 73, 113, 129, 150, 182, 13, 128, 55, 72, 124, 191, 11, 193, 51, 172, 116, 36, 104, 6, 142, 111, 120, 93, 126, 95, 170, 0], [0, 110, 34, 190, 12, 86, 90, 46, 139, 2, 61, 66, 40, 149, 69, 168, 58, 5, 103, 80, 133, 148, 41, 89, 18, 147, 19, 160, 127, 165, 17, 177, 24, 171, 67, 27, 35, 198, 141, 91, 76, 197, 31, 181, 75, 43, 79, 22, 14, 169, 164, 0], [0, 143, 3, 186, 185, 146, 50, 98, 99, 81, 26, 85, 37, 136, 92, 102, 60, 28, 163, 130, 38, 137, 188, 189, 175, 15, 7, 122, 39, 125, 131, 100, 42, 56, 57, 195, 117, 192, 97, 30, 187, 0], [0, 138, 59, 156, 10, 196, 74, 157, 9, 71, 49, 77, 48, 183, 162, 88, 112, 194, 84, 159, 4, 134, 176, 29, 8, 184, 94, 174, 161, 33, 23, 64, 105, 158, 132, 114, 47, 167, 78, 45, 70, 173, 68, 108, 21, 25, 65, 180, 140, 62, 96, 82, 0], [0, 199, 20, 119, 155, 44, 54, 135, 87, 83, 109, 152, 144, 153, 32, 63, 106, 145, 166, 107, 123, 52, 118, 115, 1, 121, 178, 151, 179, 0]]"
uniform,n200_m5_r06.txt,data\mtsp\generated\n200_m5_r06.txt,200,5,lkh-wrapper-v3,1280.2317660939111,0.015834,0.015822,True,"[{""name"": ""lkh-wrapper-v3"", ""objective"": 1280.2317660939111, ""time"": 0.015822, ""valid"": true}]","[[0, 170, 95, 126, 53, 93, 120, 111, 142, 6, 104, 36, 118, 52, 115, 1, 151, 178, 121, 191, 124, 72, 55, 128, 13, 182, 150, 129, 11, 193, 51, 172, 116, 113, 73, 154, 179, 16, 101, 0], [0, 164, 169, 14, 22, 79, 43, 75, 181, 31, 197, 76, 91, 141, 198, 27, 35, 147, 18, 19, 160, 103, 2, 54, 44, 87, 83, 109, 66, 61, 152, 144, 153, 32, 63, 106, 145, 166, 107, 123, 199, 20, 119, 155, 190, 110, 0], [0, 143, 3, 186, 185, 146, 50, 98, 99, 81, 26, 85, 28, 102, 92, 37, 136, 60, 163, 130, 38, 137, 188, 189, 175, 15, 7, 122, 39, 125, 131, 100, 42, 56, 57, 195, 117, 192, 97, 30, 187, 0], [0, 138, 59, 156, 74, 157, 9, 71, 49, 77, 88, 162, 112, 194, 84, 159, 183, 48, 196, 10, 4, 134, 176, 29, 8, 184, 94, 174, 161, 33, 23, 47, 64, 105, 158, 114, 132, 167, 78, 45, 70, 173, 68, 108, 21, 25, 65, 180, 140, 62, 96, 82, 0], [0, 34, 12, 86, 90, 46, 139, 135, 40, 149, 69, 168, 58, 5, 165, 17, 177, 24, 171, 67, 127, 80, 133, 148, 41, 89, 0]]"
uniform,n200_m5_r07.txt,data\mtsp\generated\n200_m5_r07.txt,200,5,rand+nn,3064.050235540394,0.001866,0.001854,True,"[{""name"": ""rand+nn"", ""objective"": 3064.050235540394, ""time"": 0.001854, ""valid"": true}]","[[0, 56, 185, 146, 189, 137, 55, 176, 119, 93, 167, 195, 103, 179, 122, 48, 32, 9, 118, 157, 13, 171, 99, 1, 91, 107, 163, 160, 10, 105, 121, 3, 123, 138, 128, 84, 5, 147, 169, 152, 6, 0], [0, 144, 166, 36, 76, 174, 197, 114, 86, 149, 199, 116, 77, 66, 100, 53, 30, 7, 175, 178, 120, 140, 11, 87, 25, 187, 14, 110, 182, 71, 154, 125, 131, 54, 12, 23, 79, 188, 59, 190, 129, 0], [0, 96, 89, 153, 49, 108, 139, 62, 29, 33, 39, 21, 18, 57, 65, 156, 85, 72, 16, 46, 51, 194, 170, 181, 162, 133, 98, 141, 135, 165, 113, 22, 40, 74, 127, 61, 132, 63, 44, 19, 164, 0], [0, 52, 41, 102, 193, 159, 88, 24, 75, 117, 35, 70, 161, 109, 50, 115, 191, 2, 42, 155, 168, 104, 134, 142, 198, 192, 124, 60, 136, 151, 184, 112, 80, 150, 17, 37, 15, 180, 92, 27, 28, 0], [0, 8, 196, 83, 73, 47, 38, 183, 97, 78, 173, 34, 145, 58, 81, 186, 101, 64, 106, 172, 158, 130, 43, 111, 82, 177, 148, 95, 126, 143, 94, 4, 31, 68, 90, 45, 20, 67, 26, 69, 0]]"
uniform,n200_m5_r07.txt,data\mtsp\generated\n200_m5_r07.txt,200,5,2opt+greed,1860.8141302499757,0.001265,0.001257,True,"[{""name"": ""2opt+greed"", ""objective"": 1860.8141302499757, ""time"": 0.001257, ""valid"": true}]","[[0, 146, 184, 65, 178, 175, 156, 90, 150, 72, 169, 92, 26, 152, 53, 164, 67, 30, 31, 4, 94, 7, 68, 176, 63, 195, 124, 20, 139, 48, 108, 71, 49, 155, 191, 2, 179, 122, 42, 57, 144, 0], [0, 96, 196, 83, 74, 50, 190, 61, 129, 38, 171, 157, 13, 151, 182, 103, 93, 119, 137, 189, 112, 85, 77, 177, 148, 95, 17, 126, 80, 143, 37, 66, 180, 15, 100, 69, 51, 46, 16, 170, 185, 0], [0, 8, 89, 153, 41, 73, 52, 102, 193, 59, 135, 161, 105, 70, 133, 79, 5, 23, 186, 81, 98, 141, 160, 125, 165, 154, 113, 1, 97, 115, 173, 99, 47, 127, 32, 29, 25, 198, 87, 140, 55, 0], [0, 166, 181, 36, 159, 76, 64, 121, 174, 35, 82, 84, 128, 138, 111, 43, 114, 86, 117, 106, 3, 149, 199, 19, 11, 28, 167, 134, 33, 60, 39, 110, 14, 136, 187, 18, 21, 104, 45, 168, 120, 0], [0, 56, 194, 116, 147, 88, 162, 24, 75, 158, 172, 123, 130, 197, 101, 188, 58, 12, 109, 10, 131, 54, 145, 163, 40, 22, 34, 78, 91, 132, 107, 183, 118, 62, 9, 6, 192, 142, 27, 44, 0]]"
uniform,n200_m5_r07.txt,data\mtsp\generated\n200_m5_r07.txt,200,5,grasp,1401.4248513845973,5.173965,5.173949,True,"[{""name"": ""grasp"", ""objective"": 1401.4248513845973, ""time"": 5.173949, ""valid"": true}]","[[0, 57, 42, 122, 18, 168, 104, 25, 134, 142, 103, 192, 124, 33, 60, 39, 110, 14, 136, 182, 20, 29, 6, 151, 139, 9, 32, 62, 118, 171, 183, 99, 157, 13, 48, 108, 71, 2, 191, 155, 8, 0], [0, 96, 146, 184, 87, 198, 167, 195, 93, 28, 27, 63, 119, 140, 137, 11, 44, 176, 55, 19, 67, 30, 164, 53, 152, 26, 69, 15, 100, 37, 143, 4, 31, 94, 7, 68, 150, 156, 90, 112, 185, 0], [0, 166, 181, 36, 159, 193, 102, 59, 135, 161, 105, 70, 121, 162, 24, 174, 43, 111, 138, 128, 82, 84, 5, 79, 23, 186, 58, 81, 98, 101, 133, 188, 141, 10, 131, 160, 74, 83, 73, 52, 144, 0], [0, 56, 194, 116, 147, 88, 199, 75, 3, 106, 86, 123, 117, 172, 158, 149, 51, 46, 16, 169, 72, 92, 180, 177, 66, 148, 95, 17, 126, 80, 77, 85, 189, 65, 175, 178, 45, 21, 187, 179, 120, 0], [0, 170, 76, 64, 197, 130, 114, 35, 12, 109, 54, 145, 163, 34, 40, 22, 125, 165, 154, 113, 50, 1, 190, 97, 91, 78, 173, 107, 115, 132, 61, 129, 38, 47, 127, 196, 49, 89, 153, 41, 0]]"
uniform,n200_m5_r07.txt,data\mtsp\generated\n200_m5_r07.txt,200,5,lkh-wrapper,1700.917151259677,0.088514,0.088488,True,"[{""name"": ""lkh-wrapper"", ""objective"": 1700.917151259677, ""time"": 0.088488, ""valid"": true}]","[[0, 96, 146, 57, 42, 122, 179, 2, 191, 155, 49, 71, 32, 9, 182, 124, 192, 195, 176, 55, 156, 90, 175, 178, 184, 65, 150, 68, 7, 94, 4, 31, 30, 67, 164, 53, 152, 26, 177, 92, 72, 0], [0, 56, 185, 112, 189, 85, 77, 169, 16, 46, 51, 180, 69, 15, 100, 37, 143, 66, 148, 95, 17, 126, 80, 19, 44, 93, 167, 103, 108, 13, 157, 171, 99, 38, 61, 190, 50, 74, 83, 196, 144, 0], [0, 8, 89, 153, 41, 73, 52, 102, 193, 59, 135, 161, 105, 70, 133, 101, 79, 5, 23, 186, 141, 10, 160, 125, 165, 154, 113, 1, 97, 91, 115, 132, 47, 127, 48, 29, 20, 25, 140, 119, 11, 0], [0, 166, 181, 36, 159, 76, 64, 121, 174, 3, 130, 114, 35, 82, 84, 128, 138, 111, 43, 86, 123, 149, 199, 137, 63, 27, 28, 87, 134, 60, 39, 110, 14, 136, 187, 21, 104, 45, 168, 18, 120, 0], [0, 198, 142, 33, 6, 151, 139, 62, 118, 183, 129, 107, 173, 78, 22, 40, 34, 163, 145, 54, 131, 109, 12, 58, 81, 188, 98, 197, 106, 117, 172, 158, 75, 24, 162, 88, 147, 116, 194, 170, 0]]"
uniform,n200_m5_r07.txt,data\mtsp\generated\n200_m5_r07.txt,200,5,lkh-wrapper-v1,1700.917151259677,0.091738,0.091719,True,"[{""name"": ""lkh-wrapper-v1"", ""objective"": 1700.917151259677, ""time"": 0.091719, ""valid"": true}]","[[0, 96, 146, 57, 42, 122, 179, 2, 191, 155, 49, 71, 32, 9, 182, 124, 192, 195, 176, 55, 156, 90, 175, 178, 184, 65, 150, 68, 7, 94, 4, 31, 30, 67, 164, 53, 152, 26, 177, 92, 72, 0], [0, 56, 185, 112, 189, 85, 77, 169, 16, 46, 51, 180, 69, 15, 100, 37, 143, 66, 148, 95, 17, 126, 80, 19, 44, 93, 167, 103, 108, 13, 157, 171, 99, 38, 61, 190, 50, 74, 83, 196, 144, 0], [0, 8, 89, 153, 41, 73, 52, 102, 193, 59, 135, 161, 105, 70, 133, 101, 79, 5, 23, 186, 141, 10, 160, 125, 165, 154, 113, 1, 97, 91, 115, 132, 47, 127, 48, 29, 20, 25, 140, 119, 11, 0], [0, 166, 181, 36, 159, 76, 64, 121, 174, 3, 130, 114, 35, 82, 84, 128, 138, 111, 43, 86, 123, 149, 199, 137, 63, 27, 28, 87, 134, 60, 39, 110, 14, 136, 187, 21, 104, 45, 168, 18, 120, 0], [0, 198, 142, 33, 6, 151, 139, 62, 118, 183, 129, 107, 173, 78, 22, 40, 34, 163, 145, 54, 131, 109, 12, 58, 81, 188, 98, 197, 106, 117, 172, 158, 75, 24, 162, 88, 147, 116, 194, 170, 0]]"
uniform,n200_m5_r07.txt,data\mtsp\generated\n200_m5_r07.txt,200,5,lkh-wrapper-v2,1372.3414632652805,0.07409,0.074069,True,"[{""name"": ""lkh-wrapper-v2"", ""objective"": 1372.3414632652805, ""time"": 0.074069, ""valid"": true}]","[[0, 144, 96, 8, 89, 153, 41, 73, 59, 135, 161, 188, 81, 58, 109, 12, 186, 23, 84, 82, 128, 138, 111, 43, 35, 5, 79, 101, 133, 105, 70, 193, 102, 52, 0], [0, 185, 112, 189, 85, 77, 177, 66, 148, 95, 17, 126, 80, 7, 68, 94, 4, 31, 30, 143, 37, 152, 26, 69, 100, 15, 180, 51, 149, 170, 0], [0, 127, 118, 62, 183, 107, 173, 78, 34, 163, 145, 54, 131, 40, 22, 160, 10, 141, 98, 197, 114, 130, 86, 123, 117, 106, 3, 172, 158, 75, 24, 199, 46, 92, 72, 16, 169, 194, 116, 147, 88, 162, 174, 121, 64, 76, 159, 36, 181, 166, 0], [0, 120, 57, 42, 122, 179, 2, 191, 155, 49, 196, 83, 74, 165, 125, 154, 113, 50, 1, 190, 97, 91, 115, 132, 61, 129, 38, 99, 171, 47, 157, 13, 71, 108, 48, 32, 9, 139, 151, 29, 20, 6, 182, 14, 110, 39, 60, 33, 136, 187, 18, 21, 45, 104, 25, 134, 142, 198, 103, 124, 192, 195, 167, 93, 28, 27, 63, 119, 140, 11, 137, 55, 176, 44, 19, 67, 164, 53, 150, 90, 156, 175, 65, 184, 146, 0], [0, 56, 178, 87, 168, 0]]"
uniform,n200_m5_r07.txt,data\mtsp\generated\n200_m5_r07.txt,200,5,lkh-wrapper-v3,1411.2919845100694,0.024373,0.024359,True,"[{""name"": ""lkh-wrapper-v3"", ""objective"": 1411.2919845100694, ""time"": 0.024359, ""valid"": true}]","[[0, 52, 102, 193, 105, 133, 101, 79, 5, 35, 43, 111, 138, 128, 82, 84, 23, 186, 12, 109, 58, 81, 98, 188, 161, 135, 59, 73, 41, 153, 89, 8, 96, 144, 0], [0, 56, 185, 112, 189, 85, 77, 177, 66, 148, 95, 17, 126, 80, 7, 68, 94, 4, 31, 30, 143, 37, 15, 100, 152, 26, 69, 180, 51, 149, 0], [0, 127, 118, 62, 183, 107, 173, 78, 34, 163, 145, 54, 131, 40, 22, 160, 10, 141, 70, 64, 121, 162, 174, 197, 114, 130, 86, 123, 117, 106, 3, 172, 158, 75, 24, 199, 46, 92, 72, 16, 169, 194, 116, 147, 88, 76, 159, 36, 181, 166, 0], [0, 146, 184, 65, 178, 175, 90, 156, 137, 55, 164, 53, 67, 19, 176, 44, 11, 140, 119, 63, 27, 28, 93, 167, 195, 192, 124, 103, 198, 142, 134, 33, 187, 136, 60, 39, 110, 14, 182, 20, 29, 6, 151, 139, 9, 32, 48, 108, 71, 13, 157, 47, 171, 99, 38, 129, 61, 132, 115, 91, 97, 190, 1, 50, 113, 154, 125, 165, 74, 83, 196, 49, 155, 191, 2, 179, 42, 122, 18, 21, 104, 45, 168, 120, 57, 0], [0, 170, 150, 87, 25, 0]]"
uniform,n200_m5_r08.txt,data\mtsp\generated\n200_m5_r08.txt,200,5,rand+nn,3045.230512114441,0.000942,0.000934,True,"[{""name"": ""rand+nn"", ""objective"": 3045.230512114441, ""time"": 0.000934, ""valid"": true}]","[[0, 152, 48, 147, 84, 179, 107, 195, 119, 123, 128, 55, 5, 105, 93, 157, 185, 146, 122, 10, 160, 103, 189, 138, 56, 9, 3, 1, 169, 171, 99, 167, 91, 6, 163, 137, 32, 118, 121, 13, 176, 0], [0, 66, 7, 149, 36, 187, 76, 71, 116, 175, 178, 53, 77, 23, 174, 120, 188, 129, 154, 25, 11, 54, 14, 30, 182, 100, 79, 59, 190, 110, 87, 197, 166, 125, 86, 114, 144, 140, 131, 199, 12, 0], [0, 46, 156, 153, 40, 39, 18, 139, 29, 170, 33, 44, 51, 132, 165, 22, 49, 181, 63, 113, 57, 164, 108, 96, 135, 85, 133, 194, 21, 98, 127, 72, 89, 19, 62, 162, 141, 74, 61, 16, 65, 0], [0, 109, 192, 80, 41, 191, 134, 70, 115, 15, 112, 180, 142, 193, 184, 50, 28, 52, 150, 151, 102, 198, 168, 136, 2, 161, 37, 88, 27, 124, 35, 17, 117, 159, 92, 155, 75, 24, 104, 42, 60, 0], [0, 8, 173, 126, 183, 34, 67, 130, 106, 143, 158, 26, 20, 73, 145, 69, 97, 4, 45, 78, 196, 172, 81, 83, 58, 90, 101, 43, 47, 68, 94, 148, 186, 111, 177, 38, 95, 64, 82, 31, 0]]"
uniform,n200_m5_r08.txt,data\mtsp\generated\n200_m5_r08.txt,200,5,2opt+greed,1844.3295618312427,0.00127,0.001262,True,"[{""name"": ""2opt+greed"", ""objective"": 1844.3295618312427, ""time"": 0.001262, ""valid"": true}]","[[0, 152, 7, 149, 195, 22, 181, 97, 140, 45, 162, 78, 141, 83, 196, 131, 4, 49, 165, 90, 119, 123, 117, 104, 24, 116, 175, 118, 178, 155, 98, 133, 13, 19, 158, 86, 110, 135, 41, 147, 84, 0], [0, 66, 48, 80, 20, 197, 166, 26, 125, 62, 176, 143, 106, 85, 10, 160, 103, 130, 138, 190, 9, 56, 59, 52, 189, 150, 122, 87, 12, 191, 169, 126, 1, 183, 79, 100, 67, 3, 182, 194, 99, 0], [0, 36, 187, 101, 159, 76, 71, 51, 43, 132, 17, 55, 199, 128, 61, 35, 74, 124, 157, 58, 93, 60, 105, 68, 94, 16, 77, 65, 53, 25, 95, 11, 167, 54, 64, 89, 72, 180, 112, 154, 15, 0], [0, 107, 153, 115, 179, 127, 193, 34, 142, 184, 171, 30, 21, 28, 50, 14, 91, 38, 177, 111, 40, 188, 120, 174, 23, 6, 39, 18, 186, 139, 29, 148, 137, 163, 32, 44, 31, 82, 129, 70, 156, 0], [0, 109, 8, 164, 108, 146, 73, 145, 102, 151, 96, 173, 46, 134, 92, 170, 75, 42, 33, 121, 47, 5, 88, 27, 172, 81, 37, 185, 161, 2, 63, 136, 113, 168, 198, 69, 114, 57, 144, 192, 0]]"
uniform,n200_m5_r08.txt,data\mtsp\generated\n200_m5_r08.txt,200,5,grasp,1394.4854796678767,5.241011,5.240997,True,"[{""name"": ""grasp"", ""objective"": 1394.4854796678767, ""time"": 5.240997, ""valid"": true}]","[[0, 109, 192, 144, 57, 114, 69, 198, 168, 113, 136, 63, 2, 161, 185, 37, 81, 172, 27, 83, 88, 141, 196, 74, 124, 78, 162, 45, 140, 131, 4, 35, 61, 157, 58, 93, 128, 199, 55, 119, 195, 0], [0, 84, 179, 15, 154, 72, 167, 11, 95, 91, 111, 40, 188, 174, 31, 39, 137, 75, 24, 53, 65, 77, 42, 16, 94, 104, 68, 47, 105, 60, 132, 17, 5, 117, 43, 51, 71, 76, 101, 36, 152, 0], [0, 7, 149, 22, 90, 165, 123, 49, 181, 97, 80, 20, 197, 108, 164, 146, 73, 145, 102, 125, 86, 62, 158, 176, 19, 143, 13, 106, 85, 151, 10, 26, 166, 122, 87, 135, 96, 12, 41, 48, 8, 0], [0, 187, 159, 82, 129, 70, 156, 115, 153, 120, 6, 23, 163, 32, 44, 175, 116, 121, 33, 118, 92, 178, 170, 155, 148, 29, 139, 186, 18, 177, 38, 25, 54, 64, 89, 14, 99, 98, 142, 147, 46, 0], [0, 107, 134, 173, 191, 169, 126, 1, 183, 34, 193, 127, 112, 180, 50, 184, 171, 28, 21, 30, 194, 182, 79, 100, 67, 3, 9, 56, 190, 133, 110, 59, 52, 138, 189, 130, 160, 103, 150, 66, 0]]"
uniform,n200_m5_r08.txt,data\mtsp\generated\n200_m5_r08.txt,200,5,lkh-wrapper,1607.0286371300624,0.108749,0.108729,True,"[{""name"": ""lkh-wrapper"", ""objective"": 1607.0286371300624, ""time"": 0.108729, ""valid"": true}]","[[0, 96, 135, 151, 158, 176, 19, 106, 110, 133, 99, 72, 155, 170, 178, 92, 118, 47, 105, 132, 123, 119, 90, 165, 49, 4, 131, 45, 162, 78, 196, 83, 27, 140, 97, 181, 22, 195, 149, 7, 152, 0], [0, 66, 48, 41, 80, 20, 197, 166, 26, 125, 86, 62, 143, 13, 85, 10, 122, 87, 150, 103, 160, 130, 189, 138, 52, 59, 56, 9, 190, 194, 182, 3, 67, 100, 79, 183, 1, 126, 169, 147, 84, 0], [0, 36, 101, 159, 76, 71, 51, 43, 117, 5, 17, 55, 199, 128, 61, 35, 74, 124, 157, 58, 93, 60, 104, 68, 94, 16, 42, 65, 75, 25, 95, 11, 167, 54, 64, 89, 14, 180, 112, 154, 179, 0], [0, 107, 156, 70, 129, 82, 31, 44, 32, 163, 137, 148, 29, 139, 186, 18, 111, 177, 38, 91, 188, 40, 39, 6, 23, 174, 120, 153, 115, 15, 127, 98, 142, 184, 50, 28, 21, 30, 171, 34, 193, 0], [0, 187, 116, 24, 77, 53, 121, 33, 175, 134, 46, 173, 191, 12, 164, 108, 146, 102, 73, 145, 198, 168, 2, 161, 185, 37, 81, 172, 88, 141, 63, 136, 113, 69, 114, 57, 144, 192, 8, 109, 0]]"
uniform,n200_m5_r08.txt,data\mtsp\generated\n200_m5_r08.txt,200,5,lkh-wrapper-v1,1607.0286371300624,0.105293,0.10527,True,"[{""name"": ""lkh-wrapper-v1"", ""objective"": 1607.0286371300624, ""time"": 0.10527, ""valid"": true}]","[[0, 96, 135, 151, 158, 176, 19, 106, 110, 133, 99, 72, 155, 170, 178, 92, 118, 47, 105, 132, 123, 119, 90, 165, 49, 4, 131, 45, 162, 78, 196, 83, 27, 140, 97, 181, 22, 195, 149, 7, 152, 0], [0, 66, 48, 41, 80, 20, 197, 166, 26, 125, 86, 62, 143, 13, 85, 10, 122, 87, 150, 103, 160, 130, 189, 138, 52, 59, 56, 9, 190, 194, 182, 3, 67, 100, 79, 183, 1, 126, 169, 147, 84, 0], [0, 36, 101, 159, 76, 71, 51, 43, 117, 5, 17, 55, 199, 128, 61, 35, 74, 124, 157, 58, 93, 60, 104, 68, 94, 16, 42, 65, 75, 25, 95, 11, 167, 54, 64, 89, 14, 180, 112, 154, 179, 0], [0, 107, 156, 70, 129, 82, 31, 44, 32, 163, 137, 148, 29, 139, 186, 18, 111, 177, 38, 91, 188, 40, 39, 6, 23, 174, 120, 153, 115, 15, 127, 98, 142, 184, 50, 28, 21, 30, 171, 34, 193, 0], [0, 187, 116, 24, 77, 53, 121, 33, 175, 134, 46, 173, 191, 12, 164, 108, 146, 102, 73, 145, 198, 168, 2, 161, 185, 37, 81, 172, 88, 141, 63, 136, 113, 69, 114, 57, 144, 192, 8, 109, 0]]"
uniform,n200_m5_r08.txt,data\mtsp\generated\n200_m5_r08.txt,200,5,lkh-wrapper-v2,1322.179148175498,0.049577,0.049555,True,"[{""name"": ""lkh-wrapper-v2"", ""objective"": 1322.179148175498, ""time"": 0.049555, ""valid"": true}]","[[0, 112, 180, 72, 25, 95, 11, 167, 54, 64, 89, 14, 99, 98, 142, 193, 34, 184, 50, 171, 28, 21, 30, 182, 194, 190, 133, 110, 85, 106, 13, 143, 19, 176, 158, 62, 86, 125, 102, 145, 73, 146, 164, 108, 26, 166, 197, 20, 80, 48, 8, 109, 152, 0], [0, 66, 173, 191, 41, 12, 96, 135, 150, 87, 122, 151, 10, 160, 103, 130, 189, 138, 52, 59, 56, 9, 3, 67, 100, 79, 183, 1, 126, 169, 147, 46, 0], [0, 7, 192, 144, 97, 57, 114, 69, 198, 168, 113, 136, 63, 2, 161, 185, 37, 81, 172, 88, 141, 196, 78, 162, 45, 140, 131, 4, 49, 181, 22, 149, 195, 90, 165, 119, 123, 128, 199, 55, 17, 5, 117, 43, 51, 71, 76, 159, 101, 187, 36, 0], [0, 107, 156, 70, 129, 82, 31, 174, 120, 188, 40, 91, 38, 177, 111, 39, 6, 23, 44, 32, 163, 137, 18, 186, 139, 29, 148, 155, 170, 178, 92, 118, 175, 116, 33, 121, 24, 53, 65, 77, 94, 68, 47, 105, 60, 93, 58, 157, 61, 35, 124, 74, 83, 27, 0], [0, 132, 104, 16, 42, 75, 153, 115, 15, 154, 127, 179, 84, 134, 0]]"
uniform,n200_m5_r08.txt,data\mtsp\generated\n200_m5_r08.txt,200,5,lkh-wrapper-v3,1353.520790806062,0.014342,0.014329,True,"[{""name"": ""lkh-wrapper-v3"", ""objective"": 1353.520790806062, ""time"": 0.014329, ""valid"": true}]","[[0, 152, 109, 8, 48, 80, 20, 197, 166, 26, 108, 164, 146, 73, 145, 102, 125, 86, 62, 158, 176, 19, 143, 13, 106, 85, 151, 10, 110, 133, 190, 194, 182, 30, 21, 28, 171, 50, 184, 34, 193, 0], [0, 132, 104, 16, 42, 75, 153, 147, 169, 126, 1, 183, 79, 100, 67, 3, 9, 56, 59, 52, 138, 189, 130, 103, 160, 122, 87, 150, 135, 96, 12, 41, 191, 173, 46, 66, 0], [0, 36, 187, 101, 159, 76, 71, 51, 43, 117, 5, 17, 55, 199, 128, 123, 119, 165, 90, 195, 149, 22, 181, 49, 4, 131, 140, 45, 162, 78, 196, 141, 88, 172, 81, 37, 185, 161, 2, 63, 136, 113, 168, 198, 69, 114, 57, 97, 144, 192, 7, 0], [0, 107, 156, 70, 129, 82, 31, 174, 120, 188, 40, 91, 38, 177, 111, 39, 6, 23, 44, 32, 163, 137, 18, 186, 139, 29, 148, 155, 170, 178, 92, 118, 175, 116, 33, 121, 24, 53, 65, 77, 94, 68, 47, 105, 60, 93, 58, 157, 61, 35, 124, 74, 83, 27, 0], [0, 115, 15, 154, 112, 180, 72, 25, 95, 11, 167, 54, 64, 89, 14, 99, 98, 142, 127, 179, 84, 134, 0]]"
uniform,n200_m5_r09.txt,data\mtsp\generated\n200_m5_r09.txt,200,5,rand+nn,3183.4923797250135,0.000947,0.000938,True,"[{""name"": ""rand+nn"", ""objective"": 3183.4923797250135, ""time"": 0.000938, ""valid"": true}]","[[0, 3, 146, 171, 179, 55, 107, 195, 138, 152, 118, 147, 56, 91, 157, 5, 169, 32, 167, 10, 84, 163, 48, 128, 1, 121, 137, 105, 189, 176, 185, 99, 13, 123, 122, 9, 103, 93, 119, 6, 160, 0], [0, 77, 120, 7, 12, 11, 100, 154, 178, 36, 187, 131, 190, 125, 140, 166, 79, 53, 59, 30, 71, 76, 174, 66, 114, 182, 144, 87, 86, 175, 116, 54, 188, 197, 110, 129, 14, 149, 23, 199, 25, 0], [0, 44, 63, 164, 139, 162, 165, 18, 46, 49, 98, 153, 61, 19, 156, 62, 132, 65, 74, 33, 51, 135, 29, 127, 22, 39, 85, 181, 21, 194, 40, 141, 170, 72, 57, 108, 113, 89, 96, 133, 16, 0], [0, 75, 80, 41, 117, 112, 60, 134, 193, 198, 104, 35, 155, 17, 150, 2, 42, 191, 102, 159, 70, 161, 92, 180, 136, 37, 50, 124, 15, 115, 184, 88, 192, 27, 142, 151, 168, 52, 24, 109, 28, 0], [0, 34, 101, 177, 82, 47, 94, 126, 90, 158, 81, 4, 143, 26, 73, 186, 148, 97, 8, 183, 58, 38, 68, 106, 95, 67, 83, 69, 130, 45, 145, 196, 78, 31, 64, 43, 172, 111, 173, 20, 0]]"
uniform,n200_m5_r09.txt,data\mtsp\generated\n200_m5_r09.txt,200,5,2opt+greed,1661.2150009118207,0.001966,0.001954,True,"[{""name"": ""2opt+greed"", ""objective"": 1661.2150009118207, ""time"": 0.001954, ""valid"": true}]","[[0, 3, 34, 177, 116, 41, 85, 82, 54, 189, 181, 99, 185, 81, 60, 89, 47, 176, 117, 96, 197, 55, 186, 29, 51, 107, 135, 195, 38, 8, 16, 168, 9, 74, 25, 93, 71, 45, 184, 65, 151, 0], [0, 77, 80, 194, 105, 126, 21, 94, 134, 40, 13, 141, 158, 170, 178, 72, 28, 57, 108, 20, 1, 113, 128, 48, 173, 111, 193, 121, 100, 154, 90, 11, 12, 137, 7, 124, 15, 43, 165, 140, 31, 0], [0, 44, 166, 78, 79, 119, 19, 53, 196, 27, 192, 30, 88, 132, 62, 59, 142, 156, 147, 145, 114, 191, 102, 66, 159, 118, 83, 138, 115, 182, 144, 152, 161, 68, 92, 180, 175, 146, 106, 87, 63, 0], [0, 75, 101, 171, 136, 95, 179, 67, 127, 188, 112, 133, 123, 143, 4, 26, 122, 22, 39, 110, 73, 109, 24, 148, 129, 97, 33, 58, 52, 183, 199, 23, 149, 14, 103, 76, 130, 69, 174, 6, 70, 0], [0, 120, 91, 162, 104, 10, 18, 46, 172, 84, 163, 36, 198, 49, 187, 131, 190, 167, 125, 35, 98, 155, 32, 169, 17, 160, 153, 64, 61, 5, 150, 2, 157, 139, 42, 164, 56, 50, 86, 37, 0]]"
uniform,n200_m5_r09.txt,data\mtsp\generated\n200_m5_r09.txt,200,5,grasp,1388.8936946598162,5.362111,5.362097,True,"[{""name"": ""grasp"", ""objective"": 1388.8936946598162, ""time"": 5.362097, ""valid"": true}]","[[0, 175, 95, 179, 186, 24, 148, 129, 8, 97, 33, 58, 14, 52, 183, 16, 199, 168, 23, 9, 149, 74, 93, 103, 25, 38, 107, 135, 195, 180, 106, 92, 68, 161, 144, 115, 138, 182, 152, 70, 87, 0], [0, 7, 137, 43, 15, 124, 91, 139, 42, 157, 162, 165, 104, 10, 131, 36, 84, 163, 198, 49, 187, 190, 167, 125, 35, 98, 155, 32, 169, 140, 160, 151, 17, 153, 64, 61, 5, 150, 2, 164, 37, 0], [0, 75, 80, 194, 189, 82, 85, 41, 117, 176, 47, 94, 99, 185, 89, 60, 81, 96, 112, 188, 4, 123, 133, 197, 143, 26, 122, 22, 39, 110, 73, 109, 51, 29, 55, 127, 67, 136, 171, 146, 63, 0], [0, 120, 105, 126, 90, 11, 100, 121, 12, 18, 46, 172, 111, 193, 173, 48, 128, 113, 1, 20, 108, 57, 28, 72, 178, 170, 158, 141, 13, 40, 154, 134, 21, 181, 54, 116, 177, 101, 34, 77, 3, 0], [0, 44, 50, 66, 159, 118, 83, 174, 69, 130, 71, 76, 45, 184, 65, 62, 132, 88, 30, 192, 59, 27, 53, 19, 119, 79, 78, 6, 31, 166, 196, 142, 156, 147, 145, 114, 191, 102, 56, 86, 0]]"
uniform,n200_m5_r09.txt,data\mtsp\generated\n200_m5_r09.txt,200,5,lkh-wrapper,1420.0283855661617,0.120123,0.120103,True,"[{""name"": ""lkh-wrapper"", ""objective"": 1420.0283855661617, ""time"": 0.120103, ""valid"": true}]","[[0, 37, 83, 71, 184, 45, 103, 74, 149, 52, 58, 14, 25, 38, 195, 135, 107, 51, 29, 186, 55, 197, 133, 96, 176, 89, 60, 81, 185, 99, 47, 181, 189, 54, 82, 85, 41, 116, 177, 34, 80, 0], [0, 7, 43, 151, 166, 31, 160, 18, 137, 12, 121, 193, 111, 173, 48, 128, 113, 1, 20, 108, 57, 28, 72, 178, 170, 100, 11, 90, 154, 158, 141, 13, 40, 134, 94, 21, 126, 105, 194, 75, 77, 0], [0, 44, 63, 87, 70, 159, 66, 102, 191, 114, 145, 147, 156, 142, 59, 27, 196, 6, 78, 79, 119, 19, 53, 192, 30, 88, 132, 62, 65, 138, 115, 182, 144, 152, 161, 68, 92, 106, 180, 175, 146, 0], [0, 3, 101, 171, 136, 95, 179, 67, 127, 122, 188, 117, 112, 123, 143, 4, 26, 22, 39, 110, 73, 109, 24, 148, 129, 33, 97, 8, 183, 16, 199, 168, 23, 9, 93, 76, 130, 69, 174, 118, 50, 0], [0, 86, 56, 164, 42, 139, 91, 162, 157, 2, 150, 64, 5, 61, 153, 17, 140, 169, 32, 155, 98, 35, 125, 167, 190, 131, 187, 49, 198, 36, 163, 84, 172, 46, 10, 104, 165, 15, 124, 120, 0]]"
uniform,n200_m5_r09.txt,data\mtsp\generated\n200_m5_r09.txt,200,5,lkh-wrapper-v1,1420.0283855661617,0.12465,0.124632,True,"[{""name"": ""lkh-wrapper-v1"", ""objective"": 1420.0283855661617, ""time"": 0.124632, ""valid"": true}]","[[0, 37, 83, 71, 184, 45, 103, 74, 149, 52, 58, 14, 25, 38, 195, 135, 107, 51, 29, 186, 55, 197, 133, 96, 176, 89, 60, 81, 185, 99, 47, 181, 189, 54, 82, 85, 41, 116, 177, 34, 80, 0], [0, 7, 43, 151, 166, 31, 160, 18, 137, 12, 121, 193, 111, 173, 48, 128, 113, 1, 20, 108, 57, 28, 72, 178, 170, 100, 11, 90, 154, 158, 141, 13, 40, 134, 94, 21, 126, 105, 194, 75, 77, 0], [0, 44, 63, 87, 70, 159, 66, 102, 191, 114, 145, 147, 156, 142, 59, 27, 196, 6, 78, 79, 119, 19, 53, 192, 30, 88, 132, 62, 65, 138, 115, 182, 144, 152, 161, 68, 92, 106, 180, 175, 146, 0], [0, 3, 101, 171, 136, 95, 179, 67, 127, 122, 188, 117, 112, 123, 143, 4, 26, 22, 39, 110, 73, 109, 24, 148, 129, 33, 97, 8, 183, 16, 199, 168, 23, 9, 93, 76, 130, 69, 174, 118, 50, 0], [0, 86, 56, 164, 42, 139, 91, 162, 157, 2, 150, 64, 5, 61, 153, 17, 140, 169, 32, 155, 98, 35, 125, 167, 190, 131, 187, 49, 198, 36, 163, 84, 172, 46, 10, 104, 165, 15, 124, 120, 0]]"
uniform,n200_m5_r09.txt,data\mtsp\generated\n200_m5_r09.txt,200,5,lkh-wrapper-v2,1285.8697331617022,0.122503,0.122489,True,"[{""name"": ""lkh-wrapper-v2"", ""objective"": 1285.8697331617022, ""time"": 0.122489, ""valid"": true}]","[[0, 3, 77, 75, 80, 34, 101, 171, 177, 116, 188, 133, 197, 123, 143, 4, 26, 122, 22, 39, 110, 127, 67, 179, 95, 136, 175, 180, 146, 0], [0, 106, 92, 25, 38, 195, 135, 107, 51, 29, 186, 55, 73, 109, 24, 148, 129, 97, 8, 183, 16, 199, 168, 23, 9, 149, 52, 58, 33, 14, 74, 103, 93, 76, 130, 71, 45, 184, 65, 62, 132, 88, 30, 192, 59, 142, 156, 147, 27, 196, 53, 19, 119, 79, 166, 78, 6, 31, 160, 151, 61, 5, 150, 64, 153, 17, 140, 169, 32, 155, 98, 35, 125, 167, 190, 187, 49, 198, 36, 163, 84, 131, 46, 10, 104, 165, 162, 157, 2, 114, 145, 191, 102, 66, 159, 118, 83, 138, 115, 182, 144, 161, 68, 87, 63, 0], [0, 120, 37, 86, 50, 56, 164, 42, 139, 91, 124, 15, 7, 43, 137, 12, 193, 121, 173, 48, 128, 113, 1, 20, 108, 57, 28, 72, 178, 170, 100, 11, 90, 154, 158, 141, 13, 40, 134, 94, 99, 185, 89, 60, 81, 96, 112, 117, 176, 47, 82, 85, 41, 54, 189, 181, 21, 126, 105, 194, 0], [0, 152, 69, 174, 70, 44, 0], [0, 18, 172, 111, 0]]"
uniform,n200_m5_r09.txt,data\mtsp\generated\n200_m5_r09.txt,200,5,lkh-wrapper-v3,1270.5407243523368,0.035788,0.035774,True,"[{""name"": ""lkh-wrapper-v3"", ""objective"": 1270.5407243523368, ""time"": 0.035774, ""valid"": true}]","[[0, 146, 180, 175, 136, 95, 179, 67, 127, 110, 39, 22, 122, 26, 4, 143, 123, 197, 133, 188, 116, 177, 171, 101, 34, 80, 75, 77, 3, 0], [0, 63, 87, 92, 68, 161, 70, 152, 144, 115, 138, 182, 83, 118, 159, 66, 102, 191, 114, 145, 147, 156, 142, 59, 62, 132, 88, 30, 192, 27, 196, 53, 19, 119, 79, 166, 78, 6, 31, 160, 151, 61, 5, 150, 64, 153, 17, 140, 169, 32, 155, 98, 35, 125, 167, 190, 131, 187, 49, 198, 36, 163, 84, 172, 46, 10, 104, 18, 165, 162, 157, 37, 0], [0, 120, 7, 194, 105, 126, 21, 181, 189, 54, 82, 85, 41, 176, 117, 112, 96, 81, 60, 89, 185, 99, 40, 13, 141, 158, 154, 90, 11, 100, 170, 178, 72, 28, 57, 108, 20, 1, 113, 128, 48, 173, 111, 193, 121, 12, 137, 43, 15, 124, 91, 139, 42, 164, 56, 86, 50, 44, 0], [0, 106, 25, 38, 195, 135, 107, 51, 29, 186, 55, 73, 109, 24, 148, 129, 33, 97, 8, 183, 16, 199, 52, 58, 14, 149, 9, 23, 168, 74, 103, 93, 76, 45, 184, 65, 71, 130, 69, 174, 2, 0], [0, 47, 94, 134, 0]]"
uniform,n200_m5_r10.txt,data\mtsp\generated\n200_m5_r10.txt,200,5,rand+nn,3066.4026469807372,0.000929,0.00092,True,"[{""name"": ""rand+nn"", ""objective"": 3066.4026469807372, ""time"": 0.00092, ""valid"": true}]","[[0, 9, 157, 105, 1, 163, 3, 103, 171, 160, 32, 91, 176, 118, 6, 152, 185, 10, 146, 84, 167, 147, 179, 169, 13, 122, 128, 137, 138, 123, 93, 195, 119, 56, 189, 99, 48, 121, 55, 107, 5, 0], [0, 188, 154, 174, 190, 175, 116, 76, 166, 131, 120, 53, 178, 71, 129, 59, 144, 66, 12, 100, 125, 36, 54, 140, 149, 114, 187, 197, 87, 25, 182, 77, 23, 86, 30, 7, 199, 110, 79, 14, 11, 0], [0, 51, 135, 108, 132, 65, 96, 63, 18, 153, 162, 139, 22, 98, 156, 16, 33, 164, 61, 46, 127, 89, 72, 113, 170, 57, 49, 39, 29, 194, 44, 40, 181, 19, 62, 165, 133, 85, 21, 141, 74, 0], [0, 80, 92, 109, 124, 191, 102, 115, 52, 2, 75, 17, 198, 142, 37, 41, 50, 88, 112, 70, 134, 104, 136, 151, 193, 28, 27, 161, 117, 159, 192, 15, 35, 42, 180, 24, 60, 168, 184, 150, 155, 0], [0, 45, 130, 43, 69, 34, 82, 177, 26, 8, 20, 64, 145, 148, 94, 68, 67, 97, 90, 73, 83, 143, 196, 101, 38, 172, 111, 58, 186, 4, 95, 31, 78, 126, 106, 81, 183, 158, 173, 47, 0]]"
uniform,n200_m5_r10.txt,data\mtsp\generated\n200_m5_r10.txt,200,5,2opt+greed,1728.9603438705253,0.001228,0.00122,True,"[{""name"": ""2opt+greed"", ""objective"": 1728.9603438705253, ""time"": 0.00122, ""valid"": true}]","[[0, 9, 105, 188, 154, 190, 16, 26, 33, 176, 70, 164, 76, 112, 35, 22, 120, 106, 11, 81, 153, 24, 14, 122, 126, 78, 147, 142, 71, 129, 59, 21, 195, 119, 194, 39, 144, 107, 5, 101, 109, 0], [0, 45, 51, 167, 84, 37, 95, 135, 178, 108, 53, 41, 185, 152, 131, 132, 65, 169, 179, 96, 137, 184, 168, 18, 63, 150, 138, 58, 111, 74, 75, 4, 7, 30, 86, 23, 77, 2, 123, 85, 127, 0], [0, 80, 130, 174, 146, 10, 50, 118, 98, 156, 166, 88, 183, 6, 15, 139, 162, 42, 13, 31, 180, 128, 60, 79, 155, 186, 199, 172, 17, 38, 110, 198, 196, 87, 191, 25, 182, 102, 115, 93, 160, 0], [0, 12, 141, 52, 143, 100, 125, 56, 189, 99, 36, 121, 55, 40, 181, 19, 140, 47, 54, 159, 171, 103, 62, 114, 149, 3, 187, 89, 117, 90, 72, 161, 163, 32, 97, 67, 28, 165, 69, 133, 157, 0], [0, 92, 43, 34, 82, 192, 177, 175, 134, 8, 158, 116, 173, 64, 145, 61, 148, 91, 46, 151, 136, 20, 104, 94, 197, 193, 68, 1, 27, 48, 113, 73, 83, 44, 124, 29, 66, 49, 170, 57, 0]]"
uniform,n200_m5_r10.txt,data\mtsp\generated\n200_m5_r10.txt,200,5,grasp,1493.206939255969,5.214641,5.214627,True,"[{""name"": ""grasp"", ""objective"": 1493.206939255969, ""time"": 5.214627, ""valid"": true}]","[[0, 80, 130, 179, 13, 122, 153, 81, 11, 106, 162, 139, 120, 15, 131, 35, 183, 166, 88, 112, 76, 164, 70, 173, 116, 158, 20, 64, 145, 61, 148, 91, 151, 46, 32, 193, 68, 1, 69, 34, 188, 0], [0, 45, 71, 129, 59, 144, 194, 12, 100, 44, 125, 56, 57, 170, 48, 113, 189, 99, 36, 55, 73, 83, 119, 143, 182, 102, 115, 195, 52, 93, 141, 2, 4, 75, 38, 110, 198, 137, 142, 147, 167, 0], [0, 9, 157, 109, 101, 5, 107, 39, 29, 124, 196, 87, 191, 25, 85, 123, 21, 77, 23, 86, 30, 7, 74, 17, 172, 199, 111, 58, 138, 186, 150, 63, 168, 18, 155, 79, 60, 128, 24, 42, 132, 0], [0, 66, 49, 121, 40, 90, 72, 161, 163, 89, 117, 187, 3, 149, 159, 54, 19, 181, 140, 47, 171, 103, 114, 62, 160, 127, 97, 27, 67, 28, 165, 33, 176, 156, 98, 118, 10, 174, 133, 105, 92, 0], [0, 51, 84, 96, 184, 31, 180, 78, 14, 126, 65, 169, 95, 37, 135, 178, 108, 53, 41, 185, 152, 22, 6, 50, 146, 154, 82, 192, 177, 26, 190, 16, 175, 134, 8, 104, 136, 94, 197, 43, 0]]"
uniform,n200_m5_r10.txt,data\mtsp\generated\n200_m5_r10.txt,200,5,lkh-wrapper,1465.5196884929553,0.10339,0.103368,True,"[{""name"": ""lkh-wrapper"", ""objective"": 1465.5196884929553, ""time"": 0.103368, ""valid"": true}]","[[0, 101, 5, 107, 144, 124, 12, 195, 93, 141, 85, 129, 71, 142, 147, 31, 180, 14, 24, 122, 153, 81, 11, 106, 15, 22, 6, 112, 76, 164, 70, 176, 33, 16, 190, 26, 82, 32, 160, 127, 157, 0], [0, 80, 51, 167, 84, 37, 95, 135, 178, 108, 53, 41, 185, 152, 131, 132, 65, 169, 179, 96, 137, 184, 168, 18, 63, 150, 186, 111, 199, 74, 7, 30, 86, 23, 21, 77, 2, 110, 198, 59, 45, 0], [0, 9, 109, 196, 87, 191, 25, 182, 102, 115, 123, 4, 75, 38, 17, 172, 58, 138, 155, 79, 60, 128, 78, 126, 13, 42, 162, 139, 120, 35, 183, 88, 166, 156, 98, 118, 50, 10, 146, 174, 130, 0], [0, 194, 100, 143, 52, 119, 44, 83, 125, 56, 73, 55, 121, 40, 181, 19, 140, 47, 54, 159, 171, 103, 62, 114, 149, 3, 187, 89, 117, 90, 72, 161, 163, 97, 67, 28, 165, 69, 43, 133, 105, 0], [0, 39, 29, 66, 49, 189, 36, 99, 113, 48, 170, 57, 27, 1, 68, 193, 197, 94, 46, 151, 91, 148, 136, 20, 64, 61, 145, 173, 116, 158, 8, 104, 134, 175, 177, 192, 154, 34, 188, 92, 0]]"
uniform,n200_m5_r10.txt,data\mtsp\generated\n200_m5_r10.txt,200,5,lkh-wrapper-v1,1465.5196884929553,0.101473,0.101451,True,"[{""name"": ""lkh-wrapper-v1"", ""objective"": 1465.5196884929553, ""time"": 0.101451, ""valid"": true}]","[[0, 101, 5, 107, 144, 124, 12, 195, 93, 141, 85, 129, 71, 142, 147, 31, 180, 14, 24, 122, 153, 81, 11, 106, 15, 22, 6, 112, 76, 164, 70, 176, 33, 16, 190, 26, 82, 32, 160, 127, 157, 0], [0, 80, 51, 167, 84, 37, 95, 135, 178, 108, 53, 41, 185, 152, 131, 132, 65, 169, 179, 96, 137, 184, 168, 18, 63, 150, 186, 111, 199, 74, 7, 30, 86, 23, 21, 77, 2, 110, 198, 59, 45, 0], [0, 9, 109, 196, 87, 191, 25, 182, 102, 115, 123, 4, 75, 38, 17, 172, 58, 138, 155, 79, 60, 128, 78, 126, 13, 42, 162, 139, 120, 35, 183, 88, 166, 156, 98, 118, 50, 10, 146, 174, 130, 0], [0, 194, 100, 143, 52, 119, 44, 83, 125, 56, 73, 55, 121, 40, 181, 19, 140, 47, 54, 159, 171, 103, 62, 114, 149, 3, 187, 89, 117, 90, 72, 161, 163, 97, 67, 28, 165, 69, 43, 133, 105, 0], [0, 39, 29, 66, 49, 189, 36, 99, 113, 48, 170, 57, 27, 1, 68, 193, 197, 94, 46, 151, 91, 148, 136, 20, 64, 61, 145, 173, 116, 158, 8, 104, 134, 175, 177, 192, 154, 34, 188, 92, 0]]"
uniform,n200_m5_r10.txt,data\mtsp\generated\n200_m5_r10.txt,200,5,lkh-wrapper-v2,1356.3528155761308,0.049401,0.049383,True,"[{""name"": ""lkh-wrapper-v2"", ""objective"": 1356.3528155761308, ""time"": 0.049383, ""valid"": true}]","[[0, 9, 92, 105, 133, 27, 161, 72, 90, 117, 159, 54, 19, 181, 140, 47, 171, 103, 62, 114, 149, 3, 187, 89, 163, 97, 67, 28, 165, 1, 68, 193, 197, 94, 46, 151, 91, 148, 61, 145, 64, 20, 104, 8, 134, 175, 192, 177, 26, 16, 190, 156, 98, 118, 50, 185, 152, 22, 131, 15, 120, 139, 162, 106, 42, 122, 126, 13, 31, 180, 78, 14, 128, 60, 79, 155, 150, 63, 18, 168, 184, 137, 96, 179, 65, 169, 95, 37, 135, 178, 108, 53, 41, 10, 174, 146, 154, 34, 69, 43, 0], [0, 80, 130, 6, 166, 112, 88, 183, 35, 11, 81, 153, 24, 132, 51, 0], [0, 57, 170, 48, 113, 189, 99, 121, 40, 55, 73, 36, 56, 125, 83, 44, 119, 143, 52, 195, 93, 115, 102, 182, 25, 191, 87, 12, 100, 194, 49, 66, 39, 29, 124, 144, 107, 5, 101, 59, 129, 71, 142, 147, 167, 84, 45, 0], [0, 198, 110, 38, 17, 172, 186, 138, 58, 111, 199, 74, 7, 75, 4, 2, 30, 86, 23, 77, 21, 141, 123, 85, 196, 109, 0], [0, 157, 127, 160, 32, 136, 158, 116, 173, 70, 164, 76, 176, 33, 82, 188, 0]]"
uniform,n200_m5_r10.txt,data\mtsp\generated\n200_m5_r10.txt,200,5,lkh-wrapper-v3,1354.667742452581,0.025257,0.025242,True,"[{""name"": ""lkh-wrapper-v3"", ""objective"": 1354.667742452581, ""time"": 0.025242, ""valid"": true}]","[[0, 92, 105, 133, 43, 69, 34, 154, 146, 174, 10, 41, 53, 108, 178, 135, 37, 95, 169, 65, 179, 96, 137, 184, 168, 18, 63, 150, 155, 79, 60, 128, 24, 14, 78, 180, 31, 13, 126, 122, 42, 162, 139, 120, 15, 131, 22, 152, 185, 50, 118, 98, 156, 190, 16, 26, 177, 192, 175, 134, 8, 104, 20, 64, 145, 61, 148, 91, 151, 46, 94, 197, 193, 68, 1, 165, 28, 67, 97, 163, 89, 187, 3, 149, 114, 62, 103, 171, 47, 140, 181, 19, 54, 159, 117, 90, 72, 161, 157, 9, 0], [0, 80, 130, 6, 166, 112, 88, 183, 35, 11, 81, 153, 106, 132, 51, 0], [0, 45, 84, 167, 147, 142, 71, 129, 59, 101, 5, 107, 144, 39, 29, 124, 194, 66, 49, 56, 125, 100, 12, 87, 191, 25, 182, 102, 115, 93, 195, 52, 143, 119, 44, 83, 73, 55, 40, 121, 36, 99, 189, 113, 48, 170, 57, 0], [0, 109, 196, 85, 123, 141, 21, 77, 23, 86, 30, 2, 4, 75, 7, 74, 199, 111, 58, 138, 186, 172, 17, 38, 110, 198, 0], [0, 27, 160, 127, 32, 136, 158, 116, 173, 70, 164, 76, 176, 33, 82, 188, 0]]"
uniform,n20_m2_r01.txt,data\mtsp\generated\n20_m2_r01.txt,20,2,rand+nn,604.4308205447845,0.0002,0.000194,True,"[{""name"": ""rand+nn"", ""objective"": 604.4308205447845, ""time"": 0.000194, ""valid"": true}]","[[0, 13, 7, 14, 8, 19, 12, 11, 4, 6, 10, 0], [0, 1, 17, 3, 5, 16, 2, 18, 9, 15, 0]]"
uniform,n20_m2_r01.txt,data\mtsp\generated\n20_m2_r01.txt,20,2,2opt+greed,429.9867136968615,0.000225,0.000218,True,"[{""name"": ""2opt+greed"", ""objective"": 429.9867136968615, ""time"": 0.000218, ""valid"": true}]","[[0, 1, 17, 6, 4, 15, 11, 12, 19, 9, 10, 0], [0, 13, 3, 5, 7, 16, 2, 14, 18, 8, 0]]"
uniform,n20_m2_r01.txt,data\mtsp\generated\n20_m2_r01.txt,20,2,grasp,397.1846638261819,0.003993,0.003987,True,"[{""name"": ""grasp"", ""objective"": 397.1846638261819, ""time"": 0.003987, ""valid"": true}]","[[0, 1, 13, 3, 5, 7, 16, 2, 10, 18, 14, 0], [0, 17, 6, 4, 15, 11, 12, 19, 9, 8, 0]]"
uniform,n20_m2_r01.txt,data\mtsp\generated\n20_m2_r01.txt,20,2,lkh-wrapper,398.4850112114399,0.000558,0.000549,True,"[{""name"": ""lkh-wrapper"", ""objective"": 398.4850112114399, ""time"": 0.000549, ""valid"": true}]","[[0, 1, 17, 6, 4, 15, 11, 12, 19, 9, 8, 0], [0, 13, 3, 5, 7, 16, 2, 10, 18, 14, 0]]"
uniform,n20_m2_r01.txt,data\mtsp\generated\n20_m2_r01.txt,20,2,lkh-wrapper-v1,398.4850112114399,0.000428,0.000422,True,"[{""name"": ""lkh-wrapper-v1"", ""objective"": 398.4850112114399, ""time"": 0.000422, ""valid"": true}]","[[0, 1, 17, 6, 4, 15, 11, 12, 19, 9, 8, 0], [0, 13, 3, 5, 7, 16, 2, 10, 18, 14, 0]]"
uniform,n20_m2_r01.txt,data\mtsp\generated\n20_m2_r01.txt,20,2,lkh-wrapper-v2,385.2387096625025,0.000819,0.000813,True,"[{""name"": ""lkh-wrapper-v2"", ""objective"": 385.2387096625025, ""time"": 0.000813, ""valid"": true}]","[[0, 2, 16, 7, 5, 3, 13, 0], [0, 1, 17, 6, 4, 15, 11, 12, 19, 9, 8, 10, 18, 14, 0]]"
uniform,n20_m2_r01.txt,data\mtsp\generated\n20_m2_r01.txt,20,2,lkh-wrapper-v3,385.2387096625025,0.000715,0.000709,True,"[{""name"": ""lkh-wrapper-v3"", ""objective"": 385.2387096625025, ""time"": 0.000709, ""valid"": true}]","[[0, 13, 3, 5, 7, 16, 2, 0], [0, 14, 18, 10, 8, 9, 19, 12, 11, 15, 4, 6, 17, 1, 0]]"
uniform,n20_m2_r02.txt,data\mtsp\generated\n20_m2_r02.txt,20,2,rand+nn,633.5390091831905,0.000238,0.000231,True,"[{""name"": ""rand+nn"", ""objective"": 633.5390091831905, ""time"": 0.000231, ""valid"": true}]","[[0, 4, 11, 10, 12, 13, 19, 6, 14, 7, 8, 0], [0, 18, 17, 16, 2, 5, 3, 15, 9, 1, 0]]"
uniform,n20_m2_r02.txt,data\mtsp\generated\n20_m2_r02.txt,20,2,2opt+greed,448.01536772677,0.000225,0.000219,True,"[{""name"": ""2opt+greed"", ""objective"": 448.01536772677, ""time"": 0.000219, ""valid"": true}]","[[0, 18, 10, 3, 11, 4, 8, 15, 9, 1, 7, 0], [0, 17, 12, 13, 19, 2, 16, 5, 6, 14, 0]]"
uniform,n20_m2_r02.txt,data\mtsp\generated\n20_m2_r02.txt,20,2,grasp,379.0200114606846,0.004201,0.004195,True,"[{""name"": ""grasp"", ""objective"": 379.0200114606846, ""time"": 0.004195, ""valid"": true}]","[[0, 4, 10, 3, 11, 8, 15, 9, 1, 7, 14, 0], [0, 18, 17, 12, 13, 19, 2, 16, 5, 6, 0]]"
uniform,n20_m2_r02.txt,data\mtsp\generated\n20_m2_r02.txt,20,2,lkh-wrapper,446.2655727122491,0.000333,0.000327,True,"[{""name"": ""lkh-wrapper"", ""objective"": 446.2655727122491, ""time"": 0.000327, ""valid"": true}]","[[0, 7, 1, 9, 15, 8, 11, 3, 10, 4, 18, 0], [0, 17, 12, 13, 19, 2, 16, 5, 6, 14, 0]]"
uniform,n20_m2_r02.txt,data\mtsp\generated\n20_m2_r02.txt,20,2,lkh-wrapper-v1,446.2655727122491,0.000336,0.00033,True,"[{""name"": ""lkh-wrapper-v1"", ""objective"": 446.2655727122491, ""time"": 0.00033, ""valid"": true}]","[[0, 7, 1, 9, 15, 8, 11, 3, 10, 4, 18, 0], [0, 17, 12, 13, 19, 2, 16, 5, 6, 14, 0]]"
uniform,n20_m2_r02.txt,data\mtsp\generated\n20_m2_r02.txt,20,2,lkh-wrapper-v2,393.5250358621024,0.000875,0.000869,True,"[{""name"": ""lkh-wrapper-v2"", ""objective"": 393.5250358621024, ""time"": 0.000869, ""valid"": true}]","[[0, 14, 7, 1, 9, 15, 8, 11, 3, 10, 4, 18, 0], [0, 17, 12, 13, 19, 2, 16, 5, 6, 0]]"
uniform,n20_m2_r02.txt,data\mtsp\generated\n20_m2_r02.txt,20,2,lkh-wrapper-v3,393.52503586210247,0.000927,0.00092,True,"[{""name"": ""lkh-wrapper-v3"", ""objective"": 393.52503586210247, ""time"": 0.00092, ""valid"": true}]","[[0, 18, 4, 10, 3, 11, 8, 15, 9, 1, 7, 14, 0], [0, 6, 5, 16, 2, 19, 13, 12, 17, 0]]"
uniform,n20_m2_r03.txt,data\mtsp\generated\n20_m2_r03.txt,20,2,rand+nn,667.7688036545816,0.000367,0.00036,True,"[{""name"": ""rand+nn"", ""objective"": 667.7688036545816, ""time"": 0.00036, ""valid"": true}]","[[0, 12, 10, 11, 14, 4, 19, 13, 8, 7, 6, 0], [0, 2, 15, 18, 5, 16, 17, 9, 3, 1, 0]]"
uniform,n20_m2_r03.txt,data\mtsp\generated\n20_m2_r03.txt,20,2,2opt+greed,561.7268215489224,0.000285,0.000279,True,"[{""name"": ""2opt+greed"", ""objective"": 561.7268215489224, ""time"": 0.000279, ""valid"": true}]","[[0, 2, 15, 5, 19, 4, 14, 17, 10, 16, 12, 0], [0, 18, 13, 8, 7, 1, 6, 9, 3, 11, 0]]"
uniform,n20_m2_r03.txt,data\mtsp\generated\n20_m2_r03.txt,20,2,grasp,440.2682260656136,0.003507,0.003501,True,"[{""name"": ""grasp"", ""objective"": 440.2682260656136, ""time"": 0.003501, ""valid"": true}]","[[0, 18, 15, 13, 5, 8, 7, 1, 6, 9, 3, 0], [0, 2, 19, 4, 14, 11, 17, 10, 16, 12, 0]]"
uniform,n20_m2_r03.txt,data\mtsp\generated\n20_m2_r03.txt,20,2,lkh-wrapper,448.5884488501503,0.000807,0.0008,True,"[{""name"": ""lkh-wrapper"", ""objective"": 448.5884488501503, ""time"": 0.0008, ""valid"": true}]","[[0, 15, 5, 13, 19, 4, 14, 11, 17, 10, 16, 0], [0, 2, 18, 8, 7, 1, 6, 9, 3, 12, 0]]"
uniform,n20_m2_r03.txt,data\mtsp\generated\n20_m2_r03.txt,20,2,lkh-wrapper-v1,448.5884488501503,0.000983,0.000975,True,"[{""name"": ""lkh-wrapper-v1"", ""objective"": 448.5884488501503, ""time"": 0.000975, ""valid"": true}]","[[0, 15, 5, 13, 19, 4, 14, 11, 17, 10, 16, 0], [0, 2, 18, 8, 7, 1, 6, 9, 3, 12, 0]]"
uniform,n20_m2_r03.txt,data\mtsp\generated\n20_m2_r03.txt,20,2,lkh-wrapper-v2,466.0476168719491,0.000584,0.000577,True,"[{""name"": ""lkh-wrapper-v2"", ""objective"": 466.0476168719491, ""time"": 0.000577, ""valid"": true}]","[[0, 2, 16, 12, 3, 9, 6, 1, 7, 8, 0], [0, 10, 17, 11, 14, 4, 19, 13, 5, 15, 18, 0]]"
uniform,n20_m2_r03.txt,data\mtsp\generated\n20_m2_r03.txt,20,2,lkh-wrapper-v3,466.0476168719491,0.000642,0.000634,True,"[{""name"": ""lkh-wrapper-v3"", ""objective"": 466.0476168719491, ""time"": 0.000634, ""valid"": true}]","[[0, 2, 16, 12, 3, 9, 6, 1, 7, 8, 0], [0, 18, 15, 5, 13, 19, 4, 14, 11, 17, 10, 0]]"
uniform,n20_m2_r04.txt,data\mtsp\generated\n20_m2_r04.txt,20,2,rand+nn,543.6401358507892,0.000238,0.000231,True,"[{""name"": ""rand+nn"", ""objective"": 543.6401358507892, ""time"": 0.000231, ""valid"": true}]","[[0, 12, 11, 4, 8, 13, 6, 14, 19, 10, 7, 0], [0, 1, 18, 16, 2, 15, 17, 9, 5, 3, 0]]"
uniform,n20_m2_r04.txt,data\mtsp\generated\n20_m2_r04.txt,20,2,2opt+greed,554.1515184604749,0.000279,0.000274,True,"[{""name"": ""2opt+greed"", ""objective"": 554.1515184604749, ""time"": 0.000274, ""valid"": true}]","[[0, 1, 12, 11, 4, 18, 8, 6, 14, 19, 7, 0], [0, 9, 17, 15, 2, 16, 13, 5, 10, 3, 0]]"
uniform,n20_m2_r04.txt,data\mtsp\generated\n20_m2_r04.txt,20,2,grasp,396.2498103304347,0.005049,0.005042,True,"[{""name"": ""grasp"", ""objective"": 396.2498103304347, ""time"": 0.005042, ""valid"": true}]","[[0, 12, 11, 15, 17, 9, 7, 3, 19, 14, 10, 0], [0, 5, 8, 13, 6, 18, 16, 2, 4, 1, 0]]"
uniform,n20_m2_r04.txt,data\mtsp\generated\n20_m2_r04.txt,20,2,lkh-wrapper,499.706851865063,0.000567,0.000561,True,"[{""name"": ""lkh-wrapper"", ""objective"": 499.706851865063, ""time"": 0.000561, ""valid"": true}]","[[0, 1, 12, 11, 4, 18, 8, 13, 10, 3, 7, 0], [0, 5, 14, 19, 6, 16, 2, 15, 17, 9, 0]]"
uniform,n20_m2_r04.txt,data\mtsp\generated\n20_m2_r04.txt,20,2,lkh-wrapper-v1,499.706851865063,0.00056,0.000555,True,"[{""name"": ""lkh-wrapper-v1"", ""objective"": 499.706851865063, ""time"": 0.000555, ""valid"": true}]","[[0, 1, 12, 11, 4, 18, 8, 13, 10, 3, 7, 0], [0, 5, 14, 19, 6, 16, 2, 15, 17, 9, 0]]"
uniform,n20_m2_r04.txt,data\mtsp\generated\n20_m2_r04.txt,20,2,lkh-wrapper-v2,378.97234584691006,0.000657,0.000651,True,"[{""name"": ""lkh-wrapper-v2"", ""objective"": 378.97234584691006, ""time"": 0.000651, ""valid"": true}]","[[0, 12, 15, 17, 11, 4, 2, 16, 18, 6, 13, 8, 1, 0], [0, 5, 14, 19, 10, 3, 7, 9, 0]]"
uniform,n20_m2_r04.txt,data\mtsp\generated\n20_m2_r04.txt,20,2,lkh-wrapper-v3,378.97234584691006,0.000545,0.000538,True,"[{""name"": ""lkh-wrapper-v3"", ""objective"": 378.97234584691006, ""time"": 0.000538, ""valid"": true}]","[[0, 12, 15, 17, 11, 4, 2, 16, 18, 6, 13, 8, 1, 0], [0, 9, 7, 3, 10, 19, 14, 5, 0]]"
uniform,n20_m2_r05.txt,data\mtsp\generated\n20_m2_r05.txt,20,2,rand+nn,505.73128290498744,0.000224,0.000217,True,"[{""name"": ""rand+nn"", ""objective"": 505.73128290498744, ""time"": 0.000217, ""valid"": true}]","[[0, 6, 13, 10, 14, 4, 12, 19, 11, 7, 8, 0], [0, 17, 9, 1, 18, 5, 2, 3, 16, 15, 0]]"
uniform,n20_m2_r05.txt,data\mtsp\generated\n20_m2_r05.txt,20,2,2opt+greed,396.9155674023385,0.000242,0.000235,True,"[{""name"": ""2opt+greed"", ""objective"": 396.9155674023385, ""time"": 0.000235, ""valid"": true}]","[[0, 12, 19, 17, 9, 1, 6, 18, 5, 11, 2, 0], [0, 13, 10, 14, 4, 15, 16, 8, 3, 7, 0]]"
uniform,n20_m2_r05.txt,data\mtsp\generated\n20_m2_r05.txt,20,2,grasp,351.72763238314235,0.004456,0.004448,True,"[{""name"": ""grasp"", ""objective"": 351.72763238314235, ""time"": 0.004448, ""valid"": true}]","[[0, 6, 18, 5, 11, 2, 7, 3, 8, 16, 15, 0], [0, 10, 4, 14, 13, 12, 19, 1, 9, 17, 0]]"
uniform,n20_m2_r05.txt,data\mtsp\generated\n20_m2_r05.txt,20,2,lkh-wrapper,396.9155674023385,0.000309,0.000304,True,"[{""name"": ""lkh-wrapper"", ""objective"": 396.9155674023385, ""time"": 0.000304, ""valid"": true}]","[[0, 12, 19, 17, 9, 1, 6, 18, 5, 11, 2, 0], [0, 13, 10, 14, 4, 15, 16, 8, 3, 7, 0]]"
uniform,n20_m2_r05.txt,data\mtsp\generated\n20_m2_r05.txt,20,2,lkh-wrapper-v1,396.9155674023385,0.00033,0.000324,True,"[{""name"": ""lkh-wrapper-v1"", ""objective"": 396.9155674023385, ""time"": 0.000324, ""valid"": true}]","[[0, 12, 19, 17, 9, 1, 6, 18, 5, 11, 2, 0], [0, 13, 10, 14, 4, 15, 16, 8, 3, 7, 0]]"
uniform,n20_m2_r05.txt,data\mtsp\generated\n20_m2_r05.txt,20,2,lkh-wrapper-v2,353.0581612748899,0.00057,0.000564,True,"[{""name"": ""lkh-wrapper-v2"", ""objective"": 353.0581612748899, ""time"": 0.000564, ""valid"": true}]","[[0, 13, 10, 14, 4, 15, 16, 8, 3, 2, 7, 0], [0, 6, 18, 11, 5, 1, 9, 17, 19, 12, 0]]"
uniform,n20_m2_r05.txt,data\mtsp\generated\n20_m2_r05.txt,20,2,lkh-wrapper-v3,353.0581612748899,0.000559,0.000551,True,"[{""name"": ""lkh-wrapper-v3"", ""objective"": 353.0581612748899, ""time"": 0.000551, ""valid"": true}]","[[0, 13, 10, 14, 4, 15, 16, 8, 3, 2, 7, 0], [0, 6, 18, 11, 5, 1, 9, 17, 19, 12, 0]]"
uniform,n20_m2_r06.txt,data\mtsp\generated\n20_m2_r06.txt,20,2,rand+nn,659.0184907895145,0.00024,0.000233,True,"[{""name"": ""rand+nn"", ""objective"": 659.0184907895145, ""time"": 0.000233, ""valid"": true}]","[[0, 7, 10, 4, 6, 12, 8, 14, 19, 13, 11, 0], [0, 5, 17, 3, 18, 16, 2, 1, 15, 9, 0]]"
uniform,n20_m2_r06.txt,data\mtsp\generated\n20_m2_r06.txt,20,2,2opt+greed,546.610298145793,0.000229,0.000223,True,"[{""name"": ""2opt+greed"", ""objective"": 546.610298145793, ""time"": 0.000223, ""valid"": true}]","[[0, 7, 10, 2, 13, 16, 19, 14, 6, 18, 5, 0], [0, 12, 1, 8, 9, 15, 4, 3, 11, 17, 0]]"
uniform,n20_m2_r06.txt,data\mtsp\generated\n20_m2_r06.txt,20,2,grasp,418.2421036740109,0.004335,0.004328,True,"[{""name"": ""grasp"", ""objective"": 418.2421036740109, ""time"": 0.004328, ""valid"": true}]","[[0, 18, 16, 19, 14, 6, 12, 1, 8, 9, 15, 0], [0, 5, 17, 13, 11, 2, 3, 10, 4, 7, 0]]"
uniform,n20_m2_r06.txt,data\mtsp\generated\n20_m2_r06.txt,20,2,lkh-wrapper,442.6646680237497,0.000816,0.00081,True,"[{""name"": ""lkh-wrapper"", ""objective"": 442.6646680237497, ""time"": 0.00081, ""valid"": true}]","[[0, 18, 6, 14, 19, 16, 13, 11, 2, 3, 17, 0], [0, 5, 7, 10, 4, 15, 9, 8, 1, 12, 0]]"
uniform,n20_m2_r06.txt,data\mtsp\generated\n20_m2_r06.txt,20,2,lkh-wrapper-v1,442.6646680237497,0.000787,0.00078,True,"[{""name"": ""lkh-wrapper-v1"", ""objective"": 442.6646680237497, ""time"": 0.00078, ""valid"": true}]","[[0, 18, 6, 14, 19, 16, 13, 11, 2, 3, 17, 0], [0, 5, 7, 10, 4, 15, 9, 8, 1, 12, 0]]"
uniform,n20_m2_r06.txt,data\mtsp\generated\n20_m2_r06.txt,20,2,lkh-wrapper-v2,396.0833200198671,0.000666,0.00066,True,"[{""name"": ""lkh-wrapper-v2"", ""objective"": 396.0833200198671, ""time"": 0.00066, ""valid"": true}]","[[0, 5, 17, 3, 2, 11, 13, 18, 16, 19, 14, 6, 12, 1, 8, 9, 15, 0], [0, 10, 4, 7, 0]]"
uniform,n20_m2_r06.txt,data\mtsp\generated\n20_m2_r06.txt,20,2,lkh-wrapper-v3,396.0833200198671,0.000556,0.000549,True,"[{""name"": ""lkh-wrapper-v3"", ""objective"": 396.0833200198671, ""time"": 0.000549, ""valid"": true}]","[[0, 5, 17, 3, 2, 11, 13, 18, 16, 19, 14, 6, 12, 1, 8, 9, 15, 0], [0, 7, 4, 10, 0]]"
uniform,n20_m2_r07.txt,data\mtsp\generated\n20_m2_r07.txt,20,2,rand+nn,676.4811187589503,0.000495,0.000488,True,"[{""name"": ""rand+nn"", ""objective"": 676.4811187589503, ""time"": 0.000488, ""valid"": true}]","[[0, 19, 12, 6, 7, 13, 4, 8, 14, 10, 11, 0], [0, 15, 5, 16, 2, 18, 9, 17, 1, 3, 0]]"
uniform,n20_m2_r07.txt,data\mtsp\generated\n20_m2_r07.txt,20,2,2opt+greed,532.8753177344294,0.000256,0.000249,True,"[{""name"": ""2opt+greed"", ""objective"": 532.8753177344294, ""time"": 0.000249, ""valid"": true}]","[[0, 6, 18, 9, 11, 17, 10, 3, 1, 19, 14, 0], [0, 15, 8, 5, 4, 16, 13, 7, 2, 12, 0]]"
uniform,n20_m2_r07.txt,data\mtsp\generated\n20_m2_r07.txt,20,2,grasp,456.1380955123225,0.004599,0.004593,True,"[{""name"": ""grasp"", ""objective"": 456.1380955123225, ""time"": 0.004593, ""valid"": true}]","[[0, 12, 6, 18, 9, 11, 17, 1, 10, 3, 19, 0], [0, 15, 14, 5, 8, 4, 16, 13, 2, 7, 0]]"
uniform,n20_m2_r07.txt,data\mtsp\generated\n20_m2_r07.txt,20,2,lkh-wrapper,490.14558584747294,0.000478,0.000471,True,"[{""name"": ""lkh-wrapper"", ""objective"": 490.14558584747294, ""time"": 0.000471, ""valid"": true}]","[[0, 12, 18, 9, 11, 17, 10, 3, 1, 19, 15, 0], [0, 6, 2, 7, 13, 16, 4, 8, 5, 14, 0]]"
uniform,n20_m2_r07.txt,data\mtsp\generated\n20_m2_r07.txt,20,2,lkh-wrapper-v1,490.14558584747294,0.000446,0.00044,True,"[{""name"": ""lkh-wrapper-v1"", ""objective"": 490.14558584747294, ""time"": 0.00044, ""valid"": true}]","[[0, 12, 18, 9, 11, 17, 10, 3, 1, 19, 15, 0], [0, 6, 2, 7, 13, 16, 4, 8, 5, 14, 0]]"
uniform,n20_m2_r07.txt,data\mtsp\generated\n20_m2_r07.txt,20,2,lkh-wrapper-v2,482.41963055938186,0.001214,0.001206,True,"[{""name"": ""lkh-wrapper-v2"", ""objective"": 482.41963055938186, ""time"": 0.001206, ""valid"": true}]","[[0, 7, 2, 13, 16, 4, 8, 5, 14, 15, 19, 1, 0], [0, 3, 10, 17, 11, 9, 18, 6, 12, 0]]"
uniform,n20_m2_r07.txt,data\mtsp\generated\n20_m2_r07.txt,20,2,lkh-wrapper-v3,482.41963055938186,0.000631,0.000624,True,"[{""name"": ""lkh-wrapper-v3"", ""objective"": 482.41963055938186, ""time"": 0.000624, ""valid"": true}]","[[0, 1, 19, 15, 14, 5, 8, 4, 16, 13, 2, 7, 0], [0, 12, 6, 18, 9, 11, 17, 10, 3, 0]]"
uniform,n20_m2_r08.txt,data\mtsp\generated\n20_m2_r08.txt,20,2,rand+nn,548.2959301338731,0.000229,0.000222,True,"[{""name"": ""rand+nn"", ""objective"": 548.2959301338731, ""time"": 0.000222, ""valid"": true}]","[[0, 19, 6, 4, 12, 10, 14, 8, 7, 13, 11, 0], [0, 15, 3, 9, 18, 5, 16, 1, 2, 17, 0]]"
uniform,n20_m2_r08.txt,data\mtsp\generated\n20_m2_r08.txt,20,2,2opt+greed,397.37066195790703,0.000244,0.000237,True,"[{""name"": ""2opt+greed"", ""objective"": 397.37066195790703, ""time"": 0.000237, ""valid"": true}]","[[0, 15, 3, 18, 5, 10, 16, 1, 14, 17, 8, 0], [0, 19, 9, 12, 4, 2, 6, 11, 13, 7, 0]]"
uniform,n20_m2_r08.txt,data\mtsp\generated\n20_m2_r08.txt,20,2,grasp,367.38938035237874,0.004432,0.004424,True,"[{""name"": ""grasp"", ""objective"": 367.38938035237874, ""time"": 0.004424, ""valid"": true}]","[[0, 1, 14, 16, 10, 5, 18, 12, 9, 3, 15, 0], [0, 19, 6, 2, 4, 11, 13, 7, 17, 8, 0]]"
uniform,n20_m2_r08.txt,data\mtsp\generated\n20_m2_r08.txt,20,2,lkh-wrapper,397.37066195790703,0.000374,0.000368,True,"[{""name"": ""lkh-wrapper"", ""objective"": 397.37066195790703, ""time"": 0.000368, ""valid"": true}]","[[0, 15, 3, 18, 5, 10, 16, 1, 14, 17, 8, 0], [0, 19, 9, 12, 4, 2, 6, 11, 13, 7, 0]]"
uniform,n20_m2_r08.txt,data\mtsp\generated\n20_m2_r08.txt,20,2,lkh-wrapper-v1,397.37066195790703,0.000352,0.000345,True,"[{""name"": ""lkh-wrapper-v1"", ""objective"": 397.37066195790703, ""time"": 0.000345, ""valid"": true}]","[[0, 15, 3, 18, 5, 10, 16, 1, 14, 17, 8, 0], [0, 19, 9, 12, 4, 2, 6, 11, 13, 7, 0]]"
uniform,n20_m2_r08.txt,data\mtsp\generated\n20_m2_r08.txt,20,2,lkh-wrapper-v2,364.94097803624,0.000614,0.000609,True,"[{""name"": ""lkh-wrapper-v2"", ""objective"": 364.94097803624, ""time"": 0.000609, ""valid"": true}]","[[0, 19, 9, 15, 3, 10, 5, 18, 12, 4, 2, 6, 0], [0, 11, 13, 7, 8, 17, 14, 16, 1, 0]]"
uniform,n20_m2_r08.txt,data\mtsp\generated\n20_m2_r08.txt,20,2,lkh-wrapper-v3,364.9409780362399,0.000538,0.000531,True,"[{""name"": ""lkh-wrapper-v3"", ""objective"": 364.9409780362399, ""time"": 0.000531, ""valid"": true}]","[[0, 6, 2, 4, 12, 18, 5, 10, 3, 15, 9, 19, 0], [0, 1, 16, 14, 17, 8, 7, 13, 11, 0]]"
uniform,n20_m2_r09.txt,data\mtsp\generated\n20_m2_r09.txt,20,2,rand+nn,710.6078817201342,0.000341,0.000333,True,"[{""name"": ""rand+nn"", ""objective"": 710.6078817201342, ""time"": 0.000333, ""valid"": true}]","[[0, 4, 8, 7, 12, 6, 13, 10, 11, 19, 14, 0], [0, 2, 18, 15, 1, 3, 17, 16, 9, 5, 0]]"
uniform,n20_m2_r09.txt,data\mtsp\generated\n20_m2_r09.txt,20,2,2opt+greed,545.821646001347,0.000364,0.000357,True,"[{""name"": ""2opt+greed"", ""objective"": 545.821646001347, ""time"": 0.000357, ""valid"": true}]","[[0, 4, 15, 8, 1, 14, 19, 11, 3, 17, 9, 0], [0, 2, 18, 7, 12, 6, 5, 13, 10, 16, 0]]"
uniform,n20_m2_r09.txt,data\mtsp\generated\n20_m2_r09.txt,20,2,grasp,461.3646453550883,0.004444,0.004438,True,"[{""name"": ""grasp"", ""objective"": 461.3646453550883, ""time"": 0.004438, ""valid"": true}]","[[0, 4, 15, 8, 2, 18, 7, 12, 13, 5, 6, 0], [0, 16, 10, 9, 17, 3, 11, 19, 14, 1, 0]]"
uniform,n20_m2_r09.txt,data\mtsp\generated\n20_m2_r09.txt,20,2,lkh-wrapper,536.1769814061878,0.000594,0.000587,True,"[{""name"": ""lkh-wrapper"", ""objective"": 536.1769814061878, ""time"": 0.000587, ""valid"": true}]","[[0, 4, 15, 8, 1, 14, 19, 11, 3, 17, 16, 0], [0, 9, 10, 5, 13, 12, 6, 7, 18, 2, 0]]"
uniform,n20_m2_r09.txt,data\mtsp\generated\n20_m2_r09.txt,20,2,lkh-wrapper-v1,536.1769814061878,0.000416,0.00041,True,"[{""name"": ""lkh-wrapper-v1"", ""objective"": 536.1769814061878, ""time"": 0.00041, ""valid"": true}]","[[0, 4, 15, 8, 1, 14, 19, 11, 3, 17, 16, 0], [0, 9, 10, 5, 13, 12, 6, 7, 18, 2, 0]]"
uniform,n20_m2_r09.txt,data\mtsp\generated\n20_m2_r09.txt,20,2,lkh-wrapper-v2,489.3382666689316,0.000588,0.000581,True,"[{""name"": ""lkh-wrapper-v2"", ""objective"": 489.3382666689316, ""time"": 0.000581, ""valid"": true}]","[[0, 4, 2, 18, 7, 12, 6, 5, 13, 16, 10, 9, 17, 0], [0, 15, 8, 1, 14, 19, 11, 3, 0]]"
uniform,n20_m2_r09.txt,data\mtsp\generated\n20_m2_r09.txt,20,2,lkh-wrapper-v3,487.37608026775854,0.000521,0.000514,True,"[{""name"": ""lkh-wrapper-v3"", ""objective"": 487.37608026775854, ""time"": 0.000514, ""valid"": true}]","[[0, 4, 2, 18, 7, 6, 12, 13, 5, 16, 10, 9, 17, 0], [0, 3, 11, 19, 14, 1, 8, 15, 0]]"
uniform,n20_m2_r10.txt,data\mtsp\generated\n20_m2_r10.txt,20,2,rand+nn,619.6879119441749,0.000223,0.000216,True,"[{""name"": ""rand+nn"", ""objective"": 619.6879119441749, ""time"": 0.000216, ""valid"": true}]","[[0, 10, 7, 13, 8, 12, 14, 11, 19, 6, 4, 0], [0, 15, 16, 17, 9, 1, 18, 5, 3, 2, 0]]"
uniform,n20_m2_r10.txt,data\mtsp\generated\n20_m2_r10.txt,20,2,2opt+greed,436.1054814366811,0.000337,0.00033,True,"[{""name"": ""2opt+greed"", ""objective"": 436.1054814366811, ""time"": 0.00033, ""valid"": true}]","[[0, 15, 8, 12, 17, 14, 9, 1, 19, 18, 11, 0], [0, 16, 10, 7, 13, 2, 6, 3, 4, 5, 0]]"
uniform,n20_m2_r10.txt,data\mtsp\generated\n20_m2_r10.txt,20,2,grasp,388.3303989742845,0.004029,0.004021,True,"[{""name"": ""grasp"", ""objective"": 388.3303989742845, ""time"": 0.004021, ""valid"": true}]","[[0, 16, 10, 13, 7, 8, 12, 17, 14, 9, 15, 0], [0, 5, 4, 3, 2, 6, 19, 1, 18, 11, 0]]"
uniform,n20_m2_r10.txt,data\mtsp\generated\n20_m2_r10.txt,20,2,lkh-wrapper,434.7720192385017,0.000328,0.000322,True,"[{""name"": ""lkh-wrapper"", ""objective"": 434.7720192385017, ""time"": 0.000322, ""valid"": true}]","[[0, 15, 8, 12, 17, 14, 9, 1, 19, 18, 11, 0], [0, 5, 3, 6, 2, 4, 13, 7, 10, 16, 0]]"
uniform,n20_m2_r10.txt,data\mtsp\generated\n20_m2_r10.txt,20,2,lkh-wrapper-v1,434.7720192385017,0.000325,0.000319,True,"[{""name"": ""lkh-wrapper-v1"", ""objective"": 434.7720192385017, ""time"": 0.000319, ""valid"": true}]","[[0, 15, 8, 12, 17, 14, 9, 1, 19, 18, 11, 0], [0, 5, 3, 6, 2, 4, 13, 7, 10, 16, 0]]"
uniform,n20_m2_r10.txt,data\mtsp\generated\n20_m2_r10.txt,20,2,lkh-wrapper-v2,397.94761106244016,0.000623,0.000601,True,"[{""name"": ""lkh-wrapper-v2"", ""objective"": 397.94761106244016, ""time"": 0.000601, ""valid"": true}]","[[0, 15, 8, 12, 17, 14, 9, 0], [0, 16, 7, 13, 10, 5, 4, 3, 2, 6, 19, 1, 18, 11, 0]]"
uniform,n20_m2_r10.txt,data\mtsp\generated\n20_m2_r10.txt,20,2,lkh-wrapper-v3,397.94761106244016,0.000728,0.000719,True,"[{""name"": ""lkh-wrapper-v3"", ""objective"": 397.94761106244016, ""time"": 0.000719, ""valid"": true}]","[[0, 15, 8, 12, 17, 14, 9, 0], [0, 11, 18, 1, 19, 6, 2, 3, 4, 5, 10, 13, 7, 16, 0]]"
uniform,n20_m3_r01.txt,data\mtsp\generated\n20_m3_r01.txt,20,3,rand+nn,744.4377178818422,0.000196,0.00019,True,"[{""name"": ""rand+nn"", ""objective"": 744.4377178818422, ""time"": 0.00019, ""valid"": true}]","[[0, 15, 5, 17, 4, 11, 10, 14, 0], [0, 8, 7, 1, 12, 2, 16, 0], [0, 9, 6, 13, 3, 19, 18, 0]]"
uniform,n20_m3_r01.txt,data\mtsp\generated\n20_m3_r01.txt,20,3,2opt+greed,625.5806788032168,0.000253,0.000246,True,"[{""name"": ""2opt+greed"", ""objective"": 625.5806788032168, ""time"": 0.000246, ""valid"": true}]","[[0, 8, 7, 14, 18, 10, 1, 2, 0], [0, 6, 9, 13, 19, 17, 16, 0], [0, 15, 3, 4, 5, 11, 12, 0]]"
uniform,n20_m3_r01.txt,data\mtsp\generated\n20_m3_r01.txt,20,3,grasp,492.401586237592,0.004085,0.004079,True,"[{""name"": ""grasp"", ""objective"": 492.401586237592, ""time"": 0.004079, ""valid"": true}]","[[0, 9, 13, 4, 19, 17, 5, 3, 0], [0, 7, 6, 14, 18, 10, 1, 0], [0, 8, 15, 11, 16, 2, 12, 0]]"
uniform,n20_m3_r01.txt,data\mtsp\generated\n20_m3_r01.txt,20,3,lkh-wrapper,517.1513550647855,0.00056,0.000551,True,"[{""name"": ""lkh-wrapper"", ""objective"": 517.1513550647855, ""time"": 0.000551, ""valid"": true}]","[[0, 7, 6, 14, 18, 10, 1, 12, 0], [0, 8, 9, 13, 11, 16, 2, 0], [0, 3, 4, 19, 17, 5, 15, 0]]"
uniform,n20_m3_r01.txt,data\mtsp\generated\n20_m3_r01.txt,20,3,lkh-wrapper-v1,517.1513550647855,0.000345,0.000339,True,"[{""name"": ""lkh-wrapper-v1"", ""objective"": 517.1513550647855, ""time"": 0.000339, ""valid"": true}]","[[0, 7, 6, 14, 18, 10, 1, 12, 0], [0, 8, 9, 13, 11, 16, 2, 0], [0, 3, 4, 19, 17, 5, 15, 0]]"
uniform,n20_m3_r01.txt,data\mtsp\generated\n20_m3_r01.txt,20,3,lkh-wrapper-v2,414.48822939298924,0.000839,0.000832,True,"[{""name"": ""lkh-wrapper-v2"", ""objective"": 414.48822939298924, ""time"": 0.000832, ""valid"": true}]","[[0, 9, 13, 7, 6, 14, 18, 10, 1, 12, 2, 16, 11, 0], [0, 3, 4, 19, 17, 5, 15, 0], [0, 8, 0]]"
uniform,n20_m3_r01.txt,data\mtsp\generated\n20_m3_r01.txt,20,3,lkh-wrapper-v3,414.48822939298924,0.000589,0.000582,True,"[{""name"": ""lkh-wrapper-v3"", ""objective"": 414.48822939298924, ""time"": 0.000582, ""valid"": true}]","[[0, 9, 13, 7, 6, 14, 18, 10, 1, 12, 2, 16, 11, 0], [0, 15, 5, 17, 19, 4, 3, 0], [0, 8, 0]]"
uniform,n20_m3_r02.txt,data\mtsp\generated\n20_m3_r02.txt,20,3,rand+nn,754.1671165434127,0.000281,0.000272,True,"[{""name"": ""rand+nn"", ""objective"": 754.1671165434127, ""time"": 0.000272, ""valid"": true}]","[[0, 15, 17, 14, 5, 10, 4, 11, 0], [0, 16, 8, 1, 12, 2, 7, 0], [0, 6, 13, 3, 9, 19, 18, 0]]"
uniform,n20_m3_r02.txt,data\mtsp\generated\n20_m3_r02.txt,20,3,2opt+greed,533.7648181095058,0.000236,0.000229,True,"[{""name"": ""2opt+greed"", ""objective"": 533.7648181095058, ""time"": 0.000229, ""valid"": true}]","[[0, 6, 1, 11, 3, 8, 13, 16, 0], [0, 15, 17, 18, 7, 2, 12, 0], [0, 5, 10, 4, 19, 9, 14, 0]]"
uniform,n20_m3_r02.txt,data\mtsp\generated\n20_m3_r02.txt,20,3,grasp,494.82659324611313,0.004023,0.004016,True,"[{""name"": ""grasp"", ""objective"": 494.82659324611313, ""time"": 0.004016, ""valid"": true}]","[[0, 6, 16, 1, 11, 3, 8, 13, 0], [0, 12, 2, 7, 18, 14, 17, 0], [0, 15, 9, 19, 4, 10, 5, 0]]"
uniform,n20_m3_r02.txt,data\mtsp\generated\n20_m3_r02.txt,20,3,lkh-wrapper,494.928518996491,0.000284,0.000278,True,"[{""name"": ""lkh-wrapper"", ""objective"": 494.928518996491, ""time"": 0.000278, ""valid"": true}]","[[0, 6, 1, 11, 3, 8, 13, 16, 0], [0, 17, 14, 18, 7, 2, 12, 0], [0, 5, 10, 4, 19, 9, 15, 0]]"
uniform,n20_m3_r02.txt,data\mtsp\generated\n20_m3_r02.txt,20,3,lkh-wrapper-v1,494.928518996491,0.000281,0.000275,True,"[{""name"": ""lkh-wrapper-v1"", ""objective"": 494.928518996491, ""time"": 0.000275, ""valid"": true}]","[[0, 6, 1, 11, 3, 8, 13, 16, 0], [0, 17, 14, 18, 7, 2, 12, 0], [0, 5, 10, 4, 19, 9, 15, 0]]"
uniform,n20_m3_r02.txt,data\mtsp\generated\n20_m3_r02.txt,20,3,lkh-wrapper-v2,476.52425841888953,0.000576,0.000569,True,"[{""name"": ""lkh-wrapper-v2"", ""objective"": 476.52425841888953, ""time"": 0.000569, ""valid"": true}]","[[0, 13, 8, 3, 11, 1, 16, 6, 0], [0, 12, 2, 7, 18, 14, 17, 15, 0], [0, 9, 19, 4, 10, 5, 0]]"
uniform,n20_m3_r02.txt,data\mtsp\generated\n20_m3_r02.txt,20,3,lkh-wrapper-v3,476.52425841888953,0.000576,0.000569,True,"[{""name"": ""lkh-wrapper-v3"", ""objective"": 476.52425841888953, ""time"": 0.000569, ""valid"": true}]","[[0, 6, 16, 1, 11, 3, 8, 13, 0], [0, 15, 17, 14, 18, 7, 2, 12, 0], [0, 5, 10, 4, 19, 9, 0]]"
uniform,n20_m3_r03.txt,data\mtsp\generated\n20_m3_r03.txt,20,3,rand+nn,744.5207027244986,0.000229,0.000222,True,"[{""name"": ""rand+nn"", ""objective"": 744.5207027244986, ""time"": 0.000222, ""valid"": true}]","[[0, 5, 14, 11, 15, 10, 4, 17, 0], [0, 8, 2, 16, 1, 7, 12, 0], [0, 6, 13, 19, 18, 3, 9, 0]]"
uniform,n20_m3_r03.txt,data\mtsp\generated\n20_m3_r03.txt,20,3,2opt+greed,595.1354928556684,0.000214,0.000208,True,"[{""name"": ""2opt+greed"", ""objective"": 595.1354928556684, ""time"": 0.000208, ""valid"": true}]","[[0, 6, 14, 11, 15, 13, 1, 9, 0], [0, 8, 17, 4, 10, 16, 2, 0], [0, 5, 12, 18, 7, 19, 3, 0]]"
uniform,n20_m3_r03.txt,data\mtsp\generated\n20_m3_r03.txt,20,3,grasp,501.7142808449695,0.005019,0.005011,True,"[{""name"": ""grasp"", ""objective"": 501.7142808449695, ""time"": 0.005011, ""valid"": true}]","[[0, 6, 14, 11, 15, 13, 1, 16, 0], [0, 5, 12, 18, 7, 19, 8, 0], [0, 3, 9, 17, 4, 10, 2, 0]]"
uniform,n20_m3_r03.txt,data\mtsp\generated\n20_m3_r03.txt,20,3,lkh-wrapper,582.8105421798853,0.000287,0.000281,True,"[{""name"": ""lkh-wrapper"", ""objective"": 582.8105421798853, ""time"": 0.000281, ""valid"": true}]","[[0, 6, 14, 11, 15, 13, 2, 8, 0], [0, 9, 17, 4, 10, 16, 1, 0], [0, 5, 12, 18, 7, 19, 3, 0]]"
uniform,n20_m3_r03.txt,data\mtsp\generated\n20_m3_r03.txt,20,3,lkh-wrapper-v1,582.8105421798853,0.000299,0.000293,True,"[{""name"": ""lkh-wrapper-v1"", ""objective"": 582.8105421798853, ""time"": 0.000293, ""valid"": true}]","[[0, 6, 14, 11, 15, 13, 2, 8, 0], [0, 9, 17, 4, 10, 16, 1, 0], [0, 5, 12, 18, 7, 19, 3, 0]]"
uniform,n20_m3_r03.txt,data\mtsp\generated\n20_m3_r03.txt,20,3,lkh-wrapper-v2,488.26221344854997,0.000551,0.000545,True,"[{""name"": ""lkh-wrapper-v2"", ""objective"": 488.26221344854997, ""time"": 0.000545, ""valid"": true}]","[[0, 2, 10, 16, 1, 13, 15, 11, 14, 6, 0], [0, 17, 4, 9, 3, 8, 0], [0, 19, 18, 12, 7, 5, 0]]"
uniform,n20_m3_r03.txt,data\mtsp\generated\n20_m3_r03.txt,20,3,lkh-wrapper-v3,488.26221344855,0.000665,0.000658,True,"[{""name"": ""lkh-wrapper-v3"", ""objective"": 488.26221344855, ""time"": 0.000658, ""valid"": true}]","[[0, 6, 14, 11, 15, 13, 1, 16, 10, 2, 0], [0, 8, 3, 9, 4, 17, 0], [0, 19, 18, 12, 7, 5, 0]]"
uniform,n20_m3_r04.txt,data\mtsp\generated\n20_m3_r04.txt,20,3,rand+nn,820.1176000784869,0.000297,0.000288,True,"[{""name"": ""rand+nn"", ""objective"": 820.1176000784869, ""time"": 0.000288, ""valid"": true}]","[[0, 4, 17, 11, 5, 10, 14, 15, 0], [0, 16, 7, 1, 2, 8, 12, 0], [0, 9, 13, 3, 19, 6, 18, 0]]"
uniform,n20_m3_r04.txt,data\mtsp\generated\n20_m3_r04.txt,20,3,2opt+greed,639.6262789658556,0.000216,0.00021,True,"[{""name"": ""2opt+greed"", ""objective"": 639.6262789658556, ""time"": 0.00021, ""valid"": true}]","[[0, 4, 5, 14, 18, 10, 9, 8, 0], [0, 16, 2, 3, 15, 1, 7, 0], [0, 17, 19, 6, 12, 11, 13, 0]]"
uniform,n20_m3_r04.txt,data\mtsp\generated\n20_m3_r04.txt,20,3,grasp,508.59224525813204,0.004204,0.004197,True,"[{""name"": ""grasp"", ""objective"": 508.59224525813204, ""time"": 0.004197, ""valid"": true}]","[[0, 4, 5, 10, 18, 14, 12, 11, 0], [0, 7, 1, 15, 19, 6, 17, 0], [0, 16, 9, 13, 8, 2, 3, 0]]"
uniform,n20_m3_r04.txt,data\mtsp\generated\n20_m3_r04.txt,20,3,lkh-wrapper,550.6564215633445,0.0003,0.000295,True,"[{""name"": ""lkh-wrapper"", ""objective"": 550.6564215633445, ""time"": 0.000295, ""valid"": true}]","[[0, 5, 14, 18, 10, 13, 9, 16, 0], [0, 8, 2, 3, 15, 1, 7, 0], [0, 17, 19, 6, 12, 11, 4, 0]]"
uniform,n20_m3_r04.txt,data\mtsp\generated\n20_m3_r04.txt,20,3,lkh-wrapper-v1,550.6564215633445,0.000382,0.000376,True,"[{""name"": ""lkh-wrapper-v1"", ""objective"": 550.6564215633445, ""time"": 0.000376, ""valid"": true}]","[[0, 5, 14, 18, 10, 13, 9, 16, 0], [0, 8, 2, 3, 15, 1, 7, 0], [0, 17, 19, 6, 12, 11, 4, 0]]"
uniform,n20_m3_r04.txt,data\mtsp\generated\n20_m3_r04.txt,20,3,lkh-wrapper-v2,548.6665303287673,0.000489,0.000483,True,"[{""name"": ""lkh-wrapper-v2"", ""objective"": 548.6665303287673, ""time"": 0.000483, ""valid"": true}]","[[0, 5, 14, 18, 10, 13, 9, 4, 0], [0, 11, 12, 6, 19, 17, 0], [0, 7, 1, 15, 3, 2, 8, 16, 0]]"
uniform,n20_m3_r04.txt,data\mtsp\generated\n20_m3_r04.txt,20,3,lkh-wrapper-v3,548.6665303287673,0.000593,0.000585,True,"[{""name"": ""lkh-wrapper-v3"", ""objective"": 548.6665303287673, ""time"": 0.000585, ""valid"": true}]","[[0, 4, 9, 13, 10, 18, 14, 5, 0], [0, 11, 12, 6, 19, 17, 0], [0, 7, 1, 15, 3, 2, 8, 16, 0]]"
uniform,n20_m3_r05.txt,data\mtsp\generated\n20_m3_r05.txt,20,3,rand+nn,736.5043469642642,0.000236,0.00023,True,"[{""name"": ""rand+nn"", ""objective"": 736.5043469642642, ""time"": 0.00023, ""valid"": true}]","[[0, 17, 10, 15, 4, 5, 11, 14, 0], [0, 8, 7, 16, 1, 2, 12, 0], [0, 6, 3, 18, 19, 13, 9, 0]]"
uniform,n20_m3_r05.txt,data\mtsp\generated\n20_m3_r05.txt,20,3,2opt+greed,539.1484309557752,0.000249,0.000242,True,"[{""name"": ""2opt+greed"", ""objective"": 539.1484309557752, ""time"": 0.000242, ""valid"": true}]","[[0, 8, 7, 13, 1, 19, 5, 12, 0], [0, 6, 15, 16, 18, 4, 11, 0], [0, 10, 2, 14, 9, 3, 17, 0]]"
uniform,n20_m3_r05.txt,data\mtsp\generated\n20_m3_r05.txt,20,3,grasp,393.29597134458953,0.005384,0.005376,True,"[{""name"": ""grasp"", ""objective"": 393.29597134458953, ""time"": 0.005376, ""valid"": true}]","[[0, 8, 10, 2, 12, 14, 9, 3, 0], [0, 17, 5, 11, 4, 19, 18, 0], [0, 1, 13, 16, 15, 7, 6, 0]]"
uniform,n20_m3_r05.txt,data\mtsp\generated\n20_m3_r05.txt,20,3,lkh-wrapper,429.0293458049119,0.000403,0.000397,True,"[{""name"": ""lkh-wrapper"", ""objective"": 429.0293458049119, ""time"": 0.000397, ""valid"": true}]","[[0, 5, 11, 4, 19, 6, 10, 2, 0], [0, 7, 15, 16, 13, 1, 18, 0], [0, 8, 12, 14, 9, 3, 17, 0]]"
uniform,n20_m3_r05.txt,data\mtsp\generated\n20_m3_r05.txt,20,3,lkh-wrapper-v1,429.0293458049119,0.000361,0.000356,True,"[{""name"": ""lkh-wrapper-v1"", ""objective"": 429.0293458049119, ""time"": 0.000356, ""valid"": true}]","[[0, 5, 11, 4, 19, 6, 10, 2, 0], [0, 7, 15, 16, 13, 1, 18, 0], [0, 8, 12, 14, 9, 3, 17, 0]]"
uniform,n20_m3_r05.txt,data\mtsp\generated\n20_m3_r05.txt,20,3,lkh-wrapper-v2,373.0286858467306,0.001145,0.001138,True,"[{""name"": ""lkh-wrapper-v2"", ""objective"": 373.0286858467306, ""time"": 0.001138, ""valid"": true}]","[[0, 5, 11, 4, 19, 18, 1, 13, 16, 15, 7, 6, 0], [0, 3, 12, 14, 9, 17, 0], [0, 8, 10, 2, 0]]"
uniform,n20_m3_r05.txt,data\mtsp\generated\n20_m3_r05.txt,20,3,lkh-wrapper-v3,378.44093349365266,0.000566,0.000558,True,"[{""name"": ""lkh-wrapper-v3"", ""objective"": 378.44093349365266, ""time"": 0.000558, ""valid"": true}]","[[0, 8, 6, 15, 16, 7, 0], [0, 17, 3, 9, 14, 12, 2, 10, 0], [0, 18, 13, 1, 19, 4, 11, 5, 0]]"
uniform,n20_m3_r06.txt,data\mtsp\generated\n20_m3_r06.txt,20,3,rand+nn,811.8589237640756,0.000229,0.000222,True,"[{""name"": ""rand+nn"", ""objective"": 811.8589237640756, ""time"": 0.000222, ""valid"": true}]","[[0, 17, 14, 4, 5, 11, 10, 15, 0], [0, 1, 2, 16, 7, 12, 8, 0], [0, 9, 6, 13, 19, 3, 18, 0]]"
uniform,n20_m3_r06.txt,data\mtsp\generated\n20_m3_r06.txt,20,3,2opt+greed,588.547971606415,0.000232,0.000225,True,"[{""name"": ""2opt+greed"", ""objective"": 588.547971606415, ""time"": 0.000225, ""valid"": true}]","[[0, 17, 9, 15, 10, 18, 11, 16, 0], [0, 14, 4, 8, 6, 12, 7, 0], [0, 1, 2, 5, 13, 19, 3, 0]]"
uniform,n20_m3_r06.txt,data\mtsp\generated\n20_m3_r06.txt,20,3,grasp,526.0331609528071,0.004608,0.004601,True,"[{""name"": ""grasp"", ""objective"": 526.0331609528071, ""time"": 0.004601, ""valid"": true}]","[[0, 9, 15, 8, 6, 12, 4, 14, 0], [0, 2, 16, 11, 18, 10, 17, 0], [0, 3, 7, 19, 13, 5, 1, 0]]"
uniform,n20_m3_r06.txt,data\mtsp\generated\n20_m3_r06.txt,20,3,lkh-wrapper,537.4954166526918,0.00041,0.000404,True,"[{""name"": ""lkh-wrapper"", ""objective"": 537.4954166526918, ""time"": 0.000404, ""valid"": true}]","[[0, 17, 9, 15, 10, 18, 11, 16, 0], [0, 14, 4, 8, 6, 12, 1, 0], [0, 2, 5, 13, 19, 7, 3, 0]]"
uniform,n20_m3_r06.txt,data\mtsp\generated\n20_m3_r06.txt,20,3,lkh-wrapper-v1,537.4954166526918,0.000291,0.000285,True,"[{""name"": ""lkh-wrapper-v1"", ""objective"": 537.4954166526918, ""time"": 0.000285, ""valid"": true}]","[[0, 17, 9, 15, 10, 18, 11, 16, 0], [0, 14, 4, 8, 6, 12, 1, 0], [0, 2, 5, 13, 19, 7, 3, 0]]"
uniform,n20_m3_r06.txt,data\mtsp\generated\n20_m3_r06.txt,20,3,lkh-wrapper-v2,509.42727359870946,0.000654,0.000647,True,"[{""name"": ""lkh-wrapper-v2"", ""objective"": 509.42727359870946, ""time"": 0.000647, ""valid"": true}]","[[0, 9, 15, 10, 17, 0], [0, 14, 4, 1, 2, 5, 13, 19, 7, 3, 16, 11, 18, 0], [0, 8, 6, 12, 0]]"
uniform,n20_m3_r06.txt,data\mtsp\generated\n20_m3_r06.txt,20,3,lkh-wrapper-v3,509.42727359870946,0.000565,0.000558,True,"[{""name"": ""lkh-wrapper-v3"", ""objective"": 509.42727359870946, ""time"": 0.000558, ""valid"": true}]","[[0, 17, 10, 15, 9, 0], [0, 14, 4, 1, 2, 5, 13, 19, 7, 3, 16, 11, 18, 0], [0, 8, 6, 12, 0]]"
uniform,n20_m3_r07.txt,data\mtsp\generated\n20_m3_r07.txt,20,3,rand+nn,611.390093569952,0.000244,0.000237,True,"[{""name"": ""rand+nn"", ""objective"": 611.390093569952, ""time"": 0.000237, ""valid"": true}]","[[0, 10, 15, 4, 14, 17, 5, 11, 0], [0, 2, 12, 8, 7, 1, 16, 0], [0, 18, 19, 6, 9, 13, 3, 0]]"
uniform,n20_m3_r07.txt,data\mtsp\generated\n20_m3_r07.txt,20,3,2opt+greed,459.0570500750347,0.000251,0.000245,True,"[{""name"": ""2opt+greed"", ""objective"": 459.0570500750347, ""time"": 0.000245, ""valid"": true}]","[[0, 2, 5, 9, 13, 12, 8, 16, 0], [0, 15, 4, 14, 17, 6, 10, 0], [0, 18, 19, 7, 1, 3, 11, 0]]"
uniform,n20_m3_r07.txt,data\mtsp\generated\n20_m3_r07.txt,20,3,grasp,408.88206599132684,0.004493,0.004486,True,"[{""name"": ""grasp"", ""objective"": 408.88206599132684, ""time"": 0.004486, ""valid"": true}]","[[0, 18, 19, 16, 7, 1, 3, 11, 0], [0, 8, 12, 13, 9, 5, 2, 0], [0, 15, 4, 14, 17, 6, 10, 0]]"
uniform,n20_m3_r07.txt,data\mtsp\generated\n20_m3_r07.txt,20,3,lkh-wrapper,422.5293743059011,0.000289,0.000283,True,"[{""name"": ""lkh-wrapper"", ""objective"": 422.5293743059011, ""time"": 0.000283, ""valid"": true}]","[[0, 2, 5, 9, 13, 12, 8, 6, 0], [0, 15, 19, 4, 14, 17, 10, 0], [0, 18, 7, 16, 1, 3, 11, 0]]"
uniform,n20_m3_r07.txt,data\mtsp\generated\n20_m3_r07.txt,20,3,lkh-wrapper-v1,422.5293743059011,0.000299,0.000293,True,"[{""name"": ""lkh-wrapper-v1"", ""objective"": 422.5293743059011, ""time"": 0.000293, ""valid"": true}]","[[0, 2, 5, 9, 13, 12, 8, 6, 0], [0, 15, 19, 4, 14, 17, 10, 0], [0, 18, 7, 16, 1, 3, 11, 0]]"
uniform,n20_m3_r07.txt,data\mtsp\generated\n20_m3_r07.txt,20,3,lkh-wrapper-v2,408.74255502378014,0.000481,0.000475,True,"[{""name"": ""lkh-wrapper-v2"", ""objective"": 408.74255502378014, ""time"": 0.000475, ""valid"": true}]","[[0, 8, 12, 13, 9, 5, 2, 0], [0, 18, 15, 4, 14, 17, 6, 10, 0], [0, 19, 16, 7, 1, 3, 11, 0]]"
uniform,n20_m3_r07.txt,data\mtsp\generated\n20_m3_r07.txt,20,3,lkh-wrapper-v3,408.74255502378014,0.000448,0.000442,True,"[{""name"": ""lkh-wrapper-v3"", ""objective"": 408.74255502378014, ""time"": 0.000442, ""valid"": true}]","[[0, 2, 5, 9, 13, 12, 8, 0], [0, 18, 15, 4, 14, 17, 6, 10, 0], [0, 11, 3, 1, 7, 16, 19, 0]]"
uniform,n20_m3_r08.txt,data\mtsp\generated\n20_m3_r08.txt,20,3,rand+nn,676.8186480533292,0.000232,0.000226,True,"[{""name"": ""rand+nn"", ""objective"": 676.8186480533292, ""time"": 0.000226, ""valid"": true}]","[[0, 15, 14, 11, 5, 4, 17, 10, 0], [0, 16, 1, 2, 12, 8, 7, 0], [0, 6, 19, 9, 13, 3, 18, 0]]"
uniform,n20_m3_r08.txt,data\mtsp\generated\n20_m3_r08.txt,20,3,2opt+greed,507.62185435887716,0.00024,0.000234,True,"[{""name"": ""2opt+greed"", ""objective"": 507.62185435887716, ""time"": 0.000234, ""valid"": true}]","[[0, 7, 17, 9, 10, 8, 15, 14, 0], [0, 16, 1, 4, 2, 19, 13, 0], [0, 6, 12, 11, 5, 18, 3, 0]]"
uniform,n20_m3_r08.txt,data\mtsp\generated\n20_m3_r08.txt,20,3,grasp,428.67655638454744,0.004068,0.00406,True,"[{""name"": ""grasp"", ""objective"": 428.67655638454744, ""time"": 0.00406, ""valid"": true}]","[[0, 15, 13, 14, 3, 18, 5, 11, 0], [0, 19, 7, 17, 9, 10, 8, 0], [0, 6, 12, 4, 2, 1, 16, 0]]"
uniform,n20_m3_r08.txt,data\mtsp\generated\n20_m3_r08.txt,20,3,lkh-wrapper,470.31117044433495,0.000301,0.000295,True,"[{""name"": ""lkh-wrapper"", ""objective"": 470.31117044433495, ""time"": 0.000295, ""valid"": true}]","[[0, 7, 17, 9, 10, 8, 13, 14, 0], [0, 16, 1, 4, 2, 19, 15, 0], [0, 6, 12, 11, 5, 18, 3, 0]]"
uniform,n20_m3_r08.txt,data\mtsp\generated\n20_m3_r08.txt,20,3,lkh-wrapper-v1,470.31117044433495,0.000283,0.000277,True,"[{""name"": ""lkh-wrapper-v1"", ""objective"": 470.31117044433495, ""time"": 0.000277, ""valid"": true}]","[[0, 7, 17, 9, 10, 8, 13, 14, 0], [0, 16, 1, 4, 2, 19, 15, 0], [0, 6, 12, 11, 5, 18, 3, 0]]"
uniform,n20_m3_r08.txt,data\mtsp\generated\n20_m3_r08.txt,20,3,lkh-wrapper-v2,424.42111153792865,0.000857,0.000851,True,"[{""name"": ""lkh-wrapper-v2"", ""objective"": 424.42111153792865, ""time"": 0.000851, ""valid"": true}]","[[0, 12, 11, 18, 3, 5, 4, 1, 6, 16, 0], [0, 19, 2, 7, 17, 9, 10, 8, 15, 0], [0, 14, 13, 0]]"
uniform,n20_m3_r08.txt,data\mtsp\generated\n20_m3_r08.txt,20,3,lkh-wrapper-v3,404.3763336470258,0.000795,0.000788,True,"[{""name"": ""lkh-wrapper-v3"", ""objective"": 404.3763336470258, ""time"": 0.000788, ""valid"": true}]","[[0, 6, 1, 2, 4, 5, 3, 18, 11, 12, 0], [0, 15, 8, 10, 9, 17, 7, 19, 16, 0], [0, 14, 13, 0]]"
uniform,n20_m3_r09.txt,data\mtsp\generated\n20_m3_r09.txt,20,3,rand+nn,830.1952201990364,0.000207,0.000202,True,"[{""name"": ""rand+nn"", ""objective"": 830.1952201990364, ""time"": 0.000202, ""valid"": true}]","[[0, 5, 4, 10, 14, 15, 17, 11, 0], [0, 8, 16, 2, 1, 7, 12, 0], [0, 19, 6, 9, 3, 18, 13, 0]]"
uniform,n20_m3_r09.txt,data\mtsp\generated\n20_m3_r09.txt,20,3,2opt+greed,651.9364451738179,0.000239,0.000233,True,"[{""name"": ""2opt+greed"", ""objective"": 651.9364451738179, ""time"": 0.000233, ""valid"": true}]","[[0, 9, 10, 4, 6, 19, 15, 17, 0], [0, 11, 7, 1, 2, 12, 3, 0], [0, 8, 5, 16, 13, 14, 18, 0]]"
uniform,n20_m3_r09.txt,data\mtsp\generated\n20_m3_r09.txt,20,3,grasp,488.21535979012356,0.00405,0.004044,True,"[{""name"": ""grasp"", ""objective"": 488.21535979012356, ""time"": 0.004044, ""valid"": true}]","[[0, 19, 8, 4, 10, 13, 16, 5, 0], [0, 3, 12, 17, 15, 14, 18, 0], [0, 2, 1, 7, 11, 9, 6, 0]]"
uniform,n20_m3_r09.txt,data\mtsp\generated\n20_m3_r09.txt,20,3,lkh-wrapper,609.6335650485555,0.000307,0.000301,True,"[{""name"": ""lkh-wrapper"", ""objective"": 609.6335650485555, ""time"": 0.000301, ""valid"": true}]","[[0, 9, 6, 10, 13, 14, 15, 17, 0], [0, 11, 7, 1, 2, 12, 3, 0], [0, 19, 8, 4, 16, 5, 18, 0]]"
uniform,n20_m3_r09.txt,data\mtsp\generated\n20_m3_r09.txt,20,3,lkh-wrapper-v1,609.6335650485555,0.000487,0.000479,True,"[{""name"": ""lkh-wrapper-v1"", ""objective"": 609.6335650485555, ""time"": 0.000479, ""valid"": true}]","[[0, 9, 6, 10, 13, 14, 15, 17, 0], [0, 11, 7, 1, 2, 12, 3, 0], [0, 19, 8, 4, 16, 5, 18, 0]]"
uniform,n20_m3_r09.txt,data\mtsp\generated\n20_m3_r09.txt,20,3,lkh-wrapper-v2,493.8434938811225,0.00058,0.000574,True,"[{""name"": ""lkh-wrapper-v2"", ""objective"": 493.8434938811225, ""time"": 0.000574, ""valid"": true}]","[[0, 19, 8, 5, 16, 13, 10, 4, 6, 0], [0, 3, 2, 1, 7, 11, 9, 0], [0, 18, 14, 15, 17, 12, 0]]"
uniform,n20_m3_r09.txt,data\mtsp\generated\n20_m3_r09.txt,20,3,lkh-wrapper-v3,493.8434938811225,0.000492,0.000485,True,"[{""name"": ""lkh-wrapper-v3"", ""objective"": 493.8434938811225, ""time"": 0.000485, ""valid"": true}]","[[0, 6, 4, 10, 13, 16, 5, 8, 19, 0], [0, 3, 2, 1, 7, 11, 9, 0], [0, 18, 14, 15, 17, 12, 0]]"
uniform,n20_m3_r10.txt,data\mtsp\generated\n20_m3_r10.txt,20,3,rand+nn,847.1808503245253,0.000226,0.000222,True,"[{""name"": ""rand+nn"", ""objective"": 847.1808503245253, ""time"": 0.000222, ""valid"": true}]","[[0, 10, 5, 17, 4, 14, 11, 15, 0], [0, 2, 1, 8, 16, 7, 12, 0], [0, 13, 6, 18, 19, 9, 3, 0]]"
uniform,n20_m3_r10.txt,data\mtsp\generated\n20_m3_r10.txt,20,3,2opt+greed,567.6150402344866,0.000192,0.000187,True,"[{""name"": ""2opt+greed"", ""objective"": 567.6150402344866, ""time"": 0.000187, ""valid"": true}]","[[0, 10, 5, 3, 13, 17, 4, 18, 0], [0, 14, 9, 19, 12, 11, 7, 0], [0, 2, 15, 1, 8, 16, 6, 0]]"
uniform,n20_m3_r10.txt,data\mtsp\generated\n20_m3_r10.txt,20,3,grasp,463.6601810380465,0.003699,0.003691,True,"[{""name"": ""grasp"", ""objective"": 463.6601810380465, ""time"": 0.003691, ""valid"": true}]","[[0, 14, 9, 19, 12, 11, 18, 7, 0], [0, 8, 13, 17, 16, 6, 4, 0], [0, 2, 15, 1, 3, 5, 10, 0]]"
uniform,n20_m3_r10.txt,data\mtsp\generated\n20_m3_r10.txt,20,3,lkh-wrapper,479.0140350855221,0.000363,0.000356,True,"[{""name"": ""lkh-wrapper"", ""objective"": 479.0140350855221, ""time"": 0.000356, ""valid"": true}]","[[0, 8, 13, 17, 16, 4, 6, 18, 0], [0, 14, 9, 19, 12, 11, 7, 0], [0, 2, 15, 1, 3, 5, 10, 0]]"
uniform,n20_m3_r10.txt,data\mtsp\generated\n20_m3_r10.txt,20,3,lkh-wrapper-v1,479.0140350855221,0.000357,0.000351,True,"[{""name"": ""lkh-wrapper-v1"", ""objective"": 479.0140350855221, ""time"": 0.000351, ""valid"": true}]","[[0, 8, 13, 17, 16, 4, 6, 18, 0], [0, 14, 9, 19, 12, 11, 7, 0], [0, 2, 15, 1, 3, 5, 10, 0]]"
uniform,n20_m3_r10.txt,data\mtsp\generated\n20_m3_r10.txt,20,3,lkh-wrapper-v2,496.70220185079734,0.000679,0.00067,True,"[{""name"": ""lkh-wrapper-v2"", ""objective"": 496.70220185079734, ""time"": 0.00067, ""valid"": true}]","[[0, 10, 5, 3, 1, 15, 0], [0, 14, 7, 18, 11, 12, 19, 9, 2, 0], [0, 4, 6, 16, 17, 13, 8, 0]]"
uniform,n20_m3_r10.txt,data\mtsp\generated\n20_m3_r10.txt,20,3,lkh-wrapper-v3,496.70220185079734,0.000555,0.000551,True,"[{""name"": ""lkh-wrapper-v3"", ""objective"": 496.70220185079734, ""time"": 0.000551, ""valid"": true}]","[[0, 10, 5, 3, 1, 15, 0], [0, 14, 7, 18, 11, 12, 19, 9, 2, 0], [0, 8, 13, 17, 16, 6, 4, 0]]"
uniform,n20_m5_r01.txt,data\mtsp\generated\n20_m5_r01.txt,20,5,rand+nn,907.760534356715,0.000251,0.000244,True,"[{""name"": ""rand+nn"", ""objective"": 907.760534356715, ""time"": 0.000244, ""valid"": true}]","[[0, 9, 12, 5, 10, 0], [0, 18, 7, 14, 1, 0], [0, 16, 3, 13, 11, 0], [0, 4, 17, 19, 2, 0], [0, 6, 15, 8, 0]]"
uniform,n20_m5_r01.txt,data\mtsp\generated\n20_m5_r01.txt,20,5,2opt+greed,717.1112130359465,0.000218,0.000214,True,"[{""name"": ""2opt+greed"", ""objective"": 717.1112130359465, ""time"": 0.000214, ""valid"": true}]","[[0, 9, 3, 2, 13, 0], [0, 6, 17, 11, 18, 0], [0, 4, 8, 14, 7, 0], [0, 1, 5, 12, 19, 0], [0, 10, 15, 16, 0]]"
uniform,n20_m5_r01.txt,data\mtsp\generated\n20_m5_r01.txt,20,5,grasp,542.9455902736139,0.005227,0.005221,True,"[{""name"": ""grasp"", ""objective"": 542.9455902736139, ""time"": 0.005221, ""valid"": true}]","[[0, 4, 8, 1, 14, 0], [0, 12, 5, 17, 6, 0], [0, 9, 19, 18, 16, 0], [0, 7, 2, 13, 3, 0], [0, 10, 11, 15, 0]]"
uniform,n20_m5_r01.txt,data\mtsp\generated\n20_m5_r01.txt,20,5,lkh-wrapper,542.9455902736138,0.000368,0.000362,True,"[{""name"": ""lkh-wrapper"", ""objective"": 542.9455902736138, ""time"": 0.000362, ""valid"": true}]","[[0, 3, 13, 2, 7, 0], [0, 9, 19, 18, 16, 0], [0, 14, 1, 8, 4, 0], [0, 12, 5, 17, 6, 0], [0, 15, 11, 10, 0]]"
uniform,n20_m5_r01.txt,data\mtsp\generated\n20_m5_r01.txt,20,5,lkh-wrapper-v1,542.9455902736138,0.000378,0.00037,True,"[{""name"": ""lkh-wrapper-v1"", ""objective"": 542.9455902736138, ""time"": 0.00037, ""valid"": true}]","[[0, 3, 13, 2, 7, 0], [0, 9, 19, 18, 16, 0], [0, 14, 1, 8, 4, 0], [0, 12, 5, 17, 6, 0], [0, 15, 11, 10, 0]]"
uniform,n20_m5_r01.txt,data\mtsp\generated\n20_m5_r01.txt,20,5,lkh-wrapper-v2,548.3704471548733,0.00056,0.000554,True,"[{""name"": ""lkh-wrapper-v2"", ""objective"": 548.3704471548733, ""time"": 0.000554, ""valid"": true}]","[[0, 3, 13, 2, 7, 9, 0], [0, 10, 15, 11, 5, 12, 4, 0], [0, 16, 18, 19, 0], [0, 8, 1, 14, 0], [0, 6, 17, 0]]"
uniform,n20_m5_r01.txt,data\mtsp\generated\n20_m5_r01.txt,20,5,lkh-wrapper-v3,539.7283194278192,0.000416,0.000412,True,"[{""name"": ""lkh-wrapper-v3"", ""objective"": 539.7283194278192, ""time"": 0.000412, ""valid"": true}]","[[0, 9, 7, 2, 13, 3, 0], [0, 10, 15, 11, 5, 17, 6, 0], [0, 16, 18, 19, 0], [0, 8, 1, 14, 0], [0, 4, 12, 0]]"
uniform,n20_m5_r02.txt,data\mtsp\generated\n20_m5_r02.txt,20,5,rand+nn,1048.8779650252463,0.000227,0.000219,True,"[{""name"": ""rand+nn"", ""objective"": 1048.8779650252463, ""time"": 0.000219, ""valid"": true}]","[[0, 12, 9, 10, 5, 0], [0, 14, 18, 1, 7, 0], [0, 16, 3, 13, 11, 0], [0, 19, 4, 17, 2, 0], [0, 8, 15, 6, 0]]"
uniform,n20_m5_r02.txt,data\mtsp\generated\n20_m5_r02.txt,20,5,2opt+greed,831.3075667044728,0.000221,0.000215,True,"[{""name"": ""2opt+greed"", ""objective"": 831.3075667044728, ""time"": 0.000215, ""valid"": true}]","[[0, 12, 4, 13, 10, 0], [0, 9, 1, 5, 17, 0], [0, 8, 11, 14, 7, 0], [0, 19, 18, 2, 6, 0], [0, 16, 3, 15, 0]]"
uniform,n20_m5_r02.txt,data\mtsp\generated\n20_m5_r02.txt,20,5,grasp,611.8068624905463,0.005434,0.005427,True,"[{""name"": ""grasp"", ""objective"": 611.8068624905463, ""time"": 0.005427, ""valid"": true}]","[[0, 6, 7, 5, 17, 0], [0, 3, 15, 10, 16, 0], [0, 14, 11, 18, 2, 0], [0, 9, 4, 13, 1, 0], [0, 8, 19, 12, 0]]"
uniform,n20_m5_r02.txt,data\mtsp\generated\n20_m5_r02.txt,20,5,lkh-wrapper,682.4822677511038,0.000326,0.00032,True,"[{""name"": ""lkh-wrapper"", ""objective"": 682.4822677511038, ""time"": 0.00032, ""valid"": true}]","[[0, 10, 15, 13, 4, 0], [0, 2, 17, 5, 1, 0], [0, 18, 11, 14, 19, 0], [0, 12, 9, 6, 7, 0], [0, 8, 16, 3, 0]]"
uniform,n20_m5_r02.txt,data\mtsp\generated\n20_m5_r02.txt,20,5,lkh-wrapper-v1,682.4822677511038,0.000262,0.000258,True,"[{""name"": ""lkh-wrapper-v1"", ""objective"": 682.4822677511038, ""time"": 0.000258, ""valid"": true}]","[[0, 10, 15, 13, 4, 0], [0, 2, 17, 5, 1, 0], [0, 18, 11, 14, 19, 0], [0, 12, 9, 6, 7, 0], [0, 8, 16, 3, 0]]"
uniform,n20_m5_r02.txt,data\mtsp\generated\n20_m5_r02.txt,20,5,lkh-wrapper-v2,577.1242645555501,0.000562,0.000556,True,"[{""name"": ""lkh-wrapper-v2"", ""objective"": 577.1242645555501, ""time"": 0.000556, ""valid"": true}]","[[0, 16, 3, 10, 15, 13, 4, 9, 0], [0, 8, 19, 14, 11, 18, 0], [0, 12, 0], [0, 5, 7, 6, 1, 0], [0, 17, 2, 0]]"
uniform,n20_m5_r02.txt,data\mtsp\generated\n20_m5_r02.txt,20,5,lkh-wrapper-v3,577.1242645555501,0.00051,0.000503,True,"[{""name"": ""lkh-wrapper-v3"", ""objective"": 577.1242645555501, ""time"": 0.000503, ""valid"": true}]","[[0, 16, 3, 10, 15, 13, 4, 9, 0], [0, 8, 19, 14, 11, 18, 0], [0, 12, 0], [0, 1, 6, 7, 5, 0], [0, 17, 2, 0]]"
uniform,n20_m5_r03.txt,data\mtsp\generated\n20_m5_r03.txt,20,5,rand+nn,964.6727174489157,0.000261,0.000255,True,"[{""name"": ""rand+nn"", ""objective"": 964.6727174489157, ""time"": 0.000255, ""valid"": true}]","[[0, 12, 10, 9, 5, 0], [0, 7, 1, 14, 18, 0], [0, 16, 3, 13, 11, 0], [0, 19, 17, 4, 2, 0], [0, 8, 6, 15, 0]]"
uniform,n20_m5_r03.txt,data\mtsp\generated\n20_m5_r03.txt,20,5,2opt+greed,814.6143638380739,0.00022,0.000214,True,"[{""name"": ""2opt+greed"", ""objective"": 814.6143638380739, ""time"": 0.000214, ""valid"": true}]","[[0, 7, 10, 13, 18, 0], [0, 19, 15, 6, 17, 0], [0, 4, 2, 8, 11, 0], [0, 9, 14, 1, 5, 0], [0, 12, 16, 3, 0]]"
uniform,n20_m5_r03.txt,data\mtsp\generated\n20_m5_r03.txt,20,5,grasp,678.8877261956131,0.006081,0.006073,True,"[{""name"": ""grasp"", ""objective"": 678.8877261956131, ""time"": 0.006073, ""valid"": true}]","[[0, 15, 11, 6, 17, 0], [0, 1, 14, 9, 7, 0], [0, 8, 5, 2, 4, 0], [0, 18, 16, 12, 19, 0], [0, 13, 3, 10, 0]]"
uniform,n20_m5_r03.txt,data\mtsp\generated\n20_m5_r03.txt,20,5,lkh-wrapper,683.016742877972,0.000297,0.000291,True,"[{""name"": ""lkh-wrapper"", ""objective"": 683.016742877972, ""time"": 0.000291, ""valid"": true}]","[[0, 18, 13, 3, 10, 0], [0, 5, 11, 6, 17, 0], [0, 4, 2, 8, 15, 0], [0, 1, 14, 9, 7, 0], [0, 16, 12, 19, 0]]"
uniform,n20_m5_r03.txt,data\mtsp\generated\n20_m5_r03.txt,20,5,lkh-wrapper-v1,683.016742877972,0.000242,0.000239,True,"[{""name"": ""lkh-wrapper-v1"", ""objective"": 683.016742877972, ""time"": 0.000239, ""valid"": true}]","[[0, 18, 13, 3, 10, 0], [0, 5, 11, 6, 17, 0], [0, 4, 2, 8, 15, 0], [0, 1, 14, 9, 7, 0], [0, 16, 12, 19, 0]]"
uniform,n20_m5_r03.txt,data\mtsp\generated\n20_m5_r03.txt,20,5,lkh-wrapper-v2,537.7021226333675,0.000508,0.000502,True,"[{""name"": ""lkh-wrapper-v2"", ""objective"": 537.7021226333675, ""time"": 0.000502, ""valid"": true}]","[[0, 1, 14, 9, 7, 0], [0, 10, 3, 13, 18, 16, 12, 19, 0], [0, 4, 2, 0], [0, 15, 17, 6, 11, 5, 8, 0], [0, 0]]"
uniform,n20_m5_r03.txt,data\mtsp\generated\n20_m5_r03.txt,20,5,lkh-wrapper-v3,537.7021226333675,0.00056,0.000552,True,"[{""name"": ""lkh-wrapper-v3"", ""objective"": 537.7021226333675, ""time"": 0.000552, ""valid"": true}]","[[0, 7, 9, 14, 1, 0], [0, 19, 12, 16, 18, 13, 3, 10, 0], [0, 4, 2, 0], [0, 15, 17, 6, 11, 5, 8, 0], [0, 0]]"
uniform,n20_m5_r04.txt,data\mtsp\generated\n20_m5_r04.txt,20,5,rand+nn,1105.3125387683485,0.000223,0.000216,True,"[{""name"": ""rand+nn"", ""objective"": 1105.3125387683485, ""time"": 0.000216, ""valid"": true}]","[[0, 12, 9, 5, 10, 0], [0, 18, 1, 7, 14, 0], [0, 3, 11, 13, 16, 0], [0, 17, 4, 19, 2, 0], [0, 6, 15, 8, 0]]"
uniform,n20_m5_r04.txt,data\mtsp\generated\n20_m5_r04.txt,20,5,2opt+greed,897.6843349324284,0.000361,0.000354,True,"[{""name"": ""2opt+greed"", ""objective"": 897.6843349324284, ""time"": 0.000354, ""valid"": true}]","[[0, 18, 14, 13, 5, 0], [0, 1, 6, 2, 15, 0], [0, 12, 3, 19, 8, 0], [0, 9, 4, 11, 7, 0], [0, 17, 16, 10, 0]]"
uniform,n20_m5_r04.txt,data\mtsp\generated\n20_m5_r04.txt,20,5,grasp,673.4115282887436,0.00543,0.005422,True,"[{""name"": ""grasp"", ""objective"": 673.4115282887436, ""time"": 0.005422, ""valid"": true}]","[[0, 10, 14, 2, 13, 0], [0, 11, 3, 4, 12, 0], [0, 15, 7, 8, 19, 0], [0, 1, 6, 17, 9, 0], [0, 16, 5, 18, 0]]"
uniform,n20_m5_r04.txt,data\mtsp\generated\n20_m5_r04.txt,20,5,lkh-wrapper,727.476947086328,0.000318,0.000312,True,"[{""name"": ""lkh-wrapper"", ""objective"": 727.476947086328, ""time"": 0.000312, ""valid"": true}]","[[0, 10, 14, 2, 13, 0], [0, 1, 17, 15, 7, 0], [0, 3, 11, 8, 19, 0], [0, 9, 4, 12, 18, 0], [0, 6, 16, 5, 0]]"
uniform,n20_m5_r04.txt,data\mtsp\generated\n20_m5_r04.txt,20,5,lkh-wrapper-v1,727.476947086328,0.000314,0.000308,True,"[{""name"": ""lkh-wrapper-v1"", ""objective"": 727.476947086328, ""time"": 0.000308, ""valid"": true}]","[[0, 10, 14, 2, 13, 0], [0, 1, 17, 15, 7, 0], [0, 3, 11, 8, 19, 0], [0, 9, 4, 12, 18, 0], [0, 6, 16, 5, 0]]"
uniform,n20_m5_r04.txt,data\mtsp\generated\n20_m5_r04.txt,20,5,lkh-wrapper-v2,552.2924818282166,0.000647,0.000641,True,"[{""name"": ""lkh-wrapper-v2"", ""objective"": 552.2924818282166, ""time"": 0.000641, ""valid"": true}]","[[0, 18, 10, 14, 2, 13, 5, 0], [0, 1, 17, 6, 16, 0], [0, 15, 7, 8, 19, 11, 3, 4, 9, 0], [0, 12, 0], [0, 0]]"
uniform,n20_m5_r04.txt,data\mtsp\generated\n20_m5_r04.txt,20,5,lkh-wrapper-v3,552.2924818282166,0.000723,0.000715,True,"[{""name"": ""lkh-wrapper-v3"", ""objective"": 552.2924818282166, ""time"": 0.000715, ""valid"": true}]","[[0, 18, 10, 14, 2, 13, 5, 0], [0, 1, 17, 6, 16, 0], [0, 9, 4, 3, 11, 19, 8, 7, 15, 0], [0, 12, 0], [0, 0]]"
uniform,n20_m5_r05.txt,data\mtsp\generated\n20_m5_r05.txt,20,5,rand+nn,1027.6507264050238,0.000201,0.000195,True,"[{""name"": ""rand+nn"", ""objective"": 1027.6507264050238, ""time"": 0.000195, ""valid"": true}]","[[0, 10, 9, 12, 5, 0], [0, 14, 1, 7, 18, 0], [0, 11, 16, 13, 3, 0], [0, 17, 2, 4, 19, 0], [0, 8, 6, 15, 0]]"
uniform,n20_m5_r05.txt,data\mtsp\generated\n20_m5_r05.txt,20,5,2opt+greed,823.8115241788342,0.0002,0.000194,True,"[{""name"": ""2opt+greed"", ""objective"": 823.8115241788342, ""time"": 0.000194, ""valid"": true}]","[[0, 11, 16, 18, 13, 0], [0, 14, 12, 7, 15, 0], [0, 17, 6, 10, 4, 0], [0, 1, 5, 19, 3, 0], [0, 8, 2, 9, 0]]"
uniform,n20_m5_r05.txt,data\mtsp\generated\n20_m5_r05.txt,20,5,grasp,586.4430248739753,0.006195,0.006188,True,"[{""name"": ""grasp"", ""objective"": 586.4430248739753, ""time"": 0.006188, ""valid"": true}]","[[0, 9, 3, 18, 13, 0], [0, 1, 5, 19, 14, 0], [0, 6, 10, 2, 16, 0], [0, 4, 12, 7, 15, 0], [0, 8, 17, 11, 0]]"
uniform,n20_m5_r05.txt,data\mtsp\generated\n20_m5_r05.txt,20,5,lkh-wrapper,603.1912887427535,0.000332,0.000326,True,"[{""name"": ""lkh-wrapper"", ""objective"": 603.1912887427535, ""time"": 0.000326, ""valid"": true}]","[[0, 18, 3, 9, 4, 0], [0, 14, 12, 7, 15, 0], [0, 2, 10, 6, 17, 0], [0, 19, 5, 1, 11, 0], [0, 8, 16, 13, 0]]"
uniform,n20_m5_r05.txt,data\mtsp\generated\n20_m5_r05.txt,20,5,lkh-wrapper-v1,603.1912887427535,0.000357,0.000351,True,"[{""name"": ""lkh-wrapper-v1"", ""objective"": 603.1912887427535, ""time"": 0.000351, ""valid"": true}]","[[0, 18, 3, 9, 4, 0], [0, 14, 12, 7, 15, 0], [0, 2, 10, 6, 17, 0], [0, 19, 5, 1, 11, 0], [0, 8, 16, 13, 0]]"
uniform,n20_m5_r05.txt,data\mtsp\generated\n20_m5_r05.txt,20,5,lkh-wrapper-v2,480.4077413184881,0.000658,0.000652,True,"[{""name"": ""lkh-wrapper-v2"", ""objective"": 480.4077413184881, ""time"": 0.000652, ""valid"": true}]","[[0, 11, 1, 17, 8, 0], [0, 14, 15, 7, 19, 5, 0], [0, 12, 4, 9, 3, 18, 13, 16, 2, 10, 6, 0], [0, 0], [0, 0]]"
uniform,n20_m5_r05.txt,data\mtsp\generated\n20_m5_r05.txt,20,5,lkh-wrapper-v3,480.4077413184882,0.00071,0.000703,True,"[{""name"": ""lkh-wrapper-v3"", ""objective"": 480.4077413184882, ""time"": 0.000703, ""valid"": true}]","[[0, 11, 1, 17, 8, 0], [0, 14, 15, 7, 19, 5, 0], [0, 6, 10, 2, 16, 13, 18, 3, 9, 4, 12, 0], [0, 0], [0, 0]]"
uniform,n20_m5_r06.txt,data\mtsp\generated\n20_m5_r06.txt,20,5,rand+nn,1096.0623162909858,0.000229,0.000223,True,"[{""name"": ""rand+nn"", ""objective"": 1096.0623162909858, ""time"": 0.000223, ""valid"": true}]","[[0, 12, 5, 9, 10, 0], [0, 1, 7, 18, 14, 0], [0, 3, 13, 11, 16, 0], [0, 19, 2, 17, 4, 0], [0, 15, 6, 8, 0]]"
uniform,n20_m5_r06.txt,data\mtsp\generated\n20_m5_r06.txt,20,5,2opt+greed,798.5247587176443,0.000225,0.000218,True,"[{""name"": ""2opt+greed"", ""objective"": 798.5247587176443, ""time"": 0.000218, ""valid"": true}]","[[0, 19, 12, 11, 13, 0], [0, 3, 6, 18, 8, 0], [0, 4, 5, 9, 1, 0], [0, 15, 2, 10, 7, 0], [0, 16, 14, 17, 0]]"
uniform,n20_m5_r06.txt,data\mtsp\generated\n20_m5_r06.txt,20,5,grasp,648.8027894703054,0.005395,0.005389,True,"[{""name"": ""grasp"", ""objective"": 648.8027894703054, ""time"": 0.005389, ""valid"": true}]","[[0, 13, 9, 1, 8, 0], [0, 16, 14, 10, 17, 0], [0, 3, 18, 6, 19, 0], [0, 12, 11, 2, 15, 0], [0, 4, 7, 5, 0]]"
uniform,n20_m5_r06.txt,data\mtsp\generated\n20_m5_r06.txt,20,5,lkh-wrapper,728.0225439358912,0.000318,0.000312,True,"[{""name"": ""lkh-wrapper"", ""objective"": 728.0225439358912, ""time"": 0.000312, ""valid"": true}]","[[0, 15, 12, 19, 3, 0], [0, 6, 18, 13, 8, 0], [0, 7, 5, 9, 1, 0], [0, 11, 2, 16, 4, 0], [0, 14, 10, 17, 0]]"
uniform,n20_m5_r06.txt,data\mtsp\generated\n20_m5_r06.txt,20,5,lkh-wrapper-v1,728.0225439358912,0.000358,0.000352,True,"[{""name"": ""lkh-wrapper-v1"", ""objective"": 728.0225439358912, ""time"": 0.000352, ""valid"": true}]","[[0, 15, 12, 19, 3, 0], [0, 6, 18, 13, 8, 0], [0, 7, 5, 9, 1, 0], [0, 11, 2, 16, 4, 0], [0, 14, 10, 17, 0]]"
uniform,n20_m5_r06.txt,data\mtsp\generated\n20_m5_r06.txt,20,5,lkh-wrapper-v2,533.2579409718415,0.001085,0.001079,True,"[{""name"": ""lkh-wrapper-v2"", ""objective"": 533.2579409718415, ""time"": 0.001079, ""valid"": true}]","[[0, 17, 10, 14, 16, 2, 11, 15, 12, 19, 0], [0, 5, 1, 9, 8, 13, 18, 6, 3, 0], [0, 7, 4, 0], [0, 0], [0, 0]]"
uniform,n20_m5_r06.txt,data\mtsp\generated\n20_m5_r06.txt,20,5,lkh-wrapper-v3,533.2579409718415,0.000781,0.000774,True,"[{""name"": ""lkh-wrapper-v3"", ""objective"": 533.2579409718415, ""time"": 0.000774, ""valid"": true}]","[[0, 19, 12, 15, 11, 2, 16, 14, 10, 17, 0], [0, 5, 1, 9, 8, 13, 18, 6, 3, 0], [0, 7, 4, 0], [0, 0], [0, 0]]"
uniform,n20_m5_r07.txt,data\mtsp\generated\n20_m5_r07.txt,20,5,rand+nn,989.9406525369449,0.000308,0.000301,True,"[{""name"": ""rand+nn"", ""objective"": 989.9406525369449, ""time"": 0.000301, ""valid"": true}]","[[0, 9, 10, 12, 5, 0], [0, 1, 7, 18, 14, 0], [0, 13, 11, 3, 16, 0], [0, 4, 17, 2, 19, 0], [0, 8, 6, 15, 0]]"
uniform,n20_m5_r07.txt,data\mtsp\generated\n20_m5_r07.txt,20,5,2opt+greed,852.2196168936396,0.000222,0.000215,True,"[{""name"": ""2opt+greed"", ""objective"": 852.2196168936396, ""time"": 0.000215, ""valid"": true}]","[[0, 1, 10, 14, 2, 0], [0, 8, 18, 12, 6, 0], [0, 4, 15, 16, 17, 0], [0, 7, 9, 19, 5, 0], [0, 13, 11, 3, 0]]"
uniform,n20_m5_r07.txt,data\mtsp\generated\n20_m5_r07.txt,20,5,grasp,643.3753956601814,0.005291,0.005285,True,"[{""name"": ""grasp"", ""objective"": 643.3753956601814, ""time"": 0.005285, ""valid"": true}]","[[0, 18, 15, 16, 4, 0], [0, 6, 5, 12, 19, 0], [0, 11, 10, 7, 13, 0], [0, 17, 2, 3, 14, 0], [0, 1, 9, 8, 0]]"
uniform,n20_m5_r07.txt,data\mtsp\generated\n20_m5_r07.txt,20,5,lkh-wrapper,654.4584173807864,0.000525,0.000519,True,"[{""name"": ""lkh-wrapper"", ""objective"": 654.4584173807864, ""time"": 0.000519, ""valid"": true}]","[[0, 17, 2, 3, 14, 0], [0, 19, 12, 5, 6, 0], [0, 18, 15, 16, 4, 0], [0, 13, 7, 9, 8, 0], [0, 11, 10, 1, 0]]"
uniform,n20_m5_r07.txt,data\mtsp\generated\n20_m5_r07.txt,20,5,lkh-wrapper-v1,654.4584173807864,0.000341,0.000337,True,"[{""name"": ""lkh-wrapper-v1"", ""objective"": 654.4584173807864, ""time"": 0.000337, ""valid"": true}]","[[0, 17, 2, 3, 14, 0], [0, 19, 12, 5, 6, 0], [0, 18, 15, 16, 4, 0], [0, 13, 7, 9, 8, 0], [0, 11, 10, 1, 0]]"
uniform,n20_m5_r07.txt,data\mtsp\generated\n20_m5_r07.txt,20,5,lkh-wrapper-v2,469.27178592559414,0.000525,0.000519,True,"[{""name"": ""lkh-wrapper-v2"", ""objective"": 469.27178592559414, ""time"": 0.000519, ""valid"": true}]","[[0, 1, 9, 13, 7, 10, 11, 0], [0, 8, 4, 16, 17, 2, 3, 14, 0], [0, 15, 18, 19, 12, 5, 6, 0], [0, 0], [0, 0]]"
uniform,n20_m5_r07.txt,data\mtsp\generated\n20_m5_r07.txt,20,5,lkh-wrapper-v3,470.12765427634594,0.000458,0.000452,True,"[{""name"": ""lkh-wrapper-v3"", ""objective"": 470.12765427634594, ""time"": 0.000452, ""valid"": true}]","[[0, 1, 9, 13, 7, 10, 11, 0], [0, 8, 4, 16, 17, 2, 3, 14, 0], [0, 15, 18, 5, 6, 12, 19, 0], [0, 0], [0, 0]]"
uniform,n20_m5_r08.txt,data\mtsp\generated\n20_m5_r08.txt,20,5,rand+nn,1158.5898136917835,0.000226,0.00022,True,"[{""name"": ""rand+nn"", ""objective"": 1158.5898136917835, ""time"": 0.00022, ""valid"": true}]","[[0, 10, 12, 5, 9, 0], [0, 1, 14, 7, 18, 0], [0, 13, 16, 11, 3, 0], [0, 2, 17, 4, 19, 0], [0, 15, 6, 8, 0]]"
uniform,n20_m5_r08.txt,data\mtsp\generated\n20_m5_r08.txt,20,5,2opt+greed,901.1918369878429,0.000216,0.00021,True,"[{""name"": ""2opt+greed"", ""objective"": 901.1918369878429, ""time"": 0.00021, ""valid"": true}]","[[0, 1, 17, 5, 6, 0], [0, 10, 19, 18, 8, 0], [0, 14, 12, 7, 11, 0], [0, 2, 3, 15, 16, 0], [0, 13, 9, 4, 0]]"
uniform,n20_m5_r08.txt,data\mtsp\generated\n20_m5_r08.txt,20,5,grasp,626.5845821428093,0.004927,0.004919,True,"[{""name"": ""grasp"", ""objective"": 626.5845821428093, ""time"": 0.004919, ""valid"": true}]","[[0, 11, 19, 18, 8, 0], [0, 13, 16, 9, 4, 0], [0, 15, 7, 6, 3, 0], [0, 17, 12, 5, 2, 0], [0, 10, 1, 14, 0]]"
uniform,n20_m5_r08.txt,data\mtsp\generated\n20_m5_r08.txt,20,5,lkh-wrapper,690.0692931057966,0.000453,0.000444,True,"[{""name"": ""lkh-wrapper"", ""objective"": 690.0692931057966, ""time"": 0.000444, ""valid"": true}]","[[0, 11, 19, 3, 6, 0], [0, 13, 8, 18, 10, 0], [0, 17, 12, 5, 7, 0], [0, 2, 15, 14, 1, 0], [0, 16, 9, 4, 0]]"
uniform,n20_m5_r08.txt,data\mtsp\generated\n20_m5_r08.txt,20,5,lkh-wrapper-v1,690.0692931057966,0.000319,0.000314,True,"[{""name"": ""lkh-wrapper-v1"", ""objective"": 690.0692931057966, ""time"": 0.000314, ""valid"": true}]","[[0, 11, 19, 3, 6, 0], [0, 13, 8, 18, 10, 0], [0, 17, 12, 5, 7, 0], [0, 2, 15, 14, 1, 0], [0, 16, 9, 4, 0]]"
uniform,n20_m5_r08.txt,data\mtsp\generated\n20_m5_r08.txt,20,5,lkh-wrapper-v2,553.4467014703367,0.000709,0.000704,True,"[{""name"": ""lkh-wrapper-v2"", ""objective"": 553.4467014703367, ""time"": 0.000704, ""valid"": true}]","[[0, 1, 14, 17, 12, 5, 15, 7, 6, 3, 0], [0, 10, 11, 19, 18, 8, 0], [0, 4, 9, 16, 13, 0], [0, 2, 0], [0, 0]]"
uniform,n20_m5_r08.txt,data\mtsp\generated\n20_m5_r08.txt,20,5,lkh-wrapper-v3,524.1660964885564,0.00047,0.000465,True,"[{""name"": ""lkh-wrapper-v3"", ""objective"": 524.1660964885564, ""time"": 0.000465, ""valid"": true}]","[[0, 14, 17, 12, 5, 15, 7, 6, 3, 2, 0], [0, 10, 11, 19, 18, 8, 0], [0, 13, 16, 9, 4, 0], [0, 1, 0], [0, 0]]"
uniform,n20_m5_r09.txt,data\mtsp\generated\n20_m5_r09.txt,20,5,rand+nn,951.9777292227517,0.000253,0.000246,True,"[{""name"": ""rand+nn"", ""objective"": 951.9777292227517, ""time"": 0.000246, ""valid"": true}]","[[0, 12, 9, 5, 10, 0], [0, 14, 18, 7, 1, 0], [0, 13, 11, 16, 3, 0], [0, 17, 4, 2, 19, 0], [0, 15, 6, 8, 0]]"
uniform,n20_m5_r09.txt,data\mtsp\generated\n20_m5_r09.txt,20,5,2opt+greed,801.000577768457,0.000212,0.000206,True,"[{""name"": ""2opt+greed"", ""objective"": 801.000577768457, ""time"": 0.000206, ""valid"": true}]","[[0, 13, 3, 1, 4, 0], [0, 12, 5, 9, 6, 0], [0, 17, 8, 19, 2, 0], [0, 15, 11, 7, 10, 0], [0, 14, 18, 16, 0]]"
uniform,n20_m5_r09.txt,data\mtsp\generated\n20_m5_r09.txt,20,5,grasp,571.4413710277732,0.005457,0.005449,True,"[{""name"": ""grasp"", ""objective"": 571.4413710277732, ""time"": 0.005449, ""valid"": true}]","[[0, 2, 1, 4, 17, 0], [0, 9, 11, 5, 15, 0], [0, 18, 10, 6, 13, 0], [0, 19, 8, 3, 7, 0], [0, 14, 16, 12, 0]]"
uniform,n20_m5_r09.txt,data\mtsp\generated\n20_m5_r09.txt,20,5,lkh-wrapper,588.4976264433247,0.000274,0.00027,True,"[{""name"": ""lkh-wrapper"", ""objective"": 588.4976264433247, ""time"": 0.00027, ""valid"": true}]","[[0, 17, 7, 3, 19, 0], [0, 12, 15, 9, 2, 0], [0, 8, 10, 6, 13, 0], [0, 11, 5, 1, 4, 0], [0, 14, 18, 16, 0]]"
uniform,n20_m5_r09.txt,data\mtsp\generated\n20_m5_r09.txt,20,5,lkh-wrapper-v1,588.4976264433247,0.000362,0.000355,True,"[{""name"": ""lkh-wrapper-v1"", ""objective"": 588.4976264433247, ""time"": 0.000355, ""valid"": true}]","[[0, 17, 7, 3, 19, 0], [0, 12, 15, 9, 2, 0], [0, 8, 10, 6, 13, 0], [0, 11, 5, 1, 4, 0], [0, 14, 18, 16, 0]]"
uniform,n20_m5_r09.txt,data\mtsp\generated\n20_m5_r09.txt,20,5,lkh-wrapper-v2,453.30597793827246,0.000656,0.000651,True,"[{""name"": ""lkh-wrapper-v2"", ""objective"": 453.30597793827246, ""time"": 0.000651, ""valid"": true}]","[[0, 17, 4, 19, 7, 3, 8, 10, 6, 13, 0], [0, 9, 2, 1, 5, 11, 15, 12, 0], [0, 16, 18, 14, 0], [0, 0], [0, 0]]"
uniform,n20_m5_r09.txt,data\mtsp\generated\n20_m5_r09.txt,20,5,lkh-wrapper-v3,457.53797005998797,0.000577,0.00057,True,"[{""name"": ""lkh-wrapper-v3"", ""objective"": 457.53797005998797, ""time"": 0.00057, ""valid"": true}]","[[0, 13, 19, 6, 10, 8, 3, 7, 4, 17, 0], [0, 12, 15, 11, 5, 1, 2, 9, 0], [0, 14, 18, 16, 0], [0, 0], [0, 0]]"
uniform,n20_m5_r10.txt,data\mtsp\generated\n20_m5_r10.txt,20,5,rand+nn,911.0607565416063,0.00023,0.000223,True,"[{""name"": ""rand+nn"", ""objective"": 911.0607565416063, ""time"": 0.000223, ""valid"": true}]","[[0, 10, 5, 12, 9, 0], [0, 14, 7, 1, 18, 0], [0, 3, 16, 13, 11, 0], [0, 17, 4, 2, 19, 0], [0, 15, 6, 8, 0]]"
uniform,n20_m5_r10.txt,data\mtsp\generated\n20_m5_r10.txt,20,5,2opt+greed,758.2544396752394,0.000217,0.000211,True,"[{""name"": ""2opt+greed"", ""objective"": 758.2544396752394, ""time"": 0.000211, ""valid"": true}]","[[0, 15, 13, 11, 14, 0], [0, 3, 5, 16, 12, 0], [0, 10, 17, 7, 1, 0], [0, 8, 9, 4, 2, 0], [0, 6, 18, 19, 0]]"
uniform,n20_m5_r10.txt,data\mtsp\generated\n20_m5_r10.txt,20,5,grasp,550.9988341176776,0.0058,0.005793,True,"[{""name"": ""grasp"", ""objective"": 550.9988341176776, ""time"": 0.005793, ""valid"": true}]","[[0, 5, 16, 2, 1, 0], [0, 14, 4, 7, 17, 0], [0, 18, 11, 9, 13, 0], [0, 15, 6, 8, 10, 0], [0, 3, 12, 19, 0]]"
uniform,n20_m5_r10.txt,data\mtsp\generated\n20_m5_r10.txt,20,5,lkh-wrapper,623.985844640588,0.000515,0.000508,True,"[{""name"": ""lkh-wrapper"", ""objective"": 623.985844640588, ""time"": 0.000508, ""valid"": true}]","[[0, 6, 13, 8, 10, 0], [0, 3, 5, 16, 12, 0], [0, 14, 4, 7, 17, 0], [0, 11, 9, 1, 2, 0], [0, 15, 18, 19, 0]]"
uniform,n20_m5_r10.txt,data\mtsp\generated\n20_m5_r10.txt,20,5,lkh-wrapper-v1,623.985844640588,0.000349,0.000343,True,"[{""name"": ""lkh-wrapper-v1"", ""objective"": 623.985844640588, ""time"": 0.000343, ""valid"": true}]","[[0, 6, 13, 8, 10, 0], [0, 3, 5, 16, 12, 0], [0, 14, 4, 7, 17, 0], [0, 11, 9, 1, 2, 0], [0, 15, 18, 19, 0]]"
uniform,n20_m5_r10.txt,data\mtsp\generated\n20_m5_r10.txt,20,5,lkh-wrapper-v2,485.7803733039296,0.000512,0.000506,True,"[{""name"": ""lkh-wrapper-v2"", ""objective"": 485.7803733039296, ""time"": 0.000506, ""valid"": true}]","[[0, 15, 6, 13, 11, 9, 8, 0], [0, 1, 2, 16, 5, 12, 3, 0], [0, 10, 17, 7, 4, 14, 0], [0, 19, 18, 0], [0, 0]]"
uniform,n20_m5_r10.txt,data\mtsp\generated\n20_m5_r10.txt,20,5,lkh-wrapper-v3,485.7803733039296,0.000481,0.000474,True,"[{""name"": ""lkh-wrapper-v3"", ""objective"": 485.7803733039296, ""time"": 0.000474, ""valid"": true}]","[[0, 15, 6, 13, 11, 9, 8, 0], [0, 3, 12, 5, 16, 2, 1, 0], [0, 10, 17, 7, 4, 14, 0], [0, 19, 18, 0], [0, 0]]"
uniform,n50_m2_r01.txt,data\mtsp\generated\n50_m2_r01.txt,50,2,rand+nn,934.0922191096736,0.000327,0.00032,True,"[{""name"": ""rand+nn"", ""objective"": 934.0922191096736, ""time"": 0.00032, ""valid"": true}]","[[0, 26, 8, 27, 6, 13, 42, 19, 15, 14, 24, 23, 7, 11, 21, 37, 39, 20, 32, 43, 40, 4, 18, 31, 17, 10, 0], [0, 16, 34, 30, 48, 46, 25, 41, 38, 49, 35, 44, 33, 2, 12, 9, 36, 3, 1, 22, 5, 45, 28, 29, 47, 0]]"
uniform,n50_m2_r01.txt,data\mtsp\generated\n50_m2_r01.txt,50,2,2opt+greed,774.4990941641852,0.000327,0.00032,True,"[{""name"": ""2opt+greed"", ""objective"": 774.4990941641852, ""time"": 0.00032, ""valid"": true}]","[[0, 16, 14, 1, 15, 36, 42, 6, 12, 2, 18, 4, 28, 43, 47, 40, 17, 48, 10, 25, 46, 23, 30, 7, 34, 24, 0], [0, 26, 8, 44, 37, 35, 21, 11, 49, 38, 41, 31, 32, 20, 39, 29, 45, 33, 27, 9, 19, 13, 3, 5, 22, 0]]"
uniform,n50_m2_r01.txt,data\mtsp\generated\n50_m2_r01.txt,50,2,grasp,640.4813246608328,0.043495,0.043485,True,"[{""name"": ""grasp"", ""objective"": 640.4813246608328, ""time"": 0.043485, ""valid"": true}]","[[0, 34, 24, 23, 46, 25, 10, 48, 30, 7, 41, 17, 38, 49, 31, 40, 47, 43, 32, 20, 29, 39, 35, 37, 21, 11, 0], [0, 44, 28, 4, 18, 45, 33, 2, 12, 9, 6, 13, 42, 36, 3, 1, 22, 14, 5, 15, 19, 27, 8, 26, 16, 0]]"
uniform,n50_m2_r01.txt,data\mtsp\generated\n50_m2_r01.txt,50,2,lkh-wrapper,704.1487619736292,0.003627,0.00362,True,"[{""name"": ""lkh-wrapper"", ""objective"": 704.1487619736292, ""time"": 0.00362, ""valid"": true}]","[[0, 24, 34, 7, 23, 46, 25, 10, 48, 30, 17, 40, 47, 43, 28, 4, 18, 2, 12, 9, 6, 13, 15, 5, 14, 26, 0], [0, 16, 22, 1, 3, 36, 42, 19, 27, 8, 44, 33, 45, 29, 32, 20, 39, 35, 37, 21, 31, 41, 38, 49, 11, 0]]"
uniform,n50_m2_r01.txt,data\mtsp\generated\n50_m2_r01.txt,50,2,lkh-wrapper-v1,704.1487619736292,0.003932,0.003921,True,"[{""name"": ""lkh-wrapper-v1"", ""objective"": 704.1487619736292, ""time"": 0.003921, ""valid"": true}]","[[0, 24, 34, 7, 23, 46, 25, 10, 48, 30, 17, 40, 47, 43, 28, 4, 18, 2, 12, 9, 6, 13, 15, 5, 14, 26, 0], [0, 16, 22, 1, 3, 36, 42, 19, 27, 8, 44, 33, 45, 29, 32, 20, 39, 35, 37, 21, 31, 41, 38, 49, 11, 0]]"
uniform,n50_m2_r01.txt,data\mtsp\generated\n50_m2_r01.txt,50,2,lkh-wrapper-v2,631.5617005245074,0.001873,0.001866,True,"[{""name"": ""lkh-wrapper-v2"", ""objective"": 631.5617005245074, ""time"": 0.001866, ""valid"": true}]","[[0, 44, 37, 11, 49, 38, 41, 17, 31, 21, 35, 39, 20, 32, 40, 47, 43, 29, 28, 4, 18, 45, 2, 12, 33, 8, 26, 16, 0], [0, 34, 7, 23, 30, 48, 10, 25, 46, 24, 14, 5, 22, 1, 3, 36, 15, 19, 13, 42, 6, 9, 27, 0]]"
uniform,n50_m2_r01.txt,data\mtsp\generated\n50_m2_r01.txt,50,2,lkh-wrapper-v3,632.011215516927,0.001555,0.001547,True,"[{""name"": ""lkh-wrapper-v3"", ""objective"": 632.011215516927, ""time"": 0.001547, ""valid"": true}]","[[0, 16, 26, 8, 33, 12, 2, 45, 18, 4, 28, 29, 43, 47, 40, 32, 20, 39, 35, 21, 31, 17, 41, 38, 49, 11, 37, 44, 0], [0, 34, 7, 30, 48, 10, 25, 46, 23, 24, 22, 1, 3, 36, 42, 13, 6, 9, 27, 19, 15, 5, 14, 0]]"
uniform,n50_m2_r02.txt,data\mtsp\generated\n50_m2_r02.txt,50,2,rand+nn,949.187819323638,0.000317,0.000309,True,"[{""name"": ""rand+nn"", ""objective"": 949.187819323638, ""time"": 0.000309, ""valid"": true}]","[[0, 15, 19, 14, 7, 24, 8, 26, 40, 21, 13, 37, 27, 10, 11, 23, 18, 20, 6, 31, 42, 4, 17, 39, 43, 32, 0], [0, 9, 49, 47, 34, 35, 5, 33, 44, 36, 2, 1, 29, 30, 45, 3, 41, 46, 25, 48, 22, 38, 28, 12, 16, 0]]"
uniform,n50_m2_r02.txt,data\mtsp\generated\n50_m2_r02.txt,50,2,2opt+greed,793.9542350334432,0.00049,0.000482,True,"[{""name"": ""2opt+greed"", ""objective"": 793.9542350334432, ""time"": 0.000482, ""valid"": true}]","[[0, 15, 9, 49, 47, 22, 40, 26, 16, 12, 39, 5, 44, 42, 6, 2, 18, 23, 29, 30, 45, 3, 11, 41, 32, 21, 0], [0, 17, 20, 1, 4, 31, 36, 33, 35, 43, 28, 8, 38, 24, 34, 7, 48, 13, 37, 25, 10, 46, 27, 14, 19, 0]]"
uniform,n50_m2_r02.txt,data\mtsp\generated\n50_m2_r02.txt,50,2,grasp,598.479474145621,0.04405,0.04404,True,"[{""name"": ""grasp"", ""objective"": 598.479474145621, ""time"": 0.04404, ""valid"": true}]","[[0, 14, 27, 46, 25, 37, 13, 21, 48, 32, 40, 26, 16, 12, 43, 39, 28, 8, 38, 24, 34, 47, 7, 22, 49, 9, 0], [0, 17, 10, 41, 11, 30, 3, 45, 29, 23, 18, 1, 2, 20, 6, 36, 31, 4, 42, 44, 33, 5, 35, 15, 19, 0]]"
uniform,n50_m2_r02.txt,data\mtsp\generated\n50_m2_r02.txt,50,2,lkh-wrapper,672.6849989720785,0.007115,0.007104,True,"[{""name"": ""lkh-wrapper"", ""objective"": 672.6849989720785, ""time"": 0.007104, ""valid"": true}]","[[0, 33, 44, 36, 6, 20, 18, 23, 29, 30, 45, 3, 11, 41, 32, 48, 40, 26, 16, 12, 43, 39, 28, 34, 49, 9, 0], [0, 14, 19, 7, 47, 24, 38, 8, 22, 21, 13, 37, 25, 27, 46, 10, 17, 1, 2, 31, 4, 42, 5, 35, 15, 0]]"
uniform,n50_m2_r02.txt,data\mtsp\generated\n50_m2_r02.txt,50,2,lkh-wrapper-v1,672.6849989720785,0.006873,0.006858,True,"[{""name"": ""lkh-wrapper-v1"", ""objective"": 672.6849989720785, ""time"": 0.006858, ""valid"": true}]","[[0, 33, 44, 36, 6, 20, 18, 23, 29, 30, 45, 3, 11, 41, 32, 48, 40, 26, 16, 12, 43, 39, 28, 34, 49, 9, 0], [0, 14, 19, 7, 47, 24, 38, 8, 22, 21, 13, 37, 25, 27, 46, 10, 17, 1, 2, 31, 4, 42, 5, 35, 15, 0]]"
uniform,n50_m2_r02.txt,data\mtsp\generated\n50_m2_r02.txt,50,2,lkh-wrapper-v2,616.0506223155766,0.001927,0.001921,True,"[{""name"": ""lkh-wrapper-v2"", ""objective"": 616.0506223155766, ""time"": 0.001921, ""valid"": true}]","[[0, 15, 9, 49, 7, 47, 34, 24, 38, 8, 16, 26, 40, 32, 48, 0], [0, 35, 28, 12, 43, 39, 5, 33, 44, 42, 4, 31, 36, 6, 20, 2, 1, 18, 17, 23, 29, 30, 45, 3, 11, 41, 10, 46, 27, 25, 37, 13, 21, 22, 19, 14, 0]]"
uniform,n50_m2_r02.txt,data\mtsp\generated\n50_m2_r02.txt,50,2,lkh-wrapper-v3,616.0506223155766,0.002156,0.002146,True,"[{""name"": ""lkh-wrapper-v3"", ""objective"": 616.0506223155766, ""time"": 0.002146, ""valid"": true}]","[[0, 15, 9, 49, 7, 47, 34, 24, 38, 8, 16, 26, 40, 32, 48, 0], [0, 35, 28, 12, 43, 39, 5, 33, 44, 42, 4, 31, 36, 6, 20, 2, 1, 18, 17, 23, 29, 30, 45, 3, 11, 41, 10, 46, 27, 25, 37, 13, 21, 22, 19, 14, 0]]"
uniform,n50_m2_r03.txt,data\mtsp\generated\n50_m2_r03.txt,50,2,rand+nn,1069.5957588769838,0.000309,0.000302,True,"[{""name"": ""rand+nn"", ""objective"": 1069.5957588769838, ""time"": 0.000302, ""valid"": true}]","[[0, 20, 23, 17, 14, 31, 10, 8, 19, 40, 26, 42, 43, 15, 4, 6, 21, 37, 24, 11, 18, 13, 32, 7, 39, 27, 0], [0, 5, 2, 49, 9, 41, 30, 46, 35, 3, 1, 47, 34, 45, 28, 48, 44, 33, 36, 29, 25, 16, 22, 12, 38, 0]]"
uniform,n50_m2_r03.txt,data\mtsp\generated\n50_m2_r03.txt,50,2,2opt+greed,727.8847344145144,0.000328,0.000321,True,"[{""name"": ""2opt+greed"", ""objective"": 727.8847344145144, ""time"": 0.000321, ""valid"": true}]","[[0, 23, 17, 31, 14, 10, 8, 30, 19, 42, 41, 43, 9, 49, 26, 40, 5, 2, 12, 38, 25, 4, 15, 16, 6, 44, 0], [0, 46, 35, 34, 47, 3, 7, 1, 32, 13, 39, 27, 33, 18, 45, 28, 20, 48, 37, 36, 21, 29, 24, 11, 22, 0]]"
uniform,n50_m2_r03.txt,data\mtsp\generated\n50_m2_r03.txt,50,2,grasp,627.8033593705413,0.046716,0.046706,True,"[{""name"": ""grasp"", ""objective"": 627.8033593705413, ""time"": 0.046706, ""valid"": true}]","[[0, 20, 28, 45, 18, 13, 32, 33, 39, 27, 44, 48, 37, 36, 21, 29, 24, 38, 11, 12, 22, 15, 4, 25, 16, 6, 0], [0, 2, 49, 9, 43, 41, 42, 19, 30, 8, 10, 14, 31, 35, 34, 47, 3, 7, 1, 23, 46, 17, 40, 26, 5, 0]]"
uniform,n50_m2_r03.txt,data\mtsp\generated\n50_m2_r03.txt,50,2,lkh-wrapper,690.4328337898526,0.00179,0.001784,True,"[{""name"": ""lkh-wrapper"", ""objective"": 690.4328337898526, ""time"": 0.001784, ""valid"": true}]","[[0, 20, 6, 16, 15, 4, 25, 11, 12, 49, 9, 43, 41, 42, 19, 30, 8, 10, 14, 31, 17, 40, 26, 2, 5, 23, 0], [0, 46, 35, 34, 47, 3, 7, 1, 32, 13, 39, 27, 33, 18, 45, 28, 48, 44, 37, 36, 21, 29, 24, 38, 22, 0]]"
uniform,n50_m2_r03.txt,data\mtsp\generated\n50_m2_r03.txt,50,2,lkh-wrapper-v1,690.4328337898526,0.001796,0.001789,True,"[{""name"": ""lkh-wrapper-v1"", ""objective"": 690.4328337898526, ""time"": 0.001789, ""valid"": true}]","[[0, 20, 6, 16, 15, 4, 25, 11, 12, 49, 9, 43, 41, 42, 19, 30, 8, 10, 14, 31, 17, 40, 26, 2, 5, 23, 0], [0, 46, 35, 34, 47, 3, 7, 1, 32, 13, 39, 27, 33, 18, 45, 28, 48, 44, 37, 36, 21, 29, 24, 38, 22, 0]]"
uniform,n50_m2_r03.txt,data\mtsp\generated\n50_m2_r03.txt,50,2,lkh-wrapper-v2,638.6280172563726,0.002834,0.002825,True,"[{""name"": ""lkh-wrapper-v2"", ""objective"": 638.6280172563726, ""time"": 0.002825, ""valid"": true}]","[[0, 48, 44, 37, 36, 21, 6, 16, 15, 4, 25, 29, 24, 38, 11, 12, 22, 49, 9, 43, 41, 42, 19, 30, 8, 10, 14, 31, 35, 23, 46, 17, 40, 26, 2, 5, 0], [0, 20, 28, 45, 18, 33, 27, 39, 13, 32, 1, 7, 3, 47, 34, 0]]"
uniform,n50_m2_r03.txt,data\mtsp\generated\n50_m2_r03.txt,50,2,lkh-wrapper-v3,639.0811942273447,0.001665,0.001657,True,"[{""name"": ""lkh-wrapper-v3"", ""objective"": 639.0811942273447, ""time"": 0.001657, ""valid"": true}]","[[0, 48, 44, 37, 36, 21, 6, 16, 15, 4, 25, 29, 24, 38, 11, 12, 22, 49, 43, 41, 42, 9, 30, 19, 8, 10, 14, 31, 35, 23, 46, 17, 40, 26, 2, 5, 0], [0, 20, 28, 45, 18, 33, 27, 39, 13, 32, 1, 7, 3, 47, 34, 0]]"
uniform,n50_m2_r04.txt,data\mtsp\generated\n50_m2_r04.txt,50,2,rand+nn,997.627051029671,0.000436,0.000429,True,"[{""name"": ""rand+nn"", ""objective"": 997.627051029671, ""time"": 0.000429, ""valid"": true}]","[[0, 31, 40, 10, 37, 27, 8, 17, 4, 24, 13, 32, 7, 19, 42, 21, 26, 14, 15, 20, 43, 11, 23, 6, 39, 18, 0], [0, 12, 46, 38, 3, 25, 1, 45, 28, 22, 16, 5, 29, 2, 44, 33, 41, 9, 36, 49, 35, 30, 48, 34, 47, 0]]"
uniform,n50_m2_r04.txt,data\mtsp\generated\n50_m2_r04.txt,50,2,2opt+greed,727.6604594927574,0.000339,0.000332,True,"[{""name"": ""2opt+greed"", ""objective"": 727.6604594927574, ""time"": 0.000332, ""valid"": true}]","[[0, 12, 38, 47, 15, 13, 24, 32, 19, 41, 7, 9, 36, 49, 4, 35, 30, 17, 8, 48, 34, 27, 37, 10, 40, 31, 0], [0, 46, 3, 25, 39, 1, 45, 18, 6, 28, 23, 22, 16, 11, 5, 20, 43, 29, 44, 2, 14, 21, 26, 33, 42, 0]]"
uniform,n50_m2_r04.txt,data\mtsp\generated\n50_m2_r04.txt,50,2,grasp,655.8411518083087,0.04281,0.042798,True,"[{""name"": ""grasp"", ""objective"": 655.8411518083087, ""time"": 0.042798, ""valid"": true}]","[[0, 31, 13, 24, 32, 9, 7, 41, 19, 42, 36, 49, 4, 35, 30, 17, 8, 48, 34, 27, 37, 10, 1, 25, 40, 12, 0], [0, 15, 14, 21, 33, 26, 44, 2, 47, 20, 29, 43, 5, 11, 16, 22, 23, 28, 6, 18, 45, 39, 3, 46, 38, 0]]"
uniform,n50_m2_r04.txt,data\mtsp\generated\n50_m2_r04.txt,50,2,lkh-wrapper,662.6752940088435,0.002332,0.002324,True,"[{""name"": ""lkh-wrapper"", ""objective"": 662.6752940088435, ""time"": 0.002324, ""valid"": true}]","[[0, 12, 38, 47, 13, 24, 9, 7, 32, 19, 41, 42, 36, 49, 4, 35, 30, 17, 8, 48, 34, 27, 37, 10, 40, 31, 0], [0, 46, 3, 25, 39, 1, 45, 18, 6, 28, 23, 22, 16, 11, 5, 20, 43, 29, 2, 44, 26, 33, 21, 14, 15, 0]]"
uniform,n50_m2_r04.txt,data\mtsp\generated\n50_m2_r04.txt,50,2,lkh-wrapper-v1,662.6752940088435,0.002013,0.002006,True,"[{""name"": ""lkh-wrapper-v1"", ""objective"": 662.6752940088435, ""time"": 0.002006, ""valid"": true}]","[[0, 12, 38, 47, 13, 24, 9, 7, 32, 19, 41, 42, 36, 49, 4, 35, 30, 17, 8, 48, 34, 27, 37, 10, 40, 31, 0], [0, 46, 3, 25, 39, 1, 45, 18, 6, 28, 23, 22, 16, 11, 5, 20, 43, 29, 2, 44, 26, 33, 21, 14, 15, 0]]"
uniform,n50_m2_r04.txt,data\mtsp\generated\n50_m2_r04.txt,50,2,lkh-wrapper-v2,676.9309435109515,0.001831,0.001825,True,"[{""name"": ""lkh-wrapper-v2"", ""objective"": 676.9309435109515, ""time"": 0.001825, ""valid"": true}]","[[0, 12, 46, 3, 6, 45, 18, 28, 38, 0], [0, 40, 25, 39, 1, 10, 37, 27, 34, 48, 8, 17, 30, 35, 4, 49, 36, 42, 7, 9, 32, 41, 19, 33, 21, 26, 44, 2, 29, 43, 20, 5, 23, 22, 16, 11, 47, 14, 15, 13, 24, 31, 0]]"
uniform,n50_m2_r04.txt,data\mtsp\generated\n50_m2_r04.txt,50,2,lkh-wrapper-v3,664.965614861745,0.001631,0.001624,True,"[{""name"": ""lkh-wrapper-v3"", ""objective"": 664.965614861745, ""time"": 0.001624, ""valid"": true}]","[[0, 38, 28, 18, 45, 6, 3, 46, 12, 0], [0, 31, 40, 25, 39, 1, 10, 37, 27, 34, 48, 8, 17, 30, 35, 4, 49, 36, 42, 19, 41, 7, 9, 32, 24, 13, 15, 14, 21, 33, 26, 44, 2, 29, 43, 20, 5, 23, 22, 16, 11, 47, 0]]"
uniform,n50_m2_r05.txt,data\mtsp\generated\n50_m2_r05.txt,50,2,rand+nn,906.27201060386,0.000334,0.000326,True,"[{""name"": ""rand+nn"", ""objective"": 906.27201060386, ""time"": 0.000326, ""valid"": true}]","[[0, 39, 14, 26, 19, 32, 17, 21, 6, 11, 15, 4, 43, 7, 18, 13, 37, 24, 27, 31, 40, 20, 10, 8, 42, 23, 0], [0, 28, 41, 12, 47, 16, 49, 22, 48, 25, 1, 44, 29, 5, 35, 9, 34, 36, 2, 46, 30, 45, 33, 38, 3, 0]]"
uniform,n50_m2_r05.txt,data\mtsp\generated\n50_m2_r05.txt,50,2,2opt+greed,779.3230552778268,0.000303,0.000296,True,"[{""name"": ""2opt+greed"", ""objective"": 779.3230552778268, ""time"": 0.000296, ""valid"": true}]","[[0, 28, 41, 12, 20, 47, 16, 49, 3, 4, 43, 7, 18, 13, 38, 33, 37, 24, 27, 31, 40, 45, 23, 34, 35, 6, 0], [0, 39, 5, 8, 10, 2, 46, 30, 36, 42, 9, 29, 19, 26, 32, 44, 17, 21, 1, 11, 15, 22, 48, 25, 14, 0]]"
uniform,n50_m2_r05.txt,data\mtsp\generated\n50_m2_r05.txt,50,2,grasp,637.7440123231581,0.048269,0.048257,True,"[{""name"": ""grasp"", ""objective"": 637.7440123231581, ""time"": 0.048257, ""valid"": true}]","[[0, 39, 5, 8, 10, 46, 30, 45, 40, 31, 27, 24, 37, 7, 33, 18, 13, 38, 43, 20, 47, 49, 16, 12, 41, 28, 0], [0, 14, 25, 48, 22, 4, 3, 15, 11, 6, 21, 17, 1, 44, 32, 26, 19, 29, 35, 9, 42, 34, 23, 36, 2, 0]]"
uniform,n50_m2_r05.txt,data\mtsp\generated\n50_m2_r05.txt,50,2,lkh-wrapper,628.2640384419714,0.003384,0.003378,True,"[{""name"": ""lkh-wrapper"", ""objective"": 628.2640384419714, ""time"": 0.003378, ""valid"": true}]","[[0, 5, 42, 34, 23, 30, 45, 40, 31, 27, 24, 37, 33, 38, 13, 18, 7, 43, 4, 3, 49, 16, 47, 20, 12, 41, 0], [0, 28, 46, 2, 36, 10, 8, 9, 35, 29, 19, 26, 32, 44, 1, 17, 21, 6, 11, 15, 22, 48, 25, 14, 39, 0]]"
uniform,n50_m2_r05.txt,data\mtsp\generated\n50_m2_r05.txt,50,2,lkh-wrapper-v1,628.2640384419714,0.003412,0.003406,True,"[{""name"": ""lkh-wrapper-v1"", ""objective"": 628.2640384419714, ""time"": 0.003406, ""valid"": true}]","[[0, 5, 42, 34, 23, 30, 45, 40, 31, 27, 24, 37, 33, 38, 13, 18, 7, 43, 4, 3, 49, 16, 47, 20, 12, 41, 0], [0, 28, 46, 2, 36, 10, 8, 9, 35, 29, 19, 26, 32, 44, 1, 17, 21, 6, 11, 15, 22, 48, 25, 14, 39, 0]]"
uniform,n50_m2_r05.txt,data\mtsp\generated\n50_m2_r05.txt,50,2,lkh-wrapper-v2,650.8959664642064,0.001719,0.001712,True,"[{""name"": ""lkh-wrapper-v2"", ""objective"": 650.8959664642064, ""time"": 0.001712, ""valid"": true}]","[[0, 28, 41, 12, 20, 47, 16, 49, 35, 9, 42, 34, 23, 0], [0, 22, 15, 11, 3, 4, 43, 7, 18, 13, 38, 33, 37, 24, 27, 31, 40, 45, 30, 46, 2, 36, 10, 8, 5, 29, 19, 26, 32, 44, 17, 21, 6, 1, 48, 25, 14, 39, 0]]"
uniform,n50_m2_r05.txt,data\mtsp\generated\n50_m2_r05.txt,50,2,lkh-wrapper-v3,650.8959664642061,0.001481,0.001474,True,"[{""name"": ""lkh-wrapper-v3"", ""objective"": 650.8959664642061, ""time"": 0.001474, ""valid"": true}]","[[0, 28, 41, 12, 20, 47, 16, 49, 35, 9, 42, 34, 23, 0], [0, 39, 14, 25, 48, 1, 6, 21, 17, 44, 32, 26, 19, 29, 5, 8, 10, 36, 2, 46, 30, 45, 40, 31, 27, 24, 37, 33, 38, 13, 18, 7, 43, 4, 3, 11, 15, 22, 0]]"
uniform,n50_m2_r06.txt,data\mtsp\generated\n50_m2_r06.txt,50,2,rand+nn,1001.5382312024153,0.000304,0.000297,True,"[{""name"": ""rand+nn"", ""objective"": 1001.5382312024153, ""time"": 0.000297, ""valid"": true}]","[[0, 8, 18, 15, 27, 26, 17, 24, 43, 19, 42, 31, 23, 21, 14, 11, 4, 10, 39, 40, 37, 7, 6, 32, 13, 20, 0], [0, 49, 44, 34, 48, 22, 38, 46, 33, 35, 16, 5, 29, 3, 12, 41, 36, 25, 47, 9, 28, 2, 30, 45, 1, 0]]"
uniform,n50_m2_r06.txt,data\mtsp\generated\n50_m2_r06.txt,50,2,2opt+greed,725.3457764893064,0.000325,0.000319,True,"[{""name"": ""2opt+greed"", ""objective"": 725.3457764893064, ""time"": 0.000319, ""valid"": true}]","[[0, 49, 8, 32, 7, 47, 25, 36, 40, 39, 10, 2, 4, 30, 21, 16, 35, 20, 45, 1, 43, 24, 17, 26, 27, 15, 0], [0, 44, 18, 28, 6, 9, 37, 41, 12, 3, 11, 29, 14, 5, 23, 31, 33, 46, 13, 38, 22, 42, 19, 48, 34, 0]]"
uniform,n50_m2_r06.txt,data\mtsp\generated\n50_m2_r06.txt,50,2,grasp,598.5630360816414,0.042723,0.042711,True,"[{""name"": ""grasp"", ""objective"": 598.5630360816414, ""time"": 0.042711, ""valid"": true}]","[[0, 42, 22, 38, 13, 46, 33, 35, 20, 16, 31, 23, 21, 5, 14, 29, 11, 4, 30, 2, 10, 39, 40, 12, 3, 49, 0], [0, 19, 45, 1, 43, 17, 24, 48, 34, 15, 27, 26, 32, 6, 7, 28, 9, 47, 25, 37, 36, 41, 8, 18, 44, 0]]"
uniform,n50_m2_r06.txt,data\mtsp\generated\n50_m2_r06.txt,50,2,lkh-wrapper,705.1078543680161,0.004897,0.004882,True,"[{""name"": ""lkh-wrapper"", ""objective"": 705.1078543680161, ""time"": 0.004882, ""valid"": true}]","[[0, 8, 18, 6, 7, 47, 25, 36, 40, 39, 10, 2, 4, 30, 5, 16, 31, 20, 45, 1, 43, 24, 17, 26, 27, 15, 0], [0, 42, 22, 38, 13, 46, 33, 35, 23, 21, 29, 14, 11, 3, 12, 41, 37, 9, 28, 32, 34, 48, 19, 44, 49, 0]]"
uniform,n50_m2_r06.txt,data\mtsp\generated\n50_m2_r06.txt,50,2,lkh-wrapper-v1,705.1078543680161,0.003688,0.003681,True,"[{""name"": ""lkh-wrapper-v1"", ""objective"": 705.1078543680161, ""time"": 0.003681, ""valid"": true}]","[[0, 8, 18, 6, 7, 47, 25, 36, 40, 39, 10, 2, 4, 30, 5, 16, 31, 20, 45, 1, 43, 24, 17, 26, 27, 15, 0], [0, 42, 22, 38, 13, 46, 33, 35, 23, 21, 29, 14, 11, 3, 12, 41, 37, 9, 28, 32, 34, 48, 19, 44, 49, 0]]"
uniform,n50_m2_r06.txt,data\mtsp\generated\n50_m2_r06.txt,50,2,lkh-wrapper-v2,617.4378402169061,0.001743,0.001736,True,"[{""name"": ""lkh-wrapper-v2"", ""objective"": 617.4378402169061, ""time"": 0.001736, ""valid"": true}]","[[0, 49, 29, 14, 11, 3, 12, 41, 36, 37, 28, 9, 25, 47, 7, 6, 32, 26, 27, 17, 24, 43, 1, 45, 0], [0, 40, 39, 10, 2, 4, 30, 5, 21, 23, 31, 16, 20, 35, 33, 46, 13, 38, 22, 42, 19, 48, 34, 15, 18, 8, 44, 0]]"
uniform,n50_m2_r06.txt,data\mtsp\generated\n50_m2_r06.txt,50,2,lkh-wrapper-v3,621.5699436878826,0.001636,0.001629,True,"[{""name"": ""lkh-wrapper-v3"", ""objective"": 621.5699436878826, ""time"": 0.001629, ""valid"": true}]","[[0, 49, 29, 14, 11, 3, 12, 41, 36, 37, 25, 47, 9, 28, 7, 6, 32, 26, 27, 17, 24, 43, 1, 45, 0], [0, 44, 8, 18, 15, 34, 48, 19, 42, 22, 38, 13, 46, 33, 20, 35, 31, 23, 21, 16, 5, 30, 4, 2, 10, 39, 40, 0]]"
uniform,n50_m2_r07.txt,data\mtsp\generated\n50_m2_r07.txt,50,2,rand+nn,1011.9427871408287,0.000381,0.000372,True,"[{""name"": ""rand+nn"", ""objective"": 1011.9427871408287, ""time"": 0.000372, ""valid"": true}]","[[0, 14, 26, 20, 13, 15, 24, 18, 27, 23, 40, 17, 21, 42, 32, 43, 11, 39, 7, 4, 10, 19, 37, 6, 8, 31, 0], [0, 22, 36, 34, 33, 2, 28, 16, 38, 46, 45, 35, 5, 47, 29, 1, 49, 41, 25, 3, 9, 44, 30, 48, 12, 0]]"
uniform,n50_m2_r07.txt,data\mtsp\generated\n50_m2_r07.txt,50,2,2opt+greed,690.0256904984335,0.000353,0.000346,True,"[{""name"": ""2opt+greed"", ""objective"": 690.0256904984335, ""time"": 0.000346, ""valid"": true}]","[[0, 14, 6, 37, 19, 47, 8, 31, 29, 1, 26, 49, 20, 25, 41, 9, 44, 30, 48, 24, 15, 3, 13, 18, 12, 21, 0], [0, 10, 4, 5, 45, 35, 11, 46, 38, 7, 39, 16, 33, 42, 43, 32, 2, 28, 17, 40, 23, 34, 27, 36, 22, 0]]"
uniform,n50_m2_r07.txt,data\mtsp\generated\n50_m2_r07.txt,50,2,grasp,593.5828576593494,0.048444,0.048433,True,"[{""name"": ""grasp"", ""objective"": 593.5828576593494, ""time"": 0.048433, ""valid"": true}]","[[0, 38, 7, 39, 16, 42, 33, 28, 2, 32, 43, 11, 35, 45, 46, 5, 4, 10, 19, 37, 6, 47, 8, 31, 29, 1, 0], [0, 22, 36, 27, 34, 23, 17, 40, 21, 12, 18, 24, 48, 30, 44, 9, 15, 3, 13, 41, 25, 20, 49, 26, 14, 0]]"
uniform,n50_m2_r07.txt,data\mtsp\generated\n50_m2_r07.txt,50,2,lkh-wrapper,633.4821453969918,0.001023,0.001015,True,"[{""name"": ""lkh-wrapper"", ""objective"": 633.4821453969918, ""time"": 0.001015, ""valid"": true}]","[[0, 14, 6, 37, 19, 47, 8, 31, 29, 30, 48, 24, 44, 9, 15, 3, 13, 18, 12, 21, 25, 41, 20, 1, 49, 26, 0], [0, 16, 39, 7, 38, 10, 4, 5, 46, 45, 35, 11, 43, 32, 42, 33, 2, 28, 17, 40, 23, 34, 27, 36, 22, 0]]"
uniform,n50_m2_r07.txt,data\mtsp\generated\n50_m2_r07.txt,50,2,lkh-wrapper-v1,633.4821453969918,0.000984,0.000977,True,"[{""name"": ""lkh-wrapper-v1"", ""objective"": 633.4821453969918, ""time"": 0.000977, ""valid"": true}]","[[0, 14, 6, 37, 19, 47, 8, 31, 29, 30, 48, 24, 44, 9, 15, 3, 13, 18, 12, 21, 25, 41, 20, 1, 49, 26, 0], [0, 16, 39, 7, 38, 10, 4, 5, 46, 45, 35, 11, 43, 32, 42, 33, 2, 28, 17, 40, 23, 34, 27, 36, 22, 0]]"
uniform,n50_m2_r07.txt,data\mtsp\generated\n50_m2_r07.txt,50,2,lkh-wrapper-v2,593.8738898487547,0.002795,0.002789,True,"[{""name"": ""lkh-wrapper-v2"", ""objective"": 593.8738898487547, ""time"": 0.002789, ""valid"": true}]","[[0, 26, 49, 1, 20, 41, 13, 3, 15, 9, 44, 24, 48, 30, 29, 31, 8, 47, 6, 37, 19, 10, 4, 5, 46, 45, 35, 11, 43, 32, 2, 28, 33, 42, 16, 39, 7, 38, 14, 0], [0, 25, 18, 12, 21, 40, 17, 23, 34, 27, 36, 22, 0]]"
uniform,n50_m2_r07.txt,data\mtsp\generated\n50_m2_r07.txt,50,2,lkh-wrapper-v3,593.8738898487547,0.002458,0.002451,True,"[{""name"": ""lkh-wrapper-v3"", ""objective"": 593.8738898487547, ""time"": 0.002451, ""valid"": true}]","[[0, 14, 38, 7, 39, 16, 42, 33, 28, 2, 32, 43, 11, 35, 45, 46, 5, 4, 10, 19, 37, 6, 47, 8, 31, 29, 30, 48, 24, 44, 9, 15, 3, 13, 41, 20, 1, 49, 26, 0], [0, 25, 18, 12, 21, 40, 17, 23, 34, 27, 36, 22, 0]]"
uniform,n50_m2_r08.txt,data\mtsp\generated\n50_m2_r08.txt,50,2,rand+nn,993.3949698361507,0.000402,0.000394,True,"[{""name"": ""rand+nn"", ""objective"": 993.3949698361507, ""time"": 0.000394, ""valid"": true}]","[[0, 6, 26, 7, 13, 11, 31, 15, 4, 40, 27, 18, 14, 19, 42, 43, 23, 21, 39, 24, 8, 17, 37, 32, 10, 20, 0], [0, 16, 3, 45, 5, 44, 35, 36, 46, 25, 9, 48, 2, 28, 33, 22, 12, 1, 47, 29, 41, 38, 30, 49, 34, 0]]"
uniform,n50_m2_r08.txt,data\mtsp\generated\n50_m2_r08.txt,50,2,2opt+greed,677.9494964316323,0.000648,0.000637,True,"[{""name"": ""2opt+greed"", ""objective"": 677.9494964316323, ""time"": 0.000637, ""valid"": true}]","[[0, 6, 16, 13, 3, 11, 49, 31, 40, 34, 27, 20, 4, 15, 29, 41, 38, 10, 47, 1, 30, 32, 33, 22, 12, 24, 0], [0, 26, 8, 17, 37, 28, 2, 48, 9, 25, 36, 46, 35, 39, 14, 18, 19, 42, 43, 44, 21, 23, 45, 5, 7, 0]]"
uniform,n50_m2_r08.txt,data\mtsp\generated\n50_m2_r08.txt,50,2,grasp,627.4618037505244,0.042964,0.042954,True,"[{""name"": ""grasp"", ""objective"": 627.4618037505244, ""time"": 0.042954, ""valid"": true}]","[[0, 47, 1, 32, 30, 10, 38, 41, 29, 15, 31, 11, 49, 40, 4, 20, 27, 34, 14, 18, 19, 42, 43, 45, 5, 7, 0], [0, 6, 26, 16, 13, 3, 23, 21, 44, 39, 35, 46, 36, 25, 9, 48, 2, 28, 37, 17, 8, 33, 22, 12, 24, 0]]"
uniform,n50_m2_r08.txt,data\mtsp\generated\n50_m2_r08.txt,50,2,lkh-wrapper,668.5998439317764,0.002249,0.00224,True,"[{""name"": ""lkh-wrapper"", ""objective"": 668.5998439317764, ""time"": 0.00224, ""valid"": true}]","[[0, 26, 16, 13, 3, 11, 49, 34, 27, 20, 4, 40, 31, 15, 29, 41, 38, 10, 47, 1, 30, 32, 33, 22, 12, 24, 0], [0, 6, 18, 14, 19, 42, 43, 45, 5, 23, 21, 44, 39, 35, 46, 36, 25, 9, 48, 2, 28, 37, 17, 8, 7, 0]]"
uniform,n50_m2_r08.txt,data\mtsp\generated\n50_m2_r08.txt,50,2,lkh-wrapper-v1,668.5998439317764,0.001498,0.001489,True,"[{""name"": ""lkh-wrapper-v1"", ""objective"": 668.5998439317764, ""time"": 0.001489, ""valid"": true}]","[[0, 26, 16, 13, 3, 11, 49, 34, 27, 20, 4, 40, 31, 15, 29, 41, 38, 10, 47, 1, 30, 32, 33, 22, 12, 24, 0], [0, 6, 18, 14, 19, 42, 43, 45, 5, 23, 21, 44, 39, 35, 46, 36, 25, 9, 48, 2, 28, 37, 17, 8, 7, 0]]"
uniform,n50_m2_r08.txt,data\mtsp\generated\n50_m2_r08.txt,50,2,lkh-wrapper-v2,656.1166603222671,0.003732,0.003726,True,"[{""name"": ""lkh-wrapper-v2"", ""objective"": 656.1166603222671, ""time"": 0.003726, ""valid"": true}]","[[0, 7, 24, 12, 22, 33, 8, 17, 37, 28, 2, 48, 9, 25, 36, 46, 35, 39, 18, 31, 16, 0], [0, 26, 1, 32, 30, 47, 10, 38, 41, 29, 15, 4, 20, 40, 34, 27, 14, 19, 42, 43, 44, 21, 23, 45, 5, 13, 3, 49, 11, 6, 0]]"
uniform,n50_m2_r08.txt,data\mtsp\generated\n50_m2_r08.txt,50,2,lkh-wrapper-v3,656.1166603222671,0.002998,0.002988,True,"[{""name"": ""lkh-wrapper-v3"", ""objective"": 656.1166603222671, ""time"": 0.002988, ""valid"": true}]","[[0, 7, 24, 12, 22, 33, 8, 17, 37, 28, 2, 48, 9, 25, 36, 46, 35, 39, 18, 31, 16, 0], [0, 26, 1, 32, 30, 47, 10, 38, 41, 29, 15, 4, 20, 40, 34, 27, 14, 19, 42, 43, 44, 21, 23, 45, 5, 13, 3, 49, 11, 6, 0]]"
uniform,n50_m2_r09.txt,data\mtsp\generated\n50_m2_r09.txt,50,2,rand+nn,896.98267396763,0.000307,0.000299,True,"[{""name"": ""rand+nn"", ""objective"": 896.98267396763, ""time"": 0.000299, ""valid"": true}]","[[0, 32, 20, 6, 13, 23, 27, 15, 8, 18, 21, 19, 42, 39, 14, 4, 10, 26, 31, 11, 40, 37, 7, 17, 24, 43, 0], [0, 3, 25, 12, 30, 5, 36, 49, 1, 16, 9, 2, 48, 38, 34, 29, 41, 44, 46, 22, 33, 35, 47, 45, 28, 0]]"
uniform,n50_m2_r09.txt,data\mtsp\generated\n50_m2_r09.txt,50,2,2opt+greed,802.7166496368012,0.000313,0.000306,True,"[{""name"": ""2opt+greed"", ""objective"": 802.7166496368012, ""time"": 0.000306, ""valid"": true}]","[[0, 3, 32, 20, 5, 36, 19, 42, 13, 23, 28, 27, 45, 15, 8, 18, 47, 46, 44, 43, 29, 24, 7, 35, 22, 33, 0], [0, 25, 12, 30, 6, 49, 1, 39, 14, 16, 9, 4, 10, 26, 31, 11, 40, 38, 37, 48, 2, 34, 17, 41, 21, 0]]"
uniform,n50_m2_r09.txt,data\mtsp\generated\n50_m2_r09.txt,50,2,grasp,619.588789250859,0.041438,0.041427,True,"[{""name"": ""grasp"", ""objective"": 619.588789250859, ""time"": 0.041427, ""valid"": true}]","[[0, 3, 2, 48, 37, 34, 7, 38, 40, 11, 31, 26, 10, 4, 9, 16, 14, 39, 1, 42, 19, 49, 36, 6, 5, 30, 0], [0, 20, 12, 32, 25, 17, 29, 24, 43, 41, 44, 46, 22, 47, 21, 45, 27, 28, 23, 13, 8, 15, 18, 33, 35, 0]]"
uniform,n50_m2_r09.txt,data\mtsp\generated\n50_m2_r09.txt,50,2,lkh-wrapper,643.6389559664061,0.004905,0.004899,True,"[{""name"": ""lkh-wrapper"", ""objective"": 643.6389559664061, ""time"": 0.004899, ""valid"": true}]","[[0, 3, 20, 30, 5, 6, 19, 42, 13, 23, 28, 27, 45, 21, 15, 18, 47, 22, 46, 44, 41, 43, 24, 29, 35, 33, 0], [0, 8, 36, 49, 1, 39, 14, 16, 9, 4, 10, 26, 31, 11, 40, 38, 7, 17, 34, 37, 48, 2, 12, 32, 25, 0]]"
uniform,n50_m2_r09.txt,data\mtsp\generated\n50_m2_r09.txt,50,2,lkh-wrapper-v1,643.6389559664061,0.004981,0.004974,True,"[{""name"": ""lkh-wrapper-v1"", ""objective"": 643.6389559664061, ""time"": 0.004974, ""valid"": true}]","[[0, 3, 20, 30, 5, 6, 19, 42, 13, 23, 28, 27, 45, 21, 15, 18, 47, 22, 46, 44, 41, 43, 24, 29, 35, 33, 0], [0, 8, 36, 49, 1, 39, 14, 16, 9, 4, 10, 26, 31, 11, 40, 38, 7, 17, 34, 37, 48, 2, 12, 32, 25, 0]]"
uniform,n50_m2_r09.txt,data\mtsp\generated\n50_m2_r09.txt,50,2,lkh-wrapper-v2,612.3495707520595,0.003779,0.00377,True,"[{""name"": ""lkh-wrapper-v2"", ""objective"": 612.3495707520595, ""time"": 0.00377, ""valid"": true}]","[[0, 3, 25, 32, 12, 20, 30, 5, 6, 36, 49, 39, 1, 19, 42, 13, 23, 28, 27, 45, 21, 47, 22, 18, 15, 8, 0], [0, 14, 16, 9, 4, 10, 26, 31, 11, 38, 40, 48, 37, 34, 7, 17, 29, 24, 43, 41, 44, 46, 33, 35, 2, 0]]"
uniform,n50_m2_r09.txt,data\mtsp\generated\n50_m2_r09.txt,50,2,lkh-wrapper-v3,612.3495707520595,0.002451,0.002443,True,"[{""name"": ""lkh-wrapper-v3"", ""objective"": 612.3495707520595, ""time"": 0.002443, ""valid"": true}]","[[0, 8, 15, 18, 22, 47, 21, 45, 27, 28, 23, 13, 42, 19, 1, 39, 49, 36, 6, 5, 30, 20, 12, 32, 25, 3, 0], [0, 2, 35, 33, 46, 44, 41, 43, 24, 29, 17, 7, 34, 37, 48, 40, 38, 11, 31, 26, 10, 4, 9, 16, 14, 0]]"
uniform,n50_m2_r10.txt,data\mtsp\generated\n50_m2_r10.txt,50,2,rand+nn,1064.9274883791009,0.000375,0.000367,True,"[{""name"": ""rand+nn"", ""objective"": 1064.9274883791009, ""time"": 0.000367, ""valid"": true}]","[[0, 26, 18, 6, 4, 7, 8, 43, 17, 19, 21, 11, 23, 42, 40, 37, 15, 14, 10, 13, 39, 20, 31, 24, 32, 27, 0], [0, 29, 49, 28, 16, 1, 44, 30, 25, 34, 12, 46, 33, 35, 2, 36, 38, 5, 47, 22, 45, 9, 3, 48, 41, 0]]"
uniform,n50_m2_r10.txt,data\mtsp\generated\n50_m2_r10.txt,50,2,2opt+greed,665.1975449411858,0.000329,0.000322,True,"[{""name"": ""2opt+greed"", ""objective"": 665.1975449411858, ""time"": 0.000322, ""valid"": true}]","[[0, 15, 35, 2, 36, 14, 10, 20, 5, 31, 24, 38, 7, 4, 6, 8, 41, 43, 46, 12, 34, 27, 25, 17, 33, 26, 0], [0, 18, 29, 49, 28, 44, 30, 19, 1, 16, 21, 11, 23, 48, 3, 42, 32, 40, 45, 39, 13, 47, 22, 9, 37, 0]]"
uniform,n50_m2_r10.txt,data\mtsp\generated\n50_m2_r10.txt,50,2,grasp,624.5359989940475,0.039758,0.039748,True,"[{""name"": ""grasp"", ""objective"": 624.5359989940475, ""time"": 0.039748, ""valid"": true}]","[[0, 46, 43, 41, 8, 7, 38, 24, 31, 5, 20, 14, 36, 2, 10, 13, 47, 22, 39, 45, 40, 9, 37, 35, 4, 6, 0], [0, 15, 29, 49, 28, 42, 32, 3, 48, 23, 11, 21, 19, 1, 16, 44, 27, 30, 25, 34, 12, 17, 33, 18, 26, 0]]"
uniform,n50_m2_r10.txt,data\mtsp\generated\n50_m2_r10.txt,50,2,lkh-wrapper,636.8102869667816,0.00201,0.001998,True,"[{""name"": ""lkh-wrapper"", ""objective"": 636.8102869667816, ""time"": 0.001998, ""valid"": true}]","[[0, 18, 33, 44, 25, 34, 12, 17, 46, 43, 41, 8, 6, 4, 7, 38, 24, 31, 5, 20, 10, 14, 36, 2, 35, 15, 0], [0, 26, 29, 49, 28, 16, 1, 30, 27, 19, 21, 11, 23, 48, 3, 42, 32, 40, 45, 39, 13, 47, 22, 9, 37, 0]]"
uniform,n50_m2_r10.txt,data\mtsp\generated\n50_m2_r10.txt,50,2,lkh-wrapper-v1,636.8102869667816,0.001613,0.001606,True,"[{""name"": ""lkh-wrapper-v1"", ""objective"": 636.8102869667816, ""time"": 0.001606, ""valid"": true}]","[[0, 18, 33, 44, 25, 34, 12, 17, 46, 43, 41, 8, 6, 4, 7, 38, 24, 31, 5, 20, 10, 14, 36, 2, 35, 15, 0], [0, 26, 29, 49, 28, 16, 1, 30, 27, 19, 21, 11, 23, 48, 3, 42, 32, 40, 45, 39, 13, 47, 22, 9, 37, 0]]"
uniform,n50_m2_r10.txt,data\mtsp\generated\n50_m2_r10.txt,50,2,lkh-wrapper-v2,615.4393197986922,0.001785,0.001777,True,"[{""name"": ""lkh-wrapper-v2"", ""objective"": 615.4393197986922, ""time"": 0.001777, ""valid"": true}]","[[0, 8, 41, 43, 46, 17, 12, 34, 25, 30, 27, 44, 33, 18, 26, 0], [0, 15, 35, 4, 6, 7, 38, 24, 31, 5, 20, 14, 36, 2, 10, 13, 47, 22, 39, 45, 37, 9, 40, 32, 42, 3, 48, 23, 11, 21, 19, 1, 16, 28, 49, 29, 0]]"
uniform,n50_m2_r10.txt,data\mtsp\generated\n50_m2_r10.txt,50,2,lkh-wrapper-v3,615.4393197986922,0.001782,0.001776,True,"[{""name"": ""lkh-wrapper-v3"", ""objective"": 615.4393197986922, ""time"": 0.001776, ""valid"": true}]","[[0, 26, 18, 33, 44, 27, 30, 25, 34, 12, 17, 46, 43, 41, 8, 0], [0, 29, 49, 28, 16, 1, 19, 21, 11, 23, 48, 3, 42, 32, 40, 9, 37, 45, 39, 22, 47, 13, 10, 2, 36, 14, 20, 5, 31, 24, 38, 7, 6, 4, 35, 15, 0]]"
uniform,n50_m3_r01.txt,data\mtsp\generated\n50_m3_r01.txt,50,3,rand+nn,1328.9042774142163,0.000335,0.000327,True,"[{""name"": ""rand+nn"", ""objective"": 1328.9042774142163, ""time"": 0.000327, ""valid"": true}]","[[0, 15, 37, 28, 34, 4, 41, 10, 33, 27, 23, 45, 44, 49, 18, 5, 14, 19, 0], [0, 2, 29, 16, 24, 30, 22, 12, 11, 7, 17, 1, 46, 21, 20, 6, 31, 0], [0, 35, 36, 48, 38, 32, 13, 25, 47, 43, 39, 8, 3, 26, 40, 9, 42, 0]]"
uniform,n50_m3_r01.txt,data\mtsp\generated\n50_m3_r01.txt,50,3,2opt+greed,1059.7551660296388,0.000347,0.00034,True,"[{""name"": ""2opt+greed"", ""objective"": 1059.7551660296388, ""time"": 0.00034, ""valid"": true}]","[[0, 35, 24, 16, 29, 8, 10, 41, 39, 6, 34, 20, 4, 28, 46, 17, 32, 44, 0], [0, 2, 15, 49, 18, 25, 47, 43, 26, 33, 42, 12, 11, 48, 45, 7, 38, 0], [0, 36, 23, 27, 22, 19, 14, 5, 9, 30, 3, 40, 37, 21, 1, 13, 31, 0]]"
uniform,n50_m3_r01.txt,data\mtsp\generated\n50_m3_r01.txt,50,3,grasp,676.9960704358368,0.061991,0.061979,True,"[{""name"": ""grasp"", ""objective"": 676.9960704358368, ""time"": 0.061979, ""valid"": true}]","[[0, 2, 29, 8, 16, 24, 27, 30, 9, 22, 5, 14, 19, 42, 12, 11, 23, 36, 0], [0, 15, 21, 46, 1, 25, 17, 18, 13, 49, 31, 44, 32, 38, 7, 45, 48, 0], [0, 35, 33, 3, 26, 40, 10, 41, 39, 6, 34, 4, 20, 43, 47, 28, 37, 0]]"
uniform,n50_m3_r01.txt,data\mtsp\generated\n50_m3_r01.txt,50,3,lkh-wrapper,777.5725405127988,0.006972,0.006961,True,"[{""name"": ""lkh-wrapper"", ""objective"": 777.5725405127988, ""time"": 0.006961, ""valid"": true}]","[[0, 35, 16, 8, 29, 4, 20, 34, 40, 10, 41, 39, 6, 43, 47, 28, 21, 37, 0], [0, 15, 46, 25, 1, 18, 49, 31, 44, 7, 45, 48, 23, 27, 33, 24, 36, 0], [0, 26, 3, 30, 9, 22, 5, 14, 19, 42, 12, 11, 32, 13, 17, 38, 2, 0]]"
uniform,n50_m3_r01.txt,data\mtsp\generated\n50_m3_r01.txt,50,3,lkh-wrapper-v1,777.5725405127988,0.005987,0.005976,True,"[{""name"": ""lkh-wrapper-v1"", ""objective"": 777.5725405127988, ""time"": 0.005976, ""valid"": true}]","[[0, 35, 16, 8, 29, 4, 20, 34, 40, 10, 41, 39, 6, 43, 47, 28, 21, 37, 0], [0, 15, 46, 25, 1, 18, 49, 31, 44, 7, 45, 48, 23, 27, 33, 24, 36, 0], [0, 26, 3, 30, 9, 22, 5, 14, 19, 42, 12, 11, 32, 13, 17, 38, 2, 0]]"
uniform,n50_m3_r01.txt,data\mtsp\generated\n50_m3_r01.txt,50,3,lkh-wrapper-v2,718.9670013693689,0.002936,0.00293,True,"[{""name"": ""lkh-wrapper-v2"", ""objective"": 718.9670013693689, ""time"": 0.00293, ""valid"": true}]","[[0, 35, 24, 36, 23, 22, 5, 14, 19, 42, 12, 11, 44, 31, 38, 0], [0, 48, 45, 7, 32, 13, 49, 18, 17, 25, 1, 46, 21, 28, 47, 43, 37, 15, 2, 0], [0, 27, 9, 30, 33, 3, 26, 40, 10, 41, 39, 6, 34, 20, 4, 29, 8, 16, 0]]"
uniform,n50_m3_r01.txt,data\mtsp\generated\n50_m3_r01.txt,50,3,lkh-wrapper-v3,720.0719085984085,0.002015,0.002006,True,"[{""name"": ""lkh-wrapper-v3"", ""objective"": 720.0719085984085, ""time"": 0.002006, ""valid"": true}]","[[0, 35, 24, 36, 23, 11, 22, 5, 14, 19, 42, 12, 44, 31, 38, 0], [0, 2, 15, 37, 43, 47, 28, 21, 46, 1, 25, 17, 18, 49, 13, 32, 7, 45, 48, 0], [0, 16, 8, 29, 4, 20, 34, 6, 39, 41, 10, 40, 26, 3, 33, 30, 9, 27, 0]]"
uniform,n50_m3_r02.txt,data\mtsp\generated\n50_m3_r02.txt,50,3,rand+nn,1203.0037933937049,0.000501,0.000496,True,"[{""name"": ""rand+nn"", ""objective"": 1203.0037933937049, ""time"": 0.000496, ""valid"": true}]","[[0, 19, 33, 27, 37, 41, 44, 4, 49, 34, 5, 18, 45, 15, 28, 14, 10, 23, 0], [0, 12, 20, 1, 2, 24, 11, 22, 21, 31, 46, 7, 6, 16, 17, 29, 30, 0], [0, 3, 39, 42, 43, 26, 38, 13, 48, 9, 36, 32, 40, 8, 25, 47, 35, 0]]"
uniform,n50_m3_r02.txt,data\mtsp\generated\n50_m3_r02.txt,50,3,2opt+greed,861.9398229312171,0.000407,0.000402,True,"[{""name"": ""2opt+greed"", ""objective"": 861.9398229312171, ""time"": 0.000402, ""valid"": true}]","[[0, 19, 12, 27, 37, 1, 23, 36, 32, 9, 41, 44, 4, 13, 38, 30, 17, 35, 0], [0, 3, 10, 28, 14, 47, 11, 40, 8, 25, 24, 2, 48, 20, 49, 26, 43, 0], [0, 33, 22, 15, 21, 45, 31, 46, 7, 16, 18, 42, 5, 6, 29, 39, 34, 0]]"
uniform,n50_m3_r02.txt,data\mtsp\generated\n50_m3_r02.txt,50,3,grasp,709.9607917117764,0.065574,0.065561,True,"[{""name"": ""grasp"", ""objective"": 709.9607917117764, ""time"": 0.065561, ""valid"": true}]","[[0, 39, 5, 42, 17, 43, 18, 16, 45, 35, 21, 31, 46, 7, 6, 29, 33, 3, 0], [0, 12, 27, 1, 23, 2, 24, 25, 8, 40, 11, 47, 10, 28, 14, 15, 22, 0], [0, 34, 26, 30, 49, 38, 13, 4, 44, 32, 36, 9, 41, 37, 48, 20, 19, 0]]"
uniform,n50_m3_r02.txt,data\mtsp\generated\n50_m3_r02.txt,50,3,lkh-wrapper,763.9750499779256,0.002225,0.002218,True,"[{""name"": ""lkh-wrapper"", ""objective"": 763.9750499779256, ""time"": 0.002218, ""valid"": true}]","[[0, 34, 26, 30, 49, 38, 4, 44, 9, 32, 36, 23, 41, 1, 37, 27, 12, 19, 0], [0, 3, 10, 28, 14, 47, 11, 40, 8, 25, 24, 2, 48, 20, 13, 17, 43, 0], [0, 33, 22, 15, 21, 35, 45, 31, 46, 7, 6, 16, 18, 42, 5, 39, 29, 0]]"
uniform,n50_m3_r02.txt,data\mtsp\generated\n50_m3_r02.txt,50,3,lkh-wrapper-v1,763.9750499779256,0.003226,0.003214,True,"[{""name"": ""lkh-wrapper-v1"", ""objective"": 763.9750499779256, ""time"": 0.003214, ""valid"": true}]","[[0, 34, 26, 30, 49, 38, 4, 44, 9, 32, 36, 23, 41, 1, 37, 27, 12, 19, 0], [0, 3, 10, 28, 14, 47, 11, 40, 8, 25, 24, 2, 48, 20, 13, 17, 43, 0], [0, 33, 22, 15, 21, 35, 45, 31, 46, 7, 6, 16, 18, 42, 5, 39, 29, 0]]"
uniform,n50_m3_r02.txt,data\mtsp\generated\n50_m3_r02.txt,50,3,lkh-wrapper-v2,665.5693185308727,0.002618,0.00261,True,"[{""name"": ""lkh-wrapper-v2"", ""objective"": 665.5693185308727, ""time"": 0.00261, ""valid"": true}]","[[0, 34, 39, 5, 42, 18, 43, 17, 26, 30, 49, 38, 4, 44, 13, 20, 48, 12, 3, 33, 0], [0, 19, 27, 37, 1, 41, 9, 32, 36, 23, 40, 11, 47, 14, 28, 10, 8, 25, 24, 2, 0], [0, 22, 15, 21, 35, 45, 31, 46, 7, 16, 6, 29, 0]]"
uniform,n50_m3_r02.txt,data\mtsp\generated\n50_m3_r02.txt,50,3,lkh-wrapper-v3,661.4743592416002,0.001832,0.001823,True,"[{""name"": ""lkh-wrapper-v3"", ""objective"": 661.4743592416002, ""time"": 0.001823, ""valid"": true}]","[[0, 33, 3, 12, 20, 48, 44, 4, 13, 38, 49, 30, 26, 17, 43, 18, 42, 5, 39, 34, 0], [0, 19, 27, 37, 1, 41, 9, 32, 36, 23, 40, 11, 47, 14, 28, 10, 8, 25, 24, 2, 0], [0, 29, 6, 16, 7, 46, 31, 45, 35, 21, 15, 22, 0]]"
uniform,n50_m3_r03.txt,data\mtsp\generated\n50_m3_r03.txt,50,3,rand+nn,1183.7886938651404,0.00036,0.000352,True,"[{""name"": ""rand+nn"", ""objective"": 1183.7886938651404, ""time"": 0.000352, ""valid"": true}]","[[0, 41, 19, 23, 27, 14, 49, 10, 28, 15, 37, 33, 44, 45, 4, 18, 34, 5, 0], [0, 46, 7, 24, 31, 16, 21, 2, 30, 1, 29, 6, 20, 17, 22, 12, 11, 0], [0, 13, 32, 42, 3, 26, 38, 36, 40, 47, 39, 35, 9, 25, 8, 48, 43, 0]]"
uniform,n50_m3_r03.txt,data\mtsp\generated\n50_m3_r03.txt,50,3,2opt+greed,807.2624690579426,0.000315,0.000308,True,"[{""name"": ""2opt+greed"", ""objective"": 807.2624690579426, ""time"": 0.000308, ""valid"": true}]","[[0, 13, 43, 2, 21, 31, 16, 18, 34, 24, 3, 11, 7, 42, 32, 46, 28, 15, 0], [0, 26, 5, 12, 22, 38, 36, 49, 10, 17, 40, 14, 27, 23, 47, 19, 41, 0], [0, 44, 45, 48, 8, 25, 30, 1, 9, 29, 4, 35, 6, 39, 20, 37, 33, 0]]"
uniform,n50_m3_r03.txt,data\mtsp\generated\n50_m3_r03.txt,50,3,grasp,718.1774366429224,0.065564,0.065554,True,"[{""name"": ""grasp"", ""objective"": 718.1774366429224, ""time"": 0.065554, ""valid"": true}]","[[0, 38, 22, 12, 5, 11, 3, 24, 34, 18, 16, 31, 43, 13, 7, 42, 32, 46, 0], [0, 37, 20, 15, 47, 19, 23, 27, 14, 40, 17, 28, 10, 49, 36, 26, 41, 0], [0, 33, 39, 6, 35, 4, 29, 9, 1, 30, 25, 8, 2, 21, 48, 45, 44, 0]]"
uniform,n50_m3_r03.txt,data\mtsp\generated\n50_m3_r03.txt,50,3,lkh-wrapper,745.6465429247901,0.002593,0.002585,True,"[{""name"": ""lkh-wrapper"", ""objective"": 745.6465429247901, ""time"": 0.002585, ""valid"": true}]","[[0, 41, 27, 26, 11, 3, 42, 32, 7, 24, 34, 18, 16, 31, 43, 21, 2, 13, 0], [0, 33, 19, 23, 47, 17, 28, 10, 40, 14, 49, 36, 38, 22, 12, 5, 46, 0], [0, 44, 45, 48, 8, 25, 30, 1, 9, 29, 4, 35, 6, 39, 20, 15, 37, 0]]"
uniform,n50_m3_r03.txt,data\mtsp\generated\n50_m3_r03.txt,50,3,lkh-wrapper-v1,745.6465429247901,0.002923,0.002916,True,"[{""name"": ""lkh-wrapper-v1"", ""objective"": 745.6465429247901, ""time"": 0.002916, ""valid"": true}]","[[0, 41, 27, 26, 11, 3, 42, 32, 7, 24, 34, 18, 16, 31, 43, 21, 2, 13, 0], [0, 33, 19, 23, 47, 17, 28, 10, 40, 14, 49, 36, 38, 22, 12, 5, 46, 0], [0, 44, 45, 48, 8, 25, 30, 1, 9, 29, 4, 35, 6, 39, 20, 15, 37, 0]]"
uniform,n50_m3_r03.txt,data\mtsp\generated\n50_m3_r03.txt,50,3,lkh-wrapper-v2,683.5948753084284,0.005022,0.005013,True,"[{""name"": ""lkh-wrapper-v2"", ""objective"": 683.5948753084284, ""time"": 0.005013, ""valid"": true}]","[[0, 46, 13, 44, 45, 48, 25, 8, 2, 21, 43, 31, 16, 18, 34, 24, 7, 32, 42, 3, 11, 5, 12, 22, 38, 26, 0], [0, 19, 23, 47, 20, 15, 17, 28, 10, 36, 49, 14, 40, 27, 41, 0], [0, 33, 37, 39, 6, 35, 4, 29, 9, 1, 30, 0]]"
uniform,n50_m3_r03.txt,data\mtsp\generated\n50_m3_r03.txt,50,3,lkh-wrapper-v3,684.7664637733252,0.003477,0.00347,True,"[{""name"": ""lkh-wrapper-v3"", ""objective"": 684.7664637733252, ""time"": 0.00347, ""valid"": true}]","[[0, 26, 38, 22, 12, 5, 11, 3, 24, 34, 18, 16, 31, 43, 21, 2, 48, 8, 25, 45, 44, 13, 7, 42, 32, 46, 0], [0, 41, 27, 40, 14, 49, 36, 10, 28, 17, 15, 20, 47, 23, 19, 0], [0, 33, 37, 39, 6, 35, 4, 29, 9, 1, 30, 0]]"
uniform,n50_m3_r04.txt,data\mtsp\generated\n50_m3_r04.txt,50,3,rand+nn,1234.4755044236933,0.000299,0.000292,True,"[{""name"": ""rand+nn"", ""objective"": 1234.4755044236933, ""time"": 0.000292, ""valid"": true}]","[[0, 45, 10, 49, 15, 37, 41, 19, 5, 23, 27, 33, 34, 18, 4, 28, 14, 44, 0], [0, 6, 20, 31, 21, 1, 11, 24, 12, 29, 16, 30, 46, 17, 22, 2, 7, 0], [0, 32, 43, 42, 38, 36, 25, 39, 26, 9, 40, 35, 47, 3, 13, 8, 48, 0]]"
uniform,n50_m3_r04.txt,data\mtsp\generated\n50_m3_r04.txt,50,3,2opt+greed,763.8122926844936,0.000337,0.00033,True,"[{""name"": ""2opt+greed"", ""objective"": 763.8122926844936, ""time"": 0.00033, ""valid"": true}]","[[0, 45, 32, 10, 12, 25, 36, 29, 16, 28, 30, 18, 4, 34, 9, 26, 17, 47, 0], [0, 5, 40, 23, 35, 2, 3, 7, 13, 8, 14, 44, 37, 20, 19, 22, 41, 0], [0, 6, 31, 48, 21, 42, 15, 38, 11, 24, 1, 49, 43, 33, 27, 46, 39, 0]]"
uniform,n50_m3_r04.txt,data\mtsp\generated\n50_m3_r04.txt,50,3,grasp,638.3480629353185,0.065715,0.0657,True,"[{""name"": ""grasp"", ""objective"": 638.3480629353185, ""time"": 0.0657, ""valid"": true}]","[[0, 41, 19, 22, 2, 3, 7, 13, 44, 14, 8, 20, 37, 48, 31, 21, 6, 45, 0], [0, 12, 25, 16, 28, 30, 18, 4, 34, 9, 26, 17, 40, 47, 23, 35, 5, 0], [0, 32, 10, 43, 49, 42, 15, 38, 1, 11, 24, 36, 29, 33, 27, 46, 39, 0]]"
uniform,n50_m3_r04.txt,data\mtsp\generated\n50_m3_r04.txt,50,3,lkh-wrapper,703.6795876204565,0.002155,0.002149,True,"[{""name"": ""lkh-wrapper"", ""objective"": 703.6795876204565, ""time"": 0.002149, ""valid"": true}]","[[0, 45, 6, 10, 49, 36, 29, 25, 16, 28, 30, 18, 4, 34, 9, 26, 17, 40, 0], [0, 5, 47, 23, 35, 2, 22, 19, 3, 7, 13, 44, 14, 8, 20, 37, 41, 0], [0, 39, 46, 27, 33, 12, 24, 11, 1, 38, 15, 42, 48, 31, 21, 43, 32, 0]]"
uniform,n50_m3_r04.txt,data\mtsp\generated\n50_m3_r04.txt,50,3,lkh-wrapper-v1,703.6795876204565,0.002279,0.002271,True,"[{""name"": ""lkh-wrapper-v1"", ""objective"": 703.6795876204565, ""time"": 0.002271, ""valid"": true}]","[[0, 45, 6, 10, 49, 36, 29, 25, 16, 28, 30, 18, 4, 34, 9, 26, 17, 40, 0], [0, 5, 47, 23, 35, 2, 22, 19, 3, 7, 13, 44, 14, 8, 20, 37, 41, 0], [0, 39, 46, 27, 33, 12, 24, 11, 1, 38, 15, 42, 48, 31, 21, 43, 32, 0]]"
uniform,n50_m3_r04.txt,data\mtsp\generated\n50_m3_r04.txt,50,3,lkh-wrapper-v2,660.0685721177102,0.003624,0.003615,True,"[{""name"": ""lkh-wrapper-v2"", ""objective"": 660.0685721177102, ""time"": 0.003615, ""valid"": true}]","[[0, 5, 35, 23, 47, 40, 17, 26, 9, 34, 4, 18, 30, 28, 25, 12, 49, 43, 21, 31, 48, 37, 20, 6, 45, 0], [0, 19, 22, 2, 3, 7, 13, 44, 14, 8, 41, 0], [0, 32, 10, 42, 15, 38, 1, 11, 24, 36, 29, 16, 33, 27, 46, 39, 0]]"
uniform,n50_m3_r04.txt,data\mtsp\generated\n50_m3_r04.txt,50,3,lkh-wrapper-v3,660.0685721177103,0.002214,0.002207,True,"[{""name"": ""lkh-wrapper-v3"", ""objective"": 660.0685721177103, ""time"": 0.002207, ""valid"": true}]","[[0, 5, 35, 23, 47, 40, 17, 26, 9, 34, 4, 18, 30, 28, 25, 12, 49, 43, 21, 31, 48, 37, 20, 6, 45, 0], [0, 19, 22, 2, 3, 7, 13, 44, 14, 8, 41, 0], [0, 39, 46, 27, 33, 16, 29, 36, 24, 11, 1, 38, 15, 42, 10, 32, 0]]"
uniform,n50_m3_r05.txt,data\mtsp\generated\n50_m3_r05.txt,50,3,rand+nn,1325.3637033406467,0.000306,0.000299,True,"[{""name"": ""rand+nn"", ""objective"": 1325.3637033406467, ""time"": 0.000299, ""valid"": true}]","[[0, 14, 49, 15, 28, 27, 23, 41, 34, 10, 18, 33, 19, 44, 37, 4, 5, 45, 0], [0, 29, 2, 31, 6, 24, 30, 16, 12, 17, 46, 21, 1, 20, 22, 7, 11, 0], [0, 9, 47, 13, 48, 35, 25, 36, 38, 8, 32, 43, 39, 3, 40, 26, 42, 0]]"
uniform,n50_m3_r05.txt,data\mtsp\generated\n50_m3_r05.txt,50,3,2opt+greed,828.7076532614046,0.000311,0.000304,True,"[{""name"": ""2opt+greed"", ""objective"": 828.7076532614046, ""time"": 0.000304, ""valid"": true}]","[[0, 14, 39, 3, 22, 26, 37, 40, 1, 42, 17, 23, 12, 16, 36, 25, 41, 35, 0], [0, 29, 44, 43, 33, 32, 24, 30, 19, 38, 6, 31, 8, 2, 18, 10, 34, 0], [0, 49, 9, 47, 13, 28, 48, 27, 46, 15, 21, 20, 4, 5, 45, 7, 11, 0]]"
uniform,n50_m3_r05.txt,data\mtsp\generated\n50_m3_r05.txt,50,3,grasp,656.8336608978782,0.071338,0.071326,True,"[{""name"": ""grasp"", ""objective"": 656.8336608978782, ""time"": 0.071326, ""valid"": true}]","[[0, 40, 4, 5, 45, 26, 37, 22, 7, 39, 11, 3, 44, 43, 18, 10, 29, 14, 0], [0, 9, 47, 1, 20, 21, 15, 13, 28, 46, 27, 42, 17, 23, 12, 16, 48, 0], [0, 49, 35, 41, 25, 36, 6, 38, 19, 30, 24, 31, 8, 32, 33, 2, 34, 0]]"
uniform,n50_m3_r05.txt,data\mtsp\generated\n50_m3_r05.txt,50,3,lkh-wrapper,755.8643153841751,0.001832,0.001825,True,"[{""name"": ""lkh-wrapper"", ""objective"": 755.8643153841751, ""time"": 0.001825, ""valid"": true}]","[[0, 39, 3, 11, 7, 22, 37, 40, 1, 42, 17, 23, 12, 16, 36, 25, 41, 35, 0], [0, 8, 31, 6, 38, 19, 30, 24, 32, 33, 2, 43, 44, 18, 10, 34, 29, 0], [0, 26, 45, 5, 4, 20, 21, 15, 46, 27, 48, 28, 13, 47, 9, 49, 14, 0]]"
uniform,n50_m3_r05.txt,data\mtsp\generated\n50_m3_r05.txt,50,3,lkh-wrapper-v1,755.8643153841751,0.001878,0.001872,True,"[{""name"": ""lkh-wrapper-v1"", ""objective"": 755.8643153841751, ""time"": 0.001872, ""valid"": true}]","[[0, 39, 3, 11, 7, 22, 37, 40, 1, 42, 17, 23, 12, 16, 36, 25, 41, 35, 0], [0, 8, 31, 6, 38, 19, 30, 24, 32, 33, 2, 43, 44, 18, 10, 34, 29, 0], [0, 26, 45, 5, 4, 20, 21, 15, 46, 27, 48, 28, 13, 47, 9, 49, 14, 0]]"
uniform,n50_m3_r05.txt,data\mtsp\generated\n50_m3_r05.txt,50,3,lkh-wrapper-v2,646.5042705166659,0.002143,0.002134,True,"[{""name"": ""lkh-wrapper-v2"", ""objective"": 646.5042705166659, ""time"": 0.002134, ""valid"": true}]","[[0, 22, 7, 39, 11, 3, 44, 43, 33, 32, 24, 30, 19, 38, 6, 31, 8, 2, 18, 10, 34, 29, 14, 0], [0, 40, 37, 26, 45, 5, 4, 20, 1, 21, 15, 46, 27, 42, 17, 23, 12, 16, 48, 28, 13, 47, 9, 49, 0], [0, 35, 25, 36, 41, 0]]"
uniform,n50_m3_r05.txt,data\mtsp\generated\n50_m3_r05.txt,50,3,lkh-wrapper-v3,646.5042705166658,0.002244,0.002234,True,"[{""name"": ""lkh-wrapper-v3"", ""objective"": 646.5042705166658, ""time"": 0.002234, ""valid"": true}]","[[0, 14, 29, 34, 10, 18, 2, 8, 31, 6, 38, 19, 30, 24, 32, 33, 43, 44, 3, 11, 39, 7, 22, 0], [0, 49, 9, 47, 13, 28, 48, 16, 12, 23, 17, 42, 27, 46, 15, 21, 1, 20, 4, 5, 45, 26, 37, 40, 0], [0, 35, 25, 36, 41, 0]]"
uniform,n50_m3_r06.txt,data\mtsp\generated\n50_m3_r06.txt,50,3,rand+nn,1273.2381251759916,0.000312,0.000304,True,"[{""name"": ""rand+nn"", ""objective"": 1273.2381251759916, ""time"": 0.000304, ""valid"": true}]","[[0, 15, 18, 41, 10, 45, 19, 28, 23, 49, 5, 44, 27, 14, 4, 37, 34, 33, 0], [0, 7, 11, 22, 1, 30, 24, 31, 29, 46, 2, 21, 17, 6, 12, 16, 20, 0], [0, 47, 9, 35, 42, 25, 48, 40, 13, 26, 43, 32, 3, 8, 38, 36, 39, 0]]"
uniform,n50_m3_r06.txt,data\mtsp\generated\n50_m3_r06.txt,50,3,2opt+greed,747.8289313252267,0.00031,0.000303,True,"[{""name"": ""2opt+greed"", ""objective"": 747.8289313252267, ""time"": 0.000303, ""valid"": true}]","[[0, 49, 20, 23, 8, 16, 12, 28, 19, 6, 3, 45, 17, 41, 10, 21, 40, 47, 0], [0, 9, 7, 5, 42, 34, 25, 48, 37, 46, 26, 43, 2, 33, 32, 18, 15, 0], [0, 35, 11, 22, 24, 30, 1, 38, 36, 31, 39, 44, 29, 27, 14, 4, 13, 0]]"
uniform,n50_m3_r06.txt,data\mtsp\generated\n50_m3_r06.txt,50,3,grasp,667.1485423129736,0.06531,0.065299,True,"[{""name"": ""grasp"", ""objective"": 667.1485423129736, ""time"": 0.065299, ""valid"": true}]","[[0, 15, 48, 13, 14, 29, 27, 39, 31, 36, 30, 24, 1, 38, 44, 5, 35, 9, 0], [0, 10, 17, 45, 3, 6, 19, 28, 12, 16, 8, 23, 20, 49, 22, 11, 7, 0], [0, 47, 21, 41, 18, 32, 33, 2, 43, 26, 46, 37, 40, 4, 25, 34, 42, 0]]"
uniform,n50_m3_r06.txt,data\mtsp\generated\n50_m3_r06.txt,50,3,lkh-wrapper,663.1365440920415,0.002822,0.002809,True,"[{""name"": ""lkh-wrapper"", ""objective"": 663.1365440920415, ""time"": 0.002809, ""valid"": true}]","[[0, 9, 49, 20, 23, 8, 16, 12, 28, 19, 6, 3, 45, 17, 41, 10, 21, 47, 0], [0, 35, 7, 5, 42, 34, 25, 40, 37, 46, 26, 43, 2, 33, 32, 18, 15, 0], [0, 11, 22, 1, 24, 30, 38, 36, 31, 39, 44, 29, 27, 14, 4, 13, 48, 0]]"
uniform,n50_m3_r06.txt,data\mtsp\generated\n50_m3_r06.txt,50,3,lkh-wrapper-v1,663.1365440920415,0.002317,0.002309,True,"[{""name"": ""lkh-wrapper-v1"", ""objective"": 663.1365440920415, ""time"": 0.002309, ""valid"": true}]","[[0, 9, 49, 20, 23, 8, 16, 12, 28, 19, 6, 3, 45, 17, 41, 10, 21, 47, 0], [0, 35, 7, 5, 42, 34, 25, 40, 37, 46, 26, 43, 2, 33, 32, 18, 15, 0], [0, 11, 22, 1, 24, 30, 38, 36, 31, 39, 44, 29, 27, 14, 4, 13, 48, 0]]"
uniform,n50_m3_r06.txt,data\mtsp\generated\n50_m3_r06.txt,50,3,lkh-wrapper-v2,652.8893262469097,0.003286,0.003278,True,"[{""name"": ""lkh-wrapper-v2"", ""objective"": 652.8893262469097, ""time"": 0.003278, ""valid"": true}]","[[0, 49, 20, 23, 8, 16, 12, 28, 19, 6, 3, 45, 17, 41, 10, 21, 47, 0], [0, 42, 34, 25, 48, 46, 26, 43, 2, 33, 37, 40, 4, 13, 14, 29, 27, 39, 31, 36, 30, 24, 1, 38, 44, 5, 7, 11, 22, 35, 9, 0], [0, 15, 32, 18, 0]]"
uniform,n50_m3_r06.txt,data\mtsp\generated\n50_m3_r06.txt,50,3,lkh-wrapper-v3,655.0550043956429,0.002986,0.002979,True,"[{""name"": ""lkh-wrapper-v3"", ""objective"": 655.0550043956429, ""time"": 0.002979, ""valid"": true}]","[[0, 47, 21, 10, 41, 17, 45, 3, 6, 19, 28, 12, 23, 20, 49, 8, 16, 0], [0, 9, 35, 7, 5, 11, 22, 1, 24, 30, 38, 36, 31, 39, 44, 29, 27, 14, 13, 4, 40, 37, 33, 2, 43, 26, 46, 48, 25, 34, 42, 0], [0, 15, 32, 18, 0]]"
uniform,n50_m3_r07.txt,data\mtsp\generated\n50_m3_r07.txt,50,3,rand+nn,1265.9688029605647,0.000382,0.000374,True,"[{""name"": ""rand+nn"", ""objective"": 1265.9688029605647, ""time"": 0.000374, ""valid"": true}]","[[0, 45, 41, 5, 27, 15, 14, 18, 10, 28, 23, 44, 34, 4, 37, 19, 49, 33, 0], [0, 20, 46, 6, 2, 24, 17, 7, 1, 21, 30, 22, 31, 16, 29, 11, 12, 0], [0, 38, 39, 48, 47, 43, 13, 42, 9, 32, 35, 40, 26, 3, 36, 25, 8, 0]]"
uniform,n50_m3_r07.txt,data\mtsp\generated\n50_m3_r07.txt,50,3,2opt+greed,798.5422003782537,0.000319,0.000312,True,"[{""name"": ""2opt+greed"", ""objective"": 798.5422003782537, ""time"": 0.000312, ""valid"": true}]","[[0, 20, 41, 5, 46, 36, 6, 2, 25, 47, 29, 13, 22, 30, 37, 21, 9, 19, 0], [0, 45, 8, 27, 15, 14, 24, 3, 18, 26, 40, 17, 7, 49, 33, 35, 32, 0], [0, 10, 38, 39, 28, 12, 11, 23, 48, 44, 43, 31, 16, 42, 34, 4, 1, 0]]"
uniform,n50_m3_r07.txt,data\mtsp\generated\n50_m3_r07.txt,50,3,grasp,649.2397213743759,0.07309,0.07308,True,"[{""name"": ""grasp"", ""objective"": 649.2397213743759, ""time"": 0.07308, ""valid"": true}]","[[0, 28, 23, 11, 12, 25, 2, 36, 6, 3, 18, 26, 24, 14, 15, 46, 5, 41, 0], [0, 13, 30, 22, 34, 42, 16, 31, 43, 44, 29, 47, 48, 39, 38, 10, 20, 0], [0, 45, 8, 27, 17, 40, 7, 49, 33, 35, 32, 1, 19, 9, 21, 4, 37, 0]]"
uniform,n50_m3_r07.txt,data\mtsp\generated\n50_m3_r07.txt,50,3,lkh-wrapper,756.793423544616,0.003062,0.003055,True,"[{""name"": ""lkh-wrapper"", ""objective"": 756.793423544616, ""time"": 0.003055, ""valid"": true}]","[[0, 20, 41, 5, 46, 36, 6, 2, 28, 48, 47, 13, 37, 4, 1, 19, 9, 21, 0], [0, 45, 8, 27, 15, 14, 24, 3, 18, 26, 40, 17, 7, 49, 33, 35, 32, 0], [0, 10, 38, 39, 25, 12, 11, 23, 29, 44, 43, 31, 16, 42, 34, 22, 30, 0]]"
uniform,n50_m3_r07.txt,data\mtsp\generated\n50_m3_r07.txt,50,3,lkh-wrapper-v1,756.793423544616,0.003764,0.003748,True,"[{""name"": ""lkh-wrapper-v1"", ""objective"": 756.793423544616, ""time"": 0.003748, ""valid"": true}]","[[0, 20, 41, 5, 46, 36, 6, 2, 28, 48, 47, 13, 37, 4, 1, 19, 9, 21, 0], [0, 45, 8, 27, 15, 14, 24, 3, 18, 26, 40, 17, 7, 49, 33, 35, 32, 0], [0, 10, 38, 39, 25, 12, 11, 23, 29, 44, 43, 31, 16, 42, 34, 22, 30, 0]]"
uniform,n50_m3_r07.txt,data\mtsp\generated\n50_m3_r07.txt,50,3,lkh-wrapper-v2,640.7505175377269,0.001881,0.001874,True,"[{""name"": ""lkh-wrapper-v2"", ""objective"": 640.7505175377269, ""time"": 0.001874, ""valid"": true}]","[[0, 38, 2, 25, 12, 11, 23, 28, 39, 10, 20, 0], [0, 46, 36, 6, 3, 18, 5, 41, 45, 0], [0, 48, 47, 29, 44, 43, 31, 16, 42, 34, 22, 30, 13, 37, 4, 21, 9, 19, 1, 32, 35, 33, 49, 7, 17, 40, 26, 24, 14, 15, 27, 8, 0]]"
uniform,n50_m3_r07.txt,data\mtsp\generated\n50_m3_r07.txt,50,3,lkh-wrapper-v3,640.7505175377269,0.001477,0.00147,True,"[{""name"": ""lkh-wrapper-v3"", ""objective"": 640.7505175377269, ""time"": 0.00147, ""valid"": true}]","[[0, 20, 10, 39, 28, 23, 11, 12, 25, 2, 38, 0], [0, 46, 36, 6, 3, 18, 5, 41, 45, 0], [0, 48, 47, 29, 44, 43, 31, 16, 42, 34, 22, 30, 13, 37, 4, 21, 9, 19, 1, 32, 35, 33, 49, 7, 17, 40, 26, 24, 14, 15, 27, 8, 0]]"
uniform,n50_m3_r08.txt,data\mtsp\generated\n50_m3_r08.txt,50,3,rand+nn,1194.9996013835557,0.000299,0.000292,True,"[{""name"": ""rand+nn"", ""objective"": 1194.9996013835557, ""time"": 0.000292, ""valid"": true}]","[[0, 33, 14, 34, 28, 19, 23, 45, 44, 41, 27, 4, 5, 15, 49, 10, 37, 18, 0], [0, 46, 22, 24, 11, 29, 16, 7, 21, 2, 31, 20, 6, 12, 17, 1, 30, 0], [0, 9, 36, 8, 26, 40, 39, 48, 43, 38, 25, 3, 35, 47, 13, 32, 42, 0]]"
uniform,n50_m3_r08.txt,data\mtsp\generated\n50_m3_r08.txt,50,3,2opt+greed,721.3526593267452,0.000322,0.000315,True,"[{""name"": ""2opt+greed"", ""objective"": 721.3526593267452, ""time"": 0.000315, ""valid"": true}]","[[0, 46, 33, 8, 26, 40, 22, 48, 29, 43, 2, 5, 21, 7, 4, 38, 27, 45, 0], [0, 9, 34, 31, 41, 44, 20, 28, 6, 23, 12, 17, 35, 18, 3, 19, 25, 0], [0, 16, 24, 39, 11, 15, 42, 37, 10, 32, 49, 13, 30, 47, 1, 14, 36, 0]]"
uniform,n50_m3_r08.txt,data\mtsp\generated\n50_m3_r08.txt,50,3,grasp,636.23330072397,0.064675,0.064664,True,"[{""name"": ""grasp"", ""objective"": 636.23330072397, ""time"": 0.064664, ""valid"": true}]","[[0, 8, 26, 40, 22, 48, 29, 43, 2, 5, 21, 7, 16, 27, 4, 38, 31, 34, 0], [0, 46, 36, 14, 33, 25, 19, 28, 6, 12, 17, 23, 45, 44, 41, 20, 9, 0], [0, 3, 35, 18, 47, 30, 1, 13, 49, 32, 10, 37, 42, 15, 11, 24, 39, 0]]"
uniform,n50_m3_r08.txt,data\mtsp\generated\n50_m3_r08.txt,50,3,lkh-wrapper,622.5945052271684,0.002671,0.002655,True,"[{""name"": ""lkh-wrapper"", ""objective"": 622.5945052271684, ""time"": 0.002655, ""valid"": true}]","[[0, 46, 9, 16, 27, 38, 4, 7, 21, 5, 2, 43, 29, 48, 22, 40, 26, 8, 0], [0, 34, 31, 41, 44, 45, 20, 28, 6, 23, 12, 17, 35, 18, 3, 19, 25, 0], [0, 36, 39, 24, 11, 15, 42, 37, 10, 32, 49, 13, 30, 47, 1, 14, 33, 0]]"
uniform,n50_m3_r08.txt,data\mtsp\generated\n50_m3_r08.txt,50,3,lkh-wrapper-v1,622.5945052271684,0.002226,0.002219,True,"[{""name"": ""lkh-wrapper-v1"", ""objective"": 622.5945052271684, ""time"": 0.002219, ""valid"": true}]","[[0, 46, 9, 16, 27, 38, 4, 7, 21, 5, 2, 43, 29, 48, 22, 40, 26, 8, 0], [0, 34, 31, 41, 44, 45, 20, 28, 6, 23, 12, 17, 35, 18, 3, 19, 25, 0], [0, 36, 39, 24, 11, 15, 42, 37, 10, 32, 49, 13, 30, 47, 1, 14, 33, 0]]"
uniform,n50_m3_r08.txt,data\mtsp\generated\n50_m3_r08.txt,50,3,lkh-wrapper-v2,622.2677477757377,0.00192,0.001913,True,"[{""name"": ""lkh-wrapper-v2"", ""objective"": 622.2677477757377, ""time"": 0.001913, ""valid"": true}]","[[0, 46, 36, 33, 14, 3, 35, 18, 47, 30, 1, 13, 49, 32, 10, 37, 42, 15, 11, 39, 24, 22, 40, 26, 8, 0], [0, 9, 34, 31, 20, 45, 44, 41, 38, 27, 16, 7, 4, 21, 5, 2, 43, 29, 48, 0], [0, 25, 19, 17, 12, 23, 6, 28, 0]]"
uniform,n50_m3_r08.txt,data\mtsp\generated\n50_m3_r08.txt,50,3,lkh-wrapper-v3,659.2412840076673,0.002954,0.002946,True,"[{""name"": ""lkh-wrapper-v3"", ""objective"": 659.2412840076673, ""time"": 0.002946, ""valid"": true}]","[[0, 46, 33, 14, 1, 47, 30, 13, 36, 0], [0, 34, 31, 41, 44, 45, 20, 28, 6, 23, 12, 17, 19, 25, 3, 35, 18, 0], [0, 9, 8, 26, 40, 22, 16, 27, 38, 4, 7, 21, 5, 2, 43, 29, 48, 24, 39, 11, 15, 42, 37, 10, 32, 49, 0]]"
uniform,n50_m3_r09.txt,data\mtsp\generated\n50_m3_r09.txt,50,3,rand+nn,1191.137984196769,0.000308,0.0003,True,"[{""name"": ""rand+nn"", ""objective"": 1191.137984196769, ""time"": 0.0003, ""valid"": true}]","[[0, 33, 5, 37, 4, 34, 10, 19, 18, 45, 28, 44, 41, 49, 15, 23, 14, 27, 0], [0, 31, 11, 7, 16, 30, 2, 24, 46, 22, 21, 1, 17, 20, 12, 29, 6, 0], [0, 8, 38, 36, 39, 48, 47, 26, 3, 9, 40, 13, 35, 42, 32, 43, 25, 0]]"
uniform,n50_m3_r09.txt,data\mtsp\generated\n50_m3_r09.txt,50,3,2opt+greed,682.2371007837397,0.000293,0.000287,True,"[{""name"": ""2opt+greed"", ""objective"": 682.2371007837397, ""time"": 0.000287, ""valid"": true}]","[[0, 31, 11, 35, 40, 34, 13, 29, 10, 25, 6, 45, 43, 32, 19, 16, 42, 7, 0], [0, 38, 30, 28, 44, 39, 2, 24, 48, 46, 47, 22, 41, 8, 5, 20, 33, 0], [0, 37, 4, 9, 27, 14, 12, 23, 17, 3, 15, 21, 1, 26, 49, 36, 18, 0]]"
uniform,n50_m3_r09.txt,data\mtsp\generated\n50_m3_r09.txt,50,3,grasp,653.4103689537797,0.065087,0.065076,True,"[{""name"": ""grasp"", ""objective"": 653.4103689537797, ""time"": 0.065076, ""valid"": true}]","[[0, 31, 20, 9, 27, 14, 12, 23, 17, 3, 15, 21, 1, 26, 49, 41, 36, 38, 0], [0, 37, 11, 4, 40, 34, 13, 29, 35, 10, 25, 6, 45, 43, 32, 19, 42, 0], [0, 7, 16, 18, 28, 30, 44, 39, 2, 24, 48, 46, 47, 22, 8, 5, 33, 0]]"
uniform,n50_m3_r09.txt,data\mtsp\generated\n50_m3_r09.txt,50,3,lkh-wrapper,647.8547276916945,0.00189,0.001883,True,"[{""name"": ""lkh-wrapper"", ""objective"": 647.8547276916945, ""time"": 0.001883, ""valid"": true}]","[[0, 7, 42, 19, 32, 18, 43, 45, 6, 25, 10, 35, 29, 13, 34, 40, 4, 11, 0], [0, 16, 28, 30, 44, 39, 2, 24, 48, 46, 47, 22, 49, 8, 5, 20, 33, 0], [0, 31, 37, 9, 27, 14, 12, 23, 17, 3, 15, 21, 1, 26, 41, 36, 38, 0]]"
uniform,n50_m3_r09.txt,data\mtsp\generated\n50_m3_r09.txt,50,3,lkh-wrapper-v1,647.8547276916945,0.001902,0.001895,True,"[{""name"": ""lkh-wrapper-v1"", ""objective"": 647.8547276916945, ""time"": 0.001895, ""valid"": true}]","[[0, 7, 42, 19, 32, 18, 43, 45, 6, 25, 10, 35, 29, 13, 34, 40, 4, 11, 0], [0, 16, 28, 30, 44, 39, 2, 24, 48, 46, 47, 22, 49, 8, 5, 20, 33, 0], [0, 31, 37, 9, 27, 14, 12, 23, 17, 3, 15, 21, 1, 26, 41, 36, 38, 0]]"
uniform,n50_m3_r09.txt,data\mtsp\generated\n50_m3_r09.txt,50,3,lkh-wrapper-v2,677.4232365858713,0.002182,0.002174,True,"[{""name"": ""lkh-wrapper-v2"", ""objective"": 677.4232365858713, ""time"": 0.002174, ""valid"": true}]","[[0, 7, 42, 19, 32, 45, 6, 25, 10, 35, 29, 13, 34, 40, 4, 9, 27, 12, 14, 37, 11, 31, 0], [0, 33, 5, 8, 38, 30, 36, 41, 49, 22, 47, 46, 48, 24, 2, 39, 44, 28, 18, 43, 16, 0], [0, 20, 17, 23, 3, 15, 21, 1, 26, 0]]"
uniform,n50_m3_r09.txt,data\mtsp\generated\n50_m3_r09.txt,50,3,lkh-wrapper-v3,677.1464014823391,0.001992,0.001982,True,"[{""name"": ""lkh-wrapper-v3"", ""objective"": 677.1464014823391, ""time"": 0.001982, ""valid"": true}]","[[0, 7, 42, 19, 32, 45, 6, 25, 10, 35, 29, 13, 34, 40, 9, 27, 12, 14, 4, 11, 37, 31, 0], [0, 33, 5, 8, 38, 30, 36, 41, 49, 22, 47, 46, 48, 24, 2, 39, 44, 28, 18, 43, 16, 0], [0, 20, 17, 23, 3, 15, 21, 1, 26, 0]]"
uniform,n50_m3_r10.txt,data\mtsp\generated\n50_m3_r10.txt,50,3,rand+nn,1199.8666349611938,0.000309,0.000302,True,"[{""name"": ""rand+nn"", ""objective"": 1199.8666349611938, ""time"": 0.000302, ""valid"": true}]","[[0, 41, 18, 33, 19, 4, 45, 49, 28, 10, 15, 14, 5, 27, 44, 37, 34, 23, 0], [0, 22, 24, 2, 16, 21, 1, 31, 6, 17, 7, 11, 29, 30, 46, 20, 12, 0], [0, 39, 13, 25, 36, 8, 32, 26, 3, 48, 9, 43, 40, 38, 42, 35, 47, 0]]"
uniform,n50_m3_r10.txt,data\mtsp\generated\n50_m3_r10.txt,50,3,2opt+greed,849.1336986663262,0.000353,0.000345,True,"[{""name"": ""2opt+greed"", ""objective"": 849.1336986663262, ""time"": 0.000345, ""valid"": true}]","[[0, 20, 6, 9, 14, 17, 5, 7, 48, 27, 26, 3, 44, 23, 34, 29, 37, 22, 0], [0, 24, 2, 16, 40, 43, 21, 1, 31, 38, 15, 42, 35, 12, 47, 10, 32, 0], [0, 41, 25, 46, 36, 33, 28, 49, 45, 4, 30, 8, 19, 18, 13, 39, 11, 0]]"
uniform,n50_m3_r10.txt,data\mtsp\generated\n50_m3_r10.txt,50,3,grasp,718.131445529371,0.080531,0.08052,True,"[{""name"": ""grasp"", ""objective"": 718.131445529371, ""time"": 0.08052, ""valid"": true}]","[[0, 29, 34, 11, 23, 44, 48, 7, 17, 9, 6, 14, 5, 27, 3, 37, 26, 22, 0], [0, 13, 41, 25, 46, 36, 33, 18, 28, 49, 45, 4, 32, 30, 8, 19, 39, 0], [0, 24, 2, 16, 40, 43, 21, 31, 38, 15, 42, 35, 12, 47, 10, 20, 1, 0]]"
uniform,n50_m3_r10.txt,data\mtsp\generated\n50_m3_r10.txt,50,3,lkh-wrapper,693.1212904539267,0.001898,0.001886,True,"[{""name"": ""lkh-wrapper"", ""objective"": 693.1212904539267, ""time"": 0.001886, ""valid"": true}]","[[0, 43, 6, 9, 14, 17, 5, 7, 48, 27, 3, 44, 23, 34, 11, 37, 26, 22, 0], [0, 39, 20, 10, 47, 12, 35, 42, 15, 38, 31, 21, 1, 40, 16, 2, 24, 0], [0, 13, 41, 25, 46, 36, 33, 18, 28, 49, 45, 4, 19, 8, 30, 32, 29, 0]]"
uniform,n50_m3_r10.txt,data\mtsp\generated\n50_m3_r10.txt,50,3,lkh-wrapper-v1,693.1212904539267,0.001632,0.001625,True,"[{""name"": ""lkh-wrapper-v1"", ""objective"": 693.1212904539267, ""time"": 0.001625, ""valid"": true}]","[[0, 43, 6, 9, 14, 17, 5, 7, 48, 27, 3, 44, 23, 34, 11, 37, 26, 22, 0], [0, 39, 20, 10, 47, 12, 35, 42, 15, 38, 31, 21, 1, 40, 16, 2, 24, 0], [0, 13, 41, 25, 46, 36, 33, 18, 28, 49, 45, 4, 19, 8, 30, 32, 29, 0]]"
uniform,n50_m3_r10.txt,data\mtsp\generated\n50_m3_r10.txt,50,3,lkh-wrapper-v2,695.2165737459383,0.002774,0.002767,True,"[{""name"": ""lkh-wrapper-v2"", ""objective"": 695.2165737459383, ""time"": 0.002767, ""valid"": true}]","[[0, 22, 26, 37, 3, 44, 27, 48, 7, 5, 17, 14, 9, 6, 43, 0], [0, 24, 2, 16, 40, 1, 21, 31, 38, 15, 42, 35, 12, 47, 10, 20, 41, 0], [0, 23, 11, 34, 29, 32, 30, 8, 4, 45, 49, 28, 19, 18, 33, 36, 46, 25, 13, 39, 0]]"
uniform,n50_m3_r10.txt,data\mtsp\generated\n50_m3_r10.txt,50,3,lkh-wrapper-v3,709.7778341377268,0.002731,0.002722,True,"[{""name"": ""lkh-wrapper-v3"", ""objective"": 709.7778341377268, ""time"": 0.002722, ""valid"": true}]","[[0, 22, 26, 37, 3, 44, 27, 48, 7, 5, 17, 14, 9, 6, 43, 0], [0, 24, 2, 16, 40, 1, 21, 31, 38, 15, 42, 35, 12, 47, 10, 20, 41, 0], [0, 39, 13, 25, 46, 36, 33, 18, 19, 8, 30, 4, 49, 28, 45, 32, 29, 34, 11, 23, 0]]"
uniform,n50_m5_r01.txt,data\mtsp\generated\n50_m5_r01.txt,50,5,rand+nn,1677.8849017042953,0.000311,0.000303,True,"[{""name"": ""rand+nn"", ""objective"": 1677.8849017042953, ""time"": 0.000303, ""valid"": true}]","[[0, 17, 27, 21, 39, 9, 3, 10, 5, 34, 29, 0], [0, 20, 12, 4, 8, 7, 25, 46, 14, 44, 35, 0], [0, 1, 19, 11, 23, 40, 30, 33, 36, 13, 48, 0], [0, 22, 37, 2, 32, 24, 38, 43, 15, 41, 28, 0], [0, 49, 26, 18, 31, 45, 47, 16, 42, 6, 0]]"
uniform,n50_m5_r01.txt,data\mtsp\generated\n50_m5_r01.txt,50,5,2opt+greed,1154.973627887426,0.000313,0.000305,True,"[{""name"": ""2opt+greed"", ""objective"": 1154.973627887426, ""time"": 0.000305, ""valid"": true}]","[[0, 1, 46, 35, 6, 15, 41, 18, 26, 43, 49, 0], [0, 22, 7, 36, 45, 3, 2, 32, 25, 37, 47, 0], [0, 19, 5, 12, 4, 31, 28, 33, 10, 30, 13, 0], [0, 20, 11, 23, 40, 34, 8, 29, 44, 14, 24, 0], [0, 17, 27, 21, 38, 42, 48, 39, 16, 9, 0]]"
uniform,n50_m5_r01.txt,data\mtsp\generated\n50_m5_r01.txt,50,5,grasp,802.8504799454911,0.089926,0.089914,True,"[{""name"": ""grasp"", ""objective"": 802.8504799454911, ""time"": 0.089914, ""valid"": true}]","[[0, 47, 37, 3, 2, 25, 32, 24, 13, 46, 9, 0], [0, 27, 6, 29, 15, 34, 40, 4, 12, 30, 5, 0], [0, 45, 36, 33, 7, 10, 28, 31, 23, 11, 17, 0], [0, 1, 39, 16, 14, 44, 35, 48, 42, 38, 21, 0], [0, 20, 49, 43, 26, 41, 18, 8, 19, 22, 0]]"
uniform,n50_m5_r01.txt,data\mtsp\generated\n50_m5_r01.txt,50,5,lkh-wrapper,987.5501084324763,0.002372,0.002366,True,"[{""name"": ""lkh-wrapper"", ""objective"": 987.5501084324763, ""time"": 0.002366, ""valid"": true}]","[[0, 14, 44, 35, 6, 29, 15, 41, 18, 49, 17, 0], [0, 33, 7, 36, 45, 3, 2, 32, 25, 37, 47, 0], [0, 1, 22, 10, 28, 31, 4, 12, 30, 5, 19, 0], [0, 11, 23, 40, 34, 8, 26, 43, 46, 24, 13, 0], [0, 20, 27, 21, 38, 42, 48, 39, 16, 9, 0]]"
uniform,n50_m5_r01.txt,data\mtsp\generated\n50_m5_r01.txt,50,5,lkh-wrapper-v1,987.5501084324763,0.002696,0.002686,True,"[{""name"": ""lkh-wrapper-v1"", ""objective"": 987.5501084324763, ""time"": 0.002686, ""valid"": true}]","[[0, 14, 44, 35, 6, 29, 15, 41, 18, 49, 17, 0], [0, 33, 7, 36, 45, 3, 2, 32, 25, 37, 47, 0], [0, 1, 22, 10, 28, 31, 4, 12, 30, 5, 19, 0], [0, 11, 23, 40, 34, 8, 26, 43, 46, 24, 13, 0], [0, 20, 27, 21, 38, 42, 48, 39, 16, 9, 0]]"
uniform,n50_m5_r01.txt,data\mtsp\generated\n50_m5_r01.txt,50,5,lkh-wrapper-v2,736.9292551651504,0.002244,0.002236,True,"[{""name"": ""lkh-wrapper-v2"", ""objective"": 736.9292551651504, ""time"": 0.002236, ""valid"": true}]","[[0, 1, 0], [0, 22, 19, 5, 12, 30, 31, 4, 40, 34, 8, 18, 41, 15, 26, 29, 6, 0], [0, 20, 17, 49, 43, 27, 21, 38, 42, 48, 35, 44, 14, 16, 39, 0], [0, 47, 37, 3, 2, 25, 32, 24, 13, 46, 9, 0], [0, 45, 36, 33, 7, 28, 10, 23, 11, 0]]"
uniform,n50_m5_r01.txt,data\mtsp\generated\n50_m5_r01.txt,50,5,lkh-wrapper-v3,736.9292551651504,0.001619,0.001612,True,"[{""name"": ""lkh-wrapper-v3"", ""objective"": 736.9292551651504, ""time"": 0.001612, ""valid"": true}]","[[0, 1, 0], [0, 22, 19, 5, 12, 30, 31, 4, 40, 34, 8, 18, 41, 15, 26, 29, 6, 0], [0, 20, 17, 49, 43, 27, 21, 38, 42, 48, 35, 44, 14, 16, 39, 0], [0, 47, 37, 3, 2, 25, 32, 24, 13, 46, 9, 0], [0, 11, 23, 10, 28, 7, 33, 36, 45, 0]]"
uniform,n50_m5_r02.txt,data\mtsp\generated\n50_m5_r02.txt,50,5,rand+nn,1579.6585061343158,0.000317,0.000309,True,"[{""name"": ""rand+nn"", ""objective"": 1579.6585061343158, ""time"": 0.000309, ""valid"": true}]","[[0, 17, 27, 3, 9, 10, 39, 29, 5, 21, 34, 0], [0, 14, 44, 25, 7, 35, 12, 4, 8, 46, 20, 0], [0, 40, 48, 33, 1, 19, 36, 13, 30, 11, 23, 0], [0, 37, 15, 24, 43, 22, 32, 41, 2, 28, 38, 0], [0, 18, 26, 47, 31, 45, 6, 42, 49, 16, 0]]"
uniform,n50_m5_r02.txt,data\mtsp\generated\n50_m5_r02.txt,50,5,2opt+greed,1039.9864311773915,0.000316,0.000309,True,"[{""name"": ""2opt+greed"", ""objective"": 1039.9864311773915, ""time"": 0.000309, ""valid"": true}]","[[0, 17, 27, 3, 1, 49, 42, 10, 7, 5, 38, 0], [0, 37, 19, 25, 12, 6, 31, 45, 44, 15, 14, 0], [0, 32, 18, 22, 30, 11, 34, 43, 47, 36, 24, 0], [0, 41, 2, 48, 9, 28, 16, 35, 39, 29, 21, 0], [0, 40, 46, 33, 20, 23, 8, 26, 4, 13, 0]]"
uniform,n50_m5_r02.txt,data\mtsp\generated\n50_m5_r02.txt,50,5,grasp,814.6856691752265,0.093524,0.093514,True,"[{""name"": ""grasp"", ""objective"": 814.6856691752265, ""time"": 0.093514, ""valid"": true}]","[[0, 8, 43, 22, 23, 48, 20, 9, 33, 2, 27, 0], [0, 17, 10, 42, 35, 16, 28, 49, 1, 3, 46, 0], [0, 26, 4, 47, 34, 11, 30, 18, 32, 41, 40, 0], [0, 36, 24, 21, 13, 31, 44, 45, 25, 19, 37, 0], [0, 7, 39, 12, 38, 6, 5, 29, 15, 14, 0]]"
uniform,n50_m5_r02.txt,data\mtsp\generated\n50_m5_r02.txt,50,5,lkh-wrapper,895.5699195061852,0.003046,0.003034,True,"[{""name"": ""lkh-wrapper"", ""objective"": 895.5699195061852, ""time"": 0.003034, ""valid"": true}]","[[0, 17, 46, 3, 1, 49, 42, 10, 7, 25, 37, 0], [0, 14, 15, 44, 12, 38, 6, 5, 29, 31, 24, 0], [0, 32, 18, 22, 30, 11, 34, 43, 47, 13, 21, 0], [0, 27, 2, 9, 33, 28, 16, 35, 39, 45, 19, 0], [0, 41, 40, 48, 20, 23, 8, 26, 4, 36, 0]]"
uniform,n50_m5_r02.txt,data\mtsp\generated\n50_m5_r02.txt,50,5,lkh-wrapper-v1,895.5699195061852,0.003517,0.003507,True,"[{""name"": ""lkh-wrapper-v1"", ""objective"": 895.5699195061852, ""time"": 0.003507, ""valid"": true}]","[[0, 17, 46, 3, 1, 49, 42, 10, 7, 25, 37, 0], [0, 14, 15, 44, 12, 38, 6, 5, 29, 31, 24, 0], [0, 32, 18, 22, 30, 11, 34, 43, 47, 13, 21, 0], [0, 27, 2, 9, 33, 28, 16, 35, 39, 45, 19, 0], [0, 41, 40, 48, 20, 23, 8, 26, 4, 36, 0]]"
uniform,n50_m5_r02.txt,data\mtsp\generated\n50_m5_r02.txt,50,5,lkh-wrapper-v2,722.2836849763427,0.003491,0.003483,True,"[{""name"": ""lkh-wrapper-v2"", ""objective"": 722.2836849763427, ""time"": 0.003483, ""valid"": true}]","[[0, 17, 7, 0], [0, 37, 19, 25, 45, 44, 15, 24, 21, 13, 31, 29, 5, 6, 38, 12, 39, 35, 16, 42, 10, 0], [0, 32, 41, 40, 2, 48, 20, 9, 33, 28, 49, 1, 3, 46, 27, 0], [0, 14, 36, 4, 26, 47, 43, 34, 11, 30, 22, 23, 18, 8, 0], [0, 0]]"
uniform,n50_m5_r02.txt,data\mtsp\generated\n50_m5_r02.txt,50,5,lkh-wrapper-v3,742.2345412163797,0.001867,0.001858,True,"[{""name"": ""lkh-wrapper-v3"", ""objective"": 742.2345412163797, ""time"": 0.001858, ""valid"": true}]","[[0, 17, 33, 9, 20, 48, 0], [0, 7, 10, 42, 35, 39, 25, 45, 12, 38, 6, 5, 29, 31, 13, 21, 15, 44, 14, 19, 37, 0], [0, 32, 41, 40, 2, 27, 46, 3, 1, 28, 16, 49, 0], [0, 24, 36, 4, 26, 47, 43, 34, 11, 30, 22, 23, 18, 8, 0], [0, 0]]"
uniform,n50_m5_r03.txt,data\mtsp\generated\n50_m5_r03.txt,50,5,rand+nn,1553.0332370655776,0.00031,0.000303,True,"[{""name"": ""rand+nn"", ""objective"": 1553.0332370655776, ""time"": 0.000303, ""valid"": true}]","[[0, 10, 27, 34, 39, 29, 21, 5, 17, 9, 3, 0], [0, 12, 14, 44, 35, 8, 7, 46, 4, 20, 25, 0], [0, 13, 30, 11, 1, 40, 36, 33, 19, 23, 48, 0], [0, 32, 38, 43, 28, 2, 37, 22, 15, 24, 41, 0], [0, 49, 16, 31, 47, 26, 18, 45, 6, 42, 0]]"
uniform,n50_m5_r03.txt,data\mtsp\generated\n50_m5_r03.txt,50,5,2opt+greed,1080.8652984694904,0.000436,0.000428,True,"[{""name"": ""2opt+greed"", ""objective"": 1080.8652984694904, ""time"": 0.000428, ""valid"": true}]","[[0, 32, 1, 8, 22, 15, 40, 7, 36, 9, 20, 0], [0, 12, 13, 29, 39, 43, 42, 48, 31, 21, 47, 0], [0, 35, 34, 27, 46, 10, 4, 24, 3, 41, 49, 0], [0, 38, 14, 30, 44, 6, 28, 23, 19, 5, 25, 0], [0, 26, 11, 2, 45, 37, 18, 33, 17, 16, 0]]"
uniform,n50_m5_r03.txt,data\mtsp\generated\n50_m5_r03.txt,50,5,grasp,804.4804993864316,0.090441,0.09043,True,"[{""name"": ""grasp"", ""objective"": 804.4804993864316, ""time"": 0.09043, ""valid"": true}]","[[0, 49, 41, 20, 3, 9, 36, 24, 4, 10, 32, 0], [0, 33, 17, 16, 25, 5, 47, 21, 31, 19, 23, 0], [0, 40, 22, 15, 34, 2, 6, 43, 14, 38, 12, 0], [0, 18, 11, 45, 35, 37, 27, 7, 46, 8, 1, 0], [0, 13, 39, 29, 48, 28, 42, 44, 30, 26, 0]]"
uniform,n50_m5_r03.txt,data\mtsp\generated\n50_m5_r03.txt,50,5,lkh-wrapper,995.9082679757811,0.002099,0.002092,True,"[{""name"": ""lkh-wrapper"", ""objective"": 995.9082679757811, ""time"": 0.002092, ""valid"": true}]","[[0, 49, 36, 24, 40, 22, 15, 34, 35, 27, 32, 0], [0, 12, 13, 39, 29, 28, 42, 48, 31, 21, 47, 0], [0, 1, 8, 7, 46, 10, 4, 9, 3, 20, 41, 0], [0, 38, 14, 30, 43, 6, 44, 23, 19, 5, 25, 0], [0, 26, 11, 2, 45, 37, 18, 33, 17, 16, 0]]"
uniform,n50_m5_r03.txt,data\mtsp\generated\n50_m5_r03.txt,50,5,lkh-wrapper-v1,995.9082679757811,0.002127,0.002119,True,"[{""name"": ""lkh-wrapper-v1"", ""objective"": 995.9082679757811, ""time"": 0.002119, ""valid"": true}]","[[0, 49, 36, 24, 40, 22, 15, 34, 35, 27, 32, 0], [0, 12, 13, 39, 29, 28, 42, 48, 31, 21, 47, 0], [0, 1, 8, 7, 46, 10, 4, 9, 3, 20, 41, 0], [0, 38, 14, 30, 43, 6, 44, 23, 19, 5, 25, 0], [0, 26, 11, 2, 45, 37, 18, 33, 17, 16, 0]]"
uniform,n50_m5_r03.txt,data\mtsp\generated\n50_m5_r03.txt,50,5,lkh-wrapper-v2,774.4073482525583,0.002445,0.002437,True,"[{""name"": ""lkh-wrapper-v2"", ""objective"": 774.4073482525583, ""time"": 0.002437, ""valid"": true}]","[[0, 41, 20, 3, 9, 36, 24, 4, 10, 46, 7, 8, 1, 32, 0], [0, 26, 18, 11, 37, 35, 45, 2, 6, 42, 28, 48, 44, 43, 30, 14, 38, 12, 0], [0, 23, 31, 21, 47, 19, 5, 25, 16, 17, 33, 49, 0], [0, 13, 39, 29, 0], [0, 27, 40, 22, 15, 34, 0]]"
uniform,n50_m5_r03.txt,data\mtsp\generated\n50_m5_r03.txt,50,5,lkh-wrapper-v3,778.1212083415878,0.001559,0.001551,True,"[{""name"": ""lkh-wrapper-v3"", ""objective"": 778.1212083415878, ""time"": 0.001551, ""valid"": true}]","[[0, 32, 1, 8, 7, 46, 10, 4, 24, 36, 9, 3, 20, 41, 0], [0, 12, 38, 14, 30, 43, 44, 48, 28, 42, 6, 2, 45, 35, 37, 11, 18, 26, 0], [0, 49, 33, 17, 16, 25, 5, 47, 21, 31, 19, 23, 0], [0, 13, 39, 29, 0], [0, 27, 40, 22, 15, 34, 0]]"
uniform,n50_m5_r04.txt,data\mtsp\generated\n50_m5_r04.txt,50,5,rand+nn,1660.2019053734186,0.000382,0.000373,True,"[{""name"": ""rand+nn"", ""objective"": 1660.2019053734186, ""time"": 0.000373, ""valid"": true}]","[[0, 10, 5, 3, 39, 27, 29, 34, 21, 9, 17, 0], [0, 12, 8, 20, 7, 4, 14, 44, 35, 25, 46, 0], [0, 1, 40, 30, 19, 48, 36, 13, 23, 11, 33, 0], [0, 24, 2, 37, 28, 43, 15, 32, 38, 41, 22, 0], [0, 47, 49, 18, 42, 31, 45, 6, 16, 26, 0]]"
uniform,n50_m5_r04.txt,data\mtsp\generated\n50_m5_r04.txt,50,5,2opt+greed,959.2638034924195,0.000332,0.000325,True,"[{""name"": ""2opt+greed"", ""objective"": 959.2638034924195, ""time"": 0.000325, ""valid"": true}]","[[0, 10, 5, 45, 9, 6, 4, 21, 32, 7, 38, 0], [0, 47, 18, 25, 22, 33, 11, 23, 29, 26, 39, 0], [0, 3, 49, 13, 48, 36, 17, 35, 44, 14, 42, 0], [0, 40, 43, 15, 16, 34, 24, 31, 8, 41, 12, 0], [0, 1, 27, 2, 37, 46, 28, 30, 19, 20, 0]]"
uniform,n50_m5_r04.txt,data\mtsp\generated\n50_m5_r04.txt,50,5,grasp,790.0865803894192,0.08627,0.086255,True,"[{""name"": ""grasp"", ""objective"": 790.0865803894192, ""time"": 0.086255, ""valid"": true}]","[[0, 18, 14, 44, 35, 17, 36, 48, 13, 49, 3, 0], [0, 23, 25, 22, 33, 11, 29, 26, 39, 27, 1, 0], [0, 34, 19, 21, 32, 4, 6, 7, 9, 10, 47, 0], [0, 12, 42, 41, 8, 38, 20, 31, 5, 45, 24, 0], [0, 2, 37, 46, 28, 30, 43, 15, 16, 40, 0]]"
uniform,n50_m5_r04.txt,data\mtsp\generated\n50_m5_r04.txt,50,5,lkh-wrapper,829.7380380755346,0.002175,0.002168,True,"[{""name"": ""lkh-wrapper"", ""objective"": 829.7380380755346, ""time"": 0.002168, ""valid"": true}]","[[0, 10, 31, 9, 7, 6, 4, 32, 21, 19, 5, 0], [0, 39, 26, 29, 11, 33, 22, 25, 23, 3, 47, 0], [0, 49, 13, 48, 36, 17, 35, 44, 14, 42, 18, 0], [0, 40, 43, 15, 16, 34, 20, 38, 41, 8, 12, 0], [0, 1, 27, 2, 37, 46, 28, 30, 24, 45, 0]]"
uniform,n50_m5_r04.txt,data\mtsp\generated\n50_m5_r04.txt,50,5,lkh-wrapper-v1,829.7380380755346,0.001968,0.001961,True,"[{""name"": ""lkh-wrapper-v1"", ""objective"": 829.7380380755346, ""time"": 0.001961, ""valid"": true}]","[[0, 10, 31, 9, 7, 6, 4, 32, 21, 19, 5, 0], [0, 39, 26, 29, 11, 33, 22, 25, 23, 3, 47, 0], [0, 49, 13, 48, 36, 17, 35, 44, 14, 42, 18, 0], [0, 40, 43, 15, 16, 34, 20, 38, 41, 8, 12, 0], [0, 1, 27, 2, 37, 46, 28, 30, 24, 45, 0]]"
uniform,n50_m5_r04.txt,data\mtsp\generated\n50_m5_r04.txt,50,5,lkh-wrapper-v2,677.6932845107724,0.002882,0.002874,True,"[{""name"": ""lkh-wrapper-v2"", ""objective"": 677.6932845107724, ""time"": 0.002874, ""valid"": true}]","[[0, 10, 5, 31, 45, 24, 0], [0, 47, 3, 48, 36, 17, 35, 44, 14, 18, 42, 41, 8, 12, 0], [0, 38, 20, 9, 7, 6, 4, 32, 21, 19, 34, 16, 15, 40, 43, 30, 28, 46, 37, 2, 29, 26, 39, 27, 1, 0], [0, 49, 13, 25, 22, 33, 11, 23, 0], [0, 0]]"
uniform,n50_m5_r04.txt,data\mtsp\generated\n50_m5_r04.txt,50,5,lkh-wrapper-v3,677.6932845107724,0.001778,0.001769,True,"[{""name"": ""lkh-wrapper-v3"", ""objective"": 677.6932845107724, ""time"": 0.001769, ""valid"": true}]","[[0, 10, 5, 31, 45, 24, 0], [0, 12, 8, 41, 42, 18, 14, 44, 35, 17, 36, 48, 3, 47, 0], [0, 1, 27, 39, 26, 29, 2, 37, 46, 28, 30, 43, 40, 15, 16, 34, 19, 21, 32, 4, 6, 7, 9, 20, 38, 0], [0, 23, 11, 33, 22, 25, 13, 49, 0], [0, 0]]"
uniform,n50_m5_r05.txt,data\mtsp\generated\n50_m5_r05.txt,50,5,rand+nn,1655.7475856922279,0.000311,0.000304,True,"[{""name"": ""rand+nn"", ""objective"": 1655.7475856922279, ""time"": 0.000304, ""valid"": true}]","[[0, 34, 29, 5, 21, 9, 27, 39, 3, 10, 17, 0], [0, 44, 35, 12, 46, 7, 25, 4, 14, 20, 8, 0], [0, 48, 40, 1, 13, 11, 19, 36, 33, 30, 23, 0], [0, 2, 32, 41, 22, 28, 38, 15, 43, 24, 37, 0], [0, 18, 31, 45, 42, 26, 49, 16, 47, 6, 0]]"
uniform,n50_m5_r05.txt,data\mtsp\generated\n50_m5_r05.txt,50,5,2opt+greed,1011.4072426635464,0.000342,0.000334,True,"[{""name"": ""2opt+greed"", ""objective"": 1011.4072426635464, ""time"": 0.000334, ""valid"": true}]","[[0, 2, 9, 39, 10, 25, 41, 47, 16, 46, 33, 0], [0, 48, 18, 40, 22, 1, 17, 28, 31, 8, 20, 0], [0, 44, 42, 26, 7, 19, 49, 24, 21, 36, 37, 0], [0, 15, 35, 34, 29, 30, 23, 45, 14, 38, 4, 0], [0, 32, 27, 13, 11, 3, 6, 43, 12, 5, 0]]"
uniform,n50_m5_r05.txt,data\mtsp\generated\n50_m5_r05.txt,50,5,grasp,810.8496618844339,0.085534,0.085523,True,"[{""name"": ""grasp"", ""objective"": 810.8496618844339, ""time"": 0.085523, ""valid"": true}]","[[0, 48, 18, 40, 22, 17, 28, 31, 8, 20, 1, 0], [0, 32, 9, 27, 13, 11, 39, 3, 10, 42, 44, 0], [0, 43, 16, 21, 46, 12, 36, 5, 37, 33, 35, 0], [0, 2, 25, 41, 6, 47, 7, 26, 19, 49, 24, 0], [0, 15, 34, 30, 29, 38, 23, 45, 14, 4, 0]]"
uniform,n50_m5_r05.txt,data\mtsp\generated\n50_m5_r05.txt,50,5,lkh-wrapper,906.4724148195696,0.002546,0.002539,True,"[{""name"": ""lkh-wrapper"", ""objective"": 906.4724148195696, ""time"": 0.002539, ""valid"": true}]","[[0, 43, 16, 24, 47, 6, 41, 10, 3, 25, 2, 0], [0, 48, 18, 40, 22, 1, 17, 28, 31, 8, 20, 0], [0, 44, 42, 26, 7, 19, 49, 21, 5, 37, 33, 0], [0, 15, 35, 34, 29, 30, 23, 45, 14, 38, 4, 0], [0, 32, 27, 13, 39, 11, 9, 46, 12, 36, 0]]"
uniform,n50_m5_r05.txt,data\mtsp\generated\n50_m5_r05.txt,50,5,lkh-wrapper-v1,906.4724148195696,0.002809,0.002802,True,"[{""name"": ""lkh-wrapper-v1"", ""objective"": 906.4724148195696, ""time"": 0.002802, ""valid"": true}]","[[0, 43, 16, 24, 47, 6, 41, 10, 3, 25, 2, 0], [0, 48, 18, 40, 22, 1, 17, 28, 31, 8, 20, 0], [0, 44, 42, 26, 7, 19, 49, 21, 5, 37, 33, 0], [0, 15, 35, 34, 29, 30, 23, 45, 14, 38, 4, 0], [0, 32, 27, 13, 39, 11, 9, 46, 12, 36, 0]]"
uniform,n50_m5_r05.txt,data\mtsp\generated\n50_m5_r05.txt,50,5,lkh-wrapper-v2,806.0311342066009,0.002615,0.002609,True,"[{""name"": ""lkh-wrapper-v2"", ""objective"": 806.0311342066009, ""time"": 0.002609, ""valid"": true}]","[[0, 26, 49, 19, 7, 47, 6, 41, 25, 10, 3, 39, 11, 27, 9, 32, 48, 2, 0], [0, 17, 28, 31, 8, 20, 45, 23, 14, 38, 4, 29, 30, 34, 15, 44, 0], [0, 18, 40, 1, 22, 13, 0], [0, 42, 24, 16, 21, 46, 12, 36, 43, 0], [0, 35, 33, 37, 5, 0]]"
uniform,n50_m5_r05.txt,data\mtsp\generated\n50_m5_r05.txt,50,5,lkh-wrapper-v3,785.1426339107711,0.002125,0.002117,True,"[{""name"": ""lkh-wrapper-v3"", ""objective"": 785.1426339107711, ""time"": 0.002117, ""valid"": true}]","[[0, 2, 32, 9, 27, 13, 11, 39, 3, 10, 25, 41, 6, 47, 7, 19, 49, 26, 0], [0, 44, 15, 34, 30, 29, 4, 38, 14, 23, 45, 20, 8, 31, 28, 17, 0], [0, 48, 18, 40, 22, 1, 0], [0, 43, 36, 12, 46, 21, 16, 24, 42, 0], [0, 35, 33, 37, 5, 0]]"
uniform,n50_m5_r06.txt,data\mtsp\generated\n50_m5_r06.txt,50,5,rand+nn,1676.201972575248,0.000331,0.000322,True,"[{""name"": ""rand+nn"", ""objective"": 1676.201972575248, ""time"": 0.000322, ""valid"": true}]","[[0, 21, 9, 3, 34, 17, 10, 29, 5, 39, 27, 0], [0, 46, 7, 20, 25, 4, 44, 8, 35, 12, 14, 0], [0, 30, 19, 13, 1, 36, 48, 11, 33, 23, 40, 0], [0, 37, 15, 28, 32, 2, 38, 41, 22, 24, 43, 0], [0, 16, 47, 45, 31, 18, 26, 42, 6, 49, 0]]"
uniform,n50_m5_r06.txt,data\mtsp\generated\n50_m5_r06.txt,50,5,2opt+greed,1000.1261429748502,0.000309,0.000302,True,"[{""name"": ""2opt+greed"", ""objective"": 1000.1261429748502, ""time"": 0.000302, ""valid"": true}]","[[0, 46, 6, 30, 19, 2, 48, 36, 42, 1, 14, 0], [0, 37, 13, 44, 38, 26, 41, 11, 27, 39, 18, 0], [0, 8, 35, 32, 49, 34, 12, 3, 17, 28, 15, 0], [0, 7, 20, 23, 4, 31, 40, 45, 9, 21, 47, 0], [0, 16, 29, 33, 10, 25, 43, 24, 22, 5, 0]]"
uniform,n50_m5_r06.txt,data\mtsp\generated\n50_m5_r06.txt,50,5,grasp,804.141501402996,0.084968,0.084953,True,"[{""name"": ""grasp"", ""objective"": 804.141501402996, ""time"": 0.084953, ""valid"": true}]","[[0, 15, 21, 9, 45, 17, 31, 40, 4, 23, 47, 0], [0, 7, 16, 33, 18, 14, 22, 39, 27, 11, 13, 0], [0, 37, 44, 5, 29, 24, 43, 25, 10, 20, 46, 0], [0, 19, 2, 48, 36, 42, 1, 38, 26, 41, 8, 0], [0, 6, 30, 35, 32, 49, 34, 12, 3, 28, 0]]"
uniform,n50_m5_r06.txt,data\mtsp\generated\n50_m5_r06.txt,50,5,lkh-wrapper,801.2661855159663,0.002336,0.002328,True,"[{""name"": ""lkh-wrapper"", ""objective"": 801.2661855159663, ""time"": 0.002328, ""valid"": true}]","[[0, 6, 30, 19, 2, 48, 36, 42, 1, 8, 13, 0], [0, 37, 44, 38, 26, 41, 11, 27, 39, 14, 22, 0], [0, 46, 35, 32, 49, 34, 12, 3, 28, 21, 15, 0], [0, 7, 20, 23, 4, 40, 31, 17, 9, 45, 47, 0], [0, 16, 29, 33, 10, 25, 43, 24, 18, 5, 0]]"
uniform,n50_m5_r06.txt,data\mtsp\generated\n50_m5_r06.txt,50,5,lkh-wrapper-v1,801.2661855159663,0.002113,0.002106,True,"[{""name"": ""lkh-wrapper-v1"", ""objective"": 801.2661855159663, ""time"": 0.002106, ""valid"": true}]","[[0, 6, 30, 19, 2, 48, 36, 42, 1, 8, 13, 0], [0, 37, 44, 38, 26, 41, 11, 27, 39, 14, 22, 0], [0, 46, 35, 32, 49, 34, 12, 3, 28, 21, 15, 0], [0, 7, 20, 23, 4, 40, 31, 17, 9, 45, 47, 0], [0, 16, 29, 33, 10, 25, 43, 24, 18, 5, 0]]"
uniform,n50_m5_r06.txt,data\mtsp\generated\n50_m5_r06.txt,50,5,lkh-wrapper-v2,725.971995153707,0.002685,0.002678,True,"[{""name"": ""lkh-wrapper-v2"", ""objective"": 725.971995153707, ""time"": 0.002678, ""valid"": true}]","[[0, 37, 6, 30, 46, 0], [0, 7, 16, 20, 33, 10, 25, 43, 24, 29, 5, 39, 27, 11, 41, 26, 38, 1, 8, 42, 36, 48, 2, 19, 0], [0, 15, 47, 45, 9, 21, 3, 12, 34, 49, 32, 35, 28, 0], [0, 13, 44, 22, 14, 18, 23, 4, 40, 31, 17, 0], [0, 0]]"
uniform,n50_m5_r06.txt,data\mtsp\generated\n50_m5_r06.txt,50,5,lkh-wrapper-v3,748.4967723436376,0.002051,0.002039,True,"[{""name"": ""lkh-wrapper-v3"", ""objective"": 748.4967723436376, ""time"": 0.002039, ""valid"": true}]","[[0, 46, 30, 6, 37, 0], [0, 7, 16, 20, 33, 10, 25, 43, 24, 29, 5, 39, 27, 11, 41, 26, 38, 1, 42, 36, 48, 2, 8, 19, 0], [0, 15, 47, 45, 9, 21, 3, 12, 34, 49, 32, 35, 28, 0], [0, 13, 44, 22, 14, 18, 23, 4, 31, 17, 40, 0], [0, 0]]"
uniform,n50_m5_r07.txt,data\mtsp\generated\n50_m5_r07.txt,50,5,rand+nn,1445.2548097636425,0.000306,0.000298,True,"[{""name"": ""rand+nn"", ""objective"": 1445.2548097636425, ""time"": 0.000298, ""valid"": true}]","[[0, 34, 10, 17, 3, 27, 9, 29, 39, 21, 5, 0], [0, 4, 46, 20, 35, 12, 7, 8, 14, 44, 25, 0], [0, 13, 48, 1, 33, 40, 11, 23, 36, 30, 19, 0], [0, 37, 15, 22, 32, 38, 24, 2, 41, 43, 28, 0], [0, 42, 47, 45, 18, 16, 31, 49, 6, 26, 0]]"
uniform,n50_m5_r07.txt,data\mtsp\generated\n50_m5_r07.txt,50,5,2opt+greed,1369.7035257200896,0.000319,0.000313,True,"[{""name"": ""2opt+greed"", ""objective"": 1369.7035257200896, ""time"": 0.000313, ""valid"": true}]","[[0, 42, 48, 35, 6, 32, 38, 21, 14, 44, 18, 0], [0, 34, 47, 17, 28, 3, 43, 19, 5, 25, 10, 0], [0, 41, 49, 2, 11, 33, 22, 20, 15, 37, 45, 0], [0, 13, 9, 39, 29, 1, 40, 23, 36, 30, 16, 0], [0, 4, 46, 26, 12, 7, 24, 8, 31, 27, 0]]"
uniform,n50_m5_r07.txt,data\mtsp\generated\n50_m5_r07.txt,50,5,grasp,793.7020486851752,0.100291,0.100278,True,"[{""name"": ""grasp"", ""objective"": 793.7020486851752, ""time"": 0.100278, ""valid"": true}]","[[0, 4, 12, 23, 11, 40, 22, 6, 20, 46, 15, 0], [0, 34, 47, 17, 16, 28, 27, 18, 45, 39, 9, 0], [0, 37, 48, 35, 29, 26, 1, 32, 33, 38, 7, 0], [0, 42, 13, 10, 3, 43, 19, 5, 25, 31, 44, 0], [0, 41, 30, 49, 8, 2, 36, 14, 21, 24, 0]]"
uniform,n50_m5_r07.txt,data\mtsp\generated\n50_m5_r07.txt,50,5,lkh-wrapper,994.2036155822454,0.004223,0.004213,True,"[{""name"": ""lkh-wrapper"", ""objective"": 994.2036155822454, ""time"": 0.004213, ""valid"": true}]","[[0, 36, 14, 21, 24, 35, 29, 39, 45, 9, 42, 0], [0, 25, 5, 19, 43, 3, 16, 28, 18, 27, 17, 0], [0, 30, 49, 23, 11, 40, 33, 1, 15, 48, 37, 0], [0, 47, 10, 44, 31, 22, 6, 26, 20, 46, 13, 0], [0, 4, 12, 32, 38, 7, 2, 8, 41, 34, 0]]"
uniform,n50_m5_r07.txt,data\mtsp\generated\n50_m5_r07.txt,50,5,lkh-wrapper-v1,994.2036155822454,0.004274,0.004267,True,"[{""name"": ""lkh-wrapper-v1"", ""objective"": 994.2036155822454, ""time"": 0.004267, ""valid"": true}]","[[0, 36, 14, 21, 24, 35, 29, 39, 45, 9, 42, 0], [0, 25, 5, 19, 43, 3, 16, 28, 18, 27, 17, 0], [0, 30, 49, 23, 11, 40, 33, 1, 15, 48, 37, 0], [0, 47, 10, 44, 31, 22, 6, 26, 20, 46, 13, 0], [0, 4, 12, 32, 38, 7, 2, 8, 41, 34, 0]]"
uniform,n50_m5_r07.txt,data\mtsp\generated\n50_m5_r07.txt,50,5,lkh-wrapper-v2,694.4793932601877,0.002701,0.002686,True,"[{""name"": ""lkh-wrapper-v2"", ""objective"": 694.4793932601877, ""time"": 0.002686, ""valid"": true}]","[[0, 44, 30, 31, 5, 25, 49, 8, 2, 36, 14, 21, 24, 7, 38, 23, 11, 40, 33, 32, 1, 22, 6, 26, 20, 46, 15, 48, 13, 42, 37, 0], [0, 47, 10, 17, 27, 18, 28, 16, 3, 43, 19, 0], [0, 4, 12, 0], [0, 41, 34, 0], [0, 9, 35, 29, 39, 45, 0]]"
uniform,n50_m5_r07.txt,data\mtsp\generated\n50_m5_r07.txt,50,5,lkh-wrapper-v3,692.1660736663366,0.001907,0.001899,True,"[{""name"": ""lkh-wrapper-v3"", ""objective"": 692.1660736663366, ""time"": 0.001899, ""valid"": true}]","[[0, 37, 42, 13, 48, 15, 46, 20, 26, 6, 22, 1, 32, 33, 40, 11, 23, 38, 7, 12, 0], [0, 34, 47, 17, 27, 18, 28, 16, 43, 3, 10, 0], [0, 4, 0], [0, 41, 19, 5, 25, 31, 44, 30, 49, 8, 2, 36, 14, 21, 24, 0], [0, 9, 35, 29, 39, 45, 0]]"
uniform,n50_m5_r08.txt,data\mtsp\generated\n50_m5_r08.txt,50,5,rand+nn,1790.5629369753149,0.00048,0.000472,True,"[{""name"": ""rand+nn"", ""objective"": 1790.5629369753149, ""time"": 0.000472, ""valid"": true}]","[[0, 17, 3, 5, 29, 34, 10, 39, 9, 27, 21, 0], [0, 44, 35, 46, 7, 8, 4, 14, 25, 20, 12, 0], [0, 30, 13, 40, 36, 19, 1, 33, 23, 48, 11, 0], [0, 22, 32, 43, 15, 28, 38, 2, 24, 37, 41, 0], [0, 6, 26, 45, 42, 47, 49, 16, 31, 18, 0]]"
uniform,n50_m5_r08.txt,data\mtsp\generated\n50_m5_r08.txt,50,5,2opt+greed,1228.573785946874,0.00032,0.000312,True,"[{""name"": ""2opt+greed"", ""objective"": 1228.573785946874, ""time"": 0.000312, ""valid"": true}]","[[0, 17, 44, 13, 9, 27, 26, 15, 4, 49, 34, 0], [0, 3, 30, 5, 31, 16, 37, 20, 24, 29, 41, 0], [0, 22, 32, 46, 35, 7, 1, 42, 38, 2, 25, 0], [0, 6, 40, 36, 43, 19, 8, 18, 21, 12, 11, 0], [0, 10, 28, 47, 33, 39, 45, 23, 14, 48, 0]]"
uniform,n50_m5_r08.txt,data\mtsp\generated\n50_m5_r08.txt,50,5,grasp,855.560079002239,0.089508,0.089497,True,"[{""name"": ""grasp"", ""objective"": 855.560079002239, ""time"": 0.089497, ""valid"": true}]","[[0, 22, 17, 30, 18, 21, 12, 11, 5, 31, 3, 0], [0, 32, 46, 9, 35, 13, 27, 7, 8, 26, 44, 0], [0, 10, 33, 42, 23, 4, 38, 49, 14, 47, 28, 0], [0, 16, 41, 29, 37, 20, 24, 25, 34, 48, 2, 0], [0, 39, 45, 15, 43, 19, 1, 36, 40, 6, 0]]"
uniform,n50_m5_r08.txt,data\mtsp\generated\n50_m5_r08.txt,50,5,lkh-wrapper,1076.8489105547137,0.002655,0.002643,True,"[{""name"": ""lkh-wrapper"", ""objective"": 1076.8489105547137, ""time"": 0.002643, ""valid"": true}]","[[0, 22, 13, 9, 7, 27, 26, 1, 49, 48, 2, 0], [0, 3, 30, 5, 31, 16, 37, 20, 24, 29, 41, 0], [0, 17, 46, 32, 35, 44, 45, 15, 42, 34, 25, 0], [0, 6, 40, 36, 43, 19, 8, 18, 21, 12, 11, 0], [0, 10, 39, 33, 23, 4, 38, 14, 47, 28, 0]]"
uniform,n50_m5_r08.txt,data\mtsp\generated\n50_m5_r08.txt,50,5,lkh-wrapper-v1,1076.8489105547137,0.002846,0.002838,True,"[{""name"": ""lkh-wrapper-v1"", ""objective"": 1076.8489105547137, ""time"": 0.002838, ""valid"": true}]","[[0, 22, 13, 9, 7, 27, 26, 1, 49, 48, 2, 0], [0, 3, 30, 5, 31, 16, 37, 20, 24, 29, 41, 0], [0, 17, 46, 32, 35, 44, 45, 15, 42, 34, 25, 0], [0, 6, 40, 36, 43, 19, 8, 18, 21, 12, 11, 0], [0, 10, 39, 33, 23, 4, 38, 14, 47, 28, 0]]"
uniform,n50_m5_r08.txt,data\mtsp\generated\n50_m5_r08.txt,50,5,lkh-wrapper-v2,704.4879181233559,0.002173,0.002166,True,"[{""name"": ""lkh-wrapper-v2"", ""objective"": 704.4879181233559, ""time"": 0.002166, ""valid"": true}]","[[0, 22, 6, 40, 36, 43, 19, 1, 26, 8, 27, 7, 9, 46, 32, 35, 13, 44, 17, 0], [0, 3, 5, 31, 16, 41, 29, 37, 20, 24, 25, 34, 48, 2, 0], [0, 10, 39, 45, 15, 42, 33, 23, 4, 38, 49, 14, 47, 28, 0], [0, 30, 18, 21, 12, 11, 0], [0, 0]]"
uniform,n50_m5_r08.txt,data\mtsp\generated\n50_m5_r08.txt,50,5,lkh-wrapper-v3,704.4879181233559,0.001867,0.001859,True,"[{""name"": ""lkh-wrapper-v3"", ""objective"": 704.4879181233559, ""time"": 0.001859, ""valid"": true}]","[[0, 22, 6, 40, 36, 43, 19, 1, 26, 8, 27, 7, 9, 46, 32, 35, 13, 44, 17, 0], [0, 3, 5, 31, 16, 41, 29, 37, 20, 24, 25, 34, 48, 2, 0], [0, 10, 39, 45, 15, 42, 33, 23, 4, 38, 49, 14, 47, 28, 0], [0, 30, 18, 21, 12, 11, 0], [0, 0]]"
uniform,n50_m5_r09.txt,data\mtsp\generated\n50_m5_r09.txt,50,5,rand+nn,1522.415562508617,0.000534,0.000526,True,"[{""name"": ""rand+nn"", ""objective"": 1522.415562508617, ""time"": 0.000526, ""valid"": true}]","[[0, 9, 21, 39, 3, 27, 17, 34, 10, 5, 29, 0], [0, 44, 4, 46, 7, 8, 14, 35, 20, 25, 12, 0], [0, 33, 13, 23, 40, 1, 48, 36, 30, 19, 11, 0], [0, 32, 2, 15, 38, 28, 24, 43, 37, 22, 41, 0], [0, 31, 26, 47, 16, 45, 18, 42, 49, 6, 0]]"
uniform,n50_m5_r09.txt,data\mtsp\generated\n50_m5_r09.txt,50,5,2opt+greed,1155.5736239882542,0.000321,0.000314,True,"[{""name"": ""2opt+greed"", ""objective"": 1155.5736239882542, ""time"": 0.000314, ""valid"": true}]","[[0, 9, 32, 15, 16, 30, 4, 45, 42, 49, 1, 0], [0, 44, 39, 38, 26, 28, 36, 18, 3, 43, 27, 0], [0, 7, 2, 14, 8, 13, 10, 34, 37, 25, 20, 0], [0, 31, 21, 11, 19, 47, 48, 24, 12, 6, 40, 0], [0, 33, 46, 29, 35, 5, 41, 22, 17, 23, 0]]"
uniform,n50_m5_r09.txt,data\mtsp\generated\n50_m5_r09.txt,50,5,grasp,835.1454990688057,0.087642,0.087631,True,"[{""name"": ""grasp"", ""objective"": 835.1454990688057, ""time"": 0.087631, ""valid"": true}]","[[0, 7, 8, 14, 29, 35, 13, 5, 41, 10, 34, 0], [0, 31, 21, 39, 38, 26, 47, 11, 15, 32, 9, 0], [0, 48, 36, 4, 28, 30, 19, 16, 46, 2, 33, 0], [0, 44, 3, 24, 45, 18, 42, 43, 49, 1, 27, 0], [0, 20, 22, 23, 17, 40, 37, 25, 6, 12, 0]]"
uniform,n50_m5_r09.txt,data\mtsp\generated\n50_m5_r09.txt,50,5,lkh-wrapper,1046.8083231261498,0.004008,0.003992,True,"[{""name"": ""lkh-wrapper"", ""objective"": 1046.8083231261498, ""time"": 0.003992, ""valid"": true}]","[[0, 9, 32, 15, 19, 30, 28, 48, 24, 43, 49, 0], [0, 44, 39, 26, 4, 36, 45, 18, 42, 1, 27, 0], [0, 7, 29, 14, 35, 41, 10, 34, 40, 37, 25, 0], [0, 31, 21, 16, 11, 47, 38, 3, 12, 6, 20, 0], [0, 33, 46, 2, 8, 5, 13, 22, 17, 23, 0]]"
uniform,n50_m5_r09.txt,data\mtsp\generated\n50_m5_r09.txt,50,5,lkh-wrapper-v1,1046.8083231261498,0.003381,0.003372,True,"[{""name"": ""lkh-wrapper-v1"", ""objective"": 1046.8083231261498, ""time"": 0.003372, ""valid"": true}]","[[0, 9, 32, 15, 19, 30, 28, 48, 24, 43, 49, 0], [0, 44, 39, 26, 4, 36, 45, 18, 42, 1, 27, 0], [0, 7, 29, 14, 35, 41, 10, 34, 40, 37, 25, 0], [0, 31, 21, 16, 11, 47, 38, 3, 12, 6, 20, 0], [0, 33, 46, 2, 8, 5, 13, 22, 17, 23, 0]]"
uniform,n50_m5_r09.txt,data\mtsp\generated\n50_m5_r09.txt,50,5,lkh-wrapper-v2,752.3296419550109,0.00259,0.002583,True,"[{""name"": ""lkh-wrapper-v2"", ""objective"": 752.3296419550109, ""time"": 0.002583, ""valid"": true}]","[[0, 31, 21, 39, 38, 26, 28, 47, 30, 19, 11, 16, 15, 32, 46, 2, 33, 7, 9, 0], [0, 44, 4, 36, 45, 18, 42, 24, 48, 0], [0, 20, 22, 34, 10, 41, 5, 13, 35, 29, 14, 8, 0], [0, 23, 17, 40, 37, 25, 6, 49, 43, 1, 27, 12, 0], [0, 3, 0]]"
uniform,n50_m5_r09.txt,data\mtsp\generated\n50_m5_r09.txt,50,5,lkh-wrapper-v3,752.3296419550109,0.002219,0.002212,True,"[{""name"": ""lkh-wrapper-v3"", ""objective"": 752.3296419550109, ""time"": 0.002212, ""valid"": true}]","[[0, 9, 7, 33, 2, 46, 32, 15, 16, 11, 19, 30, 47, 28, 26, 38, 39, 21, 31, 0], [0, 44, 4, 36, 45, 18, 42, 24, 48, 0], [0, 20, 22, 34, 10, 41, 5, 13, 35, 29, 14, 8, 0], [0, 12, 27, 1, 43, 49, 6, 25, 37, 40, 17, 23, 0], [0, 3, 0]]"
uniform,n50_m5_r10.txt,data\mtsp\generated\n50_m5_r10.txt,50,5,rand+nn,1675.0649377038073,0.000289,0.000282,True,"[{""name"": ""rand+nn"", ""objective"": 1675.0649377038073, ""time"": 0.000282, ""valid"": true}]","[[0, 34, 17, 21, 39, 9, 27, 29, 10, 5, 3, 0], [0, 44, 8, 25, 4, 7, 14, 12, 20, 35, 46, 0], [0, 33, 11, 48, 40, 30, 23, 36, 19, 1, 13, 0], [0, 37, 28, 32, 2, 43, 22, 15, 24, 41, 38, 0], [0, 31, 26, 42, 18, 47, 49, 45, 16, 6, 0]]"
uniform,n50_m5_r10.txt,data\mtsp\generated\n50_m5_r10.txt,50,5,2opt+greed,1054.8402042426198,0.000316,0.000308,True,"[{""name"": ""2opt+greed"", ""objective"": 1054.8402042426198, ""time"": 0.000308, ""valid"": true}]","[[0, 44, 33, 11, 17, 18, 41, 48, 40, 8, 9, 0], [0, 2, 22, 35, 14, 7, 19, 6, 27, 36, 37, 0], [0, 28, 16, 45, 4, 38, 13, 49, 21, 25, 39, 0], [0, 34, 32, 26, 23, 30, 42, 24, 47, 5, 3, 0], [0, 31, 20, 15, 12, 29, 1, 46, 43, 10, 0]]"
uniform,n50_m5_r10.txt,data\mtsp\generated\n50_m5_r10.txt,50,5,grasp,817.7903493115506,0.082172,0.08216,True,"[{""name"": ""grasp"", ""objective"": 817.7903493115506, ""time"": 0.08216, ""valid"": true}]","[[0, 2, 43, 22, 46, 35, 15, 19, 7, 6, 9, 0], [0, 21, 8, 47, 40, 48, 41, 18, 17, 11, 33, 0], [0, 16, 45, 39, 4, 38, 3, 5, 25, 13, 49, 0], [0, 37, 31, 20, 1, 29, 12, 14, 27, 36, 28, 0], [0, 34, 32, 26, 10, 23, 30, 42, 24, 44, 0]]"
uniform,n50_m5_r10.txt,data\mtsp\generated\n50_m5_r10.txt,50,5,lkh-wrapper,967.0575491171031,0.00257,0.002554,True,"[{""name"": ""lkh-wrapper"", ""objective"": 967.0575491171031, ""time"": 0.002554, ""valid"": true}]","[[0, 44, 47, 40, 48, 41, 18, 17, 11, 33, 37, 0], [0, 2, 22, 15, 14, 7, 19, 27, 6, 9, 36, 0], [0, 28, 16, 45, 38, 4, 39, 25, 13, 49, 21, 0], [0, 34, 32, 26, 23, 30, 42, 24, 8, 5, 3, 0], [0, 31, 20, 1, 12, 29, 35, 46, 43, 10, 0]]"
uniform,n50_m5_r10.txt,data\mtsp\generated\n50_m5_r10.txt,50,5,lkh-wrapper-v1,967.0575491171031,0.002047,0.00204,True,"[{""name"": ""lkh-wrapper-v1"", ""objective"": 967.0575491171031, ""time"": 0.00204, ""valid"": true}]","[[0, 44, 47, 40, 48, 41, 18, 17, 11, 33, 37, 0], [0, 2, 22, 15, 14, 7, 19, 27, 6, 9, 36, 0], [0, 28, 16, 45, 38, 4, 39, 25, 13, 49, 21, 0], [0, 34, 32, 26, 23, 30, 42, 24, 8, 5, 3, 0], [0, 31, 20, 1, 12, 29, 35, 46, 43, 10, 0]]"
uniform,n50_m5_r10.txt,data\mtsp\generated\n50_m5_r10.txt,50,5,lkh-wrapper-v2,659.7048077553482,0.002503,0.002497,True,"[{""name"": ""lkh-wrapper-v2"", ""objective"": 659.7048077553482, ""time"": 0.002497, ""valid"": true}]","[[0, 44, 33, 11, 17, 18, 41, 48, 40, 47, 8, 21, 49, 13, 5, 3, 38, 4, 25, 39, 45, 6, 9, 16, 0], [0, 34, 32, 26, 24, 42, 30, 23, 10, 2, 43, 22, 46, 35, 20, 31, 37, 0], [0, 28, 36, 27, 19, 7, 14, 12, 29, 1, 15, 0], [0, 0], [0, 0]]"
uniform,n50_m5_r10.txt,data\mtsp\generated\n50_m5_r10.txt,50,5,lkh-wrapper-v3,665.4999100654925,0.0021,0.00209,True,"[{""name"": ""lkh-wrapper-v3"", ""objective"": 665.4999100654925, ""time"": 0.00209, ""valid"": true}]","[[0, 44, 33, 11, 17, 18, 41, 48, 40, 47, 8, 21, 49, 13, 5, 3, 38, 4, 25, 39, 45, 6, 9, 16, 0], [0, 37, 31, 20, 35, 46, 22, 43, 2, 26, 10, 23, 30, 42, 24, 32, 34, 0], [0, 28, 36, 27, 19, 7, 14, 12, 29, 1, 15, 0], [0, 0], [0, 0]]"
