instance_family,instance,path,node_count,salesman_count,solver,objective,time_seconds,valid,reference_solver,reference_objective,reference_time_seconds,reference_valid,objective_gap,relative_gap_percent
uniform,n100_m2_r01.txt,data\mtsp\generated\n100_m2_r01.txt,100,2,rand+nn,1233.2660152317053,0.000464,True,ortools-gls,798.699339,5.000543,True,434.566676,54.409295
uniform,n100_m2_r01.txt,data\mtsp\generated\n100_m2_r01.txt,100,2,2opt+greed,992.294321142642,0.000554,True,ortools-gls,798.699339,5.000543,True,193.594982,24.238781
uniform,n100_m2_r01.txt,data\mtsp\generated\n100_m2_r01.txt,100,2,grasp,862.5513674865011,0.293974,True,ortools-gls,798.699339,5.000543,True,63.852028,7.994501
uniform,n100_m2_r01.txt,data\mtsp\generated\n100_m2_r01.txt,100,2,lkh-wrapper,871.7176648556115,0.013856,True,ortools-gls,798.699339,5.000543,True,73.018326,9.142154
uniform,n100_m2_r01.txt,data\mtsp\generated\n100_m2_r01.txt,100,2,lkh-wrapper-v1,871.7176648556115,0.014481,True,ortools-gls,798.699339,5.000543,True,73.018326,9.142154
uniform,n100_m2_r01.txt,data\mtsp\generated\n100_m2_r01.txt,100,2,lkh-wrapper-v2,842.8565423595294,0.020804,True,ortools-gls,798.699339,5.000543,True,44.157203,5.528639
uniform,n100_m2_r01.txt,data\mtsp\generated\n100_m2_r01.txt,100,2,lkh-wrapper-v3,872.5016278231517,0.01446,True,ortools-gls,798.699339,5.000543,True,73.802289,9.240309
uniform,n100_m2_r02.txt,data\mtsp\generated\n100_m2_r02.txt,100,2,rand+nn,1358.4243359574964,0.000463,True,ortools-gls,745.026795,5.000233,True,613.397541,82.332279
uniform,n100_m2_r02.txt,data\mtsp\generated\n100_m2_r02.txt,100,2,2opt+greed,932.6367718849003,0.000795,True,ortools-gls,745.026795,5.000233,True,187.609977,25.181642
uniform,n100_m2_r02.txt,data\mtsp\generated\n100_m2_r02.txt,100,2,grasp,832.7430097960223,0.344158,True,ortools-gls,745.026795,5.000233,True,87.716215,11.773565
uniform,n100_m2_r02.txt,data\mtsp\generated\n100_m2_r02.txt,100,2,lkh-wrapper,858.1991388060242,0.011533,True,ortools-gls,745.026795,5.000233,True,113.172344,15.190372
uniform,n100_m2_r02.txt,data\mtsp\generated\n100_m2_r02.txt,100,2,lkh-wrapper-v1,858.1991388060242,0.011437,True,ortools-gls,745.026795,5.000233,True,113.172344,15.190372
uniform,n100_m2_r02.txt,data\mtsp\generated\n100_m2_r02.txt,100,2,lkh-wrapper-v2,789.2844420097781,0.004359,True,ortools-gls,745.026795,5.000233,True,44.257647,5.94041
uniform,n100_m2_r02.txt,data\mtsp\generated\n100_m2_r02.txt,100,2,lkh-wrapper-v3,816.9467273253285,0.005391,True,ortools-gls,745.026795,5.000233,True,71.919932,9.653335
uniform,n100_m2_r03.txt,data\mtsp\generated\n100_m2_r03.txt,100,2,rand+nn,1367.3433527225297,0.000471,True,ortools-gls,775.387651,5.000449,True,591.955702,76.343194
uniform,n100_m2_r03.txt,data\mtsp\generated\n100_m2_r03.txt,100,2,2opt+greed,948.0796119023905,0.000579,True,ortools-gls,775.387651,5.000449,True,172.691961,22.271693
uniform,n100_m2_r03.txt,data\mtsp\generated\n100_m2_r03.txt,100,2,grasp,850.1971151276061,0.288011,True,ortools-gls,775.387651,5.000449,True,74.809464,9.648008
uniform,n100_m2_r03.txt,data\mtsp\generated\n100_m2_r03.txt,100,2,lkh-wrapper,918.5185969037366,0.009258,True,ortools-gls,775.387651,5.000449,True,143.130946,18.459276
uniform,n100_m2_r03.txt,data\mtsp\generated\n100_m2_r03.txt,100,2,lkh-wrapper-v1,918.5185969037366,0.007189,True,ortools-gls,775.387651,5.000449,True,143.130946,18.459276
uniform,n100_m2_r03.txt,data\mtsp\generated\n100_m2_r03.txt,100,2,lkh-wrapper-v2,785.9856945291924,0.005201,True,ortools-gls,775.387651,5.000449,True,10.598044,1.366806
uniform,n100_m2_r03.txt,data\mtsp\generated\n100_m2_r03.txt,100,2,lkh-wrapper-v3,788.2675737185205,0.004546,True,ortools-gls,775.387651,5.000449,True,12.879923,1.661095
uniform,n100_m2_r04.txt,data\mtsp\generated\n100_m2_r04.txt,100,2,rand+nn,1381.0351135962424,0.000476,True,ortools-gls,849.002774,5.000448,True,532.03234,62.66556
uniform,n100_m2_r04.txt,data\mtsp\generated\n100_m2_r04.txt,100,2,2opt+greed,1012.992957103306,0.000649,True,ortools-gls,849.002774,5.000448,True,163.990183,19.315624
uniform,n100_m2_r04.txt,data\mtsp\generated\n100_m2_r04.txt,100,2,grasp,904.8081946749394,0.283708,True,ortools-gls,849.002774,5.000448,True,55.805421,6.573055
uniform,n100_m2_r04.txt,data\mtsp\generated\n100_m2_r04.txt,100,2,lkh-wrapper,912.542360535148,0.019722,True,ortools-gls,849.002774,5.000448,True,63.539587,7.484026
uniform,n100_m2_r04.txt,data\mtsp\generated\n100_m2_r04.txt,100,2,lkh-wrapper-v1,912.542360535148,0.020265,True,ortools-gls,849.002774,5.000448,True,63.539587,7.484026
uniform,n100_m2_r04.txt,data\mtsp\generated\n100_m2_r04.txt,100,2,lkh-wrapper-v2,864.7970439419583,0.005912,True,ortools-gls,849.002774,5.000448,True,15.79427,1.860332
uniform,n100_m2_r04.txt,data\mtsp\generated\n100_m2_r04.txt,100,2,lkh-wrapper-v3,870.4861391895942,0.00554,True,ortools-gls,849.002774,5.000448,True,21.483365,2.530423
uniform,n100_m2_r05.txt,data\mtsp\generated\n100_m2_r05.txt,100,2,rand+nn,1395.070440677321,0.000462,True,ortools-gls,785.248236,5.004294,True,609.822205,77.659799
uniform,n100_m2_r05.txt,data\mtsp\generated\n100_m2_r05.txt,100,2,2opt+greed,883.5679334132806,0.000557,True,ortools-gls,785.248236,5.004294,True,98.319697,12.520843
uniform,n100_m2_r05.txt,data\mtsp\generated\n100_m2_r05.txt,100,2,grasp,861.7080995982009,0.299759,True,ortools-gls,785.248236,5.004294,True,76.459864,9.737031
uniform,n100_m2_r05.txt,data\mtsp\generated\n100_m2_r05.txt,100,2,lkh-wrapper,862.2690799716593,0.006913,True,ortools-gls,785.248236,5.004294,True,77.020844,9.808471
uniform,n100_m2_r05.txt,data\mtsp\generated\n100_m2_r05.txt,100,2,lkh-wrapper-v1,862.2690799716593,0.006541,True,ortools-gls,785.248236,5.004294,True,77.020844,9.808471
uniform,n100_m2_r05.txt,data\mtsp\generated\n100_m2_r05.txt,100,2,lkh-wrapper-v2,873.5664259371681,0.007177,True,ortools-gls,785.248236,5.004294,True,88.31819,11.247168
uniform,n100_m2_r05.txt,data\mtsp\generated\n100_m2_r05.txt,100,2,lkh-wrapper-v3,875.6162357227361,0.007054,True,ortools-gls,785.248236,5.004294,True,90.368,11.508208
uniform,n100_m2_r06.txt,data\mtsp\generated\n100_m2_r06.txt,100,2,rand+nn,1319.1432353583946,0.000474,True,ortools-gls,768.865595,5.000715,True,550.27764,71.570069
uniform,n100_m2_r06.txt,data\mtsp\generated\n100_m2_r06.txt,100,2,2opt+greed,825.7249956574458,0.000599,True,ortools-gls,768.865595,5.000715,True,56.859401,7.395233
uniform,n100_m2_r06.txt,data\mtsp\generated\n100_m2_r06.txt,100,2,grasp,826.1864204546023,0.295306,True,ortools-gls,768.865595,5.000715,True,57.320825,7.455246
uniform,n100_m2_r06.txt,data\mtsp\generated\n100_m2_r06.txt,100,2,lkh-wrapper,792.6607949647403,0.003687,True,ortools-gls,768.865595,5.000715,True,23.7952,3.094845
uniform,n100_m2_r06.txt,data\mtsp\generated\n100_m2_r06.txt,100,2,lkh-wrapper-v1,792.6607949647403,0.00432,True,ortools-gls,768.865595,5.000715,True,23.7952,3.094845
uniform,n100_m2_r06.txt,data\mtsp\generated\n100_m2_r06.txt,100,2,lkh-wrapper-v2,769.804100709802,0.008796,True,ortools-gls,768.865595,5.000715,True,0.938506,0.122064
uniform,n100_m2_r06.txt,data\mtsp\generated\n100_m2_r06.txt,100,2,lkh-wrapper-v3,797.737410957116,0.007992,True,ortools-gls,768.865595,5.000715,True,28.871816,3.755119
uniform,n100_m2_r07.txt,data\mtsp\generated\n100_m2_r07.txt,100,2,rand+nn,1292.7580420041609,0.000495,True,ortools-gls,749.123052,5.000117,True,543.63499,72.569518
uniform,n100_m2_r07.txt,data\mtsp\generated\n100_m2_r07.txt,100,2,2opt+greed,1079.2942546421425,0.000565,True,ortools-gls,749.123052,5.000117,True,330.171203,44.074362
uniform,n100_m2_r07.txt,data\mtsp\generated\n100_m2_r07.txt,100,2,grasp,767.8393179843606,0.305248,True,ortools-gls,749.123052,5.000117,True,18.716266,2.498423
uniform,n100_m2_r07.txt,data\mtsp\generated\n100_m2_r07.txt,100,2,lkh-wrapper,948.71687250079,0.0311,True,ortools-gls,749.123052,5.000117,True,199.593821,26.643663
uniform,n100_m2_r07.txt,data\mtsp\generated\n100_m2_r07.txt,100,2,lkh-wrapper-v1,948.71687250079,0.031766,True,ortools-gls,749.123052,5.000117,True,199.593821,26.643663
uniform,n100_m2_r07.txt,data\mtsp\generated\n100_m2_r07.txt,100,2,lkh-wrapper-v2,793.3204281408724,0.004814,True,ortools-gls,749.123052,5.000117,True,44.197376,5.899882
uniform,n100_m2_r07.txt,data\mtsp\generated\n100_m2_r07.txt,100,2,lkh-wrapper-v3,784.3083128959353,0.006047,True,ortools-gls,749.123052,5.000117,True,35.185261,4.69686
uniform,n100_m2_r08.txt,data\mtsp\generated\n100_m2_r08.txt,100,2,rand+nn,1448.273205818628,0.000557,True,ortools-gls,803.101942,5.000522,True,645.171264,80.334915
uniform,n100_m2_r08.txt,data\mtsp\generated\n100_m2_r08.txt,100,2,2opt+greed,966.3582487601541,0.00072,True,ortools-gls,803.101942,5.000522,True,163.256307,20.328217
uniform,n100_m2_r08.txt,data\mtsp\generated\n100_m2_r08.txt,100,2,grasp,855.3538126606497,0.289365,True,ortools-gls,803.101942,5.000522,True,52.251871,6.506256
uniform,n100_m2_r08.txt,data\mtsp\generated\n100_m2_r08.txt,100,2,lkh-wrapper,862.3903381289863,0.01298,True,ortools-gls,803.101942,5.000522,True,59.288396,7.382425
uniform,n100_m2_r08.txt,data\mtsp\generated\n100_m2_r08.txt,100,2,lkh-wrapper-v1,862.3903381289863,0.013672,True,ortools-gls,803.101942,5.000522,True,59.288396,7.382425
uniform,n100_m2_r08.txt,data\mtsp\generated\n100_m2_r08.txt,100,2,lkh-wrapper-v2,824.4996230943896,0.008201,True,ortools-gls,803.101942,5.000522,True,21.397681,2.664379
uniform,n100_m2_r08.txt,data\mtsp\generated\n100_m2_r08.txt,100,2,lkh-wrapper-v3,826.8190594664243,0.007131,True,ortools-gls,803.101942,5.000522,True,23.717117,2.953189
uniform,n100_m2_r09.txt,data\mtsp\generated\n100_m2_r09.txt,100,2,rand+nn,1286.674495338066,0.000497,True,ortools-gls,798.156477,5.000594,True,488.518018,61.205795
uniform,n100_m2_r09.txt,data\mtsp\generated\n100_m2_r09.txt,100,2,2opt+greed,912.1733886602785,0.00058,True,ortools-gls,798.156477,5.000594,True,114.016912,14.285032
uniform,n100_m2_r09.txt,data\mtsp\generated\n100_m2_r09.txt,100,2,grasp,868.7825277349334,0.279917,True,ortools-gls,798.156477,5.000594,True,70.626051,8.848647
uniform,n100_m2_r09.txt,data\mtsp\generated\n100_m2_r09.txt,100,2,lkh-wrapper,876.1530636604247,0.008447,True,ortools-gls,798.156477,5.000594,True,77.996587,9.772092
uniform,n100_m2_r09.txt,data\mtsp\generated\n100_m2_r09.txt,100,2,lkh-wrapper-v1,876.1530636604247,0.007337,True,ortools-gls,798.156477,5.000594,True,77.996587,9.772092
uniform,n100_m2_r09.txt,data\mtsp\generated\n100_m2_r09.txt,100,2,lkh-wrapper-v2,863.4695891812432,0.007241,True,ortools-gls,798.156477,5.000594,True,65.313112,8.182996
uniform,n100_m2_r09.txt,data\mtsp\generated\n100_m2_r09.txt,100,2,lkh-wrapper-v3,892.4638152525742,0.005394,True,ortools-gls,798.156477,5.000594,True,94.307338,11.815645
uniform,n100_m2_r10.txt,data\mtsp\generated\n100_m2_r10.txt,100,2,rand+nn,1310.5678217601608,0.000569,True,ortools-gls,804.87552,5.000594,True,505.692302,62.828635
uniform,n100_m2_r10.txt,data\mtsp\generated\n100_m2_r10.txt,100,2,2opt+greed,979.5878072373852,0.001063,True,ortools-gls,804.87552,5.000594,True,174.712287,21.706746
uniform,n100_m2_r10.txt,data\mtsp\generated\n100_m2_r10.txt,100,2,grasp,881.4705474577106,0.296765,True,ortools-gls,804.87552,5.000594,True,76.595027,9.516382
uniform,n100_m2_r10.txt,data\mtsp\generated\n100_m2_r10.txt,100,2,lkh-wrapper,839.3004578971792,0.012864,True,ortools-gls,804.87552,5.000594,True,34.424938,4.277051
uniform,n100_m2_r10.txt,data\mtsp\generated\n100_m2_r10.txt,100,2,lkh-wrapper-v1,839.3004578971792,0.012407,True,ortools-gls,804.87552,5.000594,True,34.424938,4.277051
uniform,n100_m2_r10.txt,data\mtsp\generated\n100_m2_r10.txt,100,2,lkh-wrapper-v2,844.5219872329712,0.006383,True,ortools-gls,804.87552,5.000594,True,39.646467,4.925789
uniform,n100_m2_r10.txt,data\mtsp\generated\n100_m2_r10.txt,100,2,lkh-wrapper-v3,841.1012210132257,0.004113,True,ortools-gls,804.87552,5.000594,True,36.225701,4.500783
uniform,n100_m3_r01.txt,data\mtsp\generated\n100_m3_r01.txt,100,3,rand+nn,1685.258281160779,0.000479,True,ortools-gls,816.857599,5.00134,True,868.400682,106.309923
uniform,n100_m3_r01.txt,data\mtsp\generated\n100_m3_r01.txt,100,3,2opt+greed,1130.9069737956602,0.000577,True,ortools-gls,816.857599,5.00134,True,314.049375,38.446037
uniform,n100_m3_r01.txt,data\mtsp\generated\n100_m3_r01.txt,100,3,grasp,923.9466108355887,0.461057,True,ortools-gls,816.857599,5.00134,True,107.089012,13.109875
uniform,n100_m3_r01.txt,data\mtsp\generated\n100_m3_r01.txt,100,3,lkh-wrapper,1029.564753009231,0.015927,True,ortools-gls,816.857599,5.00134,True,212.707154,26.039686
uniform,n100_m3_r01.txt,data\mtsp\generated\n100_m3_r01.txt,100,3,lkh-wrapper-v1,1029.564753009231,0.015485,True,ortools-gls,816.857599,5.00134,True,212.707154,26.039686
uniform,n100_m3_r01.txt,data\mtsp\generated\n100_m3_r01.txt,100,3,lkh-wrapper-v2,944.0537070445853,0.011882,True,ortools-gls,816.857599,5.00134,True,127.196108,15.571393
uniform,n100_m3_r01.txt,data\mtsp\generated\n100_m3_r01.txt,100,3,lkh-wrapper-v3,944.0537070445853,0.009238,True,ortools-gls,816.857599,5.00134,True,127.196108,15.571393
uniform,n100_m3_r02.txt,data\mtsp\generated\n100_m3_r02.txt,100,3,rand+nn,1828.4521729022717,0.000492,True,ortools-gls,844.760762,5.00042,True,983.691411,116.446153
uniform,n100_m3_r02.txt,data\mtsp\generated\n100_m3_r02.txt,100,3,2opt+greed,1194.840515190461,0.000614,True,ortools-gls,844.760762,5.00042,True,350.079753,41.44129
uniform,n100_m3_r02.txt,data\mtsp\generated\n100_m3_r02.txt,100,3,grasp,994.8066374180703,0.480777,True,ortools-gls,844.760762,5.00042,True,150.045875,17.761937
uniform,n100_m3_r02.txt,data\mtsp\generated\n100_m3_r02.txt,100,3,lkh-wrapper,947.1037214041395,0.013324,True,ortools-gls,844.760762,5.00042,True,102.342959,12.115023
uniform,n100_m3_r02.txt,data\mtsp\generated\n100_m3_r02.txt,100,3,lkh-wrapper-v1,947.1037214041395,0.013699,True,ortools-gls,844.760762,5.00042,True,102.342959,12.115023
uniform,n100_m3_r02.txt,data\mtsp\generated\n100_m3_r02.txt,100,3,lkh-wrapper-v2,881.0567081332235,0.00604,True,ortools-gls,844.760762,5.00042,True,36.295946,4.296595
uniform,n100_m3_r02.txt,data\mtsp\generated\n100_m3_r02.txt,100,3,lkh-wrapper-v3,892.920978425923,0.004192,True,ortools-gls,844.760762,5.00042,True,48.160216,5.701048
uniform,n100_m3_r03.txt,data\mtsp\generated\n100_m3_r03.txt,100,3,rand+nn,1778.6446628456156,0.000478,True,ortools-gls,892.309825,5.00059,True,886.334838,99.330391
uniform,n100_m3_r03.txt,data\mtsp\generated\n100_m3_r03.txt,100,3,2opt+greed,1193.1171322985222,0.000574,True,ortools-gls,892.309825,5.00059,True,300.807307,33.711083
uniform,n100_m3_r03.txt,data\mtsp\generated\n100_m3_r03.txt,100,3,grasp,1028.548875053543,0.477723,True,ortools-gls,892.309825,5.00059,True,136.23905,15.268133
uniform,n100_m3_r03.txt,data\mtsp\generated\n100_m3_r03.txt,100,3,lkh-wrapper,1080.8821286073328,0.018264,True,ortools-gls,892.309825,5.00059,True,188.572304,21.133053
uniform,n100_m3_r03.txt,data\mtsp\generated\n100_m3_r03.txt,100,3,lkh-wrapper-v1,1080.8821286073328,0.017956,True,ortools-gls,892.309825,5.00059,True,188.572304,21.133053
uniform,n100_m3_r03.txt,data\mtsp\generated\n100_m3_r03.txt,100,3,lkh-wrapper-v2,954.8335860014408,0.005605,True,ortools-gls,892.309825,5.00059,True,62.523761,7.006956
uniform,n100_m3_r03.txt,data\mtsp\generated\n100_m3_r03.txt,100,3,lkh-wrapper-v3,956.2375399017853,0.005327,True,ortools-gls,892.309825,5.00059,True,63.927715,7.164296
uniform,n100_m3_r04.txt,data\mtsp\generated\n100_m3_r04.txt,100,3,rand+nn,1595.6434592374517,0.000497,True,ortools-gls,774.205281,5.000654,True,821.438178,106.100823
uniform,n100_m3_r04.txt,data\mtsp\generated\n100_m3_r04.txt,100,3,2opt+greed,1204.2726079588883,0.000596,True,ortools-gls,774.205281,5.000654,True,430.067327,55.549521
uniform,n100_m3_r04.txt,data\mtsp\generated\n100_m3_r04.txt,100,3,grasp,881.9487314387336,0.456217,True,ortools-gls,774.205281,5.000654,True,107.74345,13.916651
uniform,n100_m3_r04.txt,data\mtsp\generated\n100_m3_r04.txt,100,3,lkh-wrapper,1060.5551145393038,0.019974,True,ortools-gls,774.205281,5.000654,True,286.349834,36.986293
uniform,n100_m3_r04.txt,data\mtsp\generated\n100_m3_r04.txt,100,3,lkh-wrapper-v1,1060.5551145393038,0.018978,True,ortools-gls,774.205281,5.000654,True,286.349834,36.986293
uniform,n100_m3_r04.txt,data\mtsp\generated\n100_m3_r04.txt,100,3,lkh-wrapper-v2,898.606731293278,0.005626,True,ortools-gls,774.205281,5.000654,True,124.40145,16.068277
uniform,n100_m3_r04.txt,data\mtsp\generated\n100_m3_r04.txt,100,3,lkh-wrapper-v3,891.4925655984425,0.003844,True,ortools-gls,774.205281,5.000654,True,117.287285,15.149378
uniform,n100_m3_r05.txt,data\mtsp\generated\n100_m3_r05.txt,100,3,rand+nn,1662.634154162223,0.000483,True,ortools-gls,836.115648,5.000988,True,826.518506,98.852175
uniform,n100_m3_r05.txt,data\mtsp\generated\n100_m3_r05.txt,100,3,2opt+greed,1001.3955824440736,0.000949,True,ortools-gls,836.115648,5.000988,True,165.279934,19.767592
uniform,n100_m3_r05.txt,data\mtsp\generated\n100_m3_r05.txt,100,3,grasp,958.8799590387641,0.447491,True,ortools-gls,836.115648,5.000988,True,122.764311,14.682695
uniform,n100_m3_r05.txt,data\mtsp\generated\n100_m3_r05.txt,100,3,lkh-wrapper,917.2991788032372,0.011499,True,ortools-gls,836.115648,5.000988,True,81.183531,9.709606
uniform,n100_m3_r05.txt,data\mtsp\generated\n100_m3_r05.txt,100,3,lkh-wrapper-v1,917.2991788032372,0.010675,True,ortools-gls,836.115648,5.000988,True,81.183531,9.709606
uniform,n100_m3_r05.txt,data\mtsp\generated\n100_m3_r05.txt,100,3,lkh-wrapper-v2,912.5250389551959,0.005498,True,ortools-gls,836.115648,5.000988,True,76.409391,9.138615
uniform,n100_m3_r05.txt,data\mtsp\generated\n100_m3_r05.txt,100,3,lkh-wrapper-v3,904.0610037340342,0.006226,True,ortools-gls,836.115648,5.000988,True,67.945356,8.126311
uniform,n100_m3_r06.txt,data\mtsp\generated\n100_m3_r06.txt,100,3,rand+nn,1603.7548350670445,0.000488,True,ortools-gls,815.568452,5.000967,True,788.186383,96.642579
uniform,n100_m3_r06.txt,data\mtsp\generated\n100_m3_r06.txt,100,3,2opt+greed,980.6420004491079,0.000569,True,ortools-gls,815.568452,5.000967,True,165.073548,20.240306
uniform,n100_m3_r06.txt,data\mtsp\generated\n100_m3_r06.txt,100,3,grasp,964.9023598893893,0.443088,True,ortools-gls,815.568452,5.000967,True,149.333908,18.310408
uniform,n100_m3_r06.txt,data\mtsp\generated\n100_m3_r06.txt,100,3,lkh-wrapper,871.256209224186,0.010291,True,ortools-gls,815.568452,5.000967,True,55.687757,6.828091
uniform,n100_m3_r06.txt,data\mtsp\generated\n100_m3_r06.txt,100,3,lkh-wrapper-v1,871.256209224186,0.008652,True,ortools-gls,815.568452,5.000967,True,55.687757,6.828091
uniform,n100_m3_r06.txt,data\mtsp\generated\n100_m3_r06.txt,100,3,lkh-wrapper-v2,889.2464085783639,0.006306,True,ortools-gls,815.568452,5.000967,True,73.677957,9.033939
uniform,n100_m3_r06.txt,data\mtsp\generated\n100_m3_r06.txt,100,3,lkh-wrapper-v3,887.4800443988823,0.005395,True,ortools-gls,815.568452,5.000967,True,71.911592,8.817358
uniform,n100_m3_r07.txt,data\mtsp\generated\n100_m3_r07.txt,100,3,rand+nn,1783.24086097006,0.000492,True,ortools-gls,832.322765,5.000776,True,950.918096,114.248719
uniform,n100_m3_r07.txt,data\mtsp\generated\n100_m3_r07.txt,100,3,2opt+greed,1272.4614850976013,0.000563,True,ortools-gls,832.322765,5.000776,True,440.13872,52.880774
uniform,n100_m3_r07.txt,data\mtsp\generated\n100_m3_r07.txt,100,3,grasp,1008.2276094729689,0.457222,True,ortools-gls,832.322765,5.000776,True,175.904844,21.13421
uniform,n100_m3_r07.txt,data\mtsp\generated\n100_m3_r07.txt,100,3,lkh-wrapper,1108.3684239130073,0.017493,True,ortools-gls,832.322765,5.000776,True,276.045659,33.165699
uniform,n100_m3_r07.txt,data\mtsp\generated\n100_m3_r07.txt,100,3,lkh-wrapper-v1,1108.3684239130073,0.016417,True,ortools-gls,832.322765,5.000776,True,276.045659,33.165699
uniform,n100_m3_r07.txt,data\mtsp\generated\n100_m3_r07.txt,100,3,lkh-wrapper-v2,869.9362556614676,0.008496,True,ortools-gls,832.322765,5.000776,True,37.613491,4.519099
uniform,n100_m3_r07.txt,data\mtsp\generated\n100_m3_r07.txt,100,3,lkh-wrapper-v3,869.5904596997516,0.005669,True,ortools-gls,832.322765,5.000776,True,37.267695,4.477553
uniform,n100_m3_r08.txt,data\mtsp\generated\n100_m3_r08.txt,100,3,rand+nn,1710.2879568511416,0.000553,True,ortools-gls,857.475541,5.000486,True,852.812416,99.45618
uniform,n100_m3_r08.txt,data\mtsp\generated\n100_m3_r08.txt,100,3,2opt+greed,1211.8567885270074,0.000587,True,ortools-gls,857.475541,5.000486,True,354.381248,41.328438
uniform,n100_m3_r08.txt,data\mtsp\generated\n100_m3_r08.txt,100,3,grasp,921.8702302341496,0.45804,True,ortools-gls,857.475541,5.000486,True,64.394689,7.509799
uniform,n100_m3_r08.txt,data\mtsp\generated\n100_m3_r08.txt,100,3,lkh-wrapper,1107.5833339460305,0.025665,True,ortools-gls,857.475541,5.000486,True,250.107793,29.167922
uniform,n100_m3_r08.txt,data\mtsp\generated\n100_m3_r08.txt,100,3,lkh-wrapper-v1,1107.5833339460305,0.024872,True,ortools-gls,857.475541,5.000486,True,250.107793,29.167922
uniform,n100_m3_r08.txt,data\mtsp\generated\n100_m3_r08.txt,100,3,lkh-wrapper-v2,900.2195726113423,0.013742,True,ortools-gls,857.475541,5.000486,True,42.744032,4.984869
uniform,n100_m3_r08.txt,data\mtsp\generated\n100_m3_r08.txt,100,3,lkh-wrapper-v3,903.7258621277899,0.007612,True,ortools-gls,857.475541,5.000486,True,46.250321,5.393777
uniform,n100_m3_r09.txt,data\mtsp\generated\n100_m3_r09.txt,100,3,rand+nn,1773.4158733078489,0.000455,True,ortools-gls,822.735604,5.001044,True,950.680269,115.551128
uniform,n100_m3_r09.txt,data\mtsp\generated\n100_m3_r09.txt,100,3,2opt+greed,1236.8311817945757,0.000567,True,ortools-gls,822.735604,5.001044,True,414.095578,50.33155
uniform,n100_m3_r09.txt,data\mtsp\generated\n100_m3_r09.txt,100,3,grasp,933.7099761587632,0.480776,True,ortools-gls,822.735604,5.001044,True,110.974372,13.488461
uniform,n100_m3_r09.txt,data\mtsp\generated\n100_m3_r09.txt,100,3,lkh-wrapper,1070.9917592771317,0.025852,True,ortools-gls,822.735604,5.001044,True,248.256155,30.174476
uniform,n100_m3_r09.txt,data\mtsp\generated\n100_m3_r09.txt,100,3,lkh-wrapper-v1,1070.9917592771317,0.025597,True,ortools-gls,822.735604,5.001044,True,248.256155,30.174476
uniform,n100_m3_r09.txt,data\mtsp\generated\n100_m3_r09.txt,100,3,lkh-wrapper-v2,905.990572408602,0.007689,True,ortools-gls,822.735604,5.001044,True,83.254968,10.119286
uniform,n100_m3_r09.txt,data\mtsp\generated\n100_m3_r09.txt,100,3,lkh-wrapper-v3,894.9256228277484,0.005772,True,ortools-gls,822.735604,5.001044,True,72.190019,8.774389
uniform,n100_m3_r10.txt,data\mtsp\generated\n100_m3_r10.txt,100,3,rand+nn,1684.8056447215968,0.000484,True,ortools-gls,784.00761,5.000676,True,900.798035,114.896593
uniform,n100_m3_r10.txt,data\mtsp\generated\n100_m3_r10.txt,100,3,2opt+greed,1044.1587495002595,0.000821,True,ortools-gls,784.00761,5.000676,True,260.15114,33.182221
uniform,n100_m3_r10.txt,data\mtsp\generated\n100_m3_r10.txt,100,3,grasp,909.7511173693698,0.489675,True,ortools-gls,784.00761,5.000676,True,125.743507,16.038557
uniform,n100_m3_r10.txt,data\mtsp\generated\n100_m3_r10.txt,100,3,lkh-wrapper,904.8394705187637,0.007915,True,ortools-gls,784.00761,5.000676,True,120.831861,15.412078
uniform,n100_m3_r10.txt,data\mtsp\generated\n100_m3_r10.txt,100,3,lkh-wrapper-v1,904.8394705187637,0.008623,True,ortools-gls,784.00761,5.000676,True,120.831861,15.412078
uniform,n100_m3_r10.txt,data\mtsp\generated\n100_m3_r10.txt,100,3,lkh-wrapper-v2,924.0559194949336,0.006604,True,ortools-gls,784.00761,5.000676,True,140.048309,17.863131
uniform,n100_m3_r10.txt,data\mtsp\generated\n100_m3_r10.txt,100,3,lkh-wrapper-v3,916.3605994697073,0.003769,True,ortools-gls,784.00761,5.000676,True,132.352989,16.881595
uniform,n100_m5_r01.txt,data\mtsp\generated\n100_m5_r01.txt,100,5,rand+nn,2185.1028798060865,0.000739,True,ortools-gls,795.98205,5.001226,True,1389.12083,174.516602
uniform,n100_m5_r01.txt,data\mtsp\generated\n100_m5_r01.txt,100,5,2opt+greed,1231.056337082655,0.000577,True,ortools-gls,795.98205,5.001226,True,435.074287,54.658806
uniform,n100_m5_r01.txt,data\mtsp\generated\n100_m5_r01.txt,100,5,grasp,1070.8830717987785,0.689118,True,ortools-gls,795.98205,5.001226,True,274.901022,34.536083
uniform,n100_m5_r01.txt,data\mtsp\generated\n100_m5_r01.txt,100,5,lkh-wrapper,1122.2372382165352,0.014884,True,ortools-gls,795.98205,5.001226,True,326.255188,40.987757
uniform,n100_m5_r01.txt,data\mtsp\generated\n100_m5_r01.txt,100,5,lkh-wrapper-v1,1122.2372382165352,0.013708,True,ortools-gls,795.98205,5.001226,True,326.255188,40.987757
uniform,n100_m5_r01.txt,data\mtsp\generated\n100_m5_r01.txt,100,5,lkh-wrapper-v2,950.4949708081105,0.008389,True,ortools-gls,795.98205,5.001226,True,154.512921,19.411609
uniform,n100_m5_r01.txt,data\mtsp\generated\n100_m5_r01.txt,100,5,lkh-wrapper-v3,955.9991601023225,0.004321,True,ortools-gls,795.98205,5.001226,True,160.01711,20.103105
uniform,n100_m5_r02.txt,data\mtsp\generated\n100_m5_r02.txt,100,5,rand+nn,2187.131933445667,0.000979,True,ortools-gls,839.697049,5.001059,True,1347.434884,160.466788
uniform,n100_m5_r02.txt,data\mtsp\generated\n100_m5_r02.txt,100,5,2opt+greed,1332.4177305103178,0.000557,True,ortools-gls,839.697049,5.001059,True,492.720682,58.678387
uniform,n100_m5_r02.txt,data\mtsp\generated\n100_m5_r02.txt,100,5,grasp,1097.1088300164374,0.674304,True,ortools-gls,839.697049,5.001059,True,257.411781,30.655316
uniform,n100_m5_r02.txt,data\mtsp\generated\n100_m5_r02.txt,100,5,lkh-wrapper,1113.6645598778748,0.013391,True,ortools-gls,839.697049,5.001059,True,273.967511,32.626947
uniform,n100_m5_r02.txt,data\mtsp\generated\n100_m5_r02.txt,100,5,lkh-wrapper-v1,1113.6645598778748,0.013043,True,ortools-gls,839.697049,5.001059,True,273.967511,32.626947
uniform,n100_m5_r02.txt,data\mtsp\generated\n100_m5_r02.txt,100,5,lkh-wrapper-v2,1070.4939595913265,0.008336,True,ortools-gls,839.697049,5.001059,True,230.796911,27.485736
uniform,n100_m5_r02.txt,data\mtsp\generated\n100_m5_r02.txt,100,5,lkh-wrapper-v3,1072.2092646905546,0.006945,True,ortools-gls,839.697049,5.001059,True,232.512216,27.690012
uniform,n100_m5_r03.txt,data\mtsp\generated\n100_m5_r03.txt,100,5,rand+nn,2065.5602283224316,0.0005,True,ortools-gls,816.160933,5.004235,True,1249.399295,153.082467
uniform,n100_m5_r03.txt,data\mtsp\generated\n100_m5_r03.txt,100,5,2opt+greed,1300.9065962105628,0.000832,True,ortools-gls,816.160933,5.004235,True,484.745663,59.393392
uniform,n100_m5_r03.txt,data\mtsp\generated\n100_m5_r03.txt,100,5,grasp,1087.4890630245338,0.751705,True,ortools-gls,816.160933,5.004235,True,271.32813,33.24444
uniform,n100_m5_r03.txt,data\mtsp\generated\n100_m5_r03.txt,100,5,lkh-wrapper,1097.8141314926029,0.015826,True,ortools-gls,816.160933,5.004235,True,281.653198,34.509517
uniform,n100_m5_r03.txt,data\mtsp\generated\n100_m5_r03.txt,100,5,lkh-wrapper-v1,1097.8141314926029,0.015784,True,ortools-gls,816.160933,5.004235,True,281.653198,34.509517
uniform,n100_m5_r03.txt,data\mtsp\generated\n100_m5_r03.txt,100,5,lkh-wrapper-v2,943.25048788474,0.006848,True,ortools-gls,816.160933,5.004235,True,127.089555,15.571629
uniform,n100_m5_r03.txt,data\mtsp\generated\n100_m5_r03.txt,100,5,lkh-wrapper-v3,1003.0061924704399,0.005994,True,ortools-gls,816.160933,5.004235,True,186.845259,22.893188
uniform,n100_m5_r04.txt,data\mtsp\generated\n100_m5_r04.txt,100,5,rand+nn,2259.909216516844,0.000505,True,ortools-gls,806.112506,5.000687,True,1453.796711,180.346627
uniform,n100_m5_r04.txt,data\mtsp\generated\n100_m5_r04.txt,100,5,2opt+greed,1592.1299656816057,0.000557,True,ortools-gls,806.112506,5.000687,True,786.01746,97.507166
uniform,n100_m5_r04.txt,data\mtsp\generated\n100_m5_r04.txt,100,5,grasp,1045.9981774686396,0.703876,True,ortools-gls,806.112506,5.000687,True,239.885671,29.758336
uniform,n100_m5_r04.txt,data\mtsp\generated\n100_m5_r04.txt,100,5,lkh-wrapper,1253.1721752978697,0.020209,True,ortools-gls,806.112506,5.000687,True,447.059669,55.458719
uniform,n100_m5_r04.txt,data\mtsp\generated\n100_m5_r04.txt,100,5,lkh-wrapper-v1,1253.1721752978697,0.020547,True,ortools-gls,806.112506,5.000687,True,447.059669,55.458719
uniform,n100_m5_r04.txt,data\mtsp\generated\n100_m5_r04.txt,100,5,lkh-wrapper-v2,970.2976443271149,0.009551,True,ortools-gls,806.112506,5.000687,True,164.185138,20.367522
uniform,n100_m5_r04.txt,data\mtsp\generated\n100_m5_r04.txt,100,5,lkh-wrapper-v3,962.2890847492638,0.00536,True,ortools-gls,806.112506,5.000687,True,156.176579,19.374042
uniform,n100_m5_r05.txt,data\mtsp\generated\n100_m5_r05.txt,100,5,rand+nn,2117.9448840738105,0.000477,True,ortools-gls,791.160334,4.999905,True,1326.78455,167.701096
uniform,n100_m5_r05.txt,data\mtsp\generated\n100_m5_r05.txt,100,5,2opt+greed,1417.4276915716807,0.000523,True,ortools-gls,791.160334,4.999905,True,626.267358,79.158084
uniform,n100_m5_r05.txt,data\mtsp\generated\n100_m5_r05.txt,100,5,grasp,994.413276752658,0.704053,True,ortools-gls,791.160334,4.999905,True,203.252943,25.690487
uniform,n100_m5_r05.txt,data\mtsp\generated\n100_m5_r05.txt,100,5,lkh-wrapper,1273.6509946301815,0.040262,True,ortools-gls,791.160334,4.999905,True,482.490661,60.985194
uniform,n100_m5_r05.txt,data\mtsp\generated\n100_m5_r05.txt,100,5,lkh-wrapper-v1,1273.6509946301815,0.037602,True,ortools-gls,791.160334,4.999905,True,482.490661,60.985194
uniform,n100_m5_r05.txt,data\mtsp\generated\n100_m5_r05.txt,100,5,lkh-wrapper-v2,914.0764555303356,0.011751,True,ortools-gls,791.160334,4.999905,True,122.916122,15.536184
uniform,n100_m5_r05.txt,data\mtsp\generated\n100_m5_r05.txt,100,5,lkh-wrapper-v3,916.8095714662031,0.01072,True,ortools-gls,791.160334,4.999905,True,125.649237,15.88164
uniform,n100_m5_r06.txt,data\mtsp\generated\n100_m5_r06.txt,100,5,rand+nn,2191.8373184313036,0.000513,True,ortools-gls,811.76969,5.000651,True,1380.067628,170.007287
uniform,n100_m5_r06.txt,data\mtsp\generated\n100_m5_r06.txt,100,5,2opt+greed,1225.4352055171082,0.00057,True,ortools-gls,811.76969,5.000651,True,413.665516,50.958483
uniform,n100_m5_r06.txt,data\mtsp\generated\n100_m5_r06.txt,100,5,grasp,1007.2023900758979,0.756884,True,ortools-gls,811.76969,5.000651,True,195.4327,24.074895
uniform,n100_m5_r06.txt,data\mtsp\generated\n100_m5_r06.txt,100,5,lkh-wrapper,1196.4887127636825,0.010026,True,ortools-gls,811.76969,5.000651,True,384.719023,47.392632
uniform,n100_m5_r06.txt,data\mtsp\generated\n100_m5_r06.txt,100,5,lkh-wrapper-v1,1196.4887127636825,0.007771,True,ortools-gls,811.76969,5.000651,True,384.719023,47.392632
uniform,n100_m5_r06.txt,data\mtsp\generated\n100_m5_r06.txt,100,5,lkh-wrapper-v2,1002.1108899223323,0.013117,True,ortools-gls,811.76969,5.000651,True,190.3412,23.447685
uniform,n100_m5_r06.txt,data\mtsp\generated\n100_m5_r06.txt,100,5,lkh-wrapper-v3,1002.1108899223323,0.004583,True,ortools-gls,811.76969,5.000651,True,190.3412,23.447685
uniform,n100_m5_r07.txt,data\mtsp\generated\n100_m5_r07.txt,100,5,rand+nn,2264.5362896764354,0.000464,True,ortools-gls,802.861462,4.999875,True,1461.674828,182.058163
uniform,n100_m5_r07.txt,data\mtsp\generated\n100_m5_r07.txt,100,5,2opt+greed,1427.0824049839468,0.000608,True,ortools-gls,802.861462,4.999875,True,624.220943,77.749521
uniform,n100_m5_r07.txt,data\mtsp\generated\n100_m5_r07.txt,100,5,grasp,1007.7919757062323,0.768109,True,ortools-gls,802.861462,4.999875,True,204.930514,25.525016
uniform,n100_m5_r07.txt,data\mtsp\generated\n100_m5_r07.txt,100,5,lkh-wrapper,1245.904006468376,0.018649,True,ortools-gls,802.861462,4.999875,True,443.042544,55.182938
uniform,n100_m5_r07.txt,data\mtsp\generated\n100_m5_r07.txt,100,5,lkh-wrapper-v1,1245.904006468376,0.01789,True,ortools-gls,802.861462,4.999875,True,443.042544,55.182938
uniform,n100_m5_r07.txt,data\mtsp\generated\n100_m5_r07.txt,100,5,lkh-wrapper-v2,977.284106068674,0.026098,True,ortools-gls,802.861462,4.999875,True,174.422644,21.725123
uniform,n100_m5_r07.txt,data\mtsp\generated\n100_m5_r07.txt,100,5,lkh-wrapper-v3,928.0097206969803,0.006522,True,ortools-gls,802.861462,4.999875,True,125.148259,15.587778
uniform,n100_m5_r08.txt,data\mtsp\generated\n100_m5_r08.txt,100,5,rand+nn,2104.8096813711977,0.000771,True,ortools-gls,757.097381,5.00114,True,1347.7123,178.01043
uniform,n100_m5_r08.txt,data\mtsp\generated\n100_m5_r08.txt,100,5,2opt+greed,1235.3823863227844,0.000558,True,ortools-gls,757.097381,5.00114,True,478.285005,63.173512
uniform,n100_m5_r08.txt,data\mtsp\generated\n100_m5_r08.txt,100,5,grasp,977.7410398409522,0.685449,True,ortools-gls,757.097381,5.00114,True,220.643659,29.143366
uniform,n100_m5_r08.txt,data\mtsp\generated\n100_m5_r08.txt,100,5,lkh-wrapper,1120.8384432426813,0.012625,True,ortools-gls,757.097381,5.00114,True,363.741062,48.044158
uniform,n100_m5_r08.txt,data\mtsp\generated\n100_m5_r08.txt,100,5,lkh-wrapper-v1,1120.8384432426813,0.013144,True,ortools-gls,757.097381,5.00114,True,363.741062,48.044158
uniform,n100_m5_r08.txt,data\mtsp\generated\n100_m5_r08.txt,100,5,lkh-wrapper-v2,992.7237548683918,0.009343,True,ortools-gls,757.097381,5.00114,True,235.626374,31.122334
uniform,n100_m5_r08.txt,data\mtsp\generated\n100_m5_r08.txt,100,5,lkh-wrapper-v3,960.117206956291,0.006966,True,ortools-gls,757.097381,5.00114,True,203.019826,26.81555
uniform,n100_m5_r09.txt,data\mtsp\generated\n100_m5_r09.txt,100,5,rand+nn,2197.234639858463,0.000453,True,ortools-gls,834.085259,5.000396,True,1363.149381,163.430461
uniform,n100_m5_r09.txt,data\mtsp\generated\n100_m5_r09.txt,100,5,2opt+greed,1566.8438900044548,0.000551,True,ortools-gls,834.085259,5.000396,True,732.758631,87.851766
uniform,n100_m5_r09.txt,data\mtsp\generated\n100_m5_r09.txt,100,5,grasp,1037.1702379512963,0.667898,True,ortools-gls,834.085259,5.000396,True,203.084979,24.348228
uniform,n100_m5_r09.txt,data\mtsp\generated\n100_m5_r09.txt,100,5,lkh-wrapper,1313.968196459189,0.024272,True,ortools-gls,834.085259,5.000396,True,479.882937,57.534039
uniform,n100_m5_r09.txt,data\mtsp\generated\n100_m5_r09.txt,100,5,lkh-wrapper-v1,1313.968196459189,0.022354,True,ortools-gls,834.085259,5.000396,True,479.882937,57.534039
uniform,n100_m5_r09.txt,data\mtsp\generated\n100_m5_r09.txt,100,5,lkh-wrapper-v2,1001.7659215232939,0.006895,True,ortools-gls,834.085259,5.000396,True,167.680663,20.10354
uniform,n100_m5_r09.txt,data\mtsp\generated\n100_m5_r09.txt,100,5,lkh-wrapper-v3,973.1498136702355,0.005204,True,ortools-gls,834.085259,5.000396,True,139.064555,16.672703
uniform,n100_m5_r10.txt,data\mtsp\generated\n100_m5_r10.txt,100,5,rand+nn,2264.4394885545476,0.000484,True,ortools-gls,800.290013,5.0011,True,1464.149476,182.952361
uniform,n100_m5_r10.txt,data\mtsp\generated\n100_m5_r10.txt,100,5,2opt+greed,1321.2433959036034,0.000508,True,ortools-gls,800.290013,5.0011,True,520.953383,65.095575
uniform,n100_m5_r10.txt,data\mtsp\generated\n100_m5_r10.txt,100,5,grasp,1071.1003164510205,0.701637,True,ortools-gls,800.290013,5.0011,True,270.810303,33.839021
uniform,n100_m5_r10.txt,data\mtsp\generated\n100_m5_r10.txt,100,5,lkh-wrapper,1111.412703977488,0.016813,True,ortools-gls,800.290013,5.0011,True,311.122691,38.876243
uniform,n100_m5_r10.txt,data\mtsp\generated\n100_m5_r10.txt,100,5,lkh-wrapper-v1,1111.412703977488,0.014378,True,ortools-gls,800.290013,5.0011,True,311.122691,38.876243
uniform,n100_m5_r10.txt,data\mtsp\generated\n100_m5_r10.txt,100,5,lkh-wrapper-v2,976.7407480157473,0.014905,True,ortools-gls,800.290013,5.0011,True,176.450735,22.048349
uniform,n100_m5_r10.txt,data\mtsp\generated\n100_m5_r10.txt,100,5,lkh-wrapper-v3,976.7407480157473,0.006415,True,ortools-gls,800.290013,5.0011,True,176.450735,22.048349
uniform,n200_m2_r01.txt,data\mtsp\generated\n200_m2_r01.txt,200,2,rand+nn,1831.733847279142,0.001133,True,ortools-gls,1089.527381,5.000052,True,742.206466,68.121874
uniform,n200_m2_r01.txt,data\mtsp\generated\n200_m2_r01.txt,200,2,2opt+greed,1317.044629766514,0.001454,True,ortools-gls,1089.527381,5.000052,True,227.517249,20.882197
uniform,n200_m2_r01.txt,data\mtsp\generated\n200_m2_r01.txt,200,2,grasp,1213.1500195026865,2.130088,True,ortools-gls,1089.527381,5.000052,True,123.622639,11.346446
uniform,n200_m2_r01.txt,data\mtsp\generated\n200_m2_r01.txt,200,2,lkh-wrapper,1231.0616075411617,0.119049,True,ortools-gls,1089.527381,5.000052,True,141.534227,12.990424
uniform,n200_m2_r01.txt,data\mtsp\generated\n200_m2_r01.txt,200,2,lkh-wrapper-v1,1231.0616075411617,0.11369,True,ortools-gls,1089.527381,5.000052,True,141.534227,12.990424
uniform,n200_m2_r01.txt,data\mtsp\generated\n200_m2_r01.txt,200,2,lkh-wrapper-v2,1186.91694094279,0.096272,True,ortools-gls,1089.527381,5.000052,True,97.38956,8.938698
uniform,n200_m2_r01.txt,data\mtsp\generated\n200_m2_r01.txt,200,2,lkh-wrapper-v3,1198.070402419719,0.048662,True,ortools-gls,1089.527381,5.000052,True,108.543021,9.962395
uniform,n200_m2_r02.txt,data\mtsp\generated\n200_m2_r02.txt,200,2,rand+nn,1781.845114177317,0.000959,True,ortools-gls,1134.75161,5.001933,True,647.093504,57.025123
uniform,n200_m2_r02.txt,data\mtsp\generated\n200_m2_r02.txt,200,2,2opt+greed,1328.4860674430706,0.001574,True,ortools-gls,1134.75161,5.001933,True,193.734457,17.072851
uniform,n200_m2_r02.txt,data\mtsp\generated\n200_m2_r02.txt,200,2,grasp,1236.2737464184113,2.196117,True,ortools-gls,1134.75161,5.001933,True,101.522136,8.94664
uniform,n200_m2_r02.txt,data\mtsp\generated\n200_m2_r02.txt,200,2,lkh-wrapper,1237.757432201647,0.101386,True,ortools-gls,1134.75161,5.001933,True,103.005822,9.077389
uniform,n200_m2_r02.txt,data\mtsp\generated\n200_m2_r02.txt,200,2,lkh-wrapper-v1,1237.757432201647,0.102009,True,ortools-gls,1134.75161,5.001933,True,103.005822,9.077389
uniform,n200_m2_r02.txt,data\mtsp\generated\n200_m2_r02.txt,200,2,lkh-wrapper-v2,1160.7760957455387,0.039586,True,ortools-gls,1134.75161,5.001933,True,26.024486,2.293408
uniform,n200_m2_r02.txt,data\mtsp\generated\n200_m2_r02.txt,200,2,lkh-wrapper-v3,1212.3276251348948,0.074928,True,ortools-gls,1134.75161,5.001933,True,77.576015,6.836387
uniform,n200_m2_r03.txt,data\mtsp\generated\n200_m2_r03.txt,200,2,rand+nn,1900.0195402735767,0.001104,True,ortools-gls,1109.650678,5.000327,True,790.368862,71.226817
uniform,n200_m2_r03.txt,data\mtsp\generated\n200_m2_r03.txt,200,2,2opt+greed,1259.0429563756647,0.001512,True,ortools-gls,1109.650678,5.000327,True,149.392278,13.463001
uniform,n200_m2_r03.txt,data\mtsp\generated\n200_m2_r03.txt,200,2,grasp,1241.5092088338815,2.245461,True,ortools-gls,1109.650678,5.000327,True,131.858531,11.882887
uniform,n200_m2_r03.txt,data\mtsp\generated\n200_m2_r03.txt,200,2,lkh-wrapper,1206.1171616064453,0.094527,True,ortools-gls,1109.650678,5.000327,True,96.466484,8.69341
uniform,n200_m2_r03.txt,data\mtsp\generated\n200_m2_r03.txt,200,2,lkh-wrapper-v1,1206.1171616064453,0.092116,True,ortools-gls,1109.650678,5.000327,True,96.466484,8.69341
uniform,n200_m2_r03.txt,data\mtsp\generated\n200_m2_r03.txt,200,2,lkh-wrapper-v2,1183.782323672765,0.020651,True,ortools-gls,1109.650678,5.000327,True,74.131646,6.680629
uniform,n200_m2_r03.txt,data\mtsp\generated\n200_m2_r03.txt,200,2,lkh-wrapper-v3,1201.5390030013568,0.014337,True,ortools-gls,1109.650678,5.000327,True,91.888325,8.280833
uniform,n200_m2_r04.txt,data\mtsp\generated\n200_m2_r04.txt,200,2,rand+nn,1880.5246021634034,0.000954,True,ortools-gls,1129.640246,4.999999,True,750.884356,66.471105
uniform,n200_m2_r04.txt,data\mtsp\generated\n200_m2_r04.txt,200,2,2opt+greed,1191.9064157003277,0.002034,True,ortools-gls,1129.640246,4.999999,True,62.26617,5.512035
uniform,n200_m2_r04.txt,data\mtsp\generated\n200_m2_r04.txt,200,2,grasp,1212.7240397452933,2.395081,True,ortools-gls,1129.640246,4.999999,True,83.083794,7.35489
uniform,n200_m2_r04.txt,data\mtsp\generated\n200_m2_r04.txt,200,2,lkh-wrapper,1113.582617011457,0.055066,True,ortools-gls,1129.640246,4.999999,True,-16.057629,-1.421482
uniform,n200_m2_r04.txt,data\mtsp\generated\n200_m2_r04.txt,200,2,lkh-wrapper-v1,1113.582617011457,0.05696,True,ortools-gls,1129.640246,4.999999,True,-16.057629,-1.421482
uniform,n200_m2_r04.txt,data\mtsp\generated\n200_m2_r04.txt,200,2,lkh-wrapper-v2,1146.5373436708187,0.06174,True,ortools-gls,1129.640246,4.999999,True,16.897098,1.495795
uniform,n200_m2_r04.txt,data\mtsp\generated\n200_m2_r04.txt,200,2,lkh-wrapper-v3,1154.2314262600878,0.027069,True,ortools-gls,1129.640246,4.999999,True,24.59118,2.176904
uniform,n200_m2_r05.txt,data\mtsp\generated\n200_m2_r05.txt,200,2,rand+nn,1898.3782489744935,0.001003,True,ortools-gls,1177.771774,5.001378,True,720.606475,61.183881
uniform,n200_m2_r05.txt,data\mtsp\generated\n200_m2_r05.txt,200,2,2opt+greed,1315.2665466109452,0.001491,True,ortools-gls,1177.771774,5.001378,True,137.494773,11.674144
uniform,n200_m2_r05.txt,data\mtsp\generated\n200_m2_r05.txt,200,2,grasp,1256.291653833635,2.180158,True,ortools-gls,1177.771774,5.001378,True,78.51988,6.666816
uniform,n200_m2_r05.txt,data\mtsp\generated\n200_m2_r05.txt,200,2,lkh-wrapper,1256.3392978031325,0.070453,True,ortools-gls,1177.771774,5.001378,True,78.567524,6.670862
uniform,n200_m2_r05.txt,data\mtsp\generated\n200_m2_r05.txt,200,2,lkh-wrapper-v1,1256.3392978031325,0.071372,True,ortools-gls,1177.771774,5.001378,True,78.567524,6.670862
uniform,n200_m2_r05.txt,data\mtsp\generated\n200_m2_r05.txt,200,2,lkh-wrapper-v2,1225.1065646252569,0.052795,True,ortools-gls,1177.771774,5.001378,True,47.334791,4.019012
uniform,n200_m2_r05.txt,data\mtsp\generated\n200_m2_r05.txt,200,2,lkh-wrapper-v3,1234.461875868355,0.032053,True,ortools-gls,1177.771774,5.001378,True,56.690102,4.813335
uniform,n200_m2_r06.txt,data\mtsp\generated\n200_m2_r06.txt,200,2,rand+nn,1820.5188169008193,0.001137,True,ortools-gls,1138.35878,5.001313,True,682.160037,59.924872
uniform,n200_m2_r06.txt,data\mtsp\generated\n200_m2_r06.txt,200,2,2opt+greed,1230.813435331101,0.001551,True,ortools-gls,1138.35878,5.001313,True,92.454655,8.12175
uniform,n200_m2_r06.txt,data\mtsp\generated\n200_m2_r06.txt,200,2,grasp,1209.8292668066479,2.167832,True,ortools-gls,1138.35878,5.001313,True,71.470487,6.27838
uniform,n200_m2_r06.txt,data\mtsp\generated\n200_m2_r06.txt,200,2,lkh-wrapper,1174.2498805146502,0.091014,True,ortools-gls,1138.35878,5.001313,True,35.891101,3.152881
uniform,n200_m2_r06.txt,data\mtsp\generated\n200_m2_r06.txt,200,2,lkh-wrapper-v1,1174.2498805146502,0.089149,True,ortools-gls,1138.35878,5.001313,True,35.891101,3.152881
uniform,n200_m2_r06.txt,data\mtsp\generated\n200_m2_r06.txt,200,2,lkh-wrapper-v2,1124.674868243107,0.078802,True,ortools-gls,1138.35878,5.001313,True,-13.683912,-1.202074
uniform,n200_m2_r06.txt,data\mtsp\generated\n200_m2_r06.txt,200,2,lkh-wrapper-v3,1141.3243356219095,0.044745,True,ortools-gls,1138.35878,5.001313,True,2.965556,0.260512
uniform,n200_m2_r07.txt,data\mtsp\generated\n200_m2_r07.txt,200,2,rand+nn,2041.8492243125934,0.001303,True,ortools-gls,1174.154763,5.002344,True,867.694461,73.899497
uniform,n200_m2_r07.txt,data\mtsp\generated\n200_m2_r07.txt,200,2,2opt+greed,1371.0308913726253,0.001742,True,ortools-gls,1174.154763,5.002344,True,196.876128,16.767477
uniform,n200_m2_r07.txt,data\mtsp\generated\n200_m2_r07.txt,200,2,grasp,1220.3418907206621,2.291936,True,ortools-gls,1174.154763,5.002344,True,46.187128,3.933649
uniform,n200_m2_r07.txt,data\mtsp\generated\n200_m2_r07.txt,200,2,lkh-wrapper,1276.1167642366759,0.091825,True,ortools-gls,1174.154763,5.002344,True,101.962001,8.683864
uniform,n200_m2_r07.txt,data\mtsp\generated\n200_m2_r07.txt,200,2,lkh-wrapper-v1,1276.1167642366759,0.086371,True,ortools-gls,1174.154763,5.002344,True,101.962001,8.683864
uniform,n200_m2_r07.txt,data\mtsp\generated\n200_m2_r07.txt,200,2,lkh-wrapper-v2,1218.1051390554194,0.082843,True,ortools-gls,1174.154763,5.002344,True,43.950376,3.74315
uniform,n200_m2_r07.txt,data\mtsp\generated\n200_m2_r07.txt,200,2,lkh-wrapper-v3,1200.009439240617,0.052512,True,ortools-gls,1174.154763,5.002344,True,25.854676,2.201982
uniform,n200_m2_r08.txt,data\mtsp\generated\n200_m2_r08.txt,200,2,rand+nn,1886.2459105204582,0.001035,True,ortools-gls,1128.625585,5.001665,True,757.620326,67.127694
uniform,n200_m2_r08.txt,data\mtsp\generated\n200_m2_r08.txt,200,2,2opt+greed,1286.202004625679,0.001424,True,ortools-gls,1128.625585,5.001665,True,157.57642,13.961798
uniform,n200_m2_r08.txt,data\mtsp\generated\n200_m2_r08.txt,200,2,grasp,1172.2109592118763,2.35871,True,ortools-gls,1128.625585,5.001665,True,43.585374,3.86181
uniform,n200_m2_r08.txt,data\mtsp\generated\n200_m2_r08.txt,200,2,lkh-wrapper,1198.9493304738749,0.09346,True,ortools-gls,1128.625585,5.001665,True,70.323745,6.230919
uniform,n200_m2_r08.txt,data\mtsp\generated\n200_m2_r08.txt,200,2,lkh-wrapper-v1,1198.9493304738749,0.097601,True,ortools-gls,1128.625585,5.001665,True,70.323745,6.230919
uniform,n200_m2_r08.txt,data\mtsp\generated\n200_m2_r08.txt,200,2,lkh-wrapper-v2,1196.1654170031736,0.053017,True,ortools-gls,1128.625585,5.001665,True,67.539832,5.984255
uniform,n200_m2_r08.txt,data\mtsp\generated\n200_m2_r08.txt,200,2,lkh-wrapper-v3,1123.005759198163,0.069026,True,ortools-gls,1128.625585,5.001665,True,-5.619826,-0.497935
uniform,n200_m2_r09.txt,data\mtsp\generated\n200_m2_r09.txt,200,2,rand+nn,1897.240085161091,0.001134,True,ortools-gls,1164.675834,5.00025,True,732.564251,62.898553
uniform,n200_m2_r09.txt,data\mtsp\generated\n200_m2_r09.txt,200,2,2opt+greed,1501.6074195634192,0.001959,True,ortools-gls,1164.675834,5.00025,True,336.931586,28.929216
uniform,n200_m2_r09.txt,data\mtsp\generated\n200_m2_r09.txt,200,2,grasp,1277.359338979697,2.237927,True,ortools-gls,1164.675834,5.00025,True,112.683505,9.675096
uniform,n200_m2_r09.txt,data\mtsp\generated\n200_m2_r09.txt,200,2,lkh-wrapper,1268.654079905485,0.149353,True,ortools-gls,1164.675834,5.00025,True,103.978246,8.927655
uniform,n200_m2_r09.txt,data\mtsp\generated\n200_m2_r09.txt,200,2,lkh-wrapper-v1,1268.654079905485,0.145485,True,ortools-gls,1164.675834,5.00025,True,103.978246,8.927655
uniform,n200_m2_r09.txt,data\mtsp\generated\n200_m2_r09.txt,200,2,lkh-wrapper-v2,1205.0583169817428,0.063255,True,ortools-gls,1164.675834,5.00025,True,40.382483,3.467272
uniform,n200_m2_r09.txt,data\mtsp\generated\n200_m2_r09.txt,200,2,lkh-wrapper-v3,1244.1740263173242,0.014036,True,ortools-gls,1164.675834,5.00025,True,79.498192,6.825778
uniform,n200_m2_r10.txt,data\mtsp\generated\n200_m2_r10.txt,200,2,rand+nn,1892.4062291328855,0.001114,True,ortools-gls,1113.781786,5.000294,True,778.624443,69.908168
uniform,n200_m2_r10.txt,data\mtsp\generated\n200_m2_r10.txt,200,2,2opt+greed,1252.9742686589739,0.001504,True,ortools-gls,1113.781786,5.000294,True,139.192483,12.497285
uniform,n200_m2_r10.txt,data\mtsp\generated\n200_m2_r10.txt,200,2,grasp,1219.095840789778,2.266554,True,ortools-gls,1113.781786,5.000294,True,105.314055,9.455538
uniform,n200_m2_r10.txt,data\mtsp\generated\n200_m2_r10.txt,200,2,lkh-wrapper,1164.5521927676887,0.065899,True,ortools-gls,1113.781786,5.000294,True,50.770407,4.55838
uniform,n200_m2_r10.txt,data\mtsp\generated\n200_m2_r10.txt,200,2,lkh-wrapper-v1,1164.5521927676887,0.066676,True,ortools-gls,1113.781786,5.000294,True,50.770407,4.55838
uniform,n200_m2_r10.txt,data\mtsp\generated\n200_m2_r10.txt,200,2,lkh-wrapper-v2,1198.529521045315,0.058108,True,ortools-gls,1113.781786,5.000294,True,84.747735,7.609007
uniform,n200_m2_r10.txt,data\mtsp\generated\n200_m2_r10.txt,200,2,lkh-wrapper-v3,1249.3559597147055,0.050693,True,ortools-gls,1113.781786,5.000294,True,135.574174,12.172418
uniform,n200_m3_r01.txt,data\mtsp\generated\n200_m3_r01.txt,200,3,rand+nn,2439.123423969816,0.00107,True,ortools-gls,1104.153108,5.000478,True,1334.970316,120.904457
uniform,n200_m3_r01.txt,data\mtsp\generated\n200_m3_r01.txt,200,3,2opt+greed,1467.214671037312,0.001339,True,ortools-gls,1104.153108,5.000478,True,363.061563,32.881451
uniform,n200_m3_r01.txt,data\mtsp\generated\n200_m3_r01.txt,200,3,grasp,1278.124656397992,3.382658,True,ortools-gls,1104.153108,5.000478,True,173.971548,15.756107
uniform,n200_m3_r01.txt,data\mtsp\generated\n200_m3_r01.txt,200,3,lkh-wrapper,1348.5461409685345,0.083303,True,ortools-gls,1104.153108,5.000478,True,244.393033,22.13398
uniform,n200_m3_r01.txt,data\mtsp\generated\n200_m3_r01.txt,200,3,lkh-wrapper-v1,1348.5461409685345,0.079766,True,ortools-gls,1104.153108,5.000478,True,244.393033,22.13398
uniform,n200_m3_r01.txt,data\mtsp\generated\n200_m3_r01.txt,200,3,lkh-wrapper-v2,1158.4059169349564,0.077324,True,ortools-gls,1104.153108,5.000478,True,54.252809,4.913522
uniform,n200_m3_r01.txt,data\mtsp\generated\n200_m3_r01.txt,200,3,lkh-wrapper-v3,1185.2949211827429,0.01322,True,ortools-gls,1104.153108,5.000478,True,81.141813,7.348783
uniform,n200_m3_r02.txt,data\mtsp\generated\n200_m3_r02.txt,200,3,rand+nn,2458.127870298383,0.001517,True,ortools-gls,1166.345448,5.000103,True,1291.782422,110.754702
uniform,n200_m3_r02.txt,data\mtsp\generated\n200_m3_r02.txt,200,3,2opt+greed,1665.2288682393605,0.001405,True,ortools-gls,1166.345448,5.000103,True,498.88342,42.773213
uniform,n200_m3_r02.txt,data\mtsp\generated\n200_m3_r02.txt,200,3,grasp,1344.4261226514288,3.54092,True,ortools-gls,1166.345448,5.000103,True,178.080675,15.268262
uniform,n200_m3_r02.txt,data\mtsp\generated\n200_m3_r02.txt,200,3,lkh-wrapper,1389.5556060747576,0.115731,True,ortools-gls,1166.345448,5.000103,True,223.210158,19.137568
uniform,n200_m3_r02.txt,data\mtsp\generated\n200_m3_r02.txt,200,3,lkh-wrapper-v1,1389.5556060747576,0.121433,True,ortools-gls,1166.345448,5.000103,True,223.210158,19.137568
uniform,n200_m3_r02.txt,data\mtsp\generated\n200_m3_r02.txt,200,3,lkh-wrapper-v2,1203.4982059179392,0.045189,True,ortools-gls,1166.345448,5.000103,True,37.152758,3.185399
uniform,n200_m3_r02.txt,data\mtsp\generated\n200_m3_r02.txt,200,3,lkh-wrapper-v3,1178.5925411440157,0.012826,True,ortools-gls,1166.345448,5.000103,True,12.247093,1.05004
uniform,n200_m3_r03.txt,data\mtsp\generated\n200_m3_r03.txt,200,3,rand+nn,2529.353103158238,0.000993,True,ortools-gls,1117.749852,5.000038,True,1411.603251,126.289728
uniform,n200_m3_r03.txt,data\mtsp\generated\n200_m3_r03.txt,200,3,2opt+greed,1434.6169529202962,0.001598,True,ortools-gls,1117.749852,5.000038,True,316.867101,28.34866
uniform,n200_m3_r03.txt,data\mtsp\generated\n200_m3_r03.txt,200,3,grasp,1304.9252290432598,3.46396,True,ortools-gls,1117.749852,5.000038,True,187.175377,16.74573
uniform,n200_m3_r03.txt,data\mtsp\generated\n200_m3_r03.txt,200,3,lkh-wrapper,1313.970858328237,0.117544,True,ortools-gls,1117.749852,5.000038,True,196.221006,17.555002
uniform,n200_m3_r03.txt,data\mtsp\generated\n200_m3_r03.txt,200,3,lkh-wrapper-v1,1313.970858328237,0.11899,True,ortools-gls,1117.749852,5.000038,True,196.221006,17.555002
uniform,n200_m3_r03.txt,data\mtsp\generated\n200_m3_r03.txt,200,3,lkh-wrapper-v2,1192.039948420943,0.055991,True,ortools-gls,1117.749852,5.000038,True,74.290096,6.646397
uniform,n200_m3_r03.txt,data\mtsp\generated\n200_m3_r03.txt,200,3,lkh-wrapper-v3,1200.098417901816,0.020907,True,ortools-gls,1117.749852,5.000038,True,82.348566,7.367352
uniform,n200_m3_r04.txt,data\mtsp\generated\n200_m3_r04.txt,200,3,rand+nn,2300.448169490492,0.001686,True,ortools-gls,1100.437815,5.001371,True,1200.010354,109.048448
uniform,n200_m3_r04.txt,data\mtsp\generated\n200_m3_r04.txt,200,3,2opt+greed,1393.6894540011529,0.001252,True,ortools-gls,1100.437815,5.001371,True,293.251639,26.648633
uniform,n200_m3_r04.txt,data\mtsp\generated\n200_m3_r04.txt,200,3,grasp,1300.4303725157658,3.767227,True,ortools-gls,1100.437815,5.001371,True,199.992558,18.173908
uniform,n200_m3_r04.txt,data\mtsp\generated\n200_m3_r04.txt,200,3,lkh-wrapper,1281.662252539341,0.066978,True,ortools-gls,1100.437815,5.001371,True,181.224438,16.468394
uniform,n200_m3_r04.txt,data\mtsp\generated\n200_m3_r04.txt,200,3,lkh-wrapper-v1,1281.662252539341,0.064796,True,ortools-gls,1100.437815,5.001371,True,181.224438,16.468394
uniform,n200_m3_r04.txt,data\mtsp\generated\n200_m3_r04.txt,200,3,lkh-wrapper-v2,1264.5101662648499,0.065099,True,ortools-gls,1100.437815,5.001371,True,164.072351,14.909734
uniform,n200_m3_r04.txt,data\mtsp\generated\n200_m3_r04.txt,200,3,lkh-wrapper-v3,1231.2123820769948,0.071154,True,ortools-gls,1100.437815,5.001371,True,130.774567,11.883867
uniform,n200_m3_r05.txt,data\mtsp\generated\n200_m3_r05.txt,200,3,rand+nn,2464.8313592838413,0.001078,True,ortools-gls,1153.99046,5.001161,True,1310.840899,113.592005
uniform,n200_m3_r05.txt,data\mtsp\generated\n200_m3_r05.txt,200,3,2opt+greed,1398.4244893191037,0.00186,True,ortools-gls,1153.99046,5.001161,True,244.434029,21.181633
uniform,n200_m3_r05.txt,data\mtsp\generated\n200_m3_r05.txt,200,3,grasp,1327.2596277375744,3.291904,True,ortools-gls,1153.99046,5.001161,True,173.269168,15.014783
uniform,n200_m3_r05.txt,data\mtsp\generated\n200_m3_r05.txt,200,3,lkh-wrapper,1262.5011929659568,0.072536,True,ortools-gls,1153.99046,5.001161,True,108.510733,9.403088
uniform,n200_m3_r05.txt,data\mtsp\generated\n200_m3_r05.txt,200,3,lkh-wrapper-v1,1262.5011929659568,0.064135,True,ortools-gls,1153.99046,5.001161,True,108.510733,9.403088
uniform,n200_m3_r05.txt,data\mtsp\generated\n200_m3_r05.txt,200,3,lkh-wrapper-v2,1253.0742608733735,0.04609,True,ortools-gls,1153.99046,5.001161,True,99.083801,8.586189
uniform,n200_m3_r05.txt,data\mtsp\generated\n200_m3_r05.txt,200,3,lkh-wrapper-v3,1296.0368245862392,0.021971,True,ortools-gls,1153.99046,5.001161,True,142.046365,12.309146
uniform,n200_m3_r06.txt,data\mtsp\generated\n200_m3_r06.txt,200,3,rand+nn,2359.933068847284,0.001853,True,ortools-gls,1156.017496,5.000744,True,1203.915573,104.14337
uniform,n200_m3_r06.txt,data\mtsp\generated\n200_m3_r06.txt,200,3,2opt+greed,1369.9918280710385,0.001287,True,ortools-gls,1156.017496,5.000744,True,213.974332,18.50961
uniform,n200_m3_r06.txt,data\mtsp\generated\n200_m3_r06.txt,200,3,grasp,1318.9020970851636,3.345986,True,ortools-gls,1156.017496,5.000744,True,162.884601,14.09015
uniform,n200_m3_r06.txt,data\mtsp\generated\n200_m3_r06.txt,200,3,lkh-wrapper,1309.9072072549038,0.061343,True,ortools-gls,1156.017496,5.000744,True,153.889711,13.312057
uniform,n200_m3_r06.txt,data\mtsp\generated\n200_m3_r06.txt,200,3,lkh-wrapper-v1,1309.9072072549038,0.062247,True,ortools-gls,1156.017496,5.000744,True,153.889711,13.312057
uniform,n200_m3_r06.txt,data\mtsp\generated\n200_m3_r06.txt,200,3,lkh-wrapper-v2,1183.592364587887,0.043459,True,ortools-gls,1156.017496,5.000744,True,27.574869,2.385333
uniform,n200_m3_r06.txt,data\mtsp\generated\n200_m3_r06.txt,200,3,lkh-wrapper-v3,1186.7449436655315,0.02047,True,ortools-gls,1156.017496,5.000744,True,30.727448,2.658044
uniform,n200_m3_r07.txt,data\mtsp\generated\n200_m3_r07.txt,200,3,rand+nn,2340.959862432254,0.0013,True,ortools-gls,1153.99884,5.00113,True,1186.961022,102.856344
uniform,n200_m3_r07.txt,data\mtsp\generated\n200_m3_r07.txt,200,3,2opt+greed,1426.9892992801374,0.001363,True,ortools-gls,1153.99884,5.00113,True,272.990459,23.656043
uniform,n200_m3_r07.txt,data\mtsp\generated\n200_m3_r07.txt,200,3,grasp,1342.146553820368,3.339494,True,ortools-gls,1153.99884,5.00113,True,188.147714,16.303978
uniform,n200_m3_r07.txt,data\mtsp\generated\n200_m3_r07.txt,200,3,lkh-wrapper,1327.3701944897907,0.107751,True,ortools-gls,1153.99884,5.00113,True,173.371354,15.023529
uniform,n200_m3_r07.txt,data\mtsp\generated\n200_m3_r07.txt,200,3,lkh-wrapper-v1,1327.3701944897907,0.111919,True,ortools-gls,1153.99884,5.00113,True,173.371354,15.023529
uniform,n200_m3_r07.txt,data\mtsp\generated\n200_m3_r07.txt,200,3,lkh-wrapper-v2,1196.262382755728,0.043323,True,ortools-gls,1153.99884,5.00113,True,42.263543,3.662356
uniform,n200_m3_r07.txt,data\mtsp\generated\n200_m3_r07.txt,200,3,lkh-wrapper-v3,1164.5037880433933,0.038014,True,ortools-gls,1153.99884,5.00113,True,10.504948,0.910308
uniform,n200_m3_r08.txt,data\mtsp\generated\n200_m3_r08.txt,200,3,rand+nn,2247.9299427041133,0.001058,True,ortools-gls,1142.306907,5.001709,True,1105.623036,96.788615
uniform,n200_m3_r08.txt,data\mtsp\generated\n200_m3_r08.txt,200,3,2opt+greed,1334.050608775697,0.001339,True,ortools-gls,1142.306907,5.001709,True,191.743702,16.785655
uniform,n200_m3_r08.txt,data\mtsp\generated\n200_m3_r08.txt,200,3,grasp,1328.4745999967236,3.471948,True,ortools-gls,1142.306907,5.001709,True,186.167693,16.29752
uniform,n200_m3_r08.txt,data\mtsp\generated\n200_m3_r08.txt,200,3,lkh-wrapper,1260.1033308027627,0.098686,True,ortools-gls,1142.306907,5.001709,True,117.796424,10.312152
uniform,n200_m3_r08.txt,data\mtsp\generated\n200_m3_r08.txt,200,3,lkh-wrapper-v1,1260.1033308027627,0.097571,True,ortools-gls,1142.306907,5.001709,True,117.796424,10.312152
uniform,n200_m3_r08.txt,data\mtsp\generated\n200_m3_r08.txt,200,3,lkh-wrapper-v2,1282.5749489582986,0.061815,True,ortools-gls,1142.306907,5.001709,True,140.268042,12.279366
uniform,n200_m3_r08.txt,data\mtsp\generated\n200_m3_r08.txt,200,3,lkh-wrapper-v3,1217.5983509550965,0.023547,True,ortools-gls,1142.306907,5.001709,True,75.291444,6.591175
uniform,n200_m3_r09.txt,data\mtsp\generated\n200_m3_r09.txt,200,3,rand+nn,2275.9814358678937,0.000981,True,ortools-gls,1158.367649,5.001574,True,1117.613787,96.481785
uniform,n200_m3_r09.txt,data\mtsp\generated\n200_m3_r09.txt,200,3,2opt+greed,1343.3053895036082,0.001625,True,ortools-gls,1158.367649,5.001574,True,184.937741,15.965375
uniform,n200_m3_r09.txt,data\mtsp\generated\n200_m3_r09.txt,200,3,grasp,1322.2294941575117,3.548047,True,ortools-gls,1158.367649,5.001574,True,163.861845,14.145927
uniform,n200_m3_r09.txt,data\mtsp\generated\n200_m3_r09.txt,200,3,lkh-wrapper,1299.0249492096743,0.066338,True,ortools-gls,1158.367649,5.001574,True,140.6573,12.142717
uniform,n200_m3_r09.txt,data\mtsp\generated\n200_m3_r09.txt,200,3,lkh-wrapper-v1,1299.0249492096743,0.063546,True,ortools-gls,1158.367649,5.001574,True,140.6573,12.142717
uniform,n200_m3_r09.txt,data\mtsp\generated\n200_m3_r09.txt,200,3,lkh-wrapper-v2,1286.2523569388422,0.049338,True,ortools-gls,1158.367649,5.001574,True,127.884708,11.040079
uniform,n200_m3_r09.txt,data\mtsp\generated\n200_m3_r09.txt,200,3,lkh-wrapper-v3,1279.8099299316284,0.023065,True,ortools-gls,1158.367649,5.001574,True,121.442281,10.483915
uniform,n200_m3_r10.txt,data\mtsp\generated\n200_m3_r10.txt,200,3,rand+nn,2470.165593634262,0.000944,True,ortools-gls,1176.908734,5.001316,True,1293.25686,109.885909
uniform,n200_m3_r10.txt,data\mtsp\generated\n200_m3_r10.txt,200,3,2opt+greed,1402.75852378341,0.00202,True,ortools-gls,1176.908734,5.001316,True,225.84979,19.190085
uniform,n200_m3_r10.txt,data\mtsp\generated\n200_m3_r10.txt,200,3,grasp,1334.3743399607124,3.512729,True,ortools-gls,1176.908734,5.001316,True,157.465606,13.379594
uniform,n200_m3_r10.txt,data\mtsp\generated\n200_m3_r10.txt,200,3,lkh-wrapper,1265.9852200995756,0.076861,True,ortools-gls,1176.908734,5.001316,True,89.076486,7.568683
uniform,n200_m3_r10.txt,data\mtsp\generated\n200_m3_r10.txt,200,3,lkh-wrapper-v1,1265.9852200995756,0.080016,True,ortools-gls,1176.908734,5.001316,True,89.076486,7.568683
uniform,n200_m3_r10.txt,data\mtsp\generated\n200_m3_r10.txt,200,3,lkh-wrapper-v2,1189.4570354770728,0.050501,True,ortools-gls,1176.908734,5.001316,True,12.548301,1.066209
uniform,n200_m3_r10.txt,data\mtsp\generated\n200_m3_r10.txt,200,3,lkh-wrapper-v3,1185.5083696021936,0.017824,True,ortools-gls,1176.908734,5.001316,True,8.599636,0.730697
uniform,n200_m5_r01.txt,data\mtsp\generated\n200_m5_r01.txt,200,5,rand+nn,3149.132073970125,0.000935,True,ortools-gls,1176.841448,5.001282,True,1972.290626,167.591873
uniform,n200_m5_r01.txt,data\mtsp\generated\n200_m5_r01.txt,200,5,2opt+greed,1830.3202660800785,0.001284,True,ortools-gls,1176.841448,5.001282,True,653.478818,55.528195
uniform,n200_m5_r01.txt,data\mtsp\generated\n200_m5_r01.txt,200,5,grasp,1411.3534904270518,4.808236,True,ortools-gls,1176.841448,5.001282,True,234.512042,19.927242
uniform,n200_m5_r01.txt,data\mtsp\generated\n200_m5_r01.txt,200,5,lkh-wrapper,1481.4655504147115,0.141629,True,ortools-gls,1176.841448,5.001282,True,304.624102,25.884889
uniform,n200_m5_r01.txt,data\mtsp\generated\n200_m5_r01.txt,200,5,lkh-wrapper-v1,1481.4655504147115,0.140251,True,ortools-gls,1176.841448,5.001282,True,304.624102,25.884889
uniform,n200_m5_r01.txt,data\mtsp\generated\n200_m5_r01.txt,200,5,lkh-wrapper-v2,1302.2273473016176,0.085191,True,ortools-gls,1176.841448,5.001282,True,125.385899,10.654443
uniform,n200_m5_r01.txt,data\mtsp\generated\n200_m5_r01.txt,200,5,lkh-wrapper-v3,1300.5520900040715,0.027352,True,ortools-gls,1176.841448,5.001282,True,123.710642,10.512091
uniform,n200_m5_r02.txt,data\mtsp\generated\n200_m5_r02.txt,200,5,rand+nn,3229.7863163740444,0.000955,True,ortools-gls,1158.997195,5.000397,True,2070.789121,178.670762
uniform,n200_m5_r02.txt,data\mtsp\generated\n200_m5_r02.txt,200,5,2opt+greed,1837.5669951294917,0.001663,True,ortools-gls,1158.997195,5.000397,True,678.5698,58.548011
uniform,n200_m5_r02.txt,data\mtsp\generated\n200_m5_r02.txt,200,5,grasp,1391.7102037892794,4.60208,True,ortools-gls,1158.997195,5.000397,True,232.713009,20.078824
uniform,n200_m5_r02.txt,data\mtsp\generated\n200_m5_r02.txt,200,5,lkh-wrapper,1528.7671271142472,0.084699,True,ortools-gls,1158.997195,5.000397,True,369.769932,31.904299
uniform,n200_m5_r02.txt,data\mtsp\generated\n200_m5_r02.txt,200,5,lkh-wrapper-v1,1528.7671271142472,0.083841,True,ortools-gls,1158.997195,5.000397,True,369.769932,31.904299
uniform,n200_m5_r02.txt,data\mtsp\generated\n200_m5_r02.txt,200,5,lkh-wrapper-v2,1279.7939080803858,0.092361,True,ortools-gls,1158.997195,5.000397,True,120.796713,10.42252
uniform,n200_m5_r02.txt,data\mtsp\generated\n200_m5_r02.txt,200,5,lkh-wrapper-v3,1291.0770258771029,0.012717,True,ortools-gls,1158.997195,5.000397,True,132.079831,11.396044
uniform,n200_m5_r03.txt,data\mtsp\generated\n200_m5_r03.txt,200,5,rand+nn,3029.6632209523864,0.000948,True,ortools-gls,1162.933523,5.00079,True,1866.729698,160.519038
uniform,n200_m5_r03.txt,data\mtsp\generated\n200_m5_r03.txt,200,5,2opt+greed,1736.6472421095043,0.00133,True,ortools-gls,1162.933523,5.00079,True,573.713719,49.33332
uniform,n200_m5_r03.txt,data\mtsp\generated\n200_m5_r03.txt,200,5,grasp,1408.4500323230461,5.120952,True,ortools-gls,1162.933523,5.00079,True,245.516509,21.111827
uniform,n200_m5_r03.txt,data\mtsp\generated\n200_m5_r03.txt,200,5,lkh-wrapper,1500.8788452849878,0.086794,True,ortools-gls,1162.933523,5.00079,True,337.945322,29.059728
uniform,n200_m5_r03.txt,data\mtsp\generated\n200_m5_r03.txt,200,5,lkh-wrapper-v1,1500.8788452849878,0.085509,True,ortools-gls,1162.933523,5.00079,True,337.945322,29.059728
uniform,n200_m5_r03.txt,data\mtsp\generated\n200_m5_r03.txt,200,5,lkh-wrapper-v2,1377.5441349214059,0.059424,True,ortools-gls,1162.933523,5.00079,True,214.610612,18.454246
uniform,n200_m5_r03.txt,data\mtsp\generated\n200_m5_r03.txt,200,5,lkh-wrapper-v3,1397.483767941872,0.015351,True,ortools-gls,1162.933523,5.00079,True,234.550245,20.168844
uniform,n200_m5_r04.txt,data\mtsp\generated\n200_m5_r04.txt,200,5,rand+nn,3111.802887769913,0.000949,True,ortools-gls,1124.680357,5.00182,True,1987.122531,176.683314
uniform,n200_m5_r04.txt,data\mtsp\generated\n200_m5_r04.txt,200,5,2opt+greed,1696.1005231067488,0.001218,True,ortools-gls,1124.680357,5.00182,True,571.420166,50.807339
uniform,n200_m5_r04.txt,data\mtsp\generated\n200_m5_r04.txt,200,5,grasp,1445.9487505701914,4.91763,True,ortools-gls,1124.680357,5.00182,True,321.268394,28.565307
uniform,n200_m5_r04.txt,data\mtsp\generated\n200_m5_r04.txt,200,5,lkh-wrapper,1440.7732616504227,0.148293,True,ortools-gls,1124.680357,5.00182,True,316.092905,28.105133
uniform,n200_m5_r04.txt,data\mtsp\generated\n200_m5_r04.txt,200,5,lkh-wrapper-v1,1440.7732616504227,0.144438,True,ortools-gls,1124.680357,5.00182,True,316.092905,28.105133
uniform,n200_m5_r04.txt,data\mtsp\generated\n200_m5_r04.txt,200,5,lkh-wrapper-v2,1329.96007184246,0.075848,True,ortools-gls,1124.680357,5.00182,True,205.279715,18.252272
uniform,n200_m5_r04.txt,data\mtsp\generated\n200_m5_r04.txt,200,5,lkh-wrapper-v3,1342.4416906206486,0.042768,True,ortools-gls,1124.680357,5.00182,True,217.761334,19.362064
uniform,n200_m5_r05.txt,data\mtsp\generated\n200_m5_r05.txt,200,5,rand+nn,3204.293222229746,0.001377,True,ortools-gls,1129.378684,5.001238,True,2074.914538,183.721773
uniform,n200_m5_r05.txt,data\mtsp\generated\n200_m5_r05.txt,200,5,2opt+greed,1931.1209509104742,0.001448,True,ortools-gls,1129.378684,5.001238,True,801.742267,70.989676
uniform,n200_m5_r05.txt,data\mtsp\generated\n200_m5_r05.txt,200,5,grasp,1391.8866048688412,4.924125,True,ortools-gls,1129.378684,5.001238,True,262.507921,23.24357
uniform,n200_m5_r05.txt,data\mtsp\generated\n200_m5_r05.txt,200,5,lkh-wrapper,1730.8427992469415,0.137205,True,ortools-gls,1129.378684,5.001238,True,601.464115,53.256195
uniform,n200_m5_r05.txt,data\mtsp\generated\n200_m5_r05.txt,200,5,lkh-wrapper-v1,1730.8427992469415,0.132852,True,ortools-gls,1129.378684,5.001238,True,601.464115,53.256195
uniform,n200_m5_r05.txt,data\mtsp\generated\n200_m5_r05.txt,200,5,lkh-wrapper-v2,1272.4752870445018,0.04815,True,ortools-gls,1129.378684,5.001238,True,143.096603,12.670383
uniform,n200_m5_r05.txt,data\mtsp\generated\n200_m5_r05.txt,200,5,lkh-wrapper-v3,1290.7285313907919,0.014313,True,ortools-gls,1129.378684,5.001238,True,161.349847,14.286603
uniform,n200_m5_r06.txt,data\mtsp\generated\n200_m5_r06.txt,200,5,rand+nn,3099.304190311799,0.000952,True,ortools-gls,1174.350183,5.000123,True,1924.954007,163.916525
uniform,n200_m5_r06.txt,data\mtsp\generated\n200_m5_r06.txt,200,5,2opt+greed,1787.8359381682194,0.001282,True,ortools-gls,1174.350183,5.000123,True,613.485755,52.240444
uniform,n200_m5_r06.txt,data\mtsp\generated\n200_m5_r06.txt,200,5,grasp,1431.789749248133,5.169874,True,ortools-gls,1174.350183,5.000123,True,257.439566,21.921874
uniform,n200_m5_r06.txt,data\mtsp\generated\n200_m5_r06.txt,200,5,lkh-wrapper,1564.6059230392118,0.163308,True,ortools-gls,1174.350183,5.000123,True,390.25574,33.231633
uniform,n200_m5_r06.txt,data\mtsp\generated\n200_m5_r06.txt,200,5,lkh-wrapper-v1,1564.6059230392118,0.164641,True,ortools-gls,1174.350183,5.000123,True,390.25574,33.231633
uniform,n200_m5_r06.txt,data\mtsp\generated\n200_m5_r06.txt,200,5,lkh-wrapper-v2,1313.7087950492323,0.050076,True,ortools-gls,1174.350183,5.000123,True,139.358612,11.86687
uniform,n200_m5_r06.txt,data\mtsp\generated\n200_m5_r06.txt,200,5,lkh-wrapper-v3,1280.2317660939111,0.015834,True,ortools-gls,1174.350183,5.000123,True,105.881583,9.016185
uniform,n200_m5_r07.txt,data\mtsp\generated\n200_m5_r07.txt,200,5,rand+nn,3064.050235540394,0.001866,True,ortools-gls,1185.824322,5.000474,True,1878.225914,158.389896
uniform,n200_m5_r07.txt,data\mtsp\generated\n200_m5_r07.txt,200,5,2opt+greed,1860.8141302499757,0.001265,True,ortools-gls,1185.824322,5.000474,True,674.989808,56.921569
uniform,n200_m5_r07.txt,data\mtsp\generated\n200_m5_r07.txt,200,5,grasp,1401.4248513845973,5.173965,True,ortools-gls,1185.824322,5.000474,True,215.600529,18.18149
uniform,n200_m5_r07.txt,data\mtsp\generated\n200_m5_r07.txt,200,5,lkh-wrapper,1700.917151259677,0.088514,True,ortools-gls,1185.824322,5.000474,True,515.092829,43.437533
uniform,n200_m5_r07.txt,data\mtsp\generated\n200_m5_r07.txt,200,5,lkh-wrapper-v1,1700.917151259677,0.091738,True,ortools-gls,1185.824322,5.000474,True,515.092829,43.437533
uniform,n200_m5_r07.txt,data\mtsp\generated\n200_m5_r07.txt,200,5,lkh-wrapper-v2,1372.3414632652805,0.07409,True,ortools-gls,1185.824322,5.000474,True,186.517141,15.728902
uniform,n200_m5_r07.txt,data\mtsp\generated\n200_m5_r07.txt,200,5,lkh-wrapper-v3,1411.2919845100694,0.024373,True,ortools-gls,1185.824322,5.000474,True,225.467663,19.013581
uniform,n200_m5_r08.txt,data\mtsp\generated\n200_m5_r08.txt,200,5,rand+nn,3045.230512114441,0.000942,True,ortools-gls,1149.562699,5.001651,True,1895.667813,164.903386
uniform,n200_m5_r08.txt,data\mtsp\generated\n200_m5_r08.txt,200,5,2opt+greed,1844.3295618312427,0.00127,True,ortools-gls,1149.562699,5.001651,True,694.766863,60.437492
uniform,n200_m5_r08.txt,data\mtsp\generated\n200_m5_r08.txt,200,5,grasp,1394.4854796678767,5.241011,True,ortools-gls,1149.562699,5.001651,True,244.922781,21.305735
uniform,n200_m5_r08.txt,data\mtsp\generated\n200_m5_r08.txt,200,5,lkh-wrapper,1607.0286371300624,0.108749,True,ortools-gls,1149.562699,5.001651,True,457.465938,39.794779
uniform,n200_m5_r08.txt,data\mtsp\generated\n200_m5_r08.txt,200,5,lkh-wrapper-v1,1607.0286371300624,0.105293,True,ortools-gls,1149.562699,5.001651,True,457.465938,39.794779
uniform,n200_m5_r08.txt,data\mtsp\generated\n200_m5_r08.txt,200,5,lkh-wrapper-v2,1322.179148175498,0.049577,True,ortools-gls,1149.562699,5.001651,True,172.616449,15.015836
uniform,n200_m5_r08.txt,data\mtsp\generated\n200_m5_r08.txt,200,5,lkh-wrapper-v3,1353.520790806062,0.014342,True,ortools-gls,1149.562699,5.001651,True,203.958092,17.742233
uniform,n200_m5_r09.txt,data\mtsp\generated\n200_m5_r09.txt,200,5,rand+nn,3183.4923797250135,0.000947,True,ortools-gls,1139.130998,5.000553,True,2044.361382,179.46675
uniform,n200_m5_r09.txt,data\mtsp\generated\n200_m5_r09.txt,200,5,2opt+greed,1661.2150009118207,0.001966,True,ortools-gls,1139.130998,5.000553,True,522.084003,45.831779
uniform,n200_m5_r09.txt,data\mtsp\generated\n200_m5_r09.txt,200,5,grasp,1388.8936946598162,5.362111,True,ortools-gls,1139.130998,5.000553,True,249.762697,21.925722
uniform,n200_m5_r09.txt,data\mtsp\generated\n200_m5_r09.txt,200,5,lkh-wrapper,1420.0283855661617,0.120123,True,ortools-gls,1139.130998,5.000553,True,280.897388,24.658919
uniform,n200_m5_r09.txt,data\mtsp\generated\n200_m5_r09.txt,200,5,lkh-wrapper-v1,1420.0283855661617,0.12465,True,ortools-gls,1139.130998,5.000553,True,280.897388,24.658919
uniform,n200_m5_r09.txt,data\mtsp\generated\n200_m5_r09.txt,200,5,lkh-wrapper-v2,1285.8697331617022,0.122503,True,ortools-gls,1139.130998,5.000553,True,146.738735,12.881638
uniform,n200_m5_r09.txt,data\mtsp\generated\n200_m5_r09.txt,200,5,lkh-wrapper-v3,1270.5407243523368,0.035788,True,ortools-gls,1139.130998,5.000553,True,131.409726,11.535963
uniform,n200_m5_r10.txt,data\mtsp\generated\n200_m5_r10.txt,200,5,rand+nn,3066.4026469807372,0.000929,True,ortools-gls,1130.652206,5.000694,True,1935.750441,171.206533
uniform,n200_m5_r10.txt,data\mtsp\generated\n200_m5_r10.txt,200,5,2opt+greed,1728.9603438705253,0.001228,True,ortools-gls,1130.652206,5.000694,True,598.308138,52.91708
uniform,n200_m5_r10.txt,data\mtsp\generated\n200_m5_r10.txt,200,5,grasp,1493.206939255969,5.214641,True,ortools-gls,1130.652206,5.000694,True,362.554733,32.065982
uniform,n200_m5_r10.txt,data\mtsp\generated\n200_m5_r10.txt,200,5,lkh-wrapper,1465.5196884929553,0.10339,True,ortools-gls,1130.652206,5.000694,True,334.867482,29.617196
uniform,n200_m5_r10.txt,data\mtsp\generated\n200_m5_r10.txt,200,5,lkh-wrapper-v1,1465.5196884929553,0.101473,True,ortools-gls,1130.652206,5.000694,True,334.867482,29.617196
uniform,n200_m5_r10.txt,data\mtsp\generated\n200_m5_r10.txt,200,5,lkh-wrapper-v2,1356.3528155761308,0.049401,True,ortools-gls,1130.652206,5.000694,True,225.70061,19.961984
uniform,n200_m5_r10.txt,data\mtsp\generated\n200_m5_r10.txt,200,5,lkh-wrapper-v3,1354.667742452581,0.025257,True,ortools-gls,1130.652206,5.000694,True,224.015536,19.812948
uniform,n20_m2_r01.txt,data\mtsp\generated\n20_m2_r01.txt,20,2,rand+nn,604.4308205447845,0.0002,True,ortools-gls,354.594397,5.000864,True,249.836424,70.456958
uniform,n20_m2_r01.txt,data\mtsp\generated\n20_m2_r01.txt,20,2,2opt+greed,429.9867136968615,0.000225,True,ortools-gls,354.594397,5.000864,True,75.392317,21.261565
uniform,n20_m2_r01.txt,data\mtsp\generated\n20_m2_r01.txt,20,2,grasp,397.1846638261819,0.003993,True,ortools-gls,354.594397,5.000864,True,42.590267,12.010981
uniform,n20_m2_r01.txt,data\mtsp\generated\n20_m2_r01.txt,20,2,lkh-wrapper,398.4850112114399,0.000558,True,ortools-gls,354.594397,5.000864,True,43.890614,12.377695
uniform,n20_m2_r01.txt,data\mtsp\generated\n20_m2_r01.txt,20,2,lkh-wrapper-v1,398.4850112114399,0.000428,True,ortools-gls,354.594397,5.000864,True,43.890614,12.377695
uniform,n20_m2_r01.txt,data\mtsp\generated\n20_m2_r01.txt,20,2,lkh-wrapper-v2,385.2387096625025,0.000819,True,ortools-gls,354.594397,5.000864,True,30.644313,8.642075
uniform,n20_m2_r01.txt,data\mtsp\generated\n20_m2_r01.txt,20,2,lkh-wrapper-v3,385.2387096625025,0.000715,True,ortools-gls,354.594397,5.000864,True,30.644313,8.642075
uniform,n20_m2_r02.txt,data\mtsp\generated\n20_m2_r02.txt,20,2,rand+nn,633.5390091831905,0.000238,True,ortools-gls,349.053073,4.999789,True,284.485936,81.502201
uniform,n20_m2_r02.txt,data\mtsp\generated\n20_m2_r02.txt,20,2,2opt+greed,448.01536772677,0.000225,True,ortools-gls,349.053073,4.999789,True,98.962295,28.351647
uniform,n20_m2_r02.txt,data\mtsp\generated\n20_m2_r02.txt,20,2,grasp,379.0200114606846,0.004201,True,ortools-gls,349.053073,4.999789,True,29.966938,8.58521
uniform,n20_m2_r02.txt,data\mtsp\generated\n20_m2_r02.txt,20,2,lkh-wrapper,446.2655727122491,0.000333,True,ortools-gls,349.053073,4.999789,True,97.2125,27.850349
uniform,n20_m2_r02.txt,data\mtsp\generated\n20_m2_r02.txt,20,2,lkh-wrapper-v1,446.2655727122491,0.000336,True,ortools-gls,349.053073,4.999789,True,97.2125,27.850349
uniform,n20_m2_r02.txt,data\mtsp\generated\n20_m2_r02.txt,20,2,lkh-wrapper-v2,393.5250358621024,0.000875,True,ortools-gls,349.053073,4.999789,True,44.471963,12.740745
uniform,n20_m2_r02.txt,data\mtsp\generated\n20_m2_r02.txt,20,2,lkh-wrapper-v3,393.52503586210247,0.000927,True,ortools-gls,349.053073,4.999789,True,44.471963,12.740745
uniform,n20_m2_r03.txt,data\mtsp\generated\n20_m2_r03.txt,20,2,rand+nn,667.7688036545816,0.000367,True,ortools-gls,408.533625,5.000972,True,259.235179,63.455041
uniform,n20_m2_r03.txt,data\mtsp\generated\n20_m2_r03.txt,20,2,2opt+greed,561.7268215489224,0.000285,True,ortools-gls,408.533625,5.000972,True,153.193197,37.498308
uniform,n20_m2_r03.txt,data\mtsp\generated\n20_m2_r03.txt,20,2,grasp,440.2682260656136,0.003507,True,ortools-gls,408.533625,5.000972,True,31.734601,7.767929
uniform,n20_m2_r03.txt,data\mtsp\generated\n20_m2_r03.txt,20,2,lkh-wrapper,448.5884488501503,0.000807,True,ortools-gls,408.533625,5.000972,True,40.054824,9.804535
uniform,n20_m2_r03.txt,data\mtsp\generated\n20_m2_r03.txt,20,2,lkh-wrapper-v1,448.5884488501503,0.000983,True,ortools-gls,408.533625,5.000972,True,40.054824,9.804535
uniform,n20_m2_r03.txt,data\mtsp\generated\n20_m2_r03.txt,20,2,lkh-wrapper-v2,466.0476168719491,0.000584,True,ortools-gls,408.533625,5.000972,True,57.513992,14.078154
uniform,n20_m2_r03.txt,data\mtsp\generated\n20_m2_r03.txt,20,2,lkh-wrapper-v3,466.0476168719491,0.000642,True,ortools-gls,408.533625,5.000972,True,57.513992,14.078154
uniform,n20_m2_r04.txt,data\mtsp\generated\n20_m2_r04.txt,20,2,rand+nn,543.6401358507892,0.000238,True,ortools-gls,351.088278,5.000236,True,192.551858,54.844286
uniform,n20_m2_r04.txt,data\mtsp\generated\n20_m2_r04.txt,20,2,2opt+greed,554.1515184604749,0.000279,True,ortools-gls,351.088278,5.000236,True,203.06324,57.838228
uniform,n20_m2_r04.txt,data\mtsp\generated\n20_m2_r04.txt,20,2,grasp,396.2498103304347,0.005049,True,ortools-gls,351.088278,5.000236,True,45.161532,12.863298
uniform,n20_m2_r04.txt,data\mtsp\generated\n20_m2_r04.txt,20,2,lkh-wrapper,499.706851865063,0.000567,True,ortools-gls,351.088278,5.000236,True,148.618574,42.330828
uniform,n20_m2_r04.txt,data\mtsp\generated\n20_m2_r04.txt,20,2,lkh-wrapper-v1,499.706851865063,0.00056,True,ortools-gls,351.088278,5.000236,True,148.618574,42.330828
uniform,n20_m2_r04.txt,data\mtsp\generated\n20_m2_r04.txt,20,2,lkh-wrapper-v2,378.97234584691006,0.000657,True,ortools-gls,351.088278,5.000236,True,27.884068,7.942181
uniform,n20_m2_r04.txt,data\mtsp\generated\n20_m2_r04.txt,20,2,lkh-wrapper-v3,378.97234584691006,0.000545,True,ortools-gls,351.088278,5.000236,True,27.884068,7.942181
uniform,n20_m2_r05.txt,data\mtsp\generated\n20_m2_r05.txt,20,2,rand+nn,505.73128290498744,0.000224,True,ortools-gls,304.991598,4.999976,True,200.739685,65.818103
uniform,n20_m2_r05.txt,data\mtsp\generated\n20_m2_r05.txt,20,2,2opt+greed,396.9155674023385,0.000242,True,ortools-gls,304.991598,4.999976,True,91.923969,30.139837
uniform,n20_m2_r05.txt,data\mtsp\generated\n20_m2_r05.txt,20,2,grasp,351.72763238314235,0.004456,True,ortools-gls,304.991598,4.999976,True,46.736034,15.323712
uniform,n20_m2_r05.txt,data\mtsp\generated\n20_m2_r05.txt,20,2,lkh-wrapper,396.9155674023385,0.000309,True,ortools-gls,304.991598,4.999976,True,91.923969,30.139837
uniform,n20_m2_r05.txt,data\mtsp\generated\n20_m2_r05.txt,20,2,lkh-wrapper-v1,396.9155674023385,0.00033,True,ortools-gls,304.991598,4.999976,True,91.923969,30.139837
uniform,n20_m2_r05.txt,data\mtsp\generated\n20_m2_r05.txt,20,2,lkh-wrapper-v2,353.0581612748899,0.00057,True,ortools-gls,304.991598,4.999976,True,48.066563,15.759963
uniform,n20_m2_r05.txt,data\mtsp\generated\n20_m2_r05.txt,20,2,lkh-wrapper-v3,353.0581612748899,0.000559,True,ortools-gls,304.991598,4.999976,True,48.066563,15.759963
uniform,n20_m2_r06.txt,data\mtsp\generated\n20_m2_r06.txt,20,2,rand+nn,659.0184907895145,0.00024,True,ortools-gls,364.907784,4.999756,True,294.110707,80.598639
uniform,n20_m2_r06.txt,data\mtsp\generated\n20_m2_r06.txt,20,2,2opt+greed,546.610298145793,0.000229,True,ortools-gls,364.907784,4.999756,True,181.702514,49.794091
uniform,n20_m2_r06.txt,data\mtsp\generated\n20_m2_r06.txt,20,2,grasp,418.2421036740109,0.004335,True,ortools-gls,364.907784,4.999756,True,53.33432,14.615835
uniform,n20_m2_r06.txt,data\mtsp\generated\n20_m2_r06.txt,20,2,lkh-wrapper,442.6646680237497,0.000816,True,ortools-gls,364.907784,4.999756,True,77.756884,21.308639
uniform,n20_m2_r06.txt,data\mtsp\generated\n20_m2_r06.txt,20,2,lkh-wrapper-v1,442.6646680237497,0.000787,True,ortools-gls,364.907784,4.999756,True,77.756884,21.308639
uniform,n20_m2_r06.txt,data\mtsp\generated\n20_m2_r06.txt,20,2,lkh-wrapper-v2,396.0833200198671,0.000666,True,ortools-gls,364.907784,4.999756,True,31.175536,8.543401
uniform,n20_m2_r06.txt,data\mtsp\generated\n20_m2_r06.txt,20,2,lkh-wrapper-v3,396.0833200198671,0.000556,True,ortools-gls,364.907784,4.999756,True,31.175536,8.543401
uniform,n20_m2_r07.txt,data\mtsp\generated\n20_m2_r07.txt,20,2,rand+nn,676.4811187589503,0.000495,True,ortools-gls,408.766397,5.000085,True,267.714722,65.493329
uniform,n20_m2_r07.txt,data\mtsp\generated\n20_m2_r07.txt,20,2,2opt+greed,532.8753177344294,0.000256,True,ortools-gls,408.766397,5.000085,True,124.108921,30.361821
uniform,n20_m2_r07.txt,data\mtsp\generated\n20_m2_r07.txt,20,2,grasp,456.1380955123225,0.004599,True,ortools-gls,408.766397,5.000085,True,47.371699,11.588942
uniform,n20_m2_r07.txt,data\mtsp\generated\n20_m2_r07.txt,20,2,lkh-wrapper,490.14558584747294,0.000478,True,ortools-gls,408.766397,5.000085,True,81.379189,19.908483
uniform,n20_m2_r07.txt,data\mtsp\generated\n20_m2_r07.txt,20,2,lkh-wrapper-v1,490.14558584747294,0.000446,True,ortools-gls,408.766397,5.000085,True,81.379189,19.908483
uniform,n20_m2_r07.txt,data\mtsp\generated\n20_m2_r07.txt,20,2,lkh-wrapper-v2,482.41963055938186,0.001214,True,ortools-gls,408.766397,5.000085,True,73.653234,18.018417
uniform,n20_m2_r07.txt,data\mtsp\generated\n20_m2_r07.txt,20,2,lkh-wrapper-v3,482.41963055938186,0.000631,True,ortools-gls,408.766397,5.000085,True,73.653234,18.018417
uniform,n20_m2_r08.txt,data\mtsp\generated\n20_m2_r08.txt,20,2,rand+nn,548.2959301338731,0.000229,True,ortools-gls,328.817236,5.00058,True,219.478694,66.747929
uniform,n20_m2_r08.txt,data\mtsp\generated\n20_m2_r08.txt,20,2,2opt+greed,397.37066195790703,0.000244,True,ortools-gls,328.817236,5.00058,True,68.553426,20.848489
uniform,n20_m2_r08.txt,data\mtsp\generated\n20_m2_r08.txt,20,2,grasp,367.38938035237874,0.004432,True,ortools-gls,328.817236,5.00058,True,38.572144,11.730572
uniform,n20_m2_r08.txt,data\mtsp\generated\n20_m2_r08.txt,20,2,lkh-wrapper,397.37066195790703,0.000374,True,ortools-gls,328.817236,5.00058,True,68.553426,20.848489
uniform,n20_m2_r08.txt,data\mtsp\generated\n20_m2_r08.txt,20,2,lkh-wrapper-v1,397.37066195790703,0.000352,True,ortools-gls,328.817236,5.00058,True,68.553426,20.848489
uniform,n20_m2_r08.txt,data\mtsp\generated\n20_m2_r08.txt,20,2,lkh-wrapper-v2,364.94097803624,0.000614,True,ortools-gls,328.817236,5.00058,True,36.123742,10.985964
uniform,n20_m2_r08.txt,data\mtsp\generated\n20_m2_r08.txt,20,2,lkh-wrapper-v3,364.9409780362399,0.000538,True,ortools-gls,328.817236,5.00058,True,36.123742,10.985964
uniform,n20_m2_r09.txt,data\mtsp\generated\n20_m2_r09.txt,20,2,rand+nn,710.6078817201342,0.000341,True,ortools-gls,414.320125,5.000071,True,296.287757,71.511795
uniform,n20_m2_r09.txt,data\mtsp\generated\n20_m2_r09.txt,20,2,2opt+greed,545.821646001347,0.000364,True,ortools-gls,414.320125,5.000071,True,131.501521,31.73911
uniform,n20_m2_r09.txt,data\mtsp\generated\n20_m2_r09.txt,20,2,grasp,461.3646453550883,0.004444,True,ortools-gls,414.320125,5.000071,True,47.04452,11.354631
uniform,n20_m2_r09.txt,data\mtsp\generated\n20_m2_r09.txt,20,2,lkh-wrapper,536.1769814061878,0.000594,True,ortools-gls,414.320125,5.000071,True,121.856856,29.411281
uniform,n20_m2_r09.txt,data\mtsp\generated\n20_m2_r09.txt,20,2,lkh-wrapper-v1,536.1769814061878,0.000416,True,ortools-gls,414.320125,5.000071,True,121.856856,29.411281
uniform,n20_m2_r09.txt,data\mtsp\generated\n20_m2_r09.txt,20,2,lkh-wrapper-v2,489.3382666689316,0.000588,True,ortools-gls,414.320125,5.000071,True,75.018142,18.106323
uniform,n20_m2_r09.txt,data\mtsp\generated\n20_m2_r09.txt,20,2,lkh-wrapper-v3,487.37608026775854,0.000521,True,ortools-gls,414.320125,5.000071,True,73.055955,17.632731
uniform,n20_m2_r10.txt,data\mtsp\generated\n20_m2_r10.txt,20,2,rand+nn,619.6879119441749,0.000223,True,ortools-gls,372.109498,5.00291,True,247.578414,66.533753
uniform,n20_m2_r10.txt,data\mtsp\generated\n20_m2_r10.txt,20,2,2opt+greed,436.1054814366811,0.000337,True,ortools-gls,372.109498,5.00291,True,63.995983,17.198159
uniform,n20_m2_r10.txt,data\mtsp\generated\n20_m2_r10.txt,20,2,grasp,388.3303989742845,0.004029,True,ortools-gls,372.109498,5.00291,True,16.220901,4.359174
uniform,n20_m2_r10.txt,data\mtsp\generated\n20_m2_r10.txt,20,2,lkh-wrapper,434.7720192385017,0.000328,True,ortools-gls,372.109498,5.00291,True,62.662521,16.839807
uniform,n20_m2_r10.txt,data\mtsp\generated\n20_m2_r10.txt,20,2,lkh-wrapper-v1,434.7720192385017,0.000325,True,ortools-gls,372.109498,5.00291,True,62.662521,16.839807
uniform,n20_m2_r10.txt,data\mtsp\generated\n20_m2_r10.txt,20,2,lkh-wrapper-v2,397.94761106244016,0.000623,True,ortools-gls,372.109498,5.00291,True,25.838113,6.943685
uniform,n20_m2_r10.txt,data\mtsp\generated\n20_m2_r10.txt,20,2,lkh-wrapper-v3,397.94761106244016,0.000728,True,ortools-gls,372.109498,5.00291,True,25.838113,6.943685
uniform,n20_m3_r01.txt,data\mtsp\generated\n20_m3_r01.txt,20,3,rand+nn,744.4377178818422,0.000196,True,ortools-gls,355.434532,5.001142,True,389.003186,109.444399
uniform,n20_m3_r01.txt,data\mtsp\generated\n20_m3_r01.txt,20,3,2opt+greed,625.5806788032168,0.000253,True,ortools-gls,355.434532,5.001142,True,270.146147,76.004474
uniform,n20_m3_r01.txt,data\mtsp\generated\n20_m3_r01.txt,20,3,grasp,492.401586237592,0.004085,True,ortools-gls,355.434532,5.001142,True,136.967054,38.5351
uniform,n20_m3_r01.txt,data\mtsp\generated\n20_m3_r01.txt,20,3,lkh-wrapper,517.1513550647855,0.00056,True,ortools-gls,355.434532,5.001142,True,161.716823,45.498343
uniform,n20_m3_r01.txt,data\mtsp\generated\n20_m3_r01.txt,20,3,lkh-wrapper-v1,517.1513550647855,0.000345,True,ortools-gls,355.434532,5.001142,True,161.716823,45.498343
uniform,n20_m3_r01.txt,data\mtsp\generated\n20_m3_r01.txt,20,3,lkh-wrapper-v2,414.48822939298924,0.000839,True,ortools-gls,355.434532,5.001142,True,59.053697,16.614508
uniform,n20_m3_r01.txt,data\mtsp\generated\n20_m3_r01.txt,20,3,lkh-wrapper-v3,414.48822939298924,0.000589,True,ortools-gls,355.434532,5.001142,True,59.053697,16.614508
uniform,n20_m3_r02.txt,data\mtsp\generated\n20_m3_r02.txt,20,3,rand+nn,754.1671165434127,0.000281,True,ortools-gls,397.837332,5.000301,True,356.329785,89.566704
uniform,n20_m3_r02.txt,data\mtsp\generated\n20_m3_r02.txt,20,3,2opt+greed,533.7648181095058,0.000236,True,ortools-gls,397.837332,5.000301,True,135.927486,34.166599
uniform,n20_m3_r02.txt,data\mtsp\generated\n20_m3_r02.txt,20,3,grasp,494.82659324611313,0.004023,True,ortools-gls,397.837332,5.000301,True,96.989261,24.379125
uniform,n20_m3_r02.txt,data\mtsp\generated\n20_m3_r02.txt,20,3,lkh-wrapper,494.928518996491,0.000284,True,ortools-gls,397.837332,5.000301,True,97.091187,24.404745
uniform,n20_m3_r02.txt,data\mtsp\generated\n20_m3_r02.txt,20,3,lkh-wrapper-v1,494.928518996491,0.000281,True,ortools-gls,397.837332,5.000301,True,97.091187,24.404745
uniform,n20_m3_r02.txt,data\mtsp\generated\n20_m3_r02.txt,20,3,lkh-wrapper-v2,476.52425841888953,0.000576,True,ortools-gls,397.837332,5.000301,True,78.686926,19.778668
uniform,n20_m3_r02.txt,data\mtsp\generated\n20_m3_r02.txt,20,3,lkh-wrapper-v3,476.52425841888953,0.000576,True,ortools-gls,397.837332,5.000301,True,78.686926,19.778668
uniform,n20_m3_r03.txt,data\mtsp\generated\n20_m3_r03.txt,20,3,rand+nn,744.5207027244986,0.000229,True,ortools-gls,390.972932,5.000413,True,353.547771,90.427685
uniform,n20_m3_r03.txt,data\mtsp\generated\n20_m3_r03.txt,20,3,2opt+greed,595.1354928556684,0.000214,True,ortools-gls,390.972932,5.000413,True,204.162561,52.219104
uniform,n20_m3_r03.txt,data\mtsp\generated\n20_m3_r03.txt,20,3,grasp,501.7142808449695,0.005019,True,ortools-gls,390.972932,5.000413,True,110.741349,28.324556
uniform,n20_m3_r03.txt,data\mtsp\generated\n20_m3_r03.txt,20,3,lkh-wrapper,582.8105421798853,0.000287,True,ortools-gls,390.972932,5.000413,True,191.83761,49.066724
uniform,n20_m3_r03.txt,data\mtsp\generated\n20_m3_r03.txt,20,3,lkh-wrapper-v1,582.8105421798853,0.000299,True,ortools-gls,390.972932,5.000413,True,191.83761,49.066724
uniform,n20_m3_r03.txt,data\mtsp\generated\n20_m3_r03.txt,20,3,lkh-wrapper-v2,488.26221344854997,0.000551,True,ortools-gls,390.972932,5.000413,True,97.289281,24.883892
uniform,n20_m3_r03.txt,data\mtsp\generated\n20_m3_r03.txt,20,3,lkh-wrapper-v3,488.26221344855,0.000665,True,ortools-gls,390.972932,5.000413,True,97.289281,24.883892
uniform,n20_m3_r04.txt,data\mtsp\generated\n20_m3_r04.txt,20,3,rand+nn,820.1176000784869,0.000297,True,ortools-gls,432.82622,5.00153,True,387.29138,89.479648
uniform,n20_m3_r04.txt,data\mtsp\generated\n20_m3_r04.txt,20,3,2opt+greed,639.6262789658556,0.000216,True,ortools-gls,432.82622,5.00153,True,206.800059,47.779004
uniform,n20_m3_r04.txt,data\mtsp\generated\n20_m3_r04.txt,20,3,grasp,508.59224525813204,0.004204,True,ortools-gls,432.82622,5.00153,True,75.766025,17.504953
uniform,n20_m3_r04.txt,data\mtsp\generated\n20_m3_r04.txt,20,3,lkh-wrapper,550.6564215633445,0.0003,True,ortools-gls,432.82622,5.00153,True,117.830202,27.223444
uniform,n20_m3_r04.txt,data\mtsp\generated\n20_m3_r04.txt,20,3,lkh-wrapper-v1,550.6564215633445,0.000382,True,ortools-gls,432.82622,5.00153,True,117.830202,27.223444
uniform,n20_m3_r04.txt,data\mtsp\generated\n20_m3_r04.txt,20,3,lkh-wrapper-v2,548.6665303287673,0.000489,True,ortools-gls,432.82622,5.00153,True,115.84031,26.7637
uniform,n20_m3_r04.txt,data\mtsp\generated\n20_m3_r04.txt,20,3,lkh-wrapper-v3,548.6665303287673,0.000593,True,ortools-gls,432.82622,5.00153,True,115.84031,26.7637
uniform,n20_m3_r05.txt,data\mtsp\generated\n20_m3_r05.txt,20,3,rand+nn,736.5043469642642,0.000236,True,ortools-gls,321.057713,5.004896,True,415.446634,129.399363
uniform,n20_m3_r05.txt,data\mtsp\generated\n20_m3_r05.txt,20,3,2opt+greed,539.1484309557752,0.000249,True,ortools-gls,321.057713,5.004896,True,218.090718,67.928821
uniform,n20_m3_r05.txt,data\mtsp\generated\n20_m3_r05.txt,20,3,grasp,393.29597134458953,0.005384,True,ortools-gls,321.057713,5.004896,True,72.238258,22.500085
uniform,n20_m3_r05.txt,data\mtsp\generated\n20_m3_r05.txt,20,3,lkh-wrapper,429.0293458049119,0.000403,True,ortools-gls,321.057713,5.004896,True,107.971633,33.629976
uniform,n20_m3_r05.txt,data\mtsp\generated\n20_m3_r05.txt,20,3,lkh-wrapper-v1,429.0293458049119,0.000361,True,ortools-gls,321.057713,5.004896,True,107.971633,33.629976
uniform,n20_m3_r05.txt,data\mtsp\generated\n20_m3_r05.txt,20,3,lkh-wrapper-v2,373.0286858467306,0.001145,True,ortools-gls,321.057713,5.004896,True,51.970973,16.187424
uniform,n20_m3_r05.txt,data\mtsp\generated\n20_m3_r05.txt,20,3,lkh-wrapper-v3,378.44093349365266,0.000566,True,ortools-gls,321.057713,5.004896,True,57.38322,17.873179
uniform,n20_m3_r06.txt,data\mtsp\generated\n20_m3_r06.txt,20,3,rand+nn,811.8589237640756,0.000229,True,ortools-gls,398.57465,5.000273,True,413.284274,103.690557
uniform,n20_m3_r06.txt,data\mtsp\generated\n20_m3_r06.txt,20,3,2opt+greed,588.547971606415,0.000232,True,ortools-gls,398.57465,5.000273,True,189.973322,47.663172
uniform,n20_m3_r06.txt,data\mtsp\generated\n20_m3_r06.txt,20,3,grasp,526.0331609528071,0.004608,True,ortools-gls,398.57465,5.000273,True,127.458511,31.978579
uniform,n20_m3_r06.txt,data\mtsp\generated\n20_m3_r06.txt,20,3,lkh-wrapper,537.4954166526918,0.00041,True,ortools-gls,398.57465,5.000273,True,138.920767,34.854391
uniform,n20_m3_r06.txt,data\mtsp\generated\n20_m3_r06.txt,20,3,lkh-wrapper-v1,537.4954166526918,0.000291,True,ortools-gls,398.57465,5.000273,True,138.920767,34.854391
uniform,n20_m3_r06.txt,data\mtsp\generated\n20_m3_r06.txt,20,3,lkh-wrapper-v2,509.42727359870946,0.000654,True,ortools-gls,398.57465,5.000273,True,110.852624,27.812262
uniform,n20_m3_r06.txt,data\mtsp\generated\n20_m3_r06.txt,20,3,lkh-wrapper-v3,509.42727359870946,0.000565,True,ortools-gls,398.57465,5.000273,True,110.852624,27.812262
uniform,n20_m3_r07.txt,data\mtsp\generated\n20_m3_r07.txt,20,3,rand+nn,611.390093569952,0.000244,True,ortools-gls,325.231712,5.000207,True,286.158382,87.986002
uniform,n20_m3_r07.txt,data\mtsp\generated\n20_m3_r07.txt,20,3,2opt+greed,459.0570500750347,0.000251,True,ortools-gls,325.231712,5.000207,True,133.825338,41.14769
uniform,n20_m3_r07.txt,data\mtsp\generated\n20_m3_r07.txt,20,3,grasp,408.88206599132684,0.004493,True,ortools-gls,325.231712,5.000207,True,83.650354,25.720233
uniform,n20_m3_r07.txt,data\mtsp\generated\n20_m3_r07.txt,20,3,lkh-wrapper,422.5293743059011,0.000289,True,ortools-gls,325.231712,5.000207,True,97.297662,29.916413
uniform,n20_m3_r07.txt,data\mtsp\generated\n20_m3_r07.txt,20,3,lkh-wrapper-v1,422.5293743059011,0.000299,True,ortools-gls,325.231712,5.000207,True,97.297662,29.916413
uniform,n20_m3_r07.txt,data\mtsp\generated\n20_m3_r07.txt,20,3,lkh-wrapper-v2,408.74255502378014,0.000481,True,ortools-gls,325.231712,5.000207,True,83.510843,25.677337
uniform,n20_m3_r07.txt,data\mtsp\generated\n20_m3_r07.txt,20,3,lkh-wrapper-v3,408.74255502378014,0.000448,True,ortools-gls,325.231712,5.000207,True,83.510843,25.677337
uniform,n20_m3_r08.txt,data\mtsp\generated\n20_m3_r08.txt,20,3,rand+nn,676.8186480533292,0.000232,True,ortools-gls,352.929496,5.000144,True,323.889152,91.77163
uniform,n20_m3_r08.txt,data\mtsp\generated\n20_m3_r08.txt,20,3,2opt+greed,507.62185435887716,0.00024,True,ortools-gls,352.929496,5.000144,True,154.692358,43.830952
uniform,n20_m3_r08.txt,data\mtsp\generated\n20_m3_r08.txt,20,3,grasp,428.67655638454744,0.004068,True,ortools-gls,352.929496,5.000144,True,75.74706,21.462377
uniform,n20_m3_r08.txt,data\mtsp\generated\n20_m3_r08.txt,20,3,lkh-wrapper,470.31117044433495,0.000301,True,ortools-gls,352.929496,5.000144,True,117.381674,33.259242
uniform,n20_m3_r08.txt,data\mtsp\generated\n20_m3_r08.txt,20,3,lkh-wrapper-v1,470.31117044433495,0.000283,True,ortools-gls,352.929496,5.000144,True,117.381674,33.259242
uniform,n20_m3_r08.txt,data\mtsp\generated\n20_m3_r08.txt,20,3,lkh-wrapper-v2,424.42111153792865,0.000857,True,ortools-gls,352.929496,5.000144,True,71.491616,20.256628
uniform,n20_m3_r08.txt,data\mtsp\generated\n20_m3_r08.txt,20,3,lkh-wrapper-v3,404.3763336470258,0.000795,True,ortools-gls,352.929496,5.000144,True,51.446838,14.577087
uniform,n20_m3_r09.txt,data\mtsp\generated\n20_m3_r09.txt,20,3,rand+nn,830.1952201990364,0.000207,True,ortools-gls,413.061131,5.000684,True,417.134089,100.986042
uniform,n20_m3_r09.txt,data\mtsp\generated\n20_m3_r09.txt,20,3,2opt+greed,651.9364451738179,0.000239,True,ortools-gls,413.061131,5.000684,True,238.875314,57.830499
uniform,n20_m3_r09.txt,data\mtsp\generated\n20_m3_r09.txt,20,3,grasp,488.21535979012356,0.00405,True,ortools-gls,413.061131,5.000684,True,75.154229,18.194457
uniform,n20_m3_r09.txt,data\mtsp\generated\n20_m3_r09.txt,20,3,lkh-wrapper,609.6335650485555,0.000307,True,ortools-gls,413.061131,5.000684,True,196.572434,47.589187
uniform,n20_m3_r09.txt,data\mtsp\generated\n20_m3_r09.txt,20,3,lkh-wrapper-v1,609.6335650485555,0.000487,True,ortools-gls,413.061131,5.000684,True,196.572434,47.589187
uniform,n20_m3_r09.txt,data\mtsp\generated\n20_m3_r09.txt,20,3,lkh-wrapper-v2,493.8434938811225,0.00058,True,ortools-gls,413.061131,5.000684,True,80.782363,19.556999
uniform,n20_m3_r09.txt,data\mtsp\generated\n20_m3_r09.txt,20,3,lkh-wrapper-v3,493.8434938811225,0.000492,True,ortools-gls,413.061131,5.000684,True,80.782363,19.556999
uniform,n20_m3_r10.txt,data\mtsp\generated\n20_m3_r10.txt,20,3,rand+nn,847.1808503245253,0.000226,True,ortools-gls,402.05739,5.000991,True,445.12346,110.711424
uniform,n20_m3_r10.txt,data\mtsp\generated\n20_m3_r10.txt,20,3,2opt+greed,567.6150402344866,0.000192,True,ortools-gls,402.05739,5.000991,True,165.55765,41.177616
uniform,n20_m3_r10.txt,data\mtsp\generated\n20_m3_r10.txt,20,3,grasp,463.6601810380465,0.003699,True,ortools-gls,402.05739,5.000991,True,61.602791,15.32189
uniform,n20_m3_r10.txt,data\mtsp\generated\n20_m3_r10.txt,20,3,lkh-wrapper,479.0140350855221,0.000363,True,ortools-gls,402.05739,5.000991,True,76.956645,19.140711
uniform,n20_m3_r10.txt,data\mtsp\generated\n20_m3_r10.txt,20,3,lkh-wrapper-v1,479.0140350855221,0.000357,True,ortools-gls,402.05739,5.000991,True,76.956645,19.140711
uniform,n20_m3_r10.txt,data\mtsp\generated\n20_m3_r10.txt,20,3,lkh-wrapper-v2,496.70220185079734,0.000679,True,ortools-gls,402.05739,5.000991,True,94.644812,23.540125
uniform,n20_m3_r10.txt,data\mtsp\generated\n20_m3_r10.txt,20,3,lkh-wrapper-v3,496.70220185079734,0.000555,True,ortools-gls,402.05739,5.000991,True,94.644812,23.540125
uniform,n20_m5_r01.txt,data\mtsp\generated\n20_m5_r01.txt,20,5,rand+nn,907.760534356715,0.000251,True,ortools-gls,381.823893,4.999797,True,525.936641,137.74325
uniform,n20_m5_r01.txt,data\mtsp\generated\n20_m5_r01.txt,20,5,2opt+greed,717.1112130359465,0.000218,True,ortools-gls,381.823893,4.999797,True,335.28732,87.812032
uniform,n20_m5_r01.txt,data\mtsp\generated\n20_m5_r01.txt,20,5,grasp,542.9455902736139,0.005227,True,ortools-gls,381.823893,4.999797,True,161.121697,42.197909
uniform,n20_m5_r01.txt,data\mtsp\generated\n20_m5_r01.txt,20,5,lkh-wrapper,542.9455902736138,0.000368,True,ortools-gls,381.823893,4.999797,True,161.121697,42.197909
uniform,n20_m5_r01.txt,data\mtsp\generated\n20_m5_r01.txt,20,5,lkh-wrapper-v1,542.9455902736138,0.000378,True,ortools-gls,381.823893,4.999797,True,161.121697,42.197909
uniform,n20_m5_r01.txt,data\mtsp\generated\n20_m5_r01.txt,20,5,lkh-wrapper-v2,548.3704471548733,0.00056,True,ortools-gls,381.823893,4.999797,True,166.546554,43.618683
uniform,n20_m5_r01.txt,data\mtsp\generated\n20_m5_r01.txt,20,5,lkh-wrapper-v3,539.7283194278192,0.000416,True,ortools-gls,381.823893,4.999797,True,157.904426,41.355303
uniform,n20_m5_r02.txt,data\mtsp\generated\n20_m5_r02.txt,20,5,rand+nn,1048.8779650252463,0.000227,True,ortools-gls,406.145196,5.001115,True,642.732769,158.251969
uniform,n20_m5_r02.txt,data\mtsp\generated\n20_m5_r02.txt,20,5,2opt+greed,831.3075667044728,0.000221,True,ortools-gls,406.145196,5.001115,True,425.162371,104.682359
uniform,n20_m5_r02.txt,data\mtsp\generated\n20_m5_r02.txt,20,5,grasp,611.8068624905463,0.005434,True,ortools-gls,406.145196,5.001115,True,205.661666,50.637474
uniform,n20_m5_r02.txt,data\mtsp\generated\n20_m5_r02.txt,20,5,lkh-wrapper,682.4822677511038,0.000326,True,ortools-gls,406.145196,5.001115,True,276.337072,68.038986
uniform,n20_m5_r02.txt,data\mtsp\generated\n20_m5_r02.txt,20,5,lkh-wrapper-v1,682.4822677511038,0.000262,True,ortools-gls,406.145196,5.001115,True,276.337072,68.038986
uniform,n20_m5_r02.txt,data\mtsp\generated\n20_m5_r02.txt,20,5,lkh-wrapper-v2,577.1242645555501,0.000562,True,ortools-gls,406.145196,5.001115,True,170.979069,42.098016
uniform,n20_m5_r02.txt,data\mtsp\generated\n20_m5_r02.txt,20,5,lkh-wrapper-v3,577.1242645555501,0.00051,True,ortools-gls,406.145196,5.001115,True,170.979069,42.098016
uniform,n20_m5_r03.txt,data\mtsp\generated\n20_m5_r03.txt,20,5,rand+nn,964.6727174489157,0.000261,True,ortools-gls,439.349003,5.000711,True,525.323714,119.56866
uniform,n20_m5_r03.txt,data\mtsp\generated\n20_m5_r03.txt,20,5,2opt+greed,814.6143638380739,0.00022,True,ortools-gls,439.349003,5.000711,True,375.265361,85.413955
uniform,n20_m5_r03.txt,data\mtsp\generated\n20_m5_r03.txt,20,5,grasp,678.8877261956131,0.006081,True,ortools-gls,439.349003,5.000711,True,239.538723,54.521285
uniform,n20_m5_r03.txt,data\mtsp\generated\n20_m5_r03.txt,20,5,lkh-wrapper,683.016742877972,0.000297,True,ortools-gls,439.349003,5.000711,True,243.66774,55.461089
uniform,n20_m5_r03.txt,data\mtsp\generated\n20_m5_r03.txt,20,5,lkh-wrapper-v1,683.016742877972,0.000242,True,ortools-gls,439.349003,5.000711,True,243.66774,55.461089
uniform,n20_m5_r03.txt,data\mtsp\generated\n20_m5_r03.txt,20,5,lkh-wrapper-v2,537.7021226333675,0.000508,True,ortools-gls,439.349003,5.000711,True,98.35312,22.386103
uniform,n20_m5_r03.txt,data\mtsp\generated\n20_m5_r03.txt,20,5,lkh-wrapper-v3,537.7021226333675,0.00056,True,ortools-gls,439.349003,5.000711,True,98.35312,22.386103
uniform,n20_m5_r04.txt,data\mtsp\generated\n20_m5_r04.txt,20,5,rand+nn,1105.3125387683485,0.000223,True,ortools-gls,430.764369,5.000778,True,674.54817,156.593307
uniform,n20_m5_r04.txt,data\mtsp\generated\n20_m5_r04.txt,20,5,2opt+greed,897.6843349324284,0.000361,True,ortools-gls,430.764369,5.000778,True,466.919966,108.393358
uniform,n20_m5_r04.txt,data\mtsp\generated\n20_m5_r04.txt,20,5,grasp,673.4115282887436,0.00543,True,ortools-gls,430.764369,5.000778,True,242.647159,56.329441
uniform,n20_m5_r04.txt,data\mtsp\generated\n20_m5_r04.txt,20,5,lkh-wrapper,727.476947086328,0.000318,True,ortools-gls,430.764369,5.000778,True,296.712578,68.880483
uniform,n20_m5_r04.txt,data\mtsp\generated\n20_m5_r04.txt,20,5,lkh-wrapper-v1,727.476947086328,0.000314,True,ortools-gls,430.764369,5.000778,True,296.712578,68.880483
uniform,n20_m5_r04.txt,data\mtsp\generated\n20_m5_r04.txt,20,5,lkh-wrapper-v2,552.2924818282166,0.000647,True,ortools-gls,430.764369,5.000778,True,121.528113,28.212202
uniform,n20_m5_r04.txt,data\mtsp\generated\n20_m5_r04.txt,20,5,lkh-wrapper-v3,552.2924818282166,0.000723,True,ortools-gls,430.764369,5.000778,True,121.528113,28.212202
uniform,n20_m5_r05.txt,data\mtsp\generated\n20_m5_r05.txt,20,5,rand+nn,1027.6507264050238,0.000201,True,ortools-gls,379.190313,5.000954,True,648.460413,171.011862
uniform,n20_m5_r05.txt,data\mtsp\generated\n20_m5_r05.txt,20,5,2opt+greed,823.8115241788342,0.0002,True,ortools-gls,379.190313,5.000954,True,444.621211,117.255424
uniform,n20_m5_r05.txt,data\mtsp\generated\n20_m5_r05.txt,20,5,grasp,586.4430248739753,0.006195,True,ortools-gls,379.190313,5.000954,True,207.252712,54.656647
uniform,n20_m5_r05.txt,data\mtsp\generated\n20_m5_r05.txt,20,5,lkh-wrapper,603.1912887427535,0.000332,True,ortools-gls,379.190313,5.000954,True,224.000976,59.073496
uniform,n20_m5_r05.txt,data\mtsp\generated\n20_m5_r05.txt,20,5,lkh-wrapper-v1,603.1912887427535,0.000357,True,ortools-gls,379.190313,5.000954,True,224.000976,59.073496
uniform,n20_m5_r05.txt,data\mtsp\generated\n20_m5_r05.txt,20,5,lkh-wrapper-v2,480.4077413184881,0.000658,True,ortools-gls,379.190313,5.000954,True,101.217428,26.693042
uniform,n20_m5_r05.txt,data\mtsp\generated\n20_m5_r05.txt,20,5,lkh-wrapper-v3,480.4077413184882,0.00071,True,ortools-gls,379.190313,5.000954,True,101.217428,26.693042
uniform,n20_m5_r06.txt,data\mtsp\generated\n20_m5_r06.txt,20,5,rand+nn,1096.0623162909858,0.000229,True,ortools-gls,440.77795,5.00026,True,655.284366,148.665414
uniform,n20_m5_r06.txt,data\mtsp\generated\n20_m5_r06.txt,20,5,2opt+greed,798.5247587176443,0.000225,True,ortools-gls,440.77795,5.00026,True,357.746809,81.162592
uniform,n20_m5_r06.txt,data\mtsp\generated\n20_m5_r06.txt,20,5,grasp,648.8027894703054,0.005395,True,ortools-gls,440.77795,5.00026,True,208.024839,47.194929
uniform,n20_m5_r06.txt,data\mtsp\generated\n20_m5_r06.txt,20,5,lkh-wrapper,728.0225439358912,0.000318,True,ortools-gls,440.77795,5.00026,True,287.244594,65.167641
uniform,n20_m5_r06.txt,data\mtsp\generated\n20_m5_r06.txt,20,5,lkh-wrapper-v1,728.0225439358912,0.000358,True,ortools-gls,440.77795,5.00026,True,287.244594,65.167641
uniform,n20_m5_r06.txt,data\mtsp\generated\n20_m5_r06.txt,20,5,lkh-wrapper-v2,533.2579409718415,0.001085,True,ortools-gls,440.77795,5.00026,True,92.479991,20.981084
uniform,n20_m5_r06.txt,data\mtsp\generated\n20_m5_r06.txt,20,5,lkh-wrapper-v3,533.2579409718415,0.000781,True,ortools-gls,440.77795,5.00026,True,92.479991,20.981084
uniform,n20_m5_r07.txt,data\mtsp\generated\n20_m5_r07.txt,20,5,rand+nn,989.9406525369449,0.000308,True,ortools-gls,359.47566,5.000475,True,630.464993,175.384612
uniform,n20_m5_r07.txt,data\mtsp\generated\n20_m5_r07.txt,20,5,2opt+greed,852.2196168936396,0.000222,True,ortools-gls,359.47566,5.000475,True,492.743957,137.072968
uniform,n20_m5_r07.txt,data\mtsp\generated\n20_m5_r07.txt,20,5,grasp,643.3753956601814,0.005291,True,ortools-gls,359.47566,5.000475,True,283.899736,78.976066
uniform,n20_m5_r07.txt,data\mtsp\generated\n20_m5_r07.txt,20,5,lkh-wrapper,654.4584173807864,0.000525,True,ortools-gls,359.47566,5.000475,True,294.982757,82.059174
uniform,n20_m5_r07.txt,data\mtsp\generated\n20_m5_r07.txt,20,5,lkh-wrapper-v1,654.4584173807864,0.000341,True,ortools-gls,359.47566,5.000475,True,294.982757,82.059174
uniform,n20_m5_r07.txt,data\mtsp\generated\n20_m5_r07.txt,20,5,lkh-wrapper-v2,469.27178592559414,0.000525,True,ortools-gls,359.47566,5.000475,True,109.796126,30.54341
uniform,n20_m5_r07.txt,data\mtsp\generated\n20_m5_r07.txt,20,5,lkh-wrapper-v3,470.12765427634594,0.000458,True,ortools-gls,359.47566,5.000475,True,110.651994,30.781498
uniform,n20_m5_r08.txt,data\mtsp\generated\n20_m5_r08.txt,20,5,rand+nn,1158.5898136917835,0.000226,True,ortools-gls,424.151132,5.000183,True,734.438682,173.15495
uniform,n20_m5_r08.txt,data\mtsp\generated\n20_m5_r08.txt,20,5,2opt+greed,901.1918369878429,0.000216,True,ortools-gls,424.151132,5.000183,True,477.040705,112.469511
uniform,n20_m5_r08.txt,data\mtsp\generated\n20_m5_r08.txt,20,5,grasp,626.5845821428093,0.004927,True,ortools-gls,424.151132,5.000183,True,202.43345,47.726726
uniform,n20_m5_r08.txt,data\mtsp\generated\n20_m5_r08.txt,20,5,lkh-wrapper,690.0692931057966,0.000453,True,ortools-gls,424.151132,5.000183,True,265.918161,62.6942
uniform,n20_m5_r08.txt,data\mtsp\generated\n20_m5_r08.txt,20,5,lkh-wrapper-v1,690.0692931057966,0.000319,True,ortools-gls,424.151132,5.000183,True,265.918161,62.6942
uniform,n20_m5_r08.txt,data\mtsp\generated\n20_m5_r08.txt,20,5,lkh-wrapper-v2,553.4467014703367,0.000709,True,ortools-gls,424.151132,5.000183,True,129.295569,30.483372
uniform,n20_m5_r08.txt,data\mtsp\generated\n20_m5_r08.txt,20,5,lkh-wrapper-v3,524.1660964885564,0.00047,True,ortools-gls,424.151132,5.000183,True,100.014964,23.58003
uniform,n20_m5_r09.txt,data\mtsp\generated\n20_m5_r09.txt,20,5,rand+nn,951.9777292227517,0.000253,True,ortools-gls,381.518088,5.000826,True,570.459641,149.523616
uniform,n20_m5_r09.txt,data\mtsp\generated\n20_m5_r09.txt,20,5,2opt+greed,801.000577768457,0.000212,True,ortools-gls,381.518088,5.000826,True,419.48249,109.950879
uniform,n20_m5_r09.txt,data\mtsp\generated\n20_m5_r09.txt,20,5,grasp,571.4413710277732,0.005457,True,ortools-gls,381.518088,5.000826,True,189.923283,49.780938
uniform,n20_m5_r09.txt,data\mtsp\generated\n20_m5_r09.txt,20,5,lkh-wrapper,588.4976264433247,0.000274,True,ortools-gls,381.518088,5.000826,True,206.979538,54.251566
uniform,n20_m5_r09.txt,data\mtsp\generated\n20_m5_r09.txt,20,5,lkh-wrapper-v1,588.4976264433247,0.000362,True,ortools-gls,381.518088,5.000826,True,206.979538,54.251566
uniform,n20_m5_r09.txt,data\mtsp\generated\n20_m5_r09.txt,20,5,lkh-wrapper-v2,453.30597793827246,0.000656,True,ortools-gls,381.518088,5.000826,True,71.78789,18.816379
uniform,n20_m5_r09.txt,data\mtsp\generated\n20_m5_r09.txt,20,5,lkh-wrapper-v3,457.53797005998797,0.000577,True,ortools-gls,381.518088,5.000826,True,76.019882,19.92563
uniform,n20_m5_r10.txt,data\mtsp\generated\n20_m5_r10.txt,20,5,rand+nn,911.0607565416063,0.00023,True,ortools-gls,374.154402,5.000096,True,536.906355,143.498607
uniform,n20_m5_r10.txt,data\mtsp\generated\n20_m5_r10.txt,20,5,2opt+greed,758.2544396752394,0.000217,True,ortools-gls,374.154402,5.000096,True,384.100038,102.658164
uniform,n20_m5_r10.txt,data\mtsp\generated\n20_m5_r10.txt,20,5,grasp,550.9988341176776,0.0058,True,ortools-gls,374.154402,5.000096,True,176.844432,47.265095
uniform,n20_m5_r10.txt,data\mtsp\generated\n20_m5_r10.txt,20,5,lkh-wrapper,623.985844640588,0.000515,True,ortools-gls,374.154402,5.000096,True,249.831443,66.772285
uniform,n20_m5_r10.txt,data\mtsp\generated\n20_m5_r10.txt,20,5,lkh-wrapper-v1,623.985844640588,0.000349,True,ortools-gls,374.154402,5.000096,True,249.831443,66.772285
uniform,n20_m5_r10.txt,data\mtsp\generated\n20_m5_r10.txt,20,5,lkh-wrapper-v2,485.7803733039296,0.000512,True,ortools-gls,374.154402,5.000096,True,111.625971,29.8342
uniform,n20_m5_r10.txt,data\mtsp\generated\n20_m5_r10.txt,20,5,lkh-wrapper-v3,485.7803733039296,0.000481,True,ortools-gls,374.154402,5.000096,True,111.625971,29.8342
uniform,n50_m2_r01.txt,data\mtsp\generated\n50_m2_r01.txt,50,2,rand+nn,934.0922191096736,0.000327,True,ortools-gls,576.990455,5.00128,True,357.101764,61.890411
uniform,n50_m2_r01.txt,data\mtsp\generated\n50_m2_r01.txt,50,2,2opt+greed,774.4990941641852,0.000327,True,ortools-gls,576.990455,5.00128,True,197.508639,34.230833
uniform,n50_m2_r01.txt,data\mtsp\generated\n50_m2_r01.txt,50,2,grasp,640.4813246608328,0.043495,True,ortools-gls,576.990455,5.00128,True,63.49087,11.003799
uniform,n50_m2_r01.txt,data\mtsp\generated\n50_m2_r01.txt,50,2,lkh-wrapper,704.1487619736292,0.003627,True,ortools-gls,576.990455,5.00128,True,127.158307,22.038199
uniform,n50_m2_r01.txt,data\mtsp\generated\n50_m2_r01.txt,50,2,lkh-wrapper-v1,704.1487619736292,0.003932,True,ortools-gls,576.990455,5.00128,True,127.158307,22.038199
uniform,n50_m2_r01.txt,data\mtsp\generated\n50_m2_r01.txt,50,2,lkh-wrapper-v2,631.5617005245074,0.001873,True,ortools-gls,576.990455,5.00128,True,54.571246,9.457911
uniform,n50_m2_r01.txt,data\mtsp\generated\n50_m2_r01.txt,50,2,lkh-wrapper-v3,632.011215516927,0.001555,True,ortools-gls,576.990455,5.00128,True,55.020761,9.535818
uniform,n50_m2_r02.txt,data\mtsp\generated\n50_m2_r02.txt,50,2,rand+nn,949.187819323638,0.000317,True,ortools-gls,525.30792,5.001175,True,423.879899,80.691702
uniform,n50_m2_r02.txt,data\mtsp\generated\n50_m2_r02.txt,50,2,2opt+greed,793.9542350334432,0.00049,True,ortools-gls,525.30792,5.001175,True,268.646315,51.140732
uniform,n50_m2_r02.txt,data\mtsp\generated\n50_m2_r02.txt,50,2,grasp,598.479474145621,0.04405,True,ortools-gls,525.30792,5.001175,True,73.171554,13.929269
uniform,n50_m2_r02.txt,data\mtsp\generated\n50_m2_r02.txt,50,2,lkh-wrapper,672.6849989720785,0.007115,True,ortools-gls,525.30792,5.001175,True,147.377079,28.05537
uniform,n50_m2_r02.txt,data\mtsp\generated\n50_m2_r02.txt,50,2,lkh-wrapper-v1,672.6849989720785,0.006873,True,ortools-gls,525.30792,5.001175,True,147.377079,28.05537
uniform,n50_m2_r02.txt,data\mtsp\generated\n50_m2_r02.txt,50,2,lkh-wrapper-v2,616.0506223155766,0.001927,True,ortools-gls,525.30792,5.001175,True,90.742702,17.274193
uniform,n50_m2_r02.txt,data\mtsp\generated\n50_m2_r02.txt,50,2,lkh-wrapper-v3,616.0506223155766,0.002156,True,ortools-gls,525.30792,5.001175,True,90.742702,17.274193
uniform,n50_m2_r03.txt,data\mtsp\generated\n50_m2_r03.txt,50,2,rand+nn,1069.5957588769838,0.000309,True,ortools-gls,584.218678,5.000868,True,485.377081,83.081404
uniform,n50_m2_r03.txt,data\mtsp\generated\n50_m2_r03.txt,50,2,2opt+greed,727.8847344145144,0.000328,True,ortools-gls,584.218678,5.000868,True,143.666056,24.591144
uniform,n50_m2_r03.txt,data\mtsp\generated\n50_m2_r03.txt,50,2,grasp,627.8033593705413,0.046716,True,ortools-gls,584.218678,5.000868,True,43.584681,7.460337
uniform,n50_m2_r03.txt,data\mtsp\generated\n50_m2_r03.txt,50,2,lkh-wrapper,690.4328337898526,0.00179,True,ortools-gls,584.218678,5.000868,True,106.214156,18.180548
uniform,n50_m2_r03.txt,data\mtsp\generated\n50_m2_r03.txt,50,2,lkh-wrapper-v1,690.4328337898526,0.001796,True,ortools-gls,584.218678,5.000868,True,106.214156,18.180548
uniform,n50_m2_r03.txt,data\mtsp\generated\n50_m2_r03.txt,50,2,lkh-wrapper-v2,638.6280172563726,0.002834,True,ortools-gls,584.218678,5.000868,True,54.409339,9.31318
uniform,n50_m2_r03.txt,data\mtsp\generated\n50_m2_r03.txt,50,2,lkh-wrapper-v3,639.0811942273447,0.001665,True,ortools-gls,584.218678,5.000868,True,54.862516,9.39075
uniform,n50_m2_r04.txt,data\mtsp\generated\n50_m2_r04.txt,50,2,rand+nn,997.627051029671,0.000436,True,ortools-gls,617.194256,5.000621,True,380.432795,61.639069
uniform,n50_m2_r04.txt,data\mtsp\generated\n50_m2_r04.txt,50,2,2opt+greed,727.6604594927574,0.000339,True,ortools-gls,617.194256,5.000621,True,110.466203,17.898126
uniform,n50_m2_r04.txt,data\mtsp\generated\n50_m2_r04.txt,50,2,grasp,655.8411518083087,0.04281,True,ortools-gls,617.194256,5.000621,True,38.646896,6.261707
uniform,n50_m2_r04.txt,data\mtsp\generated\n50_m2_r04.txt,50,2,lkh-wrapper,662.6752940088435,0.002332,True,ortools-gls,617.194256,5.000621,True,45.481038,7.368999
uniform,n50_m2_r04.txt,data\mtsp\generated\n50_m2_r04.txt,50,2,lkh-wrapper-v1,662.6752940088435,0.002013,True,ortools-gls,617.194256,5.000621,True,45.481038,7.368999
uniform,n50_m2_r04.txt,data\mtsp\generated\n50_m2_r04.txt,50,2,lkh-wrapper-v2,676.9309435109515,0.001831,True,ortools-gls,617.194256,5.000621,True,59.736688,9.67875
uniform,n50_m2_r04.txt,data\mtsp\generated\n50_m2_r04.txt,50,2,lkh-wrapper-v3,664.965614861745,0.001631,True,ortools-gls,617.194256,5.000621,True,47.771359,7.740085
uniform,n50_m2_r05.txt,data\mtsp\generated\n50_m2_r05.txt,50,2,rand+nn,906.27201060386,0.000334,True,ortools-gls,591.190394,5.001269,True,315.081617,53.296133
uniform,n50_m2_r05.txt,data\mtsp\generated\n50_m2_r05.txt,50,2,2opt+greed,779.3230552778268,0.000303,True,ortools-gls,591.190394,5.001269,True,188.132661,31.822686
uniform,n50_m2_r05.txt,data\mtsp\generated\n50_m2_r05.txt,50,2,grasp,637.7440123231581,0.048269,True,ortools-gls,591.190394,5.001269,True,46.553618,7.874556
uniform,n50_m2_r05.txt,data\mtsp\generated\n50_m2_r05.txt,50,2,lkh-wrapper,628.2640384419714,0.003384,True,ortools-gls,591.190394,5.001269,True,37.073644,6.271016
uniform,n50_m2_r05.txt,data\mtsp\generated\n50_m2_r05.txt,50,2,lkh-wrapper-v1,628.2640384419714,0.003412,True,ortools-gls,591.190394,5.001269,True,37.073644,6.271016
uniform,n50_m2_r05.txt,data\mtsp\generated\n50_m2_r05.txt,50,2,lkh-wrapper-v2,650.8959664642064,0.001719,True,ortools-gls,591.190394,5.001269,True,59.705572,10.099212
uniform,n50_m2_r05.txt,data\mtsp\generated\n50_m2_r05.txt,50,2,lkh-wrapper-v3,650.8959664642061,0.001481,True,ortools-gls,591.190394,5.001269,True,59.705572,10.099212
uniform,n50_m2_r06.txt,data\mtsp\generated\n50_m2_r06.txt,50,2,rand+nn,1001.5382312024153,0.000304,True,ortools-gls,561.569806,5.00047,True,439.968425,78.346168
uniform,n50_m2_r06.txt,data\mtsp\generated\n50_m2_r06.txt,50,2,2opt+greed,725.3457764893064,0.000325,True,ortools-gls,561.569806,5.00047,True,163.77597,29.163956
uniform,n50_m2_r06.txt,data\mtsp\generated\n50_m2_r06.txt,50,2,grasp,598.5630360816414,0.042723,True,ortools-gls,561.569806,5.00047,True,36.99323,6.587468
uniform,n50_m2_r06.txt,data\mtsp\generated\n50_m2_r06.txt,50,2,lkh-wrapper,705.1078543680161,0.004897,True,ortools-gls,561.569806,5.00047,True,143.538048,25.560143
uniform,n50_m2_r06.txt,data\mtsp\generated\n50_m2_r06.txt,50,2,lkh-wrapper-v1,705.1078543680161,0.003688,True,ortools-gls,561.569806,5.00047,True,143.538048,25.560143
uniform,n50_m2_r06.txt,data\mtsp\generated\n50_m2_r06.txt,50,2,lkh-wrapper-v2,617.4378402169061,0.001743,True,ortools-gls,561.569806,5.00047,True,55.868034,9.948547
uniform,n50_m2_r06.txt,data\mtsp\generated\n50_m2_r06.txt,50,2,lkh-wrapper-v3,621.5699436878826,0.001636,True,ortools-gls,561.569806,5.00047,True,60.000138,10.68436
uniform,n50_m2_r07.txt,data\mtsp\generated\n50_m2_r07.txt,50,2,rand+nn,1011.9427871408287,0.000381,True,ortools-gls,589.024341,5.000654,True,422.918446,71.799825
uniform,n50_m2_r07.txt,data\mtsp\generated\n50_m2_r07.txt,50,2,2opt+greed,690.0256904984335,0.000353,True,ortools-gls,589.024341,5.000654,True,101.001349,17.147228
uniform,n50_m2_r07.txt,data\mtsp\generated\n50_m2_r07.txt,50,2,grasp,593.5828576593494,0.048444,True,ortools-gls,589.024341,5.000654,True,4.558517,0.77391
uniform,n50_m2_r07.txt,data\mtsp\generated\n50_m2_r07.txt,50,2,lkh-wrapper,633.4821453969918,0.001023,True,ortools-gls,589.024341,5.000654,True,44.457804,7.547702
uniform,n50_m2_r07.txt,data\mtsp\generated\n50_m2_r07.txt,50,2,lkh-wrapper-v1,633.4821453969918,0.000984,True,ortools-gls,589.024341,5.000654,True,44.457804,7.547702
uniform,n50_m2_r07.txt,data\mtsp\generated\n50_m2_r07.txt,50,2,lkh-wrapper-v2,593.8738898487547,0.002795,True,ortools-gls,589.024341,5.000654,True,4.849549,0.823319
uniform,n50_m2_r07.txt,data\mtsp\generated\n50_m2_r07.txt,50,2,lkh-wrapper-v3,593.8738898487547,0.002458,True,ortools-gls,589.024341,5.000654,True,4.849549,0.823319
uniform,n50_m2_r08.txt,data\mtsp\generated\n50_m2_r08.txt,50,2,rand+nn,993.3949698361507,0.000402,True,ortools-gls,580.853668,5.000799,True,412.541302,71.023276
uniform,n50_m2_r08.txt,data\mtsp\generated\n50_m2_r08.txt,50,2,2opt+greed,677.9494964316323,0.000648,True,ortools-gls,580.853668,5.000799,True,97.095828,16.716057
uniform,n50_m2_r08.txt,data\mtsp\generated\n50_m2_r08.txt,50,2,grasp,627.4618037505244,0.042964,True,ortools-gls,580.853668,5.000799,True,46.608136,8.024075
uniform,n50_m2_r08.txt,data\mtsp\generated\n50_m2_r08.txt,50,2,lkh-wrapper,668.5998439317764,0.002249,True,ortools-gls,580.853668,5.000799,True,87.746176,15.106417
uniform,n50_m2_r08.txt,data\mtsp\generated\n50_m2_r08.txt,50,2,lkh-wrapper-v1,668.5998439317764,0.001498,True,ortools-gls,580.853668,5.000799,True,87.746176,15.106417
uniform,n50_m2_r08.txt,data\mtsp\generated\n50_m2_r08.txt,50,2,lkh-wrapper-v2,656.1166603222671,0.003732,True,ortools-gls,580.853668,5.000799,True,75.262992,12.957307
uniform,n50_m2_r08.txt,data\mtsp\generated\n50_m2_r08.txt,50,2,lkh-wrapper-v3,656.1166603222671,0.002998,True,ortools-gls,580.853668,5.000799,True,75.262992,12.957307
uniform,n50_m2_r09.txt,data\mtsp\generated\n50_m2_r09.txt,50,2,rand+nn,896.98267396763,0.000307,True,ortools-gls,564.744934,5.000932,True,332.23774,58.829698
uniform,n50_m2_r09.txt,data\mtsp\generated\n50_m2_r09.txt,50,2,2opt+greed,802.7166496368012,0.000313,True,ortools-gls,564.744934,5.000932,True,237.971716,42.137911
uniform,n50_m2_r09.txt,data\mtsp\generated\n50_m2_r09.txt,50,2,grasp,619.588789250859,0.041438,True,ortools-gls,564.744934,5.000932,True,54.843855,9.711261
uniform,n50_m2_r09.txt,data\mtsp\generated\n50_m2_r09.txt,50,2,lkh-wrapper,643.6389559664061,0.004905,True,ortools-gls,564.744934,5.000932,True,78.894022,13.96985
uniform,n50_m2_r09.txt,data\mtsp\generated\n50_m2_r09.txt,50,2,lkh-wrapper-v1,643.6389559664061,0.004981,True,ortools-gls,564.744934,5.000932,True,78.894022,13.96985
uniform,n50_m2_r09.txt,data\mtsp\generated\n50_m2_r09.txt,50,2,lkh-wrapper-v2,612.3495707520595,0.003779,True,ortools-gls,564.744934,5.000932,True,47.604637,8.429405
uniform,n50_m2_r09.txt,data\mtsp\generated\n50_m2_r09.txt,50,2,lkh-wrapper-v3,612.3495707520595,0.002451,True,ortools-gls,564.744934,5.000932,True,47.604637,8.429405
uniform,n50_m2_r10.txt,data\mtsp\generated\n50_m2_r10.txt,50,2,rand+nn,1064.9274883791009,0.000375,True,ortools-gls,584.598902,5.001491,True,480.328586,82.163785
uniform,n50_m2_r10.txt,data\mtsp\generated\n50_m2_r10.txt,50,2,2opt+greed,665.1975449411858,0.000329,True,ortools-gls,584.598902,5.001491,True,80.598643,13.786999
uniform,n50_m2_r10.txt,data\mtsp\generated\n50_m2_r10.txt,50,2,grasp,624.5359989940475,0.039758,True,ortools-gls,584.598902,5.001491,True,39.937097,6.831538
uniform,n50_m2_r10.txt,data\mtsp\generated\n50_m2_r10.txt,50,2,lkh-wrapper,636.8102869667816,0.00201,True,ortools-gls,584.598902,5.001491,True,52.211385,8.931147
uniform,n50_m2_r10.txt,data\mtsp\generated\n50_m2_r10.txt,50,2,lkh-wrapper-v1,636.8102869667816,0.001613,True,ortools-gls,584.598902,5.001491,True,52.211385,8.931147
uniform,n50_m2_r10.txt,data\mtsp\generated\n50_m2_r10.txt,50,2,lkh-wrapper-v2,615.4393197986922,0.001785,True,ortools-gls,584.598902,5.001491,True,30.840418,5.275483
uniform,n50_m2_r10.txt,data\mtsp\generated\n50_m2_r10.txt,50,2,lkh-wrapper-v3,615.4393197986922,0.001782,True,ortools-gls,584.598902,5.001491,True,30.840418,5.275483
uniform,n50_m3_r01.txt,data\mtsp\generated\n50_m3_r01.txt,50,3,rand+nn,1328.9042774142163,0.000335,True,ortools-gls,588.257207,5.000294,True,740.64707,125.905312
uniform,n50_m3_r01.txt,data\mtsp\generated\n50_m3_r01.txt,50,3,2opt+greed,1059.7551660296388,0.000347,True,ortools-gls,588.257207,5.000294,True,471.497959,80.151667
uniform,n50_m3_r01.txt,data\mtsp\generated\n50_m3_r01.txt,50,3,grasp,676.9960704358368,0.061991,True,ortools-gls,588.257207,5.000294,True,88.738863,15.085045
uniform,n50_m3_r01.txt,data\mtsp\generated\n50_m3_r01.txt,50,3,lkh-wrapper,777.5725405127988,0.006972,True,ortools-gls,588.257207,5.000294,True,189.315334,32.182408
uniform,n50_m3_r01.txt,data\mtsp\generated\n50_m3_r01.txt,50,3,lkh-wrapper-v1,777.5725405127988,0.005987,True,ortools-gls,588.257207,5.000294,True,189.315334,32.182408
uniform,n50_m3_r01.txt,data\mtsp\generated\n50_m3_r01.txt,50,3,lkh-wrapper-v2,718.9670013693689,0.002936,True,ortools-gls,588.257207,5.000294,True,130.709794,22.219837
uniform,n50_m3_r01.txt,data\mtsp\generated\n50_m3_r01.txt,50,3,lkh-wrapper-v3,720.0719085984085,0.002015,True,ortools-gls,588.257207,5.000294,True,131.814702,22.407665
uniform,n50_m3_r02.txt,data\mtsp\generated\n50_m3_r02.txt,50,3,rand+nn,1203.0037933937049,0.000501,True,ortools-gls,594.010773,5.001277,True,608.99302,102.522218
uniform,n50_m3_r02.txt,data\mtsp\generated\n50_m3_r02.txt,50,3,2opt+greed,861.9398229312171,0.000407,True,ortools-gls,594.010773,5.001277,True,267.92905,45.105083
uniform,n50_m3_r02.txt,data\mtsp\generated\n50_m3_r02.txt,50,3,grasp,709.9607917117764,0.065574,True,ortools-gls,594.010773,5.001277,True,115.950019,19.519851
uniform,n50_m3_r02.txt,data\mtsp\generated\n50_m3_r02.txt,50,3,lkh-wrapper,763.9750499779256,0.002225,True,ortools-gls,594.010773,5.001277,True,169.964277,28.612996
uniform,n50_m3_r02.txt,data\mtsp\generated\n50_m3_r02.txt,50,3,lkh-wrapper-v1,763.9750499779256,0.003226,True,ortools-gls,594.010773,5.001277,True,169.964277,28.612996
uniform,n50_m3_r02.txt,data\mtsp\generated\n50_m3_r02.txt,50,3,lkh-wrapper-v2,665.5693185308727,0.002618,True,ortools-gls,594.010773,5.001277,True,71.558546,12.046675
uniform,n50_m3_r02.txt,data\mtsp\generated\n50_m3_r02.txt,50,3,lkh-wrapper-v3,661.4743592416002,0.001832,True,ortools-gls,594.010773,5.001277,True,67.463586,11.3573
uniform,n50_m3_r03.txt,data\mtsp\generated\n50_m3_r03.txt,50,3,rand+nn,1183.7886938651404,0.00036,True,ortools-gls,620.924169,5.000928,True,562.864525,90.649479
uniform,n50_m3_r03.txt,data\mtsp\generated\n50_m3_r03.txt,50,3,2opt+greed,807.2624690579426,0.000315,True,ortools-gls,620.924169,5.000928,True,186.3383,30.009832
uniform,n50_m3_r03.txt,data\mtsp\generated\n50_m3_r03.txt,50,3,grasp,718.1774366429224,0.065564,True,ortools-gls,620.924169,5.000928,True,97.253268,15.662664
uniform,n50_m3_r03.txt,data\mtsp\generated\n50_m3_r03.txt,50,3,lkh-wrapper,745.6465429247901,0.002593,True,ortools-gls,620.924169,5.000928,True,124.722374,20.086571
uniform,n50_m3_r03.txt,data\mtsp\generated\n50_m3_r03.txt,50,3,lkh-wrapper-v1,745.6465429247901,0.002923,True,ortools-gls,620.924169,5.000928,True,124.722374,20.086571
uniform,n50_m3_r03.txt,data\mtsp\generated\n50_m3_r03.txt,50,3,lkh-wrapper-v2,683.5948753084284,0.005022,True,ortools-gls,620.924169,5.000928,True,62.670706,10.093134
uniform,n50_m3_r03.txt,data\mtsp\generated\n50_m3_r03.txt,50,3,lkh-wrapper-v3,684.7664637733252,0.003477,True,ortools-gls,620.924169,5.000928,True,63.842295,10.281818
uniform,n50_m3_r04.txt,data\mtsp\generated\n50_m3_r04.txt,50,3,rand+nn,1234.4755044236933,0.000299,True,ortools-gls,561.837692,5.001228,True,672.637812,119.721019
uniform,n50_m3_r04.txt,data\mtsp\generated\n50_m3_r04.txt,50,3,2opt+greed,763.8122926844936,0.000337,True,ortools-gls,561.837692,5.001228,True,201.974601,35.948923
uniform,n50_m3_r04.txt,data\mtsp\generated\n50_m3_r04.txt,50,3,grasp,638.3480629353185,0.065715,True,ortools-gls,561.837692,5.001228,True,76.510371,13.617878
uniform,n50_m3_r04.txt,data\mtsp\generated\n50_m3_r04.txt,50,3,lkh-wrapper,703.6795876204565,0.002155,True,ortools-gls,561.837692,5.001228,True,141.841896,25.246063
uniform,n50_m3_r04.txt,data\mtsp\generated\n50_m3_r04.txt,50,3,lkh-wrapper-v1,703.6795876204565,0.002279,True,ortools-gls,561.837692,5.001228,True,141.841896,25.246063
uniform,n50_m3_r04.txt,data\mtsp\generated\n50_m3_r04.txt,50,3,lkh-wrapper-v2,660.0685721177102,0.003624,True,ortools-gls,561.837692,5.001228,True,98.23088,17.483854
uniform,n50_m3_r04.txt,data\mtsp\generated\n50_m3_r04.txt,50,3,lkh-wrapper-v3,660.0685721177103,0.002214,True,ortools-gls,561.837692,5.001228,True,98.23088,17.483854
uniform,n50_m3_r05.txt,data\mtsp\generated\n50_m3_r05.txt,50,3,rand+nn,1325.3637033406467,0.000306,True,ortools-gls,576.265521,5.000286,True,749.098182,129.991845
uniform,n50_m3_r05.txt,data\mtsp\generated\n50_m3_r05.txt,50,3,2opt+greed,828.7076532614046,0.000311,True,ortools-gls,576.265521,5.000286,True,252.442132,43.806565
uniform,n50_m3_r05.txt,data\mtsp\generated\n50_m3_r05.txt,50,3,grasp,656.8336608978782,0.071338,True,ortools-gls,576.265521,5.000286,True,80.56814,13.981079
uniform,n50_m3_r05.txt,data\mtsp\generated\n50_m3_r05.txt,50,3,lkh-wrapper,755.8643153841751,0.001832,True,ortools-gls,576.265521,5.000286,True,179.598794,31.165979
uniform,n50_m3_r05.txt,data\mtsp\generated\n50_m3_r05.txt,50,3,lkh-wrapper-v1,755.8643153841751,0.001878,True,ortools-gls,576.265521,5.000286,True,179.598794,31.165979
uniform,n50_m3_r05.txt,data\mtsp\generated\n50_m3_r05.txt,50,3,lkh-wrapper-v2,646.5042705166659,0.002143,True,ortools-gls,576.265521,5.000286,True,70.23875,12.188609
uniform,n50_m3_r05.txt,data\mtsp\generated\n50_m3_r05.txt,50,3,lkh-wrapper-v3,646.5042705166658,0.002244,True,ortools-gls,576.265521,5.000286,True,70.23875,12.188609
uniform,n50_m3_r06.txt,data\mtsp\generated\n50_m3_r06.txt,50,3,rand+nn,1273.2381251759916,0.000312,True,ortools-gls,578.221371,5.00012,True,695.016754,120.199078
uniform,n50_m3_r06.txt,data\mtsp\generated\n50_m3_r06.txt,50,3,2opt+greed,747.8289313252267,0.00031,True,ortools-gls,578.221371,5.00012,True,169.60756,29.332634
uniform,n50_m3_r06.txt,data\mtsp\generated\n50_m3_r06.txt,50,3,grasp,667.1485423129736,0.06531,True,ortools-gls,578.221371,5.00012,True,88.927171,15.379433
uniform,n50_m3_r06.txt,data\mtsp\generated\n50_m3_r06.txt,50,3,lkh-wrapper,663.1365440920415,0.002822,True,ortools-gls,578.221371,5.00012,True,84.915173,14.685582
uniform,n50_m3_r06.txt,data\mtsp\generated\n50_m3_r06.txt,50,3,lkh-wrapper-v1,663.1365440920415,0.002317,True,ortools-gls,578.221371,5.00012,True,84.915173,14.685582
uniform,n50_m3_r06.txt,data\mtsp\generated\n50_m3_r06.txt,50,3,lkh-wrapper-v2,652.8893262469097,0.003286,True,ortools-gls,578.221371,5.00012,True,74.667955,12.913386
uniform,n50_m3_r06.txt,data\mtsp\generated\n50_m3_r06.txt,50,3,lkh-wrapper-v3,655.0550043956429,0.002986,True,ortools-gls,578.221371,5.00012,True,76.833633,13.287927
uniform,n50_m3_r07.txt,data\mtsp\generated\n50_m3_r07.txt,50,3,rand+nn,1265.9688029605647,0.000382,True,ortools-gls,572.053302,5.000878,True,693.915501,121.302595
uniform,n50_m3_r07.txt,data\mtsp\generated\n50_m3_r07.txt,50,3,2opt+greed,798.5422003782537,0.000319,True,ortools-gls,572.053302,5.000878,True,226.488898,39.592272
uniform,n50_m3_r07.txt,data\mtsp\generated\n50_m3_r07.txt,50,3,grasp,649.2397213743759,0.07309,True,ortools-gls,572.053302,5.000878,True,77.186419,13.492872
uniform,n50_m3_r07.txt,data\mtsp\generated\n50_m3_r07.txt,50,3,lkh-wrapper,756.793423544616,0.003062,True,ortools-gls,572.053302,5.000878,True,184.740122,32.294215
uniform,n50_m3_r07.txt,data\mtsp\generated\n50_m3_r07.txt,50,3,lkh-wrapper-v1,756.793423544616,0.003764,True,ortools-gls,572.053302,5.000878,True,184.740122,32.294215
uniform,n50_m3_r07.txt,data\mtsp\generated\n50_m3_r07.txt,50,3,lkh-wrapper-v2,640.7505175377269,0.001881,True,ortools-gls,572.053302,5.000878,True,68.697216,12.008884
uniform,n50_m3_r07.txt,data\mtsp\generated\n50_m3_r07.txt,50,3,lkh-wrapper-v3,640.7505175377269,0.001477,True,ortools-gls,572.053302,5.000878,True,68.697216,12.008884
uniform,n50_m3_r08.txt,data\mtsp\generated\n50_m3_r08.txt,50,3,rand+nn,1194.9996013835557,0.000299,True,ortools-gls,544.474307,5.000857,True,650.525294,119.477684
uniform,n50_m3_r08.txt,data\mtsp\generated\n50_m3_r08.txt,50,3,2opt+greed,721.3526593267452,0.000322,True,ortools-gls,544.474307,5.000857,True,176.878352,32.486079
uniform,n50_m3_r08.txt,data\mtsp\generated\n50_m3_r08.txt,50,3,grasp,636.23330072397,0.064675,True,ortools-gls,544.474307,5.000857,True,91.758994,16.852768
uniform,n50_m3_r08.txt,data\mtsp\generated\n50_m3_r08.txt,50,3,lkh-wrapper,622.5945052271684,0.002671,True,ortools-gls,544.474307,5.000857,True,78.120198,14.347821
uniform,n50_m3_r08.txt,data\mtsp\generated\n50_m3_r08.txt,50,3,lkh-wrapper-v1,622.5945052271684,0.002226,True,ortools-gls,544.474307,5.000857,True,78.120198,14.347821
uniform,n50_m3_r08.txt,data\mtsp\generated\n50_m3_r08.txt,50,3,lkh-wrapper-v2,622.2677477757377,0.00192,True,ortools-gls,544.474307,5.000857,True,77.793441,14.287808
uniform,n50_m3_r08.txt,data\mtsp\generated\n50_m3_r08.txt,50,3,lkh-wrapper-v3,659.2412840076673,0.002954,True,ortools-gls,544.474307,5.000857,True,114.766977,21.078493
uniform,n50_m3_r09.txt,data\mtsp\generated\n50_m3_r09.txt,50,3,rand+nn,1191.137984196769,0.000308,True,ortools-gls,570.151705,5.000716,True,620.986279,108.915973
uniform,n50_m3_r09.txt,data\mtsp\generated\n50_m3_r09.txt,50,3,2opt+greed,682.2371007837397,0.000293,True,ortools-gls,570.151705,5.000716,True,112.085396,19.658872
uniform,n50_m3_r09.txt,data\mtsp\generated\n50_m3_r09.txt,50,3,grasp,653.4103689537797,0.065087,True,ortools-gls,570.151705,5.000716,True,83.258664,14.602897
uniform,n50_m3_r09.txt,data\mtsp\generated\n50_m3_r09.txt,50,3,lkh-wrapper,647.8547276916945,0.00189,True,ortools-gls,570.151705,5.000716,True,77.703023,13.628482
uniform,n50_m3_r09.txt,data\mtsp\generated\n50_m3_r09.txt,50,3,lkh-wrapper-v1,647.8547276916945,0.001902,True,ortools-gls,570.151705,5.000716,True,77.703023,13.628482
uniform,n50_m3_r09.txt,data\mtsp\generated\n50_m3_r09.txt,50,3,lkh-wrapper-v2,677.4232365858713,0.002182,True,ortools-gls,570.151705,5.000716,True,107.271532,18.81456
uniform,n50_m3_r09.txt,data\mtsp\generated\n50_m3_r09.txt,50,3,lkh-wrapper-v3,677.1464014823391,0.001992,True,ortools-gls,570.151705,5.000716,True,106.994696,18.766005
uniform,n50_m3_r10.txt,data\mtsp\generated\n50_m3_r10.txt,50,3,rand+nn,1199.8666349611938,0.000309,True,ortools-gls,586.119419,5.000654,True,613.747216,104.713681
uniform,n50_m3_r10.txt,data\mtsp\generated\n50_m3_r10.txt,50,3,2opt+greed,849.1336986663262,0.000353,True,ortools-gls,586.119419,5.000654,True,263.01428,44.873838
uniform,n50_m3_r10.txt,data\mtsp\generated\n50_m3_r10.txt,50,3,grasp,718.131445529371,0.080531,True,ortools-gls,586.119419,5.000654,True,132.012027,22.52306
uniform,n50_m3_r10.txt,data\mtsp\generated\n50_m3_r10.txt,50,3,lkh-wrapper,693.1212904539267,0.001898,True,ortools-gls,586.119419,5.000654,True,107.001871,18.255985
uniform,n50_m3_r10.txt,data\mtsp\generated\n50_m3_r10.txt,50,3,lkh-wrapper-v1,693.1212904539267,0.001632,True,ortools-gls,586.119419,5.000654,True,107.001871,18.255985
uniform,n50_m3_r10.txt,data\mtsp\generated\n50_m3_r10.txt,50,3,lkh-wrapper-v2,695.2165737459383,0.002774,True,ortools-gls,586.119419,5.000654,True,109.097155,18.613469
uniform,n50_m3_r10.txt,data\mtsp\generated\n50_m3_r10.txt,50,3,lkh-wrapper-v3,709.7778341377268,0.002731,True,ortools-gls,586.119419,5.000654,True,123.658415,21.097819
uniform,n50_m5_r01.txt,data\mtsp\generated\n50_m5_r01.txt,50,5,rand+nn,1677.8849017042953,0.000311,True,ortools-gls,574.071163,5.000855,True,1103.813739,192.278207
uniform,n50_m5_r01.txt,data\mtsp\generated\n50_m5_r01.txt,50,5,2opt+greed,1154.973627887426,0.000313,True,ortools-gls,574.071163,5.000855,True,580.902465,101.189975
uniform,n50_m5_r01.txt,data\mtsp\generated\n50_m5_r01.txt,50,5,grasp,802.8504799454911,0.089926,True,ortools-gls,574.071163,5.000855,True,228.779317,39.852083
uniform,n50_m5_r01.txt,data\mtsp\generated\n50_m5_r01.txt,50,5,lkh-wrapper,987.5501084324763,0.002372,True,ortools-gls,574.071163,5.000855,True,413.478945,72.02573
uniform,n50_m5_r01.txt,data\mtsp\generated\n50_m5_r01.txt,50,5,lkh-wrapper-v1,987.5501084324763,0.002696,True,ortools-gls,574.071163,5.000855,True,413.478945,72.02573
uniform,n50_m5_r01.txt,data\mtsp\generated\n50_m5_r01.txt,50,5,lkh-wrapper-v2,736.9292551651504,0.002244,True,ortools-gls,574.071163,5.000855,True,162.858092,28.368973
uniform,n50_m5_r01.txt,data\mtsp\generated\n50_m5_r01.txt,50,5,lkh-wrapper-v3,736.9292551651504,0.001619,True,ortools-gls,574.071163,5.000855,True,162.858092,28.368973
uniform,n50_m5_r02.txt,data\mtsp\generated\n50_m5_r02.txt,50,5,rand+nn,1579.6585061343158,0.000317,True,ortools-gls,624.500882,5.000942,True,955.157624,152.947362
uniform,n50_m5_r02.txt,data\mtsp\generated\n50_m5_r02.txt,50,5,2opt+greed,1039.9864311773915,0.000316,True,ortools-gls,624.500882,5.000942,True,415.485549,66.530819
uniform,n50_m5_r02.txt,data\mtsp\generated\n50_m5_r02.txt,50,5,grasp,814.6856691752265,0.093524,True,ortools-gls,624.500882,5.000942,True,190.184787,30.453886
uniform,n50_m5_r02.txt,data\mtsp\generated\n50_m5_r02.txt,50,5,lkh-wrapper,895.5699195061852,0.003046,True,ortools-gls,624.500882,5.000942,True,271.069038,43.405709
uniform,n50_m5_r02.txt,data\mtsp\generated\n50_m5_r02.txt,50,5,lkh-wrapper-v1,895.5699195061852,0.003517,True,ortools-gls,624.500882,5.000942,True,271.069038,43.405709
uniform,n50_m5_r02.txt,data\mtsp\generated\n50_m5_r02.txt,50,5,lkh-wrapper-v2,722.2836849763427,0.003491,True,ortools-gls,624.500882,5.000942,True,97.782803,15.657753
uniform,n50_m5_r02.txt,data\mtsp\generated\n50_m5_r02.txt,50,5,lkh-wrapper-v3,742.2345412163797,0.001867,True,ortools-gls,624.500882,5.000942,True,117.733659,18.852441
uniform,n50_m5_r03.txt,data\mtsp\generated\n50_m5_r03.txt,50,5,rand+nn,1553.0332370655776,0.00031,True,ortools-gls,591.115041,5.000329,True,961.918196,162.72944
uniform,n50_m5_r03.txt,data\mtsp\generated\n50_m5_r03.txt,50,5,2opt+greed,1080.8652984694904,0.000436,True,ortools-gls,591.115041,5.000329,True,489.750257,82.851936
uniform,n50_m5_r03.txt,data\mtsp\generated\n50_m5_r03.txt,50,5,grasp,804.4804993864316,0.090441,True,ortools-gls,591.115041,5.000329,True,213.365458,36.09542
uniform,n50_m5_r03.txt,data\mtsp\generated\n50_m5_r03.txt,50,5,lkh-wrapper,995.9082679757811,0.002099,True,ortools-gls,591.115041,5.000329,True,404.793227,68.479602
uniform,n50_m5_r03.txt,data\mtsp\generated\n50_m5_r03.txt,50,5,lkh-wrapper-v1,995.9082679757811,0.002127,True,ortools-gls,591.115041,5.000329,True,404.793227,68.479602
uniform,n50_m5_r03.txt,data\mtsp\generated\n50_m5_r03.txt,50,5,lkh-wrapper-v2,774.4073482525583,0.002445,True,ortools-gls,591.115041,5.000329,True,183.292307,31.007891
uniform,n50_m5_r03.txt,data\mtsp\generated\n50_m5_r03.txt,50,5,lkh-wrapper-v3,778.1212083415878,0.001559,True,ortools-gls,591.115041,5.000329,True,187.006167,31.636171
uniform,n50_m5_r04.txt,data\mtsp\generated\n50_m5_r04.txt,50,5,rand+nn,1660.2019053734186,0.000382,True,ortools-gls,566.021614,5.001291,True,1094.180291,193.310691
uniform,n50_m5_r04.txt,data\mtsp\generated\n50_m5_r04.txt,50,5,2opt+greed,959.2638034924195,0.000332,True,ortools-gls,566.021614,5.001291,True,393.242189,69.474765
uniform,n50_m5_r04.txt,data\mtsp\generated\n50_m5_r04.txt,50,5,grasp,790.0865803894192,0.08627,True,ortools-gls,566.021614,5.001291,True,224.064966,39.585938
uniform,n50_m5_r04.txt,data\mtsp\generated\n50_m5_r04.txt,50,5,lkh-wrapper,829.7380380755346,0.002175,True,ortools-gls,566.021614,5.001291,True,263.716424,46.591229
uniform,n50_m5_r04.txt,data\mtsp\generated\n50_m5_r04.txt,50,5,lkh-wrapper-v1,829.7380380755346,0.001968,True,ortools-gls,566.021614,5.001291,True,263.716424,46.591229
uniform,n50_m5_r04.txt,data\mtsp\generated\n50_m5_r04.txt,50,5,lkh-wrapper-v2,677.6932845107724,0.002882,True,ortools-gls,566.021614,5.001291,True,111.671671,19.729224
uniform,n50_m5_r04.txt,data\mtsp\generated\n50_m5_r04.txt,50,5,lkh-wrapper-v3,677.6932845107724,0.001778,True,ortools-gls,566.021614,5.001291,True,111.671671,19.729224
uniform,n50_m5_r05.txt,data\mtsp\generated\n50_m5_r05.txt,50,5,rand+nn,1655.7475856922279,0.000311,True,ortools-gls,583.694474,5.000329,True,1072.053112,183.666826
uniform,n50_m5_r05.txt,data\mtsp\generated\n50_m5_r05.txt,50,5,2opt+greed,1011.4072426635464,0.000342,True,ortools-gls,583.694474,5.000329,True,427.712769,73.276823
uniform,n50_m5_r05.txt,data\mtsp\generated\n50_m5_r05.txt,50,5,grasp,810.8496618844339,0.085534,True,ortools-gls,583.694474,5.000329,True,227.155188,38.916796
uniform,n50_m5_r05.txt,data\mtsp\generated\n50_m5_r05.txt,50,5,lkh-wrapper,906.4724148195696,0.002546,True,ortools-gls,583.694474,5.000329,True,322.777941,55.299126
uniform,n50_m5_r05.txt,data\mtsp\generated\n50_m5_r05.txt,50,5,lkh-wrapper-v1,906.4724148195696,0.002809,True,ortools-gls,583.694474,5.000329,True,322.777941,55.299126
uniform,n50_m5_r05.txt,data\mtsp\generated\n50_m5_r05.txt,50,5,lkh-wrapper-v2,806.0311342066009,0.002615,True,ortools-gls,583.694474,5.000329,True,222.33666,38.091274
uniform,n50_m5_r05.txt,data\mtsp\generated\n50_m5_r05.txt,50,5,lkh-wrapper-v3,785.1426339107711,0.002125,True,ortools-gls,583.694474,5.000329,True,201.44816,34.512604
uniform,n50_m5_r06.txt,data\mtsp\generated\n50_m5_r06.txt,50,5,rand+nn,1676.201972575248,0.000331,True,ortools-gls,595.232052,5.000131,True,1080.969921,181.60479
uniform,n50_m5_r06.txt,data\mtsp\generated\n50_m5_r06.txt,50,5,2opt+greed,1000.1261429748502,0.000309,True,ortools-gls,595.232052,5.000131,True,404.894091,68.022898
uniform,n50_m5_r06.txt,data\mtsp\generated\n50_m5_r06.txt,50,5,grasp,804.141501402996,0.084968,True,ortools-gls,595.232052,5.000131,True,208.909449,35.097144
uniform,n50_m5_r06.txt,data\mtsp\generated\n50_m5_r06.txt,50,5,lkh-wrapper,801.2661855159663,0.002336,True,ortools-gls,595.232052,5.000131,True,206.034134,34.614086
uniform,n50_m5_r06.txt,data\mtsp\generated\n50_m5_r06.txt,50,5,lkh-wrapper-v1,801.2661855159663,0.002113,True,ortools-gls,595.232052,5.000131,True,206.034134,34.614086
uniform,n50_m5_r06.txt,data\mtsp\generated\n50_m5_r06.txt,50,5,lkh-wrapper-v2,725.971995153707,0.002685,True,ortools-gls,595.232052,5.000131,True,130.739943,21.964533
uniform,n50_m5_r06.txt,data\mtsp\generated\n50_m5_r06.txt,50,5,lkh-wrapper-v3,748.4967723436376,0.002051,True,ortools-gls,595.232052,5.000131,True,153.26472,25.748734
uniform,n50_m5_r07.txt,data\mtsp\generated\n50_m5_r07.txt,50,5,rand+nn,1445.2548097636425,0.000306,True,ortools-gls,532.473184,5.001027,True,912.781626,171.423022
uniform,n50_m5_r07.txt,data\mtsp\generated\n50_m5_r07.txt,50,5,2opt+greed,1369.7035257200896,0.000319,True,ortools-gls,532.473184,5.001027,True,837.230342,157.234273
uniform,n50_m5_r07.txt,data\mtsp\generated\n50_m5_r07.txt,50,5,grasp,793.7020486851752,0.100291,True,ortools-gls,532.473184,5.001027,True,261.228865,49.059534
uniform,n50_m5_r07.txt,data\mtsp\generated\n50_m5_r07.txt,50,5,lkh-wrapper,994.2036155822454,0.004223,True,ortools-gls,532.473184,5.001027,True,461.730432,86.714307
uniform,n50_m5_r07.txt,data\mtsp\generated\n50_m5_r07.txt,50,5,lkh-wrapper-v1,994.2036155822454,0.004274,True,ortools-gls,532.473184,5.001027,True,461.730432,86.714307
uniform,n50_m5_r07.txt,data\mtsp\generated\n50_m5_r07.txt,50,5,lkh-wrapper-v2,694.4793932601877,0.002701,True,ortools-gls,532.473184,5.001027,True,162.006209,30.425233
uniform,n50_m5_r07.txt,data\mtsp\generated\n50_m5_r07.txt,50,5,lkh-wrapper-v3,692.1660736663366,0.001907,True,ortools-gls,532.473184,5.001027,True,159.69289,29.990785
uniform,n50_m5_r08.txt,data\mtsp\generated\n50_m5_r08.txt,50,5,rand+nn,1790.5629369753149,0.00048,True,ortools-gls,629.071317,5.000092,True,1161.49162,184.635921
uniform,n50_m5_r08.txt,data\mtsp\generated\n50_m5_r08.txt,50,5,2opt+greed,1228.573785946874,0.00032,True,ortools-gls,629.071317,5.000092,True,599.502469,95.299603
uniform,n50_m5_r08.txt,data\mtsp\generated\n50_m5_r08.txt,50,5,grasp,855.560079002239,0.089508,True,ortools-gls,629.071317,5.000092,True,226.488762,36.00367
uniform,n50_m5_r08.txt,data\mtsp\generated\n50_m5_r08.txt,50,5,lkh-wrapper,1076.8489105547137,0.002655,True,ortools-gls,629.071317,5.000092,True,447.777594,71.180736
uniform,n50_m5_r08.txt,data\mtsp\generated\n50_m5_r08.txt,50,5,lkh-wrapper-v1,1076.8489105547137,0.002846,True,ortools-gls,629.071317,5.000092,True,447.777594,71.180736
uniform,n50_m5_r08.txt,data\mtsp\generated\n50_m5_r08.txt,50,5,lkh-wrapper-v2,704.4879181233559,0.002173,True,ortools-gls,629.071317,5.000092,True,75.416601,11.988561
uniform,n50_m5_r08.txt,data\mtsp\generated\n50_m5_r08.txt,50,5,lkh-wrapper-v3,704.4879181233559,0.001867,True,ortools-gls,629.071317,5.000092,True,75.416601,11.988561
uniform,n50_m5_r09.txt,data\mtsp\generated\n50_m5_r09.txt,50,5,rand+nn,1522.415562508617,0.000534,True,ortools-gls,577.408738,5.00013,True,945.006825,163.663409
uniform,n50_m5_r09.txt,data\mtsp\generated\n50_m5_r09.txt,50,5,2opt+greed,1155.5736239882542,0.000321,True,ortools-gls,577.408738,5.00013,True,578.164886,100.130955
uniform,n50_m5_r09.txt,data\mtsp\generated\n50_m5_r09.txt,50,5,grasp,835.1454990688057,0.087642,True,ortools-gls,577.408738,5.00013,True,257.736761,44.636796
uniform,n50_m5_r09.txt,data\mtsp\generated\n50_m5_r09.txt,50,5,lkh-wrapper,1046.8083231261498,0.004008,True,ortools-gls,577.408738,5.00013,True,469.399585,81.29416
uniform,n50_m5_r09.txt,data\mtsp\generated\n50_m5_r09.txt,50,5,lkh-wrapper-v1,1046.8083231261498,0.003381,True,ortools-gls,577.408738,5.00013,True,469.399585,81.29416
uniform,n50_m5_r09.txt,data\mtsp\generated\n50_m5_r09.txt,50,5,lkh-wrapper-v2,752.3296419550109,0.00259,True,ortools-gls,577.408738,5.00013,True,174.920904,30.294121
uniform,n50_m5_r09.txt,data\mtsp\generated\n50_m5_r09.txt,50,5,lkh-wrapper-v3,752.3296419550109,0.002219,True,ortools-gls,577.408738,5.00013,True,174.920904,30.294121
uniform,n50_m5_r10.txt,data\mtsp\generated\n50_m5_r10.txt,50,5,rand+nn,1675.0649377038073,0.000289,True,ortools-gls,608.088124,5.000169,True,1066.976814,175.464176
uniform,n50_m5_r10.txt,data\mtsp\generated\n50_m5_r10.txt,50,5,2opt+greed,1054.8402042426198,0.000316,True,ortools-gls,608.088124,5.000169,True,446.75208,73.468312
uniform,n50_m5_r10.txt,data\mtsp\generated\n50_m5_r10.txt,50,5,grasp,817.7903493115506,0.082172,True,ortools-gls,608.088124,5.000169,True,209.702225,34.485499
uniform,n50_m5_r10.txt,data\mtsp\generated\n50_m5_r10.txt,50,5,lkh-wrapper,967.0575491171031,0.00257,True,ortools-gls,608.088124,5.000169,True,358.969425,59.032468
uniform,n50_m5_r10.txt,data\mtsp\generated\n50_m5_r10.txt,50,5,lkh-wrapper-v1,967.0575491171031,0.002047,True,ortools-gls,608.088124,5.000169,True,358.969425,59.032468
uniform,n50_m5_r10.txt,data\mtsp\generated\n50_m5_r10.txt,50,5,lkh-wrapper-v2,659.7048077553482,0.002503,True,ortools-gls,608.088124,5.000169,True,51.616684,8.488356
uniform,n50_m5_r10.txt,data\mtsp\generated\n50_m5_r10.txt,50,5,lkh-wrapper-v3,665.4999100654925,0.0021,True,ortools-gls,608.088124,5.000169,True,57.411786,9.44136
