instance_family,instance,path,node_count,salesman_count,baseline_solver,baseline_tier,objective,time_seconds,valid,status,is_exact,routes
clustered-center,clustered-center_n1000_m3_r01.txt,data\mtsp\generated_multifamily\clustered-center_n1000_m3_r01.txt,1000,3,ortools-gls,medium,3378.586721,5.001675,True,ok,False,"[[0, 68, 107, 265, 66, 21, 217, 76, 252, 45, 243, 112, 78, 136, 245, 158, 138, 184, 261, 9, 19, 8, 89, 212, 44, 169, 251, 46, 121, 208, 14, 82, 162, 171, 220, 71, 49, 65, 152, 229, 34, 111, 167, 123, 242, 64, 255, 143, 6, 200, 4, 249, 93, 72, 87, 166, 173, 221, 267, 203, 117, 140, 204, 254, 262, 201, 11, 85, 235, 266, 213, 193, 168, 224, 7, 225, 198, 10, 57, 142, 43, 29, 260, 263, 26, 102, 75, 135, 132, 32, 250, 130, 270, 53, 90, 137, 247, 174, 205, 106, 105, 110, 94, 2, 114, 70, 39, 103, 41, 176, 197, 190, 269, 118, 253, 159, 248, 230, 179, 62, 131, 231, 79, 17, 97, 18, 88, 59, 187, 264, 12, 175, 37, 191, 238, 165, 119, 214, 13, 186, 232, 148, 234, 244, 127, 95, 108, 1, 40, 178, 51, 3, 180, 194, 55, 115, 35, 211, 98, 84, 69, 219, 28, 77, 120, 125, 38, 192, 31, 58, 240, 50, 144, 227, 209, 80, 147, 52, 20, 149, 54, 164, 126, 246, 228, 122, 182, 16, 139, 236, 36, 181, 259, 5, 146, 25, 91, 67, 23, 185, 155, 134, 60, 195, 233, 15, 100, 183, 81, 150, 172, 104, 141, 256, 188, 99, 199, 163, 202, 151, 74, 222, 154, 157, 48, 160, 218, 61, 22, 30, 216, 47, 189, 210, 101, 257, 161, 268, 63, 241, 207, 128, 83, 73, 223, 116, 33, 170, 86, 215, 109, 271, 177, 226, 258, 153, 196, 156, 42, 133, 145, 237, 239, 113, 92, 24, 129, 96, 56, 27, 124, 206, 349, 442, 313, 318, 418, 345, 378, 363, 357, 446, 395, 358, 353, 394, 293, 300, 356, 427, 413, 289, 391, 316, 381, 314, 275, 433, 430, 348, 296, 301, 377, 465, 321, 444, 462, 279, 424, 364, 406, 308, 310, 412, 369, 283, 398, 294, 451, 400, 421, 425, 466, 411, 291, 311, 346, 414, 328, 375, 295, 410, 331, 449, 445, 459, 329, 436, 455, 407, 403, 386, 367, 292, 426, 371, 453, 305, 464, 304, 428, 341, 438, 333, 277, 347, 368, 284, 285, 402, 334, 306, 409, 393, 319, 373, 323, 332, 273, 339, 456, 384, 272, 461, 401, 278, 336, 399, 362, 351, 432, 360, 335, 344, 423, 417, 280, 343, 354, 405, 443, 388, 317, 434, 379, 299, 350, 274, 457, 370, 460, 458, 325, 408, 355, 437, 392, 435, 450, 309, 324, 366, 454, 320, 298, 389, 420, 447, 452, 416, 340, 396, 380, 276, 330, 376, 322, 327, 315, 419, 287, 361, 307, 288, 281, 365, 338, 352, 326, 439, 290, 390, 282, 383, 431, 429, 448, 359, 337, 463, 312, 415, 440, 422, 303, 297, 382, 397, 385, 286, 372, 302, 374, 342, 404, 441, 387, 473, 574, 493, 731, 739, 709, 576, 593, 690, 668, 494, 496, 535, 582, 652, 549, 650, 745, 678, 676, 642, 507, 658, 622, 693, 487, 609, 476, 527, 501, 638, 725, 528, 500, 670, 488, 518, 477, 705, 514, 701, 584, 605, 575, 744, 689, 481, 596, 617, 697, 612, 723, 581, 517, 482, 570, 648, 683, 626, 647, 470, 732, 564, 540, 560, 700, 599, 606, 616, 743, 675, 577, 545, 691, 548, 715, 589, 629, 563, 467, 640, 562, 468, 554, 748, 684, 600, 471, 687, 632, 742, 696, 561, 681, 618, 610, 547, 472, 672, 708, 680, 499, 555, 716, 579, 654, 578, 734, 614, 721, 541, 685, 572, 531, 480, 733, 662, 692, 740, 586, 502, 621, 486, 543, 474, 620, 530, 619, 627, 717, 512, 682, 583, 539, 698, 523, 546, 637, 643, 479, 630, 646, 598, 699, 604, 710, 728, 592, 660, 628, 537, 636, 594, 491, 573, 607, 525, 490, 634, 519, 657, 538, 601, 695, 694, 585, 515, 653, 747, 529, 615, 521, 552, 738, 730, 559, 524, 553, 591, 532, 673, 711, 713, 639, 587, 729, 714, 513, 656, 735, 565, 484, 492, 702, 726, 516, 522, 597, 651, 671, 737, 568, 558, 659, 580, 550, 674, 602, 556, 511, 495, 677, 590, 631, 666, 478, 749, 489, 633, 703, 706, 504, 719, 588, 510, 722, 688, 503, 645, 679, 536, 498, 469, 707, 635, 704, 526, 571, 508, 520, 603, 506, 746, 712, 649, 750, 661, 686, 669, 497, 475, 736, 664, 613, 724, 544, 534, 505, 727, 663, 509, 644, 718, 567, 566, 667, 595, 551, 665, 483, 641, 655, 542, 623, 720, 557, 485, 533, 569, 608, 625, 741, 611, 624, 909, 933, 851, 877, 785, 775, 985, 863, 788, 798, 960, 811, 948, 893, 772, 814, 950, 799, 762, 809, 996, 964, 940, 797, 768, 961, 905, 756, 951, 770, 892, 970, 872, 880, 927, 908, 925, 755, 887, 894, 988, 975, 855, 752, 910, 794, 842, 935, 998, 942, 830, 906, 989, 955, 774, 771, 946, 924, 956, 990, 844, 941, 826, 976, 882, 972, 957, 921, 778, 973, 806, 782, 823, 779, 865, 848, 858, 971, 759, 968, 802, 993, 982, 861, 934, 831, 845, 810, 847, 767, 899, 867, 974, 875, 807, 911, 895, 822, 776, 781, 786, 853, 873, 918, 977, 812, 949, 922, 834, 837, 945, 816, 953, 944, 821, 992, 879, 914, 928, 813, 754, 884, 926, 854, 784, 913, 947, 936, 795, 903, 883, 868, 825, 859, 938, 757, 804, 919, 766, 871, 791, 937, 801, 902, 819, 915, 820, 828, 866, 958, 952, 901, 862, 838, 965, 793, 829, 907, 991, 890, 888, 846, 881, 939, 833, 981, 817, 886, 764, 856, 984, 986, 904, 885, 803, 994, 780, 891, 753, 769, 777, 808, 841, 929, 896, 843, 839, 869, 835, 962, 758, 930, 827, 874, 898, 997, 805, 980, 876, 787, 857, 959, 917, 790, 800, 923, 840, 943, 969, 824, 889, 954, 792, 878, 860, 789, 967, 864, 999, 850, 897, 760, 815, 870, 751, 773, 995, 983, 765, 783, 920, 912, 852, 796, 987, 832, 849, 916, 966, 963, 761, 763, 818, 978, 932, 931, 836, 979, 900, 0], [0, 0], [0, 0]]"
clustered-center,clustered-center_n1000_m3_r01.txt,data\mtsp\generated_multifamily\clustered-center_n1000_m3_r01.txt,1000,3,tsp-transform-lkh,medium,3335.625776,1.226521,True,ok,False,"[[0, 803, 891, 780, 994, 817, 984, 986, 839, 869, 835, 962, 758, 833, 856, 981, 764, 886, 783, 827, 874, 930, 898, 997, 805, 907, 939, 881, 846, 888, 991, 890, 896, 929, 928, 813, 754, 913, 784, 947, 854, 953, 816, 945, 837, 936, 834, 949, 922, 795, 903, 820, 915, 819, 868, 883, 812, 977, 918, 873, 853, 825, 859, 786, 781, 776, 822, 895, 911, 807, 875, 899, 767, 974, 867, 968, 802, 759, 971, 848, 858, 993, 982, 865, 861, 779, 934, 831, 845, 810, 847, 938, 871, 791, 937, 866, 958, 952, 801, 902, 828, 901, 862, 838, 965, 793, 829, 980, 766, 919, 804, 757, 778, 973, 806, 823, 782, 771, 946, 774, 955, 826, 976, 941, 990, 844, 882, 959, 972, 857, 957, 921, 876, 787, 943, 969, 824, 889, 954, 792, 878, 860, 975, 988, 855, 790, 800, 923, 840, 917, 752, 910, 794, 935, 842, 956, 924, 989, 906, 998, 830, 942, 770, 951, 756, 892, 970, 872, 927, 908, 880, 814, 768, 905, 961, 940, 964, 799, 996, 809, 762, 950, 797, 772, 893, 960, 864, 811, 948, 925, 755, 887, 894, 967, 789, 751, 773, 995, 983, 765, 920, 912, 852, 796, 987, 870, 897, 760, 815, 999, 850, 798, 788, 832, 849, 863, 985, 916, 966, 963, 761, 763, 775, 785, 877, 818, 978, 851, 932, 979, 900, 836, 931, 933, 909, 0], [0, 624, 611, 741, 608, 569, 533, 485, 709, 739, 473, 574, 731, 493, 648, 683, 626, 732, 564, 647, 470, 540, 691, 545, 490, 525, 715, 589, 563, 629, 562, 640, 467, 548, 482, 517, 581, 723, 570, 612, 697, 617, 596, 689, 576, 593, 690, 668, 652, 494, 582, 535, 496, 605, 744, 575, 584, 481, 514, 701, 468, 554, 684, 600, 471, 672, 708, 572, 531, 480, 705, 748, 477, 518, 488, 527, 638, 670, 725, 528, 500, 733, 662, 692, 669, 497, 475, 736, 664, 613, 724, 501, 476, 650, 549, 745, 678, 676, 642, 487, 609, 544, 534, 505, 727, 693, 663, 509, 658, 507, 622, 720, 557, 625, 655, 641, 483, 665, 542, 623, 551, 595, 667, 566, 644, 567, 718, 746, 719, 504, 603, 506, 712, 649, 750, 661, 520, 508, 686, 571, 526, 704, 740, 635, 707, 469, 586, 543, 486, 621, 502, 685, 541, 721, 614, 680, 734, 682, 512, 583, 539, 546, 523, 698, 651, 671, 717, 627, 619, 737, 530, 620, 474, 498, 550, 558, 659, 580, 495, 666, 590, 677, 536, 679, 631, 645, 503, 688, 722, 478, 510, 489, 588, 706, 703, 633, 749, 511, 556, 602, 674, 568, 597, 522, 656, 513, 726, 516, 637, 702, 492, 484, 565, 735, 714, 729, 587, 639, 713, 598, 646, 630, 643, 479, 604, 699, 673, 711, 532, 591, 553, 524, 559, 730, 738, 552, 710, 728, 592, 615, 521, 660, 628, 529, 747, 653, 537, 555, 579, 654, 578, 716, 499, 472, 547, 687, 610, 632, 742, 696, 561, 618, 681, 636, 594, 515, 585, 694, 695, 491, 573, 607, 634, 519, 601, 657, 538, 577, 675, 743, 616, 606, 599, 700, 560, 374, 302, 372, 286, 342, 387, 441, 404, 303, 422, 463, 312, 415, 440, 297, 382, 397, 359, 448, 337, 385, 429, 431, 383, 282, 390, 290, 439, 307, 361, 287, 419, 315, 327, 376, 322, 357, 363, 378, 345, 418, 318, 313, 446, 395, 300, 293, 394, 353, 358, 356, 301, 296, 413, 427, 377, 465, 321, 416, 340, 396, 380, 276, 330, 288, 281, 365, 352, 326, 338, 366, 454, 450, 435, 392, 273, 323, 456, 384, 278, 355, 437, 408, 325, 460, 458, 370, 274, 350, 299, 379, 434, 457, 317, 443, 388, 405, 354, 343, 280, 417, 423, 344, 335, 360, 432, 351, 362, 336, 399, 401, 461, 272, 339, 371, 426, 292, 445, 367, 386, 407, 403, 459, 329, 436, 455, 311, 346, 414, 328, 425, 466, 291, 411, 294, 451, 400, 464, 305, 421, 375, 295, 410, 331, 449, 453, 347, 277, 333, 438, 341, 428, 304, 283, 369, 420, 368, 389, 298, 285, 284, 409, 306, 393, 319, 373, 332, 334, 309, 324, 402, 320, 452, 447, 412, 310, 398, 424, 364, 406, 308, 444, 462, 279, 391, 316, 289, 381, 314, 275, 433, 430, 348, 442, 349, 0], [0, 206, 124, 68, 107, 265, 66, 21, 217, 76, 227, 209, 147, 80, 50, 144, 58, 31, 192, 120, 125, 38, 240, 77, 52, 20, 149, 28, 219, 84, 98, 69, 54, 164, 126, 246, 178, 40, 1, 228, 122, 182, 16, 139, 236, 36, 181, 259, 5, 146, 25, 134, 100, 172, 150, 183, 81, 136, 112, 243, 45, 252, 78, 245, 158, 138, 184, 261, 9, 19, 8, 89, 212, 237, 44, 169, 251, 145, 113, 239, 56, 27, 96, 92, 129, 24, 133, 42, 156, 196, 109, 271, 153, 258, 226, 177, 116, 33, 170, 86, 215, 46, 220, 71, 171, 14, 121, 208, 162, 82, 104, 141, 256, 188, 15, 233, 195, 60, 155, 185, 91, 175, 190, 67, 23, 197, 176, 142, 41, 103, 39, 2, 114, 70, 43, 29, 26, 263, 260, 213, 193, 168, 224, 7, 225, 198, 57, 10, 99, 199, 163, 202, 151, 74, 221, 222, 157, 154, 167, 111, 34, 229, 152, 65, 49, 223, 73, 47, 189, 63, 241, 83, 128, 207, 257, 268, 161, 101, 210, 216, 30, 22, 61, 218, 123, 242, 160, 48, 166, 173, 64, 255, 143, 6, 200, 4, 249, 93, 72, 87, 203, 267, 117, 140, 85, 235, 266, 11, 204, 254, 262, 201, 102, 75, 135, 132, 32, 250, 130, 94, 110, 106, 105, 205, 137, 53, 270, 90, 247, 174, 62, 131, 179, 230, 231, 79, 17, 97, 18, 88, 59, 187, 264, 159, 248, 253, 118, 269, 12, 214, 13, 119, 165, 37, 191, 238, 108, 127, 95, 148, 186, 232, 234, 244, 180, 194, 3, 55, 51, 211, 35, 115, 944, 926, 821, 992, 884, 914, 879, 841, 808, 777, 843, 904, 769, 753, 885, 0]]"
clustered-center,clustered-center_n1000_m5_r01.txt,data\mtsp\generated_multifamily\clustered-center_n1000_m5_r01.txt,1000,5,ortools-gls,medium,3472.404292,5.00174,True,ok,False,"[[0, 485, 439, 453, 242, 395, 382, 228, 447, 426, 410, 238, 482, 301, 484, 399, 496, 230, 256, 262, 419, 472, 319, 325, 321, 268, 468, 248, 358, 389, 479, 376, 282, 317, 255, 387, 296, 441, 290, 404, 240, 354, 440, 444, 276, 471, 283, 340, 281, 287, 421, 307, 246, 379, 414, 369, 423, 457, 314, 361, 397, 237, 448, 366, 330, 392, 360, 304, 393, 349, 305, 466, 232, 259, 327, 322, 297, 428, 362, 289, 495, 416, 377, 227, 368, 288, 478, 251, 275, 383, 252, 475, 467, 409, 342, 271, 266, 371, 372, 400, 350, 390, 339, 286, 311, 408, 385, 417, 456, 353, 312, 430, 334, 315, 449, 398, 431, 302, 323, 269, 234, 260, 365, 270, 303, 347, 320, 348, 469, 463, 280, 333, 480, 273, 264, 443, 257, 413, 352, 331, 279, 437, 438, 452, 254, 401, 344, 422, 258, 328, 370, 278, 277, 451, 435, 239, 324, 229, 394, 329, 359, 391, 265, 481, 292, 308, 483, 285, 386, 458, 487, 494, 406, 263, 433, 244, 375, 338, 407, 355, 310, 345, 490, 346, 272, 470, 335, 341, 425, 461, 434, 233, 378, 309, 432, 420, 488, 388, 427, 253, 384, 316, 454, 236, 298, 261, 267, 367, 351, 357, 337, 293, 343, 415, 381, 363, 291, 442, 249, 418, 477, 284, 455, 318, 436, 412, 373, 462, 445, 411, 450, 489, 429, 326, 250, 459, 295, 241, 446, 336, 332, 493, 313, 247, 294, 231, 491, 464, 306, 403, 498, 274, 492, 300, 402, 476, 364, 374, 235, 474, 405, 396, 465, 497, 243, 473, 486, 299, 356, 380, 245, 424, 460, 652, 561, 526, 537, 640, 670, 630, 689, 637, 662, 616, 604, 719, 647, 677, 651, 512, 729, 690, 671, 636, 672, 631, 569, 522, 634, 552, 622, 618, 564, 513, 683, 559, 529, 706, 698, 694, 715, 615, 547, 565, 682, 723, 669, 657, 548, 536, 653, 608, 508, 717, 544, 603, 655, 614, 674, 543, 707, 703, 530, 519, 709, 499, 710, 501, 528, 681, 556, 504, 691, 610, 724, 675, 607, 540, 581, 725, 584, 621, 579, 619, 680, 695, 600, 523, 532, 650, 623, 632, 598, 613, 676, 644, 726, 720, 641, 580, 531, 731, 568, 629, 667, 721, 702, 588, 566, 659, 587, 625, 696, 684, 635, 577, 553, 539, 639, 612, 678, 633, 656, 516, 601, 664, 716, 628, 517, 697, 727, 718, 595, 573, 626, 649, 502, 624, 692, 551, 660, 658, 567, 520, 509, 550, 503, 728, 648, 714, 557, 575, 596, 582, 549, 590, 705, 611, 617, 555, 535, 563, 609, 602, 693, 558, 586, 554, 585, 546, 663, 510, 686, 533, 515, 538, 525, 583, 711, 642, 620, 578, 646, 712, 713, 679, 643, 527, 673, 605, 688, 507, 730, 576, 654, 599, 722, 574, 589, 627, 542, 506, 661, 701, 511, 594, 645, 597, 514, 570, 666, 572, 665, 699, 708, 562, 668, 500, 593, 560, 592, 700, 545, 505, 541, 571, 524, 704, 638, 606, 591, 732, 534, 518, 521, 687, 685, 826, 818, 866, 930, 833, 793, 991, 784, 985, 780, 839, 786, 846, 958, 807, 950, 966, 743, 820, 892, 908, 792, 813, 738, 761, 865, 981, 920, 823, 835, 773, 905, 757, 893, 872, 890, 896, 811, 902, 814, 829, 988, 992, 939, 767, 970, 976, 912, 980, 845, 851, 794, 789, 766, 886, 883, 816, 834, 929, 734, 796, 850, 803, 830, 837, 928, 805, 858, 860, 888, 747, 788, 919, 927, 824, 948, 864, 782, 925, 862, 838, 989, 810, 783, 963, 736, 916, 984, 960, 798, 821, 771, 741, 909, 841, 951, 856, 812, 874, 934, 832, 855, 869, 904, 778, 906, 749, 952, 922, 967, 765, 946, 806, 852, 884, 809, 808, 961, 945, 932, 745, 933, 867, 897, 775, 870, 801, 917, 975, 879, 986, 737, 900, 790, 982, 964, 903, 942, 763, 844, 840, 817, 744, 857, 968, 762, 740, 868, 947, 938, 941, 871, 996, 822, 739, 787, 751, 895, 972, 848, 936, 987, 753, 799, 944, 735, 854, 800, 885, 990, 882, 875, 915, 797, 877, 785, 931, 962, 754, 836, 926, 889, 756, 940, 760, 921, 993, 827, 935, 861, 746, 772, 974, 887, 779, 774, 742, 815, 863, 969, 777, 956, 937, 979, 983, 758, 943, 898, 733, 923, 828, 953, 791, 894, 924, 971, 880, 825, 859, 959, 999, 911, 978, 901, 878, 853, 910, 764, 891, 876, 768, 804, 752, 965, 995, 914, 819, 755, 842, 873, 110, 212, 150, 218, 180, 170, 106, 39, 34, 203, 196, 104, 15, 172, 136, 89, 176, 64, 111, 115, 171, 71, 73, 41, 21, 169, 149, 223, 88, 70, 124, 76, 56, 91, 80, 216, 62, 147, 222, 120, 99, 35, 68, 19, 48, 145, 220, 94, 155, 12, 20, 24, 112, 119, 63, 175, 96, 101, 195, 72, 201, 140, 213, 127, 153, 183, 193, 161, 148, 2, 26, 158, 25, 28, 123, 126, 192, 109, 129, 190, 122, 211, 102, 77, 166, 18, 173, 82, 6, 113, 132, 215, 151, 214, 55, 32, 105, 11, 61, 210, 125, 60, 135, 221, 156, 53, 49, 189, 44, 117, 138, 83, 30, 45, 226, 86, 205, 58, 59, 178, 209, 74, 185, 186, 1, 194, 31, 54, 139, 121, 3, 146, 16, 22, 118, 116, 163, 224, 107, 182, 160, 202, 165, 142, 9, 43, 159, 217, 95, 152, 5, 4, 97, 168, 143, 81, 93, 47, 38, 69, 87, 167, 8, 98, 33, 42, 181, 37, 133, 179, 46, 206, 65, 157, 27, 219, 134, 36, 208, 177, 92, 188, 84, 137, 191, 108, 100, 51, 114, 200, 174, 154, 225, 141, 131, 103, 144, 78, 128, 164, 90, 79, 207, 162, 187, 198, 57, 40, 66, 199, 52, 14, 10, 85, 130, 23, 13, 204, 50, 184, 17, 29, 67, 197, 7, 75, 997, 770, 977, 949, 957, 769, 843, 781, 994, 748, 918, 750, 913, 776, 907, 831, 849, 881, 847, 802, 954, 759, 998, 955, 973, 795, 899, 0], [0, 0], [0, 0], [0, 0], [0, 0]]"
clustered-center,clustered-center_n1000_m5_r01.txt,data\mtsp\generated_multifamily\clustered-center_n1000_m5_r01.txt,1000,5,tsp-transform-lkh,medium,3595.64146,1.140996,True,ok,False,"[[0, 534, 524, 704, 638, 606, 571, 591, 559, 529, 706, 698, 694, 541, 545, 505, 700, 592, 728, 648, 714, 557, 550, 575, 562, 708, 668, 500, 593, 560, 715, 615, 547, 618, 564, 683, 513, 732, 522, 634, 622, 552, 569, 662, 637, 689, 630, 670, 640, 537, 561, 526, 719, 647, 677, 651, 512, 729, 690, 604, 671, 636, 616, 672, 631, 548, 657, 669, 565, 723, 682, 597, 594, 645, 511, 701, 642, 661, 506, 542, 627, 599, 722, 574, 589, 536, 608, 508, 717, 603, 655, 614, 544, 543, 707, 501, 499, 710, 556, 504, 643, 679, 681, 528, 527, 709, 519, 530, 703, 674, 673, 605, 688, 507, 653, 654, 730, 576, 646, 578, 620, 584, 725, 581, 712, 607, 713, 675, 691, 610, 724, 540, 695, 600, 726, 523, 532, 650, 623, 632, 598, 613, 676, 644, 731, 568, 566, 659, 625, 696, 609, 563, 587, 588, 702, 721, 667, 629, 580, 641, 531, 546, 663, 510, 686, 720, 680, 619, 621, 579, 538, 515, 533, 525, 583, 711, 585, 554, 586, 558, 693, 602, 666, 570, 514, 572, 665, 699, 617, 555, 535, 553, 684, 635, 577, 539, 626, 649, 573, 639, 612, 678, 633, 697, 656, 516, 601, 664, 727, 718, 595, 502, 549, 590, 705, 611, 582, 624, 692, 596, 551, 509, 520, 567, 503, 658, 660, 517, 628, 716, 0], [0, 899, 795, 973, 991, 784, 985, 814, 902, 793, 833, 930, 866, 818, 826, 976, 912, 970, 767, 939, 980, 845, 794, 851, 906, 778, 904, 749, 934, 874, 832, 855, 952, 922, 765, 946, 884, 852, 806, 747, 788, 919, 805, 858, 860, 888, 830, 803, 850, 809, 808, 961, 837, 928, 927, 824, 864, 782, 989, 810, 783, 812, 869, 741, 821, 798, 960, 984, 916, 771, 909, 841, 736, 951, 856, 963, 838, 862, 925, 948, 879, 986, 975, 737, 775, 897, 867, 933, 870, 801, 917, 921, 993, 756, 926, 962, 754, 836, 940, 760, 790, 900, 982, 964, 903, 763, 942, 844, 840, 817, 744, 857, 968, 762, 740, 868, 871, 941, 938, 947, 751, 895, 972, 848, 936, 987, 787, 739, 822, 996, 753, 799, 944, 735, 854, 800, 885, 990, 882, 875, 915, 797, 877, 785, 931, 889, 827, 932, 945, 745, 935, 746, 861, 887, 974, 772, 779, 774, 742, 815, 863, 969, 777, 956, 937, 981, 920, 738, 865, 761, 823, 835, 773, 905, 796, 734, 929, 834, 967, 816, 883, 886, 766, 789, 992, 988, 829, 811, 893, 757, 890, 872, 896, 839, 780, 955, 998, 954, 802, 759, 786, 847, 846, 881, 849, 831, 907, 913, 776, 958, 807, 950, 966, 743, 820, 892, 908, 758, 983, 792, 813, 979, 733, 923, 828, 825, 953, 894, 791, 924, 971, 880, 959, 978, 901, 878, 853, 911, 999, 859, 910, 764, 891, 876, 898, 843, 769, 781, 943, 994, 748, 918, 750, 873, 842, 755, 949, 977, 957, 768, 819, 770, 804, 752, 914, 995, 965, 997, 0], [0, 110, 75, 7, 197, 67, 29, 212, 17, 184, 170, 50, 106, 39, 14, 141, 225, 154, 174, 71, 64, 176, 111, 115, 171, 196, 203, 34, 180, 150, 218, 104, 15, 172, 136, 89, 127, 213, 140, 153, 183, 193, 73, 41, 21, 169, 200, 114, 88, 149, 223, 26, 158, 147, 216, 80, 91, 25, 28, 123, 65, 177, 56, 92, 188, 137, 76, 70, 108, 124, 191, 84, 208, 47, 93, 81, 143, 168, 5, 152, 217, 185, 159, 186, 224, 107, 182, 160, 202, 165, 142, 9, 43, 97, 4, 100, 51, 103, 144, 131, 164, 128, 78, 90, 79, 207, 162, 187, 199, 52, 10, 85, 204, 130, 23, 13, 66, 40, 57, 198, 146, 3, 121, 16, 22, 139, 163, 116, 118, 194, 1, 31, 54, 178, 59, 58, 209, 74, 205, 86, 226, 45, 95, 30, 138, 83, 117, 44, 189, 210, 125, 135, 60, 61, 11, 105, 32, 55, 221, 214, 151, 8, 156, 53, 49, 167, 69, 38, 87, 98, 215, 132, 6, 82, 113, 33, 42, 36, 134, 219, 157, 27, 126, 206, 46, 179, 102, 133, 37, 181, 173, 18, 166, 77, 211, 122, 190, 129, 192, 109, 94, 220, 155, 12, 145, 24, 20, 48, 19, 99, 68, 35, 120, 222, 62, 148, 2, 161, 201, 72, 195, 101, 96, 175, 63, 112, 119, 0], [0, 252, 383, 475, 467, 275, 251, 478, 409, 342, 271, 266, 371, 350, 368, 227, 377, 322, 297, 366, 330, 304, 392, 360, 232, 259, 327, 372, 400, 390, 339, 286, 311, 456, 353, 312, 430, 334, 315, 449, 398, 431, 385, 417, 408, 270, 303, 365, 347, 320, 348, 469, 463, 280, 443, 264, 333, 480, 273, 257, 260, 269, 234, 413, 437, 323, 302, 466, 305, 438, 452, 494, 349, 393, 406, 263, 487, 254, 401, 344, 422, 458, 386, 433, 244, 375, 346, 272, 490, 345, 310, 355, 407, 313, 493, 233, 434, 461, 425, 341, 335, 470, 285, 483, 481, 391, 265, 258, 328, 370, 331, 279, 352, 278, 239, 435, 277, 451, 324, 359, 229, 394, 329, 292, 308, 388, 488, 420, 432, 309, 378, 291, 363, 384, 253, 427, 454, 236, 298, 261, 267, 367, 351, 316, 293, 337, 357, 343, 381, 415, 284, 477, 418, 442, 249, 332, 336, 241, 446, 412, 436, 455, 318, 373, 429, 489, 445, 462, 411, 450, 326, 250, 459, 295, 306, 403, 498, 274, 492, 300, 444, 276, 440, 421, 287, 281, 340, 283, 471, 464, 491, 231, 294, 247, 423, 457, 314, 338, 237, 448, 397, 361, 414, 379, 369, 307, 246, 389, 358, 248, 468, 479, 376, 301, 321, 268, 362, 428, 289, 495, 416, 288, 325, 319, 472, 419, 262, 256, 230, 496, 399, 484, 482, 238, 282, 317, 410, 255, 426, 447, 228, 387, 296, 441, 290, 404, 240, 354, 364, 402, 476, 235, 374, 395, 382, 242, 453, 485, 439, 299, 356, 486, 474, 473, 405, 396, 465, 243, 497, 380, 245, 424, 460, 0], [0, 652, 521, 687, 685, 518, 0]]"
clustered-center,clustered-center_n1000_m7_r01.txt,data\mtsp\generated_multifamily\clustered-center_n1000_m7_r01.txt,1000,7,ortools-gls,medium,3398.734214,5.0025,True,ok,False,"[[0, 330, 405, 308, 435, 525, 479, 318, 427, 359, 387, 429, 313, 361, 372, 369, 396, 515, 356, 439, 391, 416, 497, 290, 502, 300, 514, 477, 433, 511, 385, 292, 467, 417, 388, 333, 445, 294, 472, 352, 395, 400, 509, 418, 320, 283, 319, 303, 424, 474, 475, 465, 468, 374, 454, 413, 426, 367, 527, 305, 448, 341, 513, 332, 500, 343, 309, 354, 437, 384, 489, 366, 401, 274, 471, 532, 339, 288, 370, 331, 297, 402, 492, 462, 411, 371, 494, 298, 434, 499, 536, 373, 463, 350, 302, 324, 464, 516, 349, 399, 506, 460, 478, 345, 436, 521, 524, 522, 272, 491, 408, 355, 480, 301, 430, 376, 520, 315, 312, 457, 378, 316, 348, 284, 314, 422, 421, 533, 280, 381, 394, 523, 485, 404, 493, 295, 277, 442, 469, 351, 531, 311, 476, 466, 452, 334, 380, 530, 431, 326, 403, 505, 293, 526, 529, 275, 481, 392, 508, 276, 286, 453, 447, 325, 357, 482, 537, 449, 382, 444, 287, 406, 307, 289, 304, 488, 440, 368, 346, 425, 496, 470, 504, 375, 291, 321, 389, 393, 386, 412, 528, 364, 443, 441, 360, 335, 455, 423, 432, 327, 347, 461, 450, 299, 407, 451, 501, 495, 285, 518, 328, 456, 377, 419, 278, 498, 296, 323, 510, 398, 362, 281, 344, 410, 340, 279, 414, 438, 486, 322, 379, 397, 473, 310, 390, 306, 336, 365, 519, 420, 487, 353, 282, 273, 459, 535, 484, 517, 490, 483, 534, 383, 409, 358, 342, 446, 329, 363, 415, 338, 428, 507, 317, 337, 458, 503, 512, 604, 594, 716, 740, 647, 691, 563, 702, 720, 679, 539, 709, 710, 714, 726, 719, 610, 545, 739, 587, 650, 607, 723, 585, 595, 651, 631, 712, 583, 671, 659, 548, 754, 749, 718, 562, 751, 741, 638, 619, 706, 729, 674, 670, 608, 727, 747, 732, 582, 750, 668, 699, 623, 715, 654, 605, 677, 630, 572, 657, 738, 703, 596, 637, 745, 627, 684, 629, 542, 704, 543, 602, 613, 680, 724, 566, 737, 571, 551, 549, 547, 591, 644, 617, 690, 567, 678, 588, 705, 667, 643, 570, 662, 557, 624, 744, 707, 573, 713, 620, 586, 575, 590, 540, 633, 708, 603, 564, 681, 695, 597, 618, 698, 632, 616, 576, 748, 560, 641, 561, 682, 544, 664, 578, 626, 645, 642, 584, 577, 696, 753, 701, 614, 636, 733, 598, 742, 694, 660, 725, 693, 730, 574, 731, 717, 649, 541, 663, 700, 546, 593, 687, 639, 697, 601, 692, 734, 656, 558, 735, 675, 736, 599, 686, 615, 552, 648, 556, 592, 568, 635, 746, 565, 606, 743, 622, 665, 722, 655, 538, 673, 653, 580, 689, 634, 688, 621, 559, 612, 666, 569, 752, 661, 721, 683, 550, 669, 554, 640, 685, 676, 611, 646, 711, 589, 728, 672, 555, 652, 579, 658, 628, 625, 581, 609, 600, 553, 850, 916, 949, 759, 943, 872, 809, 801, 887, 861, 807, 896, 988, 902, 832, 959, 952, 863, 771, 960, 983, 845, 897, 818, 901, 833, 870, 797, 888, 929, 883, 933, 777, 918, 906, 958, 816, 837, 761, 993, 792, 826, 997, 810, 984, 976, 767, 937, 873, 907, 828, 975, 908, 817, 878, 789, 886, 927, 965, 786, 964, 968, 946, 804, 862, 842, 980, 900, 868, 911, 834, 820, 836, 790, 891, 934, 866, 825, 969, 999, 938, 914, 772, 798, 889, 841, 867, 973, 788, 808, 857, 806, 756, 875, 910, 854, 760, 758, 919, 935, 994, 924, 827, 880, 779, 881, 764, 765, 928, 991, 979, 846, 822, 892, 800, 768, 895, 849, 859, 985, 941, 936, 885, 860, 971, 829, 974, 793, 770, 851, 990, 882, 912, 940, 856, 877, 780, 840, 755, 795, 981, 967, 757, 874, 803, 905, 913, 787, 865, 858, 915, 802, 814, 961, 996, 966, 931, 955, 972, 813, 763, 774, 843, 962, 995, 926, 925, 821, 945, 909, 824, 823, 847, 989, 904, 805, 957, 785, 852, 879, 970, 794, 921, 784, 869, 876, 839, 864, 831, 781, 890, 811, 762, 778, 987, 830, 855, 775, 978, 796, 766, 922, 939, 773, 844, 893, 799, 769, 848, 791, 894, 815, 986, 838, 956, 884, 853, 998, 871, 899, 944, 783, 948, 953, 951, 923, 782, 932, 963, 930, 982, 903, 954, 819, 776, 835, 920, 812, 950, 942, 992, 977, 917, 898, 947, 148, 67, 23, 138, 241, 195, 19, 59, 167, 206, 14, 185, 89, 157, 248, 181, 48, 233, 124, 253, 95, 230, 100, 174, 194, 242, 196, 122, 38, 110, 75, 164, 188, 209, 172, 37, 156, 270, 173, 259, 129, 152, 197, 126, 153, 65, 207, 219, 107, 61, 10, 2, 63, 257, 235, 258, 105, 90, 203, 180, 32, 57, 140, 9, 232, 55, 216, 249, 163, 51, 11, 41, 115, 50, 192, 147, 71, 186, 143, 168, 169, 54, 118, 264, 24, 25, 85, 27, 237, 82, 225, 17, 202, 136, 113, 39, 58, 68, 3, 160, 127, 6, 69, 36, 244, 78, 137, 46, 4, 221, 176, 66, 88, 12, 177, 114, 217, 162, 245, 80, 43, 224, 183, 262, 141, 255, 246, 109, 128, 87, 239, 184, 94, 170, 175, 204, 238, 144, 79, 187, 142, 76, 158, 101, 256, 28, 92, 222, 260, 252, 229, 77, 133, 234, 60, 99, 20, 149, 45, 120, 93, 165, 123, 159, 62, 243, 189, 146, 112, 178, 97, 198, 13, 64, 102, 18, 56, 52, 96, 190, 171, 84, 214, 91, 145, 29, 139, 33, 106, 208, 116, 267, 220, 231, 215, 254, 7, 5, 16, 108, 73, 74, 98, 130, 121, 200, 8, 134, 132, 44, 103, 240, 247, 218, 268, 26, 49, 261, 269, 42, 236, 151, 83, 193, 35, 161, 40, 263, 191, 72, 104, 21, 117, 150, 271, 228, 210, 227, 212, 201, 166, 205, 251, 265, 125, 81, 111, 34, 226, 155, 31, 266, 15, 154, 86, 135, 70, 22, 119, 179, 131, 47, 213, 182, 30, 211, 250, 199, 53, 1, 223, 0], [0, 0], [0, 0], [0, 0], [0, 0], [0, 0], [0, 0]]"
clustered-center,clustered-center_n1000_m7_r01.txt,data\mtsp\generated_multifamily\clustered-center_n1000_m7_r01.txt,1000,7,tsp-transform-lkh,medium,3814.167479,1.289138,True,ok,False,"[[0, 759, 943, 872, 809, 801, 898, 947, 887, 861, 917, 977, 807, 896, 918, 777, 906, 816, 958, 993, 837, 761, 825, 969, 999, 866, 934, 891, 790, 836, 792, 883, 929, 888, 818, 933, 897, 845, 983, 988, 902, 832, 959, 952, 863, 960, 771, 901, 833, 870, 797, 826, 997, 810, 984, 980, 976, 767, 842, 937, 873, 828, 975, 908, 817, 907, 878, 789, 886, 965, 927, 968, 946, 804, 862, 900, 834, 820, 911, 868, 964, 786, 756, 875, 910, 854, 760, 758, 919, 806, 935, 857, 808, 788, 973, 867, 841, 889, 994, 772, 798, 881, 764, 924, 827, 880, 779, 928, 795, 981, 991, 755, 979, 846, 840, 780, 877, 770, 885, 936, 822, 859, 849, 892, 800, 768, 895, 985, 941, 860, 829, 974, 971, 793, 990, 851, 856, 940, 913, 787, 905, 803, 874, 865, 858, 915, 802, 814, 757, 967, 765, 938, 914, 961, 996, 966, 931, 955, 972, 813, 763, 774, 843, 962, 995, 926, 945, 909, 824, 823, 847, 912, 882, 805, 957, 785, 852, 879, 904, 989, 821, 970, 794, 925, 922, 773, 939, 844, 791, 893, 799, 769, 848, 894, 956, 884, 853, 998, 871, 815, 986, 838, 903, 982, 930, 783, 944, 899, 954, 819, 942, 992, 950, 812, 776, 835, 920, 0], [0, 762, 953, 951, 948, 923, 782, 932, 963, 855, 978, 775, 830, 766, 921, 796, 784, 869, 876, 839, 864, 831, 987, 778, 811, 890, 781, 0], [0, 223, 148, 67, 23, 138, 241, 195, 19, 1, 53, 199, 211, 30, 182, 213, 59, 185, 157, 248, 181, 48, 233, 124, 253, 95, 230, 100, 89, 249, 206, 14, 131, 167, 47, 250, 31, 155, 266, 154, 15, 179, 119, 22, 41, 115, 51, 163, 174, 194, 203, 90, 105, 122, 242, 196, 38, 110, 75, 164, 270, 173, 259, 129, 126, 197, 152, 188, 209, 172, 37, 156, 219, 207, 65, 107, 61, 10, 63, 2, 153, 257, 235, 258, 180, 55, 216, 11, 232, 9, 32, 140, 57, 159, 123, 62, 20, 165, 149, 93, 120, 45, 99, 60, 243, 234, 133, 77, 229, 252, 260, 28, 222, 92, 245, 80, 162, 217, 176, 221, 43, 224, 183, 262, 4, 66, 114, 177, 12, 88, 69, 36, 6, 137, 46, 78, 244, 127, 113, 39, 136, 58, 68, 160, 3, 42, 236, 49, 83, 151, 26, 261, 269, 218, 247, 25, 24, 73, 108, 16, 85, 27, 237, 82, 225, 87, 17, 202, 128, 109, 141, 255, 246, 187, 79, 144, 96, 158, 142, 76, 101, 256, 112, 178, 97, 146, 189, 64, 198, 13, 56, 52, 102, 18, 171, 214, 91, 84, 190, 238, 204, 170, 175, 145, 94, 184, 239, 5, 7, 254, 106, 139, 33, 29, 208, 116, 220, 267, 215, 231, 192, 50, 70, 147, 135, 86, 34, 111, 226, 81, 125, 265, 212, 201, 251, 205, 71, 186, 143, 166, 98, 169, 168, 54, 118, 264, 74, 134, 132, 130, 121, 200, 227, 8, 210, 228, 271, 117, 150, 191, 263, 44, 103, 240, 40, 268, 35, 193, 161, 72, 104, 21, 0], [0, 477, 514, 300, 502, 290, 283, 319, 497, 416, 303, 424, 361, 313, 372, 429, 359, 387, 369, 396, 356, 515, 439, 391, 474, 418, 320, 509, 400, 395, 352, 433, 511, 472, 294, 385, 292, 445, 333, 417, 467, 388, 305, 448, 341, 513, 332, 516, 349, 302, 324, 464, 536, 499, 434, 298, 494, 411, 371, 492, 402, 297, 331, 462, 370, 288, 339, 532, 471, 489, 437, 384, 307, 406, 403, 444, 287, 382, 440, 289, 304, 488, 368, 425, 470, 504, 496, 375, 346, 449, 537, 482, 357, 286, 453, 325, 447, 481, 275, 452, 466, 392, 276, 508, 476, 531, 351, 443, 364, 528, 412, 386, 393, 389, 291, 321, 299, 407, 501, 451, 495, 285, 518, 419, 377, 456, 328, 461, 450, 347, 327, 432, 278, 423, 455, 498, 296, 360, 335, 441, 311, 469, 442, 277, 295, 485, 523, 394, 381, 280, 533, 421, 376, 430, 301, 480, 355, 491, 272, 522, 524, 345, 478, 530, 408, 334, 380, 526, 529, 293, 505, 326, 431, 309, 354, 366, 401, 274, 463, 373, 350, 343, 460, 506, 399, 500, 436, 521, 527, 426, 367, 413, 454, 374, 468, 465, 475, 520, 315, 312, 318, 427, 525, 435, 308, 405, 330, 329, 363, 446, 342, 358, 409, 479, 316, 457, 378, 348, 422, 284, 282, 314, 353, 487, 404, 493, 420, 519, 365, 336, 306, 473, 310, 390, 323, 510, 398, 362, 281, 397, 379, 344, 410, 340, 322, 486, 279, 414, 438, 534, 483, 490, 517, 484, 273, 459, 535, 383, 317, 337, 458, 415, 338, 428, 507, 503, 512, 0], [0, 604, 594, 563, 702, 720, 679, 709, 539, 572, 657, 738, 630, 677, 703, 605, 654, 596, 637, 715, 623, 699, 745, 627, 684, 629, 542, 543, 704, 750, 668, 749, 754, 548, 712, 631, 562, 718, 638, 741, 751, 619, 706, 592, 568, 635, 746, 565, 580, 653, 743, 606, 622, 665, 655, 722, 734, 692, 700, 663, 558, 656, 735, 675, 736, 664, 578, 682, 641, 561, 599, 686, 556, 648, 729, 674, 670, 608, 667, 705, 588, 727, 747, 732, 678, 582, 567, 690, 617, 644, 591, 613, 602, 680, 724, 566, 549, 737, 571, 551, 547, 590, 540, 633, 708, 603, 681, 695, 597, 618, 662, 564, 575, 586, 620, 713, 573, 707, 744, 624, 557, 616, 632, 698, 570, 643, 552, 615, 576, 748, 560, 544, 626, 614, 645, 642, 584, 696, 753, 577, 701, 733, 598, 694, 742, 725, 660, 693, 730, 636, 574, 731, 717, 649, 541, 639, 697, 601, 593, 687, 546, 652, 555, 579, 581, 658, 628, 625, 621, 688, 634, 689, 538, 673, 569, 752, 666, 559, 612, 587, 650, 607, 723, 585, 595, 651, 583, 671, 659, 726, 719, 545, 739, 610, 714, 710, 691, 716, 647, 740, 661, 721, 550, 669, 554, 683, 0], [0, 640, 676, 611, 646, 711, 685, 589, 728, 672, 600, 609, 553, 0], [0, 850, 916, 949, 0]]"
clustered-center,clustered-center_n100_m2_r01.txt,data\mtsp\generated_multifamily\clustered-center_n100_m2_r01.txt,100,2,ortools-gls,medium,235.176596,5.000621,True,ok,False,"[[0, 55, 64, 52, 38, 45, 50, 56, 68, 69, 54, 37, 66, 60, 51, 46, 63, 70, 62, 65, 43, 58, 71, 67, 72, 57, 53, 73, 40, 59, 42, 39, 47, 44, 48, 41, 61, 49, 90, 98, 96, 93, 95, 82, 75, 81, 94, 92, 89, 99, 74, 79, 78, 83, 76, 84, 88, 86, 85, 91, 77, 80, 87, 97, 32, 8, 9, 27, 22, 17, 26, 1, 6, 12, 30, 7, 23, 13, 19, 16, 24, 14, 3, 11, 36, 20, 28, 25, 10, 5, 2, 15, 29, 21, 4, 34, 18, 31, 33, 35, 0], [0, 0]]"
clustered-center,clustered-center_n100_m2_r01.txt,data\mtsp\generated_multifamily\clustered-center_n100_m2_r01.txt,100,2,tsp-transform-lkh,medium,250.534421,0.073619,True,ok,False,"[[0, 2, 15, 29, 21, 5, 10, 36, 11, 3, 14, 24, 16, 20, 28, 19, 13, 23, 25, 4, 7, 30, 12, 6, 1, 26, 34, 18, 31, 33, 27, 22, 17, 9, 32, 8, 35, 97, 80, 87, 93, 77, 91, 85, 86, 88, 84, 76, 83, 78, 79, 75, 74, 99, 89, 92, 81, 94, 82, 95, 96, 98, 90, 0], [0, 49, 61, 41, 55, 52, 64, 48, 40, 73, 59, 42, 39, 62, 65, 53, 57, 72, 67, 71, 58, 43, 70, 63, 46, 51, 60, 66, 37, 54, 69, 68, 56, 50, 47, 44, 45, 38, 0]]"
clustered-center,clustered-center_n100_m3_r01.txt,data\mtsp\generated_multifamily\clustered-center_n100_m3_r01.txt,100,3,ortools-gls,medium,248.291092,5.000799,True,ok,False,"[[0, 98, 92, 85, 77, 91, 89, 76, 84, 82, 86, 99, 80, 96, 87, 83, 75, 88, 79, 95, 90, 81, 78, 93, 97, 94, 2, 9, 18, 13, 15, 11, 6, 22, 19, 14, 16, 12, 10, 3, 17, 1, 4, 21, 7, 20, 5, 8, 41, 25, 46, 42, 38, 43, 28, 45, 37, 31, 36, 29, 47, 44, 34, 48, 24, 35, 30, 50, 33, 40, 27, 39, 23, 32, 49, 26, 68, 59, 66, 63, 60, 52, 72, 56, 54, 61, 69, 51, 67, 74, 55, 58, 53, 73, 64, 57, 62, 71, 65, 70, 0], [0, 0], [0, 0]]"
clustered-center,clustered-center_n100_m3_r01.txt,data\mtsp\generated_multifamily\clustered-center_n100_m3_r01.txt,100,3,tsp-transform-lkh,medium,280.683143,0.048058,True,ok,False,"[[0, 94, 97, 93, 78, 81, 90, 95, 79, 88, 75, 96, 87, 83, 82, 84, 76, 89, 86, 80, 99, 91, 77, 85, 92, 98, 0], [0, 70, 65, 71, 62, 57, 64, 73, 53, 55, 58, 52, 60, 63, 66, 72, 74, 67, 51, 69, 61, 54, 56, 59, 68, 0], [0, 26, 49, 32, 23, 39, 27, 40, 33, 50, 30, 35, 24, 48, 34, 44, 47, 29, 36, 31, 37, 45, 28, 43, 38, 46, 25, 42, 41, 8, 2, 9, 18, 13, 7, 21, 20, 5, 4, 1, 17, 3, 10, 12, 16, 14, 19, 22, 6, 15, 11, 0]]"
clustered-center,clustered-center_n100_m5_r01.txt,data\mtsp\generated_multifamily\clustered-center_n100_m5_r01.txt,100,5,ortools-gls,medium,249.114022,5.000539,True,ok,False,"[[0, 83, 90, 89, 91, 86, 93, 84, 85, 82, 88, 99, 81, 94, 95, 79, 87, 98, 80, 97, 92, 96, 16, 3, 25, 18, 27, 5, 9, 23, 28, 8, 13, 6, 2, 20, 12, 1, 19, 7, 21, 17, 24, 4, 11, 14, 15, 26, 10, 22, 44, 49, 31, 40, 33, 48, 34, 38, 32, 41, 30, 29, 37, 36, 39, 46, 47, 50, 43, 35, 42, 45, 66, 58, 65, 67, 64, 51, 63, 71, 74, 77, 52, 60, 72, 54, 55, 76, 78, 61, 56, 73, 69, 57, 70, 68, 59, 75, 62, 53, 0], [0, 0], [0, 0], [0, 0], [0, 0]]"
clustered-center,clustered-center_n100_m5_r01.txt,data\mtsp\generated_multifamily\clustered-center_n100_m5_r01.txt,100,5,tsp-transform-lkh,medium,334.528853,0.057445,True,ok,False,"[[0, 96, 92, 97, 80, 98, 87, 79, 95, 94, 81, 99, 88, 82, 85, 84, 93, 86, 91, 89, 90, 83, 0], [0, 70, 68, 57, 69, 73, 76, 56, 61, 78, 60, 52, 77, 74, 71, 63, 51, 64, 67, 54, 72, 55, 59, 75, 62, 53, 66, 65, 58, 0], [0, 45, 42, 35, 43, 50, 47, 46, 39, 36, 37, 29, 30, 41, 32, 38, 34, 48, 33, 40, 31, 49, 44, 0], [0, 22, 10, 26, 15, 14, 11, 4, 24, 17, 21, 7, 19, 1, 12, 20, 2, 6, 13, 8, 28, 23, 9, 5, 27, 18, 25, 3, 0], [0, 16, 0]]"
clustered-center,clustered-center_n200_m2_r01.txt,data\mtsp\generated_multifamily\clustered-center_n200_m2_r01.txt,200,2,ortools-gls,medium,296.181468,5.000852,True,ok,False,"[[0, 42, 29, 57, 35, 4, 36, 38, 37, 65, 1, 23, 24, 40, 49, 6, 34, 45, 50, 18, 9, 26, 54, 28, 41, 48, 39, 11, 62, 12, 32, 14, 19, 30, 53, 60, 8, 10, 64, 21, 27, 5, 16, 51, 58, 52, 31, 15, 13, 55, 17, 47, 44, 43, 2, 20, 3, 46, 25, 61, 7, 56, 59, 63, 22, 33, 158, 159, 199, 153, 135, 179, 188, 173, 138, 175, 181, 169, 196, 182, 180, 177, 171, 166, 192, 134, 160, 157, 150, 186, 133, 187, 156, 185, 194, 183, 165, 193, 168, 143, 184, 154, 164, 197, 195, 152, 198, 149, 142, 191, 170, 145, 144, 139, 151, 146, 178, 141, 172, 137, 163, 167, 176, 132, 148, 136, 162, 161, 174, 147, 189, 140, 155, 190, 112, 119, 70, 89, 118, 73, 116, 87, 120, 130, 94, 83, 77, 81, 76, 106, 121, 90, 126, 99, 124, 75, 108, 109, 74, 93, 115, 102, 122, 107, 127, 66, 100, 84, 92, 88, 117, 82, 97, 125, 72, 114, 128, 98, 79, 86, 111, 78, 113, 123, 71, 69, 104, 103, 129, 68, 67, 91, 131, 110, 80, 96, 95, 101, 85, 105, 0], [0, 0]]"
clustered-center,clustered-center_n200_m2_r01.txt,data\mtsp\generated_multifamily\clustered-center_n200_m2_r01.txt,200,2,tsp-transform-lkh,medium,309.135898,0.122239,True,ok,False,"[[0, 105, 85, 101, 95, 129, 103, 104, 69, 71, 123, 113, 78, 125, 97, 82, 72, 79, 86, 111, 68, 67, 91, 131, 94, 130, 118, 89, 73, 116, 87, 76, 81, 77, 83, 120, 98, 128, 114, 117, 88, 92, 84, 100, 66, 127, 107, 122, 102, 115, 93, 74, 109, 108, 106, 75, 124, 99, 126, 90, 121, 70, 110, 80, 96, 119, 112, 139, 144, 145, 170, 191, 142, 185, 194, 149, 198, 152, 195, 193, 168, 184, 197, 164, 154, 143, 165, 183, 133, 186, 150, 157, 160, 134, 192, 166, 171, 177, 182, 180, 162, 136, 187, 148, 132, 156, 176, 167, 163, 146, 151, 178, 141, 172, 137, 140, 189, 147, 161, 174, 196, 169, 181, 175, 138, 173, 188, 179, 135, 155, 190, 199, 159, 153, 158, 0], [0, 33, 22, 63, 59, 56, 7, 61, 25, 46, 3, 20, 2, 43, 44, 47, 17, 55, 13, 31, 52, 15, 58, 51, 16, 5, 32, 12, 62, 11, 39, 48, 41, 54, 26, 9, 50, 18, 28, 8, 60, 19, 14, 30, 53, 27, 21, 64, 10, 6, 49, 40, 24, 1, 23, 34, 45, 57, 35, 4, 36, 38, 37, 65, 42, 29, 0]]"
clustered-center,clustered-center_n200_m3_r01.txt,data\mtsp\generated_multifamily\clustered-center_n200_m3_r01.txt,200,3,ortools-gls,medium,305.354597,5.000644,True,ok,False,"[[0, 117, 104, 107, 110, 92, 79, 78, 76, 80, 126, 74, 109, 93, 112, 119, 111, 91, 96, 121, 125, 118, 114, 113, 108, 81, 87, 127, 88, 106, 82, 94, 103, 95, 97, 90, 124, 89, 71, 101, 102, 77, 72, 120, 73, 115, 123, 122, 85, 116, 83, 105, 99, 98, 86, 70, 100, 75, 84, 1, 54, 38, 59, 25, 55, 32, 52, 5, 23, 35, 28, 36, 7, 60, 16, 49, 63, 4, 47, 14, 20, 2, 31, 68, 22, 26, 64, 57, 66, 8, 12, 61, 65, 42, 44, 58, 45, 29, 40, 69, 46, 6, 13, 18, 10, 62, 43, 67, 21, 41, 51, 24, 15, 9, 19, 56, 53, 3, 27, 30, 39, 33, 37, 34, 11, 48, 17, 50, 145, 149, 139, 141, 134, 132, 147, 181, 186, 150, 160, 138, 154, 185, 137, 131, 144, 168, 196, 161, 136, 199, 167, 172, 157, 174, 146, 143, 165, 180, 188, 128, 153, 184, 189, 173, 133, 192, 151, 130, 183, 191, 158, 148, 155, 170, 177, 195, 140, 176, 156, 129, 135, 169, 159, 171, 182, 163, 152, 142, 190, 166, 164, 178, 193, 197, 179, 175, 194, 162, 198, 187, 0], [0, 0], [0, 0]]"
clustered-center,clustered-center_n200_m3_r01.txt,data\mtsp\generated_multifamily\clustered-center_n200_m3_r01.txt,200,3,tsp-transform-lkh,medium,319.450128,0.159389,True,ok,False,"[[0, 1, 54, 38, 59, 25, 19, 9, 55, 32, 52, 5, 23, 35, 28, 68, 31, 36, 7, 60, 16, 49, 63, 4, 2, 20, 47, 14, 44, 58, 45, 46, 6, 13, 10, 18, 43, 67, 62, 69, 40, 29, 42, 65, 61, 12, 8, 66, 57, 64, 22, 26, 15, 24, 51, 41, 21, 56, 53, 3, 27, 30, 39, 33, 37, 34, 11, 48, 17, 50, 0], [0, 145, 149, 139, 141, 134, 132, 147, 181, 186, 142, 150, 160, 138, 154, 165, 143, 146, 137, 185, 131, 144, 168, 196, 161, 136, 199, 167, 174, 172, 157, 184, 189, 173, 133, 192, 151, 130, 183, 191, 158, 153, 128, 188, 180, 148, 155, 170, 177, 195, 140, 176, 156, 129, 135, 169, 159, 171, 182, 163, 152, 190, 166, 164, 178, 193, 197, 179, 175, 194, 162, 198, 187, 0], [0, 110, 107, 104, 94, 82, 106, 88, 127, 87, 81, 108, 113, 114, 76, 78, 79, 92, 74, 109, 126, 80, 93, 112, 119, 111, 91, 96, 121, 118, 125, 72, 120, 73, 115, 77, 123, 105, 99, 86, 70, 98, 83, 116, 85, 122, 102, 71, 101, 90, 124, 89, 100, 75, 84, 97, 95, 103, 117, 0]]"
clustered-center,clustered-center_n200_m5_r01.txt,data\mtsp\generated_multifamily\clustered-center_n200_m5_r01.txt,200,5,ortools-gls,medium,335.034743,5.000539,True,ok,False,"[[0, 44, 2, 13, 27, 18, 10, 24, 15, 16, 34, 19, 43, 11, 1, 14, 26, 38, 7, 47, 49, 20, 29, 9, 42, 46, 3, 4, 28, 21, 45, 41, 36, 22, 25, 37, 31, 5, 39, 30, 33, 50, 51, 6, 32, 17, 40, 8, 23, 12, 48, 35, 66, 92, 74, 95, 62, 58, 83, 61, 86, 98, 54, 64, 52, 72, 82, 69, 87, 63, 53, 60, 79, 77, 65, 91, 88, 97, 73, 89, 84, 76, 80, 78, 57, 56, 93, 55, 94, 85, 67, 90, 96, 71, 59, 81, 75, 70, 68, 150, 154, 101, 131, 119, 106, 107, 149, 134, 155, 126, 104, 151, 109, 129, 124, 127, 108, 130, 148, 141, 138, 125, 122, 117, 152, 112, 139, 137, 116, 133, 110, 105, 146, 103, 115, 136, 100, 145, 102, 142, 121, 147, 132, 153, 111, 140, 135, 99, 143, 114, 144, 120, 113, 128, 118, 123, 182, 160, 169, 168, 171, 196, 163, 198, 176, 199, 190, 164, 191, 186, 185, 161, 188, 174, 177, 170, 192, 195, 180, 179, 197, 175, 193, 172, 181, 167, 166, 156, 187, 173, 189, 184, 157, 178, 183, 158, 165, 162, 159, 194, 0], [0, 0], [0, 0], [0, 0], [0, 0]]"
clustered-center,clustered-center_n200_m5_r01.txt,data\mtsp\generated_multifamily\clustered-center_n200_m5_r01.txt,200,5,tsp-transform-lkh,medium,419.527566,0.184611,True,ok,False,"[[0, 150, 109, 151, 104, 121, 147, 126, 155, 134, 106, 119, 131, 154, 101, 107, 149, 0], [0, 153, 132, 111, 140, 135, 102, 142, 137, 139, 129, 124, 127, 108, 130, 148, 141, 138, 152, 112, 117, 125, 122, 116, 133, 110, 105, 100, 145, 146, 136, 115, 103, 128, 113, 120, 118, 144, 99, 143, 114, 123, 0], [0, 182, 160, 169, 198, 163, 196, 176, 199, 190, 192, 170, 164, 191, 186, 185, 161, 188, 177, 174, 172, 181, 166, 167, 173, 189, 187, 156, 183, 178, 184, 157, 179, 197, 175, 193, 195, 180, 171, 168, 159, 194, 162, 165, 158, 0], [0, 16, 15, 11, 34, 19, 43, 3, 4, 28, 21, 45, 41, 36, 22, 25, 46, 42, 9, 29, 20, 49, 47, 7, 38, 26, 14, 1, 24, 10, 2, 44, 13, 27, 18, 5, 37, 31, 30, 33, 50, 51, 39, 6, 32, 17, 40, 8, 23, 12, 48, 35, 0], [0, 54, 98, 66, 92, 74, 95, 62, 83, 69, 61, 86, 64, 52, 72, 82, 79, 77, 60, 65, 73, 89, 76, 80, 78, 57, 56, 93, 55, 84, 91, 88, 97, 53, 63, 87, 58, 94, 85, 67, 90, 96, 71, 59, 81, 75, 70, 68, 0]]"
clustered-center,clustered-center_n20_m2_r01.txt,data\mtsp\generated_multifamily\clustered-center_n20_m2_r01.txt,20,2,exact-mip,small,45.846705,0.847367,True,optimal:SCIP,True,"[[0, 2, 5, 19, 17, 16, 11, 12, 14, 13, 15, 6, 1, 9, 8, 7, 4, 3, 10, 0], [0, 18, 0]]"
clustered-center,clustered-center_n20_m2_r01.txt,data\mtsp\generated_multifamily\clustered-center_n20_m2_r01.txt,20,2,ortools-gls,small,44.745373,5.000035,True,ok,False,"[[0, 18, 10, 3, 4, 7, 8, 9, 1, 6, 15, 13, 14, 12, 11, 16, 17, 19, 5, 2, 0], [0, 0]]"
clustered-center,clustered-center_n20_m2_r01.txt,data\mtsp\generated_multifamily\clustered-center_n20_m2_r01.txt,20,2,tsp-transform-lkh,small,45.846705,0.028274,True,ok,False,"[[0, 2, 5, 19, 17, 16, 11, 12, 14, 13, 15, 6, 1, 9, 8, 7, 4, 3, 10, 0], [0, 18, 0]]"
clustered-center,clustered-center_n20_m3_r01.txt,data\mtsp\generated_multifamily\clustered-center_n20_m3_r01.txt,20,3,exact-mip,small,49.567455,1.505538,True,optimal:SCIP,True,"[[0, 3, 19, 18, 2, 16, 5, 17, 15, 4, 6, 7, 1, 0], [0, 9, 8, 11, 12, 13, 14, 0], [0, 10, 0]]"
clustered-center,clustered-center_n20_m3_r01.txt,data\mtsp\generated_multifamily\clustered-center_n20_m3_r01.txt,20,3,ortools-gls,small,43.877905,5.001516,True,ok,False,"[[0, 9, 8, 11, 12, 13, 14, 19, 3, 18, 2, 16, 5, 17, 15, 4, 6, 7, 1, 10, 0], [0, 0], [0, 0]]"
clustered-center,clustered-center_n20_m3_r01.txt,data\mtsp\generated_multifamily\clustered-center_n20_m3_r01.txt,20,3,tsp-transform-lkh,small,49.853945,0.02511,True,ok,False,"[[0, 10, 0], [0, 1, 7, 6, 4, 15, 17, 5, 16, 2, 18, 3, 19, 0], [0, 14, 13, 12, 11, 8, 9, 0]]"
clustered-center,clustered-center_n20_m5_r01.txt,data\mtsp\generated_multifamily\clustered-center_n20_m5_r01.txt,20,5,exact-mip,small,64.042851,0.376474,True,optimal:SCIP,True,"[[0, 10, 6, 7, 2, 9, 1, 8, 5, 15, 3, 17, 4, 13, 11, 18, 0], [0, 12, 0], [0, 14, 0], [0, 16, 0], [0, 19, 0]]"
clustered-center,clustered-center_n20_m5_r01.txt,data\mtsp\generated_multifamily\clustered-center_n20_m5_r01.txt,20,5,ortools-gls,small,38.744569,5.000544,True,ok,False,"[[0, 10, 6, 7, 2, 9, 1, 8, 5, 15, 3, 17, 4, 13, 11, 18, 12, 19, 16, 14, 0], [0, 0], [0, 0], [0, 0], [0, 0]]"
clustered-center,clustered-center_n20_m5_r01.txt,data\mtsp\generated_multifamily\clustered-center_n20_m5_r01.txt,20,5,tsp-transform-lkh,small,64.042851,0.023346,True,ok,False,"[[0, 10, 6, 7, 2, 9, 1, 8, 5, 15, 3, 17, 4, 13, 11, 18, 0], [0, 12, 0], [0, 19, 0], [0, 16, 0], [0, 14, 0]]"
clustered-center,clustered-center_n500_m2_r01.txt,data\mtsp\generated_multifamily\clustered-center_n500_m2_r01.txt,500,2,ortools-gls,medium,1041.766363,5.001087,True,ok,False,"[[0, 447, 487, 373, 406, 388, 491, 352, 482, 424, 374, 420, 382, 444, 384, 451, 342, 432, 496, 381, 334, 436, 358, 498, 344, 339, 394, 395, 402, 396, 468, 372, 497, 437, 463, 347, 417, 456, 486, 399, 429, 407, 357, 378, 380, 470, 453, 391, 369, 350, 442, 332, 485, 398, 425, 460, 479, 418, 466, 348, 346, 445, 379, 397, 483, 423, 371, 333, 427, 428, 469, 354, 366, 434, 421, 476, 385, 480, 426, 401, 410, 340, 409, 415, 364, 386, 440, 400, 353, 465, 336, 481, 477, 458, 473, 455, 331, 341, 431, 365, 489, 414, 359, 492, 356, 461, 392, 389, 484, 411, 419, 422, 376, 454, 361, 459, 362, 360, 495, 449, 403, 488, 367, 390, 412, 413, 478, 499, 493, 337, 464, 355, 490, 472, 370, 457, 494, 435, 383, 438, 416, 471, 338, 377, 345, 335, 475, 452, 387, 375, 404, 450, 443, 439, 405, 441, 448, 474, 349, 363, 433, 393, 446, 462, 408, 430, 368, 351, 467, 343, 281, 294, 318, 307, 266, 293, 305, 233, 322, 288, 190, 326, 191, 323, 198, 201, 194, 226, 330, 239, 251, 275, 211, 274, 260, 225, 259, 278, 328, 221, 219, 204, 325, 222, 253, 250, 276, 189, 205, 321, 215, 257, 235, 196, 277, 230, 213, 208, 247, 300, 298, 308, 280, 267, 282, 240, 261, 224, 210, 248, 195, 203, 302, 268, 236, 216, 289, 207, 317, 255, 314, 306, 256, 245, 313, 206, 271, 244, 285, 238, 217, 243, 188, 249, 241, 262, 199, 252, 279, 202, 315, 287, 218, 246, 212, 209, 228, 290, 263, 327, 320, 286, 316, 193, 301, 231, 324, 242, 295, 273, 264, 292, 265, 269, 254, 258, 303, 187, 214, 220, 227, 319, 329, 223, 229, 270, 296, 200, 299, 197, 297, 309, 304, 291, 234, 272, 237, 192, 311, 284, 283, 232, 312, 310, 97, 3, 182, 103, 157, 99, 112, 140, 174, 162, 145, 77, 119, 129, 92, 39, 116, 136, 50, 151, 106, 163, 62, 86, 1, 94, 147, 165, 40, 16, 37, 126, 100, 130, 89, 152, 169, 24, 91, 96, 181, 87, 111, 69, 142, 60, 125, 148, 38, 122, 158, 168, 25, 186, 95, 166, 146, 88, 90, 9, 107, 79, 49, 170, 123, 85, 43, 104, 12, 41, 133, 42, 172, 161, 29, 6, 76, 68, 26, 115, 19, 46, 105, 33, 52, 23, 118, 121, 61, 164, 58, 175, 2, 84, 109, 110, 5, 82, 102, 184, 73, 56, 149, 17, 44, 134, 120, 131, 48, 137, 141, 8, 98, 34, 127, 113, 171, 72, 128, 74, 80, 108, 67, 81, 59, 28, 101, 65, 30, 155, 54, 117, 55, 57, 13, 18, 78, 71, 167, 159, 14, 180, 139, 75, 154, 66, 144, 7, 138, 22, 21, 160, 114, 178, 31, 47, 143, 183, 124, 176, 10, 63, 93, 70, 32, 179, 132, 156, 185, 51, 15, 35, 173, 153, 53, 64, 4, 45, 27, 36, 83, 11, 177, 20, 150, 135, 0], [0, 0]]"
clustered-center,clustered-center_n500_m2_r01.txt,data\mtsp\generated_multifamily\clustered-center_n500_m2_r01.txt,500,2,tsp-transform-lkh,medium,1105.529177,0.251723,True,ok,False,"[[0, 259, 278, 277, 196, 235, 257, 328, 221, 325, 204, 219, 263, 290, 228, 327, 320, 301, 231, 324, 242, 193, 286, 316, 187, 315, 202, 287, 246, 218, 279, 252, 199, 262, 241, 249, 188, 217, 243, 285, 238, 313, 206, 244, 271, 207, 317, 255, 314, 306, 256, 245, 212, 209, 248, 210, 222, 224, 195, 203, 302, 268, 289, 216, 236, 261, 253, 250, 276, 189, 205, 321, 215, 213, 230, 208, 247, 300, 298, 308, 240, 282, 267, 280, 343, 467, 351, 368, 430, 408, 462, 446, 383, 438, 416, 471, 338, 377, 345, 335, 475, 494, 435, 393, 433, 363, 349, 474, 448, 441, 405, 439, 443, 357, 407, 450, 387, 452, 457, 370, 367, 472, 390, 464, 490, 355, 337, 493, 499, 413, 412, 478, 488, 403, 449, 495, 360, 362, 459, 361, 454, 376, 422, 419, 411, 484, 389, 392, 461, 414, 359, 492, 356, 375, 404, 378, 380, 479, 418, 466, 348, 346, 445, 489, 365, 431, 341, 379, 397, 331, 455, 473, 458, 477, 481, 333, 371, 423, 483, 425, 460, 470, 391, 369, 429, 399, 486, 456, 417, 347, 463, 437, 497, 372, 394, 395, 402, 339, 396, 468, 482, 352, 491, 388, 406, 373, 487, 434, 382, 420, 374, 424, 498, 344, 358, 436, 334, 381, 496, 432, 342, 451, 384, 444, 366, 354, 340, 428, 469, 332, 442, 350, 453, 398, 485, 427, 465, 336, 386, 440, 364, 415, 400, 353, 409, 410, 401, 426, 480, 385, 476, 421, 447, 0], [0, 135, 150, 20, 83, 11, 177, 137, 48, 120, 134, 44, 131, 141, 8, 17, 149, 56, 73, 184, 102, 67, 81, 59, 82, 5, 110, 28, 101, 65, 2, 175, 84, 109, 58, 61, 164, 23, 118, 121, 30, 155, 57, 13, 180, 14, 159, 167, 18, 78, 71, 108, 74, 80, 113, 127, 34, 98, 171, 72, 128, 27, 36, 45, 4, 64, 53, 153, 173, 35, 15, 51, 185, 156, 132, 179, 32, 63, 183, 124, 10, 176, 154, 75, 139, 115, 19, 55, 54, 117, 46, 105, 52, 33, 29, 161, 172, 6, 42, 133, 12, 88, 146, 166, 95, 186, 25, 168, 158, 122, 107, 9, 90, 43, 104, 41, 144, 76, 68, 26, 66, 7, 138, 22, 85, 21, 123, 170, 49, 79, 38, 148, 125, 60, 142, 69, 111, 181, 87, 89, 130, 100, 126, 37, 16, 40, 165, 147, 94, 86, 62, 163, 106, 151, 169, 152, 24, 91, 96, 160, 114, 178, 31, 47, 143, 50, 136, 116, 39, 93, 70, 92, 129, 119, 77, 145, 162, 174, 140, 112, 3, 97, 99, 157, 103, 182, 1, 272, 237, 190, 288, 192, 311, 305, 233, 322, 326, 234, 291, 304, 309, 191, 198, 201, 297, 197, 299, 200, 296, 292, 265, 269, 254, 264, 258, 303, 214, 220, 227, 319, 273, 295, 329, 223, 270, 229, 239, 330, 194, 323, 226, 251, 275, 211, 274, 260, 225, 293, 266, 307, 284, 283, 310, 312, 232, 318, 294, 281, 0]]"
clustered-center,clustered-center_n500_m3_r01.txt,data\mtsp\generated_multifamily\clustered-center_n500_m3_r01.txt,500,3,ortools-gls,medium,1080.086405,5.000934,True,ok,False,"[[0, 177, 198, 305, 208, 207, 317, 206, 254, 283, 199, 239, 237, 204, 332, 296, 192, 310, 298, 333, 330, 252, 191, 281, 288, 268, 235, 308, 315, 300, 318, 196, 278, 243, 193, 290, 326, 316, 314, 197, 304, 211, 221, 267, 280, 238, 328, 275, 245, 229, 256, 205, 186, 264, 279, 258, 201, 220, 312, 187, 331, 302, 188, 303, 217, 321, 327, 179, 200, 227, 234, 313, 241, 232, 246, 323, 231, 294, 292, 274, 213, 175, 282, 325, 272, 291, 250, 219, 223, 320, 307, 284, 244, 228, 195, 329, 222, 309, 297, 183, 248, 190, 295, 230, 269, 249, 233, 319, 334, 311, 301, 242, 180, 286, 214, 216, 293, 240, 209, 215, 247, 263, 287, 273, 270, 178, 185, 176, 266, 277, 181, 194, 236, 289, 226, 182, 271, 218, 306, 189, 324, 322, 212, 262, 285, 203, 202, 225, 260, 276, 251, 253, 224, 184, 259, 257, 265, 261, 255, 299, 210, 346, 440, 366, 469, 462, 442, 450, 373, 343, 419, 453, 359, 335, 393, 470, 487, 387, 350, 486, 452, 378, 423, 441, 367, 415, 347, 412, 476, 432, 351, 430, 357, 422, 389, 409, 394, 434, 370, 490, 352, 464, 459, 397, 380, 424, 374, 405, 477, 436, 418, 385, 371, 386, 437, 416, 372, 340, 443, 448, 439, 392, 491, 342, 403, 396, 466, 341, 398, 467, 390, 368, 356, 426, 395, 495, 483, 338, 460, 427, 363, 348, 336, 400, 365, 376, 428, 471, 429, 444, 492, 407, 349, 496, 493, 446, 478, 384, 472, 362, 489, 457, 447, 421, 379, 465, 425, 473, 461, 488, 404, 377, 449, 463, 433, 497, 499, 406, 375, 498, 402, 474, 414, 420, 485, 456, 401, 431, 383, 354, 337, 480, 482, 355, 382, 494, 435, 391, 361, 360, 388, 484, 399, 353, 381, 364, 479, 344, 454, 475, 411, 369, 358, 408, 410, 339, 451, 455, 345, 413, 481, 458, 468, 445, 438, 417, 81, 101, 152, 73, 145, 158, 121, 144, 14, 65, 126, 30, 112, 20, 40, 55, 22, 85, 75, 139, 48, 1, 120, 136, 2, 125, 133, 61, 135, 163, 129, 52, 107, 54, 63, 115, 57, 13, 11, 84, 113, 104, 172, 86, 34, 98, 89, 106, 37, 108, 66, 43, 141, 19, 111, 71, 28, 47, 67, 50, 123, 97, 79, 56, 99, 68, 9, 31, 148, 7, 39, 16, 161, 25, 165, 164, 90, 32, 33, 162, 46, 64, 36, 100, 118, 42, 87, 58, 143, 88, 29, 72, 154, 159, 105, 166, 131, 134, 92, 91, 6, 167, 74, 35, 27, 137, 127, 138, 10, 146, 151, 102, 78, 93, 142, 149, 128, 18, 83, 153, 174, 5, 8, 76, 168, 122, 49, 3, 94, 26, 170, 155, 157, 150, 103, 95, 173, 96, 51, 59, 38, 15, 69, 23, 24, 44, 21, 4, 140, 45, 116, 62, 114, 171, 109, 60, 156, 119, 124, 70, 147, 117, 17, 132, 82, 77, 53, 110, 80, 130, 12, 41, 169, 160, 0], [0, 0], [0, 0]]"
clustered-center,clustered-center_n500_m3_r01.txt,data\mtsp\generated_multifamily\clustered-center_n500_m3_r01.txt,500,3,tsp-transform-lkh,medium,1123.711653,0.253598,True,ok,False,"[[0, 445, 438, 417, 0], [0, 24, 44, 21, 4, 140, 45, 116, 62, 60, 109, 114, 171, 142, 149, 128, 93, 78, 102, 35, 74, 167, 6, 91, 92, 83, 18, 27, 137, 151, 146, 10, 138, 127, 156, 119, 124, 70, 147, 117, 17, 132, 82, 77, 157, 150, 103, 95, 173, 96, 38, 59, 51, 158, 121, 145, 15, 69, 23, 81, 101, 152, 73, 144, 14, 65, 126, 30, 112, 20, 40, 55, 22, 130, 80, 85, 110, 53, 170, 26, 94, 3, 49, 122, 168, 76, 8, 5, 174, 153, 159, 105, 166, 131, 134, 162, 46, 64, 33, 36, 164, 165, 25, 100, 42, 87, 118, 154, 72, 29, 88, 143, 98, 89, 106, 58, 161, 16, 39, 148, 7, 67, 56, 31, 9, 68, 90, 32, 99, 97, 123, 79, 50, 47, 28, 66, 43, 71, 111, 19, 141, 37, 108, 115, 57, 13, 11, 84, 113, 104, 34, 155, 86, 172, 1, 48, 139, 75, 12, 41, 160, 169, 129, 52, 163, 107, 54, 63, 136, 120, 2, 125, 133, 61, 135, 0], [0, 177, 198, 305, 208, 207, 317, 333, 298, 330, 252, 191, 281, 288, 268, 235, 308, 196, 278, 243, 193, 290, 326, 316, 197, 304, 211, 221, 314, 267, 280, 238, 328, 318, 300, 315, 275, 245, 228, 244, 307, 284, 242, 180, 311, 301, 195, 310, 329, 222, 334, 209, 240, 216, 214, 286, 291, 272, 325, 282, 250, 219, 320, 229, 256, 205, 186, 223, 264, 279, 258, 201, 213, 274, 292, 294, 231, 323, 246, 232, 241, 187, 312, 220, 175, 331, 302, 313, 188, 234, 303, 217, 227, 200, 179, 327, 321, 293, 247, 215, 263, 287, 273, 270, 249, 233, 319, 309, 192, 296, 297, 248, 183, 332, 204, 237, 206, 254, 283, 239, 199, 210, 299, 255, 261, 265, 257, 259, 190, 295, 230, 184, 224, 253, 251, 276, 260, 225, 269, 202, 203, 185, 178, 176, 277, 189, 218, 306, 181, 194, 236, 289, 226, 182, 271, 266, 324, 322, 212, 285, 262, 485, 420, 456, 414, 474, 375, 406, 499, 433, 497, 498, 402, 435, 494, 382, 383, 401, 431, 354, 337, 480, 355, 482, 410, 369, 358, 408, 388, 360, 361, 489, 457, 447, 421, 379, 465, 391, 425, 463, 449, 377, 404, 488, 461, 473, 338, 483, 495, 395, 426, 341, 466, 396, 403, 356, 363, 460, 427, 348, 336, 368, 390, 467, 398, 342, 491, 392, 439, 448, 400, 365, 376, 428, 471, 444, 407, 492, 443, 340, 477, 418, 436, 372, 416, 437, 386, 371, 385, 464, 459, 397, 352, 380, 424, 394, 434, 409, 374, 405, 496, 349, 429, 362, 472, 484, 399, 353, 381, 364, 479, 344, 475, 454, 343, 419, 453, 384, 478, 359, 335, 446, 493, 389, 422, 357, 430, 351, 432, 476, 370, 490, 412, 347, 415, 367, 441, 423, 378, 452, 486, 350, 387, 487, 470, 393, 442, 450, 373, 462, 469, 366, 440, 458, 481, 411, 413, 339, 451, 455, 345, 346, 468, 0]]"
clustered-center,clustered-center_n500_m5_r01.txt,data\mtsp\generated_multifamily\clustered-center_n500_m5_r01.txt,500,5,ortools-gls,medium,1205.83123,5.000525,True,ok,False,"[[0, 222, 234, 168, 255, 128, 170, 186, 203, 133, 131, 238, 226, 216, 209, 184, 189, 232, 196, 237, 227, 229, 175, 233, 230, 149, 214, 235, 140, 173, 152, 204, 144, 154, 195, 239, 177, 242, 138, 257, 162, 135, 191, 155, 171, 252, 249, 201, 166, 210, 179, 174, 167, 221, 141, 218, 256, 172, 145, 194, 148, 212, 146, 153, 224, 253, 182, 223, 127, 132, 169, 185, 245, 137, 188, 193, 187, 158, 211, 192, 215, 220, 180, 207, 136, 157, 202, 159, 176, 147, 198, 254, 181, 228, 139, 163, 248, 190, 151, 197, 160, 236, 161, 129, 178, 126, 130, 217, 247, 200, 250, 246, 225, 240, 183, 219, 208, 231, 243, 241, 164, 143, 165, 134, 156, 206, 251, 199, 142, 213, 244, 150, 205, 81, 56, 2, 37, 106, 10, 83, 72, 16, 23, 105, 92, 63, 71, 114, 53, 47, 14, 11, 54, 109, 44, 91, 30, 97, 69, 115, 122, 61, 101, 4, 31, 88, 15, 78, 90, 79, 39, 121, 42, 103, 12, 19, 36, 74, 59, 98, 117, 100, 58, 96, 111, 108, 55, 86, 28, 17, 87, 29, 60, 45, 94, 67, 48, 125, 26, 52, 120, 68, 7, 9, 73, 116, 20, 75, 66, 70, 82, 104, 118, 99, 49, 84, 22, 3, 35, 38, 24, 6, 21, 110, 27, 89, 57, 113, 112, 123, 18, 119, 107, 46, 8, 80, 33, 62, 95, 5, 41, 32, 43, 25, 51, 40, 76, 65, 64, 124, 93, 50, 77, 102, 13, 34, 1, 85, 395, 484, 469, 409, 391, 415, 459, 426, 397, 447, 490, 478, 468, 444, 445, 494, 406, 471, 497, 476, 455, 408, 433, 441, 424, 462, 485, 458, 423, 416, 498, 430, 440, 414, 396, 403, 463, 474, 439, 449, 481, 493, 477, 457, 412, 392, 460, 402, 472, 405, 427, 436, 398, 435, 410, 488, 467, 418, 438, 442, 482, 393, 401, 452, 446, 407, 432, 413, 399, 428, 420, 486, 429, 479, 437, 417, 411, 394, 491, 443, 475, 421, 400, 470, 431, 456, 461, 454, 450, 453, 499, 473, 487, 489, 466, 434, 422, 483, 464, 404, 448, 465, 480, 496, 451, 419, 492, 495, 425, 363, 263, 259, 270, 260, 277, 326, 273, 346, 336, 281, 292, 343, 339, 383, 379, 365, 302, 264, 356, 353, 314, 381, 289, 390, 276, 337, 307, 268, 305, 298, 367, 362, 258, 265, 279, 294, 330, 316, 311, 373, 286, 299, 310, 295, 376, 272, 335, 369, 300, 306, 344, 360, 371, 331, 313, 334, 267, 370, 303, 320, 382, 317, 375, 321, 350, 312, 388, 345, 351, 282, 290, 315, 364, 278, 296, 386, 332, 327, 374, 266, 340, 366, 304, 284, 380, 288, 301, 325, 368, 387, 349, 297, 319, 291, 309, 283, 342, 318, 389, 274, 384, 275, 285, 358, 333, 287, 329, 261, 341, 348, 269, 293, 359, 324, 385, 271, 361, 262, 354, 377, 355, 338, 322, 372, 352, 308, 280, 357, 323, 347, 328, 378, 0], [0, 0], [0, 0], [0, 0], [0, 0]]"
clustered-center,clustered-center_n500_m5_r01.txt,data\mtsp\generated_multifamily\clustered-center_n500_m5_r01.txt,500,5,tsp-transform-lkh,medium,1381.376502,0.241021,True,ok,False,"[[0, 478, 468, 444, 397, 445, 494, 406, 464, 404, 448, 465, 480, 496, 451, 419, 492, 495, 425, 0], [0, 326, 277, 260, 270, 273, 292, 343, 339, 383, 379, 365, 302, 264, 356, 353, 314, 381, 289, 390, 337, 307, 268, 305, 367, 298, 281, 336, 346, 352, 308, 259, 363, 263, 378, 328, 347, 323, 357, 280, 372, 322, 338, 355, 360, 371, 334, 303, 370, 267, 295, 310, 299, 286, 376, 272, 373, 311, 369, 335, 344, 306, 300, 362, 258, 265, 279, 294, 276, 330, 316, 304, 340, 366, 327, 266, 374, 332, 284, 380, 288, 301, 325, 386, 368, 387, 297, 319, 291, 309, 283, 351, 282, 349, 290, 315, 364, 296, 278, 320, 382, 317, 375, 321, 329, 261, 384, 275, 287, 312, 350, 388, 345, 285, 358, 333, 342, 318, 389, 274, 341, 313, 331, 377, 354, 361, 262, 348, 269, 293, 359, 324, 271, 385, 0], [0, 222, 234, 172, 256, 218, 141, 221, 201, 249, 252, 171, 210, 166, 179, 167, 174, 194, 145, 148, 212, 146, 153, 224, 253, 182, 223, 127, 169, 185, 245, 137, 188, 193, 187, 158, 211, 136, 207, 157, 236, 161, 178, 126, 129, 160, 197, 190, 151, 219, 247, 130, 217, 200, 250, 246, 225, 240, 183, 243, 241, 134, 156, 206, 251, 226, 237, 227, 229, 175, 149, 230, 233, 165, 143, 164, 140, 231, 208, 204, 152, 173, 235, 214, 144, 154, 195, 176, 147, 198, 254, 181, 228, 139, 248, 163, 202, 159, 239, 177, 242, 180, 220, 215, 192, 132, 138, 257, 162, 135, 191, 155, 196, 232, 189, 184, 209, 216, 238, 128, 168, 255, 170, 186, 131, 133, 203, 199, 142, 213, 244, 150, 205, 0], [0, 72, 81, 56, 2, 37, 75, 106, 10, 83, 23, 16, 105, 92, 63, 71, 114, 7, 68, 120, 52, 53, 47, 14, 54, 109, 44, 91, 30, 97, 69, 11, 115, 61, 122, 103, 12, 42, 121, 101, 4, 31, 88, 39, 79, 90, 78, 15, 64, 124, 65, 76, 93, 50, 40, 77, 102, 51, 25, 43, 32, 13, 8, 33, 62, 41, 95, 5, 19, 36, 60, 45, 94, 67, 48, 125, 26, 9, 73, 116, 20, 70, 66, 82, 104, 118, 99, 49, 84, 22, 3, 113, 112, 57, 89, 27, 110, 21, 6, 24, 35, 38, 108, 55, 86, 28, 17, 87, 29, 111, 96, 58, 100, 117, 98, 59, 74, 80, 46, 107, 34, 119, 18, 123, 1, 85, 0], [0, 484, 469, 474, 463, 396, 414, 440, 430, 403, 439, 449, 481, 395, 493, 477, 457, 412, 392, 498, 416, 423, 460, 402, 458, 472, 436, 398, 427, 405, 485, 435, 410, 488, 467, 418, 438, 442, 482, 453, 450, 454, 499, 473, 487, 489, 462, 424, 441, 466, 434, 422, 461, 456, 431, 446, 470, 400, 407, 486, 429, 420, 432, 413, 452, 401, 393, 399, 428, 479, 437, 417, 411, 421, 475, 443, 394, 491, 483, 471, 497, 476, 455, 433, 408, 426, 459, 415, 391, 409, 447, 490, 0]]"
clustered-center,clustered-center_n50_m2_r01.txt,data\mtsp\generated_multifamily\clustered-center_n50_m2_r01.txt,50,2,ortools-gls,medium,122.765884,4.999964,True,ok,False,"[[0, 0], [0, 32, 35, 34, 29, 33, 26, 28, 36, 30, 31, 27, 38, 44, 49, 46, 41, 45, 47, 37, 39, 43, 48, 40, 42, 3, 4, 1, 2, 9, 5, 11, 10, 6, 8, 7, 19, 14, 21, 25, 20, 17, 16, 23, 24, 13, 22, 12, 18, 15, 0]]"
clustered-center,clustered-center_n50_m2_r01.txt,data\mtsp\generated_multifamily\clustered-center_n50_m2_r01.txt,50,2,tsp-transform-lkh,medium,137.499355,0.031137,True,ok,False,"[[0, 19, 14, 21, 25, 20, 17, 16, 23, 24, 13, 22, 12, 18, 15, 0], [0, 34, 35, 32, 29, 33, 26, 28, 36, 30, 31, 27, 38, 44, 49, 46, 41, 45, 47, 37, 48, 39, 43, 42, 40, 3, 4, 1, 2, 9, 5, 11, 10, 6, 8, 7, 0]]"
clustered-center,clustered-center_n50_m3_r01.txt,data\mtsp\generated_multifamily\clustered-center_n50_m3_r01.txt,50,3,ortools-gls,medium,126.387072,4.999979,True,ok,False,"[[0, 13, 6, 2, 8, 10, 4, 5, 9, 7, 1, 12, 3, 11, 40, 47, 46, 43, 41, 42, 45, 44, 48, 49, 39, 35, 32, 36, 28, 34, 33, 29, 31, 38, 30, 19, 23, 21, 15, 26, 17, 18, 16, 20, 24, 22, 14, 25, 27, 37, 0], [0, 0], [0, 0]]"
clustered-center,clustered-center_n50_m3_r01.txt,data\mtsp\generated_multifamily\clustered-center_n50_m3_r01.txt,50,3,tsp-transform-lkh,medium,152.109113,0.059334,True,ok,False,"[[0, 16, 18, 17, 20, 24, 22, 14, 26, 15, 21, 23, 19, 25, 30, 38, 29, 31, 27, 37, 33, 34, 28, 36, 32, 35, 39, 49, 48, 44, 45, 42, 41, 43, 46, 47, 40, 0], [0, 11, 3, 12, 1, 7, 9, 4, 5, 13, 0], [0, 6, 8, 10, 2, 0]]"
clustered-center,clustered-center_n50_m5_r01.txt,data\mtsp\generated_multifamily\clustered-center_n50_m5_r01.txt,50,5,ortools-gls,medium,115.376314,5.000338,True,ok,False,"[[0, 0], [0, 31, 21, 30, 19, 27, 17, 29, 18, 16, 28, 33, 20, 32, 24, 23, 26, 25, 22, 44, 38, 43, 36, 45, 46, 37, 39, 49, 40, 42, 47, 35, 34, 41, 48, 10, 2, 11, 15, 6, 7, 8, 13, 4, 1, 9, 14, 3, 12, 5, 0], [0, 0], [0, 0], [0, 0]]"
clustered-center,clustered-center_n50_m5_r01.txt,data\mtsp\generated_multifamily\clustered-center_n50_m5_r01.txt,50,5,tsp-transform-lkh,medium,170.139315,0.034186,True,ok,False,"[[0, 48, 41, 34, 35, 47, 42, 40, 49, 39, 37, 46, 45, 36, 43, 38, 44, 0], [0, 33, 20, 32, 26, 25, 22, 23, 24, 28, 16, 18, 29, 17, 27, 19, 30, 21, 31, 0], [0, 5, 0], [0, 12, 0], [0, 3, 14, 9, 1, 4, 13, 8, 7, 6, 15, 11, 2, 10, 0]]"
clustered-offset-depot,clustered-offset-depot_n1000_m3_r01.txt,data\mtsp\generated_multifamily\clustered-offset-depot_n1000_m3_r01.txt,1000,3,ortools-gls,medium,3349.333293,5.001683,True,ok,False,"[[0, 359, 356, 194, 180, 286, 27, 189, 176, 203, 261, 330, 149, 103, 250, 195, 124, 346, 47, 222, 118, 334, 242, 218, 331, 316, 252, 225, 256, 220, 387, 272, 335, 325, 5, 39, 361, 54, 239, 389, 347, 323, 402, 400, 319, 230, 292, 350, 232, 314, 399, 296, 384, 299, 244, 364, 369, 237, 284, 398, 265, 322, 289, 175, 157, 21, 173, 6, 245, 2, 12, 23, 355, 4, 241, 59, 140, 138, 327, 238, 368, 85, 405, 306, 131, 98, 320, 45, 70, 227, 172, 206, 196, 215, 315, 397, 348, 112, 285, 403, 233, 372, 309, 371, 236, 210, 199, 234, 209, 263, 363, 313, 270, 328, 345, 293, 226, 305, 262, 326, 37, 141, 161, 294, 94, 373, 95, 122, 278, 89, 283, 304, 267, 84, 302, 100, 139, 207, 51, 188, 393, 167, 55, 153, 185, 73, 62, 77, 143, 48, 13, 169, 63, 83, 35, 145, 96, 109, 79, 178, 170, 191, 186, 247, 277, 31, 192, 273, 111, 120, 43, 160, 16, 9, 150, 71, 113, 146, 187, 18, 53, 162, 208, 15, 213, 275, 19, 148, 92, 367, 344, 66, 7, 182, 163, 91, 394, 105, 165, 64, 129, 144, 179, 137, 61, 121, 377, 22, 338, 383, 298, 201, 82, 152, 251, 390, 279, 388, 90, 212, 303, 136, 223, 333, 311, 246, 42, 259, 271, 20, 269, 68, 65, 248, 44, 317, 301, 166, 351, 171, 295, 258, 308, 231, 297, 404, 80, 156, 370, 193, 164, 10, 357, 276, 221, 76, 290, 30, 376, 25, 132, 324, 249, 28, 392, 99, 358, 107, 46, 198, 58, 349, 205, 329, 135, 127, 78, 50, 57, 379, 69, 340, 216, 235, 38, 312, 342, 56, 123, 307, 202, 287, 281, 60, 75, 115, 380, 240, 378, 8, 26, 228, 391, 381, 243, 108, 217, 101, 282, 72, 266, 291, 154, 104, 183, 257, 274, 110, 128, 253, 204, 14, 280, 219, 200, 310, 181, 24, 106, 168, 33, 67, 41, 155, 126, 339, 337, 254, 36, 158, 130, 88, 11, 197, 125, 147, 119, 184, 93, 34, 32, 395, 81, 97, 29, 40, 366, 396, 102, 214, 336, 343, 229, 17, 255, 386, 190, 3, 385, 86, 117, 116, 159, 268, 49, 151, 74, 177, 318, 114, 362, 260, 382, 300, 341, 52, 87, 1, 142, 264, 321, 374, 365, 352, 360, 133, 174, 288, 211, 134, 375, 332, 401, 353, 224, 354, 531, 603, 634, 434, 553, 596, 441, 444, 649, 487, 555, 569, 624, 574, 608, 698, 418, 660, 705, 420, 435, 492, 595, 456, 475, 638, 436, 681, 645, 684, 506, 579, 622, 713, 565, 419, 646, 423, 517, 697, 611, 495, 656, 694, 451, 524, 593, 604, 406, 670, 452, 483, 522, 695, 676, 544, 674, 630, 667, 541, 654, 514, 597, 631, 408, 635, 709, 433, 510, 412, 578, 614, 563, 494, 439, 467, 562, 633, 661, 591, 620, 701, 543, 575, 547, 703, 535, 520, 712, 690, 678, 422, 457, 594, 461, 484, 617, 628, 610, 696, 411, 438, 637, 648, 641, 582, 600, 659, 471, 446, 491, 458, 704, 613, 572, 653, 556, 539, 571, 511, 625, 663, 623, 479, 629, 448, 505, 449, 657, 463, 554, 454, 685, 626, 699, 585, 548, 508, 551, 587, 687, 519, 504, 515, 476, 615, 490, 636, 691, 521, 683, 583, 465, 512, 588, 586, 474, 552, 428, 619, 686, 576, 529, 503, 473, 652, 509, 707, 481, 590, 577, 526, 518, 500, 682, 662, 488, 525, 415, 573, 668, 527, 540, 513, 453, 647, 431, 570, 643, 581, 533, 546, 724, 984, 838, 837, 759, 881, 964, 867, 748, 722, 795, 929, 734, 717, 979, 956, 897, 784, 733, 917, 885, 758, 989, 920, 809, 896, 824, 778, 764, 999, 955, 718, 923, 948, 826, 958, 715, 910, 909, 770, 729, 783, 952, 835, 994, 886, 985, 843, 906, 796, 878, 995, 817, 799, 810, 844, 873, 991, 866, 766, 957, 840, 982, 879, 750, 875, 926, 813, 940, 777, 934, 892, 933, 903, 855, 780, 912, 737, 834, 868, 947, 769, 918, 746, 895, 806, 721, 996, 732, 970, 988, 905, 744, 863, 919, 848, 847, 779, 980, 922, 805, 716, 812, 969, 937, 973, 992, 763, 901, 961, 754, 870, 803, 723, 864, 872, 820, 797, 833, 858, 841, 720, 894, 946, 827, 804, 791, 788, 842, 987, 719, 865, 968, 915, 927, 975, 773, 725, 823, 938, 850, 807, 960, 755, 802, 856, 785, 727, 786, 911, 942, 935, 997, 993, 774, 967, 782, 751, 815, 745, 816, 972, 832, 731, 977, 904, 883, 741, 831, 762, 851, 936, 888, 740, 949, 757, 736, 730, 939, 913, 941, 944, 924, 950, 801, 986, 959, 876, 887, 756, 830, 743, 790, 859, 971, 781, 819, 728, 735, 752, 976, 871, 829, 714, 907, 775, 828, 998, 761, 931, 760, 776, 849, 965, 794, 860, 749, 963, 884, 814, 882, 932, 771, 962, 772, 877, 846, 983, 900, 821, 869, 853, 880, 753, 978, 765, 739, 726, 789, 893, 990, 916, 836, 925, 825, 768, 811, 954, 747, 943, 742, 908, 787, 822, 852, 981, 793, 818, 767, 953, 966, 889, 854, 914, 738, 857, 798, 928, 930, 891, 945, 862, 874, 839, 899, 974, 898, 921, 902, 808, 800, 951, 792, 861, 890, 845, 666, 557, 700, 675, 447, 606, 462, 407, 566, 426, 437, 430, 496, 618, 592, 409, 621, 542, 499, 710, 429, 711, 567, 497, 528, 486, 550, 612, 580, 679, 671, 644, 650, 427, 455, 417, 605, 601, 655, 472, 534, 482, 545, 632, 445, 466, 589, 561, 410, 421, 538, 468, 459, 501, 680, 413, 640, 425, 693, 607, 478, 559, 560, 677, 664, 658, 493, 530, 568, 516, 523, 549, 460, 489, 599, 584, 609, 692, 416, 602, 414, 480, 689, 507, 432, 688, 502, 558, 669, 532, 639, 616, 642, 536, 598, 470, 672, 702, 665, 477, 442, 498, 627, 564, 443, 673, 651, 537, 708, 706, 485, 440, 469, 450, 424, 464, 0], [0, 0], [0, 0]]"
clustered-offset-depot,clustered-offset-depot_n1000_m3_r01.txt,data\mtsp\generated_multifamily\clustered-offset-depot_n1000_m3_r01.txt,1000,3,tsp-transform-lkh,medium,4155.363867,1.207136,True,ok,False,"[[0, 599, 489, 514, 597, 631, 408, 635, 709, 510, 433, 605, 655, 472, 534, 607, 493, 530, 568, 516, 523, 549, 460, 498, 627, 673, 651, 537, 443, 708, 450, 424, 531, 464, 440, 469, 485, 706, 658, 664, 677, 560, 559, 478, 425, 640, 413, 680, 431, 570, 643, 700, 675, 447, 606, 647, 453, 462, 407, 566, 426, 540, 527, 415, 668, 573, 513, 468, 421, 538, 459, 501, 410, 693, 561, 589, 466, 445, 632, 545, 482, 601, 417, 455, 427, 650, 644, 412, 590, 577, 526, 518, 500, 682, 671, 662, 488, 525, 618, 496, 437, 557, 666, 581, 533, 546, 724, 984, 838, 837, 742, 943, 877, 747, 846, 983, 916, 990, 893, 789, 900, 821, 726, 880, 853, 739, 765, 978, 753, 774, 967, 993, 935, 997, 856, 785, 942, 911, 727, 786, 768, 825, 925, 836, 954, 811, 725, 823, 938, 773, 975, 927, 987, 915, 968, 865, 719, 842, 791, 788, 827, 804, 850, 807, 946, 802, 755, 797, 960, 894, 720, 841, 833, 858, 803, 723, 872, 864, 820, 782, 751, 757, 736, 949, 815, 745, 870, 816, 754, 961, 972, 832, 901, 763, 731, 740, 888, 730, 762, 936, 851, 883, 980, 741, 831, 939, 913, 941, 944, 779, 847, 922, 805, 716, 904, 812, 977, 969, 992, 937, 973, 732, 996, 970, 988, 721, 905, 806, 895, 746, 918, 728, 819, 781, 744, 863, 919, 971, 848, 859, 790, 924, 950, 743, 830, 801, 986, 959, 876, 887, 756, 907, 775, 714, 829, 871, 912, 947, 752, 976, 735, 769, 868, 834, 737, 780, 855, 875, 926, 813, 903, 828, 933, 777, 940, 995, 817, 840, 982, 879, 750, 844, 873, 810, 799, 866, 991, 955, 766, 957, 878, 934, 892, 998, 761, 776, 849, 965, 794, 860, 749, 760, 931, 952, 796, 906, 843, 886, 985, 994, 835, 718, 923, 948, 764, 999, 826, 958, 778, 824, 896, 809, 920, 989, 758, 854, 889, 966, 914, 891, 945, 930, 738, 857, 953, 839, 798, 928, 874, 862, 921, 898, 902, 808, 974, 899, 767, 818, 793, 800, 951, 792, 822, 981, 852, 956, 897, 784, 733, 917, 885, 979, 717, 734, 929, 882, 932, 771, 962, 729, 909, 715, 910, 770, 783, 814, 884, 963, 869, 772, 795, 722, 908, 787, 748, 867, 964, 881, 861, 759, 890, 845, 430, 621, 542, 409, 499, 710, 429, 711, 567, 497, 592, 528, 486, 550, 612, 679, 580, 422, 457, 678, 690, 594, 712, 520, 575, 543, 547, 703, 535, 446, 471, 659, 600, 461, 484, 582, 617, 628, 641, 610, 696, 411, 648, 438, 571, 511, 539, 637, 556, 653, 572, 613, 458, 491, 704, 625, 663, 623, 479, 629, 448, 505, 463, 554, 454, 449, 657, 685, 626, 508, 519, 586, 474, 552, 504, 687, 551, 587, 428, 619, 576, 686, 524, 451, 694, 656, 495, 611, 423, 646, 419, 565, 507, 452, 670, 406, 604, 593, 578, 614, 563, 494, 439, 467, 652, 473, 503, 529, 562, 633, 661, 591, 701, 620, 509, 481, 707, 676, 522, 695, 667, 544, 630, 674, 541, 416, 602, 483, 689, 414, 480, 432, 688, 705, 713, 622, 420, 517, 697, 465, 588, 515, 512, 476, 583, 683, 521, 691, 615, 490, 636, 548, 699, 585, 0], [0, 119, 147, 184, 125, 197, 93, 34, 32, 11, 88, 130, 158, 126, 310, 155, 41, 33, 168, 106, 24, 67, 181, 163, 66, 344, 91, 64, 129, 18, 53, 19, 208, 162, 43, 113, 146, 187, 71, 150, 9, 16, 160, 120, 111, 178, 79, 109, 63, 48, 143, 77, 62, 185, 73, 263, 209, 199, 210, 236, 296, 384, 399, 299, 244, 364, 369, 237, 314, 284, 398, 239, 389, 323, 402, 347, 265, 232, 292, 350, 400, 230, 319, 252, 256, 220, 387, 272, 335, 225, 316, 331, 218, 242, 334, 118, 47, 222, 325, 39, 361, 5, 346, 124, 250, 286, 180, 194, 356, 49, 151, 74, 318, 177, 268, 27, 189, 176, 307, 203, 261, 330, 123, 56, 149, 103, 173, 21, 195, 157, 54, 322, 289, 175, 23, 12, 2, 245, 6, 57, 379, 69, 38, 312, 342, 340, 216, 235, 78, 127, 135, 50, 329, 198, 205, 58, 349, 140, 59, 241, 4, 355, 327, 238, 368, 85, 405, 306, 131, 138, 98, 320, 45, 70, 227, 46, 172, 196, 206, 76, 221, 370, 84, 267, 304, 283, 89, 193, 164, 278, 122, 95, 10, 373, 94, 294, 161, 141, 357, 276, 315, 290, 215, 348, 397, 112, 285, 403, 233, 37, 326, 262, 305, 372, 371, 309, 226, 293, 345, 234, 328, 270, 313, 363, 302, 100, 139, 153, 207, 51, 188, 55, 393, 167, 13, 169, 83, 35, 145, 96, 170, 191, 171, 295, 258, 308, 231, 297, 404, 80, 156, 30, 376, 25, 132, 324, 249, 28, 392, 99, 358, 107, 291, 266, 72, 154, 381, 391, 282, 101, 217, 243, 108, 223, 333, 311, 246, 42, 259, 271, 20, 269, 136, 68, 65, 351, 166, 301, 186, 247, 317, 212, 44, 248, 303, 383, 388, 279, 90, 390, 31, 277, 192, 273, 15, 213, 275, 251, 148, 92, 179, 144, 165, 105, 394, 367, 61, 137, 152, 82, 201, 298, 338, 22, 377, 121, 182, 7, 200, 219, 280, 253, 14, 204, 102, 396, 229, 343, 214, 336, 274, 128, 110, 378, 8, 228, 26, 104, 183, 240, 380, 257, 115, 86, 117, 75, 60, 281, 287, 202, 116, 159, 385, 3, 190, 386, 255, 17, 97, 29, 366, 40, 339, 337, 81, 254, 36, 395, 365, 374, 142, 264, 352, 360, 133, 174, 288, 211, 321, 375, 332, 401, 134, 1, 87, 52, 114, 362, 260, 382, 359, 300, 341, 353, 354, 224, 0], [0, 684, 645, 681, 506, 436, 638, 475, 595, 456, 579, 492, 435, 574, 624, 418, 698, 608, 569, 502, 660, 558, 669, 555, 532, 487, 649, 444, 441, 596, 553, 434, 603, 634, 665, 564, 442, 477, 702, 672, 470, 598, 639, 616, 642, 536, 692, 654, 609, 584, 0]]"
clustered-offset-depot,clustered-offset-depot_n1000_m5_r01.txt,data\mtsp\generated_multifamily\clustered-offset-depot_n1000_m5_r01.txt,1000,5,ortools-gls,medium,2496.622933,5.005167,True,ok,False,"[[0, 750, 692, 723, 653, 895, 646, 837, 769, 707, 699, 887, 725, 718, 649, 643, 650, 726, 719, 675, 986, 896, 790, 656, 639, 774, 657, 822, 908, 758, 715, 808, 658, 641, 682, 748, 931, 818, 953, 686, 862, 849, 869, 821, 999, 730, 652, 904, 934, 877, 796, 690, 710, 765, 671, 930, 970, 942, 929, 859, 825, 974, 745, 839, 867, 700, 764, 910, 701, 907, 963, 868, 655, 906, 789, 694, 819, 651, 732, 988, 890, 924, 634, 886, 980, 958, 947, 826, 884, 898, 670, 697, 946, 667, 678, 668, 874, 702, 827, 807, 756, 628, 854, 949, 902, 629, 923, 838, 961, 914, 991, 676, 783, 636, 714, 706, 666, 997, 691, 738, 742, 925, 846, 622, 917, 661, 922, 638, 648, 781, 741, 883, 801, 861, 863, 705, 975, 855, 654, 820, 632, 669, 645, 716, 885, 788, 994, 660, 683, 979, 663, 864, 919, 637, 674, 722, 767, 757, 968, 858, 640, 834, 957, 915, 800, 782, 960, 977, 981, 848, 969, 984, 832, 770, 773, 916, 865, 893, 755, 776, 950, 635, 937, 749, 797, 972, 926, 698, 880, 626, 664, 992, 853, 680, 696, 799, 835, 794, 852, 744, 943, 712, 778, 753, 920, 962, 978, 894, 739, 784, 998, 952, 995, 792, 982, 809, 954, 625, 932, 983, 939, 870, 876, 823, 814, 873, 815, 811, 897, 624, 793, 677, 798, 644, 941, 909, 871, 689, 964, 990, 976, 872, 647, 709, 761, 829, 795, 905, 866, 733, 945, 971, 662, 927, 672, 737, 965, 845, 900, 760, 785, 918, 724, 754, 805, 787, 673, 892, 836, 762, 779, 717, 734, 933, 746, 708, 850, 695, 831, 824, 830, 630, 881, 996, 944, 735, 921, 911, 940, 903, 851, 803, 802, 45, 121, 148, 174, 197, 32, 229, 33, 14, 275, 273, 217, 91, 284, 123, 208, 117, 1, 70, 43, 71, 17, 162, 35, 269, 396, 37, 176, 307, 347, 157, 353, 319, 38, 111, 19, 97, 425, 167, 599, 95, 584, 426, 399, 84, 10, 146, 126, 195, 189, 280, 236, 20, 246, 185, 200, 41, 21, 28, 267, 27, 30, 245, 258, 101, 106, 175, 96, 26, 278, 249, 257, 62, 34, 57, 129, 214, 12, 226, 212, 276, 294, 183, 133, 406, 22, 92, 230, 234, 79, 122, 517, 573, 244, 252, 140, 203, 179, 99, 18, 52, 152, 65, 80, 177, 191, 618, 363, 341, 118, 561, 85, 612, 213, 13, 132, 293, 237, 463, 545, 206, 333, 365, 222, 434, 482, 58, 225, 366, 290, 202, 487, 433, 356, 447, 550, 355, 272, 153, 312, 102, 555, 155, 362, 73, 238, 418, 531, 211, 154, 331, 589, 558, 156, 526, 535, 53, 120, 305, 131, 7, 593, 420, 339, 109, 485, 344, 610, 163, 201, 565, 116, 5, 130, 103, 481, 61, 416, 151, 480, 8, 452, 532, 486, 544, 56, 402, 279, 410, 180, 429, 403, 583, 86, 68, 247, 472, 615, 553, 332, 241, 240, 576, 417, 337, 115, 401, 567, 407, 489, 541, 528, 597, 590, 336, 445, 493, 271, 515, 504, 83, 94, 570, 428, 441, 510, 299, 523, 448, 415, 4, 138, 421, 354, 451, 498, 516, 587, 373, 318, 457, 449, 320, 321, 114, 326, 464, 540, 171, 484, 614, 616, 543, 423, 329, 327, 538, 548, 512, 388, 419, 385, 436, 602, 400, 430, 514, 490, 519, 358, 438, 524, 439, 395, 502, 609, 536, 507, 546, 458, 542, 521, 435, 378, 551, 468, 473, 456, 581, 323, 477, 360, 49, 359, 522, 87, 533, 377, 414, 160, 113, 375, 444, 3, 78, 474, 470, 288, 442, 351, 350, 478, 313, 491, 210, 371, 397, 90, 506, 370, 317, 338, 405, 443, 349, 596, 343, 143, 60, 144, 582, 127, 134, 81, 184, 172, 227, 25, 346, 525, 374, 119, 291, 580, 233, 100, 539, 256, 2, 471, 93, 190, 149, 562, 556, 135, 228, 105, 204, 607, 75, 243, 367, 23, 59, 505, 107, 340, 136, 454, 51, 585, 124, 372, 322, 527, 207, 261, 263, 69, 564, 77, 499, 314, 274, 569, 392, 181, 431, 196, 192, 390, 42, 292, 408, 412, 554, 112, 139, 413, 577, 89, 54, 297, 335, 248, 330, 563, 67, 16, 198, 476, 511, 235, 578, 411, 36, 251, 357, 141, 170, 384, 55, 518, 173, 513, 595, 608, 382, 398, 391, 568, 295, 108, 104, 239, 168, 287, 150, 387, 199, 29, 232, 255, 218, 182, 605, 76, 315, 289, 44, 575, 221, 306, 342, 88, 594, 534, 110, 268, 50, 509, 537, 422, 303, 253, 188, 215, 603, 283, 125, 467, 310, 574, 187, 242, 488, 588, 11, 39, 345, 281, 15, 446, 186, 142, 520, 165, 559, 503, 277, 409, 316, 74, 600, 260, 376, 557, 220, 432, 566, 302, 328, 298, 393, 508, 404, 381, 617, 479, 361, 352, 560, 379, 459, 497, 613, 304, 455, 601, 469, 216, 440, 24, 620, 571, 296, 169, 586, 530, 424, 437, 547, 194, 368, 264, 325, 224, 591, 579, 604, 64, 205, 82, 98, 598, 285, 219, 572, 592, 364, 552, 611, 462, 529, 389, 380, 619, 334, 500, 496, 394, 465, 300, 466, 265, 324, 66, 501, 348, 494, 461, 31, 621, 495, 427, 259, 223, 159, 270, 72, 386, 301, 311, 460, 128, 137, 250, 286, 48, 161, 383, 40, 9, 549, 483, 164, 47, 308, 254, 606, 369, 63, 231, 6, 178, 166, 453, 450, 209, 266, 193, 145, 475, 492, 147, 282, 309, 158, 262, 46, 772, 759, 843, 684, 842, 727, 817, 955, 751, 856, 985, 763, 841, 729, 951, 688, 875, 777, 889, 681, 768, 847, 713, 891, 816, 912, 627, 901, 813, 731, 791, 989, 812, 806, 936, 959, 987, 810, 659, 967, 721, 938, 956, 633, 899, 693, 720, 766, 840, 804, 736, 775, 703, 752, 879, 687, 973, 882, 833, 948, 728, 679, 913, 631, 928, 642, 935, 665, 771, 685, 828, 860, 844, 888, 747, 786, 878, 993, 740, 857, 704, 711, 966, 780, 623, 743, 0], [0, 0], [0, 0], [0, 0], [0, 0]]"
clustered-offset-depot,clustered-offset-depot_n1000_m5_r01.txt,data\mtsp\generated_multifamily\clustered-offset-depot_n1000_m5_r01.txt,1000,5,tsp-transform-lkh,medium,3607.301465,1.187297,True,ok,False,"[[0, 966, 0], [0, 743, 0], [0, 623, 0], [0, 780, 0], [0, 750, 692, 723, 653, 878, 895, 646, 837, 769, 786, 707, 699, 844, 747, 888, 860, 771, 685, 828, 887, 725, 641, 682, 658, 758, 715, 999, 730, 934, 671, 904, 652, 908, 718, 941, 909, 871, 665, 689, 964, 990, 928, 642, 935, 631, 913, 728, 948, 679, 976, 897, 624, 793, 677, 798, 675, 896, 790, 986, 815, 873, 811, 814, 823, 876, 870, 774, 639, 656, 644, 726, 719, 649, 643, 650, 822, 930, 970, 657, 929, 859, 942, 789, 694, 819, 906, 655, 868, 963, 907, 701, 867, 700, 910, 764, 778, 753, 995, 792, 839, 745, 974, 825, 982, 809, 939, 983, 954, 932, 625, 952, 920, 962, 998, 978, 894, 784, 739, 785, 760, 900, 779, 717, 734, 933, 746, 708, 845, 965, 737, 850, 672, 927, 662, 996, 881, 630, 971, 945, 733, 899, 810, 659, 967, 721, 938, 956, 633, 703, 752, 775, 736, 804, 720, 766, 795, 693, 905, 866, 830, 695, 831, 824, 872, 647, 709, 829, 761, 840, 833, 882, 973, 687, 879, 259, 159, 223, 270, 72, 386, 301, 311, 345, 39, 11, 588, 488, 460, 137, 250, 128, 286, 48, 161, 383, 40, 9, 549, 242, 187, 483, 164, 308, 47, 467, 310, 574, 413, 577, 89, 112, 139, 54, 578, 411, 36, 251, 357, 141, 125, 283, 215, 188, 537, 253, 422, 303, 268, 50, 319, 425, 167, 110, 534, 594, 95, 584, 599, 426, 399, 306, 342, 221, 88, 575, 173, 518, 55, 384, 170, 235, 513, 595, 608, 382, 476, 511, 330, 248, 69, 564, 335, 297, 554, 412, 77, 499, 408, 314, 181, 431, 292, 42, 390, 192, 196, 15, 446, 186, 142, 74, 409, 277, 503, 559, 520, 165, 281, 348, 494, 501, 461, 31, 621, 495, 427, 465, 394, 496, 500, 334, 619, 380, 479, 352, 560, 361, 617, 381, 328, 302, 298, 566, 393, 304, 432, 598, 220, 285, 557, 260, 376, 219, 572, 592, 364, 552, 462, 611, 529, 389, 300, 466, 66, 324, 265, 316, 600, 82, 98, 601, 205, 530, 586, 169, 296, 620, 571, 24, 440, 469, 216, 455, 405, 338, 317, 443, 349, 596, 370, 506, 90, 397, 456, 360, 477, 323, 484, 581, 490, 519, 473, 468, 551, 378, 358, 438, 542, 521, 435, 458, 546, 613, 508, 404, 497, 459, 379, 536, 507, 609, 502, 395, 439, 524, 430, 329, 514, 543, 423, 616, 614, 540, 171, 522, 87, 49, 359, 313, 491, 210, 371, 343, 143, 442, 60, 288, 144, 582, 127, 134, 81, 184, 119, 374, 525, 346, 25, 227, 172, 437, 604, 424, 64, 392, 569, 274, 224, 591, 325, 264, 368, 579, 547, 194, 527, 322, 372, 454, 136, 261, 207, 263, 563, 67, 16, 198, 398, 340, 107, 505, 59, 367, 532, 486, 544, 56, 243, 23, 51, 585, 124, 607, 204, 471, 553, 615, 332, 241, 2, 240, 256, 539, 78, 100, 474, 233, 580, 291, 470, 351, 478, 350, 3, 444, 375, 576, 113, 417, 160, 414, 377, 533, 138, 4, 464, 114, 326, 321, 354, 449, 320, 327, 400, 538, 602, 436, 419, 385, 388, 512, 548, 457, 318, 373, 587, 516, 498, 451, 421, 441, 428, 570, 510, 299, 94, 523, 415, 448, 515, 83, 504, 271, 493, 337, 567, 115, 401, 472, 247, 93, 228, 105, 75, 135, 402, 556, 562, 149, 190, 68, 86, 583, 403, 362, 155, 555, 356, 355, 272, 102, 153, 312, 407, 445, 336, 590, 597, 489, 528, 541, 550, 447, 366, 225, 58, 531, 290, 202, 487, 433, 73, 238, 418, 558, 589, 341, 118, 363, 618, 191, 177, 80, 52, 152, 65, 561, 85, 213, 612, 333, 365, 331, 211, 154, 434, 222, 482, 545, 463, 206, 237, 293, 132, 13, 18, 99, 179, 203, 140, 252, 244, 230, 92, 234, 79, 122, 517, 573, 420, 593, 156, 526, 535, 53, 7, 120, 131, 305, 429, 180, 410, 279, 416, 61, 481, 151, 103, 480, 452, 8, 130, 201, 163, 610, 344, 485, 339, 406, 109, 565, 116, 168, 287, 150, 133, 22, 294, 276, 183, 387, 199, 29, 239, 104, 5, 295, 108, 568, 391, 289, 44, 315, 76, 605, 182, 218, 232, 255, 84, 129, 57, 10, 34, 62, 257, 146, 111, 19, 97, 38, 353, 347, 157, 509, 266, 209, 603, 254, 606, 369, 63, 231, 6, 453, 450, 178, 166, 492, 475, 145, 193, 147, 282, 396, 37, 307, 176, 71, 43, 70, 17, 162, 33, 14, 117, 1, 126, 195, 280, 189, 278, 249, 214, 12, 226, 212, 267, 27, 30, 28, 245, 21, 41, 200, 258, 101, 106, 175, 185, 246, 26, 96, 236, 20, 91, 217, 284, 123, 208, 273, 275, 229, 32, 197, 174, 35, 148, 121, 269, 309, 158, 262, 46, 45, 936, 959, 987, 944, 735, 806, 812, 921, 911, 989, 940, 836, 762, 724, 918, 754, 892, 805, 787, 673, 816, 891, 841, 763, 985, 912, 627, 901, 813, 903, 731, 791, 802, 803, 851, 772, 759, 843, 684, 842, 817, 727, 856, 729, 847, 713, 768, 889, 681, 777, 875, 951, 688, 751, 955, 770, 832, 984, 969, 977, 981, 848, 916, 773, 865, 960, 782, 800, 915, 893, 755, 776, 950, 635, 767, 722, 957, 834, 640, 858, 968, 757, 674, 637, 919, 864, 663, 992, 979, 683, 660, 994, 788, 680, 853, 696, 799, 664, 626, 880, 698, 926, 972, 937, 749, 797, 835, 794, 852, 744, 943, 712, 885, 716, 645, 669, 855, 975, 705, 661, 922, 863, 861, 781, 741, 883, 801, 648, 638, 925, 846, 738, 742, 691, 997, 666, 706, 714, 636, 783, 676, 622, 917, 914, 991, 629, 902, 949, 854, 628, 756, 923, 838, 961, 654, 807, 820, 632, 827, 702, 874, 651, 826, 668, 678, 667, 946, 697, 670, 898, 884, 980, 886, 634, 924, 890, 988, 947, 958, 732, 690, 710, 765, 877, 796, 821, 869, 849, 862, 686, 818, 808, 748, 931, 953, 993, 740, 857, 704, 711, 0]]"
clustered-offset-depot,clustered-offset-depot_n1000_m7_r01.txt,data\mtsp\generated_multifamily\clustered-offset-depot_n1000_m7_r01.txt,1000,7,ortools-gls,medium,2670.83384,5.001761,True,ok,False,"[[0, 110, 45, 100, 291, 105, 95, 340, 217, 88, 270, 80, 338, 188, 142, 116, 143, 327, 293, 67, 244, 266, 209, 283, 17, 348, 6, 72, 43, 62, 21, 68, 300, 166, 319, 163, 107, 1, 33, 212, 285, 272, 301, 190, 242, 307, 201, 4, 10, 161, 37, 132, 195, 164, 246, 115, 61, 125, 63, 334, 347, 344, 234, 341, 328, 295, 193, 236, 286, 58, 65, 92, 127, 29, 215, 137, 218, 199, 109, 70, 99, 349, 83, 203, 84, 121, 150, 288, 197, 53, 182, 309, 168, 87, 28, 114, 240, 38, 39, 3, 252, 175, 74, 325, 103, 251, 49, 198, 330, 57, 5, 156, 314, 106, 223, 297, 111, 247, 284, 25, 12, 233, 180, 289, 79, 27, 189, 211, 312, 326, 208, 216, 261, 153, 139, 241, 76, 86, 323, 170, 329, 59, 40, 15, 9, 191, 221, 136, 276, 321, 44, 104, 249, 279, 322, 112, 89, 179, 159, 253, 24, 317, 292, 113, 280, 140, 18, 351, 31, 82, 50, 263, 337, 315, 130, 187, 91, 268, 138, 226, 303, 296, 149, 318, 517, 616, 510, 557, 520, 641, 460, 618, 402, 454, 515, 476, 609, 533, 666, 381, 534, 461, 698, 989, 772, 761, 807, 838, 932, 480, 724, 446, 355, 369, 998, 716, 706, 933, 927, 848, 452, 656, 437, 854, 730, 607, 385, 904, 411, 467, 679, 955, 537, 819, 582, 450, 827, 590, 492, 368, 473, 878, 552, 397, 630, 363, 811, 935, 425, 578, 562, 524, 686, 372, 398, 947, 575, 644, 712, 836, 358, 937, 423, 468, 457, 690, 586, 634, 908, 404, 550, 758, 504, 655, 604, 629, 760, 696, 448, 727, 493, 591, 895, 687, 383, 708, 431, 949, 392, 648, 643, 536, 463, 750, 507, 597, 689, 413, 371, 915, 972, 420, 659, 701, 739, 451, 704, 377, 791, 875, 540, 441, 733, 478, 365, 843, 573, 361, 606, 814, 670, 993, 917, 453, 674, 825, 579, 732, 474, 650, 642, 844, 839, 795, 734, 900, 948, 855, 883, 778, 746, 984, 829, 646, 528, 529, 671, 922, 867, 632, 545, 782, 449, 620, 572, 765, 789, 754, 845, 969, 980, 694, 905, 408, 833, 374, 957, 427, 660, 741, 721, 794, 776, 889, 977, 797, 995, 781, 943, 790, 850, 962, 742, 748, 747, 859, 849, 400, 770, 928, 903, 936, 914, 974, 723, 808, 990, 842, 920, 924, 709, 713, 958, 657, 692, 523, 757, 884, 892, 938, 983, 879, 735, 621, 911, 522, 357, 432, 412, 662, 951, 866, 638, 387, 816, 891, 902, 676, 558, 588, 587, 530, 405, 756, 896, 444, 548, 870, 677, 626, 885, 804, 738, 913, 994, 532, 942, 535, 979, 767, 416, 718, 926, 800, 898, 707, 519, 407, 719, 899, 851, 684, 919, 921, 611, 569, 813, 576, 940, 841, 424, 981, 376, 595, 445, 631, 901, 731, 555, 868, 988, 907, 775, 717, 726, 780, 654, 857, 840, 367, 414, 501, 406, 653, 682, 567, 547, 435, 585, 669, 471, 802, 683, 909, 511, 985, 502, 773, 393, 695, 830, 817, 619, 549, 633, 831, 886, 705, 577, 743, 784, 496, 608, 554, 755, 605, 458, 521, 672, 777, 798, 652, 378, 500, 999, 749, 888, 561, 415, 673, 391, 821, 373, 766, 505, 665, 661, 856, 421, 976, 443, 740, 788, 688, 952, 366, 880, 497, 703, 433, 600, 399, 639, 506, 475, 636, 401, 370, 570, 429, 651, 541, 495, 440, 386, 380, 568, 581, 516, 544, 617, 623, 375, 470, 486, 394, 722, 395, 647, 934, 627, 820, 498, 764, 871, 815, 785, 959, 996, 434, 667, 488, 779, 894, 752, 592, 970, 396, 818, 916, 580, 725, 410, 508, 945, 462, 658, 865, 897, 594, 466, 499, 542, 419, 822, 589, 390, 602, 826, 649, 931, 447, 762, 615, 759, 720, 512, 681, 455, 835, 430, 442, 805, 477, 543, 509, 613, 847, 877, 491, 881, 699, 389, 872, 456, 846, 422, 978, 834, 622, 438, 702, 563, 793, 685, 490, 700, 876, 564, 494, 596, 479, 944, 991, 858, 806, 882, 612, 968, 388, 923, 598, 556, 668, 910, 503, 796, 487, 426, 663, 574, 664, 711, 803, 584, 513, 753, 774, 624, 769, 824, 571, 963, 737, 710, 464, 728, 961, 869, 860, 792, 966, 971, 939, 787, 950, 837, 954, 809, 975, 729, 715, 930, 823, 965, 786, 960, 992, 912, 832, 714, 745, 956, 382, 583, 946, 783, 812, 593, 566, 929, 614, 417, 953, 801, 601, 469, 973, 887, 986, 810, 531, 864, 379, 640, 489, 472, 459, 771, 852, 941, 863, 693, 874, 485, 828, 551, 565, 428, 625, 436, 861, 514, 853, 751, 364, 744, 967, 526, 356, 697, 637, 603, 439, 403, 736, 546, 675, 362, 691, 483, 384, 890, 964, 925, 997, 553, 987, 862, 559, 360, 418, 481, 645, 484, 599, 799, 560, 763, 678, 525, 680, 768, 628, 893, 527, 539, 518, 906, 918, 873, 610, 982, 635, 465, 538, 359, 409, 482, 265, 207, 342, 81, 346, 256, 54, 173, 135, 32, 141, 192, 162, 316, 313, 152, 350, 122, 172, 71, 108, 220, 262, 119, 278, 336, 151, 73, 332, 124, 259, 311, 66, 222, 77, 324, 47, 287, 101, 273, 34, 146, 299, 94, 219, 245, 133, 204, 230, 171, 306, 231, 248, 232, 275, 48, 16, 308, 185, 213, 128, 123, 155, 343, 98, 269, 56, 353, 320, 333, 267, 345, 90, 42, 260, 205, 290, 165, 60, 134, 145, 120, 51, 8, 7, 55, 225, 46, 23, 183, 154, 64, 264, 19, 184, 102, 26, 157, 177, 255, 243, 237, 281, 97, 41, 257, 250, 13, 69, 271, 160, 304, 305, 235, 227, 194, 176, 331, 238, 169, 310, 20, 181, 35, 178, 294, 52, 210, 158, 277, 224, 239, 36, 200, 206, 85, 131, 118, 96, 186, 298, 14, 147, 229, 167, 202, 144, 126, 339, 196, 174, 228, 335, 117, 274, 258, 352, 11, 75, 78, 254, 354, 93, 148, 214, 302, 2, 22, 282, 129, 30, 0], [0, 0], [0, 0], [0, 0], [0, 0], [0, 0], [0, 0]]"
clustered-offset-depot,clustered-offset-depot_n1000_m7_r01.txt,data\mtsp\generated_multifamily\clustered-offset-depot_n1000_m7_r01.txt,1000,7,tsp-transform-lkh,medium,4892.38264,1.232325,True,ok,False,"[[0, 166, 319, 163, 21, 68, 300, 62, 203, 84, 197, 182, 53, 43, 72, 87, 28, 6, 348, 17, 283, 209, 266, 244, 67, 293, 327, 143, 116, 202, 144, 126, 339, 174, 196, 118, 19, 131, 85, 184, 102, 26, 46, 23, 183, 264, 96, 186, 64, 154, 298, 167, 229, 147, 14, 161, 37, 132, 190, 242, 4, 10, 201, 307, 1, 33, 212, 285, 301, 272, 92, 65, 286, 58, 127, 29, 215, 137, 320, 333, 267, 345, 90, 193, 295, 328, 236, 341, 234, 205, 344, 347, 115, 246, 164, 61, 195, 125, 63, 225, 334, 55, 7, 8, 51, 120, 165, 290, 145, 60, 134, 122, 77, 172, 222, 71, 108, 311, 259, 220, 281, 97, 41, 237, 169, 310, 20, 243, 157, 177, 255, 294, 52, 158, 206, 200, 239, 36, 228, 335, 117, 78, 254, 338, 188, 142, 80, 270, 88, 217, 340, 95, 105, 291, 100, 0], [0, 45, 0], [0, 110, 0], [0, 30, 0], [0, 129, 0], [0, 22, 0], [0, 282, 2, 214, 148, 302, 93, 354, 75, 11, 352, 258, 274, 277, 224, 210, 178, 35, 181, 176, 194, 331, 160, 238, 257, 271, 69, 250, 13, 304, 227, 235, 305, 119, 278, 336, 151, 262, 124, 73, 332, 66, 101, 273, 287, 34, 47, 324, 350, 133, 230, 204, 260, 42, 308, 185, 213, 128, 123, 50, 155, 343, 82, 322, 31, 315, 263, 337, 16, 48, 130, 187, 275, 232, 91, 268, 226, 303, 296, 346, 256, 248, 54, 231, 173, 306, 171, 245, 219, 94, 299, 146, 313, 152, 316, 162, 135, 192, 141, 32, 81, 342, 207, 265, 610, 873, 538, 359, 482, 409, 465, 635, 982, 989, 918, 772, 761, 807, 518, 906, 539, 550, 527, 893, 628, 768, 680, 525, 678, 763, 360, 559, 997, 925, 862, 553, 987, 744, 364, 853, 751, 526, 967, 691, 362, 675, 546, 736, 493, 403, 439, 637, 697, 356, 915, 371, 413, 377, 704, 972, 420, 941, 863, 861, 514, 693, 874, 436, 481, 484, 418, 599, 799, 560, 645, 625, 428, 565, 828, 485, 551, 459, 472, 489, 640, 379, 417, 614, 812, 783, 593, 566, 929, 953, 992, 786, 960, 801, 601, 469, 946, 583, 973, 887, 606, 361, 986, 810, 531, 864, 771, 852, 573, 843, 365, 478, 659, 701, 451, 739, 733, 441, 540, 875, 791, 711, 803, 584, 579, 825, 674, 732, 710, 464, 737, 963, 474, 571, 650, 824, 646, 984, 746, 900, 829, 734, 795, 642, 839, 844, 860, 869, 961, 728, 453, 814, 670, 993, 917, 956, 382, 745, 714, 792, 832, 966, 971, 912, 823, 965, 930, 715, 939, 729, 787, 975, 809, 954, 950, 837, 948, 855, 883, 778, 969, 845, 789, 754, 790, 943, 850, 781, 995, 748, 962, 742, 808, 990, 842, 920, 723, 974, 914, 936, 924, 709, 903, 928, 657, 692, 879, 983, 523, 958, 713, 757, 884, 892, 938, 735, 621, 911, 770, 405, 530, 558, 587, 588, 676, 902, 891, 522, 357, 816, 913, 432, 412, 662, 387, 951, 638, 866, 919, 921, 611, 569, 813, 907, 775, 988, 717, 726, 780, 654, 857, 840, 471, 909, 985, 511, 367, 414, 501, 406, 653, 682, 567, 669, 585, 547, 435, 623, 617, 544, 395, 647, 722, 934, 627, 820, 661, 665, 667, 505, 766, 373, 488, 673, 779, 415, 561, 749, 888, 542, 499, 419, 822, 466, 594, 658, 462, 865, 897, 378, 652, 970, 500, 999, 894, 752, 592, 434, 996, 959, 498, 871, 815, 785, 764, 502, 773, 393, 695, 830, 817, 683, 802, 549, 619, 831, 886, 705, 633, 868, 555, 731, 631, 901, 577, 743, 784, 445, 496, 608, 554, 755, 605, 595, 458, 521, 672, 777, 798, 396, 818, 916, 580, 725, 491, 881, 699, 872, 389, 456, 535, 979, 767, 416, 718, 926, 800, 898, 841, 424, 981, 376, 576, 940, 707, 519, 407, 684, 719, 851, 899, 942, 994, 532, 738, 804, 846, 885, 626, 677, 870, 548, 444, 896, 756, 400, 776, 889, 849, 859, 747, 977, 797, 765, 980, 528, 529, 671, 922, 545, 782, 449, 632, 867, 694, 620, 572, 660, 741, 427, 721, 794, 622, 957, 374, 833, 408, 905, 438, 702, 834, 422, 978, 847, 877, 410, 613, 509, 508, 543, 945, 477, 805, 442, 430, 835, 455, 589, 390, 649, 931, 602, 826, 447, 762, 615, 681, 512, 720, 663, 574, 426, 487, 796, 479, 596, 494, 564, 876, 700, 490, 944, 991, 685, 793, 563, 806, 858, 882, 612, 968, 388, 923, 774, 624, 769, 598, 753, 513, 668, 556, 503, 910, 664, 750, 463, 536, 759, 431, 507, 689, 597, 643, 648, 949, 392, 708, 687, 383, 603, 591, 895, 727, 398, 947, 372, 575, 644, 358, 836, 712, 457, 760, 696, 448, 384, 483, 629, 890, 964, 604, 655, 504, 758, 404, 690, 908, 634, 586, 848, 437, 854, 656, 452, 607, 730, 468, 904, 385, 411, 467, 937, 686, 423, 679, 955, 537, 819, 582, 450, 827, 368, 473, 878, 524, 562, 578, 391, 821, 425, 552, 397, 935, 811, 363, 630, 788, 421, 443, 976, 740, 856, 394, 486, 497, 366, 880, 703, 433, 470, 600, 375, 516, 581, 568, 380, 386, 440, 495, 541, 651, 506, 399, 639, 952, 688, 492, 590, 475, 636, 401, 370, 429, 570, 515, 454, 402, 618, 609, 476, 446, 355, 369, 998, 716, 706, 724, 480, 933, 927, 838, 932, 381, 534, 698, 461, 666, 533, 557, 460, 641, 520, 510, 616, 517, 149, 318, 138, 351, 18, 140, 112, 113, 280, 292, 317, 24, 159, 179, 253, 89, 279, 98, 269, 249, 136, 221, 57, 5, 156, 314, 106, 223, 297, 111, 247, 25, 12, 233, 180, 284, 325, 103, 251, 49, 198, 330, 211, 312, 326, 208, 189, 74, 289, 79, 27, 175, 252, 3, 39, 38, 240, 114, 168, 309, 261, 216, 153, 288, 150, 121, 170, 329, 323, 86, 139, 241, 76, 191, 9, 15, 40, 321, 276, 44, 104, 56, 353, 218, 199, 109, 70, 59, 99, 349, 83, 107, 0]]"
clustered-offset-depot,clustered-offset-depot_n100_m2_r01.txt,data\mtsp\generated_multifamily\clustered-offset-depot_n100_m2_r01.txt,100,2,ortools-gls,medium,183.710468,5.000787,True,ok,False,"[[0, 67, 66, 60, 49, 63, 53, 58, 61, 5, 22, 28, 19, 56, 6, 62, 30, 25, 24, 4, 8, 11, 1, 14, 20, 26, 27, 2, 9, 21, 23, 10, 85, 88, 76, 95, 80, 82, 73, 87, 79, 92, 93, 89, 69, 78, 77, 75, 71, 68, 99, 98, 84, 86, 83, 96, 47, 35, 42, 34, 38, 44, 48, 45, 31, 40, 39, 36, 41, 43, 33, 46, 32, 37, 81, 72, 74, 90, 97, 94, 91, 70, 3, 18, 15, 12, 13, 29, 55, 57, 16, 17, 7, 64, 50, 52, 51, 54, 59, 65, 0], [0, 0]]"
clustered-offset-depot,clustered-offset-depot_n100_m2_r01.txt,data\mtsp\generated_multifamily\clustered-offset-depot_n100_m2_r01.txt,100,2,tsp-transform-lkh,medium,207.202733,0.048615,True,ok,False,"[[0, 67, 0], [0, 65, 59, 63, 53, 54, 51, 52, 50, 58, 61, 64, 7, 17, 16, 29, 13, 12, 15, 10, 18, 3, 70, 91, 74, 90, 94, 97, 37, 32, 46, 33, 43, 41, 44, 36, 39, 40, 31, 45, 48, 38, 34, 42, 35, 47, 96, 83, 81, 72, 86, 84, 98, 99, 68, 71, 75, 77, 78, 69, 89, 93, 92, 79, 87, 73, 82, 80, 95, 76, 88, 85, 21, 23, 9, 2, 27, 26, 20, 14, 1, 11, 8, 4, 24, 25, 30, 62, 6, 56, 55, 57, 5, 22, 28, 19, 49, 60, 66, 0]]"
clustered-offset-depot,clustered-offset-depot_n100_m3_r01.txt,data\mtsp\generated_multifamily\clustered-offset-depot_n100_m3_r01.txt,100,3,ortools-gls,medium,194.354246,5.00082,True,ok,False,"[[0, 70, 65, 69, 68, 67, 71, 72, 66, 58, 61, 2, 13, 25, 24, 19, 7, 3, 12, 20, 94, 86, 85, 82, 83, 97, 95, 96, 93, 15, 79, 10, 77, 23, 17, 5, 11, 21, 9, 16, 14, 84, 8, 1, 4, 42, 32, 55, 46, 81, 80, 98, 91, 99, 76, 90, 92, 89, 78, 88, 87, 53, 29, 30, 39, 44, 37, 43, 31, 38, 50, 41, 49, 48, 47, 45, 34, 54, 28, 36, 35, 26, 40, 33, 52, 27, 51, 22, 6, 18, 56, 64, 73, 74, 60, 75, 62, 57, 59, 63, 0], [0, 0], [0, 0]]"
clustered-offset-depot,clustered-offset-depot_n100_m3_r01.txt,data\mtsp\generated_multifamily\clustered-offset-depot_n100_m3_r01.txt,100,3,tsp-transform-lkh,medium,260.457943,0.048414,True,ok,False,"[[0, 70, 0], [0, 67, 0], [0, 71, 72, 66, 58, 61, 2, 13, 25, 24, 19, 7, 3, 12, 20, 94, 86, 85, 82, 83, 97, 95, 79, 10, 77, 15, 93, 96, 98, 91, 99, 76, 90, 92, 89, 78, 88, 80, 81, 87, 30, 39, 53, 29, 34, 44, 37, 43, 31, 38, 50, 41, 49, 48, 47, 45, 54, 28, 36, 35, 26, 40, 33, 52, 27, 32, 55, 46, 42, 51, 22, 4, 1, 8, 84, 14, 16, 11, 23, 17, 5, 21, 9, 6, 18, 56, 64, 73, 74, 60, 75, 62, 68, 69, 65, 57, 59, 63, 0]]"
clustered-offset-depot,clustered-offset-depot_n100_m5_r01.txt,data\mtsp\generated_multifamily\clustered-offset-depot_n100_m5_r01.txt,100,5,ortools-gls,medium,150.352625,5.000217,True,ok,False,"[[0, 73, 68, 81, 6, 89, 27, 94, 17, 74, 2, 93, 18, 75, 4, 86, 72, 82, 71, 8, 16, 30, 14, 12, 98, 92, 34, 21, 20, 7, 10, 15, 11, 22, 23, 32, 13, 31, 96, 26, 33, 25, 46, 28, 52, 38, 48, 54, 60, 51, 36, 62, 55, 66, 42, 43, 56, 61, 39, 41, 44, 65, 47, 49, 59, 58, 64, 57, 40, 37, 50, 45, 63, 53, 19, 3, 5, 1, 80, 97, 35, 79, 83, 77, 87, 24, 9, 84, 29, 67, 78, 69, 76, 88, 95, 90, 99, 91, 70, 85, 0], [0, 0], [0, 0], [0, 0], [0, 0]]"
clustered-offset-depot,clustered-offset-depot_n100_m5_r01.txt,data\mtsp\generated_multifamily\clustered-offset-depot_n100_m5_r01.txt,100,5,tsp-transform-lkh,medium,224.647927,0.07913,True,ok,False,"[[0, 85, 0], [0, 99, 0], [0, 70, 0], [0, 91, 0], [0, 90, 95, 88, 67, 78, 29, 6, 89, 27, 94, 74, 17, 84, 9, 24, 87, 34, 92, 21, 79, 35, 83, 77, 97, 80, 1, 3, 5, 69, 76, 50, 45, 37, 59, 40, 57, 64, 58, 49, 47, 65, 44, 42, 66, 43, 39, 41, 61, 56, 62, 36, 51, 55, 60, 54, 48, 63, 53, 19, 52, 38, 28, 46, 25, 33, 26, 96, 31, 13, 32, 23, 22, 7, 20, 10, 11, 15, 14, 30, 16, 12, 98, 93, 2, 18, 8, 71, 82, 72, 86, 4, 75, 81, 68, 73, 0]]"
clustered-offset-depot,clustered-offset-depot_n200_m2_r01.txt,data\mtsp\generated_multifamily\clustered-offset-depot_n200_m2_r01.txt,200,2,ortools-gls,medium,309.986524,5.000146,True,ok,False,"[[0, 68, 83, 66, 81, 64, 98, 51, 75, 97, 69, 59, 61, 54, 102, 89, 79, 86, 53, 58, 95, 56, 73, 55, 87, 100, 197, 154, 158, 142, 141, 144, 147, 143, 164, 177, 178, 183, 185, 186, 151, 173, 182, 174, 168, 198, 191, 145, 184, 159, 176, 189, 194, 161, 166, 163, 195, 156, 22, 6, 32, 34, 23, 49, 132, 109, 128, 117, 106, 105, 123, 125, 108, 111, 130, 129, 116, 135, 118, 133, 127, 138, 103, 124, 139, 121, 104, 131, 113, 136, 107, 120, 110, 112, 126, 114, 134, 137, 122, 115, 119, 36, 41, 40, 29, 17, 33, 14, 196, 46, 39, 3, 45, 16, 152, 21, 7, 1, 19, 30, 20, 5, 2, 11, 43, 44, 47, 42, 31, 15, 9, 10, 28, 4, 18, 26, 153, 27, 38, 8, 190, 24, 165, 25, 157, 169, 12, 172, 149, 179, 162, 180, 148, 187, 181, 167, 171, 140, 193, 155, 48, 37, 13, 35, 199, 160, 146, 192, 150, 175, 170, 188, 82, 62, 72, 93, 57, 63, 96, 76, 92, 85, 99, 50, 91, 78, 70, 74, 88, 65, 101, 67, 77, 60, 80, 52, 71, 94, 84, 90, 0], [0, 0]]"
clustered-offset-depot,clustered-offset-depot_n200_m2_r01.txt,data\mtsp\generated_multifamily\clustered-offset-depot_n200_m2_r01.txt,200,2,tsp-transform-lkh,medium,358.279335,0.117701,True,ok,False,"[[0, 90, 0], [0, 83, 66, 68, 69, 59, 61, 54, 79, 89, 102, 75, 97, 53, 58, 72, 51, 64, 98, 93, 62, 95, 56, 86, 73, 87, 100, 188, 170, 175, 192, 150, 197, 154, 158, 142, 146, 160, 199, 164, 143, 147, 141, 144, 177, 183, 185, 186, 151, 173, 182, 174, 178, 168, 198, 191, 145, 184, 159, 195, 163, 156, 22, 6, 32, 14, 33, 34, 23, 49, 117, 128, 109, 132, 122, 137, 134, 104, 105, 106, 123, 125, 108, 111, 130, 129, 116, 135, 118, 133, 127, 138, 103, 124, 139, 121, 131, 113, 136, 107, 120, 110, 112, 114, 126, 115, 119, 36, 41, 40, 17, 29, 1, 19, 30, 20, 5, 2, 11, 43, 44, 47, 42, 31, 15, 9, 10, 28, 4, 18, 26, 153, 27, 38, 8, 190, 45, 16, 152, 21, 7, 3, 39, 46, 194, 189, 161, 196, 166, 176, 37, 35, 13, 48, 24, 165, 25, 157, 169, 12, 172, 149, 179, 162, 180, 187, 148, 155, 193, 181, 140, 171, 167, 82, 55, 99, 50, 85, 92, 76, 57, 63, 96, 101, 65, 88, 74, 91, 78, 70, 77, 67, 60, 80, 52, 71, 81, 94, 84, 0]]"
clustered-offset-depot,clustered-offset-depot_n200_m3_r01.txt,data\mtsp\generated_multifamily\clustered-offset-depot_n200_m3_r01.txt,200,3,ortools-gls,medium,314.771184,5.000628,True,ok,False,"[[0, 191, 145, 182, 163, 149, 193, 147, 173, 180, 165, 196, 186, 153, 187, 179, 176, 199, 161, 160, 190, 178, 198, 169, 148, 166, 157, 155, 152, 162, 183, 28, 71, 21, 34, 72, 64, 35, 40, 48, 68, 43, 22, 13, 54, 17, 8, 45, 42, 26, 62, 36, 27, 37, 12, 6, 55, 23, 10, 25, 69, 66, 5, 19, 70, 24, 38, 49, 4, 51, 29, 11, 30, 59, 47, 15, 58, 16, 60, 56, 33, 53, 46, 44, 32, 20, 14, 65, 52, 18, 3, 1, 7, 39, 41, 61, 63, 31, 2, 57, 67, 50, 9, 119, 142, 83, 75, 135, 92, 122, 79, 105, 98, 120, 121, 125, 131, 138, 91, 117, 132, 78, 99, 116, 118, 108, 93, 127, 82, 110, 114, 113, 100, 111, 143, 88, 101, 80, 107, 123, 112, 87, 89, 97, 129, 115, 81, 86, 136, 103, 95, 134, 130, 139, 106, 102, 141, 144, 94, 104, 74, 90, 77, 126, 137, 85, 96, 140, 73, 109, 133, 128, 76, 84, 124, 159, 195, 197, 181, 172, 168, 188, 175, 156, 189, 170, 194, 177, 171, 146, 185, 158, 164, 184, 150, 174, 154, 151, 167, 192, 0], [0, 0], [0, 0]]"
clustered-offset-depot,clustered-offset-depot_n200_m3_r01.txt,data\mtsp\generated_multifamily\clustered-offset-depot_n200_m3_r01.txt,200,3,tsp-transform-lkh,medium,413.218934,0.155087,True,ok,False,"[[0, 145, 0], [0, 191, 0], [0, 147, 193, 149, 173, 180, 165, 178, 190, 198, 169, 148, 166, 157, 155, 45, 42, 26, 69, 25, 66, 5, 19, 70, 24, 38, 49, 4, 10, 37, 55, 23, 51, 29, 11, 30, 47, 15, 58, 16, 60, 56, 33, 53, 46, 59, 44, 32, 6, 12, 64, 72, 20, 14, 65, 52, 18, 3, 7, 1, 31, 2, 63, 61, 41, 71, 21, 39, 34, 35, 27, 36, 40, 48, 62, 68, 43, 54, 8, 17, 22, 13, 28, 57, 67, 50, 9, 119, 142, 83, 75, 135, 92, 122, 79, 105, 98, 120, 125, 121, 104, 74, 90, 94, 81, 115, 129, 97, 112, 87, 89, 118, 116, 99, 131, 138, 78, 132, 91, 117, 108, 93, 127, 82, 110, 114, 113, 100, 111, 143, 107, 123, 80, 88, 101, 103, 130, 106, 139, 134, 95, 102, 141, 136, 86, 144, 77, 85, 96, 140, 73, 137, 126, 109, 133, 128, 76, 84, 124, 159, 195, 197, 183, 162, 199, 161, 152, 160, 196, 186, 153, 187, 179, 176, 168, 172, 181, 188, 175, 156, 189, 170, 194, 171, 146, 185, 158, 177, 164, 184, 150, 174, 154, 151, 192, 167, 163, 182, 0]]"
clustered-offset-depot,clustered-offset-depot_n200_m5_r01.txt,data\mtsp\generated_multifamily\clustered-offset-depot_n200_m5_r01.txt,200,5,ortools-gls,medium,316.136383,5.001262,True,ok,False,"[[0, 117, 101, 98, 108, 118, 100, 113, 134, 120, 99, 77, 53, 75, 64, 57, 87, 70, 94, 91, 95, 55, 89, 60, 153, 192, 86, 167, 58, 163, 150, 169, 56, 182, 175, 159, 78, 195, 68, 61, 82, 74, 66, 93, 52, 80, 92, 199, 147, 176, 170, 158, 187, 168, 161, 186, 156, 178, 62, 164, 193, 63, 155, 190, 188, 84, 59, 67, 160, 90, 76, 54, 79, 162, 177, 191, 171, 198, 151, 189, 179, 185, 149, 146, 197, 183, 165, 166, 184, 196, 194, 172, 154, 173, 174, 180, 148, 81, 157, 152, 181, 65, 73, 83, 69, 4, 2, 14, 16, 40, 50, 35, 1, 6, 45, 43, 36, 72, 88, 85, 71, 46, 33, 5, 7, 15, 24, 41, 49, 34, 10, 28, 31, 44, 20, 30, 19, 3, 13, 9, 47, 26, 21, 32, 23, 29, 22, 51, 17, 12, 25, 11, 48, 8, 39, 37, 38, 18, 42, 27, 107, 114, 130, 143, 129, 133, 141, 103, 97, 110, 136, 102, 105, 131, 106, 126, 116, 104, 144, 142, 140, 122, 119, 115, 139, 132, 137, 138, 135, 127, 109, 111, 125, 112, 128, 123, 96, 121, 124, 145, 0], [0, 0], [0, 0], [0, 0], [0, 0]]"
clustered-offset-depot,clustered-offset-depot_n200_m5_r01.txt,data\mtsp\generated_multifamily\clustered-offset-depot_n200_m5_r01.txt,200,5,tsp-transform-lkh,medium,633.114897,0.160187,True,ok,False,"[[0, 108, 98, 0], [0, 101, 0], [0, 117, 0], [0, 145, 0], [0, 124, 106, 126, 116, 121, 96, 123, 128, 112, 125, 111, 127, 109, 104, 144, 142, 140, 135, 138, 122, 119, 115, 139, 132, 137, 8, 48, 39, 11, 25, 12, 41, 49, 34, 10, 28, 17, 51, 22, 29, 23, 32, 26, 21, 9, 3, 19, 30, 20, 44, 13, 47, 31, 1, 35, 50, 40, 16, 14, 2, 4, 43, 45, 6, 5, 7, 33, 36, 69, 85, 88, 72, 71, 95, 55, 83, 73, 65, 89, 60, 153, 192, 86, 167, 58, 157, 181, 152, 148, 81, 54, 76, 79, 162, 177, 191, 174, 180, 173, 154, 172, 194, 196, 171, 198, 151, 184, 166, 165, 183, 197, 146, 149, 179, 185, 158, 189, 90, 160, 67, 59, 84, 188, 190, 155, 63, 163, 150, 56, 169, 195, 182, 78, 159, 175, 62, 193, 164, 161, 168, 187, 170, 176, 147, 199, 186, 156, 178, 93, 52, 80, 92, 74, 66, 82, 61, 68, 70, 94, 91, 87, 57, 64, 46, 38, 24, 15, 37, 27, 42, 18, 75, 53, 77, 141, 103, 97, 133, 110, 136, 102, 105, 131, 114, 130, 129, 143, 107, 99, 120, 134, 113, 100, 118, 0]]"
clustered-offset-depot,clustered-offset-depot_n20_m2_r01.txt,data\mtsp\generated_multifamily\clustered-offset-depot_n20_m2_r01.txt,20,2,exact-mip,small,49.42835,4.068295,True,optimal:SCIP,True,"[[0, 13, 0], [0, 18, 14, 15, 17, 2, 9, 10, 8, 16, 6, 3, 5, 7, 11, 12, 4, 1, 19, 0]]"
clustered-offset-depot,clustered-offset-depot_n20_m2_r01.txt,data\mtsp\generated_multifamily\clustered-offset-depot_n20_m2_r01.txt,20,2,ortools-gls,small,40.038831,5.000404,True,ok,False,"[[0, 19, 1, 4, 12, 11, 7, 5, 3, 6, 16, 8, 10, 9, 2, 17, 15, 14, 18, 13, 0], [0, 0]]"
clustered-offset-depot,clustered-offset-depot_n20_m2_r01.txt,data\mtsp\generated_multifamily\clustered-offset-depot_n20_m2_r01.txt,20,2,tsp-transform-lkh,small,49.42835,0.026232,True,ok,False,"[[0, 18, 14, 15, 17, 2, 9, 10, 8, 16, 6, 3, 5, 7, 11, 12, 4, 1, 19, 0], [0, 13, 0]]"
clustered-offset-depot,clustered-offset-depot_n20_m3_r01.txt,data\mtsp\generated_multifamily\clustered-offset-depot_n20_m3_r01.txt,20,3,exact-mip,small,45.652622,0.416119,True,optimal:SCIP,True,"[[0, 15, 17, 4, 7, 19, 13, 11, 8, 2, 6, 12, 3, 1, 9, 14, 10, 5, 0], [0, 16, 0], [0, 18, 0]]"
clustered-offset-depot,clustered-offset-depot_n20_m3_r01.txt,data\mtsp\generated_multifamily\clustered-offset-depot_n20_m3_r01.txt,20,3,ortools-gls,small,36.814266,5.000442,True,ok,False,"[[0, 15, 17, 4, 7, 19, 13, 11, 8, 2, 6, 12, 3, 1, 9, 14, 10, 5, 16, 18, 0], [0, 0], [0, 0]]"
clustered-offset-depot,clustered-offset-depot_n20_m3_r01.txt,data\mtsp\generated_multifamily\clustered-offset-depot_n20_m3_r01.txt,20,3,tsp-transform-lkh,small,45.652622,0.049156,True,ok,False,"[[0, 5, 10, 14, 9, 1, 3, 12, 6, 2, 8, 11, 13, 19, 7, 4, 17, 15, 0], [0, 18, 0], [0, 16, 0]]"
clustered-offset-depot,clustered-offset-depot_n20_m5_r01.txt,data\mtsp\generated_multifamily\clustered-offset-depot_n20_m5_r01.txt,20,5,exact-mip,small,77.855438,0.727732,True,optimal:SCIP,True,"[[0, 1, 13, 16, 14, 10, 12, 11, 6, 18, 4, 15, 3, 2, 17, 7, 0], [0, 5, 0], [0, 8, 0], [0, 9, 0], [0, 19, 0]]"
clustered-offset-depot,clustered-offset-depot_n20_m5_r01.txt,data\mtsp\generated_multifamily\clustered-offset-depot_n20_m5_r01.txt,20,5,ortools-gls,small,47.901417,5.000288,True,ok,False,"[[0, 9, 1, 13, 16, 14, 10, 12, 11, 6, 18, 4, 15, 3, 2, 7, 17, 19, 5, 8, 0], [0, 0], [0, 0], [0, 0], [0, 0]]"
clustered-offset-depot,clustered-offset-depot_n20_m5_r01.txt,data\mtsp\generated_multifamily\clustered-offset-depot_n20_m5_r01.txt,20,5,tsp-transform-lkh,small,78.309067,0.027213,True,ok,False,"[[0, 5, 0], [0, 19, 0], [0, 17, 7, 2, 3, 15, 4, 18, 6, 11, 12, 10, 14, 16, 13, 1, 0], [0, 9, 0], [0, 8, 0]]"
clustered-offset-depot,clustered-offset-depot_n500_m2_r01.txt,data\mtsp\generated_multifamily\clustered-offset-depot_n500_m2_r01.txt,500,2,ortools-gls,medium,1148.033981,5.00156,True,ok,False,"[[0, 159, 170, 182, 142, 208, 190, 187, 225, 149, 171, 189, 156, 177, 235, 242, 252, 160, 202, 167, 236, 141, 180, 138, 258, 201, 143, 246, 179, 251, 260, 169, 232, 499, 458, 493, 374, 438, 461, 397, 476, 425, 436, 357, 460, 435, 462, 388, 407, 440, 464, 497, 417, 379, 375, 450, 377, 390, 433, 429, 396, 354, 472, 484, 495, 382, 355, 385, 421, 420, 404, 393, 366, 465, 428, 410, 408, 454, 481, 423, 427, 412, 448, 430, 442, 434, 424, 359, 400, 439, 399, 387, 389, 369, 392, 370, 360, 391, 471, 459, 381, 457, 409, 403, 431, 473, 432, 373, 401, 362, 490, 405, 426, 314, 284, 316, 327, 118, 321, 108, 113, 271, 64, 300, 20, 42, 8, 275, 120, 101, 45, 125, 267, 348, 335, 78, 95, 4, 341, 132, 277, 58, 333, 305, 322, 312, 330, 310, 272, 339, 270, 313, 291, 287, 301, 318, 285, 347, 292, 266, 308, 282, 326, 328, 276, 274, 304, 346, 350, 265, 290, 268, 294, 264, 342, 269, 117, 35, 56, 311, 307, 60, 92, 73, 26, 111, 23, 43, 106, 121, 13, 38, 61, 46, 85, 48, 7, 112, 41, 76, 65, 102, 14, 114, 128, 93, 77, 83, 88, 49, 12, 37, 31, 59, 55, 91, 103, 123, 34, 131, 135, 29, 36, 21, 98, 3, 86, 126, 30, 90, 110, 80, 39, 133, 82, 127, 72, 47, 25, 52, 53, 17, 94, 124, 107, 75, 1, 44, 10, 6, 50, 104, 51, 54, 71, 28, 116, 79, 2, 16, 70, 129, 69, 57, 99, 332, 22, 288, 9, 66, 11, 295, 303, 296, 349, 273, 315, 351, 298, 338, 329, 293, 286, 263, 353, 279, 343, 325, 297, 317, 306, 323, 334, 319, 309, 278, 302, 345, 320, 340, 344, 283, 331, 324, 299, 289, 280, 19, 87, 281, 352, 336, 68, 18, 105, 96, 84, 109, 119, 15, 89, 97, 33, 62, 130, 115, 100, 32, 67, 122, 81, 134, 40, 27, 63, 24, 5, 74, 337, 356, 411, 394, 479, 444, 367, 445, 496, 485, 372, 488, 398, 418, 419, 480, 466, 455, 414, 477, 415, 482, 453, 498, 364, 487, 406, 443, 492, 422, 437, 451, 446, 486, 467, 491, 494, 468, 416, 447, 378, 380, 475, 361, 358, 469, 376, 441, 470, 483, 463, 478, 449, 395, 371, 474, 383, 456, 452, 368, 384, 489, 402, 363, 386, 413, 365, 155, 200, 250, 146, 211, 148, 203, 221, 215, 172, 218, 226, 188, 254, 183, 198, 212, 209, 214, 244, 144, 193, 213, 231, 154, 239, 220, 199, 178, 194, 229, 166, 219, 234, 259, 197, 176, 253, 217, 240, 192, 163, 191, 185, 181, 136, 139, 161, 204, 173, 206, 222, 157, 184, 262, 249, 247, 150, 153, 205, 164, 230, 241, 196, 245, 145, 233, 165, 228, 151, 158, 237, 248, 216, 224, 223, 162, 243, 238, 152, 175, 256, 168, 186, 210, 261, 227, 174, 255, 207, 257, 140, 195, 147, 137, 0], [0, 0]]"
clustered-offset-depot,clustered-offset-depot_n500_m2_r01.txt,data\mtsp\generated_multifamily\clustered-offset-depot_n500_m2_r01.txt,500,2,tsp-transform-lkh,medium,1328.586464,0.265293,True,ok,False,"[[0, 210, 227, 174, 255, 207, 248, 237, 182, 170, 142, 208, 190, 187, 171, 149, 225, 158, 228, 165, 151, 233, 245, 196, 230, 241, 145, 162, 223, 224, 216, 243, 238, 186, 152, 168, 256, 175, 157, 222, 206, 184, 262, 204, 173, 185, 181, 136, 139, 161, 205, 153, 150, 249, 247, 164, 178, 194, 229, 166, 191, 163, 192, 240, 297, 325, 343, 298, 351, 315, 331, 324, 299, 289, 312, 322, 305, 95, 78, 335, 348, 342, 269, 117, 35, 56, 311, 307, 125, 267, 60, 8, 42, 120, 275, 101, 45, 5, 24, 100, 32, 67, 122, 48, 85, 46, 61, 38, 115, 73, 92, 26, 130, 62, 106, 43, 23, 111, 341, 4, 333, 58, 132, 277, 280, 303, 295, 296, 349, 273, 332, 22, 288, 99, 57, 69, 9, 66, 11, 87, 19, 281, 352, 336, 70, 68, 18, 2, 16, 129, 28, 71, 116, 79, 54, 105, 96, 1, 44, 51, 104, 50, 6, 10, 47, 17, 53, 52, 25, 72, 127, 82, 133, 39, 80, 110, 94, 124, 107, 75, 84, 109, 121, 13, 33, 97, 89, 119, 15, 131, 135, 36, 29, 90, 30, 126, 86, 3, 98, 21, 34, 123, 103, 91, 7, 112, 41, 55, 59, 31, 37, 49, 12, 83, 77, 93, 128, 88, 114, 14, 102, 65, 76, 81, 134, 40, 63, 27, 74, 337, 20, 300, 64, 271, 113, 108, 321, 118, 327, 316, 284, 314, 426, 356, 405, 362, 401, 490, 411, 394, 479, 373, 432, 473, 444, 367, 445, 496, 485, 372, 488, 457, 381, 459, 419, 480, 398, 418, 466, 498, 453, 414, 455, 477, 415, 482, 406, 487, 364, 422, 437, 451, 492, 443, 446, 486, 467, 464, 497, 417, 379, 375, 387, 389, 369, 392, 370, 360, 391, 471, 409, 403, 431, 410, 408, 428, 465, 442, 434, 366, 424, 359, 439, 400, 472, 484, 420, 393, 404, 430, 448, 454, 481, 423, 427, 412, 421, 385, 495, 397, 476, 363, 425, 436, 396, 354, 429, 433, 390, 399, 377, 450, 357, 460, 435, 462, 388, 407, 440, 380, 378, 447, 416, 491, 494, 468, 475, 361, 358, 469, 376, 441, 470, 483, 463, 371, 395, 449, 478, 474, 383, 456, 452, 368, 384, 489, 402, 413, 365, 386, 499, 458, 493, 374, 438, 461, 382, 355, 347, 292, 266, 308, 326, 282, 334, 319, 309, 278, 264, 294, 268, 290, 265, 350, 346, 304, 274, 328, 276, 285, 318, 301, 287, 291, 313, 270, 339, 272, 310, 330, 283, 344, 340, 338, 320, 345, 302, 329, 293, 286, 263, 353, 279, 317, 323, 306, 232, 200, 250, 146, 211, 169, 260, 251, 254, 188, 172, 215, 148, 203, 221, 218, 226, 213, 231, 259, 197, 176, 253, 217, 219, 234, 199, 220, 239, 154, 193, 144, 244, 214, 209, 212, 183, 198, 179, 201, 258, 143, 246, 155, 138, 180, 242, 235, 177, 156, 189, 252, 160, 141, 236, 167, 202, 159, 195, 147, 0], [0, 137, 140, 257, 261, 0]]"
clustered-offset-depot,clustered-offset-depot_n500_m3_r01.txt,data\mtsp\generated_multifamily\clustered-offset-depot_n500_m3_r01.txt,500,3,ortools-gls,medium,1312.857419,5.000138,True,ok,False,"[[0, 326, 349, 320, 248, 269, 263, 348, 315, 289, 266, 285, 335, 334, 343, 339, 351, 344, 301, 241, 294, 316, 258, 310, 298, 279, 242, 330, 342, 303, 321, 244, 327, 252, 300, 280, 272, 259, 293, 309, 256, 359, 261, 254, 304, 239, 283, 290, 338, 271, 262, 302, 307, 319, 251, 281, 354, 265, 450, 377, 415, 361, 449, 467, 380, 464, 405, 369, 462, 427, 413, 454, 470, 432, 468, 485, 425, 471, 458, 433, 436, 480, 407, 364, 399, 412, 409, 362, 410, 421, 457, 496, 497, 388, 476, 478, 459, 491, 481, 378, 373, 397, 489, 435, 482, 402, 437, 426, 420, 448, 493, 492, 401, 392, 461, 484, 400, 445, 384, 422, 418, 474, 447, 456, 490, 469, 395, 443, 368, 465, 442, 488, 446, 479, 365, 452, 423, 408, 371, 439, 419, 417, 370, 444, 424, 386, 391, 389, 383, 430, 374, 451, 440, 382, 366, 390, 396, 495, 498, 429, 416, 367, 376, 499, 455, 394, 483, 375, 434, 372, 363, 460, 487, 406, 477, 387, 381, 475, 398, 393, 404, 463, 472, 411, 473, 494, 453, 486, 385, 466, 438, 403, 379, 428, 431, 441, 414, 2, 95, 6, 11, 43, 68, 23, 33, 34, 4, 30, 5, 58, 16, 22, 44, 52, 81, 78, 29, 41, 28, 14, 20, 12, 85, 73, 27, 21, 54, 50, 75, 92, 103, 102, 72, 70, 26, 86, 93, 9, 77, 87, 42, 82, 48, 40, 96, 31, 76, 13, 99, 53, 63, 55, 35, 89, 51, 46, 47, 59, 17, 67, 64, 19, 71, 1, 90, 80, 101, 7, 10, 57, 84, 56, 74, 61, 38, 49, 32, 65, 37, 88, 60, 18, 24, 45, 91, 25, 79, 8, 100, 83, 3, 66, 97, 62, 98, 94, 36, 15, 39, 69, 235, 186, 154, 110, 218, 169, 135, 158, 130, 168, 232, 211, 128, 225, 136, 152, 123, 174, 200, 196, 199, 223, 108, 155, 105, 208, 160, 198, 112, 132, 233, 202, 144, 217, 177, 189, 171, 192, 157, 125, 120, 184, 109, 222, 153, 173, 207, 183, 176, 141, 185, 181, 131, 175, 234, 226, 124, 119, 117, 236, 163, 237, 104, 195, 151, 150, 178, 162, 159, 129, 190, 122, 194, 149, 182, 115, 215, 227, 197, 238, 145, 188, 191, 167, 201, 230, 187, 180, 148, 113, 205, 220, 161, 210, 107, 121, 229, 111, 212, 114, 147, 143, 221, 165, 204, 164, 213, 142, 106, 116, 228, 206, 127, 214, 166, 216, 209, 138, 118, 179, 140, 224, 219, 134, 139, 137, 126, 170, 172, 146, 193, 203, 133, 156, 231, 249, 312, 341, 313, 278, 353, 270, 317, 284, 328, 352, 276, 264, 311, 267, 275, 253, 297, 308, 306, 336, 340, 268, 260, 323, 287, 333, 360, 245, 347, 255, 246, 291, 332, 358, 350, 240, 296, 329, 273, 346, 286, 277, 299, 331, 337, 257, 247, 324, 318, 305, 325, 355, 292, 282, 295, 250, 345, 314, 274, 288, 356, 357, 322, 243, 0], [0, 0], [0, 0]]"
clustered-offset-depot,clustered-offset-depot_n500_m3_r01.txt,data\mtsp\generated_multifamily\clustered-offset-depot_n500_m3_r01.txt,500,3,tsp-transform-lkh,medium,1709.906598,0.26251,True,ok,False,"[[0, 274, 288, 344, 301, 351, 339, 348, 263, 269, 248, 320, 356, 357, 322, 243, 0], [0, 326, 0], [0, 349, 289, 315, 343, 334, 335, 285, 266, 259, 293, 272, 309, 256, 359, 261, 254, 304, 239, 280, 300, 252, 327, 279, 242, 330, 303, 321, 244, 283, 338, 290, 302, 262, 271, 450, 377, 428, 379, 415, 492, 361, 449, 467, 380, 464, 405, 369, 462, 413, 427, 426, 420, 493, 448, 437, 402, 482, 435, 393, 398, 475, 381, 387, 477, 406, 487, 460, 489, 397, 373, 378, 481, 470, 454, 432, 468, 485, 425, 491, 459, 478, 476, 471, 388, 458, 433, 436, 480, 399, 412, 364, 407, 497, 496, 457, 421, 410, 362, 409, 363, 372, 434, 375, 483, 499, 376, 367, 394, 455, 429, 498, 495, 416, 396, 390, 366, 382, 440, 451, 423, 452, 408, 389, 383, 430, 374, 404, 463, 472, 411, 473, 494, 453, 486, 385, 466, 392, 401, 438, 403, 431, 441, 414, 461, 484, 400, 445, 384, 422, 418, 474, 447, 490, 456, 370, 444, 424, 386, 391, 417, 419, 439, 371, 365, 479, 446, 488, 442, 395, 469, 443, 465, 368, 95, 2, 6, 69, 39, 15, 36, 94, 68, 43, 11, 23, 33, 34, 4, 30, 5, 58, 16, 44, 52, 81, 78, 29, 41, 28, 97, 14, 20, 100, 83, 66, 3, 62, 98, 91, 25, 45, 79, 8, 42, 82, 48, 40, 87, 77, 9, 86, 93, 73, 27, 85, 12, 22, 54, 50, 75, 21, 92, 103, 102, 72, 70, 26, 13, 76, 99, 53, 63, 55, 35, 89, 51, 46, 47, 31, 96, 59, 17, 64, 67, 60, 24, 18, 88, 37, 65, 32, 38, 61, 19, 71, 1, 90, 80, 101, 7, 10, 84, 56, 74, 49, 57, 235, 186, 154, 110, 199, 189, 177, 217, 223, 108, 144, 155, 202, 105, 208, 233, 132, 160, 112, 198, 162, 178, 150, 151, 195, 104, 237, 163, 236, 117, 119, 124, 226, 234, 175, 131, 181, 185, 204, 165, 164, 213, 142, 106, 221, 229, 121, 111, 212, 114, 147, 143, 116, 228, 206, 166, 216, 214, 127, 209, 138, 118, 188, 145, 191, 167, 230, 201, 107, 210, 161, 113, 148, 187, 180, 205, 220, 141, 176, 183, 159, 129, 190, 207, 173, 153, 222, 109, 184, 122, 194, 149, 120, 125, 157, 238, 219, 179, 224, 140, 193, 146, 203, 133, 172, 170, 134, 139, 137, 126, 168, 232, 211, 128, 225, 136, 152, 123, 174, 227, 197, 215, 115, 192, 182, 171, 196, 200, 218, 169, 135, 158, 130, 156, 231, 249, 312, 341, 313, 270, 278, 353, 281, 354, 251, 260, 265, 319, 323, 307, 287, 333, 360, 245, 255, 347, 342, 298, 294, 316, 258, 241, 292, 355, 325, 305, 318, 240, 296, 346, 286, 277, 273, 329, 358, 350, 310, 291, 246, 332, 340, 268, 336, 306, 308, 297, 317, 253, 275, 267, 284, 311, 264, 276, 328, 352, 337, 331, 299, 324, 257, 247, 295, 250, 282, 345, 314, 0]]"
clustered-offset-depot,clustered-offset-depot_n500_m5_r01.txt,data\mtsp\generated_multifamily\clustered-offset-depot_n500_m5_r01.txt,500,5,ortools-gls,medium,1197.855587,5.000598,True,ok,False,"[[0, 63, 107, 12, 88, 69, 53, 116, 56, 103, 86, 124, 54, 65, 59, 74, 76, 122, 96, 61, 67, 115, 48, 68, 60, 17, 126, 104, 89, 43, 40, 105, 114, 93, 57, 45, 33, 19, 1, 18, 35, 117, 73, 97, 80, 81, 20, 26, 46, 27, 44, 109, 42, 94, 23, 58, 4, 108, 22, 100, 47, 72, 120, 113, 84, 99, 142, 194, 198, 133, 203, 163, 213, 169, 201, 180, 166, 137, 153, 200, 215, 148, 182, 206, 212, 131, 219, 145, 161, 155, 192, 220, 139, 168, 159, 165, 185, 208, 187, 204, 176, 195, 177, 158, 222, 190, 143, 147, 150, 193, 217, 154, 189, 157, 207, 181, 149, 146, 184, 178, 135, 179, 134, 202, 209, 191, 130, 170, 173, 152, 175, 196, 140, 171, 138, 174, 216, 144, 172, 205, 304, 269, 287, 330, 315, 255, 234, 263, 261, 279, 275, 319, 277, 297, 245, 309, 306, 290, 314, 227, 283, 237, 331, 270, 244, 246, 292, 299, 231, 286, 268, 282, 274, 300, 273, 337, 232, 247, 230, 225, 265, 392, 449, 333, 291, 497, 267, 257, 499, 317, 301, 419, 293, 307, 310, 476, 336, 271, 346, 407, 426, 412, 455, 354, 323, 421, 233, 434, 325, 303, 381, 335, 308, 295, 289, 302, 328, 420, 401, 359, 404, 370, 393, 446, 494, 396, 481, 437, 457, 474, 491, 431, 348, 475, 378, 357, 435, 352, 350, 399, 468, 385, 495, 409, 342, 355, 386, 428, 462, 395, 452, 458, 387, 443, 371, 358, 422, 406, 467, 341, 380, 361, 470, 362, 448, 463, 492, 345, 389, 391, 353, 347, 451, 416, 418, 368, 486, 397, 453, 408, 376, 454, 436, 496, 461, 450, 483, 471, 384, 439, 466, 398, 351, 482, 388, 373, 424, 374, 367, 480, 402, 498, 411, 372, 478, 490, 251, 442, 484, 366, 440, 296, 278, 259, 427, 305, 423, 288, 360, 320, 394, 258, 444, 479, 477, 383, 276, 487, 414, 340, 364, 429, 447, 369, 460, 252, 224, 377, 400, 344, 349, 332, 243, 280, 403, 249, 417, 256, 382, 413, 363, 445, 379, 254, 356, 405, 248, 285, 339, 456, 241, 438, 324, 262, 365, 410, 433, 425, 469, 432, 415, 472, 441, 343, 390, 430, 465, 316, 485, 488, 375, 473, 298, 250, 272, 239, 326, 281, 235, 264, 318, 240, 228, 489, 459, 464, 338, 493, 253, 284, 327, 311, 334, 238, 322, 313, 294, 229, 329, 242, 226, 223, 260, 266, 312, 236, 321, 188, 221, 183, 156, 160, 164, 151, 141, 218, 162, 210, 214, 186, 211, 136, 132, 167, 199, 197, 3, 10, 52, 121, 41, 119, 49, 70, 129, 101, 91, 128, 62, 8, 64, 127, 55, 25, 30, 51, 85, 82, 95, 125, 77, 39, 106, 38, 5, 29, 118, 21, 7, 87, 111, 71, 31, 15, 28, 123, 102, 13, 79, 112, 24, 16, 50, 90, 66, 98, 92, 37, 2, 36, 32, 83, 11, 6, 110, 14, 9, 75, 78, 34, 0], [0, 0], [0, 0], [0, 0], [0, 0]]"
clustered-offset-depot,clustered-offset-depot_n500_m5_r01.txt,data\mtsp\generated_multifamily\clustered-offset-depot_n500_m5_r01.txt,500,5,tsp-transform-lkh,medium,2151.185824,0.286462,True,ok,False,"[[0, 16, 24, 112, 5, 29, 118, 21, 7, 87, 111, 38, 106, 71, 39, 31, 55, 25, 30, 51, 85, 82, 95, 49, 70, 119, 3, 131, 219, 145, 204, 187, 139, 168, 159, 165, 185, 208, 176, 195, 177, 158, 181, 207, 157, 147, 143, 222, 190, 150, 193, 217, 154, 189, 138, 149, 146, 184, 178, 215, 200, 153, 191, 130, 170, 173, 141, 151, 164, 175, 152, 209, 202, 134, 179, 135, 171, 196, 140, 216, 144, 174, 172, 205, 321, 304, 269, 236, 287, 330, 315, 255, 234, 263, 337, 232, 247, 230, 225, 257, 301, 499, 317, 379, 254, 356, 405, 248, 339, 456, 338, 253, 493, 497, 267, 291, 333, 449, 392, 265, 284, 311, 327, 240, 228, 464, 241, 438, 459, 489, 375, 488, 485, 316, 465, 324, 285, 413, 382, 363, 445, 407, 346, 271, 336, 476, 419, 273, 300, 274, 282, 237, 331, 270, 244, 261, 279, 275, 319, 277, 297, 245, 309, 306, 290, 314, 227, 283, 299, 292, 246, 231, 286, 268, 293, 307, 310, 434, 325, 303, 381, 295, 308, 335, 444, 258, 394, 320, 423, 288, 360, 479, 477, 383, 276, 487, 233, 421, 323, 414, 354, 455, 412, 426, 256, 340, 417, 364, 249, 280, 403, 262, 430, 390, 365, 343, 410, 425, 433, 344, 349, 332, 243, 447, 429, 369, 460, 252, 224, 377, 400, 461, 496, 436, 428, 386, 462, 395, 452, 355, 342, 409, 374, 367, 480, 495, 385, 468, 399, 350, 352, 402, 482, 388, 424, 373, 351, 398, 466, 439, 450, 483, 471, 384, 484, 366, 440, 296, 278, 259, 427, 305, 251, 442, 490, 396, 481, 446, 494, 401, 420, 328, 289, 302, 359, 404, 370, 393, 437, 457, 478, 372, 411, 498, 474, 491, 431, 348, 475, 378, 357, 435, 443, 371, 358, 387, 458, 406, 422, 467, 341, 380, 362, 448, 463, 453, 408, 470, 361, 454, 376, 469, 432, 415, 472, 397, 486, 368, 418, 492, 345, 389, 391, 353, 347, 451, 416, 441, 473, 298, 318, 264, 250, 272, 239, 326, 235, 281, 334, 238, 322, 313, 294, 229, 329, 242, 226, 223, 260, 266, 312, 188, 221, 160, 156, 183, 218, 162, 211, 186, 214, 210, 194, 198, 142, 133, 136, 132, 166, 137, 180, 201, 169, 203, 197, 163, 213, 199, 167, 148, 182, 220, 192, 155, 161, 212, 206, 10, 41, 121, 52, 99, 84, 113, 120, 72, 18, 1, 19, 97, 73, 117, 35, 47, 100, 22, 108, 4, 58, 23, 94, 44, 27, 46, 26, 20, 103, 56, 116, 53, 65, 54, 59, 74, 89, 43, 124, 86, 81, 109, 42, 80, 40, 105, 114, 93, 57, 45, 33, 129, 91, 101, 125, 77, 127, 15, 123, 28, 79, 13, 102, 64, 8, 128, 62, 104, 126, 17, 60, 68, 48, 115, 67, 61, 96, 122, 76, 69, 88, 12, 107, 63, 0], [0, 78, 0], [0, 34, 0], [0, 75, 0], [0, 9, 14, 11, 83, 32, 36, 2, 6, 110, 37, 92, 98, 66, 90, 50, 0]]"
clustered-offset-depot,clustered-offset-depot_n50_m2_r01.txt,data\mtsp\generated_multifamily\clustered-offset-depot_n50_m2_r01.txt,50,2,ortools-gls,medium,65.386054,5.000833,True,ok,False,"[[0, 12, 4, 21, 19, 18, 26, 17, 28, 11, 2, 41, 29, 14, 30, 40, 35, 47, 33, 39, 15, 22, 46, 36, 7, 27, 20, 37, 31, 13, 34, 16, 24, 38, 32, 45, 23, 49, 43, 44, 10, 9, 25, 48, 5, 3, 42, 8, 1, 6, 0], [0, 0]]"
clustered-offset-depot,clustered-offset-depot_n50_m2_r01.txt,data\mtsp\generated_multifamily\clustered-offset-depot_n50_m2_r01.txt,50,2,tsp-transform-lkh,medium,67.54676,0.053634,True,ok,False,"[[0, 6, 0], [0, 1, 8, 42, 48, 25, 40, 35, 47, 33, 44, 9, 10, 43, 49, 23, 45, 32, 38, 24, 31, 16, 34, 13, 37, 20, 27, 7, 36, 46, 22, 39, 15, 30, 14, 11, 28, 17, 26, 18, 19, 21, 4, 12, 2, 41, 29, 5, 3, 0]]"
clustered-offset-depot,clustered-offset-depot_n50_m3_r01.txt,data\mtsp\generated_multifamily\clustered-offset-depot_n50_m3_r01.txt,50,3,ortools-gls,medium,89.469417,5.000832,True,ok,False,"[[0, 37, 43, 38, 49, 1, 40, 4, 2, 5, 15, 13, 3, 8, 10, 14, 12, 9, 6, 11, 26, 7, 16, 33, 36, 39, 32, 47, 18, 31, 20, 23, 48, 22, 46, 17, 21, 24, 30, 25, 29, 19, 28, 27, 45, 42, 35, 34, 44, 41, 0], [0, 0], [0, 0]]"
clustered-offset-depot,clustered-offset-depot_n50_m3_r01.txt,data\mtsp\generated_multifamily\clustered-offset-depot_n50_m3_r01.txt,50,3,tsp-transform-lkh,medium,90.094228,0.030543,True,ok,False,"[[0, 18, 36, 39, 32, 47, 49, 38, 1, 40, 4, 2, 5, 15, 13, 3, 8, 10, 14, 12, 9, 6, 11, 26, 7, 16, 33, 46, 17, 21, 24, 30, 25, 22, 48, 23, 20, 29, 19, 28, 27, 45, 31, 42, 35, 34, 44, 0], [0, 37, 43, 0], [0, 41, 0]]"
clustered-offset-depot,clustered-offset-depot_n50_m5_r01.txt,data\mtsp\generated_multifamily\clustered-offset-depot_n50_m5_r01.txt,50,5,ortools-gls,medium,102.201281,5.000835,True,ok,False,"[[0, 4, 16, 7, 8, 11, 25, 17, 27, 23, 14, 24, 26, 18, 20, 30, 28, 21, 19, 22, 9, 2, 6, 31, 13, 12, 29, 10, 48, 41, 37, 38, 46, 45, 47, 43, 40, 32, 39, 33, 36, 49, 44, 35, 34, 1, 3, 42, 15, 5, 0], [0, 0], [0, 0], [0, 0], [0, 0]]"
clustered-offset-depot,clustered-offset-depot_n50_m5_r01.txt,data\mtsp\generated_multifamily\clustered-offset-depot_n50_m5_r01.txt,50,5,tsp-transform-lkh,medium,109.085838,0.037396,True,ok,False,"[[0, 16, 1, 15, 42, 3, 34, 35, 44, 49, 36, 33, 39, 32, 40, 43, 47, 45, 46, 38, 37, 41, 48, 0], [0, 10, 0], [0, 5, 0], [0, 29, 0], [0, 12, 13, 2, 9, 6, 31, 27, 17, 23, 14, 24, 26, 28, 21, 22, 19, 30, 20, 18, 25, 11, 8, 7, 4, 0]]"
high-m-stress,high-m-stress_n1000_m3_r01.txt,data\mtsp\generated_multifamily\high-m-stress_n1000_m3_r01.txt,1000,3,ortools-gls,medium,6617.36525,5.002331,True,ok,False,"[[0, 811, 894, 840, 801, 918, 837, 842, 908, 854, 904, 834, 828, 761, 677, 772, 684, 760, 698, 793, 758, 751, 715, 781, 752, 707, 844, 794, 777, 746, 687, 706, 795, 722, 744, 748, 763, 721, 782, 714, 735, 711, 690, 775, 670, 673, 718, 725, 682, 674, 689, 796, 726, 694, 787, 702, 695, 738, 691, 799, 790, 709, 728, 797, 759, 717, 786, 734, 778, 791, 788, 733, 750, 749, 705, 678, 755, 770, 785, 783, 672, 774, 704, 685, 723, 693, 680, 736, 754, 697, 757, 708, 741, 762, 676, 686, 720, 753, 713, 731, 700, 730, 779, 688, 747, 703, 771, 712, 769, 765, 724, 681, 692, 768, 729, 764, 732, 737, 740, 849, 780, 773, 701, 756, 696, 671, 798, 739, 675, 784, 766, 767, 792, 710, 789, 742, 699, 727, 716, 719, 745, 743, 679, 776, 683, 913, 910, 855, 916, 872, 805, 919, 827, 863, 914, 899, 888, 893, 876, 884, 836, 847, 897, 896, 857, 869, 804, 885, 871, 832, 621, 471, 603, 808, 602, 493, 623, 474, 468, 542, 638, 496, 667, 502, 491, 653, 489, 533, 655, 657, 555, 644, 646, 624, 605, 507, 552, 475, 490, 572, 590, 534, 530, 520, 559, 467, 492, 587, 583, 529, 632, 619, 536, 600, 545, 528, 647, 576, 649, 609, 485, 579, 597, 469, 546, 659, 949, 564, 628, 664, 596, 541, 577, 925, 999, 961, 951, 984, 943, 938, 983, 937, 952, 974, 988, 920, 971, 964, 962, 560, 500, 478, 568, 592, 524, 665, 563, 643, 635, 620, 578, 503, 630, 511, 499, 658, 517, 549, 625, 656, 470, 538, 504, 523, 617, 652, 466, 622, 637, 589, 566, 627, 633, 593, 464, 650, 506, 521, 537, 613, 525, 607, 631, 561, 669, 598, 509, 473, 495, 639, 512, 481, 562, 480, 567, 604, 645, 556, 626, 663, 476, 616, 513, 580, 575, 554, 505, 614, 648, 585, 581, 610, 539, 565, 550, 547, 629, 654, 595, 946, 950, 924, 987, 927, 935, 954, 969, 929, 922, 975, 945, 979, 944, 936, 996, 977, 514, 519, 612, 570, 668, 606, 522, 640, 472, 558, 574, 666, 586, 483, 508, 482, 501, 641, 557, 615, 486, 477, 551, 532, 642, 571, 543, 487, 515, 498, 518, 494, 662, 479, 636, 618, 484, 588, 582, 553, 497, 531, 535, 584, 573, 527, 608, 510, 611, 516, 651, 594, 661, 488, 591, 599, 634, 601, 569, 465, 548, 540, 848, 526, 544, 660, 868, 895, 903, 898, 867, 879, 812, 909, 810, 906, 821, 839, 826, 820, 886, 873, 889, 845, 802, 829, 841, 846, 830, 907, 850, 860, 915, 831, 905, 892, 843, 819, 833, 877, 803, 870, 900, 409, 258, 322, 328, 373, 262, 438, 419, 278, 205, 235, 389, 216, 426, 392, 269, 239, 378, 462, 416, 209, 302, 376, 456, 421, 348, 249, 296, 291, 379, 355, 268, 932, 282, 220, 236, 301, 344, 423, 434, 386, 337, 316, 227, 427, 319, 458, 410, 432, 439, 371, 397, 314, 320, 308, 238, 384, 418, 212, 425, 333, 283, 277, 357, 403, 241, 310, 330, 210, 221, 442, 396, 362, 286, 350, 360, 335, 231, 440, 324, 370, 451, 321, 341, 398, 374, 260, 274, 359, 323, 289, 424, 285, 256, 415, 437, 287, 259, 441, 404, 230, 293, 353, 225, 315, 461, 444, 253, 445, 307, 356, 313, 436, 433, 453, 450, 351, 402, 387, 391, 340, 318, 347, 406, 388, 251, 459, 317, 364, 382, 247, 255, 447, 219, 372, 211, 363, 240, 366, 336, 250, 284, 367, 288, 270, 332, 228, 218, 381, 325, 305, 334, 217, 414, 226, 383, 252, 394, 342, 428, 928, 998, 985, 942, 995, 931, 407, 264, 208, 232, 368, 229, 412, 267, 352, 224, 263, 361, 358, 215, 295, 261, 369, 266, 411, 422, 390, 430, 817, 257, 338, 254, 343, 304, 206, 214, 329, 375, 237, 825, 244, 365, 222, 299, 272, 349, 463, 393, 298, 443, 292, 300, 883, 452, 280, 395, 400, 233, 460, 294, 435, 339, 405, 297, 213, 243, 454, 417, 242, 271, 223, 309, 420, 401, 281, 276, 245, 457, 449, 354, 248, 431, 275, 207, 455, 345, 326, 331, 346, 448, 413, 311, 279, 399, 446, 303, 380, 290, 234, 327, 265, 312, 306, 408, 273, 377, 891, 385, 246, 429, 835, 800, 917, 880, 824, 865, 901, 911, 862, 807, 815, 816, 853, 851, 878, 859, 864, 852, 838, 858, 162, 82, 35, 188, 126, 74, 45, 14, 174, 152, 75, 199, 119, 191, 58, 166, 195, 41, 172, 71, 26, 78, 53, 87, 32, 127, 161, 39, 201, 171, 156, 157, 193, 123, 44, 190, 173, 67, 122, 109, 121, 5, 102, 52, 183, 128, 139, 167, 40, 131, 124, 133, 43, 62, 177, 33, 108, 107, 181, 68, 8, 168, 125, 10, 23, 150, 72, 164, 130, 51, 140, 91, 204, 1, 56, 158, 70, 21, 77, 37, 81, 185, 101, 12, 169, 132, 182, 146, 30, 48, 923, 972, 926, 921, 989, 990, 960, 930, 994, 997, 934, 959, 957, 940, 991, 967, 993, 968, 956, 986, 958, 980, 948, 978, 953, 933, 982, 992, 973, 147, 143, 55, 153, 69, 79, 148, 28, 142, 151, 106, 189, 187, 27, 184, 85, 59, 60, 178, 83, 104, 18, 96, 113, 198, 111, 110, 17, 965, 939, 963, 981, 947, 970, 955, 941, 976, 966, 149, 2, 89, 38, 20, 54, 179, 194, 80, 98, 165, 63, 200, 176, 76, 22, 114, 19, 15, 103, 192, 31, 203, 4, 13, 64, 145, 154, 112, 7, 155, 9, 134, 105, 175, 163, 94, 144, 24, 49, 90, 73, 97, 136, 86, 3, 138, 117, 99, 115, 11, 160, 95, 118, 202, 57, 65, 93, 61, 16, 66, 170, 50, 135, 137, 34, 47, 141, 129, 42, 88, 92, 186, 29, 6, 197, 36, 25, 159, 100, 116, 46, 180, 890, 84, 120, 196, 813, 881, 874, 814, 809, 806, 861, 902, 866, 856, 882, 823, 822, 912, 818, 887, 875, 0], [0, 0], [0, 0]]"
high-m-stress,high-m-stress_n1000_m3_r01.txt,data\mtsp\generated_multifamily\high-m-stress_n1000_m3_r01.txt,1000,3,tsp-transform-lkh,medium,5432.318717,1.404259,True,ok,False,"[[0, 875, 0], [0, 887, 818, 912, 807, 822, 815, 823, 882, 856, 816, 866, 853, 902, 861, 806, 809, 851, 878, 814, 859, 864, 881, 874, 813, 838, 858, 126, 188, 74, 45, 174, 75, 152, 14, 35, 82, 162, 196, 120, 84, 199, 890, 180, 191, 119, 58, 195, 41, 172, 78, 26, 71, 127, 201, 39, 32, 87, 171, 156, 114, 15, 19, 7, 145, 34, 64, 13, 47, 141, 129, 42, 88, 92, 4, 203, 31, 192, 103, 53, 100, 116, 166, 46, 25, 186, 159, 852, 36, 197, 6, 29, 137, 99, 117, 135, 50, 115, 170, 66, 11, 160, 61, 16, 93, 65, 57, 966, 939, 976, 963, 981, 970, 947, 955, 941, 965, 17, 20, 38, 89, 2, 149, 24, 144, 90, 49, 73, 136, 202, 118, 95, 3, 138, 154, 86, 112, 134, 105, 97, 94, 163, 9, 155, 175, 63, 200, 176, 165, 76, 22, 157, 193, 123, 44, 173, 67, 122, 121, 109, 161, 5, 33, 102, 52, 62, 177, 183, 128, 139, 43, 133, 124, 131, 40, 167, 72, 164, 130, 51, 140, 91, 158, 70, 21, 77, 101, 56, 1, 204, 168, 23, 150, 10, 125, 8, 108, 107, 181, 68, 12, 169, 132, 190, 55, 153, 69, 79, 148, 28, 142, 151, 98, 80, 194, 106, 189, 187, 18, 96, 179, 54, 111, 110, 198, 113, 83, 104, 178, 60, 59, 85, 184, 27, 147, 143, 48, 30, 146, 182, 81, 185, 37, 973, 923, 992, 982, 933, 953, 978, 948, 980, 972, 926, 986, 958, 956, 968, 993, 967, 991, 940, 957, 921, 989, 959, 934, 990, 960, 930, 997, 994, 937, 983, 938, 952, 974, 943, 984, 951, 961, 949, 962, 964, 971, 988, 920, 695, 787, 702, 738, 691, 672, 774, 704, 694, 726, 796, 689, 674, 682, 725, 670, 718, 673, 775, 782, 714, 735, 711, 690, 727, 716, 743, 699, 742, 679, 776, 719, 745, 683, 789, 710, 792, 671, 696, 687, 706, 756, 773, 737, 732, 740, 849, 780, 701, 746, 777, 794, 844, 707, 752, 724, 681, 692, 768, 729, 700, 764, 731, 713, 753, 686, 676, 720, 762, 741, 708, 757, 697, 754, 736, 680, 795, 722, 744, 748, 763, 721, 693, 723, 685, 799, 749, 750, 705, 785, 783, 770, 755, 678, 733, 790, 709, 788, 791, 728, 797, 778, 734, 786, 759, 717, 730, 779, 688, 747, 703, 771, 712, 769, 765, 715, 751, 758, 793, 698, 760, 684, 781, 772, 904, 834, 828, 677, 761, 798, 739, 675, 784, 766, 767, 913, 910, 855, 854, 908, 842, 916, 872, 914, 837, 918, 801, 899, 863, 805, 919, 827, 888, 840, 893, 894, 811, 0], [0, 876, 884, 802, 836, 847, 889, 845, 873, 886, 820, 826, 839, 821, 897, 896, 906, 857, 869, 804, 885, 810, 909, 812, 879, 871, 832, 898, 867, 903, 895, 868, 660, 526, 848, 544, 471, 621, 603, 808, 540, 515, 548, 465, 487, 543, 602, 571, 493, 623, 474, 644, 555, 468, 542, 638, 496, 667, 502, 491, 657, 653, 489, 533, 655, 647, 576, 649, 637, 622, 466, 652, 609, 485, 597, 579, 617, 469, 546, 659, 664, 596, 628, 541, 564, 999, 925, 577, 568, 500, 478, 524, 592, 578, 503, 630, 511, 499, 658, 517, 549, 620, 635, 643, 563, 665, 560, 538, 504, 523, 470, 656, 625, 627, 633, 593, 464, 506, 521, 650, 467, 492, 587, 583, 529, 566, 589, 632, 619, 536, 600, 528, 545, 646, 624, 605, 507, 475, 552, 532, 642, 551, 477, 572, 490, 559, 486, 615, 557, 641, 501, 482, 508, 669, 561, 534, 590, 520, 537, 613, 530, 525, 607, 631, 598, 509, 580, 585, 614, 648, 554, 575, 663, 513, 616, 473, 495, 639, 512, 476, 481, 562, 626, 480, 567, 556, 645, 604, 505, 654, 595, 547, 629, 581, 610, 539, 522, 483, 640, 606, 570, 565, 550, 514, 612, 668, 472, 558, 574, 586, 666, 497, 553, 531, 582, 588, 484, 494, 518, 498, 662, 601, 569, 634, 479, 618, 636, 535, 591, 599, 488, 661, 651, 594, 516, 611, 510, 584, 573, 608, 527, 519, 946, 977, 950, 996, 936, 924, 987, 954, 935, 927, 944, 969, 929, 922, 975, 945, 979, 998, 985, 928, 942, 995, 931, 455, 207, 275, 431, 248, 354, 345, 449, 457, 331, 448, 346, 245, 454, 417, 281, 276, 401, 420, 309, 223, 242, 271, 405, 435, 339, 294, 460, 400, 233, 377, 273, 408, 297, 213, 243, 306, 312, 290, 380, 446, 399, 413, 311, 279, 263, 358, 215, 361, 244, 257, 817, 430, 390, 422, 266, 411, 261, 406, 388, 267, 295, 224, 352, 326, 229, 412, 251, 459, 317, 364, 368, 232, 208, 264, 252, 394, 407, 342, 428, 211, 363, 240, 366, 336, 250, 284, 217, 367, 288, 325, 305, 414, 226, 383, 372, 219, 447, 255, 247, 382, 334, 381, 218, 270, 332, 228, 461, 315, 225, 353, 293, 230, 404, 437, 424, 415, 285, 256, 231, 335, 440, 360, 434, 350, 324, 370, 286, 362, 451, 321, 341, 398, 307, 260, 374, 274, 359, 259, 323, 289, 287, 441, 444, 253, 445, 356, 402, 450, 351, 453, 433, 436, 313, 387, 391, 340, 347, 318, 369, 396, 442, 221, 338, 254, 357, 403, 241, 310, 330, 210, 227, 427, 316, 319, 458, 337, 432, 410, 386, 423, 344, 236, 301, 439, 220, 282, 397, 314, 355, 268, 932, 456, 376, 421, 379, 291, 296, 249, 320, 462, 348, 302, 209, 416, 239, 378, 269, 392, 426, 389, 216, 238, 384, 308, 418, 371, 212, 425, 333, 283, 235, 277, 419, 463, 349, 278, 205, 343, 272, 299, 222, 365, 825, 237, 375, 329, 214, 303, 234, 327, 265, 206, 304, 883, 300, 292, 443, 393, 438, 373, 262, 328, 322, 258, 298, 452, 409, 900, 280, 385, 891, 246, 395, 429, 835, 800, 803, 833, 877, 870, 819, 843, 892, 917, 905, 880, 824, 831, 915, 860, 850, 865, 901, 830, 907, 846, 841, 829, 911, 862, 0]]"
high-m-stress,high-m-stress_n1000_m5_r01.txt,data\mtsp\generated_multifamily\high-m-stress_n1000_m5_r01.txt,1000,5,ortools-gls,medium,7201.624029,5.009879,True,ok,False,"[[0, 868, 916, 903, 866, 877, 890, 812, 831, 21, 71, 87, 13, 4, 139, 57, 53, 41, 19, 163, 159, 122, 79, 173, 112, 26, 3, 7, 145, 98, 59, 78, 134, 28, 168, 142, 84, 22, 110, 185, 161, 143, 48, 85, 125, 175, 86, 153, 64, 160, 111, 17, 183, 137, 14, 46, 109, 152, 104, 60, 107, 119, 65, 70, 75, 172, 116, 96, 61, 54, 156, 20, 68, 18, 147, 113, 25, 178, 5, 69, 27, 106, 12, 130, 150, 31, 99, 45, 102, 15, 165, 171, 76, 101, 135, 56, 24, 133, 140, 52, 154, 74, 40, 82, 34, 117, 103, 179, 121, 149, 166, 49, 127, 118, 44, 62, 67, 105, 141, 157, 129, 50, 164, 131, 55, 177, 11, 8, 169, 174, 23, 123, 1, 95, 39, 37, 180, 170, 6, 146, 115, 88, 151, 138, 158, 93, 114, 136, 186, 43, 90, 126, 162, 176, 182, 144, 108, 42, 63, 47, 881, 51, 66, 120, 80, 81, 904, 128, 91, 92, 72, 58, 30, 29, 32, 132, 181, 97, 33, 155, 148, 89, 9, 184, 2, 83, 100, 38, 124, 94, 36, 77, 35, 10, 73, 167, 16, 839, 884, 816, 848, 807, 815, 870, 804, 891, 909, 845, 813, 857, 895, 842, 777, 751, 797, 862, 736, 774, 746, 913, 720, 750, 783, 769, 754, 784, 721, 776, 799, 756, 782, 730, 724, 731, 718, 795, 749, 735, 806, 737, 766, 747, 798, 768, 741, 791, 717, 738, 869, 785, 725, 834, 759, 757, 733, 740, 732, 778, 722, 792, 758, 786, 723, 787, 789, 745, 781, 773, 728, 760, 719, 726, 762, 755, 960, 994, 931, 986, 926, 949, 944, 956, 999, 796, 775, 761, 772, 742, 752, 748, 765, 780, 727, 729, 790, 764, 715, 779, 743, 788, 794, 744, 767, 753, 793, 716, 739, 763, 770, 734, 771, 829, 901, 896, 917, 809, 892, 802, 867, 826, 911, 863, 666, 676, 697, 683, 665, 714, 670, 661, 705, 640, 675, 693, 656, 680, 649, 711, 636, 682, 702, 701, 894, 630, 712, 635, 632, 678, 638, 710, 699, 671, 631, 644, 660, 645, 672, 634, 708, 637, 633, 925, 947, 939, 934, 953, 935, 950, 932, 957, 927, 967, 990, 995, 976, 677, 662, 642, 653, 688, 679, 629, 689, 685, 684, 690, 648, 657, 667, 646, 686, 692, 691, 652, 933, 703, 647, 651, 628, 658, 664, 673, 707, 650, 641, 700, 704, 844, 713, 639, 663, 698, 681, 669, 654, 643, 694, 878, 706, 674, 709, 659, 655, 695, 668, 696, 687, 843, 824, 914, 817, 854, 810, 879, 860, 825, 875, 918, 883, 833, 847, 801, 608, 540, 554, 578, 492, 507, 496, 592, 490, 474, 504, 533, 601, 565, 570, 482, 519, 505, 458, 589, 486, 604, 469, 625, 471, 532, 556, 619, 568, 487, 591, 475, 615, 553, 563, 562, 497, 584, 983, 552, 612, 616, 541, 530, 560, 479, 456, 624, 468, 499, 613, 498, 517, 495, 595, 531, 614, 460, 461, 503, 547, 515, 581, 559, 588, 472, 555, 485, 580, 542, 454, 564, 593, 621, 586, 575, 569, 518, 524, 526, 587, 539, 529, 537, 535, 548, 582, 488, 521, 550, 549, 620, 600, 522, 605, 480, 828, 576, 574, 617, 481, 622, 626, 512, 520, 599, 607, 627, 538, 466, 606, 609, 585, 467, 508, 489, 534, 477, 544, 567, 476, 577, 464, 571, 525, 514, 611, 579, 610, 493, 596, 603, 455, 594, 457, 557, 573, 473, 502, 513, 623, 511, 598, 510, 954, 929, 930, 948, 972, 545, 491, 470, 597, 561, 959, 478, 528, 536, 523, 618, 572, 462, 543, 551, 546, 509, 527, 602, 463, 459, 500, 942, 465, 583, 566, 558, 484, 506, 494, 483, 880, 501, 590, 516, 818, 865, 902, 823, 853, 858, 846, 811, 830, 814, 800, 889, 897, 919, 820, 887, 908, 915, 888, 852, 872, 855, 906, 850, 910, 851, 876, 873, 332, 395, 345, 333, 421, 428, 353, 341, 330, 433, 412, 443, 427, 375, 442, 329, 386, 360, 380, 358, 331, 439, 398, 379, 441, 424, 401, 381, 362, 411, 434, 376, 450, 371, 384, 390, 451, 400, 355, 382, 364, 323, 435, 937, 965, 971, 982, 996, 936, 966, 943, 987, 955, 920, 991, 963, 964, 921, 998, 423, 326, 372, 397, 409, 413, 393, 446, 346, 350, 432, 440, 447, 408, 422, 324, 394, 374, 420, 438, 417, 415, 418, 410, 348, 404, 445, 359, 325, 407, 389, 436, 343, 334, 337, 327, 361, 402, 403, 429, 344, 396, 416, 342, 336, 370, 328, 437, 365, 391, 357, 338, 335, 339, 373, 368, 369, 383, 419, 363, 449, 356, 385, 347, 425, 453, 378, 340, 352, 414, 406, 431, 388, 354, 367, 366, 399, 444, 448, 426, 430, 351, 322, 912, 377, 349, 893, 452, 392, 387, 405, 840, 805, 841, 899, 861, 882, 838, 803, 886, 859, 856, 907, 898, 874, 808, 218, 208, 187, 290, 273, 197, 287, 191, 321, 195, 230, 310, 207, 286, 192, 307, 308, 206, 305, 268, 304, 227, 199, 299, 201, 864, 249, 216, 320, 231, 289, 280, 319, 243, 296, 311, 285, 288, 294, 241, 254, 276, 234, 306, 250, 266, 237, 258, 232, 317, 225, 297, 212, 303, 270, 253, 209, 248, 265, 247, 196, 267, 257, 295, 309, 298, 221, 269, 318, 220, 214, 282, 312, 233, 984, 962, 951, 974, 989, 978, 980, 958, 946, 316, 190, 202, 292, 281, 188, 245, 302, 256, 259, 203, 291, 219, 275, 277, 274, 242, 198, 226, 300, 246, 193, 213, 239, 293, 210, 261, 200, 262, 240, 263, 189, 260, 228, 215, 205, 194, 223, 284, 279, 224, 204, 313, 301, 314, 238, 924, 977, 941, 968, 945, 940, 973, 981, 985, 928, 997, 993, 938, 961, 970, 952, 992, 979, 923, 922, 988, 969, 975, 244, 211, 283, 217, 272, 278, 229, 222, 236, 271, 251, 235, 255, 252, 264, 315, 822, 885, 871, 835, 849, 836, 837, 905, 821, 900, 832, 827, 819, 0], [0, 0], [0, 0], [0, 0], [0, 0]]"
high-m-stress,high-m-stress_n1000_m5_r01.txt,data\mtsp\generated_multifamily\high-m-stress_n1000_m5_r01.txt,1000,5,tsp-transform-lkh,medium,6360.087407,1.287928,True,ok,False,"[[0, 71, 13, 87, 4, 139, 57, 53, 41, 19, 163, 173, 159, 79, 122, 7, 3, 145, 98, 134, 28, 168, 142, 84, 22, 110, 185, 85, 161, 78, 59, 143, 48, 65, 70, 96, 116, 172, 115, 88, 151, 114, 93, 138, 158, 37, 39, 95, 29, 30, 132, 58, 72, 92, 91, 10, 35, 77, 2, 155, 33, 97, 181, 32, 1, 180, 170, 6, 146, 61, 54, 156, 20, 68, 118, 127, 49, 166, 149, 121, 25, 5, 178, 69, 113, 18, 147, 104, 60, 107, 119, 86, 109, 175, 125, 64, 992, 160, 111, 153, 46, 14, 137, 17, 183, 152, 27, 117, 103, 179, 34, 12, 106, 130, 150, 31, 99, 82, 45, 102, 15, 171, 165, 56, 76, 101, 135, 24, 140, 52, 154, 74, 40, 44, 133, 141, 157, 129, 50, 164, 105, 67, 62, 23, 123, 174, 169, 8, 131, 55, 11, 177, 89, 148, 9, 184, 83, 100, 38, 124, 94, 36, 16, 839, 884, 816, 848, 807, 815, 870, 917, 804, 891, 896, 845, 909, 813, 857, 895, 901, 829, 842, 777, 770, 734, 771, 716, 763, 739, 793, 753, 767, 744, 794, 715, 779, 764, 790, 729, 727, 780, 765, 752, 748, 743, 788, 759, 834, 725, 785, 869, 751, 797, 738, 791, 717, 862, 736, 774, 746, 750, 806, 737, 720, 913, 766, 747, 741, 768, 798, 735, 757, 740, 733, 742, 761, 772, 787, 723, 786, 758, 732, 778, 722, 718, 795, 731, 756, 749, 783, 769, 754, 784, 721, 776, 799, 782, 730, 724, 792, 789, 773, 728, 760, 719, 726, 762, 781, 745, 755, 796, 775, 999, 956, 960, 994, 986, 944, 926, 949, 931, 970, 952, 961, 938, 979, 993, 997, 928, 985, 981, 973, 945, 940, 941, 923, 922, 988, 969, 975, 924, 977, 968, 951, 974, 989, 980, 978, 962, 964, 963, 920, 955, 987, 943, 966, 936, 996, 991, 921, 982, 998, 971, 965, 942, 523, 959, 545, 510, 598, 972, 954, 948, 930, 929, 953, 935, 950, 932, 934, 939, 947, 983, 584, 497, 552, 612, 616, 541, 530, 479, 456, 499, 624, 468, 599, 607, 627, 538, 466, 520, 606, 609, 585, 467, 508, 489, 534, 477, 544, 567, 476, 464, 571, 577, 525, 514, 610, 579, 611, 511, 623, 513, 502, 473, 573, 557, 491, 470, 597, 561, 478, 457, 603, 596, 493, 512, 626, 455, 594, 617, 572, 481, 622, 536, 528, 618, 602, 463, 566, 459, 500, 465, 583, 506, 494, 484, 558, 527, 509, 546, 551, 543, 462, 574, 480, 828, 576, 605, 600, 620, 522, 521, 550, 549, 515, 547, 503, 614, 460, 531, 595, 461, 581, 495, 613, 604, 469, 560, 625, 471, 562, 563, 553, 615, 487, 591, 475, 556, 568, 619, 532, 486, 498, 517, 559, 485, 555, 472, 588, 589, 458, 505, 565, 601, 570, 482, 533, 504, 474, 454, 519, 580, 542, 593, 621, 586, 564, 490, 575, 592, 496, 492, 507, 569, 518, 526, 587, 524, 539, 578, 554, 540, 608, 529, 537, 535, 516, 590, 548, 582, 488, 501, 483, 880, 818, 801, 847, 902, 865, 823, 833, 853, 858, 846, 883, 811, 830, 918, 875, 814, 800, 825, 854, 843, 824, 670, 661, 705, 640, 675, 693, 656, 711, 649, 636, 682, 680, 696, 714, 665, 687, 683, 697, 676, 666, 844, 704, 713, 639, 707, 663, 673, 664, 658, 628, 698, 691, 652, 657, 648, 685, 689, 667, 646, 686, 692, 681, 643, 654, 694, 630, 701, 894, 706, 878, 674, 709, 659, 655, 695, 668, 702, 635, 678, 632, 671, 631, 644, 660, 634, 708, 699, 638, 710, 712, 679, 688, 669, 629, 684, 690, 662, 677, 642, 653, 633, 637, 672, 645, 925, 957, 927, 990, 995, 976, 967, 933, 703, 647, 651, 650, 641, 700, 863, 911, 826, 914, 817, 867, 810, 879, 802, 860, 892, 809, 0], [0, 889, 0], [0, 819, 0], [0, 827, 0], [0, 832, 900, 820, 919, 897, 887, 908, 915, 888, 852, 872, 855, 906, 850, 861, 910, 899, 841, 805, 851, 876, 840, 873, 400, 451, 355, 323, 435, 937, 423, 382, 390, 384, 364, 326, 372, 362, 411, 450, 371, 376, 434, 401, 424, 441, 381, 393, 413, 397, 409, 446, 346, 350, 410, 348, 404, 445, 359, 439, 325, 418, 432, 440, 447, 422, 408, 324, 394, 374, 420, 438, 417, 415, 337, 327, 361, 402, 342, 416, 336, 344, 429, 396, 334, 343, 403, 378, 340, 352, 436, 389, 407, 358, 414, 406, 431, 388, 360, 386, 329, 380, 331, 398, 379, 412, 433, 443, 330, 353, 341, 428, 421, 333, 345, 395, 332, 377, 349, 893, 912, 452, 405, 392, 387, 426, 430, 351, 322, 427, 375, 442, 354, 367, 366, 399, 444, 448, 356, 449, 363, 385, 347, 453, 425, 419, 369, 368, 373, 339, 338, 383, 391, 357, 335, 365, 437, 370, 328, 984, 958, 946, 233, 312, 282, 214, 220, 316, 190, 281, 292, 188, 245, 309, 257, 295, 210, 300, 246, 239, 293, 302, 256, 259, 203, 291, 219, 275, 277, 274, 242, 213, 193, 198, 226, 238, 211, 244, 314, 283, 217, 301, 278, 272, 313, 204, 224, 229, 222, 236, 271, 251, 235, 255, 279, 252, 264, 216, 284, 223, 215, 228, 260, 189, 263, 240, 262, 261, 200, 267, 221, 298, 202, 269, 318, 225, 297, 317, 232, 258, 212, 303, 209, 253, 270, 237, 266, 191, 321, 195, 287, 230, 310, 197, 273, 290, 187, 218, 207, 286, 192, 308, 307, 254, 294, 288, 276, 234, 285, 311, 306, 250, 248, 265, 296, 243, 196, 247, 280, 319, 289, 231, 205, 194, 320, 249, 864, 241, 206, 268, 305, 208, 808, 304, 227, 199, 299, 201, 315, 822, 885, 874, 898, 907, 871, 849, 835, 856, 859, 886, 803, 838, 882, 836, 837, 905, 821, 916, 868, 903, 866, 877, 890, 812, 167, 73, 831, 21, 128, 66, 51, 136, 75, 186, 43, 90, 126, 162, 176, 26, 112, 182, 144, 108, 42, 63, 47, 881, 80, 120, 81, 904, 0]]"
high-m-stress,high-m-stress_n1000_m7_r01.txt,data\mtsp\generated_multifamily\high-m-stress_n1000_m7_r01.txt,1000,7,ortools-gls,medium,7439.455924,5.000709,True,ok,False,"[[0, 803, 849, 816, 881, 872, 902, 888, 822, 919, 825, 820, 901, 889, 851, 916, 854, 471, 522, 413, 438, 442, 407, 553, 409, 490, 512, 508, 496, 546, 464, 425, 534, 562, 556, 488, 447, 428, 459, 478, 577, 501, 424, 463, 485, 417, 572, 416, 460, 434, 419, 549, 521, 457, 565, 473, 493, 430, 560, 491, 563, 495, 537, 429, 568, 458, 499, 494, 544, 426, 518, 487, 470, 431, 540, 482, 479, 486, 435, 461, 432, 497, 528, 443, 573, 483, 507, 411, 523, 466, 453, 554, 566, 515, 538, 502, 569, 557, 449, 524, 575, 517, 446, 529, 456, 514, 451, 445, 519, 414, 525, 423, 408, 465, 480, 531, 570, 406, 498, 541, 444, 492, 439, 469, 484, 532, 530, 415, 539, 548, 576, 504, 440, 474, 450, 433, 551, 913, 452, 467, 468, 542, 437, 550, 829, 418, 526, 561, 574, 505, 552, 559, 545, 410, 481, 472, 455, 500, 477, 513, 520, 427, 436, 555, 441, 547, 527, 510, 448, 503, 475, 511, 578, 454, 558, 412, 506, 422, 476, 420, 462, 509, 536, 421, 564, 516, 567, 489, 543, 571, 533, 863, 535, 842, 855, 890, 883, 914, 856, 836, 845, 877, 895, 831, 696, 915, 638, 599, 613, 655, 593, 695, 653, 657, 689, 667, 584, 651, 656, 644, 590, 879, 833, 592, 662, 632, 611, 589, 665, 648, 586, 699, 604, 606, 639, 642, 698, 605, 686, 658, 637, 700, 650, 622, 603, 666, 701, 612, 705, 579, 649, 636, 608, 673, 691, 627, 619, 596, 674, 682, 643, 630, 652, 597, 585, 618, 607, 692, 998, 958, 959, 989, 964, 943, 677, 624, 663, 668, 591, 671, 702, 616, 635, 659, 708, 683, 704, 631, 664, 690, 645, 581, 660, 587, 707, 633, 680, 679, 621, 600, 654, 678, 601, 697, 617, 614, 583, 609, 675, 908, 670, 629, 687, 620, 588, 661, 615, 693, 681, 580, 684, 582, 694, 641, 626, 623, 646, 594, 706, 688, 610, 595, 634, 672, 628, 676, 685, 703, 598, 647, 640, 625, 602, 669, 918, 809, 869, 911, 814, 861, 838, 806, 910, 867, 810, 804, 830, 860, 818, 750, 779, 882, 736, 711, 727, 737, 724, 771, 781, 776, 767, 715, 898, 796, 738, 752, 760, 887, 780, 748, 722, 710, 762, 720, 788, 740, 732, 789, 761, 765, 747, 784, 787, 775, 757, 798, 793, 774, 746, 777, 717, 735, 745, 712, 725, 769, 739, 734, 756, 759, 773, 797, 778, 743, 731, 718, 783, 714, 763, 792, 791, 785, 758, 733, 786, 729, 772, 730, 782, 749, 766, 719, 716, 709, 713, 726, 721, 799, 744, 742, 753, 755, 794, 764, 754, 741, 751, 899, 723, 868, 790, 770, 728, 903, 795, 768, 874, 906, 821, 891, 875, 828, 912, 824, 878, 835, 834, 904, 859, 884, 850, 823, 11, 50, 30, 48, 35, 130, 27, 56, 91, 104, 119, 42, 26, 1, 73, 137, 85, 66, 136, 118, 102, 58, 6, 55, 31, 2, 37, 148, 100, 113, 139, 13, 90, 4, 69, 74, 92, 132, 15, 79, 108, 81, 144, 83, 18, 17, 94, 89, 16, 123, 131, 145, 127, 12, 24, 143, 135, 43, 62, 53, 114, 23, 45, 28, 9, 121, 140, 64, 99, 68, 115, 47, 39, 979, 944, 997, 968, 933, 20, 61, 146, 51, 147, 19, 97, 65, 36, 129, 52, 7, 34, 109, 96, 105, 116, 32, 126, 117, 107, 57, 106, 41, 60, 86, 67, 142, 38, 77, 133, 125, 8, 10, 128, 150, 29, 49, 120, 33, 95, 149, 98, 112, 76, 40, 80, 134, 93, 87, 84, 110, 82, 71, 78, 894, 25, 5, 122, 813, 63, 22, 826, 46, 72, 44, 59, 111, 14, 21, 54, 124, 138, 3, 103, 101, 75, 88, 141, 70, 905, 815, 819, 864, 807, 886, 843, 802, 847, 801, 848, 840, 900, 811, 249, 167, 222, 161, 209, 241, 160, 217, 215, 205, 154, 220, 183, 202, 248, 169, 181, 175, 186, 245, 246, 223, 207, 195, 155, 243, 200, 225, 157, 210, 250, 212, 182, 198, 166, 203, 236, 188, 251, 192, 211, 247, 226, 239, 151, 233, 178, 152, 238, 174, 190, 165, 201, 189, 216, 177, 196, 180, 242, 194, 206, 159, 164, 235, 163, 191, 218, 185, 197, 153, 170, 156, 214, 229, 224, 208, 179, 199, 193, 168, 162, 213, 184, 227, 237, 231, 234, 244, 219, 228, 221, 176, 240, 187, 232, 204, 173, 172, 158, 230, 171, 837, 896, 817, 862, 812, 892, 909, 808, 844, 805, 800, 897, 328, 298, 258, 870, 273, 286, 281, 866, 322, 315, 254, 256, 284, 267, 313, 302, 276, 316, 327, 288, 283, 268, 297, 266, 265, 314, 278, 252, 290, 317, 941, 921, 990, 925, 947, 945, 929, 963, 949, 920, 970, 994, 923, 981, 988, 930, 953, 973, 991, 948, 971, 303, 274, 293, 300, 261, 307, 310, 253, 312, 294, 259, 291, 299, 292, 264, 965, 321, 295, 277, 275, 271, 285, 318, 323, 325, 270, 324, 263, 304, 301, 306, 255, 296, 320, 308, 269, 272, 260, 305, 319, 279, 257, 262, 280, 880, 287, 311, 282, 309, 289, 907, 326, 841, 873, 993, 885, 384, 403, 839, 389, 394, 372, 361, 341, 393, 330, 352, 355, 405, 335, 374, 360, 333, 346, 364, 362, 386, 370, 359, 351, 402, 397, 382, 338, 371, 332, 401, 353, 392, 363, 329, 373, 378, 347, 398, 992, 996, 983, 984, 986, 955, 946, 985, 961, 982, 936, 980, 977, 957, 922, 391, 380, 377, 400, 385, 974, 942, 927, 972, 975, 966, 932, 962, 995, 954, 940, 950, 978, 928, 931, 926, 939, 935, 956, 967, 938, 987, 937, 951, 934, 952, 976, 969, 960, 999, 390, 344, 336, 387, 369, 395, 399, 358, 331, 343, 342, 345, 404, 349, 381, 368, 375, 924, 379, 356, 365, 354, 340, 376, 339, 357, 334, 366, 388, 350, 337, 852, 367, 348, 396, 383, 827, 832, 893, 858, 853, 846, 857, 871, 917, 865, 876, 0], [0, 0], [0, 0], [0, 0], [0, 0], [0, 0], [0, 0]]"
high-m-stress,high-m-stress_n1000_m7_r01.txt,data\mtsp\generated_multifamily\high-m-stress_n1000_m7_r01.txt,1000,7,tsp-transform-lkh,medium,6204.469888,1.219815,True,ok,False,"[[0, 835, 834, 864, 904, 819, 859, 884, 850, 815, 823, 905, 70, 44, 141, 21, 88, 54, 75, 101, 103, 3, 138, 124, 112, 98, 76, 40, 80, 14, 59, 72, 111, 46, 63, 22, 826, 122, 5, 78, 25, 894, 71, 82, 37, 148, 36, 129, 10, 52, 7, 34, 133, 125, 8, 128, 84, 110, 87, 93, 134, 149, 95, 33, 49, 150, 29, 120, 67, 142, 60, 86, 41, 106, 57, 107, 117, 126, 32, 116, 105, 38, 77, 96, 109, 68, 115, 47, 39, 20, 61, 146, 51, 147, 99, 64, 19, 65, 97, 140, 113, 100, 31, 2, 55, 58, 136, 6, 66, 813, 91, 56, 27, 130, 35, 48, 30, 11, 50, 104, 85, 119, 42, 137, 26, 73, 1, 118, 102, 132, 92, 74, 69, 90, 4, 13, 139, 9, 121, 144, 28, 45, 23, 114, 53, 143, 24, 12, 127, 145, 131, 89, 94, 81, 108, 15, 79, 83, 18, 17, 16, 123, 135, 43, 62, 979, 933, 944, 997, 968, 938, 967, 987, 956, 935, 937, 951, 939, 926, 931, 928, 934, 978, 952, 950, 940, 954, 995, 976, 962, 932, 969, 966, 972, 927, 960, 999, 975, 924, 349, 404, 345, 342, 399, 395, 942, 974, 400, 385, 377, 390, 401, 332, 371, 344, 336, 387, 369, 365, 356, 358, 331, 343, 379, 381, 368, 375, 376, 340, 354, 338, 382, 402, 397, 357, 339, 334, 366, 388, 350, 396, 383, 367, 348, 852, 337, 885, 827, 832, 893, 993, 346, 364, 362, 386, 333, 393, 341, 361, 394, 372, 384, 403, 839, 389, 330, 352, 405, 355, 374, 360, 370, 359, 335, 351, 353, 392, 363, 329, 373, 378, 347, 398, 391, 380, 992, 922, 996, 983, 982, 936, 980, 957, 977, 985, 946, 955, 961, 986, 984, 971, 948, 991, 930, 981, 970, 994, 920, 963, 929, 949, 923, 945, 988, 947, 925, 953, 990, 921, 973, 941, 317, 290, 278, 252, 303, 274, 293, 300, 261, 307, 310, 253, 294, 291, 292, 299, 259, 316, 276, 313, 302, 284, 267, 271, 285, 318, 277, 264, 965, 321, 295, 275, 325, 270, 323, 324, 263, 304, 301, 306, 255, 308, 320, 296, 269, 272, 260, 256, 254, 305, 322, 315, 866, 281, 286, 273, 319, 870, 279, 258, 298, 328, 257, 262, 880, 287, 280, 283, 268, 297, 288, 327, 312, 266, 314, 265, 309, 282, 289, 311, 907, 326, 897, 841, 800, 873, 805, 844, 858, 919, 825, 820, 822, 888, 895, 877, 845, 836, 901, 856, 914, 883, 889, 854, 851, 916, 890, 855, 842, 505, 552, 559, 410, 545, 526, 561, 574, 471, 522, 413, 438, 442, 407, 553, 409, 490, 512, 508, 496, 546, 464, 469, 439, 492, 425, 444, 534, 562, 556, 488, 447, 428, 459, 463, 478, 577, 501, 424, 485, 517, 446, 525, 406, 570, 531, 423, 408, 465, 480, 498, 541, 530, 532, 484, 437, 550, 829, 542, 415, 539, 548, 576, 504, 468, 440, 537, 495, 563, 491, 560, 429, 568, 430, 569, 557, 514, 456, 451, 445, 519, 414, 529, 575, 417, 572, 416, 460, 524, 449, 502, 538, 515, 434, 419, 549, 521, 457, 565, 473, 566, 554, 453, 493, 458, 499, 466, 494, 523, 411, 507, 483, 573, 544, 426, 443, 518, 487, 431, 470, 450, 433, 474, 551, 913, 452, 467, 520, 427, 455, 500, 477, 513, 418, 481, 472, 535, 863, 533, 571, 489, 543, 555, 436, 441, 547, 527, 567, 516, 564, 421, 476, 422, 506, 420, 462, 536, 509, 510, 448, 503, 475, 511, 578, 454, 558, 412, 479, 482, 540, 528, 497, 432, 461, 435, 486, 958, 959, 989, 964, 943, 998, 624, 663, 668, 677, 692, 618, 607, 591, 585, 671, 702, 664, 631, 690, 645, 581, 704, 707, 587, 633, 680, 679, 683, 708, 659, 635, 616, 643, 652, 597, 630, 682, 674, 596, 619, 627, 648, 691, 673, 608, 636, 649, 579, 705, 586, 699, 604, 606, 639, 612, 701, 666, 698, 642, 605, 686, 658, 637, 700, 650, 622, 603, 632, 611, 665, 589, 662, 592, 833, 879, 675, 617, 583, 614, 697, 601, 678, 621, 600, 654, 580, 684, 681, 693, 582, 694, 641, 626, 595, 623, 660, 706, 688, 594, 646, 610, 634, 672, 628, 676, 685, 703, 598, 647, 687, 620, 588, 661, 615, 609, 670, 908, 590, 644, 599, 638, 613, 915, 696, 655, 593, 651, 656, 629, 584, 640, 625, 602, 669, 667, 689, 657, 653, 695, 831, 918, 809, 869, 911, 814, 902, 872, 881, 816, 861, 806, 838, 0], [0, 803, 0], [0, 849, 857, 846, 853, 808, 812, 862, 817, 896, 172, 158, 171, 230, 240, 176, 221, 219, 228, 237, 184, 159, 206, 194, 242, 180, 227, 231, 234, 244, 196, 177, 238, 250, 152, 233, 178, 163, 235, 164, 162, 213, 168, 193, 199, 179, 208, 224, 229, 214, 197, 156, 170, 153, 185, 191, 218, 226, 198, 239, 182, 151, 212, 157, 225, 200, 210, 246, 223, 245, 186, 175, 169, 181, 166, 247, 211, 192, 251, 188, 236, 203, 202, 248, 183, 220, 154, 205, 215, 217, 160, 241, 207, 243, 155, 195, 209, 161, 222, 167, 174, 190, 165, 201, 216, 187, 232, 189, 249, 204, 173, 811, 837, 900, 840, 848, 892, 909, 871, 917, 801, 847, 807, 843, 802, 886, 865, 0], [0, 876, 0], [0, 810, 0], [0, 867, 0], [0, 910, 804, 830, 860, 906, 818, 874, 750, 795, 903, 728, 779, 882, 736, 711, 727, 737, 784, 787, 775, 757, 798, 793, 774, 746, 777, 717, 735, 745, 712, 725, 732, 740, 788, 769, 739, 734, 714, 783, 759, 756, 773, 720, 762, 710, 722, 748, 772, 729, 786, 733, 758, 792, 763, 797, 778, 743, 731, 718, 791, 785, 719, 749, 766, 716, 782, 730, 726, 713, 709, 799, 744, 721, 742, 755, 794, 753, 780, 887, 752, 760, 715, 767, 789, 761, 747, 765, 724, 771, 781, 776, 754, 741, 751, 899, 898, 796, 738, 764, 723, 868, 790, 770, 768, 891, 821, 875, 828, 912, 824, 878, 0]]"
high-m-stress,high-m-stress_n100_m2_r01.txt,data\mtsp\generated_multifamily\high-m-stress_n100_m2_r01.txt,100,2,ortools-gls,medium,246.294473,5.00049,True,ok,False,"[[0, 90, 91, 81, 49, 93, 59, 45, 42, 44, 54, 46, 63, 51, 43, 56, 57, 52, 55, 58, 62, 50, 47, 53, 61, 48, 60, 89, 83, 33, 30, 40, 36, 26, 35, 39, 38, 25, 32, 28, 27, 34, 29, 31, 41, 37, 92, 98, 97, 94, 95, 16, 19, 9, 18, 15, 13, 7, 14, 6, 3, 12, 24, 2, 21, 23, 10, 17, 20, 11, 8, 1, 5, 4, 22, 96, 68, 72, 99, 67, 78, 73, 66, 74, 70, 76, 75, 79, 64, 77, 69, 80, 85, 71, 65, 87, 84, 82, 86, 88, 0], [0, 0]]"
high-m-stress,high-m-stress_n100_m2_r01.txt,data\mtsp\generated_multifamily\high-m-stress_n100_m2_r01.txt,100,2,tsp-transform-lkh,medium,244.322844,0.049191,True,ok,False,"[[0, 86, 88, 0], [0, 90, 91, 81, 49, 93, 59, 45, 42, 44, 54, 46, 63, 51, 43, 56, 57, 52, 55, 58, 62, 50, 47, 53, 61, 48, 60, 26, 36, 35, 39, 25, 32, 28, 27, 34, 38, 40, 30, 33, 41, 31, 29, 37, 83, 89, 92, 98, 97, 94, 95, 13, 7, 3, 12, 24, 2, 21, 6, 14, 15, 18, 16, 19, 9, 17, 10, 20, 23, 1, 5, 4, 8, 11, 22, 96, 67, 78, 66, 74, 70, 76, 75, 79, 64, 77, 69, 80, 85, 73, 99, 72, 71, 65, 68, 87, 84, 82, 0]]"
high-m-stress,high-m-stress_n100_m3_r01.txt,data\mtsp\generated_multifamily\high-m-stress_n100_m3_r01.txt,100,3,ortools-gls,medium,245.799506,5.000441,True,ok,False,"[[0, 80, 89, 90, 85, 67, 72, 77, 76, 68, 97, 71, 70, 75, 78, 74, 69, 79, 73, 93, 99, 86, 54, 58, 56, 55, 48, 41, 53, 44, 42, 50, 47, 40, 45, 59, 60, 51, 63, 62, 66, 52, 49, 37, 61, 38, 65, 36, 57, 39, 64, 43, 46, 35, 92, 95, 94, 27, 21, 15, 23, 26, 22, 25, 28, 34, 17, 31, 33, 32, 30, 16, 18, 29, 20, 82, 24, 19, 83, 81, 84, 87, 2, 96, 98, 14, 12, 11, 4, 13, 9, 7, 3, 10, 8, 5, 6, 1, 91, 88, 0], [0, 0], [0, 0]]"
high-m-stress,high-m-stress_n100_m3_r01.txt,data\mtsp\generated_multifamily\high-m-stress_n100_m3_r01.txt,100,3,tsp-transform-lkh,medium,253.717908,0.049378,True,ok,False,"[[0, 88, 0], [0, 80, 0], [0, 89, 90, 85, 72, 97, 77, 76, 68, 71, 70, 75, 78, 74, 69, 67, 79, 73, 93, 99, 86, 54, 58, 47, 45, 59, 40, 50, 42, 60, 51, 63, 66, 62, 37, 61, 38, 65, 36, 57, 39, 49, 52, 44, 53, 41, 56, 55, 48, 64, 43, 46, 35, 92, 95, 83, 81, 33, 32, 30, 16, 31, 29, 20, 18, 82, 24, 19, 27, 94, 21, 15, 23, 26, 22, 25, 28, 34, 17, 98, 14, 12, 11, 4, 7, 3, 10, 8, 9, 13, 96, 2, 5, 6, 1, 91, 84, 87, 0]]"
high-m-stress,high-m-stress_n100_m5_r01.txt,data\mtsp\generated_multifamily\high-m-stress_n100_m5_r01.txt,100,5,ortools-gls,medium,292.367567,5.000938,True,ok,False,"[[0, 83, 88, 86, 73, 74, 79, 75, 77, 72, 78, 96, 76, 90, 7, 12, 10, 11, 15, 8, 6, 3, 1, 5, 14, 13, 4, 2, 9, 29, 20, 17, 32, 31, 27, 28, 30, 18, 19, 25, 26, 24, 21, 23, 16, 87, 22, 80, 84, 82, 89, 93, 43, 33, 37, 40, 41, 39, 35, 38, 95, 36, 34, 42, 92, 99, 97, 52, 45, 54, 49, 47, 57, 46, 56, 50, 98, 48, 53, 55, 51, 58, 44, 94, 59, 71, 62, 60, 67, 65, 64, 69, 61, 63, 68, 66, 70, 85, 91, 81, 0], [0, 0], [0, 0], [0, 0], [0, 0]]"
high-m-stress,high-m-stress_n100_m5_r01.txt,data\mtsp\generated_multifamily\high-m-stress_n100_m5_r01.txt,100,5,tsp-transform-lkh,medium,313.883262,0.078914,True,ok,False,"[[0, 88, 0], [0, 83, 0], [0, 81, 0], [0, 91, 85, 70, 66, 68, 63, 61, 69, 64, 65, 67, 60, 62, 71, 59, 94, 44, 58, 49, 54, 47, 57, 46, 56, 50, 51, 55, 53, 48, 98, 52, 45, 97, 99, 92, 42, 34, 36, 39, 95, 38, 35, 37, 40, 41, 43, 33, 93, 89, 82, 84, 21, 24, 26, 25, 19, 18, 28, 30, 17, 20, 29, 32, 31, 27, 23, 16, 87, 22, 80, 9, 2, 4, 13, 14, 5, 1, 3, 6, 8, 15, 11, 10, 12, 7, 90, 0], [0, 76, 96, 78, 72, 77, 75, 79, 74, 73, 86, 0]]"
high-m-stress,high-m-stress_n200_m2_r01.txt,data\mtsp\generated_multifamily\high-m-stress_n200_m2_r01.txt,200,2,ortools-gls,medium,693.578726,5.001929,True,ok,False,"[[0, 170, 154, 130, 176, 149, 128, 151, 156, 141, 145, 134, 136, 138, 191, 192, 186, 195, 196, 144, 147, 157, 126, 148, 139, 135, 146, 125, 150, 140, 153, 155, 168, 152, 132, 159, 133, 123, 143, 129, 137, 142, 158, 127, 171, 124, 131, 180, 167, 164, 174, 178, 175, 161, 166, 108, 112, 88, 94, 93, 79, 110, 117, 119, 106, 98, 114, 99, 89, 197, 187, 194, 105, 107, 96, 81, 87, 111, 102, 103, 100, 80, 86, 113, 118, 109, 82, 116, 85, 95, 115, 84, 104, 91, 83, 92, 97, 120, 122, 121, 101, 90, 160, 181, 183, 172, 63, 65, 54, 75, 60, 71, 55, 50, 70, 66, 48, 77, 68, 69, 64, 56, 57, 59, 73, 78, 189, 184, 53, 62, 67, 72, 47, 51, 52, 49, 61, 58, 74, 76, 169, 12, 7, 46, 11, 28, 1, 16, 4, 26, 13, 31, 45, 40, 17, 18, 24, 15, 35, 185, 199, 188, 193, 190, 198, 33, 38, 14, 41, 8, 27, 23, 44, 20, 21, 10, 6, 39, 2, 19, 34, 32, 37, 43, 22, 25, 29, 42, 30, 9, 5, 36, 3, 182, 177, 163, 173, 162, 165, 179, 0], [0, 0]]"
high-m-stress,high-m-stress_n200_m2_r01.txt,data\mtsp\generated_multifamily\high-m-stress_n200_m2_r01.txt,200,2,tsp-transform-lkh,medium,624.649979,0.159079,True,ok,False,"[[0, 170, 0], [0, 179, 165, 162, 173, 163, 177, 182, 43, 22, 25, 30, 9, 3, 36, 5, 42, 29, 44, 23, 27, 33, 8, 20, 21, 19, 2, 34, 32, 37, 12, 7, 46, 11, 28, 39, 1, 16, 4, 26, 13, 31, 40, 45, 35, 15, 24, 18, 17, 6, 10, 41, 14, 38, 198, 190, 185, 193, 188, 199, 184, 189, 73, 78, 69, 68, 53, 62, 77, 67, 72, 47, 51, 52, 48, 49, 61, 58, 74, 76, 60, 71, 55, 50, 70, 66, 64, 59, 57, 56, 75, 54, 65, 63, 172, 183, 181, 169, 174, 178, 175, 161, 166, 160, 90, 108, 88, 112, 101, 121, 91, 122, 120, 97, 92, 83, 104, 84, 95, 115, 116, 85, 110, 79, 93, 94, 117, 119, 106, 98, 114, 99, 89, 197, 105, 107, 96, 81, 87, 109, 82, 118, 113, 86, 80, 100, 103, 102, 111, 194, 187, 196, 195, 186, 192, 191, 125, 150, 146, 135, 139, 148, 126, 157, 147, 144, 123, 143, 129, 137, 142, 158, 127, 171, 131, 124, 159, 133, 132, 155, 140, 153, 136, 138, 134, 145, 141, 156, 168, 152, 151, 128, 149, 176, 130, 154, 180, 167, 164, 0]]"
high-m-stress,high-m-stress_n200_m3_r01.txt,data\mtsp\generated_multifamily\high-m-stress_n200_m3_r01.txt,200,3,ortools-gls,medium,654.937498,5.000358,True,ok,False,"[[0, 175, 166, 161, 31, 37, 20, 17, 34, 29, 25, 12, 35, 11, 26, 15, 28, 38, 32, 2, 1, 9, 33, 36, 8, 6, 30, 39, 21, 16, 4, 14, 22, 10, 27, 7, 192, 189, 3, 18, 5, 23, 19, 13, 24, 185, 199, 194, 198, 195, 190, 61, 42, 48, 47, 54, 60, 63, 62, 52, 53, 51, 45, 43, 56, 50, 59, 57, 40, 46, 66, 41, 49, 58, 64, 65, 55, 44, 164, 180, 168, 183, 182, 163, 181, 179, 162, 171, 167, 174, 176, 165, 155, 132, 130, 152, 143, 156, 124, 150, 146, 141, 134, 159, 127, 125, 145, 142, 126, 138, 158, 136, 144, 123, 91, 100, 69, 97, 80, 87, 102, 76, 112, 78, 107, 177, 67, 75, 110, 92, 84, 115, 103, 73, 68, 111, 119, 81, 88, 83, 122, 178, 82, 70, 77, 104, 72, 96, 118, 71, 105, 85, 98, 116, 90, 86, 106, 89, 121, 109, 108, 117, 94, 99, 95, 113, 93, 120, 101, 74, 114, 79, 187, 186, 184, 193, 188, 191, 196, 197, 153, 128, 148, 157, 139, 149, 135, 154, 137, 131, 151, 170, 133, 147, 140, 129, 169, 173, 160, 172, 0], [0, 0], [0, 0]]"
high-m-stress,high-m-stress_n200_m3_r01.txt,data\mtsp\generated_multifamily\high-m-stress_n200_m3_r01.txt,200,3,tsp-transform-lkh,medium,636.655704,0.164155,True,ok,False,"[[0, 175, 166, 161, 31, 37, 20, 17, 34, 25, 12, 35, 11, 33, 9, 2, 26, 15, 28, 38, 32, 1, 24, 13, 19, 23, 5, 18, 3, 14, 4, 16, 21, 39, 30, 6, 8, 36, 29, 27, 22, 10, 7, 192, 189, 194, 199, 185, 60, 63, 44, 62, 54, 47, 52, 51, 53, 48, 42, 45, 61, 190, 195, 198, 57, 40, 59, 50, 43, 56, 46, 66, 41, 49, 55, 65, 58, 64, 164, 180, 168, 183, 182, 163, 181, 179, 162, 171, 0], [0, 172, 0], [0, 167, 176, 174, 78, 112, 76, 107, 177, 67, 75, 110, 92, 84, 119, 81, 111, 115, 103, 73, 68, 120, 101, 99, 95, 113, 93, 88, 83, 122, 70, 82, 178, 102, 87, 80, 97, 69, 91, 85, 98, 105, 71, 100, 118, 77, 96, 104, 72, 116, 90, 86, 106, 89, 121, 109, 108, 117, 94, 74, 114, 79, 187, 186, 184, 193, 188, 191, 196, 197, 153, 128, 148, 157, 139, 134, 149, 135, 154, 137, 131, 151, 141, 146, 127, 159, 145, 142, 126, 138, 125, 136, 158, 123, 144, 150, 124, 156, 143, 152, 130, 132, 155, 129, 170, 133, 147, 140, 165, 169, 173, 160, 0]]"
high-m-stress,high-m-stress_n200_m5_r01.txt,data\mtsp\generated_multifamily\high-m-stress_n200_m5_r01.txt,200,5,ortools-gls,medium,614.370196,5.002155,True,ok,False,"[[0, 178, 170, 173, 169, 180, 171, 174, 16, 26, 176, 24, 2, 28, 22, 14, 20, 11, 13, 4, 19, 9, 17, 8, 7, 25, 5, 27, 21, 23, 29, 1, 167, 10, 6, 18, 15, 3, 12, 179, 168, 161, 172, 36, 62, 61, 65, 63, 47, 42, 48, 40, 35, 49, 58, 57, 194, 192, 190, 186, 198, 197, 56, 50, 38, 46, 60, 53, 31, 64, 51, 30, 37, 32, 52, 41, 184, 45, 34, 33, 43, 44, 55, 39, 54, 59, 195, 73, 82, 79, 70, 87, 71, 85, 84, 78, 72, 83, 67, 81, 77, 76, 86, 69, 75, 68, 80, 74, 66, 90, 98, 88, 95, 91, 106, 89, 96, 92, 101, 99, 93, 94, 103, 185, 193, 187, 188, 189, 105, 102, 97, 100, 104, 164, 122, 116, 118, 108, 117, 129, 113, 111, 109, 126, 115, 112, 119, 123, 121, 107, 131, 130, 132, 125, 120, 114, 124, 128, 127, 110, 175, 162, 163, 160, 177, 150, 143, 134, 140, 155, 157, 154, 148, 144, 136, 138, 196, 191, 199, 137, 146, 139, 147, 159, 142, 133, 158, 156, 153, 151, 141, 149, 135, 145, 152, 183, 181, 165, 182, 166, 0], [0, 0], [0, 0], [0, 0], [0, 0]]"
high-m-stress,high-m-stress_n200_m5_r01.txt,data\mtsp\generated_multifamily\high-m-stress_n200_m5_r01.txt,200,5,tsp-transform-lkh,medium,629.889385,0.191137,True,ok,False,"[[0, 165, 0], [0, 182, 0], [0, 166, 0], [0, 178, 0], [0, 170, 173, 169, 180, 171, 174, 6, 15, 18, 10, 2, 24, 176, 16, 26, 28, 22, 14, 20, 4, 13, 11, 17, 9, 8, 7, 25, 19, 167, 1, 29, 23, 5, 27, 21, 3, 12, 179, 168, 161, 172, 36, 62, 44, 55, 39, 54, 59, 51, 64, 31, 37, 30, 32, 52, 53, 60, 46, 41, 184, 45, 63, 34, 33, 43, 61, 65, 47, 42, 48, 40, 35, 49, 58, 57, 38, 50, 56, 197, 194, 192, 190, 186, 198, 195, 73, 82, 76, 86, 69, 75, 68, 80, 77, 81, 74, 66, 83, 67, 72, 78, 84, 85, 71, 79, 70, 87, 193, 187, 185, 188, 189, 105, 102, 97, 100, 104, 95, 88, 91, 106, 89, 96, 92, 101, 99, 94, 103, 93, 98, 90, 164, 122, 116, 118, 108, 117, 129, 131, 130, 107, 132, 121, 123, 119, 112, 124, 125, 120, 114, 128, 109, 111, 113, 126, 115, 127, 110, 175, 162, 163, 160, 177, 150, 143, 134, 155, 138, 136, 144, 196, 191, 199, 137, 147, 146, 139, 148, 154, 157, 140, 153, 156, 158, 133, 142, 159, 135, 149, 145, 152, 141, 151, 183, 181, 0]]"
high-m-stress,high-m-stress_n20_m2_r01.txt,data\mtsp\generated_multifamily\high-m-stress_n20_m2_r01.txt,20,2,exact-mip,small,40.155734,0.121249,True,optimal:SCIP,True,"[[0, 16, 3, 4, 2, 7, 19, 6, 8, 5, 18, 9, 10, 14, 11, 13, 12, 1, 15, 0], [0, 17, 0]]"
high-m-stress,high-m-stress_n20_m2_r01.txt,data\mtsp\generated_multifamily\high-m-stress_n20_m2_r01.txt,20,2,ortools-gls,small,38.770922,5.000913,True,ok,False,"[[0, 16, 3, 4, 2, 7, 19, 6, 8, 5, 18, 9, 10, 14, 11, 13, 12, 1, 15, 17, 0], [0, 0]]"
high-m-stress,high-m-stress_n20_m2_r01.txt,data\mtsp\generated_multifamily\high-m-stress_n20_m2_r01.txt,20,2,tsp-transform-lkh,small,40.155734,0.032162,True,ok,False,"[[0, 17, 0], [0, 16, 3, 4, 2, 7, 19, 6, 8, 5, 18, 9, 10, 14, 11, 13, 12, 1, 15, 0]]"
high-m-stress,high-m-stress_n20_m3_r01.txt,data\mtsp\generated_multifamily\high-m-stress_n20_m3_r01.txt,20,3,exact-mip,small,51.705386,1.481705,True,optimal:SCIP,True,"[[0, 2, 3, 1, 18, 5, 6, 7, 8, 9, 12, 10, 11, 13, 14, 19, 15, 16, 0], [0, 4, 0], [0, 17, 0]]"
high-m-stress,high-m-stress_n20_m3_r01.txt,data\mtsp\generated_multifamily\high-m-stress_n20_m3_r01.txt,20,3,ortools-gls,small,40.928378,5.000537,True,ok,False,"[[0, 17, 4, 2, 3, 1, 18, 5, 6, 7, 8, 9, 12, 10, 11, 13, 14, 19, 15, 16, 0], [0, 0], [0, 0]]"
high-m-stress,high-m-stress_n20_m3_r01.txt,data\mtsp\generated_multifamily\high-m-stress_n20_m3_r01.txt,20,3,tsp-transform-lkh,small,52.638766,0.03364,True,ok,False,"[[0, 2, 0], [0, 16, 15, 19, 14, 13, 11, 10, 12, 9, 8, 7, 6, 5, 18, 1, 3, 17, 0], [0, 4, 0]]"
high-m-stress,high-m-stress_n20_m5_r01.txt,data\mtsp\generated_multifamily\high-m-stress_n20_m5_r01.txt,20,5,exact-mip,small,62.721781,2.734083,True,optimal:SCIP,True,"[[0, 3, 0], [0, 15, 0], [0, 16, 0], [0, 17, 12, 11, 13, 8, 18, 9, 7, 10, 5, 6, 4, 2, 1, 14, 0], [0, 19, 0]]"
high-m-stress,high-m-stress_n20_m5_r01.txt,data\mtsp\generated_multifamily\high-m-stress_n20_m5_r01.txt,20,5,ortools-gls,small,42.757026,5.000463,True,ok,False,"[[0, 15, 16, 19, 17, 12, 11, 13, 8, 18, 9, 7, 10, 5, 6, 4, 2, 1, 14, 3, 0], [0, 0], [0, 0], [0, 0], [0, 0]]"
high-m-stress,high-m-stress_n20_m5_r01.txt,data\mtsp\generated_multifamily\high-m-stress_n20_m5_r01.txt,20,5,tsp-transform-lkh,small,62.721781,0.036594,True,ok,False,"[[0, 19, 0], [0, 16, 0], [0, 15, 0], [0, 3, 0], [0, 14, 1, 2, 4, 6, 5, 10, 7, 9, 18, 8, 13, 11, 12, 17, 0]]"
high-m-stress,high-m-stress_n500_m2_r01.txt,data\mtsp\generated_multifamily\high-m-stress_n500_m2_r01.txt,500,2,ortools-gls,medium,2179.199821,5.001036,True,ok,False,"[[0, 439, 433, 400, 456, 445, 314, 361, 335, 293, 376, 303, 284, 287, 398, 370, 318, 296, 355, 380, 334, 383, 348, 294, 340, 324, 309, 365, 369, 386, 283, 379, 310, 282, 322, 357, 359, 396, 382, 325, 339, 391, 388, 288, 327, 292, 393, 356, 399, 373, 299, 286, 304, 374, 360, 366, 307, 285, 313, 368, 290, 371, 350, 289, 323, 331, 358, 381, 378, 301, 345, 389, 469, 483, 468, 495, 477, 491, 467, 470, 479, 486, 488, 489, 302, 353, 297, 367, 336, 354, 406, 397, 392, 459, 346, 377, 316, 363, 300, 437, 320, 416, 341, 394, 315, 375, 291, 321, 332, 311, 312, 362, 351, 395, 344, 384, 352, 306, 385, 326, 329, 317, 372, 342, 390, 364, 343, 349, 330, 338, 333, 308, 305, 337, 298, 295, 328, 319, 387, 347, 281, 411, 425, 417, 409, 435, 407, 418, 434, 405, 256, 236, 268, 239, 242, 224, 226, 221, 265, 276, 215, 266, 211, 247, 272, 264, 413, 269, 261, 218, 259, 238, 222, 490, 493, 465, 460, 494, 480, 487, 497, 466, 485, 499, 482, 463, 476, 484, 262, 235, 241, 223, 275, 214, 234, 251, 260, 209, 219, 245, 217, 248, 280, 229, 233, 273, 271, 240, 220, 253, 216, 263, 277, 249, 213, 274, 278, 415, 254, 237, 279, 210, 230, 270, 232, 227, 250, 225, 258, 257, 243, 267, 255, 228, 246, 252, 231, 244, 212, 448, 431, 454, 401, 403, 446, 443, 452, 402, 438, 426, 450, 408, 451, 143, 134, 141, 145, 135, 138, 199, 148, 170, 117, 137, 177, 158, 169, 168, 142, 180, 172, 118, 144, 113, 187, 153, 171, 124, 166, 178, 154, 202, 196, 189, 176, 181, 156, 107, 123, 162, 204, 496, 498, 472, 474, 462, 481, 473, 461, 478, 492, 471, 475, 197, 167, 109, 126, 200, 119, 112, 122, 160, 195, 186, 163, 125, 151, 127, 203, 174, 120, 184, 164, 114, 150, 205, 149, 179, 115, 161, 130, 133, 201, 136, 165, 190, 155, 175, 464, 193, 159, 121, 140, 146, 191, 198, 182, 157, 111, 206, 139, 116, 108, 173, 110, 132, 129, 208, 106, 183, 131, 147, 207, 185, 152, 192, 128, 188, 441, 194, 447, 424, 428, 419, 453, 444, 455, 432, 412, 404, 427, 423, 429, 420, 430, 98, 57, 70, 46, 104, 72, 68, 29, 65, 9, 449, 35, 69, 15, 36, 105, 52, 81, 24, 76, 30, 41, 19, 66, 55, 28, 102, 7, 11, 23, 51, 95, 87, 61, 75, 78, 33, 73, 12, 47, 60, 58, 21, 91, 103, 6, 44, 38, 86, 59, 56, 2, 42, 26, 96, 43, 34, 88, 62, 85, 32, 14, 48, 3, 99, 10, 54, 100, 40, 8, 90, 84, 20, 74, 97, 37, 82, 5, 80, 89, 93, 27, 79, 16, 4, 67, 31, 101, 49, 64, 17, 77, 45, 13, 50, 63, 71, 53, 83, 440, 92, 94, 39, 22, 18, 25, 1, 414, 457, 410, 421, 436, 422, 442, 458, 0], [0, 0]]"
high-m-stress,high-m-stress_n500_m2_r01.txt,data\mtsp\generated_multifamily\high-m-stress_n500_m2_r01.txt,500,2,tsp-transform-lkh,medium,2041.864749,0.402143,True,ok,False,"[[0, 420, 429, 414, 457, 410, 421, 423, 436, 422, 427, 404, 412, 432, 455, 442, 458, 0], [0, 439, 433, 400, 456, 435, 409, 417, 445, 425, 411, 281, 314, 361, 335, 376, 303, 284, 398, 287, 293, 347, 387, 416, 437, 320, 318, 370, 380, 334, 383, 348, 294, 353, 302, 340, 297, 324, 309, 365, 369, 386, 283, 379, 310, 282, 322, 357, 396, 359, 382, 325, 339, 391, 285, 313, 368, 290, 371, 323, 289, 350, 367, 336, 354, 355, 296, 406, 397, 300, 363, 316, 377, 346, 459, 392, 364, 390, 366, 292, 307, 388, 288, 327, 381, 358, 331, 378, 301, 345, 389, 399, 356, 373, 393, 299, 286, 360, 304, 374, 342, 343, 372, 317, 306, 352, 384, 385, 326, 329, 349, 330, 321, 291, 338, 333, 341, 305, 308, 319, 328, 337, 295, 298, 394, 315, 375, 332, 312, 311, 344, 395, 351, 362, 226, 224, 221, 274, 213, 278, 237, 215, 276, 265, 242, 239, 268, 256, 236, 266, 211, 247, 230, 272, 264, 210, 279, 254, 415, 251, 260, 280, 209, 248, 233, 229, 273, 271, 240, 220, 249, 277, 263, 216, 253, 217, 245, 219, 234, 214, 269, 261, 218, 275, 223, 241, 235, 262, 484, 222, 238, 259, 228, 255, 267, 243, 257, 258, 413, 225, 231, 246, 252, 244, 212, 250, 227, 232, 270, 448, 405, 431, 434, 418, 454, 407, 401, 403, 446, 443, 452, 402, 426, 438, 444, 453, 450, 419, 408, 428, 424, 451, 447, 194, 441, 188, 128, 192, 135, 199, 152, 185, 148, 170, 180, 142, 169, 168, 160, 208, 106, 183, 131, 207, 147, 179, 115, 161, 130, 133, 201, 136, 165, 190, 464, 175, 164, 114, 155, 149, 205, 150, 129, 132, 110, 173, 186, 195, 163, 122, 112, 176, 181, 119, 200, 107, 126, 202, 154, 196, 189, 178, 166, 124, 171, 153, 187, 113, 144, 118, 172, 177, 158, 117, 137, 138, 145, 141, 134, 143, 475, 471, 492, 478, 461, 473, 481, 462, 474, 472, 498, 496, 197, 167, 109, 204, 162, 123, 156, 125, 151, 127, 108, 203, 174, 120, 184, 121, 140, 191, 198, 146, 139, 116, 206, 111, 157, 182, 159, 193, 490, 493, 465, 460, 494, 480, 487, 497, 466, 485, 476, 499, 482, 463, 469, 483, 468, 495, 477, 491, 467, 470, 479, 486, 488, 489, 23, 102, 55, 28, 7, 11, 51, 60, 47, 58, 21, 12, 73, 33, 78, 75, 61, 95, 87, 41, 89, 93, 27, 79, 16, 13, 45, 77, 4, 90, 8, 84, 20, 74, 97, 99, 3, 37, 82, 80, 5, 56, 59, 103, 91, 86, 6, 44, 38, 43, 34, 62, 88, 96, 26, 2, 42, 85, 32, 14, 48, 10, 54, 100, 40, 31, 67, 101, 49, 64, 17, 39, 22, 94, 92, 440, 18, 1, 25, 105, 24, 81, 52, 83, 50, 63, 71, 53, 76, 30, 19, 66, 68, 72, 104, 29, 65, 9, 449, 35, 36, 15, 69, 46, 70, 57, 98, 430, 0]]"
high-m-stress,high-m-stress_n500_m3_r01.txt,data\mtsp\generated_multifamily\high-m-stress_n500_m3_r01.txt,500,3,ortools-gls,medium,2419.442849,5.000379,True,ok,False,"[[0, 403, 450, 407, 428, 434, 423, 426, 432, 446, 22, 416, 424, 39, 33, 19, 29, 42, 34, 24, 30, 27, 35, 70, 16, 26, 18, 75, 491, 476, 477, 483, 469, 488, 485, 69, 71, 55, 21, 32, 63, 68, 2, 64, 52, 72, 54, 66, 49, 57, 65, 11, 56, 12, 58, 74, 48, 10, 60, 457, 31, 5, 17, 9, 23, 20, 50, 38, 59, 3, 7, 44, 46, 8, 40, 4, 36, 25, 51, 37, 28, 14, 77, 45, 53, 15, 62, 76, 67, 43, 73, 1, 13, 61, 47, 41, 6, 427, 430, 449, 414, 435, 439, 419, 429, 425, 408, 448, 284, 358, 334, 285, 374, 298, 398, 341, 373, 315, 456, 310, 350, 297, 338, 371, 380, 299, 290, 337, 356, 379, 328, 302, 303, 324, 353, 392, 317, 327, 325, 294, 349, 277, 293, 320, 362, 292, 283, 275, 316, 329, 370, 322, 348, 300, 385, 377, 372, 332, 367, 335, 280, 307, 473, 482, 495, 463, 498, 464, 496, 475, 462, 484, 355, 321, 346, 387, 279, 305, 301, 361, 391, 319, 461, 471, 472, 470, 499, 466, 314, 397, 345, 352, 286, 306, 323, 342, 313, 399, 331, 289, 396, 359, 375, 366, 378, 347, 395, 288, 382, 363, 390, 368, 276, 291, 304, 333, 393, 364, 287, 318, 386, 365, 343, 351, 384, 381, 389, 369, 330, 281, 388, 360, 339, 357, 344, 326, 282, 394, 296, 311, 295, 312, 376, 354, 309, 383, 336, 278, 340, 308, 402, 452, 422, 444, 420, 409, 443, 218, 225, 226, 235, 220, 229, 264, 239, 232, 224, 258, 255, 415, 230, 247, 268, 254, 266, 233, 270, 241, 271, 265, 228, 243, 222, 245, 249, 231, 242, 256, 253, 237, 219, 248, 267, 234, 493, 490, 465, 217, 236, 250, 269, 251, 262, 227, 272, 261, 223, 263, 221, 244, 240, 273, 252, 274, 246, 238, 260, 259, 257, 454, 405, 455, 458, 451, 421, 442, 417, 453, 447, 411, 441, 413, 440, 445, 437, 121, 141, 83, 81, 210, 184, 133, 144, 94, 168, 100, 93, 163, 188, 197, 173, 107, 112, 179, 123, 186, 157, 113, 212, 79, 216, 195, 129, 132, 136, 139, 92, 151, 87, 207, 82, 162, 185, 78, 97, 111, 206, 137, 104, 106, 96, 98, 159, 147, 201, 178, 211, 103, 175, 176, 128, 117, 101, 174, 116, 208, 135, 149, 161, 95, 145, 169, 489, 467, 478, 480, 487, 486, 468, 481, 497, 474, 494, 492, 460, 110, 158, 205, 209, 164, 156, 183, 182, 190, 99, 165, 180, 102, 138, 90, 131, 167, 150, 187, 125, 196, 166, 124, 91, 153, 172, 109, 140, 126, 85, 119, 120, 115, 108, 181, 80, 143, 118, 134, 89, 200, 170, 84, 114, 202, 88, 127, 189, 152, 215, 191, 146, 192, 160, 213, 193, 204, 155, 198, 86, 154, 214, 199, 194, 479, 171, 148, 105, 203, 142, 122, 177, 130, 438, 436, 400, 412, 406, 431, 410, 433, 404, 401, 459, 418, 0], [0, 0], [0, 0]]"
high-m-stress,high-m-stress_n500_m3_r01.txt,data\mtsp\generated_multifamily\high-m-stress_n500_m3_r01.txt,500,3,tsp-transform-lkh,medium,2260.759745,0.249505,True,ok,False,"[[0, 443, 405, 421, 459, 418, 451, 458, 455, 409, 420, 422, 429, 444, 403, 0], [0, 450, 0], [0, 407, 419, 428, 434, 439, 435, 423, 414, 426, 449, 430, 432, 427, 6, 41, 47, 13, 1, 73, 61, 5, 17, 9, 43, 67, 76, 62, 15, 53, 45, 77, 14, 28, 37, 51, 25, 36, 4, 20, 50, 38, 59, 40, 8, 46, 21, 71, 69, 55, 75, 18, 26, 32, 16, 70, 35, 27, 30, 24, 34, 42, 29, 39, 33, 19, 64, 63, 68, 2, 7, 44, 3, 52, 72, 74, 48, 10, 60, 23, 31, 457, 56, 12, 58, 11, 65, 57, 49, 66, 54, 424, 416, 22, 446, 401, 404, 433, 442, 410, 431, 417, 406, 453, 447, 412, 400, 411, 441, 436, 413, 438, 130, 177, 122, 142, 203, 440, 445, 437, 121, 141, 83, 81, 210, 184, 133, 86, 194, 199, 214, 154, 105, 148, 171, 479, 123, 179, 112, 100, 168, 94, 93, 163, 111, 206, 137, 104, 106, 96, 98, 159, 147, 201, 178, 195, 207, 185, 82, 162, 78, 97, 188, 197, 173, 107, 113, 157, 186, 212, 87, 79, 216, 151, 92, 139, 136, 132, 129, 103, 211, 175, 176, 128, 158, 117, 110, 101, 174, 205, 209, 164, 88, 156, 183, 182, 138, 102, 180, 165, 190, 99, 198, 144, 155, 204, 213, 193, 160, 192, 146, 191, 152, 215, 90, 131, 167, 150, 187, 125, 196, 166, 124, 91, 153, 172, 109, 140, 126, 85, 119, 120, 115, 108, 181, 143, 118, 134, 89, 80, 170, 200, 127, 189, 202, 114, 84, 95, 161, 149, 135, 145, 169, 208, 116, 460, 467, 489, 478, 480, 487, 486, 468, 481, 497, 492, 494, 474, 483, 469, 477, 491, 476, 488, 485, 470, 499, 472, 466, 471, 461, 314, 397, 345, 313, 399, 331, 396, 359, 395, 288, 382, 363, 390, 368, 276, 291, 304, 333, 393, 364, 287, 318, 386, 285, 334, 358, 284, 448, 408, 425, 452, 384, 351, 381, 343, 365, 389, 369, 330, 340, 308, 402, 278, 281, 388, 336, 376, 312, 295, 354, 311, 296, 377, 385, 300, 348, 322, 370, 283, 275, 316, 329, 282, 326, 394, 344, 357, 309, 383, 360, 339, 350, 297, 338, 371, 380, 299, 290, 337, 310, 456, 315, 373, 341, 398, 298, 374, 347, 378, 366, 375, 289, 392, 353, 379, 356, 328, 302, 303, 325, 286, 306, 323, 327, 324, 317, 342, 352, 319, 391, 361, 301, 305, 279, 387, 346, 355, 321, 294, 349, 277, 293, 320, 362, 292, 372, 332, 367, 335, 280, 307, 484, 462, 475, 473, 482, 495, 463, 498, 496, 464, 465, 490, 493, 234, 267, 248, 219, 237, 253, 256, 242, 231, 243, 228, 222, 245, 249, 264, 229, 220, 239, 232, 235, 226, 225, 218, 255, 224, 258, 415, 230, 247, 268, 254, 266, 241, 271, 265, 250, 236, 269, 217, 251, 262, 227, 272, 261, 223, 263, 221, 270, 233, 244, 240, 274, 273, 252, 246, 238, 260, 259, 257, 454, 0]]"
high-m-stress,high-m-stress_n500_m5_r01.txt,data\mtsp\generated_multifamily\high-m-stress_n500_m5_r01.txt,500,5,ortools-gls,medium,2568.678341,5.003422,True,ok,False,"[[0, 458, 439, 427, 455, 445, 415, 432, 431, 403, 381, 450, 362, 336, 337, 376, 382, 385, 343, 341, 346, 369, 374, 380, 359, 368, 348, 358, 389, 377, 365, 332, 363, 367, 356, 340, 349, 355, 387, 357, 352, 364, 338, 370, 331, 351, 366, 345, 339, 384, 342, 386, 353, 360, 398, 350, 347, 395, 330, 378, 372, 361, 391, 379, 354, 388, 375, 344, 335, 399, 371, 394, 383, 393, 333, 396, 334, 390, 373, 392, 397, 299, 256, 297, 292, 296, 324, 322, 257, 304, 310, 267, 264, 272, 276, 410, 418, 275, 318, 286, 283, 280, 291, 306, 278, 326, 312, 266, 265, 494, 471, 460, 499, 482, 492, 475, 469, 270, 255, 313, 320, 290, 258, 253, 279, 309, 285, 263, 268, 316, 284, 274, 298, 308, 317, 319, 287, 294, 260, 259, 303, 262, 277, 300, 321, 281, 269, 301, 305, 288, 293, 273, 327, 307, 311, 271, 325, 282, 448, 328, 329, 314, 302, 289, 323, 295, 261, 254, 315, 417, 434, 436, 451, 400, 401, 457, 447, 456, 433, 222, 181, 215, 200, 227, 252, 220, 178, 249, 218, 184, 179, 235, 183, 193, 206, 243, 229, 498, 484, 465, 490, 487, 467, 493, 180, 185, 192, 247, 223, 182, 214, 241, 221, 188, 232, 238, 231, 190, 225, 251, 219, 174, 233, 239, 203, 202, 234, 245, 175, 196, 176, 177, 209, 226, 191, 237, 187, 195, 224, 197, 205, 201, 228, 198, 244, 216, 199, 207, 242, 210, 248, 230, 246, 250, 186, 204, 189, 194, 213, 236, 211, 212, 217, 240, 208, 440, 405, 428, 422, 459, 419, 443, 423, 426, 442, 430, 438, 413, 404, 421, 402, 150, 137, 163, 155, 130, 113, 128, 110, 151, 112, 119, 156, 157, 167, 166, 160, 169, 129, 162, 118, 152, 136, 111, 147, 146, 170, 143, 132, 159, 117, 173, 165, 164, 153, 122, 141, 115, 148, 127, 125, 135, 140, 142, 120, 116, 124, 172, 138, 144, 168, 161, 139, 149, 134, 145, 131, 133, 126, 121, 171, 123, 158, 114, 154, 71, 99, 80, 108, 72, 97, 106, 60, 85, 103, 81, 68, 67, 66, 59, 88, 89, 57, 98, 101, 82, 105, 87, 79, 95, 62, 63, 73, 65, 109, 78, 86, 470, 473, 463, 472, 481, 478, 491, 461, 486, 476, 496, 495, 468, 61, 90, 64, 77, 69, 104, 92, 100, 83, 93, 84, 91, 75, 76, 74, 56, 107, 58, 102, 96, 429, 70, 94, 454, 409, 416, 406, 411, 412, 435, 452, 408, 407, 424, 11, 1, 15, 29, 7, 10, 3, 45, 53, 35, 19, 36, 13, 17, 28, 47, 483, 488, 485, 480, 479, 462, 464, 497, 477, 466, 474, 489, 4, 12, 38, 39, 27, 41, 26, 30, 54, 50, 37, 46, 2, 51, 52, 16, 31, 55, 48, 40, 25, 22, 23, 34, 42, 21, 14, 20, 8, 5, 33, 6, 49, 24, 9, 32, 44, 43, 18, 437, 444, 453, 425, 420, 414, 449, 441, 446, 0], [0, 0], [0, 0], [0, 0], [0, 0]]"
high-m-stress,high-m-stress_n500_m5_r01.txt,data\mtsp\generated_multifamily\high-m-stress_n500_m5_r01.txt,500,5,tsp-transform-lkh,medium,2298.511024,0.296072,True,ok,False,"[[0, 401, 457, 447, 422, 428, 405, 456, 433, 440, 208, 240, 217, 212, 211, 236, 242, 210, 213, 194, 248, 230, 189, 207, 227, 181, 222, 215, 200, 252, 220, 178, 244, 249, 218, 184, 206, 193, 183, 243, 229, 235, 247, 179, 182, 223, 192, 185, 180, 251, 225, 190, 231, 214, 241, 221, 188, 232, 238, 239, 203, 202, 245, 234, 197, 205, 201, 233, 228, 174, 219, 198, 216, 199, 204, 186, 246, 250, 177, 176, 196, 175, 224, 195, 187, 237, 191, 226, 209, 110, 151, 112, 119, 156, 157, 128, 167, 166, 160, 162, 169, 129, 147, 153, 122, 116, 124, 172, 138, 120, 141, 115, 148, 127, 125, 135, 142, 140, 168, 144, 161, 139, 164, 165, 173, 117, 149, 134, 145, 131, 133, 126, 121, 171, 143, 132, 159, 146, 170, 123, 158, 154, 114, 111, 152, 118, 130, 113, 155, 163, 137, 136, 150, 402, 421, 404, 413, 438, 430, 442, 426, 459, 423, 419, 455, 427, 452, 443, 435, 412, 411, 406, 416, 409, 454, 94, 429, 70, 80, 99, 71, 108, 72, 106, 97, 88, 89, 57, 98, 101, 470, 82, 86, 78, 109, 65, 62, 63, 73, 468, 61, 95, 79, 105, 67, 66, 59, 81, 68, 87, 90, 64, 84, 91, 75, 76, 74, 83, 93, 77, 69, 85, 60, 103, 104, 92, 100, 102, 58, 56, 107, 96, 34, 23, 22, 25, 40, 48, 55, 31, 16, 52, 51, 2, 46, 37, 50, 54, 39, 38, 12, 4, 47, 28, 17, 13, 36, 19, 35, 53, 45, 3, 10, 7, 41, 27, 30, 26, 21, 42, 8, 5, 20, 14, 33, 6, 49, 24, 9, 424, 32, 11, 1, 15, 29, 44, 43, 18, 437, 444, 453, 425, 407, 420, 414, 449, 441, 408, 439, 0], [0, 458, 0], [0, 446, 0], [0, 445, 0], [0, 415, 432, 431, 403, 362, 336, 374, 337, 376, 369, 382, 385, 343, 341, 346, 340, 349, 355, 387, 352, 364, 338, 370, 357, 356, 367, 363, 332, 365, 358, 389, 377, 331, 351, 366, 361, 391, 379, 354, 388, 375, 344, 348, 368, 335, 399, 359, 380, 381, 450, 397, 392, 373, 390, 334, 396, 371, 333, 393, 383, 394, 395, 347, 350, 360, 398, 330, 372, 378, 345, 339, 384, 353, 386, 342, 485, 480, 479, 462, 497, 477, 464, 483, 488, 489, 466, 474, 495, 496, 476, 486, 461, 491, 478, 481, 473, 472, 463, 467, 487, 493, 490, 465, 484, 498, 499, 482, 492, 475, 469, 460, 471, 494, 274, 284, 253, 279, 258, 290, 320, 313, 255, 270, 280, 283, 291, 266, 265, 306, 278, 312, 326, 286, 309, 285, 263, 268, 316, 298, 308, 317, 319, 287, 318, 293, 288, 260, 294, 259, 305, 303, 262, 277, 300, 301, 269, 321, 281, 302, 289, 323, 295, 254, 261, 329, 314, 273, 275, 418, 327, 307, 311, 410, 276, 272, 264, 267, 310, 304, 257, 322, 324, 296, 292, 297, 256, 299, 271, 325, 328, 448, 282, 315, 417, 434, 436, 451, 400, 0]]"
high-m-stress,high-m-stress_n50_m2_r01.txt,data\mtsp\generated_multifamily\high-m-stress_n50_m2_r01.txt,50,2,ortools-gls,medium,115.712851,4.999885,True,ok,False,"[[0, 42, 45, 44, 43, 5, 1, 8, 3, 4, 7, 9, 2, 6, 13, 21, 12, 14, 16, 18, 11, 20, 15, 17, 19, 10, 22, 27, 26, 49, 23, 24, 25, 48, 46, 34, 36, 37, 41, 30, 35, 29, 31, 39, 38, 32, 47, 33, 28, 40, 0], [0, 0]]"
high-m-stress,high-m-stress_n50_m2_r01.txt,data\mtsp\generated_multifamily\high-m-stress_n50_m2_r01.txt,50,2,tsp-transform-lkh,medium,117.44782,0.033788,True,ok,False,"[[0, 40, 0], [0, 28, 33, 47, 32, 38, 41, 39, 31, 29, 30, 35, 37, 36, 34, 46, 48, 49, 25, 24, 23, 26, 27, 22, 10, 19, 17, 15, 20, 11, 18, 16, 14, 12, 21, 13, 6, 2, 9, 7, 4, 3, 8, 1, 5, 43, 44, 45, 42, 0]]"
high-m-stress,high-m-stress_n50_m3_r01.txt,data\mtsp\generated_multifamily\high-m-stress_n50_m3_r01.txt,50,3,ortools-gls,medium,103.399663,5.000191,True,ok,False,"[[0, 42, 43, 38, 34, 30, 32, 33, 37, 35, 39, 36, 31, 49, 45, 44, 46, 25, 28, 27, 24, 26, 29, 23, 22, 16, 21, 17, 19, 12, 13, 20, 14, 18, 15, 40, 47, 5, 1, 7, 10, 48, 8, 6, 3, 2, 11, 4, 9, 41, 0], [0, 0], [0, 0]]"
high-m-stress,high-m-stress_n50_m3_r01.txt,data\mtsp\generated_multifamily\high-m-stress_n50_m3_r01.txt,50,3,tsp-transform-lkh,medium,113.158467,0.04162,True,ok,False,"[[0, 42, 0], [0, 41, 0], [0, 9, 4, 11, 2, 3, 6, 8, 48, 10, 7, 1, 5, 47, 40, 15, 18, 14, 20, 13, 12, 19, 17, 21, 16, 22, 23, 29, 26, 24, 27, 28, 25, 46, 44, 45, 49, 31, 36, 39, 35, 37, 33, 32, 30, 34, 38, 43, 0]]"
high-m-stress,high-m-stress_n50_m5_r01.txt,data\mtsp\generated_multifamily\high-m-stress_n50_m5_r01.txt,50,5,ortools-gls,medium,127.99682,5.000749,True,ok,False,"[[0, 0], [0, 31, 32, 33, 35, 34, 26, 27, 24, 28, 30, 25, 23, 29, 21, 22, 19, 17, 20, 14, 16, 18, 15, 41, 42, 47, 46, 7, 11, 8, 10, 13, 9, 44, 12, 4, 1, 2, 5, 43, 6, 3, 49, 38, 36, 39, 37, 48, 40, 45, 0], [0, 0], [0, 0], [0, 0]]"
high-m-stress,high-m-stress_n50_m5_r01.txt,data\mtsp\generated_multifamily\high-m-stress_n50_m5_r01.txt,50,5,tsp-transform-lkh,medium,163.706357,0.045676,True,ok,False,"[[0, 31, 32, 33, 35, 34, 26, 27, 24, 28, 30, 25, 23, 29, 21, 22, 19, 17, 20, 14, 16, 18, 15, 41, 42, 47, 46, 7, 11, 8, 10, 13, 9, 44, 12, 4, 1, 2, 5, 43, 6, 3, 0], [0, 49, 0], [0, 38, 36, 39, 37, 48, 0], [0, 40, 0], [0, 45, 0]]"
mixed,mixed_n1000_m3_r01.txt,data\mtsp\generated_multifamily\mixed_n1000_m3_r01.txt,1000,3,ortools-gls,medium,7092.406897,5.013865,True,ok,False,"[[0, 538, 641, 624, 649, 646, 639, 591, 498, 574, 520, 496, 515, 642, 665, 492, 635, 695, 692, 688, 535, 629, 672, 534, 657, 519, 633, 491, 532, 577, 570, 609, 507, 583, 674, 627, 522, 565, 607, 637, 601, 603, 503, 540, 691, 563, 619, 596, 610, 660, 556, 587, 696, 547, 663, 612, 621, 527, 687, 517, 544, 504, 598, 704, 493, 536, 506, 651, 614, 679, 488, 648, 566, 590, 489, 586, 683, 531, 626, 685, 698, 551, 661, 478, 702, 554, 670, 589, 480, 524, 501, 526, 500, 546, 613, 597, 636, 599, 561, 581, 690, 502, 543, 606, 568, 666, 580, 523, 662, 659, 499, 699, 638, 479, 484, 628, 539, 584, 647, 541, 528, 572, 576, 481, 513, 555, 573, 671, 588, 487, 567, 558, 681, 512, 602, 511, 625, 652, 560, 669, 550, 510, 620, 542, 640, 579, 537, 592, 545, 508, 578, 703, 686, 611, 684, 622, 530, 634, 615, 548, 656, 658, 705, 494, 623, 643, 575, 482, 552, 673, 497, 571, 533, 632, 593, 594, 697, 693, 525, 677, 706, 700, 559, 595, 585, 676, 529, 509, 485, 655, 600, 553, 678, 490, 682, 604, 483, 645, 605, 549, 680, 644, 650, 653, 664, 667, 608, 675, 495, 514, 562, 654, 521, 582, 617, 618, 631, 486, 616, 668, 518, 564, 516, 689, 701, 694, 569, 505, 630, 557, 372, 318, 327, 330, 269, 345, 305, 477, 241, 239, 389, 459, 335, 364, 316, 306, 473, 428, 296, 233, 262, 273, 453, 260, 292, 455, 289, 320, 436, 223, 403, 288, 282, 323, 419, 258, 232, 350, 416, 230, 400, 465, 352, 275, 281, 353, 422, 303, 339, 337, 430, 336, 266, 308, 312, 476, 387, 338, 284, 374, 366, 357, 475, 405, 340, 399, 410, 468, 342, 363, 313, 285, 276, 446, 458, 271, 425, 457, 264, 429, 333, 417, 331, 274, 237, 248, 329, 426, 310, 361, 228, 234, 438, 351, 344, 355, 346, 311, 272, 472, 408, 343, 367, 467, 244, 385, 283, 421, 334, 413, 309, 301, 240, 293, 380, 304, 224, 431, 226, 445, 376, 365, 300, 321, 423, 402, 432, 393, 406, 443, 245, 227, 322, 256, 398, 450, 229, 348, 257, 437, 354, 442, 390, 242, 319, 290, 328, 407, 255, 474, 447, 250, 298, 277, 236, 456, 287, 440, 471, 469, 368, 439, 370, 225, 278, 294, 295, 379, 261, 359, 396, 418, 377, 397, 251, 252, 401, 462, 463, 254, 464, 360, 414, 325, 461, 375, 427, 286, 315, 444, 291, 441, 392, 249, 384, 280, 451, 231, 460, 412, 454, 358, 383, 420, 452, 411, 243, 448, 297, 404, 362, 247, 388, 317, 332, 324, 391, 267, 415, 409, 314, 435, 265, 263, 369, 373, 235, 347, 268, 341, 466, 381, 371, 395, 378, 470, 356, 238, 307, 349, 433, 246, 449, 302, 386, 382, 424, 434, 326, 299, 259, 270, 253, 279, 394, 187, 180, 198, 148, 142, 137, 53, 47, 22, 217, 51, 56, 12, 13, 200, 45, 114, 61, 108, 88, 32, 3, 133, 86, 209, 76, 84, 93, 120, 183, 27, 31, 14, 40, 147, 111, 131, 221, 106, 4, 156, 210, 104, 66, 121, 34, 204, 141, 195, 81, 37, 124, 38, 153, 207, 18, 163, 89, 212, 107, 139, 42, 73, 44, 185, 87, 172, 1, 7, 62, 83, 5, 77, 64, 189, 186, 101, 184, 116, 80, 206, 138, 36, 97, 150, 169, 205, 202, 168, 78, 54, 144, 166, 48, 220, 222, 196, 15, 175, 25, 178, 11, 176, 146, 140, 129, 52, 123, 39, 41, 128, 122, 85, 161, 174, 173, 110, 95, 126, 151, 28, 130, 192, 117, 96, 17, 155, 145, 203, 997, 906, 938, 955, 996, 951, 989, 998, 980, 977, 895, 990, 928, 913, 959, 978, 985, 984, 897, 923, 952, 940, 899, 898, 891, 924, 958, 889, 905, 937, 967, 962, 983, 919, 886, 896, 999, 922, 934, 915, 981, 991, 920, 939, 957, 956, 935, 927, 950, 953, 930, 975, 942, 884, 969, 988, 929, 982, 911, 931, 918, 948, 972, 890, 941, 888, 908, 966, 963, 971, 912, 960, 945, 901, 926, 893, 904, 965, 921, 974, 954, 961, 894, 993, 907, 903, 909, 892, 947, 910, 885, 936, 933, 925, 949, 932, 914, 944, 994, 887, 916, 987, 970, 986, 976, 902, 943, 968, 900, 995, 964, 973, 946, 979, 917, 992, 164, 214, 197, 159, 35, 179, 143, 177, 112, 152, 6, 46, 188, 71, 98, 190, 65, 68, 171, 182, 43, 58, 91, 100, 74, 113, 208, 201, 50, 165, 19, 162, 191, 115, 67, 69, 211, 167, 109, 215, 125, 63, 23, 9, 170, 94, 60, 16, 49, 119, 157, 193, 20, 2, 149, 118, 26, 134, 8, 213, 24, 136, 194, 70, 72, 10, 33, 82, 216, 158, 75, 218, 59, 102, 181, 79, 55, 127, 92, 199, 105, 21, 99, 154, 90, 160, 132, 103, 57, 30, 135, 219, 29, 751, 710, 834, 756, 812, 794, 852, 863, 869, 793, 741, 771, 753, 762, 721, 738, 775, 846, 763, 769, 784, 754, 831, 829, 857, 871, 734, 726, 752, 736, 708, 858, 774, 712, 827, 744, 761, 709, 782, 867, 785, 773, 716, 849, 746, 883, 722, 870, 799, 832, 823, 801, 862, 718, 758, 805, 748, 818, 878, 850, 728, 839, 876, 768, 720, 843, 787, 821, 789, 747, 864, 798, 815, 780, 820, 824, 707, 817, 760, 755, 822, 814, 714, 764, 837, 840, 792, 757, 770, 717, 733, 783, 781, 833, 765, 767, 788, 739, 791, 813, 802, 807, 859, 776, 750, 724, 737, 866, 881, 806, 779, 873, 803, 711, 826, 825, 808, 759, 845, 786, 865, 880, 740, 874, 809, 742, 856, 800, 842, 731, 877, 796, 795, 730, 854, 841, 715, 844, 797, 719, 732, 855, 851, 836, 811, 828, 777, 860, 830, 790, 749, 838, 835, 766, 772, 879, 872, 848, 723, 816, 735, 853, 810, 882, 745, 875, 847, 861, 713, 819, 729, 743, 727, 868, 778, 725, 804, 0], [0, 0], [0, 0]]"
mixed,mixed_n1000_m3_r01.txt,data\mtsp\generated_multifamily\mixed_n1000_m3_r01.txt,1000,3,tsp-transform-lkh,medium,6410.216406,1.571695,True,ok,False,"[[0, 8, 213, 118, 217, 22, 53, 137, 47, 142, 148, 198, 180, 187, 58, 43, 182, 171, 91, 68, 65, 190, 100, 74, 113, 98, 46, 6, 152, 188, 71, 201, 112, 177, 179, 35, 143, 159, 107, 212, 89, 163, 18, 207, 50, 208, 191, 115, 67, 51, 56, 12, 149, 26, 134, 72, 194, 70, 82, 216, 158, 33, 10, 119, 49, 16, 170, 9, 23, 94, 60, 75, 218, 21, 99, 105, 59, 102, 55, 79, 181, 127, 92, 199, 154, 135, 219, 29, 30, 57, 103, 132, 90, 160, 93, 84, 76, 120, 183, 27, 31, 14, 209, 86, 133, 3, 32, 108, 61, 125, 63, 157, 193, 20, 2, 200, 13, 114, 45, 167, 211, 69, 162, 19, 165, 109, 215, 121, 66, 210, 104, 88, 156, 4, 106, 221, 131, 111, 40, 147, 166, 144, 48, 220, 222, 15, 196, 129, 52, 140, 123, 39, 146, 176, 175, 54, 78, 168, 202, 205, 116, 206, 80, 150, 169, 25, 178, 11, 97, 36, 138, 184, 101, 64, 186, 189, 172, 34, 204, 141, 37, 81, 124, 153, 38, 195, 87, 185, 83, 1, 62, 7, 77, 122, 85, 41, 128, 161, 5, 174, 173, 95, 126, 151, 130, 28, 110, 192, 44, 117, 73, 42, 139, 96, 17, 197, 214, 155, 145, 203, 164, 992, 997, 932, 949, 925, 933, 936, 906, 938, 955, 885, 910, 947, 892, 909, 903, 907, 993, 921, 894, 961, 954, 974, 965, 990, 895, 977, 913, 928, 980, 998, 996, 989, 951, 761, 744, 709, 827, 712, 809, 782, 867, 874, 845, 786, 865, 823, 832, 799, 880, 870, 722, 740, 785, 773, 716, 849, 883, 746, 748, 805, 758, 818, 718, 862, 737, 750, 724, 878, 776, 850, 728, 839, 876, 859, 866, 881, 806, 801, 779, 873, 759, 808, 825, 826, 803, 711, 807, 802, 813, 791, 739, 788, 767, 765, 798, 864, 747, 768, 789, 720, 843, 787, 821, 815, 833, 780, 781, 707, 824, 820, 817, 760, 743, 727, 847, 729, 819, 861, 713, 714, 814, 822, 755, 783, 733, 717, 770, 757, 764, 837, 840, 792, 835, 838, 766, 772, 745, 875, 868, 725, 804, 778, 882, 810, 853, 735, 816, 723, 879, 848, 872, 749, 855, 732, 762, 753, 771, 769, 784, 754, 831, 829, 857, 719, 797, 844, 715, 841, 854, 730, 795, 796, 877, 871, 734, 731, 842, 800, 856, 742, 752, 726, 736, 741, 756, 708, 774, 858, 834, 710, 751, 852, 812, 794, 869, 863, 738, 793, 721, 775, 846, 836, 811, 777, 828, 763, 851, 790, 860, 830, 0], [0, 702, 500, 546, 526, 501, 613, 597, 636, 599, 561, 690, 581, 524, 480, 626, 685, 698, 589, 551, 670, 554, 478, 661, 688, 695, 635, 492, 665, 642, 515, 574, 520, 496, 565, 674, 583, 609, 507, 570, 692, 535, 629, 672, 577, 532, 491, 534, 657, 519, 633, 531, 683, 586, 590, 489, 610, 660, 596, 619, 563, 691, 627, 637, 607, 522, 601, 603, 645, 605, 483, 503, 540, 604, 687, 517, 509, 485, 529, 676, 585, 595, 504, 544, 612, 663, 621, 527, 556, 547, 696, 587, 679, 488, 648, 566, 479, 523, 580, 666, 568, 606, 502, 543, 638, 662, 659, 499, 699, 484, 628, 681, 539, 584, 647, 541, 555, 588, 487, 567, 558, 652, 669, 602, 512, 614, 506, 651, 536, 493, 598, 704, 511, 625, 550, 510, 706, 700, 559, 684, 611, 677, 525, 548, 594, 697, 693, 495, 514, 675, 608, 667, 655, 600, 553, 678, 682, 490, 650, 668, 644, 680, 549, 498, 591, 639, 646, 538, 641, 624, 630, 557, 505, 569, 694, 701, 689, 649, 518, 564, 516, 653, 664, 616, 486, 631, 618, 617, 654, 582, 521, 562, 593, 632, 533, 571, 497, 656, 658, 673, 705, 623, 482, 552, 575, 643, 494, 634, 615, 622, 530, 686, 620, 542, 579, 703, 578, 508, 545, 592, 537, 640, 560, 671, 573, 481, 513, 576, 528, 572, 963, 919, 983, 971, 962, 967, 912, 958, 898, 899, 952, 923, 960, 945, 985, 978, 901, 926, 959, 893, 904, 984, 897, 940, 891, 924, 889, 937, 905, 886, 896, 966, 908, 888, 941, 922, 999, 934, 981, 915, 953, 930, 975, 942, 884, 969, 950, 927, 988, 911, 935, 931, 956, 920, 939, 957, 991, 890, 972, 948, 918, 982, 929, 943, 902, 976, 986, 946, 970, 987, 916, 979, 887, 994, 914, 944, 917, 973, 964, 995, 968, 900, 407, 255, 328, 290, 354, 242, 319, 442, 257, 437, 348, 229, 462, 401, 252, 251, 359, 396, 418, 377, 397, 474, 447, 250, 298, 277, 236, 456, 287, 440, 471, 469, 368, 439, 261, 379, 370, 225, 278, 294, 295, 424, 441, 291, 444, 231, 412, 460, 315, 286, 427, 375, 461, 414, 325, 360, 464, 254, 463, 450, 398, 256, 322, 227, 245, 443, 380, 240, 293, 301, 309, 421, 413, 334, 244, 385, 283, 390, 367, 343, 408, 467, 472, 272, 311, 344, 355, 361, 310, 426, 228, 234, 329, 248, 237, 417, 333, 429, 264, 457, 331, 274, 438, 226, 431, 351, 346, 224, 304, 300, 321, 387, 476, 366, 357, 338, 284, 374, 376, 365, 425, 271, 458, 446, 276, 445, 340, 405, 475, 399, 410, 285, 313, 363, 342, 465, 400, 352, 230, 416, 233, 262, 453, 273, 260, 292, 455, 436, 223, 282, 372, 318, 327, 381, 371, 395, 394, 470, 378, 466, 341, 268, 347, 330, 235, 269, 345, 305, 288, 403, 323, 335, 389, 459, 364, 316, 239, 477, 373, 241, 369, 263, 265, 409, 435, 314, 415, 267, 391, 332, 324, 317, 388, 247, 306, 473, 339, 303, 428, 232, 258, 419, 320, 289, 350, 296, 422, 275, 353, 281, 337, 430, 468, 266, 336, 362, 308, 312, 404, 297, 423, 402, 432, 393, 406, 243, 448, 411, 452, 420, 454, 383, 358, 451, 280, 384, 392, 249, 246, 449, 302, 386, 382, 434, 326, 270, 259, 299, 433, 349, 307, 238, 253, 356, 279, 0], [0, 136, 24, 0]]"
mixed,mixed_n1000_m5_r01.txt,data\mtsp\generated_multifamily\mixed_n1000_m5_r01.txt,1000,5,ortools-gls,medium,7600.828383,5.003581,True,ok,False,"[[0, 681, 689, 748, 699, 722, 839, 730, 820, 804, 769, 708, 811, 849, 670, 844, 848, 709, 746, 779, 680, 664, 762, 733, 751, 756, 764, 821, 685, 737, 785, 846, 842, 826, 727, 663, 714, 800, 694, 728, 822, 690, 765, 774, 761, 791, 671, 710, 766, 837, 784, 768, 672, 734, 744, 719, 707, 725, 777, 676, 695, 805, 787, 745, 692, 834, 687, 789, 726, 686, 729, 831, 824, 810, 743, 781, 825, 817, 806, 720, 815, 674, 731, 738, 721, 763, 818, 700, 835, 780, 772, 755, 747, 736, 792, 742, 724, 758, 662, 760, 723, 691, 716, 673, 732, 770, 759, 757, 801, 782, 749, 682, 668, 830, 696, 793, 754, 827, 698, 798, 735, 773, 795, 847, 809, 703, 753, 739, 741, 688, 711, 808, 814, 701, 799, 845, 838, 812, 796, 678, 740, 783, 767, 713, 802, 771, 693, 683, 778, 833, 667, 712, 684, 823, 718, 790, 679, 697, 752, 850, 786, 665, 794, 750, 715, 717, 807, 706, 803, 819, 669, 704, 816, 788, 702, 840, 666, 829, 828, 832, 813, 797, 775, 841, 705, 836, 776, 843, 677, 675, 74, 36, 194, 149, 14, 177, 4, 132, 114, 83, 168, 37, 120, 140, 142, 180, 187, 87, 210, 171, 65, 175, 43, 118, 156, 30, 221, 150, 108, 161, 21, 167, 70, 80, 107, 77, 188, 32, 9, 69, 8, 97, 45, 95, 192, 96, 131, 133, 66, 178, 20, 3, 111, 75, 190, 143, 115, 42, 50, 103, 219, 204, 170, 191, 26, 101, 203, 113, 78, 196, 112, 67, 134, 72, 209, 123, 93, 158, 104, 153, 53, 79, 173, 135, 15, 62, 1, 198, 195, 47, 2, 48, 225, 81, 23, 82, 181, 145, 144, 174, 208, 31, 116, 60, 49, 152, 147, 57, 12, 128, 27, 46, 55, 197, 183, 184, 35, 155, 213, 22, 52, 7, 211, 206, 5, 139, 166, 220, 201, 106, 59, 189, 137, 129, 126, 25, 159, 121, 92, 98, 205, 16, 61, 127, 68, 124, 119, 85, 102, 199, 33, 38, 88, 19, 6, 169, 136, 160, 73, 218, 54, 71, 179, 207, 146, 58, 182, 90, 29, 100, 165, 56, 11, 51, 202, 162, 193, 40, 41, 44, 64, 24, 215, 224, 109, 217, 18, 117, 89, 176, 63, 125, 212, 99, 214, 172, 39, 164, 151, 138, 86, 13, 122, 148, 28, 10, 157, 223, 84, 94, 154, 200, 222, 76, 105, 216, 17, 185, 91, 186, 163, 130, 110, 34, 141, 284, 240, 413, 269, 329, 256, 281, 391, 357, 265, 291, 247, 234, 274, 288, 310, 388, 400, 262, 226, 375, 373, 313, 323, 437, 238, 422, 228, 360, 285, 421, 301, 355, 346, 449, 241, 271, 321, 248, 447, 350, 415, 332, 402, 252, 429, 363, 283, 349, 448, 302, 235, 257, 326, 239, 387, 279, 299, 245, 356, 445, 296, 259, 294, 272, 436, 328, 246, 405, 260, 275, 270, 229, 318, 314, 273, 432, 455, 434, 409, 351, 230, 254, 418, 458, 282, 395, 417, 403, 450, 306, 423, 420, 456, 261, 392, 401, 369, 286, 289, 408, 398, 381, 380, 232, 267, 303, 317, 308, 359, 295, 454, 411, 305, 325, 309, 304, 428, 442, 425, 397, 244, 354, 416, 231, 364, 255, 276, 438, 407, 393, 435, 440, 406, 383, 264, 427, 378, 396, 263, 339, 312, 374, 277, 311, 453, 443, 451, 250, 287, 297, 266, 293, 370, 426, 335, 341, 385, 386, 424, 320, 452, 334, 352, 382, 394, 446, 444, 367, 410, 389, 433, 457, 327, 258, 316, 399, 348, 315, 251, 372, 903, 896, 860, 972, 954, 866, 909, 935, 880, 936, 952, 867, 877, 916, 965, 900, 933, 978, 869, 923, 855, 937, 907, 955, 863, 956, 914, 953, 963, 862, 980, 874, 872, 964, 858, 958, 889, 922, 962, 894, 944, 906, 988, 917, 884, 891, 995, 967, 983, 892, 921, 961, 976, 934, 931, 853, 945, 940, 895, 949, 930, 873, 910, 918, 966, 901, 924, 920, 957, 878, 991, 882, 992, 990, 948, 868, 879, 902, 883, 857, 905, 876, 951, 890, 932, 875, 979, 915, 977, 881, 998, 871, 898, 997, 887, 927, 987, 960, 974, 865, 938, 994, 947, 975, 946, 981, 908, 993, 888, 911, 950, 968, 959, 939, 973, 864, 885, 984, 928, 986, 904, 985, 925, 913, 999, 971, 943, 854, 870, 886, 919, 861, 969, 899, 912, 982, 893, 856, 929, 941, 859, 970, 996, 852, 942, 926, 851, 989, 897, 280, 337, 439, 324, 319, 233, 333, 298, 331, 290, 338, 249, 361, 347, 322, 412, 384, 236, 371, 243, 379, 353, 343, 344, 358, 292, 414, 342, 419, 390, 340, 430, 268, 366, 362, 278, 365, 404, 242, 330, 345, 300, 336, 376, 307, 441, 237, 377, 253, 368, 227, 431, 516, 640, 599, 504, 533, 547, 648, 476, 550, 570, 581, 503, 483, 621, 578, 652, 557, 598, 624, 463, 565, 646, 519, 605, 507, 634, 491, 632, 595, 536, 540, 492, 480, 591, 589, 569, 501, 579, 661, 541, 613, 554, 468, 626, 627, 534, 462, 601, 596, 522, 576, 587, 657, 474, 642, 556, 510, 524, 464, 495, 558, 512, 633, 630, 506, 571, 593, 615, 609, 623, 602, 535, 639, 546, 561, 629, 611, 508, 477, 585, 603, 641, 563, 515, 580, 649, 528, 518, 467, 620, 523, 590, 614, 459, 466, 628, 487, 475, 617, 635, 513, 631, 656, 638, 604, 494, 525, 600, 527, 461, 478, 645, 526, 583, 650, 574, 572, 537, 625, 520, 562, 559, 486, 647, 482, 553, 509, 484, 575, 660, 555, 493, 582, 586, 481, 612, 659, 592, 608, 530, 636, 505, 564, 548, 622, 517, 658, 539, 532, 542, 637, 489, 654, 577, 529, 618, 469, 514, 545, 488, 644, 479, 552, 460, 551, 610, 584, 655, 566, 499, 619, 485, 511, 643, 498, 465, 653, 560, 502, 490, 606, 544, 568, 607, 543, 531, 588, 521, 497, 651, 567, 538, 471, 597, 500, 573, 549, 470, 473, 594, 616, 496, 472, 0], [0, 0], [0, 0], [0, 0], [0, 0]]"
mixed,mixed_n1000_m5_r01.txt,data\mtsp\generated_multifamily\mixed_n1000_m5_r01.txt,1000,5,tsp-transform-lkh,medium,7083.128917,1.059956,True,ok,False,"[[0, 177, 120, 4, 168, 37, 187, 20, 3, 38, 88, 33, 111, 75, 199, 102, 85, 119, 124, 68, 127, 190, 61, 143, 42, 83, 132, 114, 219, 204, 170, 103, 50, 115, 26, 191, 101, 203, 113, 78, 196, 72, 209, 16, 205, 123, 98, 92, 121, 159, 169, 136, 6, 19, 178, 66, 160, 133, 131, 192, 96, 45, 97, 218, 95, 73, 54, 71, 179, 146, 207, 58, 182, 8, 69, 90, 29, 100, 165, 56, 138, 193, 40, 41, 44, 64, 151, 164, 24, 39, 215, 224, 172, 109, 217, 18, 117, 63, 176, 89, 125, 212, 99, 214, 162, 11, 202, 51, 106, 59, 189, 25, 126, 129, 93, 158, 134, 112, 67, 53, 79, 2, 48, 225, 195, 47, 1, 198, 181, 12, 128, 62, 15, 27, 46, 55, 197, 184, 183, 135, 173, 153, 104, 137, 213, 155, 35, 22, 52, 7, 211, 201, 220, 206, 166, 139, 5, 60, 116, 31, 49, 152, 147, 57, 208, 174, 144, 145, 23, 82, 81, 871, 898, 994, 938, 947, 975, 675, 677, 722, 699, 748, 730, 820, 769, 839, 708, 792, 742, 724, 843, 776, 705, 836, 691, 716, 841, 775, 797, 813, 832, 666, 829, 828, 702, 788, 752, 697, 679, 840, 801, 757, 759, 782, 749, 790, 682, 780, 673, 732, 770, 723, 760, 758, 662, 755, 747, 763, 721, 738, 709, 746, 844, 848, 670, 736, 849, 811, 804, 689, 681, 779, 680, 664, 733, 762, 0], [0, 756, 764, 787, 821, 805, 695, 685, 737, 842, 727, 663, 714, 744, 719, 707, 826, 846, 785, 725, 777, 676, 745, 751, 692, 834, 789, 687, 726, 731, 674, 806, 720, 815, 835, 700, 818, 772, 817, 825, 781, 743, 810, 824, 729, 686, 831, 734, 800, 694, 728, 822, 768, 672, 814, 701, 711, 808, 688, 741, 773, 735, 793, 696, 830, 754, 668, 827, 698, 798, 823, 718, 850, 819, 669, 816, 704, 807, 717, 706, 803, 715, 750, 794, 786, 665, 684, 712, 667, 833, 795, 778, 683, 693, 771, 802, 847, 809, 703, 713, 767, 812, 838, 845, 753, 739, 799, 796, 678, 740, 783, 671, 710, 766, 837, 784, 765, 690, 774, 761, 791, 968, 973, 939, 985, 925, 913, 999, 971, 943, 854, 904, 986, 928, 872, 874, 980, 964, 858, 958, 984, 889, 922, 885, 864, 962, 894, 906, 944, 988, 959, 917, 884, 950, 911, 891, 995, 967, 983, 888, 993, 908, 981, 946, 892, 921, 961, 976, 865, 974, 960, 987, 927, 934, 931, 853, 945, 940, 887, 895, 997, 949, 998, 881, 977, 930, 915, 979, 890, 932, 875, 873, 910, 918, 966, 901, 924, 920, 957, 878, 951, 876, 905, 991, 857, 882, 992, 902, 948, 990, 868, 879, 883, 903, 896, 860, 866, 954, 972, 897, 989, 926, 851, 859, 952, 936, 880, 942, 909, 935, 867, 978, 933, 916, 965, 900, 869, 855, 937, 907, 893, 982, 914, 955, 956, 863, 963, 862, 870, 886, 919, 953, 861, 969, 899, 912, 856, 923, 929, 877, 941, 852, 970, 996, 546, 639, 611, 561, 629, 508, 477, 585, 461, 478, 645, 526, 583, 608, 592, 659, 612, 481, 530, 636, 505, 564, 548, 658, 517, 622, 539, 542, 532, 577, 529, 567, 538, 471, 597, 500, 651, 573, 497, 521, 549, 470, 616, 0], [0, 472, 496, 490, 606, 544, 594, 473, 568, 531, 588, 543, 607, 502, 653, 560, 648, 547, 533, 516, 640, 599, 507, 634, 595, 632, 491, 536, 579, 661, 468, 554, 613, 541, 519, 646, 605, 504, 476, 550, 570, 581, 465, 498, 503, 483, 621, 643, 598, 624, 511, 485, 479, 644, 553, 488, 469, 514, 545, 618, 654, 509, 489, 637, 582, 586, 493, 555, 484, 660, 575, 482, 552, 647, 460, 499, 566, 619, 584, 655, 551, 486, 559, 631, 656, 604, 638, 562, 520, 625, 537, 572, 574, 650, 494, 525, 600, 527, 603, 641, 563, 580, 649, 515, 535, 602, 623, 609, 615, 593, 528, 518, 467, 617, 635, 513, 475, 487, 628, 466, 459, 614, 610, 557, 652, 578, 463, 565, 626, 627, 534, 462, 523, 590, 620, 571, 601, 596, 506, 522, 630, 633, 512, 558, 495, 464, 576, 587, 524, 510, 657, 474, 642, 556, 501, 589, 569, 591, 480, 540, 492, 0], [0, 376, 336, 300, 307, 345, 330, 242, 342, 419, 340, 390, 430, 268, 428, 442, 425, 354, 379, 243, 236, 371, 353, 358, 414, 292, 344, 343, 324, 319, 233, 439, 337, 280, 333, 372, 298, 251, 315, 348, 316, 327, 457, 433, 382, 334, 352, 452, 394, 446, 444, 383, 406, 440, 367, 435, 410, 389, 393, 407, 438, 258, 276, 255, 364, 347, 322, 361, 399, 338, 249, 331, 290, 384, 412, 231, 416, 244, 397, 304, 309, 325, 305, 411, 454, 265, 357, 313, 291, 391, 281, 366, 362, 278, 365, 404, 441, 256, 329, 237, 377, 253, 368, 431, 227, 284, 413, 269, 240, 310, 388, 400, 288, 274, 234, 247, 373, 375, 226, 262, 323, 437, 238, 422, 228, 360, 355, 346, 449, 241, 271, 321, 248, 295, 447, 317, 308, 359, 303, 380, 381, 398, 408, 289, 286, 369, 401, 232, 267, 392, 261, 301, 421, 285, 350, 415, 332, 456, 420, 402, 252, 328, 429, 363, 436, 283, 349, 272, 294, 448, 302, 259, 296, 246, 423, 405, 260, 275, 270, 273, 432, 455, 409, 434, 306, 450, 417, 395, 403, 282, 458, 418, 396, 266, 378, 427, 264, 341, 293, 370, 426, 335, 385, 320, 424, 386, 443, 453, 311, 277, 374, 451, 250, 287, 312, 297, 263, 339, 254, 230, 351, 314, 318, 229, 356, 245, 445, 257, 235, 326, 299, 279, 387, 239, 0], [0, 34, 141, 110, 130, 200, 154, 222, 76, 94, 105, 157, 148, 122, 13, 28, 10, 223, 84, 86, 216, 17, 9, 185, 32, 188, 91, 77, 186, 163, 107, 80, 74, 36, 70, 194, 149, 175, 65, 43, 21, 167, 161, 108, 150, 221, 30, 156, 118, 171, 210, 14, 87, 142, 180, 140, 0]]"
mixed,mixed_n1000_m7_r01.txt,data\mtsp\generated_multifamily\mixed_n1000_m7_r01.txt,1000,7,ortools-gls,medium,7488.430669,5.017612,True,ok,False,"[[0, 657, 744, 671, 669, 664, 801, 675, 707, 659, 701, 663, 841, 759, 624, 854, 629, 778, 822, 607, 635, 764, 752, 803, 808, 763, 691, 811, 740, 797, 673, 790, 736, 645, 672, 688, 782, 819, 712, 734, 656, 668, 786, 699, 648, 827, 655, 784, 623, 679, 743, 725, 709, 748, 729, 823, 750, 608, 775, 773, 860, 632, 626, 697, 771, 772, 795, 855, 680, 718, 810, 789, 684, 720, 621, 660, 700, 805, 710, 649, 651, 689, 654, 611, 745, 717, 749, 658, 767, 804, 766, 856, 901, 987, 965, 867, 985, 932, 918, 944, 888, 945, 958, 911, 961, 914, 995, 896, 921, 975, 886, 894, 876, 879, 930, 943, 912, 916, 910, 882, 983, 906, 941, 887, 924, 926, 902, 984, 904, 899, 980, 928, 952, 996, 883, 994, 971, 884, 919, 934, 968, 900, 970, 953, 997, 873, 877, 959, 974, 875, 863, 922, 962, 951, 939, 991, 889, 893, 955, 938, 905, 948, 986, 929, 936, 992, 940, 925, 868, 920, 989, 967, 993, 972, 950, 960, 907, 897, 881, 937, 917, 969, 880, 966, 931, 999, 903, 954, 946, 933, 864, 964, 979, 978, 990, 891, 981, 874, 949, 923, 862, 957, 942, 927, 890, 977, 915, 947, 895, 908, 963, 898, 870, 865, 988, 982, 976, 935, 892, 973, 998, 909, 913, 866, 956, 885, 872, 878, 869, 871, 835, 609, 719, 768, 627, 694, 613, 630, 683, 834, 693, 674, 706, 769, 793, 845, 788, 779, 753, 610, 615, 695, 716, 633, 815, 757, 665, 760, 850, 780, 830, 681, 728, 840, 828, 682, 685, 703, 852, 847, 704, 666, 741, 622, 637, 643, 754, 794, 638, 640, 606, 781, 861, 715, 735, 696, 677, 832, 814, 641, 631, 742, 799, 747, 800, 618, 776, 731, 777, 774, 853, 738, 726, 723, 756, 846, 783, 733, 746, 817, 758, 676, 620, 730, 708, 792, 791, 724, 837, 770, 636, 843, 833, 807, 670, 661, 844, 857, 785, 628, 809, 644, 839, 798, 838, 806, 614, 802, 762, 650, 836, 727, 765, 842, 667, 652, 711, 737, 859, 616, 812, 612, 625, 722, 825, 851, 751, 647, 698, 642, 653, 617, 702, 662, 686, 714, 646, 678, 690, 739, 721, 821, 848, 687, 818, 705, 732, 619, 858, 761, 755, 816, 713, 796, 826, 849, 820, 787, 824, 634, 639, 831, 813, 692, 829, 591, 409, 448, 566, 476, 464, 505, 567, 461, 595, 460, 489, 399, 569, 502, 405, 512, 504, 441, 594, 411, 445, 390, 590, 599, 543, 513, 585, 480, 521, 392, 510, 431, 472, 517, 560, 506, 467, 465, 479, 481, 391, 493, 518, 542, 553, 546, 485, 534, 456, 533, 483, 478, 605, 490, 408, 583, 548, 577, 421, 562, 575, 453, 539, 498, 580, 398, 422, 531, 528, 519, 425, 436, 584, 458, 571, 418, 494, 387, 568, 400, 537, 404, 593, 541, 604, 516, 427, 598, 530, 535, 429, 545, 500, 443, 459, 586, 449, 547, 495, 601, 455, 564, 393, 470, 457, 428, 462, 573, 554, 492, 520, 412, 532, 563, 475, 389, 536, 550, 406, 433, 414, 588, 587, 597, 396, 397, 549, 491, 496, 552, 570, 579, 501, 437, 526, 415, 523, 469, 484, 474, 488, 473, 438, 600, 538, 602, 413, 509, 401, 508, 424, 442, 386, 450, 447, 582, 416, 592, 435, 525, 524, 507, 454, 540, 471, 444, 482, 417, 522, 423, 559, 388, 581, 527, 574, 466, 497, 419, 576, 434, 514, 558, 486, 395, 515, 477, 385, 557, 596, 407, 394, 463, 544, 451, 403, 446, 499, 452, 410, 565, 440, 561, 511, 430, 503, 487, 432, 603, 468, 589, 572, 529, 402, 426, 555, 439, 578, 551, 556, 420, 366, 302, 215, 330, 355, 295, 323, 217, 273, 211, 220, 197, 259, 315, 301, 353, 290, 193, 364, 352, 264, 279, 362, 348, 268, 303, 320, 300, 313, 203, 371, 283, 274, 276, 266, 369, 322, 256, 206, 209, 258, 317, 368, 383, 245, 294, 194, 367, 243, 359, 262, 327, 240, 336, 241, 370, 319, 207, 365, 304, 257, 358, 321, 237, 329, 201, 286, 247, 282, 333, 249, 278, 275, 340, 229, 308, 254, 346, 250, 343, 378, 326, 350, 199, 208, 360, 270, 287, 349, 384, 379, 236, 296, 337, 231, 344, 306, 307, 269, 299, 239, 375, 252, 227, 361, 312, 228, 341, 351, 210, 280, 297, 377, 271, 196, 316, 219, 272, 305, 255, 324, 238, 285, 265, 224, 345, 363, 233, 342, 335, 292, 242, 374, 205, 235, 373, 214, 325, 221, 298, 212, 195, 213, 314, 380, 253, 251, 281, 311, 232, 261, 331, 234, 216, 198, 310, 376, 291, 288, 309, 230, 225, 204, 372, 318, 356, 347, 354, 222, 382, 223, 332, 244, 267, 200, 260, 328, 263, 277, 293, 381, 284, 338, 218, 248, 334, 202, 289, 226, 357, 339, 246, 30, 161, 53, 158, 113, 14, 157, 85, 114, 145, 37, 71, 65, 62, 11, 84, 33, 78, 55, 58, 76, 154, 60, 119, 172, 35, 151, 17, 86, 150, 192, 7, 13, 103, 183, 156, 155, 170, 169, 16, 152, 108, 186, 67, 153, 74, 137, 187, 89, 116, 15, 64, 101, 43, 51, 50, 122, 70, 34, 48, 1, 171, 133, 167, 177, 110, 52, 125, 127, 79, 31, 176, 138, 102, 111, 10, 189, 120, 139, 123, 190, 4, 166, 162, 23, 93, 184, 29, 135, 5, 92, 80, 24, 20, 117, 178, 61, 96, 49, 168, 18, 149, 180, 105, 129, 188, 91, 40, 112, 32, 59, 165, 144, 191, 185, 148, 106, 126, 38, 63, 130, 12, 46, 128, 182, 98, 87, 174, 140, 81, 94, 41, 8, 66, 25, 22, 75, 95, 19, 99, 179, 121, 141, 115, 9, 83, 44, 147, 173, 132, 109, 164, 107, 90, 142, 175, 134, 163, 21, 27, 73, 181, 97, 47, 131, 88, 57, 56, 36, 45, 124, 136, 72, 69, 54, 3, 160, 146, 28, 143, 104, 42, 159, 2, 82, 6, 68, 26, 77, 118, 39, 100, 0], [0, 0], [0, 0], [0, 0], [0, 0], [0, 0], [0, 0]]"
mixed,mixed_n1000_m7_r01.txt,data\mtsp\generated_multifamily\mixed_n1000_m7_r01.txt,1000,7,tsp-transform-lkh,medium,7083.552788,1.418884,True,ok,False,"[[0, 357, 366, 226, 289, 202, 302, 215, 330, 334, 248, 347, 356, 318, 372, 355, 301, 295, 315, 259, 323, 217, 273, 220, 197, 352, 264, 279, 364, 193, 353, 290, 204, 354, 222, 382, 338, 218, 284, 244, 223, 332, 293, 381, 277, 263, 267, 260, 328, 200, 363, 233, 213, 314, 212, 195, 335, 221, 214, 325, 298, 380, 281, 311, 261, 331, 232, 216, 198, 234, 225, 309, 288, 230, 291, 376, 348, 362, 349, 384, 379, 310, 251, 253, 227, 252, 375, 239, 231, 337, 296, 236, 270, 287, 268, 360, 208, 199, 303, 241, 207, 319, 370, 365, 257, 321, 358, 237, 329, 350, 201, 326, 211, 378, 343, 250, 286, 346, 254, 308, 229, 247, 340, 275, 278, 249, 333, 282, 304, 327, 262, 359, 243, 367, 240, 336, 320, 300, 313, 203, 371, 283, 274, 194, 294, 245, 383, 317, 258, 209, 206, 256, 368, 276, 266, 369, 322, 307, 306, 269, 344, 299, 361, 312, 373, 228, 235, 205, 351, 341, 210, 280, 297, 377, 271, 196, 374, 316, 219, 272, 242, 292, 305, 342, 255, 345, 224, 265, 285, 324, 238, 0], [0, 158, 53, 161, 30, 85, 114, 37, 145, 11, 71, 65, 62, 35, 151, 17, 86, 150, 192, 7, 13, 103, 156, 183, 16, 108, 152, 186, 153, 74, 137, 89, 187, 64, 101, 29, 92, 106, 126, 12, 46, 128, 130, 63, 38, 148, 80, 5, 135, 116, 15, 24, 61, 178, 96, 117, 20, 49, 172, 119, 154, 60, 168, 18, 104, 58, 76, 78, 55, 42, 33, 84, 14, 113, 157, 159, 2, 82, 6, 68, 26, 100, 39, 118, 77, 56, 36, 45, 124, 136, 54, 69, 72, 160, 3, 143, 28, 146, 105, 149, 180, 129, 188, 91, 40, 112, 44, 132, 164, 109, 107, 57, 88, 131, 90, 142, 47, 0], [0, 97, 181, 73, 27, 175, 173, 147, 9, 83, 115, 141, 32, 59, 191, 144, 165, 182, 98, 185, 87, 121, 179, 134, 163, 21, 75, 22, 95, 99, 19, 81, 140, 174, 8, 66, 25, 41, 94, 79, 31, 176, 189, 138, 102, 111, 10, 120, 139, 127, 125, 123, 4, 190, 52, 110, 177, 166, 162, 23, 93, 70, 122, 184, 50, 43, 67, 51, 34, 48, 1, 171, 167, 133, 169, 170, 155, 900, 970, 953, 997, 877, 873, 974, 959, 968, 934, 919, 875, 863, 922, 962, 951, 884, 971, 883, 994, 939, 991, 889, 996, 952, 928, 893, 955, 938, 905, 948, 986, 929, 984, 904, 980, 899, 930, 943, 879, 950, 912, 916, 983, 882, 906, 910, 926, 936, 902, 924, 992, 940, 887, 941, 925, 868, 920, 989, 967, 993, 972, 960, 876, 886, 894, 907, 897, 881, 975, 937, 917, 969, 921, 961, 911, 958, 981, 914, 891, 995, 990, 978, 999, 896, 931, 966, 880, 903, 954, 946, 933, 864, 964, 979, 923, 949, 874, 945, 888, 862, 944, 918, 957, 932, 942, 985, 927, 890, 977, 956, 915, 947, 963, 895, 908, 866, 998, 973, 892, 935, 909, 913, 982, 976, 865, 988, 898, 870, 872, 878, 885, 965, 867, 987, 901, 869, 871, 856, 766, 804, 835, 609, 767, 719, 685, 703, 682, 828, 840, 741, 830, 728, 681, 638, 794, 754, 622, 637, 666, 852, 847, 704, 643, 715, 781, 861, 735, 606, 640, 677, 780, 850, 760, 665, 757, 641, 631, 832, 742, 799, 814, 747, 800, 737, 711, 726, 723, 853, 738, 777, 618, 731, 776, 774, 696, 676, 620, 730, 792, 791, 708, 724, 758, 837, 636, 843, 770, 833, 807, 817, 746, 733, 783, 846, 756, 670, 661, 844, 857, 785, 628, 809, 644, 839, 798, 614, 838, 806, 762, 802, 667, 652, 842, 650, 836, 727, 765, 859, 851, 825, 690, 678, 646, 751, 647, 698, 642, 653, 714, 686, 617, 662, 702, 713, 816, 755, 761, 796, 858, 619, 818, 687, 848, 821, 739, 721, 663, 841, 701, 659, 707, 675, 629, 854, 624, 759, 722, 625, 612, 812, 616, 778, 822, 610, 695, 615, 716, 633, 815, 683, 630, 613, 627, 694, 768, 658, 749, 710, 649, 651, 805, 700, 660, 621, 720, 684, 834, 654, 689, 611, 745, 717, 674, 693, 706, 769, 789, 771, 772, 795, 855, 697, 810, 680, 718, 725, 709, 748, 608, 750, 729, 797, 740, 673, 790, 811, 691, 823, 775, 773, 860, 632, 626, 845, 788, 779, 793, 753, 763, 808, 803, 764, 607, 635, 752, 645, 736, 655, 784, 623, 743, 679, 827, 648, 699, 786, 668, 656, 734, 712, 819, 782, 672, 688, 657, 801, 664, 669, 671, 744, 705, 732, 849, 820, 826, 639, 831, 813, 634, 692, 824, 787, 829, 0], [0, 404, 537, 400, 541, 604, 593, 516, 429, 545, 427, 598, 535, 530, 470, 457, 428, 462, 573, 554, 577, 548, 583, 492, 520, 412, 532, 563, 408, 490, 587, 605, 597, 588, 389, 475, 536, 550, 406, 433, 414, 549, 397, 396, 491, 552, 496, 469, 484, 474, 488, 438, 473, 600, 508, 401, 471, 424, 442, 582, 416, 592, 435, 525, 524, 447, 450, 507, 454, 386, 540, 482, 444, 509, 413, 602, 542, 538, 553, 546, 485, 534, 570, 501, 579, 437, 523, 415, 526, 478, 483, 456, 533, 421, 562, 575, 393, 564, 455, 453, 601, 498, 539, 580, 398, 519, 425, 495, 547, 443, 500, 459, 494, 418, 387, 568, 571, 505, 567, 458, 586, 449, 584, 436, 585, 513, 543, 480, 392, 510, 528, 531, 422, 465, 479, 518, 486, 558, 417, 514, 434, 388, 559, 522, 423, 574, 466, 497, 527, 581, 419, 576, 395, 515, 493, 391, 481, 431, 472, 517, 521, 590, 390, 599, 560, 506, 487, 503, 467, 477, 385, 557, 430, 596, 511, 561, 440, 565, 410, 452, 499, 407, 394, 463, 544, 451, 403, 446, 555, 439, 578, 426, 402, 504, 529, 441, 594, 411, 572, 589, 468, 603, 432, 445, 399, 489, 595, 460, 461, 464, 476, 448, 409, 591, 566, 569, 502, 405, 556, 512, 551, 0], [0, 420, 0], [0, 246, 0], [0, 339, 0]]"
mixed,mixed_n100_m2_r01.txt,data\mtsp\generated_multifamily\mixed_n100_m2_r01.txt,100,2,ortools-gls,medium,294.80155,5.000455,True,ok,False,"[[0, 19, 1, 6, 23, 26, 13, 14, 9, 15, 7, 25, 28, 20, 16, 12, 27, 24, 2, 22, 18, 10, 21, 8, 11, 5, 17, 3, 4, 83, 87, 93, 98, 89, 65, 67, 74, 75, 76, 68, 73, 59, 63, 62, 61, 72, 78, 77, 70, 71, 69, 66, 64, 60, 79, 88, 86, 96, 85, 82, 90, 99, 81, 34, 45, 57, 44, 29, 35, 33, 56, 47, 46, 58, 51, 55, 91, 95, 97, 94, 84, 80, 92, 48, 54, 40, 30, 43, 36, 39, 37, 50, 41, 42, 49, 38, 31, 52, 53, 32, 0], [0, 0]]"
mixed,mixed_n100_m2_r01.txt,data\mtsp\generated_multifamily\mixed_n100_m2_r01.txt,100,2,tsp-transform-lkh,medium,317.073179,0.064486,True,ok,False,"[[0, 84, 80, 94, 97, 92, 95, 91, 55, 51, 37, 39, 36, 48, 54, 40, 30, 43, 32, 0], [0, 53, 52, 31, 38, 49, 42, 41, 50, 58, 46, 47, 56, 33, 35, 29, 44, 57, 45, 34, 81, 99, 90, 82, 85, 96, 86, 88, 79, 60, 64, 66, 69, 71, 70, 77, 78, 72, 61, 62, 63, 59, 73, 68, 76, 75, 74, 67, 65, 89, 98, 93, 87, 1, 6, 19, 23, 26, 7, 15, 9, 14, 13, 8, 11, 5, 17, 3, 4, 83, 10, 18, 21, 22, 2, 24, 27, 12, 16, 20, 28, 25, 0]]"
mixed,mixed_n100_m3_r01.txt,data\mtsp\generated_multifamily\mixed_n100_m3_r01.txt,100,3,ortools-gls,medium,298.639469,5.000814,True,ok,False,"[[0, 49, 26, 29, 47, 40, 46, 37, 38, 44, 39, 32, 27, 45, 90, 96, 91, 92, 41, 30, 31, 28, 35, 48, 34, 36, 42, 33, 43, 97, 94, 98, 95, 52, 61, 50, 55, 70, 56, 62, 53, 57, 60, 69, 51, 72, 58, 68, 54, 64, 63, 65, 71, 59, 66, 67, 93, 99, 76, 81, 80, 89, 77, 84, 75, 78, 73, 74, 86, 87, 85, 79, 82, 83, 88, 23, 20, 22, 16, 12, 14, 5, 13, 3, 9, 1, 10, 4, 21, 6, 2, 19, 25, 8, 18, 7, 15, 24, 17, 11, 0], [0, 0], [0, 0]]"
mixed,mixed_n100_m3_r01.txt,data\mtsp\generated_multifamily\mixed_n100_m3_r01.txt,100,3,tsp-transform-lkh,medium,345.031153,0.078357,True,ok,False,"[[0, 95, 98, 94, 97, 43, 33, 28, 31, 30, 41, 48, 35, 42, 36, 34, 40, 47, 29, 49, 26, 46, 37, 38, 44, 39, 32, 27, 45, 90, 92, 91, 96, 18, 8, 25, 10, 1, 9, 3, 13, 5, 14, 12, 4, 16, 21, 6, 2, 19, 7, 15, 24, 17, 11, 20, 22, 23, 0], [0, 83, 82, 79, 85, 87, 86, 74, 73, 78, 75, 84, 77, 88, 89, 80, 81, 76, 0], [0, 99, 93, 67, 66, 59, 71, 65, 63, 64, 54, 68, 58, 72, 51, 69, 60, 57, 53, 62, 56, 70, 55, 50, 61, 52, 0]]"
mixed,mixed_n100_m5_r01.txt,data\mtsp\generated_multifamily\mixed_n100_m5_r01.txt,100,5,ortools-gls,medium,295.744801,5.000202,True,ok,False,"[[0, 21, 4, 10, 22, 23, 14, 3, 5, 2, 24, 18, 20, 15, 8, 9, 11, 13, 17, 6, 19, 16, 7, 12, 1, 91, 84, 88, 85, 95, 87, 47, 82, 51, 53, 48, 50, 66, 71, 54, 68, 79, 67, 75, 83, 57, 59, 62, 78, 77, 58, 60, 55, 81, 76, 80, 69, 56, 73, 70, 65, 74, 72, 49, 61, 63, 64, 52, 90, 92, 89, 94, 86, 97, 28, 30, 43, 38, 45, 32, 96, 34, 35, 31, 26, 39, 37, 40, 25, 29, 46, 36, 44, 27, 42, 33, 41, 99, 93, 98, 0], [0, 0], [0, 0], [0, 0], [0, 0]]"
mixed,mixed_n100_m5_r01.txt,data\mtsp\generated_multifamily\mixed_n100_m5_r01.txt,100,5,tsp-transform-lkh,medium,399.578753,0.077023,True,ok,False,"[[0, 70, 0], [0, 73, 56, 47, 87, 95, 85, 88, 84, 91, 1, 12, 7, 0], [0, 21, 4, 16, 19, 6, 17, 13, 11, 9, 8, 15, 20, 18, 24, 2, 5, 3, 14, 23, 22, 10, 0], [0, 93, 98, 99, 44, 36, 46, 29, 25, 35, 34, 96, 45, 32, 31, 26, 39, 37, 40, 27, 42, 33, 41, 0], [0, 43, 38, 30, 28, 97, 86, 94, 89, 92, 90, 52, 58, 77, 78, 62, 59, 57, 83, 75, 67, 79, 68, 54, 71, 66, 50, 48, 82, 51, 53, 76, 81, 55, 60, 63, 64, 61, 49, 80, 69, 72, 74, 65, 0]]"
mixed,mixed_n200_m2_r01.txt,data\mtsp\generated_multifamily\mixed_n200_m2_r01.txt,200,2,ortools-gls,medium,807.530398,5.00067,True,ok,False,"[[0, 107, 99, 92, 91, 97, 113, 108, 112, 89, 88, 87, 109, 106, 104, 95, 98, 110, 167, 164, 172, 162, 165, 170, 198, 191, 184, 179, 166, 161, 177, 199, 94, 93, 105, 111, 90, 100, 86, 85, 96, 103, 102, 84, 101, 180, 187, 182, 163, 174, 197, 175, 193, 171, 176, 139, 140, 127, 125, 135, 122, 156, 146, 147, 120, 117, 116, 130, 155, 137, 160, 141, 115, 131, 129, 132, 118, 142, 133, 149, 154, 134, 159, 124, 144, 153, 158, 126, 128, 121, 119, 136, 157, 152, 145, 148, 150, 143, 123, 114, 138, 151, 25, 15, 6, 31, 24, 34, 30, 11, 27, 4, 20, 17, 2, 14, 38, 3, 28, 29, 9, 36, 33, 194, 195, 192, 173, 190, 186, 188, 189, 185, 168, 178, 181, 196, 183, 169, 32, 39, 13, 37, 1, 22, 26, 23, 7, 16, 19, 10, 5, 18, 12, 35, 21, 40, 8, 52, 43, 54, 55, 68, 57, 77, 73, 70, 81, 50, 47, 79, 45, 75, 53, 74, 69, 63, 48, 72, 66, 61, 60, 51, 58, 67, 65, 59, 78, 41, 82, 71, 64, 44, 56, 80, 76, 62, 83, 49, 42, 46, 0], [0, 0]]"
mixed,mixed_n200_m2_r01.txt,data\mtsp\generated_multifamily\mixed_n200_m2_r01.txt,200,2,tsp-transform-lkh,medium,748.347468,0.160449,True,ok,False,"[[0, 49, 62, 76, 83, 42, 46, 52, 43, 54, 55, 68, 57, 80, 56, 44, 64, 59, 78, 41, 71, 82, 58, 51, 60, 61, 67, 65, 73, 77, 66, 70, 72, 81, 48, 63, 69, 74, 53, 75, 45, 79, 47, 50, 0], [0, 8, 40, 21, 35, 12, 18, 5, 10, 37, 13, 39, 32, 1, 22, 26, 23, 7, 2, 14, 38, 3, 28, 36, 33, 9, 29, 20, 4, 17, 16, 19, 27, 11, 30, 34, 24, 31, 6, 15, 25, 151, 138, 114, 145, 152, 157, 136, 119, 121, 128, 126, 158, 153, 144, 124, 159, 134, 154, 149, 133, 142, 118, 132, 129, 131, 115, 141, 160, 150, 143, 148, 123, 140, 139, 127, 125, 135, 122, 156, 146, 147, 120, 117, 116, 137, 130, 155, 180, 187, 182, 163, 174, 197, 175, 176, 193, 171, 194, 195, 192, 173, 169, 183, 190, 186, 188, 189, 185, 168, 178, 196, 181, 162, 165, 170, 172, 198, 191, 184, 164, 167, 179, 166, 161, 177, 199, 94, 93, 105, 104, 106, 109, 95, 110, 98, 87, 88, 100, 111, 90, 101, 84, 102, 96, 103, 86, 89, 85, 99, 107, 92, 112, 113, 108, 91, 97, 0]]"
mixed,mixed_n200_m3_r01.txt,data\mtsp\generated_multifamily\mixed_n200_m3_r01.txt,200,3,ortools-gls,medium,680.700528,5.000596,True,ok,False,"[[0, 129, 157, 141, 118, 125, 169, 170, 173, 119, 146, 151, 149, 142, 127, 143, 168, 147, 160, 161, 122, 167, 159, 120, 124, 150, 123, 145, 137, 144, 165, 155, 128, 139, 154, 153, 158, 134, 136, 166, 132, 148, 172, 164, 140, 152, 162, 131, 138, 135, 163, 156, 130, 126, 133, 121, 171, 102, 111, 92, 99, 79, 107, 93, 95, 86, 74, 84, 88, 114, 81, 101, 90, 115, 76, 77, 117, 94, 78, 112, 89, 85, 104, 82, 80, 109, 106, 113, 116, 96, 83, 108, 91, 75, 98, 110, 97, 87, 103, 100, 105, 46, 41, 60, 47, 56, 63, 55, 61, 38, 45, 37, 66, 40, 42, 51, 49, 36, 39, 48, 62, 53, 44, 70, 69, 68, 35, 73, 65, 64, 67, 71, 52, 54, 50, 58, 57, 72, 59, 43, 176, 198, 178, 174, 192, 199, 190, 194, 181, 193, 186, 195, 184, 183, 188, 189, 182, 187, 177, 197, 180, 185, 175, 179, 196, 191, 21, 20, 31, 16, 19, 14, 7, 32, 18, 2, 9, 22, 15, 11, 3, 24, 10, 28, 4, 29, 13, 23, 26, 17, 5, 30, 6, 27, 25, 34, 8, 1, 33, 12, 0], [0, 0], [0, 0]]"
mixed,mixed_n200_m3_r01.txt,data\mtsp\generated_multifamily\mixed_n200_m3_r01.txt,200,3,tsp-transform-lkh,medium,715.900979,0.231767,True,ok,False,"[[0, 191, 196, 179, 175, 185, 180, 197, 177, 187, 182, 189, 188, 183, 184, 195, 186, 193, 181, 194, 190, 199, 176, 192, 174, 178, 198, 11, 3, 22, 15, 2, 9, 18, 7, 32, 21, 20, 31, 16, 19, 14, 26, 23, 17, 5, 30, 6, 34, 8, 27, 25, 1, 33, 12, 4, 29, 13, 24, 10, 28, 0], [0, 67, 64, 71, 58, 57, 50, 52, 54, 44, 53, 51, 42, 40, 66, 49, 62, 48, 72, 59, 43, 39, 36, 45, 38, 37, 61, 55, 63, 56, 47, 60, 68, 69, 70, 65, 73, 35, 41, 46, 105, 100, 103, 87, 97, 93, 110, 98, 75, 108, 83, 96, 116, 113, 106, 109, 115, 90, 76, 101, 81, 114, 84, 88, 77, 117, 94, 80, 82, 78, 112, 85, 104, 89, 91, 95, 107, 79, 99, 92, 86, 74, 111, 102, 0], [0, 171, 133, 121, 172, 164, 152, 140, 126, 130, 156, 163, 170, 169, 125, 151, 146, 119, 173, 135, 138, 162, 131, 127, 143, 168, 166, 136, 132, 148, 153, 154, 139, 128, 155, 165, 144, 137, 158, 145, 134, 123, 150, 124, 120, 159, 167, 122, 161, 160, 147, 142, 149, 118, 141, 129, 157, 0]]"
mixed,mixed_n200_m5_r01.txt,data\mtsp\generated_multifamily\mixed_n200_m5_r01.txt,200,5,ortools-gls,medium,657.216788,5.001897,True,ok,False,"[[0, 45, 43, 62, 60, 63, 24, 47, 68, 56, 2, 8, 44, 13, 18, 61, 4, 40, 25, 22, 17, 67, 50, 14, 65, 20, 59, 29, 54, 66, 10, 48, 55, 28, 69, 15, 70, 42, 46, 74, 73, 34, 53, 7, 37, 12, 72, 16, 9, 58, 51, 33, 5, 39, 57, 64, 71, 27, 35, 49, 38, 6, 32, 52, 23, 26, 31, 30, 1, 3, 36, 21, 19, 41, 11, 182, 169, 183, 194, 188, 186, 174, 192, 166, 190, 172, 196, 197, 176, 175, 179, 168, 177, 187, 181, 185, 191, 173, 198, 170, 193, 167, 178, 184, 189, 180, 195, 199, 171, 90, 98, 83, 99, 102, 119, 82, 117, 105, 113, 104, 92, 103, 81, 100, 76, 120, 110, 80, 108, 96, 93, 88, 109, 77, 94, 75, 85, 84, 86, 97, 116, 78, 91, 112, 101, 115, 89, 95, 114, 118, 106, 87, 107, 111, 79, 148, 141, 150, 123, 130, 165, 161, 131, 160, 137, 129, 149, 127, 132, 159, 154, 162, 134, 136, 151, 163, 153, 152, 146, 147, 164, 126, 133, 158, 122, 157, 145, 125, 156, 142, 155, 138, 143, 128, 124, 144, 135, 121, 139, 140, 0], [0, 0], [0, 0], [0, 0], [0, 0]]"
mixed,mixed_n200_m5_r01.txt,data\mtsp\generated_multifamily\mixed_n200_m5_r01.txt,200,5,tsp-transform-lkh,medium,772.123106,0.284066,True,ok,False,"[[0, 88, 109, 94, 75, 77, 93, 80, 110, 76, 100, 81, 103, 92, 104, 113, 105, 117, 82, 119, 120, 108, 96, 85, 84, 86, 97, 79, 111, 107, 87, 106, 118, 114, 95, 89, 115, 101, 116, 78, 91, 112, 102, 99, 83, 98, 90, 171, 199, 195, 180, 189, 184, 178, 167, 193, 170, 159, 132, 127, 149, 129, 150, 141, 0], [0, 121, 0], [0, 139, 0], [0, 140, 0], [0, 135, 148, 123, 137, 154, 162, 160, 131, 161, 165, 130, 142, 155, 138, 144, 124, 128, 143, 156, 158, 125, 145, 157, 122, 133, 126, 164, 147, 146, 152, 153, 163, 151, 136, 134, 198, 173, 191, 185, 181, 187, 177, 168, 179, 175, 176, 197, 196, 172, 190, 166, 192, 174, 186, 188, 194, 183, 169, 182, 11, 41, 19, 21, 36, 66, 10, 55, 48, 3, 1, 30, 31, 26, 23, 52, 32, 6, 38, 35, 27, 71, 69, 28, 15, 70, 64, 57, 49, 39, 5, 53, 33, 51, 58, 9, 16, 72, 12, 37, 7, 34, 73, 74, 46, 42, 54, 29, 59, 20, 65, 13, 44, 8, 2, 56, 68, 47, 24, 18, 61, 62, 60, 63, 45, 43, 4, 40, 25, 14, 50, 67, 17, 22, 0]]"
mixed,mixed_n20_m2_r01.txt,data\mtsp\generated_multifamily\mixed_n20_m2_r01.txt,20,2,exact-mip,small,45.164303,1.164662,True,optimal:SCIP,True,"[[0, 9, 0], [0, 14, 8, 17, 10, 7, 16, 13, 15, 12, 11, 19, 3, 2, 4, 1, 18, 6, 5, 0]]"
mixed,mixed_n20_m2_r01.txt,data\mtsp\generated_multifamily\mixed_n20_m2_r01.txt,20,2,ortools-gls,small,43.98713,5.000823,True,ok,False,"[[0, 14, 8, 17, 10, 7, 16, 13, 15, 12, 11, 19, 3, 2, 4, 1, 18, 6, 5, 9, 0], [0, 0]]"
mixed,mixed_n20_m2_r01.txt,data\mtsp\generated_multifamily\mixed_n20_m2_r01.txt,20,2,tsp-transform-lkh,small,45.903322,0.051223,True,ok,False,"[[0, 9, 0], [0, 8, 17, 10, 7, 14, 16, 13, 15, 12, 11, 19, 3, 2, 4, 1, 18, 6, 5, 0]]"
mixed,mixed_n20_m3_r01.txt,data\mtsp\generated_multifamily\mixed_n20_m3_r01.txt,20,3,exact-mip,small,54.328721,1.972992,True,optimal:SCIP,True,"[[0, 2, 5, 1, 3, 4, 0], [0, 18, 10, 11, 9, 6, 12, 7, 8, 16, 13, 15, 14, 17, 0], [0, 19, 0]]"
mixed,mixed_n20_m3_r01.txt,data\mtsp\generated_multifamily\mixed_n20_m3_r01.txt,20,3,ortools-gls,small,43.353076,5.000106,True,ok,False,"[[0, 4, 2, 5, 1, 3, 19, 18, 10, 11, 9, 6, 12, 7, 8, 16, 13, 15, 14, 17, 0], [0, 0], [0, 0]]"
mixed,mixed_n20_m3_r01.txt,data\mtsp\generated_multifamily\mixed_n20_m3_r01.txt,20,3,tsp-transform-lkh,small,54.328721,0.033701,True,ok,False,"[[0, 17, 14, 15, 13, 16, 8, 7, 12, 6, 9, 11, 10, 18, 0], [0, 19, 0], [0, 4, 3, 1, 5, 2, 0]]"
mixed,mixed_n20_m5_r01.txt,data\mtsp\generated_multifamily\mixed_n20_m5_r01.txt,20,5,exact-mip,small,59.512727,1.048615,True,optimal:SCIP,True,"[[0, 1, 0], [0, 8, 0], [0, 11, 0], [0, 12, 0], [0, 18, 5, 9, 7, 13, 6, 14, 19, 15, 16, 10, 2, 17, 4, 3, 0]]"
mixed,mixed_n20_m5_r01.txt,data\mtsp\generated_multifamily\mixed_n20_m5_r01.txt,20,5,ortools-gls,small,46.894674,4.99994,True,ok,False,"[[0, 8, 18, 5, 9, 7, 13, 6, 14, 19, 12, 15, 16, 10, 2, 17, 4, 3, 1, 11, 0], [0, 0], [0, 0], [0, 0], [0, 0]]"
mixed,mixed_n20_m5_r01.txt,data\mtsp\generated_multifamily\mixed_n20_m5_r01.txt,20,5,tsp-transform-lkh,small,60.961368,0.079822,True,ok,False,"[[0, 1, 0], [0, 3, 4, 17, 2, 10, 16, 15, 12, 0], [0, 19, 14, 6, 13, 7, 9, 5, 18, 0], [0, 8, 0], [0, 11, 0]]"
mixed,mixed_n500_m2_r01.txt,data\mtsp\generated_multifamily\mixed_n500_m2_r01.txt,500,2,ortools-gls,medium,2751.160591,5.002036,True,ok,False,"[[0, 281, 247, 250, 305, 291, 253, 304, 286, 283, 278, 290, 264, 288, 287, 299, 296, 282, 308, 262, 246, 270, 295, 310, 261, 292, 259, 307, 266, 254, 294, 245, 275, 268, 438, 424, 494, 447, 453, 456, 458, 454, 499, 421, 457, 477, 476, 497, 464, 410, 436, 443, 440, 419, 417, 423, 430, 460, 470, 441, 406, 455, 489, 461, 495, 415, 480, 472, 444, 437, 475, 485, 492, 408, 488, 442, 496, 473, 498, 433, 426, 459, 446, 411, 412, 451, 483, 414, 463, 434, 469, 490, 409, 413, 435, 487, 429, 422, 445, 448, 416, 474, 427, 452, 425, 431, 418, 486, 432, 466, 462, 491, 428, 481, 484, 450, 468, 479, 482, 449, 465, 407, 467, 478, 439, 493, 471, 420, 312, 252, 302, 297, 316, 249, 255, 267, 315, 276, 272, 251, 256, 263, 289, 309, 274, 300, 303, 313, 271, 311, 260, 285, 273, 301, 298, 280, 277, 293, 269, 257, 279, 248, 314, 284, 265, 258, 306, 166, 220, 163, 169, 157, 243, 134, 205, 194, 230, 175, 178, 223, 129, 141, 232, 123, 179, 148, 167, 215, 188, 151, 182, 199, 144, 186, 236, 161, 224, 164, 145, 225, 152, 198, 180, 222, 183, 197, 203, 154, 212, 172, 228, 168, 231, 153, 206, 150, 171, 211, 214, 216, 170, 221, 159, 227, 177, 137, 209, 193, 138, 128, 184, 149, 219, 226, 165, 174, 173, 189, 139, 127, 124, 202, 130, 185, 158, 218, 233, 234, 162, 160, 235, 241, 238, 181, 200, 146, 125, 208, 156, 237, 143, 131, 229, 147, 207, 142, 191, 190, 176, 126, 187, 201, 133, 135, 136, 140, 192, 195, 217, 204, 240, 213, 244, 210, 155, 132, 242, 196, 239, 50, 96, 2, 119, 15, 58, 23, 8, 37, 110, 73, 104, 69, 14, 54, 46, 1, 106, 115, 26, 60, 87, 51, 33, 77, 97, 84, 52, 88, 98, 103, 94, 4, 28, 56, 16, 59, 38, 116, 9, 100, 86, 43, 3, 11, 27, 82, 44, 63, 35, 29, 10, 91, 48, 5, 101, 20, 109, 61, 53, 72, 34, 65, 120, 85, 47, 21, 105, 17, 49, 13, 90, 6, 112, 83, 78, 22, 18, 81, 111, 121, 62, 25, 71, 79, 107, 76, 89, 93, 45, 118, 114, 41, 80, 24, 92, 102, 75, 74, 31, 122, 67, 99, 19, 7, 57, 64, 42, 95, 36, 108, 40, 117, 70, 55, 32, 68, 113, 12, 30, 39, 66, 340, 326, 391, 374, 361, 337, 327, 397, 346, 393, 383, 389, 353, 341, 379, 331, 368, 385, 347, 344, 349, 358, 328, 378, 325, 382, 362, 403, 338, 375, 405, 342, 363, 355, 364, 330, 371, 370, 384, 329, 350, 369, 320, 401, 399, 365, 334, 388, 386, 377, 319, 381, 322, 335, 372, 373, 351, 343, 392, 336, 394, 357, 367, 376, 359, 356, 339, 398, 324, 321, 317, 387, 395, 360, 396, 366, 332, 354, 323, 380, 390, 352, 404, 348, 400, 318, 345, 333, 402, 0], [0, 0]]"
mixed,mixed_n500_m2_r01.txt,data\mtsp\generated_multifamily\mixed_n500_m2_r01.txt,500,2,tsp-transform-lkh,medium,2688.46639,0.252892,True,ok,False,"[[0, 281, 286, 304, 253, 291, 305, 247, 250, 314, 248, 257, 284, 265, 258, 306, 269, 293, 277, 280, 301, 273, 298, 271, 311, 260, 285, 274, 263, 256, 251, 272, 276, 438, 424, 446, 459, 426, 433, 498, 453, 447, 494, 458, 456, 182, 215, 167, 148, 179, 123, 232, 141, 208, 125, 146, 200, 181, 156, 223, 129, 166, 220, 163, 169, 157, 178, 237, 143, 131, 243, 175, 230, 134, 194, 126, 201, 187, 205, 239, 196, 242, 132, 155, 210, 244, 213, 240, 204, 217, 195, 192, 140, 136, 135, 133, 176, 190, 191, 147, 229, 235, 160, 241, 238, 162, 234, 233, 188, 151, 218, 158, 130, 185, 144, 199, 186, 236, 202, 161, 224, 124, 127, 139, 189, 164, 145, 225, 152, 207, 142, 197, 183, 222, 180, 198, 219, 226, 165, 174, 173, 138, 193, 209, 137, 177, 227, 159, 221, 170, 216, 128, 184, 149, 206, 150, 231, 153, 203, 154, 168, 228, 172, 212, 171, 214, 211, 410, 423, 417, 430, 406, 460, 470, 441, 455, 489, 461, 440, 419, 443, 436, 495, 415, 480, 497, 464, 472, 444, 437, 476, 477, 457, 421, 499, 475, 454, 485, 492, 496, 442, 408, 488, 473, 411, 412, 451, 483, 414, 463, 434, 469, 490, 409, 413, 435, 487, 429, 449, 482, 422, 445, 479, 448, 416, 427, 474, 468, 450, 484, 452, 425, 431, 418, 486, 432, 481, 428, 466, 462, 491, 114, 118, 45, 93, 80, 92, 24, 19, 99, 7, 122, 67, 31, 74, 102, 75, 32, 68, 55, 70, 108, 8, 36, 37, 110, 69, 14, 54, 46, 84, 52, 88, 98, 103, 94, 4, 28, 56, 16, 11, 27, 104, 73, 82, 44, 63, 42, 95, 64, 57, 35, 91, 10, 29, 79, 107, 76, 89, 41, 6, 90, 13, 49, 17, 105, 21, 85, 120, 65, 47, 83, 112, 25, 71, 62, 121, 101, 111, 81, 18, 22, 78, 34, 72, 53, 61, 109, 20, 5, 48, 3, 43, 59, 38, 86, 116, 9, 100, 33, 87, 51, 77, 97, 60, 1, 106, 115, 26, 50, 96, 2, 119, 15, 58, 23, 40, 117, 113, 12, 30, 39, 66, 0], [0, 340, 326, 391, 374, 361, 337, 327, 397, 346, 383, 379, 353, 389, 341, 347, 342, 405, 375, 363, 355, 364, 330, 371, 370, 338, 385, 368, 331, 393, 348, 400, 318, 345, 333, 402, 404, 395, 387, 349, 358, 344, 362, 403, 382, 325, 378, 328, 317, 356, 339, 398, 324, 321, 343, 360, 352, 396, 323, 390, 380, 354, 332, 366, 351, 373, 392, 372, 336, 394, 357, 335, 322, 367, 381, 319, 377, 386, 401, 399, 320, 365, 334, 388, 376, 359, 369, 350, 384, 329, 465, 407, 467, 478, 439, 493, 471, 420, 312, 245, 275, 268, 249, 255, 267, 315, 270, 295, 316, 310, 261, 292, 297, 302, 252, 294, 254, 266, 307, 259, 290, 278, 264, 288, 287, 296, 282, 308, 262, 246, 289, 309, 300, 303, 313, 279, 299, 283, 0]]"
mixed,mixed_n500_m3_r01.txt,data\mtsp\generated_multifamily\mixed_n500_m3_r01.txt,500,3,ortools-gls,medium,2412.421582,5.002081,True,ok,False,"[[0, 82, 31, 96, 97, 15, 2, 132, 30, 127, 130, 51, 80, 8, 10, 12, 62, 150, 100, 138, 91, 90, 88, 20, 7, 72, 63, 116, 166, 106, 33, 69, 22, 76, 14, 81, 13, 73, 70, 34, 143, 9, 58, 87, 64, 134, 94, 129, 109, 5, 26, 1, 50, 122, 119, 103, 133, 149, 41, 113, 144, 23, 59, 107, 152, 71, 32, 110, 74, 92, 57, 68, 89, 35, 75, 66, 37, 111, 162, 60, 115, 16, 155, 40, 95, 49, 118, 27, 36, 77, 29, 105, 42, 6, 117, 25, 79, 4, 136, 120, 163, 38, 123, 125, 160, 131, 99, 78, 153, 114, 102, 83, 93, 55, 53, 19, 159, 61, 154, 126, 84, 43, 44, 148, 137, 145, 21, 161, 98, 48, 146, 158, 156, 28, 24, 128, 47, 54, 18, 65, 112, 142, 140, 39, 139, 124, 164, 67, 46, 151, 45, 165, 56, 3, 101, 147, 157, 17, 135, 108, 86, 11, 52, 85, 141, 121, 104, 216, 284, 258, 271, 280, 182, 193, 269, 215, 254, 270, 232, 294, 204, 209, 282, 188, 253, 189, 279, 264, 257, 223, 289, 206, 195, 227, 242, 246, 276, 208, 275, 218, 243, 174, 194, 201, 181, 207, 231, 210, 295, 178, 219, 290, 260, 288, 273, 256, 175, 220, 255, 252, 296, 214, 239, 237, 454, 465, 444, 464, 488, 466, 472, 467, 461, 477, 439, 473, 453, 449, 480, 458, 442, 440, 499, 489, 475, 495, 468, 445, 476, 443, 483, 497, 463, 456, 450, 469, 436, 490, 484, 479, 496, 460, 437, 491, 441, 457, 452, 482, 486, 462, 493, 448, 459, 438, 435, 451, 494, 470, 478, 259, 233, 283, 176, 177, 244, 205, 263, 198, 277, 266, 229, 168, 183, 190, 265, 212, 297, 250, 287, 202, 199, 278, 291, 172, 272, 170, 200, 167, 225, 196, 191, 292, 211, 251, 281, 173, 224, 217, 186, 179, 293, 285, 238, 230, 240, 192, 245, 262, 226, 286, 236, 185, 221, 234, 171, 197, 268, 241, 248, 228, 261, 213, 180, 222, 274, 187, 247, 169, 203, 235, 267, 249, 184, 311, 423, 335, 392, 314, 390, 317, 324, 348, 299, 380, 405, 305, 425, 355, 326, 342, 303, 394, 429, 341, 310, 359, 414, 353, 416, 481, 498, 485, 447, 471, 455, 487, 446, 492, 474, 300, 422, 327, 315, 301, 396, 400, 368, 329, 431, 332, 366, 428, 360, 309, 398, 350, 403, 389, 372, 430, 434, 325, 365, 336, 322, 323, 352, 306, 427, 378, 402, 373, 407, 424, 386, 307, 417, 357, 397, 411, 410, 351, 330, 371, 340, 421, 384, 374, 345, 346, 358, 316, 320, 331, 304, 376, 369, 308, 334, 433, 313, 347, 367, 413, 381, 419, 408, 418, 338, 393, 377, 432, 387, 382, 385, 356, 395, 318, 354, 375, 298, 344, 409, 406, 349, 383, 312, 328, 364, 361, 415, 401, 420, 388, 412, 319, 399, 339, 404, 343, 321, 370, 333, 362, 363, 337, 302, 426, 379, 391, 0], [0, 0], [0, 0]]"
mixed,mixed_n500_m3_r01.txt,data\mtsp\generated_multifamily\mixed_n500_m3_r01.txt,500,3,tsp-transform-lkh,medium,2262.520664,0.321882,True,ok,False,"[[0, 249, 267, 0], [0, 391, 311, 423, 335, 392, 314, 390, 317, 324, 333, 362, 363, 370, 321, 358, 346, 345, 348, 374, 384, 421, 386, 424, 407, 342, 326, 299, 380, 405, 305, 355, 425, 341, 310, 359, 414, 429, 394, 303, 373, 402, 378, 427, 306, 323, 352, 353, 416, 422, 300, 327, 315, 301, 368, 329, 396, 400, 325, 365, 336, 322, 357, 417, 307, 340, 397, 410, 411, 430, 434, 372, 389, 403, 350, 431, 332, 366, 428, 360, 398, 309, 393, 377, 338, 418, 408, 419, 381, 413, 367, 347, 298, 344, 409, 375, 382, 387, 432, 385, 356, 354, 395, 318, 406, 349, 312, 383, 328, 313, 304, 331, 320, 330, 351, 371, 376, 316, 343, 337, 302, 426, 379, 399, 319, 339, 404, 369, 308, 334, 433, 364, 361, 415, 401, 420, 388, 412, 0], [0, 64, 87, 58, 14, 76, 81, 73, 13, 134, 94, 9, 143, 129, 109, 5, 26, 50, 1, 34, 90, 70, 88, 22, 20, 7, 69, 33, 106, 166, 72, 63, 116, 40, 95, 155, 16, 115, 60, 162, 111, 37, 66, 75, 35, 163, 38, 89, 48, 158, 146, 68, 57, 110, 138, 91, 100, 150, 62, 59, 149, 133, 10, 12, 103, 119, 122, 31, 82, 96, 97, 15, 2, 132, 30, 130, 80, 8, 51, 127, 11, 41, 113, 144, 23, 147, 157, 17, 86, 135, 108, 141, 85, 52, 121, 104, 142, 140, 112, 39, 139, 65, 18, 124, 164, 56, 165, 45, 3, 101, 107, 152, 71, 32, 74, 92, 151, 28, 24, 46, 67, 54, 47, 128, 156, 43, 84, 159, 19, 61, 53, 55, 93, 83, 154, 126, 44, 148, 137, 145, 21, 161, 98, 125, 123, 120, 136, 4, 79, 25, 117, 49, 118, 27, 36, 77, 42, 6, 29, 105, 99, 131, 160, 78, 153, 114, 102, 465, 454, 496, 470, 494, 478, 491, 441, 437, 460, 479, 484, 490, 436, 469, 450, 456, 444, 464, 463, 497, 488, 466, 472, 467, 461, 439, 477, 499, 489, 475, 483, 443, 476, 445, 468, 495, 440, 442, 458, 480, 473, 449, 453, 492, 474, 455, 487, 446, 471, 447, 485, 498, 481, 438, 435, 459, 448, 493, 462, 486, 482, 457, 452, 451, 225, 167, 200, 170, 168, 198, 277, 177, 244, 205, 263, 266, 229, 183, 190, 174, 194, 201, 288, 273, 256, 175, 220, 283, 176, 259, 237, 239, 233, 255, 252, 296, 214, 215, 254, 270, 232, 178, 219, 290, 260, 181, 207, 275, 208, 276, 246, 242, 195, 227, 192, 240, 173, 281, 251, 211, 218, 243, 265, 212, 297, 250, 287, 202, 199, 291, 278, 272, 196, 172, 292, 191, 217, 224, 186, 179, 293, 238, 285, 230, 245, 206, 289, 262, 226, 286, 236, 185, 221, 234, 171, 197, 223, 257, 241, 268, 261, 213, 180, 228, 248, 264, 279, 189, 204, 210, 231, 295, 294, 209, 253, 222, 274, 188, 282, 182, 280, 271, 258, 193, 269, 284, 216, 235, 203, 169, 247, 187, 184, 0]]"
mixed,mixed_n500_m5_r01.txt,data\mtsp\generated_multifamily\mixed_n500_m5_r01.txt,500,5,ortools-gls,medium,2443.921967,5.001387,True,ok,False,"[[0, 265, 224, 204, 299, 174, 291, 250, 190, 234, 206, 173, 226, 187, 247, 282, 219, 278, 170, 257, 220, 183, 261, 211, 290, 283, 184, 207, 167, 274, 259, 267, 222, 231, 171, 191, 289, 200, 241, 233, 202, 240, 213, 198, 181, 212, 242, 199, 252, 238, 232, 249, 264, 180, 230, 294, 271, 268, 201, 273, 179, 236, 266, 229, 285, 195, 246, 178, 292, 176, 215, 276, 254, 277, 221, 185, 168, 203, 287, 243, 258, 260, 188, 196, 237, 172, 218, 208, 251, 269, 186, 197, 210, 209, 279, 216, 214, 263, 280, 245, 293, 281, 169, 217, 175, 298, 227, 228, 192, 295, 177, 194, 256, 182, 272, 288, 235, 205, 193, 253, 248, 225, 286, 223, 239, 284, 275, 296, 244, 270, 255, 189, 262, 297, 113, 135, 147, 56, 5, 39, 66, 1, 121, 60, 26, 90, 116, 9, 64, 21, 37, 8, 139, 13, 38, 67, 140, 35, 120, 44, 112, 3, 156, 18, 157, 2, 91, 16, 130, 160, 166, 22, 23, 46, 141, 58, 142, 6, 152, 50, 40, 161, 17, 7, 10, 102, 111, 119, 88, 132, 149, 131, 146, 27, 70, 79, 138, 98, 86, 109, 81, 31, 25, 96, 73, 11, 107, 164, 151, 123, 42, 32, 128, 153, 15, 94, 145, 144, 126, 24, 63, 53, 29, 158, 19, 62, 148, 92, 103, 108, 481, 454, 472, 463, 495, 470, 468, 477, 457, 480, 488, 460, 455, 483, 492, 447, 479, 475, 493, 28, 36, 78, 68, 163, 136, 150, 95, 83, 104, 114, 61, 82, 125, 165, 49, 52, 100, 110, 43, 154, 84, 74, 159, 99, 33, 41, 72, 143, 124, 118, 122, 59, 129, 155, 55, 34, 20, 97, 69, 105, 48, 65, 47, 137, 117, 127, 51, 45, 101, 87, 57, 89, 77, 133, 54, 106, 162, 75, 93, 14, 76, 85, 71, 4, 80, 115, 30, 12, 134, 384, 402, 357, 347, 398, 311, 397, 362, 321, 394, 380, 342, 405, 386, 335, 352, 421, 363, 356, 381, 390, 304, 440, 333, 319, 382, 419, 353, 317, 346, 410, 365, 371, 310, 429, 329, 350, 422, 313, 308, 354, 378, 415, 445, 471, 482, 459, 464, 476, 496, 491, 451, 486, 462, 469, 484, 465, 370, 309, 407, 372, 428, 336, 379, 322, 348, 424, 441, 338, 364, 366, 305, 401, 376, 393, 389, 423, 318, 444, 439, 374, 332, 432, 406, 400, 396, 367, 442, 411, 391, 387, 302, 359, 325, 395, 337, 420, 425, 373, 438, 427, 412, 392, 375, 300, 327, 385, 368, 435, 339, 320, 361, 307, 437, 418, 306, 413, 408, 473, 478, 497, 490, 485, 450, 467, 498, 453, 456, 474, 448, 461, 452, 458, 449, 487, 489, 466, 494, 499, 404, 434, 314, 315, 388, 328, 324, 316, 349, 446, 409, 344, 433, 417, 331, 399, 377, 303, 369, 443, 340, 326, 334, 341, 360, 351, 436, 345, 343, 355, 414, 358, 312, 416, 431, 301, 330, 403, 430, 323, 383, 426, 0], [0, 0], [0, 0], [0, 0], [0, 0]]"
mixed,mixed_n500_m5_r01.txt,data\mtsp\generated_multifamily\mixed_n500_m5_r01.txt,500,5,tsp-transform-lkh,medium,2339.268774,0.287486,True,ok,False,"[[0, 234, 190, 250, 291, 299, 174, 216, 281, 169, 293, 217, 175, 192, 205, 193, 253, 248, 225, 286, 228, 227, 298, 245, 280, 263, 214, 223, 239, 284, 275, 296, 244, 270, 255, 189, 262, 204, 224, 265, 0], [0, 297, 0], [0, 113, 135, 33, 41, 72, 118, 122, 59, 34, 129, 55, 155, 115, 80, 4, 30, 12, 134, 71, 85, 76, 93, 14, 162, 106, 75, 89, 57, 87, 101, 127, 51, 45, 137, 47, 65, 48, 105, 69, 97, 20, 21, 124, 143, 99, 159, 56, 147, 5, 39, 74, 84, 66, 154, 1, 43, 110, 100, 52, 49, 165, 61, 104, 114, 82, 125, 121, 60, 26, 90, 116, 9, 64, 37, 8, 139, 38, 67, 44, 112, 13, 16, 91, 2, 157, 18, 156, 3, 46, 23, 130, 160, 83, 95, 150, 136, 163, 68, 78, 36, 28, 108, 103, 92, 166, 22, 148, 62, 141, 19, 158, 58, 142, 6, 152, 120, 35, 140, 149, 117, 131, 132, 88, 119, 138, 111, 102, 10, 7, 17, 161, 40, 50, 42, 151, 123, 32, 128, 153, 126, 53, 29, 63, 24, 144, 15, 145, 94, 73, 11, 96, 107, 164, 31, 25, 81, 109, 86, 98, 79, 70, 146, 27, 77, 133, 54, 0], [0, 384, 0], [0, 402, 347, 398, 357, 426, 431, 301, 430, 323, 383, 311, 397, 362, 321, 394, 380, 352, 335, 386, 342, 405, 429, 310, 329, 350, 422, 333, 440, 304, 319, 382, 419, 444, 353, 317, 346, 410, 407, 372, 336, 428, 309, 365, 371, 313, 308, 354, 445, 415, 378, 370, 379, 322, 348, 441, 338, 364, 424, 366, 305, 401, 376, 393, 389, 423, 318, 417, 433, 344, 409, 446, 349, 316, 324, 328, 388, 315, 314, 434, 408, 404, 413, 306, 418, 437, 307, 361, 320, 435, 368, 339, 399, 331, 303, 377, 385, 300, 327, 369, 420, 337, 425, 395, 341, 334, 326, 340, 443, 439, 374, 390, 381, 356, 332, 363, 421, 403, 330, 312, 416, 358, 414, 391, 387, 442, 411, 345, 355, 343, 432, 406, 400, 396, 436, 367, 351, 302, 360, 359, 325, 373, 438, 427, 412, 392, 375, 473, 499, 478, 497, 458, 449, 487, 494, 466, 489, 465, 484, 469, 462, 486, 451, 491, 459, 482, 471, 464, 496, 476, 454, 481, 472, 463, 493, 495, 470, 468, 477, 457, 480, 488, 460, 455, 475, 483, 492, 447, 479, 474, 456, 453, 498, 467, 450, 485, 490, 452, 461, 448, 178, 292, 176, 215, 268, 276, 254, 277, 221, 185, 168, 203, 287, 271, 243, 258, 260, 188, 218, 208, 172, 196, 237, 182, 288, 235, 272, 256, 194, 177, 295, 269, 186, 251, 197, 294, 230, 180, 201, 273, 179, 246, 195, 285, 229, 236, 266, 283, 290, 211, 261, 183, 220, 278, 219, 282, 226, 187, 247, 231, 222, 267, 170, 257, 259, 274, 184, 167, 207, 252, 249, 264, 232, 238, 199, 242, 210, 212, 181, 209, 198, 213, 240, 202, 233, 241, 200, 279, 289, 191, 171, 206, 173, 0]]"
mixed,mixed_n50_m2_r01.txt,data\mtsp\generated_multifamily\mixed_n50_m2_r01.txt,50,2,ortools-gls,medium,122.181746,5.001038,True,ok,False,"[[0, 37, 34, 33, 42, 39, 41, 40, 35, 32, 36, 38, 31, 49, 48, 45, 47, 30, 21, 20, 27, 19, 24, 26, 23, 22, 25, 17, 18, 28, 29, 43, 44, 13, 1, 5, 7, 8, 14, 11, 9, 12, 3, 10, 15, 2, 6, 16, 4, 46, 0], [0, 0]]"
mixed,mixed_n50_m2_r01.txt,data\mtsp\generated_multifamily\mixed_n50_m2_r01.txt,50,2,tsp-transform-lkh,medium,135.596879,0.041998,True,ok,False,"[[0, 43, 29, 28, 18, 17, 25, 22, 23, 26, 24, 19, 27, 20, 21, 30, 47, 45, 48, 49, 31, 38, 36, 32, 35, 40, 41, 37, 39, 42, 33, 34, 0], [0, 46, 4, 16, 6, 2, 15, 10, 3, 12, 9, 11, 14, 8, 7, 5, 1, 13, 44, 0]]"
mixed,mixed_n50_m3_r01.txt,data\mtsp\generated_multifamily\mixed_n50_m3_r01.txt,50,3,ortools-gls,medium,121.269654,5.001151,True,ok,False,"[[0, 38, 36, 44, 39, 34, 35, 37, 40, 33, 41, 2, 5, 4, 6, 3, 1, 9, 7, 8, 48, 49, 18, 11, 19, 12, 17, 20, 10, 14, 15, 13, 16, 46, 47, 42, 21, 31, 24, 27, 22, 29, 43, 45, 28, 26, 32, 23, 25, 30, 0], [0, 0], [0, 0]]"
mixed,mixed_n50_m3_r01.txt,data\mtsp\generated_multifamily\mixed_n50_m3_r01.txt,50,3,tsp-transform-lkh,medium,149.159473,0.071242,True,ok,False,"[[0, 48, 49, 18, 11, 19, 12, 17, 20, 10, 14, 15, 13, 16, 46, 47, 42, 21, 31, 24, 27, 22, 29, 43, 45, 0], [0, 28, 26, 32, 23, 25, 30, 0], [0, 44, 39, 36, 38, 34, 35, 37, 40, 33, 41, 2, 5, 4, 6, 3, 1, 9, 7, 8, 0]]"
mixed,mixed_n50_m5_r01.txt,data\mtsp\generated_multifamily\mixed_n50_m5_r01.txt,50,5,ortools-gls,medium,119.507768,5.000917,True,ok,False,"[[0, 14, 8, 42, 16, 2, 11, 9, 6, 13, 1, 10, 3, 7, 5, 4, 12, 15, 43, 44, 46, 28, 23, 20, 29, 21, 26, 24, 19, 22, 18, 27, 25, 17, 48, 41, 40, 45, 30, 37, 33, 36, 34, 38, 31, 39, 32, 35, 47, 49, 0], [0, 0], [0, 0], [0, 0], [0, 0]]"
mixed,mixed_n50_m5_r01.txt,data\mtsp\generated_multifamily\mixed_n50_m5_r01.txt,50,5,tsp-transform-lkh,medium,178.653622,0.068484,True,ok,False,"[[0, 46, 28, 23, 20, 29, 21, 26, 24, 19, 22, 18, 27, 25, 17, 48, 41, 0], [0, 49, 40, 47, 45, 30, 37, 33, 36, 34, 38, 35, 32, 31, 39, 0], [0, 42, 8, 0], [0, 14, 16, 2, 11, 9, 6, 13, 1, 10, 3, 7, 5, 4, 12, 15, 0], [0, 43, 44, 0]]"
outliers,outliers_n1000_m3_r01.txt,data\mtsp\generated_multifamily\outliers_n1000_m3_r01.txt,1000,3,ortools-gls,medium,,4.760319,False,no_solution,False,[]
outliers,outliers_n1000_m3_r01.txt,data\mtsp\generated_multifamily\outliers_n1000_m3_r01.txt,1000,3,tsp-transform-lkh,medium,6079.836206,1.163558,True,ok,False,"[[0, 790, 667, 741, 870, 672, 729, 881, 538, 713, 812, 638, 800, 810, 774, 784, 0], [0, 700, 645, 873, 768, 637, 587, 694, 562, 670, 728, 845, 689, 597, 707, 611, 766, 704, 866, 655, 607, 620, 773, 736, 621, 724, 811, 725, 556, 585, 761, 738, 695, 838, 730, 635, 839, 857, 574, 788, 605, 746, 686, 624, 861, 676, 751, 560, 716, 836, 659, 825, 600, 634, 867, 757, 646, 618, 869, 887, 715, 671, 578, 630, 745, 710, 596, 701, 827, 571, 650, 674, 593, 791, 603, 798, 799, 850, 590, 662, 599, 782, 734, 821, 756, 717, 570, 794, 828, 820, 641, 859, 747, 682, 572, 848, 754, 640, 626, 698, 675, 789, 743, 684, 865, 868, 759, 577, 591, 771, 862, 566, 580, 679, 627, 642, 629, 551, 775, 714, 548, 721, 656, 753, 625, 653, 875, 553, 631, 543, 749, 762, 712, 769, 652, 726, 750, 806, 742, 706, 843, 691, 805, 851, 786, 606, 852, 819, 581, 796, 678, 779, 783, 703, 601, 837, 722, 665, 569, 854, 541, 720, 565, 610, 808, 693, 880, 688, 831, 550, 847, 692, 735, 760, 888, 877, 874, 718, 764, 612, 647, 818, 588, 549, 755, 711, 633, 683, 780, 833, 617, 680, 732, 846, 767, 539, 557, 815, 690, 661, 576, 533, 535, 542, 770, 583, 639, 776, 563, 879, 555, 946, 901, 969, 972, 962, 997, 978, 956, 914, 921, 948, 929, 893, 892, 942, 989, 904, 941, 988, 923, 922, 917, 931, 963, 958, 976, 944, 940, 974, 919, 965, 979, 970, 947, 918, 966, 934, 909, 993, 930, 953, 903, 952, 998, 899, 975, 991, 928, 959, 961, 957, 911, 933, 977, 995, 971, 982, 999, 939, 984, 990, 906, 896, 992, 120, 107, 50, 196, 90, 118, 72, 172, 213, 47, 187, 158, 211, 88, 204, 215, 152, 189, 83, 14, 96, 125, 18, 197, 134, 127, 51, 210, 84, 186, 171, 123, 61, 97, 224, 46, 81, 48, 219, 178, 74, 40, 10, 24, 2, 82, 142, 75, 182, 230, 185, 191, 170, 95, 52, 202, 64, 25, 91, 149, 31, 109, 110, 70, 39, 161, 56, 131, 209, 174, 167, 54, 63, 105, 27, 157, 101, 34, 113, 205, 21, 33, 6, 11, 126, 4, 1, 163, 129, 32, 73, 19, 177, 184, 194, 66, 69, 71, 89, 85, 108, 67, 80, 112, 115, 226, 114, 77, 150, 35, 198, 147, 166, 228, 9, 55, 227, 135, 206, 192, 45, 20, 229, 153, 36, 179, 43, 175, 117, 102, 181, 155, 119, 133, 225, 58, 42, 212, 165, 121, 16, 223, 99, 41, 60, 65, 190, 5, 15, 22, 62, 141, 17, 217, 151, 44, 138, 200, 159, 154, 221, 59, 143, 92, 122, 23, 106, 124, 103, 173, 100, 162, 53, 130, 13, 222, 78, 199, 7, 111, 79, 28, 38, 203, 29, 146, 12, 144, 128, 193, 30, 164, 216, 218, 132, 68, 140, 183, 37, 49, 148, 160, 207, 169, 76, 8, 86, 195, 93, 208, 201, 26, 3, 156, 214, 87, 180, 139, 176, 136, 145, 220, 137, 94, 98, 116, 188, 57, 104, 168, 0], [0, 231, 444, 367, 385, 359, 400, 390, 311, 234, 530, 309, 467, 527, 289, 491, 326, 361, 526, 379, 397, 306, 437, 446, 370, 369, 466, 339, 243, 474, 335, 277, 395, 283, 276, 254, 382, 265, 327, 268, 345, 531, 337, 360, 244, 479, 282, 521, 424, 465, 456, 512, 464, 529, 315, 366, 293, 261, 374, 436, 386, 356, 497, 236, 508, 477, 302, 238, 482, 312, 257, 434, 442, 411, 279, 320, 305, 418, 380, 475, 509, 480, 486, 469, 251, 247, 461, 262, 494, 524, 500, 368, 517, 487, 505, 278, 445, 288, 511, 273, 338, 241, 443, 295, 433, 409, 336, 417, 245, 255, 431, 493, 322, 316, 348, 308, 506, 291, 334, 239, 449, 286, 328, 492, 454, 383, 340, 332, 476, 301, 353, 294, 284, 377, 280, 516, 504, 396, 375, 389, 498, 419, 408, 266, 258, 502, 270, 249, 321, 399, 415, 256, 253, 430, 343, 473, 471, 342, 378, 299, 439, 441, 448, 406, 344, 520, 233, 307, 237, 422, 362, 523, 292, 428, 388, 484, 252, 404, 351, 495, 352, 297, 272, 264, 518, 457, 394, 333, 246, 365, 248, 450, 349, 274, 350, 468, 354, 314, 331, 490, 373, 263, 488, 478, 296, 317, 329, 481, 410, 325, 387, 452, 412, 460, 501, 242, 462, 432, 232, 304, 407, 398, 267, 499, 485, 358, 447, 483, 426, 423, 510, 522, 451, 393, 503, 323, 300, 346, 455, 429, 355, 259, 528, 303, 463, 341, 381, 438, 525, 514, 287, 324, 330, 347, 290, 416, 489, 402, 427, 435, 472, 391, 260, 298, 285, 363, 519, 235, 376, 372, 240, 250, 401, 413, 271, 357, 371, 532, 405, 275, 421, 507, 515, 425, 414, 458, 269, 310, 384, 440, 496, 318, 281, 392, 403, 364, 319, 420, 313, 453, 470, 513, 459, 897, 905, 907, 913, 985, 932, 951, 935, 894, 938, 968, 994, 920, 981, 908, 983, 937, 925, 924, 915, 898, 945, 954, 980, 949, 964, 973, 910, 996, 900, 936, 912, 967, 950, 927, 955, 960, 943, 902, 986, 987, 895, 916, 926, 817, 708, 568, 616, 628, 841, 864, 582, 595, 702, 534, 677, 559, 856, 855, 540, 552, 632, 697, 723, 567, 719, 648, 822, 863, 687, 615, 801, 622, 752, 545, 696, 884, 795, 546, 891, 554, 561, 840, 834, 816, 842, 705, 882, 589, 889, 807, 544, 536, 744, 733, 858, 649, 890, 608, 586, 685, 604, 594, 876, 849, 673, 813, 793, 668, 878, 592, 681, 765, 614, 740, 727, 644, 797, 657, 778, 814, 731, 883, 860, 871, 558, 772, 739, 669, 872, 748, 613, 658, 664, 758, 699, 609, 709, 853, 787, 826, 804, 829, 651, 579, 763, 737, 823, 830, 643, 785, 564, 832, 802, 654, 619, 666, 777, 663, 824, 623, 886, 809, 835, 803, 885, 602, 660, 575, 636, 844, 547, 573, 537, 792, 584, 598, 781, 0]]"
outliers,outliers_n1000_m5_r01.txt,data\mtsp\generated_multifamily\outliers_n1000_m5_r01.txt,1000,5,ortools-gls,medium,,4.758675,False,no_solution,False,[]
outliers,outliers_n1000_m5_r01.txt,data\mtsp\generated_multifamily\outliers_n1000_m5_r01.txt,1000,5,tsp-transform-lkh,medium,7414.94928,1.041065,True,ok,False,"[[0, 402, 593, 576, 452, 568, 491, 477, 514, 418, 454, 539, 440, 401, 387, 501, 406, 422, 575, 583, 559, 572, 0], [0, 303, 282, 352, 306, 207, 164, 281, 313, 181, 224, 226, 242, 175, 297, 239, 219, 295, 269, 355, 340, 333, 231, 348, 220, 183, 250, 194, 325, 256, 169, 362, 317, 253, 190, 349, 260, 229, 347, 212, 345, 337, 294, 191, 372, 351, 342, 311, 206, 280, 235, 227, 326, 274, 221, 358, 309, 357, 217, 178, 301, 165, 201, 284, 323, 329, 332, 293, 170, 308, 268, 179, 168, 273, 296, 233, 255, 237, 292, 261, 218, 173, 288, 246, 363, 300, 364, 200, 211, 321, 247, 225, 298, 343, 353, 223, 236, 213, 240, 264, 328, 310, 197, 177, 187, 327, 203, 285, 189, 361, 234, 210, 171, 346, 257, 254, 182, 266, 199, 263, 291, 252, 369, 272, 322, 222, 356, 249, 344, 232, 304, 196, 193, 359, 209, 307, 279, 188, 341, 368, 176, 248, 305, 336, 299, 283, 265, 216, 208, 290, 278, 331, 258, 366, 198, 184, 270, 289, 205, 204, 192, 238, 330, 302, 167, 354, 271, 277, 174, 195, 365, 371, 251, 230, 339, 312, 287, 185, 319, 286, 370, 275, 214, 314, 318, 334, 320, 245, 166, 267, 241, 186, 243, 180, 276, 367, 202, 259, 335, 350, 315, 215, 338, 244, 360, 324, 262, 228, 316, 172, 0], [0, 6, 141, 125, 72, 66, 41, 47, 33, 76, 18, 118, 162, 8, 49, 27, 127, 132, 99, 34, 155, 150, 115, 22, 153, 40, 23, 70, 42, 109, 105, 98, 154, 4, 56, 91, 100, 136, 58, 68, 160, 161, 50, 130, 116, 140, 88, 151, 52, 5, 124, 119, 137, 53, 128, 133, 61, 39, 16, 147, 145, 112, 7, 11, 17, 25, 108, 148, 84, 78, 90, 134, 64, 97, 55, 60, 120, 43, 77, 14, 81, 139, 94, 143, 102, 107, 31, 104, 83, 163, 13, 19, 117, 114, 121, 44, 59, 80, 87, 106, 21, 86, 142, 51, 74, 2, 126, 15, 63, 82, 48, 62, 113, 30, 138, 146, 9, 57, 28, 45, 46, 89, 29, 96, 71, 10, 110, 32, 38, 85, 26, 37, 79, 73, 0], [0, 122, 129, 54, 152, 159, 158, 36, 35, 20, 144, 24, 12, 1, 123, 92, 156, 135, 149, 69, 111, 101, 95, 103, 131, 67, 65, 3, 75, 93, 157, 0], [0, 653, 773, 702, 724, 718, 745, 620, 618, 670, 800, 735, 634, 725, 791, 617, 806, 596, 638, 683, 722, 693, 685, 637, 790, 742, 635, 723, 650, 779, 658, 782, 744, 804, 661, 720, 751, 770, 686, 665, 681, 622, 707, 703, 672, 721, 802, 734, 612, 649, 701, 611, 660, 609, 662, 663, 748, 674, 767, 682, 680, 628, 664, 698, 678, 737, 754, 756, 783, 677, 798, 808, 687, 786, 705, 780, 630, 717, 684, 711, 774, 644, 597, 615, 787, 765, 607, 731, 753, 676, 781, 613, 755, 811, 803, 654, 752, 648, 625, 655, 732, 761, 604, 641, 789, 689, 763, 788, 627, 621, 645, 743, 795, 598, 646, 805, 601, 794, 603, 733, 729, 726, 673, 750, 692, 679, 659, 623, 715, 614, 784, 595, 616, 730, 639, 801, 642, 706, 747, 760, 667, 696, 775, 757, 759, 807, 602, 708, 694, 704, 640, 697, 709, 758, 740, 749, 797, 643, 785, 695, 669, 778, 762, 668, 768, 746, 633, 719, 675, 629, 776, 608, 727, 632, 600, 710, 606, 624, 771, 647, 792, 631, 656, 713, 714, 626, 605, 652, 712, 793, 657, 810, 671, 699, 738, 796, 777, 690, 610, 619, 739, 741, 666, 700, 636, 599, 651, 772, 691, 736, 716, 764, 688, 799, 809, 769, 728, 766, 890, 979, 964, 931, 836, 998, 972, 910, 847, 829, 874, 936, 843, 885, 821, 988, 984, 883, 833, 867, 917, 831, 924, 893, 848, 869, 938, 859, 825, 949, 922, 886, 870, 851, 970, 965, 971, 901, 849, 858, 966, 872, 982, 976, 822, 939, 913, 929, 856, 973, 868, 834, 814, 857, 818, 906, 900, 845, 888, 945, 908, 921, 837, 951, 882, 826, 911, 815, 962, 820, 827, 961, 940, 974, 905, 946, 956, 977, 957, 846, 943, 903, 862, 947, 896, 933, 907, 955, 887, 969, 840, 892, 871, 853, 975, 999, 841, 835, 927, 817, 865, 986, 824, 816, 912, 898, 916, 839, 852, 919, 967, 863, 994, 832, 980, 987, 904, 995, 990, 948, 813, 954, 823, 926, 855, 838, 861, 909, 866, 894, 899, 819, 875, 812, 891, 981, 915, 878, 930, 925, 880, 942, 996, 985, 864, 920, 952, 928, 873, 989, 854, 889, 884, 950, 918, 881, 914, 983, 935, 978, 828, 944, 932, 844, 902, 991, 937, 895, 879, 963, 897, 923, 960, 958, 941, 953, 992, 993, 850, 968, 997, 860, 876, 959, 842, 877, 830, 934, 450, 585, 578, 502, 391, 551, 566, 468, 481, 389, 542, 476, 567, 396, 395, 465, 503, 405, 570, 541, 533, 517, 535, 586, 538, 381, 523, 550, 417, 553, 529, 531, 562, 565, 399, 475, 433, 526, 511, 459, 388, 416, 464, 424, 584, 470, 410, 497, 378, 397, 549, 379, 473, 466, 442, 408, 456, 420, 543, 554, 434, 574, 525, 386, 489, 488, 571, 592, 431, 463, 516, 594, 460, 507, 479, 520, 581, 428, 558, 427, 505, 474, 579, 472, 537, 582, 435, 500, 482, 555, 413, 573, 530, 557, 494, 480, 512, 375, 515, 552, 419, 591, 384, 509, 457, 498, 441, 471, 446, 403, 448, 429, 390, 455, 521, 544, 528, 499, 536, 495, 392, 425, 444, 373, 436, 411, 430, 385, 563, 432, 469, 524, 486, 376, 564, 439, 487, 398, 560, 483, 484, 547, 540, 467, 374, 400, 492, 445, 590, 409, 380, 522, 580, 478, 415, 546, 383, 377, 548, 423, 461, 447, 506, 426, 421, 569, 443, 532, 458, 453, 556, 518, 393, 407, 534, 510, 577, 414, 394, 451, 508, 493, 527, 462, 587, 588, 437, 496, 449, 485, 412, 589, 513, 490, 561, 438, 519, 545, 504, 382, 404, 0]]"
outliers,outliers_n1000_m7_r01.txt,data\mtsp\generated_multifamily\outliers_n1000_m7_r01.txt,1000,7,ortools-gls,medium,,4.759041,False,no_solution,False,[]
outliers,outliers_n1000_m7_r01.txt,data\mtsp\generated_multifamily\outliers_n1000_m7_r01.txt,1000,7,tsp-transform-lkh,medium,6570.992205,1.205448,True,ok,False,"[[0, 645, 762, 769, 655, 680, 803, 777, 736, 724, 731, 709, 845, 842, 765, 672, 813, 735, 648, 871, 704, 820, 855, 718, 792, 816, 858, 661, 639, 696, 705, 770, 690, 793, 790, 839, 659, 732, 829, 810, 640, 806, 781, 707, 683, 773, 662, 631, 693, 730, 692, 747, 868, 643, 666, 749, 821, 759, 870, 710, 742, 791, 860, 758, 676, 779, 699, 656, 737, 721, 644, 786, 694, 763, 657, 849, 831, 815, 632, 703, 668, 778, 798, 752, 665, 712, 689, 681, 819, 667, 780, 841, 828, 826, 817, 823, 738, 0], [0, 144, 222, 90, 177, 245, 185, 155, 39, 98, 78, 338, 339, 138, 165, 31, 82, 201, 121, 12, 249, 13, 142, 269, 26, 3, 328, 192, 219, 347, 145, 321, 289, 136, 317, 66, 151, 194, 76, 143, 294, 343, 229, 251, 33, 150, 94, 159, 49, 237, 259, 4, 169, 305, 332, 198, 23, 147, 163, 52, 6, 286, 285, 327, 65, 125, 20, 308, 243, 139, 132, 306, 85, 55, 313, 112, 134, 301, 2, 228, 35, 175, 181, 187, 189, 278, 167, 205, 258, 75, 267, 216, 341, 40, 166, 79, 58, 43, 110, 127, 314, 319, 111, 272, 120, 95, 234, 99, 62, 179, 19, 209, 204, 197, 279, 193, 309, 288, 119, 240, 59, 69, 322, 311, 77, 8, 271, 107, 56, 126, 292, 203, 68, 238, 291, 87, 235, 170, 91, 230, 208, 220, 257, 48, 233, 115, 164, 15, 264, 10, 9, 41, 97, 263, 283, 113, 141, 318, 81, 117, 24, 186, 161, 103, 118, 11, 211, 218, 63, 191, 128, 199, 315, 206, 227, 148, 333, 232, 86, 298, 293, 37, 135, 89, 146, 276, 335, 268, 44, 153, 340, 53, 25, 21, 266, 80, 274, 248, 323, 246, 157, 241, 307, 325, 214, 316, 173, 212, 300, 32, 16, 60, 303, 239, 46, 226, 329, 101, 1, 310, 295, 73, 275, 265, 312, 154, 109, 172, 299, 102, 83, 108, 160, 277, 273, 284, 221, 202, 28, 105, 70, 57, 171, 133, 324, 36, 290, 22, 254, 51, 183, 302, 270, 196, 296, 96, 253, 5, 188, 18, 152, 38, 162, 93, 7, 88, 27, 252, 74, 337, 330, 129, 124, 213, 225, 178, 34, 256, 114, 336, 64, 42, 200, 320, 156, 29, 84, 122, 67, 195, 54, 261, 223, 260, 304, 174, 345, 72, 71, 215, 190, 131, 242, 149, 236, 92, 331, 116, 280, 282, 346, 176, 262, 47, 123, 287, 45, 106, 180, 17, 104, 217, 61, 250, 224, 137, 184, 247, 14, 326, 50, 140, 344, 30, 130, 342, 255, 158, 244, 168, 100, 210, 231, 334, 207, 281, 297, 182, 0], [0, 355, 0], [0, 575, 0], [0, 595, 0], [0, 527, 354, 406, 512, 510, 438, 424, 565, 404, 464, 600, 481, 532, 628, 517, 585, 607, 547, 398, 606, 590, 449, 388, 426, 423, 386, 399, 613, 497, 384, 537, 582, 435, 580, 367, 383, 374, 546, 597, 379, 502, 396, 490, 362, 417, 416, 377, 421, 557, 528, 351, 350, 485, 533, 357, 615, 373, 419, 594, 422, 470, 468, 521, 358, 413, 559, 505, 563, 352, 473, 450, 382, 356, 452, 461, 509, 534, 437, 592, 466, 420, 491, 610, 380, 506, 581, 402, 427, 560, 621, 407, 566, 456, 572, 430, 524, 483, 573, 616, 625, 453, 530, 626, 520, 446, 409, 451, 605, 375, 392, 504, 611, 549, 401, 593, 414, 496, 408, 570, 476, 359, 391, 551, 469, 487, 539, 516, 448, 604, 622, 522, 564, 385, 459, 571, 440, 369, 366, 494, 443, 403, 598, 445, 457, 503, 368, 364, 353, 381, 444, 429, 518, 495, 526, 540, 433, 432, 617, 623, 376, 471, 370, 553, 360, 0], [0, 418, 541, 410, 439, 479, 554, 508, 577, 515, 480, 514, 612, 454, 601, 587, 525, 475, 458, 431, 523, 542, 434, 620, 348, 400, 365, 567, 596, 397, 618, 395, 478, 412, 460, 484, 591, 548, 568, 455, 498, 609, 489, 535, 465, 378, 519, 393, 578, 562, 569, 579, 486, 499, 552, 493, 405, 447, 574, 602, 441, 619, 531, 474, 544, 501, 545, 536, 387, 550, 556, 627, 462, 529, 436, 428, 415, 482, 513, 599, 411, 507, 371, 558, 555, 492, 463, 472, 583, 561, 488, 394, 589, 477, 588, 511, 363, 372, 614, 425, 576, 349, 538, 543, 584, 624, 608, 361, 500, 442, 389, 390, 586, 467, 603, 954, 884, 882, 922, 908, 927, 905, 910, 974, 990, 994, 899, 975, 989, 919, 931, 995, 962, 999, 968, 977, 991, 937, 891, 895, 904, 916, 961, 964, 981, 912, 993, 917, 875, 996, 923, 903, 930, 940, 888, 985, 918, 894, 911, 992, 955, 965, 939, 880, 969, 950, 958, 877, 932, 956, 948, 971, 957, 873, 983, 998, 963, 979, 933, 986, 926, 936, 876, 988, 966, 953, 890, 947, 886, 949, 889, 878, 885, 915, 913, 943, 976, 978, 960, 997, 906, 924, 883, 925, 970, 944, 982, 980, 929, 973, 941, 879, 952, 935, 928, 874, 896, 893, 901, 887, 897, 920, 907, 945, 972, 914, 951, 946, 934, 984, 967, 959, 898, 881, 900, 938, 902, 921, 987, 892, 942, 909, 688, 766, 847, 754, 701, 720, 685, 748, 760, 827, 716, 746, 835, 734, 678, 757, 642, 801, 795, 698, 669, 633, 653, 750, 637, 641, 782, 808, 654, 864, 664, 838, 787, 836, 756, 764, 818, 768, 862, 686, 729, 708, 634, 675, 840, 784, 722, 809, 824, 674, 706, 755, 713, 846, 677, 794, 783, 812, 702, 859, 800, 843, 767, 684, 697, 797, 832, 715, 741, 802, 814, 869, 776, 739, 761, 865, 825, 743, 745, 650, 728, 774, 652, 700, 691, 857, 844, 771, 867, 679, 775, 854, 799, 822, 663, 714, 726, 723, 872, 850, 687, 751, 717, 646, 670, 638, 725, 711, 649, 727, 695, 856, 636, 863, 811, 719, 789, 651, 852, 805, 658, 630, 785, 772, 671, 851, 848, 866, 853, 788, 660, 629, 733, 753, 830, 744, 740, 804, 833, 647, 682, 635, 807, 673, 861, 834, 837, 796, 0]]"
outliers,outliers_n100_m2_r01.txt,data\mtsp\generated_multifamily\outliers_n100_m2_r01.txt,100,2,ortools-gls,medium,311.797562,5.000614,True,ok,False,"[[0, 15, 17, 12, 4, 20, 8, 5, 13, 9, 14, 18, 7, 3, 10, 16, 1, 11, 19, 2, 6, 85, 90, 98, 96, 24, 25, 28, 26, 21, 33, 29, 36, 22, 31, 39, 32, 35, 40, 34, 38, 30, 23, 27, 37, 87, 89, 86, 57, 46, 56, 58, 53, 55, 47, 48, 41, 54, 44, 60, 59, 51, 42, 49, 50, 45, 52, 61, 43, 91, 95, 92, 77, 62, 66, 76, 73, 79, 68, 84, 80, 69, 67, 83, 78, 81, 75, 82, 72, 97, 93, 88, 99, 94, 71, 63, 65, 74, 64, 70, 0], [0, 0]]"
outliers,outliers_n100_m2_r01.txt,data\mtsp\generated_multifamily\outliers_n100_m2_r01.txt,100,2,tsp-transform-lkh,medium,334.183726,0.092735,True,ok,False,"[[0, 28, 25, 24, 96, 98, 90, 85, 6, 2, 19, 11, 1, 16, 10, 3, 7, 18, 14, 9, 13, 15, 17, 12, 5, 8, 20, 4, 99, 88, 94, 93, 97, 72, 82, 75, 81, 78, 74, 65, 63, 71, 64, 73, 79, 83, 67, 69, 80, 84, 68, 76, 66, 62, 70, 77, 0], [0, 92, 95, 91, 43, 61, 52, 45, 50, 49, 42, 51, 60, 44, 54, 41, 47, 55, 48, 59, 53, 58, 56, 46, 57, 86, 89, 87, 34, 40, 35, 32, 39, 31, 22, 36, 29, 30, 38, 37, 27, 23, 33, 21, 26, 0]]"
outliers,outliers_n100_m3_r01.txt,data\mtsp\generated_multifamily\outliers_n100_m3_r01.txt,100,3,ortools-gls,medium,337.397732,5.000973,True,ok,False,"[[0, 31, 23, 38, 36, 19, 37, 18, 20, 27, 99, 93, 83, 89, 85, 94, 34, 22, 26, 30, 35, 39, 25, 32, 33, 24, 21, 28, 40, 29, 84, 82, 12, 2, 15, 4, 10, 16, 7, 14, 8, 6, 1, 17, 3, 9, 13, 11, 5, 97, 88, 92, 86, 95, 96, 75, 65, 60, 63, 59, 68, 73, 67, 64, 98, 90, 91, 87, 53, 55, 46, 41, 52, 42, 54, 57, 51, 48, 43, 47, 56, 49, 58, 45, 50, 44, 80, 66, 78, 71, 79, 70, 61, 77, 74, 72, 81, 76, 62, 69, 0], [0, 0], [0, 0]]"
outliers,outliers_n100_m3_r01.txt,data\mtsp\generated_multifamily\outliers_n100_m3_r01.txt,100,3,tsp-transform-lkh,medium,372.688322,0.088707,True,ok,False,"[[0, 81, 76, 62, 69, 0], [0, 80, 66, 78, 71, 79, 70, 61, 77, 74, 72, 75, 65, 60, 63, 59, 68, 73, 67, 64, 98, 90, 91, 87, 41, 46, 55, 53, 44, 50, 45, 58, 49, 56, 47, 43, 52, 42, 48, 51, 57, 54, 89, 83, 85, 93, 99, 94, 34, 20, 27, 23, 31, 0], [0, 36, 38, 19, 21, 29, 40, 28, 24, 33, 32, 37, 18, 22, 26, 30, 35, 39, 25, 84, 82, 12, 2, 15, 4, 7, 14, 8, 6, 1, 17, 3, 9, 13, 16, 10, 5, 11, 97, 88, 92, 86, 95, 96, 0]]"
outliers,outliers_n100_m5_r01.txt,data\mtsp\generated_multifamily\outliers_n100_m5_r01.txt,100,5,ortools-gls,medium,291.572236,5.001307,True,ok,False,"[[0, 12, 1, 6, 11, 29, 3, 22, 7, 25, 27, 20, 23, 4, 17, 13, 31, 33, 98, 95, 91, 14, 32, 18, 26, 21, 19, 24, 2, 9, 16, 30, 8, 15, 28, 10, 5, 34, 92, 89, 90, 94, 86, 99, 96, 51, 48, 55, 58, 60, 52, 43, 61, 54, 42, 40, 53, 50, 36, 38, 35, 37, 44, 41, 59, 46, 45, 57, 39, 49, 56, 47, 97, 87, 93, 63, 64, 75, 88, 77, 72, 67, 80, 73, 81, 83, 84, 82, 70, 76, 68, 78, 65, 66, 62, 85, 69, 79, 74, 71, 0], [0, 0], [0, 0], [0, 0], [0, 0]]"
outliers,outliers_n100_m5_r01.txt,data\mtsp\generated_multifamily\outliers_n100_m5_r01.txt,100,5,tsp-transform-lkh,medium,409.934239,0.07404,True,ok,False,"[[0, 31, 33, 13, 17, 4, 14, 32, 91, 95, 98, 0], [0, 70, 66, 62, 0], [0, 71, 74, 79, 69, 85, 65, 78, 68, 76, 82, 84, 83, 81, 73, 80, 67, 72, 63, 64, 75, 77, 88, 93, 87, 97, 45, 46, 59, 41, 37, 35, 44, 38, 36, 39, 57, 47, 56, 49, 40, 54, 42, 50, 53, 61, 43, 52, 60, 58, 55, 48, 51, 0], [0, 96, 99, 86, 94, 90, 89, 92, 0], [0, 34, 5, 10, 28, 15, 8, 30, 16, 9, 19, 21, 26, 18, 24, 2, 23, 20, 27, 25, 7, 22, 3, 29, 11, 6, 1, 12, 0]]"
outliers,outliers_n200_m2_r01.txt,data\mtsp\generated_multifamily\outliers_n200_m2_r01.txt,200,2,ortools-gls,medium,703.807369,5.000986,True,ok,False,"[[0, 36, 32, 35, 42, 50, 37, 25, 17, 56, 39, 52, 47, 15, 1, 49, 58, 40, 12, 21, 2, 3, 48, 11, 38, 10, 34, 23, 57, 59, 191, 193, 183, 182, 186, 190, 194, 179, 187, 192, 188, 178, 177, 195, 181, 180, 13, 53, 28, 5, 16, 41, 33, 4, 54, 51, 9, 6, 55, 7, 45, 31, 24, 18, 14, 43, 46, 29, 19, 8, 20, 44, 26, 22, 30, 27, 100, 93, 91, 86, 84, 88, 75, 64, 95, 74, 97, 63, 67, 198, 184, 199, 189, 197, 176, 185, 196, 116, 132, 120, 137, 118, 126, 102, 70, 82, 68, 71, 73, 92, 79, 98, 85, 65, 76, 77, 90, 96, 62, 99, 87, 105, 60, 81, 89, 106, 94, 101, 72, 80, 83, 66, 104, 103, 61, 69, 78, 127, 112, 129, 109, 135, 128, 124, 108, 117, 130, 133, 113, 125, 119, 134, 136, 122, 131, 121, 138, 114, 110, 139, 111, 115, 123, 107, 140, 146, 142, 143, 172, 161, 162, 170, 156, 154, 169, 168, 145, 149, 158, 159, 175, 155, 171, 163, 151, 144, 167, 148, 165, 173, 164, 150, 174, 152, 147, 160, 141, 166, 153, 157, 0], [0, 0]]"
outliers,outliers_n200_m2_r01.txt,data\mtsp\generated_multifamily\outliers_n200_m2_r01.txt,200,2,tsp-transform-lkh,medium,708.160977,0.204582,True,ok,False,"[[0, 72, 101, 94, 100, 93, 106, 91, 89, 60, 81, 86, 75, 64, 88, 84, 99, 62, 96, 95, 74, 77, 90, 76, 65, 97, 63, 67, 85, 68, 71, 73, 92, 79, 98, 184, 197, 189, 199, 198, 178, 177, 195, 181, 188, 192, 187, 179, 180, 13, 53, 28, 8, 46, 29, 19, 51, 9, 6, 43, 44, 20, 26, 22, 14, 18, 24, 30, 27, 31, 45, 7, 55, 56, 17, 25, 37, 50, 36, 32, 35, 42, 58, 40, 12, 49, 21, 2, 11, 38, 10, 34, 23, 59, 57, 4, 48, 3, 47, 1, 15, 39, 52, 54, 5, 16, 41, 33, 194, 190, 186, 182, 183, 193, 191, 173, 164, 150, 174, 152, 147, 165, 148, 167, 155, 175, 158, 149, 159, 145, 168, 169, 154, 171, 163, 144, 160, 157, 153, 166, 141, 140, 146, 142, 151, 156, 170, 162, 161, 143, 172, 196, 185, 176, 139, 110, 114, 138, 131, 121, 119, 122, 136, 134, 111, 115, 120, 116, 132, 137, 118, 107, 126, 123, 130, 133, 125, 113, 117, 108, 124, 128, 135, 109, 129, 112, 127, 0], [0, 78, 61, 69, 102, 82, 70, 87, 105, 104, 103, 66, 83, 80, 0]]"
outliers,outliers_n200_m3_r01.txt,data\mtsp\generated_multifamily\outliers_n200_m3_r01.txt,200,3,ortools-gls,medium,703.734285,5.000817,True,ok,False,"[[0, 147, 142, 153, 159, 135, 139, 124, 118, 140, 129, 156, 116, 133, 150, 134, 123, 141, 132, 138, 152, 117, 131, 155, 114, 137, 111, 136, 119, 143, 112, 158, 130, 126, 122, 125, 113, 157, 115, 128, 121, 127, 146, 151, 148, 120, 145, 154, 144, 149, 195, 199, 160, 196, 179, 180, 161, 166, 190, 178, 167, 185, 192, 197, 169, 171, 193, 177, 175, 162, 194, 189, 97, 102, 87, 107, 89, 73, 100, 77, 80, 78, 109, 103, 85, 65, 66, 81, 101, 69, 67, 71, 72, 99, 110, 106, 95, 86, 83, 82, 91, 68, 84, 64, 88, 108, 105, 94, 96, 98, 92, 75, 76, 104, 93, 70, 79, 74, 90, 54, 51, 52, 48, 38, 28, 59, 56, 41, 39, 14, 36, 18, 17, 15, 13, 20, 61, 5, 23, 40, 63, 9, 42, 50, 55, 34, 47, 6, 16, 44, 10, 57, 2, 58, 32, 49, 188, 191, 184, 172, 183, 176, 170, 186, 174, 198, 182, 181, 168, 164, 165, 163, 187, 173, 19, 11, 24, 29, 4, 21, 27, 26, 7, 35, 60, 1, 22, 37, 43, 45, 53, 46, 25, 8, 33, 3, 12, 31, 62, 30, 0], [0, 0], [0, 0]]"
outliers,outliers_n200_m3_r01.txt,data\mtsp\generated_multifamily\outliers_n200_m3_r01.txt,200,3,tsp-transform-lkh,medium,715.918303,0.184801,True,ok,False,"[[0, 54, 51, 52, 48, 38, 28, 41, 56, 59, 25, 8, 33, 3, 12, 31, 30, 62, 43, 37, 45, 53, 46, 36, 14, 39, 6, 16, 44, 2, 58, 32, 49, 57, 10, 34, 47, 18, 17, 15, 13, 20, 61, 5, 23, 40, 63, 55, 9, 42, 50, 19, 11, 24, 29, 4, 21, 27, 26, 7, 22, 35, 1, 60, 0], [0, 147, 0], [0, 135, 159, 139, 153, 142, 129, 156, 152, 140, 118, 124, 117, 131, 143, 112, 119, 155, 114, 137, 111, 136, 158, 130, 125, 113, 157, 122, 126, 132, 138, 123, 141, 134, 150, 133, 116, 149, 144, 154, 145, 120, 148, 151, 146, 127, 121, 128, 115, 192, 197, 185, 167, 178, 190, 166, 161, 180, 179, 196, 195, 199, 160, 173, 187, 163, 165, 164, 181, 168, 198, 174, 182, 188, 191, 184, 186, 172, 170, 176, 183, 189, 194, 162, 175, 177, 193, 171, 169, 65, 66, 101, 67, 71, 69, 81, 85, 103, 109, 78, 80, 77, 100, 73, 89, 107, 99, 110, 106, 95, 86, 83, 87, 102, 97, 82, 91, 68, 84, 64, 88, 108, 105, 94, 96, 98, 92, 75, 76, 72, 79, 104, 93, 70, 74, 90, 0]]"
outliers,outliers_n200_m5_r01.txt,data\mtsp\generated_multifamily\outliers_n200_m5_r01.txt,200,5,ortools-gls,medium,683.154824,5.000387,True,ok,False,"[[0, 114, 63, 95, 119, 103, 82, 105, 81, 98, 106, 64, 101, 96, 120, 76, 71, 91, 74, 84, 79, 75, 104, 102, 107, 118, 108, 88, 80, 70, 87, 93, 89, 100, 99, 66, 62, 110, 72, 176, 179, 196, 181, 199, 186, 97, 113, 67, 61, 109, 85, 83, 116, 92, 78, 69, 86, 90, 112, 115, 65, 77, 117, 94, 68, 73, 111, 37, 57, 16, 13, 50, 26, 60, 20, 6, 46, 39, 32, 31, 4, 18, 22, 35, 23, 42, 9, 53, 11, 25, 55, 15, 44, 30, 27, 24, 41, 3, 52, 51, 49, 59, 10, 191, 195, 189, 188, 178, 174, 185, 194, 198, 193, 183, 175, 187, 43, 21, 47, 40, 29, 38, 36, 33, 58, 2, 54, 34, 19, 12, 28, 48, 7, 17, 56, 1, 45, 14, 5, 8, 127, 125, 156, 154, 123, 131, 143, 145, 161, 137, 133, 172, 124, 147, 129, 138, 148, 164, 197, 177, 192, 190, 180, 182, 184, 122, 126, 141, 139, 169, 159, 128, 166, 167, 135, 162, 146, 171, 151, 136, 134, 149, 132, 150, 168, 173, 165, 130, 152, 158, 160, 153, 155, 121, 142, 157, 163, 140, 144, 170, 0], [0, 0], [0, 0], [0, 0], [0, 0]]"
outliers,outliers_n200_m5_r01.txt,data\mtsp\generated_multifamily\outliers_n200_m5_r01.txt,200,5,tsp-transform-lkh,medium,737.622226,0.24844,True,ok,False,"[[0, 111, 0], [0, 127, 125, 156, 154, 123, 131, 145, 143, 124, 147, 129, 138, 148, 164, 166, 128, 159, 167, 135, 172, 162, 139, 169, 141, 126, 122, 146, 171, 151, 136, 130, 133, 137, 161, 152, 158, 160, 153, 155, 121, 157, 142, 0], [0, 170, 0], [0, 144, 163, 140, 173, 165, 134, 149, 132, 168, 150, 0], [0, 182, 184, 180, 190, 192, 177, 197, 198, 193, 183, 194, 185, 174, 175, 187, 43, 21, 23, 35, 22, 18, 4, 39, 46, 12, 28, 19, 34, 54, 2, 58, 33, 36, 38, 47, 40, 29, 45, 14, 5, 8, 1, 56, 17, 7, 48, 37, 57, 16, 13, 50, 26, 60, 20, 6, 32, 31, 55, 15, 44, 30, 52, 3, 41, 27, 24, 10, 59, 49, 51, 25, 11, 53, 42, 9, 178, 188, 189, 195, 191, 186, 199, 181, 196, 179, 176, 72, 110, 97, 113, 67, 61, 109, 85, 83, 116, 92, 78, 69, 86, 90, 112, 115, 77, 65, 98, 81, 106, 64, 101, 96, 99, 66, 62, 100, 89, 93, 87, 70, 118, 107, 102, 79, 75, 104, 114, 91, 74, 84, 88, 108, 80, 71, 76, 120, 82, 63, 95, 119, 103, 105, 117, 94, 68, 73, 0]]"
outliers,outliers_n20_m2_r01.txt,data\mtsp\generated_multifamily\outliers_n20_m2_r01.txt,20,2,exact-mip,small,46.916909,4.653031,True,feasible:SCIP,False,"[[0, 13, 14, 11, 16, 12, 15, 0], [0, 18, 9, 10, 8, 7, 19, 17, 4, 5, 3, 2, 6, 1, 0]]"
outliers,outliers_n20_m2_r01.txt,data\mtsp\generated_multifamily\outliers_n20_m2_r01.txt,20,2,ortools-gls,small,40.940981,5.000129,True,ok,False,"[[0, 14, 13, 11, 15, 12, 16, 18, 9, 10, 8, 7, 19, 17, 4, 5, 3, 6, 2, 1, 0], [0, 0]]"
outliers,outliers_n20_m2_r01.txt,data\mtsp\generated_multifamily\outliers_n20_m2_r01.txt,20,2,tsp-transform-lkh,small,44.737483,0.05077,True,ok,False,"[[0, 2, 6, 3, 5, 4, 17, 19, 7, 8, 10, 9, 18, 16, 12, 15, 11, 13, 14, 0], [0, 1, 0]]"
outliers,outliers_n20_m3_r01.txt,data\mtsp\generated_multifamily\outliers_n20_m3_r01.txt,20,3,exact-mip,small,41.936939,4.837071,True,feasible:SCIP,False,"[[0, 3, 5, 7, 4, 6, 2, 10, 8, 15, 13, 11, 18, 17, 16, 19, 14, 1, 0], [0, 9, 0], [0, 12, 0]]"
outliers,outliers_n20_m3_r01.txt,data\mtsp\generated_multifamily\outliers_n20_m3_r01.txt,20,3,ortools-gls,small,39.730715,5.000884,True,ok,False,"[[0, 12, 15, 13, 11, 18, 17, 16, 19, 14, 1, 5, 7, 4, 6, 2, 10, 8, 3, 9, 0], [0, 0], [0, 0]]"
outliers,outliers_n20_m3_r01.txt,data\mtsp\generated_multifamily\outliers_n20_m3_r01.txt,20,3,tsp-transform-lkh,small,42.037107,0.031044,True,ok,False,"[[0, 15, 13, 11, 18, 17, 16, 19, 14, 1, 5, 7, 4, 6, 2, 10, 8, 3, 0], [0, 9, 0], [0, 12, 0]]"
outliers,outliers_n20_m5_r01.txt,data\mtsp\generated_multifamily\outliers_n20_m5_r01.txt,20,5,exact-mip,small,68.400264,2.808061,True,optimal:SCIP,True,"[[0, 4, 3, 1, 14, 0], [0, 5, 2, 0], [0, 6, 10, 7, 9, 8, 0], [0, 11, 13, 12, 19, 0], [0, 16, 15, 18, 17, 0]]"
outliers,outliers_n20_m5_r01.txt,data\mtsp\generated_multifamily\outliers_n20_m5_r01.txt,20,5,ortools-gls,small,42.426809,5.000094,True,ok,False,"[[0, 2, 5, 4, 3, 1, 14, 17, 18, 15, 16, 11, 13, 12, 19, 8, 9, 7, 10, 6, 0], [0, 0], [0, 0], [0, 0], [0, 0]]"
outliers,outliers_n20_m5_r01.txt,data\mtsp\generated_multifamily\outliers_n20_m5_r01.txt,20,5,tsp-transform-lkh,small,68.457751,0.033235,True,ok,False,"[[0, 8, 9, 7, 6, 10, 0], [0, 2, 5, 0], [0, 4, 3, 1, 14, 0], [0, 17, 18, 15, 16, 0], [0, 11, 13, 12, 19, 0]]"
outliers,outliers_n500_m2_r01.txt,data\mtsp\generated_multifamily\outliers_n500_m2_r01.txt,500,2,ortools-gls,medium,2609.583795,5.000786,True,ok,False,"[[0, 384, 412, 352, 359, 314, 354, 349, 313, 339, 416, 400, 346, 338, 399, 357, 418, 344, 358, 396, 335, 342, 308, 377, 336, 332, 411, 311, 392, 340, 323, 423, 325, 388, 408, 406, 417, 405, 421, 319, 365, 409, 309, 333, 355, 425, 347, 368, 378, 382, 320, 328, 337, 376, 318, 389, 334, 306, 393, 494, 453, 428, 499, 482, 484, 448, 490, 446, 451, 449, 426, 462, 436, 441, 444, 477, 495, 475, 460, 472, 461, 476, 467, 471, 443, 437, 463, 474, 493, 447, 435, 478, 485, 440, 432, 439, 459, 454, 481, 438, 479, 473, 456, 429, 442, 465, 470, 496, 489, 431, 434, 452, 427, 498, 497, 492, 488, 455, 486, 450, 433, 464, 491, 445, 480, 469, 468, 466, 458, 487, 483, 430, 457, 413, 404, 364, 369, 379, 372, 422, 387, 329, 373, 380, 415, 324, 367, 356, 360, 350, 315, 370, 317, 375, 398, 383, 330, 386, 351, 362, 385, 410, 371, 341, 401, 407, 327, 348, 316, 353, 322, 381, 395, 414, 374, 345, 310, 312, 420, 366, 361, 397, 424, 403, 363, 331, 390, 394, 419, 402, 343, 305, 326, 307, 391, 321, 157, 64, 75, 78, 104, 126, 59, 86, 73, 96, 25, 17, 120, 27, 125, 9, 13, 150, 10, 49, 140, 122, 89, 138, 137, 20, 67, 141, 85, 71, 76, 159, 130, 95, 102, 15, 58, 163, 155, 127, 2, 82, 14, 6, 112, 117, 160, 8, 44, 132, 56, 105, 129, 22, 152, 24, 31, 136, 16, 63, 108, 52, 41, 145, 118, 162, 46, 107, 7, 149, 43, 123, 142, 121, 103, 51, 28, 26, 148, 81, 115, 151, 11, 36, 147, 87, 53, 34, 90, 45, 114, 40, 101, 55, 128, 135, 3, 133, 156, 74, 131, 88, 65, 68, 106, 153, 4, 23, 39, 69, 110, 80, 48, 84, 94, 12, 38, 154, 57, 79, 92, 30, 134, 47, 32, 50, 143, 60, 18, 119, 146, 91, 144, 100, 99, 1, 98, 61, 139, 29, 116, 70, 21, 33, 111, 19, 54, 35, 109, 72, 124, 66, 158, 113, 93, 164, 37, 83, 77, 161, 62, 42, 97, 5, 200, 258, 199, 166, 302, 284, 185, 225, 266, 268, 265, 261, 177, 236, 208, 191, 277, 252, 182, 226, 202, 297, 230, 206, 242, 274, 173, 195, 249, 171, 247, 217, 192, 299, 288, 201, 219, 275, 181, 218, 289, 273, 190, 205, 193, 254, 207, 248, 244, 224, 187, 234, 262, 269, 281, 290, 215, 238, 287, 216, 301, 232, 165, 196, 213, 293, 255, 296, 239, 223, 197, 251, 189, 304, 233, 170, 235, 300, 229, 292, 180, 214, 285, 169, 286, 184, 228, 303, 183, 295, 174, 209, 210, 257, 241, 227, 270, 279, 264, 294, 263, 250, 271, 203, 220, 188, 282, 221, 291, 172, 280, 245, 204, 276, 283, 222, 298, 186, 246, 256, 212, 167, 179, 168, 240, 267, 243, 198, 237, 176, 175, 260, 178, 211, 194, 259, 272, 231, 253, 278, 0], [0, 0]]"
outliers,outliers_n500_m2_r01.txt,data\mtsp\generated_multifamily\outliers_n500_m2_r01.txt,500,2,tsp-transform-lkh,medium,2446.492576,0.275138,True,ok,False,"[[0, 47, 161, 62, 77, 83, 155, 127, 2, 82, 37, 164, 93, 158, 113, 117, 14, 160, 66, 124, 72, 35, 54, 19, 109, 144, 91, 60, 18, 119, 146, 100, 99, 1, 80, 143, 50, 57, 154, 38, 48, 12, 94, 84, 110, 69, 39, 23, 4, 61, 98, 139, 153, 106, 68, 29, 116, 65, 88, 70, 21, 33, 111, 105, 56, 132, 44, 8, 112, 6, 85, 141, 67, 20, 137, 138, 89, 120, 17, 25, 71, 76, 96, 73, 159, 130, 95, 15, 102, 59, 86, 27, 125, 9, 140, 13, 150, 10, 49, 122, 121, 103, 51, 28, 26, 142, 148, 123, 81, 115, 151, 43, 118, 162, 46, 107, 7, 149, 145, 41, 52, 108, 63, 16, 11, 36, 147, 87, 53, 34, 136, 31, 24, 152, 129, 22, 135, 128, 3, 131, 74, 156, 133, 55, 101, 90, 40, 114, 45, 446, 481, 454, 459, 451, 449, 462, 426, 432, 439, 440, 485, 478, 435, 447, 493, 474, 463, 437, 436, 443, 441, 471, 444, 467, 476, 461, 472, 460, 475, 477, 495, 298, 222, 186, 246, 172, 280, 283, 245, 276, 204, 210, 257, 209, 174, 295, 241, 227, 270, 279, 264, 181, 275, 262, 234, 187, 224, 244, 205, 190, 180, 292, 289, 218, 183, 303, 286, 169, 228, 184, 273, 214, 285, 193, 254, 207, 248, 229, 269, 281, 300, 235, 170, 287, 216, 238, 215, 290, 219, 201, 192, 299, 288, 263, 250, 217, 247, 271, 203, 294, 220, 188, 282, 221, 291, 167, 256, 212, 243, 267, 179, 168, 240, 175, 260, 194, 259, 272, 231, 284, 185, 266, 265, 268, 225, 211, 178, 176, 237, 198, 171, 249, 261, 195, 177, 208, 236, 230, 173, 274, 242, 206, 301, 233, 232, 304, 189, 165, 196, 255, 296, 251, 197, 223, 239, 293, 213, 297, 202, 226, 191, 182, 277, 252, 200, 258, 199, 166, 302, 253, 278, 0], [0, 321, 391, 305, 386, 362, 351, 330, 383, 334, 385, 410, 371, 341, 401, 407, 327, 348, 360, 318, 389, 306, 393, 398, 375, 317, 370, 315, 350, 376, 356, 367, 337, 316, 353, 322, 381, 320, 328, 324, 415, 380, 373, 329, 387, 422, 382, 368, 347, 372, 420, 312, 310, 378, 395, 414, 374, 345, 366, 361, 397, 424, 344, 358, 418, 403, 390, 394, 343, 326, 307, 402, 419, 339, 313, 349, 384, 412, 352, 359, 314, 354, 400, 416, 346, 331, 363, 338, 399, 357, 335, 342, 308, 377, 336, 332, 411, 311, 392, 340, 323, 423, 396, 325, 388, 408, 406, 417, 405, 421, 319, 365, 409, 309, 425, 333, 355, 379, 369, 364, 404, 413, 457, 466, 468, 469, 480, 445, 458, 487, 430, 483, 491, 464, 433, 450, 486, 455, 488, 492, 497, 498, 427, 496, 489, 470, 465, 442, 429, 456, 473, 438, 479, 490, 448, 484, 482, 453, 428, 499, 431, 434, 494, 452, 104, 126, 58, 163, 78, 75, 64, 157, 42, 97, 5, 92, 79, 32, 30, 134, 0]]"
outliers,outliers_n500_m3_r01.txt,data\mtsp\generated_multifamily\outliers_n500_m3_r01.txt,500,3,ortools-gls,medium,2534.807474,5.002922,True,ok,False,"[[0, 302, 404, 312, 320, 409, 394, 403, 297, 294, 343, 412, 298, 411, 406, 372, 324, 416, 339, 328, 426, 391, 425, 337, 338, 378, 340, 307, 326, 363, 335, 341, 359, 299, 380, 388, 356, 414, 407, 410, 362, 309, 295, 393, 434, 361, 334, 301, 303, 370, 315, 323, 376, 390, 317, 389, 352, 319, 331, 397, 401, 358, 342, 304, 347, 428, 379, 357, 418, 311, 429, 385, 417, 373, 432, 344, 384, 348, 316, 292, 395, 396, 374, 364, 360, 386, 375, 330, 392, 345, 475, 460, 471, 488, 480, 493, 458, 494, 485, 441, 487, 439, 448, 469, 495, 455, 484, 459, 449, 467, 499, 498, 437, 477, 496, 454, 490, 447, 457, 474, 451, 462, 445, 476, 489, 435, 466, 470, 483, 450, 479, 478, 482, 456, 464, 444, 465, 442, 481, 433, 290, 421, 371, 419, 350, 365, 366, 367, 305, 430, 408, 377, 333, 423, 383, 318, 398, 306, 355, 314, 329, 308, 424, 310, 296, 313, 382, 349, 369, 400, 291, 332, 346, 325, 427, 405, 399, 415, 293, 300, 322, 353, 336, 422, 413, 381, 351, 402, 420, 321, 327, 387, 368, 431, 354, 101, 58, 72, 119, 3, 17, 18, 106, 126, 43, 93, 114, 55, 33, 100, 125, 46, 42, 86, 62, 49, 84, 4, 24, 127, 120, 63, 134, 132, 133, 90, 57, 138, 50, 59, 7, 77, 40, 27, 35, 96, 34, 60, 37, 142, 115, 140, 141, 65, 95, 6, 10, 44, 121, 30, 76, 130, 83, 14, 66, 111, 45, 78, 13, 54, 98, 110, 97, 92, 47, 82, 116, 139, 123, 25, 109, 38, 122, 137, 149, 36, 26, 41, 11, 146, 87, 21, 15, 73, 104, 103, 79, 128, 68, 9, 52, 2, 131, 99, 85, 75, 129, 22, 88, 19, 135, 117, 67, 112, 89, 70, 48, 53, 143, 51, 74, 145, 20, 71, 94, 124, 39, 64, 144, 107, 8, 1, 148, 16, 150, 56, 61, 91, 32, 29, 12, 31, 5, 151, 80, 136, 118, 105, 113, 147, 102, 81, 28, 69, 23, 108, 243, 218, 219, 265, 275, 169, 261, 195, 174, 244, 214, 234, 276, 198, 186, 177, 233, 256, 249, 172, 255, 166, 216, 167, 283, 247, 184, 240, 163, 227, 253, 241, 252, 236, 229, 187, 205, 282, 178, 159, 242, 183, 286, 267, 226, 277, 246, 259, 274, 197, 235, 278, 152, 273, 280, 271, 188, 224, 223, 196, 175, 157, 257, 194, 215, 206, 266, 180, 171, 181, 199, 170, 232, 165, 208, 497, 486, 446, 436, 461, 473, 468, 443, 453, 452, 463, 491, 492, 440, 438, 472, 288, 250, 185, 245, 189, 284, 192, 264, 254, 207, 202, 248, 156, 211, 258, 230, 217, 287, 270, 272, 237, 153, 289, 239, 160, 191, 231, 164, 262, 179, 209, 285, 213, 212, 158, 220, 210, 269, 260, 238, 176, 162, 251, 182, 221, 203, 263, 228, 201, 279, 161, 155, 281, 193, 200, 154, 173, 204, 190, 268, 168, 225, 222, 0], [0, 0], [0, 0]]"
outliers,outliers_n500_m3_r01.txt,data\mtsp\generated_multifamily\outliers_n500_m3_r01.txt,500,3,tsp-transform-lkh,medium,2489.124676,0.283556,True,ok,False,"[[0, 70, 67, 112, 102, 108, 23, 69, 101, 28, 58, 81, 119, 72, 3, 33, 55, 17, 18, 106, 126, 43, 135, 117, 19, 88, 22, 75, 131, 85, 99, 129, 59, 50, 138, 93, 114, 57, 90, 133, 125, 100, 0], [0, 460, 475, 349, 382, 369, 400, 313, 291, 332, 296, 346, 325, 381, 415, 399, 405, 427, 310, 424, 308, 329, 314, 434, 393, 295, 322, 300, 293, 336, 413, 422, 351, 402, 420, 321, 327, 387, 297, 294, 412, 343, 409, 394, 403, 368, 431, 354, 0], [0, 302, 404, 312, 320, 372, 324, 416, 339, 426, 391, 328, 406, 411, 298, 353, 388, 380, 299, 425, 359, 414, 407, 410, 356, 362, 309, 334, 361, 365, 366, 367, 305, 430, 408, 355, 377, 333, 306, 398, 318, 345, 392, 383, 330, 375, 423, 386, 350, 419, 371, 292, 360, 364, 374, 395, 396, 421, 290, 433, 316, 373, 432, 344, 417, 348, 384, 385, 429, 311, 301, 303, 418, 357, 379, 428, 347, 370, 304, 342, 358, 401, 315, 397, 331, 363, 335, 341, 326, 307, 340, 378, 338, 337, 389, 317, 390, 376, 352, 319, 323, 481, 442, 465, 444, 464, 456, 482, 478, 479, 450, 483, 470, 466, 435, 489, 476, 445, 462, 451, 474, 471, 488, 457, 447, 480, 493, 458, 490, 454, 496, 477, 469, 495, 448, 455, 484, 459, 449, 499, 467, 436, 446, 497, 486, 443, 468, 453, 452, 473, 463, 461, 472, 491, 492, 440, 438, 285, 213, 251, 182, 221, 203, 263, 228, 201, 162, 279, 161, 176, 155, 238, 269, 210, 270, 220, 272, 237, 153, 289, 239, 160, 191, 231, 164, 158, 212, 209, 179, 262, 288, 250, 189, 185, 245, 208, 165, 284, 192, 264, 254, 207, 202, 211, 258, 230, 235, 197, 274, 259, 246, 277, 286, 183, 217, 242, 287, 159, 178, 260, 281, 193, 282, 200, 205, 187, 154, 173, 204, 190, 268, 168, 225, 222, 169, 275, 265, 219, 218, 243, 261, 195, 240, 163, 227, 229, 236, 253, 252, 241, 267, 226, 249, 256, 255, 172, 283, 247, 184, 174, 244, 214, 167, 216, 166, 234, 276, 198, 186, 177, 233, 196, 224, 266, 181, 271, 188, 280, 273, 278, 152, 156, 248, 232, 170, 199, 171, 180, 206, 223, 175, 215, 194, 257, 157, 498, 437, 439, 487, 441, 485, 494, 14, 83, 66, 111, 130, 76, 30, 121, 15, 44, 73, 10, 6, 95, 65, 141, 120, 127, 24, 4, 84, 49, 62, 86, 42, 46, 132, 134, 63, 140, 115, 96, 35, 27, 40, 77, 7, 9, 52, 2, 26, 41, 68, 128, 79, 34, 142, 37, 60, 104, 103, 21, 87, 146, 11, 45, 13, 54, 98, 110, 97, 92, 47, 82, 116, 139, 123, 78, 25, 109, 38, 122, 36, 149, 137, 16, 150, 56, 148, 1, 144, 107, 8, 145, 74, 20, 71, 94, 124, 39, 64, 61, 91, 32, 29, 12, 31, 5, 151, 80, 53, 143, 51, 48, 136, 118, 105, 147, 113, 89, 0]]"
outliers,outliers_n500_m5_r01.txt,data\mtsp\generated_multifamily\outliers_n500_m5_r01.txt,500,5,ortools-gls,medium,2650.033172,5.002012,True,ok,False,"[[0, 352, 368, 347, 400, 287, 366, 391, 403, 344, 360, 294, 404, 286, 386, 335, 349, 410, 339, 382, 332, 314, 288, 346, 292, 296, 355, 343, 372, 306, 394, 322, 359, 392, 364, 373, 327, 290, 308, 412, 406, 413, 378, 302, 393, 315, 354, 333, 337, 345, 402, 389, 304, 298, 384, 330, 399, 350, 361, 338, 401, 376, 289, 309, 291, 305, 319, 324, 362, 387, 365, 369, 381, 331, 358, 293, 353, 334, 295, 356, 325, 336, 371, 380, 375, 377, 301, 388, 411, 312, 370, 407, 329, 340, 316, 357, 405, 390, 351, 408, 341, 396, 395, 409, 317, 311, 323, 318, 313, 285, 374, 284, 348, 300, 326, 383, 328, 310, 379, 320, 299, 363, 297, 367, 307, 398, 385, 342, 397, 321, 303, 46, 39, 113, 56, 95, 86, 155, 58, 14, 109, 120, 137, 72, 4, 100, 104, 106, 114, 92, 12, 22, 90, 36, 112, 107, 71, 24, 3, 9, 135, 2, 42, 132, 59, 41, 28, 152, 141, 124, 129, 23, 85, 77, 139, 79, 53, 111, 64, 134, 98, 63, 34, 18, 88, 127, 60, 157, 93, 13, 82, 115, 10, 55, 26, 8, 38, 125, 69, 40, 61, 110, 138, 11, 65, 128, 49, 146, 29, 31, 67, 83, 147, 116, 19, 123, 17, 80, 50, 101, 105, 103, 62, 96, 145, 16, 57, 52, 43, 5, 144, 75, 76, 68, 30, 21, 153, 126, 136, 44, 45, 149, 119, 54, 47, 99, 7, 414, 498, 456, 442, 424, 435, 479, 422, 437, 423, 443, 462, 491, 451, 417, 463, 495, 457, 449, 453, 429, 426, 474, 466, 485, 478, 458, 418, 455, 492, 467, 419, 468, 430, 440, 469, 427, 472, 499, 445, 480, 484, 494, 425, 420, 489, 461, 447, 448, 487, 454, 460, 452, 470, 444, 450, 493, 490, 446, 464, 483, 441, 434, 428, 416, 488, 432, 439, 482, 431, 477, 471, 476, 415, 473, 497, 486, 481, 438, 421, 496, 436, 459, 465, 433, 475, 15, 20, 6, 27, 25, 118, 154, 1, 143, 32, 91, 140, 33, 158, 156, 148, 81, 94, 150, 121, 130, 78, 70, 102, 108, 87, 89, 97, 51, 35, 133, 117, 122, 48, 74, 73, 66, 84, 37, 151, 142, 131, 191, 194, 232, 249, 190, 166, 188, 216, 256, 238, 162, 196, 178, 193, 241, 228, 239, 174, 283, 242, 215, 270, 269, 275, 263, 271, 202, 198, 252, 204, 208, 221, 253, 171, 226, 177, 264, 163, 182, 167, 248, 206, 251, 207, 276, 210, 233, 267, 192, 243, 225, 222, 217, 186, 224, 173, 229, 211, 244, 262, 274, 282, 159, 223, 220, 165, 277, 160, 257, 176, 258, 236, 218, 195, 180, 214, 170, 212, 234, 259, 273, 169, 231, 250, 246, 205, 260, 213, 168, 265, 280, 203, 199, 197, 164, 279, 209, 266, 181, 237, 278, 254, 272, 189, 187, 200, 185, 219, 184, 172, 161, 201, 245, 179, 255, 247, 240, 175, 227, 261, 281, 230, 183, 268, 235, 0], [0, 0], [0, 0], [0, 0], [0, 0]]"
outliers,outliers_n500_m5_r01.txt,data\mtsp\generated_multifamily\outliers_n500_m5_r01.txt,500,5,tsp-transform-lkh,medium,2818.439372,0.291765,True,ok,False,"[[0, 14, 155, 58, 109, 120, 137, 72, 4, 26, 8, 38, 125, 69, 40, 61, 0], [0, 128, 65, 11, 138, 49, 37, 84, 151, 142, 131, 66, 51, 35, 73, 74, 48, 122, 117, 133, 97, 89, 146, 29, 31, 67, 83, 147, 116, 87, 108, 102, 130, 94, 150, 121, 78, 70, 19, 123, 17, 80, 50, 105, 103, 101, 91, 32, 143, 1, 154, 118, 25, 140, 33, 158, 156, 148, 81, 15, 20, 6, 68, 76, 75, 30, 144, 153, 5, 27, 43, 126, 21, 424, 475, 433, 443, 462, 465, 459, 421, 254, 189, 187, 270, 215, 272, 278, 269, 275, 237, 271, 202, 198, 252, 263, 181, 266, 209, 279, 164, 265, 280, 203, 199, 197, 228, 239, 174, 283, 242, 200, 261, 281, 230, 227, 185, 219, 184, 255, 247, 240, 175, 190, 249, 191, 268, 235, 183, 194, 232, 176, 0], [0, 160, 277, 257, 258, 236, 218, 188, 166, 179, 245, 201, 172, 161, 216, 241, 193, 178, 162, 196, 256, 238, 214, 180, 195, 165, 220, 159, 282, 274, 229, 173, 224, 186, 217, 222, 225, 210, 233, 267, 243, 192, 211, 244, 262, 223, 170, 212, 234, 259, 273, 169, 231, 207, 276, 251, 250, 260, 213, 168, 253, 221, 208, 204, 226, 171, 205, 246, 248, 206, 167, 177, 264, 163, 182, 476, 471, 415, 467, 492, 455, 418, 458, 478, 473, 497, 486, 485, 481, 438, 466, 474, 426, 429, 453, 449, 457, 496, 436, 495, 463, 417, 451, 491, 437, 423, 422, 479, 435, 456, 442, 487, 448, 454, 460, 452, 470, 444, 450, 493, 490, 446, 464, 483, 441, 434, 428, 416, 469, 440, 430, 468, 419, 477, 431, 482, 439, 432, 427, 488, 472, 499, 392, 359, 364, 322, 394, 306, 373, 366, 400, 347, 368, 352, 386, 335, 0], [0, 303, 0], [0, 321, 397, 342, 385, 398, 307, 367, 297, 363, 299, 320, 379, 310, 328, 383, 326, 300, 348, 284, 374, 285, 313, 329, 340, 318, 396, 323, 311, 395, 317, 409, 408, 341, 357, 316, 401, 376, 378, 413, 289, 309, 291, 305, 319, 324, 362, 365, 369, 387, 314, 332, 381, 370, 312, 411, 407, 388, 301, 377, 375, 380, 371, 336, 325, 353, 293, 334, 358, 331, 295, 356, 339, 382, 410, 349, 286, 404, 294, 360, 344, 403, 287, 391, 327, 308, 290, 288, 346, 292, 296, 355, 343, 372, 412, 406, 393, 302, 354, 315, 333, 350, 361, 338, 405, 390, 351, 304, 298, 384, 330, 399, 337, 345, 402, 389, 445, 480, 484, 494, 425, 420, 489, 461, 447, 414, 498, 7, 54, 47, 99, 2, 135, 132, 42, 119, 59, 41, 129, 124, 141, 152, 28, 149, 45, 44, 136, 52, 57, 16, 145, 96, 62, 127, 60, 88, 18, 157, 93, 13, 82, 110, 115, 10, 55, 63, 34, 111, 139, 23, 85, 77, 71, 3, 9, 24, 107, 112, 36, 90, 79, 53, 64, 134, 98, 100, 104, 106, 22, 12, 92, 114, 95, 56, 113, 39, 46, 86, 0]]"
outliers,outliers_n50_m2_r01.txt,data\mtsp\generated_multifamily\outliers_n50_m2_r01.txt,50,2,ortools-gls,medium,128.758543,5.001006,True,ok,False,"[[0, 37, 36, 42, 34, 41, 35, 40, 46, 45, 38, 39, 13, 10, 44, 12, 5, 1, 9, 7, 3, 8, 14, 4, 6, 11, 2, 47, 21, 20, 23, 22, 15, 16, 17, 19, 18, 43, 33, 26, 30, 31, 27, 29, 28, 32, 48, 24, 49, 25, 0], [0, 0]]"
outliers,outliers_n50_m2_r01.txt,data\mtsp\generated_multifamily\outliers_n50_m2_r01.txt,50,2,tsp-transform-lkh,medium,139.773161,0.040512,True,ok,False,"[[0, 2, 11, 6, 4, 14, 8, 3, 7, 9, 1, 5, 12, 44, 10, 13, 39, 38, 45, 46, 40, 35, 41, 34, 42, 37, 36, 0], [0, 25, 49, 24, 48, 32, 28, 29, 27, 31, 30, 26, 33, 43, 18, 19, 17, 16, 15, 22, 23, 20, 21, 47, 0]]"
outliers,outliers_n50_m3_r01.txt,data\mtsp\generated_multifamily\outliers_n50_m3_r01.txt,50,3,ortools-gls,medium,125.643977,5.000849,True,ok,False,"[[0, 0], [0, 34, 47, 38, 37, 35, 36, 33, 39, 40, 43, 46, 31, 29, 26, 28, 48, 32, 27, 44, 30, 45, 24, 21, 14, 17, 13, 19, 25, 20, 15, 18, 16, 23, 22, 49, 2, 3, 42, 11, 10, 8, 9, 5, 4, 6, 7, 41, 1, 12, 0], [0, 0]]"
outliers,outliers_n50_m3_r01.txt,data\mtsp\generated_multifamily\outliers_n50_m3_r01.txt,50,3,tsp-transform-lkh,medium,150.525111,0.061602,True,ok,False,"[[0, 12, 1, 4, 5, 9, 8, 10, 11, 42, 3, 2, 6, 7, 41, 22, 49, 15, 20, 25, 18, 16, 23, 19, 13, 17, 14, 21, 24, 45, 30, 27, 32, 48, 28, 26, 29, 44, 0], [0, 31, 0], [0, 46, 43, 40, 39, 33, 36, 35, 37, 38, 47, 34, 0]]"
outliers,outliers_n50_m5_r01.txt,data\mtsp\generated_multifamily\outliers_n50_m5_r01.txt,50,5,ortools-gls,medium,118.857456,5.000894,True,ok,False,"[[0, 47, 36, 42, 37, 38, 34, 40, 32, 39, 35, 33, 41, 48, 26, 30, 27, 31, 29, 25, 28, 45, 46, 44, 13, 22, 15, 23, 20, 24, 19, 14, 18, 17, 21, 16, 49, 8, 9, 1, 6, 11, 10, 5, 12, 43, 4, 2, 7, 3, 0], [0, 0], [0, 0], [0, 0], [0, 0]]"
outliers,outliers_n50_m5_r01.txt,data\mtsp\generated_multifamily\outliers_n50_m5_r01.txt,50,5,tsp-transform-lkh,medium,176.509059,0.04132,True,ok,False,"[[0, 28, 25, 29, 31, 27, 30, 26, 48, 41, 33, 35, 39, 32, 40, 34, 38, 37, 0], [0, 47, 0], [0, 36, 42, 0], [0, 3, 7, 2, 4, 43, 12, 5, 10, 11, 6, 1, 9, 8, 0], [0, 49, 16, 21, 17, 18, 14, 19, 24, 20, 23, 15, 22, 13, 44, 46, 45, 0]]"
uniform,uniform_n1000_m3_r01.txt,data\mtsp\generated_multifamily\uniform_n1000_m3_r01.txt,1000,3,ortools-gls,medium,,4.758633,False,no_solution,False,[]
uniform,uniform_n1000_m3_r01.txt,data\mtsp\generated_multifamily\uniform_n1000_m3_r01.txt,1000,3,tsp-transform-lkh,medium,12596.260075,1.125554,True,ok,False,"[[0, 85, 74, 891, 141, 406, 86, 288, 439, 234, 228, 483, 870, 701, 616, 763, 713, 750, 656, 149, 831, 833, 255, 64, 516, 609, 370, 737, 280, 774, 411, 117, 538, 754, 638, 318, 266, 507, 110, 32, 736, 195, 677, 31, 181, 842, 797, 151, 214, 182, 440, 221, 877, 862, 213, 680, 989, 685, 937, 529, 770, 450, 767, 691, 346, 113, 360, 78, 229, 281, 198, 70, 663, 813, 708, 534, 325, 542, 561, 4, 725, 222, 350, 471, 152, 617, 89, 369, 395, 985, 0], [0, 44, 0], [0, 382, 601, 752, 16, 254, 785, 486, 329, 72, 485, 410, 712, 368, 835, 245, 310, 565, 826, 297, 645, 453, 918, 271, 586, 647, 207, 964, 688, 144, 482, 669, 253, 274, 624, 623, 744, 433, 343, 718, 124, 871, 171, 637, 927, 984, 417, 928, 607, 84, 120, 709, 686, 159, 495, 103, 205, 858, 715, 633, 257, 803, 936, 250, 670, 5, 528, 270, 217, 631, 888, 589, 445, 952, 129, 324, 476, 359, 530, 707, 808, 461, 379, 61, 827, 550, 334, 109, 265, 757, 227, 463, 490, 481, 562, 745, 435, 982, 549, 367, 734, 598, 846, 957, 581, 674, 21, 661, 230, 488, 958, 430, 951, 576, 710, 499, 947, 588, 186, 901, 775, 555, 748, 988, 351, 298, 66, 943, 262, 666, 165, 147, 961, 354, 451, 356, 375, 10, 206, 304, 909, 981, 387, 316, 125, 543, 77, 847, 142, 30, 118, 434, 484, 218, 540, 35, 634, 914, 366, 376, 462, 460, 651, 522, 976, 727, 204, 893, 13, 49, 696, 244, 967, 566, 130, 721, 100, 648, 662, 309, 112, 383, 910, 314, 599, 174, 999, 769, 890, 469, 526, 604, 720, 605, 200, 802, 276, 843, 322, 115, 682, 675, 765, 771, 962, 336, 503, 780, 983, 337, 405, 292, 776, 979, 608, 371, 473, 132, 386, 45, 907, 531, 145, 894, 52, 332, 75, 90, 235, 523, 153, 996, 492, 820, 348, 973, 95, 60, 567, 57, 853, 59, 810, 975, 56, 478, 426, 380, 915, 884, 510, 895, 91, 614, 761, 544, 570, 299, 256, 791, 177, 150, 185, 154, 610, 307, 407, 320, 479, 143, 497, 393, 260, 268, 627, 504, 582, 726, 491, 63, 36, 97, 615, 622, 162, 817, 593, 919, 25, 768, 875, 342, 991, 558, 642, 399, 212, 920, 94, 313, 681, 655, 261, 625, 327, 966, 900, 339, 705, 722, 779, 27, 190, 657, 215, 146, 539, 672, 574, 169, 626, 687, 839, 864, 660, 692, 881, 527, 53, 50, 592, 335, 340, 294, 968, 992, 470, 704, 569, 51, 733, 301, 191, 905, 58, 312, 111, 960, 867, 811, 575, 447, 880, 912, 590, 444, 202, 133, 365, 163, 520, 632, 238, 667, 553, 654, 402, 911, 794, 758, 980, 436, 790, 949, 557, 509, 977, 743, 602, 630, 237, 921, 246, 861, 621, 829, 711, 397, 869, 428, 753, 396, 126, 173, 291, 323, 258, 128, 219, 290, 849, 187, 852, 746, 189, 850, 749, 545, 315, 618, 427, 166, 944, 873, 804, 286, 646, 477, 24, 116, 917, 220, 838, 521, 83, 15, 629, 277, 938, 613, 99, 361, 899, 23, 684, 793, 404, 828, 251, 68, 341, 818, 778, 889, 848, 518, 525, 512, 353, 606, 664, 580, 872, 41, 157, 467, 730, 136, 374, 414, 311, 413, 668, 801, 690, 137, 887, 993, 155, 836, 134, 300, 131, 879, 241, 419, 742, 317, 209, 20, 924, 138, 424, 160, 364, 703, 700, 19, 42, 781, 412, 468, 441, 283, 600, 799, 786, 391, 82, 762, 903, 158, 236, 841, 161, 102, 194, 279, 392, 199, 319, 401, 573, 372, 331, 845, 728, 381, 739, 170, 784, 735, 584, 856, 338, 851, 127, 719, 772, 597, 693, 201, 965, 196, 643, 398, 423, 226, 612, 892, 678, 823, 560, 231, 321, 252, 184, 935, 225, 731, 683, 706, 409, 263, 855, 506, 865, 363, 458, 493, 517, 832, 175, 240, 264, 857, 946, 71, 922, 913, 789, 572, 472, 798, 403, 378, 524, 121, 697, 282, 554, 156, 635, 465, 978, 179, 28, 330, 932, 431, 898, 289, 12, 67, 800, 954, 795, 326, 135, 583, 164, 139, 208, 167, 902, 148, 442, 33, 452, 717, 38, 796, 971, 945, 652, 93, 216, 176, 764, 659, 489, 987, 926, 247, 6, 950, 443, 224, 123, 513, 98, 640, 494, 766, 925, 974, 498, 868, 923, 787, 990, 756, 487, 377, 34, 876, 759, 29, 272, 537, 882, 108, 415, 73, 729, 344, 37, 740, 496, 714, 916, 792, 119, 854, 658, 233, 172, 963, 500, 76, 619, 178, 295, 620, 689, 69, 671, 732, 994, 293, 644, 694, 532, 908, 408, 418, 536, 571, 665, 193, 807, 815, 502, 702, 511, 449, 825, 886, 242, 303, 636, 837, 302, 594, 308, 724, 650, 986, 738, 878, 197, 284, 997, 11, 420, 773, 716, 559, 18, 501, 942, 939, 287, 809, 830, 328, 782, 210, 388, 39, 641, 106, 87, 305, 455, 446, 611, 43, 475, 741, 603, 535, 673, 840, 107, 866, 55, 8, 505, 373, 232, 416, 47, 751, 896, 437, 422, 421, 285, 400, 239, 140, 514, 844, 394, 695, 819, 425, 480, 863, 548, 62, 556, 223, 333, 101, 755, 563, 278, 568, 40, 92, 860, 519, 834, 65, 464, 429, 747, 564, 105, 96, 466, 81, 577, 432, 676, 358, 104, 859, 183, 385, 777, 805, 275, 783, 824, 874, 46, 723, 457, 941, 9, 384, 438, 2, 533, 267, 243, 948, 959, 508, 269, 349, 306, 454, 628, 956, 474, 48, 933, 934, 3, 541, 357, 456, 595, 578, 998, 698, 699, 653, 883, 448, 355, 551, 79, 579, 1, 587, 953, 26, 816, 114, 54, 812, 515, 930, 639, 459, 814, 7, 906, 211, 192, 168, 188, 955, 122, 80, 296, 995, 821, 22, 972, 14, 345, 929, 940, 273, 203, 546, 347, 547, 904, 390, 679, 969, 760, 897, 389, 970, 822, 931, 17, 596, 88, 259, 248, 352, 552, 806, 180, 362, 585, 885, 249, 649, 788, 591, 0]]"
uniform,uniform_n1000_m5_r01.txt,data\mtsp\generated_multifamily\uniform_n1000_m5_r01.txt,1000,5,ortools-gls,medium,,4.758316,False,no_solution,False,[]
uniform,uniform_n1000_m5_r01.txt,data\mtsp\generated_multifamily\uniform_n1000_m5_r01.txt,1000,5,tsp-transform-lkh,medium,12349.028878,1.063057,True,ok,False,"[[0, 405, 436, 231, 506, 142, 218, 420, 841, 233, 315, 15, 941, 319, 593, 954, 330, 309, 884, 463, 755, 358, 940, 378, 560, 576, 348, 192, 987, 519, 357, 498, 855, 795, 297, 263, 650, 734, 294, 645, 274, 550, 499, 803, 416, 329, 240, 611, 181, 460, 466, 143, 169, 715, 11, 846, 430, 751, 851, 691, 441, 119, 368, 872, 283, 377, 464, 588, 337, 207, 776, 796, 114, 484, 995, 280, 66, 537, 351, 467, 102, 73, 237, 63, 316, 976, 275, 789, 711, 52, 465, 602, 355, 530, 459, 127, 435, 596, 206, 953, 785, 33, 19, 931, 924, 103, 660, 483, 817, 662, 898, 279, 407, 694, 724, 150, 945, 807, 752, 304, 117, 763, 42, 432, 352, 369, 364, 363, 726, 496, 996, 847, 567, 451, 765, 197, 712, 449, 450, 742, 634, 713, 882, 390, 814, 362, 597, 13, 622, 784, 521, 592, 486, 317, 985, 676, 400, 10, 452, 549, 704, 878, 453, 340, 426, 668, 287, 344, 159, 497, 479, 963, 184, 942, 182, 213, 843, 366, 34, 456, 720, 877, 22, 350, 478, 917, 635, 920, 652, 840, 769, 136, 616, 290, 38, 163, 701, 607, 284, 647, 798, 438, 778, 600, 879, 990, 382, 758, 515, 387, 958, 533, 267, 683, 122, 968, 675, 178, 386, 23, 962, 261, 437, 51, 398, 870, 374, 433, 863, 228, 421, 320, 862, 703, 881, 412, 772, 655, 834, 65, 594, 903, 740, 674, 388, 774, 323, 522, 168, 153, 454, 949, 891, 47, 570, 230, 517, 85, 54, 696, 402, 747, 70, 516, 791, 770, 510, 967, 792, 512, 875, 286, 414, 30, 643, 980, 820, 598, 300, 419, 82, 285, 259, 17, 397, 272, 667, 12, 258, 180, 216, 89, 252, 554, 759, 552, 887, 571, 556, 455, 5, 649, 255, 532, 152, 333, 204, 291, 507, 935, 867, 779, 579, 269, 900, 222, 563, 523, 232, 53, 745, 518, 58, 202, 79, 248, 93, 154, 717, 508, 621, 904, 640, 538, 525, 334, 395, 345, 155, 134, 292, 98, 170, 534, 249, 129, 104, 121, 782, 845, 90, 606, 101, 158, 59, 16, 595, 907, 391, 241, 18, 999, 225, 555, 932, 253, 897, 124, 737, 750, 96, 146, 582, 205, 735, 810, 313, 220, 934, 177, 983, 761, 551, 653, 83, 729, 883, 116, 888, 132, 743, 481, 296, 190, 744, 359, 226, 322, 838, 418, 818, 86, 265, 895, 491, 780, 589, 273, 828, 281, 125, 289, 927, 918, 212, 873, 324, 977, 311, 92, 978, 256, 307, 224, 477, 580, 677, 771, 646, 961, 988, 813, 84, 301, 448, 489, 919, 361, 639, 707, 542, 166, 687, 574, 858, 722, 326, 921, 461, 876, 546, 444, 786, 682, 812, 581, 587, 899, 601, 965, 727, 880, 60, 110, 139, 636, 754, 172, 133, 604, 669, 835, 399, 692, 474, 837, 684, 514, 871, 577, 215, 264, 527, 638, 151, 944, 913, 495, 490, 709, 749, 830, 625, 472, 805, 651, 553, 126, 383, 72, 654, 229, 468, 68, 21, 699, 705, 425, 109, 379, 24, 406, 48, 428, 951, 196, 195, 618, 783, 105, 730, 41, 702, 610, 271, 697, 955, 605, 123, 557, 209, 501, 35, 902, 686, 203, 417, 488, 118, 434, 165, 804, 346, 371, 71, 341, 403, 628, 986, 832, 408, 815, 908, 959, 573, 801, 469, 306, 314, 631, 80, 768, 520, 612, 648, 99, 723, 188, 905, 325, 535, 624, 108, 64, 276, 865, 793, 892, 925, 238, 475, 200, 254, 909, 458, 526, 130, 160, 49, 609, 806, 950, 659, 860, 666, 811, 615, 874, 673, 500, 894, 866, 957, 936, 446, 939, 381, 365, 39, 689, 310, 57, 833, 504, 115, 492, 120, 864, 543, 584, 630, 457, 278, 547, 568, 471, 1, 901, 827, 282, 245, 756, 8, 970, 75, 423, 633, 198, 392, 394, 505, 171, 338, 431, 217, 244, 993, 94, 503, 819, 680, 447, 173, 710, 384, 585, 67, 627, 725, 997, 719, 270, 513, 308, 736, 445, 839, 199, 960, 933, 327, 77, 906, 100, 548, 375, 853, 946, 268, 992, 575, 623, 732, 288, 424, 956, 201, 869, 389, 37, 539, 331, 14, 748, 76, 32, 328, 915, 617, 487, 372, 794, 562, 61, 561, 975, 844, 861, 982, 973, 721, 619, 427, 889, 856, 981, 149, 20, 62, 43, 186, 738, 849, 766, 928, 658, 45, 829, 246, 926, 816, 664, 353, 147, 572, 156, 698, 145, 746, 739, 194, 131, 775, 293, 797, 822, 411, 690, 586, 665, 626, 56, 312, 27, 541, 964, 502, 802, 250, 930, 234, 790, 706, 462, 370, 135, 799, 482, 632, 678, 106, 50, 984, 821, 219, 937, 608, 210, 161, 558, 886, 183, 266, 670, 620, 185, 26, 46, 787, 191, 868, 544, 174, 299, 112, 227, 277, 511, 890, 385, 938, 728, 332, 239, 893, 637, 111, 295, 972, 578, 948, 777, 531, 9, 688, 78, 788, 590, 603, 144, 211, 599, 214, 773, 681, 97, 187, 87, 415, 663, 991, 566, 404, 6, 644, 148, 36, 943, 641, 545, 113, 342, 442, 910, 2, 693, 947, 966, 708, 671, 470, 559, 494, 929, 767, 764, 480, 583, 367, 164, 354, 223, 952, 376, 380, 629, 81, 509, 189, 141, 40, 260, 349, 842, 485, 401, 236, 757, 476, 167, 536, 661, 808, 95, 25, 679, 235, 741, 473, 854, 529, 809, 251, 994, 339, 718, 74, 731, 360, 700, 852, 914, 257, 896, 162, 524, 565, 137, 974, 848, 443, 642, 410, 336, 343, 564, 396, 157, 393, 429, 302, 7, 923, 989, 850, 824, 591, 179, 107, 859, 422, 826, 176, 305, 3, 911, 4, 540, 857, 823, 656, 347, 55, 922, 69, 247, 321, 208, 971, 733, 28, 298, 657, 614, 29, 493, 912, 91, 800, 409, 695, 998, 440, 781, 885, 140, 88, 31, 242, 760, 528, 44, 716, 413, 318, 439, 335, 836, 356, 138, 916, 762, 221, 262, 672, 0], [0, 569, 0], [0, 685, 0], [0, 175, 0], [0, 243, 128, 373, 969, 193, 831, 753, 613, 825, 714, 979, 303, 0]]"
uniform,uniform_n1000_m7_r01.txt,data\mtsp\generated_multifamily\uniform_n1000_m7_r01.txt,1000,7,ortools-gls,medium,,4.757549,False,no_solution,False,[]
uniform,uniform_n1000_m7_r01.txt,data\mtsp\generated_multifamily\uniform_n1000_m7_r01.txt,1000,7,tsp-transform-lkh,medium,12424.382636,1.275093,True,ok,False,"[[0, 489, 616, 273, 919, 201, 742, 713, 115, 858, 560, 863, 516, 338, 175, 841, 749, 511, 129, 763, 7, 674, 222, 961, 250, 585, 124, 988, 454, 974, 281, 420, 613, 843, 549, 977, 397, 102, 305, 755, 11, 982, 29, 663, 815, 440, 228, 253, 401, 932, 345, 28, 277, 82, 341, 127, 138, 272, 412, 925, 967, 354, 942, 880, 178, 119, 162, 353, 629, 823, 881, 421, 74, 828, 964, 96, 211, 906, 234, 463, 848, 667, 949, 665, 869, 189, 715, 296, 126, 673, 388, 349, 120, 567, 254, 693, 400, 230, 93, 456, 247, 342, 390, 536, 876, 854, 688, 34, 64, 580, 537, 282, 769, 859, 167, 835, 626, 204, 256, 934, 352, 317, 248, 315, 738, 731, 814, 91, 443, 721, 692, 19, 310, 870, 652, 385, 569, 325, 744, 772, 573, 447, 818, 159, 643, 60, 331, 550, 509, 538, 3, 850, 668, 214, 819, 87, 367, 535, 678, 206, 563, 151, 57, 884, 351, 472, 500, 581, 929, 704, 625, 527, 803, 846, 2, 269, 23, 215, 639, 572, 226, 422, 71, 671, 586, 514, 632, 457, 333, 225, 221, 741, 54, 606, 17, 955, 160, 857, 67, 697, 402, 664, 274, 816, 642, 918, 666, 995, 810, 213, 635, 520, 930, 968, 923, 710, 637, 575, 969, 651, 188, 994, 192, 86, 546, 180, 746, 941, 382, 788, 655, 513, 680, 716, 186, 676, 365, 507, 920, 796, 336, 77, 320, 539, 989, 84, 891, 801, 589, 103, 128, 670, 855, 886, 295, 532, 999, 89, 300, 393, 904, 822, 121, 270, 257, 207, 139, 322, 722, 78, 168, 441, 346, 493, 973, 555, 18, 879, 896, 194, 813, 691, 562, 467, 730, 53, 304, 227, 838, 371, 959, 376, 958, 868, 565, 122, 475, 374, 306, 686, 224, 754, 910, 947, 61, 275, 279, 736, 437, 108, 703, 231, 571, 312, 519, 491, 251, 473, 795, 116, 724, 748, 607, 406, 155, 844, 913, 137, 252, 595, 484, 185, 931, 510, 198, 403, 677, 171, 661, 865, 482, 38, 584, 979, 723, 605, 380, 453, 936, 583, 499, 181, 483, 630, 706, 419, 793, 396, 22, 321, 428, 767, 480, 69, 384, 378, 65, 286, 449, 479, 701, 314, 141, 111, 246, 618, 1, 592, 245, 24, 631, 898, 157, 533, 465, 615, 588, 15, 966, 866, 778, 900, 656, 696, 759, 173, 515, 604, 975, 924, 446, 356, 177, 497, 773, 525, 531, 780, 577, 768, 807, 232, 614, 840, 133, 236, 176, 725, 243, 474, 685, 26, 379, 209, 191, 751, 521, 790, 104, 739, 957, 950, 827, 750, 594, 747, 775, 328, 292, 285, 628, 241, 435, 719, 76, 659, 789, 8, 771, 364, 438, 196, 219, 381, 972, 276, 316, 544, 512, 951, 517, 494, 40, 350, 612, 599, 343, 450, 547, 416, 907, 991, 66, 112, 59, 785, 434, 524, 99, 892, 0], [0, 638, 476, 0], [0, 782, 0], [0, 518, 0], [0, 299, 990, 556, 662, 85, 145, 41, 938, 10, 33, 711, 726, 229, 871, 812, 636, 596, 820, 993, 359, 545, 960, 335, 834, 679, 826, 992, 311, 781, 753, 43, 917, 766, 885, 301, 202, 937, 839, 928, 874, 623, 864, 319, 20, 398, 503, 184, 199, 94, 373, 408, 468, 164, 426, 83, 786, 610, 940, 557, 825, 140, 466, 862, 418, 985, 699, 130, 591, 830, 777, 37, 837, 187, 242, 965, 105, 817, 389, 430, 68, 984, 258, 582, 640, 821, 894, 764, 35, 49, 107, 829, 646, 675, 182, 327, 714, 79, 307, 358, 905, 805, 73, 223, 578, 702, 309, 240, 193, 478, 142, 933, 239, 340, 554, 617, 939, 647, 462, 488, 370, 492, 394, 981, 88, 235, 134, 90, 318, 794, 131, 264, 921, 756, 375, 109, 357, 481, 144, 114, 287, 851, 163, 14, 284, 608, 963, 383, 916, 952, 289, 27, 13, 648, 262, 429, 564, 694, 313, 135, 902, 52, 875, 998, 4, 174, 355, 720, 415, 183, 30, 912, 427, 620, 149, 523, 962, 718, 332, 62, 117, 889, 669, 689, 601, 386, 424, 377, 944, 883, 324, 361, 566, 339, 681, 774, 106, 598, 890, 455, 579, 45, 146, 783, 842, 495, 391, 266, 75, 51, 48, 901, 125, 21, 293, 297, 970, 683, 922, 561, 294, 609, 337, 945, 551, 802, 526, 95, 153, 502, 657, 197, 641, 660, 410, 735, 9, 971, 152, 682, 501, 745, 574, 392, 645, 895, 147, 452, 369, 404, 732, 44, 946, 708, 42, 25, 980, 758, 165, 238, 143, 172, 935, 717, 954, 486, 445, 249, 132, 908, 439, 470, 436, 899, 776, 873, 791, 698, 407, 110, 490, 409, 654, 200, 853, 308, 752, 541, 56, 203, 156, 878, 113, 833, 298, 92, 649, 911, 809, 729, 624, 811, 261, 915, 432, 740, 593, 244, 444, 872, 411, 72, 779, 540, 558, 460, 672, 326, 927, 762, 212, 658, 169, 190, 684, 836, 619, 123, 765, 621, 792, 485, 413, 903, 414, 498, 845, 417, 283, 587, 787, 158, 914, 32, 477, 161, 255, 405, 80, 627, 6, 867, 644, 170, 459, 943, 372, 760, 576, 622, 700, 600, 548, 233, 323, 387, 712, 552, 366, 46, 887, 448, 259, 362, 633, 431, 603, 529, 148, 687, 983, 808, 195, 568, 395, 58, 860, 849, 291, 98, 856, 909, 976, 329, 852, 263, 505, 469, 508, 81, 996, 330, 804, 267, 770, 634, 784, 847, 423, 496, 150, 265, 611, 39, 553, 797, 399, 360, 987, 948, 344, 290, 425, 433, 798, 956, 734, 590, 690, 260, 506, 70, 534, 543, 288, 893, 709, 522, 208, 761, 97, 650, 50, 464, 16, 348, 268, 542, 897, 530, 12, 504, 118, 953, 31, 271, 487, 47, 471, 727, 166, 806, 63, 877, 334, 799, 136, 363, 528, 451, 302, 101, 824, 707, 278, 5, 100, 220, 559, 570, 216, 653, 36, 986, 210, 695, 831, 218, 205, 442, 737, 832, 458, 728, 303, 800, 347, 237, 861, 461, 217, 882, 154, 733, 597, 55, 602, 926, 705, 743, 0], [0, 368, 0], [0, 179, 978, 888, 280, 757, 997, 0]]"
uniform,uniform_n100_m2_r01.txt,data\mtsp\generated_multifamily\uniform_n100_m2_r01.txt,100,2,ortools-gls,medium,415.025483,5.000119,True,ok,False,"[[0, 50, 81, 96, 56, 48, 61, 40, 20, 91, 63, 60, 89, 57, 69, 16, 7, 30, 43, 27, 85, 45, 78, 23, 80, 83, 92, 64, 55, 6, 90, 8, 88, 53, 15, 25, 35, 12, 74, 52, 44, 54, 73, 2, 13, 42, 32, 95, 99, 9, 26, 46, 49, 18, 71, 62, 51, 21, 33, 65, 24, 22, 41, 31, 68, 84, 34, 59, 38, 4, 67, 3, 5, 86, 29, 94, 19, 36, 47, 76, 82, 79, 75, 14, 1, 98, 70, 10, 93, 11, 66, 28, 39, 37, 58, 77, 87, 97, 17, 72, 0], [0, 0]]"
uniform,uniform_n100_m2_r01.txt,data\mtsp\generated_multifamily\uniform_n100_m2_r01.txt,100,2,tsp-transform-lkh,medium,419.638373,0.062795,True,ok,False,"[[0, 59, 38, 4, 34, 84, 68, 0], [0, 50, 62, 71, 26, 51, 21, 33, 31, 41, 24, 65, 22, 5, 3, 67, 29, 86, 94, 19, 36, 76, 47, 79, 75, 14, 82, 1, 98, 66, 11, 70, 10, 93, 16, 7, 30, 43, 27, 85, 45, 23, 80, 92, 64, 55, 6, 90, 8, 88, 53, 15, 25, 35, 12, 74, 52, 44, 54, 2, 13, 42, 32, 95, 99, 73, 9, 46, 18, 49, 81, 96, 83, 78, 56, 48, 61, 40, 20, 91, 63, 60, 89, 57, 69, 87, 97, 77, 28, 39, 37, 58, 17, 72, 0]]"
uniform,uniform_n100_m3_r01.txt,data\mtsp\generated_multifamily\uniform_n100_m3_r01.txt,100,3,ortools-gls,medium,416.08039,5.001041,True,ok,False,"[[0, 49, 57, 8, 96, 75, 13, 41, 51, 23, 4, 63, 22, 54, 5, 12, 94, 88, 99, 95, 36, 73, 81, 86, 58, 91, 9, 33, 46, 67, 85, 17, 6, 37, 61, 68, 18, 79, 71, 93, 15, 44, 34, 48, 45, 3, 84, 74, 31, 39, 7, 64, 27, 90, 56, 82, 35, 2, 26, 20, 16, 89, 32, 78, 30, 62, 70, 50, 55, 11, 98, 80, 40, 97, 83, 42, 1, 76, 59, 60, 47, 25, 66, 10, 19, 14, 65, 43, 28, 92, 77, 29, 24, 69, 52, 21, 53, 38, 72, 87, 0], [0, 0], [0, 0]]"
uniform,uniform_n100_m3_r01.txt,data\mtsp\generated_multifamily\uniform_n100_m3_r01.txt,100,3,tsp-transform-lkh,medium,412.801739,0.075832,True,ok,False,"[[0, 14, 19, 65, 43, 28, 92, 77, 32, 89, 16, 20, 26, 2, 35, 82, 90, 56, 24, 29, 69, 27, 64, 7, 52, 21, 53, 0], [0, 72, 38, 33, 9, 46, 67, 85, 17, 6, 68, 61, 37, 39, 31, 74, 84, 3, 45, 48, 34, 44, 93, 15, 18, 79, 71, 36, 73, 81, 95, 86, 58, 91, 49, 57, 8, 88, 12, 5, 99, 54, 94, 22, 63, 4, 23, 51, 41, 13, 96, 75, 1, 76, 42, 83, 97, 40, 80, 98, 55, 11, 59, 60, 47, 50, 70, 62, 30, 78, 10, 25, 66, 0], [0, 87, 0]]"
uniform,uniform_n100_m5_r01.txt,data\mtsp\generated_multifamily\uniform_n100_m5_r01.txt,100,5,ortools-gls,medium,424.430883,5.000842,True,ok,False,"[[0, 19, 92, 57, 5, 42, 45, 53, 14, 86, 63, 21, 51, 15, 26, 79, 61, 98, 16, 25, 90, 96, 47, 69, 37, 58, 29, 27, 1, 87, 22, 44, 75, 99, 64, 83, 31, 40, 66, 55, 60, 30, 73, 35, 38, 88, 84, 81, 13, 50, 12, 54, 43, 8, 78, 46, 34, 36, 48, 52, 33, 3, 91, 18, 77, 41, 85, 10, 76, 97, 59, 2, 11, 93, 49, 67, 95, 80, 39, 23, 17, 82, 56, 72, 32, 62, 7, 71, 28, 4, 68, 65, 24, 6, 9, 94, 89, 70, 20, 74, 0], [0, 0], [0, 0], [0, 0], [0, 0]]"
uniform,uniform_n100_m5_r01.txt,data\mtsp\generated_multifamily\uniform_n100_m5_r01.txt,100,5,tsp-transform-lkh,medium,440.050045,0.084274,True,ok,False,"[[0, 80, 0], [0, 19, 0], [0, 92, 5, 57, 29, 27, 58, 37, 69, 47, 96, 90, 25, 16, 98, 61, 79, 26, 15, 51, 21, 63, 86, 53, 45, 14, 6, 9, 24, 65, 68, 4, 28, 71, 7, 62, 32, 72, 82, 56, 89, 70, 94, 42, 20, 0], [0, 74, 0], [0, 39, 23, 17, 41, 85, 77, 18, 91, 3, 33, 52, 48, 36, 34, 46, 78, 8, 10, 76, 97, 59, 2, 43, 54, 12, 50, 13, 81, 84, 88, 38, 35, 73, 30, 40, 31, 83, 64, 99, 75, 44, 22, 1, 87, 66, 55, 60, 11, 93, 49, 67, 95, 0]]"
uniform,uniform_n200_m2_r01.txt,data\mtsp\generated_multifamily\uniform_n200_m2_r01.txt,200,2,ortools-gls,medium,1177.944736,5.000207,True,ok,False,"[[0, 76, 84, 63, 58, 141, 113, 21, 4, 107, 161, 5, 180, 178, 83, 36, 136, 120, 137, 70, 169, 126, 60, 66, 109, 171, 132, 77, 128, 54, 11, 3, 124, 154, 129, 56, 65, 43, 134, 47, 175, 92, 170, 22, 88, 10, 186, 152, 71, 50, 148, 89, 112, 52, 79, 103, 160, 26, 40, 121, 147, 135, 69, 187, 131, 41, 42, 114, 99, 190, 145, 115, 117, 127, 125, 24, 25, 81, 37, 74, 91, 55, 19, 130, 116, 166, 68, 165, 191, 100, 73, 17, 8, 105, 179, 182, 16, 78, 110, 149, 150, 184, 151, 62, 101, 20, 15, 93, 118, 39, 189, 168, 27, 28, 181, 139, 45, 31, 194, 48, 34, 198, 155, 159, 140, 32, 172, 119, 167, 6, 87, 177, 192, 95, 13, 97, 123, 108, 90, 188, 12, 176, 133, 64, 67, 85, 38, 102, 199, 164, 157, 44, 30, 162, 174, 196, 18, 142, 51, 104, 185, 138, 46, 153, 96, 193, 98, 82, 122, 72, 158, 197, 53, 49, 106, 86, 35, 183, 80, 1, 33, 14, 57, 61, 195, 2, 9, 143, 146, 111, 23, 7, 94, 59, 75, 144, 173, 163, 156, 29, 0], [0, 0]]"
uniform,uniform_n200_m2_r01.txt,data\mtsp\generated_multifamily\uniform_n200_m2_r01.txt,200,2,tsp-transform-lkh,medium,1120.704602,0.165137,True,ok,False,"[[0, 29, 0], [0, 156, 163, 173, 122, 72, 158, 197, 53, 49, 106, 86, 35, 183, 61, 57, 195, 9, 2, 85, 67, 64, 199, 164, 157, 102, 44, 30, 38, 14, 33, 162, 1, 80, 174, 196, 18, 142, 51, 104, 185, 138, 126, 60, 66, 109, 171, 132, 77, 128, 54, 11, 3, 137, 70, 169, 98, 153, 46, 96, 193, 82, 63, 58, 84, 55, 81, 91, 74, 141, 113, 21, 37, 186, 10, 88, 22, 4, 107, 5, 180, 178, 83, 36, 136, 120, 124, 154, 129, 56, 65, 43, 161, 134, 47, 175, 92, 170, 147, 50, 148, 89, 26, 40, 121, 135, 69, 187, 131, 41, 42, 114, 160, 103, 79, 52, 112, 71, 152, 25, 165, 68, 166, 105, 8, 17, 73, 100, 191, 24, 125, 127, 117, 99, 190, 145, 115, 189, 168, 27, 28, 181, 139, 45, 31, 194, 48, 34, 198, 155, 159, 140, 32, 172, 119, 167, 20, 101, 62, 6, 95, 13, 97, 123, 108, 90, 188, 133, 12, 176, 143, 146, 111, 23, 192, 177, 87, 184, 150, 149, 151, 110, 78, 16, 182, 15, 93, 118, 39, 179, 116, 7, 94, 75, 144, 59, 130, 19, 76, 0]]"
uniform,uniform_n200_m3_r01.txt,data\mtsp\generated_multifamily\uniform_n200_m3_r01.txt,200,3,ortools-gls,medium,1119.670402,5.000562,True,ok,False,"[[0, 87, 127, 7, 42, 177, 113, 3, 79, 132, 143, 39, 144, 199, 85, 14, 135, 125, 27, 164, 54, 38, 126, 83, 159, 21, 154, 122, 153, 49, 88, 120, 9, 117, 131, 101, 110, 31, 158, 161, 91, 157, 16, 166, 29, 184, 10, 92, 84, 100, 18, 23, 191, 93, 17, 188, 175, 149, 176, 168, 65, 146, 70, 59, 52, 78, 193, 46, 169, 89, 2, 181, 137, 165, 41, 104, 22, 53, 173, 105, 15, 197, 61, 66, 48, 145, 170, 19, 178, 94, 112, 72, 5, 108, 124, 102, 167, 95, 28, 174, 68, 56, 192, 141, 12, 128, 198, 148, 44, 51, 185, 163, 194, 75, 6, 180, 129, 32, 81, 55, 43, 40, 47, 123, 138, 63, 34, 133, 4, 90, 182, 118, 116, 35, 64, 160, 151, 8, 80, 37, 33, 171, 86, 99, 111, 106, 179, 69, 62, 26, 187, 98, 115, 96, 77, 24, 57, 82, 121, 136, 196, 155, 150, 76, 140, 67, 142, 1, 186, 152, 71, 30, 114, 134, 195, 20, 11, 156, 162, 13, 190, 58, 45, 60, 74, 36, 119, 25, 109, 172, 183, 50, 147, 73, 130, 103, 139, 189, 97, 107, 0], [0, 0], [0, 0]]"
uniform,uniform_n200_m3_r01.txt,data\mtsp\generated_multifamily\uniform_n200_m3_r01.txt,200,3,tsp-transform-lkh,medium,1101.87953,0.23231,True,ok,False,"[[0, 171, 86, 99, 111, 189, 106, 179, 58, 190, 45, 60, 147, 73, 130, 50, 183, 172, 109, 25, 119, 74, 36, 13, 162, 156, 11, 20, 195, 134, 114, 30, 71, 152, 186, 1, 142, 67, 140, 76, 62, 69, 26, 187, 98, 115, 155, 150, 196, 136, 121, 82, 57, 24, 77, 96, 151, 8, 80, 37, 41, 165, 104, 22, 53, 173, 15, 64, 160, 35, 116, 118, 182, 129, 180, 6, 32, 81, 90, 4, 133, 34, 63, 138, 123, 47, 40, 43, 55, 75, 194, 163, 185, 19, 51, 44, 72, 112, 94, 178, 170, 145, 48, 66, 61, 197, 105, 181, 137, 2, 89, 169, 46, 193, 78, 52, 59, 70, 146, 65, 168, 127, 7, 42, 177, 3, 113, 175, 149, 176, 100, 84, 92, 10, 184, 29, 124, 102, 12, 108, 5, 148, 198, 128, 141, 192, 56, 68, 174, 28, 95, 167, 166, 16, 157, 161, 91, 158, 31, 110, 101, 131, 117, 9, 120, 88, 93, 191, 18, 23, 188, 126, 17, 83, 49, 153, 122, 154, 21, 159, 27, 164, 54, 38, 79, 132, 143, 39, 144, 125, 135, 14, 85, 199, 103, 139, 97, 107, 0], [0, 87, 0], [0, 33, 0]]"
uniform,uniform_n200_m5_r01.txt,data\mtsp\generated_multifamily\uniform_n200_m5_r01.txt,200,5,ortools-gls,medium,1129.269177,5.00154,True,ok,False,"[[0, 58, 169, 78, 180, 189, 61, 6, 107, 105, 68, 16, 104, 138, 166, 116, 40, 140, 168, 186, 181, 136, 175, 44, 157, 141, 109, 182, 121, 2, 23, 171, 28, 174, 97, 62, 139, 143, 36, 118, 192, 4, 126, 129, 92, 127, 27, 9, 18, 93, 37, 132, 34, 85, 33, 145, 99, 179, 98, 35, 1, 49, 60, 194, 64, 190, 162, 94, 54, 67, 119, 88, 111, 101, 134, 20, 151, 183, 156, 113, 154, 122, 163, 73, 149, 25, 74, 185, 14, 164, 90, 117, 125, 53, 75, 63, 50, 153, 199, 70, 11, 114, 191, 10, 195, 133, 160, 110, 17, 42, 65, 128, 173, 165, 146, 115, 80, 106, 177, 158, 7, 19, 184, 178, 81, 29, 12, 91, 100, 188, 47, 26, 155, 108, 72, 150, 39, 103, 147, 15, 13, 161, 120, 45, 89, 77, 130, 5, 76, 31, 131, 84, 144, 69, 59, 55, 87, 95, 43, 24, 112, 123, 198, 135, 137, 66, 71, 38, 57, 41, 197, 82, 86, 21, 48, 148, 124, 56, 46, 83, 79, 96, 3, 30, 51, 32, 22, 170, 172, 193, 187, 196, 142, 159, 8, 167, 52, 152, 176, 102, 0], [0, 0], [0, 0], [0, 0], [0, 0]]"
uniform,uniform_n200_m5_r01.txt,data\mtsp\generated_multifamily\uniform_n200_m5_r01.txt,200,5,tsp-transform-lkh,medium,1154.165454,0.218001,True,ok,False,"[[0, 102, 0], [0, 176, 0], [0, 52, 152, 143, 167, 8, 79, 96, 3, 30, 172, 170, 22, 32, 51, 199, 153, 50, 125, 53, 75, 63, 193, 187, 196, 159, 142, 36, 88, 119, 111, 101, 134, 20, 151, 183, 156, 113, 154, 122, 163, 73, 149, 117, 25, 74, 185, 14, 164, 90, 70, 11, 114, 191, 10, 195, 133, 160, 110, 17, 42, 124, 56, 148, 48, 21, 65, 128, 173, 86, 82, 146, 165, 115, 80, 106, 177, 158, 7, 19, 184, 178, 81, 155, 108, 72, 150, 26, 47, 188, 100, 91, 12, 29, 197, 41, 57, 38, 71, 66, 59, 69, 144, 84, 131, 39, 103, 147, 31, 130, 15, 13, 161, 120, 45, 89, 77, 5, 76, 138, 16, 104, 186, 168, 166, 116, 40, 140, 181, 136, 175, 44, 157, 141, 109, 182, 23, 2, 121, 37, 132, 93, 9, 27, 179, 18, 145, 34, 85, 33, 99, 98, 35, 1, 49, 60, 64, 190, 162, 94, 54, 67, 118, 194, 192, 4, 126, 129, 127, 92, 97, 62, 139, 189, 174, 28, 171, 61, 6, 107, 105, 68, 87, 95, 43, 24, 55, 137, 135, 112, 198, 123, 46, 83, 58, 0], [0, 169, 0], [0, 180, 78, 0]]"
uniform,uniform_n20_m2_r01.txt,data\mtsp\generated_multifamily\uniform_n20_m2_r01.txt,20,2,exact-mip,small,41.814919,1.572718,True,optimal:SCIP,True,"[[0, 10, 0], [0, 16, 12, 11, 13, 15, 17, 4, 8, 9, 1, 6, 18, 14, 3, 7, 5, 19, 2, 0]]"
uniform,uniform_n20_m2_r01.txt,data\mtsp\generated_multifamily\uniform_n20_m2_r01.txt,20,2,ortools-gls,small,41.100265,5.000185,True,ok,False,"[[0, 16, 12, 11, 13, 15, 17, 4, 8, 9, 1, 6, 18, 14, 3, 7, 5, 19, 2, 10, 0], [0, 0]]"
uniform,uniform_n20_m2_r01.txt,data\mtsp\generated_multifamily\uniform_n20_m2_r01.txt,20,2,tsp-transform-lkh,small,42.195555,0.034748,True,ok,False,"[[0, 10, 0], [0, 16, 12, 11, 13, 15, 17, 4, 8, 9, 1, 6, 18, 14, 3, 19, 7, 5, 2, 0]]"
uniform,uniform_n20_m3_r01.txt,data\mtsp\generated_multifamily\uniform_n20_m3_r01.txt,20,3,exact-mip,small,50.813843,0.445571,True,optimal:SCIP,True,"[[0, 9, 0], [0, 11, 7, 17, 19, 8, 12, 4, 6, 13, 2, 18, 16, 5, 3, 15, 10, 1, 0], [0, 14, 0]]"
uniform,uniform_n20_m3_r01.txt,data\mtsp\generated_multifamily\uniform_n20_m3_r01.txt,20,3,ortools-gls,small,44.86439,5.00047,True,ok,False,"[[0, 11, 7, 17, 19, 8, 14, 12, 4, 6, 13, 2, 9, 18, 16, 5, 3, 15, 10, 1, 0], [0, 0], [0, 0]]"
uniform,uniform_n20_m3_r01.txt,data\mtsp\generated_multifamily\uniform_n20_m3_r01.txt,20,3,tsp-transform-lkh,small,51.371792,0.058194,True,ok,False,"[[0, 9, 0], [0, 18, 16, 5, 3, 15, 10, 1, 0], [0, 11, 7, 17, 19, 8, 14, 12, 4, 6, 13, 2, 0]]"
uniform,uniform_n20_m5_r01.txt,data\mtsp\generated_multifamily\uniform_n20_m5_r01.txt,20,5,exact-mip,small,52.524939,4.089615,True,feasible:SCIP,False,"[[0, 6, 5, 16, 11, 2, 12, 9, 15, 17, 3, 19, 1, 7, 4, 14, 0], [0, 8, 0], [0, 10, 0], [0, 13, 0], [0, 18, 0]]"
uniform,uniform_n20_m5_r01.txt,data\mtsp\generated_multifamily\uniform_n20_m5_r01.txt,20,5,ortools-gls,small,36.828012,5.000568,True,ok,False,"[[0, 8, 10, 4, 14, 7, 1, 19, 3, 17, 15, 9, 12, 2, 11, 16, 5, 6, 18, 13, 0], [0, 0], [0, 0], [0, 0], [0, 0]]"
uniform,uniform_n20_m5_r01.txt,data\mtsp\generated_multifamily\uniform_n20_m5_r01.txt,20,5,tsp-transform-lkh,small,52.651613,0.036504,True,ok,False,"[[0, 10, 0], [0, 4, 14, 7, 1, 19, 3, 17, 15, 9, 12, 2, 11, 16, 5, 6, 0], [0, 18, 0], [0, 13, 0], [0, 8, 0]]"
uniform,uniform_n500_m2_r01.txt,data\mtsp\generated_multifamily\uniform_n500_m2_r01.txt,500,2,ortools-gls,medium,4602.629325,5.0013,True,ok,False,"[[0, 370, 294, 132, 197, 175, 420, 470, 120, 205, 451, 165, 312, 308, 37, 447, 67, 219, 401, 478, 256, 115, 379, 49, 382, 408, 39, 363, 314, 121, 226, 141, 56, 90, 425, 53, 323, 36, 136, 101, 416, 211, 474, 443, 171, 300, 239, 398, 153, 5, 2, 167, 462, 406, 272, 28, 80, 179, 29, 448, 17, 494, 12, 309, 350, 186, 336, 30, 449, 482, 208, 404, 353, 227, 381, 483, 134, 89, 326, 112, 261, 273, 202, 148, 354, 69, 318, 201, 95, 313, 481, 254, 152, 233, 365, 262, 11, 373, 113, 351, 75, 190, 413, 427, 495, 414, 338, 93, 104, 484, 127, 375, 460, 162, 110, 498, 327, 88, 246, 292, 79, 166, 43, 184, 138, 258, 71, 480, 473, 223, 479, 396, 485, 191, 274, 111, 360, 439, 77, 278, 215, 25, 458, 34, 472, 102, 486, 364, 244, 241, 214, 250, 163, 147, 387, 489, 51, 235, 468, 85, 388, 9, 196, 434, 137, 409, 417, 146, 307, 157, 243, 356, 418, 129, 73, 14, 91, 198, 339, 334, 224, 421, 321, 277, 340, 405, 247, 268, 348, 315, 187, 55, 204, 182, 355, 27, 185, 493, 237, 66, 369, 222, 497, 306, 124, 183, 438, 440, 330, 452, 454, 213, 31, 280, 311, 188, 395, 325, 362, 133, 81, 390, 428, 234, 366, 284, 230, 173, 328, 477, 150, 344, 178, 242, 358, 445, 342, 290, 217, 189, 212, 78, 490, 403, 456, 359, 117, 50, 1, 264, 54, 32, 263, 415, 412, 199, 324, 169, 260, 218, 109, 83, 231, 87, 255, 44, 467, 436, 61, 59, 62, 402, 236, 496, 380, 461, 206, 123, 16, 304, 345, 207, 229, 295, 240, 200, 422, 394, 303, 257, 72, 82, 299, 322, 149, 291, 70, 471, 288, 393, 47, 251, 266, 238, 316, 172, 407, 384, 42, 139, 464, 76, 195, 329, 492, 281, 209, 385, 331, 220, 301, 423, 397, 63, 293, 92, 161, 103, 6, 285, 276, 131, 45, 225, 174, 38, 271, 26, 367, 143, 320, 22, 13, 346, 389, 269, 297, 337, 352, 114, 60, 203, 41, 491, 135, 371, 119, 265, 319, 142, 128, 181, 74, 441, 296, 444, 368, 21, 302, 475, 333, 7, 283, 259, 125, 372, 446, 155, 361, 99, 68, 4, 377, 232, 176, 107, 253, 177, 289, 160, 457, 279, 435, 96, 399, 383, 192, 159, 105, 156, 433, 52, 245, 455, 476, 392, 376, 100, 424, 431, 130, 419, 15, 65, 453, 499, 463, 426, 118, 298, 164, 145, 248, 122, 116, 437, 374, 98, 249, 106, 33, 430, 144, 488, 343, 57, 287, 46, 282, 270, 20, 400, 158, 210, 94, 10, 391, 40, 180, 349, 35, 48, 24, 305, 64, 252, 19, 126, 357, 168, 221, 341, 335, 23, 140, 193, 86, 459, 267, 410, 3, 450, 151, 194, 108, 216, 228, 58, 487, 317, 18, 332, 286, 8, 170, 465, 347, 429, 310, 154, 411, 469, 442, 275, 378, 432, 466, 97, 84, 386, 0], [0, 0]]"
uniform,uniform_n500_m2_r01.txt,data\mtsp\generated_multifamily\uniform_n500_m2_r01.txt,500,2,tsp-transform-lkh,medium,4443.631037,0.253451,True,ok,False,"[[0, 1, 50, 117, 359, 209, 385, 331, 220, 161, 103, 92, 293, 423, 301, 397, 63, 285, 6, 143, 45, 225, 174, 131, 276, 251, 266, 238, 47, 393, 288, 471, 291, 70, 316, 172, 407, 42, 139, 464, 76, 384, 195, 324, 149, 322, 299, 82, 72, 257, 303, 394, 422, 200, 240, 295, 229, 169, 207, 260, 218, 345, 496, 380, 16, 461, 206, 123, 304, 236, 402, 109, 83, 231, 62, 59, 255, 61, 436, 44, 467, 480, 473, 223, 479, 396, 485, 191, 274, 111, 77, 360, 439, 414, 338, 484, 93, 104, 127, 375, 460, 162, 110, 458, 498, 34, 327, 88, 25, 215, 278, 138, 258, 71, 184, 246, 292, 79, 43, 166, 364, 244, 241, 214, 147, 163, 250, 486, 472, 102, 387, 489, 51, 235, 468, 85, 388, 9, 179, 80, 256, 478, 401, 219, 67, 37, 308, 312, 409, 137, 434, 196, 243, 417, 146, 307, 157, 356, 418, 129, 73, 165, 451, 66, 222, 369, 120, 205, 447, 469, 442, 275, 378, 432, 411, 154, 310, 347, 429, 431, 130, 419, 65, 453, 499, 286, 332, 18, 487, 317, 374, 98, 216, 58, 228, 341, 335, 86, 193, 23, 8, 170, 465, 140, 56, 90, 425, 53, 323, 36, 136, 101, 416, 211, 5, 2, 363, 314, 121, 141, 226, 49, 379, 115, 28, 272, 17, 448, 29, 353, 227, 483, 134, 89, 326, 112, 261, 273, 202, 69, 318, 148, 354, 201, 95, 313, 481, 254, 495, 427, 152, 233, 365, 262, 11, 413, 190, 75, 351, 113, 373, 381, 404, 208, 30, 449, 482, 494, 336, 186, 350, 12, 309, 406, 382, 408, 462, 39, 167, 153, 398, 239, 300, 171, 474, 443, 64, 305, 24, 48, 35, 252, 168, 221, 459, 267, 357, 410, 3, 40, 180, 126, 19, 349, 391, 10, 94, 210, 158, 400, 20, 282, 46, 270, 450, 151, 194, 108, 249, 106, 33, 287, 57, 343, 488, 144, 430, 437, 116, 122, 248, 145, 426, 463, 164, 298, 118, 15, 392, 376, 476, 159, 192, 105, 245, 455, 52, 433, 156, 253, 177, 232, 176, 107, 361, 155, 446, 372, 125, 259, 283, 7, 333, 475, 302, 21, 368, 444, 296, 74, 441, 477, 328, 173, 181, 128, 142, 319, 265, 119, 150, 344, 178, 290, 217, 342, 445, 358, 242, 352, 114, 60, 203, 41, 491, 371, 135, 26, 271, 38, 367, 13, 346, 22, 320, 389, 337, 297, 269, 189, 212, 280, 311, 362, 81, 390, 428, 435, 234, 230, 366, 284, 68, 99, 4, 457, 279, 160, 377, 289, 383, 96, 399, 133, 100, 424, 395, 325, 188, 31, 466, 97, 197, 175, 420, 470, 370, 294, 132, 0], [0, 386, 84, 330, 452, 213, 78, 490, 403, 456, 454, 440, 438, 183, 124, 306, 497, 237, 14, 91, 198, 339, 334, 224, 421, 321, 277, 340, 405, 87, 247, 268, 204, 182, 355, 27, 493, 185, 315, 187, 55, 348, 415, 412, 199, 329, 492, 281, 263, 32, 54, 264, 0]]"
uniform,uniform_n500_m3_r01.txt,data\mtsp\generated_multifamily\uniform_n500_m3_r01.txt,500,3,ortools-gls,medium,4648.977683,5.001919,True,ok,False,"[[0, 153, 194, 324, 151, 456, 17, 347, 191, 245, 367, 401, 269, 23, 198, 368, 67, 369, 304, 203, 226, 66, 154, 452, 296, 461, 34, 177, 21, 295, 482, 310, 309, 188, 97, 218, 376, 20, 99, 102, 209, 105, 290, 41, 243, 457, 230, 247, 231, 213, 240, 107, 357, 428, 404, 229, 152, 362, 96, 63, 8, 257, 399, 379, 475, 24, 72, 94, 479, 396, 297, 242, 343, 90, 380, 249, 477, 283, 341, 1, 113, 259, 273, 267, 373, 268, 394, 359, 306, 448, 130, 158, 280, 386, 278, 260, 277, 215, 4, 392, 449, 5, 248, 225, 264, 149, 354, 339, 64, 162, 473, 15, 292, 159, 87, 413, 491, 3, 350, 492, 407, 327, 455, 388, 104, 438, 480, 330, 91, 281, 488, 207, 16, 308, 132, 14, 262, 496, 56, 128, 81, 467, 246, 363, 286, 251, 235, 422, 432, 75, 119, 351, 136, 445, 156, 45, 44, 336, 18, 334, 331, 55, 447, 110, 69, 442, 233, 319, 58, 463, 2, 192, 383, 173, 352, 322, 261, 265, 276, 167, 169, 486, 303, 206, 464, 323, 190, 411, 285, 282, 465, 6, 120, 364, 71, 410, 150, 131, 430, 409, 378, 263, 495, 11, 47, 274, 272, 302, 345, 437, 415, 275, 33, 186, 176, 155, 472, 313, 140, 147, 134, 179, 314, 163, 80, 217, 108, 30, 40, 216, 377, 360, 171, 487, 52, 459, 317, 298, 419, 239, 88, 35, 183, 79, 385, 316, 221, 185, 9, 78, 237, 77, 84, 440, 60, 175, 89, 166, 489, 103, 121, 180, 164, 65, 222, 420, 144, 483, 189, 199, 484, 332, 137, 370, 25, 284, 400, 37, 29, 460, 493, 361, 478, 315, 46, 54, 184, 289, 145, 450, 172, 220, 68, 337, 312, 451, 481, 49, 57, 59, 391, 142, 123, 187, 279, 157, 254, 300, 28, 117, 76, 470, 389, 219, 73, 197, 471, 490, 98, 141, 244, 116, 86, 427, 124, 70, 382, 497, 366, 417, 146, 92, 374, 178, 301, 266, 200, 346, 241, 494, 115, 485, 305, 340, 125, 7, 82, 53, 253, 294, 434, 335, 288, 223, 349, 287, 161, 196, 181, 405, 112, 425, 100, 174, 236, 210, 232, 126, 293, 256, 22, 476, 381, 403, 204, 395, 329, 356, 101, 390, 135, 31, 95, 50, 212, 423, 375, 201, 458, 32, 38, 27, 62, 344, 418, 443, 26, 439, 414, 365, 342, 228, 433, 13, 211, 291, 202, 333, 10, 384, 355, 371, 397, 446, 43, 12, 19, 453, 441, 393, 227, 307, 311, 205, 469, 462, 426, 270, 139, 498, 454, 48, 252, 436, 133, 468, 118, 74, 466, 122, 321, 111, 61, 85, 109, 358, 387, 299, 182, 214, 148, 195, 416, 127, 372, 170, 348, 406, 143, 208, 193, 320, 318, 474, 234, 160, 402, 435, 429, 499, 408, 431, 106, 114, 165, 325, 51, 224, 138, 238, 258, 353, 129, 93, 444, 338, 39, 36, 168, 398, 250, 326, 255, 328, 421, 83, 412, 424, 271, 42, 0], [0, 0], [0, 0]]"
uniform,uniform_n500_m3_r01.txt,data\mtsp\generated_multifamily\uniform_n500_m3_r01.txt,500,3,tsp-transform-lkh,medium,4401.692443,0.276707,True,ok,False,"[[0, 23, 198, 368, 339, 264, 64, 162, 15, 410, 150, 159, 292, 473, 413, 87, 407, 430, 409, 131, 263, 378, 319, 463, 58, 71, 303, 486, 383, 192, 2, 233, 495, 442, 69, 110, 447, 163, 314, 11, 47, 179, 134, 302, 272, 274, 173, 352, 415, 437, 345, 472, 313, 140, 147, 155, 176, 186, 33, 275, 276, 265, 261, 322, 169, 167, 206, 464, 323, 364, 120, 190, 411, 6, 285, 282, 465, 278, 386, 260, 277, 215, 4, 392, 449, 280, 158, 130, 448, 357, 306, 297, 242, 343, 90, 380, 249, 477, 283, 394, 396, 359, 479, 428, 107, 240, 5, 248, 225, 304, 369, 149, 354, 67, 245, 191, 367, 0], [0, 42, 0], [0, 456, 17, 347, 66, 226, 461, 203, 34, 247, 231, 213, 230, 21, 177, 295, 457, 243, 482, 41, 290, 20, 376, 99, 102, 105, 209, 404, 94, 72, 229, 152, 362, 24, 273, 259, 267, 373, 268, 113, 1, 341, 475, 379, 96, 399, 257, 63, 8, 148, 195, 182, 214, 299, 387, 127, 372, 416, 170, 358, 109, 85, 61, 321, 111, 318, 474, 160, 234, 320, 193, 208, 143, 406, 348, 218, 97, 310, 188, 309, 296, 452, 154, 338, 444, 39, 395, 329, 93, 129, 353, 258, 238, 429, 499, 138, 431, 106, 114, 224, 51, 325, 165, 408, 402, 435, 118, 122, 74, 466, 468, 133, 436, 252, 48, 454, 498, 139, 270, 426, 462, 469, 205, 311, 13, 433, 439, 32, 201, 375, 414, 342, 228, 365, 423, 212, 50, 101, 356, 390, 135, 95, 31, 381, 403, 204, 36, 151, 324, 153, 194, 398, 168, 256, 476, 22, 250, 326, 255, 328, 421, 83, 207, 483, 189, 199, 484, 332, 25, 284, 400, 37, 493, 460, 29, 450, 145, 125, 7, 82, 54, 184, 289, 46, 315, 181, 478, 361, 425, 405, 112, 100, 126, 293, 232, 210, 174, 236, 458, 38, 27, 62, 344, 418, 443, 26, 211, 291, 307, 227, 393, 441, 453, 19, 12, 371, 397, 446, 43, 202, 355, 384, 333, 10, 223, 349, 287, 196, 161, 288, 335, 434, 294, 253, 53, 115, 485, 494, 241, 346, 200, 266, 178, 301, 305, 340, 172, 49, 57, 59, 481, 451, 312, 337, 68, 220, 370, 137, 164, 65, 222, 420, 144, 16, 308, 132, 14, 262, 128, 56, 496, 180, 121, 103, 489, 166, 89, 175, 470, 219, 389, 490, 98, 117, 28, 76, 300, 254, 157, 279, 187, 123, 142, 391, 374, 92, 146, 417, 366, 497, 382, 70, 124, 427, 86, 116, 244, 141, 471, 197, 73, 60, 440, 84, 77, 9, 237, 78, 185, 221, 316, 81, 467, 246, 363, 385, 79, 183, 35, 286, 251, 235, 422, 88, 239, 419, 317, 459, 487, 52, 298, 432, 75, 119, 351, 136, 445, 156, 45, 44, 360, 171, 30, 108, 217, 80, 40, 216, 377, 18, 336, 334, 55, 331, 438, 104, 480, 330, 91, 455, 388, 327, 281, 488, 412, 424, 271, 492, 350, 491, 3, 401, 269, 0]]"
uniform,uniform_n500_m5_r01.txt,data\mtsp\generated_multifamily\uniform_n500_m5_r01.txt,500,5,ortools-gls,medium,4636.73696,5.002856,True,ok,False,"[[0, 171, 173, 393, 334, 174, 221, 413, 245, 452, 158, 109, 49, 269, 271, 193, 311, 379, 70, 228, 453, 2, 132, 383, 230, 386, 439, 159, 415, 168, 461, 390, 351, 246, 139, 465, 93, 437, 308, 440, 337, 30, 387, 300, 59, 372, 342, 113, 304, 262, 323, 68, 460, 258, 289, 490, 217, 412, 392, 203, 14, 94, 421, 224, 95, 320, 140, 143, 208, 327, 23, 280, 251, 423, 58, 236, 358, 196, 260, 55, 281, 247, 31, 137, 136, 33, 226, 365, 166, 54, 123, 204, 382, 455, 354, 19, 316, 25, 360, 356, 430, 305, 302, 134, 338, 170, 12, 77, 400, 211, 213, 24, 315, 261, 399, 270, 61, 284, 22, 322, 167, 314, 200, 18, 142, 239, 477, 155, 185, 219, 157, 119, 34, 306, 10, 292, 448, 443, 480, 420, 293, 212, 28, 43, 374, 422, 244, 344, 13, 274, 398, 96, 205, 364, 268, 182, 227, 129, 403, 120, 5, 362, 76, 115, 235, 72, 296, 102, 121, 151, 238, 361, 177, 309, 184, 272, 350, 214, 446, 165, 44, 195, 97, 331, 468, 330, 15, 298, 445, 464, 288, 478, 377, 232, 470, 397, 346, 384, 462, 188, 220, 266, 233, 339, 405, 162, 29, 285, 122, 138, 463, 318, 141, 494, 343, 215, 407, 340, 16, 456, 3, 74, 376, 310, 114, 444, 84, 471, 223, 85, 359, 90, 47, 275, 449, 146, 432, 264, 56, 458, 60, 333, 51, 88, 99, 225, 36, 45, 267, 149, 389, 283, 348, 131, 118, 325, 147, 71, 499, 6, 473, 368, 347, 424, 295, 438, 178, 41, 431, 112, 89, 241, 324, 150, 172, 80, 254, 42, 252, 451, 110, 242, 38, 86, 425, 106, 369, 328, 117, 404, 332, 63, 381, 73, 198, 199, 69, 409, 414, 277, 183, 237, 206, 353, 1, 489, 218, 39, 373, 402, 299, 434, 75, 127, 286, 429, 209, 194, 498, 496, 474, 479, 169, 11, 485, 321, 9, 126, 164, 441, 319, 103, 484, 240, 82, 491, 249, 202, 124, 108, 253, 263, 250, 418, 48, 192, 282, 259, 130, 433, 207, 160, 363, 191, 81, 201, 100, 243, 391, 154, 148, 186, 179, 133, 427, 375, 410, 32, 481, 111, 175, 307, 255, 486, 336, 435, 367, 256, 101, 46, 475, 128, 416, 495, 291, 231, 21, 66, 156, 335, 276, 454, 345, 163, 107, 396, 181, 352, 394, 50, 428, 17, 488, 297, 20, 476, 26, 125, 406, 189, 447, 40, 104, 317, 145, 273, 234, 303, 197, 153, 466, 312, 79, 53, 91, 64, 190, 371, 35, 187, 65, 4, 161, 216, 116, 222, 355, 229, 52, 62, 301, 294, 87, 426, 366, 152, 248, 329, 401, 27, 349, 483, 7, 380, 83, 482, 257, 180, 37, 469, 278, 279, 385, 370, 395, 135, 411, 357, 287, 467, 176, 210, 313, 57, 98, 472, 326, 78, 436, 487, 144, 8, 388, 92, 450, 457, 419, 67, 105, 442, 265, 417, 493, 408, 341, 492, 378, 290, 459, 497, 0], [0, 0], [0, 0], [0, 0], [0, 0]]"
uniform,uniform_n500_m5_r01.txt,data\mtsp\generated_multifamily\uniform_n500_m5_r01.txt,500,5,tsp-transform-lkh,medium,4432.640973,0.283029,True,ok,False,"[[0, 220, 233, 266, 463, 138, 122, 29, 285, 339, 405, 162, 478, 288, 464, 377, 445, 232, 384, 462, 188, 346, 459, 0], [0, 171, 0], [0, 173, 0], [0, 393, 334, 0], [0, 341, 408, 493, 229, 417, 67, 105, 174, 221, 269, 49, 193, 497, 271, 311, 379, 397, 470, 298, 15, 330, 468, 331, 252, 451, 42, 110, 183, 254, 80, 172, 324, 319, 241, 89, 112, 431, 41, 263, 418, 250, 178, 438, 295, 424, 473, 6, 368, 499, 71, 147, 347, 325, 118, 131, 348, 283, 389, 282, 259, 433, 130, 192, 48, 124, 253, 108, 202, 249, 491, 240, 484, 103, 82, 209, 498, 496, 474, 479, 169, 194, 429, 286, 127, 11, 75, 434, 299, 402, 485, 321, 9, 441, 164, 126, 150, 237, 206, 353, 1, 489, 218, 39, 373, 277, 242, 414, 409, 69, 199, 38, 86, 198, 73, 381, 63, 332, 425, 106, 404, 369, 328, 117, 165, 214, 350, 272, 184, 309, 177, 268, 364, 205, 96, 446, 44, 274, 195, 97, 13, 344, 398, 244, 422, 480, 443, 448, 292, 230, 383, 132, 2, 70, 228, 453, 109, 158, 452, 413, 245, 323, 68, 262, 304, 168, 415, 159, 439, 386, 306, 10, 420, 293, 374, 43, 212, 28, 227, 182, 129, 403, 120, 5, 362, 76, 115, 238, 361, 151, 121, 235, 102, 296, 72, 167, 314, 18, 200, 34, 119, 157, 142, 239, 477, 322, 22, 155, 185, 219, 461, 390, 351, 246, 93, 465, 139, 61, 284, 270, 399, 261, 315, 437, 308, 440, 24, 400, 213, 211, 77, 337, 30, 140, 387, 300, 59, 372, 342, 113, 460, 320, 95, 258, 289, 490, 224, 251, 23, 327, 208, 143, 12, 170, 338, 134, 302, 305, 430, 356, 360, 204, 316, 25, 19, 354, 455, 382, 226, 33, 136, 137, 31, 365, 247, 281, 55, 196, 260, 166, 123, 54, 358, 280, 423, 236, 58, 14, 94, 421, 217, 203, 392, 412, 144, 8, 388, 92, 450, 457, 419, 265, 442, 436, 487, 57, 98, 472, 78, 326, 52, 301, 294, 87, 426, 366, 152, 248, 257, 329, 401, 27, 349, 483, 313, 210, 176, 467, 287, 357, 411, 135, 395, 370, 279, 278, 385, 7, 380, 83, 482, 469, 180, 37, 273, 317, 145, 40, 104, 189, 447, 406, 125, 26, 476, 234, 303, 197, 20, 297, 153, 190, 371, 64, 35, 187, 62, 116, 216, 161, 65, 4, 471, 84, 444, 310, 114, 264, 146, 432, 275, 335, 276, 47, 90, 359, 223, 85, 91, 53, 454, 345, 163, 79, 312, 466, 488, 107, 396, 181, 352, 394, 50, 428, 17, 435, 336, 307, 481, 111, 175, 255, 486, 367, 256, 101, 32, 46, 410, 475, 128, 291, 416, 495, 156, 66, 154, 148, 21, 231, 375, 427, 133, 179, 186, 191, 81, 363, 160, 207, 36, 45, 267, 149, 225, 99, 88, 243, 201, 100, 449, 391, 333, 51, 60, 458, 56, 494, 141, 318, 407, 215, 343, 376, 74, 222, 355, 3, 456, 16, 340, 492, 378, 290, 0]]"
uniform,uniform_n50_m2_r01.txt,data\mtsp\generated_multifamily\uniform_n50_m2_r01.txt,50,2,ortools-gls,medium,150.585909,5.000519,True,ok,False,"[[0, 40, 32, 29, 33, 16, 35, 11, 12, 47, 23, 13, 42, 41, 27, 6, 5, 36, 44, 10, 46, 26, 22, 45, 15, 14, 1, 39, 20, 38, 2, 17, 31, 9, 25, 24, 8, 37, 49, 18, 21, 3, 43, 48, 19, 4, 34, 30, 28, 7, 0], [0, 0]]"
uniform,uniform_n50_m2_r01.txt,data\mtsp\generated_multifamily\uniform_n50_m2_r01.txt,50,2,tsp-transform-lkh,medium,150.011739,0.042165,True,ok,False,"[[0, 7, 0], [0, 40, 9, 25, 24, 8, 37, 49, 18, 21, 3, 43, 48, 19, 4, 34, 28, 30, 41, 27, 6, 5, 13, 42, 23, 47, 36, 44, 10, 46, 26, 22, 45, 15, 14, 1, 39, 20, 17, 31, 2, 38, 32, 33, 29, 11, 35, 16, 12, 0]]"
uniform,uniform_n50_m3_r01.txt,data\mtsp\generated_multifamily\uniform_n50_m3_r01.txt,50,3,ortools-gls,medium,144.432357,5.000656,True,ok,False,"[[0, 28, 38, 15, 39, 10, 26, 41, 12, 4, 31, 20, 2, 21, 45, 35, 47, 6, 42, 24, 1, 29, 27, 3, 32, 34, 23, 5, 11, 40, 8, 7, 14, 25, 37, 49, 44, 9, 18, 17, 16, 33, 19, 46, 36, 43, 48, 13, 30, 22, 0], [0, 0], [0, 0]]"
uniform,uniform_n50_m3_r01.txt,data\mtsp\generated_multifamily\uniform_n50_m3_r01.txt,50,3,tsp-transform-lkh,medium,146.666447,0.042388,True,ok,False,"[[0, 28, 0], [0, 13, 0], [0, 30, 22, 3, 27, 29, 1, 35, 47, 6, 42, 24, 32, 34, 23, 5, 11, 40, 8, 7, 14, 25, 37, 49, 44, 9, 18, 17, 16, 33, 19, 46, 36, 48, 43, 15, 39, 10, 38, 26, 41, 12, 4, 31, 20, 2, 45, 21, 0]]"
uniform,uniform_n50_m5_r01.txt,data\mtsp\generated_multifamily\uniform_n50_m5_r01.txt,50,5,ortools-gls,medium,154.076264,5.000759,True,ok,False,"[[0, 8, 39, 7, 27, 44, 20, 33, 10, 24, 36, 21, 19, 12, 23, 6, 42, 2, 3, 22, 5, 14, 32, 1, 18, 46, 11, 29, 26, 47, 40, 37, 30, 31, 17, 28, 49, 38, 15, 48, 9, 41, 45, 13, 35, 4, 43, 16, 25, 34, 0], [0, 0], [0, 0], [0, 0], [0, 0]]"
uniform,uniform_n50_m5_r01.txt,data\mtsp\generated_multifamily\uniform_n50_m5_r01.txt,50,5,tsp-transform-lkh,medium,157.021534,0.053897,True,ok,False,"[[0, 1, 0], [0, 32, 46, 11, 37, 40, 47, 26, 29, 14, 5, 22, 3, 2, 42, 6, 23, 12, 19, 39, 0], [0, 8, 0], [0, 7, 27, 44, 21, 20, 33, 36, 10, 24, 16, 25, 43, 4, 35, 34, 13, 45, 41, 9, 48, 15, 38, 30, 31, 17, 28, 49, 0], [0, 18, 0]]"
