instance_family,instance,path,node_count,salesman_count,solver,objective,time_seconds,step_time_seconds,valid,steps,routes
clustered-center,clustered-center_n100_m2_r01.txt,data\mtsp\generated_multifamily\clustered-center_n100_m2_r01.txt,100,2,lkh-wrapper-v4,243.1573508439563,0.003307,0.003285,True,"[{""name"": ""lkh-wrapper-v4"", ""objective"": 243.1573508439563, ""time"": 0.003285, ""valid"": true}]","[[0, 41, 61, 49, 48, 40, 73, 59, 42, 39, 62, 65, 53, 57, 72, 67, 71, 58, 43, 70, 63, 46, 51, 60, 66, 37, 54, 69, 68, 56, 50, 47, 44, 45, 38, 52, 64, 55, 0], [0, 29, 15, 2, 10, 36, 28, 20, 11, 3, 14, 24, 16, 19, 13, 23, 25, 5, 21, 4, 7, 30, 12, 6, 1, 26, 34, 18, 31, 33, 27, 22, 17, 9, 32, 8, 35, 80, 91, 79, 78, 83, 85, 86, 88, 84, 76, 74, 99, 92, 94, 81, 89, 75, 82, 95, 90, 98, 96, 93, 77, 87, 97, 0]]"
clustered-center,clustered-center_n100_m2_r01.txt,data\mtsp\generated_multifamily\clustered-center_n100_m2_r01.txt,100,2,lkh-wrapper-v5,286.34296306103624,0.015324,0.015299,True,"[{""name"": ""lkh-wrapper-v5"", ""objective"": 286.34296306103624, ""time"": 0.015299, ""valid"": true}]","[[0, 33, 6, 12, 4, 55, 64, 52, 38, 45, 50, 47, 44, 48, 40, 73, 65, 62, 59, 42, 39, 56, 68, 69, 54, 37, 66, 60, 51, 46, 63, 70, 43, 71, 58, 53, 67, 72, 57, 49, 61, 41, 0], [0, 29, 21, 5, 15, 2, 10, 25, 28, 20, 36, 11, 3, 14, 24, 16, 19, 13, 23, 30, 7, 1, 26, 34, 18, 31, 22, 17, 27, 9, 32, 8, 35, 97, 80, 85, 86, 88, 84, 76, 83, 74, 99, 89, 92, 81, 94, 82, 95, 75, 79, 78, 91, 77, 93, 96, 90, 98, 87, 0]]"
clustered-center,clustered-center_n100_m2_r01.txt,data\mtsp\generated_multifamily\clustered-center_n100_m2_r01.txt,100,2,lkh-wrapper-v6,324.97789005066306,0.01437,0.014343,True,"[{""name"": ""lkh-wrapper-v6"", ""objective"": 324.97789005066306, ""time"": 0.014343, ""valid"": true}]","[[0, 80, 91, 79, 78, 83, 85, 86, 88, 84, 76, 74, 99, 89, 92, 94, 81, 75, 82, 95, 77, 93, 96, 98, 90, 59, 42, 39, 2, 10, 36, 28, 20, 11, 3, 14, 24, 16, 19, 25, 5, 15, 0], [0, 29, 21, 4, 7, 23, 13, 30, 12, 6, 1, 26, 34, 18, 31, 33, 27, 22, 17, 9, 32, 8, 35, 97, 87, 61, 49, 40, 73, 62, 65, 57, 72, 67, 53, 43, 58, 71, 70, 63, 46, 51, 60, 66, 37, 54, 69, 68, 56, 50, 38, 45, 47, 44, 48, 64, 52, 55, 41, 0]]"
clustered-center,clustered-center_n100_m3_r01.txt,data\mtsp\generated_multifamily\clustered-center_n100_m3_r01.txt,100,3,lkh-wrapper-v4,268.17962449808397,0.003026,0.003011,True,"[{""name"": ""lkh-wrapper-v4"", ""objective"": 268.17962449808397, ""time"": 0.003011, ""valid"": true}]","[[0, 94, 97, 93, 78, 81, 90, 95, 79, 88, 75, 83, 87, 96, 80, 99, 86, 82, 84, 76, 89, 91, 77, 85, 92, 98, 0], [0, 68, 59, 72, 66, 63, 60, 52, 58, 55, 53, 73, 64, 57, 62, 71, 74, 67, 65, 70, 51, 69, 61, 56, 54, 0], [0, 23, 39, 27, 40, 33, 32, 49, 26, 50, 30, 35, 24, 48, 34, 44, 47, 29, 36, 31, 37, 45, 28, 43, 38, 42, 46, 25, 41, 1, 17, 3, 10, 12, 16, 14, 19, 22, 6, 11, 15, 13, 18, 9, 2, 7, 21, 20, 5, 4, 8, 0]]"
clustered-center,clustered-center_n100_m3_r01.txt,data\mtsp\generated_multifamily\clustered-center_n100_m3_r01.txt,100,3,lkh-wrapper-v5,298.6470860540598,0.011423,0.011392,True,"[{""name"": ""lkh-wrapper-v5"", ""objective"": 298.6470860540598, ""time"": 0.011392, ""valid"": true}]","[[0, 54, 56, 61, 69, 70, 51, 67, 74, 65, 71, 62, 57, 64, 73, 53, 55, 58, 52, 60, 63, 66, 72, 59, 68, 49, 26, 44, 24, 35, 36, 31, 37, 25, 27, 39, 23, 0], [0, 94, 97, 93, 78, 81, 90, 95, 79, 88, 75, 83, 87, 96, 80, 99, 86, 82, 84, 76, 89, 91, 77, 85, 92, 98, 0], [0, 8, 5, 20, 21, 7, 2, 9, 18, 13, 15, 11, 6, 22, 19, 14, 16, 12, 10, 3, 17, 1, 4, 41, 42, 46, 38, 43, 28, 45, 29, 47, 34, 48, 30, 50, 33, 40, 32, 0]]"
clustered-center,clustered-center_n100_m3_r01.txt,data\mtsp\generated_multifamily\clustered-center_n100_m3_r01.txt,100,3,lkh-wrapper-v6,409.00407386779176,0.014434,0.014413,True,"[{""name"": ""lkh-wrapper-v6"", ""objective"": 409.00407386779176, ""time"": 0.014413, ""valid"": true}]","[[0, 49, 34, 48, 24, 35, 30, 50, 63, 60, 66, 89, 76, 84, 82, 86, 91, 99, 80, 96, 87, 83, 75, 88, 79, 95, 90, 81, 78, 93, 97, 94, 0], [0, 2, 9, 18, 13, 15, 11, 6, 16, 12, 10, 3, 17, 4, 21, 7, 20, 5, 8, 41, 25, 46, 42, 38, 43, 28, 45, 37, 31, 36, 29, 47, 44, 40, 33, 26, 68, 59, 72, 56, 54, 61, 69, 67, 74, 51, 70, 0], [0, 52, 58, 55, 53, 73, 64, 57, 62, 71, 65, 77, 85, 92, 98, 22, 19, 14, 1, 23, 39, 27, 32, 0]]"
clustered-center,clustered-center_n100_m5_r01.txt,data\mtsp\generated_multifamily\clustered-center_n100_m5_r01.txt,100,5,lkh-wrapper-v4,349.0088126593891,0.004054,0.004027,True,"[{""name"": ""lkh-wrapper-v4"", ""objective"": 349.0088126593891, ""time"": 0.004027, ""valid"": true}]","[[0, 42, 35, 43, 50, 47, 46, 39, 36, 37, 29, 30, 41, 32, 38, 34, 48, 33, 40, 31, 49, 44, 22, 10, 26, 15, 14, 11, 4, 24, 17, 21, 7, 19, 1, 12, 20, 2, 6, 13, 8, 27, 5, 9, 18, 25, 3, 16, 0], [0, 83, 90, 89, 91, 86, 93, 84, 85, 82, 88, 99, 81, 94, 95, 79, 87, 98, 80, 97, 92, 96, 0], [0, 66, 58, 65, 67, 64, 51, 63, 71, 74, 77, 52, 60, 72, 54, 55, 76, 78, 61, 56, 73, 69, 57, 70, 68, 59, 75, 62, 53, 0], [0, 45, 0], [0, 23, 28, 0]]"
clustered-center,clustered-center_n100_m5_r01.txt,data\mtsp\generated_multifamily\clustered-center_n100_m5_r01.txt,100,5,lkh-wrapper-v5,421.4362979828776,0.011566,0.011539,True,"[{""name"": ""lkh-wrapper-v5"", ""objective"": 421.4362979828776, ""time"": 0.011539, ""valid"": true}]","[[0, 16, 3, 25, 18, 9, 5, 27, 8, 13, 6, 2, 20, 12, 1, 19, 7, 21, 17, 24, 4, 11, 14, 15, 0], [0, 83, 90, 89, 91, 86, 93, 84, 85, 82, 88, 99, 81, 94, 95, 79, 87, 98, 80, 97, 92, 96, 26, 10, 0], [0, 45, 42, 35, 43, 50, 47, 46, 39, 36, 37, 29, 30, 41, 32, 38, 34, 48, 33, 40, 31, 49, 44, 22, 0], [0, 53, 62, 59, 68, 70, 57, 69, 73, 76, 56, 61, 78, 60, 52, 77, 74, 71, 63, 64, 67, 65, 58, 66, 0], [0, 75, 54, 51, 72, 55, 28, 23, 0]]"
clustered-center,clustered-center_n100_m5_r01.txt,data\mtsp\generated_multifamily\clustered-center_n100_m5_r01.txt,100,5,lkh-wrapper-v6,548.2678366210812,0.014509,0.014485,True,"[{""name"": ""lkh-wrapper-v6"", ""objective"": 548.2678366210812, ""time"": 0.014485, ""valid"": true}]","[[0, 66, 67, 64, 65, 58, 45, 42, 31, 40, 33, 44, 17, 21, 7, 1, 12, 20, 2, 6, 13, 8, 27, 5, 18, 25, 3, 0], [0, 49, 48, 32, 38, 34, 22, 10, 9, 80, 94, 81, 83, 0], [0, 16, 96, 92, 97, 95, 79, 87, 98, 93, 84, 86, 91, 89, 90, 57, 69, 73, 56, 61, 78, 76, 70, 0], [0, 68, 59, 55, 72, 60, 52, 77, 74, 71, 63, 51, 54, 75, 62, 53, 26, 15, 14, 11, 4, 24, 19, 28, 23, 0], [0, 35, 43, 50, 47, 46, 39, 36, 37, 29, 30, 41, 88, 99, 82, 85, 0]]"
clustered-center,clustered-center_n200_m2_r01.txt,data\mtsp\generated_multifamily\clustered-center_n200_m2_r01.txt,200,2,lkh-wrapper-v4,304.775041411923,0.009577,0.009523,True,"[{""name"": ""lkh-wrapper-v4"", ""objective"": 304.775041411923, ""time"": 0.009523, ""valid"": true}]","[[0, 29, 42, 65, 37, 38, 36, 4, 35, 57, 45, 34, 9, 26, 54, 39, 11, 62, 12, 32, 51, 58, 15, 52, 31, 13, 55, 17, 47, 44, 43, 2, 16, 5, 27, 21, 64, 10, 53, 30, 14, 19, 60, 8, 41, 48, 28, 18, 50, 6, 49, 40, 24, 23, 1, 61, 56, 7, 25, 46, 3, 20, 59, 63, 22, 33, 188, 175, 181, 169, 196, 162, 136, 180, 182, 177, 171, 166, 192, 134, 160, 157, 150, 186, 133, 187, 148, 132, 156, 176, 167, 163, 185, 194, 183, 165, 143, 193, 168, 184, 154, 164, 197, 195, 152, 198, 149, 142, 191, 170, 145, 144, 139, 151, 146, 178, 141, 172, 137, 140, 189, 147, 161, 174, 138, 173, 179, 135, 155, 190, 199, 153, 158, 159, 0], [0, 112, 119, 121, 90, 126, 99, 124, 75, 106, 108, 109, 74, 93, 115, 102, 127, 66, 100, 84, 92, 88, 117, 114, 128, 72, 82, 97, 125, 111, 78, 113, 123, 71, 69, 104, 103, 68, 129, 131, 91, 67, 86, 79, 98, 94, 130, 120, 83, 77, 81, 107, 122, 76, 87, 116, 73, 118, 89, 70, 110, 80, 96, 95, 101, 85, 105, 0]]"
clustered-center,clustered-center_n200_m2_r01.txt,data\mtsp\generated_multifamily\clustered-center_n200_m2_r01.txt,200,2,lkh-wrapper-v5,347.02641543153607,0.031491,0.031444,True,"[{""name"": ""lkh-wrapper-v5"", ""objective"": 347.02641543153607, ""time"": 0.031444, ""valid"": true}]","[[0, 65, 37, 38, 36, 42, 29, 4, 35, 57, 45, 34, 6, 50, 18, 9, 26, 54, 28, 48, 41, 8, 60, 19, 14, 30, 53, 10, 64, 49, 40, 24, 23, 1, 61, 56, 7, 25, 46, 21, 27, 5, 16, 2, 20, 59, 63, 22, 135, 179, 188, 173, 138, 175, 181, 169, 182, 171, 166, 192, 134, 160, 157, 150, 186, 133, 187, 183, 165, 195, 197, 164, 154, 184, 143, 168, 193, 152, 198, 149, 194, 185, 142, 191, 170, 145, 144, 139, 151, 146, 178, 141, 172, 137, 163, 167, 176, 156, 148, 132, 162, 136, 177, 180, 196, 174, 161, 147, 189, 140, 155, 190, 199, 159, 153, 158, 0], [0, 33, 44, 47, 43, 17, 55, 13, 31, 52, 15, 58, 51, 32, 12, 62, 11, 39, 3, 101, 95, 129, 103, 104, 69, 71, 123, 113, 78, 125, 97, 82, 72, 79, 86, 111, 68, 67, 91, 131, 94, 98, 128, 114, 117, 88, 92, 66, 127, 122, 107, 100, 84, 77, 81, 83, 120, 130, 118, 89, 73, 116, 87, 76, 102, 115, 93, 74, 109, 108, 106, 75, 124, 99, 126, 90, 121, 112, 119, 70, 110, 80, 96, 85, 105, 0]]"
clustered-center,clustered-center_n200_m2_r01.txt,data\mtsp\generated_multifamily\clustered-center_n200_m2_r01.txt,200,2,lkh-wrapper-v6,329.2908496077524,0.034432,0.034392,True,"[{""name"": ""lkh-wrapper-v6"", ""objective"": 329.2908496077524, ""time"": 0.034392, ""valid"": true}]","[[0, 105, 85, 101, 95, 96, 80, 110, 70, 89, 118, 73, 116, 87, 76, 122, 107, 81, 77, 83, 120, 130, 94, 131, 91, 67, 68, 129, 103, 104, 69, 71, 123, 113, 78, 111, 86, 79, 125, 97, 82, 72, 128, 98, 114, 117, 88, 84, 100, 92, 66, 127, 102, 115, 93, 74, 109, 108, 106, 75, 124, 99, 126, 90, 121, 119, 112, 141, 185, 183, 187, 133, 186, 150, 157, 160, 134, 192, 166, 171, 177, 182, 180, 136, 162, 196, 169, 181, 175, 138, 179, 135, 155, 153, 158, 159, 199, 0], [0, 42, 65, 37, 38, 36, 4, 29, 35, 57, 45, 34, 6, 50, 18, 9, 26, 54, 28, 41, 48, 39, 11, 62, 12, 32, 14, 19, 30, 53, 60, 8, 10, 49, 40, 24, 23, 1, 56, 7, 61, 64, 21, 27, 5, 16, 51, 58, 52, 31, 15, 13, 55, 17, 47, 44, 43, 2, 46, 25, 3, 20, 59, 63, 22, 33, 188, 173, 174, 161, 147, 189, 140, 163, 167, 176, 132, 148, 156, 194, 165, 143, 193, 168, 184, 154, 164, 197, 195, 152, 198, 149, 142, 191, 170, 145, 144, 139, 151, 146, 178, 172, 137, 190, 0]]"
clustered-center,clustered-center_n200_m3_r01.txt,data\mtsp\generated_multifamily\clustered-center_n200_m3_r01.txt,200,3,lkh-wrapper-v4,313.7637667203464,0.010113,0.010073,True,"[{""name"": ""lkh-wrapper-v4"", ""objective"": 313.7637667203464, ""time"": 0.010073, ""valid"": true}]","[[0, 187, 198, 193, 178, 164, 166, 190, 142, 152, 163, 182, 171, 159, 169, 135, 129, 156, 176, 140, 195, 177, 170, 155, 148, 180, 165, 143, 146, 157, 128, 153, 188, 158, 191, 183, 130, 151, 192, 133, 173, 189, 184, 172, 174, 167, 199, 136, 161, 196, 168, 144, 131, 137, 185, 154, 138, 160, 150, 186, 181, 147, 132, 134, 141, 197, 139, 149, 145, 179, 175, 194, 162, 0], [0, 117, 103, 94, 79, 104, 107, 110, 92, 74, 109, 126, 112, 119, 111, 91, 96, 121, 93, 80, 76, 78, 82, 106, 88, 127, 87, 81, 108, 113, 114, 118, 125, 72, 120, 73, 115, 77, 123, 83, 105, 99, 86, 70, 98, 116, 85, 122, 102, 71, 101, 90, 124, 89, 100, 75, 84, 97, 95, 0], [0, 38, 54, 1, 5, 23, 52, 32, 26, 15, 24, 51, 41, 21, 67, 43, 62, 69, 40, 29, 42, 65, 61, 12, 8, 66, 57, 64, 22, 35, 28, 36, 68, 31, 7, 60, 16, 49, 63, 4, 2, 20, 47, 14, 44, 58, 45, 46, 6, 13, 10, 18, 50, 17, 48, 11, 34, 37, 33, 53, 56, 19, 9, 55, 25, 59, 3, 27, 39, 30, 0]]"
clustered-center,clustered-center_n200_m3_r01.txt,data\mtsp\generated_multifamily\clustered-center_n200_m3_r01.txt,200,3,lkh-wrapper-v5,317.7669600199099,0.028879,0.028837,True,"[{""name"": ""lkh-wrapper-v5"", ""objective"": 317.7669600199099, ""time"": 0.028837, ""valid"": true}]","[[0, 187, 198, 193, 178, 164, 166, 190, 142, 186, 147, 181, 160, 150, 182, 152, 163, 171, 159, 169, 135, 129, 156, 176, 140, 195, 177, 170, 155, 148, 158, 191, 183, 130, 151, 192, 133, 173, 189, 184, 172, 157, 128, 153, 188, 180, 165, 143, 146, 174, 167, 199, 136, 161, 196, 168, 144, 131, 137, 185, 154, 138, 132, 134, 141, 197, 139, 149, 145, 179, 175, 194, 162, 0], [0, 95, 97, 84, 75, 100, 89, 124, 90, 101, 71, 102, 122, 85, 116, 83, 98, 70, 86, 99, 105, 123, 77, 115, 73, 120, 72, 125, 118, 114, 113, 108, 81, 87, 127, 88, 106, 82, 94, 79, 78, 76, 93, 121, 96, 91, 111, 119, 112, 74, 109, 126, 80, 92, 110, 107, 104, 103, 117, 0], [0, 38, 54, 1, 5, 52, 23, 35, 28, 7, 60, 36, 68, 31, 16, 49, 63, 4, 2, 20, 47, 14, 44, 58, 45, 29, 40, 69, 62, 6, 46, 13, 10, 18, 43, 67, 61, 65, 42, 12, 8, 66, 57, 64, 22, 26, 15, 24, 51, 41, 21, 33, 53, 56, 19, 9, 55, 32, 25, 59, 3, 27, 30, 39, 37, 34, 11, 48, 17, 50, 0]]"
clustered-center,clustered-center_n200_m3_r01.txt,data\mtsp\generated_multifamily\clustered-center_n200_m3_r01.txt,200,3,lkh-wrapper-v6,479.0659061145026,0.038819,0.038785,True,"[{""name"": ""lkh-wrapper-v6"", ""objective"": 479.0659061145026, ""time"": 0.038785, ""valid"": true}]","[[0, 38, 59, 19, 9, 64, 31, 16, 49, 63, 4, 2, 57, 24, 56, 53, 3, 27, 165, 188, 153, 128, 180, 95, 97, 90, 124, 89, 71, 101, 102, 116, 85, 122, 77, 73, 115, 123, 83, 105, 99, 98, 86, 70, 100, 75, 84, 0], [0, 187, 198, 193, 178, 164, 166, 190, 142, 152, 163, 182, 171, 159, 169, 135, 129, 156, 176, 140, 195, 177, 170, 155, 148, 158, 191, 183, 130, 151, 192, 133, 173, 189, 184, 157, 172, 174, 167, 199, 136, 161, 196, 168, 144, 131, 137, 185, 154, 138, 160, 150, 186, 181, 147, 132, 134, 141, 197, 139, 149, 145, 179, 175, 194, 162, 50, 37, 34, 11, 48, 18, 10, 13, 6, 46, 45, 40, 69, 62, 67, 21, 41, 51, 15, 26, 22, 35, 68, 36, 60, 7, 28, 23, 5, 52, 32, 55, 25, 54, 1, 0], [0, 30, 39, 33, 12, 8, 66, 20, 47, 14, 44, 58, 29, 42, 65, 61, 43, 17, 146, 143, 74, 109, 126, 80, 76, 93, 112, 119, 111, 91, 96, 121, 72, 120, 125, 118, 114, 113, 108, 81, 87, 127, 88, 106, 82, 78, 79, 92, 110, 107, 104, 94, 103, 117, 0]]"
clustered-center,clustered-center_n200_m5_r01.txt,data\mtsp\generated_multifamily\clustered-center_n200_m5_r01.txt,200,5,lkh-wrapper-v4,374.135943830762,0.011056,0.011008,True,"[{""name"": ""lkh-wrapper-v4"", ""objective"": 374.135943830762, ""time"": 0.011008, ""valid"": true}]","[[0, 194, 159, 162, 165, 158, 179, 193, 175, 197, 189, 184, 157, 178, 183, 187, 156, 173, 167, 166, 181, 172, 174, 177, 188, 161, 185, 186, 191, 164, 170, 192, 190, 199, 176, 182, 160, 169, 198, 163, 196, 195, 180, 171, 168, 0], [0, 16, 19, 34, 11, 43, 4, 3, 46, 42, 9, 29, 20, 49, 47, 7, 38, 26, 14, 1, 15, 24, 10, 18, 5, 31, 37, 25, 36, 22, 28, 21, 45, 41, 30, 33, 50, 51, 39, 6, 32, 17, 35, 48, 12, 23, 8, 40, 27, 13, 2, 44, 0], [0, 101, 154, 150, 131, 107, 149, 119, 106, 134, 155, 126, 147, 121, 104, 151, 109, 124, 129, 139, 112, 108, 127, 130, 148, 141, 138, 152, 117, 125, 122, 116, 133, 110, 105, 146, 103, 115, 136, 100, 145, 137, 142, 102, 135, 99, 144, 120, 113, 128, 118, 123, 114, 143, 140, 111, 132, 153, 0], [0, 59, 70, 68, 75, 81, 71, 96, 90, 67, 74, 92, 95, 62, 85, 58, 94, 55, 93, 56, 57, 78, 80, 76, 84, 89, 73, 97, 88, 91, 65, 77, 79, 60, 53, 63, 87, 83, 86, 61, 69, 82, 72, 52, 64, 98, 54, 66, 0], [0, 0]]"
clustered-center,clustered-center_n200_m5_r01.txt,data\mtsp\generated_multifamily\clustered-center_n200_m5_r01.txt,200,5,lkh-wrapper-v5,483.77366861578577,0.033745,0.033714,True,"[{""name"": ""lkh-wrapper-v5"", ""objective"": 483.77366861578577, ""time"": 0.033714, ""valid"": true}]","[[0, 168, 196, 195, 180, 171, 159, 162, 165, 158, 179, 193, 175, 197, 173, 189, 184, 157, 178, 183, 187, 156, 166, 167, 181, 172, 174, 177, 188, 161, 185, 186, 191, 164, 170, 192, 190, 199, 163, 198, 169, 160, 176, 182, 123, 114, 143, 0], [0, 24, 15, 1, 14, 26, 42, 46, 3, 4, 28, 21, 45, 41, 36, 22, 25, 9, 29, 20, 49, 47, 7, 38, 10, 18, 5, 37, 31, 30, 33, 50, 51, 39, 6, 32, 17, 35, 48, 12, 23, 8, 40, 27, 13, 2, 44, 0], [0, 153, 132, 111, 140, 135, 99, 144, 120, 113, 128, 103, 115, 136, 146, 100, 145, 102, 142, 137, 139, 112, 152, 117, 125, 138, 141, 148, 130, 108, 127, 124, 129, 109, 151, 104, 121, 147, 126, 155, 134, 106, 119, 149, 107, 131, 101, 0], [0, 16, 19, 34, 11, 43, 194, 118, 105, 110, 133, 116, 122, 150, 154, 59, 0], [0, 66, 54, 98, 64, 52, 72, 82, 79, 77, 60, 53, 63, 87, 69, 61, 86, 83, 58, 62, 85, 94, 84, 76, 91, 88, 97, 65, 73, 89, 80, 78, 57, 93, 55, 56, 81, 75, 68, 70, 71, 96, 90, 67, 95, 92, 74, 0]]"
clustered-center,clustered-center_n200_m5_r01.txt,data\mtsp\generated_multifamily\clustered-center_n200_m5_r01.txt,200,5,lkh-wrapper-v6,567.1573927969741,0.127325,0.127291,True,"[{""name"": ""lkh-wrapper-v6"", ""objective"": 567.1573927969741, ""time"": 0.127291, ""valid"": true}]","[[0, 66, 98, 86, 61, 69, 83, 58, 87, 63, 53, 91, 88, 97, 89, 73, 65, 60, 77, 79, 82, 72, 52, 64, 54, 32, 6, 39, 51, 50, 33, 30, 31, 37, 36, 22, 25, 3, 46, 9, 29, 20, 47, 7, 10, 38, 26, 14, 1, 15, 24, 0], [0, 162, 179, 193, 190, 199, 182, 137, 139, 112, 152, 117, 125, 138, 141, 148, 130, 108, 127, 124, 78, 80, 76, 84, 67, 74, 92, 0], [0, 153, 114, 143, 140, 111, 132, 147, 121, 104, 109, 151, 126, 155, 134, 149, 107, 106, 119, 131, 101, 154, 59, 71, 96, 90, 5, 41, 45, 21, 28, 4, 43, 16, 0], [0, 44, 2, 27, 13, 23, 12, 48, 35, 17, 8, 40, 18, 49, 42, 11, 34, 19, 165, 158, 183, 178, 184, 157, 175, 197, 189, 173, 187, 156, 166, 167, 181, 172, 174, 177, 188, 161, 185, 186, 191, 164, 170, 192, 195, 180, 171, 168, 159, 194, 0], [0, 196, 163, 198, 176, 160, 169, 123, 118, 128, 113, 120, 144, 99, 135, 102, 142, 145, 100, 136, 115, 103, 146, 105, 110, 133, 116, 122, 129, 150, 68, 70, 75, 81, 56, 57, 93, 55, 94, 85, 62, 95, 0]]"
clustered-center,clustered-center_n20_m2_r01.txt,data\mtsp\generated_multifamily\clustered-center_n20_m2_r01.txt,20,2,lkh-wrapper-v4,49.75830648631879,0.000298,0.000278,True,"[{""name"": ""lkh-wrapper-v4"", ""objective"": 49.75830648631879, ""time"": 0.000278, ""valid"": true}]","[[0, 18, 10, 3, 4, 7, 8, 9, 1, 0], [0, 2, 5, 19, 17, 16, 11, 12, 14, 13, 15, 6, 0]]"
clustered-center,clustered-center_n20_m2_r01.txt,data\mtsp\generated_multifamily\clustered-center_n20_m2_r01.txt,20,2,lkh-wrapper-v5,57.57790947450468,0.000863,0.000849,True,"[{""name"": ""lkh-wrapper-v5"", ""objective"": 57.57790947450468, ""time"": 0.000849, ""valid"": true}]","[[0, 3, 10, 19, 17, 16, 5, 2, 0], [0, 11, 12, 14, 13, 15, 6, 1, 9, 8, 7, 4, 18, 0]]"
clustered-center,clustered-center_n20_m2_r01.txt,data\mtsp\generated_multifamily\clustered-center_n20_m2_r01.txt,20,2,lkh-wrapper-v6,56.40455282069382,0.001066,0.001055,True,"[{""name"": ""lkh-wrapper-v6"", ""objective"": 56.40455282069382, ""time"": 0.001055, ""valid"": true}]","[[0, 18, 10, 3, 4, 7, 8, 9, 1, 14, 11, 0], [0, 2, 5, 19, 17, 16, 12, 13, 15, 6, 0]]"
clustered-center,clustered-center_n20_m3_r01.txt,data\mtsp\generated_multifamily\clustered-center_n20_m3_r01.txt,20,3,lkh-wrapper-v4,53.52077755495592,0.000359,0.000346,True,"[{""name"": ""lkh-wrapper-v4"", ""objective"": 53.52077755495592, ""time"": 0.000346, ""valid"": true}]","[[0, 10, 4, 6, 7, 1, 0], [0, 3, 19, 18, 2, 16, 5, 17, 15, 0], [0, 14, 13, 12, 11, 8, 9, 0]]"
clustered-center,clustered-center_n20_m3_r01.txt,data\mtsp\generated_multifamily\clustered-center_n20_m3_r01.txt,20,3,lkh-wrapper-v5,53.52077755495592,0.001045,0.00103,True,"[{""name"": ""lkh-wrapper-v5"", ""objective"": 53.52077755495592, ""time"": 0.00103, ""valid"": true}]","[[0, 10, 4, 6, 7, 1, 0], [0, 3, 19, 18, 2, 16, 5, 17, 15, 0], [0, 14, 13, 12, 11, 8, 9, 0]]"
clustered-center,clustered-center_n20_m3_r01.txt,data\mtsp\generated_multifamily\clustered-center_n20_m3_r01.txt,20,3,lkh-wrapper-v6,53.97544919495906,0.001,0.000989,True,"[{""name"": ""lkh-wrapper-v6"", ""objective"": 53.97544919495906, ""time"": 0.000989, ""valid"": true}]","[[0, 1, 7, 6, 4, 0], [0, 3, 19, 18, 2, 16, 5, 17, 15, 10, 0], [0, 9, 8, 11, 12, 13, 14, 0]]"
clustered-center,clustered-center_n20_m5_r01.txt,data\mtsp\generated_multifamily\clustered-center_n20_m5_r01.txt,20,5,lkh-wrapper-v4,44.659719231696386,0.000473,0.000455,True,"[{""name"": ""lkh-wrapper-v4"", ""objective"": 44.659719231696386, ""time"": 0.000455, ""valid"": true}]","[[0, 16, 19, 12, 18, 11, 13, 4, 17, 3, 15, 5, 8, 1, 9, 2, 7, 6, 10, 0], [0, 14, 0], [0, 0], [0, 0], [0, 0]]"
clustered-center,clustered-center_n20_m5_r01.txt,data\mtsp\generated_multifamily\clustered-center_n20_m5_r01.txt,20,5,lkh-wrapper-v5,70.46134010803695,0.000909,0.000895,True,"[{""name"": ""lkh-wrapper-v5"", ""objective"": 70.46134010803695, ""time"": 0.000895, ""valid"": true}]","[[0, 9, 2, 7, 6, 10, 0], [0, 16, 19, 12, 18, 11, 0], [0, 13, 4, 17, 3, 15, 0], [0, 5, 8, 1, 0], [0, 14, 0]]"
clustered-center,clustered-center_n20_m5_r01.txt,data\mtsp\generated_multifamily\clustered-center_n20_m5_r01.txt,20,5,lkh-wrapper-v6,71.10935363691976,0.001276,0.001255,True,"[{""name"": ""lkh-wrapper-v6"", ""objective"": 71.10935363691976, ""time"": 0.001255, ""valid"": true}]","[[0, 7, 6, 10, 0], [0, 19, 16, 14, 0], [0, 13, 4, 17, 0], [0, 15, 3, 5, 8, 1, 2, 9, 0], [0, 12, 18, 11, 0]]"
clustered-center,clustered-center_n50_m2_r01.txt,data\mtsp\generated_multifamily\clustered-center_n50_m2_r01.txt,50,2,lkh-wrapper-v4,144.0791622481324,0.000974,0.000953,True,"[{""name"": ""lkh-wrapper-v4"", ""objective"": 144.0791622481324, ""time"": 0.000953, ""valid"": true}]","[[0, 32, 36, 27, 31, 30, 28, 26, 33, 29, 34, 35, 15, 12, 22, 13, 24, 23, 18, 16, 17, 20, 25, 21, 14, 19, 7, 10, 11, 5, 9, 0], [0, 8, 6, 2, 1, 4, 3, 40, 42, 43, 48, 45, 41, 46, 49, 44, 38, 47, 37, 39, 0]]"
clustered-center,clustered-center_n50_m2_r01.txt,data\mtsp\generated_multifamily\clustered-center_n50_m2_r01.txt,50,2,lkh-wrapper-v5,146.53457700888373,0.003728,0.003531,True,"[{""name"": ""lkh-wrapper-v5"", ""objective"": 146.53457700888373, ""time"": 0.003531, ""valid"": true}]","[[0, 32, 36, 27, 31, 30, 28, 26, 33, 29, 34, 35, 15, 18, 12, 22, 13, 24, 23, 16, 17, 20, 25, 21, 14, 19, 7, 10, 11, 5, 0], [0, 37, 47, 38, 44, 49, 46, 41, 45, 48, 39, 43, 42, 40, 3, 4, 1, 9, 2, 6, 8, 0]]"
clustered-center,clustered-center_n50_m2_r01.txt,data\mtsp\generated_multifamily\clustered-center_n50_m2_r01.txt,50,2,lkh-wrapper-v6,147.439692148042,0.006619,0.006584,True,"[{""name"": ""lkh-wrapper-v6"", ""objective"": 147.439692148042, ""time"": 0.006584, ""valid"": true}]","[[0, 8, 7, 10, 11, 5, 9, 2, 6, 1, 4, 3, 42, 40, 48, 45, 41, 46, 49, 44, 38, 27, 31, 30, 36, 32, 0], [0, 39, 43, 37, 47, 28, 26, 33, 29, 34, 35, 15, 12, 22, 13, 24, 23, 18, 16, 17, 20, 25, 21, 14, 19, 0]]"
clustered-center,clustered-center_n50_m3_r01.txt,data\mtsp\generated_multifamily\clustered-center_n50_m3_r01.txt,50,3,lkh-wrapper-v4,148.21306106549736,0.001529,0.001499,True,"[{""name"": ""lkh-wrapper-v4"", ""objective"": 148.21306106549736, ""time"": 0.001499, ""valid"": true}]","[[0, 40, 46, 43, 41, 42, 45, 44, 48, 49, 39, 35, 32, 36, 28, 34, 33, 37, 27, 31, 29, 38, 30, 25, 19, 23, 21, 15, 26, 17, 18, 16, 20, 24, 14, 22, 0], [0, 13, 6, 2, 8, 10, 4, 5, 9, 7, 1, 12, 3, 11, 0], [0, 47, 0]]"
clustered-center,clustered-center_n50_m3_r01.txt,data\mtsp\generated_multifamily\clustered-center_n50_m3_r01.txt,50,3,lkh-wrapper-v5,169.66980435066822,0.00408,0.004064,True,"[{""name"": ""lkh-wrapper-v5"", ""objective"": 169.66980435066822, ""time"": 0.004064, ""valid"": true}]","[[0, 47, 40, 46, 43, 41, 42, 45, 44, 48, 49, 39, 36, 28, 32, 34, 33, 29, 31, 27, 37, 0], [0, 13, 6, 2, 8, 10, 4, 5, 9, 7, 1, 12, 3, 11, 35, 0], [0, 22, 14, 24, 20, 16, 18, 17, 26, 15, 21, 23, 19, 30, 38, 25, 0]]"
clustered-center,clustered-center_n50_m3_r01.txt,data\mtsp\generated_multifamily\clustered-center_n50_m3_r01.txt,50,3,lkh-wrapper-v6,187.18812400964842,0.004199,0.004186,True,"[{""name"": ""lkh-wrapper-v6"", ""objective"": 187.18812400964842, ""time"": 0.004186, ""valid"": true}]","[[0, 6, 8, 10, 4, 5, 9, 7, 1, 12, 3, 11, 32, 36, 28, 34, 35, 0], [0, 40, 13, 2, 16, 18, 17, 20, 24, 22, 14, 26, 15, 21, 23, 19, 25, 0], [0, 47, 46, 43, 41, 42, 45, 44, 48, 49, 39, 33, 29, 38, 30, 31, 27, 37, 0]]"
clustered-center,clustered-center_n50_m5_r01.txt,data\mtsp\generated_multifamily\clustered-center_n50_m5_r01.txt,50,5,lkh-wrapper-v4,148.2611365715805,0.001599,0.001572,True,"[{""name"": ""lkh-wrapper-v4"", ""objective"": 148.2611365715805, ""time"": 0.001572, ""valid"": true}]","[[0, 12, 3, 14, 9, 1, 4, 13, 8, 7, 6, 15, 11, 2, 10, 0], [0, 38, 43, 48, 41, 34, 35, 47, 42, 40, 49, 39, 37, 46, 45, 36, 44, 0], [0, 33, 20, 32, 24, 26, 25, 22, 23, 16, 18, 29, 17, 28, 27, 19, 30, 21, 31, 0], [0, 5, 0], [0, 0]]"
clustered-center,clustered-center_n50_m5_r01.txt,data\mtsp\generated_multifamily\clustered-center_n50_m5_r01.txt,50,5,lkh-wrapper-v5,206.35239548140476,0.004445,0.004427,True,"[{""name"": ""lkh-wrapper-v5"", ""objective"": 206.35239548140476, ""time"": 0.004427, ""valid"": true}]","[[0, 12, 3, 14, 9, 1, 4, 13, 8, 7, 6, 15, 11, 0], [0, 48, 41, 34, 35, 47, 42, 40, 39, 37, 49, 43, 38, 0], [0, 31, 21, 30, 19, 27, 28, 20, 32, 24, 26, 22, 25, 0], [0, 10, 2, 5, 0], [0, 33, 17, 29, 18, 16, 23, 44, 36, 45, 46, 0]]"
clustered-center,clustered-center_n50_m5_r01.txt,data\mtsp\generated_multifamily\clustered-center_n50_m5_r01.txt,50,5,lkh-wrapper-v6,271.0879901135073,0.005874,0.00586,True,"[{""name"": ""lkh-wrapper-v6"", ""objective"": 271.0879901135073, ""time"": 0.00586, ""valid"": true}]","[[0, 33, 26, 23, 22, 25, 44, 37, 49, 43, 0], [0, 30, 19, 27, 17, 29, 18, 16, 38, 0], [0, 5, 12, 1, 9, 14, 3, 28, 24, 32, 20, 0], [0, 31, 21, 8, 7, 6, 15, 11, 2, 10, 0], [0, 36, 45, 46, 39, 40, 42, 47, 35, 34, 41, 48, 13, 4, 0]]"
clustered-offset-depot,clustered-offset-depot_n100_m2_r01.txt,data\mtsp\generated_multifamily\clustered-offset-depot_n100_m2_r01.txt,100,2,lkh-wrapper-v4,190.53925089338009,0.003707,0.003681,True,"[{""name"": ""lkh-wrapper-v4"", ""objective"": 190.53925089338009, ""time"": 0.003681, ""valid"": true}]","[[0, 65, 59, 63, 53, 54, 51, 52, 33, 43, 41, 36, 39, 40, 31, 45, 48, 44, 38, 34, 42, 35, 47, 37, 32, 46, 50, 58, 61, 22, 5, 64, 7, 17, 16, 57, 55, 29, 13, 12, 15, 18, 3, 70, 91, 74, 90, 94, 97, 72, 81, 86, 83, 96, 84, 98, 99, 68, 71, 75, 77, 78, 69, 89, 93, 92, 79, 87, 95, 76, 80, 82, 73, 88, 85, 10, 23, 21, 9, 2, 27, 26, 20, 14, 1, 11, 8, 4, 24, 25, 30, 62, 6, 56, 28, 19, 49, 60, 66, 67, 0], [0, 0]]"
clustered-offset-depot,clustered-offset-depot_n100_m2_r01.txt,data\mtsp\generated_multifamily\clustered-offset-depot_n100_m2_r01.txt,100,2,lkh-wrapper-v5,241.25222921955358,0.012562,0.012494,True,"[{""name"": ""lkh-wrapper-v5"", ""objective"": 241.25222921955358, ""time"": 0.012494, ""valid"": true}]","[[0, 65, 59, 54, 51, 50, 64, 7, 17, 16, 57, 55, 29, 13, 12, 15, 18, 3, 70, 91, 74, 90, 94, 97, 81, 72, 77, 68, 99, 84, 98, 71, 75, 88, 21, 23, 9, 2, 27, 26, 20, 24, 25, 30, 62, 6, 56, 19, 28, 22, 5, 61, 58, 53, 63, 49, 60, 66, 67, 0], [0, 52, 33, 46, 32, 37, 47, 43, 41, 36, 40, 31, 45, 39, 48, 44, 38, 34, 42, 35, 96, 83, 86, 78, 69, 89, 93, 92, 79, 87, 73, 82, 80, 95, 76, 85, 10, 14, 1, 11, 8, 4, 0]]"
clustered-offset-depot,clustered-offset-depot_n100_m2_r01.txt,data\mtsp\generated_multifamily\clustered-offset-depot_n100_m2_r01.txt,100,2,lkh-wrapper-v6,242.5925596564254,0.009864,0.009849,True,"[{""name"": ""lkh-wrapper-v6"", ""objective"": 242.5925596564254, ""time"": 0.009849, ""valid"": true}]","[[0, 31, 40, 39, 45, 48, 44, 36, 41, 43, 42, 34, 38, 84, 98, 99, 68, 71, 75, 77, 78, 72, 91, 70, 3, 18, 10, 15, 12, 13, 24, 25, 30, 62, 6, 56, 55, 57, 29, 16, 17, 7, 64, 61, 5, 22, 28, 19, 0], [0, 67, 66, 60, 49, 4, 8, 11, 1, 14, 20, 26, 27, 2, 9, 23, 21, 85, 88, 76, 95, 80, 82, 73, 87, 79, 92, 93, 89, 69, 74, 90, 94, 97, 81, 86, 83, 96, 35, 47, 37, 32, 46, 33, 52, 50, 58, 51, 54, 53, 63, 59, 65, 0]]"
clustered-offset-depot,clustered-offset-depot_n100_m3_r01.txt,data\mtsp\generated_multifamily\clustered-offset-depot_n100_m3_r01.txt,100,3,lkh-wrapper-v4,195.6098197088257,0.004803,0.004764,True,"[{""name"": ""lkh-wrapper-v4"", ""objective"": 195.6098197088257, ""time"": 0.004764, ""valid"": true}]","[[0, 63, 59, 57, 36, 35, 26, 54, 28, 45, 47, 48, 49, 41, 50, 38, 31, 30, 39, 44, 43, 37, 34, 29, 53, 46, 42, 55, 32, 40, 33, 52, 27, 51, 22, 18, 6, 1, 8, 84, 14, 16, 9, 21, 11, 5, 17, 23, 77, 10, 79, 95, 96, 93, 15, 4, 81, 87, 80, 78, 88, 98, 91, 89, 92, 90, 76, 99, 83, 82, 85, 86, 97, 94, 20, 12, 3, 7, 19, 24, 25, 13, 2, 56, 64, 73, 74, 60, 75, 62, 61, 58, 66, 72, 71, 68, 69, 65, 67, 70, 0], [0, 0], [0, 0]]"
clustered-offset-depot,clustered-offset-depot_n100_m3_r01.txt,data\mtsp\generated_multifamily\clustered-offset-depot_n100_m3_r01.txt,100,3,lkh-wrapper-v5,321.38435495122314,0.011146,0.011131,True,"[{""name"": ""lkh-wrapper-v5"", ""objective"": 321.38435495122314, ""time"": 0.011131, ""valid"": true}]","[[0, 63, 59, 57, 70, 67, 65, 69, 68, 62, 75, 60, 74, 73, 64, 56, 14, 8, 84, 16, 11, 9, 21, 5, 17, 7, 19, 20, 12, 3, 24, 25, 13, 2, 61, 58, 66, 72, 71, 0], [0, 52, 33, 40, 32, 27, 51, 22, 1, 4, 93, 96, 91, 99, 76, 90, 92, 89, 78, 88, 98, 80, 87, 81, 46, 42, 55, 53, 29, 34, 37, 43, 48, 47, 45, 54, 28, 35, 26, 0], [0, 18, 6, 23, 77, 10, 94, 97, 86, 85, 82, 83, 95, 79, 15, 30, 39, 44, 31, 38, 50, 41, 49, 36, 0]]"
clustered-offset-depot,clustered-offset-depot_n100_m3_r01.txt,data\mtsp\generated_multifamily\clustered-offset-depot_n100_m3_r01.txt,100,3,lkh-wrapper-v6,323.48997572585347,0.023232,0.023194,True,"[{""name"": ""lkh-wrapper-v6"", ""objective"": 323.48997572585347, ""time"": 0.023194, ""valid"": true}]","[[0, 63, 59, 52, 27, 51, 22, 4, 93, 96, 91, 99, 76, 90, 92, 89, 39, 30, 31, 38, 50, 41, 49, 48, 45, 54, 28, 35, 26, 0], [0, 71, 72, 66, 58, 61, 2, 13, 25, 24, 7, 94, 86, 85, 82, 83, 97, 79, 15, 8, 1, 42, 46, 55, 34, 44, 43, 37, 47, 36, 0], [0, 70, 67, 65, 69, 68, 62, 75, 60, 74, 73, 64, 56, 18, 6, 14, 84, 16, 9, 21, 11, 5, 19, 3, 12, 20, 17, 23, 77, 10, 95, 98, 88, 78, 80, 87, 81, 53, 29, 32, 40, 33, 57, 0]]"
clustered-offset-depot,clustered-offset-depot_n100_m5_r01.txt,data\mtsp\generated_multifamily\clustered-offset-depot_n100_m5_r01.txt,100,5,lkh-wrapper-v4,182.98245424989892,0.006274,0.00624,True,"[{""name"": ""lkh-wrapper-v4"", ""objective"": 182.98245424989892, ""time"": 0.00624, ""valid"": true}]","[[0, 85, 70, 91, 67, 78, 29, 94, 17, 84, 9, 24, 87, 77, 83, 97, 35, 79, 21, 92, 74, 2, 27, 89, 6, 73, 68, 81, 86, 82, 71, 4, 75, 18, 98, 12, 16, 30, 14, 15, 11, 10, 20, 7, 22, 23, 32, 13, 31, 96, 26, 33, 25, 80, 1, 46, 19, 53, 63, 48, 52, 28, 38, 54, 60, 55, 51, 36, 62, 56, 61, 41, 39, 43, 66, 42, 44, 65, 47, 49, 59, 58, 64, 57, 40, 37, 45, 50, 76, 69, 88, 95, 90, 99, 0], [0, 72, 8, 93, 34, 5, 3, 0], [0, 0], [0, 0], [0, 0]]"
clustered-offset-depot,clustered-offset-depot_n100_m5_r01.txt,data\mtsp\generated_multifamily\clustered-offset-depot_n100_m5_r01.txt,100,5,lkh-wrapper-v5,289.7202998724257,0.012534,0.012504,True,"[{""name"": ""lkh-wrapper-v5"", ""objective"": 289.7202998724257, ""time"": 0.012504, ""valid"": true}]","[[0, 85, 99, 90, 91, 70, 67, 78, 29, 6, 89, 27, 2, 93, 18, 8, 71, 82, 86, 4, 75, 81, 68, 73, 0], [0, 95, 88, 76, 69, 5, 3, 19, 52, 38, 28, 46, 25, 80, 97, 35, 79, 83, 77, 87, 24, 9, 84, 17, 0], [0, 74, 34, 92, 21, 26, 33, 96, 31, 13, 32, 23, 22, 7, 20, 10, 11, 15, 14, 30, 16, 12, 98, 72, 0], [0, 50, 45, 37, 40, 57, 64, 58, 59, 49, 65, 44, 41, 43, 39, 61, 56, 62, 36, 51, 55, 60, 54, 48, 0], [0, 94, 53, 63, 47, 42, 66, 1, 0]]"
clustered-offset-depot,clustered-offset-depot_n100_m5_r01.txt,data\mtsp\generated_multifamily\clustered-offset-depot_n100_m5_r01.txt,100,5,lkh-wrapper-v6,312.57802252709035,0.022497,0.022458,True,"[{""name"": ""lkh-wrapper-v6"", ""objective"": 312.57802252709035, ""time"": 0.022458, ""valid"": true}]","[[0, 70, 29, 84, 9, 24, 1, 3, 19, 36, 51, 54, 33, 96, 26, 93, 18, 75, 4, 81, 68, 73, 0], [0, 43, 56, 62, 61, 39, 41, 44, 0], [0, 90, 95, 88, 76, 69, 5, 53, 63, 47, 42, 65, 49, 59, 58, 64, 57, 40, 37, 45, 50, 0], [0, 86, 71, 8, 98, 34, 79, 35, 25, 38, 60, 55, 66, 48, 52, 28, 46, 80, 97, 83, 77, 87, 17, 94, 89, 6, 85, 0], [0, 72, 82, 16, 12, 30, 14, 15, 11, 10, 22, 23, 32, 13, 31, 7, 20, 21, 92, 74, 2, 27, 78, 67, 91, 99, 0]]"
clustered-offset-depot,clustered-offset-depot_n200_m2_r01.txt,data\mtsp\generated_multifamily\clustered-offset-depot_n200_m2_r01.txt,200,2,lkh-wrapper-v4,314.99997725673967,0.015153,0.015116,True,"[{""name"": ""lkh-wrapper-v4"", ""objective"": 314.99997725673967, ""time"": 0.015116, ""valid"": true}]","[[0, 90, 84, 94, 71, 52, 80, 60, 77, 67, 101, 65, 88, 96, 63, 57, 93, 98, 72, 62, 95, 56, 76, 74, 70, 78, 91, 92, 85, 50, 99, 73, 55, 100, 87, 82, 167, 181, 187, 148, 180, 162, 179, 149, 172, 12, 165, 24, 25, 48, 157, 169, 155, 193, 140, 171, 192, 146, 160, 199, 35, 13, 37, 176, 189, 190, 153, 27, 38, 8, 45, 16, 152, 21, 7, 3, 39, 46, 194, 161, 196, 14, 33, 17, 34, 23, 49, 41, 36, 40, 29, 1, 43, 44, 47, 42, 31, 15, 9, 26, 18, 4, 28, 10, 11, 2, 5, 20, 19, 30, 119, 115, 126, 114, 112, 110, 120, 107, 136, 138, 127, 133, 103, 124, 118, 135, 116, 129, 130, 111, 108, 104, 139, 121, 113, 131, 134, 137, 122, 132, 109, 128, 106, 105, 123, 125, 117, 6, 32, 22, 156, 166, 163, 195, 173, 159, 184, 145, 191, 198, 168, 178, 174, 182, 151, 186, 185, 183, 177, 164, 143, 144, 141, 147, 142, 158, 154, 197, 150, 175, 170, 188, 54, 61, 59, 69, 102, 89, 79, 86, 58, 53, 97, 75, 51, 64, 81, 66, 83, 68, 0], [0, 0]]"
clustered-offset-depot,clustered-offset-depot_n200_m2_r01.txt,data\mtsp\generated_multifamily\clustered-offset-depot_n200_m2_r01.txt,200,2,lkh-wrapper-v5,428.1094151893715,0.040353,0.040315,True,"[{""name"": ""lkh-wrapper-v5"", ""objective"": 428.1094151893715, ""time"": 0.040315, ""valid"": true}]","[[0, 68, 83, 66, 51, 64, 93, 98, 72, 58, 53, 97, 75, 69, 59, 61, 54, 102, 89, 79, 86, 197, 154, 158, 142, 141, 144, 147, 143, 164, 177, 183, 185, 178, 174, 168, 198, 191, 145, 184, 159, 156, 22, 196, 161, 189, 194, 46, 39, 3, 7, 21, 152, 16, 45, 8, 38, 27, 153, 190, 24, 25, 165, 169, 157, 48, 37, 13, 35, 199, 160, 155, 148, 187, 193, 181, 140, 171, 192, 150, 175, 170, 188, 100, 87, 82, 55, 73, 56, 95, 62, 57, 63, 96, 76, 92, 85, 99, 50, 91, 78, 70, 74, 88, 65, 101, 67, 77, 60, 80, 52, 71, 81, 94, 84, 90, 0], [0, 146, 176, 166, 163, 195, 173, 182, 186, 151, 117, 123, 125, 108, 111, 130, 129, 116, 135, 118, 124, 103, 133, 127, 138, 136, 107, 120, 110, 112, 114, 126, 119, 115, 122, 137, 134, 131, 113, 121, 139, 104, 105, 106, 128, 109, 132, 36, 41, 49, 23, 34, 32, 6, 14, 33, 17, 40, 29, 1, 19, 30, 20, 5, 2, 11, 43, 44, 47, 42, 31, 15, 9, 10, 28, 4, 26, 18, 12, 172, 149, 179, 162, 180, 167, 0]]"
clustered-offset-depot,clustered-offset-depot_n200_m2_r01.txt,data\mtsp\generated_multifamily\clustered-offset-depot_n200_m2_r01.txt,200,2,lkh-wrapper-v6,433.19362937826253,0.046346,0.046294,True,"[{""name"": ""lkh-wrapper-v6"", ""objective"": 433.19362937826253, ""time"": 0.046294, ""valid"": true}]","[[0, 154, 158, 142, 141, 144, 147, 143, 164, 177, 183, 185, 186, 151, 182, 174, 178, 168, 198, 191, 145, 184, 159, 173, 6, 32, 34, 23, 49, 132, 109, 128, 117, 106, 105, 123, 125, 104, 108, 111, 130, 129, 116, 135, 118, 124, 139, 121, 103, 133, 127, 138, 136, 107, 120, 110, 112, 114, 113, 131, 134, 137, 122, 115, 36, 29, 3, 45, 16, 152, 21, 7, 44, 47, 42, 31, 15, 9, 10, 28, 4, 18, 26, 153, 27, 38, 8, 190, 48, 155, 193, 181, 140, 171, 167, 175, 170, 188, 61, 59, 68, 0], [0, 90, 94, 84, 80, 52, 60, 67, 77, 70, 78, 91, 50, 99, 76, 92, 85, 74, 88, 65, 101, 96, 63, 57, 62, 95, 56, 73, 100, 87, 55, 82, 187, 180, 162, 179, 149, 172, 148, 169, 157, 25, 24, 165, 12, 43, 11, 2, 20, 5, 1, 19, 30, 126, 119, 41, 40, 17, 33, 14, 22, 156, 195, 163, 166, 196, 161, 46, 39, 194, 189, 176, 37, 13, 35, 199, 160, 146, 192, 150, 197, 54, 69, 75, 97, 102, 89, 79, 86, 53, 58, 72, 93, 98, 51, 64, 71, 81, 66, 83, 0]]"
clustered-offset-depot,clustered-offset-depot_n200_m3_r01.txt,data\mtsp\generated_multifamily\clustered-offset-depot_n200_m3_r01.txt,200,3,lkh-wrapper-v4,317.83124533724464,0.013315,0.013277,True,"[{""name"": ""lkh-wrapper-v4"", ""objective"": 317.83124533724464, ""time"": 0.013277, ""valid"": true}]","[[0, 191, 147, 173, 193, 149, 153, 186, 196, 165, 180, 178, 190, 198, 169, 148, 166, 157, 155, 160, 152, 161, 199, 187, 179, 176, 168, 172, 181, 162, 183, 22, 43, 54, 17, 8, 45, 42, 26, 62, 68, 48, 40, 13, 28, 50, 9, 67, 57, 2, 31, 63, 61, 41, 71, 21, 39, 7, 1, 3, 18, 65, 52, 44, 32, 20, 14, 64, 72, 34, 35, 12, 6, 55, 23, 37, 27, 36, 10, 4, 19, 66, 25, 69, 5, 70, 24, 38, 49, 51, 29, 11, 30, 59, 47, 15, 58, 16, 60, 56, 46, 53, 33, 117, 91, 138, 119, 142, 83, 75, 135, 92, 122, 79, 105, 125, 121, 120, 98, 104, 129, 97, 112, 87, 89, 118, 116, 99, 131, 78, 132, 108, 93, 127, 82, 110, 114, 113, 100, 111, 143, 107, 123, 80, 88, 101, 103, 130, 106, 139, 134, 95, 102, 141, 136, 86, 144, 81, 115, 94, 90, 74, 77, 85, 96, 140, 73, 137, 126, 109, 133, 128, 76, 84, 124, 159, 195, 197, 188, 175, 156, 189, 170, 194, 177, 171, 146, 185, 158, 164, 184, 150, 174, 154, 151, 192, 167, 163, 182, 145, 0], [0, 0], [0, 0]]"
clustered-offset-depot,clustered-offset-depot_n200_m3_r01.txt,data\mtsp\generated_multifamily\clustered-offset-depot_n200_m3_r01.txt,200,3,lkh-wrapper-v5,567.1572964122785,0.032403,0.032371,True,"[{""name"": ""lkh-wrapper-v5"", ""objective"": 567.1572964122785, ""time"": 0.032371, ""valid"": true}]","[[0, 145, 182, 163, 167, 192, 151, 154, 174, 150, 184, 164, 158, 185, 146, 171, 177, 194, 170, 189, 188, 175, 156, 124, 128, 76, 84, 98, 120, 121, 125, 99, 78, 132, 117, 91, 138, 119, 142, 83, 75, 135, 92, 122, 79, 105, 159, 195, 197, 181, 172, 168, 176, 179, 187, 186, 196, 160, 152, 161, 199, 162, 183, 155, 157, 166, 148, 169, 198, 190, 178, 165, 180, 173, 153, 149, 193, 147, 191, 0], [0, 133, 109, 126, 137, 73, 140, 96, 85, 77, 74, 90, 94, 97, 129, 115, 81, 144, 86, 136, 141, 102, 95, 134, 139, 106, 130, 103, 101, 88, 82, 127, 110, 93, 113, 114, 100, 111, 143, 80, 107, 123, 112, 87, 89, 116, 118, 108, 9, 50, 67, 57, 61, 63, 41, 39, 7, 1, 3, 18, 52, 65, 14, 20, 32, 44, 59, 30, 47, 46, 53, 33, 56, 60, 16, 58, 15, 29, 11, 0], [0, 45, 42, 26, 62, 68, 8, 17, 54, 43, 22, 13, 48, 40, 36, 27, 37, 10, 25, 69, 66, 5, 19, 70, 24, 38, 49, 4, 51, 23, 55, 6, 12, 35, 64, 72, 34, 21, 71, 28, 2, 31, 131, 104, 0]]"
clustered-offset-depot,clustered-offset-depot_n200_m3_r01.txt,data\mtsp\generated_multifamily\clustered-offset-depot_n200_m3_r01.txt,200,3,lkh-wrapper-v6,578.7540833753644,0.047337,0.047263,True,"[{""name"": ""lkh-wrapper-v6"", ""objective"": 578.7540833753644, ""time"": 0.047263, ""valid"": true}]","[[0, 192, 167, 176, 181, 50, 2, 31, 1, 3, 18, 52, 65, 14, 20, 32, 44, 46, 16, 58, 60, 56, 53, 33, 80, 88, 101, 103, 95, 134, 130, 139, 106, 102, 141, 136, 86, 81, 144, 85, 96, 140, 73, 137, 126, 77, 74, 90, 94, 115, 129, 97, 104, 109, 133, 128, 76, 84, 124, 171, 146, 185, 0], [0, 191, 147, 193, 173, 180, 165, 178, 190, 198, 169, 148, 166, 157, 155, 45, 42, 26, 62, 69, 25, 66, 5, 19, 70, 24, 38, 49, 15, 47, 59, 30, 11, 29, 51, 4, 10, 37, 27, 36, 68, 54, 8, 17, 22, 13, 28, 183, 152, 161, 160, 199, 162, 172, 168, 170, 194, 177, 158, 174, 150, 179, 187, 186, 153, 149, 145, 0], [0, 151, 154, 184, 164, 189, 156, 175, 188, 197, 195, 159, 79, 105, 98, 120, 121, 125, 99, 116, 118, 89, 87, 112, 123, 107, 143, 111, 100, 113, 114, 110, 82, 127, 93, 108, 132, 117, 91, 138, 78, 131, 122, 92, 135, 75, 83, 142, 119, 9, 67, 57, 61, 63, 41, 71, 21, 39, 7, 34, 72, 64, 6, 23, 55, 12, 35, 40, 48, 43, 196, 163, 182, 0]]"
clustered-offset-depot,clustered-offset-depot_n200_m5_r01.txt,data\mtsp\generated_multifamily\clustered-offset-depot_n200_m5_r01.txt,200,5,lkh-wrapper-v4,317.64523344348885,0.01493,0.014885,True,"[{""name"": ""lkh-wrapper-v4"", ""objective"": 317.64523344348885, ""time"": 0.014885, ""valid"": true}]","[[0, 145, 117, 101, 124, 106, 144, 142, 109, 111, 112, 104, 116, 126, 121, 96, 123, 128, 125, 127, 140, 105, 102, 115, 119, 122, 138, 135, 137, 132, 139, 103, 141, 97, 133, 110, 129, 143, 130, 136, 131, 134, 108, 98, 118, 100, 113, 120, 114, 99, 107, 77, 53, 75, 18, 42, 27, 37, 38, 24, 15, 41, 49, 39, 8, 48, 11, 25, 12, 34, 10, 28, 17, 51, 22, 29, 23, 32, 21, 26, 31, 47, 9, 13, 3, 19, 30, 20, 44, 1, 35, 50, 40, 16, 14, 2, 43, 45, 6, 5, 7, 33, 36, 4, 69, 73, 83, 85, 88, 72, 71, 46, 64, 57, 87, 95, 55, 89, 65, 181, 157, 152, 173, 154, 174, 180, 148, 81, 54, 79, 162, 177, 191, 172, 194, 196, 171, 198, 151, 184, 166, 165, 183, 197, 146, 149, 179, 185, 158, 170, 187, 176, 147, 199, 168, 161, 186, 156, 178, 93, 52, 80, 66, 175, 159, 78, 182, 62, 164, 193, 63, 188, 84, 59, 67, 160, 189, 90, 76, 190, 155, 163, 56, 169, 150, 58, 167, 86, 192, 60, 153, 195, 91, 94, 70, 68, 61, 82, 74, 92, 0], [0, 0], [0, 0], [0, 0], [0, 0]]"
clustered-offset-depot,clustered-offset-depot_n200_m5_r01.txt,data\mtsp\generated_multifamily\clustered-offset-depot_n200_m5_r01.txt,200,5,lkh-wrapper-v5,733.1217367058925,0.030415,0.030372,True,"[{""name"": ""lkh-wrapper-v5"", ""objective"": 733.1217367058925, ""time"": 0.030372, ""valid"": true}]","[[0, 118, 100, 113, 134, 120, 114, 130, 143, 129, 110, 133, 97, 141, 103, 139, 132, 137, 115, 119, 122, 138, 135, 127, 111, 125, 112, 128, 123, 96, 121, 106, 126, 116, 104, 109, 142, 144, 105, 102, 136, 131, 108, 98, 101, 117, 145, 0], [0, 99, 107, 77, 42, 27, 37, 39, 8, 48, 11, 25, 12, 41, 49, 34, 10, 28, 17, 51, 22, 29, 23, 32, 21, 26, 47, 9, 13, 44, 3, 19, 30, 20, 35, 50, 16, 14, 2, 43, 45, 15, 24, 38, 18, 75, 53, 0], [0, 92, 80, 52, 93, 178, 156, 186, 168, 176, 170, 158, 187, 161, 62, 175, 159, 78, 182, 195, 169, 56, 163, 150, 167, 86, 192, 153, 89, 55, 95, 85, 88, 72, 71, 46, 64, 57, 87, 91, 94, 70, 68, 61, 82, 66, 74, 0], [0, 164, 193, 63, 59, 84, 188, 190, 76, 67, 160, 90, 189, 179, 185, 149, 146, 197, 183, 165, 166, 184, 151, 198, 171, 196, 194, 172, 191, 177, 162, 79, 54, 81, 157, 181, 152, 148, 180, 174, 154, 173, 65, 73, 83, 36, 33, 0], [0, 124, 140, 31, 1, 40, 6, 7, 5, 4, 69, 60, 58, 155, 199, 147, 0]]"
clustered-offset-depot,clustered-offset-depot_n200_m5_r01.txt,data\mtsp\generated_multifamily\clustered-offset-depot_n200_m5_r01.txt,200,5,lkh-wrapper-v6,773.3051827618124,0.138701,0.138669,True,"[{""name"": ""lkh-wrapper-v6"", ""objective"": 773.3051827618124, ""time"": 0.138669, ""valid"": true}]","[[0, 92, 199, 168, 187, 161, 186, 156, 178, 93, 52, 80, 74, 66, 175, 159, 78, 35, 20, 30, 19, 3, 13, 47, 31, 28, 17, 12, 25, 11, 48, 8, 39, 37, 27, 42, 75, 53, 77, 0], [0, 123, 96, 128, 112, 125, 111, 109, 127, 140, 137, 51, 22, 29, 23, 32, 26, 21, 9, 44, 50, 16, 14, 2, 40, 1, 10, 34, 49, 41, 72, 88, 85, 55, 89, 167, 150, 56, 169, 195, 61, 0], [0, 147, 176, 170, 158, 185, 179, 149, 146, 197, 183, 165, 166, 189, 160, 90, 76, 79, 162, 148, 81, 157, 86, 192, 153, 139, 132, 115, 119, 138, 135, 122, 102, 136, 130, 110, 129, 143, 114, 99, 120, 113, 100, 118, 0], [0, 117, 101, 98, 108, 134, 107, 18, 38, 24, 15, 6, 45, 43, 4, 69, 65, 180, 174, 191, 177, 194, 196, 184, 151, 67, 59, 84, 188, 190, 155, 63, 164, 62, 193, 163, 58, 152, 181, 60, 91, 94, 70, 68, 0], [0, 145, 124, 131, 106, 121, 126, 116, 104, 144, 142, 105, 133, 97, 103, 141, 64, 57, 87, 95, 71, 46, 33, 7, 5, 36, 83, 73, 173, 154, 172, 171, 198, 54, 182, 82, 0]]"
clustered-offset-depot,clustered-offset-depot_n20_m2_r01.txt,data\mtsp\generated_multifamily\clustered-offset-depot_n20_m2_r01.txt,20,2,lkh-wrapper-v4,54.53633068639183,0.000319,0.000306,True,"[{""name"": ""lkh-wrapper-v4"", ""objective"": 54.53633068639183, ""time"": 0.000306, ""valid"": true}]","[[0, 13, 18, 14, 15, 17, 2, 9, 10, 8, 16, 6, 3, 5, 7, 11, 12, 4, 0], [0, 19, 1, 0]]"
clustered-offset-depot,clustered-offset-depot_n20_m2_r01.txt,data\mtsp\generated_multifamily\clustered-offset-depot_n20_m2_r01.txt,20,2,lkh-wrapper-v5,62.12142609705472,0.000912,0.000899,True,"[{""name"": ""lkh-wrapper-v5"", ""objective"": 62.12142609705472, ""time"": 0.000899, ""valid"": true}]","[[0, 19, 4, 12, 11, 7, 5, 3, 6, 16, 1, 18, 13, 0], [0, 14, 15, 17, 2, 9, 10, 8, 0]]"
clustered-offset-depot,clustered-offset-depot_n20_m2_r01.txt,data\mtsp\generated_multifamily\clustered-offset-depot_n20_m2_r01.txt,20,2,lkh-wrapper-v6,61.96960224197304,0.00119,0.001176,True,"[{""name"": ""lkh-wrapper-v6"", ""objective"": 61.96960224197304, ""time"": 0.001176, ""valid"": true}]","[[0, 19, 4, 1, 2, 17, 15, 14, 0], [0, 13, 18, 9, 10, 8, 16, 6, 3, 5, 7, 11, 12, 0]]"
clustered-offset-depot,clustered-offset-depot_n20_m3_r01.txt,data\mtsp\generated_multifamily\clustered-offset-depot_n20_m3_r01.txt,20,3,lkh-wrapper-v4,47.40189318765168,0.00041,0.000392,True,"[{""name"": ""lkh-wrapper-v4"", ""objective"": 47.40189318765168, ""time"": 0.000392, ""valid"": true}]","[[0, 18, 16, 5, 10, 14, 9, 1, 3, 12, 6, 2, 8, 11, 13, 19, 7, 4, 0], [0, 15, 17, 0], [0, 0]]"
clustered-offset-depot,clustered-offset-depot_n20_m3_r01.txt,data\mtsp\generated_multifamily\clustered-offset-depot_n20_m3_r01.txt,20,3,lkh-wrapper-v5,53.75824163105679,0.001044,0.000998,True,"[{""name"": ""lkh-wrapper-v5"", ""objective"": 53.75824163105679, ""time"": 0.000998, ""valid"": true}]","[[0, 16, 5, 10, 14, 9, 1, 3, 12, 6, 0], [0, 15, 17, 7, 19, 13, 11, 8, 2, 4, 0], [0, 18, 0]]"
clustered-offset-depot,clustered-offset-depot_n20_m3_r01.txt,data\mtsp\generated_multifamily\clustered-offset-depot_n20_m3_r01.txt,20,3,lkh-wrapper-v6,68.54859543627185,0.001569,0.00155,True,"[{""name"": ""lkh-wrapper-v6"", ""objective"": 68.54859543627185, ""time"": 0.00155, ""valid"": true}]","[[0, 2, 8, 11, 0], [0, 15, 17, 19, 13, 7, 4, 0], [0, 18, 16, 5, 10, 14, 9, 1, 3, 12, 6, 0]]"
clustered-offset-depot,clustered-offset-depot_n20_m5_r01.txt,data\mtsp\generated_multifamily\clustered-offset-depot_n20_m5_r01.txt,20,5,lkh-wrapper-v4,67.80412185150296,0.00046,0.000448,True,"[{""name"": ""lkh-wrapper-v4"", ""objective"": 67.80412185150296, ""time"": 0.000448, ""valid"": true}]","[[0, 9, 13, 16, 10, 12, 11, 4, 15, 3, 2, 7, 17, 19, 5, 8, 0], [0, 1, 14, 6, 18, 0], [0, 0], [0, 0], [0, 0]]"
clustered-offset-depot,clustered-offset-depot_n20_m5_r01.txt,data\mtsp\generated_multifamily\clustered-offset-depot_n20_m5_r01.txt,20,5,lkh-wrapper-v5,100.62048933597487,0.00105,0.001036,True,"[{""name"": ""lkh-wrapper-v5"", ""objective"": 100.62048933597487, ""time"": 0.001036, ""valid"": true}]","[[0, 8, 5, 19, 1, 9, 0], [0, 13, 16, 14, 12, 10, 0], [0, 17, 7, 3, 4, 15, 0], [0, 11, 6, 18, 2, 0], [0, 0]]"
clustered-offset-depot,clustered-offset-depot_n20_m5_r01.txt,data\mtsp\generated_multifamily\clustered-offset-depot_n20_m5_r01.txt,20,5,lkh-wrapper-v6,121.34316424034486,4.500066,4.500027,True,"[{""name"": ""lkh-wrapper-v6"", ""objective"": 121.34316424034486, ""time"": 4.500027, ""valid"": true}]","[[0, 6, 18, 0], [0, 5, 17, 0], [0, 19, 2, 15, 4, 3, 7, 8, 0], [0, 9, 13, 14, 1, 0], [0, 16, 10, 12, 11, 0]]"
clustered-offset-depot,clustered-offset-depot_n50_m2_r01.txt,data\mtsp\generated_multifamily\clustered-offset-depot_n50_m2_r01.txt,50,2,lkh-wrapper-v4,72.85866169011746,0.001015,0.001002,True,"[{""name"": ""lkh-wrapper-v4"", ""objective"": 72.85866169011746, ""time"": 0.001002, ""valid"": true}]","[[0, 5, 48, 25, 40, 35, 47, 33, 39, 15, 22, 34, 13, 31, 16, 24, 38, 32, 45, 23, 49, 43, 44, 10, 9, 42, 3, 8, 1, 6, 0], [0, 12, 4, 21, 19, 18, 36, 7, 27, 20, 37, 46, 26, 17, 28, 11, 14, 30, 29, 2, 41, 0]]"
clustered-offset-depot,clustered-offset-depot_n50_m2_r01.txt,data\mtsp\generated_multifamily\clustered-offset-depot_n50_m2_r01.txt,50,2,lkh-wrapper-v5,79.22612019280713,0.003603,0.003589,True,"[{""name"": ""lkh-wrapper-v5"", ""objective"": 79.22612019280713, ""time"": 0.003589, ""valid"": true}]","[[0, 12, 4, 21, 19, 18, 36, 46, 26, 17, 28, 11, 2, 41, 29, 30, 14, 22, 15, 39, 33, 47, 35, 40, 25, 48, 5, 3, 1, 6, 0], [0, 8, 42, 9, 10, 44, 43, 49, 23, 45, 32, 38, 24, 31, 16, 34, 13, 37, 20, 27, 7, 0]]"
clustered-offset-depot,clustered-offset-depot_n50_m2_r01.txt,data\mtsp\generated_multifamily\clustered-offset-depot_n50_m2_r01.txt,50,2,lkh-wrapper-v6,83.562202664967,0.004273,0.004257,True,"[{""name"": ""lkh-wrapper-v6"", ""objective"": 83.562202664967, ""time"": 0.004257, ""valid"": true}]","[[0, 12, 4, 21, 19, 18, 36, 7, 20, 27, 34, 37, 32, 45, 48, 5, 3, 42, 8, 1, 6, 0], [0, 29, 30, 25, 40, 35, 47, 33, 44, 9, 10, 43, 49, 23, 38, 24, 31, 13, 16, 39, 15, 22, 46, 26, 17, 28, 11, 14, 2, 41, 0]]"
clustered-offset-depot,clustered-offset-depot_n50_m3_r01.txt,data\mtsp\generated_multifamily\clustered-offset-depot_n50_m3_r01.txt,50,3,lkh-wrapper-v4,110.19267401512434,0.001069,0.001055,True,"[{""name"": ""lkh-wrapper-v4"", ""objective"": 110.19267401512434, ""time"": 0.001055, ""valid"": true}]","[[0, 41, 44, 42, 31, 20, 23, 48, 22, 46, 17, 21, 24, 30, 25, 29, 19, 28, 27, 45, 35, 34, 0], [0, 37, 43, 38, 2, 5, 15, 13, 3, 8, 10, 4, 40, 1, 49, 0], [0, 18, 32, 39, 36, 33, 16, 7, 26, 9, 14, 12, 6, 11, 47, 0]]"
clustered-offset-depot,clustered-offset-depot_n50_m3_r01.txt,data\mtsp\generated_multifamily\clustered-offset-depot_n50_m3_r01.txt,50,3,lkh-wrapper-v5,110.04964226152975,0.004335,0.00431,True,"[{""name"": ""lkh-wrapper-v5"", ""objective"": 110.04964226152975, ""time"": 0.00431, ""valid"": true}]","[[0, 44, 42, 31, 20, 23, 48, 22, 46, 17, 21, 24, 30, 25, 29, 19, 28, 27, 45, 35, 34, 0], [0, 37, 43, 38, 2, 5, 15, 13, 3, 8, 10, 4, 40, 1, 49, 0], [0, 41, 18, 32, 39, 36, 33, 16, 7, 26, 9, 14, 12, 6, 11, 47, 0]]"
clustered-offset-depot,clustered-offset-depot_n50_m3_r01.txt,data\mtsp\generated_multifamily\clustered-offset-depot_n50_m3_r01.txt,50,3,lkh-wrapper-v6,126.78719112840017,4.500197,4.50016,True,"[{""name"": ""lkh-wrapper-v6"", ""objective"": 126.78719112840017, ""time"": 4.50016, ""valid"": true}]","[[0, 41, 18, 47, 49, 2, 5, 15, 3, 8, 10, 13, 43, 0], [0, 34, 35, 45, 27, 28, 19, 29, 23, 48, 22, 14, 12, 9, 7, 36, 39, 32, 0], [0, 38, 1, 40, 4, 11, 6, 26, 16, 33, 46, 17, 21, 24, 30, 25, 20, 31, 42, 44, 37, 0]]"
clustered-offset-depot,clustered-offset-depot_n50_m5_r01.txt,data\mtsp\generated_multifamily\clustered-offset-depot_n50_m5_r01.txt,50,5,lkh-wrapper-v4,124.31595563771037,0.001264,0.001246,True,"[{""name"": ""lkh-wrapper-v4"", ""objective"": 124.31595563771037, ""time"": 0.001246, ""valid"": true}]","[[0, 5, 48, 37, 47, 45, 46, 38, 41, 10, 0], [0, 4, 16, 7, 1, 3, 34, 44, 49, 36, 33, 39, 32, 40, 43, 35, 42, 15, 0], [0, 29, 12, 13, 31, 23, 14, 24, 26, 28, 21, 22, 19, 30, 20, 18, 25, 17, 27, 0], [0, 2, 9, 6, 0], [0, 8, 11, 0]]"
clustered-offset-depot,clustered-offset-depot_n50_m5_r01.txt,data\mtsp\generated_multifamily\clustered-offset-depot_n50_m5_r01.txt,50,5,lkh-wrapper-v5,143.09018947424914,0.005073,0.005059,True,"[{""name"": ""lkh-wrapper-v5"", ""objective"": 143.09018947424914, ""time"": 0.005059, ""valid"": true}]","[[0, 10, 48, 41, 37, 38, 46, 45, 47, 40, 32, 43, 5, 0], [0, 4, 16, 7, 1, 34, 33, 39, 36, 49, 44, 35, 15, 0], [0, 29, 12, 13, 31, 21, 28, 26, 24, 14, 23, 27, 17, 0], [0, 2, 9, 6, 22, 19, 30, 20, 18, 25, 0], [0, 42, 3, 8, 11, 0]]"
clustered-offset-depot,clustered-offset-depot_n50_m5_r01.txt,data\mtsp\generated_multifamily\clustered-offset-depot_n50_m5_r01.txt,50,5,lkh-wrapper-v6,161.22242487510817,0.007474,0.007456,True,"[{""name"": ""lkh-wrapper-v6"", ""objective"": 161.22242487510817, ""time"": 0.007456, ""valid"": true}]","[[0, 29, 2, 6, 30, 20, 18, 25, 17, 0], [0, 8, 11, 35, 43, 42, 0], [0, 5, 15, 3, 44, 49, 36, 32, 39, 33, 34, 1, 7, 16, 4, 13, 31, 12, 0], [0, 48, 41, 10, 9, 22, 19, 21, 28, 26, 24, 14, 23, 27, 0], [0, 40, 47, 45, 46, 38, 37, 0]]"
high-m-stress,high-m-stress_n100_m2_r01.txt,data\mtsp\generated_multifamily\high-m-stress_n100_m2_r01.txt,100,2,lkh-wrapper-v4,258.8612068688093,0.003148,0.003133,True,"[{""name"": ""lkh-wrapper-v4"", ""objective"": 258.8612068688093, ""time"": 0.003133, ""valid"": true}]","[[0, 90, 89, 83, 36, 26, 35, 39, 32, 28, 27, 34, 25, 38, 40, 31, 29, 41, 30, 33, 37, 92, 98, 97, 94, 95, 13, 7, 3, 12, 24, 2, 21, 6, 14, 15, 18, 16, 19, 9, 17, 10, 20, 23, 5, 4, 1, 8, 11, 22, 96, 86, 88, 0], [0, 91, 81, 42, 44, 54, 60, 48, 61, 53, 47, 50, 62, 58, 55, 52, 57, 56, 43, 51, 63, 46, 45, 59, 49, 93, 77, 69, 64, 79, 75, 76, 70, 74, 78, 67, 72, 99, 73, 66, 80, 85, 71, 65, 68, 87, 84, 82, 0]]"
high-m-stress,high-m-stress_n100_m2_r01.txt,data\mtsp\generated_multifamily\high-m-stress_n100_m2_r01.txt,100,2,lkh-wrapper-v5,318.4586618186034,0.010548,0.010517,True,"[{""name"": ""lkh-wrapper-v5"", ""objective"": 318.4586618186034, ""time"": 0.010517, ""valid"": true}]","[[0, 90, 91, 93, 49, 59, 45, 54, 44, 42, 89, 83, 33, 30, 36, 26, 35, 32, 28, 27, 34, 25, 39, 38, 40, 31, 29, 41, 37, 92, 97, 94, 95, 13, 7, 3, 12, 24, 2, 21, 5, 4, 1, 8, 22, 11, 17, 10, 20, 23, 6, 14, 15, 18, 9, 19, 16, 86, 88, 0], [0, 98, 81, 60, 48, 61, 53, 47, 50, 62, 58, 55, 52, 46, 57, 56, 43, 51, 63, 77, 69, 64, 79, 75, 76, 70, 74, 66, 78, 67, 72, 99, 73, 85, 80, 71, 65, 68, 87, 96, 84, 82, 0]]"
high-m-stress,high-m-stress_n100_m2_r01.txt,data\mtsp\generated_multifamily\high-m-stress_n100_m2_r01.txt,100,2,lkh-wrapper-v6,328.23881841290284,0.015601,0.015584,True,"[{""name"": ""lkh-wrapper-v6"", ""objective"": 328.23881841290284, ""time"": 0.015584, ""valid"": true}]","[[0, 89, 83, 33, 30, 36, 26, 49, 93, 59, 46, 57, 56, 43, 51, 63, 77, 69, 64, 79, 75, 76, 70, 74, 66, 80, 85, 73, 78, 67, 99, 72, 71, 65, 68, 87, 96, 22, 21, 2, 23, 10, 17, 0], [0, 82, 84, 90, 91, 81, 45, 42, 44, 54, 52, 55, 58, 62, 50, 47, 53, 61, 48, 60, 35, 39, 32, 28, 27, 34, 25, 38, 40, 31, 29, 41, 37, 92, 98, 97, 94, 95, 13, 7, 14, 6, 3, 12, 24, 5, 4, 1, 8, 11, 20, 9, 18, 15, 16, 19, 86, 88, 0]]"
high-m-stress,high-m-stress_n100_m3_r01.txt,data\mtsp\generated_multifamily\high-m-stress_n100_m3_r01.txt,100,3,lkh-wrapper-v4,277.77268814670936,0.004172,0.004157,True,"[{""name"": ""lkh-wrapper-v4"", ""objective"": 277.77268814670936, ""time"": 0.004157, ""valid"": true}]","[[0, 87, 84, 83, 81, 33, 32, 30, 16, 18, 29, 31, 17, 34, 28, 25, 22, 26, 23, 15, 21, 20, 82, 24, 19, 27, 94, 95, 92, 35, 46, 43, 64, 39, 57, 36, 65, 38, 61, 37, 49, 52, 66, 62, 63, 51, 60, 42, 50, 40, 59, 45, 47, 58, 54, 56, 44, 53, 41, 48, 55, 86, 99, 93, 0], [0, 89, 67, 79, 73, 69, 74, 78, 75, 70, 71, 97, 68, 76, 77, 72, 85, 90, 0], [0, 80, 91, 6, 5, 13, 2, 96, 98, 14, 12, 11, 4, 9, 7, 3, 10, 8, 1, 88, 0]]"
high-m-stress,high-m-stress_n100_m3_r01.txt,data\mtsp\generated_multifamily\high-m-stress_n100_m3_r01.txt,100,3,lkh-wrapper-v5,359.35835371171845,0.010298,0.010271,True,"[{""name"": ""lkh-wrapper-v5"", ""objective"": 359.35835371171845, ""time"": 0.010271, ""valid"": true}]","[[0, 88, 87, 84, 81, 83, 19, 24, 82, 20, 18, 16, 30, 32, 31, 29, 17, 34, 28, 25, 22, 26, 23, 15, 21, 27, 94, 95, 92, 99, 86, 55, 56, 41, 53, 44, 52, 66, 63, 0], [0, 89, 90, 85, 67, 72, 77, 76, 68, 97, 71, 70, 75, 78, 74, 69, 79, 73, 93, 54, 58, 47, 45, 59, 40, 50, 42, 60, 51, 62, 49, 37, 61, 38, 65, 36, 57, 39, 64, 0], [0, 91, 1, 6, 5, 2, 96, 13, 8, 10, 3, 7, 9, 4, 11, 12, 14, 98, 33, 35, 46, 43, 48, 80, 0]]"
high-m-stress,high-m-stress_n100_m3_r01.txt,data\mtsp\generated_multifamily\high-m-stress_n100_m3_r01.txt,100,3,lkh-wrapper-v6,394.9526001165896,0.012499,0.01246,True,"[{""name"": ""lkh-wrapper-v6"", ""objective"": 394.9526001165896, ""time"": 0.01246, ""valid"": true}]","[[0, 84, 33, 32, 30, 16, 18, 82, 24, 19, 20, 29, 31, 17, 34, 28, 25, 22, 26, 23, 15, 21, 27, 94, 43, 64, 58, 54, 73, 79, 67, 72, 85, 90, 0], [0, 80, 93, 99, 86, 55, 56, 47, 45, 59, 40, 50, 42, 60, 62, 49, 37, 61, 38, 65, 36, 57, 39, 46, 35, 92, 95, 83, 81, 98, 14, 12, 11, 4, 9, 13, 5, 6, 91, 88, 0], [0, 1, 8, 10, 3, 7, 2, 96, 87, 48, 41, 53, 44, 52, 66, 63, 51, 69, 74, 78, 75, 70, 71, 97, 68, 76, 77, 89, 0]]"
high-m-stress,high-m-stress_n100_m5_r01.txt,data\mtsp\generated_multifamily\high-m-stress_n100_m5_r01.txt,100,5,lkh-wrapper-v4,345.38987610761563,0.003061,0.003046,True,"[{""name"": ""lkh-wrapper-v4"", ""objective"": 345.38987610761563, ""time"": 0.003046, ""valid"": true}]","[[0, 83, 88, 76, 96, 78, 72, 77, 75, 79, 74, 73, 86, 0], [0, 81, 91, 84, 82, 89, 92, 99, 97, 52, 45, 47, 57, 54, 49, 46, 56, 50, 48, 53, 55, 51, 58, 44, 94, 59, 71, 62, 65, 64, 69, 61, 63, 68, 66, 67, 60, 70, 85, 0], [0, 90, 7, 12, 10, 11, 15, 8, 6, 3, 1, 5, 14, 13, 4, 2, 9, 80, 22, 87, 16, 23, 27, 31, 32, 29, 20, 17, 30, 28, 19, 25, 18, 26, 24, 21, 93, 43, 33, 40, 37, 35, 38, 95, 39, 41, 34, 36, 42, 98, 0], [0, 0], [0, 0]]"
high-m-stress,high-m-stress_n100_m5_r01.txt,data\mtsp\generated_multifamily\high-m-stress_n100_m5_r01.txt,100,5,lkh-wrapper-v5,472.99709809897155,0.010742,0.010701,True,"[{""name"": ""lkh-wrapper-v5"", ""objective"": 472.99709809897155, ""time"": 0.010701, ""valid"": true}]","[[0, 70, 74, 79, 75, 77, 72, 78, 96, 76, 73, 86, 88, 83, 0], [0, 84, 82, 89, 93, 24, 26, 33, 43, 41, 40, 37, 35, 38, 95, 39, 36, 34, 42, 92, 99, 97, 91, 81, 0], [0, 90, 7, 12, 10, 11, 15, 8, 6, 3, 1, 5, 14, 13, 4, 2, 9, 29, 23, 31, 27, 21, 22, 80, 0], [0, 85, 60, 67, 66, 68, 63, 61, 69, 64, 65, 62, 71, 59, 94, 55, 51, 50, 56, 46, 57, 47, 49, 54, 0], [0, 87, 16, 32, 20, 17, 30, 28, 19, 25, 18, 45, 52, 98, 48, 53, 58, 44, 0]]"
high-m-stress,high-m-stress_n100_m5_r01.txt,data\mtsp\generated_multifamily\high-m-stress_n100_m5_r01.txt,100,5,lkh-wrapper-v6,639.05800437113,4.500149,4.500108,True,"[{""name"": ""lkh-wrapper-v6"", ""objective"": 639.05800437113, ""time"": 4.500108, ""valid"": true}]","[[0, 21, 29, 20, 17, 30, 28, 18, 19, 25, 26, 93, 97, 54, 47, 57, 46, 49, 94, 59, 71, 62, 67, 60, 85, 0], [0, 84, 82, 89, 41, 39, 95, 38, 35, 37, 40, 43, 33, 24, 27, 31, 32, 23, 16, 87, 22, 80, 75, 77, 72, 79, 74, 86, 0], [0, 83, 88, 76, 78, 8, 1, 5, 14, 13, 4, 2, 9, 34, 36, 42, 92, 99, 52, 45, 81, 0], [0, 90, 7, 12, 11, 15, 10, 98, 48, 53, 50, 56, 44, 68, 66, 70, 0], [0, 3, 6, 96, 73, 63, 61, 69, 64, 65, 55, 51, 58, 91, 0]]"
high-m-stress,high-m-stress_n200_m2_r01.txt,data\mtsp\generated_multifamily\high-m-stress_n200_m2_r01.txt,200,2,lkh-wrapper-v4,699.0235194389325,0.00844,0.008408,True,"[{""name"": ""lkh-wrapper-v4"", ""objective"": 699.0235194389325, ""time"": 0.008408, ""valid"": true}]","[[0, 179, 185, 193, 188, 199, 184, 189, 54, 65, 75, 56, 57, 59, 73, 78, 69, 64, 68, 53, 62, 67, 72, 77, 48, 66, 70, 50, 55, 71, 60, 63, 172, 183, 181, 169, 76, 74, 58, 61, 49, 52, 51, 47, 12, 37, 43, 22, 34, 32, 7, 46, 11, 28, 16, 4, 35, 15, 24, 18, 17, 40, 45, 31, 13, 26, 1, 39, 6, 10, 2, 19, 21, 20, 41, 14, 38, 33, 8, 27, 23, 44, 5, 36, 3, 9, 30, 42, 29, 25, 182, 177, 163, 173, 162, 165, 0], [0, 174, 178, 175, 161, 166, 160, 90, 108, 88, 112, 101, 121, 122, 120, 97, 92, 83, 91, 104, 84, 95, 115, 116, 85, 110, 79, 93, 94, 117, 119, 106, 98, 114, 99, 89, 197, 105, 107, 96, 81, 87, 109, 82, 118, 113, 86, 80, 100, 103, 102, 111, 194, 187, 195, 186, 192, 196, 191, 198, 190, 176, 149, 128, 151, 168, 156, 141, 145, 134, 138, 136, 153, 140, 150, 125, 146, 139, 144, 147, 157, 126, 148, 135, 155, 152, 132, 159, 133, 123, 143, 129, 137, 142, 158, 127, 171, 124, 131, 154, 130, 180, 167, 170, 164, 0]]"
high-m-stress,high-m-stress_n200_m2_r01.txt,data\mtsp\generated_multifamily\high-m-stress_n200_m2_r01.txt,200,2,lkh-wrapper-v5,686.5309232886634,0.02461,0.024562,True,"[{""name"": ""lkh-wrapper-v5"", ""objective"": 686.5309232886634, ""time"": 0.024562, ""valid"": true}]","[[0, 169, 181, 183, 172, 76, 74, 58, 61, 49, 48, 66, 70, 50, 55, 71, 60, 63, 65, 75, 54, 97, 120, 122, 92, 83, 104, 91, 121, 101, 84, 113, 86, 80, 100, 103, 102, 111, 197, 114, 98, 99, 89, 105, 107, 96, 81, 87, 109, 82, 118, 115, 95, 116, 85, 110, 79, 93, 94, 117, 119, 106, 88, 112, 108, 90, 160, 166, 161, 175, 178, 174, 131, 124, 171, 127, 158, 142, 137, 129, 143, 123, 133, 159, 132, 152, 168, 155, 153, 140, 150, 135, 148, 126, 157, 147, 144, 139, 146, 125, 136, 138, 134, 145, 141, 156, 151, 128, 149, 176, 130, 154, 180, 167, 170, 164, 0], [0, 179, 163, 177, 182, 25, 22, 43, 34, 32, 37, 12, 7, 46, 11, 28, 1, 16, 4, 26, 13, 31, 45, 40, 18, 24, 15, 35, 185, 193, 188, 199, 184, 47, 51, 52, 72, 67, 77, 62, 53, 68, 69, 64, 56, 57, 59, 73, 78, 189, 194, 187, 195, 186, 192, 196, 191, 198, 190, 38, 14, 41, 17, 6, 10, 39, 2, 19, 21, 20, 8, 33, 27, 23, 44, 29, 42, 30, 9, 3, 5, 36, 173, 162, 165, 0]]"
high-m-stress,high-m-stress_n200_m2_r01.txt,data\mtsp\generated_multifamily\high-m-stress_n200_m2_r01.txt,200,2,lkh-wrapper-v6,715.4762645670446,0.024514,0.024487,True,"[{""name"": ""lkh-wrapper-v6"", ""objective"": 715.4762645670446, ""time"": 0.024487, ""valid"": true}]","[[0, 179, 165, 162, 173, 163, 177, 182, 43, 22, 25, 29, 42, 30, 9, 3, 36, 5, 44, 23, 27, 20, 21, 8, 33, 38, 14, 41, 18, 24, 15, 35, 45, 31, 13, 40, 17, 6, 10, 39, 2, 19, 34, 32, 37, 12, 7, 46, 11, 28, 1, 16, 26, 4, 185, 199, 188, 193, 190, 198, 176, 149, 128, 151, 156, 145, 138, 136, 134, 141, 168, 152, 159, 133, 132, 155, 153, 140, 150, 125, 191, 146, 135, 139, 148, 126, 157, 147, 144, 123, 143, 129, 137, 142, 158, 127, 171, 124, 131, 154, 130, 180, 167, 170, 164, 175, 178, 174, 0], [0, 161, 166, 160, 90, 121, 101, 84, 104, 91, 122, 120, 97, 92, 83, 113, 118, 115, 95, 85, 116, 82, 109, 87, 81, 96, 110, 79, 93, 94, 117, 119, 106, 88, 112, 108, 192, 186, 195, 196, 114, 98, 99, 89, 107, 105, 197, 187, 194, 111, 102, 103, 100, 80, 86, 189, 184, 53, 62, 68, 64, 69, 78, 73, 59, 57, 56, 75, 54, 65, 63, 60, 71, 55, 50, 70, 66, 49, 48, 77, 67, 72, 47, 51, 52, 58, 61, 74, 76, 172, 183, 181, 169, 0]]"
high-m-stress,high-m-stress_n200_m3_r01.txt,data\mtsp\generated_multifamily\high-m-stress_n200_m3_r01.txt,200,3,lkh-wrapper-v4,659.1940172682474,0.006249,0.006211,True,"[{""name"": ""lkh-wrapper-v4"", ""objective"": 659.1940172682474, ""time"": 0.006211, ""valid"": true}]","[[0, 172, 171, 162, 163, 168, 180, 64, 58, 65, 55, 49, 41, 66, 46, 56, 43, 50, 59, 40, 57, 198, 195, 190, 61, 42, 48, 45, 51, 53, 52, 62, 47, 54, 60, 63, 44, 164, 183, 182, 181, 179, 0], [0, 167, 176, 174, 78, 112, 76, 107, 92, 103, 73, 115, 84, 88, 81, 119, 111, 68, 120, 101, 99, 95, 113, 93, 109, 72, 104, 96, 77, 70, 82, 178, 122, 83, 110, 75, 177, 67, 102, 87, 80, 97, 69, 100, 118, 71, 105, 91, 85, 98, 116, 90, 86, 106, 89, 121, 108, 117, 94, 74, 114, 79, 187, 186, 184, 193, 188, 191, 196, 197, 126, 138, 136, 158, 123, 127, 134, 159, 145, 125, 142, 153, 128, 148, 157, 139, 149, 135, 154, 137, 131, 151, 141, 146, 150, 124, 156, 143, 144, 152, 130, 132, 155, 170, 133, 147, 140, 129, 165, 169, 173, 160, 0], [0, 192, 189, 194, 199, 185, 28, 15, 38, 32, 26, 11, 35, 25, 12, 39, 30, 6, 8, 36, 33, 9, 2, 1, 24, 13, 19, 23, 5, 18, 3, 16, 21, 4, 14, 22, 10, 7, 27, 29, 34, 17, 20, 37, 31, 161, 166, 175, 0]]"
high-m-stress,high-m-stress_n200_m3_r01.txt,data\mtsp\generated_multifamily\high-m-stress_n200_m3_r01.txt,200,3,lkh-wrapper-v5,712.0287002410337,0.027003,0.026959,True,"[{""name"": ""lkh-wrapper-v5"", ""objective"": 712.0287002410337, ""time"": 0.026959, ""valid"": true}]","[[0, 171, 162, 179, 181, 163, 182, 183, 168, 180, 164, 44, 63, 60, 54, 47, 62, 52, 51, 53, 48, 42, 61, 45, 43, 56, 59, 50, 190, 195, 198, 57, 40, 46, 66, 41, 49, 55, 65, 58, 64, 187, 186, 184, 193, 188, 191, 197, 196, 102, 77, 96, 104, 72, 109, 113, 95, 99, 101, 79, 114, 74, 94, 117, 108, 121, 89, 106, 86, 90, 116, 98, 85, 91, 172, 0], [0, 160, 173, 169, 165, 129, 140, 147, 133, 170, 155, 132, 130, 152, 144, 143, 156, 124, 150, 146, 141, 151, 131, 137, 154, 135, 149, 139, 157, 148, 128, 153, 142, 126, 138, 125, 145, 159, 134, 127, 136, 158, 123, 87, 80, 97, 69, 100, 105, 71, 118, 70, 82, 178, 122, 83, 88, 93, 120, 68, 111, 81, 119, 73, 103, 115, 84, 92, 110, 75, 67, 177, 107, 76, 112, 78, 174, 176, 167, 0], [0, 175, 166, 161, 31, 37, 20, 17, 34, 29, 27, 7, 10, 22, 14, 4, 21, 16, 3, 18, 5, 30, 6, 8, 36, 9, 33, 39, 12, 25, 35, 11, 26, 15, 28, 38, 32, 2, 1, 24, 13, 19, 23, 185, 199, 194, 189, 192, 0]]"
high-m-stress,high-m-stress_n200_m3_r01.txt,data\mtsp\generated_multifamily\high-m-stress_n200_m3_r01.txt,200,3,lkh-wrapper-v6,864.8450825898593,0.03621,0.036176,True,"[{""name"": ""lkh-wrapper-v6"", ""objective"": 864.8450825898593, ""time"": 0.036176, ""valid"": true}]","[[0, 166, 161, 21, 16, 179, 162, 171, 174, 176, 78, 112, 76, 107, 177, 67, 75, 110, 92, 84, 115, 103, 73, 68, 111, 119, 81, 93, 113, 120, 101, 95, 99, 108, 117, 94, 74, 114, 79, 187, 186, 184, 193, 188, 191, 158, 136, 196, 197, 153, 142, 125, 145, 159, 127, 150, 124, 156, 143, 152, 130, 132, 155, 129, 165, 169, 173, 160, 0], [0, 28, 15, 38, 32, 2, 1, 24, 13, 9, 33, 26, 144, 123, 146, 170, 133, 140, 147, 151, 141, 134, 154, 137, 131, 192, 135, 149, 139, 157, 148, 128, 126, 138, 87, 80, 97, 69, 100, 85, 98, 116, 90, 86, 106, 89, 121, 109, 72, 104, 77, 70, 82, 102, 163, 168, 180, 164, 183, 182, 181, 0], [0, 172, 167, 91, 105, 71, 118, 96, 178, 122, 83, 88, 195, 198, 190, 61, 42, 48, 53, 51, 45, 43, 50, 59, 57, 40, 56, 46, 66, 58, 64, 65, 55, 49, 41, 52, 47, 54, 62, 44, 63, 60, 185, 199, 194, 189, 23, 19, 5, 3, 18, 30, 6, 8, 36, 39, 4, 14, 22, 10, 7, 27, 29, 34, 17, 25, 12, 35, 11, 20, 37, 31, 175, 0]]"
high-m-stress,high-m-stress_n200_m5_r01.txt,data\mtsp\generated_multifamily\high-m-stress_n200_m5_r01.txt,200,5,lkh-wrapper-v4,773.4789962630371,0.010513,0.010469,True,"[{""name"": ""lkh-wrapper-v4"", ""objective"": 773.4789962630371, ""time"": 0.010469, ""valid"": true}]","[[0, 178, 170, 173, 169, 180, 171, 174, 16, 26, 176, 24, 2, 10, 28, 167, 1, 22, 14, 20, 11, 13, 4, 19, 9, 17, 8, 7, 25, 23, 29, 5, 27, 21, 3, 15, 18, 6, 12, 194, 192, 190, 186, 198, 197, 56, 195, 0], [0, 181, 183, 152, 145, 135, 149, 141, 151, 153, 156, 158, 133, 142, 159, 199, 191, 196, 137, 147, 146, 139, 148, 154, 144, 136, 138, 155, 157, 140, 134, 143, 150, 165, 182, 166, 0], [0, 177, 160, 163, 162, 175, 110, 127, 128, 115, 126, 109, 111, 113, 122, 116, 118, 108, 117, 129, 112, 119, 124, 114, 120, 125, 132, 123, 121, 107, 130, 131, 189, 0], [0, 179, 168, 161, 172, 47, 42, 48, 40, 35, 49, 58, 57, 50, 38, 64, 51, 31, 37, 30, 32, 52, 53, 60, 46, 41, 184, 45, 34, 63, 65, 61, 33, 43, 44, 55, 39, 54, 59, 62, 36, 73, 82, 79, 71, 70, 87, 85, 84, 78, 72, 67, 83, 66, 74, 81, 77, 80, 76, 86, 69, 68, 75, 0], [0, 164, 90, 98, 88, 95, 91, 106, 89, 100, 97, 104, 102, 105, 92, 96, 99, 101, 94, 103, 93, 185, 188, 187, 193, 0]]"
high-m-stress,high-m-stress_n200_m5_r01.txt,data\mtsp\generated_multifamily\high-m-stress_n200_m5_r01.txt,200,5,lkh-wrapper-v5,755.18559496724,0.029696,0.029663,True,"[{""name"": ""lkh-wrapper-v5"", ""objective"": 755.18559496724, ""time"": 0.029663, ""valid"": true}]","[[0, 178, 170, 173, 169, 180, 171, 174, 16, 26, 14, 22, 4, 20, 11, 13, 19, 1, 167, 28, 176, 24, 2, 10, 6, 18, 15, 12, 3, 21, 27, 5, 29, 23, 25, 7, 9, 17, 8, 192, 194, 190, 186, 198, 197, 195, 0], [0, 166, 182, 165, 150, 143, 134, 140, 157, 155, 138, 136, 144, 154, 148, 139, 146, 137, 196, 191, 199, 147, 159, 142, 133, 158, 156, 153, 151, 141, 149, 135, 145, 152, 183, 181, 0], [0, 177, 160, 175, 110, 127, 128, 112, 119, 123, 124, 114, 120, 125, 132, 121, 107, 130, 131, 129, 117, 108, 118, 189, 122, 116, 113, 111, 109, 115, 126, 162, 163, 0], [0, 75, 69, 86, 82, 73, 36, 62, 44, 55, 39, 54, 59, 51, 64, 31, 37, 30, 32, 52, 53, 60, 46, 38, 56, 50, 57, 58, 49, 35, 40, 45, 184, 41, 33, 43, 61, 65, 63, 34, 47, 42, 48, 172, 161, 168, 179, 0], [0, 164, 90, 98, 88, 95, 91, 106, 104, 100, 97, 102, 105, 92, 96, 89, 99, 101, 94, 103, 93, 185, 188, 187, 193, 87, 70, 79, 71, 85, 84, 78, 72, 67, 83, 66, 74, 81, 77, 80, 76, 68, 0]]"
high-m-stress,high-m-stress_n200_m5_r01.txt,data\mtsp\generated_multifamily\high-m-stress_n200_m5_r01.txt,200,5,lkh-wrapper-v6,966.0341522530008,0.041914,0.041878,True,"[{""name"": ""lkh-wrapper-v6"", ""objective"": 966.0341522530008, ""time"": 0.041878, ""valid"": true}]","[[0, 47, 42, 45, 184, 41, 34, 63, 65, 36, 77, 81, 83, 185, 187, 188, 140, 154, 157, 0], [0, 78, 193, 195, 186, 190, 194, 192, 27, 21, 5, 23, 29, 1, 167, 28, 171, 0], [0, 166, 182, 165, 151, 141, 156, 158, 133, 153, 134, 143, 150, 177, 160, 75, 69, 86, 76, 79, 82, 73, 62, 61, 33, 43, 44, 55, 39, 54, 59, 51, 64, 38, 50, 56, 197, 198, 31, 37, 30, 32, 52, 53, 60, 46, 57, 58, 49, 35, 40, 48, 172, 161, 168, 179, 0], [0, 170, 173, 68, 80, 74, 66, 67, 72, 84, 85, 71, 70, 87, 93, 103, 94, 101, 99, 96, 92, 189, 105, 102, 97, 100, 104, 89, 106, 91, 95, 88, 98, 90, 164, 122, 116, 118, 108, 117, 113, 129, 131, 130, 107, 112, 119, 123, 121, 132, 125, 120, 114, 124, 128, 110, 175, 0], [0, 178, 169, 180, 174, 12, 3, 15, 18, 6, 10, 2, 24, 176, 16, 26, 14, 22, 4, 19, 25, 7, 8, 9, 17, 11, 13, 20, 199, 191, 196, 127, 115, 109, 111, 126, 162, 163, 155, 138, 136, 144, 148, 139, 146, 137, 147, 142, 159, 135, 149, 145, 152, 183, 181, 0]]"
high-m-stress,high-m-stress_n20_m2_r01.txt,data\mtsp\generated_multifamily\high-m-stress_n20_m2_r01.txt,20,2,lkh-wrapper-v4,53.66323056371951,0.000303,0.000289,True,"[{""name"": ""lkh-wrapper-v4"", ""objective"": 53.66323056371951, ""time"": 0.000289, ""valid"": true}]","[[0, 17, 12, 13, 9, 10, 14, 11, 1, 15, 0], [0, 16, 3, 4, 2, 7, 19, 6, 8, 5, 18, 0]]"
high-m-stress,high-m-stress_n20_m2_r01.txt,data\mtsp\generated_multifamily\high-m-stress_n20_m2_r01.txt,20,2,lkh-wrapper-v5,53.78362438764046,0.000978,0.000965,True,"[{""name"": ""lkh-wrapper-v5"", ""objective"": 53.78362438764046, ""time"": 0.000965, ""valid"": true}]","[[0, 15, 1, 11, 14, 10, 9, 13, 12, 0], [0, 16, 3, 4, 2, 7, 19, 6, 8, 5, 18, 17, 0]]"
high-m-stress,high-m-stress_n20_m2_r01.txt,data\mtsp\generated_multifamily\high-m-stress_n20_m2_r01.txt,20,2,lkh-wrapper-v6,56.69989816014713,0.001336,0.001322,True,"[{""name"": ""lkh-wrapper-v6"", ""objective"": 56.69989816014713, ""time"": 0.001322, ""valid"": true}]","[[0, 16, 3, 4, 2, 7, 19, 6, 5, 8, 15, 17, 0], [0, 18, 9, 10, 14, 11, 13, 12, 1, 0]]"
high-m-stress,high-m-stress_n20_m3_r01.txt,data\mtsp\generated_multifamily\high-m-stress_n20_m3_r01.txt,20,3,lkh-wrapper-v4,55.635805355853975,0.00036,0.00034,True,"[{""name"": ""lkh-wrapper-v4"", ""objective"": 55.635805355853975, ""time"": 0.00034, ""valid"": true}]","[[0, 2, 6, 5, 18, 1, 3, 17, 4, 0], [0, 16, 15, 19, 14, 13, 11, 10, 12, 9, 8, 7, 0], [0, 0]]"
high-m-stress,high-m-stress_n20_m3_r01.txt,data\mtsp\generated_multifamily\high-m-stress_n20_m3_r01.txt,20,3,lkh-wrapper-v5,62.50502691148683,0.000958,0.000946,True,"[{""name"": ""lkh-wrapper-v5"", ""objective"": 62.50502691148683, ""time"": 0.000946, ""valid"": true}]","[[0, 4, 2, 0], [0, 17, 3, 1, 18, 5, 6, 7, 8, 9, 0], [0, 16, 15, 19, 14, 13, 11, 10, 12, 0]]"
high-m-stress,high-m-stress_n20_m3_r01.txt,data\mtsp\generated_multifamily\high-m-stress_n20_m3_r01.txt,20,3,lkh-wrapper-v6,72.26990068555561,0.001333,0.001316,True,"[{""name"": ""lkh-wrapper-v6"", ""objective"": 72.26990068555561, ""time"": 0.001316, ""valid"": true}]","[[0, 16, 15, 19, 14, 13, 11, 2, 4, 0], [0, 6, 7, 5, 18, 1, 3, 17, 0], [0, 12, 10, 9, 8, 0]]"
high-m-stress,high-m-stress_n20_m5_r01.txt,data\mtsp\generated_multifamily\high-m-stress_n20_m5_r01.txt,20,5,lkh-wrapper-v4,57.4142819937378,0.000432,0.000419,True,"[{""name"": ""lkh-wrapper-v4"", ""objective"": 57.4142819937378, ""time"": 0.000419, ""valid"": true}]","[[0, 15, 12, 11, 13, 17, 19, 16, 0], [0, 3, 14, 2, 4, 6, 5, 10, 7, 9, 18, 8, 1, 0], [0, 0], [0, 0], [0, 0]]"
high-m-stress,high-m-stress_n20_m5_r01.txt,data\mtsp\generated_multifamily\high-m-stress_n20_m5_r01.txt,20,5,lkh-wrapper-v5,87.55344151713862,0.000954,0.000941,True,"[{""name"": ""lkh-wrapper-v5"", ""objective"": 87.55344151713862, ""time"": 0.000941, ""valid"": true}]","[[0, 15, 12, 17, 19, 16, 0], [0, 14, 2, 5, 6, 4, 0], [0, 1, 10, 9, 18, 7, 0], [0, 3, 8, 13, 11, 0], [0, 0]]"
high-m-stress,high-m-stress_n20_m5_r01.txt,data\mtsp\generated_multifamily\high-m-stress_n20_m5_r01.txt,20,5,lkh-wrapper-v6,117.35103872488284,4.500108,4.500064,True,"[{""name"": ""lkh-wrapper-v6"", ""objective"": 117.35103872488284, ""time"": 4.500064, ""valid"": true}]","[[0, 5, 6, 4, 0], [0, 9, 7, 0], [0, 18, 10, 2, 0], [0, 16, 19, 17, 8, 1, 0], [0, 3, 14, 13, 11, 12, 15, 0]]"
high-m-stress,high-m-stress_n50_m2_r01.txt,data\mtsp\generated_multifamily\high-m-stress_n50_m2_r01.txt,50,2,lkh-wrapper-v4,126.56826931271223,0.001189,0.001078,True,"[{""name"": ""lkh-wrapper-v4"", ""objective"": 126.56826931271223, ""time"": 0.001078, ""valid"": true}]","[[0, 40, 28, 33, 47, 32, 38, 39, 31, 29, 35, 30, 41, 37, 36, 34, 46, 48, 25, 24, 23, 49, 26, 27, 22, 42, 0], [0, 45, 44, 10, 19, 17, 15, 20, 11, 18, 16, 14, 12, 21, 13, 6, 2, 9, 7, 4, 3, 8, 1, 5, 43, 0]]"
high-m-stress,high-m-stress_n50_m2_r01.txt,data\mtsp\generated_multifamily\high-m-stress_n50_m2_r01.txt,50,2,lkh-wrapper-v5,135.27505210639316,0.003536,0.00352,True,"[{""name"": ""lkh-wrapper-v5"", ""objective"": 135.27505210639316, ""time"": 0.00352, ""valid"": true}]","[[0, 40, 42, 48, 25, 24, 23, 49, 26, 27, 22, 10, 19, 17, 15, 20, 11, 18, 16, 14, 12, 21, 13, 44, 45, 0], [0, 43, 4, 7, 9, 6, 2, 8, 3, 1, 5, 33, 47, 32, 38, 39, 31, 29, 46, 34, 36, 37, 35, 30, 41, 28, 0]]"
high-m-stress,high-m-stress_n50_m2_r01.txt,data\mtsp\generated_multifamily\high-m-stress_n50_m2_r01.txt,50,2,lkh-wrapper-v6,171.51980187435734,0.003772,0.003756,True,"[{""name"": ""lkh-wrapper-v6"", ""objective"": 171.51980187435734, ""time"": 0.003756, ""valid"": true}]","[[0, 45, 44, 4, 7, 13, 21, 12, 14, 16, 19, 10, 42, 48, 49, 25, 34, 36, 28, 33, 47, 40, 0], [0, 43, 5, 1, 3, 8, 9, 2, 6, 18, 11, 20, 15, 17, 22, 27, 26, 23, 24, 46, 29, 31, 39, 38, 32, 41, 30, 35, 37, 0]]"
high-m-stress,high-m-stress_n50_m3_r01.txt,data\mtsp\generated_multifamily\high-m-stress_n50_m3_r01.txt,50,3,lkh-wrapper-v4,121.74148416098578,0.001363,0.001336,True,"[{""name"": ""lkh-wrapper-v4"", ""objective"": 121.74148416098578, ""time"": 0.001336, ""valid"": true}]","[[0, 45, 44, 46, 25, 22, 23, 29, 26, 24, 28, 27, 49, 31, 36, 39, 35, 37, 33, 32, 30, 34, 38, 43, 42, 0], [0, 41, 9, 4, 11, 2, 3, 6, 8, 48, 10, 7, 1, 5, 47, 15, 14, 20, 18, 13, 12, 19, 17, 21, 16, 40, 0], [0, 0]]"
high-m-stress,high-m-stress_n50_m3_r01.txt,data\mtsp\generated_multifamily\high-m-stress_n50_m3_r01.txt,50,3,lkh-wrapper-v5,162.2817049094347,0.00424,0.004218,True,"[{""name"": ""lkh-wrapper-v5"", ""objective"": 162.2817049094347, ""time"": 0.004218, ""valid"": true}]","[[0, 45, 44, 46, 25, 28, 24, 27, 49, 31, 36, 39, 35, 37, 33, 32, 30, 34, 38, 43, 42, 0], [0, 41, 9, 4, 11, 2, 3, 6, 8, 48, 10, 7, 1, 5, 47, 18, 13, 12, 20, 14, 15, 0], [0, 40, 19, 17, 21, 16, 22, 23, 29, 26, 0]]"
high-m-stress,high-m-stress_n50_m3_r01.txt,data\mtsp\generated_multifamily\high-m-stress_n50_m3_r01.txt,50,3,lkh-wrapper-v6,174.14939515883984,0.004284,0.004272,True,"[{""name"": ""lkh-wrapper-v6"", ""objective"": 174.14939515883984, ""time"": 0.004272, ""valid"": true}]","[[0, 45, 44, 46, 25, 22, 23, 29, 26, 24, 28, 27, 49, 31, 36, 35, 39, 33, 32, 30, 0], [0, 9, 4, 11, 2, 3, 6, 5, 47, 15, 14, 20, 19, 17, 21, 16, 40, 43, 42, 0], [0, 41, 1, 7, 10, 8, 48, 18, 13, 12, 37, 38, 34, 0]]"
high-m-stress,high-m-stress_n50_m5_r01.txt,data\mtsp\generated_multifamily\high-m-stress_n50_m5_r01.txt,50,5,lkh-wrapper-v4,167.09159656921798,0.00166,0.001636,True,"[{""name"": ""lkh-wrapper-v4"", ""objective"": 167.09159656921798, ""time"": 0.001636, ""valid"": true}]","[[0, 40, 48, 37, 39, 36, 38, 49, 3, 6, 43, 5, 2, 1, 4, 12, 44, 9, 13, 10, 8, 11, 7, 46, 47, 42, 41, 23, 22, 21, 29, 25, 30, 28, 24, 27, 26, 34, 35, 33, 32, 31, 0], [0, 45, 0], [0, 15, 18, 16, 14, 20, 17, 19, 0], [0, 0], [0, 0]]"
high-m-stress,high-m-stress_n50_m5_r01.txt,data\mtsp\generated_multifamily\high-m-stress_n50_m5_r01.txt,50,5,lkh-wrapper-v5,210.46452638596642,0.004681,0.004661,True,"[{""name"": ""lkh-wrapper-v5"", ""objective"": 210.46452638596642, ""time"": 0.004661, ""valid"": true}]","[[0, 40, 48, 37, 39, 36, 38, 49, 3, 6, 43, 5, 2, 0], [0, 1, 4, 12, 44, 9, 13, 10, 8, 11, 7, 46, 47, 0], [0, 45, 0], [0, 42, 41, 23, 25, 21, 22, 29, 30, 28, 24, 27, 26, 0], [0, 31, 32, 33, 35, 34, 19, 17, 20, 14, 16, 18, 15, 0]]"
high-m-stress,high-m-stress_n50_m5_r01.txt,data\mtsp\generated_multifamily\high-m-stress_n50_m5_r01.txt,50,5,lkh-wrapper-v6,282.969003280455,0.006858,0.006834,True,"[{""name"": ""lkh-wrapper-v6"", ""objective"": 282.969003280455, ""time"": 0.006834, ""valid"": true}]","[[0, 16, 14, 20, 17, 19, 22, 29, 30, 0], [0, 48, 37, 39, 36, 38, 49, 9, 13, 10, 8, 11, 7, 44, 0], [0, 42, 41, 18, 15, 47, 46, 12, 0], [0, 26, 27, 28, 24, 34, 35, 33, 32, 31, 40, 45, 0], [0, 3, 6, 43, 5, 2, 4, 1, 23, 21, 25, 0]]"
mixed,mixed_n100_m2_r01.txt,data\mtsp\generated_multifamily\mixed_n100_m2_r01.txt,100,2,lkh-wrapper-v4,344.0872851879541,0.003137,0.00312,True,"[{""name"": ""lkh-wrapper-v4"", ""objective"": 344.0872851879541, ""time"": 0.00312, ""valid"": true}]","[[0, 88, 86, 96, 85, 82, 90, 99, 81, 34, 45, 57, 44, 29, 35, 33, 56, 46, 47, 55, 51, 58, 50, 41, 42, 49, 36, 48, 54, 40, 30, 43, 31, 38, 52, 53, 32, 0], [0, 76, 68, 75, 74, 67, 65, 69, 71, 70, 77, 78, 72, 61, 63, 59, 73, 62, 79, 60, 64, 66, 89, 98, 93, 87, 1, 6, 4, 3, 17, 5, 11, 8, 21, 10, 83, 18, 22, 2, 24, 27, 12, 16, 20, 28, 25, 9, 14, 13, 26, 23, 19, 15, 7, 84, 80, 94, 97, 92, 95, 91, 37, 39, 0]]"
mixed,mixed_n100_m2_r01.txt,data\mtsp\generated_multifamily\mixed_n100_m2_r01.txt,100,2,lkh-wrapper-v5,364.7832627194089,0.011811,0.011789,True,"[{""name"": ""lkh-wrapper-v5"", ""objective"": 364.7832627194089, ""time"": 0.011789, ""valid"": true}]","[[0, 32, 53, 52, 38, 31, 43, 30, 40, 54, 48, 36, 39, 50, 41, 42, 49, 45, 57, 44, 29, 35, 33, 56, 47, 46, 58, 51, 55, 91, 95, 97, 94, 80, 84, 16, 12, 27, 24, 2, 22, 18, 10, 21, 8, 3, 4, 17, 11, 5, 6, 1, 19, 23, 26, 13, 14, 9, 15, 0], [0, 76, 68, 75, 74, 67, 65, 71, 69, 66, 64, 60, 70, 77, 78, 72, 61, 63, 59, 73, 62, 79, 88, 86, 96, 85, 82, 90, 99, 81, 34, 37, 92, 7, 25, 28, 20, 83, 98, 89, 93, 87, 0]]"
mixed,mixed_n100_m2_r01.txt,data\mtsp\generated_multifamily\mixed_n100_m2_r01.txt,100,2,lkh-wrapper-v6,363.5237475082048,0.010183,0.010163,True,"[{""name"": ""lkh-wrapper-v6"", ""objective"": 363.5237475082048, ""time"": 0.010163, ""valid"": true}]","[[0, 19, 23, 6, 1, 87, 93, 98, 89, 66, 64, 69, 71, 72, 73, 59, 63, 62, 61, 78, 77, 70, 60, 79, 88, 86, 96, 85, 82, 90, 99, 81, 34, 45, 57, 44, 29, 35, 33, 56, 50, 41, 42, 39, 36, 48, 95, 97, 92, 0], [0, 75, 76, 68, 74, 67, 65, 7, 25, 15, 9, 14, 13, 26, 8, 11, 5, 17, 3, 4, 83, 10, 18, 21, 22, 2, 24, 27, 12, 16, 20, 28, 84, 80, 94, 91, 55, 47, 46, 58, 51, 37, 54, 40, 30, 43, 31, 38, 49, 52, 53, 32, 0]]"
mixed,mixed_n100_m3_r01.txt,data\mtsp\generated_multifamily\mixed_n100_m3_r01.txt,100,3,lkh-wrapper-v4,351.3990828579914,0.002918,0.002904,True,"[{""name"": ""lkh-wrapper-v4"", ""objective"": 351.3990828579914, ""time"": 0.002904, ""valid"": true}]","[[0, 81, 80, 76, 89, 77, 84, 75, 99, 93, 73, 74, 78, 86, 87, 85, 79, 82, 83, 88, 0], [0, 11, 17, 24, 15, 7, 19, 21, 6, 2, 22, 20, 23, 16, 4, 12, 14, 5, 13, 3, 9, 1, 10, 25, 8, 18, 96, 91, 92, 41, 90, 0], [0, 52, 61, 55, 70, 56, 53, 62, 71, 59, 65, 66, 67, 64, 63, 54, 68, 58, 72, 51, 69, 60, 57, 50, 95, 98, 94, 97, 43, 33, 42, 35, 28, 31, 30, 48, 34, 36, 40, 47, 29, 49, 26, 46, 37, 38, 44, 39, 32, 27, 45, 0]]"
mixed,mixed_n100_m3_r01.txt,data\mtsp\generated_multifamily\mixed_n100_m3_r01.txt,100,3,lkh-wrapper-v5,356.25599872638395,0.009815,0.009789,True,"[{""name"": ""lkh-wrapper-v5"", ""objective"": 356.25599872638395, ""time"": 0.009789, ""valid"": true}]","[[0, 81, 80, 76, 89, 77, 88, 83, 82, 79, 85, 87, 86, 74, 73, 78, 84, 75, 99, 93, 67, 66, 63, 64, 54, 68, 58, 72, 51, 69, 60, 57, 50, 0], [0, 11, 17, 24, 15, 7, 19, 6, 2, 22, 20, 23, 16, 21, 4, 12, 14, 5, 13, 3, 9, 1, 10, 25, 8, 18, 96, 91, 92, 90, 0], [0, 45, 27, 32, 39, 44, 38, 37, 46, 26, 49, 29, 47, 40, 34, 36, 42, 48, 41, 30, 31, 28, 35, 33, 43, 97, 94, 98, 95, 52, 61, 55, 56, 53, 62, 65, 59, 71, 70, 0]]"
mixed,mixed_n100_m3_r01.txt,data\mtsp\generated_multifamily\mixed_n100_m3_r01.txt,100,3,lkh-wrapper-v6,440.4295923709517,0.011645,0.011609,True,"[{""name"": ""lkh-wrapper-v6"", ""objective"": 440.4295923709517, ""time"": 0.011609, ""valid"": true}]","[[0, 49, 29, 26, 40, 36, 34, 39, 17, 24, 11, 2, 4, 12, 14, 5, 79, 82, 83, 77, 84, 75, 78, 74, 73, 93, 99, 89, 76, 80, 81, 0], [0, 94, 97, 98, 47, 46, 37, 38, 44, 32, 27, 45, 90, 13, 3, 9, 1, 10, 25, 8, 7, 19, 6, 21, 16, 86, 87, 85, 88, 0], [0, 52, 61, 55, 70, 56, 53, 62, 65, 71, 59, 66, 67, 64, 63, 54, 68, 58, 72, 51, 69, 60, 57, 50, 95, 43, 33, 42, 35, 48, 28, 31, 30, 41, 92, 91, 96, 18, 15, 22, 23, 20, 0]]"
mixed,mixed_n100_m5_r01.txt,data\mtsp\generated_multifamily\mixed_n100_m5_r01.txt,100,5,lkh-wrapper-v4,360.6371916048255,0.006512,0.00647,True,"[{""name"": ""lkh-wrapper-v4"", ""objective"": 360.6371916048255, ""time"": 0.00647, ""valid"": true}]","[[0, 65, 70, 73, 74, 72, 69, 80, 49, 63, 60, 55, 81, 76, 53, 51, 82, 47, 48, 50, 66, 71, 54, 68, 79, 67, 75, 83, 57, 59, 62, 78, 77, 58, 52, 90, 92, 89, 94, 86, 97, 28, 30, 43, 41, 33, 42, 27, 40, 37, 39, 26, 45, 32, 96, 34, 25, 29, 46, 36, 44, 99, 98, 93, 0], [0, 10, 22, 23, 14, 3, 5, 2, 24, 18, 20, 15, 8, 9, 11, 13, 17, 6, 19, 16, 4, 21, 7, 12, 1, 91, 84, 88, 85, 95, 87, 56, 61, 64, 0], [0, 38, 31, 35, 0], [0, 0], [0, 0]]"
mixed,mixed_n100_m5_r01.txt,data\mtsp\generated_multifamily\mixed_n100_m5_r01.txt,100,5,lkh-wrapper-v5,436.0139334781654,0.011163,0.011138,True,"[{""name"": ""lkh-wrapper-v5"", ""objective"": 436.0139334781654, ""time"": 0.011138, ""valid"": true}]","[[0, 70, 73, 69, 80, 82, 51, 53, 54, 68, 79, 67, 59, 76, 81, 55, 60, 63, 64, 61, 49, 72, 74, 65, 0], [0, 41, 33, 42, 27, 40, 37, 39, 26, 31, 32, 34, 96, 45, 38, 43, 30, 28, 97, 86, 94, 89, 92, 90, 0], [0, 7, 12, 1, 19, 6, 17, 11, 9, 15, 20, 18, 24, 2, 5, 3, 14, 22, 23, 13, 16, 4, 21, 10, 0], [0, 56, 47, 48, 50, 66, 71, 75, 83, 57, 62, 78, 77, 58, 52, 0], [0, 95, 87, 85, 88, 84, 91, 8, 93, 98, 99, 29, 25, 35, 46, 36, 44, 0]]"
mixed,mixed_n100_m5_r01.txt,data\mtsp\generated_multifamily\mixed_n100_m5_r01.txt,100,5,lkh-wrapper-v6,497.5006460327608,0.017436,0.017411,True,"[{""name"": ""lkh-wrapper-v6"", ""objective"": 497.5006460327608, ""time"": 0.017411, ""valid"": true}]","[[0, 41, 33, 42, 27, 44, 36, 46, 29, 25, 35, 34, 96, 32, 45, 97, 86, 94, 89, 92, 0], [0, 98, 93, 99, 61, 0], [0, 16, 19, 1, 12, 91, 84, 88, 85, 95, 87, 48, 50, 66, 71, 54, 76, 81, 55, 60, 63, 80, 51, 82, 47, 56, 73, 70, 0], [0, 10, 13, 6, 17, 11, 9, 8, 15, 20, 18, 24, 2, 5, 3, 14, 23, 22, 40, 37, 39, 31, 26, 38, 28, 30, 43, 0], [0, 21, 4, 7, 53, 68, 79, 67, 75, 83, 57, 59, 62, 78, 58, 77, 90, 52, 64, 49, 69, 72, 74, 65, 0]]"
mixed,mixed_n200_m2_r01.txt,data\mtsp\generated_multifamily\mixed_n200_m2_r01.txt,200,2,lkh-wrapper-v4,840.4735630878026,0.008355,0.008321,True,"[{""name"": ""lkh-wrapper-v4"", ""objective"": 840.4735630878026, ""time"": 0.008321, ""valid"": true}]","[[0, 84, 101, 102, 103, 96, 85, 99, 107, 92, 91, 97, 113, 108, 112, 89, 86, 88, 87, 98, 110, 95, 109, 106, 104, 100, 90, 111, 105, 93, 94, 180, 194, 193, 171, 176, 175, 197, 174, 163, 182, 187, 166, 199, 177, 161, 179, 184, 167, 164, 172, 191, 198, 170, 165, 162, 181, 196, 178, 168, 185, 60, 51, 58, 61, 66, 70, 72, 48, 63, 69, 74, 53, 75, 45, 79, 47, 81, 50, 52, 46, 43, 54, 55, 68, 57, 77, 73, 67, 65, 59, 82, 71, 41, 78, 64, 44, 56, 80, 76, 62, 83, 49, 42, 0], [0, 8, 40, 21, 35, 13, 37, 1, 39, 32, 190, 186, 188, 189, 183, 169, 173, 192, 195, 3, 28, 36, 33, 9, 29, 20, 4, 17, 2, 14, 38, 16, 7, 23, 26, 22, 10, 5, 18, 19, 27, 12, 11, 30, 34, 24, 31, 6, 15, 25, 151, 138, 114, 123, 135, 125, 127, 140, 139, 122, 156, 146, 147, 120, 117, 116, 130, 155, 137, 160, 141, 115, 131, 129, 132, 118, 142, 133, 149, 154, 134, 159, 124, 144, 153, 158, 150, 143, 148, 145, 126, 128, 152, 157, 121, 136, 119, 0]]"
mixed,mixed_n200_m2_r01.txt,data\mtsp\generated_multifamily\mixed_n200_m2_r01.txt,200,2,lkh-wrapper-v5,807.8478671896739,0.023265,0.023234,True,"[{""name"": ""lkh-wrapper-v5"", ""objective"": 807.8478671896739, ""time"": 0.023234, ""valid"": true}]","[[0, 42, 49, 83, 62, 76, 46, 52, 43, 54, 55, 68, 57, 80, 56, 44, 64, 78, 41, 71, 82, 59, 65, 67, 73, 77, 70, 81, 50, 47, 79, 45, 75, 53, 74, 69, 63, 48, 72, 66, 61, 58, 51, 60, 185, 168, 178, 196, 181, 162, 165, 170, 172, 198, 191, 184, 167, 164, 106, 104, 109, 95, 110, 98, 87, 88, 100, 102, 103, 96, 85, 86, 89, 112, 108, 113, 97, 91, 92, 99, 107, 84, 101, 90, 111, 105, 93, 94, 199, 177, 161, 179, 166, 187, 182, 163, 174, 180, 197, 175, 176, 193, 171, 194, 0], [0, 8, 40, 21, 35, 13, 37, 18, 5, 10, 22, 1, 39, 32, 169, 183, 189, 188, 186, 190, 173, 192, 195, 3, 28, 36, 33, 9, 29, 20, 4, 17, 2, 14, 38, 23, 26, 7, 16, 19, 27, 12, 11, 30, 34, 24, 31, 6, 15, 25, 151, 138, 114, 140, 139, 127, 125, 135, 122, 156, 146, 147, 120, 117, 116, 130, 155, 137, 160, 141, 115, 131, 129, 132, 118, 142, 133, 149, 154, 134, 159, 124, 144, 153, 158, 150, 143, 123, 148, 145, 152, 157, 128, 126, 121, 136, 119, 0]]"
mixed,mixed_n200_m2_r01.txt,data\mtsp\generated_multifamily\mixed_n200_m2_r01.txt,200,2,lkh-wrapper-v6,861.6785572662513,0.032396,0.032346,True,"[{""name"": ""lkh-wrapper-v6"", ""objective"": 861.6785572662513, ""time"": 0.032346, ""valid"": true}]","[[0, 162, 165, 170, 198, 191, 172, 164, 167, 184, 179, 166, 187, 182, 161, 177, 199, 94, 93, 105, 104, 106, 109, 95, 110, 98, 87, 88, 89, 86, 100, 111, 90, 102, 85, 112, 108, 113, 97, 91, 92, 99, 107, 96, 103, 84, 101, 146, 156, 122, 139, 176, 175, 193, 171, 194, 25, 0], [0, 180, 163, 174, 197, 130, 155, 137, 116, 160, 141, 115, 131, 129, 132, 118, 142, 133, 149, 154, 134, 159, 124, 144, 153, 158, 126, 128, 145, 148, 123, 143, 150, 117, 120, 147, 135, 125, 127, 140, 114, 138, 151, 152, 157, 121, 136, 119, 24, 34, 30, 11, 40, 8, 21, 35, 12, 27, 31, 6, 15, 20, 4, 17, 16, 19, 5, 18, 37, 13, 39, 32, 1, 22, 10, 26, 23, 7, 2, 14, 38, 3, 28, 29, 9, 36, 33, 195, 192, 173, 169, 183, 190, 186, 188, 189, 185, 168, 178, 196, 181, 60, 51, 58, 67, 65, 64, 59, 78, 41, 82, 71, 44, 56, 80, 57, 68, 77, 73, 61, 66, 81, 50, 47, 79, 48, 75, 45, 53, 74, 69, 63, 72, 70, 55, 54, 43, 52, 46, 76, 62, 83, 49, 42, 0]]"
mixed,mixed_n200_m3_r01.txt,data\mtsp\generated_multifamily\mixed_n200_m3_r01.txt,200,3,lkh-wrapper-v4,777.9442829010297,0.010096,0.01007,True,"[{""name"": ""lkh-wrapper-v4"", ""objective"": 777.9442829010297, ""time"": 0.01007, ""valid"": true}]","[[0, 67, 64, 52, 65, 73, 35, 46, 41, 60, 47, 56, 63, 55, 61, 37, 38, 45, 39, 36, 49, 66, 40, 68, 69, 70, 42, 51, 53, 44, 54, 50, 58, 57, 72, 59, 62, 48, 43, 199, 190, 194, 181, 193, 186, 195, 184, 183, 188, 189, 182, 187, 177, 197, 180, 0], [0, 12, 4, 28, 10, 24, 13, 29, 33, 1, 8, 34, 25, 27, 6, 30, 5, 16, 31, 20, 21, 32, 7, 19, 14, 18, 26, 17, 23, 9, 2, 15, 22, 3, 11, 198, 178, 174, 192, 176, 71, 0], [0, 191, 196, 179, 175, 185, 159, 120, 167, 122, 161, 160, 157, 129, 141, 118, 149, 142, 147, 127, 143, 168, 124, 150, 123, 145, 158, 134, 136, 166, 132, 162, 131, 138, 156, 163, 170, 135, 173, 119, 146, 151, 125, 169, 126, 130, 140, 152, 148, 153, 154, 139, 137, 144, 165, 155, 128, 172, 164, 121, 133, 171, 99, 95, 91, 75, 108, 89, 104, 85, 112, 78, 77, 74, 86, 92, 111, 102, 84, 88, 114, 81, 101, 90, 115, 76, 117, 94, 80, 82, 109, 106, 113, 116, 96, 83, 103, 100, 105, 87, 97, 98, 110, 93, 107, 79, 0]]"
mixed,mixed_n200_m3_r01.txt,data\mtsp\generated_multifamily\mixed_n200_m3_r01.txt,200,3,lkh-wrapper-v5,810.1347356536635,0.029161,0.02912,True,"[{""name"": ""lkh-wrapper-v5"", ""objective"": 810.1347356536635, ""time"": 0.02912, ""valid"": true}]","[[0, 67, 64, 71, 52, 54, 51, 70, 69, 68, 65, 73, 35, 46, 41, 60, 47, 63, 55, 38, 45, 37, 61, 56, 42, 40, 66, 49, 53, 44, 50, 58, 57, 72, 62, 59, 43, 48, 36, 39, 190, 194, 181, 193, 186, 195, 184, 183, 188, 189, 182, 187, 177, 197, 180, 185, 175, 179, 196, 161, 160, 122, 167, 159, 120, 123, 150, 124, 168, 143, 132, 153, 137, 144, 165, 155, 128, 139, 154, 0], [0, 138, 131, 191, 178, 198, 174, 192, 176, 199, 3, 11, 15, 22, 24, 10, 28, 4, 12, 33, 29, 13, 17, 26, 23, 9, 2, 18, 14, 19, 7, 32, 21, 20, 31, 16, 5, 30, 6, 27, 25, 1, 8, 34, 0], [0, 92, 99, 79, 107, 93, 110, 97, 87, 105, 100, 103, 98, 95, 91, 75, 108, 89, 85, 104, 83, 96, 116, 113, 106, 109, 115, 90, 76, 101, 81, 114, 84, 88, 77, 117, 94, 80, 82, 78, 112, 86, 74, 111, 102, 171, 126, 169, 125, 151, 146, 119, 173, 170, 163, 135, 156, 130, 133, 121, 172, 164, 140, 152, 162, 148, 158, 145, 134, 136, 166, 127, 147, 142, 149, 157, 129, 141, 118, 0]]"
mixed,mixed_n200_m3_r01.txt,data\mtsp\generated_multifamily\mixed_n200_m3_r01.txt,200,3,lkh-wrapper-v6,886.361348342241,0.041978,0.041938,True,"[{""name"": ""lkh-wrapper-v6"", ""objective"": 886.361348342241, ""time"": 0.041938, ""valid"": true}]","[[0, 34, 6, 30, 5, 27, 25, 8, 1, 33, 29, 13, 17, 26, 23, 9, 2, 22, 11, 15, 18, 32, 7, 14, 19, 16, 31, 20, 21, 191, 196, 168, 143, 127, 151, 146, 119, 173, 170, 163, 135, 138, 131, 162, 132, 166, 136, 134, 158, 145, 124, 150, 123, 180, 197, 177, 187, 182, 114, 81, 88, 84, 92, 99, 79, 0], [0, 12, 4, 28, 10, 24, 3, 198, 178, 174, 192, 176, 199, 190, 194, 181, 193, 105, 100, 103, 87, 97, 98, 110, 93, 107, 95, 91, 75, 108, 89, 112, 85, 104, 83, 96, 116, 113, 106, 109, 80, 94, 117, 76, 115, 90, 101, 77, 74, 111, 102, 171, 133, 172, 128, 155, 165, 144, 137, 139, 148, 152, 140, 156, 130, 126, 169, 0], [0, 125, 118, 141, 129, 157, 149, 142, 147, 160, 161, 122, 167, 120, 159, 179, 175, 185, 153, 154, 164, 121, 86, 78, 82, 189, 188, 183, 184, 195, 186, 38, 45, 37, 61, 55, 63, 56, 47, 60, 41, 46, 35, 73, 65, 54, 44, 53, 70, 69, 68, 42, 40, 66, 51, 49, 36, 39, 43, 48, 62, 59, 72, 57, 58, 50, 52, 71, 64, 67, 0]]"
mixed,mixed_n200_m5_r01.txt,data\mtsp\generated_multifamily\mixed_n200_m5_r01.txt,200,5,lkh-wrapper-v4,863.8840408313574,0.011998,0.011962,True,"[{""name"": ""lkh-wrapper-v4"", ""objective"": 863.8840408313574, ""time"": 0.011962, ""valid"": true}]","[[0, 140, 139, 121, 135, 144, 124, 128, 143, 138, 155, 142, 130, 165, 161, 131, 160, 137, 123, 148, 141, 150, 129, 149, 127, 132, 159, 154, 162, 134, 136, 151, 163, 153, 152, 146, 147, 164, 126, 133, 158, 156, 125, 122, 145, 157, 177, 187, 181, 185, 198, 170, 193, 167, 178, 184, 189, 180, 195, 199, 171, 0], [0, 109, 88, 77, 94, 75, 93, 96, 108, 84, 85, 86, 97, 79, 111, 107, 87, 106, 118, 114, 95, 89, 115, 101, 116, 78, 91, 112, 102, 99, 83, 90, 98, 119, 120, 82, 117, 105, 113, 104, 92, 103, 81, 100, 76, 110, 80, 182, 169, 183, 194, 186, 174, 192, 166, 190, 172, 196, 197, 176, 175, 179, 168, 0], [0, 4, 40, 25, 67, 17, 22, 11, 41, 19, 59, 29, 54, 21, 36, 188, 32, 52, 23, 26, 31, 30, 6, 38, 49, 57, 39, 5, 64, 34, 73, 70, 15, 69, 71, 27, 35, 28, 55, 48, 1, 3, 66, 10, 42, 46, 74, 37, 7, 53, 33, 51, 58, 9, 16, 72, 12, 8, 2, 63, 24, 47, 68, 56, 44, 13, 65, 20, 50, 14, 18, 61, 62, 60, 43, 45, 0], [0, 173, 191, 0], [0, 0]]"
mixed,mixed_n200_m5_r01.txt,data\mtsp\generated_multifamily\mixed_n200_m5_r01.txt,200,5,lkh-wrapper-v5,834.7734097729817,0.026225,0.026205,True,"[{""name"": ""lkh-wrapper-v5"", ""objective"": 834.7734097729817, ""time"": 0.026205, ""valid"": true}]","[[0, 139, 121, 135, 148, 141, 150, 129, 149, 127, 132, 159, 154, 162, 134, 198, 136, 151, 163, 152, 146, 147, 164, 153, 161, 131, 160, 137, 123, 130, 165, 158, 133, 126, 122, 157, 145, 125, 156, 142, 155, 138, 143, 128, 124, 144, 140, 0], [0, 75, 94, 77, 85, 84, 86, 97, 79, 111, 107, 87, 106, 118, 114, 95, 89, 115, 101, 116, 78, 91, 112, 102, 99, 83, 90, 98, 119, 82, 117, 105, 113, 104, 92, 103, 81, 100, 76, 120, 110, 80, 108, 96, 93, 88, 109, 0], [0, 43, 60, 62, 61, 18, 14, 65, 13, 44, 56, 47, 24, 63, 68, 2, 8, 12, 72, 16, 9, 58, 51, 33, 5, 64, 34, 73, 70, 15, 69, 71, 27, 35, 28, 55, 48, 10, 66, 20, 50, 67, 17, 22, 25, 40, 4, 0], [0, 45, 74, 46, 42, 59, 29, 54, 11, 41, 19, 21, 36, 23, 26, 31, 30, 1, 3, 37, 7, 53, 39, 57, 49, 38, 6, 52, 32, 192, 166, 190, 172, 196, 197, 176, 175, 179, 168, 177, 187, 181, 185, 191, 173, 170, 193, 0], [0, 167, 178, 184, 189, 180, 195, 199, 171, 169, 182, 194, 183, 186, 174, 188, 0]]"
mixed,mixed_n200_m5_r01.txt,data\mtsp\generated_multifamily\mixed_n200_m5_r01.txt,200,5,lkh-wrapper-v6,995.4760362719492,4.500106,4.500059,True,"[{""name"": ""lkh-wrapper-v6"", ""objective"": 995.4760362719492, ""time"": 4.500059, ""valid"": true}]","[[0, 139, 121, 135, 144, 124, 128, 143, 138, 155, 142, 130, 165, 153, 163, 151, 136, 134, 193, 167, 178, 184, 99, 83, 90, 98, 119, 82, 117, 113, 104, 92, 103, 81, 100, 76, 110, 80, 108, 96, 116, 114, 95, 118, 97, 86, 84, 85, 75, 94, 77, 109, 88, 22, 25, 17, 67, 50, 20, 74, 73, 34, 70, 27, 35, 38, 49, 57, 39, 5, 53, 7, 37, 18, 61, 62, 60, 43, 0], [0, 140, 148, 141, 150, 123, 137, 161, 122, 145, 157, 177, 187, 168, 179, 175, 176, 196, 197, 9, 58, 51, 33, 64, 71, 15, 69, 28, 10, 42, 46, 65, 13, 44, 8, 56, 68, 47, 24, 63, 0], [0, 11, 41, 19, 21, 36, 23, 26, 52, 31, 30, 1, 3, 48, 55, 66, 54, 29, 59, 14, 40, 4, 45, 156, 125, 158, 133, 126, 164, 147, 152, 146, 198, 181, 185, 191, 173, 170, 154, 162, 131, 160, 159, 132, 127, 149, 129, 0], [0, 2, 12, 72, 16, 172, 190, 166, 192, 174, 186, 188, 182, 105, 112, 91, 78, 101, 115, 89, 106, 87, 107, 111, 79, 0], [0, 93, 120, 102, 189, 180, 195, 199, 171, 169, 183, 194, 32, 6, 0]]"
mixed,mixed_n20_m2_r01.txt,data\mtsp\generated_multifamily\mixed_n20_m2_r01.txt,20,2,lkh-wrapper-v4,49.017757476408605,0.000331,0.000314,True,"[{""name"": ""lkh-wrapper-v4"", ""objective"": 49.017757476408605, ""time"": 0.000314, ""valid"": true}]","[[0, 9, 5, 6, 18, 1, 4, 2, 3, 0], [0, 19, 11, 12, 15, 13, 16, 7, 10, 17, 8, 14, 0]]"
mixed,mixed_n20_m2_r01.txt,data\mtsp\generated_multifamily\mixed_n20_m2_r01.txt,20,2,lkh-wrapper-v5,49.017757476408605,0.000817,0.000806,True,"[{""name"": ""lkh-wrapper-v5"", ""objective"": 49.017757476408605, ""time"": 0.000806, ""valid"": true}]","[[0, 9, 5, 6, 18, 1, 4, 2, 3, 0], [0, 14, 8, 17, 10, 7, 16, 13, 15, 12, 11, 19, 0]]"
mixed,mixed_n20_m2_r01.txt,data\mtsp\generated_multifamily\mixed_n20_m2_r01.txt,20,2,lkh-wrapper-v6,65.84399613011817,4.500103,4.500057,True,"[{""name"": ""lkh-wrapper-v6"", ""objective"": 65.84399613011817, ""time"": 4.500057, ""valid"": true}]","[[0, 9, 8, 17, 7, 16, 13, 15, 12, 11, 3, 2, 4, 0], [0, 19, 14, 10, 6, 18, 1, 5, 0]]"
mixed,mixed_n20_m3_r01.txt,data\mtsp\generated_multifamily\mixed_n20_m3_r01.txt,20,3,lkh-wrapper-v4,56.845811514330784,0.000316,0.000301,True,"[{""name"": ""lkh-wrapper-v4"", ""objective"": 56.845811514330784, ""time"": 0.000301, ""valid"": true}]","[[0, 19, 4, 3, 1, 5, 2, 0], [0, 11, 9, 6, 12, 7, 8, 16, 13, 15, 14, 17, 0], [0, 18, 10, 0]]"
mixed,mixed_n20_m3_r01.txt,data\mtsp\generated_multifamily\mixed_n20_m3_r01.txt,20,3,lkh-wrapper-v5,66.56877803426966,0.001065,0.00105,True,"[{""name"": ""lkh-wrapper-v5"", ""objective"": 66.56877803426966, ""time"": 0.00105, ""valid"": true}]","[[0, 4, 5, 1, 3, 19, 18, 10, 0], [0, 11, 9, 6, 12, 7, 8, 16, 13, 15, 0], [0, 14, 17, 2, 0]]"
mixed,mixed_n20_m3_r01.txt,data\mtsp\generated_multifamily\mixed_n20_m3_r01.txt,20,3,lkh-wrapper-v6,57.10945309725203,0.001221,0.001205,True,"[{""name"": ""lkh-wrapper-v6"", ""objective"": 57.10945309725203, ""time"": 0.001205, ""valid"": true}]","[[0, 17, 14, 15, 13, 16, 0], [0, 4, 2, 5, 1, 3, 19, 18, 0], [0, 10, 11, 9, 6, 12, 7, 8, 0]]"
mixed,mixed_n20_m5_r01.txt,data\mtsp\generated_multifamily\mixed_n20_m5_r01.txt,20,5,lkh-wrapper-v4,64.08018530106017,0.000419,0.000403,True,"[{""name"": ""lkh-wrapper-v4"", ""objective"": 64.08018530106017, ""time"": 0.000403, ""valid"": true}]","[[0, 11, 12, 19, 14, 6, 13, 0], [0, 8, 18, 5, 9, 7, 0], [0, 4, 17, 2, 10, 16, 15, 0], [0, 1, 3, 0], [0, 0]]"
mixed,mixed_n20_m5_r01.txt,data\mtsp\generated_multifamily\mixed_n20_m5_r01.txt,20,5,lkh-wrapper-v5,75.65459323164998,0.000801,0.000789,True,"[{""name"": ""lkh-wrapper-v5"", ""objective"": 75.65459323164998, ""time"": 0.000789, ""valid"": true}]","[[0, 11, 10, 14, 6, 13, 0], [0, 8, 18, 5, 9, 7, 0], [0, 4, 17, 2, 16, 15, 0], [0, 19, 12, 0], [0, 1, 3, 0]]"
mixed,mixed_n20_m5_r01.txt,data\mtsp\generated_multifamily\mixed_n20_m5_r01.txt,20,5,lkh-wrapper-v6,73.7010055671733,0.001152,0.001139,True,"[{""name"": ""lkh-wrapper-v6"", ""objective"": 73.7010055671733, ""time"": 0.001139, ""valid"": true}]","[[0, 12, 19, 14, 6, 13, 0], [0, 11, 3, 1, 8, 0], [0, 15, 16, 10, 0], [0, 2, 17, 4, 0], [0, 7, 9, 5, 18, 0]]"
mixed,mixed_n50_m2_r01.txt,data\mtsp\generated_multifamily\mixed_n50_m2_r01.txt,50,2,lkh-wrapper-v4,145.19702779339315,0.00101,0.000983,True,"[{""name"": ""lkh-wrapper-v4"", ""objective"": 145.19702779339315, ""time"": 0.000983, ""valid"": true}]","[[0, 49, 31, 38, 36, 32, 35, 40, 41, 39, 42, 33, 34, 37, 46, 10, 3, 15, 2, 4, 16, 6, 11, 14, 8, 7, 5, 1, 13, 9, 12, 0], [0, 45, 48, 47, 30, 21, 20, 27, 19, 24, 26, 23, 22, 25, 17, 18, 28, 29, 43, 44, 0]]"
mixed,mixed_n50_m2_r01.txt,data\mtsp\generated_multifamily\mixed_n50_m2_r01.txt,50,2,lkh-wrapper-v5,147.77214603303764,0.00524,0.005224,True,"[{""name"": ""lkh-wrapper-v5"", ""objective"": 147.77214603303764, ""time"": 0.005224, ""valid"": true}]","[[0, 12, 9, 13, 1, 5, 7, 8, 14, 11, 2, 6, 16, 4, 15, 3, 10, 46, 34, 33, 42, 39, 41, 40, 35, 32, 36, 38, 31, 37, 0], [0, 44, 43, 29, 28, 18, 17, 25, 22, 23, 26, 24, 19, 27, 20, 21, 30, 47, 45, 48, 49, 0]]"
mixed,mixed_n50_m2_r01.txt,data\mtsp\generated_multifamily\mixed_n50_m2_r01.txt,50,2,lkh-wrapper-v6,186.57900679480298,0.004117,0.004101,True,"[{""name"": ""lkh-wrapper-v6"", ""objective"": 186.57900679480298, ""time"": 0.004101, ""valid"": true}]","[[0, 45, 48, 26, 23, 22, 25, 17, 18, 28, 29, 43, 44, 13, 1, 9, 12, 3, 46, 34, 33, 42, 39, 0], [0, 47, 30, 21, 20, 27, 19, 24, 49, 31, 38, 36, 32, 35, 40, 41, 37, 10, 15, 2, 4, 16, 6, 11, 14, 8, 7, 5, 0]]"
mixed,mixed_n50_m3_r01.txt,data\mtsp\generated_multifamily\mixed_n50_m3_r01.txt,50,3,lkh-wrapper-v4,148.0616041139367,0.001037,0.001018,True,"[{""name"": ""lkh-wrapper-v4"", ""objective"": 148.0616041139367, ""time"": 0.001018, ""valid"": true}]","[[0, 48, 49, 18, 12, 11, 19, 17, 20, 10, 14, 15, 16, 46, 47, 42, 21, 31, 24, 27, 22, 32, 23, 25, 30, 26, 0], [0, 38, 36, 44, 39, 34, 35, 37, 40, 33, 41, 2, 5, 4, 9, 7, 8, 1, 3, 6, 0], [0, 28, 29, 45, 43, 13, 0]]"
mixed,mixed_n50_m3_r01.txt,data\mtsp\generated_multifamily\mixed_n50_m3_r01.txt,50,3,lkh-wrapper-v5,152.02508412978565,0.003874,0.003856,True,"[{""name"": ""lkh-wrapper-v5"", ""objective"": 152.02508412978565, ""time"": 0.003856, ""valid"": true}]","[[0, 30, 26, 32, 23, 25, 22, 27, 24, 31, 21, 42, 47, 46, 16, 15, 14, 10, 20, 17, 13, 0], [0, 6, 3, 1, 8, 7, 9, 4, 5, 2, 41, 33, 40, 37, 35, 34, 39, 44, 36, 38, 0], [0, 28, 29, 45, 43, 12, 19, 11, 18, 49, 48, 0]]"
mixed,mixed_n50_m3_r01.txt,data\mtsp\generated_multifamily\mixed_n50_m3_r01.txt,50,3,lkh-wrapper-v6,161.23692144368755,0.005188,0.005154,True,"[{""name"": ""lkh-wrapper-v6"", ""objective"": 161.23692144368755, ""time"": 0.005154, ""valid"": true}]","[[0, 30, 25, 23, 32, 22, 27, 24, 31, 21, 42, 47, 46, 16, 15, 14, 10, 20, 17, 13, 43, 45, 29, 28, 26, 0], [0, 12, 19, 11, 18, 49, 48, 38, 36, 0], [0, 6, 4, 3, 1, 8, 7, 9, 5, 2, 41, 33, 40, 37, 35, 34, 39, 44, 0]]"
mixed,mixed_n50_m5_r01.txt,data\mtsp\generated_multifamily\mixed_n50_m5_r01.txt,50,5,lkh-wrapper-v4,156.981464892577,0.001205,0.001184,True,"[{""name"": ""lkh-wrapper-v4"", ""objective"": 156.981464892577, ""time"": 0.001184, ""valid"": true}]","[[0, 4, 5, 12, 15, 7, 3, 10, 1, 13, 6, 9, 11, 2, 16, 42, 8, 14, 0], [0, 46, 28, 23, 20, 29, 21, 26, 24, 19, 22, 18, 27, 25, 17, 48, 41, 40, 47, 45, 30, 37, 33, 36, 34, 38, 35, 32, 31, 39, 0], [0, 44, 43, 0], [0, 49, 0], [0, 0]]"
mixed,mixed_n50_m5_r01.txt,data\mtsp\generated_multifamily\mixed_n50_m5_r01.txt,50,5,lkh-wrapper-v5,211.29971109022486,0.003979,0.00396,True,"[{""name"": ""lkh-wrapper-v5"", ""objective"": 211.29971109022486, ""time"": 0.00396, ""valid"": true}]","[[0, 14, 16, 2, 11, 9, 6, 13, 1, 10, 3, 7, 5, 0], [0, 46, 28, 23, 20, 29, 21, 26, 24, 19, 22, 18, 27, 0], [0, 44, 43, 15, 12, 4, 8, 42, 0], [0, 49, 47, 45, 30, 37, 33, 36, 34, 38, 31, 32, 35, 0], [0, 25, 17, 48, 41, 40, 39, 0]]"
mixed,mixed_n50_m5_r01.txt,data\mtsp\generated_multifamily\mixed_n50_m5_r01.txt,50,5,lkh-wrapper-v6,204.87099337302112,0.006983,0.00695,True,"[{""name"": ""lkh-wrapper-v6"", ""objective"": 204.87099337302112, ""time"": 0.00695, ""valid"": true}]","[[0, 41, 40, 35, 32, 0], [0, 48, 17, 25, 27, 18, 22, 19, 24, 26, 21, 28, 46, 0], [0, 49, 47, 45, 30, 37, 33, 36, 34, 38, 31, 39, 0], [0, 29, 20, 23, 44, 43, 15, 12, 7, 5, 4, 0], [0, 14, 8, 42, 16, 2, 11, 9, 6, 13, 1, 10, 3, 0]]"
outliers,outliers_n100_m2_r01.txt,data\mtsp\generated_multifamily\outliers_n100_m2_r01.txt,100,2,lkh-wrapper-v4,359.8548001209825,0.003371,0.003355,True,"[{""name"": ""lkh-wrapper-v4"", ""objective"": 359.8548001209825, ""time"": 0.003355, ""valid"": true}]","[[0, 14, 18, 96, 31, 98, 90, 85, 6, 2, 19, 11, 1, 16, 10, 3, 7, 9, 13, 15, 17, 12, 5, 8, 20, 4, 99, 88, 94, 93, 97, 71, 72, 82, 75, 81, 63, 65, 74, 78, 83, 67, 69, 80, 84, 68, 79, 73, 76, 64, 66, 62, 70, 77, 92, 95, 91, 52, 43, 61, 56, 46, 57, 58, 53, 55, 47, 48, 41, 54, 60, 59, 51, 42, 49, 45, 50, 0], [0, 28, 24, 25, 22, 36, 33, 21, 23, 38, 30, 29, 39, 32, 35, 40, 34, 37, 27, 26, 89, 87, 86, 44, 0]]"
outliers,outliers_n100_m2_r01.txt,data\mtsp\generated_multifamily\outliers_n100_m2_r01.txt,100,2,lkh-wrapper-v5,368.34119378706123,0.01372,0.013687,True,"[{""name"": ""lkh-wrapper-v5"", ""objective"": 368.34119378706123, ""time"": 0.013687, ""valid"": true}]","[[0, 71, 78, 83, 67, 69, 80, 84, 68, 79, 73, 76, 66, 62, 77, 92, 95, 91, 43, 61, 52, 45, 50, 49, 42, 51, 59, 53, 58, 56, 46, 57, 55, 47, 48, 41, 54, 44, 89, 27, 37, 23, 30, 38, 34, 40, 35, 32, 39, 31, 22, 36, 29, 33, 21, 26, 25, 24, 28, 0], [0, 70, 64, 74, 65, 63, 81, 75, 82, 72, 97, 93, 94, 88, 99, 4, 20, 8, 5, 12, 17, 15, 13, 9, 14, 18, 7, 3, 10, 16, 1, 11, 19, 2, 6, 85, 90, 98, 96, 87, 86, 60, 0]]"
outliers,outliers_n100_m2_r01.txt,data\mtsp\generated_multifamily\outliers_n100_m2_r01.txt,100,2,lkh-wrapper-v6,397.6364803358922,0.011099,0.011069,True,"[{""name"": ""lkh-wrapper-v6"", ""objective"": 397.6364803358922, ""time"": 0.011069, ""valid"": true}]","[[0, 2, 6, 90, 98, 85, 96, 31, 25, 24, 28, 21, 23, 33, 36, 22, 32, 39, 29, 30, 38, 34, 40, 35, 87, 86, 47, 48, 41, 54, 44, 60, 62, 76, 73, 79, 68, 84, 80, 69, 67, 83, 78, 74, 65, 63, 71, 70, 0], [0, 14, 18, 19, 11, 1, 16, 10, 3, 7, 9, 13, 15, 17, 12, 5, 8, 20, 4, 99, 88, 94, 93, 97, 72, 82, 75, 81, 64, 66, 77, 92, 95, 91, 52, 43, 61, 59, 56, 46, 57, 58, 55, 53, 51, 42, 45, 50, 49, 89, 37, 27, 26, 0]]"
outliers,outliers_n100_m3_r01.txt,data\mtsp\generated_multifamily\outliers_n100_m3_r01.txt,100,3,lkh-wrapper-v4,386.2207840909808,0.003323,0.003301,True,"[{""name"": ""lkh-wrapper-v4"", ""objective"": 386.2207840909808, ""time"": 0.003301, ""valid"": true}]","[[0, 31, 23, 38, 19, 36, 29, 40, 28, 21, 24, 33, 32, 25, 82, 84, 39, 35, 30, 26, 37, 18, 20, 27, 34, 22, 94, 99, 93, 85, 83, 89, 0], [0, 69, 62, 76, 81, 72, 74, 77, 61, 80, 66, 78, 71, 70, 79, 60, 65, 63, 59, 68, 73, 67, 64, 98, 90, 91, 87, 41, 46, 55, 53, 44, 50, 47, 43, 52, 42, 54, 51, 48, 57, 49, 58, 56, 45, 0], [0, 12, 2, 15, 7, 14, 8, 6, 1, 17, 3, 9, 13, 16, 4, 10, 5, 11, 97, 88, 92, 86, 95, 96, 75, 0]]"
outliers,outliers_n100_m3_r01.txt,data\mtsp\generated_multifamily\outliers_n100_m3_r01.txt,100,3,lkh-wrapper-v5,392.56649198909406,0.012138,0.012112,True,"[{""name"": ""lkh-wrapper-v5"", ""objective"": 392.56649198909406, ""time"": 0.012112, ""valid"": true}]","[[0, 31, 23, 38, 19, 36, 29, 40, 28, 21, 24, 33, 32, 25, 39, 35, 30, 26, 37, 18, 20, 27, 34, 22, 94, 99, 93, 85, 83, 89, 54, 51, 42, 52, 43, 47, 0], [0, 45, 56, 58, 49, 57, 48, 41, 46, 55, 50, 44, 53, 87, 91, 90, 98, 64, 67, 73, 68, 59, 63, 65, 60, 79, 70, 71, 78, 66, 80, 61, 77, 74, 72, 81, 76, 62, 69, 0], [0, 75, 96, 95, 86, 92, 88, 97, 11, 5, 10, 4, 16, 13, 9, 3, 17, 1, 6, 8, 14, 7, 15, 2, 12, 82, 84, 0]]"
outliers,outliers_n100_m3_r01.txt,data\mtsp\generated_multifamily\outliers_n100_m3_r01.txt,100,3,lkh-wrapper-v6,431.69516548631896,0.016125,0.016102,True,"[{""name"": ""lkh-wrapper-v6"", ""objective"": 431.69516548631896, ""time"": 0.016102, ""valid"": true}]","[[0, 31, 23, 27, 20, 34, 22, 18, 37, 38, 19, 36, 7, 14, 8, 6, 1, 17, 3, 9, 13, 11, 97, 88, 92, 86, 95, 96, 75, 74, 72, 81, 76, 62, 69, 0], [0, 80, 66, 78, 71, 70, 79, 64, 67, 73, 68, 59, 63, 65, 60, 77, 5, 10, 16, 4, 15, 2, 12, 82, 84, 39, 30, 26, 35, 25, 32, 33, 24, 21, 28, 40, 29, 0], [0, 61, 98, 90, 91, 87, 41, 46, 55, 53, 44, 50, 45, 58, 49, 56, 47, 43, 52, 42, 48, 51, 57, 54, 89, 83, 85, 93, 94, 99, 0]]"
outliers,outliers_n100_m5_r01.txt,data\mtsp\generated_multifamily\outliers_n100_m5_r01.txt,100,5,lkh-wrapper-v4,378.5180504178658,0.004454,0.004419,True,"[{""name"": ""lkh-wrapper-v4"", ""objective"": 378.5180504178658, ""time"": 0.004419, ""valid"": true}]","[[0, 54, 42, 40, 53, 50, 38, 36, 39, 57, 47, 56, 49, 87, 97, 45, 46, 59, 41, 37, 35, 44, 55, 48, 51, 43, 52, 58, 60, 61, 0], [0, 71, 74, 79, 69, 85, 62, 66, 65, 70, 82, 84, 83, 81, 76, 68, 78, 73, 80, 67, 72, 63, 64, 75, 77, 88, 93, 0], [0, 90, 96, 99, 86, 94, 89, 92, 10, 28, 15, 8, 30, 16, 9, 2, 19, 21, 26, 24, 23, 18, 32, 14, 33, 31, 13, 17, 4, 20, 27, 25, 7, 22, 3, 11, 6, 1, 5, 34, 0], [0, 12, 29, 91, 98, 95, 0], [0, 0]]"
outliers,outliers_n100_m5_r01.txt,data\mtsp\generated_multifamily\outliers_n100_m5_r01.txt,100,5,lkh-wrapper-v5,468.084961534816,0.012473,0.012456,True,"[{""name"": ""lkh-wrapper-v5"", ""objective"": 468.084961534816, ""time"": 0.012456, ""valid"": true}]","[[0, 49, 56, 47, 57, 39, 45, 46, 59, 41, 37, 35, 44, 55, 58, 52, 60, 38, 36, 50, 53, 40, 42, 54, 0], [0, 62, 66, 65, 78, 68, 76, 81, 84, 82, 83, 77, 75, 64, 63, 72, 67, 80, 73, 85, 69, 79, 74, 71, 0], [0, 31, 33, 13, 17, 4, 14, 32, 18, 26, 24, 2, 23, 20, 27, 25, 7, 22, 3, 29, 11, 6, 1, 12, 0], [0, 61, 43, 48, 51, 96, 90, 34, 5, 10, 28, 15, 8, 30, 16, 9, 19, 21, 91, 95, 98, 70, 88, 93, 0], [0, 87, 97, 99, 86, 94, 89, 92, 0]]"
outliers,outliers_n100_m5_r01.txt,data\mtsp\generated_multifamily\outliers_n100_m5_r01.txt,100,5,lkh-wrapper-v6,548.733839523289,4.500116,4.500084,True,"[{""name"": ""lkh-wrapper-v6"", ""objective"": 548.733839523289, ""time"": 4.500084, ""valid"": true}]","[[0, 54, 42, 40, 97, 87, 93, 12, 27, 3, 29, 11, 6, 1, 0], [0, 31, 13, 17, 4, 20, 23, 2, 9, 25, 7, 22, 34, 52, 60, 58, 55, 44, 35, 37, 41, 59, 46, 45, 56, 47, 0], [0, 71, 74, 79, 63, 64, 75, 88, 77, 83, 84, 82, 70, 95, 98, 91, 0], [0, 49, 57, 39, 36, 38, 50, 53, 61, 43, 48, 51, 96, 89, 92, 5, 10, 28, 15, 8, 30, 16, 19, 21, 26, 24, 18, 32, 14, 33, 0], [0, 85, 69, 72, 67, 80, 73, 81, 76, 68, 78, 65, 66, 62, 90, 94, 99, 86, 0]]"
outliers,outliers_n200_m2_r01.txt,data\mtsp\generated_multifamily\outliers_n200_m2_r01.txt,200,2,lkh-wrapper-v4,712.3193298838672,0.010094,0.010061,True,"[{""name"": ""lkh-wrapper-v4"", ""objective"": 712.3193298838672, ""time"": 0.010061, ""valid"": true}]","[[0, 194, 190, 186, 182, 183, 193, 191, 158, 149, 159, 175, 155, 145, 168, 169, 154, 172, 143, 161, 162, 170, 156, 171, 167, 148, 165, 173, 164, 150, 174, 147, 152, 157, 153, 166, 141, 160, 144, 163, 151, 142, 146, 140, 107, 126, 123, 118, 137, 132, 116, 120, 115, 111, 134, 136, 122, 121, 131, 110, 114, 138, 119, 113, 125, 130, 133, 117, 108, 124, 128, 135, 109, 129, 112, 127, 78, 69, 61, 103, 83, 80, 66, 104, 105, 81, 60, 87, 70, 102, 82, 68, 71, 73, 92, 79, 98, 85, 67, 63, 97, 65, 76, 77, 90, 62, 96, 74, 95, 64, 75, 88, 99, 84, 86, 89, 91, 106, 93, 100, 94, 101, 72, 0], [0, 40, 58, 49, 12, 2, 21, 1, 15, 47, 52, 39, 56, 17, 25, 50, 42, 35, 32, 36, 37, 45, 7, 55, 6, 9, 51, 54, 4, 48, 3, 11, 38, 10, 34, 23, 57, 59, 33, 41, 16, 5, 19, 29, 46, 43, 14, 18, 24, 31, 27, 30, 22, 26, 44, 20, 8, 28, 53, 13, 180, 179, 187, 192, 188, 181, 195, 177, 178, 198, 184, 199, 189, 197, 176, 139, 185, 196, 0]]"
outliers,outliers_n200_m2_r01.txt,data\mtsp\generated_multifamily\outliers_n200_m2_r01.txt,200,2,lkh-wrapper-v5,714.4767843591508,0.02796,0.027922,True,"[{""name"": ""lkh-wrapper-v5"", ""objective"": 714.4767843591508, ""time"": 0.027922, ""valid"": true}]","[[0, 164, 173, 165, 148, 167, 171, 155, 175, 159, 158, 149, 145, 168, 169, 154, 156, 170, 162, 161, 172, 143, 151, 163, 144, 160, 147, 152, 174, 150, 157, 153, 166, 141, 142, 146, 140, 107, 126, 123, 118, 137, 132, 116, 120, 115, 111, 134, 130, 133, 136, 122, 131, 139, 110, 114, 138, 121, 119, 125, 113, 117, 108, 124, 128, 135, 109, 129, 112, 78, 69, 61, 70, 102, 82, 68, 71, 73, 92, 79, 98, 85, 67, 63, 97, 65, 76, 77, 90, 96, 74, 95, 64, 75, 88, 84, 99, 62, 87, 105, 60, 81, 89, 86, 91, 106, 93, 100, 94, 101, 72, 80, 83, 66, 104, 103, 0], [0, 196, 185, 176, 197, 189, 199, 184, 198, 178, 177, 195, 181, 188, 192, 187, 179, 180, 13, 53, 28, 8, 20, 44, 26, 22, 14, 30, 18, 24, 27, 31, 45, 37, 25, 36, 32, 35, 42, 50, 17, 56, 39, 52, 51, 9, 6, 55, 7, 43, 46, 29, 19, 5, 16, 41, 33, 54, 4, 48, 3, 47, 15, 1, 49, 58, 40, 12, 21, 2, 11, 38, 10, 34, 23, 57, 59, 194, 190, 186, 182, 183, 193, 191, 127, 0]]"
outliers,outliers_n200_m2_r01.txt,data\mtsp\generated_multifamily\outliers_n200_m2_r01.txt,200,2,lkh-wrapper-v6,860.5104111056404,0.023593,0.023567,True,"[{""name"": ""lkh-wrapper-v6"", ""objective"": 860.5104111056404, ""time"": 0.023567, ""valid"": true}]","[[0, 27, 24, 18, 30, 14, 55, 7, 43, 26, 22, 20, 44, 46, 29, 19, 8, 53, 13, 180, 179, 187, 192, 188, 178, 177, 195, 181, 106, 91, 89, 81, 86, 84, 88, 75, 64, 95, 74, 96, 99, 62, 90, 77, 76, 65, 97, 63, 67, 198, 184, 199, 98, 85, 79, 92, 73, 71, 68, 82, 102, 70, 69, 78, 61, 87, 60, 105, 104, 103, 66, 83, 80, 72, 101, 94, 93, 100, 186, 182, 183, 193, 191, 158, 149, 159, 175, 155, 145, 168, 169, 154, 171, 167, 150, 0], [0, 164, 173, 148, 165, 174, 152, 147, 160, 157, 153, 166, 141, 144, 163, 151, 156, 170, 162, 161, 172, 143, 142, 146, 140, 107, 118, 137, 126, 123, 130, 133, 125, 113, 117, 108, 127, 112, 129, 124, 128, 135, 109, 119, 121, 114, 138, 189, 197, 176, 139, 110, 131, 122, 136, 134, 111, 115, 120, 132, 116, 185, 196, 194, 190, 59, 57, 23, 34, 10, 38, 11, 3, 48, 4, 33, 41, 16, 28, 5, 54, 51, 9, 6, 52, 39, 56, 17, 25, 45, 31, 37, 50, 36, 32, 35, 42, 47, 15, 1, 21, 2, 12, 49, 58, 40, 0]]"
outliers,outliers_n200_m3_r01.txt,data\mtsp\generated_multifamily\outliers_n200_m3_r01.txt,200,3,lkh-wrapper-v4,793.7239415272891,0.008528,0.008498,True,"[{""name"": ""lkh-wrapper-v4"", ""objective"": 793.7239415272891, ""time"": 0.008498, ""valid"": true}]","[[0, 184, 174, 186, 172, 170, 176, 183, 194, 162, 189, 175, 177, 193, 171, 97, 102, 87, 82, 91, 68, 84, 64, 108, 105, 94, 96, 98, 92, 88, 99, 110, 106, 95, 86, 83, 107, 89, 73, 100, 85, 103, 77, 80, 78, 109, 65, 66, 81, 101, 69, 67, 71, 72, 76, 75, 104, 93, 70, 79, 74, 90, 0], [0, 135, 159, 114, 137, 111, 155, 131, 117, 143, 112, 119, 136, 158, 130, 126, 125, 113, 157, 122, 115, 128, 127, 121, 134, 123, 141, 132, 138, 152, 129, 140, 118, 124, 139, 147, 153, 142, 149, 144, 154, 145, 120, 116, 156, 150, 133, 146, 151, 148, 196, 195, 199, 160, 179, 180, 161, 166, 190, 192, 178, 167, 185, 197, 169, 0], [0, 30, 62, 31, 43, 37, 22, 20, 13, 53, 45, 12, 3, 33, 8, 25, 59, 56, 41, 28, 38, 54, 51, 52, 48, 39, 14, 36, 46, 17, 15, 18, 6, 16, 47, 34, 10, 57, 44, 2, 58, 32, 49, 188, 191, 182, 198, 168, 181, 164, 165, 163, 187, 173, 19, 11, 29, 24, 42, 50, 9, 55, 63, 40, 23, 5, 61, 4, 21, 27, 26, 7, 35, 1, 60, 0]]"
outliers,outliers_n200_m3_r01.txt,data\mtsp\generated_multifamily\outliers_n200_m3_r01.txt,200,3,lkh-wrapper-v5,841.6693845340242,0.023785,0.023755,True,"[{""name"": ""lkh-wrapper-v5"", ""objective"": 841.6693845340242, ""time"": 0.023755, ""valid"": true}]","[[0, 197, 192, 178, 167, 185, 169, 171, 193, 177, 175, 162, 194, 189, 97, 102, 87, 82, 91, 68, 84, 64, 108, 105, 94, 96, 98, 92, 88, 99, 110, 106, 95, 86, 83, 107, 89, 73, 100, 85, 103, 77, 80, 78, 109, 65, 66, 81, 101, 69, 67, 71, 79, 72, 76, 75, 104, 93, 70, 74, 90, 0], [0, 174, 198, 173, 160, 199, 195, 196, 179, 180, 161, 166, 190, 115, 122, 157, 113, 125, 126, 130, 158, 136, 112, 143, 119, 111, 137, 114, 155, 131, 117, 124, 118, 140, 129, 152, 138, 132, 141, 123, 134, 121, 128, 127, 148, 151, 146, 133, 150, 156, 116, 120, 145, 154, 144, 149, 142, 153, 147, 139, 159, 135, 0], [0, 30, 62, 31, 43, 37, 13, 20, 61, 5, 23, 40, 63, 9, 42, 50, 55, 34, 47, 18, 36, 46, 17, 15, 53, 45, 12, 3, 33, 8, 25, 56, 59, 54, 51, 52, 48, 38, 28, 41, 14, 39, 6, 16, 10, 57, 44, 2, 58, 32, 49, 188, 183, 176, 170, 172, 186, 184, 191, 182, 181, 168, 164, 163, 187, 165, 19, 11, 24, 29, 4, 21, 27, 26, 7, 22, 35, 1, 60, 0]]"
outliers,outliers_n200_m3_r01.txt,data\mtsp\generated_multifamily\outliers_n200_m3_r01.txt,200,3,lkh-wrapper-v6,783.2671226455227,0.031869,0.031838,True,"[{""name"": ""lkh-wrapper-v6"", ""objective"": 783.2671226455227, ""time"": 0.031838, ""valid"": true}]","[[0, 1, 35, 7, 26, 27, 21, 4, 61, 5, 23, 40, 63, 55, 9, 50, 42, 24, 29, 11, 19, 173, 187, 163, 165, 164, 181, 168, 198, 174, 182, 191, 188, 49, 32, 58, 2, 44, 57, 10, 34, 47, 16, 6, 39, 14, 36, 18, 15, 17, 46, 53, 45, 13, 20, 22, 37, 43, 31, 62, 30, 12, 3, 33, 8, 25, 56, 59, 41, 28, 38, 48, 52, 51, 54, 93, 70, 104, 79, 74, 90, 0], [0, 71, 67, 101, 65, 66, 81, 69, 72, 76, 75, 92, 98, 96, 94, 105, 108, 64, 88, 99, 110, 106, 95, 86, 83, 84, 68, 91, 82, 97, 102, 87, 107, 89, 73, 100, 85, 103, 109, 78, 80, 77, 169, 171, 193, 177, 175, 162, 194, 189, 183, 176, 170, 172, 186, 184, 0], [0, 60, 195, 199, 160, 196, 179, 180, 161, 166, 190, 178, 167, 185, 197, 192, 157, 113, 125, 122, 126, 130, 158, 112, 143, 155, 119, 136, 111, 137, 114, 131, 117, 124, 118, 140, 129, 156, 152, 138, 132, 141, 123, 134, 115, 128, 121, 127, 148, 151, 146, 133, 150, 116, 120, 145, 154, 144, 149, 142, 153, 139, 159, 135, 147, 0]]"
outliers,outliers_n200_m5_r01.txt,data\mtsp\generated_multifamily\outliers_n200_m5_r01.txt,200,5,lkh-wrapper-v4,784.8408123005988,0.011865,0.011837,True,"[{""name"": ""lkh-wrapper-v4"", ""objective"": 784.8408123005988, ""time"": 0.011837, ""valid"": true}]","[[0, 111, 73, 68, 94, 117, 77, 65, 115, 86, 69, 90, 78, 92, 112, 116, 83, 85, 109, 61, 67, 113, 97, 62, 66, 99, 100, 89, 110, 72, 199, 181, 196, 179, 176, 93, 87, 70, 118, 108, 88, 80, 71, 76, 120, 96, 101, 64, 106, 98, 81, 105, 103, 82, 91, 74, 84, 79, 75, 107, 102, 104, 114, 63, 119, 95, 0], [0, 127, 125, 156, 154, 164, 148, 138, 129, 147, 124, 143, 145, 131, 123, 160, 153, 155, 121, 157, 142, 170, 144, 163, 140, 158, 152, 130, 134, 165, 173, 168, 150, 132, 149, 151, 136, 161, 137, 133, 172, 162, 146, 171, 122, 126, 141, 139, 135, 167, 166, 128, 159, 169, 177, 192, 190, 180, 184, 182, 0], [0, 186, 191, 195, 189, 188, 178, 174, 185, 194, 183, 193, 175, 187, 43, 21, 23, 35, 36, 38, 47, 40, 29, 19, 34, 54, 2, 58, 33, 22, 53, 42, 9, 25, 11, 18, 15, 55, 59, 10, 49, 51, 44, 32, 31, 4, 39, 46, 12, 6, 20, 60, 26, 30, 52, 3, 41, 24, 27, 50, 13, 16, 57, 37, 48, 28, 7, 17, 56, 1, 45, 14, 5, 8, 0], [0, 197, 198, 0], [0, 0]]"
outliers,outliers_n200_m5_r01.txt,data\mtsp\generated_multifamily\outliers_n200_m5_r01.txt,200,5,lkh-wrapper-v5,800.1706457074827,0.02929,0.029248,True,"[{""name"": ""lkh-wrapper-v5"", ""objective"": 800.1706457074827, ""time"": 0.029248, ""valid"": true}]","[[0, 111, 73, 68, 94, 117, 77, 65, 81, 105, 82, 106, 64, 96, 101, 83, 85, 109, 61, 67, 113, 97, 62, 66, 99, 100, 89, 93, 87, 70, 118, 108, 88, 80, 71, 76, 91, 74, 84, 79, 75, 104, 114, 63, 103, 119, 95, 0], [0, 170, 142, 121, 155, 157, 140, 173, 165, 168, 150, 132, 149, 134, 130, 136, 151, 171, 146, 122, 126, 141, 139, 169, 159, 128, 166, 167, 172, 133, 137, 161, 152, 158, 153, 160, 145, 143, 124, 129, 147, 131, 123, 154, 156, 125, 127, 0], [0, 8, 5, 14, 45, 1, 19, 34, 54, 2, 58, 33, 38, 47, 36, 22, 11, 25, 55, 51, 49, 59, 10, 3, 52, 30, 44, 15, 32, 31, 4, 39, 46, 12, 28, 6, 20, 60, 26, 50, 13, 16, 57, 48, 7, 17, 56, 0], [0, 102, 107, 110, 72, 120, 98, 115, 112, 116, 92, 90, 86, 69, 78, 199, 181, 196, 179, 176, 182, 184, 180, 190, 192, 177, 0], [0, 37, 29, 40, 35, 23, 21, 43, 42, 9, 53, 18, 27, 24, 41, 186, 191, 195, 189, 188, 178, 187, 175, 174, 185, 194, 183, 193, 198, 197, 164, 148, 138, 135, 162, 163, 144, 0]]"
outliers,outliers_n200_m5_r01.txt,data\mtsp\generated_multifamily\outliers_n200_m5_r01.txt,200,5,lkh-wrapper-v6,1060.6329636564249,0.04491,0.044874,True,"[{""name"": ""lkh-wrapper-v6"", ""objective"": 1060.6329636564249, ""time"": 0.044874, ""valid"": true}]","[[0, 191, 195, 189, 10, 59, 30, 190, 180, 0], [0, 144, 163, 152, 161, 137, 133, 171, 146, 122, 126, 141, 139, 169, 159, 128, 166, 167, 135, 172, 158, 157, 142, 170, 48, 60, 20, 6, 12, 28, 7, 17, 56, 45, 1, 186, 86, 69, 90, 78, 92, 116, 112, 115, 65, 77, 117, 94, 68, 105, 81, 98, 106, 64, 96, 101, 83, 85, 109, 61, 67, 113, 97, 62, 66, 99, 120, 0], [0, 140, 130, 136, 151, 162, 198, 193, 183, 194, 185, 174, 175, 187, 178, 188, 25, 55, 32, 31, 39, 19, 34, 54, 2, 58, 33, 36, 22, 53, 9, 42, 23, 35, 21, 43, 47, 38, 40, 29, 14, 5, 8, 0], [0, 127, 154, 156, 125, 121, 155, 153, 160, 123, 131, 145, 143, 124, 147, 129, 138, 148, 164, 197, 177, 192, 184, 182, 102, 107, 79, 75, 104, 114, 0], [0, 173, 168, 165, 134, 149, 132, 150, 176, 179, 196, 181, 199, 72, 110, 100, 89, 93, 87, 70, 118, 108, 80, 88, 84, 74, 91, 71, 76, 82, 103, 119, 63, 95, 73, 111, 50, 13, 27, 24, 41, 3, 52, 49, 51, 44, 15, 11, 18, 4, 46, 26, 16, 57, 37, 0]]"
outliers,outliers_n20_m2_r01.txt,data\mtsp\generated_multifamily\outliers_n20_m2_r01.txt,20,2,lkh-wrapper-v4,45.22753458223471,0.000455,0.000417,True,"[{""name"": ""lkh-wrapper-v4"", ""objective"": 45.22753458223471, ""time"": 0.000417, ""valid"": true}]","[[0, 1, 2, 6, 3, 5, 4, 19, 17, 0], [0, 14, 13, 11, 15, 12, 16, 18, 9, 10, 8, 7, 0]]"
outliers,outliers_n20_m2_r01.txt,data\mtsp\generated_multifamily\outliers_n20_m2_r01.txt,20,2,lkh-wrapper-v5,45.22753458223471,0.000932,0.000913,True,"[{""name"": ""lkh-wrapper-v5"", ""objective"": 45.22753458223471, ""time"": 0.000913, ""valid"": true}]","[[0, 1, 2, 6, 3, 5, 4, 19, 17, 0], [0, 14, 13, 11, 15, 12, 16, 18, 9, 10, 8, 7, 0]]"
outliers,outliers_n20_m2_r01.txt,data\mtsp\generated_multifamily\outliers_n20_m2_r01.txt,20,2,lkh-wrapper-v6,61.099836918378685,0.001042,0.001028,True,"[{""name"": ""lkh-wrapper-v6"", ""objective"": 61.099836918378685, ""time"": 0.001028, ""valid"": true}]","[[0, 4, 5, 3, 6, 2, 14, 13, 12, 16, 0], [0, 1, 17, 19, 7, 8, 10, 9, 18, 15, 11, 0]]"
outliers,outliers_n20_m3_r01.txt,data\mtsp\generated_multifamily\outliers_n20_m3_r01.txt,20,3,lkh-wrapper-v4,47.434064306729205,0.00037,0.000353,True,"[{""name"": ""lkh-wrapper-v4"", ""objective"": 47.434064306729205, ""time"": 0.000353, ""valid"": true}]","[[0, 9, 3, 1, 14, 19, 0], [0, 12, 16, 17, 18, 11, 13, 15, 0], [0, 8, 10, 2, 6, 4, 7, 5, 0]]"
outliers,outliers_n20_m3_r01.txt,data\mtsp\generated_multifamily\outliers_n20_m3_r01.txt,20,3,lkh-wrapper-v5,47.84200228930168,0.000847,0.000833,True,"[{""name"": ""lkh-wrapper-v5"", ""objective"": 47.84200228930168, ""time"": 0.000833, ""valid"": true}]","[[0, 9, 3, 1, 14, 19, 0], [0, 12, 15, 13, 11, 18, 17, 16, 0], [0, 5, 7, 4, 6, 2, 10, 8, 0]]"
outliers,outliers_n20_m3_r01.txt,data\mtsp\generated_multifamily\outliers_n20_m3_r01.txt,20,3,lkh-wrapper-v6,51.9736348916373,4.500142,4.500083,True,"[{""name"": ""lkh-wrapper-v6"", ""objective"": 51.9736348916373, ""time"": 4.500083, ""valid"": true}]","[[0, 19, 14, 1, 5, 7, 0], [0, 8, 10, 2, 6, 4, 3, 9, 0], [0, 15, 13, 11, 18, 17, 16, 12, 0]]"
outliers,outliers_n20_m5_r01.txt,data\mtsp\generated_multifamily\outliers_n20_m5_r01.txt,20,5,lkh-wrapper-v4,63.89641612927085,0.000436,0.000422,True,"[{""name"": ""lkh-wrapper-v4"", ""objective"": 63.89641612927085, ""time"": 0.000422, ""valid"": true}]","[[0, 12, 13, 11, 16, 15, 18, 17, 14, 1, 3, 4, 0], [0, 6, 10, 7, 9, 8, 0], [0, 5, 2, 0], [0, 19, 0], [0, 0]]"
outliers,outliers_n20_m5_r01.txt,data\mtsp\generated_multifamily\outliers_n20_m5_r01.txt,20,5,lkh-wrapper-v5,75.45382467916997,0.001081,0.001068,True,"[{""name"": ""lkh-wrapper-v5"", ""objective"": 75.45382467916997, ""time"": 0.001068, ""valid"": true}]","[[0, 6, 7, 9, 8, 19, 0], [0, 17, 18, 15, 16, 0], [0, 11, 13, 12, 0], [0, 14, 1, 3, 4, 5, 0], [0, 10, 2, 0]]"
outliers,outliers_n20_m5_r01.txt,data\mtsp\generated_multifamily\outliers_n20_m5_r01.txt,20,5,lkh-wrapper-v6,68.40026395541169,0.001586,0.001571,True,"[{""name"": ""lkh-wrapper-v6"", ""objective"": 68.40026395541169, ""time"": 0.001571, ""valid"": true}]","[[0, 19, 12, 13, 11, 0], [0, 17, 18, 15, 16, 0], [0, 4, 3, 1, 14, 0], [0, 6, 10, 7, 9, 8, 0], [0, 2, 5, 0]]"
outliers,outliers_n50_m2_r01.txt,data\mtsp\generated_multifamily\outliers_n50_m2_r01.txt,50,2,lkh-wrapper-v4,151.15753191112697,0.001254,0.001213,True,"[{""name"": ""lkh-wrapper-v4"", ""objective"": 151.15753191112697, ""time"": 0.001213, ""valid"": true}]","[[0, 37, 36, 34, 41, 35, 40, 46, 45, 38, 39, 13, 10, 44, 12, 5, 1, 9, 7, 3, 8, 2, 6, 11, 14, 4, 47, 21, 20, 23, 22, 19, 18, 17, 15, 16, 43, 0], [0, 33, 26, 30, 31, 27, 29, 28, 32, 25, 49, 24, 48, 42, 0]]"
outliers,outliers_n50_m2_r01.txt,data\mtsp\generated_multifamily\outliers_n50_m2_r01.txt,50,2,lkh-wrapper-v5,139.86761045427147,0.003141,0.003116,True,"[{""name"": ""lkh-wrapper-v5"", ""objective"": 139.86761045427147, ""time"": 0.003116, ""valid"": true}]","[[0, 2, 11, 6, 4, 14, 8, 3, 7, 9, 1, 5, 12, 44, 10, 13, 39, 38, 45, 46, 40, 35, 41, 34, 42, 36, 37, 0], [0, 25, 49, 24, 48, 32, 28, 29, 27, 31, 30, 26, 33, 43, 16, 15, 17, 18, 19, 22, 23, 20, 21, 47, 0]]"
outliers,outliers_n50_m2_r01.txt,data\mtsp\generated_multifamily\outliers_n50_m2_r01.txt,50,2,lkh-wrapper-v6,163.32017205335592,4.50009,4.500053,True,"[{""name"": ""lkh-wrapper-v6"", ""objective"": 163.32017205335592, ""time"": 4.500053, ""valid"": true}]","[[0, 30, 31, 27, 29, 28, 49, 34, 41, 35, 40, 46, 45, 38, 39, 13, 10, 44, 12, 5, 1, 9, 7, 3, 8, 14, 4, 6, 11, 2, 0], [0, 47, 21, 20, 23, 22, 19, 17, 15, 16, 18, 43, 33, 26, 25, 24, 32, 48, 42, 36, 37, 0]]"
outliers,outliers_n50_m3_r01.txt,data\mtsp\generated_multifamily\outliers_n50_m3_r01.txt,50,3,lkh-wrapper-v4,153.14508795126287,0.001012,0.000977,True,"[{""name"": ""lkh-wrapper-v4"", ""objective"": 153.14508795126287, ""time"": 0.000977, ""valid"": true}]","[[0, 40, 39, 33, 36, 35, 37, 38, 47, 34, 0], [0, 44, 45, 30, 27, 32, 48, 28, 26, 29, 31, 46, 43, 0], [0, 12, 1, 4, 5, 9, 8, 10, 11, 42, 3, 2, 6, 7, 41, 22, 49, 15, 20, 25, 18, 16, 23, 19, 13, 17, 14, 21, 24, 0]]"
outliers,outliers_n50_m3_r01.txt,data\mtsp\generated_multifamily\outliers_n50_m3_r01.txt,50,3,lkh-wrapper-v5,158.67113994705122,0.003992,0.00397,True,"[{""name"": ""lkh-wrapper-v5"", ""objective"": 158.67113994705122, ""time"": 0.00397, ""valid"": true}]","[[0, 31, 29, 26, 28, 48, 32, 27, 44, 30, 45, 24, 21, 14, 17, 13, 19, 16, 23, 0], [0, 40, 39, 46, 43, 33, 36, 35, 37, 38, 47, 34, 0], [0, 12, 1, 4, 5, 9, 8, 10, 11, 42, 3, 2, 6, 7, 41, 22, 49, 15, 20, 25, 18, 0]]"
outliers,outliers_n50_m3_r01.txt,data\mtsp\generated_multifamily\outliers_n50_m3_r01.txt,50,3,lkh-wrapper-v6,185.59646440089404,0.005308,0.005289,True,"[{""name"": ""lkh-wrapper-v6"", ""objective"": 185.59646440089404, ""time"": 0.005289, ""valid"": true}]","[[0, 31, 29, 24, 17, 13, 19, 18, 16, 23, 22, 2, 11, 10, 8, 6, 7, 41, 1, 0], [0, 12, 4, 5, 9, 3, 42, 49, 15, 20, 25, 14, 21, 45, 48, 32, 27, 30, 44, 0], [0, 28, 26, 46, 43, 40, 39, 33, 36, 35, 37, 38, 47, 34, 0]]"
outliers,outliers_n50_m5_r01.txt,data\mtsp\generated_multifamily\outliers_n50_m5_r01.txt,50,5,lkh-wrapper-v4,145.01366200217865,0.001156,0.00114,True,"[{""name"": ""lkh-wrapper-v4"", ""objective"": 145.01366200217865, ""time"": 0.00114, ""valid"": true}]","[[0, 28, 25, 29, 31, 27, 30, 26, 48, 47, 41, 33, 35, 39, 32, 40, 34, 38, 37, 42, 36, 0], [0, 3, 2, 4, 43, 12, 5, 10, 11, 6, 1, 9, 8, 7, 0], [0, 45, 46, 44, 13, 22, 15, 23, 20, 24, 19, 14, 18, 21, 17, 49, 16, 0], [0, 0], [0, 0]]"
outliers,outliers_n50_m5_r01.txt,data\mtsp\generated_multifamily\outliers_n50_m5_r01.txt,50,5,lkh-wrapper-v5,188.0159048558985,0.003375,0.003344,True,"[{""name"": ""lkh-wrapper-v5"", ""objective"": 188.0159048558985, ""time"": 0.003344, ""valid"": true}]","[[0, 47, 41, 33, 35, 39, 32, 40, 34, 38, 37, 42, 36, 0], [0, 7, 2, 4, 43, 12, 5, 10, 11, 6, 1, 9, 8, 0], [0, 48, 26, 30, 27, 31, 29, 25, 28, 45, 46, 44, 13, 0], [0, 22, 15, 23, 20, 24, 19, 14, 18, 21, 17, 49, 16, 0], [0, 3, 0]]"
outliers,outliers_n50_m5_r01.txt,data\mtsp\generated_multifamily\outliers_n50_m5_r01.txt,50,5,lkh-wrapper-v6,194.47422173567344,0.006762,0.006744,True,"[{""name"": ""lkh-wrapper-v6"", ""objective"": 194.47422173567344, ""time"": 0.006744, ""valid"": true}]","[[0, 3, 7, 2, 4, 43, 12, 5, 10, 11, 6, 1, 9, 8, 0], [0, 42, 37, 38, 34, 40, 32, 39, 35, 33, 41, 48, 28, 0], [0, 49, 17, 21, 18, 14, 19, 24, 16, 0], [0, 20, 23, 15, 22, 13, 44, 46, 45, 0], [0, 36, 47, 26, 30, 27, 31, 29, 25, 0]]"
uniform,uniform_n100_m2_r01.txt,data\mtsp\generated_multifamily\uniform_n100_m2_r01.txt,100,2,lkh-wrapper-v4,438.70403583662494,0.002789,0.002773,True,"[{""name"": ""lkh-wrapper-v4"", ""objective"": 438.70403583662494, ""time"": 0.002773, ""valid"": true}]","[[0, 72, 17, 58, 37, 39, 28, 76, 47, 36, 19, 94, 86, 29, 67, 3, 5, 22, 65, 24, 41, 31, 33, 21, 51, 71, 26, 46, 9, 99, 95, 32, 42, 13, 2, 73, 54, 44, 52, 74, 12, 35, 25, 15, 8, 90, 88, 53, 6, 55, 64, 92, 81, 49, 18, 62, 68, 50, 0], [0, 84, 34, 59, 38, 4, 82, 79, 75, 14, 1, 98, 66, 11, 70, 10, 93, 16, 7, 30, 43, 27, 85, 45, 23, 80, 83, 96, 78, 56, 48, 61, 40, 20, 91, 63, 60, 89, 57, 69, 87, 97, 77, 0]]"
uniform,uniform_n100_m2_r01.txt,data\mtsp\generated_multifamily\uniform_n100_m2_r01.txt,100,2,lkh-wrapper-v5,456.44363960627277,0.011028,0.011002,True,"[{""name"": ""lkh-wrapper-v5"", ""objective"": 456.44363960627277, ""time"": 0.011002, ""valid"": true}]","[[0, 50, 81, 49, 18, 26, 71, 62, 68, 31, 51, 21, 33, 41, 24, 65, 22, 5, 3, 67, 29, 86, 94, 19, 36, 47, 76, 28, 39, 37, 58, 77, 66, 11, 70, 10, 93, 16, 7, 30, 43, 27, 85, 45, 78, 48, 61, 40, 20, 91, 63, 60, 89, 57, 69, 87, 97, 17, 72, 0], [0, 84, 34, 59, 38, 4, 82, 1, 98, 14, 75, 79, 13, 42, 32, 2, 95, 99, 73, 9, 44, 54, 52, 46, 12, 74, 35, 25, 15, 53, 88, 8, 90, 6, 55, 64, 92, 23, 80, 83, 96, 56, 0]]"
uniform,uniform_n100_m2_r01.txt,data\mtsp\generated_multifamily\uniform_n100_m2_r01.txt,100,2,lkh-wrapper-v6,434.26000998074056,0.012719,0.012685,True,"[{""name"": ""lkh-wrapper-v6"", ""objective"": 434.26000998074056, ""time"": 0.012685, ""valid"": true}]","[[0, 50, 81, 49, 18, 26, 46, 12, 52, 44, 54, 73, 2, 13, 42, 32, 99, 95, 21, 33, 41, 24, 65, 22, 5, 3, 67, 29, 86, 94, 19, 36, 79, 75, 14, 98, 1, 82, 47, 76, 28, 39, 37, 87, 97, 58, 38, 4, 59, 34, 0], [0, 72, 17, 77, 66, 11, 70, 10, 93, 16, 7, 57, 69, 89, 60, 63, 43, 30, 91, 20, 40, 61, 48, 56, 27, 85, 45, 78, 23, 80, 83, 96, 92, 64, 55, 6, 90, 8, 88, 53, 15, 25, 35, 74, 9, 71, 62, 51, 31, 68, 84, 0]]"
uniform,uniform_n100_m3_r01.txt,data\mtsp\generated_multifamily\uniform_n100_m3_r01.txt,100,3,lkh-wrapper-v4,468.84920992563667,0.003462,0.003439,True,"[{""name"": ""lkh-wrapper-v4"", ""objective"": 468.84920992563667, ""time"": 0.003439, ""valid"": true}]","[[0, 87, 21, 39, 31, 74, 84, 3, 45, 48, 34, 44, 15, 93, 71, 79, 18, 68, 61, 37, 6, 17, 85, 67, 46, 9, 33, 38, 72, 0], [0, 14, 19, 65, 28, 92, 77, 29, 24, 69, 27, 64, 7, 52, 53, 88, 12, 0], [0, 49, 57, 8, 91, 58, 86, 81, 73, 36, 95, 99, 54, 5, 94, 22, 63, 4, 23, 51, 41, 13, 96, 75, 1, 76, 42, 83, 97, 40, 80, 98, 55, 11, 59, 60, 47, 50, 70, 62, 30, 78, 32, 89, 16, 20, 26, 35, 90, 56, 82, 2, 43, 10, 25, 66, 0]]"
uniform,uniform_n100_m3_r01.txt,data\mtsp\generated_multifamily\uniform_n100_m3_r01.txt,100,3,lkh-wrapper-v5,504.1822209433202,0.011189,0.011151,True,"[{""name"": ""lkh-wrapper-v5"", ""objective"": 504.1822209433202, ""time"": 0.011151, ""valid"": true}]","[[0, 87, 53, 72, 33, 9, 46, 67, 85, 17, 6, 21, 39, 31, 74, 84, 3, 37, 68, 61, 15, 93, 18, 79, 71, 44, 34, 48, 45, 90, 56, 82, 35, 20, 16, 32, 89, 26, 2, 0], [0, 38, 88, 94, 98, 40, 80, 70, 62, 30, 78, 43, 65, 28, 92, 77, 29, 24, 69, 27, 64, 7, 52, 14, 0], [0, 19, 10, 66, 25, 47, 50, 55, 11, 60, 59, 97, 83, 42, 76, 1, 75, 96, 13, 41, 51, 23, 4, 63, 22, 54, 5, 12, 99, 95, 36, 73, 81, 86, 58, 91, 8, 57, 49, 0]]"
uniform,uniform_n100_m3_r01.txt,data\mtsp\generated_multifamily\uniform_n100_m3_r01.txt,100,3,lkh-wrapper-v6,531.41486774686,0.01388,0.013855,True,"[{""name"": ""lkh-wrapper-v6"", ""objective"": 531.41486774686, ""time"": 0.013855, ""valid"": true}]","[[0, 91, 88, 94, 22, 63, 4, 23, 51, 41, 13, 96, 75, 1, 76, 42, 83, 97, 59, 60, 11, 55, 50, 10, 28, 92, 77, 29, 24, 69, 27, 31, 74, 84, 3, 61, 37, 39, 21, 53, 0], [0, 87, 52, 7, 64, 14, 19, 65, 43, 32, 89, 26, 2, 35, 82, 56, 90, 45, 48, 34, 44, 15, 93, 71, 79, 18, 68, 6, 17, 85, 36, 95, 81, 73, 67, 46, 9, 33, 38, 72, 0], [0, 66, 25, 47, 98, 40, 80, 70, 62, 30, 78, 16, 20, 58, 86, 99, 54, 5, 12, 8, 57, 49, 0]]"
uniform,uniform_n100_m5_r01.txt,data\mtsp\generated_multifamily\uniform_n100_m5_r01.txt,100,5,lkh-wrapper-v4,478.00518289661943,0.003874,0.00385,True,"[{""name"": ""lkh-wrapper-v4"", ""objective"": 478.00518289661943, ""time"": 0.00385, ""valid"": true}]","[[0, 92, 1, 27, 58, 37, 69, 47, 96, 90, 25, 16, 98, 61, 79, 26, 15, 51, 21, 29, 57, 5, 0], [0, 74, 20, 42, 63, 86, 53, 45, 94, 89, 70, 0], [0, 80, 95, 2, 59, 97, 76, 10, 85, 41, 77, 18, 91, 3, 33, 52, 48, 36, 34, 46, 78, 8, 43, 54, 12, 50, 13, 81, 84, 88, 38, 35, 73, 30, 40, 31, 83, 64, 99, 75, 44, 22, 87, 66, 55, 60, 11, 93, 49, 67, 0], [0, 39, 23, 17, 82, 56, 72, 32, 62, 7, 71, 4, 28, 9, 6, 68, 65, 24, 14, 0], [0, 19, 0]]"
uniform,uniform_n100_m5_r01.txt,data\mtsp\generated_multifamily\uniform_n100_m5_r01.txt,100,5,lkh-wrapper-v5,521.6038147185615,0.012962,0.012928,True,"[{""name"": ""lkh-wrapper-v5"", ""objective"": 521.6038147185615, ""time"": 0.012928, ""valid"": true}]","[[0, 19, 92, 49, 35, 73, 30, 95, 0], [0, 5, 57, 29, 27, 58, 37, 69, 47, 96, 90, 25, 16, 98, 61, 79, 26, 15, 51, 21, 63, 42, 20, 74, 0], [0, 80, 67, 93, 11, 2, 13, 81, 84, 88, 38, 60, 55, 66, 40, 31, 83, 64, 99, 75, 44, 22, 87, 1, 0], [0, 23, 17, 82, 56, 72, 32, 62, 7, 71, 4, 28, 9, 6, 68, 65, 24, 14, 86, 53, 45, 94, 89, 70, 0], [0, 39, 41, 85, 77, 18, 91, 3, 33, 52, 48, 36, 34, 46, 78, 8, 10, 76, 97, 43, 54, 12, 50, 59, 0]]"
uniform,uniform_n100_m5_r01.txt,data\mtsp\generated_multifamily\uniform_n100_m5_r01.txt,100,5,lkh-wrapper-v6,688.3871029395409,0.020907,0.020865,True,"[{""name"": ""lkh-wrapper-v6"", ""objective"": 688.3871029395409, ""time"": 0.020865, ""valid"": true}]","[[0, 19, 1, 22, 44, 75, 96, 90, 25, 16, 98, 61, 79, 58, 29, 18, 3, 33, 0], [0, 91, 52, 48, 36, 34, 46, 78, 64, 99, 47, 69, 37, 27, 0], [0, 2, 12, 43, 8, 10, 85, 41, 77, 68, 65, 24, 86, 63, 15, 26, 51, 21, 45, 42, 0], [0, 67, 49, 93, 60, 55, 66, 87, 83, 31, 40, 30, 73, 35, 38, 13, 50, 97, 76, 82, 72, 32, 70, 94, 20, 74, 0], [0, 80, 95, 11, 84, 88, 81, 54, 59, 39, 23, 17, 56, 89, 62, 7, 71, 4, 28, 9, 6, 14, 53, 5, 57, 92, 0]]"
uniform,uniform_n200_m2_r01.txt,data\mtsp\generated_multifamily\uniform_n200_m2_r01.txt,200,2,lkh-wrapper-v4,1298.3275411463292,0.009764,0.009702,True,"[{""name"": ""lkh-wrapper-v4"", ""objective"": 1298.3275411463292, ""time"": 0.009702, ""valid"": true}]","[[0, 29, 156, 163, 173, 122, 72, 158, 197, 53, 49, 106, 96, 46, 153, 169, 70, 126, 138, 185, 104, 51, 35, 142, 18, 196, 174, 162, 30, 44, 102, 157, 164, 199, 64, 67, 85, 38, 33, 14, 57, 61, 75, 144, 59, 94, 7, 78, 182, 16, 110, 151, 149, 150, 184, 87, 177, 192, 23, 195, 2, 9, 111, 146, 143, 176, 12, 133, 188, 90, 108, 123, 97, 13, 95, 6, 62, 101, 20, 167, 119, 172, 198, 34, 48, 194, 131, 187, 69, 0], [0, 19, 130, 116, 179, 39, 118, 15, 93, 140, 32, 155, 159, 31, 45, 139, 181, 28, 27, 168, 189, 115, 145, 190, 99, 117, 127, 125, 25, 24, 191, 100, 73, 17, 8, 105, 166, 68, 165, 81, 37, 186, 152, 71, 50, 148, 89, 112, 52, 79, 103, 114, 42, 41, 160, 26, 40, 121, 135, 147, 170, 92, 175, 47, 134, 107, 4, 22, 88, 10, 21, 113, 141, 74, 91, 55, 84, 58, 63, 83, 178, 180, 5, 161, 43, 65, 129, 56, 36, 136, 120, 154, 124, 3, 11, 54, 128, 77, 132, 171, 109, 60, 66, 137, 98, 82, 193, 86, 183, 80, 1, 76, 0]]"
uniform,uniform_n200_m2_r01.txt,data\mtsp\generated_multifamily\uniform_n200_m2_r01.txt,200,2,lkh-wrapper-v5,1183.1532918920082,0.028254,0.028212,True,"[{""name"": ""lkh-wrapper-v5"", ""objective"": 1183.1532918920082, ""time"": 0.028212, ""valid"": true}]","[[0, 76, 84, 58, 63, 83, 98, 82, 193, 53, 49, 106, 86, 96, 46, 153, 169, 70, 126, 137, 3, 11, 54, 128, 77, 132, 171, 109, 66, 60, 138, 185, 104, 51, 35, 183, 80, 142, 18, 196, 174, 1, 162, 33, 38, 30, 44, 102, 157, 164, 199, 64, 67, 85, 133, 12, 176, 143, 111, 146, 13, 95, 192, 177, 87, 184, 150, 149, 151, 110, 16, 78, 7, 94, 59, 144, 75, 195, 9, 2, 14, 57, 61, 197, 158, 72, 122, 173, 163, 156, 29, 0], [0, 19, 55, 91, 74, 141, 113, 21, 4, 5, 180, 178, 56, 36, 136, 120, 124, 154, 129, 65, 43, 161, 107, 22, 134, 47, 175, 92, 170, 147, 135, 69, 187, 121, 40, 131, 26, 89, 148, 50, 88, 10, 37, 81, 186, 152, 71, 112, 52, 79, 103, 160, 41, 42, 114, 99, 190, 145, 117, 127, 125, 24, 25, 165, 100, 191, 115, 189, 168, 27, 28, 181, 139, 45, 31, 194, 48, 34, 198, 155, 159, 140, 32, 172, 119, 167, 20, 101, 62, 6, 97, 123, 108, 90, 188, 23, 116, 179, 182, 15, 93, 118, 39, 105, 8, 17, 73, 68, 166, 130, 0]]"
uniform,uniform_n200_m2_r01.txt,data\mtsp\generated_multifamily\uniform_n200_m2_r01.txt,200,2,lkh-wrapper-v6,1205.5882272765145,0.0259,0.025865,True,"[{""name"": ""lkh-wrapper-v6"", ""objective"": 1205.5882272765145, ""time"": 0.025865, ""valid"": true}]","[[0, 179, 39, 118, 15, 93, 172, 32, 140, 159, 155, 198, 34, 48, 194, 31, 45, 139, 181, 28, 27, 168, 189, 115, 145, 190, 99, 117, 127, 125, 24, 25, 152, 71, 112, 52, 79, 103, 160, 114, 42, 41, 131, 187, 69, 135, 121, 40, 26, 89, 148, 50, 147, 170, 92, 175, 47, 134, 22, 88, 10, 186, 37, 81, 91, 74, 141, 113, 21, 4, 107, 5, 161, 43, 65, 180, 178, 185, 138, 104, 51, 35, 142, 18, 196, 174, 162, 1, 80, 183, 57, 14, 33, 38, 67, 85, 2, 9, 195, 0], [0, 76, 19, 130, 116, 105, 166, 68, 8, 17, 73, 100, 191, 165, 55, 84, 58, 63, 83, 36, 56, 129, 136, 120, 154, 124, 3, 11, 54, 128, 77, 132, 171, 109, 66, 60, 126, 137, 70, 169, 98, 82, 193, 153, 46, 96, 86, 106, 49, 53, 197, 158, 72, 122, 61, 30, 44, 102, 157, 164, 199, 64, 133, 176, 143, 12, 188, 90, 108, 123, 97, 13, 146, 111, 23, 150, 149, 110, 151, 184, 87, 177, 192, 95, 6, 62, 167, 119, 20, 101, 182, 16, 78, 7, 94, 59, 75, 144, 173, 163, 156, 29, 0]]"
uniform,uniform_n200_m3_r01.txt,data\mtsp\generated_multifamily\uniform_n200_m3_r01.txt,200,3,lkh-wrapper-v4,1231.132225041133,0.017068,0.016983,True,"[{""name"": ""lkh-wrapper-v4"", ""objective"": 1231.132225041133, ""time"": 0.016983, ""valid"": true}]","[[0, 87, 127, 168, 65, 146, 10, 184, 29, 166, 16, 157, 161, 91, 158, 31, 110, 101, 131, 117, 9, 120, 93, 191, 18, 23, 188, 175, 149, 113, 42, 177, 3, 79, 132, 143, 39, 144, 125, 135, 14, 85, 199, 50, 183, 119, 25, 172, 109, 156, 11, 20, 195, 134, 114, 30, 186, 152, 71, 13, 162, 36, 74, 147, 73, 130, 103, 107, 0], [0, 33, 171, 86, 99, 111, 97, 189, 106, 179, 45, 60, 190, 58, 1, 142, 67, 140, 76, 62, 69, 26, 187, 98, 115, 155, 150, 196, 121, 136, 77, 96, 24, 57, 82, 40, 43, 55, 163, 185, 19, 51, 44, 72, 0], [0, 52, 59, 70, 78, 193, 46, 169, 89, 2, 181, 137, 165, 41, 37, 80, 104, 22, 53, 173, 105, 15, 64, 160, 8, 151, 35, 116, 118, 197, 66, 48, 61, 129, 182, 90, 4, 133, 34, 63, 138, 123, 47, 81, 32, 180, 6, 75, 194, 145, 170, 178, 94, 112, 5, 108, 148, 198, 128, 12, 124, 102, 141, 68, 192, 56, 174, 28, 95, 167, 92, 84, 100, 176, 7, 139, 27, 164, 54, 38, 126, 17, 83, 159, 21, 154, 122, 153, 49, 88, 0]]"
uniform,uniform_n200_m3_r01.txt,data\mtsp\generated_multifamily\uniform_n200_m3_r01.txt,200,3,lkh-wrapper-v5,1252.7132644254214,0.0313,0.031263,True,"[{""name"": ""lkh-wrapper-v5"", ""objective"": 1252.7132644254214, ""time"": 0.031263, ""valid"": true}]","[[0, 87, 127, 168, 65, 146, 10, 184, 29, 166, 16, 157, 161, 91, 158, 31, 110, 101, 131, 117, 9, 120, 88, 49, 153, 122, 154, 17, 93, 191, 18, 23, 188, 126, 175, 149, 113, 42, 177, 3, 79, 132, 143, 39, 144, 125, 135, 14, 85, 199, 172, 109, 25, 162, 156, 11, 20, 195, 134, 114, 30, 186, 152, 71, 13, 36, 74, 119, 183, 50, 147, 73, 130, 103, 107, 0], [0, 33, 165, 41, 37, 80, 104, 94, 44, 51, 19, 75, 129, 182, 4, 24, 57, 82, 121, 136, 196, 77, 96, 98, 115, 155, 150, 187, 26, 69, 62, 76, 140, 67, 142, 1, 58, 190, 60, 45, 179, 106, 189, 97, 111, 99, 86, 171, 0], [0, 52, 59, 70, 78, 193, 169, 89, 46, 2, 137, 181, 105, 173, 53, 22, 15, 64, 160, 8, 151, 35, 116, 118, 197, 61, 66, 48, 180, 6, 32, 81, 55, 43, 40, 90, 133, 34, 63, 138, 123, 47, 163, 185, 194, 145, 170, 178, 112, 72, 5, 108, 148, 198, 128, 12, 124, 102, 141, 68, 192, 56, 174, 28, 95, 167, 92, 84, 100, 176, 7, 139, 38, 54, 164, 27, 159, 21, 83, 0]]"
uniform,uniform_n200_m3_r01.txt,data\mtsp\generated_multifamily\uniform_n200_m3_r01.txt,200,3,lkh-wrapper-v6,1270.2151945112707,0.035662,0.035618,True,"[{""name"": ""lkh-wrapper-v6"", ""objective"": 1270.2151945112707, ""time"": 0.035618, ""valid"": true}]","[[0, 107, 97, 189, 103, 130, 73, 147, 50, 183, 74, 36, 162, 25, 119, 109, 172, 14, 85, 135, 125, 27, 164, 54, 38, 79, 132, 3, 177, 42, 113, 149, 175, 126, 17, 93, 191, 188, 23, 18, 100, 161, 91, 158, 110, 101, 31, 16, 157, 166, 167, 95, 28, 174, 56, 192, 68, 141, 102, 124, 29, 184, 10, 146, 65, 168, 87, 0], [0, 33, 171, 86, 99, 111, 106, 179, 139, 199, 45, 60, 13, 156, 11, 20, 195, 134, 114, 30, 71, 152, 186, 1, 190, 58, 142, 67, 140, 76, 62, 69, 26, 187, 150, 196, 155, 115, 77, 136, 121, 82, 57, 24, 96, 98, 151, 8, 80, 37, 41, 165, 104, 22, 53, 173, 15, 64, 160, 35, 116, 118, 197, 61, 48, 66, 105, 181, 137, 2, 193, 78, 70, 59, 0], [0, 127, 7, 144, 39, 143, 159, 21, 154, 122, 153, 49, 83, 88, 120, 9, 131, 117, 176, 84, 92, 5, 108, 12, 128, 198, 148, 44, 51, 185, 163, 55, 43, 40, 47, 123, 138, 63, 34, 133, 4, 90, 182, 129, 32, 81, 180, 6, 75, 194, 145, 170, 19, 178, 94, 112, 72, 169, 89, 46, 52, 0]]"
uniform,uniform_n200_m5_r01.txt,data\mtsp\generated_multifamily\uniform_n200_m5_r01.txt,200,5,lkh-wrapper-v4,1315.492459492511,0.01457,0.014538,True,"[{""name"": ""lkh-wrapper-v4"", ""objective"": 1315.492459492511, ""time"": 0.014538, ""valid"": true}]","[[0, 102, 176, 78, 180, 189, 139, 62, 174, 28, 171, 61, 6, 107, 105, 68, 16, 104, 186, 168, 166, 116, 40, 140, 181, 157, 141, 109, 44, 182, 23, 2, 121, 37, 132, 93, 9, 27, 18, 145, 34, 85, 33, 99, 179, 98, 35, 1, 49, 60, 4, 192, 194, 64, 190, 162, 94, 54, 67, 119, 88, 111, 101, 134, 20, 193, 79, 0], [0, 135, 137, 38, 57, 41, 82, 146, 197, 29, 12, 91, 100, 188, 71, 66, 59, 55, 24, 43, 95, 169, 0], [0, 58, 83, 46, 123, 112, 198, 69, 84, 31, 130, 5, 76, 138, 89, 77, 45, 120, 161, 13, 15, 147, 103, 131, 47, 26, 39, 150, 72, 108, 155, 81, 178, 184, 19, 7, 158, 177, 106, 80, 115, 165, 173, 86, 128, 65, 21, 148, 48, 17, 110, 42, 124, 56, 160, 30, 3, 96, 0], [0, 52, 152, 143, 167, 8, 159, 142, 196, 187, 172, 63, 50, 153, 170, 199, 22, 32, 51, 133, 195, 10, 191, 114, 11, 70, 90, 14, 164, 117, 73, 149, 25, 185, 74, 122, 163, 154, 113, 156, 183, 151, 125, 53, 75, 0], [0, 87, 144, 136, 175, 97, 92, 127, 129, 126, 118, 36, 0]]"
uniform,uniform_n200_m5_r01.txt,data\mtsp\generated_multifamily\uniform_n200_m5_r01.txt,200,5,lkh-wrapper-v5,1332.1635524949218,0.032659,0.03263,True,"[{""name"": ""lkh-wrapper-v5"", ""objective"": 1332.1635524949218, ""time"": 0.03263, ""valid"": true}]","[[0, 102, 176, 139, 62, 174, 28, 171, 23, 27, 9, 93, 18, 1, 35, 98, 99, 145, 33, 85, 34, 132, 37, 121, 2, 182, 44, 109, 141, 157, 181, 140, 40, 116, 166, 168, 186, 104, 16, 68, 105, 107, 6, 61, 189, 180, 78, 0], [0, 169, 95, 43, 24, 135, 137, 55, 59, 66, 71, 188, 100, 91, 12, 29, 38, 57, 41, 197, 82, 86, 160, 22, 170, 0], [0, 112, 123, 198, 69, 84, 131, 31, 147, 103, 39, 47, 26, 150, 72, 108, 155, 81, 178, 184, 19, 7, 158, 177, 106, 80, 115, 146, 165, 173, 128, 21, 148, 48, 65, 17, 110, 42, 124, 56, 30, 3, 96, 79, 83, 46, 58, 0], [0, 52, 152, 143, 167, 8, 159, 142, 111, 134, 20, 75, 53, 125, 149, 73, 151, 183, 156, 113, 154, 163, 122, 74, 185, 25, 117, 164, 14, 90, 70, 11, 114, 191, 10, 195, 133, 51, 32, 199, 153, 50, 63, 172, 193, 187, 196, 0], [0, 87, 144, 76, 5, 77, 130, 15, 13, 161, 120, 45, 89, 138, 136, 175, 97, 92, 127, 129, 126, 179, 49, 60, 4, 192, 194, 64, 190, 162, 94, 54, 118, 67, 101, 119, 88, 36, 0]]"
uniform,uniform_n200_m5_r01.txt,data\mtsp\generated_multifamily\uniform_n200_m5_r01.txt,200,5,lkh-wrapper-v6,1664.5870101042105,4.500243,4.500164,True,"[{""name"": ""lkh-wrapper-v6"", ""objective"": 1664.5870101042105, ""time"": 4.500164, ""valid"": true}]","[[0, 112, 82, 86, 21, 148, 163, 113, 156, 64, 194, 60, 49, 1, 35, 98, 99, 145, 33, 85, 34, 132, 93, 18, 9, 27, 179, 129, 192, 190, 162, 94, 54, 143, 0], [0, 83, 195, 70, 11, 114, 191, 10, 160, 124, 56, 46, 123, 198, 135, 137, 71, 100, 38, 57, 41, 197, 155, 108, 72, 39, 103, 147, 15, 13, 161, 120, 45, 89, 77, 130, 5, 76, 31, 131, 84, 144, 87, 0], [0, 79, 96, 172, 90, 164, 14, 122, 154, 183, 151, 167, 52, 152, 78, 180, 189, 174, 28, 171, 61, 105, 107, 6, 2, 37, 121, 182, 44, 109, 141, 157, 181, 136, 68, 69, 59, 0], [0, 102, 176, 139, 62, 97, 36, 88, 119, 111, 142, 159, 8, 196, 187, 193, 20, 75, 53, 125, 73, 149, 74, 185, 25, 117, 199, 133, 110, 17, 42, 48, 65, 128, 173, 165, 158, 7, 19, 178, 81, 12, 91, 150, 26, 47, 188, 66, 55, 24, 43, 95, 169, 0], [0, 58, 146, 115, 80, 106, 177, 184, 29, 138, 166, 116, 40, 140, 186, 168, 104, 16, 175, 23, 127, 92, 126, 4, 118, 67, 101, 134, 63, 50, 153, 170, 22, 32, 51, 30, 3, 0]]"
uniform,uniform_n20_m2_r01.txt,data\mtsp\generated_multifamily\uniform_n20_m2_r01.txt,20,2,lkh-wrapper-v4,47.05474713596399,0.000309,0.000295,True,"[{""name"": ""lkh-wrapper-v4"", ""objective"": 47.05474713596399, ""time"": 0.000295, ""valid"": true}]","[[0, 10, 2, 6, 1, 9, 8, 17, 4, 18, 14, 3, 19, 7, 5, 0], [0, 16, 11, 13, 15, 12, 0]]"
uniform,uniform_n20_m2_r01.txt,data\mtsp\generated_multifamily\uniform_n20_m2_r01.txt,20,2,lkh-wrapper-v5,48.70332184667642,0.000792,0.000779,True,"[{""name"": ""lkh-wrapper-v5"", ""objective"": 48.70332184667642, ""time"": 0.000779, ""valid"": true}]","[[0, 10, 2, 6, 1, 9, 8, 17, 4, 18, 14, 3, 19, 0], [0, 5, 7, 11, 13, 15, 12, 16, 0]]"
uniform,uniform_n20_m2_r01.txt,data\mtsp\generated_multifamily\uniform_n20_m2_r01.txt,20,2,lkh-wrapper-v6,52.28443071378365,0.001229,0.001216,True,"[{""name"": ""lkh-wrapper-v6"", ""objective"": 52.28443071378365, ""time"": 0.001216, ""valid"": true}]","[[0, 16, 15, 17, 4, 8, 9, 1, 18, 14, 3, 10, 0], [0, 2, 6, 19, 5, 7, 11, 13, 12, 0]]"
uniform,uniform_n20_m3_r01.txt,data\mtsp\generated_multifamily\uniform_n20_m3_r01.txt,20,3,lkh-wrapper-v4,53.93038292093222,0.000335,0.000324,True,"[{""name"": ""lkh-wrapper-v4"", ""objective"": 53.93038292093222, ""time"": 0.000324, ""valid"": true}]","[[0, 9, 18, 2, 13, 6, 4, 12, 8, 14, 0], [0, 11, 7, 17, 19, 0], [0, 1, 10, 15, 3, 5, 16, 0]]"
uniform,uniform_n20_m3_r01.txt,data\mtsp\generated_multifamily\uniform_n20_m3_r01.txt,20,3,lkh-wrapper-v5,53.93038292093222,0.001278,0.001195,True,"[{""name"": ""lkh-wrapper-v5"", ""objective"": 53.93038292093222, ""time"": 0.001195, ""valid"": true}]","[[0, 11, 7, 17, 19, 0], [0, 9, 18, 2, 13, 6, 4, 12, 8, 14, 0], [0, 1, 10, 15, 3, 5, 16, 0]]"
uniform,uniform_n20_m3_r01.txt,data\mtsp\generated_multifamily\uniform_n20_m3_r01.txt,20,3,lkh-wrapper-v6,61.58095207655833,0.00123,0.001215,True,"[{""name"": ""lkh-wrapper-v6"", ""objective"": 61.58095207655833, ""time"": 0.001215, ""valid"": true}]","[[0, 9, 14, 13, 6, 4, 12, 8, 7, 11, 0], [0, 3, 15, 5, 16, 2, 18, 0], [0, 17, 19, 1, 10, 0]]"
uniform,uniform_n20_m5_r01.txt,data\mtsp\generated_multifamily\uniform_n20_m5_r01.txt,20,5,lkh-wrapper-v4,50.82205879437332,0.00062,0.000582,True,"[{""name"": ""lkh-wrapper-v4"", ""objective"": 50.82205879437332, ""time"": 0.000582, ""valid"": true}]","[[0, 18, 6, 5, 16, 11, 2, 12, 9, 15, 0], [0, 10, 4, 14, 7, 1, 19, 3, 17, 0], [0, 8, 0], [0, 13, 0], [0, 0]]"
uniform,uniform_n20_m5_r01.txt,data\mtsp\generated_multifamily\uniform_n20_m5_r01.txt,20,5,lkh-wrapper-v5,63.943783975996595,0.000962,0.000942,True,"[{""name"": ""lkh-wrapper-v5"", ""objective"": 63.943783975996595, ""time"": 0.000942, ""valid"": true}]","[[0, 10, 4, 7, 1, 14, 0], [0, 13, 11, 16, 5, 6, 0], [0, 18, 2, 12, 9, 15, 0], [0, 17, 3, 19, 0], [0, 8, 0]]"
uniform,uniform_n20_m5_r01.txt,data\mtsp\generated_multifamily\uniform_n20_m5_r01.txt,20,5,lkh-wrapper-v6,73.45216757971563,4.500073,4.500024,True,"[{""name"": ""lkh-wrapper-v6"", ""objective"": 73.45216757971563, ""time"": 4.500024, ""valid"": true}]","[[0, 1, 19, 3, 0], [0, 8, 10, 6, 0], [0, 13, 4, 7, 14, 0], [0, 18, 16, 5, 11, 2, 12, 0], [0, 9, 15, 17, 0]]"
uniform,uniform_n50_m2_r01.txt,data\mtsp\generated_multifamily\uniform_n50_m2_r01.txt,50,2,lkh-wrapper-v4,167.52018026693992,0.001804,0.001776,True,"[{""name"": ""lkh-wrapper-v4"", ""objective"": 167.52018026693992, ""time"": 0.001776, ""valid"": true}]","[[0, 7, 28, 34, 19, 4, 43, 49, 18, 8, 37, 24, 31, 17, 20, 39, 38, 2, 25, 9, 40, 0], [0, 16, 35, 11, 33, 32, 29, 1, 14, 15, 45, 22, 26, 46, 10, 44, 36, 23, 42, 13, 5, 6, 27, 41, 48, 21, 3, 30, 47, 12, 0]]"
uniform,uniform_n50_m2_r01.txt,data\mtsp\generated_multifamily\uniform_n50_m2_r01.txt,50,2,lkh-wrapper-v5,173.72384261044527,0.004171,0.004153,True,"[{""name"": ""lkh-wrapper-v5"", ""objective"": 173.72384261044527, ""time"": 0.004153, ""valid"": true}]","[[0, 40, 2, 38, 39, 20, 17, 31, 9, 25, 24, 8, 37, 49, 18, 48, 27, 6, 5, 13, 28, 0], [0, 7, 34, 4, 3, 21, 43, 19, 30, 41, 42, 23, 47, 36, 44, 10, 46, 26, 22, 45, 15, 14, 1, 29, 32, 33, 16, 35, 11, 12, 0]]"
uniform,uniform_n50_m2_r01.txt,data\mtsp\generated_multifamily\uniform_n50_m2_r01.txt,50,2,lkh-wrapper-v6,161.5886134838456,0.005497,0.005481,True,"[{""name"": ""lkh-wrapper-v6"", ""objective"": 161.5886134838456, ""time"": 0.005481, ""valid"": true}]","[[0, 12, 47, 23, 42, 13, 5, 6, 27, 41, 48, 19, 4, 43, 3, 21, 18, 49, 37, 8, 24, 25, 9, 31, 2, 40, 0], [0, 16, 35, 11, 29, 33, 32, 38, 17, 20, 39, 1, 14, 15, 45, 22, 26, 46, 10, 44, 36, 30, 28, 34, 7, 0]]"
uniform,uniform_n50_m3_r01.txt,data\mtsp\generated_multifamily\uniform_n50_m3_r01.txt,50,3,lkh-wrapper-v4,164.3580912901,0.001052,0.00104,True,"[{""name"": ""lkh-wrapper-v4"", ""objective"": 164.3580912901, ""time"": 0.00104, ""valid"": true}]","[[0, 13, 30, 22, 27, 29, 3, 34, 32, 24, 42, 6, 1, 28, 0], [0, 38, 21, 45, 35, 47, 2, 20, 31, 4, 12, 41, 26, 10, 39, 15, 36, 46, 19, 33, 16, 17, 18, 9, 48, 43, 0], [0, 44, 25, 14, 7, 8, 23, 5, 11, 40, 37, 49, 0]]"
uniform,uniform_n50_m3_r01.txt,data\mtsp\generated_multifamily\uniform_n50_m3_r01.txt,50,3,lkh-wrapper-v5,168.36268231754133,0.00427,0.004252,True,"[{""name"": ""lkh-wrapper-v5"", ""objective"": 168.36268231754133, ""time"": 0.004252, ""valid"": true}]","[[0, 13, 30, 22, 27, 3, 34, 32, 24, 42, 6, 1, 29, 0], [0, 28, 21, 45, 35, 47, 2, 20, 31, 4, 12, 41, 26, 10, 39, 15, 33, 19, 46, 36, 9, 0], [0, 38, 43, 48, 16, 17, 18, 25, 14, 7, 8, 23, 5, 11, 40, 37, 49, 44, 0]]"
uniform,uniform_n50_m3_r01.txt,data\mtsp\generated_multifamily\uniform_n50_m3_r01.txt,50,3,lkh-wrapper-v6,213.30333590651514,0.004451,0.004437,True,"[{""name"": ""lkh-wrapper-v6"", ""objective"": 213.30333590651514, ""time"": 0.004437, ""valid"": true}]","[[0, 44, 49, 5, 23, 2, 20, 31, 4, 12, 43, 48, 0], [0, 28, 38, 10, 39, 15, 33, 19, 46, 36, 25, 37, 14, 7, 8, 40, 11, 3, 1, 29, 27, 0], [0, 13, 30, 22, 34, 32, 24, 42, 6, 47, 35, 45, 21, 26, 41, 16, 17, 18, 9, 0]]"
uniform,uniform_n50_m5_r01.txt,data\mtsp\generated_multifamily\uniform_n50_m5_r01.txt,50,5,lkh-wrapper-v4,186.39788699803856,0.001467,0.001443,True,"[{""name"": ""lkh-wrapper-v4"", ""objective"": 186.39788699803856, ""time"": 0.001443, ""valid"": true}]","[[0, 1, 32, 46, 11, 37, 40, 47, 26, 29, 14, 5, 22, 3, 2, 42, 6, 23, 12, 19, 0], [0, 39, 7, 27, 44, 21, 36, 10, 33, 20, 0], [0, 18, 28, 17, 31, 30, 38, 15, 48, 35, 4, 43, 25, 16, 24, 0], [0, 34, 13, 45, 9, 41, 49, 0], [0, 8, 0]]"
uniform,uniform_n50_m5_r01.txt,data\mtsp\generated_multifamily\uniform_n50_m5_r01.txt,50,5,lkh-wrapper-v5,186.93305433819538,0.00379,0.003777,True,"[{""name"": ""lkh-wrapper-v5"", ""objective"": 186.93305433819538, ""time"": 0.003777, ""valid"": true}]","[[0, 32, 46, 11, 37, 40, 47, 26, 29, 14, 3, 22, 5, 0], [0, 20, 25, 16, 24, 10, 33, 36, 21, 44, 27, 7, 8, 0], [0, 34, 45, 41, 9, 48, 15, 38, 30, 31, 17, 28, 49, 0], [0, 39, 2, 42, 6, 23, 12, 19, 0], [0, 4, 43, 35, 13, 18, 1, 0]]"
uniform,uniform_n50_m5_r01.txt,data\mtsp\generated_multifamily\uniform_n50_m5_r01.txt,50,5,lkh-wrapper-v6,197.25150467273002,0.008277,0.008254,True,"[{""name"": ""lkh-wrapper-v6"", ""objective"": 197.25150467273002, ""time"": 0.008254, ""valid"": true}]","[[0, 7, 27, 44, 21, 36, 24, 10, 33, 20, 0], [0, 22, 3, 6, 23, 12, 19, 42, 2, 39, 8, 0], [0, 34, 13, 35, 45, 41, 9, 48, 15, 49, 0], [0, 18, 28, 17, 31, 38, 30, 37, 40, 47, 26, 29, 14, 5, 0], [0, 1, 32, 11, 46, 4, 43, 16, 25, 0]]"
