instance_family,instance,path,node_count,salesman_count,solver,objective,time_seconds,step_time_seconds,valid,status,steps,routes
clustered-center,clustered-center_n100_m3_r01.txt,data\mtsp\stratum1_small\clustered-center_n100_m3_r01.txt,100,3,rand+nn,1208.2938757755715,7.1e-05,4.1e-05,True,ok,"[{""name"": ""rand+nn"", ""objective"": 1208.2938757755715, ""status"": ""ok"", ""time"": 4.1e-05, ""valid"": true}]","[[0, 53, 28, 77, 21, 34, 10, 37, 94, 83, 52, 23, 58, 15, 19, 31, 11, 35, 38, 55, 49, 87, 6, 14, 80, 63, 48, 5, 45, 78, 71, 33, 41, 66, 0], [0, 68, 86, 74, 98, 67, 18, 50, 56, 69, 2, 82, 22, 8, 29, 99, 54, 96, 43, 57, 16, 75, 73, 64, 46, 12, 17, 32, 30, 65, 7, 25, 42, 20, 0], [0, 59, 85, 70, 88, 93, 89, 13, 44, 36, 84, 9, 76, 61, 81, 40, 26, 24, 92, 1, 90, 39, 3, 60, 51, 4, 72, 79, 97, 62, 47, 91, 27, 95, 0]]"
clustered-center,clustered-center_n100_m3_r01.txt,data\mtsp\stratum1_small\clustered-center_n100_m3_r01.txt,100,3,2opt+greed,715.8242992757617,0.000193,0.000162,True,ok,"[{""name"": ""2opt+greed"", ""objective"": 715.8242992757617, ""status"": ""ok"", ""time"": 0.000162, ""valid"": true}]","[[0, 68, 59, 85, 70, 41, 88, 74, 86, 79, 98, 33, 97, 62, 50, 18, 47, 67, 91, 27, 95, 71, 42, 78, 93, 89, 32, 5, 13, 14, 80, 63, 48, 17, 0], [0, 53, 56, 39, 66, 3, 22, 82, 60, 21, 2, 51, 34, 10, 37, 8, 92, 1, 77, 69, 90, 28, 24, 26, 40, 64, 46, 6, 87, 65, 36, 30, 44, 12, 0], [0, 29, 81, 94, 54, 96, 43, 57, 52, 58, 75, 15, 4, 19, 31, 20, 11, 72, 16, 23, 49, 25, 45, 55, 38, 7, 84, 9, 76, 35, 61, 73, 83, 99, 0]]"
clustered-center,clustered-center_n100_m3_r01.txt,data\mtsp\stratum1_small\clustered-center_n100_m3_r01.txt,100,3,lkh3-baseline,524.4914511269697,0.538714,0.538653,True,ok,"[{""metadata"": {""artifacts_dir"": ""C:\\Users\\ddkup\\AppData\\Local\\Temp\\mtsp_lkh3_baseline_runs\\run_1778080306711_15132_0"", ""exit_code"": ""0"", ""lkh3_wsl_bin"": ""/home/ddkup/bin/LKH"", ""objective_mode"": ""MINSUM"", ""output_tour_file"": ""C:\\Users\\ddkup\\AppData\\Local\\Temp\\mtsp_lkh3_baseline_runs\\run_1778080306711_15132_0\\output.tour"", ""params_file"": ""C:\\Users\\ddkup\\AppData\\Local\\Temp\\mtsp_lkh3_baseline_runs\\run_1778080306711_15132_0\\params.par"", ""params_wsl_path"": ""/mnt/c/Users/ddkup/AppData/Local/Temp/mtsp_lkh3_baseline_runs/run_1778080306711_15132_0/params.par"", ""problem_file"": ""C:\\Users\\ddkup\\AppData\\Local\\Temp\\mtsp_lkh3_baseline_runs\\run_1778080306711_15132_0\\problem.tsp"", ""result_file"": ""C:\\Users\\ddkup\\AppData\\Local\\Temp\\mtsp_lkh3_baseline_runs\\run_1778080306711_15132_0\\result.txt"", ""stderr_log"": ""C:\\Users\\ddkup\\AppData\\Local\\Temp\\mtsp_lkh3_baseline_runs\\run_1778080306711_15132_0\\stderr.log"", ""stdout_log"": ""C:\\Users\\ddkup\\AppData\\Local\\Temp\\mtsp_lkh3_baseline_runs\\run_1778080306711_15132_0\\stdout.log""}, ""name"": ""lkh3-baseline"", ""objective"": 524.4914511269697, ""status"": ""ok"", ""time"": 0.538653, ""valid"": true}]","[[0, 68, 0], [0, 59, 85, 70, 41, 88, 74, 86, 79, 98, 33, 97, 62, 50, 18, 47, 67, 91, 27, 95, 71, 42, 78, 93, 89, 17, 48, 12, 6, 87, 13, 14, 80, 63, 5, 32, 30, 45, 44, 36, 25, 49, 55, 38, 7, 65, 84, 9, 46, 76, 35, 61, 64, 83, 73, 57, 52, 23, 16, 72, 11, 20, 31, 19, 4, 15, 75, 58, 43, 96, 99, 54, 37, 10, 34, 51, 60, 2, 21, 82, 22, 3, 66, 39, 56, 28, 90, 69, 77, 1, 92, 24, 8, 26, 40, 94, 81, 29, 0], [0, 53, 0]]"
clustered-center,clustered-center_n100_m3_r01.txt,data\mtsp\stratum1_small\clustered-center_n100_m3_r01.txt,100,3,lkh-wrapper-v20,581.6281965500477,0.013735,0.013624,True,ok,"[{""metadata"": {""after_final_2opt_sum"": ""582.389132"", ""after_inter_snapshot"": ""true"", ""after_inter_sum"": ""594.692781"", ""after_inter_valid"": ""true"", ""after_inter_validation_code"": ""0"", ""after_polish2_sum"": ""582.389132"", ""after_polish_sum"": ""705.740950"", ""baseline_2optgreed_budget_ms"": ""7800"", ""baseline_2optgreed_ms"": ""3"", ""baseline_2optgreed_passes_per_route"": ""2,3,3"", ""baseline_2optgreed_sum"": ""715.824299"", ""baseline_2optgreed_used_as_best"": ""true"", ""best_minsum_max"": ""324.337939"", ""best_minsum_sum"": ""581.628197"", ""candidate_count_global"": ""22"", ""candidate_count_local"": ""14"", ""effective_total_ms"": ""9800"", ""final_2opt_cap_ms"": ""9587"", ""final_2opt_elapsed_ms"": ""0"", ""inter_broken_by"": ""none"", ""inter_budget_ms"": ""2450"", ""inter_iters"": ""25"", ""inter_oropt_accepts"": ""5"", ""inter_relocate_accepts"": ""18"", ""inter_swap_accepts"": ""2"", ""node_count"": ""100"", ""omp_max_threads"": ""14"", ""omp_polish"": ""true"", ""phase8_accepts"": ""1"", ""phase8_iters"": ""1"", ""polish_phase_budget_ms"": ""3430"", ""popmusic_solutions"": ""0"", ""salesman_count"": ""3"", ""seed"": ""42"", ""seed_chosen"": ""savings"", ""seed_fast_sum"": ""1479.046731"", ""seed_minsum"": ""767.284547"", ""seed_polar_sum"": ""1096.146047"", ""seed_rr_sum"": ""789.357214"", ""seed_savings_sum"": ""767.284547"", ""total_elapsed_ms"": ""13""}, ""name"": ""lkh-wrapper-v20"", ""objective"": 581.6281965500477, ""status"": ""ok"", ""time"": 0.013624, ""valid"": true}]","[[0, 68, 85, 86, 79, 98, 74, 93, 78, 42, 71, 95, 27, 91, 67, 47, 33, 18, 50, 62, 97, 59, 0], [0, 70, 41, 88, 89, 17, 48, 63, 32, 30, 45, 44, 5, 14, 80, 12, 6, 87, 65, 13, 36, 25, 49, 55, 38, 7, 84, 9, 46, 76, 35, 61, 64, 99, 54, 37, 10, 34, 51, 60, 82, 22, 3, 66, 39, 56, 28, 90, 69, 77, 1, 21, 2, 92, 24, 8, 26, 40, 53, 0], [0, 83, 73, 43, 58, 52, 57, 23, 16, 72, 11, 20, 31, 19, 4, 15, 75, 96, 94, 81, 29, 0]]"
clustered-center,clustered-center_n100_m3_r01.txt,data\mtsp\stratum1_small\clustered-center_n100_m3_r01.txt,100,3,lkh-wrapper-v21,494.69191980599993,2.247165,2.247002,True,ok,"[{""metadata"": {""after_final_2opt_sum"": ""582.389132"", ""after_inter_snapshot"": ""true"", ""after_inter_sum"": ""594.692781"", ""after_inter_valid"": ""true"", ""after_inter_validation_code"": ""0"", ""after_polish2_sum"": ""582.389132"", ""after_polish_sum"": ""705.740950"", ""baseline_2optgreed_budget_ms"": ""7800"", ""baseline_2optgreed_ms"": ""2"", ""baseline_2optgreed_passes_per_route"": ""2,3,3"", ""baseline_2optgreed_sum"": ""715.824299"", ""baseline_2optgreed_used_as_best"": ""true"", ""best_minsum_max"": ""494.691920"", ""best_minsum_sum"": ""494.691920"", ""candidate_count_global"": ""22"", ""candidate_count_local"": ""14"", ""effective_total_ms"": ""9800"", ""final_2opt_cap_ms"": ""9590"", ""final_2opt_elapsed_ms"": ""0"", ""inter_broken_by"": ""none"", ""inter_budget_ms"": ""2450"", ""inter_iters"": ""25"", ""inter_oropt_accepts"": ""5"", ""inter_relocate_accepts"": ""18"", ""inter_swap_accepts"": ""2"", ""node_count"": ""100"", ""omp_max_threads"": ""14"", ""omp_polish"": ""true"", ""phase8_accepts"": ""1"", ""phase8_iters"": ""1"", ""phase9_accepts"": ""1222"", ""phase9_best_updates"": ""34"", ""phase9_first_delta"": ""2.353"", ""phase9_iters"": ""5000"", ""phase9_last_delta"": ""10.108"", ""phase9_reserve_ms"": ""3000"", ""phase9_total_delta"": ""86.936277"", ""polish_phase_budget_ms"": ""3430"", ""popmusic_solutions"": ""0"", ""salesman_count"": ""3"", ""seed"": ""42"", ""seed_chosen"": ""savings"", ""seed_fast_sum"": ""1479.046731"", ""seed_minsum"": ""767.284547"", ""seed_polar_sum"": ""1096.146047"", ""seed_rr_sum"": ""789.357214"", ""seed_savings_sum"": ""767.284547"", ""total_elapsed_ms"": ""2246""}, ""name"": ""lkh-wrapper-v21"", ""objective"": 494.69191980599993, ""status"": ""ok"", ""time"": 2.247002, ""valid"": true}]","[[0, 0], [0, 68, 59, 85, 70, 41, 88, 74, 86, 79, 98, 33, 97, 62, 50, 18, 47, 67, 91, 27, 95, 71, 42, 78, 93, 89, 17, 48, 12, 6, 87, 13, 14, 80, 63, 5, 32, 30, 45, 44, 36, 25, 49, 55, 38, 7, 65, 84, 9, 46, 76, 35, 61, 64, 83, 73, 96, 43, 58, 52, 57, 23, 16, 72, 11, 20, 31, 19, 4, 75, 15, 34, 10, 37, 54, 99, 94, 81, 29, 40, 26, 8, 24, 92, 90, 69, 77, 1, 21, 2, 51, 60, 82, 22, 3, 66, 39, 56, 28, 53, 0], [0, 0]]"
clustered-center,clustered-center_n100_m3_r02.txt,data\mtsp\stratum1_small\clustered-center_n100_m3_r02.txt,100,3,rand+nn,1125.9255275462524,7.2e-05,4.2e-05,True,ok,"[{""name"": ""rand+nn"", ""objective"": 1125.9255275462524, ""status"": ""ok"", ""time"": 4.2e-05, ""valid"": true}]","[[0, 80, 34, 35, 49, 55, 19, 11, 23, 6, 77, 41, 53, 94, 52, 33, 45, 66, 28, 21, 31, 83, 15, 87, 78, 48, 37, 38, 63, 58, 5, 10, 71, 14, 0], [0, 73, 54, 74, 18, 29, 56, 57, 96, 65, 67, 16, 22, 50, 12, 7, 2, 46, 82, 43, 25, 8, 42, 17, 69, 99, 75, 30, 20, 86, 32, 98, 64, 68, 0], [0, 91, 61, 3, 92, 79, 4, 62, 27, 85, 97, 9, 47, 44, 89, 84, 39, 59, 93, 95, 13, 81, 70, 40, 90, 76, 24, 51, 36, 26, 88, 60, 1, 72, 0]]"
clustered-center,clustered-center_n100_m3_r02.txt,data\mtsp\stratum1_small\clustered-center_n100_m3_r02.txt,100,3,2opt+greed,895.8208618865422,0.000181,0.000154,True,ok,"[{""name"": ""2opt+greed"", ""objective"": 895.8208618865422, ""status"": ""ok"", ""time"": 0.000154, ""valid"": true}]","[[0, 92, 25, 78, 21, 72, 45, 52, 77, 29, 71, 68, 40, 14, 35, 34, 54, 10, 90, 86, 20, 58, 30, 32, 64, 36, 5, 51, 24, 75, 63, 76, 80, 73, 0], [0, 16, 84, 41, 39, 67, 49, 59, 55, 19, 11, 93, 56, 18, 74, 70, 95, 57, 96, 13, 81, 65, 6, 23, 33, 94, 66, 28, 79, 48, 43, 38, 26, 88, 0], [0, 91, 37, 61, 82, 3, 83, 15, 87, 46, 1, 53, 22, 89, 44, 47, 50, 9, 12, 2, 7, 97, 99, 85, 69, 27, 31, 62, 4, 17, 8, 42, 98, 60, 0]]"
clustered-center,clustered-center_n100_m3_r02.txt,data\mtsp\stratum1_small\clustered-center_n100_m3_r02.txt,100,3,lkh3-baseline,549.0805385090732,0.524183,0.524112,True,ok,"[{""metadata"": {""artifacts_dir"": ""C:\\Users\\ddkup\\AppData\\Local\\Temp\\mtsp_lkh3_baseline_runs\\run_1778080309682_41164_0"", ""exit_code"": ""0"", ""lkh3_wsl_bin"": ""/home/ddkup/bin/LKH"", ""objective_mode"": ""MINSUM"", ""output_tour_file"": ""C:\\Users\\ddkup\\AppData\\Local\\Temp\\mtsp_lkh3_baseline_runs\\run_1778080309682_41164_0\\output.tour"", ""params_file"": ""C:\\Users\\ddkup\\AppData\\Local\\Temp\\mtsp_lkh3_baseline_runs\\run_1778080309682_41164_0\\params.par"", ""params_wsl_path"": ""/mnt/c/Users/ddkup/AppData/Local/Temp/mtsp_lkh3_baseline_runs/run_1778080309682_41164_0/params.par"", ""problem_file"": ""C:\\Users\\ddkup\\AppData\\Local\\Temp\\mtsp_lkh3_baseline_runs\\run_1778080309682_41164_0\\problem.tsp"", ""result_file"": ""C:\\Users\\ddkup\\AppData\\Local\\Temp\\mtsp_lkh3_baseline_runs\\run_1778080309682_41164_0\\result.txt"", ""stderr_log"": ""C:\\Users\\ddkup\\AppData\\Local\\Temp\\mtsp_lkh3_baseline_runs\\run_1778080309682_41164_0\\stderr.log"", ""stdout_log"": ""C:\\Users\\ddkup\\AppData\\Local\\Temp\\mtsp_lkh3_baseline_runs\\run_1778080309682_41164_0\\stdout.log""}, ""name"": ""lkh3-baseline"", ""objective"": 549.0805385090732, ""status"": ""ok"", ""time"": 0.524112, ""valid"": true}]","[[0, 16, 0], [0, 91, 37, 46, 1, 12, 53, 22, 89, 44, 47, 50, 9, 7, 2, 87, 15, 83, 3, 61, 82, 78, 48, 92, 38, 43, 25, 8, 42, 17, 4, 79, 62, 31, 21, 27, 69, 85, 97, 99, 28, 66, 72, 45, 94, 52, 33, 77, 84, 41, 39, 67, 0], [0, 75, 63, 24, 51, 5, 36, 64, 98, 32, 88, 60, 26, 30, 58, 20, 76, 86, 90, 10, 74, 40, 18, 71, 68, 70, 95, 56, 29, 14, 93, 57, 96, 13, 81, 65, 6, 23, 11, 19, 55, 59, 49, 35, 34, 54, 80, 73, 0]]"
clustered-center,clustered-center_n100_m3_r02.txt,data\mtsp\stratum1_small\clustered-center_n100_m3_r02.txt,100,3,lkh-wrapper-v20,574.0781245410378,0.011289,0.011157,True,ok,"[{""metadata"": {""after_final_2opt_sum"": ""578.375935"", ""after_inter_snapshot"": ""true"", ""after_inter_sum"": ""589.518721"", ""after_inter_valid"": ""true"", ""after_inter_validation_code"": ""0"", ""after_polish2_sum"": ""585.006097"", ""after_polish_sum"": ""656.976033"", ""baseline_2optgreed_budget_ms"": ""7800"", ""baseline_2optgreed_ms"": ""1"", ""baseline_2optgreed_passes_per_route"": ""4,3,2"", ""baseline_2optgreed_sum"": ""895.820862"", ""baseline_2optgreed_used_as_best"": ""false"", ""best_minsum_max"": ""420.505391"", ""best_minsum_sum"": ""574.078125"", ""candidate_count_global"": ""22"", ""candidate_count_local"": ""14"", ""effective_total_ms"": ""9800"", ""final_2opt_cap_ms"": ""9590"", ""final_2opt_elapsed_ms"": ""0"", ""inter_broken_by"": ""none"", ""inter_budget_ms"": ""2450"", ""inter_iters"": ""10"", ""inter_oropt_accepts"": ""0"", ""inter_relocate_accepts"": ""10"", ""inter_swap_accepts"": ""0"", ""node_count"": ""100"", ""omp_max_threads"": ""14"", ""omp_polish"": ""true"", ""phase8_accepts"": ""4"", ""phase8_iters"": ""4"", ""polish_phase_budget_ms"": ""3430"", ""popmusic_solutions"": ""0"", ""salesman_count"": ""3"", ""seed"": ""42"", ""seed_chosen"": ""savings"", ""seed_fast_sum"": ""1283.715745"", ""seed_minsum"": ""748.553139"", ""seed_polar_sum"": ""1061.230182"", ""seed_rr_sum"": ""984.711703"", ""seed_savings_sum"": ""748.553139"", ""total_elapsed_ms"": ""11""}, ""name"": ""lkh-wrapper-v20"", ""objective"": 574.0781245410378, ""status"": ""ok"", ""time"": 0.011157, ""valid"": true}]","[[0, 16, 53, 1, 12, 2, 87, 15, 83, 3, 78, 48, 92, 82, 61, 46, 37, 91, 38, 43, 25, 8, 42, 17, 4, 79, 62, 31, 21, 72, 66, 28, 97, 99, 27, 69, 85, 7, 9, 50, 47, 45, 33, 52, 94, 44, 22, 89, 77, 84, 41, 39, 67, 34, 35, 54, 10, 90, 86, 20, 58, 26, 60, 88, 32, 98, 64, 36, 5, 51, 24, 75, 63, 30, 76, 0], [0, 49, 59, 55, 19, 11, 23, 6, 65, 81, 13, 70, 68, 96, 57, 93, 95, 56, 29, 14, 71, 18, 40, 74, 80, 73, 0], [0, 0]]"
clustered-center,clustered-center_n100_m3_r02.txt,data\mtsp\stratum1_small\clustered-center_n100_m3_r02.txt,100,3,lkh-wrapper-v21,508.9132094473205,2.296575,2.296254,True,ok,"[{""metadata"": {""after_final_2opt_sum"": ""578.375935"", ""after_inter_snapshot"": ""true"", ""after_inter_sum"": ""589.518721"", ""after_inter_valid"": ""true"", ""after_inter_validation_code"": ""0"", ""after_polish2_sum"": ""585.006097"", ""after_polish_sum"": ""656.976033"", ""baseline_2optgreed_budget_ms"": ""7800"", ""baseline_2optgreed_ms"": ""2"", ""baseline_2optgreed_passes_per_route"": ""4,3,2"", ""baseline_2optgreed_sum"": ""895.820862"", ""baseline_2optgreed_used_as_best"": ""false"", ""best_minsum_max"": ""508.913209"", ""best_minsum_sum"": ""508.913209"", ""candidate_count_global"": ""22"", ""candidate_count_local"": ""14"", ""effective_total_ms"": ""9800"", ""final_2opt_cap_ms"": ""9590"", ""final_2opt_elapsed_ms"": ""0"", ""inter_broken_by"": ""none"", ""inter_budget_ms"": ""2450"", ""inter_iters"": ""10"", ""inter_oropt_accepts"": ""0"", ""inter_relocate_accepts"": ""10"", ""inter_swap_accepts"": ""0"", ""node_count"": ""100"", ""omp_max_threads"": ""14"", ""omp_polish"": ""true"", ""phase8_accepts"": ""4"", ""phase8_iters"": ""4"", ""phase9_accepts"": ""1264"", ""phase9_best_updates"": ""22"", ""phase9_first_delta"": ""1.991"", ""phase9_iters"": ""5000"", ""phase9_last_delta"": ""11.495"", ""phase9_reserve_ms"": ""3000"", ""phase9_total_delta"": ""65.164915"", ""polish_phase_budget_ms"": ""3430"", ""popmusic_solutions"": ""0"", ""salesman_count"": ""3"", ""seed"": ""42"", ""seed_chosen"": ""savings"", ""seed_fast_sum"": ""1283.715745"", ""seed_minsum"": ""748.553139"", ""seed_polar_sum"": ""1061.230182"", ""seed_rr_sum"": ""984.711703"", ""seed_savings_sum"": ""748.553139"", ""total_elapsed_ms"": ""2296""}, ""name"": ""lkh-wrapper-v21"", ""objective"": 508.9132094473205, ""status"": ""ok"", ""time"": 2.296254, ""valid"": true}]","[[0, 73, 80, 76, 63, 75, 24, 51, 5, 36, 64, 98, 32, 88, 60, 26, 30, 58, 20, 86, 90, 10, 54, 34, 35, 14, 29, 56, 93, 57, 96, 95, 71, 18, 40, 74, 68, 70, 13, 81, 65, 6, 23, 11, 19, 55, 59, 49, 67, 39, 41, 16, 84, 77, 33, 52, 94, 45, 72, 66, 28, 99, 97, 85, 69, 27, 21, 31, 62, 79, 4, 17, 42, 8, 25, 43, 38, 92, 48, 78, 82, 61, 3, 83, 15, 87, 2, 7, 9, 50, 47, 44, 89, 22, 53, 12, 1, 46, 37, 91, 0], [0, 0], [0, 0]]"
clustered-center,clustered-center_n100_m3_r03.txt,data\mtsp\stratum1_small\clustered-center_n100_m3_r03.txt,100,3,rand+nn,1148.2278437835287,8.3e-05,4.8e-05,True,ok,"[{""name"": ""rand+nn"", ""objective"": 1148.2278437835287, ""status"": ""ok"", ""time"": 4.8e-05, ""valid"": true}]","[[0, 31, 41, 37, 5, 19, 66, 53, 87, 21, 28, 63, 38, 10, 45, 48, 34, 83, 14, 55, 11, 49, 71, 77, 23, 6, 78, 94, 15, 33, 35, 58, 80, 52, 0], [0, 22, 74, 56, 65, 43, 50, 64, 73, 16, 96, 12, 42, 67, 2, 8, 46, 69, 17, 86, 75, 20, 32, 98, 25, 54, 18, 29, 99, 68, 7, 57, 30, 82, 0], [0, 3, 61, 1, 39, 84, 79, 88, 85, 62, 40, 97, 90, 27, 13, 72, 24, 70, 9, 59, 95, 81, 76, 26, 89, 91, 47, 60, 36, 4, 93, 51, 44, 92, 0]]"
clustered-center,clustered-center_n100_m3_r03.txt,data\mtsp\stratum1_small\clustered-center_n100_m3_r03.txt,100,3,2opt+greed,705.5019933480992,0.000217,0.000188,True,ok,"[{""name"": ""2opt+greed"", ""objective"": 705.5019933480992, ""status"": ""ok"", ""time"": 0.000188, ""valid"": true}]","[[0, 3, 43, 51, 93, 50, 6, 67, 23, 77, 83, 34, 45, 88, 79, 10, 82, 85, 40, 53, 87, 69, 46, 21, 1, 28, 8, 38, 2, 63, 39, 84, 48, 22, 0], [0, 31, 20, 41, 90, 27, 32, 25, 33, 98, 15, 35, 58, 81, 57, 80, 72, 24, 70, 13, 42, 49, 12, 26, 89, 91, 64, 47, 16, 96, 60, 92, 36, 44, 0], [0, 71, 73, 4, 55, 76, 11, 14, 65, 56, 74, 94, 62, 97, 66, 17, 19, 99, 68, 59, 52, 95, 30, 7, 9, 54, 18, 29, 37, 75, 86, 5, 61, 78, 0]]"
clustered-center,clustered-center_n100_m3_r03.txt,data\mtsp\stratum1_small\clustered-center_n100_m3_r03.txt,100,3,lkh3-baseline,492.4969032547724,0.535287,0.535224,True,ok,"[{""metadata"": {""artifacts_dir"": ""C:\\Users\\ddkup\\AppData\\Local\\Temp\\mtsp_lkh3_baseline_runs\\run_1778080312690_40236_0"", ""exit_code"": ""0"", ""lkh3_wsl_bin"": ""/home/ddkup/bin/LKH"", ""objective_mode"": ""MINSUM"", ""output_tour_file"": ""C:\\Users\\ddkup\\AppData\\Local\\Temp\\mtsp_lkh3_baseline_runs\\run_1778080312690_40236_0\\output.tour"", ""params_file"": ""C:\\Users\\ddkup\\AppData\\Local\\Temp\\mtsp_lkh3_baseline_runs\\run_1778080312690_40236_0\\params.par"", ""params_wsl_path"": ""/mnt/c/Users/ddkup/AppData/Local/Temp/mtsp_lkh3_baseline_runs/run_1778080312690_40236_0/params.par"", ""problem_file"": ""C:\\Users\\ddkup\\AppData\\Local\\Temp\\mtsp_lkh3_baseline_runs\\run_1778080312690_40236_0\\problem.tsp"", ""result_file"": ""C:\\Users\\ddkup\\AppData\\Local\\Temp\\mtsp_lkh3_baseline_runs\\run_1778080312690_40236_0\\result.txt"", ""stderr_log"": ""C:\\Users\\ddkup\\AppData\\Local\\Temp\\mtsp_lkh3_baseline_runs\\run_1778080312690_40236_0\\stderr.log"", ""stdout_log"": ""C:\\Users\\ddkup\\AppData\\Local\\Temp\\mtsp_lkh3_baseline_runs\\run_1778080312690_40236_0\\stdout.log""}, ""name"": ""lkh3-baseline"", ""objective"": 492.4969032547724, ""status"": ""ok"", ""time"": 0.535224, ""valid"": true}]","[[0, 31, 20, 90, 32, 27, 13, 70, 24, 72, 80, 57, 58, 81, 30, 95, 68, 99, 59, 52, 7, 9, 35, 25, 33, 98, 15, 54, 18, 29, 41, 37, 75, 5, 86, 19, 17, 66, 97, 40, 53, 87, 69, 46, 21, 1, 28, 8, 38, 2, 63, 39, 85, 62, 94, 82, 10, 79, 84, 88, 45, 48, 22, 74, 34, 44, 83, 43, 51, 93, 50, 77, 23, 67, 6, 4, 36, 64, 60, 92, 96, 16, 47, 73, 91, 89, 26, 12, 71, 49, 42, 11, 76, 55, 14, 65, 56, 0], [0, 61, 78, 0], [0, 3, 0]]"
clustered-center,clustered-center_n100_m3_r03.txt,data\mtsp\stratum1_small\clustered-center_n100_m3_r03.txt,100,3,lkh-wrapper-v20,581.4212618160348,0.015877,0.015763,True,ok,"[{""metadata"": {""after_final_2opt_sum"": ""581.421262"", ""after_inter_snapshot"": ""true"", ""after_inter_sum"": ""595.618422"", ""after_inter_valid"": ""true"", ""after_inter_validation_code"": ""0"", ""after_polish2_sum"": ""593.753741"", ""after_polish_sum"": ""704.836434"", ""baseline_2optgreed_budget_ms"": ""7800"", ""baseline_2optgreed_ms"": ""1"", ""baseline_2optgreed_passes_per_route"": ""3,3,5"", ""baseline_2optgreed_sum"": ""705.501993"", ""baseline_2optgreed_used_as_best"": ""true"", ""best_minsum_max"": ""218.095978"", ""best_minsum_sum"": ""581.421262"", ""candidate_count_global"": ""22"", ""candidate_count_local"": ""14"", ""effective_total_ms"": ""9800"", ""final_2opt_cap_ms"": ""9585"", ""final_2opt_elapsed_ms"": ""0"", ""inter_broken_by"": ""none"", ""inter_budget_ms"": ""2450"", ""inter_iters"": ""34"", ""inter_oropt_accepts"": ""3"", ""inter_relocate_accepts"": ""30"", ""inter_swap_accepts"": ""1"", ""node_count"": ""100"", ""omp_max_threads"": ""14"", ""omp_polish"": ""true"", ""phase8_accepts"": ""0"", ""phase8_iters"": ""0"", ""polish_phase_budget_ms"": ""3430"", ""popmusic_solutions"": ""0"", ""salesman_count"": ""3"", ""seed"": ""42"", ""seed_chosen"": ""savings"", ""seed_fast_sum"": ""1090.709229"", ""seed_minsum"": ""725.959680"", ""seed_polar_sum"": ""1057.221289"", ""seed_rr_sum"": ""809.556965"", ""seed_savings_sum"": ""725.959680"", ""total_elapsed_ms"": ""15""}, ""name"": ""lkh-wrapper-v20"", ""objective"": 581.4212618160348, ""status"": ""ok"", ""time"": 0.015763, ""valid"": true}]","[[0, 61, 78, 8, 38, 2, 63, 39, 79, 88, 45, 48, 74, 34, 83, 44, 77, 23, 67, 6, 4, 50, 93, 51, 43, 14, 65, 56, 3, 0], [0, 31, 20, 90, 27, 32, 25, 33, 98, 15, 35, 58, 81, 57, 80, 72, 24, 70, 13, 42, 49, 71, 96, 16, 47, 73, 91, 60, 92, 36, 64, 89, 26, 12, 55, 76, 11, 0], [0, 41, 29, 18, 54, 9, 7, 30, 95, 52, 59, 68, 99, 37, 75, 5, 86, 19, 17, 97, 66, 53, 40, 87, 69, 46, 21, 1, 28, 85, 62, 94, 82, 10, 84, 22, 0]]"
clustered-center,clustered-center_n100_m3_r03.txt,data\mtsp\stratum1_small\clustered-center_n100_m3_r03.txt,100,3,lkh-wrapper-v21,473.6711405237472,2.241854,2.241738,True,ok,"[{""metadata"": {""after_final_2opt_sum"": ""581.421262"", ""after_inter_snapshot"": ""true"", ""after_inter_sum"": ""595.618422"", ""after_inter_valid"": ""true"", ""after_inter_validation_code"": ""0"", ""after_polish2_sum"": ""593.753741"", ""after_polish_sum"": ""704.836434"", ""baseline_2optgreed_budget_ms"": ""7800"", ""baseline_2optgreed_ms"": ""2"", ""baseline_2optgreed_passes_per_route"": ""3,3,5"", ""baseline_2optgreed_sum"": ""705.501993"", ""baseline_2optgreed_used_as_best"": ""true"", ""best_minsum_max"": ""473.671141"", ""best_minsum_sum"": ""473.671141"", ""candidate_count_global"": ""22"", ""candidate_count_local"": ""14"", ""effective_total_ms"": ""9800"", ""final_2opt_cap_ms"": ""9586"", ""final_2opt_elapsed_ms"": ""0"", ""inter_broken_by"": ""none"", ""inter_budget_ms"": ""2450"", ""inter_iters"": ""34"", ""inter_oropt_accepts"": ""3"", ""inter_relocate_accepts"": ""30"", ""inter_swap_accepts"": ""1"", ""node_count"": ""100"", ""omp_max_threads"": ""14"", ""omp_polish"": ""true"", ""phase8_accepts"": ""0"", ""phase8_iters"": ""0"", ""phase9_accepts"": ""1178"", ""phase9_best_updates"": ""33"", ""phase9_first_delta"": ""0.664"", ""phase9_iters"": ""5000"", ""phase9_last_delta"": ""13.357"", ""phase9_reserve_ms"": ""3000"", ""phase9_total_delta"": ""107.750121"", ""polish_phase_budget_ms"": ""3430"", ""popmusic_solutions"": ""0"", ""salesman_count"": ""3"", ""seed"": ""42"", ""seed_chosen"": ""savings"", ""seed_fast_sum"": ""1090.709229"", ""seed_minsum"": ""725.959680"", ""seed_polar_sum"": ""1057.221289"", ""seed_rr_sum"": ""809.556965"", ""seed_savings_sum"": ""725.959680"", ""total_elapsed_ms"": ""2241""}, ""name"": ""lkh-wrapper-v21"", ""objective"": 473.6711405237472, ""status"": ""ok"", ""time"": 2.241738, ""valid"": true}]","[[0, 0], [0, 0], [0, 31, 20, 90, 32, 27, 13, 70, 24, 72, 80, 57, 58, 81, 30, 95, 68, 99, 59, 52, 7, 9, 35, 25, 33, 98, 15, 54, 18, 29, 41, 37, 75, 5, 86, 19, 17, 97, 66, 53, 40, 87, 69, 46, 21, 1, 28, 8, 38, 2, 63, 39, 85, 62, 94, 82, 10, 79, 84, 88, 45, 48, 74, 34, 44, 83, 43, 51, 93, 50, 77, 23, 67, 6, 4, 36, 64, 60, 92, 96, 16, 47, 73, 91, 89, 26, 12, 71, 49, 42, 11, 76, 55, 14, 65, 56, 22, 78, 61, 3, 0]]"
clustered-center,clustered-center_n100_m5_r01.txt,data\mtsp\stratum1_small\clustered-center_n100_m5_r01.txt,100,5,rand+nn,1283.9360541380408,7.1e-05,4.1e-05,True,ok,"[{""name"": ""rand+nn"", ""objective"": 1283.9360541380408, ""status"": ""ok"", ""time"": 4.1e-05, ""valid"": true}]","[[0, 48, 34, 90, 82, 54, 98, 84, 17, 10, 1, 9, 5, 65, 81, 77, 3, 99, 52, 6, 13, 0], [0, 66, 92, 12, 11, 43, 46, 87, 24, 76, 53, 36, 71, 70, 14, 25, 20, 91, 7, 63, 8, 0], [0, 18, 74, 40, 58, 72, 19, 16, 55, 33, 44, 23, 30, 61, 59, 21, 39, 96, 22, 29, 93, 0], [0, 2, 60, 79, 56, 35, 88, 50, 15, 85, 78, 75, 51, 69, 27, 37, 42, 62, 80, 28, 41, 0], [0, 26, 67, 97, 47, 73, 64, 95, 32, 4, 31, 94, 86, 45, 68, 57, 83, 38, 89, 49, 0]]"
clustered-center,clustered-center_n100_m5_r01.txt,data\mtsp\stratum1_small\clustered-center_n100_m5_r01.txt,100,5,2opt+greed,1028.0704875502197,0.000151,0.000125,True,ok,"[{""name"": ""2opt+greed"", ""objective"": 1028.0704875502197, ""status"": ""ok"", ""time"": 0.000125, ""valid"": true}]","[[0, 2, 76, 79, 72, 64, 19, 87, 41, 98, 95, 32, 25, 84, 17, 37, 1, 22, 29, 9, 65, 0], [0, 26, 92, 67, 47, 73, 90, 58, 70, 51, 33, 78, 6, 30, 83, 61, 63, 38, 62, 8, 49, 0], [0, 48, 60, 97, 40, 82, 43, 53, 16, 94, 55, 31, 69, 52, 7, 99, 57, 80, 42, 93, 28, 0], [0, 34, 18, 74, 46, 56, 35, 36, 14, 4, 75, 44, 23, 45, 68, 10, 21, 39, 96, 5, 81, 0], [0, 66, 12, 11, 24, 88, 54, 71, 50, 15, 86, 85, 13, 27, 20, 91, 59, 89, 77, 3, 0]]"
clustered-center,clustered-center_n100_m5_r01.txt,data\mtsp\stratum1_small\clustered-center_n100_m5_r01.txt,100,5,lkh3-baseline,516.7512557019518,0.508593,0.508501,True,ok,"[{""metadata"": {""artifacts_dir"": ""C:\\Users\\ddkup\\AppData\\Local\\Temp\\mtsp_lkh3_baseline_runs\\run_1778080315648_25416_0"", ""exit_code"": ""0"", ""lkh3_wsl_bin"": ""/home/ddkup/bin/LKH"", ""objective_mode"": ""MINSUM"", ""output_tour_file"": ""C:\\Users\\ddkup\\AppData\\Local\\Temp\\mtsp_lkh3_baseline_runs\\run_1778080315648_25416_0\\output.tour"", ""params_file"": ""C:\\Users\\ddkup\\AppData\\Local\\Temp\\mtsp_lkh3_baseline_runs\\run_1778080315648_25416_0\\params.par"", ""params_wsl_path"": ""/mnt/c/Users/ddkup/AppData/Local/Temp/mtsp_lkh3_baseline_runs/run_1778080315648_25416_0/params.par"", ""problem_file"": ""C:\\Users\\ddkup\\AppData\\Local\\Temp\\mtsp_lkh3_baseline_runs\\run_1778080315648_25416_0\\problem.tsp"", ""result_file"": ""C:\\Users\\ddkup\\AppData\\Local\\Temp\\mtsp_lkh3_baseline_runs\\run_1778080315648_25416_0\\result.txt"", ""stderr_log"": ""C:\\Users\\ddkup\\AppData\\Local\\Temp\\mtsp_lkh3_baseline_runs\\run_1778080315648_25416_0\\stderr.log"", ""stdout_log"": ""C:\\Users\\ddkup\\AppData\\Local\\Temp\\mtsp_lkh3_baseline_runs\\run_1778080315648_25416_0\\stdout.log""}, ""name"": ""lkh3-baseline"", ""objective"": 516.7512557019518, ""status"": ""ok"", ""time"": 0.508501, ""valid"": true}]","[[0, 2, 0], [0, 95, 32, 25, 84, 45, 17, 68, 37, 10, 91, 59, 21, 39, 96, 1, 22, 81, 29, 65, 9, 5, 49, 28, 3, 93, 8, 77, 89, 38, 42, 62, 80, 83, 57, 63, 61, 99, 7, 20, 27, 23, 44, 52, 30, 69, 6, 78, 33, 51, 75, 4, 98, 41, 14, 70, 16, 13, 31, 85, 86, 55, 94, 15, 50, 71, 36, 53, 0], [0, 66, 92, 60, 67, 18, 34, 48, 0], [0, 58, 12, 54, 88, 11, 43, 24, 87, 46, 56, 35, 82, 40, 74, 90, 97, 47, 73, 19, 64, 72, 79, 76, 0], [0, 26, 0]]"
clustered-center,clustered-center_n100_m5_r01.txt,data\mtsp\stratum1_small\clustered-center_n100_m5_r01.txt,100,5,lkh-wrapper-v20,481.1762310949449,0.011756,0.011626,True,ok,"[{""metadata"": {""after_final_2opt_sum"": ""481.176231"", ""after_inter_snapshot"": ""true"", ""after_inter_sum"": ""493.043300"", ""after_inter_valid"": ""true"", ""after_inter_validation_code"": ""0"", ""after_polish2_sum"": ""481.530026"", ""after_polish_sum"": ""711.115863"", ""baseline_2optgreed_budget_ms"": ""7800"", ""baseline_2optgreed_ms"": ""2"", ""baseline_2optgreed_passes_per_route"": ""2,3,2,2,3"", ""baseline_2optgreed_sum"": ""1028.070488"", ""baseline_2optgreed_used_as_best"": ""false"", ""best_minsum_max"": ""316.562819"", ""best_minsum_sum"": ""481.176231"", ""candidate_count_global"": ""22"", ""candidate_count_local"": ""14"", ""effective_total_ms"": ""9800"", ""final_2opt_cap_ms"": ""9589"", ""final_2opt_elapsed_ms"": ""0"", ""inter_broken_by"": ""none"", ""inter_budget_ms"": ""2450"", ""inter_iters"": ""3"", ""inter_oropt_accepts"": ""0"", ""inter_relocate_accepts"": ""3"", ""inter_swap_accepts"": ""0"", ""node_count"": ""100"", ""omp_max_threads"": ""14"", ""omp_polish"": ""true"", ""phase8_accepts"": ""0"", ""phase8_iters"": ""0"", ""polish_phase_budget_ms"": ""3430"", ""popmusic_solutions"": ""0"", ""salesman_count"": ""5"", ""seed"": ""42"", ""seed_chosen"": ""savings"", ""seed_fast_sum"": ""1229.065980"", ""seed_minsum"": ""860.752013"", ""seed_polar_sum"": ""1143.287018"", ""seed_rr_sum"": ""1055.308729"", ""seed_savings_sum"": ""860.752013"", ""total_elapsed_ms"": ""11""}, ""name"": ""lkh-wrapper-v20"", ""objective"": 481.1762310949449, ""status"": ""ok"", ""time"": 0.011626, ""valid"": true}]","[[0, 2, 34, 48, 92, 60, 67, 18, 76, 79, 72, 64, 19, 73, 47, 97, 90, 74, 40, 82, 35, 56, 46, 87, 24, 43, 11, 88, 54, 58, 12, 66, 26, 0], [0, 95, 32, 25, 84, 17, 68, 1, 22, 81, 29, 65, 9, 5, 49, 28, 3, 93, 8, 77, 89, 39, 96, 37, 10, 21, 91, 59, 38, 42, 62, 80, 83, 57, 63, 61, 99, 7, 20, 27, 45, 23, 44, 52, 30, 69, 6, 31, 85, 86, 55, 94, 15, 50, 71, 16, 13, 78, 33, 51, 75, 4, 98, 41, 14, 70, 36, 53, 0], [0, 0], [0, 0], [0, 0]]"
clustered-center,clustered-center_n100_m5_r01.txt,data\mtsp\stratum1_small\clustered-center_n100_m5_r01.txt,100,5,lkh-wrapper-v21,452.7867785252292,2.550284,2.550135,True,ok,"[{""metadata"": {""after_final_2opt_sum"": ""481.176231"", ""after_inter_snapshot"": ""true"", ""after_inter_sum"": ""493.043300"", ""after_inter_valid"": ""true"", ""after_inter_validation_code"": ""0"", ""after_polish2_sum"": ""481.530026"", ""after_polish_sum"": ""711.115863"", ""baseline_2optgreed_budget_ms"": ""7800"", ""baseline_2optgreed_ms"": ""2"", ""baseline_2optgreed_passes_per_route"": ""2,3,2,2,3"", ""baseline_2optgreed_sum"": ""1028.070488"", ""baseline_2optgreed_used_as_best"": ""false"", ""best_minsum_max"": ""452.786779"", ""best_minsum_sum"": ""452.786779"", ""candidate_count_global"": ""22"", ""candidate_count_local"": ""14"", ""effective_total_ms"": ""9800"", ""final_2opt_cap_ms"": ""9589"", ""final_2opt_elapsed_ms"": ""0"", ""inter_broken_by"": ""none"", ""inter_budget_ms"": ""2450"", ""inter_iters"": ""3"", ""inter_oropt_accepts"": ""0"", ""inter_relocate_accepts"": ""3"", ""inter_swap_accepts"": ""0"", ""node_count"": ""100"", ""omp_max_threads"": ""14"", ""omp_polish"": ""true"", ""phase8_accepts"": ""0"", ""phase8_iters"": ""0"", ""phase9_accepts"": ""1113"", ""phase9_best_updates"": ""17"", ""phase9_first_delta"": ""0.000"", ""phase9_iters"": ""5000"", ""phase9_last_delta"": ""13.412"", ""phase9_reserve_ms"": ""3000"", ""phase9_total_delta"": ""28.389453"", ""polish_phase_budget_ms"": ""3430"", ""popmusic_solutions"": ""0"", ""salesman_count"": ""5"", ""seed"": ""42"", ""seed_chosen"": ""savings"", ""seed_fast_sum"": ""1229.065980"", ""seed_minsum"": ""860.752013"", ""seed_polar_sum"": ""1143.287018"", ""seed_rr_sum"": ""1055.308729"", ""seed_savings_sum"": ""860.752013"", ""total_elapsed_ms"": ""2550""}, ""name"": ""lkh-wrapper-v21"", ""objective"": 452.7867785252292, ""status"": ""ok"", ""time"": 2.550135, ""valid"": true}]","[[0, 0], [0, 2, 26, 66, 92, 60, 48, 34, 18, 67, 76, 79, 72, 64, 19, 73, 47, 97, 90, 74, 40, 82, 35, 56, 46, 87, 24, 43, 11, 88, 54, 12, 58, 53, 36, 71, 50, 15, 94, 55, 86, 85, 31, 13, 16, 70, 14, 41, 98, 4, 75, 51, 33, 78, 6, 69, 30, 52, 44, 23, 27, 20, 7, 99, 61, 63, 57, 83, 80, 62, 42, 38, 89, 77, 8, 93, 3, 28, 49, 5, 9, 65, 29, 81, 22, 1, 96, 39, 21, 59, 91, 10, 37, 68, 17, 45, 84, 25, 32, 95, 0], [0, 0], [0, 0], [0, 0]]"
clustered-center,clustered-center_n100_m5_r02.txt,data\mtsp\stratum1_small\clustered-center_n100_m5_r02.txt,100,5,rand+nn,1685.4780368563443,7.7e-05,4.4e-05,True,ok,"[{""name"": ""rand+nn"", ""objective"": 1685.4780368563443, ""status"": ""ok"", ""time"": 4.4e-05, ""valid"": true}]","[[0, 54, 84, 77, 90, 5, 99, 9, 6, 34, 52, 81, 3, 13, 65, 48, 1, 98, 17, 10, 82, 0], [0, 12, 70, 53, 92, 24, 14, 87, 63, 46, 7, 8, 71, 20, 25, 43, 66, 91, 36, 11, 76, 0], [0, 16, 40, 18, 22, 33, 23, 96, 55, 58, 93, 19, 72, 59, 21, 39, 29, 44, 74, 30, 61, 0], [0, 69, 15, 62, 41, 42, 37, 85, 88, 79, 50, 60, 78, 28, 80, 27, 35, 2, 51, 75, 56, 0], [0, 49, 86, 4, 67, 68, 38, 89, 73, 31, 97, 26, 57, 32, 94, 45, 47, 95, 64, 83, 0]]"
clustered-center,clustered-center_n100_m5_r02.txt,data\mtsp\stratum1_small\clustered-center_n100_m5_r02.txt,100,5,2opt+greed,1189.584873709139,0.000144,0.00012,True,ok,"[{""name"": ""2opt+greed"", ""objective"": 1189.584873709139, ""status"": ""ok"", ""time"": 0.00012, ""valid"": true}]","[[0, 54, 72, 84, 11, 76, 45, 58, 25, 43, 47, 77, 60, 66, 78, 80, 21, 59, 39, 35, 64, 0], [0, 16, 69, 49, 46, 62, 4, 18, 68, 89, 73, 48, 33, 98, 88, 17, 50, 27, 19, 29, 34, 0], [0, 12, 70, 99, 6, 9, 24, 52, 81, 75, 74, 14, 13, 30, 61, 92, 3, 53, 2, 95, 51, 0], [0, 87, 63, 15, 65, 86, 40, 67, 38, 1, 22, 41, 42, 23, 96, 57, 93, 91, 5, 56, 44, 0], [0, 10, 85, 82, 37, 31, 97, 26, 20, 94, 71, 79, 55, 32, 8, 7, 90, 28, 36, 83, 0]]"
clustered-center,clustered-center_n100_m5_r02.txt,data\mtsp\stratum1_small\clustered-center_n100_m5_r02.txt,100,5,lkh3-baseline,706.1461306712472,0.516465,0.516412,True,ok,"[{""metadata"": {""artifacts_dir"": ""C:\\Users\\ddkup\\AppData\\Local\\Temp\\mtsp_lkh3_baseline_runs\\run_1778080318899_34232_0"", ""exit_code"": ""0"", ""lkh3_wsl_bin"": ""/home/ddkup/bin/LKH"", ""objective_mode"": ""MINSUM"", ""output_tour_file"": ""C:\\Users\\ddkup\\AppData\\Local\\Temp\\mtsp_lkh3_baseline_runs\\run_1778080318899_34232_0\\output.tour"", ""params_file"": ""C:\\Users\\ddkup\\AppData\\Local\\Temp\\mtsp_lkh3_baseline_runs\\run_1778080318899_34232_0\\params.par"", ""params_wsl_path"": ""/mnt/c/Users/ddkup/AppData/Local/Temp/mtsp_lkh3_baseline_runs/run_1778080318899_34232_0/params.par"", ""problem_file"": ""C:\\Users\\ddkup\\AppData\\Local\\Temp\\mtsp_lkh3_baseline_runs\\run_1778080318899_34232_0\\problem.tsp"", ""result_file"": ""C:\\Users\\ddkup\\AppData\\Local\\Temp\\mtsp_lkh3_baseline_runs\\run_1778080318899_34232_0\\result.txt"", ""stderr_log"": ""C:\\Users\\ddkup\\AppData\\Local\\Temp\\mtsp_lkh3_baseline_runs\\run_1778080318899_34232_0\\stderr.log"", ""stdout_log"": ""C:\\Users\\ddkup\\AppData\\Local\\Temp\\mtsp_lkh3_baseline_runs\\run_1778080318899_34232_0\\stdout.log""}, ""name"": ""lkh3-baseline"", ""objective"": 706.1461306712472, ""status"": ""ok"", ""time"": 0.516412, ""valid"": true}]","[[0, 54, 72, 93, 91, 19, 36, 5, 29, 35, 39, 59, 28, 78, 21, 80, 27, 90, 66, 60, 77, 47, 43, 25, 58, 45, 76, 84, 11, 0], [0, 87, 0], [0, 7, 8, 32, 55, 79, 71, 94, 20, 26, 97, 50, 57, 96, 23, 42, 82, 37, 31, 85, 10, 17, 88, 98, 33, 41, 48, 22, 73, 1, 89, 38, 68, 67, 40, 18, 4, 62, 86, 65, 46, 15, 63, 49, 69, 0], [0, 44, 2, 95, 51, 53, 3, 92, 61, 30, 13, 14, 74, 75, 81, 52, 24, 34, 56, 64, 83, 6, 9, 99, 70, 12, 0], [0, 16, 0]]"
clustered-center,clustered-center_n100_m5_r02.txt,data\mtsp\stratum1_small\clustered-center_n100_m5_r02.txt,100,5,lkh-wrapper-v20,622.0697693787334,0.011444,0.01133,True,ok,"[{""metadata"": {""after_final_2opt_sum"": ""622.069769"", ""after_inter_snapshot"": ""true"", ""after_inter_sum"": ""628.720031"", ""after_inter_valid"": ""true"", ""after_inter_validation_code"": ""0"", ""after_polish2_sum"": ""628.720031"", ""after_polish_sum"": ""799.239770"", ""baseline_2optgreed_budget_ms"": ""7800"", ""baseline_2optgreed_ms"": ""2"", ""baseline_2optgreed_passes_per_route"": ""2,1,3,3,2"", ""baseline_2optgreed_sum"": ""1189.584874"", ""baseline_2optgreed_used_as_best"": ""false"", ""best_minsum_max"": ""439.014892"", ""best_minsum_sum"": ""622.069769"", ""candidate_count_global"": ""22"", ""candidate_count_local"": ""14"", ""effective_total_ms"": ""9800"", ""final_2opt_cap_ms"": ""9589"", ""final_2opt_elapsed_ms"": ""0"", ""inter_broken_by"": ""none"", ""inter_budget_ms"": ""2450"", ""inter_iters"": ""6"", ""inter_oropt_accepts"": ""0"", ""inter_relocate_accepts"": ""6"", ""inter_swap_accepts"": ""0"", ""node_count"": ""100"", ""omp_max_threads"": ""14"", ""omp_polish"": ""true"", ""phase8_accepts"": ""0"", ""phase8_iters"": ""0"", ""polish_phase_budget_ms"": ""3430"", ""popmusic_solutions"": ""0"", ""salesman_count"": ""5"", ""seed"": ""42"", ""seed_chosen"": ""savings"", ""seed_fast_sum"": ""1316.834009"", ""seed_minsum"": ""885.745958"", ""seed_polar_sum"": ""1266.571129"", ""seed_rr_sum"": ""1214.525103"", ""seed_savings_sum"": ""885.745958"", ""total_elapsed_ms"": ""11""}, ""name"": ""lkh-wrapper-v20"", ""objective"": 622.0697693787334, ""status"": ""ok"", ""time"": 0.01133, ""valid"": true}]","[[0, 54, 11, 84, 72, 93, 91, 19, 36, 5, 29, 35, 39, 59, 21, 80, 27, 90, 78, 28, 66, 60, 43, 77, 47, 25, 58, 45, 76, 0], [0, 12, 70, 99, 44, 2, 95, 51, 53, 3, 92, 81, 52, 24, 9, 6, 83, 64, 56, 34, 75, 74, 14, 13, 30, 61, 87, 16, 69, 49, 63, 15, 46, 65, 86, 62, 4, 18, 40, 67, 68, 38, 89, 1, 73, 22, 48, 41, 33, 42, 23, 96, 57, 50, 37, 82, 31, 85, 10, 17, 98, 88, 97, 26, 20, 94, 71, 79, 55, 32, 8, 7, 0], [0, 0], [0, 0], [0, 0]]"
clustered-center,clustered-center_n100_m5_r02.txt,data\mtsp\stratum1_small\clustered-center_n100_m5_r02.txt,100,5,lkh-wrapper-v21,588.20506856115,2.290604,2.29046,True,ok,"[{""metadata"": {""after_final_2opt_sum"": ""622.069769"", ""after_inter_snapshot"": ""true"", ""after_inter_sum"": ""628.720031"", ""after_inter_valid"": ""true"", ""after_inter_validation_code"": ""0"", ""after_polish2_sum"": ""628.720031"", ""after_polish_sum"": ""799.239770"", ""baseline_2optgreed_budget_ms"": ""7800"", ""baseline_2optgreed_ms"": ""1"", ""baseline_2optgreed_passes_per_route"": ""2,1,3,3,2"", ""baseline_2optgreed_sum"": ""1189.584874"", ""baseline_2optgreed_used_as_best"": ""false"", ""best_minsum_max"": ""588.205069"", ""best_minsum_sum"": ""588.205069"", ""candidate_count_global"": ""22"", ""candidate_count_local"": ""14"", ""effective_total_ms"": ""9800"", ""final_2opt_cap_ms"": ""9590"", ""final_2opt_elapsed_ms"": ""0"", ""inter_broken_by"": ""none"", ""inter_budget_ms"": ""2450"", ""inter_iters"": ""6"", ""inter_oropt_accepts"": ""0"", ""inter_relocate_accepts"": ""6"", ""inter_swap_accepts"": ""0"", ""node_count"": ""100"", ""omp_max_threads"": ""14"", ""omp_polish"": ""true"", ""phase8_accepts"": ""0"", ""phase8_iters"": ""0"", ""phase9_accepts"": ""1156"", ""phase9_best_updates"": ""14"", ""phase9_first_delta"": ""0.000"", ""phase9_iters"": ""5000"", ""phase9_last_delta"": ""-0.361"", ""phase9_reserve_ms"": ""3000"", ""phase9_total_delta"": ""33.864701"", ""polish_phase_budget_ms"": ""3430"", ""popmusic_solutions"": ""0"", ""salesman_count"": ""5"", ""seed"": ""42"", ""seed_chosen"": ""savings"", ""seed_fast_sum"": ""1316.834009"", ""seed_minsum"": ""885.745958"", ""seed_polar_sum"": ""1266.571129"", ""seed_rr_sum"": ""1214.525103"", ""seed_savings_sum"": ""885.745958"", ""total_elapsed_ms"": ""2290""}, ""name"": ""lkh-wrapper-v21"", ""objective"": 588.20506856115, ""status"": ""ok"", ""time"": 2.29046, ""valid"": true}]","[[0, 0], [0, 54, 72, 11, 84, 93, 91, 19, 36, 5, 29, 35, 39, 59, 28, 78, 21, 80, 27, 90, 66, 60, 77, 47, 43, 25, 58, 45, 76, 7, 8, 32, 55, 79, 71, 94, 20, 26, 97, 50, 57, 96, 23, 42, 82, 37, 31, 85, 10, 17, 88, 98, 33, 41, 48, 22, 73, 1, 89, 38, 68, 67, 40, 18, 4, 62, 86, 65, 46, 15, 63, 49, 69, 16, 87, 61, 30, 13, 14, 74, 75, 92, 3, 53, 51, 95, 2, 44, 81, 52, 24, 34, 56, 64, 83, 6, 9, 99, 70, 12, 0], [0, 0], [0, 0], [0, 0]]"
clustered-center,clustered-center_n100_m5_r03.txt,data\mtsp\stratum1_small\clustered-center_n100_m5_r03.txt,100,5,rand+nn,1546.9462789010433,8.6e-05,4.5e-05,True,ok,"[{""name"": ""rand+nn"", ""objective"": 1546.9462789010433, ""status"": ""ok"", ""time"": 4.5e-05, ""valid"": true}]","[[0, 82, 34, 1, 13, 17, 3, 6, 65, 98, 48, 81, 99, 54, 90, 9, 77, 10, 52, 84, 5, 0], [0, 92, 46, 7, 63, 12, 11, 14, 8, 53, 71, 20, 66, 24, 87, 43, 91, 70, 25, 76, 36, 0], [0, 44, 19, 74, 40, 21, 93, 22, 59, 96, 30, 18, 16, 39, 23, 72, 61, 29, 33, 55, 58, 0], [0, 41, 88, 27, 60, 75, 79, 35, 85, 62, 28, 42, 2, 56, 50, 37, 78, 69, 51, 15, 80, 0], [0, 68, 32, 64, 47, 95, 4, 97, 73, 57, 89, 26, 86, 31, 38, 83, 49, 94, 45, 67, 0]]"
clustered-center,clustered-center_n100_m5_r03.txt,data\mtsp\stratum1_small\clustered-center_n100_m5_r03.txt,100,5,2opt+greed,1052.5066962359926,0.00019,0.000154,True,ok,"[{""name"": ""2opt+greed"", ""objective"": 1052.5066962359926, ""status"": ""ok"", ""time"": 0.000154, ""valid"": true}]","[[0, 82, 37, 34, 67, 93, 21, 15, 40, 51, 83, 78, 92, 46, 7, 11, 59, 96, 77, 63, 9, 0], [0, 44, 45, 1, 94, 13, 19, 36, 74, 49, 80, 38, 69, 50, 84, 52, 30, 5, 10, 12, 22, 0], [0, 68, 23, 66, 54, 26, 39, 90, 42, 20, 71, 89, 73, 57, 28, 53, 16, 2, 18, 14, 8, 0], [0, 6, 3, 33, 98, 91, 47, 70, 81, 62, 99, 85, 65, 87, 43, 61, 27, 24, 41, 86, 31, 0], [0, 97, 58, 95, 25, 4, 55, 48, 76, 35, 79, 17, 29, 75, 64, 60, 32, 72, 88, 56, 0]]"
clustered-center,clustered-center_n100_m5_r03.txt,data\mtsp\stratum1_small\clustered-center_n100_m5_r03.txt,100,5,lkh3-baseline,651.521581472235,0.513834,0.513785,True,ok,"[{""metadata"": {""artifacts_dir"": ""C:\\Users\\ddkup\\AppData\\Local\\Temp\\mtsp_lkh3_baseline_runs\\run_1778080321886_41404_0"", ""exit_code"": ""0"", ""lkh3_wsl_bin"": ""/home/ddkup/bin/LKH"", ""objective_mode"": ""MINSUM"", ""output_tour_file"": ""C:\\Users\\ddkup\\AppData\\Local\\Temp\\mtsp_lkh3_baseline_runs\\run_1778080321886_41404_0\\output.tour"", ""params_file"": ""C:\\Users\\ddkup\\AppData\\Local\\Temp\\mtsp_lkh3_baseline_runs\\run_1778080321886_41404_0\\params.par"", ""params_wsl_path"": ""/mnt/c/Users/ddkup/AppData/Local/Temp/mtsp_lkh3_baseline_runs/run_1778080321886_41404_0/params.par"", ""problem_file"": ""C:\\Users\\ddkup\\AppData\\Local\\Temp\\mtsp_lkh3_baseline_runs\\run_1778080321886_41404_0\\problem.tsp"", ""result_file"": ""C:\\Users\\ddkup\\AppData\\Local\\Temp\\mtsp_lkh3_baseline_runs\\run_1778080321886_41404_0\\result.txt"", ""stderr_log"": ""C:\\Users\\ddkup\\AppData\\Local\\Temp\\mtsp_lkh3_baseline_runs\\run_1778080321886_41404_0\\stderr.log"", ""stdout_log"": ""C:\\Users\\ddkup\\AppData\\Local\\Temp\\mtsp_lkh3_baseline_runs\\run_1778080321886_41404_0\\stdout.log""}, ""name"": ""lkh3-baseline"", ""objective"": 651.521581472235, ""status"": ""ok"", ""time"": 0.513785, ""valid"": true}]","[[0, 82, 0], [0, 88, 41, 0], [0, 29, 60, 75, 64, 87, 43, 65, 6, 3, 33, 98, 55, 48, 35, 79, 17, 97, 58, 76, 95, 25, 4, 81, 62, 99, 70, 47, 91, 85, 61, 32, 27, 72, 24, 66, 23, 89, 73, 57, 28, 71, 42, 20, 54, 26, 90, 39, 53, 16, 2, 8, 18, 86, 9, 63, 22, 77, 96, 59, 12, 10, 56, 14, 11, 5, 31, 30, 52, 84, 50, 7, 46, 92, 37, 34, 67, 15, 21, 93, 78, 69, 83, 38, 80, 49, 74, 51, 40, 36, 19, 13, 94, 1, 45, 0], [0, 68, 0], [0, 44, 0]]"
clustered-center,clustered-center_n100_m5_r03.txt,data\mtsp\stratum1_small\clustered-center_n100_m5_r03.txt,100,5,lkh-wrapper-v20,604.9145030033973,0.012556,0.012432,True,ok,"[{""metadata"": {""after_final_2opt_sum"": ""604.914503"", ""after_inter_snapshot"": ""true"", ""after_inter_sum"": ""624.125701"", ""after_inter_valid"": ""true"", ""after_inter_validation_code"": ""0"", ""after_polish2_sum"": ""618.360732"", ""after_polish_sum"": ""747.048502"", ""baseline_2optgreed_budget_ms"": ""7800"", ""baseline_2optgreed_ms"": ""1"", ""baseline_2optgreed_passes_per_route"": ""2,3,3,3,4"", ""baseline_2optgreed_sum"": ""1052.506696"", ""baseline_2optgreed_used_as_best"": ""false"", ""best_minsum_max"": ""382.429362"", ""best_minsum_sum"": ""604.914503"", ""candidate_count_global"": ""22"", ""candidate_count_local"": ""14"", ""effective_total_ms"": ""9800"", ""final_2opt_cap_ms"": ""9588"", ""final_2opt_elapsed_ms"": ""0"", ""inter_broken_by"": ""none"", ""inter_budget_ms"": ""2450"", ""inter_iters"": ""12"", ""inter_oropt_accepts"": ""1"", ""inter_relocate_accepts"": ""11"", ""inter_swap_accepts"": ""0"", ""node_count"": ""100"", ""omp_max_threads"": ""14"", ""omp_polish"": ""true"", ""phase8_accepts"": ""0"", ""phase8_iters"": ""0"", ""polish_phase_budget_ms"": ""3430"", ""popmusic_solutions"": ""0"", ""salesman_count"": ""5"", ""seed"": ""42"", ""seed_chosen"": ""savings"", ""seed_fast_sum"": ""1042.620601"", ""seed_minsum"": ""828.044692"", ""seed_polar_sum"": ""1136.448358"", ""seed_rr_sum"": ""1195.565933"", ""seed_savings_sum"": ""828.044692"", ""total_elapsed_ms"": ""12""}, ""name"": ""lkh-wrapper-v20"", ""objective"": 604.9145030033973, ""status"": ""ok"", ""time"": 0.012432, ""valid"": true}]","[[0, 73, 57, 28, 42, 20, 71, 89, 23, 88, 41, 68, 0], [0, 44, 45, 1, 94, 13, 19, 36, 40, 51, 74, 49, 80, 38, 83, 69, 15, 21, 78, 93, 67, 34, 37, 92, 82, 0], [0, 8, 9, 63, 22, 7, 46, 50, 84, 52, 30, 31, 5, 11, 14, 56, 10, 12, 59, 77, 96, 86, 18, 2, 16, 53, 39, 90, 26, 54, 66, 24, 72, 27, 32, 60, 29, 75, 64, 61, 43, 87, 65, 6, 3, 33, 98, 47, 70, 91, 85, 99, 62, 81, 4, 25, 55, 48, 35, 79, 76, 95, 58, 17, 97, 0], [0, 0], [0, 0]]"
clustered-center,clustered-center_n100_m5_r03.txt,data\mtsp\stratum1_small\clustered-center_n100_m5_r03.txt,100,5,lkh-wrapper-v21,536.9473983112641,2.411492,2.411333,True,ok,"[{""metadata"": {""after_final_2opt_sum"": ""604.914503"", ""after_inter_snapshot"": ""true"", ""after_inter_sum"": ""624.125701"", ""after_inter_valid"": ""true"", ""after_inter_validation_code"": ""0"", ""after_polish2_sum"": ""618.360732"", ""after_polish_sum"": ""747.048502"", ""baseline_2optgreed_budget_ms"": ""7800"", ""baseline_2optgreed_ms"": ""1"", ""baseline_2optgreed_passes_per_route"": ""2,3,3,3,4"", ""baseline_2optgreed_sum"": ""1052.506696"", ""baseline_2optgreed_used_as_best"": ""false"", ""best_minsum_max"": ""536.947398"", ""best_minsum_sum"": ""536.947398"", ""candidate_count_global"": ""22"", ""candidate_count_local"": ""14"", ""effective_total_ms"": ""9800"", ""final_2opt_cap_ms"": ""9588"", ""final_2opt_elapsed_ms"": ""0"", ""inter_broken_by"": ""none"", ""inter_budget_ms"": ""2450"", ""inter_iters"": ""12"", ""inter_oropt_accepts"": ""1"", ""inter_relocate_accepts"": ""11"", ""inter_swap_accepts"": ""0"", ""node_count"": ""100"", ""omp_max_threads"": ""14"", ""omp_polish"": ""true"", ""phase8_accepts"": ""0"", ""phase8_iters"": ""0"", ""phase9_accepts"": ""1299"", ""phase9_best_updates"": ""13"", ""phase9_first_delta"": ""2.464"", ""phase9_iters"": ""5000"", ""phase9_last_delta"": ""14.430"", ""phase9_reserve_ms"": ""3000"", ""phase9_total_delta"": ""67.967105"", ""polish_phase_budget_ms"": ""3430"", ""popmusic_solutions"": ""0"", ""salesman_count"": ""5"", ""seed"": ""42"", ""seed_chosen"": ""savings"", ""seed_fast_sum"": ""1042.620601"", ""seed_minsum"": ""828.044692"", ""seed_polar_sum"": ""1136.448358"", ""seed_rr_sum"": ""1195.565933"", ""seed_savings_sum"": ""828.044692"", ""total_elapsed_ms"": ""2411""}, ""name"": ""lkh-wrapper-v21"", ""objective"": 536.9473983112641, ""status"": ""ok"", ""time"": 2.411333, ""valid"": true}]","[[0, 0], [0, 0], [0, 82, 44, 45, 1, 94, 13, 19, 36, 40, 51, 74, 49, 80, 38, 83, 69, 78, 93, 21, 15, 67, 34, 37, 92, 46, 7, 50, 84, 52, 30, 31, 5, 11, 14, 56, 10, 12, 59, 96, 77, 22, 63, 9, 86, 18, 8, 2, 16, 53, 57, 73, 28, 89, 71, 20, 42, 90, 39, 26, 54, 66, 23, 88, 41, 68, 24, 72, 27, 32, 61, 85, 91, 47, 70, 99, 62, 81, 4, 25, 95, 76, 58, 97, 17, 79, 35, 48, 55, 98, 33, 3, 6, 65, 43, 87, 64, 75, 60, 29, 0], [0, 0], [0, 0]]"
clustered-center,clustered-center_n100_m7_r01.txt,data\mtsp\stratum1_small\clustered-center_n100_m7_r01.txt,100,7,rand+nn,1887.9266664653555,0.000119,8.4e-05,True,ok,"[{""name"": ""rand+nn"", ""objective"": 1887.9266664653555, ""status"": ""ok"", ""time"": 8.4e-05, ""valid"": true}]","[[0, 38, 10, 99, 75, 3, 39, 63, 30, 78, 89, 25, 67, 19, 27, 76, 0], [0, 66, 81, 5, 50, 74, 82, 46, 86, 62, 47, 36, 33, 93, 80, 0], [0, 24, 71, 52, 69, 85, 49, 55, 26, 7, 96, 59, 35, 90, 64, 0], [0, 32, 34, 53, 22, 83, 56, 41, 95, 13, 60, 72, 12, 54, 21, 0], [0, 45, 37, 92, 73, 20, 16, 1, 42, 88, 11, 97, 48, 98, 40, 0], [0, 17, 43, 91, 51, 9, 68, 23, 87, 4, 28, 31, 61, 6, 18, 0], [0, 2, 79, 57, 15, 77, 94, 14, 8, 29, 70, 84, 44, 65, 58, 0]]"
clustered-center,clustered-center_n100_m7_r01.txt,data\mtsp\stratum1_small\clustered-center_n100_m7_r01.txt,100,7,2opt+greed,1367.079696294183,0.000153,0.000127,True,ok,"[{""name"": ""2opt+greed"", ""objective"": 1367.079696294183, ""status"": ""ok"", ""time"": 0.000127, ""valid"": true}]","[[0, 2, 22, 75, 43, 91, 92, 13, 57, 96, 20, 72, 11, 93, 28, 47, 0], [0, 17, 5, 83, 63, 90, 50, 77, 56, 30, 74, 59, 97, 53, 34, 0], [0, 32, 65, 31, 33, 36, 70, 25, 84, 49, 4, 44, 69, 52, 71, 0], [0, 12, 15, 10, 82, 21, 46, 86, 68, 55, 16, 38, 61, 27, 40, 0], [0, 66, 54, 60, 73, 9, 7, 51, 79, 26, 81, 94, 80, 64, 6, 0], [0, 23, 42, 1, 62, 85, 89, 87, 88, 8, 29, 14, 48, 76, 98, 0], [0, 99, 95, 78, 18, 39, 37, 41, 3, 35, 45, 24, 19, 67, 58, 0]]"
clustered-center,clustered-center_n100_m7_r01.txt,data\mtsp\stratum1_small\clustered-center_n100_m7_r01.txt,100,7,lkh3-baseline,609.9418732778817,0.520035,0.519983,True,ok,"[{""metadata"": {""artifacts_dir"": ""C:\\Users\\ddkup\\AppData\\Local\\Temp\\mtsp_lkh3_baseline_runs\\run_1778080324998_21956_0"", ""exit_code"": ""0"", ""lkh3_wsl_bin"": ""/home/ddkup/bin/LKH"", ""objective_mode"": ""MINSUM"", ""output_tour_file"": ""C:\\Users\\ddkup\\AppData\\Local\\Temp\\mtsp_lkh3_baseline_runs\\run_1778080324998_21956_0\\output.tour"", ""params_file"": ""C:\\Users\\ddkup\\AppData\\Local\\Temp\\mtsp_lkh3_baseline_runs\\run_1778080324998_21956_0\\params.par"", ""params_wsl_path"": ""/mnt/c/Users/ddkup/AppData/Local/Temp/mtsp_lkh3_baseline_runs/run_1778080324998_21956_0/params.par"", ""problem_file"": ""C:\\Users\\ddkup\\AppData\\Local\\Temp\\mtsp_lkh3_baseline_runs\\run_1778080324998_21956_0\\problem.tsp"", ""result_file"": ""C:\\Users\\ddkup\\AppData\\Local\\Temp\\mtsp_lkh3_baseline_runs\\run_1778080324998_21956_0\\result.txt"", ""stderr_log"": ""C:\\Users\\ddkup\\AppData\\Local\\Temp\\mtsp_lkh3_baseline_runs\\run_1778080324998_21956_0\\stderr.log"", ""stdout_log"": ""C:\\Users\\ddkup\\AppData\\Local\\Temp\\mtsp_lkh3_baseline_runs\\run_1778080324998_21956_0\\stdout.log""}, ""name"": ""lkh3-baseline"", ""objective"": 609.9418732778817, ""status"": ""ok"", ""time"": 0.519983, ""valid"": true}]","[[0, 2, 0], [0, 45, 22, 81, 75, 43, 41, 37, 3, 35, 5, 83, 63, 90, 50, 94, 56, 77, 39, 18, 78, 30, 95, 74, 99, 9, 13, 7, 92, 91, 51, 79, 26, 54, 60, 73, 72, 57, 96, 21, 46, 20, 59, 86, 82, 10, 12, 15, 68, 55, 16, 0], [0, 23, 71, 42, 52, 1, 69, 62, 85, 44, 4, 49, 89, 87, 84, 88, 25, 70, 36, 29, 8, 14, 47, 34, 98, 58, 61, 67, 53, 65, 28, 33, 11, 93, 31, 97, 19, 48, 64, 27, 80, 76, 6, 40, 24, 0], [0, 66, 0], [0, 38, 0], [0, 32, 0], [0, 17, 0]]"
clustered-center,clustered-center_n100_m7_r01.txt,data\mtsp\stratum1_small\clustered-center_n100_m7_r01.txt,100,7,lkh-wrapper-v20,596.3661879032561,0.0135,0.013383,True,ok,"[{""metadata"": {""after_final_2opt_sum"": ""596.366188"", ""after_inter_snapshot"": ""true"", ""after_inter_sum"": ""601.904036"", ""after_inter_valid"": ""true"", ""after_inter_validation_code"": ""0"", ""after_polish2_sum"": ""597.437515"", ""after_polish_sum"": ""822.796136"", ""baseline_2optgreed_budget_ms"": ""7800"", ""baseline_2optgreed_ms"": ""1"", ""baseline_2optgreed_passes_per_route"": ""3,2,3,4,3,2,2"", ""baseline_2optgreed_sum"": ""1367.079696"", ""baseline_2optgreed_used_as_best"": ""false"", ""best_minsum_max"": ""181.364997"", ""best_minsum_sum"": ""596.366188"", ""candidate_count_global"": ""22"", ""candidate_count_local"": ""14"", ""effective_total_ms"": ""9800"", ""final_2opt_cap_ms"": ""9587"", ""final_2opt_elapsed_ms"": ""0"", ""inter_broken_by"": ""none"", ""inter_budget_ms"": ""2450"", ""inter_iters"": ""16"", ""inter_oropt_accepts"": ""0"", ""inter_relocate_accepts"": ""16"", ""inter_swap_accepts"": ""0"", ""node_count"": ""100"", ""omp_max_threads"": ""14"", ""omp_polish"": ""true"", ""phase8_accepts"": ""0"", ""phase8_iters"": ""0"", ""polish_phase_budget_ms"": ""3430"", ""popmusic_solutions"": ""0"", ""salesman_count"": ""7"", ""seed"": ""42"", ""seed_chosen"": ""savings"", ""seed_fast_sum"": ""1261.394633"", ""seed_minsum"": ""956.870136"", ""seed_polar_sum"": ""1413.840442"", ""seed_rr_sum"": ""1404.087885"", ""seed_savings_sum"": ""956.870136"", ""total_elapsed_ms"": ""13""}, ""name"": ""lkh-wrapper-v20"", ""objective"": 596.3661879032561, ""status"": ""ok"", ""time"": 0.013383, ""valid"": true}]","[[0, 45, 35, 63, 77, 39, 37, 41, 3, 43, 91, 51, 7, 92, 13, 9, 99, 74, 95, 30, 78, 18, 56, 94, 50, 90, 83, 5, 17, 0], [0, 71, 47, 14, 8, 29, 36, 70, 25, 88, 84, 87, 89, 49, 4, 44, 85, 62, 69, 1, 52, 42, 23, 0], [0, 0], [0, 0], [0, 0], [0, 2, 66, 22, 81, 75, 79, 26, 54, 60, 73, 72, 57, 96, 21, 46, 20, 59, 86, 82, 10, 12, 15, 68, 55, 16, 38, 0], [0, 24, 40, 6, 76, 80, 27, 64, 48, 19, 31, 93, 11, 33, 28, 65, 53, 97, 67, 61, 58, 98, 34, 32, 0]]"
clustered-center,clustered-center_n100_m7_r01.txt,data\mtsp\stratum1_small\clustered-center_n100_m7_r01.txt,100,7,lkh-wrapper-v21,512.3387464006587,1.355968,1.355842,True,ok,"[{""metadata"": {""after_final_2opt_sum"": ""596.366188"", ""after_inter_snapshot"": ""true"", ""after_inter_sum"": ""601.904036"", ""after_inter_valid"": ""true"", ""after_inter_validation_code"": ""0"", ""after_polish2_sum"": ""597.437515"", ""after_polish_sum"": ""822.796136"", ""baseline_2optgreed_budget_ms"": ""7800"", ""baseline_2optgreed_ms"": ""2"", ""baseline_2optgreed_passes_per_route"": ""3,2,3,4,3,2,2"", ""baseline_2optgreed_sum"": ""1367.079696"", ""baseline_2optgreed_used_as_best"": ""false"", ""best_minsum_max"": ""262.425138"", ""best_minsum_sum"": ""512.338746"", ""candidate_count_global"": ""22"", ""candidate_count_local"": ""14"", ""effective_total_ms"": ""9800"", ""final_2opt_cap_ms"": ""9589"", ""final_2opt_elapsed_ms"": ""0"", ""inter_broken_by"": ""none"", ""inter_budget_ms"": ""2450"", ""inter_iters"": ""16"", ""inter_oropt_accepts"": ""0"", ""inter_relocate_accepts"": ""16"", ""inter_swap_accepts"": ""0"", ""node_count"": ""100"", ""omp_max_threads"": ""14"", ""omp_polish"": ""true"", ""phase8_accepts"": ""0"", ""phase8_iters"": ""0"", ""phase9_accepts"": ""1203"", ""phase9_best_updates"": ""15"", ""phase9_first_delta"": ""2.215"", ""phase9_iters"": ""5000"", ""phase9_last_delta"": ""0.000"", ""phase9_reserve_ms"": ""3000"", ""phase9_total_delta"": ""84.027442"", ""polish_phase_budget_ms"": ""3430"", ""popmusic_solutions"": ""0"", ""salesman_count"": ""7"", ""seed"": ""42"", ""seed_chosen"": ""savings"", ""seed_fast_sum"": ""1261.394633"", ""seed_minsum"": ""956.870136"", ""seed_polar_sum"": ""1413.840442"", ""seed_rr_sum"": ""1404.087885"", ""seed_savings_sum"": ""956.870136"", ""total_elapsed_ms"": ""1355""}, ""name"": ""lkh-wrapper-v21"", ""objective"": 512.3387464006587, ""status"": ""ok"", ""time"": 1.355842, ""valid"": true}]","[[0, 38, 16, 55, 68, 15, 12, 10, 82, 86, 59, 20, 46, 21, 96, 57, 72, 73, 60, 54, 26, 79, 51, 91, 92, 7, 13, 9, 99, 74, 95, 30, 78, 18, 39, 77, 56, 94, 50, 90, 63, 83, 5, 35, 3, 37, 41, 43, 75, 81, 22, 45, 66, 2, 17, 0], [0, 0], [0, 0], [0, 0], [0, 0], [0, 0], [0, 24, 40, 6, 76, 80, 27, 64, 48, 19, 97, 31, 93, 11, 33, 28, 65, 53, 67, 61, 58, 98, 34, 47, 14, 8, 29, 36, 70, 25, 88, 84, 87, 89, 49, 4, 44, 85, 62, 69, 1, 52, 42, 71, 23, 32, 0]]"
clustered-center,clustered-center_n100_m7_r02.txt,data\mtsp\stratum1_small\clustered-center_n100_m7_r02.txt,100,7,rand+nn,2115.2932250007348,9.7e-05,6.7e-05,True,ok,"[{""name"": ""rand+nn"", ""objective"": 2115.2932250007348, ""status"": ""ok"", ""time"": 6.7e-05, ""valid"": true}]","[[0, 78, 89, 76, 30, 38, 39, 10, 25, 63, 75, 19, 3, 67, 99, 27, 0], [0, 33, 80, 5, 81, 93, 47, 62, 82, 46, 86, 36, 74, 66, 50, 0], [0, 55, 64, 85, 35, 24, 52, 49, 71, 96, 59, 7, 26, 69, 90, 0], [0, 13, 53, 72, 54, 83, 22, 21, 56, 32, 95, 41, 34, 12, 60, 0], [0, 97, 73, 40, 16, 45, 92, 88, 11, 20, 1, 98, 37, 42, 48, 0], [0, 31, 51, 18, 4, 87, 9, 61, 23, 68, 91, 43, 17, 6, 28, 0], [0, 84, 94, 14, 8, 77, 79, 65, 70, 29, 44, 57, 58, 15, 2, 0]]"
clustered-center,clustered-center_n100_m7_r02.txt,data\mtsp\stratum1_small\clustered-center_n100_m7_r02.txt,100,7,2opt+greed,1463.979068849218,0.000277,0.000249,True,ok,"[{""name"": ""2opt+greed"", ""objective"": 1463.979068849218, ""status"": ""ok"", ""time"": 0.000249, ""valid"": true}]","[[0, 13, 86, 36, 69, 53, 6, 74, 66, 17, 67, 26, 37, 99, 71, 98, 0], [0, 33, 16, 64, 60, 75, 15, 3, 72, 2, 90, 54, 7, 59, 82, 0], [0, 78, 97, 12, 76, 73, 23, 88, 24, 87, 4, 81, 44, 68, 21, 0], [0, 25, 45, 39, 10, 14, 8, 92, 70, 47, 95, 49, 29, 20, 96, 0], [0, 31, 89, 94, 55, 63, 19, 28, 50, 48, 42, 83, 46, 58, 22, 0], [0, 84, 40, 51, 34, 85, 77, 9, 79, 61, 1, 91, 57, 11, 27, 0], [0, 80, 5, 30, 38, 18, 35, 41, 93, 65, 52, 43, 62, 32, 56, 0]]"
clustered-center,clustered-center_n100_m7_r02.txt,data\mtsp\stratum1_small\clustered-center_n100_m7_r02.txt,100,7,lkh3-baseline,789.5001534305951,0.470305,0.47025,True,ok,"[{""metadata"": {""artifacts_dir"": ""C:\\Users\\ddkup\\AppData\\Local\\Temp\\mtsp_lkh3_baseline_runs\\run_1778080327061_4896_0"", ""exit_code"": ""0"", ""lkh3_wsl_bin"": ""/home/ddkup/bin/LKH"", ""objective_mode"": ""MINSUM"", ""output_tour_file"": ""C:\\Users\\ddkup\\AppData\\Local\\Temp\\mtsp_lkh3_baseline_runs\\run_1778080327061_4896_0\\output.tour"", ""params_file"": ""C:\\Users\\ddkup\\AppData\\Local\\Temp\\mtsp_lkh3_baseline_runs\\run_1778080327061_4896_0\\params.par"", ""params_wsl_path"": ""/mnt/c/Users/ddkup/AppData/Local/Temp/mtsp_lkh3_baseline_runs/run_1778080327061_4896_0/params.par"", ""problem_file"": ""C:\\Users\\ddkup\\AppData\\Local\\Temp\\mtsp_lkh3_baseline_runs\\run_1778080327061_4896_0\\problem.tsp"", ""result_file"": ""C:\\Users\\ddkup\\AppData\\Local\\Temp\\mtsp_lkh3_baseline_runs\\run_1778080327061_4896_0\\result.txt"", ""stderr_log"": ""C:\\Users\\ddkup\\AppData\\Local\\Temp\\mtsp_lkh3_baseline_runs\\run_1778080327061_4896_0\\stderr.log"", ""stdout_log"": ""C:\\Users\\ddkup\\AppData\\Local\\Temp\\mtsp_lkh3_baseline_runs\\run_1778080327061_4896_0\\stdout.log""}, ""name"": ""lkh3-baseline"", ""objective"": 789.5001534305951, ""status"": ""ok"", ""time"": 0.47025, ""valid"": true}]","[[0, 33, 0], [0, 78, 0], [0, 25, 0], [0, 31, 16, 64, 60, 75, 63, 0], [0, 86, 26, 67, 74, 6, 36, 69, 53, 19, 15, 3, 72, 28, 50, 2, 90, 54, 48, 42, 66, 17, 83, 7, 37, 22, 82, 59, 58, 99, 62, 68, 71, 21, 96, 46, 43, 98, 1, 91, 20, 57, 29, 44, 49, 11, 32, 56, 52, 27, 95, 93, 61, 65, 79, 41, 9, 77, 35, 4, 87, 92, 70, 47, 24, 88, 23, 8, 81, 18, 85, 14, 45, 39, 10, 38, 5, 34, 12, 51, 73, 30, 76, 40, 55, 94, 89, 97, 84, 0], [0, 80, 0], [0, 13, 0]]"
clustered-center,clustered-center_n100_m7_r02.txt,data\mtsp\stratum1_small\clustered-center_n100_m7_r02.txt,100,7,lkh-wrapper-v20,675.507645432234,0.01074,0.010645,True,ok,"[{""metadata"": {""after_final_2opt_sum"": ""675.507645"", ""after_inter_snapshot"": ""true"", ""after_inter_sum"": ""675.507645"", ""after_inter_valid"": ""true"", ""after_inter_validation_code"": ""0"", ""after_polish2_sum"": ""675.507645"", ""after_polish_sum"": ""888.982005"", ""baseline_2optgreed_budget_ms"": ""7800"", ""baseline_2optgreed_ms"": ""1"", ""baseline_2optgreed_passes_per_route"": ""3,2,4,1,2,2,2"", ""baseline_2optgreed_sum"": ""1463.979069"", ""baseline_2optgreed_used_as_best"": ""false"", ""best_minsum_max"": ""351.207324"", ""best_minsum_sum"": ""675.507645"", ""candidate_count_global"": ""22"", ""candidate_count_local"": ""14"", ""effective_total_ms"": ""9800"", ""final_2opt_cap_ms"": ""9591"", ""final_2opt_elapsed_ms"": ""1"", ""inter_broken_by"": ""none"", ""inter_budget_ms"": ""2450"", ""inter_iters"": ""4"", ""inter_oropt_accepts"": ""0"", ""inter_relocate_accepts"": ""4"", ""inter_swap_accepts"": ""0"", ""node_count"": ""100"", ""omp_max_threads"": ""14"", ""omp_polish"": ""true"", ""phase8_accepts"": ""0"", ""phase8_iters"": ""0"", ""polish_phase_budget_ms"": ""3430"", ""popmusic_solutions"": ""0"", ""salesman_count"": ""7"", ""seed"": ""42"", ""seed_chosen"": ""savings"", ""seed_fast_sum"": ""1594.143616"", ""seed_minsum"": ""966.207642"", ""seed_polar_sum"": ""1335.402313"", ""seed_rr_sum"": ""1480.176261"", ""seed_savings_sum"": ""966.207642"", ""total_elapsed_ms"": ""10""}, ""name"": ""lkh-wrapper-v20"", ""objective"": 675.507645432234, ""status"": ""ok"", ""time"": 0.010645, ""valid"": true}]","[[0, 13, 19, 15, 3, 72, 28, 50, 2, 90, 54, 48, 42, 66, 17, 83, 26, 67, 74, 6, 53, 69, 36, 86, 0], [0, 25, 80, 45, 14, 85, 18, 81, 77, 35, 4, 87, 92, 8, 23, 88, 24, 47, 70, 41, 9, 79, 65, 61, 93, 95, 27, 52, 49, 1, 98, 43, 96, 46, 59, 82, 7, 37, 22, 58, 99, 62, 21, 71, 68, 20, 91, 57, 29, 44, 11, 56, 32, 0], [0, 33, 31, 16, 63, 75, 60, 64, 94, 55, 40, 76, 30, 10, 39, 38, 73, 5, 34, 12, 51, 97, 89, 84, 78, 0], [0, 0], [0, 0], [0, 0], [0, 0]]"
clustered-center,clustered-center_n100_m7_r02.txt,data\mtsp\stratum1_small\clustered-center_n100_m7_r02.txt,100,7,lkh-wrapper-v21,585.766006265208,2.357202,2.357022,True,ok,"[{""metadata"": {""after_final_2opt_sum"": ""675.507645"", ""after_inter_snapshot"": ""true"", ""after_inter_sum"": ""675.507645"", ""after_inter_valid"": ""true"", ""after_inter_validation_code"": ""0"", ""after_polish2_sum"": ""675.507645"", ""after_polish_sum"": ""888.982005"", ""baseline_2optgreed_budget_ms"": ""7800"", ""baseline_2optgreed_ms"": ""1"", ""baseline_2optgreed_passes_per_route"": ""3,2,4,1,2,2,2"", ""baseline_2optgreed_sum"": ""1463.979069"", ""baseline_2optgreed_used_as_best"": ""false"", ""best_minsum_max"": ""585.766006"", ""best_minsum_sum"": ""585.766006"", ""candidate_count_global"": ""22"", ""candidate_count_local"": ""14"", ""effective_total_ms"": ""9800"", ""final_2opt_cap_ms"": ""9591"", ""final_2opt_elapsed_ms"": ""0"", ""inter_broken_by"": ""none"", ""inter_budget_ms"": ""2450"", ""inter_iters"": ""4"", ""inter_oropt_accepts"": ""0"", ""inter_relocate_accepts"": ""4"", ""inter_swap_accepts"": ""0"", ""node_count"": ""100"", ""omp_max_threads"": ""14"", ""omp_polish"": ""true"", ""phase8_accepts"": ""0"", ""phase8_iters"": ""0"", ""phase9_accepts"": ""1388"", ""phase9_best_updates"": ""26"", ""phase9_first_delta"": ""-0.896"", ""phase9_iters"": ""5000"", ""phase9_last_delta"": ""-4.071"", ""phase9_reserve_ms"": ""3000"", ""phase9_total_delta"": ""89.741639"", ""polish_phase_budget_ms"": ""3430"", ""popmusic_solutions"": ""0"", ""salesman_count"": ""7"", ""seed"": ""42"", ""seed_chosen"": ""savings"", ""seed_fast_sum"": ""1594.143616"", ""seed_minsum"": ""966.207642"", ""seed_polar_sum"": ""1335.402313"", ""seed_rr_sum"": ""1480.176261"", ""seed_savings_sum"": ""966.207642"", ""total_elapsed_ms"": ""2356""}, ""name"": ""lkh-wrapper-v21"", ""objective"": 585.766006265208, ""status"": ""ok"", ""time"": 2.357022, ""valid"": true}]","[[0, 0], [0, 0], [0, 33, 63, 75, 60, 64, 16, 31, 78, 84, 97, 89, 94, 55, 40, 76, 30, 73, 51, 12, 34, 5, 38, 10, 39, 80, 25, 45, 14, 85, 18, 81, 8, 23, 88, 24, 47, 70, 92, 87, 4, 35, 77, 9, 41, 79, 65, 61, 93, 95, 27, 52, 56, 32, 11, 49, 44, 29, 57, 20, 91, 1, 98, 43, 46, 96, 21, 71, 68, 62, 99, 58, 59, 82, 22, 37, 7, 83, 17, 66, 42, 48, 54, 90, 2, 50, 28, 72, 3, 15, 19, 53, 69, 36, 6, 74, 67, 26, 86, 13, 0], [0, 0], [0, 0], [0, 0], [0, 0]]"
clustered-center,clustered-center_n100_m7_r03.txt,data\mtsp\stratum1_small\clustered-center_n100_m7_r03.txt,100,7,rand+nn,1808.2876907017785,7.7e-05,4.4e-05,True,ok,"[{""name"": ""rand+nn"", ""objective"": 1808.2876907017785, ""status"": ""ok"", ""time"": 4.4e-05, ""valid"": true}]","[[0, 19, 63, 10, 38, 78, 76, 27, 75, 25, 3, 30, 67, 89, 99, 39, 0], [0, 81, 62, 50, 74, 93, 36, 33, 47, 86, 82, 46, 5, 80, 66, 0], [0, 71, 69, 96, 85, 90, 52, 59, 35, 7, 49, 24, 26, 64, 55, 0], [0, 53, 72, 34, 32, 22, 41, 12, 95, 54, 13, 56, 60, 83, 21, 0], [0, 40, 37, 45, 98, 73, 1, 48, 11, 97, 92, 88, 20, 16, 42, 0], [0, 17, 31, 4, 51, 43, 6, 28, 87, 61, 91, 18, 68, 9, 23, 0], [0, 44, 65, 70, 57, 94, 14, 58, 15, 29, 79, 77, 84, 8, 2, 0]]"
clustered-center,clustered-center_n100_m7_r03.txt,data\mtsp\stratum1_small\clustered-center_n100_m7_r03.txt,100,7,2opt+greed,1412.872924282123,0.000167,0.00013,True,ok,"[{""name"": ""2opt+greed"", ""objective"": 1412.872924282123, ""status"": ""ok"", ""time"": 0.00013, ""valid"": true}]","[[0, 17, 62, 92, 74, 51, 93, 42, 85, 90, 37, 91, 77, 48, 95, 23, 0], [0, 53, 44, 49, 32, 57, 94, 14, 75, 73, 98, 18, 41, 25, 80, 0], [0, 81, 63, 10, 70, 38, 55, 21, 6, 46, 56, 35, 7, 12, 9, 0], [0, 19, 65, 24, 26, 20, 33, 83, 86, 61, 82, 59, 13, 5, 3, 0], [0, 72, 4, 78, 36, 16, 50, 96, 28, 15, 45, 1, 66, 11, 2, 0], [0, 40, 71, 47, 69, 43, 60, 58, 87, 52, 29, 79, 39, 84, 54, 0], [0, 31, 88, 76, 64, 34, 27, 22, 89, 99, 67, 30, 8, 97, 68, 0]]"
clustered-center,clustered-center_n100_m7_r03.txt,data\mtsp\stratum1_small\clustered-center_n100_m7_r03.txt,100,7,lkh3-baseline,628.2304993621486,0.518104,0.518028,True,ok,"[{""metadata"": {""artifacts_dir"": ""C:\\Users\\ddkup\\AppData\\Local\\Temp\\mtsp_lkh3_baseline_runs\\run_1778080330075_37696_0"", ""exit_code"": ""0"", ""lkh3_wsl_bin"": ""/home/ddkup/bin/LKH"", ""objective_mode"": ""MINSUM"", ""output_tour_file"": ""C:\\Users\\ddkup\\AppData\\Local\\Temp\\mtsp_lkh3_baseline_runs\\run_1778080330075_37696_0\\output.tour"", ""params_file"": ""C:\\Users\\ddkup\\AppData\\Local\\Temp\\mtsp_lkh3_baseline_runs\\run_1778080330075_37696_0\\params.par"", ""params_wsl_path"": ""/mnt/c/Users/ddkup/AppData/Local/Temp/mtsp_lkh3_baseline_runs/run_1778080330075_37696_0/params.par"", ""problem_file"": ""C:\\Users\\ddkup\\AppData\\Local\\Temp\\mtsp_lkh3_baseline_runs\\run_1778080330075_37696_0\\problem.tsp"", ""result_file"": ""C:\\Users\\ddkup\\AppData\\Local\\Temp\\mtsp_lkh3_baseline_runs\\run_1778080330075_37696_0\\result.txt"", ""stderr_log"": ""C:\\Users\\ddkup\\AppData\\Local\\Temp\\mtsp_lkh3_baseline_runs\\run_1778080330075_37696_0\\stderr.log"", ""stdout_log"": ""C:\\Users\\ddkup\\AppData\\Local\\Temp\\mtsp_lkh3_baseline_runs\\run_1778080330075_37696_0\\stdout.log""}, ""name"": ""lkh3-baseline"", ""objective"": 628.2304993621486, ""status"": ""ok"", ""time"": 0.518028, ""valid"": true}]","[[0, 53, 0], [0, 81, 0], [0, 1, 18, 41, 25, 2, 97, 22, 89, 30, 67, 99, 23, 54, 11, 9, 3, 8, 80, 66, 48, 77, 7, 12, 84, 95, 5, 39, 13, 79, 91, 29, 52, 98, 45, 37, 90, 15, 73, 59, 35, 82, 56, 46, 61, 86, 6, 58, 28, 87, 75, 85, 96, 60, 43, 83, 69, 47, 71, 40, 0], [0, 27, 4, 34, 78, 24, 26, 33, 76, 36, 50, 88, 31, 62, 92, 74, 51, 93, 42, 21, 14, 16, 64, 20, 55, 94, 38, 57, 70, 32, 49, 10, 63, 65, 72, 0], [0, 68, 0], [0, 19, 44, 0], [0, 17, 0]]"
clustered-center,clustered-center_n100_m7_r03.txt,data\mtsp\stratum1_small\clustered-center_n100_m7_r03.txt,100,7,lkh-wrapper-v20,641.4182458596916,0.015393,0.015274,True,ok,"[{""metadata"": {""after_final_2opt_sum"": ""660.487581"", ""after_inter_snapshot"": ""true"", ""after_inter_sum"": ""668.432830"", ""after_inter_valid"": ""true"", ""after_inter_validation_code"": ""0"", ""after_polish2_sum"": ""666.725509"", ""after_polish_sum"": ""768.554960"", ""baseline_2optgreed_budget_ms"": ""7800"", ""baseline_2optgreed_ms"": ""3"", ""baseline_2optgreed_passes_per_route"": ""2,1,2,2,3,2,3"", ""baseline_2optgreed_sum"": ""1412.872924"", ""baseline_2optgreed_used_as_best"": ""false"", ""best_minsum_max"": ""195.787328"", ""best_minsum_sum"": ""641.418246"", ""candidate_count_global"": ""22"", ""candidate_count_local"": ""14"", ""effective_total_ms"": ""9800"", ""final_2opt_cap_ms"": ""9588"", ""final_2opt_elapsed_ms"": ""0"", ""inter_broken_by"": ""none"", ""inter_budget_ms"": ""2450"", ""inter_iters"": ""8"", ""inter_oropt_accepts"": ""2"", ""inter_relocate_accepts"": ""5"", ""inter_swap_accepts"": ""1"", ""node_count"": ""100"", ""omp_max_threads"": ""14"", ""omp_polish"": ""true"", ""phase8_accepts"": ""7"", ""phase8_iters"": ""7"", ""polish_phase_budget_ms"": ""3430"", ""popmusic_solutions"": ""0"", ""salesman_count"": ""7"", ""seed"": ""42"", ""seed_chosen"": ""savings"", ""seed_fast_sum"": ""1251.255676"", ""seed_minsum"": ""962.467818"", ""seed_polar_sum"": ""1334.202215"", ""seed_rr_sum"": ""1461.443287"", ""seed_savings_sum"": ""962.467818"", ""total_elapsed_ms"": ""15""}, ""name"": ""lkh-wrapper-v20"", ""objective"": 641.4182458596916, ""status"": ""ok"", ""time"": 0.015274, ""valid"": true}]","[[0, 72, 65, 0], [0, 37, 45, 98, 90, 87, 73, 15, 52, 29, 59, 35, 82, 56, 46, 61, 86, 6, 58, 28, 75, 85, 96, 60, 43, 83, 69, 47, 71, 40, 17, 0], [0, 27, 4, 34, 24, 26, 33, 76, 36, 78, 88, 50, 31, 62, 92, 74, 51, 93, 42, 21, 14, 16, 64, 20, 55, 94, 38, 57, 70, 32, 49, 10, 63, 44, 19, 81, 53, 0], [0, 68, 97, 22, 89, 30, 67, 99, 23, 54, 11, 8, 3, 9, 95, 77, 91, 18, 1, 0], [0, 0], [0, 0], [0, 41, 25, 48, 7, 79, 13, 39, 5, 12, 84, 80, 66, 2, 0]]"
clustered-center,clustered-center_n100_m7_r03.txt,data\mtsp\stratum1_small\clustered-center_n100_m7_r03.txt,100,7,lkh-wrapper-v21,508.6285391173568,2.488101,2.4878,True,ok,"[{""metadata"": {""after_final_2opt_sum"": ""660.487581"", ""after_inter_snapshot"": ""true"", ""after_inter_sum"": ""668.432830"", ""after_inter_valid"": ""true"", ""after_inter_validation_code"": ""0"", ""after_polish2_sum"": ""666.725509"", ""after_polish_sum"": ""768.554960"", ""baseline_2optgreed_budget_ms"": ""7800"", ""baseline_2optgreed_ms"": ""1"", ""baseline_2optgreed_passes_per_route"": ""2,1,2,2,3,2,3"", ""baseline_2optgreed_sum"": ""1412.872924"", ""baseline_2optgreed_used_as_best"": ""false"", ""best_minsum_max"": ""508.628539"", ""best_minsum_sum"": ""508.628539"", ""candidate_count_global"": ""22"", ""candidate_count_local"": ""14"", ""effective_total_ms"": ""9800"", ""final_2opt_cap_ms"": ""9589"", ""final_2opt_elapsed_ms"": ""0"", ""inter_broken_by"": ""none"", ""inter_budget_ms"": ""2450"", ""inter_iters"": ""8"", ""inter_oropt_accepts"": ""2"", ""inter_relocate_accepts"": ""5"", ""inter_swap_accepts"": ""1"", ""node_count"": ""100"", ""omp_max_threads"": ""14"", ""omp_polish"": ""true"", ""phase8_accepts"": ""7"", ""phase8_iters"": ""7"", ""phase9_accepts"": ""1320"", ""phase9_best_updates"": ""22"", ""phase9_first_delta"": ""0.000"", ""phase9_iters"": ""5000"", ""phase9_last_delta"": ""4.434"", ""phase9_reserve_ms"": ""3000"", ""phase9_total_delta"": ""132.789707"", ""polish_phase_budget_ms"": ""3430"", ""popmusic_solutions"": ""0"", ""salesman_count"": ""7"", ""seed"": ""42"", ""seed_chosen"": ""savings"", ""seed_fast_sum"": ""1251.255676"", ""seed_minsum"": ""962.467818"", ""seed_polar_sum"": ""1334.202215"", ""seed_rr_sum"": ""1461.443287"", ""seed_savings_sum"": ""962.467818"", ""total_elapsed_ms"": ""2487""}, ""name"": ""lkh-wrapper-v21"", ""objective"": 508.6285391173568, ""status"": ""ok"", ""time"": 2.4878, ""valid"": true}]","[[0, 0], [0, 17, 40, 71, 47, 69, 83, 43, 60, 96, 85, 75, 87, 28, 58, 6, 86, 61, 46, 56, 82, 35, 59, 73, 15, 90, 37, 45, 98, 52, 29, 91, 79, 13, 39, 5, 95, 84, 12, 7, 77, 48, 41, 18, 1, 2, 25, 66, 80, 8, 3, 9, 11, 54, 23, 99, 67, 30, 89, 22, 97, 68, 44, 19, 81, 63, 10, 49, 32, 70, 57, 38, 94, 55, 20, 64, 16, 14, 21, 42, 93, 51, 74, 92, 62, 31, 88, 50, 36, 76, 33, 26, 24, 78, 34, 4, 27, 65, 72, 53, 0], [0, 0], [0, 0], [0, 0], [0, 0], [0, 0]]"
clustered-center,clustered-center_n200_m3_r01.txt,data\mtsp\stratum1_small\clustered-center_n200_m3_r01.txt,200,3,rand+nn,1582.303715761666,0.000149,0.000115,True,ok,"[{""name"": ""rand+nn"", ""objective"": 1582.303715761666, ""status"": ""ok"", ""time"": 0.000115, ""valid"": true}]","[[0, 69, 120, 41, 170, 93, 179, 2, 71, 89, 124, 122, 104, 126, 33, 138, 37, 165, 145, 53, 173, 43, 112, 67, 109, 199, 169, 187, 51, 8, 80, 135, 10, 38, 54, 39, 114, 87, 103, 156, 31, 19, 11, 66, 166, 14, 5, 180, 6, 158, 172, 152, 189, 136, 141, 15, 21, 194, 121, 48, 115, 32, 191, 83, 62, 178, 94, 35, 0], [0, 148, 20, 73, 132, 163, 185, 188, 68, 146, 159, 56, 119, 177, 91, 52, 100, 64, 102, 192, 116, 50, 18, 160, 118, 149, 22, 75, 99, 130, 98, 123, 90, 176, 45, 125, 150, 17, 195, 12, 161, 25, 63, 117, 108, 28, 74, 196, 110, 197, 44, 29, 157, 190, 184, 46, 186, 193, 16, 96, 57, 77, 78, 143, 131, 7, 86, 0], [0, 171, 181, 70, 9, 142, 81, 55, 42, 1, 182, 49, 153, 111, 76, 97, 162, 36, 84, 106, 72, 151, 133, 88, 107, 105, 164, 34, 167, 198, 134, 58, 59, 65, 137, 183, 154, 155, 27, 127, 47, 168, 101, 92, 13, 175, 40, 174, 95, 23, 26, 82, 61, 24, 140, 85, 60, 79, 128, 129, 139, 113, 30, 147, 144, 3, 4, 0]]"
clustered-center,clustered-center_n200_m3_r01.txt,data\mtsp\stratum1_small\clustered-center_n200_m3_r01.txt,200,3,2opt+greed,1018.276629194374,0.000601,0.000566,True,ok,"[{""name"": ""2opt+greed"", ""objective"": 1018.276629194374, ""status"": ""ok"", ""time"": 0.000566, ""valid"": true}]","[[0, 171, 70, 43, 81, 55, 148, 20, 109, 132, 199, 111, 163, 187, 76, 169, 78, 97, 84, 38, 57, 54, 27, 16, 101, 32, 115, 92, 46, 7, 180, 158, 140, 24, 5, 61, 25, 63, 150, 99, 31, 144, 103, 87, 75, 156, 17, 79, 128, 157, 35, 44, 4, 175, 13, 190, 121, 184, 48, 193, 168, 47, 127, 191, 83, 62, 155, 154, 0], [0, 151, 133, 69, 131, 72, 173, 53, 159, 68, 8, 51, 153, 185, 183, 56, 145, 119, 165, 64, 102, 192, 37, 59, 116, 122, 65, 137, 118, 160, 104, 18, 126, 198, 124, 89, 71, 2, 179, 50, 134, 58, 138, 100, 93, 170, 177, 120, 91, 52, 41, 88, 107, 33, 34, 167, 164, 149, 22, 105, 176, 108, 189, 3, 152, 6, 186, 0], [0, 181, 9, 142, 112, 67, 73, 42, 146, 1, 182, 188, 49, 80, 143, 36, 10, 135, 162, 106, 77, 178, 23, 26, 82, 86, 172, 117, 136, 141, 45, 90, 30, 123, 28, 147, 15, 74, 130, 19, 129, 98, 113, 139, 11, 66, 125, 166, 85, 14, 60, 195, 12, 161, 94, 95, 174, 40, 194, 29, 21, 197, 110, 196, 114, 96, 39, 0]]"
clustered-center,clustered-center_n200_m3_r01.txt,data\mtsp\stratum1_small\clustered-center_n200_m3_r01.txt,200,3,lkh3-baseline,701.016349452173,0.719747,0.719692,True,ok,"[{""metadata"": {""artifacts_dir"": ""C:\\Users\\ddkup\\AppData\\Local\\Temp\\mtsp_lkh3_baseline_runs\\run_1778080333266_21396_0"", ""exit_code"": ""0"", ""lkh3_wsl_bin"": ""/home/ddkup/bin/LKH"", ""objective_mode"": ""MINSUM"", ""output_tour_file"": ""C:\\Users\\ddkup\\AppData\\Local\\Temp\\mtsp_lkh3_baseline_runs\\run_1778080333266_21396_0\\output.tour"", ""params_file"": ""C:\\Users\\ddkup\\AppData\\Local\\Temp\\mtsp_lkh3_baseline_runs\\run_1778080333266_21396_0\\params.par"", ""params_wsl_path"": ""/mnt/c/Users/ddkup/AppData/Local/Temp/mtsp_lkh3_baseline_runs/run_1778080333266_21396_0/params.par"", ""problem_file"": ""C:\\Users\\ddkup\\AppData\\Local\\Temp\\mtsp_lkh3_baseline_runs\\run_1778080333266_21396_0\\problem.tsp"", ""result_file"": ""C:\\Users\\ddkup\\AppData\\Local\\Temp\\mtsp_lkh3_baseline_runs\\run_1778080333266_21396_0\\result.txt"", ""stderr_log"": ""C:\\Users\\ddkup\\AppData\\Local\\Temp\\mtsp_lkh3_baseline_runs\\run_1778080333266_21396_0\\stderr.log"", ""stdout_log"": ""C:\\Users\\ddkup\\AppData\\Local\\Temp\\mtsp_lkh3_baseline_runs\\run_1778080333266_21396_0\\stdout.log""}, ""name"": ""lkh3-baseline"", ""objective"": 701.016349452173, ""status"": ""ok"", ""time"": 0.719692, ""valid"": true}]","[[0, 171, 0], [0, 39, 96, 154, 155, 62, 27, 16, 83, 191, 127, 101, 32, 47, 168, 193, 115, 92, 178, 186, 46, 184, 48, 121, 190, 13, 175, 4, 44, 197, 110, 114, 196, 21, 29, 194, 40, 174, 95, 157, 35, 94, 7, 23, 26, 82, 161, 12, 128, 195, 60, 63, 25, 61, 5, 24, 140, 141, 136, 117, 158, 180, 86, 6, 172, 152, 3, 189, 108, 176, 90, 30, 45, 113, 98, 123, 28, 147, 15, 74, 130, 19, 129, 11, 139, 66, 125, 166, 85, 14, 150, 79, 17, 156, 99, 31, 144, 103, 75, 87, 0], [0, 181, 70, 9, 43, 55, 148, 173, 53, 42, 20, 73, 67, 81, 112, 142, 57, 54, 77, 106, 38, 84, 109, 132, 199, 111, 51, 163, 187, 76, 169, 97, 78, 162, 135, 10, 36, 143, 80, 185, 153, 49, 8, 68, 146, 159, 1, 182, 188, 183, 56, 102, 64, 100, 58, 138, 192, 37, 59, 65, 116, 122, 137, 118, 160, 104, 126, 18, 167, 34, 164, 149, 22, 105, 88, 107, 33, 71, 2, 179, 89, 198, 124, 50, 134, 93, 170, 91, 52, 41, 120, 177, 165, 119, 145, 131, 72, 69, 133, 151, 0]]"
clustered-center,clustered-center_n200_m3_r01.txt,data\mtsp\stratum1_small\clustered-center_n200_m3_r01.txt,200,3,lkh-wrapper-v20,862.9046090496257,0.034652,0.034429,True,ok,"[{""metadata"": {""after_final_2opt_sum"": ""867.397952"", ""after_inter_snapshot"": ""true"", ""after_inter_sum"": ""879.215389"", ""after_inter_valid"": ""true"", ""after_inter_validation_code"": ""0"", ""after_polish2_sum"": ""875.612701"", ""after_polish_sum"": ""1012.981348"", ""baseline_2optgreed_budget_ms"": ""7800"", ""baseline_2optgreed_ms"": ""1"", ""baseline_2optgreed_passes_per_route"": ""3,3,2"", ""baseline_2optgreed_sum"": ""1018.276629"", ""baseline_2optgreed_used_as_best"": ""true"", ""best_minsum_max"": ""323.300905"", ""best_minsum_sum"": ""862.904609"", ""candidate_count_global"": ""22"", ""candidate_count_local"": ""14"", ""effective_total_ms"": ""9800"", ""final_2opt_cap_ms"": ""9567"", ""final_2opt_elapsed_ms"": ""0"", ""inter_broken_by"": ""none"", ""inter_budget_ms"": ""2450"", ""inter_iters"": ""45"", ""inter_oropt_accepts"": ""4"", ""inter_relocate_accepts"": ""39"", ""inter_swap_accepts"": ""2"", ""node_count"": ""200"", ""omp_max_threads"": ""14"", ""omp_polish"": ""true"", ""phase8_accepts"": ""2"", ""phase8_iters"": ""2"", ""polish_phase_budget_ms"": ""3430"", ""popmusic_solutions"": ""0"", ""salesman_count"": ""3"", ""seed"": ""42"", ""seed_chosen"": ""rr"", ""seed_fast_sum"": ""2673.443998"", ""seed_minsum"": ""1077.478551"", ""seed_polar_sum"": ""1979.596560"", ""seed_rr_sum"": ""1077.478551"", ""seed_savings_sum"": ""1126.861280"", ""total_elapsed_ms"": ""34""}, ""name"": ""lkh-wrapper-v20"", ""objective"": 862.9046090496257, ""status"": ""ok"", ""time"": 0.034429, ""valid"": true}]","[[0, 181, 70, 43, 148, 55, 67, 109, 132, 199, 111, 51, 163, 187, 76, 169, 84, 38, 57, 154, 155, 62, 27, 16, 83, 191, 127, 101, 32, 115, 47, 168, 193, 48, 184, 46, 13, 190, 121, 4, 175, 44, 29, 157, 35, 82, 5, 61, 25, 63, 14, 150, 79, 128, 17, 156, 103, 75, 87, 0], [0, 151, 133, 88, 107, 33, 198, 124, 89, 71, 2, 179, 50, 134, 58, 138, 100, 93, 170, 91, 52, 41, 120, 69, 131, 72, 173, 53, 42, 159, 146, 68, 1, 182, 188, 183, 56, 145, 119, 165, 177, 64, 102, 192, 37, 59, 116, 122, 65, 137, 118, 160, 104, 126, 18, 167, 34, 164, 149, 22, 105, 176, 108, 189, 3, 152, 172, 117, 136, 141, 45, 113, 139, 19, 129, 31, 99, 144, 0], [0, 171, 9, 142, 112, 81, 73, 20, 8, 49, 153, 185, 80, 143, 36, 10, 135, 162, 78, 97, 106, 77, 54, 92, 178, 186, 7, 23, 26, 86, 6, 180, 158, 24, 140, 90, 30, 123, 28, 147, 15, 74, 130, 98, 11, 66, 125, 166, 85, 60, 195, 12, 161, 94, 95, 174, 40, 194, 21, 197, 110, 196, 114, 96, 39, 0]]"
clustered-center,clustered-center_n200_m3_r01.txt,data\mtsp\stratum1_small\clustered-center_n200_m3_r01.txt,200,3,lkh-wrapper-v21,680.7242293676685,5.404298,5.404145,True,ok,"[{""metadata"": {""after_final_2opt_sum"": ""867.397952"", ""after_inter_snapshot"": ""true"", ""after_inter_sum"": ""879.215389"", ""after_inter_valid"": ""true"", ""after_inter_validation_code"": ""0"", ""after_polish2_sum"": ""875.612701"", ""after_polish_sum"": ""1012.981348"", ""baseline_2optgreed_budget_ms"": ""7800"", ""baseline_2optgreed_ms"": ""1"", ""baseline_2optgreed_passes_per_route"": ""3,3,2"", ""baseline_2optgreed_sum"": ""1018.276629"", ""baseline_2optgreed_used_as_best"": ""true"", ""best_minsum_max"": ""680.724229"", ""best_minsum_sum"": ""680.724229"", ""candidate_count_global"": ""22"", ""candidate_count_local"": ""14"", ""effective_total_ms"": ""9800"", ""final_2opt_cap_ms"": ""9572"", ""final_2opt_elapsed_ms"": ""0"", ""inter_broken_by"": ""none"", ""inter_budget_ms"": ""2450"", ""inter_iters"": ""45"", ""inter_oropt_accepts"": ""4"", ""inter_relocate_accepts"": ""39"", ""inter_swap_accepts"": ""2"", ""node_count"": ""200"", ""omp_max_threads"": ""14"", ""omp_polish"": ""true"", ""phase8_accepts"": ""2"", ""phase8_iters"": ""2"", ""phase9_accepts"": ""1614"", ""phase9_best_updates"": ""85"", ""phase9_first_delta"": ""0.532"", ""phase9_iters"": ""5000"", ""phase9_last_delta"": ""0.168"", ""phase9_reserve_ms"": ""3000"", ""phase9_total_delta"": ""182.180380"", ""polish_phase_budget_ms"": ""3430"", ""popmusic_solutions"": ""0"", ""salesman_count"": ""3"", ""seed"": ""42"", ""seed_chosen"": ""rr"", ""seed_fast_sum"": ""2673.443998"", ""seed_minsum"": ""1077.478551"", ""seed_polar_sum"": ""1979.596560"", ""seed_rr_sum"": ""1077.478551"", ""seed_savings_sum"": ""1126.861280"", ""total_elapsed_ms"": ""5403""}, ""name"": ""lkh-wrapper-v21"", ""objective"": 680.7242293676685, ""status"": ""ok"", ""time"": 5.404145, ""valid"": true}]","[[0, 0], [0, 0], [0, 171, 181, 70, 9, 43, 55, 148, 20, 73, 67, 81, 112, 142, 57, 54, 77, 106, 38, 84, 109, 132, 199, 111, 8, 51, 163, 187, 76, 169, 97, 78, 162, 135, 10, 36, 143, 80, 185, 153, 49, 188, 182, 1, 68, 146, 159, 42, 53, 173, 72, 131, 69, 151, 133, 88, 107, 33, 71, 2, 89, 198, 124, 50, 179, 134, 58, 100, 93, 170, 91, 52, 41, 120, 177, 165, 119, 145, 56, 183, 102, 64, 138, 192, 37, 59, 65, 116, 122, 137, 118, 160, 104, 126, 18, 167, 34, 164, 149, 22, 105, 144, 99, 31, 129, 19, 11, 66, 125, 166, 139, 113, 98, 130, 74, 15, 147, 28, 123, 30, 45, 90, 176, 108, 189, 3, 152, 172, 158, 6, 86, 180, 117, 136, 141, 140, 24, 5, 61, 63, 25, 195, 60, 85, 14, 150, 79, 17, 156, 103, 75, 87, 196, 114, 110, 197, 21, 128, 12, 161, 82, 26, 94, 23, 7, 174, 95, 35, 157, 29, 40, 194, 44, 175, 13, 190, 121, 4, 193, 168, 47, 32, 115, 48, 184, 46, 186, 178, 92, 101, 127, 191, 83, 16, 27, 62, 155, 154, 96, 39, 0]]"
clustered-center,clustered-center_n200_m3_r02.txt,data\mtsp\stratum1_small\clustered-center_n200_m3_r02.txt,200,3,rand+nn,1492.7984004501964,0.000118,9e-05,True,ok,"[{""name"": ""rand+nn"", ""objective"": 1492.7984004501964, ""status"": ""ok"", ""time"": 9e-05, ""valid"": true}]","[[0, 83, 103, 194, 135, 136, 80, 6, 89, 158, 109, 121, 11, 69, 104, 37, 178, 199, 93, 170, 51, 112, 5, 19, 165, 166, 66, 115, 8, 15, 191, 114, 126, 87, 53, 152, 124, 120, 94, 54, 32, 10, 180, 33, 48, 122, 38, 41, 35, 173, 189, 14, 156, 2, 187, 43, 67, 169, 21, 138, 39, 172, 145, 31, 179, 71, 62, 141, 0], [0, 22, 197, 56, 148, 25, 91, 176, 96, 108, 196, 7, 52, 163, 146, 77, 44, 116, 46, 186, 98, 90, 119, 188, 177, 100, 63, 160, 118, 45, 99, 190, 117, 16, 192, 123, 28, 86, 12, 184, 74, 143, 157, 75, 110, 130, 132, 195, 17, 131, 150, 29, 18, 125, 64, 78, 149, 193, 57, 161, 185, 50, 20, 159, 68, 102, 73, 0], [0, 4, 134, 162, 85, 168, 153, 164, 84, 9, 113, 82, 76, 72, 58, 127, 26, 30, 97, 107, 175, 49, 181, 144, 13, 198, 105, 40, 55, 174, 47, 59, 137, 183, 129, 171, 36, 23, 60, 128, 92, 167, 95, 133, 106, 139, 147, 65, 34, 1, 3, 24, 88, 111, 142, 81, 79, 101, 155, 154, 151, 140, 182, 42, 70, 27, 61, 0]]"
clustered-center,clustered-center_n200_m3_r02.txt,data\mtsp\stratum1_small\clustered-center_n200_m3_r02.txt,200,3,2opt+greed,927.1482826447372,0.000874,0.000812,True,ok,"[{""name"": ""2opt+greed"", ""objective"": 927.1482826447372, ""status"": ""ok"", ""time"": 0.000812, ""valid"": true}]","[[0, 4, 111, 57, 157, 21, 75, 169, 27, 67, 48, 122, 142, 38, 41, 35, 182, 173, 189, 140, 151, 150, 131, 17, 2, 187, 79, 195, 132, 43, 81, 110, 130, 155, 101, 154, 42, 138, 39, 193, 172, 149, 78, 64, 125, 145, 70, 18, 29, 14, 156, 128, 7, 196, 60, 23, 135, 36, 52, 194, 103, 32, 94, 12, 184, 74, 33, 143, 0], [0, 134, 72, 180, 185, 50, 20, 159, 15, 190, 165, 99, 26, 166, 30, 118, 66, 97, 45, 115, 8, 55, 62, 141, 40, 105, 114, 107, 175, 199, 178, 126, 49, 181, 144, 13, 37, 100, 104, 69, 63, 106, 96, 71, 108, 167, 31, 88, 152, 24, 5, 112, 19, 117, 127, 16, 10, 58, 192, 124, 153, 123, 120, 28, 85, 86, 54, 0], [0, 92, 95, 133, 179, 11, 121, 177, 109, 139, 158, 188, 119, 198, 160, 191, 186, 46, 116, 98, 44, 93, 174, 90, 3, 89, 6, 91, 147, 80, 176, 136, 1, 148, 197, 56, 34, 65, 25, 87, 59, 47, 170, 51, 77, 146, 163, 53, 137, 183, 129, 171, 22, 83, 162, 168, 164, 84, 73, 9, 102, 68, 113, 82, 161, 76, 61, 0]]"
clustered-center,clustered-center_n200_m3_r02.txt,data\mtsp\stratum1_small\clustered-center_n200_m3_r02.txt,200,3,lkh3-baseline,689.4215891620664,0.691154,0.691115,True,ok,"[{""metadata"": {""artifacts_dir"": ""C:\\Users\\ddkup\\AppData\\Local\\Temp\\mtsp_lkh3_baseline_runs\\run_1778080339610_37432_0"", ""exit_code"": ""0"", ""lkh3_wsl_bin"": ""/home/ddkup/bin/LKH"", ""objective_mode"": ""MINSUM"", ""output_tour_file"": ""C:\\Users\\ddkup\\AppData\\Local\\Temp\\mtsp_lkh3_baseline_runs\\run_1778080339610_37432_0\\output.tour"", ""params_file"": ""C:\\Users\\ddkup\\AppData\\Local\\Temp\\mtsp_lkh3_baseline_runs\\run_1778080339610_37432_0\\params.par"", ""params_wsl_path"": ""/mnt/c/Users/ddkup/AppData/Local/Temp/mtsp_lkh3_baseline_runs/run_1778080339610_37432_0/params.par"", ""problem_file"": ""C:\\Users\\ddkup\\AppData\\Local\\Temp\\mtsp_lkh3_baseline_runs\\run_1778080339610_37432_0\\problem.tsp"", ""result_file"": ""C:\\Users\\ddkup\\AppData\\Local\\Temp\\mtsp_lkh3_baseline_runs\\run_1778080339610_37432_0\\result.txt"", ""stderr_log"": ""C:\\Users\\ddkup\\AppData\\Local\\Temp\\mtsp_lkh3_baseline_runs\\run_1778080339610_37432_0\\stderr.log"", ""stdout_log"": ""C:\\Users\\ddkup\\AppData\\Local\\Temp\\mtsp_lkh3_baseline_runs\\run_1778080339610_37432_0\\stdout.log""}, ""name"": ""lkh3-baseline"", ""objective"": 689.4215891620664, ""status"": ""ok"", ""time"": 0.691115, ""valid"": true}]","[[0, 103, 22, 171, 129, 183, 137, 53, 163, 146, 88, 152, 24, 5, 112, 51, 77, 170, 47, 59, 87, 25, 91, 147, 80, 65, 34, 56, 197, 148, 1, 136, 176, 139, 109, 121, 11, 96, 71, 179, 108, 196, 60, 23, 36, 135, 194, 52, 92, 128, 31, 7, 167, 95, 133, 106, 63, 69, 104, 177, 100, 37, 158, 6, 89, 3, 90, 174, 93, 44, 191, 186, 46, 116, 98, 199, 178, 175, 126, 49, 181, 119, 144, 188, 13, 198, 160, 105, 107, 114, 40, 141, 62, 55, 8, 115, 45, 97, 66, 118, 30, 166, 99, 26, 15, 190, 165, 19, 117, 127, 16, 10, 58, 192, 124, 168, 32, 162, 86, 54, 74, 184, 12, 94, 120, 85, 28, 123, 153, 164, 84, 73, 9, 102, 68, 113, 159, 20, 50, 185, 161, 82, 180, 76, 72, 33, 143, 157, 21, 75, 61, 169, 27, 193, 172, 149, 78, 64, 125, 145, 70, 18, 29, 151, 150, 154, 42, 39, 138, 101, 155, 130, 110, 67, 81, 43, 132, 195, 79, 187, 2, 17, 131, 140, 189, 14, 156, 173, 182, 35, 41, 38, 142, 122, 48, 57, 111, 4, 0], [0, 83, 0], [0, 134, 0]]"
clustered-center,clustered-center_n200_m3_r02.txt,data\mtsp\stratum1_small\clustered-center_n200_m3_r02.txt,200,3,lkh-wrapper-v20,771.687320713972,0.03298,0.032851,True,ok,"[{""metadata"": {""after_final_2opt_sum"": ""777.888443"", ""after_inter_snapshot"": ""true"", ""after_inter_sum"": ""786.318724"", ""after_inter_valid"": ""true"", ""after_inter_validation_code"": ""0"", ""after_polish2_sum"": ""779.787578"", ""after_polish_sum"": ""927.148283"", ""baseline_2optgreed_budget_ms"": ""7800"", ""baseline_2optgreed_ms"": ""1"", ""baseline_2optgreed_passes_per_route"": ""3,2,3"", ""baseline_2optgreed_sum"": ""927.148283"", ""baseline_2optgreed_used_as_best"": ""true"", ""best_minsum_max"": ""279.424527"", ""best_minsum_sum"": ""771.687321"", ""candidate_count_global"": ""22"", ""candidate_count_local"": ""14"", ""effective_total_ms"": ""9800"", ""final_2opt_cap_ms"": ""9570"", ""final_2opt_elapsed_ms"": ""0"", ""inter_broken_by"": ""none"", ""inter_budget_ms"": ""2450"", ""inter_iters"": ""45"", ""inter_oropt_accepts"": ""6"", ""inter_relocate_accepts"": ""37"", ""inter_swap_accepts"": ""2"", ""node_count"": ""200"", ""omp_max_threads"": ""14"", ""omp_polish"": ""true"", ""phase8_accepts"": ""5"", ""phase8_iters"": ""5"", ""polish_phase_budget_ms"": ""3430"", ""popmusic_solutions"": ""0"", ""salesman_count"": ""3"", ""seed"": ""42"", ""seed_chosen"": ""rr"", ""seed_fast_sum"": ""2200.163298"", ""seed_minsum"": ""972.433739"", ""seed_polar_sum"": ""2023.849971"", ""seed_rr_sum"": ""972.433739"", ""seed_savings_sum"": ""1092.202494"", ""total_elapsed_ms"": ""32""}, ""name"": ""lkh-wrapper-v20"", ""objective"": 771.687320713972, ""status"": ""ok"", ""time"": 0.032851, ""valid"": true}]","[[0, 83, 129, 135, 36, 128, 92, 31, 156, 14, 29, 18, 70, 145, 125, 64, 78, 149, 172, 193, 27, 169, 61, 75, 21, 157, 48, 67, 110, 81, 43, 132, 195, 79, 101, 130, 155, 138, 39, 42, 154, 187, 2, 17, 131, 150, 151, 140, 189, 173, 182, 35, 41, 38, 142, 122, 57, 111, 4, 0], [0, 54, 86, 162, 32, 85, 28, 123, 153, 124, 192, 58, 10, 16, 127, 117, 19, 112, 5, 24, 146, 163, 53, 137, 183, 197, 56, 148, 23, 196, 108, 179, 71, 96, 106, 63, 69, 104, 177, 100, 37, 188, 144, 119, 181, 178, 49, 126, 175, 107, 114, 40, 141, 62, 55, 8, 115, 45, 97, 66, 118, 30, 166, 26, 99, 165, 190, 15, 159, 20, 50, 185, 161, 82, 180, 76, 72, 33, 143, 0], [0, 134, 74, 184, 12, 94, 120, 84, 73, 9, 102, 68, 113, 164, 168, 88, 152, 77, 51, 170, 47, 59, 87, 25, 65, 34, 1, 136, 176, 80, 147, 91, 6, 89, 3, 90, 174, 93, 44, 199, 98, 116, 46, 186, 191, 105, 160, 198, 13, 158, 139, 109, 121, 11, 133, 95, 167, 7, 60, 52, 194, 171, 22, 103, 0]]"
clustered-center,clustered-center_n200_m3_r02.txt,data\mtsp\stratum1_small\clustered-center_n200_m3_r02.txt,200,3,lkh-wrapper-v21,685.269660204485,2.582604,2.582446,True,ok,"[{""metadata"": {""after_final_2opt_sum"": ""777.888443"", ""after_inter_snapshot"": ""true"", ""after_inter_sum"": ""786.318724"", ""after_inter_valid"": ""true"", ""after_inter_validation_code"": ""0"", ""after_polish2_sum"": ""779.787578"", ""after_polish_sum"": ""927.148283"", ""baseline_2optgreed_budget_ms"": ""7800"", ""baseline_2optgreed_ms"": ""1"", ""baseline_2optgreed_passes_per_route"": ""3,2,3"", ""baseline_2optgreed_sum"": ""927.148283"", ""baseline_2optgreed_used_as_best"": ""true"", ""best_minsum_max"": ""342.838483"", ""best_minsum_sum"": ""685.269660"", ""candidate_count_global"": ""22"", ""candidate_count_local"": ""14"", ""effective_total_ms"": ""9800"", ""final_2opt_cap_ms"": ""9571"", ""final_2opt_elapsed_ms"": ""0"", ""inter_broken_by"": ""none"", ""inter_budget_ms"": ""2450"", ""inter_iters"": ""45"", ""inter_oropt_accepts"": ""6"", ""inter_relocate_accepts"": ""37"", ""inter_swap_accepts"": ""2"", ""node_count"": ""200"", ""omp_max_threads"": ""14"", ""omp_polish"": ""true"", ""phase8_accepts"": ""5"", ""phase8_iters"": ""5"", ""phase9_accepts"": ""1712"", ""phase9_best_updates"": ""65"", ""phase9_first_delta"": ""2.130"", ""phase9_iters"": ""5000"", ""phase9_last_delta"": ""1.262"", ""phase9_reserve_ms"": ""3000"", ""phase9_total_delta"": ""86.417661"", ""polish_phase_budget_ms"": ""3430"", ""popmusic_solutions"": ""0"", ""salesman_count"": ""3"", ""seed"": ""42"", ""seed_chosen"": ""rr"", ""seed_fast_sum"": ""2200.163298"", ""seed_minsum"": ""972.433739"", ""seed_polar_sum"": ""2023.849971"", ""seed_rr_sum"": ""972.433739"", ""seed_savings_sum"": ""1092.202494"", ""total_elapsed_ms"": ""2582""}, ""name"": ""lkh-wrapper-v21"", ""objective"": 685.269660204485, ""status"": ""ok"", ""time"": 2.582446, ""valid"": true}]","[[0, 4, 111, 57, 48, 122, 142, 38, 41, 35, 182, 173, 156, 14, 189, 140, 131, 17, 2, 187, 79, 195, 132, 43, 81, 67, 110, 130, 155, 101, 138, 39, 42, 154, 150, 151, 29, 18, 70, 145, 125, 64, 78, 149, 172, 193, 27, 169, 61, 75, 21, 157, 143, 33, 72, 76, 180, 82, 161, 185, 50, 20, 159, 113, 68, 102, 9, 73, 84, 153, 164, 16, 10, 58, 192, 124, 168, 32, 162, 54, 86, 85, 28, 123, 120, 94, 12, 184, 74, 134, 0], [0, 0], [0, 83, 129, 183, 137, 53, 163, 146, 88, 152, 24, 5, 112, 19, 117, 127, 190, 15, 165, 99, 26, 166, 30, 8, 55, 62, 141, 40, 115, 45, 97, 118, 66, 191, 186, 46, 116, 98, 199, 178, 181, 49, 126, 175, 107, 114, 105, 160, 198, 13, 119, 144, 188, 37, 100, 177, 104, 69, 63, 106, 11, 121, 109, 158, 139, 176, 136, 1, 80, 147, 91, 6, 89, 3, 90, 174, 93, 44, 51, 77, 170, 47, 59, 87, 25, 65, 34, 56, 197, 148, 135, 36, 23, 60, 196, 108, 179, 71, 96, 133, 95, 167, 7, 31, 128, 92, 52, 194, 171, 22, 103, 0]]"
clustered-center,clustered-center_n200_m3_r03.txt,data\mtsp\stratum1_small\clustered-center_n200_m3_r03.txt,200,3,rand+nn,1455.1849726493174,0.000196,0.000154,True,ok,"[{""name"": ""rand+nn"", ""objective"": 1455.1849726493174, ""status"": ""ok"", ""time"": 0.000154, ""valid"": true}]","[[0, 121, 194, 178, 189, 122, 199, 191, 11, 112, 89, 41, 145, 158, 120, 109, 2, 67, 31, 10, 6, 124, 156, 94, 33, 38, 169, 136, 51, 54, 138, 115, 114, 37, 32, 103, 170, 104, 53, 180, 126, 15, 141, 83, 166, 62, 39, 179, 48, 35, 173, 172, 93, 165, 87, 43, 135, 66, 187, 21, 5, 152, 14, 80, 19, 71, 8, 69, 0], [0, 45, 132, 12, 64, 25, 150, 130, 160, 161, 148, 177, 176, 20, 131, 86, 143, 96, 100, 73, 195, 90, 98, 16, 186, 196, 52, 146, 149, 29, 108, 184, 63, 44, 157, 17, 192, 125, 123, 159, 188, 193, 110, 102, 28, 57, 77, 118, 78, 119, 22, 116, 7, 68, 163, 56, 197, 185, 75, 117, 74, 18, 50, 46, 190, 99, 91, 0], [0, 24, 111, 55, 85, 40, 107, 134, 49, 59, 42, 162, 60, 198, 65, 164, 140, 171, 92, 151, 183, 97, 1, 9, 147, 129, 144, 168, 181, 3, 34, 81, 139, 101, 127, 113, 167, 142, 154, 76, 30, 36, 137, 106, 26, 27, 58, 72, 23, 13, 128, 105, 175, 61, 47, 4, 70, 95, 82, 153, 88, 155, 79, 182, 133, 84, 174, 0]]"
clustered-center,clustered-center_n200_m3_r03.txt,data\mtsp\stratum1_small\clustered-center_n200_m3_r03.txt,200,3,2opt+greed,819.586904233749,0.000667,0.000628,True,ok,"[{""name"": ""2opt+greed"", ""objective"": 819.586904233749, ""status"": ""ok"", ""time"": 0.000628, ""valid"": true}]","[[0, 45, 132, 23, 190, 128, 13, 67, 197, 185, 4, 70, 69, 47, 117, 61, 94, 18, 50, 171, 74, 124, 156, 160, 169, 131, 186, 42, 16, 162, 115, 196, 9, 147, 52, 32, 103, 113, 157, 44, 127, 63, 184, 108, 101, 170, 53, 123, 180, 126, 81, 15, 141, 83, 110, 193, 166, 188, 62, 64, 25, 150, 6, 10, 175, 105, 31, 12, 0], [0, 121, 24, 102, 154, 48, 179, 28, 76, 21, 187, 125, 192, 17, 66, 135, 43, 139, 104, 159, 34, 3, 181, 168, 93, 144, 73, 172, 173, 35, 87, 100, 165, 49, 59, 136, 198, 20, 51, 60, 54, 1, 46, 33, 183, 97, 138, 176, 177, 38, 65, 148, 164, 140, 161, 92, 151, 130, 85, 55, 143, 40, 86, 107, 134, 96, 111, 0], [0, 194, 178, 36, 57, 137, 189, 122, 106, 26, 191, 199, 89, 30, 116, 91, 84, 22, 112, 77, 11, 133, 118, 79, 182, 119, 8, 78, 155, 7, 41, 14, 152, 72, 58, 2, 56, 109, 120, 27, 145, 158, 68, 88, 153, 82, 71, 174, 99, 95, 19, 80, 163, 75, 195, 90, 98, 114, 37, 129, 146, 29, 149, 5, 167, 142, 39, 0]]"
clustered-center,clustered-center_n200_m3_r03.txt,data\mtsp\stratum1_small\clustered-center_n200_m3_r03.txt,200,3,lkh3-baseline,627.3136696876587,0.578828,0.578771,True,ok,"[{""metadata"": {""artifacts_dir"": ""C:\\Users\\ddkup\\AppData\\Local\\Temp\\mtsp_lkh3_baseline_runs\\run_1778080343087_26708_0"", ""exit_code"": ""0"", ""lkh3_wsl_bin"": ""/home/ddkup/bin/LKH"", ""objective_mode"": ""MINSUM"", ""output_tour_file"": ""C:\\Users\\ddkup\\AppData\\Local\\Temp\\mtsp_lkh3_baseline_runs\\run_1778080343087_26708_0\\output.tour"", ""params_file"": ""C:\\Users\\ddkup\\AppData\\Local\\Temp\\mtsp_lkh3_baseline_runs\\run_1778080343087_26708_0\\params.par"", ""params_wsl_path"": ""/mnt/c/Users/ddkup/AppData/Local/Temp/mtsp_lkh3_baseline_runs/run_1778080343087_26708_0/params.par"", ""problem_file"": ""C:\\Users\\ddkup\\AppData\\Local\\Temp\\mtsp_lkh3_baseline_runs\\run_1778080343087_26708_0\\problem.tsp"", ""result_file"": ""C:\\Users\\ddkup\\AppData\\Local\\Temp\\mtsp_lkh3_baseline_runs\\run_1778080343087_26708_0\\result.txt"", ""stderr_log"": ""C:\\Users\\ddkup\\AppData\\Local\\Temp\\mtsp_lkh3_baseline_runs\\run_1778080343087_26708_0\\stderr.log"", ""stdout_log"": ""C:\\Users\\ddkup\\AppData\\Local\\Temp\\mtsp_lkh3_baseline_runs\\run_1778080343087_26708_0\\stdout.log""}, ""name"": ""lkh3-baseline"", ""objective"": 627.3136696876587, ""status"": ""ok"", ""time"": 0.578771, ""valid"": true}]","[[0, 121, 24, 111, 96, 134, 107, 186, 59, 49, 165, 100, 87, 35, 173, 172, 73, 144, 93, 168, 181, 3, 34, 159, 104, 139, 170, 101, 43, 135, 66, 17, 180, 123, 53, 126, 81, 15, 141, 83, 179, 110, 193, 166, 188, 62, 167, 142, 39, 102, 154, 48, 28, 76, 21, 187, 125, 192, 5, 157, 113, 44, 127, 63, 184, 108, 149, 29, 146, 103, 32, 52, 147, 9, 129, 37, 114, 98, 90, 195, 42, 16, 162, 115, 196, 1, 54, 60, 51, 20, 198, 131, 169, 136, 86, 40, 143, 85, 55, 64, 25, 150, 175, 105, 10, 6, 74, 156, 124, 130, 151, 160, 92, 161, 140, 164, 148, 65, 38, 177, 176, 138, 97, 46, 183, 33, 50, 171, 18, 94, 61, 117, 47, 75, 69, 70, 4, 185, 163, 120, 27, 145, 158, 68, 80, 19, 95, 99, 174, 8, 71, 82, 153, 88, 155, 79, 78, 182, 119, 91, 84, 22, 112, 118, 133, 77, 11, 116, 30, 89, 36, 57, 137, 189, 122, 106, 26, 199, 191, 7, 41, 14, 152, 72, 58, 2, 56, 109, 197, 67, 13, 128, 31, 190, 23, 178, 132, 194, 0], [0, 12, 0], [0, 45, 0]]"
clustered-center,clustered-center_n200_m3_r03.txt,data\mtsp\stratum1_small\clustered-center_n200_m3_r03.txt,200,3,lkh-wrapper-v20,728.7634059841048,0.029865,0.02979,True,ok,"[{""metadata"": {""after_final_2opt_sum"": ""728.763406"", ""after_inter_snapshot"": ""true"", ""after_inter_sum"": ""734.613344"", ""after_inter_valid"": ""true"", ""after_inter_validation_code"": ""0"", ""after_polish2_sum"": ""730.019913"", ""after_polish_sum"": ""811.924077"", ""baseline_2optgreed_budget_ms"": ""7800"", ""baseline_2optgreed_ms"": ""1"", ""baseline_2optgreed_passes_per_route"": ""3,3,4"", ""baseline_2optgreed_sum"": ""819.586904"", ""baseline_2optgreed_used_as_best"": ""true"", ""best_minsum_max"": ""289.712964"", ""best_minsum_sum"": ""728.763406"", ""candidate_count_global"": ""22"", ""candidate_count_local"": ""14"", ""effective_total_ms"": ""9800"", ""final_2opt_cap_ms"": ""9571"", ""final_2opt_elapsed_ms"": ""0"", ""inter_broken_by"": ""none"", ""inter_budget_ms"": ""2450"", ""inter_iters"": ""46"", ""inter_oropt_accepts"": ""4"", ""inter_relocate_accepts"": ""39"", ""inter_swap_accepts"": ""3"", ""node_count"": ""200"", ""omp_max_threads"": ""14"", ""omp_polish"": ""true"", ""phase8_accepts"": ""0"", ""phase8_iters"": ""0"", ""polish_phase_budget_ms"": ""3430"", ""popmusic_solutions"": ""0"", ""salesman_count"": ""3"", ""seed"": ""42"", ""seed_chosen"": ""rr"", ""seed_fast_sum"": ""1966.283009"", ""seed_minsum"": ""947.896709"", ""seed_polar_sum"": ""1988.646021"", ""seed_rr_sum"": ""947.896709"", ""seed_savings_sum"": ""1057.149754"", ""total_elapsed_ms"": ""29""}, ""name"": ""lkh-wrapper-v20"", ""objective"": 728.7634059841048, ""status"": ""ok"", ""time"": 0.02979, ""valid"": true}]","[[0, 111, 96, 87, 35, 167, 62, 193, 110, 179, 83, 141, 15, 81, 126, 123, 53, 101, 108, 184, 63, 127, 44, 157, 113, 103, 32, 52, 147, 9, 115, 162, 16, 136, 169, 160, 156, 124, 74, 171, 50, 18, 94, 61, 117, 47, 75, 69, 70, 4, 185, 197, 190, 23, 178, 132, 194, 45, 0], [0, 102, 154, 48, 28, 76, 21, 187, 125, 180, 66, 17, 192, 5, 135, 43, 170, 139, 104, 159, 34, 3, 168, 93, 144, 73, 172, 173, 100, 165, 49, 134, 40, 86, 131, 198, 20, 54, 60, 51, 196, 1, 46, 33, 183, 97, 138, 176, 177, 38, 65, 148, 164, 140, 161, 92, 151, 130, 64, 12, 0], [0, 36, 57, 137, 189, 122, 106, 26, 41, 14, 152, 72, 58, 2, 56, 120, 27, 145, 158, 68, 7, 191, 199, 11, 89, 30, 116, 84, 22, 112, 77, 133, 118, 79, 91, 119, 182, 78, 155, 88, 153, 82, 71, 8, 174, 99, 95, 19, 80, 163, 109, 67, 13, 128, 31, 105, 175, 10, 6, 150, 25, 55, 85, 143, 107, 59, 186, 42, 195, 90, 98, 114, 37, 129, 146, 149, 29, 181, 188, 166, 39, 142, 24, 121, 0]]"
clustered-center,clustered-center_n200_m3_r03.txt,data\mtsp\stratum1_small\clustered-center_n200_m3_r03.txt,200,3,lkh-wrapper-v21,636.2195815957252,2.807977,2.807859,True,ok,"[{""metadata"": {""after_final_2opt_sum"": ""728.763406"", ""after_inter_snapshot"": ""true"", ""after_inter_sum"": ""734.613344"", ""after_inter_valid"": ""true"", ""after_inter_validation_code"": ""0"", ""after_polish2_sum"": ""730.019913"", ""after_polish_sum"": ""811.924077"", ""baseline_2optgreed_budget_ms"": ""7800"", ""baseline_2optgreed_ms"": ""4"", ""baseline_2optgreed_passes_per_route"": ""3,3,4"", ""baseline_2optgreed_sum"": ""819.586904"", ""baseline_2optgreed_used_as_best"": ""true"", ""best_minsum_max"": ""322.690385"", ""best_minsum_sum"": ""636.219582"", ""candidate_count_global"": ""22"", ""candidate_count_local"": ""14"", ""effective_total_ms"": ""9800"", ""final_2opt_cap_ms"": ""9568"", ""final_2opt_elapsed_ms"": ""0"", ""inter_broken_by"": ""none"", ""inter_budget_ms"": ""2450"", ""inter_iters"": ""46"", ""inter_oropt_accepts"": ""4"", ""inter_relocate_accepts"": ""39"", ""inter_swap_accepts"": ""3"", ""node_count"": ""200"", ""omp_max_threads"": ""14"", ""omp_polish"": ""true"", ""phase8_accepts"": ""0"", ""phase8_iters"": ""0"", ""phase9_accepts"": ""1542"", ""phase9_best_updates"": ""53"", ""phase9_first_delta"": ""5.755"", ""phase9_iters"": ""5000"", ""phase9_last_delta"": ""3.022"", ""phase9_reserve_ms"": ""3000"", ""phase9_total_delta"": ""92.543824"", ""polish_phase_budget_ms"": ""3430"", ""popmusic_solutions"": ""0"", ""salesman_count"": ""3"", ""seed"": ""42"", ""seed_chosen"": ""rr"", ""seed_fast_sum"": ""1966.283009"", ""seed_minsum"": ""947.896709"", ""seed_polar_sum"": ""1988.646021"", ""seed_rr_sum"": ""947.896709"", ""seed_savings_sum"": ""1057.149754"", ""total_elapsed_ms"": ""2807""}, ""name"": ""lkh-wrapper-v21"", ""objective"": 636.2195815957252, ""status"": ""ok"", ""time"": 2.807859, ""valid"": true}]","[[0, 132, 178, 36, 57, 137, 189, 106, 26, 122, 89, 30, 116, 84, 22, 91, 119, 182, 78, 79, 155, 118, 133, 112, 77, 11, 199, 191, 7, 88, 153, 82, 71, 8, 174, 99, 95, 19, 80, 68, 158, 145, 41, 27, 120, 163, 185, 4, 70, 69, 75, 47, 117, 61, 94, 18, 171, 50, 33, 183, 46, 97, 138, 176, 177, 38, 65, 148, 164, 140, 161, 92, 160, 151, 130, 124, 156, 74, 6, 10, 175, 105, 31, 128, 13, 67, 197, 109, 56, 2, 58, 14, 152, 72, 190, 23, 194, 45, 0], [0, 12, 150, 25, 64, 55, 85, 143, 40, 86, 136, 169, 131, 198, 20, 51, 60, 54, 1, 196, 115, 162, 16, 42, 195, 90, 98, 114, 37, 129, 9, 147, 52, 32, 103, 113, 127, 44, 157, 5, 63, 184, 146, 29, 149, 108, 101, 43, 135, 66, 17, 192, 125, 187, 21, 76, 28, 48, 154, 102, 39, 142, 167, 62, 188, 166, 193, 110, 179, 83, 141, 15, 81, 126, 180, 123, 53, 170, 139, 104, 159, 34, 3, 181, 168, 93, 144, 73, 172, 173, 35, 87, 100, 165, 49, 59, 186, 107, 134, 96, 111, 24, 121, 0], [0, 0]]"
clustered-center,clustered-center_n200_m5_r01.txt,data\mtsp\stratum1_small\clustered-center_n200_m5_r01.txt,200,5,rand+nn,1950.9901482943285,0.000123,8.8e-05,True,ok,"[{""name"": ""rand+nn"", ""objective"": 1950.9901482943285, ""status"": ""ok"", ""time"": 8.8e-05, ""valid"": true}]","[[0, 99, 105, 146, 1, 9, 121, 48, 163, 160, 3, 6, 84, 157, 179, 118, 13, 147, 55, 185, 123, 176, 122, 5, 138, 152, 56, 169, 119, 103, 137, 171, 91, 128, 189, 107, 32, 93, 10, 195, 167, 0], [0, 166, 7, 154, 12, 197, 120, 175, 188, 131, 87, 11, 79, 174, 125, 116, 110, 178, 77, 114, 36, 144, 129, 187, 182, 59, 100, 54, 86, 149, 14, 53, 76, 23, 30, 190, 25, 140, 71, 66, 199, 0], [0, 85, 63, 29, 153, 49, 133, 194, 21, 132, 162, 113, 108, 33, 181, 61, 65, 127, 139, 40, 164, 16, 98, 46, 22, 44, 57, 89, 165, 19, 74, 156, 135, 170, 72, 51, 96, 62, 141, 18, 39, 0], [0, 150, 193, 35, 104, 136, 192, 24, 15, 151, 52, 60, 191, 80, 168, 88, 117, 180, 50, 198, 92, 161, 2, 41, 17, 155, 112, 115, 184, 109, 134, 27, 75, 102, 159, 37, 42, 28, 124, 142, 70, 0], [0, 172, 145, 43, 97, 130, 4, 68, 38, 73, 20, 90, 8, 47, 78, 67, 45, 106, 196, 31, 69, 143, 183, 186, 111, 148, 95, 177, 158, 64, 81, 82, 101, 94, 58, 34, 173, 126, 26, 83, 0]]"
clustered-center,clustered-center_n200_m5_r01.txt,data\mtsp\stratum1_small\clustered-center_n200_m5_r01.txt,200,5,2opt+greed,1023.5276010757447,0.000454,0.000428,True,ok,"[{""name"": ""2opt+greed"", ""objective"": 1023.5276010757447, ""status"": ""ok"", ""time"": 0.000428, ""valid"": true}]","[[0, 150, 193, 182, 73, 174, 88, 117, 180, 8, 107, 127, 11, 87, 191, 79, 128, 65, 68, 80, 4, 108, 93, 198, 104, 35, 144, 137, 106, 40, 129, 10, 161, 41, 16, 155, 118, 69, 17, 23, 2, 0], [0, 166, 85, 63, 152, 138, 164, 183, 123, 143, 98, 46, 185, 55, 22, 147, 44, 57, 95, 89, 76, 165, 112, 115, 184, 6, 3, 74, 66, 71, 160, 19, 173, 124, 163, 156, 142, 135, 70, 167, 199, 0], [0, 7, 29, 154, 145, 153, 49, 103, 43, 181, 36, 33, 114, 61, 77, 171, 38, 178, 110, 116, 168, 91, 125, 20, 90, 195, 50, 139, 189, 32, 60, 59, 18, 148, 186, 176, 122, 39, 83, 53, 31, 0], [0, 99, 126, 37, 159, 102, 101, 94, 9, 121, 58, 170, 48, 42, 34, 28, 140, 72, 1, 190, 146, 75, 82, 25, 81, 64, 27, 105, 134, 158, 109, 30, 177, 84, 51, 157, 179, 96, 196, 62, 141, 0], [0, 172, 92, 56, 197, 12, 187, 136, 192, 97, 175, 113, 130, 52, 151, 131, 47, 162, 188, 15, 132, 21, 194, 120, 133, 78, 24, 67, 169, 45, 119, 100, 5, 54, 86, 111, 149, 14, 26, 13, 0]]"
clustered-center,clustered-center_n200_m5_r01.txt,data\mtsp\stratum1_small\clustered-center_n200_m5_r01.txt,200,5,lkh3-baseline,697.193174424004,0.540792,0.540752,True,ok,"[{""metadata"": {""artifacts_dir"": ""C:\\Users\\ddkup\\AppData\\Local\\Temp\\mtsp_lkh3_baseline_runs\\run_1778080346668_41176_0"", ""exit_code"": ""0"", ""lkh3_wsl_bin"": ""/home/ddkup/bin/LKH"", ""objective_mode"": ""MINSUM"", ""output_tour_file"": ""C:\\Users\\ddkup\\AppData\\Local\\Temp\\mtsp_lkh3_baseline_runs\\run_1778080346668_41176_0\\output.tour"", ""params_file"": ""C:\\Users\\ddkup\\AppData\\Local\\Temp\\mtsp_lkh3_baseline_runs\\run_1778080346668_41176_0\\params.par"", ""params_wsl_path"": ""/mnt/c/Users/ddkup/AppData/Local/Temp/mtsp_lkh3_baseline_runs/run_1778080346668_41176_0/params.par"", ""problem_file"": ""C:\\Users\\ddkup\\AppData\\Local\\Temp\\mtsp_lkh3_baseline_runs\\run_1778080346668_41176_0\\problem.tsp"", ""result_file"": ""C:\\Users\\ddkup\\AppData\\Local\\Temp\\mtsp_lkh3_baseline_runs\\run_1778080346668_41176_0\\result.txt"", ""stderr_log"": ""C:\\Users\\ddkup\\AppData\\Local\\Temp\\mtsp_lkh3_baseline_runs\\run_1778080346668_41176_0\\stderr.log"", ""stdout_log"": ""C:\\Users\\ddkup\\AppData\\Local\\Temp\\mtsp_lkh3_baseline_runs\\run_1778080346668_41176_0\\stdout.log""}, ""name"": ""lkh3-baseline"", ""objective"": 697.193174424004, ""status"": ""ok"", ""time"": 0.540752, ""valid"": true}]","[[0, 166, 0], [0, 7, 0], [0, 99, 0], [0, 10, 193, 182, 40, 129, 187, 35, 104, 43, 136, 103, 49, 153, 145, 29, 154, 92, 56, 197, 12, 192, 97, 175, 113, 130, 108, 4, 93, 198, 181, 144, 137, 106, 36, 33, 114, 61, 77, 171, 38, 178, 73, 116, 110, 168, 91, 125, 20, 174, 88, 90, 117, 8, 180, 195, 50, 139, 127, 107, 189, 79, 128, 65, 68, 80, 191, 32, 11, 87, 60, 52, 151, 131, 47, 162, 188, 15, 132, 21, 194, 120, 133, 78, 24, 67, 169, 45, 119, 59, 100, 18, 5, 148, 54, 86, 186, 176, 111, 122, 149, 39, 14, 83, 26, 57, 44, 95, 89, 165, 76, 118, 69, 155, 13, 53, 147, 22, 55, 185, 123, 143, 98, 46, 23, 17, 84, 177, 112, 115, 184, 6, 3, 74, 66, 71, 160, 19, 173, 28, 124, 163, 156, 142, 135, 70, 167, 199, 121, 58, 170, 48, 42, 34, 140, 72, 1, 9, 94, 101, 102, 159, 37, 126, 81, 64, 25, 82, 75, 190, 146, 27, 105, 134, 158, 109, 30, 179, 157, 51, 96, 196, 31, 141, 62, 2, 161, 41, 16, 183, 164, 138, 152, 63, 85, 172, 0], [0, 150, 0]]"
clustered-center,clustered-center_n200_m5_r01.txt,data\mtsp\stratum1_small\clustered-center_n200_m5_r01.txt,200,5,lkh-wrapper-v20,859.1585259315183,0.056486,0.056367,True,ok,"[{""metadata"": {""after_final_2opt_sum"": ""859.158526"", ""after_inter_snapshot"": ""true"", ""after_inter_sum"": ""863.296420"", ""after_inter_valid"": ""true"", ""after_inter_validation_code"": ""0"", ""after_polish2_sum"": ""863.296420"", ""after_polish_sum"": ""1023.527601"", ""baseline_2optgreed_budget_ms"": ""7800"", ""baseline_2optgreed_ms"": ""1"", ""baseline_2optgreed_passes_per_route"": ""4,2,2,4,3"", ""baseline_2optgreed_sum"": ""1023.527601"", ""baseline_2optgreed_used_as_best"": ""true"", ""best_minsum_max"": ""229.674647"", ""best_minsum_sum"": ""859.158526"", ""candidate_count_global"": ""22"", ""candidate_count_local"": ""14"", ""effective_total_ms"": ""9800"", ""final_2opt_cap_ms"": ""9545"", ""final_2opt_elapsed_ms"": ""0"", ""inter_broken_by"": ""none"", ""inter_budget_ms"": ""2450"", ""inter_iters"": ""78"", ""inter_oropt_accepts"": ""10"", ""inter_relocate_accepts"": ""66"", ""inter_swap_accepts"": ""2"", ""node_count"": ""200"", ""omp_max_threads"": ""14"", ""omp_polish"": ""true"", ""phase8_accepts"": ""0"", ""phase8_iters"": ""0"", ""polish_phase_budget_ms"": ""3430"", ""popmusic_solutions"": ""0"", ""salesman_count"": ""5"", ""seed"": ""42"", ""seed_chosen"": ""rr"", ""seed_fast_sum"": ""1982.132034"", ""seed_minsum"": ""1086.356173"", ""seed_polar_sum"": ""2279.128529"", ""seed_rr_sum"": ""1086.356173"", ""seed_savings_sum"": ""1164.341904"", ""total_elapsed_ms"": ""56""}, ""name"": ""lkh-wrapper-v20"", ""objective"": 859.1585259315183, ""status"": ""ok"", ""time"": 0.056367, ""valid"": true}]","[[0, 150, 193, 182, 73, 116, 168, 91, 128, 79, 65, 68, 191, 80, 61, 77, 114, 33, 36, 106, 40, 129, 10, 7, 161, 41, 16, 123, 143, 98, 46, 23, 141, 2, 0], [0, 85, 63, 152, 138, 164, 183, 185, 55, 147, 44, 57, 95, 89, 76, 165, 112, 115, 184, 6, 3, 74, 66, 71, 160, 19, 173, 28, 124, 163, 156, 142, 135, 70, 167, 199, 121, 58, 170, 48, 42, 34, 140, 72, 75, 82, 25, 64, 81, 0], [0, 145, 153, 187, 35, 104, 144, 137, 171, 38, 178, 110, 125, 20, 174, 88, 90, 117, 8, 180, 195, 50, 139, 127, 107, 189, 11, 87, 32, 60, 52, 108, 4, 93, 198, 181, 43, 136, 103, 49, 154, 29, 0], [0, 99, 126, 37, 159, 102, 101, 94, 9, 1, 190, 146, 27, 105, 134, 158, 109, 30, 177, 84, 51, 157, 179, 96, 196, 0], [0, 166, 172, 92, 56, 197, 12, 192, 97, 175, 113, 130, 151, 131, 47, 162, 188, 15, 132, 21, 194, 120, 133, 78, 24, 67, 169, 45, 119, 59, 100, 18, 5, 148, 54, 86, 186, 176, 111, 122, 149, 39, 14, 83, 26, 22, 53, 13, 155, 118, 69, 17, 31, 62, 0]]"
clustered-center,clustered-center_n200_m5_r01.txt,data\mtsp\stratum1_small\clustered-center_n200_m5_r01.txt,200,5,lkh-wrapper-v21,681.1185204699298,3.177937,3.177752,True,ok,"[{""metadata"": {""after_final_2opt_sum"": ""859.158526"", ""after_inter_snapshot"": ""true"", ""after_inter_sum"": ""863.296420"", ""after_inter_valid"": ""true"", ""after_inter_validation_code"": ""0"", ""after_polish2_sum"": ""863.296420"", ""after_polish_sum"": ""1023.527601"", ""baseline_2optgreed_budget_ms"": ""7800"", ""baseline_2optgreed_ms"": ""2"", ""baseline_2optgreed_passes_per_route"": ""4,2,2,4,3"", ""baseline_2optgreed_sum"": ""1023.527601"", ""baseline_2optgreed_used_as_best"": ""true"", ""best_minsum_max"": ""368.808845"", ""best_minsum_sum"": ""681.118520"", ""candidate_count_global"": ""22"", ""candidate_count_local"": ""14"", ""effective_total_ms"": ""9800"", ""final_2opt_cap_ms"": ""9544"", ""final_2opt_elapsed_ms"": ""0"", ""inter_broken_by"": ""none"", ""inter_budget_ms"": ""2450"", ""inter_iters"": ""78"", ""inter_oropt_accepts"": ""10"", ""inter_relocate_accepts"": ""66"", ""inter_swap_accepts"": ""2"", ""node_count"": ""200"", ""omp_max_threads"": ""14"", ""omp_polish"": ""true"", ""phase8_accepts"": ""0"", ""phase8_iters"": ""0"", ""phase9_accepts"": ""1617"", ""phase9_best_updates"": ""87"", ""phase9_first_delta"": ""4.587"", ""phase9_iters"": ""5000"", ""phase9_last_delta"": ""18.488"", ""phase9_reserve_ms"": ""3000"", ""phase9_total_delta"": ""178.040005"", ""polish_phase_budget_ms"": ""3430"", ""popmusic_solutions"": ""0"", ""salesman_count"": ""5"", ""seed"": ""42"", ""seed_chosen"": ""rr"", ""seed_fast_sum"": ""1982.132034"", ""seed_minsum"": ""1086.356173"", ""seed_polar_sum"": ""2279.128529"", ""seed_rr_sum"": ""1086.356173"", ""seed_savings_sum"": ""1164.341904"", ""total_elapsed_ms"": ""3177""}, ""name"": ""lkh-wrapper-v21"", ""objective"": 681.1185204699298, ""status"": ""ok"", ""time"": 3.177752, ""valid"": true}]","[[0, 0], [0, 0], [0, 150, 10, 193, 182, 40, 129, 187, 35, 104, 144, 137, 106, 36, 33, 114, 61, 77, 171, 38, 178, 73, 116, 110, 168, 91, 125, 20, 174, 88, 90, 117, 8, 180, 195, 50, 139, 127, 107, 189, 79, 128, 65, 68, 80, 191, 32, 11, 87, 60, 52, 151, 131, 47, 162, 188, 21, 132, 15, 45, 119, 169, 67, 24, 78, 133, 120, 194, 97, 175, 113, 130, 108, 4, 93, 198, 181, 43, 136, 192, 12, 197, 56, 92, 49, 103, 153, 145, 154, 29, 7, 0], [0, 99, 126, 37, 81, 64, 27, 105, 158, 134, 146, 190, 75, 82, 25, 159, 102, 101, 94, 9, 1, 72, 140, 34, 42, 48, 170, 58, 121, 199, 167, 70, 135, 142, 156, 163, 124, 28, 173, 19, 160, 71, 66, 74, 3, 6, 184, 115, 112, 165, 76, 118, 69, 155, 13, 53, 147, 22, 44, 57, 95, 89, 26, 83, 14, 39, 149, 122, 111, 176, 186, 86, 55, 185, 123, 143, 98, 46, 23, 17, 84, 177, 30, 109, 179, 157, 51, 96, 196, 31, 141, 62, 2, 161, 41, 16, 152, 138, 164, 183, 54, 148, 5, 18, 100, 59, 63, 85, 172, 166, 0], [0, 0]]"
clustered-center,clustered-center_n200_m5_r02.txt,data\mtsp\stratum1_small\clustered-center_n200_m5_r02.txt,200,5,rand+nn,1930.420385409804,0.000107,7.1e-05,True,ok,"[{""name"": ""rand+nn"", ""objective"": 1930.420385409804, ""status"": ""ok"", ""time"": 7.1e-05, ""valid"": true}]","[[0, 55, 3, 84, 195, 121, 152, 123, 93, 167, 105, 137, 189, 160, 10, 99, 48, 119, 6, 56, 146, 122, 171, 179, 169, 107, 13, 103, 32, 5, 91, 118, 176, 138, 157, 9, 147, 185, 1, 163, 128, 0], [0, 23, 182, 166, 14, 79, 7, 120, 199, 36, 25, 11, 144, 53, 77, 197, 174, 149, 140, 129, 114, 12, 86, 54, 30, 100, 190, 125, 154, 188, 71, 131, 110, 59, 187, 178, 175, 76, 87, 116, 66, 0], [0, 170, 22, 63, 113, 85, 57, 156, 165, 40, 127, 19, 133, 18, 181, 33, 74, 162, 51, 16, 65, 72, 96, 46, 29, 153, 108, 62, 21, 89, 61, 141, 135, 49, 98, 194, 132, 44, 139, 39, 164, 0], [0, 161, 151, 75, 104, 159, 109, 142, 80, 27, 15, 102, 180, 168, 28, 112, 52, 134, 198, 155, 192, 24, 184, 37, 41, 191, 35, 17, 124, 42, 70, 2, 150, 88, 136, 193, 92, 117, 50, 60, 115, 0], [0, 148, 95, 177, 47, 82, 68, 172, 111, 94, 20, 78, 173, 196, 106, 90, 38, 158, 73, 145, 58, 81, 67, 101, 97, 8, 183, 26, 126, 69, 45, 186, 4, 43, 31, 130, 83, 34, 143, 64, 0]]"
clustered-center,clustered-center_n200_m5_r02.txt,data\mtsp\stratum1_small\clustered-center_n200_m5_r02.txt,200,5,2opt+greed,1191.1627325707693,0.00043,0.000403,True,ok,"[{""name"": ""2opt+greed"", ""objective"": 1191.1627325707693, ""status"": ""ok"", ""time"": 0.000403, ""valid"": true}]","[[0, 55, 22, 177, 189, 137, 10, 113, 99, 82, 63, 154, 15, 6, 146, 139, 44, 42, 169, 37, 43, 66, 107, 98, 49, 184, 4, 135, 28, 45, 110, 186, 131, 179, 71, 171, 69, 112, 61, 188, 164, 0], [0, 170, 23, 196, 109, 105, 93, 125, 80, 20, 111, 94, 54, 199, 159, 19, 92, 193, 51, 16, 12, 65, 8, 114, 97, 72, 53, 147, 162, 74, 33, 101, 67, 60, 129, 163, 86, 115, 108, 194, 192, 0], [0, 3, 182, 173, 78, 142, 152, 190, 119, 30, 156, 165, 106, 128, 127, 133, 117, 25, 181, 11, 144, 90, 38, 136, 88, 46, 158, 77, 185, 96, 1, 140, 81, 149, 70, 26, 41, 24, 168, 180, 102, 0], [0, 116, 132, 17, 34, 32, 62, 183, 153, 174, 73, 118, 91, 5, 2, 58, 150, 29, 176, 138, 197, 50, 157, 145, 9, 18, 36, 120, 40, 104, 7, 79, 75, 121, 14, 151, 166, 195, 161, 84, 172, 0], [0, 148, 95, 160, 47, 167, 123, 27, 85, 100, 57, 48, 68, 56, 64, 122, 175, 187, 103, 198, 134, 52, 31, 141, 59, 13, 155, 191, 35, 83, 87, 130, 76, 21, 143, 124, 178, 89, 126, 39, 0]]"
clustered-center,clustered-center_n200_m5_r02.txt,data\mtsp\stratum1_small\clustered-center_n200_m5_r02.txt,200,5,lkh3-baseline,695.0666654313629,0.545475,0.545415,True,ok,"[{""metadata"": {""artifacts_dir"": ""C:\\Users\\ddkup\\AppData\\Local\\Temp\\mtsp_lkh3_baseline_runs\\run_1778080350604_31156_0"", ""exit_code"": ""0"", ""lkh3_wsl_bin"": ""/home/ddkup/bin/LKH"", ""objective_mode"": ""MINSUM"", ""output_tour_file"": ""C:\\Users\\ddkup\\AppData\\Local\\Temp\\mtsp_lkh3_baseline_runs\\run_1778080350604_31156_0\\output.tour"", ""params_file"": ""C:\\Users\\ddkup\\AppData\\Local\\Temp\\mtsp_lkh3_baseline_runs\\run_1778080350604_31156_0\\params.par"", ""params_wsl_path"": ""/mnt/c/Users/ddkup/AppData/Local/Temp/mtsp_lkh3_baseline_runs/run_1778080350604_31156_0/params.par"", ""problem_file"": ""C:\\Users\\ddkup\\AppData\\Local\\Temp\\mtsp_lkh3_baseline_runs\\run_1778080350604_31156_0\\problem.tsp"", ""result_file"": ""C:\\Users\\ddkup\\AppData\\Local\\Temp\\mtsp_lkh3_baseline_runs\\run_1778080350604_31156_0\\result.txt"", ""stderr_log"": ""C:\\Users\\ddkup\\AppData\\Local\\Temp\\mtsp_lkh3_baseline_runs\\run_1778080350604_31156_0\\stderr.log"", ""stdout_log"": ""C:\\Users\\ddkup\\AppData\\Local\\Temp\\mtsp_lkh3_baseline_runs\\run_1778080350604_31156_0\\stdout.log""}, ""name"": ""lkh3-baseline"", ""objective"": 695.0666654313629, ""status"": ""ok"", ""time"": 0.545415, ""valid"": true}]","[[0, 170, 0], [0, 3, 148, 22, 95, 177, 56, 6, 63, 82, 99, 154, 68, 15, 48, 172, 57, 100, 156, 30, 111, 94, 54, 165, 20, 80, 78, 142, 152, 190, 123, 125, 27, 119, 85, 113, 10, 137, 189, 160, 47, 167, 93, 105, 109, 173, 196, 182, 23, 195, 161, 166, 151, 14, 121, 75, 79, 7, 104, 40, 106, 199, 128, 120, 159, 127, 36, 19, 92, 117, 133, 18, 9, 145, 174, 118, 91, 73, 157, 50, 25, 181, 11, 144, 90, 38, 136, 88, 46, 197, 138, 176, 29, 150, 158, 77, 185, 96, 60, 67, 97, 101, 72, 147, 53, 33, 74, 162, 193, 51, 16, 12, 65, 8, 114, 163, 129, 1, 86, 115, 108, 140, 81, 2, 58, 5, 149, 153, 183, 70, 62, 21, 143, 124, 178, 187, 175, 89, 26, 126, 122, 61, 112, 69, 171, 71, 28, 45, 110, 186, 131, 179, 141, 31, 52, 59, 155, 13, 134, 198, 103, 76, 130, 87, 83, 32, 34, 17, 132, 35, 116, 191, 41, 194, 192, 24, 49, 98, 66, 43, 37, 107, 184, 4, 135, 169, 42, 44, 139, 168, 180, 102, 188, 39, 164, 64, 0], [0, 84, 0], [0, 146, 0], [0, 55, 0]]"
clustered-center,clustered-center_n200_m5_r02.txt,data\mtsp\stratum1_small\clustered-center_n200_m5_r02.txt,200,5,lkh-wrapper-v20,934.2273365542948,0.043713,0.043568,True,ok,"[{""metadata"": {""after_final_2opt_sum"": ""934.227337"", ""after_inter_snapshot"": ""true"", ""after_inter_sum"": ""938.347379"", ""after_inter_valid"": ""true"", ""after_inter_validation_code"": ""0"", ""after_polish2_sum"": ""938.347379"", ""after_polish_sum"": ""1190.733103"", ""baseline_2optgreed_budget_ms"": ""7800"", ""baseline_2optgreed_ms"": ""1"", ""baseline_2optgreed_passes_per_route"": ""3,3,2,2,3"", ""baseline_2optgreed_sum"": ""1191.162733"", ""baseline_2optgreed_used_as_best"": ""true"", ""best_minsum_max"": ""222.270891"", ""best_minsum_sum"": ""934.227337"", ""candidate_count_global"": ""22"", ""candidate_count_local"": ""14"", ""effective_total_ms"": ""9800"", ""final_2opt_cap_ms"": ""9558"", ""final_2opt_elapsed_ms"": ""0"", ""inter_broken_by"": ""none"", ""inter_budget_ms"": ""2450"", ""inter_iters"": ""52"", ""inter_oropt_accepts"": ""6"", ""inter_relocate_accepts"": ""43"", ""inter_swap_accepts"": ""3"", ""node_count"": ""200"", ""omp_max_threads"": ""14"", ""omp_polish"": ""true"", ""phase8_accepts"": ""0"", ""phase8_iters"": ""0"", ""polish_phase_budget_ms"": ""3430"", ""popmusic_solutions"": ""0"", ""salesman_count"": ""5"", ""seed"": ""42"", ""seed_chosen"": ""rr"", ""seed_fast_sum"": ""1784.642863"", ""seed_minsum"": ""1285.053157"", ""seed_polar_sum"": ""2080.231924"", ""seed_rr_sum"": ""1285.053157"", ""seed_savings_sum"": ""1349.823759"", ""total_elapsed_ms"": ""43""}, ""name"": ""lkh-wrapper-v20"", ""objective"": 934.2273365542948, ""status"": ""ok"", ""time"": 0.043568, ""valid"": true}]","[[0, 188, 61, 112, 69, 171, 71, 179, 131, 45, 28, 110, 135, 4, 184, 49, 98, 107, 66, 43, 37, 169, 42, 44, 139, 168, 180, 102, 56, 154, 63, 82, 99, 113, 10, 137, 189, 177, 0], [0, 170, 23, 196, 109, 105, 123, 125, 190, 152, 111, 30, 100, 156, 94, 54, 106, 92, 193, 51, 16, 12, 65, 8, 114, 97, 72, 53, 147, 162, 74, 33, 101, 67, 60, 129, 163, 86, 115, 108, 1, 96, 185, 91, 118, 174, 0], [0, 3, 182, 173, 78, 142, 80, 20, 165, 199, 128, 19, 117, 25, 181, 11, 144, 90, 38, 136, 88, 46, 158, 77, 140, 81, 2, 5, 153, 183, 70, 0], [0, 84, 161, 195, 166, 151, 14, 121, 75, 79, 7, 104, 40, 120, 159, 127, 36, 133, 18, 9, 145, 157, 50, 197, 138, 176, 73, 29, 150, 58, 149, 62, 21, 32, 34, 17, 132, 35, 116, 191, 41, 194, 24, 192, 186, 141, 31, 52, 122, 39, 164, 0], [0, 55, 148, 22, 95, 160, 47, 167, 93, 27, 119, 85, 57, 172, 48, 15, 68, 6, 146, 64, 126, 175, 187, 103, 198, 134, 59, 13, 155, 87, 83, 130, 76, 143, 124, 178, 89, 26, 0]]"
clustered-center,clustered-center_n200_m5_r02.txt,data\mtsp\stratum1_small\clustered-center_n200_m5_r02.txt,200,5,lkh-wrapper-v21,646.2360642678359,4.84393,4.843797,True,ok,"[{""metadata"": {""after_final_2opt_sum"": ""934.227337"", ""after_inter_snapshot"": ""true"", ""after_inter_sum"": ""938.347379"", ""after_inter_valid"": ""true"", ""after_inter_validation_code"": ""0"", ""after_polish2_sum"": ""938.347379"", ""after_polish_sum"": ""1190.733103"", ""baseline_2optgreed_budget_ms"": ""7800"", ""baseline_2optgreed_ms"": ""4"", ""baseline_2optgreed_passes_per_route"": ""3,3,2,2,3"", ""baseline_2optgreed_sum"": ""1191.162733"", ""baseline_2optgreed_used_as_best"": ""true"", ""best_minsum_max"": ""646.236064"", ""best_minsum_sum"": ""646.236064"", ""candidate_count_global"": ""22"", ""candidate_count_local"": ""14"", ""effective_total_ms"": ""9800"", ""final_2opt_cap_ms"": ""9554"", ""final_2opt_elapsed_ms"": ""0"", ""inter_broken_by"": ""none"", ""inter_budget_ms"": ""2450"", ""inter_iters"": ""52"", ""inter_oropt_accepts"": ""6"", ""inter_relocate_accepts"": ""43"", ""inter_swap_accepts"": ""3"", ""node_count"": ""200"", ""omp_max_threads"": ""14"", ""omp_polish"": ""true"", ""phase8_accepts"": ""0"", ""phase8_iters"": ""0"", ""phase9_accepts"": ""1582"", ""phase9_best_updates"": ""95"", ""phase9_first_delta"": ""0.289"", ""phase9_iters"": ""5000"", ""phase9_last_delta"": ""13.453"", ""phase9_reserve_ms"": ""3000"", ""phase9_total_delta"": ""287.991272"", ""polish_phase_budget_ms"": ""3430"", ""popmusic_solutions"": ""0"", ""salesman_count"": ""5"", ""seed"": ""42"", ""seed_chosen"": ""rr"", ""seed_fast_sum"": ""1784.642863"", ""seed_minsum"": ""1285.053157"", ""seed_polar_sum"": ""2080.231924"", ""seed_rr_sum"": ""1285.053157"", ""seed_savings_sum"": ""1349.823759"", ""total_elapsed_ms"": ""4843""}, ""name"": ""lkh-wrapper-v21"", ""objective"": 646.2360642678359, ""status"": ""ok"", ""time"": 4.843797, ""valid"": true}]","[[0, 0], [0, 146, 64, 164, 39, 188, 102, 180, 168, 139, 44, 42, 169, 135, 4, 184, 107, 37, 43, 66, 98, 49, 24, 192, 194, 41, 191, 116, 35, 132, 17, 34, 32, 83, 87, 130, 76, 103, 198, 134, 13, 155, 59, 52, 31, 141, 179, 131, 186, 110, 45, 28, 71, 171, 69, 112, 61, 122, 126, 26, 89, 175, 187, 178, 124, 143, 21, 62, 70, 183, 153, 149, 5, 58, 2, 81, 140, 108, 115, 86, 1, 129, 163, 114, 8, 65, 12, 16, 51, 193, 162, 90, 33, 74, 53, 147, 72, 101, 97, 67, 60, 96, 185, 77, 158, 150, 29, 176, 138, 197, 46, 88, 136, 38, 144, 11, 181, 25, 50, 157, 73, 91, 118, 174, 145, 9, 18, 133, 117, 92, 19, 36, 127, 159, 120, 128, 199, 106, 40, 104, 7, 79, 75, 121, 14, 151, 166, 195, 161, 84, 170, 23, 182, 196, 173, 109, 105, 93, 167, 47, 160, 189, 137, 10, 113, 85, 119, 27, 125, 123, 190, 152, 142, 78, 80, 20, 165, 54, 94, 111, 30, 156, 100, 57, 172, 48, 15, 68, 154, 99, 82, 63, 6, 56, 177, 95, 22, 148, 3, 55, 0], [0, 0], [0, 0], [0, 0]]"
clustered-center,clustered-center_n200_m5_r03.txt,data\mtsp\stratum1_small\clustered-center_n200_m5_r03.txt,200,5,rand+nn,2089.5413054897326,0.000167,0.000126,True,ok,"[{""name"": ""rand+nn"", ""objective"": 2089.5413054897326, ""status"": ""ok"", ""time"": 0.000126, ""valid"": true}]","[[0, 152, 9, 3, 163, 121, 171, 189, 105, 91, 10, 13, 160, 128, 1, 176, 93, 195, 137, 103, 6, 99, 169, 123, 32, 56, 5, 185, 119, 48, 179, 146, 55, 107, 84, 157, 118, 167, 122, 138, 147, 0], [0, 66, 25, 79, 86, 14, 114, 125, 30, 174, 144, 36, 87, 54, 197, 23, 120, 100, 131, 190, 116, 140, 11, 178, 7, 59, 71, 199, 149, 154, 129, 166, 110, 12, 188, 76, 175, 187, 53, 182, 77, 0], [0, 85, 181, 162, 39, 156, 139, 65, 194, 98, 16, 108, 89, 164, 63, 62, 44, 74, 127, 113, 29, 170, 96, 46, 49, 153, 22, 33, 40, 21, 133, 51, 18, 72, 19, 135, 57, 141, 132, 165, 61, 0], [0, 134, 159, 115, 184, 41, 75, 15, 150, 80, 117, 42, 168, 109, 161, 198, 180, 112, 193, 192, 24, 28, 124, 50, 17, 102, 70, 52, 104, 88, 155, 60, 136, 151, 142, 191, 2, 27, 92, 35, 37, 0], [0, 31, 73, 183, 82, 106, 47, 177, 38, 95, 45, 90, 68, 58, 126, 111, 83, 78, 145, 158, 81, 97, 8, 43, 186, 148, 67, 130, 101, 64, 172, 20, 26, 94, 69, 196, 4, 34, 173, 143, 0]]"
clustered-center,clustered-center_n200_m5_r03.txt,data\mtsp\stratum1_small\clustered-center_n200_m5_r03.txt,200,5,2opt+greed,1175.396871722994,0.000452,0.000413,True,ok,"[{""name"": ""2opt+greed"", ""objective"": 1175.396871722994, ""status"": ""ok"", ""time"": 0.000413, ""valid"": true}]","[[0, 134, 31, 73, 160, 96, 170, 47, 187, 92, 113, 74, 44, 38, 75, 30, 6, 125, 192, 143, 174, 28, 169, 124, 50, 81, 56, 5, 120, 100, 119, 131, 190, 18, 20, 51, 199, 60, 166, 26, 40, 0], [0, 85, 162, 111, 42, 168, 126, 58, 156, 180, 139, 195, 61, 137, 161, 109, 39, 144, 83, 181, 99, 24, 145, 19, 135, 54, 146, 2, 186, 77, 70, 178, 7, 133, 52, 104, 59, 157, 118, 94, 138, 0], [0, 159, 46, 25, 177, 3, 27, 29, 163, 53, 127, 121, 49, 171, 37, 189, 35, 105, 91, 10, 175, 183, 106, 13, 76, 82, 12, 142, 147, 196, 69, 165, 136, 167, 151, 122, 110, 33, 22, 153, 188, 0], [0, 66, 9, 184, 41, 79, 128, 45, 15, 1, 68, 89, 93, 65, 112, 103, 34, 16, 194, 198, 117, 158, 123, 57, 97, 179, 8, 17, 185, 182, 132, 191, 155, 21, 149, 172, 64, 107, 148, 116, 55, 0], [0, 115, 152, 95, 62, 80, 150, 63, 164, 90, 86, 14, 4, 176, 114, 108, 173, 193, 98, 78, 36, 72, 87, 32, 197, 23, 48, 141, 102, 43, 11, 140, 88, 129, 154, 84, 101, 130, 71, 67, 0]]"
clustered-center,clustered-center_n200_m5_r03.txt,data\mtsp\stratum1_small\clustered-center_n200_m5_r03.txt,200,5,lkh3-baseline,782.9679679134188,0.677824,0.677785,True,ok,"[{""metadata"": {""artifacts_dir"": ""C:\\Users\\ddkup\\AppData\\Local\\Temp\\mtsp_lkh3_baseline_runs\\run_1778080356213_14260_0"", ""exit_code"": ""0"", ""lkh3_wsl_bin"": ""/home/ddkup/bin/LKH"", ""objective_mode"": ""MINSUM"", ""output_tour_file"": ""C:\\Users\\ddkup\\AppData\\Local\\Temp\\mtsp_lkh3_baseline_runs\\run_1778080356213_14260_0\\output.tour"", ""params_file"": ""C:\\Users\\ddkup\\AppData\\Local\\Temp\\mtsp_lkh3_baseline_runs\\run_1778080356213_14260_0\\params.par"", ""params_wsl_path"": ""/mnt/c/Users/ddkup/AppData/Local/Temp/mtsp_lkh3_baseline_runs/run_1778080356213_14260_0/params.par"", ""problem_file"": ""C:\\Users\\ddkup\\AppData\\Local\\Temp\\mtsp_lkh3_baseline_runs\\run_1778080356213_14260_0\\problem.tsp"", ""result_file"": ""C:\\Users\\ddkup\\AppData\\Local\\Temp\\mtsp_lkh3_baseline_runs\\run_1778080356213_14260_0\\result.txt"", ""stderr_log"": ""C:\\Users\\ddkup\\AppData\\Local\\Temp\\mtsp_lkh3_baseline_runs\\run_1778080356213_14260_0\\stderr.log"", ""stdout_log"": ""C:\\Users\\ddkup\\AppData\\Local\\Temp\\mtsp_lkh3_baseline_runs\\run_1778080356213_14260_0\\stdout.log""}, ""name"": ""lkh3-baseline"", ""objective"": 782.9679679134188, ""status"": ""ok"", ""time"": 0.677785, ""valid"": true}]","[[0, 85, 0], [0, 159, 0], [0, 18, 55, 20, 107, 67, 51, 64, 149, 199, 101, 130, 71, 104, 59, 157, 154, 84, 40, 172, 33, 22, 153, 188, 12, 110, 142, 147, 196, 69, 165, 138, 166, 136, 94, 60, 151, 122, 26, 167, 118, 21, 129, 155, 88, 52, 133, 191, 7, 178, 70, 11, 140, 148, 116, 190, 131, 100, 119, 124, 50, 81, 56, 8, 17, 5, 120, 185, 182, 132, 43, 102, 141, 77, 186, 48, 179, 23, 2, 146, 135, 54, 197, 97, 57, 32, 19, 87, 123, 145, 169, 72, 158, 24, 36, 28, 99, 181, 83, 78, 144, 162, 117, 174, 39, 111, 42, 168, 126, 58, 156, 109, 198, 61, 137, 161, 195, 139, 194, 98, 143, 192, 173, 125, 114, 108, 193, 103, 34, 112, 16, 65, 180, 93, 89, 68, 90, 1, 164, 63, 15, 45, 150, 80, 95, 62, 128, 86, 14, 176, 4, 6, 30, 75, 79, 41, 184, 25, 44, 74, 38, 127, 121, 49, 171, 37, 189, 35, 105, 10, 91, 106, 13, 76, 82, 183, 175, 187, 92, 47, 27, 29, 163, 53, 113, 3, 177, 170, 96, 160, 73, 31, 66, 0], [0, 9, 46, 115, 152, 0], [0, 134, 0]]"
clustered-center,clustered-center_n200_m5_r03.txt,data\mtsp\stratum1_small\clustered-center_n200_m5_r03.txt,200,5,lkh-wrapper-v20,951.5868312045326,0.065062,0.064911,True,ok,"[{""metadata"": {""after_final_2opt_sum"": ""955.841082"", ""after_inter_snapshot"": ""true"", ""after_inter_sum"": ""958.809592"", ""after_inter_valid"": ""true"", ""after_inter_validation_code"": ""0"", ""after_polish2_sum"": ""955.841082"", ""after_polish_sum"": ""1172.720113"", ""baseline_2optgreed_budget_ms"": ""7800"", ""baseline_2optgreed_ms"": ""7"", ""baseline_2optgreed_passes_per_route"": ""3,2,3,2,2"", ""baseline_2optgreed_sum"": ""1175.396872"", ""baseline_2optgreed_used_as_best"": ""true"", ""best_minsum_max"": ""212.389084"", ""best_minsum_sum"": ""951.586831"", ""candidate_count_global"": ""22"", ""candidate_count_local"": ""14"", ""effective_total_ms"": ""9800"", ""final_2opt_cap_ms"": ""9542"", ""final_2opt_elapsed_ms"": ""0"", ""inter_broken_by"": ""none"", ""inter_budget_ms"": ""2450"", ""inter_iters"": ""84"", ""inter_oropt_accepts"": ""4"", ""inter_relocate_accepts"": ""77"", ""inter_swap_accepts"": ""3"", ""node_count"": ""200"", ""omp_max_threads"": ""14"", ""omp_polish"": ""true"", ""phase8_accepts"": ""8"", ""phase8_iters"": ""8"", ""polish_phase_budget_ms"": ""3430"", ""popmusic_solutions"": ""0"", ""salesman_count"": ""5"", ""seed"": ""42"", ""seed_chosen"": ""rr"", ""seed_fast_sum"": ""1923.602225"", ""seed_minsum"": ""1229.731209"", ""seed_polar_sum"": ""1862.731799"", ""seed_rr_sum"": ""1229.731209"", ""seed_savings_sum"": ""1234.924404"", ""total_elapsed_ms"": ""64""}, ""name"": ""lkh-wrapper-v20"", ""objective"": 951.5868312045326, ""status"": ""ok"", ""time"": 0.064911, ""valid"": true}]","[[0, 134, 31, 73, 160, 96, 47, 187, 92, 29, 113, 74, 44, 38, 75, 30, 6, 125, 173, 192, 143, 146, 2, 54, 97, 5, 120, 100, 119, 131, 190, 116, 18, 0], [0, 85, 99, 181, 162, 117, 174, 39, 111, 42, 168, 126, 58, 156, 139, 195, 137, 161, 109, 144, 83, 28, 36, 24, 158, 72, 169, 123, 87, 32, 197, 23, 186, 77, 178, 7, 191, 133, 88, 104, 59, 71, 130, 101, 199, 172, 0], [0, 188, 153, 22, 33, 110, 122, 151, 26, 167, 118, 21, 60, 94, 136, 166, 138, 165, 69, 196, 147, 142, 12, 82, 76, 13, 106, 183, 175, 10, 91, 105, 35, 189, 37, 171, 49, 121, 127, 53, 163, 27, 3, 177, 170, 9, 46, 115, 159, 0], [0, 51, 64, 149, 40, 84, 157, 154, 129, 155, 52, 11, 70, 132, 182, 17, 8, 56, 81, 50, 124, 145, 78, 198, 61, 194, 65, 180, 93, 89, 68, 90, 1, 164, 45, 128, 62, 79, 41, 184, 25, 66, 0], [0, 20, 55, 107, 67, 140, 148, 185, 43, 102, 141, 48, 179, 57, 19, 135, 98, 16, 112, 34, 103, 193, 108, 114, 176, 4, 14, 86, 15, 63, 150, 80, 95, 152, 0]]"
clustered-center,clustered-center_n200_m5_r03.txt,data\mtsp\stratum1_small\clustered-center_n200_m5_r03.txt,200,5,lkh-wrapper-v21,724.8488804640806,2.800795,2.800643,True,ok,"[{""metadata"": {""after_final_2opt_sum"": ""955.841082"", ""after_inter_snapshot"": ""true"", ""after_inter_sum"": ""958.809592"", ""after_inter_valid"": ""true"", ""after_inter_validation_code"": ""0"", ""after_polish2_sum"": ""955.841082"", ""after_polish_sum"": ""1172.720113"", ""baseline_2optgreed_budget_ms"": ""7800"", ""baseline_2optgreed_ms"": ""3"", ""baseline_2optgreed_passes_per_route"": ""3,2,3,2,2"", ""baseline_2optgreed_sum"": ""1175.396872"", ""baseline_2optgreed_used_as_best"": ""true"", ""best_minsum_max"": ""365.666489"", ""best_minsum_sum"": ""724.848880"", ""candidate_count_global"": ""22"", ""candidate_count_local"": ""14"", ""effective_total_ms"": ""9800"", ""final_2opt_cap_ms"": ""9535"", ""final_2opt_elapsed_ms"": ""0"", ""inter_broken_by"": ""none"", ""inter_budget_ms"": ""2450"", ""inter_iters"": ""84"", ""inter_oropt_accepts"": ""4"", ""inter_relocate_accepts"": ""77"", ""inter_swap_accepts"": ""3"", ""node_count"": ""200"", ""omp_max_threads"": ""14"", ""omp_polish"": ""true"", ""phase8_accepts"": ""8"", ""phase8_iters"": ""8"", ""phase9_accepts"": ""1632"", ""phase9_best_updates"": ""103"", ""phase9_first_delta"": ""2.037"", ""phase9_iters"": ""5000"", ""phase9_last_delta"": ""2.933"", ""phase9_reserve_ms"": ""3000"", ""phase9_total_delta"": ""226.737951"", ""polish_phase_budget_ms"": ""3430"", ""popmusic_solutions"": ""0"", ""salesman_count"": ""5"", ""seed"": ""42"", ""seed_chosen"": ""rr"", ""seed_fast_sum"": ""1923.602225"", ""seed_minsum"": ""1229.731209"", ""seed_polar_sum"": ""1862.731799"", ""seed_rr_sum"": ""1229.731209"", ""seed_savings_sum"": ""1234.924404"", ""total_elapsed_ms"": ""2800""}, ""name"": ""lkh-wrapper-v21"", ""objective"": 724.8488804640806, ""status"": ""ok"", ""time"": 2.800643, ""valid"": true}]","[[0, 159, 9, 46, 115, 152, 95, 62, 80, 150, 63, 15, 45, 128, 86, 14, 90, 1, 164, 68, 58, 126, 168, 42, 111, 39, 174, 117, 162, 144, 83, 78, 198, 61, 137, 161, 109, 156, 139, 195, 194, 16, 98, 143, 192, 173, 125, 114, 108, 193, 103, 34, 112, 65, 180, 93, 89, 176, 4, 6, 30, 75, 79, 41, 184, 25, 44, 74, 38, 127, 121, 49, 171, 37, 189, 35, 105, 10, 91, 106, 13, 76, 82, 183, 175, 187, 92, 47, 27, 29, 163, 53, 113, 3, 177, 170, 96, 160, 73, 31, 66, 134, 0], [0, 0], [0, 0], [0, 85, 181, 99, 28, 36, 24, 158, 72, 169, 145, 123, 87, 19, 32, 57, 97, 197, 54, 135, 146, 2, 23, 179, 48, 186, 77, 141, 102, 43, 132, 182, 185, 120, 5, 17, 8, 56, 81, 50, 124, 119, 100, 131, 190, 116, 148, 140, 11, 70, 178, 7, 191, 133, 52, 88, 155, 129, 157, 154, 26, 122, 151, 167, 118, 21, 60, 94, 136, 166, 138, 165, 69, 196, 147, 142, 110, 12, 188, 153, 22, 33, 172, 40, 84, 149, 199, 64, 51, 101, 130, 71, 59, 104, 67, 107, 20, 55, 18, 0], [0, 0]]"
clustered-center,clustered-center_n200_m7_r01.txt,data\mtsp\stratum1_small\clustered-center_n200_m7_r01.txt,200,7,rand+nn,2276.485120465148,0.000117,8.2e-05,True,ok,"[{""name"": ""rand+nn"", ""objective"": 2276.485120465148, ""status"": ""ok"", ""time"": 8.2e-05, ""valid"": true}]","[[0, 122, 127, 27, 3, 77, 183, 45, 75, 44, 25, 59, 99, 8, 128, 199, 112, 111, 76, 123, 19, 178, 38, 135, 193, 132, 130, 153, 180, 10, 0], [0, 23, 33, 141, 124, 50, 47, 181, 17, 5, 186, 36, 119, 66, 155, 151, 164, 95, 177, 118, 149, 55, 43, 105, 6, 98, 188, 74, 109, 166, 0], [0, 117, 168, 35, 102, 173, 54, 70, 26, 156, 195, 64, 96, 137, 148, 49, 158, 39, 131, 115, 7, 1, 179, 154, 174, 162, 57, 103, 101, 71, 0], [0, 83, 80, 72, 189, 13, 175, 65, 41, 92, 52, 161, 53, 110, 51, 22, 167, 21, 58, 67, 114, 106, 138, 12, 60, 63, 91, 196, 157, 0], [0, 108, 48, 197, 159, 169, 172, 171, 90, 125, 97, 88, 194, 40, 37, 11, 185, 139, 16, 163, 2, 144, 34, 73, 42, 145, 192, 120, 79, 0], [0, 121, 82, 160, 104, 170, 9, 18, 133, 56, 134, 31, 20, 61, 46, 24, 182, 86, 68, 93, 4, 100, 147, 87, 191, 28, 30, 62, 126, 0], [0, 129, 143, 29, 150, 85, 15, 107, 187, 69, 113, 136, 94, 81, 142, 32, 198, 14, 190, 116, 152, 84, 89, 140, 78, 176, 184, 165, 146, 0]]"
clustered-center,clustered-center_n200_m7_r01.txt,data\mtsp\stratum1_small\clustered-center_n200_m7_r01.txt,200,7,2opt+greed,1331.8333843162611,0.000528,0.000481,True,ok,"[{""name"": ""2opt+greed"", ""objective"": 1331.8333843162611, ""status"": ""ok"", ""time"": 0.000481, ""valid"": true}]","[[0, 108, 38, 18, 92, 161, 180, 175, 169, 17, 176, 152, 84, 116, 104, 154, 160, 190, 33, 60, 166, 128, 49, 8, 73, 106, 148, 118, 2, 137, 0], [0, 22, 164, 94, 76, 120, 105, 142, 7, 81, 139, 151, 183, 185, 150, 182, 196, 157, 195, 107, 37, 40, 54, 24, 77, 46, 187, 74, 119, 97, 0], [0, 167, 67, 79, 62, 192, 30, 112, 63, 123, 6, 91, 98, 19, 188, 86, 156, 15, 26, 11, 85, 70, 194, 155, 3, 27, 68, 117, 69, 122, 0], [0, 48, 9, 89, 135, 57, 52, 159, 174, 181, 65, 153, 146, 36, 71, 10, 125, 179, 121, 12, 109, 198, 145, 149, 99, 100, 4, 59, 138, 0], [0, 178, 197, 103, 133, 186, 140, 162, 5, 78, 41, 13, 171, 101, 80, 31, 141, 14, 83, 144, 42, 39, 191, 114, 43, 93, 21, 136, 25, 0], [0, 129, 66, 168, 127, 53, 61, 110, 29, 35, 102, 173, 51, 88, 143, 75, 20, 45, 113, 64, 163, 16, 58, 147, 55, 87, 158, 34, 199, 0], [0, 23, 170, 50, 193, 124, 47, 132, 172, 72, 189, 130, 56, 184, 134, 165, 90, 82, 1, 28, 131, 32, 115, 111, 126, 95, 177, 44, 96, 0]]"
clustered-center,clustered-center_n200_m7_r01.txt,data\mtsp\stratum1_small\clustered-center_n200_m7_r01.txt,200,7,lkh3-baseline,733.4642100344504,0.781666,0.781596,True,ok,"[{""metadata"": {""artifacts_dir"": ""C:\\Users\\ddkup\\AppData\\Local\\Temp\\mtsp_lkh3_baseline_runs\\run_1778080359922_32052_0"", ""exit_code"": ""0"", ""lkh3_wsl_bin"": ""/home/ddkup/bin/LKH"", ""objective_mode"": ""MINSUM"", ""output_tour_file"": ""C:\\Users\\ddkup\\AppData\\Local\\Temp\\mtsp_lkh3_baseline_runs\\run_1778080359922_32052_0\\output.tour"", ""params_file"": ""C:\\Users\\ddkup\\AppData\\Local\\Temp\\mtsp_lkh3_baseline_runs\\run_1778080359922_32052_0\\params.par"", ""params_wsl_path"": ""/mnt/c/Users/ddkup/AppData/Local/Temp/mtsp_lkh3_baseline_runs/run_1778080359922_32052_0/params.par"", ""problem_file"": ""C:\\Users\\ddkup\\AppData\\Local\\Temp\\mtsp_lkh3_baseline_runs\\run_1778080359922_32052_0\\problem.tsp"", ""result_file"": ""C:\\Users\\ddkup\\AppData\\Local\\Temp\\mtsp_lkh3_baseline_runs\\run_1778080359922_32052_0\\result.txt"", ""stderr_log"": ""C:\\Users\\ddkup\\AppData\\Local\\Temp\\mtsp_lkh3_baseline_runs\\run_1778080359922_32052_0\\stderr.log"", ""stdout_log"": ""C:\\Users\\ddkup\\AppData\\Local\\Temp\\mtsp_lkh3_baseline_runs\\run_1778080359922_32052_0\\stdout.log""}, ""name"": ""lkh3-baseline"", ""objective"": 733.4642100344504, ""status"": ""ok"", ""time"": 0.781596, ""valid"": true}]","[[0, 108, 0], [0, 83, 0], [0, 119, 74, 69, 107, 37, 40, 54, 77, 24, 194, 155, 3, 27, 46, 68, 187, 117, 66, 168, 127, 53, 61, 143, 88, 51, 173, 22, 151, 183, 102, 35, 110, 29, 185, 150, 85, 70, 11, 26, 182, 195, 157, 196, 15, 156, 86, 188, 19, 98, 91, 6, 123, 142, 105, 7, 76, 115, 32, 112, 79, 114, 42, 191, 131, 30, 192, 120, 28, 39, 145, 62, 166, 128, 198, 49, 158, 34, 109, 199, 1, 60, 144, 148, 106, 73, 8, 87, 149, 55, 99, 147, 100, 58, 43, 67, 126, 111, 94, 81, 139, 63, 164, 167, 95, 93, 4, 21, 16, 177, 163, 44, 64, 25, 136, 59, 118, 138, 2, 12, 137, 96, 113, 45, 20, 75, 129, 0], [0, 23, 38, 9, 116, 170, 104, 154, 160, 190, 82, 33, 121, 179, 14, 90, 141, 31, 165, 125, 10, 71, 36, 146, 171, 101, 80, 134, 184, 56, 47, 132, 172, 72, 189, 130, 13, 153, 175, 180, 161, 162, 5, 78, 41, 65, 169, 181, 17, 174, 176, 159, 193, 124, 50, 152, 84, 18, 89, 135, 57, 52, 92, 140, 186, 133, 103, 197, 178, 0], [0, 48, 0], [0, 122, 0], [0, 97, 0]]"
clustered-center,clustered-center_n200_m7_r01.txt,data\mtsp\stratum1_small\clustered-center_n200_m7_r01.txt,200,7,lkh-wrapper-v20,780.9033566725641,0.040926,0.04078,True,ok,"[{""metadata"": {""after_final_2opt_sum"": ""780.903357"", ""after_inter_snapshot"": ""true"", ""after_inter_sum"": ""795.595535"", ""after_inter_valid"": ""true"", ""after_inter_validation_code"": ""0"", ""after_polish2_sum"": ""794.006208"", ""after_polish_sum"": ""965.196065"", ""baseline_2optgreed_budget_ms"": ""7800"", ""baseline_2optgreed_ms"": ""1"", ""baseline_2optgreed_passes_per_route"": ""3,4,3,3,2,1,2"", ""baseline_2optgreed_sum"": ""1331.833384"", ""baseline_2optgreed_used_as_best"": ""false"", ""best_minsum_max"": ""225.096572"", ""best_minsum_sum"": ""780.903357"", ""candidate_count_global"": ""22"", ""candidate_count_local"": ""14"", ""effective_total_ms"": ""9800"", ""final_2opt_cap_ms"": ""9561"", ""final_2opt_elapsed_ms"": ""0"", ""inter_broken_by"": ""none"", ""inter_budget_ms"": ""2450"", ""inter_iters"": ""36"", ""inter_oropt_accepts"": ""9"", ""inter_relocate_accepts"": ""27"", ""inter_swap_accepts"": ""0"", ""node_count"": ""200"", ""omp_max_threads"": ""14"", ""omp_polish"": ""true"", ""phase8_accepts"": ""0"", ""phase8_iters"": ""0"", ""polish_phase_budget_ms"": ""3430"", ""popmusic_solutions"": ""0"", ""salesman_count"": ""7"", ""seed"": ""42"", ""seed_chosen"": ""savings"", ""seed_fast_sum"": ""1841.146012"", ""seed_minsum"": ""1232.214874"", ""seed_polar_sum"": ""2090.820974"", ""seed_rr_sum"": ""1396.157598"", ""seed_savings_sum"": ""1232.214874"", ""total_elapsed_ms"": ""40""}, ""name"": ""lkh-wrapper-v20"", ""objective"": 780.9033566725641, ""status"": ""ok"", ""time"": 0.04078, ""valid"": true}]","[[0, 45, 113, 64, 44, 163, 16, 177, 167, 95, 93, 21, 4, 58, 43, 67, 126, 94, 81, 139, 164, 63, 123, 6, 91, 98, 19, 188, 86, 156, 15, 26, 11, 85, 70, 182, 196, 157, 195, 69, 74, 107, 37, 40, 54, 24, 194, 150, 185, 183, 151, 102, 35, 29, 110, 27, 3, 155, 77, 46, 68, 187, 119, 122, 97, 0], [0, 23, 170, 116, 50, 193, 124, 47, 132, 172, 56, 184, 134, 80, 171, 101, 165, 125, 10, 71, 36, 146, 72, 189, 130, 13, 153, 175, 180, 161, 162, 41, 65, 5, 78, 169, 181, 17, 174, 176, 159, 152, 84, 18, 52, 92, 140, 133, 186, 57, 135, 89, 103, 197, 178, 0], [0, 75, 20, 22, 173, 51, 88, 143, 61, 53, 127, 168, 66, 117, 129, 0], [0, 0], [0, 83, 121, 33, 82, 179, 141, 31, 90, 14, 190, 160, 154, 104, 38, 9, 48, 108, 0], [0, 137, 12, 2, 138, 148, 144, 60, 1, 199, 109, 34, 166, 128, 158, 49, 198, 42, 114, 112, 191, 131, 28, 39, 145, 62, 120, 192, 30, 32, 105, 142, 7, 115, 76, 111, 79, 147, 100, 99, 55, 149, 87, 8, 73, 106, 118, 59, 136, 25, 96, 0], [0, 0]]"
clustered-center,clustered-center_n200_m7_r01.txt,data\mtsp\stratum1_small\clustered-center_n200_m7_r01.txt,200,7,lkh-wrapper-v21,639.5386357262975,3.208927,3.208787,True,ok,"[{""metadata"": {""after_final_2opt_sum"": ""780.903357"", ""after_inter_snapshot"": ""true"", ""after_inter_sum"": ""795.595535"", ""after_inter_valid"": ""true"", ""after_inter_validation_code"": ""0"", ""after_polish2_sum"": ""794.006208"", ""after_polish_sum"": ""965.196065"", ""baseline_2optgreed_budget_ms"": ""7800"", ""baseline_2optgreed_ms"": ""1"", ""baseline_2optgreed_passes_per_route"": ""3,4,3,3,2,1,2"", ""baseline_2optgreed_sum"": ""1331.833384"", ""baseline_2optgreed_used_as_best"": ""false"", ""best_minsum_max"": ""391.841397"", ""best_minsum_sum"": ""639.538636"", ""candidate_count_global"": ""22"", ""candidate_count_local"": ""14"", ""effective_total_ms"": ""9800"", ""final_2opt_cap_ms"": ""9561"", ""final_2opt_elapsed_ms"": ""0"", ""inter_broken_by"": ""none"", ""inter_budget_ms"": ""2450"", ""inter_iters"": ""36"", ""inter_oropt_accepts"": ""9"", ""inter_relocate_accepts"": ""27"", ""inter_swap_accepts"": ""0"", ""node_count"": ""200"", ""omp_max_threads"": ""14"", ""omp_polish"": ""true"", ""phase8_accepts"": ""0"", ""phase8_iters"": ""0"", ""phase9_accepts"": ""1629"", ""phase9_best_updates"": ""49"", ""phase9_first_delta"": ""0.000"", ""phase9_iters"": ""5000"", ""phase9_last_delta"": ""-0.131"", ""phase9_reserve_ms"": ""3000"", ""phase9_total_delta"": ""141.364721"", ""polish_phase_budget_ms"": ""3430"", ""popmusic_solutions"": ""0"", ""salesman_count"": ""7"", ""seed"": ""42"", ""seed_chosen"": ""savings"", ""seed_fast_sum"": ""1841.146012"", ""seed_minsum"": ""1232.214874"", ""seed_polar_sum"": ""2090.820974"", ""seed_rr_sum"": ""1396.157598"", ""seed_savings_sum"": ""1232.214874"", ""total_elapsed_ms"": ""3208""}, ""name"": ""lkh-wrapper-v21"", ""objective"": 639.5386357262975, ""status"": ""ok"", ""time"": 3.208787, ""valid"": true}]","[[0, 0], [0, 83, 121, 33, 82, 179, 165, 125, 10, 71, 36, 146, 171, 101, 184, 56, 134, 80, 31, 141, 90, 14, 190, 160, 154, 104, 170, 116, 84, 152, 50, 193, 124, 47, 132, 172, 72, 189, 130, 13, 153, 175, 180, 161, 162, 5, 78, 41, 65, 169, 181, 17, 174, 176, 159, 92, 52, 18, 89, 135, 57, 140, 186, 133, 103, 197, 178, 48, 9, 38, 23, 108, 0], [0, 0], [0, 0], [0, 0], [0, 129, 75, 20, 45, 113, 96, 137, 12, 2, 138, 118, 59, 136, 25, 64, 44, 163, 177, 16, 21, 4, 93, 95, 167, 164, 63, 139, 81, 94, 111, 126, 67, 43, 58, 100, 147, 99, 55, 149, 87, 8, 73, 106, 148, 144, 60, 1, 199, 109, 34, 158, 49, 198, 128, 166, 62, 145, 39, 28, 120, 192, 30, 131, 191, 42, 114, 79, 112, 32, 115, 76, 7, 105, 142, 123, 6, 91, 98, 19, 188, 86, 156, 15, 196, 157, 195, 182, 26, 11, 70, 85, 150, 185, 29, 110, 35, 102, 183, 151, 22, 173, 51, 88, 61, 53, 168, 127, 143, 66, 117, 119, 187, 68, 46, 27, 3, 155, 194, 24, 77, 54, 40, 37, 107, 69, 74, 122, 97, 0], [0, 0]]"
clustered-center,clustered-center_n200_m7_r02.txt,data\mtsp\stratum1_small\clustered-center_n200_m7_r02.txt,200,7,rand+nn,2278.0467157222697,0.000114,8.8e-05,True,ok,"[{""name"": ""rand+nn"", ""objective"": 2278.0467157222697, ""status"": ""ok"", ""time"": 8.8e-05, ""valid"": true}]","[[0, 132, 44, 25, 3, 75, 199, 112, 111, 123, 183, 45, 99, 127, 130, 180, 128, 38, 122, 59, 10, 178, 27, 153, 135, 193, 8, 76, 77, 19, 0], [0, 166, 164, 23, 55, 155, 5, 95, 151, 98, 47, 6, 50, 119, 188, 17, 36, 118, 33, 181, 43, 74, 141, 109, 186, 149, 66, 177, 105, 124, 0], [0, 26, 115, 57, 137, 64, 54, 7, 117, 71, 35, 154, 173, 162, 179, 148, 39, 103, 131, 102, 156, 174, 195, 1, 70, 96, 168, 158, 101, 49, 0], [0, 21, 12, 80, 106, 138, 157, 60, 83, 22, 67, 41, 167, 53, 175, 110, 63, 189, 72, 65, 161, 114, 92, 91, 196, 58, 52, 51, 13, 0], [0, 90, 34, 171, 88, 197, 194, 2, 108, 169, 159, 11, 120, 73, 145, 172, 125, 79, 163, 16, 97, 139, 42, 40, 192, 185, 37, 48, 144, 0], [0, 160, 170, 68, 87, 104, 191, 147, 133, 86, 82, 121, 24, 93, 28, 4, 182, 9, 134, 61, 100, 62, 18, 20, 126, 31, 56, 46, 30, 0], [0, 89, 143, 190, 150, 187, 69, 136, 81, 113, 29, 152, 107, 184, 165, 14, 85, 78, 146, 142, 116, 32, 129, 140, 94, 176, 198, 15, 84, 0]]"
clustered-center,clustered-center_n200_m7_r02.txt,data\mtsp\stratum1_small\clustered-center_n200_m7_r02.txt,200,7,2opt+greed,1275.5421623750292,0.000465,0.000427,True,ok,"[{""name"": ""2opt+greed"", ""objective"": 1275.5421623750292, ""status"": ""ok"", ""time"": 0.000427, ""valid"": true}]","[[0, 21, 158, 38, 59, 27, 49, 17, 112, 187, 42, 71, 188, 144, 165, 119, 76, 50, 47, 126, 69, 91, 81, 46, 92, 3, 65, 75, 23, 79, 0], [0, 160, 170, 68, 80, 15, 102, 43, 159, 142, 22, 131, 83, 116, 157, 74, 60, 125, 32, 129, 39, 103, 124, 84, 138, 130, 106, 186, 149, 189, 0], [0, 6, 100, 61, 35, 192, 185, 51, 107, 135, 196, 150, 137, 64, 199, 55, 114, 136, 25, 57, 161, 26, 9, 111, 175, 93, 10, 28, 96, 176, 0], [0, 182, 171, 88, 123, 24, 1, 197, 33, 53, 121, 146, 78, 167, 85, 169, 191, 104, 120, 73, 145, 172, 148, 30, 179, 109, 87, 177, 162, 0], [0, 166, 19, 154, 173, 184, 151, 62, 52, 193, 18, 58, 117, 7, 29, 113, 20, 54, 143, 155, 89, 164, 44, 34, 194, 118, 110, 108, 174, 0], [0, 90, 45, 12, 11, 147, 156, 14, 183, 133, 195, 2, 181, 86, 41, 82, 67, 101, 63, 128, 94, 140, 105, 180, 198, 141, 99, 127, 66, 0], [0, 132, 72, 115, 134, 37, 98, 48, 13, 8, 95, 77, 40, 152, 153, 56, 31, 139, 5, 190, 97, 16, 163, 4, 178, 70, 36, 122, 168, 0]]"
clustered-center,clustered-center_n200_m7_r02.txt,data\mtsp\stratum1_small\clustered-center_n200_m7_r02.txt,200,7,lkh3-baseline,712.006642915735,1.244416,1.244352,True,ok,"[{""metadata"": {""artifacts_dir"": ""C:\\Users\\ddkup\\AppData\\Local\\Temp\\mtsp_lkh3_baseline_runs\\run_1778080364117_14860_0"", ""exit_code"": ""0"", ""lkh3_wsl_bin"": ""/home/ddkup/bin/LKH"", ""objective_mode"": ""MINSUM"", ""output_tour_file"": ""C:\\Users\\ddkup\\AppData\\Local\\Temp\\mtsp_lkh3_baseline_runs\\run_1778080364117_14860_0\\output.tour"", ""params_file"": ""C:\\Users\\ddkup\\AppData\\Local\\Temp\\mtsp_lkh3_baseline_runs\\run_1778080364117_14860_0\\params.par"", ""params_wsl_path"": ""/mnt/c/Users/ddkup/AppData/Local/Temp/mtsp_lkh3_baseline_runs/run_1778080364117_14860_0/params.par"", ""problem_file"": ""C:\\Users\\ddkup\\AppData\\Local\\Temp\\mtsp_lkh3_baseline_runs\\run_1778080364117_14860_0\\problem.tsp"", ""result_file"": ""C:\\Users\\ddkup\\AppData\\Local\\Temp\\mtsp_lkh3_baseline_runs\\run_1778080364117_14860_0\\result.txt"", ""stderr_log"": ""C:\\Users\\ddkup\\AppData\\Local\\Temp\\mtsp_lkh3_baseline_runs\\run_1778080364117_14860_0\\stderr.log"", ""stdout_log"": ""C:\\Users\\ddkup\\AppData\\Local\\Temp\\mtsp_lkh3_baseline_runs\\run_1778080364117_14860_0\\stdout.log""}, ""name"": ""lkh3-baseline"", ""objective"": 712.006642915735, ""status"": ""ok"", ""time"": 1.244352, ""valid"": true}]","[[0, 21, 0], [0, 132, 72, 115, 164, 19, 89, 44, 134, 65, 75, 161, 25, 57, 163, 3, 136, 16, 97, 143, 155, 185, 192, 35, 61, 6, 100, 37, 47, 154, 98, 151, 184, 173, 50, 48, 13, 8, 76, 119, 165, 144, 188, 71, 42, 135, 117, 58, 18, 193, 52, 62, 95, 77, 51, 40, 107, 152, 54, 20, 113, 29, 7, 153, 196, 56, 187, 31, 126, 139, 5, 190, 150, 137, 69, 64, 92, 114, 46, 55, 81, 199, 91, 112, 17, 49, 27, 178, 36, 93, 70, 194, 10, 28, 118, 110, 59, 122, 38, 96, 158, 168, 108, 78, 195, 146, 121, 53, 33, 197, 1, 24, 175, 4, 111, 123, 88, 171, 34, 174, 156, 14, 183, 133, 2, 181, 167, 86, 85, 41, 169, 82, 67, 176, 101, 63, 128, 94, 140, 124, 103, 39, 129, 32, 125, 60, 74, 157, 116, 172, 145, 141, 179, 130, 198, 30, 148, 138, 180, 105, 84, 177, 66, 149, 189, 162, 127, 186, 87, 99, 106, 109, 73, 120, 104, 131, 83, 22, 142, 159, 43, 191, 147, 11, 12, 45, 102, 15, 80, 68, 170, 0], [0, 90, 0], [0, 166, 0], [0, 23, 26, 79, 182, 0], [0, 9, 0], [0, 160, 0]]"
clustered-center,clustered-center_n200_m7_r02.txt,data\mtsp\stratum1_small\clustered-center_n200_m7_r02.txt,200,7,lkh-wrapper-v20,700.6497546402345,0.038016,0.037862,True,ok,"[{""metadata"": {""after_final_2opt_sum"": ""706.471581"", ""after_inter_snapshot"": ""true"", ""after_inter_sum"": ""727.547391"", ""after_inter_valid"": ""true"", ""after_inter_validation_code"": ""0"", ""after_polish2_sum"": ""719.956355"", ""after_polish_sum"": ""1036.278309"", ""baseline_2optgreed_budget_ms"": ""7800"", ""baseline_2optgreed_ms"": ""1"", ""baseline_2optgreed_passes_per_route"": ""2,4,2,3,3,2,2"", ""baseline_2optgreed_sum"": ""1275.542162"", ""baseline_2optgreed_used_as_best"": ""false"", ""best_minsum_max"": ""605.353297"", ""best_minsum_sum"": ""700.649755"", ""candidate_count_global"": ""22"", ""candidate_count_local"": ""14"", ""effective_total_ms"": ""9800"", ""final_2opt_cap_ms"": ""9565"", ""final_2opt_elapsed_ms"": ""0"", ""inter_broken_by"": ""none"", ""inter_budget_ms"": ""2450"", ""inter_iters"": ""28"", ""inter_oropt_accepts"": ""2"", ""inter_relocate_accepts"": ""26"", ""inter_swap_accepts"": ""0"", ""node_count"": ""200"", ""omp_max_threads"": ""14"", ""omp_polish"": ""true"", ""phase8_accepts"": ""1"", ""phase8_iters"": ""1"", ""polish_phase_budget_ms"": ""3430"", ""popmusic_solutions"": ""0"", ""salesman_count"": ""7"", ""seed"": ""42"", ""seed_chosen"": ""savings"", ""seed_fast_sum"": ""2026.350767"", ""seed_minsum"": ""1237.613626"", ""seed_polar_sum"": ""2381.573079"", ""seed_rr_sum"": ""1338.422902"", ""seed_savings_sum"": ""1237.613626"", ""total_elapsed_ms"": ""37""}, ""name"": ""lkh-wrapper-v20"", ""objective"": 700.6497546402345, ""status"": ""ok"", ""time"": 0.037862, ""valid"": true}]","[[0, 0], [0, 166, 19, 89, 164, 72, 132, 115, 44, 134, 65, 75, 161, 25, 57, 163, 3, 136, 16, 137, 126, 31, 139, 5, 190, 150, 97, 143, 155, 185, 35, 61, 100, 6, 154, 98, 47, 184, 173, 50, 151, 37, 192, 51, 40, 107, 77, 95, 62, 52, 18, 193, 8, 13, 48, 76, 119, 165, 144, 188, 71, 42, 135, 117, 58, 7, 29, 113, 152, 54, 20, 153, 196, 56, 187, 69, 64, 92, 114, 46, 55, 81, 199, 91, 112, 17, 49, 27, 178, 175, 24, 1, 197, 33, 146, 121, 53, 194, 70, 93, 36, 10, 28, 118, 110, 59, 122, 38, 96, 158, 168, 108, 78, 195, 167, 181, 2, 86, 85, 41, 169, 82, 67, 176, 101, 63, 128, 94, 140, 124, 103, 39, 138, 148, 30, 198, 180, 105, 84, 177, 66, 189, 149, 127, 186, 87, 99, 109, 106, 179, 130, 141, 73, 120, 145, 172, 74, 129, 32, 125, 60, 157, 116, 83, 131, 22, 142, 104, 15, 80, 68, 162, 170, 160, 0], [0, 21, 182, 9, 23, 26, 79, 111, 4, 123, 88, 171, 34, 174, 133, 183, 14, 156, 147, 191, 159, 43, 11, 12, 102, 45, 90, 0], [0, 0], [0, 0], [0, 0], [0, 0]]"
clustered-center,clustered-center_n200_m7_r02.txt,data\mtsp\stratum1_small\clustered-center_n200_m7_r02.txt,200,7,lkh-wrapper-v21,643.9506986321852,7.696004,7.695834,True,ok,"[{""metadata"": {""after_final_2opt_sum"": ""706.471581"", ""after_inter_snapshot"": ""true"", ""after_inter_sum"": ""727.547391"", ""after_inter_valid"": ""true"", ""after_inter_validation_code"": ""0"", ""after_polish2_sum"": ""719.956355"", ""after_polish_sum"": ""1036.278309"", ""baseline_2optgreed_budget_ms"": ""7800"", ""baseline_2optgreed_ms"": ""2"", ""baseline_2optgreed_passes_per_route"": ""2,4,2,3,3,2,2"", ""baseline_2optgreed_sum"": ""1275.542162"", ""baseline_2optgreed_used_as_best"": ""false"", ""best_minsum_max"": ""643.950699"", ""best_minsum_sum"": ""643.950699"", ""candidate_count_global"": ""22"", ""candidate_count_local"": ""14"", ""effective_total_ms"": ""9800"", ""final_2opt_cap_ms"": ""9563"", ""final_2opt_elapsed_ms"": ""1"", ""inter_broken_by"": ""none"", ""inter_budget_ms"": ""2450"", ""inter_iters"": ""28"", ""inter_oropt_accepts"": ""2"", ""inter_relocate_accepts"": ""26"", ""inter_swap_accepts"": ""0"", ""node_count"": ""200"", ""omp_max_threads"": ""14"", ""omp_polish"": ""true"", ""phase8_accepts"": ""1"", ""phase8_iters"": ""1"", ""phase9_accepts"": ""1545"", ""phase9_best_updates"": ""45"", ""phase9_first_delta"": ""-1.046"", ""phase9_iters"": ""5000"", ""phase9_last_delta"": ""15.189"", ""phase9_reserve_ms"": ""3000"", ""phase9_total_delta"": ""56.699056"", ""polish_phase_budget_ms"": ""3430"", ""popmusic_solutions"": ""0"", ""salesman_count"": ""7"", ""seed"": ""42"", ""seed_chosen"": ""savings"", ""seed_fast_sum"": ""2026.350767"", ""seed_minsum"": ""1237.613626"", ""seed_polar_sum"": ""2381.573079"", ""seed_rr_sum"": ""1338.422902"", ""seed_savings_sum"": ""1237.613626"", ""total_elapsed_ms"": ""7695""}, ""name"": ""lkh-wrapper-v21"", ""objective"": 643.9506986321852, ""status"": ""ok"", ""time"": 7.695834, ""valid"": true}]","[[0, 0], [0, 166, 19, 89, 164, 44, 134, 65, 115, 72, 132, 23, 161, 75, 25, 57, 163, 3, 136, 16, 97, 143, 155, 185, 192, 35, 61, 6, 100, 37, 47, 154, 98, 151, 184, 173, 50, 48, 13, 8, 76, 119, 165, 144, 188, 71, 42, 196, 153, 135, 117, 58, 18, 193, 52, 62, 95, 77, 51, 40, 107, 152, 113, 29, 7, 20, 54, 5, 190, 139, 56, 187, 31, 126, 150, 137, 69, 64, 92, 114, 46, 55, 81, 199, 91, 112, 17, 49, 27, 178, 36, 93, 70, 194, 10, 28, 118, 110, 59, 122, 38, 96, 158, 168, 108, 78, 195, 146, 121, 53, 33, 197, 1, 24, 175, 4, 111, 123, 88, 171, 34, 174, 156, 14, 183, 133, 2, 181, 167, 86, 85, 41, 169, 82, 67, 176, 101, 63, 128, 94, 140, 124, 103, 39, 129, 32, 125, 60, 74, 157, 116, 172, 145, 141, 179, 130, 198, 30, 148, 138, 180, 105, 84, 177, 66, 149, 189, 162, 127, 186, 87, 99, 106, 109, 73, 120, 104, 131, 83, 22, 142, 159, 43, 191, 147, 11, 12, 45, 102, 15, 80, 68, 170, 160, 90, 21, 182, 79, 26, 9, 0], [0, 0], [0, 0], [0, 0], [0, 0], [0, 0]]"
clustered-center,clustered-center_n200_m7_r03.txt,data\mtsp\stratum1_small\clustered-center_n200_m7_r03.txt,200,7,rand+nn,2533.912167118727,0.000153,0.000109,True,ok,"[{""name"": ""rand+nn"", ""objective"": 2533.912167118727, ""status"": ""ok"", ""time"": 0.000109, ""valid"": true}]","[[0, 130, 27, 44, 127, 10, 132, 123, 193, 111, 8, 76, 122, 19, 112, 135, 59, 38, 199, 180, 128, 99, 77, 75, 25, 183, 3, 178, 45, 153, 0], [0, 181, 5, 105, 98, 186, 66, 164, 47, 151, 177, 55, 109, 50, 6, 43, 119, 36, 74, 149, 118, 23, 33, 124, 141, 17, 155, 188, 95, 166, 0], [0, 173, 174, 148, 179, 162, 137, 158, 35, 54, 168, 131, 195, 70, 96, 64, 156, 101, 115, 103, 49, 7, 117, 57, 71, 102, 26, 39, 1, 154, 0], [0, 161, 72, 80, 63, 110, 12, 106, 51, 53, 138, 167, 21, 65, 52, 189, 83, 114, 67, 157, 91, 58, 175, 41, 196, 92, 60, 22, 13, 0], [0, 144, 159, 90, 197, 125, 145, 171, 11, 40, 42, 16, 88, 192, 97, 73, 120, 108, 37, 79, 48, 172, 194, 185, 163, 169, 139, 2, 34, 0], [0, 46, 24, 170, 4, 147, 93, 133, 62, 61, 100, 31, 20, 160, 121, 9, 182, 134, 82, 18, 104, 68, 126, 30, 191, 28, 56, 86, 87, 0], [0, 85, 198, 140, 150, 107, 15, 187, 94, 78, 129, 142, 116, 152, 165, 176, 146, 14, 69, 29, 143, 81, 113, 190, 32, 136, 184, 84, 89, 0]]"
clustered-center,clustered-center_n200_m7_r03.txt,data\mtsp\stratum1_small\clustered-center_n200_m7_r03.txt,200,7,2opt+greed,1562.9406988535748,0.000469,0.000432,True,ok,"[{""name"": ""2opt+greed"", ""objective"": 1562.9406988535748, ""status"": ""ok"", ""time"": 0.000432, ""valid"": true}]","[[0, 181, 148, 166, 53, 159, 50, 137, 158, 145, 100, 192, 38, 160, 15, 42, 187, 83, 96, 23, 16, 33, 67, 48, 79, 198, 155, 188, 91, 140, 0], [0, 151, 177, 49, 28, 185, 89, 2, 101, 34, 149, 21, 167, 122, 40, 65, 168, 19, 74, 11, 171, 152, 127, 125, 44, 27, 165, 161, 46, 150, 0], [0, 5, 68, 29, 105, 69, 111, 98, 41, 196, 186, 143, 194, 113, 190, 92, 164, 60, 7, 81, 191, 30, 126, 102, 86, 56, 117, 57, 71, 104, 0], [0, 76, 13, 103, 47, 84, 129, 153, 118, 70, 189, 195, 131, 52, 54, 112, 135, 59, 36, 142, 197, 116, 4, 90, 93, 62, 179, 144, 37, 0], [0, 66, 22, 139, 8, 115, 163, 32, 136, 169, 184, 55, 193, 14, 123, 109, 87, 138, 35, 146, 133, 132, 147, 162, 51, 170, 72, 173, 45, 0], [0, 174, 130, 176, 80, 43, 61, 10, 6, 106, 12, 199, 31, 119, 120, 17, 182, 134, 157, 154, 25, 75, 1, 39, 82, 58, 95, 175, 85, 0], [0, 24, 97, 110, 78, 94, 114, 88, 124, 9, 121, 64, 141, 156, 128, 99, 107, 180, 20, 73, 77, 63, 108, 3, 178, 172, 18, 183, 26, 0]]"
clustered-center,clustered-center_n200_m7_r03.txt,data\mtsp\stratum1_small\clustered-center_n200_m7_r03.txt,200,7,lkh3-baseline,827.4412099484699,0.669628,0.669577,True,ok,"[{""metadata"": {""artifacts_dir"": ""C:\\Users\\ddkup\\AppData\\Local\\Temp\\mtsp_lkh3_baseline_runs\\run_1778080373273_37948_0"", ""exit_code"": ""0"", ""lkh3_wsl_bin"": ""/home/ddkup/bin/LKH"", ""objective_mode"": ""MINSUM"", ""output_tour_file"": ""C:\\Users\\ddkup\\AppData\\Local\\Temp\\mtsp_lkh3_baseline_runs\\run_1778080373273_37948_0\\output.tour"", ""params_file"": ""C:\\Users\\ddkup\\AppData\\Local\\Temp\\mtsp_lkh3_baseline_runs\\run_1778080373273_37948_0\\params.par"", ""params_wsl_path"": ""/mnt/c/Users/ddkup/AppData/Local/Temp/mtsp_lkh3_baseline_runs/run_1778080373273_37948_0/params.par"", ""problem_file"": ""C:\\Users\\ddkup\\AppData\\Local\\Temp\\mtsp_lkh3_baseline_runs\\run_1778080373273_37948_0\\problem.tsp"", ""result_file"": ""C:\\Users\\ddkup\\AppData\\Local\\Temp\\mtsp_lkh3_baseline_runs\\run_1778080373273_37948_0\\result.txt"", ""stderr_log"": ""C:\\Users\\ddkup\\AppData\\Local\\Temp\\mtsp_lkh3_baseline_runs\\run_1778080373273_37948_0\\stderr.log"", ""stdout_log"": ""C:\\Users\\ddkup\\AppData\\Local\\Temp\\mtsp_lkh3_baseline_runs\\run_1778080373273_37948_0\\stdout.log""}, ""name"": ""lkh3-baseline"", ""objective"": 827.4412099484699, ""status"": ""ok"", ""time"": 0.669577, ""valid"": true}]","[[0, 46, 0], [0, 5, 0], [0, 144, 0], [0, 173, 174, 0], [0, 85, 183, 82, 39, 26, 1, 75, 157, 154, 25, 37, 45, 3, 178, 18, 175, 95, 104, 58, 172, 150, 140, 91, 188, 155, 198, 79, 48, 134, 182, 17, 108, 63, 97, 110, 77, 120, 73, 20, 107, 99, 128, 180, 156, 31, 119, 199, 12, 106, 100, 192, 36, 59, 38, 135, 112, 19, 74, 168, 122, 65, 40, 52, 131, 195, 189, 70, 187, 42, 15, 160, 141, 64, 121, 9, 124, 67, 33, 16, 88, 114, 96, 23, 83, 94, 78, 118, 153, 34, 101, 2, 129, 149, 21, 167, 11, 54, 142, 145, 171, 116, 197, 6, 10, 158, 137, 152, 127, 125, 61, 43, 44, 27, 176, 80, 130, 161, 72, 165, 170, 51, 159, 53, 162, 93, 90, 50, 4, 147, 132, 133, 146, 35, 138, 87, 123, 109, 55, 184, 169, 136, 32, 163, 84, 89, 115, 185, 47, 28, 8, 103, 49, 13, 102, 177, 76, 151, 139, 86, 117, 56, 22, 60, 7, 81, 66, 191, 30, 126, 143, 186, 196, 111, 98, 41, 194, 164, 92, 113, 190, 57, 71, 68, 29, 105, 69, 193, 14, 62, 166, 179, 148, 0], [0, 24, 0], [0, 181, 0]]"
clustered-center,clustered-center_n200_m7_r03.txt,data\mtsp\stratum1_small\clustered-center_n200_m7_r03.txt,200,7,lkh-wrapper-v20,780.4460870403973,0.028062,0.027904,True,ok,"[{""metadata"": {""after_final_2opt_sum"": ""780.446087"", ""after_inter_snapshot"": ""true"", ""after_inter_sum"": ""796.756567"", ""after_inter_valid"": ""true"", ""after_inter_validation_code"": ""0"", ""after_polish2_sum"": ""788.093469"", ""after_polish_sum"": ""1099.702891"", ""baseline_2optgreed_budget_ms"": ""7800"", ""baseline_2optgreed_ms"": ""2"", ""baseline_2optgreed_passes_per_route"": ""2,3,4,2,3,2,3"", ""baseline_2optgreed_sum"": ""1562.940699"", ""baseline_2optgreed_used_as_best"": ""false"", ""best_minsum_max"": ""328.187602"", ""best_minsum_sum"": ""780.446087"", ""candidate_count_global"": ""22"", ""candidate_count_local"": ""14"", ""effective_total_ms"": ""9800"", ""final_2opt_cap_ms"": ""9574"", ""final_2opt_elapsed_ms"": ""0"", ""inter_broken_by"": ""none"", ""inter_budget_ms"": ""2450"", ""inter_iters"": ""29"", ""inter_oropt_accepts"": ""0"", ""inter_relocate_accepts"": ""28"", ""inter_swap_accepts"": ""1"", ""node_count"": ""200"", ""omp_max_threads"": ""14"", ""omp_polish"": ""true"", ""phase8_accepts"": ""0"", ""phase8_iters"": ""0"", ""polish_phase_budget_ms"": ""3430"", ""popmusic_solutions"": ""0"", ""salesman_count"": ""7"", ""seed"": ""42"", ""seed_chosen"": ""savings"", ""seed_fast_sum"": ""1956.032000"", ""seed_minsum"": ""1340.408895"", ""seed_polar_sum"": ""2524.316688"", ""seed_rr_sum"": ""1625.634025"", ""seed_savings_sum"": ""1340.408895"", ""total_elapsed_ms"": ""27""}, ""name"": ""lkh-wrapper-v20"", ""objective"": 780.4460870403973, ""status"": ""ok"", ""time"": 0.027904, ""valid"": true}]","[[0, 0], [0, 85, 175, 18, 178, 172, 95, 104, 58, 150, 140, 91, 45, 3, 37, 155, 198, 79, 188, 48, 182, 134, 157, 154, 25, 75, 1, 39, 82, 183, 26, 0], [0, 181, 144, 148, 179, 166, 51, 152, 127, 137, 158, 10, 6, 197, 116, 132, 133, 146, 35, 138, 87, 171, 145, 142, 106, 100, 192, 36, 59, 38, 135, 112, 54, 74, 168, 19, 131, 52, 40, 65, 122, 11, 167, 21, 149, 129, 2, 101, 34, 153, 118, 195, 189, 70, 78, 94, 83, 187, 42, 15, 160, 141, 64, 88, 114, 96, 23, 16, 33, 67, 124, 9, 121, 156, 180, 128, 99, 107, 20, 31, 119, 199, 12, 43, 61, 125, 44, 27, 165, 130, 176, 80, 63, 97, 110, 77, 73, 120, 17, 108, 24, 0], [0, 5, 71, 57, 190, 92, 164, 113, 194, 41, 98, 68, 29, 105, 69, 111, 196, 186, 143, 126, 30, 191, 66, 81, 7, 60, 22, 56, 117, 86, 139, 151, 76, 177, 102, 13, 49, 103, 8, 28, 47, 185, 115, 89, 84, 163, 32, 136, 169, 184, 55, 193, 14, 109, 123, 62, 93, 147, 4, 50, 90, 162, 53, 159, 170, 72, 161, 174, 173, 46, 0], [0, 0], [0, 0], [0, 0]]"
clustered-center,clustered-center_n200_m7_r03.txt,data\mtsp\stratum1_small\clustered-center_n200_m7_r03.txt,200,7,lkh-wrapper-v21,717.0373695020215,3.890024,3.889892,True,ok,"[{""metadata"": {""after_final_2opt_sum"": ""780.446087"", ""after_inter_snapshot"": ""true"", ""after_inter_sum"": ""796.756567"", ""after_inter_valid"": ""true"", ""after_inter_validation_code"": ""0"", ""after_polish2_sum"": ""788.093469"", ""after_polish_sum"": ""1099.702891"", ""baseline_2optgreed_budget_ms"": ""7800"", ""baseline_2optgreed_ms"": ""1"", ""baseline_2optgreed_passes_per_route"": ""2,3,4,2,3,2,3"", ""baseline_2optgreed_sum"": ""1562.940699"", ""baseline_2optgreed_used_as_best"": ""false"", ""best_minsum_max"": ""473.964739"", ""best_minsum_sum"": ""717.037370"", ""candidate_count_global"": ""22"", ""candidate_count_local"": ""14"", ""effective_total_ms"": ""9800"", ""final_2opt_cap_ms"": ""9571"", ""final_2opt_elapsed_ms"": ""0"", ""inter_broken_by"": ""none"", ""inter_budget_ms"": ""2450"", ""inter_iters"": ""29"", ""inter_oropt_accepts"": ""0"", ""inter_relocate_accepts"": ""28"", ""inter_swap_accepts"": ""1"", ""node_count"": ""200"", ""omp_max_threads"": ""14"", ""omp_polish"": ""true"", ""phase8_accepts"": ""0"", ""phase8_iters"": ""0"", ""phase9_accepts"": ""1494"", ""phase9_best_updates"": ""32"", ""phase9_first_delta"": ""0.000"", ""phase9_iters"": ""5000"", ""phase9_last_delta"": ""-1.276"", ""phase9_reserve_ms"": ""3000"", ""phase9_total_delta"": ""63.408718"", ""polish_phase_budget_ms"": ""3430"", ""popmusic_solutions"": ""0"", ""salesman_count"": ""7"", ""seed"": ""42"", ""seed_chosen"": ""savings"", ""seed_fast_sum"": ""1956.032000"", ""seed_minsum"": ""1340.408895"", ""seed_polar_sum"": ""2524.316688"", ""seed_rr_sum"": ""1625.634025"", ""seed_savings_sum"": ""1340.408895"", ""total_elapsed_ms"": ""3889""}, ""name"": ""lkh-wrapper-v21"", ""objective"": 717.0373695020215, ""status"": ""ok"", ""time"": 3.889892, ""valid"": true}]","[[0, 0], [0, 0], [0, 46, 173, 174, 161, 72, 165, 130, 80, 176, 27, 44, 43, 61, 125, 127, 152, 137, 158, 10, 6, 197, 147, 4, 50, 90, 162, 159, 51, 170, 53, 93, 123, 109, 87, 138, 35, 146, 133, 132, 116, 171, 145, 142, 54, 11, 167, 21, 149, 129, 2, 101, 34, 153, 118, 78, 94, 83, 23, 96, 114, 16, 33, 67, 124, 9, 121, 64, 88, 141, 160, 15, 42, 187, 70, 189, 195, 131, 52, 40, 65, 122, 168, 74, 19, 112, 135, 38, 59, 36, 192, 100, 106, 12, 199, 119, 31, 156, 180, 128, 99, 107, 20, 73, 77, 110, 97, 63, 24, 108, 120, 17, 182, 134, 48, 79, 198, 155, 188, 91, 140, 150, 172, 58, 104, 95, 175, 18, 178, 3, 45, 37, 25, 154, 157, 75, 1, 26, 39, 82, 183, 85, 0], [0, 181, 144, 148, 179, 166, 62, 14, 193, 55, 184, 169, 136, 32, 163, 84, 89, 115, 185, 47, 28, 8, 103, 49, 13, 102, 177, 76, 151, 139, 86, 22, 56, 117, 57, 190, 113, 194, 92, 164, 60, 7, 81, 66, 191, 30, 126, 143, 186, 196, 41, 98, 111, 69, 105, 29, 68, 71, 5, 0], [0, 0], [0, 0], [0, 0]]"
uniform,n100_m3_r01.txt,data\mtsp\stratum1_small\n100_m3_r01.txt,100,3,rand+nn,1685.258281160779,6.5e-05,4.1e-05,True,ok,"[{""name"": ""rand+nn"", ""objective"": 1685.258281160779, ""status"": ""ok"", ""time"": 4.1e-05, ""valid"": true}]","[[0, 55, 38, 37, 63, 53, 28, 10, 21, 49, 58, 11, 19, 48, 34, 94, 41, 80, 15, 78, 23, 14, 71, 31, 66, 33, 77, 83, 5, 6, 35, 52, 87, 45, 0], [0, 82, 98, 18, 20, 8, 67, 29, 43, 56, 50, 42, 69, 16, 86, 7, 2, 12, 54, 99, 65, 32, 46, 25, 17, 68, 64, 96, 73, 30, 74, 75, 22, 57, 0], [0, 81, 9, 76, 4, 44, 40, 13, 97, 61, 62, 89, 51, 26, 90, 39, 70, 79, 85, 27, 60, 91, 59, 36, 47, 1, 92, 95, 88, 84, 72, 24, 3, 93, 0]]"
uniform,n100_m3_r01.txt,data\mtsp\stratum1_small\n100_m3_r01.txt,100,3,2opt+greed,1130.9069737956602,0.000173,0.000149,True,ok,"[{""name"": ""2opt+greed"", ""objective"": 1130.9069737956602, ""status"": ""ok"", ""time"": 0.000149, ""valid"": true}]","[[0, 55, 98, 46, 25, 17, 11, 24, 58, 21, 61, 40, 13, 29, 97, 26, 89, 90, 39, 79, 45, 30, 69, 85, 38, 9, 76, 37, 63, 4, 43, 53, 44, 56, 0], [0, 82, 27, 32, 84, 65, 48, 99, 47, 36, 1, 23, 59, 7, 2, 92, 78, 95, 15, 12, 80, 54, 41, 14, 71, 57, 31, 74, 75, 22, 83, 5, 35, 52, 0], [0, 81, 73, 51, 62, 6, 77, 70, 33, 66, 42, 50, 16, 94, 86, 88, 91, 60, 34, 72, 19, 68, 3, 93, 64, 96, 49, 10, 67, 8, 28, 20, 87, 18, 0]]"
uniform,n100_m3_r01.txt,data\mtsp\stratum1_small\n100_m3_r01.txt,100,3,lkh3-baseline,789.9862170251023,0.487728,0.487678,True,ok,"[{""metadata"": {""artifacts_dir"": ""C:\\Users\\ddkup\\AppData\\Local\\Temp\\mtsp_lkh3_baseline_runs\\run_1778080378021_20048_0"", ""exit_code"": ""0"", ""lkh3_wsl_bin"": ""/home/ddkup/bin/LKH"", ""objective_mode"": ""MINSUM"", ""output_tour_file"": ""C:\\Users\\ddkup\\AppData\\Local\\Temp\\mtsp_lkh3_baseline_runs\\run_1778080378021_20048_0\\output.tour"", ""params_file"": ""C:\\Users\\ddkup\\AppData\\Local\\Temp\\mtsp_lkh3_baseline_runs\\run_1778080378021_20048_0\\params.par"", ""params_wsl_path"": ""/mnt/c/Users/ddkup/AppData/Local/Temp/mtsp_lkh3_baseline_runs/run_1778080378021_20048_0/params.par"", ""problem_file"": ""C:\\Users\\ddkup\\AppData\\Local\\Temp\\mtsp_lkh3_baseline_runs\\run_1778080378021_20048_0\\problem.tsp"", ""result_file"": ""C:\\Users\\ddkup\\AppData\\Local\\Temp\\mtsp_lkh3_baseline_runs\\run_1778080378021_20048_0\\result.txt"", ""stderr_log"": ""C:\\Users\\ddkup\\AppData\\Local\\Temp\\mtsp_lkh3_baseline_runs\\run_1778080378021_20048_0\\stderr.log"", ""stdout_log"": ""C:\\Users\\ddkup\\AppData\\Local\\Temp\\mtsp_lkh3_baseline_runs\\run_1778080378021_20048_0\\stdout.log""}, ""name"": ""lkh3-baseline"", ""objective"": 789.9862170251023, ""status"": ""ok"", ""time"": 0.487678, ""valid"": true}]","[[0, 38, 9, 76, 37, 63, 4, 43, 53, 56, 44, 97, 29, 13, 40, 61, 73, 52, 26, 51, 35, 89, 62, 83, 5, 90, 6, 39, 77, 70, 33, 79, 45, 22, 75, 74, 30, 66, 31, 57, 71, 14, 16, 69, 42, 50, 85, 94, 86, 88, 59, 7, 41, 54, 80, 12, 15, 95, 2, 78, 92, 23, 1, 36, 47, 99, 48, 34, 91, 60, 65, 72, 19, 68, 3, 93, 64, 96, 49, 21, 10, 67, 8, 28, 20, 87, 58, 24, 11, 17, 84, 25, 46, 32, 27, 98, 82, 55, 0], [0, 18, 0], [0, 81, 0]]"
uniform,n100_m3_r01.txt,data\mtsp\stratum1_small\n100_m3_r01.txt,100,3,lkh-wrapper-v20,803.0713531502602,0.011264,0.011164,True,ok,"[{""metadata"": {""after_final_2opt_sum"": ""803.071353"", ""after_inter_snapshot"": ""true"", ""after_inter_sum"": ""805.053016"", ""after_inter_valid"": ""true"", ""after_inter_validation_code"": ""0"", ""after_polish2_sum"": ""805.053016"", ""after_polish_sum"": ""946.082148"", ""baseline_2optgreed_budget_ms"": ""7800"", ""baseline_2optgreed_ms"": ""2"", ""baseline_2optgreed_passes_per_route"": ""4,3,2"", ""baseline_2optgreed_sum"": ""1130.906974"", ""baseline_2optgreed_used_as_best"": ""false"", ""best_minsum_max"": ""803.071353"", ""best_minsum_sum"": ""803.071353"", ""candidate_count_global"": ""22"", ""candidate_count_local"": ""14"", ""effective_total_ms"": ""9800"", ""final_2opt_cap_ms"": ""9589"", ""final_2opt_elapsed_ms"": ""0"", ""inter_broken_by"": ""none"", ""inter_budget_ms"": ""2450"", ""inter_iters"": ""7"", ""inter_oropt_accepts"": ""1"", ""inter_relocate_accepts"": ""6"", ""inter_swap_accepts"": ""0"", ""node_count"": ""100"", ""omp_max_threads"": ""14"", ""omp_polish"": ""true"", ""phase8_accepts"": ""0"", ""phase8_iters"": ""0"", ""polish_phase_budget_ms"": ""3430"", ""popmusic_solutions"": ""0"", ""salesman_count"": ""3"", ""seed"": ""42"", ""seed_chosen"": ""savings"", ""seed_fast_sum"": ""1984.305890"", ""seed_minsum"": ""1097.187725"", ""seed_polar_sum"": ""1794.049879"", ""seed_rr_sum"": ""1205.242535"", ""seed_savings_sum"": ""1097.187725"", ""total_elapsed_ms"": ""11""}, ""name"": ""lkh-wrapper-v20"", ""objective"": 803.0713531502602, ""status"": ""ok"", ""time"": 0.011164, ""valid"": true}]","[[0, 55, 82, 85, 16, 69, 42, 50, 38, 9, 76, 37, 63, 4, 43, 53, 56, 44, 97, 29, 13, 40, 61, 49, 21, 10, 67, 8, 28, 20, 87, 58, 24, 11, 17, 65, 48, 72, 19, 68, 3, 93, 64, 96, 73, 52, 26, 51, 35, 89, 62, 83, 5, 90, 6, 39, 77, 70, 33, 79, 45, 22, 75, 74, 30, 66, 31, 57, 71, 14, 94, 86, 88, 91, 59, 7, 41, 54, 80, 12, 15, 95, 78, 92, 2, 23, 1, 36, 47, 99, 34, 60, 32, 46, 84, 25, 27, 98, 18, 81, 0], [0, 0], [0, 0]]"
uniform,n100_m3_r01.txt,data\mtsp\stratum1_small\n100_m3_r01.txt,100,3,lkh-wrapper-v21,776.782665720771,2.337887,2.337735,True,ok,"[{""metadata"": {""after_final_2opt_sum"": ""803.071353"", ""after_inter_snapshot"": ""true"", ""after_inter_sum"": ""805.053016"", ""after_inter_valid"": ""true"", ""after_inter_validation_code"": ""0"", ""after_polish2_sum"": ""805.053016"", ""after_polish_sum"": ""946.082148"", ""baseline_2optgreed_budget_ms"": ""7800"", ""baseline_2optgreed_ms"": ""2"", ""baseline_2optgreed_passes_per_route"": ""4,3,2"", ""baseline_2optgreed_sum"": ""1130.906974"", ""baseline_2optgreed_used_as_best"": ""false"", ""best_minsum_max"": ""776.782666"", ""best_minsum_sum"": ""776.782666"", ""candidate_count_global"": ""22"", ""candidate_count_local"": ""14"", ""effective_total_ms"": ""9800"", ""final_2opt_cap_ms"": ""9588"", ""final_2opt_elapsed_ms"": ""0"", ""inter_broken_by"": ""none"", ""inter_budget_ms"": ""2450"", ""inter_iters"": ""7"", ""inter_oropt_accepts"": ""1"", ""inter_relocate_accepts"": ""6"", ""inter_swap_accepts"": ""0"", ""node_count"": ""100"", ""omp_max_threads"": ""14"", ""omp_polish"": ""true"", ""phase8_accepts"": ""0"", ""phase8_iters"": ""0"", ""phase9_accepts"": ""1014"", ""phase9_best_updates"": ""11"", ""phase9_first_delta"": ""6.074"", ""phase9_iters"": ""5000"", ""phase9_last_delta"": ""7.774"", ""phase9_reserve_ms"": ""3000"", ""phase9_total_delta"": ""26.288687"", ""polish_phase_budget_ms"": ""3430"", ""popmusic_solutions"": ""0"", ""salesman_count"": ""3"", ""seed"": ""42"", ""seed_chosen"": ""savings"", ""seed_fast_sum"": ""1984.305890"", ""seed_minsum"": ""1097.187725"", ""seed_polar_sum"": ""1794.049879"", ""seed_rr_sum"": ""1205.242535"", ""seed_savings_sum"": ""1097.187725"", ""total_elapsed_ms"": ""2337""}, ""name"": ""lkh-wrapper-v21"", ""objective"": 776.782665720771, ""status"": ""ok"", ""time"": 2.337735, ""valid"": true}]","[[0, 81, 18, 27, 98, 82, 55, 85, 50, 42, 69, 16, 94, 86, 88, 7, 59, 91, 34, 60, 32, 46, 25, 84, 17, 11, 24, 58, 87, 20, 28, 8, 67, 10, 21, 49, 96, 64, 93, 3, 68, 19, 72, 65, 48, 99, 47, 36, 1, 23, 92, 78, 2, 95, 15, 12, 80, 54, 41, 14, 71, 57, 31, 66, 30, 74, 75, 22, 45, 79, 33, 70, 77, 39, 6, 90, 5, 83, 62, 89, 35, 51, 26, 52, 73, 61, 40, 13, 29, 97, 44, 56, 53, 43, 4, 63, 37, 76, 9, 38, 0], [0, 0], [0, 0]]"
uniform,n100_m3_r02.txt,data\mtsp\stratum1_small\n100_m3_r02.txt,100,3,rand+nn,1828.4521729022717,6.6e-05,4e-05,True,ok,"[{""name"": ""rand+nn"", ""objective"": 1828.4521729022717, ""status"": ""ok"", ""time"": 4e-05, ""valid"": true}]","[[0, 55, 48, 19, 83, 78, 37, 66, 38, 87, 52, 31, 58, 15, 5, 21, 11, 41, 63, 34, 10, 80, 23, 45, 33, 77, 49, 71, 14, 35, 28, 6, 53, 94, 0], [0, 20, 65, 82, 22, 54, 46, 16, 32, 17, 86, 2, 8, 68, 99, 18, 98, 67, 30, 96, 69, 56, 73, 74, 29, 50, 12, 25, 57, 42, 75, 64, 7, 43, 0], [0, 81, 1, 95, 90, 88, 93, 60, 4, 70, 72, 51, 13, 84, 24, 3, 97, 76, 79, 89, 85, 36, 59, 61, 44, 62, 92, 40, 47, 91, 26, 27, 39, 9, 0]]"
uniform,n100_m3_r02.txt,data\mtsp\stratum1_small\n100_m3_r02.txt,100,3,2opt+greed,1194.840515190461,0.000137,0.000116,True,ok,"[{""name"": ""2opt+greed"", ""objective"": 1194.840515190461, ""status"": ""ok"", ""time"": 0.000116, ""valid"": true}]","[[0, 20, 56, 16, 44, 14, 86, 59, 85, 36, 87, 89, 38, 79, 76, 8, 3, 66, 99, 37, 84, 96, 35, 9, 28, 30, 67, 98, 13, 18, 78, 69, 81, 80, 0], [0, 65, 55, 48, 19, 83, 51, 72, 53, 26, 27, 39, 6, 94, 70, 43, 45, 7, 23, 64, 75, 42, 33, 1, 90, 60, 93, 10, 88, 34, 40, 73, 77, 95, 0], [0, 82, 54, 22, 92, 46, 62, 12, 50, 5, 21, 11, 74, 47, 63, 41, 29, 91, 49, 71, 57, 25, 15, 58, 31, 61, 32, 17, 52, 2, 97, 68, 24, 4, 0]]"
uniform,n100_m3_r02.txt,data\mtsp\stratum1_small\n100_m3_r02.txt,100,3,lkh3-baseline,815.9624622291002,0.483642,0.483581,True,ok,"[{""metadata"": {""artifacts_dir"": ""C:\\Users\\ddkup\\AppData\\Local\\Temp\\mtsp_lkh3_baseline_runs\\run_1778080381025_15464_0"", ""exit_code"": ""0"", ""lkh3_wsl_bin"": ""/home/ddkup/bin/LKH"", ""objective_mode"": ""MINSUM"", ""output_tour_file"": ""C:\\Users\\ddkup\\AppData\\Local\\Temp\\mtsp_lkh3_baseline_runs\\run_1778080381025_15464_0\\output.tour"", ""params_file"": ""C:\\Users\\ddkup\\AppData\\Local\\Temp\\mtsp_lkh3_baseline_runs\\run_1778080381025_15464_0\\params.par"", ""params_wsl_path"": ""/mnt/c/Users/ddkup/AppData/Local/Temp/mtsp_lkh3_baseline_runs/run_1778080381025_15464_0/params.par"", ""problem_file"": ""C:\\Users\\ddkup\\AppData\\Local\\Temp\\mtsp_lkh3_baseline_runs\\run_1778080381025_15464_0\\problem.tsp"", ""result_file"": ""C:\\Users\\ddkup\\AppData\\Local\\Temp\\mtsp_lkh3_baseline_runs\\run_1778080381025_15464_0\\result.txt"", ""stderr_log"": ""C:\\Users\\ddkup\\AppData\\Local\\Temp\\mtsp_lkh3_baseline_runs\\run_1778080381025_15464_0\\stderr.log"", ""stdout_log"": ""C:\\Users\\ddkup\\AppData\\Local\\Temp\\mtsp_lkh3_baseline_runs\\run_1778080381025_15464_0\\stdout.log""}, ""name"": ""lkh3-baseline"", ""objective"": 815.9624622291002, ""status"": ""ok"", ""time"": 0.483581, ""valid"": true}]","[[0, 65, 55, 1, 95, 77, 90, 33, 72, 51, 83, 19, 48, 81, 69, 78, 18, 13, 98, 67, 35, 9, 28, 30, 39, 6, 27, 26, 53, 94, 70, 43, 45, 7, 23, 42, 75, 64, 4, 60, 80, 93, 10, 88, 34, 73, 40, 47, 63, 41, 74, 11, 29, 91, 49, 71, 57, 21, 5, 50, 12, 25, 15, 58, 31, 61, 32, 52, 86, 17, 59, 85, 36, 87, 89, 38, 79, 76, 8, 3, 66, 68, 24, 96, 84, 37, 99, 97, 2, 14, 44, 16, 62, 46, 92, 22, 54, 82, 0], [0, 56, 0], [0, 20, 0]]"
uniform,n100_m3_r02.txt,data\mtsp\stratum1_small\n100_m3_r02.txt,100,3,lkh-wrapper-v20,857.167689721454,0.010618,0.010519,True,ok,"[{""metadata"": {""after_final_2opt_sum"": ""857.167690"", ""after_inter_snapshot"": ""true"", ""after_inter_sum"": ""870.413847"", ""after_inter_valid"": ""true"", ""after_inter_validation_code"": ""0"", ""after_polish2_sum"": ""866.301196"", ""after_polish_sum"": ""976.448301"", ""baseline_2optgreed_budget_ms"": ""7800"", ""baseline_2optgreed_ms"": ""1"", ""baseline_2optgreed_passes_per_route"": ""2,3,2"", ""baseline_2optgreed_sum"": ""1194.840515"", ""baseline_2optgreed_used_as_best"": ""false"", ""best_minsum_max"": ""857.167690"", ""best_minsum_sum"": ""857.167690"", ""candidate_count_global"": ""22"", ""candidate_count_local"": ""14"", ""effective_total_ms"": ""9800"", ""final_2opt_cap_ms"": ""9590"", ""final_2opt_elapsed_ms"": ""0"", ""inter_broken_by"": ""none"", ""inter_budget_ms"": ""2450"", ""inter_iters"": ""4"", ""inter_oropt_accepts"": ""0"", ""inter_relocate_accepts"": ""4"", ""inter_swap_accepts"": ""0"", ""node_count"": ""100"", ""omp_max_threads"": ""14"", ""omp_polish"": ""true"", ""phase8_accepts"": ""0"", ""phase8_iters"": ""0"", ""polish_phase_budget_ms"": ""3430"", ""popmusic_solutions"": ""0"", ""salesman_count"": ""3"", ""seed"": ""42"", ""seed_chosen"": ""savings"", ""seed_fast_sum"": ""2456.220488"", ""seed_minsum"": ""1152.068118"", ""seed_polar_sum"": ""2121.582316"", ""seed_rr_sum"": ""1232.806934"", ""seed_savings_sum"": ""1152.068118"", ""total_elapsed_ms"": ""10""}, ""name"": ""lkh-wrapper-v20"", ""objective"": 857.167689721454, ""status"": ""ok"", ""time"": 0.010519, ""valid"": true}]","[[0, 20, 65, 55, 48, 81, 19, 83, 51, 72, 53, 27, 26, 94, 70, 43, 45, 7, 23, 42, 75, 64, 4, 60, 80, 93, 10, 88, 33, 1, 95, 90, 77, 73, 40, 47, 34, 63, 41, 74, 11, 29, 91, 71, 57, 49, 21, 5, 50, 12, 25, 15, 58, 31, 61, 32, 52, 86, 17, 59, 87, 85, 36, 89, 38, 79, 76, 8, 97, 3, 66, 68, 24, 84, 96, 35, 9, 28, 30, 6, 39, 67, 98, 13, 18, 37, 99, 78, 69, 56, 44, 2, 14, 16, 62, 46, 92, 22, 54, 82, 0], [0, 0], [0, 0]]"
uniform,n100_m3_r02.txt,data\mtsp\stratum1_small\n100_m3_r02.txt,100,3,lkh-wrapper-v21,808.864351799387,2.392897,2.392771,True,ok,"[{""metadata"": {""after_final_2opt_sum"": ""857.167690"", ""after_inter_snapshot"": ""true"", ""after_inter_sum"": ""870.413847"", ""after_inter_valid"": ""true"", ""after_inter_validation_code"": ""0"", ""after_polish2_sum"": ""866.301196"", ""after_polish_sum"": ""976.448301"", ""baseline_2optgreed_budget_ms"": ""7800"", ""baseline_2optgreed_ms"": ""2"", ""baseline_2optgreed_passes_per_route"": ""2,3,2"", ""baseline_2optgreed_sum"": ""1194.840515"", ""baseline_2optgreed_used_as_best"": ""false"", ""best_minsum_max"": ""808.864352"", ""best_minsum_sum"": ""808.864352"", ""candidate_count_global"": ""22"", ""candidate_count_local"": ""14"", ""effective_total_ms"": ""9800"", ""final_2opt_cap_ms"": ""9589"", ""final_2opt_elapsed_ms"": ""0"", ""inter_broken_by"": ""none"", ""inter_budget_ms"": ""2450"", ""inter_iters"": ""4"", ""inter_oropt_accepts"": ""0"", ""inter_relocate_accepts"": ""4"", ""inter_swap_accepts"": ""0"", ""node_count"": ""100"", ""omp_max_threads"": ""14"", ""omp_polish"": ""true"", ""phase8_accepts"": ""0"", ""phase8_iters"": ""0"", ""phase9_accepts"": ""928"", ""phase9_best_updates"": ""19"", ""phase9_first_delta"": ""0.574"", ""phase9_iters"": ""5000"", ""phase9_last_delta"": ""32.322"", ""phase9_reserve_ms"": ""3000"", ""phase9_total_delta"": ""48.303338"", ""polish_phase_budget_ms"": ""3430"", ""popmusic_solutions"": ""0"", ""salesman_count"": ""3"", ""seed"": ""42"", ""seed_chosen"": ""savings"", ""seed_fast_sum"": ""2456.220488"", ""seed_minsum"": ""1152.068118"", ""seed_polar_sum"": ""2121.582316"", ""seed_rr_sum"": ""1232.806934"", ""seed_savings_sum"": ""1152.068118"", ""total_elapsed_ms"": ""2392""}, ""name"": ""lkh-wrapper-v21"", ""objective"": 808.864351799387, ""status"": ""ok"", ""time"": 2.392771, ""valid"": true}]","[[0, 20, 65, 55, 1, 95, 77, 90, 33, 72, 51, 83, 19, 48, 81, 56, 69, 78, 18, 13, 98, 67, 35, 9, 28, 30, 39, 6, 27, 26, 53, 94, 70, 43, 45, 7, 23, 42, 75, 64, 4, 60, 80, 93, 10, 88, 34, 73, 40, 47, 63, 41, 74, 11, 29, 91, 49, 71, 57, 21, 5, 50, 12, 25, 15, 58, 31, 61, 32, 52, 86, 17, 59, 85, 36, 87, 89, 38, 79, 76, 8, 3, 66, 68, 24, 96, 84, 37, 99, 97, 2, 14, 44, 16, 62, 46, 92, 22, 54, 82, 0], [0, 0], [0, 0]]"
uniform,n100_m3_r03.txt,data\mtsp\stratum1_small\n100_m3_r03.txt,100,3,rand+nn,1778.6446628456156,7.1e-05,4.3e-05,True,ok,"[{""name"": ""rand+nn"", ""objective"": 1778.6446628456156, ""status"": ""ok"", ""time"": 4.3e-05, ""valid"": true}]","[[0, 48, 58, 10, 52, 55, 33, 77, 14, 5, 23, 19, 66, 11, 38, 6, 71, 53, 28, 78, 34, 80, 63, 94, 87, 15, 37, 21, 31, 35, 49, 41, 83, 45, 0], [0, 42, 73, 25, 99, 65, 68, 22, 98, 69, 20, 67, 74, 17, 43, 16, 18, 8, 82, 29, 2, 50, 7, 64, 56, 57, 46, 86, 32, 75, 30, 96, 54, 12, 0], [0, 51, 59, 47, 3, 1, 85, 95, 91, 62, 26, 97, 76, 93, 72, 44, 61, 24, 84, 60, 36, 40, 4, 92, 81, 79, 13, 70, 39, 90, 9, 27, 88, 89, 0]]"
uniform,n100_m3_r03.txt,data\mtsp\stratum1_small\n100_m3_r03.txt,100,3,2opt+greed,1193.1171322985222,0.000214,0.000144,True,ok,"[{""name"": ""2opt+greed"", ""objective"": 1193.1171322985222, ""status"": ""ok"", ""time"": 0.000144, ""valid"": true}]","[[0, 42, 73, 25, 78, 99, 53, 65, 34, 63, 68, 94, 20, 79, 67, 39, 6, 13, 70, 87, 9, 15, 12, 54, 37, 96, 58, 76, 16, 93, 18, 29, 49, 35, 0], [0, 51, 59, 11, 23, 30, 75, 27, 88, 33, 55, 85, 1, 47, 3, 14, 50, 26, 91, 62, 10, 95, 64, 52, 32, 86, 77, 46, 57, 56, 97, 45, 8, 82, 0], [0, 48, 2, 44, 72, 31, 41, 83, 61, 21, 43, 17, 74, 28, 89, 80, 60, 24, 84, 36, 40, 4, 69, 92, 98, 81, 22, 71, 90, 38, 19, 66, 5, 7, 0]]"
uniform,n100_m3_r03.txt,data\mtsp\stratum1_small\n100_m3_r03.txt,100,3,lkh3-baseline,877.3842328189759,0.48483,0.48478,True,ok,"[{""metadata"": {""artifacts_dir"": ""C:\\Users\\ddkup\\AppData\\Local\\Temp\\mtsp_lkh3_baseline_runs\\run_1778080384062_6028_0"", ""exit_code"": ""0"", ""lkh3_wsl_bin"": ""/home/ddkup/bin/LKH"", ""objective_mode"": ""MINSUM"", ""output_tour_file"": ""C:\\Users\\ddkup\\AppData\\Local\\Temp\\mtsp_lkh3_baseline_runs\\run_1778080384062_6028_0\\output.tour"", ""params_file"": ""C:\\Users\\ddkup\\AppData\\Local\\Temp\\mtsp_lkh3_baseline_runs\\run_1778080384062_6028_0\\params.par"", ""params_wsl_path"": ""/mnt/c/Users/ddkup/AppData/Local/Temp/mtsp_lkh3_baseline_runs/run_1778080384062_6028_0/params.par"", ""problem_file"": ""C:\\Users\\ddkup\\AppData\\Local\\Temp\\mtsp_lkh3_baseline_runs\\run_1778080384062_6028_0\\problem.tsp"", ""result_file"": ""C:\\Users\\ddkup\\AppData\\Local\\Temp\\mtsp_lkh3_baseline_runs\\run_1778080384062_6028_0\\result.txt"", ""stderr_log"": ""C:\\Users\\ddkup\\AppData\\Local\\Temp\\mtsp_lkh3_baseline_runs\\run_1778080384062_6028_0\\stderr.log"", ""stdout_log"": ""C:\\Users\\ddkup\\AppData\\Local\\Temp\\mtsp_lkh3_baseline_runs\\run_1778080384062_6028_0\\stdout.log""}, ""name"": ""lkh3-baseline"", ""objective"": 877.3842328189759, ""status"": ""ok"", ""time"": 0.48478, ""valid"": true}]","[[0, 51, 0], [0, 59, 11, 23, 5, 47, 3, 14, 50, 26, 7, 1, 85, 52, 55, 33, 88, 27, 75, 30, 66, 19, 96, 37, 54, 15, 9, 12, 87, 70, 13, 6, 39, 67, 71, 38, 90, 25, 73, 78, 99, 53, 65, 34, 63, 68, 94, 79, 20, 81, 22, 92, 98, 69, 4, 40, 36, 84, 24, 60, 80, 89, 28, 74, 17, 43, 44, 72, 31, 21, 35, 61, 49, 41, 29, 83, 82, 8, 45, 93, 18, 16, 76, 58, 56, 97, 57, 46, 77, 86, 32, 64, 95, 10, 91, 62, 2, 48, 0], [0, 42, 0]]"
uniform,n100_m3_r03.txt,data\mtsp\stratum1_small\n100_m3_r03.txt,100,3,lkh-wrapper-v20,887.8083465463322,0.011284,0.011123,True,ok,"[{""metadata"": {""after_final_2opt_sum"": ""887.808347"", ""after_inter_snapshot"": ""true"", ""after_inter_sum"": ""888.576056"", ""after_inter_valid"": ""true"", ""after_inter_validation_code"": ""0"", ""after_polish2_sum"": ""888.576056"", ""after_polish_sum"": ""997.271510"", ""baseline_2optgreed_budget_ms"": ""7800"", ""baseline_2optgreed_ms"": ""1"", ""baseline_2optgreed_passes_per_route"": ""2,3,3"", ""baseline_2optgreed_sum"": ""1193.117132"", ""baseline_2optgreed_used_as_best"": ""false"", ""best_minsum_max"": ""707.624816"", ""best_minsum_sum"": ""887.808347"", ""candidate_count_global"": ""22"", ""candidate_count_local"": ""14"", ""effective_total_ms"": ""9800"", ""final_2opt_cap_ms"": ""9589"", ""final_2opt_elapsed_ms"": ""0"", ""inter_broken_by"": ""none"", ""inter_budget_ms"": ""2450"", ""inter_iters"": ""8"", ""inter_oropt_accepts"": ""2"", ""inter_relocate_accepts"": ""6"", ""inter_swap_accepts"": ""0"", ""node_count"": ""100"", ""omp_max_threads"": ""14"", ""omp_polish"": ""true"", ""phase8_accepts"": ""0"", ""phase8_iters"": ""0"", ""polish_phase_budget_ms"": ""3430"", ""popmusic_solutions"": ""0"", ""salesman_count"": ""3"", ""seed"": ""42"", ""seed_chosen"": ""savings"", ""seed_fast_sum"": ""2533.082071"", ""seed_minsum"": ""1174.140864"", ""seed_polar_sum"": ""1959.077842"", ""seed_rr_sum"": ""1241.896342"", ""seed_savings_sum"": ""1174.140864"", ""total_elapsed_ms"": ""11""}, ""name"": ""lkh-wrapper-v20"", ""objective"": 887.8083465463322, ""status"": ""ok"", ""time"": 0.011123, ""valid"": true}]","[[0, 48, 2, 62, 91, 10, 26, 50, 14, 3, 7, 1, 5, 47, 23, 11, 59, 51, 38, 90, 71, 25, 73, 42, 0], [0, 74, 89, 28, 78, 99, 53, 65, 34, 80, 60, 24, 84, 36, 40, 4, 69, 92, 98, 81, 22, 63, 68, 94, 20, 79, 13, 67, 39, 6, 70, 87, 9, 15, 12, 54, 37, 96, 19, 66, 30, 75, 27, 88, 33, 55, 52, 85, 95, 64, 32, 86, 77, 46, 57, 97, 56, 58, 76, 16, 44, 72, 18, 93, 45, 8, 41, 82, 83, 29, 49, 61, 35, 31, 21, 43, 17, 0], [0, 0]]"
uniform,n100_m3_r03.txt,data\mtsp\stratum1_small\n100_m3_r03.txt,100,3,lkh-wrapper-v21,841.7234272837522,2.359006,2.358847,True,ok,"[{""metadata"": {""after_final_2opt_sum"": ""887.808347"", ""after_inter_snapshot"": ""true"", ""after_inter_sum"": ""888.576056"", ""after_inter_valid"": ""true"", ""after_inter_validation_code"": ""0"", ""after_polish2_sum"": ""888.576056"", ""after_polish_sum"": ""997.271510"", ""baseline_2optgreed_budget_ms"": ""7800"", ""baseline_2optgreed_ms"": ""3"", ""baseline_2optgreed_passes_per_route"": ""2,3,3"", ""baseline_2optgreed_sum"": ""1193.117132"", ""baseline_2optgreed_used_as_best"": ""false"", ""best_minsum_max"": ""841.723427"", ""best_minsum_sum"": ""841.723427"", ""candidate_count_global"": ""22"", ""candidate_count_local"": ""14"", ""effective_total_ms"": ""9800"", ""final_2opt_cap_ms"": ""9588"", ""final_2opt_elapsed_ms"": ""0"", ""inter_broken_by"": ""none"", ""inter_budget_ms"": ""2450"", ""inter_iters"": ""8"", ""inter_oropt_accepts"": ""2"", ""inter_relocate_accepts"": ""6"", ""inter_swap_accepts"": ""0"", ""node_count"": ""100"", ""omp_max_threads"": ""14"", ""omp_polish"": ""true"", ""phase8_accepts"": ""0"", ""phase8_iters"": ""0"", ""phase9_accepts"": ""1013"", ""phase9_best_updates"": ""11"", ""phase9_first_delta"": ""1.439"", ""phase9_iters"": ""5000"", ""phase9_last_delta"": ""5.896"", ""phase9_reserve_ms"": ""3000"", ""phase9_total_delta"": ""46.084919"", ""polish_phase_budget_ms"": ""3430"", ""popmusic_solutions"": ""0"", ""salesman_count"": ""3"", ""seed"": ""42"", ""seed_chosen"": ""savings"", ""seed_fast_sum"": ""2533.082071"", ""seed_minsum"": ""1174.140864"", ""seed_polar_sum"": ""1959.077842"", ""seed_rr_sum"": ""1241.896342"", ""seed_savings_sum"": ""1174.140864"", ""total_elapsed_ms"": ""2358""}, ""name"": ""lkh-wrapper-v21"", ""objective"": 841.7234272837522, ""status"": ""ok"", ""time"": 2.358847, ""valid"": true}]","[[0, 0], [0, 48, 2, 62, 91, 10, 95, 64, 32, 86, 77, 46, 57, 97, 56, 58, 76, 16, 18, 93, 45, 8, 82, 83, 29, 41, 49, 61, 35, 21, 31, 72, 44, 43, 17, 74, 28, 89, 80, 60, 24, 84, 36, 40, 4, 69, 98, 92, 22, 81, 20, 79, 94, 68, 63, 34, 65, 53, 99, 78, 73, 25, 71, 67, 39, 6, 13, 70, 87, 12, 9, 15, 54, 37, 96, 19, 66, 30, 75, 27, 88, 33, 55, 52, 85, 1, 7, 26, 50, 14, 3, 47, 5, 23, 59, 11, 38, 90, 51, 42, 0], [0, 0]]"
uniform,n100_m5_r01.txt,data\mtsp\stratum1_small\n100_m5_r01.txt,100,5,rand+nn,2185.1028798060865,6.3e-05,3.7e-05,True,ok,"[{""name"": ""rand+nn"", ""objective"": 2185.1028798060865, ""status"": ""ok"", ""time"": 3.7e-05, ""valid"": true}]","[[0, 13, 90, 10, 81, 84, 34, 1, 99, 98, 17, 77, 3, 82, 48, 52, 5, 65, 54, 6, 9, 0], [0, 7, 63, 66, 8, 46, 76, 24, 25, 20, 14, 12, 70, 11, 92, 43, 87, 36, 91, 71, 53, 0], [0, 18, 55, 39, 72, 16, 33, 29, 44, 58, 22, 40, 74, 21, 59, 96, 19, 61, 23, 30, 93, 0], [0, 28, 88, 35, 78, 42, 69, 75, 50, 56, 79, 60, 62, 37, 41, 85, 27, 15, 80, 2, 51, 0], [0, 68, 94, 4, 57, 83, 31, 89, 38, 32, 26, 47, 64, 73, 97, 49, 67, 86, 95, 45, 0]]"
uniform,n100_m5_r01.txt,data\mtsp\stratum1_small\n100_m5_r01.txt,100,5,2opt+greed,1231.056337082655,0.000159,0.000128,True,ok,"[{""name"": ""2opt+greed"", ""objective"": 1231.056337082655, ""status"": ""ok"", ""time"": 0.000128, ""valid"": true}]","[[0, 7, 28, 47, 8, 23, 9, 46, 64, 35, 88, 76, 24, 78, 6, 25, 42, 67, 22, 20, 97, 0], [0, 13, 68, 85, 41, 37, 62, 53, 36, 83, 91, 60, 48, 71, 92, 29, 79, 86, 5, 12, 75, 0], [0, 18, 55, 87, 33, 57, 16, 82, 72, 3, 4, 39, 77, 43, 94, 56, 52, 95, 44, 50, 65, 0], [0, 40, 90, 31, 17, 89, 98, 27, 38, 93, 15, 30, 80, 2, 32, 99, 61, 14, 54, 70, 69, 0], [0, 10, 45, 63, 74, 1, 51, 66, 26, 19, 96, 59, 21, 34, 81, 84, 73, 11, 49, 58, 0]]"
uniform,n100_m5_r01.txt,data\mtsp\stratum1_small\n100_m5_r01.txt,100,5,lkh3-baseline,830.3664179741593,0.470799,0.470722,True,ok,"[{""metadata"": {""artifacts_dir"": ""C:\\Users\\ddkup\\AppData\\Local\\Temp\\mtsp_lkh3_baseline_runs\\run_1778080387078_15892_0"", ""exit_code"": ""0"", ""lkh3_wsl_bin"": ""/home/ddkup/bin/LKH"", ""objective_mode"": ""MINSUM"", ""output_tour_file"": ""C:\\Users\\ddkup\\AppData\\Local\\Temp\\mtsp_lkh3_baseline_runs\\run_1778080387078_15892_0\\output.tour"", ""params_file"": ""C:\\Users\\ddkup\\AppData\\Local\\Temp\\mtsp_lkh3_baseline_runs\\run_1778080387078_15892_0\\params.par"", ""params_wsl_path"": ""/mnt/c/Users/ddkup/AppData/Local/Temp/mtsp_lkh3_baseline_runs/run_1778080387078_15892_0/params.par"", ""problem_file"": ""C:\\Users\\ddkup\\AppData\\Local\\Temp\\mtsp_lkh3_baseline_runs\\run_1778080387078_15892_0\\problem.tsp"", ""result_file"": ""C:\\Users\\ddkup\\AppData\\Local\\Temp\\mtsp_lkh3_baseline_runs\\run_1778080387078_15892_0\\result.txt"", ""stderr_log"": ""C:\\Users\\ddkup\\AppData\\Local\\Temp\\mtsp_lkh3_baseline_runs\\run_1778080387078_15892_0\\stderr.log"", ""stdout_log"": ""C:\\Users\\ddkup\\AppData\\Local\\Temp\\mtsp_lkh3_baseline_runs\\run_1778080387078_15892_0\\stdout.log""}, ""name"": ""lkh3-baseline"", ""objective"": 830.3664179741593, ""status"": ""ok"", ""time"": 0.470722, ""valid"": true}]","[[0, 7, 0], [0, 10, 40, 0], [0, 90, 0], [0, 28, 73, 97, 25, 6, 78, 24, 76, 88, 35, 9, 23, 46, 64, 47, 8, 61, 96, 19, 26, 66, 51, 21, 59, 84, 81, 45, 63, 74, 34, 1, 99, 32, 2, 80, 30, 15, 93, 38, 27, 98, 89, 17, 31, 85, 41, 37, 62, 53, 36, 83, 60, 91, 33, 48, 71, 57, 16, 82, 72, 3, 4, 92, 29, 79, 86, 44, 69, 75, 70, 49, 11, 42, 67, 22, 20, 54, 58, 14, 65, 50, 12, 5, 95, 52, 56, 39, 77, 43, 94, 87, 55, 68, 18, 0], [0, 13, 0]]"
uniform,n100_m5_r01.txt,data\mtsp\stratum1_small\n100_m5_r01.txt,100,5,lkh-wrapper-v20,842.8057326600438,0.010857,0.010735,True,ok,"[{""metadata"": {""after_final_2opt_sum"": ""842.805733"", ""after_inter_snapshot"": ""true"", ""after_inter_sum"": ""854.594241"", ""after_inter_valid"": ""true"", ""after_inter_validation_code"": ""0"", ""after_polish2_sum"": ""842.805733"", ""after_polish_sum"": ""938.688184"", ""baseline_2optgreed_budget_ms"": ""7800"", ""baseline_2optgreed_ms"": ""1"", ""baseline_2optgreed_passes_per_route"": ""2,2,3,1,4"", ""baseline_2optgreed_sum"": ""1231.056337"", ""baseline_2optgreed_used_as_best"": ""false"", ""best_minsum_max"": ""366.882487"", ""best_minsum_sum"": ""842.805733"", ""candidate_count_global"": ""22"", ""candidate_count_local"": ""14"", ""effective_total_ms"": ""9800"", ""final_2opt_cap_ms"": ""9590"", ""final_2opt_elapsed_ms"": ""0"", ""inter_broken_by"": ""none"", ""inter_budget_ms"": ""2450"", ""inter_iters"": ""5"", ""inter_oropt_accepts"": ""1"", ""inter_relocate_accepts"": ""4"", ""inter_swap_accepts"": ""0"", ""node_count"": ""100"", ""omp_max_threads"": ""14"", ""omp_polish"": ""true"", ""phase8_accepts"": ""0"", ""phase8_iters"": ""0"", ""polish_phase_budget_ms"": ""3430"", ""popmusic_solutions"": ""0"", ""salesman_count"": ""5"", ""seed"": ""42"", ""seed_chosen"": ""savings"", ""seed_fast_sum"": ""1599.320296"", ""seed_minsum"": ""1206.547489"", ""seed_polar_sum"": ""1782.774084"", ""seed_rr_sum"": ""1314.816988"", ""seed_savings_sum"": ""1206.547489"", ""total_elapsed_ms"": ""10""}, ""name"": ""lkh-wrapper-v20"", ""objective"": 842.8057326600438, ""status"": ""ok"", ""time"": 0.010735, ""valid"": true}]","[[0, 65, 50, 12, 5, 95, 52, 56, 39, 77, 43, 36, 83, 60, 91, 33, 48, 71, 57, 16, 82, 72, 3, 4, 92, 29, 79, 86, 44, 69, 75, 70, 11, 42, 67, 49, 54, 22, 20, 58, 14, 0], [0, 7, 40, 10, 45, 63, 74, 34, 81, 84, 59, 21, 1, 38, 93, 15, 30, 80, 2, 32, 99, 51, 66, 26, 19, 96, 61, 8, 47, 64, 46, 23, 9, 35, 88, 76, 24, 78, 6, 25, 97, 73, 28, 0], [0, 13, 18, 68, 55, 94, 87, 37, 41, 62, 53, 17, 89, 98, 27, 31, 85, 90, 0], [0, 0], [0, 0]]"
uniform,n100_m5_r01.txt,data\mtsp\stratum1_small\n100_m5_r01.txt,100,5,lkh-wrapper-v21,766.5193962263484,2.315472,2.315261,True,ok,"[{""metadata"": {""after_final_2opt_sum"": ""842.805733"", ""after_inter_snapshot"": ""true"", ""after_inter_sum"": ""854.594241"", ""after_inter_valid"": ""true"", ""after_inter_validation_code"": ""0"", ""after_polish2_sum"": ""842.805733"", ""after_polish_sum"": ""938.688184"", ""baseline_2optgreed_budget_ms"": ""7800"", ""baseline_2optgreed_ms"": ""1"", ""baseline_2optgreed_passes_per_route"": ""2,2,3,1,4"", ""baseline_2optgreed_sum"": ""1231.056337"", ""baseline_2optgreed_used_as_best"": ""false"", ""best_minsum_max"": ""766.519396"", ""best_minsum_sum"": ""766.519396"", ""candidate_count_global"": ""22"", ""candidate_count_local"": ""14"", ""effective_total_ms"": ""9800"", ""final_2opt_cap_ms"": ""9590"", ""final_2opt_elapsed_ms"": ""0"", ""inter_broken_by"": ""none"", ""inter_budget_ms"": ""2450"", ""inter_iters"": ""5"", ""inter_oropt_accepts"": ""1"", ""inter_relocate_accepts"": ""4"", ""inter_swap_accepts"": ""0"", ""node_count"": ""100"", ""omp_max_threads"": ""14"", ""omp_polish"": ""true"", ""phase8_accepts"": ""0"", ""phase8_iters"": ""0"", ""phase9_accepts"": ""1258"", ""phase9_best_updates"": ""18"", ""phase9_first_delta"": ""0.000"", ""phase9_iters"": ""5000"", ""phase9_last_delta"": ""3.743"", ""phase9_reserve_ms"": ""3000"", ""phase9_total_delta"": ""76.286336"", ""polish_phase_budget_ms"": ""3430"", ""popmusic_solutions"": ""0"", ""salesman_count"": ""5"", ""seed"": ""42"", ""seed_chosen"": ""savings"", ""seed_fast_sum"": ""1599.320296"", ""seed_minsum"": ""1206.547489"", ""seed_polar_sum"": ""1782.774084"", ""seed_rr_sum"": ""1314.816988"", ""seed_savings_sum"": ""1206.547489"", ""total_elapsed_ms"": ""2315""}, ""name"": ""lkh-wrapper-v21"", ""objective"": 766.5193962263484, ""status"": ""ok"", ""time"": 2.315261, ""valid"": true}]","[[0, 13, 18, 68, 55, 87, 94, 43, 77, 39, 56, 52, 95, 5, 12, 50, 65, 14, 58, 54, 20, 22, 67, 42, 11, 49, 70, 75, 69, 44, 86, 79, 29, 92, 4, 3, 72, 82, 16, 57, 71, 48, 33, 91, 60, 83, 36, 53, 62, 37, 41, 85, 31, 17, 89, 98, 27, 38, 93, 15, 30, 80, 2, 32, 99, 51, 66, 26, 19, 96, 61, 8, 47, 46, 23, 9, 35, 64, 88, 76, 24, 78, 6, 25, 97, 28, 73, 81, 84, 59, 21, 34, 1, 74, 63, 45, 90, 40, 10, 7, 0], [0, 0], [0, 0], [0, 0], [0, 0]]"
uniform,n100_m5_r02.txt,data\mtsp\stratum1_small\n100_m5_r02.txt,100,5,rand+nn,2187.131933445667,8.1e-05,4e-05,True,ok,"[{""name"": ""rand+nn"", ""objective"": 2187.131933445667, ""status"": ""ok"", ""time"": 4e-05, ""valid"": true}]","[[0, 98, 48, 77, 5, 82, 9, 65, 54, 52, 6, 1, 84, 90, 81, 17, 34, 13, 99, 3, 10, 0], [0, 7, 92, 12, 70, 36, 91, 66, 11, 25, 43, 46, 24, 71, 14, 8, 76, 63, 87, 53, 20, 0], [0, 19, 55, 18, 30, 33, 61, 44, 93, 40, 58, 23, 96, 29, 39, 16, 22, 59, 21, 74, 72, 0], [0, 60, 27, 15, 85, 35, 75, 41, 56, 78, 62, 28, 37, 79, 69, 2, 88, 80, 51, 42, 50, 0], [0, 26, 83, 86, 97, 64, 47, 38, 57, 49, 67, 95, 73, 94, 68, 4, 89, 32, 45, 31, 0]]"
uniform,n100_m5_r02.txt,data\mtsp\stratum1_small\n100_m5_r02.txt,100,5,2opt+greed,1332.4177305103178,0.000155,0.00013,True,ok,"[{""name"": ""2opt+greed"", ""objective"": 1332.4177305103178, ""status"": ""ok"", ""time"": 0.00013, ""valid"": true}]","[[0, 7, 26, 53, 22, 28, 16, 20, 59, 21, 62, 72, 74, 10, 3, 99, 13, 34, 31, 56, 78, 0], [0, 98, 19, 89, 65, 14, 18, 54, 52, 2, 69, 76, 8, 63, 79, 87, 37, 32, 55, 71, 39, 0], [0, 77, 95, 61, 94, 43, 80, 27, 17, 75, 41, 96, 86, 66, 90, 23, 84, 83, 91, 29, 6, 0], [0, 48, 70, 38, 44, 42, 47, 93, 25, 4, 68, 51, 5, 73, 88, 33, 46, 9, 30, 92, 45, 0], [0, 57, 12, 49, 67, 24, 82, 50, 64, 11, 97, 35, 85, 40, 81, 15, 58, 60, 36, 1, 0]]"
uniform,n100_m5_r02.txt,data\mtsp\stratum1_small\n100_m5_r02.txt,100,5,lkh3-baseline,850.5624025364452,0.487721,0.487652,True,ok,"[{""metadata"": {""artifacts_dir"": ""C:\\Users\\ddkup\\AppData\\Local\\Temp\\mtsp_lkh3_baseline_runs\\run_1778080390027_15808_0"", ""exit_code"": ""0"", ""lkh3_wsl_bin"": ""/home/ddkup/bin/LKH"", ""objective_mode"": ""MINSUM"", ""output_tour_file"": ""C:\\Users\\ddkup\\AppData\\Local\\Temp\\mtsp_lkh3_baseline_runs\\run_1778080390027_15808_0\\output.tour"", ""params_file"": ""C:\\Users\\ddkup\\AppData\\Local\\Temp\\mtsp_lkh3_baseline_runs\\run_1778080390027_15808_0\\params.par"", ""params_wsl_path"": ""/mnt/c/Users/ddkup/AppData/Local/Temp/mtsp_lkh3_baseline_runs/run_1778080390027_15808_0/params.par"", ""problem_file"": ""C:\\Users\\ddkup\\AppData\\Local\\Temp\\mtsp_lkh3_baseline_runs\\run_1778080390027_15808_0\\problem.tsp"", ""result_file"": ""C:\\Users\\ddkup\\AppData\\Local\\Temp\\mtsp_lkh3_baseline_runs\\run_1778080390027_15808_0\\result.txt"", ""stderr_log"": ""C:\\Users\\ddkup\\AppData\\Local\\Temp\\mtsp_lkh3_baseline_runs\\run_1778080390027_15808_0\\stderr.log"", ""stdout_log"": ""C:\\Users\\ddkup\\AppData\\Local\\Temp\\mtsp_lkh3_baseline_runs\\run_1778080390027_15808_0\\stdout.log""}, ""name"": ""lkh3-baseline"", ""objective"": 850.5624025364452, ""status"": ""ok"", ""time"": 0.487652, ""valid"": true}]","[[0, 98, 0], [0, 6, 26, 0], [0, 1, 36, 0], [0, 92, 19, 71, 55, 14, 18, 54, 52, 2, 69, 76, 8, 79, 63, 32, 37, 87, 28, 22, 53, 16, 20, 59, 21, 62, 72, 74, 39, 29, 45, 10, 3, 99, 13, 34, 31, 56, 78, 86, 96, 41, 35, 97, 11, 75, 17, 64, 85, 40, 50, 93, 25, 4, 68, 82, 51, 5, 73, 94, 61, 88, 43, 80, 33, 77, 95, 46, 30, 9, 89, 65, 24, 67, 49, 12, 57, 48, 70, 38, 44, 42, 47, 60, 27, 81, 15, 58, 84, 23, 90, 66, 83, 91, 0], [0, 7, 0]]"
uniform,n100_m5_r02.txt,data\mtsp\stratum1_small\n100_m5_r02.txt,100,5,lkh-wrapper-v20,887.3260811767022,0.013693,0.013579,True,ok,"[{""metadata"": {""after_final_2opt_sum"": ""887.326081"", ""after_inter_snapshot"": ""true"", ""after_inter_sum"": ""940.536719"", ""after_inter_valid"": ""true"", ""after_inter_validation_code"": ""0"", ""after_polish2_sum"": ""887.326081"", ""after_polish_sum"": ""1120.403086"", ""baseline_2optgreed_budget_ms"": ""7800"", ""baseline_2optgreed_ms"": ""1"", ""baseline_2optgreed_passes_per_route"": ""2,2,3,3,4"", ""baseline_2optgreed_sum"": ""1332.417731"", ""baseline_2optgreed_used_as_best"": ""false"", ""best_minsum_max"": ""471.802111"", ""best_minsum_sum"": ""887.326081"", ""candidate_count_global"": ""22"", ""candidate_count_local"": ""14"", ""effective_total_ms"": ""9800"", ""final_2opt_cap_ms"": ""9587"", ""final_2opt_elapsed_ms"": ""0"", ""inter_broken_by"": ""none"", ""inter_budget_ms"": ""2450"", ""inter_iters"": ""18"", ""inter_oropt_accepts"": ""3"", ""inter_relocate_accepts"": ""15"", ""inter_swap_accepts"": ""0"", ""node_count"": ""100"", ""omp_max_threads"": ""14"", ""omp_polish"": ""true"", ""phase8_accepts"": ""0"", ""phase8_iters"": ""0"", ""polish_phase_budget_ms"": ""3430"", ""popmusic_solutions"": ""0"", ""salesman_count"": ""5"", ""seed"": ""42"", ""seed_chosen"": ""savings"", ""seed_fast_sum"": ""1683.189209"", ""seed_minsum"": ""1303.983370"", ""seed_polar_sum"": ""1954.924885"", ""seed_rr_sum"": ""1433.013985"", ""seed_savings_sum"": ""1303.983370"", ""total_elapsed_ms"": ""13""}, ""name"": ""lkh-wrapper-v20"", ""objective"": 887.3260811767022, ""status"": ""ok"", ""time"": 0.013579, ""valid"": true}]","[[0, 48, 70, 38, 44, 80, 33, 77, 95, 46, 61, 88, 43, 73, 5, 94, 82, 51, 68, 4, 25, 93, 42, 47, 60, 27, 81, 50, 40, 15, 58, 78, 56, 31, 34, 13, 99, 3, 10, 45, 29, 39, 74, 72, 62, 21, 59, 20, 16, 28, 22, 53, 26, 6, 0], [0, 7, 19, 71, 55, 32, 37, 87, 79, 63, 14, 18, 8, 76, 69, 2, 52, 54, 65, 24, 89, 9, 30, 67, 49, 12, 57, 92, 98, 0], [0, 1, 36, 84, 23, 66, 90, 97, 11, 85, 64, 17, 75, 35, 41, 96, 86, 83, 91, 0], [0, 0], [0, 0]]"
uniform,n100_m5_r02.txt,data\mtsp\stratum1_small\n100_m5_r02.txt,100,5,lkh-wrapper-v21,805.8388856555016,2.32711,2.326983,True,ok,"[{""metadata"": {""after_final_2opt_sum"": ""887.326081"", ""after_inter_snapshot"": ""true"", ""after_inter_sum"": ""940.536719"", ""after_inter_valid"": ""true"", ""after_inter_validation_code"": ""0"", ""after_polish2_sum"": ""887.326081"", ""after_polish_sum"": ""1120.403086"", ""baseline_2optgreed_budget_ms"": ""7800"", ""baseline_2optgreed_ms"": ""1"", ""baseline_2optgreed_passes_per_route"": ""2,2,3,3,4"", ""baseline_2optgreed_sum"": ""1332.417731"", ""baseline_2optgreed_used_as_best"": ""false"", ""best_minsum_max"": ""805.838886"", ""best_minsum_sum"": ""805.838886"", ""candidate_count_global"": ""22"", ""candidate_count_local"": ""14"", ""effective_total_ms"": ""9800"", ""final_2opt_cap_ms"": ""9585"", ""final_2opt_elapsed_ms"": ""0"", ""inter_broken_by"": ""none"", ""inter_budget_ms"": ""2450"", ""inter_iters"": ""18"", ""inter_oropt_accepts"": ""3"", ""inter_relocate_accepts"": ""15"", ""inter_swap_accepts"": ""0"", ""node_count"": ""100"", ""omp_max_threads"": ""14"", ""omp_polish"": ""true"", ""phase8_accepts"": ""0"", ""phase8_iters"": ""0"", ""phase9_accepts"": ""1114"", ""phase9_best_updates"": ""28"", ""phase9_first_delta"": ""0.000"", ""phase9_iters"": ""5000"", ""phase9_last_delta"": ""-15.704"", ""phase9_reserve_ms"": ""3000"", ""phase9_total_delta"": ""81.487196"", ""polish_phase_budget_ms"": ""3430"", ""popmusic_solutions"": ""0"", ""salesman_count"": ""5"", ""seed"": ""42"", ""seed_chosen"": ""savings"", ""seed_fast_sum"": ""1683.189209"", ""seed_minsum"": ""1303.983370"", ""seed_polar_sum"": ""1954.924885"", ""seed_rr_sum"": ""1433.013985"", ""seed_savings_sum"": ""1303.983370"", ""total_elapsed_ms"": ""2326""}, ""name"": ""lkh-wrapper-v21"", ""objective"": 805.8388856555016, ""status"": ""ok"", ""time"": 2.326983, ""valid"": true}]","[[0, 98, 19, 92, 48, 70, 38, 44, 42, 47, 93, 25, 4, 68, 82, 94, 51, 5, 73, 43, 80, 88, 61, 46, 95, 33, 77, 12, 57, 49, 67, 30, 9, 89, 65, 24, 71, 55, 14, 18, 54, 52, 2, 69, 76, 8, 79, 63, 32, 37, 87, 28, 22, 53, 16, 20, 59, 21, 62, 72, 74, 39, 29, 45, 10, 3, 99, 13, 34, 31, 56, 78, 86, 96, 41, 35, 75, 17, 64, 85, 11, 97, 90, 66, 23, 84, 58, 15, 40, 50, 81, 27, 60, 36, 1, 83, 91, 6, 26, 7, 0], [0, 0], [0, 0], [0, 0], [0, 0]]"
uniform,n100_m5_r03.txt,data\mtsp\stratum1_small\n100_m5_r03.txt,100,5,rand+nn,2065.5602283224316,6.6e-05,3.9e-05,True,ok,"[{""name"": ""rand+nn"", ""objective"": 2065.5602283224316, ""status"": ""ok"", ""time"": 3.9e-05, ""valid"": true}]","[[0, 84, 17, 52, 99, 9, 5, 13, 48, 82, 81, 65, 10, 98, 90, 6, 54, 3, 1, 77, 34, 0], [0, 91, 24, 36, 8, 92, 12, 66, 43, 14, 53, 7, 87, 63, 46, 11, 25, 71, 70, 20, 76, 0], [0, 74, 96, 33, 44, 21, 72, 59, 22, 30, 61, 93, 58, 55, 16, 18, 29, 39, 40, 19, 23, 0], [0, 41, 37, 51, 35, 60, 50, 85, 15, 79, 75, 56, 88, 78, 27, 42, 28, 69, 2, 80, 62, 0], [0, 68, 38, 45, 32, 64, 49, 57, 83, 31, 89, 94, 97, 86, 67, 4, 47, 73, 26, 95, 0]]"
uniform,n100_m5_r03.txt,data\mtsp\stratum1_small\n100_m5_r03.txt,100,5,2opt+greed,1300.9065962105628,0.000178,0.000137,True,ok,"[{""name"": ""2opt+greed"", ""objective"": 1300.9065962105628, ""status"": ""ok"", ""time"": 0.000137, ""valid"": true}]","[[0, 41, 84, 35, 61, 1, 77, 73, 34, 93, 76, 58, 17, 55, 75, 16, 71, 48, 4, 13, 40, 0], [0, 68, 96, 69, 36, 33, 12, 6, 44, 54, 57, 2, 90, 83, 23, 89, 94, 43, 19, 31, 98, 0], [0, 74, 97, 53, 7, 86, 78, 81, 88, 87, 39, 9, 5, 11, 46, 29, 52, 15, 85, 99, 63, 0], [0, 91, 24, 38, 45, 32, 72, 3, 95, 60, 50, 47, 20, 79, 25, 18, 56, 70, 67, 82, 14, 0], [0, 37, 51, 8, 21, 64, 62, 59, 26, 22, 49, 30, 80, 92, 66, 65, 10, 27, 42, 28, 0]]"
uniform,n100_m5_r03.txt,data\mtsp\stratum1_small\n100_m5_r03.txt,100,5,lkh3-baseline,818.0222527080459,0.47452,0.474461,True,ok,"[{""metadata"": {""artifacts_dir"": ""C:\\Users\\ddkup\\AppData\\Local\\Temp\\mtsp_lkh3_baseline_runs\\run_1778080393020_38080_0"", ""exit_code"": ""0"", ""lkh3_wsl_bin"": ""/home/ddkup/bin/LKH"", ""objective_mode"": ""MINSUM"", ""output_tour_file"": ""C:\\Users\\ddkup\\AppData\\Local\\Temp\\mtsp_lkh3_baseline_runs\\run_1778080393020_38080_0\\output.tour"", ""params_file"": ""C:\\Users\\ddkup\\AppData\\Local\\Temp\\mtsp_lkh3_baseline_runs\\run_1778080393020_38080_0\\params.par"", ""params_wsl_path"": ""/mnt/c/Users/ddkup/AppData/Local/Temp/mtsp_lkh3_baseline_runs/run_1778080393020_38080_0/params.par"", ""problem_file"": ""C:\\Users\\ddkup\\AppData\\Local\\Temp\\mtsp_lkh3_baseline_runs\\run_1778080393020_38080_0\\problem.tsp"", ""result_file"": ""C:\\Users\\ddkup\\AppData\\Local\\Temp\\mtsp_lkh3_baseline_runs\\run_1778080393020_38080_0\\result.txt"", ""stderr_log"": ""C:\\Users\\ddkup\\AppData\\Local\\Temp\\mtsp_lkh3_baseline_runs\\run_1778080393020_38080_0\\stderr.log"", ""stdout_log"": ""C:\\Users\\ddkup\\AppData\\Local\\Temp\\mtsp_lkh3_baseline_runs\\run_1778080393020_38080_0\\stdout.log""}, ""name"": ""lkh3-baseline"", ""objective"": 818.0222527080459, ""status"": ""ok"", ""time"": 0.474461, ""valid"": true}]","[[0, 41, 0], [0, 85, 15, 52, 99, 63, 27, 42, 28, 10, 65, 66, 98, 31, 19, 43, 23, 89, 94, 14, 97, 40, 53, 7, 86, 78, 81, 88, 87, 39, 82, 9, 29, 79, 25, 46, 11, 5, 13, 67, 4, 48, 70, 56, 71, 18, 16, 75, 55, 20, 17, 47, 58, 76, 50, 34, 73, 77, 1, 61, 60, 93, 35, 51, 84, 37, 0], [0, 96, 69, 36, 33, 12, 6, 44, 83, 90, 2, 54, 57, 92, 80, 30, 49, 22, 3, 59, 26, 95, 62, 72, 64, 32, 21, 45, 8, 38, 24, 91, 0], [0, 74, 0], [0, 68, 0]]"
uniform,n100_m5_r03.txt,data\mtsp\stratum1_small\n100_m5_r03.txt,100,5,lkh-wrapper-v20,823.9044921404458,0.010351,0.010289,True,ok,"[{""metadata"": {""after_final_2opt_sum"": ""823.904492"", ""after_inter_snapshot"": ""true"", ""after_inter_sum"": ""837.447377"", ""after_inter_valid"": ""true"", ""after_inter_validation_code"": ""0"", ""after_polish2_sum"": ""834.080258"", ""after_polish_sum"": ""1079.003985"", ""baseline_2optgreed_budget_ms"": ""7800"", ""baseline_2optgreed_ms"": ""1"", ""baseline_2optgreed_passes_per_route"": ""2,3,2,1,2"", ""baseline_2optgreed_sum"": ""1300.906596"", ""baseline_2optgreed_used_as_best"": ""false"", ""best_minsum_max"": ""765.092890"", ""best_minsum_sum"": ""823.904492"", ""candidate_count_global"": ""22"", ""candidate_count_local"": ""14"", ""effective_total_ms"": ""9800"", ""final_2opt_cap_ms"": ""9590"", ""final_2opt_elapsed_ms"": ""0"", ""inter_broken_by"": ""none"", ""inter_budget_ms"": ""2450"", ""inter_iters"": ""9"", ""inter_oropt_accepts"": ""1"", ""inter_relocate_accepts"": ""8"", ""inter_swap_accepts"": ""0"", ""node_count"": ""100"", ""omp_max_threads"": ""14"", ""omp_polish"": ""true"", ""phase8_accepts"": ""0"", ""phase8_iters"": ""0"", ""polish_phase_budget_ms"": ""3430"", ""popmusic_solutions"": ""0"", ""salesman_count"": ""5"", ""seed"": ""42"", ""seed_chosen"": ""savings"", ""seed_fast_sum"": ""1550.501939"", ""seed_minsum"": ""1182.760292"", ""seed_polar_sum"": ""1880.922001"", ""seed_rr_sum"": ""1332.521784"", ""seed_savings_sum"": ""1182.760292"", ""total_elapsed_ms"": ""10""}, ""name"": ""lkh-wrapper-v20"", ""objective"": 823.9044921404458, ""status"": ""ok"", ""time"": 0.010289, ""valid"": true}]","[[0, 68, 96, 24, 91, 8, 38, 69, 36, 33, 12, 66, 65, 10, 28, 42, 27, 78, 9, 29, 5, 11, 46, 79, 25, 16, 75, 18, 71, 56, 70, 48, 4, 67, 13, 82, 39, 87, 88, 81, 86, 7, 53, 40, 97, 43, 14, 94, 89, 23, 19, 98, 31, 83, 90, 2, 44, 6, 54, 57, 92, 80, 30, 49, 22, 21, 45, 32, 64, 72, 62, 3, 59, 95, 26, 60, 61, 1, 77, 73, 34, 50, 55, 20, 17, 47, 58, 76, 93, 35, 51, 37, 84, 41, 0], [0, 0], [0, 85, 15, 52, 99, 63, 74, 0], [0, 0], [0, 0]]"
uniform,n100_m5_r03.txt,data\mtsp\stratum1_small\n100_m5_r03.txt,100,5,lkh-wrapper-v21,783.0236802430933,1.682762,1.682604,True,ok,"[{""metadata"": {""after_final_2opt_sum"": ""823.904492"", ""after_inter_snapshot"": ""true"", ""after_inter_sum"": ""837.447377"", ""after_inter_valid"": ""true"", ""after_inter_validation_code"": ""0"", ""after_polish2_sum"": ""834.080258"", ""after_polish_sum"": ""1079.003985"", ""baseline_2optgreed_budget_ms"": ""7800"", ""baseline_2optgreed_ms"": ""1"", ""baseline_2optgreed_passes_per_route"": ""2,3,2,1,2"", ""baseline_2optgreed_sum"": ""1300.906596"", ""baseline_2optgreed_used_as_best"": ""false"", ""best_minsum_max"": ""783.023680"", ""best_minsum_sum"": ""783.023680"", ""candidate_count_global"": ""22"", ""candidate_count_local"": ""14"", ""effective_total_ms"": ""9800"", ""final_2opt_cap_ms"": ""9589"", ""final_2opt_elapsed_ms"": ""0"", ""inter_broken_by"": ""none"", ""inter_budget_ms"": ""2450"", ""inter_iters"": ""9"", ""inter_oropt_accepts"": ""1"", ""inter_relocate_accepts"": ""8"", ""inter_swap_accepts"": ""0"", ""node_count"": ""100"", ""omp_max_threads"": ""14"", ""omp_polish"": ""true"", ""phase8_accepts"": ""0"", ""phase8_iters"": ""0"", ""phase9_accepts"": ""1141"", ""phase9_best_updates"": ""17"", ""phase9_first_delta"": ""0.000"", ""phase9_iters"": ""5000"", ""phase9_last_delta"": ""-12.093"", ""phase9_reserve_ms"": ""3000"", ""phase9_total_delta"": ""40.880812"", ""polish_phase_budget_ms"": ""3430"", ""popmusic_solutions"": ""0"", ""salesman_count"": ""5"", ""seed"": ""42"", ""seed_chosen"": ""savings"", ""seed_fast_sum"": ""1550.501939"", ""seed_minsum"": ""1182.760292"", ""seed_polar_sum"": ""1880.922001"", ""seed_rr_sum"": ""1332.521784"", ""seed_savings_sum"": ""1182.760292"", ""total_elapsed_ms"": ""1682""}, ""name"": ""lkh-wrapper-v21"", ""objective"": 783.0236802430933, ""status"": ""ok"", ""time"": 1.682604, ""valid"": true}]","[[0, 74, 68, 96, 69, 36, 33, 12, 6, 44, 83, 90, 2, 54, 57, 92, 80, 30, 49, 22, 3, 59, 26, 95, 62, 72, 64, 32, 21, 45, 8, 38, 24, 91, 37, 84, 51, 35, 93, 60, 61, 1, 77, 73, 34, 50, 76, 58, 55, 47, 17, 20, 79, 29, 5, 11, 46, 25, 16, 75, 18, 71, 56, 70, 48, 4, 67, 13, 9, 82, 39, 87, 88, 81, 78, 86, 7, 53, 40, 97, 14, 94, 89, 23, 43, 19, 31, 98, 66, 65, 10, 28, 42, 27, 63, 99, 52, 15, 85, 41, 0], [0, 0], [0, 0], [0, 0], [0, 0]]"
uniform,n100_m7_r01.txt,data\mtsp\stratum1_small\n100_m7_r01.txt,100,7,rand+nn,2629.468836785933,6.8e-05,3.9e-05,True,ok,"[{""name"": ""rand+nn"", ""objective"": 2629.468836785933, ""status"": ""ok"", ""time"": 3.9e-05, ""valid"": true}]","[[0, 27, 38, 30, 10, 76, 67, 99, 63, 19, 78, 3, 39, 25, 89, 75, 0], [0, 81, 62, 47, 33, 50, 74, 36, 93, 5, 86, 82, 66, 46, 80, 0], [0, 69, 64, 24, 85, 96, 59, 55, 49, 26, 90, 35, 7, 71, 52, 0], [0, 12, 34, 95, 53, 56, 54, 13, 83, 72, 41, 21, 60, 22, 32, 0], [0, 1, 11, 48, 40, 42, 20, 37, 97, 73, 88, 98, 45, 16, 92, 0], [0, 4, 17, 9, 61, 31, 91, 6, 28, 23, 87, 68, 18, 51, 43, 0], [0, 58, 44, 77, 29, 15, 84, 70, 94, 8, 2, 65, 14, 79, 57, 0]]"
uniform,n100_m7_r01.txt,data\mtsp\stratum1_small\n100_m7_r01.txt,100,7,2opt+greed,1427.5521012000506,0.000155,0.000126,True,ok,"[{""name"": ""2opt+greed"", ""objective"": 1427.5521012000506, ""status"": ""ok"", ""time"": 0.000126, ""valid"": true}]","[[0, 1, 58, 37, 23, 71, 12, 3, 88, 33, 98, 78, 19, 6, 50, 32, 0], [0, 4, 77, 27, 26, 82, 20, 15, 43, 83, 72, 92, 79, 16, 8, 0], [0, 11, 49, 40, 61, 10, 31, 57, 41, 21, 65, 2, 75, 91, 74, 0], [0, 9, 29, 86, 38, 52, 42, 30, 66, 46, 80, 60, 14, 55, 59, 0], [0, 7, 73, 87, 68, 5, 95, 34, 39, 97, 44, 93, 36, 99, 69, 0], [0, 81, 48, 94, 85, 96, 45, 63, 24, 47, 62, 28, 67, 64, 76, 0], [0, 17, 90, 54, 89, 13, 51, 18, 35, 84, 56, 53, 70, 25, 22, 0]]"
uniform,n100_m7_r01.txt,data\mtsp\stratum1_small\n100_m7_r01.txt,100,7,lkh3-baseline,841.5631045246084,0.453975,0.453924,True,ok,"[{""metadata"": {""artifacts_dir"": ""C:\\Users\\ddkup\\AppData\\Local\\Temp\\mtsp_lkh3_baseline_runs\\run_1778080395343_5272_0"", ""exit_code"": ""0"", ""lkh3_wsl_bin"": ""/home/ddkup/bin/LKH"", ""objective_mode"": ""MINSUM"", ""output_tour_file"": ""C:\\Users\\ddkup\\AppData\\Local\\Temp\\mtsp_lkh3_baseline_runs\\run_1778080395343_5272_0\\output.tour"", ""params_file"": ""C:\\Users\\ddkup\\AppData\\Local\\Temp\\mtsp_lkh3_baseline_runs\\run_1778080395343_5272_0\\params.par"", ""params_wsl_path"": ""/mnt/c/Users/ddkup/AppData/Local/Temp/mtsp_lkh3_baseline_runs/run_1778080395343_5272_0/params.par"", ""problem_file"": ""C:\\Users\\ddkup\\AppData\\Local\\Temp\\mtsp_lkh3_baseline_runs\\run_1778080395343_5272_0\\problem.tsp"", ""result_file"": ""C:\\Users\\ddkup\\AppData\\Local\\Temp\\mtsp_lkh3_baseline_runs\\run_1778080395343_5272_0\\result.txt"", ""stderr_log"": ""C:\\Users\\ddkup\\AppData\\Local\\Temp\\mtsp_lkh3_baseline_runs\\run_1778080395343_5272_0\\stderr.log"", ""stdout_log"": ""C:\\Users\\ddkup\\AppData\\Local\\Temp\\mtsp_lkh3_baseline_runs\\run_1778080395343_5272_0\\stdout.log""}, ""name"": ""lkh3-baseline"", ""objective"": 841.5631045246084, ""status"": ""ok"", ""time"": 0.453924, ""valid"": true}]","[[0, 1, 0], [0, 17, 77, 90, 26, 86, 27, 29, 9, 0], [0, 69, 0], [0, 81, 48, 0], [0, 58, 37, 23, 44, 93, 36, 62, 28, 47, 24, 64, 67, 76, 94, 8, 91, 55, 74, 59, 22, 85, 99, 96, 63, 32, 50, 45, 6, 19, 78, 98, 33, 88, 3, 12, 71, 97, 34, 39, 5, 68, 87, 73, 95, 7, 25, 70, 53, 56, 84, 35, 18, 51, 13, 89, 54, 43, 15, 20, 82, 38, 52, 42, 83, 30, 66, 46, 72, 80, 92, 60, 79, 14, 75, 16, 2, 65, 21, 41, 57, 31, 10, 61, 40, 49, 0], [0, 11, 0], [0, 4, 0]]"
uniform,n100_m7_r01.txt,data\mtsp\stratum1_small\n100_m7_r01.txt,100,7,lkh-wrapper-v20,812.0925703438235,0.01611,0.015975,True,ok,"[{""metadata"": {""after_final_2opt_sum"": ""812.147393"", ""after_inter_snapshot"": ""true"", ""after_inter_sum"": ""838.115727"", ""after_inter_valid"": ""true"", ""after_inter_validation_code"": ""0"", ""after_polish2_sum"": ""820.185074"", ""after_polish_sum"": ""1146.006115"", ""baseline_2optgreed_budget_ms"": ""7800"", ""baseline_2optgreed_ms"": ""1"", ""baseline_2optgreed_passes_per_route"": ""2,1,2,2,2,3,3"", ""baseline_2optgreed_sum"": ""1427.552101"", ""baseline_2optgreed_used_as_best"": ""false"", ""best_minsum_max"": ""661.509365"", ""best_minsum_sum"": ""812.092570"", ""candidate_count_global"": ""22"", ""candidate_count_local"": ""14"", ""effective_total_ms"": ""9800"", ""final_2opt_cap_ms"": ""9585"", ""final_2opt_elapsed_ms"": ""0"", ""inter_broken_by"": ""none"", ""inter_budget_ms"": ""2450"", ""inter_iters"": ""18"", ""inter_oropt_accepts"": ""2"", ""inter_relocate_accepts"": ""16"", ""inter_swap_accepts"": ""0"", ""node_count"": ""100"", ""omp_max_threads"": ""14"", ""omp_polish"": ""true"", ""phase8_accepts"": ""1"", ""phase8_iters"": ""1"", ""polish_phase_budget_ms"": ""3430"", ""popmusic_solutions"": ""0"", ""salesman_count"": ""7"", ""seed"": ""42"", ""seed_chosen"": ""savings"", ""seed_fast_sum"": ""1665.387916"", ""seed_minsum"": ""1258.307076"", ""seed_polar_sum"": ""2135.544132"", ""seed_rr_sum"": ""1486.087513"", ""seed_savings_sum"": ""1258.307076"", ""total_elapsed_ms"": ""15""}, ""name"": ""lkh-wrapper-v20"", ""objective"": 812.0925703438235, ""status"": ""ok"", ""time"": 0.015975, ""valid"": true}]","[[0, 81, 48, 8, 94, 76, 67, 64, 24, 47, 28, 62, 36, 93, 44, 23, 37, 58, 69, 4, 0], [0, 1, 9, 29, 27, 17, 77, 90, 26, 86, 82, 38, 66, 30, 83, 42, 52, 15, 20, 43, 89, 13, 54, 51, 18, 35, 84, 56, 53, 70, 25, 7, 34, 95, 73, 87, 68, 5, 39, 97, 71, 12, 3, 88, 33, 98, 78, 19, 6, 45, 50, 32, 63, 99, 85, 96, 22, 59, 74, 55, 91, 16, 21, 65, 2, 75, 14, 79, 60, 92, 41, 57, 80, 72, 46, 10, 31, 61, 40, 49, 11, 0], [0, 0], [0, 0], [0, 0], [0, 0], [0, 0]]"
uniform,n100_m7_r01.txt,data\mtsp\stratum1_small\n100_m7_r01.txt,100,7,lkh-wrapper-v21,775.4148222729815,2.511753,2.511616,True,ok,"[{""metadata"": {""after_final_2opt_sum"": ""812.147393"", ""after_inter_snapshot"": ""true"", ""after_inter_sum"": ""838.115727"", ""after_inter_valid"": ""true"", ""after_inter_validation_code"": ""0"", ""after_polish2_sum"": ""820.185074"", ""after_polish_sum"": ""1146.006115"", ""baseline_2optgreed_budget_ms"": ""7800"", ""baseline_2optgreed_ms"": ""1"", ""baseline_2optgreed_passes_per_route"": ""2,1,2,2,2,3,3"", ""baseline_2optgreed_sum"": ""1427.552101"", ""baseline_2optgreed_used_as_best"": ""false"", ""best_minsum_max"": ""775.414822"", ""best_minsum_sum"": ""775.414822"", ""candidate_count_global"": ""22"", ""candidate_count_local"": ""14"", ""effective_total_ms"": ""9800"", ""final_2opt_cap_ms"": ""9585"", ""final_2opt_elapsed_ms"": ""0"", ""inter_broken_by"": ""none"", ""inter_budget_ms"": ""2450"", ""inter_iters"": ""18"", ""inter_oropt_accepts"": ""2"", ""inter_relocate_accepts"": ""16"", ""inter_swap_accepts"": ""0"", ""node_count"": ""100"", ""omp_max_threads"": ""14"", ""omp_polish"": ""true"", ""phase8_accepts"": ""1"", ""phase8_iters"": ""1"", ""phase9_accepts"": ""1078"", ""phase9_best_updates"": ""16"", ""phase9_first_delta"": ""-3.225"", ""phase9_iters"": ""5000"", ""phase9_last_delta"": ""6.412"", ""phase9_reserve_ms"": ""3000"", ""phase9_total_delta"": ""36.677748"", ""polish_phase_budget_ms"": ""3430"", ""popmusic_solutions"": ""0"", ""salesman_count"": ""7"", ""seed"": ""42"", ""seed_chosen"": ""savings"", ""seed_fast_sum"": ""1665.387916"", ""seed_minsum"": ""1258.307076"", ""seed_polar_sum"": ""2135.544132"", ""seed_rr_sum"": ""1486.087513"", ""seed_savings_sum"": ""1258.307076"", ""total_elapsed_ms"": ""2511""}, ""name"": ""lkh-wrapper-v21"", ""objective"": 775.4148222729815, ""status"": ""ok"", ""time"": 2.511616, ""valid"": true}]","[[0, 0], [0, 11, 81, 48, 69, 58, 37, 23, 44, 93, 36, 62, 28, 47, 24, 64, 67, 76, 94, 8, 91, 55, 74, 59, 22, 85, 99, 96, 63, 32, 50, 45, 6, 19, 78, 98, 33, 88, 3, 12, 71, 97, 34, 39, 5, 68, 87, 73, 95, 7, 25, 70, 53, 56, 84, 35, 18, 51, 13, 89, 54, 43, 15, 20, 82, 38, 52, 42, 83, 30, 66, 46, 72, 80, 92, 60, 79, 14, 75, 16, 2, 65, 21, 41, 57, 31, 10, 61, 40, 49, 9, 29, 27, 86, 26, 90, 77, 17, 4, 1, 0], [0, 0], [0, 0], [0, 0], [0, 0], [0, 0]]"
uniform,n100_m7_r02.txt,data\mtsp\stratum1_small\n100_m7_r02.txt,100,7,rand+nn,2502.061730378854,7.4e-05,4.4e-05,True,ok,"[{""name"": ""rand+nn"", ""objective"": 2502.061730378854, ""status"": ""ok"", ""time"": 4.4e-05, ""valid"": true}]","[[0, 67, 10, 30, 89, 75, 63, 39, 25, 76, 38, 78, 19, 99, 27, 3, 0], [0, 47, 62, 82, 46, 50, 93, 86, 66, 5, 81, 36, 33, 74, 80, 0], [0, 71, 52, 69, 24, 85, 35, 26, 59, 7, 49, 90, 64, 55, 96, 0], [0, 54, 95, 56, 32, 12, 41, 34, 72, 60, 13, 21, 83, 22, 53, 0], [0, 37, 88, 16, 45, 92, 48, 40, 73, 42, 1, 11, 20, 97, 98, 0], [0, 4, 6, 51, 23, 18, 9, 31, 43, 17, 61, 68, 91, 28, 87, 0], [0, 70, 44, 58, 14, 65, 29, 15, 8, 94, 2, 77, 79, 57, 84, 0]]"
uniform,n100_m7_r02.txt,data\mtsp\stratum1_small\n100_m7_r02.txt,100,7,2opt+greed,1550.6135166256745,0.000194,0.000137,True,ok,"[{""name"": ""2opt+greed"", ""objective"": 1550.6135166256745, ""status"": ""ok"", ""time"": 0.000137, ""valid"": true}]","[[0, 70, 33, 78, 56, 17, 61, 80, 12, 20, 32, 11, 68, 96, 84, 87, 0], [0, 71, 90, 6, 5, 13, 60, 98, 79, 2, 99, 27, 77, 49, 88, 0], [0, 54, 19, 4, 57, 64, 55, 36, 72, 34, 41, 97, 91, 28, 74, 0], [0, 58, 82, 62, 10, 50, 93, 30, 29, 48, 35, 86, 15, 53, 22, 0], [0, 44, 52, 69, 76, 38, 89, 75, 43, 31, 14, 95, 9, 46, 94, 0], [0, 45, 3, 8, 92, 18, 23, 51, 7, 83, 59, 26, 16, 37, 81, 0], [0, 47, 73, 42, 1, 65, 24, 25, 39, 63, 40, 85, 67, 66, 21, 0]]"
uniform,n100_m7_r02.txt,data\mtsp\stratum1_small\n100_m7_r02.txt,100,7,lkh3-baseline,847.7846400656738,0.465988,0.465894,True,ok,"[{""metadata"": {""artifacts_dir"": ""C:\\Users\\ddkup\\AppData\\Local\\Temp\\mtsp_lkh3_baseline_runs\\run_1778080398486_41832_0"", ""exit_code"": ""0"", ""lkh3_wsl_bin"": ""/home/ddkup/bin/LKH"", ""objective_mode"": ""MINSUM"", ""output_tour_file"": ""C:\\Users\\ddkup\\AppData\\Local\\Temp\\mtsp_lkh3_baseline_runs\\run_1778080398486_41832_0\\output.tour"", ""params_file"": ""C:\\Users\\ddkup\\AppData\\Local\\Temp\\mtsp_lkh3_baseline_runs\\run_1778080398486_41832_0\\params.par"", ""params_wsl_path"": ""/mnt/c/Users/ddkup/AppData/Local/Temp/mtsp_lkh3_baseline_runs/run_1778080398486_41832_0/params.par"", ""problem_file"": ""C:\\Users\\ddkup\\AppData\\Local\\Temp\\mtsp_lkh3_baseline_runs\\run_1778080398486_41832_0\\problem.tsp"", ""result_file"": ""C:\\Users\\ddkup\\AppData\\Local\\Temp\\mtsp_lkh3_baseline_runs\\run_1778080398486_41832_0\\result.txt"", ""stderr_log"": ""C:\\Users\\ddkup\\AppData\\Local\\Temp\\mtsp_lkh3_baseline_runs\\run_1778080398486_41832_0\\stderr.log"", ""stdout_log"": ""C:\\Users\\ddkup\\AppData\\Local\\Temp\\mtsp_lkh3_baseline_runs\\run_1778080398486_41832_0\\stdout.log""}, ""name"": ""lkh3-baseline"", ""objective"": 847.7846400656738, ""status"": ""ok"", ""time"": 0.465894, ""valid"": true}]","[[0, 70, 0], [0, 47, 52, 73, 78, 42, 69, 76, 38, 95, 14, 31, 50, 93, 30, 86, 35, 48, 29, 85, 75, 43, 89, 40, 63, 39, 25, 24, 65, 1, 56, 17, 61, 80, 12, 20, 32, 11, 68, 91, 28, 74, 97, 96, 41, 34, 72, 84, 87, 21, 60, 13, 81, 36, 55, 64, 57, 4, 19, 6, 90, 49, 77, 5, 79, 98, 2, 99, 27, 26, 59, 83, 7, 94, 51, 22, 66, 23, 18, 92, 8, 3, 53, 45, 15, 9, 10, 62, 82, 67, 46, 16, 88, 37, 0], [0, 33, 0], [0, 44, 0], [0, 58, 0], [0, 54, 0], [0, 71, 0]]"
uniform,n100_m7_r02.txt,data\mtsp\stratum1_small\n100_m7_r02.txt,100,7,lkh-wrapper-v20,843.189363183517,0.017266,0.017159,True,ok,"[{""metadata"": {""after_final_2opt_sum"": ""844.510748"", ""after_inter_snapshot"": ""true"", ""after_inter_sum"": ""866.106634"", ""after_inter_valid"": ""true"", ""after_inter_validation_code"": ""0"", ""after_polish2_sum"": ""846.067351"", ""after_polish_sum"": ""1142.014204"", ""baseline_2optgreed_budget_ms"": ""7800"", ""baseline_2optgreed_ms"": ""1"", ""baseline_2optgreed_passes_per_route"": ""1,3,3,2,3,2,2"", ""baseline_2optgreed_sum"": ""1550.613517"", ""baseline_2optgreed_used_as_best"": ""false"", ""best_minsum_max"": ""640.750744"", ""best_minsum_sum"": ""843.189363"", ""candidate_count_global"": ""22"", ""candidate_count_local"": ""14"", ""effective_total_ms"": ""9800"", ""final_2opt_cap_ms"": ""9584"", ""final_2opt_elapsed_ms"": ""0"", ""inter_broken_by"": ""none"", ""inter_budget_ms"": ""2450"", ""inter_iters"": ""18"", ""inter_oropt_accepts"": ""2"", ""inter_relocate_accepts"": ""16"", ""inter_swap_accepts"": ""0"", ""node_count"": ""100"", ""omp_max_threads"": ""14"", ""omp_polish"": ""true"", ""phase8_accepts"": ""3"", ""phase8_iters"": ""3"", ""polish_phase_budget_ms"": ""3430"", ""popmusic_solutions"": ""0"", ""salesman_count"": ""7"", ""seed"": ""42"", ""seed_chosen"": ""savings"", ""seed_fast_sum"": ""1679.529200"", ""seed_minsum"": ""1294.718761"", ""seed_polar_sum"": ""1819.593945"", ""seed_rr_sum"": ""1594.502880"", ""seed_savings_sum"": ""1294.718761"", ""total_elapsed_ms"": ""17""}, ""name"": ""lkh-wrapper-v20"", ""objective"": 843.189363183517, ""status"": ""ok"", ""time"": 0.017159, ""valid"": true}]","[[0, 71, 54, 88, 19, 81, 72, 34, 41, 96, 84, 87, 21, 60, 13, 98, 79, 5, 77, 49, 16, 37, 0], [0, 58, 44, 47, 52, 73, 95, 10, 62, 82, 67, 9, 15, 53, 3, 92, 45, 46, 18, 23, 8, 66, 22, 51, 94, 7, 83, 59, 26, 27, 99, 2, 90, 6, 4, 57, 64, 55, 36, 97, 74, 28, 91, 68, 11, 32, 20, 12, 80, 61, 17, 56, 1, 65, 24, 25, 39, 63, 40, 89, 75, 85, 43, 29, 48, 35, 86, 30, 93, 50, 31, 14, 38, 76, 69, 42, 78, 33, 70, 0], [0, 0], [0, 0], [0, 0], [0, 0], [0, 0]]"
uniform,n100_m7_r02.txt,data\mtsp\stratum1_small\n100_m7_r02.txt,100,7,lkh-wrapper-v21,786.4647150775538,2.51399,2.513825,True,ok,"[{""metadata"": {""after_final_2opt_sum"": ""844.510748"", ""after_inter_snapshot"": ""true"", ""after_inter_sum"": ""866.106634"", ""after_inter_valid"": ""true"", ""after_inter_validation_code"": ""0"", ""after_polish2_sum"": ""846.067351"", ""after_polish_sum"": ""1142.014204"", ""baseline_2optgreed_budget_ms"": ""7800"", ""baseline_2optgreed_ms"": ""1"", ""baseline_2optgreed_passes_per_route"": ""1,3,3,2,3,2,2"", ""baseline_2optgreed_sum"": ""1550.613517"", ""baseline_2optgreed_used_as_best"": ""false"", ""best_minsum_max"": ""786.464715"", ""best_minsum_sum"": ""786.464715"", ""candidate_count_global"": ""22"", ""candidate_count_local"": ""14"", ""effective_total_ms"": ""9800"", ""final_2opt_cap_ms"": ""9584"", ""final_2opt_elapsed_ms"": ""0"", ""inter_broken_by"": ""none"", ""inter_budget_ms"": ""2450"", ""inter_iters"": ""18"", ""inter_oropt_accepts"": ""2"", ""inter_relocate_accepts"": ""16"", ""inter_swap_accepts"": ""0"", ""node_count"": ""100"", ""omp_max_threads"": ""14"", ""omp_polish"": ""true"", ""phase8_accepts"": ""3"", ""phase8_iters"": ""3"", ""phase9_accepts"": ""1082"", ""phase9_best_updates"": ""20"", ""phase9_first_delta"": ""0.000"", ""phase9_iters"": ""5000"", ""phase9_last_delta"": ""27.678"", ""phase9_reserve_ms"": ""3000"", ""phase9_total_delta"": ""56.724648"", ""polish_phase_budget_ms"": ""3430"", ""popmusic_solutions"": ""0"", ""salesman_count"": ""7"", ""seed"": ""42"", ""seed_chosen"": ""savings"", ""seed_fast_sum"": ""1679.529200"", ""seed_minsum"": ""1294.718761"", ""seed_polar_sum"": ""1819.593945"", ""seed_rr_sum"": ""1594.502880"", ""seed_savings_sum"": ""1294.718761"", ""total_elapsed_ms"": ""2513""}, ""name"": ""lkh-wrapper-v21"", ""objective"": 786.4647150775538, ""status"": ""ok"", ""time"": 2.513825, ""valid"": true}]","[[0, 71, 54, 37, 88, 19, 4, 6, 90, 49, 77, 5, 79, 98, 2, 99, 27, 26, 59, 83, 7, 94, 51, 22, 66, 23, 18, 92, 8, 3, 53, 45, 15, 9, 46, 16, 67, 82, 10, 62, 58, 44, 47, 52, 73, 78, 42, 69, 76, 38, 95, 14, 31, 50, 93, 30, 86, 35, 48, 29, 85, 75, 43, 89, 40, 63, 39, 25, 24, 65, 1, 56, 17, 61, 80, 12, 20, 32, 11, 68, 91, 28, 74, 97, 96, 41, 34, 72, 84, 87, 21, 60, 13, 81, 57, 64, 55, 36, 33, 70, 0], [0, 0], [0, 0], [0, 0], [0, 0], [0, 0], [0, 0]]"
uniform,n100_m7_r03.txt,data\mtsp\stratum1_small\n100_m7_r03.txt,100,7,rand+nn,2591.357743045048,6.2e-05,3.6e-05,True,ok,"[{""name"": ""rand+nn"", ""objective"": 2591.357743045048, ""status"": ""ok"", ""time"": 3.6e-05, ""valid"": true}]","[[0, 89, 76, 25, 3, 67, 38, 10, 27, 63, 75, 99, 39, 30, 19, 78, 0], [0, 80, 81, 33, 82, 46, 62, 47, 74, 66, 93, 36, 5, 50, 86, 0], [0, 59, 90, 85, 52, 55, 26, 69, 35, 71, 96, 49, 64, 24, 7, 0], [0, 21, 13, 22, 53, 83, 72, 12, 60, 54, 41, 32, 56, 95, 34, 0], [0, 1, 88, 40, 37, 92, 48, 98, 73, 11, 20, 97, 16, 45, 42, 0], [0, 51, 28, 6, 31, 9, 68, 17, 43, 87, 23, 4, 18, 91, 61, 0], [0, 15, 14, 79, 44, 2, 84, 94, 58, 29, 65, 77, 8, 70, 57, 0]]"
uniform,n100_m7_r03.txt,data\mtsp\stratum1_small\n100_m7_r03.txt,100,7,2opt+greed,1680.6546799233702,0.00015,0.000117,True,ok,"[{""name"": ""2opt+greed"", ""objective"": 1680.6546799233702, ""status"": ""ok"", ""time"": 0.000117, ""valid"": true}]","[[0, 89, 20, 97, 90, 78, 12, 30, 34, 86, 52, 19, 16, 29, 46, 26, 0], [0, 1, 88, 15, 41, 10, 6, 79, 44, 48, 96, 98, 11, 95, 61, 0], [0, 80, 76, 2, 25, 84, 92, 68, 9, 49, 31, 64, 56, 66, 42, 0], [0, 40, 21, 94, 13, 3, 22, 38, 71, 27, 36, 73, 18, 74, 45, 0], [0, 59, 54, 23, 70, 4, 47, 8, 99, 60, 85, 62, 39, 77, 82, 0], [0, 81, 51, 28, 14, 32, 91, 24, 63, 75, 7, 57, 93, 65, 55, 0], [0, 69, 37, 67, 35, 58, 53, 17, 43, 5, 83, 50, 72, 87, 33, 0]]"
uniform,n100_m7_r03.txt,data\mtsp\stratum1_small\n100_m7_r03.txt,100,7,lkh3-baseline,799.8514688146155,0.46815,0.468109,True,ok,"[{""metadata"": {""artifacts_dir"": ""C:\\Users\\ddkup\\AppData\\Local\\Temp\\mtsp_lkh3_baseline_runs\\run_1778080401646_35976_0"", ""exit_code"": ""0"", ""lkh3_wsl_bin"": ""/home/ddkup/bin/LKH"", ""objective_mode"": ""MINSUM"", ""output_tour_file"": ""C:\\Users\\ddkup\\AppData\\Local\\Temp\\mtsp_lkh3_baseline_runs\\run_1778080401646_35976_0\\output.tour"", ""params_file"": ""C:\\Users\\ddkup\\AppData\\Local\\Temp\\mtsp_lkh3_baseline_runs\\run_1778080401646_35976_0\\params.par"", ""params_wsl_path"": ""/mnt/c/Users/ddkup/AppData/Local/Temp/mtsp_lkh3_baseline_runs/run_1778080401646_35976_0/params.par"", ""problem_file"": ""C:\\Users\\ddkup\\AppData\\Local\\Temp\\mtsp_lkh3_baseline_runs\\run_1778080401646_35976_0\\problem.tsp"", ""result_file"": ""C:\\Users\\ddkup\\AppData\\Local\\Temp\\mtsp_lkh3_baseline_runs\\run_1778080401646_35976_0\\result.txt"", ""stderr_log"": ""C:\\Users\\ddkup\\AppData\\Local\\Temp\\mtsp_lkh3_baseline_runs\\run_1778080401646_35976_0\\stderr.log"", ""stdout_log"": ""C:\\Users\\ddkup\\AppData\\Local\\Temp\\mtsp_lkh3_baseline_runs\\run_1778080401646_35976_0\\stdout.log""}, ""name"": ""lkh3-baseline"", ""objective"": 799.8514688146155, ""status"": ""ok"", ""time"": 0.468109, ""valid"": true}]","[[0, 89, 0], [0, 51, 15, 88, 14, 28, 41, 10, 6, 79, 44, 71, 9, 48, 31, 96, 49, 27, 36, 98, 64, 73, 11, 32, 91, 24, 63, 75, 7, 93, 56, 57, 95, 66, 74, 4, 70, 18, 23, 54, 20, 97, 90, 78, 12, 65, 85, 60, 8, 47, 99, 62, 61, 39, 77, 42, 45, 30, 34, 86, 52, 19, 16, 29, 46, 82, 55, 26, 72, 50, 83, 5, 43, 17, 53, 58, 92, 35, 68, 38, 22, 67, 3, 25, 2, 76, 69, 37, 84, 13, 94, 87, 21, 33, 0], [0, 81, 0], [0, 59, 0], [0, 40, 0], [0, 80, 0], [0, 1, 0]]"
uniform,n100_m7_r03.txt,data\mtsp\stratum1_small\n100_m7_r03.txt,100,7,lkh-wrapper-v20,737.7125277405507,0.01444,0.014347,True,ok,"[{""metadata"": {""after_final_2opt_sum"": ""737.712528"", ""after_inter_snapshot"": ""true"", ""after_inter_sum"": ""750.299562"", ""after_inter_valid"": ""true"", ""after_inter_validation_code"": ""0"", ""after_polish2_sum"": ""750.299562"", ""after_polish_sum"": ""1064.888917"", ""baseline_2optgreed_budget_ms"": ""7800"", ""baseline_2optgreed_ms"": ""1"", ""baseline_2optgreed_passes_per_route"": ""4,2,2,1,1,2,3"", ""baseline_2optgreed_sum"": ""1680.654680"", ""baseline_2optgreed_used_as_best"": ""false"", ""best_minsum_max"": ""737.712528"", ""best_minsum_sum"": ""737.712528"", ""candidate_count_global"": ""22"", ""candidate_count_local"": ""14"", ""effective_total_ms"": ""9800"", ""final_2opt_cap_ms"": ""9586"", ""final_2opt_elapsed_ms"": ""0"", ""inter_broken_by"": ""none"", ""inter_budget_ms"": ""2450"", ""inter_iters"": ""12"", ""inter_oropt_accepts"": ""0"", ""inter_relocate_accepts"": ""12"", ""inter_swap_accepts"": ""0"", ""node_count"": ""100"", ""omp_max_threads"": ""14"", ""omp_polish"": ""true"", ""phase8_accepts"": ""0"", ""phase8_iters"": ""0"", ""polish_phase_budget_ms"": ""3430"", ""popmusic_solutions"": ""0"", ""salesman_count"": ""7"", ""seed"": ""42"", ""seed_chosen"": ""savings"", ""seed_fast_sum"": ""1498.685049"", ""seed_minsum"": ""1237.541016"", ""seed_polar_sum"": ""1946.004378"", ""seed_rr_sum"": ""1712.388904"", ""seed_savings_sum"": ""1237.541016"", ""total_elapsed_ms"": ""14""}, ""name"": ""lkh-wrapper-v20"", ""objective"": 737.7125277405507, ""status"": ""ok"", ""time"": 0.014347, ""valid"": true}]","[[0, 89, 59, 1, 81, 51, 15, 88, 14, 28, 41, 10, 6, 79, 44, 71, 9, 48, 31, 96, 49, 27, 36, 98, 64, 73, 11, 32, 91, 24, 63, 75, 7, 93, 56, 57, 95, 66, 74, 4, 70, 18, 23, 54, 20, 97, 90, 78, 12, 65, 85, 60, 8, 47, 99, 62, 61, 39, 77, 42, 45, 30, 34, 86, 52, 19, 16, 29, 46, 82, 55, 26, 72, 50, 83, 5, 43, 17, 53, 58, 92, 35, 68, 38, 22, 67, 3, 25, 2, 84, 37, 76, 69, 13, 94, 87, 21, 33, 40, 80, 0], [0, 0], [0, 0], [0, 0], [0, 0], [0, 0], [0, 0]]"
uniform,n100_m7_r03.txt,data\mtsp\stratum1_small\n100_m7_r03.txt,100,7,lkh-wrapper-v21,735.1245745008649,2.562624,2.562444,True,ok,"[{""metadata"": {""after_final_2opt_sum"": ""737.712528"", ""after_inter_snapshot"": ""true"", ""after_inter_sum"": ""750.299562"", ""after_inter_valid"": ""true"", ""after_inter_validation_code"": ""0"", ""after_polish2_sum"": ""750.299562"", ""after_polish_sum"": ""1064.888917"", ""baseline_2optgreed_budget_ms"": ""7800"", ""baseline_2optgreed_ms"": ""1"", ""baseline_2optgreed_passes_per_route"": ""4,2,2,1,1,2,3"", ""baseline_2optgreed_sum"": ""1680.654680"", ""baseline_2optgreed_used_as_best"": ""false"", ""best_minsum_max"": ""735.124575"", ""best_minsum_sum"": ""735.124575"", ""candidate_count_global"": ""22"", ""candidate_count_local"": ""14"", ""effective_total_ms"": ""9800"", ""final_2opt_cap_ms"": ""9585"", ""final_2opt_elapsed_ms"": ""0"", ""inter_broken_by"": ""none"", ""inter_budget_ms"": ""2450"", ""inter_iters"": ""12"", ""inter_oropt_accepts"": ""0"", ""inter_relocate_accepts"": ""12"", ""inter_swap_accepts"": ""0"", ""node_count"": ""100"", ""omp_max_threads"": ""14"", ""omp_polish"": ""true"", ""phase8_accepts"": ""0"", ""phase8_iters"": ""0"", ""phase9_accepts"": ""1226"", ""phase9_best_updates"": ""7"", ""phase9_first_delta"": ""0.000"", ""phase9_iters"": ""5000"", ""phase9_last_delta"": ""8.542"", ""phase9_reserve_ms"": ""3000"", ""phase9_total_delta"": ""2.587953"", ""polish_phase_budget_ms"": ""3430"", ""popmusic_solutions"": ""0"", ""salesman_count"": ""7"", ""seed"": ""42"", ""seed_chosen"": ""savings"", ""seed_fast_sum"": ""1498.685049"", ""seed_minsum"": ""1237.541016"", ""seed_polar_sum"": ""1946.004378"", ""seed_rr_sum"": ""1712.388904"", ""seed_savings_sum"": ""1237.541016"", ""total_elapsed_ms"": ""2562""}, ""name"": ""lkh-wrapper-v21"", ""objective"": 735.1245745008649, ""status"": ""ok"", ""time"": 2.562444, ""valid"": true}]","[[0, 80, 81, 51, 15, 88, 14, 28, 41, 10, 6, 79, 44, 71, 9, 48, 31, 96, 49, 27, 36, 98, 64, 73, 11, 32, 91, 24, 63, 75, 7, 93, 56, 57, 95, 66, 74, 4, 70, 18, 23, 54, 20, 97, 90, 78, 12, 65, 85, 60, 8, 47, 99, 62, 61, 39, 77, 42, 45, 30, 34, 86, 52, 19, 16, 29, 46, 82, 55, 26, 72, 50, 83, 5, 43, 17, 53, 58, 92, 35, 68, 38, 22, 67, 3, 25, 2, 76, 69, 37, 84, 13, 94, 87, 21, 33, 40, 59, 1, 89, 0], [0, 0], [0, 0], [0, 0], [0, 0], [0, 0], [0, 0]]"
uniform,n200_m3_r01.txt,data\mtsp\stratum1_small\n200_m3_r01.txt,200,3,rand+nn,2439.123423969816,0.000127,9.8e-05,True,ok,"[{""name"": ""rand+nn"", ""objective"": 2439.123423969816, ""status"": ""ok"", ""time"": 9.8e-05, ""valid"": true}]","[[0, 2, 173, 165, 103, 191, 41, 10, 112, 33, 194, 62, 14, 43, 124, 170, 8, 166, 109, 80, 6, 53, 37, 115, 158, 114, 48, 126, 19, 51, 69, 67, 135, 169, 39, 104, 199, 152, 122, 35, 172, 38, 32, 87, 5, 121, 136, 31, 187, 141, 138, 156, 71, 179, 66, 83, 89, 180, 54, 94, 120, 15, 189, 21, 178, 93, 11, 145, 0], [0, 125, 193, 150, 100, 190, 185, 17, 196, 195, 68, 148, 163, 25, 90, 22, 117, 157, 16, 184, 46, 20, 119, 91, 176, 192, 132, 110, 44, 28, 123, 186, 131, 7, 118, 197, 78, 130, 56, 108, 102, 159, 98, 50, 29, 149, 160, 77, 45, 52, 96, 63, 73, 143, 146, 57, 161, 64, 18, 74, 75, 177, 86, 99, 188, 12, 116, 0], [0, 9, 72, 42, 151, 1, 128, 129, 61, 84, 60, 40, 127, 85, 81, 95, 183, 147, 113, 55, 59, 111, 70, 168, 23, 30, 76, 164, 47, 175, 36, 133, 4, 3, 58, 142, 105, 107, 154, 79, 167, 34, 88, 92, 13, 106, 65, 181, 139, 174, 82, 97, 140, 198, 134, 137, 171, 101, 24, 153, 182, 26, 49, 27, 155, 144, 162, 0]]"
uniform,n200_m3_r01.txt,data\mtsp\stratum1_small\n200_m3_r01.txt,200,3,2opt+greed,1467.214671037312,0.000606,0.00057,True,ok,"[{""name"": ""2opt+greed"", ""objective"": 1467.214671037312, ""status"": ""ok"", ""time"": 0.00057, ""valid"": true}]","[[0, 2, 101, 171, 173, 105, 191, 103, 165, 93, 134, 198, 11, 137, 51, 19, 96, 29, 50, 98, 145, 127, 45, 40, 52, 169, 85, 81, 186, 131, 39, 28, 152, 44, 199, 110, 104, 183, 147, 95, 55, 192, 113, 172, 91, 38, 176, 32, 87, 59, 116, 5, 121, 111, 12, 136, 70, 119, 168, 23, 20, 182, 26, 155, 99, 178, 162, 164, 0], [0, 125, 62, 36, 185, 17, 175, 196, 47, 184, 66, 68, 195, 89, 148, 157, 117, 94, 25, 90, 120, 22, 49, 54, 180, 163, 189, 86, 144, 170, 177, 8, 75, 74, 18, 64, 82, 109, 161, 57, 174, 181, 73, 139, 146, 97, 143, 80, 65, 6, 37, 13, 63, 33, 112, 92, 10, 88, 34, 167, 79, 154, 107, 150, 142, 194, 193, 0], [0, 72, 141, 197, 78, 9, 130, 138, 42, 151, 56, 1, 108, 128, 102, 135, 159, 129, 67, 69, 126, 61, 149, 84, 77, 160, 60, 48, 114, 158, 24, 115, 140, 41, 53, 106, 188, 100, 166, 124, 43, 15, 27, 21, 190, 14, 4, 133, 3, 58, 71, 179, 16, 83, 46, 35, 132, 123, 7, 118, 122, 153, 187, 31, 30, 156, 76, 0]]"
uniform,n200_m3_r01.txt,data\mtsp\stratum1_small\n200_m3_r01.txt,200,3,lkh3-baseline,1066.9438004003023,0.645161,0.645101,True,ok,"[{""metadata"": {""artifacts_dir"": ""C:\\Users\\ddkup\\AppData\\Local\\Temp\\mtsp_lkh3_baseline_runs\\run_1778080404855_41564_0"", ""exit_code"": ""0"", ""lkh3_wsl_bin"": ""/home/ddkup/bin/LKH"", ""objective_mode"": ""MINSUM"", ""output_tour_file"": ""C:\\Users\\ddkup\\AppData\\Local\\Temp\\mtsp_lkh3_baseline_runs\\run_1778080404855_41564_0\\output.tour"", ""params_file"": ""C:\\Users\\ddkup\\AppData\\Local\\Temp\\mtsp_lkh3_baseline_runs\\run_1778080404855_41564_0\\params.par"", ""params_wsl_path"": ""/mnt/c/Users/ddkup/AppData/Local/Temp/mtsp_lkh3_baseline_runs/run_1778080404855_41564_0/params.par"", ""problem_file"": ""C:\\Users\\ddkup\\AppData\\Local\\Temp\\mtsp_lkh3_baseline_runs\\run_1778080404855_41564_0\\problem.tsp"", ""result_file"": ""C:\\Users\\ddkup\\AppData\\Local\\Temp\\mtsp_lkh3_baseline_runs\\run_1778080404855_41564_0\\result.txt"", ""stderr_log"": ""C:\\Users\\ddkup\\AppData\\Local\\Temp\\mtsp_lkh3_baseline_runs\\run_1778080404855_41564_0\\stderr.log"", ""stdout_log"": ""C:\\Users\\ddkup\\AppData\\Local\\Temp\\mtsp_lkh3_baseline_runs\\run_1778080404855_41564_0\\stdout.log""}, ""name"": ""lkh3-baseline"", ""objective"": 1066.9438004003023, ""status"": ""ok"", ""time"": 0.645101, ""valid"": true}]","[[0, 2, 0], [0, 72, 141, 197, 7, 118, 153, 122, 35, 132, 147, 95, 183, 104, 110, 199, 44, 152, 28, 39, 123, 169, 85, 81, 186, 131, 55, 192, 113, 172, 91, 38, 176, 32, 87, 59, 116, 5, 121, 111, 12, 136, 70, 119, 168, 23, 20, 46, 31, 187, 30, 156, 76, 164, 71, 184, 179, 66, 16, 83, 182, 26, 157, 117, 94, 25, 90, 120, 22, 49, 21, 27, 15, 189, 155, 99, 86, 178, 144, 162, 163, 54, 180, 89, 148, 68, 195, 47, 196, 175, 17, 36, 133, 185, 4, 14, 190, 43, 124, 170, 74, 18, 75, 177, 8, 166, 100, 3, 62, 58, 193, 194, 142, 150, 105, 173, 101, 171, 165, 103, 191, 107, 154, 41, 79, 167, 34, 88, 10, 92, 112, 33, 63, 13, 109, 82, 64, 161, 57, 174, 146, 97, 188, 143, 139, 181, 73, 80, 6, 65, 106, 53, 37, 140, 198, 134, 93, 137, 11, 115, 24, 158, 114, 48, 60, 160, 77, 45, 40, 52, 127, 145, 149, 84, 50, 61, 29, 126, 96, 51, 19, 69, 67, 129, 98, 159, 135, 102, 128, 108, 1, 56, 151, 42, 78, 138, 130, 9, 0], [0, 125, 0]]"
uniform,n200_m3_r01.txt,data\mtsp\stratum1_small\n200_m3_r01.txt,200,3,lkh-wrapper-v20,1188.1408164562986,0.032299,0.032178,True,ok,"[{""metadata"": {""after_final_2opt_sum"": ""1188.140816"", ""after_inter_snapshot"": ""true"", ""after_inter_sum"": ""1209.422815"", ""after_inter_valid"": ""true"", ""after_inter_validation_code"": ""0"", ""after_polish2_sum"": ""1191.355378"", ""after_polish_sum"": ""1467.214671"", ""baseline_2optgreed_budget_ms"": ""7800"", ""baseline_2optgreed_ms"": ""1"", ""baseline_2optgreed_passes_per_route"": ""4,4,2"", ""baseline_2optgreed_sum"": ""1467.214671"", ""baseline_2optgreed_used_as_best"": ""true"", ""best_minsum_max"": ""457.961363"", ""best_minsum_sum"": ""1188.140816"", ""candidate_count_global"": ""22"", ""candidate_count_local"": ""14"", ""effective_total_ms"": ""9800"", ""final_2opt_cap_ms"": ""9569"", ""final_2opt_elapsed_ms"": ""0"", ""inter_broken_by"": ""none"", ""inter_budget_ms"": ""2450"", ""inter_iters"": ""51"", ""inter_oropt_accepts"": ""4"", ""inter_relocate_accepts"": ""47"", ""inter_swap_accepts"": ""0"", ""node_count"": ""200"", ""omp_max_threads"": ""14"", ""omp_polish"": ""true"", ""phase8_accepts"": ""0"", ""phase8_iters"": ""0"", ""polish_phase_budget_ms"": ""3430"", ""popmusic_solutions"": ""0"", ""salesman_count"": ""3"", ""seed"": ""42"", ""seed_chosen"": ""savings"", ""seed_fast_sum"": ""3764.209200"", ""seed_minsum"": ""1634.413376"", ""seed_polar_sum"": ""3104.783168"", ""seed_rr_sum"": ""1651.612569"", ""seed_savings_sum"": ""1634.413376"", ""total_elapsed_ms"": ""32""}, ""name"": ""lkh-wrapper-v20"", ""objective"": 1188.1408164562986, ""status"": ""ok"", ""time"": 0.032178, ""valid"": true}]","[[0, 125, 58, 62, 3, 185, 178, 86, 99, 155, 189, 15, 27, 21, 49, 22, 120, 90, 25, 94, 117, 157, 26, 182, 20, 23, 168, 119, 70, 136, 12, 111, 121, 5, 116, 59, 87, 32, 176, 38, 91, 172, 113, 192, 55, 95, 147, 183, 104, 110, 199, 44, 152, 28, 39, 131, 186, 123, 81, 85, 169, 52, 127, 145, 98, 67, 69, 96, 19, 51, 137, 11, 198, 134, 93, 103, 165, 173, 171, 101, 2, 0], [0, 193, 194, 142, 150, 105, 191, 107, 154, 10, 63, 13, 106, 37, 53, 65, 6, 80, 143, 188, 97, 146, 139, 73, 181, 174, 57, 161, 109, 82, 64, 18, 74, 75, 8, 177, 170, 144, 162, 163, 54, 180, 89, 148, 68, 195, 47, 196, 175, 0], [0, 72, 141, 197, 78, 9, 130, 138, 42, 151, 56, 1, 108, 128, 102, 135, 159, 129, 126, 29, 61, 50, 149, 84, 45, 40, 77, 160, 60, 48, 114, 158, 24, 115, 140, 41, 79, 167, 34, 88, 112, 33, 92, 100, 166, 124, 43, 190, 14, 4, 133, 36, 17, 164, 71, 184, 179, 66, 16, 83, 46, 35, 132, 7, 118, 122, 153, 187, 31, 30, 156, 76, 0]]"
uniform,n200_m3_r01.txt,data\mtsp\stratum1_small\n200_m3_r01.txt,200,3,lkh-wrapper-v21,1069.9363866100605,3.418213,3.418091,True,ok,"[{""metadata"": {""after_final_2opt_sum"": ""1188.140816"", ""after_inter_snapshot"": ""true"", ""after_inter_sum"": ""1209.422815"", ""after_inter_valid"": ""true"", ""after_inter_validation_code"": ""0"", ""after_polish2_sum"": ""1191.355378"", ""after_polish_sum"": ""1467.214671"", ""baseline_2optgreed_budget_ms"": ""7800"", ""baseline_2optgreed_ms"": ""1"", ""baseline_2optgreed_passes_per_route"": ""4,4,2"", ""baseline_2optgreed_sum"": ""1467.214671"", ""baseline_2optgreed_used_as_best"": ""true"", ""best_minsum_max"": ""536.378025"", ""best_minsum_sum"": ""1069.936387"", ""candidate_count_global"": ""22"", ""candidate_count_local"": ""14"", ""effective_total_ms"": ""9800"", ""final_2opt_cap_ms"": ""9566"", ""final_2opt_elapsed_ms"": ""0"", ""inter_broken_by"": ""none"", ""inter_budget_ms"": ""2450"", ""inter_iters"": ""51"", ""inter_oropt_accepts"": ""4"", ""inter_relocate_accepts"": ""47"", ""inter_swap_accepts"": ""0"", ""node_count"": ""200"", ""omp_max_threads"": ""14"", ""omp_polish"": ""true"", ""phase8_accepts"": ""0"", ""phase8_iters"": ""0"", ""phase9_accepts"": ""1425"", ""phase9_best_updates"": ""46"", ""phase9_first_delta"": ""4.893"", ""phase9_iters"": ""5000"", ""phase9_last_delta"": ""46.367"", ""phase9_reserve_ms"": ""3000"", ""phase9_total_delta"": ""118.204430"", ""polish_phase_budget_ms"": ""3430"", ""popmusic_solutions"": ""0"", ""salesman_count"": ""3"", ""seed"": ""42"", ""seed_chosen"": ""savings"", ""seed_fast_sum"": ""3764.209200"", ""seed_minsum"": ""1634.413376"", ""seed_polar_sum"": ""3104.783168"", ""seed_rr_sum"": ""1651.612569"", ""seed_savings_sum"": ""1634.413376"", ""total_elapsed_ms"": ""3417""}, ""name"": ""lkh-wrapper-v21"", ""objective"": 1069.9363866100605, ""status"": ""ok"", ""time"": 3.418091, ""valid"": true}]","[[0, 72, 197, 141, 187, 31, 153, 118, 7, 122, 35, 132, 147, 95, 183, 104, 110, 199, 44, 152, 28, 39, 123, 169, 85, 81, 186, 131, 55, 192, 113, 172, 91, 38, 176, 32, 87, 59, 116, 5, 121, 111, 12, 136, 70, 119, 168, 23, 20, 46, 30, 156, 76, 164, 71, 184, 179, 66, 16, 83, 182, 26, 157, 117, 94, 25, 90, 120, 22, 49, 21, 27, 15, 189, 155, 99, 86, 178, 144, 162, 163, 54, 180, 89, 148, 68, 195, 47, 196, 175, 17, 36, 133, 185, 4, 190, 14, 3, 62, 58, 125, 0], [0, 2, 101, 171, 173, 105, 150, 142, 193, 194, 100, 166, 124, 43, 170, 177, 8, 75, 74, 18, 64, 82, 109, 161, 57, 174, 146, 97, 188, 143, 139, 181, 73, 80, 6, 65, 53, 37, 106, 13, 63, 33, 112, 92, 10, 88, 34, 167, 79, 41, 154, 107, 191, 103, 165, 93, 137, 134, 198, 11, 140, 115, 24, 158, 114, 48, 60, 160, 77, 45, 40, 52, 127, 145, 149, 84, 50, 61, 29, 126, 96, 51, 19, 69, 67, 129, 98, 159, 135, 102, 128, 108, 1, 56, 151, 42, 78, 138, 130, 9, 0], [0, 0]]"
uniform,n200_m3_r02.txt,data\mtsp\stratum1_small\n200_m3_r02.txt,200,3,rand+nn,2458.127870298383,0.000117,8.9e-05,True,ok,"[{""name"": ""rand+nn"", ""objective"": 2458.127870298383, ""status"": ""ok"", ""time"": 8.9e-05, ""valid"": true}]","[[0, 138, 189, 109, 152, 115, 66, 5, 48, 173, 2, 80, 19, 15, 33, 112, 145, 21, 141, 135, 178, 11, 53, 51, 35, 93, 62, 38, 165, 87, 89, 179, 31, 14, 54, 126, 114, 158, 32, 121, 43, 10, 156, 8, 122, 41, 69, 187, 172, 124, 199, 120, 6, 194, 67, 71, 39, 191, 83, 166, 170, 169, 180, 94, 103, 136, 104, 37, 0], [0, 143, 195, 56, 29, 119, 117, 108, 188, 91, 125, 77, 46, 185, 44, 118, 131, 150, 96, 157, 192, 50, 159, 193, 73, 74, 18, 68, 132, 190, 161, 110, 116, 177, 160, 186, 45, 149, 57, 197, 148, 99, 102, 98, 28, 63, 78, 86, 25, 7, 20, 130, 176, 52, 16, 64, 75, 100, 12, 184, 123, 196, 90, 163, 22, 146, 17, 0], [0, 144, 49, 107, 60, 30, 142, 167, 27, 84, 127, 26, 164, 79, 133, 36, 34, 198, 47, 23, 106, 128, 171, 129, 134, 59, 85, 92, 40, 82, 175, 151, 174, 76, 140, 101, 147, 4, 183, 70, 105, 182, 111, 81, 97, 13, 168, 139, 1, 72, 137, 58, 61, 55, 181, 155, 153, 95, 9, 3, 42, 88, 154, 65, 113, 162, 24, 0]]"
uniform,n200_m3_r02.txt,data\mtsp\stratum1_small\n200_m3_r02.txt,200,3,2opt+greed,1665.2288682393605,0.000624,0.000596,True,ok,"[{""name"": ""2opt+greed"", ""objective"": 1665.2288682393605, ""status"": ""ok"", ""time"": 0.000596, ""valid"": true}]","[[0, 143, 196, 112, 154, 90, 42, 88, 16, 52, 134, 82, 140, 179, 55, 190, 132, 111, 182, 165, 97, 87, 13, 168, 8, 72, 1, 122, 137, 69, 172, 124, 96, 6, 131, 118, 84, 11, 167, 53, 30, 5, 66, 115, 152, 49, 109, 119, 22, 38, 70, 156, 197, 183, 57, 4, 149, 126, 101, 147, 114, 176, 25, 86, 83, 32, 99, 148, 0], [0, 138, 189, 107, 117, 2, 173, 108, 48, 60, 178, 127, 185, 135, 77, 141, 91, 125, 26, 21, 145, 162, 123, 33, 184, 24, 163, 188, 80, 164, 79, 19, 12, 198, 100, 194, 36, 133, 15, 34, 104, 136, 75, 103, 3, 9, 64, 95, 169, 180, 153, 94, 191, 39, 63, 71, 171, 28, 121, 43, 102, 98, 67, 128, 47, 23, 106, 0], [0, 10, 158, 129, 166, 170, 78, 85, 59, 20, 7, 130, 92, 40, 175, 151, 17, 54, 174, 76, 31, 14, 146, 37, 155, 181, 161, 110, 116, 177, 45, 81, 160, 186, 89, 68, 73, 139, 74, 18, 41, 58, 187, 192, 157, 142, 27, 159, 50, 150, 120, 199, 44, 46, 113, 65, 51, 193, 35, 93, 61, 62, 105, 29, 56, 144, 195, 0]]"
uniform,n200_m3_r02.txt,data\mtsp\stratum1_small\n200_m3_r02.txt,200,3,lkh3-baseline,1094.4543822012517,0.937807,0.93774,True,ok,"[{""metadata"": {""artifacts_dir"": ""C:\\Users\\ddkup\\AppData\\Local\\Temp\\mtsp_lkh3_baseline_runs\\run_1778080409111_40920_0"", ""exit_code"": ""0"", ""lkh3_wsl_bin"": ""/home/ddkup/bin/LKH"", ""objective_mode"": ""MINSUM"", ""output_tour_file"": ""C:\\Users\\ddkup\\AppData\\Local\\Temp\\mtsp_lkh3_baseline_runs\\run_1778080409111_40920_0\\output.tour"", ""params_file"": ""C:\\Users\\ddkup\\AppData\\Local\\Temp\\mtsp_lkh3_baseline_runs\\run_1778080409111_40920_0\\params.par"", ""params_wsl_path"": ""/mnt/c/Users/ddkup/AppData/Local/Temp/mtsp_lkh3_baseline_runs/run_1778080409111_40920_0/params.par"", ""problem_file"": ""C:\\Users\\ddkup\\AppData\\Local\\Temp\\mtsp_lkh3_baseline_runs\\run_1778080409111_40920_0\\problem.tsp"", ""result_file"": ""C:\\Users\\ddkup\\AppData\\Local\\Temp\\mtsp_lkh3_baseline_runs\\run_1778080409111_40920_0\\result.txt"", ""stderr_log"": ""C:\\Users\\ddkup\\AppData\\Local\\Temp\\mtsp_lkh3_baseline_runs\\run_1778080409111_40920_0\\stderr.log"", ""stdout_log"": ""C:\\Users\\ddkup\\AppData\\Local\\Temp\\mtsp_lkh3_baseline_runs\\run_1778080409111_40920_0\\stdout.log""}, ""name"": ""lkh3-baseline"", ""objective"": 1094.4543822012517, ""status"": ""ok"", ""time"": 0.93774, ""valid"": true}]","[[0, 143, 0], [0, 10, 148, 99, 121, 43, 102, 98, 106, 23, 47, 128, 67, 71, 63, 171, 28, 32, 158, 176, 114, 147, 101, 126, 140, 149, 4, 57, 183, 197, 156, 70, 38, 105, 62, 22, 61, 93, 35, 193, 51, 142, 53, 30, 5, 66, 152, 115, 60, 48, 108, 173, 2, 188, 26, 125, 91, 21, 163, 145, 141, 77, 46, 135, 178, 127, 185, 44, 84, 118, 11, 167, 27, 159, 50, 199, 120, 131, 6, 150, 96, 124, 157, 192, 172, 187, 69, 58, 137, 41, 18, 74, 73, 139, 122, 1, 72, 8, 168, 68, 13, 87, 97, 165, 182, 111, 45, 177, 116, 160, 81, 186, 89, 132, 190, 55, 181, 155, 37, 161, 179, 110, 76, 31, 146, 14, 174, 54, 17, 151, 175, 40, 82, 92, 130, 20, 7, 25, 86, 134, 59, 52, 85, 16, 88, 42, 3, 9, 64, 95, 153, 180, 169, 170, 78, 166, 83, 129, 39, 191, 94, 103, 75, 136, 104, 34, 90, 154, 112, 196, 65, 33, 113, 123, 162, 24, 184, 15, 164, 80, 79, 19, 133, 36, 194, 100, 198, 12, 117, 107, 189, 49, 109, 119, 29, 56, 144, 195, 0], [0, 138, 0]]"
uniform,n200_m3_r02.txt,data\mtsp\stratum1_small\n200_m3_r02.txt,200,3,lkh-wrapper-v20,1205.2209305995036,0.027511,0.02738,True,ok,"[{""metadata"": {""after_final_2opt_sum"": ""1207.798322"", ""after_inter_snapshot"": ""true"", ""after_inter_sum"": ""1221.398259"", ""after_inter_valid"": ""true"", ""after_inter_validation_code"": ""0"", ""after_polish2_sum"": ""1221.398259"", ""after_polish_sum"": ""1369.739007"", ""baseline_2optgreed_budget_ms"": ""7800"", ""baseline_2optgreed_ms"": ""2"", ""baseline_2optgreed_passes_per_route"": ""5,4,4"", ""baseline_2optgreed_sum"": ""1665.228868"", ""baseline_2optgreed_used_as_best"": ""false"", ""best_minsum_max"": ""763.689236"", ""best_minsum_sum"": ""1205.220931"", ""candidate_count_global"": ""22"", ""candidate_count_local"": ""14"", ""effective_total_ms"": ""9800"", ""final_2opt_cap_ms"": ""9574"", ""final_2opt_elapsed_ms"": ""0"", ""inter_broken_by"": ""none"", ""inter_budget_ms"": ""2450"", ""inter_iters"": ""35"", ""inter_oropt_accepts"": ""1"", ""inter_relocate_accepts"": ""33"", ""inter_swap_accepts"": ""1"", ""node_count"": ""200"", ""omp_max_threads"": ""14"", ""omp_polish"": ""true"", ""phase8_accepts"": ""1"", ""phase8_iters"": ""1"", ""polish_phase_budget_ms"": ""3430"", ""popmusic_solutions"": ""0"", ""salesman_count"": ""3"", ""seed"": ""42"", ""seed_chosen"": ""savings"", ""seed_fast_sum"": ""4479.388056"", ""seed_minsum"": ""1640.158842"", ""seed_polar_sum"": ""3528.479196"", ""seed_rr_sum"": ""1847.066615"", ""seed_savings_sum"": ""1640.158842"", ""total_elapsed_ms"": ""27""}, ""name"": ""lkh-wrapper-v20"", ""objective"": 1205.2209305995036, ""status"": ""ok"", ""time"": 0.02738, ""valid"": true}]","[[0, 144, 195, 29, 56, 156, 70, 38, 182, 97, 8, 35, 193, 51, 142, 159, 199, 120, 131, 6, 150, 96, 124, 157, 192, 172, 187, 69, 58, 41, 18, 74, 139, 73, 68, 168, 13, 87, 160, 116, 177, 45, 111, 183, 197, 57, 4, 149, 140, 126, 101, 147, 114, 176, 25, 86, 78, 170, 166, 83, 129, 191, 39, 63, 71, 67, 128, 47, 23, 106, 98, 102, 43, 148, 99, 121, 28, 171, 32, 158, 10, 0], [0, 138, 117, 12, 198, 100, 194, 34, 36, 133, 19, 79, 164, 80, 21, 91, 26, 125, 178, 127, 185, 135, 46, 77, 141, 145, 163, 15, 184, 24, 162, 123, 113, 33, 65, 196, 112, 154, 90, 104, 136, 75, 103, 94, 153, 180, 169, 95, 64, 9, 3, 42, 88, 16, 85, 52, 59, 134, 20, 7, 130, 92, 82, 40, 175, 151, 17, 54, 174, 14, 146, 31, 76, 110, 179, 161, 37, 155, 181, 55, 190, 132, 89, 186, 81, 165, 105, 62, 22, 61, 93, 72, 1, 122, 137, 50, 118, 84, 44, 11, 27, 167, 53, 30, 5, 66, 152, 115, 60, 48, 188, 2, 173, 108, 107, 189, 49, 109, 119, 143, 0], [0, 0]]"
uniform,n200_m3_r02.txt,data\mtsp\stratum1_small\n200_m3_r02.txt,200,3,lkh-wrapper-v21,1116.6794540378783,3.606434,3.606286,True,ok,"[{""metadata"": {""after_final_2opt_sum"": ""1207.798322"", ""after_inter_snapshot"": ""true"", ""after_inter_sum"": ""1221.398259"", ""after_inter_valid"": ""true"", ""after_inter_validation_code"": ""0"", ""after_polish2_sum"": ""1221.398259"", ""after_polish_sum"": ""1369.739007"", ""baseline_2optgreed_budget_ms"": ""7800"", ""baseline_2optgreed_ms"": ""1"", ""baseline_2optgreed_passes_per_route"": ""5,4,4"", ""baseline_2optgreed_sum"": ""1665.228868"", ""baseline_2optgreed_used_as_best"": ""false"", ""best_minsum_max"": ""598.566455"", ""best_minsum_sum"": ""1116.679454"", ""candidate_count_global"": ""22"", ""candidate_count_local"": ""14"", ""effective_total_ms"": ""9800"", ""final_2opt_cap_ms"": ""9572"", ""final_2opt_elapsed_ms"": ""0"", ""inter_broken_by"": ""none"", ""inter_budget_ms"": ""2450"", ""inter_iters"": ""35"", ""inter_oropt_accepts"": ""1"", ""inter_relocate_accepts"": ""33"", ""inter_swap_accepts"": ""1"", ""node_count"": ""200"", ""omp_max_threads"": ""14"", ""omp_polish"": ""true"", ""phase8_accepts"": ""1"", ""phase8_iters"": ""1"", ""phase9_accepts"": ""1293"", ""phase9_best_updates"": ""27"", ""phase9_first_delta"": ""0.000"", ""phase9_iters"": ""5000"", ""phase9_last_delta"": ""43.944"", ""phase9_reserve_ms"": ""3000"", ""phase9_total_delta"": ""88.541477"", ""polish_phase_budget_ms"": ""3430"", ""popmusic_solutions"": ""0"", ""salesman_count"": ""3"", ""seed"": ""42"", ""seed_chosen"": ""savings"", ""seed_fast_sum"": ""4479.388056"", ""seed_minsum"": ""1640.158842"", ""seed_polar_sum"": ""3528.479196"", ""seed_rr_sum"": ""1847.066615"", ""seed_savings_sum"": ""1640.158842"", ""total_elapsed_ms"": ""3606""}, ""name"": ""lkh-wrapper-v21"", ""objective"": 1116.6794540378783, ""status"": ""ok"", ""time"": 3.606286, ""valid"": true}]","[[0, 195, 56, 29, 61, 93, 35, 193, 51, 142, 53, 30, 5, 66, 152, 115, 60, 48, 108, 173, 2, 188, 26, 125, 91, 21, 163, 145, 141, 77, 46, 135, 178, 127, 185, 44, 84, 11, 167, 27, 159, 50, 118, 131, 199, 120, 6, 150, 96, 124, 157, 192, 172, 187, 69, 58, 137, 41, 18, 74, 73, 139, 122, 1, 72, 8, 168, 68, 13, 87, 89, 132, 190, 55, 181, 155, 37, 161, 179, 110, 116, 177, 160, 186, 81, 165, 182, 97, 62, 22, 105, 38, 70, 197, 156, 144, 0], [0, 10, 148, 99, 158, 32, 171, 28, 121, 43, 102, 98, 106, 23, 47, 128, 67, 71, 63, 39, 191, 129, 83, 166, 170, 78, 86, 25, 176, 114, 147, 101, 126, 140, 149, 4, 57, 183, 111, 45, 76, 31, 146, 14, 174, 54, 17, 151, 175, 40, 82, 92, 130, 7, 20, 134, 59, 52, 85, 16, 88, 42, 3, 9, 64, 95, 169, 180, 153, 94, 103, 75, 136, 104, 34, 90, 154, 112, 196, 65, 33, 113, 123, 162, 24, 184, 15, 164, 80, 79, 19, 133, 36, 194, 100, 198, 12, 117, 107, 189, 49, 109, 119, 138, 143, 0], [0, 0]]"
uniform,n200_m3_r03.txt,data\mtsp\stratum1_small\n200_m3_r03.txt,200,3,rand+nn,2529.353103158238,0.00014,0.000108,True,ok,"[{""name"": ""rand+nn"", ""objective"": 2529.353103158238, ""status"": ""ok"", ""time"": 0.000108, ""valid"": true}]","[[0, 152, 14, 138, 93, 121, 35, 11, 2, 71, 178, 156, 33, 53, 136, 80, 158, 89, 48, 54, 191, 51, 141, 112, 38, 32, 83, 67, 172, 180, 31, 62, 6, 37, 170, 66, 69, 135, 179, 94, 87, 124, 39, 8, 173, 120, 41, 169, 5, 103, 194, 126, 199, 189, 187, 145, 19, 109, 114, 10, 122, 166, 165, 15, 21, 43, 115, 104, 0], [0, 116, 132, 177, 161, 157, 149, 185, 12, 163, 108, 110, 64, 17, 190, 22, 125, 186, 195, 123, 57, 78, 160, 90, 192, 100, 146, 131, 50, 28, 176, 16, 20, 73, 18, 188, 193, 44, 150, 196, 68, 102, 63, 86, 143, 74, 45, 118, 91, 130, 184, 148, 98, 96, 119, 117, 99, 159, 75, 29, 197, 25, 77, 56, 7, 52, 46, 0], [0, 76, 97, 27, 198, 3, 72, 137, 167, 40, 61, 26, 174, 154, 79, 88, 70, 36, 82, 168, 111, 164, 59, 171, 4, 144, 153, 127, 129, 107, 42, 60, 128, 58, 9, 85, 183, 23, 95, 13, 1, 147, 49, 65, 24, 140, 81, 47, 142, 34, 92, 84, 105, 139, 175, 162, 181, 106, 182, 155, 133, 113, 55, 30, 134, 101, 151, 0]]"
uniform,n200_m3_r03.txt,data\mtsp\stratum1_small\n200_m3_r03.txt,200,3,2opt+greed,1434.6169529202962,0.000685,0.000653,True,ok,"[{""name"": ""2opt+greed"", ""objective"": 1434.6169529202962, ""status"": ""ok"", ""time"": 0.000653, ""valid"": true}]","[[0, 116, 95, 112, 85, 22, 125, 183, 141, 176, 23, 10, 16, 122, 13, 20, 73, 138, 18, 93, 98, 30, 167, 148, 184, 135, 130, 69, 66, 40, 61, 124, 174, 26, 170, 72, 137, 179, 91, 3, 62, 6, 37, 143, 74, 8, 63, 86, 39, 118, 102, 79, 88, 70, 41, 68, 196, 36, 120, 173, 82, 168, 15, 55, 180, 31, 198, 27, 0], [0, 152, 76, 14, 188, 193, 94, 154, 99, 101, 117, 151, 119, 2, 140, 178, 71, 159, 75, 33, 29, 34, 142, 156, 92, 47, 53, 136, 160, 80, 84, 78, 105, 57, 139, 123, 195, 186, 9, 58, 114, 113, 17, 115, 43, 21, 127, 25, 129, 107, 42, 7, 104, 56, 77, 126, 194, 103, 5, 111, 169, 150, 164, 59, 44, 172, 97, 0], [0, 132, 177, 67, 161, 83, 60, 32, 157, 38, 128, 185, 109, 12, 163, 108, 19, 144, 145, 149, 171, 4, 153, 187, 189, 199, 197, 52, 46, 110, 64, 133, 155, 190, 51, 89, 162, 146, 54, 191, 28, 50, 182, 131, 106, 181, 48, 100, 158, 192, 175, 90, 81, 24, 49, 165, 65, 166, 147, 1, 121, 35, 11, 134, 96, 87, 45, 0]]"
uniform,n200_m3_r03.txt,data\mtsp\stratum1_small\n200_m3_r03.txt,200,3,lkh3-baseline,1084.2251699892686,0.506352,0.506277,True,ok,"[{""metadata"": {""artifacts_dir"": ""C:\\Users\\ddkup\\AppData\\Local\\Temp\\mtsp_lkh3_baseline_runs\\run_1778080413850_15068_0"", ""exit_code"": ""0"", ""lkh3_wsl_bin"": ""/home/ddkup/bin/LKH"", ""objective_mode"": ""MINSUM"", ""output_tour_file"": ""C:\\Users\\ddkup\\AppData\\Local\\Temp\\mtsp_lkh3_baseline_runs\\run_1778080413850_15068_0\\output.tour"", ""params_file"": ""C:\\Users\\ddkup\\AppData\\Local\\Temp\\mtsp_lkh3_baseline_runs\\run_1778080413850_15068_0\\params.par"", ""params_wsl_path"": ""/mnt/c/Users/ddkup/AppData/Local/Temp/mtsp_lkh3_baseline_runs/run_1778080413850_15068_0/params.par"", ""problem_file"": ""C:\\Users\\ddkup\\AppData\\Local\\Temp\\mtsp_lkh3_baseline_runs\\run_1778080413850_15068_0\\problem.tsp"", ""result_file"": ""C:\\Users\\ddkup\\AppData\\Local\\Temp\\mtsp_lkh3_baseline_runs\\run_1778080413850_15068_0\\result.txt"", ""stderr_log"": ""C:\\Users\\ddkup\\AppData\\Local\\Temp\\mtsp_lkh3_baseline_runs\\run_1778080413850_15068_0\\stderr.log"", ""stdout_log"": ""C:\\Users\\ddkup\\AppData\\Local\\Temp\\mtsp_lkh3_baseline_runs\\run_1778080413850_15068_0\\stdout.log""}, ""name"": ""lkh3-baseline"", ""objective"": 1084.2251699892686, ""status"": ""ok"", ""time"": 0.506277, ""valid"": true}]","[[0, 152, 0], [0, 132, 177, 67, 161, 83, 60, 32, 157, 95, 112, 85, 22, 125, 183, 23, 176, 141, 186, 51, 9, 190, 58, 114, 38, 128, 185, 109, 12, 19, 108, 163, 110, 113, 64, 17, 133, 155, 54, 191, 28, 50, 182, 131, 106, 181, 100, 48, 146, 162, 89, 195, 123, 158, 175, 192, 105, 78, 84, 90, 80, 160, 136, 53, 47, 92, 156, 142, 34, 29, 33, 75, 159, 71, 178, 2, 119, 151, 117, 101, 99, 134, 11, 35, 96, 121, 1, 147, 165, 166, 65, 49, 24, 140, 81, 57, 139, 10, 16, 122, 13, 20, 73, 138, 18, 93, 98, 30, 179, 137, 167, 148, 184, 135, 130, 69, 66, 40, 61, 170, 72, 91, 3, 62, 31, 180, 55, 6, 37, 26, 45, 94, 154, 87, 124, 174, 39, 86, 143, 74, 8, 63, 118, 102, 79, 88, 70, 41, 68, 196, 36, 120, 173, 82, 168, 15, 150, 169, 111, 5, 103, 194, 126, 77, 56, 104, 7, 42, 129, 107, 21, 43, 115, 46, 52, 25, 127, 197, 199, 189, 187, 153, 4, 144, 145, 149, 171, 164, 59, 44, 172, 97, 193, 27, 198, 188, 14, 76, 0], [0, 116, 0]]"
uniform,n200_m3_r03.txt,data\mtsp\stratum1_small\n200_m3_r03.txt,200,3,lkh-wrapper-v20,1201.9248307448463,0.031395,0.031215,True,ok,"[{""metadata"": {""after_final_2opt_sum"": ""1201.924831"", ""after_inter_snapshot"": ""true"", ""after_inter_sum"": ""1213.921982"", ""after_inter_valid"": ""true"", ""after_inter_validation_code"": ""0"", ""after_polish2_sum"": ""1207.107117"", ""after_polish_sum"": ""1426.931327"", ""baseline_2optgreed_budget_ms"": ""7800"", ""baseline_2optgreed_ms"": ""1"", ""baseline_2optgreed_passes_per_route"": ""3,5,3"", ""baseline_2optgreed_sum"": ""1434.616953"", ""baseline_2optgreed_used_as_best"": ""true"", ""best_minsum_max"": ""514.786686"", ""best_minsum_sum"": ""1201.924831"", ""candidate_count_global"": ""22"", ""candidate_count_local"": ""14"", ""effective_total_ms"": ""9800"", ""final_2opt_cap_ms"": ""9570"", ""final_2opt_elapsed_ms"": ""0"", ""inter_broken_by"": ""none"", ""inter_budget_ms"": ""2450"", ""inter_iters"": ""51"", ""inter_oropt_accepts"": ""4"", ""inter_relocate_accepts"": ""45"", ""inter_swap_accepts"": ""2"", ""node_count"": ""200"", ""omp_max_threads"": ""14"", ""omp_polish"": ""true"", ""phase8_accepts"": ""0"", ""phase8_iters"": ""0"", ""polish_phase_budget_ms"": ""3430"", ""popmusic_solutions"": ""0"", ""salesman_count"": ""3"", ""seed"": ""42"", ""seed_chosen"": ""rr"", ""seed_fast_sum"": ""4185.637627"", ""seed_minsum"": ""1593.038137"", ""seed_polar_sum"": ""3371.652358"", ""seed_rr_sum"": ""1593.038137"", ""seed_savings_sum"": ""1641.724999"", ""total_elapsed_ms"": ""30""}, ""name"": ""lkh-wrapper-v20"", ""objective"": 1201.9248307448463, ""status"": ""ok"", ""time"": 0.031215, ""valid"": true}]","[[0, 116, 95, 112, 85, 22, 125, 183, 141, 176, 23, 10, 16, 73, 138, 18, 93, 98, 30, 148, 184, 135, 130, 40, 72, 137, 179, 91, 3, 31, 62, 143, 74, 8, 63, 86, 39, 118, 102, 79, 88, 70, 41, 68, 196, 36, 120, 173, 82, 168, 15, 44, 172, 97, 0], [0, 132, 177, 67, 59, 164, 150, 169, 111, 5, 103, 194, 126, 77, 56, 104, 7, 42, 129, 107, 21, 52, 43, 115, 46, 108, 12, 109, 185, 128, 38, 114, 58, 190, 9, 51, 186, 195, 123, 139, 57, 105, 78, 84, 80, 53, 47, 92, 156, 142, 34, 29, 33, 75, 159, 71, 178, 2, 119, 151, 117, 35, 11, 134, 101, 99, 167, 69, 66, 61, 170, 94, 154, 87, 124, 174, 45, 26, 37, 6, 55, 180, 198, 27, 193, 188, 14, 76, 0], [0, 152, 122, 13, 20, 96, 121, 1, 147, 166, 65, 165, 49, 24, 140, 81, 136, 160, 90, 175, 192, 158, 89, 162, 146, 48, 100, 181, 54, 106, 131, 182, 50, 28, 191, 155, 133, 17, 64, 113, 110, 163, 19, 25, 127, 197, 199, 189, 187, 153, 4, 144, 171, 145, 149, 60, 83, 161, 32, 157, 0]]"
uniform,n200_m3_r03.txt,data\mtsp\stratum1_small\n200_m3_r03.txt,200,3,lkh-wrapper-v21,1097.449995592509,2.718691,2.718438,True,ok,"[{""metadata"": {""after_final_2opt_sum"": ""1201.924831"", ""after_inter_snapshot"": ""true"", ""after_inter_sum"": ""1213.921982"", ""after_inter_valid"": ""true"", ""after_inter_validation_code"": ""0"", ""after_polish2_sum"": ""1207.107117"", ""after_polish_sum"": ""1426.931327"", ""baseline_2optgreed_budget_ms"": ""7800"", ""baseline_2optgreed_ms"": ""2"", ""baseline_2optgreed_passes_per_route"": ""3,5,3"", ""baseline_2optgreed_sum"": ""1434.616953"", ""baseline_2optgreed_used_as_best"": ""true"", ""best_minsum_max"": ""558.350740"", ""best_minsum_sum"": ""1097.449996"", ""candidate_count_global"": ""22"", ""candidate_count_local"": ""14"", ""effective_total_ms"": ""9800"", ""final_2opt_cap_ms"": ""9563"", ""final_2opt_elapsed_ms"": ""0"", ""inter_broken_by"": ""none"", ""inter_budget_ms"": ""2450"", ""inter_iters"": ""51"", ""inter_oropt_accepts"": ""4"", ""inter_relocate_accepts"": ""45"", ""inter_swap_accepts"": ""2"", ""node_count"": ""200"", ""omp_max_threads"": ""14"", ""omp_polish"": ""true"", ""phase8_accepts"": ""0"", ""phase8_iters"": ""0"", ""phase9_accepts"": ""1388"", ""phase9_best_updates"": ""46"", ""phase9_first_delta"": ""17.005"", ""phase9_iters"": ""5000"", ""phase9_last_delta"": ""26.880"", ""phase9_reserve_ms"": ""3000"", ""phase9_total_delta"": ""104.474835"", ""polish_phase_budget_ms"": ""3430"", ""popmusic_solutions"": ""0"", ""salesman_count"": ""3"", ""seed"": ""42"", ""seed_chosen"": ""rr"", ""seed_fast_sum"": ""4185.637627"", ""seed_minsum"": ""1593.038137"", ""seed_polar_sum"": ""3371.652358"", ""seed_rr_sum"": ""1593.038137"", ""seed_savings_sum"": ""1641.724999"", ""total_elapsed_ms"": ""2718""}, ""name"": ""lkh-wrapper-v21"", ""objective"": 1097.449995592509, ""status"": ""ok"", ""time"": 2.718438, ""valid"": true}]","[[0, 0], [0, 97, 172, 44, 59, 164, 150, 15, 168, 82, 36, 120, 173, 74, 143, 37, 6, 55, 180, 31, 62, 3, 91, 72, 137, 179, 167, 148, 184, 135, 130, 69, 66, 40, 61, 170, 26, 45, 94, 154, 87, 124, 174, 39, 86, 8, 63, 118, 102, 79, 88, 70, 41, 68, 196, 111, 169, 5, 103, 194, 126, 77, 56, 104, 7, 42, 129, 107, 21, 43, 115, 46, 52, 25, 127, 197, 199, 189, 187, 153, 4, 171, 149, 145, 144, 19, 108, 163, 110, 17, 133, 64, 113, 12, 109, 185, 128, 38, 157, 32, 60, 83, 161, 67, 177, 132, 0], [0, 152, 76, 14, 193, 27, 198, 188, 138, 73, 18, 30, 98, 93, 96, 20, 13, 122, 16, 10, 139, 57, 81, 140, 24, 49, 65, 166, 165, 147, 1, 121, 35, 11, 134, 99, 101, 117, 151, 119, 2, 178, 71, 159, 75, 33, 29, 34, 142, 156, 92, 47, 53, 136, 160, 80, 90, 84, 78, 105, 192, 175, 158, 123, 195, 89, 162, 146, 48, 100, 181, 106, 131, 182, 50, 28, 191, 54, 155, 190, 114, 58, 9, 51, 186, 141, 176, 23, 183, 125, 22, 85, 112, 95, 116, 0]]"
uniform,n200_m5_r01.txt,data\mtsp\stratum1_small\n200_m5_r01.txt,200,5,rand+nn,3149.132073970125,0.000106,7.6e-05,True,ok,"[{""name"": ""rand+nn"", ""objective"": 3149.132073970125, ""status"": ""ok"", ""time"": 7.6e-05, ""valid"": true}]","[[0, 138, 32, 189, 118, 5, 169, 163, 122, 121, 84, 10, 176, 195, 128, 3, 105, 171, 48, 137, 107, 167, 13, 185, 91, 146, 9, 99, 179, 103, 55, 160, 93, 123, 157, 1, 6, 147, 56, 119, 152, 0], [0, 114, 66, 36, 59, 100, 71, 175, 54, 187, 166, 178, 120, 125, 197, 154, 131, 188, 190, 23, 116, 144, 12, 182, 11, 53, 149, 129, 25, 140, 110, 79, 77, 76, 7, 174, 87, 14, 199, 30, 86, 0], [0, 135, 51, 96, 72, 113, 164, 18, 57, 162, 33, 108, 141, 194, 139, 74, 19, 63, 39, 61, 29, 153, 133, 40, 49, 127, 132, 21, 156, 181, 22, 98, 85, 62, 44, 46, 16, 89, 65, 170, 165, 0], [0, 2, 112, 150, 136, 15, 92, 117, 80, 192, 151, 41, 155, 109, 159, 37, 180, 27, 102, 124, 50, 42, 134, 142, 17, 28, 60, 35, 115, 184, 191, 168, 75, 104, 24, 193, 198, 70, 161, 88, 52, 0], [0, 47, 38, 78, 172, 31, 196, 106, 177, 158, 126, 67, 130, 101, 58, 173, 83, 97, 111, 68, 145, 143, 73, 64, 82, 20, 43, 81, 26, 34, 45, 148, 4, 8, 183, 90, 95, 69, 94, 186, 0]]"
uniform,n200_m5_r01.txt,data\mtsp\stratum1_small\n200_m5_r01.txt,200,5,2opt+greed,1830.3202660800785,0.000484,0.000459,True,ok,"[{""name"": ""2opt+greed"", ""objective"": 1830.3202660800785, ""status"": ""ok"", ""time"": 0.000459, ""valid"": true}]","[[0, 138, 50, 197, 194, 122, 42, 175, 141, 121, 26, 81, 124, 105, 71, 18, 34, 84, 57, 10, 184, 162, 33, 195, 108, 142, 120, 125, 17, 95, 61, 8, 28, 3, 128, 4, 178, 199, 21, 177, 85, 0], [0, 32, 189, 154, 1, 118, 35, 148, 60, 163, 169, 166, 5, 183, 39, 90, 63, 30, 19, 115, 74, 29, 14, 87, 186, 123, 94, 117, 153, 157, 69, 92, 131, 188, 15, 190, 136, 165, 126, 196, 91, 0], [0, 114, 47, 77, 58, 52, 11, 12, 98, 146, 182, 86, 172, 78, 96, 129, 198, 53, 31, 70, 62, 44, 185, 161, 149, 193, 13, 24, 167, 72, 173, 104, 113, 59, 27, 36, 51, 119, 38, 180, 66, 0], [0, 135, 102, 43, 100, 20, 171, 164, 97, 25, 83, 75, 107, 111, 68, 145, 137, 191, 48, 140, 110, 143, 168, 46, 64, 73, 79, 16, 89, 176, 65, 82, 134, 54, 187, 45, 139, 170, 109, 106, 88, 0], [0, 2, 6, 37, 159, 56, 101, 147, 112, 23, 150, 130, 67, 116, 179, 103, 40, 133, 93, 174, 7, 132, 127, 49, 80, 192, 160, 55, 156, 76, 151, 41, 181, 99, 155, 22, 158, 144, 9, 152, 0]]"
uniform,n200_m5_r01.txt,data\mtsp\stratum1_small\n200_m5_r01.txt,200,5,lkh3-baseline,1133.8261716847665,0.541837,0.541744,True,ok,"[{""metadata"": {""artifacts_dir"": ""C:\\Users\\ddkup\\AppData\\Local\\Temp\\mtsp_lkh3_baseline_runs\\run_1778080417273_33536_0"", ""exit_code"": ""0"", ""lkh3_wsl_bin"": ""/home/ddkup/bin/LKH"", ""objective_mode"": ""MINSUM"", ""output_tour_file"": ""C:\\Users\\ddkup\\AppData\\Local\\Temp\\mtsp_lkh3_baseline_runs\\run_1778080417273_33536_0\\output.tour"", ""params_file"": ""C:\\Users\\ddkup\\AppData\\Local\\Temp\\mtsp_lkh3_baseline_runs\\run_1778080417273_33536_0\\params.par"", ""params_wsl_path"": ""/mnt/c/Users/ddkup/AppData/Local/Temp/mtsp_lkh3_baseline_runs/run_1778080417273_33536_0/params.par"", ""problem_file"": ""C:\\Users\\ddkup\\AppData\\Local\\Temp\\mtsp_lkh3_baseline_runs\\run_1778080417273_33536_0\\problem.tsp"", ""result_file"": ""C:\\Users\\ddkup\\AppData\\Local\\Temp\\mtsp_lkh3_baseline_runs\\run_1778080417273_33536_0\\result.txt"", ""stderr_log"": ""C:\\Users\\ddkup\\AppData\\Local\\Temp\\mtsp_lkh3_baseline_runs\\run_1778080417273_33536_0\\stderr.log"", ""stdout_log"": ""C:\\Users\\ddkup\\AppData\\Local\\Temp\\mtsp_lkh3_baseline_runs\\run_1778080417273_33536_0\\stdout.log""}, ""name"": ""lkh3-baseline"", ""objective"": 1133.8261716847665, ""status"": ""ok"", ""time"": 0.541744, ""valid"": true}]","[[0, 32, 0], [0, 114, 0], [0, 135, 102, 43, 100, 20, 171, 113, 59, 27, 36, 51, 180, 66, 47, 38, 119, 96, 78, 129, 173, 104, 72, 167, 24, 13, 193, 149, 198, 53, 31, 70, 161, 185, 44, 62, 196, 86, 106, 85, 152, 172, 88, 91, 11, 52, 58, 12, 182, 98, 146, 177, 9, 144, 109, 126, 158, 22, 155, 99, 181, 67, 56, 159, 37, 77, 6, 112, 147, 101, 23, 150, 130, 116, 179, 103, 76, 41, 151, 156, 55, 160, 192, 49, 127, 21, 132, 7, 174, 93, 80, 40, 133, 123, 186, 94, 87, 14, 29, 153, 117, 157, 69, 92, 190, 15, 136, 165, 170, 188, 131, 154, 189, 45, 194, 197, 50, 124, 141, 26, 121, 175, 42, 122, 134, 54, 187, 128, 3, 4, 28, 178, 39, 183, 5, 166, 169, 163, 60, 148, 35, 118, 139, 199, 1, 74, 115, 19, 30, 63, 90, 95, 61, 8, 17, 125, 120, 142, 108, 195, 33, 162, 184, 10, 176, 89, 16, 79, 73, 64, 46, 168, 143, 191, 137, 145, 68, 111, 107, 75, 83, 25, 97, 164, 48, 140, 110, 82, 65, 57, 84, 34, 18, 81, 71, 105, 0], [0, 2, 0], [0, 138, 0]]"
uniform,n200_m5_r01.txt,data\mtsp\stratum1_small\n200_m5_r01.txt,200,5,lkh-wrapper-v20,1237.6962799688683,0.039663,0.039552,True,ok,"[{""metadata"": {""after_final_2opt_sum"": ""1237.696280"", ""after_inter_snapshot"": ""true"", ""after_inter_sum"": ""1251.282707"", ""after_inter_valid"": ""true"", ""after_inter_validation_code"": ""0"", ""after_polish2_sum"": ""1248.701214"", ""after_polish_sum"": ""1614.326101"", ""baseline_2optgreed_budget_ms"": ""7800"", ""baseline_2optgreed_ms"": ""1"", ""baseline_2optgreed_passes_per_route"": ""3,3,3,5,3"", ""baseline_2optgreed_sum"": ""1830.320266"", ""baseline_2optgreed_used_as_best"": ""false"", ""best_minsum_max"": ""561.796112"", ""best_minsum_sum"": ""1237.696280"", ""candidate_count_global"": ""22"", ""candidate_count_local"": ""14"", ""effective_total_ms"": ""9800"", ""final_2opt_cap_ms"": ""9562"", ""final_2opt_elapsed_ms"": ""0"", ""inter_broken_by"": ""none"", ""inter_budget_ms"": ""2450"", ""inter_iters"": ""43"", ""inter_oropt_accepts"": ""8"", ""inter_relocate_accepts"": ""34"", ""inter_swap_accepts"": ""1"", ""node_count"": ""200"", ""omp_max_threads"": ""14"", ""omp_polish"": ""true"", ""phase8_accepts"": ""0"", ""phase8_iters"": ""0"", ""polish_phase_budget_ms"": ""3430"", ""popmusic_solutions"": ""0"", ""salesman_count"": ""5"", ""seed"": ""42"", ""seed_chosen"": ""savings"", ""seed_fast_sum"": ""2941.192125"", ""seed_minsum"": ""1817.418333"", ""seed_polar_sum"": ""3443.444001"", ""seed_rr_sum"": ""1965.276674"", ""seed_savings_sum"": ""1817.418333"", ""total_elapsed_ms"": ""39""}, ""name"": ""lkh-wrapper-v20"", ""objective"": 1237.6962799688683, ""status"": ""ok"", ""time"": 0.039552, ""valid"": true}]","[[0, 66, 180, 119, 38, 47, 77, 37, 159, 56, 23, 150, 179, 103, 40, 133, 93, 174, 7, 132, 21, 127, 49, 80, 192, 160, 55, 156, 76, 151, 41, 181, 99, 155, 22, 158, 9, 177, 146, 98, 12, 91, 172, 88, 53, 31, 70, 62, 44, 185, 161, 149, 193, 13, 24, 167, 72, 104, 173, 129, 78, 96, 51, 36, 27, 59, 113, 83, 25, 97, 164, 171, 20, 100, 43, 102, 71, 105, 0], [0, 2, 170, 188, 165, 136, 15, 190, 92, 69, 153, 117, 157, 94, 123, 186, 87, 14, 29, 1, 199, 74, 115, 19, 30, 63, 90, 95, 61, 8, 17, 125, 120, 142, 108, 195, 33, 162, 184, 10, 176, 89, 16, 79, 73, 64, 46, 143, 168, 145, 68, 75, 107, 111, 137, 191, 110, 48, 140, 82, 65, 57, 84, 34, 18, 81, 124, 141, 26, 121, 175, 42, 122, 134, 54, 187, 128, 3, 4, 28, 178, 39, 183, 5, 118, 139, 154, 131, 189, 32, 0], [0, 114, 6, 112, 147, 101, 130, 116, 67, 126, 109, 144, 58, 52, 11, 182, 152, 85, 106, 86, 196, 198, 135, 0], [0, 0], [0, 138, 50, 197, 194, 60, 163, 166, 169, 148, 35, 45, 0]]"
uniform,n200_m5_r01.txt,data\mtsp\stratum1_small\n200_m5_r01.txt,200,5,lkh-wrapper-v21,1123.128559074633,3.309083,3.308891,True,ok,"[{""metadata"": {""after_final_2opt_sum"": ""1237.696280"", ""after_inter_snapshot"": ""true"", ""after_inter_sum"": ""1251.282707"", ""after_inter_valid"": ""true"", ""after_inter_validation_code"": ""0"", ""after_polish2_sum"": ""1248.701214"", ""after_polish_sum"": ""1614.326101"", ""baseline_2optgreed_budget_ms"": ""7800"", ""baseline_2optgreed_ms"": ""1"", ""baseline_2optgreed_passes_per_route"": ""3,3,3,5,3"", ""baseline_2optgreed_sum"": ""1830.320266"", ""baseline_2optgreed_used_as_best"": ""false"", ""best_minsum_max"": ""566.439574"", ""best_minsum_sum"": ""1123.128559"", ""candidate_count_global"": ""22"", ""candidate_count_local"": ""14"", ""effective_total_ms"": ""9800"", ""final_2opt_cap_ms"": ""9559"", ""final_2opt_elapsed_ms"": ""0"", ""inter_broken_by"": ""none"", ""inter_budget_ms"": ""2450"", ""inter_iters"": ""43"", ""inter_oropt_accepts"": ""8"", ""inter_relocate_accepts"": ""34"", ""inter_swap_accepts"": ""1"", ""node_count"": ""200"", ""omp_max_threads"": ""14"", ""omp_polish"": ""true"", ""phase8_accepts"": ""0"", ""phase8_iters"": ""0"", ""phase9_accepts"": ""1417"", ""phase9_best_updates"": ""38"", ""phase9_first_delta"": ""0.000"", ""phase9_iters"": ""5000"", ""phase9_last_delta"": ""35.400"", ""phase9_reserve_ms"": ""3000"", ""phase9_total_delta"": ""114.567721"", ""polish_phase_budget_ms"": ""3430"", ""popmusic_solutions"": ""0"", ""salesman_count"": ""5"", ""seed"": ""42"", ""seed_chosen"": ""savings"", ""seed_fast_sum"": ""2941.192125"", ""seed_minsum"": ""1817.418333"", ""seed_polar_sum"": ""3443.444001"", ""seed_rr_sum"": ""1965.276674"", ""seed_savings_sum"": ""1817.418333"", ""total_elapsed_ms"": ""3308""}, ""name"": ""lkh-wrapper-v21"", ""objective"": 1123.128559074633, ""status"": ""ok"", ""time"": 3.308891, ""valid"": true}]","[[0, 32, 189, 154, 131, 188, 170, 165, 136, 15, 190, 92, 69, 157, 117, 153, 29, 14, 87, 94, 186, 123, 133, 40, 80, 93, 174, 7, 132, 21, 127, 49, 192, 160, 55, 156, 151, 41, 76, 103, 179, 116, 130, 150, 23, 101, 147, 112, 6, 77, 37, 159, 56, 67, 181, 99, 155, 22, 158, 126, 109, 144, 9, 177, 146, 98, 182, 12, 58, 52, 11, 78, 91, 88, 172, 152, 85, 106, 86, 196, 62, 44, 185, 161, 70, 31, 53, 198, 149, 193, 129, 24, 13, 167, 72, 104, 173, 27, 36, 51, 96, 119, 38, 180, 66, 47, 114, 2, 0], [0, 138, 50, 197, 194, 45, 35, 118, 139, 199, 1, 74, 115, 19, 30, 63, 90, 95, 39, 183, 5, 166, 169, 148, 163, 60, 187, 54, 122, 42, 175, 134, 128, 3, 4, 28, 178, 8, 61, 17, 125, 120, 142, 108, 195, 33, 162, 184, 10, 176, 89, 16, 79, 73, 64, 46, 168, 143, 191, 137, 145, 68, 111, 107, 75, 83, 25, 113, 59, 43, 100, 20, 171, 164, 97, 48, 140, 110, 82, 65, 57, 84, 34, 18, 81, 26, 121, 141, 124, 105, 71, 102, 135, 0], [0, 0], [0, 0], [0, 0]]"
uniform,n200_m5_r02.txt,data\mtsp\stratum1_small\n200_m5_r02.txt,200,5,rand+nn,3229.7863163740444,0.000151,0.000115,True,ok,"[{""name"": ""rand+nn"", ""objective"": 3229.7863163740444, ""status"": ""ok"", ""time"": 0.000115, ""valid"": true}]","[[0, 179, 138, 119, 157, 56, 5, 3, 185, 147, 107, 9, 6, 13, 171, 122, 167, 195, 169, 121, 48, 176, 32, 99, 189, 163, 84, 105, 123, 93, 55, 160, 152, 91, 146, 1, 10, 118, 103, 128, 137, 0], [0, 14, 114, 71, 182, 25, 66, 140, 53, 125, 175, 36, 149, 144, 77, 131, 79, 120, 100, 7, 129, 76, 110, 197, 59, 12, 30, 154, 188, 23, 87, 178, 86, 174, 116, 190, 11, 199, 187, 166, 54, 0], [0, 162, 51, 139, 16, 135, 74, 65, 19, 63, 153, 108, 181, 113, 61, 40, 164, 194, 72, 141, 39, 62, 165, 57, 170, 98, 96, 29, 156, 127, 44, 132, 33, 133, 18, 21, 22, 49, 46, 89, 85, 0], [0, 17, 115, 60, 104, 35, 161, 27, 193, 117, 24, 41, 50, 112, 75, 159, 180, 52, 191, 150, 192, 109, 42, 124, 2, 92, 142, 198, 28, 70, 80, 155, 102, 15, 168, 88, 151, 37, 184, 136, 134, 0], [0, 145, 8, 4, 143, 126, 95, 101, 68, 97, 73, 47, 82, 31, 183, 69, 78, 130, 186, 67, 94, 38, 172, 26, 106, 81, 148, 111, 196, 158, 83, 43, 64, 34, 177, 20, 58, 90, 173, 45, 0]]"
uniform,n200_m5_r02.txt,data\mtsp\stratum1_small\n200_m5_r02.txt,200,5,2opt+greed,1837.5669951294917,0.000481,0.000451,True,ok,"[{""name"": ""2opt+greed"", ""objective"": 1837.5669951294917, ""status"": ""ok"", ""time"": 0.000451, ""valid"": true}]","[[0, 198, 15, 31, 89, 46, 49, 168, 197, 69, 152, 183, 91, 161, 21, 93, 35, 59, 123, 12, 30, 105, 130, 132, 137, 186, 33, 11, 199, 104, 18, 133, 187, 179, 60, 67, 94, 151, 74, 83, 43, 0], [0, 145, 142, 8, 157, 4, 56, 5, 153, 166, 194, 97, 175, 92, 167, 122, 171, 36, 164, 9, 77, 136, 131, 107, 113, 120, 147, 47, 181, 155, 128, 82, 129, 102, 118, 76, 10, 110, 160, 87, 64, 0], [0, 134, 22, 88, 1, 78, 103, 85, 7, 80, 185, 3, 28, 108, 73, 100, 70, 79, 61, 40, 72, 144, 149, 13, 6, 54, 68, 141, 101, 95, 124, 2, 195, 126, 192, 109, 63, 119, 143, 114, 138, 0], [0, 55, 146, 27, 193, 90, 44, 117, 154, 188, 23, 58, 84, 178, 24, 189, 86, 20, 174, 163, 41, 29, 190, 26, 176, 106, 48, 16, 139, 121, 37, 51, 38, 99, 162, 173, 45, 115, 14, 42, 125, 0], [0, 17, 135, 169, 71, 111, 65, 182, 140, 57, 159, 25, 170, 32, 172, 156, 127, 116, 177, 34, 50, 96, 112, 81, 98, 75, 148, 66, 180, 52, 165, 53, 191, 62, 39, 196, 150, 19, 158, 184, 0]]"
uniform,n200_m5_r02.txt,data\mtsp\stratum1_small\n200_m5_r02.txt,200,5,lkh3-baseline,1128.737048037538,0.881397,0.881303,True,ok,"[{""metadata"": {""artifacts_dir"": ""C:\\Users\\ddkup\\AppData\\Local\\Temp\\mtsp_lkh3_baseline_runs\\run_1778080421328_41212_0"", ""exit_code"": ""0"", ""lkh3_wsl_bin"": ""/home/ddkup/bin/LKH"", ""objective_mode"": ""MINSUM"", ""output_tour_file"": ""C:\\Users\\ddkup\\AppData\\Local\\Temp\\mtsp_lkh3_baseline_runs\\run_1778080421328_41212_0\\output.tour"", ""params_file"": ""C:\\Users\\ddkup\\AppData\\Local\\Temp\\mtsp_lkh3_baseline_runs\\run_1778080421328_41212_0\\params.par"", ""params_wsl_path"": ""/mnt/c/Users/ddkup/AppData/Local/Temp/mtsp_lkh3_baseline_runs/run_1778080421328_41212_0/params.par"", ""problem_file"": ""C:\\Users\\ddkup\\AppData\\Local\\Temp\\mtsp_lkh3_baseline_runs\\run_1778080421328_41212_0\\problem.tsp"", ""result_file"": ""C:\\Users\\ddkup\\AppData\\Local\\Temp\\mtsp_lkh3_baseline_runs\\run_1778080421328_41212_0\\result.txt"", ""stderr_log"": ""C:\\Users\\ddkup\\AppData\\Local\\Temp\\mtsp_lkh3_baseline_runs\\run_1778080421328_41212_0\\stderr.log"", ""stdout_log"": ""C:\\Users\\ddkup\\AppData\\Local\\Temp\\mtsp_lkh3_baseline_runs\\run_1778080421328_41212_0\\stdout.log""}, ""name"": ""lkh3-baseline"", ""objective"": 1128.737048037538, ""status"": ""ok"", ""time"": 0.881303, ""valid"": true}]","[[0, 179, 0], [0, 115, 60, 0], [0, 14, 17, 184, 135, 169, 71, 74, 182, 170, 25, 159, 57, 140, 65, 111, 150, 196, 19, 158, 192, 109, 63, 119, 114, 143, 4, 56, 157, 142, 8, 5, 166, 153, 198, 133, 18, 35, 161, 91, 21, 93, 123, 59, 12, 27, 146, 22, 55, 160, 88, 110, 1, 10, 76, 78, 103, 85, 118, 168, 197, 69, 152, 183, 49, 46, 31, 15, 89, 128, 82, 102, 129, 155, 80, 47, 185, 181, 7, 3, 28, 108, 70, 73, 147, 100, 120, 113, 79, 61, 107, 131, 40, 136, 77, 72, 144, 149, 13, 6, 54, 171, 36, 9, 164, 194, 97, 175, 92, 167, 122, 68, 141, 101, 95, 124, 195, 126, 42, 83, 43, 125, 2, 39, 62, 191, 64, 165, 53, 52, 180, 66, 148, 75, 98, 81, 32, 112, 96, 106, 48, 16, 139, 121, 37, 51, 38, 99, 45, 173, 162, 67, 156, 94, 151, 172, 176, 26, 29, 190, 34, 50, 116, 177, 41, 163, 174, 20, 86, 189, 24, 178, 127, 134, 87, 84, 58, 23, 188, 154, 117, 44, 90, 193, 30, 105, 130, 132, 137, 186, 33, 11, 199, 104, 187, 0], [0, 138, 0], [0, 145, 0]]"
uniform,n200_m5_r02.txt,data\mtsp\stratum1_small\n200_m5_r02.txt,200,5,lkh-wrapper-v20,1192.2652749456092,0.023765,0.023649,True,ok,"[{""metadata"": {""after_final_2opt_sum"": ""1192.265275"", ""after_inter_snapshot"": ""true"", ""after_inter_sum"": ""1216.503133"", ""after_inter_valid"": ""true"", ""after_inter_validation_code"": ""0"", ""after_polish2_sum"": ""1206.326602"", ""after_polish_sum"": ""1445.037957"", ""baseline_2optgreed_budget_ms"": ""7800"", ""baseline_2optgreed_ms"": ""1"", ""baseline_2optgreed_passes_per_route"": ""3,2,4,2,4"", ""baseline_2optgreed_sum"": ""1837.566995"", ""baseline_2optgreed_used_as_best"": ""false"", ""best_minsum_max"": ""516.092089"", ""best_minsum_sum"": ""1192.265275"", ""candidate_count_global"": ""22"", ""candidate_count_local"": ""14"", ""effective_total_ms"": ""9800"", ""final_2opt_cap_ms"": ""9577"", ""final_2opt_elapsed_ms"": ""0"", ""inter_broken_by"": ""none"", ""inter_budget_ms"": ""2450"", ""inter_iters"": ""14"", ""inter_oropt_accepts"": ""2"", ""inter_relocate_accepts"": ""12"", ""inter_swap_accepts"": ""0"", ""node_count"": ""200"", ""omp_max_threads"": ""14"", ""omp_polish"": ""true"", ""phase8_accepts"": ""0"", ""phase8_iters"": ""0"", ""polish_phase_budget_ms"": ""3430"", ""popmusic_solutions"": ""0"", ""salesman_count"": ""5"", ""seed"": ""42"", ""seed_chosen"": ""savings"", ""seed_fast_sum"": ""2993.063525"", ""seed_minsum"": ""1788.189250"", ""seed_polar_sum"": ""3184.853320"", ""seed_rr_sum"": ""1982.816554"", ""seed_savings_sum"": ""1788.189250"", ""total_elapsed_ms"": ""23""}, ""name"": ""lkh-wrapper-v20"", ""objective"": 1192.2652749456092, ""status"": ""ok"", ""time"": 0.023649, ""valid"": true}]","[[0, 138, 114, 143, 157, 56, 4, 126, 195, 42, 83, 39, 2, 43, 125, 124, 95, 101, 141, 68, 122, 167, 92, 175, 97, 171, 36, 6, 54, 13, 149, 144, 72, 77, 136, 131, 107, 113, 120, 73, 147, 100, 47, 185, 181, 80, 129, 102, 82, 128, 155, 7, 3, 28, 108, 70, 79, 61, 40, 9, 164, 194, 166, 153, 5, 8, 142, 0], [0, 186, 137, 130, 132, 59, 35, 93, 123, 12, 105, 30, 27, 146, 22, 160, 55, 21, 161, 91, 183, 152, 69, 197, 88, 110, 1, 10, 76, 78, 103, 85, 118, 168, 49, 46, 89, 31, 15, 18, 187, 179, 0], [0, 145, 198, 133, 104, 199, 33, 11, 60, 115, 45, 173, 162, 99, 38, 51, 37, 121, 139, 135, 169, 71, 74, 106, 48, 16, 176, 172, 151, 94, 156, 67, 24, 189, 178, 84, 44, 193, 90, 117, 154, 188, 23, 58, 87, 134, 127, 20, 86, 174, 163, 41, 177, 116, 50, 34, 190, 29, 26, 96, 112, 32, 81, 98, 170, 182, 57, 159, 25, 75, 148, 66, 180, 52, 53, 165, 64, 191, 62, 140, 65, 111, 150, 196, 19, 158, 192, 109, 63, 119, 184, 17, 14, 0], [0, 0], [0, 0]]"
uniform,n200_m5_r02.txt,data\mtsp\stratum1_small\n200_m5_r02.txt,200,5,lkh-wrapper-v21,1106.4253859026808,3.361131,3.360983,True,ok,"[{""metadata"": {""after_final_2opt_sum"": ""1192.265275"", ""after_inter_snapshot"": ""true"", ""after_inter_sum"": ""1216.503133"", ""after_inter_valid"": ""true"", ""after_inter_validation_code"": ""0"", ""after_polish2_sum"": ""1206.326602"", ""after_polish_sum"": ""1445.037957"", ""baseline_2optgreed_budget_ms"": ""7800"", ""baseline_2optgreed_ms"": ""1"", ""baseline_2optgreed_passes_per_route"": ""3,2,4,2,4"", ""baseline_2optgreed_sum"": ""1837.566995"", ""baseline_2optgreed_used_as_best"": ""false"", ""best_minsum_max"": ""670.276611"", ""best_minsum_sum"": ""1106.425386"", ""candidate_count_global"": ""22"", ""candidate_count_local"": ""14"", ""effective_total_ms"": ""9800"", ""final_2opt_cap_ms"": ""9576"", ""final_2opt_elapsed_ms"": ""0"", ""inter_broken_by"": ""none"", ""inter_budget_ms"": ""2450"", ""inter_iters"": ""14"", ""inter_oropt_accepts"": ""2"", ""inter_relocate_accepts"": ""12"", ""inter_swap_accepts"": ""0"", ""node_count"": ""200"", ""omp_max_threads"": ""14"", ""omp_polish"": ""true"", ""phase8_accepts"": ""0"", ""phase8_iters"": ""0"", ""phase9_accepts"": ""1450"", ""phase9_best_updates"": ""43"", ""phase9_first_delta"": ""0.000"", ""phase9_iters"": ""5000"", ""phase9_last_delta"": ""9.131"", ""phase9_reserve_ms"": ""3000"", ""phase9_total_delta"": ""85.839889"", ""polish_phase_budget_ms"": ""3430"", ""popmusic_solutions"": ""0"", ""salesman_count"": ""5"", ""seed"": ""42"", ""seed_chosen"": ""savings"", ""seed_fast_sum"": ""2993.063525"", ""seed_minsum"": ""1788.189250"", ""seed_polar_sum"": ""3184.853320"", ""seed_rr_sum"": ""1982.816554"", ""seed_savings_sum"": ""1788.189250"", ""total_elapsed_ms"": ""3360""}, ""name"": ""lkh-wrapper-v21"", ""objective"": 1106.4253859026808, ""status"": ""ok"", ""time"": 3.360983, ""valid"": true}]","[[0, 17, 14, 115, 60, 45, 173, 99, 162, 67, 94, 151, 156, 24, 189, 178, 44, 90, 117, 154, 188, 23, 58, 84, 87, 134, 127, 20, 86, 174, 163, 41, 177, 116, 50, 34, 190, 29, 26, 96, 112, 32, 81, 98, 75, 148, 66, 180, 52, 53, 165, 64, 191, 62, 140, 57, 159, 25, 170, 182, 65, 111, 150, 196, 19, 158, 71, 74, 106, 48, 176, 172, 38, 51, 37, 121, 139, 16, 169, 135, 184, 138, 0], [0, 0], [0, 179, 187, 133, 18, 104, 199, 11, 33, 186, 137, 132, 130, 193, 105, 30, 12, 59, 35, 93, 123, 27, 146, 22, 160, 55, 21, 161, 91, 183, 152, 69, 197, 88, 110, 1, 10, 76, 78, 103, 85, 118, 168, 49, 46, 31, 15, 89, 128, 82, 102, 129, 155, 80, 47, 185, 181, 7, 3, 28, 108, 70, 73, 147, 100, 120, 113, 79, 61, 107, 131, 40, 136, 77, 72, 144, 149, 9, 164, 36, 13, 6, 54, 171, 194, 97, 175, 92, 167, 122, 68, 141, 101, 95, 124, 125, 43, 2, 39, 83, 42, 195, 126, 192, 109, 63, 119, 114, 143, 4, 56, 157, 142, 8, 5, 166, 153, 198, 145, 0], [0, 0], [0, 0]]"
uniform,n200_m5_r03.txt,data\mtsp\stratum1_small\n200_m5_r03.txt,200,5,rand+nn,3029.6632209523864,0.00021,0.000173,True,ok,"[{""name"": ""rand+nn"", ""objective"": 3029.6632209523864, ""status"": ""ok"", ""time"": 0.000173, ""valid"": true}]","[[0, 105, 91, 6, 121, 32, 171, 10, 118, 5, 122, 147, 48, 55, 9, 103, 93, 195, 138, 99, 176, 167, 146, 1, 169, 56, 152, 185, 179, 137, 128, 3, 157, 84, 119, 163, 160, 123, 189, 13, 107, 0], [0, 197, 175, 190, 66, 187, 53, 125, 144, 23, 140, 166, 79, 100, 87, 116, 114, 188, 86, 174, 199, 76, 7, 54, 154, 25, 149, 30, 182, 120, 71, 129, 131, 59, 110, 14, 36, 178, 12, 11, 77, 0], [0, 40, 162, 39, 113, 127, 16, 21, 108, 153, 85, 33, 61, 18, 19, 135, 141, 62, 139, 49, 181, 57, 65, 51, 89, 74, 165, 63, 132, 44, 96, 164, 170, 29, 72, 156, 98, 22, 133, 194, 46, 0], [0, 15, 155, 136, 37, 142, 70, 60, 88, 35, 112, 151, 50, 24, 109, 134, 191, 102, 184, 28, 161, 150, 75, 52, 41, 17, 2, 192, 198, 159, 92, 80, 180, 115, 124, 104, 117, 42, 168, 27, 193, 0], [0, 95, 45, 8, 145, 158, 81, 111, 47, 67, 68, 130, 148, 34, 78, 58, 38, 69, 20, 94, 90, 172, 83, 101, 4, 177, 183, 126, 186, 82, 143, 97, 196, 106, 64, 26, 73, 31, 43, 173, 0]]"
uniform,n200_m5_r03.txt,data\mtsp\stratum1_small\n200_m5_r03.txt,200,5,2opt+greed,1736.6472421095043,0.000513,0.00048,True,ok,"[{""name"": ""2opt+greed"", ""objective"": 1736.6472421095043, ""status"": ""ok"", ""time"": 0.00048, ""valid"": true}]","[[0, 40, 58, 110, 57, 75, 184, 167, 146, 24, 46, 50, 173, 112, 23, 144, 121, 156, 118, 145, 27, 100, 79, 169, 18, 117, 87, 56, 152, 185, 179, 114, 188, 47, 104, 122, 54, 45, 5, 175, 95, 0], [0, 15, 197, 155, 147, 7, 76, 89, 137, 180, 199, 80, 92, 135, 159, 149, 30, 198, 182, 165, 78, 84, 192, 74, 119, 131, 163, 71, 157, 120, 34, 130, 128, 115, 124, 62, 77, 55, 51, 48, 38, 0], [0, 136, 20, 65, 9, 69, 49, 181, 123, 63, 17, 41, 52, 189, 73, 36, 178, 26, 132, 11, 12, 13, 64, 106, 196, 97, 102, 82, 186, 96, 138, 143, 44, 187, 150, 161, 103, 94, 93, 195, 37, 0], [0, 162, 105, 142, 66, 91, 101, 83, 4, 170, 6, 29, 72, 70, 98, 35, 32, 151, 22, 109, 133, 194, 43, 125, 177, 164, 183, 53, 176, 99, 134, 191, 126, 172, 90, 28, 107, 14, 160, 2, 59, 0], [0, 39, 113, 190, 31, 60, 88, 127, 171, 16, 21, 108, 153, 10, 140, 85, 166, 1, 193, 158, 33, 81, 61, 154, 168, 111, 25, 19, 116, 42, 8, 86, 67, 174, 68, 3, 141, 148, 129, 139, 0]]"
uniform,n200_m5_r03.txt,data\mtsp\stratum1_small\n200_m5_r03.txt,200,5,lkh3-baseline,1111.0747837350846,0.620565,0.620513,True,ok,"[{""metadata"": {""artifacts_dir"": ""C:\\Users\\ddkup\\AppData\\Local\\Temp\\mtsp_lkh3_baseline_runs\\run_1778080425763_41868_0"", ""exit_code"": ""0"", ""lkh3_wsl_bin"": ""/home/ddkup/bin/LKH"", ""objective_mode"": ""MINSUM"", ""output_tour_file"": ""C:\\Users\\ddkup\\AppData\\Local\\Temp\\mtsp_lkh3_baseline_runs\\run_1778080425763_41868_0\\output.tour"", ""params_file"": ""C:\\Users\\ddkup\\AppData\\Local\\Temp\\mtsp_lkh3_baseline_runs\\run_1778080425763_41868_0\\params.par"", ""params_wsl_path"": ""/mnt/c/Users/ddkup/AppData/Local/Temp/mtsp_lkh3_baseline_runs/run_1778080425763_41868_0/params.par"", ""problem_file"": ""C:\\Users\\ddkup\\AppData\\Local\\Temp\\mtsp_lkh3_baseline_runs\\run_1778080425763_41868_0\\problem.tsp"", ""result_file"": ""C:\\Users\\ddkup\\AppData\\Local\\Temp\\mtsp_lkh3_baseline_runs\\run_1778080425763_41868_0\\result.txt"", ""stderr_log"": ""C:\\Users\\ddkup\\AppData\\Local\\Temp\\mtsp_lkh3_baseline_runs\\run_1778080425763_41868_0\\stderr.log"", ""stdout_log"": ""C:\\Users\\ddkup\\AppData\\Local\\Temp\\mtsp_lkh3_baseline_runs\\run_1778080425763_41868_0\\stdout.log""}, ""name"": ""lkh3-baseline"", ""objective"": 1111.0747837350846, ""status"": ""ok"", ""time"": 0.620513, ""valid"": true}]","[[0, 15, 0], [0, 136, 0], [0, 162, 37, 195, 93, 187, 44, 143, 138, 96, 186, 82, 102, 97, 196, 184, 106, 28, 107, 75, 11, 132, 26, 12, 13, 178, 64, 161, 150, 103, 94, 20, 65, 9, 69, 49, 181, 123, 73, 36, 189, 52, 14, 57, 41, 160, 110, 17, 2, 163, 129, 58, 131, 59, 63, 119, 84, 192, 74, 71, 157, 120, 78, 165, 182, 198, 30, 149, 159, 135, 115, 128, 124, 130, 141, 148, 34, 62, 139, 77, 55, 51, 48, 38, 89, 76, 147, 7, 137, 180, 199, 80, 92, 3, 68, 174, 67, 86, 188, 114, 179, 185, 152, 47, 56, 116, 19, 25, 111, 168, 154, 42, 117, 18, 87, 8, 104, 122, 54, 45, 118, 145, 169, 79, 100, 27, 61, 81, 33, 158, 193, 1, 166, 85, 140, 10, 108, 153, 23, 112, 151, 173, 50, 46, 24, 146, 167, 125, 43, 194, 133, 109, 22, 32, 35, 121, 144, 21, 16, 171, 127, 88, 60, 156, 98, 70, 29, 6, 170, 4, 177, 164, 183, 53, 176, 99, 134, 191, 126, 90, 172, 83, 72, 101, 91, 66, 142, 105, 31, 190, 113, 5, 175, 95, 197, 155, 0], [0, 39, 0], [0, 40, 0]]"
uniform,n200_m5_r03.txt,data\mtsp\stratum1_small\n200_m5_r03.txt,200,5,lkh-wrapper-v20,1283.9479523070713,0.044976,0.044848,True,ok,"[{""metadata"": {""after_final_2opt_sum"": ""1283.947952"", ""after_inter_snapshot"": ""true"", ""after_inter_sum"": ""1283.947952"", ""after_inter_valid"": ""true"", ""after_inter_validation_code"": ""0"", ""after_polish2_sum"": ""1283.947952"", ""after_polish_sum"": ""1727.730739"", ""baseline_2optgreed_budget_ms"": ""7800"", ""baseline_2optgreed_ms"": ""3"", ""baseline_2optgreed_passes_per_route"": ""2,5,5,5,3"", ""baseline_2optgreed_sum"": ""1736.647242"", ""baseline_2optgreed_used_as_best"": ""true"", ""best_minsum_max"": ""387.942511"", ""best_minsum_sum"": ""1283.947952"", ""candidate_count_global"": ""22"", ""candidate_count_local"": ""14"", ""effective_total_ms"": ""9800"", ""final_2opt_cap_ms"": ""9557"", ""final_2opt_elapsed_ms"": ""0"", ""inter_broken_by"": ""none"", ""inter_budget_ms"": ""2450"", ""inter_iters"": ""64"", ""inter_oropt_accepts"": ""5"", ""inter_relocate_accepts"": ""59"", ""inter_swap_accepts"": ""0"", ""node_count"": ""200"", ""omp_max_threads"": ""14"", ""omp_polish"": ""true"", ""phase8_accepts"": ""0"", ""phase8_iters"": ""0"", ""polish_phase_budget_ms"": ""3430"", ""popmusic_solutions"": ""0"", ""salesman_count"": ""5"", ""seed"": ""42"", ""seed_chosen"": ""rr"", ""seed_fast_sum"": ""2980.595443"", ""seed_minsum"": ""1876.735146"", ""seed_polar_sum"": ""3562.474638"", ""seed_rr_sum"": ""1876.735146"", ""seed_savings_sum"": ""1921.498837"", ""total_elapsed_ms"": ""44""}, ""name"": ""lkh-wrapper-v20"", ""objective"": 1283.9479523070713, ""status"": ""ok"", ""time"": 0.044848, ""valid"": true}]","[[0, 162, 66, 83, 4, 170, 125, 167, 146, 24, 46, 50, 173, 112, 23, 153, 10, 118, 145, 27, 100, 79, 169, 18, 117, 42, 87, 8, 104, 122, 54, 45, 5, 175, 95, 0], [0, 40, 51, 77, 62, 34, 120, 78, 165, 182, 198, 30, 149, 92, 80, 199, 180, 137, 76, 7, 147, 155, 197, 15, 0], [0, 136, 20, 65, 9, 69, 49, 181, 123, 73, 36, 178, 64, 75, 106, 184, 196, 97, 102, 82, 186, 96, 138, 143, 44, 150, 161, 103, 94, 93, 195, 37, 0], [0, 105, 142, 91, 101, 72, 29, 6, 70, 156, 98, 144, 121, 35, 32, 151, 22, 109, 133, 194, 43, 177, 164, 183, 53, 176, 99, 134, 191, 126, 172, 90, 187, 28, 107, 13, 12, 11, 132, 26, 189, 52, 14, 57, 41, 160, 110, 17, 2, 163, 129, 58, 131, 59, 63, 119, 84, 192, 74, 71, 157, 139, 55, 0], [0, 48, 38, 89, 124, 115, 128, 130, 148, 141, 135, 159, 3, 68, 174, 67, 86, 188, 114, 179, 185, 152, 47, 56, 116, 19, 25, 111, 168, 154, 81, 33, 61, 1, 158, 193, 166, 85, 140, 108, 21, 16, 171, 127, 88, 60, 31, 190, 113, 39, 0]]"
uniform,n200_m5_r03.txt,data\mtsp\stratum1_small\n200_m5_r03.txt,200,5,lkh-wrapper-v21,1108.376825461954,3.350448,3.350305,True,ok,"[{""metadata"": {""after_final_2opt_sum"": ""1283.947952"", ""after_inter_snapshot"": ""true"", ""after_inter_sum"": ""1283.947952"", ""after_inter_valid"": ""true"", ""after_inter_validation_code"": ""0"", ""after_polish2_sum"": ""1283.947952"", ""after_polish_sum"": ""1727.730739"", ""baseline_2optgreed_budget_ms"": ""7800"", ""baseline_2optgreed_ms"": ""2"", ""baseline_2optgreed_passes_per_route"": ""2,5,5,5,3"", ""baseline_2optgreed_sum"": ""1736.647242"", ""baseline_2optgreed_used_as_best"": ""true"", ""best_minsum_max"": ""679.215586"", ""best_minsum_sum"": ""1108.376825"", ""candidate_count_global"": ""22"", ""candidate_count_local"": ""14"", ""effective_total_ms"": ""9800"", ""final_2opt_cap_ms"": ""9556"", ""final_2opt_elapsed_ms"": ""0"", ""inter_broken_by"": ""none"", ""inter_budget_ms"": ""2450"", ""inter_iters"": ""64"", ""inter_oropt_accepts"": ""5"", ""inter_relocate_accepts"": ""59"", ""inter_swap_accepts"": ""0"", ""node_count"": ""200"", ""omp_max_threads"": ""14"", ""omp_polish"": ""true"", ""phase8_accepts"": ""0"", ""phase8_iters"": ""0"", ""phase9_accepts"": ""1458"", ""phase9_best_updates"": ""71"", ""phase9_first_delta"": ""0.000"", ""phase9_iters"": ""5000"", ""phase9_last_delta"": ""8.049"", ""phase9_reserve_ms"": ""3000"", ""phase9_total_delta"": ""175.571127"", ""polish_phase_budget_ms"": ""3430"", ""popmusic_solutions"": ""0"", ""salesman_count"": ""5"", ""seed"": ""42"", ""seed_chosen"": ""rr"", ""seed_fast_sum"": ""2980.595443"", ""seed_minsum"": ""1876.735146"", ""seed_polar_sum"": ""3562.474638"", ""seed_rr_sum"": ""1876.735146"", ""seed_savings_sum"": ""1921.498837"", ""total_elapsed_ms"": ""3350""}, ""name"": ""lkh-wrapper-v21"", ""objective"": 1108.376825461954, ""status"": ""ok"", ""time"": 3.350305, ""valid"": true}]","[[0, 0], [0, 0], [0, 0], [0, 40, 48, 51, 55, 77, 139, 62, 34, 120, 157, 71, 74, 192, 119, 84, 78, 165, 182, 198, 59, 63, 131, 58, 129, 163, 2, 17, 110, 160, 41, 57, 14, 52, 189, 36, 73, 123, 181, 49, 69, 9, 65, 20, 94, 103, 150, 161, 64, 178, 13, 12, 26, 132, 11, 75, 107, 28, 106, 184, 196, 97, 102, 82, 186, 96, 138, 143, 44, 187, 93, 195, 37, 162, 136, 0], [0, 39, 95, 175, 5, 113, 190, 31, 105, 142, 66, 91, 101, 72, 70, 29, 6, 170, 177, 4, 83, 172, 90, 126, 191, 134, 99, 176, 53, 183, 164, 125, 167, 146, 24, 46, 43, 194, 133, 109, 22, 50, 173, 151, 32, 112, 23, 153, 108, 16, 21, 144, 35, 121, 98, 156, 60, 88, 127, 171, 10, 140, 85, 166, 1, 193, 158, 33, 81, 61, 27, 100, 79, 169, 18, 117, 42, 154, 168, 111, 25, 19, 116, 56, 87, 8, 145, 118, 45, 54, 122, 104, 47, 152, 185, 179, 114, 188, 67, 86, 180, 137, 199, 80, 174, 68, 3, 92, 135, 159, 149, 30, 141, 148, 130, 128, 115, 124, 38, 89, 76, 7, 147, 155, 197, 15, 0]]"
uniform,n200_m7_r01.txt,data\mtsp\stratum1_small\n200_m7_r01.txt,200,7,rand+nn,3536.8601745277547,0.000112,8.6e-05,True,ok,"[{""name"": ""rand+nn"", ""objective"": 3536.8601745277547, ""status"": ""ok"", ""time"": 8.6e-05, ""valid"": true}]","[[0, 38, 180, 76, 193, 135, 132, 44, 59, 10, 128, 45, 77, 123, 178, 122, 3, 19, 8, 127, 199, 111, 27, 183, 99, 112, 25, 75, 153, 130, 0], [0, 124, 164, 74, 149, 36, 151, 177, 119, 33, 95, 166, 6, 55, 141, 181, 98, 186, 5, 66, 47, 118, 188, 105, 155, 23, 50, 43, 109, 17, 0], [0, 102, 154, 71, 96, 49, 131, 70, 174, 195, 64, 103, 162, 1, 7, 117, 173, 179, 57, 158, 54, 137, 115, 156, 168, 148, 26, 39, 35, 101, 0], [0, 72, 196, 80, 65, 58, 161, 114, 52, 41, 60, 21, 12, 53, 83, 67, 138, 51, 189, 92, 106, 22, 13, 110, 157, 175, 91, 167, 63, 0], [0, 159, 171, 34, 197, 192, 88, 145, 125, 11, 90, 194, 169, 185, 79, 48, 73, 163, 2, 42, 108, 37, 16, 120, 97, 172, 40, 144, 139, 0], [0, 18, 134, 182, 62, 46, 126, 9, 20, 24, 100, 121, 170, 30, 68, 147, 191, 56, 133, 28, 82, 93, 104, 87, 61, 86, 160, 4, 31, 0], [0, 15, 142, 84, 69, 116, 165, 81, 78, 198, 140, 146, 150, 129, 94, 187, 113, 32, 184, 176, 107, 89, 85, 152, 143, 136, 29, 190, 14, 0]]"
uniform,n200_m7_r01.txt,data\mtsp\stratum1_small\n200_m7_r01.txt,200,7,2opt+greed,1950.546089443768,0.000416,0.000391,True,ok,"[{""name"": ""2opt+greed"", ""objective"": 1950.546089443768, ""status"": ""ok"", ""time"": 0.000391, ""valid"": true}]","[[0, 18, 122, 178, 139, 94, 123, 195, 67, 81, 40, 146, 140, 177, 151, 144, 129, 88, 174, 145, 12, 197, 96, 171, 192, 187, 53, 124, 164, 159, 0], [0, 38, 180, 179, 76, 126, 175, 193, 157, 20, 66, 110, 135, 5, 136, 29, 22, 13, 86, 108, 106, 101, 104, 14, 93, 35, 82, 95, 78, 28, 0], [0, 134, 57, 24, 185, 121, 19, 3, 105, 89, 50, 43, 199, 183, 161, 112, 148, 130, 90, 70, 191, 56, 150, 7, 63, 119, 198, 33, 167, 87, 0], [0, 72, 158, 118, 79, 47, 80, 127, 65, 25, 152, 58, 156, 4, 160, 109, 27, 32, 131, 194, 21, 83, 97, 165, 120, 74, 117, 69, 116, 0], [0, 15, 54, 196, 100, 8, 169, 188, 155, 23, 111, 114, 31, 168, 99, 85, 75, 115, 137, 9, 48, 84, 10, 16, 6, 45, 77, 138, 51, 0], [0, 142, 182, 173, 59, 98, 2, 189, 166, 128, 37, 55, 141, 39, 92, 26, 42, 132, 44, 61, 181, 190, 143, 186, 91, 73, 163, 46, 62, 0], [0, 102, 68, 154, 30, 41, 52, 107, 170, 11, 153, 17, 184, 71, 176, 60, 125, 147, 34, 49, 113, 133, 36, 1, 103, 162, 172, 64, 149, 0]]"
uniform,n200_m7_r01.txt,data\mtsp\stratum1_small\n200_m7_r01.txt,200,7,lkh3-baseline,1131.6696283026138,0.592737,0.592554,True,ok,"[{""metadata"": {""artifacts_dir"": ""C:\\Users\\ddkup\\AppData\\Local\\Temp\\mtsp_lkh3_baseline_runs\\run_1778080429955_41512_0"", ""exit_code"": ""0"", ""lkh3_wsl_bin"": ""/home/ddkup/bin/LKH"", ""objective_mode"": ""MINSUM"", ""output_tour_file"": ""C:\\Users\\ddkup\\AppData\\Local\\Temp\\mtsp_lkh3_baseline_runs\\run_1778080429955_41512_0\\output.tour"", ""params_file"": ""C:\\Users\\ddkup\\AppData\\Local\\Temp\\mtsp_lkh3_baseline_runs\\run_1778080429955_41512_0\\params.par"", ""params_wsl_path"": ""/mnt/c/Users/ddkup/AppData/Local/Temp/mtsp_lkh3_baseline_runs/run_1778080429955_41512_0/params.par"", ""problem_file"": ""C:\\Users\\ddkup\\AppData\\Local\\Temp\\mtsp_lkh3_baseline_runs\\run_1778080429955_41512_0\\problem.tsp"", ""result_file"": ""C:\\Users\\ddkup\\AppData\\Local\\Temp\\mtsp_lkh3_baseline_runs\\run_1778080429955_41512_0\\result.txt"", ""stderr_log"": ""C:\\Users\\ddkup\\AppData\\Local\\Temp\\mtsp_lkh3_baseline_runs\\run_1778080429955_41512_0\\stderr.log"", ""stdout_log"": ""C:\\Users\\ddkup\\AppData\\Local\\Temp\\mtsp_lkh3_baseline_runs\\run_1778080429955_41512_0\\stdout.log""}, ""name"": ""lkh3-baseline"", ""objective"": 1131.6696283026138, ""status"": ""ok"", ""time"": 0.592554, ""valid"": true}]","[[0, 18, 0], [0, 102, 159, 68, 41, 154, 30, 125, 60, 176, 71, 184, 11, 153, 17, 130, 32, 90, 131, 70, 194, 49, 191, 21, 113, 145, 174, 12, 197, 96, 147, 34, 171, 164, 53, 124, 122, 116, 69, 117, 74, 120, 83, 178, 139, 195, 123, 94, 187, 192, 88, 129, 56, 133, 144, 150, 7, 63, 119, 146, 140, 177, 151, 1, 36, 28, 67, 64, 149, 97, 172, 103, 162, 198, 40, 33, 167, 77, 81, 165, 138, 45, 78, 128, 37, 166, 51, 6, 16, 10, 84, 59, 2, 98, 173, 182, 62, 46, 163, 73, 91, 190, 181, 61, 44, 189, 132, 42, 87, 26, 92, 39, 141, 55, 95, 82, 35, 93, 14, 104, 101, 106, 108, 86, 13, 22, 29, 136, 5, 143, 186, 135, 110, 66, 20, 157, 193, 175, 126, 76, 48, 9, 137, 115, 75, 79, 47, 80, 127, 65, 25, 152, 58, 156, 4, 160, 109, 112, 99, 168, 161, 85, 183, 31, 199, 43, 114, 50, 111, 23, 148, 27, 89, 155, 188, 105, 170, 107, 52, 3, 169, 19, 185, 121, 8, 100, 196, 24, 118, 54, 158, 57, 179, 180, 0], [0, 142, 0], [0, 15, 0], [0, 72, 0], [0, 134, 0], [0, 38, 0]]"
uniform,n200_m7_r01.txt,data\mtsp\stratum1_small\n200_m7_r01.txt,200,7,lkh-wrapper-v20,1152.9145493502028,0.039077,0.038957,True,ok,"[{""metadata"": {""after_final_2opt_sum"": ""1152.914549"", ""after_inter_snapshot"": ""true"", ""after_inter_sum"": ""1169.013635"", ""after_inter_valid"": ""true"", ""after_inter_validation_code"": ""0"", ""after_polish2_sum"": ""1168.335481"", ""after_polish_sum"": ""1597.151612"", ""baseline_2optgreed_budget_ms"": ""7800"", ""baseline_2optgreed_ms"": ""2"", ""baseline_2optgreed_passes_per_route"": ""4,3,1,3,3,3,1"", ""baseline_2optgreed_sum"": ""1950.546089"", ""baseline_2optgreed_used_as_best"": ""false"", ""best_minsum_max"": ""1080.454896"", ""best_minsum_sum"": ""1152.914549"", ""candidate_count_global"": ""22"", ""candidate_count_local"": ""14"", ""effective_total_ms"": ""9800"", ""final_2opt_cap_ms"": ""9563"", ""final_2opt_elapsed_ms"": ""1"", ""inter_broken_by"": ""none"", ""inter_budget_ms"": ""2450"", ""inter_iters"": ""30"", ""inter_oropt_accepts"": ""1"", ""inter_relocate_accepts"": ""28"", ""inter_swap_accepts"": ""1"", ""node_count"": ""200"", ""omp_max_threads"": ""14"", ""omp_polish"": ""true"", ""phase8_accepts"": ""0"", ""phase8_iters"": ""0"", ""polish_phase_budget_ms"": ""3430"", ""popmusic_solutions"": ""0"", ""salesman_count"": ""7"", ""seed"": ""42"", ""seed_chosen"": ""savings"", ""seed_fast_sum"": ""2558.409914"", ""seed_minsum"": ""1902.379439"", ""seed_polar_sum"": ""3817.935487"", ""seed_rr_sum"": ""2016.845073"", ""seed_savings_sum"": ""1902.379439"", ""total_elapsed_ms"": ""38""}, ""name"": ""lkh-wrapper-v20"", ""objective"": 1152.9145493502028, ""status"": ""ok"", ""time"": 0.038957, ""valid"": true}]","[[0, 38, 134, 72, 15, 180, 179, 57, 158, 54, 24, 118, 79, 47, 80, 100, 127, 65, 25, 152, 58, 156, 4, 160, 109, 112, 99, 168, 161, 85, 183, 31, 199, 43, 111, 148, 27, 23, 50, 114, 8, 196, 185, 121, 155, 89, 170, 105, 188, 19, 169, 3, 107, 52, 41, 154, 30, 147, 34, 197, 96, 125, 60, 176, 71, 184, 11, 153, 17, 130, 32, 90, 131, 70, 194, 49, 191, 21, 113, 12, 145, 174, 192, 187, 88, 129, 56, 133, 144, 36, 151, 150, 7, 63, 119, 146, 140, 177, 1, 103, 162, 198, 40, 33, 167, 77, 165, 81, 172, 97, 149, 64, 67, 28, 195, 123, 94, 139, 178, 83, 120, 74, 117, 69, 116, 84, 59, 173, 2, 98, 190, 181, 61, 44, 189, 132, 42, 87, 26, 92, 39, 141, 55, 10, 16, 6, 51, 138, 45, 78, 166, 37, 128, 95, 82, 35, 93, 14, 104, 101, 106, 108, 86, 13, 22, 29, 136, 110, 66, 20, 157, 193, 9, 137, 115, 75, 48, 76, 175, 126, 73, 186, 143, 135, 5, 91, 46, 163, 62, 182, 142, 0], [0, 0], [0, 0], [0, 0], [0, 0], [0, 102, 68, 171, 164, 53, 124, 122, 159, 18, 0], [0, 0]]"
uniform,n200_m7_r01.txt,data\mtsp\stratum1_small\n200_m7_r01.txt,200,7,lkh-wrapper-v21,1100.6869491103062,3.5453,3.545149,True,ok,"[{""metadata"": {""after_final_2opt_sum"": ""1152.914549"", ""after_inter_snapshot"": ""true"", ""after_inter_sum"": ""1169.013635"", ""after_inter_valid"": ""true"", ""after_inter_validation_code"": ""0"", ""after_polish2_sum"": ""1168.335481"", ""after_polish_sum"": ""1597.151612"", ""baseline_2optgreed_budget_ms"": ""7800"", ""baseline_2optgreed_ms"": ""2"", ""baseline_2optgreed_passes_per_route"": ""4,3,1,3,3,3,1"", ""baseline_2optgreed_sum"": ""1950.546089"", ""baseline_2optgreed_used_as_best"": ""false"", ""best_minsum_max"": ""571.768729"", ""best_minsum_sum"": ""1100.686949"", ""candidate_count_global"": ""22"", ""candidate_count_local"": ""14"", ""effective_total_ms"": ""9800"", ""final_2opt_cap_ms"": ""9562"", ""final_2opt_elapsed_ms"": ""1"", ""inter_broken_by"": ""none"", ""inter_budget_ms"": ""2450"", ""inter_iters"": ""30"", ""inter_oropt_accepts"": ""1"", ""inter_relocate_accepts"": ""28"", ""inter_swap_accepts"": ""1"", ""node_count"": ""200"", ""omp_max_threads"": ""14"", ""omp_polish"": ""true"", ""phase8_accepts"": ""0"", ""phase8_iters"": ""0"", ""phase9_accepts"": ""1403"", ""phase9_best_updates"": ""41"", ""phase9_first_delta"": ""1.505"", ""phase9_iters"": ""5000"", ""phase9_last_delta"": ""28.225"", ""phase9_reserve_ms"": ""3000"", ""phase9_total_delta"": ""52.227600"", ""polish_phase_budget_ms"": ""3430"", ""popmusic_solutions"": ""0"", ""salesman_count"": ""7"", ""seed"": ""42"", ""seed_chosen"": ""savings"", ""seed_fast_sum"": ""2558.409914"", ""seed_minsum"": ""1902.379439"", ""seed_polar_sum"": ""3817.935487"", ""seed_rr_sum"": ""2016.845073"", ""seed_savings_sum"": ""1902.379439"", ""total_elapsed_ms"": ""3545""}, ""name"": ""lkh-wrapper-v21"", ""objective"": 1100.6869491103062, ""status"": ""ok"", ""time"": 3.545149, ""valid"": true}]","[[0, 142, 116, 69, 117, 74, 120, 83, 178, 139, 195, 123, 94, 187, 192, 88, 129, 56, 133, 144, 150, 7, 63, 119, 146, 140, 177, 151, 1, 36, 28, 67, 64, 149, 97, 172, 103, 162, 198, 40, 33, 167, 77, 81, 165, 138, 45, 78, 51, 6, 16, 10, 166, 37, 128, 95, 82, 35, 93, 14, 104, 101, 106, 108, 86, 13, 22, 29, 136, 87, 26, 92, 39, 141, 55, 189, 61, 44, 132, 42, 190, 181, 98, 2, 59, 84, 173, 182, 62, 46, 163, 180, 15, 72, 134, 38, 0], [0, 0], [0, 0], [0, 0], [0, 0], [0, 18, 122, 124, 53, 164, 171, 34, 147, 96, 197, 12, 174, 145, 113, 21, 191, 49, 194, 70, 131, 90, 32, 130, 17, 153, 11, 184, 71, 60, 125, 176, 170, 105, 188, 155, 89, 27, 148, 23, 111, 50, 114, 43, 199, 31, 183, 85, 161, 168, 99, 112, 109, 160, 4, 156, 58, 152, 25, 65, 127, 80, 47, 79, 48, 75, 115, 137, 9, 193, 157, 20, 66, 110, 135, 5, 143, 186, 91, 73, 126, 175, 76, 179, 57, 158, 54, 118, 24, 196, 100, 8, 121, 185, 19, 169, 3, 107, 52, 41, 30, 154, 68, 159, 102, 0], [0, 0]]"
uniform,n200_m7_r02.txt,data\mtsp\stratum1_small\n200_m7_r02.txt,200,7,rand+nn,3875.928714643692,8.9e-05,6.3e-05,True,ok,"[{""name"": ""rand+nn"", ""objective"": 3875.928714643692, ""status"": ""ok"", ""time"": 6.3e-05, ""valid"": true}]","[[0, 75, 38, 19, 153, 132, 122, 99, 111, 112, 127, 178, 199, 25, 76, 128, 183, 180, 45, 193, 27, 123, 130, 135, 3, 44, 10, 59, 8, 77, 0], [0, 43, 50, 141, 33, 177, 6, 188, 55, 186, 5, 119, 95, 109, 74, 124, 47, 155, 23, 36, 164, 166, 151, 105, 181, 118, 17, 149, 98, 66, 0], [0, 102, 1, 174, 54, 179, 168, 148, 7, 117, 39, 131, 115, 158, 156, 96, 35, 195, 57, 64, 26, 154, 173, 71, 49, 162, 103, 70, 137, 101, 0], [0, 189, 92, 175, 157, 13, 21, 63, 52, 80, 83, 167, 65, 60, 51, 138, 72, 22, 106, 67, 110, 91, 161, 53, 196, 12, 58, 41, 114, 0], [0, 163, 16, 73, 171, 40, 139, 11, 42, 79, 169, 192, 125, 159, 48, 108, 120, 145, 90, 97, 172, 37, 88, 194, 2, 144, 185, 197, 34, 0], [0, 68, 93, 20, 100, 182, 61, 30, 133, 31, 170, 62, 191, 87, 82, 126, 56, 28, 121, 18, 160, 9, 24, 46, 147, 104, 86, 134, 4, 0], [0, 14, 187, 81, 15, 94, 116, 142, 152, 78, 150, 165, 140, 129, 143, 136, 29, 176, 190, 89, 32, 198, 146, 85, 113, 184, 69, 107, 84, 0]]"
uniform,n200_m7_r02.txt,data\mtsp\stratum1_small\n200_m7_r02.txt,200,7,2opt+greed,1916.2190836210898,0.000497,0.000461,True,ok,"[{""name"": ""2opt+greed"", ""objective"": 1916.2190836210898, ""status"": ""ok"", ""time"": 0.000461, ""valid"": true}]","[[0, 189, 43, 169, 129, 141, 140, 83, 70, 80, 159, 130, 123, 66, 168, 27, 160, 114, 188, 6, 52, 125, 165, 55, 48, 108, 186, 174, 3, 192, 0], [0, 163, 47, 94, 84, 158, 151, 41, 142, 88, 126, 95, 152, 7, 78, 119, 148, 194, 5, 45, 193, 179, 180, 54, 63, 1, 44, 93, 89, 75, 0], [0, 11, 2, 74, 124, 87, 164, 4, 36, 172, 25, 199, 196, 53, 97, 107, 178, 137, 31, 101, 133, 110, 30, 35, 96, 61, 171, 100, 14, 92, 0], [0, 68, 9, 177, 24, 103, 59, 46, 176, 147, 71, 65, 79, 60, 143, 64, 51, 138, 26, 72, 122, 32, 22, 118, 106, 132, 181, 57, 19, 0], [0, 187, 121, 155, 76, 115, 183, 131, 166, 39, 116, 128, 37, 82, 15, 117, 81, 109, 56, 150, 21, 28, 18, 120, 157, 13, 175, 102, 42, 0], [0, 38, 139, 20, 105, 153, 67, 149, 144, 134, 185, 86, 198, 99, 104, 17, 77, 136, 8, 154, 29, 173, 190, 49, 162, 10, 167, 33, 50, 0], [0, 195, 182, 73, 40, 113, 85, 127, 112, 111, 197, 146, 161, 91, 98, 34, 170, 184, 69, 90, 156, 58, 23, 62, 12, 191, 145, 16, 135, 0]]"
uniform,n200_m7_r02.txt,data\mtsp\stratum1_small\n200_m7_r02.txt,200,7,lkh3-baseline,1160.0893649859281,0.623203,0.623092,True,ok,"[{""metadata"": {""artifacts_dir"": ""C:\\Users\\ddkup\\AppData\\Local\\Temp\\mtsp_lkh3_baseline_runs\\run_1778080434308_11336_0"", ""exit_code"": ""0"", ""lkh3_wsl_bin"": ""/home/ddkup/bin/LKH"", ""objective_mode"": ""MINSUM"", ""output_tour_file"": ""C:\\Users\\ddkup\\AppData\\Local\\Temp\\mtsp_lkh3_baseline_runs\\run_1778080434308_11336_0\\output.tour"", ""params_file"": ""C:\\Users\\ddkup\\AppData\\Local\\Temp\\mtsp_lkh3_baseline_runs\\run_1778080434308_11336_0\\params.par"", ""params_wsl_path"": ""/mnt/c/Users/ddkup/AppData/Local/Temp/mtsp_lkh3_baseline_runs/run_1778080434308_11336_0/params.par"", ""problem_file"": ""C:\\Users\\ddkup\\AppData\\Local\\Temp\\mtsp_lkh3_baseline_runs\\run_1778080434308_11336_0\\problem.tsp"", ""result_file"": ""C:\\Users\\ddkup\\AppData\\Local\\Temp\\mtsp_lkh3_baseline_runs\\run_1778080434308_11336_0\\result.txt"", ""stderr_log"": ""C:\\Users\\ddkup\\AppData\\Local\\Temp\\mtsp_lkh3_baseline_runs\\run_1778080434308_11336_0\\stderr.log"", ""stdout_log"": ""C:\\Users\\ddkup\\AppData\\Local\\Temp\\mtsp_lkh3_baseline_runs\\run_1778080434308_11336_0\\stdout.log""}, ""name"": ""lkh3-baseline"", ""objective"": 1160.0893649859281, ""status"": ""ok"", ""time"": 0.623092, ""valid"": true}]","[[0, 189, 0], [0, 175, 120, 157, 13, 74, 121, 109, 81, 117, 15, 82, 37, 128, 126, 95, 152, 7, 78, 56, 150, 21, 28, 18, 180, 54, 179, 108, 48, 55, 188, 114, 160, 27, 168, 193, 45, 5, 119, 148, 194, 2, 135, 66, 123, 130, 159, 9, 177, 33, 24, 103, 162, 167, 10, 141, 140, 83, 52, 70, 80, 6, 125, 165, 174, 186, 63, 3, 1, 192, 44, 169, 93, 43, 89, 11, 42, 50, 129, 60, 79, 65, 29, 147, 71, 176, 46, 59, 49, 190, 173, 154, 8, 136, 77, 143, 17, 104, 64, 51, 138, 26, 72, 122, 32, 22, 118, 106, 132, 181, 57, 19, 139, 20, 105, 153, 67, 149, 144, 99, 198, 86, 185, 134, 161, 91, 146, 98, 34, 101, 31, 137, 170, 178, 107, 97, 53, 196, 199, 25, 172, 36, 4, 164, 115, 183, 158, 84, 151, 41, 142, 88, 116, 39, 131, 166, 76, 94, 87, 155, 47, 124, 163, 187, 16, 145, 191, 12, 62, 23, 58, 156, 90, 69, 184, 30, 110, 133, 197, 111, 112, 127, 85, 35, 96, 113, 61, 40, 171, 73, 182, 100, 14, 195, 0], [0, 38, 0], [0, 102, 0], [0, 68, 0], [0, 92, 0], [0, 75, 0]]"
uniform,n200_m7_r02.txt,data\mtsp\stratum1_small\n200_m7_r02.txt,200,7,lkh-wrapper-v20,1296.3074764711273,0.051316,0.051159,True,ok,"[{""metadata"": {""after_final_2opt_sum"": ""1296.307476"", ""after_inter_snapshot"": ""true"", ""after_inter_sum"": ""1312.097196"", ""after_inter_valid"": ""true"", ""after_inter_validation_code"": ""0"", ""after_polish2_sum"": ""1301.839433"", ""after_polish_sum"": ""1681.295873"", ""baseline_2optgreed_budget_ms"": ""7800"", ""baseline_2optgreed_ms"": ""1"", ""baseline_2optgreed_passes_per_route"": ""3,2,2,2,3,2,3"", ""baseline_2optgreed_sum"": ""1916.219084"", ""baseline_2optgreed_used_as_best"": ""false"", ""best_minsum_max"": ""509.690201"", ""best_minsum_sum"": ""1296.307476"", ""candidate_count_global"": ""22"", ""candidate_count_local"": ""14"", ""effective_total_ms"": ""9800"", ""final_2opt_cap_ms"": ""9551"", ""final_2opt_elapsed_ms"": ""0"", ""inter_broken_by"": ""none"", ""inter_budget_ms"": ""2450"", ""inter_iters"": ""56"", ""inter_oropt_accepts"": ""5"", ""inter_relocate_accepts"": ""49"", ""inter_swap_accepts"": ""2"", ""node_count"": ""200"", ""omp_max_threads"": ""14"", ""omp_polish"": ""true"", ""phase8_accepts"": ""0"", ""phase8_iters"": ""0"", ""polish_phase_budget_ms"": ""3430"", ""popmusic_solutions"": ""0"", ""salesman_count"": ""7"", ""seed"": ""42"", ""seed_chosen"": ""savings"", ""seed_fast_sum"": ""2736.150335"", ""seed_minsum"": ""1884.498802"", ""seed_polar_sum"": ""3904.978541"", ""seed_rr_sum"": ""2190.770384"", ""seed_savings_sum"": ""1884.498802"", ""total_elapsed_ms"": ""50""}, ""name"": ""lkh-wrapper-v20"", ""objective"": 1296.3074764711273, ""status"": ""ok"", ""time"": 0.051159, ""valid"": true}]","[[0, 14, 100, 67, 149, 112, 111, 197, 34, 98, 146, 91, 161, 134, 185, 86, 198, 99, 122, 72, 26, 138, 51, 64, 104, 17, 143, 42, 11, 169, 93, 43, 0], [0, 120, 18, 28, 21, 150, 56, 126, 128, 37, 94, 87, 191, 145, 47, 124, 187, 16, 163, 0], [0, 0], [0, 175, 157, 13, 74, 121, 109, 81, 117, 15, 82, 155, 62, 23, 12, 58, 156, 90, 69, 184, 30, 110, 133, 101, 31, 137, 170, 178, 107, 97, 53, 196, 199, 25, 172, 36, 4, 164, 115, 183, 158, 84, 131, 76, 166, 39, 116, 151, 41, 142, 88, 95, 152, 7, 78, 119, 5, 148, 194, 2, 135, 66, 123, 130, 159, 70, 80, 6, 125, 188, 114, 160, 27, 168, 45, 193, 186, 174, 3, 1, 192, 44, 0], [0, 92, 38, 139, 19, 20, 153, 105, 57, 181, 132, 106, 118, 22, 32, 144, 127, 85, 35, 96, 113, 61, 40, 171, 73, 182, 195, 0], [0, 189, 75, 68, 89, 50, 129, 60, 77, 136, 8, 154, 29, 147, 173, 190, 49, 59, 46, 176, 71, 65, 79, 141, 140, 10, 167, 162, 103, 24, 33, 177, 9, 83, 52, 165, 55, 48, 108, 179, 180, 54, 63, 102, 0], [0, 0]]"
uniform,n200_m7_r02.txt,data\mtsp\stratum1_small\n200_m7_r02.txt,200,7,lkh-wrapper-v21,1136.0387539801175,3.22823,3.228051,True,ok,"[{""metadata"": {""after_final_2opt_sum"": ""1296.307476"", ""after_inter_snapshot"": ""true"", ""after_inter_sum"": ""1312.097196"", ""after_inter_valid"": ""true"", ""after_inter_validation_code"": ""0"", ""after_polish2_sum"": ""1301.839433"", ""after_polish_sum"": ""1681.295873"", ""baseline_2optgreed_budget_ms"": ""7800"", ""baseline_2optgreed_ms"": ""1"", ""baseline_2optgreed_passes_per_route"": ""3,2,2,2,3,2,3"", ""baseline_2optgreed_sum"": ""1916.219084"", ""baseline_2optgreed_used_as_best"": ""false"", ""best_minsum_max"": ""747.582141"", ""best_minsum_sum"": ""1136.038754"", ""candidate_count_global"": ""22"", ""candidate_count_local"": ""14"", ""effective_total_ms"": ""9800"", ""final_2opt_cap_ms"": ""9554"", ""final_2opt_elapsed_ms"": ""0"", ""inter_broken_by"": ""none"", ""inter_budget_ms"": ""2450"", ""inter_iters"": ""56"", ""inter_oropt_accepts"": ""5"", ""inter_relocate_accepts"": ""49"", ""inter_swap_accepts"": ""2"", ""node_count"": ""200"", ""omp_max_threads"": ""14"", ""omp_polish"": ""true"", ""phase8_accepts"": ""0"", ""phase8_iters"": ""0"", ""phase9_accepts"": ""1459"", ""phase9_best_updates"": ""61"", ""phase9_first_delta"": ""0.000"", ""phase9_iters"": ""5000"", ""phase9_last_delta"": ""35.999"", ""phase9_reserve_ms"": ""3000"", ""phase9_total_delta"": ""160.268722"", ""polish_phase_budget_ms"": ""3430"", ""popmusic_solutions"": ""0"", ""salesman_count"": ""7"", ""seed"": ""42"", ""seed_chosen"": ""savings"", ""seed_fast_sum"": ""2736.150335"", ""seed_minsum"": ""1884.498802"", ""seed_polar_sum"": ""3904.978541"", ""seed_rr_sum"": ""2190.770384"", ""seed_savings_sum"": ""1884.498802"", ""total_elapsed_ms"": ""3227""}, ""name"": ""lkh-wrapper-v21"", ""objective"": 1136.0387539801175, ""status"": ""ok"", ""time"": 3.228051, ""valid"": true}]","[[0, 0], [0, 102, 120, 175, 157, 13, 74, 121, 28, 21, 150, 56, 78, 7, 95, 152, 109, 81, 117, 15, 82, 37, 128, 126, 88, 142, 41, 151, 116, 39, 166, 76, 131, 84, 158, 183, 115, 164, 4, 36, 172, 25, 199, 196, 53, 97, 107, 178, 170, 137, 31, 101, 184, 69, 90, 156, 145, 191, 58, 12, 23, 62, 94, 87, 155, 47, 124, 187, 16, 163, 0], [0, 0], [0, 0], [0, 0], [0, 92, 38, 100, 14, 195, 182, 73, 171, 40, 61, 113, 96, 35, 85, 127, 112, 30, 110, 133, 111, 197, 34, 98, 146, 91, 161, 134, 185, 86, 198, 99, 144, 149, 67, 153, 20, 139, 19, 57, 181, 105, 132, 106, 118, 22, 32, 122, 72, 26, 138, 51, 64, 104, 17, 143, 77, 136, 8, 154, 29, 71, 147, 173, 190, 49, 59, 46, 176, 65, 79, 60, 129, 50, 42, 11, 89, 169, 52, 83, 140, 141, 10, 167, 162, 103, 24, 33, 177, 9, 159, 70, 80, 6, 125, 165, 174, 55, 114, 188, 130, 123, 160, 27, 168, 135, 66, 2, 194, 148, 119, 5, 45, 193, 48, 186, 108, 179, 180, 18, 54, 63, 3, 1, 192, 44, 93, 43, 68, 75, 189, 0], [0, 0]]"
uniform,n200_m7_r03.txt,data\mtsp\stratum1_small\n200_m7_r03.txt,200,7,rand+nn,3692.12768046374,0.000186,0.000147,True,ok,"[{""name"": ""rand+nn"", ""objective"": 3692.12768046374, ""status"": ""ok"", ""time"": 0.000147, ""valid"": true}]","[[0, 44, 180, 122, 183, 45, 112, 38, 123, 128, 178, 135, 127, 8, 10, 199, 132, 27, 111, 99, 130, 77, 25, 153, 75, 76, 3, 193, 19, 59, 0], [0, 33, 55, 188, 36, 95, 43, 164, 23, 109, 50, 124, 74, 166, 118, 119, 105, 151, 141, 149, 98, 5, 155, 181, 6, 47, 17, 66, 186, 177, 0], [0, 35, 1, 162, 54, 154, 117, 168, 115, 70, 49, 101, 103, 137, 179, 158, 148, 7, 57, 173, 174, 102, 195, 39, 64, 131, 156, 96, 26, 71, 0], [0, 157, 12, 80, 196, 167, 161, 60, 92, 63, 110, 65, 83, 58, 67, 138, 72, 175, 91, 21, 41, 52, 51, 53, 22, 114, 106, 13, 189, 0], [0, 42, 16, 90, 73, 194, 169, 192, 11, 145, 163, 144, 88, 139, 40, 108, 125, 48, 197, 185, 79, 97, 2, 37, 172, 171, 34, 120, 159, 0], [0, 134, 30, 18, 24, 4, 68, 56, 61, 46, 133, 82, 9, 104, 147, 191, 126, 87, 93, 100, 182, 62, 121, 170, 86, 160, 31, 20, 28, 0], [0, 116, 81, 142, 150, 15, 14, 152, 140, 176, 143, 165, 190, 84, 85, 78, 107, 89, 32, 198, 94, 29, 184, 187, 69, 113, 129, 136, 146, 0]]"
uniform,n200_m7_r03.txt,data\mtsp\stratum1_small\n200_m7_r03.txt,200,7,2opt+greed,1946.73836124128,0.000474,0.00044,True,ok,"[{""name"": ""2opt+greed"", ""objective"": 1946.73836124128, ""status"": ""ok"", ""time"": 0.00044, ""valid"": true}]","[[0, 157, 190, 63, 120, 47, 28, 159, 186, 77, 177, 130, 61, 46, 179, 167, 99, 78, 145, 196, 109, 107, 89, 158, 68, 23, 11, 75, 16, 80, 0], [0, 97, 2, 71, 155, 170, 13, 172, 123, 37, 79, 96, 38, 95, 156, 43, 20, 193, 64, 195, 39, 24, 169, 22, 184, 57, 7, 90, 42, 12, 0], [0, 44, 32, 173, 148, 164, 4, 114, 192, 3, 76, 18, 51, 53, 187, 131, 160, 86, 69, 26, 128, 62, 98, 113, 21, 129, 183, 175, 135, 166, 0], [0, 33, 35, 127, 199, 81, 142, 72, 150, 1, 162, 15, 48, 126, 152, 125, 87, 189, 93, 14, 178, 149, 100, 136, 182, 146, 121, 5, 106, 0], [0, 180, 134, 122, 198, 73, 29, 30, 194, 102, 94, 52, 174, 171, 36, 31, 112, 188, 45, 41, 55, 185, 91, 197, 8, 108, 118, 70, 105, 0], [0, 116, 65, 119, 115, 165, 49, 138, 54, 141, 19, 59, 40, 140, 176, 154, 143, 191, 67, 117, 83, 58, 168, 10, 139, 151, 147, 104, 34, 0], [0, 181, 153, 25, 56, 6, 17, 66, 110, 124, 27, 137, 82, 111, 133, 161, 50, 163, 74, 132, 103, 101, 92, 85, 84, 88, 144, 60, 9, 0]]"
uniform,n200_m7_r03.txt,data\mtsp\stratum1_small\n200_m7_r03.txt,200,7,lkh3-baseline,1115.1127758069,0.588371,0.588316,True,ok,"[{""metadata"": {""artifacts_dir"": ""C:\\Users\\ddkup\\AppData\\Local\\Temp\\mtsp_lkh3_baseline_runs\\run_1778080438385_26012_0"", ""exit_code"": ""0"", ""lkh3_wsl_bin"": ""/home/ddkup/bin/LKH"", ""objective_mode"": ""MINSUM"", ""output_tour_file"": ""C:\\Users\\ddkup\\AppData\\Local\\Temp\\mtsp_lkh3_baseline_runs\\run_1778080438385_26012_0\\output.tour"", ""params_file"": ""C:\\Users\\ddkup\\AppData\\Local\\Temp\\mtsp_lkh3_baseline_runs\\run_1778080438385_26012_0\\params.par"", ""params_wsl_path"": ""/mnt/c/Users/ddkup/AppData/Local/Temp/mtsp_lkh3_baseline_runs/run_1778080438385_26012_0/params.par"", ""problem_file"": ""C:\\Users\\ddkup\\AppData\\Local\\Temp\\mtsp_lkh3_baseline_runs\\run_1778080438385_26012_0\\problem.tsp"", ""result_file"": ""C:\\Users\\ddkup\\AppData\\Local\\Temp\\mtsp_lkh3_baseline_runs\\run_1778080438385_26012_0\\result.txt"", ""stderr_log"": ""C:\\Users\\ddkup\\AppData\\Local\\Temp\\mtsp_lkh3_baseline_runs\\run_1778080438385_26012_0\\stderr.log"", ""stdout_log"": ""C:\\Users\\ddkup\\AppData\\Local\\Temp\\mtsp_lkh3_baseline_runs\\run_1778080438385_26012_0\\stdout.log""}, ""name"": ""lkh3-baseline"", ""objective"": 1115.1127758069, ""status"": ""ok"", ""time"": 0.588316, ""valid"": true}]","[[0, 12, 0], [0, 44, 0], [0, 33, 0], [0, 180, 0], [0, 116, 0], [0, 183, 55, 129, 185, 41, 45, 188, 112, 31, 36, 174, 52, 94, 171, 134, 122, 198, 73, 29, 30, 102, 51, 194, 18, 76, 22, 184, 164, 57, 4, 114, 169, 24, 39, 195, 192, 3, 64, 53, 193, 20, 187, 43, 131, 160, 156, 95, 38, 86, 69, 96, 26, 21, 113, 97, 79, 37, 106, 128, 170, 121, 5, 62, 155, 13, 172, 123, 71, 2, 146, 182, 136, 98, 100, 149, 178, 14, 93, 189, 87, 125, 152, 126, 48, 150, 72, 1, 15, 162, 135, 91, 175, 197, 142, 81, 127, 35, 34, 8, 147, 151, 104, 139, 10, 168, 58, 176, 40, 59, 19, 141, 54, 108, 140, 138, 49, 191, 143, 154, 67, 117, 83, 166, 199, 65, 119, 118, 115, 70, 165, 105, 190, 63, 132, 103, 101, 92, 85, 84, 88, 74, 144, 60, 9, 163, 50, 161, 82, 137, 27, 124, 120, 66, 110, 111, 133, 167, 99, 78, 196, 109, 107, 145, 179, 46, 61, 6, 47, 17, 28, 159, 186, 77, 177, 130, 56, 25, 153, 148, 7, 68, 158, 89, 23, 11, 75, 90, 173, 16, 32, 42, 80, 181, 0], [0, 157, 0]]"
uniform,n200_m7_r03.txt,data\mtsp\stratum1_small\n200_m7_r03.txt,200,7,lkh-wrapper-v20,1129.3595612481326,0.038463,0.038365,True,ok,"[{""metadata"": {""after_final_2opt_sum"": ""1129.976091"", ""after_inter_snapshot"": ""true"", ""after_inter_sum"": ""1162.330492"", ""after_inter_valid"": ""true"", ""after_inter_validation_code"": ""0"", ""after_polish2_sum"": ""1146.340098"", ""after_polish_sum"": ""1675.991233"", ""baseline_2optgreed_budget_ms"": ""7800"", ""baseline_2optgreed_ms"": ""3"", ""baseline_2optgreed_passes_per_route"": ""3,3,3,3,2,2,2"", ""baseline_2optgreed_sum"": ""1946.738361"", ""baseline_2optgreed_used_as_best"": ""false"", ""best_minsum_max"": ""866.394819"", ""best_minsum_sum"": ""1129.359561"", ""candidate_count_global"": ""22"", ""candidate_count_local"": ""14"", ""effective_total_ms"": ""9800"", ""final_2opt_cap_ms"": ""9564"", ""final_2opt_elapsed_ms"": ""1"", ""inter_broken_by"": ""none"", ""inter_budget_ms"": ""2450"", ""inter_iters"": ""26"", ""inter_oropt_accepts"": ""2"", ""inter_relocate_accepts"": ""24"", ""inter_swap_accepts"": ""0"", ""node_count"": ""200"", ""omp_max_threads"": ""14"", ""omp_polish"": ""true"", ""phase8_accepts"": ""1"", ""phase8_iters"": ""1"", ""polish_phase_budget_ms"": ""3430"", ""popmusic_solutions"": ""0"", ""salesman_count"": ""7"", ""seed"": ""42"", ""seed_chosen"": ""savings"", ""seed_fast_sum"": ""2882.697849"", ""seed_minsum"": ""1888.816854"", ""seed_polar_sum"": ""3122.854522"", ""seed_rr_sum"": ""2168.728476"", ""seed_savings_sum"": ""1888.816854"", ""total_elapsed_ms"": ""38""}, ""name"": ""lkh-wrapper-v20"", ""objective"": 1129.3595612481326, ""status"": ""ok"", ""time"": 0.038365, ""valid"": true}]","[[0, 44, 180, 32, 16, 90, 173, 122, 134, 171, 198, 73, 184, 164, 57, 75, 11, 23, 107, 109, 196, 99, 78, 145, 179, 61, 46, 167, 133, 111, 137, 27, 82, 161, 50, 163, 60, 144, 74, 132, 103, 101, 92, 85, 84, 88, 9, 116, 157, 0], [0, 33, 35, 34, 127, 175, 197, 135, 91, 183, 55, 129, 185, 41, 45, 188, 112, 31, 36, 174, 52, 94, 30, 29, 102, 51, 194, 18, 76, 22, 4, 114, 169, 24, 39, 195, 192, 3, 64, 53, 193, 20, 187, 43, 131, 160, 156, 95, 38, 86, 69, 96, 26, 21, 113, 97, 79, 37, 106, 123, 172, 155, 13, 128, 170, 121, 5, 62, 71, 2, 146, 182, 136, 98, 100, 149, 178, 14, 93, 189, 87, 125, 152, 126, 48, 150, 72, 1, 15, 162, 142, 81, 8, 147, 151, 104, 139, 10, 199, 65, 166, 168, 58, 176, 40, 59, 19, 141, 54, 108, 140, 138, 49, 191, 143, 154, 67, 117, 83, 119, 118, 115, 70, 165, 105, 190, 63, 124, 120, 66, 110, 6, 47, 17, 28, 159, 186, 77, 177, 130, 56, 25, 153, 148, 7, 68, 158, 89, 42, 80, 181, 12, 0], [0, 0], [0, 0], [0, 0], [0, 0], [0, 0]]"
uniform,n200_m7_r03.txt,data\mtsp\stratum1_small\n200_m7_r03.txt,200,7,lkh-wrapper-v21,1076.5062954324196,3.533122,3.532987,True,ok,"[{""metadata"": {""after_final_2opt_sum"": ""1129.976091"", ""after_inter_snapshot"": ""true"", ""after_inter_sum"": ""1162.330492"", ""after_inter_valid"": ""true"", ""after_inter_validation_code"": ""0"", ""after_polish2_sum"": ""1146.340098"", ""after_polish_sum"": ""1675.991233"", ""baseline_2optgreed_budget_ms"": ""7800"", ""baseline_2optgreed_ms"": ""1"", ""baseline_2optgreed_passes_per_route"": ""3,3,3,3,2,2,2"", ""baseline_2optgreed_sum"": ""1946.738361"", ""baseline_2optgreed_used_as_best"": ""false"", ""best_minsum_max"": ""716.518717"", ""best_minsum_sum"": ""1076.506295"", ""candidate_count_global"": ""22"", ""candidate_count_local"": ""14"", ""effective_total_ms"": ""9800"", ""final_2opt_cap_ms"": ""9566"", ""final_2opt_elapsed_ms"": ""0"", ""inter_broken_by"": ""none"", ""inter_budget_ms"": ""2450"", ""inter_iters"": ""26"", ""inter_oropt_accepts"": ""2"", ""inter_relocate_accepts"": ""24"", ""inter_swap_accepts"": ""0"", ""node_count"": ""200"", ""omp_max_threads"": ""14"", ""omp_polish"": ""true"", ""phase8_accepts"": ""1"", ""phase8_iters"": ""1"", ""phase9_accepts"": ""1472"", ""phase9_best_updates"": ""43"", ""phase9_first_delta"": ""-0.534"", ""phase9_iters"": ""5000"", ""phase9_last_delta"": ""37.439"", ""phase9_reserve_ms"": ""3000"", ""phase9_total_delta"": ""52.853266"", ""polish_phase_budget_ms"": ""3430"", ""popmusic_solutions"": ""0"", ""salesman_count"": ""7"", ""seed"": ""42"", ""seed_chosen"": ""savings"", ""seed_fast_sum"": ""2882.697849"", ""seed_minsum"": ""1888.816854"", ""seed_polar_sum"": ""3122.854522"", ""seed_rr_sum"": ""2168.728476"", ""seed_savings_sum"": ""1888.816854"", ""total_elapsed_ms"": ""3532""}, ""name"": ""lkh-wrapper-v21"", ""objective"": 1076.5062954324196, ""status"": ""ok"", ""time"": 3.532987, ""valid"": true}]","[[0, 12, 181, 80, 42, 32, 16, 173, 90, 75, 11, 23, 89, 158, 68, 7, 148, 153, 25, 56, 130, 177, 77, 186, 159, 28, 17, 47, 6, 61, 46, 179, 99, 78, 145, 107, 109, 196, 167, 133, 111, 110, 66, 120, 124, 27, 137, 82, 161, 50, 163, 9, 60, 144, 74, 132, 103, 63, 101, 92, 85, 84, 88, 116, 157, 0], [0, 33, 35, 127, 34, 104, 147, 151, 139, 10, 58, 168, 166, 199, 65, 190, 105, 165, 70, 115, 118, 119, 83, 117, 67, 154, 143, 191, 49, 138, 176, 140, 108, 54, 141, 19, 59, 40, 8, 81, 142, 197, 175, 91, 135, 162, 15, 1, 72, 150, 48, 126, 152, 125, 87, 189, 93, 14, 178, 149, 100, 98, 136, 182, 146, 62, 5, 121, 170, 128, 13, 155, 172, 106, 37, 123, 71, 2, 97, 79, 113, 21, 26, 96, 69, 86, 38, 95, 156, 160, 131, 43, 187, 20, 193, 53, 64, 3, 192, 195, 39, 24, 169, 114, 4, 57, 164, 184, 22, 76, 18, 194, 51, 102, 30, 29, 73, 198, 122, 134, 171, 94, 52, 174, 36, 31, 112, 188, 45, 41, 185, 129, 55, 183, 180, 44, 0], [0, 0], [0, 0], [0, 0], [0, 0], [0, 0]]"
