50000 5
12500.000 12500.000
16614.190 13047.525
18682.091 11847.841
18739.345 11043.030
18731.194 12509.708
17174.594 12910.238
16175.132 10547.857
17882.648 11640.545
17857.690 11972.787
18530.107 12056.841
18766.039 10864.421
16995.454 11823.237
17054.622 11508.392
17520.101 11318.802
17746.145 12571.908
16683.511 11902.405
17592.814 10606.529
16399.660 10789.718
18439.635 12588.449
17579.485 12451.358
17699.021 10461.860
16615.000 11733.479
18701.578 12700.313
16258.935 11051.844
16207.810 12178.696
17561.209 11888.364
16870.500 10968.548
16625.961 12654.378
17522.117 11245.805
16713.901 11186.593
18052.006 12130.503
17616.854 12291.743
18071.395 12794.072
17855.429 11183.311
17966.318 12890.433
18421.353 11209.920
18440.317 12020.612
18585.928 12989.290
17610.461 12951.671
17450.323 12979.381
18643.113 10792.859
18181.997 10798.234
16384.680 11664.991
16292.252 11409.108
17302.979 10807.631
16831.072 11393.375
18555.452 11940.864
18603.954 12942.571
18001.257 12006.239
18169.270 10676.201
16777.209 11506.180
16278.359 12199.136
17190.853 10712.827
18029.747 10763.493
18546.041 11208.536
18418.023 11954.624
17015.539 11498.575
16946.384 12826.857
17988.673 11183.778
18618.093 12151.401
17142.020 10362.191
16110.619 12197.195
16482.833 11987.703
16241.486 12028.114
16673.741 11441.743
16379.801 10593.642
16660.181 12795.548
17297.707 12647.955
17895.203 12149.492
17140.943 12778.405
17131.608 12475.368
17617.502 11649.176
16972.391 12132.960
18481.546 11808.675
16092.849 11182.040
16782.406 11359.047
16325.313 10965.018
18245.826 10453.724
18606.609 10492.014
17027.381 11662.854
16486.633 11375.303
17668.076 12787.647
16806.732 11500.037
16571.354 11744.845
18420.581 10490.849
17567.900 11893.047
16178.070 10311.311
17546.408 11293.480
16357.022 12885.220
16817.920 12135.438
18131.471 11784.729
17708.757 10611.430
16582.919 12829.601
17196.877 11896.443
16934.604 10401.186
16055.383 11533.946
16894.230 10491.802
18120.267 10946.011
17338.984 10513.144
17338.044 12474.651
18650.371 10587.496
17613.107 10779.219
16473.403 11927.422
16465.437 12996.355
16281.838 11804.041
16320.356 12068.739
17967.750 10882.633
17900.336 12785.277
16497.197 10935.862
18063.033 12070.152
18490.054 12385.757
16164.322 12092.724
17752.385 13054.674
16819.059 11544.639
17657.653 11319.312
17117.115 11530.724
18015.941 12130.200
17743.710 11773.111
17955.263 10623.562
18724.762 11606.573
16570.956 10894.706
17513.796 12423.813
16154.091 12724.787
17416.556 12831.082
18212.921 10641.322
17264.628 12780.150
16205.460 11783.353
17947.219 11559.267
17605.076 11445.778
17182.588 10940.679
17609.564 12781.902
18758.928 10630.552
16677.972 12830.103
18274.827 12163.573
17443.171 10888.646
16563.979 10855.156
16371.496 11363.281
17477.788 10388.144
16888.927 11110.406
16192.760 12783.404
17411.879 11147.525
16568.709 12307.837
17500.722 12859.049
17004.408 11814.386
18741.112 12841.585
16951.336 10983.698
16548.623 12808.836
18637.407 11262.310
16927.236 10781.133
17006.794 12553.999
18520.030 11106.645
16783.325 11717.022
16297.111 12532.548
16870.901 10612.321
16594.755 11495.883
16970.076 12198.415
18397.794 12013.729
18245.010 11433.890
17626.096 10980.370
16141.910 11765.952
17236.197 11910.509
17106.106 12223.195
17846.461 12182.420
18513.883 12521.121
16607.902 10398.050
18495.237 11698.828
16940.400 12998.855
17749.987 10988.058
16809.535 10376.282
17517.486 11245.726
18744.620 10320.658
18519.918 12359.987
16318.020 13059.056
17977.091 12189.073
18796.488 11151.532
16611.021 12352.859
17146.008 12810.543
16728.708 11201.331
18253.178 12080.147
18215.814 11356.002
17245.956 10819.074
18071.936 12300.031
17659.941 12628.599
16146.159 10818.637
16585.690 11289.260
16716.726 11262.285
17259.385 10623.179
16504.692 10665.744
17554.495 11129.065
18043.398 12966.456
16157.845 12463.828
18000.978 10480.187
17960.485 12981.581
16080.836 12304.861
17976.240 11364.206
18313.024 11888.544
17220.218 12224.012
16344.762 10529.600
17445.750 11330.975
17584.467 11644.637
16073.731 12235.410
17403.582 12647.546
16928.164 11235.305
17725.677 12352.061
16893.718 11504.528
17648.710 10398.198
16498.522 10798.146
18546.365 12095.879
16982.786 12814.431
16152.787 11397.975
17674.261 10706.347
16458.868 12303.206
17886.876 10367.986
18678.986 12540.736
17532.773 11307.865
18334.061 12751.168
16423.331 12732.398
17703.009 12031.517
17869.302 10805.882
16337.926 11438.446
16968.511 12324.857
18222.660 11854.405
18068.764 12955.635
18026.979 11369.740
16512.895 11454.792
17061.460 12984.795
18555.937 11636.914
16922.819 13024.409
17636.764 10331.289
16733.920 11008.064
16213.723 12570.110
18470.238 12633.653
18547.646 11700.084
17120.257 11776.502
18351.340 11459.360
17013.280 12696.013
17435.036 12893.107
17945.497 10889.062
17405.334 10761.894
16928.618 12794.642
16605.383 12040.048
16497.272 11499.641
16443.841 10513.408
16958.186 10407.764
18540.805 12471.047
16513.217 12092.561
16716.138 12953.519
17991.588 12133.791
16932.173 11645.731
18798.618 12020.954
16921.917 11398.368
16371.469 12494.949
18600.113 10574.074
16140.856 12912.528
16953.153 10372.506
17116.540 11569.259
16194.790 11661.304
17656.878 10585.971
16868.974 10660.763
18559.837 12529.676
18761.054 12069.992
17232.357 11364.584
17940.725 10603.939
18199.052 10833.051
16162.602 10799.559
16677.648 12072.587
18397.632 11125.203
18520.716 12504.895
18795.836 12027.901
17047.697 11942.670
18656.992 12200.359
16387.768 11654.371
16718.018 12302.829
16486.996 10543.668
18146.969 12643.052
17665.398 11726.415
16524.321 12801.498
16391.906 12435.188
17383.560 12927.136
17684.742 12030.690
16064.940 12018.792
16158.407 10966.602
18530.386 10947.744
18369.169 12008.225
16355.516 11408.223
17719.300 12005.047
16564.569 11517.355
17897.661 12894.563
17736.575 13020.762
17626.779 11842.322
16204.934 13033.439
16542.360 10594.816
17837.330 11951.165
17683.715 11627.691
17070.205 10350.064
17260.628 10861.097
17620.997 11933.948
17949.521 12354.051
18609.442 13031.042
17554.720 11615.271
17743.686 10772.341
16901.628 12271.951
18220.836 10804.196
18526.158 12986.535
17988.545 11507.052
18733.867 12950.005
16727.191 11344.805
18773.034 10676.143
18757.294 12355.446
16175.023 11386.009
16805.528 12657.548
17803.200 11440.036
17819.923 10581.636
16168.704 11311.007
16425.259 12374.233
16469.955 11186.609
18123.359 11074.403
16514.091 12206.317
18039.350 12323.258
17581.354 12738.756
17986.898 12787.813
16692.916 12936.396
18373.535 11841.721
16780.381 10803.912
17467.306 13004.950
17590.720 12316.563
16493.527 10301.562
18471.528 10359.101
17827.294 11983.267
18060.120 12640.027
18698.409 12678.700
18383.434 13059.787
17121.824 13046.786
18738.220 12384.187
17275.917 10455.844
16736.092 10476.643
17344.011 12460.273
16045.277 11073.682
16697.244 10730.495
18419.909 11129.682
18766.698 11920.352
18082.928 10516.273
18533.732 11532.494
18304.322 10840.620
18770.858 11060.422
17245.258 12488.673
16203.093 10515.427
17757.454 10703.222
16446.270 12015.505
16944.765 11541.892
16576.978 10605.835
18205.300 10447.289
18598.843 12194.769
17708.595 10921.131
18335.905 11434.199
17895.355 10600.686
17251.249 12363.393
17887.804 10773.369
17899.199 11175.343
18406.180 12861.706
16493.500 11859.574
16678.683 12478.798
17957.772 13014.863
17593.983 11051.455
18569.638 10708.045
17057.464 11260.402
16405.808 11181.314
17236.804 11342.344
16479.231 11153.160
17740.932 10539.113
16986.005 11645.079
17867.232 11437.047
18384.386 12190.533
18728.481 10313.776
16839.747 13017.229
16644.170 12261.598
17454.195 10695.433
18338.045 12542.451
16900.841 11453.602
16268.733 10571.049
17889.257 10305.785
18764.199 11467.477
16976.828 11294.734
16365.476 11605.388
17527.692 12119.101
18618.820 12603.535
18500.698 12852.317
17809.988 12267.049
17737.412 11447.360
18157.616 10989.435
17216.044 12257.346
17320.568 12481.149
16440.897 12714.907
16522.150 10712.967
18771.206 12759.067
17328.315 11514.615
18157.836 11263.457
17869.770 12838.021
18553.831 11748.722
17422.930 10517.486
18273.546 12390.885
18802.717 12987.797
16177.361 12620.183
18392.903 11890.662
18535.328 11349.721
16294.661 10816.227
16223.852 12515.701
18511.076 10387.738
18258.828 10899.296
16679.069 12122.757
17916.980 10577.915
17433.701 12448.695
17913.931 11653.788
17547.869 12029.487
16294.080 10395.690
16576.964 11932.826
16065.619 12500.193
16900.377 11292.115
18715.133 10945.854
16829.366 10778.506
16927.957 12542.818
18516.066 12798.971
16845.471 12453.953
17978.987 11833.525
18416.801 10315.105
18170.268 10817.139
17099.134 10540.005
17777.896 10832.605
18179.188 11130.208
18657.305 12102.317
17741.263 10770.702
17374.856 13046.937
16903.179 10388.896
16289.802 12232.740
17465.288 10455.879
17004.783 12968.395
17381.441 10856.645
17547.351 12978.041
18198.972 10757.599
17810.464 12998.562
17760.209 11566.070
18129.653 12567.256
17458.481 10784.247
18671.100 10632.423
16421.412 12441.644
17441.356 10960.822
16700.373 12698.231
17130.374 13023.892
17443.345 13049.630
17759.746 11137.032
17184.130 11906.840
17135.061 12711.553
17087.674 12542.881
17987.066 10725.859
17539.635 11626.813
17112.262 12607.724
16324.467 12722.471
16757.281 10957.444
16780.710 10487.861
17550.492 11798.524
17895.713 10974.224
17975.693 11106.856
18568.000 12775.515
18385.821 11089.077
18217.871 11474.846
16402.025 11423.673
17292.525 11958.198
17226.436 12250.306
18555.123 10707.632
18068.641 13019.079
18115.308 11566.639
17756.216 11522.761
18476.524 12942.193
17454.355 11403.666
18444.622 10575.875
17159.787 10646.174
17542.838 12368.931
18630.437 12194.707
18196.196 11265.533
18241.919 13041.578
17866.190 12279.025
16522.484 10414.413
16691.029 10343.175
16185.171 12004.908
16781.301 12900.266
17075.502 11307.227
17361.492 11932.788
17424.837 12951.570
17366.726 12501.543
17420.541 12724.895
16084.946 12778.596
17809.847 13051.996
17032.437 11721.426
16134.006 11822.553
16258.476 10633.120
18793.515 10648.963
18559.145 10738.360
16173.157 11271.102
16775.609 10350.534
16470.599 12660.870
18313.255 11063.137
17406.110 12374.543
17190.723 10923.094
18536.305 10829.716
17385.861 11689.685
16270.237 11637.989
18020.353 12842.555
16207.856 11839.643
17371.337 10607.901
17608.930 13035.216
17034.628 11633.619
18582.541 11096.361
18110.616 12313.602
16736.545 13033.687
17401.263 12756.687
17168.804 11593.151
18609.860 11132.338
17048.363 11691.313
18661.642 12324.326
18663.253 11266.623
17744.471 10863.033
17208.447 12392.060
17921.413 11279.541
16073.115 12124.135
17273.495 10479.478
16877.421 11343.055
16205.352 10493.748
16728.274 12306.876
16994.538 12354.909
16244.462 12982.161
16801.022 12824.608
17502.512 12962.756
18784.337 12676.244
17439.406 10515.295
17964.454 11718.926
17090.684 12999.112
16639.794 10660.025
18632.355 11865.362
16593.111 11906.887
17139.741 10394.454
16308.665 12876.750
17776.360 11520.924
17436.789 12114.545
17335.495 11070.544
16805.973 10455.153
17039.058 11091.443
17340.535 12125.045
17086.891 11058.672
18037.680 10875.861
16467.816 12378.613
17411.948 12388.949
16121.423 11205.090
16231.541 12117.550
18330.841 12231.855
17591.483 10833.892
18726.737 11770.626
16098.203 12753.605
18138.530 11161.444
17187.674 10991.661
16895.881 10999.416
18502.095 12698.521
17908.851 12477.859
16993.991 10731.203
17294.516 10597.542
17608.113 12910.759
18596.797 10646.816
18300.014 12303.256
16837.104 10993.979
17120.577 11879.216
17208.949 10462.803
17745.392 10589.547
17763.750 11948.998
17279.490 12816.258
16530.694 12500.458
17260.689 12199.160
16383.517 12731.256
16757.980 11865.466
17559.115 10857.782
17901.284 11478.884
17305.966 12765.934
17191.760 11221.548
16658.063 12774.324
16117.528 12789.623
18426.965 11919.422
17172.781 12784.252
17973.407 10422.621
18055.367 10776.698
18023.378 12048.707
16093.905 12355.323
18557.622 11619.847
17711.865 11547.654
17146.793 11664.809
16294.141 11192.608
18650.880 11848.623
16873.841 12410.458
16648.549 12685.776
16364.398 11729.654
18686.220 11798.847
18144.242 12775.444
16411.418 12758.712
18610.448 12314.195
17278.600 10517.381
16174.893 11769.075
16935.789 12857.442
16628.000 12792.639
18335.087 11066.683
18750.807 10548.081
16442.236 10501.657
17756.721 11498.735
17834.630 12351.975
17601.286 12332.865
16189.404 12697.328
18311.961 11957.112
16929.145 12266.858
17651.925 12704.836
16148.522 12112.973
18075.681 11026.932
18295.388 10610.462
17071.350 11853.655
17076.597 10570.872
18271.545 11035.861
17937.762 10448.971
17311.996 11504.814
18348.686 11813.532
18798.540 10362.209
16300.990 11589.297
17938.113 11498.018
16591.460 11387.108
16525.310 11496.155
17411.987 10762.374
17906.929 11366.483
17580.992 11652.365
17296.398 11201.341
17211.851 10418.001
18784.326 12026.159
18607.172 10357.283
17895.375 10862.644
17422.251 12900.971
17984.350 11368.537
17362.727 11216.854
18373.988 11923.851
18637.333 12846.843
17443.977 11256.665
17324.465 11038.273
17834.679 11639.560
17137.091 12583.898
18044.975 11526.757
16893.776 10826.677
16183.568 12563.721
18050.638 11213.732
16553.810 10618.166
16696.530 11907.273
17704.218 11793.422
16165.303 12288.105
17208.699 11856.220
17209.796 12567.138
18074.547 10924.633
17486.559 11356.386
16827.276 11680.145
18218.781 10989.833
16228.977 12002.348
17788.123 12255.492
17900.626 11420.014
18464.549 11761.504
18715.246 10677.152
18450.253 10917.836
16260.888 10455.605
16816.338 11814.594
17248.789 12276.722
17750.135 11318.707
16170.896 11889.793
18578.425 12060.196
18560.650 10684.570
17834.034 11248.409
16332.390 11168.264
16131.617 10729.579
18139.962 12419.798
17350.530 11864.473
16383.446 10527.118
18723.382 11726.918
17439.387 11284.456
17956.877 10731.921
16451.952 11691.840
17894.583 12876.507
17387.591 12262.942
17251.548 11226.629
17542.244 11885.991
17881.096 12864.231
16818.452 11770.586
18612.260 13008.200
16411.335 10419.848
18367.636 12705.403
18707.587 11575.906
16706.587 11518.965
16674.491 10511.084
17700.481 12122.735
16278.680 12033.862
17123.147 11462.564
17310.978 10387.596
18754.606 11888.858
17461.886 12393.996
17419.526 11993.246
16669.615 12100.667
16727.146 10336.321
18658.898 12615.393
17977.102 12880.015
16271.152 10674.446
16750.368 12335.170
17478.490 10634.319
16249.741 12845.736
17508.891 11146.092
17066.906 13015.745
16626.381 10737.921
18427.322 11431.705
17301.780 12406.072
17195.895 11730.033
18437.140 12107.696
16341.635 11317.281
17962.385 11936.181
17219.792 10779.902
17854.466 10981.297
17615.828 11015.776
16309.828 10714.899
17714.012 11413.941
18408.748 11102.720
18600.351 10550.722
17476.278 11750.916
16877.355 10874.640
18138.116 11370.099
16800.046 11859.181
17045.827 12286.072
18136.870 12844.912
18700.753 10851.375
16489.655 12609.662
18389.477 12637.711
18013.409 10500.942
16201.724 11255.857
18710.078 10580.918
18079.153 12903.861
18528.575 12128.725
16615.799 11807.822
16839.000 10886.880
16109.072 11829.361
17954.389 12804.315
18099.728 12071.782
16813.021 12670.161
17987.306 11209.605
18738.408 10859.348
17726.731 11682.000
16419.771 10424.856
16527.404 11022.855
16576.538 11824.883
17444.653 12774.028
17647.174 11480.004
16843.499 10957.335
18539.478 11992.107
18011.237 12406.339
17218.704 11425.070
16685.832 11832.018
16199.370 11341.812
18736.676 12534.200
16974.822 10761.537
16575.103 12821.181
17842.917 11318.750
17680.897 11759.338
18316.189 10685.579
17319.535 11137.876
17714.617 12154.348
16237.373 11196.936
18688.597 11187.379
16908.200 11456.452
17378.071 12502.888
17376.120 12659.692
17560.425 11297.951
16869.108 11028.507
16270.292 11975.557
17184.584 12842.875
16701.898 11737.806
17220.951 11567.103
16987.695 12168.788
16106.919 11126.036
17240.275 10470.910
16626.290 12919.954
16611.547 13053.298
16956.046 11997.093
17367.186 10601.988
16850.182 13052.753
18564.850 12332.250
17171.199 11677.088
16567.138 11300.608
18217.993 12957.490
17623.629 10404.093
16455.965 11183.866
18009.899 12260.114
16153.493 12130.603
18807.300 12153.611
17993.292 11097.301
16605.986 11828.273
17107.482 12793.977
18272.994 12584.428
17394.365 11244.011
18304.243 12827.904
17839.753 11975.975
18663.194 10350.307
16515.760 12890.616
17277.187 10677.791
17808.180 11513.402
18092.405 11099.877
17681.208 10600.911
18094.934 11127.963
18076.978 11638.784
18047.820 11910.460
16866.602 12625.652
18107.449 11752.141
18260.541 11268.186
16958.455 10726.241
16153.178 12330.379
18718.885 11939.666
17142.803 13019.293
17882.451 10908.004
16231.875 10988.238
17008.240 12322.434
16895.949 11701.803
17796.198 10496.232
18521.959 10884.408
18324.126 10985.945
16541.190 10415.936
18709.790 11976.252
17210.963 10491.647
18134.648 12140.999
17679.411 12896.370
18255.874 12310.410
17176.166 11499.079
17323.180 12287.459
18813.524 11081.647
16260.124 11610.002
16846.857 12259.275
17304.893 11866.960
17322.522 11220.624
18008.228 10400.080
17018.301 11216.887
18256.158 12693.223
18553.527 12152.830
18462.469 13042.196
18279.177 11035.368
17354.391 10941.869
18191.351 12930.818
18134.170 12942.043
18113.943 10603.883
16749.367 11149.343
16479.655 10575.550
18200.893 10298.813
17096.183 10461.241
17683.287 11105.284
18786.852 11956.362
17989.882 10656.683
18532.857 11096.673
16584.757 10311.504
16486.820 10562.253
16819.530 12533.835
17222.437 12553.393
18015.615 11660.423
17260.640 11651.874
16940.262 11894.397
18451.267 12135.756
17746.291 11932.473
17764.703 10607.362
17037.622 11722.734
18748.964 10779.099
16302.257 11544.039
17184.944 10645.661
16365.479 10544.108
16641.678 10463.966
17417.224 12029.612
16808.923 12830.453
18111.267 11077.268
16877.531 11123.758
16723.706 11960.442
17637.069 11787.086
16211.994 11604.193
16146.152 11693.394
16649.498 11773.698
17631.258 12728.756
16222.679 10745.837
17547.028 12034.962
16297.624 10829.533
16363.179 12471.042
17735.066 10595.024
17258.567 12767.048
17704.908 11615.243
16700.529 11390.441
16940.643 10335.327
16607.484 11382.217
16291.565 10515.855
17678.708 10462.972
16949.207 10831.682
17467.192 10946.348
17217.156 12690.815
16770.507 11296.601
17255.688 11075.861
16776.952 10652.646
17062.954 11602.701
16533.398 11933.654
17245.202 12304.261
18779.448 12495.915
16808.261 12428.972
17067.364 12673.677
17087.891 10913.437
18458.519 10749.670
16543.438 11652.880
16959.961 12416.795
16264.184 11042.994
17441.369 11530.259
17667.551 12737.029
17589.294 10934.917
18599.007 12855.783
16476.831 11110.742
16209.047 12833.295
16428.575 10395.920
16283.859 11230.440
18200.757 10706.087
16083.726 12890.085
18007.732 12334.446
16138.516 12443.643
16655.458 13008.009
17961.321 11517.594
18319.467 11418.392
18152.867 12727.513
16218.649 12530.817
17008.315 10839.675
16919.177 12303.087
18446.698 10389.577
17672.250 11797.923
17643.532 10479.365
17300.945 10807.358
17812.609 10971.710
17012.463 10759.334
17174.158 12793.535
17773.062 12560.949
17231.072 10308.127
16318.714 12569.308
17719.926 11876.271
16731.995 13044.377
17239.939 10454.273
18277.826 11052.958
16928.679 10394.696
16588.447 11911.097
18327.564 12008.250
16681.910 12753.068
18138.680 12895.082
16591.855 11964.552
18646.761 12903.033
16905.718 10898.771
18486.857 10386.552
17414.398 11338.175
18001.155 12898.994
16482.820 11825.711
17785.655 10553.619
16303.833 11939.075
17468.733 12001.899
17334.607 11687.958
16729.799 11791.662
16894.407 11428.348
18466.596 10970.590
17515.022 11851.904
16855.250 11717.746
16580.569 11915.185
16865.200 12881.948
18782.449 12626.910
16946.034 11940.058
17720.281 11718.598
17275.330 11868.745
16747.943 12140.617
16130.517 10750.800
18092.713 11888.950
18740.789 12399.460
17624.302 11795.729
16262.308 11149.346
17439.305 13067.973
16324.978 11144.401
16086.472 11279.548
17416.424 11093.855
16892.977 12934.905
17837.897 13018.394
17934.947 12099.476
18554.539 12547.478
16245.289 11222.660
18684.634 10808.483
18038.861 11198.098
18473.915 12428.776
17322.853 10462.625
17605.804 11293.547
18097.396 10937.090
17441.767 10551.631
16165.078 12809.993
16287.488 11695.928
18766.197 11945.009
18136.257 12147.496
16602.238 12567.047
17199.546 12586.690
17992.267 11553.231
18601.530 10808.846
16193.359 12158.674
16860.170 11252.844
16928.950 12209.758
18455.775 11736.941
16947.898 11368.199
17037.298 11556.091
18568.468 10771.143
18129.877 11642.171
16810.587 10850.515
17560.428 10481.908
16719.064 11009.473
18298.444 11999.179
16298.396 10601.060
18640.523 11324.989
18517.389 10391.652
17308.257 11798.515
16917.640 10741.683
16634.849 12375.196
18464.340 11398.705
16203.974 10658.251
17283.854 10841.021
18110.222 12907.665
17400.236 12081.388
17886.957 11744.448
16314.251 11681.452
18747.571 11442.034
17063.142 11514.132
16198.148 12788.684
18370.121 11335.986
18352.330 10440.679
17419.518 11039.835
17804.176 12809.769
16827.413 11539.829
18405.380 10597.236
16467.904 10625.922
17501.532 12981.653
16217.283 10612.057
17826.462 12516.129
16625.334 10384.886
17228.139 12259.886
16622.538 12443.757
18188.505 10635.208
16657.189 12069.302
18333.293 12176.075
18812.576 12805.820
16627.028 12663.555
17107.088 10480.792
17116.649 12599.561
18329.750 12447.893
16986.678 12469.402
16902.858 10848.413
17507.171 11469.176
18808.667 10675.929
17765.920 12085.808
17063.376 10934.556
16100.329 12177.163
18368.431 10560.328
16707.250 10786.701
18507.415 12764.953
16500.102 10444.203
16729.520 12283.691
16998.448 12483.842
17139.005 12199.217
17281.926 11653.560
17630.801 12628.438
17554.743 11264.895
17132.659 11616.503
18307.297 11709.195
17179.405 12532.488
18547.618 10638.020
17807.905 12999.094
16922.838 12648.805
16136.471 11915.104
16341.736 10545.203
16645.454 10788.851
18046.311 10945.718
18701.581 12379.759
17477.467 13013.115
18315.978 11641.712
16958.286 10878.366
17306.077 12318.093
17805.424 12542.150
16588.450 10845.691
18646.367 11206.198
18728.013 11316.035
17816.857 10605.357
18680.730 12833.090
17071.847 12504.648
17800.268 10807.070
17007.489 12206.210
17522.555 11649.600
17461.252 13025.083
17799.254 11184.092
17466.547 12260.643
18244.081 10606.625
16088.601 11477.746
17042.837 12200.944
17705.223 12607.552
18152.447 12032.313
17760.131 11519.412
18195.710 11939.407
17903.081 11078.649
18446.290 10997.750
17325.500 11045.972
18108.960 12365.704
17748.879 11474.158
16552.151 11189.522
17406.451 10392.156
16391.874 10732.064
18457.906 10910.822
17690.217 12553.598
18486.708 11636.902
17903.827 11697.859
16770.637 11229.106
16971.836 11175.592
16144.802 10424.331
17391.698 13011.664
16154.625 12205.668
18484.743 11936.061
17159.127 10858.507
16277.905 12533.453
16677.925 11896.567
16148.262 12339.039
16441.403 12841.305
17519.024 12748.974
16289.469 12584.084
16603.235 10880.613
18264.641 12255.587
18155.182 11472.444
16343.326 10718.089
17847.538 12456.251
18059.791 12654.582
16272.907 10331.880
16975.186 11753.269
16205.444 10878.979
18051.377 12226.013
16588.633 10577.683
18065.817 12149.986
18350.298 11235.797
18551.655 11216.610
17503.459 10818.235
17354.571 12856.548
16343.673 10898.742
18817.152 10709.622
16123.086 12263.759
16324.194 11362.169
18202.629 10818.253
17109.322 10963.689
16429.293 11552.621
16879.829 11366.355
18737.163 12279.765
18060.701 11434.167
18256.027 10994.190
18513.191 12145.050
18660.129 10955.057
18284.652 12027.783
17590.514 12333.221
17286.699 12220.266
17976.587 12065.760
18122.392 11055.352
17133.819 11494.374
16740.161 11268.663
17303.500 10488.521
16533.454 12558.132
16840.458 12380.083
18721.262 10365.897
17437.286 12764.148
17597.722 12606.146
18445.890 12476.864
16725.907 12636.580
18315.408 12176.458
17840.891 11919.770
17810.787 10844.949
18587.173 12389.162
17271.963 12645.954
16954.685 11034.244
16277.488 11023.379
17379.187 11619.490
16467.027 10981.268
18664.188 10785.723
16764.802 11964.265
18368.769 12453.863
18765.592 11108.174
17463.264 10941.386
16914.990 12949.690
16332.771 10377.077
17475.652 12833.557
16990.839 10946.367
16719.224 12016.670
18306.578 12907.177
16815.098 10848.710
18483.509 12422.208
16246.886 10654.943
16890.935 12079.672
18642.407 10662.872
18183.318 12180.075
16072.339 12292.115
17799.288 12508.886
16802.249 10525.121
17795.267 11979.710
17517.484 10739.497
17076.853 12672.155
16474.497 12705.755
16448.526 11982.857
18641.910 12594.644
17713.894 12626.519
18283.772 11806.112
18176.283 11306.874
17974.658 11547.096
16339.772 10666.181
17322.492 10336.994
16846.306 12106.221
17131.686 11809.999
16992.455 12931.267
18558.602 10551.880
18655.510 12545.585
17387.434 10671.068
18514.503 11124.770
18784.598 10994.497
16599.268 11532.567
17305.778 12290.058
17475.034 10893.244
18437.417 11907.238
18430.950 12638.481
17266.017 11679.446
18363.913 10594.451
18039.310 11695.963
16067.610 12440.089
17302.586 11605.424
18260.510 11219.953
17782.738 12552.553
18787.660 10945.644
17126.720 12749.638
17295.497 12011.663
17974.445 12631.062
17516.558 12481.510
18349.114 12292.267
16045.468 11227.811
16863.341 10968.059
16348.717 10994.006
16604.933 13014.783
16799.951 11512.372
17736.194 12744.312
17760.573 12020.909
16716.324 12388.882
18045.189 10529.297
16445.798 11492.416
18684.894 10550.069
16317.781 10297.706
17534.186 11157.430
18477.572 12848.809
16672.408 10692.556
16904.286 11212.247
18205.118 12204.709
17700.938 11373.810
18379.120 12777.785
16867.932 10856.553
16476.630 11849.840
18168.944 10880.672
18035.284 12885.831
17877.074 12041.305
18376.154 12643.390
17621.809 11375.542
18713.094 10891.756
16502.348 11286.434
17886.602 12002.053
16166.978 10754.655
18612.834 11201.189
17722.191 11666.742
18631.934 12749.372
18331.819 12970.031
17489.180 12214.533
16964.058 10810.331
16486.598 11356.508
17215.862 11603.457
17639.052 10573.610
16901.961 10826.795
18612.562 12036.845
18329.110 11347.157
17673.065 11557.537
18702.154 10512.550
16347.949 10606.992
17638.651 10382.185
17238.640 11358.730
17332.579 10525.079
17800.022 12472.186
17361.785 11820.636
17716.045 12408.049
16149.513 12263.062
17428.397 11822.436
18594.519 13023.572
18719.021 12760.296
16126.273 12999.590
18814.120 12547.784
16319.265 12963.426
17583.543 12408.780
16200.905 10852.651
16303.315 10932.622
17691.417 10499.042
16049.120 12253.993
17991.815 10985.794
17364.555 11437.448
16463.783 10727.110
18541.764 10786.947
17826.887 10650.235
17391.021 12540.494
17631.243 10300.661
18032.126 13021.000
16286.153 10836.097
17266.645 12913.398
17445.635 11275.112
18565.850 11583.157
17500.224 12796.106
16912.284 10849.009
18725.906 11760.956
16277.825 10402.394
18762.456 12609.870
16101.718 12119.299
18140.034 12735.827
17919.324 11033.527
17401.451 11891.202
17709.190 10377.812
18062.398 10406.337
17717.239 11101.932
16258.237 11164.399
17841.667 12865.634
18175.188 12699.150
16587.666 12448.959
18145.252 13072.189
17758.756 11937.818
16612.276 10868.058
17994.296 12066.211
18042.183 11051.369
17967.728 11050.664
18813.710 12690.146
16922.309 10981.879
17469.777 11563.150
17470.200 12641.437
17806.725 11251.144
16682.103 12869.621
17155.002 10574.284
16283.126 11014.316
18397.231 11148.952
17601.232 12008.641
18396.079 10849.291
18026.708 10945.724
16121.572 12136.841
18024.140 12030.121
16153.523 11119.241
17490.148 11087.812
17377.556 12517.735
16866.875 11496.070
18804.379 10966.546
18231.148 12118.614
17790.193 10888.596
16510.474 11368.145
16415.554 10505.813
17788.444 11451.822
16115.393 11789.860
18414.918 10568.504
17417.088 12102.968
18687.788 13072.207
16443.155 12538.996
17488.204 11013.931
17363.228 13030.044
17488.135 11176.687
16282.260 12974.554
16591.162 12704.857
16532.622 11424.301
16195.476 12230.104
17065.003 12175.566
16075.376 12443.555
16368.778 11606.194
16270.912 12899.810
18545.542 12716.621
16819.965 12642.576
17322.643 10572.677
17014.294 11221.118
18491.222 10511.858
18646.077 11391.720
17424.245 11654.096
17641.807 12637.601
17606.967 10969.001
16735.512 11716.083
17226.325 11371.520
17981.591 12828.610
16815.702 10399.193
17448.444 10567.694
18209.407 12156.908
16353.215 11565.413
17447.498 11837.208
16680.649 12858.912
17748.107 12180.703
16483.367 12467.205
18046.292 10918.247
16574.870 10721.675
17351.666 13042.082
17452.195 10437.830
17164.781 11053.360
16498.732 11710.995
17209.605 12243.608
18791.529 12959.729
16322.415 11296.494
18572.113 12592.638
16346.224 12194.355
17039.398 12998.643
16527.650 10612.681
16251.501 10317.896
18432.692 11255.186
18143.801 12842.372
18327.018 11598.888
16749.845 11886.524
17327.920 10648.188
18442.531 10779.227
16841.711 10428.365
18243.794 12735.484
16680.902 12146.380
16716.405 10550.139
16154.658 11378.398
17884.861 10616.277
18650.256 11820.967
18223.280 10558.165
16860.425 11323.922
18637.821 10963.889
18773.482 12185.584
18723.054 11611.161
17665.551 12276.428
16815.638 10912.510
18505.868 11457.637
17973.646 12549.607
16666.075 12062.032
17097.236 12189.055
17458.938 10370.065
18603.159 11024.001
17086.024 11388.154
17928.491 12379.099
16181.039 11690.146
18625.520 12808.847
16703.507 12609.627
18412.891 10883.654
16432.208 12189.529
18164.536 10756.808
17616.844 12625.069
17051.618 10448.100
17380.041 11548.316
17829.337 11120.803
16862.818 11278.002
16097.833 11511.639
16526.237 12873.165
16894.545 11190.412
16921.633 11884.330
16536.317 12803.745
17372.756 11030.688
18363.938 11217.251
16815.045 12776.903
18512.804 11606.241
16575.803 10785.157
16642.182 10655.747
17006.345 12669.425
16696.638 12142.661
16299.099 12140.934
17431.801 10478.605
16221.481 13056.269
16823.636 10774.866
17888.475 12530.157
17140.651 10877.354
18732.045 10750.940
18321.949 11316.193
18312.040 12122.366
18345.060 10545.673
16815.678 12788.343
18783.884 10673.610
16677.503 12000.966
17909.775 10504.628
16066.083 11965.717
16891.596 10557.637
16899.216 11202.732
16065.373 11135.769
18820.624 11063.683
16072.927 12129.863
17412.348 12146.847
18324.381 10521.391
18103.873 10943.372
17923.070 11235.583
16408.989 11361.757
18124.254 11480.094
18122.829 11602.753
16133.991 11782.548
16780.629 10958.774
17791.410 11780.081
17611.437 10368.017
16301.148 12639.047
18032.737 12819.225
17127.355 11966.010
16393.896 12695.412
17856.200 11964.961
16175.655 12059.870
16992.757 12345.491
17278.041 11880.373
16941.717 10396.917
18354.325 10578.376
16635.393 12667.655
16336.816 12562.851
16505.880 10606.961
18696.128 12529.775
18235.294 12190.668
18340.445 11439.048
18792.047 12223.189
18065.419 12998.400
16829.557 12081.661
18033.919 12592.435
18696.510 12960.018
18123.881 12704.221
17550.331 10729.116
16382.213 12448.518
18211.868 10763.215
17068.453 13004.162
17455.500 12724.207
17090.801 12452.023
16648.028 10390.794
17976.282 12820.570
17079.611 12169.508
18353.417 12465.079
17854.398 12907.253
17300.353 10701.473
16952.085 12186.630
17060.505 12478.130
17724.479 11501.270
17883.984 12315.288
16338.988 12155.100
16952.998 10328.960
18460.400 11399.108
17886.873 12566.973
16267.122 11240.001
17310.305 12232.805
16597.468 11757.615
18808.812 10393.900
17867.463 10933.199
16385.709 11396.527
17075.202 11305.945
18738.654 12752.557
16402.100 11965.498
16310.177 10820.939
16557.013 12551.399
17744.939 10975.938
17749.632 11025.279
17202.455 12156.237
17321.988 12775.043
18537.556 12630.593
17063.379 10619.023
16979.164 12041.546
18460.776 10728.747
17412.625 10791.851
18677.547 10561.458
18465.503 10418.949
17265.359 11958.297
17138.901 13033.504
18095.553 10311.190
18105.767 10804.998
16942.656 12799.428
16883.328 12636.757
16891.934 12084.241
18277.440 10294.632
17812.757 10727.055
18165.706 12885.676
16943.117 10428.282
16220.211 12022.581
16906.888 12674.516
17062.197 10539.899
16239.511 12462.827
18575.180 10680.268
17053.755 11058.974
17372.832 11549.565
16044.176 11409.831
16837.358 11684.703
16177.764 12748.417
18043.571 11579.403
16371.127 11761.762
17462.899 11318.312
18546.401 10885.633
17668.415 11947.697
17325.312 10780.507
17404.219 10451.934
17292.338 12253.186
17946.186 12746.549
18048.175 11102.890
17868.066 12882.471
17001.773 12211.942
17063.332 11087.290
16576.190 11865.785
16152.934 11605.016
16807.210 11195.007
17642.019 11927.515
16799.523 12694.850
16794.049 11926.428
17477.230 12025.577
18320.219 10452.292
17497.071 11591.625
18390.581 11161.560
17466.345 11985.957
17820.484 12023.483
17991.229 12943.784
18798.031 12459.612
16225.397 12381.069
18655.819 10536.210
16621.540 12061.916
17274.075 12037.925
17851.572 12678.706
18117.486 11053.406
18385.801 12184.762
17623.504 11926.276
18424.971 11036.980
17681.891 11392.318
17268.453 10766.048
18813.545 10519.087
16344.609 11302.911
18058.802 11621.129
17112.526 10848.889
17306.039 12003.539
16987.345 12021.286
18116.834 11619.114
16129.696 12204.602
16741.421 11347.083
18306.843 10709.368
16816.529 11945.129
16740.570 11231.737
16285.136 11603.804
16503.092 11910.406
16689.643 12529.728
17801.614 11132.959
16650.154 11073.047
17056.425 11924.444
17711.876 11970.153
18758.537 10531.243
17851.240 10342.140
17844.256 11667.901
18643.972 12964.215
16288.190 12729.764
18290.465 10769.008
17082.252 10640.386
17681.560 11194.117
18646.458 12524.808
18282.523 13052.334
17651.096 11912.109
16749.438 10567.565
16984.845 12601.048
16352.365 11519.365
16542.201 11413.353
16811.618 10860.847
16287.910 11900.433
16708.463 11220.789
17341.934 12962.819
18530.823 12797.759
16915.731 11294.285
17061.377 11597.250
16682.563 12447.014
17927.933 11008.872
16441.770 11261.165
17191.286 12003.189
17260.145 11767.824
18463.101 10618.354
17772.799 12337.243
16452.994 12617.930
16417.184 12942.038
18759.795 11225.222
16771.155 11013.954
16570.776 11958.966
18370.218 10352.152
17770.699 11932.383
16730.758 11608.445
17307.082 12218.613
17660.208 10691.042
18271.487 12026.110
17907.619 11948.685
17092.636 11645.248
17290.997 10480.565
16952.497 11194.743
16797.558 11871.434
17548.963 11122.681
16565.616 11164.021
17576.333 11084.515
16548.685 12631.560
18456.278 12695.669
18538.950 11267.901
16235.968 12109.285
17372.565 12545.758
17367.453 11472.972
18040.854 12637.378
18640.662 11502.502
17003.129 10940.677
17897.569 13020.611
17342.055 12188.559
18809.316 12238.476
18817.328 12012.772
17176.280 11722.965
16928.690 12593.339
16141.091 12635.614
18703.922 12815.538
17638.707 12420.631
18143.570 12442.855
18564.979 10939.027
18716.048 12031.693
18174.993 11627.891
16764.780 12201.267
18559.988 10633.704
18522.138 12270.492
16912.202 10867.146
18790.939 11978.995
17937.686 10478.597
18569.032 11586.447
17974.454 12965.604
17478.242 11159.120
17073.841 11616.517
16301.480 12850.968
16135.135 11136.206
16589.894 10644.345
17073.412 12542.501
18340.247 10797.039
18742.274 11205.971
17053.735 11358.874
18751.444 12745.908
16353.581 11681.394
18081.722 12067.234
17331.674 11025.877
18466.277 13032.080
18345.767 12367.223
16276.500 11701.981
16423.035 10307.209
17729.329 12250.374
17645.336 11666.408
16632.666 13055.527
18028.068 11846.745
17651.854 11510.683
18503.604 11099.793
16505.628 11117.557
16799.469 10689.323
16232.466 12936.295
17352.465 10450.485
16995.750 13071.263
17175.748 13020.953
16788.704 13064.454
16650.957 11478.329
16550.693 12226.952
17874.660 10924.142
17127.591 11420.815
18368.023 12813.241
17325.965 11644.441
16323.031 11581.224
18057.220 11879.238
18374.415 12386.303
17371.679 11837.935
17104.360 11914.397
18518.242 12338.048
17645.056 12978.256
16579.434 11118.991
17619.340 11185.913
18477.844 11994.875
18193.348 12110.891
16722.485 11079.415
18653.283 10449.811
17941.008 12622.078
16306.133 12608.653
16426.285 12048.810
17851.797 12264.221
16312.719 12417.190
17339.952 11680.849
16438.949 11369.235
17484.478 10473.647
17996.241 11501.122
17887.695 10333.610
16591.960 10948.091
18689.416 10552.938
17322.036 10479.447
17137.772 12105.502
16613.395 10565.979
18629.287 10675.531
18006.048 12826.434
18303.991 10405.456
16649.273 12791.987
17390.520 10719.170
18080.002 13017.519
18452.512 10314.991
16705.243 12058.981
18403.213 12365.630
17964.816 10894.370
18035.232 12295.796
17868.537 12662.167
18697.231 11304.810
16874.614 11624.167
17971.719 11944.682
18423.924 11476.751
16457.068 12885.761
17739.385 11929.416
17836.314 11624.793
18458.342 12602.890
17254.641 11013.242
16411.658 12685.837
18231.332 12391.245
18140.820 11809.590
18559.846 10976.374
17886.324 11374.689
17315.148 12471.883
16537.153 12209.663
17157.359 10963.633
17768.943 12765.133
18374.275 12768.997
18537.882 10681.929
17959.379 12149.139
16689.493 11816.033
18136.920 11719.810
18192.375 11640.885
16561.343 11827.235
17526.382 10965.534
16943.987 10774.116
16168.926 12000.027
16092.001 12190.383
16649.238 11578.009
17200.916 13000.851
18644.028 12327.892
18600.642 12426.160
17920.619 11312.863
17340.429 12947.715
17812.698 11027.643
17247.581 12720.636
16791.113 11850.482
18437.151 11281.798
17182.969 11473.772
16314.300 11935.936
17873.583 11716.638
16946.541 12125.628
17864.796 11914.270
16444.435 12187.249
17032.382 12362.613
16820.361 12865.919
18073.920 11350.883
16606.959 10476.826
16560.533 11711.700
17923.318 13069.219
16282.728 10625.255
17827.298 13043.880
17338.213 11400.788
17508.387 12191.473
17453.957 10813.867
17390.985 12232.323
17477.993 10582.454
17635.701 12215.698
17712.752 10994.401
18155.610 12280.323
16353.156 12270.756
18697.794 11349.019
18352.987 10392.881
18553.419 11428.775
17004.583 11649.521
17836.827 11923.426
18173.534 11504.436
16568.594 12627.995
16452.322 12465.013
17239.147 11001.135
17556.345 11350.408
17293.278 10561.716
17830.931 12733.597
16552.235 11620.048
16581.295 12366.673
17869.444 12497.420
18222.446 10436.397
18303.539 10808.403
17360.404 10757.538
18721.432 13020.911
17331.706 11713.732
16839.564 12949.483
16049.956 12647.397
18021.657 11519.509
16103.524 10696.025
16886.736 11508.041
18549.641 11925.172
18161.003 11683.194
16747.276 12808.012
16090.135 11927.485
18062.861 12343.759
16896.054 12639.672
16045.863 10879.931
16550.469 12606.545
16112.442 10820.285
17883.660 12923.282
16164.257 12451.215
17023.543 10425.227
16693.817 11151.667
16405.185 11306.455
18490.229 10971.546
16844.047 10511.288
17222.796 11464.489
18541.727 10592.972
16781.596 11428.415
17161.864 10492.615
18496.960 11832.841
17428.877 11176.757
16885.549 11894.691
16300.234 13055.644
18109.452 11754.220
16306.766 10299.621
17412.744 10423.171
16563.951 12453.737
17338.165 12485.984
17435.622 11840.836
18142.893 10790.732
17823.304 11216.427
18079.908 12536.877
16226.743 10472.299
16280.317 10311.737
18777.544 12292.598
18126.104 11101.025
18686.081 12239.350
17795.658 12031.701
17775.440 12156.164
18237.701 12861.009
18009.102 11825.646
17043.926 10331.068
16137.258 11273.704
18619.312 11147.275
18314.266 12221.764
18094.521 11097.125
16377.141 11606.599
16045.321 12292.285
17849.800 10636.153
17716.008 11525.220
16873.449 11844.794
16999.486 10842.874
18284.976 12172.273
16149.991 12211.520
16988.004 10464.602
16320.904 12176.664
17583.977 11689.926
17286.555 12900.975
17430.871 11218.874
17315.501 10742.863
16378.200 11786.184
16791.565 12448.013
18093.430 10780.795
16208.208 10878.620
18080.298 11273.378
18770.495 12058.013
17090.249 12638.170
18707.226 11652.807
17813.992 12638.379
16741.135 12614.874
17760.960 12094.993
17889.950 10652.487
17724.475 11538.213
17645.430 10386.757
17622.186 10755.789
18453.399 12396.295
16168.268 10900.757
16725.029 12430.145
18333.509 12001.668
18674.554 12889.165
16369.324 12191.846
18660.333 11721.202
16507.853 10801.739
17429.240 11526.462
17767.896 10579.308
18334.457 11735.274
16559.850 12972.719
17269.261 10929.347
16229.373 12618.210
16991.618 10894.685
18291.868 10479.010
18625.892 12818.165
16050.310 10348.093
18571.093 10666.922
18380.842 10735.996
16307.321 11241.317
17576.487 12500.925
17988.650 11460.666
16911.320 10299.345
16244.176 10773.674
17024.513 11858.967
16437.765 11375.456
16095.374 10400.501
17010.302 11373.648
18034.849 10515.527
16423.403 11573.522
17998.479 11744.140
16424.445 10976.030
18470.590 11952.568
18095.334 12913.964
17311.222 12615.659
18180.141 11364.828
16561.946 10764.482
17795.379 11050.179
18809.098 12858.366
17042.450 12498.278
18081.751 11452.312
18432.959 12008.711
18320.931 11763.880
18491.490 11003.922
17791.221 12339.012
16540.376 11494.105
16087.130 11452.001
17741.156 12749.512
16098.457 10306.604
16801.000 12693.126
17607.811 10687.922
17840.038 12259.207
17170.956 11923.204
18711.903 11762.438
17241.338 10503.998
18665.099 10898.841
18318.452 12436.306
17038.978 11845.691
18653.237 11239.793
17198.402 11540.369
16588.095 12986.050
16977.327 11604.610
17325.306 11939.783
18595.136 12286.062
17529.645 11359.159
16977.042 11976.836
16267.779 10692.766
17539.422 11760.353
18568.560 11113.657
16399.427 12130.022
16657.151 11695.354
17791.227 12211.296
17635.427 12139.639
17256.645 11106.525
17892.506 11285.014
18476.621 11130.597
17210.576 11268.102
17615.973 10336.399
16372.127 11721.188
16646.594 11692.803
18458.581 11368.050
18383.500 11599.380
16497.851 10805.432
18580.186 10467.214
18552.263 12584.526
18677.010 12438.496
16327.853 11909.629
17753.898 10996.856
16537.805 11566.102
18593.792 12924.557
16690.289 12690.544
18590.300 10946.529
17844.151 12344.445
17584.333 12101.604
17609.707 10452.867
16876.247 12640.511
16237.970 11788.875
18583.104 11871.648
16698.753 11820.984
17471.884 11031.323
16870.543 11882.547
17751.156 10978.976
17155.617 12920.984
18679.896 12168.718
18721.194 10621.218
17484.235 12680.797
16475.780 12202.611
18156.354 11603.068
16308.760 11028.531
17616.187 12590.500
18085.726 12320.481
17118.680 12284.828
18572.481 12227.480
16188.736 12195.447
17442.744 10466.449
18220.481 10427.271
18563.411 11837.076
17662.057 11986.460
16262.765 12955.242
16991.821 12652.129
17996.217 11417.643
16599.633 13063.717
17219.779 10946.814
16103.297 12281.329
16903.078 12943.274
17924.083 11019.434
17363.604 11231.530
17227.252 10864.456
18553.803 10938.811
17345.579 12109.798
17452.207 12450.720
17037.461 12062.548
16443.055 11729.175
16320.523 11936.418
17617.067 10900.270
17202.648 11184.876
17002.732 12684.418
17194.560 12408.720
16422.737 11862.839
17080.842 10368.011
18138.651 10882.533
16727.496 10357.911
17952.261 11129.344
16097.660 10755.435
16871.534 13035.999
18637.519 11490.558
16775.970 12678.549
16658.123 11247.108
16240.257 11871.938
17997.716 12772.174
16198.643 10461.249
16351.851 11898.113
16647.352 10431.587
18782.386 12780.652
16811.445 11879.328
17268.945 13009.655
18380.993 10332.193
16122.974 12825.706
18446.520 11010.004
18198.594 10546.597
16468.042 11068.562
18178.254 12745.094
17948.402 11412.657
16443.283 10465.836
16429.154 12201.875
18329.034 12287.408
16432.046 11898.622
16098.668 10910.783
17786.858 12377.798
18433.070 11447.423
18310.158 12015.007
16453.209 12244.224
17316.037 11479.784
18749.873 12568.277
16259.410 11250.600
16507.241 11663.896
16919.701 11467.903
17332.149 11671.380
17186.346 12537.042
18730.142 10361.981
18251.021 12354.308
17754.626 11926.663
16588.456 10352.114
17616.361 10903.392
17567.217 10613.553
17714.985 11246.528
16659.828 11730.881
16858.310 12942.976
16457.331 12754.362
16764.933 11911.328
17484.435 12522.013
17420.441 12103.348
18007.336 11352.770
18817.370 11040.675
17469.717 11697.815
18504.233 13041.182
18510.393 11791.328
18244.374 12113.022
17947.898 11155.099
17774.985 12867.285
16827.671 11639.765
16849.831 11947.467
16749.623 11273.668
17671.204 11523.367
17778.674 11740.363
18146.345 10504.373
18795.697 12713.586
16085.377 12504.496
16111.699 10692.435
18171.999 12884.165
16787.424 11032.348
18265.475 11889.752
18172.189 11224.269
16369.916 10436.594
18572.703 12113.353
17012.970 10679.863
16049.105 12481.032
16414.297 12378.035
17869.109 11415.784
17904.580 11563.622
17419.296 11885.130
17179.644 12267.526
17559.933 10830.312
17770.236 12983.485
16159.399 11394.095
17247.205 12594.084
18783.046 12020.663
17703.514 11584.551
18431.168 12983.568
17854.482 11913.836
16549.377 11144.227
17999.763 12892.748
18445.351 12440.914
17942.685 12012.617
17579.326 12535.145
16568.039 11701.798
18493.120 12172.962
16068.753 11007.129
18734.800 11386.040
17664.461 11817.687
18609.806 10350.830
18070.539 12882.803
17742.479 11784.052
18650.958 12583.863
16456.391 11801.554
17960.774 11520.506
16910.304 11981.116
18641.082 11127.856
18115.636 13026.772
17734.050 10912.270
18463.840 11388.305
17266.831 11429.971
16570.605 11436.737
17462.375 12187.043
16887.911 11107.111
18795.082 12065.788
17866.820 12445.679
16658.136 10907.477
17752.415 11523.278
17341.276 10306.189
16441.406 10591.174
18347.825 12912.177
18526.774 11675.370
18704.113 11222.595
17458.901 10333.829
18100.527 11778.751
17237.687 11589.662
17718.889 11542.035
16874.499 10770.415
16558.391 12565.816
17538.761 12811.130
17834.073 12340.852
17216.777 11917.339
16132.815 10526.286
17885.397 10818.587
16141.566 11668.418
18245.778 10386.892
18406.714 10508.999
18821.611 10720.146
18074.331 10953.108
16182.839 12682.502
18401.208 12035.391
18364.871 10404.987
16948.420 11763.860
17114.032 11869.195
16069.587 12462.611
18610.214 11775.162
17022.834 11306.077
17576.891 13005.061
18625.921 10525.540
17076.554 12319.901
17584.703 11860.838
18352.717 10775.345
16827.412 12246.737
16536.507 10652.877
17226.365 10328.871
16157.816 10766.585
17854.623 11497.179
18039.336 11074.193
16526.180 12112.551
17789.235 12640.893
16781.382 10413.505
18749.232 10923.495
18627.336 12973.672
17795.180 12461.570
16429.885 10999.194
16317.038 11918.224
17663.892 10886.305
18462.152 12419.165
18704.239 12896.803
16302.657 11564.739
17291.811 11117.060
17114.407 10869.889
17650.233 10416.058
16902.513 10964.513
16215.735 10524.762
17309.282 12171.585
16794.134 11383.521
16628.233 10403.569
16493.119 13047.948
16651.725 10870.424
16244.536 10517.606
16346.103 10969.982
16954.253 11848.190
16429.744 11810.043
17484.055 10676.639
16340.603 12588.121
17932.021 12199.150
16047.024 10361.874
17158.359 12977.105
16158.794 13060.120
17417.745 10594.937
16057.477 10463.279
18561.395 12845.645
16623.112 13001.864
18493.059 12774.096
17457.766 11209.778
16435.268 12493.957
18669.408 11276.305
16812.193 11366.472
16960.085 10925.877
17912.046 12132.628
16102.007 11758.138
16937.381 12564.082
18326.192 10424.803
17862.857 11910.753
18731.167 12061.096
17204.241 11594.145
17718.310 13069.768
17236.174 12957.018
17911.895 12662.347
18372.374 11495.928
16698.139 11902.981
16687.420 11176.062
18100.683 11947.227
18065.962 12818.520
18098.507 12985.564
17916.800 12130.047
18715.640 11335.719
17382.075 12253.609
17262.152 13031.413
18701.804 13033.340
17935.752 11163.162
16941.216 11497.153
18220.733 11911.673
18194.267 10727.216
16961.871 12023.154
16339.763 12010.879
17737.426 12389.174
17800.337 11312.513
16935.900 12218.272
16244.228 12446.661
18266.319 10682.812
18367.869 12364.533
16466.220 11117.662
18777.034 11254.043
18388.996 10899.053
18775.531 11670.018
16332.566 11972.988
17165.523 11656.316
17212.561 10361.907
16935.756 12894.685
17821.863 11658.497
17951.651 12074.246
16936.555 10408.006
16491.869 12034.849
17975.125 12308.292
16361.758 11573.934
16710.849 12251.437
18315.882 11870.430
16893.546 12890.931
18792.349 10312.874
17636.570 11242.906
16044.308 10675.821
16959.436 10581.715
16518.199 12353.467
18046.036 12431.639
18524.325 10543.105
16523.337 11017.240
16202.655 12742.551
18242.431 11361.397
18598.105 12585.743
16797.742 12805.619
16639.496 10772.298
18718.245 12628.795
16089.917 10992.735
16815.541 10479.632
16388.806 12269.232
16869.801 12331.328
16955.286 13002.056
16543.223 12191.667
17886.013 10502.159
17453.787 10877.207
18321.409 13050.829
17819.637 11058.190
16790.267 11919.690
17226.664 11461.120
17211.986 11272.537
17197.876 10990.615
17823.980 11366.391
16446.104 12408.614
18644.018 12537.960
16257.277 12438.845
18256.491 11148.782
17472.654 12641.684
18402.557 11894.311
18625.975 10830.248
16301.573 11418.450
18390.003 11791.913
16574.211 11979.750
18237.691 11494.476
17403.148 12170.713
18144.029 13027.727
17041.557 12848.189
17005.339 10945.024
17220.245 12405.766
17956.327 12313.692
17899.309 10782.151
17443.516 10587.774
16341.082 11717.057
18301.874 11378.631
18450.277 11093.022
16418.098 10818.405
16637.915 12557.456
16504.305 12357.587
16305.730 10562.254
18191.065 11100.754
16848.004 11045.295
18634.615 10715.096
16758.728 11979.281
16447.037 10810.525
17528.594 10983.595
16443.445 11057.545
17244.137 11022.592
16728.164 10906.292
18532.399 11906.718
17976.003 11791.332
17348.653 10596.991
17380.084 11035.257
18728.761 11194.679
17871.251 12315.154
17969.536 12421.295
18535.071 12961.232
18048.095 11667.953
18021.466 10958.534
17673.089 11626.433
18344.819 11059.282
17407.276 11449.674
16475.065 12999.158
16874.390 13021.034
17523.930 11022.185
18744.261 11012.470
18505.989 10801.632
18693.543 13043.298
18127.574 10566.789
18702.836 10960.114
16957.284 11933.260
16199.751 10584.188
16222.062 11059.227
17555.741 13059.287
17814.722 10669.090
17235.127 11586.443
17335.577 10881.584
16647.015 12333.072
16458.859 12530.521
16298.837 11750.166
17291.842 11700.217
18493.739 10429.853
16455.448 11154.696
17245.997 11796.887
16642.087 12918.841
18114.236 11946.332
17694.105 11600.711
18330.550 10990.002
16724.489 10899.974
17207.458 11423.673
16331.118 10959.284
17269.797 11941.024
17879.732 11590.860
16530.616 12648.366
16449.343 10419.443
16751.285 12283.801
18647.511 12873.063
16987.113 11052.051
16334.709 12292.046
18050.621 12870.492
16386.286 11868.660
17675.431 12501.780
16268.574 12291.753
16933.652 12348.039
16383.115 12820.214
17979.079 11302.252
17424.944 11752.252
16205.555 11812.481
18276.471 12768.650
16899.948 11234.868
17742.524 11703.264
17248.588 12151.136
17221.855 10615.084
18387.804 11161.271
17554.254 12305.129
18071.783 11149.138
18454.229 10768.885
16878.588 10647.060
17581.477 10542.768
18553.592 11672.382
17994.727 11374.749
17021.635 12963.071
18368.644 12766.891
16536.289 10665.376
17810.464 10332.700
18148.472 10798.503
16142.976 12628.540
16410.363 12271.230
17851.175 12874.314
17203.828 11524.475
16541.885 13026.269
18419.567 11633.387
16057.072 13069.137
17364.177 10962.379
17077.364 10669.322
16122.212 12669.754
17342.902 12777.005
18677.958 10840.970
18484.667 10901.260
17620.403 11353.023
16742.038 10868.170
17137.426 10319.601
16210.991 10645.317
18529.930 10821.531
17317.514 12741.871
16088.507 12070.630
18434.014 11685.432
18585.933 10316.031
17594.192 10607.169
17467.059 10969.551
16079.607 12839.709
18086.074 11782.903
16104.096 11146.753
16349.235 12643.533
18224.518 11544.755
16972.872 11940.385
17543.932 11091.246
17205.475 12312.754
18471.696 12931.341
18339.551 12697.455
17960.169 12319.126
16072.040 12159.228
17538.691 10610.420
16567.886 12735.058
18054.600 13047.105
16947.162 12632.980
17492.090 12970.869
18004.588 10666.859
17271.677 12054.738
17580.025 10832.581
16381.197 12949.384
17991.046 12992.601
16253.484 12619.366
17686.130 12479.147
17076.209 10416.089
18606.915 11911.233
16906.676 10896.853
18268.664 12805.036
17423.456 11198.668
17917.975 11904.651
18204.539 10780.206
16830.753 12509.057
16974.149 12337.677
16254.389 11690.846
18382.894 11261.862
16455.008 12773.561
17915.089 11429.442
17893.706 10550.326
16615.651 10701.517
16218.246 12209.447
18570.846 11608.111
16988.293 11913.375
17811.602 10984.233
16595.007 10338.154
18816.860 13057.075
17201.785 12436.910
18441.568 10670.912
17506.772 10892.519
17353.573 11487.323
17016.926 10325.359
18514.698 11005.237
17417.125 11227.773
16181.594 12361.158
17931.930 12769.972
18806.302 12896.351
16922.707 12284.647
17070.057 12742.453
16533.616 12779.584
16625.529 12426.101
18363.344 10553.739
16132.740 12558.980
16405.379 11184.983
17529.101 10543.587
16152.406 12498.631
18258.692 12432.902
16826.804 12279.730
18732.890 11542.515
17759.633 11121.593
17721.147 11023.026
17695.084 12607.694
17545.895 12286.679
16508.126 11202.500
18397.834 11409.730
17994.076 10406.684
18238.462 12398.564
16131.460 12318.884
18314.309 12118.112
18360.909 10331.680
17615.721 11730.154
16586.067 12550.836
16405.485 11192.378
16356.911 12349.332
18757.427 12277.683
17154.807 10557.838
17902.876 11686.251
16576.982 12568.510
18693.621 10422.544
16890.095 11683.254
17202.328 12197.869
18709.320 10848.390
16889.173 11697.898
18340.278 12800.108
17567.207 11548.567
18177.753 10771.934
17807.477 10314.082
18590.551 10912.059
18297.431 11431.347
18319.724 12748.222
16208.525 10754.165
16991.694 10627.771
17460.249 10339.348
18805.556 10536.201
16243.799 11476.905
18046.164 11166.575
16494.368 10432.015
17365.870 11330.559
16295.899 11187.247
18548.694 11988.550
17552.194 12684.386
17504.269 12301.939
17866.263 10917.010
17292.615 11709.855
16649.311 12627.700
18354.298 12323.936
17772.469 11580.361
18524.188 10897.521
18209.158 12309.789
18124.713 12994.401
16859.212 10518.298
17671.143 12612.420
16278.786 10637.756
16545.814 12246.095
16738.018 10885.768
16411.559 11874.576
16236.664 12575.170
17941.846 12611.427
17685.049 10751.841
17045.215 12062.406
17196.457 12241.933
17639.378 11521.676
17587.529 10362.145
16844.478 11873.072
18422.221 11332.214
16312.845 12038.821
17686.031 11734.616
18458.681 12694.596
18226.429 11848.156
18177.451 10829.059
18420.903 12681.590
17357.235 10730.899
18778.588 12270.969
18442.337 10666.276
16293.671 12135.711
18332.026 11738.283
18655.841 12817.808
17745.168 12847.821
18668.187 11554.609
17908.590 11873.520
18024.327 10651.429
16344.371 11965.343
16265.800 12352.133
16213.914 12076.604
18212.547 12360.133
17308.513 12847.373
16178.232 10546.994
17891.582 12103.126
16897.065 12911.334
16767.731 10352.638
16770.779 11320.045
17461.262 12669.163
18587.552 12619.471
17696.975 12538.637
18397.443 12098.372
17782.798 11206.608
16170.203 11845.919
18156.421 12868.587
18385.976 11135.336
16319.261 10775.382
17802.625 11930.309
16945.663 12110.940
18037.929 12912.217
17118.624 10603.257
16295.998 12683.790
16672.171 11313.027
18764.194 10423.708
18367.148 12887.792
16551.279 10641.583
17548.595 11230.033
16609.670 12758.053
16059.167 12895.385
16514.944 11317.476
16793.487 10460.505
16538.554 11326.839
18581.271 10864.915
17832.162 10449.477
17933.671 11014.785
17086.152 12632.946
16533.174 11653.682
17623.896 11658.115
18395.896 10820.812
17379.573 12470.984
17684.878 12893.963
16106.989 12580.235
18372.278 10811.806
17442.878 12528.506
16992.099 10875.779
17000.184 12287.709
17383.788 11483.928
16997.833 10733.719
17612.917 12913.884
18361.109 10387.089
16650.739 12093.717
17310.386 10833.796
16541.630 10303.991
17934.097 12510.990
18159.799 11158.285
17101.094 10579.442
18703.270 11808.375
18784.665 12039.057
17971.196 10762.214
17038.771 12885.874
17912.019 10736.700
16442.151 11314.817
17792.198 11540.307
17146.478 12166.142
16270.028 10389.749
17042.197 11458.261
18160.893 10798.975
18491.227 10410.018
16382.777 10952.020
18791.802 11409.492
16715.791 11001.762
16150.565 11717.039
18212.491 12647.233
16567.312 12094.384
16085.472 11063.069
16946.677 12067.178
16693.660 11600.122
16866.583 10320.663
16980.901 10894.345
18498.069 10520.828
16574.713 12059.425
18746.354 10924.483
17877.108 10518.627
18499.944 12223.333
17845.757 11510.794
16362.319 11114.869
17594.024 10566.540
16331.422 11459.492
17147.570 12144.944
16147.019 11566.173
16444.632 12800.595
16128.478 11447.015
17242.422 10560.938
17844.459 11518.919
18209.011 13035.326
16176.771 12329.583
18664.419 11329.996
17235.232 11012.041
18177.989 12569.049
17127.114 11870.735
18288.692 11674.984
18760.865 11655.736
17509.285 12971.989
17742.519 12081.970
16961.130 12235.459
16199.238 10717.156
18029.853 12551.497
16507.312 10669.081
18083.899 11419.611
17481.433 12697.433
16741.010 12934.826
16205.102 11034.312
17116.364 11517.377
16775.062 10728.602
17946.546 11748.128
16113.588 11888.250
16407.942 10455.475
17771.647 12234.319
16792.875 10304.107
17664.402 12348.849
17792.325 10534.004
17549.343 12446.041
17643.473 12475.565
16785.872 12229.414
16588.419 11193.578
17783.883 11332.525
17725.683 11071.240
17816.593 12994.959
16788.425 11721.910
17394.819 11844.747
18388.804 11643.022
17929.327 11351.294
18556.766 10815.865
18091.049 10570.583
17822.852 12902.764
17813.140 11402.368
17417.599 12570.323
16183.029 10493.806
17207.895 12857.908
17149.231 12584.426
18595.455 12700.302
16787.413 10498.161
17884.620 10743.487
17963.142 11541.705
16498.662 12536.569
18531.452 13046.513
18788.030 12923.860
16400.278 11649.289
18014.998 11316.024
18087.894 11741.521
17610.138 12432.947
16414.905 10546.792
16440.376 12606.623
17957.636 12675.266
17772.150 11062.806
17127.539 12703.478
18688.362 10431.378
18734.250 12051.194
17426.451 12305.931
17664.682 10808.712
16088.238 12552.806
18023.598 10528.720
17548.247 10630.292
18083.920 11218.603
16571.664 11425.623
18322.380 11159.887
16758.639 10996.376
17681.819 12015.153
18474.077 10332.123
18782.006 10973.583
18482.989 10540.069
16154.697 11047.126
17125.138 12441.090
18273.210 12713.986
17962.231 12276.320
18027.316 10856.764
17733.000 11442.981
18802.592 10975.069
18218.122 10836.893
17338.766 11520.192
16072.369 11622.224
18174.123 12848.800
18110.275 12134.133
18310.286 12659.222
16058.290 11604.978
18679.896 10925.895
18766.814 10355.407
16633.781 11786.657
17688.630 10866.885
16209.144 10929.220
17328.963 11498.805
18483.224 13069.119
16595.799 11373.252
16182.928 12920.386
16845.061 11672.049
16924.701 10694.715
17754.243 12104.271
17903.179 11894.760
16438.395 12393.752
16771.746 11868.351
17126.415 12263.373
17828.803 12665.735
18451.958 10875.550
18530.636 10443.570
16261.902 12315.180
16295.522 12345.110
18325.355 10860.316
18777.255 12812.674
16354.717 12909.260
18677.355 12490.117
18189.579 10959.722
18482.552 11956.094
18024.935 10803.688
16451.745 12954.149
17293.638 11913.670
16429.526 10733.400
17575.094 11586.953
16707.533 10746.762
16370.065 10703.109
17601.550 11751.842
16965.780 11093.670
16654.727 10354.848
16306.617 12181.190
18767.362 11588.727
16415.272 12177.494
17918.208 12099.103
18650.701 11117.992
17541.556 10605.927
17429.262 11061.345
17209.510 10704.439
16478.441 12054.573
17363.626 10784.663
18593.441 10752.539
17458.001 12189.920
16519.776 11953.790
17944.352 11688.078
16674.951 10632.393
17068.723 11285.479
16143.612 12881.379
16304.729 12632.675
17659.928 12348.939
18465.665 11061.057
18623.059 10617.405
18762.243 10932.820
16291.814 13012.270
18119.234 10515.067
17339.778 10654.842
18740.612 12303.116
17094.965 11893.709
17604.623 11275.728
17279.240 12226.934
16477.864 12588.162
17905.337 10659.298
18630.183 12900.083
17414.912 11160.599
18015.914 11211.702
17537.948 12431.639
17557.741 12729.720
17240.258 11865.268
18104.602 12714.531
16211.379 11299.500
18726.238 11036.843
18807.230 11960.205
18536.988 10892.355
17025.089 10765.901
16487.846 11213.410
18050.109 11341.634
18505.683 11303.922
16686.377 12867.189
16419.910 11793.216
16385.408 11479.097
16904.097 11943.076
16566.875 12459.458
16784.231 13029.754
16520.136 12448.354
16603.467 11321.863
18023.954 10906.969
18165.221 12915.132
17259.773 11749.568
18593.342 10603.558
18522.176 12473.531
16689.198 10860.384
18172.739 10957.964
18704.885 10620.572
17274.231 12197.688
16565.456 11275.792
17756.103 12245.506
16655.189 11031.405
16695.642 12038.651
16329.472 11820.107
17065.777 12146.200
18381.561 12186.576
18712.699 11042.166
17027.225 11972.747
17810.737 11504.886
17945.881 10607.216
17067.835 13018.910
16313.390 11193.105
16340.457 11216.658
16224.520 12363.293
16593.180 11153.206
17271.166 10915.754
16373.825 12362.953
16565.671 12363.112
16457.863 11894.984
18621.353 10664.890
16541.230 11484.139
18407.124 12230.903
16515.064 11460.121
16665.315 10516.784
17622.032 12340.645
18340.246 11772.267
18549.435 12822.813
18800.760 11558.433
17461.857 11559.972
16548.357 12765.168
18819.093 11288.208
17681.762 10731.850
18790.326 11295.671
17733.686 11123.223
17289.668 11391.897
17250.179 12533.765
17216.996 10839.651
18487.150 12310.661
17407.903 11004.079
18050.020 12496.275
17319.722 12304.374
18703.322 12855.384
18652.565 12066.335
16503.591 10923.406
18114.861 11016.675
17069.406 11802.942
18537.120 12816.069
17387.079 10428.452
16556.600 11228.642
18712.435 12654.899
18148.632 12999.390
16920.045 12570.480
18782.819 13064.257
16160.755 11139.715
18602.728 10674.738
16890.318 10670.344
17362.952 11239.417
17120.091 12115.615
17959.441 12935.038
17869.761 12260.327
18797.276 11462.260
16355.201 10865.337
18798.767 11377.110
17988.190 10401.704
16675.864 12984.947
18623.557 12494.993
17409.050 11643.073
16337.475 13053.431
17404.393 10977.769
17674.112 10385.627
17957.095 11231.757
16434.700 10321.605
18536.602 12620.047
17587.125 12278.221
16713.649 10742.069
17244.472 11887.652
18268.531 12312.895
18744.665 12067.199
17026.950 12920.763
16336.064 12362.190
16084.995 11862.750
18206.836 10562.852
18416.916 11653.137
18738.733 11612.525
17169.991 12370.965
17825.559 10731.620
16418.734 12265.971
16839.923 12428.103
17744.853 11912.749
17747.067 10889.160
18666.195 12569.141
17416.504 11153.275
18142.095 10655.102
16254.306 11335.097
17623.816 11846.670
18214.705 11743.586
16759.715 11625.262
16623.379 11737.682
17980.948 12979.660
17840.266 10552.388
18753.046 11812.801
16216.860 10565.014
17181.632 12235.664
17520.887 10611.338
17577.338 11327.626
17370.777 11173.497
16938.207 10453.083
18131.380 10484.079
18514.682 12381.854
18279.848 12921.970
16264.335 10556.155
17020.882 12719.165
18025.102 10667.547
18593.124 10544.922
17162.533 12192.842
18430.402 12072.870
16265.231 12362.566
16801.561 12747.998
17858.150 11496.224
16694.929 12705.538
16271.881 13029.773
16569.148 11237.302
16822.272 12146.622
16170.170 11559.142
16389.781 10857.433
18100.259 12452.056
18272.246 12334.043
16736.003 11750.624
17126.017 12732.219
18599.307 12723.300
16548.905 10515.998
16855.174 12985.346
17535.761 11844.459
17815.588 10402.242
18295.596 12641.569
16712.716 10834.352
16498.182 10711.202
17369.527 10766.917
16144.055 10392.418
16908.280 11185.656
16878.461 12312.484
16799.150 10835.680
18539.989 11808.045
17651.296 12475.404
16409.558 12728.838
17774.110 12606.173
16977.819 10460.671
17249.124 12141.072
16256.476 12843.767
18589.278 11001.986
17281.519 11739.587
16852.779 10297.588
17467.058 10934.432
16984.819 12401.213
17066.370 10769.783
18397.554 10587.913
16815.431 12607.236
17587.370 11593.814
18080.779 12787.723
16313.531 10510.851
17096.757 11465.588
17446.181 11061.508
16120.486 11756.749
18153.959 10866.239
18569.019 10684.604
18728.643 10961.865
17005.861 12422.395
17549.951 10756.867
16730.107 11833.407
16208.160 10583.618
18213.853 12764.686
16903.620 11129.685
16218.491 12837.689
17053.608 10710.426
18447.683 11889.596
18755.646 10735.607
18279.813 11293.673
17639.351 11750.555
18027.972 11934.029
16286.643 12882.824
17195.006 11208.553
16338.298 12260.448
18236.277 12189.868
16400.904 13005.175
17715.394 11042.101
16406.608 10740.068
18746.230 10965.648
17051.666 10905.907
17479.662 10914.958
18207.439 11656.513
16057.478 12083.628
16927.606 12108.685
18256.529 12492.368
16792.865 12540.497
17608.025 10481.740
16763.450 11113.072
16677.665 12001.708
18533.476 12059.773
18114.086 11107.864
18556.836 12880.006
16924.509 11864.037
18225.523 12046.367
18791.673 10982.773
18593.253 11721.276
18814.114 12300.652
16925.971 12157.680
18145.927 12299.280
16294.751 10650.160
16992.969 11939.124
18048.085 10924.160
18022.145 11243.134
17958.639 11318.688
16737.743 10320.288
18476.963 10411.398
18362.445 12435.187
18498.890 11288.058
17943.236 10985.238
17894.362 11539.600
17194.373 11262.500
18536.021 11413.137
18533.365 12004.951
16535.285 11777.343
18548.158 12572.277
17479.010 12572.501
18749.610 11905.963
16402.485 11254.931
16842.153 12846.533
18252.306 11850.438
16240.063 12825.301
16523.614 11318.443
16396.935 12656.314
17468.893 11644.157
17011.698 10689.841
17790.554 12747.595
16994.167 11973.816
17454.290 11300.162
16506.232 11767.261
16913.779 11086.518
17571.398 10742.244
17665.932 11431.462
17935.803 10333.071
18759.808 12172.885
18775.968 10782.643
18400.949 12451.196
17580.609 10543.480
18646.986 12094.070
17075.455 12296.534
16546.940 10992.005
17401.267 11656.109
18757.935 11795.373
16132.555 10369.891
17113.536 12562.181
17647.246 12972.260
17109.309 10496.689
17041.869 12555.564
17842.209 10661.211
16662.062 12642.791
18710.386 11324.836
18696.811 11938.235
17612.832 11892.111
18756.844 12472.176
18441.141 10455.198
17373.120 12846.766
18576.133 10300.051
17637.192 12532.088
16681.668 12281.195
18335.416 12311.662
17511.170 13042.613
17326.843 12687.869
18727.824 10887.807
16470.613 12038.237
18694.793 12901.585
17699.938 12434.197
16639.829 11094.930
16192.629 10363.868
17781.840 11590.207
16493.108 12982.246
17351.487 12529.161
18227.915 11358.383
17136.765 11501.788
16074.437 11104.778
16806.110 11999.761
17594.892 10559.412
16892.257 10744.155
16819.722 11730.995
16233.232 12063.392
18144.463 11712.700
16380.400 10809.511
16604.868 12488.317
16185.520 10873.604
18248.336 12881.592
16614.339 11654.404
17797.538 10298.672
16510.325 10484.738
17881.602 11792.533
16790.722 11891.063
17543.193 12894.489
16916.553 12796.858
17378.745 12318.700
17387.090 10424.209
16643.758 11323.041
17393.532 12452.936
16095.953 12874.781
16957.591 11283.044
18383.146 11729.103
18214.257 12580.408
17911.907 11678.161
16102.603 10518.133
17824.678 12412.915
18601.560 10544.953
17460.751 12426.930
16685.096 11539.881
18579.132 11981.503
16521.377 12976.709
17157.158 10925.124
18213.134 12281.383
17241.163 12594.989
16242.375 11428.748
16730.645 10593.087
16804.995 11815.247
16827.043 11170.025
16485.191 12458.316
16562.989 12229.894
17441.362 11016.160
16694.916 12835.510
18336.635 11390.095
17340.933 10322.251
18712.064 12684.929
17978.956 10564.572
18776.298 12769.161
18740.504 11350.433
18782.322 12378.592
18181.435 10434.261
16917.256 10331.265
17255.491 11618.752
16600.527 10933.157
17731.303 11173.466
18616.742 10585.194
17528.352 11099.098
17361.887 12511.540
16780.504 10314.245
16626.705 10416.130
16121.644 11649.761
18806.811 10599.189
16115.541 11539.123
16874.230 10922.376
17094.981 11676.875
16984.880 11874.561
17828.204 12278.587
16121.140 12277.220
17574.192 11075.138
17483.302 12051.945
18098.461 12072.842
18720.207 10390.298
18302.325 12800.540
17203.515 11032.599
16525.519 10868.495
18585.786 12638.297
17561.071 12815.729
16571.657 11763.049
16089.162 11598.243
18749.353 10350.493
16377.110 11817.718
18047.571 12661.665
17467.503 12864.242
18657.383 12099.690
17728.104 12613.533
18762.746 12542.768
18467.035 10474.292
17268.540 10472.831
18087.669 12486.053
16633.837 10499.494
17236.298 12130.550
16370.354 12192.429
18014.707 12809.222
17535.870 12071.931
18603.243 12669.155
16555.283 12837.478
17615.264 10453.397
16243.496 13072.200
18274.002 10596.201
16551.295 12999.461
18784.782 11487.154
16965.894 10986.479
16426.370 10890.624
16044.330 12690.302
18367.880 13016.193
18636.438 12786.601
17662.612 11977.515
16572.456 11460.046
17380.372 11780.075
16970.615 10831.316
18543.038 12770.331
16999.828 10369.338
18235.724 11827.414
17061.050 10381.821
16668.553 12543.639
16303.271 11176.013
16163.294 12812.425
16946.153 11270.185
17543.583 12705.798
18672.034 10692.926
16909.144 10726.666
17513.146 11291.882
16262.808 11411.735
16423.129 12617.170
17193.852 11490.286
17417.217 12175.163
16771.423 11770.462
17570.356 11545.154
17864.745 11007.185
16301.306 11459.731
16478.727 11724.888
16086.028 12805.608
17920.313 12318.730
17950.460 13015.246
16080.940 11403.296
18538.263 11217.036
16835.297 11502.017
17573.069 10869.128
17996.822 11245.485
16231.658 11166.111
16506.461 13026.242
16903.100 12664.187
16115.693 11597.429
17270.807 11227.078
17757.531 12095.015
17801.894 12003.529
17767.535 12358.065
17020.074 11836.293
18213.872 10440.004
18359.416 13059.254
16719.254 11738.967
18683.194 10754.637
18195.292 10514.505
16835.631 12440.641
16367.722 10396.739
17709.358 10380.342
16779.240 10331.477
17208.167 11619.728
18768.705 10952.402
18533.861 12529.635
16139.037 12858.133
17615.477 12607.650
17380.397 12716.237
17318.366 12555.760
16343.420 11486.849
18327.660 12999.229
16181.210 12551.558
17578.186 10939.059
17129.219 10835.849
17745.023 12084.852
18151.871 13046.163
18634.562 11000.081
17047.997 11549.471
17036.064 12935.886
16686.083 12095.629
18373.278 12062.262
17370.438 12234.292
17188.462 12164.149
17670.607 12571.561
17431.611 10713.470
17801.837 12525.619
17715.213 12743.743
18397.549 12219.487
16756.491 12423.498
18495.278 11929.155
17253.382 10530.106
17693.746 10748.853
18750.517 12120.841
17652.833 11216.218
16413.744 12169.998
18142.963 13068.747
17433.443 11934.654
16199.558 12183.051
16140.973 11606.611
17111.569 12111.919
18354.913 11255.371
17066.824 11488.156
17335.621 10453.380
18243.385 11059.348
17999.344 10473.170
17617.745 11810.396
16306.818 10986.569
16473.395 10535.658
17258.871 11619.721
18770.810 11851.350
17416.591 10804.548
17773.476 11950.637
16236.289 12747.736
17489.672 12847.003
16496.267 12093.257
17602.372 12335.543
16728.058 12154.134
16530.859 12859.189
17299.616 11294.566
16478.231 12229.954
16316.655 12315.542
17865.359 11043.914
17589.886 12133.649
18749.688 10682.406
17515.406 11909.260
18524.956 12407.985
16473.922 12869.723
17621.998 10757.901
18094.838 12649.897
16606.073 12653.612
17535.255 11405.614
16944.263 12126.636
18673.291 12335.987
16527.035 12945.243
18231.716 12015.257
17283.554 10835.458
17154.152 11303.846
17663.105 11115.795
17382.286 12260.995
16868.862 11791.112
17475.326 11301.364
18672.150 12277.411
16160.836 11495.048
16682.726 11934.665
17732.386 11324.145
18551.866 10707.644
18396.339 10480.355
16251.974 11416.045
18475.276 12635.964
17864.970 10734.313
18598.822 12781.107
16122.574 11065.958
17193.172 10679.406
17020.143 12359.973
18040.325 11035.252
17113.487 12054.120
18708.205 10770.178
17274.681 10912.816
16780.521 10657.977
18464.941 11042.421
16924.582 12233.500
18244.404 11254.772
18620.102 11774.663
16992.838 10864.839
18012.189 10789.830
16249.591 11112.585
18535.744 11863.614
18163.880 12942.003
16100.753 10923.167
17932.250 11102.244
16853.099 12899.604
17201.269 11981.774
16981.472 11744.500
17930.951 11064.448
16132.792 12834.166
17538.481 10969.410
16675.795 12113.840
18342.435 11194.590
16611.399 12513.586
18758.473 11397.361
16118.862 10604.981
16942.761 11046.618
18300.863 11972.044
16421.884 11151.454
16678.028 12636.539
16147.601 12597.773
16308.436 11833.448
18465.688 10442.383
16768.984 12818.079
17101.989 10953.876
18485.598 10862.884
18051.912 11756.697
17267.655 12417.197
16873.129 12000.646
18009.212 12927.661
17742.531 10340.906
16950.287 12842.453
17735.517 12627.962
16500.001 12991.987
17864.577 12695.641
16985.613 10883.658
17459.942 12993.958
17111.954 12271.321
18615.428 11193.856
17212.995 10564.827
17274.933 12034.746
18366.462 11360.278
18600.326 12628.224
18283.127 11346.589
16993.471 11288.362
17982.038 11966.854
17487.134 11522.479
17749.059 10381.342
16507.955 12003.581
16784.222 11459.034
16269.661 12945.196
18627.280 13001.281
16460.002 11057.503
18555.856 11111.468
16544.267 12556.607
17353.839 11257.101
16753.699 10522.583
17573.804 10567.389
16255.139 10354.670
18593.217 12772.707
18511.191 12149.037
16144.716 12890.864
16435.466 11081.364
17733.337 12660.345
17551.842 10654.575
18362.722 11843.338
18681.720 12088.522
18008.528 10562.306
18169.322 10769.797
16237.937 10935.142
17005.559 12246.706
18545.074 12110.110
18576.666 12421.750
18545.013 10437.983
16976.228 11237.872
16324.930 11309.253
16809.242 12817.221
18104.648 10413.851
18820.185 12320.011
18809.220 11791.834
16105.162 11605.723
17319.861 12367.037
16223.679 11642.373
16506.959 10640.931
17353.915 10994.883
18351.601 11309.008
18712.303 10757.651
18510.702 11493.761
17559.215 12218.686
17989.657 12873.813
18266.482 12021.766
17262.270 12681.669
17675.590 12997.722
16403.409 11493.491
18352.082 11834.122
18152.428 13007.342
16517.210 12064.785
18190.263 13059.371
17723.733 12864.689
18203.031 11194.654
17542.136 12137.137
17646.116 12192.880
17360.870 12941.431
17661.968 12745.404
17002.673 11490.071
17980.384 10329.145
16960.968 12824.550
18092.466 12386.241
16098.334 12046.164
17939.783 11271.876
16295.081 10869.048
17538.793 12366.056
18679.654 11293.563
17229.067 11087.331
17395.589 10450.095
16411.228 11352.137
18258.906 12977.547
17166.830 12654.695
17826.985 12785.806
17929.954 11877.589
17928.237 12430.586
17088.094 10528.689
16219.440 11307.940
16403.425 10779.986
16421.875 11185.478
18707.835 12509.147
16410.273 11025.841
16865.708 11240.942
16473.958 12001.415
18454.853 10882.115
16575.782 12942.568
16743.526 10859.901
18382.116 11546.935
18152.285 11143.161
17075.862 10327.107
17833.152 10451.567
17423.470 10921.327
16837.836 10838.147
16345.623 13001.357
18051.333 13045.095
17041.330 11222.216
16381.157 11286.451
17322.574 12321.616
17012.718 12230.685
18721.432 10663.108
18814.044 11796.608
16395.912 11906.106
16964.937 10375.935
17235.291 12376.907
17038.938 12118.397
16959.008 10675.736
17360.930 11472.720
16652.380 10363.424
17368.011 12294.027
16583.404 10793.697
17954.685 10713.125
18102.549 12298.661
18695.550 11936.786
17732.794 12922.612
16475.135 12925.920
18447.869 12885.416
18127.770 12342.098
17443.451 11592.265
16173.170 12494.906
18645.571 11786.998
18351.224 10606.004
16193.310 12356.012
18634.422 12569.944
17225.545 12379.291
17002.483 11401.594
17993.970 12315.399
16684.715 10450.705
17536.348 10676.306
18543.884 11503.896
18704.481 12309.380
16417.826 10576.363
16451.705 10807.011
17082.266 10423.769
17951.902 10504.664
18034.113 11741.584
16846.890 11813.230
17253.437 10470.391
16936.614 12745.181
16355.836 11336.549
16076.046 12966.121
17506.559 12692.760
17786.079 10392.260
16912.741 11657.462
18219.676 11255.315
17994.154 12230.870
16410.915 11068.261
16657.423 11929.822
18424.182 12833.766
16711.631 11226.897
16507.064 11449.572
16706.210 13001.212
16352.704 12080.163
18144.302 12306.762
17931.805 12330.290
17290.676 10375.510
16052.680 10731.433
17370.832 10594.224
16860.674 10498.638
18190.332 11467.514
17385.159 13027.800
17704.429 12973.492
18712.963 11751.814
16403.071 10738.400
18816.806 12003.948
17358.101 10903.979
17507.714 12450.691
18214.659 11769.645
18051.059 12835.231
17094.727 10901.637
16768.450 10548.668
16097.260 12035.974
18810.932 12160.301
17253.697 12517.902
18774.630 12933.428
16641.745 12292.798
17337.816 12731.378
18568.510 12665.907
16167.751 10378.316
16233.872 11882.893
16748.900 10347.716
17863.298 11064.286
18710.751 10871.583
16416.782 12375.001
17833.886 12482.966
17780.801 10444.841
16994.411 11298.389
16725.670 10709.782
18117.471 10913.979
18603.044 11892.482
17783.499 12938.995
17104.822 10588.931
17931.280 12081.131
16668.595 11284.024
17147.316 10428.088
17228.041 11377.823
16162.481 12008.050
16726.348 11887.520
18357.373 11478.768
18601.146 10787.418
16171.578 10447.852
16747.341 12226.752
17348.042 12905.706
16838.022 11959.674
17153.548 12712.442
17932.844 12502.157
17197.199 12017.762
16691.337 12820.010
16526.843 12609.616
16184.064 12065.387
17348.263 11309.343
17558.514 11671.627
17111.112 11149.878
17740.098 10530.988
18256.436 10561.441
17104.233 12820.948
17499.059 10916.827
17302.644 11458.174
16282.241 12657.303
16959.114 11190.886
17804.213 11925.774
16931.961 11536.476
16553.171 13034.202
18455.284 10328.939
17681.499 12801.857
16264.834 10682.164
16149.697 12762.884
17485.783 12720.770
16403.303 12442.263
17856.013 12942.963
17633.765 12246.006
16421.653 11409.175
18615.971 11710.011
16776.342 11312.857
16673.516 11797.654
17084.036 11650.253
17483.845 11719.100
17554.757 13025.951
17901.344 12143.080
17954.182 12584.822
17659.356 10940.835
17463.399 12629.687
17297.879 12536.273
18720.787 12857.918
17452.119 11097.597
18089.877 11162.231
18691.036 12276.877
16417.445 12561.405
16873.972 12838.009
16647.696 10301.590
18596.743 11831.771
17181.957 11838.495
16593.888 12281.608
17674.848 10917.184
16228.046 11928.974
17695.451 11277.497
17765.032 10329.397
18284.605 12824.611
18771.297 12952.651
17993.314 11304.362
16467.294 12677.847
18718.754 11140.365
18426.190 12510.774
16918.124 10495.274
16207.023 12924.903
17304.813 12811.750
18567.522 11189.448
16125.471 11698.568
16066.364 12418.008
18782.737 12058.158
18749.018 10553.447
16052.174 11574.637
18385.863 12415.384
16885.556 11734.922
18558.472 12347.923
17583.948 10814.437
17623.591 11021.757
18119.021 12293.394
16073.970 11995.096
16573.046 10577.832
17618.023 11910.426
16088.344 10463.829
17047.669 11589.482
16935.186 12206.441
16313.011 11543.031
16681.491 10581.866
16765.656 10336.940
17410.179 11137.596
17492.889 10724.892
18454.543 10739.777
17549.462 10411.137
18119.377 11795.083
16064.290 12531.756
17229.077 11481.223
17178.400 10684.058
16426.574 11002.839
16954.221 10457.334
17242.819 11147.147
17883.967 10875.801
16682.823 11121.147
17083.372 10407.721
16895.651 12035.545
16705.606 11987.723
18785.632 12268.575
17315.007 12775.052
17842.210 10387.199
16440.744 12308.753
18011.116 12082.407
17914.552 12015.019
16958.740 11150.952
18597.428 11966.742
17373.363 11650.245
18764.111 10393.689
16587.944 12685.684
18622.481 10995.784
18547.661 10447.896
16283.350 11789.922
17862.247 12715.278
17225.665 11590.372
17120.637 11423.690
16803.142 12242.448
17562.257 10881.971
17928.733 10674.214
16907.587 10928.745
17482.422 11421.210
18141.692 11798.988
18724.281 10917.481
16107.633 10702.476
18150.754 10471.506
16235.856 11896.830
17921.204 11989.872
17394.701 11697.877
17868.282 10699.079
16973.185 11946.641
17364.376 10970.276
17258.113 10989.727
17227.456 11644.787
16155.063 11342.633
17662.281 12807.759
16896.458 11724.691
18629.335 12682.094
16975.376 11788.923
17596.123 11502.476
17873.797 12647.469
16820.843 12587.397
18424.534 10598.783
16154.178 12764.563
18495.842 10780.095
16785.231 12432.599
18821.440 10654.217
17690.394 11142.567
17172.556 12718.413
18050.394 11137.276
16267.874 12650.075
17048.837 12519.070
18184.478 10617.189
18409.965 10603.669
17061.015 13055.120
18649.249 12392.017
18639.226 11898.303
16807.636 10497.489
17616.101 12195.627
16398.997 12472.859
18693.870 11912.060
16957.493 13062.105
17627.381 12926.144
18293.318 12834.182
18499.709 11978.056
17527.719 11631.643
17992.491 10483.348
18291.543 10467.240
16596.994 11432.853
16541.860 11405.790
18496.811 12635.317
18657.232 11326.968
16555.162 12986.112
18252.312 10419.792
17123.494 10771.582
17266.053 10323.774
16216.280 11614.022
16631.956 12639.883
18035.299 12807.099
17748.356 10776.357
16429.581 11802.736
16255.437 10575.306
17072.227 11128.811
17573.869 12830.652
16913.590 10485.503
16787.622 12299.855
16663.076 12353.743
16736.868 10512.158
17721.997 11184.972
16973.889 12579.372
17902.522 11212.136
18335.408 11074.129
17967.856 11629.736
16438.527 12866.332
16665.198 12986.825
18685.657 12773.549
16256.871 11565.151
17741.524 11379.985
17459.755 11997.179
18443.387 11213.121
18353.309 11125.339
17765.109 10664.957
17846.905 10393.760
16454.415 10605.902
17500.292 12769.372
18003.093 12398.893
18203.973 11209.667
17887.635 11399.100
16054.064 12378.541
17843.392 12217.991
18070.628 11535.526
18765.006 11647.668
18143.613 11646.907
16944.412 12612.431
17563.778 12735.979
16533.050 12241.774
17269.199 10318.061
17444.881 11342.241
17263.114 10436.920
16795.919 10675.693
18655.656 12859.426
17579.754 11126.966
18691.202 12171.192
16066.151 12121.119
18300.419 10966.004
17415.805 11904.163
18687.686 12354.475
17910.024 11103.645
18104.827 12467.776
17944.725 12010.083
18030.431 10470.351
16860.515 12829.058
17831.996 12126.506
17412.516 10927.855
16918.469 10674.153
17477.402 10741.300
17391.709 13066.988
16886.724 12034.119
16515.106 10522.451
17121.533 12286.745
17980.777 12133.971
16729.741 10492.704
16520.916 11649.863
17677.692 10816.058
17064.599 10631.833
18728.776 11939.990
16486.019 10965.322
17005.850 11656.271
16366.411 12592.922
17127.364 10405.667
16087.118 12443.613
17131.727 12649.601
17658.282 10847.484
16674.727 11149.406
16432.377 10462.944
18000.729 11263.534
16279.131 11917.602
18510.030 12262.005
18749.800 11039.018
17585.841 11329.841
18775.366 10898.360
18180.848 12770.813
16261.974 11911.989
17774.581 10444.623
18538.574 12883.035
17241.108 12387.581
18444.545 11540.953
18240.883 12088.217
17416.465 11575.651
18430.563 11877.628
17793.568 12918.112
18121.597 12331.846
16546.696 12377.616
17852.896 11829.641
17402.379 11237.799
18192.580 12459.697
17379.910 12469.920
18610.752 10295.080
17142.705 12614.562
16583.499 10675.538
17060.164 12198.285
18506.564 12677.932
16246.437 11450.978
18045.446 10872.105
17283.413 11998.912
16523.092 10537.093
16292.290 10793.019
16593.947 12739.151
17133.934 13050.106
16611.541 11031.459
18751.036 12201.702
17154.594 13037.622
16485.387 12006.837
17393.643 10334.978
18251.652 12842.665
17478.106 12221.671
18463.467 12950.152
18781.397 12807.733
17888.696 10959.699
18089.628 10579.284
16225.931 10754.968
17191.467 11011.851
18426.662 10491.268
16299.846 12928.919
17495.596 10544.319
17201.652 11515.703
16059.123 11656.737
18243.323 10733.681
18263.980 10296.677
17697.783 12514.473
18760.619 12830.865
18636.162 11141.721
17472.246 11158.574
18160.392 11433.751
17863.575 12438.281
17016.820 10372.548
18497.671 11764.798
16123.151 12373.389
18514.817 12636.750
16255.008 12006.695
17271.985 10612.595
16999.901 11031.013
17865.537 12166.384
17069.886 11930.930
16194.818 10464.335
17117.999 12613.916
17318.587 10340.469
17844.080 10425.233
17680.013 12048.159
18176.597 11758.177
17878.031 12495.359
18743.071 10846.268
18677.957 12337.919
16442.980 13070.109
17956.539 10814.844
17605.711 12534.185
16779.443 11727.971
18066.070 12728.691
16719.939 12769.991
17739.379 10691.811
16729.192 10949.040
18236.041 12021.526
16533.447 11642.178
16110.162 11444.700
17307.209 11354.985
16378.038 11827.510
18807.500 10326.153
18438.574 12108.455
18408.449 10597.882
17470.950 10740.390
16641.083 12686.117
16242.945 13057.198
16060.911 12071.287
16249.998 11740.353
16604.008 11427.939
16748.996 12853.657
18007.836 11768.360
16192.353 11608.251
18811.225 10298.472
17894.467 10944.893
17655.243 11074.377
17651.545 12287.410
18149.158 12905.292
18399.198 11044.628
17511.642 11594.727
18363.564 12543.146
17513.594 11885.941
16144.669 10987.186
17896.629 11020.391
18457.416 12271.326
18324.878 12035.935
18190.224 12806.641
18505.721 12373.176
16936.429 11233.635
17701.224 10849.280
18777.907 12251.646
16684.533 10702.332
16792.065 10604.746
18203.956 10687.431
16582.805 10329.262
17981.209 11206.498
16782.648 11252.857
17226.561 11201.300
17353.509 12344.602
18456.284 12672.020
16158.436 11916.323
18375.017 11057.336
17671.082 12073.745
18786.314 11382.738
17990.078 12567.302
17272.384 10418.315
16441.943 10313.975
17404.228 12779.327
17441.085 11098.896
17197.840 11632.861
16674.179 12087.837
16125.754 10551.245
17773.360 10566.317
17946.640 12439.300
16927.168 11385.633
17147.223 12119.881
17420.785 10817.654
17287.013 12737.839
16547.082 10660.764
16975.961 10587.776
18547.653 10620.792
17229.936 11564.493
16944.123 12266.753
18587.396 11582.830
16661.527 12282.804
17113.047 11649.687
16428.063 10769.553
18723.938 12269.183
16937.474 10822.736
17604.056 10578.987
16833.348 11461.863
18072.595 12704.004
16477.631 11865.265
18337.944 12780.940
16482.346 10927.877
18798.247 12184.634
18603.574 12899.184
17592.217 11609.724
18799.762 12702.087
18134.510 10859.207
18333.544 12723.993
18055.680 11268.181
18690.762 12221.609
16928.525 10415.368
17986.815 10822.204
16912.659 10939.757
17041.389 11836.254
16961.284 11239.809
16504.521 11882.588
16117.791 12613.170
16310.449 10425.553
18344.166 12395.774
17333.512 11161.437
16642.133 11030.687
16553.254 10669.132
16058.670 12704.414
16652.244 11995.530
17467.921 13072.021
18505.197 13001.529
17702.935 11924.922
16697.164 11084.897
16768.383 10776.162
18235.787 11979.659
17629.274 11961.282
17510.142 12553.955
18122.857 11417.630
16403.654 10585.772
16742.015 12906.751
17808.094 12970.583
16581.286 12901.502
17683.581 11876.266
18455.295 10641.797
17180.755 12230.214
17323.836 10524.402
18357.067 10708.640
16462.437 12918.207
16966.896 10485.996
18649.771 12728.144
18675.956 11100.836
16331.955 12428.385
18769.487 12958.767
16628.716 11009.045
17962.569 11744.305
17408.136 12355.436
16965.660 12360.104
17944.131 10838.934
18374.823 12649.521
16837.858 12680.507
16937.015 11283.123
16729.312 11931.874
16715.646 13015.657
17654.525 12076.036
18535.573 12459.900
18591.186 12713.093
16046.064 10579.216
16379.004 11747.236
16989.871 11689.860
18576.310 11485.313
16931.621 11183.223
17037.873 12552.604
16569.078 11680.919
17609.954 11374.828
16350.640 12467.823
18795.803 12598.070
16916.700 11872.624
18266.050 11347.099
16426.222 12663.421
18330.280 10631.543
16487.601 10835.659
18356.849 12218.638
16922.866 12712.403
16301.179 11111.583
17365.726 11444.130
17356.636 10932.335
18436.091 12902.975
16401.358 11012.115
17116.196 12062.818
16616.479 11096.753
16780.909 11848.692
17451.561 11107.505
17623.011 11543.894
17653.357 11438.023
17366.012 10649.891
17631.676 10496.204
16725.467 10971.695
17740.655 10819.777
17746.809 12446.307
16772.458 12017.446
16657.891 11776.603
18298.934 12510.566
17071.066 10301.691
16107.504 11691.470
16443.853 12560.464
17170.971 11848.261
17064.468 11746.711
16124.847 10903.749
16617.872 11639.972
17031.570 12655.237
17506.620 12524.939
16452.419 11303.967
18131.823 12210.139
16144.168 11426.850
16380.974 10315.049
18811.946 10973.302
17113.003 11203.998
18326.309 10684.424
18222.587 11402.710
17951.022 11140.854
17059.157 10354.734
18397.982 10687.425
17930.840 11588.431
18371.741 11728.806
18617.942 10470.320
18609.087 11237.959
16209.006 10335.081
18076.419 12057.237
16441.598 11744.798
18276.199 12180.346
16946.053 11324.040
16942.532 11666.971
18297.124 12031.294
18103.889 10928.155
17269.742 11138.254
16518.814 12940.048
17030.378 12695.047
17515.834 12925.622
16621.037 12106.044
16374.493 11677.260
16583.221 12365.679
18027.912 12851.609
16601.947 12304.586
16747.998 12726.996
17485.728 10840.955
16872.229 12392.024
17511.854 12402.645
18129.886 12469.851
16047.623 10745.791
17232.571 11492.410
18100.112 12908.578
17161.720 11405.709
18757.900 10877.103
17966.665 11583.170
17925.008 11698.697
18790.505 11419.654
18260.313 11684.486
16855.159 11886.295
16710.667 12596.660
18743.930 11952.125
16472.316 12000.273
16497.629 12680.138
16935.200 11172.849
18757.674 12533.300
16629.886 11855.442
17741.554 11598.408
16280.026 10965.394
17748.719 12946.104
17614.981 12465.610
18795.133 12299.872
16119.403 11263.072
18817.994 11089.583
18141.483 11020.242
18003.119 10745.920
18733.613 11617.411
16489.730 12185.772
18634.987 12417.110
17050.629 12056.734
18399.380 11067.259
16742.524 11467.866
16379.802 11074.180
17664.368 12066.186
18670.931 12126.087
16342.962 10801.225
18160.856 12381.114
18148.734 10599.512
17175.404 10368.949
18309.963 12316.284
16555.195 10941.664
16074.139 10871.268
18665.115 11988.567
16989.151 12387.165
18645.912 10564.670
18350.036 12600.488
17939.202 11286.872
18562.231 11828.294
17165.262 12249.035
16202.646 11607.698
17668.019 10965.771
18092.457 10356.533
16954.725 11914.675
16213.518 12612.520
17942.703 10961.325
16421.612 10684.128
18236.348 12315.060
17917.147 10436.379
18027.639 10772.313
18638.636 11284.088
18154.312 12143.548
17602.597 12162.507
16378.250 11249.411
17147.254 12239.435
17041.955 12070.446
17489.413 11523.078
16741.464 11219.687
17401.626 12811.890
17171.594 10951.303
17893.636 12845.415
17122.394 12933.388
17868.093 12791.220
16682.397 12073.372
16047.442 10370.938
17434.244 12728.436
16942.921 12900.082
16351.706 10510.582
16561.318 10637.413
16478.738 11346.184
17761.240 12375.334
18399.641 12157.553
18751.545 12010.187
17251.841 11227.410
17908.541 10327.590
17801.123 11417.627
18580.236 12522.550
16790.016 12804.190
18415.039 11192.726
16645.426 12445.085
16957.156 11799.210
18720.529 11964.982
16225.669 11318.475
18547.351 11082.201
17064.131 12854.230
17029.556 10891.493
16561.232 11964.124
16520.968 12838.676
18561.876 11530.881
16612.132 10724.884
17927.636 10980.503
16366.451 12540.393
17527.693 11271.225
18217.693 12363.496
18821.428 11627.021
17753.031 10428.834
16834.496 12354.880
16254.224 12374.309
17647.393 11563.469
17732.698 11593.244
17206.460 12508.193
16290.588 11188.173
16937.064 10399.170
17855.229 11012.673
17175.549 11456.273
17972.414 12458.206
18440.038 10819.816
17480.054 10573.558
16840.431 11912.702
16694.813 12071.068
17705.922 10826.919
16519.820 12162.731
16756.980 11925.711
16821.751 10388.950
17413.771 10538.018
16556.969 12748.337
16603.669 10817.188
17410.073 12272.636
16807.475 10463.227
17472.171 11721.911
18012.027 12250.566
17085.823 10638.052
16253.208 11862.727
18811.937 10566.296
18604.925 11354.336
16420.976 11629.053
18541.729 10705.121
16104.367 11043.859
16906.175 11857.073
17218.686 11136.948
17737.359 10648.323
16187.730 10527.625
16192.567 12872.143
16319.502 12638.570
16187.523 11355.584
17564.324 10640.229
16048.572 10859.225
17801.686 10830.474
18487.818 10864.569
16265.024 12093.815
17062.364 11408.420
17076.828 12248.048
17897.688 12005.333
16968.029 11165.141
18023.556 10320.834
16477.342 10409.438
17703.936 11029.725
18232.243 10384.156
17104.535 11104.886
17958.485 10514.620
17447.112 11877.926
17982.685 10986.863
16763.753 11523.619
17207.215 12178.280
17309.781 10492.822
18119.410 11061.297
16301.894 10756.598
16624.162 12639.983
17623.321 12262.900
17842.956 13061.782
18557.557 11907.126
17796.398 13012.376
17573.258 12218.599
18402.906 11858.335
16266.305 11581.745
18256.818 12575.945
17883.384 12274.424
16186.806 10900.076
16964.977 11239.245
18099.720 10581.848
17227.233 11545.996
16831.237 10691.890
17340.626 13055.109
16917.544 11092.829
16966.618 11663.107
16212.852 10999.773
17759.283 10758.790
16087.850 11053.567
17315.394 11044.691
18727.937 10332.764
18567.420 12946.826
17259.028 10617.004
16356.688 11529.272
16962.721 11867.473
16378.188 11289.477
16440.943 12698.107
18404.196 11979.889
17751.717 12029.685
17528.535 12786.495
16736.072 12739.030
16745.933 11041.702
16098.886 12321.592
16805.888 10985.545
16108.213 12780.655
16263.031 11406.453
17687.422 10511.123
17902.980 11231.882
16090.171 10422.899
17069.860 10434.582
17914.930 10377.304
17823.026 10685.295
17741.093 12728.369
18801.591 11473.784
17926.203 10444.722
18772.863 12529.436
17160.335 11465.311
16231.057 11100.649
17853.308 12235.151
18291.941 12402.232
17074.048 12030.397
16162.010 12737.113
17202.982 11270.321
18340.338 12301.725
17929.037 11230.240
16706.833 10752.219
17297.358 10872.840
16118.497 12971.833
18293.254 12987.805
18787.747 10622.059
18626.872 11086.291
17409.591 10644.822
16752.684 10720.371
17160.328 10975.670
16330.021 10310.553
16746.019 11406.806
18105.514 11553.186
17925.365 12494.305
16173.921 11398.592
18142.586 12258.305
16071.567 11437.150
16656.057 11659.764
16717.319 12038.713
16540.744 12577.841
18768.611 10832.409
18412.504 12994.546
16767.484 11527.740
16390.290 11824.493
16147.815 12650.730
16192.457 12150.240
17762.676 11051.168
17761.206 10875.651
16054.773 11145.466
17012.434 11106.813
16694.338 10581.804
18039.350 10425.056
16331.597 11399.820
18159.255 12400.561
16967.585 12806.093
18274.807 12527.759
16303.497 12247.613
17561.521 10443.182
18615.532 10582.960
18385.734 11679.145
16265.897 11275.484
18443.806 10321.584
16703.707 10981.815
16157.655 12347.574
18016.836 11283.938
17708.132 11842.296
16455.749 12748.447
18306.733 12583.434
18618.099 12023.348
16954.624 10774.499
18032.280 11768.248
17394.486 12301.444
16758.549 10856.535
18024.675 10446.375
18810.704 12950.782
17655.195 11278.830
18658.274 11030.943
18774.142 12325.049
17122.388 11825.915
18638.405 10468.496
17131.598 11544.542
17014.914 11461.605
17097.874 10642.757
18442.152 12203.325
18530.292 10575.558
18348.740 12857.113
16307.303 12198.920
16118.377 11801.452
16743.325 11317.741
17193.602 11909.013
16282.388 12964.900
17727.293 11550.040
17507.898 13040.175
16903.684 12472.578
17799.316 12602.856
16581.984 12378.970
17902.416 11936.556
18712.706 10423.943
17706.283 11244.397
18751.522 10479.273
17841.603 11619.800
16783.691 10354.369
17487.397 11272.365
17943.592 11472.792
16955.004 12565.751
16738.094 10805.766
17246.312 12677.992
17702.028 10536.315
16933.733 12397.124
17396.337 12615.741
18691.061 12966.593
17190.737 12471.861
18103.846 12043.076
18585.500 12386.872
17305.155 10944.893
17984.777 12261.791
16612.332 12575.599
16260.571 11606.735
18510.863 10587.543
18294.695 10831.359
18742.632 10322.616
18597.626 11868.129
18402.419 12616.224
18122.022 12760.872
17472.036 13051.459
18579.223 13001.034
18046.925 10862.286
16413.344 12447.962
17907.264 12351.677
17678.237 12124.998
17523.858 11073.697
17407.470 10570.947
17464.176 10404.724
16750.470 11708.763
18398.974 12298.216
17275.340 12665.309
16924.793 12379.572
17444.453 12663.379
17542.349 11862.822
17520.199 12793.966
16655.995 10841.882
16851.073 10677.052
16798.517 11152.771
18527.932 12585.624
17214.237 12866.636
17604.349 10990.308
18500.307 11061.452
17336.026 12733.519
16888.789 11325.179
18213.242 11483.881
16143.947 11287.226
16425.226 10791.649
16247.992 12167.566
16084.305 10846.397
16059.807 12075.008
16735.908 12988.301
18512.262 11286.872
17655.818 11139.179
18077.833 13035.525
16315.149 11447.282
18640.702 11733.070
17037.373 11706.253
16611.224 10342.348
18804.403 11651.984
17303.305 10443.373
18719.721 10715.109
16817.460 12849.513
18466.310 12317.715
17958.964 10367.500
16404.335 10747.554
17653.086 12619.939
16324.018 12233.369
18401.712 12581.727
17849.967 11509.157
17769.850 11090.666
18431.051 11267.920
17341.309 12912.178
17861.482 10569.404
18752.594 10648.213
18294.758 11779.144
17361.236 10852.568
17246.146 12781.382
17117.676 11996.703
16720.101 12718.758
17872.401 12388.431
17937.822 11367.086
16238.028 10633.642
16613.838 12204.156
17074.180 11874.515
18321.618 12078.822
17600.772 10538.510
18497.191 10744.709
18100.951 11897.672
18271.124 11899.721
18094.571 12472.407
16345.838 12100.541
18647.724 12128.326
16330.014 10910.140
17884.155 13060.820
18429.465 12577.694
17628.630 11511.345
16393.668 10627.985
17977.821 11023.628
16326.389 11483.209
18477.060 11466.860
17362.849 11253.564
17814.534 10646.123
17694.523 11210.569
16716.889 12126.346
16217.753 12671.615
16272.695 11211.272
18629.263 13057.295
17122.155 12259.807
18820.994 10334.697
16311.873 11013.687
18406.464 12676.564
16543.926 11281.963
17675.719 10725.247
17235.863 13039.703
18478.348 12286.403
18395.386 12149.712
17117.997 11430.836
17891.655 12209.624
16598.994 10445.450
16065.299 12174.736
18480.328 11008.583
16965.860 11845.497
17476.751 12110.600
17964.967 12256.433
16104.665 11131.901
18721.451 10956.637
18665.967 10634.708
18738.642 12957.202
17236.137 10871.967
17846.723 12116.741
17630.280 10864.303
17570.401 11223.924
18567.811 10760.562
16075.752 12763.176
18815.218 10471.677
17150.096 12424.368
18197.594 12039.462
18052.649 11848.398
17773.531 13019.223
17057.606 11226.052
17256.967 10966.989
18272.169 10928.410
16427.953 12452.900
17264.803 12684.176
16681.092 11912.097
16499.360 11430.603
17469.867 11545.711
18367.461 10339.275
18591.025 12681.322
17777.178 12551.237
18798.138 10461.530
18495.498 11982.767
17108.794 12849.250
17984.708 12078.105
18121.790 11835.801
16059.744 12182.229
17143.618 11543.597
18404.780 10906.202
18375.812 11823.524
16496.240 12174.124
17442.726 11884.881
16366.865 10510.815
16766.263 11883.935
17973.237 12581.326
17836.382 12260.694
16423.628 11486.880
18658.000 10640.634
16315.278 12596.242
18720.599 10569.849
18797.569 11778.596
17431.066 10568.322
16928.073 11688.494
18175.022 11330.459
17389.936 11133.154
18265.600 11726.024
16251.277 11613.969
18773.317 12695.178
18159.096 12300.701
16159.961 11436.365
16305.530 12104.784
16208.950 12752.204
16405.380 12640.105
17692.764 11929.543
16118.775 11428.528
18791.852 10963.501
16364.057 11994.767
16106.054 11699.569
16096.686 11136.194
16290.050 11636.921
17641.685 10504.138
17816.144 10975.687
16500.450 11135.926
16765.531 11214.580
17580.553 12363.520
17437.917 12604.376
17737.058 10722.101
16448.117 12624.928
16750.999 10817.850
18106.252 12808.769
18443.892 11907.367
18743.052 12922.764
16694.151 11213.348
16141.991 11477.172
18360.778 10960.659
17230.188 12874.549
18422.999 10674.203
16769.158 12815.350
18165.035 11849.135
16728.104 12656.670
17038.292 12398.768
18515.436 11670.152
18720.968 12392.552
16949.314 11852.148
17833.955 12730.128
18630.830 12556.650
18804.669 12922.671
17152.033 10924.213
18005.164 11300.455
18060.401 11120.232
16313.381 11390.176
16885.241 11577.945
18777.103 12819.211
16263.978 12743.792
18195.926 12720.478
18435.104 11389.234
16751.295 12262.589
17283.512 11882.223
18471.770 10362.734
17271.782 12300.295
18711.636 12280.718
17025.691 11487.379
17173.852 10861.543
17777.950 12252.847
17411.347 12202.592
17954.996 12688.741
17361.512 11377.475
17062.228 12323.424
17273.044 11843.896
16127.254 10952.591
17297.989 12386.727
17779.615 10626.375
17546.720 11494.849
16883.370 11184.599
18267.576 11634.492
16224.124 12852.802
16317.227 11836.948
18073.340 11841.432
17324.956 12338.245
17485.952 10982.053
16764.633 10531.213
16652.264 12276.982
16509.146 10770.488
16343.196 12405.480
18611.121 12438.348
18398.055 10457.847
17633.695 10568.080
17023.897 10303.516
18285.939 12986.452
18561.891 12306.136
18198.667 11228.920
16376.642 12037.142
18097.355 11679.636
17832.275 10650.517
17065.154 12639.710
18199.860 12918.087
16444.831 12803.584
16393.346 11453.322
18808.370 12781.277
18247.501 10422.121
17457.210 10446.936
16820.249 12207.634
16377.664 12199.851
18521.883 12332.693
17700.021 10783.357
17115.281 12382.583
17601.026 11241.358
16546.676 12473.034
17458.581 12583.351
17896.410 10536.259
18517.252 11944.348
18279.535 10696.131
18008.113 11342.425
18206.529 11230.204
16586.500 12922.949
17305.538 11144.914
17955.416 12568.718
18567.351 12675.920
17488.999 10919.246
17280.253 11034.028
18130.919 11663.868
16760.784 11858.001
16438.588 12027.776
16212.473 12331.620
16963.548 12084.326
16091.104 12147.196
18530.212 10337.704
17030.948 11499.163
18290.584 11917.457
17571.456 10341.444
16783.584 12010.670
16900.584 12953.339
17028.843 12687.034
18454.088 12153.093
16403.951 12775.950
16756.444 11177.542
16551.621 11087.621
16135.314 10934.048
18340.278 12267.307
17597.881 12874.066
18725.845 12893.556
16413.784 12594.455
17111.861 12260.936
17412.731 10973.131
18354.939 12174.591
18779.242 11737.682
18492.570 10676.082
17220.618 10306.893
17699.900 12491.452
18087.625 11635.026
18453.131 12422.074
17835.705 11463.972
17903.311 12888.586
17177.182 12945.068
17398.146 12248.222
16806.177 11718.344
16863.591 10694.680
16407.793 12174.814
18141.043 11692.657
17183.203 12321.525
18717.513 11915.219
16681.461 12695.240
17128.502 11215.342
16295.284 11042.043
18739.457 12762.230
16364.279 11079.820
18570.944 11814.526
18580.360 12766.544
16885.242 12380.106
17140.639 12864.433
17665.730 11992.351
16844.698 11198.113
16972.967 11201.138
16408.094 12932.424
16470.188 10788.142
17598.354 11833.532
16624.087 10534.394
17937.783 12422.843
18202.658 11177.161
18205.004 12837.572
16332.076 12185.577
18338.537 11401.745
18174.425 10842.933
17700.758 10739.216
18163.139 11461.410
17985.407 10510.297
16691.440 11236.249
18223.778 11373.496
17970.166 11682.439
17669.034 10379.236
17940.691 12866.267
18374.351 12548.965
18211.870 12271.700
17074.407 10797.478
16672.280 12325.555
18464.776 11805.587
17196.263 11045.474
17719.392 10303.338
17604.999 12910.984
16125.688 12999.632
17669.093 11119.647
18056.414 12206.679
18567.368 10348.969
17079.934 12190.317
16326.751 11050.114
16847.070 10813.497
17009.782 12707.500
17428.376 12356.814
17426.753 11947.505
18478.103 11875.641
17372.583 11049.083
18421.524 12163.024
17716.828 12426.640
17146.556 12066.224
17918.162 11623.661
18804.409 12013.377
17998.093 13049.339
17902.082 12158.811
18745.393 11553.770
17414.030 10705.731
18761.821 10388.501
18696.928 12374.825
16145.536 12935.827
17624.526 11388.673
16127.148 11538.028
16318.881 12923.939
16791.636 12793.901
18412.411 12561.678
18707.201 12941.492
18304.128 11254.286
16807.449 12433.849
18418.854 10991.340
17893.600 11008.676
17334.298 10336.781
17742.415 12727.559
16282.210 10479.258
17877.258 12511.243
18204.541 10360.673
16960.623 12907.313
17719.483 11573.310
17274.478 10550.978
18713.696 10541.243
18072.796 10863.734
17838.379 12916.116
18307.684 10526.994
16322.222 12369.758
17714.472 12705.177
16559.626 12587.042
17943.918 10518.293
17285.306 11708.197
17392.379 11407.754
18126.353 11493.937
18632.241 12072.397
16688.829 10308.396
17937.254 11372.094
18610.446 12459.804
16221.324 11439.771
18364.547 12739.441
17151.802 12600.130
17486.158 12171.423
17477.086 12741.588
17155.157 11635.142
17223.300 11238.484
18019.378 11323.723
18180.585 11643.085
16399.796 11664.721
16795.674 12094.306
17740.261 12351.331
16142.942 12044.383
17677.502 12797.949
16355.644 10563.991
17645.532 11952.887
16108.915 12420.701
17245.510 11140.093
16552.804 13010.590
17461.236 10970.191
17041.953 10556.627
16936.010 11595.362
16785.614 12667.537
18224.522 12167.823
17216.871 12476.801
16052.899 11573.085
16982.015 10762.023
16919.394 11926.242
18106.606 10370.447
16449.325 10362.445
17970.514 10367.410
17764.834 10415.240
17339.268 11684.919
18324.596 10777.731
16503.058 11924.285
17467.079 11593.525
18278.624 12905.215
17070.607 11524.475
16328.895 11086.059
17328.088 11266.998
16741.698 10714.621
17754.577 10480.255
16851.810 11100.656
18323.212 12596.271
17970.999 10976.849
18226.598 12856.783
16758.867 12111.614
16905.198 10481.198
16961.669 12458.223
18190.043 10496.640
16270.468 10703.030
17356.704 10582.044
16228.110 12832.496
17404.966 10577.682
16473.019 10557.100
16207.486 10906.601
17936.492 12678.697
16484.142 12339.539
18113.932 10371.356
18048.084 10709.888
18603.978 11845.995
16339.030 12309.014
18207.990 12612.945
17803.621 10584.848
17004.718 11482.739
16691.721 12967.485
16791.385 10340.930
16276.900 12317.604
18209.831 10619.496
16538.403 11599.877
17369.853 10422.903
17406.372 12567.327
17345.874 11763.756
17450.968 12773.858
17403.142 12747.366
16284.904 12700.859
17542.274 12539.815
17420.714 12970.196
16461.623 12888.356
17756.833 12737.966
16883.076 12095.076
18703.234 12794.488
16352.655 11736.910
18001.752 11983.719
18797.873 11893.668
17330.870 11411.207
16581.687 11799.406
16913.737 12621.515
18573.349 12071.141
18160.022 11894.523
18547.287 11400.009
18359.665 11105.988
17126.148 10645.594
16340.496 10742.917
16439.529 12738.479
16253.102 10801.453
18614.536 11073.180
17003.822 12178.326
16106.862 12765.461
18758.049 12704.252
18638.775 12753.469
18309.790 11904.891
17118.896 12694.240
18808.330 12771.751
16191.102 10601.501
17399.293 12408.409
16315.757 12928.928
16421.201 11597.800
18523.882 11215.354
17144.569 11597.542
16307.608 11269.139
16287.117 11892.266
17211.726 10303.920
16605.128 11368.721
16975.799 12014.664
18632.787 12936.780
16204.894 12625.861
17299.361 12156.313
17664.575 11872.457
18129.641 11308.406
18771.297 10941.005
18032.390 10663.033
17046.398 11783.949
17908.886 11430.063
18218.180 10614.597
18538.518 10601.252
18805.533 10414.400
16673.776 10330.190
16853.843 11519.343
18365.397 12987.298
18069.575 12182.908
16704.333 11438.016
17018.180 11522.444
16654.862 11305.455
16535.388 11924.133
18560.474 11322.736
17463.394 11050.036
17309.033 12494.484
18103.008 10928.063
17903.964 11895.933
17645.156 10846.604
18229.536 13016.622
16544.119 11573.463
18641.039 10744.419
18804.671 12964.751
16311.963 10355.257
17927.674 11128.264
18290.400 11093.976
17841.232 13014.365
17088.309 11163.405
16947.805 12885.599
18397.658 11073.308
17959.976 12060.588
17076.195 13035.439
16352.959 10755.629
17482.572 10871.325
16290.421 12803.481
18303.006 10755.259
18443.769 12660.721
17943.564 11482.003
17350.314 12456.586
18416.865 12487.829
18376.806 11874.836
16362.720 10302.527
17163.285 10503.743
18293.589 11104.513
17445.123 12104.937
17645.705 11428.747
18252.104 11302.024
18286.245 11817.915
16896.425 11841.271
17058.874 10982.718
18821.650 10685.422
16809.731 11333.252
16149.876 11619.654
17225.368 12077.969
17148.686 12696.313
17222.994 12563.532
17151.996 12209.554
18484.561 10902.099
17514.753 10594.939
17223.253 11949.455
18323.552 12157.908
17771.075 12552.783
16532.008 11493.559
16062.399 11165.028
17664.242 10514.418
17842.045 12784.119
16801.096 13048.537
16492.504 12081.448
17824.543 12970.849
18574.717 11823.668
16107.448 10827.837
16707.859 11629.211
16193.233 11565.251
18754.658 10391.128
18448.522 11954.187
18581.641 11453.558
18104.033 10472.392
17132.727 10628.640
16929.633 10807.899
18160.095 12086.694
17702.959 10754.027
16126.000 12302.566
16747.444 11437.426
17188.620 11336.716
17654.093 11440.592
16231.530 11384.602
17504.421 11993.574
18329.082 11843.466
18134.562 12057.792
16373.618 10961.390
16955.651 10891.353
17093.888 12712.909
18049.587 12416.372
16253.616 12481.996
18594.654 12595.774
17784.912 12969.272
16106.556 12615.713
17522.273 10615.503
16183.068 10615.250
16215.187 12402.123
18817.050 12901.031
16404.933 11988.556
17824.556 11752.072
16196.464 10918.378
16762.812 12444.132
17870.496 10807.399
16697.729 12260.715
16050.547 10740.101
17088.796 12554.788
16538.853 10709.291
18380.411 10485.332
17505.234 12528.709
18186.464 10400.788
17485.429 10623.260
16152.393 10940.226
16102.930 12617.624
17961.317 10837.141
16504.176 12753.837
17369.801 13039.868
16825.916 12994.174
16223.132 10785.488
17004.985 12638.472
16620.029 12311.119
17629.631 10619.869
17888.733 11039.718
18551.542 12511.908
17021.109 12923.230
17651.045 12666.795
16840.389 12644.306
17923.094 12508.806
16517.093 10686.989
17081.106 11458.928
16522.125 12488.569
16508.832 12621.588
18295.641 12767.924
18346.615 11625.784
17775.273 12553.011
17595.202 10687.028
18641.417 10601.292
16666.472 10842.845
18018.301 12959.808
16489.332 11455.764
17268.542 12326.138
17627.276 12827.851
16964.586 12057.658
18198.793 11145.846
17241.304 12980.674
16933.292 11115.626
18028.448 10916.602
18596.238 12302.259
17583.792 11860.704
17247.254 12415.472
18776.408 11951.042
17750.897 11122.585
16063.190 11420.351
17985.341 10606.929
17261.362 12467.160
17099.685 11945.956
18519.593 12437.630
16133.493 10832.277
16963.272 10326.687
16128.199 11123.964
16427.292 10782.134
16979.700 11775.549
18483.449 10549.865
17086.953 13026.229
17287.210 10684.965
17239.885 11596.540
18545.769 11778.418
16579.227 10420.270
17422.507 11624.471
17662.228 12937.496
18081.967 10664.150
18669.661 10336.154
18652.656 10305.059
16400.515 12900.372
17164.449 10845.033
16134.138 12061.943
17363.373 12593.318
18522.677 12956.546
17519.830 12721.224
17965.678 12920.333
17871.658 11939.246
17684.722 12545.193
16937.366 12205.405
18666.613 12702.287
16927.218 12985.403
16365.050 10761.936
16817.991 11152.812
16494.688 12003.895
18475.176 12025.234
17207.574 10706.834
17810.953 11112.284
16449.117 12740.666
18660.506 11999.526
18343.399 10686.920
18658.582 12767.688
16141.954 10476.562
17731.248 11641.100
16212.891 10847.926
18598.603 12487.943
18059.984 12358.155
16981.267 11015.732
17112.570 10487.898
16494.811 10728.816
18314.428 11870.955
17003.862 11139.189
18371.645 10852.900
16592.839 12178.987
16490.883 10445.968
16723.201 11950.756
18083.815 11482.350
16359.862 12269.853
16070.739 12783.420
16443.750 11556.101
18430.599 10965.339
17451.395 11988.818
17903.833 12817.200
18660.714 10853.452
17315.423 12105.761
16753.977 11069.610
17938.872 11655.343
18425.723 11089.346
18085.903 12258.647
18146.651 10530.777
18708.920 12747.698
18691.430 11098.273
17155.807 10362.609
17852.353 11392.873
17190.378 12609.879
16385.008 12747.429
18235.617 12515.624
16536.426 12726.426
16406.810 10916.857
17174.574 11383.305
16762.481 10297.632
16252.211 12370.906
18219.761 11575.253
18645.474 11328.655
17003.672 12489.797
16127.996 11699.899
17869.698 11069.729
17073.755 12251.959
16966.316 10898.442
18332.393 10747.432
16945.357 11404.042
17657.590 11692.112
16563.480 11017.130
17369.288 13067.199
18205.522 11607.683
18635.941 11515.272
17285.002 12702.274
18787.513 11706.177
18323.894 11761.534
17244.309 10382.715
16707.696 10810.083
18469.204 11548.803
16509.805 12446.078
16590.240 10437.157
16752.280 11500.592
18115.671 11213.154
16428.535 10551.972
17247.929 10836.033
18211.696 11264.659
16952.772 10571.769
16675.677 10655.394
18382.374 12186.845
16073.226 12602.862
16803.867 10439.592
17835.275 11553.332
18706.156 11451.435
16805.990 13071.186
18069.092 11995.904
17598.909 12202.275
17047.944 10623.119
18538.530 12793.437
18452.114 11195.972
17766.520 10990.845
17075.430 11163.912
17784.088 11998.945
17236.871 12776.741
18004.707 11931.715
16820.182 10383.146
17168.087 12583.125
16910.897 11320.047
16273.827 11090.827
18336.694 12992.689
17229.931 13010.703
17937.304 11210.996
18449.432 12534.113
18700.437 11554.133
17391.486 12245.747
17599.794 12878.269
16464.838 11131.966
16928.799 10737.491
18663.404 12884.118
18238.428 11466.359
18083.289 11553.643
17020.957 12835.023
17963.200 13030.517
18423.632 12497.194
18713.933 11885.538
17297.253 11710.131
17920.544 12851.042
16508.723 10432.776
16728.503 11614.597
17537.120 12549.206
16500.878 12949.054
16767.665 12374.352
17877.460 12217.452
18451.996 11875.591
18245.966 12826.834
16460.551 11072.320
16612.557 10324.602
17663.024 11270.109
17547.012 12411.804
18362.201 12211.970
17700.295 12543.554
16188.963 11335.974
17772.161 11501.124
18113.041 10673.396
17567.914 11930.704
17530.446 10692.489
17300.294 10628.247
17148.514 12892.980
17661.700 10922.390
17158.868 11186.468
18333.349 12770.070
18663.112 11267.859
17972.029 10654.699
18533.306 11407.297
16090.124 11124.699
18716.791 10420.084
18186.137 11901.406
17203.196 10500.939
17201.346 11535.164
16251.779 12218.977
17103.017 11683.507
17315.858 12717.518
16567.418 12701.774
17879.969 12216.112
18701.203 10387.018
18336.283 13017.903
17808.927 10647.056
17669.595 10315.795
16379.510 10822.067
18731.576 12531.560
16682.384 12124.991
18041.779 12481.193
17750.080 11924.240
16066.563 12749.066
17823.146 11227.931
18055.520 10955.254
16636.120 11305.128
17675.668 11184.723
16184.388 11634.244
16458.969 10873.921
17404.796 10716.043
17385.190 12717.709
18527.981 10704.675
17729.859 12718.929
16856.952 11474.740
16843.682 10951.658
17473.294 11469.041
17665.316 11705.971
16108.686 10811.217
18715.403 12567.608
16306.039 12513.090
18747.269 12258.295
16455.905 11757.604
16743.178 12141.664
17608.817 11676.245
16093.372 12562.270
17559.662 10982.427
17156.141 12625.374
18806.521 11197.003
18455.773 12101.459
18039.625 10473.704
18532.581 11695.470
17326.822 11604.530
17310.350 10931.234
18130.861 12867.669
16665.518 11245.250
16707.053 10853.238
16814.528 11467.142
16406.349 12857.792
18235.107 11082.740
18604.600 12118.986
18161.898 12508.190
18530.752 13054.928
18509.826 12831.813
16167.552 11912.314
17453.003 10580.687
16708.579 10562.319
18524.262 12589.954
16169.465 11323.373
16425.986 11132.903
18685.277 10922.461
16741.428 10647.153
16280.266 10618.477
16854.199 12554.463
17721.662 11898.744
16457.072 10577.921
16461.558 11849.327
17380.241 12450.666
17825.631 11561.166
16864.035 11644.928
18446.105 12296.321
17643.464 12002.583
18207.676 12827.109
17030.169 12911.288
18585.855 10539.912
18093.311 10454.266
17343.194 11727.287
16690.657 10771.282
17468.563 11640.455
17025.017 12663.226
18342.579 12260.233
17817.255 12783.217
18560.382 12801.047
17286.270 11548.307
17922.906 11206.786
18326.819 10505.555
16507.357 12040.333
16464.965 12365.711
16719.449 10843.807
16717.598 10683.922
16718.518 10890.715
17402.935 11953.771
17131.164 10401.222
18813.684 11095.799
18638.872 10797.491
16536.615 10733.540
17909.995 12171.759
16357.697 12288.692
17838.629 10546.295
17236.582 10341.216
16876.514 11397.672
17614.003 11855.914
16425.663 12861.758
17764.646 12156.665
16569.409 12140.515
17538.595 11215.506
17411.979 10331.129
18782.404 12462.609
18480.509 12852.110
18820.945 11930.418
16334.912 11231.643
17926.196 10996.987
16965.976 12606.376
18364.641 12954.241
17784.923 11206.255
17488.982 11533.864
16429.409 10909.668
17516.593 12995.630
17788.374 10866.097
17460.957 10560.377
16228.145 10451.177
17296.486 11115.701
16123.649 11694.093
16453.994 13043.619
16431.404 11522.923
18374.009 12650.897
16998.426 11319.836
16998.459 10603.401
17680.135 10372.910
16999.339 11953.106
17032.749 10306.616
16703.812 10699.457
17070.091 10463.473
17609.551 12230.597
16790.595 11125.466
17409.331 12978.246
16064.896 10566.839
16409.776 12461.033
18564.632 10528.597
16743.924 10506.756
16906.856 12784.582
18693.101 11332.616
17289.259 10408.386
17460.748 12771.919
18039.019 11629.909
17448.422 11753.003
17068.571 13062.675
17765.346 12177.276
16712.646 10984.817
18481.803 13056.677
16896.154 12431.420
17966.933 12384.668
17876.405 10491.249
17307.159 10651.735
18372.440 11040.821
18354.458 12286.032
17620.746 11442.769
16958.526 11709.296
17833.499 12292.943
18647.372 11690.303
17224.100 11919.445
16303.946 10914.490
17415.714 12965.500
17542.571 11926.847
16080.494 10725.649
16059.568 11920.252
17525.093 11361.483
17362.114 11695.077
16168.202 12482.773
18059.476 12656.304
16597.394 11346.596
17540.675 13057.506
18354.629 12883.783
18690.685 10661.539
18434.917 11667.609
16947.377 10521.944
16954.337 12726.345
16263.812 11302.468
16533.362 10435.449
18378.234 11998.513
18586.237 12587.609
17467.254 11619.401
17547.741 12722.993
18338.184 13025.176
17456.791 10304.131
16446.603 12940.857
17794.654 12137.314
18682.239 10423.823
17936.514 11859.074
18462.212 11229.759
17612.977 11970.036
18141.315 10931.493
16424.770 10953.945
17140.763 10523.058
17277.299 12384.684
18306.311 10556.290
18092.680 10813.582
17850.229 12161.999
16473.303 12322.561
18664.251 11210.985
17349.027 10461.083
17249.815 12651.178
17443.291 11218.427
17233.155 11871.951
17284.401 11105.138
18679.322 11578.678
17213.369 12030.257
18475.615 11069.035
17977.842 11439.821
17766.297 11171.209
16333.745 10705.356
17318.602 11409.905
18545.922 11079.884
17444.756 12221.698
16489.659 12179.172
16820.978 11076.928
18649.096 12242.231
16779.375 12928.719
17400.053 11808.492
17247.333 11871.851
16980.018 12394.482
18141.329 12066.552
18254.937 10811.416
17689.850 11725.019
17678.249 10523.214
16834.612 11392.088
18802.504 12068.037
17147.941 12410.659
17951.349 10623.395
18365.384 12500.650
17218.171 10333.843
16773.557 10949.972
17260.044 10934.181
18411.958 10951.876
16324.630 11263.192
17893.664 11721.604
18474.867 12175.294
16152.889 11078.602
16719.251 10800.865
18216.077 12864.405
17224.398 12525.154
18455.506 12303.841
18754.793 12045.756
16996.435 10334.747
18680.234 11916.262
17586.447 10863.194
17149.487 12495.521
17147.193 12196.388
18047.171 12465.281
17335.867 12389.335
17910.596 12769.878
16691.675 11802.910
18157.482 10554.437
18470.284 10392.197
17395.604 12143.000
16498.341 12355.732
17569.491 12346.348
18658.117 11618.654
17438.237 11818.107
16357.452 12490.868
17176.092 12473.004
17480.602 12032.375
16598.573 11976.287
16183.589 10404.092
17438.327 11879.687
18819.482 10388.699
17071.755 10886.172
17958.794 12370.275
17389.108 12154.402
16703.989 10299.334
18694.176 11735.139
18455.958 11355.878
18424.626 10472.268
16515.401 12555.329
18007.602 12113.077
18670.013 10805.161
16062.389 12650.045
18660.701 11104.818
16512.863 12629.613
18682.033 12424.328
17120.114 11027.121
16943.407 11157.074
18674.389 10953.601
17729.300 10438.588
17404.522 11389.791
18121.054 11055.413
18247.484 12694.009
16465.034 11613.567
16825.627 11305.318
17142.086 10707.520
16298.371 11278.562
16339.450 10930.277
18325.029 13031.040
17322.968 12224.161
16131.011 12819.939
18688.136 12931.762
16931.480 11204.017
17599.230 10919.742
17976.913 12519.971
17343.982 12699.018
16882.746 10397.417
17090.972 11800.899
17803.959 10621.337
16671.732 12360.810
18689.497 11996.385
18175.559 12565.860
17764.778 10399.571
18066.106 12925.659
18767.093 10977.600
17805.726 12292.782
18547.890 10739.702
18403.717 10986.443
16511.971 12443.230
18325.657 10521.963
18674.618 10518.212
16074.077 11896.449
17389.104 12958.657
18316.141 11937.656
18067.196 12586.506
18747.384 11731.737
16672.510 12106.763
16661.602 11436.041
17897.164 11589.616
17878.219 12121.904
16210.230 11097.384
16378.728 10615.789
17861.384 10296.671
18199.264 11146.135
16540.904 11171.322
17035.657 12656.498
18060.479 12773.017
17529.844 12430.281
17324.771 10559.658
18021.196 10956.120
18069.176 10775.457
16241.205 12947.936
16064.678 10781.399
17022.119 12350.631
18204.800 12356.453
16509.795 11925.564
18629.864 12837.509
17311.265 11401.021
17009.552 10800.903
16867.129 12200.510
16348.819 10383.329
16379.520 12343.632
18367.681 11977.051
17216.526 10418.077
16996.885 11376.936
17495.655 12718.361
17012.915 12975.880
17194.714 12528.316
17609.323 10319.189
17425.301 11850.240
17185.396 11702.525
18403.493 12868.050
17736.440 10787.060
16765.063 11945.543
17868.266 11342.366
17278.979 10405.282
16306.272 10526.308
18457.013 12730.955
16168.307 12028.396
17976.726 12134.159
18333.819 12416.050
17668.841 11118.246
16756.238 12969.693
16075.483 10452.567
18520.309 11894.855
16556.624 12791.460
18036.440 11876.371
18781.264 12809.354
17784.706 13064.262
16697.797 11788.175
18470.412 10625.344
18631.314 11859.154
16145.727 12458.532
18003.012 11988.753
17717.912 10799.750
18730.498 11036.320
18203.014 12199.855
18682.785 12406.758
17998.536 12647.740
17802.442 12290.641
17465.128 12547.297
17512.817 10782.078
18341.103 12160.886
18511.173 10764.140
17634.361 11312.835
18165.423 12784.356
18543.827 10458.758
16804.953 10643.008
17855.473 10406.416
16709.809 11005.745
18636.216 10844.406
18708.207 10584.053
16871.650 10589.440
18348.452 10658.989
17671.708 10295.081
18779.419 10398.288
18273.364 11250.175
17699.416 10330.013
17219.605 10384.551
18592.522 10625.092
16537.158 11839.726
17414.880 12902.900
18492.186 12254.648
16123.424 10397.637
16548.505 11379.843
17858.963 10722.661
18076.380 12737.922
17053.993 12950.640
17450.242 10753.572
18623.996 10857.340
18152.952 11252.237
18247.785 10427.224
16423.697 12300.329
17630.552 11088.164
17280.350 13043.467
18568.750 12667.908
17278.264 12826.719
18032.939 11643.403
17721.384 11091.200
17803.786 11563.989
17317.980 11331.639
17925.361 12294.991
17974.627 10549.257
16106.071 12611.967
18129.224 11399.548
17865.456 12848.095
16932.364 11512.276
17658.483 12959.504
17299.318 10879.591
16627.563 10644.187
16063.578 11064.908
16528.566 12285.671
17487.865 10746.497
18511.669 10967.919
16099.785 12972.035
16189.380 10472.766
17141.951 11126.011
17585.976 12300.518
18232.986 10697.726
18387.356 12931.903
16539.887 10831.366
17818.692 10976.538
18114.214 10315.329
17950.232 11617.893
17730.175 12353.533
17571.635 10860.889
17307.876 10839.318
16535.609 12245.203
17052.215 12617.677
17501.227 12207.299
17884.737 11315.933
17383.695 10706.943
18371.611 10337.282
17801.300 13018.308
17460.208 12933.511
17657.718 11721.031
16778.830 11732.683
16430.488 10549.965
17121.274 11261.346
17242.160 11986.316
16221.945 12266.186
17780.030 10459.072
17052.229 10955.614
16874.659 12084.323
16368.925 11237.838
16125.689 12898.146
18322.484 10413.713
18804.266 12986.767
16067.239 10557.787
16986.181 10777.759
17397.192 11299.745
16349.499 11419.469
18015.567 11254.650
18321.752 12942.946
18571.927 11388.869
17419.456 10294.626
18252.674 12977.488
16497.729 12613.550
18713.771 11961.590
18291.307 11877.423
16198.371 10922.939
17333.057 11793.382
17990.769 12472.899
18229.036 10656.726
16942.095 12645.978
16274.369 12442.177
17241.604 10379.149
16210.557 12189.222
18147.127 12681.465
16805.819 11341.488
16425.632 11013.257
16584.524 10320.501
17069.132 12940.648
16499.635 11561.341
16708.689 11746.759
18054.392 12720.651
18741.723 11219.667
18706.429 12806.311
16861.223 12555.346
17887.874 12001.265
17133.698 11213.665
17422.564 12624.075
16615.099 10578.177
17085.554 12135.574
17733.458 11438.588
17607.678 10847.147
17388.462 11287.467
18697.678 11002.053
18576.335 10801.902
18616.622 10928.098
17792.594 12673.871
16770.570 12914.388
16205.598 10616.663
18699.285 11374.946
18465.214 12104.177
17209.333 11774.251
16960.704 10474.307
17051.324 11967.082
16471.073 11179.104
16252.198 12711.693
18393.530 12108.155
18599.709 11358.550
18094.464 11175.990
18740.361 11367.751
16337.566 11871.671
18817.388 12941.476
17849.875 11255.971
17904.980 12275.805
17821.632 11164.509
16426.761 12756.463
16989.807 11940.552
18357.657 11299.604
17054.633 12531.455
16330.491 11272.067
17446.494 12577.183
16623.524 11372.519
18608.500 11628.182
16891.293 12206.875
17144.204 11922.491
16693.748 11885.791
17655.127 12798.016
16157.798 10406.573
18593.772 11867.946
16368.755 12456.467
16704.945 12306.967
16464.672 10590.720
17545.448 10472.626
17914.225 12699.236
18498.209 11301.237
16683.491 12795.536
17014.725 12084.218
17613.425 12873.085
18192.844 12100.817
18015.957 11697.338
16383.370 12726.460
16921.988 12876.242
17132.099 12574.483
16246.209 11696.681
18628.645 12599.375
16797.358 13062.325
17562.431 10875.208
17785.258 12463.846
17661.487 12872.738
16665.283 10991.331
16075.393 11600.063
17560.872 12621.758
17274.721 11215.961
17129.995 11581.206
16974.687 11953.788
18013.262 12595.559
18358.346 10919.236
18241.898 10900.254
18363.928 12649.760
16461.909 12198.887
16577.238 12374.654
18738.430 10590.063
18597.100 12066.099
16768.548 11725.213
16068.434 11633.684
17873.605 12340.759
16919.089 12170.602
16734.004 12886.288
16250.985 11341.810
17322.291 11759.418
17980.792 11383.575
16191.524 11232.583
18420.422 10907.659
17599.036 12610.530
17565.652 10552.709
16723.787 10479.120
16894.190 10556.244
17859.224 12496.210
18119.737 10878.859
17505.219 11292.136
16524.070 12363.481
16244.365 11233.757
18033.246 11326.601
16352.490 12507.128
18574.006 11744.496
17480.801 10381.386
16622.393 10780.927
18448.897 10401.155
16415.483 11456.514
18237.151 10689.896
17280.061 12985.766
18081.189 11109.086
16661.822 13009.985
16671.318 11335.448
18293.590 11807.937
18774.222 11876.041
18596.378 11524.081
18391.813 12092.612
17532.870 12321.474
18093.623 13010.926
18642.851 12323.878
17692.107 11429.396
18513.188 12922.874
16148.267 10622.414
18697.263 12733.049
17100.559 10980.593
16743.646 11987.842
18244.255 12037.506
18044.307 12721.175
17278.412 10323.811
18475.001 11923.445
16586.298 10712.497
18554.799 12631.839
16969.702 12801.319
16797.850 12304.479
18693.760 12097.084
18509.131 13023.666
16669.890 11560.019
17660.981 10824.948
17168.586 11546.934
18746.104 11983.550
18568.535 11309.297
16963.390 11735.424
17858.205 10556.533
16488.351 11691.205
17287.157 12097.195
16318.991 11473.800
16137.514 12985.328
18513.660 12184.067
17025.414 10423.101
16314.625 12375.774
17852.310 11936.667
16090.882 11745.993
17217.933 11134.074
16188.680 11624.294
18242.359 11635.949
16067.061 11480.478
16274.122 11851.736
16364.595 11471.476
16769.468 11340.032
17056.630 10475.491
16645.422 11835.326
17472.076 12476.250
16573.628 11352.658
17292.345 12682.593
18198.092 10519.769
18576.668 12699.412
18722.841 11265.404
17740.481 10587.585
16908.185 12028.668
16758.938 11764.661
17202.716 12218.409
16819.162 11004.095
17557.060 10505.783
17364.309 11228.701
17132.846 13023.748
17272.249 13027.545
18144.574 12806.526
17545.012 11171.521
16492.365 13039.543
16154.808 11588.927
17279.674 12418.554
18333.550 12407.748
18256.564 12363.193
18743.121 11340.347
16368.919 11759.543
16312.443 12525.801
17575.671 10727.191
17793.725 11369.504
18072.084 12619.799
16959.974 11234.739
18742.127 10516.080
17575.458 12616.793
16488.503 11281.465
16476.734 12055.562
16109.883 11305.927
17471.930 10310.224
17736.306 10350.002
18000.896 11531.450
16136.529 10444.959
18802.105 10969.344
17472.818 10547.796
16174.587 11420.122
17549.475 10890.102
17000.778 10949.886
16220.987 12454.371
16313.896 11198.366
17385.260 10969.769
17361.744 12746.353
17541.684 11181.687
16693.636 11611.181
17366.927 12951.800
18172.201 11637.934
17861.823 11004.090
16992.370 12124.441
17146.054 12984.533
17042.910 12579.225
18560.881 11844.959
17835.373 11155.543
16575.969 12811.108
18685.926 11329.180
16907.271 12926.170
16582.411 11203.313
16289.850 11599.945
17686.028 11479.392
17760.619 10471.345
17686.398 11771.378
16561.444 12586.285
16167.914 12052.568
17427.549 11401.105
18026.838 11253.144
16717.327 12984.693
18687.364 12302.380
18791.152 12478.972
17735.873 11737.714
18150.977 12461.066
17648.671 10640.969
16117.910 12897.820
16868.408 10949.273
16979.025 12047.066
16183.147 11368.704
18298.842 11173.846
18066.004 11553.921
18400.936 12681.366
18596.719 13003.404
18081.497 10515.285
16308.408 12953.679
16410.729 12961.341
18785.469 11785.038
17498.684 11262.847
18068.096 10379.158
18307.881 12622.613
16882.005 11400.722
16054.549 10790.316
17786.817 11359.618
16621.419 12761.535
18687.852 12423.520
16513.000 12268.236
16648.251 12253.155
17889.039 12056.899
17592.379 11902.603
17552.807 13006.549
16950.602 11198.437
17298.294 11364.766
18627.622 11926.577
17981.040 12248.177
16962.445 10473.888
17759.991 12155.968
17831.050 10477.464
16342.693 11136.419
17109.881 12888.512
17005.721 11073.700
17150.028 12760.254
18657.462 11394.576
18241.674 13057.729
17314.288 12071.282
18202.744 10335.785
18538.239 12658.874
18622.716 10575.865
17023.736 12555.068
17178.556 11358.670
16636.356 12845.724
18171.899 12002.555
17451.967 12429.805
17287.120 11957.286
16610.017 11735.678
17901.134 12213.821
17000.419 11372.132
16716.611 11796.136
16563.492 10397.393
17259.293 12578.762
17213.708 10685.365
16347.825 12031.992
16262.008 12900.271
17047.935 11877.987
16494.382 10735.674
16169.090 12151.318
18377.604 10969.555
16081.311 12055.464
16634.555 11994.215
17881.552 12385.922
16467.789 11201.645
16074.818 10543.461
16963.099 12030.861
18550.897 12059.513
16510.222 10366.734
17641.648 12129.802
16336.358 10553.177
18079.580 11966.952
16459.819 12315.395
17894.809 12731.008
16830.554 10834.208
16605.140 11816.662
16309.763 12247.930
16830.646 12166.621
18100.290 10475.723
18575.811 11075.328
17307.549 10599.484
16478.369 12441.259
17117.897 12532.793
16510.906 10638.612
16171.111 12298.247
16606.908 12673.551
16213.135 12203.433
16508.210 10671.820
16704.120 10786.864
17717.313 12082.771
16257.306 10970.765
16827.194 11133.073
17072.226 12945.281
16921.605 12540.665
18451.806 11435.015
18385.605 11979.043
16709.682 11541.914
17682.534 12661.046
18634.591 12239.123
16562.019 12253.837
18251.951 11785.479
16138.452 12013.429
18087.260 10462.000
16951.357 11188.159
16849.911 12393.276
18215.009 10567.637
18210.757 12562.308
18045.730 11406.783
17404.921 10586.295
16576.047 11638.062
16794.214 11795.538
18579.125 11886.118
18747.269 11695.397
18098.699 12968.783
16233.429 11156.708
17034.102 12888.746
18117.240 10400.990
18115.333 10630.694
18483.958 11047.044
16165.985 11284.610
16768.525 10732.577
16051.675 12550.560
18674.423 11733.956
16410.060 10656.540
17452.432 11212.870
18361.798 12573.589
18290.058 12249.099
17309.964 10652.289
17019.743 11241.928
18270.417 11870.260
16678.719 10711.261
16626.654 12125.699
16880.453 11340.231
16227.099 11259.086
18569.582 11359.150
17996.736 11501.370
16804.544 10640.142
16741.610 12626.245
18453.518 11966.426
18583.544 12561.031
17111.642 11192.089
16142.601 10935.791
18433.224 11501.151
16744.674 11887.190
17378.687 12172.368
18100.880 11388.585
16541.612 11264.414
17589.885 10801.359
17554.941 12906.300
17398.049 12723.025
16869.977 11463.683
16242.965 10535.199
16613.189 11829.259
16723.281 11235.971
17333.190 13019.437
17426.999 10317.557
16956.964 11395.000
18691.885 11893.388
17930.111 10315.873
16422.824 11821.899
18716.414 11087.147
17545.243 12284.749
18141.329 11637.945
16164.545 11288.765
17043.687 11695.143
16084.130 11353.249
18002.414 12367.815
18317.617 10914.117
17671.870 10322.303
17970.915 11033.175
17902.273 12421.397
18170.802 11978.871
17598.685 12824.906
16998.911 10451.653
17632.135 12755.164
18362.909 10834.540
16725.545 10912.973
17447.895 12966.958
17501.374 10985.775
17377.692 10942.470
17878.840 10463.239
18665.526 11127.763
18785.631 11754.504
16478.788 11065.251
18119.669 11721.711
18563.450 12111.066
17002.705 12610.536
18324.901 11542.203
18680.410 10481.074
18154.612 11096.434
17021.765 12956.614
16984.199 12146.158
16208.998 10917.301
18686.252 10475.991
17901.066 10878.802
16940.074 12087.650
17946.355 11259.938
18282.857 11346.146
17894.057 11397.337
16579.941 10615.183
17316.662 10474.833
18299.485 13062.046
16686.345 10700.505
18637.562 11820.151
17518.015 11347.275
16891.694 11962.689
16639.260 11109.484
18069.145 12693.566
18546.722 12217.556
16645.298 11159.580
18067.995 10294.736
18667.135 12430.183
16414.516 10307.899
16893.738 10310.320
18143.846 10862.093
18276.087 12147.106
17318.125 10394.755
16860.222 12999.293
18805.053 11872.093
18225.411 12105.388
16756.178 10410.741
16537.546 12298.229
17117.243 10731.195
17487.487 10800.071
17268.309 10981.501
18436.381 12538.079
17788.172 11937.378
17394.021 12280.640
16721.443 13067.291
16904.897 10627.498
17760.837 13028.083
17002.334 11066.155
17701.763 12925.523
17143.784 12664.892
17492.186 11394.621
18788.265 11321.804
18282.167 12562.325
16917.065 12312.414
17957.462 11158.726
16320.528 12004.755
16501.515 11797.656
18189.701 12579.717
17927.269 11774.697
17331.104 11057.677
16504.634 11971.900
18015.931 11147.608
18544.732 10936.042
17843.277 12525.974
18088.595 12737.923
17882.694 11250.871
18533.769 12973.151
17323.114 11479.959
16552.529 11464.369
18774.714 11844.049
16947.547 11021.202
17990.167 10810.428
17152.825 10917.034
16334.641 12131.164
18275.411 10620.618
16193.251 10337.789
16600.626 12843.604
18536.304 11795.921
16415.390 13040.427
18420.342 11169.846
18617.887 11200.031
18192.948 12963.231
18269.813 10849.737
17084.728 10410.682
16281.905 10480.524
16098.915 12345.788
16714.261 11935.817
18152.370 12467.045
17036.268 11640.083
18309.268 10358.192
18234.296 11291.673
16526.886 12647.778
17610.613 11979.037
18347.767 10459.804
18782.139 11812.339
17540.859 11411.170
18570.348 12088.314
16464.836 10713.679
17431.589 10490.359
18752.387 10496.892
18368.548 11133.821
16874.100 11600.060
17873.800 12192.322
17597.293 12673.699
17623.668 12494.921
18790.996 12510.697
16308.916 10811.233
16960.165 12684.135
16294.539 12844.161
18797.689 13014.838
18647.239 11587.003
18570.410 12158.452
16670.560 12758.903
17604.023 11644.849
17567.203 12775.758
16402.525 12268.507
18134.300 11102.323
17459.012 10956.222
16541.311 12860.846
18210.907 10621.445
17278.293 12042.670
17570.042 12290.543
17503.029 12969.525
17780.181 12745.408
18574.641 11569.815
16151.881 11150.938
18007.828 11804.784
16359.327 11512.163
18481.993 10682.043
17571.750 11617.561
17992.144 12172.452
16631.473 10904.157
18246.020 12952.018
17618.716 12463.665
17562.425 11140.358
17618.832 12250.037
17832.996 11272.885
17934.767 12723.167
16420.022 12424.812
16241.545 11901.991
16213.326 12445.447
18198.912 10773.105
18358.811 12473.631
17525.991 12378.430
18403.170 12082.217
18108.768 12164.666
17064.203 11918.718
18677.827 12660.320
18388.079 11278.447
18737.825 10525.159
18181.402 12801.822
16578.963 11443.423
17562.151 12915.771
17027.991 12476.024
16748.176 11324.108
17978.744 11096.509
17548.902 12814.864
17682.768 12159.380
16046.655 10762.399
18600.863 10758.643
17183.381 11380.778
18682.524 11673.577
16502.266 12923.943
17593.861 12130.932
16352.961 12201.270
16823.781 11087.968
17926.199 12366.725
18312.432 11280.787
17120.520 11022.678
16425.349 11751.326
18241.080 12456.173
18295.014 10340.979
17186.200 11817.720
16307.822 12805.159
16213.189 11675.074
18342.935 12021.481
16408.176 10836.654
18549.787 10700.677
17950.155 10495.832
17517.351 11440.835
18438.111 12181.819
16488.170 12538.873
18677.997 11842.729
18298.492 12573.790
18406.173 12853.702
18607.476 11336.824
16247.147 12914.498
18039.945 11233.139
18037.779 11894.884
17414.333 11677.624
16686.051 10767.431
16541.771 10685.880
17228.428 10933.279
17289.573 10336.926
16905.391 12487.335
18739.289 12245.689
18348.085 12463.895
16090.047 12657.152
17577.043 13063.658
18726.790 10414.124
18792.058 11419.883
18089.705 12561.560
18361.765 12984.138
16605.324 10679.028
17965.447 12712.006
17236.714 12304.307
18236.177 12832.176
18541.232 12890.512
18760.217 10622.768
17566.135 12675.862
17444.630 10397.579
18518.127 12398.934
18063.551 11563.093
16316.916 11983.911
17901.138 12264.191
17680.499 11451.589
17937.898 12953.873
18797.008 11856.464
18537.577 11117.597
18687.060 12194.261
17262.073 10863.054
18811.372 11700.713
18450.707 11786.619
17611.230 12109.590
16058.355 11934.644
18341.745 13003.825
18171.882 12070.975
17682.196 11122.605
18217.144 11215.130
16604.857 11929.520
17452.172 12898.803
17905.439 10842.644
16064.842 11342.882
16602.258 11387.943
17824.924 12775.254
16761.143 11383.467
16888.689 12542.654
18726.769 11852.527
16694.652 12195.823
16335.008 11956.204
18663.593 10541.099
17003.087 12291.311
18707.529 11579.891
17189.601 12447.161
17075.789 10763.890
17767.246 12029.643
18006.247 10607.341
18733.459 11842.869
16562.285 12959.181
18113.452 10613.133
16861.927 11972.016
18807.856 12249.042
16097.569 11657.611
16907.478 10326.273
18727.915 11568.201
18614.291 11010.053
18642.735 11791.213
17005.658 12877.925
18165.114 10302.521
17693.408 13019.005
18054.752 11188.110
18658.813 11373.040
17676.739 10844.553
17666.965 11054.625
17034.615 12166.103
17846.216 12020.863
18783.155 10958.851
17085.519 10345.760
18514.258 13013.092
16560.544 12857.725
17361.879 11074.487
16282.471 10502.816
17462.776 11303.198
16412.438 11368.477
18232.900 12452.998
16816.399 11212.129
18800.628 12978.669
18745.375 11473.845
18758.773 11352.282
16044.312 11482.138
18200.274 12272.777
18667.919 10721.197
18094.739 11654.266
18698.654 12434.071
16472.312 11576.764
16519.652 11237.694
17311.569 11779.385
18107.594 12614.978
16469.301 12764.356
17331.379 10544.871
17367.370 11081.997
17938.399 10723.310
18323.558 12815.791
16098.941 11021.132
16980.922 11414.756
17032.660 12802.147
17062.130 11196.746
18105.232 11865.734
16728.912 12495.804
16468.078 11509.766
16737.462 12232.891
16913.879 10952.594
16503.114 12482.671
17529.060 10354.896
16051.030 11192.614
18314.346 11650.530
16698.533 12624.233
18008.619 11377.176
17518.924 10518.221
16307.652 11078.581
16086.889 12217.051
18053.244 11569.613
16525.695 10734.281
16579.226 11822.728
16731.086 10330.850
16099.442 10547.516
17974.817 12767.310
16172.635 12423.418
18193.497 10749.842
17489.364 12049.482
17475.843 11823.363
16055.517 11655.156
17466.850 12196.643
16163.089 11408.859
16183.862 12889.354
16603.378 11062.638
18397.194 11224.282
17778.926 11863.572
16211.370 10891.186
17980.255 12295.667
17299.385 12192.221
17603.477 10493.112
17261.994 12818.220
18563.203 10874.028
16504.495 11114.567
17033.731 12430.505
16738.260 12220.899
16947.912 11883.796
16476.579 10662.957
17248.816 12527.505
16781.405 10568.911
18096.171 12706.104
18074.713 11617.826
16690.346 12049.745
16280.747 11228.972
16810.515 12357.506
18194.307 11877.264
18678.719 12846.872
17610.905 11056.410
16225.280 11756.964
17573.108 12302.389
17355.920 10534.580
17978.918 10431.309
17599.592 12827.108
16695.829 11859.072
17820.949 13003.820
16868.146 11641.490
16472.493 12981.348
16988.522 11893.552
16308.723 12896.437
16759.388 12380.471
18443.347 11654.786
16395.028 12474.508
17851.572 11357.127
17122.034 12652.135
18071.510 11518.038
18213.272 10672.960
16595.720 11404.415
16166.931 11427.039
18277.632 10819.826
16638.227 11222.791
18750.138 12342.181
16819.257 11510.884
17337.887 11063.667
16814.260 10479.936
16932.084 10438.948
16265.992 12064.320
18253.169 10390.908
18280.716 11076.398
16596.760 12733.370
17116.371 11304.168
16525.332 10295.868
17205.498 10361.509
16898.679 11528.415
16190.214 12942.432
18315.344 12838.872
16253.741 12625.888
17001.230 10873.382
16494.221 11401.830
17667.120 12928.164
17469.705 12164.742
18790.519 10898.229
16595.374 10387.076
18082.798 12081.154
18795.752 12647.332
16120.719 12666.452
18463.404 12641.425
17022.824 10437.995
17951.037 11916.231
18488.516 12302.785
16576.209 12690.110
17918.296 12790.961
17786.631 12900.190
18199.357 10680.508
17450.591 11681.870
17900.203 12584.318
16050.090 11660.682
18477.770 12226.548
17842.224 12842.292
18724.069 10869.629
18485.265 12432.871
17194.637 12619.148
18218.478 11291.917
17287.051 11391.844
16403.278 11646.371
18063.525 10784.809
16908.501 10932.492
16279.139 10630.776
17281.803 11439.302
18527.487 10987.005
17551.579 12101.256
16080.342 11047.033
16894.031 11418.982
18245.948 11480.221
16664.592 11761.598
17685.004 11827.688
16995.477 12494.511
18770.753 10375.010
17959.739 12772.744
16628.336 12263.009
17044.230 11867.026
18098.129 12176.038
17379.236 11229.259
17749.882 13032.164
17023.851 11720.376
16124.529 10639.966
18168.051 12360.761
18065.518 12956.079
17813.995 10800.744
16115.633 12118.926
16801.004 11063.523
16375.812 12861.685
16130.170 10324.814
16492.089 11744.797
16594.660 10430.158
18380.406 12283.945
16483.046 11541.280
17126.263 11430.694
16592.410 11022.070
18566.526 12064.360
17328.814 12815.382
16208.840 10874.916
18690.917 12639.981
17688.388 12405.169
16068.230 11994.978
16986.101 11531.033
18073.924 12675.146
18764.485 12287.988
16599.490 10481.919
17409.560 11483.693
17484.295 12996.130
16120.573 10509.223
18110.655 10537.142
17526.227 10916.491
18317.084 11720.362
17602.533 11783.191
17054.038 12172.929
18188.598 12911.892
18477.454 11460.291
16216.177 12228.263
16702.841 10464.998
17290.176 10689.363
18070.113 12475.891
17463.424 11857.534
16157.496 10655.106
18703.488 10921.489
17791.079 10659.377
17515.628 11896.426
16475.676 11928.755
17909.793 12466.803
17529.372 10970.694
16792.073 12910.448
16656.082 12809.925
18290.363 11722.798
16430.601 12780.906
17475.160 11872.948
17886.464 12358.979
17792.712 12639.438
17959.841 11514.411
17169.482 11435.772
18097.434 12875.894
18498.657 13027.284
16998.601 11968.863
17881.853 11565.644
17902.204 11427.994
18053.361 12928.501
16816.900 12564.909
18617.930 12892.443
18584.218 10996.381
17168.333 10404.804
18470.367 11847.065
17960.946 11279.083
17712.573 12898.974
16571.737 10393.798
16186.277 11435.587
17486.823 12818.150
17126.736 12905.514
18800.654 11561.494
17476.456 11731.157
17643.075 10543.575
17326.145 11710.731
17354.397 10525.284
16589.668 11124.541
16278.325 11364.950
18440.144 11524.191
16249.861 12811.942
16628.748 12091.836
16858.030 13019.138
17913.912 12183.434
18474.929 12909.370
18770.561 11886.845
16966.122 12476.136
16671.897 10870.053
18613.454 12247.981
16344.489 10314.834
18387.258 12872.673
17696.525 11538.512
16063.893 10954.654
17222.542 11988.080
17607.597 11493.755
17938.679 10931.077
17762.174 10930.412
18812.659 12783.732
18730.050 12766.601
16339.720 11713.633
17761.578 10984.126
18403.577 11740.123
18379.385 11451.595
18554.556 11424.427
17885.710 13033.043
16643.773 12610.170
18214.395 10559.007
18772.712 10828.706
18794.330 12200.650
17730.600 12423.640
18658.291 11670.245
17235.540 11562.153
16187.746 12814.600
16579.960 11407.876
16263.616 11938.750
18279.348 10441.942
16481.463 12225.614
16883.904 12932.640
16052.257 10354.028
18095.856 12869.523
18184.572 11627.780
17703.073 12289.540
16466.081 10452.324
18684.335 11158.678
17839.847 13059.174
16451.938 12827.338
17939.441 11814.383
16924.015 12674.126
18690.792 12641.695
17190.622 11517.730
18145.889 10591.632
18259.500 11814.890
18487.252 10336.918
17136.542 11939.690
18245.904 10792.838
17613.277 12391.314
17183.680 10456.115
18134.250 10923.519
18599.351 12708.064
17556.449 12747.315
17165.846 11566.099
16132.758 12955.228
16293.049 10996.318
17839.015 11038.661
17474.272 10820.024
17109.714 11768.550
18095.666 12356.381
18505.930 10747.988
18539.804 11911.567
18525.261 12489.637
16828.751 10855.916
16230.529 11385.148
16144.281 11776.256
17916.731 12007.000
18148.264 11320.145
16832.212 12376.288
18700.630 11310.515
16315.070 10629.076
16877.868 13045.881
17918.059 12316.453
16098.924 12113.233
17994.748 11164.883
17043.411 12081.980
17556.745 12564.355
16513.990 12370.642
17116.738 12283.546
17083.627 10847.145
16356.663 11187.866
18738.736 12332.817
16323.746 12652.439
18370.195 11736.131
18393.325 12168.429
16199.168 12693.758
18011.680 10575.319
16897.466 12087.394
18156.467 11275.551
17861.948 12936.790
17726.165 12391.314
17929.679 11693.681
17652.742 12289.997
16472.119 10434.093
17376.598 10527.243
18595.556 10417.335
17968.027 11570.866
16786.693 11248.331
16548.542 12272.427
18692.827 11235.596
18624.116 12034.537
17384.824 12238.900
16699.663 11717.307
16581.124 11081.625
17882.016 10401.735
16527.009 11043.778
17408.344 10557.810
18786.174 12697.381
17682.616 10702.216
18289.525 12488.337
16863.371 11300.719
17753.929 11538.310
16315.526 12188.536
16975.819 12631.105
18563.324 11839.723
16254.770 11801.816
17249.331 12947.658
18444.070 12410.983
17482.008 10386.127
16270.746 11148.132
18758.029 12844.165
16747.694 12936.505
18146.268 11949.352
16469.805 12848.410
18312.190 11396.973
17906.952 12482.025
17620.256 11366.428
17246.690 10719.784
16462.947 11555.975
16647.218 11566.404
18464.231 11830.665
17098.626 11417.044
16260.978 11782.096
18625.657 11699.471
17774.217 12570.931
18611.646 11344.593
16243.410 11966.220
18508.174 11943.312
18412.449 10425.081
16958.441 12407.278
16700.257 10986.119
18240.115 12758.809
17462.154 11361.457
18327.421 12575.945
16214.322 11625.981
18491.991 12137.612
18354.469 10979.975
16452.591 10471.465
18079.549 12756.520
18564.879 11031.720
17500.024 11441.097
16441.776 12468.565
16673.269 11802.325
18301.434 11721.961
16161.383 11214.510
18116.059 12539.369
18179.585 12919.922
17846.424 12411.406
18244.933 10298.700
18458.699 11185.000
18432.358 11845.739
17111.149 10804.844
17550.733 11961.274
16726.021 10568.245
17404.892 11665.157
16183.591 11800.865
17377.131 11954.749
16908.078 12634.296
16763.808 12311.295
17449.832 12582.211
18401.591 11672.569
16409.970 11853.162
18716.913 11452.406
18414.793 12084.171
16909.500 12584.600
16293.776 10428.453
17476.127 12478.175
17322.846 10504.969
16507.746 11102.067
17140.435 11192.994
16139.300 11051.490
17069.731 10992.407
17031.501 12133.211
18194.019 10728.225
17656.053 11211.129
18742.369 10414.397
18815.840 11535.994
16262.671 12708.361
18075.539 12125.109
16714.662 11547.498
18152.040 12609.009
18369.872 12290.340
18762.314 11991.462
16129.772 12922.011
17584.171 11799.642
16188.738 11040.479
16449.016 11456.390
17505.018 11839.355
18013.193 10464.764
17014.811 11611.663
17967.136 13018.082
17866.203 11580.446
18650.985 12807.586
16420.489 11968.561
16123.677 11942.338
16288.995 11259.114
18324.420 12574.165
17164.758 11168.846
16739.905 10902.838
18587.561 12238.761
16106.857 13026.389
18663.336 12131.599
17934.900 12328.600
16512.895 11226.172
16875.577 12028.693
16563.880 12844.249
18084.047 12341.728
16512.646 12605.650
18072.510 12323.213
16597.135 12523.956
18066.067 10795.186
17021.336 11825.078
18811.274 11706.963
17170.616 11176.184
18012.661 10732.295
16969.313 12094.294
17131.267 10508.559
17502.423 10841.722
17410.238 10676.753
16839.794 12755.507
17919.533 12317.812
17544.343 11261.025
18686.906 10882.370
16200.908 10486.000
18605.191 12944.177
18453.896 11868.614
17961.318 12185.033
16092.012 12779.149
17413.045 11486.767
18415.876 10848.903
16976.753 12300.281
18002.479 12126.713
17214.605 11797.019
18262.685 11067.880
16173.583 11713.284
18201.805 13065.159
16921.213 11333.777
17324.327 10770.728
18154.383 11195.606
17570.976 12844.769
18381.810 12717.445
16601.962 11629.450
17677.359 11758.925
17976.616 11940.932
18403.582 11214.069
18039.539 12901.948
18201.635 13071.627
18745.480 13059.268
17340.179 11516.245
16992.583 11329.388
18013.422 10740.748
18111.205 10846.354
16382.204 10532.908
16661.264 11216.826
17949.716 12711.394
18772.679 11328.906
17673.526 12205.199
18307.393 12501.090
18691.891 10570.194
16375.625 11067.527
17912.786 12556.253
17187.046 12457.507
16942.571 11771.253
16374.003 12068.660
16606.471 10794.015
17595.216 11447.036
18196.508 10452.390
16109.530 11332.376
16827.267 10507.457
17054.494 12835.391
17267.599 12702.431
18305.282 10370.475
16163.928 10844.558
16143.463 12865.248
17965.432 10431.833
17731.889 10971.740
16146.108 12123.415
16870.586 11974.327
18633.428 10883.749
18004.107 12498.247
16657.402 13072.204
18102.029 12257.737
18764.826 11522.971
18208.441 12029.720
17883.131 11201.551
17682.469 12986.705
17577.078 11380.948
16829.818 11166.710
17114.954 11125.718
16357.543 11097.157
18455.464 10832.214
18235.686 12701.902
18446.556 10361.704
18740.515 12708.870
18203.959 12604.382
17240.578 10592.577
16255.147 12607.198
16306.545 10541.188
18766.694 11869.570
16089.807 11367.826
17430.420 10859.364
17973.357 10944.758
16616.773 11475.548
16359.561 11350.242
16946.669 12524.993
16482.161 10358.868
16390.836 12889.391
18741.726 12726.515
17456.154 10316.926
16738.109 11995.168
16306.343 12514.401
17887.827 10613.191
17476.671 12801.578
16645.208 11433.671
18003.844 10313.539
18484.565 11791.599
17079.147 11536.391
17518.680 11603.802
17075.125 10871.175
16790.028 12910.045
16182.865 11750.327
18660.875 11807.557
17071.882 12497.729
18245.855 10929.960
17238.152 11663.326
18083.201 11349.010
16081.443 11797.889
17608.470 10364.309
16357.084 12847.748
16120.448 12717.253
18735.102 10741.931
17337.483 12264.419
18747.287 12806.275
17285.149 10554.758
17155.622 10765.427
16501.109 12698.462
16925.379 11802.111
17297.763 10412.126
16945.876 11456.178
16506.008 11905.036
16719.651 11969.251
16947.447 12886.953
18166.586 12841.791
17439.761 12851.973
17780.091 11493.667
18407.578 12161.208
18260.363 10928.534
18570.764 11759.066
16659.725 11644.572
17362.594 11230.664
17670.753 11977.190
18158.307 11692.616
17386.867 11212.938
16491.316 10567.216
17724.979 10613.167
18302.032 12945.076
16396.771 11031.554
17308.426 10656.985
16391.899 11020.117
17050.425 10692.288
17381.840 11728.301
17832.313 11907.436
17926.458 11661.497
18815.010 10332.943
17867.064 10812.765
16576.203 12524.848
16740.398 10726.527
17696.031 11794.355
16075.003 12226.713
17489.075 11871.446
16208.542 11547.771
16654.341 10484.535
17023.284 11653.305
16313.474 10396.098
16605.854 11782.694
17286.035 12115.559
18416.051 10677.916
18314.418 11287.408
17304.166 12838.604
18328.815 12450.932
16456.829 12901.988
18590.578 10982.188
18636.493 12033.380
18352.089 11147.589
17470.832 10394.657
17280.109 12602.198
16965.163 12866.969
18267.040 11807.427
18677.877 12842.485
17722.308 12345.689
17624.794 12692.842
17761.206 10375.599
18047.256 11517.305
17484.677 12706.275
16479.488 12347.243
16778.416 11351.275
17138.799 11795.562
18111.995 12161.855
18088.582 12407.341
18241.753 12829.251
17070.972 12382.752
18576.273 12235.670
17727.797 11676.454
17564.353 12060.140
17016.767 11880.979
16308.651 11698.836
16462.610 11766.286
16154.882 11254.987
18086.048 10547.517
17376.983 11418.079
17237.298 12904.529
18001.953 10845.695
16710.186 11731.729
17269.177 12231.924
16863.094 11123.435
16366.075 11448.547
16245.349 11410.491
17701.119 10333.721
17398.249 12304.092
17742.034 11735.095
18233.201 12778.759
16250.082 10999.078
17443.935 12744.014
16413.787 11732.114
17169.223 13072.085
18374.589 11013.851
18384.293 11633.227
18232.887 12668.819
17326.940 11890.447
17836.458 12610.155
18389.499 12111.243
16694.303 12705.682
18762.663 12064.502
16238.146 10622.544
18644.473 11940.437
18125.447 12007.920
18598.454 11966.128
18501.463 12854.048
16197.851 12778.552
18571.866 12460.719
16473.706 10712.952
17677.339 12588.475
18205.877 12269.921
17485.509 12066.842
17752.143 11445.005
16140.832 12601.020
18215.800 12620.950
17249.520 11248.539
16941.661 10682.315
16904.752 13010.291
16201.644 12254.713
16918.847 10663.951
16177.287 11196.977
18051.628 12149.446
16987.808 13065.692
18393.396 12907.262
18803.332 11018.542
17009.405 11779.891
17805.799 10967.424
17333.856 13033.104
16214.864 11861.777
16553.309 12658.967
17476.953 12617.065
17428.542 11360.040
17811.199 10807.929
18123.146 11249.910
16447.126 11395.553
17713.170 11283.211
18473.236 11142.933
16543.651 12183.157
18471.527 12357.157
17235.062 12628.553
17207.448 11030.241
17816.470 12766.255
18637.499 11013.383
16976.086 11173.758
18138.681 10928.908
16062.862 11132.106
16678.696 12597.094
18118.102 10917.311
16333.177 10347.762
17457.179 10518.598
17110.854 11840.880
16288.175 12065.083
16972.222 11994.222
17104.804 10733.010
18543.806 12252.803
16180.397 11253.176
16947.360 12211.541
16446.823 11549.554
18271.647 12418.733
18774.645 11091.623
16946.357 11422.171
18385.488 12484.788
16113.279 11140.542
18322.411 12331.832
16839.394 11924.347
18511.174 10900.420
16785.605 10717.109
17757.235 10698.536
16227.291 11400.352
17509.907 12037.726
16885.446 10886.989
17248.438 10959.385
18783.372 11295.525
18509.942 10823.861
17490.348 10627.754
17444.658 11535.899
16619.977 11692.272
16695.519 12503.593
18437.245 11501.863
16410.043 10566.485
18463.947 11707.527
16835.218 12360.966
17143.749 12308.873
17412.044 12304.543
16553.728 11803.163
17861.081 11896.077
16851.660 12734.924
18071.872 12106.780
16373.975 10367.105
18642.505 11328.026
16498.945 10630.945
17194.835 13020.610
17133.811 11599.999
17905.544 11246.394
18290.037 11728.382
18654.265 12912.422
17614.123 10610.427
18250.826 10389.272
18279.886 11493.304
17942.205 12894.674
18581.985 11658.085
16221.396 11621.436
17439.657 12799.997
18438.005 11915.189
16406.933 12051.753
17588.889 11966.391
17374.836 11270.475
17582.655 12454.731
16370.041 10374.423
18354.444 11176.581
16520.510 10331.929
16373.347 11726.337
16922.725 10594.012
18276.928 11469.676
17096.213 11033.451
16050.837 12106.771
16144.336 12695.519
16428.940 10969.549
17439.724 10955.303
18182.718 11747.889
17202.381 12127.344
17255.114 10501.805
18308.411 11014.414
16570.194 10869.260
16340.285 11789.335
17087.615 12589.067
18455.306 11703.290
16926.663 11172.176
18627.751 12637.463
16288.441 11438.183
16826.417 12537.081
17291.755 10863.841
16861.586 10901.568
18233.090 10348.110
17435.277 12084.866
18521.088 11882.692
17539.925 12921.347
16961.371 10770.782
16728.331 10336.447
18061.428 11325.275
16295.254 12666.232
17125.447 11669.575
17770.311 12678.760
16782.118 12411.755
16762.715 12617.835
17731.570 12767.462
18117.746 12655.707
17538.301 13002.581
17744.434 12711.180
18665.062 10565.943
17788.330 10846.732
17441.532 12631.751
16946.907 11864.498
17624.722 10459.876
18250.318 12010.666
17734.124 10295.730
18265.094 10654.983
17856.630 10885.293
16872.379 11122.204
17925.186 13065.675
16883.455 11445.022
18137.711 10614.937
17720.218 12698.266
17056.343 11956.294
18488.413 12235.213
16448.238 12084.564
16972.258 11249.541
16819.704 11124.485
18655.855 12629.735
17909.298 11811.223
17713.868 12524.379
17722.912 10772.991
18669.997 12643.647
16378.033 12003.377
17675.109 11436.286
17950.055 11956.107
16528.167 11410.892
17111.506 11897.354
18806.462 12777.406
17387.086 11221.539
17248.068 12806.282
18743.435 12356.659
16094.239 11588.959
16284.118 12170.917
16177.189 13056.270
17668.911 10746.772
18806.973 12919.846
17694.628 11506.742
17456.092 12404.234
16708.794 10562.378
18751.731 12265.045
16842.528 13031.153
17312.945 10328.972
18207.791 10460.203
16477.702 10723.304
17374.010 11582.511
16476.037 12388.926
18079.639 11794.554
17985.317 11304.976
17644.140 12695.280
17201.318 13031.380
17633.419 11077.848
17297.863 11017.872
16620.654 12661.759
18344.518 12074.023
17205.613 12505.378
17927.187 10469.857
16077.348 11411.529
17064.945 12049.079
17889.583 11585.729
17284.985 12871.174
18577.617 12441.089
17090.624 11397.521
17836.761 11732.954
18212.679 11039.898
16280.471 10999.698
18791.142 12451.453
18812.243 10503.016
16331.161 10547.915
16568.734 11972.804
17911.060 12347.480
18000.331 11683.724
16104.530 10922.042
16649.210 11321.475
17653.783 12723.962
18381.696 10459.667
18428.245 12341.075
16769.085 12199.276
18003.677 11359.103
17353.984 12648.358
17721.388 12134.395
16387.360 12595.565
16740.191 10508.502
17549.813 11722.819
17558.484 11286.815
17811.757 12861.673
18559.922 12811.120
17704.440 12600.652
17593.481 10400.264
17015.054 10578.517
17891.043 10646.647
18262.061 12879.693
17039.946 12250.468
18430.186 12313.626
18434.038 12948.488
18505.209 10312.278
17807.896 11895.641
16672.338 10668.938
16706.433 11980.931
16052.331 10397.732
16723.928 12796.255
17562.270 12382.206
17513.475 11683.114
18780.998 11678.847
17020.688 12363.315
17669.848 11252.684
17233.411 10878.198
17253.407 11898.459
18316.225 12546.155
17949.451 12022.601
17560.768 10538.783
18470.702 11596.214
17450.123 11539.178
17266.643 10436.239
16418.984 12792.177
16580.231 11421.311
17625.510 10983.762
18368.653 12387.370
17280.671 13007.945
16194.891 11852.217
18186.403 10593.020
18482.468 12020.103
18463.457 11814.696
18640.125 11257.872
16743.910 12791.205
16702.234 10733.851
16744.954 10863.847
18560.422 10813.971
17395.401 10992.385
17456.990 10677.226
17084.155 10682.011
16398.314 12615.062
17251.595 12710.746
16247.385 10486.928
17161.735 12503.558
16164.182 11526.579
16518.444 12232.641
18075.638 11157.198
16860.596 12332.169
16569.602 11639.597
16091.872 10783.008
17083.819 13060.032
17252.112 12190.860
17794.013 10367.485
18040.446 13018.964
17180.647 12456.108
17110.774 11524.326
17138.655 11068.058
17669.997 10602.030
16702.252 12983.606
17509.815 12966.025
16932.046 11008.084
17734.865 10920.309
17401.607 10707.739
17986.395 12466.928
17868.221 11710.652
16606.987 12376.066
16052.135 12453.730
16255.088 12031.851
16234.983 13040.191
18344.430 10635.936
17346.398 12012.952
17206.570 12273.937
17747.995 12359.283
17671.226 12218.876
18135.908 12757.977
18234.659 10528.435
17428.119 12551.921
18708.844 10435.382
16709.121 11563.626
16617.762 10841.454
18441.074 12204.874
18598.237 11924.402
16744.262 10596.513
17072.287 12781.689
17179.548 11423.826
18674.455 10771.333
16477.851 10694.942
17954.131 12608.225
18766.442 11897.769
16822.616 10883.973
16166.686 11978.689
16517.694 11686.867
17125.674 12766.739
18497.542 10621.583
17824.719 12461.604
16742.652 11700.666
16073.338 10992.704
17052.393 10752.279
16457.771 11628.251
18255.940 11677.507
16612.750 10585.518
18774.864 10374.686
16198.744 12708.281
16175.829 10744.441
18595.342 12818.305
18515.849 11323.347
18390.613 12607.714
17468.210 12473.865
16335.295 11657.764
16304.529 11251.486
16331.192 12104.324
17378.593 11741.933
18291.804 11530.957
18186.473 11699.649
17896.053 11377.341
17899.333 10528.276
17222.120 11412.653
16294.258 12047.195
17816.346 10679.315
18572.946 10992.845
16060.096 12716.249
17315.565 10848.181
16977.123 12095.804
17429.256 12861.442
17046.928 11785.701
16568.695 11597.736
17443.050 10960.167
17545.661 13028.268
17980.808 11688.265
16873.438 10428.416
17018.528 10475.698
17102.920 11630.805
17394.399 10569.726
16948.586 12922.933
16850.069 13043.107
16079.446 12869.461
16957.020 12182.628
17716.929 11645.347
18070.461 10498.709
18707.090 11985.095
18201.290 12299.706
18555.699 12388.518
17153.653 10760.665
17926.986 12398.068
18619.044 13042.704
17484.505 12211.223
16878.291 11830.599
17564.827 12948.854
17876.199 11331.310
17264.410 10373.972
18718.497 11146.904
16276.334 11345.321
17259.746 12005.479
16912.029 10808.121
16243.505 12817.906
16962.882 12375.859
17294.261 10387.518
18094.711 11769.403
16430.536 11365.549
18490.944 10438.929
18793.266 10610.815
16906.258 11319.509
18514.760 10607.977
16925.308 11895.519
18545.209 10533.467
16190.138 12450.268
17413.607 12308.576
18407.303 11436.428
17899.596 12833.482
18555.523 10940.394
18163.232 10837.789
17003.119 11635.940
18500.668 12242.267
18796.614 10817.534
16961.809 12942.025
16638.239 12680.105
17361.314 10986.693
18283.044 11468.704
16536.760 11024.023
17343.667 12458.823
18435.164 11451.458
17281.861 12419.936
16425.544 12160.065
17695.301 12078.847
16984.567 10755.745
18370.080 11775.338
18812.233 10918.900
16496.229 12182.031
16625.169 10909.194
18670.339 12745.826
16719.138 11506.429
17492.040 11288.381
18234.732 11614.701
18500.807 10476.452
16047.604 12687.762
16934.151 12060.264
16300.046 11832.909
18636.543 10360.754
17979.501 11726.105
16089.026 10437.992
18318.477 12326.507
16666.942 11334.144
17888.558 12476.850
16581.945 10718.023
18114.238 13042.036
17945.798 11900.892
18799.620 10759.806
17015.935 11578.401
18365.701 11744.248
17641.353 11851.603
16809.058 12061.883
16586.793 12990.980
17704.624 12951.975
17289.144 11224.175
18801.622 12846.474
17062.737 12559.424
16717.647 12724.624
17784.703 10663.356
17771.727 11445.103
17334.845 12051.403
17077.937 10366.787
16630.593 11063.496
17095.927 13039.149
16084.732 10733.799
18751.408 11538.326
16217.935 11760.026
18546.209 11573.335
16243.138 11471.600
16409.532 10380.846
16649.457 11406.460
16946.495 11783.503
16074.955 12909.397
18405.234 11951.191
18377.673 12247.404
16250.044 12213.735
17170.470 12300.990
17154.223 10904.354
17322.843 11719.985
17507.047 11739.572
16636.734 10614.875
18801.259 11905.425
16351.050 12364.846
16504.033 12250.492
18610.649 11449.095
17189.722 11795.536
17944.331 12296.396
18765.524 12758.104
18553.606 11739.921
16956.282 11256.071
17026.415 12263.524
17036.302 10400.447
16804.036 10732.372
18542.335 10827.464
17998.596 11887.521
18247.355 11363.997
18068.947 10981.112
17008.701 12241.093
16748.443 12640.038
17416.916 12088.507
16352.358 11313.580
18576.676 12083.989
18821.614 12328.263
18395.591 10304.828
16446.410 10759.979
17782.041 12831.702
17633.918 12929.121
16276.003 10549.464
16935.059 11619.748
16269.622 11209.191
17677.185 10737.495
17589.683 10754.511
18641.203 12532.938
16942.951 11519.372
17790.904 13021.068
16972.574 10719.863
17465.029 11921.281
16530.368 13070.001
18175.126 12672.577
16949.953 12399.511
18790.091 10841.654
17339.638 12788.455
17952.699 12966.323
16451.593 11275.230
16853.375 12624.536
17415.850 12041.214
18111.968 11335.931
17630.527 11372.257
18195.305 11680.791
18717.658 12522.540
18153.397 11418.704
18772.576 11180.293
17834.938 11031.529
18534.591 11466.133
18032.686 10931.504
16867.886 12718.059
16911.247 12095.053
16957.815 10790.673
18705.193 11199.293
16062.661 11980.996
17153.587 12494.586
18254.290 11025.528
18580.807 12895.057
16754.894 11053.974
17000.306 10979.246
16594.827 11535.018
17754.735 11313.986
17536.502 10328.831
17817.722 12401.720
16960.109 12236.683
17300.577 11108.588
16771.357 10655.860
16617.991 11935.834
17234.006 11623.319
16087.210 10743.807
17839.868 10759.096
18606.332 10834.918
17223.226 11413.186
16820.800 12152.511
18180.219 12958.709
16292.874 12867.254
17067.171 10769.857
18363.408 11186.840
16365.531 11053.550
17342.266 12450.328
16831.085 10473.866
17953.759 10847.151
18478.645 11001.197
18186.030 12050.381
17536.634 12909.877
17895.171 13064.151
17042.246 12150.804
18304.151 11108.465
17560.033 11498.126
18520.547 11796.435
17445.298 12155.892
17235.091 11796.439
16112.330 10561.256
17310.736 11965.648
16687.253 11820.946
16198.962 11357.699
16379.425 11276.673
17353.563 12832.997
18620.635 12283.653
16923.738 10913.601
16310.976 10889.207
17145.209 11385.355
16796.972 11615.892
18599.941 12867.367
17226.844 11291.027
17715.475 11798.104
17070.804 11828.396
17926.099 11979.402
18790.840 12763.952
17848.123 11319.269
18401.270 12254.696
18526.344 10496.497
18789.468 10945.456
16722.252 10800.885
17475.529 10955.190
16891.441 11217.602
17139.371 11125.579
18572.242 10613.656
16932.504 10981.815
17857.205 10574.223
16459.825 10318.519
17280.855 11235.435
16827.011 11847.908
16991.088 12470.261
18439.803 12689.562
16859.070 11329.503
17525.170 11529.942
16200.028 13057.001
16832.057 10727.175
18797.819 12282.926
16317.473 10896.200
16839.334 12946.308
17975.598 11765.388
16639.027 13014.780
16564.813 10554.825
17085.909 11995.715
18332.104 11313.452
17276.308 11924.760
16513.229 10781.412
18705.685 11045.541
17811.114 11889.426
18441.235 12953.994
16088.058 12333.021
17686.728 12317.574
16794.871 11451.706
18044.102 12653.446
16614.784 13013.696
17257.305 11182.663
18520.357 12747.373
17055.776 12182.812
17608.157 11298.617
16590.356 11298.228
17353.427 10971.190
18663.222 11665.620
16908.334 11772.890
16545.803 12437.846
16484.251 12479.732
17466.598 11225.709
17873.131 11404.514
17506.611 12149.916
17946.667 10714.854
17902.320 10853.891
16248.719 11169.601
17196.166 11745.120
16501.361 10804.021
16255.990 12803.211
16653.465 10786.963
17295.299 11601.454
16719.530 11001.570
18506.833 10362.405
18395.703 11836.210
18637.986 11820.678
17307.662 11516.302
17834.188 12557.048
18667.364 10370.595
17434.694 10765.942
16560.477 11092.076
17691.823 12505.239
16590.886 12670.656
18049.360 12216.861
16859.951 11452.513
16494.134 12540.469
18440.672 10981.352
17288.223 10509.802
16237.054 11686.914
17815.100 11234.711
18723.452 12581.316
16189.969 11399.783
17688.370 10779.416
16539.651 10430.421
17821.481 11282.141
17496.605 10746.358
17831.904 10724.767
16444.072 12349.465
17378.807 11243.005
16092.015 12025.637
16470.539 10911.188
17680.874 10756.798
17112.607 12305.906
16841.242 10620.114
17000.851 11637.006
17459.650 10575.659
16851.993 10662.000
17792.927 11538.635
17877.211 12564.283
17141.201 10704.506
18236.912 11140.419
16058.660 11449.346
17123.865 11473.278
17220.867 11263.617
18216.364 11559.794
17838.138 11375.136
18522.224 10354.884
18158.254 12913.436
18370.563 11727.905
18542.899 10688.033
16319.244 12574.710
18699.848 11138.646
17750.738 10574.752
18007.788 12578.406
18807.019 10811.808
17089.474 11530.866
16101.525 11010.012
18207.460 12204.473
17628.845 11100.744
17581.714 10327.681
18471.658 11554.009
18116.551 10701.941
16998.098 11017.044
18636.635 11106.513
17343.581 11809.858
18768.299 10951.928
16905.385 10907.278
16901.944 12774.254
17550.883 10942.271
18706.982 12151.142
16797.473 12101.330
16493.988 10722.074
18268.027 12002.486
16491.223 10986.980
18413.383 12625.627
18073.886 11756.244
16291.208 12487.832
18231.894 10872.398
16270.798 11382.816
16211.003 10840.620
16382.632 12726.072
16352.448 10746.588
17543.347 12526.386
18180.159 11486.619
18730.278 10557.496
16083.658 10365.091
18709.689 10827.075
16318.465 10838.657
16464.195 12008.937
17454.862 12828.472
17415.308 13037.021
17909.872 12823.694
16610.971 12010.072
18394.294 11185.262
16095.723 11809.407
17923.958 11631.081
16445.471 12804.611
17562.046 11951.372
17536.547 11589.744
16757.684 10367.907
18773.120 11384.611
18177.639 12052.489
16092.571 11236.411
17556.966 11785.550
17156.303 10379.531
16910.610 12481.004
18048.095 11844.885
16576.581 12352.444
16810.949 10662.637
17143.387 13023.811
17989.489 12681.572
16327.165 12064.654
18625.778 10539.683
16098.270 12844.638
17188.135 13031.241
18201.776 11150.113
17560.493 12724.779
18764.049 11508.947
18275.490 12908.955
17775.411 12886.442
16715.925 10509.228
17535.721 11753.833
18657.106 13059.648
18769.904 12681.704
16965.280 10832.403
17460.209 13070.699
18482.488 10877.282
17488.398 12053.292
18203.692 12085.058
16845.947 12490.422
16455.233 10574.095
17527.637 12497.397
16692.871 12117.824
17477.783 12413.504
17124.116 11099.894
18345.566 11267.671
18173.394 11905.459
16838.042 12308.908
16599.987 10766.349
16621.453 10479.133
18142.117 10731.590
18713.567 11257.175
18231.728 12946.298
17259.124 10462.398
18654.009 10858.533
18499.804 10328.957
18713.715 11098.492
16605.190 11473.609
16803.267 12602.329
17781.542 10431.619
17597.884 10581.553
16734.837 11359.092
18255.578 11588.392
17084.735 10811.310
17436.994 12187.393
18623.744 10757.747
16498.284 10895.040
18328.098 11981.119
16895.103 10327.682
16147.706 11341.264
16516.312 12956.720
17385.802 13021.370
17050.717 10971.805
17982.266 12663.899
16479.910 12280.229
16457.593 12947.431
17077.499 12455.638
16766.073 11619.873
16848.406 11830.723
16593.224 12230.446
18760.812 10591.684
17906.006 11244.290
17659.722 12586.381
18418.950 12274.750
16887.670 11630.901
17351.383 12746.685
17921.261 12246.573
16793.679 11968.475
17172.694 12860.075
16374.778 10301.013
17765.037 11899.536
16083.362 11655.153
16973.608 10498.924
18455.987 11073.745
18788.627 11238.640
16290.104 10332.589
18807.812 12489.838
16471.388 10314.094
16750.888 11681.654
16730.787 11856.677
18644.989 12407.665
18572.704 11479.137
17799.018 12185.869
17388.065 10454.156
17843.702 12101.272
16060.676 11145.544
17909.568 11708.597
17206.625 10313.485
16592.754 12416.104
18312.875 11769.852
16125.834 11601.713
18104.524 11761.932
17083.038 12377.786
17375.353 10438.249
17467.273 11013.475
17341.813 12914.062
17975.750 11382.817
17507.364 10330.582
16108.047 11183.622
17226.615 12473.454
17390.180 12457.398
18462.164 11236.568
17178.631 12035.418
17675.930 10379.448
16231.901 12679.569
17949.234 12300.664
18570.968 11877.707
17534.830 12606.261
17688.543 11425.985
16414.619 12318.834
18007.290 11279.473
17361.239 10315.748
18804.248 10699.867
16339.451 12459.696
16268.901 11434.470
17595.685 10671.588
18461.119 13010.094
18786.796 12279.144
16567.950 10998.466
18740.407 11773.859
16843.454 11033.669
18759.653 10971.351
18155.172 12225.056
18263.533 13035.394
16403.657 10695.211
17377.727 10417.553
16385.328 11344.974
16126.547 10918.690
17184.071 10892.876
17540.216 11576.206
16249.394 11448.510
16309.376 12864.571
18233.357 10581.520
16385.846 12957.377
16482.028 11227.992
16436.195 12573.886
18385.676 10366.223
16100.468 11496.822
16703.424 12685.648
17823.906 11379.455
16445.974 12311.913
18345.205 12645.624
17635.992 12249.452
17028.250 12081.277
17923.532 11416.890
16311.010 10309.537
16592.911 10878.686
17119.679 10678.226
16493.580 11903.785
17647.950 11731.865
17495.606 12029.347
17337.406 12339.046
18024.307 11734.172
16486.796 11914.397
16146.671 10716.330
17236.827 12226.232
16260.987 12682.350
17948.806 11960.417
18138.105 10488.371
18512.656 11370.214
18130.165 11827.487
17583.687 12442.333
17604.576 11869.129
16055.438 10429.514
16594.624 11822.249
17257.512 11540.126
17410.892 12845.673
17618.945 12018.213
17416.166 12740.034
17936.652 10723.873
17597.452 12212.693
16459.028 10959.237
17675.419 12009.592
18507.344 10961.964
16605.575 11255.528
17259.583 11451.206
16723.132 13042.784
18326.318 11880.079
17965.497 12077.465
17225.958 10894.608
18259.942 11459.776
18472.914 11125.624
16448.276 12256.254
16601.232 13008.606
16842.901 12717.732
17015.568 12270.573
17878.333 12100.255
17507.186 10452.497
18374.229 11954.688
18320.835 11485.325
17912.404 10879.176
18719.215 11185.823
16904.810 11966.246
18555.401 10639.029
18429.377 11704.717
16646.818 12975.589
17799.056 13057.750
17024.440 10652.197
16059.223 11244.894
18683.641 10554.584
17683.234 10887.978
18271.240 10896.995
18256.612 12854.285
18295.145 12263.136
17521.269 13048.307
17839.875 12054.366
16266.697 11589.117
17883.742 10939.732
17057.494 11465.482
17228.901 10729.578
16220.502 11281.780
16436.077 11403.616
18725.808 12021.561
16300.208 13058.689
17313.716 12988.374
18456.505 12383.633
18759.311 11107.359
16787.646 12104.006
18471.193 10479.315
18641.840 10730.523
18236.642 11668.593
16568.356 11816.173
16907.686 12692.300
17176.478 11240.192
18152.379 12554.012
17583.996 12280.351
16895.791 10656.663
16958.713 10305.814
16463.265 12036.307
16110.427 10587.824
18635.586 12667.981
16804.281 12103.661
18604.804 10371.501
17142.493 12052.354
16137.382 12895.249
17017.637 12185.338
18134.927 10725.066
18237.842 11749.983
18373.275 12991.398
17824.680 11447.170
17766.939 12398.182
17445.822 11647.163
17169.323 13050.281
18138.780 11103.983
18246.151 12587.837
16299.688 12299.836
16295.439 11250.901
16700.860 10466.787
17851.675 10889.308
16065.675 12935.146
16045.704 12220.464
16703.654 11630.278
16876.336 11969.115
17501.831 11211.577
17600.904 11658.157
18289.386 12163.077
16282.854 12627.933
18578.119 12674.084
17104.937 11327.970
18797.282 12226.980
18437.277 11463.081
16169.100 12208.490
18011.930 10349.033
18495.819 12973.716
16301.552 11218.702
18712.634 12892.619
18118.359 10893.753
17876.618 10667.143
17695.219 10616.398
18201.912 12119.038
17168.253 12517.979
17016.356 12564.639
17258.431 11525.230
18464.855 12167.575
17524.625 12769.010
16591.642 12671.708
18334.047 12853.237
18159.784 11440.399
17397.722 12569.787
18449.589 13002.717
17430.521 10704.456
16144.582 11364.006
18209.088 11111.363
16934.221 12291.594
16771.718 10951.060
18365.814 10309.256
17855.461 11318.718
18617.783 11174.706
16724.770 11337.713
16745.241 11891.902
17585.417 10736.758
16631.070 12369.165
17463.410 12181.992
16699.629 10983.760
18570.191 11854.992
16808.604 12335.478
16980.767 12804.083
17657.493 10363.967
18556.844 12215.045
16255.429 11249.943
18653.273 11837.532
18552.990 10517.389
18579.197 10657.016
16901.283 12344.658
16189.056 12516.504
17007.430 12681.406
17949.881 12442.839
16697.032 12324.155
18665.500 12135.307
16454.760 11041.012
17884.242 12185.521
17460.271 10882.284
17017.454 12512.871
17285.687 10696.241
16387.711 11936.455
18652.796 12124.242
16199.572 12140.319
17643.837 11433.012
17130.485 12275.223
17201.947 11357.160
16286.014 10589.686
17732.850 10491.648
17736.045 11929.506
17698.928 10408.216
18388.772 11161.356
16696.076 12255.800
16254.088 11094.564
17802.060 10547.760
17643.439 11827.754
17898.099 11881.031
16514.795 11533.475
16264.307 10478.096
16173.106 10921.740
16504.885 13007.959
16147.018 13018.528
16542.761 11482.237
16629.571 12047.155
18128.737 13004.285
17597.021 12786.595
16241.960 11479.640
18475.706 11553.779
18782.249 11058.968
18124.653 11025.797
16794.087 11588.032
17135.585 12633.911
16656.209 12916.067
16140.151 10677.430
16431.048 13034.364
16349.446 12936.401
16046.730 10552.680
18514.742 10686.518
17783.184 12569.683
16867.587 11778.109
16168.532 12247.812
16834.477 10909.402
17587.217 11254.338
16060.629 12317.086
17797.682 11345.595
17855.089 11469.874
18038.045 11114.201
17832.060 11007.199
18379.257 10907.237
18042.155 11021.843
18450.857 11974.186
17656.089 11304.657
17667.323 11691.101
17208.766 10755.351
17522.315 11206.959
17160.568 12922.075
18213.185 11599.359
16557.184 11265.467
17586.563 12017.891
17268.361 10811.847
18425.721 11299.436
17305.276 12778.571
18790.650 12307.550
18001.266 12244.932
16107.504 12678.752
17258.839 12127.695
17186.193 12772.435
16491.464 13042.778
18237.275 12383.431
16722.979 11207.274
18264.713 13022.009
17884.289 12854.717
16732.005 10360.207
18464.163 12569.504
17896.750 11461.884
18758.907 12263.940
16873.391 10793.403
17009.292 11829.629
17091.012 11331.123
17361.109 10338.346
17898.662 11887.421
17166.160 12343.944
17171.368 10567.658
18493.812 11632.311
16334.949 11286.627
16074.415 12180.466
16568.406 11047.090
16872.556 10625.612
17742.634 11597.500
18402.537 11928.915
18086.250 12745.184
17107.539 12132.577
16697.100 11732.108
16403.446 11284.273
17720.705 11584.927
16131.260 10550.856
18242.266 11897.023
16256.213 11016.611
17640.554 10447.022
18143.147 10765.594
18269.024 13053.932
18718.863 12509.503
17890.451 11845.076
16190.810 10784.355
16049.598 12847.901
16557.300 11152.721
17936.257 11032.089
17917.262 11845.176
16689.101 12607.949
17946.188 10733.696
18503.083 12387.633
16508.400 11322.529
18128.375 11521.061
17094.945 12477.666
16340.388 12407.019
16808.172 10984.551
17460.085 11183.591
18025.469 11409.420
17628.777 11236.629
16721.794 11822.812
17144.316 12200.634
16618.211 10905.373
16523.454 12016.801
17415.578 11061.356
17975.358 13059.737
16813.798 10697.526
17903.442 10573.050
18169.966 11119.085
17046.262 12587.406
16191.802 10639.980
17585.600 13034.368
18288.075 11028.101
18040.920 12692.611
16658.973 11388.272
17131.102 11692.289
17274.316 11780.523
16181.778 10699.176
18490.856 10993.099
16622.022 11696.973
18172.027 10460.342
17690.438 11474.638
16414.377 12908.443
17724.066 11784.596
16267.500 12319.552
17198.197 12727.534
18771.636 12290.018
17917.409 10845.687
17351.873 12511.241
16759.577 11534.285
17037.032 10666.309
18426.639 12803.389
16194.711 12008.683
18197.149 11907.556
17770.390 10892.850
18103.984 10311.677
16647.841 10327.395
16253.584 12655.313
16730.360 12856.206
18701.154 10780.043
16816.843 11754.063
18037.268 12144.670
16886.564 11573.174
17960.549 12097.032
17530.542 11961.646
17691.992 11079.438
17335.794 12996.838
16261.723 11500.760
18670.748 12521.701
18757.950 10456.084
16402.982 11476.995
18571.278 10505.195
18184.070 10877.261
16265.817 10974.139
16211.054 12311.052
17308.927 12040.816
18437.115 11023.241
17099.858 10450.782
18517.790 10811.132
17567.036 12646.774
17182.032 12961.402
17694.655 12175.531
18498.113 11755.645
18818.672 11149.987
16475.108 12539.827
17667.351 12153.013
17262.308 11654.141
18016.667 10707.463
17825.361 12061.343
18799.543 11922.263
18621.057 13062.237
16713.132 11477.886
17242.292 10424.733
18028.478 11153.402
18149.584 10469.744
17136.824 12554.330
16450.351 10670.933
17324.474 11945.992
18138.010 10612.434
18743.462 10433.821
17658.456 11365.668
18012.319 10804.913
18485.338 11637.122
17881.857 11373.659
17828.466 10808.924
18164.600 12733.266
17292.240 12226.349
16622.058 11553.478
16357.106 12399.644
18628.355 12069.897
16131.677 11077.929
16737.632 13043.163
17550.839 11629.294
18715.177 12323.132
17268.785 11437.417
16286.691 10739.987
18665.026 10808.502
17315.836 12628.937
16770.800 10428.713
18455.459 12537.671
16291.826 12520.365
16778.507 12891.849
17562.308 11805.667
16928.609 11451.712
17129.917 10793.100
16728.878 11588.352
17450.247 11295.906
16349.561 12775.472
16568.842 12866.678
17352.578 12221.002
18334.512 12911.967
17385.407 12268.392
17546.442 11700.149
17932.735 12535.979
18025.561 12641.317
17521.372 10684.657
16269.035 12442.154
18753.090 10353.116
18595.262 12078.443
17589.862 12866.200
16658.870 12168.556
16556.734 10907.517
16075.907 11745.017
18661.511 12940.466
17231.745 10560.226
17312.883 12715.714
18057.644 11233.713
17203.185 12017.199
17736.793 12433.869
17398.823 12480.987
16386.575 11728.266
16205.704 10916.930
17946.962 12384.613
18110.114 11904.734
17399.428 11270.912
17070.727 11229.559
18077.670 10407.190
16941.662 12174.439
17353.699 12808.801
17837.084 10859.654
16736.448 11966.790
18339.107 10814.265
17630.338 12239.473
16969.364 11041.284
17591.791 11809.996
17953.564 12203.718
16998.271 11613.035
16706.196 11930.156
17049.395 10927.952
16638.310 12142.617
17767.071 11589.146
17915.337 11737.540
17860.279 11242.362
17728.407 12894.311
16056.476 11764.577
17014.376 11905.161
17880.168 10797.222
18368.938 11905.928
18487.582 12218.035
17100.091 12239.474
16640.093 10526.352
18395.615 12342.239
17258.094 11675.849
16624.560 11141.616
17804.589 12814.149
16193.588 11267.001
16955.960 10417.906
16900.958 12531.384
16605.014 11611.891
16298.095 12101.097
18456.542 12295.465
17055.768 11691.765
18620.373 12719.486
18225.347 12864.793
17932.674 12632.200
16782.159 11552.517
16128.957 12621.111
17847.317 10408.443
18734.364 12472.739
18541.679 12298.754
18044.234 12520.075
17977.433 10769.124
18692.765 11026.382
16498.115 11127.766
16173.566 11947.245
17551.665 10834.263
17342.257 11987.511
18701.204 11743.203
17728.429 12481.406
17167.940 12679.801
16884.772 10508.702
16269.422 11636.507
17535.525 10849.638
17526.331 12922.737
16592.001 11453.159
18478.371 10461.307
16309.111 12487.980
16312.190 11647.589
17618.053 11540.623
17140.472 10606.819
17996.743 10343.419
16843.093 12784.388
16488.259 10777.092
18681.907 12604.091
16309.397 12300.980
18018.907 10830.682
16637.154 12762.228
18437.757 12734.324
18385.518 10496.023
17727.442 12847.871
16593.738 12255.794
17307.392 10688.222
18240.890 11642.054
16365.989 12647.982
16452.379 12237.320
17270.377 12515.368
18690.445 11391.911
17438.127 10335.528
16500.042 11375.635
16966.945 10612.110
18108.735 12159.428
18568.083 12450.892
16102.365 12085.442
17347.972 11244.349
16616.368 11534.359
16125.840 12466.188
16170.713 12408.733
17844.195 12681.807
16787.468 12997.943
16715.965 12908.053
17416.345 10410.128
17182.354 11318.073
18696.587 10884.180
16349.788 10712.088
16373.985 12908.374
16659.253 13041.082
17317.841 11055.583
18639.301 11575.743
18799.918 11832.381
16550.478 11532.665
17304.818 11724.418
17886.859 13054.240
17644.638 11767.885
17008.554 11469.476
18491.521 11522.792
17770.965 12467.251
16318.005 12434.748
17299.413 10934.070
16193.909 10892.389
16107.463 12664.560
17552.505 12417.276
17168.815 10364.298
16816.754 10744.634
17524.882 11695.955
17906.569 11273.469
18083.961 10638.822
17186.015 13021.480
18623.806 10429.331
16063.288 10340.898
17982.833 10548.744
17866.609 11851.686
18685.911 12717.368
18649.883 10913.772
18760.508 11744.849
17367.437 10853.411
17425.588 12553.352
16085.371 11455.471
16735.787 12635.185
17095.636 10426.932
16333.886 10311.243
17432.174 11719.285
17432.547 11756.605
17704.713 12087.663
17344.311 10488.090
16932.210 11729.972
17016.614 12228.322
18207.168 11730.784
18276.406 11175.287
17217.921 12645.122
16529.468 12503.605
17747.533 10873.590
17181.374 12980.832
16060.534 12720.112
18512.081 10608.252
17423.816 11841.097
16938.500 11404.152
18166.211 12170.994
16811.439 12874.058
17140.579 11332.193
17329.692 12447.612
16921.252 12006.745
18414.423 11033.265
18751.101 12441.725
18505.618 10402.078
18736.147 12036.741
16495.406 12762.612
16945.916 11087.928
16660.177 11166.226
18438.428 11301.902
16606.879 12666.769
18107.414 11737.920
16419.900 12526.483
16202.322 10788.196
16904.332 11885.954
16531.094 12248.248
17692.816 10589.164
16599.908 10928.826
16183.484 12450.409
16858.415 10928.697
16190.480 10465.545
18331.965 11295.475
18202.720 10811.047
17531.703 11380.204
17751.285 11213.844
17811.909 12701.650
16533.383 12985.762
18648.469 12532.080
17113.938 11814.516
16307.184 10428.524
18707.083 10880.854
17014.358 11069.918
17128.169 10841.860
18226.256 12611.954
17337.024 13035.995
17901.648 11846.130
16269.120 12140.648
17438.552 11900.179
17560.470 11771.998
18761.502 12418.503
16778.130 10428.186
16369.118 12790.161
18005.821 11901.101
18510.812 11136.756
16272.404 11770.452
18531.235 10579.567
18674.418 11517.824
17707.346 11496.049
17143.819 12626.664
18671.461 11338.194
17011.924 10638.418
16615.448 12822.070
16970.520 12597.233
16929.145 12484.011
18218.221 11593.124
17988.238 10333.183
17001.971 11082.456
18405.455 11420.414
16349.956 12857.702
18314.355 11627.823
17554.873 12655.169
16197.914 11560.167
16920.786 11576.011
16261.589 12346.694
18117.380 12930.549
17780.258 10714.965
17724.143 11679.736
16313.244 12135.805
16692.707 12091.683
16807.617 12706.306
16276.858 10397.034
18509.054 11704.952
18337.680 10554.077
16263.272 12953.670
16281.821 10803.603
18527.025 11040.194
17218.887 11643.368
16504.880 10715.600
17432.831 10584.223
16117.720 11947.413
17131.571 11772.646
18158.130 12009.247
16286.436 12227.739
16745.408 11994.115
16050.815 10462.129
16576.334 11682.838
18207.122 11307.348
16985.451 12248.989
16518.325 10326.004
18273.948 11313.970
16323.228 12977.126
18700.408 12061.687
16535.608 12712.610
17465.380 12475.378
16805.209 10653.877
17799.519 11445.892
18800.964 10374.291
16772.560 12783.943
17892.335 11040.339
16684.309 11600.421
16874.268 11891.986
17927.307 11256.440
17299.461 12417.093
17772.326 11365.148
17955.325 12848.754
17790.065 12206.345
17263.191 10967.213
18132.937 11303.086
18092.225 12032.905
16894.560 12296.965
17634.452 10702.191
18311.431 12313.234
17798.594 12587.236
16702.140 11670.912
16261.713 11868.226
16291.691 11545.333
17224.117 11071.855
17039.344 12080.108
17919.824 10662.471
18349.702 12747.534
17561.338 10782.928
17107.263 11645.382
17501.002 10326.487
16709.593 11479.263
18145.698 11704.443
18462.704 12009.668
17029.378 10336.149
16537.300 12898.901
17008.622 12703.114
17547.441 11079.363
16748.995 11819.371
18317.380 12133.382
18542.478 11200.810
17201.343 12654.488
17413.828 10648.383
16997.358 12787.950
16400.777 12469.928
16229.721 12805.347
18790.997 11534.173
17842.099 12350.078
17776.877 12743.491
17804.361 11911.319
18231.588 10652.013
17066.705 11376.022
17249.462 11107.544
18814.426 11931.051
17189.854 11113.260
16665.040 10711.798
17237.908 10751.231
18053.633 12535.775
18092.395 10671.893
18636.720 12053.007
16189.236 12991.567
18673.959 11297.057
17568.377 12250.837
16255.087 12166.104
16761.186 10812.055
18097.406 11299.983
18530.716 10633.444
17830.063 12061.433
18570.693 11241.650
17122.007 12503.110
18598.693 10306.923
17518.295 11574.311
18222.589 10296.872
16335.431 11530.482
16084.013 12647.998
18249.045 12039.025
17617.223 12650.737
18653.397 10800.651
16542.637 12979.369
16676.282 10898.425
16850.990 12356.056
17384.533 11658.273
18429.770 10446.935
16592.841 12184.719
16364.912 10716.324
17118.203 10882.559
16060.845 12876.364
16542.002 10932.211
16650.927 11287.737
17427.633 10482.870
16763.985 12909.965
16158.332 11961.495
17291.551 12331.692
16755.501 11687.735
16470.680 11122.345
17981.028 11007.855
18584.892 11057.916
16905.570 12726.397
18294.250 11143.783
17167.203 12422.199
17863.531 11212.668
17006.778 11972.711
18425.032 12878.871
18655.794 11127.195
18515.798 12966.252
16919.239 11770.594
18512.257 12366.604
16923.681 11501.247
16125.899 11933.341
16631.950 12534.071
17357.070 11349.144
17204.106 11361.488
17647.495 12740.087
17271.430 12684.431
16947.693 11955.019
17365.417 12477.563
18109.680 10975.393
16972.422 12048.922
17049.444 12631.340
16819.443 11544.897
18088.528 12884.855
17576.734 12659.285
18350.590 12514.827
16820.550 12991.024
17039.086 12477.949
16143.213 11165.119
17775.325 12309.004
17535.467 12362.315
17372.722 10345.178
18150.310 11088.441
17698.770 10898.854
17248.260 11759.936
16433.103 12512.742
16182.428 10330.773
16854.253 11493.479
17411.096 12250.519
16606.432 12565.880
17520.459 10439.361
16424.089 10671.207
16366.977 10617.686
16722.320 11768.525
17337.869 10349.295
16286.348 11283.500
16247.963 11112.892
16787.759 12327.963
18294.767 10624.478
17082.061 12198.576
17169.597 11865.132
17815.603 11429.155
16118.705 12862.524
17765.669 11148.236
18171.680 12442.181
16105.393 12293.860
18542.990 11087.923
17318.641 11880.380
16481.196 11723.560
16936.774 10596.552
18792.901 12140.326
18222.425 11325.988
17257.206 11827.309
16865.500 12512.270
17482.976 12260.216
16933.109 12837.229
18212.151 12813.773
18431.868 12509.920
18431.815 12540.694
17550.112 10912.832
18048.428 10437.989
18332.053 12353.667
17730.073 12112.338
18113.932 12597.569
17341.268 11487.786
16085.587 12585.248
16603.112 11703.358
17569.846 12010.393
16949.250 11733.671
17374.425 11894.434
16746.539 10382.560
17654.039 10349.896
18216.722 12235.598
17035.108 12939.379
17207.786 10888.681
18612.923 12188.697
17924.618 10606.390
16161.813 11866.910
17677.896 12641.623
17522.609 11421.400
16492.745 12793.570
18355.283 12004.668
17856.934 10977.062
16516.553 11037.086
17809.654 11931.255
17458.385 11234.028
17188.619 12928.053
18014.817 10397.182
17372.780 11920.865
16663.374 12838.415
16409.386 11323.793
16079.706 10979.506
16452.223 11937.513
16504.166 11095.657
17379.694 11878.177
16285.085 12837.607
18060.446 10489.419
18798.267 12805.048
16425.008 10419.641
18429.864 11554.584
18300.269 11008.542
16816.224 12084.596
16990.623 10714.758
17418.919 11680.569
17203.934 12004.512
18477.515 11041.980
16667.008 10638.207
16288.887 10823.076
16808.287 10523.710
18302.971 11971.575
18433.790 12095.740
17009.638 12068.141
17397.484 10503.000
18748.100 12451.512
17514.397 10421.216
17662.754 12721.651
17268.996 11661.993
17759.855 11281.091
16075.335 11229.394
18193.802 11817.440
17442.671 11749.006
18769.701 10595.481
17784.732 12735.668
16476.677 10311.788
18169.142 10870.513
17607.251 10620.848
17994.422 12724.527
16929.021 12234.770
17293.497 12503.439
17590.604 12339.674
17467.702 11281.491
16485.088 10902.776
17189.245 10538.301
18657.003 11416.315
17352.569 12095.499
18223.885 10850.714
18387.247 11253.658
18465.763 12400.775
17278.114 13022.404
17868.075 11785.026
18765.289 10842.413
18184.653 11124.261
18578.725 12033.494
16588.060 11514.400
17202.004 12666.092
16944.775 10958.043
16916.619 10857.075
18724.356 10651.667
16056.181 11896.105
16826.261 12373.242
18730.038 12126.783
16820.222 11339.559
16560.245 10424.513
18111.980 11529.935
17741.437 12872.082
17403.158 11245.717
18195.493 11104.000
18298.638 12006.295
16553.773 10907.190
18280.056 12202.221
16823.813 11055.447
17003.087 12090.267
17892.854 11648.798
16615.700 10605.036
16335.957 12951.609
16421.202 12080.731
16183.999 12098.299
16694.508 10752.228
18201.333 11741.162
17734.849 11966.220
17957.477 10552.670
16323.483 10998.194
18175.323 10855.557
17128.112 12947.223
16361.952 11747.856
16245.140 11721.091
16981.661 11096.171
18298.831 10606.663
17501.900 11717.262
18734.495 12103.687
18107.761 11648.541
18130.475 12416.172
18778.356 12222.923
16486.812 12556.669
17668.835 12719.233
16222.512 10732.676
18658.433 11849.865
17459.614 12161.333
16339.358 12777.767
18106.275 11963.469
18800.434 10381.326
17732.274 11063.691
16543.399 11455.402
16781.746 12172.068
17021.057 10304.039
17494.623 11797.703
16622.035 12025.358
17960.266 11014.984
17094.835 10511.253
18304.252 11370.273
18037.669 10694.436
18410.274 10474.869
18321.697 10561.420
17930.858 11284.848
16610.695 12931.682
18186.893 12675.011
16803.463 11553.285
17046.548 12025.277
16116.893 11147.264
18761.557 12322.138
18472.076 10969.500
17347.203 11248.986
16194.080 12582.998
16941.931 12503.939
17784.773 10601.153
16437.409 12138.135
18032.589 12929.360
17053.669 10468.692
18580.517 12860.601
16158.091 10303.293
17761.870 11555.984
18454.596 10679.053
16207.811 10458.240
18203.877 11684.164
17463.955 10395.180
18475.410 11625.817
18784.133 11869.862
18653.968 10919.855
18649.615 12320.278
16305.229 10355.795
17848.254 11103.863
18191.364 11727.975
18102.915 11326.622
17818.060 10500.071
18778.625 12122.113
18600.579 11633.587
17384.843 12526.876
16164.479 12979.642
17270.202 11805.195
17101.608 11713.202
18088.631 12763.425
16968.040 12393.892
17994.643 12700.537
17350.693 11733.479
16990.562 10407.890
17195.124 11572.943
16727.283 11818.857
18631.240 12930.668
16554.786 10409.230
16451.784 12750.052
18574.219 11966.487
17648.687 11638.782
16691.659 11148.550
18044.123 12476.281
16402.275 11187.706
16830.429 12976.195
17245.493 12575.869
18633.175 11875.739
16583.756 10585.505
17734.938 12064.448
16507.205 10883.279
18019.144 11203.196
16180.910 10328.968
18587.795 12081.705
18601.883 12452.121
16770.719 11212.841
18097.499 11663.358
17807.026 12999.218
17466.287 11770.302
18260.125 11842.986
16822.356 11586.208
17668.546 12447.207
17746.292 12936.031
17600.936 11397.986
16397.994 11698.754
18192.983 11338.069
18164.767 11687.231
18677.511 10432.776
18139.631 12699.292
16121.808 12676.066
16076.359 11760.355
16364.828 11708.234
17823.082 12088.627
16048.085 12502.853
17459.693 10451.252
18403.725 10981.648
16689.622 11917.144
18242.677 11021.206
18447.580 12719.740
18682.212 11791.348
17715.442 12727.201
16726.322 11129.821
18446.465 11093.726
18047.449 12389.136
18599.239 11195.378
16049.155 12137.276
18659.859 11848.920
18206.565 11498.320
17469.078 12329.484
17308.073 11940.371
16851.469 12552.166
16097.985 11533.614
16302.514 10790.156
17254.984 11249.182
18326.445 11495.039
18492.805 11103.219
17695.693 11419.332
17631.956 12169.298
16657.670 12604.559
17903.942 11452.284
18240.757 12119.053
16732.396 11239.933
16495.855 12158.824
16979.142 12329.155
17180.019 11392.743
17988.739 12223.725
18384.260 12553.133
18630.239 12306.636
17201.832 11440.356
16844.070 12183.313
17840.616 11099.879
16999.293 12210.694
17025.712 12874.214
16666.219 10570.525
17000.430 11484.184
17799.359 10411.399
16056.223 12985.024
16407.176 10354.025
17060.611 10947.956
16936.748 12366.444
16176.105 12163.593
18402.457 10817.786
18126.478 11151.745
18063.488 12848.257
18323.509 11547.247
17866.824 11606.436
18390.421 11481.563
18801.760 12131.163
17606.417 12137.994
17134.227 10451.873
16545.543 12362.694
17524.372 10436.162
17898.572 11776.270
16514.821 11424.300
18299.914 12549.731
16510.604 10344.589
18199.569 11728.877
16122.019 10578.427
18030.297 10417.842
17459.541 10829.664
16277.338 11648.855
18660.492 12629.148
16999.575 12938.746
17007.944 12977.817
18643.308 10948.432
18328.548 10716.660
18145.853 13007.044
16182.711 12485.867
16449.667 11156.940
18099.390 11246.085
16094.240 11796.668
17994.513 11088.506
18195.245 11118.943
18180.282 13010.699
17356.088 11124.618
16242.776 11023.017
16236.456 11556.449
16610.540 11199.618
18279.407 10500.674
16392.922 10972.161
16271.590 12864.788
17821.222 12393.447
17354.641 10775.637
17201.424 10839.022
16407.848 11002.887
16402.462 12140.388
18010.814 10346.894
16972.313 10608.718
17219.096 12121.762
16357.641 11370.730
17085.969 12894.850
17763.253 12828.326
16593.267 12101.227
16620.331 12977.561
16628.642 12360.065
16276.785 11835.569
17942.227 11336.880
17898.442 10501.934
17468.182 11746.680
17338.430 11607.601
17428.277 11628.968
17524.506 11476.421
18790.624 11876.817
16283.295 12253.239
17985.323 10894.699
16088.635 11600.695
16253.520 11528.012
18057.224 10899.254
16959.246 11055.768
17886.020 11109.275
17498.154 10433.821
17635.506 13013.149
17468.323 13051.341
18420.836 10868.957
16796.206 11000.917
17773.950 13002.179
16092.687 10454.343
18754.939 11214.845
16354.716 12384.800
16579.031 12650.333
18225.224 10930.945
16742.895 10546.176
17781.839 11217.124
16498.896 11589.476
16405.572 10828.769
17829.657 12086.833
17813.197 11153.684
17434.280 10952.883
18133.422 10715.040
18102.352 11036.536
16935.213 12256.175
16290.719 11225.892
18531.732 10526.041
16067.230 11873.492
17463.009 12365.088
17235.563 11517.841
17464.258 11761.719
17583.210 10976.462
17669.139 10566.374
17330.277 10367.591
18056.818 11436.772
18567.873 12101.576
16943.137 10912.905
16426.217 12563.500
18173.213 12520.113
17966.139 11286.336
18119.413 13021.239
17352.050 11357.158
17074.078 11077.027
16429.944 11424.926
16454.455 11367.182
17451.079 11075.928
17628.430 11291.947
18756.205 13013.076
16637.995 11224.461
16138.348 10729.912
17511.860 11522.939
17504.985 11544.413
17032.040 10569.361
16346.952 11936.026
17863.033 10475.716
16554.130 10373.588
18155.326 10481.692
16171.514 12225.806
18696.868 13047.299
18087.395 12925.229
17242.354 12507.846
18181.451 10844.637
18710.623 11682.885
18309.512 11527.652
17635.206 12161.003
17790.885 12944.507
17199.793 12479.733
16094.654 10455.906
16347.954 10879.018
18319.640 10983.269
17528.323 12749.382
17812.596 12978.805
16553.621 11161.174
16134.204 12034.015
16433.984 11410.571
16846.717 10568.426
17159.704 12267.415
18759.266 11128.540
16585.067 11091.524
16245.750 12606.411
18253.193 12142.101
18677.937 12506.203
16603.350 11552.867
17372.102 12109.971
17514.800 12399.238
18219.387 12618.527
18220.961 11999.479
17004.524 12428.163
18500.397 12716.322
17328.207 12128.104
16592.093 11394.512
18400.065 10419.988
18715.498 10385.430
18821.735 12936.786
16249.362 10907.981
17281.183 12641.547
17834.690 11582.718
17687.656 11176.230
17885.709 12378.735
16114.029 10547.526
18197.224 12924.801
17318.216 10860.793
17761.029 10632.675
16732.596 12292.884
17924.408 13023.409
16624.751 10973.018
17022.326 11518.482
16260.927 12783.240
16324.976 10940.345
16436.118 10848.841
17586.193 12158.177
18640.210 10621.519
17675.266 10520.305
17040.672 10988.977
16426.535 11620.524
17293.016 13014.757
18489.150 12216.917
17134.221 10585.369
18599.265 12371.657
17946.243 10625.828
16460.524 11662.412
18107.602 11925.384
18333.198 12023.487
18042.273 10760.328
17609.158 10611.260
17069.937 11039.399
16299.272 10406.481
18168.762 11066.806
17526.197 11686.079
18169.938 12527.459
17397.848 10974.979
18345.100 11327.884
16936.002 11376.357
17448.941 11871.142
18593.321 10390.696
17501.521 12160.280
17192.400 10447.934
18539.115 10301.822
17373.099 11552.454
16590.260 12519.346
18464.988 11681.097
16885.354 12306.484
17858.211 12829.236
17251.195 11444.326
17412.813 11727.785
16212.628 10763.743
17521.143 11376.137
16400.745 12737.959
16356.672 11995.702
17944.643 11895.556
16201.780 12876.655
17058.113 12963.761
17931.928 12532.152
17934.937 12120.232
18315.830 12796.988
18578.948 12102.384
18032.440 11940.713
16925.129 11434.974
17036.256 10636.599
17583.648 11216.438
17617.579 11222.620
17125.468 12547.179
16960.151 10340.654
16271.619 11217.622
18338.733 13043.863
16960.799 11897.342
18655.955 11854.031
16800.068 12611.340
16827.279 10731.796
17555.538 12432.292
16898.380 12749.795
16623.210 12768.009
16179.132 10350.715
18044.332 10389.674
16127.718 12962.063
16744.740 11486.404
16373.407 12611.143
16308.838 10591.166
17381.024 10697.492
18658.155 10591.532
17416.829 11183.302
18064.339 11583.288
18064.804 12317.930
16557.538 10586.794
18079.081 10352.105
17342.298 12728.791
16178.320 11187.655
18038.159 11221.815
18524.954 12907.649
16418.100 10780.132
16997.167 12293.279
18050.994 11727.347
17206.569 10904.127
17231.793 12476.464
17300.130 12988.920
17637.880 11138.335
16910.164 11718.372
17038.867 10590.690
16048.549 12478.033
16872.305 12819.137
18435.051 11357.678
18372.192 12297.383
17104.932 10605.311
17528.724 10790.431
18481.456 12053.999
18590.387 10936.460
17004.388 12035.636
17088.290 10631.048
17264.129 11534.025
17396.386 11603.383
16109.421 12527.601
18054.010 12956.370
18549.624 12253.093
17858.107 12233.605
17389.809 11511.104
17432.556 11124.557
18702.895 10701.812
16574.399 10844.222
17428.326 12276.358
18098.131 12467.537
17026.053 11294.606
18262.153 12414.131
16706.435 12119.836
17708.144 12618.807
16686.034 11271.441
18036.802 12653.837
17501.349 11038.360
18496.893 11883.003
16647.855 11485.270
16259.174 12196.924
17129.385 10728.912
16856.553 12550.575
16047.501 11597.008
16999.455 11039.591
17744.966 12689.661
17987.689 10897.810
18651.393 11658.684
16831.404 12113.123
18758.615 12320.941
17668.846 13016.639
18595.416 12515.748
17806.307 11404.493
18104.223 12937.723
18405.023 11019.911
16387.098 11465.376
16713.215 12218.544
16632.509 10882.959
16048.246 12759.371
16649.761 11752.356
16914.783 11237.108
18387.793 12413.426
16787.380 12751.429
16934.942 12305.242
16915.433 12536.053
16429.430 11577.032
16506.200 12823.147
16778.473 10814.809
16331.800 12982.736
17039.113 12321.114
16954.828 11449.504
16601.612 12295.346
17080.182 12273.091
17447.015 10576.268
16495.941 12257.506
16312.570 10684.011
17635.958 11269.678
16759.086 12894.553
17083.271 12316.074
16961.298 13000.169
18679.755 11655.523
16115.045 12386.189
18041.682 12176.621
18781.117 12968.380
18508.074 11419.895
16322.675 11827.150
17617.694 12199.988
17759.464 13027.942
18572.578 11925.049
17914.749 11579.519
17954.362 10297.302
18801.368 11154.057
18213.709 11513.955
17035.923 12682.372
18641.173 10772.821
17664.617 11181.513
17324.920 12132.534
16500.801 12801.639
18418.497 11181.355
16778.449 11767.363
17260.931 12862.462
18414.454 12540.496
16612.585 10432.911
16793.977 10801.411
18133.231 11400.079
16049.333 11885.595
16616.683 10327.701
18349.189 10446.752
16113.545 12392.143
16574.786 12451.747
18083.559 11698.336
18142.576 13007.676
18021.766 11404.249
18301.774 10850.675
16472.035 11941.538
17237.860 11421.838
17414.337 12938.569
16721.448 10993.299
16291.698 11554.355
17173.126 10558.969
16709.281 12406.893
16499.309 12422.157
18653.920 10756.037
16083.251 11926.625
18570.287 12645.760
16297.188 10560.322
16374.912 10386.710
17313.484 12193.580
18645.165 12889.250
18763.891 11692.263
16634.876 10854.703
18784.391 12863.616
17405.963 11306.278
17594.090 11236.939
17033.819 12751.551
18308.304 10480.210
16995.931 11997.668
18268.955 12158.564
17384.002 10842.808
17839.602 11676.730
17626.376 12727.133
17677.665 11841.548
18640.506 10543.243
17799.183 12556.070
18699.200 12841.754
17506.169 12654.892
17545.511 11322.671
17838.348 12157.846
16263.434 11026.551
16506.499 11138.259
18503.885 12558.184
17472.979 11817.647
16960.490 10638.523
18485.860 12042.898
18313.575 11130.441
17020.784 11900.945
18381.105 12310.249
18782.113 11794.803
17149.238 12364.631
16251.854 10543.539
17349.944 10565.675
16850.233 12000.715
16729.498 11880.418
18342.178 12904.728
17047.637 12105.760
16353.470 10704.362
17785.489 10302.508
17850.475 10860.739
16929.092 11733.082
17523.173 11053.624
16746.647 12462.624
18675.272 12349.075
17954.364 12096.598
18508.582 12587.442
18361.688 12271.257
16549.209 11107.003
17384.089 11306.109
18604.202 11958.533
17010.822 12238.643
17383.415 12033.224
16568.746 11974.433
17155.457 10951.866
18094.522 11792.898
18078.917 10886.742
17167.491 10770.994
16223.471 10871.364
16505.595 12512.637
17265.778 12165.324
17277.033 12715.609
17327.536 12061.860
17084.435 10527.029
17176.846 11793.725
18010.732 11239.073
17371.305 11646.863
16342.578 12955.316
17627.509 11607.198
16980.668 10317.038
18390.939 12482.172
17544.824 10769.254
16135.036 11720.436
16335.314 12989.526
18040.281 12669.426
17373.877 11227.099
16379.134 10819.622
16199.585 11490.709
18207.600 12635.079
18432.749 12560.129
17668.838 12041.663
17748.711 10964.949
18608.682 12268.198
18814.075 10599.991
18448.261 11864.153
16176.715 11782.710
18112.716 11282.359
17447.980 10523.180
16071.557 12542.855
18378.338 11521.681
16703.409 11177.930
18379.195 11672.483
16093.865 12115.153
18470.912 11284.061
16317.673 10820.738
16875.933 10568.266
18187.902 11830.834
16675.574 12304.665
17603.947 12510.797
16190.712 11294.051
16718.473 12259.211
18071.689 10342.101
16106.783 12080.226
17147.585 11481.647
18115.576 11460.882
16332.790 11259.336
18089.214 12515.349
16357.200 11292.107
17010.621 12343.887
17821.055 11754.105
18711.940 11336.534
17234.771 11633.617
16390.950 11718.083
17720.891 11157.019
16719.625 11772.708
18562.012 12511.543
16326.915 11613.901
16861.008 10890.048
17597.898 11498.681
17344.085 11549.533
17390.787 10687.792
17408.252 11512.576
16503.228 10632.773
16190.187 12782.434
18364.684 10634.163
17461.331 10903.331
16395.632 11528.143
18553.517 12261.402
17684.288 10781.798
18489.240 11485.267
17143.282 11983.552
16739.544 12548.327
17917.123 12190.759
17380.497 12683.750
17795.013 11226.336
17694.037 12741.680
16356.846 11352.182
18216.164 11790.932
17723.384 11757.634
17758.511 12664.650
18087.742 11227.781
17654.296 11239.657
18333.318 12141.285
17300.334 11709.012
16065.471 11530.706
17471.704 11092.182
16090.588 10404.783
16431.101 10380.426
16413.309 12742.516
18791.354 12196.636
16912.662 11263.875
17690.000 11618.722
16663.354 11230.812
16770.381 10300.303
18365.336 12930.202
18263.762 12503.148
18340.582 11656.210
16803.865 10682.381
17104.300 11956.955
17894.202 10823.949
18746.298 12848.077
17675.599 12186.099
18606.654 12916.182
16095.311 11123.513
16612.948 12622.612
16275.617 11420.837
18396.357 12579.881
17474.745 12877.201
18608.835 11521.146
16610.338 12262.953
17903.614 11210.772
18256.275 12357.538
16656.220 12909.049
17335.467 11052.824
17373.876 10804.980
16544.462 12773.477
18655.343 10499.017
18739.445 12002.934
18056.147 12357.094
16153.880 11732.672
16857.401 10653.096
17158.554 12312.389
16277.447 11903.645
18450.650 11327.012
18509.322 11555.085
18576.923 11110.108
17778.748 10910.292
18028.853 10479.931
16331.574 12071.115
16614.540 12855.436
16372.244 12495.069
16621.736 11618.518
17589.449 12165.680
17196.446 12856.528
17667.745 10739.352
18095.817 12986.957
17905.340 12518.847
16049.525 10907.280
17618.092 11268.106
17073.923 10315.720
16773.068 12151.027
17798.649 12464.785
17987.109 10896.654
17834.227 11759.688
16159.691 12300.772
17101.603 11534.955
16121.356 11490.602
17587.088 11430.805
18179.373 10829.184
16769.021 10936.008
17741.832 11106.492
16717.766 10503.633
16403.791 12037.543
18445.036 11291.167
17023.359 10307.281
17020.177 11263.483
18292.279 11267.692
16319.946 10789.110
18694.058 12109.889
17376.333 10874.889
18248.967 12633.682
16114.400 11741.177
17836.211 12995.806
17824.437 12855.991
17621.647 12068.190
17441.031 12378.812
16610.330 10857.018
18585.499 12493.622
18761.762 12728.449
16269.517 11163.953
17987.269 12351.771
16571.324 12927.498
17104.664 10968.887
18444.393 11182.527
18697.380 10505.731
17772.174 11988.717
18656.134 11578.050
17523.632 10749.992
17529.259 11035.997
17662.649 12528.468
17363.001 11374.831
16545.989 12578.007
17122.521 11415.635
16503.797 10842.937
16812.567 10964.131
16378.153 12650.928
18254.548 12243.375
18193.529 10862.310
17745.576 11272.755
17980.972 11922.456
17296.222 10676.268
16697.785 10523.442
18792.027 11949.767
17912.777 12160.427
17478.037 12848.126
18336.262 11288.673
17992.311 10927.000
18742.561 11942.451
17716.050 11278.083
16088.046 12271.666
18018.300 11095.742
16378.699 11736.805
18576.299 12862.880
18253.021 10591.866
16401.383 11647.369
18301.850 12173.524
18171.944 12417.140
16897.938 11178.463
18080.795 10928.724
18255.677 12835.018
16244.824 12778.142
18244.427 11950.804
18783.737 11588.604
18649.896 12878.280
17528.412 11787.860
18425.759 10778.587
17659.568 12600.106
18549.681 12997.579
18360.542 11181.448
18328.001 11398.983
17713.935 10743.135
17168.236 12709.851
17852.234 12532.827
16113.749 11873.119
17229.724 11280.115
18296.708 10556.957
16327.913 12104.132
16433.626 11091.357
16979.221 12748.919
18223.473 12311.196
16634.326 12528.638
16880.103 11186.054
17687.940 10761.524
17158.159 12838.219
16996.750 10928.169
16206.764 10763.536
17529.203 10888.476
18088.471 10499.967
17674.616 12389.167
17818.614 11856.414
17289.806 12676.497
17854.285 11243.232
18081.704 12502.967
17173.530 12706.712
18217.218 12334.901
16461.012 12845.413
18033.176 12203.976
16754.421 10365.188
18006.155 12692.761
17427.278 11256.014
17334.991 10996.352
18708.165 11523.942
16971.027 11269.473
18164.571 10450.352
17462.500 12295.132
17265.561 12650.160
16813.930 11095.916
17840.594 11838.646
16204.713 11906.685
18357.740 10798.996
18324.989 12951.130
17434.280 12146.317
16935.531 13054.780
17067.110 11109.271
17125.127 10915.733
16738.615 11069.891
16064.909 10324.552
16866.425 12304.343
16974.282 12267.846
16877.897 11622.209
17173.718 10903.973
18672.797 11873.393
17009.978 13011.402
16540.302 11573.966
16309.347 12631.205
17052.227 11282.299
18026.111 10692.293
16195.058 11430.802
16985.306 10456.762
16709.829 12915.760
17217.264 12329.479
16830.213 11332.520
17514.424 12847.104
16951.866 11315.908
17568.888 11586.436
17086.849 11517.188
16299.874 12229.246
17331.292 12273.629
16811.826 10777.091
17429.139 11191.218
17496.752 12375.245
18081.467 12716.943
18312.725 11498.264
16961.417 11381.371
16309.901 12038.724
18372.929 12315.322
17475.204 10637.239
17862.189 11757.334
17948.230 12086.117
16148.387 12868.997
18567.889 12964.687
18324.802 10630.260
18044.166 12427.651
17305.255 10488.562
16867.859 11791.644
16714.300 10667.813
18215.731 12544.988
17290.680 11217.494
17066.746 10686.487
17083.813 11275.513
17022.136 12433.520
16969.631 12018.872
16536.493 12152.980
16686.553 12167.280
16297.507 13064.311
17831.969 12353.264
17341.538 12403.757
16296.518 11325.865
16362.801 12039.240
18304.008 11811.522
16749.565 12729.423
16582.919 11698.682
17359.456 12805.490
16732.167 11886.761
16347.208 10748.996
18440.473 11954.967
17987.910 12891.136
17355.862 10636.589
16076.573 12762.532
16381.457 11738.394
18542.482 11166.954
17676.722 12299.278
16059.661 10483.343
17552.575 11792.105
17990.726 11227.753
17077.549 12188.037
16718.182 12228.874
18627.493 11488.817
16969.327 10541.870
18012.957 12201.399
17475.263 12387.243
16789.667 11401.355
18643.954 10923.417
18728.384 10892.836
18698.345 12887.187
16300.709 12559.556
16887.709 11749.808
18135.984 12400.925
18569.472 10727.301
17968.024 11845.530
16150.948 11803.865
18787.480 10425.118
18255.127 11187.833
17817.009 11751.876
17097.222 11884.482
16330.398 10514.151
18521.184 12611.064
16658.503 10758.186
18702.020 11047.707
18570.210 12415.896
16792.556 12594.534
17734.077 11419.884
17412.706 10417.298
16731.429 11656.776
16849.534 11528.112
16051.856 12179.777
16320.186 11468.097
16844.875 10615.358
18205.922 12583.417
16792.825 10679.552
18211.139 12498.928
17699.944 12626.369
18580.321 10345.037
18263.723 12667.976
18707.169 11583.164
18706.947 12867.731
18274.955 11959.626
17510.995 12240.333
17550.159 12780.777
18223.323 11148.363
16460.414 11085.239
16365.217 10369.775
17926.549 10839.998
18485.758 11692.203
17289.699 12430.344
16843.554 12699.461
17538.659 11988.500
17083.830 11930.474
16771.997 13019.752
16886.972 11530.998
18522.022 12569.026
17294.305 10775.212
16521.437 11097.346
17169.711 10774.319
17644.608 11574.696
17503.502 10594.088
16047.093 11049.832
16391.133 10991.968
18319.593 12438.804
16824.658 12813.197
17034.736 12654.697
17277.433 12314.437
17599.265 11647.819
18419.666 12403.256
18352.250 11151.888
17413.173 10701.819
18527.330 11881.560
16464.792 12111.669
16174.613 11178.706
16053.756 12603.573
16395.721 10551.297
17805.325 12115.897
18646.450 12696.833
18673.322 12528.433
17536.281 11961.495
17629.490 10747.289
17410.801 12858.905
16768.018 12480.068
18359.353 12656.359
18349.732 11602.121
16444.164 11327.908
17483.081 11455.754
16139.683 11862.751
16898.664 11375.324
16968.883 12098.406
17540.375 12089.391
17347.144 11886.836
17941.414 11861.085
17194.223 12418.890
16242.383 12952.640
18587.550 12060.904
18562.226 10748.630
16688.200 10451.424
17801.772 11028.484
16786.301 10417.990
18765.641 12233.747
18367.667 11022.176
16613.063 10684.019
18596.492 12786.259
18643.589 11254.511
17740.065 10529.478
17911.668 10575.453
16799.072 12373.109
18236.557 12356.977
17124.855 11015.095
16275.433 10919.336
18346.992 10754.774
18743.735 10967.508
18792.120 11890.518
17484.658 10989.887
16197.429 11898.953
17722.779 12027.856
17000.806 12551.074
16971.431 11306.809
16544.585 12938.160
18007.519 12791.350
17092.301 12963.505
17622.742 11581.315
18276.913 13050.453
17377.845 12418.556
17196.315 11149.533
18051.249 12998.154
16288.219 11904.052
17421.020 11614.967
17311.130 12565.833
17751.219 12038.199
18811.860 12681.401
18678.716 11977.132
17593.763 11145.616
17360.059 12085.977
17399.615 12954.768
16950.259 11640.313
16458.229 10460.007
16260.443 12040.504
17177.370 10896.760
18680.074 10404.122
17914.659 12149.201
17183.513 11033.057
17522.408 12521.291
17220.614 10523.051
17594.256 11821.063
18040.817 12558.158
17270.094 12692.540
18010.478 12697.595
18455.102 12693.618
16663.485 11628.321
18180.932 12417.236
16198.525 12348.264
16077.092 12213.078
16758.264 10816.887
18154.554 12811.842
16575.227 11134.531
17408.525 11635.412
18393.312 12252.013
16262.197 11379.237
16757.130 12423.660
16958.143 11879.325
18480.294 12346.992
18631.503 12912.488
16602.901 10796.143
16611.063 11640.776
17369.020 12820.513
16739.774 12982.014
17602.625 12796.413
16850.512 13014.769
16090.251 13012.237
17335.411 11007.006
18450.915 11495.666
17029.339 11582.794
17995.101 11128.091
17432.347 11544.565
17664.671 12240.047
18566.702 12660.351
16458.858 10515.256
16281.251 11109.050
16300.982 11571.873
17298.123 11581.878
16899.325 12432.746
16225.940 12641.466
17388.879 11094.323
18649.764 12087.565
18278.492 10625.038
18321.690 12394.862
18562.797 12868.536
18679.735 10662.019
17107.052 11155.349
18805.041 10587.698
16196.594 12455.917
17641.632 11356.041
17443.614 11075.386
16425.093 11256.969
18585.357 10362.889
18233.348 12060.099
18249.860 11255.099
16883.358 11140.752
18749.685 12350.520
17211.412 11169.080
16058.413 11338.151
16638.664 11403.104
16307.156 11891.274
17885.677 12315.771
17233.568 11696.984
18503.693 11251.671
18386.621 11046.507
16995.581 11593.868
17868.035 12960.596
17278.491 12714.967
17031.657 10339.446
16431.639 11691.486
17985.264 10425.121
16395.532 10709.740
18141.697 11098.966
17728.816 12158.813
18112.046 12640.849
16609.703 11498.025
17211.734 11749.388
17320.912 10942.865
17280.181 12793.918
18782.967 11396.351
18412.091 10548.925
16831.259 12975.966
18629.521 12697.665
17183.061 12772.191
17262.482 11709.330
17874.533 12468.927
16745.493 10982.967
17190.713 10754.983
16792.208 10733.535
16819.934 10893.392
18354.152 10352.424
17910.088 11106.374
18447.067 12859.930
17177.063 11736.535
18648.390 12183.850
16716.261 10302.920
17143.073 10578.672
17560.532 12871.799
17807.423 10295.785
17294.910 12575.787
17314.676 12416.049
18766.348 12919.397
17488.612 11710.043
17499.678 11558.810
16107.108 11502.441
16971.848 12846.810
17230.775 11303.181
17330.913 10350.128
17373.263 12809.242
17001.987 10757.251
16563.265 11662.253
16849.283 10668.085
18751.011 11641.473
16751.731 10821.254
16554.721 10853.480
18798.328 11746.396
16958.176 10598.433
17197.465 12135.109
16720.819 12414.749
17116.493 12865.226
18282.764 10999.972
16710.515 10560.013
16508.921 10396.752
17808.852 10472.243
18211.318 11770.420
17919.930 12467.546
16610.280 11726.055
16359.383 12664.448
17491.950 11781.517
17573.299 11095.666
18620.405 11273.875
17979.188 12698.954
18583.113 11360.381
18543.517 12618.169
18150.982 10588.282
17186.881 11321.040
17206.428 12249.358
18086.687 11928.536
17498.745 11658.182
16480.998 12923.021
18790.876 12549.569
18275.463 10660.546
17526.151 10462.872
18223.482 12871.283
18675.370 11379.646
18366.802 10690.002
17424.347 11307.609
16073.599 12945.387
18641.483 12531.296
16827.715 11901.031
17581.162 10995.143
16575.842 12402.919
17523.860 11325.520
18172.002 11108.149
16531.879 11338.327
18267.259 10358.649
17138.126 10569.087
16109.079 12063.322
18739.609 12157.496
18593.110 12949.210
17891.133 11813.847
17627.426 12389.231
17366.674 10618.271
16395.063 12612.250
17998.574 12767.455
17939.296 13045.789
17541.046 10407.637
16789.498 10422.353
16114.765 12857.664
16302.787 10322.950
17749.190 12099.641
16648.586 11414.424
16944.407 12994.034
18755.262 12097.085
18120.561 11287.080
17293.663 11856.734
16353.127 10938.147
18460.456 12100.233
16528.497 12059.469
18436.389 10672.404
17197.358 12206.300
18025.697 11330.986
18386.926 11456.974
17444.451 10801.170
18696.804 13003.219
16672.619 12076.214
17412.062 10932.898
17683.263 13043.493
16533.503 10708.382
16506.056 10454.826
18796.366 11349.253
17199.276 11467.135
18037.970 12329.610
16606.578 10680.674
18501.028 12342.789
17229.501 12215.531
16371.537 10766.897
17080.389 11811.894
17144.961 11486.641
16466.588 11744.158
17381.710 10877.655
18435.235 11674.745
16856.092 11676.159
18473.887 12482.215
18734.499 12790.659
17606.964 10695.490
16957.453 10745.939
18362.796 12288.568
18802.918 12487.901
16705.732 11127.243
18318.343 12134.679
18590.244 10605.974
17094.211 11887.700
17398.803 11429.107
16798.471 10527.692
17189.523 11083.215
18373.804 11036.899
18130.540 12846.794
18462.130 12078.210
18377.149 11359.992
17225.198 12687.921
17914.159 10353.940
18631.591 10553.536
18124.638 10365.507
16961.148 10595.950
17999.171 10741.807
17731.639 12667.431
17057.133 10339.350
18596.687 10601.941
16920.694 13013.883
16823.533 11315.316
18217.023 12709.202
16483.265 11251.155
18186.426 10744.374
18239.912 12008.004
17308.149 11008.546
18328.530 12458.996
17246.122 12961.595
17549.476 11264.678
16789.791 10391.697
17971.544 12011.816
17056.633 12195.630
16161.477 12774.315
16393.387 13037.721
17805.820 11310.512
17873.663 12376.842
18669.746 11125.454
16119.588 10495.750
16305.503 12515.809
17106.237 12126.311
17296.539 10900.507
18447.404 11537.590
17063.347 12733.662
16768.467 11778.053
18582.677 10424.065
16465.713 12513.776
17351.483 12113.936
16427.051 12313.286
18801.254 12108.898
16264.864 11924.111
17098.030 12999.152
16758.519 12883.486
16780.422 11207.008
17170.445 12749.662
17153.294 10952.268
16247.190 10803.266
18251.970 12492.068
16653.275 12230.075
17708.112 11739.202
18034.721 11995.783
16354.039 11600.642
17968.056 12048.414
16573.194 10944.690
18665.842 11046.822
17451.849 12187.254
18484.259 11220.512
16166.400 11361.730
17750.653 10661.041
18555.324 10738.468
18541.281 11772.904
16607.307 11262.161
17163.026 10985.773
16259.546 12751.684
18585.702 11941.503
17650.318 11088.897
18045.079 11761.387
18110.208 11209.030
18649.680 12987.917
18264.240 11091.846
17647.145 10446.407
16552.927 12179.645
18381.407 11344.967
16708.984 11721.088
18578.891 11978.623
17167.257 11712.634
18243.341 11886.376
17794.452 12375.249
16828.598 12782.470
17957.103 12648.307
17151.919 13023.441
17310.972 10840.036
17252.926 12514.408
17076.462 11033.466
18382.897 12386.568
16071.962 11153.494
17969.445 12659.437
16751.241 12815.479
17507.000 10975.363
17637.428 11947.331
16253.530 12378.312
16274.777 10461.899
18061.868 12041.282
18789.935 12822.911
16735.915 11377.610
17477.471 12261.392
17728.068 11145.811
16053.583 10468.623
16450.569 12947.613
16357.875 10757.503
18162.579 12228.966
17579.150 10361.677
16865.437 11237.380
18514.906 12093.943
17450.052 10630.883
18001.335 11461.788
16566.417 11371.526
17042.197 10473.431
16415.210 11053.061
17572.602 11976.902
17047.384 11845.003
18069.424 11801.692
18607.734 11089.458
17936.860 12724.472
16556.336 11508.910
17477.394 10444.900
16402.168 12776.674
16160.679 10876.756
16193.383 11597.111
18392.506 10835.909
18339.460 11055.111
18181.952 12101.166
16335.978 12839.089
16134.960 11989.196
17609.873 10789.171
16188.826 12632.290
18008.956 10344.314
16052.889 11955.350
18323.365 12589.818
18106.131 11151.064
16435.197 11998.693
17070.548 11629.108
18568.225 11174.064
17055.507 12804.990
16102.134 10854.553
18067.749 11032.396
17864.336 12405.531
16925.999 11168.844
16735.469 11144.386
17809.210 12089.355
18695.269 11547.496
16491.715 12816.402
16655.284 11443.619
17606.508 11726.011
18421.792 12754.383
18176.874 12441.127
18331.809 13071.264
17016.225 12543.660
17028.272 12863.527
18180.881 11744.305
16690.956 12707.782
16431.730 13042.614
18400.344 12382.040
16128.668 12816.659
17692.901 12128.176
17403.223 12655.220
17894.131 10755.183
17051.346 10532.849
16203.459 10745.746
18801.309 12131.925
16942.310 12933.434
16599.064 11691.187
18026.527 11342.952
16096.991 11017.848
17589.479 10859.303
18590.837 10526.870
17742.900 10373.637
17208.074 10311.454
18281.330 12355.037
16988.557 11770.129
18119.830 11073.495
18457.031 10740.951
16410.246 11206.493
17425.311 11252.826
17386.824 12584.739
16620.886 11151.426
16093.091 12179.952
16316.471 12936.773
16500.690 12586.828
17512.749 11750.649
17483.834 11112.274
16524.996 11271.095
17880.115 12991.166
17110.566 11056.062
18120.547 10923.025
16175.176 10965.537
17312.282 12655.774
18137.074 12855.006
17236.594 12514.404
18392.975 11221.878
17134.939 11233.789
16659.987 13001.895
18788.479 11958.590
16754.323 11232.569
16876.630 12710.585
17978.994 12377.662
18318.298 11002.859
16786.311 12063.551
16388.362 11894.359
16968.106 13054.458
17346.852 12933.618
17201.321 11001.433
17811.661 10732.321
18193.087 12437.380
16199.865 10377.738
17177.919 11732.807
16062.351 12073.005
16233.103 12032.904
17911.114 10316.160
16990.070 12600.027
18803.350 12214.155
16681.708 13047.563
17669.140 11218.539
17671.594 12582.268
17432.581 10547.518
16998.570 11885.719
17236.391 10640.218
18765.643 11357.336
18612.139 11973.538
17477.750 11275.739
17484.312 13071.498
16267.431 11488.803
16570.641 10805.853
18723.395 10881.711
18075.350 12145.974
18558.216 10962.465
16410.080 12838.328
18580.603 11564.339
18807.730 12220.601
18010.031 11157.313
17248.573 11157.134
17277.848 11211.456
17310.058 10840.381
16850.090 12083.152
18160.727 12866.701
17607.976 12090.602
16297.652 12701.299
18665.067 12452.512
18533.455 11205.619
16305.209 12896.775
17583.778 11424.348
17898.067 11648.443
16323.390 12135.156
18682.610 11960.188
16540.768 12772.449
18636.586 11779.756
18571.046 12128.290
18144.635 10694.035
16511.601 12560.042
18326.782 10755.097
16830.004 10654.333
17942.894 11966.150
17842.749 12737.795
17190.054 10846.468
18448.876 10343.653
17696.696 12755.734
17952.808 11010.244
18448.259 13053.921
18805.949 12505.293
17276.899 12167.966
17884.876 10704.445
18751.007 10611.240
17029.253 11061.679
17772.894 12185.228
17571.705 10392.469
16151.615 12461.285
17676.395 12177.741
17490.811 13043.021
16211.928 10776.651
18103.098 13070.459
16313.026 12264.948
16221.514 12426.171
18653.218 11493.973
18645.407 11989.971
16598.375 10926.538
16104.047 12531.262
17843.052 11908.290
17151.255 11634.833
18661.173 12270.442
18667.401 11669.195
17746.637 11250.688
17722.807 12516.707
16634.946 12767.950
16057.608 10855.252
16242.144 10711.274
16729.100 11647.590
17480.618 10557.745
18402.352 12857.473
18603.137 13070.817
16142.380 12243.965
18305.009 10318.988
16963.546 11641.738
16509.466 11481.369
16477.823 12709.769
17473.194 12317.542
16656.054 12746.098
17369.313 11814.842
16782.666 11089.613
18751.738 11239.892
17579.449 11133.699
16058.791 11661.922
16179.769 11948.988
16520.518 12808.572
17107.283 12756.952
16485.341 12413.495
16931.529 12619.540
16615.151 11897.791
17319.168 11608.457
17708.854 12290.086
18259.026 11135.882
16677.738 11968.923
16156.981 12673.567
17367.791 11237.849
16921.911 10941.865
18764.815 10647.890
17889.244 10555.911
18729.926 12035.675
17399.980 10957.915
17752.184 12995.238
16451.044 10905.585
18710.274 12536.958
17141.426 11458.018
18784.089 11845.972
17855.186 12490.757
16910.421 13053.781
18768.494 11480.995
18681.917 10300.294
17150.312 11130.494
17998.760 12086.420
16727.224 12470.263
16063.765 12649.399
16338.318 10371.387
18595.673 12247.270
16055.041 11917.572
18110.815 10968.206
17870.811 11963.003
18289.710 11135.976
16613.135 12821.706
18312.021 12884.303
16860.938 12736.505
18120.868 11487.202
18432.555 12481.969
17195.306 12553.019
16880.028 11629.901
17344.284 10789.305
17549.668 12718.484
18202.222 12228.959
17721.330 11541.662
18818.718 12622.642
17252.548 12741.575
16191.676 12200.740
16099.248 11205.359
16770.641 12463.263
18312.703 12992.092
18495.941 12075.522
18760.330 12298.573
17652.336 11072.956
18398.135 11743.216
16578.210 12146.590
18658.391 12255.731
16628.593 10312.717
16892.526 10529.666
16692.718 11912.153
17909.126 12892.329
16735.481 12449.925
16823.962 11473.905
17790.669 10614.762
16828.333 12195.124
16213.757 11122.439
17980.232 12505.007
17217.513 11876.100
17156.205 10501.204
18707.228 11133.083
17737.773 11955.885
18635.308 12071.778
17748.469 10642.198
17892.452 12914.136
18659.148 11358.378
16504.122 12708.855
16660.397 11618.534
16258.269 12690.329
17013.681 12734.481
17587.548 10390.184
16637.718 10328.422
18769.571 10823.392
18812.431 12346.375
16255.318 12408.001
16327.916 12210.692
18187.502 12093.599
18389.395 11345.413
17178.221 11250.480
16128.512 11032.373
17950.520 12652.031
16595.113 10966.858
17600.688 10304.922
17220.158 12369.600
16196.900 12669.904
16802.776 12304.738
18806.056 11466.332
16498.774 10574.843
16121.190 11481.335
16225.188 12264.206
16858.417 12506.696
18212.345 12532.676
17451.442 10705.554
18654.871 12494.115
17537.904 10454.669
16513.634 10764.374
18013.327 12069.999
16069.848 10569.550
18186.258 11343.113
18595.850 12696.187
17722.862 10987.500
17346.462 11056.632
18221.315 12334.497
16813.466 12590.968
18268.606 12406.420
16136.754 10426.702
18342.117 12006.698
17314.468 12834.789
18004.352 11332.907
18036.895 10503.523
17766.419 11121.972
17146.056 12356.736
17339.912 11230.478
16575.359 11157.211
16877.445 11249.936
16265.042 11634.704
17099.505 12603.517
16331.339 11609.983
16679.820 12134.910
17155.147 10763.721
17390.705 12310.552
17529.852 12148.202
18779.382 12639.500
18662.300 11508.163
18123.580 10531.256
16290.689 10400.738
18733.244 11330.244
17383.199 10982.191
18348.582 11011.155
17931.864 13044.469
17604.615 12765.422
17823.151 12196.236
16055.377 11721.088
16634.973 11712.397
18175.161 10298.364
16057.856 11529.635
18194.663 12335.978
18044.006 12995.492
16913.350 12531.961
16393.698 12062.650
18413.593 12102.035
17332.586 12105.682
18728.733 11836.119
17711.738 11434.805
17812.438 12355.116
17680.269 10341.776
16382.427 10661.666
17885.944 11828.087
16364.874 11186.343
16992.009 11444.607
18170.946 10553.358
16988.631 11161.813
17681.097 10672.502
16689.159 12555.274
17775.925 12247.583
17775.044 12798.086
16621.503 12613.963
16655.908 12341.041
18425.700 11283.402
16269.731 11622.778
16264.998 10728.342
18619.608 11196.553
18419.650 12890.568
18056.119 12961.235
17918.034 12712.307
16879.075 10513.122
16485.403 12730.349
18264.506 12660.641
16997.934 11550.825
18006.698 10724.966
18126.437 11927.833
17308.214 10795.139
17973.710 12351.120
18389.357 11384.612
17707.616 12630.650
18587.834 12133.447
17591.348 12003.176
16735.698 12440.459
17363.929 11069.287
17100.309 10768.231
16322.407 12575.543
17590.903 12245.912
17119.292 11824.445
16162.512 11537.492
17868.660 11833.421
16713.785 11091.090
17039.763 11103.602
16582.462 12731.409
18219.389 11765.937
17343.185 10736.228
17209.569 10359.081
17309.003 12330.295
17348.190 11769.255
16780.799 12904.655
17144.805 11898.015
18636.723 11343.489
16773.637 10502.104
18590.012 11449.707
17330.394 11309.461
17103.417 11041.537
18538.355 11606.760
17861.340 12810.042
16936.854 12350.058
16897.446 12818.599
16554.869 11159.004
16284.664 12606.190
17965.789 11942.938
16423.964 12116.592
18421.432 10706.278
17520.288 11609.682
18648.436 10741.736
17967.176 10650.750
17426.842 12167.838
18769.737 11209.375
17767.392 12872.446
17680.819 12931.893
18099.650 10984.941
18367.209 11602.625
17845.842 12317.977
18518.410 11145.725
17318.373 12109.900
18416.178 11322.986
16851.004 10484.381
17752.616 10784.756
17218.657 12672.750
18501.061 10547.654
18002.185 10932.491
18377.053 11463.286
16456.969 11734.110
16236.086 11869.340
17615.107 10576.563
17550.059 11152.327
17456.121 11925.907
18057.965 12385.576
18532.531 10797.025
16752.505 12128.291
17031.747 12194.052
16785.065 12956.107
17605.989 12042.541
17160.465 11092.529
18540.162 12971.792
16213.583 12901.274
16199.600 12428.227
18124.313 12296.159
17833.376 12092.119
17289.551 11412.212
16284.330 12336.894
16977.257 11070.169
17162.529 10755.172
16416.477 12103.105
16628.548 12774.168
18564.675 10748.823
18513.617 11411.814
16396.279 10961.323
17057.841 12653.141
18425.108 11777.653
18488.525 12567.585
16241.705 10619.766
18648.229 11555.445
16349.760 12185.950
17993.155 12715.721
17367.803 12621.003
16091.797 11072.348
17333.857 11741.464
17514.725 12986.274
18000.998 12808.827
18653.252 12802.926
16284.482 12538.178
17737.972 10754.856
18302.794 10918.592
17722.869 11607.601
16156.522 11533.476
17632.041 11734.683
18520.454 10400.038
16886.587 10525.261
18174.417 10320.953
18226.785 11562.890
16054.449 11660.099
17358.842 11271.972
18352.944 12353.050
17944.567 11610.366
17793.163 12588.353
18045.619 13002.934
18146.596 11240.200
18370.597 11202.944
17406.034 11939.047
17436.678 12277.440
18533.714 11910.187
17052.285 10978.103
16449.800 11035.262
16708.076 12017.191
17283.224 11529.046
18440.603 11529.194
16136.534 11762.484
17307.254 12802.613
16870.172 12711.110
18672.963 12187.677
17181.417 11110.319
16427.692 10895.086
16145.684 12881.338
17384.393 11406.145
16458.267 12151.561
16347.185 11846.841
18083.730 12584.377
18279.523 10819.746
16337.861 10829.745
16863.823 11424.469
17994.695 11967.865
16702.956 10674.379
16494.415 12770.256
18247.245 10689.763
17562.320 10787.791
18171.468 10684.434
18040.351 10992.037
17148.901 12168.989
18209.509 12026.382
18313.080 12198.648
16938.758 10876.499
18191.791 11130.069
16895.978 11365.774
16673.144 11445.119
16063.039 11166.044
18074.801 11361.097
16740.231 10817.358
18201.496 11434.509
17219.561 12188.558
17459.866 10705.803
17471.195 10714.101
17786.888 10634.939
16725.676 11688.241
18263.264 11115.687
18474.545 11152.159
16435.247 10895.982
16117.205 12975.577
18651.210 10820.824
17718.586 10317.807
16067.911 11273.754
18272.947 11748.496
17215.891 12096.216
17357.733 10347.346
16216.072 10512.747
18040.836 11425.754
16568.793 11772.236
18514.730 10597.270
18104.414 12351.166
16821.425 12801.296
16669.444 11609.517
16147.701 11956.665
17855.225 11401.658
17360.996 10495.370
16827.254 11160.507
16468.564 11829.296
18796.991 12930.734
16060.455 12569.382
18352.444 10947.891
18818.732 11029.575
16980.844 11560.994
16917.063 11414.821
18424.073 11439.580
17299.800 11961.555
16107.720 10614.880
18606.019 10340.942
17983.204 12619.224
18019.648 11962.809
18663.182 11681.695
18040.017 12265.841
16873.463 12124.667
16644.370 10707.760
18717.417 10743.255
16382.197 10588.851
16247.138 11268.637
16083.019 10398.332
18215.561 11700.897
16268.427 12109.146
16621.571 12493.355
17569.924 10965.230
17426.068 12534.648
18181.536 11936.026
16113.649 10671.970
16461.437 12725.135
16881.529 12874.250
18105.173 11639.207
17533.821 10925.436
17153.281 12345.871
17780.635 10296.718
16324.808 12467.805
16132.844 12553.603
18018.729 11178.209
17833.677 12391.002
17418.012 10865.930
18287.279 10634.566
17840.290 10388.858
18334.360 12643.114
18777.941 12581.725
18434.555 11168.570
17239.680 12699.621
17745.598 10745.528
17111.973 11224.971
16982.800 11140.141
16953.253 10958.396
17216.679 12503.784
17576.089 12302.701
17579.713 12831.882
17381.534 12694.232
18708.584 12305.208
18039.780 10589.181
16386.016 11305.538
16082.687 11238.630
16763.792 11746.070
18757.609 10352.694
16853.957 12533.404
18389.270 11188.331
16080.172 12026.711
16431.465 11316.888
18542.598 11633.614
17970.399 11275.264
17904.050 11769.321
16624.376 11121.332
17957.150 12532.946
17639.059 11684.409
17628.626 11447.690
17014.413 12949.104
18414.856 11799.305
17908.854 11847.488
17522.318 10580.342
16869.134 10914.293
17137.151 12141.348
16128.391 10776.345
18287.148 11786.579
17775.915 12889.586
18307.313 11593.300
18659.862 12416.909
17936.740 12260.477
18240.411 12588.604
17269.376 11781.640
17265.433 13051.221
16921.891 12182.321
17201.983 12504.115
16203.135 11354.304
18003.347 12566.629
16334.978 11641.759
18002.945 12421.764
17582.509 12757.306
17922.413 11449.331
17997.886 12829.125
17887.120 12309.519
18486.355 12148.646
17565.363 11297.802
16869.684 12426.230
18591.203 10876.660
16238.999 11299.364
17412.752 12652.577
18102.631 12826.096
18658.403 12715.674
17618.853 11034.705
18071.880 12341.242
16401.040 12021.452
18059.520 10487.642
17765.828 11370.208
16645.390 11728.109
16936.761 11862.190
17832.402 12839.063
16072.116 12476.221
17338.133 12644.198
18308.737 12861.556
16163.864 12840.852
16852.858 12670.123
17402.010 11901.078
16528.305 11737.829
17952.598 12960.899
16813.099 12114.820
17590.196 10990.520
16328.564 12073.782
16057.496 12625.393
17246.034 12353.010
18635.865 13010.616
16538.716 11498.635
18136.057 11794.509
17338.098 12924.010
16488.546 10494.224
16844.007 10847.521
18574.849 12032.749
17943.131 11167.913
17421.246 11706.254
18308.742 10493.592
18311.381 11167.708
18537.744 12029.519
18708.129 11256.680
16711.782 12969.224
16173.692 10663.140
16535.242 11660.309
17540.477 13030.413
17117.978 10949.667
16314.724 12647.497
18610.693 12857.957
16410.877 10643.600
17248.415 10948.536
17026.149 10819.118
18569.803 11228.132
16875.405 10953.714
16779.836 10365.275
17413.036 12868.830
17721.282 11248.138
18377.324 11954.164
17200.906 12741.710
17882.067 12582.315
17062.284 12012.173
16782.945 12655.566
16275.835 13052.719
17201.398 12283.286
16194.438 11028.161
16182.032 11039.448
17615.639 13008.081
17174.301 10350.032
17456.553 11625.039
16778.495 11093.586
18235.262 11421.261
17814.547 12063.990
17934.302 11272.862
16399.101 10497.140
18494.097 10347.542
16468.827 11983.810
16979.311 10617.040
18115.246 10399.882
16489.406 10470.615
18567.696 11074.055
18038.612 12209.290
16931.302 12024.196
16433.418 10911.627
18279.749 11307.888
16106.513 12343.043
17920.113 12399.374
16117.591 12380.678
17483.929 11145.782
17708.497 12103.361
16773.531 10676.917
18617.217 11315.329
18233.878 11128.124
17770.268 11085.066
16395.379 10670.065
17742.601 11889.732
18586.096 11238.966
16975.791 11981.383
16138.860 10904.890
16863.870 11016.685
16406.646 11606.678
17392.358 12057.084
18755.692 12952.671
17969.600 10296.508
18402.465 12020.727
16743.408 12135.241
17412.724 11377.108
18503.701 12735.513
18743.307 11989.582
16280.132 10363.575
16149.711 12293.058
18442.392 11829.193
17008.445 11259.826
17733.858 11277.040
18475.710 10350.559
16528.890 10303.629
18269.464 12545.812
18596.418 10349.565
16352.292 11645.560
18614.086 12752.917
17189.145 10811.932
18384.074 11244.668
16301.778 12740.629
17129.968 12325.974
18805.706 12184.764
16368.901 12565.719
16275.762 10741.209
18075.720 12431.320
17485.442 12133.990
16364.724 12639.710
18678.357 11436.972
16832.442 10493.123
18327.126 12296.346
17213.698 11303.202
16409.782 10765.438
16179.494 12752.342
17606.750 11049.100
17084.173 13047.702
18151.448 12972.449
17505.836 12526.801
17074.873 12577.204
18799.974 11999.019
18136.029 10739.212
16585.724 10602.743
18126.721 10561.948
18500.988 10389.769
16295.521 10930.708
16844.151 11753.519
17036.689 11396.719
18095.115 12278.528
16419.772 12866.829
18680.523 10446.856
18303.290 12949.293
16407.259 11151.000
17601.108 11481.329
18665.176 12124.015
16411.042 10591.892
17538.418 11906.699
17922.612 11656.224
16376.286 10763.226
17460.465 10766.938
16432.971 12929.450
16681.353 12542.186
17642.918 10872.457
18705.887 10642.030
18029.645 11763.026
17736.536 10749.255
16171.676 10927.897
18585.759 12622.976
16098.453 13055.583
17359.106 12605.964
16701.009 12720.580
17500.268 10585.616
17171.896 12838.169
17711.238 11683.756
16436.356 13019.623
16962.947 13026.530
17336.510 12617.296
17690.499 13070.653
18213.184 12328.646
17835.365 12375.801
18799.572 11403.840
16065.961 10505.358
18489.156 10894.514
18431.827 10330.225
18414.703 11777.312
17568.257 10481.648
17143.020 11770.833
16218.175 10301.576
18207.837 10353.293
16976.423 12181.351
16573.928 12744.524
18262.532 12991.452
18524.095 10936.008
16736.174 13049.136
18391.378 10970.723
17050.392 13042.911
16456.414 11621.713
16992.441 12173.230
16929.054 11844.177
18617.821 12961.809
16419.294 12575.394
18175.177 12521.416
17125.184 12546.309
17388.916 12532.418
18786.897 12299.152
17311.967 11205.918
16641.413 12995.624
18477.013 11064.050
18332.965 10716.851
16133.652 11221.216
18689.231 12847.871
17855.075 11106.408
17138.204 13003.775
16999.069 10584.313
17718.799 11677.068
17828.162 10860.086
18471.336 11909.062
16045.645 12553.414
17882.308 12469.810
16076.874 11998.222
18034.250 10646.223
18116.693 10339.305
16868.703 12964.993
18621.051 12250.226
16355.988 11863.120
18295.069 10790.061
16749.390 10424.116
16478.737 11977.577
16937.075 10335.416
16489.635 11752.554
17550.688 12961.707
17090.065 10357.563
17655.391 11582.170
16590.238 11861.150
17281.377 12646.838
17952.942 10763.207
18349.169 12064.936
16556.718 10378.144
18437.608 12331.656
17207.966 13032.672
16416.829 12627.699
16844.914 10661.880
17822.754 11445.835
16539.235 11556.806
18509.226 10482.304
18348.825 12446.349
18073.519 11796.670
16873.756 11535.851
16372.783 11620.610
16202.377 12069.042
18759.299 11273.249
18321.007 12135.093
18797.503 11821.144
16125.396 10934.608
17076.154 11733.660
17181.552 12947.253
17030.518 10427.858
18028.777 12251.851
16584.062 10666.253
18578.252 12449.830
17610.142 12886.247
17136.486 12105.718
16184.011 12643.945
17137.349 10517.798
18180.729 12543.197
17373.908 12551.509
18449.319 10958.026
16387.181 11092.833
16911.573 10735.541
18295.783 10760.744
18306.633 12870.158
17007.451 12756.214
16305.645 11702.983
18814.913 11808.617
18446.116 10603.294
16312.141 10840.946
17188.112 11858.191
18693.000 10335.904
18085.031 10564.956
16087.399 11296.319
18186.309 12522.159
16867.304 11592.077
16293.470 12179.586
18544.712 11488.833
18281.202 12483.919
17206.403 12735.718
16828.497 10618.374
18129.434 11409.844
16691.079 11024.610
17634.106 12633.147
17569.448 10990.133
18283.779 12458.526
18485.878 10872.666
17270.486 12140.517
18340.117 11177.396
17693.671 11392.623
18487.972 12681.904
18026.452 12554.287
16516.082 11751.424
16816.120 11658.114
17810.727 12357.995
16576.157 10318.619
17235.284 11509.015
16694.311 11770.082
16210.356 10585.002
18732.689 11771.354
16422.578 10493.198
18262.320 10444.583
17506.799 10996.156
17166.880 11827.135
18180.750 11089.814
17919.585 11752.627
17493.610 11867.761
18422.372 10439.754
16167.284 11218.244
16150.379 10550.169
18269.289 11284.451
17558.229 10902.143
17865.926 12736.690
17654.279 12594.023
17214.548 11762.481
16350.262 10355.020
16200.409 12850.671
16085.371 11306.404
16329.456 12083.992
18588.599 12642.973
16984.881 11727.213
17445.918 10692.935
17060.869 11724.091
16879.715 12214.580
18811.636 12972.897
17828.735 12543.638
16760.427 10603.778
18210.825 10601.223
16814.690 12045.292
17320.046 11876.699
18057.350 11959.045
17647.884 12262.769
18742.544 13037.075
16644.101 10839.001
18559.561 11700.847
16835.437 10987.787
17225.522 12372.929
17284.827 11859.761
17023.628 11247.613
18715.803 11539.000
16185.585 10754.375
17184.938 11013.211
17493.906 11608.038
18718.874 12288.433
18633.876 11488.964
17110.344 12105.478
17616.042 11752.622
16304.427 10707.033
17164.835 12729.712
18565.191 10511.167
17958.841 12374.619
17285.531 10411.856
17906.644 12050.869
16797.834 10422.170
18657.394 10364.701
16621.450 11915.542
18403.262 11632.184
16326.237 11341.992
16172.688 12111.016
18311.330 11429.542
17334.216 12921.335
17119.176 12226.680
17201.747 12873.630
18737.582 12203.877
17066.492 11640.354
16505.478 11593.925
17931.624 12721.107
16532.025 11665.915
18693.066 12751.019
18009.285 10543.824
11446.263 18654.348
13827.068 18595.490
13553.977 17819.325
13385.242 17479.673
11732.841 18311.170
12556.440 16679.185
12235.290 18190.387
12652.096 17209.961
12832.911 16850.102
13610.524 17453.346
11757.205 17975.181
11885.804 17556.458
12153.528 16341.063
12107.689 17071.649
11740.259 18252.384
13281.384 17434.882
12201.745 16424.583
12498.982 17691.820
13314.187 17916.761
13292.166 16453.374
12685.702 16658.841
11941.812 18605.433
13562.568 18438.630
12949.934 17915.963
11764.570 16390.730
12953.247 16337.431
11826.951 17486.281
12273.166 16267.058
12234.144 16595.742
12545.323 16781.051
13868.428 16148.475
11833.379 16400.872
13117.694 17478.695
13286.114 16724.134
12098.941 16689.047
13220.125 17972.607
12140.644 18135.484
13195.015 18690.569
11535.633 18120.628
12044.478 16798.190
12538.261 16381.117
13726.890 18658.182
12002.097 17855.445
12284.812 17263.971
11858.114 16328.382
13830.285 18372.571
11777.283 16265.502
13403.844 17273.949
12429.231 18116.753
12612.154 17019.406
13131.051 18369.078
13491.092 16609.895
11548.311 17188.333
13458.517 18791.700
13490.486 18057.335
12866.334 16140.407
12154.270 16223.197
12010.190 17058.626
13446.869 18845.164
12870.318 18195.208
12177.748 16783.145
13880.289 18401.951
12648.695 17175.657
13491.363 16381.752
11228.087 17744.765
12195.019 17807.807
13395.354 18676.126
13766.148 17289.434
13103.650 16705.593
12098.559 17432.022
13840.776 18257.855
11398.808 17218.848
11664.527 16911.161
13113.002 17132.300
11690.886 16424.527
12772.444 16583.726
12313.184 16478.333
12816.033 17067.177
11767.179 18678.693
12949.422 18239.423
12144.377 16487.587
12144.112 18608.930
13290.012 16168.823
12460.044 18011.264
12450.042 17440.162
12087.956 17778.272
11149.990 16322.602
12944.511 17271.139
11282.012 17200.875
13162.576 18780.341
13741.024 17059.136
11627.046 18649.502
13241.699 18208.834
11764.082 17743.101
13805.778 16349.227
12167.980 17683.282
12085.203 18611.308
11347.735 17079.456
13414.035 17650.753
13160.251 18256.935
11497.963 18846.066
11587.541 16424.744
12102.974 16808.506
12024.173 18642.242
12367.019 17847.887
11448.544 18033.766
11627.795 17974.659
11678.436 16646.686
12861.839 18419.599
13444.129 18071.053
12023.027 16791.652
11844.445 18883.602
11680.452 16329.167
11945.114 18504.360
13045.274 16919.313
11596.357 17233.710
12302.146 16114.335
13516.441 18102.447
11718.579 16856.455
11886.653 17084.152
13086.639 17692.083
12019.207 17569.285
11203.192 17160.857
12002.964 17276.291
12602.170 17928.777
11634.143 18843.742
13887.214 16939.346
11993.292 16192.235
12061.117 18177.423
13435.666 17315.910
12792.978 17659.403
11908.347 18015.147
12468.500 17573.436
11383.342 17590.385
12251.657 18845.501
12895.940 16499.873
11753.629 16782.667
13060.816 18455.138
11630.255 18290.558
13783.676 17723.008
13553.008 18489.379
12750.828 17397.210
11423.148 18765.666
11731.616 18735.052
12980.416 16702.377
12357.981 17581.656
12099.482 18370.847
12258.923 17666.851
11165.024 18760.899
11217.322 18503.004
12202.909 18335.440
12533.111 18674.356
13009.527 18115.169
12539.630 16774.137
12253.281 16668.727
13491.353 16196.022
12826.192 17795.452
11534.780 16964.218
11871.804 18794.064
13284.714 17979.219
12015.425 18295.269
12454.238 16204.284
13080.563 18239.999
13582.858 17825.002
12809.350 16425.523
11783.109 18800.574
11563.042 18865.178
11925.125 16971.510
11757.191 16859.999
13508.435 18407.519
11157.974 18763.825
11245.506 18646.095
13254.175 16479.781
13061.673 17502.768
11844.886 16350.500
13344.061 17849.830
12472.092 18549.098
11826.671 16935.034
12657.815 17076.230
13287.838 17230.227
11338.926 17407.576
11237.220 18361.505
11633.509 16506.186
11498.515 17696.989
12593.637 16840.558
13101.852 17140.798
11647.317 17646.272
12275.191 17067.315
11959.990 18467.190
13249.666 16176.284
12503.634 18495.475
11500.904 18109.983
12497.199 16359.222
12919.232 18458.622
11406.382 18715.172
12336.858 17339.151
12547.918 18730.552
13436.817 16164.344
11268.615 18742.409
12236.683 18888.825
13491.604 16774.148
12723.989 18495.556
13206.764 18579.239
12632.639 17704.261
12283.129 18764.565
11244.184 17404.412
13030.762 18293.627
12643.910 16595.885
11660.132 18122.592
13880.194 17850.891
11995.022 17563.461
13345.528 17919.861
11766.485 17752.998
11257.819 18439.894
13355.470 18879.363
13118.178 18766.166
11985.781 17813.137
12074.095 17276.055
12801.598 17577.871
12315.823 17714.430
13835.195 16929.162
11227.124 16116.234
11772.768 16350.669
13834.391 18505.835
12226.334 18710.933
13605.583 16851.528
12915.970 18271.313
11611.108 18866.112
13160.533 18617.583
13838.987 18191.623
12107.843 16797.359
13445.512 18058.559
13879.059 16386.597
11389.707 18118.628
12389.327 18728.050
13349.831 18143.711
11590.336 17344.029
13238.610 16821.380
13018.942 18762.059
11383.161 17744.148
12955.505 16544.844
11723.852 16811.080
13110.074 18474.694
13550.742 18840.664
11793.321 16633.045
12187.938 18830.482
11593.195 17849.927
13487.559 18770.624
11177.362 17070.487
13784.263 16310.508
12538.960 17985.418
12643.686 18756.488
11471.860 16936.444
12197.023 16720.103
13154.564 17668.902
12286.406 17230.201
13789.502 17037.880
13520.708 16923.791
11504.745 18334.755
12832.293 16503.342
11793.199 17577.070
11980.130 18323.695
11890.220 18577.008
11283.747 16415.124
11918.616 18184.344
13303.188 16475.861
13372.338 18195.713
11296.223 16785.448
13619.515 18040.294
13695.886 17272.213
12692.843 16203.586
11945.429 16945.504
13371.931 16850.380
11930.635 18718.200
13792.571 16505.558
11761.594 17681.619
13064.231 18707.618
12367.668 17337.775
12049.236 18073.730
13599.344 18856.365
13374.846 17270.999
13695.298 18321.307
12897.655 16842.326
13203.389 17427.544
11460.424 17931.306
13060.185 16757.094
11370.629 18329.470
12508.631 16181.532
11328.951 17503.198
11801.278 18554.684
12133.893 16857.327
13717.999 18782.271
12769.754 17618.073
12856.718 16169.364
11711.295 16612.436
12901.385 17053.783
13816.234 17765.901
11877.962 16901.521
12132.563 17399.240
13554.127 18322.167
12935.631 18601.556
11154.794 18349.272
13313.194 16127.154
12139.610 17237.930
11655.153 18328.372
13452.266 17405.768
12324.502 17158.158
11926.013 17646.288
12603.886 18003.703
13563.853 16332.040
12776.109 16213.677
11851.837 17484.255
13167.248 17889.339
13555.230 16431.873
12819.648 16610.974
13632.208 18848.176
12650.098 18118.817
11586.810 16197.013
12752.757 16177.275
11571.047 17992.371
11735.416 17418.066
13897.529 18652.242
13489.232 17742.089
12593.158 16396.067
11230.223 18083.715
13362.581 17900.382
11812.598 16482.183
11704.020 16242.026
11959.741 18255.596
12568.942 16359.797
13074.446 16345.230
11851.245 18175.247
11224.264 18345.115
12910.141 18646.321
13179.134 18716.201
12753.790 17802.316
12530.805 17405.690
11770.691 18220.583
12495.310 18278.704
13464.712 18446.924
13429.245 17283.049
13261.014 18667.543
11609.912 17735.378
12803.388 16541.911
11578.607 18735.344
13358.169 16399.009
11565.131 17771.673
11158.521 16893.999
13058.220 18528.290
13586.275 18684.587
13429.490 16920.841
11359.294 18725.915
11555.706 16290.628
11974.308 16855.720
12282.264 17562.084
12127.607 18199.184
11781.737 17252.973
13604.870 17588.599
11395.856 18153.143
13770.000 18867.420
12203.934 16888.417
12743.866 17056.392
12484.634 16823.514
11638.974 18660.539
12528.787 17182.516
11405.578 17147.964
12810.985 18019.542
13116.517 17077.935
11266.676 16337.710
12900.078 17933.808
11834.112 18278.966
11969.620 18783.124
12811.354 17115.338
11737.594 16773.874
12787.643 17832.834
11455.633 17032.138
12973.617 18413.516
13902.998 17691.017
13903.805 16432.725
12606.254 16572.866
12750.692 17943.620
11941.022 17448.702
13257.227 18875.900
13748.060 16535.646
12294.861 16954.956
11589.962 17603.572
13393.382 16148.860
11218.153 16402.439
11423.678 18392.549
11154.908 17689.339
13198.338 17250.675
11459.572 16593.372
11255.673 17005.630
11419.504 18330.911
12008.604 16710.252
11650.604 17016.879
11312.476 18422.539
11179.225 16406.379
11483.892 18039.550
11663.871 16595.005
13118.624 17166.665
11146.263 16327.912
13674.122 18822.817
13236.320 18674.077
12186.121 17079.186
12696.617 17655.733
11710.727 17256.454
11312.367 17337.991
12048.954 16282.706
12812.051 17800.077
12703.416 16359.082
11723.957 17203.047
12837.542 16843.274
12475.582 17659.994
11805.690 18723.442
13664.815 18556.668
12719.281 17153.896
13099.450 17221.669
11326.205 17771.582
12947.217 17498.845
13465.013 18306.378
13831.151 17513.198
13629.250 17990.986
12286.954 18853.430
12584.564 17069.507
12328.634 17869.387
13497.169 18696.443
13059.958 17713.932
12071.974 17663.335
13342.174 17734.583
11931.928 16830.816
13605.154 18051.704
11245.674 16688.903
12819.913 18524.575
13298.532 18003.904
11267.372 17269.870
13404.529 16979.538
12013.852 17029.545
12810.869 18760.709
13011.343 16712.965
11585.356 18614.558
13741.732 16589.184
11455.565 17759.702
12980.985 16284.894
12684.252 16267.156
11238.687 16867.129
11968.731 18072.599
13817.453 18177.652
11795.446 16294.722
13416.581 17924.580
12322.940 17685.887
11476.326 18349.251
12499.359 17800.138
11628.013 17085.778
12478.617 16839.929
12643.069 17512.340
11724.610 16703.159
11874.900 17497.936
11134.085 16933.591
12172.795 16260.239
12581.413 16688.929
11751.049 18148.247
13092.390 17491.378
12618.595 16702.816
12790.766 16199.345
13516.017 17835.209
13051.787 16690.777
11797.442 16228.625
12624.689 17929.742
12832.018 16651.542
12320.806 16509.539
11857.155 18020.639
13478.774 16655.316
13653.209 16798.922
13429.894 18175.620
12494.916 17027.702
13892.101 16716.993
13589.657 17793.774
11528.400 16398.672
13451.188 18876.979
11572.968 17899.487
11811.313 17163.367
13756.327 18495.836
11920.899 17932.939
11556.592 17714.139
13095.986 16823.944
12619.566 17314.676
11436.860 18134.455
12776.732 16248.452
11215.729 16120.561
12633.818 18107.095
12835.850 18357.892
13613.721 16141.334
13182.125 18610.000
11370.667 17700.611
13434.754 18824.359
12612.199 18847.131
12342.001 17730.614
11354.446 16357.391
13077.752 16283.354
12741.659 17842.151
13236.913 17746.916
13874.385 18471.127
12316.358 17010.033
11261.331 17204.123
13235.788 16993.735
11951.715 16353.670
11967.323 16350.124
11691.576 16354.512
12437.656 16871.697
13860.941 16637.801
13574.260 17450.077
13859.183 17059.166
11334.705 16252.007
12916.557 17978.994
12692.595 18714.158
12492.289 16816.887
11459.036 16353.881
11921.541 17805.409
11700.383 16595.043
13762.788 18138.745
13584.533 16845.269
12587.916 18316.500
13062.853 18531.434
13463.197 18096.094
12122.769 18423.090
12087.532 17397.698
13449.849 17792.129
11300.946 17532.896
13800.489 17861.885
13889.308 16239.313
12566.295 18296.401
11975.061 17726.677
12253.822 17776.962
11376.946 16500.425
12031.214 18180.887
13518.171 16402.638
13492.585 16467.736
12308.364 17206.069
13242.271 18202.894
13343.632 18445.800
12321.426 18174.791
12230.284 18680.278
13220.090 17902.951
13813.203 17234.993
11689.702 18432.980
12205.229 16754.831
12835.411 16902.754
11844.027 17414.221
11275.321 17828.724
13592.731 17393.498
12990.280 17415.375
11564.691 16152.533
11526.082 16200.249
11811.731 16541.301
12265.054 16137.739
13065.731 18712.646
12664.574 18611.215
11321.509 16826.404
11169.847 16566.520
12857.848 18262.224
13261.258 16908.412
13331.689 18122.364
12969.158 18329.922
13218.980 17168.290
11128.472 17693.387
12921.650 16662.190
13308.124 18384.600
12166.817 17036.048
11157.453 17550.042
12687.227 17828.529
13649.825 16864.408
13115.782 18511.196
11800.333 17912.155
12290.624 18176.856
12427.189 16886.783
13836.945 16634.752
13402.983 16206.407
12445.741 18390.538
11799.013 18471.987
12151.106 17305.090
12160.962 18328.541
11430.867 16972.786
13832.694 17822.323
12424.429 18229.391
13862.482 17537.511
11451.916 18033.032
11926.290 16434.969
11644.021 18077.806
12081.474 16696.868
11813.691 18198.583
13589.873 16345.267
11288.778 17075.030
13080.677 17656.980
12464.143 18345.530
12742.454 17698.956
12004.030 16969.398
13882.621 18676.140
11158.521 18850.761
11642.667 17904.947
13605.959 17425.490
13407.378 17766.185
13656.063 18796.845
12992.237 16273.802
13186.406 17604.306
12550.771 16655.748
13796.406 18293.199
13337.840 16217.045
11608.849 17767.037
12751.988 16648.824
12158.881 17008.568
11439.984 18868.976
11263.786 17503.263
13897.034 18387.705
12429.557 18763.134
11392.391 17593.042
12332.358 16940.069
12482.384 16939.102
12816.272 18826.390
11673.843 17259.294
12591.396 16610.222
13310.264 16400.332
12723.883 18639.172
13266.210 18085.575
13518.915 18226.120
12113.526 17119.132
12793.262 16608.775
13022.009 16248.834
12056.155 17603.842
11570.152 16506.980
13409.526 16453.301
13454.549 17085.899
12403.194 18110.666
11127.336 18318.543
13588.378 17369.518
11988.488 18110.103
12289.433 17900.168
11678.092 16844.630
12898.758 17035.221
12211.272 18572.946
12638.621 18776.373
12304.023 17336.129
11929.620 17319.784
12195.693 17052.864
12089.862 17065.923
13637.257 16616.001
11222.318 16651.680
12391.006 17701.515
13876.766 17712.683
13505.358 17839.504
13343.587 17917.431
11488.000 17874.363
11424.968 17609.351
13545.407 18483.211
12364.683 17206.755
11848.907 17991.094
13443.255 18771.165
13083.644 17908.173
12587.645 18309.167
13257.217 18089.966
13890.932 17851.530
13798.937 17571.376
12466.205 17621.732
13208.595 17702.865
13482.558 17854.818
11128.960 18154.732
13782.805 18141.830
13618.023 17431.184
11337.059 18794.587
12564.927 18321.655
11136.015 18119.286
13565.115 17587.663
12407.017 18732.738
13490.730 17196.231
11734.939 17194.528
12851.990 16435.678
11465.253 16894.475
12347.634 17854.535
12403.618 17217.321
13029.014 16827.132
11638.524 17876.214
11937.401 16830.141
11235.059 18295.891
12243.943 17721.350
13096.750 18541.271
12155.237 17533.513
13872.145 18271.775
11771.276 17394.671
11271.997 18063.358
12645.764 18269.390
11917.944 16301.924
11142.643 18484.825
11589.491 18709.714
12327.664 16369.282
12941.750 17150.951
13829.558 18467.685
12380.481 17428.317
11232.383 17664.175
12672.680 16737.444
13176.190 16467.863
11183.446 17072.201
13861.174 17842.774
13454.048 17173.542
13034.247 17674.729
12547.482 17154.218
12461.533 17570.580
11717.057 18473.079
12991.989 18537.452
13856.902 18086.967
13214.523 17414.645
12906.521 18274.445
12425.593 16114.925
13283.375 16299.635
11419.268 17246.672
11858.977 17072.331
12469.563 17254.567
12396.553 17029.133
12479.643 18546.211
12477.910 17312.736
12289.158 18723.303
13517.381 16477.584
11806.152 16972.945
12678.913 17188.751
11437.478 18847.609
12430.202 16500.306
12280.293 16388.001
12645.319 17470.477
12091.300 18494.442
12203.300 18663.215
13622.909 18261.604
12303.687 18252.629
11415.375 18411.604
12690.852 16986.678
11378.459 16322.806
11163.942 16895.035
11310.212 17031.005
12620.470 17919.210
11484.903 16631.397
11796.285 17920.671
11647.613 16618.714
12993.972 17903.173
12255.532 18509.805
12481.731 18023.307
13036.181 18647.902
12651.646 17738.666
12325.898 16626.400
11150.329 18571.388
11236.208 17876.114
11952.905 17748.932
13773.291 18457.166
12551.689 18816.498
12560.587 17418.913
12720.150 16471.446
13894.249 18346.224
12480.484 17326.948
13216.874 18074.361
13898.434 18447.854
11529.137 18643.800
12680.037 17009.848
13659.733 17725.338
13139.182 17725.553
12391.854 16633.914
13192.110 17301.804
12701.563 17159.762
13833.965 16341.252
12898.984 16531.382
12578.322 18712.394
12824.742 16778.242
11345.198 18829.826
11280.695 16522.717
11829.494 17781.606
12786.691 18117.458
13587.242 18393.049
12835.263 16442.202
13779.466 18649.264
11220.226 16400.841
13780.603 17335.208
12328.081 18167.934
13716.848 16922.325
12215.590 18747.445
11751.296 16532.188
11648.012 17529.720
11489.235 17649.780
12243.867 18623.011
11928.696 17512.704
13145.434 18738.250
11493.269 18008.366
13000.509 18626.011
12520.963 17315.879
13298.384 18846.967
11290.019 17409.132
11978.672 17362.448
12427.676 17490.110
12139.235 18778.897
12771.249 16226.135
11758.536 16141.751
11537.031 16165.635
13168.644 17887.779
11817.182 18693.095
12714.189 18425.641
11401.702 17067.898
11462.171 18463.386
11167.445 16237.208
13418.876 18563.675
12106.448 16825.682
12401.115 16599.683
13087.050 17577.801
13040.887 18483.079
11642.044 18111.090
13609.465 16996.255
12647.782 16173.281
13819.730 17003.464
13790.268 18858.788
13671.363 16439.943
12201.875 17970.799
11902.163 16488.246
11834.257 17556.594
11206.808 18055.737
12706.585 16961.959
11449.802 18334.435
12201.313 17669.768
13141.539 18516.789
11524.269 16407.724
13544.597 17216.663
11708.020 18347.030
13412.111 16610.522
12474.693 18023.599
12251.046 17781.329
12226.497 16977.917
12797.447 18159.210
12486.348 16285.128
13238.445 17726.022
11329.287 18594.597
13526.786 17734.719
12359.932 16556.530
12562.717 17186.316
12770.981 16613.959
11468.697 16126.242
13475.939 17622.020
11479.007 16947.245
13716.054 18104.148
12703.590 16686.411
11579.989 18565.251
12547.966 18232.854
13084.181 18256.939
12513.011 18151.083
13013.006 17959.738
13600.422 17897.729
12621.724 16844.601
11348.573 17857.106
13518.238 18349.269
11182.885 16702.344
12199.547 18429.249
13592.909 18092.593
13229.301 18459.743
13471.305 18756.212
12342.140 17213.391
11360.584 16357.410
12789.153 16271.726
13077.490 17846.473
12671.654 18219.845
11452.439 18114.625
12726.120 17180.635
13437.263 18752.908
11753.456 17012.842
13756.167 16777.506
12539.877 18349.817
12443.361 16804.593
12184.182 17210.736
11729.354 16493.754
13261.476 16864.587
12140.347 17820.723
12409.506 17702.013
12541.225 18780.448
13212.561 16267.674
12963.745 18259.832
11390.147 17610.550
13068.839 17985.559
12524.255 18061.746
13505.839 16147.750
11252.407 18316.079
12042.061 16323.361
13669.395 17247.692
13024.908 17564.714
12279.021 17645.155
11250.926 18604.542
11375.777 17221.503
13578.717 16188.963
13800.864 16586.676
11842.298 18640.688
13510.877 17859.904
13333.121 18245.386
12028.987 17670.859
12299.782 16572.146
11672.434 17428.526
11823.848 16300.787
13060.954 18731.893
12377.808 18671.317
13252.789 18488.407
11447.435 18727.456
11318.930 16607.967
12761.917 17609.952
11801.894 18328.052
11266.115 18847.132
13203.527 18157.843
12797.710 18888.468
12516.437 17283.556
11851.548 18307.841
11337.406 16497.893
13623.001 18196.179
12501.452 18702.663
12855.648 17486.299
11789.009 18373.126
12650.856 18013.203
11947.710 16493.732
11287.828 17341.491
12870.329 16979.323
11702.639 16767.744
11616.271 18619.150
11710.811 18285.639
11154.007 18321.619
12995.067 16838.208
13380.758 18579.851
12461.747 18439.826
13155.981 16904.855
12362.933 16206.767
11637.058 16505.383
12552.506 16258.049
13030.655 18231.638
13609.834 17696.772
12272.062 18354.352
12571.154 17200.441
12367.127 16610.386
12180.223 17598.044
12238.192 17968.962
13667.844 16135.478
11647.034 18398.033
11772.657 17966.671
11438.718 16979.862
11251.688 16319.999
13637.908 17458.661
13662.307 16869.324
12456.510 17941.681
13605.869 17882.418
11580.173 17529.176
13450.557 18337.161
12261.625 18676.329
11538.794 18382.035
11391.960 16995.392
12484.322 17234.586
11692.639 17732.426
12752.455 18026.404
11616.558 18132.792
13303.933 16782.035
13017.710 18856.754
13874.183 16689.778
11146.857 17428.382
12227.271 17719.452
13539.402 18302.845
13137.094 18550.772
13745.295 17146.925
12580.463 18813.489
13887.298 16744.484
13636.669 16967.097
12040.563 16544.188
12617.956 16159.998
11604.341 16831.870
12418.727 16988.325
13725.850 17231.858
11623.790 16693.553
12261.032 16357.338
11648.649 18654.375
11162.793 16262.605
12252.015 17282.913
11388.236 17622.601
13355.945 17404.371
13845.823 18528.031
11578.226 17000.588
13532.185 17478.244
13607.871 17261.873
12291.584 16593.977
11477.523 17397.339
12758.688 17787.500
12168.771 16343.377
11955.551 17168.882
12010.538 16457.468
12829.730 17401.461
11362.864 17328.108
11175.879 16942.895
13805.501 17318.324
12084.898 16124.504
12015.629 17607.491
12129.662 16452.710
11471.497 18588.900
11875.706 17733.200
12943.477 18767.613
11700.572 17824.315
11849.486 16478.491
11729.353 18143.454
12256.822 17222.778
12697.639 16248.521
11251.106 17805.469
13840.723 18120.928
12535.759 16497.204
12511.110 16303.997
13458.111 18392.934
13292.695 16437.151
11423.339 18120.348
13292.445 17368.982
11676.608 17984.703
13344.240 16317.083
13382.158 16815.441
11261.189 16211.763
12347.383 16577.526
12592.210 18540.066
12723.947 18199.946
11244.463 18870.141
13425.741 17552.663
13119.772 17578.179
13387.623 16209.845
13623.376 17439.554
12072.753 16727.610
12746.311 16175.473
12281.544 18487.247
12606.447 16846.950
12805.000 17042.057
13626.439 18608.574
11279.077 17598.187
12799.687 16821.216
13538.402 16898.068
11209.309 18557.900
13656.249 17635.103
13328.289 16266.853
11341.513 17501.913
13739.899 17978.721
13290.309 17740.552
12983.124 18572.703
13154.503 16896.634
12198.537 16248.204
13505.786 18521.939
13472.669 17150.468
11453.280 16953.232
13239.283 17832.142
13285.676 17600.312
12994.471 17444.951
13655.213 16418.219
12001.342 18425.306
13339.142 16558.127
12561.444 16442.300
13615.123 16137.672
12980.563 16968.234
13452.690 16289.851
12672.714 16938.635
12567.787 17143.683
12868.198 18668.077
11838.151 18670.147
13233.509 18847.189
12015.623 18785.986
13775.124 16497.721
12980.304 16236.315
13587.233 18404.125
13883.610 16940.657
11935.500 18009.250
12569.466 16795.687
13395.282 17044.432
12003.809 18358.576
12144.595 17130.303
11474.723 17840.460
12216.049 16770.408
12370.146 18216.754
12056.994 16970.385
12071.144 16348.700
13023.964 16286.835
12472.075 18300.463
13254.801 16524.869
12577.141 18644.367
11224.724 16235.934
12740.478 16757.149
13691.597 16824.516
12247.541 17734.300
13006.797 17416.996
12730.991 18443.512
12653.389 16964.352
11913.501 16463.351
13441.640 18394.827
12615.708 18407.417
12676.931 18034.249
13343.041 17629.230
12303.828 18272.342
13804.009 17562.153
11534.404 17160.862
13571.251 18287.401
11360.785 18448.237
11563.364 17968.054
12299.711 18384.666
13088.716 18112.111
11828.907 18077.242
12573.103 18810.076
12647.836 18201.667
13021.468 17177.570
12703.568 16415.859
13194.870 17013.366
12143.654 17064.311
13722.865 18376.756
11349.823 16826.352
11918.349 18754.773
13686.478 17830.096
12448.747 17767.205
12769.258 17557.450
13608.643 17265.618
12473.951 17349.424
11209.933 16987.878
12435.256 18604.316
11292.174 18174.133
12725.503 16545.817
12455.040 16617.665
11330.140 17008.005
11485.176 17685.450
12931.971 16847.629
11533.373 16295.749
12987.970 18280.753
13273.933 17111.867
13236.348 17397.519
13319.120 16688.474
13833.329 18153.387
12729.234 17210.792
12937.739 18703.354
11835.810 18069.756
11344.387 16902.474
13049.312 18607.941
11975.354 18459.445
11220.040 18655.700
11176.560 18633.764
13650.266 18512.896
11614.513 16530.365
11454.718 16452.681
11520.076 16224.009
13297.446 16440.805
13307.671 17016.108
13587.711 18800.349
13695.462 18742.684
12842.553 17740.138
12913.723 18161.146
13221.615 18192.722
13800.737 17104.069
11853.421 16133.223
11535.721 16668.420
11528.464 16315.408
12941.935 18514.298
13662.672 17561.042
12860.234 18229.431
12478.360 18546.293
11546.284 16750.971
12697.872 16889.591
11358.757 18004.162
12457.961 16493.178
13474.907 18532.131
11986.799 18839.334
12080.619 18702.154
11192.305 16779.418
13239.555 16998.281
13761.984 17611.369
11989.063 17286.510
11703.078 17684.257
13580.432 17182.846
13712.542 18640.095
13078.922 17626.160
12805.974 18539.143
13740.248 18249.654
13348.197 16203.199
13257.411 18526.866
11254.491 17949.827
13324.376 16700.730
13448.777 18243.590
12760.063 18639.112
13781.425 16959.073
13565.110 17987.147
12378.476 18780.686
13517.396 18174.559
12780.431 16657.226
11645.404 18532.850
12707.979 17938.948
12968.672 16944.384
12646.347 16432.978
11235.933 16127.212
13099.635 18749.668
11416.974 16847.464
12820.779 17836.480
12165.714 17700.000
11357.669 18316.973
11787.754 18677.090
12137.930 17196.131
12329.178 16753.250
11574.612 18743.285
13545.620 17153.841
12866.085 18383.476
13481.220 18340.147
11464.941 18155.965
12461.370 17795.610
12472.710 17157.596
11984.719 16437.672
13273.308 18483.885
11158.043 17385.469
13786.497 18666.574
11904.469 18295.300
11230.515 17780.877
12943.358 17738.285
12657.226 16800.900
11411.752 18075.741
11982.052 16152.139
11665.350 16378.579
11434.357 16922.260
13872.372 17063.424
13675.153 16959.382
12806.391 17626.314
12112.413 17342.738
12789.554 18425.466
12190.375 17121.089
13290.995 16917.260
11532.469 16185.702
13724.534 17297.017
12079.908 17977.075
12771.083 17580.692
12803.934 16791.871
12303.373 16608.602
12510.749 18874.399
11200.684 18847.717
11915.984 17926.603
13690.306 17362.855
12999.677 16621.091
11708.857 18448.326
13811.718 18559.733
12531.619 18207.866
13809.166 18684.421
11829.381 18466.025
13219.485 17995.691
13581.523 17780.317
12457.577 16760.559
13149.411 18680.025
11432.789 17837.713
11951.029 16751.257
12446.703 16627.664
12563.199 16971.282
11995.792 16876.201
13891.690 18465.489
11360.599 16340.063
12280.658 18087.533
11141.331 18138.683
11252.172 17065.491
12786.000 18829.732
12718.208 16862.973
11485.570 18624.802
13326.043 18065.022
12048.122 16848.595
12263.943 17993.210
11202.662 17601.972
12055.421 17253.641
11141.150 17777.086
12402.577 16684.518
12044.917 16500.458
11953.430 16512.563
12383.103 18408.776
11519.258 17878.167
13340.941 18519.442
12998.377 18206.945
11410.845 18161.466
13854.518 17595.490
13005.709 18021.259
13443.759 17941.357
13358.268 18491.425
13741.094 16954.987
13180.852 18815.606
12592.218 18030.147
13501.859 18467.334
11221.382 18837.327
13280.561 16327.980
13825.155 18850.241
12690.770 17821.778
13706.859 16722.593
12958.015 18000.230
11697.308 16895.490
11713.139 18183.327
11373.861 16925.655
13788.235 17558.368
13393.664 17825.840
13716.301 17139.988
12178.406 16217.559
13027.980 17556.559
12105.612 17358.872
12534.553 18215.128
13591.955 17628.986
11179.018 16895.503
12470.173 17521.044
13026.248 17981.318
13302.710 16577.435
13136.278 18425.655
13306.766 17852.283
13105.467 16323.011
13620.892 18653.780
12109.439 17873.184
12463.619 16570.891
12702.920 16155.177
12748.031 17662.862
12607.948 16966.455
13653.148 17909.769
11739.080 17581.530
11225.903 17696.003
11708.041 18119.079
11759.893 17577.822
11382.246 17359.080
13423.695 16825.573
12197.707 16990.421
11334.785 17619.447
13822.369 17919.272
12225.540 16731.227
13831.296 16496.610
13012.297 17893.870
13240.019 17544.015
12305.625 18739.766
11278.572 17961.487
11574.346 17718.272
11338.620 17993.726
12936.906 18591.506
11420.102 18870.444
12333.852 16300.974
11283.012 16476.162
13772.213 17170.448
13709.152 17036.257
11406.752 18632.540
12492.884 16891.272
13608.634 17945.088
12131.896 16631.250
12881.500 16989.042
13689.519 16397.463
11593.603 16558.810
12109.007 18017.502
11408.842 18259.436
11334.409 16285.195
13761.824 17421.509
11438.665 16587.590
11968.342 17470.186
12425.588 16358.217
11573.433 16554.205
13158.804 18343.906
12854.540 18641.373
12788.579 18056.696
11839.414 17075.615
12156.142 16453.034
11419.703 18234.504
12083.520 18298.697
13229.432 16676.279
13273.745 17898.520
12320.904 17383.289
12190.746 17282.849
13554.006 16510.958
11521.590 18855.109
13523.377 16970.821
11562.684 18839.909
13697.047 16760.117
13109.812 18457.063
11895.096 18315.047
12472.622 16925.187
11416.029 17890.211
11186.510 17043.033
13477.436 17431.180
13250.490 17057.823
12408.933 17036.522
12048.666 17200.857
12738.655 18007.358
13805.315 18828.417
13022.878 16288.453
12053.265 18004.808
13622.556 18634.917
12540.632 18087.722
13723.524 17887.780
11793.238 16429.111
12435.279 17094.333
11518.261 16935.582
12930.153 18042.075
12314.633 16896.395
11799.337 16993.998
12128.406 18259.172
11189.676 16797.772
11133.192 18693.470
12986.749 16502.739
12449.084 18532.900
12851.574 17295.317
12441.810 18321.436
13109.266 17160.537
12978.573 17265.107
13334.880 16968.909
13432.119 18763.562
11510.877 18548.045
12614.020 16434.546
13177.359 17140.765
13520.847 18309.117
13274.763 16511.468
12407.621 16762.668
11459.800 17911.765
11482.525 16582.726
12972.130 18804.458
13310.000 18375.668
12418.615 18290.061
12972.968 16479.532
13839.001 16868.636
11667.409 16799.256
11559.973 16979.345
12571.180 16202.114
11853.528 18673.843
11190.421 17714.619
13788.778 18184.684
11955.632 17678.132
13573.973 16420.212
13770.210 17578.863
11961.925 16838.648
12475.072 16284.763
12004.331 17091.216
11319.566 18347.353
12231.668 18598.080
12808.290 18464.911
11143.196 18000.052
11245.930 16745.636
11858.477 18130.551
11973.273 18008.258
13385.037 16338.574
12288.630 17257.380
13712.414 18841.623
11676.237 16400.245
13095.501 17207.195
12047.900 17804.604
11382.180 16931.995
11652.355 17834.600
11174.385 17553.495
13799.588 16813.723
11595.781 16455.182
12811.442 18664.356
13635.229 18454.194
13613.952 17417.148
12783.098 17233.195
13230.026 18619.745
13020.239 16466.088
13111.598 18022.761
11606.682 18304.239
12883.934 18488.614
11469.309 16680.909
13560.675 17374.609
11819.643 16589.086
11745.299 18283.669
13359.946 16703.258
12069.659 16898.592
12572.733 16733.638
11707.016 18216.916
11238.336 16839.308
11171.873 16503.608
13029.218 16966.039
12772.891 17536.747
11462.076 16849.290
12901.830 16906.258
12933.029 17373.660
11138.364 18099.096
13602.018 16255.791
11531.554 17781.108
11467.157 16765.546
13111.147 16397.931
13601.477 16286.544
13692.033 16204.722
11276.267 16554.637
12716.524 18869.965
11341.836 18160.971
12953.216 17680.279
13666.368 17603.478
13646.826 16809.123
13607.212 17060.861
13379.933 18503.352
13191.490 17062.019
13351.093 17325.281
13102.831 18436.695
13573.913 18837.551
13487.272 16862.680
11191.027 17002.927
12424.782 17403.211
13732.549 17824.476
11669.231 17246.158
11684.084 16576.577
11752.433 18467.507
12679.835 17594.739
12123.090 17141.834
12515.191 16645.047
11321.672 17798.270
12774.521 18485.449
13565.759 16544.815
12990.271 17615.447
12685.582 18363.710
11951.158 16829.833
11305.871 17174.857
13615.243 16382.795
13456.723 17739.302
11400.678 18530.215
11496.421 16673.266
13850.274 17474.985
11656.273 16806.460
12199.200 16947.150
12541.010 16476.207
11320.077 18718.051
13213.075 16191.611
13898.128 17463.895
13153.670 17574.059
13465.184 16790.321
13800.757 17618.185
12414.567 16790.258
11611.736 18700.613
12884.015 17403.906
12683.374 17431.998
13201.020 18294.413
11168.712 16739.637
12710.347 17984.641
13663.801 16585.979
11198.950 16196.893
13328.985 18237.560
12877.824 17562.839
11578.758 18493.522
12613.039 16869.045
12196.929 18527.228
13168.374 18833.968
13770.192 18383.433
13302.216 17516.712
12473.526 17824.400
11763.444 18268.242
11364.214 18837.165
13016.942 17330.716
12410.377 16619.693
11539.649 16147.283
12837.591 17201.312
11521.418 17739.552
11580.151 18858.060
12908.206 18700.269
12671.507 18493.156
11663.932 17027.817
13091.254 18623.947
12217.912 16148.293
12225.496 17734.107
12695.634 16672.243
11980.778 16767.428
13888.752 18295.913
13426.612 18724.464
12330.653 16612.469
11668.296 17125.601
13114.555 18232.421
13603.726 18278.113
13378.664 18293.236
13782.844 16513.906
12152.162 17781.894
12202.749 16814.810
13154.120 16290.628
12710.402 16607.915
12752.508 18755.927
11199.679 18776.736
13537.010 16362.586
12076.970 17622.593
11643.783 17631.716
13277.337 16348.463
13290.477 16829.239
12658.796 18092.726
11781.195 18198.364
11232.175 16974.864
11595.041 18719.669
13589.568 16566.676
12909.622 17164.102
11597.866 18470.784
13853.336 17873.869
11588.514 16955.115
11919.498 18071.344
13205.660 17342.761
11888.504 17067.516
12043.024 17275.482
11641.690 17038.804
12242.341 17198.469
12658.390 17816.433
12485.563 17888.041
11353.431 16132.442
11720.211 17251.065
12034.082 17751.287
12748.169 17954.605
13606.777 17327.799
12554.111 16395.527
12353.094 17866.487
12461.075 17713.539
13481.588 18722.326
12108.759 18753.432
13215.591 18772.339
12902.624 18110.675
12867.608 16441.162
13225.817 16568.733
12744.852 18877.382
12877.279 17605.274
13606.294 18498.888
11441.059 18106.254
13124.845 17092.482
11267.923 18384.620
12329.998 17648.198
11441.177 17837.161
12175.355 16981.276
13417.538 18575.482
12458.626 18854.014
11208.455 17372.528
12788.757 17002.209
13554.188 17234.417
11465.305 18202.849
12981.910 18500.645
12651.522 17723.563
11536.459 16613.885
11405.503 17777.418
11759.034 18151.711
13010.056 18519.414
11506.634 17498.955
11381.635 17075.003
12306.874 18474.541
13272.993 17543.875
11687.312 18300.131
11382.333 17245.612
13047.625 17992.803
13317.061 18350.579
12277.937 16575.684
11362.179 16537.004
13113.100 16376.072
13233.156 16685.321
11548.608 18481.225
13566.586 17824.266
13142.040 17311.312
11330.994 18793.150
13542.147 16642.436
11944.978 16713.137
11169.336 16268.778
13747.579 17086.373
12979.367 17606.302
12807.273 18704.874
12452.532 16595.524
12466.410 17301.211
12687.098 17284.340
12332.004 18380.899
13199.181 16185.665
12206.330 18851.013
13573.405 17318.202
13066.527 18617.519
12882.823 17870.740
13407.161 17821.559
12987.122 18466.421
12736.884 18202.150
11530.603 18569.484
11961.848 18108.012
11997.726 17619.463
13115.037 17028.564
12686.790 18347.617
11284.480 17960.407
12279.318 18321.460
11509.023 18874.867
12425.945 17914.992
12191.850 17411.903
12755.512 17227.110
12583.850 18428.904
11451.364 18047.061
11133.762 16874.883
13402.109 16687.560
12245.595 17186.571
12281.993 16434.696
12097.110 16573.667
11741.733 18202.437
13215.753 18574.670
12427.953 16396.829
12169.344 16993.779
11424.373 18877.182
12637.575 18365.507
11408.171 18007.430
13484.516 16437.328
13439.767 16342.380
12912.207 18280.187
12639.125 17489.757
11982.376 17600.798
13182.451 16842.713
12987.270 16146.524
12619.889 17380.652
13331.423 17966.588
12165.873 16557.111
12553.062 17683.596
12906.307 18466.302
11787.807 17984.587
11137.988 18680.181
13404.790 16182.429
11400.265 16248.502
13611.414 18883.519
11568.380 16522.398
12195.100 16756.569
12676.238 18118.911
12795.380 18549.708
12832.224 17063.740
13060.910 18532.339
12062.792 18078.021
13388.381 17519.594
12364.717 17354.676
12306.325 16474.047
13291.664 17392.570
11914.147 17049.148
12421.971 17918.529
11976.811 18148.179
12457.815 18742.155
13021.076 18104.649
12388.930 17388.197
12515.931 16320.747
11545.493 18156.133
13860.808 18082.210
12517.518 16966.367
11481.314 17937.197
13811.133 17323.486
12102.435 17113.219
12370.373 16533.220
13833.186 17345.718
13025.528 17229.202
11750.932 18357.536
13649.432 17040.959
13712.140 16978.734
12941.000 17830.183
11927.346 17949.870
11841.262 17953.226
12479.392 18514.425
11476.184 16719.291
11534.059 17461.177
13060.208 18538.706
12868.000 16371.806
12350.880 18388.785
12484.478 16621.972
12079.061 16428.751
12952.183 17590.790
12442.294 16489.261
11798.861 18791.045
13575.327 17422.392
11808.721 16996.022
11558.062 16942.406
13462.755 18539.165
12405.498 17121.402
12919.784 16156.532
11789.771 18789.320
11861.509 16683.542
12319.727 18477.581
12414.053 18376.059
13006.625 17594.285
13860.787 18404.083
11722.277 18877.680
12433.781 17568.279
13133.963 16309.388
13483.270 17577.831
13747.394 18299.557
11973.032 16687.714
13668.103 16751.455
11366.334 16396.602
12843.694 17917.875
13130.988 16120.682
13632.560 16746.760
13221.425 16672.803
11541.997 18648.766
13299.998 17018.044
13825.979 16465.358
11868.446 17539.019
12113.176 18483.484
12131.390 18114.550
11275.840 17950.977
13226.411 18688.615
12735.137 16856.418
11743.307 18678.225
12000.670 16876.770
13185.907 17795.465
12183.345 18663.057
11916.279 17951.169
13857.756 17275.858
11517.162 18633.172
12880.987 17749.067
13722.718 18172.718
11577.910 18188.400
13548.888 16475.501
11211.784 18070.447
12529.414 17270.248
12214.503 17120.611
12735.673 16228.742
11523.627 18451.243
11324.246 16748.575
13196.036 18341.433
11132.454 18819.313
13721.572 18493.776
13362.632 16389.440
13857.100 17197.964
12843.302 16365.259
11133.886 17236.391
12390.000 17975.036
12486.141 17967.704
12620.004 17029.742
12580.380 18690.763
12880.897 18336.698
11795.318 16898.498
11268.509 17725.597
13074.571 16216.707
11961.770 17794.629
11474.413 17883.058
12252.028 16344.073
12608.628 17448.573
12215.873 18207.683
11373.432 17654.450
13770.559 17203.551
11704.280 16163.952
11888.819 18819.721
12266.876 18827.396
12696.068 17467.997
12430.639 17082.113
12094.418 17639.486
13901.970 18283.121
13707.027 17936.763
12505.418 18494.545
11671.205 17903.378
12049.056 17596.302
12589.932 16320.291
13188.283 18593.373
13508.149 16749.233
13261.036 17456.099
13365.979 16605.880
11859.259 17354.819
13833.872 17706.824
12946.158 18681.385
11822.411 17850.340
12739.289 18142.007
11698.678 16909.361
11624.335 18196.693
13036.176 18369.576
13702.455 18800.557
12230.381 18276.239
13639.990 16264.848
12179.207 16692.313
12421.988 18046.745
13326.470 18274.823
13019.391 17288.675
12698.263 18767.143
12693.193 16590.000
11137.056 18360.973
13525.684 17670.819
11291.996 16133.747
11837.999 16224.590
12258.480 16178.984
11950.013 17448.810
13311.247 17758.534
12952.302 17580.521
12631.594 17163.667
13124.650 16925.513
13114.380 18777.702
12278.009 18740.239
13240.827 16913.227
11337.016 18762.784
13100.956 17485.766
13082.868 16193.982
12311.951 16296.489
12946.267 17744.555
12815.505 16490.302
12363.220 16720.615
12116.929 17519.165
11558.123 18049.780
11797.749 16836.309
11587.512 16411.729
12467.003 18768.196
11453.729 16853.191
13215.659 17955.489
11227.628 17355.041
11396.459 18825.815
13747.192 16641.943
12816.142 18121.764
12189.923 17158.540
12007.324 17379.704
13496.421 16176.490
12590.155 16312.776
13301.972 16247.216
12306.648 16549.899
11873.985 16903.826
12582.516 17228.125
11923.254 17909.116
12705.852 16641.535
13735.760 18381.914
12251.792 17159.983
13893.343 18048.865
12847.531 18587.448
12847.605 17016.739
11146.396 17772.010
12451.483 18293.038
11772.511 16410.178
13729.732 17211.474
11735.861 16509.885
13675.010 18705.529
11603.349 16735.479
12114.669 16788.750
12438.744 16937.162
11950.499 18158.624
12186.375 16247.141
13720.831 16725.272
12654.770 16418.399
13392.115 17942.591
11139.074 17314.099
12706.719 18871.787
12649.050 18496.736
12805.028 17135.094
13325.329 18046.771
12836.682 17879.925
13888.894 16635.741
12482.219 16712.497
13511.986 18368.513
13842.211 18061.837
13710.487 16772.939
11911.048 17197.862
12009.450 17886.794
11668.221 17102.461
13111.516 18426.071
12558.244 16708.690
11361.327 18439.833
12889.108 17842.843
13615.204 18488.068
13134.088 17682.857
12978.380 18532.591
12443.061 18636.799
13395.653 16641.810
11367.415 17756.615
13564.249 16329.047
12576.019 17465.856
12902.857 16662.384
13717.694 18681.409
12322.032 16715.862
11665.135 17277.040
12765.639 16383.911
13827.402 18070.859
13877.775 18298.579
13181.513 18435.983
13077.312 16443.295
12926.500 16829.376
13273.266 16993.612
11582.253 18135.203
11905.040 18194.694
12383.227 16446.015
11987.263 16442.289
13361.414 17310.684
11403.616 16254.003
12232.498 16437.908
13428.451 16930.272
11898.675 17577.663
11348.088 17569.655
13142.961 16790.806
12770.581 16742.311
11489.606 16665.176
13816.021 18255.981
11543.340 16441.664
11859.120 17715.361
13223.404 17724.911
12535.733 17348.794
12289.462 18078.283
11408.554 18666.062
11527.593 16276.411
13598.935 16764.499
11690.920 17316.143
12434.010 17841.926
13044.108 16906.621
13306.204 16884.884
13596.475 18887.987
13602.645 18352.315
11784.772 16529.124
13838.206 17983.663
11963.591 18447.441
13208.915 18623.385
11653.406 18246.889
12901.990 16360.249
12011.302 18886.881
13557.641 18872.133
12342.195 18005.093
11339.497 16358.193
11548.364 18752.013
11651.825 16703.655
12975.929 16347.870
11410.997 18189.006
12995.151 16787.410
13453.575 16270.786
12687.091 16417.136
11265.586 16981.614
12030.877 16774.515
12763.896 17539.251
11923.550 16860.933
12466.003 18776.131
12403.398 17462.068
11551.897 17284.278
13495.621 16758.544
11912.146 16552.654
12309.120 17240.374
13450.670 18761.827
11973.201 18710.451
11352.402 18787.818
13197.581 16319.452
13143.518 18379.108
11753.791 16132.110
11683.155 17563.341
11941.318 16650.127
13046.687 16532.751
11704.405 17371.694
12382.109 17877.768
11986.554 16987.289
13805.774 18639.476
11527.340 17765.096
13456.576 17210.813
11544.437 16916.447
12455.932 17306.429
11672.383 16128.159
11214.185 17027.372
12187.146 16919.505
12052.802 18209.803
12735.430 18589.829
12426.479 17338.192
13270.338 16791.204
11911.880 17160.397
13680.156 16409.647
11486.169 17709.994
11523.383 18533.401
11519.481 16918.318
13291.752 17103.701
13162.961 17614.279
13593.526 16974.486
11867.875 17447.226
12642.711 16375.881
11727.107 16494.319
12293.478 18694.000
11842.884 17732.493
13075.991 16987.356
11483.535 17991.867
11991.025 16556.464
12671.387 17527.179
12543.809 16739.513
13118.793 16260.062
12871.675 17969.794
12901.172 17575.166
11413.141 18733.781
11777.317 18691.113
13178.198 17820.913
12005.654 16314.205
11734.938 16609.746
13195.008 17197.545
13746.304 18387.924
13782.909 18068.926
13756.107 18064.050
12759.587 17203.144
12463.427 17617.165
13188.098 18132.745
13110.754 18097.693
12007.333 17012.868
12550.568 16590.373
12070.042 16209.699
11601.867 18021.909
11769.413 18609.365
12723.010 18395.763
13673.432 18337.007
13223.533 18781.934
13323.239 18422.703
13166.408 16746.679
12066.086 17585.326
11261.018 16233.585
13042.733 18481.190
11402.189 17799.413
13170.653 17103.102
12831.750 16862.708
12572.430 17931.663
13194.545 17287.666
13595.971 17151.130
11934.722 18424.099
12692.797 17737.761
13243.065 18120.588
11898.599 16198.142
11970.129 18485.071
12405.690 17786.567
13160.416 16239.598
11161.334 17857.185
11797.221 16148.217
11160.307 16653.032
11204.608 16547.097
11528.295 18176.860
13438.601 16260.144
13330.872 17116.482
12368.398 18067.148
12316.076 17096.626
13150.615 16549.138
12469.644 16177.750
12031.345 18181.935
11585.536 17951.210
11942.918 16552.541
12198.382 18213.597
11963.310 17757.623
13491.597 17648.713
11338.035 17277.861
11950.872 16664.619
12734.103 18666.858
12699.945 17879.577
13416.786 17030.699
12570.998 16698.882
12363.326 17075.614
11283.564 17458.612
13813.619 18434.195
12607.374 16861.984
13741.061 17316.528
11344.839 18696.541
13136.398 16421.018
12063.838 17797.592
13370.213 18830.017
13631.607 17550.893
13345.063 18646.076
11404.476 16208.764
12291.603 17608.354
11883.485 16867.040
13668.786 17655.223
11947.849 18572.470
11706.536 17290.565
13370.345 18768.615
11417.585 16364.735
13613.863 18305.652
12452.402 17138.246
12128.377 16594.347
13368.188 18308.763
12406.012 18837.046
11800.709 17463.400
12936.695 16919.790
12864.452 17423.523
12266.339 17494.693
11685.478 17050.600
12756.970 16130.610
12969.473 18366.980
12071.515 18668.944
11959.657 17856.365
12168.451 16835.590
11989.757 16934.027
12757.403 17872.774
12986.761 17070.133
11371.946 17709.327
13603.686 16404.207
11166.910 16439.927
11226.895 18249.909
13546.785 16679.843
12888.651 17511.762
13788.400 17460.347
13227.722 16343.052
13094.323 18169.109
11862.923 16898.833
13694.333 17111.221
13783.306 18747.871
13307.887 16321.386
13874.486 16429.821
13548.974 17581.017
13104.798 17708.589
12360.479 17470.862
12924.769 18377.184
12336.149 16812.352
13878.090 18449.747
13608.752 18190.198
12659.642 16787.640
12375.461 17424.854
12324.066 16870.320
12609.330 18326.042
11523.056 18367.765
11133.480 17617.642
13176.589 18407.664
11269.003 18540.770
12608.819 18764.456
11590.589 18469.139
11141.021 16595.480
13224.282 16746.675
13661.167 17190.721
12070.049 16679.677
13170.453 18568.088
12055.259 17381.529
12615.507 18037.545
12596.429 18041.039
11407.476 17271.728
13244.059 18370.517
12461.384 17496.899
13794.384 17117.112
12121.250 17262.919
12002.048 16539.303
12520.361 16959.974
12399.792 18168.332
12145.457 18843.672
12736.431 16670.021
13696.445 16238.587
11688.546 17910.894
11762.299 17638.833
12697.641 17123.352
11467.816 17465.652
13828.946 16420.708
12949.498 17197.868
11464.964 17166.032
11535.410 17764.755
11131.193 16543.742
11550.177 18737.689
11308.963 17651.392
13880.477 17342.998
12861.417 17387.846
12750.347 17498.413
13798.307 16677.122
12056.606 18664.084
11167.894 16880.396
12617.060 16201.035
12239.585 17607.683
11513.081 18224.505
12945.323 17485.363
11226.518 16600.537
11470.038 16461.026
13897.675 16218.239
12196.924 17088.114
12810.422 17210.054
11243.425 18006.902
11603.160 18684.510
12389.565 18047.571
12258.754 18643.506
13086.311 18507.162
13287.837 17792.481
11652.338 18155.008
12682.196 16488.265
12213.927 17142.320
11628.122 17168.250
12525.148 17928.989
12024.647 17730.971
11375.593 18004.378
13723.418 18015.634
12511.695 18647.076
13523.370 16526.376
11927.532 17735.366
11869.372 17874.397
12409.239 18746.359
11474.627 18678.476
13578.401 17349.840
13777.454 16485.132
12088.578 18132.570
13521.584 18351.474
11613.958 16441.324
12587.189 17698.351
13198.012 16668.179
11363.879 17068.101
13296.986 17490.217
12312.077 16632.440
12334.115 16866.339
11777.355 18641.712
13178.466 16233.032
11432.256 18784.021
13663.757 17696.919
11819.225 16840.598
11364.090 17219.759
11762.376 18121.001
12271.946 18656.105
13417.902 17641.734
11685.645 17671.500
13002.416 18502.419
12067.667 16739.101
11840.967 16280.642
12031.776 18764.809
11424.162 16714.386
12857.949 18828.949
12724.355 16795.184
12291.592 17666.223
12092.200 16609.253
13444.645 17314.389
11406.128 16934.318
13744.911 18315.226
11404.621 16211.024
11566.164 16131.081
11871.533 17653.321
12357.708 17066.336
13868.226 18262.394
12693.463 17906.475
12853.658 17425.771
11422.938 18166.086
13386.004 18105.790
13419.622 18109.307
13134.314 16938.881
12326.757 17199.466
13605.200 16111.992
12055.310 16374.175
13666.019 16960.867
13002.242 18829.933
13032.493 16956.154
11328.183 16661.866
13351.013 18722.449
11487.812 17207.780
13336.043 17360.215
13268.561 17750.540
12852.001 17952.213
11847.561 17005.603
12872.054 18127.017
13336.702 18731.313
13024.306 16558.433
11825.719 16985.059
13397.537 16371.925
13500.546 17525.255
13648.237 17353.236
11264.632 17317.519
13451.162 16674.438
13131.858 16320.365
11353.048 18657.770
12672.230 17374.230
13524.648 17557.072
12992.103 16939.088
12228.295 16479.886
11827.146 18825.443
11992.359 16361.321
12523.007 18791.971
13598.619 18844.452
13643.788 18251.479
11435.042 18155.055
13672.003 17979.036
13312.622 17166.626
13209.995 18698.259
12465.006 17094.457
13842.530 18687.387
13121.833 18048.557
12894.974 16512.802
12973.473 17208.842
12369.293 16438.664
13868.970 16954.937
12374.670 17685.403
11342.852 17250.219
11451.162 16424.131
11198.105 18812.040
11479.242 18675.655
11400.297 16913.969
12334.377 17997.613
11670.436 18371.506
11620.878 16835.518
12465.923 16601.268
13005.183 16979.338
11450.468 18118.315
11821.715 17842.126
12366.494 16845.309
12640.065 16533.171
12240.060 18351.951
12869.936 16693.795
13802.903 18378.009
13068.598 17551.216
12536.468 18862.683
13232.974 18295.702
11475.493 16666.312
11536.644 18595.469
11357.610 16164.010
11479.067 17402.987
12739.034 17422.824
13081.445 17894.877
12228.334 18021.636
13318.496 18555.895
11448.104 18055.146
12093.233 17336.197
11303.938 16959.548
11639.547 16140.901
12075.020 17569.812
12152.852 18763.196
11318.691 16762.113
12012.528 17291.784
13514.239 18305.533
13272.485 18734.093
11322.331 16247.081
11941.669 16472.486
11819.218 17922.311
12391.580 17819.150
11146.120 18711.164
13840.533 18034.657
12711.391 17826.450
13889.977 17481.948
11180.750 18077.631
12857.344 18800.149
12817.499 18882.993
12942.991 18192.990
12862.336 16694.322
12306.082 17978.348
12836.793 17004.766
13311.680 18738.879
11929.080 17302.130
11593.793 18479.945
12907.675 18446.570
12926.563 17345.114
12712.971 16195.909
13708.183 16231.912
12945.739 17502.893
11170.056 16341.567
13705.113 18370.055
12586.531 16554.732
13120.392 18875.840
13344.631 16499.318
13889.689 17986.831
12969.738 16295.648
13833.338 16859.619
13431.204 18407.017
12194.454 17681.422
11302.121 18834.149
12303.352 18557.997
12179.299 18778.078
12235.351 18234.818
11715.903 16494.029
12381.881 17122.843
11167.957 16309.177
11834.005 16752.483
13339.855 17850.709
12787.498 17432.945
11974.788 18667.390
13382.361 17041.564
12142.193 16889.592
11592.889 16925.592
12025.626 16162.710
12158.782 17447.036
13339.242 18221.187
12197.772 18443.028
12986.342 17569.192
13398.838 16368.952
12559.685 16429.507
13154.986 18732.356
12850.471 18372.419
13801.266 16546.346
12329.751 16805.112
12646.768 17010.084
13492.356 17353.820
11266.360 17879.836
11830.717 17170.518
11418.720 16533.581
12534.872 17216.206
12843.644 16580.327
11697.879 16908.344
12730.007 17155.150
12796.939 18779.070
13450.199 17505.180
13172.990 16346.692
12842.400 17509.641
13735.143 17326.857
12334.481 17351.274
13259.393 16238.924
12256.732 17361.998
13317.552 16192.647
11426.892 16386.085
13114.800 17185.207
13594.395 18125.202
11915.414 17239.330
13383.578 16219.763
13805.975 18211.977
13505.097 17637.335
13557.131 16360.796
13532.067 18863.589
13316.972 16820.492
12410.388 16353.331
12537.226 16532.200
11386.977 16789.420
13459.518 18123.745
11669.071 16123.279
12036.915 16421.766
11876.653 17728.884
13568.048 17199.544
12062.408 16459.867
12374.781 18159.179
13416.086 18148.771
12858.548 18152.255
13778.219 17252.659
12716.251 18651.333
12754.979 16205.884
12784.950 18113.130
13742.428 18348.882
12963.677 16552.283
12969.763 16547.607
13461.798 18442.101
13739.982 17817.541
11501.759 16494.921
12809.772 17637.129
11467.135 17844.502
11998.377 17415.842
12934.554 17341.902
13379.415 17932.591
11788.027 17741.112
11347.113 16667.802
12726.488 18770.752
12718.227 16251.544
12528.552 16363.477
12611.006 17616.764
11818.079 17800.036
13300.366 17490.360
13004.625 18462.314
12290.054 17418.457
12036.790 16278.087
11461.470 16693.909
11239.248 16582.032
13838.367 17596.508
13738.465 16381.898
11145.694 18836.707
11767.140 16729.163
11174.142 18094.629
12046.919 16704.749
13002.710 17360.169
13048.532 18748.919
11870.405 18749.951
13649.025 17362.509
12421.574 17704.695
11374.215 16808.765
13098.403 17211.180
12726.343 17909.639
12082.720 18470.842
11969.284 17337.298
11522.990 17434.973
12654.674 18020.405
12149.129 16464.443
13827.011 17658.778
13297.944 18392.468
13248.767 17718.287
13354.123 17208.892
13898.452 16230.187
11883.042 16709.938
12218.493 18198.789
13498.784 16198.476
12803.738 18101.033
11289.154 17741.499
13023.714 17580.046
13122.956 16613.499
11984.486 16164.422
12211.114 18291.106
12750.135 17890.007
13003.343 18589.106
13161.921 17303.398
12308.294 18524.499
11596.541 17810.082
13575.907 16511.642
12702.713 16787.503
13427.412 18829.206
13232.392 17106.681
11869.289 16222.956
11776.712 16698.708
13649.692 16746.484
13196.564 18060.731
11130.470 18055.324
13826.836 16291.406
13214.375 17742.674
13191.918 16474.792
12776.892 17552.022
12825.430 17305.882
13807.689 17581.601
12399.703 16626.626
11659.904 17291.967
11372.863 16891.268
11466.420 18546.647
12790.404 18097.234
11560.080 17622.420
12264.948 17223.375
13175.767 17425.737
11805.508 18439.776
13650.814 17615.896
13671.266 16567.309
13890.118 17919.397
11191.052 17032.115
11396.474 16228.016
13339.254 18008.893
11908.711 17671.477
12087.423 16395.125
12899.606 16420.720
11625.904 17916.560
12675.610 18756.678
11852.328 16354.352
13734.370 18594.131
12654.486 16811.310
11399.394 18160.443
12923.952 16620.997
11994.753 16437.056
11904.953 17852.523
11871.565 18674.694
13653.936 18585.285
13407.176 18852.548
12412.869 17240.276
11496.653 18429.370
12268.959 16296.913
11773.981 16193.290
12311.870 17596.054
12122.009 17635.588
12716.679 18353.198
11148.528 16176.101
11477.834 17383.359
13774.881 17597.358
13696.735 16184.810
12279.782 18295.089
13903.972 16643.748
13289.825 18640.923
13766.629 17068.957
12036.000 17492.078
12117.978 18849.245
13592.400 16385.557
13741.283 18595.467
12825.476 17847.504
12660.015 16374.781
12828.364 18795.028
11950.199 18251.749
13520.489 17333.558
11805.525 18062.372
11652.958 17048.145
13875.227 18571.364
12808.343 18661.960
12451.664 16252.694
11512.491 18626.990
13883.106 16979.558
11700.382 17510.335
11987.209 18317.319
12824.035 16228.943
12624.418 17552.380
11724.233 18475.641
12677.849 18252.238
12619.632 17686.412
13345.479 17222.241
11345.855 18723.816
12213.394 17063.571
12109.722 18146.359
13048.546 17127.262
12005.892 18280.829
12189.841 18558.891
11185.137 17158.006
13281.302 17255.122
13645.356 17457.892
13359.682 17328.350
12943.044 18683.610
13503.307 16227.187
13121.609 18213.143
13360.800 17334.585
12058.722 17627.513
12883.082 17300.419
12441.668 17314.169
12512.340 18087.851
13452.657 18835.827
13613.226 17235.686
13148.767 18148.065
13376.402 17544.317
12886.218 17382.755
11508.111 17708.546
13632.156 18824.219
12529.813 16639.814
13264.960 18840.099
13851.589 18134.370
12769.621 17407.223
12101.930 17120.213
12842.743 18757.790
13715.443 17875.144
13557.206 18125.517
13367.388 18522.359
13214.184 16958.239
13536.023 18491.235
13674.265 18650.582
13613.467 17824.626
13052.959 16730.920
13262.160 16604.679
11181.419 16296.075
12327.542 16781.706
11874.095 17346.491
11386.655 17819.175
13474.911 18485.422
13140.153 18183.630
13656.985 16124.507
13021.254 17224.266
12338.322 18238.837
11250.859 17458.726
13338.545 16810.193
12655.271 16325.836
12666.734 18528.677
12490.737 17995.843
12799.814 17123.656
13498.991 16188.042
13704.016 18854.778
11906.295 16534.372
13372.530 17057.875
13044.651 17558.210
13249.511 17406.939
11316.426 17315.327
13575.628 16670.764
11849.449 17145.967
12320.801 18782.636
13518.084 17093.551
12527.753 17668.009
12268.385 16701.488
12138.089 18083.834
12558.011 17759.254
13282.875 18303.617
11362.415 17520.443
12056.612 16169.731
12162.347 17393.659
11915.560 16549.164
13167.950 18606.501
11296.480 16516.862
12105.609 16512.921
11299.964 16296.417
12772.370 18883.269
12037.750 18756.662
11602.714 16307.250
12761.377 18772.379
11951.852 16991.101
13188.975 16817.018
11918.279 17737.443
12937.697 16678.932
12516.563 17666.186
12240.854 17062.582
13226.423 18547.147
12895.943 18629.959
12774.805 18465.548
13094.714 18152.391
12746.843 17798.223
11152.010 16742.986
11331.631 16836.566
11518.891 18096.129
12642.439 16910.460
11849.162 18850.702
13552.976 18396.621
13147.552 18611.979
13303.440 16124.597
13194.370 16438.806
11503.532 16268.349
12387.337 16887.808
11477.935 17908.008
13753.924 16762.154
13448.898 16148.208
13145.960 17586.612
11630.421 17850.157
13324.496 17326.997
12349.291 18786.617
11651.758 18565.165
11129.301 16909.604
12651.319 17772.758
13456.542 17731.746
13593.080 17635.594
12159.664 16259.845
13060.688 16269.446
13170.977 17818.359
13325.331 17460.372
12577.752 17521.908
12306.966 17298.825
13896.575 17448.302
12951.455 17170.491
12325.284 17006.946
13791.213 16852.148
12108.449 18713.263
11308.687 16650.551
12335.403 16244.255
12051.658 17187.751
11830.948 17184.268
11706.848 18428.111
11736.111 18347.393
12527.344 16223.703
13135.079 17750.291
13299.875 17660.806
13085.947 16389.467
12079.867 16961.084
13557.778 18152.544
13652.899 17867.547
11985.028 17881.010
12185.385 17132.813
12021.615 18659.075
13890.803 16315.740
13648.428 16271.544
12173.580 16995.381
11192.564 17404.751
12754.766 16495.604
12905.924 17787.370
11221.182 18576.959
11215.953 16764.996
12125.054 18888.769
12380.620 16133.112
11934.434 18460.160
13399.228 17283.548
13689.953 17503.717
13414.069 17337.932
12180.580 17740.779
11303.891 18195.320
11276.523 16938.515
11394.324 18384.615
12789.075 17923.364
12902.053 17272.617
11861.829 18790.740
11703.602 16544.460
12514.734 18705.762
12382.247 17987.119
11828.621 17427.980
12025.769 16787.092
13784.654 18481.854
13855.135 18214.952
12066.718 16327.274
13631.152 16860.415
13042.459 18047.651
13568.044 17050.031
11644.219 16750.233
13844.190 18455.690
13313.244 17031.680
12794.414 17215.680
11783.680 18651.095
11737.125 16262.126
11166.263 18641.061
12755.926 17416.379
13515.877 18885.375
11630.339 16948.113
13895.586 17097.275
12419.072 16828.979
12715.346 18591.059
13314.834 16629.379
11671.990 16137.547
11847.139 16624.227
12922.882 16722.707
11601.695 16421.249
12866.959 16265.980
11937.473 16506.967
12679.513 17338.751
12604.524 16314.137
13452.688 17746.442
11658.507 18766.797
12381.396 18826.210
13278.124 17477.788
11381.554 17955.422
13264.221 17514.551
13435.645 16385.157
11623.241 16628.500
11270.660 18860.399
12737.379 17191.627
13716.403 17554.964
13196.557 17209.604
11522.029 18028.192
12311.790 18807.397
11553.669 18436.573
13693.044 18727.896
12321.098 16255.772
12841.437 17957.621
12068.065 18550.934
11255.628 16232.861
13701.341 16291.239
13535.580 18149.385
11567.662 16643.999
12341.843 16867.185
11316.721 17752.634
12638.084 18229.043
11905.667 18554.210
13892.925 16598.906
13130.973 17214.994
12610.982 18309.794
12644.094 17525.093
12192.441 16495.324
12188.601 18084.447
12501.962 18796.653
12106.767 18584.484
12136.067 17360.223
13134.023 18871.014
12244.612 16599.872
13845.514 18645.885
13635.497 17046.146
11264.547 18730.524
12895.546 17955.540
11250.446 16740.385
11147.848 18536.057
12400.656 18169.915
12663.415 18828.866
11887.185 16373.983
12401.996 18731.296
12973.589 17006.191
12536.117 18572.835
12003.753 16223.490
12386.137 18499.844
13852.895 17362.216
11366.660 18047.427
11512.038 16830.555
12232.494 18613.047
11520.550 17363.358
11508.617 16760.401
12090.485 17617.753
12949.535 18847.017
12439.412 16551.339
12259.272 17617.289
12735.151 17321.456
11801.915 18319.397
12694.112 17149.990
12829.828 17136.594
13666.179 18704.898
12227.585 17841.190
13872.963 18357.831
11128.662 17740.968
13765.253 17488.387
13810.403 16498.398
12412.946 17689.623
11334.965 18141.119
12631.742 17569.824
13206.415 17980.847
13146.664 16830.236
13878.122 18861.105
13005.579 18673.718
13446.826 17102.614
13681.484 16740.583
11553.921 17242.359
12223.983 17407.692
12397.697 16135.309
12717.823 18367.395
11762.487 18803.434
12144.051 17016.104
11894.540 17519.210
11316.097 16519.531
13315.369 17441.686
13402.220 18696.873
12339.435 18230.763
11952.082 17127.213
11963.237 18888.526
13053.046 16182.926
12667.868 17803.346
12090.512 16449.319
13691.453 18661.089
13774.925 18486.527
13197.361 16627.878
12510.146 17226.016
11893.166 16237.386
11897.042 16810.464
11702.373 17486.320
12992.600 16635.409
12138.495 18124.708
13615.695 16158.134
13454.992 18635.018
12647.775 16714.538
12274.320 18446.152
13077.944 16142.710
12838.366 17254.886
13154.255 18106.945
11698.715 17267.470
12872.469 18612.906
13799.291 17255.670
13634.455 16344.912
13509.387 18867.042
12464.685 17714.747
12484.555 18295.502
11988.200 18226.581
13706.064 16120.177
13723.618 17876.330
12917.622 18234.113
12797.227 16673.714
13496.915 17370.719
11910.832 17846.342
13549.024 18014.607
11525.217 16480.886
13782.185 16402.606
13885.110 17541.708
12596.639 18794.810
12337.647 18756.174
13709.069 16735.759
11455.357 17632.189
13402.487 17849.153
11936.333 18148.354
11473.711 18281.525
11900.956 17768.448
13258.004 18335.111
11293.214 17152.063
13862.482 18297.278
13182.005 16335.481
11781.775 17346.725
13901.887 17856.395
13226.533 16126.881
13001.223 17983.948
12812.420 17776.517
12354.193 16816.804
12960.554 17993.948
12716.410 18722.876
13034.898 18818.057
11158.410 17151.330
11906.453 17370.044
12799.901 17927.542
11585.365 16753.773
13249.990 18848.608
11183.115 17309.215
13105.933 18062.020
12375.303 16880.631
12620.315 16401.856
12612.857 18036.212
13318.847 17520.495
12231.482 16575.860
13860.329 17703.274
11203.445 17520.878
11886.034 16994.866
13298.006 16252.365
12274.523 18868.123
11199.068 18834.811
12901.862 17798.726
11171.002 16338.151
11956.044 17949.633
13048.427 17910.339
12918.121 18591.911
11685.546 16182.705
11414.587 16132.733
13049.077 17140.468
13428.908 17621.046
12065.499 17032.742
11464.440 17071.984
11411.682 18814.876
13493.818 16307.341
13265.330 18473.614
12856.136 18418.193
11589.239 18676.861
12823.070 18568.620
11725.519 16458.925
11614.108 16197.992
12520.388 17432.123
13576.241 17988.375
11205.192 16147.919
12771.255 17361.354
11327.272 16371.311
12932.284 18488.305
13391.299 16303.084
12833.742 16238.213
11317.361 16666.541
11939.782 18827.263
12178.436 16418.497
11455.769 17424.911
13122.571 18353.547
13373.033 18753.294
12731.673 17922.904
13681.573 16559.375
13118.463 17225.650
13670.280 16367.126
13326.354 16861.607
11932.549 16920.436
12638.755 17831.981
11828.526 16150.272
11967.138 17346.455
13410.209 16323.859
12440.597 18197.773
12473.885 17640.708
11232.484 17804.916
11870.247 18888.438
13379.843 18742.280
13856.542 18259.488
13501.607 17672.713
11435.645 18464.855
11177.793 17333.200
13904.735 18764.515
12856.708 17788.505
12324.288 18238.788
11980.119 17676.742
11830.356 18005.176
12387.544 17226.747
13363.665 16899.077
12204.096 18671.965
11637.798 16195.938
13116.813 17310.793
12387.787 18777.223
13386.303 18731.304
13709.775 17276.825
11250.539 16804.775
13573.988 16420.455
11718.120 17705.982
13568.296 17401.257
12397.949 17619.863
12627.614 17541.318
11295.386 18288.996
11238.677 18677.491
11758.940 18467.837
13372.879 17090.125
13203.301 17362.386
11555.380 18625.279
12394.243 17377.492
13411.516 16786.374
13796.965 16268.475
11378.655 18829.651
13313.175 17658.163
11660.897 17522.447
11370.864 18351.218
13512.268 16512.649
13679.569 16306.179
13093.651 17916.700
12571.195 17120.903
11711.196 17645.798
13500.526 17456.242
11579.995 16262.294
13203.737 17757.449
12463.096 17983.732
11556.127 16974.441
12667.810 18179.716
13353.843 17784.941
13686.744 17106.410
11520.950 17551.945
11929.059 18051.655
11940.121 17685.779
13234.868 16686.975
13324.900 16263.929
13615.362 16796.544
13143.931 18527.303
11378.016 18765.651
11745.263 17959.493
13005.422 18770.951
12048.081 18836.838
13672.107 18703.199
12830.182 17069.583
11222.416 16595.246
11173.502 18019.429
13663.987 17155.018
11171.304 16412.818
12329.279 18835.221
11525.880 17644.137
11585.499 17122.254
12181.173 16449.928
11245.063 18240.360
12953.520 18063.160
13246.163 17181.836
12417.574 17861.935
12810.506 17928.591
11813.045 17689.753
12701.262 17890.477
13035.601 18726.666
13655.393 18596.377
12917.683 16151.628
11551.998 17618.759
13660.123 16632.446
11368.786 17443.164
11621.948 16689.045
12341.964 17050.926
13243.304 18358.764
11634.477 16531.405
12119.125 16984.671
13596.575 18818.469
13416.013 18573.057
13024.252 18842.707
11875.193 18876.600
12801.318 17083.349
12419.751 16748.516
11547.598 17031.075
11197.557 17412.916
13593.010 16773.950
12710.511 17297.803
12325.089 16491.524
13099.977 16523.534
11551.011 16209.612
11981.420 16643.236
13818.681 18046.982
12407.318 17251.932
11903.709 16196.584
13105.827 17818.679
11539.721 17102.690
12259.211 16423.472
12063.465 16430.081
12203.325 18067.566
12817.122 18507.915
11638.202 18179.932
11318.272 18466.021
13092.595 17251.375
12405.822 16138.502
12860.727 18291.316
11218.464 17564.041
13862.843 18113.217
13049.735 18780.146
12694.782 18306.996
11248.460 17306.989
11427.059 17154.028
13013.003 17134.086
11840.046 17538.447
13272.692 17984.062
12888.887 16899.926
11556.195 18521.530
11324.859 16681.404
13793.751 16586.123
11385.760 18458.398
11801.901 16824.059
13209.594 17171.100
13142.621 17070.071
13492.874 17434.373
13607.833 18095.558
12408.862 16624.961
12692.022 16620.968
12996.877 18817.696
11192.221 17523.562
12609.303 18028.442
11627.106 18765.687
13853.707 18872.241
13689.059 16432.544
12930.048 18815.809
12879.977 17226.894
13493.823 17493.854
13531.870 18731.048
13272.068 17572.759
13426.892 17448.864
11592.394 17543.399
12761.118 16841.432
12121.423 18193.654
13048.226 18000.370
12462.300 18242.058
12607.891 17307.520
11640.922 17771.354
12095.082 16833.255
13340.275 17624.688
11466.773 18645.143
13819.615 18295.725
11287.266 18516.988
13794.708 18754.886
11181.768 17574.438
12398.193 18693.895
12506.371 17961.651
12848.044 17436.201
12203.901 18229.229
12155.647 16250.694
12361.003 18750.249
11404.846 18005.289
12041.805 17269.564
13292.841 17719.689
13699.559 16756.210
13883.732 18153.415
12722.064 18328.504
12115.150 16995.982
12146.507 18657.859
11793.192 18623.126
13519.584 17261.358
11909.584 16324.233
13562.986 18527.435
12721.670 16712.198
11169.805 17333.256
13505.993 17933.169
11714.973 17374.911
13597.201 16959.713
13143.712 16764.189
13175.596 16983.990
13742.100 18188.943
12213.682 16204.894
11752.362 17474.114
11204.275 18757.524
13444.289 18780.615
11516.427 17916.590
13536.280 16576.042
13574.613 16290.561
11315.503 16602.611
13773.493 18277.718
13492.960 18774.297
12123.538 17591.649
13097.766 17947.185
13235.251 17038.823
13670.271 18193.826
12739.197 17141.640
13383.325 16488.543
12929.325 18368.389
11287.278 17004.845
13689.585 16946.171
11233.433 16475.902
11279.455 17680.843
11587.474 17663.434
13289.741 16334.164
13862.717 16162.830
13293.075 16522.136
12196.497 17706.834
12408.059 17341.986
12686.125 17005.621
13439.048 16539.374
11302.553 18303.919
11418.503 18423.250
13545.498 17595.625
13274.451 17577.879
12330.499 18508.804
12712.327 16117.082
12888.918 18388.872
13792.387 17770.764
12090.056 18357.985
13448.075 18065.002
11727.451 18148.744
13727.752 16340.503
13353.942 18877.787
12116.429 16405.140
12932.476 18345.593
11183.021 18213.560
13125.764 18630.538
13349.705 16878.293
11499.424 18436.239
13091.075 16354.083
11381.406 17931.199
13596.359 17524.540
11478.735 17393.420
13087.435 17378.336
13779.094 17039.192
13553.380 16255.379
13777.801 18485.754
13643.889 16174.778
13098.278 18675.124
13772.250 17151.550
13055.912 16570.835
13126.284 17181.447
13038.604 17049.356
11200.899 17143.971
12178.203 18184.460
13373.156 17032.992
11180.832 16419.837
11184.294 18660.558
13869.139 17744.385
12205.391 17666.398
12113.761 17548.746
11843.014 18220.004
12688.416 18484.813
13680.941 18364.286
11989.269 17180.598
12557.147 17883.787
11152.141 17471.391
13797.487 16469.196
12690.795 18392.148
13853.155 16182.950
13800.747 18372.789
13010.114 18740.014
11927.691 16822.238
12355.952 17949.376
12850.897 18827.368
12204.763 17952.297
11494.276 17667.266
13536.131 16286.451
13317.745 18487.031
13378.692 17315.227
11990.664 16280.769
11841.863 16698.888
11854.575 18649.902
12243.826 18825.218
13885.766 18809.145
13657.592 17899.821
12164.317 17565.676
11147.792 17066.006
11286.504 18141.451
11992.768 16196.503
12676.234 17666.678
13119.869 17835.668
12819.589 16439.219
11393.239 17535.203
11334.133 16910.064
13571.556 18448.356
13297.988 16523.266
12214.191 16578.413
12256.767 17305.094
13696.670 18688.399
12461.604 18883.234
13635.708 17978.180
11239.270 17855.885
13133.885 18623.780
12125.510 16622.623
12833.951 18218.956
11411.686 18695.693
12192.779 18645.364
12282.762 16234.346
13065.503 17746.228
12454.095 18221.224
13708.123 16130.249
13561.143 17156.410
13521.759 16195.951
11845.040 16423.532
12717.702 17398.475
13806.610 17990.606
11378.695 18188.746
12236.202 16134.092
11129.645 18289.226
11592.263 18199.719
11766.289 18133.237
11264.363 16147.683
11830.828 18734.963
12617.463 18390.729
12445.444 17192.534
11746.623 16936.055
13411.139 17222.544
13871.058 16518.647
12683.194 16874.949
13684.706 17764.745
12704.177 16914.258
13000.331 17524.265
13603.652 16933.761
12047.835 18061.363
11693.413 16394.769
11998.529 17053.642
11130.801 18150.994
11827.674 18718.576
13491.134 17150.655
13303.625 18202.299
11570.220 18211.694
13805.496 16244.581
11235.098 16259.292
12272.696 18380.939
11834.704 17168.574
12093.689 16903.778
11846.003 18871.122
11677.668 17966.214
13740.935 16661.122
12742.416 17989.912
12091.385 16645.446
12427.053 17039.625
13177.747 16442.220
12219.241 18786.950
12643.558 16447.145
13547.052 17939.334
12634.222 16607.382
11614.550 17637.892
11409.335 17285.723
11274.304 16273.315
12782.197 16320.188
12020.100 17058.897
13114.885 18874.072
12518.450 17121.514
12514.501 17493.062
11618.273 17642.359
12796.763 17863.103
12253.166 18380.565
13572.072 17720.752
13591.658 17377.962
13602.439 17088.208
12746.147 16579.666
12896.730 18090.469
12768.535 17811.564
12489.350 18390.063
11693.406 17989.080
13147.241 16398.236
12899.775 16690.082
13420.982 17046.942
11756.501 16409.047
12771.156 18731.304
13438.669 16480.107
12315.515 18638.724
13058.167 16722.798
12278.429 16146.017
12787.712 18645.569
11626.411 18483.772
12032.487 17304.331
12379.083 17027.732
11850.416 16245.479
11580.801 16172.997
11691.630 18841.039
12435.241 16778.244
13649.845 18448.730
13657.282 16567.995
11177.125 16366.959
11418.356 16184.381
13557.744 18483.028
12531.965 18074.971
11204.481 17017.372
11643.138 17363.237
13141.273 18007.881
12801.167 18340.902
12329.111 17878.999
12862.069 16795.208
12494.006 16323.800
12005.594 16224.795
11756.704 18092.477
11547.484 16134.879
13438.548 18161.984
11838.777 18837.000
13392.677 16582.663
12200.166 17023.330
13730.947 18795.523
12512.824 16681.023
11672.984 18186.182
11370.410 18154.231
13332.748 16914.302
11489.870 18470.233
11954.082 17826.419
11874.458 16253.439
13210.722 18558.938
11577.710 16612.281
12372.681 17048.987
13423.323 18460.857
12519.366 16353.309
12623.978 18600.409
11762.355 17005.440
13898.766 18274.550
12170.554 17049.206
13841.673 18430.424
13677.998 17715.130
12385.723 17277.079
12303.124 16532.348
11778.596 18021.728
12563.690 16162.957
12916.309 16228.110
13600.120 18173.189
11278.507 18750.987
11490.937 17340.537
13345.335 17533.517
12767.758 18119.802
13255.129 18272.243
13372.265 17522.300
11911.406 17048.203
12727.705 17565.301
13787.788 18694.080
12199.096 18846.207
12152.528 18494.479
13683.151 16437.917
11794.936 18886.715
13325.944 16221.363
13042.504 17376.683
11792.981 18033.518
11765.964 17589.312
11211.415 17279.500
13096.511 16933.726
13718.734 18746.992
12019.457 18386.622
12082.361 17917.347
12392.649 16849.352
11903.728 16742.074
11728.730 17223.417
13585.457 17477.887
13271.453 18774.807
13732.673 16374.076
11735.293 16142.212
12309.254 16638.858
13159.133 16389.146
13186.517 18305.443
11406.463 16701.318
11752.306 16394.009
11198.096 16363.184
13587.700 17369.811
13841.892 17696.725
11643.517 16451.704
11397.102 18255.345
13261.397 17068.988
11419.116 18057.242
13545.594 18862.567
13320.894 18403.141
13304.419 16651.049
13354.929 16518.179
13607.939 18544.956
12378.701 17601.557
13608.114 16832.954
12292.860 17820.124
13267.465 16274.336
12129.868 16362.328
12597.267 17904.810
11609.828 18261.228
13586.413 18146.509
12605.321 16601.512
11178.219 16360.992
13635.190 17631.583
11611.771 16594.564
12197.190 16614.327
11638.015 18157.722
11854.279 16922.920
11142.040 16653.774
12268.914 17925.241
13545.541 16978.195
13555.653 17105.342
12363.923 18149.746
11923.582 18817.585
13139.704 18853.977
13778.680 16690.497
13825.082 17574.741
12373.261 18195.515
12118.688 18209.916
11548.759 17928.599
13623.386 17050.347
12284.241 17532.609
13602.202 17521.569
12727.707 16447.345
13753.973 17765.362
12358.793 18418.277
12154.682 17830.639
13484.706 18327.761
13633.140 18522.038
13338.136 18052.251
12020.301 16275.177
12259.176 18813.259
12396.075 18190.668
11765.997 18476.115
13549.484 16453.199
11312.539 17672.933
11970.595 18302.998
12474.673 18571.140
12311.618 18240.571
13716.835 17154.705
13727.614 18071.231
12756.615 16286.554
12656.598 17804.503
11704.010 17704.922
11379.564 18617.596
13661.610 17630.306
13033.347 17394.510
12214.868 17441.321
13681.020 18493.924
12411.656 16587.704
11294.536 17218.019
11879.775 18460.356
11233.589 18459.796
11754.307 16784.016
13637.222 18097.791
12221.565 17184.458
11369.462 17656.239
11724.851 17794.883
12926.205 18882.699
12900.681 18338.786
12397.801 17815.513
11351.422 17917.849
12223.274 16276.643
11757.744 17946.868
13562.935 17985.264
12231.950 16555.674
13503.964 17604.097
12812.767 18574.684
11289.589 17951.846
11436.813 18177.771
12063.016 18676.526
11308.792 18881.750
13535.700 16883.203
12496.323 18537.514
12928.975 18204.206
12601.779 18810.010
12071.698 18764.965
13376.250 17480.168
11756.678 18066.860
13009.105 17105.532
12063.729 18560.472
12874.666 17050.680
12112.218 18531.768
11164.187 17249.173
13576.524 18071.624
11745.958 16813.254
12745.125 16511.672
13104.191 17912.633
11133.244 17861.519
11169.720 16850.047
12982.609 16642.348
12151.889 17633.094
13218.460 16112.223
12667.054 16839.503
13784.164 17994.617
12470.907 16549.815
12682.945 18875.273
12708.995 18207.454
12890.574 16587.593
11696.304 17992.196
12316.925 17234.989
11219.409 16187.795
12262.213 18085.743
13285.394 16266.579
11476.376 16589.264
13225.685 17069.101
13539.696 18153.381
13406.683 17123.616
11215.663 17461.455
11139.743 17127.954
13167.006 18270.053
11680.425 17124.212
11928.750 18297.689
12573.466 17258.390
12440.805 18167.783
12478.506 18687.208
12820.114 17281.064
13659.981 17201.469
11617.774 16822.920
12134.652 16259.444
11313.918 17476.223
12809.014 17418.081
12112.597 18303.940
11587.722 17922.928
12358.185 17692.772
12201.144 17577.486
12971.814 18497.037
13223.438 16122.751
11426.561 18469.435
11240.204 17137.412
11944.903 17668.524
11705.195 18736.026
13298.662 18604.002
12133.903 16505.397
12011.940 17506.874
11946.333 18330.328
12912.560 18727.519
13056.907 16641.082
13664.403 17515.444
11903.379 18380.068
12412.599 16274.372
11339.264 18339.975
13218.197 18376.209
12994.365 16512.145
13226.053 16607.079
12343.691 17547.010
12119.612 17635.019
13097.719 16704.012
13793.656 16173.689
12461.523 16447.947
13528.562 17226.818
13313.241 17976.352
12882.736 17256.026
13853.624 17042.543
12953.348 17723.582
12315.219 16238.837
13578.022 18529.976
13864.690 18416.035
13068.497 18671.275
12549.493 18860.758
13420.974 17944.739
11156.499 16752.975
12554.637 16322.758
13035.691 17970.468
12271.906 17557.130
13424.462 16121.417
13480.339 18473.392
12167.048 17469.598
13126.917 16891.351
13358.150 18600.563
13828.441 17440.687
12718.890 17479.040
11295.912 16641.509
11732.762 18313.974
12300.859 17677.166
12172.419 16821.789
12032.482 17244.648
12371.588 18293.488
13404.392 16153.523
13875.310 17363.372
12875.441 16876.700
12603.621 18044.560
12862.230 17572.073
12461.857 17879.623
13383.825 18192.308
12547.338 16714.580
11737.703 17055.664
13006.111 18670.554
11465.056 18274.279
11337.724 16937.674
13702.911 17822.849
11893.123 18001.575
12849.560 18184.289
13661.483 17994.677
12115.279 16804.523
12498.169 18796.830
11287.575 18580.152
11394.399 17422.925
12570.986 16445.055
12980.627 17350.646
13503.304 17854.359
12819.175 18684.022
11556.479 17701.744
11307.402 16398.212
12860.087 16332.882
12671.474 18157.924
12880.573 16772.182
11240.198 17060.318
13361.229 16621.753
13814.953 16853.513
11219.605 17167.924
12370.516 17642.784
11342.069 17545.716
12858.674 18799.808
12847.911 17119.974
13406.010 16456.618
11790.862 17821.531
11624.426 16181.866
12780.461 16517.793
12000.124 17358.374
12070.169 16298.153
13056.336 17353.983
11315.343 17144.809
12934.072 16586.195
12756.364 16903.775
12602.303 16351.364
12804.720 18613.423
13592.482 18422.626
13797.568 18824.724
12874.761 18242.224
11207.046 16784.214
12430.943 16905.295
13710.930 18027.341
12472.683 16289.153
11629.386 17746.707
11732.127 18384.569
11180.054 18577.674
11945.782 17241.291
11627.114 16536.677
13137.668 18125.999
13374.145 18101.559
12138.558 18667.646
12611.907 16243.143
13145.329 17550.356
11357.538 16779.839
13117.397 16630.273
13416.630 18713.632
11949.830 17776.487
12587.776 16321.477
13709.046 17357.350
12480.866 17308.465
12822.190 17635.511
13087.593 18529.124
11344.400 18308.764
13594.217 17141.649
12440.336 17206.294
11733.804 16944.736
12726.260 16369.828
12321.015 17729.677
13582.355 16520.821
12952.705 17889.491
13311.466 16578.969
13528.448 16970.287
11812.087 18430.532
12514.326 17144.534
11500.904 18748.093
12525.193 17322.769
12428.092 18384.366
12533.847 17888.903
13104.604 16679.680
13452.521 17101.593
11288.753 17543.835
13038.420 16608.582
13209.995 16710.462
11152.529 18419.735
12924.784 16702.152
12595.678 17319.591
12304.868 16184.237
13887.401 17628.693
12548.444 16470.683
12171.745 18354.357
12467.348 16707.856
11256.435 17775.834
12541.188 16884.730
12139.920 17673.656
12154.537 17366.438
13867.649 17940.801
11712.626 18458.905
12372.398 16394.288
12566.654 18251.030
12038.328 16628.117
13097.525 17152.050
11351.284 18200.774
12323.720 18183.123
13505.439 18528.610
12167.485 18817.587
11583.402 16716.046
12642.930 16573.223
12045.433 17487.660
13848.890 17239.053
12424.759 18128.785
12142.678 16531.341
12099.546 17348.449
13330.795 18178.912
12375.189 18001.236
12559.919 18306.447
12207.804 18093.491
11622.327 18013.816
12308.552 16861.705
11337.721 16816.442
11245.866 17352.757
12761.231 17119.990
12627.302 17880.519
12639.789 16405.080
11499.254 17867.280
12755.218 17655.737
11956.574 17779.520
13820.097 17301.079
11579.554 17835.885
13769.895 17386.628
11790.221 16274.948
12741.757 17860.081
12534.747 17497.259
11586.539 18372.888
11696.740 17436.491
12916.674 17958.928
11709.561 18459.019
12372.275 17027.404
11282.170 17248.248
12504.661 17007.969
11391.233 18436.346
11463.700 18588.974
12100.482 16480.750
11293.555 16674.483
13777.989 16973.266
13263.012 16214.727
13861.902 16452.325
13362.578 17208.658
12408.362 16928.790
13448.759 16167.991
13412.634 18258.803
12186.044 18192.004
13287.848 18634.640
12117.989 17820.461
12900.964 16418.507
11330.511 18692.491
11275.131 18317.037
12726.416 16933.250
12188.013 17587.422
11144.495 18796.830
12433.285 17510.500
13682.249 18101.670
12890.946 18141.250
11242.794 17812.942
12041.504 16700.782
12467.358 16993.854
12156.065 16466.039
11635.871 17507.709
12571.297 17577.157
13282.397 16907.463
13359.144 18269.903
13627.677 18338.541
11971.123 18632.160
13035.231 17777.740
11926.593 18290.299
12058.645 18343.968
13877.909 17586.189
13139.966 17897.806
12490.347 16730.183
12944.642 18274.591
13249.878 16929.903
11252.415 16340.936
13420.394 17929.168
13190.015 17876.996
12470.401 18174.864
12223.260 17786.471
11767.109 18449.072
13553.484 16111.282
11503.656 16652.756
12928.215 16657.172
12768.214 16621.455
11386.833 16709.883
11573.285 16888.223
13433.773 16919.275
11131.635 17193.396
11599.098 18729.161
12679.185 18393.478
13027.853 18865.942
11747.830 17118.267
11778.436 17944.128
12603.527 18369.990
11514.218 16961.250
13504.440 17497.480
13433.986 16576.979
12525.149 18280.912
12999.630 16393.121
11629.709 18028.335
13663.382 17953.530
11689.140 17408.232
13332.188 18722.646
11697.197 18833.085
11979.565 16850.668
12188.339 17065.553
12573.367 18092.775
13610.244 17473.143
13391.550 16149.562
13736.527 16495.679
12819.250 17328.201
12887.837 18842.654
13369.321 18746.501
11637.859 16427.568
13239.577 18862.641
12051.481 18844.802
12592.133 16296.054
13208.583 16913.205
13291.123 16870.459
13475.286 16669.607
11140.053 16190.547
11462.963 17384.753
12220.354 18563.917
12479.486 17375.587
13213.802 17032.662
13136.633 17571.451
13484.071 17331.125
12877.292 18079.102
13253.174 17938.981
13685.416 17507.105
12417.116 18371.762
11159.975 17552.165
11201.928 16313.469
12186.126 16347.645
13648.343 16531.254
12623.644 17538.730
12173.132 18403.960
13782.139 17491.318
13099.973 17490.377
12534.259 17479.910
12579.599 17020.353
11269.357 16130.821
11301.870 17027.653
13075.942 17857.568
13521.800 17623.243
13007.374 17510.294
12804.714 17993.730
11542.310 17514.856
12350.074 17791.185
13247.346 17116.500
12344.541 18836.652
12804.666 18400.043
11544.995 17557.636
13624.639 18614.198
12886.816 16193.154
12315.726 16188.017
12636.412 17936.606
13036.425 17082.841
12338.606 17363.662
11312.323 18735.247
12941.560 18862.665
12395.405 16511.388
12155.250 18237.893
13618.697 17226.413
11360.309 17628.149
11533.783 18429.458
11202.449 17719.775
12719.342 16958.965
12611.946 17476.181
11764.902 16384.849
11236.882 18828.629
13213.146 16897.397
11657.689 16552.017
12818.461 18308.007
13226.629 16615.964
11881.340 16612.843
11150.105 18870.990
12343.172 18474.132
13183.510 16715.522
11654.395 18831.100
11343.349 16133.085
11857.397 18640.972
11188.568 16398.274
12307.947 17203.545
13567.035 17995.452
13704.799 17953.400
12674.521 17447.574
13104.426 18003.421
11561.072 16435.023
12875.782 17275.798
12983.976 17999.885
11356.809 16300.737
11782.512 16342.125
12611.295 17052.486
11938.060 16952.539
11752.478 16634.956
11852.026 16353.454
12818.301 17165.523
12208.684 17405.689
12253.938 18094.510
13270.553 16258.056
12917.471 18718.806
13630.219 18410.646
12373.024 17965.761
12446.458 17419.066
13079.526 18739.970
13576.124 17497.404
12558.064 18613.367
13350.374 18414.308
13358.000 18696.324
11522.991 18472.110
12231.377 16554.755
13593.030 17347.041
12417.176 18184.017
13399.986 16839.257
11529.069 17196.334
12861.264 18749.954
11489.241 16814.332
12640.232 16575.672
12773.819 16923.058
11322.905 18511.156
13799.649 18844.317
12168.358 17728.483
12778.843 18628.528
13773.943 16893.806
12464.748 17638.774
13149.616 18706.323
12819.738 18319.483
12081.811 18296.309
11544.397 17213.443
12639.247 18783.921
13853.881 18116.183
13841.369 18164.602
13075.192 17505.418
12404.892 16255.022
12847.247 17554.666
12145.389 18868.348
12765.989 17410.573
11487.301 16219.680
12000.933 16162.060
12817.031 17415.444
13700.412 17375.575
11374.761 17478.851
12055.375 17308.666
12309.095 16662.577
12686.159 16749.213
12503.317 17428.630
11620.801 16520.934
13779.095 16639.292
13124.456 16165.214
13659.609 17558.700
12750.296 16824.099
13035.214 18760.120
12982.185 16973.290
13838.981 16425.105
11915.069 17979.543
12165.241 17258.868
11646.677 17591.119
13577.493 18461.011
12780.198 17416.568
12975.592 18656.205
11504.347 16883.559
11315.355 17388.185
13257.452 18580.070
13133.972 18279.305
13423.953 17267.827
13123.381 17511.182
13213.698 16510.461
12751.577 17570.351
13893.597 18543.771
13633.009 18002.532
11387.117 18085.582
11749.414 18337.230
11986.007 16339.707
13126.920 18202.004
13696.964 18232.108
13452.292 18805.175
11613.321 17178.131
11981.895 18062.739
11417.782 18304.903
11316.674 16978.044
13530.765 17934.441
13856.827 16477.915
12138.529 17473.840
11497.892 18472.720
13414.712 18125.880
12797.898 18619.403
12963.790 18298.996
13473.039 16977.230
11829.267 18213.744
12263.242 17209.661
11737.143 16556.392
11309.834 16364.624
12335.319 17294.805
12990.946 17912.930
11972.684 18823.277
12302.915 17561.881
13350.521 17468.005
12455.146 18031.541
12094.183 16196.661
12153.443 16882.113
11199.809 18653.381
12111.530 17359.803
11244.795 16761.607
11385.233 16766.042
11731.445 18560.440
11388.480 17151.753
12910.819 16159.185
12417.128 17684.636
12229.282 18791.935
12674.343 18080.624
11974.212 16560.126
13611.206 17025.813
13527.776 16518.441
13327.168 16532.839
12839.522 18340.351
11295.241 18491.773
13615.700 18781.662
13889.954 18641.509
13851.314 17451.974
11222.111 17495.641
13257.352 18451.797
12105.369 16229.881
12065.350 17243.750
13485.679 16946.272
12203.286 18755.198
12569.508 17480.191
13675.537 18251.186
13684.621 16570.630
12284.431 18741.415
12562.760 17946.853
12670.391 18762.248
12268.243 16567.673
13546.771 16559.210
12251.562 18551.549
11953.371 16258.908
12323.694 16116.217
11224.380 16365.206
12284.345 17177.532
11745.679 16662.651
13576.952 16840.066
12380.352 17249.150
13343.897 18507.833
11722.161 18598.703
11656.074 17344.179
13292.576 17117.436
11226.457 17212.988
12520.728 16376.254
11775.614 18235.174
12915.257 17158.141
11954.018 18372.385
13856.765 16853.732
12773.862 18159.892
13237.584 18406.875
12000.871 17208.328
12237.208 16895.188
13714.496 17801.717
12801.264 16744.077
12608.484 18151.207
11496.102 16225.081
12284.260 16142.333
12268.011 17854.494
13042.842 16246.714
13056.556 16967.923
11972.071 18004.555
13681.889 17180.202
11476.488 16239.758
12397.924 17326.367
13124.617 16842.368
13115.965 17931.867
11322.428 16933.018
11610.047 18132.588
13149.396 17101.517
12911.744 18533.479
11485.529 17663.622
12068.890 17078.532
12719.669 16846.368
11452.242 18104.947
11358.839 16784.533
11267.774 18423.565
12751.736 18033.320
11950.745 17945.675
12974.844 16543.144
11171.730 17478.872
13344.341 18072.524
13393.834 18564.587
11382.262 18193.719
12815.903 16983.084
11264.603 16149.627
12050.692 16898.960
13540.417 16118.837
12541.174 18492.608
11599.585 18758.159
12081.236 17805.801
13587.538 16553.947
13564.471 18194.478
12049.231 16878.685
13552.695 16565.346
13224.411 17248.355
11804.903 16657.598
11406.449 16891.667
11447.541 17570.438
13715.007 16521.456
11515.032 17288.200
13775.712 16710.722
13559.515 16792.039
13029.227 17250.142
12553.671 18155.428
12255.698 17435.472
11217.501 18034.006
13106.805 17013.807
12598.963 17545.047
11735.709 17547.595
12411.308 17779.457
13108.866 16115.486
11391.993 18513.995
12953.001 16686.389
13896.184 17395.768
13592.774 16274.452
12860.543 17184.802
11365.679 17409.520
11659.964 18625.850
12517.607 16403.132
12294.473 16778.615
12825.083 16711.242
12515.970 18295.090
13491.440 17152.707
12811.574 18067.548
12771.741 18196.410
13239.499 17928.304
12169.343 17881.298
11402.192 16782.190
12294.272 18420.039
13676.907 16356.039
11191.450 17302.425
11766.695 18722.471
12865.818 16639.404
12693.574 16626.144
11514.936 16280.930
13527.216 16389.281
11135.129 17768.941
11553.023 18801.476
12558.607 17599.296
12004.186 17663.251
12802.884 18249.830
12597.818 18000.439
13589.561 17819.882
13039.439 16384.207
12001.846 16612.324
13869.121 16380.290
13764.376 16151.149
11246.412 18237.637
12290.132 17793.023
13406.407 18000.774
11794.810 18075.725
11406.074 18141.478
13760.268 16359.876
12359.093 16474.185
12345.243 18417.697
13817.135 17128.394
12926.975 16865.280
11797.167 16759.555
11160.459 18283.121
13355.895 18136.671
11569.734 16651.578
12233.307 17756.141
11434.591 18593.774
13333.971 18171.248
12933.468 18677.652
11561.961 18606.773
13046.910 17857.827
13701.497 16625.938
13377.928 18228.795
11192.964 17713.178
12310.560 16751.612
11484.771 16209.212
12637.665 18187.036
11931.378 17414.770
13892.768 18852.444
11961.917 17635.447
13548.024 17797.290
13484.087 18392.506
12822.581 17570.549
13798.106 16227.976
13194.201 17542.450
13363.237 17423.918
12840.384 17106.714
13284.756 17632.416
11809.147 16476.713
13149.908 18630.837
13680.744 16265.688
11922.775 18421.918
11549.282 17078.272
12873.031 18713.074
13348.772 16497.956
13266.382 16554.239
12317.881 17885.424
13363.200 17744.040
11405.234 16777.205
12938.452 18207.968
12526.155 17219.592
13556.297 18003.669
11770.642 17087.508
11983.178 17941.612
13060.118 18357.546
13522.055 17438.250
12093.366 16479.094
12857.885 16712.896
13893.153 16111.712
11529.113 18558.315
13736.332 16503.217
13210.545 17999.821
13162.853 16377.615
11957.857 17499.603
11909.582 18354.247
13354.786 16506.166
13901.955 16622.231
13286.401 16319.350
13029.364 16880.059
11512.081 17218.329
11365.161 16379.942
11741.413 17061.312
11144.362 18669.376
13774.015 16173.636
12692.487 17788.878
12746.960 17813.749
12529.130 16624.339
12147.686 17229.833
11263.348 16546.241
13216.499 18845.978
11293.727 16524.310
12848.797 17098.365
13796.282 17828.928
11703.335 18408.641
11459.210 16777.480
12199.760 18023.401
12594.055 16589.393
13286.812 18876.388
11214.640 17765.872
12121.518 18501.784
11897.965 17093.580
12065.646 16438.871
11477.097 18418.503
12518.482 18431.600
12374.812 17713.006
13427.726 16448.461
13321.970 18042.187
12727.822 16135.117
11843.889 16915.121
12698.259 18536.520
11773.669 16758.539
13538.423 17775.799
13847.987 17865.486
13361.553 16435.162
13107.989 16936.529
12289.418 18235.375
11440.802 18275.598
11726.130 18648.241
13768.855 17705.903
11894.009 16589.590
11961.063 18695.123
11438.735 16365.849
13796.341 16525.792
12686.336 17051.343
11834.713 18195.554
12629.523 16714.966
12174.991 17997.894
11520.585 16868.233
13691.650 17167.932
12650.129 18235.325
11261.102 17200.501
11545.841 16503.302
12369.960 17203.877
12408.514 16395.396
13612.658 17466.310
11948.186 16883.129
12627.370 18739.639
12535.199 17622.910
13332.998 16751.486
11359.437 18648.141
11421.040 17926.329
11843.748 16653.238
12077.330 18493.600
12738.470 17855.416
13265.223 17245.997
13208.834 16557.581
12326.367 17739.040
12172.675 16668.814
11808.050 18678.651
13892.958 17727.946
12631.401 16681.739
12789.809 17041.740
13720.729 18704.931
11633.045 16665.344
12711.125 16516.370
12719.832 17658.952
13811.139 18413.741
12137.472 17520.461
13771.017 17912.084
11898.927 17888.014
13294.044 16311.377
11518.368 18058.000
12460.381 16205.441
13304.218 16282.221
12308.356 18684.708
13566.354 16759.741
11243.227 16839.609
13032.122 18793.290
12345.313 17506.143
11742.033 18310.295
11877.269 18170.042
12681.706 17188.106
12052.252 18880.694
11178.705 16960.489
12987.256 16860.076
12947.751 16787.688
11583.111 18649.453
13143.973 17023.425
11268.715 16797.292
12144.088 16120.392
12490.519 18354.864
11362.348 17102.910
11953.193 17465.908
11142.524 16754.177
13116.211 16830.014
13343.715 17016.312
13723.137 17556.241
12520.784 16549.735
12769.523 16374.756
13366.112 18203.931
13297.462 16430.298
12924.716 16375.163
11787.495 17515.382
13254.384 16150.315
12265.945 16338.349
11262.207 17882.346
12362.432 17921.691
11431.357 16380.026
11683.535 18617.763
11602.437 17091.978
12335.359 17889.315
11717.171 16489.561
12714.986 16483.929
13086.495 16270.110
12501.770 18278.301
13066.165 17364.044
12863.948 16631.774
11220.950 17458.762
12058.311 16477.616
13501.400 18603.037
12839.992 18678.565
12307.389 17598.260
12428.121 18324.734
13497.507 16764.157
12667.719 16732.487
13684.246 16150.253
13871.555 18883.053
11506.780 16749.799
11881.536 16304.970
13563.988 18872.838
12271.363 16185.613
12837.971 18043.546
11596.169 16259.176
11998.712 16396.758
13383.732 17267.597
12516.364 16275.334
12675.663 18525.630
12567.118 16429.672
12461.227 16272.552
12960.626 18219.728
13536.275 18718.374
12938.841 18659.716
11942.023 17070.115
11897.858 17291.774
11426.491 18253.254
13273.093 17812.637
12366.628 17955.995
11511.788 17728.281
13237.472 16936.110
13409.889 16182.924
13883.981 17619.553
11250.423 17770.346
12666.662 16285.315
11194.980 17176.770
13734.947 16802.587
12857.944 16314.753
13424.565 16869.303
13795.721 18861.711
11633.724 16446.469
11490.100 18201.840
12802.047 17869.711
11416.828 16268.451
13732.623 16289.288
12824.338 16336.040
12967.267 17485.485
13752.000 16868.808
12125.271 17993.475
13328.409 17328.654
13806.340 17857.946
12227.957 17797.701
12376.860 18487.246
13383.221 16359.796
11184.238 18222.065
12114.355 17222.938
11889.445 17017.305
13444.271 17439.083
12923.812 16413.401
13411.001 17985.822
11913.651 16172.670
11833.361 16544.579
12304.993 16400.121
12714.772 18028.715
13903.518 18733.418
13512.552 17307.905
12382.566 16219.098
12496.744 16443.396
13888.267 18762.740
13026.887 16656.369
11956.350 17177.213
12783.759 17165.948
13018.852 18868.142
13656.603 18358.155
13370.340 16517.937
13129.677 18688.909
13005.201 16841.203
13127.917 18376.873
12018.013 18838.035
11232.706 17206.812
13534.550 17987.628
13838.868 18608.902
11414.725 17385.351
11154.533 18033.114
11755.324 17019.922
11896.782 16764.117
13232.120 17631.051
12286.115 17022.527
12859.256 18396.478
11430.376 16260.021
11665.867 16360.103
12947.845 17222.614
11307.099 17162.886
12260.265 16682.050
11740.622 16382.606
11239.867 17683.211
12933.114 17866.030
12812.519 16972.048
13155.406 18203.555
13227.175 16271.973
13228.253 16402.004
13089.118 17541.173
11367.122 16275.145
12334.646 16213.771
11494.222 16296.478
13729.913 18334.995
12749.545 17996.173
13818.155 16242.672
11424.305 18498.244
11495.369 16718.970
13123.453 17628.094
12167.116 18110.148
13593.179 17504.207
13425.835 16527.638
13005.825 16147.250
13206.908 17775.781
13809.085 18114.815
11574.021 17037.401
11423.107 16414.435
13675.520 16798.705
12056.636 16862.193
12209.695 17742.990
11510.285 17704.890
13586.164 17752.840
12165.640 18627.787
12807.330 16343.932
12148.017 17767.626
12985.640 16835.179
13823.199 16648.816
12094.337 18753.651
12035.080 17951.169
13354.008 17378.351
13200.395 18436.366
13486.853 17730.949
13646.462 16401.930
12189.033 17816.733
13584.691 16250.941
11366.676 16210.130
12657.669 18113.457
13574.588 17586.229
13188.957 17239.506
12075.748 16205.149
11321.643 16303.005
11628.097 17170.259
11213.804 17418.636
11518.042 17016.453
11497.616 16804.703
11580.658 17918.270
13535.728 18706.834
11159.040 17507.025
11904.241 16295.163
12450.219 18021.854
12766.877 16549.744
12276.293 17050.967
13485.705 18519.830
13373.775 16315.506
12952.661 16902.921
12391.018 18869.530
12769.984 17647.611
13609.534 17696.183
13779.522 16430.736
11706.398 18459.215
11873.366 17555.179
11320.859 16891.858
12673.279 18142.384
13448.301 18838.689
11965.099 16824.103
11968.890 18671.041
13305.096 18876.458
12989.754 16856.911
12519.823 16225.556
13144.373 17415.862
11400.506 16665.579
13705.932 18170.687
12024.019 16448.790
11256.319 18241.328
13077.884 16819.438
12137.635 18171.905
13770.954 18633.183
13441.529 17567.008
11647.128 17175.825
11499.702 18328.241
13529.143 17017.128
13879.943 17301.910
12982.948 17139.536
13665.551 17126.588
11834.934 16722.451
12051.406 18692.032
13235.768 16236.645
12970.163 18464.213
13446.597 16291.511
12935.049 17329.382
11743.968 17244.279
11243.729 16817.718
11629.153 18477.273
11809.232 16201.127
11260.556 16688.467
13397.245 18077.859
11927.774 18398.649
13673.728 18054.636
12519.534 16727.780
12625.468 16348.382
13626.245 18021.179
11420.507 16711.877
12149.752 16878.026
12032.022 17185.663
13665.255 16760.313
13533.550 17107.048
13287.546 17249.235
11286.542 17361.685
12366.620 17252.186
12724.052 16833.495
12134.183 16303.525
12170.483 17341.035
11143.350 16218.428
11495.479 16871.972
12375.556 16687.477
11853.788 16260.609
12396.371 17670.353
11474.829 17640.547
13509.704 16239.703
11859.000 18036.544
11170.359 16307.549
12131.600 18798.843
13601.733 16167.722
12635.925 18727.808
11170.209 18527.776
11652.308 16346.106
11807.892 18545.562
13540.843 17341.849
13524.367 16314.031
11967.100 17203.677
12244.506 16366.253
12201.860 18103.484
11543.303 18711.897
13276.548 17019.670
11201.043 18874.095
11913.687 18591.896
13002.523 18021.407
13120.247 17015.447
13051.954 17484.388
13154.769 17123.623
11244.433 18074.464
12407.037 17394.876
12154.395 17853.791
12202.937 18551.362
12858.033 18186.741
12520.679 18290.910
12966.658 17967.318
12918.701 16303.550
12521.518 17683.802
11196.683 17380.449
12002.203 16592.547
13017.532 18373.161
13623.768 17877.851
13859.021 16177.905
12851.782 17937.929
11335.267 16115.100
11837.753 17337.499
13589.160 16495.694
12203.292 18836.872
13097.463 16918.056
13340.317 17105.956
11425.063 17460.338
11184.548 17867.652
13417.572 17952.416
12344.240 17858.729
13375.729 18544.922
12585.112 17669.929
12896.869 17762.438
11329.444 17795.834
12599.857 16431.840
12900.088 18694.167
12610.987 16622.928
12354.483 17208.582
11964.633 18828.957
13260.843 17342.421
11485.163 17204.574
13272.055 16333.661
12804.954 17476.872
12519.590 17942.609
12451.192 18427.150
13470.531 17006.898
12012.226 17860.897
12610.468 17257.726
11547.273 17045.953
11219.546 16197.301
12470.085 17766.981
11812.627 18512.071
11649.372 18083.011
13835.784 17207.711
11856.152 18559.287
12512.626 18797.108
11364.898 16313.905
13271.527 17745.935
13342.205 16890.302
11229.581 17541.398
13230.522 17968.945
12493.029 17753.807
12404.410 17789.752
11320.790 17408.129
12953.613 17073.819
12150.748 18371.184
12089.477 16918.902
13303.026 16420.682
11964.147 18264.955
12445.397 17791.596
13005.956 16530.313
12047.196 18059.285
13198.425 17240.050
12454.860 16522.945
12547.447 18312.576
13578.599 17536.605
13386.854 16730.447
13071.434 17999.609
12255.597 18085.653
12740.781 18884.561
12898.909 18657.948
12128.027 16543.713
11661.248 18492.846
13819.422 18509.445
11298.734 16263.940
11801.317 18638.056
13252.093 18047.420
11260.305 17074.468
11858.546 16223.102
13526.741 16118.758
13369.755 16612.302
13596.553 17828.010
11477.551 16814.225
13009.836 18445.935
13009.061 17047.377
13833.160 17228.554
12134.661 18739.525
12677.903 16814.429
11477.299 17436.677
13819.236 16638.361
13041.545 18490.783
12366.297 18804.401
12352.910 16748.219
11457.866 16581.492
13019.692 18748.927
12924.052 18160.085
11486.938 17314.771
12813.280 17673.547
13440.404 18666.850
12418.701 18676.083
11918.172 18482.953
12509.567 16627.341
13245.371 17255.421
11285.397 16558.162
11839.917 17490.488
13149.510 18239.335
13730.873 16921.805
13522.927 16417.900
13718.138 16306.893
12856.684 17006.503
11966.236 16119.087
13405.229 18483.748
13504.327 16262.054
11505.554 18423.800
12810.370 17026.565
12507.530 16420.088
12520.716 18822.262
11139.481 18189.979
13366.795 17082.866
13408.668 16888.843
12486.107 16480.708
12627.943 18178.367
13622.863 18556.307
11634.876 17552.408
13469.814 16539.351
12075.665 16280.162
13348.116 17274.666
12227.069 17500.932
13296.198 16580.880
13130.991 16368.468
12125.853 17934.029
12658.063 18825.671
11231.589 16342.779
12986.497 18699.783
13727.946 17826.061
13678.150 17349.694
13724.287 16363.217
13098.445 18654.063
13063.364 17678.548
13549.839 16888.775
11771.146 16976.401
13863.515 16309.129
12901.539 18111.892
13354.520 17535.564
11177.450 18886.555
13519.573 18087.594
13165.343 16361.683
13792.460 17436.646
12134.574 16148.326
12723.820 18424.166
11609.664 16127.927
11279.143 16814.351
12594.385 17296.477
12494.781 16610.264
11477.754 17814.571
11142.615 16783.300
12045.656 16642.181
11889.224 18865.911
11316.442 16139.393
11913.610 17057.370
13891.829 16491.302
13531.435 18792.413
12075.553 17896.219
13138.176 16159.536
12646.589 17819.909
13028.766 17102.381
13809.097 17233.425
11555.702 17765.599
11504.910 17172.274
13059.868 17191.857
12774.699 17420.950
11560.303 17581.717
12544.446 16443.532
13291.819 18426.773
12527.631 17649.473
11990.190 17970.829
12365.532 17972.751
13402.837 17284.607
12686.858 17501.122
12272.793 18027.415
11641.296 16220.903
13772.575 17618.151
12414.366 16568.577
12051.543 16478.946
13891.253 17989.561
12213.133 18650.864
13019.607 16925.591
13545.335 16919.415
11146.886 17503.909
12823.185 16479.062
11467.992 18305.607
11671.775 18661.355
13660.978 17818.019
11792.484 18797.136
11897.105 16981.952
12068.706 18633.934
11844.213 16965.259
13002.995 18516.130
11565.169 17246.284
13600.810 17175.200
12488.418 16262.408
13248.341 17519.091
11660.649 17231.719
12139.124 16411.992
13561.691 18457.004
13657.097 18755.059
11148.848 18651.393
11760.069 16929.826
11445.376 17223.343
13383.120 16139.024
11350.060 16442.723
13103.230 18339.486
12239.567 17872.688
13093.964 18768.919
13488.412 16259.529
11202.377 18734.246
13449.673 17529.667
13320.900 16574.795
12912.373 17715.056
13513.992 17003.094
13209.880 17268.645
12668.499 17534.960
12826.238 17186.797
12637.565 17651.643
12238.807 17073.575
12386.436 18786.531
13378.210 17891.159
12654.757 17252.095
13168.382 18332.938
13903.061 17161.036
11803.051 18674.707
12612.957 18138.193
13030.040 17474.430
13620.505 17618.369
12932.807 16996.335
13118.703 18628.416
13175.958 18045.426
13646.255 18869.384
13500.279 18574.277
12285.266 16792.366
12239.673 18331.753
13150.956 18154.617
12259.308 18732.273
13513.931 18853.960
13824.948 17351.706
13374.474 17359.230
12886.579 16602.464
13546.298 18518.848
13479.238 18463.723
13434.094 17928.104
12077.297 16996.379
11196.344 18620.386
13580.154 16614.113
13208.565 17714.780
12990.495 16366.902
13852.320 16256.650
11340.037 17600.037
12013.731 16348.189
12349.138 17496.353
12601.421 18335.212
13201.405 16837.091
12108.415 16739.332
12667.880 18558.926
11515.217 17308.076
13222.281 16297.862
11384.996 16847.112
11338.208 17160.732
11138.782 17625.855
13247.159 18386.743
13489.424 16814.034
13858.784 17589.803
11767.666 16946.065
13621.496 17550.635
11993.409 17336.571
12629.192 18275.136
11972.533 17347.119
11922.398 17118.911
13256.732 17817.778
12893.926 17777.453
11308.094 17631.236
12039.189 16814.259
11218.734 18429.177
11431.716 17706.432
12895.856 16559.023
12172.395 16669.012
11821.384 17582.332
13086.459 16312.302
12510.462 16282.403
13375.675 16749.928
13439.800 16506.037
13001.174 17434.840
11330.165 17058.445
13373.762 17525.630
11606.467 18160.053
11468.629 16673.700
12510.862 17922.538
13297.425 16112.205
12477.878 16832.569
13872.597 18321.801
12233.800 16996.303
11611.229 17310.097
12431.028 17785.371
12297.650 18674.453
13126.025 18721.793
13463.366 17417.197
11856.607 18270.502
11917.032 18114.438
12003.292 17545.835
13491.777 17096.093
13875.025 17238.397
13762.618 16987.521
11956.195 18050.665
13504.087 17936.857
12631.152 17533.225
13862.043 16669.313
13056.984 18173.244
11135.593 18320.757
11972.722 17271.764
12607.861 18689.542
12151.248 16744.787
12119.581 16641.448
11772.509 18760.457
13901.075 16237.198
13261.585 17488.569
12049.540 17146.862
13463.194 17024.152
13041.876 16624.670
13495.343 16759.286
12971.411 16262.085
12048.888 18488.014
11774.598 16860.708
11883.931 18868.725
11218.434 17161.679
13023.065 17281.647
12574.181 18000.407
11444.820 16135.416
11794.121 16197.136
11983.482 18060.134
13584.826 16196.219
13101.100 18168.378
11781.418 17290.088
13443.086 17289.608
13685.549 17784.496
13856.533 16226.686
13346.086 18597.491
11740.923 16824.673
12848.228 18268.548
11916.372 16437.254
13299.068 17228.106
11144.092 17545.150
12029.749 18627.714
12709.267 17318.073
13542.002 18523.810
11632.197 16544.907
13727.645 17122.707
13431.396 18520.206
12465.251 17313.360
11917.988 17458.276
12829.851 17382.971
11511.858 17636.116
11990.403 17522.756
11581.256 17873.511
12185.470 18870.684
11375.011 17841.410
13406.287 18681.164
13801.326 16340.571
12434.817 17339.943
12382.883 18349.331
13585.302 18443.798
12323.699 16340.991
11862.596 16670.097
12967.572 16290.379
13536.326 16820.297
13830.575 16932.872
12145.620 17901.607
12155.090 18601.833
12849.119 17746.612
13882.206 16144.672
13032.850 18015.235
13401.321 18709.997
12702.296 16783.474
13904.152 18020.254
13512.835 17206.957
11157.504 18189.364
12327.036 18533.710
13375.198 16296.596
13899.975 18833.098
13458.846 16802.973
11980.599 17391.771
12263.526 18496.250
11922.118 17997.718
13061.341 17014.712
11714.136 18178.817
13097.289 17026.520
13198.811 17272.484
11989.758 18302.311
12654.495 16970.398
12007.578 18019.447
11521.509 17089.882
11537.159 16885.774
12999.267 16228.769
11804.449 18375.471
13140.269 17013.600
11829.252 18403.210
13005.176 16661.305
11669.895 18293.630
11366.551 17065.565
12947.398 17236.886
12926.063 16128.677
13688.263 18467.654
11889.009 17460.957
13801.946 16859.966
13595.717 16465.030
12694.756 17672.661
12245.463 18194.841
12364.395 16667.501
13155.968 16911.896
11725.369 17447.081
13772.691 17841.257
13796.201 18827.305
13623.396 17940.414
13708.024 17454.400
11567.236 18620.814
13518.705 18864.314
12218.924 16350.289
12426.114 18098.940
12080.937 16479.521
13850.586 16223.397
11567.720 17921.755
11216.140 17015.835
11583.690 17887.353
12356.480 18636.518
12038.744 17920.816
12497.418 17282.597
12044.886 17317.344
12746.444 16693.083
11232.568 16475.569
12884.967 17396.335
12046.124 16190.459
13828.418 16737.330
11527.777 16151.367
12021.938 17167.531
11733.097 17164.776
11879.737 17412.335
12282.191 17744.556
11187.428 18308.678
11225.358 16258.052
11471.668 18024.580
12863.611 17291.894
11901.030 16838.477
11278.960 17446.601
12055.870 18303.019
13904.361 17521.957
12202.465 18438.950
13889.635 16841.924
13748.436 18743.703
12778.657 17869.123
12286.619 17928.262
11719.801 16897.698
13691.593 16972.259
13673.581 18007.185
11664.086 18461.720
12271.500 17814.770
12980.425 17630.701
13649.669 17630.384
13603.357 16831.402
11390.860 17025.968
11129.331 16623.565
12547.791 17911.439
11238.772 16701.242
12244.666 17466.540
11988.100 16412.329
13512.860 16116.267
13728.081 16959.518
12633.630 18472.760
11160.668 16445.372
12916.865 16328.992
13474.491 18820.656
11566.981 18168.835
11456.937 18619.481
13196.920 16375.110
13087.413 16126.358
13434.819 18557.060
13229.022 18241.303
13476.108 18433.673
11304.096 16352.887
12951.099 17888.627
13131.718 18228.555
12893.166 16175.902
11524.141 16701.004
13030.739 17526.430
13568.283 16887.038
12470.565 17303.140
12181.500 17496.500
12358.371 17285.764
11777.465 16206.010
11233.613 17546.700
13848.162 17887.407
12552.619 17995.182
11282.719 17616.519
13538.970 18717.321
13416.377 16823.071
12195.415 16160.562
11275.699 17004.133
12889.293 16439.090
13571.389 17781.473
13275.517 18385.919
11886.154 16589.880
13197.813 17173.985
13283.558 16220.228
12436.532 16539.923
11344.422 18719.341
12612.912 16674.940
11504.499 18387.828
13653.007 16686.200
12110.788 18824.750
13813.963 18325.420
11516.022 18636.278
12061.328 17199.213
13546.070 17233.507
13498.419 16870.861
13585.997 16615.540
11531.493 17463.533
13064.745 16875.268
11758.584 17169.306
11764.319 16337.395
13467.292 16258.904
11313.671 16981.792
11210.604 18548.548
12358.819 16161.155
12512.394 18625.649
11787.723 18062.610
13410.623 17107.990
12779.237 16528.767
12676.157 17113.640
11747.945 16252.788
12807.534 16799.856
12529.834 18068.740
12828.637 17976.252
12614.405 17068.158
12738.725 16935.227
12011.572 17704.342
13394.440 17041.804
11318.980 17967.426
12547.280 16152.006
13385.269 17148.374
12003.758 16340.966
12020.977 17703.996
13749.975 18386.264
13891.479 17953.394
13725.537 16122.703
13265.601 17651.185
12937.613 17084.454
12973.998 17894.348
11726.678 16399.728
12598.873 16558.887
12868.391 17314.049
12488.478 18409.049
11437.624 16434.814
11833.385 16181.041
12651.925 16272.166
13530.271 16872.347
13729.002 18513.496
13722.336 16125.613
12977.007 16245.867
12994.970 17891.131
11436.082 16554.569
12826.969 17199.308
11525.583 18262.224
13050.243 18608.047
13014.576 16683.934
11890.125 18341.452
11614.653 18229.369
12543.060 17317.052
12000.728 17018.632
11338.239 16528.033
12592.781 18794.240
11556.071 16235.970
11588.536 17272.886
11611.947 16407.861
12463.594 18322.654
12916.831 17999.899
12451.252 18463.802
12396.005 16579.216
12752.685 16218.753
12849.246 17135.495
13280.600 18106.391
13508.216 17383.566
13448.197 16884.197
12555.440 17101.849
13183.697 17376.524
13833.640 17576.213
12300.852 18339.199
13884.439 17317.246
11287.501 18206.315
12984.758 17718.148
13357.702 17466.658
12316.724 18304.791
12224.649 17033.455
12047.887 17210.076
13340.102 18306.193
13760.519 17869.396
12307.269 16854.871
12426.351 17506.466
13294.382 16770.007
12247.658 16579.386
11270.800 16904.374
11811.246 17416.126
11616.548 18677.671
12081.117 18517.751
13215.838 16311.091
11757.665 17786.616
11264.760 16733.878
11704.642 18619.588
12241.989 16137.775
12978.310 17169.699
13321.960 17467.325
13816.251 17892.123
12216.907 16557.316
12523.234 17889.694
11285.583 16396.037
12064.226 18663.596
13090.804 17140.419
11724.521 18619.611
13565.978 16199.164
13878.018 16273.470
13786.404 18849.394
13245.178 17342.016
12200.060 17526.699
13889.862 18439.287
12929.370 18077.995
13125.722 18311.583
12201.443 18336.162
12440.131 18852.992
12694.310 17067.058
12659.255 18107.357
13409.096 16366.028
12277.706 16137.760
12156.887 17861.094
13255.781 18608.792
13146.788 18520.486
13648.283 17682.262
11505.331 17534.720
12329.985 18326.953
12308.359 16698.427
12834.724 18523.729
12459.658 16199.293
13372.341 16380.197
12675.162 16510.506
11218.079 18521.277
13112.264 18712.399
11374.328 16417.222
13394.139 17551.934
11596.692 16593.362
13288.558 16618.938
13484.964 17432.212
11956.400 16274.184
12060.279 18545.833
12949.432 18618.984
11953.504 16855.584
12385.744 16787.454
11404.775 17505.831
12797.754 16429.179
13483.919 16900.208
13753.222 17595.929
13149.736 18599.672
11275.069 17537.734
12499.548 18183.796
12626.655 17078.870
12118.113 16728.942
12289.662 17212.115
13653.655 17989.622
11487.293 17123.866
11475.047 16913.388
13739.923 17706.115
12538.796 18856.326
11150.370 18882.232
12623.385 16982.211
13827.332 16230.398
13341.100 16142.400
12889.861 17085.053
13596.858 18469.126
11796.861 16765.550
13028.325 18792.837
12846.012 17543.363
12060.815 17218.606
11860.905 16134.902
13456.374 16533.312
12578.002 18535.447
12450.843 16741.575
12170.529 18235.832
12334.346 16368.462
12726.199 17552.845
13474.798 17342.463
12156.937 17435.988
12400.599 17060.092
12506.705 16783.023
12687.736 17441.354
13714.628 17067.192
13212.610 18830.236
12673.717 16436.621
12748.106 17324.383
12501.007 16786.309
12067.130 18442.571
12954.046 16241.180
12906.693 16411.248
13102.164 18651.650
13778.830 17181.366
11406.538 17553.102
11157.295 16714.731
12352.368 18063.545
11161.761 18027.046
12390.779 16215.108
12144.280 18619.079
11454.117 18673.679
12649.485 17644.242
13000.088 18681.188
11775.704 18388.411
13285.724 16237.429
11732.346 18166.140
13696.046 18401.842
13410.164 16248.503
12857.476 16922.641
13871.667 17590.327
12784.004 18669.022
13478.320 17601.044
12705.008 18171.345
13688.782 16170.638
11440.830 17222.321
12071.779 16222.172
12546.746 18102.596
12386.012 18263.356
13056.010 18665.856
12854.506 16180.543
12132.652 16581.904
11797.637 16191.272
13250.348 18436.323
11732.008 16859.006
12228.657 17204.601
13466.203 17337.382
12749.384 18373.399
13161.261 16241.290
12241.970 16920.141
13876.835 17591.023
12488.749 16659.332
12914.793 18104.581
11153.123 17321.839
13786.230 16310.468
13611.880 17341.420
12868.263 17260.175
13412.585 18874.533
11547.394 16320.706
13793.564 17011.398
11955.190 17010.950
12474.039 18751.516
13421.558 18584.859
12353.408 18799.921
11178.918 16525.123
13873.769 16582.970
11561.055 17713.253
12747.449 16410.751
12639.659 16339.514
13307.996 18450.957
11127.681 16161.148
11320.981 16471.883
12585.884 17763.708
12191.719 17211.347
13278.723 17655.484
12826.392 18060.986
13564.537 18841.128
12110.107 17906.570
12492.164 17331.784
12294.735 18677.562
12010.397 17580.778
12257.049 16440.836
11977.866 16608.835
11198.569 16464.442
11965.407 16541.575
12507.516 18011.231
12272.789 18567.794
12013.324 16483.165
13619.077 18825.352
12573.580 17220.355
12534.330 18162.526
13141.004 17983.996
13676.133 18453.626
13348.257 16290.565
12507.957 17349.661
12897.761 18448.223
11737.276 17751.021
12316.395 16682.549
13168.721 18210.856
12439.385 17127.192
11128.320 18091.416
11203.401 18872.883
11951.430 16303.874
11563.324 18289.733
12769.447 17551.675
11208.636 16844.204
13723.301 17143.634
11717.619 17676.888
12863.640 17708.579
11640.340 17129.175
12737.405 16130.658
13612.367 18279.868
12367.392 17567.229
12613.085 18827.167
13306.139 18528.734
11873.085 16701.629
11900.416 18586.737
12120.849 17627.032
13271.166 17159.793
12305.444 16398.049
13760.909 18261.013
12102.928 18879.402
13875.920 18474.788
13618.957 18734.547
13854.045 17144.738
13603.965 18082.163
12511.066 18427.550
13056.061 18233.725
12790.920 17367.918
13054.834 18807.773
13096.762 16875.168
13163.767 17004.148
13094.591 17743.697
13212.367 18426.436
13842.333 16514.004
13031.705 17869.851
12506.968 18785.914
11272.665 17830.499
11894.983 18487.051
11657.315 18381.377
13363.917 17241.222
11727.661 16767.844
12685.386 17655.974
11720.919 18839.787
12010.225 18196.838
13567.632 17871.957
13467.137 17980.899
11163.405 18496.102
12852.169 16932.436
13092.945 16505.051
13200.904 18306.824
12012.857 17725.126
12325.657 17541.779
13822.688 16855.940
11522.988 16815.405
12861.429 18435.358
12279.012 18733.204
13851.470 17682.974
12622.227 18470.077
12806.757 18133.721
12687.408 17173.952
11649.012 16167.893
12522.559 18350.017
13268.763 18326.350
12983.663 17449.487
11145.902 17973.370
11837.041 17540.739
11163.418 16771.894
12860.079 17826.605
12439.203 16692.822
12768.882 17277.043
13356.221 16223.025
13882.152 17258.940
11458.356 18592.463
11624.688 18015.015
13092.031 18844.040
12263.194 18827.872
12067.182 17760.025
12704.222 18158.325
13645.662 18520.526
13078.981 16172.974
12941.959 16409.743
11522.410 16525.962
13521.045 16420.011
13676.838 16782.002
11604.899 17483.379
11719.388 17967.382
11617.081 16225.991
11336.685 16243.523
12076.715 18691.278
12907.585 16628.376
12362.648 17591.249
11711.739 18681.456
11688.523 18820.444
12686.254 17217.582
13663.503 16337.501
13759.211 17558.505
13183.131 18653.751
11524.956 17818.509
12407.091 18638.494
11299.986 17886.542
12315.191 18414.277
13814.470 18707.595
11900.212 16744.563
13703.306 16131.597
13163.662 18494.396
12045.055 16287.336
11761.508 18804.275
12653.689 18365.990
12180.488 17553.408
11662.108 17043.500
13316.366 16288.540
12942.873 18747.186
13685.132 18439.677
13742.600 16914.325
13174.427 17717.706
13893.434 18702.456
11365.655 17821.092
11226.267 16883.826
12724.003 16449.211
13279.253 16690.694
11590.397 16531.252
13114.264 17825.177
11304.394 17024.824
13167.791 16916.532
11700.486 17095.504
11351.221 18103.092
13264.400 17702.190
11132.952 17936.551
12120.767 17558.089
12378.282 16367.748
12795.752 18464.044
11970.314 17618.125
12140.815 18035.975
11201.887 18132.025
13050.335 17915.240
12460.118 18115.453
11866.179 18886.634
12358.536 16985.629
11165.395 17481.736
11646.550 18108.229
11209.537 18282.174
11790.825 18153.341
13697.279 16227.770
11730.363 18629.140
13482.110 17125.034
12263.190 17048.198
11551.268 18665.383
12407.636 18094.274
13440.125 18761.673
13206.875 18259.139
12337.472 18424.503
12441.668 18665.178
13368.525 18096.091
13778.597 17295.438
11351.446 17727.409
12367.199 17498.585
11715.722 17238.177
13268.185 18738.050
13635.381 17697.073
12064.218 16811.121
12184.383 18427.596
11349.220 17673.564
12370.302 17439.773
12257.719 16340.719
12172.997 17587.953
13736.199 18675.634
13729.217 16857.328
13742.530 18330.173
11404.678 17792.308
13475.590 16647.131
13380.486 18445.087
13728.809 16297.669
13818.177 17001.099
11962.440 18042.912
13839.303 17350.130
13568.452 17786.251
12290.280 16513.328
12903.281 18227.192
12089.363 17516.348
11176.141 17193.989
12604.403 16979.624
11834.574 18709.765
11367.373 18599.850
13456.089 18741.272
12081.953 17695.033
12151.536 17581.672
11421.466 17953.475
11880.830 18865.899
13429.550 18692.531
13865.507 16919.110
13397.090 16903.312
11427.550 16926.061
11293.760 18316.982
11798.842 16214.702
13260.267 16337.979
11788.460 16553.339
12360.003 18164.773
11846.827 16343.762
12043.912 16689.151
13374.712 16357.960
11856.045 17769.030
11585.588 18845.516
11841.133 17008.826
12483.732 17865.324
13527.279 18362.908
12962.071 17815.490
13641.770 18699.614
12484.215 17700.422
12541.675 16485.522
13390.954 17619.381
13383.596 18824.723
12652.625 16846.808
13586.491 17454.298
13740.658 18031.448
11336.032 16174.515
13268.421 16299.561
11529.745 18271.540
12306.734 18436.889
13613.640 16771.764
13779.039 16832.541
12257.055 18673.647
12239.530 16308.526
12950.058 16640.425
12696.602 18533.765
11140.252 16182.604
11918.811 16839.492
12392.568 16140.854
11738.842 17936.187
13473.667 17307.884
13037.016 17189.084
11747.107 18547.325
11139.184 16955.673
11685.273 17269.630
13758.249 18082.117
12879.822 17245.074
11185.532 17956.938
13789.384 17004.662
13525.165 17887.808
12966.224 16366.263
11767.030 16497.767
12648.277 18782.107
11304.259 18735.128
13260.780 16511.982
13085.254 16659.587
11422.602 16794.680
13661.813 18003.493
12964.149 17787.062
13559.163 18014.807
12522.223 17890.682
11596.055 16488.727
12934.099 17664.544
13137.493 16651.182
11426.948 17290.052
11678.415 17493.025
12415.704 17836.454
12872.207 18019.622
13888.670 18326.491
11299.760 16214.162
13087.891 16682.296
12226.844 18095.506
11324.251 16377.786
11781.069 18339.397
11127.529 18668.637
12671.055 16412.724
11195.234 16932.911
11989.928 17498.719
12709.762 17934.660
13124.203 18831.939
11266.497 18713.262
13528.199 18375.351
12213.849 17675.833
11730.827 16920.794
13216.600 18497.362
12622.791 17716.331
11693.695 18379.911
13646.540 16175.916
11203.721 16221.458
12464.411 17298.460
12127.895 18208.733
11879.515 16157.965
13454.216 18346.814
11208.836 16271.899
13545.198 16486.827
12150.092 17882.803
12893.110 18766.253
11524.400 18217.100
11496.223 16631.993
11393.490 17037.042
11437.462 16388.104
13869.583 17468.855
13265.192 16791.952
11276.468 16961.448
11734.218 17321.698
11744.527 17453.201
11355.588 17464.180
11949.126 16434.802
13644.278 17797.973
11225.454 16708.046
11470.913 18769.601
13590.507 18417.112
12916.172 17248.006
11209.359 17283.464
13689.575 16243.689
13491.663 16907.441
12632.121 17503.190
11589.938 17176.479
11501.090 17088.054
13801.690 18787.041
12004.800 18251.760
11602.329 17303.509
13249.849 18169.370
13533.267 17514.964
11853.338 18635.050
13836.388 17949.888
12840.237 17880.487
12402.199 18855.024
12416.978 17977.091
13180.372 16270.590
12968.660 16785.178
11756.727 18257.675
12571.535 18319.341
13456.724 17732.056
12729.285 16274.175
13597.945 16584.511
11203.324 17651.073
11787.422 16767.707
12952.343 16796.804
11246.166 16673.066
13892.046 17950.439
12503.232 17349.010
12296.402 18823.986
13455.149 18644.711
12662.491 17135.168
13599.632 18790.586
11864.586 16632.826
12104.577 18083.252
11579.851 17062.663
13348.644 18093.729
13881.922 18160.340
13418.674 18223.371
12792.164 18531.370
12701.033 17630.863
13529.641 17879.660
11167.416 18472.022
11885.640 16589.953
12227.480 17253.504
12635.676 17548.760
12679.824 18803.297
13831.543 18197.106
12342.413 17156.664
13011.389 17253.807
13097.607 16767.912
12726.796 17957.414
11606.874 18531.548
13836.202 16655.012
12090.970 17579.521
12866.469 17042.500
13415.902 17836.608
11971.595 17773.849
11677.499 17283.305
11627.202 16859.692
12766.292 17428.818
13748.689 16373.610
11295.273 17909.971
12841.490 17298.491
13592.110 18115.145
12802.581 17706.465
13784.188 18685.601
12062.974 16197.798
12218.314 18296.945
11545.723 18101.497
12885.886 16517.213
12508.117 18720.462
12667.441 16722.267
11646.269 17219.677
13255.126 17539.513
12627.703 16936.120
12935.682 17160.683
13408.807 17220.061
11383.464 17815.510
12146.227 18617.965
13491.984 17632.822
11395.466 18678.664
12606.489 17917.539
11831.971 17813.585
12812.443 18249.557
12956.887 17431.462
13509.675 17819.261
11891.884 17697.299
13311.192 16535.266
12052.016 17091.396
11877.923 18018.409
11334.385 16260.049
13332.204 18452.662
13341.637 16211.083
12810.814 16379.363
11763.134 17389.234
12674.675 18340.411
13201.709 16263.689
11877.532 17234.432
12897.894 17104.084
11656.547 16641.864
12708.609 18339.463
13853.558 16738.026
13861.199 17916.625
12879.160 16176.342
13120.531 18639.533
13535.851 18403.644
13896.488 17150.272
11157.345 18519.518
13692.002 18315.456
13769.399 18404.641
13673.716 17649.065
13477.693 17660.980
12864.446 17400.388
13650.014 18269.922
12408.451 16284.716
12769.026 17319.608
13267.477 16913.855
11253.939 16442.171
12886.257 17296.767
13128.406 17062.581
12155.154 16874.795
11833.291 16135.084
13194.872 16560.434
11244.785 18006.590
12389.942 17741.566
12746.849 17259.105
12261.511 16425.381
13488.417 16366.377
13283.429 17460.434
11902.098 17231.294
13282.390 17993.840
13388.643 17420.094
13067.768 18316.618
13135.347 16298.716
12402.320 17798.922
12519.829 17002.072
11296.726 17271.750
12670.299 17258.966
11236.801 17845.976
13254.924 18293.710
12821.603 17719.308
12147.211 16593.728
13023.507 17929.040
13373.374 17874.919
13104.727 18552.561
11187.520 16115.517
13590.989 17114.504
11881.800 17490.336
11161.139 18499.879
11619.102 17334.616
11841.125 17544.165
12425.779 17741.748
12784.045 16247.935
12913.663 18257.247
12665.569 18084.505
13630.592 17641.836
11745.530 18360.605
12443.506 16776.416
13605.012 16285.207
12232.522 18094.790
13245.159 16663.338
13369.868 17030.002
12373.896 17627.753
13582.277 16184.320
13280.599 17044.468
13340.070 17907.948
11297.087 16275.629
12358.332 18264.202
12085.306 18499.066
12800.007 16849.342
11260.229 16468.616
13147.593 16579.700
12206.760 18386.237
13502.978 16349.224
11599.431 18238.608
13425.624 17903.965
11633.992 16742.291
11656.272 17933.128
11445.470 17902.230
12502.580 16970.045
12700.178 17440.638
12492.335 18000.995
13903.023 18364.467
12116.765 16198.415
11209.479 17174.392
13084.761 18151.418
11776.222 17672.353
12577.895 18401.566
12398.264 16570.334
13589.506 18588.489
13091.031 16851.866
12921.361 18122.743
11528.842 17791.448
13488.794 16650.910
12987.268 18631.978
12863.440 16224.928
11227.321 16705.275
12373.825 17017.231
12690.126 18360.448
11304.017 17207.420
12629.557 17035.518
11785.599 17372.462
12857.397 16338.011
12775.177 18169.996
12350.773 16284.604
13814.121 18784.595
13416.445 18637.723
12060.270 17220.933
11973.262 17533.903
12846.529 16379.761
13330.541 18578.367
11830.030 16619.506
12099.013 16873.391
13702.309 16521.623
12696.323 17201.423
12517.940 16925.768
11637.719 16408.687
11748.413 16418.466
13418.670 17625.917
13039.566 18622.687
12889.420 16210.089
12568.754 17059.555
13103.045 17209.316
11642.703 18738.075
11566.253 17196.474
11326.019 18561.533
11474.800 16150.738
13686.436 18239.417
11409.371 18865.802
13814.233 18295.961
12173.534 18750.905
12027.273 17301.705
11140.731 17592.837
13280.295 16395.904
12307.506 18179.089
12241.580 18813.355
13335.733 18462.928
12909.452 17768.129
12361.352 16213.936
12251.318 16895.985
11132.146 17388.999
13878.056 16537.046
12792.559 16402.461
12529.185 18253.360
11172.491 16981.135
13358.428 18072.024
12605.164 17343.557
11708.078 17902.323
12491.738 18156.482
12136.946 16740.314
11681.292 17355.692
13106.867 16184.467
13493.943 18484.819
12153.717 16161.732
11667.250 17670.874
11778.813 16918.132
12289.485 17522.634
12539.982 18733.547
12908.498 17425.094
11885.128 18082.733
11997.047 16735.423
13799.782 16568.156
13471.180 18150.287
12358.529 17173.145
12907.814 17905.118
12990.070 17451.750
12553.289 18010.022
12930.996 17838.397
12498.403 16165.858
11313.322 18719.953
12396.941 16522.837
13823.364 17562.139
12915.456 18422.913
12910.769 17556.570
12610.363 18244.921
12360.927 17852.761
12153.934 18448.459
11422.354 17479.577
13660.923 16432.996
11484.422 17947.173
12397.790 18435.467
12139.504 18146.429
12862.163 16559.264
13694.157 17137.463
13263.414 17613.906
11168.503 18831.308
13311.377 18312.156
11245.148 17763.634
12507.708 18033.880
13830.498 16864.154
12478.008 16325.200
11884.240 18712.642
13144.340 16611.855
11545.119 18619.580
12618.757 18169.704
13614.584 17840.622
13755.165 16271.471
13423.528 17779.616
11548.003 18243.179
13186.819 16232.978
12658.840 17396.258
13722.645 16444.596
11356.706 18100.328
11837.388 18516.275
13194.693 18389.501
11452.059 18027.460
13292.342 18159.530
11835.495 17154.161
13420.003 17060.699
11365.382 16140.232
13617.980 16681.072
13684.364 16453.814
11791.385 18482.061
11295.643 18005.365
11327.613 18050.712
13187.972 18846.096
12438.186 17413.849
13423.835 16437.710
12348.129 17093.841
12329.703 18841.633
12694.027 16885.512
12686.474 17326.116
13607.312 17375.815
11135.047 16534.906
13328.939 16773.838
13762.846 17907.689
13494.224 16555.266
12631.686 16493.981
12702.265 17818.822
13636.456 16452.954
12690.822 18052.052
13622.350 17916.212
12002.152 17668.279
13513.648 17888.949
11583.667 16610.325
12326.692 16359.756
12280.374 18543.392
13097.270 18528.248
12479.133 18368.949
11135.314 16213.676
11833.454 17538.093
13233.122 17707.629
11786.275 16586.971
13245.211 16334.085
13105.230 17161.990
12588.849 18282.830
13492.905 16884.568
11314.624 18775.666
13731.287 16785.560
13189.312 17240.852
12532.065 18542.781
13049.454 16798.706
11191.329 16765.985
12986.123 18413.619
13784.328 16466.819
12766.298 18614.758
13229.020 17975.913
13834.551 17441.375
12234.259 16574.084
11496.268 17350.056
12509.323 16310.675
12414.470 18752.062
13474.062 17196.474
13834.177 17858.227
13020.434 18465.451
13523.524 17898.918
11413.707 17078.771
12926.476 17230.106
12821.771 18348.482
12646.621 17866.996
13018.871 16964.578
12279.410 18187.634
12738.454 16690.385
12895.336 16233.008
13419.905 17725.488
12377.125 18664.985
11540.663 17373.271
13501.662 18606.694
13207.159 17618.129
12752.617 18773.740
12990.454 17303.635
11776.944 18016.043
11315.686 16592.140
11611.887 17324.461
12846.335 16969.358
13621.716 17926.925
12919.012 18231.496
12794.201 16863.496
12297.472 17409.491
11226.838 17597.940
11690.608 18768.470
12800.416 16149.200
11291.928 17541.272
13413.205 17005.798
13622.663 18814.253
11167.557 16808.177
13015.088 16659.830
11635.728 16632.452
11249.613 18775.939
11988.194 18812.144
12239.938 18453.944
11975.509 17164.869
13686.552 17966.895
11550.045 16785.571
12759.705 18689.587
13402.137 18700.085
12091.859 16928.612
11396.656 18564.299
13562.876 18191.994
13618.357 18059.629
11342.432 18706.037
12488.875 16351.325
11164.873 17463.496
13532.063 17236.306
12265.454 18164.134
13895.465 18516.601
11859.274 18061.402
11630.373 16685.529
13555.649 17641.151
12010.352 17531.408
12129.438 16809.974
13506.161 16260.363
13494.275 18490.893
13385.360 17085.056
13839.692 17111.847
11735.733 17185.434
13779.335 16610.676
13067.575 16240.822
13004.445 18076.354
13706.293 17262.663
11779.169 17590.766
12816.326 17685.915
13392.049 16639.175
13603.032 17154.817
12545.273 18485.190
12137.562 18086.636
11886.218 17236.436
12514.590 18237.867
12042.792 17257.751
11224.144 16631.205
13373.634 17204.900
12065.875 16589.926
11431.978 18799.577
13376.445 17143.284
11780.496 17278.281
12637.563 18852.277
12605.017 17836.255
13425.653 17988.772
11484.215 16520.573
12756.043 18633.968
12034.872 16387.009
12107.558 18624.136
11994.366 16442.786
11247.323 17170.293
13163.354 18520.503
12602.878 16633.720
13138.967 16816.079
12717.384 16368.145
11402.591 17959.783
11675.543 16725.380
12222.737 18684.058
13153.691 17428.464
13829.123 18769.570
11174.780 18482.519
11690.581 17404.050
12330.993 17752.986
13203.691 17104.076
13356.269 17228.817
11874.252 17504.721
12435.334 17802.588
12058.625 17443.891
12525.428 16147.221
12888.701 17386.801
12711.614 16728.411
11718.978 16910.770
11741.866 17004.659
12008.522 16462.375
12655.149 17535.602
12802.881 17716.185
12485.592 18198.467
12891.606 16981.916
12874.230 16886.264
13828.556 17636.384
11871.074 18826.625
13448.352 17506.601
11189.580 17949.725
13147.995 16427.692
11387.922 18644.943
12687.271 16577.703
13562.294 17121.814
13868.443 18000.458
12126.851 17755.868
11143.021 17922.668
11754.060 16416.632
13812.226 18043.818
12660.455 17393.156
11379.819 16382.641
12122.112 18571.325
11595.065 18678.278
11532.669 18712.130
11843.063 16364.391
13215.582 17388.029
11756.452 17545.646
11467.679 18022.329
12787.680 18320.783
13545.599 17654.552
13127.933 17048.071
11641.404 17269.241
11605.027 17936.420
13219.071 16121.100
11127.164 16167.824
12511.315 18084.535
12448.153 16172.724
13632.956 17300.090
13622.264 17789.520
11859.788 18137.061
11218.153 17439.877
13427.924 16466.022
11325.600 17084.375
13049.394 18657.576
11341.364 18729.021
12586.519 18524.107
12057.159 18836.804
12597.607 16627.305
13228.609 16358.568
12898.921 16441.216
11549.779 18475.432
11635.579 16471.737
13671.172 18805.812
13418.971 18582.982
11622.683 17622.848
12151.503 16508.499
13851.183 17231.177
12753.399 17643.789
12870.213 16405.124
13743.944 16814.542
12134.973 18244.814
12579.647 16757.546
13350.296 16223.681
12193.965 17209.912
12325.249 18662.466
13005.420 17622.318
13591.179 16446.299
12280.735 18072.683
12026.743 18311.780
13648.054 16517.135
11980.380 17956.869
12110.706 16360.705
11967.007 16581.431
11138.681 18476.944
12525.869 16186.509
11713.944 18822.271
11848.866 16965.110
11532.638 17430.589
12046.983 16111.660
11237.824 17335.716
13082.186 17477.458
12415.648 16674.023
11830.707 18741.188
11646.550 17631.300
13685.989 17198.634
12196.606 18734.933
12627.330 16730.368
12484.786 17330.117
13056.699 16728.601
12102.807 16852.198
13009.156 18800.833
11933.003 17765.381
13819.848 16827.162
11842.242 16915.978
11763.459 18245.088
13084.322 18415.680
11876.799 18320.625
12410.230 17121.133
13413.202 17185.428
13469.000 17343.646
11472.166 17515.728
11737.550 18113.715
11515.458 16696.456
11280.649 18806.685
12428.731 18131.957
13630.201 18290.488
11200.428 18762.531
12416.198 18869.353
13391.791 18463.524
12063.145 17684.984
11769.117 16881.611
13281.323 16505.243
12449.431 17905.086
12288.971 18495.731
11883.045 18458.211
12698.609 17445.774
12799.394 16762.403
11749.730 17862.969
12432.639 16799.744
13891.289 18028.130
12633.477 18168.159
11174.378 16438.098
13183.235 18090.038
12256.521 16953.735
12825.865 17115.206
11663.044 17995.660
13539.021 17981.589
13818.960 17034.098
11331.988 17367.423
11432.785 18367.098
12742.532 17443.134
12399.073 18316.280
13352.458 17534.327
11993.215 17883.115
13192.240 18544.155
12548.192 17000.177
12757.307 17391.235
13592.357 16489.382
12751.278 16529.560
11956.554 18167.070
13747.648 17940.161
11521.852 17803.287
11710.601 16857.489
12067.002 18375.782
13865.477 18517.929
12596.913 16250.905
12110.048 17122.336
13188.599 17821.125
11165.460 16562.546
13888.106 18532.858
13431.531 17068.465
12336.188 16151.638
11935.324 17846.229
13225.966 16364.335
12162.698 16691.503
11612.444 17144.971
11739.390 17781.306
11730.256 18470.667
13597.766 16730.407
11611.987 16501.582
11808.048 17861.410
13813.631 18616.005
12262.226 17011.357
12736.419 17823.149
13322.000 16452.573
12658.286 16336.805
11749.864 17821.968
13230.421 16421.863
11172.167 18471.843
11235.760 16871.516
12616.596 18651.101
11563.074 17020.115
12438.026 18170.502
12923.817 17192.663
11811.110 17952.158
11215.935 18729.572
12333.201 17580.048
13173.540 16830.803
13682.839 17048.654
13035.547 18669.381
12257.583 16714.284
13451.631 18824.754
11254.516 17840.769
11877.195 18015.269
12263.860 17672.275
13856.810 16863.391
12194.212 18711.833
13300.638 17095.397
11694.439 16672.050
13668.669 17226.812
12019.586 18832.389
12546.784 17653.715
13845.075 17291.078
13666.876 18207.101
11135.932 17586.453
13624.593 16988.450
11619.554 18018.199
12876.835 17076.059
13350.784 17723.562
12033.674 16895.472
12056.137 18013.647
12845.143 17139.281
13500.058 18586.365
12857.001 17964.805
11540.687 16953.212
13019.570 16721.206
12356.988 17293.433
11389.330 16947.854
12088.119 17013.905
11912.500 16142.184
13098.197 18411.945
11460.995 16679.836
13898.762 17512.298
13228.244 18142.297
11372.598 17260.379
12805.636 17201.410
11245.506 17541.738
12746.795 18093.635
11899.357 17017.516
11397.549 16988.787
12936.728 17034.377
11320.186 17438.995
13596.664 18621.546
12044.683 18136.964
13283.704 17186.628
12759.805 16320.219
13659.550 18227.252
12348.341 16130.090
11579.310 18055.798
12058.774 16484.155
13292.848 18775.686
11928.603 18728.274
11604.181 16810.336
12996.613 16337.324
13177.755 18850.998
11602.395 18042.264
13106.682 17510.048
11674.122 17734.066
12643.509 16218.071
13719.530 17987.929
12772.396 17813.130
13681.465 18232.374
13534.142 18743.950
13818.902 17174.153
11713.533 18624.030
11345.637 16966.643
13533.386 17351.162
12086.742 16912.575
13462.444 16127.387
13221.383 17457.943
11693.766 18074.173
11784.935 18877.576
11897.853 18569.885
11411.636 17440.609
13425.370 17604.005
12885.370 17132.410
13784.581 16203.115
13883.673 17652.815
13137.638 18419.456
11572.466 18001.463
12151.558 16657.735
11789.685 18265.538
12584.028 18738.968
12147.803 18810.134
12256.964 18782.063
12447.895 17609.392
12208.532 18856.740
12302.154 16849.521
13607.754 18850.698
12016.521 18339.187
13238.570 18010.195
12539.535 16627.779
12945.723 16472.685
11207.292 18593.259
12864.751 16442.485
13268.661 18118.508
12935.709 16601.389
11278.537 18850.567
13483.761 18535.676
12852.355 16566.820
12795.281 17916.184
12698.486 16446.095
12791.681 18046.358
13353.150 16534.676
12876.921 16617.774
12463.068 18333.843
13824.291 17516.574
13040.257 17909.526
12767.560 18050.007
12918.338 18441.955
12301.398 18720.401
12112.518 16248.396
12015.041 16273.025
12902.833 17857.657
12921.486 16926.414
11792.064 17324.124
12964.567 17386.749
13706.047 17361.486
12853.629 17013.424
13571.768 16880.950
13280.184 16869.086
11463.138 16901.221
12702.898 16708.042
11743.541 18758.400
13819.702 17049.423
11792.928 17362.906
11127.818 16608.840
13604.398 17912.325
11189.458 16813.245
11207.835 17914.384
12967.849 16374.077
12213.414 16352.078
12973.507 16139.086
12461.999 16690.127
11813.901 17444.679
13597.803 18559.374
13548.415 17075.457
11502.805 17958.694
12846.722 17915.182
13570.756 17111.686
13042.729 17200.387
12351.822 18527.189
12076.935 16330.030
13622.029 16296.940
11314.424 16436.469
12008.967 16962.766
12482.967 18078.134
13694.517 17337.770
11205.518 16606.299
12982.848 17080.328
13383.627 17453.912
12426.338 18849.184
13654.623 17379.566
11850.541 16308.591
12317.680 18404.885
12650.535 18442.786
12072.222 16912.610
13588.450 16943.883
12011.040 17338.694
11898.190 17393.447
12527.602 17966.474
12619.611 16632.035
11263.865 18417.532
11871.023 16404.893
11810.885 17028.870
11403.074 16994.434
11810.681 17799.270
12751.646 16408.548
11805.219 16377.819
11909.446 16758.999
12442.011 17838.000
13340.321 18419.356
13647.522 18294.041
11984.579 16856.678
12932.766 16708.829
12866.083 16415.373
12199.042 17975.522
12958.560 18767.962
13828.510 18109.257
13380.798 18679.817
11629.267 16602.019
12619.528 17401.380
13132.344 17290.898
12930.393 16445.158
12213.387 17905.173
13865.309 17198.762
12578.928 17841.051
13336.525 17858.363
13802.958 18873.496
13461.934 17632.867
13173.843 17585.760
12998.247 18682.017
11396.340 17257.644
11195.939 17356.754
11178.058 16267.193
12504.744 18326.378
13803.611 17554.242
12709.580 17749.033
11435.073 18045.326
13782.850 17464.648
13617.091 18670.670
13639.606 16555.784
11352.799 17954.040
11128.334 17703.525
13503.722 18185.077
12850.131 18071.992
11767.026 16446.384
12169.293 16941.056
13896.232 16204.969
13223.716 17743.911
13080.857 16527.942
12595.283 17285.851
12637.925 16209.770
13270.887 17767.257
11972.249 16327.767
13178.961 17684.882
13593.207 18739.940
11883.005 16588.615
12354.673 17425.342
13480.120 16763.089
13183.742 18843.530
12010.185 17213.852
12369.822 18757.725
11704.715 18064.002
12656.532 16450.777
13519.962 17506.634
13791.117 18534.697
11498.101 16594.953
13382.301 16892.221
12468.506 17979.762
11346.085 16419.001
13758.312 16553.699
12323.696 17814.718
11949.468 18767.578
11424.385 18761.306
12341.164 16848.681
13832.298 17733.884
12737.320 18419.094
13820.025 18252.477
13050.471 16991.840
12000.519 16737.068
12790.814 17051.732
12481.012 18730.475
12600.308 18397.412
11579.986 17333.335
13291.046 17814.011
12075.695 16481.952
12555.840 17002.599
11805.400 17376.232
12456.376 18014.241
12602.086 18092.401
13526.773 18609.296
11542.540 18359.535
13245.008 18793.142
12240.560 17592.076
13455.058 17789.517
11337.102 16524.869
11323.044 16824.249
12742.050 17153.982
12309.314 18550.765
13073.697 18443.770
13109.558 16183.555
11469.260 18167.146
13431.893 17484.632
12431.560 16296.255
13238.842 18638.072
11241.030 16864.531
12003.521 16184.865
11499.297 18737.936
11488.997 17070.002
11570.628 17945.031
11414.338 16301.606
12636.991 17555.343
12962.729 16477.629
11973.816 17950.389
11904.826 16164.156
11174.634 16777.790
11218.745 17811.362
11596.994 17713.401
13690.500 18437.183
11486.593 16432.657
13873.863 17641.615
13317.456 17021.924
12437.838 17062.536
12004.509 17509.796
13652.850 16413.678
11559.920 18052.517
13577.821 16472.716
11437.927 17057.778
12610.570 16249.456
12521.083 16481.495
12813.752 17782.334
13154.567 18818.413
13413.691 16494.053
13229.733 16647.141
13280.700 18697.145
13339.960 18706.857
12910.715 17024.177
11424.137 18153.498
11801.593 17459.837
11790.253 17561.376
13490.171 18249.831
12561.005 17257.127
12518.536 17000.321
11321.875 16656.431
11911.478 18013.007
11989.439 17398.960
11560.005 18329.537
12310.403 18884.021
13764.220 17505.880
11562.945 17663.421
13066.456 18719.445
11234.734 17512.999
13138.992 18165.070
12664.204 17911.585
12850.969 18501.615
12699.851 18501.184
12832.545 18087.437
12239.556 17005.329
11373.782 17600.646
11679.300 17156.645
13332.118 17487.103
12388.264 18544.450
11159.953 18024.396
11976.609 16794.385
13268.459 18838.733
12647.018 17059.604
13531.916 16681.056
12620.753 17902.950
11190.426 18012.993
13678.996 18559.778
13375.914 18693.351
13547.205 17864.435
11485.265 17305.812
12970.178 16710.459
11318.338 17744.487
12399.914 16957.681
13658.552 18041.724
11354.501 18309.157
13851.484 18778.573
11393.752 18087.028
11275.393 16178.317
13790.610 17493.584
12361.207 18157.361
11803.722 18885.808
11955.529 18388.703
12111.223 17746.551
11401.397 17787.179
11522.889 17546.522
12118.600 17614.032
11862.074 17850.807
13030.526 18441.581
13214.461 16931.915
11158.587 17012.959
12262.498 18792.450
11920.847 18605.590
13079.194 17306.469
12968.230 18097.806
12750.302 18346.731
11266.299 18466.581
11421.372 18610.667
12841.430 17818.968
12362.367 17868.256
11765.882 16133.646
11803.823 18499.382
11883.854 17615.015
11162.804 18203.101
11986.441 16323.879
13193.898 18591.347
12779.231 16836.248
13082.022 16576.105
12088.684 17530.321
11459.394 18739.075
13445.476 17824.616
12636.428 16771.136
13080.254 18872.328
11814.434 17483.344
12368.475 18602.936
12152.742 17743.565
11182.025 17998.933
12756.538 17532.744
12479.367 17764.592
11673.802 18593.176
11728.960 17806.739
11818.647 17126.964
13367.881 17759.311
11610.841 17852.505
12492.214 17267.983
12753.305 16434.960
12437.670 18610.222
12675.300 18507.832
11632.115 16380.264
11224.092 17768.436
11854.739 18071.444
11447.891 16677.976
11770.328 17871.052
13631.719 18186.025
11549.856 16394.314
13216.283 17579.451
13257.688 17302.270
11999.511 17636.748
11642.005 16711.615
11139.632 16506.210
11940.209 16369.682
12177.645 17337.467
11506.007 17027.793
12130.596 16655.174
11677.059 16407.690
13760.535 17586.321
12886.998 18010.649
11270.405 17647.332
12641.273 18199.747
11884.179 18747.743
13794.473 16944.422
12119.269 16968.420
12923.148 16960.073
12737.809 16432.452
12859.643 18329.707
13733.776 17171.480
11434.043 17536.718
12134.467 16947.363
12885.377 17488.302
11621.690 17019.153
12312.152 18335.402
13025.238 18401.177
11559.333 17947.694
12809.857 16381.737
11196.806 17923.756
12627.654 16499.327
13574.985 18713.304
13725.423 17117.551
11806.175 16900.017
11655.293 17765.573
12163.902 17925.122
11727.954 18028.196
11450.666 16244.453
11860.382 16671.160
13439.477 18612.080
11550.560 17320.044
12212.139 16712.453
11860.690 16992.364
13460.174 16773.709
11336.037 16878.760
11869.555 18881.424
11217.338 16155.204
13488.322 17270.698
11467.446 18159.026
11534.558 16263.680
13289.107 17342.244
12594.550 17120.186
13328.537 18224.080
13497.370 17424.268
13182.395 17522.498
13585.555 16137.996
11903.853 17247.986
13740.333 18881.716
12031.644 18202.982
11867.200 17667.439
13792.204 17081.652
13300.599 16523.991
12391.689 17634.247
12334.273 18394.694
11158.110 17409.359
12006.131 16865.165
12764.350 16430.371
11708.058 17857.780
11859.027 18692.238
13649.531 18855.529
13376.430 18444.571
11556.659 18762.886
11373.833 18097.147
12305.721 17320.424
11586.714 17853.374
12025.845 17530.190
12887.154 17301.385
11937.807 17284.855
12989.097 17144.791
12647.287 18671.882
13315.075 16828.181
12522.225 16471.914
13096.316 18709.230
13494.723 17602.248
11282.562 18884.971
11969.057 16805.214
13735.400 16993.836
11173.487 17328.063
11821.280 16575.476
12664.018 16122.529
12673.669 16959.161
13712.866 16554.021
13226.659 16729.302
13021.378 16821.272
12081.945 17678.080
13013.838 16234.753
11290.095 17837.707
11195.293 17887.995
11559.195 18668.792
11841.778 16241.989
11799.271 18848.427
11260.848 16976.490
12794.734 18006.809
13225.139 18084.345
12710.991 18055.215
12529.072 17288.246
13884.728 16483.613
12835.450 18453.952
12730.683 16279.474
12517.516 17253.708
12840.512 18248.503
13621.447 18137.390
12026.623 17012.136
11918.826 17301.486
12011.563 16493.805
13393.313 18307.325
12415.672 16245.243
13163.382 18077.455
11631.578 16711.754
11413.044 17313.317
12886.170 16431.429
11266.673 16609.566
12873.167 16192.847
11346.604 16252.011
11392.028 16524.231
12793.451 17589.878
11879.561 18704.564
13689.214 16202.740
11220.442 18126.528
11853.839 16311.069
13006.341 17692.510
13097.951 17549.779
13521.400 17728.072
12667.998 17568.139
12324.917 18631.607
12453.341 16495.657
13365.574 18542.820
12987.399 17656.745
13569.872 17168.737
13338.031 17239.434
12215.365 18621.200
13066.018 18439.253
11283.590 17110.890
12739.023 17441.942
11843.164 18747.909
13591.241 18481.957
12371.786 17566.964
12621.409 17801.113
12769.110 17226.771
11196.600 16222.946
11861.250 18107.838
11804.499 16661.532
12570.306 16135.993
13897.921 17158.572
11873.695 17468.502
13825.530 16288.591
13396.125 18186.847
11813.850 16182.715
11163.742 17935.521
13781.273 17733.621
13105.161 18077.846
12030.845 18222.904
12007.452 17091.783
12112.940 16724.333
11649.368 16513.230
11753.347 18512.818
13696.773 18631.970
13453.033 16629.622
13477.424 16356.451
12856.497 17487.825
13844.703 16542.701
11414.053 18738.363
12684.397 16189.669
13490.813 16978.539
11830.281 16804.738
11455.669 18000.885
11511.917 17619.748
11237.318 17443.704
12677.304 16748.721
13595.118 18775.435
12386.114 16260.764
12926.648 18465.208
13821.752 18433.103
11915.929 16903.694
12303.989 18497.798
12169.458 16365.980
11360.582 17490.451
13379.026 17543.281
12721.841 16245.591
12843.809 17958.675
12718.120 17511.173
12858.105 17777.191
12894.525 17424.296
11775.451 17432.312
11387.160 18132.457
11189.249 16891.149
12842.820 18608.390
11373.004 17342.576
11827.199 17400.986
13582.928 17973.660
11995.522 17027.982
12851.719 16501.994
12285.765 17707.921
12157.590 17659.219
11345.916 18701.012
11509.903 18177.120
11647.371 16832.050
11609.859 17174.420
11883.070 16503.063
12970.319 18525.087
13339.629 17181.110
13890.881 17568.007
11649.932 16680.022
13201.251 16422.674
11932.908 18310.298
13384.200 18329.332
13025.628 16568.326
13289.619 16245.241
12337.967 17014.347
13833.908 16710.354
12408.164 18540.392
12169.809 18143.132
12087.665 16242.911
13444.815 17432.218
12720.379 17140.132
11518.065 18812.682
11775.669 16144.547
13094.162 17035.152
12096.876 17567.537
11852.150 17473.795
13861.374 18453.808
13249.112 18018.543
11223.123 18821.586
13774.569 16339.772
11198.531 18596.390
12773.245 16221.789
13438.195 17208.215
12635.672 16899.814
12812.191 17195.219
11486.801 17115.704
13453.832 18349.180
11202.421 16173.438
11464.659 17888.001
11431.594 18245.990
12602.495 17612.048
12362.081 18471.895
11749.501 18542.414
13403.317 16416.996
13297.868 18256.217
12153.609 18697.149
11525.255 16387.507
13582.568 16443.029
12164.508 18056.007
13172.371 18303.551
11724.467 16222.716
13025.100 18534.411
11795.835 17451.947
12406.862 17253.424
13131.288 18513.294
13329.320 16639.723
11645.149 16336.150
12967.120 17825.857
11908.969 16201.269
12515.707 17458.437
12983.610 18854.908
12730.621 17005.728
13266.230 18794.187
12407.973 18639.868
12596.439 17773.162
11806.638 17696.391
11612.247 18373.216
11703.927 18341.338
13306.983 17842.224
12340.658 16334.757
12498.362 16830.728
13556.987 18354.779
12646.064 17413.667
12145.769 17361.492
12335.558 16441.904
11468.040 16998.539
13587.937 18498.663
13792.204 16150.725
13854.966 18488.287
11872.354 16723.487
12794.853 18487.378
12775.089 16330.261
12263.112 18601.131
12952.993 16832.912
12368.105 18496.075
12460.910 18848.389
13385.407 17381.680
11286.228 18878.060
13752.395 18095.980
13474.804 17288.940
12196.166 16409.322
12258.148 16523.922
13715.665 16210.816
13434.082 17670.710
12790.265 16801.681
12444.085 17274.921
13555.118 16880.592
13209.237 17638.897
13552.877 17951.236
13406.482 16679.769
13779.727 18106.348
11867.831 17654.306
11315.704 16707.111
13715.300 18149.258
13288.030 18033.559
12287.429 17286.450
13201.953 18638.046
12730.360 16975.564
13441.443 18520.512
12904.463 18627.079
11235.842 18125.130
13019.004 18169.708
11597.793 18465.302
11996.196 16146.885
13795.284 18139.464
11481.706 16202.618
12178.965 18209.425
12480.043 17113.223
11468.068 16220.624
12450.080 18175.351
12444.419 18023.532
11618.935 17034.923
11322.186 16732.999
13762.128 18754.265
13168.122 17709.744
12542.958 16313.320
12263.525 17493.508
13827.300 18686.501
12853.767 18200.714
11255.754 17851.155
12627.189 16619.115
13688.735 17029.558
13145.406 18350.867
13606.420 17793.271
13498.426 16312.256
11359.072 18057.119
12003.340 16456.803
11583.270 17804.051
13126.814 18592.340
11665.455 17812.706
13799.579 16550.762
13366.576 17909.868
12331.486 17599.759
13028.340 18163.569
12144.888 18855.294
13385.143 18117.028
13199.323 16136.119
11782.101 16467.527
13659.400 17277.094
11241.371 17136.133
12826.157 18452.687
13493.903 18358.117
13143.803 16263.129
12473.358 16760.613
12291.690 18167.457
13051.176 17083.401
12496.322 17867.239
12946.522 17020.490
13789.921 18709.522
12777.776 16367.151
13007.613 18873.201
13118.008 17931.215
12452.858 18325.062
13385.003 17793.950
11442.334 16586.766
12665.251 17950.452
13889.493 16119.844
12028.812 17580.939
13898.604 16547.487
12175.598 18311.527
11779.060 16613.407
13644.346 16417.794
13319.899 18632.996
11473.048 18610.407
13673.221 17745.799
13263.883 18549.229
12064.163 18643.244
11444.447 16867.409
12005.920 16747.502
12061.283 18183.484
12784.944 16206.909
13573.070 18054.963
13603.716 18267.831
11137.197 16534.125
12990.417 16334.363
12049.502 18786.163
12853.998 18290.977
13084.708 17117.359
13311.253 16712.508
11187.264 16656.995
12765.041 17339.702
13260.353 16569.564
12632.859 18866.079
13195.324 18613.042
11775.308 18884.305
11839.526 16283.267
13055.844 16816.581
12731.585 18305.982
12622.870 17203.883
11694.706 18657.110
13800.498 18254.752
12514.052 18000.916
13265.276 16491.808
11870.288 17050.844
13005.102 17248.667
13419.349 17160.721
11968.555 17320.785
11448.279 17634.986
11786.542 16979.027
12263.896 18806.115
13874.233 16487.328
12031.376 18536.120
12014.608 16712.339
13498.706 18404.216
12394.019 16398.734
12687.697 18216.459
12035.827 18454.485
12368.160 17758.538
13147.992 18387.521
11931.208 18035.443
13074.868 16179.872
12943.176 16254.875
13716.738 17717.191
12162.932 17979.452
12141.917 17682.157
11792.605 18533.787
11342.849 18010.385
12565.945 17936.093
13008.655 17073.173
11801.629 17454.807
11647.328 17666.439
11423.106 18582.329
12556.338 16310.689
13335.549 18628.355
11949.613 18149.309
12573.123 17072.814
13273.827 18396.862
11485.035 16774.947
12566.109 17797.335
11777.273 17228.389
11380.582 18063.784
12359.724 18083.351
11683.252 16668.958
11405.142 17065.827
13159.934 18271.994
11683.410 16229.422
11392.839 18554.608
11782.531 17328.039
11775.599 18035.158
11260.339 17154.617
11511.219 17680.499
11740.448 18232.590
12625.483 17612.114
13736.379 17708.883
13552.403 16366.492
13780.537 17267.904
13682.315 16571.436
13227.364 17601.350
13574.623 17882.220
11956.186 16312.029
12310.890 16563.603
13593.006 16834.111
12807.685 18821.618
11822.573 17771.913
13013.443 18673.686
12967.231 18254.936
12082.651 16554.162
13179.303 17106.392
13452.236 17139.281
13802.445 17725.490
13387.622 18224.654
11718.670 18254.486
12655.224 16582.489
12766.822 17580.926
12399.423 16329.706
12304.905 18827.218
12913.657 17849.790
11975.517 18781.634
12951.683 17578.259
12332.339 17822.780
13507.666 16140.486
13333.674 18250.749
13256.975 16694.110
13500.944 17482.793
13173.171 16553.656
13804.255 18657.726
13429.934 16574.052
11353.285 16933.631
12579.348 18173.393
11760.817 17360.811
11998.641 18184.973
13555.050 18684.961
12206.707 16255.513
13621.825 17926.940
12083.914 18410.118
11762.278 16571.092
13034.344 18595.524
13844.605 16354.879
11579.372 18840.945
11842.162 17964.171
11996.321 16335.069
12892.999 18185.757
11940.886 18299.707
11339.730 16331.504
12063.674 16726.315
11671.837 18386.617
11542.075 17716.242
13340.489 16597.892
12156.413 17774.449
12861.286 17198.588
11701.702 16435.721
13851.688 18310.117
11163.891 18211.812
13487.918 18476.284
11644.604 16267.008
13615.733 18336.726
12713.314 18652.842
13694.532 18509.631
12707.275 18337.759
12876.167 18240.126
12183.502 17503.966
12881.257 18702.949
12028.668 16381.366
11484.217 16620.438
11917.357 17850.494
12420.756 17732.389
12822.873 18012.349
11565.503 17279.688
12575.752 18175.817
12192.397 18246.054
11543.179 16590.926
11951.715 16860.666
12046.719 16724.952
12654.152 16737.116
13255.728 18488.838
12046.036 17608.337
13148.250 17570.258
11802.549 18011.034
13485.733 16191.043
13308.461 16600.758
12674.141 18229.448
13560.804 16291.266
11871.936 17765.052
13569.494 17238.566
11161.739 18712.706
13043.811 17777.883
13716.875 18207.479
12660.073 17231.699
11478.697 16343.725
11162.320 18647.375
12430.916 18828.208
13752.800 18635.142
11962.047 16314.562
13639.483 17891.495
13047.469 16945.118
11565.819 16194.394
12887.752 16419.523
12806.718 18035.615
12377.440 18105.253
11309.827 17426.285
11674.662 18416.476
11963.663 17739.724
12943.331 17535.727
13368.074 16831.507
11695.236 16751.015
12863.475 17668.171
11973.074 17721.368
12259.367 17455.705
12036.817 16164.359
13752.186 17956.246
12941.225 18653.577
12454.584 17814.653
13169.136 17196.285
13670.905 18227.755
12607.188 17426.230
11685.194 16830.083
11151.020 16891.850
13260.530 16946.992
11651.094 17156.765
12138.512 16761.988
12958.096 17170.168
13449.586 17113.339
13351.438 17566.307
13129.401 17649.931
12154.270 16208.957
12021.896 17188.743
11970.851 18432.990
11863.173 16618.037
13150.539 18517.796
12401.016 18212.544
13768.171 16118.555
13481.629 16673.591
13684.538 16224.158
11915.580 18568.668
13761.097 18768.467
13797.549 16790.057
12014.075 17091.387
12795.608 16667.922
13848.420 16891.873
13227.618 18311.234
11906.902 17720.684
13879.013 16835.973
12998.789 17515.260
12477.248 18497.234
11734.731 17641.059
13165.233 16447.477
11978.878 16758.311
11183.619 16374.772
11398.798 16573.371
13331.199 18236.070
11395.400 18510.205
11249.055 17738.288
11726.531 18220.201
12574.144 18357.558
11442.840 18853.113
12401.093 16905.068
11918.107 18712.735
11707.941 17090.631
12320.006 18093.021
11950.334 17753.097
11496.295 18235.964
13496.790 16783.122
11474.704 18197.762
12685.259 17209.575
12710.575 18680.257
12420.782 16568.018
13354.760 16767.524
13008.074 17985.178
12316.970 16523.591
12545.122 16251.799
11463.230 18793.237
12648.270 17439.218
12445.741 16642.732
13613.838 18245.152
11910.945 17978.598
13750.392 17132.416
12841.445 16330.062
13713.668 18102.653
12970.859 17866.678
13852.203 17685.555
12166.423 17566.644
11797.885 16340.118
11639.815 18303.556
13724.487 18318.064
13399.392 18558.615
13408.383 17239.576
12262.668 17817.330
12117.013 18282.471
13670.591 18720.294
11154.076 17773.983
13229.665 16707.909
12390.895 17184.868
12735.180 17858.788
12751.359 16898.750
13312.473 18236.115
12793.017 17255.401
11718.748 17418.956
11307.696 17180.226
11637.495 16881.536
12446.020 16619.998
12902.874 18635.546
11443.953 17293.728
13002.605 16786.335
13847.692 17978.227
12528.582 18006.260
11701.540 16962.557
13589.207 17747.480
13543.568 18627.576
13003.402 16541.940
13782.967 17147.481
13591.797 17994.560
12565.778 16457.367
11736.484 18813.333
11254.085 17359.858
13221.189 17913.027
13272.765 17426.417
12566.260 17036.180
13078.692 17265.735
11200.272 16506.766
12870.259 18696.389
13408.123 17631.777
12901.699 17789.705
11774.155 16234.284
13540.678 18760.739
12811.623 16403.520
13500.294 16934.419
12284.411 16754.229
11427.450 16311.897
12847.163 18307.178
12688.865 18788.638
12531.783 16755.449
13740.859 18303.620
13138.107 17891.325
13587.794 16747.550
12698.288 18440.748
12772.331 17053.226
11195.770 18193.005
11233.631 18377.845
13445.432 18461.093
11705.561 18858.171
13446.829 18129.020
11623.098 17089.497
11830.594 17419.987
11446.043 17949.685
11478.681 16291.402
12280.720 17052.785
12421.647 17529.030
12929.770 18478.926
12085.247 17200.303
11411.697 16225.686
12011.374 17344.811
13085.984 16537.879
13025.241 18303.961
13839.037 16678.648
11769.518 18384.965
13471.409 17680.282
12272.791 18212.413
11690.434 17607.908
11530.115 17735.502
13568.787 16973.382
11778.857 18332.280
11555.611 16181.905
12629.875 16834.185
12044.822 17282.180
13690.386 18275.887
11889.453 18405.434
12310.893 18076.227
12578.847 17922.013
12554.496 17040.124
11915.512 16894.526
12261.577 17754.682
11484.264 18573.985
13717.434 16227.801
11664.829 18161.154
13624.666 17926.924
11139.089 16811.751
12306.816 18529.189
12489.863 18581.559
11786.465 17152.700
12586.091 17647.588
12634.000 18352.474
11536.476 18226.747
11453.892 16243.242
12735.817 16491.282
12273.084 18120.881
12490.233 18803.324
13566.441 17231.031
12294.518 16328.550
13325.918 18565.464
11868.289 17605.094
12686.841 17997.242
13168.394 16623.210
13543.365 18029.619
11524.513 18308.086
11293.971 16969.708
11770.010 16359.727
13846.151 17617.265
12776.503 16460.527
13731.506 18473.549
12515.641 16164.222
11255.540 18885.562
12236.117 18866.212
12061.857 16799.659
12425.486 16304.285
12913.579 18692.659
12428.643 16488.763
12670.745 16269.026
13643.926 17513.404
13313.024 18004.848
13174.387 18494.269
13014.994 17045.690
12296.287 18456.068
13441.412 17406.860
13428.180 18835.388
12471.918 16796.277
12271.520 18173.416
11724.858 18763.442
12436.132 18312.462
12189.034 18092.209
13472.644 17509.982
12448.775 18778.964
11784.012 18323.737
13076.316 17453.327
13774.340 17175.326
13182.749 17087.822
12313.247 17990.797
12186.400 18782.289
11519.585 18003.898
11413.106 18609.295
12726.303 18358.145
13172.180 16763.205
11650.339 18418.925
11956.261 16755.980
12146.309 16406.905
12672.968 18537.272
13382.315 16925.218
12723.888 18191.800
13609.282 16352.790
13503.215 18520.121
11765.389 16922.918
11931.165 16625.516
12914.160 17177.240
12052.831 18361.089
12545.350 17581.690
11589.036 16840.540
12179.084 17912.519
12978.222 18018.659
13738.728 17541.850
13677.965 18172.613
11941.397 17358.491
12197.231 18329.948
13771.907 17690.427
12540.945 18604.866
12907.448 16421.222
11357.366 18221.205
12722.028 18638.680
13176.369 17919.425
13273.623 17044.585
12492.300 17047.422
13268.393 18669.285
11673.978 17025.242
13390.650 17383.059
12334.627 16276.531
13369.939 17370.606
13309.209 18276.990
12342.246 18560.323
13014.918 18868.303
11943.756 16349.430
12536.817 18071.807
11533.656 16681.686
12845.119 17294.260
11259.075 16824.596
11660.053 18367.731
11718.795 18724.427
13420.927 18810.238
12910.080 16662.225
11485.861 18687.295
12737.744 17081.780
13337.303 18224.153
13532.149 18644.956
13867.832 17926.010
13544.156 18525.768
13615.226 16831.008
13708.333 18810.730
13226.811 17249.471
12730.612 18206.779
12570.429 17911.395
12687.510 18063.060
12176.512 18295.318
12173.045 16136.153
13759.766 16649.015
11395.396 16613.201
12967.575 18206.753
11418.218 18469.074
11250.936 18342.057
11431.895 18085.965
11677.439 16850.652
12275.158 18644.687
13901.073 16363.090
12987.342 18400.208
11232.889 18813.759
11709.816 16178.318
11595.677 16763.950
12868.379 18636.167
12707.619 16786.354
11797.321 16282.382
13573.026 16194.062
12605.772 17214.519
13756.112 16794.301
12610.526 16824.887
12262.573 18776.216
13400.473 16370.754
12420.261 17750.609
13196.278 16703.556
12157.022 18801.929
13122.745 18695.813
12348.840 16353.219
12600.296 18349.103
13721.913 16464.877
13222.001 17849.432
13078.791 17754.118
13585.486 17900.643
13012.801 17497.589
12337.550 18404.934
11709.587 16881.975
11550.636 16880.882
11755.651 16911.746
11998.791 17602.298
13474.339 18178.486
13208.296 18324.578
12437.776 16540.027
11171.558 17752.635
11437.828 16148.202
13218.388 16595.123
13629.643 17848.005
11342.121 18747.418
11574.072 17551.428
13249.764 17217.774
11581.548 16399.742
12422.590 18828.203
11413.134 16339.713
11761.065 16812.756
11189.664 17358.482
13787.557 18441.320
13442.518 17655.078
13197.072 18222.064
11413.932 17269.480
12977.303 17549.324
11171.393 17937.770
13238.990 17908.094
12556.703 17901.229
13007.609 17543.074
12196.145 18275.589
12806.026 17409.645
12707.245 16549.571
11462.108 16532.657
12565.702 18507.125
12092.067 18788.879
12928.800 17301.998
13424.839 18253.556
12253.500 17758.198
11408.679 18324.254
11276.429 17189.142
13681.003 18737.382
11130.502 18817.232
12428.344 17688.675
12211.831 17111.254
11892.121 18462.506
11392.267 17940.051
12519.401 18185.612
13067.480 16515.954
11433.478 16315.921
11313.121 16779.032
11255.151 18621.881
11717.898 16554.157
12422.859 17801.509
13775.348 17268.933
11413.354 16684.208
12125.118 16904.284
12211.322 16944.822
12025.134 17824.357
12473.997 18786.522
12757.702 18143.801
11624.846 17194.356
13478.416 16873.641
13564.441 18284.961
13318.492 18470.701
13269.674 16951.167
12173.906 16160.797
13823.294 18279.806
12968.233 17916.590
12588.652 17205.594
11442.036 16763.205
12718.825 17223.076
13703.934 17861.578
11492.023 18770.979
13515.046 17985.397
12899.394 17288.945
11206.563 17466.323
11251.771 17856.946
13063.847 16424.935
11376.158 17468.210
11816.221 18004.607
12473.715 16776.508
12842.831 16620.649
11328.069 17756.168
12697.170 17066.213
12906.582 18416.815
13755.160 17657.714
13711.208 17906.470
13491.284 16752.851
12558.422 18049.398
12339.370 18539.892
12215.922 16481.220
13034.645 17940.584
13744.959 16769.439
12193.365 16787.410
12282.000 17144.194
11296.766 18362.192
11955.482 17415.489
13664.619 18287.187
11239.127 16191.016
13261.472 18225.163
13604.510 16971.634
11209.524 16243.480
12574.173 17347.983
12862.733 18479.312
11448.862 18476.557
11378.964 17182.676
12558.941 18540.691
13540.135 16226.223
12201.167 18115.573
13787.216 18833.176
11213.809 17090.665
11271.950 18003.928
12046.645 16641.645
12942.390 16694.693
12741.654 16134.808
11834.464 18724.938
12946.303 18588.169
13504.372 17178.671
11381.525 18179.768
13436.001 17261.736
12347.511 16166.139
12822.691 17174.204
13249.588 16542.739
12577.752 17770.481
12073.794 18557.297
13483.171 18191.741
13320.629 16939.724
11800.385 18758.249
11148.932 16942.103
12750.727 16547.710
11802.068 17914.602
13815.486 16638.358
13422.363 17562.041
12570.225 16727.950
11241.556 16789.299
12109.403 16199.204
12118.846 17905.152
11800.014 18545.037
13596.334 18697.975
12321.834 17334.332
13047.830 18461.945
11443.755 17492.806
12757.557 18594.488
13186.383 17279.304
13650.411 18481.742
12553.487 17303.567
12857.053 16688.013
12219.489 17641.972
11655.585 17332.431
11480.099 16840.088
12074.514 16953.942
13064.608 17114.084
13085.085 18081.385
12482.468 16324.392
13534.629 17564.907
12318.104 16995.220
13877.782 18875.437
13814.507 17968.255
11275.056 16319.510
11973.376 18505.229
13439.429 18865.308
11757.906 17474.034
12176.483 16354.389
11790.155 17043.506
12885.416 18014.276
13591.339 16825.427
12684.676 17361.046
12294.798 17868.732
13717.417 16327.338
11752.777 18424.907
13422.330 17105.336
12146.790 18418.445
11201.691 17257.974
11344.407 17702.282
11306.203 17781.166
11645.676 18389.188
11940.750 17655.944
11237.126 17952.459
13232.681 18789.895
11191.211 18553.011
13310.744 16731.944
11762.132 17707.294
12488.656 17367.841
13458.669 18506.565
11604.895 18311.322
12372.743 16965.939
12062.191 18874.645
11808.986 18276.991
12891.982 18835.848
12846.842 17569.044
12519.830 16940.820
13535.734 18211.580
12203.253 16932.919
12331.256 17124.955
13477.746 18842.837
11946.804 17917.225
13888.950 17284.680
11390.714 18633.335
13266.824 17118.749
13030.042 16385.855
11841.119 17795.027
12001.048 17649.734
11285.554 16784.595
13840.187 18861.922
12829.755 17147.905
13456.660 17536.200
13299.024 16301.108
13554.420 16541.218
11999.273 18750.874
11809.534 16195.877
12928.376 18232.028
12361.162 18681.113
13292.600 18140.685
13851.447 17165.061
12591.151 18754.000
13039.249 16714.614
11867.557 17808.247
12949.661 16606.508
13794.120 17880.639
13851.276 17536.529
13199.770 17355.967
12709.797 16855.462
11178.301 17755.067
12750.754 18397.706
12781.050 17951.905
12966.190 16405.956
12918.642 17001.328
13761.429 17754.558
12323.546 17540.252
12571.593 18199.071
11290.783 18485.636
11175.340 17881.948
11747.301 18837.687
12389.083 16531.634
13275.361 17617.434
12696.470 18375.508
13701.609 17225.246
12748.904 16840.221
11538.043 17546.329
12047.604 17961.329
11271.144 18026.522
11678.737 17684.911
13470.193 17506.399
13248.816 16989.965
11271.644 17528.759
12193.716 16839.258
12214.968 18230.608
13422.032 18689.931
12004.806 16438.275
12516.023 17006.689
12920.367 16917.864
11367.920 17764.182
11241.883 16614.893
12560.555 17753.196
11452.033 18110.755
12297.606 17475.442
11762.268 16236.020
13477.895 17067.158
13647.341 18019.266
13246.038 17401.573
13298.236 17252.524
13246.681 18011.470
13678.236 16532.145
12956.244 16775.716
12560.874 17323.040
11804.430 18165.815
12120.592 17504.675
11649.140 17654.491
13827.068 18867.270
13146.746 16675.347
11435.904 16335.092
12572.069 18359.289
12352.902 16641.562
13733.084 18708.578
13439.675 17166.538
11637.513 16901.365
11465.745 17833.195
11717.143 16402.729
12358.543 16167.462
13873.442 18205.750
13126.172 16654.950
11926.779 18839.640
13623.722 17864.735
11523.865 18871.722
12532.930 18255.755
13087.056 16238.851
12437.662 16905.327
13392.025 18179.494
13719.198 18228.761
11554.167 17693.537
13726.107 16353.857
13856.375 17849.641
11840.598 18024.129
11359.030 17461.455
11133.990 17767.230
13289.725 17813.128
13171.735 17201.649
12332.780 16748.388
11907.083 17319.610
11643.157 16711.360
12623.900 17850.401
11833.056 18433.707
11831.877 18617.733
11132.717 17630.431
13219.256 17157.646
12075.303 16821.735
11433.802 16477.834
12958.576 16535.776
13570.808 17185.628
11316.273 18742.657
12906.451 18824.904
13338.385 18511.201
13416.234 17239.137
12196.829 18818.391
13103.539 16169.433
12621.239 18118.626
11393.587 17982.743
11966.339 16848.207
11458.884 18817.006
12154.408 17811.968
12981.986 16859.769
12536.328 18589.659
13596.259 18070.059
13350.724 17212.301
11979.790 16961.075
11525.674 17729.740
12674.927 18668.374
12750.970 18861.652
13638.455 17996.638
11420.844 17993.286
13837.554 18148.577
11588.550 17047.467
11326.321 16782.904
12110.372 16193.261
13890.854 18519.129
12215.677 17425.964
11943.001 16481.806
12284.720 16884.908
11811.384 16317.777
13174.569 17544.737
11886.342 18096.515
11651.212 17434.225
13619.383 16396.847
12060.743 16614.598
13088.027 16202.931
11627.745 17811.112
12170.371 17933.186
13673.675 17855.789
12536.596 16360.333
11377.175 16504.544
12554.210 17843.138
11234.390 17335.536
11913.047 16440.155
12129.905 17152.359
13477.452 16724.746
12697.293 17349.831
11275.483 18630.865
12554.426 18537.728
11487.481 17588.355
12958.319 17031.732
13397.773 18057.986
11293.192 18873.793
11804.185 16827.446
13048.275 18041.039
12718.323 18121.715
11571.551 17823.897
11451.778 17334.959
11165.832 16654.622
11785.296 18240.187
12830.201 17998.908
12065.587 16753.224
12292.895 16257.907
11269.237 16314.572
11285.493 16916.502
11211.972 17363.060
13138.194 17429.521
11863.758 17528.209
12136.073 17480.874
12639.683 16626.804
11290.937 16347.764
12472.025 17782.606
11868.581 17648.916
11796.461 18183.097
12784.309 17291.865
13836.824 17838.232
13358.986 17351.913
12991.134 18683.335
13590.114 16490.075
13606.258 16139.097
12560.070 17070.908
11741.302 16449.287
13893.104 18464.130
13855.678 16247.283
13114.618 17723.026
13779.052 17821.934
11167.944 18250.756
11568.180 16875.552
13353.365 18110.889
12377.922 18615.094
12663.135 17925.992
11358.615 16328.672
11836.214 18538.689
11876.995 18096.326
13272.208 17051.581
12845.507 17836.595
11162.413 17226.262
13448.893 16275.112
11757.531 16146.724
12726.251 18064.021
11827.361 16684.907
13325.972 18513.367
13402.746 18307.804
13867.651 18643.847
13763.007 16249.241
13630.292 18394.474
12874.620 17856.043
11720.582 16593.238
11577.526 18749.145
13071.841 16118.714
11355.187 17137.456
13754.078 16176.859
12308.154 18387.516
11859.671 17445.950
11458.702 17023.389
11439.682 18760.101
13251.879 16732.535
12463.492 18189.363
13243.681 18095.875
11897.363 17155.202
13808.689 18599.355
12227.721 16643.392
12012.169 16207.898
11409.288 18280.172
11462.024 18122.454
11896.747 18784.290
13440.080 17023.181
13188.670 18228.413
13063.049 17159.985
11414.523 16612.988
13786.169 16160.928
12344.689 18688.183
11679.753 18262.466
12305.827 17841.667
13066.894 18699.617
11971.425 18033.540
13040.955 16538.033
11620.577 16119.460
13833.536 16905.137
13029.073 18531.974
11179.678 17417.944
11438.437 16205.322
11933.265 16637.929
11752.215 16462.396
13316.092 17298.525
13820.026 16965.330
11371.568 16231.143
12463.725 16729.409
13371.757 18447.331
11945.401 17888.236
11247.303 18589.743
11356.691 16865.888
11978.388 16347.519
12845.971 16299.089
12013.467 18671.494
12312.896 17079.902
12805.245 16697.986
13508.859 16538.197
12183.220 16186.008
12952.620 16912.092
12306.638 17201.219
11942.893 16130.115
12081.678 18530.113
12615.431 18820.679
11856.971 18090.821
13005.758 16129.458
11562.747 18846.310
13406.312 18349.114
13166.211 16211.215
12629.903 18623.683
11162.065 18859.901
13353.955 16451.053
11898.425 18398.481
13790.633 18357.919
13245.135 18550.818
13317.215 17244.544
13351.615 18695.559
11799.651 17204.552
11785.837 16197.771
11213.259 17676.453
12924.212 18624.061
11159.839 18510.578
13064.876 16542.898
12035.701 18225.129
13398.011 17273.789
12875.639 17469.433
12433.139 16535.467
11930.019 18095.403
12135.422 16169.594
12744.591 18385.057
13235.255 18038.421
12132.292 16430.618
12877.588 16454.087
12070.657 16122.553
12088.635 16131.807
12692.679 18757.414
13026.683 16666.032
11540.232 17603.159
13512.758 17492.801
13380.904 17691.661
13882.598 17779.634
11469.828 16953.498
12154.821 17919.003
13277.538 18671.247
13285.456 16375.844
13517.926 17265.263
13846.185 18738.257
12316.510 17855.279
11558.700 18145.853
11727.461 16250.120
11831.520 17549.016
13553.608 18315.133
11326.192 17440.450
11669.013 17723.741
13293.847 17674.549
11398.598 18875.855
12628.618 17740.603
13627.821 17712.582
13280.274 16325.634
12801.525 16365.561
11602.412 17851.808
13803.640 16426.059
11989.613 16264.746
13585.367 16955.478
12584.857 18594.944
12745.075 16534.593
11342.832 16925.740
11468.514 18618.683
12706.496 18876.185
13012.396 17149.049
11879.402 16815.784
12636.527 17262.844
12669.475 16192.964
12326.068 17302.338
13713.091 16819.160
13810.549 16603.567
11838.478 17927.537
12818.780 18093.744
12971.592 16486.854
13630.241 18583.099
12606.617 16217.875
12313.027 16481.676
12593.829 18701.867
13812.245 18207.716
12368.742 17316.850
12607.487 17445.197
11605.644 16136.152
11613.818 17577.853
11947.441 18553.838
12915.617 18666.716
13302.780 16117.569
11876.828 18037.827
11344.715 18677.859
13325.733 16788.770
13461.521 17847.535
13903.632 17706.973
11398.596 17058.728
11770.183 17875.163
12763.866 16499.507
11881.289 16887.994
11519.813 16955.791
11270.710 16403.427
11338.807 16674.651
12557.549 17486.833
13774.658 17679.498
13104.505 16770.175
13534.130 17139.846
12336.708 18763.368
12345.540 17255.114
13802.371 18491.295
12379.479 17712.853
13428.656 17029.720
11158.850 16935.572
11280.780 18735.904
12580.469 16325.385
12875.029 16983.644
13414.849 17328.160
12232.810 18550.682
12722.049 16182.427
12339.429 17649.513
11609.969 17047.125
13651.574 16732.247
12182.188 18607.865
12877.725 16189.607
12590.168 16344.045
13177.846 16862.593
12746.275 17998.328
13791.055 18665.909
13351.452 18431.375
11397.672 16596.999
11231.296 18819.575
13051.748 18460.597
12946.829 17619.830
11520.165 17670.164
11487.924 16472.387
12218.023 16456.381
12961.656 18355.784
13608.059 18382.959
11867.388 17978.430
13846.941 16544.167
12641.144 16141.199
11909.379 17553.307
11646.331 16887.465
11212.930 17858.704
12022.865 16117.554
12719.377 18095.399
13706.659 17619.895
11136.033 18329.664
11970.088 16721.544
12873.711 17482.536
13645.235 17409.502
13742.843 16337.412
12689.726 16736.522
11537.939 17208.757
12970.301 16703.908
13904.730 17407.125
13337.098 16814.831
13122.416 16347.538
12646.155 17942.083
11136.881 17432.785
11382.734 17686.826
13877.643 18609.900
12305.308 18699.450
11488.289 17962.412
12951.240 18578.466
11864.747 16624.323
11772.091 18612.412
12333.799 16850.983
12690.399 17833.299
12567.124 16449.951
13045.665 17323.220
12983.476 17013.911
11578.903 17262.522
11540.338 17557.290
11991.760 17914.145
12165.396 18327.640
11543.226 18876.577
12790.547 18429.119
13295.615 18059.905
11736.215 18111.500
12840.966 16909.496
12909.812 17207.794
12949.496 18113.894
11243.788 17140.148
12706.717 16640.044
11656.847 16940.693
13569.830 18441.394
12694.520 18158.197
12787.732 17727.084
12170.077 17364.213
13782.481 16288.477
11592.498 16489.600
11152.252 18771.928
12112.210 18394.461
13730.685 16568.794
11250.489 17155.102
11430.921 17106.743
13703.925 17976.896
13462.928 18085.796
12004.237 17799.112
11509.208 16127.315
12415.203 16751.516
12096.039 17345.229
11850.938 16837.172
13710.209 17756.359
12524.402 17341.211
12244.803 17296.216
13201.885 18884.722
12113.018 18027.389
11276.839 17414.535
12470.883 18351.540
13242.063 17481.604
12209.388 16255.711
12987.056 18852.931
12703.408 17526.609
12537.037 17457.092
12083.543 18349.223
11311.601 18243.022
11651.377 16544.070
13619.465 16295.274
13222.125 16900.579
11713.348 18843.727
11901.815 16456.072
11850.722 16416.986
12213.953 17298.517
13395.248 17998.246
11452.072 17152.138
13222.249 18090.460
11359.615 17426.027
11558.496 18360.078
12332.381 17339.988
12337.678 18101.819
13108.205 16583.579
13258.899 17699.455
12240.050 17416.945
12883.198 18362.404
11307.044 17204.112
11787.826 17785.387
13087.887 16332.137
12118.975 17137.848
12267.633 18079.849
12163.999 17746.312
12488.427 18303.812
13375.836 17044.121
13404.067 17800.573
11488.220 18202.548
13540.258 17044.208
12029.935 17085.197
12279.880 18052.674
12611.565 18177.547
12410.787 16503.568
12636.164 18654.302
12739.129 17825.262
12844.608 17906.968
12803.113 18012.051
13474.847 18038.290
12622.959 17109.242
13197.779 18634.995
11302.144 16454.614
12486.124 16698.930
12397.893 17085.726
12612.463 18372.375
12888.918 16155.643
12836.520 18286.051
11474.626 16656.686
12928.377 16240.163
12064.846 17889.545
11645.017 17625.622
12726.283 16966.160
13537.492 17603.415
12130.302 18360.464
11253.277 18642.591
13672.306 18794.330
13450.792 18086.246
11923.718 18066.944
13292.745 17211.905
12205.828 16766.874
11709.650 18089.533
12655.391 18579.131
13723.297 18302.947
12823.806 18149.253
11973.384 17700.958
11548.721 16503.040
11420.811 18834.666
13149.801 17296.622
13892.803 17419.201
11558.053 17885.828
11864.419 16318.943
13303.017 16555.998
13793.289 16959.394
11281.220 17573.859
12901.440 18260.720
12041.153 18061.369
11634.657 16488.715
12675.566 16217.585
13267.146 17549.737
12137.314 17590.002
11327.300 18237.556
11946.397 17352.705
12148.678 17330.729
12444.154 16523.317
12551.030 17662.943
13108.126 16668.614
12533.901 17462.486
12602.283 17308.482
13293.485 18054.756
12837.804 18174.574
13336.907 17976.390
13391.303 16854.940
11457.868 18255.035
11732.361 16205.091
11649.943 18204.778
12386.421 17201.892
12253.505 18560.379
11160.602 17841.648
11337.697 17463.227
12049.830 17994.693
12007.360 17139.217
13359.958 17616.136
11385.022 16923.903
12496.834 18714.126
12039.559 18086.942
13195.018 18800.521
13021.390 16398.665
11308.133 17051.805
12313.040 17063.742
12481.184 16532.545
12356.042 18233.790
11781.808 18029.402
11264.971 18034.597
12183.674 17616.334
12645.237 18385.366
11517.688 18195.155
11531.000 17817.695
11918.917 16692.101
12312.895 18736.119
13059.661 17654.035
12725.220 17854.457
11460.741 18758.307
13277.287 16906.114
11775.115 17144.006
12389.265 16886.786
13819.425 17003.851
13590.285 17273.928
11130.282 18247.159
11437.706 16695.726
12122.913 18403.748
12162.493 16329.225
11240.316 16722.799
12787.887 18423.897
13252.660 18402.796
12554.229 16654.056
12128.271 18517.282
13094.760 16180.391
12639.724 18879.744
12113.650 16790.957
13588.680 17345.215
11301.375 16442.265
12984.188 18001.271
11425.403 18752.680
11833.349 17816.419
13422.848 16900.984
13314.634 18831.889
13477.984 16945.385
11344.613 17013.272
12537.279 17178.867
12947.211 18090.816
13551.194 18689.545
13898.048 16789.894
11279.423 18836.499
11288.418 18629.471
12417.829 17876.737
12567.297 16934.845
12556.564 17091.806
12082.168 17073.217
11300.305 18525.380
12851.039 17050.853
13759.039 18727.370
11498.954 17463.869
11928.684 17513.529
11684.048 16378.150
12700.030 18317.832
12742.879 17122.560
12066.650 16195.420
12018.479 17633.922
12932.618 17171.474
12376.673 17991.721
12104.670 16488.127
13218.874 17752.859
12428.739 16511.807
12381.444 16840.681
13870.972 16545.536
13217.029 17568.945
12743.613 17072.994
12341.007 17995.788
11327.124 17958.142
11208.105 16990.882
13295.045 18342.408
12959.806 16200.433
11569.765 18184.437
12482.498 17127.599
12612.857 16521.993
12987.314 16342.882
12599.402 16221.605
11364.362 18449.619
11327.551 18628.889
13197.924 16412.868
11551.256 17003.370
12207.153 17710.592
11771.396 18489.268
11905.261 17145.640
13902.647 18728.388
13166.273 18663.245
12429.096 17061.050
13657.816 17199.638
13680.818 18577.909
12412.508 18341.968
12558.123 18645.878
12023.904 18576.882
11808.004 18744.763
12602.814 18727.679
12220.005 16238.601
11990.930 18288.617
13473.212 16447.893
13488.300 16415.121
11797.243 18878.245
12595.953 16764.778
11691.199 17330.002
11527.940 18336.328
12196.763 16522.556
11209.949 16528.150
13700.296 18205.595
13490.848 18519.880
12331.587 16703.083
12781.534 16466.042
12620.982 16338.812
13105.622 18598.965
12815.718 17305.865
12298.538 18414.028
13190.986 18750.742
13460.138 17972.567
12154.718 18403.838
11708.307 18428.098
11303.069 16807.078
11868.999 17699.486
13864.634 16242.322
11773.044 16912.577
11274.990 17873.495
12896.509 17839.795
13547.351 16972.890
12166.708 17735.507
13156.621 16155.671
12737.856 16321.620
11725.604 17818.384
13162.625 17207.233
11951.063 17683.327
13865.683 16576.738
13184.951 17056.184
11626.897 18855.608
11642.028 18236.406
13089.996 17287.028
12617.496 18445.407
12308.973 18012.771
13829.695 16297.549
11373.604 17497.554
12667.204 18632.561
12282.284 18127.422
11445.348 18670.525
12663.715 16416.572
12518.015 16222.660
13749.906 16213.116
12099.564 16317.407
11603.889 16210.928
12089.454 17607.106
13617.077 18144.837
12559.296 17162.011
12610.652 17328.113
11265.602 16615.870
12380.874 18374.618
13611.838 16128.866
11316.243 16293.964
12061.972 18144.804
12420.845 18600.450
13221.017 18147.704
11530.535 17103.197
11550.410 18767.793
13474.329 16522.701
12722.146 17476.783
12915.125 16732.250
12290.714 17093.530
12416.174 18277.485
11448.750 17960.398
13498.531 18422.371
13440.397 17447.993
11190.827 18685.690
12134.250 18596.337
13718.266 17218.793
13762.604 16955.415
11576.882 16926.704
12357.349 16939.974
11989.067 18332.769
11756.216 17265.049
12237.331 18648.829
11862.151 17110.693
12405.008 16180.281
11260.718 17917.211
13197.116 17285.590
11282.399 16852.359
13122.043 18823.971
11423.026 17310.523
11429.207 17441.854
12044.584 16998.974
12408.092 17143.899
13540.598 17677.379
12633.903 16790.649
12031.299 16455.083
13688.496 18602.028
12138.406 16580.456
13879.857 18234.308
12929.587 18766.607
13070.750 17374.208
11432.754 16742.166
11867.517 17906.349
13110.680 17209.248
13867.687 18087.431
13861.132 16723.595
11189.952 17067.784
12846.881 18106.730
13284.138 17235.378
13459.027 18850.367
11968.103 17894.726
11838.389 18121.753
11396.371 16618.632
13188.369 17480.046
11495.040 17745.732
11743.952 16302.673
11173.281 16569.426
13141.503 17647.157
11983.717 16936.719
12980.688 17082.544
11849.876 18745.045
12388.597 17203.191
12197.427 17840.354
13307.655 17251.376
11890.180 16201.631
11236.790 18338.197
12706.072 18462.988
11520.851 17850.956
13177.061 18800.078
11906.185 16959.315
11546.375 16318.406
12906.630 16606.475
11974.848 16507.025
11194.764 16703.467
13830.230 16652.042
11318.641 16621.268
13881.028 18387.298
12717.623 17207.550
11439.478 17662.778
13643.123 17881.474
13687.923 18414.296
12985.440 18060.260
13452.596 17321.454
13849.752 18074.115
12699.125 17983.350
13529.015 18147.353
11303.776 18508.243
13818.410 16329.293
11597.038 18232.457
13117.513 16584.247
11363.182 17947.188
11448.081 16620.788
13073.225 17373.167
13348.271 17372.592
11673.148 17347.385
12499.104 18785.502
13125.009 16303.622
12725.405 17538.192
12488.696 17554.551
12523.755 18065.597
13667.714 17032.559
11771.863 16193.636
13202.563 18845.943
12969.846 18173.115
11674.541 18081.005
12545.927 17105.405
12282.639 17626.101
11655.141 16280.442
12485.557 18361.613
11255.364 18766.338
12541.466 16351.806
11749.615 18422.729
11942.903 17349.183
12498.852 17598.493
13607.882 18566.792
12073.411 16499.021
11592.136 16763.008
12346.548 18016.602
12956.440 16197.010
13810.820 17405.497
11322.692 18169.537
11381.091 17201.049
12333.609 17164.639
11902.391 16377.354
13268.110 17196.677
12484.586 18359.584
12235.212 16464.113
13874.622 18282.235
12760.169 16765.553
13395.894 18638.562
12405.895 17878.623
12061.966 18847.512
11137.251 16626.230
13411.272 16735.249
12210.739 18555.470
13631.908 16988.843
13128.818 16923.453
13455.177 18532.184
13636.905 16727.315
12071.012 16214.453
11775.467 16114.981
13825.306 17172.638
13766.695 17651.910
13107.018 17773.216
12521.060 16363.790
13066.283 18176.023
12691.706 18480.193
11290.519 18860.739
12480.051 18828.312
12148.268 18885.308
11198.969 18774.345
12122.030 17404.145
12937.665 18296.097
11403.599 16931.442
12181.999 18248.090
11468.333 16149.875
13752.321 18487.522
13357.330 17247.239
11261.147 17331.584
13345.654 18746.778
13067.846 17146.053
12163.416 16122.391
13279.399 17636.165
12623.117 18422.137
11662.904 16134.566
11374.339 18027.781
12225.459 16496.442
12217.760 18091.921
11634.457 17410.079
12308.714 16347.012
12950.301 18743.421
12540.907 17434.003
12808.433 18403.129
12469.470 18345.867
11975.685 18860.322
12763.124 16639.616
12379.830 17121.054
13278.265 18485.265
12755.186 16524.764
12655.024 17311.855
11504.357 16921.864
13124.751 16316.580
11329.036 17033.407
12647.934 18038.947
13221.926 18250.824
12260.194 17439.421
11708.834 17683.832
13252.242 16334.818
11864.954 16806.837
12583.116 16813.513
13168.310 18260.369
13294.574 16617.371
11331.665 16621.540
12168.989 18867.780
12609.319 16587.928
13886.321 18097.445
11286.291 17153.486
12729.517 17909.719
12882.511 18105.798
13639.537 16618.859
12735.078 18306.362
13240.373 16235.978
13138.552 18154.304
11747.988 18351.862
13317.828 17729.059
13038.558 17352.327
11827.688 16208.247
12087.031 18363.449
11660.416 17832.767
13607.957 18623.102
12485.240 16555.042
11529.397 17437.897
12828.219 16572.422
11921.995 18567.109
13032.409 16962.393
13233.775 16765.742
13162.388 16991.446
13580.079 16395.571
13268.831 16795.349
13524.517 17977.188
12659.344 17242.241
12185.480 18170.505
13738.467 16319.948
12320.816 16933.077
11759.403 18388.275
11596.179 17458.048
13274.148 17960.221
11559.647 16413.105
13114.147 16926.068
12811.476 18297.285
11428.524 16327.675
12472.627 17149.341
13486.331 16998.794
13293.500 18517.071
11182.671 16963.564
12360.033 18036.611
11476.481 17489.089
11468.981 18768.381
13302.982 18477.755
13153.009 16848.521
13237.947 18880.111
12706.558 17078.877
12175.252 17339.585
12365.413 17033.033
13488.223 16636.842
13063.598 18358.051
12319.009 16696.174
13901.152 16652.087
11206.443 18708.165
11727.820 18221.448
12771.772 16185.134
13779.351 18234.303
13020.990 16614.192
12289.984 18546.027
11233.031 16277.716
13363.039 16305.724
12640.188 16686.706
11292.688 16141.502
12289.823 18054.479
13545.133 16302.909
11453.882 18216.904
11971.580 17388.443
13709.907 16858.739
11554.343 17453.641
12616.134 17626.529
13249.351 18774.739
12123.834 17829.597
13053.497 17213.288
12982.627 16350.375
13355.358 18815.158
12386.916 16188.680
13528.832 18536.780
13855.343 17700.806
11906.244 17474.199
11408.983 17970.337
13476.576 17865.614
13290.605 16320.494
13120.421 18462.670
12024.928 18039.455
12732.681 18819.184
11296.750 16868.103
12389.914 17189.907
12051.500 16805.962
11803.459 17518.230
11856.205 18554.169
11299.471 17917.984
12294.879 18050.441
11813.834 16222.585
12486.087 16168.510
11630.962 17781.243
11709.681 16684.352
13462.211 18170.744
12726.734 18688.975
12937.487 17750.689
13238.682 18503.715
13540.521 17498.316
11601.580 18522.827
12101.967 16875.008
12860.451 18867.703
11880.976 17799.841
11202.974 16819.672
12605.469 18433.327
13056.492 16610.538
12253.554 17887.307
11532.555 18577.567
11820.091 16553.022
13438.214 17761.268
11872.113 16977.622
13666.287 18014.684
12813.728 16409.389
11278.957 17043.190
12032.800 16240.821
12240.439 18482.722
12125.243 16507.391
12469.355 16616.297
11730.592 17442.599
11302.697 17576.485
11890.864 17190.013
13599.118 17380.536
13638.354 17004.314
13131.970 18275.677
13001.500 17031.589
11375.779 17606.312
11226.593 18591.499
11370.686 18446.763
12920.773 16267.695
13828.682 18372.234
11722.674 17839.297
12926.598 17994.512
12879.453 18033.976
11811.067 18489.513
12002.914 16723.961
12257.401 18240.314
13311.533 18680.528
13694.203 17886.431
13251.763 17675.301
12491.225 16621.673
13381.900 16690.732
12936.625 16747.560
12131.054 16129.244
13649.506 16357.475
11574.954 16836.829
12765.975 18427.805
13300.697 16956.840
13866.121 17835.363
13822.332 16568.324
13300.110 17000.211
11473.776 17401.426
13557.054 16676.300
11147.252 16113.285
11164.317 17855.922
12719.990 17095.249
13900.752 18102.972
12387.677 18721.990
13353.853 16835.671
13695.619 18692.331
12669.403 18045.421
12576.069 17132.071
12975.836 17589.074
13293.395 17992.755
11314.442 16705.904
11609.133 16902.799
12497.794 16785.860
11202.219 17931.310
12486.232 18588.681
12448.829 18783.676
13565.868 17571.256
11560.813 17519.061
12680.202 18485.917
13507.732 18531.763
12475.849 16889.685
11758.484 17896.641
11886.481 16584.319
12589.292 18338.122
13603.548 18674.620
13391.663 16443.244
11683.336 17427.191
13377.991 16873.234
13010.319 17238.316
12373.557 17131.527
11995.367 17353.809
12903.886 18089.715
13251.785 17972.325
13048.187 18784.384
12569.066 16509.819
12453.968 16981.572
12744.598 17303.637
13899.500 18541.314
13510.880 18074.060
13356.198 16448.891
12905.315 17354.701
13333.296 16249.969
12346.962 16205.929
12538.052 16272.018
12541.600 17953.728
13268.856 16953.518
13586.913 16380.437
11764.196 17867.841
12494.044 17887.658
11963.129 17682.937
12615.883 16148.873
12301.498 16278.982
13555.095 17006.478
12868.690 18455.635
11539.529 17190.744
13067.406 18180.084
12011.521 16794.109
12628.854 18864.103
12632.196 18504.839
12588.187 18323.074
13276.438 17502.373
13338.734 16505.187
13853.043 16906.686
12694.704 18216.556
13410.253 17009.623
12416.651 17700.049
11213.466 18536.284
12908.137 16835.984
13184.574 17235.462
11559.398 17223.908
13731.446 18020.820
11779.174 18718.211
12429.857 16526.599
11654.295 17119.300
11881.323 18222.430
11634.455 17971.829
11244.490 17242.066
11490.170 16300.313
11228.009 18510.399
12675.794 18283.544
11864.384 16192.635
11459.273 18875.441
13509.625 16662.752
11770.865 17767.467
12562.524 18823.409
13724.499 18636.730
13172.368 18551.923
12291.517 16745.037
11549.934 17010.629
12749.285 18289.579
11767.872 16379.634
13551.373 18029.104
12431.757 17848.101
12967.652 16331.573
13029.378 16684.911
13393.177 16407.505
12142.067 16431.889
12431.935 16971.288
12593.799 16403.772
13161.293 17752.346
13202.743 16196.335
12950.270 17310.446
12934.919 16833.823
13030.916 18832.145
11772.026 18257.028
11307.670 16487.365
11654.398 17248.828
12044.295 18074.075
12500.759 17881.489
12508.529 16539.412
12182.371 16939.577
12486.088 17280.607
11493.971 17795.370
13440.065 17010.066
11998.733 17479.543
12481.985 18005.689
13773.124 17366.402
12417.517 17425.136
13214.928 16818.089
11420.375 18024.801
12185.812 17167.244
12975.678 16530.721
11520.633 16793.104
11504.758 18337.144
13644.084 17169.564
13088.746 17666.670
11994.635 17434.000
11886.910 16168.703
11160.515 17259.318
12569.828 17186.273
12069.453 17982.411
12751.242 16864.495
12978.051 16159.406
12414.498 18686.927
13167.983 17661.242
12994.093 17135.416
12593.831 18556.002
12536.548 17046.468
12500.087 18802.777
13074.592 16791.656
13137.595 16371.286
12511.079 17555.259
12228.275 16334.030
11552.280 17552.626
11418.496 17128.453
12093.345 18035.022
12825.837 18513.954
12194.366 16780.636
12960.160 17130.730
11218.413 17590.131
13379.667 18185.904
13077.232 17776.709
11583.878 16413.620
11195.155 18532.643
13139.213 16273.848
13137.508 17833.545
12969.704 18561.782
12987.505 18729.088
13797.037 18008.198
12121.570 18255.203
13902.205 18836.465
12272.387 17087.510
12261.531 17141.112
11969.956 18469.218
13641.340 17708.168
11948.339 16983.762
12123.180 16833.665
12063.518 16578.114
13785.192 18045.485
11985.536 17694.963
12335.673 17015.486
12922.932 16735.901
12599.082 16435.321
11397.621 17779.151
12106.980 17738.259
11462.362 16782.133
12656.317 16422.178
11644.079 18609.594
13143.884 16203.666
12213.446 17021.376
11301.177 16503.596
11735.494 18686.941
13429.690 18307.667
11663.396 16355.659
13364.599 16386.657
11943.093 18169.658
11916.166 18808.136
13691.621 17161.386
13567.862 18575.562
13482.715 16508.594
12817.227 16642.925
11235.765 17219.119
11320.239 18651.442
11702.326 17389.661
11323.129 16605.841
13257.802 17847.498
11734.104 16835.750
11825.126 18155.149
11366.817 16243.349
11634.044 16938.820
12633.963 18573.996
12947.745 17964.882
12122.568 17758.833
12042.229 18622.121
11199.760 16125.775
13107.238 17095.442
12776.545 16559.733
12695.918 17782.971
13831.376 16266.940
13493.969 17537.462
12343.083 16548.973
13331.968 16905.032
12244.056 16579.085
12046.993 17355.784
13007.514 17956.955
12023.582 18871.255
13095.779 17421.493
11432.065 17359.496
12971.118 18759.629
11284.229 16733.536
13842.990 18685.272
13076.134 16930.469
13519.510 16944.989
13412.668 16577.658
12981.084 18306.687
12994.767 16391.053
13500.552 17420.109
11817.509 16905.459
11588.902 17968.563
13675.597 16167.983
12266.274 18557.158
11297.133 16588.241
13503.341 18024.527
11681.631 16173.330
13016.434 17017.525
11879.125 17958.777
12901.045 17561.835
12160.632 18618.373
12244.618 18813.986
13597.353 17023.418
11418.357 18494.361
13230.475 17868.057
13893.978 18683.170
12471.332 18421.053
13458.495 18246.529
11311.143 16364.036
13440.046 18221.815
11782.459 18837.977
12811.464 16957.808
12930.490 18489.118
11587.811 17924.192
11796.445 16380.244
11252.190 17615.484
11634.558 17054.876
11234.572 18256.925
11422.699 17528.577
12497.146 16941.105
11732.914 16218.359
11373.919 16626.241
13138.772 16207.911
11152.970 16484.540
13284.302 17611.066
12712.368 17919.554
12224.339 17701.798
12262.433 16120.159
13036.783 18559.024
13708.615 17030.753
13681.035 17912.303
12638.392 18643.432
13681.857 17410.611
12332.496 16943.262
11401.067 17267.003
13275.207 18642.784
12102.720 17183.592
12458.464 16147.409
13471.088 17943.094
11876.321 16825.282
13118.559 17617.217
12231.919 16469.671
13064.397 17193.285
13759.063 17695.396
12156.462 16950.311
13055.219 18434.148
11655.454 16235.311
12716.360 17218.349
12686.520 17023.347
11565.444 16889.693
13896.769 16250.815
13158.230 16276.370
13173.784 18517.744
11891.895 16195.246
13620.629 18441.098
12782.933 16846.996
13262.515 17281.846
12811.249 17662.584
11730.961 17920.012
11681.365 17958.661
13509.719 16342.856
12873.804 18696.275
13053.533 16899.044
11464.501 17995.450
12611.412 17574.935
11876.676 18548.126
12801.905 18419.057
13312.690 18882.163
13423.042 17200.038
12471.427 16148.213
13542.367 17788.368
11863.292 16535.221
13383.695 16171.176
11278.877 16723.132
11913.910 16560.194
13183.643 18524.276
12074.582 17968.208
11546.767 17825.464
12767.834 18699.743
12177.901 16747.848
12721.254 17753.561
13887.260 18574.039
13169.991 17542.113
13384.870 17745.316
11444.530 17952.456
13404.880 18681.453
11998.353 16268.251
12356.684 17993.922
13710.673 17553.803
12223.441 16300.418
11616.510 16735.240
11342.543 18399.452
13867.232 17571.498
12016.889 17777.091
12191.760 18006.352
12623.979 18453.011
12389.390 17051.122
12822.057 16756.268
11345.452 17137.455
13039.376 18091.105
12012.193 17842.947
13351.197 16527.441
13377.525 16577.483
11998.386 18394.488
13694.424 17356.853
11806.400 16646.151
13632.337 18033.762
13429.555 17540.134
11852.193 17278.841
13404.902 16180.860
12427.401 17535.129
13388.352 18712.894
12442.594 17151.959
13153.507 17827.637
12171.954 16713.573
12964.694 16983.228
11650.104 18015.464
12632.891 17601.538
11360.573 17989.962
12181.136 16751.649
12299.599 17539.194
13053.586 17111.098
12110.515 17248.878
12821.772 18493.465
12926.935 18681.730
12641.541 17950.351
12279.995 17097.114
11914.951 17071.983
12115.879 18570.210
11607.751 16363.213
13521.421 18410.953
11731.990 18803.894
11936.353 17968.885
11178.769 17660.064
13432.645 17871.769
12026.877 16848.469
11421.799 18465.698
13479.207 17929.838
12817.852 16355.570
11557.616 17490.931
11294.744 16756.029
13503.638 17659.271
12276.208 18550.964
12019.815 16868.186
11573.284 16132.757
12825.166 17531.693
11965.857 17010.368
12824.611 16292.239
13522.118 16242.984
11889.444 17419.502
12025.536 17978.930
11587.909 17021.793
12037.605 17593.732
11761.200 16755.183
12874.125 16451.952
12665.267 18209.057
11780.374 17991.573
13151.619 17098.444
12278.105 16959.124
11629.294 16988.475
12300.348 18739.978
13465.442 18219.634
11815.514 18784.676
11784.641 18391.584
11690.673 17444.220
11800.493 18508.845
13848.277 18617.813
12798.101 18817.317
12862.121 16159.128
12409.960 18146.348
13743.311 16236.904
13309.725 17649.331
11995.232 18034.753
12264.267 16333.014
12952.184 17064.869
13102.968 16242.048
13071.861 18177.262
13626.181 17336.193
13482.998 16233.902
12933.156 18655.138
12017.434 18649.242
13675.640 18133.441
11670.617 17215.712
11787.175 16899.938
12233.637 18807.525
11847.336 16481.521
13275.862 17808.748
12437.818 17287.247
13074.085 17355.540
11782.635 16789.219
13516.399 17147.914
12400.279 16758.905
11697.270 16297.259
11494.132 16541.653
13246.920 16910.908
12803.980 18769.171
11616.032 18324.266
13096.332 18535.753
13468.625 18824.902
13678.911 16978.274
11872.680 18868.702
13372.684 17476.067
13786.368 16216.440
13226.494 17842.470
11643.012 16556.153
13334.586 17043.104
12161.218 18460.622
11179.216 17538.862
12081.779 18607.255
12681.850 18721.562
11436.498 17170.756
11148.662 17644.546
13277.051 16799.515
12421.997 17659.235
12961.579 17685.089
12287.431 18878.576
13849.551 16399.875
12709.605 16485.643
11148.211 16567.484
13298.617 18450.646
12939.298 17885.957
12378.184 16991.106
12848.330 17009.346
11206.319 17506.839
12500.892 16958.579
13366.634 18569.043
11197.691 18059.136
13300.045 16384.729
13318.967 18871.829
12148.738 16360.074
13633.616 16531.351
13300.670 17508.387
12749.161 16752.632
12714.373 18418.167
12004.523 16428.353
11940.302 16206.048
12666.649 16137.355
11393.577 17198.354
12134.978 17504.713
11843.432 16169.587
12166.095 16421.808
11590.871 18386.237
12144.747 16529.783
13453.619 18291.001
12649.007 16709.072
11209.518 17349.632
11539.555 16397.649
13500.785 18727.917
12524.494 16308.497
12705.296 18490.591
12961.388 18101.637
13542.707 16748.829
13563.833 16195.252
13090.377 17642.816
11131.888 16136.404
13147.666 18489.342
11341.732 17613.231
11511.555 16246.574
13391.613 17066.653
12353.039 16731.558
12535.299 16286.227
11960.796 17063.216
13172.156 17854.027
12714.346 16771.825
13090.640 17616.680
12537.586 16510.333
12695.241 16859.875
12365.025 18696.439
12617.793 18839.977
11635.875 18287.860
13339.317 18052.467
11559.505 17477.513
13045.460 16410.106
11589.414 18290.889
12777.233 16805.727
12776.787 18819.048
13484.398 17995.993
11506.271 18410.885
13246.073 17063.713
11353.242 17626.360
11420.513 18427.485
13370.609 17655.730
12618.688 17970.187
12240.781 16638.774
11227.524 16765.344
12582.624 18267.108
12059.741 18735.283
12607.961 17041.015
13076.118 16504.738
11213.173 18519.724
11824.607 18644.783
12186.863 18552.785
11194.674 17620.520
11731.991 18009.267
12766.604 16735.381
11288.310 18878.469
12381.510 17735.181
11512.551 16473.137
11561.935 18508.360
11939.767 17026.723
12431.157 17895.473
11721.834 18278.808
12818.756 17744.160
12490.734 17347.391
11400.848 17944.349
13631.492 16836.811
11815.209 16372.666
11364.995 16374.521
12708.299 18328.118
11665.883 16703.441
12569.361 17419.282
13772.198 17460.677
11947.297 16515.835
13777.985 17765.954
12987.027 17620.499
13146.701 17082.865
12003.301 17637.958
13159.665 17880.016
11309.516 16694.165
13774.718 18394.863
13846.082 18667.990
12688.238 16523.133
12776.614 16724.904
13736.282 18070.698
13823.162 17118.755
13904.622 18814.241
12266.608 16666.144
13852.850 17624.124
13391.079 16341.302
11396.700 17608.788
13199.150 18385.680
13857.170 18135.991
12673.792 16830.348
12543.577 18110.681
12657.798 17850.752
13200.288 18337.006
12328.599 18632.672
13566.801 17847.980
13606.318 16716.293
12603.799 16891.778
12001.033 18606.759
13029.837 18784.605
11412.632 17129.713
11933.082 18366.797
12760.670 16205.027
11347.124 17514.230
11929.910 17506.006
13740.210 17862.228
11917.133 16888.227
13482.341 18112.784
12667.353 17377.918
13442.088 17581.401
13244.510 17920.054
11652.604 17672.070
11201.546 16958.381
11612.847 17021.812
13412.327 16910.364
12205.788 16455.800
11843.698 16774.953
11350.162 17576.349
12501.361 16548.462
11754.890 17058.921
13711.965 18022.572
12056.098 17505.128
12167.260 16427.105
12249.188 16901.849
11227.201 18454.894
12368.048 18472.243
12149.607 17405.906
11256.103 17458.721
12711.926 16643.040
13705.833 17824.623
11981.210 16531.827
12778.513 18597.190
12805.773 18174.774
11759.427 16436.928
11988.479 17389.164
12308.137 17164.716
12015.202 17021.079
12793.647 18267.982
11627.361 18033.712
12446.490 18738.551
12940.887 16186.513
13705.636 16547.005
12438.491 17377.729
11813.317 18775.400
13439.684 17164.849
12162.600 17811.118
12636.265 16668.323
13194.402 16892.887
13688.547 17183.554
12090.319 17784.491
13648.205 17997.626
12732.018 18141.899
11976.609 17720.893
13160.047 17595.648
12646.712 18861.216
11355.983 16659.742
11300.820 18503.723
13302.877 16152.866
12528.411 17734.010
12073.342 18750.514
11926.772 17680.127
11970.325 17140.124
12094.432 16594.606
11736.772 16642.813
13297.302 17790.402
13053.071 17966.803
13846.074 16887.275
11477.938 17075.326
12308.807 17641.176
12456.358 17682.985
11179.355 17861.698
11934.634 16825.754
12880.544 17381.603
11367.139 18216.770
13560.079 16584.582
13658.072 16733.059
13576.615 18508.312
12739.344 16653.401
11890.829 16555.015
12293.692 16735.544
12049.172 16215.414
12382.477 17845.355
13679.487 17745.937
12405.262 18376.942
12703.052 17786.141
12978.513 17224.698
12382.501 18870.714
11228.252 18548.311
13163.711 16200.417
13283.850 18771.582
11735.906 16151.587
12661.812 18811.773
13855.571 16733.600
13050.002 18579.759
13746.257 17973.832
12786.939 18094.203
12079.772 16620.643
13357.068 17141.524
11158.129 17463.882
12463.319 17682.417
13297.432 18301.099
12476.026 16400.757
12081.887 17133.627
13003.715 16701.446
13697.423 16112.940
13003.579 16612.861
12442.040 18051.007
11599.338 17439.300
11398.655 16415.356
13525.996 16682.559
12708.342 16854.436
12342.767 17383.659
11598.445 18350.913
11197.733 16671.821
11635.139 16350.970
12883.631 17055.321
12662.594 17454.174
12131.639 17870.762
12582.498 16562.795
12079.018 16342.897
12239.280 16365.465
13420.438 16350.383
13050.108 18769.987
11136.276 17851.192
11673.705 17176.770
12600.366 18229.359
11351.706 17659.162
11547.608 16646.500
13881.758 18313.425
12257.518 18388.048
12030.471 16180.171
12211.261 17387.553
12312.406 16539.636
12239.627 18233.936
13083.202 17729.607
11959.500 17478.942
12403.548 17697.360
13260.065 18042.305
11286.089 17086.714
12789.395 16533.312
13173.338 18112.125
13199.629 18424.409
13890.032 18688.998
12631.888 16958.629
12687.171 16729.942
13269.588 18608.911
13553.325 17814.312
12803.176 16208.346
13049.080 17067.414
12911.322 16487.698
12875.101 18315.298
11578.780 17346.278
13091.774 18202.646
13737.009 17414.042
11227.895 18850.188
13241.188 18421.236
12785.363 18013.985
13631.967 17715.441
12616.647 18762.547
11229.250 18011.186
13477.105 16804.816
13208.292 17875.970
13897.390 16904.682
11974.674 18393.402
12313.320 16321.496
12375.285 16849.192
13066.814 16120.307
12277.377 16833.102
11471.286 17443.122
11565.093 18141.045
11776.190 16256.926
13040.467 16307.206
11763.471 17974.101
12986.832 17447.938
13608.343 17745.706
13204.141 18401.333
13065.205 18569.845
11369.606 18804.858
11163.158 17127.683
12566.877 18669.237
11586.705 16217.879
12899.124 18761.679
13711.934 18313.920
13644.126 18256.690
13035.008 17872.052
11624.143 16388.899
11945.693 17521.013
12213.541 16793.173
12144.127 18204.306
12623.155 18712.264
11408.175 17701.273
11893.221 16939.793
13502.810 18020.095
12794.207 17611.940
11560.837 16245.900
11461.120 16991.167
12274.521 16549.157
12887.493 18678.190
13767.789 18440.568
13860.008 18881.357
12487.382 18319.972
12459.411 18440.887
12109.685 18640.488
11211.121 17913.869
11835.318 17783.603
11927.610 17576.007
12639.454 16838.075
12657.104 16544.858
11323.727 18753.582
13705.983 18393.203
11249.465 18163.921
13053.311 16458.301
11649.524 16513.365
12025.479 17711.723
13216.737 17574.956
12637.690 16726.489
11418.929 17677.693
11325.723 18694.901
12398.784 17654.118
12946.002 17092.658
12062.881 18747.169
11242.585 18409.547
12478.864 16952.561
13631.876 16803.017
11436.269 18069.487
13418.909 17628.887
13684.743 16598.794
12048.086 18763.124
13014.430 17039.895
12257.950 16780.762
13217.734 17584.252
11710.089 17634.019
12584.478 17080.145
13740.280 16288.524
12217.320 17068.164
12034.881 17607.770
11702.335 17545.420
11864.473 17243.762
12020.364 17081.841
11709.431 16626.380
13461.108 18757.666
13233.519 16159.099
11351.482 17220.059
13223.412 17965.624
11470.525 16972.624
13503.727 17964.428
13435.873 18848.600
12397.353 16904.932
12210.494 16112.451
13371.267 16734.664
11686.424 18101.931
12019.493 18640.409
13349.109 18547.818
12914.799 16535.543
11745.960 16478.823
11444.113 16383.876
11776.987 16943.202
11779.344 16511.937
13672.272 16988.037
12990.532 17434.156
12190.152 18710.154
11649.254 16462.658
12441.392 17533.555
12439.979 16208.104
11187.348 18675.320
11875.398 17630.244
13669.036 18753.819
12272.688 16415.638
13510.605 17798.235
13112.236 16851.334
12638.565 16940.982
13267.218 17416.887
13816.789 17822.878
13610.486 18799.307
12279.186 17276.481
11153.189 16133.318
12302.587 18450.320
11392.628 17463.781
13113.954 16238.089
13666.224 18323.605
11789.980 16497.825
13310.359 16409.540
13742.636 17469.928
11778.392 16298.907
13402.091 17705.829
13357.892 16439.925
11872.719 18473.602
11821.533 18239.093
11747.018 17530.164
12274.989 17584.339
11365.625 18192.632
13147.540 18281.437
11887.986 17087.031
12686.241 16614.577
11931.804 16714.186
12923.483 16988.919
12877.390 17647.172
13040.865 16937.493
11961.690 17720.307
13177.611 17340.356
11600.040 18656.157
13143.765 16209.940
13294.040 17448.517
12358.081 18675.005
12957.714 16894.871
13101.097 16287.930
13084.122 18253.299
13023.394 17047.152
13446.628 17869.033
13094.707 18698.825
12693.193 18105.987
11777.865 17554.145
11151.809 16813.517
13123.015 17164.595
12390.730 16939.010
13171.266 18302.997
11892.448 18788.699
11734.522 17689.667
12639.969 18466.762
13771.687 17373.501
12808.652 17182.954
13369.578 17521.386
12722.415 16284.324
12616.805 16392.694
13460.762 18516.502
13553.742 18436.391
11239.851 17482.770
13665.922 17697.124
12936.369 18527.350
12681.474 18623.687
12976.621 18854.059
11518.577 17815.507
11354.640 17050.173
11560.093 17012.549
13845.782 18737.220
12927.630 16443.970
13119.621 18145.354
12328.062 16411.812
11750.750 18301.334
11654.549 18837.186
12707.534 18658.428
11608.034 16460.283
11524.624 17995.200
11200.786 17067.268
12664.395 18746.063
12349.119 18190.226
13194.257 18623.382
13870.748 17609.720
13434.232 18649.143
13637.774 18589.615
11895.194 17229.934
12050.129 16575.447
12992.020 18145.769
12405.475 17832.447
11527.287 16690.382
13336.875 18810.396
11511.920 16952.152
13271.853 16610.063
11923.807 18404.678
13134.630 17880.942
12579.408 18233.937
13887.209 17970.244
11972.668 16141.880
13610.052 18007.349
11912.655 17580.820
12394.919 16421.393
11695.319 17336.562
12800.857 17573.674
11573.716 17865.461
11199.475 17808.441
11518.048 18270.322
12363.753 18013.441
12272.397 16868.080
13825.284 16281.587
11737.549 18612.610
11923.749 16533.705
12769.266 18162.067
12858.605 16644.992
13697.187 16498.538
13472.971 18769.913
12890.299 16207.041
13258.526 16442.313
13709.750 16242.471
13089.058 18671.516
12371.185 17174.058
11615.543 17623.876
11964.721 18317.698
12069.737 18717.131
11590.535 17414.203
12354.542 17555.371
13605.180 17107.858
12679.922 18612.672
13695.368 17506.406
11491.004 17684.328
13486.138 17498.050
12418.955 17837.719
11634.001 17338.311
13519.223 17898.237
11895.745 17954.945
12594.090 16772.318
12897.927 18091.292
12942.747 18312.990
13023.440 18390.865
12299.743 18583.305
11684.900 18492.510
13178.359 16823.085
12769.816 17607.356
13133.983 16224.242
11515.853 18317.347
12890.264 18211.481
13426.852 16643.025
12415.739 16290.481
12378.297 18035.139
13052.851 17590.948
12338.085 17359.508
13177.075 17704.062
11360.649 16527.372
13314.775 17790.990
12178.338 17035.302
13569.782 18691.880
13457.310 16311.593
11551.697 17903.943
11496.092 16367.037
12272.865 17462.223
12145.700 16759.253
13237.042 16212.548
12895.561 18262.320
13761.994 18185.785
13019.115 17587.424
12377.092 18588.567
11971.694 16461.049
12428.382 17221.630
11582.684 17995.594
12875.464 16634.389
12297.373 16803.500
11971.537 17348.033
11348.077 18422.519
13838.734 17195.301
11618.402 17816.678
12277.569 16596.678
13435.214 18825.367
12199.144 16639.193
13445.918 16243.170
12231.685 18072.963
11731.914 17487.444
12440.592 18746.609
11277.155 18321.847
11829.487 18551.339
13231.781 17803.104
11253.521 16420.776
11170.686 16531.627
12781.634 17300.754
12689.989 18262.714
11981.030 16337.233
11275.201 16610.077
13625.139 18491.556
13106.882 16592.342
11661.431 17050.551
12011.757 17148.266
13840.020 17592.791
11334.805 18855.915
12878.231 18107.698
13042.541 16701.333
12443.825 16812.757
12495.271 17220.381
13025.315 17263.279
11764.530 17756.469
12055.647 16162.913
11205.639 17971.530
12247.705 16189.783
12345.579 17784.868
12697.219 17016.228
13655.982 17844.594
11154.572 18339.374
13471.319 17889.813
13225.850 18869.449
11628.847 16200.769
13824.126 18716.460
13894.500 16678.279
12987.559 18665.592
13017.750 16247.418
11840.461 16656.795
13549.131 17411.486
11444.558 17597.943
11960.289 17281.638
11654.851 18061.249
12312.195 17664.678
12000.605 17339.030
11481.062 18821.566
12226.922 17396.364
11216.428 17711.632
12021.452 17887.464
13720.879 17273.837
13781.174 16800.695
11413.384 18310.024
13854.619 18181.710
11736.959 18770.815
11325.018 17262.993
12829.069 16665.191
11544.974 16181.807
11801.515 17112.137
11808.037 18550.835
11698.418 18367.727
13766.592 16663.137
11140.885 17320.842
12086.853 17558.902
12464.649 18395.744
12889.030 16291.087
11444.531 16115.715
13487.358 17274.937
13597.370 18501.100
13060.659 18632.399
12315.233 16723.514
12703.539 16817.357
12617.983 16141.198
11741.920 16402.248
13356.773 17717.963
12098.024 16908.490
13364.170 18833.153
12295.594 18805.324
11249.056 16682.485
12120.347 17998.343
13138.596 16322.246
13522.737 16728.538
12846.189 16723.031
12880.087 16473.685
13112.859 16980.294
13616.634 17320.064
12299.821 17043.956
13768.341 17431.244
12965.281 18150.082
12502.382 16977.809
11797.769 16629.308
12722.160 16491.278
13052.294 16925.435
12409.375 18802.898
12404.447 16643.971
12217.258 17078.255
11854.683 17595.710
12268.124 16828.952
12255.105 17629.300
13294.725 16177.343
12904.683 16436.254
11818.754 17533.430
13547.212 16568.437
11259.616 17673.686
13796.405 17019.987
12251.208 17905.923
12946.809 17875.400
12942.653 17753.499
13188.078 17964.662
13125.017 17762.880
11887.456 16888.542
13336.635 16867.738
13218.755 16605.862
12425.693 18400.993
13027.156 17822.877
13690.772 17826.525
13209.759 17313.519
13826.901 17272.902
11900.167 16371.918
11379.048 16338.510
11763.633 18608.375
11732.128 17776.064
13169.362 17798.477
12503.968 16845.925
11408.145 17323.090
12957.461 17865.511
12411.742 18846.371
12402.092 16940.051
11934.453 16866.134
12146.279 17212.777
12282.148 17244.957
13853.115 18798.128
13428.377 16547.664
12795.851 16132.712
12368.794 16237.244
11365.332 18855.457
13577.037 18525.035
11868.241 16211.902
11130.771 17779.327
13664.864 16239.230
13375.396 16852.507
13256.532 18333.028
11578.136 16370.386
12448.873 17908.950
13510.879 18819.394
11684.048 16791.915
12979.986 18692.258
12379.066 16412.064
12712.654 17320.776
11866.712 18579.270
13215.138 17892.055
13313.241 17803.373
12697.261 17123.439
11280.624 17254.203
13873.114 17738.756
12752.629 17839.694
12387.071 18445.454
12519.221 16691.834
12556.696 16254.144
13394.524 17168.720
13028.899 18596.962
13680.480 18422.719
13365.536 16860.146
12817.886 18052.080
11900.900 16664.925
12945.226 18391.986
13841.844 17309.952
11153.572 16538.911
12081.988 16495.960
12176.512 18232.600
11653.382 16927.697
11219.841 18794.481
11774.670 17826.036
11218.736 16324.078
12000.063 16550.232
12918.532 16406.757
12632.861 16716.861
11843.189 16259.492
11871.071 18318.964
12264.733 16284.771
13560.168 17320.389
12751.521 16689.010
11180.509 17005.874
13565.384 17148.644
11168.838 17265.786
12991.559 17602.668
11924.298 18752.970
11584.773 17795.329
11381.447 18237.123
12038.267 18830.997
12089.497 17732.547
11841.245 18851.247
11173.276 18867.503
11636.539 18172.946
12904.049 17667.167
11865.976 16244.030
12757.426 18578.039
13482.024 18788.258
12675.810 17173.779
13770.680 17296.366
12811.453 18195.167
12456.368 17723.475
12845.010 16929.311
12975.732 17408.119
11878.798 18350.336
12473.209 16676.051
13667.618 17515.476
12547.934 17817.453
12320.577 18554.509
13753.695 18152.366
12718.490 16946.072
11692.556 18793.905
11134.758 18269.406
12079.921 17952.806
12979.506 16627.310
12444.514 18340.913
11743.106 17738.599
11877.710 16334.899
13727.965 17262.083
12218.940 17128.612
11529.653 18792.188
12832.766 16987.244
11916.291 16353.263
11226.118 16433.826
11274.887 16892.193
13789.134 16772.998
12928.387 18590.078
12730.594 18847.541
12699.351 16793.419
12768.044 18046.015
11648.923 17721.397
12590.847 16282.415
12766.219 16829.810
13637.883 16558.038
11190.928 16756.751
13543.640 18455.347
12845.204 16183.943
12239.594 16516.731
13292.793 17338.252
13753.049 18310.920
12427.492 18778.953
11784.169 16298.378
11497.523 18432.839
13425.521 16400.955
13769.996 18617.484
13366.325 16972.065
11355.390 18570.496
12367.408 17058.597
11540.051 17451.113
11787.358 16354.931
13024.417 17759.290
12993.907 17331.671
11477.375 18809.190
13694.889 16538.060
13151.049 18714.799
12323.259 17754.223
12885.884 18524.396
11574.625 17211.064
13776.074 17657.757
12392.156 17309.095
12832.120 17651.186
12406.305 17362.038
12453.776 18403.673
12971.688 18315.871
11934.671 17294.744
13097.826 16949.815
13865.337 17831.066
11982.335 16336.342
13706.926 18187.632
11935.535 18754.657
11612.466 17440.337
13674.276 17615.283
12674.481 16656.022
13489.405 17062.530
11615.550 16962.456
11338.151 17827.868
12574.004 17674.568
13622.561 16776.863
12182.750 17264.833
13077.534 17258.986
13473.691 16135.401
11203.160 17911.408
11409.495 17748.408
11429.476 17103.766
11945.166 17071.266
12847.297 17051.969
13561.747 16277.849
13862.571 16893.619
11208.872 17720.097
11352.084 16404.096
11852.254 17888.818
12041.043 17712.486
13223.967 16802.854
13087.713 18787.655
12695.295 16773.474
13347.207 18590.010
13237.343 18641.114
12802.006 17435.116
12131.155 17381.233
12669.257 16685.555
11450.840 17899.759
12101.419 18647.257
12661.333 16410.647
12307.428 17766.032
12916.010 16415.581
12652.933 17653.249
12641.525 16402.697
12626.642 18851.212
13731.653 16571.539
12327.155 17370.770
12305.471 18620.827
12756.037 17211.934
11720.971 16981.414
11737.883 16598.506
12817.422 17917.909
12126.868 18529.374
12105.628 16625.546
12758.269 17247.838
12147.864 18260.302
11939.159 16597.438
13490.402 17845.056
12927.000 16700.924
12155.135 17734.491
12753.396 16677.442
11626.623 18139.531
11465.306 16421.468
13410.761 18524.968
11625.342 17246.302
12190.970 16612.434
13822.428 17094.257
11273.195 17942.988
12860.036 17764.176
12379.667 16142.657
13421.262 16246.690
11157.779 18267.409
11571.243 18020.966
13279.501 17374.388
13116.651 17371.907
13510.485 18336.447
11769.073 16180.820
12384.210 17544.640
13483.539 16607.373
12991.271 17187.047
12450.698 18743.497
13539.291 17814.847
11794.370 16685.576
11227.765 16474.422
12779.445 16484.775
12465.311 17403.564
13311.260 18336.401
13277.370 17227.616
13712.747 17956.947
12149.911 18209.171
11479.364 18319.152
13738.480 16458.415
12111.894 16362.156
13123.855 17234.140
12041.083 17154.303
11250.400 16427.694
11844.144 17802.934
12641.185 18124.566
12619.193 17632.672
12572.727 16286.371
11395.336 18311.077
13511.918 18486.777
13117.622 16894.570
11150.064 16765.428
12777.686 16470.515
11225.016 16895.235
11500.068 17034.313
13332.796 18313.709
13071.966 17648.567
12589.099 16162.116
12544.372 18052.080
11440.436 17979.623
12812.271 17416.129
12779.151 16261.675
12861.082 17686.184
12379.326 18082.000
7112.956 13901.787
8350.963 13251.002
7856.150 13302.755
7951.516 13181.665
6577.963 13668.776
8770.311 11685.225
6544.985 12793.958
6798.487 13269.259
7317.592 12056.450
8866.372 11494.850
8407.728 13308.535
7807.542 12507.300
8401.848 13919.689
6523.986 12949.755
7969.558 13241.972
6455.867 12152.900
6766.989 12442.797
6287.661 11271.269
8755.278 11539.953
8284.515 13665.454
6306.128 11664.372
6443.918 11440.528
6473.990 12208.931
8678.143 12290.109
6415.312 11844.668
8816.106 11369.783
7042.786 13644.053
6689.539 12981.164
6813.372 11485.352
7660.078 12533.404
6394.588 12566.546
6616.059 11708.115
7491.512 13727.200
8575.249 13530.172
8310.405 13298.096
6968.538 11157.395
6690.654 11697.884
7683.138 13101.597
6839.387 13385.414
8518.890 11387.651
8726.287 12468.815
8736.849 11343.731
6835.676 13493.125
7044.181 13377.253
8159.846 12047.881
6788.791 11681.413
7172.853 13613.551
7727.756 12328.541
6519.822 13200.829
6492.443 11840.322
8329.210 12611.429
6415.853 11936.526
7452.463 12866.299
6311.208 11376.825
7073.061 13217.780
6436.479 11710.145
6349.053 13282.938
6342.762 12357.617
7617.644 12255.042
7647.034 11627.710
7948.845 12604.267
6558.691 13617.721
7065.695 13456.059
6285.337 12218.736
7600.301 11604.461
7236.794 12466.377
6780.688 13386.548
8461.468 12268.032
7292.635 11820.966
8806.337 13778.228
7942.159 13603.931
7706.711 11341.535
8623.678 12410.421
6753.369 11227.379
6741.120 12515.963
6801.056 12773.103
7958.645 12472.206
6697.756 13583.908
6981.871 11156.349
7514.275 12679.511
8596.241 11503.061
8328.456 12610.830
6240.447 12544.111
8703.918 12735.355
7475.519 12739.897
7512.893 13883.747
6619.978 13043.189
7422.318 13032.117
7560.389 11849.461
8070.252 13286.684
8799.501 11261.008
7215.692 13849.482
8303.862 12634.121
7697.170 12750.370
7114.986 13555.845
8720.791 12399.915
7096.231 13663.986
7498.942 12302.883
6832.296 11610.608
6237.768 13339.226
8827.531 11214.962
6174.788 12793.776
8113.144 12130.108
6756.968 11267.173
8300.377 12710.486
6696.559 11469.364
7370.940 12740.884
8213.055 13305.531
8302.047 12891.880
7418.861 11539.491
8007.566 11509.769
6453.312 11796.489
7098.454 12876.299
8033.783 12236.185
7923.805 11396.279
8690.123 13760.393
8005.933 12737.606
6436.136 12110.556
6646.120 11744.947
7438.720 12937.626
6833.537 12053.941
8409.636 12881.500
6706.207 13896.944
8546.726 13699.825
8287.504 12532.129
8335.221 13056.599
8351.969 13223.537
6177.381 13672.490
8345.592 13112.943
8589.022 13575.922
7968.859 13466.814
7239.926 13206.600
7497.073 13182.275
7269.330 13389.315
8510.656 12859.109
8330.548 13409.908
6345.752 13159.270
7111.527 11518.714
7045.650 11740.585
8716.019 12542.578
7529.522 12526.898
7057.461 13007.104
7510.320 12512.515
7318.439 13775.734
7178.820 12181.918
7711.269 13913.868
6391.675 13773.333
8656.189 11734.676
8461.825 13812.765
6660.144 13606.669
8311.441 11269.612
7136.120 12863.736
8111.410 13206.981
8020.086 13176.665
8594.202 13733.870
6321.891 13323.452
6787.890 13908.911
6761.496 13603.775
6704.465 13037.241
7352.450 13133.116
7991.956 12182.875
8114.163 12497.101
6485.034 12411.412
8266.234 13110.564
7306.342 11913.432
7415.322 12131.251
8286.248 12395.369
6691.554 12342.764
7930.343 13658.474
6327.195 13678.319
6495.092 12163.176
6441.998 12121.890
6924.013 12729.612
6234.750 13569.884
6294.883 12001.843
7583.220 13353.745
7952.339 12582.511
6666.678 13529.818
7111.739 12870.513
7620.955 13716.721
6679.918 12864.949
8251.131 11744.450
8547.552 13062.520
8790.096 13542.735
8653.808 12124.615
7715.732 13285.646
7897.557 11850.129
7720.521 11591.816
7888.700 11821.947
8047.335 13191.833
7791.829 13761.830
6187.251 11909.725
8556.659 11946.327
7453.041 11739.084
8027.204 12407.190
8480.456 11374.981
6954.352 12674.875
6456.674 13800.980
6909.371 13167.164
6841.553 12501.247
7987.965 12063.049
8879.780 13508.948
7202.862 11842.983
6340.361 11247.429
6627.188 13766.553
8339.504 11351.677
8079.310 11366.844
7054.565 13335.331
6986.565 12535.620
8381.142 12244.074
7319.212 13176.351
7814.074 12289.502
8639.074 12444.447
8153.656 12198.226
6154.710 12746.638
8242.908 12436.509
6272.286 12653.776
8667.089 13095.690
6804.922 12988.253
8632.805 12095.480
8196.079 11146.777
7100.482 11749.047
8363.621 13053.703
8684.479 13200.929
7820.976 13853.541
7944.629 13781.493
7978.724 11673.323
7645.525 12441.168
6402.006 13602.888
6836.293 12125.538
7984.667 11661.671
7005.181 13308.974
6226.517 12262.749
7488.161 13467.962
7344.339 13390.249
8609.480 11694.190
7493.985 13164.096
6297.638 11539.347
8686.081 13256.216
6310.451 11306.288
7069.468 12670.221
7839.657 11155.760
6544.064 12154.844
7436.035 13359.869
7784.854 12104.346
8650.349 12076.038
8832.598 12492.724
7242.289 13202.036
7020.586 13812.943
6817.803 13707.890
8824.822 11809.182
8842.815 12720.978
8516.834 12831.871
8755.351 11159.531
6856.362 13189.709
6952.007 12479.108
8040.867 12626.639
6451.878 11541.850
6501.594 12565.661
7982.542 13299.125
7348.974 11497.366
6772.022 12252.946
7351.106 12570.823
7894.410 11725.534
8877.832 12932.701
6856.735 11723.473
7235.797 11763.591
8474.401 13613.342
8554.975 11339.832
8714.427 11339.603
7106.169 11719.870
8138.718 11830.676
7257.182 13042.249
6355.944 13876.187
7194.298 11171.721
6993.719 13787.446
8593.675 12530.738
7153.691 12723.473
8026.250 12474.645
8366.667 13045.061
6899.581 11752.993
8504.050 12285.873
6884.886 11499.985
6646.510 11311.443
7599.829 12676.337
6479.379 13271.400
8688.794 12091.196
6639.906 11634.859
6677.072 12282.632
8809.150 11611.269
8843.460 12980.545
8764.336 13814.660
8576.906 12996.287
8768.933 12309.979
8091.324 12986.526
6803.611 12471.784
6522.867 12455.979
7343.447 11593.457
7130.942 12271.770
6860.967 13737.797
7838.356 11948.534
6504.595 11836.159
6667.612 13033.541
8706.113 13578.312
6112.630 12607.817
8351.351 11734.538
6721.240 13396.187
8215.084 12055.474
6925.289 12681.113
6225.125 12501.416
6816.751 11598.372
6309.598 12074.541
6489.740 12169.366
7647.172 11524.376
6468.734 11804.678
8650.609 11731.989
7390.418 11871.207
7565.216 13315.987
7352.475 13601.326
8281.146 12194.002
8373.601 13150.306
8402.444 11487.142
8034.885 12866.102
6722.182 11657.705
8029.306 12543.603
8761.866 13539.702
6991.518 13918.731
7718.191 11968.271
6373.122 12285.220
6480.176 12723.540
7040.751 12724.710
8666.874 13522.308
6807.356 12625.630
6829.948 13180.489
6456.698 13599.706
6871.096 11345.633
7485.411 13363.026
6533.405 11797.402
6732.897 12315.534
8078.432 13127.767
6893.259 11770.943
6850.373 11587.296
6206.303 12056.902
7182.632 12243.327
6765.596 13133.349
6885.885 13813.392
8209.471 12950.276
6175.763 11246.279
8705.823 12704.804
8185.721 12034.194
8745.422 13696.363
8166.184 12533.575
7516.874 13011.167
8500.688 13859.554
8585.471 12210.968
7498.350 12241.396
6500.407 12870.549
7055.924 12153.244
7268.469 12600.216
6223.734 13340.381
6936.955 13891.641
7669.869 12309.981
7831.808 13874.772
8075.295 11376.823
8451.504 13545.573
8830.791 12687.766
7597.447 12142.801
6668.488 13125.535
7132.214 11847.064
7788.257 11697.938
6928.398 11533.808
6308.467 11761.050
6571.392 12641.238
7708.380 12815.501
6212.269 11189.583
7546.452 12261.406
6589.926 12679.732
6889.639 13904.334
8002.792 12875.019
7445.088 11454.169
7533.486 12734.418
6778.299 12333.097
7333.190 13833.847
8109.367 12668.008
8742.596 12270.344
7568.493 12654.461
6363.930 11472.814
7967.082 11651.192
8788.499 11882.451
8690.103 12520.232
6549.191 13483.280
7829.007 13274.034
7140.075 13292.868
7812.882 12636.484
7676.072 12869.923
8519.615 11423.286
7427.913 11603.733
7755.510 11355.371
7820.042 11924.412
6873.556 11781.216
6262.798 12630.894
6812.148 11545.808
7107.418 12896.861
6937.281 11285.725
7023.357 12056.484
8228.740 12078.545
7557.724 13635.262
7042.875 12885.995
7442.358 11375.897
6700.363 12590.208
8721.914 12917.301
7229.183 12487.253
6579.968 13095.763
7347.248 13267.309
8134.028 11378.991
8655.156 12980.156
7776.912 13816.359
7896.187 13172.707
7499.627 13659.233
8488.057 12570.099
6571.184 11683.792
6162.819 12260.334
6886.499 11193.836
7125.488 13782.935
7811.558 13350.029
6514.680 11506.888
6230.522 11391.267
7340.113 12956.057
8360.732 12343.708
6327.515 11278.922
6936.588 13198.682
7970.077 11978.496
7709.840 13491.692
7085.225 11845.902
6763.039 13401.609
7360.795 12373.807
6968.159 12182.985
7342.277 12652.930
6436.757 12838.353
6481.818 12010.516
8454.567 11578.975
6937.964 12480.390
6790.056 12400.594
6209.504 11609.632
7080.540 12195.942
6170.349 11651.738
7593.699 12192.750
7684.266 11640.678
8191.452 13897.554
7377.990 13668.975
7418.430 12120.554
7974.351 13221.531
6808.747 11491.663
8511.982 11487.326
7099.664 11954.972
8129.619 11999.260
8865.787 13492.150
6181.197 12258.864
6311.180 11323.465
8234.021 12840.283
6221.712 13664.106
8553.531 12232.468
6366.587 12476.520
6838.839 11373.693
8643.149 11215.001
7739.169 12223.160
8754.919 13770.613
8501.486 11966.214
6234.588 13300.019
8377.650 11623.896
8739.796 11349.086
7754.128 11919.763
8414.338 11744.541
7254.319 13626.969
8035.331 13755.498
6959.094 12208.665
6994.171 12789.593
8592.096 13559.441
6821.615 13445.127
7763.301 13720.274
6834.450 11805.685
7070.264 13252.284
7700.828 13399.264
8099.773 12840.323
8676.778 13407.813
8116.109 13352.611
6807.381 13466.643
7059.205 12553.778
7843.956 11691.490
8324.984 13261.142
8322.996 11857.545
7160.667 11523.531
6191.062 11448.620
6599.702 11957.948
7414.270 12770.717
6869.036 11169.729
8481.230 13604.436
6868.197 12835.494
7869.069 11897.377
8108.451 11289.573
6155.530 12715.731
7408.375 13811.560
6378.469 12203.354
7097.488 13328.898
7650.711 12011.577
6423.035 12074.001
7556.080 12068.880
6782.949 13135.820
8133.964 12937.298
8755.240 12041.098
8088.718 12262.889
8814.103 13302.986
8377.538 13707.788
7399.107 11302.480
6209.885 13715.089
8321.404 12205.010
8361.456 12245.380
6943.022 12630.770
7682.505 12079.792
7347.157 12045.532
7740.635 13628.113
8417.320 12078.496
7354.108 12155.908
7923.525 11508.715
7747.012 13063.002
7162.617 13404.996
8067.019 12053.895
7072.483 13608.417
6242.119 12144.157
7527.469 13870.988
6930.095 11793.967
8752.282 13428.092
6866.288 13184.614
7436.156 12357.421
6667.409 11997.135
7812.681 12734.178
6972.711 13485.539
8474.286 12816.639
7589.435 12318.721
8227.404 12535.545
6955.858 13541.286
6362.434 11503.214
6179.146 13385.216
8350.700 11200.268
6429.869 12326.835
8507.757 12612.679
7228.111 13449.568
7960.606 12051.097
7425.609 11848.809
7054.627 13681.265
8794.534 12994.184
7885.190 11533.187
8443.038 13899.322
8834.488 12191.629
8341.511 11388.248
8346.959 11705.815
7476.095 13264.787
6830.562 12048.141
7588.209 12312.935
7956.302 11540.972
7087.663 13510.864
6189.771 11644.723
7238.921 11503.860
6836.976 11215.156
8887.632 11792.895
7467.630 11816.672
7833.544 13365.448
7991.482 13903.483
6460.034 12559.914
6859.553 13620.181
6178.878 12499.137
6168.959 11823.476
6196.462 12838.369
8745.910 12230.220
7365.194 11239.028
8477.691 12196.366
6820.289 13512.684
8305.859 12268.210
7402.671 13816.767
8155.391 13882.549
7773.164 13545.562
8101.436 11910.926
6611.872 12053.835
8665.137 11225.184
6748.228 11416.727
6802.766 12395.853
7551.396 13589.919
8229.807 12007.946
6861.577 11724.748
8212.968 13056.315
7532.547 12270.681
7395.979 13508.931
7350.775 11753.502
8819.484 12594.575
6981.211 11263.826
7556.412 12771.522
6506.410 12402.505
8148.040 11971.079
7238.296 12860.293
6639.991 13250.649
7695.378 13420.088
8618.607 12112.253
7840.315 13446.378
6569.275 11860.705
7108.442 13372.211
8220.609 12692.151
8789.942 12092.741
8594.532 13237.049
7896.980 13132.672
7988.440 12296.389
7672.914 11787.088
7752.934 12829.200
8750.374 11158.439
6653.389 12634.553
6731.867 13511.213
7836.958 11773.400
6237.925 11323.096
6337.697 12083.145
8840.310 12996.309
6979.609 12772.575
7417.434 11795.625
6840.877 12536.220
7269.750 11251.661
6724.240 12014.016
8187.482 13826.567
8088.112 13414.651
8125.938 13199.016
8205.652 11923.525
8265.958 13198.128
8822.990 12492.995
7403.108 12192.478
6118.636 12282.167
6878.682 12045.316
6384.503 13034.290
8828.858 12571.946
6577.143 12384.957
8657.347 11700.283
7366.031 13772.176
7332.161 12047.795
8558.482 12079.960
8877.821 13116.575
8594.557 11815.570
7968.923 13845.691
8300.627 13123.042
8507.706 13391.540
7473.506 13650.757
7881.066 11283.617
8036.701 13340.970
8469.192 12249.711
8087.109 13473.893
7988.200 12020.106
6415.505 13655.234
7418.944 11559.952
7867.629 11478.109
8861.037 12565.916
7906.559 13464.536
8037.112 12488.805
7981.193 11657.686
7907.823 12871.869
7280.299 13442.107
8611.030 11775.259
7759.072 12681.847
8316.622 12632.431
6786.946 13054.104
6721.247 12872.407
6694.488 13017.792
8762.780 13361.132
8852.433 11367.300
7483.080 12525.283
8462.002 12871.370
6694.509 12359.823
7658.400 12017.828
7669.676 13428.937
7866.024 13335.099
8818.406 13898.472
6317.219 12656.701
6824.140 11800.859
8610.590 13454.810
7446.671 11710.466
6815.902 11484.365
6493.808 11268.273
8332.059 12025.001
8622.708 12516.756
7893.862 13906.965
7397.285 13372.790
8710.056 11805.902
8824.842 12348.000
7210.414 13772.794
6562.031 13198.780
6974.380 13375.763
6722.335 11934.366
8215.841 12606.059
7357.330 13167.640
7774.086 12461.905
8518.687 13138.018
6210.696 11583.026
7134.920 11210.468
8422.072 12955.151
8008.145 13663.244
8091.467 13113.678
6296.259 12053.357
8029.416 12722.653
6654.062 12712.166
8838.493 11204.751
6284.920 12337.456
7869.789 13859.652
6439.881 11900.807
6692.300 13709.571
7032.169 12114.364
6154.794 11693.067
8558.766 12260.473
7210.421 13848.460
6785.530 13240.034
6536.872 11399.087
7606.624 11638.564
8586.962 13012.446
7418.211 11552.491
8791.164 12659.062
7186.427 12620.842
6873.889 13072.594
8431.335 12628.508
7604.751 12321.672
8305.607 13199.693
6159.656 12053.235
7710.612 12819.557
8371.663 12351.473
6835.692 11584.359
6351.161 11185.503
8010.154 11621.983
7891.970 12621.829
8861.782 12844.681
6198.174 13320.286
6254.181 11790.903
7435.784 11535.044
7549.965 13600.050
7176.386 13226.398
7718.971 13813.767
8878.061 11301.165
7761.493 12390.510
8341.242 12510.521
7889.326 12380.469
6396.049 11449.228
7385.268 11817.806
8021.691 11492.340
7233.444 11987.260
7497.376 12075.928
8465.376 12986.929
8735.436 13612.708
8257.256 11220.155
8396.386 13833.658
8617.714 12801.760
6637.289 13146.368
7286.512 11425.805
7381.675 13775.537
8506.397 11494.911
6896.699 13620.519
7270.657 12353.623
6810.864 13021.145
8629.904 13806.183
8778.253 13287.299
8662.339 11183.019
7490.699 12572.798
6624.223 12736.262
6227.107 12431.630
6248.890 11742.410
7925.267 11187.846
7375.488 12415.045
6595.177 12815.020
8581.353 12172.575
7856.117 12256.609
6510.587 11274.166
8314.486 12332.708
8488.774 13160.081
8126.152 11575.074
8618.586 13584.432
8828.018 11166.188
6948.616 13149.605
6632.428 12010.980
6684.909 13029.479
7355.845 11665.928
6568.065 13898.401
8470.402 13112.364
7242.039 12707.606
7219.323 13485.055
7499.352 13652.621
8361.990 13703.944
7657.867 11764.504
7938.761 12650.502
7935.663 11804.772
6378.352 11534.829
6823.495 13205.314
8633.438 11246.329
7777.673 13504.824
7173.937 13206.711
7229.470 13819.678
8744.005 11857.469
7969.249 13127.319
6218.082 12425.745
8698.453 11292.704
8143.569 13709.650
6414.490 11319.095
7597.205 13514.045
7784.039 11619.486
8168.542 11845.259
8012.173 13426.135
7662.531 11924.465
8421.682 11400.346
7856.474 12676.810
7137.233 12854.668
6826.925 13824.121
6825.373 11994.907
7338.926 12316.140
7919.215 11547.746
6806.124 12637.682
7737.873 11618.679
7705.282 11607.030
7919.453 13348.937
6532.642 12309.114
6276.457 13328.061
8662.754 11764.811
8472.673 11824.927
6859.766 12352.899
6809.429 11400.042
8795.414 11967.561
7203.992 12283.943
7462.992 11257.581
8603.995 12103.081
7464.369 13147.176
8526.930 12076.277
7473.858 12380.016
6165.677 13637.926
7621.594 12841.904
6999.880 13903.401
6235.260 11566.485
8093.942 11877.916
6607.105 13584.702
8381.331 12922.422
7847.393 11338.151
6378.554 13724.273
6900.723 13769.431
6638.237 13717.067
8804.822 12950.369
8093.882 13576.815
8332.289 12111.225
8747.781 12441.940
7083.791 11389.302
7596.909 12350.794
8388.518 13543.635
8318.488 12185.904
7675.890 13907.762
8388.236 13775.881
8822.831 11239.477
6852.536 11432.708
7405.345 11710.712
8520.583 11577.849
6352.549 12257.772
7500.264 12914.560
7115.859 11902.496
8116.185 11209.744
8542.513 12575.092
8167.186 12500.548
8643.376 13542.463
6381.655 13388.544
8266.190 11308.460
7729.943 13509.067
7214.687 11652.372
6995.702 13287.891
8037.544 11894.119
7616.511 13193.672
6758.415 11465.909
7031.474 13207.043
6138.784 13217.856
7769.880 12555.552
6169.142 13667.972
7385.217 12818.476
6675.644 12279.953
8211.532 12891.590
8117.614 12368.571
7754.382 12322.472
6452.972 11587.615
6727.481 12550.843
6943.499 12719.979
8389.463 13426.410
6364.158 12278.540
6507.482 13647.358
7740.260 11406.847
6344.554 11983.204
7212.677 13677.510
6819.174 13658.791
7921.244 11903.704
7447.816 12360.923
6723.934 13362.132
6371.637 11406.297
7113.833 13561.134
7308.131 11184.797
8089.164 13776.687
8820.766 13185.206
8878.917 12892.617
6460.418 13650.214
6648.446 13154.838
7482.797 12220.537
6591.607 13577.702
8086.416 13364.780
8867.812 13742.561
8222.491 12836.126
7859.804 12486.646
6379.893 12025.728
8771.554 12266.910
7488.140 13211.180
8161.210 11301.422
7669.754 11980.300
6640.656 11853.718
8734.642 13351.734
6577.467 12992.202
7544.706 11420.729
7615.514 11687.891
6424.493 12432.664
8736.521 13750.474
8495.759 11937.650
7378.580 13221.146
8166.260 11244.608
6270.854 11798.590
8177.553 12933.293
8402.664 13312.864
7209.965 13658.105
7891.263 12212.860
7964.776 13610.652
8053.686 12000.673
6315.874 11830.763
8736.789 11591.361
6741.935 11630.464
8310.996 13474.773
8108.938 12893.015
6379.401 11936.861
7856.922 13233.571
8171.391 13816.519
7158.694 11483.041
8299.457 13007.555
7999.774 11210.760
6676.604 12688.885
8517.744 13514.019
7896.616 12665.487
7296.211 11173.858
6355.656 11510.302
7753.204 13133.911
8452.584 12567.770
6788.949 13819.211
6977.325 12120.165
8338.186 13724.299
7904.107 13181.293
6999.138 11449.417
7101.619 13404.508
7802.233 11187.767
6569.705 11805.310
6781.135 12810.486
7661.294 11957.606
6366.330 11691.723
6494.991 11960.321
8203.771 12745.714
7284.054 13253.070
6468.383 11871.558
7004.094 13012.245
6831.912 11934.179
7257.767 11948.901
6646.271 12342.269
6381.714 11451.083
6720.973 12626.777
8688.167 12274.222
7530.182 13715.711
6136.899 11306.664
6264.742 11749.518
7033.218 13327.256
7405.415 12495.604
6782.335 12205.174
7734.556 13766.021
8788.349 11151.738
6927.160 12898.510
7279.047 12113.058
6505.511 13621.829
7633.709 12946.219
6346.377 11685.351
6583.450 11401.886
7768.801 13016.925
7459.246 13402.297
6707.260 11716.700
7714.683 13503.543
6346.681 11583.465
8871.959 13865.753
6900.321 13310.159
6811.753 13689.826
7753.168 13296.135
6159.014 12486.442
6946.964 11274.365
7014.313 13104.695
8328.850 12162.829
7900.894 13548.625
7080.379 13221.033
7177.420 12569.271
8744.844 11173.639
7373.465 13217.049
6287.655 12021.619
8137.854 12815.747
6770.976 12619.266
8557.203 13873.251
7887.690 11915.964
6906.906 13033.064
6707.963 11841.045
7849.151 11982.636
8469.540 13490.939
7246.952 11393.837
7883.800 12584.658
8644.559 13277.903
8837.304 11770.470
6744.541 11218.006
6850.328 11347.785
7424.918 12977.865
6259.487 12820.988
7046.100 13701.897
8084.763 12142.076
6881.171 13884.463
8270.177 12206.204
7985.465 12706.516
8608.877 11393.708
7497.458 13613.647
6514.455 13349.429
7622.941 11885.660
6191.904 13789.567
7444.653 12163.673
7213.763 11224.459
7063.941 11846.988
8023.275 12796.149
7781.621 12883.347
8547.439 11418.136
7241.218 11405.331
8593.803 13599.845
6798.200 12283.315
8500.848 12084.513
7781.917 12630.144
6455.715 12406.831
7034.515 13919.903
7306.354 12038.168
8566.156 11811.304
6632.983 12703.546
8346.173 11175.319
6925.897 11561.982
8180.851 11518.040
8445.272 12745.033
6603.696 12114.738
7195.335 11351.931
8565.503 11832.618
6818.896 12120.124
7190.859 12010.090
7243.546 11272.182
7614.063 11650.127
8262.180 12345.730
6934.023 11399.010
7688.711 12061.823
7318.706 13397.216
6874.107 12041.009
7045.163 12974.636
8546.514 12755.766
7691.569 11534.119
7030.440 13792.518
8171.908 12079.459
7428.660 12022.832
8474.909 11542.122
6562.652 12461.671
8793.029 13020.487
7006.213 12451.323
6748.423 13254.919
7019.971 13553.328
6989.836 13374.894
8176.914 11915.582
6191.276 11467.525
7039.906 12228.297
6645.334 12114.709
8576.396 13632.179
6264.614 12758.533
6387.033 11642.491
7687.459 11158.197
8090.178 12998.275
8454.856 11268.414
6814.551 13696.299
6609.916 11921.255
7820.237 12690.687
8392.917 13491.375
7691.143 13832.299
7384.704 12102.548
6655.119 12394.998
8310.100 13667.503
8308.745 11170.328
6727.886 12595.892
7354.830 12419.534
7856.573 11950.521
6916.101 12660.505
8871.761 13105.761
8143.965 13904.917
7360.836 12176.851
6191.568 12555.997
7371.270 11615.061
7516.572 12310.985
7856.613 13913.492
8477.362 13217.929
6506.075 13446.693
8862.135 12498.527
8492.962 11325.475
6759.793 12436.967
8835.633 12895.661
7516.189 13059.465
7059.413 11574.313
7364.537 13554.461
7534.283 13365.747
8791.125 13276.399
8095.285 12985.393
7426.330 11322.479
6379.834 12362.671
8666.934 13550.105
7648.779 11545.683
6864.035 11890.719
7545.184 13379.061
8718.953 13886.894
6962.368 11369.633
6321.104 12299.754
6183.737 11151.767
8001.933 11454.034
8252.122 12573.865
6510.398 13237.437
6371.974 11947.742
6369.607 11739.765
7259.197 13845.135
6543.344 13633.033
8166.936 13670.647
6678.992 12715.579
7792.197 13450.610
8612.592 12958.736
8860.527 12979.734
7044.099 13913.465
8804.362 11677.710
7544.634 13804.672
7981.715 12052.504
8163.472 13077.066
8431.119 12407.521
7912.963 11810.342
7216.085 13406.496
8871.214 11474.387
6399.663 13829.139
6864.910 11998.703
7127.881 12623.942
6768.184 11833.676
6419.971 12648.873
7469.165 12728.485
8264.970 12152.530
6582.906 11581.216
6481.202 13005.712
7678.296 12552.192
7157.506 13572.452
8552.191 13358.110
8227.036 13714.336
7094.912 11333.387
8287.260 12544.135
8664.183 11582.676
6539.714 11937.567
8541.718 13263.479
7328.304 11315.734
6689.849 12266.937
6753.380 12344.488
8159.521 11731.161
6468.901 13300.492
7031.812 13110.521
8406.612 11920.045
6283.269 12564.315
6236.731 12999.821
8862.653 11207.040
8450.647 11798.506
7883.383 11462.271
8510.385 11593.677
7352.969 13703.440
7621.797 12406.089
7245.730 13709.560
6240.112 13273.853
6242.086 11467.946
6896.479 13479.928
8695.263 12869.882
7726.766 12304.845
6338.883 13867.388
7192.457 12296.209
8695.492 11862.820
6118.908 12574.546
7157.521 12891.298
7255.099 11735.380
7948.690 13172.119
7109.644 13351.742
8874.648 13149.259
8140.591 11659.674
7993.563 11454.739
8761.461 13401.184
7848.294 13294.949
8212.194 11639.668
7745.212 12394.847
6192.341 12140.120
7303.157 13777.366
8673.295 13667.500
8157.722 13552.308
7315.789 11292.768
7295.822 13847.724
6330.636 11812.597
8787.174 13714.456
8282.053 12229.067
6347.696 12199.025
7878.054 11854.569
7787.878 11153.139
6758.131 11225.125
8555.484 11857.201
7892.985 11326.854
7525.600 12353.668
6887.653 11778.976
8515.133 11653.445
7159.736 11546.032
7519.706 11950.666
6660.435 12743.041
6287.071 12176.554
6408.705 12722.874
8848.629 11569.779
7218.699 11332.972
6992.853 12258.899
7936.823 11374.114
6119.238 12631.655
8297.528 12231.536
6969.808 13519.915
8085.218 12375.444
6618.505 13048.266
6794.176 12434.290
8348.580 12832.644
8418.636 11917.936
8362.862 13307.524
6500.585 12685.361
8454.305 12073.759
7963.200 12201.786
6863.089 11699.981
8480.363 12202.299
8427.688 11227.648
8691.103 11932.519
7684.110 13755.405
7303.008 13310.465
6338.853 11989.765
7351.989 13012.538
7946.846 12143.249
8078.973 13042.136
7849.295 13845.529
8812.685 11568.700
6674.996 13151.657
7881.967 12638.959
7406.560 11774.674
7008.295 12457.962
8333.961 13758.959
7603.910 13141.239
8395.750 13155.052
7452.921 12670.456
6913.256 12916.084
8378.847 13650.464
6848.487 12955.335
7280.730 13494.268
8166.030 12034.240
8213.819 13650.608
7900.008 11690.113
7137.480 11151.181
7310.866 12830.388
7925.831 11218.313
7172.959 12516.016
6553.042 11931.742
6623.852 11784.646
7376.975 13476.664
8267.562 12214.226
6119.894 12768.050
6613.879 11229.601
7010.004 11506.928
6958.798 12702.730
7525.602 12659.175
7435.701 13736.118
6284.479 12247.124
8278.907 11981.211
8509.738 12238.110
7510.558 12320.132
7015.001 13106.946
7941.328 12284.912
6934.824 12990.877
8084.384 13349.660
7418.936 12377.748
6937.645 12140.743
8082.908 13466.726
8583.472 11885.328
7797.621 12273.080
8885.424 13597.968
6723.205 11891.509
6616.882 13756.223
8315.055 12974.962
7826.387 11568.281
7322.474 13757.881
6907.293 12514.824
8867.111 12794.631
8208.671 13208.684
7559.208 12955.206
7082.057 13266.424
7270.514 12242.923
7657.971 11256.392
8464.695 13223.043
8548.939 11907.177
6246.223 13837.677
8484.741 12346.743
8224.311 13740.399
8552.523 12940.422
7978.432 11563.080
7951.599 13042.790
7892.060 11434.661
8054.801 13647.960
8332.443 11681.975
8590.446 13762.456
6473.076 11332.137
8538.166 11402.224
6149.381 12053.197
8242.053 11510.455
7841.230 12183.689
8590.337 13402.513
8835.369 13081.197
8162.997 12777.562
8607.754 12767.251
7367.083 13071.030
7605.622 12287.724
7948.562 11719.974
8568.935 12781.298
7627.091 12457.015
6834.911 11487.941
8681.512 12624.666
7265.141 11977.907
8168.763 13466.177
7644.276 12580.938
8713.146 13209.486
7125.867 13875.498
8819.494 11241.271
8344.409 13076.238
6965.197 12501.875
8707.985 11837.205
7142.324 12681.104
8530.944 12175.072
7095.292 13404.251
8536.512 13786.666
6653.389 13347.655
6309.837 12375.366
7364.204 13723.683
6462.562 12908.049
7133.637 12082.903
6315.360 11667.722
6997.143 13309.890
8302.189 11733.192
8600.460 11175.872
7515.384 13036.721
6207.803 11613.887
7037.993 13537.047
8034.778 12399.568
7766.164 12801.016
6547.614 13443.587
8070.848 13249.743
8339.079 12677.982
6878.000 13884.139
6859.239 13089.820
6198.441 11439.314
7122.271 13442.237
8868.847 12051.380
6237.926 11325.649
8494.516 12117.429
6695.881 11855.851
8213.512 13505.547
6660.958 12524.596
6902.212 11714.105
6897.808 12890.060
8664.946 12560.334
7582.610 11741.079
7611.285 13278.731
8279.535 13455.514
6235.344 12281.144
6820.396 12084.333
6340.667 11989.141
6622.489 11743.472
7533.912 13453.157
8573.953 13556.561
8355.804 13559.671
6618.234 11893.957
6371.650 12967.267
6232.063 12252.230
7513.765 12813.167
8548.805 13137.544
7804.111 11529.728
7760.695 11962.538
7804.256 11769.526
8703.848 11379.913
8377.496 11610.249
7922.559 13202.262
8857.277 13311.262
6328.859 11302.919
7911.413 11872.372
7129.749 12877.129
7927.952 11846.299
7526.258 13384.311
7554.882 13099.776
6196.122 13138.383
6311.762 12303.055
6687.933 12229.795
7588.149 12360.997
8560.621 12642.463
7399.286 13306.438
8380.665 13241.568
6269.082 12593.396
7091.836 13077.353
8733.096 13024.417
8141.851 12549.032
8015.067 12851.114
8392.929 11896.803
6223.183 13637.864
7667.357 12754.976
6126.764 12204.227
8670.309 13306.673
8037.208 12530.726
7005.805 11507.082
8281.164 11995.359
6196.582 12989.206
8395.473 12147.302
8031.935 11403.904
8633.275 11489.314
6185.798 11897.141
8102.936 13101.790
6351.431 11316.900
7030.791 11822.740
6202.449 11246.188
7291.519 13838.549
8319.345 12583.145
6381.153 13795.599
8729.790 11952.652
7489.038 12630.610
8616.095 11952.294
8093.675 12906.225
7790.218 13650.756
8538.431 12224.294
6622.878 13010.238
7030.783 12123.244
8368.057 13062.437
6782.770 11657.860
8600.442 12562.391
8201.878 13130.749
7645.571 12717.190
7398.858 13883.148
8012.453 12525.858
6813.351 11871.623
6452.051 12489.219
7195.203 12896.961
7875.319 12195.995
8000.571 11204.227
6516.165 11872.920
7368.772 12969.708
6334.167 13804.080
6440.853 11185.909
6417.223 11965.705
7929.840 11797.112
7532.315 12925.254
6780.331 13095.710
7843.908 13200.116
7100.907 12441.912
8622.226 13420.557
6678.254 11193.590
8083.456 13105.027
8773.920 11304.052
7227.634 12957.574
7161.426 12151.932
6361.157 12705.246
7115.763 11325.929
6187.206 11173.762
6227.186 12120.213
6444.232 12362.238
6784.597 11538.719
6440.133 11848.867
6460.873 12597.915
7619.698 11971.781
6846.040 13399.453
8876.105 12663.732
7796.105 13859.983
7376.498 12736.284
8127.628 12304.302
7929.983 12548.260
6261.466 13560.422
8143.258 12380.797
6225.358 13144.283
7842.401 12062.042
8628.324 12712.740
7963.361 13571.192
6504.737 11332.074
8726.521 13436.309
6278.861 11829.911
8670.701 13110.456
7229.742 12992.557
8306.569 11174.305
6425.326 11694.193
8776.689 11711.852
7967.529 12448.565
6902.076 11372.727
8454.537 12007.763
6753.734 12534.781
6269.467 13503.098
7762.707 11196.485
7925.617 12627.295
7886.421 11606.823
8013.573 13427.601
6282.778 12831.331
6184.935 11190.856
8248.249 13504.685
7963.527 13687.204
7971.056 11730.149
8662.626 13512.773
6970.033 11470.277
8815.784 11807.264
8344.362 11300.238
6740.458 12464.306
6700.291 12703.319
8029.615 12770.566
8529.561 12620.564
8537.744 13295.089
7611.001 13476.359
6770.552 11403.477
8140.492 12422.109
6790.856 13047.925
6513.560 12174.753
6144.877 11364.606
8126.590 11563.927
7805.886 11195.884
6389.125 11364.071
8557.956 12779.155
7296.842 13872.346
7819.670 11266.279
8139.585 13650.953
8834.940 12140.779
7441.731 11553.907
8763.559 13087.938
8465.710 13240.537
7110.430 11824.395
7912.155 11389.294
8811.067 11311.457
6513.338 12381.200
6690.894 13043.240
6964.186 13671.541
7263.815 12539.486
8179.361 11221.154
7281.085 13216.844
8410.994 12626.166
6760.950 12243.657
7743.230 12653.542
7459.969 12122.872
8057.325 13902.828
6713.922 11916.586
8711.702 12640.405
8230.714 12981.240
7207.406 11365.744
7528.850 12435.321
7734.408 13160.923
6765.167 13617.300
6945.881 11374.464
6439.586 12247.092
8273.392 12417.331
6763.127 12628.186
6415.537 11460.615
6589.945 11251.393
8299.687 11630.293
8183.690 13218.096
8051.254 11970.210
7399.300 11949.119
7756.109 13496.621
7623.727 11531.744
7764.556 13766.998
7278.024 11382.999
7236.642 12395.932
6159.899 11666.403
8205.066 11550.270
6740.772 12359.818
7465.997 13907.736
7313.696 13219.187
6166.255 13347.783
6420.354 13331.111
6541.850 13558.090
6355.747 12205.742
6111.797 12043.480
8304.326 12156.175
7761.820 11511.202
6189.137 11523.615
7610.042 13193.935
8120.464 13771.541
6917.726 12327.103
7960.939 11341.109
6854.040 12858.881
7215.961 13671.556
7756.665 12449.190
6776.483 13181.833
6641.185 13561.428
7444.030 11203.792
6165.374 11993.438
7075.401 12850.595
7863.306 12158.490
8541.063 12823.075
7480.710 11289.469
8778.754 11880.271
7076.036 13659.772
8802.606 13901.771
7683.806 12959.490
7664.983 12186.455
8224.201 11728.904
8065.372 13167.959
6362.613 13208.582
8421.785 11290.546
7354.113 13828.380
8717.297 12763.182
8612.433 12461.160
6405.751 12279.688
6559.882 12257.249
8013.965 12512.175
7553.965 13775.109
8616.958 11394.340
8013.262 13578.845
8118.681 11929.680
7540.176 13518.219
6746.617 11252.676
7225.377 11894.675
8077.038 13571.002
6592.571 13086.445
6637.192 12486.473
7946.306 12635.625
8691.942 12809.321
6478.918 11181.313
7167.067 11299.994
6852.124 11582.841
7966.821 13567.688
8435.259 13302.975
8569.220 11628.487
6177.662 11910.068
8527.510 12758.348
6801.305 11520.534
6836.747 13327.356
7343.660 12543.612
6977.942 13524.249
7239.375 11672.618
8819.038 13369.729
7651.670 12451.628
6449.464 13063.258
6400.416 12605.730
7088.279 11875.434
6304.571 12282.707
8046.609 13599.964
7298.508 11826.329
8175.460 13736.487
7023.219 11906.503
7597.276 13755.471
8795.807 13016.166
7065.425 13050.185
7288.865 12931.325
6581.709 11908.032
8608.259 12363.248
6878.705 12658.045
7326.838 12732.702
6860.103 13701.571
6556.897 12210.348
6343.880 12289.322
8342.869 12615.039
8767.777 11676.417
8807.002 12618.757
7214.776 11492.434
8291.863 13014.502
8229.806 12705.728
6941.516 11681.184
8165.695 11259.548
7119.665 13666.020
6216.708 12733.372
6574.640 11485.523
6523.326 13726.422
7148.237 13629.350
8184.026 13820.648
8122.416 11280.773
8180.633 12131.718
8820.140 12988.094
6552.212 13326.530
8055.328 12282.432
7624.378 13236.481
8167.726 13142.417
7416.799 11515.410
7002.499 13086.521
7140.805 12383.550
8471.592 13482.163
8391.379 13306.988
8370.150 12243.317
6981.360 13161.802
7271.266 11981.520
6387.512 13639.285
8194.491 11314.415
6748.164 11325.382
6473.173 11797.945
6204.623 12335.041
6257.975 11943.539
6427.046 12545.177
6429.511 13574.254
6983.622 13142.821
7387.102 11467.068
8713.064 11490.246
7526.840 12278.597
8262.693 11696.066
8461.477 12468.646
6520.185 13837.678
8490.666 11519.373
8825.432 13169.032
8129.396 13786.561
8129.404 13806.634
6582.864 12173.732
8366.048 12813.028
7105.457 13075.196
6221.924 12855.622
8785.401 12803.014
6302.056 13661.638
6301.300 11192.698
7898.925 13788.873
6816.532 12807.378
8446.045 13196.164
7913.786 11637.454
6670.708 11765.270
7018.367 12187.821
7110.976 12484.547
8204.858 12794.218
6586.654 13626.257
6602.824 13152.020
6186.086 13381.660
7925.787 12831.190
6123.113 13650.046
8121.155 11399.925
7905.562 12349.259
7265.455 13585.535
8178.794 13460.631
6590.747 11968.899
7565.384 12064.685
7350.810 13826.183
6629.209 13874.896
6112.550 11843.578
6378.297 11933.731
7013.938 11979.375
8486.202 12734.038
6900.445 11613.112
8769.849 13693.727
6135.411 13467.590
6791.911 13827.861
7198.206 13383.009
7602.231 12430.447
6534.957 13242.030
8551.718 13014.338
7099.866 11245.157
8877.807 12207.761
7916.471 13352.681
6549.518 12840.059
8163.668 12303.194
6543.788 13044.419
7085.796 12898.858
6764.426 12701.274
7828.854 11268.559
6642.505 11625.053
7650.339 13500.015
7244.257 12508.125
8257.191 11277.350
7894.096 11697.091
7759.282 12537.208
8665.030 13535.204
8164.617 11482.100
7854.504 11201.086
7460.529 12886.190
7203.220 13097.746
8787.220 12000.002
8884.726 11324.229
6391.457 11220.550
8138.463 12808.459
7101.714 13033.163
8232.004 12109.371
7641.598 11848.287
8200.127 11726.126
7530.053 13531.133
8648.099 12775.495
7840.868 11954.389
7548.571 13837.657
6843.708 12350.178
6960.308 11810.541
6126.543 13620.420
7356.966 13746.178
6314.090 13232.675
6284.463 13500.817
7023.755 11884.303
7121.097 11564.827
8434.272 11208.720
7205.251 11252.655
6312.877 12912.998
8579.034 13765.778
8206.003 13872.140
6795.724 13874.137
8665.870 11557.105
7125.905 11206.534
8673.435 11153.535
8610.649 12499.996
6151.702 12986.121
8869.490 13603.782
7308.711 11896.912
7779.730 12498.376
6808.711 11548.027
8594.822 11596.733
6504.290 13278.700
7521.259 13505.672
6601.671 13397.102
6673.282 11214.220
6781.298 13175.869
7400.112 13359.010
8387.528 11291.409
7168.281 12428.211
8572.516 12785.572
8308.509 12531.992
8693.857 12135.478
6503.480 13314.116
7698.742 12191.078
8814.720 11676.058
8297.184 11373.988
6654.308 12972.927
8818.983 11676.768
7313.677 12095.286
8088.120 12948.578
7546.749 13243.756
6621.353 11539.002
8383.733 13921.249
8730.491 13401.154
7121.369 11213.561
7645.651 13815.482
8197.811 11524.322
7120.386 12847.987
7678.199 13671.827
8430.015 13216.049
7399.929 12805.019
6767.214 13326.185
7667.168 12001.670
6835.859 12687.882
8249.956 11954.502
8205.780 13873.317
8218.450 12834.049
8802.761 13419.868
6705.574 11935.503
7288.255 11307.460
7186.392 13695.760
8674.910 12170.443
7447.782 12857.107
7593.513 11624.820
6780.890 12427.356
7857.517 11615.107
6249.203 13507.337
7229.315 13781.767
6300.469 12589.099
7667.236 11461.240
7189.198 11265.443
6729.675 11975.683
6327.986 13756.044
7445.389 11289.817
6441.553 12488.623
6450.037 12667.515
8254.565 11428.067
8019.184 12571.845
8215.969 12256.016
6930.499 13478.574
7315.766 12187.093
8194.452 13732.909
7031.941 12461.274
8201.046 11892.561
6890.553 13561.803
8129.029 13661.601
8607.502 12222.332
6459.135 13188.955
6928.954 11685.885
8105.471 13532.703
6707.335 11936.209
7151.387 12674.184
7463.098 13799.163
7004.348 11284.380
8046.914 12724.355
6376.999 13255.111
7954.929 12734.757
8212.284 11592.862
7757.238 12548.283
7051.613 13278.151
8154.716 12662.843
8165.421 12867.635
6575.158 12450.514
7367.867 12526.354
6869.438 11992.945
7531.100 13092.049
8780.299 11710.989
7283.611 12455.267
8392.791 12285.465
7617.852 11534.623
6225.500 11253.541
7661.630 12343.481
7649.518 12868.354
8577.657 11940.456
7261.747 13483.136
8797.693 12373.033
6152.399 11817.357
8662.881 12912.538
6464.229 13853.025
7830.783 12636.070
8212.943 13636.769
8123.618 12235.266
7983.776 13556.115
8160.723 11314.245
7318.010 13663.303
7951.446 13639.663
8743.286 11906.502
7315.966 11694.019
8251.282 13249.580
7732.971 11402.640
8087.516 11469.653
7930.304 11235.045
7275.362 13000.496
8613.709 11810.498
8171.936 11472.925
6464.789 11496.954
8785.542 11620.278
8469.049 12302.182
8282.821 12193.150
7919.633 13650.987
7390.667 12152.513
8831.492 11609.177
6699.477 12723.531
8758.500 12850.843
7143.499 12340.076
7291.849 11746.350
7792.764 11494.772
7510.487 13870.995
6848.209 12936.263
7462.841 12838.939
7388.448 12968.013
7134.078 11239.827
8482.902 11361.823
7602.548 11337.391
8150.447 12768.521
6177.503 13822.472
8709.324 13208.772
8058.260 12714.653
6129.729 11218.186
6211.100 13139.307
7908.051 11410.677
7339.769 11632.802
8312.097 13897.547
6763.226 13420.237
8204.499 13133.257
6854.708 12811.003
8882.856 12585.932
8556.116 13339.760
6580.595 11557.630
6864.436 13084.039
7622.301 13855.878
7321.434 12032.518
7167.919 11428.315
6325.831 13237.873
6676.826 13371.385
8712.439 12696.241
6888.066 11997.727
8646.393 11275.061
6483.309 12862.043
7133.493 11439.312
7851.070 11201.051
8193.734 13330.950
8239.729 11608.790
6363.210 13045.548
6205.124 12965.855
8139.559 13296.773
8237.463 11341.069
6348.652 12060.653
8808.957 12572.387
7589.712 12778.538
7739.956 12274.016
8159.563 11214.047
7387.058 12954.609
8830.788 11413.859
7684.948 13339.375
7030.950 13826.700
8361.663 13035.700
6295.962 13728.725
8810.792 11232.172
7573.534 12131.890
7291.510 13112.650
8410.657 12942.492
8718.914 13548.328
8308.598 12387.358
8452.796 13004.061
6114.554 11338.074
7132.018 12179.018
7243.608 11735.853
7787.319 12389.722
8263.699 11660.461
8729.450 12978.831
7724.575 13030.844
8543.687 12488.989
7330.233 11427.461
7285.501 13005.975
6380.254 12458.001
7134.456 11376.493
7130.866 12241.923
7066.930 12981.506
7300.769 11619.790
6308.065 12450.310
8639.127 12061.442
7905.929 13456.490
8731.503 13092.450
6448.993 12997.658
7266.339 13389.860
8587.416 13554.238
6321.962 13652.712
6844.689 13641.254
8473.784 11591.246
8378.690 13782.847
7288.437 12759.039
6246.472 13617.131
7059.339 12622.314
8661.779 12287.278
7277.076 11725.448
7648.618 12085.793
8580.609 12738.245
8691.032 11493.156
6276.301 12601.914
6157.059 11901.430
6375.557 11947.153
6928.615 12002.739
7558.772 11613.341
6926.750 12227.509
7524.970 13649.342
7079.099 11729.889
7607.996 13293.433
8014.586 12994.942
8590.470 12099.496
8556.463 12720.577
7258.097 12569.309
8146.166 12097.065
7481.747 13148.826
8654.058 13583.059
7102.889 12457.764
8669.207 11202.544
7709.485 13299.459
8455.226 12813.187
8102.188 13641.017
8262.793 13639.565
8093.443 12144.186
7950.712 11206.611
6448.955 13562.817
6201.783 12847.990
7913.819 11742.221
7910.178 12384.655
8398.524 12153.020
6526.880 13509.276
6435.527 12884.009
6925.286 13536.455
8146.555 13817.455
6334.119 12151.905
6531.128 12183.646
8038.499 11760.546
8305.268 11555.747
6980.993 13849.611
8483.261 12385.977
7335.627 11475.433
7096.307 13280.806
8180.377 12880.589
7875.517 11859.770
6675.162 13679.006
6144.047 11578.019
6470.553 11767.766
7584.226 13575.154
6667.167 12597.851
7968.962 13533.219
8000.286 13164.842
8294.453 13451.264
7679.696 12114.783
7109.279 12110.278
7409.809 11603.446
6172.224 12134.187
7540.043 12533.758
7820.203 11286.686
7847.304 12012.280
6356.492 12820.969
8287.645 12348.512
6913.943 13793.908
8519.838 11877.261
6225.637 13889.664
7384.056 13143.530
6891.331 13740.829
6753.367 13426.494
6402.879 11829.421
8136.320 12047.288
7719.452 12521.767
6783.082 12398.539
7526.962 12008.824
7840.344 11918.067
6145.168 13451.987
7135.148 13179.767
6248.203 11560.439
6700.816 12280.642
7577.813 11863.396
8437.778 11246.297
8758.566 13413.259
8240.249 11206.424
7299.366 12208.479
7128.680 12405.392
8551.185 13552.590
8246.840 12742.196
6484.028 12478.579
6285.940 13421.548
6155.680 12209.762
7757.138 11180.516
7160.113 11618.052
8526.245 12747.648
6881.729 13445.848
6886.794 13229.721
8688.098 11707.494
6627.716 13074.000
6309.181 12321.972
6982.557 12883.416
7622.146 13801.924
7524.297 13151.668
8664.727 13842.573
8530.249 12848.324
6715.434 11534.260
8592.179 12315.569
6924.818 13830.933
7295.444 13001.782
8874.830 13637.509
8242.380 12309.430
8414.970 11536.079
7669.381 11225.078
6485.901 12714.514
7471.598 13915.469
8531.468 12179.883
8726.645 12231.624
8384.741 11940.241
7573.043 13702.505
7875.472 13320.512
8504.343 11797.590
6628.429 11606.100
6277.965 13405.483
8681.342 13882.944
7266.927 13070.982
7697.346 13237.818
8367.994 13921.271
6339.619 11283.822
6914.375 12798.135
7364.477 11966.781
8295.245 11738.266
8187.254 13086.248
6674.095 12143.543
8514.902 12301.009
8117.873 11550.774
6967.163 12203.952
6367.849 11664.078
6166.866 13720.386
6993.460 13799.415
6437.982 12785.577
8536.829 13024.718
7482.293 12252.443
7069.078 11719.032
8204.160 11637.013
6305.526 13334.049
7849.711 12303.880
8064.719 12939.174
6567.232 12503.273
6736.723 12439.475
6531.460 12216.347
7199.533 13817.904
7593.370 13634.778
6644.513 13112.890
6923.335 13031.399
6413.615 12364.510
8550.916 11442.896
8851.948 13777.183
7239.528 12803.655
7497.744 13885.864
8140.817 11362.344
6239.107 13836.526
7075.301 11665.562
6632.828 13130.194
6425.178 12768.822
8277.664 11456.434
8658.669 11166.805
6152.000 11972.357
7920.746 12128.565
6229.816 13246.134
6969.469 11582.834
6226.548 11913.145
6644.742 12862.304
8025.859 12999.610
8512.009 13052.853
6278.550 12483.118
6226.667 13712.939
8408.101 12114.226
7817.791 13265.179
7798.551 11954.783
6218.467 11663.289
8723.426 11860.369
7497.969 12725.771
8287.793 12138.325
8166.628 12999.829
7668.084 12969.337
7963.946 13728.663
6889.556 11676.660
6167.071 11211.289
7888.454 13440.754
6542.442 13445.413
6130.580 11996.470
8559.381 11629.412
7280.888 11572.886
6842.726 12752.151
7255.834 11446.158
6221.371 12728.393
8477.293 13458.209
6201.264 11838.928
6813.029 13431.410
8590.541 11896.880
7254.836 11966.059
6474.586 12762.568
8509.599 13590.757
6622.652 13642.905
6300.504 11820.731
7020.626 12271.263
8533.220 11627.494
7006.431 11780.122
7853.264 12110.018
6875.194 12644.618
7256.439 12708.702
7111.237 12974.283
7319.742 12256.046
8368.498 13887.782
6336.204 13608.216
8492.100 12976.438
7172.892 12374.518
7611.271 13293.394
7139.556 12694.267
6891.560 13401.561
6164.997 11174.824
6439.780 12539.884
6216.897 11294.103
8867.228 13427.243
6198.484 12930.545
8385.588 12334.910
6551.384 13661.555
7837.298 12351.798
6215.956 12822.473
7393.071 11884.912
6712.621 12704.640
7191.338 11628.713
7345.084 12500.179
8796.751 12230.709
8538.283 11653.704
6971.865 11722.590
7141.928 11949.085
7082.359 12093.559
8235.346 12998.711
7157.750 12441.726
8581.811 12339.931
6880.699 11336.021
7254.402 11311.192
8046.565 11881.483
7161.950 11957.007
7579.384 12753.085
7649.183 11422.516
8356.413 13584.838
6170.823 12517.856
6804.268 13426.757
8485.793 11547.977
8158.819 13831.724
6252.949 12275.247
6318.567 11538.912
6414.854 13244.565
8474.692 11993.691
8298.192 12082.063
7873.062 13836.575
8050.243 13005.475
7722.224 11226.593
8520.926 13672.129
8745.531 13892.474
6480.899 13299.390
7170.820 11424.397
7130.794 11881.691
8392.184 13711.653
8629.227 12497.056
6609.773 11659.963
6844.895 11486.259
6986.226 12570.219
6981.397 13845.581
6173.161 12481.591
7317.533 11330.707
7664.940 12247.179
6332.332 11813.466
7072.621 13325.246
6863.121 13672.912
6498.377 13503.062
6330.851 13444.991
6406.007 12900.839
6802.624 13250.988
7304.207 11217.187
8568.099 13721.143
6841.010 13070.934
8350.916 13235.029
8697.683 11467.857
6607.407 12181.056
8473.009 12057.547
8307.086 13259.996
8178.243 13410.549
8786.319 11440.500
7464.809 13508.557
7699.947 11418.276
7140.353 12264.601
7451.167 13138.922
7778.063 13498.092
8740.317 11213.905
8036.733 13635.056
6778.953 13571.379
6941.114 12015.702
7286.991 13420.399
8077.183 11722.724
7685.972 13545.863
8111.246 11327.696
6628.510 12780.705
6553.425 13250.559
6959.940 11198.101
7005.528 12285.034
6862.574 13085.915
6474.074 12239.071
7996.882 11475.155
7146.578 13913.066
7266.094 13016.963
7483.488 12451.339
8447.081 11962.925
7428.389 11375.983
6376.459 11328.077
7815.076 13020.654
8428.400 12858.915
8706.837 13188.274
7074.320 11790.835
7142.751 11687.818
6330.711 12260.191
6609.121 11997.548
6391.841 11236.846
8412.185 13532.184
6383.693 11281.080
7605.581 12199.365
6587.303 11234.195
6712.133 13177.328
6780.376 12621.851
8558.145 12577.188
7677.658 12684.749
8314.514 13291.327
8313.773 13350.708
8047.562 13651.639
6186.988 11845.978
8864.486 11569.085
8676.301 12035.651
7289.168 12503.889
7345.229 13480.403
8175.967 13848.630
6668.928 12958.707
6447.612 13083.362
7514.542 12647.243
7190.428 13716.128
7389.406 12789.634
8428.350 13032.397
6326.125 13295.433
8079.380 11477.157
8537.635 13050.323
7778.800 13428.315
7686.799 12378.951
7793.408 13870.057
6975.933 13785.409
6529.433 12766.830
7587.260 11702.376
7247.381 13766.750
6957.001 13191.601
8441.146 12060.321
8480.552 13037.503
7023.160 11480.677
7107.325 12801.737
7101.107 11984.811
7427.860 11667.689
7843.953 12630.526
8765.030 13200.017
8678.092 11631.474
7797.871 11859.401
6693.251 11539.734
8528.429 12959.841
6432.094 13727.466
6195.030 12794.374
6853.058 13913.862
6883.839 12607.187
7942.374 13038.483
7286.437 12250.766
6517.468 12473.374
8470.370 11823.737
7116.438 13030.022
8200.847 11953.122
7620.416 13884.844
7266.414 11938.889
7465.062 11624.877
6236.186 13247.074
6965.116 13110.546
7661.361 12852.942
8423.354 11200.617
6529.023 11576.713
8294.096 13882.342
7456.169 13134.211
8724.618 11350.741
6315.598 11243.061
7087.445 12804.981
8847.818 12494.621
7796.987 13324.814
8870.690 11239.840
8443.424 11710.601
7761.109 13339.435
8505.549 12880.884
8382.033 11246.326
7926.933 12328.582
6713.384 11220.012
8487.771 11774.141
7213.834 12774.199
6655.576 12908.844
7251.490 11866.988
7254.744 13867.189
8476.993 12093.956
6755.594 12636.591
8376.685 11667.357
7860.736 11248.096
8244.719 13879.080
6451.004 13240.791
8421.409 11196.352
7556.186 12032.365
8004.141 13636.857
7259.713 13291.924
8368.733 13548.424
6542.507 13117.910
6168.870 12356.952
6471.195 12022.350
7057.213 11624.837
7661.842 11427.564
7728.340 12170.324
7664.625 12930.444
7534.558 11610.287
7090.463 12408.597
8293.093 13558.973
7794.741 12945.105
6243.661 11654.221
6839.112 11280.404
8866.132 12816.588
8741.060 13638.078
7716.588 11597.742
6378.057 12819.340
6645.795 13046.786
7218.144 12988.767
6811.353 11733.963
8716.267 13848.599
6238.871 11530.427
7449.637 13558.152
7142.773 12028.357
6875.498 11725.678
7125.924 13490.227
7188.145 13226.794
7079.046 13017.963
8716.225 11660.643
7999.744 11753.913
8082.895 12221.251
7024.508 11425.876
8376.866 13495.906
6560.841 13273.265
7110.677 13788.015
8326.272 11462.868
7548.412 13348.542
8094.327 11569.835
7736.225 12250.071
7954.901 11413.757
8518.929 12689.037
6159.653 11494.139
8500.654 13306.016
6914.268 13289.264
6827.231 13076.890
8123.808 12231.159
7150.864 12312.337
7081.101 11546.506
8751.572 12111.689
8428.071 13735.425
8840.044 13221.365
8879.571 13799.600
7793.224 12577.586
7876.749 11198.504
7727.062 11519.507
7054.217 11377.045
6384.766 11666.182
8024.016 13690.419
7507.178 11602.886
7036.133 11581.339
8228.506 11462.765
7673.546 12400.617
7983.578 13871.651
7950.361 13406.355
8873.899 12070.297
6579.238 13261.144
6999.112 11746.316
8192.850 13493.926
7683.603 11987.452
8664.314 11583.544
6769.462 12965.299
6331.289 11601.967
6415.408 13094.863
8301.092 11449.888
8307.384 12800.423
7122.981 13842.987
6989.513 11909.557
7453.225 13537.208
6908.049 12708.230
6215.216 12423.877
7792.408 13426.346
7060.655 12224.331
6535.724 13727.283
7153.004 12948.326
8483.328 12228.578
7380.015 11381.438
6864.865 12246.525
8650.999 13747.505
6736.657 11823.104
8112.718 12618.737
7793.625 11606.214
7660.494 11645.976
7076.260 13826.906
7597.150 12714.206
8144.383 11769.314
7497.975 12661.125
6453.321 13688.322
7669.750 12931.842
8245.784 13888.136
7318.846 13637.734
6850.446 11248.686
6419.477 12764.430
7045.399 13597.537
8527.391 11569.409
6462.858 11486.075
7688.774 11791.959
7047.346 12848.134
6589.175 12327.928
7372.709 12402.960
8820.635 11298.862
8037.974 12699.330
8760.846 12704.193
6163.873 12368.593
8695.866 12630.681
7566.491 12179.093
6389.162 13397.025
8500.811 13096.875
7034.997 13469.129
8567.460 12672.918
7345.737 11853.810
8772.125 13052.425
7077.772 13021.052
6898.040 12347.723
6963.924 13189.536
8127.505 12295.264
7495.549 12934.921
8468.958 12904.642
7200.498 13553.817
6738.442 12915.183
6426.708 12196.485
7905.334 12983.823
8809.355 11786.546
6724.453 13144.057
8375.451 12067.188
6981.449 12581.239
7047.397 11424.728
8637.449 13702.503
6308.466 11743.774
8279.509 12128.300
7905.288 13461.871
8025.498 11373.081
7474.133 11172.515
7601.248 13374.110
8865.224 13540.555
7946.001 13316.110
7885.549 11167.269
7312.515 11220.323
7589.377 11626.628
6141.423 12957.919
7427.213 12143.821
8524.474 11306.854
8401.073 13861.558
7840.569 11943.855
8709.202 12340.423
8454.550 12872.557
7371.501 11436.109
6746.976 13434.385
6323.233 11838.759
8509.504 11886.740
8683.458 11688.235
7009.240 13001.689
6524.147 13829.994
8722.949 13079.260
8299.764 12025.184
8676.335 11616.167
7669.127 12395.774
7408.340 13057.042
7733.052 12953.547
7147.738 12287.699
7284.163 12942.259
7899.377 13166.627
8828.730 11263.255
7069.217 11698.389
8204.130 13634.980
6882.384 12667.794
6146.168 11725.348
8468.060 12845.271
6734.682 13270.332
8589.526 12866.170
7400.665 12536.552
7155.827 13189.127
6519.808 13762.235
8009.972 11209.377
8205.789 12522.464
7144.847 11264.356
6161.490 12093.416
7035.452 12696.010
7236.249 11628.457
8114.204 13823.010
7618.665 12376.184
7690.424 12829.137
7439.771 11456.948
7059.902 12873.637
6885.772 12561.450
6321.828 12381.815
7065.674 12818.508
7957.571 13102.175
8019.583 12593.268
6222.084 13797.831
6725.507 13500.978
8881.894 11711.574
7457.980 11434.155
8163.191 11155.579
7095.314 13281.373
6568.138 13443.577
6802.701 13390.304
7044.943 11821.366
7332.396 13044.160
7367.940 11480.184
7117.939 13154.100
7506.648 11529.030
6387.152 11634.912
7458.964 11588.123
6728.774 12786.416
6743.945 11241.975
7672.112 13868.853
8411.599 11453.875
7283.275 13347.534
8801.888 11257.872
6291.718 11628.282
6174.880 13497.392
7184.659 13408.068
8228.956 12700.218
7005.836 13509.570
6486.749 11373.631
7504.303 13889.365
7614.898 11959.988
7187.744 12098.609
7435.405 12903.846
6192.757 13920.751
6251.706 13743.157
8167.948 12132.667
7321.414 13758.802
7615.262 13447.357
8473.329 11145.085
7971.220 11283.955
6479.218 13525.144
6898.874 13301.158
7081.261 12276.614
8275.397 12348.651
8727.661 11248.468
8094.554 13533.751
8277.834 12104.691
8710.669 12524.707
8538.812 12083.803
7243.816 13493.199
7164.868 13706.549
7981.692 12437.080
6740.456 12086.103
6968.244 13694.124
8349.307 13404.393
6779.395 12284.826
7923.368 13771.381
7211.057 11928.556
6429.008 11626.745
6750.365 12036.242
7914.620 13247.606
7103.608 11423.382
6694.071 12921.122
8862.868 11901.084
6860.416 11996.602
7597.731 12193.893
6913.477 13356.151
8343.812 13281.146
6872.844 12803.025
6635.759 13682.133
7335.047 11637.363
7340.073 12702.152
7856.514 12118.814
8116.440 13174.896
7983.045 13122.259
8419.742 12609.800
7776.628 12953.002
8869.918 12755.969
7699.783 12109.185
6327.072 11680.013
8093.976 11502.446
7017.494 13515.377
8157.806 12693.805
7086.985 13779.940
7558.570 11631.118
8258.121 11231.983
6476.150 13828.566
6191.541 13642.101
8190.032 11352.277
6960.259 11249.384
6201.329 11639.845
7444.786 12705.219
7547.312 11571.514
6481.243 12856.406
6343.595 11972.520
7673.382 11269.055
6784.072 12156.547
8155.238 12621.497
7748.132 12163.166
8353.402 11970.419
6317.054 11984.272
6929.633 12779.161
6811.361 13591.972
8584.899 11875.391
8661.575 12119.477
7294.048 12174.084
7790.627 11493.675
7638.814 12481.070
7933.214 13180.222
6684.016 13511.391
6969.872 12125.116
6873.229 11742.483
7858.636 13121.490
8430.866 13263.247
6903.272 12097.199
6639.559 13672.522
8806.819 12481.180
6871.971 13600.950
6167.316 11962.400
6701.975 12639.844
6202.307 11647.338
6196.631 11145.883
7295.476 12020.810
7522.546 12350.122
6241.263 11192.176
6415.434 12796.887
7436.211 12958.349
8172.562 13513.977
8259.756 11928.606
6842.245 11306.033
7997.335 11486.119
7611.783 11537.053
6956.952 13896.916
8881.149 12507.149
6617.838 13678.468
8288.370 12234.030
6671.457 13773.651
7821.842 11327.121
7562.633 13191.380
7510.669 13741.967
6394.045 11898.808
8522.845 12662.066
7604.761 13348.911
8082.590 11748.647
6744.511 11323.352
8075.491 11961.638
8814.523 13325.989
6516.652 11315.446
8436.030 11714.237
8067.983 13570.038
8243.337 13164.636
7492.084 12393.603
8198.044 13638.877
6152.281 13004.038
7990.426 11429.548
7271.575 13564.957
8142.559 12487.500
7087.321 13039.237
6120.634 12747.108
8114.564 12092.683
8323.957 13345.687
7220.856 11251.809
7925.652 13722.331
7760.562 13053.729
7589.926 13830.634
6356.521 13187.126
7396.958 11851.178
8078.649 13278.568
8230.711 13853.141
6509.934 11407.313
8106.411 12149.886
8027.146 12542.613
8204.272 12801.223
7473.113 13571.492
6446.031 13243.060
6486.246 12953.658
7987.556 13076.594
6788.247 13631.539
7500.796 13276.934
8741.793 11637.671
7259.892 11562.146
6619.623 13841.450
6192.410 11866.454
8332.384 13341.690
6257.765 13417.965
6118.963 13224.456
6310.208 11161.647
8267.182 12511.294
8218.133 11580.304
7042.389 11232.612
7329.184 12159.822
6448.046 12600.666
8521.346 12885.204
8349.344 11788.909
6976.282 11431.049
8240.534 11429.394
6319.587 11487.677
7031.728 11474.088
6391.693 13513.006
6178.962 11656.878
8770.033 12566.055
8370.201 12401.422
8102.010 13680.504
6696.714 13563.673
8592.918 13409.171
6450.285 13345.446
6234.566 13540.661
8526.104 13157.596
6472.387 12288.860
8640.963 13294.177
8544.027 11734.272
8470.299 13515.071
7388.938 13705.104
8835.739 11561.237
7375.290 13711.034
8542.223 12632.832
8392.878 11684.480
6168.271 11957.742
6368.027 13411.416
8354.061 12538.775
8022.352 12415.235
7374.994 12443.681
6415.521 12905.852
6606.685 13766.812
8280.881 12378.184
6422.885 11438.610
7917.690 11468.680
8463.764 12709.221
8430.486 11386.723
6991.418 13571.083
7749.704 13633.515
7118.716 13872.331
7122.574 13327.461
6663.472 12971.331
6265.565 12889.364
7826.807 12938.100
6362.563 11342.319
8732.560 12364.655
7214.608 13122.953
7444.910 13542.238
6127.624 13024.307
7862.849 11201.834
8553.179 12291.565
8799.343 13217.966
6223.517 12965.316
6134.592 11358.676
6299.429 12583.423
6415.194 12403.847
7769.465 11888.792
7651.066 11429.794
7641.440 13152.373
8190.843 12865.391
7498.606 11851.328
6672.690 11476.893
8759.140 13389.325
8586.195 13170.479
6221.689 13695.320
7313.261 13908.034
7727.063 11418.924
8055.527 13573.987
6666.448 11744.156
6890.067 13017.107
7548.246 12790.207
7200.036 11549.357
7712.913 12203.568
8039.851 13734.416
8493.053 13475.936
7798.629 11660.910
6298.232 13689.582
6977.217 11781.525
7899.625 13040.364
7345.066 13189.367
6194.371 13828.690
7290.925 12359.338
7979.738 11564.904
6411.264 12826.299
8357.385 13174.962
7555.066 11676.127
6821.191 11186.311
8497.723 13373.638
8666.394 12725.170
8763.325 11188.377
7149.436 13821.148
7993.558 12769.019
7067.125 13596.998
8470.843 12225.949
7001.641 11794.697
6114.584 13500.285
6932.726 12106.961
8613.964 13147.755
6155.264 13576.850
6539.140 12337.230
6415.765 11711.800
6955.952 11213.594
7146.800 12172.501
7726.100 12932.692
7662.205 12162.062
8848.305 12839.685
6638.551 11737.443
6366.569 11375.875
6840.999 12742.120
6942.916 11513.106
6964.439 13065.295
6220.135 12462.028
7706.994 13867.909
6612.013 13290.019
7602.904 12511.291
6636.840 13274.200
8048.768 12147.763
6285.146 12193.956
6525.883 12583.318
7733.737 12201.663
7077.953 13682.660
7447.986 11738.552
6211.389 11409.827
7253.772 12357.402
7313.704 11188.649
7308.954 13199.162
6543.417 13365.376
6679.802 12637.629
7930.446 12461.844
6353.789 13428.769
8400.393 13466.825
8886.783 13640.095
8846.598 13060.253
7936.926 13510.935
6731.184 11901.200
7502.764 13442.846
6649.333 12802.979
7222.085 12598.407
7901.325 13812.827
7088.456 12464.925
6591.654 11427.118
6774.612 13046.678
8550.388 13804.468
7669.345 12379.438
8515.895 11532.490
8043.499 12456.236
6853.490 12117.348
7863.454 11553.072
6722.989 12018.889
8258.285 13432.672
8536.472 11995.665
6929.533 13678.351
6175.997 13895.833
8556.861 11399.287
8855.490 11472.761
7957.079 11810.122
8124.636 13439.201
7393.877 13811.269
6205.592 11514.470
8566.103 11568.858
6859.770 12484.434
7258.723 11733.332
7684.884 12056.409
7422.316 13441.066
8577.572 13197.462
7525.414 13511.728
8000.559 11261.165
7092.888 12000.843
6795.527 11495.904
8138.970 11575.507
7488.844 12773.097
6939.986 12620.035
7658.028 11390.706
7033.022 12033.296
7246.505 11234.707
8304.755 13891.753
6179.712 12816.424
7630.193 11161.167
8098.464 12760.326
6279.936 12386.730
8775.424 11766.537
8603.199 13365.139
8572.046 13550.314
8179.356 13163.330
8400.529 13564.557
8126.669 13423.766
8438.937 13623.914
6940.426 12018.209
7949.497 13803.378
7861.274 13735.725
7864.234 12534.651
7578.166 11885.069
8612.729 11998.599
8021.480 13251.014
7187.894 13567.045
7633.042 13098.626
6540.202 13826.476
6932.694 12112.445
6679.576 11902.031
6487.088 11739.021
6839.617 11268.928
6171.816 13759.237
8738.674 11263.169
8101.791 11288.164
7180.703 12821.845
7031.055 12285.769
8162.052 12792.530
7997.386 12180.645
8436.907 11667.141
7790.505 11586.666
8712.086 12346.605
7193.359 12575.970
8045.368 13679.557
7214.141 12572.530
7564.367 11960.122
8853.434 12688.050
7374.462 11723.181
6423.476 11549.006
8559.398 11864.123
8674.973 12908.932
7991.114 11516.943
8050.980 11693.419
6960.066 12100.170
8750.319 12574.793
7233.382 12603.192
6644.084 13869.449
6130.016 12392.068
7087.785 12315.916
7708.517 13307.837
8569.092 12817.137
7228.182 13684.825
7956.046 13357.739
8777.825 12251.676
8345.210 13294.848
6119.056 13710.626
7542.124 13184.229
8144.892 12372.475
6471.282 13467.570
7693.913 13021.310
8808.901 13572.060
7235.823 11252.669
7300.931 12176.689
8016.931 11718.435
6364.760 12876.298
8085.056 13563.737
6567.830 12324.520
6131.158 11309.349
8863.173 12293.471
6707.310 12033.050
8322.478 11767.767
6937.581 11417.383
6136.670 11390.668
7900.114 11448.297
7933.054 11224.399
8475.421 11507.663
8482.826 11482.842
7867.550 12255.757
6701.558 13724.377
6612.466 11960.041
7392.242 11625.272
7431.556 11463.505
8207.160 11215.906
7758.814 12765.181
6826.656 12740.656
7500.638 11579.597
6557.956 12551.879
8289.233 12014.779
8674.647 11745.403
8009.781 13361.233
7823.963 11208.789
8337.833 13393.979
7855.641 12642.494
6729.499 13611.912
6760.651 11256.743
6161.400 13661.272
6611.449 12881.526
8072.475 11658.852
8278.677 13272.009
8722.799 11394.806
8516.820 13646.017
7602.248 13543.971
7937.477 13777.145
6533.067 11199.827
6118.257 11967.869
6657.010 12905.802
7108.053 12119.226
8187.847 12280.200
7991.247 11470.609
8754.435 11302.895
8887.716 13838.539
8191.376 13490.312
8366.490 12378.754
6261.019 11401.765
6719.484 11615.812
7086.124 13529.598
6439.119 12921.306
6199.679 13242.484
6723.951 11615.502
8872.233 12454.006
8405.292 13020.443
7396.854 13238.342
6499.283 12908.933
7905.827 12468.781
8089.425 13875.386
6126.077 11476.294
8139.780 12565.927
7839.414 11256.369
8650.361 11797.453
6298.444 11680.489
8592.982 13236.405
7988.050 12877.574
6470.426 13805.357
6804.500 12420.694
7753.744 12061.008
7088.577 12376.569
6910.395 12359.927
6289.143 13271.183
7406.661 11153.869
6655.350 11779.468
7091.917 13385.329
8802.021 11253.113
6122.325 11375.265
7684.325 13760.847
7743.680 12709.636
7256.272 12515.488
6209.427 13384.356
7856.093 13320.324
7987.933 13748.827
8854.627 12337.799
6329.187 11587.448
7582.839 11633.616
6405.157 12125.311
7271.654 13201.853
7468.735 13012.964
8865.202 12066.482
8303.972 12291.835
6152.744 12841.061
8520.037 12612.265
6228.189 12200.340
8040.166 13029.008
6693.503 13543.007
7647.509 11152.829
7839.460 13731.515
7611.197 13131.144
7727.906 13908.488
6695.778 12291.995
6239.473 12287.890
6995.651 11294.501
8804.737 13552.745
7119.045 13092.336
6376.823 13062.135
7518.781 11851.653
7122.260 11421.190
6576.644 13386.829
7188.052 12913.495
7512.187 12372.625
8138.759 13684.061
7686.736 11333.421
8633.296 12538.851
6394.284 13094.446
8250.940 13532.606
6680.780 12692.352
8790.411 13428.532
6539.336 12330.762
7617.301 12524.771
7583.500 11617.197
8031.201 11276.058
8125.186 12952.110
6197.748 13674.126
7084.931 13672.294
8725.688 13123.044
6916.045 12618.317
8058.152 11735.500
6565.767 12819.859
7724.295 13909.052
6657.120 11610.362
7809.605 12402.969
8549.666 11439.146
7155.745 13618.819
7391.256 12851.526
7901.756 11370.215
7765.985 12855.724
8636.212 11240.229
7153.273 13760.564
8887.870 13515.784
6976.405 11542.502
6959.718 13546.310
7657.041 13033.041
8799.568 12267.252
7602.378 13010.848
7262.358 12224.165
6749.754 12052.847
6751.829 12930.070
8534.398 11568.038
8618.228 13454.912
6647.552 12381.963
7436.560 12737.979
6789.501 11353.022
6499.644 12477.453
6954.005 11744.785
8403.084 11657.444
7737.657 13328.813
7894.400 12179.314
8849.589 11555.181
6418.490 11582.437
8238.791 11524.930
6340.003 13637.704
8532.973 11396.781
8325.856 13158.943
8244.583 12266.463
7205.660 12977.194
8182.475 11234.117
8354.232 11806.828
6747.017 11957.615
7415.825 12586.443
6862.080 11577.926
8028.257 12357.892
7218.717 13607.880
8488.235 12145.162
8229.306 13448.909
7820.961 13115.900
7770.760 12251.999
6661.129 13400.197
8613.580 12469.774
7408.103 13233.327
6772.618 12895.590
7120.287 12966.225
7365.019 13359.029
6814.156 11353.134
7934.632 12137.991
7451.423 12546.072
7788.497 12721.131
7252.259 11489.239
7730.545 11261.894
8394.630 12872.539
8402.159 11213.318
8723.129 12095.935
6837.750 13706.943
6515.768 13328.820
7338.039 11371.840
7232.266 13033.298
8723.516 13512.510
8876.598 12910.919
6376.239 12242.923
7041.491 12560.010
8144.321 11616.506
8295.909 13848.594
6544.962 11488.442
8188.955 12171.399
7922.182 11555.657
8784.164 13498.651
6365.272 12483.750
7372.237 13397.058
8866.185 11185.152
6613.850 13497.042
6184.123 11859.722
6301.060 12007.524
7493.419 12255.454
7900.448 11149.787
8776.181 12053.353
6965.237 12885.622
8884.741 13291.856
8719.836 12950.534
6435.975 12661.527
8242.570 13758.698
6232.433 11833.239
7112.767 12168.074
6260.150 12772.423
6136.796 12508.694
7270.534 12784.458
8587.427 11167.769
7578.481 13072.962
8457.060 12147.318
7448.610 12564.596
7141.832 12951.261
6244.454 12733.439
6925.579 12605.590
6193.334 12250.382
6980.019 11693.035
8362.407 12388.826
8541.394 12068.648
6694.784 13158.058
6901.967 11718.203
7220.659 12972.639
8087.328 13588.714
8497.289 13095.565
7672.837 11549.836
7833.425 12647.543
8124.340 13296.416
8230.677 13474.587
7615.159 13769.093
8791.311 13019.485
6705.486 13287.270
8307.854 11314.056
8500.048 11987.681
6729.662 11577.935
7479.838 13466.265
7775.619 13780.973
6307.717 11355.902
6864.659 13341.097
6825.066 11951.976
7712.601 12608.550
6584.042 12654.578
6271.606 13717.929
6792.157 13891.175
6646.376 11683.797
8012.239 13080.190
7229.255 12750.182
8407.829 12242.762
7223.268 12485.390
6420.138 11763.782
8306.616 11211.480
7825.925 13791.780
6473.566 13651.699
7548.453 11175.146
6943.338 13794.696
8179.031 12149.965
7612.944 12710.968
7738.653 12584.843
6128.658 13255.971
8594.792 13471.162
6718.430 13331.125
8212.388 12306.803
7354.256 13277.700
7045.299 13817.470
7060.591 11233.315
8490.420 12635.574
7465.425 12989.479
7427.630 11741.754
7518.252 13836.408
7134.409 13129.369
7701.633 13511.274
7254.223 13376.916
6710.515 12663.939
7861.275 11781.111
7288.655 12833.183
7192.096 12219.397
8637.482 12033.087
7309.205 11988.138
7742.351 11858.020
6212.439 12117.067
6660.664 13798.105
8834.152 12004.988
6207.376 11730.774
6476.526 12079.990
7387.572 12441.092
6504.620 12450.467
6224.900 13884.693
6411.378 12180.062
8885.895 13190.403
8870.853 11194.424
7677.942 11915.404
6896.852 11615.658
7039.333 12207.882
7243.001 12393.512
6827.127 12413.700
7069.175 11523.596
8661.552 13551.512
6173.544 13411.313
8066.001 11357.526
6449.749 13398.838
6238.090 12917.134
7696.478 11788.457
6990.993 13563.423
6439.894 11413.917
7789.293 13822.208
6132.914 12434.361
8178.034 13360.952
7713.990 12521.596
7586.470 13563.226
8660.248 11588.825
8579.842 11266.886
7177.145 11916.922
8789.311 12871.413
7879.584 13429.033
8563.746 13638.841
7473.746 12055.042
8470.858 11583.804
7567.401 13684.339
7250.978 13086.685
8043.697 11584.048
8189.746 11366.192
8094.420 12200.252
8257.996 11204.261
8341.658 12906.427
6425.587 13876.825
8830.724 12556.375
7595.554 12837.787
6940.862 13895.672
6330.386 11917.826
6250.531 12143.502
6203.464 11772.379
6499.582 11177.768
8127.622 12362.264
6335.096 12103.862
8346.673 11231.137
7988.186 11326.148
8839.674 12876.377
6214.878 13054.765
6388.735 13577.600
8428.332 11798.216
7070.824 12834.202
6639.824 13103.793
8830.343 11485.179
6859.060 11544.557
8440.047 11649.177
8388.794 13434.757
6223.974 13633.448
7654.844 12297.059
7938.946 11184.389
7249.465 11866.300
6426.307 11408.327
8116.045 11547.550
7988.169 11574.113
8695.607 13127.565
6539.378 11471.964
6366.612 13502.703
8752.876 11612.226
7955.266 12718.904
6527.743 13010.091
8708.077 13048.875
8554.385 11904.475
7468.023 11230.105
6474.705 11694.216
7133.997 13203.118
7030.186 12916.272
7367.858 13049.307
6726.043 12493.422
6955.512 13865.134
7943.884 12790.595
7730.055 13804.014
7357.272 12871.422
6569.885 13735.725
7123.229 12119.261
6719.126 13555.986
6868.701 13623.162
6924.799 11645.685
6267.524 12371.373
6334.694 13673.945
8364.786 13532.800
6742.494 12148.720
6468.012 11247.067
6230.765 11159.191
7494.014 12248.206
7970.830 13675.662
7956.150 11657.849
7768.931 12988.121
7889.160 11900.182
7685.111 12809.817
8555.282 11504.902
8338.237 11194.751
6187.811 13457.637
8725.222 12103.413
6904.411 11188.370
8156.661 13913.331
8346.008 13823.851
7266.105 12647.098
6224.817 12030.427
7233.342 11152.468
7477.907 12331.720
6241.637 12428.986
7089.002 13717.908
7815.862 13450.297
8319.443 13251.686
8079.969 12281.585
7153.098 12522.321
8189.804 13526.141
7703.970 13458.641
8388.874 13148.394
6609.616 12183.320
7590.622 11841.042
7190.666 13366.731
6970.724 11906.557
8172.718 12931.315
8324.260 13385.910
8419.645 13844.937
6359.737 11258.363
6855.973 12332.088
7796.446 12995.248
6586.025 11501.305
7062.330 12689.166
7248.640 11224.510
7812.107 13184.283
7924.918 13209.830
7493.372 11258.630
6651.346 12664.677
6447.521 12748.445
7513.684 12545.660
7242.456 13422.951
7811.036 13389.035
8332.838 11770.135
8287.983 11654.569
7774.194 11384.573
6246.838 11503.514
8346.887 11511.678
6878.152 12774.272
6159.147 11206.176
7439.069 11488.154
7838.520 13323.698
7897.288 12846.324
8380.737 11756.226
8511.755 13313.093
8607.767 11847.009
7744.077 13519.956
6633.750 13302.947
8727.233 12553.731
6413.243 12049.989
6578.913 12416.432
6777.174 12285.868
6269.178 12768.279
8176.264 11920.388
8714.216 12914.346
7161.459 13217.349
8309.954 13386.466
7273.776 11986.820
7005.433 13813.121
8033.961 12246.537
6630.771 12736.233
6184.101 13649.293
8014.289 11739.876
7130.251 11652.888
8491.838 12456.455
7589.709 12997.527
6684.350 12689.987
8197.460 13753.416
8468.511 13068.091
6546.261 13412.772
7184.174 12455.706
6173.251 12358.773
8331.590 12705.458
6289.239 11685.074
6696.321 13904.845
7647.494 13714.831
7905.157 13227.860
6240.993 11924.796
7874.737 13670.000
7214.734 11483.761
6669.742 13097.021
7689.437 12039.824
7498.915 11686.703
7188.369 11705.143
7206.254 12028.469
8556.336 12287.531
8382.103 13533.641
6470.905 12081.762
7582.317 13507.549
7325.744 12982.800
6413.770 11240.066
8502.316 11509.589
6614.096 12621.636
6731.461 13676.644
8261.564 11452.155
8402.360 11393.654
8726.416 12398.963
6953.965 12445.460
7762.167 13330.822
7304.197 13474.767
6954.415 11329.865
7704.895 11577.402
7806.702 13868.809
7226.047 12794.115
6315.617 12793.345
6823.867 11161.476
6524.099 13632.930
7841.287 12850.764
6341.577 13149.029
7990.901 11802.774
6565.134 12111.165
7154.645 12556.219
6335.910 12177.166
8524.371 12636.198
7359.534 11309.823
7303.177 11375.305
8742.829 13743.210
6322.326 11947.214
7063.746 13219.069
6628.554 12145.339
7617.106 12491.570
8879.083 12958.713
7809.301 11558.538
7028.563 11304.149
6216.387 13628.552
8773.837 11204.669
6988.341 12938.375
6190.434 11818.426
6155.899 12819.751
6644.541 13176.473
8560.545 13201.627
6162.983 11286.972
7279.403 12850.941
6976.093 11472.695
8439.269 11701.569
6209.822 12251.184
6133.636 12574.527
6914.548 13153.329
6849.458 13673.755
6929.618 13126.375
8430.420 12011.381
7547.949 13308.171
8005.190 12697.802
7998.260 13163.328
7751.566 11704.374
6190.471 12881.886
7288.799 13638.229
8524.344 13444.846
7102.023 12578.915
8546.038 11496.030
6274.686 12177.493
7447.567 12539.574
7540.889 12434.731
8004.029 12804.018
6254.673 12134.158
6276.127 13071.111
7049.664 12120.948
6994.091 13215.443
6632.224 12362.864
8003.093 13471.067
6924.772 11193.284
6565.282 13129.264
7471.003 12999.210
6895.626 13565.879
8686.413 12925.969
8545.952 12671.138
8534.356 11770.315
6326.060 11362.169
8226.115 12194.667
8006.195 13694.892
7343.004 12998.426
6406.563 13131.733
6430.138 12081.346
6967.219 12739.807
6484.430 13393.615
6290.576 12758.019
8291.763 11620.112
6293.088 11933.070
8030.885 11308.838
8133.352 12005.796
8415.513 12537.222
8551.015 12461.258
8027.212 12732.803
7672.030 11671.001
7944.268 11285.958
6972.084 12638.233
8342.265 13237.548
6592.170 13670.329
7486.480 13766.253
7452.954 11268.425
7398.830 11324.342
7654.298 13601.393
7976.012 13016.961
6188.034 12513.990
7073.415 12150.844
6633.673 12390.076
8314.109 12232.836
8140.047 12206.100
6650.361 11952.059
7322.053 12285.657
8786.782 12264.219
8842.001 13202.902
8852.454 12712.438
7880.163 13420.140
6627.625 12575.571
7601.690 11967.650
6785.041 12517.517
8234.207 11492.435
6833.933 12596.540
7806.038 12519.432
8788.111 13891.582
6310.985 11485.126
6965.494 12576.291
7757.893 13478.616
7269.680 11165.680
7887.823 13691.929
7327.414 12226.105
6476.923 13673.063
7154.536 12802.690
6430.865 12033.926
8426.459 12921.706
7910.382 11368.254
6949.062 13737.328
8650.516 12740.747
8311.994 11308.607
6306.932 13495.979
7266.157 13733.656
8198.600 13693.765
7160.724 12249.068
8129.403 12972.914
8205.615 12307.918
8728.040 11898.435
6596.492 12231.995
8305.627 13674.196
6877.121 11697.132
8394.637 13192.024
6574.682 13696.159
7540.569 13348.533
8649.396 12975.057
8435.240 11902.637
8413.634 12796.557
8403.465 11962.633
8841.760 13030.960
7692.085 13014.166
7707.102 12657.945
7203.946 12077.720
7230.867 13183.779
7002.638 13502.725
8470.703 11211.373
7208.775 11326.881
6509.541 11431.191
8544.955 13415.655
6972.203 13823.816
8307.193 12574.909
6805.671 11919.403
7207.240 11713.008
7450.111 11718.422
6522.947 11487.010
8224.205 13816.409
6664.033 13177.691
6294.716 11599.183
8701.363 11331.215
7762.392 11311.229
7421.711 11558.650
7372.940 11442.516
7952.213 12489.751
8280.541 12752.108
7290.906 13861.564
8641.605 11885.061
7599.881 12105.243
8470.694 12305.911
8217.608 12850.942
7577.856 12648.360
6795.173 13252.836
7999.918 11217.467
8279.188 11539.327
7272.855 13203.062
6610.381 11273.711
6427.738 13531.955
6942.563 12671.980
6929.751 13165.088
8428.522 13580.366
6719.143 13102.477
8197.123 11911.439
8311.347 11894.312
7026.684 13293.942
8600.104 12793.217
8640.408 12425.784
6673.465 13830.774
8327.835 12475.452
7695.621 11277.608
8342.896 13764.620
6501.561 11585.478
7317.978 13315.970
6499.309 11629.742
8749.272 13601.222
8307.694 13759.778
8691.559 12868.645
6240.262 12515.689
8080.996 13350.177
6329.545 13531.981
6667.082 11277.536
7278.592 12483.384
7373.602 13171.530
7199.275 13098.725
6641.846 13154.685
7715.173 11791.415
7888.980 11433.532
6895.764 12254.637
7853.789 12677.213
6838.840 11703.022
6695.796 12129.387
7789.291 13272.716
7826.183 13843.099
8127.506 12298.616
8268.156 12869.099
6175.489 11217.369
6188.166 11803.934
6306.244 13126.119
8123.028 13625.356
6264.596 12000.418
8150.880 11681.082
7259.327 13316.417
6484.062 12875.149
8375.903 11701.136
8704.166 12170.521
6234.053 12411.558
6785.149 13377.224
8865.774 11267.922
7251.519 11341.737
7855.631 11669.265
7197.858 13212.103
7992.420 11191.112
8524.530 11203.597
7420.651 12506.949
6312.974 12671.911
8765.544 13179.830
8167.332 13240.585
7134.269 13182.655
8625.843 12789.781
6165.793 13460.257
7929.622 11747.272
7730.986 11804.588
7242.291 11537.066
7781.470 11247.599
7050.992 11358.421
7551.647 11921.875
8403.947 11935.920
7145.265 11855.018
8745.207 12866.256
8248.006 11646.940
8647.427 11401.428
7829.671 12168.370
8476.616 13486.106
8000.322 12695.725
8822.051 13215.770
6527.089 12225.706
6465.613 11792.092
8593.856 12589.958
7526.770 12671.939
7673.301 12465.638
6950.620 12656.108
8497.204 13390.899
8284.554 11982.087
6357.744 12376.138
7163.397 12132.335
6636.828 13562.859
8459.352 11672.415
8519.902 12952.786
7703.132 11347.384
8684.492 13793.828
6995.196 13111.871
6464.022 11966.682
8355.969 11410.388
8668.762 12858.242
6308.511 12961.245
7100.991 12971.800
8563.933 11957.420
6119.483 11447.756
6238.552 12024.836
7974.195 12952.358
7353.278 11592.657
6721.777 12965.608
7482.007 13142.691
8282.593 12147.939
8061.257 12810.232
8444.419 13162.286
8804.963 11722.890
6113.218 12590.044
8589.221 13853.815
7437.258 13855.575
7230.033 13694.436
8004.336 11275.927
7149.621 13081.843
6853.066 12144.248
7500.138 12107.813
8292.025 12577.106
8027.295 12787.037
6960.918 13477.695
6449.077 12222.381
8625.705 11687.667
7506.022 13802.225
8318.122 13902.390
8768.404 12667.109
6960.737 12366.852
8290.115 12292.456
8238.558 11455.610
7152.047 13884.266
7656.672 12319.984
6157.054 12639.745
7422.061 12112.833
7404.371 13652.633
8146.536 12730.835
6686.864 11531.613
8154.436 12961.038
7539.962 12934.272
6309.649 12247.866
8830.341 13717.319
8496.866 12837.737
7246.190 11479.615
8567.566 13777.639
8186.362 13640.022
6626.143 12660.778
6981.752 13453.663
8068.942 13730.291
8467.248 12642.210
8538.120 13737.047
8406.957 12931.406
7019.502 13092.483
8360.028 11227.940
8567.508 13597.225
8022.099 12062.089
6998.435 12043.792
8194.611 11903.835
7834.124 13418.038
7523.566 12477.143
6703.515 12988.158
7060.709 13853.480
6586.132 12663.239
6184.856 12060.041
6553.095 12603.758
6651.607 11838.921
8594.503 12986.090
8346.940 11870.691
7672.192 13807.627
6753.909 12679.631
6966.107 12404.433
7425.203 12796.685
8126.013 13547.583
8593.599 13682.045
8532.852 13866.373
7211.519 12265.246
6694.944 13274.397
6137.081 11547.694
7236.597 12065.006
8429.468 12108.781
8818.735 11590.345
7410.093 13868.975
6542.116 11183.408
6319.350 13488.700
7988.672 13482.363
8483.165 12520.395
6861.678 11185.761
7041.682 12935.045
6894.148 11374.673
6154.590 12887.097
8556.107 11656.850
7845.173 13466.163
7183.994 11278.597
6272.319 13657.306
8627.506 11165.831
6897.428 12460.707
8092.045 12294.586
6966.380 11562.739
6624.378 12001.220
7836.910 13653.689
6562.827 13839.906
7779.032 12154.665
6728.139 13422.576
7770.323 11593.824
6468.175 11771.715
7676.092 11571.521
7106.073 11590.443
8468.315 13450.407
6931.687 11980.660
6458.645 11783.010
6858.264 13519.322
8714.914 13671.381
8078.182 11433.007
8792.618 13211.187
7148.753 12593.259
8808.845 12779.779
7013.902 11283.344
7315.276 11449.287
7593.785 12062.544
8779.345 12486.054
8593.921 13027.046
8708.555 13026.656
8595.573 11785.176
6888.426 11878.642
6900.377 13005.201
8067.784 13465.245
6640.672 11213.669
8711.557 12550.023
8159.100 12460.947
8620.997 13846.087
6630.916 11697.606
6409.486 13316.289
7373.664 13349.149
7516.037 12857.642
8027.028 12227.175
6959.774 13578.528
6747.366 12882.062
8747.469 11584.789
8107.675 12952.092
6314.627 13332.538
8802.686 11244.277
8441.136 11366.214
8692.565 13854.915
8800.365 11589.978
7463.613 12547.238
7875.222 13101.401
7604.130 12433.314
8226.277 12891.644
7233.520 13324.064
7524.759 12541.142
7068.382 12082.124
8858.108 12690.650
7211.824 11937.087
8593.622 13015.893
6320.302 13273.643
7728.598 12345.418
6160.504 13015.550
7831.349 13872.315
7221.064 12679.110
6914.364 13193.387
7325.852 13449.078
7481.126 12774.512
6294.330 12916.417
8747.957 13320.424
7849.673 11559.333
7007.872 12556.252
8673.857 13218.724
7246.108 12684.308
7465.477 12323.817
7497.025 13255.463
6123.386 13748.524
8421.003 11398.400
7845.779 11157.630
8806.358 12500.517
8441.145 11278.429
8156.294 11972.340
6641.395 13478.799
7609.636 12306.215
8389.867 11250.974
6426.132 12321.540
7355.484 12765.919
7698.598 12094.743
6687.600 13492.733
6659.000 13104.478
6562.896 12177.681
6585.613 11326.510
8352.032 12821.448
7289.087 13343.083
6897.737 12774.650
7017.538 13212.932
7991.619 11219.546
7934.676 13812.023
7939.231 13429.372
6494.567 12863.784
7901.708 12066.473
6674.043 12857.508
7086.835 12012.850
6117.917 11421.586
7937.877 12364.347
8725.639 12172.782
7144.792 11985.713
8609.245 12080.078
6877.047 12718.888
6820.035 11631.039
6500.589 13042.326
8780.650 13907.919
7297.543 12110.207
7021.766 13543.579
7549.584 12264.354
8554.352 11435.325
8755.869 11773.750
8011.594 11928.009
7331.582 12849.425
8673.654 13816.210
8139.084 12079.575
7072.232 13109.162
6987.964 13254.516
7014.340 12126.368
7035.829 11186.667
7612.597 12458.045
6992.012 12986.084
6199.878 12046.101
6640.895 11212.347
6765.027 12903.735
8413.010 12443.771
6152.889 13116.988
7184.095 12760.668
6644.401 13386.763
6877.623 12841.850
6379.645 11175.037
6409.966 13653.160
6758.347 11762.933
8867.869 12596.329
6988.350 11682.754
6941.871 13284.927
8786.530 12961.567
7773.031 11312.312
8299.742 11306.003
7358.139 11634.274
6596.119 12855.793
7845.277 12091.089
7865.384 12021.057
7020.677 13451.035
6449.310 11600.789
7613.905 13344.960
7475.735 13807.464
7304.489 13136.892
7025.672 12468.245
8541.604 12681.372
7301.844 11642.148
8377.389 13395.627
6914.970 12585.716
7120.068 11959.582
6181.730 11647.202
6365.647 12381.310
7668.742 12663.902
6783.211 13282.912
6155.455 11264.843
6336.174 12863.364
8771.183 11234.611
6804.314 12902.889
8439.768 12548.512
7467.380 12224.805
6818.954 13904.416
6305.346 12036.518
7740.166 12438.723
7653.027 13387.368
6405.704 11226.755
6592.790 13585.418
8824.494 12038.280
6337.098 11395.704
6508.054 12139.894
6496.661 11629.226
8003.787 12884.167
7659.856 11885.570
6565.358 12799.921
8742.920 12466.243
6132.000 11902.592
7202.869 11487.371
8771.826 13742.952
7870.954 12872.161
8385.704 11712.105
8181.863 11872.208
6302.689 11812.440
8297.934 12521.298
8711.998 13566.507
7601.283 12825.455
8859.739 11816.641
8829.919 13297.299
7391.525 11315.777
6806.024 11207.136
6877.992 13623.249
6330.555 12935.831
7204.484 12176.882
7735.437 13007.077
6648.654 13744.875
8241.615 11233.440
7996.041 13859.000
6145.019 12402.534
8403.133 13715.818
7932.284 12274.026
8481.818 12391.484
7609.047 12932.498
6937.109 13618.490
8215.588 13642.317
8564.368 11481.589
8835.174 12259.010
7830.411 11284.218
8155.042 12461.081
7958.780 11643.512
8807.101 12622.450
7283.823 12373.681
8523.440 13142.992
8144.986 12426.024
8669.094 13066.607
7946.654 11335.941
6131.001 11727.168
6416.258 13241.252
8796.700 12066.597
7838.560 11665.172
8598.163 13902.455
6899.726 11873.326
6360.957 13121.246
8751.595 11495.941
7440.545 12871.555
6859.592 12919.231
6139.044 11847.757
8010.791 13730.823
6279.905 13913.103
7021.517 11526.734
7114.146 13490.682
6173.633 12071.364
6389.412 12667.949
6646.725 11530.772
8020.209 11144.246
6825.562 11737.384
6342.408 13575.946
8442.315 12027.572
8221.381 12463.576
7591.778 12112.996
7180.071 11879.846
8315.658 11307.778
8010.401 11662.489
7821.381 12604.440
8465.455 13843.157
6918.085 11884.036
7917.722 13285.845
6418.439 12671.471
7986.510 12102.239
6451.308 12271.912
7880.716 11273.586
6812.429 13882.646
8015.297 11701.094
7777.795 13395.799
7790.927 11794.381
6327.513 12823.052
6547.383 12787.644
8674.098 13831.140
6758.352 12605.105
8490.648 11474.812
8789.810 13909.482
8760.753 12919.003
7338.205 11643.517
8195.548 12700.187
8481.349 13569.054
8822.334 11755.779
6940.169 13095.555
7495.789 12350.562
7059.909 13079.028
6423.800 12015.312
6365.031 13363.980
6481.003 12648.841
6942.994 13883.733
6334.477 13814.345
6199.963 11338.596
7461.820 12721.302
7889.745 12265.195
7649.206 11528.205
7434.110 11451.685
7913.347 11423.322
8604.914 13327.248
7019.190 13022.215
6481.566 12385.336
6377.222 11922.006
7806.465 11317.076
7527.467 11312.713
8626.606 13109.271
6820.295 13088.973
7761.806 12375.305
6498.850 13467.105
7740.061 13554.271
7181.419 13217.624
8192.457 11418.593
7977.858 12365.382
8716.637 12851.806
6182.784 11542.563
7657.286 12029.251
7835.557 13881.179
8460.417 11489.258
6118.342 11938.523
6667.218 11972.211
8021.328 13122.486
6435.340 11897.456
8007.163 13089.291
6506.955 12421.700
7349.456 11484.103
6607.180 13068.451
6322.179 13427.146
8137.034 13391.493
7463.844 11805.864
8092.066 12812.602
7176.485 12527.896
8515.072 11752.839
7620.091 12048.632
8490.988 12014.215
7208.178 11569.631
7913.593 11824.374
8155.444 12267.528
8796.867 13046.686
8118.652 12779.971
7850.841 11737.983
7367.186 13902.182
7300.732 13720.345
6913.077 13063.538
7718.901 11684.709
7427.657 12723.627
8764.783 11158.669
8511.060 11227.558
6124.221 11563.697
6265.364 11324.095
7224.598 13243.489
6934.856 11941.918
6331.681 11669.823
8758.123 12944.873
8386.813 11328.932
7616.579 13726.475
8560.355 13648.324
8599.104 12135.807
6154.772 12708.865
8025.804 13621.799
8282.917 11730.980
6931.737 13862.415
7747.084 12491.137
6619.459 13331.087
7943.921 13364.611
6902.092 11489.601
6681.272 12062.234
7706.680 13465.170
7200.345 13414.729
8871.127 11388.122
6199.774 12674.015
8732.979 13061.441
8392.770 13756.734
7091.726 13727.575
7138.969 11442.901
7519.951 12692.815
7896.631 12832.344
6268.449 12846.944
8300.316 13840.185
6230.400 13412.218
8754.138 13791.468
8064.859 13530.055
8409.276 11320.714
6141.418 12871.313
7355.129 12936.564
8367.123 11684.692
6447.823 12192.072
7024.491 11513.323
7210.796 11550.892
7995.042 13261.338
8826.402 11562.454
7603.383 13335.580
6942.676 11770.132
7800.722 13062.618
7767.437 11230.857
6674.051 12638.136
8626.891 11734.847
6975.038 12901.967
8861.866 12711.206
8690.151 11604.900
6830.947 11533.953
6367.712 13626.196
6827.228 13367.197
8087.721 13532.270
8274.340 12734.970
6290.331 13113.831
7847.006 13539.575
6875.610 13517.834
8296.990 12712.657
6468.340 11253.710
7691.998 13839.116
8098.630 11837.868
6765.472 12707.113
7257.447 11658.621
8287.881 12931.981
7757.577 13301.108
7919.010 11842.850
7632.464 13234.529
6280.519 11273.994
6148.000 13550.173
7778.822 11791.651
8248.225 11169.219
7954.591 11187.048
6417.813 11635.448
6703.945 12783.309
8025.877 13612.260
6948.570 11603.673
8408.432 13014.457
7985.547 13502.626
6267.170 12862.837
7402.510 13752.902
7588.123 12616.443
8332.212 12090.118
8304.935 13784.951
7801.733 11157.569
8778.467 12035.059
7653.562 13086.754
6460.329 13829.276
8106.813 11926.293
8811.855 13300.824
8428.793 11888.673
7871.174 12300.878
7261.477 12139.668
6122.212 11176.649
8501.744 12697.300
8375.946 12706.807
6892.994 13520.475
8681.823 12676.882
8636.738 12100.050
8712.630 12321.229
6670.247 12481.985
7616.196 13186.437
6664.860 13171.920
8595.832 12050.517
6633.070 13403.496
8774.029 12598.065
7669.091 12563.381
6979.346 11686.813
6469.062 13227.820
8416.944 11320.090
6417.709 11653.738
8482.536 13664.047
8884.411 12400.679
8127.098 12189.483
7690.219 12306.611
8149.707 12698.458
8826.573 12888.315
7222.545 12556.113
7077.103 11468.964
6506.139 13430.833
8677.874 13039.710
7305.983 13051.457
7666.842 11552.281
6262.422 13254.179
6230.588 13530.267
6456.827 12256.966
8593.078 13031.785
6977.757 12524.882
7862.377 12081.818
7525.671 13421.112
8170.958 12778.328
8875.996 11598.814
8456.430 11713.427
8681.099 13676.485
7088.227 11730.077
6706.916 12056.941
7635.624 13065.317
8166.878 13120.473
8363.662 12143.138
7544.687 13078.921
7848.321 13190.465
7270.367 12448.479
8858.726 11695.730
6675.845 12433.479
8439.749 12687.125
6662.857 13736.646
8102.615 13619.477
8226.871 11469.220
7396.797 13589.384
6433.331 12474.105
8435.022 13262.823
6956.839 13372.864
8535.143 12696.511
7417.952 11207.361
8589.887 12545.172
8303.159 12803.073
7733.031 13622.981
6771.164 11626.500
7140.792 12264.414
8118.024 13549.583
6824.996 11906.546
6499.016 12338.772
7160.195 13272.251
8329.602 12570.305
7042.699 13586.213
7729.804 13622.270
8798.230 12954.372
6312.515 11252.349
6399.664 13918.291
7659.967 11811.531
8683.431 13283.240
6798.301 11765.640
6113.275 13892.117
8688.432 13078.327
7325.775 12918.088
8182.168 13330.897
7853.299 11574.779
6566.439 13728.164
8267.192 12196.427
8307.684 13609.499
8587.495 13739.520
6468.532 12119.850
8265.173 13611.322
7458.476 12664.099
8832.787 11541.293
6980.395 11484.073
8499.753 11567.175
7524.511 11517.920
6445.306 13007.573
6246.137 13759.739
6991.910 12992.397
6936.555 11366.602
6129.459 13896.093
6915.271 13342.676
6288.628 13415.190
6590.815 13843.588
6783.694 13464.659
6656.185 11476.774
8020.851 11716.663
8182.942 13543.602
6819.856 11918.747
7552.371 12329.147
6482.981 13761.078
6385.366 11474.325
8581.339 13615.784
6291.994 12945.380
7272.428 11792.568
8884.120 12497.363
6262.786 12664.624
8195.153 13442.052
7096.763 12402.040
8384.302 13787.268
7450.214 13478.933
7151.764 13783.177
7566.294 11836.176
7443.282 11858.887
8486.419 13207.416
8788.178 11360.047
8369.575 12804.975
7058.384 12120.080
7042.352 12536.434
8006.386 13265.465
6279.557 12493.702
7776.972 12978.040
6618.856 13223.366
6343.175 13452.086
6196.233 13651.399
8637.465 11885.843
7724.583 13847.917
6888.385 11229.616
6943.733 12952.376
6156.100 12310.011
8290.320 11973.399
7785.844 11200.436
6668.794 11331.484
8486.478 12305.013
8074.738 11192.924
6409.818 13396.862
7429.233 12320.938
8439.835 11312.780
6154.229 13659.350
7924.151 11729.868
7724.562 12975.558
7378.673 11656.985
8151.176 11182.021
6740.350 12085.838
7091.871 11364.922
8758.993 11843.571
8837.885 11268.577
6777.694 13885.025
6982.480 12364.113
6913.581 13075.781
8737.107 13575.430
7714.182 13552.565
8665.711 13480.064
8581.326 11386.139
7782.566 11798.962
7165.348 11246.453
6981.964 12993.239
7548.324 12812.060
7644.487 11343.929
7006.924 12692.089
7752.735 12808.375
7449.660 11785.982
7633.617 13324.557
8750.797 13133.587
6173.575 13485.448
6298.796 12572.021
8323.977 12405.037
7806.906 12620.180
8269.739 12615.258
7865.139 11884.552
8769.486 11351.375
6308.513 11672.174
8189.308 11950.484
6591.376 13220.967
8012.133 12794.898
8555.633 13238.452
8768.492 12028.156
6739.921 12180.071
6787.820 12233.164
7374.779 11404.561
6661.511 12909.833
8212.003 11461.418
7891.812 13200.905
7494.639 13187.901
7954.167 12004.759
6777.556 13331.022
7508.635 13294.690
6905.281 11234.547
8619.353 12546.195
7084.603 11746.941
7127.700 11416.373
8122.263 13641.778
8773.804 13723.553
8163.366 11874.510
6531.456 12520.370
7465.349 11727.811
7297.640 11740.428
8783.255 13604.253
6692.760 12096.681
8014.485 13613.818
7646.351 13104.716
6630.819 13271.694
8713.483 13092.909
6633.242 13421.132
8260.760 12417.784
7157.181 12527.058
8296.450 11913.297
6966.214 11453.301
7040.607 11190.392
7225.718 13301.853
7358.905 11910.624
6933.386 11222.854
6726.381 12752.286
7482.932 13607.659
7279.457 11173.120
7991.880 12534.880
7716.153 11443.057
7587.970 13825.366
8644.993 11958.844
7414.653 12120.790
8832.676 13322.780
8532.959 11875.177
7072.193 13397.683
7447.537 13180.331
8450.462 11610.931
8587.698 13727.791
8667.386 13410.669
7297.984 12353.669
7251.673 11969.945
7887.971 13446.387
7136.067 11532.604
7896.925 12729.526
7441.875 11924.373
7626.734 11623.100
7616.755 12528.531
8525.956 12518.075
8593.716 11650.165
6252.994 12056.092
7610.482 13440.168
7459.750 12826.342
7836.443 12555.057
8010.343 12926.175
8876.362 13599.286
7053.716 12849.275
8126.441 11193.323
8608.630 12231.560
7935.904 13820.278
8550.901 12526.368
7167.197 13189.440
6469.227 13337.603
8339.214 11698.963
8403.341 13499.930
8246.982 12140.648
7111.863 12738.750
6274.850 11465.282
6976.034 12877.565
7864.077 12944.145
8723.702 13851.459
7464.913 12736.385
7416.923 13018.374
7256.763 13520.538
6627.451 11642.797
6664.275 11301.343
8700.598 11326.485
7809.434 13639.169
7184.204 11875.578
7765.823 13401.679
7640.675 13835.510
6936.403 12017.120
7787.236 11231.886
7805.397 11878.121
8827.068 12148.936
8538.129 11716.244
7363.831 13223.535
6920.828 11286.589
8715.339 11746.273
7857.454 11359.228
7767.467 12711.826
6169.218 13495.010
6880.261 13189.563
7177.857 13814.761
8317.821 13032.146
8285.441 11896.370
7435.328 12251.243
7142.395 11566.550
8490.824 11941.031
7092.196 13207.358
6628.507 11429.150
7159.638 13207.019
7364.641 11964.542
6903.068 12765.697
8347.518 11169.542
7751.769 13394.606
7723.742 11470.793
6648.138 12203.587
8511.000 12913.570
7827.852 13008.446
6874.402 11312.243
6638.277 11940.057
6487.673 11516.728
8742.616 11818.272
8125.968 11705.971
7805.126 13842.511
8618.577 12662.620
7230.728 13543.890
7009.572 13476.395
6641.013 11213.328
6375.831 12186.397
7159.507 13820.817
8573.346 13427.942
6714.946 13763.570
7473.570 12692.482
7367.264 12336.924
7991.624 12214.869
7677.528 12338.880
8022.325 12499.719
7910.429 11476.802
8865.740 12827.952
6227.856 12435.467
6172.524 13573.958
8018.525 12943.480
8049.526 11706.100
6295.104 13665.114
7822.474 13667.616
7512.976 13726.251
8139.654 12335.086
6307.602 13277.774
7747.044 13642.071
7164.349 12672.692
6492.911 11300.146
8583.344 12974.636
6155.052 12727.757
6720.655 12480.483
6867.023 12768.332
8460.320 13018.548
6123.738 13055.498
6320.920 12799.929
6555.217 11173.796
8875.760 13751.361
7317.262 12982.350
7194.617 12631.441
8827.160 13094.232
7756.308 12431.457
7931.360 12811.669
7274.280 11677.120
6267.422 11778.978
6526.740 13076.183
6268.350 13111.282
8852.059 13696.637
6569.721 13619.689
8482.856 12594.321
6912.978 13902.651
6839.493 12176.795
7203.255 13084.175
8026.429 12793.671
6819.752 13289.240
8239.710 13551.065
7682.440 13522.798
8619.738 13568.958
6115.666 13220.402
6298.765 13650.249
8491.818 13793.016
6453.844 13650.939
7726.348 13333.400
7531.946 12771.546
7876.134 13399.316
7697.729 12661.296
7588.871 13614.698
8649.808 12392.448
7691.323 11581.391
8625.670 12938.096
6846.481 13100.875
6780.553 12184.845
7839.109 12479.813
7502.058 12079.649
6378.845 11167.882
6754.264 13045.461
6182.813 12875.707
8610.599 11979.450
7052.727 13340.047
8665.531 11250.207
8115.882 12449.042
6456.141 12115.413
7972.585 11948.226
8396.838 12859.840
6254.707 12373.454
6130.998 12627.262
7417.487 13459.683
7119.515 13242.249
7403.349 13366.734
8189.317 12984.431
8652.923 11957.659
8462.249 13506.931
7830.798 11644.133
8069.987 11538.597
8433.909 13632.241
6975.935 12482.770
8218.759 13652.444
8245.878 13880.053
7956.732 11279.407
6229.571 13212.610
7918.984 11381.385
6630.260 12981.750
6329.473 13511.798
6908.044 12866.841
8174.920 12781.428
7641.070 13068.609
6732.938 12530.191
6476.701 12040.299
8476.123 12206.099
6538.950 12783.646
6540.798 11848.110
6240.760 12762.704
7845.406 11456.282
6193.876 12173.689
6388.078 13080.826
6775.568 12875.342
6727.136 11527.469
6648.353 12772.414
7705.440 12842.779
6542.435 11313.533
7641.877 12427.850
6654.157 12924.688
6717.067 12732.655
6411.490 11986.858
6864.815 11666.272
7626.652 12403.061
8849.714 13920.573
8786.594 11990.832
7791.581 13201.275
7844.308 13383.449
6694.912 11286.045
7165.828 13578.868
6937.786 12662.614
6281.951 13616.299
8458.815 11613.677
7702.254 11311.766
8472.829 11646.926
6992.610 12471.665
7064.720 13706.649
8311.553 11247.572
8508.391 13832.789
7685.719 13151.737
7621.978 13059.257
6600.631 13612.387
8346.513 13322.102
8724.320 12540.274
8592.239 12921.641
6990.936 13859.335
7650.734 11589.180
8678.321 12626.990
7551.783 13033.150
8317.761 13512.364
6763.020 11700.970
8495.056 12003.209
6855.511 11666.878
7837.438 13828.647
8187.936 12857.852
6577.650 11814.912
8869.037 13465.365
7393.569 13897.284
7910.898 12551.649
6881.988 13042.166
8029.554 13325.033
7458.705 12454.894
7206.635 12556.407
7340.467 13797.249
7383.435 13223.721
6820.414 13190.400
7198.052 12255.131
8103.841 12225.433
6898.357 13642.677
7242.715 11693.700
6848.008 13217.093
7376.504 11528.336
6580.192 13411.293
6253.927 12964.507
6945.709 13299.337
8799.106 13375.007
7789.418 13150.605
6774.961 13062.116
8210.061 13060.737
6949.406 13543.683
7583.622 12295.157
8717.300 12618.195
8245.908 12654.239
7363.765 12520.287
6344.313 12613.064
6762.732 13409.701
6253.492 13655.035
8766.126 12185.063
8252.816 13381.189
6318.216 11740.412
8496.592 13491.160
6526.403 12443.411
6539.592 11839.065
6171.561 11545.205
6286.563 11995.001
6273.342 11282.860
8092.850 13066.117
7900.290 13202.860
6193.568 13605.723
8709.403 11455.192
7981.282 13170.166
7177.672 13338.886
6537.870 12754.028
7781.869 11400.405
8392.496 11481.437
8825.323 12475.261
7200.376 12313.976
8577.009 11367.679
7553.787 12322.738
6132.604 11674.459
7089.044 12866.616
7582.135 11379.809
8008.063 11472.249
6735.212 11510.956
8540.159 12507.913
7785.452 12763.382
7351.966 12991.036
7645.040 12490.791
8062.242 13703.129
8803.206 11481.433
7139.384 12400.366
6177.443 13867.728
7593.258 12119.970
6476.239 12804.186
7375.984 11577.652
8871.143 12897.256
7577.674 12334.854
8828.216 12867.692
7161.554 12312.487
6809.702 11915.855
8800.584 13041.530
6992.758 13769.044
8036.437 12842.735
6461.395 13166.332
8404.795 11890.179
7862.494 11308.810
8168.632 11603.705
7541.424 12701.791
6722.511 13901.534
8752.323 12127.016
6403.003 12799.668
7257.790 11627.461
7730.820 12924.033
6179.097 13714.823
8837.422 13892.458
6403.072 13678.636
7067.919 11942.132
7557.722 12164.346
8218.291 11767.054
7556.621 12590.781
8369.234 12298.021
7376.797 11374.776
6899.046 11523.981
6871.730 13219.324
7922.169 11288.934
7439.720 13274.118
8745.415 12560.516
7353.544 13635.447
7821.168 11231.518
6999.828 11614.435
8453.918 12628.647
8186.951 11867.539
6435.346 12337.785
8222.740 11887.895
8138.555 11865.826
7837.814 13314.995
6556.307 11303.717
6421.653 13168.031
7852.672 13145.585
6870.788 12049.488
8175.341 12613.884
8339.581 12255.757
6408.397 13323.672
6673.484 13252.107
6491.902 12979.984
6908.509 13476.699
7419.942 13619.442
8763.750 11228.115
7211.426 12741.794
6579.719 13343.170
8877.830 12276.262
6727.777 12845.335
6592.734 13263.815
8614.583 12199.944
6534.699 12709.948
8872.387 12802.793
8334.938 13117.463
8615.598 13532.304
7214.391 11958.927
6497.981 11171.930
8120.651 13066.738
6711.886 11330.940
7520.700 11378.189
6334.779 13529.326
6732.166 11738.311
7455.788 11362.895
8543.691 13462.767
8442.011 13801.575
8160.946 11509.610
6458.477 13418.104
6547.769 12624.131
7350.989 11698.944
6934.917 12469.502
7095.290 12415.312
7588.193 12878.726
6666.812 12097.497
6686.742 11239.125
8589.911 13345.369
8509.038 13678.503
7777.216 11768.914
8411.110 12683.383
7329.858 12892.550
7043.571 12965.570
6570.617 12454.037
8010.478 11562.769
7968.712 13293.276
7457.350 13827.199
8039.235 11860.627
8098.721 11927.742
7627.691 12746.688
8461.632 12459.644
6301.644 13461.738
8128.637 11833.082
7769.473 13024.924
6499.930 12318.337
6382.255 13429.666
7423.701 12262.646
7266.398 12353.612
6345.894 11267.886
6135.053 12133.091
7238.944 11499.814
7036.388 11720.633
8025.407 12662.852
7784.488 12952.713
8570.349 13236.641
6932.192 13652.605
6295.291 11173.019
8572.283 12230.024
7999.764 12431.246
6943.407 13079.470
8370.532 13339.458
6899.909 13158.758
8529.953 11440.767
8449.798 13241.571
7272.226 11357.423
7514.247 13186.638
6444.704 13746.412
8313.446 11194.212
6768.187 11627.669
7753.557 11311.802
6484.906 12268.112
6390.532 12260.852
7033.153 13796.138
8881.371 12800.359
8637.176 12943.534
7044.130 11167.260
6181.936 11937.899
7728.677 12647.689
6518.419 11363.261
7141.392 13426.539
7617.061 12061.539
8013.420 13089.239
7922.725 13906.139
8621.795 11607.557
7033.895 13248.496
8041.624 11198.964
8074.926 13338.323
8150.472 12316.853
6230.013 11954.458
7358.713 11713.450
7451.587 11265.083
8849.870 11276.915
6311.315 12476.002
7692.513 12329.006
8275.890 13631.829
6916.750 11369.903
8209.067 13231.389
7351.336 11884.642
6573.387 11992.919
6645.734 12023.951
7778.572 11623.007
8387.768 11379.298
7420.396 13170.422
8840.885 12324.498
7815.238 12475.695
8736.324 13226.973
8790.973 13326.231
7652.146 11975.225
8755.152 13347.994
7656.773 13239.573
6797.196 12739.021
7241.150 11428.008
6680.948 12063.001
7083.774 11612.933
6947.217 11205.513
6432.243 13421.188
8322.123 12987.186
7570.720 13451.384
8259.470 11522.738
8793.759 13175.914
7372.490 11321.739
6978.385 11476.879
7978.870 11152.305
6506.457 11332.420
8418.578 13899.976
7988.970 12237.877
8441.530 12675.903
6383.702 13061.080
6444.527 13486.694
6923.903 11690.653
6643.019 11751.396
8004.984 12587.288
7323.353 11690.626
8794.132 13532.510
6164.248 13026.987
8610.487 13139.052
6173.756 11868.650
8695.373 13298.650
6169.233 12006.884
7413.803 13010.984
8608.025 13597.800
6700.071 11547.670
8612.670 11756.034
7632.882 11863.638
7941.351 13735.353
6168.269 13618.386
8542.615 13752.485
6675.409 12154.294
6221.246 12310.046
6872.937 11525.110
8160.878 11199.172
7733.791 11658.491
8079.026 13138.218
7006.007 13893.106
8220.156 13090.969
6176.959 11767.293
8498.134 13674.379
8206.273 11597.368
7949.290 13901.831
8552.641 11150.425
8412.470 13186.673
7759.314 12033.656
8292.021 13090.437
6147.548 12483.825
6310.160 13413.148
7397.762 11701.829
7629.012 12683.909
7477.965 11908.776
6801.909 11819.447
7044.699 13456.706
8489.193 12535.627
8690.061 13108.567
6569.340 13754.609
6636.117 12824.143
7474.814 13874.206
7543.662 12378.907
7502.276 12223.576
8242.916 13207.383
8192.222 11835.319
6431.373 13328.549
7796.268 12147.708
7311.229 13166.643
7971.803 13783.478
6394.880 11707.281
8454.134 11489.000
8516.209 11620.333
6639.858 12727.676
8136.642 13323.931
8142.884 12813.054
8721.845 11432.923
7866.749 12539.974
6378.426 13204.919
7960.923 13022.931
7302.262 11670.864
8607.789 12057.771
6145.187 11495.705
6416.032 11210.689
7794.562 13515.290
6210.418 13047.093
8819.398 13648.320
6818.830 13707.938
8296.720 13028.581
7747.551 13154.436
6285.900 12393.918
6354.708 11202.855
6597.356 13103.901
8258.412 12399.884
8637.315 11656.374
8311.403 12217.219
6569.139 12862.768
8505.093 13697.204
8531.801 12286.533
7055.543 12120.202
7818.912 11366.369
8431.015 12991.348
7052.168 13198.733
6402.296 11389.427
6272.073 13176.958
7881.174 13127.155
6639.011 11477.426
8102.632 12718.407
6652.272 12685.581
7105.982 11270.200
8025.009 13142.955
8039.909 11763.537
7695.799 12897.200
8814.501 11385.953
6510.147 12073.046
7750.288 11554.075
6420.898 11201.896
6257.515 11496.475
6940.255 12058.897
7710.937 13105.132
8063.253 12971.969
6887.128 12302.384
7487.210 11556.436
8654.849 13808.801
6274.773 12175.587
6366.334 12853.190
7826.044 11211.018
7566.876 11503.718
7577.730 12707.345
7076.767 13490.046
7191.439 13287.920
7144.419 13001.937
8199.807 13407.345
6676.903 11915.893
6977.301 12397.845
8721.293 12132.937
7795.348 13590.080
7507.122 12477.161
6212.500 12765.587
6889.325 12201.383
7568.708 13916.301
7546.564 12973.719
7898.333 11176.876
7747.542 11372.181
7065.917 13004.626
6665.655 13072.171
8331.114 12368.028
7568.121 12169.975
8087.400 11231.172
6858.369 12665.167
8197.061 13698.932
6463.287 13866.634
6348.790 11316.528
8773.873 12474.050
7650.990 12071.114
6694.747 11284.745
8166.297 11913.701
7771.988 11658.171
7579.746 13158.142
8534.191 11696.975
6546.054 13543.701
7129.063 12444.100
7226.477 12348.596
6963.754 11674.589
6179.241 11175.604
8815.928 12428.595
7423.222 13092.748
6435.565 11193.846
6960.301 11578.589
7198.362 12471.061
8671.742 12592.226
7915.593 11192.350
8602.790 12864.528
8753.436 11227.686
7648.600 13834.687
7872.126 12723.569
7384.492 13733.303
8051.428 13476.172
7752.723 13900.435
8364.691 11710.611
8550.207 12631.314
7090.209 11801.168
7020.563 11562.419
6796.006 12005.916
6283.346 11824.447
8855.507 11592.446
8753.943 13497.090
6937.648 11293.561
7715.597 12907.495
8492.250 12906.228
7415.685 11915.902
7822.477 12832.482
8178.786 11397.581
7628.914 13403.378
8087.031 13423.548
7731.045 12267.036
8172.882 12666.555
7948.830 11493.106
6479.116 13047.109
8160.086 12621.201
6145.383 12003.946
8186.155 11597.475
8729.174 13168.022
7018.236 13767.609
8423.135 11743.594
6296.656 13272.773
8287.172 13189.264
8629.666 12372.627
7996.111 13252.946
8612.202 13608.410
8291.211 13336.322
7887.728 13882.023
8008.123 11270.530
6161.209 11888.161
7633.364 13782.879
7949.724 12639.522
8686.091 11788.707
7097.391 11968.157
8450.436 13762.777
6700.920 13427.989
8423.648 11647.407
8383.152 13676.287
6264.466 13794.963
7212.416 13042.942
7851.353 13394.857
7161.046 12005.435
7187.205 13431.169
6419.119 13414.604
6448.004 12666.158
6580.341 11250.420
6112.244 12912.885
6221.464 12031.840
6439.857 12496.751
6474.142 12096.982
8141.482 12525.514
8698.974 11384.737
6903.697 11170.110
8455.744 12423.743
8585.671 13618.054
8227.153 13781.935
7205.170 13368.252
6995.611 13023.758
7616.136 11331.953
7479.123 11147.412
6812.030 11761.504
7134.547 11263.206
6256.127 12341.873
8607.058 13232.285
8158.905 12470.352
7549.408 13182.567
6175.685 11806.108
8456.680 11652.973
6116.191 12193.871
6896.483 13716.917
8043.443 11501.901
6668.408 12176.372
7386.338 11478.526
7215.319 12676.300
6513.443 11265.671
8779.877 11516.897
6761.313 13130.047
7385.717 13808.907
8538.800 12199.190
6831.006 12915.104
6163.955 13344.403
6775.462 11506.465
8626.218 11785.397
8884.248 13224.468
6793.867 12481.596
7154.826 12192.470
6132.572 11820.428
7173.919 13717.238
6517.460 11159.139
7614.858 11428.108
8685.342 12366.148
8125.124 11349.807
6299.288 12957.029
7091.083 13414.079
7072.493 11263.204
7033.578 11504.902
8249.225 13537.683
7096.473 13594.452
8093.335 11880.379
7365.859 13902.083
7439.192 11509.185
6971.632 11872.773
6844.364 13191.372
7943.678 12109.497
6661.395 12552.686
8420.962 13015.019
6360.191 13459.208
7415.044 13136.382
7558.373 12858.355
7496.188 12116.937
7038.614 12893.363
6749.205 12886.321
7301.922 13176.381
7942.572 13011.144
6845.683 12071.797
8580.423 13418.409
7390.401 13867.701
6209.733 11281.298
8803.948 11375.640
7555.360 11858.311
8663.272 13716.001
6137.008 11343.766
6346.639 13512.456
8200.060 12538.826
8260.214 11240.301
7404.840 13293.203
7607.466 11759.323
6836.862 11638.491
6318.943 13045.918
6944.190 13592.571
7941.373 13577.940
8726.879 11898.814
8474.961 12647.526
8167.803 11267.640
6955.245 13032.747
7477.171 12008.470
6910.826 12860.243
6639.193 12583.733
8070.558 11958.755
8103.879 12324.571
7986.518 13265.812
8655.678 12705.149
8737.148 12096.870
8518.392 12274.370
8398.386 12497.262
7188.710 13452.752
8333.428 13250.693
6719.148 13306.575
7637.797 12367.831
6807.523 13440.873
7418.846 13571.417
6844.404 11776.571
8366.527 13556.020
7734.985 12936.831
7552.508 13383.230
8447.939 12723.213
6333.210 11864.196
8882.486 13226.006
8039.065 11635.228
8263.120 12821.875
7581.295 11967.804
7875.623 11268.002
8855.856 11695.072
7314.737 11600.175
7537.608 11168.953
8230.620 11806.373
7459.726 12917.293
7721.612 13085.317
7319.337 11205.802
7593.725 12103.503
8577.007 12282.883
8862.319 12464.907
6294.626 12404.102
6681.139 12244.549
8528.347 13173.246
7596.091 12052.977
6781.029 13150.817
8549.199 13019.203
7248.568 13244.217
6536.387 11763.068
6464.685 12143.668
6131.952 11340.179
7207.481 11938.591
8420.910 12998.581
8162.919 12788.785
8337.019 12495.808
8649.035 11551.441
8417.963 12426.600
6173.285 11283.228
7205.160 12782.241
8137.188 12536.192
7615.003 11985.985
8532.050 13801.699
7744.457 13825.871
8707.206 12889.797
7293.168 13806.103
8608.276 12766.882
7244.002 13083.972
7504.629 13017.377
7901.029 12540.190
7078.210 11863.027
8510.403 13788.568
8756.375 12940.821
6963.890 11297.678
8102.557 13140.228
8453.594 12066.818
6587.133 12607.411
6357.428 12543.508
8626.081 12659.432
7411.118 13443.646
8452.185 13753.835
7416.982 12857.754
8702.026 12171.103
7482.730 11471.632
6379.597 12081.833
8371.908 12346.234
8655.073 11830.988
7612.461 13759.294
6362.064 12275.609
6609.785 11173.294
7340.689 13233.169
6523.598 13352.737
7154.774 13785.850
7059.965 11195.789
7468.952 12018.670
8160.790 11493.734
6684.080 13007.101
8719.661 13093.171
7667.676 12680.739
8084.680 11586.184
8828.206 13827.292
7174.674 11448.628
8805.880 13157.352
6418.300 11886.302
7083.478 13708.552
8358.264 12450.072
8335.060 11920.453
6905.755 11932.576
7574.331 11296.098
7437.788 11536.643
6329.357 13088.490
6973.080 13902.143
8543.686 11902.930
6958.971 11732.003
6500.808 11973.261
6329.052 12748.170
8031.402 13880.091
8253.832 13278.491
7799.216 12088.073
7425.239 13002.980
7550.446 11781.845
7022.746 11270.605
7279.779 13621.615
7553.988 11256.918
6262.359 11722.715
7366.090 12740.430
7106.544 13678.045
7953.666 11223.846
8877.157 11718.252
8680.617 13306.817
8807.008 13206.694
8793.629 13314.951
6576.139 12418.182
6975.183 13059.730
6344.956 11696.568
6308.042 13384.774
6994.245 13196.422
8496.343 12441.768
6981.305 11751.489
7195.141 13149.489
8515.247 11898.573
6653.916 11621.228
7483.448 12195.974
8056.827 11473.858
8066.969 11969.385
6299.165 13645.806
6127.661 12310.632
8018.678 11251.362
8682.591 11696.844
7744.417 11856.410
7947.501 11826.204
8172.569 11366.584
7214.235 12410.486
8677.009 11419.382
8787.809 13033.737
8407.978 13304.661
7000.253 11843.577
7528.674 13176.441
8261.357 12841.876
7082.527 12442.066
8824.288 13327.575
6563.510 11934.352
7272.688 12729.912
8782.102 13280.257
7840.152 12413.633
7996.441 12976.378
6400.869 11813.028
6406.957 12253.751
6176.509 11575.397
7459.245 13052.832
7549.492 11795.355
7832.800 13451.562
6209.916 12664.274
7167.609 12872.058
8676.258 13624.441
7928.755 11476.175
7576.118 12325.941
7635.665 12564.921
8282.146 11718.246
7717.221 13796.901
7265.155 13842.994
8665.497 13657.149
8307.591 11541.070
8460.394 11209.668
7769.187 12745.426
7266.546 13131.907
7348.447 13590.898
6863.177 11690.919
6891.062 12211.878
6919.250 11936.492
8871.407 11581.854
7910.758 11428.730
8188.526 13628.170
6496.491 13549.947
6266.443 12209.827
8870.563 13056.156
6663.859 13794.138
7520.154 12889.312
7938.322 13246.954
6138.766 11722.781
8502.743 13693.640
8342.173 11424.691
6369.380 13576.864
7858.794 11458.408
8753.217 11521.713
8599.429 13388.496
7111.179 13672.651
8442.826 12656.179
6371.635 12220.578
7244.050 12895.242
6548.965 11621.380
6952.874 13501.047
7794.739 11269.311
8006.942 12572.879
8662.643 13200.968
7942.995 11521.823
8868.597 11154.892
6989.730 12946.385
8091.051 12285.386
8376.969 12892.056
7953.899 12177.828
6626.533 12267.161
7286.821 11946.634
8265.344 11554.373
7213.677 12684.200
7128.179 12686.171
8024.191 12207.097
7711.242 13098.455
7862.967 13091.323
7932.829 13877.293
7154.560 13051.414
6832.832 13669.233
7364.283 11749.775
8670.814 13189.513
7390.858 13524.357
6702.490 12650.090
6811.823 13230.175
8732.730 13492.581
7860.291 11744.446
8416.287 13093.393
6739.869 12270.692
6523.760 11340.271
8321.370 12519.094
8482.654 13187.377
6123.085 13289.901
8691.232 12794.816
8551.563 12218.584
6734.907 12916.315
7184.448 12246.942
7925.064 12986.380
6281.557 13726.784
7687.866 12914.034
7092.399 11595.965
7937.804 13294.579
7506.208 11692.189
7870.915 12423.002
7189.720 13197.748
8411.851 12130.460
8420.815 12921.245
7275.745 11480.398
7224.059 13188.143
8114.058 13039.092
7151.521 11333.019
6925.713 12396.439
7193.411 12177.579
8496.594 11256.338
8166.089 13254.781
6285.578 13103.534
6999.934 11822.236
8344.171 13099.352
6393.504 13604.803
6904.726 11193.476
8482.585 12889.543
8533.435 12156.708
7064.096 13555.578
7109.650 12261.758
7166.800 11723.688
8307.047 11489.602
6828.302 13733.283
7258.220 11527.935
8749.312 13081.094
8836.407 12093.069
7602.258 11458.747
6401.909 11777.605
6894.009 11215.696
8182.070 11993.024
7148.175 11886.681
8449.452 13220.809
8330.531 13333.954
8281.935 12414.145
8277.115 13450.800
7779.161 12221.029
6748.942 12991.870
7286.145 13653.032
7198.101 12181.160
6152.980 13696.377
6638.935 13487.456
7823.302 12508.313
7628.027 11708.904
6111.289 11479.580
7787.474 13297.628
6471.088 12141.294
7541.601 12737.468
8008.794 13605.861
6342.137 11392.416
8397.449 12405.740
6462.803 12493.630
8333.774 11231.189
7658.197 12483.365
7424.140 13238.361
7477.128 11997.465
6715.370 12088.486
6499.713 11615.932
6388.159 13158.909
7276.783 13869.924
7361.234 11272.354
7895.166 13207.690
6581.012 13155.774
6276.568 12794.767
6587.731 11514.488
6639.680 12014.437
8700.312 13253.247
7593.933 11836.925
6559.814 13430.705
8000.184 13758.823
7619.136 13374.931
7572.099 12448.817
7082.325 11378.845
6884.222 12508.665
7765.902 11358.853
8471.447 11352.511
7090.622 13668.495
8285.795 13430.368
8675.987 11829.053
7790.929 11476.198
6851.150 12135.438
6571.187 11666.013
8059.993 12318.945
7755.959 11622.848
7756.069 12621.432
7416.056 12536.289
7525.545 13240.930
8448.578 13096.025
8582.061 12699.929
7002.666 13737.451
7166.328 13426.679
6897.932 11732.402
6231.558 11858.739
6193.332 11247.013
6309.113 12443.609
8000.545 13209.167
7832.898 13808.530
7821.199 11351.664
6458.313 12792.468
7026.548 13078.356
6788.551 12059.347
6958.098 13186.274
8545.111 12967.353
7329.559 13324.993
7041.014 13709.414
6742.432 13469.216
6554.036 12762.971
7411.091 12297.677
6610.883 11700.499
8213.462 11701.544
8432.210 13102.822
7874.651 12293.827
6216.994 13542.884
8887.118 13490.795
7444.047 13609.650
7475.975 13043.950
7343.840 13700.873
8587.116 13098.773
6812.754 12323.656
8328.667 13117.998
7552.752 13835.663
8585.124 13363.913
6546.708 11889.860
6448.946 11325.014
8029.910 13853.316
7566.163 11460.797
7866.487 13213.952
7898.878 13732.270
7066.802 12852.092
6909.699 13503.322
8743.729 12547.577
6166.234 11809.762
6974.843 13131.370
8060.919 13829.370
8265.642 12412.288
7081.426 12486.825
7106.235 12700.899
8410.941 13190.355
8029.972 13080.704
7301.583 12348.931
6762.927 12111.947
6838.497 11327.590
6194.938 12136.618
6159.977 12095.643
8376.736 12834.527
6462.316 12903.087
8060.165 12180.120
8583.453 12211.121
8462.482 12455.999
7143.011 13321.484
8366.551 12956.471
7945.462 12977.790
8701.525 11907.507
8831.719 13386.486
8502.204 11687.021
6346.607 11343.348
7226.290 11573.142
8392.574 11564.832
6465.615 13217.478
7411.132 11451.537
6174.656 11162.048
8356.017 11704.383
7507.133 12399.780
7069.951 13901.510
8833.858 13891.690
6288.922 12333.419
6443.694 12071.415
6465.960 11470.928
7212.438 13085.260
7898.256 12943.106
7094.184 11895.744
6946.921 13592.685
8616.538 13716.998
7490.807 12240.907
8312.870 13653.164
8604.457 13671.298
6969.258 13382.787
7269.012 13718.773
7069.485 12438.805
6604.049 11208.772
6659.275 13138.348
7184.034 12524.402
8175.143 13658.378
7362.084 13057.593
7963.522 12657.182
8507.868 13394.471
8042.715 13642.077
8390.932 11709.098
8491.770 13507.292
7834.183 12853.070
6632.258 11978.845
7528.026 11351.308
8832.970 11832.310
7061.967 13881.778
6192.449 13236.539
6605.728 11306.566
8672.796 11312.383
6502.749 13463.204
7059.487 13876.912
6597.903 12004.078
6192.735 11801.249
7562.659 13772.670
6624.061 13828.221
6183.470 13775.694
6831.713 11985.384
6389.791 12131.489
6629.422 13067.422
7864.702 13544.346
7279.177 12049.376
8214.516 12821.633
8739.279 12226.604
6960.003 11786.213
8274.612 11982.019
7023.960 12040.783
7872.432 11920.815
7110.605 13057.221
7700.133 12465.726
6629.818 11291.937
6388.167 12701.763
8056.337 11980.012
6733.343 11370.897
7729.449 13001.236
8204.902 11689.416
8463.783 12385.168
7377.537 13525.218
6498.897 11213.873
6666.488 12455.296
6916.281 13678.906
6143.711 12188.144
7206.039 11301.674
6473.726 12791.494
8810.807 12117.372
8305.035 12050.565
7279.335 11984.351
8394.349 13787.012
8175.805 11729.566
6598.068 12577.513
6983.351 11979.798
7367.397 12429.231
7616.951 12041.013
7680.395 12749.272
7948.728 11861.816
6975.776 11675.704
7310.229 13834.173
8783.748 13168.554
8584.537 11439.439
6404.138 13031.359
6203.983 12722.182
7041.498 11291.337
8212.183 12642.789
8711.968 13641.065
6572.895 12541.314
7794.619 13747.775
7137.107 11155.533
8186.231 13834.731
8285.652 12681.936
7956.455 11186.151
7578.740 12660.516
8690.163 13193.795
8860.477 12528.696
8378.891 13138.610
6280.266 11644.511
7703.523 13832.952
8844.130 12391.077
6917.591 13047.561
8268.858 12336.145
7346.709 12884.545
7756.408 13405.095
6267.560 11963.992
6655.352 13378.260
8851.521 12264.738
6245.639 11239.824
8554.785 11284.237
7829.778 11591.910
8885.978 12887.194
7227.907 12041.783
7478.404 11228.647
7998.942 13629.468
7767.662 13073.117
8195.554 12026.434
6190.821 12396.601
8297.746 11404.368
7159.956 12683.751
6167.422 13701.499
8079.381 12284.423
6645.964 13180.070
7356.702 13216.566
7002.909 12677.407
8848.351 13781.835
6928.813 11506.348
8477.938 12145.160
7754.955 12225.229
8004.184 11940.386
7857.204 12373.436
8487.856 13859.496
6858.685 12023.931
7998.546 11232.803
7338.336 11424.229
6211.021 11943.655
7892.957 13663.751
7787.264 12849.152
6797.653 12771.903
6497.119 11378.420
6397.303 13669.523
8349.056 12564.324
8225.495 12588.193
8457.977 13650.159
8522.050 12740.822
6897.105 12226.102
6372.894 11153.745
7523.308 11638.015
6598.218 11276.879
7343.518 13897.963
6847.727 13433.193
7963.711 12095.161
8027.771 12766.804
6274.470 13231.091
8632.043 11635.790
6363.066 13831.371
7764.321 13918.752
7556.010 12479.114
6444.988 12519.821
8870.743 12384.088
7325.622 13659.877
6500.403 13285.353
6252.178 11764.026
7916.716 13290.918
8273.713 12788.095
8759.480 12200.531
7596.824 11577.184
8812.879 12035.389
8580.451 12413.422
7775.539 13109.086
8818.009 11539.332
8477.134 12738.265
8740.051 13159.258
7543.475 11663.640
6915.822 13321.787
7124.297 11379.049
7077.663 13481.122
8283.940 11293.840
8483.460 12007.084
8140.798 12407.772
8330.155 11780.348
6937.613 12840.881
7018.394 11740.273
8296.315 11445.467
7404.364 12392.433
8157.898 12192.908
8434.009 12734.741
6388.231 13493.743
6601.525 12203.195
6211.108 11343.466
7680.211 11420.170
6974.272 13725.969
8188.679 12070.453
8694.910 13182.217
6121.188 11772.054
7965.606 11206.611
7796.035 11171.724
7469.476 13162.516
6488.356 11147.209
7309.121 11634.633
8161.012 12428.914
7755.796 13798.359
6744.562 12462.876
6467.389 13298.115
7293.465 11363.735
8456.512 12119.176
6856.934 13380.312
6383.686 11416.597
8150.464 11827.750
6882.920 12456.719
7255.154 11164.798
8350.979 13446.343
7228.098 13021.401
7202.341 13263.861
8110.093 12985.684
8353.844 12636.103
6559.503 11984.546
7029.154 13833.161
7665.554 12759.488
6191.675 12700.012
7525.833 13817.459
6835.793 12887.529
7219.656 13812.363
7514.315 12850.977
8660.391 13308.559
6522.031 13080.116
7223.539 13552.789
6250.915 13691.905
7885.418 13501.469
7627.814 13452.596
8340.707 12431.742
7827.179 13884.911
7085.975 13648.151
6325.183 13736.786
8446.827 11963.069
8497.041 12536.996
6789.029 11958.034
7922.325 13292.552
8362.177 11270.218
6687.256 13764.006
7857.558 12641.982
6649.452 12794.334
8001.349 11621.799
6971.782 12260.387
8800.096 11368.775
7450.338 11418.938
8042.451 11349.240
6927.214 13371.724
8619.303 12529.197
7427.682 12689.292
8109.084 11513.886
8584.144 13419.443
6177.454 11392.907
6923.397 11178.530
8405.303 12554.514
8667.775 12703.194
7070.258 12239.494
8614.136 11270.490
8004.202 11931.056
6203.953 11248.282
6354.975 11377.414
8463.350 12149.791
7610.094 12608.453
6500.991 13288.504
7921.594 13105.060
8509.829 13098.298
7823.617 11360.031
7266.735 13574.817
7953.418 12327.675
8217.313 11726.429
6192.349 11665.916
6836.064 13609.569
6150.899 12148.806
7729.393 12080.767
8119.472 11701.786
7194.744 12960.559
6651.380 13327.976
8414.663 11429.577
7711.072 11924.508
8489.059 13407.824
8414.689 11762.293
6331.102 11494.509
6778.267 11879.447
7890.890 12241.622
6972.997 12786.993
7594.839 13377.374
6195.642 13513.251
8625.879 11603.847
6461.388 11869.016
8277.731 12095.043
6266.999 13060.045
8310.917 12116.984
6373.130 13574.353
6170.644 12258.827
6760.746 12053.637
6544.285 13533.746
8634.014 13318.747
7501.546 13504.310
6812.672 11182.083
6128.705 13578.479
8848.808 13916.946
6911.594 12384.770
6140.282 12106.430
6637.564 13432.233
6954.140 13841.528
6471.273 11253.456
8049.741 11396.590
8524.900 13734.856
6256.052 13115.895
7806.583 13347.637
8404.406 13629.853
6887.487 12663.986
7661.710 12884.208
8185.656 12852.608
6238.312 11606.141
6644.979 11449.958
8218.919 11974.394
7175.016 13729.336
6208.052 12059.078
7633.797 13643.479
8364.550 13696.859
8144.931 12255.795
7930.501 12678.224
7354.344 13802.371
6628.805 13313.020
8081.216 11723.782
8547.998 13704.547
6122.907 13428.839
6482.334 13777.743
7468.631 12748.086
6765.493 12886.191
6285.532 11817.177
8044.242 13195.792
6554.959 12776.367
8153.663 12630.472
7896.895 12550.347
7712.430 12933.717
8242.090 11510.987
7125.879 13319.551
8449.216 13454.629
6433.409 13212.999
8768.807 12731.195
6658.014 11771.012
8309.887 12985.788
7865.588 13137.473
8412.678 13194.855
8855.629 11388.838
8203.239 13233.151
8561.229 11554.140
6614.276 13796.545
7080.357 11596.111
7567.927 13425.030
6960.581 12025.096
8862.369 11829.767
6136.790 13526.707
8061.251 12367.761
7762.845 11407.528
8748.776 12721.354
7728.022 13912.049
6896.489 11425.424
6113.768 13209.942
7468.261 12470.686
7420.154 13917.183
8135.854 13351.848
7608.292 13695.606
6166.789 12468.568
8692.886 13139.017
6304.609 12778.769
6400.280 13722.666
8160.241 12152.399
6900.430 11988.439
8425.031 13166.639
6535.314 12152.442
8263.866 12603.374
7941.475 11712.295
7849.607 11376.605
7140.760 12763.449
6362.677 13295.727
7096.713 11179.049
7264.283 12541.143
6874.274 13189.912
8567.038 11548.228
6255.713 12247.671
6500.008 11552.590
6289.693 13262.924
6891.509 11669.250
7643.044 12883.258
6130.510 13165.001
6883.599 13029.032
7979.958 12875.148
7215.367 11459.077
8144.606 13659.154
7602.462 11735.174
7647.514 13004.350
6834.536 13475.456
8091.745 11222.570
6811.044 13911.825
8114.322 12218.114
8863.899 12980.573
7714.126 13650.970
7557.671 12436.936
7737.011 12340.909
7098.338 12631.378
8023.076 11302.135
8012.420 12862.235
7145.153 11591.268
7281.157 13172.740
7855.417 11179.085
6961.817 12822.949
6171.649 13356.560
6611.228 13137.565
6983.630 11628.023
6884.494 12046.681
7435.125 11155.821
6760.097 12271.564
8416.884 13805.633
6291.606 12048.394
6972.416 13344.587
8514.101 12125.041
7135.156 13164.259
6686.309 13612.529
6537.868 13071.918
6895.310 12473.058
7891.688 12642.327
6725.198 13831.387
7181.786 11995.993
6276.704 13423.598
7599.761 12948.498
8258.673 11930.432
6368.486 13530.942
6478.289 13448.090
6463.640 13139.276
8340.237 12893.564
6521.855 13089.095
8505.351 12982.285
7863.601 11155.760
8150.911 11911.931
7011.491 13278.032
8765.759 11365.973
7279.672 11822.354
8232.445 11401.966
8254.661 12616.316
8513.544 11354.905
6552.007 12365.854
8149.952 13764.705
6231.696 13022.203
8058.281 13878.899
7169.289 12362.838
7644.365 11922.523
6690.329 11867.661
7960.138 12515.366
7394.012 13072.946
7323.015 12252.310
7886.195 12306.984
7111.943 12741.447
8692.166 11353.388
7561.275 13240.781
8480.162 11786.533
8400.739 11520.586
8457.510 12308.357
6602.588 13202.064
7196.648 13285.515
7541.591 13114.205
6338.166 11146.367
6966.710 12306.860
7655.816 13217.191
6200.950 13593.797
7631.575 11484.703
6587.416 13468.467
8086.591 11390.675
6135.131 11364.948
6251.311 13135.239
7704.977 12826.402
6627.239 12354.889
8203.230 12563.168
8516.100 13705.604
6173.873 11474.022
7615.453 12251.832
6233.239 11756.867
8023.107 11537.258
7939.914 13385.965
6888.401 12139.056
7575.558 13038.411
7043.977 11371.357
8882.004 11418.723
8738.475 13061.852
6547.790 12030.654
7905.667 12463.360
8841.001 12752.994
6169.744 13695.120
7837.442 12555.893
7145.594 11351.503
7893.642 11413.974
6474.626 12110.907
6670.679 13071.094
8302.089 13209.066
6822.158 12942.730
6389.755 12177.902
7111.845 11675.345
7405.014 12673.349
7580.846 13334.962
6954.891 12796.629
7794.750 13814.680
7493.854 11578.482
6244.945 13419.916
8624.315 11417.107
7537.531 11927.037
6333.139 11452.247
6447.441 11684.384
7111.914 12738.615
6327.632 11663.897
7759.429 13630.169
7606.183 13317.820
6602.162 13793.157
6540.014 13870.814
6959.123 13277.588
8199.775 11238.227
7363.401 13473.363
8339.751 12147.047
7113.279 11156.549
8199.770 11386.384
8783.279 13303.986
6558.297 13557.099
8471.676 12177.525
8155.842 13171.643
7741.319 11943.882
7198.574 13318.059
7351.303 12504.351
6785.586 13909.805
7762.830 13048.288
8734.060 12201.829
7737.704 12528.099
8426.955 13352.043
8030.670 12776.550
6385.902 11588.026
7213.284 11566.241
8146.007 11522.566
8340.028 12192.090
7557.522 11227.883
8204.877 11509.323
7059.208 12973.082
8204.875 12835.279
7650.255 12633.481
8275.395 13595.912
8673.005 12062.790
6878.175 11270.838
7268.685 13517.894
6946.134 12344.829
8470.259 11950.260
7868.353 12047.045
6636.928 11620.199
6331.082 13077.511
6246.181 13418.209
7251.699 11494.463
7546.584 12866.813
6115.113 13337.994
7963.758 11816.344
6951.800 11431.102
7668.217 11390.265
8837.341 13808.988
6665.761 13421.217
7061.453 13323.574
8257.514 11510.384
7817.274 12795.537
6951.179 11728.928
8548.681 11952.021
6535.894 11220.706
7591.962 13462.948
8570.024 11313.001
8296.762 11408.854
7913.556 12003.583
8124.146 11504.550
6119.242 12189.563
6357.151 13437.386
6840.220 13718.231
6750.464 12312.744
6193.349 11441.903
8324.082 13116.907
8663.038 11158.518
8635.892 11171.797
8048.330 12244.660
7802.241 13833.336
8449.606 12730.020
8157.427 13105.964
8551.254 12823.685
7618.755 11462.392
7261.375 11453.489
8111.739 12723.122
6461.022 13069.926
7272.303 12131.194
8240.589 12139.590
8361.177 11848.948
8275.574 13283.610
7188.205 12874.985
7802.950 12985.259
8393.184 13853.583
6422.641 13606.388
8767.383 11729.135
6438.219 12154.680
8305.223 13210.387
6215.934 12552.268
6124.130 12396.994
8279.080 12548.482
8784.527 11447.593
8115.503 13216.615
6274.700 12128.393
8402.324 13303.640
7131.298 12908.006
8181.060 11315.117
8682.673 13281.115
6466.710 12215.702
6227.492 13527.666
7240.639 13909.903
8881.219 11902.076
7602.681 13556.439
7054.456 12987.934
6355.574 12842.657
6131.458 11723.018
7531.134 12187.661
7764.389 13889.094
7284.365 11610.257
6394.029 11869.934
7742.606 11790.495
7592.575 13002.223
8792.432 11677.375
8288.788 13848.434
6469.295 11861.746
7755.578 12221.586
7186.953 11631.125
6969.675 11999.291
7825.168 12494.382
8144.572 12528.455
7575.536 13839.525
6921.212 13814.484
8620.535 11908.364
8715.494 11831.082
7836.317 12807.312
7135.036 12086.897
6511.499 12392.163
7028.566 11964.520
7832.517 13066.724
8299.693 12851.636
7805.010 13040.167
7047.915 13305.124
7183.295 12703.875
6355.119 12318.519
8579.242 11917.497
7609.806 11610.340
6533.975 13617.171
8682.821 13851.741
7410.464 13108.853
6423.410 13660.602
6183.711 11968.710
8428.975 12393.181
8558.800 12907.354
6999.825 11522.639
6943.399 13019.405
7780.105 13004.012
6514.116 12736.228
7719.450 13647.360
8420.438 11651.232
6951.168 12950.963
8299.357 13093.393
6136.707 11585.716
6511.096 12271.475
7551.288 12726.175
8551.848 13361.225
7451.039 13080.865
8565.862 11528.005
7736.182 12550.964
8431.086 13533.226
7355.862 12549.815
7734.480 11779.261
6340.204 12764.737
8043.657 11156.127
6539.427 11768.386
8152.501 13224.746
7828.629 12849.482
7902.311 11324.747
8075.973 12769.196
8205.955 12475.260
6739.947 12570.458
7816.965 12220.015
8252.439 12213.262
7047.628 12564.498
7331.942 11212.677
8461.500 11184.197
8845.549 13806.871
6712.753 12635.230
7731.825 12653.363
8322.766 12894.925
7119.133 13565.947
7917.899 12645.784
8745.117 11414.512
7470.058 12749.034
8156.991 13841.923
6149.632 11975.265
7256.185 13087.776
7570.809 13438.050
7245.985 11217.373
6430.449 12971.881
6373.218 13517.724
8400.791 13642.553
7658.945 12672.708
8531.749 12575.234
8799.542 13492.321
6845.143 11689.897
6359.346 12042.311
6863.771 11151.230
8263.381 12538.776
7303.517 11760.666
7810.199 11790.789
7736.830 13111.925
7224.128 11159.393
7075.713 13141.843
6603.891 12842.322
6996.264 12904.766
6607.761 12789.312
6416.384 12599.751
8472.394 12272.748
6799.400 13396.412
8485.985 13564.713
6986.260 12380.319
6385.644 13856.653
8056.353 11560.932
8160.524 13273.065
8421.032 11847.934
6783.731 11276.077
7911.039 13574.968
7893.755 11279.220
8412.544 12103.572
8051.682 13330.487
6374.542 12986.307
7123.663 13545.853
6515.764 13711.707
7554.388 12516.108
8862.695 12326.553
6222.656 11964.545
8864.528 12232.934
8216.843 11635.087
7161.098 13003.371
6147.674 13858.105
8640.514 13320.997
6381.985 11163.154
8467.344 13488.744
7270.161 12081.825
6289.044 13621.601
7129.401 13019.692
6332.412 12800.450
6643.992 12078.745
8343.404 11904.696
6615.909 11593.004
7042.161 12430.087
6606.291 12008.250
8563.022 12373.947
8794.342 13282.624
7851.786 12605.831
8129.854 11958.032
6708.913 12886.489
8749.963 13176.822
8831.456 13458.589
8429.217 12869.292
7342.943 13725.092
8131.051 11332.288
6364.707 11639.114
6212.130 13422.754
6758.083 13047.538
7618.981 13406.188
6179.236 12173.770
6870.664 12185.009
6167.825 12744.537
7240.525 12338.860
6392.726 11187.008
7464.968 12492.214
7774.290 11400.641
7765.295 13431.765
7802.697 11819.719
7696.804 11950.272
6712.769 11480.502
6588.731 13129.601
8581.259 13165.875
6689.033 13521.560
8698.491 13315.414
7662.158 11961.442
6607.867 12374.136
8052.715 13222.784
8259.939 12732.081
6558.744 13390.322
6201.088 13586.566
6888.875 12893.500
8252.599 13287.024
6569.771 11501.357
6415.217 12783.001
7379.282 11273.518
7594.375 12651.462
6242.366 13256.462
6480.713 11673.378
6261.504 11976.180
6425.167 13020.383
6505.986 13345.791
7338.984 11213.386
8132.449 11667.966
7684.821 11588.083
7954.314 13285.191
8318.677 12113.637
8374.736 12374.164
7483.507 12246.048
7311.832 12443.708
6131.689 12856.876
8434.438 12599.993
6557.836 11710.993
8307.020 13859.594
7385.869 11961.415
7123.598 13716.493
8149.689 12077.397
7218.926 13873.103
7207.671 12942.856
7340.618 11956.952
8008.953 11564.394
8028.631 12239.238
7098.277 12258.919
7781.464 12424.279
8594.656 13318.908
7581.705 13522.694
7043.642 11400.512
6852.315 13681.061
6847.387 13576.216
7096.332 12219.775
7977.800 13395.401
8141.785 13593.382
7361.132 11769.505
7595.623 11781.471
8546.299 12433.619
7334.468 12491.639
7940.018 12839.257
8567.320 13538.578
7313.009 13531.928
8685.540 11914.788
7320.004 12569.755
7886.917 11501.143
7695.460 11836.327
8753.440 12553.631
6763.405 13832.468
6554.295 12739.624
7862.558 11939.998
8810.742 12612.419
7590.467 11742.919
7065.541 12881.080
8670.156 13124.752
7846.626 12635.427
8240.339 11940.489
6400.748 13397.137
8522.168 11347.450
8446.324 13014.433
7881.860 11757.162
8625.695 13072.936
7674.850 13722.855
7188.999 11365.428
8481.147 12394.806
8047.893 12816.914
7445.234 13839.705
8698.166 13724.081
6675.213 12295.453
7460.557 11674.058
8831.091 13106.993
6392.651 13890.404
6281.303 13152.603
7710.925 12951.876
8373.839 11779.836
7258.945 11606.498
8285.175 11214.909
6416.796 12135.446
7001.512 13479.465
7409.551 12507.871
8072.022 13102.971
7179.205 13011.325
7654.686 11495.665
8156.484 12013.636
7848.894 13512.485
6521.075 11998.550
7206.910 11173.877
8396.411 13393.694
7332.056 13172.772
8574.780 12645.017
6853.975 13460.957
6893.523 13455.680
8253.152 12139.751
7243.928 13425.742
6554.604 11775.391
6980.133 13592.787
7774.148 13910.308
6389.737 12904.185
7201.305 13757.451
7464.975 13833.311
8273.866 13827.057
6653.379 11210.480
8023.993 13814.450
8531.091 12486.938
7646.545 13778.161
8838.171 13349.574
8520.140 12189.563
8016.173 12329.865
6926.245 13792.184
6839.027 12089.827
7952.752 13599.750
6503.795 13516.434
8408.003 13326.247
7004.058 13492.553
7930.892 13737.912
7616.900 11561.801
7290.072 13138.125
8605.256 12305.179
7337.725 12063.327
8134.639 11946.233
8765.507 12760.737
8782.550 13180.769
7688.728 12314.025
8680.949 13885.985
6473.908 12403.742
6303.435 13620.128
8544.047 13204.543
7339.674 11647.159
7431.066 11978.372
6174.220 11213.155
6591.405 13403.637
8778.407 12346.030
8527.471 13090.294
6818.444 13318.770
7268.285 13283.855
8214.532 13310.091
6621.287 12757.076
6230.291 13248.533
8142.122 11214.673
6602.420 12856.558
8664.532 12952.917
6282.553 13028.806
7135.148 12477.859
8631.414 12140.522
8208.581 11381.850
7171.933 11487.961
6984.777 11320.354
6312.465 12470.381
6502.385 13683.816
6461.508 11565.600
7966.709 11923.512
7700.525 12779.311
6373.857 13426.743
8102.913 13564.759
8347.034 13166.945
7295.303 12056.539
6675.640 13483.849
8344.399 11566.851
7042.724 12986.305
8801.780 13317.330
7530.362 11341.684
6313.828 12772.829
8076.166 12195.105
6238.101 12708.451
6685.933 12499.606
8006.763 11877.675
8699.823 12595.502
6574.060 12171.220
7311.541 12098.048
8346.581 13450.143
7261.802 12860.472
8527.565 11597.501
7199.588 12972.021
8852.916 11844.522
6503.645 11437.178
7302.459 13447.173
7455.660 12826.237
8727.137 13779.364
7352.056 11974.139
6753.704 12974.756
6253.554 12009.119
7421.542 13834.286
8258.315 13629.566
7235.997 12157.213
7316.298 12566.910
6563.195 13909.655
6876.333 11639.626
8582.739 12953.651
6120.170 13858.553
8527.395 13327.418
7122.233 12983.689
7065.596 13445.981
7209.433 12411.070
8809.512 12509.478
6396.979 12718.049
7034.256 12331.117
7435.182 12893.989
6275.474 13162.608
6856.576 12798.761
8766.901 13883.170
8361.016 11925.200
7259.110 13885.351
7547.069 13803.249
7755.892 11809.539
6588.919 13136.024
7628.908 11555.487
6944.046 12831.014
7325.500 12726.712
8446.297 12308.498
8191.633 13247.817
8336.519 12307.559
7478.588 13862.182
6112.651 12042.124
6471.657 13471.078
8142.424 12120.743
6701.214 12660.990
8442.789 13920.202
6237.008 12309.256
7588.974 12500.395
7488.686 13543.344
7676.242 13692.234
7684.806 12778.084
7511.017 11411.790
6469.103 13485.673
7062.239 13756.248
6863.614 12098.352
6472.701 13286.906
8732.797 12728.510
8314.052 11219.706
6560.688 12505.916
8202.340 13452.555
8177.002 13748.556
7179.127 12110.616
7762.017 12449.533
6904.649 12471.643
6662.160 11428.608
6775.128 13094.626
7513.658 13594.362
7869.174 11500.012
6423.713 13578.791
8324.330 11827.248
7575.190 13416.592
7027.461 13847.293
8499.989 13222.607
8611.350 11554.592
7823.069 13071.491
6511.111 13367.796
8783.758 13241.094
7399.592 13099.849
6840.161 13861.456
6866.349 12156.005
6662.959 12546.842
7397.305 13270.635
8322.830 13124.535
8330.720 12936.833
6135.276 13813.337
8313.551 11511.890
8217.631 13507.879
8134.587 11457.497
7308.206 11319.753
7075.163 11867.954
7507.202 13361.285
8194.867 13916.117
8798.459 13895.077
6356.470 13491.706
6837.956 11144.304
7394.249 13360.511
8102.455 13400.895
6640.597 13576.142
8511.484 13304.613
6277.927 12140.641
8752.587 12228.400
7824.360 11165.582
7730.114 12636.947
6308.782 13174.650
7723.632 11377.115
7014.383 13815.858
8810.331 12871.814
7967.308 11295.250
6913.423 13508.505
7297.045 13134.343
7399.956 12132.516
8473.781 11270.814
7477.490 12809.651
6541.369 12618.349
7152.627 11184.713
7749.380 12567.186
7632.349 12499.154
7275.360 11521.520
6621.630 11928.915
6419.828 13569.463
7178.411 12707.873
8811.170 11263.694
8870.696 12100.178
8716.150 11462.405
7495.221 12936.289
8292.941 13099.486
7530.406 13301.395
8382.496 13617.772
7933.336 12348.524
7860.815 11455.111
8603.117 11165.386
8038.395 13568.468
8595.871 13240.947
8639.925 12357.136
8017.263 11768.075
6836.255 12441.991
6938.988 12945.491
6167.223 12226.173
6851.939 12624.165
6367.534 11505.681
8646.928 13757.474
8584.679 11867.831
8479.227 12794.400
7217.913 11836.620
6570.741 13103.051
6322.823 13535.219
7360.164 11434.581
6482.672 13815.672
7980.715 11316.804
6667.628 12285.435
8398.110 12352.217
7533.407 13872.788
8391.219 13214.171
8282.873 11296.903
7063.083 12353.026
7365.581 11638.402
8442.353 12789.223
6895.737 13811.345
6357.593 13446.957
6686.030 11318.343
8057.641 13866.553
8211.604 12469.396
7755.887 12413.838
7874.144 12354.476
7996.290 11380.236
6522.522 13279.313
7798.366 11635.174
6903.248 13586.235
6190.971 11548.823
8557.588 13595.081
7457.549 11889.621
7878.504 11931.957
8461.917 12103.320
6755.370 12528.594
8102.981 11508.163
8264.521 12884.962
6676.323 11778.317
6202.952 11838.277
7992.158 13268.525
8574.649 11695.408
6350.679 12150.344
8548.136 11962.275
7319.292 12669.897
8032.068 13464.388
8878.242 11571.361
8644.502 12894.385
8011.392 13329.774
7729.292 12327.957
7653.338 12715.407
7850.860 11220.202
8821.146 11656.179
8109.333 11977.337
6456.893 13384.616
8475.988 12315.944
6559.674 11280.119
8435.085 12769.183
6407.461 11782.850
6766.163 12651.947
7236.184 13385.709
7299.220 11353.216
7114.542 12135.163
8867.505 12539.893
6898.267 13084.404
8217.226 12790.488
7759.518 11880.003
6183.972 13072.222
7107.750 13373.468
7927.162 12005.996
7973.267 13896.457
6983.290 13089.481
6528.272 13259.808
6451.566 13522.548
8125.584 11492.023
7251.638 12450.581
6503.702 11667.967
7293.825 13291.137
6725.228 12224.526
6706.673 12021.852
8058.059 13575.346
6343.602 13050.074
7168.148 11257.405
6452.892 12070.776
7208.669 12872.763
8098.372 12367.544
6404.646 12971.718
6271.687 11639.837
6633.882 13683.676
7956.646 13481.957
6142.269 12431.903
6421.553 11696.334
7330.081 13082.536
7580.798 13249.901
8179.314 11281.185
7881.866 11831.404
6934.255 12897.954
7366.404 11313.366
6871.014 11337.990
7384.104 13642.477
7663.603 13463.246
7763.971 12736.049
7773.005 11193.778
8461.633 11688.000
8878.730 12084.961
8710.298 12262.584
8860.674 13906.486
6557.271 12987.931
7914.683 12794.626
7521.828 12099.505
8023.424 11962.018
7724.584 13629.224
6145.508 11507.100
6271.071 13681.026
8703.543 11480.576
6912.436 13812.077
7381.277 12010.334
7029.533 13339.297
6881.831 13534.444
6354.272 13139.049
7532.813 12228.991
8370.633 11856.112
6434.741 13638.011
6753.542 12077.648
7399.431 12274.753
8613.815 11594.032
7312.585 12466.256
7710.651 13703.769
7379.829 12851.063
6190.225 12862.012
6164.626 13297.718
7813.348 12184.074
7148.249 11194.325
8323.317 11233.241
7108.972 11721.647
6162.380 13445.257
8708.491 12192.635
7916.938 11754.232
8506.173 13802.856
8648.291 11931.726
6967.272 13437.659
7830.534 12179.286
6151.502 11345.721
7816.408 11464.885
8400.778 11760.292
7634.194 13444.402
8623.812 11819.428
6127.652 13375.249
7215.334 11494.827
7251.745 11336.151
6502.867 13762.584
6308.238 12858.034
6203.030 13511.442
8461.612 12821.388
8721.300 12980.906
7369.701 13624.151
7951.013 12741.075
6477.544 13617.979
8367.780 11561.986
6527.317 13489.626
6851.474 12160.938
6240.040 13921.757
8142.773 11200.131
7317.671 12033.295
8888.680 12159.213
7292.899 11842.184
8007.604 13123.695
7521.719 11155.237
7094.508 11408.981
7603.300 13638.021
6124.780 12847.741
7653.222 13258.923
7763.847 12123.359
8423.907 13808.036
8092.883 12567.610
6153.343 11976.608
6112.843 11836.108
6478.260 11573.213
7676.794 13687.347
8780.230 12085.645
6874.440 13458.634
7016.804 13560.620
6387.204 13008.654
7095.275 13791.157
8690.399 13378.287
6415.807 12731.213
6849.165 13798.242
8370.319 12511.541
8220.222 12153.688
8823.889 11666.168
7013.688 12523.036
6499.181 13862.488
7216.004 13802.370
8793.860 12308.956
8419.101 13381.755
8332.057 11713.313
6731.729 11958.178
7384.888 13320.819
6611.155 13737.573
6350.581 11383.843
8410.055 13659.724
7339.002 13203.459
8338.696 12726.266
7624.230 13500.239
7636.785 13778.266
6145.211 12275.167
7372.046 12149.754
8271.840 12442.067
8573.575 13585.179
8319.138 11282.286
8651.837 11624.492
8049.000 13549.074
7690.713 11492.836
8380.645 12923.667
7711.446 13607.002
6549.149 11635.996
6342.677 13898.901
7071.069 11659.398
7001.901 11164.547
6757.945 13426.072
7407.535 12991.999
8535.502 12688.514
6160.286 11671.009
7927.308 12213.054
6141.339 13210.210
6929.335 11563.659
8659.386 11418.436
6993.533 11263.058
8297.189 12490.537
6684.152 12553.126
7449.761 13362.426
8884.350 11775.715
8068.084 11805.839
8494.734 13195.661
7616.359 12356.849
7029.226 12855.586
8839.346 12279.608
7620.471 11264.179
6272.277 13346.818
6953.593 13479.047
6115.039 11427.385
8221.662 12053.492
6321.566 12785.319
7747.734 13384.490
7216.051 12596.379
6702.645 11165.526
8522.213 11766.695
7358.068 13272.233
6775.294 13198.320
7936.746 13916.561
7273.462 12027.494
7497.273 11249.594
6671.799 12626.316
7993.108 11946.885
7008.386 11266.447
7976.580 13471.923
7149.917 11867.245
6973.368 11478.709
7716.699 12485.226
6407.739 11151.844
7486.618 11914.557
8707.067 11825.017
6408.809 12112.124
6350.898 12002.035
6525.733 12321.190
8882.294 12210.138
7930.852 11549.248
7070.015 12009.207
8232.606 12657.615
7614.791 11812.103
6234.368 12109.626
8226.433 12484.597
6959.727 12026.256
6891.253 13293.469
6748.685 13262.412
8635.491 13202.501
7045.735 13185.659
8565.431 11713.210
8016.106 12275.736
8073.468 13135.900
8870.285 12954.264
8138.382 13448.854
8136.045 11737.283
8318.763 13383.359
7127.698 13820.723
8746.579 11523.715
6577.841 11589.326
8324.155 12059.914
8244.730 13230.115
8375.711 11560.998
8666.611 12843.141
6766.458 12420.893
8150.688 11644.747
7435.600 12468.643
7171.353 12651.327
7973.682 12431.549
7055.638 11795.639
7238.598 13315.392
6846.469 13131.568
7370.614 12458.374
7156.420 12396.912
7404.691 12848.699
7830.991 12567.832
8232.219 11762.786
6833.928 13486.450
7725.645 12794.525
8431.500 11432.562
8113.951 12733.122
6296.731 13612.632
6444.971 11928.627
8072.870 12314.182
6879.982 12163.311
8696.990 13161.912
8314.645 13378.361
6257.060 12016.371
6263.679 11864.547
7372.059 12673.420
6340.678 13463.814
8432.981 11429.754
7905.294 12633.503
7541.244 12335.825
7366.420 12359.134
8422.597 13773.464
7281.006 12028.666
6622.043 13402.230
8113.417 13394.196
7995.822 11389.150
7645.592 13296.004
7504.589 12550.912
7793.824 11677.351
6700.139 12950.183
6722.900 11601.910
8218.247 11423.191
8602.661 13407.582
7952.636 12196.406
8038.350 13900.841
8263.868 12377.025
8878.279 11734.598
8199.585 12156.261
8209.721 12425.159
8760.919 12815.463
7357.623 13089.020
8200.403 12212.126
6902.962 13335.645
8773.917 12057.049
8666.528 11359.995
6258.411 11626.576
7988.991 13667.319
6642.194 13566.072
6736.373 11568.980
6431.103 12448.439
8395.888 13674.430
7047.270 11715.513
7519.515 13237.817
7068.322 13796.532
6937.840 11547.512
7259.877 12853.692
7545.092 13174.953
7805.547 12553.057
6511.312 12797.956
8078.841 13797.382
8639.464 11984.719
8308.736 13020.640
6370.020 13880.350
7084.728 12185.997
8216.897 13261.271
7653.554 13050.271
7952.224 12581.035
6542.360 11784.745
6545.333 11322.972
7272.067 12300.211
7509.960 12968.805
7762.718 13810.997
6736.530 12299.585
7698.265 11273.973
6678.094 13506.998
7315.762 13436.822
6312.383 13427.344
6614.740 13846.917
6702.611 11194.494
8298.219 13255.604
7418.351 12056.422
6508.537 12543.589
6654.991 12155.122
7546.159 12206.164
7795.111 12457.727
6945.688 11424.978
7537.564 11235.232
8482.879 12122.445
8285.125 12809.909
6682.555 12920.729
8051.653 12048.403
7138.421 12861.371
8106.130 11828.828
6883.473 11423.137
8310.395 12581.694
8519.098 12453.417
6562.383 13564.647
7164.190 11228.083
7697.326 11467.857
7397.600 12591.434
6849.915 11590.584
8554.146 12235.718
6552.693 11736.986
7603.411 12796.173
7650.378 11563.138
6910.303 13548.912
7864.103 11288.309
6136.501 11420.108
6648.203 13503.330
7416.023 12524.790
7600.506 12646.666
6945.819 12860.855
8195.827 13357.959
6529.127 11234.343
6574.241 12949.126
8707.518 13382.203
7684.816 12207.099
7434.166 13477.690
8399.265 12011.061
7097.084 12432.976
6512.839 11655.063
8735.139 11551.381
7267.634 12605.459
7392.029 12870.202
7503.881 12967.374
6566.066 12987.403
7151.437 13011.782
7150.047 13096.175
7503.452 11330.036
8783.469 12898.398
6176.411 11685.751
6747.488 12963.883
7941.972 13448.185
8531.688 12618.185
6981.981 13132.836
8824.098 12543.703
8483.050 11227.350
7215.511 13792.906
6633.279 11302.026
7369.499 11550.282
7558.241 11282.780
7165.070 12611.701
6929.834 13015.464
7317.052 11187.370
7305.857 13602.970
7302.767 12323.522
7222.965 13045.678
8764.492 13293.395
7043.228 13013.832
6680.645 11624.352
7596.703 12994.129
7647.010 13169.102
8590.034 11212.305
7734.041 11373.022
8059.336 13125.050
7478.836 11843.211
8853.033 11656.330
8758.931 12609.092
7794.039 12956.191
8798.442 12361.005
7481.725 11499.382
6467.042 11915.946
8005.921 13621.738
6951.598 13133.177
7912.936 12604.902
8796.137 11726.576
6254.553 12195.551
6130.418 13308.815
7151.177 12759.092
6231.202 12780.296
8411.167 12830.554
8437.459 12964.249
8464.337 13824.994
8003.179 11533.663
8557.053 11852.646
6231.901 13311.867
7825.608 13507.745
7354.373 12380.528
7843.922 13853.446
8838.681 11178.148
7194.517 12814.747
6184.155 13222.044
8113.895 11793.804
6880.037 12142.975
6176.415 12194.131
8037.323 12374.009
6372.355 13847.675
8481.679 13052.356
8579.784 12041.900
6181.023 13597.748
7541.902 13066.316
7183.441 11289.577
6799.364 13891.981
8349.790 12157.744
6905.991 12259.508
7708.641 13505.607
7305.264 13522.697
7490.640 12864.217
7718.831 13050.830
6257.769 11235.607
8818.732 12676.724
7261.060 11650.376
7948.407 13268.989
7914.612 12666.641
6910.530 13095.277
6723.981 13844.481
7749.584 12789.294
7514.168 11879.335
7092.343 11270.857
8333.793 13379.351
7329.939 11475.786
6612.361 12355.895
8645.373 12020.976
7594.446 11933.407
6307.982 13626.170
6924.138 12847.491
8707.889 13058.374
8515.044 13818.333
7839.533 11375.263
8180.537 11872.326
6930.457 11822.034
6892.118 12518.393
7651.361 13213.088
6354.865 12932.167
8232.821 11600.461
6385.657 11817.754
8313.659 12060.482
8172.284 12437.209
8731.764 12599.177
7662.785 12578.211
7426.621 11712.364
7608.834 12594.633
7153.734 11429.766
8133.171 13270.563
6428.173 12209.964
8232.582 12678.755
6399.900 11643.117
8813.386 13447.791
6880.911 13002.412
8082.385 11178.118
6562.041 11172.444
7668.435 12455.874
7718.955 11530.438
7624.188 11467.476
7193.773 13901.648
8335.337 11545.950
8267.102 13430.535
6377.887 11940.321
6815.611 12284.211
6169.219 11547.172
8245.142 12611.746
6199.986 11876.976
8220.445 11562.091
7385.967 11835.270
8141.035 13674.793
8649.302 13126.642
7544.551 13337.698
7790.959 11443.120
7503.890 11385.523
7663.191 12721.972
8121.768 13613.075
7243.350 13742.945
7541.808 11728.889
6617.878 11772.205
6811.126 13069.588
6395.132 12319.448
6515.086 11736.212
6788.979 13133.280
7511.140 13838.271
8647.637 12111.567
8415.332 11835.215
7646.543 12068.654
6242.320 13776.052
6913.530 12955.031
7189.145 11354.270
7246.248 12656.858
8244.982 12300.794
8720.495 12397.377
7182.339 11484.906
6454.760 13071.302
8076.389 12658.566
7985.601 11404.203
6454.099 12144.325
6658.510 12506.595
7690.364 13741.103
8101.142 12078.046
6303.238 11618.539
7842.979 11975.591
6894.770 12903.389
6425.979 11200.171
8208.828 13485.403
7503.048 13294.275
7690.279 11955.246
6859.011 12637.228
6953.809 12529.431
6810.452 12702.709
6911.654 12228.255
7771.877 11947.067
8652.337 11779.638
7694.653 12250.988
8613.428 11940.908
8821.661 12207.741
7771.258 11185.318
7956.891 12471.324
8851.350 12660.157
7210.231 11776.724
6828.905 12432.430
8633.888 13740.142
6482.975 12002.278
7243.652 11487.793
6340.033 12861.724
7413.051 13792.387
7472.158 11603.331
8411.737 12734.730
8101.615 12692.874
6147.314 13015.909
7303.376 13012.498
7549.213 11608.084
6728.151 13012.699
8562.890 12205.920
7108.956 11482.781
6751.745 12238.215
7859.971 13642.670
7140.293 12101.391
6146.417 12913.710
7738.003 11575.626
8136.424 12234.926
6490.806 12295.566
7975.846 13582.043
7180.319 13458.774
6511.832 12985.555
8232.064 11878.670
8363.054 13286.873
8422.180 13123.292
8387.911 13279.310
7242.601 11672.925
6494.228 11888.284
6807.779 13821.560
8227.732 13562.839
7266.707 13617.386
8607.856 12490.768
7258.509 12551.049
8513.877 13446.567
8421.099 11173.936
6749.628 13689.568
6536.895 12043.096
8174.314 12793.355
7913.845 11703.798
6613.288 12433.183
7638.959 12685.982
6492.944 12805.395
6391.723 13267.426
7773.338 11400.591
8030.249 12869.018
6927.763 11808.192
8060.446 12804.250
8293.285 13147.833
8293.363 12188.096
6180.398 13198.591
8821.312 11980.158
7314.950 12184.305
8846.640 12479.229
6307.914 12373.875
8193.464 12692.222
7302.087 11926.457
6579.152 13641.880
8107.368 11498.633
6402.409 11842.391
7136.510 12689.190
7191.839 12407.824
7599.559 11602.783
8057.174 13526.374
7822.071 12363.884
6122.532 11903.653
8331.048 11908.531
7789.574 13235.605
6385.990 12571.190
7619.572 12803.079
8830.001 11572.244
6850.997 11597.876
6169.085 11940.262
7488.723 13257.828
7127.551 11595.300
6875.382 11353.590
6420.455 13801.639
8861.203 13462.036
7586.762 13866.203
7216.440 13019.620
6123.303 13324.001
6731.391 12961.826
8636.981 11470.202
7901.163 12444.090
6166.859 12955.997
8111.383 13686.426
6837.038 11246.664
6510.771 12578.755
6547.316 12556.521
7435.486 11297.330
6932.770 13319.790
6571.975 12296.199
6806.546 13826.706
7349.187 12504.786
6156.121 12728.635
7335.078 12751.713
7604.179 12613.893
7341.295 12507.993
6253.147 11760.850
8346.771 13085.981
7725.254 12440.114
8416.804 13134.263
8777.475 12015.009
8858.682 13719.385
7401.329 11846.551
7727.799 13246.111
6559.434 12073.911
7156.458 13597.636
7233.143 13090.176
6378.430 13443.077
7338.633 12386.729
6537.327 13642.165
6346.491 12538.902
6655.492 13735.102
7439.503 12953.125
6404.351 12148.873
7908.616 11388.417
7187.065 11516.234
7371.040 13721.581
7515.268 13670.848
6787.442 13643.328
6986.003 12925.588
8441.292 12535.837
7173.509 11978.685
7330.209 12921.038
6314.931 11920.946
8840.194 12850.322
6697.725 13233.116
7247.740 11327.044
7611.744 11450.093
7777.186 12992.063
8868.057 11493.986
6974.298 11754.852
8260.033 12216.179
8483.432 13547.755
6701.077 11900.976
6710.711 12055.768
7520.645 11399.825
8209.254 12208.127
8387.072 11880.204
7345.587 12274.851
8679.029 12738.980
8198.979 11517.530
6485.292 11223.960
8429.620 12618.693
6510.693 12209.177
7276.415 13080.858
7574.162 13760.106
6178.039 13366.076
8287.229 13726.299
6312.253 12598.545
6853.137 12346.031
7711.173 12468.632
7196.245 11864.815
7592.326 11972.830
8539.296 12307.837
7455.523 13532.329
8844.764 11651.094
6894.229 11973.280
6504.504 13403.597
7062.971 12183.617
8416.970 12615.015
6285.658 11692.484
6456.911 12998.767
8581.777 11455.187
8868.300 13350.824
7130.222 12790.460
7553.599 12306.416
7768.412 12733.153
7053.376 11255.787
7904.874 13288.518
7392.396 13667.151
6727.140 11379.328
6663.343 12201.442
7322.214 12551.627
7402.554 13517.254
6310.020 13890.344
7064.377 11503.935
6515.767 12368.467
7684.493 12785.432
7778.121 11347.842
6580.189 12623.218
7464.884 11234.949
8733.957 12673.202
8244.818 13908.373
7599.912 13339.164
7757.633 13832.062
7894.715 13849.179
8161.582 12155.043
6200.859 13393.193
7683.735 11771.761
7128.562 13241.547
7889.098 12923.397
7781.889 13317.389
7592.366 11996.857
8113.882 12189.364
6180.231 12638.064
6153.925 12332.552
6594.700 11231.053
6998.200 11413.595
6612.998 12427.803
8864.562 13916.889
8588.283 11737.490
8039.251 11307.073
7384.918 12023.519
7709.488 13781.560
7605.427 11559.623
8116.055 13145.953
6455.856 13766.612
7750.357 11846.300
6429.830 13437.302
6395.179 13002.483
6602.883 11584.263
8681.014 11842.333
7439.644 11990.103
7139.304 13902.122
7148.936 13292.988
8821.516 11219.496
7886.778 12645.417
6386.929 13316.428
7981.116 11457.860
8852.283 13305.575
8085.939 11350.362
7879.484 11254.201
6475.107 13687.412
8049.002 13478.791
8634.646 13501.958
8662.085 13703.036
8063.752 11265.084
8023.132 12562.194
8521.119 12300.583
6479.554 13318.921
7430.637 13170.098
8096.121 13547.281
6973.642 12062.902
7535.069 13200.543
6524.431 11732.954
7459.747 13278.657
8498.678 11903.060
8011.492 11874.478
8541.905 13085.012
7985.966 11984.645
7791.458 12979.732
7381.374 12748.835
6244.738 12571.586
8559.453 12204.301
7542.641 12388.765
7526.946 11942.400
8112.829 13509.014
7069.248 12563.539
8369.935 11526.134
6405.417 13633.538
6402.218 12530.347
7132.318 12583.563
8799.537 11996.755
7918.917 12297.623
6877.581 13251.439
8411.413 12492.491
7302.809 12680.043
7772.340 11236.044
7892.519 11784.273
7657.008 11211.396
7976.111 12206.378
8600.361 13562.232
7058.925 12818.881
7566.373 13588.322
7317.277 11880.095
8618.936 12723.363
6534.123 11723.076
8155.684 11150.965
6194.514 11269.698
6988.999 13547.410
8322.228 11318.314
8703.523 11766.246
7935.334 13771.455
7538.717 11243.023
8422.368 11655.973
8701.206 13546.187
8254.509 11662.044
8602.073 11190.177
8039.864 11387.434
6961.371 13327.176
6977.568 13636.532
7875.355 13891.399
7971.746 12919.927
7470.777 13172.846
8163.605 13274.202
8314.746 13423.368
8392.478 11416.203
8156.471 11336.361
7575.246 12168.958
8372.596 12433.030
8822.651 12300.181
7582.710 13142.483
6422.220 12072.722
7968.218 11682.393
7585.595 11799.821
6668.171 13439.022
6195.070 11840.950
7090.518 11171.980
8807.236 13646.919
7505.701 11674.596
6518.452 13147.757
7084.646 11518.462
8664.129 11693.770
8418.660 13335.778
8265.225 13280.275
6727.959 13515.483
8361.925 12847.202
6499.351 12684.016
8864.596 13369.910
7227.872 11378.465
7351.927 12378.394
7018.221 11651.758
6536.153 13588.100
8380.285 12386.337
6470.523 13192.578
8539.853 11225.962
8227.998 13232.215
8787.045 12012.037
6349.033 12677.031
8880.451 11695.225
7447.890 13529.755
8820.701 12977.400
7734.366 12056.929
8315.020 12401.054
8156.291 12540.519
8270.846 12706.711
8715.746 12998.874
8726.618 13330.395
7923.257 12120.797
6295.838 11225.227
6237.697 12479.659
7104.846 13229.928
8600.180 13287.696
7026.847 12683.820
8193.154 12879.965
7358.267 12172.209
6904.354 12779.597
6117.630 13884.011
8216.328 12535.557
7800.131 12628.193
8656.385 11299.789
6557.832 13047.874
6829.866 13396.712
6924.911 12359.793
6677.823 13825.833
7838.178 12235.153
6513.646 13903.379
8664.055 12734.871
8731.104 11351.211
7852.551 12494.341
7463.818 13297.683
8740.282 13584.583
8625.124 13804.382
6315.474 13885.897
6111.548 11596.702
8517.502 12714.456
8408.243 11857.742
7977.225 13393.753
6298.641 13705.548
6528.566 13199.609
6877.929 13316.420
6220.878 11321.795
8009.310 12691.610
7912.966 11147.936
6947.209 13860.254
8698.293 13649.960
8103.094 13855.259
8751.922 11342.881
7394.413 13531.979
7938.669 13366.266
7693.626 11982.078
8114.428 13025.070
6463.186 11144.500
8876.492 13208.319
7352.059 12627.032
6321.354 12586.746
8200.858 12494.693
8105.315 13723.940
8504.772 11370.681
8268.270 13343.357
8418.137 11511.959
7375.109 12296.199
7011.937 12949.717
8829.921 12276.409
8399.777 12842.762
8364.618 13364.061
7079.153 12611.988
8634.146 12907.694
7212.578 13710.276
6793.033 11682.184
7561.556 12763.818
7887.648 12334.120
7891.233 11445.514
6772.316 13475.654
7170.317 12014.725
7235.351 13418.823
8110.052 11843.560
7710.217 12361.055
6543.538 12904.027
6668.242 13785.310
6297.002 12306.594
6262.193 11915.278
8109.713 12836.034
8269.204 13728.869
6850.465 11210.410
6140.335 13748.354
8047.523 11202.089
7042.079 13121.427
6438.746 12666.689
8541.767 11666.386
6798.610 12400.939
6300.701 13594.450
7080.043 13871.125
6975.373 12312.638
6330.409 11876.801
8804.932 11145.218
7890.267 12144.524
8887.785 12599.632
8694.424 11169.494
8811.089 11401.400
8352.066 12184.996
7527.037 11966.205
8758.912 13839.548
7823.885 11277.834
8589.401 13703.540
6277.615 12972.843
6513.622 11867.168
6313.856 13609.804
6563.552 12161.790
8008.070 13112.230
8511.971 12075.950
7318.805 11346.919
6822.424 13700.909
6592.954 12155.838
7757.724 13598.060
6155.635 12514.966
8515.152 13821.973
6576.774 12310.162
8626.634 13115.401
8537.343 12987.633
7977.130 11205.792
7190.698 13624.810
6999.551 13137.692
6697.535 12719.705
7648.181 12147.929
6393.896 13077.661
6939.211 11170.076
7683.289 12903.687
8527.040 12135.452
7946.022 13078.543
7719.344 13328.281
6276.145 12012.318
7324.269 11986.263
7662.044 13148.961
8605.230 13692.061
7762.487 12998.732
8360.640 12913.616
7238.539 11530.608
7859.945 13466.150
6537.649 11947.860
7438.606 12879.052
7415.106 12964.735
7000.832 11599.014
7912.404 13650.618
7782.069 12555.533
6969.025 13098.786
6898.836 13828.154
6244.730 11557.362
6928.151 12544.528
8407.112 11878.533
6352.710 12029.133
8848.417 12808.455
6810.749 11527.572
6345.385 12311.377
6340.480 13801.465
7084.113 11447.059
8612.936 13490.048
7254.614 12289.105
7980.470 11287.204
8493.492 12615.924
6416.159 11975.671
6937.582 11171.351
6953.020 12268.783
8743.976 12863.978
7205.920 11477.225
7954.015 12343.913
7112.448 13221.545
7139.146 11389.164
6720.195 12317.441
7885.101 11183.261
7391.251 13621.966
8373.862 13272.411
7493.407 13168.841
7780.667 12236.169
8765.500 12424.865
8642.407 13099.753
6829.580 13240.370
6739.678 12398.445
6498.584 12628.868
7710.065 12443.129
8651.494 12500.138
7203.110 13604.454
8210.717 12681.488
6314.690 12777.025
6192.968 11221.631
7127.909 12035.357
8280.963 13054.397
8447.400 11692.941
8048.738 13715.264
8553.170 12703.808
7168.194 13002.056
7484.319 12170.639
8199.651 11334.980
8641.978 13646.603
6354.732 11144.931
7521.315 13215.253
7980.648 11795.828
8469.552 11313.763
8043.520 13191.813
8742.483 12803.558
7068.919 12835.657
8223.197 12742.288
7528.334 12043.132
6615.987 13547.900
7456.566 13206.960
7072.902 11944.883
8727.946 13345.929
7626.276 12736.602
7658.279 11253.849
6501.558 12285.636
7560.638 13373.651
8242.397 12266.656
7777.764 12648.054
8732.309 13774.717
7162.345 11405.671
8554.195 12365.789
8653.298 13886.457
6361.009 11291.720
8064.813 13286.063
8143.951 11522.597
7257.562 12443.703
7682.842 11692.396
7829.307 11957.142
6511.972 11225.294
6293.925 12159.026
7081.085 12163.625
7694.942 13424.065
7607.772 13715.140
6530.985 12342.526
7982.404 11149.588
7942.145 13022.811
7925.131 11672.855
6259.291 12360.929
6704.872 11161.091
8055.356 13523.426
6166.155 13376.857
6198.100 12193.821
8322.785 13708.545
7398.475 13085.513
6614.129 12951.922
8301.667 11580.228
6642.767 11824.153
6776.629 12217.503
7716.480 11822.868
8152.247 12406.948
7060.640 13500.888
8507.520 13399.492
6833.241 13753.410
8353.102 13565.936
8295.958 11489.837
8258.477 12592.285
8638.104 11929.598
6724.424 12786.821
6975.212 12273.273
7879.260 12879.776
8730.067 13660.298
6121.920 11789.800
8496.749 13252.934
8102.019 13273.634
7631.415 11773.032
7509.790 11340.732
8685.325 13144.072
6913.755 11465.370
8630.432 12982.321
8190.584 13072.489
7944.607 13497.051
7709.746 12743.168
8272.547 11458.740
7331.473 13563.807
8518.397 12880.067
6715.613 13336.884
8130.520 12566.849
8456.401 11817.020
6182.622 13403.004
6959.037 13539.918
8877.445 12560.827
6353.326 13312.809
7597.896 13080.197
8532.263 12167.164
7216.450 13493.833
6224.539 12357.867
7140.336 12746.722
6529.215 13249.128
6428.044 12424.925
8607.378 12671.942
7164.493 12683.340
8006.570 13562.071
7844.711 11652.055
7929.777 13335.951
6619.960 11367.640
7813.799 12023.724
6803.885 11300.723
6820.840 13631.214
6767.737 13779.507
8093.374 11906.992
7253.787 12191.737
7466.367 13237.090
8648.870 13555.830
6411.883 12336.546
8491.733 13222.952
8229.643 11500.636
6401.131 13162.047
7162.709 11270.771
6759.090 13695.286
6454.290 13552.865
7956.796 12303.795
6924.804 13336.963
7731.793 13584.581
7331.379 12333.280
7937.621 12693.012
6905.616 11540.313
6719.836 13366.129
8395.969 11885.388
6415.577 13561.394
8086.414 12851.035
8293.169 12430.018
8586.048 13889.543
6979.836 11601.006
6524.836 13365.279
7627.097 13108.700
7926.835 13693.099
6612.918 13734.588
8755.814 11631.999
7521.744 11995.361
7848.437 11171.510
6125.560 11737.898
6713.904 11231.859
6821.271 13668.462
7123.286 13099.872
7763.399 13126.316
8020.803 11794.351
6374.463 11553.049
8571.334 13787.051
7277.611 13326.939
7755.351 12683.296
6867.912 13735.379
8422.855 13137.632
8440.833 11451.108
6115.338 12693.172
7215.449 11898.219
8164.408 13882.877
6134.255 13895.580
7106.912 11472.332
8058.200 11291.181
6666.409 11223.885
8416.521 13080.606
8887.233 12497.626
6597.792 13081.053
8767.493 13659.318
8648.943 12144.449
8861.577 13794.152
8550.535 13909.888
6772.520 11741.984
6433.160 12459.899
7179.110 13735.552
8754.165 11890.775
8832.641 12188.174
8200.763 12502.450
6938.965 13026.342
7014.716 13178.071
7918.013 11680.208
6493.512 13286.291
6710.504 13347.615
7162.565 13247.809
7473.609 13737.916
8394.094 12927.448
7753.090 11561.511
6487.189 12854.327
7159.953 11449.235
7287.219 11230.029
8009.003 12202.815
7868.465 12179.478
8104.845 11186.278
8574.448 11629.618
7474.788 12119.333
6244.716 12110.603
6784.429 13493.258
8712.211 11674.012
8208.069 11436.529
8575.502 13295.573
6309.097 13319.507
6753.684 12649.317
7746.226 12042.618
8472.996 13759.564
8656.428 13682.787
7203.141 13856.717
6274.129 12341.100
8838.904 12209.074
7842.953 11905.763
8711.745 13633.916
8875.813 12415.400
6425.729 11146.019
8052.670 11739.501
8241.556 12475.257
7196.560 12893.167
8836.539 11625.166
8620.636 12917.468
6718.350 11681.866
6785.151 13846.575
7330.746 12805.402
7547.326 12618.876
7797.943 12206.506
6149.386 13241.047
6664.129 12701.767
6938.161 12885.643
7983.360 11325.251
8499.023 13639.852
7596.665 12476.891
7000.707 11237.744
7521.634 12023.421
8731.740 11807.143
7713.906 13882.193
6959.833 13782.851
8366.905 13894.061
6994.224 11326.766
8073.674 13464.645
7070.805 13223.202
7825.842 12469.129
6793.250 11773.751
6985.348 11404.433
8693.618 11188.663
7130.150 11336.678
7108.053 11764.443
7169.865 11868.481
6681.999 12535.121
8074.497 11937.134
6339.180 11540.529
7205.775 13326.159
6262.258 11462.368
7524.776 11812.269
7101.914 13125.625
6269.439 11649.491
6408.403 13360.949
7216.580 11782.088
6757.155 12937.819
6178.504 13697.274
8154.562 13079.934
8802.625 12018.779
8804.480 13515.150
7909.301 11448.751
6288.586 11973.014
8060.342 12709.414
6853.547 13262.516
7244.167 11399.885
6994.811 11258.164
7458.881 13349.384
6492.182 13591.014
7767.090 12089.521
7920.036 12525.110
8427.028 12529.442
7163.426 12609.156
7433.616 13500.467
8066.788 12264.276
7027.492 12778.556
8870.087 13865.535
7081.810 11553.304
7019.988 13249.015
6552.538 12335.884
6791.155 13832.585
8006.565 11192.490
7653.647 13723.084
8125.580 11392.945
6998.097 11332.979
6118.178 12499.827
6823.719 12052.526
7159.349 12996.901
7948.729 13008.446
7088.345 13529.404
7471.397 13216.973
7820.958 13016.407
6837.017 13153.492
8759.429 11420.888
6306.296 12242.761
7945.132 13718.028
7411.912 13422.824
7018.055 13054.063
8231.834 12142.440
6179.709 13674.091
8291.152 11725.545
8711.507 13665.621
8371.019 13487.971
6711.774 12181.979
7264.192 12632.519
7120.155 11560.115
7748.297 12784.495
7183.906 11469.813
7037.368 11230.489
6205.193 12734.786
8558.738 11366.806
6758.900 12272.746
8093.812 12201.912
6838.260 11624.174
8788.549 11690.905
8637.521 12344.071
6874.269 11668.071
7292.246 12763.076
8585.633 12028.899
8315.329 13451.375
6163.234 12747.073
7989.649 11486.105
8401.516 11880.965
8800.062 11219.899
7665.469 12163.694
6181.232 13294.030
8268.262 11355.794
6619.581 12632.330
8333.044 13198.510
7076.231 11910.065
8886.290 13284.978
8845.255 13537.972
8077.010 12891.097
7628.620 11298.762
7994.039 11313.082
7490.130 13151.767
6925.087 11264.302
7504.150 11652.333
6291.177 11326.552
8848.471 11480.564
7354.099 11656.799
8372.784 11194.758
8539.995 13579.082
6498.952 11611.708
8152.112 12256.740
8543.832 13712.752
8721.526 11447.438
6767.307 11685.201
6159.233 13363.231
8384.574 12369.013
7109.066 12924.499
8562.795 11945.649
8526.246 12201.315
6786.624 11993.850
7890.359 11540.264
7392.447 12611.387
8123.723 12202.021
8736.338 11856.118
7414.876 11796.638
8865.096 12147.237
7616.940 13046.001
6879.155 12603.113
8828.240 13281.871
8115.192 12663.184
6474.774 12449.960
6798.477 12860.441
8530.850 12091.230
7119.525 11904.093
8042.119 13085.081
6775.560 13715.991
6432.912 11526.727
7401.302 13461.520
6679.660 13872.586
7327.038 12585.656
8315.063 13810.844
6297.286 13164.724
8143.105 11659.440
6481.016 12805.765
8540.042 12345.303
7768.197 11264.482
6271.217 11539.787
8822.355 12047.350
8306.511 12874.502
6395.123 11413.324
6769.391 12471.283
8504.281 12978.078
8097.897 12430.693
8535.945 11729.294
6912.771 13729.329
7789.780 13177.365
7721.023 11550.212
8342.012 13072.417
7655.587 11920.237
8235.610 11682.244
6634.375 12556.544
6689.428 11828.248
8278.963 11200.060
8190.646 11437.546
6489.095 12368.452
6257.424 12806.214
6531.949 13540.097
6858.666 13495.437
8557.895 11756.228
8002.299 13018.496
6993.907 12542.053
8388.612 13081.149
7121.237 13289.477
8780.440 11919.573
7308.060 11834.165
7424.124 13566.801
7141.364 12018.396
6753.574 11292.672
8040.328 12462.993
7571.037 12388.625
7641.943 13717.349
6387.762 12951.934
6394.661 11875.190
7696.926 12861.099
7384.723 11614.473
7257.224 13776.317
8282.659 11890.115
8026.422 13463.419
6263.140 12100.605
8380.054 12628.244
7509.401 11314.399
8181.914 12062.220
8586.543 13092.635
7478.805 11353.502
8192.341 13737.234
6484.461 12087.468
6172.176 12778.796
7516.840 13910.075
7118.829 12382.423
7325.689 13025.731
7639.127 11747.345
6281.578 11604.064
7988.297 11597.300
7825.743 12807.917
6714.416 13857.396
7872.395 13614.365
8227.370 12482.659
6974.843 11377.678
8149.861 13524.169
7859.244 12775.770
8045.197 12010.146
8253.765 12175.172
7981.279 11617.693
8379.053 12714.095
8677.177 12925.955
7543.165 12839.883
7795.663 12652.155
6343.932 12543.979
6247.826 12981.182
6769.708 12578.871
8839.598 12131.530
7755.724 13064.648
8792.484 12778.398
6551.844 11310.235
7328.445 13388.629
7662.521 12559.954
7511.420 13538.152
7419.142 11622.869
6114.402 11654.784
7636.085 12854.278
7220.447 11234.153
6248.647 11297.896
7157.700 11865.360
7754.438 12432.261
8574.594 13714.836
8138.680 13367.627
7768.340 11324.509
6685.431 11597.387
6860.802 11311.565
8044.635 13684.173
7020.179 11475.322
7450.359 12842.849
7718.870 13660.482
7497.709 11503.073
8003.373 12189.251
7895.128 12841.568
7899.061 12179.610
6953.210 13348.280
6630.383 11340.327
7845.769 11362.896
7905.161 13611.373
6469.530 12020.307
8173.250 13841.002
7023.949 11566.365
6145.983 11633.622
8105.983 11592.869
7318.384 12670.043
7013.335 13605.785
6188.549 12196.905
6513.147 13556.800
8501.246 13718.739
6312.582 11896.762
8698.148 11624.874
6354.687 11383.700
8346.753 13351.107
7360.275 12835.240
6410.881 12031.839
7419.073 11597.092
7818.303 11651.015
8069.917 12978.403
7918.183 12926.825
7057.460 13643.084
7962.136 12953.621
7820.558 11482.779
6901.050 11367.066
8793.245 12084.823
7852.787 12668.709
6273.617 12620.359
8521.517 12765.218
8665.016 11172.815
8884.794 13282.194
7449.710 13720.305
6539.173 12567.526
7857.604 11198.366
7037.466 13026.245
6159.652 13594.115
8416.682 12819.099
7974.486 12399.448
7794.277 11764.484
8461.650 12761.723
8835.989 11892.101
8634.921 12604.870
7149.776 12673.827
7667.696 13409.706
7883.317 12909.725
6495.114 11900.122
8820.048 12863.105
6219.469 11334.233
7445.636 12380.152
8238.724 12120.396
8466.019 12233.018
8013.867 13367.409
7014.530 12480.554
8836.281 11187.782
8251.466 11934.872
6158.667 12056.179
7161.646 12944.375
8404.917 12757.320
7888.116 12719.391
7071.923 13600.940
8184.359 12455.916
8857.206 13547.361
6258.402 11979.900
8304.639 13422.675
6614.694 13121.743
8634.352 12861.199
8442.394 11427.646
8371.798 13300.549
6400.017 12198.794
8382.362 12568.899
6821.964 11715.968
8031.826 11972.596
7784.032 11170.787
6784.047 12773.303
8136.166 11668.335
6603.542 12753.144
6375.000 12860.678
7989.816 11294.765
6309.889 12539.360
8590.445 13789.531
7682.040 11500.936
8533.034 11154.572
7085.695 12611.331
8784.652 13521.438
7147.096 12230.762
7692.509 11795.100
8270.198 13630.022
6814.265 13060.928
8820.989 12988.490
8763.636 12745.650
6441.950 12227.577
7281.947 13687.761
7308.330 12297.403
8850.923 12707.060
8618.884 11600.215
7275.795 11177.570
8501.217 11157.025
6616.904 11695.046
6602.122 13499.608
6338.878 12294.485
8723.159 12753.665
6913.437 12635.413
6635.348 11989.363
6498.949 13620.439
7721.444 12277.737
6500.301 13497.537
8225.351 11514.548
8617.243 12601.375
6816.798 11957.012
6277.270 12738.445
7036.142 13610.479
8727.156 11412.018
7940.847 11684.960
7103.226 12995.624
6952.833 11879.869
8804.671 11892.073
7499.980 11308.224
6441.080 12314.732
7267.683 12682.933
6394.996 13266.273
7030.833 11796.790
7273.656 12672.912
8354.044 12489.484
7038.889 13659.369
7749.664 11875.183
8807.648 13398.282
6889.243 11388.213
6601.166 12612.988
6999.465 12709.597
7442.369 12263.433
6930.273 13759.529
7335.525 11305.977
7003.758 12023.400
7143.873 13847.941
8446.860 11155.219
8429.491 12522.744
8621.005 12862.912
7978.178 11944.428
8413.132 13582.918
7431.194 12064.269
7362.284 11148.147
8394.214 11802.936
8364.118 12018.008
7683.277 12835.039
6286.743 11256.531
6692.913 12379.772
8693.043 13615.365
8067.114 13324.427
8625.910 11215.243
8389.248 13160.513
7303.631 12277.579
7337.418 11614.480
8837.393 11157.302
6545.844 11957.713
7583.686 13849.132
8538.003 12280.388
7719.505 11853.183
8216.604 11741.888
8682.284 12231.510
8578.160 11444.434
7002.802 11960.694
8694.121 12190.427
8748.046 13569.305
8411.132 11385.255
8799.321 12728.006
8279.262 12500.791
8663.836 13174.590
6649.994 12694.716
7139.016 12525.743
6785.321 11973.989
8226.673 11353.616
8875.976 13439.770
8037.908 12629.310
7958.024 11939.421
7698.974 13391.223
8303.809 12058.311
7695.354 12899.700
6608.333 12454.210
8397.924 13057.268
7514.003 13146.117
7102.998 12930.075
7383.550 13614.949
8781.359 12461.139
7241.730 12920.850
8555.534 12838.937
6970.389 12921.872
6287.121 13809.752
6499.980 13849.476
8686.282 12301.695
7602.010 11672.018
7426.192 11275.922
8846.049 11908.117
6201.551 11715.709
8840.140 13101.727
6976.580 13019.246
7838.994 13318.757
6491.865 13306.775
6923.373 11486.574
8611.187 13211.797
7348.696 12807.004
8084.669 12893.346
7155.527 11927.655
8588.927 12884.476
6550.633 12380.371
7240.906 11253.318
8063.892 11995.614
7808.053 11977.240
8047.207 11235.951
6134.984 13282.086
6471.523 13053.189
7497.272 11237.317
8140.103 12769.776
7610.879 12164.532
7950.517 13176.978
6308.178 12524.144
8313.868 12793.796
6533.659 12073.744
8033.836 13488.114
8448.546 11269.857
6486.281 11325.507
6131.660 13861.831
7049.843 11686.104
7478.529 13537.535
6517.202 12402.989
6497.132 11666.155
7257.839 12254.726
8200.970 11626.869
8234.641 13458.532
7390.843 13461.404
7179.198 11169.382
6435.298 11161.146
7365.978 12146.057
6132.448 12443.736
7370.460 12589.377
7061.553 12857.252
8832.044 11890.166
8098.312 13487.600
8428.837 12887.164
6374.521 11308.103
6803.154 13697.492
8323.231 13361.102
6179.543 12179.597
7730.000 12674.909
7384.575 11662.699
7111.589 12213.408
8121.617 11381.971
6626.530 12259.969
7719.799 12897.249
6517.935 12896.388
8568.648 13911.712
6139.643 11667.565
7262.934 12538.772
8669.949 13124.348
6153.285 12156.773
6408.112 11245.930
8296.713 12991.492
8760.163 12218.450
7747.538 11583.116
7135.035 11169.858
8138.860 12588.378
7665.482 11317.432
7035.976 11263.877
7206.000 13047.161
7412.542 11920.439
7658.978 13749.249
8296.256 13493.086
6485.501 12792.779
8112.630 12156.766
7453.753 13371.377
6376.972 13232.501
8761.673 13863.609
7345.813 12228.435
7364.288 13343.500
8169.143 12624.847
7459.330 13410.693
8400.758 13822.459
6145.631 13162.474
6309.024 12413.966
7175.437 13825.331
7335.828 12147.590
6186.214 12385.838
7390.206 13806.166
7099.363 11668.945
7375.850 13689.830
8523.601 12321.816
6631.948 13875.734
7531.744 13741.438
6555.577 11271.326
8184.223 11647.527
8388.484 11937.568
7305.524 11333.107
7732.703 11845.581
8721.905 13071.861
6579.626 12670.215
7987.315 13547.731
8771.674 12442.170
8694.785 11907.967
6496.726 13053.835
7719.897 11626.668
6650.029 13779.159
7950.442 11542.045
8010.528 12577.478
7834.897 13445.125
8664.681 12192.010
7096.007 12095.684
8124.611 13578.540
6465.781 12327.641
7307.930 13632.443
7930.242 13835.919
6910.064 13645.641
7051.754 12476.342
8134.462 13224.197
6372.062 11922.603
7832.082 12731.964
6263.680 12361.620
8327.281 13653.287
8510.596 11355.298
8031.631 13816.428
6429.113 13029.261
6211.042 11985.594
7351.824 11601.069
7791.881 12332.592
6470.982 11594.596
8654.268 12430.093
6556.339 13504.555
8023.695 11487.423
6251.876 12704.603
8627.123 13766.896
7341.369 11337.720
7387.773 13388.766
7297.898 13431.377
8797.670 13292.233
7158.267 13038.116
7813.270 13664.060
6639.821 11469.864
7585.363 12142.584
6146.607 11755.541
7560.457 13118.610
7800.986 12547.113
6432.545 11659.758
8429.601 13053.186
7674.428 12314.300
8435.212 11918.450
7855.981 13401.665
8468.326 13013.759
8180.924 13811.816
8348.130 11751.307
8028.068 13349.944
6432.749 11702.454
7981.126 12778.679
7840.137 13809.479
6196.665 11636.347
6841.822 13017.830
8610.795 13775.213
7718.892 11555.121
7555.057 12616.943
8395.014 12243.403
7699.673 12397.965
6258.238 13709.682
6443.296 11473.074
7288.546 13839.534
7902.932 13691.976
8621.603 13510.306
7140.444 12036.604
7980.819 13397.175
8180.496 13159.227
6120.551 12908.124
6596.109 12882.527
6674.633 12269.307
7900.411 11968.509
6635.850 13070.035
8436.364 12199.499
6212.253 13519.833
7892.239 13082.903
8195.298 11185.532
7553.953 11707.899
7250.206 13647.541
8199.289 11523.185
7326.867 11157.296
6336.420 13579.931
6215.976 13188.141
7474.641 11360.789
7876.148 13472.590
6557.499 13273.886
8178.668 11904.697
8161.951 13483.862
7956.418 13721.006
8496.695 12346.565
8254.779 12447.519
7395.469 12556.480
7639.757 13494.754
7789.591 11212.170
8194.553 13480.465
6921.447 12890.586
6379.556 11692.212
7572.723 13036.613
8666.094 13235.525
7536.862 12232.419
6269.613 12290.515
8378.111 12474.856
7885.886 13306.605
7656.756 11767.401
7054.180 12062.945
6474.226 12411.851
6357.212 12714.198
6759.397 11717.473
6305.599 11938.727
6182.345 11847.312
6820.677 12647.906
8635.707 12368.426
6453.715 11158.391
6377.522 11388.591
6928.969 11656.795
8285.002 13169.191
8778.445 11667.607
7725.828 11373.495
7587.037 13364.127
8051.769 11753.455
7412.094 12021.417
8696.359 11592.111
7437.949 12623.547
8149.989 11144.629
8739.264 12539.780
6979.731 13429.506
6644.224 12614.987
7136.192 11196.103
6603.940 11943.707
6500.128 11794.410
6963.764 12458.802
7858.259 13225.458
6956.165 13683.025
7568.421 13791.328
8487.849 12522.855
7683.841 11269.849
8105.838 11342.774
8717.793 11983.229
8282.437 13891.530
6616.866 12525.485
7057.068 11183.779
6800.329 11326.369
8810.603 11541.277
8132.120 11486.934
7283.629 13595.682
7863.114 11847.333
8772.667 12859.028
7460.771 13539.039
6732.976 11820.495
7509.256 12182.226
8083.263 11605.786
8304.289 12622.510
8374.904 11457.079
7735.181 13159.459
7878.874 12272.094
6571.142 12746.050
7079.063 13438.277
8412.733 11314.989
8186.610 12248.055
7317.683 13248.882
6983.305 13031.577
6584.170 12220.473
7923.773 12718.278
8258.697 13042.228
6991.269 12814.145
6463.699 12240.476
8160.663 13457.445
8721.443 11806.771
7483.265 13723.342
8347.389 11640.345
6257.228 12792.795
8859.673 12693.103
8674.712 13251.462
6381.654 11934.275
6686.487 12536.137
8100.107 12989.632
6800.766 13451.465
8194.763 12107.130
6813.111 12851.881
8465.142 13619.582
6921.134 13635.171
7883.338 13018.733
6260.840 13262.663
7793.913 12826.147
8116.898 11527.138
6518.863 12390.332
7814.792 13556.645
6215.706 11937.729
6729.761 12832.559
6556.270 11300.175
8583.772 11626.924
7604.130 11434.945
8789.795 13633.809
8787.160 12701.870
8659.273 12675.602
8184.655 12967.585
8370.775 13504.745
8746.532 11188.533
7988.098 12178.052
8278.437 12799.370
6746.990 12467.760
8739.910 11214.901
8355.028 11819.212
7726.377 12433.491
8851.776 12082.197
6604.719 12366.753
7002.018 12356.474
6128.911 13667.916
8838.707 13856.781
7951.836 13463.673
6793.490 13247.455
7386.251 12874.289
7349.898 12528.350
7366.596 13805.252
7675.348 12130.684
8669.554 12133.126
6339.120 11595.733
7687.342 13619.859
7037.627 12502.137
6294.564 11665.161
7070.317 13085.859
7826.626 12233.577
7475.781 12427.884
8755.345 11341.979
6809.455 12648.734
7961.900 11474.220
8117.471 12479.386
7433.048 11359.088
6353.763 12489.097
8693.850 11509.202
6301.289 12828.451
8722.544 12848.186
6995.438 12175.904
7665.400 11290.763
6761.146 11461.400
7676.268 11342.292
8036.531 12301.842
6750.564 11670.023
7124.859 12027.910
7021.659 11339.582
6914.188 12681.923
7557.389 12296.962
8056.824 12136.265
6918.977 13869.816
7383.178 12473.661
8593.744 13317.346
6879.487 12152.966
7302.905 13157.225
8165.243 11657.144
7445.513 13761.059
7903.205 12219.375
8522.084 11717.993
6385.700 13205.425
7858.390 12187.831
7785.223 12114.741
8869.942 12776.676
8167.789 11744.865
8799.416 13213.531
7055.049 11526.353
8334.733 11666.632
6465.596 13652.606
8761.021 12131.136
7541.881 13311.504
6487.627 11382.563
7278.131 11837.737
6633.707 13642.945
7442.151 12827.472
8507.963 13714.694
8734.906 11744.085
8685.929 11982.677
8777.230 13905.822
8357.894 12251.150
7036.683 12035.936
8130.950 13015.195
7051.899 13061.862
7218.374 13218.711
6829.142 13649.462
6325.034 12656.832
6891.834 13833.490
6224.375 12673.768
7676.136 13093.880
8723.125 12051.217
7908.314 12083.680
7584.012 13438.394
6450.940 11362.291
8560.623 11491.836
6672.656 11637.113
8560.606 12129.630
6627.688 11673.917
6255.632 13844.884
6284.350 13878.509
7035.890 11152.269
7509.252 13040.630
8400.397 11794.679
7475.084 12482.932
8546.713 13174.097
7637.757 11668.336
6171.451 12870.915
6530.275 12982.677
8678.840 11923.001
7020.170 13863.891
6523.218 11235.151
8832.114 11890.145
6768.869 12449.467
6984.498 13167.924
8425.471 12617.543
8843.654 11583.836
7491.503 13053.451
6954.651 11992.452
6773.933 12219.854
6378.863 13710.964
6348.799 13071.377
6351.180 12124.044
7005.953 12045.185
7979.757 12138.809
6466.466 13484.487
7715.629 12424.022
7557.978 13861.560
8357.426 11250.091
7762.757 11588.654
7984.683 12388.349
7299.040 12322.749
6267.450 13899.913
8795.944 11930.505
6729.164 11809.381
6464.017 12080.546
8239.267 13745.645
6707.637 13727.031
6507.893 12364.194
8304.356 12222.610
7653.251 11511.586
6708.395 11382.644
6462.548 13138.450
7565.739 12807.103
6393.791 11808.668
8786.527 13307.556
6123.460 11317.440
6447.277 13835.388
7324.574 12982.933
6134.849 12799.003
7110.975 13385.322
7777.478 12538.845
7151.603 11868.216
7547.909 13250.783
7997.377 11337.695
7817.687 13698.284
8094.584 11731.691
8048.965 13204.739
6628.661 11698.507
6838.088 13251.319
8005.941 11301.132
6223.701 12324.121
6513.285 12555.060
8863.596 13200.632
6275.619 11392.368
7125.249 13656.852
6837.651 12505.474
7331.667 13522.321
7715.569 13009.166
8500.608 11464.717
7586.846 11676.259
8546.131 11655.025
6434.480 13118.476
7338.326 11346.943
8103.030 12169.919
7680.434 12092.379
6417.779 11306.378
6390.536 13562.378
6658.939 11541.170
6724.029 12245.536
7147.495 11543.676
8663.253 11266.547
8330.913 11903.799
8174.552 11384.189
6215.605 13428.347
6232.204 12632.887
7453.339 12480.102
7409.911 13020.971
6741.460 11297.361
7769.871 12344.357
6136.860 13039.565
7364.529 12419.292
8373.575 11355.173
6645.894 13781.131
8858.513 12816.449
8719.481 12698.792
6417.261 12504.564
6173.765 12721.753
7685.375 13348.321
7156.401 11757.083
7441.120 12748.482
7462.348 13887.154
6514.095 12106.344
6738.639 12679.919
7057.767 12254.554
6474.408 12101.771
6143.419 12958.025
8248.769 12540.551
7070.043 12184.518
6246.080 11678.079
7519.721 11908.007
7199.970 12251.315
6938.155 12812.276
7833.726 13196.844
8348.029 11847.194
8508.712 12452.570
6653.145 12634.043
7444.354 12733.961
7208.188 12506.764
8421.466 11281.829
7980.477 11370.466
6503.994 12133.055
6240.214 12497.747
6831.868 11904.630
8789.508 13108.209
6111.841 13047.633
7416.190 12496.933
6424.581 12211.082
7279.475 13269.005
8352.107 13720.676
7051.417 11531.916
7588.656 11635.323
8392.308 12756.523
8198.177 12848.723
6739.867 13564.138
6527.083 13779.919
7967.066 12985.205
6328.505 11822.136
7906.275 12815.291
8129.584 11344.996
8819.780 11944.432
6656.710 11478.677
7971.480 13228.370
7485.223 12867.899
6331.707 11310.932
6505.921 11672.906
6568.138 12656.918
7392.581 11326.961
6396.714 12364.279
7685.085 13482.657
7027.924 12672.877
8593.509 12909.810
8151.365 12630.403
7418.664 11525.159
6461.756 11805.795
8619.836 12459.254
7490.632 11369.706
7228.545 12539.264
7231.832 11819.359
8161.629 12075.375
7444.507 11941.364
7625.098 11358.480
7030.824 12987.295
6784.261 12866.625
7441.120 11854.351
6687.189 11339.261
6702.784 12723.205
7698.230 12047.487
6550.626 13352.104
7420.850 12074.649
6932.652 12267.982
6821.843 12992.627
6777.148 13298.200
6168.211 12065.503
6502.046 12719.400
7188.973 11515.190
8064.254 12221.231
6144.510 13159.316
8285.671 13899.748
6530.761 13243.757
7168.113 13418.628
6976.948 11611.549
8762.522 12173.703
7328.881 11995.453
7554.141 11167.433
6234.685 12598.186
8309.024 13101.428
6184.471 13576.265
7110.976 12964.738
8148.959 12073.103
7628.418 11293.459
8331.741 11876.892
8015.001 13833.452
6968.000 12313.424
7327.391 11930.739
8007.512 13720.738
8074.944 12744.334
7163.949 12724.575
7553.057 12955.941
7827.703 11457.975
8259.788 12473.094
6925.422 13487.525
6649.477 12642.026
6975.225 12147.480
6711.259 11808.498
6233.158 13430.120
7610.187 13465.311
8716.607 11966.637
8319.457 12936.167
7412.028 13483.392
7511.201 12785.527
7753.266 12039.819
7643.157 12393.378
6418.033 13913.717
8237.736 13453.943
8272.884 12472.306
8617.504 11878.751
6600.178 12841.977
6119.087 12853.690
8359.591 13774.352
6574.586 13145.042
8531.773 12567.949
6495.723 13401.894
6613.573 11315.790
7968.592 12994.003
6696.940 13472.689
7466.329 13884.129
8046.355 12042.979
7219.324 12146.739
7124.383 11225.902
8839.429 13326.096
7080.768 11287.208
6322.320 12148.041
7463.795 13569.952
8348.868 13155.074
8488.721 12976.806
7791.195 13502.322
7743.409 11952.888
6150.659 13177.575
8804.567 11281.058
7873.290 12535.855
6605.922 13891.439
7242.720 12419.691
7471.496 12567.785
7565.707 11750.481
8557.684 13398.154
6659.675 12542.849
7640.042 12670.830
7322.857 12756.736
7406.410 11360.186
6331.775 13576.688
6346.427 11913.039
6243.402 11818.561
6244.837 12085.952
7988.456 11707.291
8370.383 11470.429
7993.928 12237.843
6536.586 12126.026
7237.630 13255.846
8215.241 13721.426
7404.676 12377.974
6170.939 12012.085
8006.489 12609.672
8796.569 12846.987
7249.682 12250.373
7922.221 12373.487
7029.193 12727.945
7366.686 12469.862
8614.746 13039.464
6889.226 13477.283
7337.448 13019.891
7830.288 12170.530
6495.859 12128.110
8616.997 13226.866
7631.015 12577.303
8687.468 13025.534
7098.163 12476.484
8249.198 12802.969
6551.805 11338.890
7220.614 11861.691
6221.211 12425.488
7025.419 12854.227
8584.274 13617.573
8835.609 12364.759
7420.691 11430.833
7229.684 13322.110
7986.765 13850.205
7809.318 11650.461
6221.475 13383.852
6483.332 12389.138
8852.237 12001.116
7578.583 12947.520
8516.750 12577.245
6250.895 13899.537
7647.862 11481.279
7329.116 12401.477
7036.232 11822.053
7382.274 13096.685
8723.540 11807.041
6364.227 13409.605
8663.771 11661.456
8224.799 13128.722
8608.255 11830.195
7715.109 13826.681
8627.288 13065.104
7954.930 13210.162
6621.075 11254.496
7650.694 11477.984
6289.622 11565.323
8398.679 12697.402
8127.032 13218.359
7141.212 13282.931
6778.653 13112.989
8528.726 12266.550
7940.976 12265.199
7853.479 13126.666
7330.703 11220.079
6503.809 13204.533
6952.385 12170.904
8136.255 11377.961
6373.859 12168.293
7844.086 13910.999
8730.308 11921.382
8623.404 13360.692
7788.906 12731.820
6825.356 11260.364
6742.469 13454.529
7381.355 12917.743
8575.936 11700.987
6763.347 11325.270
7143.508 12136.644
6959.257 12385.227
8543.086 13654.556
7045.813 11327.970
7321.173 11563.956
6783.632 11593.152
6281.739 13090.877
8595.282 13214.185
7707.133 13035.150
7445.387 13044.066
6635.469 12229.897
6176.973 13516.236
7308.312 13391.509
8485.284 11610.862
6395.365 13673.615
8615.932 13782.235
6286.492 12727.027
7937.654 11620.129
8220.127 12102.619
7037.062 13469.091
7133.412 13481.532
6970.550 11891.830
8512.252 13223.541
7844.624 13444.189
6882.736 12582.203
6414.168 11873.677
7979.033 11810.678
7820.476 13035.329
6695.695 12960.386
6329.200 12959.353
7470.394 13913.995
6373.534 13790.827
6313.464 13277.086
8645.375 11836.070
8217.183 13649.534
8073.771 13367.010
6142.947 13832.316
8081.778 11745.871
7816.461 12592.127
8044.785 12875.243
8769.593 11232.269
6327.630 11684.706
7616.728 12539.737
8093.829 11760.311
8513.596 11158.976
8077.837 11157.663
6983.326 11497.155
8675.248 11878.960
7122.227 12919.396
8688.426 12579.426
7723.157 11602.943
7040.468 13588.831
7202.148 12595.470
7276.318 11492.511
6401.228 13785.676
7160.890 13346.281
7735.299 11293.685
7577.250 13219.907
8866.538 11186.582
6868.301 12196.333
7289.451 12893.889
7458.064 13153.092
7490.787 13398.494
7926.151 12180.257
8540.992 12801.883
8021.568 13261.098
6562.552 11157.569
6727.781 13326.299
6394.227 11624.236
7382.795 13672.556
8482.897 11524.115
8599.587 13275.838
6667.158 12942.843
7054.507 11653.497
8569.968 12019.880
6981.390 12453.092
6112.122 12068.559
7224.117 12860.638
7487.587 12962.299
8505.670 13562.185
8880.086 11347.995
8165.076 12675.121
7989.053 13377.465
6946.731 11331.880
8771.281 12132.004
6256.101 11366.632
7435.469 12604.741
8763.057 13225.983
7366.872 12035.636
8116.972 11641.888
8009.070 11752.003
7789.742 11286.374
8119.453 12651.572
8644.138 13474.312
8325.223 13706.662
7333.697 11810.799
8413.528 12831.594
8821.582 11662.837
7978.385 13454.877
7465.546 11868.978
7890.515 13180.389
7268.633 11518.557
7925.070 11388.658
7492.019 11857.825
7716.649 11724.520
8599.707 12723.659
8582.466 12866.769
8716.448 12298.027
6488.094 12331.050
8188.021 11884.378
8513.354 13382.408
6321.404 11303.606
8796.333 12267.357
6145.995 12367.791
7928.414 12985.434
8057.687 13033.984
8376.859 11252.439
8190.192 13654.025
8360.507 11194.669
7204.407 13240.795
6913.153 12403.720
8455.002 13921.067
6402.981 13532.012
6721.168 13639.995
7627.553 12212.930
8531.023 12254.913
6635.785 11240.855
8288.360 12276.012
8278.381 11443.413
7652.649 13790.816
6453.547 12302.634
7404.683 11810.406
7393.998 12055.106
7072.548 11594.788
7828.986 12214.270
7097.967 11243.537
6660.790 13296.578
8117.208 12262.491
7754.757 13797.220
7464.770 11836.496
8588.461 11256.749
7521.206 13045.604
8548.570 13753.762
8250.653 12851.049
7402.201 11362.035
6291.023 13385.125
7202.156 11193.965
8344.799 12554.702
7056.369 12510.205
8817.735 11181.075
7741.818 12997.458
7294.705 13581.161
7397.542 11151.703
6154.707 11906.805
8333.589 11146.482
6582.554 11619.088
6816.634 11243.083
8668.460 12565.613
7116.671 12736.514
6140.348 11969.444
6516.851 13836.474
8419.847 11283.098
8013.082 13283.674
6322.389 13018.157
7820.366 13716.363
6766.084 13413.145
8012.487 13025.707
8868.226 11224.912
7966.360 13680.708
6980.165 12149.000
7828.476 13100.374
6361.945 12432.380
8487.656 11271.739
6137.167 11588.610
7767.193 11316.010
7306.944 13870.230
8305.810 12336.128
8826.992 12254.703
6805.753 13774.849
6990.441 13265.959
8232.870 13058.194
7579.305 12582.586
6239.703 12151.484
6726.253 12415.965
6257.265 12372.336
8804.124 12220.715
6484.134 11421.705
6865.017 13370.678
6383.948 11400.113
7989.432 13177.160
7581.339 11357.214
8719.937 11966.026
7945.345 11315.603
7386.525 13141.468
8026.755 13592.377
7298.441 12286.155
8182.086 12101.789
7414.485 13310.307
6829.016 12941.459
7187.410 12513.027
8745.895 11873.071
7769.935 11627.175
6595.750 13814.800
6269.348 12157.977
6963.709 12605.941
8484.604 12879.649
8041.191 13478.879
7773.387 12400.462
7620.436 12764.905
6371.050 13605.476
6500.631 12104.073
6442.558 12400.435
6499.738 12881.619
6421.172 11246.404
6738.330 11593.359
7693.956 13135.386
7363.329 11194.863
6916.649 13595.820
7770.175 12518.709
6196.286 11463.844
6631.938 11565.922
6290.936 11564.403
6838.988 12209.462
7410.691 12027.886
6243.671 13323.972
7603.381 12363.281
6363.298 13328.837
6239.202 11874.937
7628.952 12880.944
7832.783 12763.215
6803.588 12183.459
7515.630 13215.860
6344.974 12892.131
8869.660 12172.006
6401.021 11643.436
6928.260 12190.391
8645.969 13244.876
7477.397 13097.722
7110.810 12231.476
6960.673 13729.750
6391.290 12270.427
7582.739 11277.458
8466.953 13901.144
8494.050 11153.312
8205.162 11923.833
6645.722 11751.598
6216.801 13176.779
8691.112 12349.795
6390.690 12075.705
8535.917 13525.647
7906.757 11500.766
6311.483 13789.108
8433.577 11782.340
8164.192 12152.963
8704.451 11827.936
8732.375 13397.904
6160.707 11569.152
6728.773 11653.331
8187.707 12829.658
7140.988 11242.214
7557.925 11743.566
6433.721 13093.313
6467.294 12522.305
8195.406 13641.238
7755.640 12656.950
6375.828 12406.849
6791.627 11609.580
8581.017 13422.394
7303.812 11529.912
7326.143 13108.297
7097.030 11657.411
8673.152 12545.670
7427.857 13498.334
8091.181 11321.709
8567.970 12197.339
6291.213 12277.954
8609.724 12302.394
8360.901 12006.123
7611.593 13507.521
7656.633 11275.952
6888.749 12072.808
6270.057 13497.899
8712.556 12076.009
8868.434 12814.327
8450.358 12812.847
7810.540 13562.208
6781.804 13517.647
6260.528 12915.934
8518.545 13472.848
8380.892 11920.075
6936.623 11395.420
6722.479 12126.337
6852.373 13125.931
8179.463 11238.007
7328.097 13560.209
6621.066 12238.792
7462.810 11497.178
7647.538 12820.836
6972.324 12896.751
8222.904 13870.494
8756.194 13082.004
8845.129 12421.333
8454.205 11264.196
7592.155 11897.271
8774.739 12738.230
6969.468 11371.332
6985.901 12676.703
6357.767 11366.444
7600.281 12422.953
7251.468 13236.159
6729.754 12514.264
8081.693 11228.252
8869.630 12928.356
7517.960 13056.751
6746.262 12122.952
8865.709 11787.996
7871.107 13739.232
8146.973 13307.554
7030.093 11758.236
8165.541 12960.802
6196.710 12357.783
7828.879 11418.654
8877.408 11649.402
8833.564 11523.918
8534.979 12308.155
8769.462 11393.511
7844.374 11787.624
7569.503 11506.944
7116.656 13790.663
7317.095 13576.780
7394.893 13223.296
7606.782 12783.054
7167.330 12613.018
7228.830 11843.276
6626.626 12861.499
8261.111 12401.920
7205.995 13887.943
8879.540 11183.969
6807.696 12378.970
7514.559 12716.973
7574.748 12614.451
6196.734 13655.470
6277.140 13783.636
8319.118 12782.777
7766.921 12979.803
6582.102 13677.175
8694.994 13195.525
7859.488 11194.840
7578.994 13914.386
8703.603 11533.354
8805.015 12281.489
8563.678 13177.107
7149.694 13491.601
8443.193 12736.017
8483.473 13609.608
7376.683 12782.784
7269.811 11284.829
7902.311 12065.178
6112.417 11879.345
6957.457 11275.813
7773.008 13918.420
6786.423 13618.684
6281.635 13719.186
8392.319 11768.871
6927.681 12325.936
7332.082 11773.747
8559.657 11218.261
8066.606 12427.996
8643.696 12313.083
8648.749 13151.583
7627.566 13731.162
8299.518 12295.819
6744.538 11825.369
6225.900 12441.465
7539.714 12431.533
7232.175 12985.946
6823.912 13562.844
6400.847 13760.819
7933.376 12223.558
8586.907 13010.712
8378.864 12287.990
6362.113 11496.505
6891.560 12290.808
7636.158 12371.009
7615.745 13320.092
7087.505 11799.914
6243.937 13666.821
7960.584 13366.749
6573.244 13670.868
8603.171 13918.069
8119.011 13908.586
8254.661 13853.493
8040.257 13648.034
7008.074 12012.487
8059.208 12855.401
8202.447 11194.012
8439.448 11681.113
6153.652 13712.265
8438.830 12450.515
8766.734 12318.373
6780.070 11264.371
8570.122 13358.161
6360.632 12142.689
6988.274 12570.962
7227.925 13858.234
6398.610 12602.105
6450.069 11635.591
7958.273 11543.414
6994.965 13917.123
7859.124 12131.597
8757.638 13711.092
7397.337 12484.566
6582.995 12478.417
7128.705 12887.621
8790.129 12738.633
7406.478 11224.608
8184.621 11150.087
8662.227 13514.780
6582.310 13767.953
6183.223 13103.178
6731.050 11602.677
8121.098 11698.977
7322.754 13013.290
8670.428 11397.007
8811.346 11813.233
6383.111 13525.974
8812.715 11166.802
8113.553 13770.167
7723.896 12256.152
8219.269 12397.481
7337.937 11933.686
7828.206 11351.406
7236.417 12427.881
7232.638 12694.701
6797.658 11624.344
8440.502 13143.946
8685.500 12959.739
6635.451 13044.826
6263.904 11725.701
8169.676 11445.732
6769.236 11243.314
8666.036 13862.566
7453.247 13708.835
6119.569 11635.267
7815.069 13043.493
7086.493 11685.132
8872.239 12983.772
8265.831 12315.790
8165.855 11455.103
8601.549 11658.082
7152.627 11256.213
6506.913 11150.642
8495.545 13864.534
6686.461 12704.287
6391.073 12236.614
6544.706 11864.968
8333.583 12226.846
8748.766 12468.232
6354.208 13270.083
7073.252 13159.623
7103.700 11937.617
8224.419 12071.869
6598.705 11901.886
8030.624 11393.730
6548.011 13180.402
7964.137 13125.219
6434.385 11966.431
7668.888 11953.798
8506.875 12555.541
7141.017 13866.425
8065.771 11564.491
6310.860 12333.078
8785.072 11563.205
7273.650 12837.085
6324.235 13138.451
7983.761 11839.743
8553.998 12973.946
8382.737 11997.760
6298.296 11633.053
8686.207 13259.201
8431.020 11735.938
8386.641 12622.275
6821.654 11742.581
7907.688 12063.153
7240.096 13507.578
6997.715 11520.221
8821.679 13745.337
6870.710 13649.723
6984.275 12618.261
8133.435 13378.601
6446.584 11312.610
8735.241 13003.087
7435.437 13774.154
8875.886 13793.856
8836.650 12296.748
8076.953 13853.276
6832.356 11413.787
6468.617 12597.937
8409.882 12982.678
7335.861 13921.656
8313.781 11777.453
8444.172 13800.245
7822.896 12302.675
8119.408 13444.001
6243.299 13817.193
8690.484 12420.674
7331.869 12417.547
6757.106 11314.332
7818.636 12732.231
8589.394 11440.724
7642.088 13721.043
6131.981 11712.673
6388.902 13058.605
7519.546 11391.596
6274.976 13125.164
8028.988 13349.174
8352.235 11653.808
8507.792 11493.875
8428.327 11442.291
6919.712 13794.437
7939.922 13840.140
6906.134 13902.368
6700.235 12679.636
8109.683 12168.848
7715.533 11484.003
7272.155 12226.527
7414.322 12165.912
6806.258 12538.137
8337.513 11744.302
6198.474 13851.445
7199.680 11646.263
6735.634 11628.823
8554.238 13063.894
8648.432 11410.588
6948.549 13834.002
6172.105 12051.475
7479.077 13773.538
8693.659 12668.068
8113.590 12261.705
6212.739 12498.340
6404.155 11918.244
6795.314 12885.874
6813.710 12498.183
8660.819 12030.403
8839.361 13267.031
8331.241 12518.936
7350.413 11918.035
6121.704 13814.895
8867.703 11683.074
7394.458 13799.912
8798.696 11982.614
8443.455 12556.117
8787.625 12402.817
8661.487 11590.436
8552.953 12301.514
8165.313 11258.533
7257.489 13615.482
8440.024 12956.663
6594.217 11780.351
8221.322 12692.209
7788.387 13288.425
8826.045 11297.600
7612.432 13424.903
7595.473 12224.964
7900.390 13185.006
8416.507 11782.009
8603.388 13856.810
6669.657 13400.141
8245.607 11634.259
8563.037 12679.178
6678.012 12141.439
8811.711 13097.227
8739.319 11574.809
8013.308 12685.360
6687.456 12000.841
6933.102 13102.059
7099.321 13082.262
7257.297 13351.035
7426.366 13421.684
8028.764 12592.705
8413.736 11512.222
8588.942 11693.105
7896.247 12897.997
8350.064 13382.893
6702.550 13094.380
7255.165 12670.152
8160.737 11856.292
7518.216 13238.727
7062.075 12096.842
7111.709 12251.117
6558.537 13275.457
7812.895 13208.890
8780.479 12497.455
6986.421 11900.911
6265.542 12691.640
8027.948 13626.088
7036.870 13749.201
7420.264 13275.276
7809.651 13526.565
7852.009 13416.262
6185.453 11447.523
8680.518 13177.975
7313.271 13216.304
6401.211 13837.980
8496.261 11251.257
6874.268 11571.146
8371.537 11260.152
7618.796 11410.791
6454.796 11359.207
6615.627 12446.487
6975.728 12388.475
8307.445 11571.633
7483.418 12587.470
6291.114 11686.153
8770.453 12419.712
8404.558 11508.768
6508.097 13170.452
7778.525 13059.178
7027.465 11522.496
8305.225 13228.070
6130.449 11799.534
6879.869 12884.367
6339.308 11198.203
8444.117 11659.148
6182.339 13066.997
6282.057 13280.214
8392.919 11243.967
7480.190 13909.364
8725.883 11696.019
8393.308 13326.588
8063.030 12012.307
8414.707 12327.165
7376.315 13669.022
7158.348 12352.087
8063.966 12925.069
8088.135 13525.503
7523.406 12436.314
8838.631 11436.953
8406.055 12752.515
8749.860 13303.769
8123.614 12140.266
7894.852 11711.744
7999.497 11642.881
6228.096 12504.450
7338.902 13243.125
6558.791 13334.441
7093.300 13759.736
6377.014 12805.309
6331.166 12402.123
8831.282 13118.071
8798.123 12573.658
7240.055 12283.763
7946.902 12018.691
8660.031 12164.784
6598.727 12412.214
7488.977 13846.056
7989.000 12150.025
8282.566 12729.358
8071.177 12947.964
7199.399 13737.543
8413.214 12786.256
6936.509 11219.745
8563.415 11633.298
7351.207 13257.934
8011.974 13571.644
8165.524 11380.306
8830.555 12683.584
7381.840 13744.373
8609.311 12896.225
6948.224 12001.588
7355.393 13669.930
8735.225 13188.733
6122.313 12755.095
6804.946 12661.608
6760.287 11504.730
7459.084 12210.892
6752.842 12512.530
8813.877 11778.499
6915.458 12657.300
6689.397 11379.152
8424.990 12281.541
8021.045 12025.779
6954.958 12083.635
6215.311 13821.118
8096.863 11566.418
8834.809 12928.341
6849.221 13771.051
8008.902 13192.806
6131.551 13492.681
7821.296 13524.793
8473.678 12813.894
6947.511 12019.110
8867.571 12731.915
7716.767 12354.554
7335.251 13848.988
6127.286 13373.639
8229.157 11398.324
8118.014 13833.455
8019.987 12912.545
7853.362 12586.918
6619.661 13284.343
7101.514 11873.874
8331.622 13139.101
8296.881 11576.394
7924.477 13514.182
6559.772 11422.237
8111.049 11522.041
6130.789 11818.216
6119.184 11551.052
6953.501 12976.729
6185.814 11460.513
7038.480 13181.739
6210.563 11548.324
8130.601 12260.558
7171.886 12716.148
6631.358 12534.876
8309.469 12253.464
6871.163 11735.473
7233.967 11802.602
6462.775 12509.589
8763.163 13735.159
8377.335 11416.610
8254.165 13263.324
8425.969 12342.522
8391.723 11923.461
6637.989 11939.886
6287.376 11295.158
8871.421 11633.386
8762.025 12291.404
6817.881 11348.830
6517.301 13820.910
8661.606 13790.209
7384.270 11899.050
7034.725 13692.492
6599.503 12139.246
6690.380 12693.456
6963.614 13179.823
7512.967 11568.069
7834.242 11639.711
6233.605 11523.156
8076.235 11751.398
6611.400 12799.455
8711.691 12320.484
6761.204 13762.416
8322.246 12105.597
6416.154 13273.991
7696.692 12334.529
8355.670 13482.857
7003.829 11818.778
7439.711 11964.986
8167.458 11375.264
6722.274 11161.800
7832.759 12458.098
7160.004 11421.767
7364.654 11353.280
6327.612 12575.027
6725.672 11303.010
7987.084 11880.867
7015.587 12193.995
8179.746 11995.069
8664.784 13420.481
7102.736 12074.346
6458.871 12464.731
8739.305 13291.058
6773.222 12414.728
7247.161 12417.248
7025.192 12090.456
8199.380 12265.742
7996.736 13101.206
6897.212 13621.828
6655.706 11541.893
8552.247 12594.185
6974.311 12011.775
6349.572 12025.989
6805.603 11195.672
6401.446 12171.900
6752.380 13818.939
8662.066 13789.454
6758.743 12475.651
7585.335 13056.627
7939.123 13121.992
8646.874 11334.596
7964.524 11575.027
8574.205 11206.077
6213.409 11848.928
6827.225 11893.166
7577.175 12169.168
7658.287 12065.944
6132.913 11439.909
7250.917 11985.633
6479.966 11588.350
8430.061 13215.878
8667.924 11330.964
7926.091 13184.942
7994.941 13098.668
7004.948 11799.378
8673.009 12492.068
6630.955 11309.760
6550.567 11953.449
7601.660 12862.231
8883.062 11976.207
8531.406 12421.199
7282.818 12023.045
7053.986 13712.114
8698.966 11532.644
8857.540 11967.682
6288.559 11650.787
7590.959 12803.714
8888.353 12351.608
8467.510 13051.095
7225.062 13450.743
7008.049 12741.901
8603.321 11695.949
7456.225 12010.399
8773.568 11733.438
8311.173 12152.842
6516.650 12850.226
8677.487 12438.580
8324.443 11229.287
7869.622 13432.134
6160.180 13645.414
8755.178 12342.818
7171.149 12777.527
6469.623 11350.303
6151.973 13728.059
7633.933 11601.247
6988.340 13875.779
8291.615 13251.174
7767.262 11808.778
8803.635 11821.643
7240.741 12371.082
8592.062 11332.957
8644.234 13134.435
7574.083 11607.872
6126.591 12135.367
7942.692 11405.033
6364.810 11155.640
8802.330 12935.839
6743.862 12402.467
6973.903 13311.832
8259.161 11790.132
6226.652 13714.829
6430.683 12707.653
7579.473 11933.002
8319.100 11642.584
7603.753 13335.622
8526.844 11929.628
7118.456 11447.835
7696.774 11660.608
8786.204 12514.684
7787.724 13260.869
7182.655 11441.908
7866.506 13248.406
7931.697 13712.052
6462.147 12092.827
7180.902 11446.855
6485.927 12622.767
7654.214 11716.427
7105.378 12951.341
6214.089 12725.383
6622.626 11286.492
7286.823 13339.269
7788.691 13240.945
7067.532 12028.840
6124.898 12698.464
7778.026 11735.841
6196.657 13385.530
8685.420 13290.811
8418.456 13018.636
6731.538 11847.529
6994.345 12942.155
8822.277 12997.864
7053.389 13278.011
7091.903 12107.693
7077.797 12063.153
7759.140 13084.697
7544.478 13820.905
7924.539 12447.872
6914.420 11705.591
8595.222 12062.766
7366.579 11365.926
8093.819 12902.961
8750.928 11975.843
8341.995 13849.382
8706.083 12315.610
7416.230 12041.949
7100.322 12804.197
8745.113 13603.229
7140.329 13113.793
7056.626 13322.027
7039.001 13836.973
8294.818 11444.228
8508.766 12101.962
8063.676 12374.261
7668.927 11147.920
6338.996 12292.936
8767.719 13862.557
7285.916 11897.261
7658.341 11401.237
6341.666 13530.050
8219.603 11273.831
8126.320 11564.064
6379.429 12091.433
7671.259 11830.501
6912.939 11466.690
8164.478 11190.743
7942.325 13126.362
6756.266 12835.773
7383.319 12752.150
7553.449 12600.708
8641.241 12897.229
6407.840 12415.461
6836.764 11910.243
7491.737 12556.338
8719.329 13003.128
6889.432 12783.629
6575.454 13127.661
6740.772 11873.711
8078.188 11205.307
6538.722 11270.761
7031.276 13097.390
8027.074 13448.777
8248.510 12669.716
8843.501 12009.095
8392.106 11733.594
6584.295 13210.165
6519.088 11860.818
7123.415 13243.473
7316.145 11512.804
7911.964 12544.769
7754.497 13295.625
8134.632 11196.220
6502.203 13725.190
8038.662 13598.828
8627.779 12954.059
7634.778 11663.935
6958.700 11940.214
8478.627 13076.075
7807.145 13269.218
7374.962 12795.982
8601.168 13601.882
6312.431 12844.628
7990.433 12153.627
8712.689 11635.807
7035.682 12938.079
8424.368 12539.121
7366.388 12409.549
6182.581 13034.049
6636.200 12263.688
8357.877 13217.580
8086.679 11849.815
7112.783 13176.320
6335.229 11456.953
8598.669 13911.231
8798.493 12386.450
6225.453 13297.128
8386.812 12209.228
6140.908 12265.279
7215.208 13740.670
6416.265 13902.762
8614.190 11244.953
8677.797 12363.458
7574.673 13241.101
7161.957 11933.252
6624.130 13890.806
6769.738 12431.436
6893.407 11638.587
8870.969 12350.335
7428.781 11947.713
6701.386 13570.717
8343.198 11881.589
8105.365 13117.034
7558.061 12271.362
6870.387 11955.165
6795.144 13482.382
6743.908 13577.614
6461.400 11991.288
6962.914 11858.090
8491.286 13897.153
6376.932 13719.690
8765.956 11311.302
8462.435 11606.423
7328.352 12125.038
7197.960 11569.149
6742.603 13544.975
7499.455 12342.372
7392.604 13354.885
7575.806 13291.192
8689.893 12598.249
7178.056 11929.921
7331.827 13618.428
8208.374 13368.195
7403.083 12983.300
8403.162 12168.030
6782.812 12692.625
8010.556 11383.520
6540.270 13088.088
8060.383 12474.102
7731.480 12983.493
7410.632 13660.445
7087.046 13784.743
8322.055 11842.830
7610.954 13352.117
7121.147 12131.602
6778.485 12426.506
6943.974 13243.100
7244.695 11586.764
8236.833 12422.025
7052.116 11486.995
7227.178 11936.683
8229.319 11965.351
8012.124 11912.567
7986.891 12540.548
7385.666 13054.223
8799.082 13463.820
7399.939 13183.200
7775.881 13242.721
6259.853 13403.302
7948.585 12512.170
6304.046 11501.664
6674.617 13601.235
7870.631 13066.532
7728.994 13726.457
6629.477 13814.039
7050.018 11320.224
7499.631 11564.333
6687.582 11759.483
8005.380 12491.361
6930.713 12695.433
8510.235 11827.504
6193.452 12652.002
7571.296 11657.955
6225.647 11513.189
6914.090 13803.258
7041.106 13312.129
7561.906 12217.080
7066.902 11505.471
6366.610 13723.185
6737.660 13265.467
7559.300 12832.390
6996.037 11259.055
8832.816 12827.710
6145.282 12530.742
7139.782 11789.287
6622.641 11765.363
7023.816 12907.758
7259.048 13415.677
8653.104 11222.518
7514.356 13769.417
6439.144 12344.020
8520.386 12139.496
6795.007 13350.155
7271.079 13576.654
7433.643 13510.824
7093.932 12681.214
7286.185 11558.736
7888.928 12976.342
7592.111 13900.925
8836.081 11846.411
7458.294 11795.599
7109.404 11709.980
7332.411 11501.584
7601.979 13538.747
7402.107 12097.082
7345.150 13200.542
8477.200 12562.957
8456.498 12353.578
6492.999 12480.958
7077.680 13442.447
8493.447 11511.318
8215.071 11440.568
8702.496 12106.611
7784.363 13561.745
7480.742 12967.138
6330.552 13306.184
7908.988 11649.334
7271.362 11787.958
6973.495 13457.463
7057.023 12343.380
8746.282 12370.461
8551.687 11688.707
6504.339 12350.543
8239.939 11958.722
7324.690 13160.278
7365.671 12058.203
7072.417 11415.020
7009.470 12092.033
8411.622 11628.332
8502.806 12756.529
7032.641 13743.352
6349.131 13791.751
7044.102 11944.405
7694.315 11156.029
7527.564 11630.059
8498.151 13477.274
8803.394 13520.866
8885.557 11424.405
8259.126 11721.529
6201.600 12388.655
6782.828 12616.270
7598.577 13865.351
7901.687 13755.635
8150.312 11732.463
6450.851 11698.530
7283.377 13444.005
8767.490 12557.476
7766.332 11555.162
6455.104 12584.307
6808.280 13382.684
6129.153 12579.533
7132.572 13525.574
6318.772 12346.977
7294.736 13207.831
8862.498 12121.067
8683.883 13063.270
6734.274 11670.010
8364.432 11898.141
8660.736 12631.614
6139.983 12578.247
7682.173 12897.161
7249.403 12235.733
6586.682 11385.193
8699.104 12977.294
8287.276 11588.816
8656.704 11150.132
8032.488 11996.720
7550.550 12248.547
6240.085 12248.205
8287.771 11997.017
7804.048 11483.570
8082.269 13142.322
8076.309 13542.728
7380.553 11460.838
6694.524 11507.899
7284.563 13373.361
6757.338 13259.120
6119.569 13492.921
7817.796 13592.835
6116.482 13420.143
6599.555 12545.102
7036.805 12739.220
7615.470 12706.556
8339.567 13910.877
6154.405 13192.894
7818.887 12388.123
6451.712 11157.509
6350.447 11365.990
6787.211 12363.963
7996.162 12530.407
6175.634 13058.913
6508.442 12470.632
8627.268 13844.445
8431.457 13749.929
8396.496 13821.670
6999.156 12628.988
8012.093 13034.301
6884.128 11619.803
8174.214 12482.351
8428.731 13283.520
6918.190 13864.312
8213.505 12363.706
8386.564 11666.649
8759.280 13891.735
7576.390 12454.811
7657.500 13231.670
8091.243 12231.369
7527.334 12514.887
7483.344 13274.480
6812.997 13470.876
8498.958 12812.068
6603.521 13183.709
8879.005 13653.222
6480.812 12777.812
8280.945 11603.569
8860.854 12189.416
6261.816 13473.323
7093.480 12065.971
7876.797 11270.903
8308.046 12443.419
6469.029 11282.020
7312.743 11498.102
8528.633 11469.490
8604.161 13094.886
6834.189 12088.846
7026.080 12806.650
7518.529 11667.663
7218.355 13103.359
6461.541 11177.076
6253.454 13157.570
6238.298 13260.044
6797.510 11184.732
8620.061 11791.825
6507.735 12616.110
8108.366 13012.898
7636.128 11818.710
6118.008 11805.962
7539.899 13746.756
6824.032 11511.946
7083.146 12882.284
6313.417 13248.433
6523.131 13539.758
6844.461 12529.791
7338.634 11482.393
8245.586 12712.365
8234.852 11673.871
7236.206 12434.702
8790.183 12990.596
8716.862 13812.422
8014.978 11719.611
6401.424 13399.468
8055.418 13139.131
7647.564 11773.808
7377.450 13191.001
7058.837 13421.072
6824.443 12119.962
6942.744 13300.182
6853.874 12927.564
6389.321 13156.301
6606.295 12283.884
6751.216 12321.504
7697.957 11829.630
7425.948 12036.631
8253.544 11752.323
7264.369 11507.339
8337.510 12873.811
8348.046 12802.358
6247.198 13482.161
6919.593 11354.308
6414.970 12970.188
7301.157 12176.440
6499.227 12410.653
7661.237 12790.687
6576.511 12319.585
6628.048 13328.669
6727.204 13056.230
6694.494 12310.821
7545.999 12194.099
7419.173 11957.555
7614.209 12677.208
6837.134 12563.693
8390.649 13523.610
7866.842 11779.640
8531.542 11750.851
7771.627 11933.424
6957.745 11443.136
7008.507 13699.446
8797.703 12919.366
6654.994 13410.848
7518.447 11544.352
6174.715 13582.427
7894.633 11317.296
6356.523 12329.907
7121.679 13392.616
7147.256 12353.533
7985.064 13777.103
8330.941 11439.144
8127.141 13087.131
8037.730 13217.187
6443.550 12169.746
7135.523 13837.990
7097.144 11205.526
7194.919 13678.659
7153.382 12951.337
6348.127 12336.279
7181.013 11164.197
6888.957 13428.669
6144.975 13801.895
6496.081 13147.353
8386.133 13732.382
6980.496 13198.272
8360.193 11915.645
7020.621 12646.635
7249.467 13403.061
6540.653 12917.307
8052.182 12522.207
7054.793 12719.357
6326.045 12576.692
8243.300 13613.527
6696.492 13339.925
7440.591 13388.372
7209.202 12670.455
7567.539 11488.812
8855.266 13056.968
7772.425 13536.529
8763.588 11593.499
6839.154 11170.806
8325.927 12580.556
7594.486 13867.998
8107.607 12108.470
6734.222 13207.555
7730.211 12800.090
7832.349 11505.852
8558.607 13561.992
7666.536 13264.954
6828.960 11779.322
7825.512 13825.538
8518.837 13342.210
6601.021 11888.249
6213.296 11211.969
7297.754 11237.718
8672.615 12676.226
6317.760 13289.929
8344.590 11778.136
7286.489 11778.373
6212.772 12234.525
7257.893 13155.728
7431.362 12631.484
7331.198 12039.599
7088.857 11989.463
7693.441 13709.704
6122.064 11694.145
7556.181 13665.983
8208.026 13905.118
8250.651 11474.938
8650.879 12362.882
7787.188 13102.825
7007.426 13747.690
8458.377 12940.038
8733.951 12501.743
6608.739 13362.925
6804.238 12478.299
7718.653 11340.499
7474.967 11576.701
6287.944 12753.351
8057.956 12468.414
8704.725 12935.473
6173.435 12981.742
6447.285 12717.850
8597.743 12836.953
7729.041 12484.605
6982.702 11380.923
8212.323 12181.562
8447.670 12583.526
7865.032 13263.105
8884.637 11638.033
7294.760 11208.838
8489.675 13118.748
6306.668 12007.582
7483.217 12920.806
6719.645 11274.346
6164.075 12518.470
7172.601 13719.224
7537.712 13523.865
6515.481 11675.090
6890.882 11770.594
7625.112 13782.712
6924.943 12342.793
7813.520 12422.923
6250.631 13435.114
6702.217 12199.576
8793.503 13881.341
7591.831 13229.418
7274.730 12126.124
7477.569 12179.629
6125.096 13254.671
8453.998 12283.106
7514.767 12125.594
8105.659 13262.451
6771.514 11217.026
6252.569 13099.118
7115.207 12058.101
8460.211 11266.283
6490.160 12961.395
7106.994 12289.265
6385.070 11955.636
8434.643 13027.380
6522.730 12444.754
6510.278 13649.051
7323.771 13723.324
8676.689 12568.355
7631.318 13732.961
8500.428 13051.695
6644.060 12494.621
7836.123 11713.973
6452.000 12852.151
6306.630 12747.873
6826.846 12005.540
7350.859 13214.866
6642.376 12602.671
7140.894 13889.815
6266.936 12942.542
8468.899 13155.577
6611.479 12558.893
6406.302 13380.961
6262.198 12598.826
7754.838 12128.636
6537.322 12745.877
8132.626 13476.090
7171.998 12091.261
7896.777 12486.334
8718.860 13684.968
7658.164 12005.286
6703.061 13782.277
6570.202 13505.225
8465.741 11528.234
7755.249 11853.750
7679.000 12252.628
7654.422 11468.905
6781.074 13364.546
8849.661 13478.464
7379.041 12922.671
7040.961 13808.276
6309.784 12693.559
8068.845 11537.898
6535.694 12665.847
6981.551 11894.349
7229.570 11906.741
8209.119 11940.416
8803.826 12052.647
8015.632 11279.848
7312.682 13825.083
8047.259 11587.396
6171.088 13412.996
7385.040 12240.963
6517.906 13774.388
7427.368 11854.848
7419.587 13507.306
6148.612 13789.136
6167.701 11905.052
6394.825 13426.190
8683.939 13446.391
7679.805 11601.157
6939.000 12643.953
7592.148 12801.378
6333.600 12784.152
7655.366 12284.798
7924.080 11221.187
8592.634 13889.974
8580.776 12366.878
8064.385 12339.122
8374.506 13444.606
8374.273 12405.967
8045.365 12963.001
8690.182 13048.955
8568.798 13098.028
7108.045 13568.385
8242.638 13757.740
7241.108 12374.813
8647.155 11825.002
8803.223 12258.479
6983.942 11222.622
6117.458 13778.450
6653.745 13427.980
8269.541 11479.815
7160.382 12978.022
7554.561 12071.927
7687.233 13693.776
6411.599 11945.520
7167.863 11434.561
7034.517 11602.559
8540.444 12667.844
7900.166 13395.475
7581.744 13409.180
8015.722 11194.221
6465.776 11312.116
8140.951 11220.276
6601.363 12893.400
7520.884 12928.562
7796.575 11491.608
7379.794 11816.041
7378.767 12040.705
6393.825 13760.676
6472.457 12709.442
8147.895 12653.916
6123.861 13543.929
8454.343 13077.080
8569.619 11947.657
6246.794 11805.322
7452.525 13136.760
6780.206 12053.178
8762.784 13692.687
8300.713 11967.973
8223.762 11154.701
7454.708 12076.650
8204.087 13809.891
6724.704 11380.686
7984.742 12030.557
7071.795 13688.747
8632.083 11589.924
6409.877 12112.418
6372.601 13518.585
8748.487 13212.279
6880.719 11878.861
7696.979 11896.714
8055.976 12384.080
7712.322 13628.412
6112.811 12507.154
8425.226 12053.376
7466.738 11793.091
6152.248 13118.009
8022.929 13768.733
6455.688 11598.362
6726.362 11940.219
7720.329 12546.072
6349.194 11735.602
7598.363 11712.757
7490.229 11993.879
7604.424 12619.648
8697.657 12445.656
7432.425 13598.256
7707.499 13124.049
6547.355 13391.254
7076.229 13342.019
7232.980 13018.295
6448.354 11839.667
6936.415 13107.827
6209.865 12109.898
8537.883 11345.918
7680.437 13212.885
7994.219 13148.513
6771.890 13060.021
6620.984 11623.159
6366.297 11606.257
7503.997 13706.374
7990.405 13278.435
8391.233 12377.834
7843.224 12869.192
7123.698 13283.707
6447.116 12228.715
8879.068 11162.342
6863.936 13080.902
7768.971 11763.917
6465.893 11988.890
8335.312 11832.998
6238.359 12901.901
6576.942 11843.863
8351.784 13197.763
7594.016 12012.725
8064.838 11314.459
6690.125 11621.867
7141.260 11522.100
8207.874 12753.985
7767.639 11964.504
8612.908 12302.326
7916.274 12342.402
7597.713 13406.414
7444.791 12930.934
8446.871 11409.393
6272.952 12363.302
7426.397 12237.898
8116.183 12955.972
6852.990 13570.528
8483.645 13709.280
6280.286 11421.362
8635.734 13116.890
7963.632 13370.247
7574.386 12291.639
8395.036 13026.690
7074.322 12165.651
7943.292 11689.086
7689.717 12962.011
7113.991 13726.050
8334.000 11748.362
7168.359 11254.133
8002.377 13597.990
7158.560 12270.154
8742.152 13004.790
7645.474 11324.783
7517.706 12610.599
6725.765 13398.320
7124.830 13442.973
7369.794 12986.056
8231.192 11602.073
6693.075 13799.566
7234.731 12588.079
7229.958 12686.021
6874.232 12148.593
7156.324 13323.451
8064.629 11316.157
6617.803 12761.506
8845.699 13086.574
6678.189 12844.562
6908.849 13049.953
8148.273 11722.391
7761.160 11463.064
6792.740 12611.827
8394.501 13522.850
8509.939 11923.975
6772.523 11879.539
7937.941 11549.010
8703.304 12521.849
6216.153 11400.353
6272.948 12026.096
6768.333 12937.253
6689.544 12665.325
6346.147 12044.316
6153.930 12224.657
8815.278 11896.782
8239.020 13871.102
7257.761 13204.000
7805.541 12433.970
6856.300 13514.621
7003.615 12729.804
6683.926 12857.233
6234.524 12623.809
8208.203 13371.029
6731.098 13417.705
7920.891 12637.927
6322.600 13726.023
6669.996 11429.300
8883.625 12969.555
6720.777 13383.696
7289.059 13776.627
8204.976 11185.765
7294.074 11312.444
6922.831 11774.793
6374.640 12380.125
7522.401 11685.251
6660.187 13674.773
6211.843 12246.226
8748.932 13179.696
8026.566 12306.185
6379.441 12194.409
6231.929 11783.731
8106.228 13897.952
6492.586 13662.324
7051.155 12212.931
8042.813 12495.805
6731.043 11436.942
8749.179 13912.307
6377.000 13320.410
8450.435 13893.685
8799.917 12797.387
8761.288 13292.741
8519.869 13776.348
6517.391 12236.557
6281.304 11995.421
7358.184 12258.466
7016.028 11743.607
6251.961 11481.784
6225.083 13763.248
8212.755 11504.425
7406.626 13242.130
6250.138 12011.265
7953.350 12014.075
8294.546 13887.136
7604.455 11218.753
8685.681 13259.627
6609.925 12745.473
7587.153 12419.954
6666.650 13906.603
7635.958 12980.104
7773.144 13532.159
7553.623 12368.841
8673.321 13867.420
6578.932 13568.782
6548.096 13147.781
6995.691 12657.706
8479.471 11563.115
6967.849 13366.522
7735.880 13673.604
8465.938 12559.416
7877.757 12727.798
6257.517 13312.067
7553.473 11636.866
7088.676 13459.833
7417.975 12999.326
6575.529 13266.095
7418.291 12756.620
8673.043 12672.239
7616.723 13204.608
6184.628 13023.660
6147.054 13141.443
8591.646 11607.752
7991.439 11521.402
8125.408 12337.217
7345.589 12790.882
7849.963 12294.070
6249.147 13419.392
8127.524 13881.491
8170.936 13613.547
7168.142 11158.243
8377.601 11719.208
7298.902 11787.038
8046.475 12452.885
8631.212 12831.272
6145.026 13323.288
8779.111 13878.501
7545.264 11468.547
6144.688 11302.314
8289.680 13350.560
7018.100 13687.939
6194.362 12100.973
7673.708 12622.565
7542.235 13584.763
8840.928 13159.285
8049.405 13342.805
8012.450 13079.135
7414.462 12124.720
8636.175 12341.104
8781.090 13172.539
8272.902 13105.479
7836.291 12003.091
6436.522 12286.606
8442.726 13817.239
7318.784 12487.539
6878.396 13900.577
6270.310 13551.669
7949.833 11724.601
7690.674 13588.618
7745.627 13128.023
6337.315 12582.504
7484.497 13199.744
8487.472 13149.424
8878.738 13102.355
8153.541 12026.175
8366.627 13603.553
7012.701 13851.913
7624.606 11364.073
7197.333 12150.026
7693.265 12253.740
8641.151 11821.402
8069.201 13872.671
7597.551 13801.702
6925.233 13534.840
7927.400 12964.902
8161.724 13085.264
7785.668 12868.304
6701.987 12331.486
7400.741 11778.603
8217.493 12987.080
6720.989 13882.180
7425.241 11233.321
8602.978 12641.395
7409.934 12420.640
7641.244 12501.797
6760.089 13190.459
8081.447 13799.338
6239.600 13729.003
8091.576 11281.765
7484.292 13774.837
7683.075 11426.460
8796.998 11383.429
6158.114 12666.685
7539.672 11366.518
7717.082 13350.649
8241.291 13858.408
6436.415 12195.171
8640.145 12615.070
7628.688 11427.491
6461.156 11363.856
8393.101 11921.986
6243.707 11419.034
8740.514 11378.174
6345.788 12313.401
6386.358 13060.775
6480.672 11303.737
8084.399 11912.879
6994.045 13883.719
6461.986 13621.329
7064.412 13520.731
7628.090 13424.422
8719.768 13305.488
8423.309 11185.004
7791.134 12160.748
7057.871 13344.381
7493.310 12527.827
6628.551 13168.156
6812.687 11881.544
6774.911 12711.136
7833.218 12124.514
6477.052 11440.807
6707.295 12346.220
8169.302 13572.443
6280.313 13459.847
7610.225 12082.517
6871.239 13778.780
7696.016 12535.970
7460.255 13175.189
6182.004 13081.993
8215.834 11381.139
7271.302 13684.331
7734.149 12375.736
7946.204 13444.557
6900.215 11745.595
6871.699 11362.784
7830.252 11239.529
7127.808 11902.347
8589.511 11923.917
8243.467 13898.030
6177.290 11918.030
6690.110 12518.325
6873.232 12212.455
7372.279 13177.793
7006.673 11958.783
7229.365 11829.444
7604.888 12214.612
8845.652 13247.756
7363.589 13626.225
8075.023 12685.717
7883.446 12021.003
7505.477 11638.293
7690.422 11444.794
7577.812 12404.767
7085.036 11892.811
7768.706 12954.590
6811.256 12518.940
8708.214 11467.935
6284.782 12627.688
7382.220 11701.276
7675.988 12892.128
8425.554 11798.844
7980.525 11203.918
8220.392 11332.469
6201.178 13268.238
6676.014 11247.916
7141.185 11605.302
6579.531 12391.314
6206.159 12967.323
8308.337 13502.221
6332.806 12081.742
8835.528 13207.966
8803.377 12929.008
8360.652 11704.571
8844.145 11581.580
8459.647 11621.674
7538.899 12395.624
8758.531 12279.354
7609.187 12411.387
8421.519 13505.331
6586.615 12397.095
8186.568 12170.032
8648.405 13591.481
7070.197 11628.435
8235.599 12310.260
7549.952 13629.994
6313.945 11751.740
8888.411 11679.162
6393.956 13730.484
8759.479 13702.640
8126.518 13441.970
7603.242 12171.774
8467.525 12816.885
7212.557 11471.887
8020.720 11760.855
8741.222 11570.552
7052.525 12641.855
7265.960 11954.547
6328.953 13154.521
8217.835 13337.536
8818.959 13887.475
6517.253 13568.498
7219.588 11752.191
7737.523 13295.153
7755.220 13133.041
8680.183 12631.947
6522.729 13151.301
6730.480 12131.202
8784.611 12388.394
8352.760 12692.612
6603.750 13662.326
7592.778 12135.316
7524.917 13128.182
8154.370 13763.940
8628.002 12389.866
6375.749 13296.337
8123.860 13918.305
7808.154 12814.664
7988.747 12414.087
6563.023 12868.188
6894.363 12662.318
7677.193 12762.396
7202.416 11213.281
6322.723 13565.421
6544.961 13344.638
8551.965 12136.289
8220.612 12307.817
8619.967 13066.324
8175.719 13410.864
6466.810 13785.032
7466.199 11626.310
6746.527 12666.370
7800.884 12123.003
6187.495 13541.108
7631.260 11766.087
8769.963 12543.664
6775.841 11565.198
7125.438 11468.879
8394.689 12682.034
6672.349 12834.485
7163.216 12279.168
8241.705 11916.553
7184.421 13492.314
7874.013 11219.089
6513.819 11933.125
8378.883 13360.974
6380.930 13029.244
6228.309 13787.239
8282.235 13536.822
8012.604 11325.172
8659.410 11462.686
7185.426 11377.181
7623.324 12771.001
6583.574 12072.216
6481.679 12837.374
7398.623 12503.468
8620.859 12354.428
7584.797 11535.494
8008.856 12613.873
8584.037 13014.191
8553.799 12463.895
6249.709 12961.195
8689.003 11514.971
8649.861 12767.465
7577.484 11517.320
8333.454 12851.147
6628.497 12382.261
6158.693 13081.302
7712.708 13874.974
7654.430 12507.527
8272.526 13498.482
7190.551 13440.331
6914.875 13550.684
8387.757 13450.819
7309.630 11609.242
8050.956 11637.963
7625.910 11266.467
6362.504 11869.323
6449.575 11453.682
6148.225 13377.213
8363.687 11277.651
8693.287 11594.139
6158.559 11717.922
8755.647 12520.220
8069.172 11837.365
6930.021 12572.205
7440.588 11471.411
8070.274 11444.490
7616.175 13912.948
7566.323 13797.190
6111.508 12381.650
7291.869 13517.863
7167.314 12883.817
6969.799 12555.286
8210.139 12553.541
7989.740 12283.901
8674.460 11228.566
7045.672 11931.856
7951.220 12318.579
6859.662 11341.974
6857.847 12183.672
8060.468 12496.884
7628.133 12846.498
7467.115 11511.216
6261.375 12483.021
7432.761 11163.922
8726.219 11464.290
8334.627 12469.624
8437.773 12874.536
7195.823 13590.161
7959.718 12091.943
7134.706 13861.894
7571.200 11864.581
6669.700 12331.928
7432.781 12517.819
8179.465 13662.469
7744.009 12846.718
8034.223 11701.699
7164.146 11921.234
7020.196 13062.521
7748.158 12764.278
8360.145 11254.924
8399.579 12097.512
6504.878 12780.152
8166.985 12167.397
6822.489 11272.353
6755.539 12264.780
8749.963 13606.035
7196.080 12251.296
6892.983 13079.826
7104.023 13120.733
6227.622 12483.761
8684.684 13062.204
6141.140 11817.611
8639.225 12169.081
6193.447 13248.358
7338.671 13360.872
7718.537 12418.700
6677.008 11700.579
7604.875 11158.638
6804.474 11171.105
7997.869 12417.899
7435.767 11444.676
7434.267 13095.718
8620.715 13232.418
6406.609 12254.147
7300.903 13044.535
8812.860 11471.685
6163.380 13268.546
8019.996 12546.260
7130.764 11229.590
7396.617 12639.380
6603.265 12411.446
7552.093 11372.443
7115.541 12915.036
7800.902 11317.558
7275.360 12462.188
7921.129 11904.531
8648.411 12216.937
6833.996 12411.447
8373.218 12459.133
7584.154 13144.728
6933.746 13751.896
7816.661 11519.652
8391.511 13781.891
6184.019 11417.670
6359.950 11459.468
7001.255 13885.916
8389.542 11727.955
8744.709 11395.246
7845.966 13628.874
7252.546 12495.925
7144.730 13114.557
7791.759 11396.843
6397.869 13660.615
7740.135 12276.127
6266.225 13715.118
8636.389 12272.697
7739.499 13006.837
6809.472 12215.774
6322.019 13852.430
6772.586 13385.645
6353.039 11756.125
8127.705 11517.451
6534.143 13333.242
8131.996 12603.034
7734.810 11882.554
8531.797 12963.212
8874.586 13234.758
7317.754 13485.772
7871.023 13278.263
8386.840 12622.476
7030.432 11269.467
7844.106 13654.694
6565.027 13406.464
8196.087 13592.919
7735.550 12525.192
7055.994 13617.314
7713.976 11367.211
7438.261 11144.452
8078.183 11844.869
7032.047 13031.233
7491.994 11884.421
8115.760 13123.826
6422.711 13569.247
6213.386 12927.779
7183.284 12449.417
8651.444 11595.693
7814.334 13132.512
8836.977 11467.751
6465.058 13778.341
8651.087 12414.609
8334.046 12474.326
8269.657 13303.230
6721.212 13653.247
8542.151 11645.662
8306.349 13206.646
8055.134 12121.758
7305.675 12945.484
8472.926 12142.522
7699.334 12077.468
7604.726 12566.785
6550.066 11156.468
8679.409 13252.704
8315.951 12179.704
6412.708 12300.707
7058.068 12465.113
6157.533 13283.337
7212.425 12524.702
6424.269 12335.140
6703.810 12654.407
8157.599 11572.871
6975.703 12089.758
7507.866 12998.262
6377.966 13011.359
7449.762 13748.521
6119.435 12454.081
7368.164 11432.438
7846.412 12811.961
7066.702 12018.254
7854.890 13427.113
8021.252 11937.479
8400.109 13732.495
8726.867 13895.342
7622.030 13196.567
8504.431 11416.554
8161.550 13287.207
7214.252 13137.486
6476.858 12254.378
8383.089 12414.106
6951.718 13477.609
6154.860 12580.479
7339.359 12424.821
6393.297 13499.504
7623.545 12403.632
8546.071 11904.207
7056.746 11710.219
7281.423 12074.541
7645.898 13456.047
6470.121 13911.140
6979.459 11294.772
7726.899 12656.899
7990.743 12072.201
7253.919 12133.522
6678.640 12240.624
7034.114 12242.390
7382.398 11832.060
6147.428 12528.542
6637.879 12845.878
8269.526 12757.382
7038.981 12749.236
6359.929 12081.441
6645.341 13146.718
8158.139 12218.758
8067.817 12832.022
6616.783 12123.163
8647.293 11536.211
8377.880 11882.859
6351.542 13365.381
7466.336 12328.764
8654.958 13353.338
7866.956 12550.425
7442.017 12160.358
6322.622 12267.925
7686.094 12906.927
8233.595 11835.837
6426.285 11234.759
7722.712 11576.041
8386.666 11915.850
8881.815 13229.735
6371.095 12752.357
8454.577 12091.447
7654.098 13083.797
7101.116 11351.608
8172.105 13902.470
6846.259 12693.982
7840.774 13463.703
7807.296 13417.793
6849.971 11888.852
8216.158 13427.227
7327.612 13596.732
7325.174 13589.117
6446.872 12277.538
6795.195 12952.989
8153.886 12130.208
7303.662 12653.707
6415.003 13525.576
6933.306 12315.096
6619.832 12680.178
7585.324 12860.372
6736.090 12025.034
7717.931 13689.317
6664.478 13518.673
6434.984 11868.089
8496.750 11855.464
6660.956 13740.562
7665.842 13417.422
6497.188 12004.272
8819.599 13678.231
6415.325 12265.378
8522.737 11173.968
6855.372 12260.037
8783.746 11779.092
7881.842 11905.147
6553.150 12473.566
8827.755 13498.933
6588.127 13510.094
8412.904 12459.843
6205.952 13353.213
7801.412 12982.556
7280.613 12116.839
7490.153 13366.878
8577.453 13653.067
8461.924 12438.606
6558.575 12097.387
8662.775 11200.851
7738.357 12109.139
7689.085 12515.181
6368.352 13345.888
7175.196 13776.322
6567.360 12261.578
7023.655 11421.418
7142.686 12459.003
6216.062 12946.986
7724.337 13801.348
6313.966 13662.338
8219.804 11440.023
6378.476 12860.822
8228.822 11638.896
7871.183 13166.059
8370.002 12026.063
8118.814 12083.033
7763.718 11658.194
7981.655 13806.828
7750.302 13600.239
7878.626 11805.668
7666.850 13580.043
7866.581 12865.744
8287.161 11553.578
7088.911 13876.629
7976.012 11629.830
8159.877 11427.851
6958.654 11304.733
7937.442 13117.051
6517.808 11771.760
8047.553 13585.141
6558.441 11850.356
7824.966 11683.114
8183.496 13663.341
6402.251 12571.973
7988.484 13765.116
6767.846 13757.891
6529.833 13740.534
7277.023 12261.678
7693.324 11851.321
6677.297 12030.331
7982.022 11301.508
7607.456 12046.654
6307.051 11724.550
6505.039 11815.145
8804.918 12919.334
7131.815 11985.946
7157.271 11439.316
6574.318 12025.688
7455.734 12660.637
8760.443 11173.980
8523.114 11667.469
6824.275 13532.882
7810.898 13775.807
8796.000 11875.131
8669.058 12122.702
6600.525 11741.041
7874.103 12909.573
6234.725 13660.066
7340.044 12902.137
7194.511 11329.701
6622.184 12399.367
8883.423 12530.113
8343.671 11523.981
8585.019 12930.058
6714.013 13866.139
8561.345 12150.427
6580.233 12232.277
6857.105 13526.933
6214.319 13328.222
6815.305 11321.689
6529.017 13767.650
8064.777 13367.085
8854.082 13202.657
8751.200 12872.929
7766.946 13049.430
6717.840 11736.649
7777.316 12482.988
6585.967 11596.063
6387.970 11256.874
7558.600 12524.246
8488.192 13202.183
8043.098 12465.644
6801.807 13007.376
6393.795 13768.940
7924.538 11206.465
8556.112 12838.588
8761.138 12691.907
8236.546 12652.024
6572.255 12981.289
8149.332 11919.036
8623.652 13710.786
8017.806 12582.518
8679.173 13805.665
8652.788 13811.156
6831.648 13229.858
6572.882 12757.630
8818.250 11820.726
6716.588 11966.592
8417.166 12298.896
8218.057 11635.401
7862.969 11294.416
6257.507 13652.982
7247.962 12843.887
8434.410 12273.912
7284.736 13523.021
6290.801 11800.960
6313.644 13502.891
7327.326 13685.631
8685.269 13600.187
7214.379 12808.910
8873.686 12686.423
7744.491 13864.681
6326.370 13865.971
6653.539 13411.247
8507.705 11635.305
7484.029 11330.596
6122.273 13048.682
6683.692 13273.403
7592.608 13399.191
8466.323 11913.831
7835.914 11861.702
6811.758 11758.715
7736.388 13702.420
7930.802 12351.861
8217.971 11806.004
8547.174 12779.440
7562.898 11980.607
7596.083 13853.160
7055.143 11192.845
7792.343 12695.290
8124.167 11744.187
6196.746 12241.206
7158.200 11560.849
6903.536 12375.953
6698.192 12016.599
7027.150 13520.761
8076.184 13064.287
8316.107 11773.079
7294.850 12753.973
8841.059 11674.743
7063.001 12416.355
6492.670 12237.683
6703.311 13663.126
8054.497 13918.557
6235.698 11911.609
7322.135 13442.388
7732.237 13453.021
8082.120 13627.022
6429.336 12616.981
6688.924 13252.029
7696.978 12827.024
7395.611 13503.105
8296.076 12159.864
7381.113 12173.180
7132.726 11715.586
8360.665 13222.364
7145.656 12449.450
7020.120 13548.709
8180.279 13730.906
7997.805 12933.234
8225.119 13254.107
7752.012 11978.139
6255.059 13216.573
6180.135 13794.884
8462.727 12920.543
8387.118 11542.238
8623.548 12560.104
7509.894 13898.660
8005.459 13716.311
7067.089 13827.927
8634.724 11841.751
7135.132 12124.607
8798.449 13401.692
6243.395 13715.677
8117.113 12143.555
8738.483 11533.357
6739.711 13722.372
6613.797 13592.256
7244.712 11365.438
6447.647 11332.088
6885.446 12024.744
6248.437 11702.774
8407.111 12720.944
6802.536 11588.783
8589.340 13322.173
7076.182 12899.392
7899.999 12091.459
8792.921 11993.440
7897.149 13889.623
8013.179 13299.193
8471.863 11361.520
7806.384 11219.866
7601.617 12552.209
6948.233 12362.409
7454.822 13345.296
7847.543 12307.479
8493.654 13741.834
6229.255 12526.164
7318.257 12152.084
6880.089 12097.582
6582.132 11422.689
8062.287 11538.031
7850.332 12003.381
8460.565 12905.071
6259.355 11584.278
8787.115 12470.500
6161.729 13453.770
7902.111 12970.466
7818.226 12336.989
7432.671 12247.882
7273.104 13652.912
8027.143 13688.572
6792.438 13822.450
6502.907 13460.200
7127.939 13327.956
8769.472 12117.069
6512.856 12574.116
8078.808 12952.495
6501.139 12695.708
7638.189 12711.898
7601.281 11633.361
8090.110 12175.924
6625.784 13472.957
8431.986 12313.641
8852.599 13385.133
8831.173 13845.301
7491.087 12113.111
6524.599 13265.763
6723.828 12865.522
8658.730 11790.843
8514.878 13215.568
7394.729 12324.618
7933.479 11861.841
7942.992 12881.960
6336.879 11779.887
7534.463 11980.529
6548.960 11787.913
7572.737 11514.626
7729.931 11638.933
8219.791 12676.587
8197.269 13603.650
6774.821 11179.088
8572.601 11828.939
8480.815 11649.488
6520.544 12852.875
8600.030 13512.400
7785.210 11517.945
7915.497 13173.878
8400.200 13750.502
8071.622 12123.816
8485.928 12693.779
8614.491 12909.349
7578.532 11556.928
8729.337 11868.877
8163.575 13334.519
6804.681 13691.117
7755.833 13892.751
8847.965 12189.912
8370.533 13026.500
7164.764 11713.771
7228.723 13034.167
8317.505 13354.003
6272.332 13141.280
8691.012 13873.600
8825.728 12390.693
8225.568 13640.776
8062.291 12538.246
8646.318 12024.292
7387.685 12890.663
8379.764 12555.175
8470.867 12523.587
7490.295 13450.228
7693.098 13801.821
8874.758 12971.575
7352.811 11540.332
8454.090 12740.729
7560.735 13402.046
6603.491 11523.212
8863.440 12376.530
6154.622 12871.121
8688.192 11630.058
7936.075 12322.676
6636.736 12905.822
8177.944 11824.133
6342.190 11876.290
6544.527 11993.806
8864.099 11857.591
6824.162 13695.416
7672.752 12560.427
7559.827 13716.996
7889.429 12268.882
6678.567 13677.245
8866.259 12979.696
8052.478 13521.390
6731.008 11414.914
7203.019 11826.071
7401.492 12281.072
7638.178 13371.152
6760.309 11455.960
7317.295 13472.811
6423.389 11713.648
7550.997 13880.321
7738.666 11396.301
6649.617 11626.371
8219.514 13628.265
8544.883 11833.488
7411.221 12532.121
6552.132 11687.477
7554.155 13696.352
7560.479 11329.985
7727.857 11203.460
8519.023 13885.516
6955.727 12730.489
8140.350 12367.208
7022.506 12638.939
8531.547 11844.170
8051.175 12458.981
7201.597 13037.297
6907.993 11319.351
7642.306 12541.206
8188.569 11444.948
7243.267 11850.402
8572.411 11865.126
8720.362 12498.761
7913.442 13803.846
7310.196 13525.007
6893.794 12151.785
7170.242 12992.406
6136.435 12609.393
8086.676 13738.824
6626.799 11205.150
6994.836 13562.179
7643.696 13607.476
8674.548 11264.739
7184.007 12538.171
8561.253 11781.172
6746.230 11837.951
6178.445 11413.017
7200.632 11623.817
7571.056 12347.947
7320.561 13470.696
6948.758 12109.032
6786.117 12271.319
6451.910 12786.965
8040.575 11988.181
6680.553 12513.168
6475.992 13290.468
7069.299 12805.512
8631.683 12343.523
8571.666 13495.648
6163.114 13034.552
7407.791 12156.576
8479.808 11427.840
8183.136 12220.644
7395.164 12231.193
7966.224 13277.643
7132.346 12956.415
8574.934 13570.106
8686.343 11646.153
7035.745 13328.611
6538.627 11144.924
7262.688 12295.233
7075.175 13885.257
6786.351 11853.810
8363.248 11448.277
8689.308 13628.905
7761.851 11977.987
8394.361 12145.733
7518.656 13904.738
8735.740 13144.401
8602.707 13809.728
6903.673 13748.645
8709.367 13867.311
6385.177 11599.271
6376.680 12757.665
7443.912 13747.555
8110.606 11690.958
6946.960 12031.165
8193.151 13556.651
7280.799 11524.714
8269.381 11740.951
7997.032 12961.615
6694.872 12508.480
8078.349 13687.510
7487.158 12593.598
6658.281 11462.276
8190.308 11815.284
7710.228 12057.569
6225.774 13580.276
7729.381 12560.450
6388.766 11435.693
8532.320 11331.583
7010.973 11237.552
6508.833 12841.888
6838.488 11205.093
8744.918 12606.000
7118.460 11660.106
7282.323 12610.157
6432.803 11546.463
7007.402 13760.870
8366.554 13108.868
7461.940 12679.278
8180.185 11486.896
7716.150 11176.994
7306.119 13873.577
7583.377 12994.059
8478.881 13750.757
8334.227 13823.330
6972.200 13595.936
8432.474 11217.612
8000.649 13314.982
7185.516 11654.830
8721.049 13387.942
8361.891 11499.628
7140.269 12600.597
7759.595 12304.147
6480.457 12220.851
6324.455 12926.622
8438.946 12439.779
8014.381 13088.032
6269.648 13234.800
7011.405 13202.170
8585.228 13659.534
7756.242 13695.657
8354.691 11504.236
7133.667 11820.379
7255.714 12491.479
7117.309 13208.487
7904.744 12603.404
7756.408 12989.711
7969.409 12047.332
7512.669 12708.187
6476.272 12145.360
8687.729 13178.101
6496.881 13285.433
7274.701 12838.303
7746.126 13053.008
6710.137 13745.818
6774.478 11750.073
7361.411 12059.652
6768.886 13560.851
8118.931 12869.144
6183.037 13679.995
7421.162 11325.139
8342.122 12402.700
8475.449 13507.580
7166.062 13454.371
6411.745 13891.098
6447.134 13197.048
7728.865 12467.347
7653.647 13309.170
7092.056 13827.406
6887.482 11226.039
7016.045 13444.405
7910.934 12368.259
8286.185 13441.344
6216.221 13092.217
6523.241 11712.401
7817.157 12179.215
6528.925 11614.393
6199.882 12272.269
6119.389 11150.222
8332.456 13563.561
7296.400 12308.478
8073.256 11717.620
8598.319 13675.727
7996.653 13447.902
7448.151 11766.224
7213.789 12638.961
7536.056 11217.874
8497.721 13585.934
6939.046 11775.803
6675.596 11219.581
8526.802 12778.324
8190.710 13178.170
7839.730 12691.870
8340.289 11299.776
7699.574 11194.777
6336.254 13207.254
6753.981 12634.716
6607.277 11526.120
8397.387 11653.331
7478.690 11333.193
8162.925 12824.358
6769.341 11372.449
8869.434 11908.595
6793.074 12633.239
6294.308 13156.068
7005.449 13605.248
7866.023 11971.680
6372.454 12058.274
6115.562 13119.141
6264.704 13039.240
8464.053 11144.268
6129.539 12968.186
8525.778 12402.078
8654.298 11520.501
6486.031 13572.615
7887.299 11403.494
8752.001 11728.221
7705.910 12579.296
8100.407 13819.902
7392.121 13613.436
7115.442 11978.882
7790.324 12899.152
6271.482 13532.150
7120.719 12273.859
8695.030 11371.963
6567.692 13487.282
7819.282 11472.686
7217.423 11996.183
8132.967 13450.695
8213.119 12359.912
7551.276 11653.321
8291.236 11793.761
7330.651 11536.212
7768.654 11526.920
7165.050 13726.141
6994.458 12601.352
6957.536 11895.559
7835.234 13593.678
6180.551 11713.253
6876.232 12180.676
7818.889 13651.383
6564.078 11542.365
8638.436 12117.500
6816.570 13913.355
6317.820 12713.882
7702.618 12482.076
6309.306 13743.138
8033.858 11188.603
8676.359 12878.259
8455.613 11560.044
6795.066 11663.413
6328.212 12132.627
7649.389 12651.622
7862.603 12763.684
8378.958 13148.882
7055.378 13434.311
6304.970 11423.772
8261.131 12502.788
8575.402 12383.358
6551.815 12711.493
6862.621 13901.334
7074.498 11795.495
7020.888 12058.168
7364.063 11705.996
8049.337 11563.468
8381.438 11864.647
7657.755 11588.103
6381.650 13083.845
7956.664 11184.664
6802.150 13278.065
6521.046 13680.734
6712.812 13390.420
7018.097 11442.903
7146.511 11572.327
7627.584 13917.355
7477.477 11328.069
8075.667 13414.957
7432.496 13758.827
7287.522 12227.661
6632.737 13481.766
8548.165 12987.752
7904.155 13436.894
6140.273 11725.898
8270.386 12691.170
6244.205 13749.403
8355.472 12112.486
8617.247 13065.052
7735.188 11417.067
7803.643 12018.548
8412.798 12808.091
6820.920 13849.438
8059.265 12114.507
6926.874 11169.061
7520.418 13381.806
6545.491 12363.239
8291.940 13136.110
8394.967 12969.384
6138.255 13854.854
7453.622 11515.419
7902.385 13621.163
8846.482 12838.907
8159.572 11552.561
7393.196 13635.837
8015.729 12632.316
8715.315 12575.680
6620.949 11263.633
7856.124 13800.505
8133.345 12397.132
7702.702 11953.678
7752.505 11207.976
7434.632 13178.815
6170.977 13908.481
7710.801 13633.052
7110.079 11207.182
7555.424 12666.464
7631.521 11905.028
6394.227 13187.327
6935.347 11189.055
8253.753 13027.293
6237.148 11633.509
8227.156 12476.135
6537.891 13344.719
6147.447 11209.846
6689.428 13219.474
7508.384 12514.201
6529.061 12146.578
7783.235 12839.346
7605.891 11172.137
7116.495 12128.433
7822.357 12274.666
8419.773 13821.452
6878.626 13792.967
7235.004 11933.388
7530.425 11939.635
7009.692 13748.153
6212.668 13877.942
8036.202 13714.536
6500.191 11716.999
8014.346 11913.554
7553.327 12760.525
8298.475 11906.504
7036.148 12105.404
7631.395 11705.152
8393.650 13872.882
7788.856 11376.841
8774.189 12345.202
7673.611 13732.908
6566.702 11317.734
8735.287 11315.333
8466.060 12543.584
8373.252 12955.835
7170.780 11292.294
8849.294 13813.790
7558.918 12890.485
8643.658 11669.831
6551.945 13842.561
7649.354 12122.021
6666.367 13219.599
8813.799 12875.572
7144.713 11809.836
7166.516 12183.740
7631.144 12852.680
8739.104 12571.566
6744.917 11532.393
6726.737 12929.575
8523.508 12505.250
7426.986 12309.945
7265.106 11640.621
6934.490 11857.314
8104.216 13797.435
6503.674 13603.892
7630.739 11758.967
6500.217 11327.109
8566.186 11991.393
7502.789 12125.954
8766.100 11491.862
6751.183 12948.878
6566.516 12243.854
7854.621 12068.884
8689.414 13853.836
6431.876 12738.541
8668.780 13113.988
7680.460 13631.620
6826.658 13658.590
7796.676 13781.371
8439.014 13222.777
7328.751 12243.622
8115.341 13662.540
6390.159 13678.286
7497.636 12005.641
8498.590 13215.495
6994.204 13730.978
7514.411 12671.065
7092.903 11992.385
7570.430 11273.712
7721.937 11568.802
7720.249 12475.841
7127.699 13663.733
8637.795 12996.795
6726.103 13170.184
6129.895 13231.591
8689.432 13748.189
6467.739 11175.862
8765.433 13520.685
8439.262 13847.372
8203.307 12504.954
7140.145 13732.610
6386.057 13140.785
6424.742 12198.567
7124.140 12949.390
7506.654 13769.671
8176.309 11352.355
6334.895 12426.370
8533.861 13659.796
6837.614 11810.164
8435.226 12238.315
6745.175 11862.945
6168.229 11532.348
7647.780 13384.362
7606.481 13646.187
8589.934 13359.488
7095.375 11587.496
8784.130 13772.072
6875.887 13102.507
8031.512 11567.519
8585.626 13220.572
8840.694 11712.299
8095.309 12336.849
6497.690 12750.228
7546.537 11309.745
7327.816 12050.278
6893.685 11636.245
7635.587 12405.509
7842.131 13641.261
6571.610 13681.830
8586.918 13566.607
6318.887 12440.741
8164.130 11150.284
7497.686 12035.787
8116.744 11425.509
6267.138 13428.558
7194.857 13007.150
8483.447 11556.436
6762.804 13285.841
7122.184 13598.029
6423.740 11425.036
8327.959 13901.675
7131.115 13457.473
7507.224 12497.210
6189.355 12111.510
6936.739 13545.990
6347.199 13393.661
7171.819 13292.432
7235.029 13913.774
7786.662 12808.209
8859.512 11479.800
8734.006 12011.726
8687.233 12628.455
8325.713 11585.626
8633.230 13551.964
8553.027 13026.250
7343.375 11406.362
6163.337 12432.133
8589.668 13416.170
7709.047 13074.111
6987.538 11183.104
7099.245 13389.735
8112.504 12101.515
8112.086 11152.456
7058.642 12688.282
8433.669 11524.166
7499.220 13165.657
7875.839 13098.424
8079.897 12432.256
6833.237 13071.760
6333.724 12888.938
6636.592 12380.158
8887.155 13291.961
8061.797 11813.539
6743.104 11478.971
7665.872 13705.576
7482.488 11698.858
7970.836 13837.355
6495.252 11370.623
7768.999 13407.571
7046.252 13727.435
6196.945 13819.675
7082.516 12935.114
8434.812 11776.350
6806.196 11331.936
6291.884 11532.064
6744.126 13771.159
8201.953 11344.571
7023.149 13136.323
7761.285 13440.440
8236.907 12146.968
7271.744 13680.235
7622.162 12866.841
7649.933 12373.172
6405.059 13598.059
6878.284 12246.941
8082.717 11386.976
8176.672 11809.062
8736.123 13469.970
8509.564 12320.842
7949.078 13477.760
7782.454 11668.520
7227.342 13270.650
8722.895 12687.395
6453.275 11952.242
8172.495 11482.960
8539.480 11347.105
6263.853 11535.083
7971.603 11650.304
6284.373 13847.059
6978.585 13750.712
7537.647 11526.899
7336.432 11297.023
7567.294 13769.279
8702.033 12442.111
6620.031 11910.731
7602.211 12132.254
6979.479 12469.991
6492.394 12802.630
8886.236 13045.089
8061.161 12101.668
7679.294 11783.414
6563.687 11198.034
7602.578 13350.377
6813.945 12495.299
7118.286 12094.190
7581.597 12845.258
7016.789 12131.440
6576.857 13764.039
7321.693 13776.307
6806.664 13371.532
8114.531 13778.103
7029.811 13465.311
7665.788 12054.803
8652.476 11186.348
7598.783 11963.433
6974.017 11164.305
6913.056 12544.287
7802.039 11327.993
7567.587 11911.983
7987.116 12294.171
6764.832 12247.145
7407.594 12598.863
8255.913 11738.494
7285.358 11295.935
8827.595 12211.596
7393.149 12739.800
8030.008 12900.694
8079.373 11321.642
7073.781 13685.479
8140.715 12259.563
6615.632 11224.576
6306.622 13374.121
6451.458 13336.358
8272.546 13621.181
6344.804 12500.209
6446.477 13245.667
8864.843 12112.766
7496.184 12659.048
7435.147 11478.397
7647.511 11926.410
6398.452 11438.992
8463.359 12271.070
7274.045 11776.808
8338.328 12166.025
7457.850 11905.560
8365.953 11288.770
6212.329 11650.343
8005.728 12852.959
7038.801 12713.303
7569.834 11283.858
7063.832 11812.292
7032.927 12731.116
7629.637 12345.704
8036.061 12385.670
7272.322 12392.946
7113.898 12482.404
6192.596 13038.500
8669.654 11608.703
6931.794 11856.146
8609.486 11275.631
7044.791 13450.743
7108.272 12503.711
6881.932 13615.576
7054.383 12250.654
8201.563 12659.482
7099.021 12043.105
8572.140 12805.064
7470.580 13229.167
7189.736 12377.684
7029.844 12252.512
8803.363 11425.069
7891.382 13499.535
7152.009 12069.017
8876.772 13350.883
6572.699 13841.584
7697.642 11167.126
7662.750 12955.571
7955.516 11638.721
7819.993 13542.009
7836.234 11966.316
8691.422 12549.520
6793.473 11709.225
8517.855 13114.415
7574.161 13572.701
7417.282 12868.703
6981.757 11417.381
8375.895 12965.909
8413.766 11577.334
8861.145 12507.597
8624.670 12686.053
6238.889 11498.420
6456.681 13215.359
8804.534 12717.145
6382.331 11463.953
6171.619 13652.418
6141.145 12174.315
7427.055 13610.866
7198.985 13554.422
7419.564 13587.212
7512.856 13739.639
8749.351 11340.331
7117.283 12954.710
7346.953 12590.321
7117.160 12267.405
8112.031 12388.202
8082.064 11262.495
8178.989 13630.400
6751.973 13750.550
8822.811 12227.007
6351.608 13458.526
7770.563 13778.467
6681.391 13578.801
6650.108 12024.826
8846.982 11491.113
7323.179 13845.198
8200.334 13118.558
8551.366 11671.552
6938.014 13023.777
8625.651 13733.537
6499.317 13311.865
8050.987 13692.335
6388.762 12142.650
8147.691 11681.200
7595.141 11814.432
8433.992 12224.121
8376.028 11569.947
8678.860 11532.619
7890.356 11683.264
8260.707 11796.921
8400.072 11577.798
6233.479 13849.356
6410.384 13784.717
7813.770 12944.873
6261.957 13018.356
8490.411 13898.983
6715.043 11827.435
7441.758 13306.011
6175.370 11527.588
6510.632 11900.137
8012.194 11270.811
7313.113 11800.299
6404.569 13587.034
6771.523 12599.446
8109.351 12546.688
6775.809 12676.902
7136.123 11319.342
6204.883 11681.539
6919.131 12369.552
6996.018 12171.246
6849.478 11955.196
7337.170 12563.021
7311.548 13152.400
6423.204 13428.984
7445.756 12443.170
6203.096 11554.128
7773.960 11817.337
8826.391 11171.995
6498.431 12211.730
6161.279 12598.438
8771.127 13364.678
8658.107 11700.750
7499.453 11253.663
7647.987 13196.599
6146.162 11580.578
7786.871 13862.858
8025.280 11323.798
7272.677 12090.087
7022.439 13241.110
7684.624 11370.496
6729.643 13846.839
7038.344 13378.562
7294.322 13633.205
7186.573 11968.153
8316.398 13337.401
7096.533 13142.876
7878.878 12267.100
8107.577 11932.296
6979.705 12438.723
7671.313 12497.410
8013.804 11775.567
6859.182 12090.868
6153.941 11293.315
6502.470 13834.478
6810.386 13421.730
8580.275 12839.928
7808.670 12365.180
7782.215 13777.726
7970.432 12307.765
8832.617 11232.387
6918.628 12084.049
8370.467 13660.520
8416.134 11748.432
7700.951 12377.352
6607.985 12723.483
6778.469 13140.285
6907.023 12061.332
8227.769 13910.609
8584.416 12551.944
7769.279 11723.819
6680.832 12435.279
8684.458 11375.792
8403.708 11653.413
7807.628 12082.274
8071.759 12355.142
7765.038 13780.049
6111.260 12370.903
7221.116 13516.553
8680.182 13584.856
8173.651 11916.109
7784.686 11622.522
6331.598 13710.729
8287.466 13175.477
8187.956 11399.029
7221.093 12715.379
6117.148 11844.578
6717.288 12535.093
6728.702 13911.093
7318.318 13650.465
8075.265 11863.574
7113.430 13242.406
7390.634 11371.143
6475.521 13342.383
6687.530 13056.492
7222.974 11490.136
8702.066 11810.632
7772.900 12245.407
7302.386 12000.366
7382.176 11328.814
6486.795 12136.553
7752.344 12158.697
8269.891 13586.348
8163.061 12462.779
7372.594 13239.660
6952.711 13382.826
8603.634 11408.378
7040.175 11576.278
6279.006 13378.165
8098.012 11854.083
6664.167 13868.662
7298.203 12301.864
6450.739 13536.815
6611.488 13231.998
6384.953 13398.474
7232.126 12812.600
7102.682 13696.945
7602.257 13187.550
6312.042 12938.901
8178.439 12886.693
6451.702 13282.871
6832.171 12623.625
8758.836 12992.158
8311.457 13351.425
8254.946 12837.049
7450.345 13547.084
7222.489 13357.289
8242.115 12468.345
8280.790 12309.611
8075.583 11423.678
7508.844 11179.875
8324.408 13683.472
8740.886 12633.628
8593.883 13313.876
7261.130 13303.320
6146.745 11818.286
7424.021 11464.807
7270.237 11974.087
7541.868 11216.292
7722.485 11205.996
7663.357 13822.104
6812.630 12613.383
8876.117 11763.289
7962.784 13608.641
6192.316 13600.950
8063.501 13556.725
7855.464 11889.220
8794.488 12009.518
8801.719 13639.812
7645.692 11620.291
8557.518 11146.775
6277.802 12248.868
8525.960 12944.293
7084.445 13306.481
8230.035 11969.055
8111.373 11275.665
6901.379 13557.917
6747.124 11204.573
8483.312 12747.377
6454.595 12132.735
8233.581 11898.897
8808.582 12668.219
8249.601 13191.724
6278.894 12041.570
8713.594 13362.500
8353.422 11432.911
8099.162 11834.847
6400.676 11853.768
7758.522 11360.844
7025.342 11467.332
8294.300 11415.301
6518.675 12783.892
6645.094 13815.710
6521.242 11338.540
7190.583 11893.165
6213.737 13916.291
8560.518 13154.998
7476.573 13553.891
6816.152 13732.064
8237.894 12526.562
6679.018 12351.449
7892.980 11470.161
8468.829 11723.172
8350.169 12848.451
7865.395 13647.268
6286.573 13243.649
6454.753 12308.127
6252.686 13135.726
7815.843 11220.399
7299.163 12141.439
6684.134 12853.976
8144.075 13570.479
8163.972 11687.050
6587.316 11244.947
6867.354 12795.869
7667.995 13019.864
8400.008 13534.797
7256.442 13442.411
6706.058 12766.733
6334.890 12241.867
7426.873 11585.088
8216.924 11304.250
8167.810 13160.531
8350.131 11531.044
8600.669 12729.600
6672.855 11475.169
7377.025 11364.971
6183.716 13259.411
6362.663 13598.523
8244.675 11829.753
7316.039 13042.558
6749.074 11613.313
7316.709 12728.310
6683.080 11682.819
8632.408 12038.882
7631.421 11431.175
7270.881 13143.489
7714.168 12300.579
6470.833 12942.246
6334.709 13635.636
8653.370 12854.341
7419.881 11339.066
7364.690 11199.486
6928.868 12802.099
8526.191 12317.384
7805.151 13497.907
6641.657 12380.743
6505.959 13192.257
7518.270 12007.100
7520.528 12071.202
8615.162 12071.464
7358.751 11601.994
7925.174 12170.785
7584.985 12582.666
6773.624 13346.747
8238.783 13510.833
6213.756 11543.733
7295.796 13515.824
6657.678 11682.307
7587.932 11925.963
6251.241 11804.256
8813.032 13460.940
8436.389 13616.974
8424.598 12885.757
7385.997 13445.045
7275.826 11505.032
7636.903 11276.499
8074.743 11763.172
8551.455 11365.859
6194.334 11765.061
7656.254 12256.099
6755.521 12816.213
6235.404 12137.225
8177.483 12944.817
7698.174 12907.098
8342.147 13525.679
8310.434 11712.565
6388.030 12821.515
7120.430 13272.546
7814.074 13131.414
6223.968 13507.124
8092.352 13621.818
6426.047 13817.154
8465.182 12455.101
7813.753 12933.274
7262.253 12313.129
7879.134 13690.122
7703.519 11771.206
7050.144 12682.925
7940.075 13660.136
8100.266 13387.279
6238.458 12729.531
7806.431 13603.906
7192.258 13279.524
7059.523 13629.171
7340.263 11562.834
7201.607 12976.839
8189.651 11941.013
6128.681 12682.440
7100.117 13291.957
6538.008 12621.379
8448.263 12219.703
6520.599 12015.994
8753.516 12297.853
7322.046 12983.494
8391.776 12805.943
7138.212 13115.037
7138.907 13247.862
6608.125 11347.128
8360.655 12725.612
8026.942 11364.683
8020.878 11318.261
7404.106 12352.847
8330.185 11802.020
8113.658 11469.549
6344.140 11678.711
8496.131 11411.105
7769.273 13718.799
6716.842 12156.993
8056.214 12548.518
8138.107 11561.293
6192.696 13355.166
8885.812 13688.575
7044.571 12747.105
8784.226 13597.953
6518.323 11956.187
7648.612 12949.777
8858.786 11293.325
6773.610 11872.646
6983.530 11414.839
7246.507 12163.810
8726.297 11356.780
7193.981 12111.176
8502.634 11809.506
8132.351 11959.370
8108.408 12448.665
7080.760 12962.031
6654.579 11280.053
6944.003 12134.396
7051.029 11988.850
7860.000 13395.384
7362.345 11234.268
7351.177 11953.333
7897.211 13685.965
8510.817 11769.827
6414.937 13346.447
8682.064 12935.665
6711.282 11635.497
7732.337 13789.988
7309.231 13751.061
7456.263 11214.624
8519.431 12959.098
6930.534 12822.212
7335.522 12379.634
8880.779 11254.767
6822.684 11842.728
6605.500 13247.022
6578.682 12766.294
7073.726 12929.903
6139.941 11589.323
8470.582 12080.042
6944.866 11312.800
8512.868 12782.782
6728.967 12722.409
8734.650 13586.808
6322.263 11755.289
7599.686 12228.187
7884.098 12987.694
7036.584 11456.080
7629.770 11184.598
6596.701 11749.427
6535.371 12277.035
8547.415 12418.178
8659.858 11654.866
7676.709 13910.181
8238.617 12861.445
8433.746 11584.131
6544.186 12998.601
8193.073 11251.974
8132.046 12033.638
8647.060 13409.666
7003.773 11637.413
6610.743 13882.106
7996.335 13723.686
6360.968 13824.047
8074.349 11596.251
8406.759 12734.275
6419.649 12279.808
7454.865 13322.128
6801.716 11418.975
8513.087 11397.865
6509.175 13251.131
6852.934 12476.474
7829.166 11379.532
6613.841 13429.205
8250.514 11465.358
7746.081 12402.396
7043.311 12269.651
7876.976 11991.783
6987.584 12672.021
6842.526 12758.069
7269.555 13706.273
6151.253 13897.092
6747.067 11737.034
6428.855 11792.405
8786.289 12307.604
7143.192 11148.684
6228.400 12643.484
7191.893 11991.812
7352.125 13597.423
7261.626 12934.683
7406.484 11835.214
7712.449 12559.601
7671.391 13795.146
6149.796 11351.791
8258.172 12688.903
8811.195 11347.888
7214.889 11856.363
6829.155 13195.632
8062.484 13186.680
7347.456 11524.317
7897.558 12020.701
7064.068 12765.821
7967.515 13498.197
6685.281 13462.961
7626.906 11495.701
7691.060 13592.936
8498.627 13671.013
7666.414 13297.049
6619.775 13878.730
7746.915 11178.135
8806.324 13362.075
6926.901 13677.834
7616.535 13417.512
6811.402 11559.230
8465.496 12998.481
8371.190 13457.584
6696.750 13204.321
6732.370 11975.739
6525.394 11339.023
7756.099 12340.322
7540.335 13827.418
7965.789 12483.210
6145.303 11964.839
7966.452 11166.130
8768.172 12303.863
6938.329 12898.067
6522.225 13432.488
6455.996 11287.830
8716.527 13261.002
8467.431 13592.162
7256.656 12185.628
7585.842 12995.837
8454.637 12160.417
8540.053 12944.513
7831.538 13818.445
8037.181 12344.419
7477.346 12071.775
8031.441 13636.371
8061.997 13645.658
6166.211 11510.616
6164.225 11599.986
7643.092 12896.398
7473.600 11377.021
8610.227 13851.288
7502.499 12618.946
6885.312 12390.466
6430.313 12495.139
8867.928 11264.467
7762.070 13300.992
8795.071 12424.972
7193.747 11379.926
8574.578 11640.711
8762.611 12184.322
6545.210 11553.516
7461.071 12887.067
8193.584 11932.402
8136.529 12049.723
7963.709 11347.404
7277.385 12743.892
6608.947 13776.731
6126.184 12918.427
8231.199 13693.583
7892.418 13552.673
7790.758 12431.060
6621.016 11148.363
7609.675 11288.420
6182.981 11739.519
6356.195 12734.492
6517.345 11394.084
7852.001 12214.637
7595.600 12251.085
7529.272 13435.200
6264.378 12669.170
7553.936 11854.400
6337.023 13564.793
6450.052 13891.886
6246.933 13469.758
6921.355 13104.658
8007.410 11413.324
7510.469 11399.842
8841.919 13836.854
7694.514 12147.558
7852.229 12074.031
7195.831 11379.999
7121.050 12445.797
6244.567 13672.575
6215.311 11397.733
8453.638 13649.706
8134.787 12906.664
7194.965 12809.862
8787.255 12777.469
8401.570 13276.044
7336.020 11982.239
6297.227 12423.913
7921.346 12034.938
7770.663 13473.531
6955.317 11159.988
6236.702 13759.831
7802.255 13597.090
7202.270 12575.052
8098.970 12762.718
6683.677 11611.268
7824.294 12006.189
6422.183 13096.881
6286.254 12412.723
7762.087 11270.589
6489.928 13745.481
6382.854 13331.346
8167.503 12856.970
6881.048 12264.977
7041.893 11503.763
7352.249 13740.879
6660.568 13228.648
6254.384 12041.228
6865.456 11530.628
8171.819 11346.979
6460.607 11634.863
8608.315 11292.474
8399.628 12781.660
8274.403 13270.623
6708.840 11902.189
6363.230 12704.230
6195.354 12213.020
7434.731 12986.299
8391.738 12481.064
8273.261 12278.794
7251.665 12934.864
7080.423 13678.528
8876.976 11321.143
8615.718 12885.730
6190.216 11164.014
7704.939 11810.580
8506.656 13534.684
6852.471 13831.116
8874.944 12147.436
7696.502 13131.042
7973.366 13374.371
7388.133 12693.040
6921.224 11363.495
7994.299 13543.074
7982.061 13167.652
7926.520 12286.001
6553.072 12156.700
7141.683 11976.897
6841.060 11646.188
7353.045 11371.393
8408.287 12927.020
7244.309 11542.900
8336.217 11352.493
6861.840 11535.694
7899.005 13262.904
7721.404 11385.356
7554.809 11528.782
8522.018 13561.185
8775.777 12912.706
8625.528 13777.221
7219.226 13561.941
6631.558 12643.862
6790.595 13517.415
6129.300 12004.201
8255.464 13329.262
7131.808 12649.253
6422.458 11453.138
6607.109 12496.992
6585.750 13133.732
8284.804 11295.948
8654.926 11363.026
6449.836 11415.557
7824.373 12919.217
8166.701 13602.987
7732.148 12079.300
8593.522 11811.026
7536.001 13094.269
8563.013 11935.910
7919.528 12204.108
7784.332 12412.867
8751.104 12392.373
6264.377 12825.592
8089.960 12334.426
6412.014 13836.463
8111.687 13899.491
6289.613 13847.806
8792.057 12103.436
8649.378 12389.487
6160.473 11705.720
8784.683 11925.295
8363.118 12977.504
8491.791 13545.635
7256.905 13780.359
7563.043 11245.922
7675.243 11434.240
6393.344 12784.898
6720.240 12132.307
7689.957 12996.229
6285.376 13244.198
6848.682 11629.811
8149.908 12487.323
6931.332 12183.680
7322.318 11472.160
6617.562 12765.976
6948.959 11622.740
7222.570 11496.072
7044.919 12918.621
7637.554 12862.245
7522.492 12901.003
7139.782 11448.119
7911.441 13749.307
8297.100 11841.743
7301.885 11330.947
6220.697 12208.735
7317.846 12482.500
6225.311 12102.680
6747.707 11427.711
8713.685 13209.278
6566.111 11427.118
8000.680 12261.103
8217.404 13677.855
8264.986 12139.047
8210.391 12351.072
8490.032 12474.271
6398.418 11353.245
8273.644 11190.120
6896.048 12501.434
7708.394 12090.011
6332.393 11545.988
7136.815 13537.456
8881.997 13322.927
7871.106 12240.370
8723.107 12037.965
8229.451 13426.078
7378.508 12312.292
8734.356 12526.118
8526.690 11768.421
7581.293 11602.105
8611.723 12339.669
8824.622 12208.259
6639.244 13319.821
7330.796 11166.626
7633.464 12665.973
7956.001 13021.552
7084.851 13618.503
7585.941 13446.172
6676.176 12945.182
6784.187 12367.549
8200.993 11552.652
8140.596 11277.397
7038.719 12426.845
7123.704 12128.993
6465.213 13828.770
6773.733 11748.323
7021.299 11310.592
6479.447 11786.193
8558.894 13076.645
7355.104 12468.128
6237.121 12724.398
7392.119 13059.643
7520.752 11610.575
8334.708 12765.831
7328.400 13503.578
8239.968 11819.202
8867.674 12623.929
6785.622 13336.120
8286.647 13595.328
8626.236 11824.750
8834.099 13015.058
6992.309 12499.305
7977.091 12058.235
8258.958 13271.380
7390.164 12791.069
8670.300 13186.357
7816.748 12329.902
7422.696 11499.934
8212.085 11191.044
6552.041 13215.932
6913.334 12943.461
7119.526 12911.477
8858.841 13239.940
6956.147 13384.546
7062.200 12444.833
6642.198 12675.705
8664.732 13530.153
8261.274 13005.047
7767.886 13279.677
7084.698 12781.471
6413.327 12248.988
7841.950 13384.589
6677.713 13123.427
8263.091 13901.632
6530.121 12299.018
6209.574 11983.877
7364.079 11358.264
7093.813 11243.187
6498.007 12195.389
8802.335 12922.092
8198.165 11573.664
6314.295 12240.637
6477.921 13535.731
8242.679 12667.266
7296.328 12189.189
7850.814 13085.781
8510.808 11205.563
7322.451 12527.396
7783.863 12830.033
8348.947 13160.351
6168.766 13706.043
6413.203 11856.923
8528.859 11755.061
8342.940 12079.523
8561.209 13406.890
7030.391 12200.896
8757.676 12797.466
6491.482 12291.196
7358.427 12952.567
6167.068 11953.414
8270.258 11317.816
7311.798 12996.354
6380.337 12806.352
8803.069 13136.237
6800.847 13684.811
7144.715 13410.576
6778.832 11159.229
8736.926 11248.041
6635.325 13843.333
7823.728 12446.904
7426.078 13259.567
6523.440 13659.059
6688.671 13021.519
6334.769 13318.556
6280.907 11681.813
8201.616 13888.038
6641.869 13708.558
6421.083 13105.726
7034.233 12854.917
7594.916 11801.228
8263.348 11327.743
8274.625 12765.531
6597.350 13794.167
7412.102 11854.778
7537.280 12809.797
6537.413 11240.638
8017.074 11469.933
7208.621 11359.732
8209.586 13399.818
7683.742 12701.206
7046.802 13895.783
7300.915 13477.109
6941.965 12789.641
6575.244 13904.270
7757.901 13549.038
7035.958 11958.266
6397.916 12978.034
7083.813 12604.684
8630.795 11927.590
6884.861 12362.423
8611.971 13222.358
8044.653 13655.578
8344.250 11428.900
8826.820 12288.714
6612.696 12146.683
8505.721 11819.198
7422.035 12386.026
7539.468 11784.340
7056.863 13437.435
8466.087 13347.504
8244.111 13800.718
6414.248 12718.892
7438.262 13052.670
7906.848 11429.637
6698.395 12259.635
8090.227 13791.120
7044.076 13657.325
7662.063 11274.671
7212.207 13707.264
8628.309 11486.355
6128.413 13409.789
8016.064 13492.141
7484.421 12221.139
7716.629 11707.997
8336.084 13776.701
7394.557 12810.340
8218.177 13003.739
7870.817 13343.490
6493.302 13460.815
7646.150 13412.743
8357.425 13612.108
8744.817 13514.345
8659.771 12276.329
6256.547 12222.583
6194.605 12037.192
7374.653 13314.058
8003.481 11265.310
6988.034 13865.785
8726.869 13830.009
6219.733 13399.314
6682.010 11770.948
6366.982 13509.421
6613.644 13168.754
7597.563 12128.720
7666.581 12469.759
6628.576 11210.767
7234.206 12669.480
7063.107 11564.008
7730.492 12189.077
8527.977 11506.701
7702.074 11211.848
8745.034 11936.179
8628.382 12260.508
7081.855 11884.839
8713.229 13412.053
8317.107 13816.137
8598.401 11988.213
7357.921 11640.340
7596.733 13133.567
6582.197 11724.219
8762.954 11691.571
8633.257 12473.347
6199.231 13229.842
6343.551 12026.960
7215.942 13499.188
7200.525 11443.290
7056.049 12500.461
6832.042 13004.397
7811.817 11641.635
6201.111 12740.693
6590.845 12466.061
7597.393 12258.543
8884.971 13238.034
6766.687 11694.306
8645.497 13547.681
6254.876 12583.749
6192.092 12801.508
8819.528 11747.629
7404.031 12559.366
8715.608 13265.115
6362.098 11863.792
6739.844 13769.215
7359.317 12747.711
7719.435 13286.498
6131.153 11461.434
8450.255 13213.244
6331.298 13638.455
6507.926 13740.278
8783.349 12544.843
8341.015 11151.265
8711.821 12919.857
7473.915 12548.063
8870.488 11592.086
8707.254 13474.892
7676.682 13511.207
7285.492 13635.352
8759.170 13410.176
6537.932 13716.933
6662.011 11453.725
7480.439 11323.233
6864.474 13291.266
7769.803 13618.211
8379.392 13556.833
6463.883 12278.405
7984.856 13877.581
6209.224 12561.869
8313.054 12990.859
7993.774 13746.611
7335.293 13406.519
7130.949 12100.971
7051.319 11722.835
7474.707 13199.402
6414.751 13068.633
6160.039 13120.847
7117.780 12358.254
7368.195 13763.889
6408.283 13135.697
7733.276 11651.211
7387.249 11426.223
8112.978 12597.170
8246.760 11912.792
8862.631 13045.857
7453.340 12927.699
7992.492 13229.609
7752.481 13092.431
6956.094 12917.712
6367.634 11463.911
7012.626 11993.379
7265.959 11707.953
8476.526 13444.019
8132.939 13417.948
6691.494 12791.551
8140.556 13827.282
6851.635 11854.380
7431.169 13033.036
8422.704 12578.272
7652.723 11442.668
6415.721 13348.251
6964.220 13487.043
8677.607 11447.266
8281.002 11236.480
6157.063 12110.099
7378.667 13149.138
7904.522 13496.748
8225.332 12372.149
6582.956 13403.231
6332.434 11943.056
6129.867 13145.183
7871.482 11751.527
8137.721 11752.541
7217.177 12284.077
6776.198 11599.048
8270.454 11247.897
7846.046 12849.050
6398.367 11439.893
7780.565 12719.711
7222.075 12039.438
7806.957 12979.537
6272.943 13475.173
6454.418 12209.631
6126.541 11593.210
8641.668 11389.091
6447.753 11819.180
6639.941 13396.236
6720.827 12099.442
8814.134 13272.405
6852.526 12248.601
6609.295 11180.123
8419.024 13570.385
7353.779 12950.321
6719.471 13731.916
8728.454 13853.753
6713.456 11586.165
7907.282 12670.439
6345.451 13245.983
6512.748 11783.373
7461.771 11340.137
6505.166 12476.506
8250.099 13864.748
6207.330 11555.044
6814.142 13870.005
8321.976 11392.035
7766.879 13194.345
8478.961 12514.932
7208.138 12520.739
6374.490 11610.967
8368.642 11263.118
8851.716 11292.664
8522.439 13351.654
7604.042 11671.059
8574.835 12272.778
8285.392 13174.309
7404.932 13256.489
7309.063 12350.161
6991.358 12425.502
6691.192 11560.689
7396.345 13238.169
8422.389 12926.490
6616.740 12693.962
6423.601 13404.044
7720.035 11536.403
7574.041 11553.019
8031.672 11643.324
8747.758 12031.874
8650.044 13280.183
6232.001 12192.868
8530.454 13613.787
7669.638 12588.351
6185.283 13127.299
6657.595 12446.126
7120.954 11331.365
7646.970 12953.977
7819.007 12391.811
7377.491 13839.253
8443.587 11266.749
7856.321 11291.475
6199.717 12841.375
8057.637 11989.438
7728.369 13292.503
6363.468 11550.222
6800.928 12584.392
8469.686 11528.274
8597.444 12847.768
8717.961 12194.488
7935.629 11756.107
6854.928 13639.746
7325.986 12914.132
7858.222 12581.196
7378.283 11542.241
6261.777 12204.016
6330.961 11196.942
6513.222 12553.858
7472.091 12024.529
7148.786 13566.981
6790.794 12054.049
8300.967 13324.446
8359.708 13794.092
6946.932 12945.966
6594.345 12796.086
7761.784 13023.312
7603.182 13363.193
7746.542 13680.889
6935.974 12457.096
7023.560 11661.979
6673.656 12321.275
6774.812 11515.406
8274.106 11170.189
8189.050 11189.348
8166.778 12393.808
8671.331 11229.646
8295.812 12886.751
7496.586 13238.578
8592.606 11362.939
6902.495 12383.709
7339.213 11275.545
8408.276 12172.898
7978.238 13045.240
6727.956 11592.791
6125.638 13046.594
8234.332 12296.828
8241.566 11222.861
6309.725 13135.908
7461.475 13553.348
6919.162 12079.560
8865.943 11561.188
6482.489 12769.167
6830.072 12666.892
6778.931 12391.132
7380.148 12188.787
7673.808 13162.199
6737.866 11835.748
8753.888 13920.529
8383.045 13565.620
8330.273 12889.787
6756.908 13387.568
8772.394 11462.709
8065.445 11287.496
6566.203 12692.621
8826.674 13893.670
7236.163 12137.106
7444.575 13503.513
7233.435 13269.594
7570.619 13232.503
8261.711 11405.442
8815.721 12680.822
6232.353 11984.747
8740.304 12215.723
7232.553 11813.977
8846.730 11282.520
8562.070 12232.148
8416.768 11502.718
8200.013 12748.674
8070.259 12404.894
8390.267 11467.333
7442.109 11785.929
8698.339 13670.130
7977.331 12456.420
6772.917 12809.264
8566.197 12942.928
8199.918 12261.561
6644.813 12738.257
6857.549 11583.797
8502.372 12277.814
7002.757 13783.775
8706.946 13557.071
8001.120 13664.560
8677.135 12215.239
7972.476 11407.139
8138.872 12789.953
7034.686 12805.112
8613.157 13852.321
7055.238 13661.970
8245.421 12890.760
6992.571 13012.953
7500.232 11967.172
8852.255 13196.517
6464.068 13060.066
7012.060 11670.872
7082.735 13866.504
8298.683 12083.310
8708.340 13864.862
7633.586 12425.900
6760.906 11582.976
7982.249 12629.631
8184.594 13473.020
6174.420 13647.009
8434.849 13225.498
6584.024 12186.328
6542.941 11300.233
7777.746 11626.004
7452.663 12720.378
7964.103 13313.008
8753.359 12127.322
8678.104 11489.001
6766.034 13196.614
6737.719 11151.749
8456.705 12931.763
8077.044 11257.816
8217.944 13874.996
7054.446 12954.589
7910.953 12795.999
7035.650 12374.602
6788.960 11400.230
8341.368 11984.788
6402.127 13225.071
7463.372 12216.043
7670.502 13628.415
7798.288 12537.058
7914.042 12327.890
7450.471 12036.001
7667.908 11309.789
6121.779 11956.406
7697.229 12447.592
7730.014 13552.798
7281.078 12941.142
8885.610 11595.963
8452.886 11760.017
8260.347 11347.371
6704.507 12817.169
6930.389 12191.108
7206.787 13698.300
6591.808 12905.964
7129.039 13362.460
7271.974 13577.304
8537.516 13845.738
7206.673 12709.382
6588.654 13449.243
8341.348 13248.272
8407.361 13889.214
8619.832 13558.830
7846.608 13792.381
7051.225 11906.804
6469.744 12079.524
6670.519 11679.244
7495.391 12014.855
8676.211 12802.311
7649.227 12210.871
8577.682 12205.009
6561.434 12903.091
7453.422 11815.844
8764.017 13215.595
7621.993 12232.700
7418.931 12903.519
7308.291 12027.168
7474.086 13172.861
7570.507 11201.369
6492.708 11199.931
8347.412 12552.802
6133.841 11954.765
6746.127 12642.684
7055.897 11836.123
6276.592 13736.079
6643.789 12685.334
6326.456 11858.101
7770.221 12433.651
6844.948 11265.903
6847.091 11532.368
8821.164 12084.947
6183.588 12143.212
7984.708 11862.074
8618.498 11264.398
8114.183 11604.617
6687.785 12661.270
7159.195 12076.347
6889.927 13744.465
7695.971 11934.105
6599.007 13386.638
6581.333 13084.796
7448.963 11579.032
6980.241 12160.350
6847.069 11660.563
6674.331 13484.581
6667.909 13647.555
7525.291 12323.580
7119.712 13827.839
6912.114 12544.638
8242.709 12570.662
8169.207 12347.836
8411.358 11499.160
7580.988 13483.124
7290.364 13709.191
6896.016 13179.864
7790.872 12696.467
7387.654 11913.065
6250.497 13860.966
8385.780 12135.063
8187.953 13880.045
7716.788 12073.396
8766.183 12703.542
8053.716 11680.093
7287.405 11432.629
7232.701 11520.162
6700.028 12115.595
6547.023 13083.161
6244.813 13489.392
7556.127 11422.379
8389.966 11520.146
7695.512 12467.625
7501.668 11237.485
8734.632 13480.194
6455.025 13641.407
8460.205 12163.782
6859.047 13223.253
6526.660 13890.789
6693.533 13774.267
8212.138 13472.529
8641.904 12064.886
6673.882 13540.609
6555.812 12482.865
6480.382 12185.865
6938.697 12029.828
6407.736 12079.243
8322.928 11608.900
8408.629 12611.623
8722.777 11772.938
6434.172 13863.041
7746.750 13067.576
6913.824 11873.501
7423.112 13567.112
7884.175 12637.952
6984.488 12458.000
6206.357 12867.113
8291.816 11335.269
6505.429 11562.626
7090.786 11755.169
8577.248 13446.641
6113.816 12735.467
8601.632 11757.635
7423.332 13451.631
6427.056 12545.768
6689.210 12685.827
8534.341 13027.550
7715.045 13318.502
6396.930 12882.114
6720.598 11368.631
7943.043 12604.988
7549.191 11304.408
6995.673 13074.625
6159.333 11526.685
6596.075 11955.563
7316.929 13177.327
7476.674 13377.676
8475.770 12086.562
8743.473 11418.469
8829.555 12257.784
6349.587 11723.990
6907.020 13377.546
7198.939 11768.265
6874.780 12418.070
6394.830 13126.215
6483.766 13629.407
7968.620 13609.122
8315.773 13864.051
7589.789 12454.495
8460.633 11746.096
7868.209 13053.791
6874.389 11497.439
6201.251 13238.020
8476.021 13841.551
8302.194 11449.049
8838.288 13596.506
8536.364 13062.506
8722.131 13789.969
7012.350 13276.317
7454.125 12397.229
7521.392 11365.787
6209.096 13303.052
7544.583 13224.980
7432.272 11293.039
8199.490 13867.403
8616.569 13039.989
6609.922 12574.169
6671.651 12010.901
7285.183 12083.559
6624.810 13637.562
6271.388 13131.479
8752.300 13789.701
8206.886 13429.037
7867.064 13678.414
6541.846 12271.228
6336.489 11146.649
8431.898 13622.343
6847.107 11372.181
8772.452 13161.832
7888.743 13270.047
8388.812 13312.974
7553.392 11193.769
7804.044 13903.431
6648.973 13437.889
8576.438 12775.949
8130.162 13618.884
8794.330 12337.782
7628.502 13278.687
8206.178 11476.745
7973.396 12121.478
8702.351 12845.022
7466.352 11322.118
7781.649 13187.605
7272.392 12222.048
8346.385 12549.391
7313.132 12483.680
8661.329 13679.452
7200.068 11574.979
6269.439 13038.247
7678.174 13666.273
7655.081 12193.769
7270.163 12826.704
6773.990 13507.252
7487.725 12710.535
8868.381 13361.240
7250.403 12569.559
8690.855 11611.812
7854.411 13441.867
8664.871 13349.972
8436.818 13038.144
6855.291 13242.044
7601.583 12036.335
8317.156 11669.027
6671.767 11951.065
8078.434 13750.383
6118.852 13548.808
8307.101 12623.126
6125.405 13605.332
7577.754 12492.912
7565.677 13656.392
8592.602 13023.885
7320.391 11691.183
8882.172 13835.650
8317.668 12708.111
7602.003 11593.386
6921.827 11394.285
7269.120 13165.871
8862.794 12159.771
8203.283 12646.125
6186.259 13622.385
7003.886 12621.227
8307.326 13429.019
6384.544 13151.571
7728.551 11987.909
7775.356 11986.151
8663.417 13712.206
8792.128 13246.750
6277.190 12802.515
8063.718 11306.662
6172.608 11904.052
7538.605 11755.324
8722.050 13680.723
8773.922 11407.890
8028.714 13636.056
8047.715 12872.614
8316.289 13061.747
6692.335 12109.627
8317.440 13240.109
6719.069 13184.163
7133.128 12612.835
8649.535 13583.799
8150.810 13444.949
8722.925 12206.570
7730.236 11600.688
6820.183 12051.358
6780.605 13396.695
8729.248 13742.487
7675.553 12248.862
8175.370 13685.183
8458.954 11982.340
6798.274 12830.803
7566.255 13686.399
7175.073 11668.871
8754.046 13288.414
8778.302 12003.819
6471.866 13251.033
6357.026 12406.154
7412.971 11639.026
8439.400 13506.428
7233.538 12237.940
8160.069 13216.495
7381.775 12724.654
6664.007 12586.638
8535.951 11344.783
8474.175 12264.652
7598.713 13158.674
7654.809 12404.745
7091.058 11730.010
6584.380 12406.456
6449.296 12551.202
8708.866 11941.624
7786.219 12576.036
7494.583 12297.998
6964.325 11500.267
7718.700 12287.408
6614.241 11181.192
8019.399 13749.316
6321.368 13086.184
7820.204 11286.280
8789.659 13227.745
8334.617 12235.181
6552.797 13257.280
7172.792 13904.875
8715.435 12591.960
8222.153 13769.349
8018.732 13879.333
7367.333 11905.235
8728.527 12524.604
8182.116 11777.651
8706.851 12506.273
8731.768 12107.488
7752.262 13290.575
8602.573 12444.853
8444.029 11745.784
6651.022 12450.879
8227.448 13457.172
8602.889 11575.827
8636.632 11245.233
7677.848 13534.160
8339.490 12992.470
6686.640 13561.436
6276.069 12275.039
6961.304 12398.757
7205.925 12362.526
8549.229 12084.385
6818.640 13257.721
6858.969 13374.441
8660.334 13277.643
7427.506 13015.103
6938.170 13420.096
6244.966 11483.062
6988.952 13297.688
7723.050 11403.443
8588.171 13740.284
8596.518 12206.899
6191.413 13784.294
6728.637 13658.000
7215.262 13354.083
6903.431 12708.130
7094.582 11529.422
8544.272 12520.078
7409.058 13248.379
8674.052 11727.908
6162.798 13310.513
7855.770 11169.468
7966.521 12715.782
8812.497 11319.402
7876.632 12521.362
8471.638 12926.351
8624.837 11244.976
6907.373 13638.553
7379.023 12948.623
7199.789 13164.997
8423.459 12808.083
6518.027 12241.039
7661.057 12968.464
7353.154 11449.697
6708.440 12287.762
7689.698 12169.034
8690.779 13245.650
7305.236 12520.584
6952.264 11897.392
7860.331 12905.394
8866.642 12642.782
8546.224 13779.898
7879.645 11677.290
6181.147 11678.478
8836.689 13394.385
7882.360 12224.211
6124.878 12706.470
8493.651 11473.963
8599.992 13496.699
6284.645 12985.508
7459.008 13353.902
6433.307 11512.367
6284.051 13013.695
8727.507 13125.017
8119.347 13685.652
7007.206 13565.144
6556.351 13551.484
6942.533 12786.951
7493.432 13810.461
6696.899 11163.665
7714.662 11476.138
7703.688 12369.320
7842.669 11841.348
7551.565 13787.223
6216.173 12415.604
8068.886 12732.163
7530.419 13388.556
8765.094 12177.036
6993.441 12241.624
6897.716 12777.460
7068.374 11471.352
6295.001 12849.377
6488.726 11457.748
6390.112 11746.426
6389.576 12861.512
7152.349 11442.058
6728.632 13192.507
8117.215 13406.777
7622.634 11638.952
6160.369 12423.189
8120.309 13538.805
7368.782 12025.668
7539.651 12582.064
7649.620 12406.716
7717.146 13445.850
7240.660 11756.553
7057.061 13338.400
8526.109 13032.623
8523.930 13579.085
6639.231 13535.574
7380.095 12843.869
7715.207 11755.595
7545.801 12170.908
7833.189 12316.440
8764.440 13206.530
7484.145 13913.485
6270.785 13258.295
8033.427 13856.276
6339.705 12568.055
7566.536 11211.615
6430.302 12631.184
6922.965 12412.368
7686.097 12868.946
8627.923 11349.864
7467.551 11376.117
8369.045 11498.157
7950.851 13639.911
6937.670 12494.298
7451.272 11379.862
7118.083 11678.547
7701.889 12655.158
8237.378 11229.502
8550.103 12231.396
8660.382 12505.412
8285.577 11181.388
6767.059 11490.137
7970.440 11306.333
7696.941 12435.067
8301.718 12821.525
8003.432 11528.692
6659.775 13915.206
8804.039 12634.365
7960.582 11317.319
8541.744 13704.421
8802.739 13775.675
8673.731 12649.953
7654.465 12097.894
6127.581 13695.444
8254.751 11226.506
7566.655 12014.193
8595.761 11238.970
6884.292 12257.566
7244.134 11598.371
6674.758 12540.324
7037.969 12444.641
7862.902 12324.717
8591.445 11448.000
6206.721 11479.109
7161.397 11468.834
6225.552 13031.736
8474.262 11145.456
6952.893 13701.015
7534.986 13868.822
7953.311 12779.767
6424.767 13361.076
7223.998 11829.993
6603.218 13007.846
8025.912 11541.727
8249.995 12528.113
8636.073 12040.779
7736.203 13213.993
6860.132 13862.114
7755.335 12044.538
6901.931 13690.528
7254.329 12515.677
7356.802 11845.814
6533.614 13712.572
7385.599 11412.169
8671.199 11611.338
6690.009 11614.345
7518.679 13652.832
8040.347 12135.141
7447.282 13707.825
7735.012 12731.414
6746.648 11234.462
6815.880 12614.624
7287.995 13852.364
7453.040 11978.946
8050.858 13563.406
6907.965 13385.598
8415.774 13846.826
7045.159 13350.413
8000.046 13634.939
6287.740 12211.032
6705.530 13607.740
7755.752 12366.082
8085.692 11180.852
8841.926 13497.745
8441.103 13531.724
6647.331 12303.181
8112.683 11989.274
8620.046 13047.962
7887.560 13827.405
6121.654 11523.707
8475.449 13386.382
8635.839 12585.837
8798.253 13500.266
7041.057 13181.620
8767.790 13048.770
8581.161 13041.159
6854.963 11178.318
7451.902 12831.294
8291.612 12554.179
6584.923 11481.734
7914.720 13259.102
7856.938 11631.190
8171.308 13412.886
8473.581 13446.266
8743.675 12795.785
7814.053 11522.246
8055.393 12421.562
8145.896 12494.766
6321.831 11975.499
8453.776 13315.673
6459.919 11202.231
7311.402 11908.772
6773.317 13676.563
8762.549 13238.150
7612.077 11711.750
8172.208 12592.387
8037.905 12586.833
8884.032 11899.752
7030.346 11307.801
6408.881 12799.352
7348.170 12458.101
7223.952 11207.367
8625.270 12583.845
7938.828 13748.034
7273.475 11634.335
7384.196 13656.731
6177.442 12327.554
8620.511 13914.018
8291.870 11815.397
7835.652 12409.024
7570.738 13049.433
7517.130 11392.525
7146.156 12441.773
7089.372 12598.814
8627.321 12659.488
6206.515 12934.293
8527.287 12525.382
7552.973 11365.820
8286.572 13824.127
7876.545 11519.611
6298.990 11387.052
7299.347 11814.233
6357.000 11412.498
8191.910 12471.079
8834.725 13168.436
7842.273 12630.272
6964.266 12778.800
7808.368 11276.363
7683.225 12289.918
7810.500 12488.828
6745.935 11444.883
7779.978 12931.617
6884.700 11955.894
8344.334 11322.987
6329.672 13587.207
6149.781 11659.077
6342.448 13707.764
8305.555 13351.048
6730.925 12016.310
7885.774 12369.894
7718.642 13872.740
6353.795 12206.304
7568.848 12510.067
6957.379 13373.714
8126.414 13427.607
6497.247 12709.009
6298.705 11879.350
8320.508 12122.166
8760.429 12256.776
6966.901 12578.494
7203.116 12506.983
7706.357 13827.139
8284.267 13266.643
8579.633 11707.605
6692.751 12292.033
7914.079 13635.749
6603.969 11400.440
6893.049 11707.573
7534.547 13251.205
6362.331 11693.351
7901.464 12613.174
7601.663 11973.858
6720.172 13876.357
8310.279 11745.491
8123.737 13483.164
8618.005 11229.319
6970.618 13005.157
6440.566 13838.083
8776.173 12656.367
7533.653 12820.747
8583.023 11482.366
7604.440 12945.199
7355.736 13144.554
8020.255 13668.175
7512.996 11881.704
7021.067 12701.747
8249.315 11567.073
8065.258 12335.942
6230.169 13885.049
7979.746 13240.164
7638.964 12840.767
6413.233 13893.176
7876.094 11564.970
8682.631 11807.006
7916.942 12821.621
8099.611 12693.952
6886.337 13306.982
6638.499 13299.498
6778.155 12151.183
8873.739 13638.465
8778.837 12248.420
6172.636 11369.310
7371.931 13302.582
6250.535 11276.544
7865.492 12016.228
6773.710 13230.983
7857.128 12138.216
8830.842 11727.492
8168.351 13056.064
8252.155 12832.840
6663.964 13296.427
7011.812 13007.145
6184.289 12600.182
6624.840 13577.711
6763.201 12021.384
8587.502 11270.273
7178.734 13453.263
6383.344 12797.193
8411.305 13512.743
6520.810 11370.708
7086.235 11951.208
7071.163 11367.002
6621.706 13113.091
7716.162 11724.978
8759.401 12431.918
7235.923 12571.989
7186.819 12205.747
8608.376 13907.599
6521.791 11806.575
8270.662 13251.451
8059.708 11520.597
7127.754 13727.056
6449.581 12793.424
6610.379 13095.173
7544.740 12997.750
7846.828 11457.558
8888.484 13372.207
7803.805 13735.308
6520.595 12676.338
8415.564 11537.495
8374.936 11275.688
8263.207 13130.313
6124.248 13493.572
8735.027 13049.066
8168.738 11230.655
8661.305 13319.516
6782.673 12890.746
8134.406 13648.739
6476.548 13253.564
8037.436 11714.318
8597.968 12885.248
7292.111 13711.376
8669.598 13161.320
7615.501 13415.251
6865.779 12591.038
8025.308 12628.555
8515.095 12901.811
8611.608 11371.560
7455.869 12789.379
6150.316 11461.447
7568.553 13136.852
8363.002 12034.769
7671.812 12563.688
8814.196 11519.127
8731.171 11218.173
6866.278 13649.796
6449.238 11403.925
7630.198 13058.518
8213.663 12274.084
6197.903 13915.210
6912.460 11709.176
6603.621 13214.686
6509.566 13833.621
8637.502 13680.110
8128.155 12111.191
8381.917 11778.401
6355.029 13197.192
7625.038 12049.568
8888.417 12951.202
8063.140 12994.802
8298.711 13408.486
7598.869 11430.192
7911.863 13888.556
7899.200 13333.029
7504.649 11561.153
8342.799 11782.242
7121.587 12246.595
7660.877 11808.683
8258.998 11190.715
6952.304 13906.118
7697.602 12957.938
6116.292 12738.812
8191.276 11391.908
6537.652 12966.935
6919.434 11439.189
7277.836 11515.134
6305.198 11762.297
7493.238 13761.107
8156.776 13508.369
8288.981 11673.469
6388.683 11232.512
7514.499 12918.410
7166.204 12859.199
6679.746 13674.483
6965.029 12642.144
8806.621 11612.423
6212.327 11539.053
8268.137 12921.614
8624.288 12165.175
8714.969 11347.941
6173.504 13183.500
8337.638 11351.542
6533.188 13169.149
6348.319 11997.166
7631.380 11282.898
6600.457 12602.056
7453.853 11841.677
6940.768 13230.632
6172.938 12616.195
7449.104 12962.366
7462.739 13159.392
8741.714 12188.220
8244.605 12877.139
7784.964 11655.985
6183.430 12408.826
8412.299 12994.637
7648.522 12460.360
7820.916 12269.665
8224.498 11380.078
7479.652 11835.563
7103.222 11978.993
6549.725 12414.871
7789.798 13020.830
7643.670 13519.419
8435.009 12300.920
7045.833 12430.558
8797.417 11180.014
8086.432 12754.577
8847.084 13175.418
6716.647 11545.315
7002.938 11214.962
8098.369 11587.345
7027.104 13453.748
6554.759 13395.548
7578.327 13428.742
8497.091 11182.184
7482.830 11574.267
7164.621 13375.775
6681.532 12655.537
7791.616 13662.376
8601.194 11643.714
8143.497 13828.276
8103.720 13872.427
6599.305 12824.688
7444.534 12434.424
8325.093 12160.625
7605.473 13390.294
8418.667 12702.258
8601.820 12047.267
6264.064 13811.280
6132.684 11976.478
6570.112 13893.076
6671.477 13018.100
6969.308 11445.708
8693.737 12426.922
8858.727 13329.138
6738.150 13535.441
8021.890 11622.247
7498.903 13833.182
8481.855 12430.585
7009.130 11361.603
6898.615 13766.002
6594.912 12648.102
7173.894 13837.386
7190.778 13549.155
6317.077 13733.467
8074.314 12982.758
8794.613 11402.142
6141.728 11415.210
8075.744 12626.478
8871.885 12182.492
7224.169 11885.075
7116.522 13332.957
8436.029 12039.459
6289.162 13517.477
7669.999 13501.313
8804.963 12184.012
6451.138 13848.172
6647.146 12569.254
7042.945 12848.461
8592.083 13448.713
6459.239 11965.131
6738.494 11409.866
6995.036 11556.745
8252.628 13869.593
8106.516 12100.342
6439.825 13438.811
8773.649 11765.464
6858.797 12409.707
7903.349 13660.428
7226.597 11536.024
6305.209 11359.464
6468.297 12754.430
6445.211 11705.323
6883.636 13070.304
7319.785 13479.481
8401.020 11413.363
7401.691 11371.763
8674.008 13679.332
8039.244 12936.374
6818.732 11479.057
8524.062 12402.100
8455.949 11233.049
6787.523 12042.249
6483.722 11888.469
6354.132 13129.892
6659.297 11526.244
7990.352 13284.040
8454.875 11662.391
7800.832 12039.434
8631.582 12731.136
7404.791 12702.895
6120.921 11592.566
7875.805 11287.331
8297.125 11251.116
8777.704 12915.779
8550.803 12995.208
8215.975 11455.565
11974.671 8671.925
11484.127 7073.028
11748.330 7837.776
11359.241 7944.130
12264.107 7446.095
12097.507 6634.252
13441.366 6412.380
13599.687 7810.303
13370.335 7595.154
11835.935 8810.227
12832.231 8183.162
11832.307 6261.631
12159.116 6929.381
12088.239 7856.373
13242.415 6892.799
11745.575 8507.188
11579.471 7619.267
13376.950 7095.204
12983.177 6262.061
12482.034 8430.243
12621.208 8408.443
12761.974 8353.911
12730.348 6707.815
13388.771 8542.552
11955.183 6762.287
13199.374 6248.722
14001.602 8313.193
12508.203 8416.001
12310.217 8009.737
12870.224 6748.469
13421.911 8447.794
11327.661 8429.719
13637.166 8801.103
11373.604 7557.399
12599.943 8035.299
13360.985 8833.792
12112.022 8888.094
13988.214 8710.811
13174.889 7492.054
13124.601 6307.592
13255.327 7628.513
11429.314 6165.541
13884.641 8805.118
12850.828 6677.503
12408.564 7095.343
12384.409 7798.821
13812.420 6411.783
12914.746 7343.776
11381.649 7698.358
12657.483 7195.675
13907.456 8325.265
13705.798 8806.224
13364.917 7668.828
12364.831 6542.856
11936.828 8325.641
13235.669 7654.298
13878.943 6300.462
13752.502 7857.642
12495.795 7351.261
11487.102 8622.085
11486.705 6219.600
13381.047 6942.612
13610.297 7563.182
13063.012 8304.838
13451.932 6842.977
12606.929 8221.105
13462.503 7840.280
12510.530 8421.811
13519.180 8792.087
11564.447 8657.541
11358.081 7548.322
13572.845 6649.137
13738.725 8054.702
12919.171 7005.043
11940.366 6329.271
12742.326 6742.172
11730.590 7069.790
11380.022 8794.835
11863.385 8204.975
11451.053 7252.402
13509.133 8749.928
13274.146 6897.838
13005.175 7286.756
11315.743 7711.003
13536.889 7946.920
12224.858 7158.914
11909.767 8463.754
13832.744 8072.712
11275.764 7661.940
13141.561 6779.820
12307.793 8770.953
13770.746 7586.351
12777.092 6970.809
13216.546 6521.303
13795.065 8144.699
12901.935 8857.832
13651.887 8023.048
13726.368 7421.229
12807.438 8583.033
13424.453 7631.147
13972.423 6647.861
13576.860 7403.320
12996.561 6966.323
11455.579 7227.584
11834.270 7700.793
11733.800 8452.378
13575.620 7299.493
13322.618 7199.421
13838.181 6162.276
12463.739 7109.361
13140.282 6245.773
11568.769 7527.123
11258.038 6948.602
11342.787 6497.600
13341.567 7965.783
13794.626 6893.991
13816.431 7200.767
12621.126 7323.678
13713.439 6560.445
11425.147 7159.796
13512.393 7795.245
12684.736 8184.088
14008.489 8755.263
11888.222 7144.542
11696.570 8027.627
12649.883 6244.548
12213.540 6882.008
13114.187 7876.287
13193.575 7260.233
12540.396 7245.833
13919.246 8551.352
13388.150 6301.074
13455.596 6883.537
13056.281 6904.242
13226.285 7918.325
12200.284 7380.780
12261.966 7862.216
13853.366 7850.729
13862.620 7971.779
13888.217 8870.605
12354.871 7748.315
13019.379 7416.937
12944.528 8688.263
13989.185 8371.480
13225.425 6183.272
11459.537 6824.897
12906.225 6773.562
13120.885 8555.313
13595.353 6348.286
13048.027 8709.501
13484.841 6154.133
13425.983 6175.548
13547.861 7340.991
12144.132 7137.083
12063.225 7975.418
13169.592 8119.292
11549.151 6269.796
11603.386 8275.786
12363.066 6662.135
13521.133 7619.573
13493.478 7591.680
11918.758 7028.520
12845.981 8424.466
12393.716 6228.073
11949.214 6847.755
14017.674 8818.947
12677.503 7593.117
13894.885 6563.320
12523.567 8752.583
12187.233 6705.882
13828.876 6223.853
12146.824 8695.197
12171.373 6444.087
13136.396 8547.061
13281.355 8391.784
11393.679 7319.609
13021.491 8119.887
11510.853 7424.827
13072.285 8633.066
11502.341 8562.160
13692.140 7130.301
13861.883 8644.340
11816.720 6356.835
11867.750 7761.572
12692.288 6920.506
13953.184 6241.829
13668.437 6913.867
11454.165 8092.527
13087.142 8377.667
12860.061 7972.094
13370.234 7487.097
13981.329 7211.963
13524.827 7608.593
12082.271 8881.686
13101.854 8330.381
13414.667 8483.168
11972.995 7611.950
12698.381 8100.075
12015.710 8782.045
12695.218 7425.211
12015.924 8514.244
13066.711 7757.967
12112.766 7418.364
12909.579 6437.745
13457.925 8068.653
13753.310 8145.422
12067.827 7881.598
13048.095 8583.380
11435.557 7119.741
11610.115 6285.476
13640.079 6549.275
12869.406 8477.375
11789.995 7427.848
12447.435 7277.235
11301.463 8168.544
12830.893 7622.668
12617.706 6999.713
11510.020 7780.140
12585.453 7398.803
12264.280 8287.705
12304.500 6261.290
11391.667 7421.347
13693.409 6808.014
13958.420 7201.435
11502.512 8216.480
11405.427 8045.554
13186.879 7842.300
13890.303 6445.862
11502.256 8190.991
13116.497 6422.189
11384.167 6618.455
12340.005 7610.125
11334.554 7750.079
11731.359 6629.349
13239.924 6518.664
13911.238 7262.709
11472.239 8775.424
11626.415 6476.857
11427.745 6121.100
11597.561 6639.545
11603.115 8431.227
12931.768 8352.089
12867.923 6505.767
13274.282 6904.389
13768.652 6163.700
12576.578 8227.431
12105.691 7205.139
13560.012 8593.252
11805.718 8076.951
12249.794 8853.535
12833.514 7999.443
12248.209 6500.661
12019.555 8448.082
11702.378 7946.160
13043.207 7766.878
12293.187 6556.380
13181.350 8356.747
12641.291 8484.156
13735.284 7582.606
13078.118 7767.463
12390.629 7184.464
12189.111 7881.598
11845.809 8649.129
11740.243 7129.967
11909.864 8838.320
13434.615 7734.278
12971.726 8645.181
12256.929 6788.944
13515.597 6812.647
13823.819 8668.462
12149.702 6837.656
11743.905 6156.041
13445.126 8605.209
13732.430 8340.793
12069.405 8721.305
13991.406 8185.791
11655.318 6305.946
11373.925 8247.622
11803.256 8441.634
12377.056 8763.922
13868.130 7663.551
13436.526 6419.850
12307.856 6613.567
11994.578 8428.564
13859.547 8040.603
12181.053 8209.504
13123.016 8887.539
13998.907 6855.854
12942.728 6162.424
12662.241 8856.087
12314.773 7220.067
12948.069 8675.374
11861.629 6465.375
12712.021 8653.664
13506.651 8626.841
12603.524 8877.756
12695.026 7736.806
11292.727 6704.556
11786.991 8857.978
13846.903 7979.503
11377.363 7689.295
11915.251 6555.060
13780.818 7582.993
11314.069 8373.877
13419.849 7485.724
12547.894 6838.692
11932.305 8194.171
13787.390 8450.684
11931.126 7772.823
12099.783 6882.113
12369.284 8519.300
12523.373 6725.415
13503.266 8462.128
13168.249 6814.297
13564.951 7712.442
12131.914 8751.811
11427.364 8467.303
12553.364 7886.823
13582.923 6471.096
11414.283 8656.054
14021.629 6273.001
12471.099 7550.547
11981.471 6455.179
13179.463 8194.572
13791.010 7273.883
13748.215 6577.015
13580.611 6254.340
12502.035 8551.635
13558.290 8681.843
12885.715 6649.393
13289.919 7939.949
11680.501 6734.562
11909.186 6487.285
11512.454 6836.234
13415.600 8110.337
11980.629 7502.008
12946.154 7896.202
13219.548 7322.634
11711.409 8341.730
13383.182 7076.794
12551.134 8866.865
13774.116 8743.393
13864.837 8236.158
11788.910 7318.394
13276.228 8696.346
11572.652 6232.872
13220.937 7371.973
13945.229 7529.583
13359.194 7535.709
13763.288 8210.594
12480.428 7684.460
12227.475 7024.811
12742.883 8069.969
11818.735 6507.691
12172.499 6407.956
11544.726 6880.409
11637.452 6130.331
13911.464 7235.131
12338.495 8257.281
11257.687 6848.390
13768.770 8831.217
12733.294 6644.891
11453.817 8222.190
11594.166 6247.281
12272.539 7412.625
12721.860 6337.592
13762.566 6328.386
13419.136 6327.527
11876.743 7401.747
12936.332 7573.581
13399.104 7768.397
11979.722 8467.908
13809.154 6335.384
13848.326 6188.506
12180.513 6302.488
13859.952 7499.018
11320.341 7497.992
11875.791 8830.630
13133.424 6931.608
12055.781 6140.530
11914.267 7048.668
13470.894 7225.020
12430.774 7108.593
13416.002 8744.038
11306.173 6614.318
12093.329 6463.271
13150.724 7719.755
12405.836 7402.033
12091.072 7028.086
13306.487 6947.915
13871.761 7538.261
12645.547 7516.611
13035.321 8838.358
12113.090 7880.105
13025.051 6941.753
13457.225 6129.142
13245.371 6552.726
12039.408 7267.094
12901.770 6515.744
12679.382 7254.703
12124.284 6357.730
11794.714 6455.628
13027.471 6631.126
12781.852 7060.644
12922.496 6666.302
13363.184 7197.766
11331.086 8220.201
13313.456 8457.929
14011.900 6845.305
11405.242 8503.947
13636.932 8423.194
13763.947 7625.350
12305.009 7370.922
14009.999 6392.195
11956.686 6923.161
12865.752 6244.393
12287.084 6623.805
13652.095 7114.257
13766.050 8062.087
11404.721 6161.290
12870.891 7580.665
12424.795 6738.235
12802.413 6410.649
12875.175 7249.425
11730.819 8857.861
11358.667 8097.911
12931.208 6768.595
13873.507 7107.348
13160.809 8624.813
12579.989 7002.947
13379.265 6341.554
13228.822 7053.271
11932.740 6551.561
13896.857 6352.766
13096.068 6477.782
13186.936 7114.265
12526.075 8662.231
11716.005 8850.338
12617.592 6216.781
11526.695 6367.361
13146.558 7762.805
11862.532 8607.226
12257.091 6724.803
11321.226 7518.482
12169.023 6398.531
11269.578 6446.202
12976.128 8569.287
13768.288 8843.551
12520.220 8088.074
13458.292 7990.776
12884.029 8746.300
13452.640 8505.333
12371.369 8719.838
12483.113 6117.760
13739.456 6474.336
13722.684 6645.180
11490.591 6464.048
13671.124 8868.147
11559.613 6266.603
14008.102 7874.826
13854.190 6870.213
13194.285 7776.659
12790.664 7582.812
12615.373 7577.753
13886.463 6384.479
12645.931 6675.745
13236.668 8351.314
12399.287 7637.226
12577.417 7107.082
11819.390 7066.590
13157.354 7290.876
12724.260 8860.147
12843.432 6216.707
11807.462 8757.772
12787.070 7498.304
11478.167 7624.707
12174.975 8830.961
11418.757 6728.623
11780.286 7944.787
13620.170 8136.271
12683.963 8806.973
13003.086 7873.008
11312.023 8402.144
12160.236 7155.430
12154.446 7342.259
13408.578 8054.832
12745.296 8764.144
13758.059 7142.150
13952.502 8250.737
13479.341 6743.822
11752.966 8348.469
12702.136 8261.305
13401.419 8462.429
12640.787 6762.886
13249.880 7558.294
13678.110 6959.615
12650.189 8433.313
12339.439 7041.031
11729.207 6566.438
13233.647 6166.770
12823.020 8590.276
12294.005 8773.095
13660.529 6449.862
13874.976 6573.462
11680.023 7079.696
13241.578 7188.003
13088.913 7572.457
11654.307 7400.680
12199.138 6977.775
12033.229 8624.291
11638.496 7876.771
11570.173 7415.839
13898.664 8157.245
13184.373 6211.909
12525.142 7156.669
12837.920 6555.973
12764.915 6790.917
13921.389 8078.840
12502.256 8147.302
13301.366 7476.152
13691.859 8777.879
11895.010 6370.162
13818.188 7607.235
13598.960 8163.902
11638.580 7933.902
13909.030 6188.864
11622.499 7078.452
13281.815 7144.613
13677.928 7514.455
13243.576 7194.696
12717.220 7197.472
12037.530 8625.087
13707.843 8278.625
12631.019 7205.472
13387.824 6868.622
12388.669 6319.434
13777.596 8001.164
12643.314 7886.808
12767.698 6943.072
11884.269 8634.594
11637.221 7448.535
13504.695 6617.705
11910.044 6799.507
11344.082 7813.699
11736.003 7795.596
11621.501 6477.851
12624.445 6344.934
13348.497 8538.923
12221.163 6481.794
13676.088 7099.168
12666.042 8174.121
11633.046 6671.687
11594.149 7975.324
11910.951 7753.075
12833.667 6308.088
12000.037 6290.503
12338.710 7035.127
11286.380 6363.713
13208.990 7373.385
13269.087 8809.565
13566.871 8757.235
13124.012 7446.843
12415.986 7131.704
12582.702 6317.446
13946.104 8422.648
11292.730 7671.302
12551.079 6624.442
11680.609 8498.004
13592.250 8106.556
11797.688 6839.069
13426.133 7256.164
13207.446 6870.893
12609.407 7040.133
11859.448 6500.191
12345.524 8829.415
13607.485 6754.678
12533.645 7841.647
13998.699 7379.036
11442.615 8761.727
13197.903 7922.998
13809.271 7117.695
13498.041 6812.440
13453.206 6619.565
13780.212 8686.773
12514.520 8620.086
13138.120 6933.511
12656.072 7829.325
13914.241 6829.110
13921.141 7329.477
13345.110 6548.981
12965.793 8415.048
13725.135 7686.674
12910.432 7072.580
12366.313 8415.389
11962.492 7644.783
12779.673 8238.381
13620.011 8326.824
12070.994 8659.678
12456.374 7262.604
13956.998 6189.578
11494.508 7843.485
12201.653 7730.317
12266.267 8530.575
11288.656 6355.630
12506.723 7047.168
12152.764 7802.101
12590.575 8474.423
12496.903 8877.618
11877.321 6728.191
12171.932 6845.621
13216.293 6182.436
13336.257 7152.067
13135.576 6367.491
13603.563 6547.234
13933.209 7846.810
13657.041 8148.080
12368.176 7110.969
12085.911 8044.370
12786.489 6800.780
12134.060 6758.503
13923.140 6499.368
11744.781 7039.449
12622.145 6343.298
12221.221 7121.003
12873.927 6825.824
13952.954 7185.162
11530.746 8646.348
12345.057 8258.333
13463.217 8677.816
13631.184 7752.831
13022.557 6350.931
13223.120 8254.274
12061.534 7618.238
13403.051 8421.639
12604.085 6923.473
11564.577 6285.487
11870.237 7219.888
12579.681 7083.690
13982.995 6144.336
11681.222 7664.242
13503.322 7761.258
13570.241 7503.964
13662.129 8816.013
13656.122 8882.361
12881.118 7010.296
12162.459 7552.145
13072.997 7568.922
13292.814 6985.812
13348.450 7328.650
12416.932 8383.875
13855.792 6963.751
11789.728 8056.814
12203.453 6318.521
13351.497 7610.433
11799.501 6127.576
13242.492 8890.859
12098.770 7354.681
13731.978 7201.253
12692.533 6759.232
12647.005 8659.785
12119.884 8765.771
12819.767 6121.050
12606.492 8395.136
12850.802 7889.632
13610.326 7377.781
11290.376 6566.921
13881.286 7757.368
12483.247 8109.160
13623.392 6925.066
12466.672 7293.676
13232.584 7082.878
12626.963 6664.251
12835.397 8107.106
13952.664 8348.816
13091.556 7089.056
11642.268 8361.538
13697.002 6986.552
12724.396 7584.227
11961.553 6212.561
13209.954 6413.345
11458.082 7675.645
13375.624 7440.749
12841.586 8664.213
13484.882 6244.121
11444.813 8058.703
12376.327 7458.625
12341.435 8861.260
11556.757 7881.450
12123.816 6493.590
12870.058 6767.768
11391.419 7950.630
12205.300 7922.492
12624.434 8329.419
12579.490 6351.958
13845.185 8310.470
12405.456 7674.111
11871.312 8540.304
12724.700 6226.186
13334.080 8117.896
12444.103 7145.358
12517.654 7311.958
13865.365 7645.604
12363.198 8094.958
12363.114 7719.930
11911.087 8042.007
11566.989 8473.524
13005.240 8807.679
11389.377 6834.677
12717.774 6993.788
12156.096 8425.143
12966.890 7049.501
13604.079 6230.453
12540.324 6428.711
12127.837 6134.779
13294.619 7079.896
12689.122 6173.615
12132.797 6989.403
12546.940 7984.063
12386.067 7079.635
13149.387 6123.241
12118.349 7251.154
11609.171 6622.523
12852.691 7348.902
12112.489 6469.074
12757.352 6424.384
13890.900 6807.381
11554.464 8003.083
12674.123 6896.249
11491.679 7577.268
13139.530 8103.367
13540.114 7501.020
13381.459 7545.199
12910.338 6705.770
13162.792 8306.360
11646.793 6675.987
12461.001 6757.163
13240.621 8443.593
13276.051 7792.733
13445.211 8459.363
13847.499 7735.452
13526.718 7371.487
12495.955 8263.630
13123.595 8637.339
12947.912 7018.501
13206.718 6156.592
13234.394 6328.900
12956.578 6280.942
13807.753 7069.451
12622.614 8354.807
12465.824 7497.532
11511.264 8868.312
13806.442 7248.966
13311.854 6259.320
12715.427 8363.355
12559.972 8043.047
11349.687 7633.465
13210.034 8599.565
13686.942 6246.320
11325.948 7762.773
13796.687 6942.196
13360.330 8440.968
12024.810 8745.740
13283.026 7484.778
13835.204 7831.087
11549.060 6627.265
11450.616 8415.049
11379.426 6544.047
13064.707 8059.970
12966.964 6826.715
13898.172 6724.085
11440.350 8015.113
14028.737 7276.831
12262.212 7396.613
14007.527 8155.481
11830.152 7155.719
12961.743 6278.718
11864.775 8578.075
11323.947 8247.357
13816.009 8716.075
12771.290 7851.257
11995.541 7529.928
12706.481 6675.521
13230.524 6584.543
11619.290 7987.687
13802.213 7244.942
13452.958 7525.844
11663.476 7275.826
13146.603 8866.926
11605.189 6353.525
13508.817 7616.187
12108.531 7532.790
12881.892 8028.306
12615.335 7761.138
11489.498 7967.993
13491.240 7303.478
11797.132 7659.708
13860.060 8280.070
12361.509 7895.259
12366.030 7548.045
13058.825 6221.058
12707.732 8883.210
13385.096 8769.662
13789.928 8061.974
13396.526 8500.234
13611.021 8339.800
12323.864 8204.631
11265.269 8513.570
12572.813 8625.332
13340.541 6137.657
12150.279 6929.652
11422.414 7693.767
11343.232 6844.252
13573.133 6603.640
13733.787 8172.210
13646.246 7212.060
12819.234 7552.730
12705.166 8411.995
13294.005 6463.046
12898.310 8844.244
13958.614 7169.641
11566.980 8612.291
11911.801 8688.489
12010.262 6298.306
12642.413 6130.279
13275.677 8084.802
12806.183 7168.081
12226.245 7866.189
12662.251 6377.011
13274.658 8039.227
11375.606 6419.428
12767.767 8286.737
11306.370 8814.093
13289.943 7991.805
11624.772 6634.111
11278.581 8566.992
12021.015 7468.492
12548.586 6325.984
13375.346 8334.608
12849.877 7899.455
12422.765 8277.076
13083.966 8150.366
13177.081 7960.345
12893.603 8484.316
12236.540 6214.747
11351.718 7003.301
12831.220 6458.306
12269.144 8845.094
11751.407 8560.358
12152.576 7890.926
13286.057 6275.680
12662.619 7796.671
13142.309 7841.657
12529.719 7199.505
11977.056 7944.090
12255.413 8381.575
12192.028 8750.968
13437.258 7873.423
13419.954 7348.618
13305.065 8211.212
13589.171 7110.486
12369.932 6897.452
13297.698 8661.950
11978.074 6223.778
11883.763 7835.312
13504.197 8797.403
13466.081 7454.960
12991.674 8587.003
13489.344 8606.494
11746.567 6374.086
12483.823 8337.401
11485.387 6564.436
13140.311 7228.360
11405.590 6520.631
13955.112 7116.299
13920.537 7770.806
11479.665 7307.092
12272.090 7863.081
13276.446 8664.224
12655.115 8619.055
12473.805 8792.357
12053.361 7803.189
13561.293 8042.877
13860.361 6561.099
13388.289 7151.685
11723.178 7921.257
11439.854 6195.002
12050.228 6871.197
12209.415 6443.297
13105.223 6313.942
13183.410 7551.213
13741.457 6843.092
13145.553 7658.367
12306.190 6987.778
13703.483 6915.964
11734.644 7959.119
11743.156 7750.224
13979.106 6647.123
12464.759 7628.121
12695.258 8602.760
12730.010 7363.403
13752.318 6906.265
12188.774 6536.231
13657.158 7408.922
14021.742 6888.851
11597.711 8190.963
13913.135 6613.491
13423.924 7771.620
13863.465 7864.353
13057.724 6168.960
12349.246 7267.947
13704.899 8128.322
12471.992 6618.506
13843.395 7791.573
12401.559 8300.065
11535.781 8699.140
13143.345 7881.528
11566.699 7477.537
11993.854 8258.566
12369.300 6300.037
11623.783 8062.593
12266.278 8048.820
13550.922 8682.170
12549.225 6583.387
12379.792 7220.470
11263.421 8155.009
11686.299 6168.224
13077.434 6156.105
11516.120 8643.538
13478.632 8445.516
12227.658 8689.544
13569.522 6274.119
12030.691 7614.241
11531.660 7047.678
11471.306 8021.386
11857.443 6229.898
11278.283 7259.533
11970.735 7744.707
11536.143 7816.563
13698.923 6622.245
13666.286 7555.702
12188.565 7482.238
13804.973 7927.582
11350.721 7847.783
13953.033 7582.421
11398.842 8792.035
13940.602 8502.292
11653.533 6704.813
11338.404 7676.038
12564.147 7166.982
11732.021 8884.162
11479.997 6568.506
13137.790 8089.432
13751.590 7642.824
12514.451 8368.834
11483.624 7242.393
12663.093 8885.127
13603.841 7018.549
13650.044 7084.608
13508.463 8176.459
13916.441 8102.320
11919.933 8443.781
12323.741 8285.463
13851.208 6226.439
13877.800 6256.590
12077.912 7828.381
11496.038 8358.889
11999.494 8717.345
12864.680 7636.256
13380.924 8233.629
13414.153 6376.783
12656.416 6786.754
11674.844 7365.854
12690.746 7853.273
12071.633 6323.136
13844.527 6711.437
12089.537 7081.308
13084.520 8806.082
11380.767 7976.317
11367.413 6537.219
12270.823 7514.730
13139.606 8129.679
13776.279 6651.139
12395.914 8871.012
12913.873 7915.228
13795.602 6186.799
13466.483 7135.827
11538.421 7965.202
13732.133 8049.778
12034.945 6339.791
12805.366 6499.047
12987.903 6367.141
13324.131 6263.951
11645.378 6908.958
11286.527 6470.738
11774.506 7625.304
13966.554 7331.188
13178.728 6131.270
12577.375 7352.372
12674.114 8117.967
13128.134 7784.048
13901.058 6856.378
13310.330 8271.739
12879.293 6848.127
11908.221 7673.108
11395.262 7886.585
13452.534 7311.369
13170.312 7371.557
11279.939 7803.288
11457.508 8747.959
12659.141 6801.332
13828.574 6671.040
12504.337 6200.404
11599.692 6828.510
13054.637 8419.440
12716.477 7115.340
13607.114 8429.783
12697.057 6850.526
13201.361 6437.175
11487.853 7571.167
12569.100 8428.799
13262.894 8230.020
12620.656 7355.809
11387.497 8240.593
13237.000 7356.975
11372.537 7749.059
13764.682 6892.136
12464.928 8109.216
11275.974 7675.313
12876.352 8445.552
12497.253 8191.044
11986.534 7589.358
11408.858 7622.377
11723.639 8749.064
12609.399 8012.276
13296.558 7039.615
11593.553 8630.104
11287.531 6292.572
13149.502 7767.712
11792.580 7341.968
11469.878 6492.003
12450.190 6348.200
13316.332 6589.120
11273.122 7274.474
11638.324 6691.684
11727.230 6836.802
13423.176 8268.217
13020.133 7644.984
12883.061 8887.307
14011.548 7781.809
14009.399 7935.315
13582.912 6933.501
12289.045 6129.981
13822.668 7047.101
13657.752 7310.597
12512.381 6217.860
13209.693 7939.493
13140.922 8471.711
12735.697 8665.703
11562.527 7699.714
13383.742 6876.708
12018.427 7820.412
13950.759 6801.111
11913.230 7488.541
11999.578 8278.626
13335.687 7096.183
12127.636 7831.818
11845.160 6343.342
12827.782 8703.856
11989.593 8676.762
11393.656 7568.757
13723.866 7290.779
11675.766 6390.507
11984.666 8241.180
13908.849 8491.937
12385.928 7535.531
13675.618 6852.900
12900.042 6566.902
13442.834 6391.269
11498.094 6774.977
12059.104 6492.246
12157.277 6723.961
13097.320 6773.744
12807.850 6218.696
11988.761 7554.223
12096.422 7581.029
13233.731 6303.771
12776.581 8671.534
11529.183 6126.578
12915.888 7998.674
13627.436 6344.890
13020.943 7982.084
12014.078 7169.136
11736.718 8744.529
13429.320 6119.349
11497.088 8438.115
13219.936 7525.016
13674.162 6156.105
13520.835 8744.269
12607.292 7575.392
12934.928 8163.256
13164.185 6227.479
12266.017 8706.820
12148.932 7288.812
11759.658 8474.912
13748.513 8242.680
12526.106 6145.844
12636.104 7479.242
11688.458 6583.756
11498.504 6841.604
11381.860 7623.616
13078.534 6895.691
12142.686 8574.278
11509.203 8374.262
12616.014 6492.674
12490.407 7546.143
13907.853 8649.260
12399.721 8133.244
13235.440 7949.165
13557.100 7276.841
11484.808 7380.122
12354.627 8869.726
13300.402 8690.846
12504.996 6718.551
12443.249 7978.326
12133.824 6202.400
11307.355 8254.706
13975.226 7314.257
11497.012 7225.987
11595.813 7527.587
12664.843 7470.085
12687.673 6754.755
12533.429 6736.658
11671.956 8394.294
11265.102 7224.087
11371.135 6142.082
12249.499 6856.193
13610.791 7072.148
13126.224 8350.378
13497.307 8082.875
13608.509 7162.947
13905.962 7040.830
13382.634 7605.226
12333.850 6306.718
13206.341 6732.162
11600.053 7691.089
11450.169 7965.644
12205.201 8492.973
13868.356 8345.023
12542.720 7041.355
13383.515 7033.122
11684.589 8373.714
11804.226 8811.444
11971.940 7289.229
12723.332 6663.983
13771.940 6914.411
12440.643 6632.264
13737.350 8003.321
13208.067 8759.642
11913.680 8372.965
12838.725 7669.912
12608.873 7656.618
13738.753 7956.758
13871.842 6396.589
11307.276 6280.699
13735.101 7821.132
13736.546 6639.317
12965.966 6979.938
13035.428 6123.061
13006.021 8067.488
13221.544 7205.469
12772.402 6815.597
12527.133 8122.394
13058.216 7708.215
12814.471 6844.100
12583.048 8100.715
11423.268 8034.709
13525.591 6375.461
13702.194 6258.513
11924.508 6120.902
11998.229 8415.061
13368.710 8612.792
12804.562 6519.370
13023.372 8310.678
13797.288 6396.932
11951.499 8136.613
11833.130 6823.261
11978.870 6912.141
12953.334 7385.881
11560.209 6149.900
12228.338 6757.927
13132.025 8705.660
12844.106 8568.432
13138.106 8443.889
13923.258 6128.916
12040.878 8145.371
13943.724 7825.689
13695.619 7108.039
12168.345 8273.784
12324.555 7055.848
13789.888 8595.656
13355.113 7840.463
11894.218 8701.109
11555.681 7319.127
12993.568 6399.820
13109.276 6891.595
11405.034 7059.781
11634.612 8649.921
12912.376 7613.037
12669.941 8119.951
13818.772 6648.163
13686.790 8169.815
11445.416 8627.677
11299.766 7879.238
13459.716 7274.330
13398.753 8203.420
13965.268 6981.716
12832.891 6175.428
12171.030 6514.529
12315.292 7694.023
13687.802 8349.474
13453.122 6323.881
13267.427 7923.609
13101.418 7262.563
13660.759 6932.251
11912.366 8873.743
13358.135 8556.022
11836.888 6482.820
14017.378 8181.671
13516.156 7890.903
12012.336 8406.686
12695.349 7611.957
11665.678 8567.210
13370.496 8776.621
12665.594 6474.209
13601.193 7155.700
13855.652 8219.699
11699.733 7122.406
13644.251 8130.224
11481.868 8147.384
13337.706 6535.937
12514.143 8139.339
13438.581 6569.635
13835.580 6705.114
11351.122 6834.859
13469.307 6834.331
11674.785 7497.832
13019.093 7957.624
13362.889 6901.930
13120.986 7284.530
11526.554 6771.264
12581.965 6517.706
13342.398 8714.558
12885.750 7410.863
12631.700 7167.449
13611.699 8524.163
12301.802 8716.663
13549.421 8235.488
12627.104 7220.868
13891.070 8865.432
11410.159 7671.596
13302.834 8237.195
11797.255 7912.098
12589.089 6205.976
12754.827 8739.897
13645.544 8524.614
13762.015 6299.255
13162.441 7334.018
12462.772 8721.429
12682.508 6766.391
12158.057 7684.627
11899.621 7499.411
12931.304 6877.520
13529.858 6588.486
11614.587 8074.579
13165.821 8171.392
13880.234 6206.969
12108.634 8368.951
11654.387 6265.333
12408.243 6568.111
12946.496 7388.908
12875.392 8645.334
12209.820 7069.000
11827.344 8842.713
13593.099 7529.426
12149.595 8256.578
11670.554 6468.196
12537.359 7731.219
12861.288 8731.100
13782.821 7144.867
12827.275 7119.922
13811.074 7468.002
13071.669 7540.805
12127.762 6768.219
12758.292 8012.239
12589.578 6194.875
11286.295 6163.559
11785.645 6433.353
12080.602 8097.527
12649.005 8076.785
11463.691 7581.426
12733.789 7610.090
13869.904 7047.074
12592.417 7536.697
12835.559 6549.563
11460.953 8795.934
11346.630 7763.881
12811.336 8528.995
12998.567 6932.802
11586.991 8118.678
12322.167 7590.013
12337.393 6787.543
13461.487 8667.089
13957.875 8201.444
13247.802 7769.056
12327.242 6567.062
13631.530 7597.097
12596.375 6425.052
11839.806 8304.706
11678.584 6614.179
12957.893 6847.914
12738.752 7324.216
12705.882 8592.680
12037.085 6773.109
13654.272 7484.470
12827.273 7920.758
13814.521 7430.309
13701.596 7988.371
11684.035 8738.368
12668.964 6874.357
12257.710 7672.425
11755.629 8553.573
12247.198 6260.688
12294.351 7437.670
11750.138 7032.265
13225.356 7238.381
12851.732 8762.396
12738.081 6738.005
13774.267 8618.687
12699.517 7307.345
11969.789 7956.614
13892.021 7346.080
12166.945 7892.842
13275.220 8801.527
13036.548 7952.317
12113.022 6563.654
13189.337 8516.206
11941.782 7819.956
11973.766 7947.904
11889.326 8857.051
12164.531 6609.973
12510.160 7907.544
13720.176 6933.951
13143.971 7304.641
13139.536 8425.281
12866.809 7381.534
13211.288 6279.163
13087.478 8383.209
12375.056 7830.518
11943.623 8111.248
13426.348 7305.223
12494.618 6119.734
12074.448 6156.470
12697.079 6422.335
13416.762 6325.020
13790.887 7153.989
13193.087 6520.769
12155.108 8347.514
12978.791 6653.561
11443.154 8371.265
12285.207 8054.340
13569.422 8495.850
11872.561 6408.077
12211.203 8802.265
12935.733 6684.059
13294.455 8334.034
12648.374 6835.602
11542.547 7067.999
11393.141 7239.924
11724.711 6296.264
11792.244 6751.200
12823.144 7291.794
12490.342 6391.011
11833.512 8784.174
12213.203 6643.721
11906.313 8386.327
12621.891 8091.246
13715.144 7753.833
11710.222 6812.218
13680.616 6190.710
13003.637 7069.962
11372.473 8721.615
12149.559 6949.628
12583.364 6280.380
13206.002 7466.194
11472.351 7878.959
11394.337 7079.888
13180.307 8450.258
12926.908 6291.406
12542.716 6879.214
12790.204 7530.591
12946.826 7576.795
13313.909 8328.192
12929.022 6550.051
12980.947 7227.689
13556.081 7542.958
13046.651 6968.440
11552.029 7976.784
13506.870 6178.662
13984.476 8569.498
11497.801 7365.768
13235.797 7579.294
13338.727 7141.858
13220.464 6759.586
12616.569 7758.715
13901.387 8428.306
12218.663 7317.145
12885.622 6497.495
12099.906 6766.127
11503.203 6579.669
13857.745 6360.061
12530.090 6958.254
12627.249 7038.110
12488.674 6603.182
13636.390 8733.833
12729.589 8506.831
12721.197 8785.542
11825.170 8490.836
11666.375 6358.970
11428.903 8146.742
12304.847 7333.234
12836.377 8209.142
13427.189 8029.413
13113.799 7479.192
13177.603 7844.555
13998.254 6711.880
13095.346 6843.962
13694.684 7056.277
11357.540 7637.939
12948.866 6520.123
13036.496 8330.200
11540.860 7500.322
12646.932 6649.026
11536.260 7265.170
11562.518 6984.171
13135.582 6310.601
12106.501 6663.736
11750.385 8444.949
11979.788 6799.738
12445.652 6757.431
11738.563 8153.624
11483.183 8482.503
13786.952 7201.593
12962.176 8536.151
12184.058 8545.856
12304.812 7817.184
11857.976 6218.713
13969.986 7387.328
13529.575 6812.776
11723.075 6626.764
12740.616 8145.157
12934.489 7526.699
13325.012 7237.666
12836.975 7352.528
12921.814 8519.032
11855.425 7503.526
12346.613 8829.328
13045.962 6795.071
12895.667 8116.696
12134.883 7983.797
12296.551 8377.435
13860.523 8350.193
12015.126 6186.338
12756.475 7199.903
14028.509 6404.677
11582.421 8344.080
12773.116 8658.802
13973.444 7598.486
12752.044 6349.229
11592.909 6125.529
12626.363 8854.983
12160.919 6491.623
12613.546 7042.836
11604.779 7033.091
13024.120 6302.886
11966.599 7334.473
12394.751 8382.252
11686.431 6726.972
11823.990 7190.228
13797.778 6518.485
12984.566 8709.318
11313.303 8082.966
12063.084 7982.273
12561.410 8425.650
12864.585 7253.618
12947.335 7130.983
13377.848 8006.313
11594.805 6916.051
11793.858 7132.482
11629.577 6200.730
11987.049 6498.732
14023.684 7974.024
12740.232 7617.848
11461.439 8875.077
11529.107 6888.137
12891.552 6756.494
12497.584 8733.419
11452.681 6834.547
14005.207 6781.515
12967.406 7397.999
12384.287 6180.328
13113.562 7453.980
11612.544 8372.225
13164.522 6215.621
13003.025 6757.189
12759.557 7537.067
11849.608 7001.961
11670.901 7269.012
12923.909 6896.037
12484.109 7748.076
12169.386 7878.942
13586.998 8505.462
13807.726 7175.762
12846.273 8705.569
12726.522 7635.568
12141.411 8346.111
14003.572 6366.565
12183.226 6831.505
12868.817 8039.091
12323.461 6567.273
13697.292 6897.606
12792.978 6876.831
11410.152 8847.149
13512.325 8373.222
12277.643 6234.865
12454.724 7693.943
12658.650 8077.140
12269.097 7056.834
11964.782 6826.461
12141.266 7866.095
11923.505 8037.685
13725.798 6806.633
13034.213 7512.399
12498.407 7339.772
11369.833 8321.009
13948.580 6629.017
13620.779 8755.537
12717.910 8803.167
12109.488 8768.448
11544.584 6239.468
13976.851 8853.532
13280.167 8311.513
13735.938 6193.258
12468.890 6726.951
13702.308 8013.713
12448.003 6386.989
11764.623 8007.991
13241.498 8334.369
12339.820 6572.522
11302.027 6751.731
11320.141 6281.296
12030.116 8116.933
11685.044 8055.920
13767.924 6642.886
13781.618 7313.200
12840.099 6240.603
11978.510 8180.713
12433.493 7723.617
13340.830 7860.173
12991.818 8615.062
14015.339 7655.900
12970.671 6579.722
12606.718 7746.551
12571.413 6314.910
13574.101 6284.534
13104.016 8571.865
12917.649 6723.994
11819.865 8828.888
11278.164 7762.076
13193.310 6737.526
12426.294 6889.283
12273.648 7933.682
12796.763 8770.779
12182.739 6810.228
12981.330 7940.880
12279.439 7830.680
11601.979 8807.797
12526.248 6663.870
12034.036 8459.527
11574.143 6250.326
13074.322 7319.452
12842.633 8605.034
11621.624 8572.707
12017.926 7499.479
11338.168 7970.891
13319.228 7831.675
12683.064 7723.676
12419.624 7908.351
12858.524 6764.252
12227.361 7243.862
11319.390 6149.279
11631.477 8377.316
11726.448 8765.425
12567.618 6469.132
13220.526 6469.440
12492.162 6661.725
13290.633 8211.750
13281.982 8725.463
13243.854 8271.417
11524.688 7610.924
12916.708 6878.134
12603.602 8597.678
14029.991 7347.016
12613.117 6158.817
11694.574 7672.790
12127.881 8785.955
11475.866 7331.469
12784.631 8760.081
13504.703 7020.843
13233.631 6849.430
11782.622 7577.139
11747.457 7220.102
11267.800 8551.216
12198.916 8344.420
13237.201 6370.574
12467.268 7181.973
12213.526 8114.613
12963.510 6824.876
12868.130 8095.812
11980.979 6640.582
12624.551 7680.674
12659.626 7684.987
12648.938 6415.013
13431.381 6654.470
12443.125 6190.026
12411.821 8289.896
12323.921 6412.016
11282.113 6333.294
11309.360 7259.731
11490.815 8357.280
12029.527 7570.145
11701.425 6658.095
11716.449 7854.220
11562.234 6148.406
11656.875 6924.499
13240.928 7465.219
11457.333 7415.631
12970.341 6317.574
13914.205 8444.669
13344.077 8858.270
12865.020 7067.249
11383.244 7030.612
13561.730 7353.018
12622.063 7391.972
13537.830 6771.997
13666.692 8253.367
13524.508 6731.058
13483.169 7543.576
13664.194 8850.154
12514.674 7984.114
13625.951 6641.529
12463.459 6510.045
11509.080 7792.885
13858.379 7502.320
13252.553 6507.116
12225.382 6808.564
11745.662 8326.064
13491.736 6268.748
13280.948 6260.049
12858.562 7366.146
12429.211 8730.807
13660.172 8877.898
11364.904 6409.383
11311.825 7845.552
13405.657 7244.593
13935.947 7833.546
11792.320 8321.767
13766.768 7664.950
12720.794 7385.215
14012.262 6897.994
13367.786 8680.109
13161.849 6887.032
11930.421 8034.711
13906.054 7322.117
12319.857 7177.933
13173.939 6326.653
12276.069 7587.115
11765.125 7176.330
11990.738 7981.942
11873.330 7387.745
11871.244 8721.633
13889.099 6976.748
13714.604 8368.344
13254.829 7351.599
12875.086 6590.289
12432.357 7766.930
12457.955 8551.279
13993.341 6166.565
11474.901 6972.862
11542.905 6991.984
13174.539 8050.321
13469.658 6262.130
12162.993 6514.725
13370.354 6898.238
11775.270 6354.645
13715.565 6874.077
13115.784 6619.197
11475.807 8350.779
12433.963 6748.885
12401.660 7054.671
12063.483 8800.445
11741.903 7345.879
12034.524 7997.203
12039.725 6344.572
12474.189 8440.184
12701.709 6225.587
11635.719 6570.027
11765.672 7422.527
14013.344 8677.017
12569.385 7710.572
12655.700 7041.681
13043.236 6740.597
11888.558 8272.143
14024.484 8568.915
11909.326 8882.748
12046.148 8843.523
12438.148 7563.628
11929.063 7085.611
12385.644 6697.268
13363.501 7488.495
13967.340 7989.053
11526.862 8734.674
11828.217 7745.642
11493.427 6544.984
12078.314 7971.587
13884.660 8386.853
13578.126 8627.926
12797.284 6269.099
11886.984 8009.037
11502.519 6722.277
12704.315 6988.470
11589.507 6347.567
13573.695 6544.583
14003.332 8037.900
13595.654 7546.974
13288.295 6731.413
13361.644 6604.368
13020.359 6505.351
13655.026 7172.825
12171.255 8677.344
12659.815 8492.705
12909.988 8258.179
13032.969 8270.878
11320.159 8208.368
12163.351 7003.353
11599.156 8714.398
13024.877 8604.633
11645.478 8554.671
13125.819 7101.236
12958.053 8308.165
12360.552 7559.604
11275.511 7363.603
11599.020 8660.387
13802.352 8424.023
12225.016 7900.183
11442.942 7431.854
13760.317 7496.018
12488.991 8624.453
12984.975 8078.553
12059.680 7621.908
11347.897 6228.191
13093.058 8131.682
13917.635 7540.385
12918.119 8665.827
13023.887 7763.565
11653.659 8103.209
11841.105 6460.072
12196.798 7344.147
13629.892 7768.972
12724.613 6336.037
13953.408 7635.369
11932.724 8275.203
13416.684 7817.995
13053.730 8196.885
12788.023 7559.526
12766.650 7901.450
12185.698 6720.142
11431.480 7643.314
13149.703 7539.858
12532.461 8772.915
13814.715 7420.724
12047.143 8290.271
12379.588 7434.437
13181.873 7233.952
13408.393 6664.502
11883.676 8711.962
11258.679 8249.557
12071.549 7898.679
12351.783 7922.811
12940.546 7617.695
12806.246 8426.720
13079.734 7466.682
13103.648 6833.138
11628.828 7842.388
13863.700 6955.912
12188.025 7318.377
13640.492 7730.464
12369.515 6438.751
12222.736 6901.140
12158.546 7427.827
11728.729 6479.896
11705.693 7641.573
12814.585 8499.127
12735.192 6423.897
11527.934 8818.894
13510.720 6374.793
13640.091 6657.243
12873.505 6765.739
11889.856 6753.091
12748.480 6600.353
11373.519 7499.836
12732.833 6380.799
13147.453 8130.094
11791.000 7863.832
12664.828 7912.245
11266.711 7627.433
12749.948 7174.879
12552.785 8627.743
13918.005 6332.388
13105.193 6381.150
12928.929 7203.250
12765.183 6419.671
13468.784 6802.811
12405.362 6268.569
12772.346 8465.672
11816.129 6944.241
13213.906 8305.478
12094.586 8694.405
11996.775 6234.573
13288.641 6455.501
12928.762 7807.467
12937.530 7591.733
11382.139 8525.903
13704.589 6462.276
11865.087 8406.162
11486.254 8745.854
11964.924 6172.881
12006.389 8527.409
12912.615 8887.523
13991.765 8569.966
13280.230 7547.999
12621.714 6314.426
13502.941 7589.142
12248.231 6288.514
13845.425 6599.922
12407.105 6377.972
13729.925 8226.244
13212.966 6470.458
14010.490 8377.581
12284.633 6974.542
12020.999 6587.995
13853.930 6776.483
13977.184 8861.889
12540.187 6842.500
13524.806 8033.646
13741.709 7840.533
12606.786 8682.379
12109.023 7196.394
13702.893 6521.023
11340.012 6610.523
12160.284 7810.194
13451.065 8673.344
13837.427 8115.564
12416.589 6180.777
11851.254 7295.263
13530.431 7830.612
11457.980 7188.985
11470.050 7437.038
11894.245 8165.308
12496.374 8641.083
12560.051 7840.145
13306.307 8267.544
13320.867 8839.695
12443.913 6193.102
12862.749 7066.811
13927.676 7930.881
11457.291 8639.951
12698.599 7656.557
12880.902 8261.152
13443.173 7290.322
13300.419 6168.368
12000.793 6736.820
11671.896 7240.827
14004.322 6193.113
12668.670 8470.866
12683.388 7486.587
12072.089 6895.373
11961.848 7846.438
12714.425 8008.182
13778.991 8168.405
11368.454 6866.036
11922.374 7795.732
13198.370 7688.149
13542.478 7315.981
13791.512 7499.915
12106.624 8645.515
11857.784 8158.636
11756.337 7081.270
11274.350 8097.186
13853.002 8577.074
12152.562 6939.125
12057.567 6612.904
14005.589 7885.698
12380.369 7328.488
13481.226 8860.994
12434.222 8006.108
11851.578 6823.564
13393.730 6466.462
13556.577 8750.011
11514.426 8454.771
11577.597 7640.536
13099.038 7001.652
12737.345 7913.551
13020.650 7917.467
11435.179 8453.674
13305.286 7578.426
12280.893 7232.609
11449.329 7893.547
12386.141 7677.145
11283.576 8877.769
11387.603 6883.410
11342.370 8716.735
13044.352 6673.888
12144.204 6366.931
13138.739 8881.875
12940.559 6487.742
12810.937 8262.807
12322.046 7537.829
12690.208 6722.676
11344.683 7448.618
13813.954 6264.769
11726.062 6755.313
12798.808 6550.562
14009.486 8382.928
11383.770 6839.811
12655.105 7607.258
13280.085 6628.899
12641.734 7675.275
12894.879 7548.335
13994.756 6534.703
13383.480 8462.269
12458.239 8443.052
12042.985 8627.069
12625.424 7697.359
13279.092 7470.799
11748.660 7508.679
11981.800 6317.275
13821.898 6696.705
13318.872 6435.670
12791.956 7468.448
13895.512 7256.196
12146.206 8526.143
13492.134 8340.509
11946.901 8529.147
13105.659 8351.326
11338.923 7474.447
13626.898 8325.550
13602.373 8337.134
12042.834 8148.249
12296.727 6183.882
13443.639 6942.760
11309.301 8736.344
11403.140 7757.334
14000.808 7637.151
13085.155 6156.634
12171.658 7210.047
13964.679 8845.217
12264.042 7047.735
12286.205 8825.223
12713.965 8304.943
12643.622 8041.574
11896.867 8845.537
13878.023 8670.498
12129.460 6800.198
13679.536 7360.447
13511.006 6939.072
12844.814 7633.260
13245.404 7689.594
12628.010 7992.133
12716.805 7158.576
13009.114 7545.257
13064.994 7101.370
12128.956 7764.873
13977.213 6907.681
13751.306 7484.036
12264.828 8415.772
11482.556 7264.428
12092.628 8526.649
11454.788 7271.204
12490.157 7781.370
12133.583 8885.966
11679.829 6714.255
11592.869 8360.515
12820.355 7646.295
12669.977 6143.741
13608.122 8413.131
13177.591 6746.443
11381.847 8843.478
12286.851 6474.016
13175.401 6832.102
11859.393 7675.252
11451.738 8664.650
11475.429 7501.588
12688.565 7667.893
12154.649 7045.021
12316.082 7333.808
12835.180 7680.225
12360.698 8711.234
12305.297 6135.317
13672.795 7109.698
12606.517 7094.034
12505.785 8568.238
11537.569 6470.733
11499.810 8421.990
13797.586 7191.616
13033.493 7228.417
12092.418 8173.552
11821.541 7078.721
11287.547 8753.764
13746.740 6517.632
11257.446 7860.794
11274.266 7990.291
11706.189 7665.329
13144.588 7868.870
13421.727 6291.164
11255.814 8505.841
13044.778 8885.065
12701.705 6259.342
13987.221 7559.426
11301.817 8105.421
13552.682 8370.934
11357.573 7331.647
13882.785 8099.142
11982.292 6485.898
12395.350 6328.227
11356.846 8521.506
12135.007 7481.726
11946.782 8519.351
12793.485 6644.160
11793.456 6686.093
11925.806 8666.692
13663.670 7357.265
13520.390 8673.036
13779.061 7630.547
13247.693 6882.619
11601.190 7137.328
11928.964 8548.818
11587.649 7534.268
11366.861 8289.357
12108.653 6492.274
12489.758 8237.156
13107.482 8153.252
11269.222 8339.935
11734.496 7969.472
11881.850 8290.668
12427.604 8484.263
12994.496 8827.075
13376.935 7462.838
12453.172 6151.788
11613.900 8580.778
13461.747 7489.016
11803.303 8646.118
13965.842 8007.092
11673.415 8148.152
13566.994 8386.223
13617.682 6782.757
13463.961 7222.068
12126.265 8594.438
12482.612 7002.514
11860.573 8623.415
12790.038 8529.134
13862.581 8322.364
12323.010 8071.769
13368.936 6919.305
11698.299 7702.170
12883.301 7106.046
13222.351 7926.509
13390.282 6487.539
11742.590 7431.116
11598.066 8688.483
11906.229 8086.948
13684.565 8037.961
13953.616 6340.448
12247.295 7826.167
12776.144 8716.860
13081.727 7016.344
12116.763 6158.094
13431.554 7824.707
12054.169 8493.469
12962.171 7711.085
13160.397 7688.898
13718.216 8063.267
13983.436 8715.245
13953.462 6881.118
11945.731 7337.768
11684.807 7964.659
11884.308 8673.925
12432.316 7840.693
12935.628 8376.262
12008.080 7508.356
13090.877 6831.956
12786.359 8238.685
13429.727 8293.942
12794.442 7107.766
11631.504 6261.206
13463.788 8072.783
13607.598 8618.783
13822.835 6174.044
11869.286 8806.211
12142.170 6196.504
13672.382 7945.146
11862.561 7721.794
13168.165 8187.443
12768.867 7214.374
13529.733 8171.347
11273.794 8394.056
11964.727 8489.444
13285.551 6937.965
12826.477 8699.471
11514.869 6179.687
12335.524 8518.860
11490.085 6754.379
12004.464 7596.569
11813.991 6344.218
13509.596 6551.805
12933.457 6318.962
12763.145 6774.541
12857.858 6531.958
13017.740 7687.499
11765.087 7633.987
13812.821 8379.887
12815.857 7241.589
11639.005 8685.583
12796.094 8230.355
11380.907 7746.376
11893.655 7741.627
12469.372 6462.428
11511.661 8876.450
12375.010 8264.423
12236.699 6866.937
13444.054 6712.206
13621.955 8395.615
12789.475 7993.735
12800.864 7033.839
14023.373 8582.792
12475.164 7607.265
13118.487 8670.798
11828.430 6850.688
12437.803 8372.947
11512.432 7920.612
12081.863 8522.367
11542.847 6825.572
12437.264 7867.436
13767.656 6252.280
11680.306 8765.245
13588.850 6706.224
12915.199 6347.506
11389.740 6594.496
12093.861 8838.334
13667.020 7413.063
13396.147 7342.935
11865.730 7670.104
12020.739 8581.036
12986.313 6169.187
12626.743 7438.112
11934.423 6167.260
11357.369 8779.327
12557.838 8510.060
13488.928 6505.188
12677.357 8449.285
11531.193 6637.725
13957.129 7934.950
12413.691 6732.832
12177.566 7734.739
11615.691 8014.318
13781.079 8325.244
12618.293 6433.067
13294.591 8175.634
13350.714 6132.784
13909.897 7621.960
12790.546 8500.674
13309.808 7235.882
12089.654 7186.605
12002.454 6474.800
13662.858 7204.310
12401.540 6389.619
13773.799 8624.981
11739.028 8246.253
12145.913 8874.151
12180.279 6212.299
11555.709 6418.693
12712.350 6997.508
12120.864 8651.296
13009.018 6227.657
12188.169 8857.845
11456.201 8082.407
13770.019 6619.652
13282.764 7762.198
13082.924 6805.729
12529.627 8253.842
12443.440 7586.905
12477.695 6393.225
11603.942 7184.792
11348.504 7718.064
12234.083 7417.066
12634.461 7805.156
13484.172 8254.811
12061.737 7618.097
12985.174 6938.754
12002.323 6577.484
11562.684 8357.611
12766.099 6348.973
11595.309 6250.325
12695.227 7435.703
12445.210 8119.107
12624.828 7081.471
13823.515 8313.785
11965.595 8800.816
12890.238 6789.449
11985.104 6739.585
12492.362 8525.986
13508.776 8231.128
11936.882 6835.554
11953.372 8746.815
11839.560 8794.981
11806.312 7797.281
12122.600 6179.364
11961.130 8672.962
12591.902 7471.990
12337.316 7593.553
12063.565 8532.856
12245.299 7658.179
12592.446 7092.686
12533.851 6235.536
12285.449 6853.730
12854.684 7524.058
12368.687 6678.158
12991.546 7967.825
12396.730 8503.926
13521.341 6314.338
12937.050 6666.544
14000.100 6371.621
11971.845 6509.561
11335.094 8607.525
11464.315 8485.249
11285.537 6163.629
12372.070 7263.671
12027.626 6254.992
12393.748 7365.706
11776.226 6683.514
11934.742 7464.329
12351.738 6609.711
13978.780 8512.972
11426.361 8839.869
12959.023 7453.489
11901.246 8391.526
13388.042 7792.744
11666.610 8223.181
13042.753 8668.413
12593.364 8132.834
13533.636 8177.482
12091.456 7008.704
12268.569 6303.144
13744.870 7852.068
12312.450 8089.694
12083.231 7788.764
13611.800 6163.129
13698.512 8630.194
13704.197 7495.394
12078.700 8684.297
13445.533 6155.198
11958.791 6265.640
13297.300 6284.848
12776.242 8716.093
12425.689 6796.384
11272.768 8143.304
11459.171 7461.865
12254.490 8173.137
11734.821 6494.804
11755.091 6945.956
12035.911 6746.827
13508.240 8412.593
13255.783 8402.931
12807.313 7288.829
11303.908 7734.906
13768.580 8376.134
12957.747 6236.538
12676.709 6793.390
13722.953 8313.546
12642.005 7356.394
13041.791 8875.160
11279.936 6944.790
12701.494 6591.287
13254.155 8563.507
12037.693 7854.809
13645.776 6942.575
11593.504 7599.224
12887.768 8184.369
12281.314 6958.620
13513.248 7846.216
13781.573 8561.057
11711.710 8473.286
11973.536 7108.266
13061.447 6204.262
13049.022 6358.410
12162.270 7192.219
12583.823 7468.792
11852.851 8699.118
11951.886 6657.843
13655.596 6421.915
12362.700 6830.145
11994.511 8688.481
12989.989 8617.304
12827.643 8355.587
13982.947 6938.162
13113.714 6809.467
13750.543 8349.755
13470.518 7648.773
11418.674 7046.452
13479.654 7363.895
12119.993 6546.191
12904.885 7403.841
11290.396 6354.979
13288.247 8787.120
13580.166 7205.419
12747.979 7499.399
12301.951 8334.004
13476.065 6258.954
12983.621 6406.613
13162.023 6274.077
12776.816 8662.011
11679.841 6968.490
11568.616 7695.067
12161.716 8710.103
12830.171 8629.845
13654.379 8286.214
13906.981 8484.261
13913.068 7492.781
12833.624 7597.819
13862.986 6471.992
13359.743 7569.636
11400.817 6637.360
12778.727 6957.288
13796.279 7123.746
13806.624 7694.350
11982.369 7410.563
13868.462 6137.903
12615.829 6511.648
13040.901 6559.290
12753.994 6919.745
11452.632 7386.263
13537.338 8583.267
13944.273 7943.517
13016.427 7384.173
12320.481 7930.567
12508.198 8151.973
11665.718 7436.385
11730.952 7198.358
13831.576 8180.601
12997.281 8869.480
13877.360 8436.950
13317.871 8041.455
12778.374 7836.872
11487.726 7844.588
11972.550 6454.039
13128.547 8785.709
13818.303 7819.246
12224.321 6521.244
11573.618 6310.826
13292.653 7717.860
13828.488 7094.573
12933.010 8537.651
13531.431 7955.428
12590.286 6656.858
13400.588 7518.046
11530.545 6406.709
12260.708 8262.584
11699.426 6466.030
12343.414 7227.510
12599.891 7850.241
11691.046 8493.223
12947.599 7006.879
13196.984 6132.049
12822.078 7408.665
13611.100 7486.485
13093.210 6354.780
13441.089 7154.862
12250.456 8150.084
11839.307 6184.278
13068.292 7885.467
13221.287 7807.972
13946.623 8845.402
13285.552 8716.703
13664.283 6208.500
14021.942 8186.961
12115.608 7177.921
11404.254 7680.719
11911.931 8566.297
13687.250 7102.477
11368.214 6208.237
12524.491 6852.451
12626.438 7191.822
13235.127 8653.215
13698.107 6221.476
13301.736 8821.989
11404.960 7113.027
11399.728 8324.940
13564.888 6536.561
13936.549 8129.145
13886.813 6744.860
11761.914 8847.054
12884.760 6279.297
11688.870 7970.138
13101.989 8727.108
13562.861 8594.649
12765.127 7599.440
11319.544 7657.608
12568.400 8555.241
13769.210 8371.473
12095.978 6715.933
13475.119 6863.801
13598.166 7713.701
13175.903 6153.628
11606.691 7910.899
11665.293 6722.050
13342.332 8073.716
12065.473 6617.402
13209.050 6160.527
11647.623 7933.809
13970.990 8574.837
13950.320 7039.256
13789.308 7631.872
12752.109 7418.115
12255.898 6556.043
11655.892 8166.759
11860.355 7536.097
11592.511 7983.780
12235.412 8145.763
11781.480 6859.174
13399.055 6219.687
13836.906 7968.216
12457.619 8186.659
12482.059 7982.665
12639.450 6138.611
13897.361 7882.687
13061.329 8068.177
13365.054 6790.190
12496.203 7859.327
12211.981 8216.556
11977.889 6762.766
12909.275 8074.337
12378.624 8121.427
11322.756 7556.868
13961.967 7283.827
11752.585 7489.527
12145.597 8813.918
13643.068 8738.168
11903.616 6874.319
11537.640 8220.554
13700.557 6753.728
11466.884 8112.155
12358.398 6760.061
13385.050 6151.712
12023.350 8151.127
13160.166 8256.109
13706.424 8272.880
13218.968 8349.538
12056.716 7420.592
14005.850 8358.089
11782.021 6595.332
12898.839 7723.143
11799.138 8192.889
13850.348 8222.013
11910.221 6123.967
13126.995 7002.530
13090.563 7011.143
12489.083 7995.931
12180.822 7395.615
13309.812 8746.979
12607.082 8062.017
13704.802 6116.786
12761.818 8581.319
12294.572 6758.640
11761.131 8456.904
12973.143 7062.112
12121.574 7266.488
13434.338 8578.509
13850.566 8304.484
12148.082 6423.959
12348.452 7550.219
12128.229 6849.357
13645.444 8836.737
12987.451 7411.134
12148.840 6161.301
11628.572 7712.388
13611.019 8567.713
14019.905 6168.282
11413.901 6700.077
13209.609 7392.204
13984.461 7569.859
12283.041 7315.764
11792.110 7562.070
11471.794 6827.272
11977.086 8777.096
12379.817 6696.231
13811.928 7847.884
13738.038 7172.795
12028.920 7467.595
11351.685 7085.763
13149.119 7754.353
11810.166 7768.725
11987.497 8674.657
12122.978 6471.651
13572.840 6716.984
13834.216 8754.479
13377.778 7656.840
13498.721 7526.442
12695.606 7497.382
13796.714 7114.553
12806.500 6255.230
12486.022 8646.434
13677.803 8275.356
13164.646 8887.887
13620.740 7550.757
13202.152 8474.443
12886.886 7349.207
12803.639 6189.120
13151.063 6869.329
13304.319 7446.208
13976.050 8484.054
12195.594 7643.823
12268.674 8252.183
12102.994 7302.149
13045.792 7241.137
13924.640 8218.049
13389.481 8252.772
13354.143 8419.256
13056.913 7874.639
12951.855 8166.485
11293.788 6830.327
13280.210 7654.068
12071.764 8830.757
13528.603 8741.048
11738.244 7473.400
13847.933 6931.822
13257.371 8530.625
12547.908 8207.631
12514.408 8681.289
12122.271 6277.684
13007.667 8337.284
11871.174 8340.599
13410.351 7173.723
11724.988 6146.803
13339.543 8677.663
13858.482 8551.123
13871.646 6605.784
13736.130 7709.251
13694.982 6468.769
12800.135 6885.080
12189.911 7629.062
12479.605 7863.606
13201.196 7498.150
11740.095 7852.585
11741.669 8637.190
11836.624 7202.950
12933.186 6360.750
13240.731 8467.590
12280.075 7026.402
11963.933 8104.393
11292.472 8331.285
12683.853 7241.432
11589.458 8343.784
13848.375 8578.890
13496.552 6125.650
12848.285 6715.249
12551.374 7327.769
13864.397 6819.550
11933.091 7948.363
12072.150 6861.802
13227.218 8232.101
11386.655 7661.917
12261.792 6524.610
12091.230 7567.204
11828.521 7133.095
14028.985 8522.188
13285.140 6868.668
11889.091 6179.520
11581.162 6592.457
12999.531 7296.421
12956.095 6940.005
12265.871 6660.327
13780.596 7380.955
13763.784 8561.991
11808.552 7793.990
12020.751 7380.941
11427.862 6715.251
12773.734 7693.352
13085.700 8300.004
12586.115 6969.610
13513.777 8096.794
12120.228 7433.831
13753.991 7888.070
13178.918 7220.166
13952.203 7659.711
12561.493 6760.889
12654.255 6567.118
13486.266 6220.573
13859.427 7511.096
11287.742 6484.802
12773.256 7504.871
12781.091 8626.006
11699.140 6926.744
13577.099 7649.724
12573.717 6710.275
13718.422 7840.717
13038.826 8224.500
11351.257 8331.119
12203.988 7485.714
14007.956 7419.852
13408.529 7687.491
13540.263 8230.749
11732.694 6503.984
13973.611 7596.656
11418.763 7436.408
13602.351 6362.346
12141.554 7163.193
11547.601 7109.308
11934.680 8737.388
13936.709 8440.217
11325.424 8295.834
12111.510 8678.954
12158.008 7200.246
12698.809 7718.006
12435.297 6620.094
12286.019 8772.105
12925.737 8690.961
12782.596 7968.783
14001.143 7719.462
11421.293 7063.423
11586.485 6932.437
12381.438 7512.130
13226.433 8348.412
13950.473 8731.853
12825.669 8588.245
11402.753 7184.940
12124.442 7215.062
12026.893 7073.753
12506.110 8755.894
13395.364 7945.692
11273.820 8374.563
12543.796 8040.057
13544.756 6551.232
12909.053 6555.974
11976.665 6299.836
13462.628 6403.037
12475.218 7415.873
13666.227 7053.998
12826.458 7778.153
13174.044 7501.984
13850.155 6826.850
11921.556 7538.664
12278.936 8817.598
11974.012 8277.982
12827.863 8523.222
11869.507 8600.208
12121.775 7145.546
13407.639 6122.808
12295.730 8015.321
12787.563 6733.574
13402.263 8021.697
13840.729 8867.668
12432.421 7040.008
12385.962 8775.868
13836.020 8610.850
12164.312 7001.046
12162.777 8163.228
13637.361 6457.955
11451.286 8471.412
12575.801 7769.911
12465.298 6710.129
12582.370 7427.031
12370.216 8093.752
12644.331 8722.061
11276.819 7472.614
13403.467 7662.060
13690.800 6541.873
12246.162 8855.207
12195.474 6523.762
13908.998 7259.817
12567.718 8522.387
11654.683 7070.873
13423.683 7996.427
11882.586 6583.184
11541.070 6461.297
11467.687 7679.406
12775.197 6928.397
13325.402 6347.068
12270.347 8212.888
13277.793 8016.003
11475.218 6229.317
11566.730 8083.861
11808.631 8250.992
12584.676 7598.682
13785.156 8643.924
11510.900 6986.573
11514.850 8586.370
11754.230 7563.652
12104.422 7074.901
13856.077 6485.370
13381.936 6635.806
11953.813 8832.791
12983.797 7370.530
12782.768 7157.860
12645.714 6156.338
13869.832 6779.205
12815.122 7338.925
13391.713 8423.212
11907.661 7000.422
12799.699 6627.482
12388.688 7019.589
13411.058 8175.599
12853.006 6947.988
13786.566 8243.060
11283.432 7964.711
12863.905 6167.758
14030.065 7325.237
12757.384 8647.828
13693.071 8268.967
11393.224 7147.455
12354.687 6645.322
12672.434 6854.849
12561.858 6851.666
14015.955 8136.611
12578.751 7749.162
13177.481 6405.486
11291.982 6613.251
13970.352 8825.096
11406.898 7598.443
13179.381 8834.744
13849.843 7427.593
12744.049 6614.097
13630.066 7993.874
11522.165 7395.375
11594.822 7125.743
12446.218 7980.399
12216.385 6234.741
13274.984 8562.349
12854.009 8749.841
13952.638 6984.893
13578.418 8358.050
12781.252 7605.463
13110.437 7716.515
13347.222 8487.142
12923.055 7697.747
13576.349 8863.274
13178.805 7737.791
12041.890 6509.939
12137.062 8710.138
12754.844 6541.062
11852.251 6684.166
11661.082 6144.227
13846.807 6826.361
12040.818 7376.114
12582.176 8498.846
13385.500 7810.006
13583.647 6423.339
11683.083 6983.869
12942.967 7897.520
13686.807 7981.602
12545.632 7825.899
11624.593 8650.837
12668.467 7677.922
11731.300 7387.581
12683.719 7717.682
12863.310 7167.231
13611.743 6133.015
12731.534 8280.586
12001.745 8238.439
12256.893 7424.777
11515.507 7533.422
13656.652 6588.458
13484.224 7788.410
12077.568 6870.019
13921.354 8788.598
12987.765 8684.320
13721.539 8570.431
11307.422 8558.369
12333.176 6276.446
11942.719 6863.508
13685.795 6312.178
13974.360 7729.913
12932.234 7655.810
11327.895 6726.248
13807.355 6933.907
11420.570 8220.228
12594.514 7607.043
11844.346 7203.454
12694.208 8648.287
11697.772 7981.952
13976.841 6640.693
11581.339 8147.853
13811.884 7059.174
13861.809 8389.419
12458.399 8092.553
12878.049 8144.249
12445.992 8450.333
12372.408 8847.035
13092.785 7435.650
12259.657 6833.313
13525.312 6970.927
13528.668 6596.208
12954.276 6219.531
13055.779 6678.242
12244.881 7259.197
12335.740 6301.646
11440.182 7626.031
13582.802 7654.279
11671.658 6142.418
13982.991 7871.057
13212.306 7831.270
12236.150 6794.148
11437.228 6919.893
13152.667 7440.646
11714.248 8654.648
12954.316 6434.671
12458.880 7586.235
13107.072 8178.811
12431.588 8763.670
12594.808 6169.785
11965.826 6193.713
13719.592 8410.835
12769.159 8126.996
11802.090 7156.227
13770.144 7595.166
13730.133 8040.784
12249.390 7744.668
13076.490 8158.970
11536.359 6474.641
12431.400 6147.703
12048.024 6200.530
13391.351 7838.353
13131.958 6248.601
12959.482 7735.642
11815.772 7549.682
12933.663 6813.431
11830.901 6960.463
11694.412 6356.448
12080.817 6735.145
12230.259 6718.759
12269.640 7982.240
11648.763 7971.121
12165.484 7025.075
12783.386 7829.473
11888.773 8000.738
11749.958 7888.747
13500.507 8513.520
11643.670 7193.069
12443.878 7196.422
13153.840 6582.594
13571.894 8427.466
12459.108 8375.751
11937.357 7369.555
11558.354 8519.824
13792.605 8700.099
11394.711 8389.084
11616.752 7605.108
13938.434 6569.353
11394.703 6460.409
13460.777 8104.604
11331.242 8749.793
13830.271 8695.107
13132.633 6961.231
13734.820 8623.821
11453.122 7642.176
12830.350 6829.664
11874.728 8324.331
12451.521 6514.450
12502.869 6254.923
12120.250 8642.049
11510.866 8687.497
11993.202 7818.478
13220.997 8772.044
12657.209 7958.629
12134.542 7513.649
13876.855 8809.792
11401.275 6908.346
12165.973 8175.013
13077.000 8541.522
13885.169 8086.069
11841.617 6402.797
12007.717 7887.719
12839.302 7249.513
13541.408 6774.421
11412.073 6538.695
13767.963 7851.405
11469.822 6723.312
11380.278 6670.430
12778.499 8539.934
12949.615 6745.572
13598.696 8866.884
13428.952 8196.365
12236.335 7961.850
12732.347 6518.404
12458.564 7329.986
13495.549 7450.009
11858.668 6598.974
12989.738 6800.571
11633.312 6682.342
13092.274 7580.090
11472.582 6721.122
13521.942 8698.607
12818.868 6976.383
13572.574 8777.316
13194.660 7391.989
11350.751 6927.123
13619.335 7484.381
12960.114 6371.566
12708.054 7307.557
12899.610 7506.688
12568.303 7226.180
11418.310 7003.992
13063.672 7413.203
12977.676 8120.211
12738.711 6232.529
13838.794 8390.039
13450.017 6992.963
12689.077 7477.920
12841.559 8264.804
11785.028 7883.177
11911.645 8276.355
11428.464 8007.809
11661.458 7284.477
13822.810 6420.265
11322.353 6465.460
13251.034 7917.742
12114.093 7281.098
13292.171 8095.347
14012.867 8783.499
12802.445 8088.330
13864.144 8137.513
11885.349 6924.105
12640.162 7306.422
11899.317 8351.988
11962.367 6756.481
13364.185 6908.486
12330.052 7983.469
13143.627 7176.887
11766.267 8321.372
12426.020 6791.600
12023.535 6394.269
11659.015 6254.193
11305.085 6514.366
12252.255 7773.241
11693.244 7581.521
13720.620 6510.683
13544.512 8315.415
13094.077 8861.912
13879.400 7321.388
12285.143 6574.477
11415.604 8616.402
11381.711 7324.592
12039.328 8352.599
12196.114 6262.784
11689.635 8447.193
13839.723 7912.763
13076.377 7797.977
13535.110 7664.864
12569.072 6628.237
11661.576 8342.434
13168.556 7828.252
13700.318 8816.546
11814.003 6314.721
12101.387 7948.963
12688.579 6952.725
12236.457 6403.957
13257.053 7253.177
12614.297 6328.563
11746.184 6134.511
13169.882 7040.282
11374.142 8040.782
12329.479 8118.260
13622.889 8187.966
13330.677 8194.635
11315.626 7885.642
11881.639 8387.608
12899.747 7380.509
11877.577 6133.043
13171.802 6266.632
13593.818 8208.808
12645.929 6378.993
11671.385 6253.209
11462.503 7682.835
13797.327 6689.618
12038.958 7173.420
11994.445 6850.591
13745.135 8686.208
13850.587 6195.324
12710.500 8690.086
12406.360 7351.457
12080.763 6129.413
11911.049 7413.526
13552.027 8176.322
12818.151 7991.857
13022.141 6411.722
13171.756 6856.956
12554.130 7418.911
13757.686 6260.270
12729.027 6541.682
13500.428 8484.094
12913.773 6491.426
11425.793 6277.661
13982.903 8371.202
11378.601 6193.743
11542.922 6210.482
13702.287 6266.991
12926.908 7263.987
12622.837 7363.031
11753.232 6868.175
13072.420 7019.850
11415.290 7537.738
13927.911 6330.364
11585.180 8673.355
13407.444 7251.848
11514.071 7983.506
11649.518 6989.403
11291.124 8658.665
11311.806 8207.485
11863.428 7673.814
11721.496 6430.784
12116.073 6118.070
13225.764 7295.193
13325.591 8291.079
13663.646 7895.102
11464.353 8580.531
11511.943 8663.545
11369.186 6632.495
13029.669 7590.951
11835.641 6489.352
13092.769 7216.428
12791.868 7633.018
13840.991 6279.909
12312.881 6621.274
12934.787 7900.170
13262.391 7505.540
12187.610 7010.543
13901.309 6592.173
11345.415 7729.676
12286.942 8784.813
13208.811 7450.141
12009.968 7801.718
11779.860 7663.548
12244.184 7854.969
12283.514 8247.759
12806.420 8568.874
11321.280 8805.702
11852.383 8853.016
12367.596 7438.784
11439.939 6503.508
12542.564 6973.329
12821.288 6807.069
12337.880 8023.238
12473.529 8544.603
13562.955 7046.191
12752.109 6555.648
13605.600 8018.336
12317.812 8553.803
11805.948 7063.719
13919.800 6372.411
11958.133 6535.006
13631.799 7295.822
13546.565 8515.061
13741.808 8319.765
14002.318 6902.157
12734.614 8787.538
12340.722 8219.737
13738.597 6322.391
12762.825 8099.156
13163.664 6949.291
12442.287 7015.485
11623.278 7650.878
12494.105 7256.165
14003.086 8162.337
11272.113 8774.935
12729.062 6171.736
13138.384 7847.604
12449.249 7468.452
13438.018 7760.186
12627.744 8825.544
13595.813 8611.180
12949.766 7041.233
13959.932 6570.285
12629.886 7196.324
13993.097 8664.719
12025.664 6519.681
12050.742 8248.702
11858.452 7892.150
11690.095 8544.611
12458.158 8491.737
13006.574 6754.705
12847.384 7841.963
11728.921 6693.979
13410.890 8268.540
13464.969 8622.057
12190.452 6844.301
11321.696 8118.896
11651.714 7231.219
11538.778 8873.131
12290.812 8809.483
11577.048 8713.257
12356.736 6115.702
12731.891 6731.475
13730.826 8389.960
12417.886 6287.366
13755.117 8662.943
12401.385 8518.122
12842.444 7438.784
12192.089 8179.628
12252.497 7328.322
13709.871 8193.260
11697.652 7580.603
11794.050 7615.392
12033.115 6648.920
13464.207 8800.460
13619.076 6900.182
11823.394 6227.820
13763.358 8320.605
13654.863 6769.338
11379.937 6116.246
12715.671 8755.812
11779.188 7169.790
12859.977 8734.095
11780.863 6864.613
13064.361 6339.083
11865.488 7894.154
11425.804 7245.367
11414.543 7887.177
12355.313 8124.702
12539.569 7232.194
13277.592 6520.129
14007.331 7994.045
13677.687 7927.186
13978.772 7006.572
13366.194 6578.190
12348.393 8294.501
11719.998 7933.340
13159.254 7888.024
11827.082 6872.316
12283.072 8035.467
11985.566 6826.674
14026.975 7876.727
13917.237 7764.061
12255.132 7525.405
11478.209 7707.517
12724.976 8830.358
13670.912 7697.138
13557.302 8355.895
12853.081 7859.755
13274.151 6604.118
13949.911 7604.296
11728.282 7100.048
13678.925 7994.880
12708.479 6189.989
11728.364 8729.815
12881.796 7095.493
12646.092 7353.018
12502.923 6353.085
12322.641 7119.287
13855.930 6396.778
12835.212 7619.543
11778.540 8776.464
12622.439 7969.955
13952.743 8445.710
12497.351 8390.028
12429.549 6404.996
12894.031 7703.621
11843.430 7270.507
13934.682 7245.369
13813.349 8829.931
11763.309 8605.021
11752.911 6520.924
12169.935 7390.853
12651.564 6619.965
12677.698 6925.454
12021.614 8228.112
13412.853 7953.810
11318.860 6700.789
12230.140 6328.645
12691.610 6127.387
12684.690 7616.211
12436.288 8440.920
12841.324 6670.586
12161.951 6488.570
12071.191 6244.641
12780.153 8487.634
12607.841 6977.819
11531.832 8567.332
12841.552 6284.743
13573.540 8781.453
13169.263 7000.077
13168.624 6266.297
13269.181 8600.023
11265.884 6244.197
11763.725 7519.699
12053.833 8574.770
13550.176 6478.220
11811.730 8787.054
11586.663 6775.806
12298.344 8530.249
12762.278 8579.030
11308.056 6843.789
11351.271 7976.233
13448.687 6730.606
12169.847 8380.887
13467.904 6566.669
13399.835 7637.635
12143.581 7031.439
12083.948 7397.221
13190.328 8839.525
13853.683 6864.946
13901.958 7238.785
11317.416 7355.355
13419.229 8100.907
12201.384 8661.074
11357.207 8138.736
13504.225 6416.595
11877.811 7628.951
11856.552 7011.582
13408.544 7880.835
12172.131 8105.163
12712.324 7015.167
11425.705 7443.994
11852.661 7279.838
12968.115 8359.364
12113.132 6953.670
11451.208 8888.430
12449.328 6239.688
13555.927 7408.387
12973.103 8585.228
12292.863 6836.243
13458.249 7785.105
12731.218 6794.553
12383.634 8289.030
12843.374 7810.978
13031.136 7623.531
13171.820 8743.260
13657.357 8485.039
12457.477 7401.898
11415.383 8120.434
12156.462 7660.260
12959.736 8155.340
12967.939 6518.310
13898.430 6774.540
13215.989 8221.014
13901.070 6365.543
11685.083 7238.939
12878.230 6655.785
12426.198 6647.103
13725.734 8569.163
12414.605 7317.642
13375.315 6331.949
11569.541 8627.030
12132.743 6378.249
13067.553 6748.492
11607.535 8017.772
13632.504 7033.321
11498.420 6535.961
13153.169 8263.809
13720.608 8599.312
13647.747 6854.961
13832.568 6921.999
11540.119 6799.970
12398.488 8040.821
12616.658 7019.877
13565.132 7835.948
12490.153 7257.447
11268.037 6941.957
11893.905 7732.111
11276.271 8040.244
13075.864 7725.304
13685.228 8851.606
13812.538 8809.442
12212.210 6346.590
13410.356 6986.648
12193.540 8425.228
13119.082 8253.019
13549.292 7291.870
11926.515 7875.965
12821.114 8387.915
11786.950 8608.962
12503.749 8854.387
12838.630 8430.721
13600.857 7139.380
13660.680 8302.494
12494.462 7678.512
12531.489 8817.893
13388.935 6113.266
12220.302 8504.557
13755.694 8479.151
12096.915 6484.692
12757.496 8008.252
11578.330 7207.308
11398.652 7804.898
11912.481 8560.341
12400.873 6346.948
11455.804 8007.395
11955.359 8509.358
11418.388 8530.414
12747.190 8035.566
13107.651 8391.089
13045.492 6990.870
12638.300 7714.471
13212.713 6714.143
13773.147 8351.636
13671.499 8772.228
12060.610 6624.676
12715.830 6795.467
12286.469 8497.575
12131.051 8681.601
13415.596 8671.913
14009.242 7180.774
13224.823 8575.306
11466.820 8527.463
11804.128 7078.133
11476.166 6738.415
13833.307 8469.628
12951.612 8564.260
11919.438 6203.147
13829.841 8295.220
11892.095 8294.720
11613.836 7782.689
11618.762 7587.510
12581.810 7287.830
13474.403 7864.770
14017.050 8008.938
13648.390 8662.422
12702.298 6969.797
12419.413 6869.249
13522.470 7171.852
12207.398 8685.124
11917.556 8261.225
13510.207 8042.259
11904.137 6984.310
13860.422 8778.875
12748.463 7827.329
12231.124 8393.315
13501.034 7442.075
13623.063 8629.251
13245.198 7036.845
13408.601 7890.745
11717.701 7863.587
13942.749 8729.295
12609.238 7788.258
11569.770 7303.470
13097.738 8265.228
13799.622 7313.562
12427.229 7440.925
13298.595 6520.600
13255.903 6237.208
12855.084 8835.353
12451.745 6241.702
12886.515 7696.884
12034.984 8797.863
12198.336 8298.389
13111.560 7069.492
13525.536 8159.565
12335.782 8281.673
12614.595 7778.628
12430.431 7556.656
12217.109 7766.619
13472.648 6849.170
11940.254 6669.968
13616.763 8528.228
11300.743 8614.533
13251.463 7713.580
13001.970 6413.515
11948.833 8884.011
11357.405 7785.883
12561.171 7471.706
11899.840 7779.067
11644.414 7347.166
12061.342 8340.534
12900.234 8550.094
12438.061 7384.897
12981.268 8639.362
12040.273 7891.929
11265.871 8878.649
12238.841 8069.885
12513.990 6518.317
12054.973 7535.238
12008.360 7033.882
11948.799 6579.813
13531.427 7666.663
12506.905 7500.085
11795.463 7482.465
12234.641 7922.549
11457.780 6252.315
13025.761 6411.171
12573.897 7263.899
13703.760 6844.688
13491.654 6184.718
12188.717 6261.759
11520.475 6125.193
13576.045 6312.741
11753.556 6961.810
13256.778 7859.019
11665.754 7562.088
13100.616 8616.468
12603.454 7387.414
13873.186 8567.539
12309.211 6124.819
13027.352 8001.800
13357.971 7260.920
11276.177 6676.388
13813.468 6405.775
13377.959 6211.158
13852.662 7698.241
12729.417 8374.920
13829.348 7112.299
12771.711 8111.969
12050.572 7635.566
11765.762 7047.986
12506.897 8129.530
13501.929 7905.026
13855.612 8414.246
11726.294 6251.896
11965.823 7818.270
13275.702 7506.956
13149.352 6653.568
13436.853 8474.411
11856.475 6222.208
13523.285 6794.973
11260.980 7261.741
13871.731 8474.423
12986.604 7463.701
12804.294 8710.292
12337.196 7128.388
11544.033 8188.472
12022.994 6604.910
12477.095 7822.134
11369.924 6115.430
13959.584 6276.822
12236.835 8477.689
12105.961 7809.330
13090.087 7548.868
12283.636 6187.969
12507.871 6318.129
12718.892 8881.944
12806.745 7922.739
13786.263 8694.649
12810.793 7285.658
13498.273 8502.240
12898.360 7960.045
12546.746 7811.884
13295.872 6702.772
12755.506 8478.838
12279.971 8574.240
13020.604 8379.321
12694.821 6195.509
12404.088 7532.706
13578.601 7338.275
12772.656 7322.669
12129.584 8290.503
13971.581 6626.993
13041.566 8719.467
12261.769 7967.408
13389.811 7048.584
13958.555 6892.051
12914.383 6653.147
12096.092 7858.898
12761.034 7880.697
13630.924 7805.731
13653.068 7752.073
13123.736 6446.504
12870.085 7656.683
12881.125 6738.948
13593.596 8170.287
13166.453 6255.069
12615.809 8093.114
13781.673 7044.771
12155.253 7100.994
12067.897 7122.861
13929.467 6450.996
12266.899 6211.117
11364.878 6701.358
11638.119 8589.675
13548.186 6535.309
11821.924 6728.218
13191.711 7128.631
12081.832 8096.575
11775.431 8688.340
11732.318 7839.547
11571.276 8649.906
12154.042 8331.320
11733.971 7394.224
13002.223 7984.872
13210.988 8414.691
11388.480 8268.196
14016.344 6839.635
13454.187 8266.435
12088.932 8132.145
11897.654 7459.266
12524.493 8822.334
13837.535 8008.620
11359.643 6613.452
11506.188 6318.231
11460.245 7988.251
12177.466 8719.772
12156.425 6185.972
13213.704 6329.987
12092.153 7711.941
13138.580 6831.004
13292.214 7078.629
11508.930 6276.555
13188.054 7055.624
13878.886 7671.214
12046.710 6466.295
11912.923 8775.003
13372.742 8068.644
13237.552 7356.079
13150.097 6827.101
12641.656 7609.631
12020.658 7563.029
11816.535 8844.949
12608.846 8695.595
11563.296 8263.659
13567.997 8858.171
13689.140 7758.252
11727.898 6738.218
12291.260 8485.962
11408.725 8509.974
12316.201 8510.231
13329.911 8234.495
13172.819 7257.839
13844.048 7691.498
12257.952 7149.440
13003.119 7376.005
11523.549 6616.295
12273.243 6887.263
11993.405 8747.565
13175.049 7772.663
13707.438 7484.764
12740.039 6200.938
13043.346 7371.357
13744.151 7503.485
12888.851 7614.250
13731.354 7924.550
12268.734 6845.439
13452.782 7015.014
13572.994 7595.748
11729.488 6426.852
12364.076 8816.481
13532.968 6572.341
12482.647 8071.533
12813.680 6838.406
11545.779 7605.615
11330.838 6653.176
13494.331 7196.710
12725.040 6968.407
11958.749 8062.396
13199.704 8169.667
12902.714 7704.085
11974.857 7020.264
13954.000 7003.782
12891.994 8303.318
12837.840 7998.259
13387.394 6805.401
13065.469 7223.640
12301.109 8645.075
11459.419 7132.795
11336.481 8741.899
11357.382 7980.093
12164.077 7122.593
11648.529 8113.522
13533.138 8660.407
13748.341 7732.305
13053.952 6457.307
13060.611 8858.199
12793.942 8532.472
11564.544 6577.250
11350.215 7802.381
12622.075 6138.473
12364.185 7619.225
12108.552 7183.095
11902.823 8345.939
12566.601 7297.392
13419.366 6744.008
13538.719 6698.791
13377.454 6236.347
13128.246 8533.056
12349.151 6475.319
12029.234 6609.588
12698.868 6326.338
11314.569 6121.846
13226.291 7247.324
11581.910 6303.609
11808.748 7711.421
11288.347 7929.588
12174.989 8839.493
13068.518 8807.383
11681.492 6368.298
12784.974 8409.148
11983.279 7702.811
12692.519 7873.245
11785.823 6352.899
11370.825 7593.545
12888.681 8733.284
12507.958 6515.091
11770.229 7364.154
13293.561 8593.528
12968.625 7899.888
13655.578 7481.970
13789.973 7117.498
12656.147 7220.709
13729.999 6438.729
11362.754 8293.375
11310.070 6220.739
13179.424 7319.889
13558.578 8148.307
11270.536 7787.189
11633.914 6876.154
13144.565 8162.748
13804.241 8014.133
12139.814 8016.648
13458.458 8389.385
12010.886 8147.452
13911.728 7573.712
13010.453 7594.777
12790.562 6139.365
11504.226 8234.946
11532.530 8447.667
13880.642 7410.742
12394.596 7467.867
12250.897 8467.119
12633.452 6331.479
13386.194 6484.408
12074.615 6200.039
12697.704 6155.711
12149.281 7010.202
12676.785 7873.097
13649.863 6938.629
12746.392 8713.001
13331.813 7141.431
11404.256 7415.738
11906.915 7452.586
12999.727 8322.138
11896.238 6376.819
13744.847 8267.829
11821.334 6142.896
12813.913 8632.057
13984.151 7854.265
11623.024 6957.955
13242.265 8140.447
13971.102 7180.375
11994.121 8139.736
13187.657 6693.539
12629.011 6425.295
13054.827 7105.178
13051.753 7872.356
12228.783 7981.950
13756.867 6944.591
13384.599 7355.065
12278.213 7914.233
11944.430 6632.034
12296.117 6592.174
12009.533 6173.605
11753.771 8344.679
12882.671 8200.887
13870.963 7651.608
12666.086 7933.496
11757.544 6336.124
13009.616 6637.527
13926.329 8590.755
11835.357 6939.802
11846.229 7319.300
14017.987 6396.603
12429.350 8374.564
12005.355 7640.600
13476.027 7279.825
13715.617 8449.025
13332.975 7824.663
11338.707 7840.469
12436.018 8607.746
13832.104 6562.295
13701.089 7516.185
11460.313 8428.174
12946.370 8876.984
11420.554 7419.400
11924.551 7671.476
13118.210 6418.364
12629.195 8589.174
12398.397 7496.497
11725.015 6207.607
12153.966 6844.401
14013.096 6821.313
13460.278 6499.242
13632.394 6957.417
12883.409 7133.943
11947.852 8654.547
11831.378 7514.052
11407.590 6386.544
12634.636 6356.379
12368.855 8383.161
12758.899 7436.823
12737.037 6238.898
13565.260 8293.186
11988.188 6214.128
11739.334 6520.133
12859.838 6545.269
11271.913 8450.694
13219.618 6300.644
11546.899 8137.041
13131.898 8245.093
12842.976 7575.885
13511.333 7642.283
12907.508 7281.799
13184.900 6613.646
13131.285 6179.467
12177.846 6181.057
12188.929 8773.658
13917.895 8191.035
12848.150 6481.019
13797.279 6617.501
13619.405 6769.572
12291.656 6727.863
11446.904 8156.559
11975.247 7992.340
11350.617 6548.606
13162.814 6535.158
12551.053 8232.054
11774.815 8140.116
13417.568 7286.094
13394.812 6444.963
12384.380 7793.836
11988.512 8812.707
13709.747 8112.026
11740.703 6903.668
13540.087 8592.995
12627.286 7290.862
11522.074 7818.482
13285.751 8048.514
11275.764 8747.397
12104.782 6780.956
12542.843 7505.319
13482.208 6342.807
13863.938 6256.491
13774.023 8606.364
13536.138 7008.530
12184.452 7648.781
12707.460 7924.130
11870.820 6522.819
12464.287 7680.633
13452.938 7138.863
11956.108 7657.559
11753.229 8127.906
14024.089 6166.944
13294.776 7571.198
12338.285 6614.176
12300.283 7294.243
12610.337 7608.761
13115.409 8369.541
11967.557 6113.250
12001.945 6747.708
13265.861 7554.613
12932.065 6510.086
13387.763 8404.112
12114.668 8226.264
13546.745 6792.106
13017.798 7971.552
13080.312 6911.612
13384.391 7633.892
12798.185 6867.501
13050.158 8578.785
12445.141 6498.963
13315.736 6561.636
12612.031 6499.765
13053.632 8852.472
13617.145 7444.151
12079.425 7294.703
12714.077 6515.957
12419.818 7850.812
12387.993 6553.965
13838.993 6932.422
13996.266 6518.602
11485.158 8012.327
12013.774 7909.668
13393.833 6187.891
13940.828 6519.787
11380.284 7165.729
12458.349 7501.538
12444.820 8403.518
13518.199 7491.706
11678.501 6904.346
13214.638 6544.125
12938.298 8662.236
13007.294 7786.044
12077.341 6981.412
11404.777 7306.702
13328.923 6861.060
11436.590 6664.605
13257.242 6972.707
13721.692 7154.455
11895.151 7352.372
12228.111 6619.780
13931.494 6881.153
11976.021 7595.369
13930.232 8882.289
13712.407 8744.032
12914.418 6504.898
12694.492 7704.806
13981.129 8119.750
12631.810 6225.653
12312.508 8691.716
13817.565 8129.799
13487.523 6287.448
12847.595 8488.166
11548.486 8479.507
13984.665 7913.738
11587.134 6388.009
12660.117 7123.530
11318.479 7616.814
12718.872 8358.356
12969.608 8865.719
13518.974 7138.959
13803.511 7371.218
12617.555 7695.911
13689.271 6417.215
11404.143 7203.046
12030.526 8505.953
13163.413 7511.838
13876.589 7688.502
11924.845 7920.935
11441.671 6834.990
13026.848 6566.595
13291.745 8027.498
11960.554 8884.802
11755.000 6835.270
13461.891 8719.165
13532.446 8745.207
11629.256 7147.197
12499.662 7487.910
12768.426 6638.366
13536.505 7901.527
13145.474 7760.969
13290.080 6966.116
13174.889 8007.854
12693.778 7819.606
11273.163 6234.917
11899.268 7115.126
12081.554 8012.612
11615.607 6393.105
13063.889 8511.703
13547.620 7116.656
11588.829 8551.585
14009.067 6515.669
13484.270 8022.492
13471.843 6262.628
13804.705 6662.694
11894.624 7831.400
13847.995 8787.171
13228.836 6764.297
12287.882 6984.012
12465.518 8031.757
13870.455 7678.711
13932.944 6783.696
12999.071 7756.417
11608.593 7765.454
12159.856 8289.831
12573.351 6284.493
13220.613 6177.643
13586.952 6537.347
13556.464 8880.925
11988.947 7912.117
13288.611 6271.832
13660.593 7175.101
12719.329 6442.114
12134.225 8202.404
12405.523 7860.256
13528.369 6469.644
12672.238 8599.932
11533.936 7527.905
13646.648 6130.634
12622.291 7772.183
13544.967 7905.269
12730.419 6360.075
12310.625 7706.744
12103.201 8080.373
13367.987 8172.135
12408.924 6256.532
13361.149 7247.091
13885.302 6324.412
13376.326 6125.972
14005.316 7918.590
13487.406 6627.064
12515.279 7337.069
11331.665 8599.652
13889.426 6815.861
12573.836 7329.614
13161.549 8857.772
13811.239 8471.570
13377.080 7614.765
13592.010 7902.807
12292.166 6527.859
13871.716 7604.679
11442.160 7256.630
13200.724 8482.507
11914.323 6931.526
11778.920 8485.088
13218.037 7878.862
11504.631 8208.661
11692.108 7924.000
11308.124 7520.563
13216.860 7087.520
11978.477 7337.631
11510.530 8040.343
11520.311 8209.365
11854.770 6212.863
13742.758 8754.431
13848.241 7779.482
12955.548 7285.606
13984.075 6285.032
13651.391 8593.578
11602.213 6126.062
11259.333 7261.142
13512.265 8546.757
12896.390 6891.568
12644.822 7077.403
13711.759 7256.960
11765.388 6964.593
13947.772 7761.067
13156.292 7315.641
11778.055 8627.138
12378.204 7992.436
11898.296 6309.851
13341.336 6593.717
12838.151 7432.878
13360.147 6414.230
11902.670 6215.185
11725.242 7649.369
12173.948 8355.650
13485.252 8582.643
12559.836 8449.242
13415.974 7261.236
13898.355 6215.248
13560.354 7635.098
12345.160 8776.819
13435.750 8333.254
12647.715 7616.144
12720.375 7130.831
11488.386 7071.022
13210.622 7937.060
12917.660 7069.030
13976.506 6851.794
12791.372 6384.266
13635.567 7920.703
11506.690 7820.944
13233.231 6961.439
12934.557 7695.458
13175.090 6806.595
12689.825 8062.263
13102.779 6490.553
13826.663 7988.868
12454.780 7102.089
12668.283 8293.655
13875.872 8673.011
12095.876 7354.362
12990.182 6355.205
12473.706 8396.800
11546.011 6619.950
11695.054 6895.776
12964.057 7388.234
12841.987 6925.315
13332.361 7424.850
12598.539 8011.128
12285.362 8157.549
11885.215 7792.311
12145.588 6521.514
12072.001 6377.657
12080.210 8221.308
12255.357 8574.041
12233.180 7038.421
13193.346 8459.651
12044.768 6256.322
13964.978 7452.118
11493.357 7763.531
12256.805 8798.084
13356.625 8063.944
11743.458 7106.034
13980.976 8720.184
12258.391 8827.763
12857.018 8467.527
11768.195 7679.523
12411.645 7110.135
12216.401 8850.154
12806.494 6794.033
11543.432 6891.312
12744.963 7847.840
13906.958 6203.141
13289.229 6144.081
12655.799 7860.993
13804.153 7697.016
13574.756 6660.772
11753.181 7322.564
11679.226 6406.632
13946.187 8007.362
12251.163 7995.952
11771.714 8849.324
13184.372 7447.926
11277.866 6608.730
12759.277 7451.565
12274.420 6518.386
12273.267 6144.182
11317.180 7992.829
13166.989 7824.930
13155.884 6214.309
11965.125 7324.950
13497.360 7536.455
13556.242 7616.740
12285.980 7471.741
13768.796 6355.894
13317.632 8264.062
13085.908 7448.110
13641.044 8695.656
13541.712 6614.284
13228.238 6956.109
14024.790 6206.580
12088.189 7370.562
12834.130 8213.383
12658.550 7063.580
11705.237 6677.698
12468.586 6934.326
11664.076 6707.430
13103.769 6650.031
12649.699 7074.745
12443.875 8360.034
12529.157 7225.790
11567.251 6434.725
12234.785 6746.794
11356.879 7146.263
14005.180 8375.287
12270.027 8374.040
13902.094 7431.081
13151.237 6277.604
11974.917 7792.564
12582.238 8090.286
12400.461 8801.196
12394.317 7296.665
11270.313 8473.243
12717.125 7562.202
14003.234 8606.656
13184.306 6916.318
11321.383 6825.872
12673.847 7639.207
12949.070 7745.810
11310.696 6822.297
13943.086 7490.257
13656.968 8208.267
13095.270 6713.913
12048.230 6430.162
12034.228 6900.629
12681.987 8566.496
12643.558 6596.897
14022.043 8079.006
12666.939 6527.171
12334.338 7318.059
13047.407 8607.579
11753.227 8811.782
11315.629 7818.132
13066.470 7546.708
13555.235 7930.164
13030.937 6140.164
12178.679 7108.950
12719.017 8729.498
14002.710 8307.155
12205.104 7329.774
11307.356 7046.395
11770.570 6739.090
12783.390 6814.843
12678.628 6814.598
13654.418 7915.687
11819.485 7026.971
11730.098 7741.745
11917.843 7551.490
11561.012 6321.235
11597.803 7684.067
13070.928 6497.938
12919.102 7131.572
13569.876 8072.772
12277.568 7273.855
12827.906 6345.203
13061.275 6578.197
12111.416 7730.943
13853.937 6837.695
13744.018 8862.226
13799.688 7399.924
13994.545 8405.967
13743.007 6202.522
12343.118 6828.106
11527.248 6872.186
12015.267 6303.213
12467.665 6170.989
13345.122 7747.495
12578.386 8138.096
13750.643 8267.345
13054.697 7763.611
12525.441 7842.235
11893.580 8449.612
13280.256 7544.911
12000.728 6616.268
12890.116 7573.990
13893.775 6361.896
13262.398 6426.138
11948.980 7549.074
13077.544 8885.405
12226.492 6717.328
11298.389 7829.824
11595.571 6968.581
12279.570 6223.687
11816.553 7985.502
13180.593 6333.138
13678.425 8625.182
12993.654 7543.726
13743.144 8263.342
11960.897 8404.809
14002.015 6299.735
13196.735 6607.180
11469.604 7094.704
11659.976 7225.439
12071.254 8817.161
12014.193 8503.894
13113.318 7336.710
11843.796 7239.362
11862.217 7203.465
12928.380 6215.531
11370.740 6936.724
12531.800 7034.167
11711.352 8558.822
13160.470 7209.334
11830.795 7821.737
11808.443 6631.783
13245.072 6872.088
13467.777 7896.944
13476.273 7253.193
11502.369 8720.267
11952.692 7713.354
11333.176 8160.890
12738.946 8364.366
13696.503 7733.787
13495.126 6823.490
13479.474 7886.610
14002.121 6967.210
13261.565 6885.221
13024.563 7346.629
13561.258 8357.453
11828.249 6163.726
13158.422 6822.518
11788.859 7615.394
13568.023 7750.856
12766.725 7247.879
13786.178 7383.478
11435.343 6150.028
13885.789 6149.782
11498.702 8527.296
11732.735 7763.120
12053.962 8270.303
12547.609 7668.257
12159.354 6520.365
12462.366 8604.709
13715.229 7676.423
11600.778 7462.703
13728.028 7323.782
12159.497 6667.657
12465.419 7605.993
12237.574 6657.580
12811.338 8874.715
11271.459 7475.380
13543.232 7834.005
12557.095 6745.916
11722.917 7335.405
12992.552 7364.331
11754.369 6989.290
13266.631 7072.487
13331.490 7048.607
12214.679 7774.424
11393.501 7597.373
14006.296 7720.379
13393.947 8820.232
12306.214 7572.331
12645.767 8281.050
12621.122 7360.218
12779.599 7696.823
12636.395 7149.345
11946.745 8534.033
12811.889 6625.314
12417.299 6779.719
12883.667 6478.679
11429.900 7265.614
12999.077 8606.101
13879.218 8667.202
11979.667 8054.101
12665.871 8818.607
12053.184 7877.905
12525.393 7508.604
13623.154 7221.796
13755.563 7367.984
11600.607 7873.175
12191.638 8636.662
11512.591 7605.744
11372.383 8071.501
13632.945 8467.008
12815.598 8762.268
11926.990 7765.487
13353.134 6865.967
11785.848 7513.837
13512.782 7200.942
13213.289 7466.821
12408.486 8194.696
11374.164 7421.631
11962.271 8317.830
12000.767 7363.204
11877.081 6606.213
11488.366 8467.070
13522.400 8514.946
11315.643 7421.835
11655.911 8561.773
13906.068 8049.247
12336.762 6511.542
12020.482 7028.259
11931.509 8463.228
13192.509 7274.569
12695.224 7243.988
12309.995 6743.748
12339.748 7369.520
13382.358 7026.028
13886.018 8501.364
12821.544 6866.117
11801.347 6513.624
11642.329 7429.207
11406.482 8190.146
13999.443 8521.724
13164.090 7127.049
12969.957 6270.140
13720.611 8227.044
11914.909 6726.823
13109.243 7502.469
11786.572 8318.150
12023.029 7059.088
12461.460 6535.899
12766.133 8276.776
12826.370 8328.799
12097.569 7694.438
12905.911 7643.412
11401.745 8361.442
12164.953 6460.123
13888.064 7741.159
13802.807 7701.838
11813.701 8610.414
11810.865 8830.545
14002.542 7101.289
11949.601 7642.486
12754.856 7084.734
13219.714 7059.440
13739.004 8839.433
13578.221 6490.911
12049.458 8063.204
12451.826 8456.832
13699.789 7229.623
13684.048 8745.553
12352.444 6848.126
13123.538 6532.615
12456.308 7688.019
13288.139 7552.726
12367.048 8458.113
12590.651 6198.822
12771.185 7526.736
12055.091 6215.748
12424.185 7339.057
13867.142 7412.603
13023.698 7021.586
13372.216 6133.311
12555.536 6529.953
12347.817 6449.510
11775.854 7976.528
12986.780 6614.150
12985.881 7559.113
11519.708 8625.892
13054.371 6486.386
11325.964 7606.467
13471.725 7686.983
13303.204 6205.737
12962.998 8394.669
12596.689 6204.528
12194.908 6787.052
13855.540 7402.211
13768.572 8540.513
12093.159 8143.095
12925.084 7052.645
11884.657 7319.062
11325.824 7204.640
12109.511 7943.485
11895.349 6565.907
13460.800 8784.979
12374.554 6825.975
13237.104 7407.136
13954.909 7066.450
12909.903 6921.865
13245.145 7649.059
13929.210 8861.417
12674.284 8780.987
13068.679 7821.070
11429.565 6256.686
11442.431 7409.244
12412.831 8832.232
12933.782 7952.899
13457.147 6762.099
11893.858 7359.631
12996.914 6942.447
13016.399 8870.590
13479.417 8543.072
11405.150 7058.215
12817.730 7031.374
12313.005 8407.129
11632.136 8427.394
12007.891 8869.324
13821.734 8513.099
11469.383 6713.859
12397.990 7755.679
13200.995 8065.162
13709.322 8542.735
12257.864 6227.068
12173.292 6148.457
13604.938 6228.534
11494.361 8724.244
12635.616 6709.308
13430.182 6402.754
11717.359 6529.668
13776.714 6162.828
11292.526 8374.483
13503.117 7056.853
12751.995 7249.109
12694.153 7176.864
12875.652 7756.894
12470.699 8322.746
11910.700 8073.507
11566.045 7993.319
13522.085 7988.120
12790.049 7690.044
12221.474 8526.589
12497.381 7684.648
12844.317 6355.741
13257.866 7733.130
11637.668 8869.972
13942.803 7494.225
11725.105 7391.140
12687.704 7103.976
11949.932 7599.588
12105.940 6478.815
13689.566 7179.462
13729.544 6897.484
12414.326 7961.686
13454.628 7514.707
13866.539 7631.107
13162.257 7637.621
11528.809 6601.049
11656.366 6602.329
11280.593 7082.068
13436.203 8078.322
13769.524 6395.581
12523.162 8765.523
11884.214 6743.192
13119.435 8600.156
12977.597 8532.658
13458.187 8864.885
12989.241 7852.714
11587.326 7366.873
13301.073 6433.171
12027.527 8226.910
13219.510 7942.293
12577.703 8384.986
11515.992 8349.412
12738.234 8717.036
13007.865 7262.046
12226.473 6926.812
11301.022 7336.629
11929.915 8650.043
13518.843 7769.288
11939.886 8517.946
13738.830 8319.312
11670.243 7081.633
12380.431 8315.968
12914.223 7098.413
13081.271 7527.058
13551.036 7770.222
11582.951 7293.977
11453.265 6133.386
12218.322 6610.502
12349.852 8411.678
13219.280 7397.055
12682.858 8741.986
12683.753 6707.005
13915.309 8810.082
11508.197 7223.078
13113.658 8187.332
11351.516 6854.856
11680.477 8289.442
12436.802 7582.149
12970.308 7220.320
13647.150 8624.734
12674.416 6737.704
13642.348 7433.949
12988.870 8848.841
12014.609 8791.376
13702.997 6415.616
12154.228 8776.162
11482.281 6805.988
12758.733 7524.496
13475.367 7426.202
11534.607 8706.500
13406.470 8729.247
11811.466 7140.421
11899.389 6517.125
13198.076 8712.270
12097.211 6326.765
13033.829 8266.323
13333.481 7572.311
13916.500 7657.678
12817.610 6628.183
13696.181 6404.457
11952.730 8740.257
12583.471 8517.251
11706.116 7863.120
11992.415 7643.933
13977.730 8547.610
12714.504 7592.536
11309.989 8218.620
13086.826 8785.109
12171.670 6312.500
12475.260 6921.851
12564.814 6501.597
12297.380 7506.554
11746.840 6981.942
13168.929 6292.316
12554.227 7224.952
12700.280 7652.431
13765.574 8758.170
13222.983 6978.718
13586.932 8888.643
11375.833 7496.483
12312.895 8438.802
11402.816 6785.203
12012.860 6984.455
11886.328 6467.134
12242.844 7550.826
13590.073 8520.031
11797.646 8785.837
12269.616 7653.877
13959.178 6272.905
12462.861 6562.367
12278.093 8496.189
11719.089 8657.944
12751.771 8686.275
12049.170 6490.479
13526.567 8601.106
13506.764 7574.963
13787.296 7703.483
12983.885 6144.029
11400.171 8322.489
12342.881 6693.614
13937.506 8233.957
12077.961 8819.125
12393.271 6168.338
13153.743 6475.561
12254.100 6988.622
11554.348 7867.528
13688.807 7273.493
13446.017 6197.310
11724.220 7996.763
13417.516 7274.144
12741.529 7279.458
12275.643 7014.692
11305.448 8650.480
11872.500 7051.364
13271.277 7052.796
12977.385 7434.364
12905.276 7367.946
12127.907 6675.632
11886.531 6658.864
14008.323 7204.551
13804.040 6175.694
13066.423 6242.404
13671.187 7543.496
12769.763 7519.672
13614.356 7655.343
12034.810 8128.479
13979.273 7572.854
13072.435 6671.881
11689.005 7618.406
13990.869 7301.851
13065.146 6514.715
12434.180 8155.256
13108.567 8179.967
12257.777 8622.347
11829.688 6314.863
11475.046 7112.435
12591.259 7736.468
11939.462 7188.994
13665.055 7362.726
11737.231 8852.072
13616.788 8844.069
11868.376 8078.172
11366.907 8513.060
13048.849 7250.024
13334.529 8181.599
13721.048 6644.314
13436.723 8355.620
13072.879 8134.264
13680.567 8831.967
11523.726 6589.746
12594.073 8682.774
12745.052 8753.524
12279.784 6466.510
12752.116 6903.249
11801.889 6549.692
13579.991 7077.082
13584.660 6596.117
13708.844 8466.567
12431.055 7313.322
11421.519 8210.887
13136.134 8258.493
11359.474 8802.600
12279.887 6891.039
12990.677 8546.742
11440.126 8406.503
12138.305 8070.869
13011.332 7538.231
11612.031 7945.851
11978.524 6321.985
12303.028 7967.508
13948.169 7839.458
11552.307 7948.040
12751.364 7519.739
12184.357 7062.952
12088.086 6535.776
12119.412 7111.755
13384.139 6493.504
13585.308 7908.070
11575.379 7823.051
12828.890 7251.311
12842.612 6687.524
12174.244 6899.511
12170.862 8480.679
13991.352 7206.994
12632.053 6190.613
11628.112 6987.370
13159.285 8085.917
11921.977 8439.544
11829.646 8628.143
13294.256 6800.350
12202.199 7948.788
11942.310 8845.974
13907.246 8529.138
13489.640 6480.546
11716.272 6394.840
11842.779 7097.646
11382.022 7354.059
13746.208 6609.045
12630.197 8127.778
11586.663 7118.606
13312.631 8056.711
12773.268 8192.817
13535.041 7166.465
12946.710 6556.163
12415.804 8529.025
12191.666 8853.130
12239.765 6208.404
12652.217 7774.113
12755.032 6604.747
13894.595 8377.659
12355.819 7482.208
12137.630 7566.893
11969.431 7524.253
11586.317 6777.811
13930.091 6570.545
13979.485 6725.534
11673.096 6520.324
13258.685 7418.116
13490.507 7354.161
12997.383 6547.421
12696.932 8410.693
13089.278 7433.039
13918.400 6577.694
11701.750 8038.255
13464.464 6861.664
13215.010 8081.903
11554.001 7911.100
11644.784 8199.400
13402.633 6672.786
11612.810 7826.458
13545.108 7341.261
12536.555 8767.266
13572.201 6438.842
13666.043 8340.404
12037.387 7737.378
11871.959 6511.480
13309.342 8571.515
11767.443 7716.471
13813.697 7657.971
11345.739 7019.570
13712.479 7811.945
13541.608 8864.723
11638.736 8502.673
12893.590 7429.293
14030.146 7826.771
11468.759 6305.712
13645.311 7479.938
13801.416 6393.224
12141.039 7736.077
12098.683 7289.755
11885.182 6468.487
11573.121 7630.722
11521.600 8225.020
11802.892 6388.500
12935.125 7721.709
13336.717 8110.661
11587.651 7212.323
11853.177 7823.245
11399.384 7308.783
13393.542 7919.374
12393.540 8656.610
11946.438 8014.913
12930.352 6431.151
12183.513 7084.913
13181.848 6532.277
13101.208 8216.465
13076.217 6353.331
12347.981 7614.266
11563.729 6713.995
11675.733 8442.790
11293.500 8295.938
13387.832 6228.890
12278.712 7290.781
13697.683 6471.634
12778.033 7775.117
13417.082 8079.573
11507.810 6302.868
13464.377 7610.015
13026.053 7768.549
12113.974 6954.753
11872.231 7213.961
12436.408 7859.656
12095.909 7137.337
11458.614 6213.776
11539.579 6208.675
13952.691 7293.294
13660.388 7718.255
12620.209 8537.646
12217.013 7488.425
12614.831 6317.739
13952.082 6718.284
12687.144 8206.774
11754.326 7261.954
13129.292 6297.451
11918.191 7817.802
11449.290 7146.608
13390.271 6469.640
12023.336 8409.360
11960.584 8470.317
13469.021 7959.459
12151.475 8784.017
12801.915 6609.904
13500.740 6981.300
13328.713 7428.626
11911.929 8385.809
12156.232 7659.580
11287.579 6781.176
13933.789 8736.760
12377.769 8272.688
13551.818 7920.299
11800.115 7940.127
13314.710 6779.832
14019.894 7083.457
11623.825 7024.086
12618.816 6769.887
11886.302 8372.865
12164.433 8148.709
13755.156 7136.093
12534.330 8356.102
12597.365 7860.750
12117.076 7471.983
13506.044 7030.379
11323.616 7930.565
14030.341 7152.668
13745.726 7704.333
13195.668 8097.550
11888.221 7768.001
12687.714 8249.027
11656.129 7282.788
13729.129 6259.252
13939.255 6396.200
13619.269 8558.564
13211.132 7472.679
11664.039 7513.754
12584.777 8472.861
12754.585 6713.638
12638.006 6623.805
12437.221 8341.167
13182.507 8078.718
12866.379 6781.634
12705.885 7685.846
12390.527 6196.687
12847.246 7440.374
12470.347 8513.559
13634.529 8259.522
12175.005 7744.095
13279.949 7701.984
12215.778 8346.840
13846.023 6173.889
12097.440 7033.152
11706.039 7500.740
13490.138 6868.277
13926.401 6583.166
11295.036 7450.077
11804.645 8011.311
11635.505 6158.203
13066.843 6538.978
12996.462 8291.518
13937.440 6932.694
12551.929 6146.573
13872.252 7856.757
13787.014 6770.596
12907.461 7800.744
12952.388 6525.763
13557.840 7538.620
12997.222 8132.830
12563.479 7200.453
12220.201 7395.988
13763.176 7043.167
13118.184 7750.913
11500.489 6743.563
13415.372 8251.121
11831.917 8193.213
12669.616 6476.483
13931.361 6614.519
12325.240 6933.239
12327.242 7177.989
13328.676 7744.913
13869.975 7440.403
12667.924 8149.512
13944.661 7281.137
12806.129 7570.002
13968.291 7348.241
13529.441 6653.515
14018.082 7137.450
12312.034 6323.777
11877.026 8696.125
12338.215 6609.585
13215.309 7382.872
12857.598 8114.095
13697.163 8154.306
13046.988 6334.024
12061.423 7577.267
13902.614 7916.760
12349.176 7283.845
13538.679 8390.746
12437.573 6119.428
11274.107 7901.010
12188.095 6996.376
13243.134 6199.982
13621.707 8356.260
12607.897 6751.298
13639.130 6523.976
12853.279 6132.098
11461.596 8113.601
12189.661 8170.829
13408.894 6981.797
12287.362 8490.868
13785.495 8295.702
12532.957 8363.083
12868.953 6221.431
13427.733 6700.224
13244.830 7766.497
11301.725 8870.713
12982.604 6661.451
12023.748 8579.526
11303.550 6594.435
11814.253 6778.315
11649.285 6380.346
13371.939 8711.305
13287.640 7367.870
13122.619 8396.822
12711.279 8579.175
13814.649 6678.357
11608.224 8369.947
12070.088 6967.334
12806.118 8117.631
12992.981 7095.050
13182.120 7605.323
13588.554 8791.516
13564.357 8524.786
12359.585 6514.892
13090.392 7213.330
12712.952 7588.272
12576.009 8511.448
12186.974 7981.233
12885.147 8646.761
13385.179 6152.513
13790.225 8426.950
11638.552 7973.113
13849.367 7112.256
11987.344 6306.022
12445.235 7398.057
11864.693 6973.992
12311.169 7353.629
13742.728 8005.015
12569.683 7491.435
12016.192 8096.115
11731.131 7341.878
12760.537 6873.059
11332.922 8104.754
11779.837 8038.926
12829.613 7063.144
13522.038 7494.974
13686.231 7064.517
12879.508 6805.071
13467.348 6823.458
12601.285 7265.929
13496.998 7733.474
12840.701 7411.150
11807.281 7146.128
11280.565 7129.174
13043.921 8673.774
11726.968 7545.580
11541.092 8558.604
13870.847 6534.015
13538.182 7188.005
12056.865 7022.937
12357.690 7297.181
11527.090 8231.146
12221.783 8738.970
12548.868 7898.533
13834.403 8851.658
12900.256 7963.392
12736.333 8674.170
11413.697 6570.755
13495.045 8493.516
12997.974 7972.032
13301.323 8121.539
11949.937 8776.411
12721.974 6181.960
12480.176 6198.405
13988.602 8082.860
12677.286 6259.123
13262.176 8035.441
11684.882 7425.796
12996.314 6374.392
12693.668 8424.693
12897.163 8555.548
13198.541 6843.018
11718.500 8620.078
11960.115 7642.722
11354.959 8799.598
12694.102 8748.450
11776.772 6796.586
13217.830 6397.643
13591.761 7824.869
12970.207 7824.262
13498.943 7005.928
12637.425 7410.612
12168.253 7810.328
11607.017 6536.351
13342.971 6662.288
13950.677 6937.015
11514.346 7239.374
12928.494 7477.623
11578.459 7471.944
12011.388 7075.403
12877.830 7763.640
11764.081 6928.747
13027.779 8790.141
11690.606 7893.137
13815.913 7752.397
11467.491 8029.801
13489.716 8744.853
12377.638 8491.642
12200.944 8163.014
11587.470 8617.647
13348.256 7279.033
14005.132 8458.571
12830.870 7061.686
13056.614 8539.372
11801.008 7959.133
12393.601 8309.371
11813.318 8545.898
11347.530 7738.906
12291.722 6946.165
11570.966 8240.476
12824.361 8193.367
12666.868 7549.914
11783.006 6836.131
11748.399 6254.272
12243.802 8635.594
12212.715 7139.581
13985.216 8518.884
13342.875 8333.530
13617.599 7345.817
11545.839 8016.888
13459.195 8438.885
12237.452 8237.880
13577.100 7363.257
11661.721 7153.772
11634.307 6195.157
11402.863 6378.402
13852.848 7620.487
11835.582 6434.533
13672.877 6979.462
11275.738 8810.981
13475.601 8027.569
13547.826 8538.728
12309.607 7567.376
13739.960 6943.192
13172.349 8095.812
13652.265 7770.350
13532.008 6664.802
12593.114 8648.994
11807.275 8534.353
12091.651 8857.421
13443.281 8181.572
11648.559 7644.433
12831.185 7374.068
13637.292 7730.035
12201.265 8504.666
13254.640 6263.744
11611.803 7901.884
11598.007 8547.477
12979.594 6152.151
12750.875 6901.764
14017.034 7793.137
12223.786 7631.219
13926.643 7018.516
13196.630 8787.221
13535.236 6583.378
12572.832 6947.023
12581.778 7027.301
12599.484 6872.225
11914.122 7706.826
13511.771 6563.183
12419.400 6164.436
13714.890 7841.561
13652.589 8484.893
12539.952 8674.531
12949.390 8462.452
11884.456 7331.725
12379.396 6416.139
12162.050 8246.635
13219.016 6786.409
12846.987 7577.560
12105.327 6930.482
11996.316 7020.190
12074.892 8657.828
13351.825 7779.987
13028.940 8549.396
13331.202 6615.914
12662.248 7641.244
13912.120 8659.538
12345.114 7697.194
11787.359 7601.281
11562.583 7128.814
12098.920 6919.078
13869.915 7483.618
11698.788 8253.606
12897.752 6547.343
11376.109 7462.953
11630.200 8656.834
11840.897 8527.919
11847.479 7865.162
13956.798 6346.878
13355.887 7252.644
12291.631 6827.287
12548.443 8088.054
13524.469 7247.442
12521.839 8750.249
11512.466 6303.440
13141.043 6150.167
13435.779 7081.667
13847.794 6146.211
13658.159 6781.368
11900.911 8765.855
13837.667 7611.986
13507.544 7149.592
11613.037 8664.666
12599.344 6943.864
13958.265 7491.723
13087.309 7718.565
11639.976 8072.821
13290.184 7926.740
11726.497 8461.002
13294.128 8317.681
13903.233 7099.155
13674.671 8259.467
13280.256 7683.093
12141.978 7363.775
13403.318 8035.227
13837.788 8195.579
12414.326 6176.753
13754.255 8040.809
12231.740 8305.293
13580.647 8568.012
12236.320 7665.491
13697.532 8517.078
11534.459 8844.832
13881.597 8764.493
13191.007 7995.487
13028.783 7904.484
13352.886 8754.024
12226.941 6451.286
12827.957 7176.067
13778.383 8135.649
13069.592 7118.590
13494.929 8038.157
13422.476 7626.139
12266.911 8261.120
11415.606 6446.579
13801.063 7579.962
13973.066 8129.474
12409.290 7145.546
12167.052 7178.564
13149.503 8621.458
12864.328 6780.764
12731.407 8077.601
11377.710 6693.491
11255.759 6179.378
11597.770 7761.415
13184.620 6311.248
11539.195 6708.403
13953.502 8021.588
13718.847 6206.012
13937.315 6301.638
11348.028 6370.307
12634.990 8648.721
12806.834 7938.336
11545.756 8816.419
12370.770 7141.294
12290.619 7643.730
12468.517 6750.244
12331.713 8415.417
12059.100 7225.284
11752.353 8026.870
12384.722 8061.814
12409.479 8743.576
13777.584 6751.447
12472.601 7005.156
13136.472 6709.974
12020.994 7092.256
12279.260 6389.352
12337.599 8576.339
12687.624 7561.020
12362.428 6595.622
11426.069 8601.285
13875.872 7175.545
12341.252 6744.704
11862.564 6901.812
11945.348 6433.585
11908.122 6869.863
13040.354 7086.934
13304.983 8608.385
11587.438 6436.948
11261.232 7574.032
12239.700 6534.382
12338.530 7848.639
12541.692 8384.022
13069.125 6340.657
12397.857 6578.323
11275.438 7444.938
14032.808 7114.113
12923.962 7957.745
11846.425 8205.991
11380.695 8798.212
13264.352 6624.923
11592.188 7001.089
11966.703 8489.337
13384.622 7101.104
13902.072 7924.106
13616.757 7372.806
11353.092 8259.086
13561.435 8178.586
11930.660 7306.786
11801.716 8338.997
12144.320 6515.584
13206.811 6260.286
12748.487 7995.515
13213.842 8881.448
11340.705 7934.148
13596.019 6292.054
11527.622 6918.560
14029.839 7004.324
11616.421 7564.517
13632.744 6376.690
13400.347 6210.057
11302.528 7407.644
11375.837 7406.659
12541.219 7590.644
11870.859 7846.412
13296.482 6846.212
13820.513 6264.368
12962.899 6803.713
13329.607 6771.223
12743.431 7718.990
11925.638 8859.918
12861.563 7616.793
11712.673 6815.085
11643.858 6125.224
11355.022 7062.634
13785.863 7240.816
12987.305 6979.865
14023.963 8214.956
13139.762 8603.578
13955.462 6468.737
13470.377 7386.399
12345.201 6832.993
11748.806 8684.295
13334.471 7405.914
11772.383 7560.743
13199.825 6296.163
13139.384 7429.026
11307.971 6356.568
11788.872 7480.608
12683.697 7598.031
13612.657 7003.007
11928.765 8800.036
11741.661 8143.973
13732.060 8378.112
13722.340 6470.704
13939.271 8766.551
14014.915 6427.077
11823.507 7296.378
11759.530 6391.597
12586.460 7903.848
13085.595 7586.883
12277.294 8618.428
11461.491 6991.881
11384.229 6495.673
11405.564 6363.825
13848.038 8300.006
11876.801 8672.001
13552.989 8638.895
12090.053 6990.869
12022.814 6467.062
13920.383 7868.148
13769.377 7526.668
12128.173 7277.937
11408.982 8549.355
12227.900 8783.061
13382.182 8573.222
13363.940 8436.209
12484.320 7045.381
11599.348 6157.667
13973.472 7697.085
12957.962 7261.363
13116.624 6378.176
13300.607 8830.338
13263.634 8750.603
12466.418 6643.892
12035.397 6444.421
12033.813 7321.264
12333.350 6505.556
12783.833 8255.592
13755.828 8203.447
12099.045 6233.969
11616.559 7453.422
12724.157 8544.785
13709.784 6703.624
12865.492 6379.919
13694.875 6982.873
11904.498 7620.530
12651.491 6487.830
12119.576 7993.340
12369.880 6668.374
13694.369 8428.021
13627.358 6243.091
13368.308 8281.346
12274.600 6160.924
11620.753 7010.380
11319.228 8695.331
11722.080 8039.906
11724.188 8784.101
12302.804 6997.557
12508.357 8312.667
11641.620 8524.024
12837.979 6185.565
11452.178 8507.315
13737.491 8704.344
12135.507 7031.053
13647.349 8155.719
13378.537 7129.349
12832.312 8622.415
12963.643 7311.673
11530.546 7506.980
11994.254 8792.128
13644.275 8765.117
11505.250 8381.397
12309.643 8722.585
12020.187 7009.258
12600.400 6792.666
13161.026 6220.812
11584.448 7856.131
12896.129 7395.259
11428.867 8449.931
13297.898 7650.276
13445.545 8103.584
11325.927 7589.526
13866.498 8494.614
11458.169 6862.394
12114.542 6453.266
12307.996 8577.584
11616.038 8221.710
13754.586 6905.599
11861.185 6936.379
13983.566 6975.922
12267.256 6557.033
11859.403 6148.361
13203.819 6897.696
11988.304 6747.445
12968.130 7738.731
11377.032 6748.807
12949.170 6808.052
12324.665 8257.669
11668.705 6860.894
13042.851 6403.397
12271.627 8031.408
11650.276 7804.389
12455.235 6695.021
11791.685 6296.240
13637.685 7077.278
12449.661 7766.043
13246.545 6296.425
12935.380 7128.740
13101.198 7822.289
13087.691 8587.216
13417.897 8058.751
12480.750 7290.907
12622.189 6258.543
13770.701 6718.192
13064.593 8036.756
13809.540 7363.858
13167.444 6677.111
12680.989 7692.243
13768.064 7353.190
12228.579 6509.544
13969.118 7391.468
11934.201 6313.397
12491.693 6622.600
12532.221 7462.491
12826.018 8091.943
12951.910 8018.802
12858.021 6129.692
13505.140 6649.449
13444.759 8537.182
12591.862 8702.623
11576.332 8794.161
11591.150 6863.785
13570.100 6757.586
13192.978 6151.768
13386.655 8335.724
13601.990 8581.212
12279.300 7941.321
12662.911 8523.093
12693.779 7724.531
13318.118 7773.075
12170.635 6787.969
12189.112 7052.848
11817.052 7925.079
13573.074 8077.617
12143.619 7748.214
13006.454 7996.653
13586.983 8649.423
12125.066 7841.357
12594.928 7803.654
12007.476 8726.035
11538.595 7356.345
13434.101 8081.041
12392.779 8694.105
11582.000 7150.353
12514.345 6263.966
12038.152 7867.290
11757.177 8602.214
12168.136 7144.754
13298.600 8391.805
13603.587 6469.536
12776.575 7445.092
13019.370 7224.803
13357.102 6698.312
13320.236 7308.416
12416.892 7029.986
12042.761 8229.130
11953.781 7406.415
11266.646 6721.245
12446.348 8257.259
11706.423 8507.740
12989.358 7112.147
12840.328 7273.757
12494.073 8828.402
12373.930 7433.647
11951.634 6249.410
11270.316 8067.815
12755.801 7922.956
11566.418 6354.019
13731.151 8145.035
11375.792 8296.084
12460.227 7332.953
12349.311 7673.298
13188.337 7111.505
12676.963 7847.363
11389.505 6225.762
12736.997 6727.357
13076.872 8373.248
12109.008 8511.096
11701.255 7649.992
13830.327 7573.754
11379.989 6776.427
12648.513 7985.484
13270.653 7208.266
11713.682 7279.809
13182.760 8332.707
13376.948 7468.508
13888.601 8416.533
12334.224 6444.710
13319.351 7549.583
11307.128 6429.856
13732.419 7144.633
12776.394 8790.718
12407.648 7604.391
13985.276 8648.918
13848.521 6310.505
12053.746 8669.406
13770.437 6209.392
13606.585 7271.235
13513.537 7237.618
12866.510 7999.227
11612.570 8720.562
12336.278 6714.014
12317.270 8467.665
13287.965 6786.164
13296.836 7527.727
12549.804 6622.954
13280.527 8135.807
11747.631 8444.944
13988.241 8097.819
13863.633 7720.879
13551.320 8412.613
13698.728 7744.862
12590.727 7907.014
12976.968 7221.155
12664.587 8085.337
12188.429 8407.172
12217.783 6152.334
12269.244 8587.153
11555.208 8687.694
13815.658 8061.242
11832.796 6207.235
12461.305 7501.341
13338.373 7712.957
11965.595 8512.484
12168.658 7089.894
13942.115 7196.137
11500.480 7756.959
13012.263 7313.787
12017.403 8603.370
12218.449 6129.672
12899.030 7746.494
13301.161 6172.613
13151.566 8084.217
13952.914 8138.738
12161.787 8175.876
13245.636 8311.178
13743.481 7478.516
11487.040 7968.691
13131.523 7561.010
13348.733 6643.151
11987.099 8286.463
13030.788 6682.801
12203.437 6533.511
13479.824 8215.491
13131.869 8158.165
12296.152 8530.719
11496.630 7474.139
11622.493 6542.380
13660.151 8584.501
11687.571 8014.123
13134.368 8191.871
13820.840 7391.187
11518.016 7628.698
12102.148 8104.270
11645.842 6509.212
12284.361 8677.543
13703.564 7751.977
11341.500 6722.552
13428.054 7398.994
13644.412 8346.514
12742.011 6961.670
12573.202 6343.528
11632.171 8835.787
13080.585 7971.479
12266.486 6296.004
11560.106 7131.106
12201.649 8607.955
13599.823 6815.374
13277.021 7405.472
13729.954 6698.356
13842.834 7137.862
12874.680 8577.289
12322.467 8400.922
13996.529 6788.275
12942.603 6912.545
13362.021 7749.460
13618.785 7901.796
13691.467 7702.729
13077.039 6551.456
13486.894 8561.261
13365.258 7892.732
13296.856 6645.103
13027.624 6272.137
13456.209 7355.325
13012.782 7695.300
11666.687 8060.733
11953.436 8309.362
12857.416 7784.391
12035.385 8345.114
11439.612 8072.814
11415.111 7868.178
12236.135 6949.289
12915.487 8676.331
13643.871 7560.492
13638.217 7727.772
13651.300 6507.698
13855.131 7613.507
13129.816 7935.064
12488.740 7616.834
11544.603 8207.015
11917.198 7744.862
12017.749 7837.269
13435.753 8688.767
13738.445 8739.256
12740.928 7760.117
11469.542 7774.441
13586.659 6714.262
13131.303 6368.409
13710.975 7320.307
13886.877 8175.389
11800.168 7631.020
12907.900 7994.516
13532.957 7569.598
12510.395 7117.875
12942.619 8213.361
12830.893 8015.274
13111.299 6986.206
11935.447 8768.031
12599.674 6754.053
11563.197 7486.985
11751.558 7989.081
12071.868 7645.942
11539.293 8515.272
11667.755 6662.511
12609.132 7934.726
12838.816 8711.302
13812.438 8464.205
13698.546 7445.232
13271.861 6742.169
13444.149 8489.924
12590.029 7112.541
13628.717 8813.475
11562.838 8151.205
13748.751 7560.538
11546.911 8800.705
11582.268 7028.730
12230.178 6226.798
12650.473 8375.361
12878.522 7530.560
13087.580 7940.802
11320.433 6948.589
13141.636 8774.894
13371.746 7102.767
13278.092 6940.410
13506.627 6353.507
12102.572 8127.700
13988.131 8137.931
12969.912 7705.536
13320.402 8771.597
13495.980 7700.309
12951.059 8142.871
12634.844 7420.657
11527.530 8054.029
13486.958 7868.893
13896.900 8676.459
12865.189 6778.096
11355.819 8119.493
13340.010 6836.591
12655.564 8823.802
13604.915 6846.459
13541.670 6176.825
13820.609 6911.336
13482.211 7896.109
12785.648 8678.663
12944.395 8618.380
12669.967 8246.375
13178.212 6486.464
12286.393 7605.062
12346.322 7020.192
13161.594 6470.143
13004.856 6646.210
11413.992 6145.309
12318.656 7710.549
13827.195 6316.938
11691.104 7504.812
11391.770 7253.532
12389.556 6188.054
13959.991 7993.957
11473.818 8198.673
13790.503 8877.755
13625.872 6229.157
13371.740 6380.811
11471.377 6114.717
12379.788 7596.720
12360.369 8634.508
12483.605 8076.750
12174.443 7127.990
13380.452 6448.340
11561.281 7799.597
11719.199 6114.534
11745.393 6168.851
12013.701 6572.662
11978.105 7822.371
14030.816 8298.827
12433.350 8199.844
12340.638 7212.062
12043.818 8673.995
11846.118 6998.093
11640.957 7274.148
11488.906 8582.821
11790.385 7294.616
13536.426 7339.955
11960.351 7912.385
12599.309 6840.643
11407.986 7876.737
12062.069 6604.610
11963.963 7227.346
11726.586 6280.398
11867.514 7219.458
13846.222 6959.593
12488.653 6914.271
13458.480 6391.010
13989.417 6863.547
13741.072 7414.283
13881.915 6157.900
12733.841 8573.753
13281.775 6584.186
12558.737 6594.567
12386.833 6962.599
12616.476 8062.318
11673.796 8252.806
11733.317 7324.669
11310.694 8704.193
12799.618 6671.521
14027.243 8753.069
12200.254 8445.272
13045.827 7038.585
11901.481 7487.056
12735.948 6191.775
11689.150 7333.464
11295.152 8410.294
13138.471 6329.574
12533.039 6628.260
11557.970 7497.551
11675.283 7226.764
13019.784 8157.993
11563.460 6605.138
12187.798 6860.709
12330.877 8823.514
11747.528 8602.056
12412.056 8759.811
11737.184 8890.446
12980.950 8335.803
13254.950 7311.655
12549.412 6846.833
13851.760 7008.133
13493.546 6568.928
11493.367 7111.932
11497.176 6149.618
12905.712 6929.499
12465.591 8285.865
13598.758 6566.432
11943.753 8676.021
13077.349 8390.336
11714.862 7728.777
12886.378 7668.458
12688.765 8472.707
12273.977 7163.415
13278.318 6366.640
12401.415 8306.514
12547.417 8792.350
12394.852 8323.310
11826.027 6574.359
12155.781 7263.865
13822.949 7612.501
11854.353 7996.258
12872.790 6453.660
11351.255 7534.496
13236.580 8397.860
12327.193 7053.685
13250.160 7888.418
12351.193 7490.327
12814.839 8040.543
11873.114 8330.503
12376.753 7347.741
11534.906 6344.472
13858.262 8690.164
12317.581 8382.864
13621.356 8182.068
13619.753 6773.458
13150.035 7319.033
13597.139 7424.111
12326.236 7472.905
12741.979 6303.637
12168.798 6733.279
12342.335 7191.550
13371.393 8881.174
13289.920 8721.032
13218.746 8887.194
11723.518 7087.793
11695.257 6138.625
13908.174 8765.979
11366.300 8682.415
13017.638 6704.052
12906.493 6541.851
13253.667 8442.973
13586.589 8342.995
12659.615 7431.254
13492.948 7721.385
12108.783 6711.124
13433.391 7725.331
12502.166 8179.138
12242.677 8169.656
11917.569 6493.375
11423.413 7210.721
13064.961 7291.971
11282.588 8513.408
12953.964 7618.899
12859.111 7756.473
12006.215 7426.839
13879.939 6460.109
11845.369 7263.545
12511.782 6522.602
12473.026 8079.223
12099.525 6334.223
12658.387 7857.122
11472.487 7455.936
12240.122 7791.415
11877.505 6768.639
13022.367 7818.096
12687.176 6117.194
13616.047 7271.604
11542.446 7681.817
12472.461 7010.796
14010.566 7881.179
12164.560 7845.723
12853.574 6881.527
11758.753 7317.461
12523.651 7886.715
11379.501 6249.935
13266.091 8213.260
13528.322 7637.347
11650.451 6560.389
11340.603 7891.096
13934.675 7286.089
11607.736 6272.916
13349.984 8763.332
13456.033 8104.021
11682.210 8708.753
12098.199 8133.604
13532.263 8677.031
11496.526 6185.060
12054.709 8637.252
12396.673 6607.510
12589.744 8140.516
13790.466 6279.102
13621.905 8341.433
11437.151 6985.928
11943.114 7284.777
13382.851 6744.725
13945.437 7438.074
11455.213 8559.014
13841.438 6229.566
13871.175 6686.633
13775.143 6211.157
12142.912 8316.902
13261.821 7511.857
11566.306 7953.319
13320.718 7954.159
12815.095 6926.770
12902.302 7966.964
11899.829 7525.577
12005.948 8145.535
13276.101 7718.562
11781.648 7226.305
11534.658 7028.955
12726.173 7133.235
12971.003 8405.229
11661.893 7764.046
13606.435 7983.880
13922.224 7520.075
11348.997 6810.295
13721.155 8622.165
12896.891 7791.014
12285.696 6593.557
13470.254 6137.833
11932.070 8709.094
12297.803 7260.835
13898.727 8426.849
13898.488 8471.048
13792.527 7389.212
12684.721 8338.067
11797.166 6710.494
12320.959 7552.959
13163.995 7991.665
11795.921 8123.233
11731.940 6428.066
12709.151 7250.921
11956.072 7422.815
12827.663 8277.586
13620.750 6479.802
12158.843 7650.794
11902.913 8784.856
13357.450 8197.001
12650.869 6185.032
13060.853 6403.785
11266.747 8812.917
13409.393 7677.549
12981.546 8680.688
12928.449 7284.821
13798.632 7567.331
11899.583 8846.324
13130.091 6799.237
12711.923 6277.086
12446.436 6202.771
12386.697 7632.992
11596.666 6201.131
12417.898 8508.439
13811.176 8272.879
13498.570 7527.171
12056.289 7593.064
12086.090 7139.710
13353.093 8155.550
11464.553 7446.560
11670.180 6134.696
11428.793 8688.254
13222.557 6744.649
12571.795 7507.850
11930.956 6259.105
11397.900 8047.427
11987.046 6739.656
13483.077 8686.012
11640.844 7085.101
11317.040 7551.633
12073.755 8307.303
13696.279 8302.248
11296.157 6255.060
13546.407 7839.082
12484.711 7802.484
11652.384 6312.264
13777.441 8088.162
13033.200 6272.650
12286.639 6126.633
13721.735 6306.278
12139.568 8172.344
13579.944 6343.681
12494.636 8170.115
13441.168 7876.542
13879.128 6418.559
13467.452 6202.786
13221.613 7737.951
12138.849 8383.886
13016.828 7295.706
11489.047 6138.589
14013.990 8475.786
13807.027 8059.557
12339.328 8799.901
13771.678 7812.072
12086.860 8793.987
13081.810 8614.623
11507.243 7986.119
12203.997 7849.052
12493.435 6397.876
11519.012 7969.274
13166.836 8405.567
11339.862 6760.954
13982.878 7303.110
11497.262 7369.512
12659.544 8457.212
12783.336 7237.230
13483.230 8125.046
11391.780 7933.707
13316.440 6573.906
13522.659 6298.370
11347.989 6379.715
13885.458 8665.587
13424.184 8766.441
13888.076 7459.006
12676.596 7653.409
12707.605 8369.270
13503.937 8406.604
13345.916 6757.587
13626.271 8428.746
11393.706 6265.672
12641.906 7709.744
13409.640 7896.341
11757.713 8545.070
11728.616 7478.650
14007.043 6249.862
13383.571 6592.092
11689.254 8387.235
12440.436 8223.202
13709.582 6523.647
13049.188 6791.231
11947.569 6384.974
13886.991 8272.786
13261.159 6377.859
11767.025 7249.997
11569.122 6127.400
13729.746 7805.102
13562.708 6198.762
12417.967 6128.302
13419.109 8510.894
13996.162 8201.997
12885.828 7367.413
12910.448 7237.163
13226.371 8474.097
12365.470 6569.370
12553.018 7372.265
13096.301 6290.968
12992.249 8823.158
13795.833 6995.474
11900.522 6957.360
13400.516 8689.707
13367.403 8323.297
13933.272 8209.922
12319.605 8415.276
11633.887 8886.132
13618.105 6841.724
12117.394 8733.124
11878.286 8362.171
13137.775 8331.135
11627.105 6342.247
11710.673 6489.547
13105.130 7595.600
13143.005 7076.055
13576.777 7549.757
11833.863 7160.667
12865.393 7054.398
13520.175 7184.044
13831.215 8785.175
12895.306 6839.161
12425.304 6639.523
12963.759 8424.246
12839.515 8121.387
12163.440 8730.506
12677.442 6682.504
11929.104 7821.422
13604.742 8163.287
12838.119 6815.720
11265.784 7149.416
11645.559 8760.760
11302.804 7923.175
12609.774 6733.298
11957.099 6348.222
13777.901 6591.649
12895.613 8510.709
11574.177 7098.957
13653.150 6323.643
13870.094 7531.826
13062.508 6846.955
13142.863 6120.319
13025.980 6725.480
11315.135 6868.288
12873.648 8373.164
12840.018 6641.335
12074.929 7267.370
14030.849 7010.319
13609.392 6974.355
13468.478 7476.750
13891.145 7684.943
12424.052 6885.114
13799.372 7597.014
13938.142 7496.794
11944.467 7734.002
13276.402 8722.226
13729.761 6479.788
12555.553 7716.636
12632.421 7126.163
12865.573 7180.442
12603.977 8416.246
13747.692 8730.197
11791.917 7143.669
13912.025 8460.997
13819.439 7811.220
11454.753 6914.789
12903.496 7682.953
12327.015 7112.154
13743.974 7440.329
13995.810 7646.782
12503.100 7977.285
11681.231 8450.850
12951.265 8226.737
11348.426 7282.504
13651.425 6197.003
12751.535 8879.163
12654.556 6938.658
12187.580 7446.053
13297.794 6730.481
13039.653 8500.282
12702.754 8275.884
13716.472 6502.050
12035.169 8622.541
13353.446 6994.932
12173.288 6510.739
12881.507 6184.470
13445.622 8495.635
13909.967 6603.532
11479.240 7812.417
11890.674 8388.997
12997.255 8020.490
12660.460 8169.792
12021.338 6618.653
13284.299 7651.635
12103.863 7416.715
14020.941 7240.628
12589.830 7082.609
11411.857 7760.090
11561.311 7048.440
13734.032 7772.888
11886.298 8531.134
13302.380 6236.020
13399.763 6140.296
13023.317 6378.587
11839.746 8586.593
13013.660 6482.734
11450.062 8789.161
13989.019 6549.154
12581.520 6566.801
12646.322 7270.052
12764.421 7226.121
12556.087 6231.419
13105.976 6511.181
13157.360 7503.200
11421.680 8699.876
13016.963 7489.568
12925.268 8551.403
11748.728 7619.277
13535.268 8196.122
12603.099 8283.973
12481.720 6733.931
12394.850 7078.067
14029.765 6331.932
12651.041 8469.715
11942.710 7017.419
11651.449 6570.808
11934.242 6896.961
13789.250 7339.668
12186.235 8715.790
11418.892 7650.249
11845.304 7103.721
12657.665 6122.034
12750.214 6246.129
12775.353 8483.514
11645.014 6322.928
12528.180 6890.138
12794.207 7482.810
12460.911 8696.582
12353.490 7454.629
11632.024 7005.811
11718.519 6435.427
13156.967 7276.238
12769.597 7711.388
11959.083 8281.301
13974.283 7669.785
12276.991 7548.401
12482.317 7557.214
12543.906 7448.021
12681.742 6500.450
12708.073 6343.583
12047.933 7626.982
12855.781 7589.935
12765.995 6216.288
13280.317 7331.421
11747.245 6470.156
13075.912 7063.738
12905.201 6733.825
12998.349 7103.646
13799.545 7719.046
11471.248 6310.825
13540.705 7516.153
13132.527 7649.971
11969.064 8088.134
12733.986 8838.053
12192.838 7143.746
13037.248 8170.608
13456.320 7872.819
13854.270 7736.216
11540.613 8016.159
12034.657 6211.913
13829.814 7070.933
11913.143 7877.984
13423.654 7558.380
12956.745 7839.043
11360.739 8037.173
12364.279 7893.683
12443.714 7831.882
13608.491 6275.101
12392.188 7498.816
12757.068 8860.937
12496.655 8863.456
12480.641 7863.825
13107.460 8813.733
11492.413 7117.362
12094.107 8037.201
11907.417 7083.336
12375.086 8223.586
13615.514 8693.223
12124.846 8019.616
12011.512 8332.422
12444.275 8266.684
11746.446 8477.252
13853.395 7168.625
12659.887 7022.153
13568.467 6128.005
13658.464 7814.486
11393.401 6245.942
11448.957 8525.173
12665.316 6489.509
12097.060 8735.812
13583.307 6720.293
11918.703 6790.859
13882.129 6884.630
13283.451 7307.968
13406.904 6116.473
14023.875 7115.389
12918.679 7233.329
12289.618 6343.330
13358.218 8543.592
13618.806 7384.816
13801.729 7346.912
14013.789 8359.592
11624.647 8738.992
12177.507 6875.985
11917.563 8181.320
13751.689 6930.169
12156.607 7052.333
12162.403 6312.631
11789.447 7003.568
13273.990 6486.934
12197.659 7313.331
13298.596 6282.043
13017.876 6442.932
13346.728 6807.905
13409.142 7023.351
12231.990 8335.233
13897.657 8302.318
13232.488 8428.428
11744.320 8208.354
13762.424 7020.106
11372.042 6335.705
13443.894 6666.426
12362.622 8365.772
12916.512 8580.196
12922.670 7534.783
11291.620 7605.193
13243.498 6774.453
12653.748 6388.600
12274.498 8225.943
13508.516 7430.959
12787.658 7769.240
12072.141 8524.923
12470.492 6615.749
12383.139 8619.788
12975.879 7385.917
12620.039 8516.609
12748.814 6605.563
13963.979 8685.423
11409.454 7477.338
12251.655 6539.431
12420.124 8832.385
13299.209 7696.247
13092.585 8073.134
13132.822 7869.478
12412.156 7546.319
12451.445 7748.508
13943.234 7313.908
12935.086 8731.721
13671.427 6361.299
12154.303 6925.301
11670.243 6971.051
12558.054 7113.707
13871.734 7542.695
13936.544 7879.955
11427.094 7427.248
12371.806 8620.319
12723.131 8246.482
11573.232 7937.705
12965.771 8240.078
11486.543 7801.692
13782.858 8756.221
13473.180 8665.904
12228.945 6449.864
13513.634 8323.142
12428.003 7510.765
13149.995 8699.823
11870.140 6324.471
13530.588 6805.218
11606.102 8086.328
11444.930 8500.906
13512.368 7901.201
11888.170 7553.562
12123.657 6600.090
12444.878 6126.468
12016.868 6616.820
11506.039 7195.368
12391.161 6811.700
12083.979 8508.263
13235.037 8796.844
13391.979 7650.385
12716.379 6512.203
11702.303 6900.909
13934.703 6836.734
11493.118 7816.759
13017.744 7556.195
13587.315 7304.078
13712.702 7424.072
12610.539 7700.907
13332.206 8009.822
13456.164 6250.546
13652.758 8512.870
13317.198 7767.854
12278.676 8885.899
12814.653 8767.887
12293.340 7983.684
13311.698 8076.088
14007.437 7422.852
12765.897 7656.854
12006.519 7891.552
12164.253 6274.253
13455.751 7598.628
12303.162 6548.104
12567.412 8114.875
13644.405 7207.139
13230.591 8670.621
13241.985 6333.421
12825.148 7227.942
12584.868 7869.932
12798.772 6879.287
12878.428 7031.011
11633.140 6261.320
12448.696 7336.438
11811.077 8252.180
12060.365 7951.035
11854.900 7728.124
12328.394 6293.231
11750.798 7447.040
12735.252 8534.463
12881.398 7265.159
12014.817 7806.470
13490.253 6132.481
12065.119 6273.587
11319.675 7797.218
13898.676 8209.371
11749.394 8057.085
11926.778 7516.491
12312.688 6743.504
12134.810 6378.412
12916.304 7760.009
12359.035 6541.822
12352.535 6584.762
11524.719 7960.630
12457.449 8875.842
13418.053 6707.451
13428.521 7798.762
13186.866 6657.798
12884.415 7279.454
11528.026 8874.617
11800.273 6259.786
12695.874 8042.081
12886.200 7531.455
13619.486 7674.298
13204.484 6952.400
12824.273 8832.337
14009.261 7642.017
11298.977 6546.094
12825.281 8393.900
13070.023 7922.742
11397.607 6471.205
12810.638 7004.019
12619.711 6344.448
11869.878 7173.260
11747.927 6337.382
11486.256 8329.804
13896.116 7904.187
12226.171 7126.900
13422.884 6728.125
12520.242 7899.154
12395.516 6956.976
12405.279 6191.848
13825.903 8079.713
13430.708 8860.538
13410.492 8540.129
12646.489 8351.136
13379.885 8769.030
13284.960 8684.489
13071.938 6755.794
13105.495 8337.714
12550.447 8189.687
13839.945 7244.386
12016.008 7605.074
11293.145 6571.021
12522.469 7486.962
13885.563 8688.837
12208.216 6416.782
13286.971 7618.528
11537.156 8415.859
12771.540 6361.655
13532.332 6818.097
12392.301 8418.686
11680.408 8299.349
13590.028 8775.746
12251.239 8451.094
13439.579 8314.503
11487.116 7742.716
11704.857 6915.882
11752.049 7230.144
13997.368 6592.067
11961.355 7294.752
13366.307 6237.778
13983.447 8555.319
11710.538 7736.455
11555.483 8600.809
13239.866 7015.662
12713.010 7283.379
11340.934 8393.575
13526.930 7932.120
12825.002 8638.277
11930.299 6140.561
11429.584 6737.796
12034.664 7900.865
13019.629 8229.768
11837.089 8427.480
13382.082 7327.958
13657.471 7207.584
13907.051 6315.163
11858.549 8832.147
12963.448 7787.723
12694.831 7323.041
13625.420 6522.223
12743.990 8343.438
13680.590 6144.705
13204.457 7365.556
12306.298 8180.643
13445.336 6318.968
12478.226 7357.387
11293.860 7281.884
12472.583 6464.011
12195.644 8360.968
13762.997 6657.553
12100.384 7136.829
13271.641 6294.969
12726.018 7465.205
13694.195 8687.945
12031.264 8452.993
12532.391 6126.582
12617.823 6887.674
12042.274 7668.222
12590.419 6783.475
13656.707 7989.193
12203.480 6560.108
13638.254 7323.097
11518.814 8788.258
13272.228 8261.475
11312.466 6465.081
13956.850 7083.856
13529.711 6748.533
13567.062 7655.387
13403.278 7024.054
13016.251 6387.264
13843.738 7732.636
11590.296 7516.540
11650.132 8197.045
13743.225 8402.300
12455.127 8599.883
13952.227 7312.327
12356.128 7774.547
13719.460 6875.811
12519.971 7910.514
12380.739 7280.799
13131.268 8578.201
12775.212 7996.207
11578.761 6360.908
12179.239 8264.684
12294.612 7285.792
13725.829 6783.807
12087.674 7599.271
12092.917 8018.451
12212.578 7069.436
12768.962 6791.033
12873.392 8847.395
12991.633 7562.226
11343.300 8863.148
11847.057 7620.004
12136.121 8086.002
13286.471 7672.735
12464.957 8516.763
11472.230 7311.887
13124.000 8354.068
12801.371 6220.664
11508.381 6301.910
12440.275 7281.901
13286.675 6513.826
11349.039 7547.072
13260.221 7333.269
12448.918 8453.318
11285.422 6461.362
13228.945 8494.202
11465.830 7817.752
13939.805 7406.537
12879.439 7318.454
13718.780 7236.386
13333.639 7341.002
11495.488 7122.794
11704.341 8072.542
11495.863 6323.022
11342.537 6213.739
12244.727 7647.844
14007.190 8544.850
12628.293 6209.522
13708.596 6930.849
13601.238 6978.615
12684.822 7679.720
13378.041 7466.238
13252.191 7442.486
13613.588 6719.493
13486.336 6870.908
13761.563 6725.850
13710.825 6795.354
12948.186 6286.519
13420.030 8328.372
12055.389 8885.144
11621.919 7055.818
12125.972 6326.672
12247.834 6850.834
11331.657 6766.778
13201.353 8693.469
11267.634 8764.729
12483.890 6918.377
11825.660 7311.407
13671.746 7914.471
12331.579 7635.370
13168.188 8165.497
13012.454 7140.711
11464.906 7531.171
13797.860 8434.920
13633.937 7581.274
13853.624 8503.688
12823.176 8527.256
13942.422 8184.921
14017.452 8517.411
13390.472 8774.990
11376.019 6363.556
13687.329 8573.360
11966.285 7976.481
13166.737 6990.215
12656.203 7047.065
13461.622 8332.348
13268.550 6628.162
12432.699 6788.025
13703.589 6711.639
12000.873 6406.473
13409.674 8086.680
12889.254 8496.878
11909.204 8833.328
13692.993 8510.237
12400.865 7985.027
11446.004 8316.586
12509.139 6929.244
12668.208 6561.288
12061.666 7283.288
11449.402 7729.097
12677.587 7888.585
12920.407 6520.855
12686.303 8014.452
11397.971 8163.304
11499.414 7119.864
12999.166 6187.373
12476.561 7624.842
11579.003 6434.150
12452.051 8076.432
13518.726 7529.145
12578.674 8380.282
13129.618 8061.055
13995.033 6849.188
13617.957 8467.183
11903.770 6906.034
11516.607 7955.532
11697.136 6137.778
13836.238 7759.897
12318.508 7226.252
13499.369 6901.279
13380.755 8760.612
13094.111 7349.051
13896.397 8765.844
13430.748 8748.204
12097.067 8480.399
11994.930 8167.240
11314.407 6130.883
13859.089 7447.626
12852.749 6536.054
12462.531 8400.874
13533.041 7952.555
13566.738 7718.174
13115.749 6785.681
11541.874 8351.899
11329.576 7622.962
13668.085 8356.597
13116.002 7380.601
11664.998 6663.750
12935.615 6937.854
12669.651 6366.074
12415.541 8858.995
12855.696 7331.992
12917.472 8505.181
11369.785 8822.817
11452.254 6342.913
13036.391 7301.749
11778.932 8580.664
12525.578 8037.283
12468.111 8592.814
12702.151 6130.168
11947.594 6582.908
12617.287 6276.725
11880.131 8596.294
12051.173 7037.885
11663.752 7920.630
11823.686 6477.481
12543.782 6168.129
11832.369 7714.077
13833.133 8581.252
11930.395 8785.231
11645.292 7831.718
13864.892 7146.928
13861.722 6959.413
13744.989 6609.042
13910.416 7317.696
12701.952 6721.511
14029.011 6700.499
11969.049 6444.722
12447.231 7914.499
13157.895 7701.165
12203.851 7351.490
12029.131 7915.520
11995.912 6850.482
11530.787 8691.080
11753.452 8388.848
11408.634 6235.748
13088.513 7779.994
12088.271 8295.996
12273.576 7580.889
11711.298 6299.876
12554.933 7440.895
12143.968 8346.199
11389.163 6699.632
11467.093 8136.090
13690.434 7405.964
14010.540 8508.899
12382.724 6254.657
11502.911 6618.745
11687.995 6560.823
11740.001 8766.217
12689.128 6738.375
12823.244 7959.492
11622.357 8432.153
13194.528 7124.403
12673.983 6157.661
11955.785 6170.710
13782.138 7071.109
11710.602 7928.097
13935.723 6999.020
13294.473 7303.634
12800.358 6157.389
13535.740 6742.527
11283.802 7596.989
12612.898 8689.114
13727.248 7323.754
13230.647 6186.628
11350.089 7708.283
12668.074 6168.891
12606.503 7008.241
13586.240 6117.447
12347.170 8423.300
12311.988 6411.249
13801.578 8489.646
13139.794 8794.805
11296.421 6269.068
11721.661 8498.603
13964.650 7478.087
13274.626 8808.892
11845.457 7157.713
12442.611 8024.761
13748.913 6950.020
11330.204 7311.735
12411.278 6710.628
11859.085 8150.996
13087.619 7548.829
12861.192 8215.813
12884.792 7642.840
11449.264 7399.726
13689.946 7019.049
13222.250 7053.504
11446.430 6458.230
13703.342 6187.593
12394.875 7258.497
11597.965 8584.670
11301.383 8623.095
13940.718 7210.592
13538.107 8671.308
12970.342 7972.116
12865.712 6544.338
12070.498 8886.064
11999.634 7000.953
13522.463 8310.092
13465.017 7292.247
11406.531 6610.967
11284.949 8854.972
13861.630 7403.783
12150.285 7428.478
12748.313 6936.226
12515.081 7877.109
11999.611 8453.918
13056.792 6627.211
12026.535 6947.019
13806.159 7150.297
13400.632 6797.872
12769.260 8742.766
13308.358 8072.690
13362.364 7607.357
12818.444 8644.653
13228.927 6244.315
13737.296 8769.601
12904.805 8768.937
14020.193 7548.502
12997.473 6684.476
12563.068 7731.186
11605.871 8141.662
14021.962 7504.389
13971.095 8546.030
13977.934 7342.182
12349.601 6461.284
12008.502 6387.591
11465.801 7626.679
14004.049 8681.778
11640.112 8249.759
13693.151 8671.029
12274.961 6389.695
13533.707 8183.728
12761.489 7377.603
13750.505 6895.686
11361.969 6219.391
13471.617 8369.042
13438.851 7682.912
12755.735 8014.582
11535.030 7040.355
12334.366 6671.707
12002.819 6747.177
11476.813 6377.800
11991.711 7235.609
11440.494 6206.998
13377.064 7657.490
12087.889 6920.363
11260.335 6744.204
12029.450 6851.526
13386.534 7115.392
11777.756 7114.721
12126.187 7893.461
13247.318 6456.675
11996.315 6468.143
11315.643 8085.648
11668.745 8256.713
12913.552 7338.537
12735.490 7370.836
12163.729 6688.545
13768.912 7886.197
11589.555 7474.913
12663.803 8306.212
11418.562 8654.848
11333.909 7162.437
13262.200 8119.268
12255.517 8665.536
13373.283 8701.855
13427.298 8209.316
12155.643 8212.799
13290.772 6890.318
11594.090 8566.914
12471.666 8825.201
12483.999 6391.789
12072.532 8034.115
12000.189 8679.015
11923.673 6566.985
11465.677 7974.709
11516.795 6880.016
11404.837 6936.277
11529.228 8055.326
13225.851 6371.386
13526.321 8436.287
12624.632 6900.832
12286.104 6829.278
13923.855 8078.083
12619.820 7378.875
11930.291 8400.101
11831.894 6984.460
11401.511 8020.346
12677.971 7720.610
12898.109 7696.866
11354.015 6440.241
12184.959 8397.015
12739.474 7634.578
11336.307 6604.487
12886.971 6412.034
13201.368 7368.766
11896.516 7490.950
13631.131 8449.061
12601.697 7332.140
13112.279 7656.499
13755.287 8068.056
11997.805 8661.497
13985.390 7696.116
12643.632 8047.717
12184.539 8222.714
13452.872 6708.081
11669.358 7094.210
11767.795 6680.166
12585.734 7937.289
12257.044 7906.407
12425.406 6194.391
11614.770 6679.324
11612.680 8042.512
11428.739 6741.911
12553.980 8599.756
11363.225 7662.335
12603.495 7009.622
13204.541 7376.358
13051.875 6218.659
12247.927 8401.980
13552.308 7884.444
13409.749 8689.642
13689.993 6121.766
13964.480 6523.630
12198.041 7951.431
11498.580 6836.291
12768.705 8403.643
11843.875 8596.795
12173.306 8789.124
13483.715 6451.766
13530.488 8478.529
12746.210 8610.006
13524.060 6145.175
11453.977 6685.685
13513.540 8291.759
13142.268 8071.583
13144.327 6359.836
12951.936 6872.411
13363.551 6605.146
13988.993 8339.569
11524.863 7364.335
11736.245 7078.238
13368.028 6819.596
13366.105 7811.884
11369.226 8415.527
12938.625 7194.080
13107.895 7540.638
11519.334 8166.718
11810.881 7188.862
13444.962 7236.855
11979.546 6961.998
11416.318 6679.139
11340.834 7605.171
13672.022 7427.771
11379.091 8112.135
11303.232 7109.678
11665.912 8077.323
12998.617 8128.912
13022.985 7314.346
12514.495 6278.921
13547.478 6441.488
13869.022 8568.388
11459.185 6118.796
12227.143 6245.272
11402.555 7659.400
12113.747 6777.463
13025.880 6241.674
13871.519 7165.811
11922.844 8181.579
13879.833 7441.657
11903.809 7829.707
13660.526 8702.757
13237.717 8803.227
11267.220 8336.234
12787.351 8357.683
13590.421 6326.692
12491.913 8450.119
13347.891 7418.591
11274.883 8398.782
12280.526 6780.827
11608.975 8591.961
12906.475 7396.867
12118.828 7816.133
13749.777 7303.846
12202.178 7278.018
11987.496 6335.412
11872.728 8107.059
11791.788 6176.881
12251.570 8637.484
12044.497 7400.908
11538.949 8114.435
12743.646 6732.159
11470.981 8306.836
12225.514 6658.694
12447.369 6389.288
13589.110 8172.513
13777.951 7565.150
13223.057 7371.331
13418.189 6699.157
13474.040 8254.573
13640.549 7594.117
13473.472 6785.269
13158.355 8587.910
11586.836 8714.412
13467.409 6683.027
13968.789 6268.542
12022.204 7300.698
11513.636 8216.076
12078.904 8303.222
12100.756 8277.159
12841.378 6998.392
13510.089 7135.705
12447.747 6778.004
13668.736 8120.530
12220.875 7591.805
13948.058 6848.984
13959.989 8840.900
13838.412 8587.788
13472.240 8084.146
11925.775 7011.787
11706.265 8856.678
13472.672 8712.153
13051.228 7236.578
11556.000 8171.315
12910.916 7374.437
13635.219 6728.768
12121.326 8561.673
12561.706 7337.710
12356.885 8167.670
13699.295 6993.802
12329.022 6364.793
12024.432 6782.615
11302.795 6923.753
12038.816 7348.032
12540.256 7125.549
13462.578 8486.397
12985.166 8791.349
12013.766 7351.597
11955.174 6638.064
11953.884 6120.357
11846.867 8294.489
12370.972 7878.278
13358.888 8625.042
11346.100 6177.392
12922.469 6146.309
11848.590 8768.748
13006.038 7545.115
12172.886 6288.587
14024.082 6391.630
12212.791 8360.599
13163.900 7241.886
12383.189 6242.105
12349.771 7306.888
12660.632 6904.083
11477.060 6812.366
12982.538 7231.577
12401.830 8298.345
13420.001 7644.728
13125.812 7816.474
13737.043 8251.112
11980.412 6640.303
11959.304 6424.991
12926.506 8314.900
11480.683 8465.610
12077.763 6864.082
11773.159 8645.015
12502.936 7899.711
12856.507 8842.026
11834.240 8287.425
11351.470 7710.698
11585.709 7200.919
11581.599 8342.967
12250.411 6879.012
13315.735 7907.340
13664.271 8600.104
12230.866 8889.192
13546.929 8354.867
13285.776 7124.727
12543.063 8178.817
11654.391 7084.226
13006.935 6270.677
11664.972 6697.189
13011.769 7007.206
11712.097 8415.291
11696.071 7507.408
11595.706 8812.054
13499.526 7862.045
13116.387 7520.023
13774.118 7587.563
12637.403 6577.647
13413.524 7136.793
12645.706 6613.601
11852.513 6826.559
12612.832 6427.902
12331.918 8097.696
13677.381 8469.675
12473.786 8031.369
11453.891 6678.150
11703.582 8221.938
13987.705 7357.465
13241.040 7098.849
11386.194 7151.963
13256.962 6361.012
11942.556 6887.910
12294.617 6122.854
11990.103 7065.567
11600.869 6489.206
11698.107 7070.442
13567.607 6401.418
13549.957 7814.255
12388.078 8493.062
11812.944 7397.934
13957.818 8418.615
12545.655 6937.629
12827.512 7891.746
12560.055 6914.217
13165.623 7765.733
13840.790 6419.316
12022.937 6491.960
11854.563 6297.227
13905.222 8400.253
11460.435 6640.477
12360.587 7055.186
12745.833 8051.116
12165.774 6536.477
11688.175 7825.306
12486.756 8426.468
11586.821 8126.301
13228.427 7195.777
11526.529 6309.199
12057.098 6618.026
12041.711 7646.038
13372.436 7027.985
13519.355 8218.950
14019.887 6895.039
13515.553 8481.538
11514.694 8356.185
11661.451 6800.104
12767.161 7475.061
12271.638 8855.607
13744.126 7767.283
12051.624 6846.376
12719.613 8657.384
11348.066 8374.696
13525.000 6291.495
12635.278 8628.741
13404.725 7845.490
12362.753 8476.289
12521.870 8774.540
11908.123 7104.235
12271.573 6803.636
11289.197 6457.036
11505.961 7308.552
12979.571 8434.817
13212.296 8672.313
11434.586 7047.662
12145.231 7925.528
13673.728 8242.660
13616.313 6925.085
11453.273 6795.260
11626.512 8061.884
11817.302 8556.526
12430.131 6816.918
11285.964 7199.249
11831.515 6944.046
11770.711 8035.693
12615.359 8587.577
12005.870 7733.889
13923.035 6545.231
13454.737 6438.294
11362.283 6471.301
13499.397 8033.451
11327.154 7678.837
11488.519 7159.808
12853.419 6782.444
12556.563 8520.660
12050.581 6249.029
12647.556 8650.725
12879.638 6203.404
12523.508 6745.423
12837.065 6240.459
13530.901 6644.507
11844.417 6779.721
11303.413 6334.857
13103.801 8498.775
12910.851 7070.850
12715.597 6276.538
12956.413 8138.257
11920.028 8371.169
12953.250 7999.030
11827.916 8282.893
12907.673 7325.892
11760.831 7799.112
13832.016 6921.676
13966.744 6627.055
11517.820 7420.674
12358.869 6202.231
13691.067 6210.847
12591.769 7985.984
11410.829 7268.895
11726.935 6421.991
12413.557 6934.982
13616.630 6228.919
13452.636 6256.388
13875.248 6374.667
11872.631 7185.927
12909.193 6239.119
12685.428 8129.551
11802.905 7039.354
11339.097 7291.940
12421.328 8330.530
11614.624 8318.557
12347.737 6232.440
11612.483 8310.083
13223.331 7206.537
12287.463 7430.925
11794.850 6236.050
13702.863 7596.987
11630.198 8129.100
12905.614 8711.401
11398.397 8522.346
13533.650 8605.823
14030.173 7427.642
12969.196 7501.166
11606.167 7817.645
11314.553 8802.903
13212.162 6186.297
13524.394 6890.544
12657.486 7286.643
11618.746 7820.029
13983.734 8723.099
12385.779 7158.131
13557.163 7789.053
12821.071 6722.320
12857.014 8579.448
12634.383 8334.893
11423.762 8481.139
11740.628 8500.867
12033.952 6176.083
13691.830 8171.440
11618.882 7444.112
11433.289 6301.459
12104.295 7317.919
13604.166 7029.385
13379.726 8324.543
12775.080 6366.576
11844.763 8166.485
12993.374 6208.484
13472.036 7048.156
14022.084 7962.240
14015.053 8322.368
13227.948 7886.808
12106.995 7747.627
12190.305 8372.387
12470.308 7189.560
12053.991 8608.171
13621.581 8474.059
13110.662 8313.890
11916.785 8236.394
11600.097 6864.493
11831.467 7309.263
11823.908 8238.755
12688.859 6709.593
12658.437 8134.921
13709.638 7570.886
11427.377 8867.019
11611.565 6759.088
13217.032 8640.081
13678.042 7244.226
13170.853 6385.483
11449.498 8749.242
12495.877 6216.028
13290.326 7911.569
13040.866 7099.990
13450.916 6608.401
13378.811 6144.015
13546.616 7532.833
12661.004 6588.737
12677.716 8505.171
13439.347 6565.199
11777.697 6347.734
13715.861 7370.437
13985.102 6781.540
11858.664 8574.356
13927.305 8544.921
11551.317 8027.559
11951.423 8440.441
13711.552 7556.924
12417.328 6803.359
12768.052 7662.608
12038.626 6993.376
12552.066 7375.022
13711.768 7867.268
11988.710 6958.941
13515.482 7485.007
12088.305 8264.825
13681.878 8055.082
13980.262 7344.713
12592.728 6381.379
12793.932 8209.492
12523.431 7568.617
12311.085 8028.189
11257.345 6201.722
11482.438 6214.313
13352.051 6938.697
12417.125 7965.665
12158.647 8642.332
12594.249 8144.229
13013.056 6891.081
12354.453 6847.529
12421.742 6348.395
13859.335 6350.359
12145.363 7631.305
11589.485 7779.760
13501.346 8550.526
12067.125 6581.806
11863.676 6120.089
11969.770 6632.643
11485.243 7106.029
12516.079 6153.688
12247.135 7584.968
12244.652 6332.748
11861.949 6579.570
14029.150 6203.722
13348.546 7436.206
13929.659 7355.141
12198.322 8687.692
11610.685 8489.092
12448.125 8454.252
13033.607 6403.153
13259.647 7266.506
13470.304 6855.994
13714.894 8296.057
13263.032 7050.599
13648.188 6647.725
12011.515 8284.162
11337.600 6765.369
12505.713 8398.313
11977.316 6551.411
11455.802 8002.989
12949.286 7876.667
11481.811 8466.188
13688.651 8648.501
13285.871 8625.981
11544.949 7667.344
13430.300 7057.243
13500.934 8824.215
12609.393 8846.713
13434.249 7666.483
12109.831 6866.661
13121.080 6594.692
13829.645 7827.359
12140.592 7574.826
11583.766 6295.950
12198.813 6759.352
11955.798 6533.439
11296.214 6150.160
12564.941 8121.302
11654.630 7426.467
13215.903 8763.215
11345.731 6431.941
12572.856 8521.929
12497.047 7825.280
13111.773 6773.337
13198.210 8802.510
12520.182 8870.744
12523.708 7222.807
13615.936 7541.275
11474.483 8467.787
13186.033 6304.069
12001.480 8538.599
13119.251 8208.869
12353.793 8333.597
13380.488 7545.953
14020.169 8371.383
13864.687 7395.286
12137.402 8799.442
12299.541 8775.419
11289.175 8464.658
13595.495 7555.785
11778.077 7879.319
12329.118 7172.276
13271.221 8561.587
12979.519 8286.895
13387.844 6784.335
12091.250 7581.355
12363.237 7801.979
11918.051 6978.581
12233.884 7031.073
11573.486 7529.241
12108.560 7696.407
13859.611 6233.420
11274.870 6611.438
11616.459 6308.539
13715.682 6509.637
11472.214 6271.347
13812.867 7686.266
11440.015 8492.346
12749.709 8718.534
14026.290 8000.826
12539.800 6390.236
13109.683 8011.224
13476.795 8733.492
11667.418 6571.059
12297.917 6140.964
13486.336 8349.320
13989.848 8110.291
12524.180 8369.527
12097.288 6722.921
11283.541 6342.294
11601.212 8735.738
13166.993 8184.200
13041.310 6165.484
13185.784 6693.051
13243.065 7828.641
11330.610 7960.948
12459.053 8353.502
12670.985 7629.099
12872.240 8082.544
12951.465 7714.005
12640.490 7167.598
14009.710 8009.047
12052.815 8176.360
11464.084 8045.377
11614.111 8707.088
13925.463 8726.177
12777.215 6729.820
13280.172 7064.350
13924.402 6862.847
13377.324 8320.465
13459.060 6518.787
13754.450 6216.512
11726.305 7118.560
13808.326 8070.699
13871.566 8409.780
11908.049 6361.119
12699.853 8459.562
12843.012 8191.821
11824.909 6875.645
12021.993 7834.531
13982.774 6450.430
13835.147 6494.513
13490.297 7892.084
11432.041 7718.127
13224.325 7094.912
12096.150 8062.178
11435.866 6501.209
12866.682 8536.302
11803.676 8027.490
13159.043 8185.401
11439.393 7037.046
13952.233 7760.221
12869.765 8315.502
12260.405 7156.862
12116.764 8052.105
13091.837 6455.727
12691.118 7956.366
12965.602 6605.539
13791.399 8319.840
13737.593 8611.427
11689.232 7555.883
13951.619 8146.174
13671.772 7401.864
13227.526 7403.831
13020.213 7230.114
12367.962 7493.988
11564.876 6897.412
11346.338 6989.775
13196.527 7717.639
12460.828 7709.035
12996.789 6576.357
11562.589 8643.052
12521.068 8623.102
13831.250 6991.689
13470.689 6871.551
11351.640 6664.655
13576.963 8336.810
13206.265 7670.735
11869.931 7056.632
13761.658 6487.888
13598.305 7505.239
11609.884 7323.172
13045.495 6768.209
11939.138 6775.517
13223.879 7431.596
13260.974 7673.848
13483.132 6427.063
11849.425 7220.587
12905.633 8540.673
13253.873 6690.259
11443.117 6671.687
11419.121 7891.503
11614.613 6697.691
13640.967 7587.906
12223.502 7268.377
12544.928 7601.212
13420.380 6898.034
13839.496 7241.709
11566.459 8304.787
13260.822 8518.741
12697.058 7696.974
12750.773 6466.000
11695.426 7715.239
13698.369 7916.151
12722.910 8171.277
13342.518 6296.339
11341.188 8462.832
12403.161 8199.331
13557.123 8389.269
13448.851 6309.627
11804.595 8648.573
12369.394 8422.489
13399.309 8469.912
12440.314 7000.126
12153.923 8325.725
11715.482 6448.731
12784.107 7494.839
13500.302 7938.698
13974.734 8371.854
11292.651 8265.067
13094.378 6170.226
12160.780 6205.467
11532.950 7343.452
13924.124 8881.160
11995.001 7436.923
12818.051 7321.286
12043.023 8132.815
11935.255 6879.235
11840.167 6962.844
11912.001 7021.179
12960.131 7118.092
13356.034 6251.280
11764.526 6574.619
12812.119 8522.530
12294.275 7291.422
12094.765 6481.940
13517.177 6916.837
11672.962 8386.790
13154.394 6696.542
13089.336 6839.029
11464.362 8065.029
11457.839 7895.156
11537.246 8422.684
13598.934 7743.953
13025.562 6893.187
12987.903 8746.451
13741.785 7388.785
13578.804 8851.794
13563.717 6149.696
12591.813 6203.649
13821.393 7846.177
12222.732 7358.341
11986.549 8787.439
12438.787 6431.815
13809.028 7569.056
11819.215 6706.084
12790.544 6865.550
12143.957 6743.066
12165.596 7564.499
11609.744 7359.159
12845.565 8188.807
12695.723 8283.114
12936.104 7296.753
11974.852 7831.719
13226.879 6530.306
13551.979 7640.844
13022.589 8457.164
11737.305 6805.444
12634.210 8184.620
12330.240 6191.653
11813.004 7224.864
13323.354 7649.051
13038.925 6889.959
13568.352 8224.788
13960.182 7414.600
13278.143 7910.455
13050.644 6244.597
11260.138 8850.736
11753.275 6525.988
11405.720 7902.827
14007.390 8424.486
12046.396 6455.107
13571.703 8126.592
12035.010 6398.805
11524.549 7397.334
12113.084 7620.668
13268.324 7889.096
11542.796 8749.217
11416.905 8719.733
11941.680 6817.948
11486.354 7738.549
11656.030 7056.539
11952.745 6116.430
12062.804 8798.788
12872.690 6967.940
11420.639 8031.246
12724.158 7338.981
12755.390 6587.231
11978.898 8285.141
13613.516 6113.696
11328.171 6590.453
12443.346 6479.569
13486.594 7664.985
12797.726 6202.245
12920.004 8067.783
13619.226 6571.074
11402.531 8750.524
11324.634 7411.238
13384.837 6956.702
13873.211 6423.919
13938.336 7159.213
11956.393 8601.732
11887.528 7192.333
11470.068 7178.259
13387.005 6661.927
12733.054 6396.855
12296.781 8853.063
13895.920 7723.298
12260.516 7420.414
12952.531 7593.195
12427.334 7358.818
12039.430 8695.302
13584.308 8156.135
13010.594 7715.602
12398.316 7559.566
11594.641 8271.167
12540.992 8587.057
12355.640 8583.064
12004.493 8748.807
13867.028 8688.108
13979.647 6809.194
13383.950 8790.354
13259.746 7783.308
13463.031 6938.210
13016.032 6923.019
13202.827 6194.130
13295.070 6325.306
12224.732 7838.991
13037.048 7921.115
11843.843 6928.513
12583.478 7329.827
13474.385 8147.413
13547.550 6255.989
13132.270 8771.948
11423.652 8868.530
13536.117 6676.479
12090.883 6178.122
12018.001 6934.621
12938.343 7543.068
12104.235 8598.339
13614.036 8375.515
11416.160 8534.615
12027.546 8327.379
12814.624 7299.500
13198.438 8514.194
11749.837 7660.568
13832.873 6510.373
12925.970 8637.817
11337.979 8144.808
13763.015 6423.609
11956.667 7293.422
11323.542 7797.088
13081.216 8489.026
13240.769 8620.026
13027.140 7622.909
13462.152 8154.976
13219.096 6274.020
13358.664 8587.721
13803.992 7126.468
13303.400 7603.578
12996.483 7717.665
11286.053 8533.499
13139.384 8346.137
11750.259 8824.678
12670.760 8072.837
11521.588 8599.389
11774.338 7743.354
13900.733 7635.263
11967.715 7043.783
13066.990 7783.448
11787.394 8459.874
12571.677 8643.611
12341.791 7622.709
12929.505 8108.529
11646.616 7107.281
11860.976 8375.354
13112.378 8884.727
11410.678 6209.951
11344.456 8801.111
13479.557 8721.030
13829.980 6967.827
13565.685 8085.633
11616.700 6157.997
12839.525 7342.274
11934.590 7914.902
12269.016 8083.613
12370.143 7159.893
13472.099 7590.875
11607.235 8203.209
11821.263 8791.736
13811.831 6603.463
12770.516 6709.975
13654.238 8481.089
13418.397 7147.177
11729.515 7857.478
13191.455 7221.866
11917.941 7419.493
13571.657 8610.506
13416.791 6392.962
11443.705 8728.566
11770.465 6406.234
11528.182 6643.905
11638.049 6427.708
12299.903 6877.577
12934.223 6875.285
13768.078 7228.705
12582.901 7315.159
13670.921 6403.789
11822.414 7249.582
13273.942 8354.722
11620.342 7247.280
11994.731 8330.415
13104.640 6301.825
12060.320 7013.912
12339.702 7727.744
13432.462 7143.493
11480.798 8481.776
12403.636 7600.532
12532.198 8228.503
13871.991 7154.450
11733.232 7188.669
12818.917 6954.297
11911.587 6654.028
12347.181 8185.108
13171.367 6144.395
12576.513 6150.723
13383.527 7346.752
11830.147 8423.487
13432.701 7936.201
12354.743 8332.995
12821.872 7943.233
11888.882 6313.017
11766.876 8089.022
11772.055 6945.566
12623.084 6545.157
11675.383 7425.459
13737.197 7808.109
13873.916 7537.010
13944.521 7134.085
13389.775 6700.388
12998.659 6609.229
12317.958 8711.623
12747.292 8578.525
11476.033 6653.007
12106.112 8794.118
11923.571 7628.119
12761.674 8217.843
12818.599 6127.963
11685.675 7541.755
12278.978 7464.243
11879.714 6927.229
13041.602 7854.578
11791.054 6707.589
13478.875 6547.340
11900.658 6857.806
12722.888 8472.859
11991.820 7549.380
13022.212 7434.215
11335.185 6204.026
13204.700 6537.182
13393.785 6899.725
13918.686 7918.735
12389.411 7560.772
13069.069 6502.818
13055.323 6437.461
11494.646 6825.871
11303.024 7596.880
11620.354 8171.414
12672.735 6362.704
12020.179 7416.832
11751.882 7034.916
13728.691 7661.550
13054.124 6314.663
11872.978 8041.118
13260.634 8742.923
13575.100 8626.033
13612.665 6687.432
11904.400 7483.000
14001.749 6125.003
13137.251 7716.615
12012.415 6429.662
13109.052 7965.348
13707.644 6276.676
13705.019 7495.224
12373.394 7602.848
13028.933 7398.561
12126.466 8854.913
12867.962 7849.311
11286.526 7072.560
12879.442 6977.318
11575.568 8797.203
12113.675 7214.280
13484.445 7358.978
11331.424 6141.055
13207.333 8701.469
12927.417 8073.186
12058.987 6442.622
13787.557 6474.850
13850.611 8794.975
13302.826 7195.512
13376.333 8229.495
12174.862 7313.862
11673.995 6533.475
11780.923 6152.336
13114.577 7450.346
13807.905 7152.570
11673.773 6265.720
11354.648 8302.212
13549.209 6207.759
12735.474 8022.089
12309.163 7225.824
13008.590 6511.643
12545.018 8217.278
12267.381 8059.569
12625.662 6986.749
11829.851 6671.496
12545.283 7537.737
13404.796 8006.763
12315.645 6451.113
11763.591 7771.941
13072.201 8558.954
13681.656 8575.063
12599.306 7316.438
13024.334 7136.179
13777.298 7687.163
13508.951 6776.147
11359.429 8075.227
13196.736 8200.485
13674.939 7576.000
13766.663 7892.817
12751.397 6885.070
13348.725 8785.516
11472.518 8092.073
13686.713 7036.789
13905.430 6554.791
13765.432 8117.917
13299.612 7399.857
13545.016 8126.530
12489.053 8201.591
13040.355 8548.203
12256.871 8406.060
13664.574 7752.693
12466.215 7561.594
12925.249 8766.975
12868.607 7980.369
11870.189 7118.782
12520.447 7453.223
11257.127 7948.671
13166.024 6167.353
13154.523 8431.451
13922.920 8096.285
13852.712 6783.051
12261.242 6932.248
13200.832 8674.190
11560.686 8290.984
12614.312 6888.260
13706.924 8284.139
13084.980 7234.618
11391.329 7605.255
12525.294 6821.633
11624.297 7943.875
12816.989 8267.331
12099.132 8611.255
11874.085 6985.802
13567.197 7415.323
13558.920 7767.446
12147.950 7298.064
11259.420 6202.234
12859.371 8510.498
11588.260 8143.738
11834.617 8016.818
13706.006 6179.227
13815.321 6580.415
12621.322 7242.657
12749.143 7557.751
12516.830 7437.144
13901.062 6621.489
12990.041 6896.668
13914.116 7928.633
11798.981 7646.198
12905.081 7057.189
11388.724 7454.009
13697.806 6177.067
11428.516 7793.504
12335.458 7733.250
11860.765 7304.316
13648.054 7161.117
11871.714 8458.829
12372.199 7773.154
14009.107 7863.255
11845.030 7487.018
11721.113 7220.897
13545.522 8514.305
13290.603 7502.048
12482.706 7338.049
11469.058 8496.730
11445.936 6703.178
12238.613 7707.495
11640.500 6878.086
12146.699 6426.647
12301.802 6983.290
12494.443 8408.178
12553.217 6630.267
13768.038 7906.042
11375.915 8090.415
12584.509 6306.320
12939.179 6853.387
12981.781 7471.486
13256.170 8661.576
11289.739 8701.209
13036.213 6701.136
13903.082 6188.316
13356.077 8394.107
11968.493 8339.730
13966.240 8775.824
12657.024 8303.660
12320.577 7379.813
13572.713 8276.469
11846.372 6431.822
11372.967 6635.894
11467.212 6286.918
13412.208 6137.914
13872.822 7551.090
14018.748 6861.814
13680.282 7583.845
12789.817 6870.352
12811.366 8633.218
11900.567 8793.974
11577.103 8381.274
12328.988 6892.147
11403.910 7533.991
11792.136 8117.650
12255.784 7547.951
12968.051 6296.930
11362.368 8436.548
11660.759 7354.061
12409.538 7724.770
12545.483 7308.461
13290.560 6785.408
11337.825 7647.566
13865.034 7106.732
11814.799 6904.414
11477.909 8504.671
13462.814 7502.942
11263.000 8466.051
12904.133 6260.439
13575.292 7172.679
11617.753 7183.324
11543.054 8236.589
11813.084 8095.434
13754.360 6829.498
11390.698 7997.826
13679.182 8666.540
11301.248 6867.563
13628.197 7304.647
13492.269 8465.949
13727.516 6764.176
11384.708 7244.762
11861.768 8843.565
12656.673 6380.636
11392.103 6780.120
12096.584 7705.308
11588.101 6202.534
11461.108 8563.508
13658.023 6931.319
13435.697 8863.033
12225.560 8563.922
12683.326 8045.218
11431.429 8238.942
12815.852 7248.952
11728.386 7000.677
13520.452 8500.407
12786.623 6610.812
13484.085 6221.106
13876.628 7167.378
12270.549 8872.903
12908.682 7690.586
13325.641 6952.010
13372.366 8160.119
13157.118 6148.858
12188.907 6786.761
12918.551 8187.504
12556.141 8356.955
11403.359 6299.885
13311.404 6582.381
13786.369 7569.523
12446.370 7867.054
12153.446 7092.868
13083.593 7697.981
13297.175 8119.871
11571.945 8350.639
11412.799 7096.433
13808.568 8003.607
11558.867 6964.748
12674.276 6925.103
12765.726 7564.348
13082.708 7311.417
12755.861 8840.593
11387.343 6420.023
13367.623 7287.525
11804.578 7395.669
13597.819 7979.632
12539.252 6519.961
12061.965 8321.702
12632.678 8432.863
12703.327 6239.900
12830.489 8492.193
11528.888 7942.976
13048.538 6505.009
13006.911 8399.121
12921.336 7046.863
12229.159 7417.838
11434.004 8836.766
12451.572 7975.412
12983.620 8097.706
13161.156 7657.584
11514.402 8676.807
11795.769 7366.256
13073.080 8854.151
13015.688 6826.272
11953.799 7111.617
12012.445 7663.906
11463.986 8256.949
11987.753 8304.997
11848.363 6829.888
12270.540 7300.928
11400.274 6660.984
11602.848 8654.509
11419.213 8824.354
11483.880 6871.677
13276.537 6511.649
13639.766 8223.922
12778.427 7693.841
11308.725 6621.591
12678.945 8003.668
13669.494 7273.160
11861.089 7926.977
12805.191 8490.010
13845.007 6703.782
12333.749 8874.131
11574.905 7402.732
13306.632 8509.512
11919.580 8431.998
11638.419 7876.925
13577.467 6814.532
11808.225 8027.090
13287.227 6660.419
13925.616 8623.375
13652.664 6879.574
12076.203 8686.546
11471.551 6289.496
12001.234 8095.836
12054.843 8630.239
11779.842 8260.836
12916.482 6884.421
13208.638 7649.800
13758.242 8015.123
14008.599 6862.307
12275.224 7933.813
11912.626 6821.027
13180.290 8632.108
11309.471 8809.480
11610.002 6426.377
13234.277 6233.611
11844.032 8021.017
11361.954 7219.401
13518.563 7089.971
12764.951 8057.783
11519.226 8166.842
12238.186 8569.777
11846.910 7219.720
12337.359 6729.436
13379.381 7731.528
12477.110 8304.853
12698.476 7038.756
11432.315 8461.693
12206.057 8751.656
12377.918 6946.645
11577.291 7274.477
13796.583 8880.824
14021.335 6628.020
11902.250 6188.740
11967.190 7229.760
12504.157 8244.368
13865.552 6467.619
13613.018 6541.551
13691.497 6820.604
11527.675 7788.895
12986.538 6556.218
14016.842 7161.976
11337.602 6549.423
12848.857 6580.185
11408.830 8713.239
12075.853 8132.754
13916.574 8775.886
11741.664 7248.554
11497.092 6268.304
12428.287 8404.999
11832.718 8465.366
12511.000 7014.379
13930.557 6322.255
12590.669 6526.692
12766.704 7465.292
13174.826 7682.090
12568.776 6268.485
12869.973 7259.094
13077.634 7782.531
12180.461 7677.134
11609.925 8540.294
11954.638 8667.284
12357.310 8055.459
13639.724 7620.300
12139.939 7911.435
11612.474 6172.427
11922.134 7233.125
13624.074 6201.475
12820.435 7424.476
12012.354 6747.449
13672.998 6755.521
13469.819 7481.294
12283.871 7138.566
13491.237 6217.665
12170.483 6471.770
11390.576 6848.676
11509.402 6527.378
11943.227 7053.909
11854.106 6351.126
13908.176 8614.706
11631.665 7987.779
12289.659 8437.207
11438.886 7195.115
11290.361 8590.232
13953.796 8727.744
13391.373 6165.693
13319.832 7865.077
12324.855 6442.138
13827.464 8610.059
13106.071 6918.086
13281.571 8519.296
13715.770 8363.801
12122.833 7542.654
11514.801 7458.448
12681.928 7842.138
11992.620 7932.008
13659.555 8810.727
12471.509 7303.787
12012.123 8007.653
12952.148 7692.174
13254.858 7140.975
12790.103 6651.443
12507.217 8550.688
13333.319 6973.333
11821.125 8149.049
13915.490 6265.894
13438.180 8497.959
13011.320 6748.848
13583.380 6627.541
12698.876 8489.589
13506.270 8039.354
12749.105 6752.026
13909.582 6368.663
13430.760 6529.845
13423.088 6250.403
12883.569 7717.496
13462.256 6156.440
11457.818 7089.805
12174.344 8647.426
12602.360 6289.040
12002.993 6715.652
13822.796 8507.738
12787.221 6705.761
12599.986 8432.944
14029.403 7357.299
13699.749 8439.040
13193.937 7498.010
13658.655 6394.017
11619.269 7551.022
12415.908 8620.187
13843.540 8720.991
13858.547 6493.913
11595.470 6506.350
11481.263 7095.043
12915.418 8139.012
12827.847 6500.839
12117.598 8497.021
11902.589 8801.856
11677.801 8496.454
13945.677 7090.189
12149.273 6302.846
12265.312 6830.906
11529.936 8294.280
12749.026 6278.632
13042.600 7365.608
13520.584 6346.776
13805.239 7702.774
11444.249 6626.913
11446.782 8856.047
11414.234 6164.022
12493.522 8560.902
12109.653 8632.546
13096.673 7557.598
12489.886 6515.950
11902.892 6908.585
12752.041 6635.070
13800.156 8024.092
13076.062 7120.935
11670.061 6690.649
13011.853 6439.690
13465.796 8507.677
12271.484 6318.655
13088.117 7581.473
12976.405 7143.922
13216.781 8073.687
12271.985 7780.210
12842.249 7620.692
13781.830 7445.314
12502.108 7684.931
11578.674 6570.300
13422.596 7341.341
12605.664 8080.740
13584.399 7646.096
12246.166 7611.513
12526.850 8429.133
13907.528 8765.030
12607.463 8492.920
12654.397 6212.365
12018.181 6631.142
11841.564 8510.484
12645.667 6219.720
13480.658 7134.510
13380.561 7489.309
12057.498 7801.939
11486.847 6598.360
13431.286 8438.869
11667.143 8696.660
13107.713 6944.004
11690.891 7917.005
11550.392 7413.002
13911.451 8018.562
12614.042 8446.801
13247.029 7968.061
13557.884 6956.320
12270.591 7719.995
12209.167 8087.717
13188.795 7811.461
13354.298 8279.585
11399.588 8269.707
13739.276 8311.454
12479.651 8029.693
13529.985 7408.239
13726.816 7893.881
12709.687 6682.310
12561.397 8114.846
13487.723 7540.312
13311.539 7671.583
11394.047 8414.702
13071.616 8536.222
12243.628 7996.076
12344.779 8342.893
13290.226 7678.226
11923.316 6702.041
13881.712 7602.687
12466.676 7214.885
14023.066 6935.324
12233.444 7094.692
12917.402 6282.097
13799.729 6435.923
12099.471 6559.655
11576.535 7450.819
12661.283 8168.188
14007.062 7772.510
12958.492 7640.754
12925.568 6922.912
12362.094 7964.800
12283.876 6421.716
13669.203 6120.785
13695.645 8860.345
12474.199 6792.572
11508.919 7340.546
13912.361 7038.369
13518.291 6872.865
11635.003 6500.599
13214.264 6938.759
13574.255 8603.923
12322.833 8675.191
13185.868 7551.144
13674.992 6354.232
13940.814 8837.384
11824.949 6898.768
12336.855 6452.708
13793.871 7391.936
13583.451 6669.644
13585.965 7419.196
12044.634 6867.825
13687.686 8035.916
11515.474 6828.937
11257.128 6322.307
12285.245 6311.235
12376.380 8613.995
11787.320 8325.786
11916.137 8176.982
12984.417 7358.914
13822.865 6497.246
12104.640 8318.064
12152.748 6799.991
13101.371 7599.016
13210.620 7020.477
12602.892 7886.420
13895.327 6585.586
13661.735 7784.944
12090.610 7850.583
13284.869 7959.813
12252.932 8335.467
13061.388 8510.760
13698.948 8441.226
13566.182 7303.374
11310.070 8518.815
12455.973 7384.498
11833.807 6806.638
11753.030 6620.022
13331.997 6537.618
12515.803 6821.861
13519.946 8503.618
12940.944 8283.066
13760.948 8252.694
13954.758 7243.457
12407.362 6334.974
12664.711 8765.953
13643.652 8498.608
12028.662 8544.892
13392.377 7445.352
12072.181 8822.036
12497.084 8859.029
13300.316 7499.508
13531.996 6732.830
12433.248 6908.917
12729.201 6878.923
12600.389 7258.312
13971.403 6820.331
13027.907 8851.963
11377.299 8697.221
13689.235 6783.255
13686.159 7013.173
13860.893 8379.108
13009.921 7617.401
13719.396 7678.771
12092.890 8262.521
12536.039 6999.271
12741.048 8431.639
11277.112 6183.839
13800.668 8190.253
11832.420 7483.404
12656.919 6173.514
12432.401 7436.846
11368.843 8567.898
13240.222 6748.230
11401.041 7138.567
13858.562 7399.267
13256.087 6350.512
13439.553 8612.939
12629.185 6706.858
11824.823 7907.363
13586.040 6586.349
13324.984 8429.535
12094.374 6410.201
13119.511 7626.515
12083.152 8160.465
11772.362 6128.694
12409.191 8181.739
11976.252 6309.273
12635.674 8453.095
12514.471 8090.812
13655.557 8260.089
13364.149 7393.634
12502.363 6810.639
13215.005 6395.592
12386.201 6805.095
12309.273 7772.538
11335.552 6308.699
12441.848 6999.766
11310.307 8311.062
13653.281 8217.296
13365.286 6591.578
12511.539 8220.376
11865.519 7948.328
11908.267 8360.629
13321.654 8718.457
13310.784 7959.729
11641.130 7145.230
11614.177 7128.411
13037.272 8586.277
13785.897 6858.408
13806.078 7063.526
13035.471 7968.379
13229.391 7811.173
12240.673 6671.487
12680.708 7863.627
12987.486 7395.392
12142.630 7267.428
13640.249 8587.751
13563.246 6364.400
12539.503 7174.033
13105.221 6901.804
12918.182 7963.958
12816.344 6669.866
11377.072 8785.829
11324.625 8595.985
11285.622 7364.808
11561.496 8279.760
13666.238 7222.229
12529.800 6931.873
12397.151 7181.480
11278.603 6637.867
11874.305 8461.315
12780.309 8416.413
12971.831 8115.138
12075.497 6985.323
13191.272 8728.792
12141.017 6673.280
11873.606 7753.277
13791.760 7204.292
12916.538 6652.098
12972.303 8493.411
13696.763 7667.080
12199.654 8438.844
11467.171 7428.567
13274.082 7727.450
12107.178 8283.233
12355.438 7195.097
11765.677 7330.228
13964.716 6505.084
13633.212 6292.093
11914.009 8679.976
11557.080 8105.372
12613.895 7469.582
11442.601 6497.575
13261.423 7578.994
12891.140 8099.506
11496.050 7404.427
13910.981 6770.634
13234.950 7547.990
12820.039 7362.910
11760.778 8187.925
12344.831 6148.854
14032.259 8685.306
12373.463 8089.107
13558.583 7513.524
12868.583 8689.252
11903.294 6195.841
13080.465 8062.328
11738.792 8490.638
12263.416 6371.232
12174.482 7450.749
11352.871 7578.473
12638.358 7374.380
12928.621 8244.055
13634.259 8712.647
11724.140 7136.788
12018.447 7268.667
11574.134 6984.415
11589.671 6430.098
11371.862 8338.797
11413.495 8465.247
12052.658 7148.278
11922.049 7595.217
11449.864 7074.549
13220.375 7679.633
11880.959 7684.537
12098.618 8760.619
13611.966 6835.948
12601.102 8340.243
11384.453 7092.598
13955.408 6524.899
11668.491 7377.896
12438.176 7045.977
14004.067 6990.292
13968.839 7364.271
13948.957 7062.513
13787.469 7863.329
11289.869 8257.704
13792.797 8871.226
12099.805 7350.027
12106.231 7665.096
11262.631 7755.201
13491.570 6174.767
12194.085 7163.246
12117.901 8884.058
13189.877 7128.490
13193.491 7046.408
12129.886 7605.894
13260.068 7141.310
12523.512 7672.587
13037.984 7324.655
11529.553 8058.629
12609.950 7345.449
12834.302 8747.714
12421.554 6634.598
12266.264 7433.964
13256.988 7611.020
12868.691 8617.281
13698.544 7695.310
13425.976 8532.033
13001.322 6141.243
13218.170 6171.652
12876.485 6197.266
12733.102 8625.213
12845.967 7391.292
14021.906 7758.003
12891.761 6904.050
11904.732 6450.213
12128.222 8236.510
11402.861 7182.787
13564.308 8608.102
12226.275 8081.332
13246.551 6769.386
12791.827 6280.999
13081.213 8121.677
11764.959 6279.132
13250.611 8502.515
12543.130 8125.855
12758.257 6950.221
12284.940 8093.741
12597.202 6891.557
11722.184 6701.852
11831.224 6589.402
12960.220 8466.258
12791.823 6150.195
13435.413 7463.821
12296.455 6192.901
12586.980 7160.299
13317.804 6887.999
11772.957 8360.595
12365.552 8100.730
12171.229 8531.837
13579.139 7561.513
12137.699 6288.800
12289.134 6827.167
13644.669 7473.736
11963.461 6989.381
12633.772 8652.836
12262.879 8459.798
13562.038 7824.216
13112.241 6540.261
13876.232 6576.278
13442.223 6313.289
12091.572 6750.693
12604.882 6347.453
11839.920 6756.168
13686.035 8584.478
13907.306 8016.636
12593.784 6134.009
11560.703 7999.731
12133.128 7968.299
12271.223 8019.059
12750.180 8521.155
13666.157 7345.611
11781.041 6377.916
12886.038 7485.736
12670.021 8799.249
12647.486 8481.136
13859.989 6820.806
11283.601 7974.529
11591.231 7980.235
11767.295 8753.889
13944.244 8099.806
13912.624 6296.106
11319.704 8194.688
13532.437 6566.906
11645.005 8125.329
11645.219 6742.430
12492.174 7667.532
12417.693 6928.457
11767.108 6906.839
11339.866 8114.934
13391.257 8690.728
12614.337 6763.996
12532.829 7824.809
12022.286 6193.990
13971.244 7320.546
12406.193 8272.789
11295.286 7558.926
11830.011 6449.853
13769.622 7604.308
12973.716 7241.800
11338.498 8368.539
11427.717 8869.073
11289.919 6511.486
12884.453 6256.198
11867.163 8423.908
13413.544 6899.756
11395.219 7998.301
11720.204 7723.460
12682.103 8473.437
12581.681 7926.514
13930.706 7952.889
11328.117 8359.551
11996.706 8351.244
13253.111 7014.208
11457.578 7124.084
12968.871 8220.169
13390.035 6569.878
11711.482 7853.913
12676.909 7802.601
13822.414 8028.024
13059.465 6561.603
11507.321 7792.895
13504.134 8883.507
13139.486 7711.795
12960.282 6979.802
11321.045 6544.197
11312.593 7921.625
12497.137 7391.036
12899.347 6142.438
12447.484 6435.150
12075.194 8880.001
12623.935 7798.080
12383.428 7524.126
11705.204 6339.323
12362.580 7892.283
12777.008 7908.969
12880.177 6292.836
13830.706 8643.875
11595.459 6787.935
12032.621 8023.135
13758.705 6625.123
12667.787 7454.680
11990.114 7577.464
11664.305 8237.025
12601.143 8068.175
11354.340 8106.504
13876.514 8417.574
11741.925 7067.673
12620.412 6951.373
11527.314 6285.146
11752.712 7760.184
13142.222 8719.277
12743.354 7322.770
11989.375 8698.384
12777.855 7986.479
12604.140 8795.102
11585.942 7525.922
11380.916 6137.083
13559.083 6843.418
12145.609 7473.661
12303.465 6755.834
12891.804 7507.566
12642.917 6757.562
11842.450 7697.043
12154.419 7565.004
12841.896 8572.211
12812.224 7302.244
12863.118 7755.419
14000.641 7767.192
13190.268 7994.520
12691.376 7178.616
11763.768 6491.019
12658.054 6180.412
13445.566 7883.456
12373.624 7250.890
12912.459 7219.247
11268.518 8587.479
12793.735 8629.225
12951.851 7089.779
12174.696 6251.299
11925.428 8053.297
13454.079 6840.432
11955.165 8740.377
12848.338 7953.079
12064.415 7456.023
11666.186 7628.754
12525.979 8688.488
12014.861 7805.966
13958.621 7015.063
12577.882 7168.689
13039.707 6580.896
12448.784 7488.934
12481.794 6382.501
11814.907 7835.364
11729.107 7215.990
13073.854 6633.230
13466.253 7607.870
13983.288 7504.873
11873.351 8824.477
13310.984 6317.752
13715.687 6757.974
11255.467 7747.407
12394.398 8574.890
11349.466 6123.809
11331.333 7456.271
11990.739 7625.538
11780.248 8576.891
12765.017 7785.250
12523.541 8270.798
12704.431 8602.155
13104.016 7414.175
13358.139 8031.548
11500.974 7087.153
12578.776 7046.698
13221.936 8515.569
12288.298 8363.842
13435.620 6985.989
11387.912 8853.005
13695.941 7654.266
11284.920 6256.511
13000.507 6344.972
12052.603 6180.796
12427.236 8471.672
11970.514 8832.941
12908.263 7979.800
13928.782 7501.423
12163.587 8502.545
11366.658 6611.284
12421.980 8181.878
13008.712 7372.989
12731.905 6385.849
12463.957 8108.043
13197.642 6900.353
12703.416 7450.536
12022.031 7602.437
12946.539 8614.172
13534.374 7870.234
13279.442 7724.025
13320.040 6375.476
11917.855 6628.059
11442.402 8605.631
12646.378 6319.815
13598.153 8245.891
13148.116 8396.056
11773.974 8355.338
13061.050 6813.074
13181.540 7669.087
12276.605 7887.580
12305.279 8694.531
11870.577 8511.582
12828.522 6216.276
11970.373 8613.135
13210.756 6598.219
13531.753 8056.633
11866.673 8545.191
12725.679 8437.343
12221.157 7232.005
11708.764 7962.079
13893.015 7053.914
13771.115 6505.434
12630.226 7147.175
11364.979 6204.375
11670.154 7569.280
12806.947 6537.057
12460.048 6748.834
12305.237 7750.544
11853.111 8337.415
13985.598 7042.682
11820.725 6842.667
12075.587 6496.519
13209.203 7405.689
12600.587 6711.737
12606.421 6523.381
13665.881 6297.297
13022.268 7424.043
12977.157 7258.369
13856.385 6964.497
12592.596 6928.290
13885.433 8181.169
13590.104 6623.877
13995.064 6884.525
12830.110 7660.740
13783.128 8303.311
14023.820 6918.035
11283.473 6385.543
11355.261 6226.738
11463.674 8629.073
13374.364 6412.109
11690.668 7896.699
13745.847 8696.663
12191.360 7691.536
13840.035 8381.555
13543.340 8382.707
13054.758 7729.715
13984.919 6848.365
11637.385 6632.957
11648.279 7679.492
12073.892 7994.317
12751.683 8039.613
12238.826 7820.700
13122.793 7292.945
11525.420 7112.148
11479.350 7199.594
12702.263 8652.092
13699.031 6396.639
12974.184 6615.120
13121.161 6504.806
12602.742 7112.953
12427.713 7221.779
13479.856 7967.888
13365.215 6361.044
13645.861 7914.684
11939.929 7433.514
12250.088 7363.443
12200.990 7931.331
13159.313 7816.604
13315.350 8496.729
12003.322 7020.742
12481.232 6227.750
11861.243 7438.756
13780.106 6191.842
11563.215 7397.311
11994.469 6592.103
12976.718 6726.302
11796.769 8617.760
13959.478 8217.666
12357.201 7895.795
11956.645 7693.057
12927.638 7144.908
12368.403 7589.787
11879.237 8469.124
11335.568 8685.522
14011.754 8673.785
13445.377 8388.449
12834.462 6749.431
12910.795 6595.034
13888.207 6510.065
12952.936 8706.223
11405.798 6254.647
11269.713 6567.031
11785.882 6712.578
12571.348 8315.797
12378.951 7181.617
12355.510 6176.932
11715.296 7112.855
11676.996 8211.685
13242.074 7450.787
11919.346 6454.508
13319.205 7003.122
12280.818 7812.747
13435.254 7316.426
12208.147 7404.597
13321.060 7355.682
11521.575 7762.697
12884.029 7958.970
12095.061 8753.950
11675.016 7861.127
12604.003 7169.967
13123.627 6245.787
11339.741 8586.181
13945.672 6902.460
12931.166 7688.356
13123.446 6216.547
13378.419 7783.843
11413.148 6809.593
13597.790 6783.490
13129.299 7283.662
13644.204 8658.531
12057.114 7217.831
13491.664 6945.015
13990.532 8504.416
13744.272 6312.941
12574.752 6317.002
13837.149 8576.048
12278.804 7035.103
11347.464 8332.078
13474.680 6749.784
13192.681 8749.522
12349.626 6328.541
11811.652 6718.588
11412.135 7945.395
13373.963 6751.417
12440.316 6130.114
13412.566 6654.652
11359.636 8000.621
12910.975 6325.720
12397.438 8587.341
13973.358 8199.409
13103.230 6254.923
12759.521 7044.698
13944.363 6169.165
13043.045 6481.884
13676.801 6479.131
13668.921 6695.964
11523.568 6852.474
13067.870 6235.871
13361.702 7377.340
12420.752 8149.927
12137.365 7376.005
13329.702 8613.516
13133.335 7413.773
11341.061 6396.454
12613.062 8476.712
11462.504 8486.192
12892.197 7151.430
12141.310 6760.838
12290.412 7893.103
12229.638 7279.097
13509.873 6127.431
13762.121 6347.565
13036.427 8623.296
11792.280 6991.258
12367.276 6290.810
12920.524 8659.008
12657.447 7868.149
11728.595 8817.309
11596.354 7886.567
12478.646 6585.194
12363.097 7121.527
12835.689 8779.491
12218.161 6994.770
12895.199 6482.071
12394.622 7353.847
13571.599 8145.152
12295.341 6478.216
13024.054 6192.885
11533.513 7813.715
11847.023 7725.258
12570.893 8346.580
11434.226 7723.191
12633.408 6275.411
12233.933 7181.021
13415.225 7475.868
13414.350 7680.558
12299.422 8817.231
12295.022 6558.691
12707.028 8367.406
12569.073 6816.481
13880.517 7929.615
12209.455 8409.957
12293.419 8494.703
13563.763 6255.385
11685.289 8045.598
13188.520 7821.605
11390.088 7580.818
11766.107 6780.849
12910.521 7598.991
11949.766 8125.685
12203.739 6847.016
13923.672 8585.614
12470.544 6710.687
13616.402 7643.725
13772.053 8059.591
13261.334 6503.969
13316.988 8780.207
13071.947 8439.127
13616.165 8517.328
11798.240 6724.766
12579.790 8807.814
11877.963 7756.610
13719.635 6504.462
12939.078 6174.570
12131.149 6754.890
11792.052 7862.525
13043.240 8826.729
13721.129 8607.482
11791.968 8171.912
12449.994 7318.443
12644.848 7153.291
13090.970 6976.900
12552.372 7543.100
12680.916 6461.359
12936.460 8025.867
12436.214 7450.087
11532.290 8226.810
13649.946 7741.523
11626.601 8633.962
13048.512 8557.336
13809.444 6369.451
13822.721 8324.971
12437.957 7510.630
12185.932 6466.062
12883.073 7121.698
12096.320 7322.512
13327.413 8675.664
11965.592 8616.392
12053.735 6973.299
12702.892 8823.519
11825.160 8112.864
11364.488 6455.087
12117.314 8367.203
13501.809 8269.375
12152.164 8602.833
11838.517 7637.586
13557.400 8794.593
11989.655 8332.266
11762.723 8778.135
13749.329 7730.118
12275.790 7783.425
13802.343 8025.696
11834.054 6967.509
13253.992 7074.143
13703.271 6793.908
12562.865 8823.885
11407.481 7803.828
11965.482 7323.928
13810.202 8004.347
12642.663 6253.439
11926.969 8467.359
12572.390 7287.517
11537.484 8234.162
13506.316 6167.822
12748.046 8423.583
11582.147 8592.561
13746.681 7278.970
12602.174 8281.746
13065.852 6146.026
13562.250 8218.826
11879.183 7418.930
13667.690 8155.681
13364.687 7980.876
12251.494 7410.817
11852.620 7652.657
13505.717 7113.980
11728.291 8472.623
13937.337 6984.450
12511.333 6809.045
13931.338 7511.275
12706.939 7422.146
11931.814 6756.741
12817.031 7872.915
12522.137 6354.545
13826.763 6311.513
11706.417 8667.692
12171.233 7541.117
11562.917 8335.136
12777.892 6280.407
12366.858 7803.250
13116.304 6455.702
13372.852 8293.994
13112.175 7208.050
11731.569 8220.713
11284.404 8437.694
11448.852 8252.649
12763.775 7997.261
13682.872 7601.625
12225.935 6405.841
13362.568 7698.625
12019.374 8452.657
13928.429 6476.789
12072.423 8617.439
12963.654 6712.273
12921.882 8512.006
13827.638 8845.501
13205.263 6527.734
12961.950 8622.508
13770.494 7882.734
12023.367 8151.060
11661.269 7671.273
13105.633 6692.483
12664.369 7611.330
13269.321 8873.509
12973.919 6366.031
12471.714 7356.363
12720.294 6656.961
13001.792 7504.335
13173.598 8831.799
12575.518 8763.078
12439.646 6193.181
11984.944 6679.114
13229.151 6704.575
12537.170 7520.947
12021.580 8885.752
11274.889 7651.676
11946.209 8240.700
12264.741 8888.036
13130.374 8274.729
12585.914 7291.078
12766.830 7128.995
11287.003 7525.603
13142.428 6940.110
13348.407 6234.919
11948.372 7387.050
13816.582 6829.151
13589.747 7956.389
13011.844 8694.511
11687.262 8195.112
12441.573 8547.697
11285.485 8073.150
11355.291 6641.062
13495.921 7010.471
12054.459 8839.242
13479.618 7210.124
12487.488 7070.308
13897.249 7590.547
11844.817 8212.339
13797.771 7028.504
12457.109 8388.026
13211.045 7211.577
13345.385 6901.057
11470.698 8102.027
13080.174 7753.189
12296.490 6220.864
11497.959 6256.438
12520.850 8672.147
13259.779 8339.154
11797.956 7372.803
11458.934 6791.546
11489.759 7438.687
12465.980 8796.559
14015.231 6963.534
11886.113 8288.460
13626.884 8111.355
13811.172 6551.570
14032.049 7622.882
13413.953 8412.470
12243.644 8612.992
11260.971 6757.242
13490.683 7367.112
12938.839 8448.944
12449.251 8862.700
11977.635 8470.210
13844.507 6770.396
13888.390 6601.285
13286.632 6916.188
13368.185 8618.893
12233.400 8035.171
12108.055 8583.925
12357.928 7208.997
12188.724 7861.137
11933.591 6306.818
12602.337 8454.498
13835.509 6952.382
12524.656 8806.429
12763.229 7559.418
13700.491 7415.223
11289.035 7342.216
13399.079 7548.862
11682.187 7227.481
12801.323 8053.851
12678.251 8275.190
12396.905 8431.217
13031.341 8239.278
12192.657 7607.399
13900.017 8066.694
12646.412 6960.907
13205.143 7613.720
13161.106 8522.706
12339.971 8281.952
11469.588 8016.519
13481.504 7093.336
12258.498 7975.574
12749.724 6398.114
13693.266 6648.510
13172.933 8467.540
12023.550 7938.819
13284.677 6258.328
11678.885 7117.841
13764.589 6197.986
12184.937 7480.301
11843.607 7871.960
13583.551 6884.100
12521.054 6172.372
12866.231 8889.702
13775.829 6318.236
13384.526 7430.521
13759.814 8412.889
11261.032 6369.769
11622.133 8361.177
12231.304 6269.035
12263.066 6894.240
11637.695 7979.683
13256.024 7922.885
11649.691 7914.053
13394.680 7956.871
13318.011 8758.810
13294.333 6318.152
12045.309 8363.477
13432.681 6182.160
12368.872 6498.409
11872.346 8776.561
13835.971 6774.771
12299.148 7817.414
12764.208 7129.894
13687.916 6884.087
11864.310 7038.254
12297.647 7872.607
13706.377 6945.908
12398.353 8399.773
12966.220 6245.794
11653.626 8134.312
12582.514 7250.323
11577.430 8719.880
13652.494 8579.288
12310.732 6768.910
11723.653 8058.726
11445.250 8176.899
12747.489 8596.133
12862.724 7720.887
11452.768 6560.561
12775.152 7947.009
13818.792 7105.045
12317.486 6485.689
13480.622 6281.034
13523.667 6418.537
13563.827 8319.466
12367.117 8334.507
11809.080 7858.664
13027.894 8296.105
12085.151 6371.824
12549.060 8062.715
11858.850 8684.290
12714.376 7104.275
13556.732 7546.682
12520.947 7885.302
13180.397 8622.392
13932.237 8635.910
12087.015 6174.540
13246.601 8385.918
12544.439 7959.705
12539.335 8491.829
13155.188 6573.089
12071.935 7674.962
11342.667 7087.279
13731.120 8648.403
12421.043 6462.357
12531.957 6539.026
14001.645 8383.297
12102.035 7871.176
13789.366 7479.944
12770.364 8281.706
12690.479 7270.558
13058.896 7129.372
11543.345 6316.775
11805.406 7106.449
12931.935 6147.429
12647.005 6353.454
14009.136 8069.410
12182.755 6259.758
12354.911 8437.090
11583.014 6481.808
13483.912 7349.465
13515.839 6815.471
12375.482 8866.605
13887.686 7222.297
13622.630 6989.745
13703.755 8847.853
13959.015 8297.214
11709.993 6947.588
12899.438 6442.644
11256.289 7121.219
14015.334 6842.747
13220.892 6763.174
13328.991 6950.566
13147.312 8847.309
12835.561 6367.406
11866.003 6537.122
13156.254 7661.604
12375.831 8634.003
12065.526 8623.931
13607.487 7114.660
13351.309 8227.194
14014.188 6259.438
11300.641 8420.192
11467.116 8855.817
13424.119 8427.963
11931.255 6180.642
11802.213 8444.602
11633.478 7316.514
13272.968 7553.021
12809.390 6498.928
13128.215 8182.647
13188.141 6873.393
12820.366 6223.818
11777.135 7948.871
11459.054 7021.033
13192.680 7373.921
11389.965 6521.033
11512.700 6937.720
13099.408 7392.832
12104.669 7601.142
13694.731 7214.370
13038.353 8687.440
12612.355 7440.134
12246.140 7853.304
11379.904 7182.331
12159.236 8325.613
12315.591 7328.440
11508.053 7330.572
12841.460 6866.377
12956.180 8890.713
11972.290 6601.814
11980.955 6557.648
13668.963 7078.006
12917.189 6318.245
12214.958 8532.768
13623.837 6753.625
13701.837 7741.225
13394.814 8564.213
11549.066 7130.886
12213.137 8036.394
11379.975 6292.911
12292.702 8731.453
13286.452 8233.990
12402.317 6389.944
12014.865 7713.003
12711.568 6318.982
12052.462 6943.398
13293.798 7395.016
12042.136 8546.006
12965.517 6723.089
13322.740 8458.018
11610.099 8145.958
13746.645 8239.961
13862.705 6250.302
11513.073 8173.076
13514.253 7999.240
11841.694 7843.950
13170.316 7732.279
13012.027 8561.457
13324.874 7037.519
12208.635 8334.114
12614.759 8869.428
12152.722 7888.977
13772.407 8783.089
13061.735 6147.636
11759.438 7588.115
12032.394 7083.883
13528.088 8853.794
12140.341 6452.623
12213.392 8360.758
12706.084 8752.677
12404.984 7509.100
13953.924 8244.254
12829.644 8083.680
12379.781 6441.086
12834.711 8708.310
12197.507 7334.112
13545.038 7854.013
13872.573 6181.656
12644.212 8415.189
12712.716 7199.309
11701.334 6134.834
13357.841 8103.651
13030.574 6980.392
12885.379 6164.376
11375.403 7797.083
12568.990 6787.639
12833.958 6910.667
12459.433 7927.815
11936.151 8695.034
13171.159 8449.454
13821.671 6827.277
11497.529 6707.410
13215.362 6476.474
13287.199 6787.721
12827.472 8277.724
12248.371 6253.864
13690.136 7014.991
14021.989 7621.405
12645.074 6218.366
11331.479 6194.414
13037.314 7763.546
12207.592 7324.362
11397.827 6194.064
13689.691 6955.148
12680.696 8551.231
11830.440 7324.473
13559.639 8797.053
12894.701 6387.243
12686.344 6213.931
11443.762 8412.312
11668.103 7921.533
13850.007 8147.993
13544.321 7483.794
12482.426 6801.024
11317.230 6528.534
12054.443 6636.188
11927.900 6236.557
12424.385 7002.089
13656.704 8136.993
12452.176 7529.545
11763.982 7653.099
13437.632 7769.629
14028.751 8205.531
12496.456 6209.305
11834.049 6455.925
12348.867 8185.975
13636.526 8856.117
13008.594 8205.938
13476.955 6277.058
12099.852 8271.075
11932.462 8662.616
12518.394 8589.093
11262.309 7288.796
11737.597 6120.377
11574.602 6811.157
13773.833 7287.378
13429.147 8825.762
12577.325 6541.209
13723.120 6856.855
12673.247 8655.649
12021.489 8124.694
11787.487 8187.064
11990.621 7524.075
12765.181 7401.755
11837.556 6670.563
11533.043 6324.297
11666.405 6153.680
13954.346 7878.911
12166.326 6607.507
13169.143 6686.122
13060.429 8199.575
11632.638 7539.911
13386.735 8395.381
12777.573 7109.288
11680.356 7972.642
11361.642 8741.083
13980.072 6149.925
13987.773 7165.659
11616.180 8617.324
13982.577 7468.008
13567.635 7674.744
12061.126 6909.120
13421.728 8440.291
13660.453 6280.682
12533.739 8727.808
13181.884 6307.772
12005.436 7980.547
11281.114 8342.502
12473.619 7405.536
13812.081 8534.922
11763.782 7408.690
12239.032 6901.767
12944.668 6939.534
13213.413 8699.152
12838.451 7728.724
11863.282 7555.327
13614.101 6145.678
12088.117 6446.413
12050.120 8000.691
13408.058 6846.253
11444.160 8232.536
13847.650 6144.384
11986.391 6847.060
13297.290 6294.591
13085.435 7120.991
12761.004 8734.907
13084.129 7743.919
12575.882 8120.133
12961.461 6706.841
12850.076 8129.985
11404.048 7480.363
12495.697 7263.749
13288.737 8724.876
12626.786 6721.878
11958.935 6969.079
12353.016 6826.265
13210.253 8613.536
12638.927 7456.494
11325.869 6176.611
12327.389 8205.415
12552.534 7999.411
11275.258 6278.821
12620.380 7671.496
12931.069 8046.779
12311.435 7004.325
11979.719 6466.893
12074.705 8433.075
11402.594 7146.395
12634.429 6612.095
12722.359 7427.490
13268.053 8705.994
12231.986 6846.750
13203.517 8686.711
13275.897 6899.546
12507.608 8780.651
12338.016 7192.120
13287.217 8399.269
11501.976 8629.710
11626.951 7837.689
13081.866 7018.770
12887.835 6552.139
13027.228 6344.556
13067.278 7126.607
11495.938 7351.933
11781.744 7550.358
12950.435 7070.407
13239.338 7565.527
11732.904 6969.879
12686.099 7964.996
12306.417 6442.019
11452.708 6509.233
12976.589 7487.714
12089.940 7042.653
11713.987 6164.497
12249.530 8006.560
12465.094 8330.778
13298.890 8089.626
13977.708 7778.057
11763.632 8726.362
11832.820 8405.738
13091.070 7528.683
13991.358 8817.969
12414.012 7091.910
13933.179 7960.770
11255.989 7360.904
12292.916 8585.765
11627.748 6865.613
12314.550 7490.938
12059.527 8859.497
11348.988 8818.311
11542.680 6370.376
13753.519 7951.848
11528.688 8868.939
12364.492 7259.978
12766.463 6154.172
12396.081 8154.066
12377.945 6385.017
12750.959 6630.536
11539.857 8826.742
12206.107 7171.415
11557.364 8293.714
13013.890 6463.479
11673.410 7639.582
13111.761 7315.908
12435.912 7592.350
12525.216 8234.371
11308.804 6225.973
14016.405 8289.102
11747.539 7765.647
13603.099 8890.009
13471.255 8432.603
12025.483 7662.162
12619.109 6445.088
11568.306 8873.618
11706.084 7119.446
11348.128 6706.638
11896.772 8702.611
12192.758 8573.546
11869.395 7877.547
13274.066 8749.324
12377.336 7811.474
12528.372 6890.291
12021.834 7699.057
13965.119 8745.942
13571.821 6368.790
12485.401 7449.512
11657.216 7981.457
12834.016 8259.243
12933.907 8833.387
12935.057 8011.570
13565.811 6934.031
11569.349 6418.315
12028.215 8419.300
13681.844 7406.848
12974.558 7431.521
11961.573 7528.919
11304.265 7960.292
12405.563 8169.247
11391.777 8225.919
13136.510 7182.539
12338.885 8356.888
13222.048 6310.204
12840.987 7925.793
12794.899 8743.997
13851.769 6857.186
12372.587 8838.173
13616.106 7405.354
13646.364 6524.199
13311.602 7049.125
11706.043 7355.758
11737.713 6557.155
13387.080 8283.389
13840.528 8517.074
11849.205 7143.508
12517.599 7692.843
13387.849 7730.796
13845.838 7145.928
12105.279 7696.253
11394.802 6795.534
11537.971 6404.568
13946.054 8197.390
13627.417 8327.922
11628.455 6631.721
11501.075 7199.343
13183.252 8359.386
13341.628 6982.100
13577.921 6614.303
11821.991 6653.146
13713.680 6727.616
11940.495 8273.845
12014.275 6967.254
12967.773 8432.750
11300.339 8816.655
11753.495 6617.783
11421.825 6178.735
12345.749 8117.676
11428.470 6659.097
13305.307 6785.290
12544.885 7077.422
12857.803 6448.400
12977.871 8777.408
12790.683 7621.324
12828.664 6639.054
12585.083 8715.786
13463.128 6573.179
13143.327 6471.157
12639.987 6770.432
13094.091 7951.173
11947.458 7263.799
11415.633 6396.043
13273.116 8611.293
12274.935 8298.892
11674.834 6543.426
11288.281 7473.571
11883.779 6181.545
13358.673 6360.018
12346.401 7337.534
13589.543 7310.168
13983.775 7731.456
12085.131 8285.962
13574.087 8728.545
12932.049 7022.135
11958.196 7162.370
12496.093 6972.350
11826.392 7131.975
12849.030 6971.339
12034.929 8766.765
12890.666 7701.609
14028.687 6936.269
12432.050 7254.585
11931.653 7935.943
13995.594 6740.499
13713.099 6230.732
12014.531 7668.843
13520.995 6253.159
12475.775 8079.026
13501.111 6319.641
13782.908 8787.464
12780.585 8355.906
12467.107 7055.863
12804.665 8236.528
11987.816 6206.124
12062.605 8497.532
12808.009 8315.670
13652.899 6889.072
11765.946 8475.814
13258.983 8054.875
13743.221 7769.811
12100.379 6367.945
11473.650 8401.150
12431.519 6736.958
13084.444 8747.683
11689.421 8750.680
11923.342 6266.424
12419.758 8080.439
12127.241 7827.966
11662.049 8651.308
12735.880 7511.457
13793.910 7712.102
11671.733 6976.866
12263.676 8129.913
11721.029 8557.090
13403.653 6532.172
12508.045 8853.704
12794.743 8048.505
13624.284 8881.506
12816.621 6713.779
13669.726 6627.686
11580.667 7899.068
13123.068 8257.429
13475.503 8587.378
11299.375 6181.235
13305.096 8589.925
13745.496 6992.876
12366.466 8487.047
11684.339 7438.690
13714.662 8550.122
12637.056 7782.918
14009.670 8803.492
13348.670 6725.927
12877.686 8150.971
13471.932 8440.084
12735.524 8155.871
13494.447 7764.835
12962.268 6758.300
12056.903 8063.205
12148.804 6704.744
12500.740 8080.642
13100.777 8411.202
12401.125 6525.261
12086.264 7436.041
13635.913 6463.794
12686.199 7758.213
13859.815 8144.549
13035.148 7569.058
13208.188 8571.920
13439.925 8311.586
11701.673 7231.739
11709.058 8520.192
11797.404 6641.432
12565.379 6242.600
13471.806 6614.048
13422.496 6823.326
13900.266 8069.409
13384.380 8845.608
12296.784 6474.477
11448.836 6223.951
11788.054 6455.658
13640.865 6275.092
11807.475 7119.083
12170.089 6248.290
11282.012 8706.193
12276.076 7514.209
11805.625 7706.606
12172.110 8605.195
12218.106 7261.072
12101.346 6923.539
11747.481 6289.787
13688.409 6359.663
11725.302 7994.017
11472.411 6646.854
11449.338 6340.403
12212.967 8641.608
13694.209 7331.094
13209.699 7281.892
11416.336 8364.008
12272.144 6358.454
11317.005 6439.522
11640.020 6691.145
11459.851 6708.698
12548.323 7626.708
13182.769 8679.760
11664.490 6639.714
13016.315 6333.722
12845.361 7922.007
13166.164 6265.384
11745.975 7224.039
12438.922 7631.636
11734.301 7388.176
12280.796 7109.757
13115.541 7279.193
11614.986 7585.253
13779.684 6945.112
13512.185 8340.384
13311.514 7809.040
13790.382 6680.000
12334.696 6774.786
11357.324 6264.262
13773.790 7991.277
12817.396 6215.746
12098.674 6599.473
13029.736 8644.364
12447.400 8439.253
11604.347 7795.198
12491.160 6875.898
12180.066 8804.351
11456.081 8460.385
12580.960 8616.463
12299.341 6689.660
12437.128 6499.630
12959.720 6524.115
12572.979 7851.401
11296.541 7950.282
13189.001 7415.677
12744.948 6401.824
13641.103 6802.409
13932.793 7937.919
13664.851 8023.355
13951.816 6844.292
12895.417 7800.079
12616.915 8487.389
11335.393 6755.327
13575.221 7725.905
13151.685 8500.092
13534.383 8019.363
12170.072 6259.446
13907.669 6283.079
13955.394 7725.982
12403.046 7083.248
11565.824 7498.491
13659.530 7303.532
12006.947 8744.573
12107.428 8344.171
13459.245 8333.809
11530.272 7284.071
12990.378 6274.832
13126.347 6255.787
12202.551 8712.088
11974.416 6620.108
12343.601 8704.301
11991.286 7128.935
12973.260 8310.462
13064.664 7125.837
13988.273 7160.810
13622.047 6278.856
11449.246 8014.155
13768.381 8588.347
12782.650 7048.118
12332.601 8682.748
11473.317 7624.681
13351.597 8665.481
13397.265 6785.785
11632.664 7967.034
13450.551 7077.994
13574.435 6726.404
11726.845 6592.930
13980.526 6529.513
12220.192 8458.140
13379.511 8532.620
11276.113 8678.182
11382.269 7056.489
11600.795 8700.549
11362.264 8725.066
13188.351 7659.584
13512.838 7268.487
12213.925 8225.203
12747.491 6779.022
13789.111 7697.724
11996.810 6955.938
13013.655 7516.299
12720.707 6586.052
12579.418 7883.305
13756.345 6536.346
13029.694 6752.713
13922.618 7579.780
12491.278 7674.406
12400.630 6878.833
12183.928 6285.030
12446.398 7795.559
13733.803 7713.160
12471.917 6844.467
11571.095 6515.646
12681.836 7487.423
12067.256 6122.544
11400.791 7640.009
13556.758 8382.729
13093.981 8670.106
12298.766 8249.348
12142.623 8699.003
11435.726 6361.000
12593.062 6988.279
11997.522 6567.501
13673.023 6656.991
12631.913 7522.702
11256.780 7918.267
13767.914 6305.396
12717.775 8024.376
11394.777 6359.830
12059.715 7772.055
11699.222 7864.095
11696.971 8789.843
12576.668 8084.897
12646.663 8851.212
13227.168 8596.389
13032.097 8235.115
13454.135 6256.328
11367.662 6445.976
12126.503 8609.135
13448.927 6379.056
12203.834 6910.392
11627.744 6962.875
13376.611 6783.433
14013.892 8513.054
11380.250 8651.663
12763.584 6483.318
11574.710 7558.181
13449.915 7399.267
11929.977 7733.999
12874.972 6591.252
12582.161 7515.461
12853.273 7698.497
12733.400 6568.153
12361.204 7688.159
13358.522 7290.231
13644.944 7583.160
11943.619 8752.413
13075.224 6296.565
13758.401 6136.110
12540.875 7516.753
13399.696 7385.946
12077.563 8551.698
12930.718 7268.460
13057.110 8284.809
11303.979 6114.881
11496.792 7135.122
11684.432 8144.001
13199.748 6840.435
11342.592 6279.532
12048.464 7919.828
12760.679 6456.667
12741.004 6179.974
11539.397 7767.823
13188.180 7482.658
11659.388 8819.289
12528.421 7587.461
13985.982 8295.657
12074.324 6565.996
12919.188 7691.470
13118.143 6859.617
11791.653 7955.834
12739.685 8049.475
12116.369 6675.643
13661.835 7129.244
12038.068 6157.018
13312.587 6428.377
12368.003 8210.038
12281.618 7917.829
11906.761 6480.107
13569.575 6633.066
11347.436 8636.437
11454.746 7200.292
12634.315 8279.649
12400.035 8026.278
12900.216 8879.422
12192.059 6321.746
12084.337 8615.378
11679.293 6416.936
12548.092 6687.831
12029.307 7809.986
11513.704 7929.383
11301.198 6336.162
11721.659 7989.339
12220.306 8041.239
12766.513 7604.269
12286.226 6608.384
13508.323 8430.119
13549.573 6168.342
11259.296 8494.053
11900.070 8882.900
11775.734 7957.902
12022.512 8166.527
11610.702 7236.054
12053.762 7490.895
13244.450 7103.938
13042.549 7703.637
12581.623 7757.791
13697.435 6632.399
13672.172 6416.563
12075.358 7480.843
13128.103 7959.327
13418.050 6569.764
13568.396 7098.083
13864.604 7268.642
11951.170 8863.348
11448.283 6769.072
12944.482 8606.057
11790.179 7514.251
12850.608 8294.839
13020.959 8622.694
12017.816 8141.564
11890.444 6154.008
11578.050 8331.757
12539.145 7377.331
11625.372 6396.062
11529.182 7066.441
11984.979 7972.378
12088.052 6947.413
13015.376 6629.344
11372.493 8426.510
11730.210 6959.006
13746.547 7163.552
12022.651 8728.077
13986.286 7783.272
13315.140 6494.622
11485.165 6645.055
13026.475 6528.725
12726.584 6706.100
12930.328 6610.851
11998.204 7039.525
13909.955 8457.081
13842.270 8542.857
13907.354 6304.202
13136.187 8371.365
14013.728 8052.640
11974.977 6880.165
13918.111 6992.406
13624.964 8724.399
12218.337 7387.634
12974.860 6308.367
13515.870 8090.617
14029.934 8743.739
11963.979 8888.432
12893.078 7980.902
12883.886 8236.320
11504.788 7574.917
11365.515 6883.350
11572.669 7034.004
11831.084 6762.979
13522.574 7832.264
12023.861 7455.635
12304.352 8229.010
13538.859 8523.695
13088.240 6492.824
13198.145 8206.426
11342.666 8486.148
13447.194 7611.821
12520.660 7400.016
13453.351 7679.631
13690.490 6844.236
12315.197 7724.973
12260.861 7654.878
12106.311 6740.687
13316.381 7869.248
12956.304 7451.831
11497.967 8347.749
11984.795 7519.931
12879.025 6173.421
13387.223 8679.140
13540.365 6691.924
12659.383 8066.781
11413.741 7911.864
12624.104 7895.933
11510.521 7243.445
13341.974 6420.666
12953.501 6377.232
12025.104 8318.263
13677.885 6258.327
11859.479 6429.812
11893.254 7108.008
13475.973 8781.035
11800.712 7763.999
11781.262 6800.323
12414.634 6713.628
11467.111 8888.276
12343.066 8622.836
11430.292 6577.567
12717.331 7130.694
13589.029 8256.351
12645.000 8235.704
13040.608 6790.114
11307.473 8440.910
13430.251 8589.811
13576.082 8523.935
12613.269 6651.961
12591.034 8183.570
13266.438 6362.792
12235.434 8666.561
12666.716 7277.795
12309.986 7814.547
12972.248 6541.265
11725.042 6381.165
13008.124 8377.368
12314.843 6662.241
12360.054 8347.151
12452.244 7119.537
13116.631 8514.426
12635.501 6306.049
13005.674 7517.581
12996.726 7851.387
11380.122 8697.535
12085.515 8776.406
11995.024 6752.738
12316.482 7976.860
11734.275 6692.918
12168.926 6148.861
12728.632 8099.897
13348.872 8802.564
11271.581 6923.598
11916.777 6498.573
12819.554 8777.135
13338.107 8801.030
11344.698 8420.293
13150.639 8237.030
12539.839 6497.479
12762.144 7239.447
12144.673 6140.074
13453.290 7386.050
12218.759 7805.034
11617.751 6117.495
11968.362 7366.519
13237.995 6922.910
12302.633 8727.495
11276.220 7709.073
13579.607 7273.673
11836.544 7413.618
11557.138 8705.619
13585.303 7822.725
12596.108 7500.958
11903.483 6704.079
13303.878 7493.940
12401.350 7835.502
11931.628 7144.898
11696.361 8633.726
12571.277 6975.723
13458.006 7309.823
11288.283 8674.509
12841.551 8557.155
11378.775 6438.682
11909.668 6675.160
12697.307 7816.095
13909.313 8786.060
12710.045 7657.827
11486.443 7183.053
12820.111 6305.525
12216.211 6545.834
12088.266 6425.328
13277.807 6533.154
13489.102 7873.560
12509.847 6654.516
13403.550 7459.216
12919.075 7135.991
12168.049 6518.943
13776.758 7636.124
13158.979 6152.851
11747.211 7669.151
13316.589 6361.753
11332.793 8040.199
13221.967 6114.929
12047.335 8281.779
12874.811 8229.608
12588.907 8459.034
13075.360 7215.379
13475.400 6635.288
13683.986 6167.983
13655.411 6472.795
13107.566 7554.553
11838.592 7902.358
12184.842 7496.632
12640.091 8055.218
11832.732 8301.039
13149.292 7954.688
12158.933 6396.039
13008.729 6817.924
13668.359 7340.560
12000.486 7838.878
13179.084 7373.258
11915.663 6516.662
13637.227 7725.053
11806.176 6291.413
11719.273 7056.771
12630.057 6995.486
12544.106 6240.803
13744.656 8237.252
13895.367 7757.590
12838.994 6427.506
13141.276 8292.761
13972.550 6911.801
13787.321 7238.061
11597.308 7277.006
12495.102 7226.227
12204.756 8384.676
12174.903 8596.226
12788.716 7611.102
13337.004 6453.324
11508.465 6984.994
13969.409 8378.077
11750.324 7332.841
11867.023 7506.036
13636.971 7933.940
11583.892 8431.038
12244.327 6471.351
12725.460 7631.735
13646.640 8784.553
13663.323 8402.432
13027.247 6593.790
13924.209 8743.961
11419.939 8373.080
11417.811 7693.799
13953.313 6374.406
12522.477 8740.752
12671.739 8089.266
12808.633 6909.326
11487.660 8168.370
13205.216 7889.775
13491.759 7546.285
12388.793 8522.059
11879.398 6502.195
13841.752 6556.758
11603.679 8389.392
11711.642 7962.374
13355.111 6470.918
13227.997 7620.996
12048.837 8648.518
11772.844 6825.880
11813.363 8033.972
12424.310 8519.230
11758.105 6425.768
11458.243 7459.944
14018.758 7358.248
13303.000 8358.888
13212.759 6698.411
12428.775 6685.031
11303.359 8658.679
12537.952 6676.282
11693.737 8518.602
12039.394 8067.972
13703.638 8312.044
11961.969 8176.172
13818.774 7713.663
11287.409 6309.392
13333.255 8124.611
13189.000 7359.397
13333.227 8687.767
13367.369 8450.379
13475.110 8533.597
11922.511 7459.967
13812.433 7770.814
11579.608 8411.238
11401.508 7177.779
12612.375 6146.328
11803.360 6551.957
12366.031 8497.506
11826.266 8128.670
11315.905 8561.463
13715.631 6557.234
13168.244 6689.674
11489.543 7007.950
12179.855 7091.502
12776.234 8304.901
11840.136 6630.976
11998.349 7274.480
13854.464 7381.273
13320.231 7153.358
11955.389 7512.488
12072.499 8413.414
13468.073 7348.966
12631.911 7428.305
12744.740 8101.310
13376.479 7576.728
11499.981 8414.036
13691.569 7679.992
13154.713 6684.031
11418.501 6981.932
11575.808 7853.639
11270.667 8413.653
12891.029 6825.473
12349.384 7377.156
12150.484 6159.485
11827.261 6390.993
13193.286 7047.345
13676.907 8450.076
13489.117 7889.887
13316.417 8341.248
13296.631 8704.028
11306.528 8621.286
12598.921 7864.319
13338.445 8403.390
13003.469 7929.147
13996.789 8576.096
11273.958 7080.612
11436.904 8054.739
12236.379 7438.496
11548.109 6993.609
13962.535 7937.145
12954.192 6282.774
14004.933 8715.471
13913.852 6694.082
12319.153 6124.446
11302.959 6224.757
11626.073 7945.672
13576.090 7307.700
12918.385 8665.924
12974.836 7853.985
12009.474 7389.316
12355.242 7536.935
12869.900 7391.986
11335.861 7361.949
12255.233 8447.182
11611.712 6987.515
13315.139 6462.546
11432.301 8596.520
13152.147 6618.007
12133.429 7252.485
13190.324 7417.884
11404.555 6602.949
12986.979 7017.910
13231.766 6202.634
12070.626 6324.800
12427.175 6382.210
13040.020 8762.767
12377.830 6472.458
13324.178 7392.052
12161.772 7740.984
12561.440 8262.133
13675.739 8712.158
11331.126 6970.858
13162.809 7973.597
11746.057 8630.287
13753.457 7101.572
11690.103 6980.380
12512.276 8809.853
13800.499 7401.744
12643.167 6657.842
13548.835 7129.165
12000.977 8233.919
13197.627 7965.197
11406.894 6493.361
12304.249 6553.361
13743.670 7832.566
11611.879 7921.896
12993.837 6517.192
12856.740 6610.595
13081.908 7043.680
13729.353 8743.991
13542.740 8463.176
13692.111 8695.714
13674.310 8762.771
11264.470 8531.893
11260.075 8783.574
12279.786 7732.878
13927.925 8638.211
13435.931 7602.672
13174.540 8694.825
12357.992 8812.289
13839.264 6406.020
13063.358 7619.249
12762.029 6415.012
11969.411 8617.661
12936.889 7863.854
12696.218 8045.518
12477.181 8188.929
12783.923 8768.093
12077.263 7834.008
12086.139 8100.268
13246.636 7308.188
13127.070 7575.614
12693.421 8576.063
13613.149 6712.834
13167.968 8480.066
11601.887 7833.097
12526.788 7618.408
12165.506 7975.120
11710.399 8878.131
11714.845 8501.966
13306.538 8544.990
13123.896 7837.712
12525.890 7083.630
12180.497 6314.958
11665.782 7069.757
12883.412 6143.395
11287.755 6405.301
12642.426 8675.020
11867.123 8867.459
11529.177 6163.724
12055.855 7722.360
12096.542 8742.845
12468.794 6444.208
13108.164 7420.559
12051.137 7724.801
13674.307 7540.979
13263.524 6890.046
13690.452 8286.626
12293.632 7768.684
13287.711 7459.383
13377.551 6866.298
13214.904 6591.582
13879.009 8481.578
13519.845 6175.213
12680.366 7979.873
11446.344 8353.654
12596.401 6926.672
12346.952 8789.909
12264.467 8787.678
13176.559 6859.894
13239.687 7261.252
12619.880 7084.019
13901.761 6632.529
11571.682 8552.514
13063.722 7997.294
12012.018 7648.570
11713.708 7335.779
13390.553 8679.610
11948.063 6885.246
13438.275 8817.759
12763.613 7720.740
12037.083 7590.160
13998.811 6219.866
13801.979 8440.467
13269.969 8588.580
12937.236 7488.490
11617.409 6744.313
11299.128 7841.415
13458.939 7803.853
13174.347 7801.973
12040.068 7198.077
11768.084 6235.690
12042.804 6278.495
11531.117 6165.274
13719.504 7770.022
12457.154 6629.941
12315.067 7962.879
11351.009 7318.943
12193.380 8667.040
12186.522 6486.565
12905.816 8037.986
13471.968 7503.958
11661.463 7213.951
12797.456 7832.575
12767.139 8325.544
14008.026 7391.762
12294.052 6354.191
11599.753 7456.920
13343.770 8417.760
13949.743 8228.082
11570.811 7754.045
12945.555 7524.686
12930.114 8327.006
11664.486 6440.196
11549.861 7891.344
12754.759 8799.914
11940.604 8745.535
11643.306 7641.622
11689.475 8029.642
12260.714 7508.036
11857.030 8099.055
11576.895 7192.176
11929.743 8077.294
13123.613 8166.743
13775.142 8386.915
12291.278 7709.561
12211.299 8371.361
13056.921 7008.311
12183.849 8104.362
12413.660 8697.062
14028.704 8662.979
13564.123 7807.338
11334.855 6639.934
11347.223 7743.707
13023.219 7081.948
13165.248 7245.517
12082.782 8836.213
11712.795 7918.514
11282.196 7271.208
13845.252 6444.355
11575.777 7340.500
12072.533 7872.277
13272.526 7532.005
13006.857 7860.601
13834.744 7629.713
11434.038 6681.084
11961.165 7850.634
12239.411 6761.334
13935.859 8755.578
13943.565 6228.889
13918.069 6316.940
11898.230 6546.002
13448.097 7335.904
11662.013 8696.874
13831.929 7261.296
13271.772 7885.975
12953.444 7281.395
11971.194 8240.492
13369.972 7263.075
11341.005 7590.530
12163.344 7146.768
12763.760 7353.106
11556.697 7719.390
12689.003 7164.330
12935.897 6714.998
13004.425 8014.425
13786.932 8394.801
12563.181 7271.137
11668.824 8801.371
13013.720 7923.315
13384.929 7474.113
12810.070 6754.744
12859.825 8125.132
11922.739 6344.586
11689.249 7353.183
12115.249 6379.951
12531.508 7437.530
11921.460 8856.364
11337.377 7017.094
13723.885 6733.954
11413.283 6865.832
11503.593 6189.566
12480.490 6138.680
12695.445 6858.545
13531.649 6220.294
11929.366 8396.409
12484.899 7952.514
12526.612 6647.918
11746.849 8696.029
13815.745 8292.418
13741.814 8163.328
12878.279 7125.477
12792.173 7417.310
11614.194 7056.738
13855.786 7801.674
12836.149 6435.756
11500.830 6804.754
11879.482 7014.680
12945.740 8888.350
11492.910 8093.696
13248.111 6952.700
12693.655 7733.600
12519.509 6261.837
14000.713 7654.673
13386.387 8834.655
13705.282 7109.967
11942.145 6159.749
13978.969 8727.234
11325.231 7131.002
13197.106 7115.332
13666.587 8537.442
11664.892 6955.409
12870.280 8229.050
13415.543 8025.583
13784.138 7168.836
13740.574 8064.073
11475.453 7797.644
11338.691 8399.949
11726.182 7780.693
13436.150 8789.279
13035.603 7921.495
11805.016 6860.054
12701.650 7542.692
11744.161 8327.341
11338.703 8065.862
11520.995 6886.944
12095.985 8129.939
12064.445 8507.786
12435.882 7412.648
11668.008 8155.765
11408.964 6986.216
12308.906 7516.351
13808.773 8798.294
12342.689 6329.066
13266.661 6399.604
12341.066 7065.677
13965.962 8088.225
13524.342 7619.450
11644.437 6804.407
11964.048 8558.310
12153.627 6641.132
12514.920 6825.975
13991.951 6914.943
12141.251 6442.008
11871.374 7634.330
13249.880 7747.433
13629.481 7026.763
12244.571 8836.426
13895.491 8001.595
11695.410 7394.899
13825.705 7462.414
13930.778 6713.039
11414.127 6566.173
12372.638 8097.899
13313.053 7469.011
13605.327 8630.155
13888.085 8019.749
12783.465 7806.010
11563.987 6983.890
11280.403 8143.278
12405.587 6986.890
11555.054 8766.778
13216.589 6537.387
11762.410 7538.277
13257.923 8617.546
11832.619 6714.334
11660.772 6269.671
13371.390 6518.919
13598.589 6454.275
12295.262 7087.606
12493.545 7988.333
11924.645 6268.765
12114.176 6555.104
12514.952 7291.645
11427.883 6839.343
12346.176 8292.397
12238.725 6343.146
12555.453 7821.149
13447.265 7680.405
12130.359 8499.594
12280.209 6791.902
12741.593 7232.405
14026.205 6631.634
12736.536 8717.695
13259.448 6204.505
11792.965 7606.051
13634.799 6674.902
12681.952 7030.273
12412.125 7945.233
13865.081 7351.431
11646.192 6122.129
12634.364 7619.456
13992.953 7622.294
13670.614 8440.022
12457.412 7288.910
11906.629 7215.317
11627.334 6694.429
11479.030 6272.880
12780.741 7602.075
11911.063 7177.854
13063.102 6374.767
13832.607 8591.120
11591.788 8439.195
12999.425 6595.681
13775.292 6606.563
12143.749 7251.657
13903.523 6615.779
12762.632 8321.908
12012.021 8453.012
12106.907 8440.983
11885.306 6598.505
12002.545 7513.419
13800.866 7825.759
13982.805 8243.951
12359.865 7045.305
12216.932 7388.590
11966.996 7501.332
13409.539 7924.268
12771.591 6222.132
13738.000 8485.167
13863.014 6848.865
13586.547 6363.610
12295.811 6977.420
13861.748 8259.159
11735.851 6584.083
13179.726 6523.623
13340.660 6516.512
12944.699 8875.016
11737.881 8645.754
13821.044 7757.400
11756.368 8671.311
13743.078 7840.055
11494.970 6443.141
13556.535 7726.064
13216.980 8727.237
11685.913 6113.782
11825.117 6678.416
13763.972 6362.811
12394.849 7610.114
13928.556 6588.926
13219.577 8685.170
12037.820 8802.143
11517.627 6806.838
11401.644 8431.902
13056.680 7699.354
12828.502 8157.467
13642.395 7698.507
12122.677 6136.714
13958.987 6989.651
13240.059 8411.869
11466.795 8682.113
12131.981 6831.116
11329.518 8389.556
13515.118 8551.691
13860.098 7011.977
13491.528 8535.561
13915.084 7960.126
13869.589 6299.481
13630.955 7329.666
11385.067 7896.469
11923.398 6718.468
11654.272 6506.620
13854.958 8032.814
13694.058 8148.909
13716.683 6239.292
12424.369 8317.824
11409.465 6738.359
13391.461 8509.781
11576.898 7219.126
14025.166 6566.056
12583.353 6583.636
11329.010 7148.801
12766.217 7914.362
12832.126 6690.300
12192.328 6209.226
12877.968 7273.081
11617.820 8559.093
13649.758 6556.174
11360.995 6513.551
11640.283 8659.796
13298.929 8060.726
12277.160 6266.678
11771.230 7150.666
12161.969 7531.880
11678.120 6123.789
12527.297 8709.902
11713.516 7194.543
13766.155 7107.158
13619.812 7232.183
13270.911 7233.001
11485.312 6960.354
11276.688 8810.233
11746.255 8822.794
12495.262 6185.670
13601.480 8070.572
12724.258 7753.966
13302.785 6711.628
12528.910 6122.428
12951.368 7690.324
14002.010 7501.237
11906.108 6907.959
13988.345 8864.334
11795.259 6782.759
12601.765 8062.347
12977.593 7015.015
13313.577 7876.588
13646.743 7948.658
13845.502 8537.359
13940.979 8665.033
12878.388 7869.100
12984.707 8184.150
13381.531 7395.673
12701.885 6874.523
12054.068 6149.319
11685.486 7062.604
12959.370 7598.101
13672.847 7096.318
11258.552 7518.508
12706.130 7968.542
13483.725 7063.904
12159.746 6199.462
13599.720 7639.838
14023.480 7658.381
13307.170 8645.019
12088.543 6384.911
13743.105 8199.081
11289.678 8418.035
13013.482 6441.572
12724.740 6128.861
13549.077 8298.692
13689.366 8389.795
11876.395 7140.294
12731.552 6693.696
12006.240 6669.466
13569.042 8852.114
12228.073 6579.189
13412.382 6504.417
11893.212 8816.902
12737.238 7896.144
13458.524 7675.317
11484.048 6330.223
13863.183 7210.242
13404.796 8348.662
13042.717 7897.839
12792.821 7712.586
13246.914 6153.091
13060.689 8424.461
11743.465 6419.113
11538.073 6615.464
11789.265 7692.561
13866.216 6242.161
11459.786 8813.866
13115.908 7324.043
11483.898 6810.918
12673.237 8579.667
12957.661 6595.345
11716.900 8342.065
11712.129 8659.244
11338.642 8404.273
12723.502 7507.118
13538.436 7118.429
12332.646 6488.566
13188.757 6358.657
12609.845 8238.508
12462.704 8872.797
13320.681 6348.573
12267.598 6576.509
11402.543 6393.842
11584.302 8624.913
13695.633 6442.431
12485.520 8510.356
12998.106 7881.233
13389.516 8197.060
11332.867 6465.576
13087.793 6530.205
13945.760 7507.627
13331.773 6842.983
13564.755 6500.372
13025.384 6855.006
12654.668 7474.886
11443.468 8500.096
11850.107 7286.737
12713.155 7164.023
13370.245 8306.802
13428.439 6279.757
11989.560 6997.912
12622.392 8668.819
13873.210 8062.933
11793.751 7279.104
13521.455 6159.814
12460.363 6510.109
13904.276 8375.095
13079.913 7038.106
12650.578 6313.059
11824.805 7569.735
12812.193 6619.069
12919.633 6850.820
12231.908 8875.820
12314.415 6716.511
13249.362 7150.959
13116.224 6731.351
13124.349 6776.122
12924.041 8068.381
12620.963 7371.237
13381.906 7742.464
11653.160 7575.204
12583.937 8840.289
11675.290 8807.217
14008.959 7642.976
12525.796 7269.253
12440.198 6771.140
11342.568 7762.047
13516.008 6512.022
13176.471 7984.995
11553.201 7534.438
11968.848 6518.417
12442.334 8620.987
11972.926 8882.477
12040.723 6609.564
12383.363 6872.492
13001.689 6141.330
13640.935 6391.854
11831.156 7186.553
13137.217 8693.707
12520.538 6634.222
13316.756 7156.649
12429.586 7723.142
12309.977 8860.270
11854.595 6365.547
11655.651 8364.189
13550.853 6854.393
13839.581 8214.815
13188.940 6382.742
13413.292 7666.318
13679.586 6445.461
12139.876 6172.146
13997.695 8620.630
11342.328 8231.644
13686.626 6849.977
11953.761 6772.417
11420.634 6808.152
11317.474 6709.835
12842.184 7483.880
12884.663 6525.991
13119.027 8635.674
12893.574 8735.516
12267.318 8201.628
11401.349 6860.339
11261.130 6202.378
11884.551 8770.118
13685.408 6248.870
12054.111 7058.513
12106.960 8214.743
11401.239 6320.706
13327.316 8030.026
11571.995 7281.784
12583.564 7099.982
11796.354 6600.463
11491.599 8414.529
12798.011 7769.235
11917.373 6580.695
11535.961 8550.979
13184.615 7300.707
13580.798 8662.006
12132.299 8539.847
13412.166 6273.327
13704.386 6161.662
11914.542 7687.692
11726.704 6548.697
13838.806 8207.451
13139.663 6890.160
13958.876 6488.800
12449.231 7037.559
13068.202 7652.044
13880.120 7266.020
13815.131 7876.029
12317.147 6313.022
12180.049 8035.419
11978.353 8444.322
13808.966 7374.580
13822.956 8830.121
13325.870 8510.267
11743.050 7605.763
13371.555 6459.993
13225.737 7861.953
11668.672 7160.612
11892.629 6721.277
13972.971 6221.165
13810.238 8632.098
13366.841 6451.662
12742.183 8434.377
12746.560 7014.412
11358.451 6590.064
12177.686 6900.931
13478.184 7059.257
13106.190 6560.162
12280.870 8148.457
11256.182 7246.058
13591.843 6128.118
13588.173 7155.175
12542.905 6323.473
11574.877 6641.396
12882.935 7013.708
13933.765 8745.009
12543.882 7701.886
11471.962 7232.733
12780.858 6919.616
13343.567 8585.752
12891.457 6323.402
11775.077 8704.488
12230.394 7696.585
12566.147 6427.710
12451.538 6943.001
11851.374 8438.151
11995.670 6718.787
12434.444 6450.889
12933.709 8371.027
12616.491 8735.804
11658.545 8449.641
14018.841 7387.170
12516.834 6734.671
12138.280 7364.082
13807.949 7239.044
11481.434 7898.289
12432.993 7099.545
12311.800 8481.050
12410.758 6676.425
13447.775 7508.685
11594.667 6525.768
12417.829 8286.270
12531.498 7975.411
12806.104 7689.380
11882.492 7552.361
11479.496 8493.006
12006.077 6128.501
11357.365 8233.655
11503.764 7477.948
13343.906 6515.625
11885.484 7479.196
13555.145 7512.646
12116.554 8489.027
11556.069 6908.801
13130.604 6252.963
13180.372 6297.494
13958.887 8876.904
12450.724 6834.315
11828.295 7754.850
12951.570 7659.670
12449.523 8229.854
11957.457 8666.325
12585.645 8620.096
12747.069 6593.186
12977.666 7665.355
11775.600 6237.758
11542.637 7853.858
11927.044 8267.991
12684.104 8293.910
11285.729 7985.543
12732.544 8103.629
12019.470 6622.279
13626.854 8063.266
12521.107 6729.868
11924.652 8404.577
13778.662 8459.414
12285.967 7331.945
13936.961 8503.320
12928.487 8166.678
13607.337 6723.363
11958.854 7462.258
14022.202 7090.462
13699.695 6127.508
11497.778 8312.172
11903.720 6281.446
11299.233 6927.113
12858.612 6292.277
12208.317 7531.369
13529.453 7813.014
12879.774 7743.659
13779.051 8331.840
13556.255 7939.091
12235.145 6904.590
13437.999 8391.317
11620.701 8351.066
13264.541 6765.375
12510.468 6245.745
13747.846 8188.570
11754.709 6251.298
12202.480 6341.152
11829.201 7697.748
11943.915 8181.128
12847.077 7052.104
12329.472 6835.562
11395.459 7027.539
12012.950 8729.842
12822.014 8881.483
12857.235 6184.295
13786.670 7487.778
12802.954 6195.528
12178.722 7936.315
13789.055 7766.654
12786.183 6706.602
12400.436 6705.031
13464.404 7742.987
12405.826 8242.543
12573.928 6670.042
11564.508 6134.061
14013.596 6522.405
11552.033 7760.360
13702.432 8111.067
13248.201 7050.712
12738.955 7190.043
11937.058 7957.543
12165.063 6838.693
13909.658 8381.347
13688.296 7658.171
13158.679 8330.272
13540.810 7135.809
11348.657 8580.155
11496.767 8306.929
13691.717 6712.763
12086.222 7052.376
11869.701 7770.536
12452.803 6737.785
11327.044 6308.854
13426.081 6525.294
13268.663 6137.928
12040.837 6594.630
11545.140 8388.732
13697.959 8208.730
11523.706 7068.377
11702.846 8491.860
13113.737 8819.163
12873.270 6134.187
12567.351 6317.917
13600.976 7204.185
12919.551 7688.081
11741.628 8120.022
11609.427 8499.549
12613.299 7670.287
14005.112 6228.867
13712.624 7813.247
11514.830 7916.470
13073.256 8036.000
13422.614 7484.306
12473.691 7962.673
12223.531 7987.623
12296.471 6450.396
12199.494 6469.128
13173.634 6810.514
11576.924 7472.696
12403.798 8587.853
13323.276 8532.927
13645.296 6823.798
13718.087 7456.395
11298.346 8405.512
13173.499 7370.988
12212.555 8431.892
11993.397 6159.061
13416.450 7723.095
13309.701 6971.661
11341.028 8836.725
13321.227 8422.641
12809.296 6275.752
12455.330 6571.817
12482.406 6910.231
13728.710 6907.969
13751.392 7631.061
12276.407 6230.733
13630.353 8038.792
13682.818 8171.602
13853.252 7447.312
12775.767 7990.366
11279.768 6441.586
13840.611 7768.597
13147.667 7813.891
12623.801 6231.107
13587.432 6503.001
11293.199 7710.504
12251.023 7720.322
12152.389 7484.378
14012.061 7191.363
13047.874 8666.731
13881.752 7530.188
13576.171 6763.505
13710.263 6897.296
11313.636 6260.442
12874.932 8621.983
13930.917 7367.841
13266.513 7748.785
12904.385 8348.966
11351.410 7649.675
13163.746 7477.256
12033.624 6907.816
12202.334 6469.361
12285.275 6305.641
12499.926 6537.257
13170.960 7750.544
12209.228 6911.548
13601.890 8067.562
13097.559 8795.705
12436.544 7415.006
13590.806 6454.257
11623.623 8872.672
13456.927 7992.380
11476.052 8237.853
12191.853 7146.810
13973.596 8889.655
11362.291 6134.387
12815.103 6886.356
13628.487 8389.856
11841.337 6586.437
13072.085 6653.267
12455.918 8038.659
13585.669 6424.553
11440.513 6204.510
13082.295 8553.505
12132.656 8349.061
12730.396 7082.694
12509.729 8365.701
13772.100 7330.315
11570.611 8312.631
11745.082 8569.099
12664.615 8607.943
13535.399 6373.297
11807.746 7941.155
11982.438 8514.842
13883.707 8113.397
12596.565 8517.277
12920.864 8472.605
12156.387 7936.513
11418.088 6836.081
13271.342 6561.396
13453.106 7405.676
11499.872 6217.433
12671.151 6577.786
13936.092 7179.596
12708.832 6837.845
12951.664 6333.471
12427.760 7729.589
13490.635 6337.418
12535.057 7423.666
11963.329 6542.531
12444.089 6294.784
11781.669 6478.150
13651.275 6522.394
13226.294 7066.448
11798.827 6198.217
12399.380 8583.296
12980.533 7293.243
13376.121 8493.155
13536.486 6577.856
13516.022 7500.593
12537.734 8345.826
12868.032 8543.288
13029.604 8106.001
13138.309 7644.781
13030.270 7815.760
12284.569 6359.762
11443.782 8748.566
13293.926 7387.334
12620.010 6468.630
11557.878 8223.118
13834.627 6463.852
12823.112 6556.970
13415.650 6437.479
12963.335 8497.603
13090.134 7666.398
12625.783 8420.449
11433.485 7456.899
13649.735 7794.480
11649.311 8165.228
12902.165 8520.329
11279.583 7565.529
12582.163 8288.798
11639.174 7082.033
12790.424 8716.153
12586.954 6332.556
12626.919 8125.213
13789.323 6269.341
12852.681 6465.417
12757.671 8540.636
11985.909 8205.218
13054.412 8700.188
11269.379 7250.741
11371.257 7647.049
13022.771 6693.356
13539.160 8516.950
12743.932 8793.073
11656.539 7169.013
11618.880 6254.455
14008.985 8189.821
11709.000 8122.375
12694.759 6782.234
13636.715 6823.177
13887.517 7164.927
11907.582 7255.049
13546.804 6140.279
13322.320 8517.949
11917.821 6511.846
11863.562 8596.395
13772.234 7399.672
11414.585 6999.606
11455.279 7525.304
12771.228 8505.194
11867.946 7190.413
12401.866 6778.576
13928.236 6283.266
12230.334 7936.974
12258.203 8223.907
11535.874 6576.173
12006.926 6173.473
13692.466 6527.560
11365.212 6205.819
12702.531 6491.029
13267.677 8101.869
11674.301 6537.663
11771.485 6518.779
13827.077 6302.242
12796.782 8747.314
12273.912 6366.192
13640.361 6270.217
11396.425 7156.755
13544.344 7207.484
13900.083 6328.979
13092.997 7236.352
11866.481 6809.510
11330.581 6498.199
11656.363 8414.546
13742.991 7945.298
13830.383 7327.473
13180.134 8889.530
13585.031 8464.009
12833.537 6116.756
12257.048 8298.607
12619.613 6924.248
12540.932 8878.279
13495.506 7874.907
13546.824 6777.361
13927.716 6444.328
13194.867 7717.878
11633.944 6333.886
12984.461 8144.263
12931.977 6312.019
11909.048 8332.568
12999.981 7970.575
12170.444 8414.388
13861.079 7442.647
12047.852 8799.490
11983.865 7725.639
13924.048 7381.974
13210.207 6524.209
13060.828 6162.623
13504.155 8342.904
13550.601 8199.678
13742.855 7235.872
11421.686 7945.252
13585.077 8409.079
12229.004 6907.970
11986.117 7308.681
11261.885 7446.863
13282.895 7186.277
12455.134 7559.264
13849.824 7194.033
12498.445 7064.788
13280.487 8303.437
13111.455 7092.039
12140.258 6897.448
13267.071 7069.379
11937.819 8485.898
12177.059 8458.844
11431.798 6808.197
12709.740 6633.313
13363.196 6356.683
12726.631 7239.094
12405.120 7560.624
13512.029 8408.557
13669.823 6227.807
13413.220 7176.688
12384.104 8685.465
11897.957 7091.092
12545.839 8684.886
12936.061 7144.409
11879.148 8807.185
12864.423 8563.992
12278.379 8746.574
13325.519 6190.892
13201.932 8511.011
13790.934 8499.581
13199.919 8719.125
12266.616 6717.279
13375.491 7245.027
11403.435 7216.303
11807.955 7839.805
13009.255 7891.993
13189.112 7318.647
13620.855 7066.382
12707.854 6812.219
12321.066 6132.336
12198.470 7500.720
11896.849 8018.967
11998.409 8878.977
12991.720 7729.394
11986.195 8129.311
11833.372 7911.882
11295.859 8813.589
12428.169 7457.034
12413.113 7593.053
11905.029 6386.867
13565.895 7698.437
12663.005 7859.027
13289.556 6888.029
11918.931 7606.944
11381.070 6344.537
13456.559 6482.474
11850.500 8163.839
13793.848 7767.744
13762.510 7431.190
11333.814 6162.919
12887.218 8797.649
11533.220 8047.964
12295.199 8482.726
13805.292 6307.717
12038.881 6795.071
11401.053 7881.555
12205.061 6146.138
12164.090 8851.348
12739.590 7658.258
13229.787 7351.665
13040.717 7673.117
13303.130 8714.415
12754.658 8066.155
12612.207 6417.423
12205.783 6183.113
12441.792 7299.844
13579.159 7019.249
12802.757 7459.461
12166.782 7282.930
13178.412 7743.507
11829.169 6320.101
12204.673 6543.997
12229.098 7551.432
11890.394 6495.782
12690.054 6356.797
11617.015 6465.340
13902.706 6691.334
13337.734 8399.845
12365.287 8399.071
12630.453 7532.164
13873.357 8775.511
12094.777 8009.655
12396.473 7441.073
12388.232 7443.890
12880.362 6823.274
11722.373 8302.599
13494.471 6904.961
11396.527 6138.502
13803.383 7625.168
11788.512 6790.964
11332.882 7473.010
13707.644 7860.172
11984.675 6457.361
13746.507 8533.204
13474.037 7694.382
12179.811 7076.487
13429.146 8056.862
13245.279 6934.618
11520.008 6410.803
13381.799 6586.743
12579.758 6942.484
13732.227 6489.502
12996.906 7889.694
11404.719 7133.115
12008.741 7442.612
12009.807 8833.595
11392.097 7717.398
12296.220 7011.093
12753.745 8887.206
12038.529 7336.708
12294.938 8376.224
13924.856 8821.969
13118.217 6544.577
13646.672 7065.531
11646.275 8384.473
13109.064 6496.032
13816.752 8674.417
11579.550 7764.800
13811.632 8637.784
12571.898 6592.568
13570.506 7766.815
14010.677 6450.505
11702.137 6809.119
13399.859 6497.293
13397.372 6282.667
12697.773 7756.155
13638.063 6163.550
12875.582 6339.722
11570.628 7189.653
13729.826 8525.423
12646.146 6118.664
13289.257 7255.831
13101.012 8732.702
13524.224 7818.761
12120.756 6622.581
14010.829 7826.438
13757.016 7558.771
12424.784 7511.385
11935.122 7663.404
11971.706 6504.683
14019.680 7541.345
13052.317 8755.865
12267.409 7935.029
12155.472 7550.757
13341.552 8666.725
12255.915 6584.717
13698.664 6541.909
13929.630 8299.171
12638.909 8382.927
13642.086 7840.636
13358.749 6496.313
12955.089 8677.631
12932.726 7706.044
12918.146 7678.178
13115.804 7935.689
13103.301 6117.487
12854.561 6790.931
11475.055 8859.379
11855.504 7036.547
13654.642 7883.609
12023.569 8172.626
12695.735 7877.105
12495.036 7773.270
12487.806 6225.733
12750.958 7316.501
12529.748 6317.669
11918.981 7584.480
11896.342 8476.679
11413.893 6493.744
12101.186 7363.769
13976.668 7064.875
11455.322 7308.837
12092.834 8472.661
11426.882 7686.318
11842.335 6482.313
13546.632 8696.852
11408.398 6372.820
13829.934 6483.258
11448.576 8863.267
13439.213 6202.963
13120.099 8466.749
11796.057 6545.518
12846.943 8199.974
12116.952 8241.443
13124.752 7926.771
13393.523 8559.954
11863.537 6388.211
11267.332 6203.912
12928.598 8426.831
13423.214 8629.363
11648.400 8360.843
12981.230 6734.884
11955.921 7127.106
13685.466 7028.146
11600.898 8241.970
13809.191 6423.769
13852.330 6838.299
11350.224 6227.176
13403.367 7203.646
12196.806 7857.802
13613.298 6457.286
12979.733 8618.560
12664.078 7222.379
13413.504 7954.510
13946.888 7709.118
12690.611 8643.224
11536.833 6223.910
11339.883 8377.769
11343.870 7197.484
12708.317 8413.215
12946.778 8202.746
12429.488 8824.588
11529.400 7757.654
11532.564 7702.444
12135.148 8301.425
12305.540 6480.145
11979.871 6365.838
11692.679 6854.971
12925.896 6193.082
13247.344 6777.883
12943.537 7697.434
13970.841 8796.399
14015.977 8491.195
11519.567 6899.874
11738.849 7112.388
13295.448 7118.237
11584.143 7308.464
13718.086 6730.925
12318.782 6201.512
12021.557 6358.685
13871.802 7579.538
13018.885 8398.105
11536.819 6918.916
11819.246 7844.816
13391.676 7005.449
12210.972 6749.847
13187.161 8068.766
13120.898 6217.931
13211.160 6555.430
13293.259 8573.716
11857.580 7024.754
12075.544 8460.900
12177.677 6249.825
13606.014 8623.089
12870.837 7517.410
12107.058 6285.864
13638.835 7293.057
11640.206 8339.299
12452.400 7000.453
14018.355 8707.993
11327.050 8128.459
12405.799 6946.854
13468.248 8584.065
13805.956 8503.384
13962.399 7083.673
12234.731 8886.833
11490.376 8567.917
13808.935 7317.975
13256.420 6310.737
13308.972 6799.517
11466.678 7399.466
12208.958 7629.288
13067.661 7685.073
11943.711 8031.444
12040.835 7644.769
12350.427 7931.439
11813.828 7587.681
13639.844 7239.053
13161.689 6118.572
12767.316 6936.900
11672.157 7267.019
12137.957 6243.020
13545.591 7841.371
12256.219 7791.288
11478.059 7412.906
12087.815 8781.997
14016.426 6425.417
13228.814 6725.469
13621.418 8358.812
13129.295 7961.157
12971.557 6682.419
12484.243 7371.493
14007.540 7660.763
13181.773 6401.728
13667.970 8643.730
13942.469 7617.185
12228.103 6445.829
13653.453 6364.958
12699.579 6742.166
12482.981 6399.393
11600.060 7582.320
11903.897 8402.969
12613.750 8108.431
11535.672 8654.668
11862.473 6513.500
12622.250 8884.677
12986.935 7213.604
11659.431 8057.829
12015.655 8744.410
13540.608 6431.631
13105.382 8224.856
11567.728 8616.221
11680.888 7322.408
11282.936 7624.758
11553.822 8054.725
12848.220 6819.567
13559.047 6721.659
12373.882 8106.256
12431.883 7104.481
12403.884 7379.316
12044.894 7641.699
13473.280 8119.004
12857.862 8735.277
11670.887 7670.068
13827.734 8753.825
12045.955 7103.662
11291.272 6432.384
13851.005 6890.032
12386.770 6418.026
11783.619 8527.015
12487.077 6360.564
12810.082 8226.277
11300.202 6431.553
11812.440 8593.463
13004.382 8408.570
13182.446 8402.162
11924.008 7633.776
11282.789 7615.188
11657.678 7061.834
12799.497 7064.042
12043.401 8683.585
13230.913 6200.221
11466.800 6233.997
12982.555 7000.790
13163.318 8867.305
13465.476 6296.172
12409.760 6999.952
13711.795 7922.660
12779.154 6446.305
14000.651 7996.065
13739.210 8630.443
11981.039 8053.336
11826.118 6203.691
12293.288 7946.916
12408.743 8440.549
13107.911 8268.573
12025.403 6826.566
13877.889 7809.006
13878.246 8493.168
13787.170 6346.304
13760.680 7131.981
12883.786 7189.481
11675.524 6848.633
12515.312 8517.951
12957.623 7901.422
13229.256 8642.020
12934.534 8364.484
12865.874 6316.379
11794.816 6225.321
11547.078 6348.531
13866.026 6602.754
12624.627 7273.760
12971.999 6680.653
12432.449 6746.697
11857.540 8148.870
11306.019 6240.351
11442.562 7210.786
12941.692 6748.301
13650.273 7255.485
14024.586 7665.290
11514.543 6201.380
12551.307 7193.547
12709.289 8448.738
12480.326 7076.671
13448.831 7976.658
13242.502 7293.826
11355.279 6560.586
12081.847 6823.114
12013.986 7144.235
11486.518 6213.090
13894.609 7172.262
12085.457 8804.504
12466.541 6363.946
12413.678 6152.335
13065.042 7900.099
13434.731 6411.429
12024.871 6650.128
13308.928 6378.727
11622.455 8509.693
13242.663 7394.442
13197.939 8341.438
11590.516 7955.235
12456.773 8634.280
13212.802 7679.289
12828.198 7422.591
12750.884 7343.045
13012.391 6589.833
13876.114 7283.692
11259.065 6864.418
12354.171 7226.745
13966.266 8021.473
12683.662 6427.623
12316.259 7503.243
11497.857 8001.766
12741.764 7168.788
12535.864 6450.822
12312.860 6280.993
11550.893 7590.307
11261.933 6673.465
13481.025 8019.517
13323.825 6211.453
12928.584 7799.707
11686.283 7369.101
11376.163 7945.472
13385.329 6800.538
12382.125 8106.609
12266.450 7829.716
13949.272 8166.902
13164.506 6712.182
12117.414 8613.057
11927.287 6531.456
12911.800 8438.596
12832.777 6575.079
12014.057 8379.197
12379.017 6611.930
12649.635 8114.444
11445.594 8823.167
11600.750 8053.309
14017.162 8198.004
11299.065 7107.090
11464.573 8222.209
12470.196 7765.506
12839.754 7669.088
12048.815 7636.548
12164.683 8772.391
12292.099 6912.809
12497.640 6212.577
13737.476 6983.967
11925.128 6475.622
12768.713 6422.137
13788.901 8433.023
13737.261 6674.973
13850.225 6351.413
13773.461 7969.384
13805.504 6737.019
12747.333 8842.877
12185.477 6761.338
12827.276 6285.400
13091.816 8583.821
13554.399 6576.224
11985.179 6541.182
12797.363 7424.718
13535.523 7390.286
13606.207 7419.961
11902.417 7234.114
13965.675 7195.502
13637.554 7324.790
13492.501 6895.252
11981.408 7198.603
11784.825 7030.548
11609.806 7647.097
13599.464 6321.420
11826.554 8804.419
12306.798 8004.526
13582.011 7232.595
12415.492 6371.704
11309.993 7561.500
12763.702 8109.564
13744.532 7965.819
12507.904 6959.773
13791.160 8769.936
13719.386 6199.637
13837.615 6366.568
11407.071 6213.068
11800.158 8167.643
13382.440 6616.576
13924.521 6178.515
11794.694 7584.159
11911.287 6502.783
13664.167 8121.359
12301.577 6249.508
13792.695 6298.114
11415.127 6629.436
12847.248 7050.340
13349.704 7787.070
13684.610 7805.190
13187.513 7431.261
11795.553 8259.122
11783.801 6516.653
13160.608 8549.510
13055.770 6130.036
13057.920 7478.177
13071.730 7397.374
12109.993 6880.906
13971.333 8284.701
11560.774 7196.407
11836.427 7529.147
12069.248 6890.334
12053.913 7684.304
11298.776 8194.965
12838.156 7467.149
13741.845 6128.780
12197.522 7835.123
12903.933 7171.937
13689.411 7308.044
11563.636 8133.846
13802.529 6259.170
13469.673 8100.678
13760.451 7493.214
11411.054 8682.857
12422.490 6573.201
11882.260 7226.438
13808.387 6236.982
11391.311 7786.206
13638.907 8347.138
11991.899 6413.956
12797.846 7984.914
12659.359 8513.616
11261.847 7428.728
13856.337 7487.987
11257.898 8106.405
13597.822 7054.773
13053.956 7339.532
13852.890 8762.307
13388.500 8185.095
11366.943 7940.703
11456.417 8044.114
12830.114 7753.758
12874.316 8348.840
12830.255 6184.827
12634.595 7532.484
12495.608 8869.316
12633.371 8041.850
11824.777 7110.822
13992.265 6228.180
13870.357 6720.332
11439.240 8234.417
12785.781 6756.727
13684.453 6925.667
12027.930 6919.525
12955.669 7515.382
13448.615 7157.290
12625.743 6677.561
12858.598 7214.109
13242.692 8259.425
11265.361 7035.445
11858.035 8146.953
14001.118 7781.723
13594.357 7218.721
11674.109 8811.294
13057.701 8383.992
12828.418 7291.839
12200.940 7591.444
11447.954 6238.077
12006.518 7145.809
13011.520 6639.402
12466.410 7982.533
11276.214 8061.646
12728.716 8614.709
13082.577 7626.218
13303.225 7843.626
13853.014 7037.549
13198.352 8439.627
11324.290 6704.408
13586.584 7012.855
12447.855 8643.367
11733.643 6565.751
11379.291 6929.236
13062.499 6966.698
13792.378 8596.133
13867.534 8723.966
11960.318 8674.060
13384.628 8713.557
12652.745 6700.764
12721.948 7345.278
13417.376 7719.825
11356.341 6595.367
12133.314 7479.920
13004.157 8784.160
12470.410 6212.548
12888.191 6817.082
12576.646 6161.610
13826.618 8192.398
13162.927 8082.137
13373.616 7607.039
13929.085 7553.567
13999.423 8380.168
12816.780 8733.454
13319.187 7452.599
12742.891 7115.555
13522.934 7297.346
12549.559 7535.341
11315.647 7178.993
12476.041 8586.354
11539.228 7420.317
12361.359 8695.469
13630.130 7460.117
11799.959 6203.922
13235.223 6338.080
11916.089 6348.615
12505.984 7380.404
11568.677 8478.472
13277.424 8450.157
13894.714 8353.318
12771.412 6229.452
11559.721 8742.069
13050.231 6380.672
13653.263 6542.664
13939.859 8654.002
13935.998 8149.063
13154.738 6482.285
13541.764 7509.403
13281.950 8398.414
11776.806 6133.382
12459.002 7484.446
11695.438 8395.466
11842.501 7243.105
13163.753 7684.282
13741.176 7290.108
11909.035 6472.558
11737.599 7865.567
12650.380 6746.156
12844.266 8258.129
12305.946 8432.753
11659.413 6391.673
12906.042 8484.082
12837.483 7994.275
13531.955 7932.640
11573.883 8296.796
13106.482 8267.581
13903.502 8874.155
12100.946 8442.080
12794.828 6977.574
13231.369 6474.682
12833.148 8294.888
13781.496 6644.707
11344.063 7650.703
11799.441 8066.729
12964.492 6204.843
13872.141 7197.920
12206.924 7889.000
13929.776 6407.453
13942.194 6393.748
13875.991 8597.117
11499.254 7592.623
12772.005 8206.745
12202.167 6616.098
11403.787 7833.674
12390.961 6418.781
11745.723 8227.266
11955.203 7693.018
13843.141 6230.273
14015.340 6630.097
11682.904 7622.499
12901.451 7651.682
12757.651 8386.559
13947.068 7228.724
12593.194 6308.164
11978.074 7753.205
11878.697 8391.709
13869.176 7433.138
11818.517 7649.868
11466.665 7557.809
12396.490 7044.829
11275.324 6776.062
13142.848 8140.854
13117.679 6536.661
13873.057 6542.541
13731.591 6715.433
14010.354 6573.290
13958.682 6431.638
12334.024 8582.655
12244.250 8230.435
13521.072 8871.983
12319.960 7729.028
11900.813 8871.569
13923.431 7482.017
12357.183 6268.114
13050.487 7020.815
13602.598 8482.344
13779.202 7454.910
13112.296 8201.315
12428.981 7536.163
13533.280 7922.934
13740.850 8262.449
11374.900 7654.153
13613.151 8400.347
12445.153 7321.173
13453.458 6624.312
11703.749 7213.331
13577.789 7549.800
13296.975 8855.785
11364.002 7668.350
12906.873 7317.997
11256.415 7251.154
13951.901 6282.782
12040.489 6822.738
12959.157 8488.776
11713.885 8719.137
13624.380 8375.559
13883.003 6680.509
13754.020 6361.044
13213.440 6909.164
13853.522 7804.941
13095.741 8737.837
11760.178 7151.807
11956.468 8135.517
11959.641 7157.398
13917.463 8505.409
13298.389 7941.698
11682.449 6597.441
13120.866 7624.195
12940.523 8048.442
13497.312 7117.004
11809.183 8128.751
12693.692 8508.501
14001.641 8010.167
11972.658 7032.008
11446.844 7295.577
12716.844 7598.819
11302.681 7267.498
11429.574 8385.215
11840.249 7794.610
11581.630 7860.183
11337.654 7978.607
12004.814 8216.318
13709.871 7579.979
13432.359 8464.147
13157.098 7723.227
13073.288 8233.124
13826.828 7031.991
12897.649 8366.916
12912.644 8714.942
12992.113 8273.539
11754.042 8156.639
12138.169 8026.647
12602.511 6739.387
13557.746 6885.559
11436.485 7132.754
12751.521 8243.673
13250.260 6805.459
13005.525 6516.741
12549.682 8315.192
13547.153 7451.536
11844.249 6799.571
12574.656 7042.118
11463.572 7651.977
12436.819 8446.035
13301.382 6759.930
13714.097 8600.025
13185.785 6236.711
11681.337 8658.370
12251.619 8701.057
13310.035 7924.922
12640.970 7556.268
11863.636 6968.868
12685.209 6204.818
12141.409 8415.364
12421.631 7542.559
11544.175 8636.664
12732.570 8316.531
12322.507 6974.797
12639.596 6356.783
13591.714 7891.330
12438.256 6293.223
13229.836 6350.620
13793.131 6349.545
12061.384 7854.662
12263.031 8514.765
13799.437 6822.636
11889.769 8519.768
13487.593 7147.925
12556.935 8321.548
12179.945 8400.186
11924.903 8363.907
13101.880 8076.573
12712.807 6517.282
12142.100 8499.905
11414.699 8392.741
13345.136 8243.429
12920.367 6695.717
13675.376 7732.384
11796.933 7632.545
11828.918 7628.119
12658.957 6739.760
13009.512 7212.462
13670.387 6313.548
11579.130 7320.964
13510.053 7165.132
12271.899 6564.825
11390.307 7017.156
13615.067 8744.621
13355.744 6377.349
11450.779 6576.277
13536.931 7805.944
13106.572 7774.747
12667.748 7514.705
12806.851 7394.734
13612.512 6592.225
11835.755 8304.765
11449.217 8844.813
11337.164 6418.165
12931.223 7027.942
12125.340 7078.363
12109.038 6196.258
11592.213 6784.516
13013.712 8135.576
12406.728 6736.345
12603.525 7398.168
12891.578 6222.458
12814.992 6839.723
12143.450 8743.469
13148.634 7118.714
12007.868 6975.689
12909.159 7061.575
13886.820 7316.680
12656.969 7974.855
11493.513 6458.654
12631.262 8411.214
12031.498 7750.907
13042.206 6728.711
11771.774 8827.379
11263.355 7421.327
12004.715 6931.586
13716.078 7895.808
12992.738 6431.551
13139.781 6417.991
12341.658 7462.216
12479.350 8195.813
13784.399 7895.866
13644.715 8376.476
13410.805 6484.230
12263.140 7599.756
12231.018 6231.371
11517.093 6293.291
12763.378 6930.783
11836.677 7564.683
12505.905 7270.467
12905.899 6729.859
12791.111 6792.740
13313.368 7871.745
12587.527 8532.872
11523.323 7512.415
12703.818 7465.134
13706.456 8503.580
13594.416 8320.906
13358.068 7348.475
11662.859 8447.950
12352.549 6165.895
12699.669 6375.447
14014.133 8047.889
11973.220 7228.821
12514.354 8285.630
12066.046 6672.362
13530.854 7041.730
13783.578 8648.919
13416.929 6912.001
13658.943 8105.366
11916.899 6293.461
13542.307 6464.651
13774.490 8269.944
13065.176 6891.946
13283.729 7738.996
11277.987 7415.425
12552.755 7237.916
12200.309 8077.165
12386.502 7104.179
13539.087 6247.107
11520.203 7751.091
12493.146 7999.514
13419.153 6880.496
12882.811 6534.491
12120.389 8208.718
12037.205 8157.683
13372.391 8218.509
12599.203 7077.254
12884.065 7843.518
12874.303 7000.585
12162.414 7779.308
13570.254 7464.080
12749.364 7466.650
12155.012 6850.643
12019.595 8670.455
12213.614 7559.437
13075.720 7349.912
13625.245 8839.928
12177.176 7824.621
13026.252 8020.991
11727.897 6863.299
12343.073 7265.634
13862.695 7024.764
13564.508 6875.950
13883.363 7732.409
13799.586 8318.727
12646.860 7633.837
11687.384 8885.143
12243.214 8823.203
11373.258 6481.208
13154.251 6472.905
13526.347 8241.125
13338.631 7609.442
13740.486 8451.154
12615.899 8251.191
11817.118 8889.546
12782.368 8121.818
13644.907 7065.112
11638.688 6323.376
13251.218 8393.014
13019.294 8817.434
12523.638 7746.782
12331.936 6609.545
11626.697 6431.117
11569.709 7619.514
12521.090 8255.493
13189.677 6379.531
11654.976 6292.648
12092.012 8221.631
11751.736 6592.537
13175.217 7505.859
11881.647 7009.655
12532.621 6950.769
12101.367 8232.609
11280.387 8324.139
13877.599 6261.105
11916.084 8751.205
13329.817 8846.363
12072.048 8106.884
12018.253 6318.591
11353.701 6472.816
11676.509 8325.811
13503.351 6726.946
12385.229 7355.867
11938.602 6851.338
12852.822 7576.233
13343.988 7621.680
12491.214 6282.010
13054.929 8165.176
12018.791 7172.082
12323.310 7173.815
11409.206 6488.925
13785.064 7476.585
12687.313 8222.967
12956.078 7049.438
13663.523 8657.142
11995.289 6472.083
13980.432 6643.525
12497.033 7439.708
12885.324 8307.520
11941.538 7710.168
11512.970 6468.610
13520.252 6820.650
12306.659 6293.512
13371.599 8271.548
12775.865 6416.194
12241.074 7336.098
12660.107 6940.309
13237.892 8223.962
11838.496 8589.466
11668.161 7318.754
12709.129 7047.618
12918.502 7854.799
14018.155 8722.667
13624.638 7470.829
12498.287 7574.391
13801.646 7070.562
13773.354 6809.822
13629.428 8428.067
11565.684 8356.025
11966.750 7843.223
11815.057 8652.916
11466.918 8168.203
13560.099 8523.059
12846.129 7502.681
13120.691 7482.766
11367.648 6741.202
11319.479 6551.864
12816.221 8312.434
12678.391 7661.562
13789.914 6552.493
11412.354 6696.725
11465.174 6548.877
13434.447 7087.733
13656.189 6183.977
13362.057 8170.351
14019.623 6253.905
12501.135 8829.979
12787.525 7285.177
12364.487 6123.664
13306.563 7787.395
12403.660 6363.139
12215.898 8375.163
12588.160 8180.644
11552.568 7645.575
12849.424 6128.933
11379.656 8183.149
12233.268 7778.927
12972.726 8550.889
13770.612 8589.945
12847.092 7562.380
11370.140 8284.832
12209.778 6860.808
11870.633 7256.572
13737.272 8144.985
12921.353 7042.274
11640.341 6933.101
13475.524 6114.698
12352.004 8304.697
11824.895 8684.009
11726.457 6666.150
11795.840 7184.122
12592.146 6591.374
12523.626 7341.424
13949.304 7834.835
12149.524 7765.395
13036.605 8658.689
11638.632 7015.018
11377.996 6815.466
11816.898 6503.187
13725.590 8521.421
11261.933 6279.987
12899.716 7008.667
13445.787 6467.749
12680.251 6617.053
12085.043 7883.624
12096.397 8132.559
12809.098 7281.024
11693.796 8605.360
12840.604 8841.045
11824.431 8783.032
11922.952 6923.434
13941.726 6502.479
11626.487 7364.258
13577.872 7187.879
13483.867 7879.391
11256.844 6311.934
11944.321 7334.996
12939.612 8646.077
11658.658 8367.423
11724.654 7882.747
11721.564 8461.121
11416.695 6186.141
11550.434 7479.257
13577.903 6557.053
12331.741 6650.598
11507.985 6591.555
12922.754 6239.714
14000.935 7528.165
12747.770 7613.965
12767.355 8284.984
11455.497 6649.475
12846.243 6248.241
13352.213 8782.218
12219.526 8627.600
13276.882 7692.939
12489.357 6450.361
12143.307 7415.575
12930.937 7797.798
11896.714 8747.135
11652.755 7651.989
12895.426 8860.869
13256.351 7576.281
13730.663 7162.496
13301.382 7286.918
12470.290 8195.375
12202.543 7413.999
13356.589 6909.910
12400.280 7882.973
12318.992 8808.393
12679.994 6732.303
12766.952 7808.748
13751.919 6647.578
11844.892 7784.946
11635.768 8012.871
13596.661 6554.716
13536.362 7649.228
13074.267 7226.378
13135.092 6356.947
11821.286 6985.769
13900.736 8461.281
13590.662 8148.138
13955.836 6210.343
12858.667 6560.199
12666.495 8701.555
11635.344 8263.068
13856.858 6245.213
13907.923 7719.626
12693.778 8568.350
11659.397 8342.667
12139.504 7114.130
13554.641 7601.977
13723.047 7005.884
12420.953 7133.989
11364.407 8568.258
13744.424 7972.260
12387.466 7449.302
13694.911 7984.679
12331.445 8245.181
11265.031 8301.014
12596.670 7400.287
13308.869 8431.052
12576.562 7754.757
13153.063 7396.384
13828.297 7962.644
13254.266 7922.586
12934.379 6623.129
12897.874 8362.278
12248.001 7324.324
13479.916 7120.476
11736.301 8127.113
12504.262 6817.100
14024.466 6457.446
13116.178 8534.709
11875.092 6502.117
13994.898 6461.788
13542.622 8798.829
11720.758 8189.877
11519.222 7083.862
12748.365 7602.032
13293.509 8586.878
13535.432 8543.369
13456.075 8126.657
11728.260 7659.315
11341.875 6143.386
12134.829 7765.286
13514.486 7089.356
13985.042 8567.443
11361.582 7692.383
13917.489 7342.382
11714.820 7115.561
13955.554 7576.088
13201.492 6448.052
13704.673 7066.046
13961.041 8319.886
11742.364 6619.416
13174.242 6596.943
13014.254 8322.821
11364.162 7299.472
12695.298 6527.969
11711.827 6627.193
12692.113 8542.453
13106.965 7570.466
13014.610 6815.070
11413.595 7582.068
12631.743 6820.982
13347.272 7441.585
12151.681 7759.725
13728.469 8174.457
14026.497 8863.840
13870.629 6807.869
13278.846 8616.609
12905.494 8437.046
11443.503 7556.838
12837.367 7577.174
11816.142 8289.803
12085.515 7333.125
11503.357 8241.063
12562.733 8536.697
11715.926 7812.326
13268.174 6650.884
12654.517 8268.491
11479.995 7666.239
13627.174 8736.110
13758.132 8146.670
12566.133 6603.195
12682.414 8682.006
12217.139 7868.374
12531.938 7766.603
12034.166 6984.146
11946.876 6615.688
12115.037 7733.962
13017.769 7127.081
12614.735 7137.380
11333.325 7910.515
12666.517 6840.639
11908.156 8315.625
13184.494 8024.591
12045.332 7263.701
13617.181 6966.957
12564.559 7518.737
13876.838 8755.799
12978.833 8473.236
12881.179 8783.266
13982.859 8118.741
12073.902 7647.617
13062.639 6741.448
12936.401 8535.565
11278.851 7002.074
13891.384 7220.930
11973.363 7082.005
12871.993 8678.786
13551.200 6955.687
13699.740 6908.521
12595.174 7082.041
13590.838 8788.008
12825.503 6425.839
12557.509 6771.440
13208.175 8803.655
13135.625 7920.272
13161.536 6982.784
12815.946 8278.949
13106.002 6145.533
11981.333 6232.140
12340.978 8534.892
12340.767 8047.977
12165.202 6292.571
12447.544 7758.860
12072.549 7113.153
11436.171 6834.008
11626.591 6991.888
13582.293 7759.101
13750.280 8724.188
13507.584 7893.453
12640.213 7247.317
12600.477 8601.017
11977.347 6324.777
13489.175 7868.557
13408.078 6885.724
11482.331 7515.057
14017.701 7066.369
11460.328 8392.397
11486.508 6826.836
12717.011 6624.202
11841.153 6980.817
12468.759 8482.620
12026.739 8798.656
12201.975 7916.327
13593.392 8137.250
12212.947 8046.289
13612.636 7643.568
13800.165 6813.827
13371.307 8149.307
13728.544 6299.005
13779.984 6393.584
13227.581 6702.863
11432.026 7371.125
11625.047 6389.428
12050.690 7467.895
13630.889 6149.879
11949.834 6977.430
13862.098 6464.490
12321.876 6981.370
13484.114 8437.529
12716.559 6125.413
12302.422 8255.726
12291.144 7016.350
13078.903 7631.053
12451.254 6986.188
13844.915 7134.448
11282.347 6171.284
11510.101 6170.018
11486.423 6347.890
12664.101 7594.768
12010.344 6473.473
12760.401 6780.244
11258.974 8337.364
13863.369 7102.111
11524.009 6980.981
11777.765 8581.534
12242.103 8698.923
12606.933 8840.582
13171.648 8753.880
13744.097 7843.994
13829.624 7208.160
13333.882 8273.876
12068.354 8058.819
13921.087 6844.053
11299.904 6772.216
11557.974 8534.259
13429.716 8583.587
12479.701 6968.145
11510.045 6913.222
13349.134 7126.386
11706.353 6670.768
12032.313 6143.772
11929.266 7826.724
12150.573 8642.445
13061.706 8409.373
13148.793 8650.104
13289.959 7491.573
11712.069 7228.711
13430.044 6428.086
13974.470 8676.088
12068.840 8345.752
12270.102 8588.461
13769.623 7925.956
11942.171 8666.306
12389.455 7178.216
13888.298 7011.557
11365.610 8476.460
13619.831 8682.391
11427.096 7938.876
13122.595 8450.358
13935.563 7884.954
11460.545 8022.786
12841.881 8214.903
12679.649 6601.794
11754.059 7510.726
11891.411 6555.783
11415.062 6814.818
11496.202 7982.409
13264.337 8309.892
11999.865 6969.666
11688.937 8392.528
13716.682 8038.349
11846.667 6467.478
13543.293 7271.313
13104.517 6372.741
13959.538 7402.677
12306.619 7541.053
12160.458 8123.116
12865.197 6972.676
12026.439 7631.572
11692.677 8443.288
12115.916 6567.395
12880.609 8808.483
11960.852 7063.511
13941.925 8275.415
13338.702 6149.655
12082.075 6877.275
13550.167 7272.647
12892.734 8755.869
12143.385 7885.344
12766.694 7869.612
13783.967 8259.494
11736.368 8103.631
11314.493 6550.454
12438.554 7511.812
11504.537 6327.774
13769.448 7054.949
12185.239 7965.572
12075.398 6448.387
12038.548 7685.492
13149.881 8833.357
13823.269 6529.865
13743.001 6776.519
11992.420 8566.935
13199.602 7917.726
13849.830 7025.513
12714.640 7098.972
11640.311 7767.535
11554.965 8650.445
13482.333 6441.040
12792.385 6971.266
11463.612 7030.820
12116.300 6187.883
12897.409 7999.089
11719.792 6894.036
13729.777 8422.475
12013.480 6393.085
11952.842 7520.723
12617.967 7599.544
13622.362 7325.376
11552.265 7698.943
11642.824 7065.767
13274.448 7941.330
12465.606 8552.282
11964.964 6491.151
12729.896 8832.025
12589.004 7298.254
12991.222 6697.419
13703.235 8086.022
11501.902 6395.169
12231.929 6913.495
13997.645 6401.780
14007.809 7056.226
11360.855 7216.937
11798.285 8570.867
13662.322 7955.593
13878.807 8050.162
12370.996 7703.710
13822.845 6350.077
13554.339 6364.050
12026.698 8745.618
12338.565 8449.254
12820.556 8095.938
12361.607 7269.044
11473.222 8368.247
11760.769 8642.406
11735.259 7303.050
12954.581 7134.026
13072.417 7196.275
11849.740 8235.165
12348.135 8145.019
11379.139 8831.730
11739.195 8433.879
13896.501 8195.047
12429.212 8020.957
13192.817 7068.967
12727.286 8385.145
13228.290 7813.472
13993.860 6820.006
11560.364 6544.120
11460.894 8689.034
13361.009 8626.779
12309.486 7285.918
11988.822 7045.010
13933.470 6656.208
11313.906 8026.630
12452.610 6589.319
11830.855 6596.001
12460.640 8465.277
13130.766 8701.533
12056.396 6730.597
13061.325 7516.046
12616.642 6867.610
13127.424 8068.234
11733.883 8752.315
13080.567 8779.969
12346.866 8155.657
13802.615 7831.392
11964.914 7870.414
13119.330 7957.054
13795.519 8145.677
13917.637 8220.828
12742.222 6927.839
12326.468 8249.566
12148.669 7830.911
11838.304 6904.597
13013.041 8036.339
11622.048 7488.386
11505.588 7490.774
11976.247 7479.388
13694.857 6699.163
12231.886 8623.633
13721.513 6245.328
12832.391 6949.572
13479.701 8042.759
12087.872 6294.692
12903.990 8485.410
11675.596 8525.918
12659.344 6500.432
13066.359 8139.898
13307.524 8055.307
12656.179 6149.554
11670.778 7566.516
11697.089 7611.910
12915.921 6875.018
13488.140 7870.936
12972.691 6821.267
13389.891 6995.216
12750.151 8590.579
11911.513 8393.372
11441.657 7597.567
13066.626 7601.538
11810.968 7214.602
12184.539 7998.774
12329.148 7830.043
12713.578 7918.270
11723.917 6682.784
11305.028 7467.417
12691.719 6437.405
12689.112 6574.905
12831.060 7537.859
11582.847 6991.874
13120.594 8431.940
13953.475 7208.232
12867.832 8049.800
13659.872 7265.216
12531.983 8879.338
11412.156 7027.164
13034.425 7350.386
11690.424 7116.200
11786.771 7972.406
13370.498 8317.244
13027.527 8878.872
13343.105 7783.280
13618.048 8269.600
14006.683 8471.667
11455.591 8236.593
13091.153 7540.786
12277.158 8886.748
13779.049 8127.426
12976.905 6242.749
12639.915 6687.763
13515.564 8690.798
13215.811 8121.807
12123.775 7845.474
11671.659 7788.755
12074.873 8767.958
13017.027 6154.332
12021.202 6125.669
12508.326 6385.366
13361.076 8194.365
12094.020 7102.273
12951.712 7957.633
13884.775 8540.772
11955.219 7051.257
12713.682 7467.542
12699.463 6318.079
11355.358 6959.596
11407.973 7079.656
11971.824 8689.995
13060.833 7343.751
11406.757 7717.788
13165.990 6262.606
13128.887 6971.665
12332.807 6939.109
13649.408 6263.326
11928.150 6143.058
12103.899 6390.697
13472.395 6137.161
13378.941 7981.930
12250.372 6514.293
12271.347 8543.980
13120.319 6376.897
11537.394 6515.278
12362.559 7666.875
12879.742 6393.223
11814.059 7254.562
13389.552 6557.440
12991.995 8742.033
12276.439 8839.973
11636.412 7055.471
12873.953 6217.479
13576.746 7432.309
13496.996 7701.898
12057.334 6899.263
12716.202 8017.753
11759.299 8242.162
11907.817 6925.740
13907.796 6293.199
12034.836 7792.276
13397.908 7447.508
13589.375 8253.333
13966.026 6934.939
12308.841 6928.788
13951.327 8551.422
12275.047 8276.206
13915.587 7930.190
12538.130 6983.169
13879.632 7735.305
12289.336 6986.293
11577.840 7938.061
12307.058 7758.831
11471.223 7776.479
12077.464 7124.846
12790.287 8237.164
12517.418 6755.792
13001.023 8798.916
12709.293 6710.206
13738.804 7790.119
13373.528 8826.132
13689.478 8481.535
12121.322 6573.307
12207.240 8452.761
11557.510 8686.324
12448.773 6604.351
13616.728 7408.664
13977.925 8037.262
13226.138 8837.142
11342.975 7639.889
12353.890 8584.819
11838.493 7842.434
13911.818 6258.984
13433.497 6435.799
12533.742 8887.441
13304.902 7974.562
12543.435 7931.790
11386.037 7925.029
12349.845 6819.316
11694.546 6672.991
11345.921 8094.807
11435.911 7229.430
11823.713 6662.424
12731.894 7577.336
11679.450 6196.204
11966.686 8162.127
12081.779 7111.413
12643.532 8062.162
11405.671 7193.661
13197.472 7187.714
12647.206 7481.709
12711.838 8879.669
12542.210 7895.579
12736.877 7630.201
13443.458 6289.217
12568.437 6487.482
12252.572 7786.782
11344.431 7654.828
13036.571 7277.388
12111.817 8638.389
13430.482 8508.339
12824.090 8365.136
13038.658 7191.357
11956.377 6834.198
11686.096 6677.758
12888.671 6226.698
12590.264 7186.175
12115.853 8204.839
12422.291 7965.968
12715.002 7999.747
13359.750 6331.250
11346.925 7024.695
12037.872 8586.659
13601.826 8612.165
13796.432 7796.567
12371.499 8636.077
11272.246 7222.913
11893.242 6622.761
12492.225 8742.527
14024.022 7180.721
12421.719 8032.308
11849.858 7481.620
12283.728 6862.024
12495.973 7221.067
11918.973 6547.327
11405.227 6562.415
11950.361 8711.827
12244.218 7516.108
13562.552 6463.182
13154.083 7002.478
13752.424 6710.592
11325.570 6458.384
12106.096 7434.950
12889.731 6959.638
13687.935 7869.295
11681.922 7230.211
14032.946 6982.495
13547.080 6152.828
11432.295 8066.183
13842.774 8621.011
14000.600 6872.073
12201.552 7621.744
13486.208 8407.912
11678.169 7160.017
12814.879 6556.485
11918.280 8170.081
13748.453 8281.335
11580.172 8361.290
11562.942 6962.719
11992.973 7094.409
11596.501 8463.855
11475.668 6686.655
13659.499 6120.807
13387.378 8137.719
12801.453 8177.331
12634.844 7751.700
13707.931 8313.065
11599.697 7767.920
11597.300 7396.878
13219.013 6962.288
13696.379 7614.191
11712.806 6608.658
12347.390 8278.325
12955.051 8045.744
12397.325 7642.373
11561.333 6455.044
12191.110 8719.114
12170.859 6789.233
13043.779 7521.619
13873.904 8083.237
11565.908 8671.941
11794.644 8306.873
13733.479 8005.897
12970.889 7708.196
14023.367 7586.711
12696.835 6738.929
12533.285 8868.142
12876.972 8809.919
13228.709 6646.133
12596.543 7113.337
12560.713 7071.599
12038.416 6306.914
13065.487 7768.857
13029.018 8175.784
13984.906 8701.483
12347.810 7512.508
13156.491 6978.204
11844.854 6174.237
13846.085 8674.061
13588.815 6943.351
13895.807 8059.708
12049.096 8672.549
12241.348 7415.518
13330.650 7514.243
11703.743 6957.366
12409.137 8722.829
13208.583 7764.480
12453.516 8421.476
13260.548 7912.006
13332.151 6218.039
12618.848 7120.539
11748.323 8182.483
13533.756 8782.942
11479.426 8746.672
11346.974 8275.116
13213.840 8362.582
12227.094 6346.875
11269.364 8165.146
12140.307 8774.641
11736.581 6269.904
13117.524 7709.219
13543.668 7227.848
12637.231 6310.431
12466.846 6409.445
12784.947 7208.401
12613.030 7858.315
12952.406 6273.085
13454.560 7693.797
13516.885 7234.794
13200.234 7045.731
11259.222 7948.914
13861.531 8026.540
11862.972 6248.781
11530.979 7196.649
13495.891 7344.419
12058.097 8179.463
12608.317 6998.242
13908.860 7387.858
13616.340 8061.104
12696.939 7082.843
12144.739 6778.404
11321.122 7744.207
11841.518 6124.893
13490.588 7611.547
13599.083 6480.085
11906.574 6586.250
12887.047 7294.918
13095.618 7351.689
11653.589 8320.045
11335.257 6950.316
13049.007 6662.369
12063.324 6151.307
11528.797 6646.202
12614.348 6408.911
13269.555 8658.980
12704.954 6271.195
12195.722 6241.756
12156.503 8326.956
12042.655 7562.387
12512.593 6835.182
13374.620 7787.059
12994.834 8660.073
12952.789 7112.266
12430.706 8021.639
12247.518 8298.566
13712.868 7137.332
13516.217 8539.860
12076.327 8489.056
11315.288 8508.519
12514.545 7195.761
11478.778 6621.834
12375.357 8692.520
13212.129 8316.923
13304.895 7854.779
13613.254 7282.433
12228.841 8695.485
12029.187 6301.890
11837.386 8633.384
12880.830 7691.371
13114.573 7008.073
13009.292 8479.708
12322.521 6129.204
13680.974 8827.961
12826.110 8272.729
12409.228 7501.757
13568.999 8844.735
12997.191 8304.523
12247.255 6887.726
12252.498 6903.288
13506.947 7056.708
11702.579 7207.475
12931.720 7755.587
12362.468 6804.526
13810.500 8853.084
13103.915 6827.075
12949.259 7646.212
11640.104 6960.749
13864.264 8313.732
12210.745 6980.699
11704.033 8670.512
11403.417 8294.332
11534.113 7353.619
13233.752 7972.019
12024.156 7168.642
13927.964 6572.624
13359.753 6739.685
14027.551 8265.694
12871.022 6541.940
13313.606 6460.101
11461.550 7743.768
13355.217 8770.578
13098.203 8360.558
11528.989 7341.156
13911.421 6128.266
13433.235 8450.338
11533.919 8240.973
13530.511 6267.096
13681.333 7008.543
13764.432 6687.386
13151.915 7278.741
12682.067 7530.706
13182.635 7274.156
12465.897 8872.477
11843.691 8646.352
12827.980 7222.553
13988.972 8240.317
13565.991 7287.940
11596.698 6310.675
12001.332 7559.511
12685.253 7128.912
12343.563 6730.456
13447.454 6151.512
13269.058 6725.457
12155.892 7949.287
13731.901 6457.286
12781.025 8639.439
12829.499 8884.416
13934.397 7430.117
11266.232 8237.884
11551.016 7942.794
12752.817 8325.070
12743.539 6611.470
12737.171 6753.942
11753.020 7209.282
12780.694 8685.324
12212.757 7216.120
13222.781 8856.321
12729.867 7346.010
13178.695 7172.170
12634.484 6253.402
12632.058 7699.234
11869.152 7516.570
13904.293 7974.603
12338.510 8842.216
11306.996 7741.021
13625.925 6749.805
12041.355 6219.709
12916.506 6140.242
12500.836 7000.393
13764.673 7582.020
12249.116 7380.801
12983.750 8634.335
12066.119 6300.581
13574.178 8262.240
13361.532 8332.346
13831.876 6482.424
13662.006 8225.210
11337.864 6147.096
12910.632 8812.122
11777.123 8641.854
13441.836 6675.760
13984.601 6148.850
11389.492 8026.261
12340.608 6176.552
12351.766 7558.145
13676.247 7016.021
12866.301 8156.660
12990.853 7778.739
13586.625 7385.290
11784.225 7309.832
13536.995 6119.388
13611.751 6928.600
13969.228 8389.434
13004.708 8294.386
12275.220 7587.711
13716.256 7974.958
13895.809 7393.588
13992.198 8494.145
11602.731 7023.392
12608.805 6551.466
13031.183 8231.074
12360.655 7555.032
12130.990 6203.296
11739.651 8636.645
12489.783 7674.349
12196.574 6319.130
11540.514 7846.187
13148.337 6417.219
13054.952 7576.528
13312.310 8132.904
11879.757 7835.915
11765.450 8490.290
13915.182 8332.650
11949.197 8115.266
13137.922 7374.044
13398.236 8558.778
13216.337 6926.832
13841.762 8694.907
11571.661 6716.117
13436.991 6412.377
11434.814 7442.049
13725.491 8159.747
13213.846 6874.445
11313.614 6679.483
13528.427 8740.110
13648.612 8653.838
11975.460 7658.084
11734.624 7609.771
11954.879 6972.826
11431.419 6680.476
13905.716 6472.910
13535.264 8439.245
11278.060 8512.484
12728.869 7322.745
13196.431 6584.774
11901.454 8237.661
12570.974 6286.393
13517.538 7633.795
13513.345 8243.591
13998.044 7022.124
13109.598 8181.970
12532.583 8793.817
11528.515 8573.059
12192.661 7147.306
11369.700 8116.767
12030.927 7606.565
11547.888 7403.362
11942.531 6185.465
11776.319 7628.959
13987.682 7254.461
13608.085 6863.285
11926.382 8537.237
12430.633 8686.834
12283.787 7754.329
11766.990 7407.430
13614.749 7173.304
12098.883 7092.974
13437.410 6347.486
12440.715 7824.269
13708.560 7390.444
13905.858 7586.133
11556.177 7584.008
11595.025 7263.348
12514.900 7300.516
12619.120 6581.884
13196.399 7568.118
13453.549 7548.608
11429.920 8340.946
12751.844 6895.328
12531.335 7749.864
11638.102 8198.285
13579.980 8709.203
12338.523 6781.368
13793.011 6984.985
13422.720 7252.304
11938.088 7844.993
13943.362 8235.433
11465.406 8056.617
11415.147 6215.365
11289.986 6767.180
14027.778 6605.597
12115.009 8817.288
13941.745 6366.001
12132.031 7675.739
13447.234 6863.197
12125.268 7087.505
13251.545 6429.463
14030.912 6525.983
13221.950 7491.319
13272.550 8706.905
12482.782 6584.087
12381.038 8148.188
12989.368 7563.920
13064.078 7784.229
12090.923 7679.790
12050.135 7687.048
13825.483 6906.937
11836.184 6296.073
11400.339 7165.979
13260.348 8188.289
12290.855 6120.513
13093.047 6353.564
11865.622 7040.650
11836.460 8178.696
11985.399 6786.997
13387.252 6513.319
13719.333 8236.892
12878.594 7834.773
11560.821 7301.268
12825.075 6371.113
11255.246 8116.873
13756.965 7008.555
12853.991 8362.624
11267.061 6483.588
11919.506 6193.138
12417.677 6831.105
11256.276 6827.347
12504.097 7166.883
11624.843 7267.166
12138.725 8489.311
13708.739 7346.105
13182.978 7804.861
13164.963 7753.887
13850.734 6609.900
11879.318 7749.608
13810.847 8832.926
12045.874 8709.436
12015.648 8253.597
13312.328 6557.058
12303.489 8633.909
12333.151 8332.193
13248.513 6465.998
13963.328 6864.057
11508.284 6369.797
11938.846 6706.723
11654.383 7883.595
13223.087 6131.740
12343.354 8500.265
11787.720 8208.075
13781.698 7730.200
12394.477 6748.206
11641.784 8472.662
13192.217 6319.325
11813.701 6727.784
12346.888 7125.721
11873.778 6679.921
12704.426 8853.090
11908.113 8339.768
12492.819 7932.866
11678.670 8845.326
11583.058 7212.001
11726.119 8514.701
11510.498 6385.467
12241.789 6288.892
13061.968 7383.755
11444.601 7478.424
12222.688 6871.905
13013.232 6627.355
13021.920 8673.131
13510.677 6510.457
13575.369 6350.334
13647.543 6535.385
13676.394 7455.280
11346.412 7707.554
12538.232 6604.959
11434.344 7556.026
11620.251 7866.136
12956.859 6777.957
13034.444 7013.349
11462.280 6363.888
11848.760 7468.860
13608.701 6952.183
11779.705 6189.942
13201.457 7933.613
11418.195 7010.713
11685.429 7762.700
12095.026 6243.882
11328.324 7498.943
11483.771 8113.046
11850.637 6153.537
11877.254 8488.490
12386.097 7348.601
13191.035 7920.502
11350.286 6828.694
11724.227 8784.136
13398.039 8421.391
12910.473 6521.990
13990.296 6279.117
11567.030 7007.031
13401.061 7587.397
12175.945 8498.643
14024.361 8064.344
12251.026 7060.236
12743.885 6294.145
11305.855 7090.636
11422.033 8865.920
13109.334 8860.121
13712.535 7385.449
12449.591 7731.482
13329.403 7446.541
13800.587 7038.710
13027.203 6415.410
12947.485 8507.174
11936.341 8237.040
11495.687 7640.059
11260.835 7608.503
13113.968 6770.542
13195.193 8774.945
12468.305 6961.591
13668.885 7199.778
13671.930 7939.006
11577.312 8868.118
13166.110 7545.451
13143.211 6594.632
14009.603 8518.371
12785.994 6362.051
13057.944 8223.837
11381.675 6972.570
13497.607 8035.365
13203.800 6814.035
13754.955 7670.547
13510.624 8817.412
11598.285 7004.096
13616.263 6422.322
11268.959 8403.037
11798.356 6801.642
13313.756 8874.356
12150.257 6313.341
12736.056 7615.473
11510.425 7981.532
13453.799 7600.775
12798.700 7659.730
12811.349 7751.781
12409.116 6363.272
11874.943 6703.943
13628.836 7674.967
12398.333 7913.215
12866.995 7316.323
11861.851 8544.861
13555.413 8195.989
12304.606 7998.385
13228.284 7466.273
12376.584 7112.982
13131.191 8666.922
11409.363 6991.688
11276.565 7837.873
12955.534 7522.451
13597.966 7821.292
13439.123 8593.771
12927.026 8495.956
13395.543 6981.668
13764.109 7015.105
12585.871 8095.683
11704.591 7414.885
12464.901 8234.798
13035.230 7591.573
11729.136 7599.748
12341.401 7328.288
13531.981 7353.647
13909.957 7553.319
13679.478 8453.337
13295.622 8623.435
12019.819 7792.261
11468.308 8023.538
13840.279 7186.548
12817.697 7256.239
12127.786 6860.573
11409.692 8455.153
13031.846 7818.249
11907.484 8175.054
13739.033 7505.351
12268.412 8866.091
11829.674 7233.999
11563.150 7574.695
13351.475 7734.548
12354.291 6155.158
13427.816 6409.924
11701.023 8084.001
12985.458 8117.913
11416.348 7630.658
13958.482 8372.793
11556.552 7728.694
13364.086 8278.268
11674.861 6329.210
11693.331 7181.736
13261.189 6411.871
13747.301 8231.366
12633.595 7047.477
11880.705 6678.003
12592.382 7372.134
13667.318 8102.054
12356.831 8730.032
13938.312 6795.805
12571.284 7392.295
13402.043 7627.996
12535.709 7609.537
12195.194 6341.618
12809.842 7080.140
12840.385 7588.065
12332.829 8157.741
12230.449 6943.078
13940.723 7168.092
12389.382 8846.032
12923.862 7004.941
11918.220 6176.076
11523.637 8684.622
13735.159 7043.795
11719.436 7340.080
12001.028 7307.799
11529.153 8226.710
13215.833 8277.898
13872.849 6361.837
11545.678 7219.115
11468.072 7015.872
12656.201 8511.427
11903.688 7506.064
13213.903 8364.672
13374.888 8267.511
12556.212 7238.122
12451.104 8329.204
12263.018 6331.370
11365.875 8599.419
11940.525 8830.638
11695.774 7116.649
11761.409 6826.676
12014.621 6787.621
13289.680 7719.484
13402.198 7365.023
11888.217 7246.597
12947.952 6219.577
12486.737 6375.128
11329.480 6943.854
11671.842 6780.418
12841.130 8077.553
11806.101 7542.170
13135.270 8653.220
13088.891 6954.197
13110.907 8116.272
13972.715 6147.898
13951.537 6657.610
13174.583 8579.225
13733.608 6265.282
13281.769 7674.942
11787.622 6225.577
13963.019 7521.583
13777.448 7088.700
11615.590 6196.374
11552.692 6464.464
12656.992 8310.354
13126.878 7960.558
14026.694 6575.234
11434.567 6136.759
11809.917 7691.360
13661.275 8071.583
12786.078 8764.153
12777.257 6184.273
11816.010 7207.759
12825.272 7973.806
11459.587 6464.279
13948.648 7372.530
11398.836 8319.426
13389.468 8008.405
11709.840 8110.640
13502.673 6258.560
11872.651 8574.059
12367.848 7854.341
12053.759 7070.450
11901.886 7776.911
13804.315 8606.758
11817.184 8810.556
12261.031 7885.721
12947.101 7943.381
13491.632 6777.585
11686.230 8573.223
12164.120 6757.060
12850.438 8215.968
13354.137 7542.470
12056.902 8277.697
11379.884 6553.017
13412.742 7587.157
11406.702 6579.544
11659.580 8656.860
13964.349 8500.710
11308.672 8765.519
12581.901 7480.285
12017.651 6576.650
13437.426 8444.274
11678.527 7251.815
11313.932 8092.871
12741.601 6316.873
12334.966 6124.759
13859.419 7535.404
11829.525 7018.850
12066.496 7793.868
13812.011 8090.493
13929.405 8663.079
11461.439 7029.878
12855.236 8032.027
13391.597 6521.552
13599.800 7121.899
11502.564 6562.873
13556.508 7431.351
12016.631 8425.615
11704.152 7633.002
12249.345 8592.682
11431.695 8016.515
13830.032 8329.615
11481.724 6710.591
12700.506 6219.840
13298.617 8676.307
12611.235 6944.350
12779.087 7650.232
13158.672 7040.876
11636.117 7344.079
12795.505 6547.516
13005.961 8397.147
12937.469 7045.127
14025.995 7544.258
12999.142 8460.045
11883.323 7222.334
12616.252 7271.090
13174.555 6587.745
13108.170 8121.934
13485.431 8561.815
13420.602 7322.677
11744.571 6616.650
12622.095 6576.557
13996.677 7703.844
13973.680 6183.261
13758.442 8263.495
14009.826 8724.503
13550.104 7120.172
12603.010 7203.051
13771.122 6639.420
12417.930 8764.471
13112.106 6907.274
13948.271 8613.786
12863.379 8241.998
12511.431 8079.123
13972.957 7389.970
12795.150 7694.621
13030.283 8168.555
12177.560 6886.465
12439.541 6860.284
12540.298 7901.290
12192.666 8794.897
13919.378 7773.937
11702.467 7771.427
12257.916 8884.427
12531.564 6199.185
13529.845 8397.740
12928.513 8339.224
13002.624 6965.363
11308.643 7459.509
12914.726 8715.469
12501.389 8444.858
11675.186 7248.960
12589.054 8675.199
12738.638 6653.581
12218.861 7528.558
11566.956 8592.584
12718.846 7887.285
11532.401 8386.460
13527.568 6834.625
12753.551 8025.260
11932.312 7822.608
12811.088 6827.690
13642.930 7045.276
11584.320 7992.506
12930.758 6929.486
13763.890 6992.525
13947.302 6517.619
11732.347 7672.472
12158.611 8366.234
12398.518 8305.224
12370.347 6804.354
13755.795 8426.052
12342.425 7277.805
11719.473 7787.813
11969.181 6530.339
13307.516 7965.101
13932.714 8266.276
13761.666 8178.372
12305.430 6518.839
11972.363 7259.364
11473.069 6260.945
12050.172 8709.480
13222.857 7730.325
11415.122 6143.812
13750.817 6320.872
11974.971 7934.854
12089.204 8823.602
13247.057 7168.611
12626.980 8775.062
12938.965 7778.182
12698.322 8693.420
13733.252 8234.426
12453.633 7809.841
12139.330 6148.080
12041.031 7655.470
12218.846 8858.532
13388.115 8517.469
12612.093 8118.070
13763.710 6736.045
11710.181 8572.573
13391.444 6941.441
12970.874 6448.414
13169.849 7667.856
11527.831 8100.862
11992.282 8808.789
11906.103 7809.175
11432.074 6715.043
13110.439 6976.799
12153.198 7645.032
13876.766 7258.086
12723.928 7362.369
13610.978 6846.849
13335.619 6502.919
11544.159 6998.519
11983.993 6447.686
11467.619 8076.019
14031.351 7017.195
12751.346 8871.466
12491.895 6686.864
11507.991 7431.604
12508.803 7222.277
11807.421 6622.181
11882.851 6855.140
12426.569 8616.518
11415.074 6538.944
11699.348 7939.137
11818.715 6776.416
12662.653 8472.866
12916.723 6422.520
11376.385 7229.930
13481.625 6349.156
12209.169 7772.163
11934.044 6889.249
11978.497 6292.608
11263.827 8834.374
11452.640 6561.784
12470.181 7745.481
13565.128 6643.228
13309.228 7364.929
11330.000 8772.640
11338.482 6512.168
11911.799 8583.125
12990.889 7233.723
13812.453 8176.307
12346.007 8311.737
11620.186 6745.540
12644.620 6223.867
12770.165 7130.457
13720.189 6653.181
13808.597 6864.817
11878.887 7386.850
12476.758 6387.363
13167.443 7900.346
13580.749 8636.046
