10000 100
92.0 8.0
32.513 25.035
16.396 19.636
68.838 84.901
64.261 35.771
40.707 59.74
56.244 80.24
28.386 58.649
17.334 72.692
26.02 57.174
35.589 16.29
33.357 65.61
76.256 51.296
68.818 77.244
70.277 9.142
55.826 23.636
31.84 29.543
28.237 25.601
25.263 69.774
30.431 9.009
17.933 69.589
24.995 60.584
75.64 77.461
36.373 26.384
77.472 24.855
28.668 38.39
38.44 24.48
13.187 67.823
72.359 29.543
67.964 39.127
64.192 14.876
65.067 70.632
30.542 66.592
65.846 97.991
78.032 65.916
68.225 89.135
34.695 62.273
64.222 20.763
50.863 75.066
59.685 82.733
32.688 37.195
20.6 59.062
17.527 49.253
23.691 23.811
33.884 24.805
17.082 35.991
75.867 29.863
70.964 29.442
62.97 19.152
11.559 55.911
63.581 24.733
53.355 35.876
34.143 53.04
34.274 64.593
20.188 56.394
45.037 12.715
76.29 12.867
15.332 65.386
62.987 66.644
27.686 28.332
26.486 23.686
14.488 61.969
38.412 18.454
19.049 72.181
59.163 27.519
8.484 60.329
21.575 26.174
60.659 29.56
11.858 60.888
68.514 18.675
47.704 27.604
37.922 30.635
66.816 87.753
62.364 26.182
27.08 20.729
53.68 84.0
25.51 44.087
77.205 63.552
35.788 31.586
69.416 83.385
23.948 57.493
24.434 10.784
45.841 64.176
55.315 14.634
39.904 35.282
68.276 26.732
36.423 31.461
41.889 4.717
28.053 25.973
24.796 61.923
84.314 31.075
58.371 39.427
79.738 18.359
35.684 25.01
20.302 25.193
72.302 13.18
59.495 30.625
63.94 25.224
18.169 17.447
54.341 22.133
63.76 40.775
36.355 31.887
62.449 79.69
69.719 18.646
28.874 64.301
66.309 92.347
60.897 30.159
36.153 16.821
22.727 25.806
35.171 31.699
63.062 29.848
62.468 24.516
26.959 20.748
65.658 19.593
60.852 93.012
30.895 49.179
71.54 72.482
8.378 67.043
72.204 26.663
30.678 80.594
30.102 62.083
55.925 25.01
58.165 32.001
78.445 24.883
59.514 22.514
37.598 21.855
37.496 26.83
17.016 58.488
52.106 16.101
32.039 23.391
64.061 78.54
62.675 36.618
21.884 72.953
29.223 77.58
63.888 75.302
68.89 23.316
65.565 13.146
23.102 61.066
30.672 30.757
35.715 54.42
58.9 27.751
53.346 29.905
43.032 34.905
24.501 63.692
21.746 63.576
64.447 73.459
59.002 30.007
68.047 84.5
55.618 88.136
56.953 64.926
49.488 26.198
66.683 20.154
45.68 27.779
13.942 65.237
35.337 18.462
58.551 43.57
17.842 23.798
57.538 25.572
75.401 71.757
20.194 13.311
26.598 65.92
10.612 70.374
19.201 59.958
19.616 35.675
71.315 27.326
24.539 27.263
35.621 22.974
62.008 27.511
66.781 31.052
14.995 68.858
24.254 81.653
25.769 55.359
68.98 74.302
69.025 87.285
69.555 28.691
45.981 24.799
38.194 20.44
24.656 66.524
22.524 26.388
43.018 19.713
71.866 22.618
65.349 73.564
13.232 80.147
36.499 11.089
19.849 27.781
57.231 25.049
21.617 68.851
68.415 66.422
63.243 69.816
25.328 74.38
25.361 23.994
75.926 94.303
47.325 29.679
69.752 79.052
25.041 55.188
69.255 91.515
25.96 42.484
16.385 76.43
56.39 72.43
16.315 61.915
65.208 44.482
70.184 75.401
53.572 12.504
11.043 54.841
67.117 31.549
64.533 34.019
73.346 69.022
32.756 63.344
71.216 79.916
21.152 63.947
12.604 58.623
63.905 31.762
67.166 14.795
28.051 45.133
53.767 18.236
63.225 21.904
37.582 37.787
5.121 62.022
74.297 9.416
59.79 86.312
60.911 28.399
10.475 63.981
14.435 62.75
32.149 26.927
58.212 36.738
34.672 18.727
39.749 23.562
70.37 76.934
64.055 13.895
50.328 26.005
12.793 72.704
30.442 28.645
70.557 90.751
20.811 18.1
69.707 14.746
37.976 15.697
73.575 10.333
32.319 38.266
72.206 72.098
64.523 85.736
67.793 80.071
29.693 40.705
25.274 36.525
31.903 32.013
63.517 17.804
65.98 26.933
66.485 78.387
69.069 77.405
32.604 61.638
64.401 14.964
20.304 59.275
30.948 22.972
17.72 20.492
68.811 28.497
19.98 29.198
79.545 78.428
12.327 59.664
76.592 15.334
57.89 26.874
24.47 66.28
68.291 86.288
63.746 89.936
59.378 29.701
30.748 62.717
72.012 37.729
11.593 63.812
73.216 26.756
38.52 14.384
20.125 60.228
38.937 31.07
15.674 35.825
51.633 21.27
19.729 78.24
70.744 29.561
60.941 19.396
66.392 87.578
27.304 50.398
71.371 27.746
26.649 32.013
34.876 64.368
24.848 62.903
50.761 32.619
67.098 21.464
59.452 86.486
32.859 35.609
32.389 25.179
80.455 90.395
61.53 32.119
16.443 53.547
62.799 68.613
67.427 75.785
14.06 59.484
79.104 15.59
75.383 77.246
64.661 29.095
73.048 10.194
78.773 76.538
72.264 53.983
24.625 58.735
49.423 67.79
32.454 71.442
17.536 59.123
77.4 29.756
15.431 33.293
29.359 67.739
66.324 26.14
69.588 87.049
32.967 22.873
39.411 27.554
70.097 77.673
72.054 91.016
41.371 14.853
72.764 70.89
40.806 17.665
29.519 22.162
18.106 66.073
60.763 24.217
25.12 25.855
48.132 34.386
33.775 59.222
37.872 24.731
66.103 27.352
20.74 62.566
51.051 63.727
15.876 35.752
18.894 30.783
67.434 36.03
67.62 82.784
30.14 34.068
28.558 38.603
16.765 79.033
8.748 62.61
56.597 31.103
57.91 25.119
39.787 41.8
27.472 21.483
26.957 56.44
67.06 69.409
25.421 21.35
26.568 36.861
68.722 69.834
68.015 79.752
65.263 13.199
28.156 67.112
25.851 61.754
38.753 27.632
68.808 28.195
46.46 21.921
71.07 88.464
30.509 25.82
64.203 76.86
75.403 70.618
67.563 30.583
16.117 65.09
43.877 37.267
66.639 15.7
60.18 23.806
36.439 56.964
78.786 28.916
25.918 40.963
58.985 23.939
68.019 84.213
17.441 61.282
64.632 29.153
37.071 29.435
24.675 59.883
69.495 44.121
51.904 21.519
67.623 33.337
29.64 21.079
29.252 65.661
11.643 84.136
31.565 69.754
62.778 77.682
73.02 10.499
28.706 12.956
39.227 24.431
77.639 76.73
61.698 79.77
43.817 16.904
13.863 69.653
64.753 23.065
61.572 82.18
30.814 33.491
26.48 73.069
33.223 33.719
54.064 27.506
21.51 69.114
32.361 50.552
64.724 84.319
67.225 89.851
19.757 24.336
28.781 71.385
24.863 62.362
77.02 74.026
60.38 20.176
80.159 77.988
81.701 68.036
37.035 77.004
29.949 19.055
31.793 66.447
32.09 41.601
22.741 56.836
31.41 69.843
65.2 31.378
64.784 34.79
23.527 76.005
30.697 37.876
61.665 27.09
20.17 76.859
25.753 59.296
69.76 84.359
75.818 69.918
19.451 75.225
59.956 32.366
0.095 27.932
72.18 31.933
14.569 30.538
55.088 34.381
24.37 65.234
38.833 34.184
14.823 75.383
58.87 79.269
73.86 94.638
21.364 52.559
66.093 37.335
24.873 23.982
61.235 84.387
6.855 65.486
67.594 27.574
48.647 32.96
66.751 12.148
46.902 28.806
23.048 25.731
55.438 71.842
65.719 28.215
67.829 19.595
42.865 34.208
76.239 29.652
22.169 26.906
31.014 35.453
17.284 64.69
18.921 67.557
36.188 37.22
21.839 70.14
4.286 61.13
38.681 30.59
25.377 65.554
29.347 65.008
58.949 75.889
59.497 71.332
58.509 22.689
16.046 71.977
62.464 9.368
58.94 28.719
65.777 24.622
22.644 52.705
65.335 29.164
65.438 83.576
20.314 55.092
18.398 67.503
56.84 22.714
64.665 74.954
14.801 28.713
10.878 55.658
72.818 78.9
80.415 82.024
27.701 57.715
19.812 74.896
70.019 70.615
33.849 31.606
16.715 75.471
39.381 29.168
73.874 19.122
34.967 61.205
27.125 75.079
60.922 70.931
73.916 81.158
5.617 73.618
63.833 26.441
31.391 73.689
69.027 27.955
17.045 81.702
64.955 38.361
76.282 60.875
58.828 10.579
57.183 16.721
73.094 74.934
68.755 83.654
27.97 68.069
61.897 13.066
69.859 22.356
75.799 78.597
72.605 27.782
79.253 76.634
69.395 18.155
63.645 73.369
58.241 32.216
38.324 35.872
20.806 44.359
59.235 22.679
61.962 78.565
82.261 62.972
63.875 76.596
12.633 64.801
36.862 30.927
28.481 29.072
64.455 28.835
65.457 72.724
62.409 76.352
27.341 63.994
16.553 47.107
16.608 57.223
21.88 75.41
30.419 42.97
61.422 77.597
65.441 76.753
70.832 27.604
69.039 86.053
40.306 36.296
27.799 64.284
80.357 11.134
66.582 99.276
31.349 26.467
17.541 56.334
32.505 80.991
61.817 15.069
19.594 48.304
18.451 26.628
30.787 67.624
43.207 35.341
66.713 25.398
14.694 80.01
39.494 68.752
74.843 86.501
24.843 60.662
20.794 23.709
31.632 16.952
30.656 25.375
62.51 30.451
63.603 85.635
27.307 30.43
58.379 90.898
32.988 30.812
72.702 23.288
68.636 27.192
69.64 19.613
63.71 27.548
32.784 20.557
66.046 36.199
35.615 62.516
34.605 22.244
32.194 69.767
34.699 17.648
79.513 74.199
63.741 74.142
51.652 72.482
58.418 74.36
74.775 79.571
63.861 72.614
34.936 71.379
21.022 71.91
72.182 38.559
35.084 22.897
66.138 33.245
19.598 32.122
59.256 69.554
27.866 15.926
56.312 14.198
57.974 14.432
3.823 66.482
9.722 47.869
84.53 77.526
71.461 68.85
63.402 69.386
26.374 64.116
9.416 70.4
26.1 19.694
70.543 68.424
82.589 21.785
38.647 23.111
71.049 83.549
59.674 34.991
33.918 66.611
67.567 37.13
71.503 39.819
19.944 17.937
70.477 72.907
69.748 89.712
31.357 42.312
49.748 26.627
67.386 86.597
23.351 62.292
53.415 33.792
63.547 34.907
76.91 22.136
23.2 66.911
71.075 85.547
35.398 18.224
76.777 72.287
18.502 27.055
62.915 31.257
32.493 30.128
36.19 38.171
71.424 81.441
62.527 88.496
78.426 79.269
65.372 88.839
32.242 66.061
66.094 32.613
58.506 73.607
26.509 26.114
67.328 70.407
22.339 42.092
73.951 86.778
64.314 72.274
53.863 20.633
23.551 71.728
11.468 60.774
61.947 87.158
71.345 17.636
67.579 73.817
33.041 27.936
61.485 22.077
63.104 32.651
22.911 66.354
25.613 22.223
23.119 72.138
27.433 17.784
75.557 85.078
25.187 22.353
77.785 75.116
30.856 25.126
78.268 15.163
60.274 70.304
17.695 48.003
43.639 25.44
27.214 33.989
63.721 85.346
17.413 62.034
35.053 23.588
34.595 49.236
36.846 22.176
33.837 28.815
19.109 62.346
57.424 95.164
30.236 32.548
83.38 72.795
63.564 79.758
65.851 71.531
60.884 70.926
52.56 19.754
58.205 75.684
61.595 17.091
71.771 37.159
46.403 25.364
33.134 50.788
67.726 86.678
26.31 29.157
24.563 26.597
52.324 5.561
67.635 89.748
62.329 21.183
21.246 68.117
26.894 37.962
49.759 32.168
57.66 79.876
86.709 76.707
18.573 71.325
24.458 77.045
45.573 37.509
30.628 24.204
67.052 26.368
81.376 74.553
72.298 27.023
77.793 16.672
28.394 23.966
24.372 69.016
31.76 26.792
73.301 68.297
22.979 61.12
22.038 28.72
26.251 37.977
67.163 26.164
34.88 18.239
77.08 85.865
66.687 69.816
31.31 75.842
28.615 26.716
62.794 80.388
74.043 74.261
25.272 21.945
28.568 64.979
23.752 57.097
64.982 20.247
83.07 77.186
80.636 73.184
24.02 35.984
69.561 48.954
71.089 82.992
24.303 71.75
55.841 27.459
73.632 73.929
79.859 84.23
69.894 62.653
66.299 27.556
65.619 22.439
63.044 34.958
41.382 24.129
65.123 23.898
64.349 15.771
28.823 68.17
68.548 71.288
19.086 80.108
78.697 55.65
13.51 77.241
41.787 24.818
79.032 18.226
30.023 30.073
32.743 30.23
25.012 25.588
52.51 25.102
50.993 92.726
63.442 33.396
76.186 20.16
29.795 25.975
58.751 20.049
81.337 25.707
38.279 17.227
31.288 74.244
23.706 64.049
19.897 52.336
40.901 25.387
30.233 62.313
22.82 17.706
54.236 38.044
63.005 30.506
65.255 85.069
19.934 74.585
32.395 58.493
74.846 66.628
25.857 25.174
76.882 67.734
46.579 33.985
69.386 74.629
63.075 34.819
71.986 35.377
63.053 22.351
39.365 31.136
76.372 36.617
23.428 54.56
50.488 80.098
28.632 24.485
64.446 85.231
30.995 24.208
21.763 18.692
10.825 69.206
63.807 87.372
63.418 65.833
21.478 65.768
62.597 33.252
27.014 63.376
63.166 77.198
75.817 83.276
66.564 81.113
38.154 30.879
36.098 26.764
75.786 27.503
21.249 61.382
17.784 74.47
83.921 90.975
72.267 18.431
62.866 25.602
76.746 79.19
15.326 35.092
19.854 75.29
58.572 26.48
34.648 19.091
65.894 80.59
28.357 33.448
27.359 28.342
49.712 29.528
62.35 18.154
71.543 76.376
14.49 22.271
49.248 63.101
64.996 12.533
44.038 76.878
70.37 8.091
71.184 85.342
31.175 68.129
70.585 79.546
68.934 84.749
55.655 85.354
56.313 72.811
51.854 29.861
57.228 80.63
9.853 24.735
36.195 57.418
66.052 15.613
82.001 74.678
14.221 23.97
29.469 30.242
34.99 27.401
61.913 31.946
36.978 24.556
62.978 85.669
71.85 78.06
29.342 26.016
58.374 30.319
74.056 82.028
32.728 16.485
31.081 72.317
66.744 75.092
36.55 19.559
35.776 24.735
67.629 9.696
24.991 24.888
70.66 20.196
74.974 68.863
27.098 17.313
34.703 69.054
72.161 84.591
61.182 31.595
16.521 26.018
80.183 24.413
30.23 13.74
32.669 14.942
15.575 65.148
23.387 63.407
71.478 24.903
32.304 62.893
30.566 26.156
26.903 20.785
30.041 80.748
14.729 74.972
75.652 69.144
69.953 79.388
65.182 65.538
60.562 97.364
80.57 22.433
2.827 74.075
62.204 27.805
25.446 49.541
66.904 70.799
74.39 75.728
23.804 62.066
44.062 33.306
14.097 35.036
27.79 78.187
82.611 74.157
23.216 64.99
58.087 25.109
78.214 20.752
38.775 24.906
66.938 23.445
30.737 25.885
22.645 47.919
71.244 18.241
74.433 83.24
34.09 23.768
70.148 71.044
58.889 22.646
25.542 35.087
44.7 32.439
61.472 76.279
54.69 85.941
63.125 72.773
66.559 26.039
58.697 73.334
56.669 73.453
64.321 77.561
64.239 75.696
41.443 35.212
56.026 20.918
19.621 64.318
68.07 16.429
69.251 37.444
19.874 22.555
60.544 17.49
39.691 32.483
78.739 19.384
76.749 77.834
63.679 23.161
35.181 74.51
61.188 25.523
42.549 31.691
25.424 64.496
34.173 35.246
56.685 82.61
77.38 35.648
36.655 33.437
67.212 17.756
28.736 35.18
18.419 63.744
59.995 83.023
35.125 15.132
42.768 28.229
59.492 36.991
60.58 93.502
78.942 29.391
29.089 73.386
24.071 69.865
77.977 69.795
62.531 22.446
18.522 64.681
55.719 21.175
68.189 78.526
62.541 15.485
54.355 20.953
22.591 73.087
32.447 27.254
66.444 20.337
55.958 13.011
30.194 25.099
56.295 79.624
28.089 31.756
11.254 61.707
54.406 40.24
69.606 68.536
57.731 78.48
21.418 55.567
31.698 81.762
57.283 30.135
72.375 12.661
19.682 23.205
31.295 26.273
75.663 82.184
56.301 86.629
59.097 25.625
27.146 26.177
16.545 53.082
30.87 39.059
47.146 75.724
52.03 28.84
28.524 71.552
10.843 49.591
35.125 26.06
42.007 23.728
68.745 29.15
60.868 71.67
68.064 14.316
68.19 26.856
29.085 65.952
13.516 75.725
36.776 26.248
60.107 24.323
25.628 62.983
22.461 58.166
24.906 22.515
25.942 66.101
77.077 77.734
34.054 36.574
12.746 72.046
81.772 81.921
16.565 18.323
29.755 53.729
24.004 33.064
33.385 24.511
63.964 23.761
24.921 20.392
22.149 25.362
42.906 29.348
41.202 20.89
29.32 34.306
21.483 65.532
36.435 33.939
63.499 42.087
71.494 23.273
23.665 59.753
61.505 34.354
66.376 27.877
49.126 20.341
73.827 75.432
52.598 79.266
58.468 74.27
31.241 30.832
64.564 27.044
61.839 17.214
30.372 48.045
63.021 74.0
21.302 34.808
47.039 13.985
13.95 30.565
27.32 30.688
64.899 26.934
73.884 75.681
44.474 23.248
68.869 81.937
68.435 75.08
33.217 76.619
72.853 68.892
58.049 79.856
37.628 17.97
18.395 69.703
23.476 59.593
67.149 70.943
60.705 11.663
44.914 60.103
72.046 19.634
26.471 24.772
26.976 69.401
13.66 54.945
56.639 20.28
33.447 36.538
20.587 27.082
7.103 76.553
72.122 14.722
34.663 36.437
27.93 29.537
11.102 62.374
78.139 17.511
52.242 5.522
61.206 25.34
58.98 20.187
74.135 21.928
21.311 53.564
44.564 36.445
31.195 29.872
61.926 83.514
32.299 25.947
73.14 69.583
20.308 68.809
47.491 72.977
15.709 67.187
65.268 71.877
29.56 12.754
66.741 74.216
56.78 29.216
21.359 26.61
36.62 66.423
50.885 30.486
61.935 84.136
34.104 27.068
66.323 88.889
46.575 29.991
54.153 27.515
78.426 71.612
37.189 22.024
20.984 21.432
61.798 82.42
59.54 22.505
68.331 38.245
24.28 64.039
53.736 81.351
33.315 70.448
64.78 14.87
28.29 34.561
82.162 78.721
82.206 79.783
23.831 70.187
22.0 64.113
30.261 35.037
23.298 63.215
70.702 82.649
59.425 29.357
33.761 24.221
23.824 65.095
68.254 77.917
21.721 64.494
69.539 17.367
30.278 27.607
31.728 13.913
69.924 87.51
31.031 26.971
61.947 85.747
55.07 85.733
52.921 73.86
76.426 79.454
27.963 61.214
78.193 83.642
54.778 26.031
37.745 23.218
19.864 65.26
74.631 31.093
15.71 67.685
62.188 71.89
66.298 21.981
63.081 21.978
61.841 67.434
69.639 83.409
73.108 93.563
20.12 59.502
74.672 95.338
64.176 28.766
35.816 64.05
27.695 21.904
54.135 23.176
65.825 25.556
26.8 27.235
81.321 80.282
66.105 28.033
25.888 54.049
55.213 35.439
30.719 21.735
33.843 34.66
76.135 82.432
19.279 53.5
62.689 72.963
71.419 66.419
65.957 77.153
26.138 18.907
68.084 83.49
38.424 34.661
61.532 15.987
53.266 11.88
61.381 31.036
70.576 94.123
60.506 67.908
9.31 73.194
58.329 24.24
69.873 93.583
23.993 56.718
34.835 21.929
34.399 37.749
65.791 78.302
22.166 33.051
27.549 29.772
67.584 77.656
17.908 27.164
31.363 13.645
66.375 10.955
9.074 67.675
59.699 83.99
66.992 32.767
32.487 23.062
20.302 59.742
62.199 88.223
36.652 75.179
23.623 60.124
59.82 99.171
37.933 65.72
18.997 63.511
21.351 32.914
23.781 13.719
68.155 83.817
55.371 15.986
69.206 89.58
61.629 35.852
68.398 67.456
84.031 81.041
26.86 20.523
68.244 90.195
71.756 29.954
73.543 92.079
16.274 12.922
60.262 78.827
65.061 68.307
68.833 25.105
59.686 30.963
65.841 18.387
66.895 81.365
75.293 21.477
16.826 75.705
22.364 22.439
73.317 89.639
63.258 73.971
27.46 58.79
63.617 18.405
28.119 75.312
44.908 27.684
62.594 32.478
14.854 72.424
61.881 29.169
60.283 30.263
68.286 68.588
42.719 21.247
55.298 70.725
62.256 11.865
36.196 59.338
69.839 29.077
21.92 59.517
25.595 64.038
32.833 32.451
31.707 32.608
66.943 89.723
25.837 66.812
73.574 76.157
22.034 33.945
14.68 59.247
61.002 77.41
49.038 68.964
22.009 17.508
63.853 61.932
18.131 78.854
69.6 18.143
25.224 25.827
66.011 94.095
29.543 19.851
30.813 30.646
40.887 35.428
25.326 54.664
57.432 36.969
20.377 53.132
70.836 80.836
29.224 67.879
64.2 84.324
69.5 83.652
68.643 82.317
57.604 21.668
33.421 33.776
50.555 21.356
71.924 21.972
67.066 82.961
21.117 36.926
27.546 25.351
53.786 22.708
63.661 86.454
19.27 17.628
29.544 60.271
57.519 68.399
73.03 28.762
28.494 66.174
7.627 67.436
60.222 77.77
63.214 23.608
42.758 30.135
15.394 57.125
31.627 21.656
74.349 75.065
60.85 74.094
55.642 27.793
27.645 26.17
26.776 35.463
67.15 69.961
60.063 26.112
69.823 21.191
63.684 13.919
15.518 65.759
58.195 29.137
70.428 78.9
61.602 36.232
70.23 89.582
27.132 31.997
68.7 66.921
72.165 28.198
20.565 61.255
57.961 31.742
73.2 75.387
40.323 17.808
60.929 82.237
17.98 82.318
12.329 58.579
5.181 60.414
29.147 64.58
62.109 83.493
71.612 32.263
66.389 18.798
26.427 57.472
63.892 25.573
56.917 80.152
56.058 81.668
77.576 72.63
47.502 26.665
18.004 56.323
13.153 60.079
68.373 71.768
69.852 44.567
8.177 62.756
19.789 35.293
82.241 21.81
61.385 24.452
38.583 57.674
27.692 60.137
28.649 77.257
41.147 21.277
38.657 25.872
27.21 66.807
18.017 76.166
64.085 19.276
24.631 64.125
40.908 14.437
22.687 33.616
34.337 22.283
16.654 74.49
25.555 58.255
57.609 53.019
63.574 71.077
16.522 59.179
14.741 73.874
67.245 24.107
57.018 76.439
25.075 25.975
65.803 32.838
69.207 83.447
80.302 82.364
13.22 75.483
26.572 97.495
69.33 90.35
3.672 78.504
18.938 52.404
35.839 71.745
70.207 25.798
64.263 9.47
76.784 27.428
67.511 24.555
65.184 90.507
43.237 16.372
26.68 28.865
72.159 15.655
68.487 37.558
34.619 58.764
72.937 93.95
62.258 67.516
59.571 75.612
67.28 83.891
62.624 24.953
28.939 40.313
24.49 33.62
53.438 27.402
38.357 16.297
24.934 61.508
60.072 17.649
64.983 81.61
52.659 17.811
73.109 20.83
25.009 27.665
69.107 21.14
69.949 16.819
13.607 64.809
21.236 67.848
21.587 60.457
72.245 27.972
76.12 25.337
13.315 60.228
68.344 29.765
36.022 14.631
19.806 76.351
39.521 18.731
73.927 71.925
56.489 20.517
55.61 78.113
61.008 56.006
31.167 55.891
78.686 77.196
38.346 33.71
66.005 29.342
51.047 21.199
65.099 86.422
69.792 36.831
13.746 59.749
40.484 38.24
34.229 40.553
24.91 58.553
23.177 58.52
69.978 26.267
65.828 21.128
62.396 65.404
63.846 26.895
65.427 79.192
32.593 22.199
70.905 9.76
78.341 15.145
72.634 73.139
11.809 21.007
22.245 57.363
67.573 76.287
66.84 73.348
62.4 72.461
62.195 75.846
66.533 77.747
25.42 59.012
21.589 54.443
33.672 57.246
66.203 37.817
67.299 70.758
17.638 30.233
61.926 76.815
66.346 86.98
25.051 17.83
27.991 27.063
64.49 68.078
74.146 75.0
70.682 14.683
60.799 38.52
32.496 41.106
29.9 30.516
62.302 94.876
21.597 69.279
61.308 69.697
78.392 85.233
44.537 27.103
73.795 63.542
70.449 24.248
53.862 38.777
79.585 89.52
70.556 33.136
73.081 14.288
70.244 84.161
56.475 31.951
67.886 77.49
20.55 87.489
55.659 29.742
26.976 62.647
37.3 33.586
62.576 90.291
64.499 24.395
14.318 54.942
26.624 26.01
32.836 18.069
64.141 16.39
29.431 9.097
28.85 65.714
56.667 79.697
15.655 72.885
29.284 68.329
39.325 23.718
52.604 24.323
24.601 25.063
14.287 59.484
27.663 25.632
71.897 23.037
58.78 23.258
29.157 78.149
28.223 78.277
24.555 53.779
75.01 76.41
69.452 25.653
76.341 76.248
70.427 90.063
66.041 36.829
80.525 83.629
69.369 58.541
19.996 72.169
67.972 16.606
68.571 71.858
59.396 89.787
35.451 57.385
42.106 28.966
76.784 79.959
29.009 25.313
33.366 19.547
21.421 63.853
22.837 69.43
28.922 24.397
78.672 21.45
66.791 64.837
77.538 75.197
15.921 25.023
8.863 64.271
28.826 37.052
36.675 34.835
64.11 77.048
69.472 71.357
27.934 57.667
67.791 39.854
13.713 74.561
27.595 30.211
28.48 72.948
35.608 57.438
64.965 30.993
78.029 60.302
70.203 77.41
38.437 78.285
31.847 70.862
20.952 44.41
12.95 52.533
24.252 24.419
13.034 58.501
81.91 96.159
61.431 89.44
59.555 84.033
23.048 74.063
62.606 80.126
50.364 74.064
67.846 31.248
31.563 19.203
23.036 69.199
58.076 79.584
18.679 76.533
34.346 77.849
25.619 62.257
20.362 94.716
61.638 81.413
25.395 26.053
19.784 88.484
37.698 34.625
85.807 17.419
75.3 87.557
34.769 21.431
23.443 23.911
26.008 67.79
21.358 58.321
60.6 83.866
67.819 84.742
58.581 19.463
56.061 29.819
73.75 28.764
62.776 89.943
34.787 27.971
33.036 69.842
60.513 86.975
66.83 84.645
67.375 90.604
56.693 23.673
65.18 15.026
32.693 27.925
32.838 65.156
11.231 69.694
29.949 44.188
34.502 75.242
74.898 68.366
61.262 27.582
59.574 90.144
71.667 27.601
63.967 79.092
73.704 79.441
19.117 58.203
21.901 49.277
76.873 27.252
74.107 68.515
21.213 39.486
35.719 66.834
35.703 55.52
23.779 66.429
57.465 87.204
66.978 34.088
74.487 87.677
20.236 53.261
72.185 81.175
71.319 31.276
30.567 69.324
26.208 34.4
58.738 23.094
22.799 79.345
70.336 79.848
24.55 25.464
19.77 56.253
72.72 58.422
24.461 79.166
23.382 69.622
29.593 35.148
26.407 62.615
70.28 73.12
60.483 23.484
65.001 83.555
17.389 65.958
36.048 20.124
83.697 30.048
34.56 26.023
52.431 20.968
34.167 57.72
21.302 63.281
66.44 84.512
37.381 30.044
66.592 29.291
64.486 41.483
68.334 82.026
17.208 72.294
69.283 20.919
65.049 28.169
64.338 81.379
18.613 71.768
26.498 43.849
63.452 26.976
19.473 29.024
25.384 25.678
45.171 32.113
29.039 20.381
17.292 69.949
19.327 9.06
10.816 66.93
32.479 26.999
33.652 65.754
56.721 19.676
72.308 79.613
29.5 67.529
57.197 78.605
76.931 74.816
31.533 13.248
70.684 17.27
70.498 73.172
73.241 76.944
24.008 32.619
37.058 19.744
82.139 66.439
34.04 61.101
75.43 75.829
31.637 64.649
59.576 75.321
56.564 16.125
31.355 10.994
28.658 72.707
70.492 33.43
73.127 88.182
39.4 67.437
29.736 26.871
36.155 43.901
30.548 24.172
74.403 68.666
68.025 16.031
28.869 30.787
63.582 73.015
53.686 77.581
92.8 75.84
83.131 10.516
22.698 55.1
79.706 31.32
22.761 31.849
64.577 84.48
63.702 83.04
61.822 21.999
7.411 73.241
66.042 70.064
59.624 72.01
26.883 54.818
0.209 67.319
33.477 22.363
53.877 70.982
35.612 39.712
40.132 48.783
56.499 31.051
60.373 38.681
44.633 38.166
70.98 26.287
57.323 36.913
35.61 42.646
57.255 22.14
27.188 68.858
62.96 56.728
60.234 48.949
78.628 92.942
62.973 32.191
85.728 75.49
62.929 19.107
30.085 66.841
33.973 34.291
68.281 28.502
4.805 61.307
56.777 23.087
20.885 67.362
68.714 79.146
47.262 13.268
48.258 96.033
44.551 31.567
64.781 34.776
24.416 70.162
71.279 31.64
29.785 12.693
33.431 72.63
48.31 44.254
35.693 23.59
62.465 76.861
29.927 56.292
15.556 73.145
27.963 28.109
82.477 79.841
62.984 28.321
39.639 7.021
29.817 79.706
37.617 26.014
24.579 26.956
71.371 16.736
21.3 36.812
13.434 60.065
66.758 33.395
15.71 59.896
26.897 68.909
60.344 24.486
62.057 36.153
18.701 81.056
67.446 74.734
63.826 19.555
55.836 76.787
32.409 80.887
66.932 48.121
73.236 79.999
27.375 22.59
73.86 67.801
39.475 63.941
58.807 84.002
59.259 15.173
62.461 81.862
46.938 11.582
53.938 25.424
78.276 81.316
23.024 73.521
67.15 17.851
63.481 25.183
24.138 37.162
45.453 28.303
24.842 65.023
19.486 54.567
76.812 18.042
77.844 84.205
63.663 84.979
65.017 73.16
23.113 70.857
23.233 26.259
59.13 22.02
25.792 62.044
31.046 66.84
64.614 88.194
68.539 82.81
46.223 17.245
32.666 39.8
21.251 32.447
21.405 20.481
71.625 84.049
57.367 86.462
60.927 30.312
51.254 79.253
37.289 25.668
28.309 35.692
36.431 31.657
20.475 24.956
31.731 89.117
33.302 55.477
73.684 39.742
31.606 23.614
70.523 66.708
67.082 86.632
28.939 5.784
11.44 21.257
31.164 22.814
12.12 59.856
61.02 72.986
36.467 30.813
25.746 58.478
12.646 18.081
42.905 13.456
20.372 30.017
69.72 80.109
63.376 22.387
30.736 16.799
20.841 65.259
35.872 22.26
60.514 73.692
17.643 20.377
59.908 34.085
38.508 26.163
68.74 31.14
94.578 70.378
67.003 29.936
29.013 35.251
31.363 43.941
65.464 9.654
28.781 66.848
61.382 13.429
60.106 32.794
18.034 59.756
73.395 79.987
19.024 63.383
55.803 24.181
76.75 69.808
57.333 78.972
36.249 66.413
24.968 75.632
23.189 33.165
26.033 68.44
64.818 26.165
71.607 22.754
3.407 50.95
70.612 8.579
78.577 77.324
61.425 74.181
69.09 30.844
70.393 24.492
61.48 94.017
61.046 25.869
64.413 27.167
20.052 9.188
22.899 67.375
70.145 34.891
35.873 22.336
60.282 13.437
72.611 79.216
38.985 29.093
38.713 22.782
24.996 62.466
31.72 74.336
5.607 67.428
31.47 33.05
24.671 66.344
31.441 80.501
71.547 18.81
69.119 72.557
61.957 32.843
25.495 22.107
31.191 23.791
61.208 85.864
62.178 69.784
59.258 81.787
74.176 12.172
35.843 34.528
63.468 81.05
72.045 71.702
56.324 66.834
70.376 80.338
20.609 55.673
10.628 41.155
72.272 86.002
67.882 83.638
32.222 27.557
56.192 77.072
76.013 79.04
36.821 24.742
58.023 21.94
25.827 26.357
60.302 31.975
84.595 71.137
37.512 32.11
66.573 81.575
40.074 16.135
36.611 24.291
47.583 25.853
18.344 61.488
59.456 92.168
73.075 85.42
21.335 74.155
26.755 30.163
21.615 62.159
33.036 20.209
30.501 34.011
32.259 33.244
19.621 62.517
33.08 34.671
62.571 30.602
67.879 77.987
72.626 45.65
31.89 30.619
57.567 27.344
79.797 68.169
51.295 23.099
32.218 27.558
67.341 70.925
21.413 40.888
69.27 22.624
68.583 87.506
73.751 81.635
41.131 27.175
74.954 82.306
33.845 21.989
62.703 69.829
62.71 37.294
56.372 36.273
65.273 24.191
31.532 75.158
69.555 84.185
73.607 30.606
12.01 65.199
23.193 64.786
73.945 21.762
63.693 75.01
27.908 24.522
14.67 15.605
34.837 26.584
14.695 35.496
68.954 28.148
25.31 56.564
71.595 16.568
32.731 21.989
69.656 69.564
6.423 53.967
29.05 74.777
60.735 23.443
27.192 33.25
64.713 71.81
17.538 65.721
14.903 78.217
66.253 32.326
55.29 27.251
26.304 69.744
14.413 83.05
52.305 23.588
78.545 77.422
61.895 67.716
25.538 64.474
66.184 63.537
76.623 74.457
70.108 86.729
71.546 78.67
57.455 24.503
16.149 57.724
18.394 75.011
27.757 24.822
31.474 52.182
61.079 26.785
70.681 28.283
48.562 24.636
73.342 82.14
58.007 71.931
64.673 25.416
41.681 41.184
63.481 31.766
67.75 29.807
39.382 16.678
45.828 68.812
12.638 81.505
62.396 68.04
39.558 28.455
29.898 25.733
29.954 71.759
23.083 20.737
40.666 28.143
29.782 53.733
62.369 87.677
76.538 68.182
62.999 93.07
70.162 29.538
28.111 56.907
49.331 47.763
33.136 19.169
53.987 21.083
63.454 86.834
15.512 69.689
25.621 32.399
66.197 73.145
76.004 75.277
71.454 82.14
77.621 75.47
40.06 19.133
35.433 70.956
59.825 87.416
65.372 74.598
66.921 19.514
55.021 37.063
61.347 17.981
53.815 29.325
59.741 16.829
69.169 36.443
65.375 66.627
25.754 22.104
36.657 69.435
32.012 62.736
41.392 12.782
71.656 18.043
60.662 22.395
38.764 45.241
55.006 28.146
67.423 82.535
69.385 77.425
21.63 22.66
63.565 20.137
83.26 27.279
24.347 65.131
23.58 23.063
4.832 79.059
66.338 28.097
72.033 21.516
61.737 27.579
63.052 79.582
51.828 31.846
72.034 24.084
53.274 80.932
65.358 73.472
54.816 23.63
31.641 54.697
39.889 30.751
67.663 93.697
63.697 79.59
58.152 26.414
13.335 63.503
24.197 57.159
68.148 82.285
63.877 30.573
71.055 23.104
21.87 73.396
63.228 67.385
17.828 69.79
64.604 92.176
55.093 22.336
28.437 64.897
64.136 23.159
65.617 28.776
32.317 69.021
57.699 13.297
65.563 19.087
33.951 23.536
29.957 16.655
34.253 33.458
12.425 64.88
29.597 44.163
60.322 16.275
71.619 79.454
13.098 76.31
65.73 19.206
76.522 80.857
24.94 28.488
69.256 68.998
66.276 44.62
38.475 26.286
70.854 79.449
30.441 32.11
24.891 27.88
64.857 17.071
52.714 11.71
20.732 63.394
35.692 58.377
73.439 81.909
31.342 66.477
23.98 69.639
32.871 30.683
28.376 30.353
26.807 22.06
74.575 72.292
18.309 60.482
16.598 64.129
53.123 44.951
75.766 75.228
34.782 69.332
37.406 20.839
60.133 31.063
73.933 73.457
23.079 57.171
16.59 59.151
31.889 16.984
58.932 72.327
22.098 84.814
31.339 70.92
22.47 72.417
49.137 72.435
34.242 65.491
72.032 24.712
31.759 24.744
23.124 30.83
22.129 65.788
30.227 71.077
62.326 75.872
31.469 37.964
42.132 32.306
62.561 30.056
75.605 74.778
24.935 83.42
59.214 87.667
22.13 54.789
60.734 91.325
45.153 23.315
78.45 76.304
28.233 60.418
59.711 84.313
67.3 31.06
28.769 83.541
61.908 83.95
16.112 75.518
43.496 44.098
70.887 16.858
31.251 20.054
33.274 77.591
28.638 62.486
16.863 53.035
74.463 14.383
15.599 79.33
60.675 30.249
65.829 32.468
32.468 20.483
71.061 32.439
32.131 24.019
74.444 85.613
68.249 29.071
41.284 35.019
75.642 81.347
54.588 86.14
67.664 78.568
2.612 56.875
70.732 72.097
59.913 24.227
72.977 70.224
71.13 85.871
33.137 24.018
32.078 27.379
6.614 62.488
12.953 61.092
69.399 40.885
61.36 66.425
73.609 78.419
14.247 66.776
60.144 24.809
18.306 70.053
32.999 64.042
63.628 72.58
28.625 67.519
34.194 25.841
69.789 26.406
11.001 53.646
67.115 29.883
61.116 31.022
32.86 38.992
64.503 23.803
84.748 81.989
74.821 16.845
63.939 31.244
23.47 65.973
76.004 76.697
64.649 34.634
27.115 67.926
65.521 38.185
49.076 23.821
17.231 54.391
77.489 79.388
63.58 71.344
17.758 63.017
64.73 26.568
61.891 78.793
18.464 24.192
71.135 80.587
65.873 6.739
53.473 14.949
55.675 81.227
68.625 28.438
27.263 62.962
73.378 21.393
53.946 20.207
30.942 37.74
35.617 41.069
72.145 73.89
72.753 70.299
29.575 65.353
36.061 16.22
69.298 83.945
21.855 29.792
31.319 69.478
82.317 17.067
34.604 30.951
64.057 87.942
64.426 31.437
38.467 22.878
28.933 60.663
65.161 98.012
66.713 65.047
31.074 34.845
30.658 23.478
64.617 66.377
36.753 34.744
30.751 31.324
33.112 65.151
60.111 69.659
25.441 55.236
40.797 39.516
64.208 19.338
41.461 12.86
33.403 19.194
38.064 69.983
77.492 78.086
69.271 25.993
38.027 18.964
62.674 30.641
39.088 18.546
75.019 36.964
26.37 23.106
57.991 10.32
34.191 24.802
71.312 30.85
72.736 82.824
75.266 70.861
23.232 18.817
42.908 34.678
56.733 25.673
67.067 78.929
33.084 50.646
22.553 60.116
68.544 44.031
57.845 75.34
63.884 6.87
66.93 29.004
65.439 76.17
61.549 31.769
19.542 64.241
78.21 72.555
64.147 21.49
34.003 18.823
88.657 34.699
86.155 85.459
64.541 22.423
30.049 28.545
32.377 16.709
61.549 79.46
33.797 71.172
31.579 26.609
12.854 22.937
31.618 21.285
68.313 21.035
14.844 70.877
21.853 60.138
54.281 30.546
65.06 23.573
27.401 57.092
18.468 68.255
66.293 66.204
74.942 60.472
70.991 34.788
66.178 24.11
31.844 66.029
42.403 26.924
62.327 42.367
55.965 13.533
60.574 14.55
63.201 93.731
77.374 32.971
25.964 66.234
29.467 38.182
20.157 16.834
68.21 63.821
11.939 74.899
72.18 75.173
73.824 24.228
51.562 23.855
40.326 24.31
66.528 32.739
71.45 64.38
24.728 46.689
31.809 59.462
65.949 32.457
64.064 81.727
74.852 78.926
26.728 17.833
40.291 28.146
80.525 25.817
69.832 23.568
20.349 79.584
45.322 27.734
69.032 30.341
64.143 28.185
67.921 13.59
63.905 44.233
61.975 28.842
29.836 73.94
68.595 81.209
70.779 31.933
42.412 27.79
24.945 78.085
70.126 83.487
71.736 23.149
34.695 32.515
27.088 74.382
23.377 32.632
77.747 73.308
77.0 63.236
58.513 24.692
28.746 30.734
57.725 25.055
63.929 39.407
83.768 24.287
33.384 22.624
68.494 31.616
72.434 67.333
65.475 77.38
78.983 78.519
22.931 72.359
58.99 29.264
59.935 22.031
26.066 11.151
67.267 77.267
67.007 27.859
18.469 72.034
26.707 70.777
26.659 14.834
28.564 30.301
26.08 22.48
36.802 17.94
28.441 28.97
72.674 22.605
72.971 19.469
39.274 26.003
24.677 22.718
7.36 72.475
20.656 68.266
69.9 30.002
29.518 23.049
63.543 31.917
37.351 61.242
10.778 28.87
65.233 23.032
73.647 9.927
7.172 21.374
32.083 39.005
76.971 65.939
66.09 25.967
57.292 23.495
18.912 20.291
30.014 56.437
8.329 70.166
63.748 68.217
28.847 22.969
59.927 23.518
55.513 18.708
53.593 76.754
62.997 70.668
55.904 13.56
68.55 34.36
65.066 77.006
33.268 72.247
28.23 22.63
53.559 22.962
29.706 34.206
21.169 69.054
26.227 23.262
35.338 67.872
26.498 60.083
70.095 21.521
60.804 21.231
30.249 34.324
28.344 58.93
37.337 55.145
32.119 42.274
64.397 21.323
35.181 56.149
79.252 25.482
26.339 68.232
65.258 82.034
44.462 39.683
23.872 28.837
64.345 86.808
80.878 77.537
19.632 58.06
24.572 62.469
58.237 14.654
71.337 80.052
75.178 30.069
44.957 27.092
37.277 17.995
77.802 34.995
79.336 72.532
36.581 32.19
84.757 83.968
62.918 75.217
29.575 59.798
64.618 76.754
45.311 25.932
62.736 71.052
61.306 90.423
16.205 61.208
33.364 30.947
20.148 73.409
21.165 63.027
66.105 87.09
37.739 28.816
52.739 73.203
49.977 33.104
68.855 79.243
41.154 16.491
45.237 18.302
57.45 67.116
25.503 62.934
70.063 18.615
59.019 25.398
55.188 86.287
62.284 20.862
57.996 75.767
14.244 59.288
62.798 69.523
52.833 85.0
49.929 26.867
58.641 19.153
28.324 17.945
12.651 59.479
14.699 64.685
14.22 62.881
51.673 17.76
56.669 31.244
61.26 22.223
53.322 84.382
16.351 67.042
75.942 71.931
19.141 23.718
58.945 69.603
30.252 24.99
53.027 74.607
61.106 27.262
68.597 83.022
37.511 72.082
29.997 41.698
72.523 92.573
35.025 20.498
26.898 69.447
67.664 78.794
21.044 74.387
60.358 31.544
73.191 82.942
15.153 55.21
71.154 21.693
50.117 23.137
63.992 34.885
28.342 37.046
65.43 12.162
55.15 77.909
34.506 29.727
66.853 87.335
22.732 50.686
65.482 81.12
69.659 25.465
31.476 73.787
28.668 64.14
67.063 19.551
18.571 34.675
69.077 70.419
54.379 21.782
48.807 73.903
62.894 20.296
74.175 39.629
33.878 13.998
67.076 82.834
65.367 34.546
23.069 70.667
28.743 26.244
60.318 34.783
69.788 29.187
56.182 91.156
63.024 19.976
58.637 16.353
22.392 56.058
50.273 87.309
15.819 67.607
73.657 29.762
21.945 28.882
67.695 74.499
17.261 58.522
21.775 57.303
26.464 68.78
71.395 82.868
72.33 17.133
76.413 83.358
30.187 18.849
65.185 78.057
36.666 18.258
24.957 18.001
23.399 51.198
18.122 27.323
64.056 26.742
14.5 76.824
42.481 31.675
30.079 23.039
24.842 62.231
63.129 19.263
25.467 29.07
6.911 67.566
12.127 68.818
33.724 53.652
47.606 34.016
45.59 31.603
29.559 27.851
57.999 86.209
61.473 79.081
65.481 25.769
79.78 73.858
35.298 26.895
72.878 24.095
39.889 60.503
23.535 54.482
74.397 12.731
30.111 26.854
77.786 38.777
75.639 79.821
63.041 86.138
26.296 78.902
73.475 31.088
75.002 88.765
58.51 89.605
64.794 6.901
66.255 22.428
74.031 37.264
53.375 79.604
65.784 24.491
55.44 8.677
56.583 83.604
21.326 20.044
63.681 87.66
31.79 18.215
48.046 15.011
8.773 57.581
29.273 35.075
74.855 78.054
80.306 71.68
26.132 32.034
64.962 64.587
18.633 59.576
20.474 65.449
72.026 24.965
16.078 79.14
70.046 17.054
60.454 78.593
54.212 68.116
70.709 63.139
30.161 28.443
58.31 32.484
60.517 18.415
68.441 81.577
24.196 46.409
8.483 55.653
63.351 18.856
31.629 30.105
24.609 64.861
28.781 25.036
20.13 68.265
23.058 73.621
32.824 78.103
65.155 20.451
27.114 72.858
79.576 34.327
61.042 29.138
63.012 71.654
66.072 82.332
67.266 64.544
31.661 69.912
68.346 31.785
63.462 32.745
58.938 68.985
73.115 89.138
26.166 51.037
68.789 31.123
30.032 67.391
39.521 18.499
32.026 29.846
43.36 27.268
69.865 68.6
58.423 9.965
32.065 59.432
61.642 75.048
6.641 62.428
58.415 74.346
78.871 18.43
64.579 64.526
29.394 27.125
65.306 29.559
28.122 25.992
29.231 74.32
56.463 13.54
10.041 21.327
34.797 77.246
66.444 23.478
68.057 69.373
22.519 63.789
38.111 33.475
27.824 66.154
64.079 83.375
71.589 81.213
25.71 68.77
22.434 60.848
62.46 27.907
51.2 21.362
86.411 71.746
68.37 79.278
22.225 57.246
83.815 93.598
5.883 23.167
66.716 38.152
24.379 58.304
38.269 40.126
27.801 66.891
28.898 63.414
46.806 22.041
78.549 23.233
21.317 27.229
29.588 72.709
29.881 26.036
69.66 22.432
70.102 69.774
34.98 34.396
70.453 68.44
34.26 33.12
25.899 56.147
11.004 49.477
21.798 76.373
26.515 29.525
69.928 88.504
70.04 61.253
36.113 36.793
18.721 40.052
12.088 62.823
21.762 63.369
19.481 75.002
28.45 56.47
55.347 82.58
35.261 30.948
59.814 84.076
71.858 15.606
33.394 35.635
17.157 32.021
74.286 18.801
12.659 72.207
61.344 70.341
72.905 24.156
70.143 62.548
68.871 80.773
59.481 34.463
66.147 79.958
62.544 24.165
65.273 88.56
15.994 76.256
21.531 33.447
24.218 63.182
76.348 38.456
78.507 80.957
62.318 99.111
57.012 82.748
56.22 74.267
30.193 68.311
73.017 14.533
76.919 23.214
30.797 26.464
73.566 37.591
71.91 99.242
64.015 37.549
31.113 23.394
68.281 92.107
30.204 60.708
11.293 75.214
61.812 85.063
77.897 29.079
23.618 71.305
57.334 19.979
66.244 82.43
40.134 19.261
63.763 26.617
61.785 79.581
21.543 62.529
63.952 24.639
13.96 83.764
22.314 64.44
64.12 17.301
74.928 86.591
25.43 26.545
80.41 68.582
68.03 25.545
27.686 32.932
66.143 20.577
15.441 56.983
58.767 66.529
56.258 32.516
61.097 15.679
62.845 77.138
26.48 30.885
29.732 67.716
58.619 80.445
74.705 90.917
58.13 89.323
62.061 82.034
26.623 18.614
28.536 77.567
82.159 69.794
76.032 33.0
77.398 77.233
20.269 60.792
6.139 66.662
34.489 68.326
68.922 40.736
26.205 71.276
31.798 34.999
86.598 86.493
70.454 64.219
33.642 21.698
63.908 75.588
78.799 74.855
67.526 68.082
67.708 12.225
70.755 92.618
63.501 30.793
27.461 65.716
62.563 16.476
80.679 28.063
17.652 70.849
25.057 55.291
61.901 73.398
61.084 33.653
29.567 25.919
55.6 87.453
63.05 25.388
30.485 68.352
75.43 82.224
24.993 68.625
34.804 29.987
63.785 26.709
33.889 69.197
53.029 23.323
15.18 72.999
31.683 60.757
76.819 30.35
34.429 64.181
62.778 46.366
29.54 63.605
8.935 56.201
21.414 64.361
19.362 26.799
24.535 61.957
71.694 77.951
57.678 23.439
12.133 65.49
19.678 23.722
38.452 12.797
67.696 27.006
12.953 70.223
54.182 23.752
76.896 16.698
56.541 35.151
26.108 56.386
26.477 64.781
44.709 26.834
55.432 24.561
61.181 69.25
75.478 31.326
74.258 76.298
38.988 9.711
66.519 33.209
23.935 74.884
23.394 50.285
26.032 61.447
25.371 26.11
77.865 71.139
27.786 35.11
11.946 53.906
30.658 11.377
69.659 29.131
29.682 33.782
56.231 25.697
37.476 14.723
64.973 87.352
33.681 30.403
62.88 67.906
24.309 27.363
65.171 37.656
63.129 75.166
46.163 25.286
54.423 29.874
40.592 20.562
27.229 29.241
21.31 29.362
25.479 74.448
17.874 63.337
63.594 31.536
67.047 82.671
13.388 72.892
68.232 80.51
32.492 45.057
13.982 62.757
16.757 75.967
70.398 73.699
21.949 33.894
29.328 41.953
21.622 74.571
68.691 25.769
30.121 56.521
58.927 81.874
42.539 7.846
34.26 14.074
63.607 79.744
58.93 24.245
24.149 37.171
18.069 20.733
27.585 58.384
20.924 76.772
36.86 22.476
31.409 15.705
69.756 76.988
27.936 56.533
58.016 24.214
33.247 53.616
36.35 31.022
27.067 28.081
37.889 33.394
84.407 48.445
33.786 32.022
22.607 25.647
71.75 21.577
25.206 40.919
68.644 24.209
20.622 81.776
26.767 67.479
25.872 60.779
11.938 68.946
71.556 42.083
21.577 27.298
31.385 27.236
61.357 28.352
25.374 43.702
75.347 18.81
18.722 63.99
23.361 28.097
61.865 68.084
24.668 65.663
67.261 34.494
79.193 35.885
24.13 64.338
16.478 50.54
76.395 86.16
53.51 28.847
58.951 16.072
77.518 82.833
31.097 23.186
16.184 72.818
72.101 75.106
70.595 71.951
34.473 14.095
51.272 53.489
38.35 26.317
68.248 22.226
7.325 67.916
7.653 65.234
65.068 43.44
80.993 69.13
28.901 65.072
16.089 54.248
22.024 50.679
27.723 63.734
27.092 61.312
70.742 33.13
11.645 68.064
21.636 37.109
29.077 25.365
20.4 29.184
18.264 69.604
20.639 23.847
40.195 34.134
28.066 27.367
63.739 36.174
54.543 28.177
21.598 23.652
26.334 61.275
59.001 66.849
15.881 60.605
23.484 21.433
29.412 19.547
70.188 36.137
16.818 72.619
59.202 76.66
35.286 30.787
23.688 26.359
32.143 5.129
63.322 18.031
45.261 35.484
62.009 28.643
29.115 67.799
66.081 81.032
32.868 47.172
25.507 67.488
25.532 24.728
22.461 56.365
68.205 91.999
21.257 65.383
24.964 27.856
40.571 39.194
58.406 67.222
28.487 29.049
39.015 47.442
36.872 29.942
52.253 32.437
80.495 74.745
46.468 22.544
25.018 74.302
68.468 75.509
17.51 66.153
75.249 81.83
42.555 60.44
12.492 61.134
75.963 74.38
68.744 15.886
55.954 73.908
21.517 79.415
67.575 75.621
27.113 62.253
23.04 69.271
30.809 31.201
38.213 28.717
73.406 85.593
53.819 35.486
24.455 82.581
61.72 28.835
74.041 75.919
68.227 13.565
13.116 67.88
38.645 27.987
70.99 87.211
67.606 82.66
75.462 29.278
23.295 59.339
23.259 28.922
63.13 59.953
36.644 25.23
60.546 26.204
22.653 76.665
52.696 33.333
39.321 63.487
61.461 27.834
67.66 32.983
65.778 26.196
17.49 70.564
25.337 63.01
71.721 26.931
41.176 18.426
83.371 69.383
27.23 13.059
27.31 30.696
18.7 24.7
17.242 25.959
74.093 28.091
24.668 65.629
29.444 73.581
24.609 61.202
58.671 36.267
21.298 64.365
20.574 72.95
26.924 24.888
26.029 66.15
31.938 71.793
21.094 73.365
13.54 62.75
28.997 61.273
66.945 23.237
24.996 29.465
20.132 72.424
31.131 62.321
33.741 18.222
29.351 22.909
71.556 32.277
21.042 56.551
33.292 71.587
67.522 69.463
76.221 75.682
26.815 32.099
35.993 23.085
50.257 27.495
57.293 16.755
68.428 37.61
70.671 23.393
9.779 61.951
23.368 39.708
75.451 86.364
19.802 69.793
54.377 80.41
66.423 66.65
20.563 61.136
26.602 15.994
63.622 23.335
74.972 80.19
37.845 30.098
28.288 24.21
30.513 53.893
16.416 63.626
32.351 30.902
44.401 34.028
66.769 79.62
30.893 58.663
77.329 86.795
27.633 20.081
52.715 32.586
73.898 21.613
26.561 58.131
63.728 27.284
67.555 62.455
22.179 34.276
40.057 22.133
26.754 66.229
43.695 20.233
29.721 16.786
74.708 34.674
60.251 32.69
66.611 74.327
70.426 73.432
23.199 26.169
69.618 80.523
64.085 50.587
18.245 55.425
12.83 54.269
35.497 30.659
31.281 33.291
62.904 83.765
78.886 87.655
22.787 67.62
32.312 58.794
68.646 81.028
31.72 52.062
83.208 62.909
67.283 27.152
75.84 94.115
68.543 23.484
59.156 69.79
71.245 86.862
38.873 25.909
30.346 33.552
28.953 30.339
77.329 36.995
28.49 56.291
52.763 24.653
22.003 70.078
12.554 68.764
61.739 34.253
46.381 29.547
61.885 87.269
61.806 66.792
56.277 23.366
33.377 31.052
86.991 64.849
71.776 38.572
23.017 59.849
16.635 27.729
75.57 21.038
75.497 38.563
72.585 27.418
24.377 37.881
18.434 74.371
64.79 28.584
45.029 84.2
24.838 63.531
26.781 79.736
35.687 33.593
61.349 78.67
75.545 23.325
25.035 35.019
74.316 89.064
67.463 79.186
32.256 33.826
12.856 30.278
62.273 42.27
45.118 12.877
30.2 22.597
18.149 11.302
19.479 42.491
24.355 68.14
14.266 71.824
29.189 62.016
57.968 33.265
28.165 17.274
26.725 67.286
22.493 65.934
74.59 19.772
56.975 25.774
67.148 33.841
22.289 19.163
75.834 21.541
72.513 78.302
25.974 16.927
28.447 63.541
71.145 75.49
32.372 28.327
54.026 79.876
66.928 67.855
67.598 22.939
58.825 88.203
71.751 77.25
64.133 84.089
64.874 83.493
15.42 20.588
20.462 51.287
40.824 17.792
33.476 17.742
77.361 64.915
71.02 27.544
74.117 24.722
14.941 67.867
21.822 69.366
78.816 14.937
29.112 31.995
35.557 26.93
28.12 24.129
17.254 66.77
15.705 68.424
65.042 77.588
52.404 12.564
15.227 70.065
25.221 13.802
64.247 77.106
55.422 27.576
16.392 77.221
31.544 77.197
63.763 85.223
71.394 68.82
43.43 11.861
19.55 31.845
27.18 74.652
18.194 30.826
62.463 33.984
61.739 82.219
89.081 20.401
69.877 35.092
70.424 81.023
21.808 53.703
71.112 73.149
16.739 65.885
31.068 13.837
17.288 74.433
57.627 82.218
47.235 24.442
62.474 65.793
73.91 77.285
30.995 63.922
78.313 91.306
16.578 21.823
5.258 74.978
55.671 76.53
55.788 67.46
65.987 33.979
54.304 71.25
75.701 68.195
60.782 67.041
5.184 86.933
67.734 16.436
26.119 32.447
77.423 75.744
19.997 34.512
61.194 85.163
75.85 28.65
16.909 62.098
70.51 77.287
88.732 76.981
19.656 67.214
57.238 37.007
22.685 62.457
61.262 27.632
60.961 31.199
21.336 65.09
65.243 78.984
67.914 20.076
54.594 25.282
32.798 54.395
71.305 82.161
25.998 76.975
60.874 62.959
61.877 76.013
57.051 32.075
49.861 72.69
7.377 57.167
17.527 33.661
22.612 19.095
21.593 41.623
47.822 68.175
64.674 30.255
40.732 33.987
25.6 34.975
13.936 66.377
26.539 22.444
19.838 79.955
23.226 13.551
30.451 26.342
63.199 82.911
25.758 65.725
47.992 24.906
62.062 31.72
62.338 23.418
35.712 23.687
63.941 16.919
34.782 42.721
54.043 37.753
66.066 16.018
27.471 38.363
18.328 62.876
51.015 31.304
71.031 82.95
67.244 21.613
36.029 53.807
60.97 83.152
31.763 13.895
12.987 52.918
72.584 39.589
16.557 13.061
38.547 24.987
25.7 33.287
72.49 80.895
22.486 55.994
37.23 28.328
86.812 70.95
27.093 45.227
73.968 28.307
27.797 26.845
63.659 23.887
81.076 83.34
14.067 28.026
68.088 25.182
29.447 30.421
13.413 78.19
22.755 29.63
29.405 18.324
26.82 34.489
7.229 67.136
63.199 38.893
31.959 11.056
85.721 97.361
22.325 57.741
16.624 71.081
27.528 34.933
38.271 19.598
5.22 66.54
67.486 15.767
61.911 80.598
65.216 71.026
51.894 15.398
67.741 71.041
73.636 79.744
40.635 9.848
66.293 73.999
35.641 39.334
27.916 26.456
32.583 21.903
18.125 24.914
80.976 63.313
71.902 71.523
58.891 17.551
42.855 20.065
24.354 21.311
60.349 22.026
63.214 26.837
55.179 75.711
75.292 80.263
78.118 92.626
73.145 28.76
34.9 18.333
25.786 68.024
37.078 16.476
64.239 74.457
30.774 60.388
36.667 32.834
68.361 33.267
15.384 19.089
14.712 64.585
65.514 67.037
67.608 18.78
72.665 30.502
67.793 72.589
36.902 31.276
54.509 20.385
24.404 12.877
29.302 28.402
28.938 68.634
30.804 33.338
67.587 27.741
43.212 27.923
14.545 65.783
37.696 60.213
8.66 66.404
68.358 62.127
22.576 35.955
69.298 80.266
14.891 68.116
62.246 67.865
38.314 13.922
68.216 76.733
65.522 29.081
32.336 30.439
47.054 20.246
39.179 41.431
24.997 66.345
69.924 72.592
39.287 69.412
67.688 29.083
52.219 77.091
67.107 81.428
66.063 30.334
34.837 24.303
21.682 60.921
61.678 87.688
28.255 66.272
24.021 59.304
27.367 58.33
73.006 69.229
70.789 18.159
63.493 25.656
42.004 6.706
29.978 64.092
68.563 18.337
18.128 17.618
73.623 87.784
31.789 65.838
73.973 27.823
26.425 62.398
27.258 18.959
68.453 94.957
52.066 70.025
17.847 71.476
35.905 65.574
2.135 69.054
15.766 78.415
35.695 34.216
34.851 94.409
24.672 71.11
31.501 72.012
62.677 77.986
62.323 26.064
63.617 40.165
71.367 70.047
75.602 82.42
27.77 23.339
58.21 73.101
27.212 57.968
76.874 91.346
23.799 67.439
72.1 83.562
30.554 70.273
39.772 52.451
30.224 67.538
68.532 68.616
70.891 70.563
27.266 31.132
14.733 77.105
49.787 25.708
57.44 27.108
33.009 68.478
63.612 79.453
65.45 77.479
22.216 67.075
71.492 77.804
25.759 76.054
68.944 34.913
61.367 74.446
33.019 35.344
24.459 60.432
28.14 30.122
59.752 28.471
59.417 84.135
63.622 81.516
58.428 22.292
55.81 17.543
29.158 31.336
78.388 77.214
70.456 30.004
23.359 71.877
26.48 75.762
60.697 30.252
35.321 69.074
72.451 26.5
34.327 14.938
73.37 75.201
67.585 25.199
74.533 78.126
57.268 18.067
57.295 33.665
59.096 80.852
23.831 28.995
51.362 59.856
67.946 38.859
54.672 90.636
27.152 33.571
30.485 64.021
69.906 89.881
28.459 79.314
20.207 61.599
65.4 0.101
66.69 89.683
60.576 29.367
27.144 76.134
44.832 20.663
67.923 25.239
80.13 28.363
27.452 62.239
37.376 29.926
81.14 81.31
71.759 31.416
15.048 59.695
63.64 68.874
26.87 23.766
75.575 78.609
49.298 10.643
42.935 19.451
24.542 58.199
15.971 72.816
23.67 74.373
68.278 70.755
26.165 21.555
70.212 75.534
40.168 33.718
74.201 76.466
76.519 77.673
51.288 26.78
18.598 74.607
67.396 16.908
84.827 65.693
22.974 59.496
62.408 70.921
49.25 26.027
70.652 30.559
25.558 68.526
26.435 71.858
20.637 80.568
18.29 70.641
86.968 88.479
30.4 23.884
44.703 66.618
32.456 22.711
22.671 68.269
71.131 34.675
64.137 70.851
30.369 25.597
31.78 55.735
27.274 59.301
33.223 32.33
78.348 45.122
72.529 25.783
48.696 18.523
31.258 18.551
34.923 60.451
36.68 66.296
69.806 82.388
63.205 72.38
65.324 69.418
12.603 24.719
29.535 21.119
34.922 53.218
14.349 58.539
24.766 31.98
68.915 22.634
34.073 59.9
20.98 64.504
72.276 79.002
7.003 52.348
33.11 65.54
66.423 87.62
31.294 20.856
11.428 69.767
26.259 31.659
18.213 66.08
28.707 71.503
67.028 39.008
62.703 74.71
73.074 78.816
64.122 14.587
62.899 18.017
26.485 78.966
40.652 31.037
56.873 90.695
71.879 22.498
48.069 37.568
48.109 73.425
30.443 77.965
68.515 22.904
67.943 75.624
37.183 18.376
32.083 55.545
22.003 62.671
61.654 28.72
30.215 20.327
73.934 81.623
54.855 22.927
68.179 29.189
23.516 61.649
70.315 83.954
66.583 16.903
68.658 18.45
67.842 19.475
61.6 36.588
62.053 20.989
56.704 29.186
67.679 40.323
25.413 22.358
31.191 31.177
72.494 31.062
24.67 56.509
57.561 69.896
40.71 28.742
20.813 74.705
41.431 22.854
28.194 34.195
62.027 93.0
68.372 83.539
16.079 36.249
65.917 25.998
21.731 66.705
32.582 23.076
66.906 81.629
19.461 64.91
22.606 49.167
40.147 33.95
68.773 34.446
17.908 76.148
68.336 84.321
73.008 24.059
73.939 77.662
41.761 27.035
20.386 43.298
68.691 85.115
25.316 21.56
66.746 84.703
27.071 17.036
54.615 18.412
69.641 87.952
18.014 69.169
69.249 80.346
64.433 22.749
15.573 20.323
11.587 54.38
56.542 16.638
19.754 70.809
73.505 26.77
75.381 81.797
12.39 70.876
61.889 22.704
74.358 78.194
17.439 63.972
22.723 27.176
78.221 79.389
67.107 26.997
12.197 53.806
19.591 66.319
28.555 23.434
30.686 13.515
69.104 78.699
62.505 84.709
77.886 72.743
11.077 16.447
59.273 30.684
78.895 97.582
70.507 81.961
29.95 16.062
25.654 39.359
13.016 60.614
54.205 81.93
63.48 32.19
68.323 19.848
58.436 22.865
49.49 9.316
18.337 68.958
75.785 79.696
68.396 6.334
59.629 24.915
17.128 61.199
69.725 24.008
29.041 57.435
37.564 52.037
28.846 11.641
75.735 84.729
57.995 64.729
67.143 70.794
15.223 72.747
74.621 74.995
66.963 85.132
14.708 84.348
75.895 38.471
32.877 18.701
35.539 64.935
66.78 36.478
31.929 59.664
30.472 34.545
47.786 83.749
66.487 70.208
77.054 20.956
78.541 84.157
69.03 60.659
24.429 14.928
9.545 66.816
16.663 71.816
69.001 39.466
20.5 59.173
68.372 30.964
32.496 27.001
49.29 17.618
72.36 22.026
55.791 30.67
25.034 9.551
26.438 19.159
17.95 28.068
18.952 63.12
31.028 51.217
60.097 16.873
63.835 35.518
71.306 80.348
61.626 24.345
31.611 68.198
18.658 60.982
17.779 64.834
69.845 79.802
31.808 14.261
17.167 53.604
11.205 66.058
38.737 11.061
56.12 73.136
78.928 78.503
20.549 53.369
17.379 29.309
66.599 8.114
65.09 40.715
18.551 47.014
33.553 58.766
70.475 84.318
53.372 18.343
65.764 88.407
25.069 67.437
71.665 80.523
28.68 25.937
66.398 29.771
78.982 83.578
69.203 22.994
69.678 21.853
73.479 85.548
68.058 75.716
62.866 75.141
34.949 39.947
45.036 24.79
33.083 71.97
54.94 33.18
61.756 32.03
56.962 24.216
39.197 18.118
26.095 29.74
68.111 88.001
66.944 37.198
15.506 74.722
63.504 26.723
62.908 83.272
29.344 31.423
60.765 26.691
12.804 77.405
27.856 17.154
59.025 62.761
19.951 68.271
33.688 79.479
35.547 25.993
70.285 85.934
80.066 12.054
18.465 78.238
77.121 84.491
62.843 84.099
58.559 74.434
67.835 40.183
34.384 30.261
76.856 66.27
24.099 26.011
63.752 71.26
62.661 31.872
61.493 14.833
68.104 99.095
16.806 68.504
30.281 62.187
18.523 50.502
67.729 28.87
31.089 60.291
34.942 17.439
71.013 27.882
36.968 22.642
76.971 16.018
57.189 76.24
65.317 15.041
86.032 19.426
48.737 30.401
20.03 63.252
26.383 33.752
47.297 16.328
6.761 77.281
23.11 59.448
58.804 78.894
62.979 74.753
40.893 18.452
23.92 24.341
58.97 17.366
14.231 63.147
76.635 83.849
61.662 39.819
67.138 23.53
26.784 27.383
41.772 22.673
67.159 42.501
40.001 32.974
14.584 70.475
65.466 19.057
60.352 40.727
27.142 35.116
59.272 33.598
49.014 43.867
32.699 68.307
15.783 61.477
26.227 70.79
67.318 73.63
39.925 19.789
39.346 70.458
60.407 70.929
31.389 24.102
72.354 68.858
39.57 26.46
67.367 94.837
29.249 68.671
67.482 45.205
63.08 76.566
68.538 80.001
63.598 18.495
64.139 78.773
65.991 20.03
67.91 86.587
64.345 31.52
73.799 88.629
54.669 78.219
29.772 70.828
64.713 29.822
75.29 73.204
67.385 85.32
17.964 65.661
21.009 82.107
66.522 35.01
74.263 23.709
8.958 60.004
52.785 32.333
29.101 86.22
60.66 66.136
19.059 61.669
52.175 32.477
32.86 40.546
56.551 30.571
39.168 33.765
17.889 34.561
59.602 80.194
73.806 36.395
11.153 24.549
68.975 69.157
63.469 84.109
65.031 16.601
68.534 66.69
16.177 59.977
33.401 33.794
21.694 15.045
53.045 44.488
21.686 73.141
20.503 75.564
74.864 81.372
28.623 69.573
27.59 22.72
65.438 72.231
20.058 76.409
20.226 66.711
47.464 37.205
64.6 98.742
22.676 64.841
29.405 30.514
14.497 77.592
72.504 81.304
22.351 65.816
40.382 75.075
20.651 32.093
57.911 84.663
76.273 77.794
55.938 37.194
66.792 91.184
25.398 31.964
31.099 23.024
51.477 72.963
30.714 27.016
75.455 24.615
77.593 84.222
80.747 83.157
43.318 6.081
61.118 15.008
59.396 19.985
61.743 78.489
26.584 58.243
32.016 34.967
31.269 18.112
25.66 31.503
68.601 68.414
58.016 24.451
35.828 39.522
22.814 32.04
23.984 15.455
65.584 32.395
68.009 80.707
28.018 24.338
24.694 51.0
30.46 20.63
26.783 61.322
73.815 80.765
60.966 82.466
66.862 84.598
26.917 60.539
31.186 61.929
63.845 85.831
24.648 74.724
61.982 28.061
26.351 61.825
74.71 26.941
29.43 24.187
30.34 33.677
20.025 27.475
63.235 17.811
65.616 9.989
64.78 17.983
22.503 84.683
66.174 43.78
36.265 19.946
25.418 14.662
66.335 19.997
23.115 18.869
34.578 24.629
70.676 79.223
27.036 28.901
70.45 66.785
71.039 16.447
62.35 27.411
28.145 66.531
30.353 25.286
12.59 72.412
43.572 17.464
63.681 73.787
59.551 18.869
25.19 62.42
45.347 44.581
70.508 30.955
65.907 36.217
65.92 72.249
71.187 16.872
35.75 34.275
21.432 62.944
68.723 31.916
71.236 77.324
16.632 75.839
18.036 36.374
70.361 34.825
38.878 67.335
32.738 62.552
59.562 34.716
69.221 86.455
33.562 25.566
21.014 21.08
64.979 19.77
77.324 26.732
21.873 25.335
68.804 86.525
71.328 69.478
14.054 57.118
83.642 33.056
59.935 28.469
34.116 13.219
62.649 25.015
19.487 67.544
69.358 69.95
69.526 68.209
23.841 70.827
28.036 63.475
74.59 75.227
61.102 87.315
59.826 20.609
26.153 57.651
22.966 73.242
22.152 27.244
25.745 61.257
14.21 70.063
26.564 31.747
70.233 77.413
28.785 64.111
74.242 11.896
64.584 83.917
35.29 31.843
27.846 51.178
75.451 73.607
33.017 63.429
70.856 19.736
70.52 20.302
60.764 45.332
68.403 83.262
23.415 22.419
76.335 25.328
62.456 94.966
10.597 48.908
72.605 80.297
41.891 32.923
41.261 18.583
76.78 85.231
66.679 91.671
63.456 79.05
60.883 75.608
36.863 30.316
62.308 78.212
23.472 74.998
62.681 37.91
62.782 76.089
32.747 26.126
20.73 18.474
23.181 68.021
32.845 77.587
55.783 30.422
61.981 38.301
29.856 52.549
53.165 9.029
19.679 58.836
26.292 73.429
73.385 70.532
23.655 66.341
63.05 72.403
47.319 10.853
51.548 89.348
73.31 75.574
74.662 82.597
69.096 77.271
62.581 32.009
34.098 18.907
81.384 71.679
59.666 26.319
72.569 86.643
37.812 30.134
56.087 32.688
15.649 33.618
32.36 74.723
33.726 27.829
19.606 22.422
32.789 30.366
17.871 75.221
87.414 20.648
30.37 64.426
26.481 56.057
39.626 35.555
61.038 81.644
16.033 59.131
65.779 31.446
28.051 32.37
19.629 53.728
24.497 64.844
21.511 70.748
26.984 61.43
32.618 96.015
61.1 77.915
66.652 27.205
30.377 29.845
76.774 67.624
17.776 60.551
28.789 73.988
64.642 74.488
60.229 92.725
12.834 64.271
74.982 81.023
55.234 31.185
53.179 22.43
56.075 80.227
35.219 17.709
35.055 13.748
23.586 30.503
17.549 61.868
27.371 42.052
23.216 36.642
60.282 56.366
70.586 81.605
75.269 74.921
61.821 78.176
18.57 57.615
54.368 6.99
81.308 27.19
32.838 25.496
71.335 70.258
76.466 52.409
65.88 70.589
61.335 85.46
68.842 91.714
82.306 89.441
61.562 16.798
19.025 59.54
59.223 21.806
37.408 71.904
11.491 51.838
62.269 24.493
23.421 78.686
75.731 79.268
39.183 25.515
27.019 31.437
70.514 33.19
32.727 67.717
32.901 71.378
20.095 36.023
73.017 78.824
40.383 65.983
13.108 74.48
28.157 15.052
27.809 71.305
21.369 63.869
61.872 75.189
59.314 78.573
23.731 35.078
87.438 28.224
28.885 67.902
61.335 29.079
49.128 91.739
65.113 26.239
55.904 83.828
35.716 74.914
25.37 57.827
27.153 72.407
16.201 83.198
32.139 29.576
74.245 79.793
60.161 85.811
72.617 20.923
69.845 33.578
30.655 13.008
59.785 70.948
29.126 74.902
33.27 32.457
71.691 69.988
73.969 30.048
63.648 77.364
65.244 26.49
74.025 73.909
58.859 26.781
76.579 60.477
56.193 22.601
26.613 21.882
32.938 28.086
64.837 32.986
62.736 76.521
17.716 79.759
47.586 22.084
27.54 61.874
24.362 71.243
65.942 15.25
17.356 71.288
67.574 17.123
32.351 27.945
56.682 34.197
34.737 34.646
68.233 27.01
82.591 19.453
72.568 84.743
18.659 82.881
12.214 69.007
69.299 76.271
70.884 86.774
39.059 24.626
72.62 78.428
16.427 35.62
28.696 33.021
66.572 77.985
27.016 60.827
26.072 16.381
30.112 71.188
28.825 39.361
15.326 70.926
69.903 47.855
36.554 23.506
60.835 73.496
30.379 10.462
32.312 16.914
72.519 21.182
36.592 60.083
25.107 22.419
59.623 77.837
59.442 70.617
71.387 17.126
69.575 72.216
82.074 81.206
69.364 23.605
26.819 58.027
20.513 31.009
55.562 89.325
23.23 58.446
68.766 27.693
17.79 63.729
25.738 74.379
35.62 68.222
71.085 24.825
14.442 56.342
30.258 36.837
75.613 30.152
70.965 35.034
63.355 84.929
18.444 57.842
14.552 33.241
35.252 59.374
26.988 74.505
65.876 84.601
9.339 25.287
69.266 74.14
57.798 64.445
59.26 21.546
27.791 35.371
67.285 6.459
39.671 33.135
59.61 81.628
55.942 77.301
57.797 25.898
63.956 23.782
62.406 26.305
65.428 71.488
11.944 66.585
63.989 74.833
38.497 40.657
40.839 15.798
21.038 28.751
67.445 24.713
33.923 69.173
39.75 34.276
61.151 9.576
22.366 27.304
17.214 63.563
57.538 36.091
20.785 70.293
61.548 76.212
63.183 70.437
27.888 26.842
23.597 67.47
22.916 21.383
19.423 72.727
32.682 76.238
30.79 36.272
1.197 57.398
37.134 22.222
64.707 17.955
69.974 76.8
23.454 79.879
59.894 38.016
64.834 24.12
59.529 41.476
77.982 39.504
25.325 61.093
72.714 28.309
69.883 64.481
21.395 82.195
69.888 30.259
21.571 65.981
67.807 59.671
8.772 64.086
31.749 22.109
55.238 83.839
27.75 18.251
67.045 80.493
16.155 65.82
57.587 79.547
28.77 75.566
70.214 82.626
30.029 69.667
62.175 28.39
21.657 74.655
27.624 73.173
39.768 20.367
22.377 56.701
87.844 71.669
63.193 77.464
18.895 82.878
18.972 72.859
26.619 61.603
66.549 34.179
28.534 70.639
26.311 75.016
68.189 76.451
81.594 31.62
32.533 20.491
41.706 33.578
61.925 39.148
27.569 55.275
71.133 34.732
19.83 68.559
88.593 82.925
27.117 32.54
29.018 26.932
70.843 74.326
66.047 86.982
62.507 25.528
60.322 61.075
30.387 73.511
29.249 22.474
62.34 74.326
60.687 33.598
38.032 13.415
78.561 24.306
17.424 70.739
27.449 18.625
64.993 71.841
36.745 23.784
34.891 72.17
41.126 20.718
66.119 78.497
22.912 66.126
12.84 69.4
45.298 31.798
52.783 27.345
31.787 21.609
28.193 50.791
56.747 14.08
61.67 9.247
51.147 15.636
62.838 30.069
64.289 28.938
69.096 73.405
20.898 64.856
33.032 32.569
61.267 69.59
76.573 31.431
56.885 18.466
66.232 25.226
69.744 85.367
64.33 84.74
73.178 60.433
72.597 75.518
29.479 29.63
70.416 35.285
62.843 25.096
43.074 23.331
24.691 51.488
69.6 29.157
80.938 70.301
31.387 32.515
67.342 30.538
75.917 28.562
17.026 60.962
20.926 28.428
75.297 76.78
74.156 35.427
22.695 70.785
64.609 80.542
33.188 81.459
55.935 91.572
66.598 77.753
32.886 10.416
65.852 91.559
67.958 17.37
31.01 33.93
67.295 30.59
32.372 60.826
55.421 75.635
17.819 67.256
66.537 69.19
6.087 62.218
67.719 30.707
35.258 22.929
78.962 75.093
59.956 73.938
66.258 62.954
58.652 27.152
58.116 73.639
39.076 74.417
58.802 82.566
77.543 22.068
39.656 9.206
23.047 76.87
21.908 71.255
35.053 29.737
27.797 14.843
74.011 28.135
83.944 74.125
5.783 62.696
15.136 56.456
19.968 52.51
31.732 31.641
62.428 18.332
39.018 45.672
66.244 81.68
14.046 57.804
70.608 41.21
63.726 26.918
23.229 52.228
61.751 23.822
54.516 14.629
32.442 77.061
73.58 61.756
15.679 78.113
60.631 68.167
59.192 26.75
65.926 11.447
62.35 68.012
59.015 68.383
13.999 22.972
73.072 81.828
57.501 67.988
33.69 63.772
18.952 21.781
59.754 77.378
55.756 17.738
66.237 74.879
14.059 74.973
64.969 32.076
84.828 85.35
44.867 20.493
56.031 29.976
31.616 69.273
32.174 35.176
55.82 70.45
74.472 77.692
58.859 26.034
64.679 73.791
60.423 78.028
70.294 34.4
74.759 75.06
72.148 76.875
69.554 35.706
30.745 61.893
84.636 84.246
38.905 24.837
8.901 71.155
62.153 30.334
41.86 21.27
27.29 72.634
23.376 66.307
20.359 61.361
69.101 76.888
37.918 12.799
34.829 18.926
62.303 23.842
66.055 29.797
68.308 21.756
29.481 62.916
70.994 40.105
37.021 21.886
59.542 28.678
15.867 52.669
72.531 28.616
63.075 62.575
29.537 10.655
63.504 30.577
59.257 14.51
24.441 59.578
68.406 78.725
46.412 40.918
18.904 22.22
71.079 82.842
67.648 20.56
18.758 73.52
62.288 31.647
58.813 72.0
20.429 67.861
34.574 23.005
41.653 25.41
37.988 27.273
19.963 25.182
44.47 25.28
59.615 70.983
55.45 84.335
75.394 76.78
75.924 11.419
17.525 29.374
58.683 69.738
55.338 73.954
69.785 80.643
65.854 91.194
55.875 13.962
11.429 68.438
69.281 83.714
30.814 25.366
24.884 33.731
41.303 33.107
20.426 76.315
24.694 70.546
68.175 73.764
67.24 77.039
12.36 25.755
26.385 67.854
30.118 73.26
71.321 32.519
50.752 24.706
59.038 81.14
13.716 65.788
42.916 21.683
29.42 73.984
40.257 17.646
6.792 57.761
70.048 67.353
26.649 71.067
69.964 82.802
77.221 21.785
73.112 7.941
66.987 28.514
72.718 82.001
63.07 77.66
19.266 39.615
56.651 82.829
74.027 83.328
77.654 33.009
39.602 11.42
51.647 78.143
60.718 34.211
37.979 16.476
58.884 81.349
41.492 26.627
77.035 24.091
63.216 68.272
68.587 46.975
36.882 38.844
17.508 9.798
20.029 35.206
68.932 74.224
79.787 74.939
62.908 37.945
25.114 69.219
27.2 68.189
30.715 23.92
33.761 32.256
17.071 65.577
56.141 19.188
17.114 67.81
32.39 23.897
62.098 86.821
23.461 28.998
26.015 28.126
25.505 50.708
29.774 56.848
22.902 19.349
74.005 77.372
64.687 67.311
27.185 21.743
49.79 29.108
61.007 28.512
50.5 83.695
34.954 17.515
27.32 27.837
34.212 26.943
29.822 84.412
66.482 78.61
24.762 17.388
70.407 24.97
20.574 57.703
82.977 75.723
71.003 92.999
33.14 17.447
55.916 63.941
69.006 89.663
60.126 24.541
26.164 72.135
14.032 56.572
52.447 35.831
54.165 83.324
25.737 39.645
30.977 30.68
58.29 28.024
24.662 80.155
81.511 81.524
35.447 29.072
70.795 82.188
23.981 72.543
72.032 33.493
12.93 82.71
33.405 31.494
26.962 65.179
54.843 18.112
25.119 17.342
20.736 57.957
26.462 41.761
62.224 28.693
11.714 66.647
13.384 20.087
28.007 26.604
33.608 26.459
26.974 73.712
44.225 21.974
65.243 27.813
33.727 34.502
27.979 61.41
62.995 16.159
37.924 28.349
68.264 72.09
61.775 65.832
66.342 31.239
81.42 28.747
32.757 24.756
19.118 60.349
77.329 25.931
21.861 28.541
57.795 28.686
70.484 34.341
72.972 76.857
74.96 82.812
66.227 20.318
17.907 62.345
74.582 17.47
56.241 26.843
59.687 38.444
78.153 18.677
24.39 55.844
23.913 66.417
60.995 68.786
58.78 73.08
73.885 66.035
62.658 19.203
49.993 25.747
67.895 34.125
67.753 25.727
22.566 60.115
65.019 85.972
66.983 85.517
41.31 23.21
14.291 76.328
45.466 39.879
38.201 8.01
63.819 82.935
55.306 18.539
20.319 65.376
72.611 76.859
38.32 36.322
75.023 81.293
25.727 58.545
30.408 26.9
78.496 70.454
43.392 30.002
50.496 32.256
24.709 70.264
22.479 64.456
59.19 81.587
21.52 13.9
57.323 17.078
30.847 40.861
37.394 81.119
71.311 92.312
10.641 69.599
71.552 80.745
12.539 56.275
18.167 61.775
37.641 17.319
19.331 22.594
64.033 20.111
30.603 19.622
55.953 19.541
58.351 27.933
70.56 71.296
76.471 82.099
64.19 82.112
72.634 29.552
29.8 56.29
76.174 65.278
76.7 68.395
30.514 23.043
68.634 72.593
82.829 21.452
31.073 30.076
65.843 81.585
25.077 67.195
16.639 61.468
60.29 27.954
64.661 35.895
75.073 80.371
61.481 66.317
26.938 33.67
35.177 43.982
66.277 92.004
35.811 24.273
71.046 74.506
20.542 73.858
29.895 62.767
20.214 57.557
63.615 72.254
25.451 66.962
30.341 30.927
23.656 60.368
8.941 50.443
39.443 22.331
64.499 24.792
68.875 76.706
19.289 61.133
69.672 38.798
20.701 67.121
56.078 20.143
24.307 32.114
31.064 68.824
19.778 68.699
28.778 30.214
61.349 25.391
23.416 65.47
22.739 58.055
68.788 58.791
61.085 31.519
61.583 27.095
23.823 61.758
16.091 61.682
56.499 58.77
56.626 22.292
62.902 8.828
41.776 20.427
25.154 22.769
43.403 33.695
79.084 78.265
39.638 16.634
26.144 29.766
75.403 90.008
28.997 68.761
63.64 35.387
24.327 60.182
42.187 17.568
61.923 20.528
15.43 72.215
21.094 62.165
62.779 70.628
68.512 78.765
60.515 22.627
28.82 76.736
60.431 23.276
67.59 84.742
31.252 37.071
25.489 26.701
55.069 25.102
29.994 32.971
67.17 39.612
70.952 10.76
35.089 33.24
78.031 82.715
84.367 24.823
24.824 26.247
62.312 77.525
14.908 69.992
10.798 31.086
31.021 64.419
71.921 85.065
66.815 66.095
64.584 21.972
24.521 38.887
72.865 92.115
17.804 37.006
27.803 31.068
32.13 29.857
49.997 34.863
57.683 29.191
72.674 73.323
36.357 33.223
54.292 23.194
25.001 19.506
65.626 36.626
31.758 72.008
19.379 79.947
65.003 31.856
63.496 26.857
35.506 17.377
31.14 64.297
72.33 76.385
57.873 75.446
19.617 41.507
15.527 66.809
60.203 29.435
69.593 64.171
70.176 84.176
29.396 29.934
79.475 28.247
61.921 65.994
63.156 22.488
32.915 62.804
77.981 74.296
20.041 54.109
15.067 70.695
19.919 70.844
23.427 68.567
15.698 71.552
22.318 8.334
64.787 84.692
58.558 42.012
76.78 14.384
71.277 34.952
12.849 66.696
67.608 33.769
27.8 31.058
61.697 22.815
80.576 17.217
75.963 71.478
13.608 47.129
42.169 35.74
33.137 29.762
65.672 21.449
5.53 66.915
29.03 34.117
30.189 34.974
39.462 36.212
11.146 66.857
31.403 53.208
71.481 79.589
67.066 24.194
64.436 33.671
43.088 23.103
17.488 75.323
23.301 30.239
72.691 81.187
9.022 74.445
40.384 28.664
22.819 73.949
72.674 83.933
63.212 85.96
62.877 77.297
22.846 61.917
74.97 31.381
25.466 62.303
26.201 60.291
35.397 56.49
61.47 18.868
41.526 20.469
32.71 50.021
35.169 67.142
22.436 59.022
78.875 81.413
22.232 31.541
29.22 66.89
58.405 45.445
21.281 56.582
32.492 38.668
5.285 72.436
62.396 39.149
32.065 27.513
49.013 20.546
22.353 63.206
65.307 26.745
15.4 24.36
30.509 36.472
55.93 76.848
38.658 34.49
50.124 25.422
29.516 24.3
29.822 13.92
31.446 26.291
69.655 40.857
45.601 35.516
22.633 32.376
78.454 84.516
59.488 28.521
56.881 86.167
66.699 18.119
12.876 77.079
55.684 96.767
19.811 65.061
23.563 43.667
25.599 58.813
65.479 75.126
30.002 65.889
19.699 67.64
74.426 40.536
79.341 78.262
31.974 58.097
71.73 83.689
65.568 20.473
70.568 65.364
14.853 68.523
5.953 58.1
33.528 29.894
16.223 21.649
61.238 32.541
76.71 66.557
69.604 35.77
65.291 10.08
17.546 68.546
36.168 28.858
71.185 22.571
1.907 66.116
69.671 37.0
84.115 24.471
64.186 24.94
29.582 37.118
61.523 84.531
23.468 81.049
65.772 19.127
80.155 65.299
71.341 74.94
60.612 71.588
64.361 18.421
37.791 64.732
56.054 28.641
25.086 28.791
58.944 38.977
68.135 79.973
20.922 20.319
29.196 12.219
37.317 39.369
78.915 82.369
43.055 30.257
31.356 27.99
60.521 24.205
32.336 81.253
33.711 26.157
64.274 20.067
69.185 74.297
31.086 25.611
77.832 28.986
36.196 28.224
28.087 63.435
21.355 74.828
57.692 10.655
34.682 61.755
21.928 26.629
80.875 23.701
50.034 36.267
73.717 38.189
33.6 30.778
26.367 79.445
41.762 24.038
65.081 24.693
64.124 25.765
34.18 36.252
24.088 65.132
35.266 38.237
23.999 67.453
67.621 11.31
67.647 29.131
25.142 29.228
13.474 64.695
27.484 23.005
22.659 65.692
57.99 18.116
55.054 80.605
20.091 64.848
66.271 79.944
60.863 22.775
68.029 79.386
66.723 18.699
17.65 30.662
35.626 26.978
33.485 26.283
21.156 26.139
15.501 76.9
50.579 29.696
33.756 25.346
68.072 25.514
12.281 19.343
68.252 83.502
69.922 74.28
75.474 75.493
24.034 68.924
70.444 16.654
26.981 66.584
63.951 32.729
20.577 80.548
22.911 77.392
63.102 31.967
26.91 63.128
69.846 85.772
60.699 69.022
27.925 39.841
55.376 66.018
44.108 26.461
20.176 35.416
66.5 26.717
33.884 40.23
64.798 25.748
19.799 58.584
30.321 74.683
80.723 18.137
27.649 63.751
68.437 71.339
67.471 77.559
57.342 76.844
13.684 56.755
35.268 35.639
9.562 60.976
16.789 70.831
64.075 76.551
23.13 59.841
63.234 71.952
26.52 65.915
24.74 18.747
66.178 16.219
31.325 70.028
17.24 79.598
29.29 25.197
15.163 34.814
76.019 29.915
27.407 53.783
20.672 23.136
85.539 73.588
60.976 22.95
25.467 71.395
24.663 68.861
17.476 24.861
30.817 80.765
32.684 16.621
58.265 87.737
8.588 68.383
66.118 72.269
25.14 67.617
37.924 32.345
62.579 30.403
62.089 24.598
71.045 71.443
26.897 70.93
31.049 79.956
69.832 20.456
71.871 19.045
20.366 58.654
9.948 75.12
53.569 18.219
74.162 84.807
77.676 71.938
26.854 19.359
27.214 59.676
47.019 29.624
25.977 24.024
25.015 34.614
54.356 77.183
68.506 25.618
64.872 24.833
42.277 17.365
26.951 72.685
31.359 68.969
34.423 28.055
71.805 88.578
66.388 90.317
73.844 74.719
56.112 20.209
40.761 16.526
54.243 34.98
53.405 65.487
31.642 32.686
61.596 18.76
63.529 79.234
70.403 33.774
74.012 72.629
54.362 21.604
17.746 61.028
71.535 20.23
31.106 57.257
22.802 39.219
27.287 19.55
20.292 70.68
73.703 77.842
19.047 60.214
23.675 73.261
57.424 76.766
23.129 24.149
36.057 38.389
65.504 31.391
4.995 80.7
38.373 62.861
31.865 29.256
24.319 67.598
33.535 63.931
0.517 58.571
48.913 26.508
60.284 82.727
8.334 57.21
38.53 21.971
71.479 82.04
67.366 82.243
27.938 78.942
82.045 65.968
29.229 21.808
9.023 64.051
32.41 30.06
5.827 80.315
62.44 35.983
9.274 62.503
26.385 83.378
68.503 14.215
22.35 69.014
50.177 33.668
77.968 34.641
59.21 20.199
68.606 71.712
38.936 45.675
66.531 77.127
42.537 33.389
28.296 30.294
64.72 24.56
69.357 23.151
66.762 92.83
34.375 33.337
68.43 87.763
65.788 15.438
32.008 20.56
61.119 31.397
34.444 31.749
26.163 74.959
61.863 26.269
30.166 65.257
19.193 71.568
76.667 68.991
32.919 31.599
60.107 70.917
26.467 52.669
7.784 19.23
17.009 77.063
74.182 73.459
78.642 82.226
37.664 22.651
27.826 30.075
30.378 23.371
25.365 75.372
64.807 36.708
74.492 67.495
28.702 65.276
65.632 29.118
20.633 61.661
73.9 89.792
23.091 69.621
75.545 26.845
65.899 89.162
64.528 26.326
25.118 68.7
63.83 73.745
76.623 22.536
82.405 71.355
59.995 65.884
41.111 56.091
61.241 71.48
31.503 23.38
73.933 80.967
25.528 71.88
48.453 30.587
63.576 70.907
35.751 31.065
60.807 29.208
79.695 88.871
24.838 45.444
18.38 25.273
34.644 25.147
64.705 79.669
32.456 29.365
74.855 79.422
73.14 37.994
22.677 29.887
63.44 24.043
17.533 74.67
23.568 36.276
74.089 74.648
54.647 29.525
59.475 63.701
54.835 33.66
64.043 79.243
76.003 50.199
27.364 51.714
24.073 39.019
30.299 28.89
22.227 80.241
21.758 62.715
72.756 70.711
31.089 41.104
60.768 84.988
31.142 18.559
73.522 23.289
36.184 14.981
24.666 61.682
73.641 20.192
63.806 12.893
63.76 28.353
24.9 65.757
68.953 81.29
79.644 12.789
61.366 65.922
79.288 77.734
64.928 16.847
11.33 69.721
23.458 24.897
63.772 19.577
59.313 90.421
38.666 18.103
56.562 12.745
62.144 94.541
14.868 58.06
24.671 56.036
2.52 12.107
66.622 84.553
29.62 27.084
22.802 35.143
82.268 77.862
62.942 14.822
28.785 22.132
56.364 22.009
66.169 27.91
24.806 19.757
29.788 68.793
47.636 90.511
73.212 25.849
17.327 18.241
68.792 20.608
64.184 92.221
35.81 76.107
60.013 32.759
23.805 51.895
36.586 28.412
68.466 29.058
27.268 58.731
70.25 72.8
14.638 71.015
19.054 73.783
66.461 74.893
69.42 23.357
26.869 29.293
62.011 27.88
59.269 67.969
54.167 61.99
55.067 18.621
62.185 71.157
72.097 83.204
96.899 62.627
68.648 86.722
59.024 36.723
25.719 69.549
29.016 41.715
60.954 38.06
13.905 65.993
10.824 76.418
26.055 18.594
29.021 27.163
46.815 90.752
31.676 73.874
68.977 65.021
62.904 38.039
73.738 81.427
72.13 89.334
64.865 17.173
55.726 70.161
20.197 64.55
51.828 72.369
62.084 83.594
15.072 65.082
32.33 71.558
17.766 70.588
19.649 74.34
24.809 17.597
75.571 82.322
69.458 78.399
23.135 75.825
68.782 39.623
57.967 78.046
73.591 63.298
31.658 70.6
70.231 29.057
59.484 24.2
28.179 66.726
27.162 61.302
21.907 77.069
12.56 66.723
66.318 77.319
17.624 62.227
64.248 20.207
33.458 64.344
56.286 85.962
52.958 36.385
23.535 74.651
29.063 79.314
62.954 21.158
64.366 88.053
23.023 66.25
68.847 78.171
79.276 27.572
78.534 84.979
32.34 52.311
65.701 74.427
70.888 82.029
28.257 22.291
34.531 31.87
78.157 19.425
56.136 81.169
22.55 72.518
33.211 19.936
58.033 31.701
13.291 63.658
75.363 89.11
19.803 27.933
60.818 71.819
57.998 73.902
27.271 27.849
64.847 83.445
32.083 64.732
71.227 73.761
24.881 26.172
23.148 75.883
16.993 72.782
70.803 73.645
15.877 67.439
15.987 54.903
69.061 71.666
54.777 60.226
30.562 67.537
42.396 20.801
76.514 22.347
11.944 67.434
22.445 75.209
41.162 25.718
91.853 71.18
20.911 47.677
73.247 31.061
70.144 16.594
67.386 75.212
19.385 64.108
30.851 61.743
32.092 25.242
60.47 35.336
28.621 17.95
21.476 73.018
34.803 25.569
66.412 22.587
29.824 12.844
20.975 68.653
22.783 24.069
46.507 21.314
49.838 80.072
63.729 74.55
25.6 33.771
65.775 74.332
72.897 87.488
71.945 87.06
28.745 24.603
22.456 18.38
74.629 34.543
66.458 25.552
83.467 32.61
15.682 64.237
44.628 38.974
35.725 35.366
69.385 87.94
25.928 67.633
24.381 25.614
38.099 25.378
74.228 28.912
28.63 52.507
60.763 2.348
40.507 21.854
22.622 68.324
12.391 70.566
52.919 20.098
71.037 20.344
19.727 81.002
73.301 73.516
82.478 73.363
20.345 56.745
27.072 64.817
20.134 69.249
70.959 20.241
37.184 29.887
22.912 69.758
72.213 23.269
38.2 26.763
61.152 29.148
77.364 16.065
59.091 85.465
30.188 22.862
19.081 64.446
64.101 18.258
22.993 66.113
65.647 25.1
75.558 90.627
65.467 75.0
24.091 33.507
71.941 82.045
60.046 40.564
65.161 78.683
29.253 65.985
60.653 76.777
27.732 38.306
70.628 23.167
48.997 88.713
81.004 31.58
38.337 14.834
24.175 72.246
14.239 32.902
60.301 33.843
20.798 58.648
70.033 29.279
60.352 21.368
12.144 76.218
25.231 41.063
28.816 73.135
11.461 70.617
16.662 71.258
26.883 62.102
83.204 75.582
62.002 22.144
38.039 17.881
66.519 16.378
25.079 58.188
66.944 11.609
41.725 19.027
33.122 37.466
41.043 33.013
12.37 72.267
65.926 37.134
19.024 78.44
14.359 61.584
52.779 45.668
24.071 65.868
24.184 60.378
17.281 53.076
34.821 23.7
26.459 24.476
29.99 55.155
30.814 15.42
20.686 65.589
40.414 28.912
28.206 26.801
72.603 27.384
36.108 62.167
55.917 18.742
11.696 58.269
34.267 25.668
37.003 14.612
48.678 28.617
35.816 31.823
34.173 27.158
59.531 22.786
87.289 79.083
59.994 23.403
15.496 60.099
29.698 45.981
30.759 33.574
68.333 85.316
24.784 23.518
81.313 80.394
34.831 41.837
58.793 87.19
61.427 69.564
29.694 44.526
17.513 20.055
63.227 78.005
43.614 18.441
72.604 72.48
28.514 29.828
69.675 85.984
26.876 57.706
18.865 77.755
26.352 16.967
68.664 27.991
81.896 67.789
71.53 17.271
4.852 70.084
47.741 22.433
17.099 36.779
34.468 30.406
21.577 31.255
62.956 18.856
69.616 34.905
54.881 34.283
28.225 32.215
84.846 83.109
10.36 61.651
28.523 20.927
14.607 73.987
24.13 59.903
73.926 78.492
29.535 76.428
21.304 59.931
34.938 21.576
17.218 24.957
26.872 71.131
39.838 52.563
77.53 68.508
17.585 55.569
32.767 21.914
65.24 77.853
68.183 37.507
66.529 22.074
37.568 31.651
58.766 57.098
36.547 32.625
65.663 21.186
25.518 31.429
67.642 24.8
14.631 64.487
67.87 23.758
9.187 63.529
59.595 27.555
80.237 92.741
25.849 33.074
35.068 65.308
65.547 18.325
57.215 27.088
20.267 83.557
23.099 71.649
36.914 57.542
71.946 27.44
59.209 35.108
32.938 31.315
13.077 71.73
64.133 12.697
61.996 14.299
58.017 18.474
56.059 35.79
66.086 89.98
10.671 64.128
16.165 73.726
62.162 31.251
23.368 57.362
68.495 74.497
69.19 79.486
57.849 80.407
37.783 33.765
24.785 65.835
23.684 45.186
17.449 18.542
40.891 64.654
75.33 31.93
70.488 22.005
30.818 34.506
68.371 83.231
65.971 83.158
54.406 80.807
23.733 38.886
73.104 15.621
29.091 77.607
56.314 83.552
73.407 82.48
45.58 16.683
19.214 60.533
45.397 26.469
78.698 21.499
7.631 63.085
62.932 21.895
8.001 50.679
23.2 22.456
23.107 61.936
54.581 70.114
26.412 28.204
35.377 29.344
30.847 46.462
63.804 85.688
67.559 30.918
25.619 69.012
74.187 6.65
71.442 66.276
12.439 27.366
42.29 22.819
65.179 20.045
73.367 98.26
64.869 15.35
34.228 27.889
74.245 98.127
26.834 22.947
22.089 54.414
37.524 26.71
69.269 35.566
35.596 63.764
71.204 13.129
17.434 69.643
78.415 22.237
61.591 21.559
70.896 82.062
65.876 77.99
28.822 66.017
61.951 30.314
61.692 39.894
1.645 64.301
72.684 25.67
68.062 78.402
69.073 30.559
64.53 21.246
23.395 61.108
22.143 52.165
17.776 63.192
73.503 22.63
57.453 32.263
9.34 78.521
26.244 27.374
28.699 29.005
23.423 80.628
62.553 36.625
54.855 5.845
37.7 33.077
32.807 22.672
60.75 29.43
65.14 30.72
72.352 18.431
23.11 62.072
31.924 29.168
39.47 29.864
26.577 54.856
74.983 39.479
57.623 40.6
49.101 30.257
58.776 18.061
72.859 15.937
42.808 59.494
34.781 23.068
78.167 26.199
22.662 64.013
25.876 34.334
18.404 70.935
64.208 61.379
61.677 18.133
38.418 80.092
30.036 64.988
76.755 76.85
61.739 82.026
26.242 35.815
18.815 62.27
25.429 23.536
31.544 55.277
65.686 65.856
71.311 74.62
71.583 38.334
21.118 26.83
75.551 67.017
59.254 39.177
68.078 76.627
13.873 74.239
71.78 81.266
12.103 52.6
30.144 17.762
57.456 74.6
27.884 28.382
65.827 79.733
25.71 59.678
12.631 64.977
57.895 19.064
45.341 29.501
34.691 25.784
56.994 29.625
54.931 12.564
19.283 60.331
71.628 64.838
69.805 30.961
35.117 17.374
20.567 31.247
56.571 22.708
63.003 80.878
33.443 58.917
20.047 75.267
70.581 92.038
21.196 69.597
31.082 28.239
34.326 23.572
63.647 68.041
55.238 25.387
20.601 73.602
60.695 82.856
69.128 28.392
68.6 85.947
69.097 16.679
67.792 26.306
56.715 68.222
32.635 64.771
24.353 76.759
28.416 53.171
52.946 24.448
53.664 81.87
58.165 80.057
49.757 37.055
18.996 53.723
16.423 66.89
20.838 62.571
58.336 35.617
27.25 28.185
13.367 11.937
12.523 72.706
44.94 17.734
28.193 61.781
32.104 74.47
46.842 18.7
36.817 22.326
69.378 21.23
62.467 86.002
18.837 27.078
63.203 24.412
67.293 76.025
35.122 19.12
28.553 59.819
28.77 62.348
77.942 35.92
23.637 20.685
54.128 23.703
60.754 18.798
14.048 77.59
8.936 41.981
60.879 90.938
68.351 82.521
70.223 27.807
60.921 36.507
65.237 74.696
30.422 68.286
64.914 77.429
65.033 20.229
78.519 69.819
73.217 28.198
31.936 74.583
25.348 68.468
44.99 35.333
73.641 80.192
31.829 12.556
59.992 25.936
15.916 57.864
26.586 37.719
72.914 22.638
14.059 22.328
35.172 18.606
81.028 37.706
58.268 68.915
52.927 24.307
69.623 37.053
75.017 23.139
37.213 35.023
31.694 13.932
36.075 73.644
45.765 33.293
20.38 69.583
17.022 62.843
38.477 25.388
28.862 68.908
23.088 54.457
26.16 16.504
64.268 91.708
13.0 67.656
28.924 26.541
13.312 61.122
73.619 34.313
27.807 24.733
71.665 24.062
25.452 57.788
29.095 16.479
62.328 19.938
67.58 65.326
33.294 60.692
59.685 86.39
63.336 83.399
67.988 20.753
19.145 62.86
64.371 35.065
72.365 33.98
28.151 66.008
26.367 30.351
72.144 13.301
65.359 21.435
22.079 13.474
53.239 73.484
30.128 24.379
70.852 31.134
30.462 35.7
27.329 21.639
74.775 71.085
35.162 32.166
68.611 18.666
86.226 24.583
62.15 74.909
28.919 37.663
73.872 70.599
23.167 62.293
9.395 62.208
32.662 70.142
75.82 24.424
60.257 25.583
68.842 31.637
60.503 85.876
32.637 24.976
28.437 60.235
67.207 68.784
36.903 31.608
66.113 79.209
11.988 71.255
60.898 40.307
27.793 24.756
26.216 63.094
23.226 38.626
64.091 28.535
17.652 21.534
14.486 55.51
24.11 78.706
27.703 72.943
33.18 75.465
66.332 26.834
38.735 16.109
28.409 28.74
76.877 84.357
72.746 72.068
38.838 24.185
50.431 37.249
24.011 77.411
15.899 29.339
23.461 52.327
55.778 31.529
21.715 61.066
24.834 65.368
26.458 66.7
66.831 70.145
66.308 78.185
22.157 64.461
62.823 87.225
17.427 61.199
69.826 22.098
18.6 24.818
4.522 61.134
67.772 92.52
11.426 74.368
29.196 72.56
58.295 83.263
70.778 87.549
14.294 48.659
29.341 84.844
24.854 72.313
69.252 21.269
55.219 35.942
57.565 72.855
72.461 89.019
80.698 71.84
64.084 24.587
34.944 68.541
33.813 48.701
62.41 26.761
54.654 79.483
25.358 40.598
29.914 77.058
68.483 22.874
24.825 57.59
60.937 15.796
15.479 73.282
50.571 85.996
73.758 89.851
25.884 59.434
66.04 31.407
55.123 69.032
62.229 22.425
59.597 36.989
65.614 20.565
68.85 17.721
28.119 73.432
77.551 23.193
66.559 78.322
71.727 20.916
66.241 81.658
69.283 22.552
27.229 75.718
65.257 19.34
14.766 70.134
47.271 28.159
76.109 75.431
68.218 28.762
65.002 75.082
69.421 23.696
39.44 20.282
15.295 68.962
8.533 66.401
33.858 21.71
69.667 69.378
38.725 27.383
17.149 66.321
70.72 81.255
18.144 69.642
52.251 28.919
69.342 31.382
15.166 69.19
64.125 71.527
74.751 32.778
11.549 55.085
78.892 79.247
20.464 59.602
22.485 61.506
30.732 76.103
71.041 36.208
70.603 82.579
32.367 27.454
69.609 27.152
65.018 81.757
3.897 58.451
30.439 24.643
27.166 31.2
29.994 26.149
13.575 79.747
58.787 11.016
81.208 73.038
43.837 29.853
80.277 30.473
19.257 34.691
27.969 60.587
53.636 25.774
71.011 77.55
58.376 76.609
22.025 31.749
59.726 29.078
22.848 31.49
80.302 89.752
57.904 21.926
81.293 82.435
25.202 59.347
34.086 43.444
28.085 36.42
57.3 18.037
73.093 29.447
23.433 73.278
25.482 21.21
22.155 70.741
42.16 71.978
76.296 82.008
32.106 37.038
71.378 79.429
27.812 25.646
36.436 25.907
29.161 59.734
70.741 33.078
58.787 28.12
16.721 65.459
18.93 50.185
41.994 22.824
36.421 54.784
68.221 21.468
11.956 81.274
29.285 33.933
79.597 86.614
44.033 30.146
74.776 33.903
31.879 25.224
70.108 31.295
23.953 61.591
69.385 28.262
34.22 8.33
25.803 34.746
11.592 57.877
32.162 57.081
64.364 90.911
13.208 67.62
70.861 29.502
39.586 51.995
78.96 60.841
32.327 69.67
59.403 22.305
63.626 21.886
69.555 25.809
26.375 18.397
42.715 19.402
17.753 80.153
42.828 26.814
31.867 19.071
68.905 60.011
76.127 16.037
20.866 74.327
27.358 64.254
9.238 50.666
66.764 64.084
66.995 87.898
20.006 73.98
17.51 55.488
75.467 74.083
31.372 43.23
19.202 63.587
30.072 23.855
68.463 40.559
16.617 29.045
80.458 83.867
55.376 30.046
36.452 13.319
15.442 64.496
14.385 53.877
78.322 77.836
30.752 38.164
23.622 17.229
64.121 81.748
69.394 82.459
65.605 89.222
71.239 31.269
69.159 64.389
15.689 73.606
25.293 65.661
24.58 30.27
26.713 20.053
51.855 76.577
71.298 80.731
27.481 27.662
65.27 85.676
52.593 89.402
31.973 58.614
79.854 71.956
69.672 71.069
8.406 80.572
30.813 13.812
27.825 64.132
23.081 64.531
29.513 69.864
61.592 34.157
30.708 30.04
73.339 65.109
70.101 83.359
42.994 23.518
38.576 30.499
34.671 28.892
38.051 11.489
25.952 59.806
35.071 67.138
79.845 22.029
22.174 25.924
33.35 22.19
69.556 14.728
63.24 33.863
47.106 30.57
67.847 68.876
71.497 19.123
24.811 19.854
44.884 29.951
14.369 76.902
55.42 27.156
28.103 18.506
82.792 73.93
75.364 79.856
72.607 24.41
25.419 74.877
78.85 69.523
28.091 73.986
32.847 69.518
47.93 25.501
31.444 71.797
67.588 71.636
20.925 73.338
62.452 26.185
32.32 26.11
60.632 60.129
56.63 29.904
16.332 57.627
40.627 23.212
62.551 24.796
23.538 27.09
13.837 60.847
19.413 64.195
15.386 16.408
65.952 81.952
30.63 29.044
56.755 75.001
32.934 25.737
74.659 29.399
55.377 26.172
18.232 30.043
69.851 63.582
25.638 62.095
42.747 30.594
26.455 58.865
45.129 26.914
23.152 79.16
81.095 70.07
26.822 30.52
68.599 65.572
19.249 37.269
16.502 26.73
67.464 62.716
34.179 27.258
70.207 29.402
76.066 73.627
79.667 74.841
68.441 76.548
56.147 80.248
71.37 75.758
72.138 84.895
66.94 33.198
37.505 21.702
22.66 24.259
18.232 40.23
13.813 70.047
32.755 75.433
16.245 34.024
26.393 35.978
30.603 16.43
67.053 31.73
66.322 89.401
67.074 68.936
43.344 26.991
64.868 27.924
71.11 32.808
65.942 13.09
28.876 29.992
65.941 23.055
33.31 84.034
21.546 68.369
56.316 25.444
76.493 46.573
7.429 72.61
29.637 28.343
73.593 83.265
27.594 28.045
28.038 26.565
17.523 78.117
36.345 25.739
42.77 26.302
17.65 73.836
59.176 55.763
24.971 75.538
70.437 26.341
86.073 74.613
23.82 37.084
7.797 62.458
62.619 67.734
36.929 22.583
76.586 27.171
24.301 73.062
73.487 83.72
36.51 23.611
19.943 59.169
30.239 26.184
70.543 75.648
32.198 65.175
62.925 82.907
28.779 37.286
65.721 43.754
71.18 90.18
70.148 84.086
29.88 64.774
19.879 65.832
58.938 79.675
27.928 60.367
35.911 31.106
64.035 82.312
70.284 87.425
75.265 79.929
34.772 25.361
27.283 45.428
14.585 69.496
58.268 33.903
63.657 86.669
67.886 79.995
71.088 27.365
52.965 70.605
45.343 14.303
28.786 63.882
60.228 33.363
70.898 30.777
66.339 28.585
49.616 22.114
58.657 25.531
72.574 20.882
14.672 69.06
35.847 19.329
76.707 82.153
58.491 22.43
40.364 63.484
64.981 82.089
30.777 72.852
64.433 87.363
72.976 72.71
17.144 51.382
28.592 20.363
73.342 79.487
12.469 79.305
50.282 80.376
66.622 76.939
18.538 22.594
20.7 21.843
16.087 19.69
42.518 21.863
52.212 87.132
26.458 57.254
62.698 18.844
66.724 23.701
76.6 39.249
39.143 19.614
37.255 27.754
84.15 22.053
29.885 24.855
33.19 75.232
62.085 67.687
33.88 65.985
68.137 29.06
62.38 71.286
76.071 72.571
31.309 33.772
66.981 84.114
60.218 36.003
66.414 80.43
25.102 68.029
36.558 37.436
63.418 22.672
11.653 59.635
65.821 8.754
73.142 78.913
27.463 64.791
24.235 17.91
29.753 22.348
37.731 18.539
17.578 33.493
25.465 81.272
55.502 18.682
36.391 54.278
63.38 96.753
29.385 75.317
25.572 60.626
71.953 32.832
27.366 24.524
63.769 81.492
26.861 32.845
71.558 28.564
78.391 41.17
39.703 22.979
33.34 64.572
37.913 12.937
74.351 76.948
63.227 68.11
49.77 89.566
4.174 64.133
24.113 32.896
16.606 72.326
66.105 37.702
24.485 27.09
71.981 70.159
80.816 31.475
39.733 31.31
23.684 42.629
71.533 83.968
31.783 68.469
28.391 16.254
78.767 29.486
69.626 86.348
17.206 61.113
27.795 67.556
29.361 17.196
62.901 23.509
55.317 32.843
66.458 83.469
71.051 83.344
57.058 33.515
66.278 72.964
81.258 92.055
64.409 84.713
66.104 28.858
28.011 62.83
29.129 54.814
61.304 29.203
14.573 65.603
77.598 82.595
18.896 63.648
44.813 10.948
26.82 73.593
12.666 58.547
40.625 47.506
29.904 16.934
17.767 64.739
72.32 29.439
27.84 23.426
12.264 24.981
6.712 55.997
36.688 67.381
58.119 96.121
49.136 74.651
75.434 25.076
25.403 76.065
66.005 27.657
77.306 80.136
74.598 67.243
63.053 25.06
80.646 16.575
75.074 90.899
4.084 65.954
62.8 28.772
77.111 69.275
63.629 73.68
55.505 86.876
68.388 19.376
33.591 28.164
26.085 58.444
60.898 90.418
42.706 55.874
31.625 21.972
58.656 29.226
30.406 75.812
35.354 31.393
24.309 26.742
36.578 23.492
29.152 73.377
50.438 20.209
62.534 32.226
13.516 66.432
11.99 56.678
30.658 21.962
22.7 67.304
63.149 78.486
23.232 29.131
27.736 54.815
56.773 70.52
22.501 76.287
68.151 76.849
33.324 33.676
40.039 27.94
38.586 19.021
44.518 25.552
17.54 78.972
54.631 27.429
30.475 33.006
33.28 51.057
32.718 9.103
58.65 18.712
30.092 69.478
5.93 64.705
66.24 64.681
27.711 77.452
65.993 68.197
19.039 72.939
30.652 64.314
41.668 14.512
59.115 24.221
65.319 32.897
36.289 40.195
28.754 20.918
13.717 19.946
20.574 60.407
20.253 21.75
21.184 65.259
77.73 93.149
72.438 23.798
53.386 23.645
62.738 20.5
63.576 26.08
20.055 78.458
71.755 75.501
30.872 29.271
22.854 44.749
29.652 34.897
21.032 75.108
76.394 81.806
38.869 28.559
64.896 79.023
69.681 90.647
60.542 79.068
34.734 38.891
68.85 31.709
33.352 12.873
85.549 69.412
68.557 81.036
62.635 18.041
35.154 19.136
24.017 63.769
59.451 33.887
38.979 25.149
78.899 77.748
75.937 89.658
39.253 27.773
27.162 5.045
82.579 76.705
52.32 25.863
70.655 17.03
18.244 66.936
32.785 26.796
33.151 26.445
26.076 20.101
48.768 83.871
65.334 69.691
37.661 61.089
35.831 12.069
31.16 52.906
69.272 29.37
29.763 15.711
73.419 86.715
38.907 28.819
31.293 21.537
42.286 36.026
67.577 64.837
30.964 21.551
18.207 76.465
71.048 81.059
62.224 25.051
25.664 62.132
72.206 25.922
29.893 66.647
73.481 28.053
63.055 26.198
60.996 4.547
20.277 22.258
62.584 80.395
72.534 85.311
31.368 76.865
69.021 78.095
33.311 22.813
22.513 62.405
38.59 42.558
23.932 61.812
68.347 29.597
65.372 26.777
27.579 62.741
32.025 15.767
67.284 12.599
35.342 21.503
68.553 83.724
22.079 64.929
43.309 25.927
69.62 82.046
56.029 38.848
26.354 29.415
4.894 76.669
42.106 31.926
68.146 37.347
79.178 65.241
29.406 33.563
30.633 23.671
50.927 31.718
59.956 80.735
16.918 69.792
67.531 63.118
57.454 39.788
34.662 68.905
66.254 28.267
67.478 15.268
88.6 84.319
73.307 25.194
65.5 19.237
65.165 17.21
61.319 77.281
31.586 18.937
27.174 71.207
70.334 39.258
33.268 35.119
20.955 30.328
70.847 90.394
74.325 28.045
25.446 69.871
62.92 75.174
61.628 29.767
36.017 59.064
40.231 55.493
36.627 18.435
70.587 33.891
58.024 41.147
55.929 72.504
31.295 65.002
56.552 25.718
63.033 15.711
63.519 80.76
70.166 37.852
13.684 70.362
42.247 67.311
15.541 64.976
60.787 76.943
67.525 82.891
27.521 70.064
79.219 81.4
67.531 76.924
16.033 68.524
66.172 79.108
73.485 86.615
24.937 26.939
59.423 35.341
73.583 25.328
38.647 35.796
77.303 76.908
76.0 18.881
70.517 19.489
52.389 83.588
15.049 72.715
63.323 74.491
57.886 28.185
61.802 72.913
59.905 26.032
71.182 70.445
23.804 19.117
71.323 93.014
69.448 34.625
68.428 25.787
73.522 21.646
25.747 46.541
36.428 53.838
13.483 63.581
66.984 17.681
62.747 82.395
54.9 77.536
44.321 25.377
64.633 18.845
73.626 21.479
24.97 27.951
77.327 79.798
66.68 24.133
13.338 73.342
60.737 37.341
61.826 31.797
83.352 90.94
62.333 20.517
20.456 69.545
75.633 76.856
18.407 71.283
74.834 30.106
21.245 67.233
20.252 72.292
26.663 16.686
32.215 73.167
17.868 59.497
60.489 83.623
30.114 36.227
62.719 20.216
61.255 24.12
24.102 31.588
41.493 29.838
70.957 88.077
31.609 70.776
56.102 29.121
28.081 73.464
25.686 10.463
32.495 30.779
25.013 20.271
21.334 62.684
24.807 73.379
33.534 21.95
29.393 74.129
40.933 29.848
58.531 23.31
72.221 88.499
32.761 41.999
67.884 80.464
27.256 34.482
19.522 78.768
64.588 78.993
72.719 70.45
22.29 32.253
35.944 65.752
62.007 81.8
52.07 84.358
55.106 33.81
64.409 83.44
79.582 68.623
35.256 25.791
71.624 30.522
12.796 30.191
68.735 84.733
37.739 30.459
69.052 64.848
70.482 41.205
60.33 66.481
11.719 62.329
26.328 64.258
69.982 85.949
63.276 19.538
66.041 40.005
43.449 23.873
22.613 31.159
49.951 72.906
57.865 89.342
69.715 79.496
24.551 77.274
10.688 67.308
25.429 70.059
67.788 60.638
41.894 25.508
32.412 25.52
58.293 21.626
65.33 10.204
68.755 78.135
23.403 74.729
58.554 84.552
28.512 26.917
19.933 55.568
82.164 77.24
72.21 29.408
28.926 70.752
19.652 71.758
78.666 80.132
69.009 35.361
28.156 61.309
63.844 37.394
28.802 37.73
65.73 17.466
58.841 37.415
59.522 70.332
25.801 80.994
44.421 18.065
57.738 25.155
47.898 66.514
20.632 73.93
71.649 72.426
15.739 24.593
63.513 86.953
32.859 29.023
59.065 26.37
22.459 37.768
16.333 59.986
60.851 69.071
38.788 73.835
63.112 73.462
14.7 69.056
19.652 74.145
25.141 60.986
10.713 65.366
58.583 87.09
16.31 58.369
61.406 10.545
18.023 23.12
35.467 24.699
64.028 56.941
72.535 21.802
19.328 20.835
40.307 32.064
62.262 31.107
29.62 32.453
54.435 25.492
79.633 35.678
57.67 23.393
17.816 25.548
76.528 73.863
29.949 22.139
43.733 40.914
8.887 12.813
71.227 81.131
57.497 26.679
20.909 73.726
80.572 72.572
18.641 85.621
67.786 79.994
24.734 81.66
66.719 82.931
56.633 73.557
19.043 16.282
21.858 49.037
62.447 26.913
37.718 17.29
64.915 62.975
83.049 77.241
46.114 40.509
80.446 80.739
54.335 13.935
59.947 37.62
64.387 19.277
31.588 19.926
32.433 25.007
22.479 60.03
67.627 66.251
79.321 93.292
60.908 10.194
27.77 24.25
79.927 93.304
34.87 6.567
61.265 71.799
54.787 18.714
71.279 25.633
41.444 20.395
74.793 76.641
61.051 32.449
81.254 79.179
21.964 63.63
20.93 77.64
28.367 75.685
18.264 60.742
68.479 21.194
60.519 72.217
52.434 26.459
19.269 74.888
34.422 41.312
23.926 56.623
62.329 73.669
76.637 21.343
17.053 51.13
42.519 8.88
36.951 21.892
57.373 34.568
33.434 22.3
58.475 12.03
14.146 59.767
22.725 72.9
69.163 33.996
45.324 34.045
28.274 45.103
69.17 75.872
27.442 38.674
70.56 75.674
25.096 27.551
15.051 71.193
17.946 59.911
32.462 60.702
68.814 26.322
60.658 37.508
19.554 60.34
13.792 65.053
23.631 68.933
63.38 26.354
24.13 75.756
18.263 21.072
76.122 22.7
56.206 24.057
23.872 71.243
59.884 82.38
55.68 83.96
75.501 70.459
68.371 69.345
19.424 66.296
27.198 37.248
18.797 29.13
90.022 83.185
71.501 75.523
69.97 80.512
30.26 68.011
56.488 14.09
66.527 19.366
11.039 58.09
59.003 17.983
35.444 21.55
78.844 35.914
59.143 25.939
68.144 79.749
56.733 22.583
32.567 28.343
63.018 72.266
44.29 8.419
16.875 57.669
19.919 30.256
18.929 23.068
69.245 80.212
67.652 85.862
31.516 62.676
8.855 64.471
39.111 61.31
28.649 11.32
68.365 82.365
30.977 55.738
60.883 31.341
67.143 22.64
31.446 47.874
67.876 81.395
15.574 46.883
38.118 24.122
57.996 29.733
37.153 16.513
64.297 83.817
32.278 37.895
28.179 44.102
59.416 68.28
28.724 19.513
18.299 34.877
20.676 52.767
69.26 76.02
77.026 14.775
32.838 71.005
33.222 11.848
68.064 93.292
14.57 60.175
19.18 74.17
25.357 69.082
56.851 35.221
12.536 28.991
34.156 61.236
20.823 42.284
26.614 31.585
67.393 27.959
74.46 78.181
64.127 16.184
64.14 76.64
70.693 98.169
71.131 86.213
21.789 64.461
21.764 14.638
26.768 35.453
25.917 56.611
66.484 13.847
65.804 33.378
9.646 49.466
33.133 25.051
27.656 61.82
69.083 77.972
86.296 30.257
42.354 30.564
75.805 81.559
70.463 85.881
65.7 21.337
75.043 65.673
26.495 37.499
43.885 16.858
73.539 69.446
59.776 22.398
66.939 29.953
34.52 27.045
21.718 32.154
63.36 28.629
65.621 31.954
33.556 55.131
44.865 18.445
19.502 70.008
17.688 69.711
70.007 91.203
55.198 68.546
61.528 29.691
61.568 31.872
27.803 25.149
72.512 95.512
67.041 14.118
60.823 24.196
31.508 17.63
25.839 66.282
50.842 25.937
13.302 71.707
63.57 45.933
37.027 42.984
21.232 26.47
35.291 55.665
38.569 61.987
80.208 76.296
77.727 61.898
83.461 83.645
59.717 86.75
59.868 83.492
29.066 32.785
67.604 33.632
60.291 68.356
35.752 32.634
35.357 19.332
54.544 75.245
26.37 79.241
31.126 69.944
33.712 22.76
69.514 29.045
79.238 80.636
23.763 32.684
77.399 70.965
18.187 65.944
44.546 25.914
29.349 7.977
32.57 80.08
69.037 23.847
76.5 28.495
70.362 40.873
19.183 71.476
70.928 84.507
75.984 26.763
21.614 33.279
42.308 21.078
15.682 65.509
23.617 23.114
66.709 30.209
4.846 67.498
34.965 67.602
17.839 66.821
24.477 20.785
64.952 31.91
63.63 90.235
73.563 84.752
63.216 81.431
24.934 51.885
24.492 59.892
74.914 94.321
65.548 66.05
62.754 86.534
62.715 76.401
20.438 74.596
66.531 87.772
16.455 86.968
14.338 57.437
41.558 21.076
72.34 26.838
15.364 63.776
64.801 23.543
42.595 80.94
62.256 26.715
24.968 18.451
27.082 69.568
18.388 61.64
7.072 51.161
13.67 21.375
26.373 30.0
17.407 46.987
31.146 10.568
15.755 69.008
15.011 76.405
69.621 68.878
70.741 19.272
39.753 20.731
23.186 70.835
25.568 57.735
54.079 74.231
35.167 80.251
72.091 20.576
13.21 66.647
12.755 77.197
27.614 36.906
29.043 37.62
68.186 76.006
35.594 22.915
42.111 68.847
53.019 92.115
73.265 77.757
59.678 15.956
42.009 30.735
65.714 84.669
42.459 32.812
76.67 42.315
26.469 68.12
64.162 60.989
41.188 28.304
72.613 15.452
24.276 62.171
68.388 60.952
60.283 23.771
74.491 30.092
69.251 40.069
57.654 16.178
43.795 24.811
66.055 85.79
29.133 15.443
13.39 69.788
20.328 76.141
29.462 11.066
87.069 86.346
85.784 71.573
74.928 76.071
31.324 64.289
23.756 65.06
29.168 18.369
35.596 41.623
66.387 22.911
29.374 21.307
45.823 18.653
59.966 28.117
71.918 78.249
39.043 22.605
62.462 22.359
68.333 83.636
71.4 82.892
71.039 70.814
19.801 54.467
69.91 26.558
32.287 63.353
72.442 26.75
45.281 42.412
30.48 18.665
78.208 18.352
77.691 34.833
70.6 21.234
69.054 79.827
24.25 64.043
60.962 32.475
37.068 38.8
34.232 17.157
23.666 27.025
50.022 75.529
44.918 23.149
57.913 34.265
32.816 36.458
39.298 29.308
15.567 21.302
36.239 24.973
66.865 85.153
31.186 28.14
77.56 17.071
24.836 64.419
86.388 33.888
27.862 20.66
71.509 88.99
19.766 26.261
34.05 36.433
31.303 60.271
23.889 29.11
76.317 67.772
90.318 76.995
66.267 24.858
34.035 21.396
77.417 67.766
33.584 20.195
59.815 87.163
19.79 66.195
78.124 18.763
35.527 20.813
61.293 75.641
65.084 35.535
71.777 34.142
71.356 75.394
16.6 64.205
25.443 49.658
66.737 85.24
37.877 35.187
28.672 67.73
57.357 23.321
64.111 20.642
60.075 10.447
21.017 78.767
59.305 69.827
8.475 71.478
28.987 25.023
24.112 80.984
48.401 23.098
38.143 32.511
56.382 30.033
23.747 65.883
25.899 28.299
0.631 68.809
27.889 23.103
15.328 76.27
61.414 29.74
35.847 28.606
24.604 64.362
80.062 68.4
61.479 19.2
64.462 24.355
43.153 35.717
31.529 22.61
66.817 26.847
35.687 30.486
73.387 84.423
33.179 80.971
56.115 28.048
64.436 35.518
76.972 25.138
23.45 68.372
37.178 33.089
54.89 89.811
26.592 65.659
71.565 75.253
28.312 79.611
59.188 75.034
59.91 17.461
20.534 65.728
31.06 20.005
37.846 25.508
25.463 4.415
54.712 87.31
19.576 62.168
60.594 59.75
58.674 22.65
31.849 26.557
68.623 72.706
15.178 29.984
31.357 14.952
23.608 38.436
52.089 27.502
27.95 40.713
64.106 19.333
33.479 31.978
22.12 65.859
65.278 30.977
32.434 25.86
64.555 81.243
59.925 83.3
75.63 18.839
16.0 63.31
60.224 77.285
30.385 64.61
63.483 30.939
18.723 19.083
62.658 33.321
31.466 33.122
58.745 71.419
20.398 64.439
63.076 94.439
67.363 33.69
29.945 60.355
67.724 24.587
67.814 78.614
78.129 67.958
13.344 70.738
63.606 81.683
30.921 11.808
24.317 67.815
75.963 73.564
33.073 75.646
67.215 29.979
24.665 27.676
85.369 76.198
25.328 67.411
16.081 62.363
26.055 55.321
23.035 59.411
21.78 46.351
61.159 25.366
14.172 64.554
91.577 68.544
62.635 80.262
61.908 84.453
70.226 41.693
58.272 22.292
22.144 35.911
27.514 68.807
21.183 16.496
63.652 23.848
5.689 20.689
70.445 30.13
63.856 14.472
28.215 81.818
54.151 76.144
55.213 84.17
26.023 26.135
55.801 28.998
68.882 91.637
81.85 88.391
47.285 26.445
71.47 78.951
23.459 48.07
32.719 24.138
32.01 40.418
78.631 84.383
64.586 75.127
29.448 33.169
23.769 24.013
30.213 36.649
23.5 76.429
65.835 71.042
45.066 21.552
64.367 27.148
28.79 26.21
58.218 12.594
66.937 76.534
26.714 1.159
24.765 22.348
66.853 38.905
33.662 71.853
22.713 23.672
40.839 33.893
73.819 85.011
16.238 75.28
25.984 74.213
36.846 24.638
64.514 17.087
58.181 23.759
61.058 12.032
16.987 50.022
56.974 14.201
39.986 62.986
28.058 57.442
60.281 81.01
61.508 63.24
70.834 30.973
59.305 22.559
35.877 14.319
73.438 88.37
83.032 85.712
28.805 24.642
32.181 28.665
26.382 59.122
77.466 77.878
67.002 37.516
69.342 31.596
81.421 28.039
53.933 30.287
25.716 77.094
38.016 26.372
65.641 80.08
73.002 10.497
41.452 24.592
20.955 27.102
68.192 77.792
38.45 27.42
74.377 76.131
18.199 70.609
75.166 90.202
72.988 77.357
17.8 23.063
65.072 75.546
62.902 79.201
68.093 11.992
68.201 68.068
12.361 73.287
54.846 73.606
78.879 29.178
25.823 16.491
40.766 36.344
34.031 71.331
30.83 29.346
56.544 27.239
69.275 22.373
34.005 52.967
16.396 26.456
34.217 62.93
35.878 34.652
70.153 81.585
72.574 90.307
30.447 73.738
69.482 23.539
71.694 80.963
71.863 24.011
16.047 44.001
26.834 28.445
69.544 30.967
41.632 27.79
45.137 23.801
22.792 70.165
73.225 78.327
39.546 38.664
69.172 29.986
34.183 78.81
72.165 78.072
39.596 11.758
72.085 21.664
65.611 74.567
30.138 27.281
21.343 59.894
78.775 94.49
58.938 17.416
63.328 77.916
32.859 23.384
72.121 26.382
34.276 55.354
65.65 31.53
66.81 85.63
70.7 21.045
14.68 23.848
64.713 66.978
67.94 16.727
66.75 32.427
66.056 91.741
60.683 79.942
40.236 20.111
52.632 22.753
24.741 58.713
20.104 57.484
63.676 25.541
28.697 24.934
26.232 33.114
72.502 32.881
29.001 31.454
41.856 59.924
91.016 25.797
22.805 64.732
25.979 65.424
14.431 63.641
18.365 71.464
28.019 18.102
47.565 33.075
20.105 44.608
57.991 26.798
34.49 70.054
36.662 25.226
15.77 24.128
43.528 38.898
49.843 68.903
31.26 26.155
39.146 23.372
57.5 32.069
30.05 29.47
60.938 77.439
59.653 28.419
67.681 73.408
63.657 27.918
58.674 23.349
67.315 80.996
32.086 44.375
75.111 22.39
9.539 52.933
64.772 18.813
9.13 69.716
56.074 24.199
56.557 87.744
34.492 32.077
32.461 67.093
17.83 74.261
62.571 11.435
72.795 64.73
71.193 83.801
57.946 31.396
50.948 58.875
60.898 28.366
74.463 84.07
58.729 12.769
76.538 67.093
16.982 61.54
19.752 75.805
39.616 35.528
27.37 69.846
45.175 34.393
30.162 12.646
64.209 21.993
50.925 31.553
16.238 60.179
68.953 27.956
23.372 59.304
11.752 62.605
38.255 33.873
37.505 21.85
13.697 80.265
62.746 84.792
18.422 69.516
50.857 73.149
20.813 75.85
61.617 22.537
32.702 21.124
80.651 21.097
69.752 32.531
70.151 71.217
20.614 33.443
27.394 69.563
35.502 29.942
69.223 35.289
72.195 19.14
18.856 73.294
74.188 70.326
24.388 26.566
74.015 60.161
16.617 66.695
69.138 16.425
71.048 23.677
45.585 76.771
64.27 28.109
18.368 77.3
82.343 15.962
25.981 2.068
72.768 33.845
72.545 81.073
11.276 75.728
27.125 25.562
27.945 75.148
23.752 59.538
25.99 72.863
72.977 23.605
74.659 32.211
61.725 20.189
34.416 25.186
58.997 75.299
65.256 76.565
20.743 25.337
73.606 53.342
29.634 60.282
21.126 64.257
66.423 21.929
68.184 18.641
60.83 65.902
26.778 29.998
39.113 26.544
27.26 25.335
64.999 83.034
22.501 22.783
9.271 63.294
64.472 79.313
35.114 29.376
26.856 28.528
55.96 8.956
59.283 10.535
65.78 20.879
60.437 63.893
68.105 29.506
30.95 43.812
68.681 77.819
28.573 38.378
47.832 31.286
63.807 79.56
43.774 31.087
21.405 70.364
24.433 24.451
27.755 17.168
73.861 22.918
68.132 27.488
20.622 74.349
24.742 65.849
52.642 20.046
89.487 72.964
67.055 31.43
13.869 64.755
20.621 65.581
33.03 27.017
58.003 36.112
77.18 81.992
31.644 19.09
6.96 59.097
82.198 29.437
64.434 10.547
66.191 23.953
61.577 21.661
64.093 14.744
17.793 68.035
56.889 36.642
31.655 18.597
26.88 25.346
82.793 81.553
71.507 28.104
36.61 61.605
34.616 32.632
65.141 26.126
55.99 17.809
32.732 7.886
56.698 34.552
67.603 24.257
24.266 37.665
42.172 15.388
24.76 70.604
61.791 76.849
65.854 73.491
32.278 20.4
18.859 67.552
63.33 35.327
76.152 20.948
21.201 73.462
72.908 26.837
84.653 70.552
77.772 90.347
23.899 33.793
70.215 72.767
53.763 82.473
75.524 79.732
8.384 73.544
18.478 63.623
75.49 38.64
68.477 73.498
63.837 97.012
73.227 28.647
31.44 22.861
37.002 19.089
70.717 28.599
23.156 66.829
75.012 83.59
17.716 58.966
73.605 85.354
31.903 52.332
36.835 17.764
56.58 26.959
38.993 33.92
27.234 26.757
43.839 27.772
61.199 25.067
68.867 16.745
25.14 63.867
28.952 73.536
74.566 87.253
39.884 57.181
60.611 76.892
24.124 49.182
57.925 33.895
61.207 24.954
22.364 24.697
66.115 32.102
70.465 32.722
23.08 32.82
19.617 21.98
19.051 60.621
20.665 62.845
62.138 83.274
18.643 25.077
26.679 67.116
75.923 40.141
30.389 73.513
33.143 27.698
24.882 65.205
25.201 70.164
19.913 81.298
29.49 21.724
27.662 30.925
6.374 23.693
54.514 39.281
20.025 70.633
62.711 95.151
27.733 18.468
34.651 41.14
27.883 25.678
64.166 34.539
66.317 31.337
21.281 59.138
61.045 88.216
30.573 27.713
69.629 79.534
29.743 23.03
70.278 68.776
29.984 57.818
22.527 66.305
23.381 74.526
72.577 85.087
74.305 22.214
65.278 66.522
65.668 20.546
84.847 19.307
74.279 83.435
72.18 84.813
22.966 30.807
59.82 81.614
66.528 75.42
22.821 65.756
27.645 63.701
66.514 19.015
75.469 73.044
73.924 90.017
84.319 91.401
65.389 34.008
72.699 76.716
67.49 6.416
57.07 18.178
61.429 36.122
23.082 72.773
61.291 84.489
51.318 71.437
26.51 83.816
21.846 24.639
62.657 35.135
62.945 27.249
32.522 43.37
75.444 98.812
40.436 25.823
15.033 68.278
65.898 65.47
57.255 41.238
66.41 62.636
28.55 61.824
10.31 70.01
41.979 29.782
62.695 13.298
39.802 31.471
3.48 65.997
35.157 24.117
31.045 25.761
37.915 24.126
41.475 20.223
24.801 61.573
23.956 57.963
64.038 83.347
21.464 61.046
28.124 34.159
70.893 28.824
58.51 17.97
20.88 74.062
18.045 60.716
20.643 74.918
31.38 32.508
12.049 57.302
70.87 94.478
32.219 33.88
39.315 29.592
58.205 84.305
75.056 70.649
69.979 74.469
35.988 7.094
32.623 20.242
77.235 79.926
71.521 83.397
16.885 65.185
32.973 34.649
69.435 13.69
59.802 74.629
61.625 39.999
89.9 61.875
68.947 25.274
23.089 31.008
41.201 31.465
34.117 35.149
70.676 76.777
41.792 27.41
24.564 67.164
17.222 24.266
61.393 21.622
34.61 31.352
43.021 62.842
61.425 26.584
83.382 86.045
22.529 53.875
83.587 86.039
75.971 18.072
57.603 84.472
65.502 26.304
38.02 29.103
47.141 61.888
23.456 74.774
70.025 27.093
17.133 77.762
14.464 67.59
19.274 50.34
26.89 34.44
72.781 75.127
27.724 27.213
19.309 24.911
34.055 37.427
23.718 38.773
62.24 84.896
51.435 23.081
31.963 17.32
73.048 29.356
21.613 61.512
26.39 15.586
58.077 23.971
29.321 26.926
67.276 81.857
68.45 24.492
27.92 20.659
66.709 78.043
20.819 70.781
28.402 23.788
75.283 22.152
76.633 66.475
40.873 29.869
12.028 33.22
78.219 18.508
34.044 22.969
79.155 80.599
34.391 8.612
32.091 25.822
64.041 19.502
35.058 28.282
59.45 22.199
35.841 19.257
62.88 34.976
54.57 22.575
61.202 81.642
19.396 29.509
55.55 33.473
63.889 33.23
86.041 83.684
54.705 17.846
21.567 55.56
36.709 12.165
68.071 21.395
45.026 25.39
77.242 83.435
27.119 18.813
55.024 70.619
75.555 62.399
21.439 55.707
21.46 66.605
51.971 24.119
76.763 35.952
38.762 16.199
63.436 86.872
54.182 15.833
28.42 28.392
23.78 61.628
69.478 70.566
33.007 31.925
50.088 18.601
33.257 24.218
63.346 18.89
66.24 20.475
25.191 28.052
16.418 77.229
71.894 37.387
60.662 38.645
21.43 67.558
25.507 33.973
2.5 65.471
76.538 25.1
67.039 47.291
27.455 34.824
75.045 85.509
40.493 65.886
16.522 73.042
11.451 61.938
73.616 79.106
19.428 75.389
38.368 26.52
35.323 54.057
63.21 81.187
57.314 22.048
26.104 65.321
26.453 53.494
64.389 15.289
57.875 80.603
59.915 28.749
18.094 65.764
22.51 58.908
38.796 27.138
87.851 87.571
66.889 85.633
25.392 38.391
60.313 63.86
24.367 69.411
85.812 16.563
62.495 31.944
25.145 70.958
32.985 63.047
25.727 58.618
38.41 35.412
60.796 30.269
37.663 16.049
61.476 29.39
70.574 36.738
72.118 80.449
17.042 67.333
70.455 64.247
61.809 30.62
60.352 13.455
62.146 89.588
18.774 48.757
19.108 65.298
33.215 60.448
64.223 78.134
75.379 84.352
25.911 64.436
60.932 29.77
56.44 30.934
7.495 54.395
38.122 23.421
46.355 65.431
26.246 25.35
79.881 18.241
19.734 66.448
28.508 66.757
69.555 91.429
52.716 83.964
29.594 60.257
28.698 67.926
29.605 18.26
32.373 33.26
34.45 26.474
73.613 82.427
12.068 27.207
59.639 79.858
40.259 35.036
36.877 28.102
71.581 92.05
41.545 34.49
63.388 77.904
69.166 33.173
21.137 67.679
29.427 26.144
20.879 57.626
43.197 28.108
65.683 35.066
66.356 82.448
19.797 36.05
58.058 19.761
45.86 87.166
75.984 67.103
45.585 12.115
41.047 72.694
46.265 31.62
72.882 19.761
22.689 63.658
33.26 27.704
59.863 25.905
74.942 24.321
69.537 36.299
18.914 61.391
23.651 73.942
78.588 30.954
21.617 25.896
73.661 81.805
33.816 47.619
18.118 17.944
59.038 76.382
68.001 17.02
23.456 16.718
18.268 61.158
72.71 77.754
54.188 76.973
59.426 76.459
16.166 84.304
60.888 75.781
15.514 21.04
58.164 31.047
67.794 95.302
37.436 39.332
66.082 69.416
30.487 32.143
9.587 58.415
10.94 20.171
18.329 15.532
26.224 38.14
34.207 31.705
75.176 22.271
36.418 76.389
72.077 32.475
32.294 32.171
58.715 92.78
65.441 11.252
27.869 31.998
76.056 80.97
21.634 71.478
56.095 67.006
22.272 63.584
46.352 15.455
38.746 30.283
21.938 77.274
32.883 23.255
16.824 20.998
15.264 71.877
26.645 27.785
65.538 73.326
64.456 17.497
66.89 71.319
70.597 93.107
60.091 15.287
17.736 66.497
21.866 62.951
28.673 22.982
69.767 84.918
35.956 56.57
78.617 86.639
22.531 59.312
16.984 62.612
73.467 27.729
69.558 18.459
28.549 43.171
32.58 17.448
34.222 29.695
59.648 21.222
5.119 73.382
19.693 28.676
52.195 85.701
51.456 72.507
28.054 29.981
58.981 24.074
17.128 26.829
23.002 70.118
62.479 20.179
35.253 18.975
59.2 27.492
68.997 84.799
62.749 30.731
27.107 26.208
20.974 61.984
80.944 81.983
21.871 64.258
22.996 77.16
29.352 67.666
29.131 55.382
32.104 23.964
69.534 96.685
55.171 40.841
28.308 28.821
75.544 83.784
37.781 31.453
53.45 85.907
30.606 29.531
69.844 29.58
62.752 12.566
75.229 73.722
20.387 34.189
64.411 79.294
66.398 21.123
67.672 98.9
27.001 48.879
65.604 28.606
33.28 16.817
62.123 35.077
28.962 31.157
65.031 32.788
24.148 56.497
36.748 38.854
25.324 23.453
25.839 71.143
27.891 27.572
72.021 92.325
73.259 83.039
17.401 30.46
76.419 31.641
30.599 29.994
27.958 70.793
40.884 68.824
28.819 23.201
70.289 17.154
70.132 63.843
53.262 23.999
31.642 27.422
25.775 59.975
12.546 64.645
78.191 15.842
78.58 94.653
63.103 84.789
54.012 72.524
19.593 31.211
35.068 18.12
65.837 33.134
59.016 77.328
68.657 24.628
40.092 22.419
72.36 78.828
62.316 78.384
32.246 32.118
32.951 81.381
55.926 23.45
11.455 67.325
27.511 61.198
83.919 71.285
22.481 60.969
29.901 40.424
35.002 20.318
62.429 28.121
70.371 25.016
72.131 79.873
26.092 33.067
69.823 68.561
4.931 67.398
16.385 70.311
32.431 34.438
29.308 30.073
74.032 81.816
26.286 62.426
23.767 32.183
60.907 28.625
63.18 75.21
64.539 30.533
35.861 33.481
57.951 39.55
61.285 79.446
55.141 27.646
29.345 22.463
30.158 73.317
25.242 54.592
66.325 24.158
21.315 68.346
68.666 76.036
40.096 33.564
80.835 35.734
16.352 69.004
32.625 25.22
68.023 82.034
22.268 30.552
72.796 67.819
74.566 73.545
61.812 93.92
21.391 63.024
37.272 23.029
33.333 58.602
30.865 27.589
82.436 71.337
71.553 16.8
24.508 79.803
37.7 26.783
30.259 62.801
73.741 85.938
73.778 35.43
21.145 78.55
76.469 69.006
54.763 28.851
22.445 18.2
52.625 83.201
24.396 27.922
9.83 60.815
49.777 11.099
78.59 13.682
75.167 74.15
35.635 73.001
72.885 17.753
72.87 28.193
37.187 31.747
59.108 33.399
31.141 38.149
20.903 66.531
36.652 26.547
30.426 75.213
78.863 71.977
36.6 34.056
29.341 59.62
73.171 82.574
71.864 78.655
68.856 86.045
37.922 33.114
66.633 39.36
37.773 24.653
38.457 16.786
25.652 21.812
58.639 33.755
80.043 69.68
30.39 18.706
8.795 54.993
65.535 82.735
75.251 24.139
65.046 21.285
16.697 73.565
51.309 18.633
65.587 18.374
69.456 72.308
71.38 19.532
23.589 58.884
24.118 66.885
29.679 21.634
25.309 20.166
28.478 80.324
28.461 60.269
27.188 32.274
76.923 29.368
22.951 53.456
58.285 35.607
73.703 76.407
37.16 20.111
24.695 42.273
62.917 25.998
63.676 30.283
74.254 73.308
19.27 70.52
53.903 32.1
29.041 24.664
57.544 13.608
40.648 18.694
24.144 26.969
59.053 28.494
29.378 24.68
12.562 66.398
25.602 26.839
70.416 87.17
64.487 70.926
33.88 56.658
65.041 39.187
20.799 67.033
67.411 36.373
53.878 24.401
53.859 29.303
72.191 26.134
72.333 86.414
73.262 24.977
11.213 65.728
67.8 80.511
35.063 29.868
29.737 33.733
25.629 56.416
12.867 74.111
70.315 26.202
70.386 22.614
28.335 63.406
32.741 36.304
30.014 54.062
64.811 83.346
32.782 63.228
28.183 23.69
33.617 83.532
23.402 57.308
28.95 48.93
56.523 70.547
28.503 62.746
67.16 23.341
21.901 34.268
23.738 38.806
68.33 85.827
33.551 66.121
23.96 22.758
43.677 26.327
54.07 71.315
63.575 77.132
76.874 78.109
32.748 63.206
32.868 28.553
35.354 39.858
7.661 56.749
34.293 28.895
31.4 76.462
27.95 38.431
29.261 78.796
22.486 19.811
30.346 46.02
19.522 56.098
27.834 56.591
22.848 65.735
54.216 83.786
22.924 41.271
19.605 58.267
67.239 67.37
23.737 63.815
28.351 22.416
8.067 69.092
75.613 70.179
67.86 28.181
71.395 31.963
62.949 70.018
26.864 70.335
33.185 32.439
76.901 74.919
63.162 18.894
20.984 64.975
59.067 26.46
73.288 81.396
32.492 32.432
17.328 64.626
10.098 66.06
32.564 36.539
60.852 94.412
73.582 21.249
15.109 68.798
64.297 67.044
15.209 63.627
23.514 74.651
70.807 29.929
78.683 69.83
20.445 74.997
73.702 83.172
54.599 24.811
57.632 37.384
73.111 79.254
29.719 18.517
69.182 75.218
13.214 59.033
22.952 12.917
79.615 72.382
61.359 22.087
68.754 88.819
29.741 56.226
69.927 85.797
63.214 15.876
59.194 23.616
63.784 73.16
22.064 69.416
23.151 21.175
32.564 39.312
40.85 26.299
78.533 89.051
22.886 24.441
77.233 14.514
64.254 24.714
69.19 15.521
62.635 19.912
12.852 72.729
28.946 81.298
70.692 92.451
64.791 30.642
21.319 53.226
33.74 67.048
55.163 28.827
64.027 25.864
68.597 78.397
20.297 54.171
35.658 32.796
70.264 35.738
72.894 72.143
77.474 66.596
16.927 70.644
17.471 54.028
18.74 18.92
72.396 34.029
51.543 51.649
20.571 36.64
62.893 23.449
18.102 73.484
33.088 32.717
66.315 72.709
28.155 52.601
39.131 12.855
1.608 63.163
67.463 73.056
21.752 59.473
64.955 93.684
73.323 70.191
17.573 65.559
59.335 17.47
21.098 68.892
16.137 64.722
64.689 86.012
71.808 81.417
35.456 26.216
64.287 31.254
23.117 13.271
42.264 15.88
68.766 30.351
10.874 71.527
5.852 65.509
34.003 14.636
22.55 62.993
27.619 68.861
57.55 79.525
64.932 70.807
16.467 68.367
33.24 28.67
26.947 72.689
68.943 70.514
27.496 51.25
26.564 31.936
64.589 37.143
33.141 69.871
61.345 88.835
21.749 25.379
66.775 26.46
77.127 88.808
69.657 86.936
19.859 62.651
17.789 36.006
50.479 13.993
16.062 58.79
72.092 70.705
47.022 22.571
40.958 23.918
71.123 76.683
24.516 72.04
36.025 26.252
66.98 14.602
35.398 25.643
36.929 38.56
34.986 24.697
25.48 24.129
60.299 69.211
68.933 75.009
60.29 34.288
59.273 86.957
15.485 60.667
4.037 53.525
77.38 24.782
63.569 24.715
17.589 75.468
68.576 37.486
57.413 38.511
32.999 65.074
23.655 26.813
64.902 74.672
60.293 69.372
26.372 27.08
20.285 61.252
35.254 37.082
36.071 34.204
55.653 35.415
61.329 27.989
15.755 72.674
27.165 14.644
29.803 25.558
27.3 53.943
25.711 54.499
50.792 22.083
63.024 83.62
80.365 66.53
65.778 18.342
38.223 5.891
34.894 59.55
26.119 24.519
15.387 68.611
52.411 74.272
20.794 68.969
65.852 23.072
73.677 65.904
20.275 58.267
67.679 30.062
62.886 66.656
30.09 37.932
25.544 66.031
66.008 19.116
85.234 96.2
62.853 23.989
31.037 40.471
28.452 67.218
37.072 11.858
60.981 32.122
15.143 51.347
35.045 36.052
26.079 62.213
63.268 26.478
66.446 43.169
73.651 81.612
61.781 75.028
60.761 19.64
27.693 60.248
25.152 76.834
24.62 74.114
24.723 30.563
22.801 18.845
84.33 23.647
75.96 81.876
55.85 76.655
25.923 75.613
69.386 31.131
23.897 67.066
16.437 33.448
67.836 29.489
31.992 24.531
66.231 86.876
24.541 40.596
21.696 64.427
34.418 34.567
15.401 53.417
32.033 68.093
61.914 26.227
47.921 23.688
61.058 77.372
31.375 19.805
32.613 40.93
69.622 17.854
60.945 31.481
18.531 67.942
16.954 64.887
21.565 55.868
20.749 72.16
25.914 25.189
62.754 11.554
64.221 88.304
46.726 76.727
30.347 38.037
67.259 81.006
44.721 61.103
18.45 65.754
41.32 43.072
32.916 38.65
53.815 17.814
66.74 79.282
66.942 70.275
16.727 62.186
71.714 90.036
66.186 18.416
65.189 27.415
62.962 73.097
24.841 78.813
29.912 68.487
76.306 73.972
78.849 66.874
16.682 68.8
56.712 68.935
45.713 16.768
62.484 24.036
28.363 57.221
29.48 11.238
66.144 16.594
73.962 82.775
74.649 84.124
70.494 27.295
30.898 67.749
25.773 79.557
57.979 33.774
74.947 82.369
62.098 28.65
73.258 71.029
30.511 55.881
27.185 60.41
27.305 21.215
75.843 75.656
36.117 11.513
61.767 18.263
66.275 92.208
25.798 35.182
61.772 25.967
12.372 14.127
20.187 72.9
38.956 20.586
52.595 79.539
24.519 59.855
78.337 71.915
26.371 17.42
10.222 73.904
40.464 39.444
86.445 32.128
18.488 59.342
16.996 55.382
82.207 75.861
63.647 74.889
20.798 51.519
68.858 83.823
25.86 73.707
65.213 88.044
48.232 8.842
34.108 60.483
70.256 83.209
30.015 62.411
69.218 84.359
30.642 68.718
58.885 20.46
40.575 21.227
67.947 80.615
61.8 78.153
35.297 19.687
59.004 16.6
26.077 40.796
74.911 40.863
41.599 56.104
25.802 30.061
63.163 66.769
21.77 29.209
63.598 22.492
72.188 84.7
21.997 80.106
62.036 34.7
61.932 84.112
53.601 11.672
74.296 64.946
26.411 63.087
68.717 40.696
32.276 23.593
18.458 70.229
69.168 16.307
73.268 86.298
30.63 27.164
24.786 59.988
68.132 84.59
27.129 33.233
63.257 23.708
38.728 13.586
63.431 13.054
39.965 21.608
16.191 64.371
65.235 77.201
24.74 28.106
32.045 36.279
48.277 17.295
79.366 21.721
51.706 83.378
61.344 83.247
25.045 59.678
72.8 87.95
26.658 21.12
83.07 78.724
63.057 29.942
17.22 77.973
48.801 42.527
78.643 24.072
20.504 71.941
60.119 35.515
14.562 70.949
61.085 32.818
35.179 27.239
58.25 18.784
69.354 36.185
33.423 19.705
73.517 26.941
27.111 30.069
63.502 85.344
68.694 94.343
20.232 58.738
66.458 87.403
16.355 62.1
34.76 61.364
63.497 76.454
24.935 27.696
72.718 23.211
63.905 22.783
23.876 69.17
36.23 23.675
81.221 72.71
12.361 65.012
81.809 93.998
28.166 16.43
16.405 22.06
24.947 66.277
63.395 38.064
25.89 75.306
20.11 69.426
42.107 9.47
25.323 16.284
79.732 66.907
60.868 18.495
71.647 63.121
75.696 73.104
79.711 77.397
23.905 59.929
53.496 73.099
24.216 52.42
55.238 77.94
73.741 33.819
64.373 72.978
32.134 31.787
24.154 64.384
30.602 73.364
8.718 71.046
24.429 64.975
33.266 15.616
31.657 58.962
35.852 31.238
19.324 67.913
30.207 22.134
27.03 30.76
41.032 40.36
67.325 76.859
32.034 30.763
28.874 27.542
29.522 21.553
31.848 36.352
64.206 85.142
36.044 18.908
22.925 22.861
24.235 78.079
9.369 62.47
31.093 23.518
64.379 80.241
22.772 57.994
25.452 31.919
18.844 32.082
27.617 37.729
70.641 69.673
43.018 23.437
32.027 21.779
35.229 31.522
57.276 89.335
55.748 35.262
89.648 89.769
23.076 67.797
67.877 83.451
76.512 74.196
30.933 21.618
27.831 63.437
21.485 71.299
57.688 14.981
64.74 88.43
52.082 23.317
28.86 22.677
60.229 16.073
59.917 59.471
69.943 89.747
31.009 16.733
66.777 25.672
25.549 79.798
79.721 74.617
66.402 80.123
86.209 29.347
27.239 28.513
7.121 61.007
44.008 18.665
34.901 33.156
35.573 19.875
60.823 80.89
63.503 30.292
10.495 73.048
23.8 86.105
55.362 31.011
64.977 26.156
41.093 22.046
74.611 23.73
19.815 69.949
73.099 74.617
17.964 66.741
28.565 39.784
59.823 68.561
34.158 35.263
62.829 86.009
54.537 88.318
14.729 60.237
19.401 72.339
30.997 58.312
82.11 17.781
60.885 90.252
13.282 71.52
33.844 70.46
8.221 34.88
23.379 59.417
19.025 26.402
79.096 83.832
10.363 81.897
37.505 33.866
64.92 77.554
17.546 70.668
18.997 69.422
76.183 66.138
55.643 23.605
18.704 70.999
18.116 77.631
55.476 16.914
34.594 57.09
44.065 30.177
22.277 23.626
14.653 69.721
27.341 20.28
22.246 28.585
12.061 64.672
63.317 18.975
30.257 27.726
21.351 60.117
34.199 72.221
54.767 26.232
69.187 81.828
14.324 67.081
78.057 80.938
33.982 57.211
15.805 83.328
28.556 23.696
25.075 75.913
56.157 83.661
52.213 82.371
39.786 63.42
53.492 27.272
28.907 62.094
83.125 27.192
27.738 38.09
58.908 69.651
6.766 67.017
11.001 57.441
26.555 52.053
68.477 27.883
84.14 28.817
34.917 14.622
65.831 88.231
66.329 25.209
67.326 13.955
34.382 34.102
65.863 77.61
53.162 15.25
65.418 83.522
68.561 77.709
68.821 80.579
29.129 65.912
77.183 21.789
24.645 29.198
79.406 18.812
64.666 35.994
49.593 68.126
60.451 33.425
18.465 19.913
63.269 79.22
38.239 34.903
25.4 58.669
26.334 18.024
28.81 64.813
62.767 78.222
10.989 59.875
37.23 69.873
33.46 23.944
78.719 83.144
37.806 29.405
27.314 21.647
68.394 85.859
13.8 72.536
58.317 83.24
67.197 20.829
19.646 42.414
74.548 82.824
27.444 33.915
68.97 61.892
68.525 84.652
50.891 24.396
31.819 24.53
52.104 30.774
35.6 32.332
58.306 69.352
32.64 62.159
17.061 33.896
23.711 62.792
68.342 70.752
54.004 19.678
62.075 68.8
17.438 57.455
35.738 25.69
68.258 89.931
51.884 87.796
26.463 67.756
62.256 79.988
31.147 43.442
63.474 74.111
67.281 35.738
28.685 52.494
64.549 63.437
26.627 37.289
61.343 79.927
65.725 17.24
23.376 69.587
61.37 21.63
41.663 11.767
21.355 26.061
23.528 71.109
63.743 77.095
29.01 26.628
61.555 72.73
60.442 80.907
30.028 33.381
66.571 16.395
29.591 29.422
28.68 66.732
29.254 64.723
28.59 31.943
28.294 82.028
36.389 66.839
72.712 87.333
29.126 59.613
51.306 17.227
57.31 58.673
79.595 82.743
66.72 72.899
31.989 12.325
59.114 31.809
64.112 20.192
18.051 64.311
22.375 57.355
78.324 74.853
48.064 22.893
28.337 64.021
31.525 17.359
64.095 66.278
24.325 27.879
79.936 73.525
71.125 28.701
39.67 28.787
67.879 23.305
56.943 28.548
18.754 53.34
25.06 36.107
77.363 80.171
56.499 36.06
50.897 43.894
64.459 80.091
15.419 34.57
66.483 90.347
17.344 49.437
61.757 28.912
54.862 7.882
38.499 21.799
73.16 71.303
10.163 72.339
60.087 89.716
46.921 32.362
57.683 20.013
79.926 77.037
60.776 34.572
70.622 25.76
75.621 61.233
84.951 67.048
33.642 27.005
63.513 44.706
32.355 27.868
58.775 18.786
30.914 73.492
50.607 34.577
65.077 84.317
64.256 21.784
71.624 71.372
63.177 80.286
32.426 61.155
34.176 30.842
88.406 70.428
70.071 80.938
26.691 60.784
38.682 13.612
27.108 64.433
13.972 57.031
37.447 18.907
22.096 83.116
7.113 43.328
31.762 29.775
60.399 73.301
28.574 30.042
19.123 69.014
68.352 83.539
31.845 19.453
27.27 45.64
23.718 68.993
46.569 80.257
30.66 28.745
31.904 33.035
78.069 86.129
24.906 26.852
23.286 24.496
67.021 72.316
37.98 38.088
40.534 39.218
62.303 17.259
61.202 88.283
33.397 21.062
68.67 33.416
33.299 28.365
27.422 19.905
58.454 19.645
69.651 65.403
30.707 27.285
22.781 61.637
23.512 27.216
26.5 28.474
35.391 41.58
27.844 75.744
18.661 26.533
79.251 68.442
45.456 21.38
15.409 70.133
20.918 67.614
69.24 22.105
16.716 71.095
33.424 32.917
34.316 33.534
41.624 32.007
67.73 69.747
31.737 25.729
33.661 31.251
70.915 95.477
36.703 37.575
24.226 72.022
70.222 81.972
61.833 65.9
66.722 84.536
30.302 24.325
67.16 88.23
65.485 24.798
7.568 69.771
62.05 34.146
58.908 37.875
17.934 58.43
25.778 24.829
51.218 85.535
61.911 30.028
61.964 26.636
12.391 58.89
12.253 68.483
67.254 38.36
25.654 23.444
73.599 32.31
77.967 12.855
15.605 62.225
67.011 76.961
77.497 30.58
71.818 90.449
60.612 24.577
77.061 57.96
17.129 35.597
79.793 82.378
57.827 26.833
82.638 24.011
60.77 78.828
7.222 66.261
31.15 88.097
36.413 15.531
60.023 78.469
34.117 25.208
25.767 29.328
69.243 13.757
36.075 66.552
75.877 79.351
64.869 62.739
28.266 72.563
22.777 61.305
37.861 25.732
34.093 15.647
28.407 71.065
32.718 12.804
33.821 22.233
57.819 19.184
69.784 76.271
31.393 26.521
61.228 81.315
15.417 68.8
40.061 38.025
24.342 9.358
6.983 65.818
28.432 66.228
35.459 33.866
14.376 65.337
34.213 25.216
26.9 26.745
45.173 74.652
25.995 25.899
51.566 17.716
76.691 24.426
57.796 29.133
34.536 31.549
61.336 28.819
9.887 79.616
62.468 83.008
72.601 83.72
67.495 17.946
62.418 90.815
16.232 72.947
58.619 29.698
25.691 73.751
44.381 18.151
70.934 44.834
69.957 71.567
67.871 21.838
56.004 72.876
18.388 75.495
34.668 33.068
23.879 71.141
64.413 19.304
18.922 64.595
32.18 33.506
36.366 23.123
55.558 81.717
27.356 76.022
74.911 30.912
79.117 38.657
49.2 88.051
70.883 31.547
22.917 67.081
76.953 90.183
70.838 23.748
27.9 56.478
19.551 69.225
62.792 78.855
11.741 74.034
58.574 21.275
30.83 20.726
71.991 26.153
76.883 29.005
77.735 67.203
18.175 22.441
23.972 68.735
16.368 64.97
32.695 37.441
26.728 62.6
65.214 25.711
73.239 33.455
78.125 88.387
19.483 63.621
21.552 33.437
69.624 13.729
23.009 48.988
59.391 75.11
55.875 19.34
26.454 29.453
78.55 66.76
80.305 18.378
47.404 77.817
65.482 24.324
65.811 84.221
24.212 73.654
63.118 30.153
69.426 76.6
26.238 23.543
64.304 24.0
28.943 72.255
60.287 74.21
63.958 80.626
58.799 79.839
67.438 30.639
44.619 26.193
63.779 20.058
15.925 58.545
69.603 71.372
67.373 24.336
36.382 30.891
74.326 15.481
28.588 21.14
69.749 36.731
30.875 33.38
71.8 74.305
56.315 73.83
21.851 33.84
21.126 57.19
57.617 25.882
30.925 29.368
52.791 20.625
15.031 73.738
70.585 26.626
16.922 64.959
61.671 24.977
29.026 20.858
13.186 61.436
27.71 40.196
51.902 21.103
39.493 26.895
67.06 71.195
64.207 80.48
68.842 78.071
39.223 30.938
28.61 60.856
77.024 41.521
25.34 63.33
72.943 72.648
72.121 22.904
28.825 28.685
71.996 27.94
15.803 68.39
75.734 75.782
33.366 33.191
57.875 99.801
24.871 72.147
67.372 81.056
32.873 17.975
61.171 67.147
60.566 21.918
36.029 55.158
26.417 83.93
59.871 64.275
24.754 17.013
60.69 23.616
27.636 23.749
74.303 86.271
82.451 66.877
21.816 74.715
13.208 27.245
28.177 32.963
15.791 70.415
14.146 62.793
67.436 40.257
19.265 52.535
18.593 62.575
34.546 27.373
32.942 25.272
63.395 19.912
70.003 70.342
53.373 76.215
23.814 33.994
32.682 26.803
13.749 58.489
20.658 57.233
66.96 87.151
32.134 67.084
62.982 82.626
61.067 22.274
28.716 28.606
54.617 27.162
7.782 72.152
41.896 20.606
61.685 29.781
23.355 27.744
38.335 29.521
24.512 8.182
28.627 69.536
68.334 23.986
44.749 26.66
70.237 76.741
66.167 69.892
67.593 69.287
19.047 62.692
33.845 73.972
35.076 68.323
60.432 84.664
60.834 73.848
71.861 60.412
57.149 91.254
30.542 70.144
24.113 33.353
58.812 23.299
62.272 22.53
59.431 36.088
68.765 27.202
30.595 28.154
58.827 28.1
69.123 87.564
67.864 28.372
27.927 21.309
36.143 25.38
68.306 82.653
28.784 33.11
62.316 76.287
19.431 64.056
61.315 71.979
63.997 63.822
21.53 25.667
14.861 66.47
67.302 78.709
69.57 76.293
63.853 80.832
50.425 14.188
62.321 38.087
71.92 80.55
64.794 42.014
59.329 22.322
62.46 33.378
32.151 32.568
76.687 17.555
25.038 65.866
64.502 6.306
73.541 34.043
32.327 60.772
59.528 63.951
66.327 74.127
13.138 76.689
14.646 66.819
34.931 71.069
72.847 64.575
54.483 29.263
79.049 87.245
34.81 72.721
53.499 91.624
62.744 32.512
17.862 56.178
31.756 66.4
52.91 24.821
39.745 54.34
80.478 80.783
63.618 78.093
28.875 72.956
50.382 23.265
17.222 68.71
67.301 22.321
5.44 61.366
14.33 71.293
32.122 40.149
20.801 75.823
66.0 82.484
9.768 70.438
71.145 83.712
68.025 35.777
33.947 63.973
64.562 61.94
16.225 62.805
81.256 27.499
56.883 27.93
73.562 77.723
52.21 19.919
30.947 65.815
79.851 73.81
71.184 82.316
55.607 81.633
69.504 91.369
36.45 68.151
18.185 56.131
70.991 24.844
28.862 23.817
70.745 16.789
35.91 25.55
14.169 50.919
25.066 58.179
16.427 74.747
59.538 81.772
66.642 83.131
79.054 74.985
78.187 90.121
34.051 18.028
64.727 33.326
62.476 71.537
58.804 21.118
32.023 41.274
67.63 8.988
15.517 62.945
19.913 77.994
27.504 26.881
31.569 22.306
23.795 55.349
34.17 72.961
64.088 79.057
42.95 66.357
13.452 61.434
28.456 19.079
26.861 20.386
70.24 77.573
10.273 71.219
60.009 79.812
57.143 37.075
51.744 74.105
55.24 38.428
65.578 90.482
53.232 74.292
62.16 20.599
50.006 48.772
79.393 75.791
65.506 25.941
65.113 32.827
50.826 74.395
60.676 25.98
59.395 85.304
40.683 34.707
38.067 17.135
30.295 68.406
60.903 31.101
19.302 61.039
67.93 69.0
73.092 76.448
68.2 78.772
38.388 11.764
57.088 67.026
23.09 67.69
38.971 57.614
61.875 34.287
68.432 9.209
23.038 9.892
44.003 17.994
57.821 73.626
23.128 69.268
79.071 73.951
63.21 85.707
24.094 84.058
26.819 30.749
64.895 67.276
35.714 27.113
41.896 26.962
41.01 33.965
15.58 70.631
44.901 20.89
22.957 41.534
77.657 91.367
57.513 85.766
27.006 24.948
26.767 26.671
84.391 37.922
30.268 61.413
68.401 22.551
64.886 33.72
36.263 14.317
68.538 90.662
72.854 19.227
23.452 72.92
34.994 25.019
65.295 21.559
27.085 75.016
37.136 71.503
69.394 28.047
58.379 25.804
37.177 27.902
62.204 22.906
69.783 85.935
46.638 46.606
66.971 72.458
22.402 73.102
64.649 76.533
29.216 59.36
17.898 75.175
33.493 15.334
60.232 25.501
18.743 67.13
28.751 56.563
63.28 28.163
20.479 72.602
62.181 73.091
24.612 63.36
67.316 90.0
59.164 82.124
29.673 39.037
17.591 74.753
25.456 21.28
19.968 55.598
60.522 19.685
31.463 27.495
28.357 38.339
71.727 21.412
26.972 77.731
62.563 29.795
24.581 19.449
14.372 72.781
61.616 85.88
37.195 77.867
71.735 92.237
26.403 74.831
55.226 22.032
27.265 67.913
33.703 33.121
65.29 73.993
33.544 52.847
73.904 8.518
22.876 66.461
24.026 52.424
36.303 28.426
59.926 34.461
69.134 72.776
32.266 37.642
47.765 15.978
33.229 46.03
32.676 27.431
82.818 28.452
62.238 85.465
15.677 59.036
59.673 30.984
14.199 75.626
72.397 80.975
60.357 37.778
34.877 65.335
73.822 32.717
64.016 69.467
35.081 76.307
16.038 60.477
23.352 30.408
58.721 24.066
25.058 53.191
37.182 30.998
27.958 27.651
34.781 74.099
55.656 12.082
75.945 81.377
65.802 80.747
21.26 62.542
60.781 76.214
52.93 33.097
59.369 25.006
63.513 36.349
64.221 28.233
42.979 15.715
63.004 34.438
36.038 24.466
34.737 15.173
34.596 25.861
74.278 81.867
60.784 34.332
22.948 75.006
21.639 58.636
36.488 15.397
70.502 83.782
65.046 73.597
27.609 65.678
61.573 98.716
61.666 26.869
37.956 59.821
26.757 27.361
22.575 18.982
17.424 61.872
37.476 30.023
85.417 89.085
28.068 24.752
70.008 29.134
12.707 58.673
57.753 66.473
41.367 22.705
25.376 42.123
19.565 32.432
60.052 78.009
37.778 28.912
23.9 33.765
64.632 82.381
69.695 30.091
60.192 25.253
56.218 22.541
42.035 27.531
30.24 32.924
27.051 24.767
30.414 40.46
53.414 34.545
74.768 28.215
14.849 68.522
28.52 71.048
18.534 56.205
72.627 81.067
68.983 78.331
28.255 31.6
69.247 75.12
63.164 28.211
57.236 89.713
44.225 17.09
17.435 45.507
70.887 18.332
42.953 29.663
26.361 60.247
35.23 41.507
81.753 99.819
16.63 69.406
73.564 31.012
25.568 33.667
32.079 25.485
81.715 75.294
71.505 22.482
7.149 57.4
11.265 69.614
16.79 65.273
30.84 68.42
28.354 69.038
65.973 75.434
37.199 35.22
22.623 16.803
70.778 95.439
64.866 14.015
69.383 21.741
77.28 73.123
25.25 38.603
67.772 89.858
73.633 30.292
11.75 77.243
60.178 28.823
62.605 73.966
17.008 64.424
67.883 78.484
21.272 60.323
33.008 71.769
13.373 60.164
15.5 71.78
15.142 30.329
20.504 57.022
18.868 34.206
26.091 26.887
25.72 64.501
70.008 24.564
73.233 30.941
63.271 28.144
34.563 56.981
18.518 64.471
66.709 75.221
75.707 75.575
36.174 54.86
75.243 74.4
27.314 28.855
11.59 51.764
67.952 78.232
68.149 58.603
12.332 58.785
71.615 79.998
66.307 61.705
53.493 33.747
72.075 94.665
30.644 30.948
14.504 68.536
23.996 16.143
25.059 27.365
74.125 10.896
21.286 70.496
66.844 87.384
8.882 65.106
60.966 84.789
38.047 33.852
34.227 19.872
71.982 21.15
67.8 84.039
62.473 99.41
31.059 27.053
21.026 71.5
58.9 24.468
74.319 78.844
12.11 68.984
52.202 16.053
17.985 70.284
36.233 31.764
69.379 88.906
60.755 29.801
64.761 94.653
65.277 76.387
38.301 26.918
24.995 72.926
74.808 58.018
24.9 59.116
22.653 65.916
63.411 27.166
78.319 73.61
22.584 29.52
19.079 63.813
36.177 14.985
65.389 19.591
16.018 67.519
38.961 73.186
36.748 72.703
24.934 70.126
73.792 93.518
73.868 67.689
61.213 87.018
33.259 70.317
41.833 18.957
64.801 82.227
25.914 78.529
70.93 4.005
21.957 32.847
73.103 30.416
72.55 37.648
20.887 60.959
32.946 28.766
28.375 51.059
65.759 34.082
72.241 61.627
76.356 64.945
26.213 28.556
80.204 76.351
11.253 71.271
27.272 50.925
79.437 25.301
62.679 87.606
80.269 90.669
71.292 25.489
36.094 15.287
55.765 30.755
64.345 26.523
26.784 72.782
61.905 72.011
55.358 72.111
69.911 77.824
72.72 66.834
78.674 25.958
70.157 25.299
70.291 36.561
63.874 26.498
17.684 35.864
20.877 66.365
36.727 18.417
61.381 82.579
18.573 72.29
16.327 65.915
17.049 74.363
67.847 31.589
22.28 69.783
11.557 70.592
49.106 25.205
26.581 54.344
55.676 78.429
16.603 69.776
59.607 16.989
71.828 77.883
13.467 60.146
22.613 68.029
58.924 84.34
20.13 59.938
39.405 44.872
44.413 27.917
31.753 74.932
62.351 31.224
28.562 22.07
73.943 89.182
53.986 75.312
73.507 74.29
69.953 35.156
72.393 92.969
19.897 64.069
74.069 76.259
79.062 88.634
19.634 68.96
30.386 24.896
24.678 53.804
74.785 26.158
43.869 59.089
37.101 36.019
26.752 70.626
18.285 11.498
16.808 74.737
72.507 69.67
66.744 30.772
69.439 66.933
41.224 27.786
71.065 85.657
29.731 56.393
34.762 25.981
52.359 91.214
68.968 81.855
53.252 72.18
30.91 32.724
13.456 34.531
61.25 34.642
28.854 59.856
32.493 24.314
67.618 26.832
23.924 23.78
59.498 84.662
69.502 26.657
56.231 27.192
24.688 67.579
24.413 62.391
56.574 20.209
68.653 23.097
34.43 23.19
33.838 20.51
68.193 30.055
64.259 72.24
68.304 81.087
13.268 60.639
72.648 20.078
14.466 68.56
17.32 26.412
85.221 90.739
73.945 72.775
47.227 28.723
76.069 23.148
68.131 23.082
14.796 59.689
16.2 57.279
24.408 65.12
68.373 92.59
59.361 23.683
67.77 32.943
32.337 35.437
59.644 21.437
59.081 87.463
58.447 83.765
68.404 16.83
49.536 20.998
21.699 69.717
20.349 13.855
25.221 35.098
26.881 56.33
53.44 77.938
22.505 38.196
72.273 29.931
71.094 72.512
69.188 78.014
31.336 32.139
49.273 21.063
70.203 89.101
33.753 32.097
13.439 64.023
36.922 25.865
29.393 53.437
69.736 32.284
30.567 22.665
72.058 65.268
3.459 69.292
64.544 42.951
63.718 9.51
62.169 70.404
75.034 20.889
70.722 29.368
79.977 78.869
65.564 35.915
65.791 26.454
30.548 12.36
63.698 24.655
59.202 16.706
34.706 28.229
62.848 33.801
56.197 34.874
79.027 60.51
20.716 20.081
58.538 67.087
74.668 89.049
50.932 22.677
76.159 89.951
35.544 27.556
16.303 55.241
64.215 85.196
9.478 77.235
18.859 46.614
59.198 34.51
55.499 68.128
70.467 19.58
21.445 12.324
16.709 37.832
15.931 64.292
25.815 18.571
19.705 63.01
41.805 14.477
40.469 28.476
23.82 63.255
35.102 29.952
10.941 61.626
33.89 28.629
63.129 75.935
16.768 70.55
45.205 57.375
18.45 56.66
66.856 32.537
34.13 42.681
34.224 63.956
4.647 62.427
66.413 73.198
31.005 11.475
30.765 32.614
52.231 77.336
18.264 68.678
65.156 19.151
21.946 47.17
30.54 52.106
31.517 34.499
59.766 88.345
44.225 58.878
36.321 33.497
28.894 19.884
23.962 71.144
28.011 32.342
64.932 31.346
33.136 13.047
60.021 82.849
77.76 25.83
37.273 15.461
12.951 63.135
32.817 22.013
23.484 74.452
41.968 36.903
18.354 81.332
17.674 59.912
20.131 24.194
63.368 84.361
72.874 18.23
32.476 20.765
72.169 17.789
25.282 24.725
8.671 15.873
61.676 90.883
36.19 32.646
78.258 21.228
10.257 68.612
58.839 83.251
59.417 24.162
72.789 69.387
35.803 32.515
70.84 74.017
66.778 85.368
58.914 25.979
35.891 80.453
27.995 66.525
69.43 69.407
29.971 63.456
28.69 64.69
25.965 50.281
28.996 18.914
28.514 75.867
42.175 29.133
38.6 25.651
77.351 17.72
61.172 23.032
73.044 14.797
17.799 72.235
26.245 76.059
16.962 26.703
60.475 21.514
57.383 86.842
49.056 31.901
59.182 30.848
14.277 65.375
22.02 78.104
62.088 5.062
71.402 80.607
62.677 29.374
76.381 82.799
60.315 77.406
39.556 18.595
23.659 25.071
13.444 31.574
30.959 19.778
75.458 87.545
19.79 27.712
73.223 22.049
17.082 56.437
39.346 35.14
10.756 30.877
71.051 35.252
77.139 24.594
38.611 31.958
78.181 79.869
58.703 88.813
59.921 21.929
75.342 38.36
56.759 32.471
72.953 75.111
11.547 70.834
22.16 32.918
69.265 22.511
82.529 80.923
74.134 69.693
21.79 36.614
64.736 85.27
8.302 61.887
65.886 75.796
57.464 28.121
61.82 26.02
46.438 87.529
29.403 26.342
36.139 19.887
32.104 25.47
57.807 73.746
36.458 20.23
80.899 84.798
68.922 27.367
66.482 82.265
33.696 26.549
31.297 39.481
68.576 17.993
20.07 69.757
67.991 22.362
47.408 34.35
40.943 22.782
67.442 19.533
19.019 20.93
30.133 28.586
13.871 43.472
64.439 80.723
26.042 72.911
68.627 79.683
39.249 35.6
66.924 83.265
57.317 41.79
4.932 68.568
72.921 15.662
69.683 77.449
68.781 20.404
72.591 27.434
32.523 22.83
72.895 82.104
57.868 26.648
11.717 68.102
17.545 71.265
33.901 28.294
51.772 41.639
68.966 83.313
63.075 22.275
39.513 25.839
59.54 37.123
69.07 40.676
72.592 32.737
77.812 74.106
62.368 14.806
25.573 24.512
19.407 27.106
27.217 58.106
65.618 80.926
71.143 82.309
71.456 71.527
35.063 25.015
66.742 84.07
32.324 34.202
55.045 24.991
35.787 11.255
62.162 32.451
13.566 70.0
66.979 19.28
70.699 26.971
22.19 65.806
69.384 27.926
73.548 70.129
75.529 82.606
67.782 21.904
33.264 84.137
29.86 81.644
63.698 95.291
20.485 64.896
34.548 69.03
35.237 59.53
38.468 25.355
71.245 72.238
31.659 21.446
6.837 67.657
56.375 22.986
63.302 81.348
72.23 21.232
60.462 83.003
18.907 61.171
26.683 18.805
52.59 28.82
80.708 67.103
27.422 65.595
33.219 63.188
69.375 79.812
15.013 16.565
29.881 28.448
79.035 91.888
19.766 67.371
77.156 88.457
23.121 28.813
63.33 87.078
36.213 19.812
15.009 77.074
34.482 20.707
68.388 11.948
50.606 27.15
67.728 36.094
28.644 68.279
74.282 83.063
28.15 19.453
80.881 69.708
71.155 30.326
30.097 32.831
28.861 68.294
59.977 31.202
24.575 63.085
45.295 24.878
23.051 16.688
51.052 33.946
57.522 73.243
72.961 18.729
60.762 32.826
77.016 79.598
55.37 22.166
72.385 21.124
69.843 20.361
45.062 15.468
10.957 49.068
14.364 18.857
34.152 23.932
23.376 32.156
71.571 41.923
73.543 15.582
42.475 42.659
64.159 80.151
78.735 81.183
25.966 28.057
66.895 24.012
69.572 18.65
27.596 75.085
13.572 68.089
39.509 23.433
30.341 69.517
31.544 12.572
78.268 89.185
44.336 24.259
70.493 72.526
63.133 28.839
25.935 16.353
30.786 61.537
27.484 34.076
36.532 63.847
24.021 21.963
69.93 34.294
14.128 63.642
60.265 29.632
66.464 73.177
27.466 13.319
19.231 55.926
62.069 70.667
78.46 27.917
23.382 53.519
56.359 81.143
57.059 19.89
55.481 18.309
24.331 56.053
38.132 65.9
75.44 73.355
60.903 76.561
53.529 21.042
28.825 22.629
57.476 33.548
68.957 34.66
47.018 13.314
36.343 20.318
60.34 27.014
28.347 26.935
31.423 25.719
28.156 43.498
41.918 32.856
23.214 74.983
71.231 76.417
58.746 23.845
67.167 22.267
31.299 80.056
41.007 27.891
79.549 70.9
34.279 11.685
30.524 56.709
35.809 21.134
30.061 59.131
43.308 22.909
32.375 37.667
53.836 27.827
70.121 71.833
29.632 28.327
24.249 62.917
64.75 77.781
21.48 63.39
41.123 19.46
30.341 68.915
28.296 24.703
70.314 27.996
64.955 66.272
24.697 52.724
26.985 26.337
23.059 61.955
73.824 79.873
33.579 19.457
20.9 57.119
31.344 28.049
70.073 67.331
76.899 32.182
74.706 27.873
66.346 94.534
24.799 53.504
66.905 82.514
18.493 26.276
65.147 83.922
86.06 79.138
36.789 34.142
18.498 59.537
15.743 69.371
29.068 25.638
27.559 53.535
61.762 82.452
71.333 71.599
52.972 74.0
40.37 23.095
19.151 70.552
61.29 73.858
42.168 15.021
28.706 60.706
64.748 92.323
30.408 35.595
53.181 22.689
36.106 25.187
68.247 27.694
66.169 33.555
24.376 65.189
26.398 65.656
63.133 12.976
26.199 26.896
64.839 19.112
70.908 83.024
7.944 40.484
30.594 69.055
70.384 23.33
56.15 19.479
67.144 30.238
16.69 55.69
28.677 23.691
65.508 28.931
56.142 89.571
13.162 63.877
44.77 18.056
59.271 81.223
62.858 88.136
63.298 89.108
64.175 71.04
30.169 25.386
69.659 25.137
10.719 57.548
28.023 53.866
70.84 83.572
27.655 23.351
17.586 63.485
29.854 57.868
64.879 29.176
76.079 35.746
13.059 63.017
41.588 28.468
14.246 79.763
66.282 81.257
31.586 23.237
71.572 77.564
31.192 33.5
60.762 77.443
18.505 60.587
73.915 95.194
25.181 35.561
72.514 69.706
46.355 72.573
15.043 27.755
66.152 95.092
66.703 76.845
21.172 85.537
18.572 61.275
55.413 81.606
44.939 68.147
22.815 65.683
29.635 59.242
66.427 28.309
57.731 91.948
70.373 29.967
71.292 43.172
36.84 34.452
25.797 25.925
33.02 70.434
20.973 72.63
70.416 22.704
34.574 29.57
24.182 15.154
12.172 67.165
27.217 25.521
31.71 56.312
65.658 74.608
44.477 58.757
65.869 37.142
82.373 18.918
25.057 18.44
63.992 84.94
61.608 73.18
61.144 14.502
63.095 41.8
60.341 20.434
48.262 15.814
43.399 15.777
78.961 26.765
31.895 23.843
32.696 61.002
33.134 72.657
53.221 83.439
66.993 80.136
23.175 68.508
82.018 73.735
19.095 65.054
67.607 13.651
60.369 32.285
20.959 25.942
56.928 78.921
35.234 22.43
62.897 72.478
61.448 18.951
22.903 21.221
88.554 72.094
20.909 35.772
79.261 88.056
62.74 19.268
31.443 68.358
23.114 68.47
16.666 67.418
28.305 19.15
65.17 11.777
64.081 25.799
65.815 28.693
12.698 59.178
65.609 38.466
22.766 29.791
69.683 82.871
30.937 54.726
37.118 40.487
73.5 29.183
29.491 61.104
18.676 22.423
77.095 66.845
34.933 61.357
30.914 22.945
62.016 18.524
18.695 69.622
73.861 79.614
27.189 60.145
27.991 67.674
33.847 13.226
67.218 83.976
28.568 17.957
61.192 20.071
57.023 33.197
45.651 34.924
74.6 75.383
19.841 54.323
78.641 32.919
75.181 16.051
14.724 23.579
66.887 39.761
61.431 31.595
3.126 68.654
14.703 64.452
24.287 58.47
59.54 14.776
21.037 25.206
51.917 27.46
46.607 76.97
57.552 37.93
54.424 19.713
58.25 21.956
29.715 28.359
14.429 58.656
61.121 24.12
63.24 9.488
66.154 31.131
9.725 52.978
23.324 69.725
29.068 24.467
72.231 37.461
12.497 61.592
52.11 15.681
26.227 19.538
21.892 42.121
21.469 28.675
67.811 76.669
39.236 65.329
55.866 21.336
54.641 30.931
18.404 65.346
71.459 88.528
32.951 33.437
68.224 81.668
76.013 73.145
63.837 30.04
42.292 36.888
63.355 18.931
32.23 69.291
19.224 68.476
48.457 35.459
61.761 69.068
28.716 70.841
35.427 35.135
73.3 38.41
66.019 22.908
25.242 13.984
60.24 79.698
28.31 71.897
43.728 31.017
51.376 26.751
81.156 32.712
29.985 41.122
26.149 36.03
19.876 27.08
71.695 71.424
32.395 23.073
23.425 25.926
73.102 77.868
68.787 21.167
35.456 62.405
55.644 28.948
63.361 84.065
68.458 94.145
15.258 64.734
78.964 29.833
14.706 59.287
65.539 71.73
77.215 63.968
29.084 22.646
68.126 83.888
63.83 32.494
59.621 29.442
18.051 69.266
77.893 14.874
38.346 30.942
31.098 21.551
67.48 25.8
22.833 78.979
30.278 30.854
19.988 66.805
54.533 27.9
23.836 28.892
17.863 31.51
32.05 33.91
24.762 68.895
58.041 14.435
71.654 35.96
73.463 17.617
32.08 33.941
81.585 75.416
76.253 83.179
17.08 65.36
59.59 81.873
34.805 24.959
59.855 71.891
24.68 62.578
16.654 23.04
62.344 19.152
59.803 33.436
67.998 32.801
31.91 29.367
65.575 39.595
49.255 12.836
63.944 24.959
23.87 13.7
55.251 19.86
77.065 21.727
79.118 81.588
21.619 53.315
13.731 15.761
22.445 61.389
19.372 63.957
58.337 72.332
19.804 65.28
14.155 82.519
15.338 66.839
28.761 70.611
32.725 29.66
46.919 31.541
74.834 74.369
70.599 79.698
27.8 62.476
71.154 65.374
21.979 33.434
25.898 54.949
28.022 69.522
29.231 37.059
58.882 28.38
68.632 14.316
54.598 30.39
22.625 69.658
28.461 33.832
28.247 27.66
65.265 38.203
13.871 75.04
20.791 71.686
17.369 66.676
79.14 77.967
43.504 56.08
63.089 79.51
31.151 25.516
21.972 64.647
65.992 69.106
12.438 27.378
73.133 82.091
50.212 84.694
35.296 29.506
33.548 20.88
20.963 73.434
73.333 83.597
61.652 61.062
48.701 56.027
24.517 19.321
26.645 21.279
29.488 68.64
25.69 78.079
68.746 19.639
66.812 87.057
22.06 65.712
38.192 32.223
40.165 61.858
75.321 76.715
