10000 7
333.333 333.333
2117.572 2985.057
2139.602 3324.598
1886.400 3064.179
2328.041 3112.774
1869.325 3053.155
2271.663 3287.008
2118.571 2959.762
1966.500 3007.121
2013.041 3249.155
2290.326 3277.880
2159.876 3205.385
1929.002 3175.592
2009.537 3348.283
2020.815 3139.381
2069.681 3126.118
1923.590 3208.129
2339.330 3088.278
1922.085 3390.115
1953.909 3223.056
2154.873 3327.823
1938.429 3085.301
2028.400 3262.420
2219.756 3320.207
1955.555 3181.365
1941.803 2947.376
2147.224 3095.273
2249.841 2955.353
2158.956 3219.895
2074.390 3362.759
2253.794 3399.819
1978.291 3072.334
1899.664 3172.327
1996.313 3150.698
1893.933 3060.525
1901.442 3085.850
1981.947 3034.773
2128.058 3060.203
2071.768 2968.825
2267.244 3331.194
2290.316 3273.155
1878.987 3142.589
1861.720 3253.808
2270.511 3065.598
1916.175 3393.140
2192.348 2963.059
2334.940 3031.827
2291.915 3349.136
2137.673 3145.730
2217.806 2986.870
2351.757 3216.934
2212.330 3382.523
2198.742 3071.044
2175.797 3248.804
1934.937 3298.291
1917.032 3252.679
2020.484 3277.894
2177.534 3163.147
2242.347 2979.158
2293.088 3005.802
2268.129 3079.115
2328.142 3320.234
2336.274 2937.471
1981.247 3419.699
1894.055 3205.816
2235.473 3330.090
2070.404 3153.732
2147.358 3349.254
1926.346 3283.047
2193.423 3427.026
2251.600 3079.405
1966.768 3387.891
2247.449 3368.621
1892.535 3320.670
2165.067 3261.241
1914.513 3380.001
2186.497 3214.689
1998.279 3035.902
2198.151 3337.979
1978.080 3083.539
2259.918 3008.798
2145.898 3008.485
2152.696 3418.703
2040.084 3044.840
2066.577 3215.306
2190.559 3012.654
2071.853 3320.386
2175.940 3060.713
2288.643 3338.480
2294.845 3328.375
1936.526 3022.762
2311.133 3090.461
1882.372 3368.602
1894.094 3243.390
1941.515 3291.280
2176.028 2974.190
2302.574 3287.023
2051.993 3391.831
1910.397 3271.015
2080.132 3207.969
2281.383 3225.226
2164.231 3351.678
2276.549 3248.501
1939.408 2970.586
2199.701 3330.799
2278.800 2972.389
2004.996 3084.521
1995.060 3080.713
2264.045 3253.122
2264.029 3188.929
2094.302 3350.193
2346.453 3429.117
2264.037 3338.094
2048.206 2970.824
1989.678 3131.988
2004.483 2964.628
2064.775 3340.362
1889.821 3045.788
2079.014 3358.953
1963.173 3201.824
2301.092 3288.652
2234.357 2981.836
2305.780 3156.255
2265.235 3316.642
2076.161 3042.072
2286.075 3300.136
2206.045 3265.471
1995.251 2949.545
1901.254 2983.040
2087.448 2955.534
2303.673 3119.618
2066.649 3203.455
2145.782 3184.538
2265.552 3112.521
2111.574 3005.478
2290.022 2954.072
1932.711 3036.749
2321.671 3255.311
2360.258 3282.857
1898.904 3384.615
2175.695 3040.504
2058.131 3222.366
2042.684 3427.695
2021.689 3095.799
2140.611 3247.760
1927.689 3278.294
1904.218 3291.295
2341.808 3353.610
2208.688 3108.574
1967.043 3168.166
1861.833 3185.770
2290.072 3306.958
2059.317 3160.525
2331.325 3157.542
1873.493 3426.153
2034.776 3366.685
2327.491 3018.251
2315.459 3245.703
1923.686 3354.569
2049.783 3416.035
1912.973 2941.854
2211.686 3323.617
1990.268 3126.381
2274.820 3259.756
2232.397 3233.013
1999.851 3400.321
1864.252 3381.328
1980.011 3285.990
1864.522 3159.894
1915.033 3400.133
1883.016 3163.609
2136.570 3023.185
1911.529 3390.862
2034.535 3183.538
2339.234 3157.927
1874.405 3389.533
2236.319 3382.012
2250.146 3267.599
2009.202 3270.675
2100.252 3155.032
1922.361 3057.376
1923.785 3108.107
2295.138 2957.085
1965.576 3296.979
2007.119 3254.693
2322.828 3389.744
2354.407 3014.131
1961.558 3219.859
2014.652 2934.603
2168.413 3241.979
2260.864 3289.080
2319.606 3329.232
1862.637 3234.616
1936.803 3423.055
1942.106 3206.924
2108.641 3084.527
2138.454 3412.271
1918.241 2939.026
2029.047 3380.220
2257.712 3191.062
2321.627 3150.499
2109.392 3418.929
1899.939 3261.603
2127.731 3215.813
2210.460 3283.426
2012.679 3152.512
2237.062 3163.333
1983.831 3247.843
2202.880 3122.033
2172.668 2949.894
2026.427 2951.866
2309.701 3029.296
2040.226 3254.195
2249.738 3158.289
2241.027 3098.408
2175.331 3194.661
2141.159 3420.774
2312.318 3166.789
2196.956 3319.105
2203.846 3396.940
2328.543 3116.871
2272.646 2948.394
2099.247 3168.595
2258.276 3388.550
2254.788 3124.350
2059.683 3077.661
2013.710 3002.484
2327.552 2943.953
1980.538 3254.825
1936.432 3269.653
2048.667 3161.830
2255.250 3150.139
2239.485 3331.309
1900.755 3390.732
1901.013 2934.072
1942.594 2930.363
2046.263 3355.149
2120.124 3157.306
1933.319 3283.844
2152.056 3034.814
2184.134 3076.854
1984.990 3217.617
2358.409 3091.249
2091.284 3081.161
2108.532 3080.293
1873.559 3200.730
1943.188 3064.368
2246.483 3209.998
2169.789 3105.315
2311.130 3374.350
2344.721 3195.655
2175.031 3422.847
2013.098 3309.572
2222.005 3264.762
2047.725 3123.348
2037.006 3295.989
1996.025 3300.127
2013.705 3097.135
2349.844 3180.696
2074.007 3390.594
2083.593 3293.842
2204.651 3346.266
2022.525 3156.837
2095.321 3320.518
2347.074 3174.061
2342.904 3110.171
2027.547 3080.967
2332.242 3285.083
2352.896 2998.479
1948.726 3195.060
2202.972 3315.052
1999.667 3305.267
2187.548 3286.986
2146.064 2961.841
1869.436 3038.231
2285.458 2963.528
2341.840 3244.745
1917.428 3244.140
2109.587 3225.686
2226.410 3001.077
2289.946 3360.678
2138.857 2932.218
2293.618 3006.160
2195.122 3328.748
2326.674 3206.962
2062.520 2935.997
2280.204 3238.823
2271.268 2998.116
2277.770 3064.959
2339.124 3281.348
2091.813 3170.543
2279.782 3425.829
1941.193 3385.778
1926.601 3034.638
1923.270 3350.734
1924.200 2967.683
2353.588 3130.194
2088.912 3086.718
2139.118 2977.673
2219.946 3085.212
2239.561 3110.097
1922.177 3051.762
2324.105 3044.500
2114.471 3222.445
1964.732 3283.400
2248.486 3195.364
2218.722 3066.180
2092.875 3262.482
2218.508 3323.806
2336.434 2932.308
2127.932 3116.202
2029.696 3117.873
1872.978 3145.858
2329.301 3421.766
2345.877 3094.142
2344.265 3003.889
2253.968 3389.638
1954.172 3326.457
2325.265 3345.136
1992.283 3361.041
2154.156 3182.573
2206.693 3077.219
1907.505 2939.803
2002.885 2979.288
2104.879 3034.665
2127.614 3111.549
2153.560 3141.434
1966.212 3166.981
2149.857 3170.060
2023.652 3187.433
2238.714 3340.220
2098.729 2955.307
2314.464 3098.438
2265.044 3051.570
2340.985 3299.931
2358.700 3091.294
1980.079 3062.074
2035.319 3329.718
2026.456 2962.181
2285.756 3061.144
1948.631 3212.314
2025.991 3393.097
2265.727 3319.040
2193.291 3418.795
2003.854 3222.166
1920.360 3278.944
1872.280 3070.276
2210.766 3312.725
2124.015 3403.016
2037.645 3363.651
2215.950 3124.144
2122.791 3103.872
1909.508 3413.859
2101.035 3121.454
2344.708 3332.534
2325.922 3192.863
2332.145 3073.591
2034.623 3273.157
1919.872 3379.864
2110.968 3231.723
2306.314 3069.556
2000.793 3097.834
2352.589 2970.432
2110.032 3174.855
1934.844 3347.724
1886.446 3108.590
2124.906 3146.382
2018.175 3000.586
2205.811 2956.298
2063.772 3105.246
2084.310 3130.252
2335.445 2966.475
1871.980 3024.514
2017.486 3041.613
2272.113 3117.734
2010.912 3386.352
2048.746 3314.105
2057.611 3340.543
2050.656 3274.654
2012.840 3077.042
1903.256 3234.754
1942.444 3187.061
2252.425 3392.594
2298.589 3387.788
1959.917 2934.610
2094.246 2998.639
2175.247 3037.173
2359.401 2985.529
2079.244 3228.848
2252.197 2983.578
1919.261 3369.793
1919.942 3010.631
1884.365 2964.739
1917.465 3223.946
2009.261 3332.091
1937.330 3427.667
1942.371 3365.705
1949.754 3139.724
2073.254 3101.874
2109.108 2971.675
2098.909 3211.646
2261.781 3119.937
2263.047 3228.512
1880.942 3406.284
2032.737 3411.689
2170.383 3195.295
2360.128 2992.906
2322.825 2965.790
2245.600 3315.798
2113.915 3010.295
2127.040 3364.837
2002.225 3074.007
2038.507 3038.352
2032.882 3080.989
2080.482 3390.261
2178.191 3271.292
2085.581 3077.062
2115.663 3068.452
2118.799 3119.840
2269.612 3028.452
2148.787 3310.894
1997.967 3268.341
2173.207 3066.833
1888.158 3285.563
2204.125 3233.572
2005.493 3052.601
2185.856 3283.285
1971.501 3186.990
2036.015 2942.444
2083.974 2968.393
2255.787 3422.508
2271.004 3039.935
2083.788 3138.323
1967.286 3147.212
2286.122 3420.541
2083.691 3176.383
2182.256 3289.313
2268.889 3143.440
1903.190 3364.526
2134.696 3093.553
2301.234 3394.529
2259.733 3247.957
1950.601 2956.776
2089.125 3356.609
2267.693 3122.355
2207.340 3088.095
2268.394 3149.982
2317.023 3409.164
2292.548 3277.863
2278.074 3020.156
2178.410 3155.888
2352.867 3357.712
1934.664 3031.173
2211.241 2936.214
1960.047 3030.825
2277.120 3129.423
1912.436 3212.955
2078.659 3203.990
2078.034 3141.610
2331.107 3324.414
2350.396 2979.949
1889.813 3190.946
2090.245 3406.757
2188.299 3411.250
1890.096 3023.971
2195.706 3310.973
2358.804 3106.137
1935.447 3332.165
2025.794 3336.317
2203.114 3216.221
2134.973 3357.205
2283.005 3419.913
2137.667 3214.360
2075.609 2976.902
2122.089 3239.904
1981.396 2977.479
1900.579 3138.142
2052.730 3031.960
2334.122 3129.584
2009.017 3319.232
2332.225 3066.094
2214.480 2940.917
1886.624 3215.543
2305.088 3216.601
2349.394 2958.913
2264.721 3277.624
2294.947 3144.148
2083.416 3108.279
2025.612 3389.875
2098.121 3218.159
1923.446 2993.469
2220.261 3201.116
2237.943 3169.971
1970.120 3166.861
2073.068 2982.986
2168.419 3087.640
2035.180 3311.820
1912.928 3397.461
1887.730 3010.790
1910.376 3268.104
1961.160 3114.380
2067.766 3141.374
2101.177 3114.995
1905.835 3198.446
2249.209 3063.836
2038.891 2930.316
2199.971 3339.488
2145.567 3176.700
1975.880 2964.841
2333.533 3174.075
2320.397 3317.511
2248.624 3327.371
1954.670 2942.488
2000.190 3131.419
2035.104 2977.483
2070.044 2929.721
1920.150 2969.562
2059.858 3016.019
2265.929 2961.379
1877.790 3144.270
2027.637 3315.506
1965.196 3089.467
2173.903 3350.823
2159.537 2951.889
2231.255 3258.169
2066.052 3297.952
2126.636 3073.058
2000.475 3203.106
2022.575 3074.093
2085.784 3320.668
2102.168 3231.706
2110.245 2995.013
2153.388 3007.916
2036.135 3335.228
2112.572 3055.145
1978.335 3277.412
1903.956 3328.040
2020.032 3027.494
2034.367 3075.720
1905.580 3411.332
1962.360 3250.880
2087.842 3415.074
2031.057 3340.717
2010.062 3074.356
1954.591 3424.920
1927.536 3212.420
2265.569 3115.321
2355.866 3400.950
1996.276 3017.760
2123.597 3118.830
2042.679 3052.098
2162.060 3372.328
1867.354 3116.257
2016.720 3316.845
2297.896 3021.506
2232.620 3216.549
2293.181 3253.479
1933.315 3111.128
2180.351 2985.440
2073.089 3152.775
2040.218 3371.079
2046.600 3154.710
2019.014 3123.721
2063.503 3122.438
2017.400 3211.777
2135.184 2999.678
2244.811 3256.765
2235.790 3365.551
1875.764 3018.763
2206.842 2929.334
2315.035 3182.750
2082.630 3418.532
2065.572 3183.078
2293.103 3057.434
1904.818 3091.165
2309.442 3387.149
2338.022 3072.980
2037.127 3016.165
1861.723 3143.873
2228.360 3151.173
2294.670 3263.670
1897.469 3296.577
1923.819 3273.582
2346.390 3390.777
1984.531 3157.509
2308.432 3327.093
1985.630 3405.093
1920.299 3242.894
1930.972 3187.691
1938.915 3424.738
2304.112 3212.574
1888.376 2945.978
2210.548 3294.904
2001.757 3049.323
2345.088 3408.575
1963.404 3054.941
1912.300 3111.899
2173.919 2997.954
2177.183 2974.764
1991.487 3018.579
2087.865 3124.557
2218.849 3268.917
2089.121 2935.557
1963.981 3266.088
2261.111 3301.631
2034.415 3045.897
1945.533 2949.485
2285.920 2996.051
2243.130 3338.713
2305.393 3425.752
2208.561 3053.219
2295.034 3289.466
2279.959 3052.521
1987.530 3140.577
2049.985 3078.606
2191.528 3281.449
1959.199 2969.690
2180.807 3080.501
2087.939 3421.151
2320.632 3261.745
1937.779 3036.047
2183.077 3165.784
2124.057 3254.334
2068.225 2978.929
2228.195 3158.807
2200.752 3137.036
2004.045 2959.299
2132.838 3176.556
2327.233 3274.706
2304.678 3272.546
2143.947 3046.817
2323.769 3350.409
1868.499 3220.661
1964.627 3374.139
2209.861 3429.037
2048.834 3155.091
1985.561 3053.618
1923.917 2990.622
2004.315 2966.625
2093.152 3166.105
1980.394 3342.818
2343.100 2969.981
2195.339 3360.515
2197.708 3334.060
2266.438 3260.365
1903.714 3133.715
1984.337 3218.712
2324.064 3305.675
2052.541 3092.061
2192.683 3373.342
2041.832 3387.847
2336.589 3287.045
2202.880 3262.486
1908.507 3272.859
2161.476 3043.238
2090.379 3402.015
1872.712 3130.503
1899.724 3039.317
2284.995 3162.841
1866.493 3363.963
2204.990 3129.505
1973.939 3372.406
1971.123 3342.041
2051.816 3321.577
1943.153 3245.057
2230.196 3315.711
1986.327 2967.881
2278.082 3042.160
2112.988 3424.659
1934.914 3375.092
1918.693 3046.421
1909.562 3313.062
2233.223 3029.315
2006.077 3120.388
2161.945 3132.696
2111.829 3198.408
2040.281 3085.792
1971.288 3039.127
2337.138 3337.353
2256.154 3275.946
1904.756 3303.267
2142.139 3297.296
2096.984 3193.318
1938.869 3215.291
2285.717 3032.545
1941.053 3227.407
1905.932 3162.260
2053.337 3253.957
2240.260 3157.908
2156.437 3177.097
2127.096 3288.857
2043.912 3411.675
2356.946 3111.046
2356.962 3234.749
2185.280 3364.745
2246.376 3018.292
1935.191 3399.637
1872.803 3094.625
2125.368 3417.979
1940.055 3071.221
2201.862 3017.889
1889.928 3339.180
2322.233 3340.656
2356.789 3292.069
2103.903 3005.151
1888.625 2971.163
2250.780 3011.658
2225.929 2986.423
2114.475 3229.899
2081.729 3176.006
2265.794 3031.161
2222.998 3425.834
2089.038 3174.787
2022.753 2936.701
2350.820 3179.585
2054.828 2967.674
2177.074 3003.667
2174.853 3007.826
2214.525 3234.438
2317.788 3138.485
1954.542 3029.104
1922.501 3022.141
2288.961 3146.064
2056.963 3056.640
2210.099 3010.002
1871.737 3252.221
2336.374 2938.210
1950.382 3019.065
1983.156 2981.639
1937.675 2933.201
2167.059 3278.244
2043.703 2983.480
2223.998 3319.643
1992.236 3324.692
2102.683 3347.906
2351.159 3186.911
1879.907 3159.045
2167.201 3238.924
2017.262 3190.128
2174.847 3166.005
1942.117 3307.557
1898.638 3232.608
2298.356 3320.561
1902.074 3417.974
2247.486 3055.780
2072.944 3170.573
1940.954 2946.696
1983.449 3377.358
2179.814 3234.988
1905.032 3021.722
2189.509 3397.542
1968.473 3277.958
2182.405 3207.024
1884.714 3399.219
2095.192 3033.893
2218.286 2945.356
1870.362 3028.705
1991.307 3361.525
2273.357 3377.307
1973.013 3146.530
2355.233 2990.699
2065.362 3186.993
2210.454 3058.120
1997.877 2953.192
2207.786 2956.647
2191.646 3192.147
1960.613 2963.957
2268.578 3127.963
2164.213 3251.740
1962.433 3008.262
2053.975 3384.542
2022.120 3068.359
2205.326 2989.112
1894.289 3143.552
2011.213 3054.443
2006.921 3154.940
2093.520 3411.257
2019.651 3348.453
2223.371 3368.679
1879.127 3416.727
2088.135 2989.530
2062.616 3419.990
2255.422 3003.951
2342.072 3415.575
2105.007 3202.935
2247.224 3216.493
2137.887 3288.304
2160.505 3029.143
2320.229 3020.255
1892.559 2967.047
2012.961 3348.043
2166.414 3295.909
2055.381 3383.825
2192.932 3029.117
2135.237 3094.305
2016.416 3405.796
2208.039 3172.051
2069.933 3377.942
2085.708 3163.323
2341.511 3069.750
2068.743 3356.452
2267.012 3079.360
2167.784 3027.382
1887.488 3093.804
2114.927 3075.657
1873.412 3213.544
1892.397 3129.654
1898.526 3418.196
2029.649 3002.363
2323.996 3235.702
2320.902 3179.702
2104.619 3242.616
1968.502 3153.166
2247.302 3057.080
2259.137 3396.712
2217.352 3189.891
2099.168 3077.922
2077.153 3307.966
2085.070 3294.508
2304.251 3222.183
2162.558 3336.066
2117.367 2990.629
2341.561 3166.264
2315.822 3289.259
2359.120 3116.432
1986.471 2961.790
1940.383 3172.276
2213.992 3366.298
1916.181 3248.092
2179.851 3101.218
1960.849 3276.585
1962.538 3246.117
2120.305 3226.215
2141.436 3055.670
2087.817 3321.062
2137.756 3213.332
2107.807 2941.058
2269.799 3266.189
2018.295 3345.453
2044.068 2983.766
2202.284 3294.021
2241.438 3426.585
1915.190 3226.955
1891.269 2976.311
1955.562 2981.384
2105.317 3124.036
2227.353 3086.829
1962.290 3026.900
2311.326 3135.850
2073.575 3099.519
2038.673 3225.551
2355.071 3102.775
2070.183 3124.248
2182.851 3400.328
2359.981 3009.486
1908.003 3176.985
2200.151 3117.248
2118.955 3215.114
2157.895 3205.015
2303.674 3390.590
2209.372 3013.184
1915.431 3100.278
2181.152 3387.914
2295.071 2941.497
1921.415 3331.595
2225.461 2956.567
1993.694 3420.521
1923.402 3201.603
2127.138 3114.870
2177.116 3388.539
1894.086 3146.907
2010.883 3357.741
1883.569 3080.771
1890.108 3287.338
2223.881 3422.781
2099.288 3271.140
2246.515 3031.350
2039.987 3102.762
2301.750 3031.809
1961.376 3398.526
2346.103 3204.995
2177.574 3099.577
2149.358 3320.855
2046.339 3325.055
1979.127 3209.318
1966.715 3080.378
1862.529 3156.043
1953.745 3080.420
1966.389 3333.632
2245.157 3367.448
2134.826 3175.924
2213.426 3325.041
2283.484 3393.196
2006.330 3213.952
2130.208 3213.448
2067.411 3391.882
1864.479 3131.030
2288.586 3011.147
1912.057 3033.905
1886.915 3088.845
2156.967 3227.675
2204.353 3008.599
2093.265 3037.989
2008.807 3320.971
2319.342 3093.109
2339.493 3215.467
2182.968 3405.584
2141.041 3156.747
2087.660 3201.019
1891.044 3158.975
2033.828 3063.303
1904.693 2973.867
2145.638 3093.320
2071.817 3235.568
1935.648 3013.780
2083.652 2964.868
2016.932 2982.716
2298.045 3349.177
2179.760 3403.284
2165.739 3142.523
2250.040 3324.696
2117.951 3261.458
2164.353 3255.192
1900.356 2999.324
1895.328 3329.253
1987.766 3343.676
2062.717 3366.048
2343.821 3258.877
2108.499 3171.998
2109.855 3329.903
1978.372 3146.995
1991.249 3153.426
2165.992 3291.224
2248.309 3398.866
1935.936 3163.607
2012.729 3111.219
2067.399 3388.134
2145.395 2969.000
2129.540 3329.739
1920.646 2940.433
2333.654 3413.365
1977.667 3217.477
2292.202 2988.753
2085.047 3407.499
2264.738 3134.326
2130.728 3123.021
2142.771 3327.211
2354.507 2959.971
2240.942 3374.128
2181.860 3008.098
2047.678 3350.914
2109.063 3334.393
2193.115 3004.016
1883.332 3355.748
2234.150 3298.781
2120.913 3397.858
2215.239 3331.505
2315.238 3299.556
2178.777 3263.935
1934.878 3073.754
2331.635 3030.941
2313.870 3272.422
2260.031 2980.774
2358.939 3382.597
1963.383 3001.402
1912.714 3147.797
1870.734 3145.808
2234.623 3011.588
2243.585 3247.468
2298.886 3101.665
1876.462 3112.255
1950.524 3115.009
2006.053 3184.881
1969.846 2997.705
1886.156 3318.386
2155.359 3410.140
2101.433 3347.014
2014.583 3344.304
2185.319 3416.792
2275.273 3144.405
1888.077 3172.403
1887.626 3181.292
1980.205 3155.912
1905.775 3294.865
2285.889 3036.180
2342.374 3063.811
2209.057 2957.398
2124.833 3172.498
2254.170 3114.275
2334.410 2977.938
2225.647 2934.747
2310.656 3354.465
2167.143 3188.581
1951.464 3338.186
2019.551 3320.155
2182.951 3214.778
2184.562 3398.031
1869.498 3297.553
1960.242 3414.708
2062.759 3182.634
2219.249 3198.078
2017.543 3319.979
1910.248 3406.355
2358.902 3205.962
2164.143 2945.630
2089.640 3262.042
1954.598 3203.148
2154.640 3002.303
1913.604 2984.357
2094.056 3359.297
2090.022 3218.527
1929.258 3421.159
2223.843 2937.548
2317.523 3297.557
2040.968 3129.732
1980.284 3102.236
1964.798 3428.320
1943.239 3254.204
2264.388 3238.716
2110.626 3036.212
2301.272 3059.735
2001.454 3176.529
2335.133 3063.007
2215.006 3282.210
2226.067 3324.368
2070.202 2979.229
1990.478 3397.530
2001.045 3337.365
2159.896 3033.843
2213.586 3090.215
2161.911 3253.445
2135.300 3408.543
2323.727 3200.837
2255.337 3198.207
1960.746 3169.523
1901.331 3098.946
2027.081 3001.699
2017.365 3375.572
1941.315 2937.410
2043.317 3092.800
2074.051 3208.527
2207.685 3409.147
2022.749 3420.750
2224.906 3291.982
2159.568 3420.956
1881.260 2959.361
2158.751 2934.917
1998.399 3272.107
1991.650 3345.515
2305.104 3314.632
1965.341 3304.234
2006.693 3181.414
1993.283 3138.832
2217.749 3052.643
1971.474 3205.700
2287.741 3207.051
2179.490 3150.506
1952.134 3247.555
2021.362 3318.019
1865.427 3053.634
2285.936 3190.664
2340.851 3171.731
1877.163 3286.501
1936.357 3389.688
2255.287 3057.170
2283.506 3020.696
2146.353 3243.905
2282.180 3410.356
2326.814 3409.231
1926.122 3352.349
2060.877 3214.746
2292.407 3201.271
2126.591 3192.144
1867.937 3270.378
2286.033 3138.104
2233.325 2956.784
1928.619 3254.219
2290.940 3369.219
2327.163 3208.878
1972.509 3334.075
2098.307 2945.052
1903.170 3113.421
2168.479 3361.670
2011.323 3063.983
1980.949 3177.791
1992.433 3042.395
1862.280 3028.736
2186.089 3062.581
2060.023 3418.715
2184.021 3199.532
1914.957 3361.440
2128.532 3351.069
2214.095 3340.019
2316.136 3420.658
2002.975 3209.972
2212.517 2941.915
2122.832 3286.316
2185.485 3034.774
2140.322 3251.929
2308.747 3124.257
2279.067 3268.908
2325.029 3388.131
2103.772 3124.219
2001.505 2963.566
2006.890 3170.058
2318.135 3148.246
1995.288 2931.017
2058.518 3318.377
1925.018 3298.208
1979.388 3427.811
2070.259 3093.594
2163.702 3142.535
2190.139 3104.580
2195.733 2934.522
1997.758 3090.015
2041.594 3227.340
2298.025 2991.712
2035.295 3211.713
2036.260 3318.068
1921.777 3351.389
2043.264 3367.091
1870.924 3169.163
2171.666 3190.591
2202.947 3069.224
2012.047 3354.794
2102.984 3060.229
2248.616 2937.486
2259.166 3013.022
2015.220 3077.408
2057.233 3296.364
2104.037 3160.503
2064.373 3093.027
1947.432 3000.484
2261.492 3342.875
2149.617 3424.283
1966.607 3157.214
2189.264 3006.327
2064.112 3398.238
2207.489 3396.154
1970.685 3422.334
1892.136 3124.073
2158.550 3151.929
2197.884 3319.991
2037.824 3351.320
2322.787 3280.142
1919.513 3189.290
2270.020 3312.757
2153.163 2935.345
1911.891 2956.884
2334.667 3249.264
1983.443 3217.099
2184.105 3268.442
2102.789 3169.682
2024.152 3088.893
2073.518 3353.347
2077.955 3170.282
1929.455 2955.608
2286.618 3163.344
2208.551 2962.363
2317.020 3322.603
1911.361 3346.488
2138.445 3363.942
1931.845 3331.491
1899.011 3154.794
2140.399 3089.532
1933.432 3200.418
1992.033 3259.062
2100.845 2983.458
2331.947 3237.966
2132.405 2945.449
2000.017 2944.063
2026.930 2980.338
2109.440 3426.630
1998.509 3388.503
1968.163 3419.644
2078.237 3161.862
2267.067 3149.232
2166.682 3102.048
2338.091 3058.623
2029.911 3283.191
2235.832 3347.094
1968.436 3289.397
2136.508 3023.735
2169.162 3197.118
2187.745 3190.514
2226.288 3132.916
1963.049 3278.139
1948.411 3016.914
2159.159 3036.446
1959.917 3336.505
2100.299 3403.937
1872.866 3322.783
2350.628 3101.526
2243.246 3289.969
2092.360 3253.290
2356.434 2984.529
1902.230 3333.676
2028.578 3159.635
2139.530 3119.886
2140.145 3071.750
2297.622 2956.474
2026.498 2991.629
2100.794 3352.826
1894.808 3124.660
1897.923 2989.597
2313.540 3158.997
1946.946 3095.298
2014.472 3249.582
1887.889 3138.203
2090.714 3283.798
1862.641 3168.444
1986.436 3324.385
2176.223 3191.544
2327.443 3315.879
2201.689 3258.548
2164.099 3092.052
2151.758 3215.173
1897.397 2999.494
2264.374 3402.323
2058.784 3185.905
1959.248 3010.724
2115.429 3169.811
2133.254 3335.243
2021.431 3219.124
2201.519 3317.884
2144.843 2945.761
2257.487 3385.241
2296.760 2969.378
1912.236 3410.426
2274.547 3363.215
2220.123 3382.009
1902.378 3314.682
2004.965 3176.018
2107.821 2956.414
2039.062 3223.901
2244.237 3007.524
2204.889 3030.970
2019.765 3085.764
2003.644 3179.123
2247.480 3099.322
2285.967 3244.748
2352.222 3352.928
1958.607 3108.792
2267.685 3228.099
2208.156 3337.886
2292.642 2942.887
2031.834 2976.500
2356.853 2949.806
2039.972 3378.211
2197.097 3189.821
2329.222 3288.495
2222.659 3231.452
2303.388 2941.029
1962.627 3103.435
2295.776 2943.345
1977.576 3238.410
2323.307 3385.878
2038.808 3182.400
2161.112 3332.407
2327.990 3207.601
2068.058 2941.367
2335.215 3146.927
2218.030 3027.834
1949.024 3171.604
2129.345 2940.371
2192.100 3164.744
2356.751 3364.849
2100.173 3359.129
1870.713 2936.462
2004.806 3143.168
1880.747 3345.328
2132.499 2942.552
2080.591 3258.169
1921.426 3190.817
1960.789 3163.053
2267.163 3314.351
1986.375 3079.021
2317.592 3317.390
2056.084 3032.851
2315.590 2999.404
2222.292 3144.240
2235.705 3265.415
1980.621 2980.006
2273.169 3121.239
2039.104 3419.443
2359.504 3288.650
2343.374 3194.177
2166.775 3307.351
2024.703 3366.026
2096.685 2995.046
2299.649 3060.055
2103.990 3320.098
1872.855 2988.555
2298.121 3209.658
2181.646 3032.920
2292.611 3074.448
2130.801 3425.904
1874.766 3359.378
2158.201 3392.552
2224.827 3009.562
1916.308 3073.448
2122.148 2936.050
2208.446 3184.353
1936.043 2963.815
1907.094 3051.820
2140.631 3189.751
1885.064 3322.966
2169.350 3416.799
2334.048 3036.446
1983.523 3073.065
1872.771 2956.223
1951.753 3217.757
1904.051 3105.727
1999.901 3274.591
2113.040 3071.980
2035.934 3351.801
2184.321 3211.531
1954.847 3026.773
2175.638 3342.092
2304.222 3166.668
2166.337 3183.762
1864.148 3232.637
2339.040 3326.787
2283.904 3413.596
2035.804 3228.314
1969.853 3063.224
1900.593 3041.298
2227.146 3086.146
2004.136 3392.241
2060.898 2963.395
1979.412 3257.635
2269.476 3139.083
2229.855 3203.964
2094.229 2962.391
2146.051 3059.791
2038.960 3115.400
2340.687 3144.667
2257.734 3342.990
1892.837 3148.741
1960.357 2968.527
1909.357 3378.160
2217.621 3331.434
2058.311 3150.001
2312.803 3104.489
1901.449 3346.116
2309.806 3221.732
2018.184 3197.316
1929.236 3397.078
2160.257 3364.990
2315.872 2936.600
2154.128 3254.777
2308.290 3262.941
1926.451 3120.979
2193.346 3160.013
1945.109 2976.389
1928.016 3402.493
2127.933 3064.483
1932.654 3119.966
1915.292 3137.389
1958.477 3207.914
2278.581 3131.027
2063.687 2947.818
2130.776 3002.898
2019.380 3052.439
2018.050 2961.110
2134.366 3250.837
2169.525 3120.224
2221.877 3036.968
2263.751 3092.198
2358.786 3238.024
1891.121 3408.493
2299.860 3404.362
2351.533 3219.309
2143.599 3061.754
2026.204 3213.432
2026.711 3046.796
1976.146 2934.123
1909.847 3172.526
2317.169 3140.413
2081.496 3008.578
2023.475 3375.404
1981.578 3313.549
2105.003 3054.471
1900.461 3082.903
1934.360 3138.818
1916.610 3148.053
1932.789 3319.405
1889.109 2969.351
2333.148 3427.480
2238.373 3275.712
2284.944 3219.955
1865.918 3028.668
2021.371 3266.074
2249.425 3118.843
1985.278 3040.899
2179.840 3318.245
2008.781 3286.007
2052.682 3292.183
2176.043 3337.883
2014.366 3208.384
2326.830 3374.702
1873.179 3387.145
2140.488 2978.723
1964.562 3424.974
2236.490 3283.298
2299.056 3086.442
2043.824 3404.621
1873.733 3086.130
2165.318 2960.233
2343.756 3045.614
1973.009 3398.613
2127.283 3291.115
2342.744 3187.679
2258.989 3406.141
2302.692 2949.663
2255.343 3056.134
1923.312 3389.447
2202.586 3397.943
2029.229 3317.605
2207.709 3035.661
1985.617 3391.080
2095.921 2981.875
2014.031 3067.663
2148.110 2967.155
2238.017 3268.262
2247.307 3308.861
2175.958 3278.778
2188.742 3164.828
2280.330 3249.716
2328.890 3239.210
1973.760 3063.533
2078.254 3062.995
1916.192 3025.673
2238.246 3112.660
2241.237 3411.066
2345.406 3092.925
2231.865 3356.958
1985.170 3115.901
2194.390 2943.505
1869.420 3072.970
2213.992 3117.356
2174.934 3256.818
2308.600 3017.191
2263.260 2981.056
2257.637 3152.054
2326.927 3050.536
2337.466 3019.522
1985.722 3393.428
1901.151 3088.308
2260.650 3096.677
2162.335 3108.375
2112.591 3027.635
2326.220 3206.112
2177.058 3363.890
2078.576 3404.338
2122.455 2962.129
1928.389 2957.247
2213.831 3300.983
2312.613 2991.403
1993.312 3111.310
1871.928 3067.790
2095.816 3214.273
2164.145 3052.920
2129.456 3256.953
2054.302 3232.621
1976.157 3337.431
2017.056 3162.651
2131.502 3379.452
2112.288 3418.684
2052.170 3356.800
1905.498 3378.885
1904.872 3038.047
2005.237 3123.793
2145.128 3169.608
2360.017 3216.974
1950.742 3082.518
1980.292 3358.208
2291.440 3064.095
1885.794 3039.731
2141.099 3252.060
2108.854 3300.007
1870.045 3400.995
1920.772 3289.171
2337.420 3078.626
2170.167 3199.353
1991.127 3139.329
2171.024 3130.888
2206.148 2964.369
2340.282 3037.377
2165.861 3360.315
2157.434 3396.811
2329.678 3150.149
1981.803 2967.614
1986.454 3410.445
2226.583 3144.560
1875.975 3359.397
2271.185 3406.981
1913.856 3114.366
2303.059 3144.196
1877.862 3334.578
2236.618 2954.851
2095.938 3136.036
2078.802 3061.081
2113.745 3329.964
2219.524 3182.735
2062.614 2962.081
1985.476 3427.978
2150.390 3391.594
2324.277 3204.837
1912.705 3014.896
1983.757 2990.796
2271.436 3385.737
2193.776 3286.084
2156.918 3006.337
1993.781 3196.281
1989.785 3281.316
1899.558 3363.304
1968.413 3164.015
1978.965 3069.885
2097.363 3142.134
2111.889 3021.422
1950.176 3026.869
1967.776 3108.592
2212.886 3362.239
2258.083 3043.409
2114.540 3076.523
2188.728 3285.496
2255.191 3374.054
2123.290 3386.777
1919.045 3072.712
2302.700 3377.860
2034.536 2959.117
1866.960 2953.570
2130.764 3338.474
2113.954 3081.933
2125.613 3108.945
2123.350 3012.249
2077.187 3097.118
1870.507 3100.245
1921.004 3083.512
2339.395 2959.312
2079.189 3289.028
1866.043 3269.620
2101.671 3062.748
2169.006 3366.268
1967.993 2987.699
2264.410 2975.178
2285.229 3307.676
2036.706 3285.780
2347.144 3199.038
2029.269 2992.584
2295.127 3077.643
1876.470 3009.357
2299.663 3107.454
2348.478 3354.136
1962.395 3276.432
1861.696 3353.840
2151.545 3035.451
2162.227 2934.747
2141.095 3268.949
2099.107 3302.910
2088.518 2995.985
1916.022 3309.790
2166.168 3398.283
2266.787 3043.211
2322.899 3233.396
1930.155 3018.887
2246.631 2954.531
2313.243 3031.509
2008.825 3347.836
2065.099 3258.563
1874.324 3179.005
2139.179 3148.661
2234.189 3245.494
2094.005 3210.541
2344.843 3021.012
1901.162 3425.886
1889.802 3277.687
2221.912 3299.061
2045.033 2939.420
1991.987 3125.021
2199.433 3181.270
2081.296 3050.337
1920.817 3218.467
1960.917 3340.151
2307.424 3312.807
1960.507 3090.763
1924.292 3183.952
2229.593 2937.331
2004.982 2985.009
1952.882 3263.820
1883.476 3315.927
2345.390 3147.578
2280.879 3313.525
2253.449 3265.354
2336.166 2978.950
2085.519 3280.137
1865.611 3004.948
1971.439 2962.082
2358.495 3141.235
1863.054 3170.869
1893.995 3379.788
2341.397 3378.899
2131.624 2977.368
2236.754 3250.993
2312.243 3150.351
2180.427 3422.163
2053.195 3098.340
2061.156 3327.952
2093.522 3330.113
2335.913 3222.489
2237.231 3163.225
2302.148 2964.443
1879.111 3118.297
1901.814 3037.864
2276.137 3108.209
2349.078 3311.619
2341.435 3272.982
2160.087 3230.145
2223.422 3360.269
1951.989 3306.129
2088.782 3109.974
2098.347 3410.921
2274.728 3425.415
2174.967 3266.842
2142.922 2985.048
2214.108 3079.489
1923.156 3309.193
2342.916 3291.731
2325.728 2971.382
2321.067 3215.699
2055.343 3321.859
2166.155 3194.491
2272.769 3306.169
2338.737 2988.330
2128.445 3124.586
2178.685 3256.316
2027.598 3032.000
2091.646 3378.194
1970.667 3391.534
1962.853 3082.222
2125.749 3041.945
2005.198 3211.752
2190.388 3006.754
1952.540 2929.659
2340.105 3386.789
2319.984 2934.554
1875.508 3395.309
2026.234 3186.446
2099.675 2983.708
1865.621 3428.194
2283.886 3278.079
1926.915 3413.607
1865.885 3207.440
2144.328 3374.974
2129.686 3232.726
2191.153 2963.690
2225.437 3257.082
2250.273 3337.335
2177.644 3090.310
2340.277 3269.639
2133.961 3110.927
2282.974 3401.320
2173.278 3026.008
2125.185 2989.937
2321.210 3386.300
2245.620 3037.350
2336.175 3095.529
2031.573 3106.033
2228.106 3298.484
1968.450 3288.568
2090.643 2970.961
2182.003 3209.651
2138.470 2974.328
1923.510 3011.132
2216.593 2929.386
2007.586 3113.643
2006.568 3105.850
1999.314 3319.153
2046.551 2931.134
2046.459 3293.759
2357.690 3291.268
2326.755 3254.077
2321.385 3224.745
2113.184 3189.303
1995.508 3399.986
1919.742 3166.938
2212.060 3319.165
2070.629 3149.031
2114.161 3088.020
2147.606 3015.720
1877.124 3360.965
2154.669 2974.909
2027.503 3304.446
2121.832 3085.785
1898.987 2934.948
2330.166 3312.139
2091.641 3264.036
2223.439 3145.131
2007.962 3266.449
2007.937 2955.946
2302.145 3194.297
2213.376 3370.141
2055.063 3018.109
2223.441 3297.582
2107.142 3335.274
2076.098 2971.767
1994.225 3131.618
1985.890 3209.727
2139.319 2977.332
2347.359 3080.764
1893.790 3005.988
2208.988 3087.585
2288.875 3356.326
2342.282 3135.342
2119.200 3227.455
2005.790 3372.938
2002.426 3045.152
1902.159 2939.075
1902.976 3124.110
2272.642 3032.544
1922.714 3348.631
2231.908 3021.777
2263.700 3159.188
2233.461 3016.586
1880.940 2953.350
2271.798 3169.959
2106.055 3200.975
2183.563 3019.783
2041.855 2986.485
1984.117 3071.206
2189.984 3050.946
2157.113 3372.154
1915.687 3106.920
2357.348 3227.737
1959.818 3141.727
1942.968 3213.148
2098.908 3179.038
2172.450 3333.998
2293.589 3157.575
2229.389 3250.106
1883.264 3202.134
1923.081 3179.245
2255.754 3093.950
1879.964 3190.964
1999.206 3303.601
2162.626 3207.834
2149.887 3247.788
2223.798 3120.949
1972.641 3206.507
2160.638 3040.049
1981.087 3277.498
2101.216 3086.262
2115.459 3076.004
2029.453 3174.091
2115.962 3110.453
1901.214 3116.027
2085.831 3395.892
2000.916 2997.424
2249.018 3173.297
2022.519 3226.269
2241.596 3072.279
2180.447 3396.433
1983.473 3085.881
2009.494 3143.382
2249.536 3369.984
1953.106 3177.731
1876.700 3206.560
2010.318 3273.571
2227.325 3016.701
2019.651 3178.736
2042.129 2945.257
2229.449 3145.138
1862.254 3286.371
2064.053 3104.431
2029.797 3071.682
1896.970 3114.365
1917.077 3239.355
2225.531 3285.943
2345.338 3255.939
1970.976 3198.183
2037.160 3307.211
1904.800 2986.061
2239.655 3001.743
2216.651 3282.623
2063.122 3407.342
2208.020 3211.411
1873.920 3158.394
2114.736 3137.463
2018.093 3243.628
2103.587 3105.210
2041.445 2946.402
2045.176 3399.317
2160.383 3059.058
1936.346 3289.663
2270.800 3337.019
2333.951 2938.449
2214.626 3242.925
2355.237 3070.753
2137.056 3395.860
2295.178 2993.337
2283.486 2944.519
2142.784 3389.734
1937.271 3354.830
2355.747 3240.573
2278.054 3229.768
2063.703 3127.228
2232.500 3161.647
2095.702 3036.084
1961.742 3059.423
2080.935 2959.125
2340.470 3135.745
1973.651 3121.135
2279.176 2957.402
2231.661 3245.947
1882.122 3363.070
1861.451 3024.717
2197.160 3203.864
1950.560 3118.202
1925.004 3185.859
2206.809 3194.740
2098.100 3202.726
2030.458 3358.224
2094.361 3053.004
2086.202 3245.739
2323.496 3243.053
2111.651 3274.307
1894.647 3182.106
1981.074 3030.206
2347.480 3063.896
1870.175 3327.082
2249.588 3109.412
2042.169 3192.231
2011.252 3358.522
2230.767 3004.461
2152.418 2952.198
2317.908 3061.194
2048.800 3305.376
2314.560 3400.597
2243.500 3321.419
2020.044 3135.918
2074.021 3340.369
2011.809 3176.110
2019.335 3227.373
2129.690 3378.407
1968.384 3179.841
2296.042 2983.347
2115.649 3007.193
1922.884 3054.445
2177.926 3293.933
2108.871 3221.134
1941.082 3237.489
2205.979 3248.199
2090.780 3287.715
2318.963 3254.733
2336.413 3218.656
1947.725 2977.207
2171.207 2966.279
1909.885 3051.856
2331.287 3009.875
2294.784 3198.787
2293.313 3236.415
2035.667 3298.138
2066.543 3289.787
2075.140 3302.294
2152.770 3168.410
2255.616 3087.926
2333.655 3150.624
1984.766 2936.585
2135.517 3031.432
1924.668 3258.422
1883.860 2941.588
2174.133 3278.909
2353.099 3189.241
1924.214 3193.497
1935.882 3185.606
2074.455 3085.719
1934.200 3363.767
2111.081 3059.423
2348.284 3420.539
1942.938 3285.919
2239.176 3303.798
2110.363 2943.395
2360.513 3141.092
2118.971 3130.093
2184.229 3063.084
2122.245 3295.555
1954.684 3408.682
2223.745 3137.197
2148.022 3335.411
2102.875 3392.406
1984.200 3090.804
2253.215 3086.875
1991.092 2995.288
2327.082 3296.328
2118.989 3258.342
2089.885 2947.191
2164.079 3194.270
2124.506 3032.199
2092.670 3178.119
2163.149 3387.704
2343.324 3329.377
1891.007 3029.623
2156.299 3422.992
2241.494 3261.013
1965.818 3310.070
1975.415 3073.181
1903.112 3035.043
1876.753 3149.303
1994.912 3389.043
2144.774 3392.847
2035.022 3004.481
2011.110 3122.792
2008.977 3345.035
2168.717 3105.676
2224.718 3217.698
2085.088 3155.168
1971.804 3211.697
2009.341 2931.005
2187.217 3149.192
2254.553 3029.310
2266.218 3135.956
2167.071 3272.623
2024.867 3194.482
2018.657 3379.295
2318.690 2951.440
2309.517 3028.053
2178.902 3135.999
2307.082 3136.223
2155.199 3418.137
2254.537 3418.672
2352.164 2978.361
2231.571 3047.390
2234.693 3022.622
2076.997 3230.262
2202.795 3120.869
1923.557 3065.502
2230.030 3261.039
2191.976 2953.421
2240.658 3361.338
1990.123 3144.633
2177.882 3355.694
1984.682 3184.446
2353.320 3244.017
2273.916 2976.591
2096.182 2975.811
1880.018 3232.289
2155.287 3100.792
2121.453 3348.180
1996.095 2931.164
2233.740 3124.671
2166.375 2955.284
2079.582 3301.949
1940.237 3163.564
2149.069 3213.722
2255.506 3310.693
2073.232 3296.433
2151.837 3166.889
2238.721 3094.467
1917.480 3333.165
2057.691 2949.014
1972.464 3371.818
2068.912 3178.451
1947.489 3239.166
2015.106 3209.824
2220.389 3145.727
1982.713 3353.257
2116.829 2991.583
2191.763 3310.290
2165.936 3291.790
2331.299 3257.626
1981.672 3024.281
2189.769 3148.714
2031.728 2996.712
2005.434 3116.606
2108.492 2972.585
2319.813 3187.821
1958.927 3184.491
1980.484 3374.618
2336.639 3109.382
1927.252 3264.646
1898.268 3120.854
1982.777 3122.524
1993.612 3153.222
1911.556 3043.345
1892.421 3234.361
2176.286 2971.261
1919.858 3188.005
2349.987 3350.597
1980.896 3073.559
1866.268 3210.248
1948.214 2932.627
2344.363 2974.319
2269.790 3067.355
1875.732 3069.161
1960.092 3051.680
2177.271 3018.552
1984.836 3061.489
1895.636 3152.685
2061.307 3185.334
2216.469 3196.796
2091.658 2982.637
2310.413 3313.610
2260.696 2937.816
1990.826 3321.944
1981.086 3424.091
1961.942 3360.189
1911.948 3303.304
1955.546 3300.307
2234.879 3282.981
2105.998 3301.343
2130.765 3195.483
1931.551 3301.609
2289.304 3193.890
2139.440 3035.369
1999.024 3326.691
2356.598 3242.165
2005.328 3182.327
2109.321 3173.128
1916.824 3114.752
2221.866 3388.621
2152.529 3406.299
2311.727 3060.859
2317.260 3185.715
2307.830 3272.286
2157.913 3298.043
2147.771 3053.302
2212.624 3306.368
1933.794 3172.603
2128.645 3376.709
2117.431 3283.738
2051.004 3160.898
1883.522 3136.212
2085.725 2932.861
2274.602 2942.256
2002.989 3309.756
2098.014 3264.051
1947.843 3271.812
2038.190 3056.749
1973.036 3136.350
1893.041 2942.718
2268.403 3067.423
1861.022 3358.234
2151.249 3136.633
1970.887 3358.625
2054.044 3357.564
2330.541 3022.045
2217.701 3010.483
2296.262 2940.101
2007.614 3054.747
1999.989 3021.272
2272.657 3396.585
2137.187 3242.558
2208.456 3279.451
2297.074 3223.937
1926.629 3315.729
2268.528 3094.457
2326.431 3091.833
1958.317 3105.552
1964.013 2942.870
2151.151 3358.193
2343.538 3149.914
1866.060 3045.319
2084.272 3089.167
2251.360 3383.538
2327.634 3372.288
2175.130 3400.074
2297.347 3159.691
2271.107 3119.554
2137.503 3293.967
1985.824 3108.768
2360.511 3331.201
2095.021 3205.703
1882.055 3014.270
2351.233 2990.493
2051.391 3240.749
2340.767 3072.673
2205.749 3001.008
2248.116 3350.588
2015.294 3233.733
2143.928 3372.607
2082.238 3105.138
2183.481 3355.660
2343.879 3076.685
2327.518 3034.647
2042.805 3370.876
1906.811 3260.371
2106.573 3349.068
1884.342 3006.402
1939.244 3289.003
2031.677 3180.706
2217.733 3051.978
1868.406 3024.029
2359.771 3381.755
2088.050 3309.695
1862.969 3368.985
2324.094 3028.251
2348.850 3183.193
1978.643 3086.593
2356.917 3370.118
2033.368 3148.846
1933.883 3238.585
2107.395 3356.252
1886.763 2976.485
2107.480 3415.714
1878.661 2993.883
2217.526 2938.784
2323.627 3290.745
2045.840 2946.672
2123.308 3357.744
2311.379 3235.152
2341.460 3035.696
1984.658 3374.106
2116.780 2983.644
2257.812 3427.398
1894.558 2969.155
2172.685 3413.113
1863.021 2956.857
1916.796 3147.308
2336.950 2941.811
2203.111 3329.632
2285.617 3197.523
1919.575 2990.635
1918.068 3244.105
1935.089 3332.824
2328.773 3121.207
2257.636 2941.629
1965.297 3355.270
1948.810 3333.489
2032.337 2948.616
2057.224 3013.709
2147.312 3376.585
2253.314 3339.469
2087.898 3210.005
2313.092 3300.984
2281.321 3179.349
1939.228 3324.948
2230.203 3306.980
2042.339 3008.568
2095.753 3040.701
2112.994 3164.073
2135.773 3200.147
1963.035 3365.019
2033.791 3260.721
2159.737 3307.927
2345.462 3328.457
2064.538 3015.186
2153.514 3311.734
1873.384 3261.759
1939.272 3322.777
2066.013 3010.661
2083.749 3343.593
1955.815 3400.047
2300.789 2947.754
2254.714 3342.366
2255.136 3224.124
2079.470 3048.627
1875.791 2998.678
2076.754 3414.655
2050.243 3115.504
1944.039 2943.551
2015.945 3396.261
2358.621 3363.168
2157.866 3241.061
1983.125 2931.804
2069.735 3112.075
1977.414 3348.482
2261.691 2964.758
2233.079 3026.990
1909.531 3225.884
1861.980 3345.022
2067.759 3336.061
2185.550 3000.829
2338.808 3416.440
2150.564 3375.496
2331.291 3275.036
2295.641 3114.792
2055.196 3412.217
2347.806 3186.740
2007.772 3067.404
2187.677 3169.521
1943.195 3118.559
2163.025 3054.988
1987.466 3062.213
1955.011 3309.078
1892.245 3193.861
1903.612 3317.952
2037.170 3157.948
2315.237 3359.716
2030.942 3208.541
2258.721 3262.308
1955.016 3213.462
2211.788 2955.052
2285.842 3079.002
1976.976 3149.560
2332.036 2975.754
2196.832 3170.175
2235.863 3218.081
2229.460 2973.331
2250.423 3395.115
2079.031 2938.176
2001.482 3286.242
1951.563 3210.611
1910.923 3167.039
2127.638 3067.845
2088.077 3037.843
1984.996 3111.233
2189.568 3358.605
1982.444 3331.038
2197.544 3306.321
2354.013 3181.547
2188.016 3155.183
1917.960 2935.507
2342.085 3112.351
2094.531 3282.553
1896.121 3362.026
2234.432 3241.570
1917.619 3414.305
2283.815 3376.659
2180.689 3098.555
1909.891 3168.711
2090.647 3024.282
2169.500 3089.403
2020.264 3238.519
2151.827 3146.684
1927.932 3132.035
2085.948 3221.582
2147.071 3200.494
2198.070 3114.833
2243.503 3041.043
2227.239 2985.283
2183.242 3259.271
2178.175 3117.571
2041.698 3104.019
2033.236 3171.770
2148.502 3349.019
2267.273 3421.023
2113.879 3072.491
2343.032 2941.745
2290.513 3081.856
2021.027 3405.230
2049.724 2997.365
1881.458 3365.822
2342.089 3171.109
2290.752 2993.984
1994.809 3005.920
1912.227 3239.401
2330.015 3384.768
2326.382 3241.634
1907.961 3016.882
2226.312 2997.903
2162.943 3219.493
2360.084 2997.228
2316.932 3340.765
2137.425 3342.067
2280.563 3151.724
2230.212 3238.964
2150.931 3395.017
1960.827 3296.744
2151.510 3108.770
2052.935 3138.133
2142.485 3302.456
2006.218 3308.896
2239.789 3264.151
2114.309 3407.544
2160.503 3372.308
2212.130 3385.967
2165.895 3187.504
1942.763 3416.202
2201.225 2989.627
2039.772 3128.686
1878.478 3096.033
1922.909 2950.079
2121.270 3202.149
2143.431 3391.171
2269.319 3344.278
2348.334 3146.582
2278.719 2936.971
1940.598 3079.094
2243.729 3253.693
1883.251 3029.586
2059.825 2970.936
2075.785 3200.993
2268.208 3191.458
2359.066 3051.795
2248.285 3104.524
2329.200 3184.323
2062.530 3271.632
1920.124 3287.795
2071.478 2961.180
2069.648 3270.329
2081.197 3047.069
2131.789 3299.324
2233.845 3387.620
2357.206 2958.623
2073.907 3061.308
2260.714 3012.097
2077.228 3022.996
2351.769 3072.223
2345.091 3213.560
2255.521 3167.498
2311.182 2999.512
1990.434 3018.912
1988.122 3417.402
2224.868 3170.838
2334.632 3309.954
2299.812 3248.948
1932.688 2998.942
2307.472 3373.344
2296.727 3133.818
2098.422 3038.362
2262.811 3254.863
2250.508 3309.420
2312.590 3067.767
2346.515 3261.031
2308.150 3298.663
2255.508 3178.279
1998.017 3310.188
2119.213 3386.357
1938.746 3281.656
2005.213 3167.818
2133.570 3367.318
1955.874 3072.076
1962.084 3191.235
2014.855 3117.253
2234.317 3294.147
2043.773 2987.243
2053.823 3137.758
2301.157 2977.231
2133.806 3338.939
2203.594 3291.654
2021.778 3107.647
1941.233 3338.923
2319.536 3176.221
2260.649 3285.593
2336.848 3321.700
2300.946 3247.782
1984.585 2956.958
2225.702 2945.417
2064.446 2975.938
2267.333 3421.523
2137.537 2951.740
2095.540 3253.172
1945.569 3135.192
1872.817 2965.203
1968.893 3291.467
2091.795 3322.585
1936.961 3103.277
2022.583 3279.043
2292.267 3144.958
2297.426 2986.043
2158.426 3215.505
1943.902 3251.710
1993.549 3279.994
2074.676 3419.285
1960.703 3325.644
2011.984 3386.290
2350.802 3136.269
2054.981 3328.682
2065.906 3101.475
2311.665 3302.624
1887.782 3289.744
2344.288 2949.335
2157.345 3014.539
2116.239 2984.441
2257.451 3232.515
2163.312 3141.353
2032.600 3098.895
2307.312 3365.678
2070.365 3346.451
1900.030 2932.725
2122.336 3081.300
2067.610 3207.146
2311.293 3259.747
2339.301 3427.510
2244.498 3177.875
2051.105 3413.023
1888.179 3147.354
2204.682 3330.106
2005.404 3023.468
2016.200 3409.457
1880.849 2996.273
2140.516 3062.959
2007.811 3341.458
2341.226 3428.390
1879.698 3360.378
2091.271 2938.766
1992.356 3165.393
2262.863 3187.153
1995.476 3191.286
2101.068 3311.103
2333.043 3016.794
2074.539 3333.449
2288.918 3428.700
1896.847 3250.365
1874.727 3224.538
1861.239 3073.467
2000.414 3011.844
2291.085 3364.710
2327.267 3423.573
2301.277 3297.300
2044.036 3301.921
2279.898 3264.311
1961.524 3296.171
2296.433 3024.985
2192.368 3117.698
2244.601 3261.533
2018.413 3314.493
2316.446 3169.107
2113.897 3206.396
2024.155 3204.654
2308.458 3301.952
2180.753 2963.105
2014.444 3028.758
1985.055 2951.201
2131.654 2994.695
2058.225 2978.555
1996.915 3052.018
1944.898 3235.897
2198.303 2942.387
2045.814 2980.183
2184.261 3307.178
2102.246 3279.630
2231.482 3392.295
2097.344 3260.706
1953.355 3378.788
2143.158 3148.367
2000.260 2995.086
2084.871 2950.588
2275.094 3287.621
2329.262 3360.277
2335.653 3163.995
1895.941 3404.779
2208.665 3344.916
2086.293 3314.759
2191.537 3218.159
2321.140 3270.483
2169.156 3041.538
2079.948 3367.394
2348.974 3371.348
2021.370 3398.893
1931.084 3170.526
1998.062 3077.519
1967.129 3125.767
2048.728 3337.689
2103.229 3393.994
2264.664 3034.040
1896.638 3311.631
2290.261 3295.824
1914.359 2953.140
1936.751 3299.946
2233.522 3047.456
2165.695 3278.841
2263.689 3254.651
2115.613 3252.446
1990.749 3080.149
1900.829 3417.189
1932.808 3042.619
1998.757 3418.473
1957.998 3177.739
2213.849 3305.181
2286.202 3135.375
1928.507 2952.097
2307.734 3193.058
2341.127 3015.150
1933.678 3285.570
2308.804 3394.953
2309.797 3341.018
1866.986 3338.767
2342.689 3236.728
2288.826 3305.748
1962.967 3368.563
2111.046 3038.810
2020.656 3122.800
2013.645 3051.464
2020.996 3216.913
2006.826 3237.782
2267.147 3333.989
1981.280 2987.766
2236.033 3285.794
1877.890 2945.487
2210.179 3391.012
2337.771 3052.900
2323.233 3231.266
2173.893 3366.691
1929.007 3384.584
2282.064 3206.570
1951.212 3322.320
1891.483 3081.828
2017.647 3390.852
2347.442 3185.818
2243.368 3207.856
2040.778 2996.866
2309.137 3252.721
2308.232 3400.131
2065.441 2932.873
1863.324 3306.136
2189.365 3245.962
1973.142 3118.019
1964.459 3051.760
2015.668 3413.007
1936.003 3401.936
2051.517 3210.453
2098.462 3119.383
2135.808 2969.513
2128.128 3352.727
1872.432 3175.497
1878.030 3037.679
2127.061 2942.999
2342.210 3212.956
2256.545 2994.082
1911.999 3308.150
2109.886 3099.515
2107.608 2932.083
1974.562 3213.221
1863.799 3308.546
2106.604 3230.138
2193.241 3415.266
1933.799 3108.929
2086.867 3079.005
2109.069 3397.336
2062.790 3145.555
2178.618 3428.359
2279.242 3388.005
2293.710 3271.073
2159.827 3355.469
2061.210 3124.292
2226.035 3157.516
2254.285 3194.955
2291.195 3186.179
2322.073 3055.864
2284.011 3327.616
2203.787 3297.912
2100.693 3056.555
2223.993 2949.772
2067.747 3089.093
2266.496 2991.540
1997.880 3329.994
2306.706 3058.245
2160.638 3072.887
2355.268 3402.770
1988.275 2948.359
1892.974 3263.402
2026.161 2944.391
2212.209 3391.173
1864.663 3040.826
2315.529 3316.646
1988.572 2966.853
1914.936 3380.978
2021.354 3321.613
2345.535 2935.180
1978.607 3065.740
1920.643 3243.293
2161.319 3142.301
2141.708 3217.792
2286.273 3146.749
1997.035 3178.720
1954.894 3201.794
2328.678 2938.141
1954.031 3219.820
2269.479 2969.263
1873.989 3421.473
2012.764 3168.072
2019.494 3403.190
1931.932 3336.061
2297.013 3348.955
2253.122 3247.718
2182.782 2980.102
2072.241 3029.082
2305.382 3033.147
2342.434 3309.860
1902.816 3085.532
2159.311 3208.446
2280.405 3255.660
1868.808 3375.319
2167.373 3158.643
2067.428 3160.612
2095.354 3272.165
1963.677 3203.591
2128.759 3246.470
2075.017 3105.759
2179.651 2994.179
2084.337 3246.814
2068.053 3330.989
2227.582 2947.304
2187.911 3135.055
2132.815 3302.201
2248.520 3219.084
2025.077 3407.011
1932.816 3265.080
2248.031 3126.587
2251.043 2986.576
2352.638 3048.022
2028.406 3282.069
1899.629 2971.201
2131.086 3003.331
2283.488 3383.907
2261.834 3310.942
1864.029 3340.589
2341.755 3267.298
1953.211 3070.200
1884.921 2997.001
1979.070 2935.595
2264.734 3087.993
1925.430 3271.341
1864.312 3056.833
2260.353 3239.915
2355.305 2987.265
2265.905 3326.210
2254.822 3074.845
2058.039 3215.232
1927.519 3164.369
2224.789 3421.538
2042.560 2948.494
2326.384 3298.147
1897.263 3339.164
1976.792 2951.050
1907.305 3238.979
2115.582 3097.370
2334.776 3324.504
2123.134 3133.904
2096.988 3221.772
2342.749 3042.706
2345.221 3279.497
2223.000 3362.057
2269.565 3281.481
2295.515 3095.576
2058.135 2988.836
1904.687 3017.243
2190.325 3316.133
2054.847 3239.075
2079.186 3236.898
2065.555 3038.188
2152.736 3280.578
2147.256 3295.418
2175.119 3016.536
2035.222 3291.020
2149.172 3161.079
1904.241 3155.627
2132.773 3182.245
2271.549 3145.785
2180.259 3131.352
2052.036 3248.735
2022.462 3031.851
1924.456 3259.358
2190.772 3390.121
1993.837 3064.487
1891.711 2946.031
2036.269 3308.928
1938.044 3043.459
2274.801 2973.646
1998.026 3134.264
1942.128 3301.481
1972.090 3236.895
2135.530 3344.328
2215.419 3402.431
1967.410 3278.854
1932.970 3208.271
2347.424 3388.604
2170.090 3218.440
2141.149 3030.603
2038.948 3228.535
1864.576 3373.764
1959.641 3260.840
2195.512 3075.686
2106.036 3322.533
1917.443 3348.026
2169.130 3354.043
2318.294 3088.591
2246.633 3238.243
2001.840 3260.873
1893.983 3102.472
2002.164 3129.402
2124.299 3081.950
2047.462 3290.003
2090.686 2940.227
1939.976 3011.315
1927.543 3082.215
2169.646 3182.770
2212.143 3403.253
2190.439 3360.037
2270.068 3196.558
2117.391 3273.545
2019.314 3382.019
2129.490 3118.113
2340.974 3104.778
2054.294 2941.714
2275.382 3204.144
1984.847 3034.001
2178.539 3261.368
2213.950 3331.224
2061.309 2972.238
1979.795 3079.412
2087.560 3064.540
1960.005 3264.312
2070.937 3054.892
2324.211 2961.888
2099.354 3187.101
2299.329 3252.883
2014.508 2980.474
2323.037 3343.177
2022.397 3026.713
2057.159 3000.542
2183.245 3279.757
2301.854 3383.855
2162.655 3248.717
1997.866 3059.896
1902.448 3306.984
2092.099 3088.650
2297.033 2986.825
1964.758 3422.811
2071.719 3257.160
1989.696 3196.887
2165.480 3217.573
2221.768 3189.960
2108.461 3161.717
2183.950 3096.793
2128.878 3142.620
2321.854 2938.548
2113.488 3413.650
2100.879 3254.370
3527.386 3439.879
3302.602 3722.230
3109.129 3685.456
3209.132 3782.568
3448.997 3629.204
3226.650 3543.337
3161.464 3777.484
3085.474 3350.824
3314.076 3751.399
3462.739 3583.117
3169.048 3434.035
3146.113 3588.732
3129.861 3725.750
3193.827 3501.296
3377.558 3413.537
3459.334 3338.529
3106.649 3602.048
3507.012 3731.744
3359.425 3363.321
3432.425 3772.620
3259.354 3728.782
3163.955 3369.530
3252.917 3460.916
3271.214 3308.130
3205.541 3638.457
3501.927 3504.704
3344.326 3741.257
3356.383 3636.073
3105.495 3609.478
3406.822 3427.439
3410.975 3381.109
3154.248 3692.012
3093.211 3719.398
3493.865 3678.540
3462.175 3656.626
3528.058 3338.172
3175.549 3417.571
3432.064 3550.685
3190.885 3391.929
3329.284 3477.657
3564.836 3379.824
3274.856 3655.558
3321.038 3361.690
3475.442 3392.474
3347.493 3710.508
3460.021 3308.203
3496.575 3572.479
3457.666 3712.195
3132.040 3507.368
3117.782 3437.605
3118.531 3656.785
3577.021 3407.388
3482.990 3361.376
3206.777 3798.474
3233.876 3444.793
3170.830 3353.150
3579.003 3428.896
3444.585 3775.394
3541.261 3724.533
3499.760 3564.909
3204.710 3786.411
3338.258 3492.933
3469.015 3737.372
3305.491 3635.377
3548.921 3336.621
3505.506 3639.087
3546.745 3573.416
3344.683 3554.693
3411.565 3325.652
3413.269 3640.449
3129.832 3537.469
3463.410 3495.005
3353.485 3406.027
3416.312 3442.847
3396.646 3722.826
3153.599 3407.417
3216.001 3445.641
3093.767 3547.934
3198.221 3692.170
3088.801 3346.086
3412.404 3599.821
3115.580 3452.811
3437.550 3630.487
3230.753 3790.623
3216.605 3785.703
3490.929 3679.812
3515.871 3369.722
3217.084 3445.119
3459.322 3316.031
3123.620 3481.677
3487.835 3551.067
3242.046 3478.986
3226.714 3457.522
3081.560 3748.089
3193.047 3597.739
3171.372 3612.604
3102.047 3790.145
3159.308 3363.397
3366.626 3800.847
3378.890 3556.665
3375.017 3536.800
3497.378 3687.384
3417.037 3648.979
3137.144 3552.304
3472.021 3324.181
3344.484 3693.017
3174.342 3704.139
3168.565 3783.040
3425.728 3555.904
3546.552 3492.487
3108.104 3727.310
3120.906 3448.888
3471.905 3325.690
3301.254 3435.190
3141.157 3397.163
3207.472 3687.074
3271.733 3365.619
3186.104 3451.462
3267.876 3641.464
3137.925 3469.990
3368.482 3787.479
3359.757 3696.913
3427.088 3500.157
3497.586 3751.293
3202.200 3313.917
3152.002 3790.492
3161.750 3653.336
3213.722 3577.793
3199.309 3503.572
3141.057 3621.114
3084.754 3434.248
3517.005 3758.147
3159.457 3440.621
3411.547 3351.769
3481.567 3734.840
3082.361 3601.146
3386.339 3579.835
3260.842 3746.333
3437.955 3399.034
3261.854 3677.955
3224.507 3617.122
3442.790 3601.180
3553.413 3715.538
3410.082 3474.644
3496.728 3788.729
3280.710 3484.261
3208.968 3318.634
3293.987 3616.594
3367.375 3356.402
3257.796 3765.398
3112.287 3699.708
3142.265 3698.551
3555.645 3433.819
3403.807 3378.177
3276.912 3413.818
3208.098 3737.451
3175.780 3484.352
3238.206 3318.765
3111.733 3780.796
3398.605 3605.182
3413.712 3481.794
3307.695 3552.419
3444.469 3657.402
3330.838 3444.995
3247.928 3584.183
3106.231 3326.403
3432.096 3385.125
3420.736 3355.726
3200.784 3623.074
3295.640 3310.819
3525.389 3547.751
3548.671 3373.062
3331.466 3548.194
3455.271 3561.164
3222.170 3678.187
3165.902 3716.734
3378.600 3735.509
3102.636 3703.910
3537.059 3641.226
3108.238 3366.373
3248.766 3545.337
3265.602 3398.291
3560.829 3600.682
3171.022 3313.867
3211.085 3420.649
3291.977 3473.246
3572.769 3491.582
3148.903 3528.881
3129.050 3448.549
3191.087 3455.097
3409.824 3752.795
3307.753 3661.931
3236.522 3417.725
3433.442 3614.759
3263.033 3536.116
3450.352 3551.112
3391.656 3490.308
3112.645 3567.886
3477.125 3509.181
3323.297 3504.878
3324.579 3447.337
3132.177 3365.100
3267.543 3760.340
3148.304 3375.018
3311.460 3736.172
3565.821 3314.716
3467.468 3361.219
3411.479 3751.536
3111.678 3511.178
3179.378 3687.699
3289.147 3718.398
3132.032 3313.849
3342.163 3512.928
3445.709 3579.333
3532.691 3403.104
3103.316 3692.622
3283.807 3597.904
3161.965 3430.927
3517.429 3628.279
3232.321 3524.845
3375.318 3747.060
3434.932 3492.489
3334.186 3804.175
3166.330 3505.379
3099.235 3731.308
3383.930 3573.085
3193.399 3617.175
3132.251 3622.774
3088.514 3651.218
3444.704 3409.471
3103.969 3636.957
3155.462 3713.371
3217.432 3771.925
3574.466 3314.931
3219.291 3719.850
3414.568 3571.282
3447.179 3714.151
3410.676 3356.889
3534.157 3362.256
3429.734 3699.399
3362.677 3666.878
3291.031 3664.041
3131.859 3697.175
3366.907 3630.437
3393.944 3589.920
3326.177 3501.491
3545.767 3370.058
3580.016 3319.009
3092.495 3656.932
3376.532 3769.564
3376.864 3699.845
3250.958 3700.224
3393.976 3333.366
3291.969 3344.196
3130.253 3570.490
3233.480 3713.677
3222.916 3659.310
3200.527 3773.170
3504.163 3343.138
3448.269 3574.533
3227.463 3576.527
3341.274 3562.057
3426.741 3751.303
3197.106 3381.533
3252.961 3738.755
3377.419 3710.905
3500.337 3365.459
3452.793 3384.785
3114.453 3339.468
3497.622 3645.154
3184.443 3732.393
3376.068 3543.494
3239.943 3604.404
3216.893 3493.190
3211.125 3685.648
3353.765 3716.398
3506.162 3448.614
3356.361 3679.957
3281.747 3437.536
3373.551 3408.446
3349.399 3739.875
3247.141 3510.240
3350.709 3734.250
3538.443 3586.148
3296.992 3724.386
3091.346 3555.813
3428.034 3715.185
3209.731 3706.826
3504.372 3376.869
3395.486 3363.546
3560.659 3782.348
3215.835 3655.107
3493.084 3784.309
3496.496 3584.136
3123.749 3311.328
3431.689 3685.822
3520.108 3532.107
3575.775 3697.862
3085.253 3476.925
3133.678 3466.531
3218.175 3609.182
3110.320 3574.195
3204.746 3431.032
3442.297 3493.240
3574.635 3733.356
3099.724 3568.355
3326.918 3414.431
3577.891 3774.742
3171.951 3537.618
3434.567 3476.415
3526.274 3360.113
3489.832 3439.009
3318.590 3761.071
3139.453 3644.314
3289.211 3601.007
3517.530 3466.632
3516.113 3482.961
3471.975 3561.195
3238.487 3534.954
3254.316 3451.211
3464.179 3507.334
3085.150 3751.510
3274.443 3349.036
3381.058 3404.961
3421.036 3313.064
3153.802 3315.398
3123.558 3469.738
3488.439 3617.410
3148.945 3439.907
3539.038 3689.196
3486.790 3631.382
3140.567 3600.326
3205.419 3547.731
3110.396 3660.543
3107.107 3804.218
3108.183 3802.913
3445.584 3792.778
3104.696 3796.165
3362.682 3589.497
3274.472 3687.362
3496.718 3517.533
3434.996 3533.321
3363.856 3512.686
3432.916 3366.165
3298.599 3475.655
3558.870 3350.942
3546.724 3328.971
3127.344 3791.916
3487.646 3682.591
3490.176 3414.127
3535.316 3807.068
3182.702 3539.136
3352.370 3590.602
3442.111 3351.470
3575.988 3389.665
3245.106 3502.417
3182.492 3623.881
3489.057 3657.406
3518.655 3525.489
3573.521 3789.479
3130.414 3446.792
3444.758 3573.511
3388.991 3725.195
3311.831 3314.727
3355.405 3423.565
3453.979 3330.775
3282.602 3708.936
3099.561 3519.752
3423.644 3755.003
3368.032 3582.393
3277.392 3751.448
3448.642 3424.697
3537.383 3453.399
3225.990 3554.502
3195.978 3620.325
3091.602 3565.011
3101.410 3603.681
3095.980 3581.581
3354.020 3427.117
3210.794 3746.687
3565.267 3655.571
3354.368 3737.974
3376.782 3372.992
3108.990 3673.054
3144.855 3669.337
3360.643 3378.425
3178.774 3391.105
3142.898 3321.320
3547.412 3532.900
3094.647 3408.170
3382.050 3720.838
3310.318 3771.281
3470.058 3460.595
3326.371 3476.368
3413.823 3674.216
3506.939 3361.223
3282.491 3310.106
3420.486 3611.620
3422.014 3472.482
3351.893 3431.634
3573.203 3738.135
3488.436 3496.975
3548.948 3703.422
3456.826 3681.292
3381.078 3797.402
3213.431 3426.451
3103.544 3432.463
3431.342 3404.794
3517.880 3337.097
3191.607 3313.787
3425.257 3331.740
3303.435 3443.950
3243.125 3557.152
3500.581 3399.130
3379.046 3696.695
3244.885 3487.904
3511.560 3560.019
3157.994 3419.285
3441.086 3785.316
3224.302 3717.305
3178.707 3628.439
3488.070 3644.051
3314.353 3805.351
3432.647 3485.132
3336.841 3394.667
3432.356 3732.486
3407.411 3610.128
3293.773 3601.890
3281.918 3639.532
3266.503 3426.869
3126.392 3325.223
3206.462 3597.566
3574.042 3486.955
3179.504 3544.195
3223.016 3770.195
3095.116 3513.288
3141.458 3792.471
3566.702 3615.931
3415.176 3685.159
3304.184 3611.829
3407.953 3477.756
3492.854 3590.847
3142.490 3759.544
3398.743 3343.670
3287.848 3574.488
3483.539 3795.030
3208.924 3605.203
3509.757 3690.715
3485.916 3395.373
3092.733 3710.480
3107.354 3683.650
3163.177 3716.738
3432.774 3543.363
3122.261 3465.457
3578.224 3352.580
3342.837 3807.026
3501.574 3407.012
3323.877 3431.979
3510.580 3801.989
3141.749 3678.925
3549.284 3521.564
3208.682 3666.342
3124.861 3732.893
3537.918 3777.032
3457.430 3806.289
3352.207 3464.487
3573.640 3391.502
3579.522 3720.698
3148.516 3774.548
3209.428 3626.593
3128.379 3610.068
3468.417 3753.331
3266.431 3784.086
3519.860 3490.246
3414.156 3332.457
3382.800 3316.152
3325.662 3703.257
3295.177 3629.759
3317.986 3529.553
3331.641 3625.534
3362.497 3579.582
3114.562 3580.502
3144.538 3713.027
3556.353 3657.218
3384.784 3538.677
3342.005 3454.265
3342.111 3656.408
3540.017 3710.585
3559.435 3532.554
3206.763 3464.970
3563.389 3566.053
3098.808 3499.337
3233.990 3774.964
3401.782 3518.771
3086.609 3385.282
3562.618 3706.375
3563.236 3723.405
3571.904 3736.041
3288.069 3620.883
3303.448 3779.614
3419.914 3559.606
3355.880 3706.363
3518.310 3346.303
3403.716 3623.232
3451.093 3435.165
3237.802 3627.914
3410.303 3483.912
3199.208 3564.927
3307.682 3398.442
3462.797 3794.158
3235.377 3415.285
3439.082 3680.070
3496.061 3475.521
3316.406 3610.440
3408.622 3479.236
3192.368 3585.834
3182.690 3473.394
3260.259 3717.226
3562.671 3435.050
3322.678 3667.947
3554.206 3668.879
3214.170 3654.439
3295.281 3389.786
3381.233 3400.948
3495.959 3403.097
3357.925 3609.147
3339.179 3420.873
3268.501 3460.959
3295.026 3486.370
3184.544 3402.795
3328.781 3314.283
3554.951 3458.159
3340.177 3491.177
3110.670 3365.673
3457.467 3380.656
3235.245 3439.276
3564.092 3785.511
3342.313 3702.245
3486.712 3722.263
3527.593 3650.478
3511.853 3595.821
3475.146 3719.168
3267.423 3486.504
3155.221 3515.791
3573.013 3517.089
3255.439 3516.537
3329.589 3584.140
3351.344 3684.249
3137.037 3575.036
3404.481 3506.408
3401.276 3426.989
3235.490 3587.636
3471.234 3423.841
3366.652 3538.464
3091.876 3629.080
3321.420 3353.545
3365.053 3457.538
3227.324 3702.950
3150.605 3453.389
3560.866 3372.087
3435.313 3335.814
3317.643 3549.641
3201.189 3660.878
3306.563 3644.442
3084.106 3765.764
3267.366 3494.087
3093.035 3355.298
3469.932 3598.010
3407.564 3795.852
3487.777 3758.495
3118.502 3485.524
3457.153 3659.066
3309.494 3344.827
3564.074 3657.589
3315.293 3665.432
3444.692 3398.982
3270.134 3636.314
3185.330 3705.619
3324.809 3572.563
3506.081 3728.002
3275.071 3773.020
3273.686 3752.258
3536.684 3676.733
3416.801 3504.889
3459.972 3711.974
3174.845 3805.131
3510.157 3507.997
3203.285 3432.882
3331.105 3645.509
3464.144 3639.374
3365.182 3743.090
3506.796 3647.727
3395.545 3423.814
3291.748 3453.503
3205.420 3617.630
3462.940 3531.204
3339.088 3333.952
3352.672 3681.837
3514.533 3365.027
3158.355 3559.157
3452.629 3381.771
3295.073 3581.691
3172.496 3760.540
3542.475 3500.924
3328.645 3584.091
3346.426 3390.985
3329.315 3374.097
3480.056 3387.158
3433.738 3746.104
3179.655 3343.984
3543.768 3449.519
3170.594 3618.661
3336.319 3635.107
3528.139 3427.119
3444.687 3483.300
3142.450 3677.373
3098.257 3504.172
3368.685 3780.517
3140.476 3754.058
3326.120 3736.585
3154.848 3380.089
3517.985 3806.608
3333.720 3336.997
3426.842 3605.606
3267.120 3563.385
3562.766 3741.481
3535.623 3483.076
3304.848 3372.730
3323.782 3395.628
3252.457 3699.810
3562.386 3322.953
3571.235 3701.142
3521.809 3360.793
3484.791 3505.203
3180.214 3710.358
3562.391 3759.168
3109.179 3620.575
3262.990 3735.952
3108.915 3502.299
3294.369 3328.792
3447.974 3428.245
3144.912 3644.543
3571.983 3540.058
3501.299 3727.698
3580.088 3723.903
3269.268 3762.782
3483.560 3744.239
3198.524 3551.003
3507.153 3685.515
3195.420 3592.850
3576.450 3604.804
3350.955 3563.122
3143.315 3485.328
3569.736 3385.880
3101.238 3806.719
3120.476 3709.921
3298.985 3703.983
3502.025 3344.779
3558.666 3712.128
3416.924 3799.018
3191.540 3328.982
3116.745 3347.612
3108.628 3558.630
3488.313 3727.076
3574.134 3665.024
3548.195 3501.159
3420.308 3713.090
3275.495 3320.201
3301.642 3723.929
3563.881 3507.357
3230.908 3347.224
3447.664 3322.797
3496.358 3782.721
3451.634 3774.804
3427.739 3738.052
3415.785 3706.562
3208.679 3664.024
3302.789 3372.971
3228.188 3526.277
3575.974 3648.837
3222.564 3682.306
3307.585 3471.920
3097.960 3555.091
3312.183 3457.587
3121.415 3591.856
3147.263 3501.067
3412.105 3650.553
3231.953 3519.790
3194.200 3616.202
3185.492 3389.685
3451.556 3578.318
3323.578 3377.077
3282.528 3354.864
3519.006 3535.835
3105.238 3526.008
3140.601 3681.872
3424.092 3309.402
3503.418 3532.914
3531.792 3771.353
3187.038 3309.877
3554.720 3382.165
3294.062 3313.561
3439.664 3320.577
3472.920 3318.090
3085.172 3760.774
3395.992 3564.345
3435.390 3700.355
3130.862 3758.958
3293.418 3615.479
3571.745 3448.941
3381.316 3558.089
3261.856 3412.389
3270.334 3507.146
3334.636 3396.585
3168.477 3382.320
3187.962 3462.664
3118.875 3480.662
3531.836 3545.020
3394.345 3460.793
3152.864 3663.848
3389.591 3663.379
3132.069 3353.399
3120.954 3600.324
3571.777 3783.319
3491.561 3645.804
3106.680 3522.786
3199.624 3343.955
3381.298 3785.183
3577.524 3435.037
3429.461 3753.173
3425.541 3534.987
3246.245 3593.164
3102.620 3404.859
3533.804 3358.324
3166.950 3779.637
3491.355 3651.076
3259.914 3422.922
3339.226 3407.173
3501.948 3684.621
3087.305 3367.342
3306.995 3326.015
3128.517 3375.302
3521.358 3323.242
3579.994 3416.758
3534.078 3414.786
3409.297 3568.388
3273.562 3662.039
3164.802 3647.967
3191.893 3798.424
3426.666 3341.315
3192.137 3726.516
3306.323 3403.341
3349.908 3662.552
3170.088 3781.004
3246.991 3340.286
3098.136 3710.327
3547.614 3581.104
3140.420 3525.992
3106.717 3715.718
3521.572 3509.566
3434.205 3789.080
3274.806 3328.887
3574.700 3330.672
3461.900 3531.797
3194.973 3537.343
3344.419 3661.178
3159.197 3475.567
3464.652 3664.448
3126.514 3523.515
3258.146 3693.001
3283.917 3518.979
3100.032 3454.027
3390.066 3478.306
3314.519 3650.681
3119.436 3729.797
3471.637 3542.341
3247.369 3662.943
3402.840 3577.849
3215.638 3359.333
3350.336 3508.751
3303.798 3405.896
3430.423 3424.243
3477.772 3554.733
3402.665 3416.583
3193.920 3512.445
3417.902 3389.218
3212.630 3602.615
3466.194 3484.728
3138.716 3411.690
3204.040 3369.271
3086.815 3682.446
3468.800 3616.133
3510.672 3566.654
3565.998 3604.634
3532.653 3733.233
3314.960 3477.929
3490.163 3740.957
3492.592 3686.681
3384.761 3698.638
3403.776 3684.800
3475.489 3718.807
3174.791 3337.750
3257.973 3664.187
3102.159 3755.833
3396.970 3515.331
3262.047 3371.311
3180.159 3670.608
3563.005 3780.732
3414.037 3516.930
3342.146 3661.354
3182.434 3491.893
3309.778 3785.594
3568.702 3616.984
3418.349 3338.917
3197.499 3570.410
3426.565 3352.877
3305.813 3340.115
3533.675 3794.254
3129.329 3798.316
3573.708 3420.230
3358.979 3627.660
3196.654 3551.215
3285.064 3457.225
3186.053 3784.297
3084.594 3617.162
3517.812 3519.698
3247.791 3386.576
3461.460 3540.189
3500.639 3729.883
3089.783 3715.610
3522.105 3553.260
3279.395 3721.230
3580.448 3382.357
3317.706 3364.984
3103.580 3700.783
3389.708 3768.396
3273.976 3465.145
3182.665 3518.337
3296.740 3417.402
3571.515 3330.656
3364.946 3505.488
3368.873 3774.950
3093.881 3634.805
3156.553 3338.179
3303.956 3789.600
3316.438 3414.894
3446.103 3585.789
3163.910 3442.579
3176.266 3589.002
3170.273 3398.015
3531.623 3607.454
3138.952 3376.105
3426.394 3558.844
3516.357 3603.710
3140.236 3374.298
3373.635 3544.468
3167.811 3581.275
3307.986 3509.877
3120.188 3662.548
3316.769 3618.046
3126.224 3734.395
3352.551 3583.178
3549.769 3619.311
3271.191 3553.055
3446.022 3466.357
3534.073 3757.384
3279.227 3803.142
3513.920 3796.498
3489.609 3362.268
3388.856 3649.049
3245.578 3451.865
3191.599 3349.858
3568.927 3749.599
3380.250 3423.252
3227.939 3709.722
3336.159 3433.671
3438.979 3423.981
3534.309 3595.606
3553.010 3501.818
3456.098 3536.326
3426.329 3512.375
3298.802 3497.459
3236.362 3412.876
3253.353 3506.789
3275.255 3326.243
3265.390 3354.459
3231.343 3652.962
3192.511 3651.984
3551.282 3371.468
3405.426 3653.106
3201.397 3384.613
3520.479 3683.007
3109.722 3602.917
3229.783 3364.112
3325.183 3499.562
3141.651 3774.142
3523.192 3449.188
3085.199 3760.646
3103.436 3351.810
3127.624 3486.388
3118.908 3747.237
3154.214 3627.385
3092.270 3518.944
3566.657 3393.568
3343.083 3597.859
3378.366 3393.895
3150.572 3500.649
3186.330 3591.401
3110.147 3333.046
3269.247 3482.799
3303.573 3424.496
3261.487 3313.337
3200.281 3711.353
3176.641 3507.618
3542.117 3451.056
3130.685 3631.709
3510.091 3336.419
3489.226 3714.684
3529.477 3491.009
3479.460 3607.544
3535.013 3451.765
3342.399 3365.994
3543.300 3539.778
3371.141 3437.029
3248.028 3369.618
3146.314 3502.184
3296.071 3682.749
3402.124 3410.044
3471.381 3367.000
3140.305 3532.437
3329.363 3645.205
3356.561 3671.827
3391.033 3767.105
3438.672 3337.382
3510.284 3746.661
3342.826 3398.210
3356.620 3385.735
3373.690 3592.039
3536.459 3576.330
3352.448 3362.258
3219.381 3705.339
3134.043 3380.819
3165.896 3553.045
3559.070 3547.388
3375.004 3676.113
3303.693 3496.015
3473.196 3521.615
3554.833 3577.800
3516.084 3684.205
3119.786 3724.607
3543.386 3348.819
3198.395 3415.945
3181.619 3781.471
3464.450 3514.593
3204.382 3753.133
3405.943 3626.531
3503.038 3575.474
3350.465 3540.662
3463.397 3403.645
3241.095 3743.398
3089.287 3778.226
3492.161 3370.994
3354.706 3719.610
3182.475 3464.758
3540.451 3334.362
3286.760 3455.938
3408.094 3396.288
3497.226 3537.016
3553.466 3716.746
3522.396 3583.684
3177.119 3727.249
3125.101 3613.902
3576.951 3467.488
3559.302 3630.102
3300.548 3645.957
3204.129 3397.212
3477.913 3807.533
3086.616 3552.363
3173.522 3420.109
3493.619 3382.265
3443.012 3481.615
3316.380 3603.127
3421.514 3702.106
3240.574 3319.415
3421.796 3666.300
3480.746 3561.117
3525.278 3659.741
3264.621 3805.043
3510.979 3461.402
3232.280 3548.719
3119.174 3550.901
3195.108 3768.293
3552.776 3562.780
3392.497 3506.652
3168.400 3487.869
3425.391 3691.720
3378.463 3455.909
3304.833 3350.339
3106.950 3436.021
3410.776 3766.732
3398.895 3668.239
3084.986 3696.242
3182.041 3329.775
3486.948 3646.103
3356.704 3789.823
3346.113 3416.145
3322.359 3519.161
3506.597 3348.480
3422.221 3583.343
3568.305 3747.208
3563.476 3504.658
3210.776 3403.512
3260.764 3418.683
3417.836 3481.972
3348.349 3348.383
3263.347 3432.403
3304.246 3601.836
3327.287 3342.699
3204.559 3799.876
3387.639 3677.652
3522.888 3515.064
3420.990 3524.142
3454.361 3340.265
3504.749 3581.772
3448.469 3630.554
3516.641 3744.134
3555.088 3552.623
3579.817 3756.008
3264.249 3591.463
3164.839 3801.276
3196.498 3429.390
3108.231 3453.937
3110.532 3519.832
3421.440 3556.069
3487.434 3524.689
3319.319 3534.985
3303.784 3336.591
3533.640 3333.205
3309.644 3365.759
3144.506 3789.875
3227.412 3526.477
3235.448 3709.963
3187.201 3689.617
3349.949 3588.364
3542.027 3764.016
3143.372 3501.746
3420.470 3807.541
3432.764 3529.301
3239.787 3387.981
3130.742 3402.101
3386.212 3578.967
3501.069 3563.407
3486.633 3415.082
3367.729 3480.699
3449.653 3539.363
3095.321 3721.653
3562.430 3511.914
3215.634 3638.583
3257.643 3437.356
3437.599 3373.369
3322.743 3337.381
3399.241 3526.701
3112.365 3508.063
3104.165 3781.059
3293.367 3748.411
3561.666 3466.861
3478.492 3422.256
3405.876 3468.329
3484.318 3448.487
3300.323 3355.523
3232.662 3764.617
3488.734 3718.760
3104.672 3340.769
3325.181 3803.254
3134.978 3328.084
3535.331 3531.736
3504.691 3526.963
3511.578 3524.612
3521.149 3468.545
3537.641 3443.034
3150.674 3377.385
3381.933 3623.914
3230.274 3639.921
3334.630 3523.441
3480.474 3429.890
3551.863 3376.444
3540.524 3626.086
3465.727 3660.579
3566.485 3444.711
3509.735 3559.807
3263.488 3463.327
3224.227 3382.211
3087.724 3461.213
3368.371 3428.723
3221.714 3367.513
3341.490 3394.580
3520.228 3595.967
3099.419 3797.576
3471.593 3608.231
3119.549 3625.451
3149.234 3542.520
3344.227 3569.544
3367.306 3377.750
3242.461 3366.984
3338.173 3626.259
3422.543 3620.000
3186.445 3490.311
3450.479 3322.614
3347.190 3543.758
3425.579 3715.059
3131.319 3368.865
3108.154 3309.012
3397.245 3621.710
3402.811 3587.951
3140.625 3662.627
3524.218 3642.551
3409.933 3454.475
3358.841 3329.557
3164.404 3358.995
3357.770 3379.512
3222.157 3372.787
3278.076 3426.753
3260.288 3580.886
3475.251 3370.929
3463.863 3461.102
3465.026 3571.861
3579.696 3553.390
3524.941 3736.129
3339.416 3698.673
3126.670 3692.662
3484.739 3638.651
3362.883 3578.643
3301.723 3377.501
3088.920 3349.931
3439.641 3392.031
3275.972 3337.324
3518.987 3338.787
3343.759 3526.122
3273.682 3596.316
3424.115 3581.788
3381.483 3314.938
3466.361 3628.028
3481.623 3658.023
3510.328 3449.773
3562.742 3468.021
3172.014 3421.787
3109.265 3498.915
3386.972 3803.489
3300.243 3468.025
3230.777 3788.512
3180.417 3385.855
3315.799 3790.964
3352.885 3767.677
3543.639 3755.320
3334.024 3359.091
3338.591 3349.647
3564.013 3730.974
3428.355 3517.272
3485.637 3487.828
3120.011 3494.162
3274.381 3737.804
3223.387 3426.559
3534.232 3553.123
3445.806 3761.849
3197.843 3378.151
3549.805 3749.844
3336.840 3326.379
3102.682 3527.457
3557.824 3692.168
3558.029 3423.278
3250.344 3448.995
3557.610 3705.083
3503.938 3607.981
3164.138 3587.988
3092.878 3387.094
3410.605 3400.027
3563.706 3487.268
3271.804 3505.936
3185.841 3308.377
3349.979 3442.831
3289.672 3673.075
3511.903 3564.525
3372.147 3402.056
3117.452 3707.600
3335.104 3730.988
3166.968 3645.260
3096.491 3807.306
3306.780 3365.110
3434.747 3420.144
3317.467 3500.934
3440.082 3462.226
3536.939 3709.610
3094.763 3398.848
3205.212 3591.867
3299.849 3623.824
3418.343 3734.986
3380.613 3741.296
3492.330 3770.389
3459.945 3672.935
3461.423 3498.504
3501.011 3781.255
3512.545 3427.763
3455.808 3540.392
3236.667 3751.561
3112.851 3524.961
3213.344 3726.249
3455.612 3709.949
3214.576 3718.626
3579.930 3352.861
3309.939 3622.140
3415.553 3346.745
3339.631 3323.351
3142.672 3695.137
3420.077 3688.136
3345.782 3315.622
3227.248 3505.772
3439.768 3567.700
3363.431 3756.057
3491.704 3352.106
3378.386 3579.863
3383.573 3648.689
3508.025 3409.898
3433.152 3392.936
3294.803 3753.601
3299.855 3438.183
3542.059 3427.295
3222.876 3803.436
3233.968 3798.853
3513.172 3601.971
3509.775 3574.123
3128.572 3671.856
3343.631 3544.186
3136.139 3560.937
3487.285 3680.059
3545.016 3508.018
3361.273 3338.052
3243.831 3436.091
3468.758 3709.974
3252.525 3563.578
3114.973 3803.624
3217.761 3668.850
3501.634 3680.394
3369.236 3794.078
3235.599 3779.742
3085.947 3746.093
3239.896 3426.179
3320.506 3320.377
3320.575 3707.230
3568.889 3395.572
3420.442 3411.971
3219.641 3538.365
3210.556 3489.266
3227.305 3798.348
3088.845 3572.633
3402.369 3527.706
3189.296 3546.265
3131.771 3644.713
3292.199 3518.890
3409.301 3540.409
3446.098 3665.074
3249.226 3779.584
3408.558 3318.973
3163.892 3537.099
3328.165 3347.884
3182.809 3545.944
3415.198 3500.287
3082.339 3679.463
3143.947 3366.975
3469.465 3649.690
3225.802 3387.908
3383.898 3791.494
3289.078 3560.003
3432.639 3356.388
3391.699 3767.974
3121.300 3449.494
3451.336 3369.683
3354.106 3662.160
3165.774 3793.392
3326.885 3552.327
3206.074 3559.660
3238.192 3604.161
3294.974 3484.742
3474.642 3710.792
3567.181 3507.137
3402.234 3408.275
3171.147 3309.843
3217.770 3473.769
3436.167 3499.381
3197.330 3443.761
3106.612 3798.249
3572.600 3776.486
3287.359 3365.771
3288.377 3566.262
3327.718 3802.461
3569.896 3515.056
3176.049 3450.007
3118.563 3491.487
3310.701 3309.196
3561.819 3547.234
3327.459 3644.165
3529.948 3373.647
3496.768 3359.001
3436.183 3508.825
3518.212 3773.293
3415.420 3395.064
3403.642 3642.040
3084.466 3360.246
3497.871 3358.357
3125.370 3531.355
3493.093 3335.411
3124.445 3542.311
3432.074 3577.939
3094.650 3368.660
3143.315 3398.039
3405.713 3807.838
3541.182 3513.505
3251.571 3709.550
3200.267 3351.847
3221.085 3347.647
3334.078 3503.307
3567.456 3614.353
3414.536 3597.460
3225.451 3356.951
3479.930 3640.479
3243.784 3682.189
3360.270 3352.411
3111.716 3523.960
3296.267 3666.542
3202.084 3781.211
3214.231 3723.924
3481.733 3561.345
3141.433 3319.377
3409.292 3688.982
3516.757 3600.686
3291.989 3427.132
3490.336 3717.383
3316.495 3357.553
3574.934 3361.392
3149.633 3309.862
3468.694 3805.134
3320.785 3311.092
3576.767 3555.436
3188.263 3670.272
3336.860 3798.429
3256.432 3541.862
3163.520 3420.043
3487.268 3719.583
3518.406 3647.909
3193.720 3563.551
3225.224 3429.448
3375.333 3592.457
3424.143 3741.216
3107.479 3568.238
3507.590 3727.155
3210.163 3791.381
3465.298 3685.076
3346.869 3680.523
3422.090 3328.542
3227.359 3422.778
3481.878 3805.751
3267.603 3585.616
3172.870 3465.336
3297.659 3729.060
3498.824 3331.723
3544.380 3470.748
3478.029 3373.184
3542.622 3390.245
3397.485 3489.061
3418.311 3349.123
3469.009 3573.604
3096.355 3526.226
3267.842 3767.496
3124.451 3801.143
3121.320 3719.232
3376.505 3337.223
3260.249 3805.165
3501.551 3479.378
3114.760 3548.924
3435.631 3609.371
3285.601 3763.753
3166.667 3340.985
3300.733 3600.203
3159.651 3404.998
3497.183 3515.468
3103.803 3514.537
3573.672 3699.580
3168.655 3691.273
3382.439 3556.381
3096.751 3370.517
3520.153 3525.675
3239.021 3549.567
3391.942 3717.020
3359.947 3772.725
3268.260 3709.873
3201.428 3768.117
3407.018 3488.032
3401.747 3476.561
3378.865 3512.506
3511.743 3547.825
3207.462 3335.500
3238.576 3771.303
3092.315 3565.332
3375.105 3729.371
3210.388 3756.793
3278.184 3634.740
3151.491 3722.713
3538.629 3733.828
3252.276 3804.361
3416.057 3641.985
3203.597 3723.703
3329.083 3672.613
3447.010 3713.137
3168.937 3506.205
3321.092 3647.341
3086.118 3627.204
3206.387 3327.393
3289.185 3772.022
3575.400 3713.766
3467.119 3421.491
3194.142 3537.569
3351.536 3584.492
3201.219 3565.674
3264.882 3721.091
3169.949 3459.677
3172.839 3644.778
3296.703 3311.593
3199.172 3504.109
3085.186 3553.070
3260.835 3712.738
3358.621 3725.319
3468.300 3533.884
3571.796 3705.146
3579.027 3447.612
3155.236 3637.980
3417.687 3379.808
3530.966 3377.569
3458.770 3339.976
3253.274 3785.564
3362.110 3668.010
3534.702 3661.864
3489.470 3489.070
3434.340 3728.419
3105.387 3694.408
3297.457 3682.817
3444.879 3521.065
3235.304 3414.006
3478.908 3705.510
3555.617 3585.667
3084.816 3720.052
3427.476 3326.506
3199.097 3670.632
3535.076 3331.136
3419.457 3492.113
3556.468 3615.382
3107.518 3447.259
3448.673 3461.014
3198.305 3585.574
3114.214 3445.444
3148.539 3329.095
3100.545 3709.229
3549.155 3324.625
3509.636 3435.008
3561.552 3606.346
3532.551 3338.096
3435.827 3384.941
3536.406 3688.043
3093.801 3348.287
3312.630 3707.117
3212.668 3723.393
3355.906 3681.035
3488.132 3586.242
3477.974 3729.630
3222.577 3590.699
3482.365 3570.521
3428.357 3503.993
3260.165 3336.151
3421.480 3781.154
3100.245 3434.311
3362.878 3316.489
3360.850 3330.844
3162.781 3496.012
3486.046 3341.391
3091.471 3604.637
3531.344 3510.939
3276.060 3748.956
3413.600 3743.084
3210.990 3343.442
3132.994 3413.834
3154.802 3686.203
3121.698 3742.054
3482.869 3494.584
3307.108 3624.377
3348.121 3486.914
3268.633 3774.730
3250.239 3750.858
3270.150 3632.066
3508.375 3754.727
3536.776 3557.617
3481.604 3589.666
3439.353 3641.387
3427.221 3378.253
3527.409 3572.050
3253.112 3417.424
3427.215 3687.388
3478.034 3519.125
3450.898 3465.016
3493.402 3331.188
3227.264 3380.621
3331.632 3546.269
3248.290 3607.809
3086.645 3680.913
3541.590 3467.032
3572.181 3705.390
3293.081 3364.846
3561.049 3542.048
3329.779 3416.958
3556.091 3558.288
3256.088 3770.002
3549.928 3484.932
3361.982 3492.073
3246.223 3657.174
3224.755 3488.670
3196.062 3564.409
3210.798 3547.843
3194.525 3332.638
3497.659 3426.621
3119.617 3709.181
3455.380 3785.492
3346.466 3722.281
3358.367 3431.229
3305.196 3740.600
3318.900 3317.668
3468.180 3633.405
3482.971 3754.248
3175.383 3684.822
3431.714 3633.446
3329.511 3550.755
3127.398 3678.683
3253.836 3664.913
3298.202 3490.563
3304.869 3724.111
3241.437 3602.055
3526.136 3403.906
3256.486 3521.782
3575.048 3798.190
3086.127 3540.862
3092.127 3651.099
3255.245 3609.452
3446.171 3455.775
3418.414 3432.905
3533.236 3401.908
3280.682 3784.827
3191.135 3364.870
3309.761 3652.881
3549.874 3450.990
3218.241 3650.547
3250.456 3544.745
3391.077 3376.302
3221.463 3356.561
3342.211 3489.609
3400.731 3521.260
3083.243 3472.977
3160.898 3643.806
3299.331 3689.512
3294.335 3498.406
3264.590 3661.395
3101.883 3327.355
3162.848 3420.530
3276.845 3449.568
3270.073 3568.899
3430.637 3736.954
3264.948 3531.496
3298.326 3644.946
3487.852 3701.432
3409.356 3327.163
3103.597 3682.232
3576.214 3401.644
3433.480 3359.571
3238.943 3743.957
3148.604 3616.826
3571.484 3748.060
3168.226 3587.001
3517.852 3345.514
3185.109 3749.772
3471.928 3612.067
3503.538 3356.226
3458.763 3539.583
3452.847 3350.377
3390.587 3358.182
3469.381 3575.315
3338.578 3625.632
3164.224 3770.719
3579.008 3578.077
3149.571 3317.549
3281.951 3752.425
3573.098 3397.114
3306.096 3676.010
3357.112 3343.657
3373.675 3686.683
3153.793 3495.390
3097.004 3414.354
3223.120 3541.778
3320.312 3687.816
3514.219 3610.300
3370.933 3573.924
3572.910 3436.140
3373.655 3710.148
3463.963 3711.958
3527.823 3759.084
3430.634 3661.444
3514.291 3663.264
3101.156 3446.058
3553.377 3360.958
3555.407 3535.785
3469.658 3759.948
3407.118 3623.247
3395.143 3472.817
3138.594 3587.348
3118.190 3474.711
3122.743 3691.090
3087.439 3679.292
3252.402 3404.083
3085.578 3346.527
3218.163 3512.934
3322.665 3426.308
3499.451 3787.763
3441.743 3718.348
3273.842 3333.807
3349.165 3325.558
3327.045 3665.385
3356.566 3512.894
3321.308 3418.835
3439.702 3533.948
3135.698 3621.049
3492.844 3594.856
3302.926 3320.991
3167.499 3437.419
3424.741 3323.155
3568.434 3718.896
3208.712 3488.246
3450.148 3783.887
3310.561 3519.283
3343.423 3510.889
3450.492 3581.573
3238.725 3786.446
3091.627 3364.382
3337.989 3700.170
3532.601 3527.562
3437.897 3316.187
3273.630 3621.810
3369.788 3703.891
3169.931 3664.313
3340.784 3667.586
3357.971 3718.236
3536.357 3555.692
3246.628 3656.153
3242.888 3387.762
3539.507 3476.435
3527.875 3429.042
3540.831 3396.351
3202.935 3532.494
3302.571 3518.935
3423.993 3358.023
3447.823 3406.190
3217.504 3807.329
3134.263 3680.823
3557.519 3330.237
3484.663 3573.516
3445.170 3626.058
3438.865 3617.633
3256.976 3345.441
3531.883 3414.017
3214.014 3660.136
3501.656 3412.767
3473.700 3722.475
3410.625 3522.387
3262.214 3362.643
3381.825 3462.780
3108.840 3369.281
3400.474 3410.302
3327.743 3523.450
3471.872 3428.765
3417.489 3342.725
3403.912 3615.319
3148.723 3729.307
3487.577 3404.577
3258.316 3734.075
3446.989 3679.000
3421.286 3762.378
3207.829 3758.330
3161.056 3398.668
3538.907 3480.007
3093.774 3601.112
3313.743 3681.159
3234.535 3679.871
3131.917 3501.324
3489.356 3695.559
3458.950 3760.724
3163.501 3418.352
3281.950 3676.567
3101.070 3314.927
3217.212 3511.501
3423.668 3487.123
3296.441 3677.950
3174.656 3696.133
3232.709 3411.591
3398.570 3569.605
3312.295 3507.175
3237.132 3700.124
3539.699 3691.908
3253.562 3699.855
3224.711 3627.482
3279.702 3333.856
3191.742 3749.695
3360.524 3721.442
3430.133 3497.028
3208.282 3734.562
3082.389 3760.040
3179.767 3532.028
3223.944 3428.815
3541.955 3675.469
3517.137 3667.806
3321.677 3400.452
3082.910 3749.085
3340.347 3729.911
3223.046 3313.529
3399.312 3439.732
3327.905 3686.099
3279.701 3379.874
3237.659 3376.432
3162.884 3553.818
3237.449 3367.391
3273.493 3779.880
3150.813 3342.031
3185.669 3486.002
3390.160 3583.033
3387.910 3571.591
3456.629 3405.688
3119.754 3694.110
3320.856 3661.077
3279.039 3691.136
3499.662 3382.269
3527.287 3508.285
3294.930 3557.468
3529.371 3539.510
3107.020 3797.347
3222.337 3663.452
3473.656 3714.782
3355.917 3563.204
3136.798 3508.957
3495.057 3639.172
3437.598 3722.921
3171.453 3619.882
3240.043 3722.580
3150.516 3689.150
3218.742 3485.634
3142.704 3608.196
3328.958 3502.687
3524.825 3542.372
3455.429 3617.680
3167.351 3434.365
3264.323 3333.896
3116.794 3763.856
3402.116 3688.186
3294.778 3616.956
3555.817 3421.487
3198.663 3684.071
3504.313 3769.735
3370.905 3373.847
3509.077 3425.250
3500.985 3767.764
3248.178 3769.489
3107.388 3537.625
3215.659 3331.308
3379.903 3482.606
3215.294 3756.767
3450.132 3785.854
3548.428 3589.973
3165.061 3694.142
3243.693 3477.488
3377.030 3363.672
3380.113 3347.518
3433.900 3653.948
3264.106 3750.165
3316.975 3576.600
3413.103 3587.582
3396.772 3458.281
3344.571 3502.752
3189.198 3319.940
3380.479 3731.156
3523.661 3570.675
3487.170 3503.592
3578.113 3385.760
3160.178 3722.441
3093.858 3661.157
3523.639 3751.663
3495.450 3760.666
3529.219 3668.774
3193.256 3583.879
3345.012 3722.167
3102.989 3742.847
3300.860 3490.757
3560.102 3559.152
3492.416 3514.621
3411.920 3442.743
3167.613 3544.548
3343.011 3741.318
3132.774 3634.812
3423.078 3363.587
3246.386 3626.487
3432.270 3618.952
3098.185 3668.336
3200.073 3771.194
3220.700 3627.194
3480.157 3788.251
3082.465 3587.208
3103.835 3613.474
3315.924 3603.032
3401.404 3523.410
3518.932 3491.664
3133.672 3528.647
3294.881 3696.468
3382.924 3394.429
3096.164 3696.133
3158.380 3422.544
3548.206 3803.731
3343.504 3603.116
3390.942 3574.837
3479.053 3379.494
3416.571 3363.787
3090.108 3777.070
3176.212 3735.347
3164.158 3681.549
3432.545 3664.616
3242.889 3538.756
3133.157 3655.663
3368.875 3533.067
3450.670 3374.458
3479.066 3500.662
3199.059 3345.686
3397.870 3588.969
3139.168 3652.022
3576.448 3620.580
3373.754 3311.941
3369.063 3614.973
3425.644 3781.502
3578.161 3439.549
3498.095 3749.530
3450.850 3572.511
3488.205 3308.951
3330.867 3403.034
3412.719 3472.653
3289.455 3721.730
3519.276 3447.113
3286.187 3454.451
3327.248 3786.835
3173.359 3426.581
3497.060 3694.625
3234.187 3351.430
3548.359 3691.011
3492.341 3683.155
3533.146 3727.656
3410.335 3359.625
3495.274 3483.449
3158.335 3513.916
3461.321 3754.694
3172.965 3796.296
3274.963 3372.456
3146.990 3738.234
3378.378 3488.523
3364.550 3739.847
3243.815 3667.314
3544.271 3400.506
3297.026 3727.848
3156.929 3689.639
3578.732 3423.090
3217.841 3397.718
3504.039 3575.685
3169.963 3732.217
3453.839 3666.977
3404.541 3392.951
3376.979 3641.608
3382.140 3569.923
3374.903 3575.606
3346.021 3666.778
3257.698 3780.855
3284.659 3782.797
3183.120 3519.921
3479.042 3651.546
3197.768 3590.646
3152.593 3690.764
3096.684 3792.748
3498.826 3379.260
3220.742 3626.330
3285.500 3479.734
3199.385 3739.308
3389.913 3470.783
3355.703 3763.776
3294.554 3625.648
3438.585 3315.771
3338.676 3781.120
3376.786 3669.500
3294.012 3397.670
3337.665 3621.883
3305.654 3378.214
3329.117 3463.122
3521.052 3765.269
3508.869 3416.397
3429.267 3320.175
3258.980 3580.460
3518.385 3721.925
3410.610 3677.984
3121.378 3554.698
3407.105 3674.686
3107.465 3771.850
3170.257 3522.189
3545.116 3336.487
3109.527 3427.849
3490.697 3383.432
3249.050 3757.158
3453.674 3499.228
3117.307 3514.079
3314.392 3397.948
3231.261 3476.644
3404.955 3680.566
3421.715 3485.213
3123.338 3390.158
3430.590 3417.802
3455.606 3433.520
3174.938 3796.819
3525.524 3748.579
3518.973 3376.126
3485.615 3654.880
3126.867 3715.453
3178.144 3751.761
3348.592 3431.352
3520.296 3547.249
3427.223 3365.758
3450.762 3455.244
3551.912 3745.567
3103.639 3679.496
3425.646 3366.096
3501.573 3534.850
3567.122 3689.268
3492.707 3465.427
3105.666 3393.941
3104.705 3430.459
3452.790 3639.529
3534.475 3430.571
3420.120 3432.771
3511.902 3585.411
3107.213 3506.115
3205.046 3423.569
3515.185 3697.734
3573.327 3715.150
3298.615 3550.003
3386.109 3608.482
3416.669 3625.164
3432.962 3595.295
3447.547 3560.620
3454.029 3447.734
3440.104 3325.201
3442.581 3614.255
3382.911 3430.358
3549.287 3573.354
3503.700 3339.812
3348.279 3359.940
3552.053 3603.650
3390.486 3509.581
3388.852 3465.910
3257.172 3783.322
3525.694 3648.250
3499.709 3434.769
3333.976 3502.134
3364.563 3719.225
3197.715 3784.621
3196.297 3701.020
3350.597 3634.603
3563.626 3549.375
3142.242 3689.814
3303.702 3466.382
3440.050 3379.195
3402.222 3365.694
3093.490 3418.975
3148.133 3597.280
3346.337 3525.605
3151.320 3807.958
3259.791 3800.900
3474.350 3426.371
3230.652 3364.233
3460.835 3554.955
3364.566 3591.317
3513.734 3349.377
3559.730 3550.278
3530.626 3402.625
3084.497 3504.049
3436.366 3577.342
3289.721 3650.166
3223.607 3428.092
3394.039 3629.281
3313.563 3355.107
3186.464 3394.213
3404.744 3715.823
3207.285 3594.922
3187.657 3515.836
3563.632 3595.236
3579.020 3545.074
3147.679 3651.456
3560.773 3720.031
3203.489 3769.844
3408.164 3660.209
3575.052 3579.639
3199.617 3552.058
3351.908 3519.230
3362.301 3491.145
3095.333 3799.364
3415.049 3746.389
3490.357 3695.535
3446.569 3462.290
3142.131 3786.849
3539.569 3671.809
3486.156 3581.126
3269.617 3452.923
3571.733 3714.647
3222.451 3388.378
3295.251 3553.876
3327.217 3577.395
3462.306 3567.566
3391.345 3605.967
3545.730 3606.799
3414.310 3311.266
3456.106 3483.580
3497.210 3531.313
3097.212 3503.841
3202.187 3408.410
3172.034 3724.772
3355.579 3361.626
3084.799 3526.240
3202.479 3545.214
3544.556 3629.106
3432.793 3448.216
3575.615 3394.994
3538.686 3432.576
3468.610 3692.616
3123.973 3755.613
3442.424 3613.395
3225.231 3672.261
3247.263 3770.687
3298.507 3768.172
3475.863 3644.250
3122.603 3597.743
3151.777 3562.913
3279.551 3438.364
3150.522 3419.174
3089.096 3715.656
3184.287 3731.059
3107.331 3646.766
3296.853 3452.972
3131.090 3663.779
3174.720 3420.026
3213.845 3346.150
3122.149 3518.778
3544.946 3720.076
3550.051 3566.979
3359.488 3515.576
3537.458 3522.470
3402.790 3788.062
3101.028 3577.716
3512.644 3767.677
3300.830 3611.675
3239.879 3540.437
3499.226 3515.704
3134.534 3341.763
3096.596 3689.414
3177.034 3403.855
3158.550 3440.449
3440.196 3743.019
3096.588 3380.762
3574.796 3642.710
3323.438 3454.473
3083.046 3660.518
3449.244 3443.455
3125.315 3791.356
3452.314 3419.900
3102.500 3418.209
3104.674 3643.566
3421.902 3330.838
3166.694 3371.376
3364.138 3342.560
3310.296 3460.967
3335.527 3611.094
3523.814 3553.618
3265.885 3697.974
3333.235 3498.075
3318.240 3661.748
3212.545 3458.488
3388.478 3399.838
3185.998 3737.408
3435.880 3564.708
3111.987 3760.034
3489.753 3464.694
3101.661 3426.442
3460.972 3522.482
3558.744 3508.420
3472.401 3390.453
3567.754 3751.611
3530.425 3350.731
3443.070 3657.593
3507.777 3412.652
3359.339 3726.071
3111.001 3586.712
3087.869 3777.430
3219.218 3732.734
3307.657 3684.805
3405.933 3319.164
3433.274 3764.366
3352.420 3611.551
3559.423 3639.437
3109.720 3702.603
3403.666 3421.708
3245.194 3444.081
3580.064 3727.942
3260.538 3775.846
3329.711 3677.415
3191.830 3605.122
3206.124 3449.606
3251.117 3807.852
3417.302 3571.351
3437.606 3686.232
3115.457 3533.270
3359.535 3392.651
3223.625 3506.323
3172.982 3373.753
3528.152 3497.033
3570.366 3068.059
3308.468 3045.689
3182.956 3401.238
3280.144 3084.010
3209.289 3063.746
3383.414 3282.401
3266.619 3441.686
3450.640 3248.443
3412.782 3166.313
3097.154 3406.674
3395.353 3173.939
3352.581 3513.983
3305.261 3347.191
3381.528 3150.357
3155.859 3077.301
3284.178 3420.959
3473.938 3140.177
3367.967 3186.419
3210.033 3118.613
3341.056 3263.193
3565.246 3184.826
3317.498 3333.518
3126.134 3075.925
3426.222 3387.279
3545.549 3151.765
3467.881 3303.347
3557.155 3099.904
3147.220 3451.084
3423.116 3249.728
3473.007 3468.490
3092.667 3440.514
3473.726 3118.162
3152.137 3535.631
3229.181 3360.110
3244.050 3306.306
3116.977 3068.693
3134.993 3152.849
3323.102 3307.615
3468.916 3172.016
3389.269 3397.122
3231.445 3412.886
3556.523 3317.428
3507.289 3251.413
3323.976 3260.895
3435.096 3440.040
3245.029 3353.460
3170.821 3237.455
3202.583 3283.992
3368.052 3295.093
3225.612 3051.368
3294.239 3299.168
3570.091 3174.808
3411.057 3408.689
3203.870 3426.032
3542.125 3513.116
3276.978 3172.741
3449.151 3457.880
3574.664 3203.559
3465.373 3077.159
3548.976 3397.831
3359.421 3352.716
3327.354 3416.404
3536.369 3231.553
3569.467 3088.139
3558.560 3145.249
3432.562 3533.667
3112.621 3281.581
3140.757 3426.361
3187.501 3263.636
3116.208 3264.184
3229.048 3501.690
3357.875 3112.300
3549.166 3410.630
3552.371 3223.656
3451.994 3314.959
3214.798 3247.240
3291.381 3491.557
3334.384 3356.479
3388.322 3453.744
3093.754 3142.997
3392.147 3463.538
3435.125 3257.931
3147.710 3228.253
3406.688 3304.968
3221.329 3176.405
3359.501 3511.570
3552.568 3374.714
3521.597 3434.122
3265.976 3171.611
3465.942 3293.972
3512.420 3264.894
3530.278 3243.114
3316.579 3413.099
3303.284 3229.272
3134.128 3157.900
3424.194 3187.890
3474.254 3246.173
3343.055 3083.863
3487.335 3421.177
3525.150 3294.062
3402.049 3448.081
3538.907 3493.506
3285.548 3241.346
3472.593 3445.193
3144.491 3468.088
3355.987 3499.025
3270.601 3307.202
3210.268 3235.218
3192.718 3100.546
3374.172 3264.431
3384.425 3311.480
3258.834 3511.867
3493.041 3223.642
3229.593 3271.530
3244.029 3252.941
3515.369 3425.991
3408.485 3422.001
3102.855 3133.482
3281.989 3156.360
3154.675 3154.167
3416.171 3452.452
3139.729 3052.586
3090.977 3503.444
3136.750 3136.110
3532.779 3389.722
3281.787 3056.898
3309.870 3466.445
3354.322 3484.274
3184.946 3451.529
3119.420 3326.977
3269.229 3397.714
3188.569 3359.184
3143.207 3240.270
3396.101 3156.466
3098.918 3130.010
3085.864 3192.156
3561.837 3504.565
3132.711 3347.671
3572.444 3338.999
3328.385 3241.401
3105.372 3364.511
3460.083 3446.755
3476.285 3171.340
3261.485 3104.554
3098.012 3144.413
3524.308 3327.527
3192.746 3451.261
3293.386 3498.173
3508.733 3307.839
3202.894 3460.884
3486.833 3194.355
3201.742 3390.030
3476.580 3201.533
3111.242 3214.994
3086.211 3150.411
3112.307 3345.949
3206.152 3071.654
3176.510 3421.949
3300.652 3454.506
3526.779 3198.558
3339.276 3080.656
3257.730 3486.615
3214.984 3391.491
3371.583 3327.329
3460.276 3384.094
3314.457 3247.054
3413.543 3093.780
3365.172 3500.950
3489.694 3399.499
3239.024 3394.426
3547.200 3061.577
3473.585 3412.643
3212.552 3488.907
3100.577 3192.324
3556.961 3101.775
3406.347 3339.091
3136.329 3189.317
3456.816 3124.202
3460.626 3340.676
3258.388 3512.632
3548.187 3076.478
3365.706 3115.483
3318.514 3524.377
3522.867 3426.895
3264.953 3435.103
3524.203 3527.163
3476.815 3075.848
3132.577 3127.068
3285.115 3432.614
3446.286 3494.397
3381.408 3530.881
3211.644 3315.933
3519.868 3328.421
3238.402 3153.048
3415.337 3432.261
3180.795 3142.878
3092.307 3262.122
3225.828 3141.982
3518.471 3516.544
3143.116 3422.800
3228.193 3533.377
3249.080 3449.055
3487.603 3351.300
3352.869 3306.675
3333.837 3303.261
3310.449 3492.782
3283.901 3318.792
3572.914 3432.527
3442.564 3471.403
3330.309 3247.819
3351.287 3419.432
3555.081 3436.363
3499.700 3055.204
3139.565 3465.845
3284.761 3072.940
3405.350 3526.618
3568.767 3332.074
3342.311 3176.556
3182.269 3147.872
3296.263 3484.711
3305.191 3062.950
3438.053 3504.207
3440.576 3056.310
3388.485 3246.810
3454.964 3072.387
3311.797 3354.916
3268.641 3231.805
3128.142 3113.322
3322.679 3360.249
3434.697 3188.331
3273.630 3251.981
3172.015 3096.520
3412.975 3182.648
3430.231 3489.404
3346.923 3364.030
3104.531 3308.732
3302.431 3387.524
3187.628 3301.213
3311.602 3476.649
3489.342 3260.933
3117.432 3392.257
3488.487 3196.329
3282.856 3215.499
3523.243 3318.977
3493.582 3379.377
3288.143 3200.550
3299.533 3203.076
3218.848 3239.720
3506.668 3181.702
3470.039 3131.717
3509.238 3167.998
3167.225 3188.617
3383.620 3311.697
3557.676 3236.646
3354.456 3476.347
3242.370 3260.960
3444.980 3446.011
3541.421 3179.246
3363.073 3421.413
3323.728 3440.870
3253.521 3118.492
3413.897 3374.250
3345.190 3142.808
3517.980 3225.090
3530.100 3300.324
3528.703 3320.382
3411.204 3065.237
3504.673 3357.698
3126.987 3392.760
3131.937 3163.904
3326.681 3123.625
3142.062 3250.934
3138.511 3480.093
3493.091 3320.663
3379.549 3211.487
3398.452 3238.312
3167.067 3258.415
3180.020 3257.212
3322.165 3193.384
3475.282 3119.365
3290.650 3304.233
3429.508 3369.286
3409.941 3386.598
3447.990 3369.869
3345.706 3389.119
3303.881 3447.613
3268.665 3167.929
3395.648 3497.285
3134.594 3429.431
3127.276 3060.500
3109.026 3169.834
3174.868 3126.167
3128.687 3310.324
3094.652 3206.965
3518.333 3348.439
3229.277 3095.803
3346.392 3117.839
3413.189 3482.500
3516.226 3238.170
3500.311 3403.789
3460.147 3323.965
3471.993 3216.848
3100.394 3474.224
3352.746 3327.637
3142.763 3132.171
3120.425 3108.586
3239.314 3494.303
3268.566 3130.967
3402.669 3055.816
3283.896 3315.369
3476.915 3195.938
3421.816 3056.162
3183.730 3145.148
3187.160 3227.961
3117.970 3243.589
3463.357 3202.658
3160.439 3402.399
3465.632 3443.100
3177.257 3313.638
3233.202 3036.910
3398.549 3422.228
3381.709 3157.800
3556.188 3427.360
3449.310 3150.940
3096.186 3172.202
3358.801 3356.718
3182.957 3140.410
3277.770 3120.193
3170.795 3415.634
3228.433 3176.755
3539.824 3499.601
3206.068 3408.596
3097.249 3487.769
3356.228 3485.900
3316.174 3054.560
3232.035 3517.903
3177.499 3037.409
3145.127 3160.429
3135.848 3301.787
3568.668 3039.977
3171.711 3482.320
3372.403 3440.471
3286.567 3353.580
3272.227 3516.533
3479.844 3211.974
3224.877 3506.673
3566.652 3060.768
3236.822 3291.044
3525.638 3055.063
3216.134 3497.017
3302.108 3392.356
3244.457 3534.785
3113.800 3336.921
3161.542 3471.814
3414.684 3510.292
3468.141 3334.993
3094.632 3474.447
3296.102 3177.971
3428.409 3298.102
3372.059 3342.214
3132.885 3138.053
3202.287 3370.376
3098.756 3401.845
3517.859 3130.849
3533.899 3045.101
3541.413 3341.663
3455.766 3287.544
3094.321 3275.299
3196.721 3425.777
3430.099 3062.611
3089.735 3510.599
3457.683 3323.966
3298.103 3269.299
3481.761 3069.607
3249.434 3378.006
3167.276 3143.641
3558.102 3350.314
3225.542 3347.719
3318.965 3066.394
3513.607 3062.308
3465.788 3458.229
3533.600 3484.988
3156.116 3434.975
3145.528 3499.755
3179.239 3242.659
3574.009 3359.020
3342.590 3481.258
3335.380 3494.808
3419.606 3261.307
3437.130 3158.233
3100.895 3101.292
3400.686 3456.049
3364.409 3222.671
3323.689 3085.153
3230.436 3466.878
3235.233 3424.549
3361.792 3270.718
3242.794 3308.257
3128.475 3504.894
3199.491 3128.185
3498.862 3389.814
3340.091 3401.943
3414.984 3442.970
3156.588 3385.321
3244.828 3437.117
3463.201 3496.862
3105.849 3452.603
3379.728 3529.450
3202.753 3150.474
3313.101 3288.228
3368.177 3266.344
3122.556 3429.850
3415.702 3100.269
3233.701 3346.798
3391.536 3085.125
3387.142 3094.405
3425.666 3504.033
3461.649 3473.266
3513.460 3510.411
3190.691 3229.860
3389.590 3450.058
3185.329 3319.385
3241.887 3154.581
3130.883 3310.140
3092.652 3320.535
3561.203 3444.054
3249.369 3250.345
3346.334 3373.671
3374.751 3403.762
3314.875 3138.171
3572.716 3275.656
3095.236 3336.962
3087.674 3135.265
3116.740 3119.069
3232.745 3087.897
3337.915 3493.947
3427.490 3463.049
3183.736 3178.076
3109.819 3179.717
3103.075 3428.470
3470.829 3374.927
3312.750 3458.142
3107.616 3193.107
3355.404 3361.030
3565.603 3471.298
3137.836 3106.544
3326.308 3314.983
3358.464 3142.169
3489.600 3510.264
3193.881 3510.155
3237.496 3447.659
3291.966 3147.372
3483.249 3530.631
3386.789 3343.072
3343.310 3082.492
3568.807 3468.093
3420.425 3095.188
3113.793 3209.115
3318.393 3132.211
3574.845 3493.941
3365.243 3172.067
3117.586 3343.352
3231.596 3241.878
3397.665 3205.568
3430.575 3117.269
3528.490 3379.670
3436.637 3456.594
3526.693 3533.689
3493.701 3405.570
3360.060 3359.879
3190.818 3462.788
3575.706 3485.627
3429.500 3261.843
3419.611 3201.721
3175.679 3289.801
3323.168 3050.859
3131.528 3369.316
3467.434 3162.209
3293.229 3523.857
3527.831 3399.983
3141.997 3222.951
3098.671 3054.782
3333.628 3186.309
3157.263 3442.146
3414.635 3288.791
3309.766 3534.217
3565.276 3037.673
3348.397 3226.648
3103.152 3079.708
3563.503 3334.716
3507.314 3108.536
3401.990 3342.869
3184.840 3439.323
3116.216 3461.931
3157.159 3361.288
3541.016 3362.233
3189.306 3449.370
3233.231 3442.581
3267.719 3510.405
3438.953 3315.264
3100.976 3534.956
3279.296 3108.265
3268.376 3385.259
3468.598 3440.014
3128.359 3398.431
3172.301 3047.946
3453.196 3092.712
3425.603 3309.598
3209.288 3426.845
3500.140 3345.500
3089.972 3525.031
3326.610 3417.776
3246.580 3118.316
3559.984 3370.162
3388.464 3150.558
3084.684 3476.754
3499.960 3526.639
3427.273 3081.385
3421.123 3246.200
3361.945 3415.045
3343.288 3072.091
3126.468 3179.603
3100.817 3504.549
3160.891 3266.146
3103.877 3449.349
3536.794 3230.346
3463.375 3478.021
3282.753 3501.226
3508.892 3171.293
3133.196 3058.382
3138.950 3073.249
3328.722 3379.922
3098.467 3378.378
3103.642 3056.668
3321.223 3250.884
3086.845 3449.160
3451.034 3313.174
3524.811 3323.781
3349.316 3336.992
3406.855 3179.108
3216.987 3515.547
3381.986 3153.798
3210.261 3291.167
3121.940 3461.508
3264.084 3438.232
3576.789 3062.360
3106.186 3103.917
3350.392 3394.231
3409.259 3388.903
3325.273 3492.714
3089.565 3399.020
3523.135 3435.086
3499.095 3494.266
3387.831 3165.779
3431.998 3492.901
3088.544 3047.544
3461.348 3484.346
3409.899 3336.425
3134.046 3146.280
3093.434 3382.938
3341.321 3145.065
3304.190 3110.141
3463.223 3418.957
3265.153 3475.837
3181.065 3472.342
3102.748 3345.740
3579.948 3372.591
3291.991 3181.450
3397.659 3079.588
3567.642 3197.123
3109.551 3334.378
3297.913 3486.424
3388.036 3496.473
3422.999 3238.219
3475.453 3188.898
3114.661 3086.248
3550.945 3396.391
3477.303 3138.955
3166.997 3532.321
3385.413 3522.021
3562.941 3281.507
3223.699 3042.147
3554.888 3251.462
3171.511 3221.596
3284.146 3518.760
3263.224 3483.647
3330.591 3286.153
3559.564 3093.006
3099.806 3419.167
3282.854 3092.511
3208.334 3306.330
3233.336 3235.476
3528.393 3062.073
3287.540 3046.504
3288.380 3384.411
3452.924 3434.582
3108.191 3437.858
3170.983 3104.043
3365.800 3451.983
3328.615 3358.391
3485.377 3202.289
3566.496 3060.228
3238.217 3128.438
3520.060 3235.559
3210.112 3501.801
3450.982 3359.537
3558.803 3216.932
3197.197 3426.449
3448.671 3345.876
3265.414 3043.783
3384.278 3233.915
3441.918 3397.679
3422.223 3203.407
3386.128 3222.230
3489.779 3145.119
3438.279 3515.108
3117.937 3281.094
3389.501 3087.337
3571.509 3370.022
3126.509 3270.137
3457.402 3111.571
3445.615 3258.131
3113.164 3305.329
3569.088 3135.513
3293.512 3402.911
3224.375 3203.996
3347.985 3119.161
3234.919 3526.101
3455.034 3343.649
3308.839 3102.067
3130.237 3315.290
3130.028 3304.998
3197.078 3243.540
3182.741 3444.384
3265.029 3292.217
3351.056 3283.887
3171.766 3326.674
3300.906 3431.920
3548.445 3467.930
3517.710 3312.895
3318.947 3105.061
3126.858 3417.381
3444.488 3473.580
3301.619 3060.765
3414.464 3479.394
3375.674 3367.491
3107.525 3491.194
3150.405 3123.253
3383.149 3454.272
3193.474 3381.509
3417.499 3533.178
3407.577 3525.525
3579.093 3121.951
3435.327 3446.447
3375.020 3521.680
3091.754 3231.041
3255.731 3269.112
3507.473 3125.807
3325.169 3100.109
3342.686 3263.182
3281.852 3516.765
3102.356 3328.737
3269.914 3064.788
3192.740 3178.205
3465.176 3210.592
3279.027 3472.354
3424.028 3080.407
3282.906 3371.813
3377.806 3445.616
3448.270 3238.865
3176.369 3043.717
3410.140 3099.599
3321.598 3070.000
3314.277 3095.807
3109.466 3336.803
3117.705 3090.124
3281.637 3239.536
3177.568 3357.852
3473.077 3341.022
3572.887 3368.323
3470.592 3127.089
3337.978 3415.412
3101.947 3290.795
3482.274 3129.059
3575.943 3149.617
3466.411 3476.788
3513.386 3163.032
3498.118 3424.250
3387.307 3510.578
3407.577 3239.886
3284.198 3239.620
3340.791 3258.382
3189.923 3437.354
3572.177 3438.171
3514.850 3143.247
3180.244 3125.234
3397.582 3195.487
3248.576 3078.979
3171.987 3209.735
3172.255 3512.917
3467.282 3461.508
3299.912 3510.736
3222.756 3241.611
3326.400 3067.597
3302.257 3106.863
3483.668 3115.695
3216.284 3466.235
3106.574 3261.954
3122.997 3198.439
3484.840 3056.494
3152.789 3139.192
3137.825 3370.433
3292.535 3109.908
3429.641 3259.579
3205.255 3312.393
3121.257 3493.118
3334.235 3042.884
3319.936 3196.727
3118.275 3452.715
3316.415 3367.881
3254.686 3204.871
3468.077 3354.162
3553.454 3494.053
3364.453 3407.642
3416.669 3498.877
3334.476 3367.574
3314.309 3116.650
3509.862 3203.838
3541.650 3146.849
3268.290 3283.938
3443.545 3126.689
3399.312 3474.047
3304.220 3327.217
3155.431 3049.923
3541.154 3479.368
3192.770 3320.254
3310.284 3156.958
3158.666 3334.531
3237.118 3413.431
3483.916 3333.635
3330.378 3301.233
3307.180 3459.791
3100.905 3124.458
3412.283 3464.902
3350.191 3524.114
3447.289 3361.792
3269.412 3453.042
3388.343 3090.718
3334.917 3374.207
3341.017 3276.383
3509.662 3186.013
3540.714 3346.866
3169.923 3453.507
3485.452 3259.634
3484.535 3325.235
3150.528 3275.280
3326.873 3425.903
3440.616 3446.969
3550.640 3242.060
3333.670 3528.743
3216.924 3443.704
3580.895 3213.915
3083.376 3141.681
3471.067 3121.537
3420.252 3141.969
3244.165 3371.119
3295.103 3171.515
3302.273 3052.211
3179.913 3167.495
3206.636 3269.541
3344.662 3400.524
3403.715 3135.084
3578.380 3413.526
3421.366 3404.213
3447.493 3405.852
3232.857 3249.283
3545.924 3344.914
3210.158 3332.255
3289.744 3461.626
3117.857 3303.553
3272.350 3337.945
3519.059 3129.363
3212.522 3119.660
3487.290 3289.336
3324.691 3217.181
3565.556 3248.441
3131.969 3402.914
3276.654 3236.845
3573.722 3501.462
3518.751 3305.394
3320.937 3517.928
3108.539 3083.335
3120.099 3116.116
3170.483 3368.390
3354.685 3062.517
3238.932 3399.791
3507.770 3121.147
3328.704 3111.006
3185.435 3073.122
3369.977 3224.097
3318.198 3475.286
3473.856 3528.746
3158.510 3092.819
3213.868 3288.006
3174.777 3264.281
3514.130 3279.704
3429.866 3244.316
3277.304 3405.097
3496.858 3425.975
3123.216 3522.035
3127.322 3504.669
3113.952 3471.248
3497.887 3473.683
3520.468 3090.327
3530.420 3059.305
3519.628 3386.920
3242.846 3380.220
3571.918 3519.477
3181.556 3525.587
3261.995 3260.355
3481.607 3250.460
3305.964 3156.330
3547.612 3429.280
3144.184 3388.771
3459.361 3141.971
3552.378 3477.859
3564.726 3126.164
3170.864 3501.126
3105.246 3126.896
3169.421 3299.095
3561.371 3167.478
3158.342 3436.624
3577.632 3252.087
3234.877 3191.900
3493.091 3363.974
3092.998 3171.384
3558.392 3122.667
3505.068 3058.870
3489.009 3329.167
3433.757 3436.210
3466.515 3155.611
3280.054 3383.382
3303.251 3042.693
3345.183 3095.359
3431.793 3433.291
3161.729 3199.384
3199.537 3310.740
3400.591 3109.425
3408.051 3258.473
3107.674 3267.150
3209.062 3518.857
3532.221 3057.863
3478.243 3378.581
3438.379 3162.221
3092.844 3385.530
3310.012 3090.578
3414.899 3533.545
3315.004 3264.097
3158.288 3506.792
3523.934 3446.371
3558.132 3324.047
3402.222 3269.572
3337.870 3303.697
3278.491 3391.941
3332.001 3195.569
3335.749 3157.762
3141.466 3118.214
3539.810 3290.296
3112.527 3161.467
3297.155 3304.684
3268.847 3370.327
3401.033 3520.720
3256.584 3398.946
3412.933 3460.185
3210.772 3350.837
3137.696 3481.765
3218.644 3285.586
3138.085 3134.693
3400.482 3287.416
3487.531 3358.267
3155.240 3070.735
3196.225 3213.625
3486.295 3066.645
3288.303 3169.633
3445.792 3407.715
3220.059 3297.935
3241.517 3221.122
3145.299 3340.469
3396.392 3228.022
3178.814 3523.002
3103.077 3435.063
3428.770 3413.483
3538.676 3533.634
3157.804 3240.660
3286.435 3078.551
3167.044 3221.502
3214.542 3338.494
3165.278 3525.746
3438.676 3066.369
3098.157 3309.029
3372.556 3124.969
3341.403 3223.113
3354.770 3298.857
3096.352 3377.128
3385.263 3172.664
3488.314 3398.383
3567.953 3317.038
3204.798 3083.695
3459.752 3175.751
3407.832 3161.110
3322.697 3399.342
3085.424 3110.302
3262.889 3097.562
3503.799 3051.098
3142.568 3415.906
3368.814 3417.504
3276.862 3126.948
3137.432 3142.056
3195.605 3206.498
3443.408 3133.018
3580.914 3490.825
3352.929 3512.050
3203.477 3268.752
3382.770 3063.635
3486.256 3066.610
3154.639 3153.626
3472.834 3401.760
3444.304 3448.367
3420.448 3509.199
3453.115 3400.397
3345.592 3081.984
3380.567 3453.939
3247.391 3108.176
3390.763 3342.007
3411.460 3423.138
3493.763 3317.498
3101.125 3264.832
3214.458 3390.240
3172.767 3489.882
3494.376 3113.298
3368.166 3323.587
3518.510 3521.430
3425.445 3202.317
3150.620 3118.336
3114.291 3187.169
3464.504 3165.506
3089.528 3154.429
3496.245 3126.455
3271.671 3394.990
3263.272 3145.530
3276.248 3422.013
3283.245 3196.636
3567.401 3270.739
3154.056 3387.681
3455.273 3310.871
3132.369 3456.444
3244.356 3381.197
3302.709 3090.326
3415.871 3176.660
3281.569 3062.106
3167.921 3149.417
3446.524 3422.257
3299.150 3148.719
3523.619 3112.032
3201.768 3276.811
3148.720 3511.540
3364.681 3050.198
3335.744 3300.825
3539.734 3309.857
3087.711 3511.932
3541.748 3141.178
3368.387 3245.187
3567.930 3202.659
3150.187 3163.338
3572.984 3435.907
3312.826 3499.050
3515.693 3447.119
3334.402 3069.754
3452.325 3403.834
3109.098 3159.197
3134.812 3448.050
3248.439 3109.384
3474.040 3092.216
3528.353 3232.553
3126.882 3068.410
3095.906 3350.079
3344.867 3476.538
3133.514 3532.953
3108.089 3320.813
3192.337 3150.346
3523.319 3058.959
3455.970 3322.349
3436.099 3460.008
3423.788 3066.194
3188.114 3281.417
3314.723 3422.142
3124.704 3439.184
3506.089 3175.314
3320.343 3420.195
3431.528 3415.941
3126.533 3436.379
3571.032 3475.629
3122.223 3198.519
3389.927 3411.842
3192.202 3478.244
3211.613 3245.912
3325.739 3301.514
3249.595 3309.309
3564.179 3349.158
3205.831 3214.828
3555.189 3429.024
3192.870 3104.795
3235.153 3268.467
3385.506 3254.566
3239.691 3338.392
3151.814 3468.185
3244.847 3466.551
3142.761 3351.813
3106.470 3507.346
3527.501 3235.369
3278.127 3076.345
3476.592 3516.146
3273.063 3084.115
3278.556 3447.771
3319.924 3272.996
3256.955 3285.748
3308.734 3386.005
3205.578 3473.581
3253.402 3269.489
3167.558 3054.340
3341.367 3451.976
3230.565 3350.058
3105.136 3367.325
3280.882 3357.470
3371.562 3065.893
3195.068 3509.819
3168.619 3356.098
3379.594 3400.569
3287.645 3085.124
3121.223 3244.644
3157.649 3147.561
3234.150 3259.579
3168.688 3322.585
3092.931 3181.942
3454.886 3509.980
3386.492 3479.760
3415.432 3532.725
3287.176 3213.364
3089.626 3509.223
3120.444 3474.347
3344.950 3340.767
3549.425 3434.080
3464.667 3142.593
3118.870 3069.563
3089.749 3469.835
3314.701 3517.862
3099.420 3100.179
3241.236 3088.463
3124.662 3497.069
3497.688 3096.298
3514.982 3393.561
3521.006 3223.900
3542.978 3237.914
3190.414 3264.489
3243.686 3369.811
3098.252 3061.897
3437.699 3171.521
3552.548 3163.719
3527.816 3401.686
3464.387 3333.094
3239.015 3165.183
3383.986 3328.547
3419.155 3083.096
3135.218 3069.800
3427.769 3498.475
3084.111 3179.043
3531.752 3262.098
3322.519 3319.281
3271.555 3360.624
3559.504 3054.867
3561.394 3518.085
3269.421 3113.056
3379.360 3138.951
3162.053 3166.202
3452.406 3077.353
3092.226 3506.134
3132.367 3074.261
3254.583 3198.413
3227.886 3498.601
3386.491 3043.733
3446.353 3387.703
3576.892 3087.581
3438.075 3298.035
3470.798 3483.477
3262.502 3236.581
3480.080 3145.806
3520.128 3184.161
3436.800 3312.431
3309.268 3484.019
3221.340 3525.924
3281.812 3413.216
3250.293 3359.936
3432.309 3082.253
3182.994 3141.759
3503.350 3188.443
3176.791 3370.343
3204.739 3469.032
3532.044 3456.873
3518.269 3356.388
3095.863 3043.665
3235.614 3321.732
3574.219 3056.420
3254.906 3359.848
3409.532 3226.973
3476.343 3147.277
3189.089 3524.404
3207.946 3154.424
3418.080 3293.912
3246.222 3313.840
3569.827 3444.097
3261.457 3321.771
3251.524 3347.738
3137.391 3409.693
3165.077 3082.838
3566.639 3065.367
3223.224 3327.876
3385.397 3528.430
3234.348 3098.491
3290.548 3164.031
3196.693 3188.230
3444.248 3527.287
3174.852 3504.861
3145.085 3205.103
3176.020 3151.996
3407.328 3051.584
3527.760 3326.881
3327.470 3337.511
3185.749 3350.182
3575.477 3365.552
3520.274 3506.466
3132.867 3467.079
3495.068 3080.053
3355.043 3247.567
3318.923 3461.431
3094.003 3142.167
3407.363 3262.090
3233.088 3244.281
3249.356 3273.556
3092.238 3449.137
3331.857 3343.000
3112.432 3070.124
3134.943 3521.186
3100.955 3399.252
3339.076 3053.536
3183.653 3419.874
3519.380 3171.322
3344.355 3286.214
3140.952 3461.323
3097.605 3269.329
3516.153 3227.206
3419.370 3127.919
3349.221 3501.718
3246.358 3072.825
3102.853 3111.028
3500.551 3402.777
3165.281 3321.727
3194.826 3075.955
3291.699 3285.389
3311.927 3048.238
3183.716 3214.186
3504.731 3264.307
3545.329 3101.144
3285.409 3232.459
3116.998 3290.740
3205.656 3201.095
3229.553 3200.531
3328.382 3319.253
3163.314 3127.564
3207.521 3343.006
3517.094 3136.476
3514.480 3513.605
3104.916 3227.154
3574.161 3430.497
3311.786 3041.271
3403.244 3479.128
3322.412 3203.255
3237.766 3385.075
3252.932 3248.709
3184.617 3296.086
3119.514 3099.111
3217.579 3315.568
3259.899 3334.422
3306.353 3418.805
3193.996 3321.997
3528.262 3093.658
3368.590 3386.486
3175.392 3067.144
3488.533 3134.775
3340.509 3403.460
3325.880 3276.165
3536.614 3457.195
3111.206 3484.298
3372.626 3229.365
3313.714 3107.867
3397.825 3395.233
3188.930 3167.946
3482.339 3101.313
3262.900 3453.197
3250.664 3475.880
3574.115 3179.909
3115.999 3277.569
3193.799 3487.126
3376.636 3070.172
3450.947 3387.478
3537.336 3366.519
3362.270 3042.336
3256.426 3100.522
3379.318 3454.235
3324.974 3208.282
3524.223 3095.936
3336.721 3313.934
3466.634 3307.667
3469.459 3051.937
3325.714 3330.697
3357.650 3422.782
3382.680 3102.111
3204.310 3327.672
3512.245 3180.761
3574.026 3215.177
3475.179 3369.821
3526.990 3328.546
3087.930 3102.384
3098.823 3479.455
3214.259 3380.273
3434.549 3139.369
3253.964 3203.524
3152.566 3232.196
3233.953 3213.617
3361.840 3498.534
3459.893 3180.085
3544.965 3201.533
3533.822 3237.318
3427.692 3186.561
3493.529 3373.473
3142.803 3315.713
3136.057 3238.520
3522.825 3105.044
3184.201 3424.576
3177.680 3454.495
3329.034 3239.004
3510.634 3409.061
3305.541 3349.001
3521.788 3440.664
3316.358 3525.406
3273.297 3385.670
3577.173 3193.455
3571.188 3038.517
3417.166 3254.524
3251.071 3131.831
3515.799 3292.040
3168.782 3395.009
3268.284 3157.760
3345.107 3371.572
3208.792 3501.984
3201.612 3075.340
3337.406 3196.715
3438.595 3104.995
3289.100 3412.186
3556.660 3142.513
3524.887 3216.966
3296.241 3518.138
3407.341 3251.224
3094.642 3417.327
3373.921 3254.688
3358.525 3038.703
3213.184 3258.649
3487.787 3082.290
3304.967 3447.184
3245.553 3396.263
3305.782 3142.334
3113.910 3476.795
3336.336 3211.312
3349.095 3487.904
3344.456 3087.826
3255.562 3248.983
3476.172 3069.543
3254.244 3340.164
3523.894 3444.118
3358.506 3299.343
3301.327 3365.637
3257.319 3338.470
3315.953 3356.173
3303.772 3081.737
3141.735 3518.551
3173.102 3229.951
3247.758 3046.279
3460.760 3183.533
3536.497 3083.480
3522.219 3523.050
3447.241 3216.723
3340.003 3489.694
3529.881 3185.508
3130.450 3421.680
3489.379 3163.616
3181.273 3206.698
3134.764 3082.283
3529.712 3418.224
3551.025 3130.410
3116.354 3293.462
3488.030 3472.186
3388.964 3303.723
3091.925 3531.325
3281.608 3041.692
3417.898 3176.603
3536.617 3178.920
3246.663 3226.704
3203.417 3358.883
3233.520 3089.460
3122.052 3056.329
3382.715 3241.184
3564.168 3136.423
3572.836 3475.538
3445.796 3208.206
3557.280 3174.145
3573.968 3406.184
3543.495 3151.834
3280.342 3506.579
3321.592 3328.656
3491.875 3215.825
3253.221 3503.814
3293.915 3436.567
3532.745 3120.913
3134.506 3240.738
3099.991 3101.350
3224.449 3322.042
3421.242 3308.486
3555.504 3429.450
3305.676 3123.732
3355.781 3239.539
3374.935 3116.931
3547.385 3386.233
3357.069 3342.891
3343.389 3036.353
3141.014 3281.680
3508.546 3170.697
3396.704 3150.196
3156.362 3150.927
3172.893 3161.643
3177.819 3440.972
3529.408 3057.237
3364.731 3379.122
3461.850 3207.765
3568.033 3081.979
3149.714 3175.112
3264.785 3214.166
3400.807 3081.503
3197.652 3146.838
3228.584 3067.340
3448.324 3388.507
3313.116 3515.952
3401.289 3131.800
3224.461 3170.558
3114.813 3171.801
3133.384 3232.240
3422.195 3170.876
3500.190 3316.566
3148.685 3162.702
3147.669 3378.758
3500.057 3332.420
3160.235 3338.742
3466.457 3284.802
3264.733 3495.001
3371.205 3293.162
3390.067 3357.705
3551.597 3410.505
3087.331 3502.309
3307.253 3380.667
3089.457 3313.005
3475.568 3166.868
3309.155 3241.935
3471.946 3325.200
3165.410 3041.582
3253.226 3050.980
3525.578 3227.573
3256.666 3449.459
3214.982 3316.846
3410.564 3467.622
3101.400 3157.601
3115.364 3446.255
3444.746 3068.587
3539.357 3337.731
3566.488 3064.687
3465.185 3036.424
3262.564 3196.479
3355.472 3157.654
3255.415 3224.310
3188.033 3427.847
3132.463 3208.757
3577.651 3111.588
3248.124 3453.930
3111.356 3081.444
3334.856 3303.896
3282.695 3472.016
3366.977 3081.926
3083.576 3518.672
3287.278 3317.536
3323.574 3079.725
3438.501 3496.764
3573.720 3442.211
3248.981 3369.502
3492.835 3073.076
3470.647 3076.680
3211.251 3174.232
3266.001 3153.170
3469.965 3490.312
3355.681 3094.774
3252.172 3168.308
3223.563 3223.757
3246.822 3244.294
3113.163 3469.333
3177.456 3103.931
3491.312 3415.954
3106.850 3531.277
3232.657 3193.865
3466.574 3224.936
3084.498 3276.135
3561.004 3146.245
3124.167 3280.499
3186.525 3082.211
3324.947 3362.647
3400.856 3482.883
3344.119 3336.861
3486.518 3180.122
3413.375 3529.352
3516.172 3444.015
3303.231 3091.033
3263.968 3286.782
3332.040 3162.876
3463.317 3111.739
3411.882 3475.764
3550.073 3063.270
3182.794 3043.498
3175.282 3157.795
3413.621 3180.481
3344.019 3288.081
3259.978 3236.235
3448.435 3311.075
3171.359 3050.547
3449.847 3132.708
3405.110 3188.556
3128.026 3169.891
3449.733 3146.409
3215.743 3437.089
3327.550 3371.713
3160.453 3131.679
3438.645 3437.793
3519.179 3247.969
3556.085 3232.603
3568.725 3146.531
3129.306 3526.262
3373.975 3461.849
3495.581 3429.322
3266.324 3367.397
3534.670 3427.564
3352.918 3355.543
3340.634 3523.922
3213.254 3390.816
3144.678 3248.842
3218.177 3342.560
3156.164 3193.697
3388.609 3089.221
3489.658 3165.072
3102.169 3159.445
3150.473 3289.647
3449.790 3180.262
3363.812 3345.111
3377.204 3362.006
3196.131 3407.902
3514.830 3043.988
3121.734 3104.359
3395.945 3293.540
3210.877 3123.210
3232.236 3099.084
3212.870 3263.569
3116.847 3497.331
3225.188 3263.519
3488.169 3445.003
3214.989 3532.577
3189.104 3236.562
3319.007 3325.224
3522.766 3145.177
3309.024 3427.146
3313.937 3087.719
3559.049 3485.735
3352.386 3118.432
3549.746 3321.658
3492.497 3421.435
3347.767 3221.672
3330.927 3320.231
3562.601 3257.044
3315.433 3349.712
3349.223 3192.747
3122.639 3358.909
3166.060 3155.947
3397.925 3059.147
3405.350 3106.137
3486.179 3133.670
3478.431 3045.238
3325.792 3071.567
3452.369 3301.873
3527.932 3488.833
3320.081 3409.994
3342.145 3473.201
3493.231 3452.575
3235.461 3481.662
3306.852 3297.535
3441.034 3277.699
3133.094 3516.509
3442.899 3460.802
3346.430 3409.461
3384.975 3168.069
3209.811 3344.273
3113.461 3235.587
3200.311 3296.815
3518.047 3070.832
3312.088 3488.799
3571.466 3304.570
3401.728 3528.390
3285.620 3318.429
3346.706 3506.471
3141.955 3328.286
3304.623 3346.450
3104.455 3356.545
3242.609 3406.068
3265.710 3456.012
3092.007 3164.940
3216.352 3189.964
3434.123 3117.303
3429.680 3332.546
3366.824 3262.052
3416.068 3454.780
3185.269 3469.066
3354.616 3297.974
3175.701 3142.604
3254.939 3306.262
3348.466 3244.121
3302.694 3285.215
3136.542 3206.895
3346.787 3044.541
3561.733 3382.005
3572.917 3400.970
3325.208 3480.480
3406.389 3507.464
3286.424 3044.973
3129.196 3429.253
3323.170 3267.394
3328.676 3467.113
3235.674 3067.433
3511.896 3390.408
3437.228 3361.956
3098.451 3123.567
3399.510 3525.080
3508.793 3517.113
3455.612 3147.929
3420.898 3228.920
3143.605 3382.096
3356.016 3445.240
3156.394 3250.835
3125.989 3178.728
3561.755 3087.432
3326.529 3399.531
3181.718 3151.442
3093.253 3206.942
3422.018 3314.329
3537.102 3090.422
3512.760 3286.905
3276.494 3435.401
3180.973 3048.530
3489.064 3533.156
3149.086 3209.478
3318.585 3072.457
3550.752 3416.444
3090.978 3374.642
3522.340 3409.910
3447.114 3287.830
3525.899 3050.910
3357.617 3097.947
3245.418 3058.753
3513.265 3316.261
3566.393 3386.297
3142.479 3159.706
3280.059 3499.096
3517.971 3524.937
3556.356 3506.689
3101.720 3424.508
3464.489 3092.992
3197.889 3170.826
3368.500 3502.287
3492.449 3286.607
3408.769 3056.980
3277.607 3125.889
3329.234 3493.983
3483.627 3430.632
3449.073 3428.742
3369.775 3358.525
3282.232 3479.918
3460.309 3196.567
3465.810 3526.149
3154.376 3137.994
3199.914 3147.223
3409.309 3163.464
3223.844 3445.824
3442.355 3341.568
3332.165 3043.402
3219.210 3223.493
3114.528 3090.221
3217.300 3112.609
3568.948 3349.861
3088.963 3341.926
3398.452 3289.731
3181.070 3505.973
3185.588 3424.030
3505.023 3195.114
3385.387 3135.554
3122.898 3313.219
3097.716 3151.471
3222.134 3484.595
3373.389 3504.870
3168.671 3403.585
3474.615 3352.189
3516.926 3073.664
3416.483 3509.749
3464.263 3380.709
3522.868 3442.180
3417.979 3440.760
3432.924 3423.549
3437.985 3443.862
3430.930 3205.320
3399.950 3409.041
3378.754 3394.137
3125.741 3196.880
3416.548 3269.050
3543.721 3115.045
3267.619 3330.701
3492.707 3351.699
3459.482 3365.790
3489.661 3472.244
3116.818 3531.447
3129.043 3161.085
3293.156 3435.848
3282.366 3511.688
3368.309 3067.467
3302.395 3430.457
3392.330 3131.280
3453.445 3533.628
3439.134 3173.946
3572.516 3295.340
3085.944 3520.351
3316.230 3039.319
3343.120 3262.163
3188.893 3048.166
3567.975 3121.799
3150.499 3386.998
3313.951 3084.752
3395.537 3251.270
3086.039 3247.688
3295.562 3109.596
3245.732 3193.464
3231.487 3189.972
3500.203 3078.306
3102.478 3522.574
3229.345 3474.589
3302.622 3166.830
3426.999 3494.172
3115.594 3378.502
3552.004 3512.871
3110.551 3366.207
3529.247 3318.652
3435.022 3269.862
3579.497 3283.860
3220.590 3133.145
3339.137 3404.017
3274.569 3233.164
3113.656 3359.520
3359.496 3277.724
3397.227 3089.549
3404.823 3080.271
3304.519 3154.226
3434.677 3390.224
3550.784 3214.071
3571.630 3328.061
3237.825 3518.518
3462.619 3098.077
3211.042 3289.860
3262.406 3372.482
3416.810 3057.791
3343.141 3399.296
3101.216 3501.417
3468.896 3167.538
3394.327 3095.487
3466.632 3427.797
3200.860 3082.868
3380.964 3083.107
3223.214 3402.998
3208.739 3255.602
3468.782 3137.756
3277.605 3470.009
3459.964 3063.161
3548.933 3291.252
3317.031 3128.605
3226.040 3321.704
3118.138 3248.898
3479.975 3316.639
3358.464 3464.816
3389.093 3092.864
3122.857 3281.508
3273.584 3307.075
3168.702 3165.895
3367.561 3197.810
3117.337 3446.117
3574.838 3514.358
3245.618 3304.893
3174.915 3422.547
3104.524 3240.542
3273.020 3150.872
3381.193 3152.956
3221.112 3296.124
3327.259 3075.055
3427.432 3266.162
3273.617 3406.300
3555.519 3185.642
3298.717 3427.890
3154.387 3047.377
3242.901 3287.641
3490.987 3380.390
3433.997 3180.089
3570.326 3388.372
3185.678 3152.052
3389.593 3106.415
3382.549 3142.487
3344.040 3202.158
3431.204 3344.109
3149.541 3410.906
3558.733 3172.764
3519.850 3429.875
3255.734 3417.519
3503.062 3334.477
3397.788 3289.580
3470.096 3105.554
3559.551 3422.872
3216.800 3295.344
3118.053 3106.465
3372.933 3165.735
3118.909 3419.952
3479.865 3220.365
3174.836 3486.278
3292.229 3286.573
3443.168 3290.333
3579.876 3037.088
3469.500 3450.155
3428.994 3479.200
3348.659 3396.636
3546.739 3492.691
3566.892 3240.360
3446.765 3096.027
3416.458 3129.730
3127.793 3307.469
3314.625 3354.839
3440.019 3293.881
3230.741 3535.476
3216.331 3501.849
3278.921 3211.076
3395.996 3264.484
3361.723 3399.022
3521.399 3157.471
3291.914 3055.117
3274.243 3052.840
3413.167 3177.759
3457.285 3223.361
3551.970 3067.801
3105.606 3512.991
3512.161 3356.409
3290.808 3224.936
3404.540 3433.528
3472.602 3131.729
3285.899 3136.718
3549.872 3373.278
3206.112 3345.335
3451.939 3114.692
3378.101 3518.238
3275.167 3378.325
3489.539 3456.718
3397.661 3183.025
3324.395 3317.014
3304.568 3532.854
3570.285 3222.411
3140.865 3081.090
3307.990 3417.381
3466.975 3406.648
3522.252 3402.033
3507.505 3321.644
3174.238 3424.400
3509.561 3073.727
3322.538 3218.652
3207.691 3341.929
3562.500 3208.717
3346.187 3524.897
3231.460 3456.375
3467.279 3296.975
3194.890 3169.399
3129.954 3463.180
3506.949 3158.568
3470.123 3087.237
3564.677 3389.887
3342.893 3198.157
3295.075 3042.113
3562.125 3092.448
3348.019 3055.687
3226.119 3264.984
3211.784 3283.012
3165.686 3319.253
3200.947 3430.817
3538.928 3225.035
3223.049 3301.191
3574.894 3235.996
3495.197 3255.308
3347.313 3329.770
3433.044 3282.857
3369.992 3111.669
3462.164 3228.247
3122.500 3459.118
3421.298 3058.673
3460.136 3240.458
3177.245 3186.955
3468.969 3141.137
3387.932 3281.108
3231.068 3103.135
3540.410 3375.173
3252.829 3434.019
3518.097 3506.636
3186.014 3249.861
3094.346 3088.648
3269.601 3466.347
3099.487 3306.888
3565.574 3173.715
3304.249 3364.767
3209.343 3385.312
3545.822 3406.534
3176.442 3154.391
3578.797 3398.486
3334.632 3319.826
3580.042 3324.184
3096.518 3170.899
3338.206 3120.731
3471.124 3056.326
3243.177 3089.020
3258.281 3069.257
3580.030 3243.655
3278.621 3147.411
3311.687 3118.043
3378.254 3297.994
3407.472 3239.144
3213.687 3058.005
3395.814 3447.809
3233.720 3083.842
3545.587 3252.219
3544.593 3338.712
3432.573 3168.277
3095.666 3304.726
3404.115 3496.486
3252.383 3242.729
3582.535 3078.053
3400.735 3534.291
3207.070 3318.236
3394.750 3105.364
3404.708 3088.917
3102.742 3165.439
3299.733 3347.477
3087.062 3436.362
3159.411 3171.532
3359.045 3476.000
3373.483 3441.571
3098.530 3147.658
3562.645 3159.252
3183.425 3089.357
3450.079 3093.774
3473.080 3243.654
3338.798 3370.105
3109.410 3246.832
3447.081 3234.575
3360.587 3129.986
3540.924 3452.281
3326.550 3535.458
3550.039 3498.574
3204.276 3490.598
3336.232 3443.394
3240.143 3506.436
3304.625 3064.985
3409.748 3178.994
3450.238 3091.560
3198.855 3204.094
3419.009 3304.086
3539.826 3367.542
3084.549 3253.649
3142.899 3203.766
3300.222 3409.726
3151.321 3447.442
3551.974 3260.017
3439.621 3230.869
3551.752 3089.083
3504.241 3484.407
3492.648 3157.049
3227.655 3095.442
3209.548 3050.614
3359.955 3259.717
3323.089 3340.716
3435.694 3341.176
3324.388 3521.167
3473.418 3221.968
3326.449 3527.097
3517.019 3261.036
3508.835 3446.896
3113.667 3257.892
3248.248 3214.043
3183.965 3051.671
3426.909 3146.212
3452.660 3388.311
3287.274 3386.324
3177.436 3038.906
3573.650 3435.176
3388.175 3161.986
3212.092 3475.475
3236.345 3470.795
3483.959 3434.402
3478.437 3332.227
3092.179 3107.709
3305.998 3086.017
3483.055 3112.313
3142.442 3233.098
3380.618 3436.334
3114.000 3202.646
3206.883 3202.359
3235.980 3467.358
3465.304 3141.232
3095.418 3073.271
3429.450 3266.382
3115.090 3420.190
3555.722 3156.440
3095.559 3195.312
3119.551 3511.667
3239.940 3215.129
3164.198 3136.253
3381.635 3038.396
3176.211 3093.587
3188.244 3351.363
3417.749 3353.234
3188.628 3332.366
3315.632 3300.227
3544.752 3425.683
3091.118 3300.852
3507.344 3471.511
3303.959 3501.901
3325.692 3323.112
3318.066 3375.275
3137.923 3323.984
3286.909 3036.343
3361.272 3190.547
3083.933 3091.115
3477.506 3173.500
3353.735 3050.919
3462.431 3223.706
3278.648 3386.252
3498.913 3524.559
3146.416 3246.570
3175.089 3294.533
3408.728 3353.291
3550.129 3201.240
3252.118 3482.850
3223.937 3319.133
3338.332 3107.624
3158.029 3237.344
3083.614 3373.901
3578.659 3344.951
3500.351 3119.381
3139.488 3278.439
3125.174 3234.030
3122.022 3130.016
3179.015 3269.127
3106.810 3429.438
3526.397 3110.996
3442.571 3224.352
3559.387 3081.747
3262.684 3243.207
3351.429 3408.516
3132.318 3074.312
3319.680 3106.848
3181.575 3041.688
3338.320 3519.061
3237.452 3110.830
3228.266 3357.675
3491.813 3364.949
3377.762 3232.836
3111.472 3102.351
3167.794 3228.703
3475.507 3456.377
3267.428 3449.908
3149.934 3054.431
3439.010 3355.810
3212.581 3061.042
3285.528 3514.548
3574.094 3464.396
3542.614 3302.073
3321.559 3457.626
3303.317 3393.644
3134.491 3114.653
3119.829 3372.944
3220.203 3352.031
3157.542 3056.702
3205.577 3345.865
3161.630 3232.496
3548.499 3221.154
3199.110 3113.977
3514.247 3327.102
3364.449 3072.966
3107.766 3375.844
3552.077 3290.177
3265.031 3444.072
3559.286 3167.905
3493.991 3073.852
3513.803 3385.966
3537.593 3371.496
3199.297 3394.650
3169.346 3216.367
3536.624 3370.377
3497.999 3054.833
3209.381 3224.329
3149.003 3365.810
3210.894 3173.843
3098.211 3526.877
3572.440 3333.612
3275.061 3174.380
3532.590 3187.336
3315.192 3319.430
3417.354 3527.420
3152.352 3079.323
3184.608 3508.401
3501.915 3291.330
3558.679 3146.352
3342.769 3454.726
3278.245 3276.674
3456.104 3133.739
3386.371 3523.400
3455.642 3288.960
3478.942 3216.481
3146.856 3309.347
3572.029 3499.169
3474.319 3531.880
3183.074 3298.736
3358.562 3127.566
3276.749 3321.358
3308.253 3271.176
3367.980 3409.622
3296.757 3418.803
3104.808 3258.669
3579.352 3377.160
3234.977 3499.557
3509.596 3196.682
3497.330 3370.035
3143.735 3411.940
3369.462 3373.170
3531.848 3473.857
3309.232 3531.969
3445.400 3303.182
3482.260 3525.585
3092.134 3366.501
3126.081 3353.650
3554.969 3372.241
3542.684 3348.441
3160.683 3138.768
3269.728 3376.493
3262.315 3352.732
3324.990 3141.831
3127.073 3356.157
3575.171 3375.361
3248.314 3303.419
3505.956 3470.601
3541.071 3246.157
3251.337 3351.471
3575.911 3250.186
3415.875 3194.113
3409.785 3214.706
3383.731 3270.698
3443.966 3148.110
3248.114 3042.650
3483.223 3316.503
3532.241 3145.246
3557.305 3271.708
3258.368 3317.313
3544.908 3342.323
3317.112 3043.251
3477.917 3376.928
3318.253 3255.394
3185.891 3387.140
3193.129 3146.070
3359.700 3122.744
3256.820 3227.976
3582.828 3426.343
3261.404 3352.480
3187.146 3321.243
3142.412 3293.982
3218.176 3314.590
3320.479 3483.541
3399.387 3069.121
3299.062 3441.466
3492.494 3520.115
3567.821 3520.395
3191.119 3079.992
3404.099 3182.106
3388.513 3373.724
3178.181 3146.477
3092.532 3098.163
3229.258 3170.099
3561.039 3298.071
3495.091 3491.360
3375.729 3299.786
3395.606 3403.539
3532.711 3115.250
3468.155 3093.530
3262.421 3214.422
3142.234 3075.098
3491.848 3529.959
3192.828 3210.005
3172.840 3432.553
3509.790 3336.428
3177.482 3151.955
3096.240 3286.013
3343.923 3278.546
3193.361 3327.580
3535.764 3048.182
3451.453 3057.937
3260.529 3314.174
3170.190 3498.087
3263.834 3183.163
3322.172 3402.726
3581.432 3423.177
3547.867 3535.646
3191.874 3430.953
3159.116 3106.035
3559.644 3320.585
3473.072 3429.013
3525.556 3249.738
3457.444 3459.911
3310.506 3289.977
3314.156 3510.170
3399.422 3072.315
3355.846 3055.380
3146.910 3214.771
3180.569 3073.938
3479.607 3112.407
3562.579 3138.825
3547.184 3052.354
3431.387 3254.491
3525.476 3494.038
3150.479 3098.248
3484.590 3189.325
3551.986 3111.830
3355.312 3487.098
3183.854 3074.296
3246.581 3522.392
3148.263 3154.398
3561.716 3359.073
3581.489 3389.308
3420.892 3227.977
3512.686 3520.151
3458.863 3434.403
3378.237 3379.899
3295.860 3153.847
3189.364 3218.097
3304.072 3501.992
3555.560 3038.554
3157.673 3350.012
3502.658 3187.761
3389.870 3376.900
3571.054 3063.629
3305.427 3519.568
3255.842 3272.372
3215.185 3375.941
3321.809 3076.574
3345.777 3329.120
3433.806 3290.720
3211.850 3183.723
3381.720 3135.470
3249.857 3056.511
3528.790 3136.198
3163.815 3132.940
3175.056 3422.268
3422.169 3387.997
3189.886 3429.442
3102.985 3370.271
3221.471 3351.847
3399.593 3400.355
3567.650 3239.581
3460.944 3249.801
3112.203 3384.748
3212.019 3174.537
3236.433 3391.760
3207.012 3405.971
3511.058 3359.814
3514.517 3333.573
3330.154 3312.044
3240.068 3258.512
3163.000 3464.674
3378.885 3284.512
3107.472 3307.827
3123.640 3119.485
3352.226 3129.764
3099.895 3211.498
3146.864 3437.983
3581.461 3302.673
3297.152 3332.603
3128.015 3195.905
3166.997 3050.235
3146.272 3218.959
3363.377 3284.966
3294.002 3253.895
3084.591 3515.241
3476.329 3400.826
3236.779 3233.584
3424.826 3277.382
3280.982 3102.599
3491.820 3120.574
3515.007 3246.518
3416.746 3046.359
3183.473 3400.929
3223.495 3155.025
3437.916 3323.095
3102.029 3160.850
3237.620 3385.835
3438.438 3463.734
3418.261 3133.981
3174.343 3525.889
3273.754 3408.766
3426.590 3199.189
3328.948 3408.607
3107.943 3178.577
3113.293 3121.435
3363.424 3305.817
3352.706 3353.535
3284.712 3169.827
3127.262 3273.494
3308.086 3471.763
3579.770 3398.157
3217.469 3209.715
3560.853 3465.142
3326.391 3445.588
3320.184 3081.729
3292.680 3436.360
3178.291 3363.948
3553.209 3042.100
3242.239 3323.181
3256.586 3305.608
3286.583 3045.741
3175.993 3241.815
3484.355 3285.611
3183.922 3121.643
3556.578 3228.556
3266.115 3400.552
3474.303 3367.899
3500.203 3520.775
3546.346 3364.096
3491.137 3123.579
3448.729 3094.948
3424.844 3351.093
3502.019 3182.109
3496.610 3500.343
3270.534 3168.686
3499.633 3294.391
3085.459 3531.773
3460.946 3234.044
3397.611 3479.667
3344.882 3426.700
3558.847 3526.474
3296.253 3190.821
3255.046 3326.819
3425.508 3245.645
3383.375 3422.111
3501.356 3262.937
3368.581 3241.461
3101.853 3449.140
3526.023 3507.270
3466.931 3257.180
3562.134 3445.396
3406.459 3453.697
3284.860 3179.831
3112.144 3147.988
3166.759 3363.734
3226.371 3285.572
3104.587 3419.783
3093.171 3340.376
3441.310 3356.986
3576.350 3276.181
3471.114 3385.846
3437.640 3436.013
3286.573 3192.704
3209.052 3391.518
3396.353 3185.370
3430.410 3374.323
3168.988 3291.736
3379.159 3118.106
3342.027 3232.354
3491.983 3336.569
3259.543 3097.006
3413.112 3421.100
3119.261 3179.144
3530.832 3434.758
3557.323 3295.537
3247.151 3451.871
3544.807 3319.134
3334.036 3505.065
3498.510 3138.229
3501.201 3411.623
3511.096 3304.090
3188.612 3370.785
3538.594 3209.980
3230.001 3350.464
3568.728 3525.857
3365.538 3444.747
3517.746 3259.675
3387.363 3227.496
3145.241 3269.274
3132.183 3290.172
3178.878 3480.309
3407.440 3107.141
3358.309 3165.773
3312.466 3218.927
3084.448 3074.019
3292.545 3286.081
3279.302 3475.494
3401.434 3450.333
3155.203 3477.464
3173.390 3311.278
3217.503 3118.970
3147.993 3527.077
3404.173 3311.395
3210.826 3283.431
3407.071 3410.348
3303.055 3354.078
3214.986 3459.068
3155.055 3179.160
3550.535 3515.499
3248.663 3275.525
3157.237 3536.044
3094.771 3370.764
3524.487 3197.579
3446.388 3490.208
3485.476 3092.443
3352.314 3383.477
3556.959 3514.034
3257.488 3372.668
3325.253 3164.566
3112.761 3392.016
3106.791 3372.902
3177.893 3075.499
3173.275 3410.813
3216.726 3528.616
3564.939 3468.357
3441.064 3180.684
3565.615 3253.914
3344.726 3516.145
3485.941 3200.724
3158.827 3070.934
3393.098 3414.624
3428.764 3357.199
3378.871 3456.012
3231.656 3307.573
3544.573 3103.508
3582.603 3457.906
3430.359 3335.561
3252.226 3346.829
3347.043 3091.688
3161.766 3437.255
3091.438 3399.552
3440.060 3507.058
3094.284 3193.456
3428.972 3151.966
3430.954 3169.843
3360.954 3236.762
3310.192 3323.164
3456.615 3214.588
3126.087 3079.289
3491.304 3322.555
3403.911 3277.917
3546.124 3232.140
3338.439 3410.453
3521.849 3404.286
3485.115 3255.245
3233.824 3291.234
3126.289 3403.935
3102.427 3219.810
3460.404 3297.663
3546.739 3362.394
3364.537 3259.492
3470.637 3166.562
3220.612 3402.726
3274.358 3461.250
3173.487 3406.197
3150.931 3374.996
3261.658 3164.224
3509.266 3275.385
3363.556 3244.554
3319.982 3108.345
3149.515 3521.401
1683.312 2096.075
1680.587 2044.432
1521.941 2049.040
1532.784 1954.990
1872.216 1917.647
1785.272 2094.041
1645.466 2236.045
1694.744 2269.202
1577.726 2000.725
1925.583 2188.556
1506.674 2182.764
1531.246 2007.162
1796.109 2091.501
1818.272 2177.113
1929.942 2166.657
1854.345 1902.031
1492.554 1876.470
1529.895 2009.887
1670.941 2261.905
1769.416 2257.351
1757.666 2285.215
1939.944 1916.865
1647.659 1879.173
1523.905 1828.807
1546.164 1938.827
1509.622 1942.084
1605.621 1967.473
1965.646 2119.127
1850.469 2166.149
1798.498 2088.948
1884.723 1965.490
1585.010 2153.475
1587.760 2179.249
1764.011 1972.205
1679.890 2008.958
1664.745 1867.906
1937.053 2183.481
1573.976 2264.150
1626.604 2217.181
1971.537 1807.270
1812.849 2155.745
1949.660 2263.176
1763.750 2237.876
1938.221 2282.107
1887.455 2165.850
1767.584 1870.723
1919.191 2075.050
1954.292 1966.328
1783.060 2218.203
1847.952 2034.302
1725.791 1856.570
1890.027 1994.241
1500.822 2021.147
1826.846 1920.586
1974.481 2180.291
1605.379 2005.542
1493.540 2185.476
1763.550 2218.165
1662.034 2149.597
1859.535 2268.122
1811.925 2196.061
1558.181 1870.639
1517.354 2062.461
1980.080 1871.423
1490.437 2162.944
1527.226 2211.461
1777.533 1933.711
1687.877 1899.613
1646.153 2073.416
1969.910 2274.056
1611.528 1847.853
1694.923 1897.514
1636.435 1870.863
1957.988 2213.835
1647.835 1950.313
1917.634 2266.149
1795.845 2263.367
1710.414 2190.879
1523.126 2292.546
1532.132 2089.196
1792.150 2034.064
1942.205 1810.220
1568.244 2163.295
1949.441 2141.536
1783.584 1841.503
1552.827 1942.275
1635.800 2022.993
1546.650 2294.445
1714.273 1956.903
1731.713 1946.933
1641.871 1807.574
1517.086 2204.486
1924.988 1929.076
1921.241 2184.907
1751.332 2236.998
1746.418 2264.329
1967.122 1946.753
1923.770 2203.625
1904.829 2257.725
1518.149 2252.627
1515.581 1976.010
1671.194 1922.977
1484.581 1801.440
1574.711 2234.947
1795.311 1993.606
1811.104 1991.340
1773.080 2193.858
1968.444 2010.775
1868.128 2202.957
1662.890 1863.783
1616.911 2218.536
1613.561 2210.843
1502.275 1955.713
1723.441 2003.641
1557.041 2128.780
1808.976 2025.067
1694.978 2041.440
1709.141 1870.327
1630.682 2107.916
1807.249 1868.748
1925.756 2051.153
1715.764 1867.195
1669.847 2063.303
1858.617 2013.530
1839.414 2023.365
1515.734 2207.006
1755.767 1881.788
1598.899 2244.266
1966.770 2048.568
1850.939 2030.149
1808.492 1799.615
1600.845 2034.005
1589.223 1818.594
1646.621 2040.031
1850.196 2284.532
1661.993 1905.170
1931.800 2026.852
1816.672 2189.898
1736.823 2211.285
1751.433 2251.631
1781.356 1811.154
1749.844 1837.436
1579.543 2037.062
1811.303 2287.341
1656.854 2080.575
1962.455 2097.707
1595.456 1846.400
1857.297 2287.849
1898.906 2106.600
1882.938 1840.381
1521.295 2004.119
1532.780 2009.146
1526.468 1839.446
1682.684 2188.844
1843.233 2111.691
1650.611 2242.353
1824.617 1833.723
1487.402 2287.637
1906.553 2020.585
1702.628 2114.879
1611.282 1860.738
1613.017 2280.612
1853.204 2260.627
1824.782 1901.490
1952.347 2095.523
1775.328 1829.746
1664.499 2267.300
1678.650 2276.056
1756.001 2124.939
1928.277 2113.004
1970.899 1872.275
1496.082 1972.468
1727.316 2143.430
1843.491 1944.064
1771.791 1918.771
1812.459 2240.232
1494.190 2033.574
1675.047 2235.684
1559.476 2234.816
1980.593 2061.550
1499.253 2046.236
1595.680 2227.835
1769.814 1847.155
1847.453 1909.563
1786.660 2291.689
1698.346 1919.294
1551.545 2162.558
1943.662 2057.523
1845.110 2251.955
1530.992 2043.129
1933.010 2285.793
1577.310 2015.933
1917.359 2013.976
1971.506 1830.482
1749.398 2194.958
1611.056 1810.268
1659.859 1848.216
1781.435 2023.377
1638.996 1982.670
1614.968 1905.149
1959.747 2156.525
1939.150 2276.257
1780.898 2074.299
1505.981 1905.546
1951.868 2096.239
1946.074 1923.491
1885.971 1820.415
1954.259 2258.519
1733.984 2089.569
1753.279 1936.377
1548.494 2291.614
1960.395 1961.232
1630.720 2283.789
1801.556 1840.120
1665.128 2015.931
1523.130 2180.880
1877.346 2296.238
1855.409 2138.079
1852.342 2067.162
1961.283 2213.364
1933.530 2251.103
1585.550 2019.091
1782.995 2064.709
1659.666 2046.961
1589.247 2189.791
1843.365 2106.383
1618.018 2119.114
1778.546 2126.355
1631.418 1926.915
1714.095 1815.052
1938.854 2201.818
1759.068 1936.156
1708.873 2025.277
1916.433 1925.333
1819.719 2142.927
1935.093 1840.592
1950.578 2057.071
1791.331 2067.298
1957.899 2252.027
1492.074 1844.967
1621.525 2081.073
1632.715 1925.944
1515.011 2211.089
1890.237 2244.056
1572.651 2020.537
1876.500 2145.980
1800.338 1967.511
1660.776 2139.916
1919.249 1877.687
1748.311 2271.542
1671.600 2291.872
1692.988 1952.486
1852.828 2261.199
1866.686 2287.319
1898.693 2137.838
1612.504 2195.235
1503.822 1958.924
1723.678 2015.476
1654.113 2182.108
1978.019 2150.050
1694.351 2236.692
1893.955 2110.810
1538.605 1925.059
1610.415 2258.560
1495.901 1919.498
1745.028 2237.674
1580.615 1891.559
1686.908 2172.888
1784.818 2138.273
1832.399 2058.288
1489.731 2197.684
1678.293 2136.575
1601.905 1888.910
1559.325 2016.036
1826.836 2213.981
1652.987 1840.007
1713.688 1961.316
1748.664 1863.498
1523.804 2067.688
1905.237 1819.430
1526.510 1843.630
1875.505 2090.629
1668.342 1831.709
1922.789 2198.891
1737.899 1798.814
1645.645 1982.486
1950.533 2237.732
1646.270 1847.243
1901.988 2231.690
1845.682 2148.301
1795.066 2150.215
1966.640 2277.260
1691.946 1892.028
1905.786 1854.240
1729.098 2066.947
1877.864 2216.364
1563.384 2218.048
1486.719 2087.514
1875.038 2026.199
1511.985 1995.460
1784.948 2197.079
1597.760 1842.961
1804.080 1985.019
1497.321 1951.180
1798.474 2054.939
1910.394 1815.840
1897.528 1930.504
1960.807 1905.701
1806.184 1957.190
1505.664 2011.110
1500.296 2119.080
1614.536 1871.232
1538.539 2290.919
1758.820 2100.717
1759.619 1816.482
1645.802 2285.974
1924.209 2088.355
1958.979 2107.123
1962.264 1896.249
1695.504 1990.155
1518.154 2275.224
1662.338 1820.115
1842.903 2190.897
1508.946 2190.598
1661.211 1978.690
1777.872 2261.374
1782.289 1850.345
1638.421 2196.021
1901.145 2144.957
1671.121 2152.204
1600.552 2199.226
1849.426 2172.649
1698.481 2075.684
1851.736 1851.704
1517.798 1986.917
1911.389 2081.386
1604.151 1950.420
1660.090 2201.158
1660.624 2257.432
1855.647 2072.267
1571.368 2273.981
1764.650 1905.410
1577.209 2232.891
1649.229 2037.406
1866.456 2095.334
1951.255 2167.702
1514.970 1867.616
1982.313 1972.967
1627.907 2204.433
1752.040 2236.715
1643.021 2226.525
1603.928 2070.538
1842.187 1854.662
1710.625 2284.733
1608.331 2162.830
1933.664 2157.582
1550.544 2106.128
1512.091 2219.657
1909.440 2020.298
1656.234 2057.441
1746.097 2232.013
1616.877 2030.632
1495.769 2074.651
1535.846 1833.634
1722.628 2121.681
1783.201 2240.951
1485.420 2186.760
1513.902 2098.042
1745.308 2067.554
1486.523 1920.187
1517.804 2230.367
1625.275 1972.089
1646.016 1887.570
1813.150 1887.117
1749.708 1948.168
1898.088 2092.658
1633.698 2234.819
1975.777 1855.147
1539.427 2126.717
1659.601 1865.130
1769.312 2256.894
1937.285 2233.538
1631.349 1886.409
1842.040 1953.465
1567.607 2205.065
1543.247 2146.021
1784.945 2095.444
1820.322 2294.799
1545.373 2104.735
1567.339 1991.892
1608.188 1829.606
1560.961 2258.917
1965.735 2273.517
1519.138 2108.903
1906.169 2220.506
1583.110 1940.727
1885.029 2051.473
1496.879 1808.880
1889.199 1899.522
1634.414 1920.481
1835.435 2077.434
1841.959 2087.621
1571.300 2091.897
1741.245 2091.318
1853.415 2295.368
1835.036 2262.827
1790.090 2228.581
1615.342 1935.070
1525.444 2214.805
1785.759 1863.491
1708.200 1966.900
1799.034 2015.150
1695.483 1796.549
1880.261 2148.787
1543.775 2154.339
1668.210 1979.257
1961.276 2242.937
1665.430 1894.117
1731.480 2115.386
1803.060 2015.739
1959.789 2197.279
1701.569 2113.861
1691.263 1883.220
1604.739 2178.292
1927.683 2237.926
1624.447 2058.292
1814.809 2060.078
1874.403 1808.007
1872.113 1946.709
1837.074 1858.469
1776.663 2107.096
1501.785 2196.319
1724.257 2192.520
1608.736 2287.485
1562.251 2188.419
1775.569 2276.914
1924.967 2114.428
1604.364 1886.024
1874.106 1851.343
1659.253 2246.776
1670.973 2111.010
1735.800 2096.719
1791.576 1849.821
1827.727 2012.033
1891.565 2165.021
1514.686 2226.575
1713.438 2262.426
1967.653 2219.638
1656.970 1957.913
1953.449 1815.527
1793.816 2128.978
1933.139 2209.533
1662.744 2138.875
1635.356 2221.672
1835.998 2245.524
1895.696 2144.332
1929.948 2146.308
1639.947 2262.104
1863.531 1870.933
1720.033 2224.822
1621.900 2019.619
1575.836 2226.447
1748.629 2078.039
1538.712 2161.573
1495.256 1953.938
1976.613 2168.870
1692.283 2156.223
1903.183 2090.567
1883.177 2098.152
1612.141 1915.521
1832.741 1892.317
1962.492 1858.752
1849.545 1877.454
1687.034 2103.979
1510.466 2074.447
1524.152 2077.302
1814.874 1981.138
1901.496 2267.214
1782.132 1908.534
1982.015 1807.832
1552.978 2093.142
1933.006 1820.296
1639.147 2199.725
1720.971 1820.758
1554.628 2172.412
1689.302 2175.696
1768.927 2003.082
1824.527 2272.374
1658.037 2227.953
1780.641 1863.091
1779.298 2254.744
1851.162 2076.235
1511.927 2065.971
1924.967 1905.418
1822.765 1878.920
1631.230 1851.662
1494.416 2153.044
1920.984 1927.942
1614.561 1999.459
1664.237 1819.477
1785.589 2158.135
1808.420 2188.341
1841.073 2286.440
1549.570 1827.502
1653.383 1851.351
1821.774 1887.623
1955.034 2030.898
1499.678 2251.418
1512.984 2112.123
1724.163 1883.516
1715.563 2065.311
1911.882 2184.250
1909.591 2283.983
1910.541 2048.209
1693.142 1895.022
1584.269 1920.397
1623.709 1829.156
1554.150 2097.051
1897.160 1964.289
1588.500 2062.639
1827.837 1941.546
1670.412 2261.733
1754.687 1984.718
1687.686 1939.452
1738.393 1905.604
1625.156 2202.079
1934.955 2107.083
1854.062 1903.060
1625.503 1973.388
1802.543 2071.479
1577.296 1859.903
1807.786 1855.142
1832.043 2178.360
1768.458 2158.658
1643.620 1825.767
1603.486 1928.446
1640.027 2186.348
1968.632 2176.041
1965.615 2233.896
1788.431 2244.658
1724.620 2268.154
1884.110 1824.325
1675.504 1825.641
1860.573 1815.534
1653.872 1812.220
1974.584 2072.222
1527.358 2050.574
1767.728 2084.478
1561.377 2260.242
1567.956 2256.510
1902.299 1913.459
1901.383 2133.182
1556.824 2208.542
1816.481 1859.447
1588.846 2179.181
1813.236 1944.879
1744.411 2009.498
1887.336 2227.878
1946.390 2127.334
1519.723 2169.320
1511.063 2143.969
1830.630 2181.354
1854.645 2177.675
1609.488 2004.468
1518.437 2039.204
1948.939 2246.874
1947.014 2070.812
1910.167 2029.043
1923.059 2259.506
1667.680 2186.823
1546.212 1985.613
1823.474 1984.052
1695.520 1868.634
1487.531 1906.069
1597.400 2276.353
1825.034 1854.569
1958.641 1990.646
1614.832 2163.974
1761.078 2178.863
1756.921 1939.122
1702.115 1904.266
1928.154 2266.425
1644.953 2217.686
1896.992 1807.500
1718.442 1980.663
1964.351 1949.033
1529.657 1897.969
1573.028 1995.517
1903.698 2248.333
1854.559 2098.275
1527.308 1958.462
1804.978 2135.368
1822.068 2046.535
1808.325 2012.070
1844.214 2242.449
1790.514 2082.715
1527.871 2241.866
1771.274 2171.050
1525.289 2116.568
1754.144 2259.122
1604.356 1967.432
1957.695 2095.478
1685.760 2211.035
1860.932 2281.219
1859.065 2199.256
1676.758 1839.154
1904.547 1955.157
1826.743 2186.808
1799.180 1903.934
1921.808 2073.242
1743.656 2022.623
1526.833 1881.821
1601.315 2264.551
1765.113 1977.968
1801.299 1835.261
1973.001 2063.077
1907.046 2030.907
1894.877 1895.150
1951.217 1804.676
1522.576 2294.183
1977.946 1893.099
1836.278 1814.931
1656.771 1899.799
1860.385 2041.661
1539.604 1991.257
1568.385 2055.364
1926.610 1927.612
1814.766 1903.892
1561.970 1974.617
1516.672 2199.677
1923.982 2018.212
1555.780 2053.382
1619.174 1972.501
1610.844 2163.072
1765.412 2237.344
1923.392 2235.458
1753.209 2113.085
1826.769 2146.261
1873.749 1802.399
1545.105 1847.801
1761.497 1992.107
1617.661 1945.623
1651.670 2202.965
1956.077 2196.263
1592.370 2057.774
1694.174 2199.499
1902.692 1921.401
1621.410 1802.110
1929.383 2233.392
1488.388 1949.745
1711.853 2099.776
1513.091 1815.909
1813.206 2244.392
1911.427 2294.212
1680.773 1923.741
1501.305 2134.540
1697.280 2103.822
1900.946 2017.038
1585.556 1899.881
1757.990 1845.383
1900.712 2169.504
1691.819 2045.193
1609.815 2033.027
1881.031 1961.008
1900.078 2134.892
1876.671 2204.510
1518.371 1862.233
1611.772 2244.037
1669.254 2217.611
1680.509 1859.655
1717.216 2068.582
1635.692 1888.833
1651.112 1953.009
1818.619 2119.147
1622.791 2094.488
1662.823 2288.962
1653.519 1946.768
1941.696 2230.825
1729.578 1880.877
1638.316 2164.656
1723.958 1907.061
1852.964 2125.431
1812.970 1985.476
1613.552 2113.771
1945.635 1935.005
1600.196 2200.311
1916.045 2256.906
1673.099 1812.514
1543.087 1921.420
1591.603 1903.678
1839.077 1811.163
1800.571 1803.809
1794.022 1884.629
1953.179 1945.860
1891.560 1844.737
1827.573 2167.769
1700.881 2075.122
1952.674 2073.202
1938.507 2269.813
1639.015 2260.113
1579.739 1917.160
1507.768 2183.231
1695.630 1944.119
1498.903 1878.348
1692.284 2273.214
1965.368 1819.847
1700.920 1986.436
1649.530 2052.504
1715.424 1937.469
1825.665 2185.203
1932.328 2294.215
1503.363 2257.650
1526.008 1905.923
1714.197 1972.747
1575.172 2215.336
1910.823 2188.788
1701.643 2279.626
1762.497 1904.912
1714.980 2146.339
1496.821 1919.352
1746.339 1996.489
1885.398 1827.960
1712.050 2200.988
1699.505 2131.511
1920.401 1973.796
1875.344 2204.895
1505.501 1988.109
1742.961 2014.167
1953.551 2227.126
1510.166 1926.627
1849.064 1837.438
1511.498 1938.665
1501.608 2118.179
1733.566 1934.694
1590.636 2095.021
1564.356 2086.177
1964.397 2010.603
1610.486 1949.961
1860.981 1875.413
1947.536 2202.204
1935.206 1800.603
1507.214 2272.917
1645.411 2156.921
1649.842 2141.542
1650.930 1993.171
1897.786 1927.936
1569.102 2232.090
1765.654 1938.815
1843.845 2082.315
1554.709 2016.483
1875.328 2229.790
1862.618 1808.246
1951.402 2240.935
1962.472 1874.480
1774.185 1925.873
1965.072 1854.873
1561.692 1816.005
1596.091 2221.516
1834.792 1845.537
1692.169 2269.357
1521.188 2004.976
1514.265 1812.276
1621.416 2022.891
1528.420 1812.556
1520.781 1917.582
1535.933 2170.944
1721.749 1809.357
1842.369 2087.222
1660.269 1989.958
1635.125 1810.926
1695.543 2030.352
1607.633 2194.911
1957.990 2012.490
1590.358 2209.724
1963.015 1999.927
1774.185 1944.468
1815.375 2251.809
1571.385 2140.127
1965.741 1960.553
1494.068 2250.201
1513.478 1969.161
1562.727 1915.093
1921.514 2169.962
1543.974 2121.419
1641.387 2252.253
1553.409 1856.897
1487.296 1999.035
1627.957 1858.582
1837.850 2152.970
1589.443 1902.252
1611.088 2254.564
1950.886 2137.630
1843.098 1853.695
1919.978 2022.649
1857.094 2136.156
1920.273 2294.903
1673.614 1859.740
1929.927 1914.052
1518.045 2160.137
1489.208 1818.412
1974.117 1939.904
1563.175 2076.258
1633.022 1877.524
1544.506 2295.713
1649.690 2246.989
1552.451 1852.049
1654.845 2041.388
1506.851 2075.400
1950.226 1918.919
1724.941 1971.682
1716.200 1834.126
1761.402 2129.933
1648.068 2062.877
1530.434 1887.882
1873.114 2209.174
1859.326 2081.233
1808.523 2154.069
1670.975 1871.277
1572.546 2218.009
1848.934 1989.253
1490.642 2177.848
1571.196 1977.562
1863.565 2209.902
1928.306 1920.118
1560.225 2026.885
1951.184 2084.008
1791.715 1903.074
1954.591 1959.784
1497.579 2252.498
1934.886 1846.588
1926.739 1895.793
1890.122 1863.006
1857.300 1945.503
1696.233 2202.705
1759.672 1999.482
1771.997 2039.817
1619.426 1922.705
1627.735 1841.643
1981.995 2120.923
1660.295 2030.289
1488.981 2041.098
1797.692 1971.855
1801.518 2236.206
1957.224 2269.756
1634.511 2236.281
1734.837 1998.612
1545.546 2080.945
1560.563 2232.617
1619.246 2272.619
1803.372 2140.596
1917.502 2226.017
1904.394 2274.215
1753.713 1885.580
1857.339 1816.185
1777.249 1819.172
1575.558 1964.994
1609.234 2192.953
1861.140 1818.868
1677.957 2027.141
1721.189 1812.184
1559.931 1914.371
1614.513 1975.926
1884.817 2057.890
1593.862 1828.571
1544.418 2127.480
1882.334 2143.873
1574.240 2112.654
1631.868 2033.767
1900.775 2174.346
1697.741 1845.317
1531.545 1982.189
1501.091 2161.296
1565.362 2270.201
1608.681 2078.816
1655.745 2167.718
1575.694 1903.831
1713.862 1886.445
1963.218 2125.077
1696.803 2225.162
1680.174 2088.421
1858.798 1940.206
1500.653 1837.636
1563.619 1847.673
1964.951 1971.775
1604.279 1983.899
1550.195 1874.034
1972.404 2146.791
1820.851 2174.264
1814.334 2113.635
1914.741 2179.312
1638.201 2097.021
1648.323 1998.803
1704.873 2086.490
1629.913 2278.489
1671.002 2053.777
1934.694 2054.925
1663.189 2113.228
1743.736 1909.135
1954.294 1868.604
1738.531 1970.108
1745.597 1929.487
1694.545 2015.835
1813.960 2237.195
1610.200 1904.626
1615.919 2078.034
1568.022 2134.784
1961.008 1906.730
1698.119 1961.130
1956.271 2216.815
1707.598 2033.539
1586.112 1920.007
1749.793 1900.883
1903.595 2001.970
1707.952 1868.635
1609.530 1797.569
1510.628 1797.626
1977.352 1885.106
1808.620 2211.019
1824.823 1971.329
1872.861 1838.784
1630.831 2238.447
1783.149 2142.985
1874.856 1804.168
1898.264 2220.072
1596.760 2189.580
1707.828 1874.229
1648.354 2132.577
1897.126 2034.379
1841.182 2190.966
1746.824 1977.926
1773.034 1982.867
1879.920 2240.666
1774.593 2238.918
1633.779 2167.773
1809.637 1852.772
1685.178 2032.493
1602.440 1983.107
1969.805 2115.496
1536.237 2193.100
1971.774 2252.150
1568.370 2012.111
1839.154 2080.192
1712.211 1976.398
1546.650 1936.333
1753.708 1945.081
1864.707 1803.456
1964.761 2058.989
1716.764 1864.349
1896.212 2085.264
1589.506 2029.652
1981.887 2130.871
1759.914 1976.744
1636.698 2265.852
1573.458 1963.905
1647.338 1967.827
1983.732 2263.395
1608.137 2251.861
1797.095 1991.457
1695.412 1907.320
1618.687 2209.190
1788.717 2084.541
1612.190 1992.792
1655.392 1939.713
1660.160 1848.128
1604.579 2174.270
1820.147 1978.541
1870.744 2058.488
1657.548 2270.076
1673.209 2152.654
1546.520 2221.718
1918.459 2111.667
1771.439 2177.379
1875.238 2177.513
1784.316 2164.906
1647.655 1992.742
1694.986 2031.034
1853.306 2095.145
1618.475 1942.581
1594.687 1993.160
1747.639 2163.805
1738.472 2262.859
1501.308 2102.894
1540.709 2136.646
1690.784 2241.116
1783.684 2230.278
1772.190 2144.944
1684.664 2144.366
1792.277 2067.389
1569.180 2280.154
1562.204 1821.749
1674.845 1901.281
1535.534 2017.949
1889.431 2209.678
1546.516 1851.021
1741.999 2269.281
1725.623 2202.716
1836.768 2229.812
1883.137 2009.694
1507.562 2278.100
1690.184 2281.610
1825.182 1847.096
1925.300 2121.082
1970.870 1859.710
1543.770 2095.454
1515.764 1948.304
1818.881 2047.315
1948.720 1870.732
1806.632 1950.144
1629.972 2030.628
1983.969 1954.530
1833.680 2260.965
1778.284 2220.197
1806.740 2284.498
1638.917 1990.044
1982.343 2120.287
1652.142 2205.891
1499.231 2001.942
1823.413 2179.403
1500.474 1965.956
1598.772 2005.894
1873.953 2224.236
1722.770 2015.710
1914.402 1848.034
1657.362 2224.338
1781.559 1843.841
1638.453 2024.474
1916.377 2214.835
1927.067 1990.235
1810.940 1901.919
1688.127 1960.255
1579.472 2261.536
1680.911 1923.822
1529.769 2145.713
1745.577 2136.227
1706.507 2153.001
1787.799 1926.610
1496.730 2244.421
1602.483 1804.973
1696.189 2112.011
1633.405 2154.979
1864.235 2279.082
1870.785 2107.773
1617.230 2052.641
1562.433 1879.230
1685.805 1827.584
1681.916 2165.841
1555.960 1894.997
1615.845 2042.218
1945.759 2283.457
1499.780 2287.097
1502.241 1883.139
1776.834 2260.835
1969.111 1878.294
1807.714 2161.020
1948.142 1816.798
1786.444 1891.002
1754.931 2040.516
1980.404 2184.482
1737.871 1812.824
1516.290 2150.501
1590.406 1804.170
1553.709 2182.428
1946.102 1999.804
1599.855 2266.030
1760.772 2240.708
1645.180 2254.389
1524.427 2211.418
1500.968 2216.571
1531.478 1950.593
1737.458 2212.463
1894.325 2263.529
1484.641 2070.525
1757.765 2113.304
1749.497 2217.812
1526.102 2163.351
1636.432 1831.260
1656.123 1929.663
1918.767 2002.251
1948.451 2167.160
1814.589 2182.118
1568.148 2087.434
1774.985 2191.051
1632.851 2125.288
1794.811 1834.820
1972.612 1963.111
1883.579 2171.840
1897.716 1953.868
1962.787 2037.634
1670.083 2070.526
1678.386 2274.728
1562.823 2293.694
1676.233 1833.464
1843.037 2186.071
1528.193 2097.721
1491.059 1919.042
1801.844 2182.626
1943.468 1809.098
1618.569 1958.000
1734.687 2175.181
1552.228 2052.710
1934.772 1947.678
1752.815 2011.571
1930.178 2235.768
1746.231 1850.703
1873.277 2051.736
1960.724 1924.172
1811.892 2244.345
1907.946 2117.385
1666.858 2237.057
1901.344 2087.494
1575.250 1877.177
1575.117 2080.945
1606.428 1992.474
1547.674 2019.864
1898.765 2213.571
1649.540 2126.198
1981.051 1928.216
1535.387 1916.607
1570.270 2256.683
1892.369 1955.077
1506.812 2153.813
1776.351 1861.916
1694.388 2140.247
1501.736 2142.649
1918.409 2276.661
1521.826 1937.754
1825.593 1903.097
1574.153 2148.491
1896.523 1891.408
1946.845 2050.614
1683.691 2152.531
1648.529 2150.775
1873.549 2235.777
1892.956 2046.664
1869.600 2096.785
1902.238 1997.041
1964.988 2220.900
1566.711 2252.659
1916.640 1878.711
1513.293 2231.006
1970.563 2083.751
1677.936 2172.016
1886.185 1940.422
1612.917 2007.819
1634.444 1971.294
1883.684 1821.835
1691.529 1874.690
1802.682 1814.035
1543.548 2270.070
1846.910 1864.152
1751.551 2123.576
1849.942 1899.573
1679.965 1930.893
1631.178 1851.386
1778.189 2016.912
1879.780 1837.024
1534.459 1859.180
1602.288 1917.370
1617.854 1955.548
1671.468 2292.742
1953.609 1883.784
1942.317 2012.119
1977.007 2249.074
1663.850 2031.118
1959.734 2009.991
1606.140 2127.968
1919.812 2172.495
1854.895 1819.378
1580.515 1964.127
1526.685 2195.833
1954.310 2256.227
1960.739 2014.816
1551.432 2293.641
1486.232 2233.451
1528.223 2228.802
1517.003 1959.557
1976.271 2079.727
1858.693 2211.446
1760.300 2221.119
1853.106 2172.183
1913.964 2219.501
1739.788 2111.777
1767.184 1844.763
1867.391 1902.242
1909.095 2223.157
1882.022 1875.032
1872.456 2132.626
1543.774 2192.532
1619.877 1836.975
1646.450 2215.871
1625.979 1802.544
1648.054 2068.731
1652.818 2282.680
1718.148 2196.820
1674.542 2083.734
1972.320 2075.760
1702.494 2233.794
1736.712 2015.753
1642.427 1889.293
1922.852 2046.331
1733.094 1955.905
1528.778 2259.506
1605.520 1813.929
1588.210 2029.218
1938.590 2041.300
1654.891 2120.934
1741.888 1868.891
1616.529 2129.140
1914.122 1864.330
1947.146 1819.775
1711.343 2115.997
1801.746 2084.967
1865.205 1892.100
1810.229 1842.402
1517.345 1956.529
1791.089 2057.092
1505.624 1946.175
1706.074 2239.788
1850.165 2001.193
1616.172 1835.431
1536.916 2105.837
1548.878 2292.617
1746.101 2112.618
1691.480 2256.192
1636.625 2013.137
1525.842 2130.231
1605.596 1869.319
1507.092 2265.632
1841.469 2032.698
1798.839 2197.892
1542.946 2067.966
1769.174 2219.874
1660.026 2069.931
1558.177 2130.538
1873.826 1855.089
1666.600 2197.815
1787.140 2089.715
1649.422 2226.608
1848.786 2280.355
1745.607 2109.685
1601.882 1906.409
1796.596 2083.121
1783.780 1847.398
1735.631 1860.149
1632.834 2240.403
1840.385 2246.837
1618.141 2086.598
1922.356 2223.537
1826.978 1957.888
1862.183 2256.409
1535.930 1872.806
1822.577 2086.605
1833.774 2279.735
1592.526 1963.499
1666.514 2211.404
1970.626 2292.845
1510.387 2006.124
1589.083 2085.445
1668.583 1876.451
1496.366 2141.466
1826.157 1802.521
1960.607 1976.032
1642.518 1822.813
1595.352 2107.404
1869.550 1990.367
1965.656 2107.425
1655.939 2063.816
1698.801 2231.011
1746.781 1916.966
1626.505 2240.385
1782.735 2102.786
1579.188 1958.784
1745.979 2194.983
1489.488 1809.673
1678.606 1810.430
1714.313 2196.933
1589.681 2228.301
1713.648 1918.605
1554.878 1994.856
1971.400 2024.646
1573.600 1877.815
1849.193 2219.543
1753.303 1867.768
1630.083 1964.494
1638.564 1959.604
1498.156 1879.741
1547.923 1801.735
1492.580 2242.647
1499.114 2143.813
1929.759 1941.548
1979.587 2093.774
1620.465 2183.869
1794.348 2171.590
1569.441 2238.081
1557.546 1829.885
1934.623 2130.758
1684.835 1904.131
1581.017 2188.845
1810.765 2084.367
1683.857 2224.445
1807.380 2036.925
1509.662 2003.686
1958.842 2084.348
1499.102 2066.305
1485.530 2223.404
1774.291 2023.264
1819.823 2009.975
1897.044 2103.819
1836.253 1809.264
1661.183 2102.643
1796.985 2042.882
1692.631 2072.460
1484.993 1889.018
1871.599 2131.589
1898.758 1856.062
1714.036 2257.322
1638.969 1931.778
1775.848 2242.371
1635.014 1992.761
1683.409 1862.868
1675.023 1989.421
1514.781 2236.724
1754.676 1968.664
1686.190 2291.139
1875.493 1969.234
1909.179 2169.831
1639.143 1802.668
1502.350 1876.974
1501.597 1819.600
1640.060 1863.269
1570.273 1888.793
1921.787 2233.473
1652.934 2240.351
1627.363 2170.489
1874.695 1947.559
1858.938 2170.948
1641.399 2075.091
1954.733 2073.946
1635.092 2265.204
1870.261 2129.666
1921.892 2036.832
1982.494 2160.292
1760.037 2005.868
1734.897 2156.997
1923.866 1890.502
1653.061 2135.799
1582.927 1967.817
1572.679 2235.238
1925.279 2234.073
1487.435 2011.765
1860.119 1836.130
1624.884 1877.393
1745.037 2175.267
1617.543 2003.645
1745.853 1999.439
1697.442 2286.962
1807.878 2008.504
1808.387 2113.547
1803.618 2279.913
1767.882 2186.971
1542.871 1839.133
1715.739 1835.940
1557.167 1821.435
1555.329 2047.399
1621.260 1895.007
1798.814 2209.861
1589.388 2134.719
1755.487 1825.136
1773.818 1982.452
1802.035 1963.849
1565.047 2158.245
1737.468 1804.776
1832.534 2238.460
1645.353 2250.457
1542.887 1973.877
1673.534 2220.584
1667.813 2126.927
1864.388 2238.546
1637.917 2031.844
1780.586 2075.934
1563.300 2263.304
1742.874 2045.414
1793.970 1900.561
1613.725 2083.063
1517.690 1829.557
1906.193 1862.374
1628.156 2186.828
1527.525 2275.797
1518.843 2218.330
1608.224 1977.352
1691.456 2188.488
1503.954 2090.319
1706.942 2191.105
1540.937 2076.561
1651.579 1827.468
1708.233 2160.953
1625.745 2117.474
1769.653 2205.386
1748.910 2160.567
1774.973 2113.196
1648.264 1990.114
1725.717 1872.452
1549.402 2126.588
1494.678 1914.974
1640.609 2193.587
1762.736 2296.033
1535.262 2057.376
1487.204 1963.365
1820.260 1999.185
1867.044 1932.390
1549.401 2029.692
1745.064 2142.478
1889.067 1970.795
1711.503 2177.917
1843.680 1934.407
1964.412 2205.153
1897.009 2163.969
1567.344 2026.740
1789.851 1956.665
1526.790 2052.997
1586.660 1858.141
1858.634 2225.835
1957.981 1970.772
1886.992 1984.315
1613.230 2189.446
1650.049 1824.294
1841.477 2292.032
1620.463 2059.917
1575.876 2170.227
1961.881 1971.932
1728.450 2033.523
1888.180 2282.428
1720.016 2119.311
1857.999 2098.965
1492.510 1912.753
1961.663 2086.680
1743.436 1927.396
1757.963 1806.249
1881.147 2227.668
1702.261 2158.147
1937.649 1967.049
1540.540 2183.731
1893.741 1996.972
1639.869 1885.448
1519.257 2046.043
1721.192 2061.464
1922.233 1995.217
1981.449 1796.614
1903.943 1998.016
1894.907 1954.519
1533.388 2148.838
1581.208 2015.991
1727.672 1933.487
1893.452 2158.728
1792.827 1983.457
1695.814 2233.145
1784.722 2216.479
1537.624 2230.389
1527.382 2101.982
1541.202 2000.347
1743.322 2073.365
1750.299 2005.720
1764.481 2234.790
1664.755 1873.577
1975.594 2036.414
1810.814 2027.481
1581.002 2282.947
1538.403 2153.997
1548.072 2078.925
1517.348 1983.907
1648.112 2175.561
1600.547 1950.028
1514.456 1930.465
1622.377 2236.661
1566.200 1993.358
1781.571 2034.010
1558.088 2171.095
1638.504 2098.517
1824.501 1895.203
1614.926 1853.979
1673.277 1972.826
1698.390 1869.626
1799.583 2131.361
1895.361 2221.014
1937.377 2072.371
1610.801 2137.313
1591.887 2273.438
1688.220 2007.319
1940.624 2259.408
1625.312 1982.357
1914.760 2133.517
1871.349 1981.113
1966.734 2244.361
1761.519 2180.997
1528.353 1925.667
1653.277 2098.904
1503.462 2222.876
1890.090 2219.044
1960.807 2177.995
1864.143 2049.636
1932.697 2184.025
1729.068 2174.748
1876.098 2036.724
1950.849 2166.345
1687.415 2144.417
1595.740 1886.728
1902.754 2074.949
1823.951 2077.094
1789.924 1951.178
1660.166 1811.431
1959.412 1947.380
1710.974 2065.073
1849.165 2011.066
1937.041 1990.276
1922.161 2067.821
1966.340 2016.266
1756.816 2146.624
1560.647 2117.323
1865.074 1897.380
1812.012 2183.924
1791.113 1805.932
1716.450 1957.296
1698.036 1979.493
1803.700 2296.226
1565.605 2000.492
1968.936 1802.759
1567.032 2075.365
1820.071 2077.248
1676.366 1803.937
1491.133 2115.305
1734.702 1843.401
1737.198 2216.363
1688.305 2080.643
1756.496 1938.054
1856.110 2055.806
1947.607 2204.020
1897.474 2144.911
1956.729 1929.437
1511.125 1921.109
1542.837 1982.370
1636.425 1891.696
1567.225 2047.095
1863.035 2124.322
1518.078 2293.070
1674.669 2200.029
1610.414 2063.473
1840.360 2231.921
1730.861 2007.968
1677.882 1915.389
1641.941 2150.870
1543.373 2270.794
1666.234 2071.991
1924.660 1860.787
1522.022 2170.678
1644.722 2205.794
1660.210 1969.829
1526.929 1844.741
1930.298 2110.321
1727.545 2203.592
1570.278 2084.251
1743.600 1997.453
1533.295 1948.832
1723.628 2015.170
1947.833 1893.036
1669.771 1832.012
1499.577 2082.338
1847.015 2182.433
1625.497 1909.221
1514.155 2035.037
1797.427 2193.091
1687.139 1881.503
1499.036 1926.441
1565.251 2043.646
1910.462 2014.307
1768.097 2048.293
1692.833 2285.162
1524.206 2196.327
1980.151 1850.218
1597.164 2234.328
1663.431 2142.792
1497.179 1977.265
1967.468 2062.758
1598.804 2084.090
1812.848 2061.210
1773.186 2005.172
1808.172 1838.281
1755.525 1939.656
1755.059 1850.318
1817.993 1824.689
1696.713 1899.486
1885.574 2279.716
1942.457 2132.819
1632.031 1901.806
1591.691 1881.994
1515.528 1842.885
1739.494 2047.777
1983.746 1920.288
1850.577 1999.008
1894.578 1922.599
1971.898 2198.771
1955.349 1947.428
1743.142 1888.618
1842.591 2063.733
1557.849 2103.636
1957.246 1937.866
1538.863 1876.749
1599.531 1885.474
1683.099 2056.773
1640.316 1851.176
1791.433 2025.545
1919.268 2147.119
1852.746 1809.940
1794.984 2226.396
1810.348 2109.491
1821.453 2123.808
1641.853 2046.258
1636.133 1940.387
1904.629 1828.680
1761.794 2137.184
1560.159 2207.191
1677.929 2056.942
1606.876 1970.130
1524.775 1902.035
1523.735 1895.143
1964.618 1911.948
1601.274 2232.722
1649.890 1895.978
1949.142 1831.968
1485.704 2075.008
1670.158 2171.523
1490.544 2214.032
1552.854 2294.863
1593.077 2243.326
1788.436 2005.045
1977.268 2104.414
1918.265 1868.882
1496.446 1957.318
1971.489 1818.996
1924.879 2184.070
1580.516 2057.662
1785.535 1839.809
1528.079 2152.934
1796.826 1885.236
1931.091 1962.714
1656.018 1829.750
1793.261 2277.390
1552.854 2239.221
1563.527 2194.944
1622.271 2148.620
1611.874 2016.924
1600.155 2217.757
1941.507 2047.719
1717.021 1986.400
1744.138 2035.976
1872.742 1916.849
1768.729 1816.542
1527.991 1951.156
1723.958 1897.931
1978.614 2154.757
1859.799 1934.594
1978.330 2063.435
1798.712 2035.483
1787.439 2200.096
1697.684 1997.782
1610.742 2270.191
1529.432 2147.068
1931.499 2213.233
1921.240 1877.299
1504.729 2249.457
1748.484 2234.134
1934.510 1934.651
1524.466 1884.831
1974.243 1972.842
1556.116 2007.188
1828.707 2003.603
1646.139 2042.942
1728.481 1863.511
1811.020 1892.084
1950.865 1868.245
1937.685 2039.403
1485.442 2039.636
1801.429 1936.910
1767.512 2032.538
1806.719 1939.146
1612.409 2142.382
1589.916 1800.155
1665.747 2140.946
1698.877 1971.057
1657.716 2126.316
1731.896 2270.342
1666.290 2204.426
1873.346 1993.590
1872.161 2241.205
1974.869 2295.137
1916.900 2250.415
1948.540 1853.470
1644.530 1800.729
1525.923 2083.184
1750.904 2034.830
1588.521 2286.100
1657.289 1950.012
1689.825 2048.312
1491.736 2060.881
1741.717 1877.849
1630.502 1817.131
1774.176 2051.133
1965.818 1946.397
1877.798 1963.672
1582.969 2011.079
1955.748 2287.466
1547.348 2154.119
1674.391 1845.890
1875.096 1816.014
1561.768 1872.275
1982.408 2035.243
1700.337 2121.954
1505.052 2254.480
1719.482 2291.868
1669.607 1898.530
1723.073 1974.719
1491.766 2209.658
1839.385 1923.672
1704.984 2035.630
1790.801 1808.725
1870.547 2238.917
1785.822 2295.704
1852.322 1942.119
1704.729 2114.242
1553.320 2269.095
1900.648 1811.430
1682.629 2193.008
1884.303 1908.765
1772.982 1839.133
1668.583 2028.211
1772.745 1949.208
1646.919 1974.504
1725.005 2165.601
1502.274 2279.349
1933.551 1877.603
1557.097 2127.231
1927.711 2178.892
1955.610 2228.910
1654.108 2283.013
1661.574 2124.727
1926.486 1821.148
1777.418 1920.542
1819.159 2098.509
1827.723 2065.317
1730.894 1972.366
1532.603 2257.250
1944.410 1989.234
1556.398 2159.937
1578.304 2201.783
1814.812 1890.983
1890.079 2019.985
1746.702 2068.132
1540.244 2222.551
1813.174 2211.515
1617.103 2243.329
1722.721 2014.299
1944.442 2277.888
1609.098 1806.457
1688.494 1918.720
1830.447 1951.325
1649.634 1850.952
1506.833 1969.872
1949.788 2265.919
1872.612 2117.822
1663.601 2146.085
1797.477 2122.441
1794.519 1810.199
1732.434 2230.892
1890.850 1945.551
1507.992 2018.661
1695.192 1949.435
1711.194 2291.765
1553.915 2039.491
1765.774 1807.633
1503.614 1825.980
1890.637 2218.596
1685.394 2263.020
1557.018 1940.403
1849.873 2205.431
1583.546 1986.045
1659.033 2280.561
1718.179 2190.724
1781.074 2232.811
1526.447 2045.993
1933.128 2053.883
1894.537 2121.980
1961.630 2127.087
1574.775 1970.915
1572.308 2030.573
1548.803 2225.266
1568.905 1877.825
1568.009 2173.250
1562.711 2095.764
1777.858 2217.081
1937.588 1821.666
1824.047 2141.996
1595.721 1887.712
1608.955 2253.230
1839.815 2049.621
1974.038 2262.292
1618.883 2237.338
1657.649 2095.936
1849.299 2216.800
1644.141 2110.705
1886.335 1999.794
1884.477 2252.428
1800.084 1924.513
1774.380 2239.601
1767.342 2200.814
1812.611 2017.245
1517.475 2166.363
1536.849 1922.986
1817.560 2023.661
1891.665 2178.133
1751.793 1980.206
1737.284 2257.729
1699.723 1831.982
1586.759 1862.311
1830.732 2149.349
1545.928 1921.848
1579.809 2159.398
1532.032 2162.707
1598.544 1992.970
1698.712 2283.308
1644.507 2002.297
1873.230 1820.936
1763.963 2084.285
1773.562 1797.883
1755.613 2170.123
1955.887 2006.181
1897.488 2026.839
1869.149 2064.933
1704.048 1954.482
1515.527 2089.381
1777.325 1939.813
1809.074 1844.588
1707.655 1855.140
1926.236 2103.242
1678.234 2146.701
1597.818 2103.611
1589.038 1926.457
1613.628 2089.062
1825.894 1849.541
1662.235 2233.314
1730.458 2156.692
1883.888 1920.484
1794.225 2206.543
1564.475 1924.229
1516.084 1807.257
1730.596 2154.955
1885.728 2168.199
1907.703 2137.836
1758.760 1961.851
1509.987 1827.018
1744.833 1901.153
1898.909 1958.467
1577.549 2113.424
1787.936 2134.266
1545.038 2028.745
1865.215 1837.014
1608.432 1845.450
1560.417 2037.772
1813.926 2151.964
1610.890 1955.683
1645.489 1979.661
1619.411 1816.154
1827.350 1798.972
1873.909 1890.079
1966.522 1809.673
1890.729 1874.475
1683.790 2240.248
1880.960 2039.657
1567.886 1980.710
1659.843 2074.416
1723.009 1816.890
1877.692 1961.120
1686.608 1925.053
1791.758 1817.871
1488.119 2168.183
1917.808 1883.069
1832.171 2199.616
1963.304 2070.339
1521.304 1834.919
1945.609 1822.376
1959.390 2190.742
1880.741 2200.291
1717.818 1913.999
1802.081 2096.867
1576.628 1879.071
1960.079 1895.651
1604.117 1889.542
1498.705 1874.714
1616.376 1972.993
1714.780 2287.665
1554.858 1953.600
1635.132 2071.276
1870.610 1954.004
1910.518 2085.757
1752.864 2244.468
1934.843 2106.334
1915.585 2225.830
1515.699 1970.566
1551.459 2133.450
1890.637 2054.391
1636.498 2097.834
1751.912 2271.715
1669.677 1856.271
1802.641 2181.718
1746.597 1972.213
1907.716 2090.310
1965.851 2114.705
1575.774 2019.077
1600.498 2123.468
1489.450 1833.870
1695.874 1931.081
1624.283 2021.144
1683.762 2045.098
1581.524 1972.872
1980.084 2236.997
1910.905 1900.628
1714.403 2242.294
1516.887 1871.630
1673.498 1844.652
1893.398 2078.190
1491.238 2184.351
1781.313 1898.484
1515.303 1882.027
1837.281 1917.509
1897.566 1867.640
1856.351 2104.800
1902.814 1915.477
1690.600 1912.459
1971.300 2005.056
1547.247 2247.051
1583.990 1904.686
1768.792 2181.767
1557.879 2015.319
1740.682 1969.232
1603.484 2001.929
1592.260 2014.303
1595.328 2135.474
1931.690 2108.613
1922.326 2107.323
1512.434 2278.281
1887.199 1886.065
1894.137 2236.283
1622.637 2149.658
1862.231 2157.394
1669.835 2145.153
1615.499 1995.146
1565.322 1948.198
1855.653 1843.561
1638.824 2148.648
1528.239 1895.064
1605.473 2157.924
1969.394 1884.244
1911.755 1942.018
1701.847 2281.452
1882.574 2180.323
1731.978 2048.924
1596.357 1929.605
1802.565 2133.198
1940.212 2235.895
1703.924 1941.559
1823.547 2155.437
1558.770 2206.745
1885.150 1831.531
1878.685 2087.384
1836.226 2146.583
1615.445 1833.980
1770.661 2163.468
1826.136 1909.043
1979.390 2242.144
1631.975 2278.451
1902.562 2007.359
1498.069 2014.009
1599.893 2238.985
1861.847 2065.451
1493.876 2245.799
1839.570 1975.056
1486.326 2118.686
1687.941 1810.593
1699.832 2006.758
1677.150 2219.448
1934.716 2105.657
1535.273 2106.521
1502.136 2286.505
1757.792 2225.008
1551.666 2065.952
1740.695 2105.654
1600.806 1913.610
1604.227 2145.350
1810.665 1986.357
1594.626 2226.650
1790.496 2155.728
1737.547 2019.764
1773.734 1835.534
1807.467 2113.611
1911.691 2287.140
1913.567 2020.954
1909.372 1973.009
1865.137 1907.628
1914.215 1952.913
1862.788 2026.602
1800.385 1872.617
1744.948 2209.016
1790.592 1961.725
1817.789 2137.700
1780.172 1931.212
1765.031 2261.598
1561.578 1987.575
1750.349 1898.285
1766.613 2226.332
1977.308 2294.528
1683.956 2040.276
1818.147 1806.096
1556.783 1996.889
1813.766 2036.798
1856.563 1821.899
1658.604 1912.423
1635.079 2172.346
1840.956 1950.066
1593.621 2159.785
1562.438 2076.907
1585.604 2263.006
1560.278 2246.188
1865.325 2054.500
1801.081 2251.982
1806.479 1903.421
1562.678 2043.658
1564.666 2177.065
1811.709 1985.208
1706.518 1933.647
1879.755 2225.646
1931.149 2154.634
1815.384 2141.326
1512.954 1985.657
1554.602 1912.797
1587.717 1996.093
1623.534 1946.697
1856.919 2038.249
1840.567 2132.404
1974.363 1828.785
1646.081 1909.661
1870.658 1972.591
1642.790 1982.932
1958.690 1824.329
1673.435 2267.213
1677.307 1915.397
1649.643 2176.315
1862.599 2118.984
1488.790 2194.140
1692.488 2173.680
1764.370 2180.135
1562.245 1815.502
1571.198 2143.587
1873.305 2017.694
1862.601 2034.874
1654.712 2115.339
1924.194 2252.410
1858.371 1838.286
1541.906 1947.186
1542.561 2121.198
1781.756 1841.718
1681.846 2109.738
1790.211 2083.085
1703.275 1842.054
1874.198 2096.517
1827.500 1925.785
1834.580 1883.391
1921.831 2142.696
1950.096 1797.936
1781.148 1861.402
1763.754 2220.469
1841.067 2058.618
1802.187 2273.069
1697.909 2172.248
1562.775 2193.345
1894.850 2162.213
1961.507 2115.042
1661.075 2066.059
1935.808 2073.037
1904.857 2149.393
1544.510 2222.470
1955.157 2066.999
1592.272 1963.093
1875.896 1939.728
1683.328 2148.867
1778.583 2147.860
1604.564 2171.387
1632.306 2186.210
1699.020 1924.795
1742.381 1932.981
1782.464 2269.023
1722.924 1914.934
1597.022 2077.077
1838.829 1928.556
1642.863 1853.905
1628.886 2012.211
1910.304 1821.299
1961.303 2110.874
1743.459 2169.777
1827.463 1826.420
1853.982 1977.547
1518.356 1894.277
1926.993 1891.200
1576.305 1894.295
1769.168 1962.313
1644.537 1880.772
1857.829 2268.005
1619.291 1929.779
1944.522 1955.154
1740.588 1971.235
1694.841 1993.424
1944.863 1808.193
1967.396 1869.697
1975.614 1916.723
1703.897 1846.871
1605.272 2012.123
1810.018 2034.929
1981.576 2171.160
1503.345 1924.068
1499.247 2177.542
1905.963 1988.216
1805.424 1859.295
1589.545 1981.790
1575.407 1918.641
1496.278 2175.802
1883.414 2259.866
1883.374 1913.620
1932.915 2269.655
1777.891 1835.487
1790.491 1975.942
1868.134 1853.059
1921.813 1958.059
1949.693 2036.891
1698.328 2050.980
1874.421 2017.505
1698.414 2082.862
1908.841 2228.104
1550.755 2255.241
1571.496 1955.873
1645.765 1904.437
1839.299 1816.481
1738.655 1878.464
1542.022 1952.040
1640.689 1922.870
1963.717 1836.934
1500.827 2106.160
1612.901 2168.432
1903.140 2291.695
1905.564 2015.499
1625.296 1931.023
1804.282 1928.640
1584.678 2091.035
1921.775 2230.450
1656.452 1978.628
1602.809 1892.676
1559.909 1991.653
1755.304 2153.603
1975.215 1998.940
1589.256 2120.108
1743.293 2196.822
1504.211 2082.832
1823.184 2030.745
1955.490 1962.602
1841.081 2254.167
1672.728 2273.867
1946.533 1887.469
1637.904 2206.612
1632.363 2059.584
1594.096 2118.578
1878.868 2105.128
1903.806 1806.391
1564.610 1953.883
1493.537 2103.903
1813.207 2274.531
1965.667 2060.056
1847.343 1835.665
1913.729 1895.893
1780.308 2262.605
1983.611 2285.645
1610.439 1849.821
1537.437 2028.735
1886.633 2140.634
1525.841 1801.927
1645.566 2059.284
1827.371 1814.513
1589.552 1982.056
1650.624 2017.593
1854.327 2279.122
1488.747 1976.025
1508.016 2090.703
1572.839 2002.856
1719.043 2111.674
1547.558 1861.623
1717.450 1888.190
1825.457 2085.203
1623.516 2051.580
1890.953 1814.738
1930.725 1918.943
1549.886 2175.777
1656.869 2208.171
1728.814 2254.726
1945.464 2123.076
1799.743 2030.778
1883.747 1998.222
1782.397 2207.137
1637.404 2167.356
1978.846 2162.320
1850.529 2209.599
1957.616 2040.369
1534.219 1808.170
1908.556 1925.023
1530.552 1818.639
1674.608 2074.001
1931.305 1929.127
1616.688 1858.464
1711.102 2156.734
1598.280 1817.214
1722.984 1986.799
1977.435 2239.012
1603.075 2027.247
1805.810 1899.552
1874.169 1890.648
1773.701 2272.935
1549.278 2175.260
1653.712 2103.869
1849.596 1872.279
1909.520 2276.775
1695.285 2173.462
1590.116 1969.835
1733.025 1811.823
1874.275 2135.222
1681.182 2091.567
1634.945 2105.081
1572.389 1995.117
1691.682 2229.862
1584.619 2044.014
1791.069 1829.719
1933.218 1892.892
1795.944 2266.784
1514.458 1871.688
1535.834 2241.927
1899.764 2215.954
1790.443 2030.799
1889.704 1858.393
1889.895 2179.960
1507.147 1947.112
1947.444 1860.313
1634.822 1887.692
1763.960 2140.096
1946.901 2245.612
1923.037 2197.492
1659.887 1826.691
1672.619 2109.414
1881.543 2071.672
1691.114 1936.188
1704.966 2230.578
1701.557 1890.362
1960.293 2287.308
1640.868 2112.616
1589.919 1885.515
1881.883 2194.515
1666.098 1990.871
1949.514 2244.347
1661.233 1903.160
1780.557 1865.927
1934.503 2194.688
1845.172 1939.081
1833.924 2249.264
1834.796 1863.916
1669.043 2199.545
1743.084 2227.270
1908.516 1882.881
1694.327 2253.657
1950.108 2244.190
1775.568 2134.100
1696.645 2036.256
1819.145 1990.121
1697.439 1897.777
1923.373 2146.357
1583.491 1933.624
1947.660 2230.068
1733.424 2242.931
1684.951 1982.842
1512.280 2261.263
1891.179 2106.445
1771.469 1892.952
1714.317 2129.519
1733.737 1908.549
1851.469 2010.504
1725.541 1923.467
1568.094 2141.166
1790.446 2045.147
1541.380 2257.729
1524.189 1906.554
1800.760 1897.946
1631.029 2044.951
1944.006 2182.765
1620.959 2128.355
1731.890 2105.756
1647.771 2096.364
1565.472 2137.959
1885.953 2071.508
1611.985 2072.898
1553.915 2009.922
1687.392 2254.003
1904.623 2093.241
1577.077 1826.256
1932.107 1951.578
1919.655 2035.713
1774.050 2293.684
1613.795 1805.388
1758.765 1885.587
1788.737 2172.086
1913.192 1815.301
1621.364 1838.566
1535.071 2076.320
1799.309 2035.839
1861.685 1896.602
1930.278 2247.106
1545.123 1891.675
1979.916 2102.861
1780.437 2063.527
1681.790 2053.998
1929.547 1999.851
1963.072 2137.260
1774.596 1889.260
1717.068 1878.526
1637.375 2263.492
1490.951 2216.000
1572.575 1834.908
1976.542 1875.244
1541.962 1828.714
1773.765 2001.731
1841.321 1990.744
1509.645 2134.652
1678.368 2140.290
1865.611 2224.509
1775.367 2195.034
1892.688 1985.217
1642.205 1877.470
1968.458 1805.918
1640.168 1822.786
1576.315 1986.440
1600.863 2039.632
1761.950 2011.201
1687.712 1887.778
1671.640 1831.954
1640.130 2174.768
1512.368 2088.863
1504.971 2245.144
1665.287 1898.316
1671.863 1896.503
1864.167 2227.940
1618.441 2125.553
1547.993 1974.837
1735.358 2205.944
1813.053 1984.475
1936.702 1980.674
1762.254 2133.833
1795.566 1970.349
1782.316 2036.115
1680.554 1844.335
1494.378 1812.610
1861.503 2114.591
1548.051 2227.871
1895.829 1878.997
1637.675 1846.874
1908.589 1896.085
1805.007 1935.309
1765.978 1824.357
1491.400 2292.669
1747.581 2139.043
1753.483 1967.354
1792.351 2183.150
1498.959 1902.540
1783.184 2178.120
1686.194 1973.777
1954.195 1857.638
1892.532 1882.593
1793.336 2161.948
1544.961 2248.364
1854.181 2171.189
1934.207 1932.391
1545.390 2117.322
1743.367 2097.438
1850.971 1800.435
1833.643 1926.359
1789.727 2166.215
1894.168 1990.808
1529.157 2065.789
1779.373 2288.675
1928.092 2036.362
1693.893 2082.473
1746.523 1914.329
1717.885 2153.656
1802.210 2261.262
1874.871 1825.699
1885.661 2103.477
1633.270 2216.346
1827.994 1812.535
1903.576 2235.686
1761.803 1798.054
1757.554 2091.189
1722.781 1886.267
1826.404 2101.753
1941.105 2229.137
1850.709 2234.342
1826.180 1809.540
1857.330 1835.725
1901.238 1903.422
1494.369 2154.734
1865.192 2124.513
1673.081 2234.806
1735.244 1819.472
1597.927 2293.300
1702.323 1821.249
1626.025 2065.143
1614.118 2101.212
1608.222 2067.891
1600.784 2023.567
1498.914 2006.635
1583.410 2168.690
1888.847 2077.205
1939.967 1912.728
1895.989 2109.047
1635.454 2140.929
1774.105 2248.454
1826.863 1803.454
1524.329 2214.704
1684.740 2255.680
1484.349 2122.445
1779.364 2251.694
1853.096 2264.983
1699.268 2000.223
1878.464 2118.427
1922.074 2271.734
1503.597 1982.353
1497.864 2165.244
1632.169 1868.663
1845.204 1884.240
1724.392 1869.224
1574.549 1983.964
1889.297 2151.107
1626.301 1827.014
1586.072 1963.254
1687.317 1847.131
1578.838 1820.643
1524.590 2251.590
1786.028 1946.237
1515.817 2084.597
1605.578 2032.541
1649.794 1907.528
1538.263 1841.007
1975.540 1969.478
1928.771 1869.769
1567.193 1841.975
1697.664 1953.163
1743.037 2220.989
1688.568 1874.867
1585.380 1854.506
1755.059 2014.528
1545.257 2218.225
1485.002 2118.715
1544.314 2236.820
1758.781 2022.478
1727.264 2111.757
1843.723 1867.260
1559.114 2212.535
1654.762 2014.105
1911.572 1939.066
1768.138 1943.642
1542.565 2117.989
1864.029 1868.438
1514.005 1847.439
1520.710 1953.570
1755.901 2231.658
1588.235 1866.901
1955.405 2253.942
1623.041 2276.362
1641.288 1984.231
1734.419 1920.472
1728.147 2165.947
1620.639 1925.666
1780.315 2293.427
1773.450 2069.253
1879.486 2129.406
1982.974 2001.067
1801.258 1918.074
1739.572 1813.716
1784.264 2105.822
1558.233 1822.387
1851.316 1911.425
1852.230 2209.735
1498.057 2101.120
1806.406 2270.105
1749.797 1967.779
1489.157 2163.983
1559.575 1988.779
1920.266 1832.398
1490.853 1797.604
1620.322 2288.411
1516.848 1895.302
1970.021 2131.204
1803.168 1978.070
1506.891 2248.335
1939.008 2049.392
1899.259 2118.748
1817.978 1912.319
1700.756 1937.817
1615.651 2004.182
1639.298 2064.497
1484.595 2096.672
1901.995 1823.376
1522.398 2111.315
1712.343 1802.605
1655.284 1913.316
1622.049 2006.600
1516.663 1831.833
1660.274 2058.126
1640.743 1919.920
1959.022 2264.033
1605.407 1834.509
1710.459 2174.309
1952.508 1804.473
1977.616 2082.552
1651.381 2000.291
1744.615 1943.602
1517.398 2096.290
1970.948 2007.553
1717.821 1932.745
1551.510 2069.706
1904.964 2010.703
1877.281 1949.643
1769.507 2091.566
1526.203 2163.403
1504.826 2256.819
1911.478 2104.528
1489.298 2180.012
1632.961 2088.442
1658.377 1963.363
1593.126 2001.746
1600.585 1932.084
1784.238 2221.128
1830.995 2254.681
1749.393 2000.419
1842.950 2223.142
1709.070 1957.451
1810.313 1813.400
1905.253 2075.131
1488.171 1830.931
1911.547 1806.833
1768.221 2093.413
1663.901 2295.316
1879.940 2078.470
1872.470 2056.829
1547.511 2102.016
1723.727 2140.968
1684.262 2181.870
1976.038 2077.625
1945.989 2111.541
1869.005 2120.989
1813.458 1954.482
1676.742 2022.257
1866.197 1939.553
1488.122 2205.734
1592.814 1850.215
1504.721 1885.194
1541.485 2213.895
1868.729 1883.796
1842.449 2005.912
1970.413 1894.128
1650.988 1868.808
1707.120 1903.399
1647.632 1954.919
1877.052 2291.022
1770.062 2049.341
1706.677 2125.570
1514.796 2072.065
1647.489 2265.468
1576.609 1847.123
1767.693 2142.331
1916.316 2032.506
1967.690 2248.653
1558.629 2061.017
1525.981 1810.810
1728.473 1809.606
1948.118 2184.583
1850.152 2144.658
1661.444 2009.467
1860.413 1877.425
1813.623 1906.203
1970.308 1817.730
1728.630 1827.241
1624.912 2236.017
1847.909 2188.846
1773.012 2197.407
1736.050 2219.071
1585.808 2164.347
1959.656 1924.167
1514.289 2070.548
1648.095 1811.453
1876.282 1837.996
1850.724 1995.181
1723.191 2140.511
1640.947 2024.015
1634.149 2117.708
1726.882 2215.501
1742.266 2011.720
1863.550 1986.805
1594.263 1879.350
1574.539 1989.455
1974.635 2054.188
1948.229 1905.047
1777.887 2163.303
1601.642 2235.385
1758.688 2249.090
1613.532 2248.616
1734.406 1930.393
1573.231 2255.327
1531.775 1980.620
1872.473 1827.661
1506.902 2017.699
1962.055 2145.001
1900.521 1833.814
1750.387 2260.236
1920.573 1796.418
1526.306 2253.790
1799.440 1862.740
1690.697 1871.232
1666.848 1934.256
1670.656 2228.053
1859.268 1894.204
1954.655 1959.589
1615.727 2245.759
1877.953 2190.031
1974.657 2136.967
1965.479 1917.748
1574.218 2059.080
1570.007 1882.171
1699.299 2139.400
1918.134 2095.537
1928.620 1827.487
1953.376 1901.565
1867.056 1800.067
1876.479 1895.520
1846.334 2132.856
1545.430 2115.507
1935.966 1955.199
1970.133 2287.982
1485.656 2048.224
1642.708 2054.807
1621.496 1970.415
1665.526 1826.970
1832.738 2144.293
1630.728 2186.878
1572.137 2179.024
1673.407 2016.636
1638.780 2045.617
1677.033 2193.791
1971.471 1891.661
1582.895 1838.275
1845.140 2197.262
1874.350 1976.609
1752.735 2052.781
1901.740 1842.613
1597.407 2166.943
1889.780 2193.509
1562.732 1816.803
1742.963 2209.408
1827.554 2071.480
1580.045 2144.471
1595.004 2239.890
1571.907 1925.481
1950.185 1797.146
1961.925 1922.139
1808.170 2053.752
1868.144 1846.289
1977.664 2127.658
1727.416 2158.994
1770.265 2272.858
1730.379 1983.068
1837.931 2185.538
1730.224 2098.031
1825.066 2153.167
1871.619 1849.499
1944.135 2002.564
1837.619 2063.145
1547.494 1916.163
1895.153 2244.236
1935.593 1871.650
1750.705 1908.688
1538.012 1807.028
1667.348 2007.149
1782.297 2123.194
1847.735 1999.853
1732.250 2178.291
1756.570 2071.348
1515.734 1838.495
1714.708 1969.830
1613.463 1802.271
1962.760 2205.971
1505.307 1855.582
1532.248 2073.561
1856.378 2289.166
1893.274 1924.579
1843.745 1816.217
1800.401 1995.231
1515.081 2098.989
1579.345 2238.148
1870.408 1939.210
1917.857 1923.204
1712.506 1992.428
1627.362 1818.909
1625.858 1876.380
1886.086 2139.569
1664.869 2097.655
1922.396 2093.826
1949.540 2268.778
1818.612 1889.669
1976.146 1913.976
1955.637 2104.450
1746.627 2231.388
1870.746 2284.087
1975.420 2112.665
1887.431 1989.116
1786.495 2137.462
