10000 3
4666.667 4666.667
2081.006 3808.898
2167.803 3608.344
2272.900 3460.517
2234.244 3816.017
2068.195 3688.096
2032.387 3694.544
2404.165 3616.621
2218.021 3594.200
2087.042 3744.043
2115.667 3647.531
2229.219 3438.312
2425.806 3413.070
2223.592 3397.512
2435.619 3788.907
2252.358 3626.874
2113.336 3731.033
2233.069 3804.590
2412.679 3637.140
2136.387 3849.791
2040.512 3558.793
2088.186 3639.945
2023.964 3602.199
2306.152 3659.458
2296.079 3495.876
2275.771 3503.796
2332.426 3671.916
2033.287 3539.530
2118.908 3552.602
2057.322 3632.343
2160.261 3759.777
2253.531 3621.768
2478.083 3614.386
2334.554 3592.914
2084.335 3561.669
2304.400 3851.638
2503.938 3521.985
2211.130 3792.136
2329.240 3519.274
2063.112 3534.063
2118.311 3550.929
2212.042 3485.825
2051.802 3667.516
2307.600 3682.322
2199.727 3706.309
2506.053 3780.294
2442.011 3857.481
2501.807 3394.940
2170.036 3660.018
2076.824 3881.819
2144.400 3684.550
2406.049 3541.118
2375.859 3877.939
2238.577 3486.006
2359.237 3462.094
2361.089 3851.121
2162.669 3618.502
2237.925 3501.904
2260.441 3803.156
2159.491 3394.234
2422.483 3561.475
2504.107 3524.362
2451.859 3795.497
2485.636 3560.795
2145.036 3613.738
2327.756 3719.242
2422.227 3502.822
2332.329 3704.214
2193.546 3401.348
2326.640 3635.476
2148.639 3612.305
2242.966 3817.448
2391.121 3514.360
2273.748 3566.935
2370.200 3499.145
2340.083 3487.712
2324.246 3788.021
2052.889 3632.372
2026.744 3461.449
2155.350 3459.877
2425.139 3688.231
2259.595 3494.779
2272.148 3529.067
2303.380 3655.794
2065.080 3862.850
2069.379 3811.097
2222.940 3767.184
2264.727 3411.994
2320.224 3488.683
2355.704 3834.393
2035.934 3642.932
2495.789 3697.481
2348.812 3521.226
2179.565 3706.376
2249.402 3644.073
2395.834 3445.209
2145.527 3487.395
2359.313 3568.175
2507.191 3671.769
2257.627 3529.970
2397.026 3813.428
2327.278 3812.212
2126.081 3877.148
2052.015 3882.544
2187.178 3780.858
2101.743 3552.788
2257.188 3860.467
2487.245 3577.684
2443.831 3432.423
2456.064 3877.158
2041.761 3535.056
2087.579 3530.890
2044.934 3628.717
2373.054 3624.822
2385.014 3543.412
2028.647 3797.620
2243.280 3451.122
2260.244 3479.519
2094.420 3766.111
2221.894 3490.998
2219.667 3740.788
2489.414 3623.395
2308.991 3733.291
2153.784 3801.197
2237.465 3673.781
2268.261 3465.505
2202.589 3720.892
2135.349 3886.370
2318.452 3435.033
2072.302 3683.276
2300.026 3491.878
2049.174 3630.555
2066.980 3570.033
2209.882 3396.667
2409.601 3715.666
2128.734 3820.037
2378.621 3749.269
2208.311 3794.338
2185.457 3654.677
2081.004 3694.264
2092.759 3838.174
2320.946 3637.767
2201.892 3787.201
2164.747 3561.046
2021.106 3848.087
2085.603 3421.640
2066.884 3792.863
2453.132 3535.651
2091.860 3859.833
2410.590 3615.608
2271.487 3832.749
2267.279 3423.710
2304.082 3756.580
2222.651 3834.688
2468.456 3591.414
2472.528 3741.951
2137.612 3889.122
2040.909 3786.323
2200.057 3517.247
2147.968 3708.658
2102.637 3453.400
2245.237 3451.503
2199.435 3683.254
2507.943 3658.590
2026.614 3484.538
2231.948 3661.652
2256.690 3763.662
2129.776 3671.160
2382.620 3395.310
2260.147 3491.497
2229.574 3703.493
2070.913 3885.916
2235.700 3390.442
2221.907 3471.277
2098.802 3718.040
2324.841 3650.169
2126.314 3797.504
2072.058 3518.925
2089.448 3641.991
2362.949 3607.690
2344.281 3738.131
2333.660 3474.639
2414.069 3516.491
2446.498 3794.441
2249.243 3793.993
2147.584 3781.540
2144.540 3547.365
2082.356 3631.078
2308.842 3460.936
2496.634 3467.747
2267.590 3686.994
2181.740 3719.889
2083.830 3562.153
2493.741 3781.891
2218.030 3680.270
2457.391 3666.052
2038.208 3544.868
2408.623 3597.857
2104.856 3634.851
2442.573 3620.575
2428.757 3813.130
2090.985 3703.150
2159.774 3420.863
2023.643 3429.810
2131.216 3811.790
2035.123 3695.985
2080.703 3721.077
2415.443 3723.450
2020.795 3483.957
2405.842 3556.317
2214.517 3399.655
2217.693 3618.592
2248.884 3455.030
2178.586 3759.014
2457.121 3527.130
2272.974 3393.809
2030.446 3612.481
2391.310 3697.968
2194.555 3619.673
2450.676 3453.211
2320.790 3443.116
2370.622 3862.474
2489.351 3743.176
2300.949 3417.964
2098.976 3611.524
2397.864 3723.196
2317.644 3536.647
2453.476 3730.894
2261.317 3542.311
2313.447 3438.189
2196.766 3715.555
2181.165 3403.891
2181.882 3552.073
2505.131 3501.266
2069.575 3408.178
2008.777 3886.991
2414.044 3832.348
2303.177 3501.956
2221.198 3495.274
2299.270 3816.714
2300.136 3726.803
2405.271 3574.442
2143.951 3567.449
2158.427 3453.483
2075.817 3646.853
2279.820 3739.861
2222.214 3428.493
2329.271 3739.377
2335.090 3689.765
2194.824 3672.194
2385.010 3723.592
2192.286 3571.228
2203.840 3682.126
2325.183 3468.049
2251.963 3392.647
2497.154 3735.024
2102.846 3651.133
2418.143 3694.035
2055.439 3524.263
2436.338 3650.828
2195.108 3575.366
2028.452 3417.099
2303.973 3887.807
2151.948 3482.544
2394.781 3682.517
2284.796 3857.867
2230.221 3420.897
2249.093 3574.783
2399.986 3715.531
2471.642 3778.615
2236.593 3705.871
2395.598 3857.744
2302.783 3594.059
2312.756 3514.056
2168.307 3685.069
2169.863 3487.579
2409.606 3466.840
2466.883 3775.450
2047.673 3838.080
2203.832 3748.921
2379.464 3623.082
2363.753 3632.866
2141.945 3447.732
2050.982 3734.747
2471.266 3520.674
2446.545 3800.616
2042.900 3428.176
2492.423 3512.336
2447.825 3813.748
2125.290 3535.931
2242.700 3505.828
2049.558 3484.530
2165.032 3853.905
2337.316 3572.197
2176.568 3883.569
2065.148 3401.057
2447.486 3389.699
2200.318 3813.139
2340.533 3430.832
2265.106 3627.652
2238.617 3614.989
2044.663 3814.874
2111.181 3810.518
2371.135 3867.297
2011.166 3773.606
2184.461 3421.371
2406.388 3423.011
2139.553 3888.283
2103.729 3780.812
2167.379 3598.981
2330.695 3448.611
2328.083 3581.800
2401.509 3484.992
2213.235 3841.295
2462.826 3625.590
2162.155 3390.778
2495.594 3844.850
2174.635 3799.735
2167.596 3808.871
2161.551 3721.432
2413.001 3455.503
2038.026 3531.901
2267.378 3467.050
2459.217 3405.222
2122.785 3866.372
2373.919 3730.653
2430.388 3795.608
2270.062 3756.564
2439.255 3393.802
2224.785 3667.093
2212.101 3790.536
2144.975 3751.788
2290.439 3418.443
2487.454 3779.016
2131.896 3590.639
2136.081 3783.425
2276.963 3793.344
2267.067 3673.673
2440.511 3415.913
2370.450 3614.313
2252.349 3691.890
2029.661 3834.075
2059.461 3469.612
2481.526 3802.110
2121.637 3645.987
2010.800 3475.891
2389.244 3509.344
2422.057 3603.967
2257.370 3411.751
2416.194 3863.425
2051.052 3482.881
2223.595 3828.954
2183.224 3583.163
2207.182 3844.853
2143.769 3839.195
2211.152 3797.252
2117.775 3451.085
2071.536 3661.492
2249.826 3390.938
2312.603 3733.514
2048.685 3636.989
2356.087 3403.759
2068.512 3425.637
2158.230 3420.389
2366.209 3794.205
2103.583 3696.374
2389.424 3597.638
2098.957 3518.973
2295.893 3491.470
2219.043 3721.120
2387.252 3497.022
2370.764 3876.615
2092.391 3537.184
2449.612 3503.795
2048.477 3822.284
2170.160 3413.217
2358.777 3812.030
2312.922 3659.602
2016.046 3733.205
2154.963 3825.267
2098.956 3559.810
2414.001 3570.364
2155.520 3683.937
2009.317 3727.342
2067.318 3449.407
2453.731 3875.391
2369.294 3692.461
2154.109 3691.797
2275.519 3642.420
2098.804 3558.667
2353.783 3621.955
2109.723 3824.740
2485.329 3881.847
2136.914 3849.744
2343.805 3491.462
2123.972 3771.282
2436.117 3696.437
2270.948 3746.962
2333.098 3475.962
2123.188 3733.346
2472.216 3846.307
2202.739 3409.891
2492.743 3641.121
2240.715 3550.041
2431.902 3724.492
2156.369 3810.740
2183.255 3789.305
2306.755 3489.092
2046.873 3488.795
2439.090 3735.871
2284.402 3406.439
2279.924 3812.938
2291.713 3573.603
2194.688 3473.715
2245.074 3566.860
2304.906 3540.927
2303.439 3458.927
2361.683 3698.603
2019.770 3777.266
2318.130 3583.449
2083.119 3826.212
2497.649 3802.397
2018.441 3849.605
2387.575 3643.971
2464.748 3468.811
2485.000 3826.709
2368.315 3504.888
2465.301 3610.674
2012.899 3576.248
2504.701 3407.717
2194.735 3665.420
2480.835 3416.562
2492.857 3421.875
2473.670 3439.993
2416.709 3740.717
2440.214 3452.453
2321.707 3750.350
2048.266 3631.757
2249.199 3660.797
2081.990 3629.574
2114.982 3625.823
2087.989 3748.955
2223.214 3675.481
2036.504 3877.319
2312.170 3591.300
2439.837 3391.299
2239.422 3769.173
2113.506 3884.451
2081.585 3888.835
2162.202 3662.734
2447.936 3753.513
2382.748 3874.960
2119.948 3763.504
2203.416 3516.681
2325.809 3430.826
2436.120 3679.777
2292.900 3724.001
2310.886 3663.768
2139.018 3755.957
2270.429 3542.535
2462.830 3648.138
2312.286 3592.184
2354.622 3878.429
2459.442 3584.158
2078.010 3520.416
2296.259 3722.205
2506.197 3760.375
2073.103 3501.742
2245.930 3562.668
2358.476 3646.387
2462.795 3690.717
2170.952 3715.412
2134.003 3504.577
2296.260 3727.604
2434.213 3740.637
2038.655 3852.621
2396.786 3758.901
2177.841 3525.889
2356.534 3389.878
2352.435 3829.211
2092.073 3537.292
2403.949 3854.506
2155.620 3858.733
2489.751 3500.004
2133.473 3602.204
2274.720 3456.672
2154.144 3480.604
2403.278 3662.389
2034.249 3539.875
2404.873 3425.707
2342.335 3685.567
2117.826 3434.909
2313.095 3553.967
2208.460 3624.843
2152.706 3785.479
2165.033 3530.120
2104.377 3603.029
2165.788 3665.718
2089.231 3604.087
2407.591 3651.477
2238.632 3516.484
2088.738 3642.772
2277.313 3539.740
2035.358 3529.683
2335.542 3523.539
2041.027 3397.932
2086.395 3702.688
2350.346 3687.282
2356.853 3454.958
2416.694 3779.370
2310.001 3742.238
2502.922 3444.950
2101.186 3873.139
2411.569 3843.300
2153.518 3786.097
2358.010 3392.447
2261.463 3798.611
2325.268 3540.509
2180.381 3582.570
2150.026 3879.585
2391.285 3446.778
2277.382 3564.043
2191.249 3708.712
2424.809 3573.175
2339.570 3791.625
2398.384 3647.214
2428.004 3747.448
2051.046 3758.969
2126.575 3586.701
2296.844 3572.521
2276.360 3455.920
2295.150 3483.920
2297.496 3872.633
2392.050 3784.287
2206.898 3468.882
2324.720 3407.619
2474.573 3592.055
2505.080 3420.456
2367.038 3520.256
2103.195 3752.366
2136.258 3827.145
2297.395 3582.411
2477.370 3465.192
2066.777 3682.750
2064.966 3627.230
2380.295 3410.506
2269.379 3552.211
2498.822 3458.163
2076.543 3807.777
2329.254 3525.095
2078.458 3853.367
2498.287 3862.323
2175.976 3634.795
2341.051 3465.063
2283.393 3630.376
2347.192 3641.366
2407.019 3731.481
2211.830 3840.024
2467.026 3777.299
2294.166 3852.019
2326.545 3586.775
2123.799 3845.483
2184.990 3525.525
2170.286 3432.454
2211.167 3863.251
2178.936 3858.744
2188.753 3539.970
2207.687 3883.697
2055.875 3424.217
2043.298 3698.743
2432.183 3783.530
2503.002 3493.983
2133.849 3872.900
2387.010 3400.010
2434.652 3641.786
2185.833 3808.520
2501.947 3439.492
2125.990 3441.738
2402.497 3739.686
2474.278 3450.254
2334.083 3406.688
2325.623 3567.674
2336.724 3875.663
2058.844 3844.813
2485.020 3472.699
2174.366 3483.391
2286.882 3590.841
2324.753 3748.253
2346.880 3867.605
2272.884 3882.070
2459.881 3644.409
2125.010 3527.955
2423.541 3537.498
2137.680 3643.826
2308.268 3493.457
2077.772 3735.324
2227.167 3876.967
2071.950 3463.046
2313.111 3684.792
2421.333 3714.077
2209.677 3427.936
2318.808 3501.544
2198.873 3458.859
2047.299 3877.069
2245.391 3730.934
2103.588 3829.003
2260.724 3752.825
2330.547 3566.845
2478.014 3817.918
2201.851 3561.634
2312.336 3786.116
2389.845 3826.446
2077.356 3711.054
2059.145 3743.881
2015.260 3720.273
2421.675 3614.448
2151.258 3460.325
2327.033 3758.451
2279.343 3420.406
2013.864 3769.590
2449.950 3692.222
2454.901 3812.213
2293.670 3774.782
2458.367 3777.956
2264.267 3746.175
2414.894 3494.583
2141.372 3728.714
2034.055 3524.391
2455.453 3873.450
2474.346 3648.802
2207.841 3877.253
2010.956 3515.584
2279.769 3625.647
2169.350 3838.472
2046.107 3480.758
2336.620 3586.721
2367.588 3483.011
2132.970 3525.108
2076.003 3613.428
2139.193 3818.239
2368.162 3771.902
2497.813 3708.894
2252.836 3654.212
2132.309 3698.526
2370.974 3650.675
2422.924 3657.428
2037.747 3863.085
2033.929 3670.602
2475.869 3635.439
2437.366 3722.471
2075.363 3835.573
2064.574 3631.982
2408.345 3542.920
2299.162 3527.971
2061.361 3690.429
2255.399 3408.620
2092.099 3710.561
2035.850 3874.611
2017.861 3540.899
2017.632 3399.204
2307.482 3608.042
2393.476 3678.153
2225.519 3428.334
2108.166 3590.416
2252.284 3617.069
2418.329 3626.225
2358.670 3668.797
2430.134 3589.332
2136.785 3652.702
2318.749 3471.838
2012.929 3797.873
2382.699 3444.102
2077.002 3560.465
2364.255 3765.435
2122.207 3598.112
2234.184 3650.558
2214.664 3549.605
2009.190 3491.038
2145.681 3844.904
2013.393 3872.367
2140.721 3588.953
2323.999 3394.832
2057.432 3605.376
2431.166 3588.771
2457.113 3472.135
2281.758 3414.330
2270.887 3838.699
2030.144 3619.718
2293.642 3431.939
2385.133 3553.266
2357.070 3676.157
2063.710 3693.371
2319.597 3777.047
2337.611 3537.185
2013.732 3768.896
2293.364 3472.368
2247.970 3761.237
2128.671 3530.502
2324.857 3664.145
2249.843 3487.008
2237.641 3556.427
2032.917 3802.675
2230.030 3803.698
2158.115 3650.497
2416.297 3756.783
2461.276 3493.690
2183.313 3619.846
2190.669 3748.926
2389.784 3527.667
2271.194 3602.212
2249.133 3784.061
2502.288 3685.506
2245.945 3717.251
2035.303 3649.473
2377.087 3704.154
2068.490 3863.810
2181.940 3810.903
2126.856 3871.054
2073.552 3690.355
2474.999 3659.165
2184.634 3453.739
2193.633 3777.313
2322.955 3693.952
2251.828 3606.288
2427.800 3623.826
2204.637 3539.693
2310.502 3481.232
2020.137 3646.666
2092.747 3427.527
2427.376 3716.161
2330.694 3632.221
2070.713 3565.073
2308.953 3550.571
2114.982 3411.802
2355.425 3574.795
2434.849 3591.152
2318.089 3852.005
2382.596 3448.973
2508.185 3418.302
2321.583 3873.038
2394.381 3818.365
2467.351 3774.165
2358.926 3797.785
2156.069 3674.469
2355.935 3402.717
2478.728 3539.468
2110.892 3481.239
2442.519 3695.587
2051.395 3413.319
2309.514 3809.864
2324.412 3493.041
2178.458 3624.595
2276.457 3708.527
2074.138 3550.679
2198.533 3706.576
2167.181 3664.134
2071.413 3501.326
2494.642 3857.575
2402.881 3390.305
2207.198 3854.059
2267.598 3520.658
2316.861 3461.611
2125.654 3499.667
2072.107 3555.533
2028.384 3628.254
2229.945 3833.907
2496.350 3582.582
2184.994 3812.244
2257.272 3517.093
2333.430 3401.491
2100.492 3836.838
2250.103 3734.737
2276.960 3419.801
2029.881 3580.518
2268.805 3861.714
2482.086 3883.441
2416.139 3573.530
2111.375 3468.567
2017.782 3400.456
2081.535 3514.966
2168.548 3436.340
2338.846 3887.329
2438.307 3791.546
2119.400 3498.101
2311.753 3758.264
2030.740 3790.567
2208.801 3648.392
2269.097 3396.975
2258.081 3410.235
2145.339 3511.989
2480.644 3399.569
2087.541 3443.296
2495.221 3681.327
2139.826 3805.154
2488.083 3755.378
2355.241 3863.477
2491.545 3869.061
2084.774 3710.196
2378.530 3795.945
2419.016 3702.954
2089.147 3615.587
2153.623 3660.263
2503.515 3539.661
2350.666 3803.871
2353.262 3646.506
2398.237 3785.007
2493.244 3624.205
2182.016 3540.409
2297.412 3806.362
2180.112 3559.080
2312.109 3724.555
2346.856 3886.930
2212.501 3587.516
2242.975 3467.065
2115.658 3682.810
2126.686 3849.671
2484.273 3487.377
2271.740 3671.596
2224.688 3579.771
2340.940 3479.151
2027.318 3664.480
2136.003 3771.759
2243.285 3851.143
2232.631 3425.054
2232.770 3822.555
2401.931 3455.635
2041.509 3568.408
2468.618 3588.164
2110.984 3562.154
2507.999 3424.827
2350.604 3411.425
2370.947 3779.600
2223.172 3589.196
2068.168 3441.646
2485.402 3558.537
2238.874 3572.011
2338.677 3445.714
2394.435 3853.662
2474.333 3872.789
2462.758 3574.466
2248.775 3778.857
2092.504 3730.843
2030.186 3575.121
2294.154 3512.341
2366.694 3827.055
2044.843 3842.073
2079.444 3522.250
2065.626 3488.137
2297.620 3433.030
2177.046 3632.848
2498.937 3415.688
2237.615 3468.157
2135.116 3557.701
2147.167 3507.329
2162.099 3605.177
2144.980 3602.465
2181.872 3876.956
2039.369 3445.176
2397.607 3617.440
2447.804 3523.845
2015.898 3638.647
2256.980 3540.033
2385.688 3463.881
2359.110 3705.994
2269.822 3826.222
2418.244 3672.547
2402.553 3863.870
2301.621 3392.867
2137.097 3765.800
2129.634 3500.905
2310.395 3810.034
2108.881 3596.936
2488.837 3448.644
2069.978 3733.068
2236.098 3756.060
2488.612 3504.724
2187.301 3720.571
2084.286 3802.011
2255.187 3763.209
2200.926 3752.128
2323.438 3885.228
2326.724 3717.052
2424.632 3743.053
2285.876 3607.479
2477.478 3571.456
2442.216 3847.345
2343.699 3482.011
2031.634 3849.353
2329.281 3635.429
2327.871 3452.795
2263.625 3661.564
2163.247 3574.728
2308.126 3495.151
2156.371 3589.617
2090.425 3843.896
2317.439 3587.965
2395.961 3428.556
2501.933 3790.134
2261.066 3716.100
2391.915 3400.679
2296.571 3815.060
2056.686 3433.244
2419.486 3517.397
2046.239 3587.978
2293.192 3836.040
2405.300 3436.058
2407.321 3885.517
2315.430 3720.726
2361.334 3465.039
2066.437 3594.530
2072.892 3763.058
2454.345 3807.838
2027.303 3544.047
2105.428 3616.071
2304.658 3750.624
2403.913 3560.721
2070.061 3858.272
2505.507 3401.779
2051.333 3819.876
2110.470 3617.607
2076.468 3540.848
2215.862 3538.961
2337.355 3732.179
2306.838 3568.366
2201.661 3860.640
2262.112 3785.813
2019.760 3855.681
2117.097 3423.370
2347.752 3493.815
2127.081 3677.707
2470.717 3874.160
2359.901 3623.168
2131.655 3589.652
2250.725 3641.249
2094.366 3581.274
2095.982 3509.082
2273.185 3667.057
2452.969 3858.074
2064.689 3575.508
2193.634 3744.550
2173.927 3628.109
2291.111 3568.979
2116.633 3821.304
2382.425 3403.514
2135.902 3846.304
2401.311 3774.044
2230.118 3552.952
2195.044 3782.806
2314.615 3827.392
2312.312 3557.137
2358.324 3759.833
2444.572 3649.122
2010.967 3492.799
2293.337 3688.492
2270.357 3861.444
2033.394 3776.045
2361.908 3875.168
2508.521 3726.725
2102.795 3490.505
2131.350 3821.147
2344.327 3717.399
2501.664 3495.847
2483.486 3536.920
2345.473 3548.712
2455.360 3636.940
2456.025 3810.005
2495.319 3807.323
2033.296 3545.376
2055.137 3838.769
2053.233 3854.432
2406.058 3523.050
2366.177 3523.094
2104.803 3584.807
2492.639 3866.750
2290.998 3484.102
2171.546 3626.449
2493.764 3716.189
2395.671 3504.727
2205.150 3712.743
2099.393 3420.661
2240.495 3551.631
2363.842 3872.891
2466.760 3464.578
2169.167 3594.060
2363.999 3808.981
2448.968 3430.309
2273.294 3846.660
2305.160 3623.737
2205.609 3459.702
2417.216 3697.227
2353.046 3474.621
2047.585 3395.803
2086.854 3635.484
2488.742 3642.255
2089.035 3683.649
2216.124 3559.951
2200.103 3661.598
2041.466 3685.775
2429.172 3643.166
2377.658 3795.334
2413.673 3612.183
2263.336 3748.294
2023.368 3815.263
2423.099 3610.675
2485.543 3855.237
2401.925 3423.603
2278.767 3395.536
2223.181 3811.925
2063.291 3705.859
2102.120 3887.732
2045.676 3692.228
2116.050 3673.905
2503.903 3859.630
2238.680 3682.259
2323.773 3762.296
2097.495 3400.905
2236.652 3439.058
2465.634 3475.514
2061.401 3865.755
2031.999 3522.456
2240.762 3498.476
2478.642 3888.913
2010.237 3544.462
2210.625 3491.506
2374.590 3616.634
2496.398 3820.087
2199.694 3629.966
2262.950 3432.341
2369.651 3810.807
2475.237 3622.266
2048.528 3798.755
2135.772 3844.897
2486.227 3851.904
2387.708 3462.718
2307.013 3487.408
2282.283 3662.561
2028.997 3458.945
2064.953 3866.127
2450.470 3522.224
2460.116 3818.961
2062.574 3509.577
2345.071 3438.166
2143.872 3754.294
2419.626 3810.917
2362.751 3415.005
2340.071 3454.603
2446.552 3543.689
2455.326 3472.054
2362.758 3740.031
2185.361 3873.904
2028.017 3483.807
2282.627 3634.050
2410.273 3553.150
2141.253 3667.622
2043.776 3434.200
2423.286 3585.736
2243.892 3471.896
2295.558 3479.993
2120.887 3682.778
2499.767 3811.586
2051.202 3823.388
2346.940 3841.421
2395.910 3433.347
2390.003 3670.712
2079.697 3519.262
2202.968 3721.493
2033.783 3659.229
2285.186 3620.408
2246.424 3673.081
2410.291 3526.450
2217.010 3660.585
2317.093 3721.350
2169.991 3601.743
2027.222 3711.316
2040.891 3517.465
2124.535 3597.311
2364.363 3539.534
2460.654 3697.818
2279.862 3564.271
2156.665 3601.173
2285.912 3533.824
2494.010 3455.890
2440.737 3858.618
2474.258 3487.189
2279.295 3396.140
2167.327 3579.681
2081.699 3546.286
2104.359 3826.383
2321.339 3623.916
2364.802 3676.723
2125.609 3613.963
2104.559 3699.480
2018.126 3887.542
2113.106 3609.042
2063.845 3748.274
2345.028 3431.354
2107.328 3747.334
2297.249 3832.580
2174.596 3874.028
2495.330 3561.281
2049.768 3644.689
2431.860 3429.488
2227.685 3530.021
2390.714 3645.086
2085.680 3616.298
2232.348 3788.854
2248.975 3753.512
2333.825 3515.097
2282.728 3535.110
2150.674 3886.806
2299.108 3655.760
2361.072 3402.652
2505.497 3587.157
2414.408 3447.206
2060.661 3686.222
2454.869 3503.203
2416.717 3619.552
2163.688 3513.254
2340.523 3396.289
2492.235 3828.925
2220.064 3750.975
2142.939 3626.674
2223.458 3705.848
2465.172 3435.494
2403.982 3630.879
2354.952 3646.380
2406.237 3840.057
2389.595 3609.286
2164.009 3627.310
2120.620 3669.253
2389.490 3639.488
2011.804 3886.875
2473.416 3480.536
2189.985 3629.199
2388.410 3598.720
2423.685 3504.085
2385.182 3679.972
2356.480 3643.848
2500.551 3445.276
2435.915 3569.990
2029.677 3528.880
2233.503 3887.922
2008.571 3622.216
2251.910 3719.368
2163.476 3678.836
2270.686 3602.595
2200.925 3613.057
2123.425 3680.954
2049.498 3473.778
2502.676 3694.478
2211.103 3811.672
2439.322 3617.782
2333.997 3464.667
2383.053 3833.274
2294.325 3780.589
2424.997 3571.783
2345.070 3664.957
2170.665 3615.027
2360.959 3425.299
2293.612 3653.853
2348.914 3462.421
2013.675 3843.378
2262.414 3815.730
2308.496 3517.579
2081.863 3579.713
2225.642 3816.964
2289.772 3473.747
2062.099 3578.186
2035.372 3433.441
2320.351 3785.182
2414.859 3724.954
2355.969 3623.803
2402.253 3556.516
2012.925 3471.344
2065.986 3889.151
2482.886 3477.946
2386.025 3393.835
2153.735 3643.701
2412.419 3415.552
2176.801 3467.797
2346.157 3865.830
2175.044 3715.007
2114.866 3422.847
2019.010 3719.469
2161.255 3665.483
2445.894 3663.918
2371.858 3829.813
2171.811 3870.589
2331.487 3572.897
2128.809 3616.446
2128.515 3724.126
2478.281 3599.830
2203.087 3422.673
2331.529 3728.180
2168.476 3879.134
2280.174 3433.357
2358.608 3709.781
2243.301 3562.959
2502.772 3750.027
2123.911 3454.115
2188.618 3517.333
2471.961 3498.639
2023.998 3487.424
2291.745 3780.086
2197.778 3735.771
2494.977 3738.877
2172.441 3526.593
2162.010 3664.044
2242.689 3883.813
2401.738 3692.947
2094.031 3769.769
2201.892 3802.260
2156.717 3603.835
2206.631 3420.125
2490.623 3585.912
2135.409 3548.710
2164.020 3523.029
2179.094 3809.036
2141.031 3525.317
2363.514 3812.815
2081.657 3654.285
2038.228 3515.214
2243.809 3710.878
2055.989 3726.744
2478.471 3849.460
2019.763 3510.916
2040.438 3751.944
2116.322 3687.527
2121.645 3813.338
2083.726 3456.019
2009.552 3840.184
2186.059 3681.614
2281.936 3680.992
2441.770 3483.174
2076.404 3773.582
2231.980 3525.245
2187.410 3454.126
2150.158 3722.104
2024.514 3663.523
2141.922 3498.721
2488.553 3694.969
2233.408 3607.031
2470.852 3534.528
2121.365 3860.312
2404.947 3443.746
2466.668 3843.458
2325.793 3638.232
2428.360 3648.638
2507.201 3882.791
2030.357 3599.267
2074.094 3733.065
2350.119 3790.809
2182.418 3534.067
2287.979 3871.171
2260.679 3514.330
2431.450 3658.241
2425.332 3528.742
2176.775 3546.001
2485.718 3782.304
2443.214 3695.636
2171.464 3714.442
2355.479 3544.765
2158.681 3605.554
2330.526 3623.419
2064.109 3711.557
2251.114 3596.236
2250.934 3685.488
2083.786 3610.042
2490.995 3752.141
2029.813 3633.063
2215.370 3505.978
2049.901 3737.693
2363.981 3867.379
2289.171 3390.475
2065.521 3557.489
2354.583 3799.044
2222.991 3615.094
2272.961 3594.429
2229.060 3804.626
2436.910 3857.137
2402.064 3537.714
2054.372 3755.335
2104.827 3772.536
2367.402 3484.749
2284.156 3579.990
2211.907 3516.915
2375.819 3436.302
2321.384 3660.434
2411.625 3768.111
2340.387 3621.990
2441.769 3637.924
2216.576 3762.973
2068.731 3647.653
2371.320 3809.316
2032.307 3748.205
2102.897 3392.493
2125.379 3447.140
2143.157 3748.296
2499.815 3737.529
2236.260 3513.055
2345.190 3660.942
2484.689 3696.627
2410.729 3484.672
2249.108 3565.166
2064.865 3462.821
2110.261 3581.999
2103.444 3734.440
2034.000 3573.451
2126.377 3819.293
2230.382 3625.112
2378.868 3885.939
2259.637 3620.700
2407.887 3689.822
2474.408 3817.203
2265.799 3576.675
2332.234 3731.198
2085.412 3885.727
2398.083 3551.499
2342.370 3594.403
2329.322 3415.854
2359.950 3747.037
2329.345 3466.916
2027.661 3469.221
2457.878 3493.490
2058.105 3654.580
2378.423 3813.107
2297.872 3391.855
2231.974 3836.423
2408.158 3811.192
2313.645 3433.512
2190.177 3532.214
2275.826 3473.176
2188.325 3672.200
2417.786 3840.734
2230.131 3796.077
2100.481 3529.899
2078.081 3816.111
2427.967 3856.901
2184.210 3452.633
2183.617 3706.258
2057.483 3600.111
2257.613 3554.550
2358.415 3763.493
2199.429 3550.277
2287.030 3559.283
2105.844 3533.797
2049.597 3449.790
2137.082 3431.175
2428.388 3740.111
2285.135 3650.311
2398.577 3636.204
2033.807 3699.281
2427.138 3808.235
2307.897 3445.471
2494.239 3860.363
2237.437 3778.514
2205.663 3495.281
2021.426 3824.100
2179.000 3834.785
2032.329 3869.808
2030.588 3813.747
2040.010 3658.859
2045.694 3865.797
2491.545 3404.137
2437.087 3731.228
2014.718 3470.235
2100.045 3691.622
2447.550 3536.965
2054.803 3756.346
2480.580 3798.290
2335.468 3746.260
2108.714 3841.826
2052.117 3395.217
2169.965 3621.323
2200.016 3573.445
2269.362 3572.474
2317.110 3689.894
2242.085 3441.704
2503.024 3457.132
2104.964 3746.843
2248.512 3752.081
2277.662 3531.157
2198.398 3526.665
2137.090 3465.044
2098.121 3554.664
2079.476 3833.056
2078.701 3692.809
2487.503 3644.291
2145.849 3803.426
2201.799 3439.318
2202.174 3762.776
2416.590 3738.284
2429.671 3707.904
2128.763 3608.766
2294.380 3679.750
2358.843 3449.930
2224.228 3468.866
2158.654 3534.363
2157.155 3501.867
2081.308 3597.655
2454.743 3770.558
2402.600 3489.845
2354.301 3758.842
2384.618 3444.801
2458.577 3805.610
2090.382 3444.321
2034.554 3455.983
2061.293 3585.250
2049.968 3408.860
2092.862 3708.514
2031.595 3795.573
2274.321 3619.325
2254.509 3683.099
2172.828 3848.323
2309.142 3721.107
2245.939 3463.075
2384.131 3512.533
2043.502 3859.108
2248.641 3772.721
2157.395 3880.580
2424.472 3694.937
2390.165 3440.109
2329.040 3819.770
2503.590 3734.054
2033.588 3849.100
2399.741 3761.954
2112.956 3487.004
2492.800 3456.519
2115.520 3643.794
2178.214 3408.962
2341.110 3610.675
2486.311 3587.979
2015.774 3555.340
2139.652 3432.860
2086.157 3419.361
2185.389 3618.713
2023.741 3503.369
2081.580 3479.049
2046.168 3530.931
2245.678 3537.009
2214.677 3754.266
2100.833 3661.527
2092.265 3482.334
2346.019 3631.651
2290.575 3438.951
2422.226 3838.034
2080.746 3692.025
2155.298 3871.118
2087.533 3805.467
2483.009 3877.542
2505.315 3834.699
2070.060 3746.622
2432.909 3789.148
2390.186 3696.295
2344.627 3539.096
2093.318 3699.288
2156.211 3660.271
2388.191 3527.324
2131.354 3484.865
2303.132 3578.087
2178.065 3419.457
2365.259 3396.241
2465.240 3549.940
2500.459 3642.635
2341.689 3499.224
2133.144 3574.091
2356.378 3494.452
2466.492 3565.009
2259.006 3818.379
2087.608 3491.644
2184.422 3619.155
2012.782 3538.341
2401.506 3405.494
2098.631 3709.436
2016.996 3868.267
2203.174 3506.929
2073.119 3691.915
2379.556 3854.554
2229.533 3459.245
2059.031 3422.485
2380.664 3794.364
2114.610 3832.813
2391.119 3556.824
2239.511 3747.667
2218.770 3825.363
2248.994 3447.161
2444.144 3669.383
2226.622 3657.387
2052.732 3839.930
2314.310 3855.691
2312.758 3395.539
2438.991 3476.293
2338.435 3439.723
2179.599 3416.052
2059.732 3494.565
2081.047 3486.490
2340.995 3463.665
2212.466 3572.843
2105.946 3614.926
2022.929 3489.722
2339.695 3680.475
2340.420 3566.762
2131.383 3833.968
2440.053 3881.995
2067.470 3697.507
2300.979 3803.222
2385.077 3647.038
2054.677 3605.863
2481.447 3510.307
2275.388 3691.496
2081.328 3677.388
2396.751 3856.703
2212.044 3851.955
2502.745 3436.188
2338.423 3538.814
2476.253 3553.039
2211.620 3491.179
2130.568 3540.492
2486.461 3542.619
2487.799 3694.556
2482.268 3773.372
2044.560 3789.620
2133.563 3523.598
2255.117 3511.697
2504.555 3780.622
2198.911 3577.596
2194.488 3646.032
2395.215 3539.163
2305.419 3792.757
2482.886 3683.011
2438.399 3421.748
2277.584 3863.853
2045.038 3843.699
2181.268 3667.551
2123.236 3824.782
2420.707 3398.225
2441.536 3667.572
2047.669 3859.489
2316.679 3636.847
2361.716 3879.359
2220.187 3411.691
2163.561 3839.407
2275.464 3541.199
2221.869 3683.184
2069.502 3656.864
2454.457 3831.136
2460.369 3643.055
2143.671 3521.113
2224.664 3471.129
2189.541 3828.723
2343.587 3681.738
2391.339 3816.337
2468.370 3826.553
2032.981 3847.937
2075.341 3800.949
2386.718 3672.939
2246.581 3699.747
2501.284 3764.578
2353.986 3621.714
2042.474 3589.587
2444.024 3455.274
2247.741 3500.690
2010.947 3413.086
2031.269 3532.682
2146.547 3437.447
2217.255 3821.829
2442.768 3437.940
2071.640 3875.396
2371.632 3478.201
2142.593 3403.620
2398.418 3805.219
2318.418 3682.248
2098.672 3806.695
2350.996 3757.406
2221.308 3550.479
2161.354 3711.610
2196.687 3700.943
2165.642 3581.134
2192.169 3778.300
2182.742 3472.822
2497.721 3642.792
2153.765 3535.736
2032.186 3827.725
2193.987 3705.244
2233.744 3636.385
2091.011 3719.471
2068.520 3453.154
2109.240 3812.426
2230.255 3565.921
2496.691 3664.940
2389.783 3425.975
2230.016 3428.356
2301.971 3728.149
2494.479 3448.756
2038.527 3840.586
2255.567 3722.366
2100.769 3585.244
2043.854 3864.383
2018.906 3844.526
2323.607 3634.076
2320.643 3444.369
2336.273 3393.857
2149.759 3817.672
2174.142 3766.345
2369.556 3857.309
2370.017 3515.988
2299.515 3863.990
2321.011 3806.613
2173.819 3404.650
2364.973 3883.658
2267.461 3573.169
2127.931 3620.241
2040.280 3739.229
2267.367 3600.533
2481.296 3670.877
2107.586 3415.669
2358.556 3779.715
2357.989 3837.081
2077.983 3473.253
2325.480 3595.876
2416.814 3629.561
2096.015 3463.187
2307.426 3426.025
2035.062 3766.296
2073.245 3462.226
2233.886 3465.851
2337.088 3655.721
2455.008 3644.897
2383.892 3473.332
2106.722 3586.433
2457.746 3396.840
2232.369 3532.601
2295.868 3561.442
2381.021 3435.487
2386.388 3874.400
2348.660 3575.846
2108.196 3545.370
2273.587 3872.069
2260.793 3566.942
2356.241 3559.979
2198.454 3475.102
2217.419 3406.833
2432.789 3828.091
2261.934 3684.549
2442.173 3887.970
2272.601 3395.928
2230.034 3741.711
2133.814 3858.175
2501.258 3849.320
2340.067 3463.819
2414.261 3502.729
2186.205 3882.104
2195.141 3596.014
2025.418 3854.488
2393.014 3435.727
2055.403 3790.603
2358.166 3448.016
2255.941 3568.414
2479.693 3855.385
2383.014 3619.391
2119.956 3657.205
2358.520 3869.113
2363.172 3837.176
2411.058 3565.516
2332.274 3625.108
2018.883 3425.308
2063.499 3502.647
2449.420 3820.710
2163.046 3422.845
2497.136 3483.838
2049.059 3884.604
2226.656 3566.044
2498.224 3498.148
2480.696 3412.616
2335.238 3670.739
2271.935 3664.763
2430.246 3607.708
2309.270 3546.747
2458.742 3740.247
2287.173 3810.563
2467.293 3556.163
2317.580 3629.770
2279.728 3887.254
2256.759 3620.177
2108.491 3686.759
2360.947 3657.758
2045.201 3627.091
2164.920 3602.669
2476.730 3559.768
2369.219 3673.445
2066.971 3830.262
2011.251 3474.996
2289.150 3426.850
2300.367 3745.999
2415.749 3779.706
2094.500 3640.666
2297.964 3658.542
2397.835 3854.155
2471.827 3845.323
2213.958 3579.518
2254.643 3608.319
2313.228 3567.735
2064.878 3559.379
2334.499 3592.439
2100.732 3854.886
2462.535 3774.168
2011.843 3765.117
2360.405 3642.720
2383.906 3633.407
2089.195 3543.357
2421.704 3667.783
2131.014 3703.726
2080.782 3426.403
2225.184 3450.960
2402.219 3584.819
2271.304 3820.780
2244.306 3810.238
2319.220 3876.279
2231.418 3680.303
2401.341 3767.634
2105.889 3740.868
2122.546 3727.786
2241.146 3644.934
2090.007 3460.637
2420.598 3462.956
2245.191 3542.220
2433.065 3659.742
2449.003 3742.421
2168.839 3669.451
2294.762 3669.340
2147.699 3876.428
2429.437 3593.648
2177.848 3535.343
2054.254 3675.110
2051.553 3798.454
2226.063 3491.656
2152.074 3830.357
2077.849 3504.390
2404.175 3473.704
2266.329 3698.873
2247.973 3584.439
2295.294 3840.497
2296.253 3616.494
2326.269 3439.322
2335.705 3801.829
2316.729 3740.127
2366.186 3859.500
2401.081 3613.644
2036.056 3426.965
2273.516 3486.273
2270.830 3402.880
2207.431 3680.850
2049.230 3588.314
2474.890 3782.313
2485.532 3813.448
2069.232 3685.432
2184.041 3549.494
2098.512 3873.604
2506.256 3731.660
2238.481 3862.419
2050.898 3711.286
2095.944 3729.590
2321.126 3756.355
2348.884 3693.967
2489.212 3743.295
2416.412 3832.768
2105.323 3488.733
2436.658 3568.000
2061.255 3433.225
2250.036 3830.075
2340.581 3706.084
2187.326 3537.625
2030.237 3586.602
2216.245 3477.258
2276.390 3519.797
2223.572 3533.170
2266.416 3434.835
2146.822 3652.075
2085.406 3401.988
2063.850 3578.596
2231.725 3444.979
2099.217 3692.919
2288.058 3548.861
2073.880 3495.404
2220.371 3526.960
2280.827 3623.422
2387.722 3597.123
2085.393 3546.146
2285.430 3710.888
2348.133 3478.190
2447.364 3615.960
2401.078 3617.994
2013.525 3514.194
2208.820 3738.457
2411.981 3580.309
2437.704 3709.933
2234.284 3674.380
2465.524 3496.756
2017.386 3591.035
2009.140 3632.889
2050.736 3638.549
2354.929 3794.141
2160.825 3603.203
2273.485 3607.655
2316.892 3537.337
2025.465 3829.777
2195.831 3484.855
2306.702 3468.639
2494.599 3591.226
2389.097 3772.590
2374.603 3442.137
2472.677 3886.642
2328.162 3429.372
2139.291 3677.002
2489.776 3752.707
2103.864 3633.966
2489.673 3801.541
2421.372 3434.631
2446.601 3792.911
2206.485 3501.598
2496.561 3504.964
2261.282 3661.457
2348.200 3811.652
2482.745 3435.426
2259.266 3609.842
2110.790 3621.922
2304.544 3659.099
2273.007 3441.480
2071.629 2877.606
2111.508 2925.934
2061.520 2601.792
2343.778 2537.881
2036.613 2941.387
2338.619 2908.357
2449.476 2897.541
2231.842 2624.538
2366.822 2774.149
2123.729 2559.550
2362.218 2838.773
2260.077 2509.872
2407.478 2543.131
2178.330 2451.600
2209.901 2793.510
2046.988 2551.672
2513.780 2637.764
2392.355 2526.377
2522.076 2650.841
2214.098 2509.618
2445.223 2863.745
2381.690 2585.875
2303.416 2687.405
2304.439 2697.024
2082.946 2462.462
2157.530 2706.516
2066.734 2692.333
2398.102 2827.009
2445.469 2514.578
2413.004 2571.356
2177.897 2692.070
2280.036 2556.387
2050.347 2568.221
2153.314 2941.441
2294.396 2902.313
2483.937 2670.380
2136.460 2605.329
2527.026 2604.102
2206.824 2826.389
2290.061 2605.900
2099.858 2873.935
2255.404 2551.791
2354.624 2941.752
2099.495 2818.897
2234.877 2901.128
2321.078 2540.619
2203.716 2541.991
2257.770 2533.125
2329.832 2506.193
2512.385 2930.291
2298.476 2703.934
2088.294 2519.491
2486.447 2770.993
2048.615 2535.983
2476.713 2528.726
2218.501 2704.204
2251.455 2809.619
2097.306 2655.939
2264.597 2779.943
2441.758 2539.170
2327.195 2754.214
2067.486 2862.205
2483.086 2884.927
2068.417 2447.872
2410.591 2936.331
2305.612 2627.641
2345.975 2466.014
2384.395 2637.415
2392.697 2819.227
2419.148 2789.211
2189.901 2516.460
2106.748 2495.267
2153.219 2813.140
2166.950 2651.170
2036.136 2821.293
2067.167 2647.393
2463.675 2749.560
2267.780 2745.961
2138.232 2647.128
2356.660 2803.156
2473.064 2488.869
2261.979 2546.982
2240.357 2830.477
2213.231 2931.923
2502.647 2691.029
2094.715 2832.244
2186.576 2714.105
2271.897 2556.373
2229.546 2848.649
2383.097 2810.343
2339.354 2636.517
2476.288 2708.798
2356.619 2753.615
2154.926 2700.763
2254.091 2784.161
2176.374 2811.923
2059.200 2582.387
2353.023 2891.347
2302.103 2820.038
2486.990 2498.044
2131.208 2627.089
2055.466 2769.780
2328.840 2645.327
2484.695 2516.519
2377.985 2823.293
2435.320 2879.816
2085.476 2626.643
2313.245 2782.400
2053.856 2804.318
2486.935 2664.151
2407.851 2723.118
2364.996 2610.002
2084.412 2775.802
2343.903 2558.543
2289.113 2603.282
2452.012 2928.336
2218.584 2695.515
2347.299 2702.126
2504.853 2650.848
2419.258 2818.676
2381.548 2496.466
2121.435 2904.224
2232.467 2846.712
2406.948 2617.379
2360.070 2885.739
2157.793 2544.723
2514.968 2555.248
2379.798 2724.272
2204.993 2480.766
2500.596 2938.608
2208.701 2830.732
2277.308 2854.974
2226.313 2800.263
2139.607 2549.705
2462.768 2810.791
2333.252 2509.022
2434.029 2632.621
2413.870 2591.341
2336.005 2754.282
2312.732 2787.837
2453.592 2788.398
2465.201 2512.279
2055.785 2468.146
2435.357 2506.938
2215.843 2928.678
2209.484 2840.695
2173.803 2836.689
2078.582 2608.013
2083.275 2794.712
2417.518 2597.788
2242.243 2654.938
2505.627 2776.081
2239.970 2809.072
2475.385 2783.255
2469.980 2778.727
2071.460 2848.423
2319.351 2720.960
2470.407 2498.840
2300.248 2499.628
2360.297 2898.850
2462.827 2667.118
2525.653 2895.447
2473.920 2572.547
2493.419 2853.576
2346.316 2718.392
2069.781 2841.984
2241.754 2617.100
2232.696 2826.810
2442.017 2719.841
2513.801 2543.110
2477.675 2689.004
2191.981 2604.610
2109.249 2565.204
2531.268 2836.810
2511.984 2643.310
2075.726 2597.508
2220.855 2878.818
2036.564 2911.739
2035.585 2517.053
2441.047 2587.342
2140.975 2809.872
2505.332 2591.035
2322.774 2895.073
2401.878 2787.856
2323.995 2784.773
2302.519 2768.712
2035.070 2510.353
2260.019 2859.416
2310.999 2879.870
2107.564 2499.829
2106.720 2746.555
2075.070 2925.401
2143.850 2480.538
2294.856 2493.499
2358.599 2766.270
2216.628 2490.807
2444.791 2832.330
2180.470 2936.594
2215.976 2919.832
2468.532 2530.034
2152.877 2487.386
2256.719 2852.359
2497.640 2836.321
2374.652 2806.652
2488.317 2558.771
2160.286 2892.538
2124.470 2599.006
2468.007 2874.474
2178.838 2565.177
2477.787 2455.029
2404.796 2553.462
2447.155 2771.540
2192.298 2694.111
2467.617 2795.940
2506.856 2841.458
2353.932 2645.945
2236.586 2621.052
2362.273 2808.390
2338.308 2887.966
2073.566 2688.036
2366.327 2486.331
2503.662 2657.399
2057.235 2692.150
2099.264 2931.581
2222.065 2765.890
2211.441 2560.997
2491.361 2813.371
2490.557 2453.111
2328.780 2865.952
2470.184 2827.244
2512.719 2501.402
2479.028 2548.156
2164.567 2923.202
2228.001 2472.736
2239.582 2907.493
2099.781 2828.044
2181.606 2461.481
2397.603 2635.402
2462.700 2725.519
2104.856 2496.443
2082.984 2757.459
2244.337 2558.945
2152.139 2855.616
2407.705 2522.981
2259.966 2799.552
2290.368 2823.007
2347.108 2920.713
2389.070 2653.239
2295.186 2695.831
2135.395 2619.445
2204.890 2827.178
2124.632 2623.787
2220.742 2835.857
2384.821 2853.876
2312.417 2822.147
2224.668 2611.985
2501.418 2787.511
2250.002 2830.010
2039.481 2639.541
2440.279 2535.836
2201.453 2942.639
2304.939 2681.576
2225.655 2709.990
2171.757 2608.579
2052.483 2896.132
2133.448 2569.350
2528.757 2589.305
2209.263 2796.434
2363.898 2875.332
2377.957 2778.839
2221.111 2799.905
2268.509 2736.117
2298.795 2743.546
2167.662 2795.239
2361.243 2536.324
2366.525 2802.726
2128.515 2618.336
2236.959 2711.892
2421.709 2605.277
2464.567 2727.193
2077.051 2915.865
2443.928 2508.055
2379.727 2819.166
2162.764 2842.845
2482.454 2461.791
2494.384 2789.803
2212.706 2508.028
2357.528 2700.537
2200.531 2615.600
2129.730 2782.594
2214.045 2857.399
2116.467 2916.666
2512.976 2920.928
2399.944 2535.566
2357.889 2852.108
2455.026 2776.753
2254.799 2488.632
2422.965 2471.819
2263.952 2571.856
2209.608 2725.888
2478.622 2743.469
2405.585 2850.526
2276.658 2598.839
2234.748 2540.081
2483.124 2831.057
2117.134 2765.097
2482.276 2727.647
2270.574 2788.044
2269.433 2895.657
2089.607 2615.209
2169.680 2509.725
2501.991 2854.928
2423.471 2878.084
2328.443 2725.136
2473.668 2873.844
2086.591 2518.755
2239.225 2932.611
2064.909 2647.804
2389.190 2890.180
2293.554 2842.577
2381.755 2934.007
2148.722 2674.509
2490.397 2561.280
2345.640 2685.544
2240.586 2546.978
2289.122 2908.525
2264.116 2679.511
2353.362 2485.577
2263.662 2810.848
2215.469 2801.370
2482.564 2520.983
2344.050 2549.194
2444.717 2832.818
2298.019 2581.177
2294.064 2584.206
2493.013 2584.635
2210.145 2545.116
2295.334 2822.720
2440.294 2582.254
2111.784 2622.970
2134.461 2592.985
2361.616 2778.126
2526.861 2587.037
2148.330 2478.024
2395.879 2626.603
2506.018 2679.627
2352.071 2467.022
2398.338 2454.227
2428.668 2668.765
2477.883 2577.542
2220.877 2746.772
2324.303 2870.498
2063.504 2885.493
2193.559 2521.330
2411.037 2547.966
2096.152 2788.868
2209.166 2629.729
2281.708 2476.802
2526.655 2711.130
2362.852 2608.593
2311.804 2771.821
2115.635 2894.287
2067.077 2735.292
2401.651 2497.592
2345.564 2768.365
2473.217 2893.563
2192.235 2842.097
2156.442 2939.381
2124.181 2921.407
2058.510 2752.847
2452.900 2836.601
2340.656 2474.133
2233.832 2710.008
2410.185 2785.041
2172.683 2556.135
2407.888 2609.688
2366.386 2626.953
2120.963 2750.543
2484.650 2795.804
2404.858 2864.732
2368.228 2878.895
2192.547 2594.953
2285.224 2668.755
2318.545 2924.062
2159.077 2686.631
2401.335 2525.046
2345.227 2566.551
2145.358 2903.875
2185.779 2568.050
2126.210 2689.688
2169.919 2618.428
2335.086 2672.469
2069.354 2848.148
2416.636 2527.105
2473.255 2672.136
2251.922 2502.542
2524.171 2716.188
2254.287 2712.836
2339.880 2831.676
2413.805 2530.610
2268.542 2498.033
2130.671 2794.653
2348.604 2915.298
2374.224 2728.999
2172.670 2871.983
2069.160 2893.479
2140.073 2700.229
2373.137 2756.231
2266.700 2622.642
2196.917 2757.354
2078.990 2860.091
2183.198 2579.861
2266.277 2667.565
2051.410 2581.920
2238.882 2607.186
2286.913 2546.497
2430.614 2631.672
2480.498 2703.445
2427.864 2906.686
2247.062 2915.360
2250.288 2821.428
2224.231 2737.881
2382.230 2743.707
2182.999 2645.636
2285.159 2861.819
2500.874 2875.891
2299.128 2473.112
2410.449 2485.632
2252.711 2627.472
2432.768 2579.470
2474.246 2646.969
2483.840 2451.628
2281.207 2843.440
2211.288 2830.565
2368.910 2703.872
2048.060 2496.948
2156.756 2812.558
2050.798 2776.408
2360.800 2572.495
2137.364 2508.624
2359.604 2531.665
2372.380 2904.485
2401.006 2870.726
2348.863 2532.912
2510.823 2540.779
2126.602 2834.970
2065.080 2876.013
2103.219 2694.419
2291.215 2836.490
2342.354 2504.530
2207.698 2821.506
2392.466 2872.144
2065.483 2826.756
2158.681 2526.206
2526.052 2914.002
2253.906 2572.851
2428.710 2860.116
2456.176 2582.952
2177.748 2735.760
2095.496 2767.934
2141.466 2645.359
2373.245 2603.655
2485.393 2594.710
2367.724 2773.945
2111.044 2520.543
2498.034 2776.332
2142.268 2493.861
2295.780 2604.303
2421.548 2917.225
2286.345 2582.485
2057.969 2810.134
2134.865 2756.228
2150.851 2939.366
2454.299 2616.759
2421.909 2838.079
2302.094 2513.993
2426.690 2466.502
2224.836 2614.776
2451.016 2927.074
2117.380 2666.133
2198.417 2687.119
2266.352 2569.913
2341.435 2806.425
2500.160 2932.016
2408.851 2551.376
2138.883 2682.661
2112.272 2535.069
2428.599 2518.405
2038.339 2572.793
2101.500 2462.924
2466.532 2715.776
2170.754 2921.543
2382.490 2864.613
2085.248 2834.968
2481.668 2733.290
2297.922 2921.350
2102.652 2739.234
2311.623 2841.268
2438.193 2533.073
2141.977 2821.410
2477.168 2811.686
2336.473 2698.862
2362.559 2816.613
2478.441 2932.346
2445.496 2612.710
2434.039 2693.323
2112.475 2805.930
2516.548 2736.800
2492.298 2445.826
2374.054 2884.083
2416.788 2813.875
2264.891 2796.979
2323.253 2669.492
2232.931 2544.541
2050.661 2770.409
2331.649 2644.591
2412.463 2683.259
2343.030 2758.110
2471.641 2731.200
2214.213 2816.508
2370.338 2813.332
2404.503 2490.305
2461.468 2625.582
2358.940 2711.534
2472.202 2471.951
2252.265 2487.430
2399.882 2462.552
2521.494 2908.648
2288.017 2702.992
2093.097 2808.167
2356.997 2672.113
2213.410 2766.258
2097.472 2615.808
2203.355 2910.255
2504.013 2820.938
2089.343 2624.669
2231.204 2922.495
2473.777 2577.329
2428.395 2587.147
2374.924 2596.963
2080.982 2519.085
2238.659 2672.685
2072.925 2826.646
2087.215 2803.758
2458.571 2935.778
2507.882 2570.388
2062.038 2713.135
2231.217 2693.828
2348.062 2678.873
2245.841 2611.490
2139.926 2761.459
2205.725 2672.952
2183.107 2583.438
2095.800 2919.282
2283.379 2766.199
2495.420 2810.946
2274.499 2867.347
2161.419 2722.423
2403.271 2926.591
2331.780 2690.936
2170.798 2939.384
2399.141 2587.299
2388.236 2513.685
2061.864 2737.578
2293.284 2869.513
2300.006 2907.029
2340.612 2792.985
2220.415 2695.591
2360.400 2576.883
2153.961 2494.655
2302.847 2923.964
2246.437 2502.139
2411.915 2622.760
2460.184 2585.102
2416.230 2537.395
2091.831 2627.816
2456.214 2937.043
2480.374 2858.795
2301.203 2855.984
2234.600 2621.055
2263.560 2753.306
2069.321 2545.005
2433.238 2927.830
2445.553 2457.689
2508.164 2579.159
2037.435 2693.044
2375.757 2826.439
2131.775 2650.408
2358.627 2482.624
2484.773 2909.647
2519.236 2665.762
2457.394 2814.240
2076.005 2488.656
2237.400 2802.598
2180.110 2823.918
2454.019 2707.268
2225.761 2815.622
2302.366 2654.116
2470.179 2608.767
2527.097 2533.122
2189.576 2881.987
2361.842 2641.763
2316.555 2756.125
2237.914 2644.486
2071.361 2695.089
2373.482 2822.122
2283.569 2773.981
2199.309 2680.813
2207.837 2717.008
2154.208 2564.795
2120.828 2605.021
2150.958 2626.351
2385.896 2517.495
2094.923 2511.729
2101.349 2931.806
2290.000 2673.732
2386.540 2728.877
2185.988 2685.951
2207.427 2527.458
2217.430 2603.556
2492.472 2498.087
2493.546 2843.658
2288.313 2804.225
2382.857 2941.640
2158.093 2724.267
2043.098 2933.414
2101.259 2543.904
2423.002 2873.891
2388.660 2454.640
2462.426 2611.611
2473.304 2853.281
2531.057 2573.250
2414.584 2616.436
2452.312 2459.777
2310.436 2737.987
2329.861 2791.299
2383.908 2547.501
2159.116 2487.657
2373.312 2776.075
2504.989 2616.351
2347.412 2937.864
2476.286 2819.934
2429.237 2510.488
2055.326 2714.382
2459.455 2703.048
2459.885 2547.499
2078.902 2478.548
2428.840 2560.772
2108.832 2751.061
2364.519 2762.225
2063.400 2858.814
2260.703 2482.114
2435.305 2500.735
2298.791 2552.998
2451.273 2705.131
2488.713 2912.696
2247.981 2551.427
2071.381 2797.885
2192.021 2758.562
2162.222 2482.383
2302.071 2475.039
2138.988 2757.404
2053.999 2623.270
2175.156 2813.636
2305.221 2762.120
2113.583 2788.785
2046.976 2611.496
2174.394 2504.440
2494.752 2796.686
2273.328 2914.486
2111.589 2801.808
2249.872 2845.567
2277.370 2861.777
2262.425 2588.933
2427.245 2547.791
2524.933 2826.044
2524.477 2446.716
2330.734 2608.731
2400.993 2852.648
2131.803 2546.225
2224.570 2601.349
2129.475 2616.066
2123.089 2703.251
2117.725 2528.031
2252.773 2528.546
2469.684 2710.695
2388.011 2800.339
2329.894 2795.638
2351.703 2879.637
2373.461 2655.303
2199.245 2663.292
2303.074 2856.546
2317.116 2693.417
2228.339 2919.873
2500.769 2533.231
2100.708 2691.837
2315.926 2601.387
2527.614 2469.191
2266.405 2927.093
2086.038 2681.339
2231.182 2470.913
2137.655 2749.032
2501.640 2606.444
2083.011 2647.362
2310.295 2776.910
2256.074 2783.015
2088.739 2584.267
2466.077 2714.540
2529.629 2690.457
2155.566 2776.112
2334.490 2732.494
2230.090 2836.832
2268.560 2929.278
2386.301 2568.563
2482.305 2842.891
2389.655 2676.944
2082.902 2465.433
2070.685 2778.667
2050.998 2798.710
2450.344 2695.045
2228.320 2848.687
2119.642 2776.841
2163.915 2637.696
2256.856 2867.255
2045.824 2904.423
2459.470 2751.250
2408.270 2604.984
2096.532 2518.108
2126.034 2879.568
2059.179 2459.574
2456.169 2892.739
2174.434 2565.624
2083.996 2936.310
2299.077 2883.291
2343.387 2663.244
2111.603 2725.718
2254.003 2652.386
2502.587 2484.782
2194.559 2477.524
2113.870 2473.445
2491.765 2677.704
2103.449 2558.773
2046.991 2697.115
2440.637 2670.128
2203.355 2498.384
2053.541 2502.032
2205.209 2535.251
2252.579 2684.952
2171.938 2704.075
2520.183 2807.316
2432.628 2654.601
2236.898 2590.434
2262.778 2654.982
2221.903 2764.536
2043.628 2640.695
2113.334 2674.628
2320.372 2617.043
2266.757 2660.444
2520.013 2536.403
2072.032 2709.269
2336.268 2819.467
2229.297 2847.305
2091.688 2801.165
2494.382 2663.457
2201.713 2681.586
2286.755 2866.000
2499.731 2451.014
2223.637 2679.881
2414.082 2905.452
2247.578 2489.860
2377.303 2822.968
2488.135 2568.080
2112.069 2787.414
2293.622 2769.360
2261.687 2605.153
2134.291 2825.902
2430.244 2704.962
2036.319 2921.797
2416.623 2546.918
2271.424 2728.962
2152.302 2737.828
2473.909 2840.789
2219.852 2834.536
2407.284 2849.711
2131.567 2929.152
2038.368 2550.612
2525.998 2682.239
2136.176 2505.814
2055.232 2778.070
2485.913 2812.914
2521.301 2850.200
2510.475 2791.230
2317.563 2922.271
2043.766 2793.727
2035.045 2581.811
2470.576 2497.340
2485.253 2548.084
2102.826 2825.065
2363.466 2662.565
2428.716 2577.677
2452.556 2498.361
2122.203 2599.693
2137.320 2631.370
2251.837 2492.004
2502.857 2755.849
2156.543 2911.954
2111.926 2776.268
2204.431 2692.755
2433.807 2588.145
2068.908 2666.270
2360.343 2495.622
2105.371 2478.422
2074.152 2840.629
2323.107 2566.296
2522.547 2870.629
2298.106 2819.175
2354.654 2681.177
2318.526 2478.968
2299.134 2806.937
2257.368 2520.312
2069.441 2643.801
2086.038 2496.194
2047.659 2933.741
2328.253 2469.116
2414.038 2537.134
2374.578 2902.742
2184.205 2934.495
2447.916 2470.962
2519.051 2525.982
2083.672 2593.837
2493.852 2641.616
2432.906 2846.944
2279.653 2745.555
2280.526 2674.305
2258.423 2688.198
2459.191 2780.984
2358.048 2525.432
2055.558 2529.792
2226.386 2473.311
2392.681 2768.486
2372.634 2590.761
2397.661 2581.427
2236.519 2876.460
2136.908 2846.802
2219.163 2775.287
2403.898 2567.563
2498.419 2724.153
2485.477 2469.399
2355.055 2590.902
2085.757 2681.615
2420.544 2674.216
2069.528 2797.055
2466.996 2674.132
2051.692 2916.338
2075.111 2494.443
2480.469 2847.519
2484.661 2630.162
2037.895 2535.543
2143.010 2820.783
2302.829 2540.658
2436.515 2913.755
2163.135 2494.422
2389.833 2473.176
2134.331 2898.137
2109.535 2525.978
2345.624 2584.657
2127.830 2666.178
2207.652 2475.978
2253.924 2827.257
2421.856 2447.110
2450.819 2710.875
2231.261 2600.916
2204.726 2507.499
2105.077 2726.124
2135.339 2618.196
2236.359 2671.392
2447.840 2836.344
2514.153 2456.555
2225.726 2787.935
2234.838 2940.413
2505.342 2810.305
2510.096 2837.003
2155.970 2669.432
2216.839 2866.449
2482.688 2908.242
2330.173 2754.747
2088.315 2720.667
2193.013 2738.641
2353.129 2811.799
2407.585 2874.551
2055.566 2473.517
2410.335 2462.014
2109.923 2792.234
2436.920 2522.954
2286.685 2791.754
2375.792 2561.467
2093.649 2794.086
2454.740 2633.043
2384.784 2556.667
2453.166 2783.610
2496.809 2463.086
2414.047 2914.817
2066.833 2626.138
2363.977 2708.186
2138.550 2678.187
2258.799 2736.817
2191.216 2672.631
2487.994 2833.873
2058.610 2633.044
2278.938 2877.871
2391.043 2609.891
2094.919 2653.256
2137.018 2548.637
2384.967 2716.349
2035.022 2922.550
2208.896 2923.885
2083.559 2829.571
2041.258 2833.883
2060.635 2721.753
2298.502 2562.527
2322.276 2880.177
2382.904 2479.763
2076.241 2761.595
2292.982 2683.704
2304.305 2766.173
2328.279 2646.509
2342.700 2767.372
2243.755 2611.027
2485.559 2498.355
2448.676 2449.567
2109.254 2587.999
2196.123 2818.486
2238.082 2751.413
2203.655 2610.508
2393.516 2766.882
2466.779 2695.765
2417.169 2936.729
2043.273 2611.914
2519.405 2783.690
2413.423 2576.062
2332.758 2756.904
2450.630 2732.495
2312.095 2509.120
2412.571 2893.807
2117.842 2679.121
2275.489 2668.296
2466.054 2455.178
2411.591 2601.798
2315.209 2940.157
2420.355 2760.713
2082.845 2637.751
2125.923 2501.025
2044.956 2647.873
2525.730 2545.659
2232.781 2802.535
2371.540 2765.555
2504.345 2535.513
2315.888 2507.157
2410.398 2579.001
2321.433 2588.585
2200.468 2622.696
2253.680 2666.811
2060.842 2483.738
2176.330 2495.098
2125.025 2514.493
2316.208 2840.902
2164.184 2593.900
2457.302 2741.825
2144.610 2877.601
2043.530 2840.795
2451.091 2765.283
2195.993 2510.926
2490.372 2512.012
2101.282 2656.749
2202.033 2767.285
2455.291 2908.711
2079.947 2633.841
2307.291 2659.430
2423.575 2912.727
2043.531 2621.151
2095.685 2868.106
2453.672 2586.320
2443.846 2588.580
2258.669 2668.237
2325.165 2916.623
2402.891 2929.567
2387.778 2631.298
2032.513 2795.430
2179.119 2871.108
2357.892 2702.977
2384.605 2904.293
2297.950 2460.863
2386.487 2941.456
2175.931 2615.984
2035.524 2821.602
2226.212 2774.074
2144.175 2647.753
2239.864 2583.560
2368.636 2874.761
2239.849 2606.152
2409.620 2571.883
2282.331 2769.270
2216.216 2884.559
2154.986 2613.335
2059.322 2661.272
2152.055 2927.145
2130.437 2727.318
2091.113 2520.939
2402.602 2796.353
2496.707 2544.383
2194.464 2604.176
2116.650 2524.397
2224.817 2682.326
2345.184 2694.078
2331.672 2914.072
2379.963 2645.111
2179.111 2875.172
2448.280 2887.792
2374.641 2787.171
2339.343 2696.569
2274.607 2726.995
2052.165 2799.657
2312.936 2670.205
2084.260 2761.311
2052.641 2569.117
2175.814 2713.345
2218.097 2577.098
2472.359 2678.543
2054.676 2812.939
2199.222 2931.447
2254.883 2901.119
2465.835 2825.804
2384.319 2502.378
2347.663 2756.107
2390.058 2753.189
2179.948 2895.750
2311.552 2851.492
2199.416 2933.038
2409.836 2599.066
2496.647 2825.967
2070.698 2733.029
2454.395 2443.780
2346.754 2596.577
2316.636 2775.077
2514.292 2724.315
2269.285 2697.778
2458.534 2452.066
2417.272 2580.160
2166.575 2528.050
2144.626 2470.082
2459.218 2645.850
2367.950 2690.385
2483.535 2618.953
2479.704 2579.676
2382.316 2808.545
2054.863 2562.492
2228.255 2485.195
2241.768 2810.537
2356.640 2763.820
2196.500 2534.961
2255.048 2540.957
2168.051 2613.907
2462.131 2606.543
2308.398 2792.846
2378.626 2707.660
2039.049 2586.332
2360.264 2561.537
2373.787 2714.470
2097.020 2848.148
2107.426 2540.590
2280.717 2738.837
2036.934 2600.171
2142.385 2585.691
2384.130 2486.593
2256.516 2651.548
2280.864 2634.293
2277.679 2928.713
2256.349 2877.465
2269.950 2747.158
2496.551 2582.489
2421.581 2563.371
2139.552 2698.158
2431.959 2449.393
2321.977 2588.415
2487.169 2822.584
2340.310 2691.302
2251.475 2941.236
2076.810 2911.172
2250.799 2691.676
2310.978 2650.990
2254.618 2713.895
2142.519 2843.361
2398.312 2651.555
2299.009 2519.934
2325.641 2781.342
2057.249 2589.430
2458.991 2758.146
2381.501 2880.953
2494.416 2704.211
2286.558 2722.545
2329.402 2596.583
2067.039 2582.489
2270.514 2661.907
2197.389 2888.961
2089.244 2524.282
2517.959 2764.991
2330.434 2845.678
2311.572 2577.666
2512.618 2873.494
2485.004 2888.947
2220.204 2463.528
2481.151 2930.592
2131.614 2810.187
2345.389 2623.881
2515.120 2583.990
2453.366 2599.873
2273.895 2773.187
2257.226 2825.881
2397.459 2628.335
2214.599 2909.794
2388.416 2454.485
2338.512 2896.853
2124.381 2705.304
2365.764 2580.582
2052.498 2703.375
2456.005 2599.647
2379.375 2679.921
2212.906 2599.663
2530.970 2874.934
2151.803 2928.664
2047.402 2753.255
2035.944 2535.400
2359.036 2867.234
2403.288 2787.178
2122.574 2773.381
2311.634 2526.706
2120.199 2826.396
2080.343 2531.483
2094.646 2640.457
2472.037 2502.053
2387.987 2496.854
2385.937 2472.090
2190.663 2854.106
2100.138 2813.217
2081.973 2701.958
2203.766 2726.211
2257.829 2923.540
2121.521 2619.183
2348.703 2684.342
2326.060 2763.890
2098.065 2672.285
2435.676 2717.266
2417.845 2823.037
2333.077 2586.116
2366.279 2585.298
2143.628 2739.272
2421.969 2597.044
2353.908 2893.798
2324.332 2564.245
2273.568 2567.969
2282.189 2489.436
2176.558 2832.817
2209.690 2781.282
2422.853 2811.438
2112.596 2453.058
2100.528 2732.036
2284.185 2633.717
2472.286 2744.787
2133.721 2811.962
2422.309 2892.945
2405.392 2503.822
2299.947 2865.200
2437.968 2741.974
2374.284 2798.848
2206.705 2666.704
2482.691 2904.325
2401.612 2716.157
2053.511 2554.283
2306.650 2850.104
2422.478 2731.578
2432.060 2824.881
2297.077 2605.018
2384.566 2827.075
2042.002 2771.970
2291.041 2752.620
2402.392 2624.808
2168.297 2916.097
2525.034 2821.445
2254.172 2660.593
2494.420 2760.489
2287.667 2869.206
2282.561 2763.138
2113.317 2840.641
2463.447 2784.854
2117.275 2566.996
2242.039 2875.563
2264.015 2600.719
2419.427 2812.542
2166.083 2510.909
2093.572 2676.035
2349.324 2756.285
2351.177 2585.214
2309.741 2935.399
2065.623 2500.592
2292.831 2475.193
2394.272 2465.947
2166.318 2693.286
2046.764 2629.438
2255.564 2904.985
2211.388 2497.776
2489.744 2737.496
2063.621 2653.466
2090.661 2559.566
2190.910 2607.339
2371.414 2676.755
2210.435 2647.146
2395.191 2518.205
2526.647 2611.857
2259.565 2735.498
2421.603 2910.029
2321.021 2602.701
2399.919 2763.603
2441.384 2589.030
2153.171 2708.380
2287.267 2541.333
2199.011 2602.803
2085.272 2475.418
2164.240 2871.390
2323.148 2674.722
2356.779 2663.967
2146.043 2933.046
2530.879 2621.761
2325.771 2533.274
2103.415 2885.406
2187.351 2567.506
2357.207 2537.953
2348.385 2636.454
2083.319 2814.013
2431.032 2500.142
2362.491 2801.603
2529.493 2896.494
2387.515 2848.388
2243.217 2898.514
2290.177 2559.373
2469.587 2445.570
2115.057 2464.754
2235.159 2557.990
2192.374 2817.420
2248.171 2865.690
2142.346 2835.613
2499.022 2811.945
2372.947 2571.744
2484.803 2790.617
2082.835 2623.469
2526.266 2488.924
2514.593 2600.201
2523.817 2887.542
2254.386 2785.886
2151.456 2710.015
2373.177 2527.437
2047.905 2588.438
2073.267 2478.754
2228.335 2708.327
2057.121 2647.417
2471.074 2647.682
2235.407 2892.622
2392.636 2725.122
2113.433 2728.307
2358.434 2894.479
2098.888 2922.197
2095.491 2824.046
2458.600 2891.308
2056.992 2883.735
2250.288 2717.678
2060.094 2644.034
2221.422 2884.827
2102.752 2774.281
2256.306 2835.194
2389.065 2778.873
2323.595 2521.863
2067.372 2493.586
2142.565 2691.044
2503.333 2612.347
2529.649 2807.444
2328.070 2688.585
2075.304 2506.064
2298.884 2764.567
2481.926 2790.814
2441.002 2765.678
2172.888 2503.549
2261.708 2640.478
2229.755 2892.676
2384.129 2782.821
2034.082 2456.072
2053.178 2525.440
2419.483 2880.972
2262.520 2667.222
2471.708 2846.659
2080.260 2632.218
2070.112 2653.072
2323.358 2574.178
2333.626 2528.126
2205.722 2738.866
2142.262 2808.582
2387.580 2661.812
2357.790 2485.994
2470.918 2503.571
2279.460 2908.590
2329.629 2852.077
2402.338 2488.003
2100.025 2589.866
2052.332 2934.334
2407.614 2593.748
2281.300 2478.684
2524.109 2619.116
2432.347 2687.880
2236.207 2531.746
2080.986 2686.221
2170.718 2865.033
2279.609 2715.541
2384.781 2538.402
2161.074 2772.614
2108.403 2884.090
2463.564 2791.700
2356.220 2676.314
2297.892 2774.270
2239.788 2648.130
2269.166 2545.485
2249.659 2635.088
2175.784 2923.560
2110.841 2537.382
2362.476 2483.437
2506.042 2496.263
2316.049 2856.131
2054.525 2808.766
2226.385 2730.820
2117.154 2483.095
2124.636 2789.490
2236.028 2652.956
2167.548 2697.582
2042.094 2630.876
2423.616 2838.663
2460.083 2670.329
2409.740 2772.500
2374.437 2501.691
2168.758 2884.450
2269.929 2764.258
2482.809 2475.481
2033.917 2719.303
2155.230 2820.606
2118.023 2819.055
2377.069 2498.587
2460.987 2476.202
2086.477 2764.617
2450.500 2512.517
2221.417 2466.230
2244.411 2602.228
2113.502 2928.655
2475.943 2671.486
2084.112 2509.097
2122.650 2791.302
2267.584 2521.323
2255.375 2840.067
2508.009 2710.035
2457.247 2804.633
2250.683 2763.667
2124.953 2569.220
2207.986 2751.220
2456.627 2837.229
2391.897 2850.133
2319.027 2606.375
2476.915 2883.282
2291.113 2627.125
2396.264 2755.105
2222.075 2675.858
2420.077 2780.967
2487.643 2823.153
2385.400 2522.389
2472.027 2602.568
2149.286 2555.541
2470.842 2619.409
2379.294 2463.261
2257.534 2864.635
2104.057 2864.093
2309.167 2930.000
2158.760 2929.912
2420.809 2762.809
2431.418 2557.543
2258.398 2934.890
2323.716 2540.674
2119.901 2599.716
2092.626 2532.130
2041.717 2552.160
2050.423 2454.295
2035.100 2893.907
2479.003 2921.381
2465.665 2570.351
2441.520 2733.024
2529.676 2704.111
2099.210 2617.117
2155.835 2737.565
2450.182 2550.719
2381.097 2896.589
2339.359 2813.132
2248.464 2551.405
2035.095 2652.393
2301.940 2892.075
2433.889 2904.826
2455.918 2930.897
2498.609 2889.841
2516.419 2601.343
2208.124 2631.628
2342.486 2447.958
2438.462 2856.371
2153.019 2688.595
2336.647 2449.956
2521.035 2764.788
2063.809 2706.254
2093.700 2847.103
2069.769 2875.481
2270.468 2933.485
2375.022 2643.247
2312.469 2702.274
2238.168 2791.395
2290.289 2770.732
2349.504 2449.756
2157.240 2450.644
2302.861 2924.004
2077.383 2511.376
2120.105 2730.896
2477.530 2654.951
2166.755 2781.466
2190.120 2717.011
2359.981 2507.487
2427.313 2771.117
2079.240 2482.608
2077.331 2495.471
2470.023 2934.895
2378.567 2837.145
2145.773 2523.302
2424.870 2786.400
2208.820 2904.946
2211.678 2901.723
2489.045 2534.594
2289.210 2558.213
2413.413 2734.677
2396.204 2623.851
2053.941 2476.783
2524.777 2483.853
2305.670 2886.151
2265.984 2489.810
2512.011 2882.921
2316.239 2482.140
2457.278 2497.010
2191.497 2937.969
2305.206 2520.775
2034.532 2807.462
2506.628 2636.157
2459.865 2713.664
2234.491 2698.640
2227.667 2479.608
2336.188 2841.170
2201.075 2674.035
2169.272 2777.991
2089.666 2617.557
2139.984 2865.959
2391.578 2557.831
2408.731 2819.523
2473.505 2529.014
2134.622 2875.557
2055.797 2893.417
2192.246 2867.857
2062.700 2710.475
2048.249 2548.300
2398.140 2881.887
2108.342 2548.470
2175.341 2793.567
2179.773 2558.709
2264.739 2486.848
2369.933 2639.793
2403.633 2565.374
2364.385 2655.180
2109.917 2522.219
2252.352 2710.000
2243.450 2767.748
2467.551 2456.500
2484.113 2556.991
2497.252 2554.426
2155.190 2625.872
2318.269 2813.187
2504.403 2713.016
2237.783 2865.737
2236.451 2675.169
2216.778 2936.480
2164.222 2654.871
2444.134 2820.890
2261.622 2696.819
2345.915 2757.775
2071.522 2578.000
2058.879 2598.248
2516.753 2847.744
2372.781 2746.050
2300.214 2715.382
2528.352 2584.794
2170.279 2604.564
2069.714 2732.806
2076.003 2723.561
2161.319 2824.738
2417.758 2750.334
2160.729 2608.286
2185.283 2823.722
2467.666 2859.138
2096.835 2850.541
2274.382 2557.208
2468.683 2634.893
2183.161 2729.114
2333.755 2559.123
2520.171 2747.285
2516.521 2878.573
2309.334 2812.422
2213.411 2555.839
2211.070 2825.406
2346.874 2843.648
2349.393 2600.653
2049.869 2596.709
2371.729 2670.276
2252.198 2937.158
2115.134 2884.359
2414.411 2599.277
2237.470 2607.699
2136.937 2532.892
2113.323 2839.205
2313.480 2680.010
2514.901 2776.515
2498.620 2732.154
2421.904 2772.644
2270.370 2605.078
2251.597 2699.394
2492.602 2661.043
2350.886 2729.959
2202.247 2790.371
2530.186 2753.119
2386.463 2880.522
2250.248 2602.709
2194.414 2903.735
2496.419 2844.445
2251.070 2534.915
2335.739 2725.834
2051.255 2514.527
2307.033 2635.064
2527.369 2478.680
2492.347 2678.399
2486.437 2522.774
2291.389 2448.495
2282.981 2817.832
2270.829 2883.202
2510.119 2555.858
2171.200 2495.789
2345.196 2469.285
2233.019 2813.608
2496.357 2467.543
2400.591 2611.554
2409.037 2747.885
2190.802 2469.042
2082.922 2761.270
2103.808 2828.972
2184.132 2735.568
2389.706 2882.786
2084.213 2775.511
2236.155 2622.372
2433.546 2616.487
2176.718 2830.451
2217.933 2602.961
2341.819 2507.344
2366.823 2493.328
2387.056 2456.202
2108.645 2923.013
2467.761 2916.541
2329.381 2712.024
2232.693 2584.485
2401.547 2594.305
2356.332 2858.447
2352.790 2650.543
2510.080 2651.615
2408.643 2673.436
2422.474 2680.665
2320.909 2729.551
2268.498 2921.615
2284.323 2647.725
2516.037 2764.268
2194.979 2670.983
2371.569 2824.396
2256.246 2860.182
2142.648 2704.788
2505.965 2814.319
2102.913 2496.941
2519.780 2583.632
2229.689 2800.947
2192.887 2493.143
2467.743 2941.116
2344.438 2495.631
2287.205 2552.723
2413.794 2497.890
2375.481 2928.752
2294.416 2668.220
2279.441 2928.117
2481.543 2506.969
2416.269 2719.296
2373.790 2651.485
2403.727 2468.606
2505.965 2746.961
2343.095 2882.576
2362.541 2719.199
2145.605 2761.898
2061.987 2798.898
2320.845 2660.991
2153.025 2613.410
2422.591 2626.337
2456.128 2802.129
2121.630 2495.357
2269.283 2905.181
2499.521 2914.099
2445.431 2627.799
2123.080 2478.555
2424.657 2524.080
2483.708 2636.117
2106.473 2927.530
2210.637 2524.761
2112.357 2902.410
2301.492 2941.372
2341.100 2540.223
2063.641 2765.418
2382.774 2558.636
2050.899 2687.678
2320.388 2720.703
2356.828 2810.826
2413.587 2747.937
2461.988 2719.874
2353.544 2445.784
2402.803 2719.417
2287.716 2700.011
2155.182 2659.452
2369.445 2911.733
2169.093 2850.244
2306.413 2493.824
2152.415 2567.006
2148.314 2862.601
2095.834 2942.440
2271.095 2456.999
2296.952 2821.530
2444.481 2723.386
2402.884 2610.791
2056.552 2594.812
2074.073 2618.098
2440.005 2921.674
2187.291 2727.410
2173.716 2776.399
2281.968 2808.720
2517.404 2481.320
2083.751 2941.955
2419.892 2869.191
2364.112 2661.133
2514.537 2866.699
2244.854 2695.142
2461.603 2634.322
2235.810 2501.856
2196.586 2906.967
2219.381 2480.952
2286.249 2940.128
2438.311 2802.766
2526.076 2866.959
2486.586 2577.869
2135.213 2457.480
2365.679 2564.580
2334.951 2520.992
2105.444 2826.588
2109.868 2471.307
2233.702 2507.394
2445.872 2920.819
2063.972 2775.581
2092.458 2893.156
2461.083 2503.019
2321.172 2595.437
2057.904 2506.987
2219.983 2460.589
2327.144 2898.451
2146.474 2882.229
2235.750 2883.520
2172.453 2601.885
2377.746 2735.438
2089.622 2845.862
2160.478 2731.880
2344.839 2767.600
2081.167 2706.004
2163.942 2936.752
2219.963 2554.087
2305.277 2915.516
2053.560 2487.073
2444.235 2574.937
2291.920 2555.078
2178.035 2839.216
2341.371 2581.686
2360.263 2570.213
2406.841 2868.443
2042.938 2855.773
2127.307 2472.950
2063.463 2671.025
2489.423 2644.889
2076.693 2859.666
2357.238 2927.743
2121.280 2830.074
2250.088 2705.758
2070.726 2565.813
2477.552 2714.583
2409.398 2917.386
2177.274 2932.766
2348.226 2499.643
2229.211 2776.703
2044.337 2728.454
2203.094 2937.115
2216.697 2703.609
2284.760 2461.746
2101.947 2653.787
2296.842 2811.036
2340.950 2619.580
2513.802 2698.936
2261.900 2496.653
2128.842 2753.521
2468.670 2883.946
2400.843 2711.059
2218.832 2793.320
2345.466 2536.528
2442.368 2671.506
2100.863 2828.595
2468.794 2454.817
2281.371 2606.122
2424.372 2446.662
2077.667 2700.342
2117.840 2878.488
2453.691 2590.380
2144.511 2888.022
2365.762 2896.782
2258.917 2942.485
2294.836 2577.989
2221.762 2648.160
2097.795 2479.422
2317.584 2814.161
2123.532 2652.186
2507.493 2670.670
2425.363 2851.128
2186.108 2758.823
2460.353 2511.735
2190.944 2640.967
2117.797 2559.748
2104.104 2693.993
2490.011 2606.938
2375.565 2537.626
2320.599 2636.835
2461.593 2492.304
2221.893 2579.988
2111.174 2756.405
2354.763 2873.249
2271.538 2606.762
2212.768 2731.948
2222.365 2523.170
2180.764 2596.995
2052.499 2918.848
2256.860 2533.296
2099.205 2781.069
2386.911 2494.792
2081.854 2490.258
2235.954 2819.664
2400.405 2608.558
2204.321 2757.405
2103.946 2896.295
2343.232 2614.239
2352.271 2602.108
2332.873 2876.628
2068.499 2861.175
2069.660 2941.844
2499.406 2861.336
2403.446 2494.215
2295.077 2516.944
2485.466 2872.654
2388.965 2501.704
2388.882 2915.921
2220.964 2524.931
2392.361 2488.390
2327.983 2459.806
2515.202 2560.504
2451.102 2861.926
2310.783 2647.932
2040.332 2587.370
2348.973 2630.112
2238.151 2780.391
2421.665 2748.104
2223.567 2903.141
2317.983 2875.319
2363.020 2570.007
2276.853 2793.647
2516.231 2696.769
2109.517 2928.509
2264.431 2512.437
2072.388 2812.793
2356.311 2900.962
2309.721 2460.295
2107.014 2859.103
2114.021 2772.836
2138.993 2557.530
2375.121 2544.572
2166.299 2712.299
2242.629 2864.690
2428.769 2823.601
2340.185 2672.466
2396.267 2808.604
2151.235 2887.603
2179.287 2487.688
2107.301 2595.815
2038.163 2530.959
2272.686 2680.364
2509.670 2748.045
2084.307 2684.799
2240.833 2922.507
2456.943 2482.078
2049.250 2768.965
2512.813 2856.613
2281.719 2829.210
2201.250 2807.402
2069.727 2842.470
2060.858 2774.188
2111.442 2528.160
2169.562 2871.066
2079.087 2708.009
2338.041 2465.673
2344.751 2649.541
2119.194 2774.131
2056.160 2846.509
2087.891 2585.987
2317.540 2776.032
2101.479 2924.207
2519.671 2537.300
2476.917 2475.364
2339.419 2763.685
2337.370 2553.840
2178.547 2752.661
2104.223 2602.154
2219.770 2689.566
2193.055 2742.262
2235.884 2776.522
2516.835 2684.569
2060.803 2698.776
2313.274 2549.868
2443.223 2926.029
2241.356 2601.452
2202.775 2926.231
2381.158 2688.917
2124.646 2633.106
2268.970 2599.570
2065.989 2552.440
2478.918 2515.741
2243.187 2940.729
2157.321 2448.192
2096.105 2794.624
2294.472 2673.836
2062.552 2546.468
2424.445 2873.083
2231.892 2663.739
2093.464 2855.021
2150.444 2804.218
2440.927 2853.702
2334.141 2774.933
2223.127 2864.727
2340.379 2567.301
2184.514 2840.156
2101.272 2636.051
2084.024 2853.258
2034.689 2531.523
2088.258 2599.776
2264.083 2822.681
2062.160 2707.012
2392.831 2492.139
2168.910 2742.341
2224.980 2699.904
2450.554 2790.939
2461.398 2459.076
2107.868 2693.482
2187.748 2709.974
2057.456 2628.943
2464.656 2812.616
2419.799 2783.087
2364.246 2475.197
2290.595 2798.828
2137.146 2809.827
2100.036 2877.189
2293.511 2778.920
2219.204 2646.887
2083.887 2673.613
2472.828 2468.688
2327.550 2734.192
2051.087 2623.885
2371.169 2886.591
2523.876 2772.327
2129.722 2710.760
2447.219 2566.270
2051.775 2505.000
2175.257 2939.497
2235.989 2660.129
2210.151 2697.830
2138.649 2481.305
2360.913 2586.734
2053.595 2523.018
2320.848 2531.421
2289.853 2690.865
2200.436 2824.278
2255.125 2531.655
2256.875 2868.099
2438.855 2853.957
2264.440 2924.128
2301.424 2695.378
2206.569 2692.900
2419.648 2515.498
2151.310 2445.301
2435.743 2568.744
2214.048 2757.582
2129.892 2612.516
2043.063 2546.331
2035.160 2754.397
2302.024 2902.046
2154.932 2929.605
2235.800 2559.747
2363.899 2797.535
2250.895 2908.879
2232.365 2781.357
2086.368 2677.639
2154.650 2912.474
2261.674 2741.601
2153.985 2731.449
2036.831 2921.946
2339.782 2701.975
2200.328 2490.466
2348.254 2751.384
2393.238 2609.930
2380.612 2578.163
2135.206 2549.531
2173.186 2796.746
2204.193 2883.965
2190.939 2607.450
2131.235 2869.960
2516.441 2831.013
2459.297 2642.675
2321.173 2628.866
2258.902 2782.515
2387.957 2820.910
2051.600 2687.198
2276.783 2836.409
2044.729 2714.833
2049.917 2702.651
2125.741 2627.199
2032.451 2460.689
2497.914 2823.789
2089.452 2792.822
2435.696 2656.651
2347.114 2858.641
2040.143 2754.664
2240.819 2936.053
2278.675 2671.214
2295.478 2527.300
2386.434 2715.614
2470.676 2647.379
2283.887 2580.790
2517.723 2453.069
2131.248 2634.452
2315.253 2578.927
2184.831 2880.719
2036.416 2465.243
2258.144 2834.402
2275.554 2641.886
2401.368 2729.792
2278.108 2861.807
2517.259 2850.648
2247.363 2567.892
2071.830 2542.800
2157.765 2800.754
2279.005 2683.151
2386.201 2783.098
2322.858 2704.127
2218.063 2687.648
2035.852 2838.950
2265.865 2868.420
2500.568 2487.661
2403.810 2934.534
2455.545 2596.250
2266.506 2451.165
2220.820 2444.407
2436.052 2842.666
2376.326 2503.287
2179.939 2574.592
2118.400 2640.900
2218.603 2890.144
2369.288 2661.845
2505.400 2934.526
2474.082 2922.938
2435.327 2891.526
2441.697 2507.798
2394.990 2780.589
2324.667 2610.242
2263.068 2845.401
2194.567 2547.138
2403.336 2665.265
2082.353 2582.463
2126.792 2469.518
2470.352 2654.330
2164.880 2727.919
2331.880 2760.222
2216.957 2891.094
2232.766 2760.241
2362.730 2938.102
2112.443 2533.820
2249.390 2691.326
2486.195 2667.816
2329.397 2547.361
2211.499 2779.290
2290.619 2896.915
2367.677 2509.850
2405.995 2888.881
2309.017 2806.503
2349.408 2468.793
2273.656 2848.725
2239.491 2805.885
2114.997 2892.503
2209.302 2776.145
2364.888 2823.885
2119.494 2511.685
2448.311 2445.171
2135.605 2909.239
2151.022 2753.751
2523.829 2693.301
2038.884 2678.305
2305.892 2902.015
2245.998 2896.398
2255.823 2905.611
2409.799 2517.695
2516.468 2564.472
2330.427 2509.456
2331.257 2587.042
2246.701 2663.709
2360.203 2755.765
2375.853 2815.343
2364.773 2873.495
2067.257 2711.842
2274.210 2455.041
2153.490 2780.177
2340.540 2916.440
2263.194 2831.509
2118.938 2870.038
2049.695 2609.848
2459.916 2641.387
2435.193 2882.691
2033.405 2518.857
2433.280 2861.319
2264.709 2451.005
2285.303 2938.379
2423.114 2883.704
2461.090 2730.014
2063.336 2781.634
2221.333 2606.540
2518.762 2818.582
2276.194 2817.990
2353.009 2854.705
2342.487 2464.364
2368.513 2850.970
2300.025 2748.234
2078.927 2706.823
2172.729 2540.022
2391.879 2588.327
2384.557 2924.418
2280.058 2868.098
2280.898 2721.309
2274.842 2498.933
2285.079 2636.047
2530.362 2656.737
2219.373 2858.131
2489.011 2895.597
2486.447 2858.418
2415.899 2516.989
2460.507 2803.176
2526.082 2680.061
2369.829 2783.427
2340.266 2725.924
2111.933 2505.386
2290.638 2692.583
2331.726 2849.663
2200.593 2582.643
2125.319 2541.745
2403.912 2539.656
2186.771 2612.884
2184.783 2942.405
2368.467 2471.308
2155.261 2656.887
2213.045 2728.421
2298.228 2506.789
2345.909 2779.646
2461.395 2743.316
2476.249 2938.621
2531.460 2543.011
2039.798 2542.589
2192.589 2594.725
2170.155 2756.916
2205.048 2822.391
2337.856 2943.337
2406.184 2905.086
2372.671 2601.748
2206.287 2611.301
2300.422 2698.131
2078.900 2483.023
2310.081 2779.486
2035.566 2680.527
2064.298 2920.939
2335.235 2726.079
2400.918 2677.255
2450.088 2453.470
2446.879 2569.425
2099.093 2468.195
2073.048 2594.165
2359.607 2829.776
2183.852 2932.969
2428.658 2747.903
2375.179 2785.918
2518.231 2776.905
2037.546 2599.209
2378.042 2839.633
2467.481 2917.875
2177.563 2691.391
2386.236 2521.910
2486.835 2763.993
2447.325 2601.460
2250.029 2500.238
2097.425 2486.566
2125.599 2572.320
2063.933 2554.161
2361.276 2633.272
2184.951 2529.922
2105.821 2505.654
2152.124 2500.531
2429.542 2711.101
2426.091 2815.491
2465.792 2751.003
2495.323 2662.678
2400.650 2899.955
2484.206 2649.044
2511.001 2623.723
2353.492 2708.378
2421.819 2758.119
2134.727 2574.171
2378.769 2795.587
2254.405 2524.004
2342.983 2816.780
2491.494 2730.730
2478.863 2677.706
2500.887 2680.467
2091.014 2777.505
2489.947 2881.831
2153.922 2544.244
2302.698 2612.566
2376.039 2602.926
2288.115 2930.524
2184.933 2789.382
2457.769 2589.994
2275.062 2501.201
2442.621 2829.402
2140.692 2550.796
2362.768 2884.868
2405.774 2824.664
2280.691 2575.992
2446.966 2511.977
2150.270 2707.064
2454.164 2454.215
2439.811 2698.788
2104.629 2891.017
2299.973 2617.539
2502.682 2812.222
2238.782 2792.079
2383.111 2502.239
2442.734 2744.592
2445.330 2621.674
2446.976 2466.696
2462.166 2709.320
2115.238 2517.124
2507.970 2484.381
2347.808 2463.033
2071.134 2613.935
2135.736 2846.090
2287.028 2898.079
2244.302 2684.961
2487.291 2690.083
2149.654 2725.092
2209.796 2764.874
2460.288 2764.054
2060.060 2710.421
2227.434 2573.750
2468.123 2731.562
2361.784 2541.116
2077.088 2658.646
2520.533 2920.517
2086.462 2870.133
2141.129 2813.560
2379.904 2833.170
2359.116 2842.235
2300.246 2878.186
2341.443 2673.933
2181.384 2610.120
2138.090 2631.740
2252.472 2581.586
2457.698 2636.560
2269.307 2581.155
2357.964 2594.444
2488.083 2602.724
2418.407 2550.491
2358.371 2467.576
2401.670 2609.268
2368.597 2941.798
2212.534 2925.959
2391.412 2800.500
2230.009 2679.281
2385.936 2631.939
2432.856 2774.599
2191.256 2598.854
2229.823 2709.033
2325.653 2735.061
2473.160 2922.616
2529.610 2783.383
2284.972 2626.848
2375.335 2519.914
2379.863 2752.358
2307.878 2673.867
2164.807 2848.701
2198.136 2559.018
2166.094 2860.651
2170.009 2500.836
2234.022 2888.302
2449.356 2729.619
2273.163 2567.681
2465.921 2686.430
2263.998 2454.432
2363.835 2788.778
2260.318 2641.860
2118.088 2685.305
2076.825 2729.803
2133.745 2498.413
2436.132 2448.201
2417.489 2790.977
2262.513 2625.913
2199.164 2673.858
2067.846 2919.933
2033.621 2590.150
2086.730 2745.414
2367.777 2708.735
2201.007 2634.391
2123.988 2738.181
2400.269 2722.216
2410.870 2503.755
2155.834 2871.461
2179.236 2515.229
2314.970 2923.822
2493.624 2808.936
2153.834 2830.525
2385.850 2889.277
2191.161 2621.937
2099.116 2606.083
2390.781 2861.847
2365.134 2467.909
2369.298 2458.387
2278.177 2713.300
2328.649 2477.249
2200.881 2873.883
2312.072 2562.911
2211.495 2791.313
2150.400 2529.349
2168.362 2784.684
2428.211 2503.744
2332.593 2902.958
2375.374 2833.969
2467.784 2702.156
2322.725 2728.486
2447.957 2696.518
2157.108 2895.823
2039.588 2549.040
2314.796 2502.014
2255.393 2516.240
2060.879 2857.345
2290.947 2445.555
2107.792 2517.885
2161.874 2928.665
2164.959 2688.555
2411.496 2582.486
2460.858 2656.516
2500.796 2509.795
2062.190 2524.945
2381.165 2921.482
2169.412 2580.545
2445.269 2662.733
2488.438 2793.049
2099.185 2881.713
2372.133 2730.980
2041.510 2444.426
2270.638 2521.532
2070.565 2794.780
2421.193 2520.730
2254.520 2489.911
2162.760 2852.952
2300.243 2926.612
2515.396 2682.061
2361.711 2699.556
2054.598 2484.376
2159.468 2866.174
2118.526 2800.946
2484.493 2777.502
2427.404 2502.347
2498.432 2783.516
2199.328 2506.878
2044.495 2699.552
2450.070 2595.435
2372.166 2491.879
2055.079 2859.625
2071.986 2633.702
2054.232 2705.689
2421.010 2795.269
2170.996 2603.415
2118.825 2679.058
2228.218 2857.515
2070.865 2703.853
2078.856 2531.988
2296.416 2770.750
2051.381 2774.248
2238.828 2532.683
2329.206 2467.006
2218.878 2649.387
2113.930 2802.714
2375.391 2841.460
2194.730 2930.980
2038.899 2468.516
2050.327 2665.966
2123.742 2691.468
2176.596 2535.987
2501.645 2912.287
2345.437 2626.874
2423.717 2537.194
2512.276 2697.449
2271.369 2915.841
2439.563 2939.327
2407.192 2445.960
2361.893 2621.075
2276.776 2707.004
2271.958 2624.783
2115.534 2793.930
2040.312 2814.690
2110.894 2742.912
2186.498 2761.994
2513.908 2924.469
2444.265 2831.292
2046.391 2692.778
2295.368 2635.040
2042.909 2841.308
2425.664 2937.414
2175.076 2446.060
2474.508 2527.086
2398.122 2675.239
2098.869 2558.446
2234.708 2470.386
2305.244 2856.801
2315.741 2724.918
2528.315 2685.569
2066.785 2560.342
2268.963 2617.090
2486.852 2716.006
2057.151 2483.602
2092.862 2728.553
2259.585 2545.337
2419.199 2672.099
2211.293 2599.713
2273.231 2815.329
2102.857 2729.213
2213.164 2630.224
2404.202 2683.419
2050.554 2782.441
2080.448 2895.092
2287.058 2675.773
2342.305 2565.925
2344.363 2801.929
2086.922 2495.877
2211.512 2867.896
2481.198 2658.831
2199.070 2823.747
2191.362 2777.639
2363.938 2542.035
2489.002 2477.904
2356.756 2551.714
2485.710 2790.443
2335.984 2739.978
2509.040 2509.283
2173.889 2446.287
2517.006 2899.340
2131.341 2943.036
2178.728 2847.494
2216.534 2888.067
2524.812 2613.468
2394.561 2485.361
2035.387 2774.527
2470.880 2634.748
2265.160 2662.457
2303.116 2933.120
2476.660 2608.448
2183.339 2760.747
2164.731 2494.813
2126.779 2682.496
2235.889 2840.793
2241.299 2453.162
2410.365 2667.686
2283.946 2519.555
2416.410 2459.162
2443.237 2802.663
2203.133 2833.640
2274.742 2595.241
2207.056 2513.217
2517.516 2822.149
2267.226 2805.918
2051.672 2612.910
2166.496 2878.471
2074.457 2452.320
2089.323 2551.255
2502.053 2764.838
2191.553 2696.548
2436.189 2912.934
2312.165 2712.670
2506.162 2797.001
2333.346 2565.203
2414.664 2696.835
2465.082 2594.321
2341.176 2553.728
2416.561 2473.317
2514.845 2842.357
2238.589 2902.105
2415.750 2535.658
2527.654 2561.467
2176.059 2923.379
2067.385 2542.783
2091.862 2696.236
2137.101 2567.113
2350.200 2576.980
2192.471 2538.130
2192.751 2498.322
2041.092 2666.360
2161.737 2642.139
2499.317 2860.366
2296.105 2918.828
2256.667 2927.507
2383.184 2834.174
2393.076 2487.164
2463.305 2604.155
2040.054 2728.671
2218.158 2582.541
2217.511 2609.141
2369.865 2623.865
2497.700 2737.620
2070.685 2799.954
2095.911 2629.180
2282.706 2536.791
2149.462 2851.194
2191.004 2812.091
2379.172 2830.143
2214.025 2652.631
2423.404 2821.438
2424.145 2659.149
2342.344 2823.627
2087.014 2787.148
2361.128 2877.151
2338.439 2814.981
2350.938 2573.902
2326.885 2713.815
2397.269 2936.874
2265.560 2763.940
2117.119 2612.671
2312.173 2827.751
2192.429 2629.229
2404.562 2856.554
2242.611 2577.620
2530.444 2828.331
2344.724 2494.665
2403.102 2817.365
2414.167 2578.036
2406.871 2485.700
2117.163 2935.790
2247.862 2589.410
2135.040 2820.309
2050.088 2673.553
2046.795 2893.569
2257.448 2709.818
2231.804 2557.677
2422.420 2457.482
2481.476 2501.881
2467.404 2670.763
2470.933 2813.674
2114.675 2858.317
2432.965 2674.423
2435.927 2938.006
2131.657 2926.388
2168.001 2862.988
2485.103 2816.520
2049.179 2475.443
2320.112 2535.598
2097.888 2540.313
2147.863 2660.410
2144.460 2497.145
2182.941 2690.532
2242.681 2872.691
2486.293 2680.374
2341.811 2810.426
2214.975 2571.693
2327.400 2506.303
2171.747 2888.342
2356.368 2781.193
2124.234 2794.832
2098.717 2699.858
2446.148 2607.868
2133.950 2871.672
2450.057 2507.684
2295.294 2787.797
2172.025 2686.723
2181.383 2621.734
2286.671 2523.521
2508.575 2726.978
2367.286 2480.028
2392.699 2752.101
2320.753 2859.965
2324.551 2466.824
2395.057 2934.050
2447.978 2683.986
2430.962 2746.198
2261.879 2570.247
2207.464 2735.328
2072.503 2679.312
2336.949 2890.931
2152.487 2896.281
2094.366 2707.059
2164.646 2812.644
2034.448 2680.363
2315.261 2475.707
2410.574 2781.841
2149.592 2572.622
2224.935 2847.212
2085.153 2617.668
2314.490 2688.285
2374.487 2693.737
2509.547 2752.863
2511.124 2769.826
2091.460 2468.374
2361.106 2923.219
2192.531 2936.841
2107.789 2582.805
2488.372 2885.802
2392.534 2769.316
2436.343 2500.922
2513.228 2817.224
2415.983 2691.928
2530.138 2765.854
2180.507 2619.315
2136.616 2756.416
2239.754 2800.802
2287.151 2808.777
2269.471 2696.542
2061.095 2767.208
2510.014 2671.620
2151.202 2898.028
2159.598 2811.186
2116.762 2868.226
2276.891 2618.838
2301.001 2799.696
2496.259 2736.786
2152.523 2819.539
2343.587 2642.667
2191.120 2489.076
2040.423 2572.650
2511.451 2619.618
2116.507 2550.069
2033.084 2722.158
2190.551 2904.446
2394.474 2499.153
2379.788 2585.285
2049.163 2614.185
2305.758 2909.294
2254.840 2769.608
2112.582 2511.187
2393.707 2834.184
2518.226 2454.907
2501.492 2918.867
2353.290 2536.753
2420.162 2856.922
2505.971 2669.182
2475.008 2480.829
2344.330 2524.561
2195.687 2846.232
2517.465 2579.612
2373.092 2876.170
2175.461 2547.793
2059.518 2710.121
2411.476 2636.606
2093.797 2490.470
2273.461 2685.170
2463.550 2728.367
2049.101 2619.836
2269.522 2879.405
2117.984 2876.413
2110.095 2665.805
2418.384 2936.365
2396.051 2528.515
2096.786 2785.760
2381.902 2602.210
2333.810 2637.368
2447.740 2705.503
2093.520 2917.606
2051.134 2522.153
2224.012 2894.475
2056.836 2720.322
2140.851 2797.196
2128.828 2859.689
2100.678 2750.277
2097.861 2842.529
2496.479 2580.023
2149.445 2718.108
2064.680 2936.364
2225.096 2478.756
2115.351 2913.743
2410.743 2720.354
2471.119 2773.053
2452.241 2555.450
2043.119 2701.692
2346.098 2449.858
2154.140 2481.711
2163.902 2677.508
2114.954 2790.425
2393.326 2615.293
2273.441 2460.277
2184.118 2896.808
2497.341 2733.737
2395.971 2495.755
2517.292 2515.072
2097.459 2624.120
2290.557 2795.251
2363.827 2818.067
2221.658 2626.070
2068.603 2880.249
2344.943 2582.500
2242.307 2899.129
2474.763 2602.298
2181.318 2710.489
2375.057 2649.809
2126.379 2541.593
2355.360 2692.580
2243.150 2461.267
2166.710 2893.635
2243.293 2532.497
2493.198 2652.152
2453.061 2488.399
2161.213 2786.619
2456.523 2766.772
2468.866 2583.801
2457.830 2771.144
2256.519 2544.124
2355.983 2548.581
2369.367 2649.550
2469.869 2897.386
2368.177 2779.700
2493.392 2904.326
2214.939 2663.681
2218.786 2900.368
2451.645 2458.606
2333.913 2802.552
2287.205 2546.358
2314.663 2710.899
2267.239 2887.155
2242.259 2578.279
2469.197 2700.581
2486.109 2795.267
2277.533 2792.726
2483.732 2893.545
2367.773 2741.983
2334.449 2489.969
2071.192 2589.700
2098.884 2938.188
2310.393 2790.329
2163.250 2614.273
2353.586 2853.690
2135.370 2602.330
2501.473 2517.511
2356.176 2789.853
2365.061 2613.371
2326.736 2723.636
2134.623 2559.962
2304.391 2919.355
2481.091 2890.118
2368.918 2542.538
2175.941 2941.877
2035.219 2705.313
2061.507 2834.952
2520.927 2626.245
2282.967 2533.802
2088.326 2601.838
2065.870 2641.341
2475.392 2516.872
2496.081 2473.018
2282.344 2533.635
2502.771 2492.061
2394.321 2498.764
2285.163 2903.025
2386.226 2484.292
2476.497 2469.171
2098.332 2742.139
2052.117 2594.697
2066.182 2500.907
2256.452 2921.097
2103.473 2595.040
2409.464 2517.285
2211.327 2928.118
2521.701 2557.426
2305.831 2901.080
2258.794 2891.654
2488.165 2638.264
2145.378 2719.629
2033.111 2838.186
2193.349 2729.378
2305.951 2901.596
2069.508 2930.863
2036.339 2459.888
2423.506 2775.302
2119.688 2633.709
2529.607 2590.367
2036.933 2694.221
2430.941 2557.924
2297.989 2767.550
2482.093 2638.078
2204.256 2530.682
2079.826 2609.449
2384.564 2562.974
2477.495 2714.231
2503.824 2824.209
2434.844 2606.949
2226.631 2565.138
2150.879 2597.282
2342.467 2914.501
2327.680 2876.198
2227.574 2484.779
2227.822 2908.844
2376.718 2497.903
2122.898 2791.260
2052.705 2453.856
2514.045 2833.334
2500.311 2912.423
2113.206 2811.757
2267.079 2792.623
2510.601 2676.102
2494.335 2795.036
2206.234 2705.621
2071.602 2663.560
2514.849 2798.607
2457.760 2663.586
2106.925 2918.929
2043.547 2497.457
2208.755 2599.632
2106.427 2883.385
2104.480 2671.851
2180.384 2602.143
2477.843 2920.570
2505.056 2595.237
2282.112 2745.326
2064.186 2537.171
2084.010 2941.424
2282.795 2625.871
2489.857 2934.899
2241.478 2549.859
2104.281 2658.788
2121.541 2609.034
2038.154 2489.292
2392.640 2869.503
2045.001 2592.884
2175.208 2793.758
2449.029 2753.173
2086.130 2820.124
2343.241 2696.177
2486.484 2742.786
2383.269 2586.424
2208.074 2762.680
2422.857 2688.015
2507.431 2512.640
2418.241 2891.229
2122.052 2722.315
2313.082 2892.839
2042.702 2876.386
2355.199 2782.505
2289.699 2612.050
2511.524 2541.870
2340.282 2739.715
2139.112 2561.949
2145.095 2718.907
2354.506 2518.683
2518.052 2745.019
2497.461 2844.349
2035.639 2887.308
2433.976 2887.196
2230.258 2452.533
2118.681 2495.720
2493.709 2813.528
2408.891 2562.758
2436.869 2448.281
2157.440 2674.249
2189.269 2808.199
2213.367 2646.361
2432.273 2902.299
2144.125 2512.087
2332.490 2555.091
2124.736 2853.950
2235.384 2794.169
2132.394 2720.417
2315.432 2684.388
2352.543 2911.044
2288.636 2729.152
2263.514 2836.658
2032.137 2548.617
2081.989 2460.637
2237.218 2571.579
2312.634 2773.178
2261.840 2643.568
2176.304 2582.347
2431.594 2490.389
2274.731 2576.413
2117.756 2935.663
2128.567 2747.867
2147.849 2676.179
2132.720 2449.219
2464.944 2718.005
2183.308 2492.364
2513.780 2829.826
2337.205 2855.769
2241.218 2837.999
2497.302 2663.193
2117.041 2645.573
2201.048 2878.184
2116.295 2744.489
2471.690 2770.890
2409.031 2468.997
2452.391 2855.941
2201.483 2735.930
2114.407 2822.390
2152.313 2689.748
2355.375 2820.149
2289.799 2744.994
2207.954 2708.377
2083.481 2544.154
2324.304 2877.395
2054.166 2545.178
2269.879 2479.381
2529.715 2483.800
2329.776 2563.816
2406.817 2596.481
2389.850 2702.514
2135.473 2918.229
2374.740 2692.996
2291.159 2928.602
2224.161 2627.054
2182.668 2464.906
2281.241 2625.297
2411.195 2707.427
2343.064 2578.940
2397.682 2567.717
2517.781 2689.341
2179.635 2600.580
2322.010 2730.557
2501.981 2814.372
2410.323 2940.275
2318.707 2924.756
2421.966 2617.280
2527.870 2451.669
2472.970 2637.481
2170.789 2801.479
2125.933 2479.471
2067.482 2743.396
2499.390 2720.049
2278.289 2724.219
2032.144 2747.614
2047.586 2610.340
2044.308 2534.836
2211.566 2756.504
2101.918 2639.368
2355.342 2781.136
2171.120 2615.846
2239.962 2485.916
2290.012 2587.616
2377.210 2870.582
2513.146 2639.962
2197.376 2652.464
2278.649 2553.733
2196.203 2828.584
2120.147 2821.917
2168.330 2743.087
2321.222 2756.845
2206.203 2471.931
2365.351 2631.631
2340.313 2938.927
2422.970 2486.955
2415.469 2517.556
2330.006 2513.181
2481.849 2822.846
2036.916 2629.795
2150.079 2687.395
2474.274 2494.150
2399.251 2583.525
2128.311 2629.801
2499.360 2816.558
2089.772 2746.926
2064.374 2703.859
2152.092 2491.206
2420.796 2703.865
2394.458 2918.904
2229.107 2504.533
2099.069 2705.430
2261.853 2767.284
2340.019 2706.636
2476.361 2513.513
2491.551 2942.605
2276.139 2458.612
2077.515 2821.342
2390.225 2462.072
2378.917 2744.000
2499.939 2925.311
2313.317 2744.632
2511.253 2703.056
2445.434 2451.272
2043.346 2508.321
2062.407 2651.669
2233.146 2804.142
2247.977 2448.144
2460.943 2835.788
2062.614 2606.918
2520.678 2723.036
2055.481 2799.629
2124.337 2879.330
2317.348 2494.736
2515.979 2720.849
2528.751 2785.477
2059.800 2872.065
2283.731 2784.102
2438.470 2618.623
2461.513 2490.270
2229.761 2533.269
2517.140 2552.500
2528.910 2774.777
2361.965 2690.029
2054.711 2870.372
2191.510 2827.763
2420.139 2780.665
2152.109 2553.546
2393.159 2789.002
2139.273 2785.925
2047.144 2607.405
2428.008 2654.240
2063.611 2793.953
2197.283 2647.539
2435.878 2503.106
2262.161 2580.021
2158.559 2682.748
2414.631 2489.679
2117.144 2567.922
2288.279 2685.662
2116.785 2675.651
2437.505 2858.491
2366.624 2902.407
2516.781 2791.071
2157.018 2638.978
2241.014 2748.062
2283.886 2806.562
2112.896 2888.092
2214.182 2664.897
2393.482 2453.944
2487.959 2567.779
2212.391 2737.108
2321.802 2874.571
2401.197 2518.251
2117.365 2936.133
2174.227 2656.191
2082.912 2757.370
2089.168 2650.039
2513.095 2516.615
2288.302 2508.641
2124.872 2564.985
2127.114 2815.864
2081.592 2659.201
2168.656 2694.640
2492.182 2468.229
2292.888 2513.570
2388.001 2632.058
2273.240 2723.085
2042.641 2926.296
2118.125 2506.007
2363.973 2795.024
2103.125 2466.477
2370.411 2518.074
2496.169 2813.721
2406.593 2706.803
2422.882 2935.629
2040.751 2792.483
2086.466 2619.432
2494.641 2794.601
2456.262 2929.852
2184.166 2927.878
2079.992 2739.516
2426.921 2658.312
2167.847 2760.233
2245.872 2788.359
2202.670 2594.511
2283.725 2634.753
2389.048 2798.240
2309.644 2451.682
2428.948 2636.786
2193.144 2607.733
2226.458 2673.196
2085.956 2789.302
2524.607 2446.756
2165.161 2658.973
2065.460 2528.482
2240.116 2932.268
2371.140 2619.732
2401.052 2793.490
2499.753 2529.564
2267.044 2671.171
2043.248 2460.760
2180.974 2596.024
2500.163 2699.967
2474.295 2735.785
2506.845 2460.269
2369.133 2566.406
2085.782 2898.658
2431.270 2694.859
2421.433 2574.820
2261.406 2451.819
2162.852 2463.224
2043.560 2837.547
2342.419 2498.684
2433.295 2883.183
2168.553 2463.415
2251.479 2517.506
2438.948 2895.673
2164.699 2936.019
2522.000 2507.015
2351.557 2811.993
2368.238 2715.685
2147.789 2493.370
2291.176 2725.369
2420.129 2792.718
2438.144 2509.788
2091.782 2566.998
2249.789 2808.905
2149.325 2738.620
2502.800 2882.067
2050.549 2924.514
2475.842 2498.976
2412.696 2628.862
2296.015 2523.817
2141.721 2471.404
2233.591 2802.417
2460.039 2763.735
2353.423 2903.160
2309.358 2787.763
2164.628 2740.771
2085.344 2585.139
2060.619 2796.000
2146.676 2542.328
2101.131 2752.635
2297.264 2486.442
2133.250 2507.427
2458.029 2780.030
2270.869 2891.182
2137.119 2463.598
2154.366 2776.950
2276.209 2724.994
2264.329 2453.496
2089.402 2914.725
2224.044 2610.731
2087.678 2777.168
2349.644 2835.435
2112.509 2520.407
2112.457 2622.007
2148.128 2540.530
2154.932 2696.142
2215.483 2733.365
2051.234 2832.782
2118.019 2709.978
2169.796 2519.754
2182.051 2650.582
2274.011 2473.735
2513.338 2771.702
2149.780 2687.614
2152.068 2764.653
2096.373 2856.418
2205.747 2575.254
2513.184 2748.839
2341.473 2923.166
2344.111 2525.182
2178.157 2467.698
2331.528 2581.210
2207.570 2670.612
2277.427 2787.321
2297.588 2595.105
2234.336 2500.426
2379.731 2467.956
2337.787 2741.123
2091.985 2702.318
2490.972 2825.694
2151.640 2678.626
2161.316 2845.096
2306.053 2828.795
2361.801 2681.573
2428.754 2563.738
2512.813 2871.772
2504.623 2843.428
2357.849 2877.644
2181.847 2590.532
2107.934 2860.580
2218.585 2823.703
2472.674 2873.091
2192.300 2576.719
2414.873 2802.823
2310.249 2919.250
2289.555 2725.472
2247.452 2832.384
2304.369 2933.346
2271.451 2786.945
2045.242 2600.862
2299.355 2614.595
2175.946 2553.144
2512.559 2906.199
2344.065 2886.819
2109.313 2776.597
2124.192 2458.355
2166.608 2722.514
2322.115 2567.384
2462.727 2871.248
2513.917 2770.462
2489.704 2929.769
2412.507 2886.138
2380.001 2652.286
2311.575 2912.181
2431.586 2463.014
2385.162 2885.747
2235.313 2642.027
2047.887 2559.993
2401.005 2653.489
2341.699 2535.984
2439.209 2692.809
2246.116 2560.238
2352.703 2531.866
2366.860 2733.868
2118.820 2595.278
2317.117 2469.079
2425.867 2474.536
2283.272 2818.424
2240.706 2499.028
2165.260 2537.716
2516.835 2942.510
2330.196 2904.503
2234.585 2675.455
2253.658 2540.459
2111.618 2650.969
2053.923 2872.827
2162.615 2849.924
2341.702 2746.993
2057.738 2723.535
2278.854 2617.823
2185.536 2899.628
2231.918 2789.490
2068.706 2695.184
2483.417 2735.272
2244.762 2659.781
2374.633 2765.828
2233.541 2706.570
2221.252 2828.709
2202.974 2633.900
2467.801 2914.793
2502.604 2635.672
2285.777 2778.757
2412.646 2489.750
2211.349 2610.800
2469.131 2672.291
2157.508 2821.910
2456.552 2651.507
2503.863 2822.133
2307.052 2594.863
2329.691 2628.384
2213.835 2452.281
2118.496 2775.704
2133.035 2494.300
2035.179 2776.338
2279.331 2788.815
2483.937 2894.873
2414.321 2786.262
2244.575 2682.099
2150.173 2639.204
2204.484 2481.181
2165.979 2697.670
2074.533 2818.014
2036.302 2542.803
2206.550 2604.503
2285.674 2939.509
2247.383 2747.715
2117.677 2701.946
2128.182 2722.657
2481.877 2813.551
2271.093 2472.550
2290.196 2808.329
2268.214 2597.863
2510.505 2558.492
2488.577 2666.892
2456.154 2638.163
2266.874 2597.784
2299.398 2900.156
2405.986 2770.212
2296.097 2805.879
2490.303 2832.152
2050.418 2469.780
2305.219 2491.505
2193.217 2795.244
2211.704 2675.470
2216.079 2516.988
2205.195 2873.088
2223.306 2665.726
2531.531 2551.038
2058.174 2798.570
2348.683 2893.999
2143.304 2847.972
2160.602 2466.651
2127.055 2904.409
2103.579 2466.086
2206.144 2585.894
2461.480 2823.288
2033.818 2734.227
2320.428 2841.151
2075.979 2920.970
2142.183 2611.318
2086.151 2584.293
2221.304 2780.246
2530.679 2489.854
2255.927 2712.135
2309.764 2622.402
2291.748 2853.529
2049.167 2789.770
2041.805 2687.982
2417.806 2534.624
2474.308 2498.764
2203.812 2921.873
2051.903 2528.058
2464.416 2861.825
2366.386 2817.386
2172.333 2631.374
2151.929 2547.465
2137.498 2750.117
2047.870 2560.521
2036.826 2749.130
2086.057 2898.461
2040.581 2889.448
2251.200 2837.408
2257.606 2930.279
2157.712 2555.823
2243.226 2540.409
2152.471 2471.863
2233.643 2883.066
2451.635 2872.135
2260.208 2547.675
2450.969 2565.086
2054.414 2643.561
2270.635 2708.558
2272.141 2775.273
2177.115 2821.634
2113.280 2642.887
2072.537 2841.174
2368.523 2500.468
2412.586 2923.988
2293.919 2891.819
2074.367 2564.572
2396.818 2680.049
2460.489 2520.330
2305.186 2893.825
2484.547 2620.034
2514.283 2757.630
2445.080 2588.465
2150.195 2714.351
2161.653 2898.863
2173.723 2456.303
2365.134 2827.535
2142.986 2464.985
2086.105 2793.498
2479.182 2615.864
2452.138 2502.874
2484.458 2657.635
2174.524 2600.751
2400.515 2692.314
2496.533 2463.246
2243.674 2885.462
2136.546 2896.820
2088.059 2528.239
2128.700 2632.431
2481.687 2558.779
2183.801 2882.871
2299.986 2714.883
2035.087 2805.311
2280.069 2663.007
2302.849 2832.183
2316.250 2679.119
2424.398 2842.799
2066.809 2772.035
2404.998 2820.213
2312.722 2745.742
2297.440 2705.127
2385.104 2658.745
2360.142 2659.559
2391.932 2806.578
2190.948 2886.010
2198.145 2759.593
2134.178 2808.821
2398.649 2842.860
2061.228 2735.555
2494.747 2456.595
2401.445 2856.258
2150.070 2553.408
2285.387 2537.125
2099.847 2727.432
2385.760 2754.630
2049.374 2477.832
2377.108 2886.208
2216.169 2494.566
2193.263 2775.101
2032.319 2525.028
2066.355 2863.037
2496.088 2630.296
2200.515 2617.496
2357.450 2483.524
2177.722 2654.803
2050.288 2539.736
2046.129 2724.039
2035.701 2509.467
2046.442 2588.164
2076.302 2547.253
2032.628 2760.110
2099.559 2753.808
2384.503 2561.842
2397.421 2830.166
2064.484 2923.070
2108.324 2605.908
2321.503 2753.936
2323.310 2516.406
2154.219 2914.327
2123.059 2738.275
2265.524 2730.915
2152.763 2740.521
2476.804 2463.766
2435.602 2485.864
2355.674 2452.157
2359.145 2712.645
2321.489 2793.625
2274.226 2504.477
2375.710 2634.372
2051.848 2590.671
2255.343 2723.787
2034.304 2865.909
2332.666 2458.169
2098.517 2664.021
2128.891 2496.418
2347.240 2852.159
2116.668 2932.690
2262.114 2584.357
2293.120 2549.330
2474.972 2502.530
2053.168 2678.121
2392.266 2452.286
2286.001 2482.751
2337.802 2760.165
2498.478 2859.081
2364.430 2775.921
2102.552 2709.018
2093.347 2543.663
2143.455 2743.202
2048.229 2904.042
2067.058 2677.061
2393.641 2792.774
2483.307 2867.990
2169.996 2797.965
2398.138 2670.657
2099.272 2924.530
2105.742 2853.503
2234.101 2449.477
2203.372 2942.275
2506.857 2872.091
2375.834 2654.430
2141.948 2593.265
2231.563 2699.124
2226.385 2854.139
2373.799 2487.728
2500.391 2771.567
2226.906 2777.077
2218.005 2653.763
2079.746 2517.811
2457.005 2809.945
2317.063 2654.747
3223.950 2752.985
3134.691 2903.699
3119.903 3064.557
3486.457 3020.511
3348.812 2724.689
3537.140 2661.276
3103.636 2727.032
3478.592 2847.393
3425.327 2940.476
3507.505 2822.792
3551.137 2971.151
3582.351 2705.727
3219.336 2808.121
3236.005 3052.760
3577.587 2642.125
3263.094 2869.961
3379.037 3023.639
3262.175 2613.112
3566.760 2721.936
3496.859 2839.964
3188.228 2787.810
3453.652 2928.445
3502.887 2921.008
3489.274 2596.412
3411.205 2604.089
3334.518 2786.822
3358.488 2737.739
3355.509 2967.939
3330.293 2807.342
3297.212 2759.255
3546.981 2926.933
3367.310 2855.414
3431.640 2788.284
3124.810 2915.260
3418.461 2591.243
3195.842 2780.429
3422.653 2966.371
3221.022 2940.455
3281.866 2935.569
3571.990 2841.246
3343.126 2694.140
3201.449 2953.811
3593.514 2865.227
3252.605 3059.994
3441.843 2783.137
3306.994 2715.444
3126.416 2986.951
3198.817 3004.047
3338.102 2980.774
3141.567 2819.580
3318.104 2854.684
3223.869 2972.966
3137.364 2642.564
3539.661 3048.502
3328.246 2844.791
3591.445 2574.725
3356.596 2644.164
3203.767 2730.178
3200.433 2578.704
3410.622 2931.632
3129.589 2630.830
3317.148 2761.149
3581.608 2934.929
3192.638 2988.598
3417.211 2709.798
3430.390 2679.850
3511.375 2603.459
3459.401 2935.427
3369.775 2931.362
3325.017 2586.153
3503.370 3014.453
3529.929 2666.726
3334.438 2964.224
3464.372 2844.122
3244.062 3036.974
3354.830 2707.423
3482.461 2952.731
3283.637 2986.355
3157.799 2982.533
3493.162 2936.225
3116.828 2893.101
3529.192 2726.205
3288.229 2978.574
3476.044 2857.513
3311.402 2937.984
3364.813 2790.534
3568.302 2685.438
3331.317 2644.887
3507.508 2645.647
3385.090 2586.534
3203.099 2965.676
3164.206 3061.653
3473.115 3019.121
3332.962 2866.278
3584.945 2953.138
3120.576 2695.559
3352.856 2675.254
3252.868 2958.692
3123.750 2695.933
3437.628 2758.049
3207.129 2726.503
3421.269 2596.366
3425.104 2763.360
3517.853 2976.259
3452.539 3033.190
3439.183 2823.727
3519.924 2641.183
3476.037 2697.765
3563.408 3023.762
3259.559 2756.350
3436.869 2803.320
3307.832 2572.700
3458.350 2655.243
3314.377 2688.739
3586.101 2921.762
3226.469 2986.080
3225.735 2597.504
3311.657 3036.792
3528.718 2869.891
3427.907 2578.022
3406.252 2728.594
3499.166 3000.717
3485.567 2953.476
3407.457 2787.751
3455.844 2910.136
3371.443 2673.783
3552.669 3018.923
3513.423 2613.094
3385.271 2989.877
3238.474 2658.557
3501.805 2965.072
3114.395 2731.488
3517.352 2888.978
3112.763 3031.977
3251.145 2948.053
3556.227 2855.280
3289.044 2663.790
3271.310 2585.142
3476.378 2772.725
3293.161 2750.439
3553.525 2682.148
3110.203 2952.066
3224.448 2728.072
3585.785 2938.452
3269.199 2676.640
3255.171 3048.843
3344.581 2828.262
3206.278 2674.018
3313.849 2848.750
3227.262 2723.458
3558.008 2684.351
3136.627 2633.368
3509.922 2628.761
3190.182 2851.178
3280.553 2843.549
3197.901 2600.297
3449.248 2671.182
3382.444 2817.784
3297.795 2682.183
3475.842 2618.377
3221.777 3058.189
3191.928 2840.065
3164.638 2624.476
3145.409 2652.306
3386.021 2793.937
3141.076 2679.826
3481.557 2958.915
3296.301 2680.100
3344.143 2948.129
3499.953 2614.885
3521.453 2581.175
3465.800 2882.754
3324.828 2656.485
3573.085 2850.398
3268.372 2752.154
3319.840 2883.261
3283.194 2955.229
3443.457 2723.718
3181.428 2745.847
3469.331 2653.857
3598.501 2702.003
3450.167 2668.111
3228.319 2752.474
3244.703 2860.079
3135.980 3044.696
3475.515 2909.142
3410.048 2584.235
3350.857 2777.394
3267.991 2863.024
3496.559 2769.737
3574.620 2872.234
3424.007 2835.039
3366.434 2797.416
3278.719 2821.106
3102.808 2931.694
3433.132 2776.048
3502.297 2936.459
3280.975 2877.422
3532.814 2861.335
3252.164 3042.638
3411.557 2616.716
3283.599 2963.938
3512.555 2845.102
3233.103 2969.127
3362.677 2609.878
3168.576 2707.066
3284.389 2629.695
3526.655 2764.267
3493.833 2980.506
3196.676 2768.358
3299.977 2702.483
3378.303 2825.875
3460.984 2992.869
3542.790 2917.915
3449.783 3054.508
3119.745 2960.292
3407.570 2570.911
3169.036 2632.404
3464.279 2895.645
3369.266 3033.005
3167.009 2989.840
3459.369 2899.372
3436.107 2652.259
3559.508 2629.191
3370.817 2807.440
3419.546 2606.974
3246.394 3017.659
3212.779 2847.576
3570.859 2828.793
3235.707 2933.603
3319.643 2921.551
3462.825 2620.483
3355.890 2807.439
3383.418 2729.166
3198.528 2775.150
3158.859 2680.677
3115.522 2681.870
3573.049 2918.407
3194.527 2640.999
3140.891 2627.830
3472.464 2850.009
3215.046 2825.277
3311.450 2681.294
3134.297 2945.299
3474.850 3044.535
3385.586 2824.511
3564.883 2874.183
3176.412 2855.127
3428.813 2770.348
3120.496 2663.933
3137.709 2745.189
3213.756 3007.130
3489.009 2893.892
3241.943 3033.111
3369.947 2756.187
3217.528 2697.651
3307.463 3064.704
3128.004 2947.827
3201.719 3014.694
3566.768 2679.340
3529.388 2673.641
3557.073 3032.235
3331.427 3018.310
3366.754 2938.779
3414.657 2875.162
3357.812 2650.152
3276.091 2982.255
3141.132 2913.211
3248.173 2905.300
3146.017 3021.690
3306.349 2979.958
3540.028 2615.720
3575.676 3040.481
3145.429 2940.478
3174.165 2616.437
3124.702 2831.727
3463.227 2955.627
3496.811 3018.318
3355.673 2654.251
3385.547 2647.898
3157.408 2976.393
3542.417 2867.850
3272.266 3064.598
3600.611 2967.605
3324.178 2935.464
3325.020 3047.467
3302.223 2569.849
3459.939 2972.327
3250.232 2571.103
3522.382 2660.375
3497.068 2658.085
3548.141 2963.675
3408.182 2742.336
3549.048 2729.073
3284.303 2928.532
3481.527 2820.337
3569.847 2630.242
3284.193 2983.624
3265.727 2727.275
3545.181 2679.652
3321.881 2732.518
3164.327 3039.594
3424.559 2954.355
3124.473 2742.642
3304.879 2691.891
3197.685 3021.347
3164.874 2947.368
3246.842 2845.733
3153.204 3053.415
3247.491 2934.155
3449.058 3022.163
3407.317 2577.790
3426.232 2779.948
3160.718 2923.012
3379.866 2603.885
3565.979 2906.456
3528.826 2986.237
3344.230 2606.124
3231.721 2773.338
3474.557 2733.821
3564.566 2823.126
3110.487 3066.106
3248.921 2767.967
3496.866 2791.871
3564.370 2816.174
3158.273 2684.016
3522.154 3008.396
3563.490 2787.701
3492.552 2771.515
3533.458 2779.640
3354.588 2717.573
3382.863 2956.833
3173.997 2774.291
3116.924 2816.207
3568.958 2949.321
3411.457 2894.194
3245.162 2663.604
3373.679 2829.627
3129.935 2816.244
3205.922 2616.175
3528.118 3037.724
3557.838 3027.915
3288.933 2692.187
3525.051 2692.852
3143.739 2616.223
3140.858 2702.720
3120.592 3055.805
3374.066 2906.568
3208.621 3031.581
3524.096 2643.880
3448.767 2606.668
3434.567 2908.121
3380.442 2815.683
3213.028 2958.542
3253.100 3064.126
3118.319 2942.469
3536.267 2860.955
3174.102 2620.501
3225.830 3059.586
3179.704 3045.151
3317.644 2963.345
3141.407 2975.590
3202.393 2764.274
3567.270 2704.614
3116.310 3056.874
3533.258 3033.987
3274.514 2802.010
3319.259 2677.755
3448.855 2990.506
3474.838 2790.822
3415.083 2944.359
3257.772 2763.360
3166.257 2716.892
3507.891 2698.385
3364.184 2646.249
3318.404 2767.174
3197.505 2996.849
3249.416 3036.396
3363.394 2985.055
3555.790 3036.618
3468.464 2643.538
3173.214 3039.541
3392.365 2875.351
3284.453 2578.087
3266.815 2794.089
3143.069 2905.388
3303.585 2977.649
3454.202 2791.042
3319.044 2711.762
3273.215 3050.053
3307.011 2966.142
3127.526 3050.384
3161.327 2602.282
3280.118 2663.049
3339.440 2974.549
3160.034 3000.837
3586.685 2875.476
3183.052 2656.316
3204.651 2965.839
3160.764 2773.949
3204.351 2577.196
3167.585 2743.546
3305.679 3024.616
3412.116 2774.587
3338.940 2602.475
3507.393 2607.340
3494.861 2763.622
3531.995 2712.439
3154.045 2749.198
3290.746 2707.238
3111.266 2820.844
3402.298 3056.005
3288.545 2922.086
3365.440 2925.673
3373.045 2945.609
3160.691 2646.111
3140.833 2771.178
3203.190 3009.906
3566.308 2666.993
3452.346 3033.688
3276.280 2694.614
3582.546 2852.112
3253.701 3002.460
3182.874 2647.165
3434.788 2588.507
3421.415 2976.232
3571.850 2902.464
3312.637 2841.295
3284.823 2747.557
3141.747 3022.478
3127.044 2987.484
3600.761 2884.262
3472.725 3016.124
3304.881 3015.135
3592.511 3013.275
3328.614 2900.726
3329.731 2641.605
3263.334 2961.158
3363.172 2739.573
3517.118 2928.780
3408.495 2863.092
3330.377 3010.883
3512.205 2874.651
3541.806 2809.247
3518.258 3018.522
3488.679 2843.869
3431.032 2625.253
3351.427 2884.676
3405.314 2748.545
3415.543 2760.556
3367.894 2607.007
3541.751 2990.883
3321.826 2963.679
3593.607 2754.687
3576.352 2772.520
3267.837 3030.611
3391.891 2792.220
3496.129 2700.900
3571.452 2683.216
3339.510 2569.141
3126.305 2736.427
3139.359 2826.081
3317.572 2614.517
3494.967 2815.920
3289.959 3046.552
3397.014 3049.931
3274.860 2992.534
3600.555 3018.751
3169.769 2706.113
3240.163 2596.569
3391.619 2804.269
3534.179 2768.922
3341.642 2918.676
3397.531 3008.365
3520.211 2884.775
3570.992 2917.330
3119.664 2893.089
3170.929 2965.028
3408.996 2727.686
3295.046 3066.693
3130.239 2972.960
3283.389 2666.237
3261.853 2921.334
3421.538 2572.430
3331.928 2922.213
3567.499 2781.959
3402.211 2787.843
3172.352 2822.048
3108.833 2606.663
3334.045 2739.972
3113.021 2960.295
3546.833 2600.901
3437.862 2759.138
3107.260 3010.257
3194.127 3024.394
3474.953 2898.898
3159.480 2658.583
3192.901 3004.167
3456.822 2626.633
3507.228 2997.146
3301.411 2923.494
3447.133 2954.648
3465.759 2582.084
3562.351 3056.410
3369.152 2940.782
3156.330 2816.458
3224.607 2742.678
3127.106 2869.873
3218.045 2753.989
3263.511 2724.432
3136.081 2769.990
3482.253 3016.583
3409.624 2736.315
3218.683 2711.354
3477.442 2798.219
3556.102 2712.196
3387.238 3053.055
3437.322 2706.876
3384.784 2572.975
3326.852 2684.417
3575.405 2675.652
3499.062 3032.817
3248.643 2762.310
3426.709 2785.864
3252.069 2706.297
3450.293 2994.663
3123.507 2651.583
3150.451 2774.285
3471.268 2733.309
3333.485 2791.409
3238.194 3067.080
3400.819 2630.675
3490.460 2580.932
3538.057 2953.036
3234.124 2973.844
3409.167 2804.812
3423.045 2798.216
3394.465 2789.005
3471.201 2733.589
3504.657 2990.272
3594.568 3004.183
3506.855 2739.528
3298.070 2653.029
3437.979 3015.485
3310.526 3006.624
3578.022 2882.191
3230.563 2953.607
3503.808 2739.746
3378.752 2986.212
3174.995 2686.381
3518.822 2875.942
3549.337 2947.858
3482.404 2583.411
3206.812 2794.906
3372.070 2666.450
3260.562 3006.099
3525.081 2912.210
3148.551 2852.927
3407.308 2636.665
3317.373 3017.008
3508.353 2643.820
3199.938 2798.717
3265.300 2960.668
3198.200 2630.870
3476.961 2690.825
3314.763 2785.381
3292.446 2903.290
3301.153 2736.053
3189.951 2663.559
3481.970 2690.564
3204.191 2606.353
3435.932 2575.108
3566.325 2741.640
3129.169 2694.373
3514.582 2728.843
3358.289 3020.302
3317.883 2752.315
3164.486 2645.773
3318.929 2837.626
3238.583 2774.806
3398.611 2600.162
3189.448 2925.275
3364.197 3015.336
3181.347 2761.706
3226.118 3006.269
3574.024 2827.277
3565.246 2789.914
3198.508 2589.680
3351.764 3002.380
3535.960 2842.083
3575.526 2897.869
3307.752 2913.725
3452.484 3003.036
3244.425 2874.642
3358.348 2999.249
3375.796 2679.657
3548.970 2990.418
3204.072 2973.789
3563.838 2592.221
3386.113 2582.339
3190.421 2648.117
3153.501 2890.661
3176.973 2746.721
3537.356 2998.454
3303.971 3029.498
3316.155 2580.466
3465.418 2663.324
3255.348 2768.462
3158.283 2954.610
3141.247 2632.704
3533.415 2993.798
3536.297 2976.641
3587.203 2863.580
3363.539 2773.941
3213.640 2896.715
3436.631 2593.541
3157.570 2913.998
3401.548 2652.056
3487.360 2958.643
3361.531 2892.727
3475.569 2859.312
3475.439 2768.383
3233.892 2587.233
3191.485 2870.824
3437.075 2638.597
3171.748 2653.527
3358.353 2623.346
3263.329 2923.741
3120.809 2822.113
3136.471 2870.365
3183.459 3037.624
3386.181 3026.464
3527.008 2861.931
3511.203 2769.932
3123.961 2990.438
3296.384 2902.588
3584.182 2791.409
3467.429 2830.865
3314.274 2902.892
3393.542 3010.669
3205.230 2911.876
3382.072 2862.666
3420.625 2784.524
3190.884 3011.478
3345.193 2603.087
3485.846 2728.316
3312.216 2905.784
3446.797 2999.536
3440.405 2607.585
3113.721 3065.631
3544.362 3055.301
3395.510 2651.453
3172.311 2816.980
3378.652 2896.406
3361.685 2582.918
3483.019 2865.412
3438.053 2627.983
3190.415 2798.979
3206.391 2651.040
3103.219 2858.776
3457.655 2624.581
3305.019 2796.700
3117.499 2943.749
3339.840 2774.846
3202.502 2691.354
3233.072 2962.262
3284.966 2987.549
3309.698 2878.116
3418.294 2611.990
3313.835 3020.248
3157.295 2986.037
3182.162 3038.699
3542.068 2616.027
3154.397 3037.635
3310.319 2868.825
3255.927 3050.836
3149.935 2758.738
3520.285 3042.143
3327.528 2775.203
3318.604 3062.398
3126.661 3042.031
3447.771 3061.749
3437.641 2611.809
3374.266 2891.973
3580.476 2681.578
3226.010 2580.673
3471.969 3039.547
3156.155 2919.101
3433.129 2770.965
3283.332 2797.454
3233.053 2630.596
3218.432 2716.171
3577.024 2861.457
3139.508 2843.915
3244.264 2676.555
3188.711 2630.906
3303.623 2818.286
3575.605 2969.813
3195.397 2855.469
3601.526 2998.347
3588.280 2824.478
3536.595 2728.220
3566.405 2952.455
3194.492 2634.713
3517.840 2997.936
3349.278 2583.375
3267.008 2807.268
3304.804 2699.441
3306.996 3036.093
3509.880 2870.951
3543.355 2902.934
3536.127 2854.972
3449.736 2677.321
3271.790 2883.600
3264.526 2796.049
3181.977 2593.950
3356.306 3067.697
3266.021 2651.276
3582.599 2835.111
3518.869 2658.992
3491.368 2589.005
3480.837 2610.435
3565.692 2980.119
3307.497 2641.008
3584.290 2989.040
3155.575 2825.760
3439.636 2877.704
3108.471 2813.268
3312.363 2708.386
3454.736 2998.020
3267.350 2960.608
3316.286 2672.121
3456.998 2796.353
3296.391 3020.829
3325.045 2865.004
3211.856 3007.254
3283.472 2981.325
3219.264 2650.285
3322.998 2784.298
3290.453 2696.833
3323.098 3001.335
3420.617 2805.775
3297.455 2856.109
3423.543 2801.552
3467.676 2997.637
3510.814 2903.923
3517.665 2782.049
3156.303 2736.017
3446.822 3044.750
3334.852 2974.548
3590.729 2569.944
3358.563 2630.703
3280.033 2715.281
3143.469 2905.874
3438.161 2576.070
3219.590 3011.033
3513.797 2854.323
3250.798 2599.022
3338.533 2916.181
3565.258 2811.801
3402.976 2672.297
3481.677 2678.476
3373.738 2760.346
3311.572 2568.755
3187.733 2780.792
3116.351 3048.480
3273.965 2575.057
3264.557 2580.886
3479.030 2620.728
3217.502 3057.929
3574.559 2712.188
3159.339 2601.596
3459.105 2655.701
3116.509 3027.989
3217.065 2657.900
3378.635 2622.108
3478.143 2741.452
3416.057 2580.684
3593.850 2942.444
3256.959 3020.441
3399.617 2811.882
3136.169 3034.371
3341.879 2999.740
3530.848 2814.558
3291.455 2628.358
3360.912 2939.201
3168.521 2631.065
3375.441 2669.173
3208.256 2972.562
3526.936 2829.175
3510.276 3050.741
3298.348 2616.375
3335.957 2588.647
3458.017 2687.670
3192.634 3029.293
3409.347 2946.065
3243.782 3063.013
3325.939 2741.093
3539.193 2829.278
3573.071 2953.245
3504.645 2964.467
3269.481 2739.433
3296.070 2754.130
3227.485 2891.879
3492.200 2841.222
3590.150 3041.456
3362.179 2862.048
3540.988 2659.266
3508.544 2914.785
3358.692 3020.464
3571.992 2888.183
3167.670 2672.528
3520.346 2746.046
3219.848 2959.487
3334.622 2939.804
3429.654 2679.087
3159.700 2696.976
3315.367 2713.063
3526.104 2963.185
3417.262 2935.016
3138.799 2660.099
3456.431 2755.521
3449.213 2633.277
3207.108 2778.583
3253.323 2709.875
3562.568 2669.833
3332.081 2841.171
3113.134 2585.120
3292.562 2801.033
3204.168 3032.653
3445.381 2681.559
3147.364 2885.940
3271.386 2709.725
3303.971 2583.866
3517.919 2926.906
3234.992 2645.258
3556.382 3018.467
3124.755 2928.443
3200.634 3056.340
3169.421 2718.283
3235.079 3030.537
3212.078 3036.757
3103.949 3004.342
3597.428 2809.028
3364.515 2815.763
3247.224 2892.372
3243.027 2824.892
3506.080 2927.972
3261.049 2820.227
3589.382 2610.710
3276.531 2692.671
3316.147 2932.297
3134.607 2795.619
3313.760 2609.441
3583.951 2989.738
3221.100 2807.137
3328.320 2743.176
3220.380 2762.733
3541.493 2868.990
3559.744 2797.366
3218.850 2969.744
3258.997 2710.994
3523.245 2850.950
3195.629 2773.017
3367.936 2957.651
3539.368 2672.918
3350.557 2765.086
3370.609 2820.543
3586.152 2675.459
3341.903 2727.797
3583.585 3052.469
3431.155 3034.141
3488.531 2692.502
3503.027 2847.060
3418.934 2636.740
3588.628 2680.516
3575.702 2820.294
3539.029 2928.594
3156.103 2837.277
3275.495 2807.802
3522.267 3044.589
3109.926 2790.958
3146.642 2604.147
3245.968 2870.136
3539.843 2729.493
3535.082 2746.932
3528.504 2856.713
3148.070 2991.074
3266.713 2826.484
3432.232 2576.923
3436.764 2830.984
3230.783 2773.624
3239.700 2592.931
3562.136 2866.121
3226.220 2612.693
3262.027 2638.564
3318.091 2933.491
3194.584 2907.558
3151.821 2630.520
3171.480 2852.252
3316.580 3012.670
3531.840 2682.853
3107.212 2707.595
3460.922 2822.720
3358.239 2628.096
3236.405 2760.900
3138.226 2932.909
3256.976 2965.435
3284.913 2607.323
3461.141 2713.143
3417.069 2855.965
3105.754 3004.283
3445.428 3011.517
3294.796 2740.741
3204.124 3005.105
3593.145 2952.987
3578.245 2756.827
3266.604 2600.214
3399.654 2714.859
3309.497 2636.409
3134.744 3053.930
3412.648 2966.700
3241.793 2673.870
3439.732 3002.259
3148.391 2946.384
3541.926 2931.732
3414.391 2994.062
3389.002 2836.771
3518.432 2754.058
3496.254 2613.284
3288.645 2591.738
3150.462 3022.816
3264.977 2884.897
3358.808 2794.942
3390.036 2577.705
3265.759 2892.912
3551.923 2582.420
3535.224 3029.040
3139.340 2971.933
3444.869 2968.347
3262.334 3064.661
3166.807 2941.194
3256.497 3011.114
3530.567 2729.499
3564.217 2641.663
3481.435 2770.349
3131.317 3066.829
3370.611 2658.851
3158.356 3019.922
3201.897 2866.436
3439.283 3015.423
3444.960 2655.734
3156.991 3061.830
3456.032 2979.937
3464.930 2845.332
3321.655 2764.111
3206.676 2586.046
3577.436 2963.976
3303.773 2742.283
3171.414 2628.174
3475.536 3041.180
3495.809 2655.504
3184.695 2876.174
3275.325 2591.756
3325.502 2643.690
3524.012 2908.901
3488.486 2698.082
3202.729 2665.075
3206.631 2588.099
3306.719 2732.575
3372.647 2714.841
3140.516 2973.964
3235.480 2573.361
3572.793 2921.711
3180.217 2977.511
3590.989 3002.901
3580.960 2854.742
3449.294 2581.442
3161.153 2744.832
3198.401 2772.241
3283.709 2829.236
3464.822 2577.572
3157.274 2989.848
3572.397 2620.870
3190.820 2876.671
3451.020 2835.115
3392.139 2814.751
3221.848 2893.167
3429.639 2965.306
3553.521 2886.700
3528.763 2910.889
3265.777 3043.541
3190.994 2577.807
3236.622 2805.844
3280.851 2850.603
3134.998 2746.323
3298.844 2715.909
3166.437 2707.284
3194.972 2692.165
3475.707 2823.626
3467.501 3032.665
3244.369 2681.391
3229.336 3005.610
3347.638 2573.079
3499.194 3042.877
3372.088 2977.282
3344.771 2901.277
3518.358 3036.084
3502.574 2813.590
3576.637 2931.729
3444.758 2573.595
3513.574 2600.731
3423.562 3037.864
3154.689 2608.473
3231.081 2769.624
3212.952 2739.925
3525.872 3026.236
3475.440 2968.175
3283.562 2707.905
3318.225 3020.353
3309.167 2642.337
3113.877 2795.135
3340.897 2992.449
3299.818 2617.850
3300.394 3017.516
3353.712 2691.205
3268.256 2597.084
3554.801 3016.314
3366.491 2837.836
3428.837 2659.495
3429.264 2955.048
3270.517 2712.039
3388.955 2698.663
3512.993 2870.137
3310.948 2635.171
3515.390 2591.014
3538.841 2862.308
3298.051 2987.294
3398.994 2880.012
3418.153 2947.884
3326.561 2963.715
3521.469 2640.210
3431.048 2640.950
3174.203 2641.510
3231.161 3006.792
3335.373 2796.965
3152.574 2830.894
3123.644 2815.869
3390.546 2864.867
3281.032 2802.430
3399.028 2870.964
3365.409 3019.383
3151.273 2912.156
3578.193 2860.827
3390.770 2896.228
3474.322 2917.167
3445.825 2730.658
3359.755 2829.417
3314.666 2940.444
3567.222 2943.217
3336.105 2962.836
3457.275 2708.658
3302.680 2935.065
3419.950 2872.262
3138.629 2883.919
3255.140 2680.158
3148.559 2919.911
3331.981 2709.015
3509.102 2976.310
3256.931 2669.380
3572.898 2631.660
3123.907 2778.078
3467.682 2980.912
3385.432 2700.363
3519.534 2589.246
3435.344 2663.002
3148.282 2966.589
3252.091 2779.961
3376.762 2962.773
3369.331 2605.660
3483.766 2920.434
3331.085 2836.622
3459.586 2646.844
3576.055 2661.229
3356.239 3067.383
3265.238 2617.786
3365.110 2814.008
3260.147 2807.540
3353.651 2727.410
3320.250 2971.204
3539.069 2948.559
3247.584 2888.262
3516.483 3002.193
3346.970 2574.864
3332.348 2651.762
3282.889 2661.094
3243.288 3007.999
3177.954 2618.128
3460.763 2835.486
3243.569 2944.905
3577.884 3020.192
3425.161 2994.389
3369.954 2750.205
3178.365 2887.224
3248.761 2650.032
3190.289 2965.466
3268.491 2689.030
3521.571 2963.251
3553.604 3023.186
3243.501 2747.177
3374.577 2781.658
3281.046 2739.034
3330.664 2756.613
3416.992 2698.735
3141.026 2713.536
3373.544 2948.923
3209.204 2962.364
3430.924 2624.401
3325.136 2933.442
3224.351 2919.172
3282.283 2644.383
3250.091 2867.907
3574.167 3012.725
3535.374 2770.044
3157.869 2644.861
3290.457 3011.755
3376.081 2887.591
3501.811 2937.844
3240.601 2605.169
3349.040 2765.211
3459.176 2681.772
3401.171 2880.000
3522.266 2729.367
3221.399 2705.216
3320.369 3018.785
3311.663 2662.837
3139.241 2603.641
3558.133 2792.198
3600.501 2877.920
3574.162 3067.401
3544.164 2780.342
3534.187 2864.289
3163.354 2769.428
3462.624 2578.994
3499.294 2664.452
3380.263 3040.961
3287.571 2947.761
3309.172 2865.559
3505.373 2935.018
3133.617 2699.340
3375.072 2822.100
3382.200 2941.966
3107.108 2616.174
3384.601 2649.916
3266.955 2868.800
3418.597 2747.327
3328.635 2904.121
3385.634 3031.301
3492.042 2714.010
3186.658 3063.772
3360.225 2930.793
3309.242 2934.990
3401.119 3059.956
3370.886 2820.384
3203.185 2800.208
3583.562 2570.145
3412.388 2894.793
3244.866 2886.729
3165.911 3050.817
3463.330 2852.169
3466.127 2903.218
3108.809 2713.258
3388.274 2725.742
3316.657 3041.756
3480.289 2798.774
3472.079 2796.367
3297.022 2988.609
3140.282 2626.925
3576.650 2967.601
3460.593 2942.643
3176.030 2804.737
3263.966 2713.534
3406.970 2775.018
3264.022 2734.653
3273.223 2586.493
3264.608 3032.894
3135.128 2921.664
3580.125 2832.301
3157.791 2806.245
3287.658 2700.794
3296.331 2918.638
3245.932 2610.990
3528.559 2592.863
3594.062 2952.049
3242.498 2990.875
3414.620 2902.663
3406.852 2657.614
3119.605 2872.169
3206.353 2993.910
3352.638 2986.210
3497.897 2597.394
3393.836 2814.015
3528.523 2814.955
3406.190 2654.467
3589.910 2738.563
3262.637 2868.511
3524.233 2642.672
3151.855 2787.391
3320.191 2971.235
3493.774 2917.273
3153.183 3055.485
3294.686 2653.647
3417.783 3051.734
3391.199 2754.032
3589.052 2961.448
3545.068 2690.189
3394.311 2886.959
3284.963 2663.349
3412.306 2865.403
3337.610 2711.162
3491.080 2919.518
3491.256 2876.830
3521.788 3014.158
3378.101 2893.857
3448.840 2925.533
3569.905 2913.709
3567.143 2984.588
3541.853 2986.060
3432.702 2659.651
3335.137 2776.665
3269.512 2687.537
3294.106 2871.868
3497.903 2573.068
3530.943 2956.048
3393.184 2570.978
3557.715 3037.666
3127.298 2762.994
3467.514 2650.769
3325.247 2850.014
3257.474 2727.837
3579.705 2632.504
3203.097 2820.369
3227.098 2770.619
3516.955 2955.179
3383.011 2628.532
3207.466 2639.401
3413.897 3045.893
3472.114 2990.559
3198.612 2675.182
3358.490 2847.884
3330.566 2998.686
3233.036 2620.652
3573.382 2865.502
3191.456 2690.117
3244.540 2848.467
3150.695 2675.376
3296.537 3034.885
3129.508 2825.740
3251.231 2692.947
3207.765 2856.977
3134.500 2660.913
3144.478 2991.944
3196.178 2682.695
3263.132 2977.452
3521.507 2683.129
3310.852 2716.921
3477.058 3015.674
3428.546 2988.966
3467.056 2928.989
3388.646 2622.204
3164.676 2752.050
3276.326 3025.961
3420.260 2905.546
3580.649 2582.453
3456.225 2770.201
3280.138 2809.324
3195.893 2772.227
3501.857 2790.705
3584.288 2925.857
3185.042 2766.817
3188.513 2715.818
3140.455 2730.614
3521.234 3037.693
3177.496 2808.451
3171.579 2903.349
3208.378 2912.787
3585.844 2722.153
3550.885 2760.161
3250.799 2622.442
3214.564 2804.776
3342.935 2968.770
3497.071 2590.265
3281.097 2954.637
3210.681 2652.523
3236.243 2858.920
3526.378 2712.664
3442.402 2841.013
3536.661 2757.635
3534.166 2860.236
3497.764 2902.276
3108.722 2704.594
3408.853 2798.410
3222.049 3000.294
3456.990 2571.352
3542.755 2695.228
3327.406 2951.671
3458.374 2798.650
3524.427 2956.458
3205.412 2724.750
3304.751 2871.382
3314.598 2919.190
3443.038 2880.670
3550.461 2654.824
3536.019 2952.013
3518.335 2924.498
3456.924 3057.108
3211.372 2695.842
3253.942 3005.466
3275.622 2645.934
3318.031 2750.923
3290.469 2793.363
3211.963 2895.875
3390.122 3017.204
3397.591 2660.373
3547.510 2675.604
3562.901 2824.114
3228.313 2999.596
3538.205 3011.290
3490.862 2622.939
3457.939 2708.823
3293.389 2946.709
3196.202 3065.268
3228.640 2911.929
3200.587 2719.713
3520.644 3012.666
3134.999 2653.821
3447.615 2956.629
3416.683 2923.382
3485.334 2876.811
3437.269 2907.036
3121.476 2574.769
3355.497 3055.076
3383.477 2966.877
3578.346 2942.862
3178.251 2769.582
3467.818 2845.328
3532.636 2912.478
3424.253 2593.909
3219.773 3016.932
3166.036 2689.127
3463.137 2789.514
3511.390 2604.620
3525.889 2822.349
3549.178 3032.725
3439.532 2770.773
3320.485 2623.726
3556.197 3028.577
3128.998 3047.317
3280.726 2951.346
3242.669 2595.524
3435.901 2785.367
3330.610 2862.697
3438.448 2844.614
3395.473 2873.619
3293.169 2650.579
3340.132 2970.603
3476.886 2976.556
3549.325 2709.787
3581.859 2823.534
3111.760 2943.478
3254.780 3038.074
3552.848 2835.369
3235.106 2786.991
3422.215 2962.547
3460.312 3012.146
3324.603 2773.518
3329.104 2580.184
3313.918 2712.809
3199.892 2862.298
3155.652 2589.162
3204.040 2680.666
3461.807 2879.234
3401.665 2776.356
3142.622 2760.911
3285.182 2615.159
3266.014 2622.641
3596.923 2568.567
3285.463 2602.308
3410.641 3043.720
3365.307 3040.460
3545.806 2970.349
3527.276 2773.105
3327.555 2876.953
3505.226 2600.474
3260.668 3049.279
3395.133 2787.087
3297.471 2830.763
3557.984 2636.818
3426.777 2625.427
3157.987 2709.254
3131.200 2658.547
3582.637 2748.907
3438.557 3040.719
3199.044 2671.801
3502.474 2865.614
3183.758 2950.325
3105.743 2828.246
3455.144 2686.792
3536.743 2857.828
3445.770 3043.769
3575.705 2931.250
3204.922 2863.508
3472.422 3048.600
3514.606 2603.862
3383.247 2953.855
3454.657 2570.435
3380.106 2772.622
3180.083 2873.382
3267.668 2974.336
3300.743 2725.412
3161.018 2948.935
3177.461 3040.300
3453.286 2953.686
3418.363 2820.514
3527.497 2791.728
3496.779 2795.328
3291.706 2849.576
3355.615 3011.327
3394.887 2730.172
3421.105 2978.123
3365.438 2856.786
3214.253 2632.313
3552.062 2732.865
3433.099 2865.459
3414.680 2781.387
3320.797 2829.487
3432.362 2861.862
3587.843 2613.678
3567.010 2734.647
3540.327 2843.789
3379.766 2665.303
3533.168 2579.523
3248.336 2939.003
3570.977 2943.898
3479.286 3034.515
3281.151 2604.184
3372.518 2774.420
3586.405 2580.762
3192.137 2714.034
3293.402 2870.627
3332.825 2614.718
3127.374 2927.423
3312.895 2698.811
3353.859 2929.777
3535.967 2857.711
3334.992 2584.577
3414.721 2624.567
3172.776 2603.508
3511.881 2610.048
3509.530 2623.161
3477.097 2580.644
3499.345 2842.139
3126.232 2607.290
3255.049 2764.646
3295.276 3066.599
3523.081 2633.452
3326.779 2918.241
3302.576 2780.860
3172.845 3041.548
3126.095 2653.347
3347.419 2861.158
3161.905 3036.317
3330.022 2632.095
3532.294 2808.528
3126.165 2997.989
3386.813 2922.731
3273.428 3057.199
3130.916 2897.878
3447.852 2706.105
3344.842 3044.238
3599.750 2715.149
3313.900 2574.101
3563.768 2821.335
3266.282 2867.322
3466.850 2988.591
3191.903 2835.731
3576.216 3048.652
3239.795 2694.469
3547.410 2756.111
3253.266 2870.354
3304.549 2847.100
3176.352 2780.885
3445.328 2651.923
3306.117 2821.587
3108.095 2670.783
3261.323 2697.410
3532.506 2646.618
3483.845 2648.272
3327.757 2892.184
3363.557 2709.962
3294.916 2855.174
3370.199 2860.971
3600.580 2705.610
3514.420 2828.054
3283.264 2783.930
3436.628 2645.877
3599.377 2777.031
3416.307 3046.756
3363.927 2713.048
3157.266 2780.227
3576.635 2765.327
3185.285 2575.339
3473.898 2914.657
3385.157 2608.791
3475.948 2979.791
3169.581 3053.005
3391.520 2706.081
3120.976 2574.185
3282.897 2712.678
3439.198 2796.437
3187.149 2884.556
3478.017 2949.148
3413.899 2795.330
3464.200 2604.009
3262.575 2876.123
3250.068 2969.508
3491.952 2632.409
3258.558 2807.804
3468.997 2715.546
3416.394 2874.415
3303.013 2748.573
3142.421 2949.708
3113.189 2619.717
3306.287 2802.636
3128.550 2603.092
3519.324 3015.427
3542.109 2776.625
3554.856 2815.567
3322.560 2610.469
3229.650 2882.205
3453.817 2775.156
3463.193 2758.877
3116.775 2692.677
3571.041 3041.340
3522.127 2982.108
3287.810 2915.236
3570.416 2730.574
3460.474 2695.318
3274.823 2975.639
3296.826 3035.874
3197.744 2700.642
3268.349 2905.643
3372.790 2936.768
3151.196 3021.571
3131.345 2645.556
3445.160 3060.893
3515.190 2603.248
3141.128 2873.072
3602.130 2867.322
3238.958 3043.337
3462.194 2802.944
3510.364 2760.611
3130.213 2959.316
3114.180 2689.258
3398.556 2984.614
3347.988 2708.992
3196.671 2866.502
3256.050 2569.820
3375.495 2824.768
3575.762 2653.625
3373.622 2658.261
3383.875 2783.925
3114.618 2674.348
3361.985 2872.319
3221.416 2780.674
3232.061 2828.859
3297.386 2857.570
3146.823 2632.400
3379.798 2831.351
3447.852 3058.265
3481.641 2578.182
3327.155 2659.615
3542.474 2768.784
3192.638 2783.619
3359.025 3037.538
3106.597 2716.333
3214.626 3013.796
3279.515 2811.181
3297.533 2852.169
3228.230 2972.761
3186.420 2572.731
3350.844 2713.725
3521.967 2638.511
3276.872 2727.024
3157.488 2954.335
3531.408 3046.187
3386.571 2685.903
3196.939 3065.121
3348.096 2969.513
3415.147 2601.597
3148.945 2605.043
3183.996 2710.729
3463.611 2925.762
3393.970 3033.856
3484.622 2922.384
3194.993 2568.224
3373.265 2575.292
3586.502 2632.308
3439.966 3058.035
3228.104 2758.538
3325.677 2655.786
3239.203 2722.892
3190.790 2618.352
3526.285 2829.912
3432.134 2967.655
3464.295 2824.129
3410.126 2944.523
3123.921 2983.318
3120.765 2894.615
3263.801 2831.511
3302.304 2743.939
3392.630 2956.758
3247.214 2833.691
3336.425 2836.420
3470.797 2617.242
3464.801 2668.476
3400.432 2570.101
3588.131 2918.717
3324.376 2718.490
3460.802 2834.259
3250.619 2773.270
3208.391 2929.878
3172.361 2587.041
3580.905 2906.023
3526.857 2924.270
3434.484 2721.583
3546.233 2976.090
3403.384 2922.478
3264.643 2624.610
3591.877 2828.182
3362.286 2732.339
3368.492 2739.661
3227.423 3028.575
3590.986 2965.677
3373.332 2984.036
3120.776 2859.556
3501.293 2923.191
3169.162 2649.427
3569.477 3031.016
3430.029 2582.978
3153.368 2794.358
3386.993 2908.400
3151.817 2687.848
3477.148 2909.809
3103.229 2886.693
3311.409 2722.052
3473.369 2817.495
3590.236 2775.967
3303.534 2885.929
3264.849 2866.561
3279.511 2795.715
3342.555 2917.596
3149.343 2663.635
3125.190 3046.025
3289.820 2771.990
3426.713 3023.148
3586.093 2800.748
3189.476 2791.035
3112.124 2619.062
3422.926 2928.038
3430.025 2645.641
3557.592 2816.755
3197.997 3016.512
3247.549 2858.420
3506.149 2902.142
3365.606 3062.063
3489.149 2882.157
3354.702 2681.222
3248.471 2783.594
3234.303 2964.816
3196.215 2887.176
3533.445 2952.002
3415.562 2684.599
3269.740 3053.445
3474.896 2922.342
3494.654 2913.787
3251.937 2577.259
3246.312 2864.678
3363.672 2808.477
3296.466 2697.912
3351.112 2875.156
3242.025 2599.433
3271.907 2984.232
3400.427 2671.588
3417.250 3057.737
3456.245 2903.211
3220.326 2975.583
3114.215 2932.993
3267.699 2824.698
3381.429 2651.397
3543.335 2727.846
3592.389 2871.105
3197.752 2783.186
3430.191 2635.783
3153.851 3007.069
3276.603 2965.141
3190.804 3028.578
3142.477 2839.201
3149.300 2966.228
3481.862 2995.398
3384.381 2886.738
3402.917 3005.696
3512.403 2955.187
3219.399 2592.637
3281.550 2986.178
3216.318 3029.401
3243.378 3012.509
3274.072 3036.470
3253.530 2832.263
3463.361 2653.695
3317.087 2611.389
3322.012 2865.623
3448.667 2593.634
3158.143 2901.718
3252.014 2978.730
3173.265 2916.960
3284.128 2975.171
3165.744 2952.996
3543.997 2588.643
3437.214 2614.493
3418.230 2770.324
3500.898 2609.208
3372.656 2739.851
3592.428 2621.419
3301.340 2941.963
3312.951 2903.624
3451.183 2968.769
3219.830 2867.974
3110.723 2700.653
3249.278 2944.814
3219.360 3061.732
3135.948 2658.508
3325.511 2950.513
3517.233 2745.024
3443.787 3065.205
3457.307 2807.082
3463.968 2700.379
3417.067 3017.016
3446.280 2882.825
3176.220 2763.551
3381.011 3057.384
3215.019 2751.978
3225.288 2830.291
3488.794 3023.802
3509.467 2609.403
3493.408 2991.552
3319.750 3007.727
3571.775 2740.675
3426.628 2772.840
3251.453 2708.118
3448.143 2967.289
3268.638 2811.440
3206.621 2675.751
3186.932 2629.535
3409.580 2926.504
3556.238 2579.568
3562.008 2847.815
3220.442 2611.496
3529.026 2664.823
3437.368 2593.984
3541.642 2718.962
3166.799 2715.652
3215.615 3046.980
3389.022 2667.759
3354.065 2717.359
3555.336 2710.550
3500.371 2638.864
3176.159 2816.281
3132.038 2874.360
3533.480 2706.504
3193.206 2592.009
3245.340 2942.983
3308.502 2887.995
3494.123 2576.144
3281.240 2760.701
3124.453 2625.074
3334.810 2700.433
3381.706 2738.688
3447.642 2714.405
3374.556 2761.436
3381.403 2604.705
3312.909 2983.546
3102.881 3062.236
3276.622 2891.536
3424.531 2969.298
3298.930 2610.605
3378.899 2985.126
3153.834 2665.791
3226.838 2625.532
3247.505 2919.051
3382.959 2976.271
3563.795 2981.528
3132.979 2954.014
3492.831 2938.240
3527.058 2859.254
3466.222 2829.246
3366.973 2850.108
3295.320 2732.975
3324.094 2807.096
3545.051 3004.077
3557.008 3001.350
3527.023 2696.661
3345.247 2625.249
3141.861 2748.938
3275.876 2739.196
3504.262 2837.469
3286.831 3018.897
3481.108 2630.276
3580.193 2615.258
3553.590 2740.560
3388.830 2809.901
3544.716 2775.160
3492.688 2628.013
3436.232 2634.963
3337.245 2919.176
3318.102 3067.709
3454.295 2976.957
3137.913 2928.592
3123.184 2658.636
3192.204 2594.339
3532.937 2848.562
3307.341 2912.952
3287.248 2958.248
3215.370 2618.172
3191.498 2953.602
3570.722 2577.208
3253.041 2862.773
3250.746 2928.387
3137.128 2884.762
3434.021 2937.695
3111.366 2995.856
3176.937 2750.563
3446.806 2941.429
3169.960 2799.647
3420.215 2690.943
3433.167 2579.877
3593.779 2778.698
3122.871 2658.995
3287.077 2739.943
3197.778 2616.320
3328.953 2783.621
3592.017 2679.804
3164.721 2946.528
3585.455 3048.380
3316.551 2900.360
3318.856 2912.407
3410.600 2779.970
3459.001 2682.242
3601.901 2886.426
3301.503 3014.364
3352.688 2978.922
3125.173 3033.437
3314.501 2639.774
3180.575 2673.416
3217.355 2736.632
3359.624 2644.224
3159.968 2915.881
3554.824 2582.101
3337.260 2945.658
3279.527 2892.904
3362.370 2838.191
3501.467 2709.927
3312.208 2888.351
3405.743 2789.580
3399.790 3053.953
3547.860 2585.783
3116.655 2997.601
3120.013 2986.734
3328.063 3024.200
3213.706 2776.161
3532.521 2925.774
3366.822 2955.832
3510.647 2582.231
3210.734 2742.117
3204.355 2849.520
3459.436 2986.768
3302.762 3053.747
3350.453 2676.677
3297.223 2788.641
3557.717 2923.321
3146.501 2843.016
3543.866 2902.077
3305.228 2678.518
3226.842 2638.028
3599.888 2599.596
3307.282 2986.610
3306.489 3046.173
3147.967 3000.834
3373.193 2759.643
3376.392 2838.791
3438.260 2966.504
3119.413 2980.258
3540.920 2627.648
3404.961 2765.609
3192.254 2866.410
3429.336 2677.985
3570.562 2859.337
3249.446 2569.045
3245.565 2932.259
3257.947 2782.807
3476.383 2830.764
3127.056 2940.547
3324.893 2799.019
3298.984 2838.463
3416.662 3044.520
3247.697 2763.617
3586.692 2655.019
3485.357 2656.774
3259.327 2925.901
3135.315 2919.925
3569.134 2896.365
3252.023 2643.326
3105.868 2771.732
3513.765 2835.584
3153.182 2735.291
3324.011 2865.443
3240.266 2728.302
3412.263 2602.826
3203.134 2585.078
3394.645 2661.838
3563.537 2599.502
3224.700 2883.565
3324.353 2722.939
3157.909 2631.748
3230.960 2775.459
3381.983 2617.494
3104.554 3048.894
3365.293 2926.924
3472.703 2981.054
3524.071 2662.904
3193.673 2854.921
3432.451 2594.882
3210.895 2877.663
3129.641 2637.144
3556.773 2997.965
3406.704 2976.916
3236.500 2926.930
3312.865 2579.277
3186.925 3061.135
3361.820 2877.316
3577.288 3004.611
3280.425 3000.075
3545.736 2803.017
3216.475 3013.336
3386.363 2631.800
3285.874 2579.269
3489.653 2747.965
3179.147 2849.763
3552.391 2624.549
3420.411 2943.990
3411.077 2764.521
3120.760 2577.066
3304.300 2917.199
3244.946 2860.780
3332.911 2630.512
3293.638 2863.015
3251.280 2893.003
3405.279 2845.954
3176.245 2981.180
3467.175 2691.848
3117.398 2982.561
3451.506 2858.003
3390.020 2671.450
3363.105 2619.710
3140.941 2591.976
3444.916 2866.354
3273.313 2729.685
3555.565 2893.424
3270.985 3057.869
3554.931 2957.877
3427.586 2881.460
3258.290 2578.911
3201.973 2940.903
3367.968 2903.431
3152.912 2607.494
3233.979 2642.350
3472.329 2726.188
3391.567 2843.377
3399.751 2596.242
3262.846 3033.814
3380.261 3012.816
3318.982 2719.079
3563.298 2633.614
3273.989 2636.419
3555.929 2742.569
3214.622 2873.513
3352.548 3033.206
3351.623 3065.062
3254.826 2603.322
3583.888 2864.553
3485.982 2626.481
3171.678 3011.556
3350.085 2931.610
3515.902 2923.741
3252.820 2987.614
3558.431 2701.260
3397.799 2754.686
3287.346 2949.433
3372.634 2882.962
3284.593 2726.810
3303.014 2763.899
3422.106 2765.889
3276.581 2703.496
3351.791 2863.982
3143.729 2621.911
3545.921 3051.913
3274.647 2698.350
3275.691 2706.155
3443.297 2815.396
3218.102 2928.572
3260.436 2570.935
3130.455 3022.292
3350.138 2936.016
3294.599 3031.904
3124.605 2998.509
3151.400 2746.595
3234.469 2603.601
3315.842 2910.784
3512.050 2895.969
3586.649 2823.360
3117.350 2804.632
3548.742 3014.481
3415.202 2917.401
3448.668 2661.771
3529.342 2661.570
3600.223 2597.286
3435.644 2721.444
3517.078 3067.463
3150.904 2995.476
3115.412 2930.268
3482.072 2821.439
3148.137 2821.651
3355.474 2732.481
3385.908 3054.905
3510.234 2713.664
3289.100 2736.430
3156.139 2762.690
3479.562 2874.547
3274.668 2652.844
3558.369 3012.797
3423.973 2865.770
3370.151 2692.672
3383.222 2741.513
3218.803 2907.288
3252.811 2780.803
3575.625 2668.191
3498.033 2886.678
3595.158 2688.660
3398.029 2898.504
3532.206 2678.622
3453.465 2780.697
3148.411 3025.821
3195.644 2766.017
3201.513 2664.834
3402.175 2702.480
3566.362 2632.004
3306.128 2862.815
3307.416 2792.890
3118.066 2903.120
3395.071 2911.742
3556.191 2744.792
3290.362 2889.113
3171.522 2673.284
3277.901 2679.541
3107.342 2845.854
3143.424 2588.560
3387.546 2706.871
3431.735 2673.306
3240.340 2964.179
3109.139 2920.624
3300.718 2647.840
3120.200 2865.404
3429.771 2893.604
3478.734 2941.288
3174.839 2903.324
3124.857 2795.929
3230.692 2792.821
3459.806 2790.089
3104.668 3009.689
3583.071 2711.956
3210.559 2991.613
3366.909 2776.168
3274.665 2791.298
3110.392 2709.105
3470.129 2935.562
3180.743 2780.258
3137.576 2833.172
3172.691 2841.775
3505.396 2606.220
3262.833 2937.760
3589.166 2708.747
3140.536 2873.549
3534.817 2624.353
3541.815 2570.582
3113.643 2882.561
3405.709 2801.162
3284.695 2984.731
3547.208 2974.411
3393.423 2654.501
3340.337 2940.198
3524.440 2593.049
3575.572 3061.571
3283.261 2846.838
3523.266 2599.040
3179.436 2571.054
3480.001 2730.256
3239.635 2721.281
3275.298 2768.279
3501.943 3049.879
3145.014 2802.145
3197.954 2764.988
3360.642 2689.541
3342.039 2872.725
3219.930 2647.702
3554.443 3062.956
3350.363 2803.609
3324.136 2587.185
3337.295 2734.334
3108.115 2956.829
3136.520 2691.402
3231.560 2731.094
3245.605 2983.961
3239.778 2692.649
3318.399 2626.176
3462.419 2924.155
3513.270 2713.662
3337.451 2901.057
3432.707 2771.269
3397.273 2586.356
3250.137 2910.752
3560.771 2805.056
3425.878 2817.800
3560.184 2979.358
3470.083 2600.073
3566.607 2612.839
3467.578 2974.941
3375.108 2830.623
3140.462 2645.125
3104.785 2696.154
3173.828 2992.251
3264.524 2877.730
3119.788 3020.350
3360.671 2832.455
3457.354 2886.739
3293.261 2992.151
3583.692 2844.281
3558.718 2841.041
3314.849 3007.746
3470.621 2702.237
3525.030 2940.310
3322.681 2586.616
3175.652 2772.889
3561.210 2902.692
3301.277 2874.119
3533.370 2660.118
3166.666 2588.398
3214.385 2886.299
3539.945 2678.866
3186.996 3051.939
3561.572 2896.735
3172.325 2971.052
3297.578 2629.879
3267.728 2696.591
3543.986 2843.819
3383.276 2708.502
3324.973 2859.995
3410.924 2714.763
3336.550 2748.482
3588.848 2898.138
3564.105 2866.182
3114.510 2713.214
3418.495 2852.916
3277.389 3012.069
3287.370 2794.375
3424.345 2599.147
3268.725 2606.682
3583.227 2606.362
3313.897 2611.650
3119.095 2603.836
3420.987 2875.985
3259.098 2865.789
3434.293 2984.876
3497.910 2593.964
3310.795 2576.191
3156.053 2681.948
3458.366 2570.111
3213.578 3056.783
3170.232 2623.351
3252.040 2618.130
3118.899 2678.062
3547.438 2647.452
3373.924 2709.093
3516.406 2989.760
3107.045 2810.192
3329.805 3060.610
3432.698 2674.072
3422.292 2600.185
3472.437 2956.814
3368.960 2817.660
3540.660 2965.535
3472.735 2908.989
3253.063 2803.706
3151.876 3023.468
3386.883 2639.438
3460.368 2966.896
3596.519 2926.919
3483.540 2734.226
3122.855 2645.869
3235.051 2926.098
3147.337 2867.075
3594.462 3049.552
3145.507 2918.356
3466.098 2678.456
3471.578 2646.897
3249.550 2670.945
3251.910 2621.190
3374.252 2905.771
3373.553 2723.226
3413.573 2656.596
3437.376 2910.992
3329.955 2578.862
3352.608 2950.841
3280.101 2669.690
3429.210 2577.348
3153.184 2659.544
3174.744 3030.060
3199.834 2851.256
3120.979 3045.030
3417.373 2627.455
3380.098 2763.627
3601.546 2862.748
3161.748 2758.500
3599.659 2813.381
3520.377 2595.658
3583.979 2726.844
3281.057 3040.648
3301.754 2809.712
3426.737 2883.218
3472.313 2734.957
3410.869 2594.250
3367.871 2663.538
3331.868 2813.477
3226.319 2754.641
3204.604 2683.503
3106.585 2584.703
3349.946 2601.076
3585.020 2942.121
3467.428 2687.891
3564.297 2737.826
3239.990 2831.142
3265.786 2694.123
3248.455 2955.557
3544.564 2929.235
3577.815 2738.389
3387.598 2891.742
3313.863 2576.407
3408.809 2685.520
3267.825 2784.704
3578.595 2629.543
3506.655 2791.413
3232.860 2722.136
3326.917 2760.262
3505.304 2606.995
3475.158 2959.736
3449.264 2945.039
3106.658 2569.871
3557.776 3065.325
3420.438 2593.759
3354.197 2749.111
3300.876 2969.985
3149.109 2569.251
3523.558 2888.738
3541.615 2908.090
3387.103 2574.302
3110.674 2735.047
3122.120 2714.685
3532.663 2643.660
3397.521 2873.643
3407.129 2838.586
3182.680 2623.331
3357.339 2615.003
3596.648 2629.089
3105.783 2617.107
3131.790 2716.265
3525.379 2933.153
3344.171 2973.369
3180.274 2828.678
3295.928 2841.063
3589.427 2733.530
3432.359 2739.685
3165.180 2680.857
3221.505 2854.225
3252.309 2783.359
3223.244 2706.919
3447.349 2976.533
3355.740 2950.316
3488.811 2877.512
3335.887 2613.576
3262.578 2814.067
3456.952 2954.327
3178.213 2675.104
3491.878 3049.274
3560.996 2787.204
3147.134 2890.816
3136.055 2816.841
3434.211 2789.575
3278.177 2999.943
3376.694 2667.173
3561.618 2698.961
3509.941 3048.989
3115.369 2813.934
3196.710 2698.134
3450.106 3018.625
3589.055 2569.107
3127.381 2637.971
3521.738 2589.934
3306.655 2719.636
3496.551 2848.279
3336.524 2638.187
3157.271 3055.646
3489.272 2855.218
3125.389 2631.610
3524.986 2654.091
3424.231 2748.245
3300.094 3050.036
3554.118 2623.251
3229.051 2775.126
3456.174 2678.684
3244.793 2746.394
3107.147 2881.591
3485.548 2705.560
3209.726 2592.120
3141.794 2621.434
3513.499 2881.550
3313.149 2722.237
3452.361 3037.316
3155.923 3063.127
3161.163 2835.356
3334.529 3017.575
3128.846 2962.217
3179.610 2594.678
3264.340 3051.419
3306.472 2624.199
3116.229 2832.160
3305.961 2910.552
3121.140 2634.837
3230.581 2670.504
3370.896 2743.965
3472.580 2942.174
3401.029 2900.615
3545.808 2879.726
3300.165 3019.544
3291.033 2842.662
3278.599 2739.094
3531.566 2964.582
3443.876 2959.200
3407.672 3035.414
3500.803 2819.704
3212.932 2958.643
3500.111 2613.029
3175.836 2748.850
3382.145 2723.081
3196.775 2962.285
3467.707 2627.219
3255.609 2917.878
3340.434 2600.469
3403.657 2882.683
3240.097 2707.678
3387.901 3042.480
3442.858 2812.874
3328.931 3042.787
3376.110 3041.268
3264.709 2828.772
3598.583 3064.105
3457.101 2768.008
3479.039 2574.901
3310.466 2822.645
3397.920 2846.943
3176.461 2855.008
3362.093 2829.280
3422.415 2617.031
3331.186 3018.034
3321.382 2584.377
3548.872 2585.525
3546.306 2963.373
3245.418 3067.826
3333.063 2716.516
3509.290 2679.509
3209.070 2585.203
3158.238 2990.526
3553.405 2911.437
3564.194 2870.770
3171.139 2819.637
3202.659 2606.196
3536.980 2976.415
3329.714 2836.372
3188.119 2607.897
3455.691 3055.848
3499.006 2570.231
3534.511 2599.952
3583.593 2990.089
3258.364 2672.401
3575.058 2587.151
3185.492 2740.416
3103.659 2806.109
3171.389 2914.580
3525.870 2983.031
3270.817 2688.740
3569.246 2774.493
3225.467 2607.160
3275.722 2631.279
3382.359 2953.278
3336.611 2780.542
3126.708 3013.558
3174.199 2912.004
3591.067 2922.495
3298.069 2645.587
3483.531 2572.333
3533.254 3025.576
3591.144 2747.310
3413.317 3023.028
3439.816 3039.445
3337.636 2813.648
3174.037 2766.904
3255.024 2966.036
3339.538 2581.365
3416.080 2631.122
3439.993 3001.098
3332.202 2764.431
3370.353 2785.429
3103.482 3058.462
3132.637 2883.191
3516.951 2771.941
3109.825 3038.484
3139.477 2765.987
3308.310 2888.641
3469.913 2760.476
3595.705 2869.991
3535.545 2642.327
3584.289 2786.684
3107.992 3000.842
3482.336 2839.359
3591.452 3002.269
3179.550 2816.967
3494.309 2760.126
3314.959 2845.168
3284.075 2767.446
3241.263 2928.191
3506.967 2977.180
3719.723 2126.660
3600.385 2132.124
3426.189 2383.404
3708.518 2166.500
3454.753 2400.423
3682.485 2053.209
3746.278 2332.651
3899.388 2183.347
3890.092 2229.895
3714.498 1987.400
3461.026 2277.676
3836.041 2408.312
3674.069 2078.202
3441.797 2214.113
3800.736 2155.529
3672.952 2030.148
3470.945 2432.602
3554.957 2063.242
3839.473 2099.508
3806.906 2029.966
3537.419 2279.895
3510.635 2138.815
3615.394 2300.044
3580.774 1998.439
3573.853 2232.611
3429.491 2218.198
3664.691 2068.597
3580.141 2430.005
3462.973 2358.710
3581.877 2190.717
3554.117 2442.825
3581.851 2379.800
3797.706 2180.840
3627.549 2344.299
3538.716 2385.084
3559.256 2162.651
3765.935 2204.316
3896.370 1993.469
3510.061 2035.377
3684.626 2440.120
3807.367 2159.279
3582.869 2368.822
3526.889 2119.088
3622.248 2298.746
3698.409 2465.706
3655.345 2302.132
3638.421 2047.554
3522.231 2137.515
3438.000 2235.983
3839.058 2332.210
3896.552 2222.468
3738.322 2098.814
3755.221 2409.747
3759.328 2403.765
3654.116 2319.081
3678.670 2400.756
3575.504 2207.304
3601.750 2117.478
3606.008 2349.207
3510.512 2272.347
3453.249 2243.635
3714.550 2319.149
3810.502 2162.988
3773.005 2105.850
3514.614 2267.365
3503.105 2323.032
3687.732 2178.747
3661.935 2266.814
3413.845 2059.727
3498.383 2091.177
3672.191 2140.312
3729.670 2008.331
3536.979 2255.115
3521.874 2445.322
3722.685 2005.695
3848.823 2469.929
3801.050 2000.755
3651.130 2402.676
3442.886 2193.661
3660.040 2273.814
3582.912 1994.725
3470.811 2280.248
3905.977 2385.068
3843.390 2425.342
3675.563 2046.192
3724.567 2220.306
3674.223 2226.585
3737.400 2379.127
3471.680 2326.004
3810.936 2030.632
3766.581 2134.517
3593.326 2208.828
3630.955 1989.346
3622.281 2390.807
3896.337 2334.000
3421.389 2253.117
3480.555 2136.857
3489.624 2039.064
3874.213 2205.827
3595.949 2400.858
3788.029 2220.949
3494.676 2337.338
3656.402 2148.382
3742.399 2364.243
3824.718 2234.078
3793.267 2147.226
3855.335 2027.825
3778.770 2233.032
3536.036 2239.263
3696.526 2307.696
3552.950 2085.063
3653.883 2205.120
3805.497 2073.466
3691.059 2442.110
3506.254 2433.248
3504.444 2357.836
3761.708 1982.154
3734.734 2364.880
3792.261 2127.167
3913.737 2378.186
3512.331 2357.059
3841.350 2046.326
3856.268 2470.502
3466.257 2104.011
3881.359 2137.329
3549.131 2276.260
3579.277 2390.928
3842.750 2030.503
3549.183 2079.639
3432.831 2069.847
3579.225 2030.494
3880.219 2164.420
3679.717 2135.005
3774.893 2015.543
3891.878 2084.715
3602.967 2285.702
3848.277 2426.621
3549.460 2366.832
3758.917 2031.496
3892.491 2452.414
3626.816 2364.975
3456.515 2291.658
3864.906 2256.559
3613.387 2270.615
3618.557 2168.760
3482.065 2469.004
3548.433 2215.465
3844.601 2444.960
3493.000 2059.907
3442.886 2014.427
3578.903 2141.908
3793.508 2334.688
3631.500 2046.291
3439.106 2468.496
3563.475 2442.610
3566.665 2164.634
3428.045 2153.450
3898.148 2341.500
3681.553 2476.165
3765.551 2182.420
3455.044 2028.452
3610.014 2391.533
3547.059 2182.031
3646.256 2304.206
3818.857 2201.704
3743.437 2453.782
3526.689 2474.920
3415.796 2475.016
3439.806 2021.811
3587.565 2336.402
3697.890 2430.475
3605.772 2465.175
3718.512 2287.001
3706.577 2260.630
3520.899 2088.034
3729.294 2287.769
3679.888 2215.724
3469.202 2031.234
3425.309 2112.421
3626.111 1979.947
3632.388 2188.273
3435.598 2166.090
3667.463 2424.445
3712.630 2181.126
3484.948 2351.908
3714.028 2304.877
3575.977 2229.507
3875.377 2034.042
3830.727 2030.033
3756.851 2002.770
3446.455 2221.130
3666.824 2359.193
3485.226 2234.987
3552.832 2007.396
3906.993 2360.246
3641.996 2090.427
3662.410 2180.014
3620.480 2037.516
3678.387 2199.235
3760.877 2048.326
3535.022 2168.834
3754.725 2034.515
3782.075 2375.493
3617.164 2428.037
3556.734 2309.256
3738.319 1996.827
3631.148 2352.430
3898.688 2433.683
3549.899 2273.519
3492.555 2463.255
3416.471 2028.944
3623.784 2195.518
3485.363 2277.833
3462.312 2054.127
3527.181 2010.966
3834.386 2326.179
3671.889 2466.525
3775.250 2179.093
3827.430 2210.410
3836.104 2389.360
3453.632 2338.066
3642.281 2329.501
3576.601 2371.953
3655.645 2181.912
3498.439 2257.469
3590.771 2432.800
3785.743 2233.227
3815.392 1979.929
3842.221 2064.625
3498.874 2415.703
3575.855 2056.660
3857.017 2409.056
3591.120 2207.362
3866.919 2253.960
3472.656 2170.047
3758.023 2171.843
3502.200 2346.320
3809.276 2373.783
3414.058 2127.824
3840.160 2466.330
3576.506 2451.572
3809.442 2093.499
3568.209 1985.241
3499.096 2047.167
3754.350 2385.376
3739.389 2114.832
3759.121 2448.771
3862.821 2106.817
3619.586 2387.371
3824.496 2002.287
3576.353 2169.583
3828.885 2383.180
3674.162 2158.757
3788.485 2304.609
3523.123 2411.374
3840.966 2103.453
3558.378 2180.411
3443.159 2319.675
3905.564 2247.130
3824.475 2148.221
3601.780 2229.561
3905.098 2023.731
3784.056 2186.183
3562.738 1987.988
3735.206 2109.933
3769.014 2139.286
3464.016 2247.575
3700.433 1986.636
3653.012 1995.011
3417.749 2067.302
3696.292 2176.262
3477.797 2030.767
3479.069 2131.350
3836.434 2116.925
3431.139 2021.533
3873.192 2190.200
3881.646 2105.094
3689.706 2186.553
3835.892 2186.743
3842.084 1993.982
3428.025 2286.259
3808.702 2017.593
3604.081 2039.698
3907.107 2329.192
3849.836 2285.337
3507.228 2041.517
3530.482 2290.097
3731.668 2124.930
3533.834 2299.038
3910.464 2358.787
3854.880 2270.931
3631.273 2013.066
3723.534 2450.668
3801.301 2081.346
3571.550 2215.503
3485.370 2282.962
3576.859 2220.715
3632.815 2425.651
3877.370 2045.297
3701.789 2463.873
3783.847 2471.365
3491.697 2150.588
3567.741 2070.698
3624.683 2239.994
3829.858 2397.455
3478.694 2285.285
3738.219 2088.774
3519.035 1998.670
3718.997 2399.671
3603.096 2172.507
3674.345 2343.280
3753.708 2150.324
3876.240 2070.919
3808.288 2419.583
3658.366 2105.712
3529.425 2441.152
3420.914 2182.581
3449.737 2185.816
3465.782 2310.268
3562.016 2433.416
3642.445 2158.339
3764.830 2360.335
3818.873 2122.613
3473.757 2326.920
3874.399 2268.489
3848.467 2026.717
3631.476 2215.874
3420.660 2269.605
3460.837 2471.440
3827.329 2474.188
3736.651 2100.841
3668.905 2264.624
3464.191 2364.187
3877.363 2214.059
3678.621 2259.391
3757.718 2217.889
3850.204 2317.044
3666.513 2463.027
3445.216 2465.952
3489.429 2207.487
3880.870 2415.125
3619.522 2345.274
3445.311 2110.422
3637.052 2144.426
3714.463 2006.825
3598.416 2320.004
3542.251 2264.441
3878.662 2445.446
3421.711 2360.227
3490.003 2362.714
3527.325 2156.052
3646.381 2346.291
3660.044 1983.738
3514.765 2476.576
3714.330 2126.029
3855.907 2069.681
3513.350 2028.043
3869.593 2467.118
3774.449 2162.375
3459.148 2377.389
3509.253 2140.595
3834.856 2301.703
3597.742 2353.956
3695.972 2090.689
3664.274 2258.655
3609.804 2064.137
3514.883 2165.153
3723.930 2102.935
3604.400 2342.631
3695.583 2242.321
3664.075 2403.437
3840.941 2208.365
3690.365 2368.207
3595.102 2114.159
3737.609 2403.094
3856.323 2391.698
3565.627 1993.069
3804.841 2444.228
3693.854 2082.423
3744.105 2303.451
3604.670 2347.965
3538.352 2096.578
3447.279 2282.694
3492.529 2153.619
3727.963 2021.782
3427.468 1992.227
3579.486 2074.556
3578.003 2468.515
3699.328 2470.183
3578.901 2117.550
3891.511 2246.188
3886.721 2085.530
3906.585 2446.913
3651.100 2170.316
3421.770 2014.340
3777.781 2249.931
3445.059 2470.276
3651.681 2453.658
3579.990 2416.998
3433.281 2275.141
3694.266 2268.902
3552.202 2048.904
3812.896 2417.297
3640.544 2310.872
3796.170 2476.933
3518.216 2221.959
3576.949 2457.998
3686.928 2415.583
3873.649 2161.292
3832.403 2088.694
3843.810 2178.136
3449.233 2006.925
3594.075 2154.964
3445.184 2473.117
3415.698 2173.628
3820.828 2286.629
3824.521 2420.986
3728.696 2266.131
3746.936 2251.520
3902.841 2383.588
3735.341 2221.968
3494.579 2037.308
3544.899 2005.873
3575.550 2440.810
3624.973 2127.668
3795.324 2215.696
3888.272 2282.559
3804.808 2191.671
3688.873 2273.792
3554.982 2054.053
3837.822 2244.065
3628.067 2136.820
3473.356 2200.973
3718.764 2138.831
3837.021 2254.957
3895.533 2344.965
3526.111 2006.202
3690.782 2084.678
3901.280 2039.220
3630.033 2339.635
3606.188 2347.062
3645.075 2010.969
3537.088 2059.850
3732.594 2331.950
3672.545 2267.181
3897.599 2458.255
3439.372 2355.847
3643.759 2292.510
3557.633 2123.061
3527.425 2370.639
3833.962 2061.138
3770.191 2223.436
3867.429 2349.470
3854.169 2174.495
3559.872 2045.526
3717.132 2013.401
3758.212 2450.261
3737.226 2051.199
3775.384 2024.077
3457.781 2065.261
3602.235 2446.034
3840.551 2396.763
3633.060 2197.199
3685.875 1984.722
3657.426 1984.788
3675.899 2045.055
3420.172 2465.763
3706.115 1991.230
3671.962 2197.880
3873.894 2200.198
3610.177 1987.834
3679.167 2422.459
3507.036 2386.235
3679.486 2016.949
3550.723 2121.072
3696.596 2429.059
3580.264 2120.505
3534.664 2023.431
3639.519 2387.103
3528.649 2241.805
3847.051 2208.263
3669.638 2215.740
3766.119 2446.376
3901.564 2235.444
3688.299 2341.140
3899.853 2032.448
3685.506 2384.302
3710.725 2194.079
3703.117 2425.389
3521.133 2131.463
3803.282 2476.937
3861.168 2232.226
3667.903 2033.706
3813.995 2400.036
3455.464 2406.142
3416.343 2080.782
3856.035 2451.707
3596.958 2230.023
3439.637 2002.740
3829.249 2469.188
3856.766 2318.258
3770.581 2282.274
3606.928 2009.360
3446.149 2438.126
3756.119 2323.403
3833.269 2077.818
3801.850 2367.895
3479.072 2311.607
3716.817 2364.294
3670.791 2246.567
3628.421 1996.154
3702.196 2092.768
3432.525 2035.636
3532.892 2192.925
3683.355 2007.959
3561.166 2222.709
3815.126 2025.669
3659.394 2167.445
3844.968 2454.561
3441.655 2138.057
3437.213 2093.265
3450.340 2030.090
3747.395 2140.980
3486.692 2231.125
3836.317 2353.742
3532.278 2332.890
3658.386 2287.973
3854.688 2197.663
3867.580 2079.913
3864.087 2166.184
3630.278 2321.607
3691.542 2327.819
3749.404 2472.054
3660.627 2155.989
3803.313 2355.705
3620.842 2121.649
3573.633 2248.358
3507.531 2151.443
3535.994 2438.893
3546.312 2402.893
3631.483 2132.615
3583.326 2116.597
3419.181 2380.742
3535.225 2416.348
3767.358 1992.064
3600.319 2357.268
3513.905 2343.682
3651.779 2169.141
3494.556 2168.192
3810.994 2266.630
3491.156 2396.495
3647.022 2370.973
3872.527 2140.059
3572.315 2292.367
3696.692 2171.909
3740.225 2153.131
3912.344 2103.589
3468.260 2296.193
3886.946 2344.880
3854.766 2079.214
3759.122 2117.471
3468.696 2198.471
3503.694 2274.656
3913.469 2358.684
3615.109 2387.198
3686.033 2210.031
3789.881 2196.715
3638.068 2176.886
3561.774 2371.696
3592.640 2202.102
3762.617 2056.893
3658.693 2018.342
3822.841 2185.665
3887.964 2442.627
3875.272 2431.251
3651.129 2089.863
3859.065 2042.213
3537.665 2160.933
3862.433 2359.787
3670.963 2263.183
3588.330 2162.315
3483.967 2354.742
3517.197 2190.317
3850.196 2242.588
3483.869 2417.676
3640.804 2306.726
3524.381 1986.994
3841.947 2337.289
3607.464 2078.360
3505.793 2471.431
3649.262 2451.677
3910.599 2242.639
3830.536 2402.801
3907.600 2022.855
3449.077 2128.165
3723.561 2391.186
3733.586 2149.008
3591.131 2465.548
3551.587 2281.224
3443.562 2108.555
3808.938 2237.242
3850.543 2284.777
3680.481 2336.247
3859.053 2013.557
3613.861 2313.868
3799.933 2226.544
3475.575 2429.987
3507.946 2389.806
3420.770 2190.097
3887.714 2357.325
3544.231 2063.172
3754.966 2290.804
3590.167 2243.044
3790.665 2235.064
3601.070 2333.314
3740.995 2150.490
3844.518 2053.703
3633.670 2245.149
3874.819 2159.426
3636.763 2385.653
3797.212 2203.211
3523.649 2384.469
3667.377 2207.233
3830.142 2015.976
3503.886 2034.229
3752.222 2037.063
3875.003 2375.116
3847.517 2234.036
3514.449 2255.481
3575.822 2417.116
3719.879 2122.850
3806.794 2005.502
3800.355 2210.930
3847.205 2430.350
3672.947 2471.242
3745.655 2019.541
3440.187 2137.869
3505.942 2099.381
3468.696 2114.225
3554.762 2032.460
3461.651 2414.958
3870.742 2224.855
3685.439 2144.331
3438.672 2435.138
3861.657 2462.563
3472.324 2223.107
3887.778 2312.874
3513.783 2246.686
3686.235 2296.878
3745.200 2466.900
3620.208 2082.671
3767.609 2358.438
3555.623 2110.227
3478.796 2106.150
3599.517 2350.668
3753.353 2056.981
3669.838 2135.902
3565.903 2011.448
3650.087 2314.766
3713.640 2118.960
3737.321 2192.806
3786.771 2163.795
3505.832 2004.858
3449.349 1988.752
3669.448 2332.791
3710.028 2208.725
3739.571 2164.150
3731.692 2050.064
3671.252 1988.062
3449.542 2132.298
3499.305 2005.417
3448.701 1997.652
3778.375 2393.290
3892.664 2099.230
3888.493 2384.473
3780.050 2251.617
3597.236 2057.860
3599.890 2245.985
3614.873 2453.319
3761.473 2212.563
3492.820 2206.002
3733.178 2472.031
3675.144 1987.403
3876.802 2172.481
3623.657 2255.484
3695.481 2221.281
3747.002 2395.406
3473.118 2161.500
3528.679 2283.472
3711.175 2422.734
3580.058 2300.516
3484.829 2132.035
3465.080 2050.490
3668.381 2444.270
3893.702 2081.135
3840.290 2038.567
3459.587 2477.777
3716.640 2067.105
3470.287 2367.895
3888.512 2078.282
3563.837 2061.952
3591.065 2297.314
3534.658 2457.486
3580.704 2320.358
3895.865 2143.192
3887.205 2194.324
3900.061 2337.031
3736.265 2081.346
3772.583 2132.541
3526.896 2386.730
3794.676 2253.877
3677.333 2215.599
3778.532 2075.373
3882.007 2453.786
3592.465 2055.678
3806.762 2212.037
3798.266 2200.172
3706.835 2209.642
3491.280 2424.317
3814.130 1981.761
3500.963 2477.417
3699.921 2028.331
3582.815 2448.230
3568.722 2072.534
3787.699 2049.778
3749.777 2083.333
3518.368 2459.940
3816.417 2445.573
3458.651 2102.118
3908.557 2223.866
3421.227 2453.687
3583.033 1983.254
3520.207 2121.748
3876.791 2418.876
3462.988 2106.017
3663.615 2371.095
3804.385 2392.392
3906.790 2414.048
3667.243 2457.721
3855.125 2440.681
3743.513 2073.945
3477.918 2129.411
3639.632 2113.907
3847.316 2414.359
3813.617 2357.769
3657.345 2037.588
3849.825 2175.395
3777.040 2007.496
3562.971 2417.603
3580.597 2065.543
3723.357 2328.710
3841.751 2382.260
3640.648 2196.637
3830.896 2356.277
3846.516 2373.997
3668.203 2016.498
3468.475 2339.689
3569.063 2452.915
3790.492 2333.799
3729.254 2071.714
3471.206 2089.307
3696.680 2458.213
3825.442 2222.997
3461.085 2239.883
3680.499 2447.084
3906.835 2326.488
3583.667 2156.245
3698.369 2340.952
3752.044 2208.316
3655.422 2176.614
3607.346 2424.087
3642.982 2326.801
3504.795 2365.199
3903.025 2074.874
3755.887 2091.455
3705.193 2326.520
3474.764 2287.467
3821.434 2334.376
3663.926 2120.091
3781.584 2371.821
3543.236 2340.538
3618.558 2468.087
3831.762 2257.516
3753.303 2191.291
3553.946 2109.899
3697.556 1987.936
3742.545 2266.979
3664.474 2418.684
3739.701 2060.664
3650.025 2372.816
3676.740 2318.087
3890.840 2115.506
3860.421 2249.747
3788.898 2357.049
3596.669 2280.588
3776.458 2339.107
3638.193 1979.970
3630.743 2422.049
3676.350 2204.436
3725.712 2007.408
3814.858 2168.643
3520.494 2080.450
3745.867 2251.199
3483.501 2351.834
3493.556 2373.005
3854.138 2207.516
3434.513 2279.372
3703.325 2131.961
3683.633 2327.401
3736.330 2153.324
3896.811 2106.373
3854.566 2452.583
3589.802 2397.864
3896.151 2330.824
3465.240 2016.113
3743.077 2118.712
3535.904 2230.964
3863.052 2179.999
3512.633 2285.874
3554.984 2276.043
3549.886 2097.398
3437.894 2235.216
3565.883 2117.191
3868.945 2122.151
3608.313 2094.099
3773.430 2434.781
3910.378 2315.334
3745.367 2354.985
3597.129 2362.339
3747.423 2147.264
3875.663 2103.039
3618.953 2280.014
3848.763 2180.570
3569.917 2429.621
3838.789 2307.149
3848.557 2096.143
3815.565 2024.891
3696.561 2040.987
3679.291 2032.238
3909.324 2065.058
3855.347 2436.588
3813.598 2387.523
3785.484 1985.935
3877.659 2433.083
3718.038 2166.102
3689.058 2113.659
3520.913 2063.094
3764.291 2197.995
3821.480 2280.148
3594.996 2147.909
3551.277 2353.813
3832.974 2044.959
3480.529 2270.979
3906.638 2125.005
3432.350 2337.411
3712.252 2349.227
3423.559 2273.919
3437.829 2308.989
3750.088 2099.446
3602.643 2242.334
3759.630 2336.864
3506.484 2039.729
3649.926 1986.005
3419.556 2301.516
3565.078 2323.604
3798.478 2473.790
3541.631 2270.979
3563.565 2469.848
3912.144 2073.231
3660.133 2110.874
3464.627 2211.617
3888.466 2349.220
3591.965 2400.465
3837.266 2336.623
3542.973 2343.075
3895.816 2381.952
3710.196 2001.929
3520.579 2405.353
3702.621 2472.245
3750.324 2087.338
3506.518 2354.570
3766.457 2358.698
3590.990 2308.884
3807.140 2092.400
3660.218 2437.488
3418.148 2260.472
3849.751 2438.143
3772.642 2305.027
3890.887 2107.684
3847.212 1980.099
3716.901 2167.484
3898.545 2148.980
3423.443 2337.171
3727.020 2202.335
3738.360 2268.821
3893.904 2321.690
3608.975 2217.232
3728.965 2327.277
3693.113 2068.382
3605.070 2046.148
3438.335 2086.251
3611.466 2383.579
3858.668 2459.767
3755.305 2367.007
3486.795 2122.323
3673.267 2466.274
3590.732 1985.147
3477.054 2056.183
3556.736 2024.776
3541.048 2370.476
3807.889 2445.834
3536.251 2204.958
3796.513 2279.845
3892.649 2343.671
3681.842 2209.507
3669.415 2421.467
3430.069 2464.253
3762.203 2180.444
3555.169 2053.053
3415.587 2409.250
3435.909 2035.545
3422.252 2460.776
3822.486 2336.535
3479.585 2388.813
3805.638 2176.423
3465.283 2215.656
3470.453 1983.972
3724.597 2355.682
3778.500 2400.994
3512.824 2027.910
3865.417 2319.573
3733.311 2341.777
3533.592 2340.325
3491.108 2353.076
3803.712 2063.716
3869.785 2077.135
3561.253 2405.652
3627.021 2063.186
3494.310 1993.042
3781.709 2297.677
3528.925 2394.216
3853.795 2300.176
3763.461 2074.248
3730.890 2453.928
3539.529 2120.563
3913.205 2386.682
3764.595 2030.377
3689.483 2352.756
3714.532 2474.837
3499.781 2063.981
3722.244 2253.359
3689.979 2181.085
3525.966 2397.615
3892.230 2173.771
3655.146 2021.711
3781.697 2027.484
3825.060 2213.855
3560.302 2344.838
3700.950 2350.746
3502.016 2064.557
3645.467 2267.751
3798.453 2270.011
3481.865 2416.021
3444.846 2376.026
3773.504 2354.901
3457.865 2221.553
3652.764 2057.356
3516.756 2200.576
3448.236 2227.786
3806.682 2304.930
3525.655 2038.893
3868.951 2425.494
3872.200 2289.511
3641.677 2064.510
3558.524 2399.785
3797.844 2271.994
3584.901 2154.754
3654.683 2345.918
3420.115 2205.837
3508.946 2067.838
3590.196 1993.735
3538.844 2146.613
3587.220 2371.478
3745.009 2165.598
3575.348 2472.052
3854.748 2439.190
3728.468 2264.657
3609.366 2039.239
3474.567 2323.863
3692.662 2141.037
3537.906 2185.092
3799.835 2224.808
3734.555 2180.424
3627.533 2104.237
3515.848 2019.160
3825.615 2030.835
3845.425 2418.673
3437.540 1990.321
3494.099 2133.887
3720.710 2176.628
3714.575 2239.419
3690.479 2086.309
3567.558 2198.794
3733.697 2177.664
3464.168 2182.536
3651.126 2402.317
3659.859 2303.832
3836.384 2413.319
3884.369 2201.410
3436.065 2330.647
3604.034 2383.336
3718.862 2430.170
3828.690 2478.676
3783.925 2416.621
3880.269 2372.221
3513.034 2357.350
3595.362 2157.255
3710.948 2472.353
3787.149 2377.767
3540.430 2258.206
3527.689 2029.880
3744.162 2244.176
3861.421 2103.216
3474.410 2005.709
3891.397 2125.340
3691.876 2402.758
3808.426 2375.833
3468.894 1992.451
3683.297 2389.494
3624.600 2454.226
3679.139 2034.376
3845.877 2152.373
3533.897 2036.933
3870.463 2454.829
3665.828 2402.383
3736.990 2268.344
3758.914 2380.268
3620.438 2327.813
3636.073 2381.506
3700.054 2411.957
3758.732 2415.745
3627.779 2430.091
3902.962 2344.010
3512.592 2150.285
3453.577 2059.195
3586.671 2362.935
3733.913 2310.672
3533.524 2084.067
3657.324 2195.109
3511.572 2389.710
3832.939 2309.907
3626.372 2194.301
3490.955 2185.586
3556.584 2311.483
3612.847 2173.127
3535.494 1993.949
3722.371 2427.272
3798.389 2191.845
3436.371 1989.160
3515.815 2353.464
3737.461 2396.983
3835.463 2457.468
3735.235 2148.100
3898.182 2387.315
3831.829 1985.728
3892.350 2438.457
3435.466 2197.054
3446.791 2064.049
3771.407 2049.528
3852.498 2363.806
3662.232 2005.240
3902.376 2358.581
3855.179 2138.857
3524.293 2406.380
3621.091 2274.153
3716.111 2236.948
3445.752 2017.184
3806.334 2355.940
3684.697 2154.306
3674.272 2296.311
3751.232 2043.242
3443.574 2039.058
3878.893 2107.909
3719.032 2047.222
3860.410 2322.117
3696.972 2019.252
3469.816 2008.991
3863.445 2038.361
3763.799 2076.413
3619.004 2370.868
3638.265 2328.828
3736.555 2391.145
3678.244 2259.503
3722.239 2306.541
3467.730 2347.222
3801.551 2452.355
3897.773 2170.113
3682.329 2402.083
3414.733 2417.863
3487.813 2206.357
3870.351 2440.580
3588.580 2446.239
3864.788 2247.771
3467.629 2236.737
3648.225 2439.346
3707.801 2340.175
3488.343 2417.168
3559.301 2164.087
3452.109 2246.273
3576.089 2458.252
3658.533 2414.809
3681.622 2293.337
3685.058 2159.980
3548.295 2392.435
3423.107 2188.013
3418.522 2141.003
3496.317 2254.365
3751.942 2244.719
3799.731 2439.440
3557.457 2331.391
3538.679 2098.315
3601.939 2448.449
3422.290 2213.772
3645.702 2121.428
3868.136 2466.208
3824.426 2226.443
3414.536 2476.774
3549.600 2366.347
3655.733 2475.335
3891.037 2269.932
3437.486 2237.367
3416.903 2410.412
3769.342 2321.600
3783.161 2294.800
3857.863 2398.618
3755.444 2440.236
3420.998 2315.105
3523.515 2136.193
3527.104 2167.740
3643.643 2207.851
3582.663 2379.809
3695.701 2434.020
3456.301 1990.666
3533.919 2144.870
3425.702 2135.952
3686.672 2107.222
3831.603 2338.416
3540.213 2176.903
3424.663 2244.995
3911.164 2122.652
3429.226 2142.018
3628.878 2431.494
3589.113 2374.571
3907.120 2292.751
3502.659 2148.258
3622.213 2218.918
3430.412 2453.542
3868.836 2091.503
3456.343 2307.622
3661.587 2080.508
3500.864 2267.047
3869.894 2298.980
3537.922 2059.638
3671.706 2061.415
3829.678 2158.993
3584.605 2242.463
3682.267 2079.511
3847.708 2264.870
3788.534 2306.052
3808.313 2339.980
3559.269 2128.753
3534.148 2130.753
3547.517 2230.876
3878.525 2460.195
3885.787 2076.560
3474.606 2223.387
3448.232 2142.606
3678.965 2005.199
3791.682 2269.080
3533.722 2461.681
3829.130 2067.977
3842.320 2029.667
3774.461 2266.704
3909.350 2472.389
3512.809 2249.773
3513.977 2477.243
3910.752 2055.244
3729.045 2253.835
3765.772 1990.166
3601.946 2339.750
3732.272 2446.579
3746.130 2108.916
3548.274 2255.981
3421.535 2075.893
3705.484 2097.765
3562.425 2133.083
3640.873 2029.652
3513.784 2454.600
3871.440 2422.382
3913.474 2108.752
3866.000 2091.278
3533.383 2400.963
3778.099 2196.219
3730.009 2414.705
3569.547 2395.906
3541.240 2414.333
3879.218 2111.484
3689.917 2033.122
3566.885 2462.718
3425.035 2065.503
3791.815 2093.402
3506.843 2354.250
3695.580 2178.046
3811.601 2234.654
3428.201 2054.727
3880.825 2192.093
3419.737 1998.269
3649.175 1987.038
3742.753 2167.335
3868.693 2389.002
3847.043 2081.221
3782.992 2242.747
3844.865 2267.344
3856.248 1993.716
3779.281 2182.445
3506.382 2072.866
3743.969 2388.586
3617.583 2417.768
3685.595 2099.619
3588.979 2391.231
3421.704 2335.292
3448.569 2365.098
3528.719 2437.701
3456.278 2328.823
3510.786 2407.977
3771.902 2100.550
3795.934 2090.615
3547.454 2353.815
3464.757 2256.429
3623.133 2320.525
3896.077 2212.378
3535.870 2029.347
3415.788 2246.320
3832.359 2362.166
3716.960 2319.863
3700.522 2408.835
3912.379 2396.826
3753.756 2040.207
3818.291 2036.951
3888.170 2002.750
3529.269 2117.071
3495.360 2063.736
3687.708 2167.866
3690.096 2425.436
3464.114 2389.462
3484.059 2403.787
3443.306 2371.873
3611.351 2170.114
3506.767 2292.677
3457.589 2373.548
3478.551 2430.974
3502.652 2419.452
3848.342 2386.023
3837.760 2225.249
3864.926 2467.836
3575.718 2338.730
3710.147 2397.095
3753.066 2138.477
3446.477 2422.077
3888.538 2348.667
3863.780 2305.645
3634.282 2002.046
3809.292 2176.138
3488.077 2210.110
3640.260 2212.418
3634.538 2170.031
3444.847 2153.301
3479.379 2283.795
3562.039 1992.578
3809.024 2056.322
3877.204 2045.474
3869.232 2414.394
3708.245 2376.260
3532.986 2018.154
3499.166 2304.191
3586.957 2302.566
3587.189 2237.961
3872.321 2244.421
3864.923 2472.252
3848.857 2031.426
3491.870 2160.709
3723.673 2197.809
3601.832 2414.537
3493.302 2169.862
3788.611 2283.269
3844.195 2437.034
3443.220 2173.802
3463.913 2357.333
3677.102 2139.135
3623.453 2147.056
3647.072 2187.129
3556.586 2122.815
3787.613 2207.464
3696.430 2471.071
3449.391 2261.491
3527.493 2246.550
3562.188 2150.846
3641.963 2376.420
3678.139 2355.425
3851.926 1982.692
3555.806 2094.596
3816.425 2431.305
3602.038 2002.638
3537.640 2095.598
3609.724 2294.181
3776.398 2378.141
3786.895 2029.603
3574.766 2459.197
3621.389 2031.219
3741.450 2030.820
3589.793 2086.209
3615.385 2165.357
3555.874 2059.680
3595.792 2331.544
3557.562 2453.717
3508.254 2299.467
3615.898 2101.482
3457.533 2353.610
3634.441 2223.898
3565.592 2074.613
3416.903 2454.031
3808.062 2472.286
3638.057 2251.506
3487.040 2096.928
3817.990 2087.311
3547.909 2017.213
3721.749 2362.880
3544.456 2234.701
3547.646 2265.468
3799.410 2241.733
3752.794 1986.444
3718.761 2369.661
3912.603 2437.400
3460.629 2406.772
3414.272 2462.940
3819.096 2160.599
3424.878 2336.513
3472.399 2199.870
3686.239 2322.854
3653.175 2220.642
3433.319 2411.190
3845.012 2131.165
3620.158 2302.535
3581.230 2147.493
3806.526 2390.229
3848.241 1981.008
3460.371 2293.536
3430.405 2202.545
3527.110 1994.900
3804.813 2302.115
3569.108 2029.843
3638.453 2189.587
3561.339 2289.951
3671.921 2229.966
3866.510 2273.114
3841.613 2080.736
3802.977 2425.626
3767.596 2127.486
3667.832 2344.237
3742.060 2186.296
3827.676 2219.652
3633.336 2337.758
3496.024 2291.878
3503.318 2414.126
3797.740 2074.060
3667.335 2085.452
3858.588 2415.845
3723.615 2163.107
3719.121 2091.917
3467.851 2279.652
3609.432 2443.826
3807.593 2208.116
3517.860 2446.286
3591.633 2072.576
3911.906 2217.757
3545.324 2153.030
3616.113 2465.883
3458.712 2316.759
3801.997 2069.014
3419.097 2079.274
3488.951 2159.635
3902.420 2384.817
3549.877 2262.642
3677.427 2262.193
3612.612 2414.414
3508.446 1988.107
3551.846 2168.127
3872.818 2309.297
3429.274 2426.036
3431.466 2073.828
3420.173 2307.672
3566.937 2205.389
3536.225 1989.635
3606.858 2406.218
3670.128 2421.928
3534.452 2470.483
3479.020 2440.526
3738.150 2091.907
3450.978 2149.145
3633.505 2001.475
3811.118 2211.822
3739.140 2117.046
3885.175 2400.366
3787.321 2471.288
3625.477 2000.241
3524.131 2016.156
3811.628 2343.072
3839.327 2291.977
3591.731 2353.383
3873.221 2272.973
3466.107 2096.308
3458.205 2235.053
3423.633 2032.080
3543.080 2151.293
3729.940 2158.768
3816.986 2428.649
3728.187 2024.836
3895.078 2009.375
3500.495 2132.451
3638.173 2288.304
3531.570 2110.349
3630.505 2274.852
3638.703 2216.650
3501.731 2047.303
3807.448 2101.178
3665.586 2261.837
3796.466 2034.270
3738.761 2133.819
3709.590 2126.553
3669.787 2463.329
3777.664 2227.693
3631.818 2367.281
3785.316 2010.662
3761.128 2335.008
3875.301 2051.996
3710.970 2196.068
3906.930 2018.544
3867.687 2362.784
3419.968 2403.658
3822.977 2475.858
3865.803 2124.228
3428.102 2323.673
3542.148 2062.073
3525.957 2407.342
3911.511 2036.190
3680.170 2364.345
3817.041 2082.819
3556.463 2309.154
3892.745 2167.047
3451.362 2327.182
3613.788 2422.707
3417.659 2120.404
3659.310 2086.625
3513.255 2360.168
3601.363 2224.576
3529.488 2162.720
3660.218 2189.078
3639.981 2415.132
3802.609 2019.210
3890.725 2035.526
3806.953 2058.875
3705.426 2046.108
3501.339 2228.485
3590.096 2267.233
3848.109 2439.934
3794.502 2239.616
3574.401 2035.666
3832.806 1992.598
3801.784 2420.051
3845.373 2246.581
3624.383 2062.279
3742.909 2123.468
3486.508 2315.293
3754.500 2386.352
3470.077 2021.267
3844.421 2422.721
3621.032 2162.248
3826.858 2166.441
3469.873 2151.273
3671.870 2125.723
3760.430 2189.110
3566.496 2059.974
3489.032 2052.458
3894.621 2345.537
3831.072 2243.592
3456.971 2118.895
3600.667 2443.005
3490.886 2078.673
3417.402 2385.362
3477.947 1981.658
3544.364 2420.599
3810.093 2312.883
3470.821 2256.075
3790.458 2074.433
3611.510 2415.496
3703.605 2139.705
3803.447 2117.957
3529.052 2445.880
3663.073 2122.693
3489.758 2088.132
3867.862 1992.682
3813.423 2344.581
3568.344 2123.519
3867.596 2082.261
3546.171 2229.566
3664.179 2129.179
3493.936 2151.612
3615.176 2298.988
3838.400 2260.611
3780.136 2429.115
3497.608 2174.941
3609.946 2366.349
3433.950 2194.811
3578.920 2047.462
3785.082 2387.180
3810.102 2222.482
3831.114 2153.983
3789.507 2415.666
3601.652 2253.602
3857.315 2094.208
3540.079 2338.556
3785.249 2129.359
3711.866 2463.101
3564.228 2383.913
3541.124 2087.572
3777.162 2404.575
3780.538 2270.974
3462.260 2375.634
3816.851 2004.593
3419.724 2378.422
3451.749 2311.510
3884.300 2035.655
3859.490 2019.214
3570.724 2401.317
3639.202 2163.672
3764.297 2410.599
3870.450 2126.163
3744.343 2147.481
3470.030 2015.663
3911.386 1980.763
3749.251 2261.776
3603.227 2220.168
3650.509 2360.033
3535.994 2403.433
3503.375 2233.725
3677.612 2292.430
3738.551 2215.300
3427.679 2145.177
3527.057 2415.772
3414.850 2340.393
3742.313 2098.346
3781.257 2233.489
3493.634 2171.675
3726.272 2447.762
3739.189 2008.052
3839.322 1991.638
3414.662 2181.078
3488.117 2064.010
3644.187 2340.575
3627.277 2143.781
3834.943 2190.267
3768.539 2200.175
3741.774 2412.240
3556.983 2051.120
3794.906 2001.795
3495.832 2045.718
3728.490 2131.313
3775.387 2416.460
3421.162 2307.613
3735.900 2132.085
3810.803 2072.900
3603.770 1979.980
3720.055 2115.579
3818.747 2297.945
3769.391 2422.056
3792.160 2084.383
3689.122 2468.681
3546.677 2050.498
3607.767 2016.162
3746.059 2434.966
3473.019 2059.322
3775.489 2014.856
3680.848 2375.944
3470.195 2180.183
3657.227 2415.360
3841.218 2372.930
3567.736 2247.164
3453.312 2439.878
3661.024 2379.197
3779.103 2331.465
3789.406 2403.482
3628.779 1986.310
3847.528 2096.412
3455.834 1979.719
3512.100 2283.655
3665.880 2015.010
3437.287 2346.135
3852.402 2303.665
3882.195 2437.034
3423.706 2461.137
3560.595 2452.754
3905.808 2067.136
3445.446 2436.661
3895.654 2468.985
3535.141 2426.622
3458.376 2348.844
3835.552 2240.989
3804.138 2120.972
3429.829 2293.217
3815.000 2099.892
3900.018 2321.521
3898.469 2072.055
3595.398 2083.825
3893.498 2280.225
3594.126 2289.040
3458.730 2006.323
3755.715 2231.154
3579.378 2036.363
3460.279 2371.530
3730.612 2161.771
3763.651 2011.078
3756.297 2079.964
3803.319 2328.551
3485.669 2455.870
3528.583 2016.028
3796.854 2006.627
3759.849 2288.518
3460.291 2303.039
3487.636 2134.673
3543.344 2061.160
3616.570 2143.898
3531.677 2369.159
3431.019 2082.707
3675.147 2177.526
3693.539 2177.003
3866.076 1985.873
3878.371 2072.125
3851.085 2094.569
3424.071 2352.805
3711.615 2332.514
3866.208 2129.746
3720.623 2474.594
3768.552 2022.849
3642.481 2007.388
3828.283 2100.781
3763.150 2162.632
3908.555 2394.758
3574.235 2054.458
3756.763 2069.435
3748.701 2132.720
3635.107 2133.374
3633.663 2122.787
3653.099 2204.712
3825.096 1989.512
3902.442 2463.402
3449.601 2399.279
3567.310 2010.144
3543.442 2274.533
3680.729 2087.130
3739.237 2404.453
3780.709 2386.984
3569.371 2449.383
3568.470 2056.902
3817.928 2086.499
3776.144 2096.894
3505.529 2045.393
3803.872 2264.271
3440.175 2172.147
3822.263 2149.190
3817.298 2066.418
3789.832 2216.110
3649.269 2212.084
3879.331 2437.749
3604.399 2435.901
3826.973 2014.078
3561.600 2105.790
3795.957 2179.284
3858.762 2203.962
3800.563 2402.044
3912.006 2061.709
3626.101 2119.135
3490.847 2218.073
3868.578 2406.051
3529.856 2209.367
3542.231 2325.844
3739.627 2153.670
3592.655 2009.427
3653.604 2054.775
3760.159 2013.906
3694.812 2260.881
3463.751 2190.689
3500.855 2186.468
3788.123 2234.303
3665.098 2274.898
3454.339 1992.486
3875.545 2133.985
3880.726 2184.837
3696.392 2256.658
3744.336 2142.361
3685.060 2082.923
3567.916 2466.440
3413.923 2232.095
3817.794 2005.045
3712.254 2205.309
3883.214 2069.716
3623.498 2159.536
3876.268 2207.605
3791.574 2264.429
3454.068 2058.708
3684.510 2025.891
3518.576 2041.156
3875.442 2176.757
3781.587 2405.651
3590.513 2468.134
3871.019 2275.073
3829.496 2070.311
3705.334 2181.519
3660.149 2124.801
3687.555 2475.486
3431.844 2065.427
3896.288 2258.769
3658.250 2402.549
3589.861 2110.146
3453.663 2188.656
3876.151 2396.428
3698.442 2129.349
3646.372 2034.614
3754.195 2175.673
3416.941 2265.765
3502.929 2360.460
3536.295 2337.903
3625.655 2012.057
3836.363 1996.578
3789.485 2355.379
3821.747 2227.177
3793.949 2088.361
3616.470 2119.368
3536.927 2450.592
3681.376 2390.192
3902.309 2193.702
3419.546 2195.238
3476.163 2371.748
3765.300 2142.617
3538.972 2374.217
3850.255 2426.801
3518.724 2424.356
3783.851 2279.066
3417.751 2158.710
3823.986 2364.375
3572.551 2427.029
3787.063 2334.951
3724.165 2278.435
3653.029 2036.691
3867.066 2398.426
3630.311 2268.515
3649.528 2035.506
3713.022 2324.782
3475.372 1986.862
3901.512 2366.475
3575.467 2325.433
3870.325 2280.232
3514.789 1979.889
3651.277 2153.367
3638.354 2269.623
3506.184 2420.602
3869.196 2321.044
3474.974 2393.753
3879.278 2197.433
3909.527 2239.023
3788.803 2399.426
3466.902 2191.494
3585.793 2237.184
3560.172 2342.423
3804.565 2243.648
3432.705 2397.247
3891.187 2358.416
3834.904 2011.633
3749.576 2363.514
3448.174 2073.845
3905.837 2151.359
3871.253 2375.046
3619.272 2304.350
3870.831 2008.435
3897.740 2453.498
3428.354 2125.575
3838.091 2434.133
3517.621 2006.760
3673.844 2413.299
3891.196 2286.155
3460.733 2152.457
3837.703 2276.405
3568.109 2101.123
3767.677 2202.812
3651.549 2308.302
3544.715 2287.828
3621.068 2162.826
3482.994 2059.153
3607.257 2366.767
3721.542 2417.302
3852.187 1998.892
3511.391 2274.061
3538.107 2075.585
3826.660 2076.834
3628.339 2476.335
3515.785 2258.290
3847.271 2305.276
3495.460 2157.132
3704.390 2434.901
3709.347 2137.275
3548.088 2477.414
3665.909 2021.427
3465.340 2072.654
3771.988 2310.925
3676.902 2210.837
3439.809 2058.834
3849.950 2099.444
3913.269 2214.005
3754.425 2126.925
3436.482 2012.088
3663.994 2268.468
3706.326 2042.737
3795.428 2054.777
3433.327 2161.926
3465.545 2146.168
3808.382 2256.237
3465.434 2073.824
3567.708 2407.531
3524.225 2188.246
3720.614 2107.452
3802.361 2015.115
3632.876 2461.581
3738.466 2104.902
3433.849 2271.042
3685.494 2478.186
3514.000 2418.496
3582.559 2230.360
3505.483 2470.109
3851.695 2291.035
3475.742 2144.883
3738.176 2110.057
3501.586 2360.462
3834.943 2071.178
3833.555 1990.036
3728.025 2302.936
3492.333 2440.186
3896.784 2385.119
3569.893 2315.389
3724.430 2153.349
3601.149 2143.445
3775.519 2002.736
3525.672 2444.267
3773.129 2364.921
3546.192 2170.118
3434.188 2341.681
3513.064 2351.417
3513.570 2468.528
3691.928 2176.526
3502.286 2109.686
3474.097 2374.126
3570.048 2079.477
3500.842 2306.550
3802.084 2006.490
3460.859 2426.766
3453.681 2218.952
3857.121 2086.685
3524.702 2419.804
3677.929 2024.894
3806.521 2316.278
3487.821 2392.685
3504.052 2309.906
3622.401 2006.229
3670.214 2167.496
3582.853 2026.924
3560.224 2006.517
3699.949 2189.763
3601.880 2386.557
3457.618 2290.546
3678.643 2402.727
3658.663 1991.951
3568.420 2105.431
3809.469 1979.312
3851.715 2320.557
3424.200 2270.283
3806.574 2326.398
3574.113 2101.807
3644.272 2416.724
3416.568 2320.780
3880.009 2130.161
3836.872 2372.406
3542.897 2253.487
3761.187 2158.505
3461.372 2185.627
3906.755 2061.366
3496.340 2051.982
3775.660 2344.242
3479.077 2199.195
3725.506 2081.356
3640.547 2082.575
3810.775 2304.486
3819.540 1984.771
3428.938 2299.073
3866.453 2232.503
3533.926 2332.058
3588.989 2181.746
3787.519 2356.031
3661.225 2319.473
3674.459 2196.350
3493.741 2100.641
3737.258 2236.782
3511.227 2078.806
3572.767 2026.413
3720.544 2236.053
3508.717 2082.708
3502.720 2224.286
3721.344 2371.176
3598.409 2294.488
3873.119 2346.977
3871.248 2259.086
3888.958 2169.798
3435.683 1983.739
3583.265 2090.528
3525.013 2231.867
3804.532 1992.119
3730.481 2017.141
3576.450 2322.791
3538.724 2349.299
3737.756 2275.676
3447.358 2048.755
3743.728 2323.121
3843.676 2472.429
3655.480 2060.322
3689.655 2297.808
3705.020 2412.092
3830.296 2356.096
3664.311 2083.454
3461.594 2336.576
3710.920 2406.954
3599.166 2082.251
3583.481 2171.609
3612.696 2440.159
3552.207 2182.532
3449.995 2403.344
3763.822 2122.224
3861.816 2329.774
3608.443 2282.416
3761.933 2031.456
3865.621 2088.156
3464.431 2170.365
3771.671 2022.508
3634.472 2194.926
3585.251 2199.607
3739.474 2168.150
3708.429 2170.267
3829.359 2364.010
3509.890 2456.420
3768.601 2283.657
3814.272 2099.726
3901.131 2369.242
3786.554 2447.600
3465.730 2300.915
3477.035 2220.750
3872.649 2315.858
3848.788 2425.448
3765.659 2469.348
3854.060 2203.524
3418.326 2275.566
3461.042 2428.350
3686.550 2148.004
3631.643 2436.726
3523.092 2013.297
3453.536 2273.679
3442.247 2106.259
3528.986 2003.134
3578.022 2319.062
3661.543 2429.344
3463.485 2159.025
3865.647 2190.982
3638.345 2243.286
3831.484 2349.990
3745.855 2421.073
3469.312 2320.737
3499.800 2360.796
3901.911 2064.752
3423.467 1981.603
3868.202 2152.002
3659.662 2175.723
3683.942 2059.714
3689.519 2144.294
3823.673 2280.241
3737.524 2049.837
3435.580 2089.665
3876.402 2005.551
3655.085 2217.843
3872.759 2227.740
3847.404 2065.105
3469.986 2071.152
3443.832 2260.883
3430.144 2279.619
3471.847 2095.292
3646.109 2474.288
3531.810 2202.135
3683.014 2306.144
3501.344 2446.173
3615.372 2356.474
3480.337 2350.829
3731.983 2142.399
3555.425 2100.347
3780.507 2388.621
3836.455 2292.494
3781.477 2292.116
3431.351 2450.862
3527.587 2463.478
3890.668 2226.276
3864.155 2098.953
3462.379 2034.705
3493.227 2202.389
3905.580 2088.572
3755.731 2474.255
3902.345 2292.999
3664.889 2187.647
3842.189 2263.417
3480.555 2178.016
3538.302 2472.453
3456.311 2025.007
3505.195 2159.736
3421.115 2232.399
3491.169 2030.465
3797.356 2305.492
3481.475 2092.505
3631.580 2018.516
3886.150 2090.399
3721.720 2053.238
3537.373 2353.080
3414.732 2034.781
3592.201 2428.864
3626.440 2474.586
3576.189 2147.415
3512.572 2034.519
3658.563 2080.946
3421.580 2460.283
3711.750 2049.084
3811.348 2061.906
3495.751 2125.412
3823.910 2177.527
3664.696 2257.878
3655.011 2317.181
3684.646 2032.957
3612.200 2330.838
3530.465 2340.664
3551.053 2100.398
3555.890 2357.891
3698.600 2215.236
3666.758 2412.008
3537.953 2317.876
3645.860 2430.818
3840.766 2462.389
3747.331 2239.652
3658.320 2192.072
3523.070 2214.070
3556.681 2007.553
3654.017 2419.232
3874.433 2168.258
3729.598 2142.757
3804.868 2287.565
3736.080 2088.504
3806.736 2415.100
3614.789 2122.884
3483.070 2317.547
3501.520 2437.967
3853.887 2058.772
3795.100 2397.957
3679.311 2180.889
3798.487 2314.440
3809.555 2029.304
3456.284 2216.961
3536.547 2054.862
3505.297 2410.027
3585.274 2186.248
3414.551 2411.583
3837.528 2243.453
3907.256 2474.754
3799.598 2250.134
3570.155 2237.667
3807.026 2353.009
3731.688 2189.986
3629.635 2098.641
3628.987 2385.468
3537.745 2033.100
3875.398 2244.709
3463.721 1985.133
3907.254 2087.597
3865.840 2240.217
3459.964 2208.046
3517.137 2278.585
3860.634 2438.904
3614.259 2108.235
3441.935 2179.315
3815.401 2045.754
3771.924 2234.671
3718.728 2105.433
3746.380 2395.858
3891.223 2238.859
3714.977 1991.455
3668.409 2352.847
3425.384 2276.821
3738.517 2023.291
3688.584 2314.052
3826.498 2308.731
3892.592 1999.774
3676.088 2429.094
3417.286 2000.332
3694.906 2318.534
3484.160 2334.497
3834.806 2179.003
3705.349 2333.523
3510.984 2351.561
3497.057 2237.162
3821.839 1993.828
3466.498 2189.060
3426.794 2438.074
3456.854 2339.048
3557.448 2188.338
3415.311 2424.606
3726.037 2306.387
3856.154 2243.238
3671.964 2087.910
3612.635 2335.455
3632.178 2018.568
3453.202 2344.403
3880.378 2166.855
3626.826 2191.056
3458.077 2425.620
3547.091 2226.455
3423.805 2022.530
3809.642 2323.341
3560.247 2154.914
3816.803 2444.771
3555.238 2122.287
3539.301 2371.394
3683.026 2231.785
3527.552 2425.028
3599.527 2156.507
3623.375 1997.908
3437.365 2260.273
3788.844 2341.136
3823.477 2080.707
3904.058 2427.480
3885.688 2327.558
3693.896 2178.538
3760.296 2187.357
3890.364 2423.524
3846.543 2423.176
3874.079 2213.604
3757.560 2214.196
3865.445 1996.511
3430.839 2353.118
3686.496 2009.524
3704.561 2154.742
3586.070 2456.499
3434.346 1979.681
3638.437 2166.745
3883.050 2128.825
3735.613 2340.995
3451.767 2108.532
3477.146 2285.538
3716.336 2397.002
3660.812 2452.551
3685.783 2471.488
3781.407 2059.133
3717.348 2168.055
3734.246 2448.743
3744.246 2216.506
3735.031 2227.825
3836.671 2280.533
3512.099 2136.197
3750.411 2248.659
3759.341 1981.850
3559.878 2346.383
3515.554 2413.491
3769.380 2094.345
3703.965 2320.266
3860.751 2003.457
3889.854 2300.085
3888.253 2153.024
3576.729 2038.783
3888.011 2450.065
3439.804 2012.746
3669.013 2082.336
3844.599 2059.417
3639.786 2064.065
3419.912 2136.454
3519.176 2286.513
3839.745 2028.389
3867.700 2214.864
3621.934 2389.546
3721.292 2165.139
3705.414 2146.429
3419.952 2203.453
3888.008 2011.880
3639.540 2114.634
3439.966 2435.586
3860.197 1996.640
3814.173 2217.881
3692.417 2357.058
3565.534 2418.862
3794.248 2021.512
3501.531 2423.411
3869.077 2306.114
3694.257 2216.606
3630.366 2399.541
3530.576 2298.364
3639.638 2458.206
3782.964 2001.822
3871.955 2178.526
3872.965 2285.029
3724.141 2134.197
3742.916 2199.122
3463.667 2244.608
3498.763 2434.983
3613.416 1991.606
3663.090 2469.567
3814.081 2470.427
3445.558 2118.532
3572.742 2303.982
3759.797 2150.969
3859.773 2147.829
3549.378 2362.460
3495.382 2316.922
3814.920 2366.336
3888.448 2146.552
3859.006 2237.706
3521.828 2293.411
3433.626 2456.213
3580.117 2358.117
3880.038 2351.446
3761.424 2271.537
3482.182 2134.433
3635.430 2440.926
3582.500 2360.935
3677.929 2044.680
3795.339 2226.955
3727.921 2128.874
3437.541 2086.787
3587.810 2016.030
3901.499 2398.492
3722.208 2216.022
3658.097 2422.370
3732.795 2129.796
3529.297 2346.461
3573.122 2362.837
3603.695 2206.757
3730.394 2031.496
3627.282 2478.139
3569.153 2471.307
3646.639 2217.967
3711.710 2322.164
3633.707 2210.449
3425.881 2078.432
3675.532 2052.183
3581.805 2088.976
3523.630 2440.303
3867.619 2471.766
3541.616 2012.440
3424.218 2037.252
3772.645 2227.525
3434.117 2259.639
3899.658 2175.684
3649.462 2334.387
3660.060 2397.135
3627.711 2359.352
3534.003 2028.710
3826.293 2021.015
3479.215 2323.364
3581.341 2437.061
3635.102 2017.626
3515.339 2088.806
3714.656 2346.802
3589.149 2020.349
3571.578 2374.931
3884.743 2398.905
3441.588 2215.918
3783.072 2085.568
3413.809 2287.705
3637.410 2437.812
3869.561 2048.291
3659.606 2201.604
3467.183 2079.858
3496.185 2050.552
3562.078 2084.960
3548.647 2277.490
3531.540 2434.281
3706.033 2303.018
3824.528 2360.533
