10000 3
2500.000 2500.000
3308.774 2559.956
3383.069 2351.001
3513.177 2584.457
3594.831 2478.823
3535.097 2620.378
3415.950 2485.428
3559.301 2397.052
3414.290 2115.540
3505.552 2551.958
3399.177 2226.612
3507.593 2360.915
3409.507 2656.900
3462.156 2145.648
3406.859 2331.892
3306.855 2460.360
3510.394 2215.887
3333.693 2249.852
3671.940 2536.699
3699.837 2517.733
3285.726 2310.830
3342.274 2607.478
3754.216 2253.258
3736.497 2146.746
3621.737 2412.873
3500.404 2206.345
3474.381 2589.809
3251.529 2284.455
3419.823 2441.784
3230.324 2356.552
3474.079 2377.435
3746.853 2119.785
3567.633 2651.851
3398.817 2385.614
3716.606 2125.222
3482.792 2287.559
3595.799 2333.096
3430.803 2305.916
3744.449 2329.197
3575.597 2311.709
3241.686 2493.131
3661.277 2249.153
3280.492 2512.650
3633.248 2577.238
3217.765 2354.566
3672.205 2534.542
3718.824 2231.766
3393.228 2118.352
3342.412 2256.449
3256.152 2530.685
3227.796 2452.040
3377.644 2308.240
3233.231 2579.648
3285.181 2499.437
3505.022 2529.363
3632.811 2371.573
3307.197 2120.364
3347.380 2614.141
3299.547 2486.674
3337.797 2384.069
3506.014 2612.121
3694.540 2538.333
3640.859 2250.092
3536.529 2248.435
3682.089 2357.345
3577.077 2571.637
3631.696 2138.942
3659.099 2432.959
3326.913 2237.123
3298.366 2300.184
3456.006 2502.426
3598.172 2204.798
3323.284 2114.532
3650.018 2127.726
3350.657 2372.689
3412.419 2560.338
3422.188 2112.131
3762.445 2635.827
3259.793 2157.880
3290.357 2588.196
3470.725 2248.251
3486.991 2491.466
3433.975 2457.531
3334.060 2361.219
3435.521 2196.834
3552.184 2123.144
3321.477 2445.522
3334.843 2226.913
3513.189 2297.863
3764.527 2656.852
3559.196 2503.009
3340.378 2283.407
3442.842 2393.840
3452.907 2355.010
3644.563 2606.229
3517.563 2613.010
3428.198 2552.037
3593.994 2280.005
3744.830 2533.261
3553.361 2435.679
3624.333 2303.570
3637.846 2605.625
3599.260 2406.729
3666.596 2497.122
3378.348 2448.967
3604.259 2320.704
3737.688 2216.156
3245.687 2312.042
3347.906 2335.518
3532.587 2502.943
3316.789 2599.039
3523.716 2460.426
3536.684 2371.629
3437.800 2288.940
3349.794 2634.439
3737.715 2361.534
3564.615 2256.162
3480.512 2549.203
3557.050 2413.250
3724.814 2219.724
3720.796 2653.536
3356.540 2135.821
3501.770 2485.201
3378.977 2419.047
3507.803 2659.120
3500.142 2540.454
3728.031 2160.463
3352.829 2238.937
3291.474 2394.033
3327.243 2619.371
3359.840 2615.021
3654.477 2230.664
3628.422 2635.278
3527.680 2337.536
3683.323 2170.410
3491.555 2249.464
3755.159 2108.035
3624.396 2361.742
3648.452 2544.736
3509.554 2647.581
3661.813 2534.240
3340.684 2211.995
3584.684 2650.164
3343.506 2343.263
3357.597 2479.987
3523.356 2466.216
3410.533 2229.768
3636.729 2249.110
3398.971 2451.473
3419.572 2264.065
3366.220 2449.296
3475.256 2483.159
3680.791 2584.829
3559.197 2656.877
3605.067 2280.274
3362.639 2143.630
3478.018 2594.175
3757.504 2654.049
3238.243 2492.806
3258.994 2347.717
3638.116 2279.982
3334.045 2138.205
3751.568 2471.474
3597.595 2381.424
3672.238 2490.445
3276.703 2624.991
3293.548 2223.096
3592.930 2232.192
3453.970 2172.665
3431.670 2161.493
3597.873 2266.696
3250.373 2659.155
3394.058 2399.652
3568.933 2117.787
3769.399 2166.819
3257.245 2284.860
3663.501 2157.062
3414.060 2305.502
3555.125 2602.516
3598.897 2588.289
3348.554 2222.409
3755.002 2330.022
3388.844 2196.106
3728.922 2512.299
3643.088 2599.518
3387.649 2537.697
3464.506 2456.823
3619.123 2260.239
3645.961 2594.485
3599.700 2247.471
3638.689 2594.863
3320.159 2504.614
3327.198 2222.785
3747.861 2571.096
3718.061 2145.952
3586.362 2162.987
3465.739 2325.695
3553.004 2538.316
3227.902 2182.133
3336.620 2630.440
3324.987 2535.862
3464.415 2614.004
3730.193 2419.261
3372.495 2611.180
3639.073 2459.987
3343.217 2280.876
3406.990 2174.068
3491.444 2479.012
3377.458 2573.022
3674.966 2290.472
3628.407 2613.540
3493.146 2120.174
3735.692 2449.998
3666.759 2238.966
3535.604 2485.701
3379.153 2119.901
3584.524 2383.950
3649.910 2374.686
3506.149 2213.144
3509.478 2347.218
3455.402 2407.504
3650.724 2106.086
3551.350 2253.971
3477.690 2549.635
3616.325 2439.206
3255.103 2348.047
3317.575 2537.934
3633.576 2253.064
3272.459 2167.782
3627.155 2582.506
3253.161 2595.081
3630.309 2310.286
3390.293 2649.069
3456.308 2647.140
3497.161 2447.764
3634.539 2150.749
3754.212 2630.378
3366.156 2540.282
3380.971 2381.964
3320.996 2380.147
3322.383 2356.887
3559.530 2154.231
3713.716 2405.505
3689.802 2382.386
3578.052 2515.586
3640.898 2227.301
3530.486 2313.784
3615.665 2329.825
3336.227 2125.355
3604.062 2127.938
3264.695 2277.122
3560.124 2192.770
3328.310 2187.316
3573.277 2181.189
3525.687 2241.501
3452.874 2230.447
3314.081 2341.962
3349.652 2452.445
3595.736 2546.770
3701.771 2278.427
3354.557 2619.812
3242.816 2434.483
3532.950 2477.316
3326.686 2496.844
3763.454 2649.011
3344.052 2146.733
3253.119 2323.004
3627.614 2625.572
3589.736 2271.196
3239.863 2244.018
3360.385 2117.775
3480.240 2607.185
3364.026 2464.533
3570.367 2597.058
3601.020 2453.623
3224.615 2474.698
3334.118 2353.774
3485.051 2573.614
3539.145 2362.461
3577.940 2416.824
3646.509 2355.254
3365.103 2585.716
3727.609 2444.243
3433.380 2158.251
3276.678 2225.651
3455.791 2654.336
3442.172 2557.021
3523.564 2399.380
3728.769 2382.294
3285.646 2382.127
3234.782 2594.060
3567.790 2310.170
3270.400 2579.935
3758.255 2629.991
3428.560 2378.689
3509.694 2318.158
3225.643 2607.684
3731.728 2154.305
3675.371 2533.663
3402.237 2335.997
3538.167 2228.524
3622.693 2339.213
3289.088 2355.041
3616.634 2480.986
3411.789 2575.847
3501.556 2326.304
3379.742 2349.200
3549.534 2534.093
3406.930 2301.872
3331.698 2635.219
3327.671 2352.665
3737.475 2626.077
3458.183 2642.957
3363.198 2294.891
3253.346 2532.559
3229.726 2142.443
3373.913 2216.611
3558.514 2623.568
3591.396 2266.007
3223.270 2652.552
3277.337 2307.556
3290.975 2372.801
3520.754 2470.893
3347.487 2145.664
3496.167 2619.324
3508.311 2565.302
3718.562 2448.311
3458.825 2568.115
3280.056 2542.463
3308.719 2409.048
3565.431 2290.144
3326.774 2612.367
3305.508 2238.944
3479.156 2416.279
3591.326 2442.352
3285.360 2225.753
3748.803 2144.557
3218.798 2397.188
3580.240 2358.589
3293.034 2224.859
3242.841 2335.194
3490.148 2532.212
3638.884 2201.727
3451.378 2224.778
3306.699 2321.125
3514.737 2277.343
3707.163 2537.241
3419.978 2291.992
3710.108 2175.044
3256.587 2270.264
3341.394 2468.880
3615.127 2560.166
3605.033 2228.179
3291.453 2454.811
3628.346 2307.711
3745.389 2593.601
3753.558 2409.156
3640.276 2140.457
3303.334 2211.585
3755.517 2352.660
3738.325 2649.885
3219.779 2535.029
3465.850 2364.534
3373.691 2576.511
3673.324 2255.438
3457.648 2643.211
3364.096 2466.899
3514.318 2619.118
3339.564 2476.541
3466.771 2659.808
3320.459 2299.638
3669.581 2184.011
3751.976 2395.406
3650.265 2596.613
3578.039 2583.411
3326.184 2136.885
3217.954 2400.827
3762.271 2271.961
3560.397 2406.841
3666.919 2126.536
3423.388 2177.288
3588.615 2400.828
3424.745 2243.277
3409.787 2155.853
3707.721 2551.666
3726.543 2464.692
3733.545 2292.916
3687.016 2155.986
3701.038 2528.803
3400.667 2294.243
3220.773 2626.370
3325.969 2580.583
3482.727 2171.833
3691.009 2240.043
3500.732 2108.696
3525.553 2189.724
3287.785 2575.983
3679.531 2603.701
3293.490 2597.973
3685.266 2154.373
3706.670 2225.062
3606.651 2158.868
3340.676 2276.673
3458.069 2472.884
3497.555 2313.791
3749.803 2261.044
3305.160 2209.688
3508.183 2586.029
3750.461 2604.224
3748.805 2203.225
3743.958 2299.617
3254.847 2562.375
3635.441 2427.969
3450.525 2538.349
3251.855 2323.600
3393.318 2370.292
3352.971 2263.576
3403.448 2260.563
3478.441 2407.011
3253.557 2633.457
3583.652 2381.488
3438.409 2402.894
3596.269 2155.364
3226.088 2260.776
3558.858 2332.094
3554.579 2182.051
3714.944 2548.509
3728.494 2404.110
3534.824 2491.659
3564.274 2571.580
3432.660 2504.814
3306.353 2645.117
3769.565 2415.192
3749.072 2652.949
3265.147 2545.413
3250.289 2171.703
3673.963 2290.457
3574.288 2421.656
3659.223 2513.853
3467.968 2228.247
3682.739 2391.997
3261.374 2213.954
3752.150 2419.581
3670.738 2603.537
3537.204 2267.358
3586.181 2636.212
3295.090 2403.630
3296.011 2277.155
3447.809 2538.333
3233.812 2647.277
3682.011 2107.845
3684.886 2311.942
3593.854 2333.856
3358.671 2151.891
3318.127 2298.252
3296.846 2624.833
3262.519 2474.260
3245.867 2210.938
3401.506 2206.808
3683.776 2130.490
3577.897 2430.170
3266.863 2486.344
3715.459 2315.169
3717.638 2113.560
3680.153 2382.908
3438.289 2544.940
3371.168 2654.356
3445.921 2165.066
3456.000 2301.848
3460.465 2215.396
3244.860 2346.571
3335.986 2321.429
3470.647 2366.161
3354.518 2288.735
3234.194 2442.400
3765.402 2316.352
3336.853 2309.549
3435.399 2222.640
3638.595 2455.397
3254.637 2155.524
3490.102 2121.866
3428.007 2615.940
3220.573 2465.915
3748.736 2130.598
3269.978 2658.113
3602.168 2499.786
3676.073 2584.341
3686.926 2311.167
3597.858 2429.685
3447.709 2359.309
3763.211 2525.883
3255.864 2123.449
3730.868 2163.874
3444.534 2327.130
3538.522 2307.679
3579.069 2590.625
3353.161 2452.183
3305.011 2324.608
3235.777 2520.707
3648.120 2152.518
3634.944 2182.226
3730.477 2640.919
3244.813 2585.369
3591.902 2167.404
3323.288 2441.388
3766.520 2554.364
3338.094 2244.113
3292.775 2461.668
3689.688 2183.970
3758.586 2128.077
3769.973 2382.328
3761.251 2434.034
3398.318 2541.941
3726.170 2402.032
3697.152 2198.957
3472.147 2504.707
3453.731 2272.194
3225.413 2244.641
3489.275 2554.042
3510.065 2392.722
3580.080 2454.025
3593.391 2575.174
3647.214 2546.619
3335.547 2611.736
3361.488 2578.120
3637.387 2321.183
3732.232 2513.993
3584.961 2117.204
3383.372 2604.653
3328.276 2255.496
3693.942 2504.795
3717.772 2315.678
3734.542 2132.987
3595.972 2111.813
3308.942 2592.596
3222.452 2256.822
3445.635 2618.019
3401.052 2208.622
3657.671 2655.696
3712.629 2376.972
3637.665 2189.839
3327.924 2187.964
3734.363 2596.551
3692.289 2600.635
3617.849 2356.566
3635.211 2518.209
3325.964 2395.575
3355.463 2519.659
3450.404 2534.472
3468.350 2636.834
3252.650 2643.202
3432.430 2586.978
3690.183 2612.828
3648.670 2274.732
3475.631 2365.982
3596.190 2440.185
3766.198 2512.190
3507.828 2109.613
3531.946 2263.205
3388.945 2269.779
3579.809 2183.735
3679.475 2479.133
3305.639 2355.389
3235.889 2139.428
3558.091 2228.440
3457.371 2374.902
3710.696 2647.482
3317.403 2385.212
3300.380 2590.725
3291.337 2369.277
3749.997 2208.195
3501.202 2386.822
3645.032 2108.473
3251.476 2194.116
3606.479 2530.111
3684.293 2465.272
3655.316 2549.152
3716.332 2452.692
3415.331 2208.822
3709.791 2187.294
3753.378 2613.202
3689.055 2620.650
3752.432 2308.086
3501.593 2548.249
3282.742 2264.418
3327.550 2494.918
3769.061 2291.811
3325.456 2167.136
3586.184 2231.911
3567.608 2194.613
3538.633 2271.218
3288.408 2152.292
3235.752 2216.369
3733.500 2585.612
3429.778 2193.539
3507.278 2614.153
3601.445 2169.354
3410.071 2393.956
3749.066 2613.182
3688.367 2182.720
3743.604 2601.999
3721.587 2589.755
3296.497 2553.786
3670.875 2354.644
3658.092 2312.470
3258.337 2430.225
3757.306 2161.374
3345.739 2172.536
3684.412 2548.473
3326.652 2417.777
3670.925 2449.596
3260.880 2637.272
3307.111 2498.118
3327.063 2495.245
3279.990 2157.158
3562.851 2115.832
3719.606 2200.157
3740.314 2459.234
3253.784 2122.897
3660.793 2147.722
3545.861 2515.740
3355.252 2345.813
3423.419 2638.485
3766.942 2327.122
3698.533 2508.237
3704.437 2164.084
3655.111 2433.961
3743.281 2190.262
3324.968 2645.884
3602.320 2418.872
3749.910 2335.368
3348.578 2257.268
3749.931 2517.785
3696.469 2219.225
3518.181 2497.057
3582.827 2593.422
3529.431 2484.204
3705.612 2307.655
3433.518 2147.513
3386.526 2378.908
3491.744 2484.345
3350.233 2517.193
3469.072 2200.732
3752.270 2302.958
3241.917 2651.031
3572.653 2322.447
3503.379 2490.784
3570.765 2447.366
3215.430 2444.390
3503.921 2260.862
3332.172 2295.273
3478.426 2293.324
3507.810 2280.793
3665.314 2364.373
3560.680 2507.793
3448.299 2610.601
3393.717 2376.178
3434.452 2156.081
3645.207 2162.865
3424.357 2221.803
3762.194 2138.876
3605.892 2129.477
3451.943 2442.638
3330.798 2488.457
3474.371 2191.605
3338.390 2355.425
3384.779 2200.359
3553.053 2407.480
3534.344 2460.480
3483.821 2361.058
3640.531 2592.181
3533.955 2202.452
3533.375 2201.193
3413.816 2322.254
3329.096 2234.089
3260.829 2441.240
3372.747 2397.051
3663.976 2170.660
3718.213 2553.785
3661.470 2557.491
3508.750 2378.482
3734.580 2466.780
3703.666 2192.715
3541.523 2594.399
3333.858 2215.626
3740.165 2105.902
3249.305 2142.371
3566.468 2328.372
3599.381 2464.124
3371.121 2480.068
3591.519 2209.185
3322.161 2247.106
3294.341 2547.436
3452.600 2372.938
3529.102 2432.376
3336.914 2260.259
3669.392 2624.830
3351.794 2571.247
3743.172 2506.640
3386.883 2253.216
3280.318 2539.496
3516.088 2300.005
3575.299 2362.912
3325.323 2471.579
3624.703 2657.165
3599.925 2197.309
3597.305 2516.198
3420.651 2306.789
3433.290 2618.499
3259.519 2148.836
3298.812 2115.046
3692.254 2575.819
3610.078 2301.187
3543.807 2256.144
3496.605 2630.969
3439.404 2183.341
3282.554 2500.931
3565.395 2504.983
3541.130 2197.831
3474.466 2251.184
3216.867 2115.024
3769.796 2525.540
3626.392 2606.883
3535.690 2385.314
3492.973 2469.193
3351.586 2385.818
3588.863 2548.338
3545.562 2316.893
3657.710 2339.205
3335.657 2487.133
3673.430 2116.275
3472.854 2311.111
3426.356 2641.297
3257.183 2120.104
3505.072 2496.648
3579.592 2145.966
3332.203 2486.310
3566.956 2260.392
3425.771 2380.750
3400.980 2293.447
3418.869 2480.521
3231.126 2112.607
3330.882 2341.656
3735.565 2485.184
3410.689 2257.609
3305.442 2115.519
3747.588 2481.765
3658.947 2564.384
3761.902 2537.910
3468.315 2443.087
3496.980 2141.114
3564.635 2569.081
3260.805 2301.421
3268.365 2277.456
3236.241 2640.735
3443.411 2500.917
3335.043 2654.062
3356.767 2538.144
3534.970 2462.840
3245.256 2624.803
3266.335 2444.251
3663.482 2466.977
3434.866 2342.410
3298.356 2487.902
3573.857 2597.955
3229.164 2129.844
3243.725 2139.235
3345.214 2360.904
3738.771 2389.726
3444.405 2136.047
3380.456 2155.113
3636.353 2607.033
3406.282 2384.210
3383.482 2194.262
3670.397 2242.624
3517.598 2389.754
3695.950 2262.177
3740.358 2385.399
3358.319 2176.477
3280.436 2659.351
3296.562 2585.344
3366.001 2485.604
3316.030 2350.274
3399.072 2532.483
3672.986 2577.616
3469.462 2221.700
3680.257 2285.407
3279.812 2409.291
3617.081 2140.201
3229.512 2287.100
3594.429 2112.641
3538.920 2131.949
3296.363 2274.936
3712.752 2204.136
3273.061 2260.788
3375.456 2537.851
3640.573 2581.249
3654.286 2308.178
3730.744 2275.597
3752.407 2403.962
3726.515 2514.381
3596.814 2285.272
3679.637 2135.346
3514.963 2592.503
3580.129 2602.446
3647.070 2142.925
3377.073 2436.510
3491.221 2271.467
3239.422 2174.075
3627.664 2645.940
3491.412 2246.951
3321.353 2562.630
3551.003 2553.072
3379.653 2613.843
3295.348 2257.882
3220.304 2241.822
3444.064 2597.064
3680.079 2176.266
3332.252 2490.647
3331.815 2165.256
3316.748 2512.239
3361.808 2351.879
3748.576 2130.669
3607.077 2366.748
3605.077 2142.581
3408.585 2495.235
3261.187 2450.820
3715.080 2112.498
3719.743 2328.354
3698.765 2608.036
3226.380 2218.973
3303.177 2381.731
3702.367 2144.642
3635.841 2438.211
3673.580 2600.751
3221.810 2354.225
3567.789 2226.526
3738.635 2618.734
3533.983 2363.357
3230.669 2525.792
3441.710 2578.781
3248.025 2121.358
3486.314 2421.424
3721.232 2243.486
3589.057 2266.695
3427.498 2391.538
3456.162 2463.511
3281.593 2175.169
3705.033 2122.496
3378.107 2335.778
3422.539 2527.525
3358.371 2522.180
3493.078 2450.600
3556.793 2443.097
3627.400 2234.963
3486.233 2645.298
3753.515 2597.374
3556.509 2188.367
3570.801 2380.306
3652.080 2381.629
3263.423 2105.563
3340.937 2372.439
3593.642 2630.678
3738.705 2472.331
3384.572 2533.030
3363.612 2400.730
3308.522 2632.819
3582.223 2515.565
3601.619 2581.908
3329.632 2118.344
3658.433 2647.313
3422.002 2202.262
3435.950 2550.161
3491.075 2499.878
3484.154 2111.932
3502.954 2286.648
3446.350 2591.419
3617.784 2632.168
3446.214 2558.903
3721.397 2513.717
3681.141 2273.289
3221.470 2591.981
3550.506 2143.131
3576.448 2289.189
3401.936 2556.505
3326.878 2131.872
3717.259 2627.810
3261.946 2634.040
3385.182 2391.755
3574.438 2235.586
3307.008 2504.944
3557.667 2575.614
3285.593 2184.347
3704.836 2276.820
3707.702 2622.091
3738.936 2256.400
3485.805 2111.674
3431.247 2333.744
3760.013 2394.206
3353.552 2435.380
3671.821 2336.421
3500.366 2640.825
3310.877 2606.169
3426.558 2359.079
3327.364 2131.034
3705.115 2367.163
3670.433 2329.193
3455.617 2157.401
3608.881 2603.132
3545.253 2615.275
3487.522 2649.277
3630.659 2438.922
3288.017 2353.387
3433.659 2641.727
3753.637 2107.540
3240.169 2453.100
3746.735 2124.538
3373.552 2310.299
3471.295 2260.420
3632.111 2625.704
3354.119 2206.017
3765.514 2618.167
3411.654 2312.517
3257.585 2370.850
3331.224 2450.365
3230.623 2107.445
3468.859 2410.680
3268.233 2359.854
3257.139 2593.134
3482.542 2113.283
3528.214 2327.867
3687.849 2298.943
3303.706 2514.281
3665.085 2647.363
3350.292 2196.238
3436.579 2127.651
3290.724 2432.851
3309.348 2117.061
3370.821 2189.665
3655.396 2232.352
3302.613 2504.191
3289.969 2172.245
3563.622 2140.407
3447.574 2364.172
3249.305 2556.700
3686.563 2291.813
3559.275 2508.888
3268.321 2568.038
3438.040 2211.601
3709.751 2595.218
3223.186 2118.750
3462.501 2185.510
3495.055 2577.010
3532.647 2208.491
3666.509 2187.448
3328.102 2318.075
3606.823 2449.302
3648.338 2289.646
3510.895 2520.283
3383.318 2105.200
3259.891 2258.386
3545.754 2417.083
3667.411 2570.424
3588.185 2332.281
3424.646 2333.920
3375.654 2151.330
3472.733 2358.506
3420.697 2607.277
3256.485 2578.536
3721.893 2534.870
3698.411 2233.491
3375.340 2458.740
3303.627 2238.153
3443.743 2250.487
3502.489 2243.463
3436.101 2529.843
3413.141 2542.238
3314.994 2263.033
3410.455 2322.667
3429.380 2226.161
3624.710 2107.537
3594.062 2319.040
3497.617 2114.282
3320.356 2336.220
3542.091 2587.443
3683.906 2235.795
3557.259 2272.661
3715.695 2213.780
3358.013 2328.426
3602.008 2472.752
3267.000 2563.657
3665.917 2279.738
3470.278 2525.436
3481.302 2521.271
3608.406 2235.260
3584.100 2430.150
3481.192 2620.287
3224.718 2412.495
3283.123 2332.996
3621.016 2161.776
3281.005 2284.013
3581.657 2242.814
3269.809 2135.232
3247.366 2578.167
3455.348 2645.517
3425.131 2186.494
3410.797 2449.359
3563.434 2246.214
3590.723 2544.083
3630.411 2423.087
3755.016 2383.324
3752.961 2223.864
3215.575 2356.428
3473.108 2490.639
3267.133 2119.191
3767.447 2548.216
3422.401 2367.600
3360.598 2541.910
3291.239 2419.971
3405.515 2522.107
3480.075 2134.916
3506.730 2354.937
3296.393 2185.685
3299.327 2211.849
3491.854 2370.073
3598.143 2364.749
3290.216 2584.341
3763.725 2652.214
3612.088 2416.284
3495.165 2465.368
3744.435 2499.339
3531.911 2378.466
3384.488 2193.503
3661.595 2496.409
3662.248 2456.088
3229.092 2156.782
3391.191 2504.907
3725.426 2384.798
3679.600 2263.346
3398.616 2326.215
3598.106 2656.488
3696.840 2516.801
3405.737 2324.693
3235.543 2394.895
3440.070 2346.226
3442.750 2590.299
3425.444 2143.332
3222.955 2223.577
3587.497 2122.158
3632.611 2567.693
3252.436 2292.160
3229.211 2108.929
3696.212 2349.584
3506.803 2452.192
3600.002 2182.215
3555.309 2159.191
3292.675 2608.650
3760.123 2149.614
3428.998 2558.296
3670.709 2572.099
3586.858 2283.881
3528.271 2229.006
3710.089 2557.381
3667.884 2455.522
3646.519 2366.526
3628.141 2204.310
3523.418 2655.358
3402.184 2274.182
3498.381 2178.851
3294.870 2547.972
3562.097 2159.235
3562.612 2613.832
3296.953 2361.040
3732.570 2208.912
3491.839 2311.044
3737.583 2181.364
3426.339 2276.952
3606.892 2328.014
3388.362 2264.899
3365.136 2566.441
3505.677 2307.845
3400.511 2171.047
3330.406 2136.384
3692.492 2552.605
3607.089 2255.666
3250.968 2387.363
3270.661 2248.845
3747.845 2419.524
3695.861 2341.748
3597.410 2556.276
3284.156 2297.830
3281.133 2136.414
3688.378 2291.061
3551.089 2613.138
3690.637 2237.291
3682.289 2479.972
3252.401 2282.557
3606.018 2159.796
3377.541 2581.472
3358.041 2528.852
3515.753 2619.196
3389.772 2412.398
3644.240 2187.882
3756.025 2508.813
3608.196 2113.078
3405.274 2652.084
3285.734 2422.964
3651.156 2525.629
3310.188 2150.929
3549.251 2262.926
3743.352 2156.294
3376.991 2606.871
3276.775 2235.326
3304.304 2323.835
3283.651 2473.911
3743.606 2352.401
3238.806 2263.572
3252.601 2173.750
3651.260 2296.694
3717.601 2213.237
3342.365 2583.611
3418.627 2279.271
3261.519 2472.038
3707.616 2222.595
3528.508 2625.624
3217.768 2373.890
3763.885 2367.855
3523.850 2597.537
3482.368 2122.558
3347.042 2532.127
3504.911 2586.631
3557.405 2217.589
3677.979 2659.348
3365.621 2511.815
3545.920 2619.874
3553.415 2298.460
3552.301 2290.103
3473.663 2291.433
3561.857 2138.342
3243.272 2227.537
3717.820 2623.461
3685.619 2609.406
3570.682 2617.651
3343.901 2347.554
3385.758 2395.641
3240.361 2598.216
3415.242 2543.380
3272.471 2119.462
3429.754 2344.631
3348.551 2131.350
3493.400 2630.935
3596.718 2375.847
3585.903 2492.032
3548.468 2302.814
3653.089 2266.724
3215.471 2449.650
3728.724 2497.112
3253.429 2418.604
3241.354 2218.675
3535.432 2388.471
3497.261 2247.384
3478.985 2261.325
3481.969 2165.412
3401.110 2442.389
3226.560 2334.935
3553.025 2237.266
3497.169 2293.003
3497.893 2479.853
3372.670 2165.967
3336.741 2288.878
3676.082 2582.240
3246.786 2519.035
3354.133 2414.215
3668.135 2556.909
3284.066 2381.316
3313.162 2264.544
3529.551 2136.821
3400.407 2256.999
3553.727 2565.533
3472.359 2209.276
3356.353 2483.973
3424.163 2597.956
3626.150 2500.666
3646.949 2212.687
3712.784 2588.689
3666.734 2470.790
3358.508 2612.817
3721.305 2234.536
3719.899 2230.684
3404.774 2198.113
3303.875 2452.719
3276.063 2560.768
3322.544 2211.478
3590.383 2277.209
3320.460 2280.533
3275.023 2559.042
3680.985 2284.397
3350.697 2490.459
3765.729 2399.274
3487.775 2434.332
3744.712 2612.329
3423.391 2268.785
3380.474 2497.225
3545.917 2585.264
3378.334 2606.157
3522.993 2440.163
3499.247 2143.609
3568.450 2657.566
3750.039 2289.600
3707.205 2123.000
3227.211 2171.410
3711.399 2555.834
3432.430 2510.966
3415.749 2602.864
3635.886 2416.162
3752.444 2130.170
3493.889 2541.620
3741.599 2316.467
3217.456 2652.806
3268.142 2200.502
3506.667 2220.662
3638.049 2323.664
3384.815 2124.458
3665.617 2504.062
3481.379 2111.673
3379.156 2222.733
3276.410 2487.526
3741.954 2473.804
3567.552 2419.431
3230.544 2185.954
3216.235 2157.401
3298.816 2377.023
3400.807 2317.705
3388.078 2123.080
3368.380 2144.752
3249.350 2591.976
3724.180 2207.399
3351.023 2158.951
3270.352 2601.278
3520.749 2659.352
3605.678 2576.916
3463.293 2421.702
3614.164 2249.377
3287.157 2118.216
3439.265 2453.747
3516.976 2300.351
3770.326 2144.374
3414.744 2615.540
3558.719 2539.219
3550.922 2611.985
3421.411 2409.358
3525.896 2530.598
3588.919 2635.545
3218.515 2464.485
3481.937 2548.108
3441.502 2306.588
3389.930 2446.353
3649.488 2150.234
3432.699 2359.000
3307.162 2152.115
3747.848 2292.780
3440.873 2465.091
3283.672 2652.743
3240.746 2393.597
3329.158 2154.099
3307.304 2247.951
3280.475 2157.196
3254.372 2214.257
3477.269 2544.027
3250.828 2116.521
3484.127 2301.744
3723.731 2280.944
3723.035 2542.271
3693.789 2194.693
3419.003 2642.743
3367.155 2246.708
3403.422 2302.592
3720.900 2555.893
3556.504 2552.597
3768.520 2248.027
3743.827 2238.679
3318.833 2600.490
3441.013 2138.043
3342.541 2272.717
3629.588 2440.819
3496.465 2138.595
3486.292 2320.438
3707.635 2431.432
3489.535 2426.560
3691.986 2181.450
3702.447 2488.058
3678.968 2158.106
3348.744 2608.074
3580.569 2219.237
3311.125 2498.075
3453.917 2354.613
3682.203 2313.134
3237.921 2148.746
3256.810 2319.191
3485.613 2617.013
3761.263 2283.554
3383.106 2371.917
3729.199 2213.475
3757.499 2621.749
3752.250 2319.396
3454.918 2520.562
3305.387 2629.830
3517.996 2548.796
3568.553 2442.952
3769.952 2378.310
3718.721 2305.162
3708.487 2207.987
3510.663 2656.908
3371.753 2514.778
3642.800 2527.819
3563.077 2426.586
3355.416 2570.983
3217.960 2481.605
3375.991 2560.213
3716.982 2565.151
3313.215 2653.479
3642.520 2649.741
3760.918 2181.769
3492.610 2545.736
3417.334 2488.872
3620.317 2519.542
3692.747 2112.128
3691.187 2350.895
3398.736 2219.604
3586.427 2630.364
3337.602 2269.626
3707.620 2200.870
3662.985 2638.715
3310.295 2657.588
3666.317 2259.353
3236.608 2256.592
3269.342 2528.214
3588.939 2354.395
3527.678 2378.411
3617.770 2447.391
3505.706 2587.993
3549.255 2177.914
3508.544 2656.222
3278.775 2371.200
3688.611 2634.922
3603.383 2604.494
3340.133 2338.190
3594.595 2361.530
3714.071 2642.967
3280.114 2192.364
3255.894 2648.825
3486.952 2442.757
3568.557 2126.042
3671.603 2357.615
3541.837 2411.446
3678.025 2132.279
3507.375 2140.829
3285.802 2462.096
3567.024 2543.718
3464.262 2291.704
3701.293 2366.854
3750.300 2158.402
3357.696 2641.788
3379.953 2278.562
3546.333 2108.494
3298.373 2330.691
3312.788 2618.960
3348.791 2178.940
3413.261 2412.895
3586.950 2486.160
3249.341 2421.109
3429.723 2610.548
3608.474 2525.901
3761.773 2522.055
3393.269 2422.077
3276.122 2185.297
3393.317 2210.067
3588.858 2511.001
3494.799 2241.522
3240.513 2644.598
3354.650 2325.055
3687.561 2470.351
3770.292 2240.824
3487.742 2287.696
3302.648 2435.914
3750.825 2468.718
3725.700 2403.791
3525.663 2390.703
3283.083 2515.726
3624.983 2170.462
3577.572 2551.922
3760.632 2346.970
3426.972 2211.826
3609.237 2356.940
3584.029 2187.379
3280.963 2321.884
3745.905 2469.978
3496.974 2208.662
3252.437 2214.973
3536.710 2328.088
3715.270 2434.609
3449.368 2416.799
3426.900 2655.667
3469.007 2440.492
3692.723 2583.078
3725.268 2638.288
3230.975 2497.908
3751.922 2275.516
3536.862 2217.641
3769.816 2212.572
3712.864 2223.718
3681.490 2437.643
3389.504 2634.048
3484.534 2404.039
3616.724 2360.359
3585.044 2258.194
3731.576 2108.228
3382.326 2571.451
3684.245 2587.961
3286.936 2194.323
3501.856 2552.658
3516.584 2321.738
3600.817 2525.999
3624.043 2251.568
3529.806 2183.432
3500.148 2222.373
3269.837 2142.323
3522.176 2534.616
3316.581 2157.268
3695.640 2184.913
3241.028 2214.895
3327.307 2465.988
3754.771 2165.948
3462.343 2338.546
3340.129 2155.622
3320.066 2104.889
3481.367 2237.637
3688.381 2318.361
3530.263 2427.199
3389.844 2317.074
3513.101 2426.439
3268.507 2187.067
3538.472 2442.814
3335.496 2193.865
3292.740 2512.221
3654.178 2148.255
3322.941 2392.443
3687.042 2484.815
3768.933 2265.220
3636.291 2594.232
3345.701 2417.972
3341.305 2150.900
3282.638 2516.570
3703.275 2518.368
3559.137 2513.696
3623.636 2419.470
3731.115 2303.674
3430.221 2533.437
3356.791 2660.020
3467.387 2365.215
3533.606 2598.968
3380.648 2144.148
3422.410 2296.341
3439.843 2552.143
3367.778 2534.973
3223.130 2605.321
3374.103 2361.440
3723.505 2462.529
3547.333 2573.388
3316.532 2657.636
3533.565 2492.491
3439.839 2655.850
3699.541 2526.157
3507.948 2392.545
3715.794 2374.820
3597.256 2259.364
3221.841 2171.979
3543.161 2486.304
3346.045 2468.709
3716.687 2340.345
3660.057 2327.357
3662.572 2637.307
3567.845 2520.125
3511.820 2167.016
3577.060 2422.444
3509.204 2348.206
3555.277 2631.874
3567.606 2587.812
3678.597 2317.907
3252.061 2107.583
3321.709 2310.122
3467.039 2291.314
3387.413 2183.225
3440.499 2222.614
3707.047 2235.624
3338.160 2522.164
3377.326 2224.464
3561.836 2153.575
3657.712 2395.606
3301.673 2320.808
3539.888 2529.607
3278.776 2261.801
3677.667 2207.281
3474.467 2162.753
3730.166 2382.568
3568.687 2633.809
3522.462 2489.922
3283.026 2151.213
3384.247 2382.828
3472.907 2375.771
3643.295 2546.924
3718.144 2253.033
3316.869 2512.861
3733.586 2187.732
3282.685 2368.891
3716.680 2338.804
3768.962 2430.533
3435.582 2625.803
3276.175 2543.990
3418.181 2387.030
3383.900 2560.625
3664.730 2239.376
3664.371 2588.878
3402.675 2114.362
3320.704 2107.751
3538.483 2512.216
3621.179 2238.140
3577.121 2283.418
3381.275 2210.413
3645.003 2240.900
3221.278 2413.150
3568.595 2260.042
3631.000 2612.920
3587.589 2224.844
3693.807 2451.804
3462.556 2169.699
3659.451 2623.582
3455.141 2433.652
3534.251 2226.532
3310.580 2315.218
3468.038 2410.129
3758.812 2310.730
3273.651 2467.348
3617.393 2522.305
3449.351 2315.241
3517.508 2450.414
3694.981 2347.160
3745.581 2219.031
3725.114 2349.333
3367.920 2434.447
3714.226 2513.890
3464.308 2654.996
3559.048 2430.805
3749.099 2633.362
3653.300 2393.300
3357.210 2234.458
3582.358 2249.254
3230.169 2174.833
3282.589 2290.248
3478.752 2272.661
3402.150 2588.204
3590.977 2637.094
3218.329 2152.999
3554.066 2582.601
3405.943 2467.213
3756.402 2272.534
3621.924 2524.665
3581.039 2393.072
3655.695 2554.509
3516.643 2177.515
3230.781 2641.705
3422.108 2115.270
3386.172 2580.677
3511.677 2203.398
3245.415 2489.121
3240.331 2369.936
3337.155 2325.371
3765.416 2649.405
3339.223 2137.417
3655.000 2307.964
3360.996 2248.806
3664.843 2281.858
3477.572 2649.510
3614.280 2132.880
3724.874 2320.422
3336.483 2626.716
3553.400 2245.908
3614.359 2151.125
3617.392 2127.902
3613.418 2187.382
3711.260 2148.415
3355.781 2420.194
3402.692 2225.483
3576.136 2540.605
3585.320 2452.339
3584.296 2226.210
3629.925 2190.354
3524.684 2331.511
3447.442 2186.858
3428.642 2328.306
3730.731 2411.061
3597.284 2307.021
3381.110 2611.603
3657.366 2279.943
3525.140 2325.034
3359.463 2228.060
3335.727 2346.436
3568.116 2637.537
3597.989 2126.271
3397.330 2206.307
3348.732 2250.998
3380.803 2357.035
3525.470 2493.933
3281.945 2190.498
3318.316 2300.471
3391.865 2328.541
3229.303 2265.230
3684.750 2365.873
3634.207 2347.775
3503.528 2609.631
3663.582 2186.507
3432.588 2424.044
3320.712 2417.972
3432.783 2567.521
3566.262 2204.283
3648.700 2542.697
3413.336 2199.611
3488.655 2277.927
3749.927 2555.168
3570.820 2499.162
3759.254 2240.914
3284.220 2365.801
3284.268 2597.392
3430.694 2538.063
3620.772 2301.047
3473.383 2375.595
3666.139 2173.445
3673.239 2199.981
3301.977 2334.543
3655.053 2568.622
3363.277 2269.922
3493.121 2517.522
3422.745 2561.868
3393.138 2232.396
3481.930 2301.848
3573.578 2137.661
3724.384 2381.469
3491.402 2108.915
3717.588 2346.005
3757.502 2128.207
3364.900 2533.654
3534.616 2308.044
3728.424 2577.154
3226.759 2190.349
3417.729 2535.491
3526.339 2388.871
3676.751 2657.542
3320.678 2106.170
3471.383 2644.152
3506.860 2228.795
3366.470 2582.690
3749.423 2544.212
3420.856 2648.213
3462.308 2155.371
3671.970 2540.968
3328.884 2275.273
3255.958 2559.912
3413.265 2495.866
3502.070 2423.253
3421.021 2580.265
3513.291 2527.787
3425.774 2442.022
3555.989 2299.924
3447.252 2108.175
3740.845 2548.617
3308.164 2233.908
3680.219 2466.533
3250.639 2470.826
3717.748 2603.563
3353.742 2156.721
3572.821 2182.552
3482.504 2282.620
3457.840 2439.560
3741.167 2201.506
3491.836 2146.614
3420.496 2658.526
3761.425 2398.865
3222.920 2346.638
3477.140 2488.917
3738.338 2127.303
3315.935 2168.835
3453.864 2380.348
3437.409 2251.119
3760.832 2549.664
3590.868 2533.973
3326.109 2172.090
3415.214 2313.849
3542.972 2353.902
3574.339 2612.779
3758.460 2435.173
3392.154 2659.918
3537.912 2104.690
3241.127 2466.524
3238.168 2529.296
3575.862 2200.726
3621.518 2403.524
3430.434 2192.432
3502.262 2213.307
3575.265 2424.965
3641.606 2382.736
3700.225 2643.681
3394.214 2274.005
3521.474 2614.019
3576.052 2579.157
3468.556 2579.539
3686.563 2292.661
3595.311 2269.800
3377.780 2521.207
3583.365 2566.184
3604.159 2445.581
3599.429 2444.476
3691.801 2194.883
3468.173 2649.560
3317.601 2399.149
3477.696 2216.962
3587.594 2190.621
3429.410 2381.488
3247.783 2110.806
3433.831 2275.630
3215.639 2386.246
3429.483 2616.786
3763.247 2416.867
3575.355 2139.444
3714.933 2197.513
3454.429 2229.537
3464.798 2492.814
3548.499 2401.095
3666.066 2168.497
3700.111 2216.495
3508.688 2106.163
3509.828 2289.938
3331.683 2172.291
3459.894 2408.450
3297.567 2282.903
3452.459 2590.272
3473.070 2504.798
3377.830 2319.560
3334.422 2604.988
3677.197 2418.827
3272.540 2188.193
3717.317 2515.167
3257.614 2238.086
3678.016 2364.495
3389.932 2626.923
3324.351 2433.256
3247.398 2462.753
3631.138 2133.788
3531.862 2606.795
3544.045 2645.742
3280.128 2198.667
3477.359 2650.790
3355.798 2478.153
3567.229 2525.555
3590.393 2480.013
3665.056 2511.593
3744.356 2112.393
3714.844 2591.703
3638.740 2185.391
3375.675 2543.293
3361.540 2331.680
3290.001 2407.812
3378.700 2317.431
3757.102 2274.917
3412.808 2455.237
3744.067 2627.716
3407.061 2217.983
3285.654 2398.776
3641.026 2223.809
3230.061 2658.486
3316.900 2487.789
3482.173 2472.590
3240.116 2612.352
3766.663 2189.025
3740.996 2459.674
3317.087 2578.373
3267.090 2516.850
3428.980 2327.108
3720.449 2640.282
3741.316 2359.712
3651.528 2568.971
3343.052 2161.766
3263.148 2504.203
3767.228 2596.064
3471.170 2222.306
3277.463 2193.068
3760.035 2384.907
3471.109 2172.608
3238.564 2209.994
3676.874 2575.741
3249.946 2337.606
3222.973 2300.306
3313.307 2326.678
3472.526 2490.443
3560.644 2617.573
3642.271 2224.525
3519.978 2160.837
3713.486 2460.603
3289.439 2212.143
3272.482 2135.725
3298.783 2369.845
3362.895 2617.419
3750.784 2305.847
3704.890 2155.479
3463.795 2477.127
3264.883 2354.307
3573.596 2398.014
3465.732 2225.468
3438.547 2287.992
3701.667 2150.929
3284.409 2420.976
3219.106 2542.104
3311.645 2349.533
3490.226 2193.615
3596.456 2298.492
3757.387 2245.575
3427.621 2471.792
3389.675 2469.465
3345.705 2427.630
3471.580 2539.474
3316.101 2585.376
3349.493 2636.537
3249.889 2652.232
3530.129 2438.869
3318.561 2547.697
3744.371 2593.694
3407.757 2158.497
3674.849 2375.890
3683.465 2473.682
3418.074 2649.150
3681.501 2193.972
3609.706 2517.338
3264.331 2599.411
3697.778 2645.284
3482.263 2300.796
3351.755 2505.530
3545.471 2150.634
3622.984 2360.769
3678.829 2421.737
3217.694 2323.875
3751.772 2203.483
3472.631 2187.860
3444.196 2611.147
3243.609 2266.245
3689.147 2581.529
3402.829 2298.721
3238.322 2292.660
3345.073 2350.228
3618.789 2498.820
3478.887 2642.933
3296.906 2643.997
3339.785 2143.504
3399.429 2290.880
3712.715 2364.876
3340.480 2533.992
3290.717 2184.321
3416.345 2321.365
3581.736 2429.449
3479.873 2544.249
3231.863 2227.850
3357.110 2597.347
3316.799 2119.536
3381.578 2123.942
3717.868 2166.751
3506.057 2418.256
3340.418 2123.536
3568.966 2518.346
3371.688 2113.840
3476.064 2326.286
3294.288 2236.167
3539.858 2593.525
3247.809 2451.598
3264.413 2499.468
3666.965 2223.394
3422.230 2143.324
3529.371 2446.807
3246.560 2347.423
3652.933 2377.906
3222.789 2162.971
3705.491 2408.001
3362.945 2296.517
3444.843 2437.892
3684.479 2492.745
3704.661 2535.912
3715.257 2409.562
3333.388 2356.348
3686.875 2485.665
3521.255 2224.529
3346.802 2256.068
3591.168 2623.622
3736.399 2373.743
3487.945 2437.380
3547.377 2460.514
3408.647 2286.415
3683.321 2406.476
3285.705 2151.887
3408.580 2610.682
3496.987 2581.023
3333.075 2437.347
3408.805 2550.537
3633.147 2328.680
3340.411 2422.178
3268.158 2603.654
3301.341 2447.147
3342.402 2354.860
3307.502 2409.604
3675.757 2646.133
3356.860 2442.710
3531.446 2364.714
3592.748 2218.533
3456.645 2545.383
3308.607 2356.457
3316.965 2474.382
3662.857 2609.764
3596.280 2372.609
3679.260 2476.066
3670.594 2281.451
3643.250 2635.964
3636.612 2520.088
3281.965 2520.543
3528.920 2524.655
3366.840 2302.297
3260.533 2584.197
3715.157 2336.478
3651.491 2274.832
3423.630 2389.861
3254.774 2153.021
3218.610 2625.222
3745.181 2623.496
3751.526 2207.833
3353.788 2379.775
3607.888 2142.133
3735.006 2266.507
3372.382 2417.986
3307.210 2602.502
3291.819 2480.141
3226.384 2401.727
3652.481 2487.396
3615.347 2591.942
3663.146 2557.585
3728.730 2306.912
3218.525 2178.503
3304.597 2105.961
3312.107 2228.313
3408.880 2489.112
3224.439 2134.056
3356.667 2155.092
3674.669 2380.388
3402.632 2122.965
3669.719 2649.833
3708.248 2225.049
3239.589 2528.764
3354.142 2267.260
3469.216 2241.123
3321.773 2300.558
3600.703 2404.056
3483.874 2606.390
3569.460 2230.933
3616.075 2445.293
3435.735 2476.684
3636.129 2305.174
3571.655 2624.399
3220.357 2112.089
3543.031 2436.923
3608.223 2656.910
3747.084 2246.520
3309.346 2568.398
3520.561 2262.728
3472.694 2568.673
3422.677 2129.367
3539.868 2119.146
3516.621 2245.557
3581.345 2655.135
3689.987 2348.335
3586.464 2197.422
3339.564 2127.567
3396.095 2499.008
3294.963 2503.360
3712.643 2223.378
3358.371 2272.200
3277.784 2131.925
3644.994 2587.400
3651.130 2397.815
3226.503 2459.445
3533.936 2570.566
3623.803 2319.065
3372.513 2472.405
3750.935 2312.507
3365.641 2596.010
3389.559 2303.651
3749.375 2495.020
3756.174 2621.368
3734.742 2208.831
3409.519 2351.180
3544.097 2203.089
3685.468 2597.730
3598.607 2392.614
3510.261 2390.176
3255.249 2195.346
3406.098 2417.026
3594.878 2248.209
3579.166 2451.583
3357.850 2570.878
3392.223 2175.545
3242.431 2461.556
3613.176 2217.891
3636.440 2293.770
3316.855 2454.948
3521.616 2155.042
3539.199 2154.237
3246.387 2394.684
3445.524 2539.984
3580.754 2357.810
3605.970 2605.870
3297.755 2441.962
3746.304 2239.807
3608.974 2118.350
3595.888 2315.249
3524.975 2272.784
3646.383 2413.248
3457.543 2116.745
3244.895 2341.483
3744.590 2639.902
3480.400 2486.723
3757.952 2419.132
3381.672 2405.949
3242.216 2150.029
3649.804 2182.450
3315.681 2606.069
3539.098 2423.952
3550.203 2119.165
3351.844 2375.883
3448.492 2520.459
3371.333 2385.733
3580.296 2152.285
3525.589 2658.333
3420.570 2240.870
3753.520 2252.209
3398.979 2613.907
3358.726 2193.994
3745.105 2555.236
3341.699 2405.538
3536.598 2262.904
3322.903 2224.018
3401.795 2441.134
3470.720 2392.725
3499.468 2279.200
3525.888 2573.413
3525.306 2301.303
3588.236 2511.535
3325.578 2656.506
3543.256 2346.883
3719.591 2614.444
3736.144 2129.112
3631.431 2361.555
3293.742 2312.891
3647.449 2267.504
3550.491 2362.719
3397.142 2461.653
3749.721 2188.721
3693.711 2317.505
3558.453 2653.557
3340.860 2573.514
3270.439 2580.178
3426.951 2145.316
3722.196 2118.981
3247.377 2550.032
3713.958 2634.682
3318.611 2441.972
3725.114 2619.885
3504.618 2629.387
3455.861 2658.758
3403.154 2526.095
3241.754 2449.733
3656.912 2578.658
3597.609 2451.037
3454.064 2581.305
3540.324 2542.028
3321.317 2328.996
3513.220 2580.726
3388.179 2655.213
3316.318 2445.656
3740.550 2191.895
3734.612 2277.171
3301.035 2275.644
3441.218 2320.299
3244.011 2606.343
3250.427 2264.924
3244.422 2455.074
3332.470 2556.502
3265.994 2319.256
3458.993 2286.433
3753.164 2176.490
3444.177 2337.256
3479.514 2529.001
3598.351 2571.818
3701.216 2498.432
3653.310 2105.840
3717.986 2360.069
3738.708 2594.591
3267.590 2351.832
3382.131 2515.840
3318.488 2193.732
3526.683 2336.761
3494.438 2280.226
3357.638 2208.281
3298.683 2503.011
3324.066 2584.757
3482.738 2161.582
3492.962 2409.516
3523.707 2643.313
3324.000 2632.763
3313.764 2212.462
3455.542 2278.868
3290.694 2164.724
3639.257 2331.024
3432.145 2551.843
3715.937 2365.235
3724.280 2573.331
3313.027 2198.085
3332.760 2387.344
3521.604 2585.241
3382.018 2127.482
3232.195 2235.801
3507.860 2307.518
3763.360 2472.023
3338.160 2326.501
3618.428 2216.424
3667.744 2486.587
3702.684 2251.115
3547.376 2501.044
3664.982 2222.997
3501.130 2565.773
3326.187 2191.773
3289.209 2256.293
3646.531 2236.119
3406.373 2285.883
3635.840 2154.681
3709.188 2253.795
3513.739 2176.246
3546.085 2232.674
3596.409 2413.474
3491.391 2638.750
3294.361 2465.693
3721.363 2178.815
3257.801 2583.147
3289.129 2116.159
3763.044 2192.780
3319.186 2573.173
3231.202 2379.621
3725.247 2338.079
3416.046 2638.869
3617.718 2311.805
3402.133 2338.836
3531.866 2562.673
3299.763 2348.623
3217.643 2131.754
3368.956 2632.513
3260.629 2142.954
3226.599 2562.310
3564.272 2410.188
3253.754 2295.146
3342.679 2108.564
3765.379 2213.648
3373.505 2482.224
3699.542 2619.703
3272.640 2579.581
3342.351 2606.053
3370.584 2597.636
3404.875 2529.694
3679.002 2124.274
3423.060 2467.907
3278.823 2292.167
3737.816 2251.077
3245.032 2413.432
3285.596 2657.558
3393.542 2499.550
3662.558 2187.591
3402.615 2136.446
3444.609 2562.409
3592.621 2445.691
3271.799 2167.304
3394.646 2582.815
3410.560 2355.522
3357.826 2144.917
3478.231 2622.554
3225.750 2293.567
3278.954 2146.668
3310.878 2167.338
3507.780 2387.217
3251.635 2359.493
3591.660 2365.711
3518.335 2560.557
3633.651 2293.595
3408.470 2282.365
3294.616 2456.601
3644.463 2608.339
3275.977 2397.978
3341.238 2288.861
3682.095 2167.604
3340.708 2295.125
3367.089 2426.999
3344.409 2351.001
3607.135 2494.400
3279.354 2587.496
3597.481 2218.434
3700.025 2297.251
3432.107 2605.231
3527.485 2480.034
3280.932 2106.104
3747.619 2313.076
3335.887 2205.371
3437.473 2342.878
3727.059 2304.966
3720.538 2605.356
3258.627 2229.408
3285.801 2644.638
3736.460 2133.775
3477.721 2226.561
3337.910 2431.002
3397.307 2325.994
3281.058 2436.284
3433.827 2445.577
3438.405 2511.640
3621.966 2302.174
3472.026 2296.144
3626.244 2139.189
3642.716 2398.817
3252.000 2223.776
3674.388 2208.528
3590.034 2112.665
3328.697 2429.928
3684.466 2355.403
3324.629 2167.182
3217.555 2620.844
3669.116 2460.623
3290.857 2599.142
3680.879 2475.308
3413.153 2493.766
3604.097 2391.560
3578.886 2313.378
3757.193 2648.847
3770.278 2337.242
3641.171 2515.076
3233.602 2375.534
3530.125 2596.074
3409.917 2366.949
3306.897 2496.192
3620.416 2260.917
3384.198 2149.168
3663.629 2303.998
3497.903 2157.706
3257.808 2185.334
3724.443 2261.983
3604.045 2485.084
3650.013 2357.811
3484.538 2648.761
3512.272 2513.973
3269.690 2525.900
3588.746 2415.991
3630.758 2658.365
3383.888 2498.361
3329.344 2166.500
3402.140 2393.220
3285.418 2561.303
3337.729 2454.218
3256.642 2456.182
3375.829 2605.275
3724.836 2320.713
3300.589 2254.244
3697.124 2128.557
3553.534 2481.262
3261.988 2418.434
3538.560 2322.420
3344.445 2338.819
3285.347 2658.249
3697.622 2183.203
3552.373 2189.308
3726.349 2149.622
3483.499 2504.415
3745.504 2436.158
3760.536 2178.842
3477.999 2191.809
3602.627 2482.406
3500.520 2530.631
3334.248 2358.560
3663.073 2419.851
3512.756 2456.678
3345.181 2191.503
3246.886 2376.499
3423.241 2135.179
3730.893 2541.106
3621.218 2469.204
3295.335 2231.322
3568.884 2545.990
3423.254 2490.548
3380.596 2196.707
3331.397 2489.374
3620.849 2291.484
3643.815 2609.144
3499.843 2492.039
3319.823 2447.918
3730.400 2113.600
3369.621 2187.694
3310.110 2121.722
3255.466 2311.284
3435.736 2447.358
3528.083 2649.061
3608.067 2417.362
3300.312 2578.092
3301.194 2600.653
3762.834 2544.714
3651.620 2286.010
3478.782 2341.780
3241.841 2238.551
3721.430 2443.586
3724.300 2652.616
3658.274 2557.302
3471.078 2376.190
3725.162 2629.797
3686.873 2153.561
3387.702 2400.055
3624.815 2488.825
3671.670 2243.368
3474.966 2492.364
3450.156 2370.583
3586.637 2236.012
3470.810 2611.784
3451.173 2621.730
3387.996 2644.902
3248.122 2459.663
3762.369 2522.077
3222.010 2601.670
3501.203 2400.635
3410.923 2412.656
3238.267 2533.668
3329.960 2569.620
3410.519 2227.123
3331.737 2274.459
3562.077 2256.512
3351.023 2572.325
3592.538 2226.520
3424.343 2440.453
3496.725 2222.394
3698.238 2387.799
3570.668 2302.029
3241.043 2115.189
3371.655 2178.614
3592.148 2233.022
3250.744 2605.707
3348.720 2235.002
3730.523 2611.568
3454.252 2335.955
3410.079 2165.852
3736.209 2357.935
3392.986 2486.943
3357.299 2309.672
3663.263 2637.456
3376.557 2273.492
3325.355 2330.581
3585.044 2480.029
3382.416 2648.264
3327.687 2634.403
3557.399 2232.416
3464.623 2366.097
3240.012 2347.942
3727.460 2261.617
3306.758 2327.314
3215.902 2502.862
3594.407 2478.105
3529.164 2169.483
3428.715 2335.043
3747.265 2553.195
3324.793 2161.152
3559.176 2643.158
3654.850 2576.027
3742.496 2393.863
3605.530 2551.374
3639.628 2361.800
3243.680 2204.147
3559.040 2416.309
3554.041 2622.016
3738.919 2588.562
3603.677 2581.868
3290.821 2385.554
3484.837 2352.873
3234.743 2202.849
3506.676 2361.934
3534.289 2135.959
3454.295 2444.413
3433.114 2307.644
3272.720 2548.740
3374.151 2333.229
3728.939 2402.156
3313.693 2445.423
3422.118 2112.050
3409.951 2593.378
3717.348 2269.175
3516.566 2383.744
3336.112 2408.539
3680.039 2309.491
3705.636 2614.507
3531.413 2628.653
3697.219 2161.551
3506.440 2411.966
3305.997 2165.531
3226.148 2199.632
3229.939 2186.534
3468.854 2116.491
3415.431 2451.486
3355.864 2488.153
3368.547 2458.243
3734.813 2127.215
3703.195 2202.066
3626.422 2171.028
3765.335 2127.436
3436.257 2246.526
3530.485 2322.264
3217.366 2448.652
3669.213 2143.100
3402.231 2265.498
3695.783 2300.217
3505.280 2321.157
3262.887 2432.971
3274.858 2576.501
3580.878 2160.117
3600.664 2652.373
3740.752 2301.377
3338.448 2319.498
3439.305 2147.366
3663.922 2233.879
3628.228 2617.812
3671.512 2129.816
3296.002 2593.903
3306.492 2261.417
3609.946 2643.854
3417.274 2215.844
3313.292 2338.343
3485.910 2512.758
3689.788 2124.529
3506.782 2225.799
3545.801 2484.045
3284.487 2208.266
3336.194 2196.558
3455.261 2332.954
3710.964 2490.379
3762.716 2401.753
3219.557 2235.869
3460.712 2617.985
3616.736 2359.330
3524.932 2245.673
3448.114 2624.714
3271.066 2565.106
3384.389 2210.946
3478.802 2619.985
3571.033 2314.682
3479.671 2316.371
3306.529 2469.548
3620.834 2336.020
3521.719 2553.446
3618.741 2391.348
3398.646 2565.899
3411.100 2128.139
3323.128 2158.616
3720.590 2574.088
3634.792 2530.083
3730.764 2276.158
3292.226 2502.490
3485.637 2578.904
3314.035 2631.150
3614.303 2461.211
3301.536 2376.347
3603.972 2121.695
3239.101 2510.403
3323.490 2251.536
3718.721 2529.657
3526.803 2526.645
3229.779 2124.414
3231.904 2599.726
3466.293 2141.965
3716.654 2186.126
3646.138 2167.459
3420.935 2135.667
3606.640 2123.780
3336.912 2117.213
3732.902 2496.802
3722.086 2125.945
3258.941 2504.023
3548.411 2340.137
3445.885 2464.989
3233.937 2128.638
3366.719 2639.273
3318.267 2366.115
3416.375 2582.652
3608.962 2443.008
3563.049 2390.739
3409.723 2528.443
3740.377 2497.800
3620.532 2224.044
3313.577 2261.743
3698.317 2406.101
3233.357 2116.733
3223.436 2475.108
3431.166 2283.673
3504.886 2112.280
3280.128 2280.863
3707.497 2464.092
3653.574 2331.593
3302.936 2250.545
3565.925 2593.341
3532.683 2433.940
3392.085 2234.789
3664.557 2346.449
3626.306 2261.870
3296.052 2478.146
3443.739 2198.528
3563.694 2567.596
3542.424 2471.150
3670.860 2395.229
3394.827 2452.952
3534.974 2261.443
3392.669 2274.370
3624.406 2630.504
3294.957 2494.373
3560.146 2402.458
3353.065 2440.193
3452.897 2653.393
3255.241 2566.135
3451.153 2139.480
3509.410 2178.980
3753.902 2441.496
3758.961 2463.986
3417.779 2618.640
3638.308 2464.520
3227.843 2241.663
3470.686 2203.008
3564.421 2347.458
3707.098 2488.320
3690.658 2337.671
3646.693 2461.731
3304.647 2420.517
3318.220 2216.910
3694.201 2265.601
3658.851 2470.233
3443.900 2219.532
3770.110 2200.808
3314.481 2244.316
3472.678 2653.221
3535.131 2425.174
3615.687 2645.685
3272.296 2274.540
3756.109 2574.145
3390.748 2602.805
3327.611 2461.050
3532.863 2620.071
3475.276 2586.766
3610.059 2457.464
3381.939 2293.875
3748.813 2582.059
3667.433 2152.962
3710.187 2154.695
3629.782 2217.102
3564.431 2403.120
3439.866 2592.686
3690.779 2330.666
3371.139 2333.678
3380.116 2148.437
3487.015 2544.822
3369.516 2389.263
3261.929 2238.458
3260.143 2248.437
3458.914 2321.195
3757.752 2358.556
3617.923 2593.364
3713.912 2544.137
3373.883 2338.435
3296.888 2457.419
3638.270 2123.905
3590.932 2301.849
3586.819 2121.787
3679.119 2332.648
3717.691 2165.737
3295.753 2283.958
3336.941 2537.838
3332.706 2281.061
3682.533 2143.704
3562.889 2320.810
3336.362 2351.762
3564.515 2219.400
3628.801 2399.150
3405.929 2155.203
3529.846 2406.979
3274.530 2591.889
3308.313 2591.351
3272.666 2569.386
3635.080 2112.614
3740.983 2184.426
3221.099 2183.099
3331.847 2139.795
3330.655 2477.073
3567.742 2180.516
3435.719 2223.497
3704.132 2234.322
3760.258 2339.711
3449.696 2299.269
3479.760 2152.618
3699.173 2288.487
3424.866 2305.277
3265.963 2147.565
3432.337 2383.043
3648.373 2210.208
3604.223 2528.028
3513.151 2558.357
3753.162 2298.307
3604.334 2335.410
3729.453 2418.061
3694.102 2144.651
3381.324 2476.130
3597.931 2437.730
3694.256 2577.732
3737.316 2202.003
3327.883 2395.246
3613.618 2450.851
3354.406 2281.419
3658.792 2221.588
3731.267 2491.764
3330.619 2261.688
3443.913 2547.921
3252.667 2441.059
3482.202 2214.445
3667.567 2132.493
3221.298 2422.302
3580.316 2129.240
3654.873 2332.562
3591.453 2374.337
3691.045 2452.821
3496.596 2232.343
3319.453 2502.983
3455.891 2193.187
3544.715 2442.360
3533.542 2479.945
3693.465 2564.312
3539.208 2409.200
3385.702 2569.569
3504.751 2151.131
3621.203 2478.429
3553.270 2317.536
3646.573 2495.704
3339.112 2647.926
3371.944 2470.650
3248.893 2331.855
3484.557 2542.717
3536.372 2394.964
3689.839 2314.410
3403.020 2308.627
3733.205 2591.372
3711.066 2606.880
3629.758 2555.698
3333.242 2304.221
3717.796 2633.634
3249.472 2364.340
3681.693 2236.851
3436.894 2604.406
3431.759 2199.852
3709.047 2287.003
3387.766 2307.831
3667.860 2631.894
3728.613 2488.966
3227.721 2204.246
3558.806 2421.783
3690.683 2444.713
3389.001 2413.705
3399.588 2139.263
3636.405 2254.708
3608.651 2634.769
3718.279 2184.053
3342.529 2510.594
3680.216 2351.053
3267.514 2205.687
3503.774 2596.635
3444.069 2488.448
3758.427 2398.028
3467.173 2146.457
3449.830 2165.779
3675.157 2527.976
3376.267 2510.516
3557.538 2250.746
3346.106 2440.888
3423.714 2152.004
3724.411 2442.820
3575.853 2293.548
3767.516 2112.675
3289.321 2138.472
3364.365 2303.434
3272.011 2485.302
3401.289 2136.233
3393.926 2540.157
3559.561 2127.367
3474.913 2190.970
3236.792 2232.014
3576.678 2479.719
3720.492 2299.620
3592.405 2107.685
3345.267 2594.436
3451.826 2258.027
3340.676 2584.343
3722.210 2294.741
3234.282 2604.090
3606.768 2145.914
3568.407 2588.690
3350.760 2393.847
3417.832 2227.033
3681.944 2117.700
3424.300 2382.010
3261.537 2326.333
3339.393 2259.138
3305.826 2128.275
3592.965 2636.993
3389.415 2556.980
3294.308 2542.741
3523.445 2140.082
3676.125 2214.283
3764.534 2366.031
3238.995 2251.821
3356.363 2190.323
3447.991 2204.367
3578.823 2377.884
3482.774 2359.346
3241.916 2165.740
3651.415 2380.483
3456.892 2338.869
3513.336 2470.106
3583.645 2546.462
3695.379 2232.159
3394.662 2528.406
3690.175 2334.200
3618.789 2370.384
3725.292 2179.308
3221.345 2227.866
3760.713 2270.207
3729.131 2265.284
3554.441 2630.188
3682.410 2648.436
3468.602 2594.637
3297.205 2287.937
3755.702 2186.848
3737.528 2450.652
3341.739 2487.556
3337.796 2418.035
3667.035 2278.810
3476.570 2128.097
3439.158 2447.407
3256.791 2450.561
3598.784 2285.291
3293.181 2137.294
3499.336 2425.529
3389.064 2652.485
3667.722 2152.832
3252.929 2489.198
3526.258 2243.310
3684.969 2446.908
3301.737 2318.615
3529.294 2653.285
3407.185 2134.779
3662.052 2444.181
3306.492 2238.968
3727.166 2348.443
3415.778 2202.208
3484.567 2212.865
3586.499 2207.662
3237.922 2108.503
3454.119 2106.540
3216.479 2426.758
3517.742 2155.911
3619.103 2417.704
3309.665 2287.589
3569.219 2276.995
3659.841 2387.310
3596.975 2493.989
3384.307 2254.000
3727.139 2414.555
3349.604 2549.140
3762.719 2629.329
3272.819 2603.325
3605.916 2427.730
3564.055 2398.830
3712.613 2573.628
3422.057 2390.675
3219.851 2334.171
3531.262 2382.572
3520.839 2620.235
3368.943 2332.781
3513.930 2429.344
3560.912 2457.513
3603.387 2559.944
3293.540 2294.865
3490.477 2228.801
3691.525 2367.918
3365.754 2534.375
3743.935 2258.922
3546.256 2211.915
3731.934 2645.098
3473.110 2270.206
3429.591 2447.043
3547.629 2272.039
3563.933 2595.842
3582.774 2432.020
3225.795 2405.863
3546.002 2397.786
3469.853 2413.615
3470.011 2417.125
3564.750 2318.158
3595.501 2135.540
3670.919 2189.908
3570.609 2561.717
3527.855 2204.467
3517.920 2524.631
3742.963 2389.440
3323.216 2246.888
3344.054 2123.471
3670.305 2111.055
3682.079 2617.364
3599.454 2133.103
3630.647 2406.979
3736.802 2497.169
3639.884 2316.722
3524.335 2321.777
3244.126 2247.721
3232.776 2270.482
3506.583 2314.874
3371.791 2410.170
3651.763 2296.529
3551.690 2516.611
3748.367 2561.767
3567.325 2551.347
3351.381 2572.458
3693.533 2188.468
3487.920 2154.333
3651.474 2588.328
3275.618 2489.535
3647.832 2304.173
3239.840 2574.381
3599.770 2404.518
3444.515 2380.395
3356.400 2573.184
3513.380 2642.638
3287.997 2598.785
3648.853 2601.276
3565.005 2461.557
3229.628 2229.216
3367.991 2350.602
3217.883 2457.925
3730.354 2655.787
3289.061 2565.396
3252.989 2392.261
3396.419 2227.897
3242.133 2292.003
3473.554 2628.988
3607.548 2445.583
3726.308 2235.178
3665.201 2233.972
3638.885 2509.517
3604.561 2385.349
3673.452 2166.751
3413.900 2615.860
3656.692 2362.404
3693.949 2307.461
3468.778 2296.910
3523.068 2216.468
2551.970 3282.544
2889.403 3321.930
3005.925 3551.340
2793.558 3521.954
2865.044 3364.452
2719.368 3265.389
2698.142 3444.383
2616.000 3217.710
2561.146 3392.494
2639.003 3292.647
2750.148 3610.256
2484.117 3309.085
2587.268 3221.091
2747.558 3437.198
2780.773 3312.788
2917.693 3621.319
2884.186 3365.139
2937.156 3597.417
2819.320 3677.407
2605.213 3672.307
2992.413 3305.933
2572.893 3486.650
3007.237 3328.248
2465.188 3220.265
2908.116 3620.762
2501.769 3447.468
2602.952 3693.406
2713.703 3702.766
2956.260 3576.786
2742.746 3308.127
2557.875 3549.270
2800.515 3272.139
2649.492 3338.900
2482.252 3495.416
2996.919 3567.817
2552.165 3615.856
2584.963 3694.106
2493.706 3334.871
2686.443 3471.227
2779.623 3321.948
2854.879 3496.864
2629.476 3608.542
2639.476 3272.888
2729.621 3223.053
2716.423 3581.969
2721.730 3739.546
2671.842 3203.759
2746.537 3524.560
2637.916 3351.581
2947.899 3251.034
3001.170 3608.128
2711.709 3276.950
2489.976 3563.032
2863.711 3492.909
2688.057 3333.462
2975.490 3748.765
3005.063 3741.197
2553.398 3464.853
2662.939 3430.347
2994.689 3447.758
2687.800 3311.292
2710.469 3283.641
2967.918 3347.091
2739.544 3257.222
2758.991 3479.449
2534.956 3728.935
2674.729 3283.312
2587.866 3557.336
2978.243 3210.716
2696.571 3740.216
2735.321 3216.492
2919.031 3644.781
3010.487 3253.074
2795.021 3283.887
2638.595 3741.363
2506.898 3205.850
2940.301 3211.832
2752.103 3595.661
2640.901 3437.631
3009.964 3711.087
2769.942 3298.083
2875.759 3577.847
2594.087 3443.567
2701.001 3650.724
2834.829 3748.914
2608.389 3446.148
2920.400 3199.946
2717.125 3730.287
2963.055 3297.783
2616.597 3347.771
2606.878 3397.171
2503.949 3620.748
2907.600 3229.679
2666.586 3685.071
2724.004 3490.183
2543.218 3656.828
2797.176 3387.258
2692.370 3356.110
2723.168 3455.523
2703.475 3390.448
2792.452 3552.016
2887.205 3347.589
2854.645 3268.580
2556.964 3575.409
2998.695 3278.431
2827.892 3353.716
2541.034 3667.495
2988.229 3633.275
2775.993 3283.075
2517.737 3311.914
2631.304 3440.962
2506.346 3242.754
3002.690 3283.215
2611.799 3494.512
2850.751 3297.615
2895.350 3444.614
2471.536 3410.863
2656.996 3568.866
2826.877 3711.474
2753.897 3704.869
2632.602 3230.899
2950.397 3449.829
2952.091 3406.459
2827.729 3347.178
2881.784 3305.381
2944.731 3636.927
2684.409 3357.204
2696.458 3346.263
2958.437 3598.404
2628.490 3450.545
2768.201 3355.570
2781.132 3505.806
2490.443 3668.902
2483.792 3419.266
2982.860 3222.568
2850.712 3392.104
2853.259 3533.989
2597.615 3216.291
2616.697 3668.183
2931.001 3555.441
2740.048 3271.857
2978.428 3408.259
2569.443 3327.844
2747.926 3624.767
2475.217 3205.331
2534.577 3474.246
2747.323 3586.928
2562.225 3540.460
3013.863 3310.407
2637.677 3389.422
2881.815 3696.690
2683.651 3209.913
2486.049 3341.066
2866.679 3241.379
2678.071 3361.043
2667.434 3538.017
2509.087 3740.197
2812.406 3330.874
2792.387 3707.780
2743.856 3611.951
2482.475 3309.911
2942.447 3409.800
2674.698 3237.384
2793.679 3314.867
2472.601 3711.122
2666.356 3724.304
2722.110 3603.703
3006.684 3213.678
2694.140 3686.106
2806.746 3459.946
2875.780 3362.900
2981.035 3669.957
2655.132 3705.357
2795.783 3205.665
2959.999 3648.563
2681.779 3564.910
2658.117 3489.569
2620.348 3262.485
2943.005 3429.368
3002.066 3493.251
2664.148 3235.182
2480.643 3576.259
2912.357 3195.174
2864.276 3235.846
2908.361 3286.058
2954.199 3621.550
2825.571 3463.870
2540.730 3427.056
3009.829 3555.781
2733.993 3258.841
2721.733 3390.461
2661.016 3418.408
2915.679 3724.891
2510.570 3691.139
3003.830 3196.111
2593.394 3451.967
2900.630 3291.471
2986.420 3441.573
2603.284 3684.654
2594.923 3688.951
2906.670 3649.539
2487.418 3430.400
2639.573 3509.671
2938.624 3255.769
2597.539 3695.953
2558.695 3367.245
2698.524 3679.458
2849.170 3209.166
2814.962 3502.248
2602.114 3203.162
2479.469 3382.271
2540.597 3586.632
2962.572 3321.151
2467.989 3350.940
2994.088 3291.643
2561.995 3582.983
2775.697 3348.747
2698.518 3725.117
2571.874 3429.630
2957.017 3364.490
2523.916 3477.885
2976.153 3568.476
2908.070 3281.166
2725.534 3561.675
2500.382 3360.818
2840.714 3231.928
2946.611 3290.554
2639.813 3474.183
2594.365 3579.699
2820.966 3727.208
2585.748 3646.501
2847.702 3645.482
2760.335 3268.008
2504.086 3424.860
3003.275 3263.236
2474.116 3533.448
2997.024 3347.470
2680.054 3680.609
2635.540 3346.725
2808.437 3659.482
2797.537 3637.374
2879.054 3659.044
2621.543 3605.645
2717.729 3326.933
2654.615 3490.141
2897.821 3607.183
2858.450 3274.035
2854.088 3276.657
2937.525 3305.508
2670.757 3748.778
2934.141 3653.263
2685.497 3588.292
2551.095 3405.454
2626.633 3219.046
2949.284 3366.713
2677.581 3486.868
2593.060 3350.920
2696.500 3676.145
2735.468 3747.418
2824.742 3252.217
2757.020 3314.589
2676.257 3662.293
2502.350 3498.910
2508.704 3566.795
2633.751 3426.778
2638.324 3482.985
2707.048 3592.927
2872.904 3386.168
2561.980 3500.332
2840.219 3709.781
3004.784 3685.305
2947.422 3645.026
2775.790 3441.770
2912.078 3444.457
2926.655 3301.217
2793.207 3732.622
2624.161 3446.731
2817.360 3209.024
2718.323 3466.575
2905.659 3248.142
2924.110 3342.947
2577.237 3428.684
2798.541 3366.500
2833.237 3638.608
2978.331 3602.239
2608.255 3291.853
2583.025 3311.009
2792.305 3202.201
2691.823 3465.610
2770.025 3374.916
2625.699 3227.251
2642.488 3263.552
2871.106 3602.715
2464.244 3570.978
2690.355 3352.815
2843.656 3380.739
2760.305 3433.001
2531.091 3334.655
2927.133 3239.407
2719.454 3635.572
2493.562 3550.328
2533.219 3471.632
2930.466 3320.744
2956.420 3585.590
3015.857 3510.145
3010.912 3432.433
2783.418 3319.306
2765.886 3441.211
2631.303 3575.758
2839.571 3331.892
2547.854 3443.782
2598.375 3514.499
2947.006 3535.955
2968.854 3542.411
3008.723 3272.929
2815.599 3595.696
3003.445 3205.522
2900.474 3421.471
2474.247 3642.704
2959.290 3735.072
2492.844 3595.253
2923.650 3420.932
2630.733 3320.963
2617.929 3517.936
2527.509 3206.716
2503.942 3193.638
2772.188 3355.850
2717.746 3276.645
3011.934 3741.719
2745.904 3491.701
2780.516 3696.277
2792.003 3573.453
2632.256 3399.758
2955.970 3731.251
2556.793 3387.599
2942.903 3660.580
2511.388 3373.725
2832.899 3406.275
2913.639 3492.425
2573.650 3289.072
2602.675 3248.398
2522.828 3196.092
2509.670 3683.507
2958.598 3296.620
2491.692 3586.089
2973.858 3691.586
2563.003 3533.499
2960.852 3532.041
2553.189 3741.286
2924.817 3653.698
2516.538 3287.642
2611.006 3496.719
2760.383 3261.065
2916.369 3361.189
2703.777 3195.787
2516.317 3524.850
2498.144 3675.715
2707.131 3603.531
2943.833 3329.987
2589.866 3504.693
2534.935 3515.467
2976.628 3491.289
2985.910 3421.278
2519.114 3645.774
2695.357 3623.563
2488.733 3504.554
2646.307 3670.980
2954.284 3257.097
2992.776 3469.169
2467.630 3333.251
2699.529 3701.592
2828.198 3308.378
2590.187 3748.809
2684.835 3339.873
2788.268 3264.060
2980.591 3305.362
2678.535 3216.501
2821.349 3517.558
2836.400 3350.393
2542.224 3342.542
2883.916 3351.236
2878.926 3659.582
2957.570 3669.281
2608.783 3582.186
2968.828 3488.358
2838.689 3638.706
2656.680 3330.001
2658.478 3725.840
2587.425 3690.300
2583.883 3471.394
2814.707 3392.501
2553.611 3347.406
2493.846 3438.285
2557.169 3268.066
2852.298 3270.195
2708.562 3682.073
2787.970 3217.541
2751.518 3519.902
2878.971 3372.616
2496.390 3629.314
2730.663 3680.760
2797.764 3465.878
3010.754 3587.971
2461.261 3471.352
2935.750 3548.994
2616.165 3638.135
2963.285 3256.029
2653.080 3607.986
2526.042 3661.084
3002.253 3663.260
2522.341 3349.614
2785.430 3628.517
2494.031 3219.484
2991.598 3255.372
2821.978 3360.900
2740.653 3305.623
2776.534 3599.688
2506.964 3672.624
2936.019 3578.515
2944.129 3330.438
2483.559 3317.426
2655.279 3746.000
2575.000 3530.350
2627.598 3610.303
2832.826 3229.199
2945.275 3290.371
2494.766 3335.183
2579.444 3202.795
2616.412 3484.086
2765.067 3254.211
2487.524 3234.522
2887.829 3326.692
2468.952 3694.404
2835.607 3529.415
2578.524 3684.184
2566.195 3679.523
2649.539 3428.311
2796.766 3457.250
2910.225 3675.878
2876.274 3546.426
3008.512 3501.012
2532.257 3554.286
2892.926 3622.767
2921.885 3230.372
2569.123 3624.584
3002.077 3316.450
2955.823 3614.158
2734.493 3334.618
2616.928 3580.829
2858.705 3430.847
2668.975 3495.229
2561.349 3565.415
2471.536 3720.743
2558.039 3246.497
2963.211 3443.318
2827.325 3466.887
2914.457 3393.043
2493.976 3284.457
2621.823 3709.896
2743.617 3640.415
2647.402 3731.437
2530.814 3406.631
2871.355 3453.231
2547.455 3294.790
2495.170 3327.904
2916.566 3504.975
2626.848 3554.747
2727.689 3745.935
2500.124 3309.096
2756.639 3506.894
2811.188 3485.999
2972.560 3374.583
2739.953 3383.944
2534.040 3436.271
2633.291 3711.974
2871.494 3603.687
2679.543 3315.577
2782.902 3547.156
2739.632 3589.534
2680.859 3599.741
2898.356 3593.464
2703.583 3329.068
2941.967 3513.262
3006.303 3387.614
2683.323 3372.577
2633.748 3379.740
2598.133 3315.929
2735.930 3503.278
2939.570 3628.999
2567.651 3625.986
2899.604 3735.744
2957.030 3462.885
2465.509 3730.686
2815.172 3362.752
2549.188 3669.496
2970.461 3663.789
2567.464 3641.682
2506.992 3423.069
2465.127 3281.288
2806.757 3434.467
2959.716 3372.896
2742.671 3536.263
2846.299 3317.853
3005.004 3650.428
2994.802 3208.444
2484.097 3644.302
2940.129 3525.669
2839.932 3515.491
2808.913 3597.986
2933.044 3411.604
2678.780 3352.105
2590.223 3692.426
2893.292 3692.701
2738.471 3309.127
2832.784 3485.831
2771.819 3608.319
2786.555 3506.684
2820.298 3654.454
2479.467 3454.170
2962.983 3748.670
2817.598 3446.965
2535.774 3366.387
2643.434 3486.454
2835.280 3530.398
2543.824 3249.748
2556.737 3371.394
2489.459 3443.784
2492.036 3382.885
2481.027 3700.150
2677.346 3516.834
2714.235 3462.278
2989.217 3618.541
2577.975 3197.789
2644.012 3347.954
2993.835 3505.896
2494.118 3663.394
2908.048 3564.086
2667.495 3718.395
2840.635 3386.858
2572.924 3645.842
2734.398 3215.718
2560.257 3197.073
2572.891 3618.907
2877.650 3465.723
2935.954 3254.530
2767.074 3411.959
2477.856 3396.107
2745.451 3708.102
2990.177 3247.979
2568.764 3419.876
2498.868 3706.859
2981.741 3501.540
2591.211 3380.695
2502.028 3264.868
2897.867 3243.519
2558.839 3259.206
2541.811 3633.512
2966.147 3479.453
2766.099 3450.114
2702.001 3651.467
2466.146 3341.949
2984.131 3399.991
2991.835 3454.238
2716.895 3625.624
2524.695 3565.197
2881.747 3705.903
2645.784 3580.591
3007.717 3245.344
2515.439 3506.377
2507.198 3578.476
2491.497 3476.154
2673.019 3675.907
3006.450 3196.130
2640.963 3693.238
2922.138 3744.114
2723.788 3651.945
2720.412 3285.255
2912.611 3324.321
2673.591 3458.453
2580.774 3728.586
2819.927 3310.212
2976.430 3208.038
2838.825 3486.769
2961.681 3558.225
2478.880 3616.576
2682.953 3211.408
2832.748 3245.505
3004.185 3633.363
2536.626 3291.148
2837.929 3291.302
2578.193 3534.219
2785.332 3245.141
2742.588 3332.965
2914.194 3336.185
2753.253 3469.415
2977.672 3544.435
2926.161 3601.172
2796.448 3737.514
2685.990 3297.244
2632.425 3218.441
2891.438 3640.542
2781.732 3448.738
2889.351 3317.011
2915.319 3373.304
2480.757 3317.596
2492.019 3559.666
2917.710 3670.175
2473.199 3552.428
2771.996 3341.639
2799.195 3699.511
2998.734 3640.758
2705.795 3502.343
2904.631 3634.007
2569.392 3300.030
2821.345 3638.885
2709.802 3299.187
2833.451 3663.986
2686.017 3270.378
2762.688 3613.086
2850.564 3501.082
2734.498 3401.410
2928.865 3727.495
2664.174 3500.721
2744.176 3398.949
2631.318 3528.981
3010.016 3322.133
2941.453 3572.455
2821.020 3700.788
2722.302 3450.342
2726.266 3352.868
2525.546 3411.143
2892.059 3391.563
2948.539 3319.823
2856.233 3563.740
2959.579 3732.729
2953.240 3284.811
2872.000 3607.638
2680.562 3692.564
2462.777 3509.366
2761.425 3452.179
2570.445 3451.486
2560.015 3428.234
2601.424 3396.044
2705.800 3415.652
2519.007 3473.058
2973.720 3687.229
2993.624 3241.272
2782.790 3675.570
2680.141 3577.863
2681.129 3532.249
2576.522 3464.709
2726.286 3720.216
2817.970 3290.924
2754.449 3412.274
2991.774 3460.161
2739.091 3306.032
2543.125 3577.707
2573.292 3709.700
3006.914 3303.591
2635.931 3558.520
2638.189 3505.709
2800.872 3568.961
2851.922 3433.943
2760.331 3400.693
2697.942 3253.941
2914.921 3554.301
2559.502 3223.315
2871.331 3508.682
2710.375 3336.943
2653.695 3725.749
2996.107 3429.269
2796.558 3278.418
2739.509 3457.489
2705.158 3237.322
2777.759 3547.952
2607.538 3684.193
2568.449 3562.222
2760.802 3314.676
2600.940 3483.848
2909.454 3356.283
2846.210 3735.667
2829.081 3679.226
3006.450 3434.405
2807.060 3664.416
2969.030 3481.595
2711.839 3326.223
2764.428 3231.313
2480.080 3350.659
2758.853 3488.198
2910.262 3206.343
2815.999 3369.959
2704.121 3481.104
2464.941 3232.845
2622.975 3474.209
2792.978 3483.999
2781.390 3525.081
2796.690 3457.131
2846.936 3537.906
2851.677 3368.178
2821.741 3497.887
2645.948 3501.108
2930.494 3512.839
2832.762 3477.283
2693.240 3606.049
2622.832 3356.128
2997.413 3249.088
2730.698 3347.491
2831.007 3268.439
2568.089 3202.296
2952.158 3389.524
2707.745 3707.150
2654.648 3748.144
2814.651 3198.286
2524.802 3439.947
2648.732 3531.424
2643.045 3557.569
2638.424 3417.059
2510.761 3624.636
2714.109 3366.581
2759.751 3588.722
2558.015 3673.061
2746.693 3385.120
2992.946 3534.643
2917.518 3229.233
2554.409 3493.850
2654.299 3225.062
2987.199 3219.188
2889.972 3585.719
2892.529 3276.949
2589.306 3603.331
2857.051 3742.450
2731.396 3205.485
2818.669 3520.695
2689.049 3539.733
2986.448 3399.523
2901.633 3480.378
2934.887 3561.664
2622.578 3610.532
2784.027 3629.485
2991.642 3398.057
2636.108 3693.789
2469.219 3451.511
2625.180 3342.860
2541.987 3408.120
2828.623 3251.540
2975.142 3374.894
2841.145 3407.544
2774.912 3518.058
2555.705 3515.337
2490.014 3633.693
2600.785 3526.644
2499.189 3485.073
2880.003 3301.775
2932.457 3404.237
2922.513 3319.604
2793.261 3418.273
2894.921 3222.314
2966.375 3507.033
2996.326 3589.415
2994.724 3626.929
2576.691 3363.984
2461.154 3451.612
2681.504 3204.924
2514.102 3202.377
2753.101 3728.957
2493.763 3245.377
2693.289 3636.376
2586.213 3711.822
2477.372 3287.992
2623.561 3414.884
2935.859 3680.134
2654.157 3407.792
2886.911 3558.321
2587.494 3369.753
2507.630 3223.096
2630.073 3615.193
2469.277 3630.725
2469.174 3665.373
2589.505 3424.390
2589.363 3333.303
2865.353 3624.022
2605.615 3692.175
2833.169 3732.796
2726.064 3262.731
3014.748 3736.307
2774.622 3387.647
2576.504 3267.959
2563.617 3530.641
2990.598 3338.275
2463.358 3325.935
2743.702 3209.153
2820.260 3498.933
2656.881 3719.823
2914.928 3270.246
2571.361 3357.062
2824.569 3397.329
2959.395 3266.027
2662.305 3558.868
2735.666 3733.088
2681.207 3649.629
2504.411 3543.828
2783.078 3316.354
2696.945 3311.847
2769.645 3541.692
2997.915 3480.900
2903.718 3691.077
2677.346 3687.903
2746.454 3335.783
2555.782 3320.519
2879.550 3367.091
2756.553 3243.201
2637.134 3607.757
2736.441 3746.252
2630.578 3373.588
2929.785 3657.440
2595.846 3469.957
2803.657 3426.769
2489.535 3689.766
2981.958 3697.857
2779.043 3237.693
2750.828 3606.048
2754.152 3265.798
2772.592 3301.927
2901.555 3686.897
2718.021 3375.764
2637.040 3324.146
2591.493 3694.202
2740.528 3325.209
2900.045 3718.330
2897.457 3529.510
2968.005 3589.277
2918.147 3692.968
2528.979 3490.769
2503.806 3377.041
2961.342 3705.396
2642.428 3728.944
2497.234 3536.635
2962.584 3193.831
2525.368 3392.720
2962.725 3427.262
2609.288 3514.139
2859.861 3316.929
3009.100 3439.945
2612.340 3739.354
2460.650 3303.388
2679.204 3461.999
2843.250 3569.107
2869.844 3231.285
2975.507 3720.647
2963.661 3603.904
2904.895 3347.310
2916.947 3241.070
2986.179 3342.679
2972.872 3743.319
2753.443 3415.868
2703.815 3557.815
2843.674 3260.035
2538.940 3363.143
2678.225 3205.703
2628.633 3556.804
2951.203 3417.918
2551.095 3378.889
2784.268 3734.201
2693.004 3394.209
2625.731 3295.905
2842.361 3629.644
2912.796 3734.088
2826.007 3529.771
2812.422 3303.816
2617.277 3216.415
2920.872 3628.174
2504.171 3520.136
2864.774 3703.681
2652.739 3677.676
2971.007 3489.183
2582.090 3255.857
2505.289 3283.645
2755.831 3531.618
2577.923 3577.282
2766.800 3584.005
2596.228 3323.171
2768.899 3638.043
2530.722 3583.786
2992.809 3565.462
2602.501 3708.872
2867.199 3622.629
2976.215 3311.498
2610.658 3738.023
2864.224 3731.463
2914.592 3520.435
2563.563 3211.908
2954.444 3552.852
2664.065 3345.800
2637.659 3280.347
2835.878 3195.630
3011.815 3557.090
2931.378 3459.643
2671.895 3311.284
2941.364 3738.827
3001.865 3552.604
2787.376 3386.870
2773.191 3384.951
2842.905 3237.022
2970.969 3480.517
2973.841 3444.462
2663.244 3225.140
2675.678 3738.085
2691.781 3660.630
2911.430 3661.639
2773.268 3382.806
3009.175 3198.029
2801.329 3452.820
2615.047 3659.322
2905.400 3659.647
2761.486 3538.716
2878.067 3207.370
2506.385 3717.391
2619.379 3212.275
2975.399 3606.785
2919.787 3277.580
2967.935 3227.501
2716.272 3629.579
3015.318 3543.573
2979.369 3250.299
2829.588 3553.777
2964.853 3606.688
2644.550 3693.773
2981.098 3453.847
2760.819 3421.903
2551.933 3287.289
2690.771 3338.448
2875.961 3298.540
2685.726 3446.366
2976.217 3257.194
2777.306 3427.467
2515.953 3645.847
2945.732 3458.280
2893.733 3643.364
2539.068 3498.220
2731.706 3642.542
2685.431 3431.011
3004.459 3481.859
2488.396 3732.226
2574.649 3739.534
2521.124 3674.785
2599.859 3407.314
2479.782 3579.194
2994.902 3466.790
2812.714 3319.455
2919.431 3594.990
2593.678 3725.117
2498.789 3461.456
2811.020 3389.034
2536.369 3343.466
2582.574 3388.707
2977.805 3465.446
2474.777 3693.418
2666.499 3334.086
2581.222 3333.569
2755.095 3432.502
2553.708 3289.211
2466.854 3605.795
2627.782 3252.489
2584.276 3674.344
2537.409 3445.622
2984.518 3668.360
2671.914 3492.761
2939.490 3686.098
2965.818 3304.100
2785.431 3277.903
3001.826 3349.301
2940.801 3253.546
2797.782 3528.645
2953.177 3745.557
2577.223 3416.343
2698.651 3424.784
2540.583 3457.720
2897.641 3631.600
2829.178 3498.123
2945.692 3336.466
2741.707 3359.040
2788.898 3695.798
2652.759 3471.278
2765.731 3378.973
2833.992 3358.625
2599.184 3453.731
2696.784 3534.962
2835.090 3612.307
2883.845 3306.931
2878.020 3741.972
2838.684 3626.415
2669.463 3543.362
2640.743 3569.929
2467.932 3200.413
2943.451 3742.115
2708.883 3726.251
2978.820 3200.123
2714.610 3397.782
2998.064 3508.792
2528.580 3307.748
2871.281 3313.356
2997.697 3388.564
2825.207 3533.679
2713.708 3600.477
2827.838 3374.594
3006.045 3269.958
2868.690 3392.962
2461.947 3307.971
2900.053 3511.785
2757.622 3587.000
2674.551 3387.350
2834.218 3553.727
2989.869 3465.602
2872.961 3430.465
2838.854 3300.947
2732.373 3689.185
2830.617 3338.856
2516.038 3264.271
2739.511 3236.113
2817.462 3530.116
2943.102 3480.947
2493.585 3634.583
2712.484 3682.253
2976.756 3258.443
2544.630 3371.433
2744.920 3404.796
2948.447 3222.431
2715.548 3629.109
2485.390 3493.021
2738.365 3704.487
2815.870 3558.048
2691.031 3516.178
2508.830 3296.275
2491.746 3333.501
2701.115 3451.170
3007.903 3273.281
2656.069 3628.071
2482.923 3202.440
2605.785 3746.059
2649.172 3232.654
2930.220 3735.147
2949.737 3564.649
3007.646 3346.326
2722.797 3205.994
2557.522 3231.852
2901.990 3428.822
2743.561 3712.704
2995.336 3708.457
2538.212 3689.485
2713.029 3708.936
2921.228 3647.243
2759.747 3559.937
2869.189 3288.647
2729.545 3580.039
2534.867 3246.774
2651.292 3522.511
2586.267 3509.687
2509.677 3569.977
2786.495 3278.378
2994.069 3538.723
2837.209 3696.262
2783.924 3346.123
2723.562 3560.916
2902.475 3674.687
2569.957 3577.676
2589.352 3267.418
2806.235 3542.665
2559.824 3404.797
2519.250 3575.075
2787.265 3679.585
2813.504 3472.186
2628.846 3496.935
2843.187 3659.395
2664.989 3247.225
2998.771 3525.076
2903.115 3526.723
2745.641 3406.420
2690.003 3206.073
2598.910 3239.715
2958.998 3531.323
2809.839 3551.499
2959.608 3226.734
2562.290 3675.866
2633.459 3412.994
2541.373 3379.938
2878.696 3574.505
2852.653 3324.007
2964.150 3318.417
2701.818 3362.100
2977.360 3398.472
2890.784 3353.008
2955.550 3200.571
2473.310 3314.056
2828.242 3744.095
2768.994 3354.041
2985.932 3462.129
2489.687 3656.471
2770.626 3426.509
2631.792 3251.478
2816.700 3555.030
2570.617 3279.969
3014.203 3198.480
2787.600 3492.200
2647.087 3323.913
2813.896 3264.827
2843.897 3254.516
2994.429 3506.919
2811.082 3721.757
2963.401 3301.752
2535.135 3452.813
2759.342 3452.120
2722.717 3693.967
2580.069 3302.338
2783.083 3256.246
2932.508 3458.237
2506.946 3254.392
2970.970 3392.645
2508.687 3241.079
2949.438 3382.150
2948.984 3511.562
2711.306 3745.757
2967.432 3681.992
2539.631 3413.006
2632.745 3486.882
2538.898 3581.224
2907.481 3603.333
3014.860 3634.037
2645.533 3624.678
2785.172 3390.652
2677.466 3629.261
2763.116 3578.095
2934.898 3381.571
2621.155 3388.167
2770.034 3274.046
2659.841 3712.060
2630.406 3576.124
2475.411 3205.625
2615.088 3449.834
2677.214 3206.870
2749.277 3747.705
2516.351 3561.222
2921.507 3317.480
2739.889 3489.676
2797.601 3371.132
2564.915 3454.672
2785.749 3370.945
2678.658 3577.082
2995.368 3363.401
2949.311 3478.382
2970.008 3359.839
2922.256 3374.141
2793.352 3731.108
2970.585 3618.630
2869.973 3215.865
2677.146 3718.468
2859.172 3364.681
2529.667 3647.616
2890.586 3617.056
2856.419 3439.868
2879.709 3529.064
2618.663 3678.614
2598.812 3536.305
2700.239 3272.112
2518.934 3421.051
2478.513 3705.870
2485.563 3349.003
2823.378 3543.487
2772.985 3280.808
2743.510 3478.030
2696.182 3716.482
2714.185 3668.943
2587.375 3593.699
2795.046 3680.651
2996.905 3559.953
2947.076 3328.695
2775.293 3609.386
2766.109 3282.430
2960.053 3562.359
2737.326 3243.587
2802.457 3506.934
2474.381 3244.749
2866.608 3421.878
2530.430 3619.033
2924.913 3656.301
2709.582 3270.830
2899.757 3387.377
2872.180 3282.125
2541.463 3368.857
2875.166 3341.119
2910.570 3397.472
2881.379 3414.339
2975.791 3556.595
2878.882 3517.861
2534.104 3387.137
2703.384 3193.937
2639.412 3630.962
2773.417 3601.943
3013.027 3436.547
2636.218 3518.689
2585.955 3212.688
2992.369 3551.197
2866.605 3355.874
2790.831 3612.295
3011.475 3352.209
2842.414 3357.798
2584.063 3714.576
2977.618 3348.839
3010.370 3384.578
2995.230 3510.838
2918.000 3219.490
2821.618 3646.926
2840.357 3258.383
2593.225 3196.317
2995.290 3462.148
2985.201 3355.202
2910.552 3363.081
2790.175 3321.112
2953.289 3673.213
2503.695 3720.054
2513.806 3260.893
2601.032 3544.941
2925.387 3222.173
2607.785 3469.735
2940.397 3626.513
2654.456 3617.722
2977.271 3483.408
2485.858 3225.077
2642.620 3325.280
2837.369 3346.381
2541.814 3748.394
2698.313 3413.754
2497.508 3691.483
2571.674 3262.174
2692.672 3452.840
2876.096 3683.230
2823.027 3703.180
2966.960 3509.287
2725.107 3630.846
2944.045 3295.174
2584.994 3586.658
2620.692 3545.169
2544.667 3412.224
2591.622 3510.247
2487.831 3700.115
2645.993 3580.145
2597.961 3656.198
2582.691 3417.689
2793.407 3201.563
2561.744 3497.830
2620.652 3371.158
2827.046 3545.156
2691.469 3225.111
2517.611 3268.989
2687.982 3389.380
2841.553 3541.174
2975.482 3418.429
2968.084 3479.885
2813.287 3690.110
2852.375 3538.995
2631.382 3534.146
2839.306 3479.250
2825.705 3314.570
2975.025 3320.904
2468.565 3381.916
2931.134 3422.939
2894.763 3433.928
2761.087 3648.915
2520.450 3625.719
2466.231 3441.938
2785.523 3318.195
2733.404 3260.674
2461.913 3211.652
2553.717 3746.482
3001.656 3378.759
3001.862 3278.463
2746.059 3458.482
2794.946 3565.705
2806.735 3592.675
2577.248 3368.980
3000.886 3371.361
2687.095 3283.358
2789.558 3533.024
2720.612 3245.074
2588.832 3600.006
2977.396 3720.762
2899.204 3421.187
2747.385 3453.474
2461.699 3421.314
2481.120 3601.486
2836.198 3428.821
2865.436 3548.834
2837.084 3582.349
3011.172 3376.406
2982.746 3674.867
2829.165 3631.447
2502.064 3648.145
2929.963 3244.595
2587.213 3706.796
2896.974 3717.716
2735.703 3206.560
2610.121 3454.585
2729.700 3276.900
2564.949 3250.106
3004.463 3544.270
2647.631 3447.509
3015.149 3393.814
2695.368 3488.526
2654.564 3277.321
2547.205 3269.910
2797.791 3346.669
2781.520 3545.827
2507.706 3362.162
2762.199 3442.885
2904.410 3376.236
2894.878 3587.431
2661.181 3612.660
2968.654 3288.760
2735.870 3230.770
2757.537 3399.808
2869.942 3603.356
2940.458 3683.140
2508.668 3614.573
2951.987 3219.683
2585.558 3383.176
2834.253 3447.812
2572.731 3354.194
2897.991 3610.141
2901.289 3654.591
2752.824 3289.625
2845.045 3419.953
2810.118 3194.823
2894.039 3542.124
2934.428 3337.378
2538.176 3477.346
2549.994 3596.131
2843.188 3207.039
2713.245 3333.180
2790.260 3662.460
2970.759 3718.188
2723.697 3638.340
2744.249 3557.415
2682.680 3557.187
2724.891 3420.486
2922.286 3553.602
2923.988 3357.078
2663.761 3344.871
2470.137 3429.450
2486.199 3232.933
2571.348 3571.901
2935.721 3644.778
2968.680 3653.946
2560.939 3500.871
2974.573 3271.004
2525.648 3447.887
2523.431 3524.881
2497.976 3328.221
2791.131 3548.552
2928.188 3742.294
2977.469 3443.971
2569.092 3518.912
2773.316 3500.470
2959.869 3707.993
2798.069 3645.313
2863.169 3688.753
2718.811 3524.373
2686.624 3304.117
2743.390 3623.932
2983.556 3329.110
2715.665 3244.878
2511.440 3425.989
3008.301 3345.528
2493.313 3412.962
2954.422 3297.223
2615.188 3516.437
2508.022 3274.520
2498.335 3479.737
2862.280 3679.119
2668.417 3548.303
2867.697 3448.990
2850.936 3599.203
2579.089 3646.397
2841.168 3651.018
2857.428 3613.050
2641.392 3510.491
2601.849 3222.397
2974.936 3731.784
2544.278 3621.282
2865.930 3523.752
2655.817 3489.415
2613.432 3582.348
2480.277 3300.700
2464.849 3422.275
2925.528 3369.094
2815.536 3462.270
2973.777 3581.718
2466.903 3246.434
2461.192 3461.841
2488.626 3420.702
2484.483 3343.250
2497.110 3704.155
2673.434 3370.141
2574.668 3562.386
2591.971 3587.512
2624.946 3374.379
2694.127 3511.119
2617.596 3613.506
2513.445 3249.345
2786.300 3195.160
2958.664 3375.357
2726.080 3602.910
2464.136 3417.876
2893.913 3585.384
2897.303 3386.318
2781.348 3284.749
2600.036 3556.429
2567.520 3276.002
2785.257 3364.957
2990.775 3589.796
2527.677 3377.499
2997.111 3598.380
2850.532 3446.050
2858.391 3711.849
3012.794 3721.322
2674.085 3599.998
2597.270 3556.699
2741.431 3685.196
2613.738 3496.236
2591.548 3633.666
2689.326 3250.541
2543.327 3213.449
2864.952 3664.715
2697.880 3432.713
2594.566 3400.803
2538.418 3463.939
2509.170 3443.254
2980.819 3409.039
2528.552 3616.676
2594.380 3459.133
2857.185 3516.174
2657.215 3488.198
2563.679 3420.965
2805.061 3356.643
2882.878 3531.666
2481.877 3385.521
2593.765 3596.563
2471.019 3370.688
2594.281 3697.644
2643.163 3513.073
2878.375 3517.266
2619.510 3200.540
2961.076 3300.879
2882.718 3462.350
2654.631 3315.869
3006.064 3498.857
3007.104 3323.457
2613.141 3427.377
2911.861 3743.867
2988.880 3577.882
2637.190 3613.580
2647.573 3488.344
2859.025 3443.669
2487.929 3585.002
2738.322 3465.241
2513.864 3592.334
2667.266 3512.669
2780.829 3486.388
2695.091 3504.680
2910.819 3360.440
2521.313 3476.718
2792.530 3401.426
2644.277 3453.569
2714.518 3680.380
2561.520 3561.910
2522.159 3720.061
2916.962 3471.191
2550.271 3610.525
3003.981 3588.447
2787.436 3211.912
2717.809 3225.575
2745.969 3425.311
2463.083 3564.975
2642.988 3748.936
2637.883 3658.512
2999.179 3623.181
2501.269 3601.444
2925.674 3607.871
2925.477 3425.428
2700.616 3336.782
2895.482 3235.471
2564.001 3200.336
2822.234 3199.670
2704.783 3522.703
2628.159 3200.025
2703.582 3449.318
2674.749 3330.237
2528.428 3213.435
2795.135 3531.712
2963.525 3399.747
2669.553 3370.100
2473.555 3407.899
2868.687 3725.465
2469.228 3347.799
2922.758 3292.504
2737.573 3352.460
2774.501 3387.347
2560.099 3198.201
2563.990 3333.069
2880.180 3267.531
2808.374 3429.009
2866.829 3405.482
2537.669 3558.764
2846.118 3452.367
2831.381 3304.776
2801.035 3712.782
2516.843 3655.815
2633.205 3516.461
2852.652 3447.933
2786.822 3739.833
2867.377 3424.912
2967.001 3469.087
2865.450 3566.340
2668.237 3520.425
2972.519 3534.654
2920.835 3540.628
2578.025 3289.704
2536.956 3741.336
2513.706 3742.762
2815.287 3531.327
2673.339 3634.752
2556.836 3508.257
2515.530 3327.087
2524.182 3610.686
2734.949 3628.336
2719.585 3594.796
2727.878 3511.185
2756.088 3318.792
2965.824 3720.684
2857.855 3317.070
2968.423 3244.447
2544.093 3465.151
2931.117 3261.689
2838.386 3466.810
2925.853 3209.439
2577.131 3427.417
2857.036 3353.138
2594.499 3635.779
2476.791 3646.852
2948.233 3431.756
2921.427 3233.418
2897.303 3731.875
3010.142 3308.795
2827.845 3453.295
2522.217 3652.903
2581.454 3223.212
2685.656 3363.531
2933.162 3542.937
2989.493 3273.096
2554.503 3315.575
2769.175 3362.167
2561.344 3671.000
2653.905 3673.812
2872.489 3489.327
2519.555 3253.000
3012.716 3303.444
2985.964 3440.023
2635.887 3525.337
3015.844 3245.526
2552.076 3258.253
2935.358 3733.966
2853.086 3358.047
2903.793 3481.065
2693.208 3269.610
2962.346 3397.625
2461.138 3643.556
2626.479 3346.790
2889.922 3242.881
2927.148 3293.522
2559.478 3361.756
2752.994 3513.143
2755.152 3655.384
2616.921 3470.040
2514.638 3413.274
3001.066 3299.838
2830.847 3729.360
2797.285 3700.402
2919.777 3634.777
2861.615 3551.658
2887.737 3400.682
2660.770 3243.051
2784.135 3700.492
2478.459 3633.829
2908.595 3502.648
2885.730 3567.493
2971.627 3390.605
2942.766 3505.535
2831.210 3337.341
2751.808 3651.504
2571.886 3392.970
2747.698 3264.076
2599.687 3489.189
2611.883 3346.912
2562.652 3612.526
2755.693 3291.395
2916.442 3620.477
2611.685 3294.378
2487.895 3525.507
2585.608 3236.690
2911.360 3250.500
2623.878 3453.041
2793.851 3504.711
2906.636 3403.221
2673.788 3440.609
2683.643 3362.690
2716.189 3464.373
2676.684 3259.672
2958.233 3748.006
2540.084 3491.557
2865.563 3268.885
2629.760 3279.986
2472.054 3664.303
2705.785 3298.647
2879.962 3465.344
2747.450 3599.730
2839.994 3415.232
3002.207 3309.396
2819.319 3661.528
2674.480 3306.123
2565.057 3442.792
2724.243 3699.839
2610.586 3577.665
2515.223 3710.907
2974.919 3283.828
2972.533 3748.063
2903.056 3432.847
2901.807 3707.816
3012.078 3404.939
2537.657 3589.926
2592.087 3520.671
2656.816 3461.116
2988.664 3515.432
2710.018 3564.976
2833.238 3517.827
2643.317 3455.588
3000.095 3252.261
2934.084 3294.188
2638.625 3391.960
2682.408 3582.186
2525.356 3654.546
2649.660 3355.407
2616.736 3199.232
2513.712 3466.040
2620.119 3458.599
2789.210 3421.330
2499.157 3379.934
2474.869 3543.215
2825.961 3727.033
2604.382 3396.417
2786.027 3297.566
2574.781 3737.747
2887.872 3394.619
2965.728 3414.032
2980.876 3689.032
2625.319 3283.980
2604.447 3216.162
2631.056 3294.933
2550.440 3554.614
2596.759 3639.400
2468.735 3320.721
2524.305 3648.490
2962.123 3533.682
2690.210 3713.095
2712.540 3727.189
2517.558 3742.276
2487.664 3203.623
2583.028 3436.874
2785.704 3741.745
2606.173 3266.495
2505.481 3715.643
2515.710 3689.298
2597.636 3625.964
2976.501 3725.401
2919.711 3511.097
2510.220 3443.609
2462.468 3215.999
2499.046 3448.369
2588.580 3616.912
2653.762 3642.147
2916.996 3355.831
2687.876 3541.009
2689.176 3353.625
3011.092 3303.125
2648.146 3337.208
2696.181 3264.936
2524.066 3621.803
2481.971 3236.434
2627.465 3480.103
2695.727 3266.432
2558.965 3613.110
2858.413 3198.800
2829.899 3595.499
2639.188 3224.680
2953.000 3497.326
2902.104 3362.526
2470.482 3278.501
2465.211 3229.835
2942.698 3274.851
2831.943 3233.431
2732.920 3724.766
2479.968 3348.916
2653.890 3555.423
2620.171 3723.265
2810.331 3203.378
2933.653 3560.861
2721.310 3615.146
2522.819 3331.553
2518.999 3201.694
2554.369 3518.123
2520.084 3333.343
2840.385 3570.792
2589.811 3652.983
2752.562 3395.468
2616.291 3718.936
2867.753 3225.833
2848.445 3211.212
2985.222 3726.942
2542.986 3337.715
2834.807 3234.120
2474.520 3200.773
2490.819 3442.566
2710.919 3279.803
2624.198 3686.474
2875.434 3460.106
2722.178 3290.018
2739.603 3654.401
2796.343 3562.542
2880.329 3377.034
2868.374 3495.876
2549.728 3329.316
2931.535 3369.392
2519.277 3726.243
2494.760 3218.035
2825.848 3420.561
2946.849 3575.762
2855.669 3682.937
2923.068 3680.379
2824.980 3503.742
2534.321 3484.781
2977.174 3320.947
2859.357 3279.696
2998.364 3386.056
2763.138 3739.311
2994.759 3510.334
2627.679 3210.030
2646.731 3684.844
2799.758 3233.139
2690.941 3376.491
2945.907 3265.822
2629.425 3282.121
2917.259 3314.375
2589.687 3334.485
2997.286 3199.373
2650.698 3227.895
2811.276 3368.031
2516.177 3207.390
2534.480 3392.773
2971.109 3345.007
2949.392 3297.690
2746.452 3215.891
2544.001 3228.274
2979.968 3250.234
2517.619 3550.818
2944.021 3600.543
2480.702 3406.028
2594.913 3355.650
2653.531 3406.455
2827.571 3386.245
2949.730 3502.053
2826.484 3729.215
2854.487 3244.784
2927.976 3534.660
2681.950 3699.506
2463.734 3702.917
2619.236 3274.152
2461.027 3271.560
2464.002 3358.558
2873.349 3712.738
2968.521 3643.930
2552.820 3237.338
2661.187 3392.794
2798.277 3347.957
2805.557 3698.236
2517.390 3658.671
2518.130 3667.282
2876.030 3526.615
2706.582 3645.303
2722.721 3359.380
2903.756 3379.683
2656.075 3326.105
2830.381 3493.625
2564.908 3240.978
2583.644 3539.166
2558.075 3546.747
2666.405 3302.436
2489.721 3486.290
2528.036 3711.689
2962.467 3444.197
2657.294 3650.074
2801.800 3241.636
2753.591 3558.643
2607.147 3461.007
2822.791 3315.954
2979.392 3278.257
2700.811 3275.061
2632.149 3613.881
2597.797 3323.192
2870.719 3208.208
2888.781 3462.041
2716.323 3583.002
2672.336 3256.199
2699.232 3257.478
2934.926 3712.269
2590.454 3599.771
2700.489 3623.568
2671.406 3678.765
2881.643 3428.565
2781.653 3230.125
2711.946 3425.214
2462.096 3357.630
2853.733 3413.374
2745.106 3325.523
2681.630 3490.032
2513.399 3194.602
2468.121 3631.209
2480.827 3253.038
2518.248 3747.471
2501.164 3324.199
2834.619 3529.083
2563.617 3623.206
2461.598 3267.404
2842.895 3303.672
2993.346 3395.570
2536.087 3372.124
2807.962 3395.250
2618.835 3653.692
2702.958 3424.734
2472.389 3700.855
2838.428 3398.674
2956.976 3245.952
2915.346 3555.751
2654.765 3688.328
2863.491 3452.252
2915.529 3642.370
2604.766 3363.388
2475.314 3228.843
2721.685 3436.100
2705.719 3635.504
2546.963 3434.518
2482.406 3570.258
2525.100 3325.613
2852.674 3509.506
2609.655 3349.293
2699.900 3306.851
2979.831 3612.910
2964.772 3303.000
2671.542 3339.113
2969.932 3321.204
2747.013 3663.815
2668.161 3509.913
2529.665 3380.781
2603.097 3578.167
2543.398 3619.361
2689.934 3438.601
2797.425 3377.398
2771.325 3459.258
2616.687 3535.851
2682.476 3521.899
2668.892 3294.911
2822.529 3537.716
2860.217 3597.346
3010.462 3302.245
2990.967 3679.286
2745.435 3742.665
2461.636 3506.139
2643.701 3550.081
2883.443 3581.047
2981.950 3502.535
2905.582 3414.185
2593.474 3289.228
2614.643 3301.878
2839.068 3426.050
2477.603 3324.937
2473.204 3502.634
2606.028 3218.142
2796.872 3708.009
2891.252 3485.481
2879.762 3196.726
2500.312 3421.139
2712.806 3285.835
2892.100 3707.643
2995.807 3356.567
2907.566 3586.081
2558.705 3291.590
2775.158 3651.643
2464.849 3639.954
2506.948 3287.036
2835.963 3432.253
2939.741 3495.590
2516.838 3574.450
2788.140 3590.151
2878.537 3658.523
2879.730 3729.547
2731.367 3467.043
2964.216 3685.672
2897.226 3727.392
2941.482 3440.109
2833.222 3214.003
3001.065 3296.824
2519.419 3283.654
2643.918 3722.421
2625.321 3298.885
2983.008 3623.806
2636.025 3610.605
2697.333 3369.300
2656.306 3298.060
2971.364 3559.987
2596.000 3742.043
2714.055 3710.417
2941.752 3236.245
2848.679 3593.157
2588.869 3342.510
2494.059 3365.599
2827.573 3490.337
2664.618 3500.770
2683.860 3223.124
2848.429 3626.756
2823.346 3327.175
2513.723 3634.972
2806.933 3556.397
2849.928 3562.449
2966.747 3511.261
2707.803 3513.395
2519.097 3523.245
2971.031 3405.359
2729.652 3518.541
2817.647 3596.787
3010.861 3276.684
2713.859 3201.417
2777.902 3376.865
2800.540 3325.769
2763.464 3254.442
2979.349 3196.270
2712.096 3721.080
2488.265 3390.339
2852.892 3451.134
2780.056 3284.825
2741.793 3640.124
2560.511 3492.368
2902.016 3477.144
2534.702 3352.562
2894.469 3464.467
2519.184 3463.298
2949.649 3278.276
2555.733 3193.835
2769.390 3204.951
2591.871 3525.855
2715.558 3219.101
2506.936 3618.287
2543.772 3452.784
2752.840 3703.886
2863.307 3723.514
2901.896 3220.908
2776.445 3604.571
2550.427 3473.439
2702.332 3668.509
2645.492 3317.417
2926.456 3302.666
2764.858 3724.983
2765.083 3705.023
2689.511 3531.466
2904.775 3649.737
2478.124 3716.131
2835.944 3399.320
2767.941 3613.252
2486.894 3425.166
2948.928 3626.640
2873.191 3528.774
2931.201 3427.361
2952.676 3608.492
2460.883 3539.844
2824.215 3735.865
2965.630 3395.119
3004.470 3603.327
2803.509 3218.284
2596.013 3266.593
2712.308 3246.702
2640.180 3661.600
2729.613 3574.571
2885.992 3428.649
2819.087 3417.902
2558.690 3693.757
2675.544 3612.857
2599.831 3558.037
2495.467 3298.167
2807.348 3550.885
2878.324 3557.481
2666.693 3279.256
2511.188 3349.467
2691.472 3363.175
2961.343 3333.259
2817.084 3319.136
2821.124 3244.978
3003.955 3416.199
2840.205 3559.669
2962.229 3579.869
2643.306 3386.173
2867.277 3265.184
2665.272 3532.300
2649.913 3592.828
2465.364 3745.022
2992.031 3527.536
2480.560 3454.440
2933.761 3569.010
2466.072 3597.868
3001.052 3620.053
2778.690 3390.624
2677.096 3529.511
2867.975 3699.925
2547.476 3504.685
2705.405 3306.555
2604.979 3553.805
2924.953 3303.568
2536.762 3541.191
2731.262 3691.901
2662.483 3678.976
2963.973 3694.824
2676.428 3651.035
2488.958 3610.584
2862.000 3518.765
2877.152 3458.030
2737.123 3242.827
2965.056 3555.022
2869.752 3354.273
2972.501 3511.329
2490.516 3492.621
2830.326 3430.799
2977.259 3315.493
2770.176 3641.371
2634.174 3280.280
2793.231 3352.496
2968.654 3375.288
2997.655 3693.918
2779.533 3223.094
2977.379 3547.094
2499.699 3629.292
2736.514 3385.031
2977.382 3232.612
2515.937 3326.085
2801.247 3269.896
3006.464 3559.194
3011.888 3471.898
3001.851 3653.362
2644.448 3431.497
2813.189 3684.673
2683.814 3501.492
2475.172 3669.422
2860.142 3658.214
2662.109 3260.495
2486.419 3332.396
2590.772 3745.082
2655.391 3293.723
2772.869 3657.226
2658.935 3679.974
2606.195 3373.733
2697.198 3686.227
2641.654 3566.591
2721.306 3552.879
2937.534 3504.675
2877.086 3743.712
2578.703 3691.051
2836.540 3423.129
2924.352 3494.756
2921.206 3253.977
3007.956 3264.703
2508.365 3631.116
2980.978 3551.909
2472.734 3677.485
2567.541 3339.243
2726.807 3477.932
2960.550 3548.597
2899.941 3472.399
2634.126 3194.049
2683.545 3297.078
2617.632 3597.171
2752.595 3399.428
2770.730 3476.399
2716.484 3586.088
2822.196 3667.395
2860.571 3509.057
2463.920 3399.798
3000.779 3744.445
2588.938 3717.964
2671.332 3213.483
2822.518 3578.262
2623.840 3747.520
2890.983 3334.032
2944.705 3353.970
2977.268 3647.973
2844.710 3508.745
2823.027 3638.961
2512.437 3514.817
2984.461 3508.559
2753.543 3277.407
2893.076 3411.345
2574.561 3581.508
2483.956 3740.154
2583.484 3547.785
2706.124 3530.917
2513.717 3283.248
2671.590 3350.136
2696.579 3679.797
2582.612 3500.170
2666.989 3211.951
2708.998 3353.226
2870.661 3739.154
2814.693 3335.098
2647.851 3402.542
2591.239 3730.230
2961.595 3640.957
2716.481 3415.036
2637.871 3258.431
2538.119 3207.128
2818.675 3247.820
2775.545 3651.476
2914.553 3313.027
2742.793 3421.426
2544.576 3630.541
2460.831 3204.340
2570.853 3522.832
2759.240 3637.986
2881.335 3234.761
2472.659 3494.003
2995.633 3241.323
2462.276 3655.817
2631.936 3533.013
2893.389 3351.498
2716.568 3397.405
2737.908 3629.510
2750.129 3434.244
2856.048 3403.233
2489.694 3625.686
2952.426 3658.889
2769.612 3476.126
2595.942 3273.323
2929.321 3424.581
2691.633 3447.331
2735.340 3743.572
2525.595 3208.363
2980.370 3248.260
2836.357 3480.087
2907.095 3740.431
2810.102 3421.393
2723.771 3521.678
2656.685 3670.887
2737.862 3263.954
2850.780 3739.693
2962.052 3423.201
2838.887 3698.120
2747.948 3496.414
2997.568 3738.076
2717.086 3523.514
2796.217 3401.515
2645.896 3679.124
2899.924 3638.080
2678.804 3563.192
2516.655 3245.782
2723.234 3458.577
2872.376 3283.399
2586.506 3599.524
2683.336 3280.753
2907.305 3348.595
2520.472 3302.124
2824.062 3398.864
2619.130 3514.211
2901.897 3195.045
2981.854 3485.823
2617.706 3653.137
2825.889 3542.034
2877.773 3568.494
2747.548 3367.502
2702.243 3559.961
2976.991 3388.016
2500.441 3320.041
2768.293 3427.584
2538.238 3276.595
2766.040 3479.888
2815.543 3637.659
2916.320 3574.611
2683.347 3481.007
2655.897 3308.571
2836.149 3578.193
2869.649 3625.391
2596.212 3638.808
2932.995 3428.451
2847.128 3501.367
2472.307 3218.797
3012.008 3247.408
3002.152 3602.026
2645.538 3724.911
2830.006 3402.198
2492.924 3618.884
2824.297 3278.582
2924.570 3507.076
2755.728 3684.938
2617.610 3300.053
2793.182 3666.989
2627.257 3203.138
2883.808 3662.000
2844.783 3391.316
2519.547 3614.366
2488.782 3480.865
2824.909 3252.598
2891.170 3731.394
2594.497 3507.127
2873.324 3568.912
2931.632 3598.914
2761.981 3566.527
2740.097 3322.752
2980.789 3256.621
2970.024 3638.162
2799.760 3640.081
2532.838 3549.013
2476.956 3511.950
2872.439 3739.762
2545.559 3448.979
2564.411 3453.777
2782.597 3292.233
2611.866 3669.252
2688.939 3334.888
2957.460 3513.172
2500.223 3432.097
2690.557 3249.291
2486.705 3270.139
2970.991 3251.424
2573.599 3575.028
2522.407 3199.105
2899.545 3428.312
2850.918 3530.854
2685.464 3746.070
2582.367 3283.289
2805.641 3623.835
2680.796 3215.889
2684.998 3631.716
2837.636 3228.006
2961.999 3639.081
2751.707 3512.132
2463.723 3398.464
2973.448 3311.309
2466.600 3625.261
2488.627 3452.397
2557.855 3600.020
2635.674 3680.998
2524.832 3501.291
2598.833 3309.288
2647.089 3614.614
2880.843 3225.856
2667.274 3662.310
2516.042 3466.130
2976.380 3520.555
2878.196 3595.517
2993.838 3411.038
2548.430 3363.273
2884.386 3283.138
2529.354 3567.444
2880.040 3660.668
2629.100 3714.509
2893.016 3439.627
2766.086 3653.369
2998.367 3597.614
2583.722 3213.994
2843.239 3715.953
2680.963 3595.574
2790.385 3340.633
2818.007 3308.095
2488.281 3206.453
2827.680 3213.325
2510.106 3728.248
2700.188 3663.354
2919.960 3541.340
2868.834 3724.404
2764.335 3684.078
2546.757 3683.628
2938.370 3705.496
2802.367 3281.483
3000.943 3374.103
2719.199 3717.760
2679.420 3314.521
2948.975 3669.667
2922.803 3286.164
2953.303 3478.904
3002.905 3221.930
2472.472 3398.543
2669.040 3194.852
2502.961 3331.230
2874.320 3544.179
2691.291 3622.590
2511.773 3632.781
2793.135 3461.263
2686.870 3516.313
2579.214 3510.973
2502.754 3443.473
2685.123 3374.466
2816.198 3362.680
2792.342 3215.066
2600.137 3715.648
2649.897 3237.658
2473.591 3701.843
2539.478 3717.454
2817.302 3278.882
2493.695 3501.157
2862.082 3626.281
2925.121 3193.939
2975.859 3412.929
2662.838 3604.864
3013.529 3505.031
2481.595 3393.779
2957.799 3712.945
2882.121 3712.880
2784.029 3445.309
2492.985 3412.664
2669.835 3682.462
2473.243 3691.126
2498.932 3465.402
2808.068 3638.811
2944.552 3507.141
2493.470 3508.294
2463.136 3595.891
2917.026 3413.954
2646.730 3627.980
2524.925 3447.672
2654.877 3741.394
2521.019 3606.503
2848.725 3376.707
2743.403 3673.529
2525.939 3689.007
2470.697 3478.153
2929.932 3277.148
2729.802 3726.928
2733.089 3324.148
2590.126 3663.785
2894.473 3413.182
2960.243 3403.770
2699.768 3586.045
2653.824 3479.101
2547.911 3467.934
2951.921 3587.535
2639.550 3635.374
2909.057 3641.907
2710.823 3345.434
2653.416 3727.925
2584.390 3403.277
2561.396 3394.683
2897.901 3593.114
2649.773 3331.976
2597.939 3717.909
2931.106 3485.221
2957.443 3417.022
2821.763 3623.184
2879.180 3429.392
2962.333 3317.655
3000.211 3482.374
2542.592 3590.476
2690.010 3229.122
2912.975 3687.769
3014.924 3419.831
2734.205 3614.849
2670.943 3437.822
2492.634 3684.261
2508.380 3467.956
2564.185 3595.428
2549.095 3272.933
2602.941 3339.624
2665.120 3574.978
2869.059 3508.221
2638.365 3286.976
2820.272 3738.949
2723.747 3400.048
2488.849 3580.627
2511.394 3418.583
2910.321 3613.680
2640.968 3705.889
2615.028 3420.318
2558.001 3351.927
2838.172 3517.608
2616.979 3634.285
2948.901 3335.163
2474.994 3647.026
2771.387 3224.472
2530.644 3234.247
2890.031 3609.061
2957.652 3357.607
2487.518 3344.633
2473.956 3631.724
2629.880 3388.354
2653.790 3314.815
2842.373 3595.819
2677.500 3709.006
2942.767 3306.330
2796.066 3487.677
2832.111 3413.436
2490.853 3443.990
2522.786 3655.499
2770.361 3704.600
2681.675 3202.338
2573.532 3419.302
2480.422 3402.809
2851.033 3705.507
2626.061 3416.155
2551.870 3514.195
2851.579 3537.080
2471.004 3529.127
2893.376 3501.884
2600.467 3293.605
3009.541 3267.176
2609.725 3369.775
2696.186 3487.618
2978.139 3199.937
2952.629 3476.912
2943.743 3195.790
2940.556 3616.461
2529.087 3546.783
2550.516 3493.992
3000.557 3576.262
2584.786 3739.962
2815.727 3305.611
2871.374 3366.161
2936.310 3431.455
2765.396 3237.500
2915.098 3398.755
2546.440 3550.104
2671.350 3403.515
2645.818 3600.763
3014.900 3299.925
2638.018 3666.874
2557.728 3319.375
2947.815 3235.790
2779.063 3279.786
2941.515 3636.513
2511.313 3531.522
2492.671 3654.535
2717.991 3680.085
2582.439 3193.476
2991.837 3509.344
2482.688 3441.062
2581.579 3494.538
2789.874 3418.892
2531.370 3629.863
2849.833 3240.254
2860.955 3502.854
2827.925 3352.175
2593.737 3447.870
2516.206 3461.147
2766.628 3615.527
2893.126 3561.426
2816.890 3687.133
2682.182 3198.899
2629.494 3557.084
2985.675 3626.452
2910.279 3284.778
2622.377 3569.196
2501.522 3291.639
2798.885 3658.350
2756.319 3417.588
2590.177 3646.252
2474.256 3375.335
2593.108 3706.211
2893.967 3698.159
2944.672 3441.158
2736.803 3636.628
2604.774 3238.965
2496.136 3234.007
2719.839 3659.883
2756.812 3531.527
2984.920 3324.708
2971.998 3292.029
2815.854 3651.312
2677.999 3413.657
2755.053 3505.731
2886.592 3239.690
2496.496 3731.419
3015.731 3318.248
2932.655 3560.123
2729.515 3514.529
2955.429 3387.245
2908.102 3574.614
2534.404 3484.090
2631.334 3574.798
2876.602 3211.650
2819.284 3399.878
2924.546 3300.844
2468.603 3496.806
2573.534 3493.164
2841.545 3350.871
2684.672 3717.159
2856.794 3328.192
3008.139 3507.548
2933.042 3345.694
2841.916 3220.388
2895.351 3214.094
2704.580 3554.109
2688.087 3577.868
2581.843 3676.436
2579.034 3201.676
3016.160 3370.366
2843.322 3420.886
2894.614 3726.084
2595.949 3722.229
2478.625 3353.667
2509.379 3210.606
2674.615 3607.579
2963.086 3294.008
2912.461 3249.597
2758.142 3250.963
2718.862 3395.481
2968.305 3717.728
2803.299 3327.731
2931.826 3554.267
2616.622 3593.178
2559.230 3622.519
2696.023 3356.161
2778.278 3702.373
2927.291 3611.845
2692.868 3216.022
2460.909 3428.353
2570.611 3238.481
2650.747 3706.102
2639.133 3681.630
2798.466 3392.537
2798.948 3654.043
2978.851 3576.063
2791.317 3509.638
2465.663 3689.838
2550.148 3394.306
2524.928 3324.122
2702.661 3212.128
2803.569 3579.529
2857.903 3735.817
2639.897 3386.893
2686.610 3725.446
2683.881 3546.764
3008.200 3370.021
2838.789 3685.349
2814.079 3500.301
2947.743 3203.649
2993.734 3307.904
2607.011 3540.249
2910.766 3419.704
2583.789 3502.466
2898.154 3308.560
2489.839 3580.142
2593.507 3733.848
2736.954 3294.868
2632.664 3220.123
2829.292 3366.093
2520.719 3390.108
2805.552 3353.223
2817.706 3676.517
2568.370 3348.915
2540.494 3327.226
2691.993 3467.470
2762.706 3248.115
2656.295 3205.819
2715.519 3503.932
2974.338 3366.552
2966.088 3511.332
2762.842 3327.685
2806.880 3271.638
2816.239 3549.694
2544.207 3211.123
2747.106 3379.412
2839.725 3415.925
2699.380 3698.446
2533.443 3265.044
2530.695 3418.748
2714.477 3399.288
2932.308 3383.677
2499.986 3630.823
2560.208 3661.513
2967.409 3673.419
2688.958 3455.521
2606.506 3449.882
2523.281 3591.295
2533.097 3350.397
2628.873 3389.327
2564.738 3500.813
2808.601 3562.832
2702.676 3737.825
2610.128 3317.083
2700.679 3613.575
2949.629 3296.359
2546.718 3224.948
2931.674 3501.373
2993.886 3662.753
2939.981 3597.611
2648.226 3276.830
2933.734 3460.372
2999.960 3304.167
2584.826 3215.800
2761.619 3434.321
2978.781 3402.242
2976.706 3207.830
2500.617 3580.879
2777.303 3645.585
2916.431 3507.434
2662.123 3482.721
2577.323 3556.072
2702.201 3590.984
2619.335 3460.614
2639.291 3222.328
2500.003 3487.356
2633.861 3538.723
2532.738 3725.261
2916.179 3476.013
2575.860 3606.995
2726.705 3211.703
2875.103 3305.479
2693.351 3450.110
2734.686 3500.928
2979.203 3639.816
2994.352 3409.485
2888.893 3732.494
2642.058 3404.043
2639.014 3729.806
2962.130 3593.462
2801.381 3316.826
2474.546 3492.370
2534.531 3701.518
2896.562 3457.204
2964.890 3251.289
2929.065 3219.016
2649.302 3275.956
2927.235 3305.490
2969.238 3745.094
2727.181 3605.336
2547.442 3236.241
2726.668 3653.803
2605.461 3398.706
2936.581 3225.398
2549.492 3490.115
2517.011 3678.363
2889.912 3361.672
2661.080 3607.433
2545.177 3366.176
2758.645 3218.518
2788.057 3465.996
2630.954 3443.036
2479.203 3228.736
2846.623 3605.241
2529.733 3636.509
2527.066 3503.890
2576.641 3623.359
2882.347 3389.602
2833.682 3582.437
2526.627 3685.409
2879.264 3266.886
2992.621 3428.001
2502.084 3604.500
2531.409 3475.585
2787.529 3256.988
2835.217 3462.951
2965.023 3214.451
2963.891 3473.520
2817.526 3227.113
2739.912 3712.977
2538.696 3297.654
2711.434 3312.756
2505.045 3558.926
2692.529 3557.921
2472.185 3354.297
2719.358 3284.348
2704.782 3370.625
3013.418 3266.186
2705.975 3415.271
2648.650 3321.401
2470.164 3739.695
3014.833 3601.646
2929.856 3647.974
2481.317 3392.696
2981.322 3262.855
2759.474 3563.474
2786.429 3208.640
2839.119 3485.399
2810.562 3599.017
2799.775 3306.118
2996.580 3620.274
2816.875 3331.433
2656.148 3253.153
2608.598 3739.794
2779.436 3547.579
2739.781 3628.767
2733.385 3532.763
2872.422 3203.498
2963.948 3521.245
2533.824 3424.517
2539.110 3584.432
2625.359 3590.890
2523.461 3581.163
2937.957 3415.820
2740.249 3639.798
2958.317 3733.987
2484.595 3575.567
2804.023 3370.981
2928.751 3616.177
2587.419 3496.030
2780.634 3520.669
2871.705 3525.415
2963.677 3505.025
2636.289 3713.378
2644.533 3576.212
2552.852 3394.919
2921.002 3584.483
2922.646 3717.266
2985.507 3479.907
2911.376 3206.684
2935.119 3747.354
2684.573 3621.489
2752.951 3645.871
3004.668 3261.886
2660.637 3441.344
2949.472 3448.650
2926.169 3617.994
2677.839 3529.419
2561.057 3200.304
2722.375 3618.006
2857.228 3246.475
2562.276 3240.195
2713.283 3648.923
2558.555 3480.064
2606.413 3474.745
2514.611 3380.627
2809.465 3229.176
3001.272 3643.615
2978.276 3602.809
2954.589 3280.314
2966.398 3518.823
2563.404 3700.587
2995.046 3287.731
2780.592 3246.270
2476.192 3747.927
2849.392 3204.894
2790.253 3535.762
2587.035 3659.501
3007.184 3721.677
2832.764 3684.558
2556.783 3386.801
2932.814 3558.968
2798.279 3716.817
2604.523 3676.199
2843.677 3740.188
2783.925 3430.984
2713.263 3236.112
2868.150 3713.436
2673.616 3553.258
2473.735 3466.532
2499.540 3316.836
2719.962 3692.935
2883.687 3690.749
2495.783 3398.165
3010.571 3732.469
2947.196 3505.078
2861.954 3575.764
2744.113 3333.780
2696.879 3423.957
2550.689 3479.124
2825.353 3698.935
2756.886 3196.774
2850.285 3724.943
2782.211 3675.891
3002.086 3542.345
2490.797 3694.920
2828.509 3595.650
2626.578 3507.543
2497.069 3549.990
2559.683 3593.579
2877.589 3393.677
2750.003 3609.570
2488.930 3613.330
2867.840 3384.668
2853.773 3702.772
2680.748 3743.771
2505.607 3506.503
2482.215 3254.733
2716.267 3363.698
2684.266 3551.343
2964.946 3360.889
2568.512 3644.587
2828.029 3311.354
2581.337 3664.870
2740.968 3554.005
2770.560 3411.178
2703.070 3537.551
3003.509 3212.698
2597.899 3605.342
2546.379 3277.798
2708.064 3291.177
2835.657 3532.524
2873.832 3562.942
2482.222 3225.384
2472.589 3578.176
2849.431 3349.923
2630.651 3397.362
2609.108 3440.937
2649.243 3240.192
2846.965 3358.063
2557.685 3492.349
3004.924 3513.676
2925.256 3689.368
2570.782 3426.055
2670.281 3404.557
2932.577 3743.883
2976.599 3519.127
2951.814 3677.919
2732.472 3424.884
2521.780 3562.540
2717.594 3455.527
2754.905 3261.455
2591.295 3571.337
2513.672 3518.262
2759.049 3463.391
2963.530 3304.751
2650.896 3214.287
2626.838 3563.119
2717.472 3360.120
2743.421 3528.502
2697.774 3373.301
2511.017 3385.108
2564.636 3239.032
2487.012 3453.285
2529.729 3709.222
2553.525 3275.032
2482.732 3265.412
2622.788 3236.559
2895.840 3201.181
2773.573 3276.983
2513.275 3600.964
2497.813 3516.795
2827.308 3400.468
2757.735 3610.548
2995.630 3677.679
2925.881 3310.132
2829.195 3600.712
2684.451 3674.514
2774.854 3502.382
2552.615 3216.288
2809.264 3725.578
2610.670 3580.019
2476.573 3529.214
2990.801 3653.592
2988.527 3386.914
2524.284 3428.581
2982.706 3321.243
3015.798 3554.032
2731.956 3345.204
2751.513 3306.795
2808.826 3459.920
2803.164 3384.592
2889.371 3745.556
2623.072 3197.716
2776.332 3724.615
2800.207 3653.549
2660.816 3657.865
2904.781 3373.104
2478.989 3575.084
2664.818 3741.464
2560.558 3428.694
2905.458 3233.634
2833.889 3683.379
2656.629 3647.043
2493.906 3748.706
2863.702 3556.778
1289.141 2497.228
1368.886 2062.770
1309.179 2465.010
1379.281 2451.547
1650.941 2311.328
1324.134 2180.261
1529.470 2207.425
1325.007 2085.987
1340.260 2044.996
1649.125 2011.583
1396.988 2321.073
1691.777 2181.378
1639.456 2262.630
1623.159 2105.619
1406.672 2500.948
1597.486 2142.736
1553.457 2010.078
1316.457 2430.088
1467.565 2181.733
1394.457 2415.638
1335.201 2059.746
1429.370 2000.444
1455.257 2052.993
1307.379 2007.864
1407.983 2053.469
1582.660 1998.341
1343.938 2375.274
1567.684 2072.262
1390.110 2194.969
1593.000 2346.010
1794.276 2422.253
1549.983 2512.997
1592.483 2244.120
1540.731 2264.585
1329.862 2007.609
1662.839 2338.366
1409.400 2256.334
1337.638 2081.009
1612.658 2119.690
1667.601 2017.299
1655.881 2021.062
1768.859 2450.617
1753.414 2445.538
1509.539 2277.446
1742.470 2004.924
1649.138 2328.853
1371.984 2364.834
1670.542 2531.784
1800.495 2208.546
1583.490 1995.681
1543.208 2357.173
1338.671 2515.540
1682.367 2041.290
1655.533 2047.994
1479.195 2529.951
1280.058 2224.007
1754.539 2345.010
1252.118 2301.965
1741.182 2414.274
1560.976 2182.293
1603.783 1994.888
1762.422 2500.500
1561.836 2461.287
1370.373 2198.035
1492.961 2442.425
1504.644 2245.296
1429.777 2061.131
1535.037 2251.788
1283.843 2397.799
1416.388 2540.061
1770.266 2155.122
1783.569 2087.170
1255.026 2499.151
1314.687 2032.373
1768.462 2107.887
1591.525 2258.368
1782.115 2094.265
1355.923 2541.998
1686.810 2109.857
1478.360 2503.249
1603.061 2206.220
1502.487 2374.623
1697.541 2539.590
1427.664 2018.838
1322.435 2432.382
1467.257 2285.411
1356.807 2459.902
1354.354 2246.377
1773.009 2075.435
1480.504 2413.064
1427.855 2297.484
1621.971 2328.250
1514.773 2338.453
1486.120 2230.034
1384.106 2529.806
1651.755 2457.493
1367.991 2493.326
1770.819 2260.561
1694.521 2328.405
1566.315 1991.540
1580.898 2381.101
1651.427 2165.140
1686.075 2389.424
1306.014 2189.624
1576.552 2450.582
1796.458 2284.348
1643.140 2036.713
1438.837 2077.687
1253.394 2028.482
1638.416 2328.997
1798.658 2338.205
1540.155 2091.928
1548.122 2217.202
1578.196 2465.759
1656.758 2541.595
1467.595 2485.654
1770.987 2174.263
1365.150 2420.638
1592.779 2262.788
1801.414 2023.517
1356.881 1997.564
1491.408 2465.358
1751.716 2148.814
1721.873 2324.164
1528.885 2006.663
1334.718 2143.480
1400.170 2106.031
1349.814 2535.305
1769.284 1998.988
1684.535 2390.992
1449.157 2096.469
1736.272 2270.533
1324.225 2135.572
1386.795 2108.581
1379.852 2060.131
1361.008 2521.105
1328.645 2218.972
1735.709 2055.458
1474.190 2206.062
1709.996 2481.077
1455.221 2505.703
1649.260 2269.579
1519.909 2161.431
1302.980 2215.895
1453.181 2069.126
1304.684 2070.054
1593.770 2311.184
1472.444 2313.051
1372.372 2246.578
1472.932 2531.946
1635.521 2533.384
1683.804 2094.907
1720.232 2066.172
1748.026 2042.179
1619.125 2263.936
1637.740 2260.214
1447.590 2050.523
1412.036 2175.186
1513.022 2352.930
1428.673 2076.499
1631.524 2144.924
1478.866 2286.721
1296.936 2525.717
1689.606 2207.996
1751.466 2438.584
1603.654 2383.644
1371.280 2502.975
1537.460 2394.631
1518.161 2365.341
1411.384 2113.199
1499.210 2159.314
1644.440 2333.521
1466.765 2265.483
1663.183 2146.798
1404.884 2238.377
1440.337 2046.828
1561.600 2301.831
1777.282 2165.123
1259.905 2145.941
1657.670 2483.629
1284.424 2276.029
1700.189 2241.072
1292.248 2361.610
1586.375 2029.365
1603.137 1995.173
1508.103 2495.926
1677.661 2432.718
1466.743 2264.263
1782.365 2253.375
1655.312 2207.898
1634.105 2367.470
1312.424 2000.377
1533.739 2479.907
1265.001 2484.981
1602.693 2460.806
1667.158 2032.039
1702.071 2070.977
1335.099 2094.360
1470.850 2181.814
1488.368 2089.851
1657.450 2183.747
1680.850 2191.294
1749.344 2227.203
1267.153 2533.946
1348.672 2410.289
1672.609 2074.689
1764.023 2167.488
1281.188 2431.067
1717.819 2134.960
1766.261 2474.920
1275.637 2459.906
1672.052 2283.505
1428.048 2150.331
1353.462 2289.222
1758.067 2282.882
1607.661 2051.076
1426.781 2428.471
1446.537 2455.037
1792.700 2231.972
1528.236 2123.128
1496.040 2047.243
1401.279 2031.448
1569.847 2513.965
1568.638 2154.820
1373.705 2071.652
1311.127 2003.684
1406.762 2492.838
1699.373 2372.983
1773.403 2008.476
1674.747 2315.770
1701.527 2166.805
1675.942 2304.789
1633.144 2354.156
1515.294 2219.318
1382.358 2378.670
1388.164 2474.286
1797.334 2027.506
1378.306 2321.740
1565.072 2444.877
1260.709 2132.203
1579.073 2073.859
1272.765 2079.215
1573.915 2152.183
1623.833 2437.708
1737.199 2327.458
1282.488 2526.655
1723.819 2384.750
1252.842 2176.124
1573.706 2131.677
1508.097 2003.543
1327.660 2484.131
1391.090 2335.386
1644.672 2496.324
1492.099 2316.525
1478.347 2289.396
1617.221 2441.626
1414.064 2062.993
1405.413 2112.462
1588.908 2451.208
1588.349 2181.149
1531.730 2103.745
1547.497 2229.106
1763.701 2281.933
1728.651 2410.560
1601.288 2542.819
1433.229 2347.202
1499.005 2328.820
1269.662 2062.676
1587.755 2118.743
1714.086 2515.621
1493.577 2256.390
1693.007 2392.157
1767.172 2351.631
1641.712 2168.828
1376.990 2369.097
1406.100 2517.548
1795.512 2431.017
1440.062 2145.877
1266.152 2048.409
1352.343 2464.944
1625.446 2183.318
1626.390 2198.442
1351.651 2142.160
1796.748 2442.086
1471.571 2011.375
1471.595 2275.049
1559.157 2223.709
1360.170 2148.213
1589.184 2278.296
1651.487 2334.443
1413.959 2431.856
1711.906 2165.775
1576.434 2088.579
1663.674 2524.721
1547.383 2364.462
1755.866 2180.696
1420.327 2460.370
1307.833 2021.343
1694.770 2392.707
1524.410 2036.163
1357.982 2000.575
1407.539 2175.917
1452.556 2323.566
1440.997 2029.426
1797.255 2088.435
1641.420 2310.375
1685.638 2272.511
1482.121 2522.838
1591.874 2161.238
1293.708 2306.815
1698.242 2411.468
1587.289 2466.481
1608.419 1995.523
1635.899 2143.221
1699.968 2144.364
1704.499 2416.143
1674.449 2238.236
1276.716 2099.324
1565.052 2336.213
1752.268 2049.908
1468.920 2040.340
1790.693 2370.803
1758.156 2367.200
1607.858 2415.088
1653.337 2114.068
1709.875 2190.244
1535.236 2443.946
1660.219 2376.463
1518.207 2239.628
1756.452 2369.903
1619.745 2005.041
1621.254 2536.473
1651.240 2115.212
1437.383 2282.419
1321.032 2190.993
1622.624 2522.693
1752.071 2205.033
1791.108 2131.321
1705.689 2142.195
1389.415 2479.728
1754.173 2495.956
1705.167 2434.639
1558.549 2462.575
1668.905 2132.405
1493.126 2472.294
1249.920 2175.182
1721.948 2081.978
1372.478 2081.203
1765.306 2197.046
1701.210 2545.849
1560.015 2152.624
1581.957 2073.474
1348.812 2007.019
1400.599 1990.583
1563.181 2175.026
1346.820 2239.137
1560.912 2156.366
1732.819 2260.524
1638.658 2067.649
1626.230 2336.162
1700.598 2065.546
1804.758 2347.534
1397.334 2141.160
1465.594 2519.610
1569.431 2162.761
1445.470 2276.255
1261.455 2515.284
1743.156 2218.625
1760.969 2098.978
1656.625 2357.548
1621.450 2297.974
1367.933 2343.493
1631.309 2029.899
1733.844 2076.542
1522.097 2057.164
1646.768 2184.491
1724.574 2313.314
1636.496 2293.725
1728.937 2124.823
1281.237 2360.303
1795.521 2484.775
1629.354 2332.153
1782.954 2051.264
1383.877 2521.705
1390.753 2022.666
1315.054 2140.267
1326.178 2346.480
1275.754 2455.821
1624.180 2120.626
1636.632 2483.614
1505.699 2206.842
1457.175 2241.773
1493.835 2200.466
1532.317 2446.795
1755.496 2011.917
1636.161 2404.358
1350.915 2293.272
1628.374 2101.081
1686.001 2538.394
1703.165 2115.493
1418.590 2153.479
1430.672 2398.358
1570.348 2517.985
1573.382 2419.763
1620.015 2154.704
1377.706 2220.821
1329.007 2046.858
1387.003 2312.415
1355.114 2189.213
1450.759 2345.961
1740.765 2122.677
1505.739 2036.578
1374.764 2064.678
1412.844 2006.834
1674.024 2524.789
1388.739 2328.846
1691.134 2161.195
1275.589 2198.041
1278.858 2510.316
1619.156 2108.716
1419.980 2238.182
1515.991 2200.570
1355.517 2282.181
1759.831 2063.786
1286.606 1999.443
1595.253 2373.329
1725.162 2469.548
1758.547 1997.631
1777.317 2256.230
1485.494 2392.051
1363.300 2053.385
1454.622 2023.913
1656.136 2357.083
1755.941 2086.314
1306.466 2273.571
1777.897 2112.558
1542.953 2126.916
1289.661 2479.729
1530.800 2532.293
1417.729 2240.221
1791.976 2098.066
1274.689 2477.751
1741.866 2235.820
1719.086 2060.789
1737.971 2545.242
1771.767 2254.826
1443.135 2053.569
1390.418 2388.606
1309.420 2106.238
1428.020 2184.435
1285.735 2214.044
1403.437 2338.287
1405.894 2521.757
1583.942 2382.289
1541.877 2386.192
1684.953 2276.288
1496.610 2250.551
1655.613 2116.435
1533.387 2496.077
1558.425 2002.886
1687.944 2089.671
1372.478 2367.627
1517.677 2266.666
1250.480 2070.059
1444.805 2425.995
1523.344 2102.807
1638.874 2311.939
1516.230 2068.747
1779.809 2517.481
1756.366 2063.836
1663.082 2158.256
1790.466 2507.308
1529.471 2401.753
1760.428 2165.719
1545.826 2229.845
1387.090 2079.541
1666.735 2103.804
1490.417 2273.136
1327.152 2340.448
1358.665 2266.811
1607.819 2395.525
1370.533 2026.490
1747.738 2226.533
1324.165 2237.469
1395.637 2383.453
1259.984 2369.806
1286.132 2015.895
1507.992 2362.449
1513.570 2379.397
1448.040 2467.779
1413.391 2285.589
1793.877 2483.064
1657.307 2177.711
1621.878 2077.043
1672.771 2327.156
1445.944 2533.745
1548.651 2012.837
1326.758 2428.798
1752.013 2492.952
1694.972 2020.436
1403.183 2196.305
1365.165 2362.992
1562.032 2276.424
1752.272 2011.912
1722.385 2410.182
1718.828 2320.859
1360.987 2158.472
1497.450 2127.682
1777.209 2323.066
1472.604 2046.426
1468.030 2384.855
1652.804 2217.508
1601.643 2438.864
1342.514 2135.830
1648.649 2231.131
1373.640 2332.872
1259.033 2458.675
1648.274 2490.885
1336.006 2520.238
1313.195 2395.734
1438.745 2366.988
1603.563 2280.491
1522.389 2538.971
1290.157 2290.127
1758.023 2359.990
1266.031 2519.353
1740.364 2117.932
1337.117 2042.225
1382.166 2313.414
1564.877 2385.429
1800.728 2067.279
1764.370 2280.088
1567.064 2061.866
1320.083 2459.241
1398.280 2211.291
1383.449 2010.179
1679.029 2114.119
1286.766 2438.590
1671.575 2155.210
1383.059 2035.513
1349.825 2272.325
1555.397 2445.219
1346.128 2028.592
1527.333 2078.784
1677.988 2141.659
1437.937 2244.941
1477.513 2242.375
1286.516 2494.356
1780.660 2195.872
1385.164 2163.581
1292.495 2315.848
1513.122 2409.071
1298.339 2130.689
1706.506 2543.419
1479.778 2281.201
1379.927 2395.893
1465.411 2255.312
1641.397 2318.506
1603.553 2142.316
1719.749 2035.741
1768.497 2414.578
1803.194 2442.293
1253.694 2513.863
1261.269 2204.633
1735.514 2281.254
1582.204 2393.065
1789.604 2409.784
1722.883 2470.221
1416.538 2545.653
1362.112 2036.047
1666.275 2249.088
1431.825 2306.712
1659.284 2146.422
1260.323 2501.910
1446.861 2354.999
1299.552 2106.796
1590.805 2341.632
1490.990 2408.612
1764.749 2288.935
1638.716 2037.195
1254.223 2395.994
1271.380 2538.877
1698.507 2196.338
1344.990 2544.910
1560.761 2228.300
1680.953 2442.840
1487.983 2030.559
1568.595 2426.384
1621.193 2545.209
1718.240 2326.648
1477.336 2236.949
1320.251 2244.260
1527.037 2011.687
1588.486 2530.057
1551.322 2531.798
1754.047 2029.273
1580.263 2366.928
1462.828 2031.840
1749.244 2183.741
1285.289 2076.654
1388.234 2283.047
1579.983 2482.760
1391.896 2014.295
1659.046 2136.970
1767.911 1997.818
1260.528 2154.893
1746.794 2516.401
1750.998 2041.298
1657.621 2322.363
1260.104 2412.994
1711.313 2248.457
1299.263 2208.205
1580.078 2238.170
1715.502 2507.410
1550.858 2112.315
1617.428 2435.138
1461.723 2234.161
1757.380 2409.060
1329.113 2419.222
1389.356 2513.746
1305.676 2527.556
1362.974 2093.060
1714.426 2300.405
1730.812 2045.864
1351.637 2346.678
1322.455 2224.996
1408.035 2248.744
1549.954 2229.725
1510.127 2516.054
1712.675 2107.757
1596.957 2259.117
1468.696 2053.878
1479.319 2227.019
1561.123 2266.392
1376.674 2195.843
1523.492 2042.668
1481.717 2226.525
1757.298 2255.013
1299.855 2436.646
1750.372 2219.198
1767.163 2058.056
1634.583 2216.997
1773.412 2080.875
1613.306 2408.372
1588.472 2238.899
1354.358 2208.406
1437.016 2254.892
1656.119 2256.092
1550.535 2502.145
1305.777 2496.660
1506.333 2306.464
1443.805 2125.544
1786.991 2532.623
1306.943 2244.890
1681.622 2191.986
1642.061 2073.089
1257.280 2032.095
1801.723 2437.076
1408.927 2041.316
1441.719 2358.700
1498.125 2469.701
1635.663 2501.452
1657.951 2194.963
1294.780 2511.922
1256.077 2056.060
1425.435 2164.511
1592.968 2144.077
1496.603 2064.250
1512.104 2150.169
1508.906 2180.978
1688.853 2065.515
1680.678 2070.749
1398.968 2364.217
1403.853 2393.822
1546.961 2374.678
1622.990 2446.948
1459.752 2350.774
1659.389 2166.624
1687.826 2104.156
1759.506 2468.580
1442.801 2126.972
1769.961 2451.988
1532.733 2132.115
1518.244 2304.041
1296.566 2228.961
1580.927 2041.433
1400.569 2104.450
1371.217 2061.788
1708.312 2074.992
1743.174 2131.863
1755.606 2147.626
1628.965 2002.354
1416.564 2340.231
1295.105 2460.555
1377.864 2130.330
1372.266 2439.899
1464.900 2095.157
1265.389 2415.214
1731.179 2314.209
1365.920 2007.722
1387.002 2382.660
1409.690 1992.700
1707.859 2166.229
1418.331 2142.848
1393.278 2105.550
1279.948 2189.722
1711.887 2476.162
1474.903 2173.449
1335.458 2414.797
1310.115 2068.500
1587.841 2325.584
1661.780 2100.974
1457.080 2198.092
1538.429 2435.959
1592.123 2055.067
1724.471 2008.350
1737.377 2415.103
1693.871 2292.667
1630.038 2480.322
1533.359 2303.878
1694.048 2390.639
1509.372 2077.915
1749.499 2076.576
1393.800 2134.593
1734.486 2226.530
1257.708 2538.687
1432.479 2541.147
1663.918 2022.322
1381.820 2490.966
1298.742 2530.016
1612.947 2473.717
1509.796 2285.364
1390.034 2233.550
1706.731 2249.585
1322.472 2282.609
1423.873 2507.689
1377.803 2278.902
1692.758 2255.051
1803.948 2408.044
1602.788 2367.353
1269.899 2521.995
1800.794 2266.903
1657.451 2032.219
1565.987 2061.527
1326.961 2530.489
1464.859 2251.916
1683.097 2432.311
1611.368 2435.191
1586.740 2489.446
1606.111 2491.058
1416.614 2063.415
1401.154 2162.960
1765.147 2061.681
1385.018 2020.624
1665.558 2068.582
1629.166 2349.190
1270.226 2121.571
1354.433 2437.767
1520.919 1995.060
1514.349 2191.078
1681.465 2246.883
1324.766 2379.270
1801.711 2188.949
1774.363 2097.815
1370.877 2452.403
1556.279 2517.719
1649.426 2182.398
1495.706 2311.684
1762.197 2091.378
1798.102 2002.855
1598.688 2177.950
1666.004 2129.582
1588.421 2076.248
1479.212 2376.531
1730.282 2536.452
1619.228 2218.320
1360.069 2082.001
1257.543 2506.137
1432.026 2404.870
1661.162 2422.471
1590.992 2059.480
1445.083 2194.108
1663.953 2053.492
1605.251 2498.183
1790.219 2099.330
1575.886 2455.482
1642.592 2019.267
1609.830 2418.714
1272.054 2175.535
1475.760 2471.305
1789.714 2371.204
1712.515 2211.596
1478.990 2481.062
1474.999 2198.381
1406.775 2276.641
1501.982 2543.488
1454.734 2482.725
1277.786 2497.269
1447.459 2348.994
1361.003 2004.126
1402.335 2022.700
1367.238 2277.282
1771.886 2286.059
1514.084 2020.197
1766.375 2265.558
1395.969 2437.223
1640.845 2507.095
1654.027 2209.735
1783.955 2318.860
1547.534 2220.875
1594.394 2009.515
1360.238 2407.352
1375.302 2430.704
1753.257 2446.344
1654.918 2390.568
1698.770 2092.776
1694.327 2364.651
1293.089 2305.629
1399.879 2496.015
1300.123 2373.594
1559.690 2335.436
1614.826 2477.675
1657.818 2358.578
1698.727 2409.271
1469.492 2268.544
1421.282 2083.835
1349.732 2435.154
1390.893 2480.583
1526.696 2265.883
1417.515 2138.425
1692.288 2257.882
1354.244 2397.400
1285.239 2167.656
1535.440 2409.908
1592.716 2166.430
1698.518 2113.824
1303.652 2371.260
1400.780 2176.356
1667.683 2466.714
1413.683 2148.325
1363.306 2041.060
1317.907 2108.280
1463.665 2277.446
1381.819 2195.771
1786.210 2148.088
1410.221 2242.287
1793.789 2082.197
1347.498 2264.926
1633.129 2222.722
1443.838 2002.819
1417.531 2407.402
1670.375 2147.971
1716.061 2413.410
1460.962 2308.598
1585.432 2387.251
1415.745 2149.140
1465.972 2407.822
1551.519 2397.205
1354.813 2048.547
1526.305 2085.447
1796.052 2227.671
1434.703 2180.931
1600.111 2536.406
1346.286 2518.589
1333.458 2327.789
1362.113 2303.053
1685.550 2246.358
1480.579 2123.921
1637.308 2519.228
1781.731 2270.879
1393.416 2162.672
1429.647 2280.629
1571.990 2120.434
1410.934 2109.532
1489.431 2327.369
1576.165 2165.847
1480.444 2503.202
1632.990 2124.902
1780.141 2069.488
1314.359 2261.417
1483.530 2407.345
1617.952 1993.277
1366.300 2004.799
1752.287 2041.242
1357.886 2200.810
1499.034 2253.937
1366.298 2011.213
1266.992 2343.582
1370.594 2298.451
1612.923 2258.699
1452.891 2444.474
1373.178 2122.896
1492.629 2305.964
1518.373 2012.776
1707.428 2161.527
1550.783 2351.847
1605.668 2107.034
1774.627 2230.906
1305.706 2423.451
1795.223 2155.593
1311.654 2450.026
1297.884 2017.786
1548.226 2355.499
1611.796 2364.197
1301.116 2405.041
1617.112 2310.973
1536.598 2092.681
1729.901 2036.751
1607.944 2527.739
1273.417 2334.306
1708.327 2205.808
1690.133 2069.083
1389.030 2438.897
1630.599 2427.230
1723.859 1993.430
1540.204 2298.714
1445.561 2394.929
1498.244 2067.633
1315.528 2514.649
1653.991 2241.715
1451.537 1991.293
1332.330 2245.839
1647.207 2267.649
1771.123 2489.112
1744.150 2364.110
1708.879 2138.877
1296.599 2118.649
1342.986 2515.919
1473.053 2213.722
1749.722 2353.498
1739.389 2525.474
1266.075 2187.270
1450.835 2123.425
1644.676 2273.916
1717.884 2409.556
1321.394 2373.381
1264.498 2378.900
1763.017 2131.145
1628.130 2545.343
1673.032 2179.236
1538.612 2487.335
1749.769 2307.608
1290.656 2167.665
1405.997 2175.738
1468.033 2433.267
1386.468 2469.622
1538.384 2216.256
1515.894 2471.344
1405.838 2420.930
1595.564 2240.841
1364.282 2254.610
1679.075 2115.742
1336.845 2122.365
1457.039 2046.973
1349.565 2245.035
1385.490 2361.543
1786.871 2172.431
1285.736 2056.490
1739.848 2361.877
1450.468 2378.157
1698.445 2419.508
1632.077 2211.087
1481.259 2089.018
1671.712 2258.112
1432.222 2119.335
1436.998 1991.879
1398.627 2467.120
1404.440 2201.282
1582.788 2334.133
1676.905 2378.846
1536.191 2474.157
1321.671 2509.573
1578.546 2074.629
1370.156 2064.060
1576.721 2316.868
1535.485 2475.796
1297.284 2106.708
1472.046 2310.304
1580.405 2233.755
1454.198 2120.979
1320.063 2046.181
1637.691 2468.597
1538.962 2406.474
1662.717 2415.251
1790.593 2329.757
1294.042 2019.234
1299.843 2481.739
1557.285 2154.064
1766.810 2247.817
1754.640 2470.286
1489.187 2329.951
1758.651 2209.680
1547.182 2039.588
1355.279 2069.657
1495.028 2268.062
1442.769 2175.904
1774.069 2023.558
1598.592 2168.158
1503.987 2452.905
1589.993 2299.623
1696.763 2343.546
1314.285 2171.685
1295.700 2123.222
1562.930 2236.185
1302.536 2477.575
1586.124 2382.165
1581.210 2155.138
1348.430 2476.386
1704.271 2216.268
1687.306 2145.236
1651.073 2080.863
1613.432 2332.517
1750.493 2294.035
1410.302 2249.098
1521.039 2415.523
1542.074 2325.382
1789.485 2192.152
1591.883 2359.496
1508.282 2200.351
1298.726 2412.318
1609.820 2104.487
1718.323 2370.675
1486.052 2004.482
1436.629 2442.797
1319.331 2162.108
1588.515 2164.464
1603.486 2256.351
1534.346 2240.353
1558.633 2022.743
1791.329 2229.204
1620.669 2164.748
1477.523 2304.980
1259.154 2496.021
1731.076 2518.036
1498.181 2059.560
1742.597 2314.023
1764.933 2440.576
1281.574 2372.449
1729.154 2021.493
1664.741 1993.316
1588.365 2057.308
1746.707 2136.291
1524.680 2300.130
1579.801 2125.575
1454.729 2469.810
1539.317 2155.039
1727.137 2539.745
1472.394 2258.773
1705.171 2422.552
1377.221 2240.329
1783.801 2208.827
1584.183 2382.689
1356.954 2012.603
1713.263 2157.907
1413.159 2003.205
1420.605 2256.965
1780.275 2522.890
1482.781 2533.181
1379.826 2205.063
1302.794 2287.243
1489.515 2543.651
1530.225 2244.675
1467.454 2470.965
1263.792 2043.907
1410.278 2037.908
1297.916 2417.738
1742.455 2059.358
1644.129 2516.851
1751.222 2052.528
1635.924 2005.322
1605.550 2489.356
1379.020 2219.247
1320.010 2304.258
1680.790 2197.106
1392.099 2370.855
1253.021 2071.111
1359.414 2306.860
1293.116 2195.509
1340.980 2027.014
1484.945 2510.162
1251.203 2225.807
1475.166 2222.381
1552.172 2257.429
1313.469 2035.131
1293.207 2222.572
1587.579 2375.602
1464.834 2354.005
1266.527 1993.622
1489.063 2279.122
1282.961 2097.817
1370.221 2448.886
1765.396 2088.513
1760.579 2278.539
1778.216 2232.113
1634.647 2154.723
1471.124 2211.003
1415.483 2175.198
1460.861 2476.491
1374.070 2487.493
1565.992 2285.019
1620.152 2397.524
1478.951 2105.808
1478.202 1993.661
1582.742 2131.596
1521.577 2119.778
1508.537 2307.846
1618.517 1997.596
1631.527 2107.689
1564.030 2508.489
1363.512 2452.133
1685.167 2387.346
1484.118 2373.886
1646.994 2217.411
1590.164 2084.880
1531.240 2068.345
1574.331 2285.848
1639.817 2369.796
1786.886 2183.191
1778.216 2048.021
1653.316 2453.899
1699.769 2477.644
1746.112 2090.399
1576.939 1992.418
1666.040 2475.425
1491.564 2359.547
1727.579 2394.345
1647.577 2143.220
1666.522 2416.795
1556.279 2385.123
1393.912 2069.471
1766.672 2414.024
1376.239 2197.767
1367.501 2523.205
1412.738 2390.770
1547.615 2024.777
1496.276 2209.551
1448.803 2166.466
1576.328 2224.925
1798.371 2291.119
1700.221 2239.371
1431.049 2237.063
1463.597 2356.125
1416.233 2387.621
1795.278 2118.274
1705.943 2096.582
1795.852 2284.106
1707.175 2194.741
1625.323 2108.631
1562.042 2323.835
1781.932 2452.698
1790.468 2140.372
1462.496 2076.090
1295.874 2025.272
1489.051 2445.708
1708.392 2167.224
1683.653 2529.196
1751.434 2418.788
1564.628 2532.165
1495.973 2265.964
1316.944 2533.221
1642.096 2393.386
1604.403 2045.312
1506.525 2420.140
1674.819 2305.609
1371.438 2280.156
1459.706 2360.417
1675.185 2247.889
1540.473 2534.843
1690.567 2478.611
1346.093 2437.508
1530.641 2188.480
1745.379 2343.163
1632.537 2301.938
1757.777 2522.747
1421.944 2499.738
1441.777 2254.844
1559.831 2110.737
1510.856 2365.053
1551.448 2510.216
1387.139 2253.551
1804.721 2438.464
1504.221 2414.214
1651.912 2275.686
1551.096 2050.589
1272.036 2452.317
1551.921 2397.872
1462.725 2049.213
1548.585 2196.376
1304.849 2503.361
1326.455 2335.473
1427.412 2008.193
1665.214 2327.361
1495.163 2006.545
1599.053 2109.324
1682.349 2090.072
1404.448 2188.612
1518.680 2223.460
1720.530 2179.837
1357.534 2513.434
1427.608 2035.499
1419.095 2061.567
1574.811 2185.661
1265.304 2168.210
1802.487 2284.115
1372.955 2527.271
1650.802 2442.632
1273.339 2268.679
1784.807 2246.138
1368.672 2006.498
1355.746 2410.797
1768.690 2409.596
1406.646 2365.303
1526.549 2346.109
1630.031 2512.945
1428.597 2445.343
1763.287 2083.204
1602.778 2250.360
1307.697 2453.287
1343.067 2435.698
1413.001 2198.893
1710.485 2482.494
1395.602 2537.032
1551.802 2040.083
1794.785 2455.046
1366.263 2217.440
1557.270 2409.776
1553.062 2201.872
1490.964 2053.083
1511.011 2152.340
1438.382 2213.627
1497.588 2429.071
1511.788 2034.366
1429.606 2364.406
1566.887 2278.615
1584.155 2414.683
1566.983 2079.613
1361.166 2386.483
1740.272 2026.940
1582.418 2225.468
1751.844 2412.231
1285.176 2217.059
1620.192 2380.423
1477.736 2450.500
1318.891 2312.734
1542.301 2533.247
1733.753 2484.999
1495.831 2415.532
1550.318 2022.378
1695.941 1993.488
1370.764 2337.124
1497.288 2379.603
1406.926 2088.153
1461.859 2316.434
1498.952 2504.984
1583.358 2298.938
1729.452 2097.755
1384.794 2051.619
1339.843 2289.069
1271.372 2161.904
1717.007 2374.207
1336.233 2051.359
1412.826 2335.099
1448.073 2113.972
1668.562 2009.279
1803.396 2114.390
1646.878 2140.753
1490.668 2280.829
1299.214 2490.548
1270.324 2442.334
1702.658 2251.024
1336.992 2328.502
1708.453 2178.026
1326.512 2445.635
1613.928 2501.266
1524.998 2150.997
1797.894 2292.187
1318.160 2346.930
1531.715 2374.776
1535.932 2461.611
1511.382 2389.453
1538.670 2076.488
1627.388 2427.713
1323.220 2403.969
1659.083 2179.032
1299.730 2181.527
1358.931 2418.618
1755.999 2421.618
1411.855 2231.958
1326.053 2094.192
1423.462 2233.653
1368.361 2050.477
1345.554 2372.631
1379.540 2474.197
1647.953 2394.795
1639.405 2375.813
1266.685 2307.763
1387.046 2328.825
1447.872 2416.676
1301.616 2044.940
1255.955 2410.390
1283.630 2542.657
1597.617 2313.549
1703.812 2479.508
1405.124 2059.097
1413.649 2477.939
1615.140 2184.772
1630.852 2086.635
1720.703 2389.584
1384.387 2230.972
1789.673 2438.055
1735.658 2506.408
1673.924 2185.363
1432.701 2234.610
1479.258 2114.751
1696.033 2044.126
1365.101 2149.893
1756.658 2351.576
1287.257 2057.501
1583.434 2422.372
1572.144 2385.240
1354.926 2279.341
1467.552 2381.584
1746.406 2155.932
1454.790 2257.360
1796.643 2521.878
1533.094 2503.916
1444.977 2287.756
1311.458 2004.933
1802.857 2284.275
1796.016 2296.493
1767.392 2261.738
1657.070 2228.804
1489.895 2464.231
1260.692 2201.080
1353.750 2472.189
1621.174 2406.949
1785.022 2061.563
1356.568 2065.356
1479.216 2154.235
1466.600 2142.296
1561.381 2018.610
1492.859 2337.845
1736.277 2174.058
1269.258 2341.641
1749.578 2436.125
1797.141 2192.914
1252.471 2457.097
1621.482 2412.635
1321.781 2503.733
1634.937 2444.293
1446.214 2083.088
1521.344 2409.800
1679.614 2280.192
1663.904 2230.863
1700.003 2385.267
1649.389 2486.568
1689.572 2395.597
1769.436 2453.440
1487.396 2250.658
1784.312 2476.168
1579.975 2004.145
1681.751 2507.708
1249.761 2283.782
1298.330 2010.139
1800.311 2201.728
1728.209 2074.889
1556.057 1995.058
1390.713 2443.780
1473.533 2240.631
1329.745 2449.532
1315.532 2314.090
1263.711 2128.774
1271.572 2199.688
1763.571 2482.664
1542.367 2374.792
1516.640 2040.898
1714.021 2458.572
1407.152 2466.582
1358.465 2021.666
1522.559 2451.678
1445.576 2403.149
1785.673 2447.904
1656.836 2285.515
1650.999 2194.035
1716.534 2333.715
1776.407 2403.284
1460.096 2115.410
1333.207 2376.871
1788.313 2538.511
1399.772 2014.495
1747.923 2426.533
1708.728 2411.583
1568.422 2518.992
1547.790 2032.579
1804.331 2502.364
1719.004 2308.016
1752.440 2398.545
1651.184 2176.689
1764.612 2031.656
1459.454 2503.257
1250.971 2324.033
1326.715 2447.102
1659.111 2430.233
1400.117 2123.073
1555.699 2096.476
1684.148 2400.091
1597.055 2462.330
1594.854 2089.629
1536.023 2410.606
1479.503 2503.895
1691.152 1998.131
1708.114 2520.780
1621.473 2491.341
1295.324 2195.409
1515.799 2246.187
1467.214 2249.167
1755.180 2155.318
1673.055 2306.799
1733.792 2533.793
1647.117 2458.694
1328.905 2272.238
1274.645 2213.256
1410.442 2447.969
1488.434 2392.295
1565.265 2072.300
1449.337 2367.996
1772.674 2212.483
1372.382 2321.256
1520.554 2190.131
1364.263 2227.102
1570.161 2484.321
1530.131 2412.538
1331.453 2450.362
1368.267 2005.613
1507.634 2084.580
1757.001 2264.544
1779.613 2175.733
1489.622 2059.171
1654.707 2483.990
1509.117 2243.191
1379.627 2523.162
1556.681 2409.355
1701.418 2158.862
1749.572 2403.675
1324.414 2441.610
1339.707 2346.967
1674.335 2096.414
1644.533 2122.401
1672.143 2449.058
1292.628 2380.983
1319.625 2294.038
1532.409 2065.639
1741.530 2125.496
1423.978 2302.293
1568.612 2536.086
1338.984 2545.285
1398.507 2319.854
1338.462 2442.018
1300.420 2333.457
1692.242 2190.185
1633.404 2420.110
1424.477 2207.630
1766.013 2096.973
1720.900 2022.368
1498.918 2415.605
1456.700 2127.347
1568.912 2070.589
1460.734 2455.737
1602.974 2053.897
1737.888 2518.298
1783.208 2133.688
1483.500 2392.086
1455.342 2042.313
1398.775 2024.780
1636.864 2166.486
1464.743 2150.151
1622.705 2425.386
1631.447 2029.707
1662.136 2012.201
1475.322 2042.927
1484.173 2205.206
1550.470 2385.942
1388.091 2461.224
1557.713 2305.493
1585.382 2188.845
1263.912 2344.962
1599.436 2152.053
1700.403 2267.910
1477.991 2162.637
1435.565 2456.032
1401.859 2352.311
1734.578 2349.498
1445.525 2042.312
1559.114 2305.426
1321.859 2412.351
1594.059 2119.966
1717.756 2028.121
1370.870 2103.634
1383.800 2160.245
1659.439 2048.623
1253.659 2345.043
1668.322 2257.477
1597.190 2306.328
1788.392 2466.191
1472.881 2106.547
1785.440 2333.183
1688.965 2314.123
1395.020 2294.634
1634.877 2231.392
1607.156 2040.512
1641.573 2226.182
1499.991 2254.193
1475.166 2021.971
1301.264 2283.977
1510.043 2062.874
1510.169 2539.999
1329.695 2133.666
1599.272 2424.296
1701.850 2366.951
1467.067 2232.460
1316.303 2448.612
1554.764 2165.514
1344.813 2061.131
1360.736 2209.941
1316.899 2443.818
1405.847 2484.630
1309.215 2035.002
1381.202 2036.334
1707.719 2490.866
1502.721 2334.465
1434.338 2322.225
1775.494 2403.984
1796.289 2056.870
1728.646 2103.191
1393.389 2506.471
1551.308 2434.541
1618.084 2412.525
1758.587 2392.885
1562.030 2111.894
1487.534 2284.993
1571.955 2442.346
1674.253 2477.876
1410.637 2173.823
1687.981 2470.019
1761.009 2318.042
1263.649 2514.472
1323.240 2224.309
1693.660 2190.199
1290.436 2257.494
1744.562 2379.556
1405.157 2066.542
1477.137 2308.612
1682.827 2270.248
1381.458 2497.879
1335.378 2537.240
1461.890 2128.823
1276.688 2281.752
1644.214 2417.741
1475.982 2066.996
1608.413 2505.407
1340.595 2051.396
1435.611 2434.006
1288.935 2514.807
1562.645 2541.298
1367.465 2099.934
1564.003 2471.795
1687.482 2516.773
1675.993 2183.701
1557.815 2455.999
1518.861 2439.961
1314.307 2488.349
1744.551 2155.677
1563.570 2343.363
1418.074 2040.126
1332.823 2278.723
1624.984 2048.360
1787.420 2287.102
1320.231 2054.561
1418.099 2347.242
1663.690 2469.364
1724.127 2213.790
1745.403 2361.325
1574.757 2197.841
1289.353 2442.974
1745.840 2233.944
1279.066 2402.304
1554.250 2535.734
1543.822 2427.336
1776.026 2471.736
1619.965 2537.528
1282.429 2081.563
1394.294 2518.930
1694.953 2013.773
1357.738 2203.614
1566.780 2060.357
1658.497 2186.773
1250.975 2318.606
1770.530 2077.769
1773.677 2345.891
1528.726 2183.550
1269.800 2026.597
1566.198 2317.184
1687.975 2145.181
1322.248 1998.249
1372.918 2384.978
1377.758 2077.763
1588.793 2253.114
1271.933 2306.230
1528.424 2506.203
1298.618 2088.093
1747.363 2348.444
1388.221 2482.342
1342.867 2422.882
1432.011 2536.494
1537.509 2053.609
1277.829 2291.914
1385.623 2294.513
1714.802 2332.921
1780.114 2339.531
1406.037 2228.563
1382.643 2459.898
1692.383 2065.773
1600.843 2162.888
1739.941 2142.725
1770.467 2525.751
1678.675 2276.143
1381.475 2406.050
1450.936 2448.734
1742.803 2446.141
1426.902 2381.006
1494.107 2414.515
1386.804 2486.654
1690.621 2245.011
1682.567 2117.944
1438.454 2349.329
1676.651 2003.697
1552.520 2364.279
1428.138 2181.449
1255.318 2391.458
1497.881 2122.781
1774.666 2159.053
1264.123 2167.098
1441.053 2412.460
1306.876 2372.305
1775.661 2307.798
1568.972 2129.063
1447.237 2043.138
1260.225 2531.400
1249.787 2444.437
1439.177 2334.440
1475.304 2117.072
1315.409 2147.277
1274.480 2206.532
1722.231 2125.011
1409.663 2343.269
1274.968 2176.857
1651.256 2453.132
1389.861 2410.799
1599.465 2327.965
1351.756 2187.266
1449.333 2071.571
1658.810 2394.913
1550.915 2252.514
1795.975 2298.454
1285.111 2478.347
1349.759 2274.226
1783.302 2260.095
1345.951 2064.571
1636.475 2017.099
1697.748 2057.282
1573.861 2534.030
1720.198 2458.766
1410.365 2502.297
1467.644 2435.854
1652.401 1999.355
1378.883 2400.322
1460.910 2502.371
1675.492 2517.639
1267.674 2311.886
1279.356 2451.689
1304.993 2343.163
1729.331 2092.937
1413.313 1991.525
1738.825 2422.507
1531.194 2343.428
1464.391 2406.903
1321.906 2023.808
1403.892 2458.667
1803.759 2377.218
1480.172 2523.597
1692.168 2215.807
1487.939 2270.959
1295.136 2385.775
1619.610 2478.929
1488.467 2289.949
1278.332 2009.601
1748.123 2078.213
1576.987 2037.304
1580.028 2287.310
1752.543 2198.768
1688.170 2165.522
1646.350 2056.784
1341.213 2193.142
1611.612 2515.014
1272.093 2034.224
1509.170 2342.275
1373.844 2487.120
1362.369 2303.937
1680.225 2148.980
1565.191 2170.888
1753.345 2004.934
1531.918 2024.864
1436.380 2259.120
1525.001 2235.194
1714.960 2027.313
1689.133 2443.398
1255.584 2235.364
1763.081 2315.568
1755.864 2502.570
1365.650 2061.078
1557.624 2324.354
1689.023 2436.046
1647.821 2081.029
1284.514 2013.330
1516.091 2340.376
1441.499 2088.792
1374.930 2367.552
1791.049 2182.655
1778.389 2541.982
1296.771 2349.727
1574.278 2442.813
1435.028 2054.415
1493.382 2145.542
1648.029 1999.493
1362.418 2525.126
1318.567 2022.871
1474.473 2009.715
1675.815 2098.763
1297.957 2315.885
1774.275 2273.013
1408.072 2121.769
1634.667 2154.751
1458.208 2477.822
1296.899 2388.153
1566.642 2075.987
1523.702 2048.861
1253.695 2320.089
1452.105 2436.277
1447.380 2487.005
1771.523 2493.941
1309.196 2216.265
1442.982 2226.528
1575.967 2035.458
1592.589 2355.049
1427.297 2167.443
1701.757 2221.024
1785.695 2528.745
1649.642 2412.350
1654.270 2387.754
1540.826 2324.134
1521.155 2312.523
1522.472 2452.485
1325.230 2068.129
1528.392 2311.564
1612.116 2280.750
1300.504 2345.776
1690.950 2530.479
1695.567 2368.031
1437.091 2217.133
1539.851 2119.094
1631.160 2219.792
1568.846 2440.060
1532.971 2179.332
1668.079 2059.016
1524.041 2354.449
1598.945 2077.508
1348.812 2467.202
1473.295 2178.086
1683.239 2029.060
1719.785 2017.513
1295.617 2057.515
1595.100 2035.760
1674.243 2065.511
1607.144 2038.808
1381.838 2478.088
1561.850 2066.484
1307.831 2204.520
1412.133 2144.722
1775.010 2306.571
1287.529 2103.690
1371.488 2527.659
1468.899 2055.731
1740.279 2174.926
1653.896 2524.921
1274.517 2528.464
1671.619 2152.954
1643.520 2160.355
1302.008 2045.612
1337.945 2153.854
1766.814 2235.929
1602.339 2155.170
1769.739 2474.275
1670.439 2427.394
1774.867 2443.612
1796.748 2397.518
1433.874 2316.145
1334.320 2414.055
1498.450 2204.813
1457.043 2159.000
1626.112 2065.054
1269.180 2174.480
1346.237 2055.934
1698.334 2493.202
1568.038 2329.055
1504.966 2361.269
1628.587 2015.811
1412.307 2258.110
1330.862 2323.269
1540.157 2310.464
1769.180 2204.621
1454.215 2485.404
1254.797 2145.786
1619.401 2332.308
1781.353 1991.839
1552.063 2472.024
1297.753 2306.472
1497.229 2201.514
1548.747 2284.885
1354.489 2506.168
1341.432 2307.855
1608.576 2065.220
1676.024 2355.481
1726.940 2495.537
1727.808 2057.907
1446.890 2537.113
1320.208 2473.673
1576.468 2349.711
1327.414 2062.401
1406.082 2449.404
1426.753 2525.183
1668.549 2401.261
1411.011 2377.975
1635.685 2436.619
1654.788 2091.692
1359.116 2396.530
1306.838 2331.995
1544.093 2491.993
1368.597 2245.562
1758.479 2087.084
1703.656 2491.216
1308.689 2222.930
1430.859 2142.780
1486.588 2158.130
1598.793 2119.913
1337.313 2350.953
1452.991 2516.143
1368.674 2372.248
1604.010 2014.338
1490.073 2460.745
1506.760 2330.073
1748.311 2030.407
1799.607 2097.737
1629.714 2466.868
1354.124 2127.010
1742.649 2003.199
1264.518 2132.853
1352.846 2035.479
1448.644 2444.331
1725.311 2110.625
1571.068 2131.892
1627.801 2222.419
1532.230 2452.137
1267.646 2262.130
1561.970 2261.788
1501.843 2032.219
1582.734 2444.667
1309.821 2426.055
1478.840 2249.279
1404.653 2400.435
1534.842 2517.450
1323.429 2039.119
1797.603 2031.849
1320.014 2058.322
1662.599 2088.364
1620.353 2216.757
1364.866 2375.846
1626.601 2239.564
1752.120 2018.563
1625.430 2144.566
1535.019 2081.952
1660.582 2069.175
1347.555 2440.933
1494.244 2221.591
1338.974 2179.390
1371.237 2501.990
1480.325 2182.545
1592.802 2276.443
1508.002 2175.400
1424.577 2437.011
1322.096 2513.368
1500.141 2201.019
1526.052 2279.570
1758.124 2530.012
1581.816 2408.535
1366.664 2491.571
1411.003 2253.338
1545.955 2084.901
1572.737 2311.800
1755.591 2278.346
1603.049 2324.147
1512.622 2531.794
1643.487 2163.088
1682.090 1999.121
1743.132 2298.630
1650.687 2511.098
1799.711 2164.211
1785.558 2165.925
1289.170 2427.417
1263.283 2293.654
1469.784 2352.604
1491.506 2234.438
1790.896 2042.412
1595.121 2492.322
1773.659 2308.400
1291.745 2201.473
1641.596 2370.527
1333.948 2136.187
1401.301 2217.880
1342.685 2522.642
1438.974 2431.372
1288.138 2097.508
1578.638 2389.833
1763.022 2227.397
1707.655 2199.941
1680.394 2531.672
1427.558 2434.630
1658.082 1994.228
1490.129 2186.886
1602.953 1998.802
1682.799 2010.876
1352.175 2147.441
1377.177 2116.882
1565.537 2400.668
1605.727 2335.984
1387.225 2133.127
1803.925 2093.131
1406.842 2385.405
1678.002 2014.662
1797.926 2225.831
1507.571 2151.456
1457.146 2197.522
1753.096 2189.665
1459.895 2286.140
1491.905 2336.251
1315.331 2350.076
1432.335 2529.573
1676.899 2459.529
1536.899 1991.558
1411.283 1997.951
1671.099 2061.290
1456.190 2402.284
1715.963 2099.102
1544.698 2429.164
1388.006 2423.155
1260.720 1998.409
1622.703 2467.463
1792.231 2459.731
1643.672 2352.949
1448.959 2141.681
1569.955 2393.253
1335.507 2383.191
1438.216 2100.608
1389.125 2426.011
1478.741 2132.991
1574.560 2353.664
1422.320 2130.294
1714.107 2162.398
1741.166 2348.404
1456.730 2228.776
1728.589 2049.057
1747.331 2147.170
1747.633 2525.677
1593.413 2358.781
1721.416 2359.182
1707.682 2184.616
1636.344 2112.519
1590.814 2459.759
1703.563 2521.869
1442.242 2402.742
1299.935 2040.911
1596.025 2304.853
1602.064 2143.202
1657.333 2032.663
1271.897 2515.510
1635.858 2118.334
1666.582 2024.032
1412.727 2027.445
1615.467 1995.409
1619.862 2519.316
1508.814 2242.615
1537.709 2475.119
1426.068 2300.594
1265.039 2019.127
1522.468 2278.777
1606.218 2522.988
1512.475 2538.332
1513.277 2029.230
1556.467 2074.571
1783.788 2309.284
1541.366 2000.955
1579.661 2140.456
1783.966 2134.479
1679.662 2198.630
1615.802 2390.134
1488.240 2362.758
1783.533 2444.810
1260.250 2001.039
1447.976 2356.761
1660.072 2223.874
1385.658 2174.086
1275.553 2165.485
1609.630 2403.674
1305.138 2332.831
1342.745 2530.753
1622.932 2335.431
1735.490 2217.735
1536.156 2387.378
1381.937 2521.937
1607.615 2070.655
1655.685 2000.921
1594.576 2107.097
1589.564 2368.373
1295.275 2500.046
1739.510 2389.100
1443.879 2395.994
1749.646 2061.934
1744.556 2224.234
1728.261 2543.386
1610.986 2382.598
1460.879 2173.552
1379.271 2160.824
1649.600 2153.636
1317.745 2091.595
1638.630 2412.762
1556.823 2476.889
1687.462 2066.746
1566.622 1996.652
1346.463 2107.219
1455.594 2087.603
1645.740 2380.069
1439.124 2075.711
1307.502 2543.524
1698.086 2336.788
1706.711 2408.622
1432.021 2354.092
1778.598 2004.662
1285.852 2388.566
1409.300 2177.042
1613.927 2388.042
1414.893 2014.188
1378.741 2196.363
1453.716 2127.259
1478.065 2164.346
1698.062 2032.770
1716.518 2049.906
1314.433 2114.182
1274.092 2250.729
1587.734 2069.088
1538.998 2288.813
1512.149 2199.293
1529.715 2154.107
1324.200 2314.627
1620.401 2482.187
1769.676 2163.177
1427.829 2313.599
1765.308 2071.337
1684.143 2521.006
1334.365 2334.829
1265.606 2500.804
1262.297 2518.195
1512.111 2129.963
1469.876 2306.617
1668.346 2426.966
1676.072 2427.500
1453.724 2169.549
1412.399 1992.344
1777.737 2173.296
1740.585 2413.712
1624.202 2200.647
1563.936 2045.996
1310.515 1995.215
1526.049 2281.116
1697.431 2308.722
1759.165 2032.996
1728.025 2412.418
1576.740 2415.713
1536.343 2251.170
1416.262 2368.269
1276.217 2122.841
1262.110 2241.751
1338.346 2338.359
1568.460 2241.697
1405.759 2112.157
1462.460 2187.956
1332.326 2034.841
1617.441 2330.376
1522.735 2420.907
1775.351 2171.934
1653.249 2274.448
1565.206 2493.971
1439.328 2179.921
1730.771 2416.547
1273.498 2283.255
1287.227 2158.528
1446.194 2454.467
1693.824 2391.389
1378.207 1992.926
1549.301 2015.387
1622.809 2422.076
1297.072 2430.503
1500.320 2272.738
1526.297 2330.849
1352.442 2413.767
1774.716 1997.438
1788.374 2356.060
1510.266 2388.529
1495.913 2155.987
1251.407 2437.897
1262.441 2444.609
1786.039 2273.027
1289.671 2150.915
1537.043 2197.302
1665.033 2217.073
1783.715 2061.621
1596.767 2065.004
1610.979 2108.400
1664.651 2037.742
1271.688 2212.474
1776.151 2429.713
1567.033 2119.465
1800.379 2464.926
1617.512 2448.226
1633.135 2200.327
1621.908 2403.494
1389.622 2483.132
1442.654 2494.787
1360.499 2031.319
1276.526 2497.556
1784.827 2098.489
1753.419 2439.560
1561.985 2179.681
1270.330 2272.882
1793.782 2010.367
1304.966 2399.968
1748.878 2208.629
1300.874 2470.002
1312.625 2285.584
1738.144 2323.978
1570.118 2541.404
1594.856 2355.175
1375.290 2317.475
1628.764 2173.769
1574.472 2373.897
1500.696 2483.951
1486.671 2371.529
1565.222 2175.848
1399.567 2165.587
1363.998 2133.294
1680.930 2270.570
1581.631 2267.387
1572.703 2110.296
1545.259 2318.484
1311.997 2028.347
1651.842 2459.062
1456.306 2274.477
1410.691 2365.123
2275.348 1456.076
2637.757 1555.878
2738.481 1743.801
2396.557 1325.578
2470.613 1510.554
2561.308 1711.638
2237.168 1464.284
2624.113 1433.584
2583.683 1477.733
2272.538 1689.571
2325.444 1457.573
2401.877 1604.886
2536.540 1659.328
2451.235 1550.678
2348.365 1246.973
2700.824 1701.613
2303.140 1483.079
2474.992 1745.694
2726.958 1603.779
2249.599 1767.334
2729.287 1719.389
2502.473 1370.174
2622.779 1525.989
2618.141 1592.343
2503.946 1514.898
2450.375 1276.749
2499.926 1694.999
2444.346 1411.629
2730.254 1304.633
2590.629 1404.961
2455.069 1485.841
2618.691 1340.574
2547.654 1411.715
2625.325 1746.164
2332.717 1616.401
2434.969 1380.795
2464.465 1452.910
2278.475 1653.136
2314.066 1436.161
2616.331 1600.528
2315.636 1396.791
2531.227 1399.227
2404.099 1233.537
2588.998 1663.963
2507.333 1408.695
2599.200 1375.305
2669.493 1484.170
2474.108 1301.471
2287.159 1307.463
2392.813 1480.156
2279.556 1419.969
2637.483 1309.864
2295.343 1475.647
2562.953 1311.302
2536.097 1542.109
2542.406 1286.652
2416.183 1465.411
2478.012 1635.731
2306.854 1703.282
2387.852 1483.299
2279.218 1333.246
2618.754 1682.240
2431.312 1557.161
2664.782 1262.401
2338.866 1707.087
2376.370 1467.376
2685.760 1549.456
2424.021 1544.755
2643.467 1515.304
2260.574 1731.754
2539.095 1273.106
2326.096 1635.928
2609.434 1776.339
2666.094 1613.198
2245.747 1454.932
2305.446 1514.824
2652.736 1329.058
2541.546 1760.366
2694.881 1391.422
2442.771 1628.737
2486.028 1393.414
2377.001 1451.271
2621.696 1338.783
2696.455 1759.103
2328.341 1268.254
2457.030 1400.650
2532.869 1271.228
2219.059 1705.339
2667.379 1617.423
2273.911 1313.623
2679.715 1701.010
2347.051 1530.108
2478.219 1503.159
2606.239 1269.506
2476.048 1710.529
2572.196 1296.842
2296.868 1367.294
2233.503 1542.853
2458.366 1332.616
2742.599 1669.628
2251.345 1738.119
2259.368 1297.637
2412.304 1483.294
2640.536 1752.906
2392.967 1455.723
2267.839 1236.385
2478.637 1645.595
2638.125 1560.072
2397.692 1244.669
2319.959 1451.663
2540.409 1548.561
2399.564 1471.893
2710.873 1238.474
2333.916 1502.524
2710.194 1331.388
2273.346 1532.039
2521.755 1280.235
2414.543 1616.228
2426.528 1467.372
2375.168 1447.139
2460.325 1325.243
2229.603 1608.080
2230.030 1613.287
2234.211 1567.615
2494.628 1261.324
2209.545 1722.190
2703.588 1511.260
2257.782 1421.264
2468.427 1279.454
2199.990 1771.429
2536.211 1768.871
2239.786 1269.383
2371.259 1567.040
2698.350 1544.409
2744.843 1679.585
2256.469 1495.648
2638.932 1308.100
2428.188 1633.253
2521.880 1617.807
2225.935 1700.224
2266.931 1678.610
2725.300 1418.828
2687.702 1562.965
2322.032 1517.380
2462.812 1582.763
2637.397 1509.839
2210.154 1539.828
2632.493 1450.706
2466.610 1651.024
2534.229 1572.395
2647.473 1249.265
2677.638 1735.114
2654.729 1636.500
2442.934 1223.504
2734.046 1232.948
2279.839 1256.456
2254.690 1756.784
2345.117 1445.724
2650.911 1643.638
2612.292 1724.376
2230.844 1764.958
2343.065 1552.670
2633.529 1409.378
2687.598 1565.430
2497.059 1240.220
2423.964 1395.258
2497.126 1276.335
2500.030 1353.924
2365.978 1356.463
2621.438 1355.566
2295.495 1528.213
2682.964 1297.053
2595.219 1480.253
2629.694 1676.348
2262.135 1567.989
2264.531 1283.886
2266.130 1315.369
2582.520 1322.139
2613.276 1718.659
2604.217 1251.133
2288.974 1223.768
2463.555 1416.767
2441.432 1309.223
2519.074 1671.068
2200.659 1420.883
2416.517 1481.802
2354.350 1641.910
2474.826 1314.912
2699.941 1362.949
2680.745 1496.384
2665.834 1294.186
2531.559 1620.542
2327.123 1341.380
2247.331 1404.459
2725.835 1303.325
2313.396 1521.749
2737.337 1418.973
2442.846 1756.016
2493.100 1398.940
2603.004 1427.291
2366.827 1739.311
2477.876 1717.662
2637.575 1585.411
2265.850 1670.785
2202.524 1657.544
2470.010 1720.417
2271.286 1485.592
2745.189 1434.440
2655.012 1354.674
2397.330 1248.302
2489.544 1683.181
2234.077 1587.076
2213.446 1372.635
2620.058 1505.203
2306.502 1755.494
2673.560 1603.159
2224.786 1595.327
2548.716 1452.768
2312.425 1612.005
2744.033 1730.351
2445.214 1592.139
2581.017 1423.582
2522.383 1601.223
2396.508 1617.953
2386.808 1445.741
2207.344 1502.326
2495.860 1265.929
2747.932 1679.917
2630.124 1478.603
2251.907 1498.009
2683.636 1700.583
2581.974 1706.850
2613.330 1698.941
2642.734 1226.217
2455.112 1352.629
2740.222 1729.447
2673.907 1545.994
2744.980 1245.753
2426.240 1290.733
2202.699 1399.432
2526.801 1373.689
2603.479 1223.552
2372.927 1744.825
2391.781 1395.372
2710.317 1485.026
2627.492 1442.723
2697.883 1657.749
2659.567 1347.548
2281.139 1636.235
2336.993 1569.462
2651.154 1533.333
2346.718 1707.713
2697.756 1423.239
2568.229 1633.275
2517.477 1644.350
2407.577 1398.018
2543.415 1564.662
2562.244 1657.342
2516.267 1421.075
2741.423 1304.858
2519.606 1503.092
2554.312 1656.146
2402.944 1774.923
2441.496 1590.046
2685.831 1373.860
2220.784 1332.117
2352.780 1429.453
2662.887 1533.614
2645.301 1268.612
2213.707 1400.856
2466.095 1365.207
2456.704 1747.747
2468.963 1256.945
2682.910 1502.638
2206.179 1331.357
2612.925 1556.375
2377.515 1344.115
2571.725 1349.269
2479.438 1611.407
2209.393 1660.765
2304.835 1254.992
2721.757 1280.089
2637.088 1564.929
2214.936 1612.111
2540.717 1334.843
2481.529 1413.406
2414.878 1293.115
2207.473 1748.782
2389.035 1407.200
2440.156 1629.785
2465.228 1260.250
2269.230 1414.053
2443.934 1685.087
2514.420 1278.763
2377.928 1341.506
2575.415 1765.359
2375.580 1342.488
2539.850 1235.799
2667.214 1386.116
2506.202 1361.672
2295.496 1535.597
2284.669 1580.091
2276.699 1359.588
2450.605 1641.583
2517.882 1671.296
2465.706 1299.426
2683.117 1586.797
2380.825 1774.613
2442.295 1436.913
2750.926 1429.652
2596.287 1260.671
2349.413 1322.173
2327.182 1530.293
2521.028 1407.182
2326.366 1235.921
2306.613 1269.854
2620.895 1264.769
2534.817 1574.215
2285.545 1647.246
2667.131 1430.746
2428.092 1387.565
2447.467 1727.119
2677.959 1379.043
2668.495 1368.701
2742.066 1453.114
2536.944 1697.501
2318.310 1671.389
2648.739 1671.375
2241.560 1298.893
2642.535 1742.524
2322.281 1546.757
2544.710 1334.701
2206.649 1692.380
2230.816 1673.439
2248.923 1335.924
2542.374 1726.466
2482.542 1349.725
2216.363 1499.683
2502.046 1364.782
2678.175 1573.867
2252.477 1657.322
2350.004 1382.806
2667.701 1239.067
2201.378 1704.298
2555.733 1748.671
2322.393 1705.987
2219.123 1762.575
2624.505 1527.968
2415.837 1627.909
2358.967 1538.954
2347.512 1355.828
2501.647 1258.249
2705.076 1447.168
2251.098 1692.492
2280.718 1305.906
2571.844 1439.300
2244.430 1683.260
2390.470 1254.055
2690.930 1524.131
2365.441 1307.496
2691.432 1415.999
2404.046 1357.940
2202.350 1525.279
2652.609 1311.108
2245.819 1711.463
2439.304 1258.537
2426.813 1359.228
2673.489 1667.450
2554.141 1465.942
2500.651 1444.355
2637.160 1644.464
2624.747 1699.820
2273.977 1608.637
2649.803 1579.414
2531.363 1263.608
2696.245 1269.406
2364.632 1431.999
2242.980 1332.869
2509.032 1381.148
2554.945 1241.623
2734.789 1575.589
2665.080 1468.696
2663.880 1738.604
2687.862 1719.567
2434.331 1753.346
2614.569 1540.365
2698.647 1559.595
2361.412 1306.873
2473.328 1571.390
2496.982 1745.345
2312.860 1339.412
2305.550 1709.823
2365.814 1324.467
2569.144 1646.066
2730.782 1390.729
2699.502 1283.581
2617.474 1611.520
2713.805 1283.590
2270.187 1466.204
2402.161 1244.757
2478.031 1274.445
2706.261 1386.010
2375.824 1674.247
2600.061 1280.275
2532.712 1450.886
2413.412 1384.042
2524.047 1614.945
2532.067 1417.730
2474.806 1282.442
2542.193 1647.637
2366.861 1493.307
2415.227 1527.286
2476.917 1326.823
2455.616 1519.033
2349.496 1446.221
2622.738 1747.098
2264.462 1734.048
2316.744 1397.196
2555.793 1351.680
2440.964 1444.927
2518.089 1355.805
2348.355 1546.195
2236.039 1436.896
2706.351 1499.399
2739.744 1699.014
2389.894 1492.503
2216.390 1593.959
2324.936 1602.343
2304.222 1519.805
2508.453 1570.071
2475.845 1229.280
2407.433 1444.783
2600.913 1600.161
2432.023 1647.322
2587.148 1678.742
2557.047 1262.982
2273.666 1495.388
2548.823 1249.697
2365.221 1646.533
2593.254 1726.934
2483.426 1640.555
2646.647 1547.700
2576.561 1250.652
2467.334 1247.157
2629.586 1660.443
2306.745 1361.646
2615.739 1251.357
2328.024 1600.438
2562.933 1666.223
2485.778 1366.777
2628.170 1614.390
2421.027 1699.638
2365.862 1770.195
2402.217 1693.428
2446.138 1717.346
2201.244 1607.243
2380.604 1563.307
2377.755 1526.343
2346.816 1296.958
2592.009 1292.715
2226.249 1778.096
2389.697 1670.063
2347.106 1363.669
2737.372 1406.715
2432.982 1360.327
2669.061 1673.478
2325.774 1503.662
2388.181 1515.692
2205.049 1441.040
2568.401 1347.146
2561.255 1271.571
2331.829 1718.840
2343.125 1312.324
2747.857 1366.106
2222.314 1439.374
2257.579 1656.521
2443.026 1561.781
2697.921 1392.046
2301.230 1734.356
2704.983 1453.874
2732.372 1652.663
2392.325 1752.010
2658.812 1385.039
2331.455 1747.070
2468.272 1744.452
2427.074 1660.236
2208.794 1326.747
2579.226 1420.383
2677.024 1508.899
2481.603 1527.781
2234.447 1273.387
2376.854 1721.207
2655.865 1708.213
2446.649 1274.758
2431.084 1437.839
2248.575 1316.795
2309.388 1649.481
2511.941 1669.585
2353.221 1299.348
2256.640 1678.394
2728.289 1312.932
2398.371 1703.449
2355.139 1352.350
2231.875 1617.780
2652.537 1329.167
2698.191 1409.848
2727.341 1601.376
2350.618 1616.641
2305.004 1726.255
2275.037 1632.608
2526.962 1332.663
2311.241 1634.741
2733.919 1252.441
2693.699 1744.225
2418.152 1355.221
2660.723 1621.157
2737.521 1774.585
2730.507 1223.712
2229.959 1430.085
2290.903 1734.168
2449.894 1741.590
2739.261 1557.642
2440.876 1295.383
2592.148 1717.034
2493.304 1734.388
2699.071 1251.716
2679.758 1695.247
2206.434 1524.629
2271.797 1248.630
2726.469 1466.711
2319.313 1311.707
2438.260 1484.585
2708.287 1282.100
2592.173 1414.466
2737.440 1408.572
2593.690 1573.929
2427.449 1772.798
2730.464 1254.925
2520.356 1229.901
2446.165 1340.335
2459.414 1466.136
2255.342 1293.450
2565.542 1271.182
2746.034 1586.482
2602.263 1560.126
2419.815 1589.290
2377.112 1477.267
2244.198 1777.359
2685.411 1356.311
2558.799 1733.689
2604.441 1608.787
2611.134 1552.309
2266.012 1369.758
2376.937 1621.943
2430.564 1533.773
2383.105 1402.438
2714.771 1546.918
2479.481 1670.638
2250.220 1271.177
2639.076 1278.377
2364.454 1555.936
2751.607 1533.715
2582.090 1361.568
2417.909 1362.632
2307.149 1550.186
2604.168 1543.845
2509.616 1758.693
2427.587 1422.857
2219.486 1398.655
2581.751 1561.876
2394.567 1406.618
2449.674 1705.158
2445.565 1529.630
2341.865 1618.951
2744.104 1269.872
2744.989 1720.440
2473.141 1488.604
2450.415 1242.149
2244.588 1382.153
2661.650 1658.869
2675.417 1569.413
2207.161 1499.383
2542.640 1412.986
2330.242 1322.098
2700.266 1628.164
2478.306 1770.872
2320.276 1231.876
2241.545 1591.807
2402.827 1369.364
2463.261 1739.435
2698.101 1720.353
2623.808 1569.359
2329.224 1349.729
2308.654 1395.714
2481.449 1496.307
2531.236 1700.803
2447.606 1455.232
2414.501 1491.263
2600.450 1762.513
2207.337 1499.841
2469.732 1368.310
2404.517 1772.200
2323.046 1701.903
2208.925 1268.625
2439.102 1674.448
2390.659 1696.847
2416.838 1740.491
2656.107 1341.627
2704.129 1544.250
2650.526 1616.855
2551.102 1635.446
2279.614 1534.991
2462.253 1653.179
2249.999 1293.366
2257.614 1482.579
2642.140 1598.529
2651.300 1357.821
2560.730 1406.724
2671.957 1460.415
2241.304 1773.235
2604.083 1749.083
2339.726 1389.149
2629.550 1298.754
2428.832 1664.169
2442.802 1658.104
2403.686 1308.846
2517.349 1614.516
2387.123 1676.659
2495.338 1764.515
2680.367 1553.202
2699.287 1750.009
2389.861 1710.108
2247.606 1651.254
2701.661 1546.284
2743.206 1703.611
2267.322 1482.162
2645.020 1591.892
2381.917 1769.469
2697.217 1385.660
2544.950 1302.347
2200.416 1506.708
2501.952 1322.701
2621.171 1288.675
2297.698 1635.154
2612.294 1683.114
2576.728 1564.500
2550.824 1625.445
2279.800 1441.349
2491.463 1591.732
2438.135 1349.283
2612.386 1309.036
2747.555 1478.421
2717.213 1419.908
2527.859 1698.927
2613.412 1561.899
2511.238 1269.668
2524.776 1683.437
2520.876 1435.354
2431.687 1357.574
2369.802 1605.583
2282.366 1322.811
2561.509 1400.393
2275.610 1314.213
2533.306 1399.820
2590.640 1567.229
2478.846 1465.166
2222.693 1590.196
2575.616 1528.586
2211.785 1347.824
2299.072 1269.308
2567.129 1318.145
2392.190 1532.075
2738.596 1610.598
2549.136 1549.422
2403.309 1295.919
2394.513 1527.005
2320.387 1302.113
2341.926 1660.564
2395.919 1514.980
2657.000 1471.182
2565.455 1313.072
2235.246 1770.652
2290.706 1641.491
2238.718 1545.954
2289.363 1464.282
2224.703 1330.206
2585.792 1304.832
2731.476 1539.763
2380.218 1411.398
2518.878 1338.810
2748.670 1292.792
2202.178 1584.193
2230.961 1416.358
2735.585 1324.195
2424.620 1459.584
2570.672 1553.106
2241.838 1266.098
2447.922 1657.755
2420.804 1301.520
2350.315 1338.407
2501.148 1579.826
2514.189 1576.172
2539.914 1724.679
2406.255 1279.851
2506.615 1775.804
2581.897 1460.619
2570.687 1354.126
2727.555 1609.095
2400.876 1489.136
2686.367 1273.763
2452.556 1536.234
2706.231 1380.025
2600.628 1487.075
2505.589 1702.935
2731.448 1737.991
2310.128 1646.755
2269.700 1237.599
2557.539 1769.996
2311.956 1579.884
2539.708 1266.543
2535.169 1626.991
2282.422 1498.963
2221.477 1460.877
2244.558 1235.758
2672.730 1705.045
2649.005 1533.516
2485.763 1272.317
2371.546 1529.784
2592.907 1608.099
2456.410 1466.943
2282.461 1734.981
2197.702 1256.237
2283.381 1543.915
2314.027 1382.270
2266.196 1283.876
2379.421 1435.654
2214.950 1493.949
2455.157 1755.756
2667.466 1307.866
2695.809 1612.432
2584.567 1234.312
2433.637 1309.781
2307.478 1640.912
2609.164 1287.772
2495.335 1602.202
2595.794 1383.475
2513.050 1269.025
2598.886 1367.464
2245.391 1461.447
2343.541 1436.225
2328.594 1423.080
2690.234 1631.226
2617.483 1717.088
2463.008 1500.283
2464.836 1248.427
2301.316 1296.637
2363.979 1347.099
2340.795 1677.846
2284.097 1265.477
2524.326 1431.506
2698.341 1455.637
2597.662 1652.057
2571.065 1616.862
2391.893 1631.743
2242.472 1749.755
2679.886 1679.548
2320.386 1387.138
2462.222 1682.912
2637.153 1371.776
2456.340 1524.863
2458.609 1505.827
2732.987 1369.788
2274.795 1593.299
2335.933 1731.362
2456.874 1619.737
2421.598 1331.952
2410.326 1693.546
2716.556 1534.679
2520.429 1356.662
2674.145 1597.165
2637.434 1548.615
2464.000 1623.317
2291.817 1289.687
2359.620 1556.284
2380.393 1715.409
2668.456 1546.673
2615.627 1409.863
2503.627 1757.324
2633.733 1229.435
2223.139 1385.737
2672.117 1362.558
2261.133 1374.135
2432.307 1756.961
2445.705 1536.962
2389.702 1349.790
2645.871 1347.666
2401.554 1295.925
2719.543 1728.614
2208.944 1448.873
2244.189 1719.425
2493.462 1279.847
2402.080 1522.934
2416.457 1580.498
2337.562 1563.117
2242.491 1725.631
2628.636 1224.324
2598.101 1587.391
2291.167 1628.880
2213.232 1481.863
2353.898 1516.315
2734.577 1538.388
2338.575 1233.469
2434.273 1521.815
2367.561 1588.400
2332.650 1308.233
2240.662 1317.044
2551.607 1531.700
2677.751 1590.599
2380.462 1227.018
2333.494 1528.656
2530.742 1541.474
2678.541 1521.863
2597.848 1588.415
2724.066 1239.614
2398.784 1697.166
2649.301 1433.305
2331.336 1649.066
2516.631 1518.150
2258.283 1320.552
2526.086 1320.884
2301.036 1320.441
2605.780 1470.477
2397.526 1778.066
2446.359 1645.823
2679.905 1637.495
2463.334 1311.671
2703.953 1410.029
2215.177 1469.529
2307.858 1627.778
2495.636 1253.374
2552.622 1680.239
2279.244 1709.415
2237.307 1324.471
2469.877 1709.638
2346.371 1234.391
2331.551 1713.235
2573.142 1653.287
2307.795 1700.810
2574.862 1259.591
2395.262 1495.823
2670.561 1542.045
2403.157 1538.937
2396.147 1352.617
2228.215 1323.251
2732.736 1383.568
2456.877 1627.589
2248.661 1432.675
2304.431 1530.596
2479.498 1306.888
2559.611 1285.073
2403.115 1261.806
2692.573 1256.246
2626.315 1405.889
2391.347 1377.054
2256.404 1616.419
2534.333 1507.822
2621.963 1617.759
2409.062 1402.803
2664.976 1728.218
2432.358 1443.900
2485.529 1565.851
2312.051 1420.122
2662.069 1424.902
2681.338 1478.368
2357.382 1775.562
2673.467 1384.529
2483.597 1520.483
2739.129 1338.011
2531.619 1453.228
2669.511 1777.543
2250.148 1264.041
2452.363 1660.163
2423.798 1584.118
2687.794 1708.556
2550.170 1445.074
2456.469 1459.140
2358.299 1621.187
2317.828 1749.201
2234.555 1455.506
2463.288 1412.659
2672.430 1578.603
2471.417 1701.021
2536.935 1267.604
2397.950 1700.531
2638.449 1557.652
2408.237 1326.183
2237.598 1463.814
2270.889 1713.828
2397.988 1388.280
2338.775 1456.597
2311.510 1503.587
2408.791 1650.576
2477.351 1436.623
2443.635 1583.241
2727.672 1472.650
2643.377 1729.499
2400.611 1412.445
2532.043 1295.305
2273.827 1527.904
2738.829 1642.882
2532.019 1285.457
2578.372 1418.472
2389.224 1288.213
2700.482 1309.940
2625.556 1319.154
2623.716 1285.578
2552.859 1523.535
2466.179 1259.683
2454.585 1284.427
2725.441 1760.368
2477.122 1469.592
2433.129 1674.639
2488.857 1776.228
2599.507 1701.521
2565.002 1274.159
2543.921 1332.941
2649.722 1315.962
2652.996 1489.180
2571.878 1748.284
2484.241 1404.856
2447.190 1685.956
2713.922 1478.772
2570.415 1242.745
2606.731 1648.862
2726.830 1633.148
2592.713 1224.162
2574.428 1665.826
2677.843 1427.477
2225.277 1322.647
2607.438 1471.983
2606.374 1473.154
2697.634 1359.927
2469.985 1717.226
2206.556 1474.126
2409.230 1365.714
2545.880 1232.005
2213.180 1393.867
2652.354 1505.515
2725.039 1581.436
2340.749 1757.169
2503.375 1615.465
2249.756 1317.363
2399.473 1602.081
2618.731 1616.642
2433.097 1735.328
2669.800 1772.568
2552.356 1651.798
2412.728 1676.775
2642.158 1664.868
2243.549 1292.543
2538.585 1279.143
2368.427 1688.239
2405.105 1428.030
2295.610 1576.361
2554.928 1570.498
2233.733 1616.754
2687.743 1610.370
2271.669 1385.461
2320.768 1329.720
2549.518 1248.884
2208.083 1355.914
2530.832 1426.598
2446.503 1763.001
2483.068 1381.493
2324.976 1335.550
2643.859 1630.827
2272.963 1497.745
2681.371 1554.531
2704.199 1414.600
2330.159 1342.456
2660.540 1586.840
2627.871 1513.496
2534.902 1445.039
2205.185 1622.566
2472.832 1421.723
2734.525 1577.148
2487.576 1708.831
2444.319 1624.370
2747.639 1584.297
2542.128 1651.763
2250.036 1578.686
2532.610 1651.047
2543.325 1471.497
2227.580 1370.511
2227.809 1360.730
2206.988 1481.900
2618.677 1310.984
2287.376 1320.809
2588.604 1328.335
2352.941 1526.042
2520.830 1239.109
2628.584 1714.646
2591.012 1718.933
2274.179 1358.403
2203.199 1287.929
2481.108 1314.513
2460.352 1424.852
2648.744 1343.438
2568.857 1438.841
2561.273 1747.373
2486.115 1315.786
2414.375 1774.422
2696.531 1767.485
2596.320 1487.096
2340.766 1675.970
2450.998 1342.908
2686.509 1378.949
2306.693 1293.829
2408.434 1372.211
2203.124 1658.081
2380.148 1375.730
2405.806 1697.211
2347.073 1549.523
2235.014 1244.497
2567.063 1587.827
2525.030 1731.468
2225.136 1588.392
2454.675 1238.412
2487.160 1462.685
2551.709 1361.290
2500.862 1598.542
2225.054 1685.329
2347.274 1458.228
2308.181 1476.913
2540.284 1471.784
2650.976 1393.647
2671.745 1319.919
2351.541 1262.879
2279.886 1324.720
2323.184 1420.357
2291.187 1392.062
2597.535 1252.219
2424.971 1548.738
2614.718 1672.537
2209.955 1416.579
2737.110 1497.873
2536.096 1265.257
2406.294 1523.601
2473.568 1381.279
2481.843 1225.745
2209.523 1322.215
2666.296 1419.378
2224.050 1642.131
2652.919 1443.531
2570.156 1423.089
2698.195 1559.266
2653.809 1673.573
2260.119 1602.013
2628.708 1343.339
2530.919 1479.887
2610.402 1391.252
2425.649 1446.607
2367.605 1759.113
2456.585 1319.658
2320.563 1493.384
2304.555 1655.560
2497.679 1303.199
2400.429 1772.074
2524.589 1430.794
2490.525 1560.201
2424.507 1309.640
2496.916 1472.420
2357.975 1636.028
2740.815 1717.398
2457.370 1695.189
2546.433 1758.746
2570.544 1476.285
2498.621 1383.842
2207.494 1524.136
2686.175 1348.991
2326.664 1739.826
2263.510 1244.010
2199.996 1565.037
2425.171 1278.745
2244.902 1646.245
2509.222 1674.837
2482.006 1614.335
2505.361 1469.374
2280.057 1229.464
2609.941 1626.003
2523.743 1684.939
2678.098 1535.101
2408.660 1404.205
2376.832 1411.364
2730.819 1351.013
2265.802 1700.596
2231.309 1313.432
2475.833 1409.503
2350.766 1407.273
2264.804 1295.011
2211.186 1389.868
2251.127 1565.566
2256.849 1512.273
2631.574 1487.971
2329.115 1768.509
2287.820 1551.509
2534.215 1777.417
2475.066 1763.392
2263.527 1628.977
2347.784 1670.734
2442.757 1325.291
2624.547 1720.581
2324.905 1228.422
2327.412 1296.561
2470.572 1729.610
2255.030 1750.497
2436.001 1753.722
2426.973 1528.860
2470.189 1224.268
2351.952 1504.826
2708.781 1272.121
2584.370 1562.726
2208.595 1675.974
2286.927 1273.089
2196.722 1488.181
2400.961 1766.232
2519.811 1478.226
2335.995 1401.943
2604.444 1341.233
2309.637 1770.661
2244.451 1727.523
2295.227 1329.446
2577.979 1604.981
2514.011 1286.679
2455.562 1600.067
2699.373 1724.766
2434.672 1694.144
2365.813 1392.655
2545.044 1318.606
2245.937 1524.614
2670.900 1703.826
2476.413 1280.501
2450.014 1348.999
2414.269 1404.216
2592.449 1344.241
2216.159 1706.640
2554.067 1457.269
2421.889 1522.710
2510.368 1728.467
2721.875 1671.170
2201.432 1665.219
2700.915 1484.899
2311.036 1531.003
2670.479 1559.669
2433.903 1678.110
2628.357 1515.387
2294.753 1676.655
2682.096 1399.112
2572.880 1390.412
2507.116 1663.756
2479.203 1512.427
2711.528 1225.619
2282.080 1739.042
2275.368 1385.577
2690.283 1473.504
2234.135 1253.114
2584.041 1405.355
2348.303 1405.264
2259.775 1360.600
2331.801 1408.607
2543.235 1380.522
2349.115 1766.862
2281.621 1250.938
2356.556 1592.410
2671.305 1691.873
2587.333 1551.322
2343.390 1648.727
2699.811 1478.051
2552.826 1622.976
2598.923 1319.313
2581.811 1459.324
2221.170 1737.366
2496.252 1324.515
2548.930 1619.690
2660.312 1648.477
2470.625 1746.406
2631.859 1695.820
2455.845 1775.392
2531.950 1490.858
2515.623 1721.348
2366.421 1590.565
2318.399 1383.678
2229.502 1248.413
2584.343 1355.986
2609.756 1413.965
2522.146 1550.897
2708.325 1259.488
2319.423 1354.307
2686.118 1494.922
2633.501 1291.993
2478.204 1621.884
2373.770 1307.203
2287.993 1712.010
2701.064 1578.919
2291.783 1432.035
2450.896 1268.171
2513.523 1457.540
2318.225 1334.018
2672.864 1683.056
2706.902 1762.880
2327.503 1752.140
2348.287 1533.683
2629.086 1384.554
2558.015 1438.640
2614.374 1423.111
2733.812 1237.425
2491.720 1276.574
2546.015 1520.511
2434.999 1347.479
2361.593 1454.274
2681.360 1650.586
2206.824 1666.591
2436.721 1653.508
2668.207 1492.446
2378.578 1772.099
2313.682 1738.354
2468.685 1653.599
2380.566 1549.411
2479.248 1416.039
2511.470 1499.920
2684.430 1340.291
2544.343 1261.693
2310.866 1369.363
2741.294 1676.122
2428.136 1501.262
2292.635 1569.866
2324.360 1296.131
2425.733 1434.443
2684.367 1444.542
2502.587 1355.632
2564.339 1394.453
2695.714 1435.736
2273.958 1630.605
2574.899 1288.535
2603.923 1599.744
2318.703 1278.573
2516.882 1339.979
2211.639 1541.550
2585.361 1289.427
2458.349 1331.223
2636.585 1749.936
2198.106 1380.615
2384.642 1268.982
2516.325 1468.248
2303.341 1380.365
2484.899 1757.474
2536.451 1299.300
2547.483 1630.023
2685.952 1571.763
2586.250 1330.476
2459.850 1264.473
2654.603 1244.195
2534.226 1351.953
2221.667 1673.355
2677.017 1724.989
2715.570 1492.356
2618.115 1574.881
2608.502 1584.371
2595.337 1539.855
2654.028 1245.816
2751.388 1477.189
2617.427 1297.249
2741.471 1272.456
2205.004 1729.188
2679.296 1443.623
2589.158 1714.425
2725.593 1569.272
2707.779 1660.486
2220.071 1501.273
2677.887 1451.028
2343.509 1229.364
2399.379 1671.153
2424.445 1259.889
2696.888 1756.741
2495.257 1298.197
2648.603 1266.529
2374.920 1709.322
2439.485 1712.754
2616.337 1227.518
2231.668 1397.808
2454.507 1336.732
2330.446 1463.419
2372.778 1517.118
2413.732 1490.582
2718.588 1419.622
2626.004 1280.563
2608.058 1368.134
2467.719 1580.360
2592.123 1490.178
2527.272 1227.536
2530.558 1604.961
2366.578 1354.946
2514.819 1325.339
2436.603 1300.507
2595.984 1695.161
2691.177 1448.418
2275.513 1481.014
2438.890 1612.373
2622.853 1502.056
2616.595 1297.039
2691.158 1320.819
2236.451 1252.821
2453.384 1578.147
2374.923 1266.641
2651.981 1291.198
2341.692 1322.057
2726.161 1586.455
2533.033 1341.744
2255.517 1538.914
2274.270 1462.125
2365.554 1325.077
2536.311 1648.797
2741.462 1506.113
2704.905 1540.094
2456.927 1564.230
2352.460 1479.049
2458.591 1686.541
2458.932 1636.816
2717.968 1565.013
2709.515 1236.502
2689.815 1624.884
2282.521 1697.574
2322.861 1534.770
2699.158 1696.299
2299.024 1547.440
2449.848 1473.560
2300.445 1751.222
2594.297 1663.937
2540.168 1543.279
2477.351 1353.149
2487.319 1410.234
2651.558 1696.256
2418.792 1543.325
2282.676 1760.610
2686.519 1480.258
2618.420 1766.146
2588.385 1227.102
2567.053 1377.922
2693.468 1717.806
2634.215 1725.950
2467.305 1502.047
2513.765 1698.111
2410.139 1246.656
2444.556 1545.136
2320.018 1697.011
2379.814 1690.947
2550.300 1428.986
2239.388 1464.790
2706.064 1296.423
2298.912 1631.046
2618.529 1281.412
2669.425 1553.161
2391.578 1587.446
2219.572 1545.443
2567.243 1252.194
2597.546 1570.347
2205.975 1710.303
2465.258 1770.717
2704.907 1338.305
2647.408 1459.519
2585.464 1678.288
2230.904 1261.014
2692.278 1361.354
2216.277 1631.915
2208.623 1503.211
2362.104 1589.734
2527.285 1744.742
2719.772 1233.691
2460.440 1769.060
2672.571 1713.425
2234.670 1454.295
2570.941 1366.116
2507.108 1256.203
2542.253 1772.324
2654.327 1671.907
2216.535 1223.764
2354.285 1238.830
2567.106 1390.794
2614.656 1587.160
2256.510 1591.350
2491.352 1712.852
2245.101 1605.250
2581.476 1298.279
2553.557 1617.425
2668.267 1279.308
2647.992 1458.874
2565.783 1427.635
2666.338 1285.269
2424.835 1630.077
2569.129 1770.635
2499.271 1710.097
2374.867 1340.823
2472.690 1320.354
2275.401 1307.706
2727.589 1290.610
2490.998 1434.743
2527.710 1674.092
2286.408 1233.163
2728.162 1438.751
2496.004 1667.199
2442.876 1557.640
2210.676 1718.648
2732.771 1330.962
2728.252 1234.192
2311.852 1742.605
2663.769 1244.964
2626.909 1380.788
2706.529 1471.905
2382.817 1476.530
2394.244 1533.119
2491.469 1563.614
2386.201 1370.980
2386.513 1438.682
2287.359 1646.396
2509.631 1256.246
2304.016 1335.233
2332.367 1764.593
2276.270 1502.016
2488.255 1384.679
2375.641 1638.488
2729.767 1424.516
2709.860 1496.843
2246.869 1684.713
2238.435 1691.952
2460.842 1720.237
2479.090 1710.110
2357.479 1517.060
2363.038 1685.459
2380.279 1375.311
2315.749 1458.913
2439.693 1374.617
2628.076 1728.429
2508.863 1753.329
2350.190 1549.714
2657.515 1379.171
2276.285 1492.955
2219.312 1252.594
2352.585 1271.036
2471.846 1758.968
2507.644 1439.099
2342.426 1712.340
2648.946 1477.909
2621.139 1687.800
2544.252 1390.712
2322.513 1521.309
2336.361 1261.233
2323.884 1379.177
2311.609 1619.421
2572.874 1486.004
2449.472 1295.650
2211.497 1402.693
2348.340 1481.154
2564.867 1550.734
2597.672 1607.409
2458.733 1694.747
2272.377 1664.855
2512.418 1260.162
2738.686 1462.748
2252.166 1357.529
2512.099 1657.334
2735.407 1410.040
2612.716 1365.388
2666.997 1431.895
2585.998 1309.415
2274.834 1385.139
2529.585 1259.786
2412.666 1517.938
2389.528 1319.799
2714.248 1287.898
2554.931 1519.876
2477.490 1756.894
2646.403 1658.903
2231.825 1324.846
2534.727 1385.579
2276.444 1724.300
2740.790 1753.692
2622.542 1684.888
2199.298 1679.372
2264.342 1645.740
2654.337 1515.018
2579.440 1310.017
2403.864 1290.459
2695.944 1238.087
2328.036 1305.515
2369.715 1622.695
2488.737 1641.106
2201.436 1550.412
2196.425 1682.342
2423.433 1458.064
2198.602 1636.182
2513.077 1608.298
2686.649 1592.961
2346.042 1638.171
2482.339 1757.559
2741.652 1652.713
2280.078 1490.199
2284.894 1545.521
2506.115 1345.049
2670.281 1655.486
2327.738 1330.624
2476.848 1509.512
2448.768 1319.595
2223.326 1572.640
2287.474 1459.840
2570.005 1503.864
2703.378 1521.092
2431.456 1611.491
2629.870 1624.151
2485.543 1776.734
2634.867 1489.255
2307.749 1261.339
2491.881 1585.430
2448.196 1521.576
2512.232 1320.406
2393.300 1447.809
2675.139 1451.029
2507.981 1440.624
2599.864 1412.308
2725.316 1424.434
2459.985 1572.292
2207.924 1259.631
2560.696 1756.105
2628.988 1432.756
2199.647 1524.606
2275.607 1309.315
2339.839 1428.966
2538.057 1374.353
2560.064 1486.582
2492.695 1398.490
2706.301 1749.201
2499.078 1515.131
2207.598 1282.808
2724.152 1606.091
2357.496 1390.659
2510.527 1582.485
2404.239 1391.727
2455.898 1521.108
2641.394 1419.552
2451.256 1718.292
2438.892 1766.830
2220.713 1518.759
2700.789 1517.123
2261.948 1618.631
2257.984 1658.513
2539.321 1470.610
2718.909 1617.503
2644.760 1684.164
2746.297 1246.434
2665.894 1683.003
2721.006 1697.934
2704.721 1444.907
2586.182 1720.578
2580.470 1405.946
2518.580 1552.114
2350.107 1612.044
2324.572 1560.272
2718.283 1704.298
2270.262 1740.737
2623.875 1306.774
2606.612 1318.599
2211.318 1477.048
2655.734 1718.357
2229.215 1549.721
2310.229 1606.605
2573.178 1527.576
2496.200 1319.946
2282.532 1553.415
2749.463 1542.976
2660.946 1625.013
2213.915 1459.347
2209.603 1414.635
2412.661 1376.585
2461.640 1683.773
2513.503 1341.148
2514.245 1520.766
2665.622 1572.389
2196.648 1223.161
2508.877 1305.185
2668.680 1342.813
2462.012 1642.866
2245.719 1776.708
2706.898 1619.104
2716.211 1636.624
2430.177 1668.839
2515.593 1558.232
2650.858 1374.316
2431.106 1641.336
2371.684 1452.846
2720.684 1406.820
2203.436 1590.569
2443.092 1403.062
2384.137 1478.587
2405.774 1695.066
2602.206 1339.766
2521.940 1352.758
2308.334 1242.812
2687.781 1547.114
2247.151 1601.173
2433.506 1426.290
2351.654 1403.194
2711.972 1435.896
2421.370 1616.300
2647.813 1270.726
2306.697 1335.156
2534.177 1258.830
2431.561 1628.284
2398.648 1399.548
2594.280 1598.585
2249.987 1478.017
2729.773 1685.818
2745.732 1651.959
2223.282 1758.572
2744.349 1425.498
2476.677 1346.769
2365.585 1473.004
2549.777 1287.527
2234.683 1464.389
2578.003 1365.894
2458.461 1749.859
2264.565 1716.823
2606.700 1499.948
2714.699 1511.603
2264.846 1422.798
2373.409 1364.055
2385.986 1681.465
2543.740 1405.415
2733.350 1524.269
2678.120 1246.573
2675.112 1279.366
2422.335 1383.376
2261.490 1364.083
2260.246 1582.659
2655.837 1301.728
2266.118 1602.116
2615.390 1516.546
2578.911 1654.782
2617.435 1357.812
2293.700 1362.237
2638.778 1400.962
2690.172 1477.875
2613.267 1630.069
2676.928 1274.327
2441.425 1495.138
2228.230 1554.477
2500.697 1427.038
2240.906 1290.710
2568.339 1695.679
2327.643 1748.711
2506.178 1666.372
2499.782 1371.558
2696.232 1317.121
2643.336 1602.690
2204.219 1589.173
2217.489 1638.145
2664.042 1287.999
2504.399 1524.060
2561.748 1403.199
2709.229 1636.058
2570.463 1694.970
2390.529 1523.353
2516.313 1348.052
2344.398 1291.859
2670.335 1281.274
2220.214 1296.857
2218.730 1230.791
2691.395 1690.061
2557.176 1341.815
2330.966 1735.818
2313.164 1248.959
2723.469 1274.527
2467.484 1256.270
2237.017 1627.407
2472.806 1380.695
2642.689 1588.997
2347.139 1324.271
2218.203 1419.706
2471.329 1472.086
2257.460 1640.978
2385.651 1688.633
2744.925 1688.103
2241.445 1662.954
2595.364 1358.753
2306.199 1452.165
2480.582 1381.378
2382.665 1252.297
2257.858 1703.698
2495.440 1266.079
2239.124 1540.691
2580.725 1719.155
2394.020 1589.650
2322.453 1485.627
2354.748 1464.063
2609.319 1694.289
2662.814 1281.067
2318.301 1315.846
2675.500 1754.404
2216.963 1381.939
2750.557 1732.666
2550.015 1605.326
2542.124 1315.937
2612.382 1763.853
2634.311 1288.873
2555.248 1301.401
2453.833 1421.792
2310.443 1532.986
2491.581 1510.209
2704.967 1647.210
2531.363 1439.654
2548.808 1436.285
2480.517 1322.319
2701.654 1533.541
2643.947 1284.288
2213.044 1568.227
2416.156 1467.859
2540.456 1734.262
2388.346 1647.042
2518.221 1333.622
2250.838 1492.548
2577.958 1442.199
2571.999 1398.002
2556.984 1762.699
2526.125 1492.324
2667.341 1461.112
2666.507 1442.571
2383.073 1603.183
2368.816 1744.486
2560.484 1383.476
2607.073 1418.466
2208.179 1615.277
2333.724 1316.515
2400.881 1240.401
2602.005 1223.657
2704.020 1762.316
2448.456 1324.003
2472.866 1298.391
2354.863 1371.284
2612.897 1380.314
2391.296 1666.699
2276.060 1770.604
2252.152 1272.555
2686.027 1642.944
2566.358 1761.409
2729.098 1484.152
2452.941 1424.711
2312.641 1344.024
2555.897 1490.860
2367.719 1269.619
2655.415 1580.816
2633.048 1572.932
2697.827 1339.655
2352.209 1575.600
2540.857 1754.720
2510.715 1749.158
2390.592 1246.927
2358.052 1471.058
2696.227 1718.592
2379.971 1412.952
2315.540 1451.045
2406.113 1705.310
2509.233 1234.009
2306.356 1317.365
2739.704 1316.889
2404.337 1269.462
2312.916 1593.970
2627.580 1308.191
2737.647 1729.441
2675.784 1500.700
2336.846 1747.772
2425.060 1569.139
2569.232 1535.048
2700.974 1526.419
2424.544 1347.952
2223.466 1302.511
2654.482 1451.695
2689.137 1546.753
2698.559 1522.022
2673.511 1412.045
2648.993 1273.493
2297.532 1749.805
2230.822 1738.570
2480.044 1607.636
2273.477 1235.143
2364.558 1639.470
2407.075 1238.211
2732.377 1318.246
2517.772 1450.315
2717.978 1724.850
2431.363 1313.028
2614.833 1477.538
2388.991 1276.471
2307.785 1504.839
2484.187 1605.938
2302.654 1401.328
2254.446 1490.722
2220.539 1406.462
2230.624 1440.337
2244.338 1439.170
2632.524 1299.878
2557.109 1754.428
2733.869 1411.597
2497.140 1510.665
2327.044 1273.213
2265.582 1723.229
2712.985 1697.308
2746.528 1553.370
2421.842 1344.682
2685.014 1665.971
2547.783 1651.568
2534.610 1523.438
2239.427 1713.942
2714.703 1332.641
2561.160 1379.304
2392.997 1560.093
2707.661 1776.488
2558.455 1605.443
2501.716 1236.129
2732.978 1464.978
2488.296 1749.883
2362.904 1386.527
2316.729 1701.660
2329.755 1341.878
2386.618 1685.503
2591.831 1250.348
2280.767 1636.016
2215.260 1285.133
2202.263 1390.115
2389.687 1318.820
2294.048 1747.550
2507.928 1422.469
2356.278 1313.825
2734.609 1447.374
2655.663 1751.240
2320.403 1688.473
2405.631 1383.731
2746.949 1440.797
2518.115 1317.231
2563.473 1312.600
2414.607 1687.834
2700.391 1683.788
2722.426 1714.206
2686.675 1526.340
2404.395 1708.302
2558.588 1650.695
2747.763 1241.020
2592.282 1455.467
2523.769 1490.514
2688.667 1418.799
2571.989 1720.872
2592.638 1275.361
2203.430 1686.767
2566.132 1526.816
2571.506 1622.572
2508.943 1585.295
2372.559 1386.047
2350.128 1485.997
2446.161 1346.213
2343.674 1418.454
2419.478 1338.926
2392.369 1427.556
2420.735 1510.686
2611.676 1622.296
2356.943 1482.296
2633.390 1651.730
2408.252 1483.726
2385.914 1478.205
2750.352 1617.906
2434.506 1475.998
2533.704 1507.978
2329.628 1303.311
2400.460 1573.761
2463.248 1601.622
2534.854 1350.588
2382.658 1562.193
2750.832 1232.237
2488.265 1308.907
2199.347 1657.661
2498.148 1413.443
2397.773 1702.774
2399.238 1324.629
2416.220 1521.592
2590.509 1608.440
2280.966 1387.654
2349.249 1572.058
2496.683 1593.497
2495.532 1698.916
2469.092 1635.351
2442.553 1276.207
2343.097 1740.915
2373.236 1586.270
2583.233 1633.868
2648.876 1306.231
2750.245 1247.827
2428.195 1590.995
2731.467 1598.870
2672.707 1466.002
2254.215 1733.922
2381.201 1755.937
2325.432 1283.930
2272.359 1764.645
2275.310 1765.805
2435.641 1562.695
2392.370 1458.368
2734.492 1267.590
2347.336 1303.648
2279.068 1425.766
2626.821 1349.575
2385.719 1288.756
2505.738 1508.424
2330.375 1673.475
2743.796 1453.078
2557.690 1510.138
2329.816 1399.398
2262.298 1716.954
2696.300 1468.562
2389.434 1558.062
2387.758 1760.138
2424.492 1412.868
2748.187 1663.315
2651.752 1283.599
2583.440 1287.152
2465.166 1770.456
2590.688 1677.902
2255.605 1228.289
2473.833 1692.988
2334.880 1670.632
2420.896 1242.962
2435.565 1465.747
2586.558 1632.179
2260.460 1335.845
2569.240 1661.252
2685.197 1324.184
2708.414 1271.772
2572.811 1543.479
2698.801 1494.252
2264.774 1241.285
2737.662 1601.699
2430.277 1521.140
2601.038 1449.867
2311.636 1278.129
2423.434 1368.310
2620.712 1630.158
2747.873 1425.648
2660.412 1343.833
2413.823 1451.138
2723.665 1675.756
2581.747 1320.982
2622.149 1699.887
2425.795 1673.075
2344.996 1462.538
2462.613 1563.692
2324.611 1466.492
2256.316 1724.514
2459.652 1256.315
2559.733 1659.315
2422.413 1738.782
2375.032 1452.870
2646.942 1508.058
2320.063 1640.666
2464.966 1731.534
2288.438 1526.150
2388.071 1345.669
2591.570 1350.307
2380.056 1352.492
2372.008 1232.117
2593.082 1314.519
2447.987 1538.255
2527.161 1620.247
2749.593 1735.253
2682.616 1554.811
2619.673 1494.403
2614.858 1687.553
2618.386 1279.889
2308.514 1410.857
2359.866 1280.238
2585.393 1257.652
2573.779 1442.368
2684.094 1367.282
2426.705 1707.395
2378.685 1699.727
2381.971 1602.240
2224.860 1449.735
2627.105 1630.348
2418.892 1639.526
2751.215 1434.031
2497.653 1610.608
2622.436 1432.004
2584.675 1407.919
2337.392 1355.574
2549.377 1374.643
2490.537 1314.616
2651.277 1659.578
2325.785 1259.226
2340.021 1537.217
2278.775 1648.239
2694.020 1263.595
2218.347 1308.988
2424.020 1459.953
2650.649 1638.552
2399.194 1222.564
2281.217 1256.913
2402.798 1394.820
2405.596 1692.512
2228.968 1229.730
2260.306 1339.996
2339.846 1310.657
2475.183 1370.351
2301.816 1379.335
2620.564 1695.809
2708.370 1361.467
2338.112 1495.524
2439.079 1516.383
2697.194 1687.477
2237.074 1502.372
2388.188 1673.792
2550.422 1599.512
2471.742 1714.148
2312.336 1314.576
2638.715 1490.083
2411.028 1669.863
2417.907 1590.802
2573.341 1423.321
2487.012 1362.425
2376.851 1578.521
2429.440 1617.794
2266.591 1298.297
2506.798 1572.997
2611.797 1762.535
2724.207 1737.378
2736.382 1421.508
2234.370 1607.230
2720.310 1298.076
2350.350 1711.436
2671.325 1459.049
2420.009 1544.459
2439.355 1384.224
2296.583 1525.998
2305.750 1452.960
2565.328 1666.172
2748.106 1502.931
2743.538 1245.489
2430.802 1296.323
2600.422 1363.966
2369.258 1701.044
2712.374 1519.834
2288.136 1428.542
2487.042 1739.585
2383.948 1696.564
2625.129 1742.376
2531.073 1533.440
2581.499 1553.198
2312.047 1632.282
2265.100 1237.735
2342.967 1335.274
2301.928 1523.021
2488.481 1684.098
2415.537 1437.154
2221.633 1395.528
