10000 7
2500.000 2500.000
3348.485 2465.438
3335.649 2663.680
3494.881 2612.232
3361.588 2365.373
3570.721 2817.892
3667.403 2480.769
3757.192 2495.286
3240.952 2519.249
3693.782 2787.622
3327.202 2469.979
3545.356 2830.359
3655.893 2351.276
3434.622 2534.332
3695.924 2319.679
3327.410 2703.076
3346.709 2479.350
3442.288 2304.786
3495.388 2813.465
3317.231 2460.822
3311.415 2397.213
3381.855 2556.376
3732.376 2560.553
3291.048 2371.139
3424.902 2735.740
3422.757 2545.697
3384.838 2760.009
3567.037 2522.501
3471.629 2454.205
3224.217 2801.240
3548.663 2393.338
3577.454 2446.118
3449.190 2743.072
3460.145 2658.184
3427.145 2687.387
3279.973 2411.995
3544.956 2626.622
3408.378 2695.358
3589.462 2422.871
3269.318 2647.726
3449.552 2637.751
3237.746 2763.476
3638.681 2515.930
3743.228 2852.793
3410.075 2500.496
3647.595 2396.456
3352.476 2438.918
3229.548 2471.476
3508.511 2600.318
3318.238 2810.706
3399.468 2520.159
3353.935 2395.344
3773.932 2593.333
3567.832 2628.582
3705.255 2778.626
3647.242 2520.066
3291.689 2804.537
3303.291 2622.558
3424.595 2776.530
3397.760 2645.193
3363.134 2712.980
3738.569 2821.102
3305.941 2772.203
3229.300 2396.394
3404.119 2611.563
3437.551 2611.320
3482.568 2765.644
3532.690 2717.052
3263.709 2605.934
3472.794 2361.705
3546.653 2757.999
3283.127 2656.890
3410.845 2745.760
3427.302 2619.138
3522.296 2388.129
3353.155 2492.837
3720.483 2738.276
3550.747 2391.938
3236.496 2613.703
3735.664 2464.615
3523.300 2829.442
3657.659 2666.169
3345.862 2391.741
3238.660 2698.096
3307.633 2550.344
3612.013 2726.112
3487.634 2753.645
3386.833 2791.141
3233.525 2847.866
3588.887 2356.707
3717.000 2515.726
3628.237 2536.535
3594.791 2566.927
3659.119 2558.167
3448.988 2706.729
3728.662 2453.421
3733.345 2469.234
3585.305 2712.618
3374.530 2357.568
3691.602 2376.751
3502.478 2486.213
3382.497 2781.494
3703.872 2652.999
3747.090 2773.975
3719.439 2794.134
3742.882 2601.100
3315.212 2531.440
3224.502 2339.760
3282.924 2521.765
3296.046 2430.899
3249.484 2470.380
3263.720 2668.016
3374.925 2700.924
3629.420 2302.980
3419.925 2461.971
3241.201 2349.114
3541.511 2521.993
3708.588 2853.133
3679.470 2522.971
3417.320 2304.447
3451.658 2771.116
3697.813 2756.333
3262.110 2709.065
3664.368 2326.400
3364.296 2543.004
3655.204 2403.867
3500.195 2361.593
3324.378 2671.792
3474.315 2591.983
3461.211 2486.949
3310.439 2832.413
3494.765 2303.094
3622.787 2405.761
3356.948 2465.572
3424.608 2816.854
3473.553 2848.741
3289.518 2803.593
3463.550 2465.839
3300.645 2528.764
3702.967 2780.251
3605.760 2850.721
3370.022 2803.558
3541.709 2321.956
3489.688 2706.242
3594.540 2517.641
3305.772 2857.715
3695.621 2432.778
3235.187 2550.788
3417.651 2357.911
3691.678 2407.892
3613.862 2560.653
3398.347 2460.396
3306.963 2587.168
3684.546 2741.709
3486.680 2588.951
3259.420 2385.021
3473.596 2664.487
3729.139 2767.573
3485.139 2680.074
3520.599 2852.603
3691.959 2351.737
3399.297 2465.913
3306.497 2652.905
3547.315 2422.808
3424.484 2393.613
3588.272 2592.436
3264.112 2850.691
3398.519 2692.009
3418.633 2501.919
3427.248 2621.900
3475.737 2760.599
3457.761 2610.411
3767.826 2814.921
3373.580 2742.778
3670.907 2396.798
3343.831 2507.397
3225.303 2677.155
3310.183 2843.472
3416.265 2306.604
3475.363 2733.293
3571.087 2443.936
3702.408 2651.902
3744.885 2633.881
3642.155 2406.492
3563.256 2788.244
3294.131 2489.909
3438.214 2333.074
3593.300 2376.770
3605.428 2677.472
3750.363 2626.009
3528.365 2397.693
3599.295 2572.360
3629.957 2647.026
3536.080 2715.938
3225.146 2383.120
3298.798 2543.248
3723.937 2652.756
3712.397 2637.484
3549.248 2730.823
3652.264 2766.928
3762.255 2325.578
3300.698 2718.271
3265.085 2800.539
3223.029 2452.138
3731.398 2523.993
3415.634 2555.210
3456.029 2581.221
3640.741 2632.498
3651.701 2551.160
3308.141 2826.911
3742.914 2710.774
3733.260 2660.295
3283.391 2649.707
3447.302 2459.262
3388.175 2776.501
3257.786 2568.770
3319.661 2464.751
3643.652 2825.179
3515.405 2527.123
3466.372 2714.767
3710.667 2406.502
3289.886 2394.137
3537.333 2757.878
3361.086 2821.523
3374.817 2442.497
3537.489 2772.033
3490.078 2632.237
3496.991 2467.283
3671.824 2709.822
3279.605 2426.652
3569.434 2605.980
3565.366 2512.154
3773.771 2475.783
3255.762 2811.610
3396.639 2749.823
3632.335 2764.191
3534.024 2688.538
3347.780 2478.249
3718.961 2837.584
3681.784 2435.221
3429.940 2515.970
3363.320 2648.873
3488.891 2774.305
3733.559 2777.073
3697.825 2575.729
3660.907 2748.574
3380.969 2850.344
3716.650 2695.348
3578.038 2573.092
3296.886 2817.528
3444.270 2858.375
3372.252 2664.881
3300.101 2714.894
3410.853 2763.636
3377.490 2841.816
3648.434 2359.511
3568.691 2438.311
3605.259 2576.553
3327.642 2618.762
3324.009 2678.682
3660.559 2421.600
3448.715 2486.777
3671.435 2659.497
3360.131 2691.674
3622.085 2664.864
3753.781 2359.244
3548.448 2801.025
3650.228 2337.070
3228.768 2457.291
3427.882 2700.047
3443.268 2529.439
3544.230 2828.323
3365.288 2583.321
3613.981 2410.058
3648.858 2672.347
3459.420 2836.987
3331.688 2802.858
3226.815 2305.972
3454.853 2377.007
3553.790 2480.642
3758.429 2475.452
3355.687 2755.752
3235.590 2410.081
3674.225 2798.110
3495.420 2796.184
3628.263 2331.178
3348.784 2771.817
3551.647 2361.450
3533.520 2352.004
3582.261 2431.619
3457.658 2794.567
3632.310 2646.143
3297.340 2475.577
3462.217 2487.357
3605.309 2794.558
3315.671 2839.739
3301.947 2499.994
3450.043 2495.856
3477.574 2317.184
3465.811 2677.724
3504.232 2614.724
3372.513 2500.031
3680.031 2823.882
3496.990 2501.302
3743.482 2772.280
3359.472 2337.652
3684.211 2372.147
3707.933 2495.238
3418.515 2571.065
3438.582 2399.944
3621.898 2856.478
3454.844 2715.715
3437.016 2531.449
3509.123 2631.141
3327.300 2815.973
3728.291 2319.777
3220.591 2606.928
3458.410 2596.743
3536.250 2447.066
3251.909 2734.707
3636.157 2318.221
3490.798 2686.614
3634.235 2743.114
3256.224 2406.923
3220.990 2371.258
3524.437 2628.392
3707.178 2596.896
3664.240 2538.518
3575.802 2479.681
3682.044 2341.127
3673.186 2457.554
3336.801 2567.844
3273.414 2737.676
3504.161 2514.498
3608.711 2695.884
3472.107 2379.343
3473.427 2348.200
3761.899 2827.287
3489.065 2328.136
3394.108 2409.454
3512.931 2801.871
3358.887 2393.694
3426.549 2762.277
3511.179 2666.075
3488.977 2790.587
3503.318 2823.923
3321.030 2632.254
3423.309 2666.489
3276.968 2544.189
3495.661 2820.274
3332.446 2356.917
3732.760 2754.757
3457.717 2633.036
3724.073 2689.218
3392.484 2680.518
3365.230 2559.690
3366.760 2716.594
3331.191 2498.404
3630.743 2573.007
3334.737 2391.133
3269.230 2655.970
3673.291 2517.072
3616.191 2693.141
3224.157 2390.506
3704.447 2626.513
3464.115 2420.575
3412.258 2570.733
3567.528 2356.641
3753.125 2616.058
3285.009 2842.540
3250.099 2639.134
3238.739 2625.042
3384.235 2762.061
3366.753 2570.213
3433.227 2759.452
3735.578 2451.707
3588.775 2571.393
3460.570 2724.362
3509.790 2676.052
3312.480 2486.172
3356.757 2569.791
3590.461 2692.809
3761.089 2461.323
3711.327 2405.407
3292.807 2436.951
3501.417 2587.645
3537.536 2739.514
3421.642 2588.991
3240.103 2560.682
3570.548 2758.717
3384.807 2628.018
3755.344 2424.134
3454.452 2548.625
3495.160 2462.972
3474.762 2609.913
3641.875 2542.577
3691.739 2716.142
3470.642 2555.851
3249.906 2375.611
3457.281 2748.724
3443.271 2398.145
3446.426 2676.783
3626.353 2636.112
3453.708 2687.312
3487.630 2855.268
3498.800 2355.484
3408.349 2471.237
3451.765 2777.287
3672.070 2357.209
3249.051 2380.267
3699.615 2791.539
3417.673 2364.555
3597.266 2408.671
3372.611 2336.185
3432.279 2331.283
3659.752 2597.057
3658.612 2422.861
3438.353 2486.587
3248.846 2322.083
3729.269 2412.236
3614.515 2831.042
3477.548 2393.387
3282.169 2760.456
3559.973 2591.212
3772.556 2581.894
3752.951 2387.199
3429.907 2654.637
3345.641 2556.368
3331.295 2445.385
3686.878 2665.075
3227.442 2468.622
3318.486 2579.078
3544.270 2800.173
3544.624 2588.597
3690.774 2696.608
3609.453 2741.771
3395.967 2392.778
3284.437 2774.330
3617.760 2645.341
3583.985 2397.675
3377.899 2689.928
3564.085 2320.989
3410.192 2433.596
3656.309 2635.241
3652.403 2474.856
3747.901 2691.276
3456.317 2498.530
3603.910 2497.423
3523.489 2428.490
3701.349 2763.236
3358.065 2474.323
3562.547 2590.519
3264.227 2476.736
3574.924 2834.684
3634.440 2552.027
3485.853 2387.709
3599.922 2695.464
3416.027 2410.837
3608.310 2363.379
3712.755 2362.628
3531.581 2720.090
3735.655 2546.220
3488.593 2615.295
3597.028 2432.210
3487.915 2476.074
3771.552 2307.227
3385.284 2373.098
3474.164 2681.616
3735.295 2460.471
3636.429 2809.174
3229.492 2646.261
3759.015 2445.267
3753.348 2783.277
3736.901 2407.002
3536.476 2550.805
3511.476 2582.516
3312.670 2561.146
3354.063 2504.590
3562.301 2812.010
3243.332 2375.458
3545.011 2397.066
3575.450 2419.151
3578.732 2406.458
3523.006 2631.020
3772.413 2507.406
3651.367 2507.841
3594.475 2528.501
3252.977 2358.558
3573.695 2561.337
3337.242 2332.015
3578.204 2498.098
3329.530 2495.770
3572.310 2854.876
3604.282 2353.770
3327.459 2546.854
3640.328 2680.527
3502.339 2502.029
3484.001 2851.783
3455.745 2683.414
3306.068 2691.842
3321.782 2369.635
3290.939 2710.898
3750.225 2771.938
3565.720 2606.064
3695.448 2552.827
3695.407 2770.830
3499.686 2469.236
3739.238 2460.901
3273.469 2337.479
3711.594 2387.355
3497.798 2408.765
3750.751 2609.811
3379.338 2809.767
3613.272 2655.219
3649.724 2324.397
3746.402 2436.195
3655.881 2432.104
3506.369 2705.475
3461.283 2744.749
3665.820 2354.780
3375.224 2321.975
3383.100 2661.184
3671.524 2584.102
3623.778 2750.551
3253.810 2682.716
3305.442 2339.979
3629.354 2599.795
3710.260 2546.603
3330.238 2498.522
3670.701 2840.088
3248.744 2834.804
3487.229 2710.409
3458.947 2517.744
3456.126 2642.581
3237.704 2764.911
3658.457 2575.899
3410.320 2594.336
3578.016 2734.270
3365.188 2494.659
3310.782 2393.194
3600.327 2797.513
3394.974 2658.931
3244.217 2803.582
3425.563 2832.786
3733.512 2640.287
3475.623 2659.614
3339.463 2803.479
3666.471 2513.875
3723.236 2349.646
3489.244 2504.913
3663.978 2478.503
3658.323 2592.050
3399.313 2603.880
3520.230 2620.804
3650.251 2621.927
3749.395 2827.371
3399.038 2525.362
3691.990 2333.421
3513.070 2582.145
3667.324 2385.290
3406.607 2530.907
3643.689 2634.618
3301.578 2430.860
3699.878 2768.257
3641.346 2607.515
3682.368 2553.416
3547.831 2571.527
3339.887 2792.766
3693.629 2780.915
3773.857 2355.944
3721.980 2571.904
3219.924 2742.687
3743.175 2559.620
3498.184 2404.867
3226.122 2757.364
3751.119 2507.749
3346.521 2734.148
3400.260 2806.123
3361.505 2462.318
3762.997 2787.162
3616.314 2757.969
3306.443 2822.042
3518.633 2602.280
3539.259 2481.130
3731.892 2796.614
3722.549 2677.279
3654.264 2539.206
3703.474 2362.693
3544.662 2479.943
3530.538 2589.112
3222.825 2316.521
3559.179 2819.202
3659.464 2850.803
3754.785 2345.751
3747.317 2582.201
3298.426 2598.324
3679.847 2629.272
3280.516 2618.700
3367.702 2403.594
3394.068 2513.867
3523.964 2416.446
3575.806 2410.685
3767.872 2310.525
3490.075 2558.992
3549.418 2535.494
3486.973 2586.894
3344.890 2704.305
3700.336 2398.801
3551.072 2452.599
3371.213 2779.921
3550.280 2636.305
3320.474 2308.953
3506.868 2323.631
3471.366 2451.316
3448.155 2454.820
3693.626 2490.357
3599.993 2303.207
3326.656 2340.262
3403.966 2726.077
3546.456 2774.556
3543.187 2643.703
3480.742 2609.340
3228.145 2766.514
3474.032 2577.747
3378.312 2727.818
3370.579 2592.957
3723.564 2631.182
3415.560 2841.479
3620.313 2564.984
3732.296 2307.347
3645.875 2503.867
3403.084 2609.926
3307.236 2726.315
3607.459 2403.837
3680.053 2473.095
3630.612 2504.488
3427.016 2385.750
3321.985 2731.971
3544.357 2464.243
3453.690 2766.912
3751.300 2664.479
3728.778 2338.367
3373.699 2744.565
3535.545 2404.163
3568.437 2382.269
3313.598 2482.639
3435.477 2490.664
3726.744 2516.515
3577.987 2587.143
3568.532 2362.716
3489.636 2624.991
3231.680 2339.943
3738.714 2549.184
3556.593 2316.875
3527.103 2569.183
3567.507 2408.751
3304.124 2376.441
3612.191 2750.960
3289.078 2830.400
3428.271 2690.737
3376.852 2681.041
3449.662 2808.316
3356.652 2318.643
3681.183 2766.036
3407.749 2334.675
3370.332 2672.690
3653.561 2488.114
3290.677 2463.796
3476.503 2579.181
3558.771 2337.731
3736.002 2334.412
3613.543 2629.396
3665.840 2560.271
3398.590 2817.466
3314.970 2697.277
3706.745 2759.208
3542.336 2421.690
3343.005 2638.280
3387.631 2630.332
3753.286 2831.709
3482.520 2564.778
3707.995 2374.758
3576.647 2769.161
3678.799 2313.241
3335.182 2633.020
3696.317 2526.342
3490.899 2767.307
3339.016 2729.013
3296.346 2418.365
3241.013 2575.432
3690.840 2481.951
3722.410 2620.904
3363.990 2645.203
3663.048 2570.697
3680.027 2517.981
3364.172 2437.674
3677.549 2661.303
3640.679 2586.774
3670.646 2785.485
3646.956 2524.935
3234.013 2599.899
3674.368 2309.339
3310.469 2516.003
3266.962 2650.517
3594.701 2354.987
3680.193 2510.884
3250.794 2842.391
3491.249 2790.321
3661.470 2511.840
3271.918 2680.162
3527.696 2337.479
3240.885 2726.551
3364.888 2470.799
3642.254 2581.871
3591.990 2610.968
3766.264 2374.632
3280.189 2731.971
3467.045 2810.973
3330.343 2825.885
3490.415 2405.306
3581.309 2335.362
3531.652 2537.484
3534.581 2483.173
3741.862 2699.521
3723.747 2742.630
3428.577 2680.811
3406.800 2451.816
3476.959 2550.822
3752.920 2760.181
3538.323 2524.435
3494.158 2580.354
3388.478 2382.448
3511.520 2659.281
3595.232 2458.339
3544.463 2359.540
3419.311 2605.910
3366.493 2546.236
3315.831 2576.546
3580.631 2637.051
3390.924 2554.193
3513.615 2732.476
3345.671 2428.903
3275.781 2770.956
3635.607 2333.766
3305.209 2616.060
3464.288 2740.969
3727.433 2548.385
3623.170 2690.602
3379.895 2743.026
3382.905 2612.540
3625.403 2480.962
3370.486 2770.828
3281.661 2772.597
3530.671 2827.215
3767.195 2419.484
3655.060 2548.312
3570.977 2599.765
3633.324 2631.983
3283.306 2637.199
3499.687 2449.672
3652.810 2759.106
3497.093 2854.617
3458.958 2722.941
3248.204 2434.372
3589.997 2522.380
3567.399 2657.833
3720.526 2397.796
3297.162 2502.981
3742.196 2605.399
3565.964 2788.193
3303.304 2645.484
3663.561 2429.831
3277.865 2697.270
3683.606 2729.091
3517.450 2409.499
3226.955 2781.316
3588.618 2588.191
3251.512 2794.669
3689.976 2532.597
3681.231 2307.687
3682.236 2534.620
3453.813 2759.636
3511.899 2517.064
3338.163 2762.003
3345.389 2800.907
3516.185 2611.067
3479.700 2839.123
3425.053 2375.060
3544.493 2718.505
3560.006 2401.119
3739.692 2409.315
3234.361 2709.315
3372.895 2538.670
3455.193 2443.098
3328.960 2608.370
3668.895 2624.909
3279.128 2534.148
3600.657 2693.575
3595.729 2495.581
3540.348 2824.983
3307.642 2487.107
3670.272 2771.260
3356.201 2806.932
3443.749 2827.608
3457.433 2819.441
3286.445 2840.683
3671.911 2678.693
3708.108 2318.041
3528.720 2319.918
3588.423 2577.530
3285.567 2845.184
3363.221 2812.544
3221.976 2491.985
3221.479 2745.507
3455.635 2528.790
3232.443 2511.234
3536.251 2397.724
3418.709 2634.540
3431.150 2641.232
3628.692 2757.182
3254.537 2817.051
3394.973 2792.064
3746.862 2697.250
3305.808 2671.056
3319.130 2309.458
3407.561 2419.958
3285.941 2793.399
3313.306 2840.613
3562.130 2578.254
3732.220 2737.282
3648.913 2777.859
3700.019 2802.203
3496.963 2618.236
3283.453 2449.281
3409.144 2653.232
3409.565 2668.234
3246.330 2724.250
3441.325 2696.147
3245.803 2400.749
3554.238 2829.744
3752.939 2757.403
3618.957 2528.669
3524.821 2485.703
3245.001 2405.695
3327.447 2411.937
3259.646 2387.954
3717.335 2791.799
3307.779 2638.573
3297.203 2439.448
3492.310 2637.956
3275.361 2531.646
3691.012 2835.606
3349.782 2421.736
3582.380 2337.985
3314.182 2550.696
3407.653 2663.114
3294.605 2686.512
3515.674 2838.100
3342.978 2340.917
3634.976 2384.241
3742.213 2712.029
3437.605 2353.426
3566.526 2518.081
3427.626 2753.910
3399.790 2309.208
3306.894 2342.593
3512.140 2494.189
3389.094 2460.450
3392.504 2462.764
3319.252 2562.794
3342.226 2397.839
3691.698 2585.125
3688.816 2804.952
3444.081 2489.955
3249.526 2606.750
3693.042 2706.356
3691.285 2669.904
3246.754 2502.603
3549.665 2541.554
3731.222 2441.726
3637.407 2637.561
3686.939 2440.603
3401.992 2606.996
3421.500 2397.734
3542.026 2541.565
3667.055 2704.115
3372.883 2590.683
3379.800 2579.460
3316.916 2803.486
3762.768 2330.859
3760.587 2347.871
3303.418 2463.939
3610.346 2780.640
3532.425 2780.327
3555.177 2319.717
3396.685 2739.265
3396.870 2742.124
3517.831 2562.070
3527.716 2375.399
3710.790 2694.104
3447.452 2376.889
3587.213 2600.894
3263.857 2668.753
3264.583 2658.000
3447.486 2572.597
3666.043 2505.833
3486.523 2369.943
3630.555 2587.188
3698.226 2427.341
3357.250 2313.017
3518.627 2384.874
3719.891 2502.202
3663.526 2304.971
3270.369 2771.753
3550.129 2648.476
3480.774 2486.254
3318.470 2591.831
3538.125 2445.286
3673.766 2846.064
3718.546 2693.980
3766.447 2515.994
3531.678 2342.678
3555.310 2315.155
3422.799 2761.390
3556.224 2778.192
3459.480 2839.362
3449.942 2430.701
3757.941 2399.775
3762.840 2767.559
3501.247 2449.792
3239.587 2748.249
3416.220 2500.640
3332.036 2550.798
3769.036 2539.312
3618.007 2583.051
3644.719 2399.361
3347.562 2816.889
3245.624 2554.302
3410.147 2332.449
3238.635 2477.750
3617.131 2643.269
3772.642 2576.092
3517.232 2673.242
3465.445 2653.041
3354.379 2356.821
3342.892 2822.889
3567.864 2802.177
3391.874 2826.049
3430.628 2335.289
3423.812 2376.855
3565.968 2509.136
3426.249 2615.951
3236.119 2682.155
3423.245 2450.160
3377.921 2660.514
3247.409 2410.645
3635.039 2320.325
3705.136 2403.770
3671.708 2628.991
3583.257 2548.973
3718.909 2354.255
3550.465 2575.096
3460.405 2764.117
3517.773 2588.189
3460.041 2665.933
3265.008 2507.283
3438.350 2753.449
3641.067 2772.440
3367.395 2853.409
3685.126 2757.702
3310.581 2538.333
3662.395 2783.215
3710.282 2473.016
3338.607 2686.925
3222.035 2714.567
3462.118 2521.899
3546.571 2468.167
3600.422 2420.630
3596.652 2478.360
3367.017 2339.888
3285.213 2543.033
3437.641 2598.441
3602.691 2585.091
3221.051 2852.231
3407.323 2381.490
3454.571 2584.641
3266.267 2678.678
3429.780 2847.790
3763.308 2500.482
3476.893 2584.212
3621.746 2317.630
3412.092 2480.704
3379.926 2554.842
3503.221 2308.274
3747.435 2395.719
3450.304 2681.046
3256.777 2612.352
3379.576 2824.093
3631.733 2514.727
3524.294 2478.141
3412.690 2478.401
3768.091 2360.468
3461.663 2351.142
3397.013 2644.849
3614.354 2308.249
3370.114 2493.287
3728.585 2664.138
3674.211 2582.430
3570.868 2746.840
3472.165 2357.698
3737.628 2792.025
3670.116 2821.231
3515.023 2750.735
3478.085 2722.149
3343.729 2371.661
3397.680 2518.797
3373.865 2330.396
3760.475 2356.495
3593.799 2803.267
3350.042 2801.871
3454.070 2787.044
3504.884 2722.306
3748.524 2813.405
3556.768 2422.310
3430.329 2555.926
3336.223 2617.399
3223.312 2380.800
3707.978 2711.823
3552.543 2696.085
3691.160 2603.261
3256.725 2568.357
3480.889 2383.753
3550.536 2687.567
3703.633 2439.093
3332.227 2634.321
3432.750 2747.648
3562.305 2733.225
3707.430 2399.187
3446.399 2581.683
3454.675 2473.225
3758.493 2311.566
3221.917 2477.541
3220.733 2505.446
3463.684 2626.961
3771.825 2794.944
3748.713 2825.077
3740.510 2773.685
3330.860 2412.367
3399.945 2547.519
3489.951 2360.264
3525.053 2712.237
3289.898 2352.081
3335.592 2338.229
3522.054 2503.569
3455.299 2508.567
3763.405 2854.089
3733.797 2832.944
3713.343 2333.117
3352.180 2412.850
3252.222 2714.824
3502.167 2475.233
3293.225 2841.059
3579.530 2603.376
3400.098 2654.738
3502.204 2525.042
3658.794 2435.963
3719.978 2687.786
3725.417 2649.399
3488.129 2475.422
3692.205 2617.491
3377.126 2481.311
3640.500 2488.368
3545.006 2502.641
3752.752 2687.858
3313.783 2455.980
3382.284 2787.117
3529.508 2404.249
3580.074 2807.849
3521.747 2726.886
3286.189 2651.890
3509.031 2599.217
3222.753 2554.900
3582.115 2362.354
3755.905 2382.988
3272.745 2683.065
3542.754 2556.825
3401.377 2411.718
3399.565 2461.747
3725.782 2529.550
3319.592 2573.572
3606.607 2398.470
3553.188 2664.960
3597.958 2721.972
3292.617 2542.588
3554.018 2802.146
3477.612 2623.925
3497.826 2700.991
3520.621 2322.631
3518.014 2494.049
3610.058 2786.923
3540.993 2567.631
3259.951 2796.901
3729.126 2642.344
3297.469 2754.824
3722.227 2592.190
3321.094 2586.919
3684.236 2463.687
3402.579 2747.074
3405.900 2642.570
3458.513 2463.733
3502.396 2495.074
3673.861 2824.201
3534.422 2767.841
3474.950 2635.051
3712.785 2585.180
3222.768 2433.443
3545.161 2650.804
3253.049 2345.830
3499.821 2494.005
3390.439 2446.165
3324.776 2545.662
3701.642 2845.206
3673.592 2597.886
3285.004 2461.141
3430.638 2755.571
3659.555 2578.972
3725.530 2417.980
3626.562 2824.219
3259.098 2388.218
3659.668 2306.071
3343.656 2525.095
3311.784 2418.085
3513.501 2788.274
3611.387 2546.782
3322.259 2334.979
3484.615 2781.209
3326.261 2661.881
3753.507 2604.173
3517.227 2307.016
3730.733 2450.484
3388.678 2760.213
3682.861 2454.255
3530.374 2779.915
3644.390 2721.680
3508.715 2855.540
3689.821 2353.445
3609.346 2694.534
3652.872 2486.734
3603.005 2583.077
3321.104 2662.150
3524.427 2367.989
3518.838 2330.366
3323.895 2758.477
3304.179 2416.140
3257.927 2404.224
3363.573 2739.616
3465.129 2801.394
3490.118 2753.821
3346.380 2602.768
3677.289 2651.335
3400.520 2754.477
3376.642 2594.595
3491.634 2711.042
3724.653 2440.787
3751.118 2738.413
3556.848 2841.850
3656.311 2721.138
3383.255 2701.509
3443.174 2837.965
3454.793 2668.347
3686.070 2769.631
3598.210 2856.916
3698.563 2832.137
3323.230 2420.169
3691.630 2319.250
3645.138 2549.321
3419.000 2707.470
3635.268 2754.032
3378.166 2515.060
3727.177 2460.892
3441.992 2779.138
3392.941 2618.753
3578.248 2663.088
3562.881 2467.455
3259.099 2518.216
3315.743 2336.387
3583.166 2753.666
3309.184 2629.318
3727.856 2485.826
3643.705 2470.040
3395.861 2608.942
3265.117 2364.165
3703.923 2636.113
3697.920 2671.656
3411.653 2529.541
3492.236 2680.649
3447.493 2339.805
3688.913 2753.259
3586.456 2733.470
3511.337 2692.416
3653.768 2376.014
3433.432 2361.223
3592.385 2371.354
3275.867 2506.731
3773.542 2599.627
3572.664 2780.460
3612.483 2451.460
3280.158 2853.754
3280.840 2660.715
3332.012 2331.580
3675.041 2665.136
3627.245 2365.247
3397.966 2767.615
3589.252 2321.839
3285.902 2649.631
3732.241 2441.844
3552.162 2448.115
3730.760 2809.644
3528.072 2718.414
3421.573 2321.066
3511.344 2408.899
3471.151 2381.700
3408.867 2377.061
3523.955 2728.019
3414.455 2488.474
3771.842 2491.391
3331.522 2413.757
3319.058 2851.324
3474.621 2524.485
3351.774 2849.563
3243.957 2337.845
3297.740 2524.174
3732.989 2328.359
3477.114 2449.836
3551.710 2345.803
3381.887 2501.528
3749.963 2781.043
3648.205 2840.894
3285.321 2713.025
3429.504 2332.652
3296.069 2360.877
3590.461 2733.876
3766.676 2347.369
3334.946 2457.691
3231.728 2596.473
3611.396 2376.423
3621.951 2351.418
3478.478 2407.689
3571.797 2627.396
3597.341 2850.836
3648.650 2458.591
3600.788 2537.383
3694.491 2457.588
3239.847 2648.549
3746.406 2776.523
3566.261 2661.528
3635.659 2670.535
3267.544 2436.037
3608.915 2752.229
3293.307 2774.502
3253.788 2838.552
3623.059 2653.040
3316.989 2495.388
3689.766 2781.372
3263.064 2690.902
3682.537 2526.442
3554.358 2773.570
3417.368 2693.176
3601.924 2567.253
3637.289 2596.809
3719.885 2690.445
3611.139 2486.917
3447.321 2654.106
3454.644 2518.221
3589.870 2769.136
3292.715 2689.886
3477.420 2783.366
3583.946 2647.149
3220.557 2675.070
3236.339 2588.326
3519.496 2615.436
3613.341 2765.107
3264.352 2812.030
3718.736 2323.303
3437.979 2757.928
3697.847 2562.879
3453.982 2400.009
3712.257 2680.036
3503.774 2616.960
3661.252 2770.041
3379.181 2332.035
3456.805 2470.230
3384.492 2787.932
3504.309 2665.608
3709.339 2780.061
3488.134 2524.095
3272.218 2656.679
3341.806 2756.844
3304.305 2427.649
3491.364 2772.969
3709.751 2448.330
3450.457 2385.851
3640.953 2737.580
3513.318 2467.374
3386.429 2532.275
3685.179 2392.345
3503.551 2542.555
3536.158 2684.534
3668.735 2360.470
3652.789 2782.979
3260.729 2789.824
3717.033 2570.382
3498.352 2496.795
3632.545 2412.499
3755.454 2631.620
3511.343 2587.038
3466.589 2396.644
3712.230 2697.273
3541.075 2345.815
3710.036 2757.400
3401.693 2750.607
3736.381 2542.581
3502.057 2459.014
3395.213 2514.079
3695.139 2342.664
3310.725 2778.388
3344.196 2540.133
3311.914 2590.344
3709.892 2555.935
3482.340 2611.439
3410.251 2826.839
3453.324 2516.606
3686.654 2450.573
3316.270 2459.276
3734.870 2537.183
3609.680 2713.385
3605.395 2346.096
3311.189 2546.501
3430.915 2515.587
3751.444 2367.284
3354.951 2574.122
3606.565 2510.038
3526.796 2856.495
3754.214 2543.461
3437.905 2508.114
3563.977 2574.679
3730.009 2558.909
3288.659 2349.857
3450.779 2792.586
3339.725 2529.641
3532.327 2727.411
3633.837 2843.452
3452.883 2443.701
3445.869 2356.807
3699.125 2672.269
3459.976 2420.420
3575.371 2824.714
3509.419 2511.643
3529.026 2641.835
3374.793 2846.510
3682.003 2522.688
3550.823 2767.390
3725.754 2310.054
3224.418 2729.366
3537.060 2743.420
3686.340 2486.370
3340.142 2324.190
3273.105 2786.665
3368.375 2467.128
3431.724 2650.540
3400.237 2411.467
3640.566 2635.371
3486.018 2712.624
3705.027 2827.425
3254.559 2614.820
3692.616 2584.713
3505.177 2385.767
3399.573 2347.509
3558.147 2322.890
3431.512 2756.566
3648.237 2418.271
3391.210 2658.477
3305.486 2476.849
3357.083 2535.201
3553.061 2680.877
3331.394 2634.030
3229.405 2709.381
3546.915 2486.594
3328.020 2484.561
3301.471 2366.533
3723.086 2386.680
3496.871 2514.658
3661.620 2605.447
3391.765 2797.056
3335.797 2718.811
3755.441 2702.559
3388.309 2389.484
3349.879 2730.289
3764.798 2837.989
3501.811 2779.925
3652.920 2695.483
3275.985 2439.400
3455.860 2656.315
3430.865 2552.399
3234.451 2667.263
3377.839 2766.761
3750.971 2735.065
3243.148 2731.710
3539.389 2607.468
3722.422 2386.796
3483.382 2405.023
3544.122 2333.476
3639.026 2787.471
3262.302 2618.545
3342.889 2627.112
3347.034 2588.510
3670.698 2698.844
3578.416 2611.377
3494.783 2843.398
3742.781 2804.495
3371.332 2757.992
3747.414 2409.669
3329.650 2324.346
3484.732 2378.318
3586.939 2405.147
3494.455 2641.457
3317.503 2416.072
3219.048 2817.351
3339.644 2830.006
3774.462 2648.999
3688.468 2324.774
3696.399 2422.329
3282.096 2331.046
3343.899 2632.581
3238.107 2525.751
3671.625 2597.710
3451.704 2529.368
3769.042 2306.591
3245.850 2471.138
3666.539 2614.546
3544.644 2438.992
3732.933 2620.977
3550.724 2597.309
3450.791 2438.482
3370.139 2656.122
3499.430 2785.974
3381.935 2381.686
3386.227 2827.268
3661.083 2597.855
3326.975 2306.172
3389.058 2753.375
3454.074 2826.378
3551.678 2845.834
3287.215 2825.807
3321.099 2534.032
3302.011 2583.626
3298.172 2417.334
3371.146 2586.641
3705.026 2849.645
3307.552 2476.081
3401.643 2701.330
3680.544 2579.885
3547.349 2552.867
3746.286 2360.215
3427.504 2476.780
3613.789 2384.071
3430.540 2692.452
3673.312 2806.662
3418.526 2715.590
3722.725 2636.494
3435.557 2317.548
3329.971 2490.305
3257.885 2432.910
3336.291 2782.627
3349.802 2766.370
3234.155 2444.131
3274.372 2366.881
3696.501 2706.061
3297.739 2742.971
3493.860 2433.175
3477.069 2395.643
3489.047 2801.599
3552.666 2352.174
3460.772 2319.093
3489.878 2510.213
3491.733 2688.305
3435.844 2318.491
3647.583 2666.539
3640.745 2344.290
3303.186 2544.507
3609.099 2464.104
3232.892 2451.136
3464.106 2397.813
3528.240 2826.812
3484.862 2525.560
3573.219 2513.210
3685.728 2816.482
3256.437 2797.627
3368.885 2468.850
3694.204 2635.223
3283.375 2831.912
3384.068 2411.192
3366.689 2592.927
3474.146 2669.149
3475.377 2735.293
3461.639 2838.579
3479.809 2305.154
3332.230 2695.313
3575.133 2386.903
3608.415 2643.291
3471.868 2798.889
3605.262 2497.458
3366.104 2712.437
3587.195 2501.001
3290.408 2589.618
3459.609 2534.165
3415.354 2427.772
3756.789 2461.023
3767.970 2616.782
3682.774 2660.534
3523.028 2559.497
3538.857 2473.369
3511.772 2723.514
3322.612 2695.682
3225.843 2478.539
3468.633 2624.825
3370.670 2686.524
3733.008 2621.314
3267.987 2638.805
3658.556 2691.042
3283.161 2369.583
3256.127 2704.223
3721.525 2427.059
3684.078 2336.115
3752.036 2771.007
3421.784 2667.952
3484.263 2664.209
3377.341 2817.835
3285.471 2627.631
3668.758 2828.890
3528.060 2506.223
3714.297 2616.251
3640.631 2632.438
3486.375 2651.366
3535.983 2815.393
3521.780 2832.662
3382.949 2389.098
3702.900 2829.673
3574.254 2854.047
3328.355 2456.440
3562.340 2751.174
3303.066 2743.749
3517.237 2346.415
3278.920 2834.757
3750.845 2401.031
3487.637 2372.272
3605.343 2437.939
3733.975 2745.355
3569.162 2553.877
3764.943 2741.883
3499.397 2577.316
3362.907 2822.590
3292.825 2528.574
3254.425 2576.378
3383.656 2808.875
3554.752 2583.821
3290.070 2399.972
3449.411 2799.728
3544.475 2370.978
3601.850 2792.450
3260.600 2506.194
3676.208 2831.873
3472.516 2839.482
3505.190 2670.125
3282.816 2793.683
3610.046 2329.210
3349.808 2476.320
3518.638 2597.631
3276.489 2824.291
3766.054 2514.422
3403.773 2624.727
3560.263 2308.712
3503.890 2565.981
3370.188 2853.356
3237.663 2704.160
3262.192 2378.453
3722.705 2547.957
3563.167 2730.860
3421.556 2623.962
3649.903 2379.832
3459.660 2515.018
3370.332 2530.283
3621.570 2508.783
3770.602 2398.772
3478.115 2705.270
3323.157 2616.986
3366.226 2552.697
3527.015 2487.476
3654.508 2582.525
3608.099 2638.961
3726.502 2376.806
3353.257 2337.387
3557.789 2552.876
3362.943 2598.969
3502.606 2801.056
3737.653 2626.534
3370.794 2303.621
3621.926 2722.698
3492.800 2320.527
3762.211 2308.809
3375.508 2760.095
3582.297 2761.925
3474.572 2699.918
3331.443 2637.719
3659.081 2733.164
3612.223 2550.850
3710.283 2699.109
3769.137 2442.881
3524.018 2671.676
3526.092 2423.864
3270.939 2317.894
3341.897 2626.147
3427.091 2600.706
3734.062 2744.212
3609.911 2519.140
3447.095 2808.729
3711.862 2731.318
3362.408 2636.032
3293.683 2710.807
3473.532 2746.068
3411.741 2720.613
3651.799 2356.218
3651.465 2454.426
3262.004 2751.821
3296.676 2487.246
3534.143 2729.201
3679.585 2458.220
3671.228 2501.200
3680.114 2492.131
3651.313 2846.157
3331.127 2382.515
3627.969 2530.607
3232.820 2547.920
3497.193 2588.275
3295.986 2747.799
3534.060 2473.673
3491.784 2622.433
3682.933 2612.421
3766.163 2370.035
3461.106 2557.679
3391.229 2653.369
3705.103 2318.394
3669.127 2383.456
3582.840 2367.217
3327.974 2394.089
3632.592 2773.115
3705.074 2570.096
3568.293 2773.491
3606.312 2463.606
3547.857 2588.116
3647.483 2562.731
3713.548 2780.407
3511.095 2689.124
3427.362 2447.040
3485.424 2332.362
3524.519 2503.836
3591.255 2404.165
3648.397 2342.773
3264.907 2655.489
3476.318 2459.747
3713.222 2409.268
3538.217 2609.786
3534.374 2530.148
3291.235 2515.436
3467.102 2371.019
3722.094 2305.450
3724.546 2434.196
3628.674 2695.427
3223.128 2645.208
3497.517 2779.349
3425.517 2340.997
3438.246 2471.481
3262.848 2743.180
3483.087 2413.241
3227.749 2422.718
3514.843 2400.235
3762.557 2600.697
3278.351 2443.222
3300.855 2613.830
3485.913 2527.752
3765.117 2795.660
3258.541 2803.862
3273.112 2777.592
3529.853 2352.021
3287.212 2363.665
3473.786 2311.094
3417.577 2513.820
3719.446 2582.290
3362.829 2683.642
3690.346 2842.208
3478.354 2716.036
3279.383 2825.542
3515.419 2823.137
3531.155 2496.591
3499.575 2484.731
3705.620 2377.088
3530.215 2458.106
3331.915 2848.328
3708.162 2589.773
3650.671 2426.284
3741.294 2450.025
3612.864 2795.763
3449.698 2372.319
3633.952 2340.214
3365.216 2557.426
3569.435 2346.255
3412.556 2716.334
3539.675 2471.316
3535.961 2338.364
3485.733 2576.761
3587.126 2574.678
3351.783 2436.355
3271.522 2750.292
3524.422 2564.558
3707.996 2848.616
3661.200 2678.944
3740.889 2334.635
3223.757 2661.890
3546.781 2745.466
3378.129 2461.683
3772.201 2716.376
3524.119 2521.105
3260.180 2711.571
3591.767 2793.649
3465.394 2771.165
3259.071 2315.277
3307.283 2693.584
3235.710 2804.244
3352.597 2450.908
3315.152 2477.745
3687.455 2476.154
3347.921 2427.758
3315.680 2397.769
3635.242 2704.325
3384.061 2325.333
3377.852 2572.544
3736.781 2645.628
3378.475 2767.473
3353.518 2513.817
3335.714 2434.757
3511.568 2652.127
3352.704 2350.013
3431.594 2832.443
3443.137 2672.485
3336.487 2499.782
3661.835 2774.344
3707.319 2728.323
3422.464 2532.174
3248.409 2654.667
3338.154 2401.182
3724.151 2835.276
3359.647 2453.151
3333.205 2374.225
3410.104 2690.178
3266.081 2452.485
3707.302 2404.676
3752.462 2695.924
3353.671 2856.162
3530.375 2587.753
3680.030 2773.288
3326.603 2470.339
3249.223 2841.577
3735.233 2734.904
3703.659 2309.033
3303.638 2651.591
3421.539 2749.732
3672.161 2753.244
3618.717 2318.939
3659.337 2709.581
3619.524 2353.194
3692.017 2451.905
3385.072 2529.396
3396.312 2326.593
3525.478 2553.910
3354.624 2625.135
3339.556 2379.542
3561.649 2689.654
3685.863 2738.038
3747.025 2483.988
3739.131 2341.140
3685.393 2637.870
3417.891 2601.641
3767.007 2568.587
3234.521 2786.424
3537.034 2737.308
3391.258 2769.786
3383.116 2742.711
3403.244 2372.653
3278.181 2427.555
3563.772 2778.356
3594.041 2401.548
3569.264 2333.285
3374.204 2769.542
3572.198 2600.226
3560.049 2381.634
3268.912 2401.570
3256.926 2591.127
3691.446 2722.358
3500.747 2589.741
3430.354 2441.008
3662.270 2843.564
3633.340 2542.249
3770.999 2551.074
3418.771 2567.768
3639.082 2460.727
3700.835 2616.454
3739.385 2554.800
3298.361 2530.609
3632.783 2751.442
3744.141 2479.114
3646.085 2523.877
3555.266 2833.324
3755.596 2352.835
3327.205 2668.223
3390.924 2659.453
3718.121 2554.986
3704.603 2833.441
3550.993 2351.712
3275.920 2531.838
3294.572 2408.054
3344.394 2647.884
3441.204 2603.448
3682.615 2688.490
3410.760 2522.581
3622.794 2837.279
3638.472 2623.446
3653.286 2783.536
3666.479 2369.678
3318.430 2648.446
3666.332 2583.321
3696.548 2547.215
3724.974 2646.804
3480.155 2520.775
3623.339 2482.504
3236.580 2631.645
3507.287 2587.917
3653.244 2397.927
3584.667 2505.789
3461.807 2780.102
3757.616 2787.530
3452.474 2841.829
3422.311 2702.843
3716.982 2344.258
3482.410 2590.082
3493.886 2832.561
3220.111 2781.404
3258.995 2386.812
3235.834 2778.517
3747.130 2572.217
3578.323 2601.812
3313.862 2709.822
3496.988 2464.594
3345.407 2540.266
3364.726 2323.113
3443.242 2715.886
3422.480 2592.759
3226.323 2838.248
3615.789 2492.861
3222.305 2370.118
3584.873 2762.844
3742.994 2651.462
3468.956 2592.524
3354.363 2311.717
3470.937 2796.929
3367.042 2845.429
3387.470 2339.480
3687.826 2423.024
3451.325 2683.473
3349.583 2563.755
3731.500 2655.695
3497.958 2389.990
3723.355 2469.603
3347.222 2776.274
3332.052 2610.829
3426.373 2809.239
3482.404 2398.068
3324.103 2398.986
3473.360 2486.488
3232.430 2611.219
3423.246 2500.973
3464.299 2414.689
3703.477 2324.808
3770.386 2616.349
3756.134 2411.350
3264.482 2362.188
3631.452 2671.972
3256.860 2496.990
3425.479 2495.642
3222.325 2439.788
3288.002 2768.568
3505.243 2331.017
3380.102 2732.562
3229.788 2850.803
3574.492 2805.237
3730.603 2557.706
3230.921 2804.542
3697.836 2662.282
3265.054 2561.614
3410.006 2480.381
3345.824 2537.637
3287.703 2614.989
3500.728 2659.470
3219.351 2647.405
3301.481 2785.988
3463.908 2712.784
3413.330 2497.058
3539.150 2772.156
3249.810 2684.752
3288.905 2706.826
3718.611 2850.028
3327.192 2561.321
3265.934 2553.043
3343.746 2694.976
3374.369 2387.872
3659.828 2805.460
3453.618 2841.898
3291.730 2356.072
3474.429 2833.070
3318.114 2625.796
3721.642 2384.662
3329.617 2554.051
3280.108 2720.948
3295.996 2570.715
3752.684 2518.798
3480.947 2803.738
3565.523 2763.894
3320.064 2830.326
3323.783 2821.958
3628.060 2628.993
3762.524 2420.314
3734.731 2764.255
3529.676 2391.661
3223.874 2666.957
3744.825 2810.818
3259.739 2395.835
3538.456 2742.153
3660.804 2310.300
3670.793 2584.084
3540.726 2736.723
3648.927 2588.902
3571.696 2462.501
3299.746 2372.321
3400.999 2685.092
3593.824 2510.666
3567.089 2495.062
3694.442 2651.745
3233.429 2837.299
3403.900 2618.360
3725.131 2688.667
3560.553 2837.289
3593.836 2434.745
3532.189 2616.137
3386.768 2589.435
3328.382 2672.214
3301.493 2661.992
3638.757 2644.120
3226.264 2402.220
3752.953 2476.237
3490.556 2450.249
3754.654 2783.932
3360.374 2369.970
3559.431 2739.829
3355.913 2318.410
3227.912 2695.553
3348.094 2782.875
3567.311 2752.524
3769.773 2664.786
3482.804 2609.072
3287.171 2608.556
3535.404 2594.258
3225.976 2394.131
3302.043 2770.720
3523.877 2410.074
3449.374 2712.161
3393.876 2637.486
3271.796 2652.642
3752.417 2795.349
3509.348 2426.999
3707.095 2393.315
3760.988 2361.335
3247.062 2775.309
3684.468 2397.406
3623.142 2586.900
3585.938 2303.931
3357.111 2488.379
3548.593 2672.762
3476.797 2518.915
3258.617 2726.585
3763.111 2463.099
3537.131 2511.966
3304.446 2608.952
3500.740 2510.833
3647.445 2538.468
3418.662 2756.649
3543.304 2443.458
3645.410 2401.460
3227.779 2335.470
3505.547 2328.241
3582.839 2542.115
3310.924 2756.911
3499.022 2458.134
3516.218 2707.582
3449.713 2425.708
3741.873 2424.171
3724.235 2338.994
3698.993 2760.605
3514.515 2331.679
3602.771 2661.346
3749.512 2545.864
3286.318 2828.447
3277.240 2363.397
3402.664 2541.321
3466.026 2850.994
3460.247 2677.233
3696.306 2337.038
3744.144 2780.985
3616.121 2760.654
3688.972 2736.023
3533.185 2308.090
3356.399 2742.815
3350.847 2658.633
3289.059 2398.759
3583.671 2328.382
3748.164 2607.299
3248.661 2745.414
3637.441 2640.612
3546.075 2377.504
3593.285 2737.655
3492.879 2728.819
3554.251 2542.903
3514.330 2460.457
3606.689 2458.244
3393.584 2466.468
3626.873 2594.081
3524.740 2818.837
3372.798 2484.401
3611.094 2553.032
3654.178 2823.388
3342.394 2511.267
3608.134 2713.229
3314.773 2482.082
3760.847 2389.544
3561.094 2602.462
3560.212 2350.626
3460.716 2685.389
3533.954 2651.846
3606.822 2582.579
3611.129 2361.973
3528.821 2396.907
3754.740 2462.576
3637.482 2700.409
3748.814 2534.866
3342.384 2554.306
3720.494 2424.060
3262.517 2614.264
3226.714 2718.765
3523.647 2476.915
3344.848 2779.295
3418.196 2731.924
3643.062 2830.332
3375.926 2706.977
3417.800 2685.019
3665.998 2686.908
3431.299 2792.336
3382.980 2571.849
3571.985 2821.942
3712.045 2511.276
3295.588 2368.208
3381.110 2334.225
3316.799 2356.294
3601.970 2756.672
3391.351 2808.241
3760.757 2695.273
3306.558 2543.193
3264.445 2392.139
3272.968 2803.976
3457.057 2501.436
3529.385 2399.483
3766.777 2632.199
3552.370 2652.923
3356.242 2389.264
3722.088 2305.819
3337.057 2813.659
3360.827 2734.444
3740.124 2395.776
3542.441 2782.865
3742.737 2445.780
3258.106 2687.373
3676.241 2568.854
3655.370 2379.147
3450.148 2629.486
3373.788 2474.606
3587.681 2463.608
3675.541 2646.144
3292.894 2510.103
3744.216 2671.070
3352.024 2834.880
3287.398 2675.862
3262.698 2357.680
3446.888 2418.136
3540.865 2512.240
3453.635 2604.011
3359.298 2659.028
3584.798 2636.216
3528.934 2393.607
3595.273 2640.716
3318.583 2769.022
3243.643 2521.127
3652.740 2459.600
3480.845 2821.884
3427.107 2793.533
3772.535 2475.208
3305.851 2689.903
3370.171 2756.759
3624.701 2684.141
3519.215 2383.488
3770.412 2688.188
3440.474 2608.184
3317.794 2593.132
3637.571 2852.016
3682.631 2794.411
3426.277 2665.110
3710.338 2758.920
3489.122 2689.051
3402.950 2677.270
3689.999 2466.140
3604.520 2832.522
2482.130 3443.789
2594.929 3686.242
2333.677 3482.015
2665.883 3720.836
2443.413 3354.610
2475.781 3343.006
2400.096 3559.863
2327.954 3225.623
2684.659 3392.229
2467.326 3505.710
2236.450 3747.599
2381.742 3539.018
2511.179 3599.619
2434.625 3455.863
2233.845 3601.481
2367.732 3703.534
2420.169 3640.476
2170.720 3445.538
2246.370 3571.386
2208.685 3513.541
2325.415 3566.651
2564.488 3332.838
2350.934 3250.733
2422.542 3515.631
2701.627 3304.912
2581.571 3364.492
2488.356 3679.264
2492.061 3339.849
2700.236 3710.150
2429.120 3388.432
2191.281 3507.012
2599.951 3733.905
2289.654 3477.575
2520.873 3505.436
2674.833 3680.082
2613.173 3304.138
2628.841 3257.647
2353.005 3686.361
2617.789 3702.682
2709.332 3297.893
2374.600 3756.231
2398.674 3535.597
2391.384 3415.636
2480.632 3542.016
2314.026 3414.712
2453.458 3471.983
2417.346 3563.513
2353.035 3631.107
2274.318 3311.397
2584.109 3762.351
2432.771 3333.850
2521.493 3747.340
2456.124 3623.173
2299.185 3532.079
2340.479 3555.745
2471.918 3525.238
2627.272 3689.896
2581.001 3587.934
2395.865 3469.558
2324.933 3750.704
2204.112 3240.482
2552.397 3534.579
2420.959 3488.779
2412.018 3485.453
2701.107 3614.474
2467.737 3713.071
2635.080 3376.728
2302.213 3705.893
2587.454 3330.181
2705.908 3292.647
2686.680 3336.783
2693.934 3747.955
2676.352 3576.762
2524.440 3465.548
2275.634 3274.624
2480.397 3759.693
2319.638 3337.876
2644.465 3742.163
2564.981 3751.498
2536.996 3616.516
2307.262 3514.994
2370.785 3298.016
2427.398 3405.651
2659.231 3760.855
2267.820 3412.804
2696.143 3281.005
2546.557 3540.942
2480.359 3507.246
2304.798 3631.942
2669.859 3564.506
2627.932 3241.592
2379.313 3612.723
2603.943 3306.398
2254.708 3683.163
2398.725 3249.822
2238.653 3366.861
2523.157 3583.285
2661.419 3454.054
2563.983 3638.245
2645.872 3533.519
2355.582 3222.391
2553.548 3460.800
2230.026 3298.220
2394.272 3298.370
2719.025 3508.807
2524.739 3739.486
2669.629 3414.395
2648.972 3553.963
2569.100 3535.857
2454.447 3653.435
2384.822 3324.631
2695.033 3243.166
2651.152 3686.168
2703.386 3654.750
2173.626 3270.482
2626.646 3528.895
2657.691 3245.148
2421.782 3609.700
2558.786 3470.197
2657.376 3333.534
2712.255 3349.964
2186.747 3432.171
2267.463 3604.740
2356.227 3341.285
2542.419 3473.915
2266.092 3290.185
2306.368 3510.896
2216.677 3321.653
2640.963 3465.720
2252.463 3456.508
2624.496 3410.435
2237.737 3746.818
2394.193 3567.802
2516.648 3267.116
2653.248 3712.140
2462.003 3626.898
2269.510 3438.675
2444.159 3284.531
2245.276 3492.136
2215.271 3732.344
2199.105 3291.745
2277.091 3454.082
2633.788 3496.777
2325.872 3467.154
2673.697 3546.947
2694.762 3422.734
2344.881 3747.135
2170.951 3282.017
2254.906 3337.551
2651.664 3774.146
2676.880 3692.092
2435.551 3659.315
2713.265 3235.091
2715.895 3559.333
2632.188 3581.966
2184.013 3451.392
2280.192 3514.228
2173.496 3510.176
2475.201 3665.400
2215.967 3264.239
2392.643 3264.927
2601.315 3551.023
2442.848 3676.184
2585.515 3544.851
2693.941 3381.892
2606.478 3418.294
2690.163 3383.305
2253.395 3710.477
2375.255 3577.202
2514.563 3569.032
2488.446 3430.904
2233.789 3564.239
2578.786 3281.544
2710.865 3457.338
2218.448 3303.550
2532.430 3340.608
2391.560 3301.641
2433.708 3621.239
2549.933 3562.628
2430.073 3532.834
2229.969 3343.166
2675.845 3691.148
2621.401 3519.578
2169.897 3262.112
2238.054 3533.334
2593.753 3290.893
2391.068 3623.511
2529.667 3358.093
2655.050 3257.745
2643.072 3675.728
2574.303 3328.769
2717.626 3292.341
2705.561 3435.068
2428.384 3438.730
2320.707 3773.183
2393.430 3760.043
2352.976 3465.241
2576.439 3552.000
2303.479 3770.482
2308.706 3350.823
2198.239 3568.053
2705.449 3234.945
2315.652 3705.238
2494.450 3727.401
2460.265 3602.611
2670.839 3765.452
2472.077 3499.218
2248.864 3657.075
2366.762 3611.078
2718.090 3735.296
2543.679 3553.069
2720.180 3665.917
2495.368 3511.295
2250.444 3368.662
2233.773 3427.689
2486.861 3554.469
2180.835 3252.302
2265.585 3472.797
2261.861 3625.427
2680.613 3592.168
2671.244 3554.957
2172.565 3366.037
2308.759 3395.948
2265.604 3638.565
2366.784 3703.689
2666.097 3464.408
2676.581 3737.023
2410.948 3490.782
2450.930 3611.381
2347.516 3690.645
2415.941 3636.470
2321.192 3664.147
2455.693 3715.049
2333.381 3249.009
2335.554 3515.989
2328.588 3386.866
2241.089 3355.742
2714.492 3245.865
2357.766 3493.434
2693.804 3246.213
2233.645 3455.302
2635.192 3316.093
2674.256 3756.138
2415.430 3353.305
2629.160 3250.552
2491.024 3503.875
2482.813 3228.304
2519.302 3456.191
2647.388 3451.655
2365.805 3322.559
2308.159 3715.526
2519.406 3691.465
2688.974 3463.710
2706.352 3602.158
2663.600 3388.613
2251.942 3491.968
2431.431 3726.134
2344.363 3635.859
2230.325 3238.826
2307.424 3623.824
2688.383 3410.082
2443.123 3654.014
2675.757 3619.674
2498.103 3612.657
2305.076 3553.957
2331.547 3243.273
2441.908 3774.673
2390.646 3517.312
2502.963 3371.808
2233.219 3648.502
2637.807 3715.036
2653.990 3590.664
2608.978 3480.795
2530.368 3485.593
2366.771 3387.971
2700.972 3313.480
2305.465 3430.841
2231.281 3369.177
2349.421 3290.878
2470.038 3222.328
2654.809 3527.375
2409.775 3316.045
2614.178 3420.974
2576.699 3526.916
2306.285 3462.970
2572.957 3515.028
2255.772 3650.905
2542.230 3357.260
2305.645 3223.916
2697.007 3294.694
2444.229 3725.948
2232.290 3244.606
2468.976 3558.798
2705.623 3433.639
2265.802 3377.663
2243.740 3490.652
2488.366 3578.842
2655.537 3237.594
2651.269 3291.126
2616.663 3505.483
2721.847 3630.824
2295.989 3294.077
2673.243 3270.324
2613.834 3658.271
2248.667 3572.065
2394.773 3733.598
2364.144 3495.073
2532.894 3382.434
2228.786 3598.588
2306.516 3355.225
2700.498 3378.075
2613.483 3614.698
2361.143 3273.749
2637.566 3300.778
2493.178 3571.563
2497.498 3235.453
2441.107 3638.196
2371.503 3341.662
2322.139 3362.913
2309.695 3526.103
2698.879 3675.901
2366.379 3244.402
2185.278 3303.527
2589.903 3471.198
2214.544 3721.762
2360.797 3599.097
2460.964 3617.775
2502.872 3377.843
2627.485 3284.399
2493.999 3578.347
2189.410 3308.391
2644.710 3494.065
2557.010 3525.643
2284.282 3306.258
2186.439 3661.664
2682.635 3433.557
2508.618 3712.783
2427.308 3401.660
2503.043 3457.489
2585.085 3558.686
2366.850 3507.610
2354.291 3603.996
2631.768 3342.800
2688.073 3653.076
2588.539 3345.610
2267.647 3302.919
2414.776 3418.078
2569.473 3583.998
2326.719 3437.280
2256.549 3271.434
2532.873 3244.124
2263.770 3371.887
2272.960 3551.156
2498.070 3596.182
2639.075 3595.906
2263.872 3634.234
2614.895 3380.982
2430.858 3380.727
2616.699 3581.546
2559.595 3669.636
2414.894 3526.290
2514.910 3574.214
2198.776 3651.184
2495.585 3242.411
2672.705 3358.969
2679.713 3441.492
2314.095 3525.657
2300.697 3425.185
2650.744 3295.799
2420.605 3390.025
2299.692 3447.830
2451.351 3746.243
2396.470 3242.810
2704.257 3605.820
2205.887 3638.351
2185.022 3566.856
2631.759 3427.563
2340.922 3721.659
2536.755 3498.047
2585.862 3575.446
2520.047 3511.584
2722.259 3410.801
2288.391 3636.441
2369.923 3524.425
2232.545 3268.342
2668.170 3380.017
2706.707 3334.966
2572.062 3367.290
2651.388 3680.823
2540.769 3229.384
2248.048 3731.537
2266.268 3581.850
2175.528 3513.521
2375.755 3602.958
2545.424 3707.058
2708.210 3383.055
2423.385 3388.439
2289.397 3724.624
2186.158 3418.873
2488.284 3311.991
2551.985 3666.644
2663.507 3593.523
2642.878 3710.188
2283.119 3493.354
2717.805 3398.426
2312.134 3743.256
2534.948 3407.067
2618.485 3229.267
2193.343 3378.680
2457.211 3676.696
2716.033 3292.705
2675.719 3328.844
2218.655 3401.602
2237.949 3577.813
2594.815 3539.282
2580.787 3554.420
2700.636 3462.511
2436.073 3657.652
2351.656 3476.840
2531.672 3223.337
2280.081 3431.318
2390.737 3627.404
2647.609 3577.804
2285.264 3422.495
2343.664 3443.668
2615.267 3629.510
2692.496 3503.701
2430.232 3293.614
2376.349 3614.897
2501.451 3599.115
2270.692 3717.906
2261.253 3609.588
2635.146 3745.770
2312.267 3276.707
2660.552 3438.842
2190.978 3334.475
2184.851 3545.207
2578.522 3437.487
2296.839 3434.521
2303.345 3458.031
2678.953 3704.490
2199.437 3404.076
2633.505 3362.306
2719.429 3439.239
2478.314 3333.827
2458.910 3400.507
2495.205 3774.191
2714.498 3436.153
2307.622 3341.482
2187.928 3341.360
2633.750 3242.527
2606.228 3261.856
2458.062 3281.782
2723.077 3628.292
2515.869 3443.293
2568.137 3762.504
2720.297 3565.027
2489.926 3538.695
2224.792 3337.011
2582.251 3413.040
2470.971 3567.681
2201.578 3538.945
2347.328 3517.355
2394.950 3380.319
2391.177 3255.094
2554.164 3654.705
2583.615 3454.828
2608.069 3658.913
2595.425 3565.696
2649.483 3452.929
2441.462 3710.988
2176.459 3772.684
2282.913 3562.432
2711.342 3710.943
2518.898 3472.766
2679.297 3711.133
2499.207 3759.752
2294.228 3326.996
2684.809 3724.804
2505.982 3586.475
2421.253 3449.180
2429.480 3394.416
2531.768 3386.405
2709.024 3622.601
2610.772 3626.281
2208.952 3604.763
2310.206 3375.215
2182.079 3567.050
2195.973 3387.998
2292.071 3554.539
2692.275 3761.201
2486.703 3694.931
2360.364 3512.470
2336.564 3771.915
2642.466 3436.662
2591.716 3614.370
2487.587 3376.349
2304.172 3444.333
2678.510 3732.289
2527.522 3302.361
2310.378 3763.180
2660.361 3697.413
2577.169 3703.367
2272.882 3515.870
2337.391 3720.937
2278.120 3383.416
2332.978 3557.844
2636.923 3241.214
2336.168 3629.779
2407.244 3365.818
2458.471 3264.422
2531.131 3420.399
2420.231 3253.001
2267.633 3235.268
2688.861 3513.204
2183.661 3506.876
2422.473 3473.948
2652.983 3416.088
2541.621 3634.919
2634.024 3647.351
2645.297 3322.966
2289.595 3286.497
2493.002 3531.176
2377.592 3385.764
2441.197 3622.611
2712.280 3684.138
2270.913 3379.691
2450.744 3593.362
2601.023 3533.754
2598.009 3267.231
2391.446 3744.662
2555.003 3258.487
2319.867 3647.381
2479.151 3551.465
2444.869 3691.850
2390.120 3248.780
2445.171 3246.499
2484.166 3748.049
2237.498 3309.157
2398.380 3306.170
2677.576 3264.872
2706.272 3533.074
2514.648 3461.510
2497.015 3501.277
2266.771 3296.266
2186.387 3223.817
2362.675 3302.012
2676.520 3593.599
2683.467 3383.874
2634.390 3747.489
2590.484 3603.001
2718.031 3536.715
2672.370 3768.433
2256.189 3511.524
2573.816 3626.525
2399.862 3634.026
2375.804 3300.945
2388.047 3654.939
2398.365 3527.556
2662.737 3438.455
2556.505 3668.247
2623.934 3680.603
2607.659 3376.176
2234.929 3471.768
2620.853 3356.838
2371.189 3367.698
2525.500 3234.907
2260.584 3769.581
2461.612 3288.861
2601.761 3439.167
2223.101 3592.945
2178.412 3536.559
2448.056 3686.491
2684.194 3556.962
2716.517 3491.657
2304.553 3314.268
2205.224 3696.384
2626.208 3731.914
2587.936 3720.162
2206.925 3284.973
2626.045 3411.807
2568.927 3268.618
2246.632 3529.891
2467.880 3531.217
2379.256 3431.616
2413.995 3473.053
2377.805 3500.353
2557.279 3560.519
2460.672 3272.102
2721.628 3744.127
2691.076 3663.254
2658.114 3299.511
2617.009 3655.893
2252.959 3591.633
2455.222 3496.577
2577.849 3637.699
2241.816 3507.820
2699.007 3733.510
2602.188 3479.448
2348.639 3563.290
2609.310 3282.825
2352.217 3477.601
2651.361 3445.765
2624.412 3337.851
2563.666 3769.711
2457.158 3716.339
2570.788 3365.643
2587.846 3482.457
2383.224 3647.095
2579.252 3396.326
2308.631 3385.537
2512.019 3687.641
2662.866 3681.307
2182.754 3622.030
2677.650 3660.826
2208.756 3255.186
2199.779 3601.742
2432.699 3729.277
2382.892 3484.140
2305.680 3337.621
2462.637 3358.104
2698.746 3719.162
2287.995 3554.447
2382.505 3245.832
2290.124 3521.412
2247.355 3469.902
2501.047 3531.751
2413.699 3545.874
2591.676 3297.811
2564.610 3716.924
2217.131 3758.041
2590.759 3292.355
2460.752 3636.359
2307.613 3552.450
2570.862 3337.322
2389.837 3459.436
2203.152 3245.216
2578.899 3411.049
2474.246 3486.909
2188.643 3546.624
2587.660 3548.112
2241.352 3648.549
2673.255 3706.758
2414.271 3644.565
2647.726 3324.584
2660.784 3496.728
2674.575 3592.202
2321.032 3243.632
2718.143 3418.722
2579.249 3592.315
2448.134 3381.945
2526.163 3433.984
2522.514 3714.229
2374.483 3508.641
2317.910 3710.317
2471.455 3596.627
2411.689 3222.599
2178.253 3574.987
2499.377 3733.420
2613.173 3431.402
2574.787 3702.527
2277.827 3691.498
2474.301 3510.573
2720.175 3761.518
2457.912 3623.304
2422.204 3537.401
2661.631 3656.899
2426.253 3478.923
2241.327 3304.195
2321.312 3401.181
2646.446 3465.986
2228.490 3489.659
2568.701 3725.872
2185.771 3466.306
2505.358 3302.621
2311.827 3507.892
2355.774 3727.145
2685.926 3559.626
2421.598 3375.755
2325.024 3541.102
2490.718 3630.457
2422.296 3349.716
2298.568 3271.236
2391.374 3724.961
2699.856 3465.396
2667.220 3392.339
2495.156 3308.934
2225.685 3436.028
2701.714 3627.811
2260.416 3707.824
2211.126 3360.998
2217.974 3481.867
2285.515 3286.692
2343.031 3770.520
2468.834 3400.972
2510.412 3303.836
2439.351 3679.832
2565.272 3647.648
2241.393 3541.450
2281.093 3472.412
2330.607 3636.649
2663.385 3667.948
2623.547 3336.476
2181.522 3674.173
2649.910 3749.769
2275.366 3228.124
2486.618 3438.907
2656.103 3488.359
2269.189 3246.995
2188.283 3276.441
2226.635 3475.428
2642.189 3481.256
2359.213 3262.568
2699.127 3612.543
2260.305 3753.520
2346.812 3525.254
2515.444 3580.313
2609.299 3589.939
2678.011 3688.985
2677.745 3427.842
2240.668 3606.853
2572.561 3434.587
2724.317 3419.351
2534.625 3450.788
2470.723 3220.894
2190.731 3429.758
2399.787 3650.938
2477.648 3623.110
2183.202 3309.000
2383.497 3330.639
2654.492 3527.241
2507.895 3527.129
2598.425 3394.345
2321.917 3510.680
2181.963 3576.705
2708.370 3738.138
2410.820 3392.744
2406.854 3378.180
2216.842 3248.301
2188.655 3765.187
2710.921 3297.112
2297.738 3244.270
2394.089 3474.513
2266.044 3430.798
2716.903 3519.751
2529.952 3765.077
2290.671 3756.074
2628.316 3712.335
2709.414 3601.585
2704.124 3279.994
2637.405 3646.931
2283.946 3236.527
2689.063 3638.725
2240.539 3426.446
2678.578 3712.217
2398.943 3765.563
2191.296 3668.893
2668.924 3444.380
2272.410 3603.647
2328.419 3703.148
2501.633 3287.256
2339.571 3231.961
2303.494 3705.006
2594.159 3430.493
2322.927 3545.655
2592.896 3464.739
2445.847 3512.379
2241.704 3252.960
2200.774 3728.316
2297.869 3279.733
2651.381 3762.075
2206.645 3258.668
2328.294 3720.603
2336.724 3613.091
2283.478 3549.849
2273.289 3293.984
2431.490 3696.979
2545.338 3493.615
2548.082 3706.186
2382.686 3375.944
2410.490 3502.668
2693.772 3321.043
2644.580 3314.441
2599.435 3340.829
2376.197 3586.134
2197.570 3498.010
2645.765 3488.147
2173.966 3392.680
2179.239 3538.878
2633.454 3532.049
2337.628 3521.815
2219.703 3482.473
2543.989 3539.860
2324.931 3488.840
2603.042 3632.035
2630.751 3364.837
2375.105 3620.714
2236.897 3317.955
2409.537 3571.825
2663.767 3405.325
2228.963 3443.643
2220.285 3715.603
2471.191 3522.089
2481.091 3554.438
2314.296 3469.258
2213.647 3427.798
2245.395 3678.337
2525.694 3351.710
2630.803 3233.585
2692.794 3661.223
2611.954 3707.348
2197.597 3473.720
2572.526 3478.835
2241.418 3405.510
2319.783 3587.110
2552.982 3735.233
2467.753 3534.035
2512.219 3714.720
2405.710 3349.402
2590.959 3512.087
2359.528 3517.629
2520.984 3412.861
2244.308 3661.431
2198.464 3690.808
2623.869 3475.010
2577.484 3509.857
2537.896 3560.999
2246.381 3421.942
2318.061 3315.226
2539.850 3746.770
2658.840 3585.272
2596.715 3375.488
2679.934 3620.789
2525.902 3398.972
2447.786 3502.209
2602.308 3617.102
2708.391 3657.827
2580.114 3514.630
2407.044 3493.961
2598.246 3537.591
2515.712 3670.958
2212.910 3612.987
2504.885 3493.740
2293.867 3297.831
2565.517 3552.364
2290.731 3535.602
2427.370 3388.265
2271.158 3249.740
2282.914 3508.481
2565.791 3278.491
2433.970 3588.733
2652.589 3374.475
2231.733 3628.427
2433.667 3667.289
2509.324 3380.414
2558.414 3687.377
2344.648 3285.091
2238.173 3658.480
2226.865 3550.357
2202.286 3687.861
2270.831 3453.775
2244.286 3686.439
2278.465 3691.407
2656.219 3397.341
2613.449 3535.293
2402.699 3253.549
2623.095 3747.116
2316.089 3722.959
2439.182 3224.998
2522.086 3648.037
2252.482 3287.551
2303.858 3321.674
2499.476 3327.068
2300.446 3440.659
2586.092 3433.477
2502.056 3531.742
2253.558 3488.619
2225.156 3374.337
2335.559 3478.684
2314.272 3415.182
2623.439 3556.048
2394.001 3763.289
2470.322 3628.963
2662.531 3529.279
2487.459 3733.398
2325.586 3445.517
2284.337 3508.849
2712.803 3447.947
2702.968 3465.252
2198.030 3245.086
2657.725 3299.950
2394.400 3456.941
2288.132 3375.903
2373.447 3524.815
2452.418 3661.430
2553.184 3399.365
2301.293 3639.754
2567.963 3767.378
2626.312 3495.961
2186.780 3663.417
2713.801 3508.365
2654.327 3708.430
2465.340 3635.259
2573.255 3714.391
2256.372 3636.698
2619.731 3710.685
2513.412 3769.559
2277.836 3685.941
2444.726 3463.910
2435.012 3553.631
2270.309 3525.041
2327.664 3468.834
2324.557 3427.589
2521.061 3766.093
2719.726 3494.557
2294.559 3455.202
2409.994 3313.109
2653.294 3558.556
2413.675 3265.690
2700.674 3493.186
2198.928 3475.358
2204.729 3728.546
2287.665 3342.491
2579.432 3511.642
2342.867 3759.145
2248.202 3401.591
2501.507 3586.585
2491.702 3304.869
2381.163 3267.010
2663.381 3409.213
2397.909 3250.632
2177.638 3520.999
2652.089 3589.386
2200.757 3242.552
2375.715 3541.341
2605.177 3338.564
2304.030 3574.224
2290.880 3734.860
2340.442 3373.463
2694.852 3341.642
2211.170 3455.009
2312.716 3570.899
2307.536 3397.602
2454.358 3675.685
2399.397 3297.656
2559.175 3729.047
2487.589 3480.095
2350.983 3723.946
2719.742 3629.459
2386.561 3424.869
2378.840 3576.607
2548.451 3774.065
2213.287 3419.042
2499.111 3504.207
2171.139 3560.961
2611.752 3592.520
2309.761 3742.517
2542.912 3744.829
2527.898 3541.945
2413.030 3539.557
2170.501 3404.090
2307.224 3678.951
2537.091 3369.780
2553.151 3363.192
2198.770 3643.132
2412.812 3767.045
2647.031 3448.944
2628.304 3678.454
2720.813 3462.654
2272.752 3312.806
2471.526 3496.317
2233.506 3457.892
2594.233 3473.357
2391.460 3696.098
2345.054 3610.503
2721.603 3364.076
2486.697 3732.987
2619.906 3537.451
2225.095 3349.152
2433.869 3443.030
2625.039 3718.624
2193.741 3348.886
2618.233 3389.957
2195.131 3250.076
2568.125 3605.368
2322.510 3760.745
2450.829 3719.659
2636.221 3774.578
2445.823 3747.684
2381.784 3329.095
2701.943 3554.202
2504.364 3735.688
2343.611 3615.741
2646.364 3752.063
2407.910 3667.092
2223.716 3651.278
2268.785 3629.614
2355.087 3527.867
2240.983 3636.384
2466.669 3712.317
2546.922 3621.510
2471.843 3344.392
2374.347 3343.492
2623.673 3371.385
2276.306 3541.279
2681.299 3550.369
2550.815 3493.481
2341.401 3364.444
2626.723 3559.810
2291.361 3423.399
2675.444 3644.050
2719.157 3467.979
2424.438 3424.538
2563.220 3350.398
2369.642 3366.790
2592.128 3556.622
2457.204 3316.190
2660.606 3716.584
2461.083 3472.014
2303.601 3376.703
2650.845 3281.236
2357.840 3397.748
2357.182 3728.771
2209.672 3454.760
2657.430 3610.055
2548.203 3473.022
2575.585 3333.020
2722.937 3271.744
2196.341 3506.231
2695.635 3538.822
2475.955 3772.357
2698.637 3611.921
2567.191 3735.008
2550.720 3443.720
2536.966 3539.574
2299.849 3235.992
2554.114 3450.961
2285.765 3497.897
2621.929 3457.251
2242.816 3674.462
2694.523 3337.913
2530.810 3335.049
2175.283 3602.776
2700.707 3632.413
2462.460 3550.019
2358.219 3578.447
2218.256 3399.803
2385.528 3464.477
2446.473 3559.830
2241.400 3245.367
2436.476 3502.054
2249.632 3286.643
2310.400 3654.390
2422.854 3582.423
2644.165 3768.716
2591.864 3577.846
2283.229 3479.434
2564.138 3387.023
2384.499 3759.801
2636.276 3724.502
2403.026 3433.953
2348.226 3224.299
2692.429 3403.252
2501.444 3444.929
2493.415 3518.615
2607.722 3608.989
2361.313 3730.081
2363.733 3610.771
2681.188 3237.495
2718.676 3591.758
2231.331 3572.949
2674.939 3487.583
2651.029 3414.233
2382.950 3228.873
2552.404 3755.297
2218.269 3248.084
2331.749 3769.887
2297.388 3364.680
2520.032 3360.914
2280.063 3316.149
2552.826 3446.798
2683.027 3510.082
2693.253 3606.890
2604.458 3442.067
2557.415 3702.775
2240.192 3362.482
2404.310 3603.624
2246.767 3305.265
2542.630 3626.429
2214.550 3282.232
2651.939 3447.955
2376.623 3734.275
2524.719 3272.842
2171.262 3450.838
2309.983 3581.521
2571.469 3479.955
2389.343 3416.924
2264.729 3680.131
2381.100 3310.185
2622.743 3704.101
2648.426 3344.488
2282.773 3301.949
2497.483 3739.779
2723.874 3551.611
2632.132 3633.893
2417.356 3381.037
2240.901 3522.738
2291.526 3347.367
2287.414 3505.330
2242.424 3563.137
2566.687 3664.824
2418.489 3578.914
2391.165 3662.599
2551.481 3408.923
2279.750 3586.583
2701.158 3703.797
2679.825 3293.964
2189.818 3565.129
2515.440 3628.873
2594.843 3259.280
2576.172 3685.699
2172.850 3731.532
2202.948 3599.781
2394.577 3546.353
2559.031 3443.635
2716.114 3573.023
2616.171 3516.463
2412.267 3279.083
2351.954 3522.660
2707.720 3260.838
2577.586 3282.824
2326.168 3513.339
2289.928 3593.944
2592.004 3457.201
2247.895 3259.867
2493.215 3656.333
2598.930 3225.414
2633.534 3726.943
2635.020 3722.793
2187.668 3450.219
2321.977 3278.330
2437.374 3223.094
2654.052 3678.088
2239.355 3264.695
2529.558 3575.886
2253.399 3355.094
2720.107 3422.682
2711.677 3674.199
2426.621 3336.466
2407.560 3697.857
2581.121 3358.722
2275.002 3390.536
2321.693 3684.964
2646.263 3552.741
2447.070 3592.498
2328.022 3459.332
2433.856 3245.160
2464.733 3412.170
2482.969 3642.621
2307.936 3547.801
2549.887 3463.264
2269.484 3448.583
2320.640 3639.628
2414.238 3299.609
2478.351 3452.167
2653.808 3629.362
2302.138 3236.740
2576.470 3763.447
2638.765 3232.196
2328.160 3370.686
2227.086 3226.147
2193.676 3366.874
2708.613 3612.637
2391.785 3727.177
2199.027 3690.900
2661.938 3254.571
2304.192 3314.220
2186.093 3314.381
2458.878 3409.063
2386.865 3283.768
2655.458 3537.725
2347.331 3554.468
2724.455 3468.986
2669.445 3293.227
2699.024 3700.262
2296.074 3502.116
2328.429 3623.289
2582.815 3587.520
2712.116 3768.132
2332.524 3300.448
2300.014 3275.993
2648.606 3226.505
2550.254 3468.510
2353.712 3494.537
2192.062 3243.980
2432.224 3556.978
2538.336 3362.632
2538.467 3497.591
2428.297 3348.572
2356.461 3761.609
2616.658 3725.779
2442.945 3455.166
2210.012 3417.684
2375.496 3284.949
2169.267 3758.705
2262.432 3552.110
2685.875 3655.022
2656.920 3221.425
2384.610 3241.407
2699.792 3696.682
2408.727 3282.106
2432.918 3519.473
2505.917 3221.118
2302.292 3490.255
2594.164 3676.645
2502.948 3560.624
2703.234 3570.255
2249.749 3256.964
2304.831 3297.138
2380.792 3473.363
2260.051 3300.515
2638.667 3485.938
2620.670 3742.845
2484.079 3449.963
2631.930 3705.493
2426.566 3559.325
2469.207 3429.423
2643.714 3669.666
2482.686 3315.610
2701.843 3349.904
2600.740 3272.395
2379.625 3705.895
2665.674 3633.113
2671.176 3396.747
2680.560 3386.923
2704.429 3273.741
2477.731 3748.766
2581.219 3651.458
2530.663 3636.929
2183.326 3589.415
2716.051 3742.472
2599.932 3254.591
2408.413 3501.862
2320.062 3515.979
2440.042 3707.408
2295.277 3330.560
2499.921 3302.223
2553.505 3273.079
2307.261 3270.948
2223.056 3532.523
2535.345 3222.662
2541.004 3268.802
2690.108 3593.484
2356.830 3475.424
2501.545 3482.589
2354.348 3517.019
2622.093 3570.076
2600.148 3310.717
2583.396 3459.557
2588.865 3524.979
2479.392 3721.692
2572.189 3224.879
2528.214 3294.132
2382.056 3746.913
2261.359 3724.212
2674.119 3239.749
2224.017 3361.194
2232.728 3616.943
2519.333 3380.748
2432.393 3339.685
2446.886 3582.781
2506.546 3370.212
2345.143 3309.730
2398.288 3390.219
2253.259 3661.521
2287.956 3522.215
2496.345 3740.343
2398.001 3331.543
2542.650 3471.672
2552.395 3350.042
2201.349 3504.851
2595.535 3293.186
2673.418 3622.442
2653.027 3708.308
2384.183 3719.883
2364.397 3360.544
2337.612 3460.584
2202.889 3709.375
2517.123 3736.849
2459.102 3389.835
2444.284 3333.616
2214.622 3755.508
2345.673 3502.077
2387.586 3241.144
2507.981 3760.179
2645.173 3747.155
2341.836 3431.012
2476.065 3685.303
2203.588 3258.452
2317.795 3381.800
2397.319 3284.321
2544.013 3283.155
2395.120 3589.627
2405.343 3361.359
2366.177 3419.383
2178.763 3483.646
2208.453 3245.429
2238.562 3266.580
2401.472 3724.896
2656.461 3384.730
2559.165 3446.420
2512.311 3698.912
2197.210 3612.262
2684.943 3475.987
2216.056 3317.143
2592.224 3501.910
2257.987 3409.969
2294.724 3373.479
2406.572 3530.527
2370.521 3756.696
2460.584 3225.867
2325.212 3413.442
2368.923 3583.644
2453.544 3491.178
2644.468 3764.566
2432.529 3729.350
2318.298 3387.659
2276.950 3481.090
2207.846 3503.728
2251.627 3481.284
2257.257 3351.184
2411.834 3445.433
2443.897 3312.225
2267.971 3720.755
2604.900 3763.477
2654.918 3564.325
2630.017 3408.856
2593.556 3415.355
2422.342 3683.159
2333.130 3258.829
2722.498 3736.220
2628.591 3631.906
2382.896 3704.305
2216.172 3391.006
2598.509 3273.134
2354.123 3450.637
2586.742 3458.324
2378.164 3418.203
2279.498 3590.403
2421.253 3361.439
2469.684 3535.875
2379.318 3224.949
2184.481 3341.747
2188.492 3729.698
2400.639 3623.737
2305.341 3224.866
2312.917 3442.581
2480.612 3390.879
2601.930 3536.482
2248.623 3343.534
2240.627 3679.897
2554.920 3750.500
2203.857 3297.502
2487.670 3727.467
2554.180 3473.671
2282.767 3404.566
2688.620 3570.185
2491.433 3283.408
2310.069 3553.058
2179.212 3471.181
2514.451 3254.654
2362.850 3601.380
2707.933 3271.894
2279.384 3437.016
2467.895 3521.931
2388.505 3601.777
2590.300 3748.439
2380.829 3612.951
2543.012 3492.239
2701.422 3533.137
2175.687 3642.563
2439.645 3370.662
2328.424 3388.485
2699.520 3350.822
2365.619 3577.245
2457.942 3772.438
2453.101 3591.645
2649.899 3667.554
2638.095 3655.831
2227.020 3234.966
2438.528 3744.080
2430.427 3677.309
2509.325 3670.801
2535.871 3690.547
2245.561 3660.145
2381.487 3535.422
2277.522 3462.067
2450.318 3493.394
2613.858 3636.075
2577.359 3414.578
2571.085 3421.444
2410.935 3275.229
2290.171 3689.334
2385.341 3504.952
2623.979 3534.416
2318.027 3455.219
2695.117 3493.478
2283.205 3265.547
2198.204 3636.248
2367.430 3754.340
2559.421 3567.576
2484.977 3370.006
2591.967 3647.435
2653.847 3626.463
2693.750 3685.225
2317.398 3578.871
2611.059 3665.603
2241.945 3535.903
2472.212 3351.892
2208.493 3246.268
2644.499 3467.282
2419.796 3702.986
2226.526 3725.871
2254.623 3561.473
2387.019 3315.068
2607.889 3260.342
2452.811 3373.259
2429.944 3249.595
2667.270 3652.768
2634.412 3633.424
2266.127 3350.731
2247.517 3440.120
2345.322 3757.707
2279.336 3652.363
2289.110 3704.553
2599.704 3321.021
2565.342 3282.000
2431.851 3256.085
2568.369 3223.837
2447.547 3281.906
2326.304 3288.961
2711.880 3680.670
2634.593 3295.602
2678.330 3682.090
2660.883 3408.400
2337.011 3650.818
2489.195 3384.820
2424.958 3232.681
2614.619 3265.759
2378.602 3361.795
2447.081 3370.386
2641.432 3351.154
2253.865 3542.534
2374.468 3509.417
2660.366 3593.015
2669.448 3589.127
2353.554 3488.955
2511.698 3743.113
2216.051 3567.367
2525.610 3390.435
2430.630 3470.553
2313.697 3634.025
2366.612 3602.604
2566.434 3640.329
2608.413 3566.689
2536.926 3464.747
2444.560 3543.360
2396.497 3694.065
2265.702 3494.812
2661.911 3285.699
2191.465 3702.989
2212.877 3309.346
2368.609 3526.053
2554.198 3446.025
2354.030 3285.649
2377.562 3738.020
2396.328 3520.340
2261.646 3712.655
2323.363 3315.281
2442.005 3450.468
2554.638 3542.012
2594.171 3693.610
2351.629 3517.350
2248.699 3539.906
2601.896 3554.284
2543.575 3757.382
2180.334 3456.671
2232.010 3728.821
2625.382 3757.803
2195.716 3314.590
2173.085 3314.172
2473.185 3234.816
2422.903 3537.059
2433.067 3407.421
2360.982 3539.585
2718.728 3300.407
2616.481 3674.165
2519.504 3457.439
2358.876 3294.685
2203.182 3230.764
2508.029 3699.618
2575.483 3436.133
2285.944 3661.883
2453.194 3646.293
2591.654 3755.492
2487.312 3371.604
2462.993 3222.542
2615.586 3771.872
2712.307 3231.307
2534.096 3349.983
2501.749 3426.561
2583.568 3302.638
2497.036 3667.040
2699.319 3587.989
2615.806 3378.469
2513.145 3537.912
2282.740 3320.202
2578.156 3460.392
2622.449 3631.351
2339.004 3258.085
2460.200 3365.655
2712.879 3768.951
2712.824 3420.346
2189.158 3224.740
2346.288 3247.905
2340.306 3419.186
2499.000 3236.829
2297.088 3568.526
2620.136 3249.288
2432.352 3514.173
2270.774 3429.264
2614.215 3397.558
2465.823 3382.455
2189.216 3491.651
2555.947 3326.004
2453.238 3258.355
2237.952 3273.716
2548.093 3376.343
2664.141 3322.384
2235.379 3320.194
2328.670 3747.343
2705.355 3612.948
2188.821 3356.117
2303.841 3366.532
2646.615 3403.373
2645.600 3608.534
2483.319 3666.786
2316.545 3679.090
2291.475 3395.486
2435.033 3340.702
2584.320 3310.879
2558.887 3392.598
2622.312 3275.224
2333.078 3767.374
2326.255 3681.259
2248.540 3419.228
2430.277 3335.272
2595.456 3630.919
2424.837 3506.238
2642.821 3765.169
2279.739 3458.813
2579.569 3626.974
2338.030 3294.904
2351.696 3576.832
2577.081 3584.310
2403.158 3740.394
2170.652 3393.744
2474.649 3523.896
2708.894 3499.723
2408.847 3319.339
2250.927 3607.121
2394.415 3268.571
2552.708 3770.305
2241.545 3317.890
2438.676 3707.746
2216.088 3266.076
2194.472 3718.475
2454.499 3395.690
2602.102 3250.123
2682.707 3724.975
2400.943 3308.955
2488.190 3544.091
2581.710 3354.027
2429.998 3253.428
2575.108 3670.707
2549.636 3411.167
2188.176 3451.396
2536.436 3769.968
2400.755 3685.339
2651.017 3602.288
2309.482 3743.036
2675.584 3596.768
2207.464 3683.007
2333.299 3626.683
2686.580 3432.964
2211.800 3691.885
2687.473 3233.076
2387.563 3457.946
2534.178 3703.611
2330.988 3434.014
2316.883 3730.163
2287.479 3660.289
2703.644 3290.919
2617.455 3452.213
2184.351 3532.121
2618.201 3340.528
2631.185 3530.430
2601.366 3254.516
2272.821 3592.618
2228.987 3467.203
2533.091 3520.655
2647.965 3641.982
2354.692 3625.486
2215.969 3633.927
2429.287 3434.098
2550.497 3613.766
2705.885 3762.359
2381.840 3524.141
2640.517 3544.678
2526.164 3236.014
2668.188 3603.118
2600.919 3420.466
2619.834 3348.352
2463.245 3258.627
2714.887 3422.840
2593.549 3617.624
2673.468 3225.116
2722.562 3743.345
2626.821 3616.604
2645.883 3445.005
2442.517 3377.724
2351.677 3763.812
2627.263 3537.490
2254.817 3338.951
2628.475 3497.520
2352.517 3663.658
2304.224 3581.746
2193.204 3322.778
2678.187 3440.767
2210.995 3753.546
2715.971 3516.898
2472.641 3360.599
2231.419 3766.349
2489.244 3291.989
2649.588 3761.361
2388.756 3529.685
2588.511 3460.812
2704.267 3411.243
2345.999 3614.192
2201.822 3395.546
2202.225 3747.219
2582.183 3647.131
2392.659 3758.322
2307.191 3601.260
2583.749 3504.572
2273.914 3240.812
2402.508 3269.888
2311.258 3544.844
2694.640 3658.410
2576.742 3672.739
2193.110 3412.765
2653.506 3519.770
2694.850 3330.505
2418.151 3596.799
2511.884 3360.658
2335.536 3392.382
2702.486 3367.029
2353.245 3572.572
2453.699 3624.481
2236.433 3331.329
2576.402 3547.877
2500.715 3313.380
2682.414 3233.141
2313.107 3451.230
2626.187 3354.456
2571.894 3749.010
2429.040 3437.419
2245.293 3259.994
2265.590 3697.182
2213.623 3226.552
2630.878 3406.606
2712.719 3386.717
2274.065 3422.271
2268.441 3719.392
2413.732 3271.103
2621.873 3468.705
2566.372 3599.778
2388.126 3272.331
2283.286 3694.318
2701.389 3427.495
2625.391 3291.231
2542.557 3593.659
2497.635 3475.352
2508.261 3635.995
2396.363 3476.222
2409.467 3698.996
2382.271 3433.644
2439.403 3260.034
2352.763 3270.949
2275.260 3334.709
2603.695 3253.445
2610.755 3744.818
2320.426 3654.100
2299.532 3314.830
2235.926 3758.330
2376.263 3507.127
2660.716 3427.496
2266.439 3489.670
2561.089 3284.694
2303.796 3485.951
2349.264 3754.979
2300.819 3361.868
2650.454 3747.849
2174.695 3471.359
2330.672 3618.113
2247.938 3562.748
2350.227 3481.892
2172.508 3541.615
2666.263 3493.938
2280.777 3556.861
2493.806 3336.364
2474.296 3587.272
2720.941 3279.709
2340.292 3554.533
2303.046 3607.015
2504.877 3744.890
2316.867 3538.072
2222.544 3703.397
2250.650 3568.621
2436.495 3267.387
2249.279 3318.713
2444.933 3512.714
2415.690 3627.428
2324.802 3307.583
2295.018 3687.718
2394.093 3434.732
2591.044 3409.621
2432.248 3425.999
2325.077 3445.194
2247.518 3221.341
2705.580 3706.857
2393.708 3398.073
2537.997 3352.148
2416.681 3406.108
2339.193 3738.215
2303.283 3503.502
2490.889 3515.825
2706.368 3430.255
2534.377 3573.538
2669.962 3734.331
2719.893 3299.214
2417.127 3556.680
2589.314 3697.246
2483.849 3442.292
2486.954 3568.540
2288.494 3600.347
2706.460 3752.805
2630.919 3345.030
2229.868 3249.100
2463.419 3656.440
2463.242 3595.293
2388.180 3736.048
2412.509 3451.735
2194.661 3441.194
2379.717 3570.480
2203.068 3358.353
2227.352 3529.130
2523.906 3707.691
2379.727 3281.066
2617.574 3540.570
2201.482 3345.705
2668.007 3654.236
2495.039 3758.470
2554.363 3315.470
2541.967 3687.877
2511.606 3612.378
2313.510 3646.250
2432.449 3555.730
2487.900 3403.917
2263.167 3699.010
2699.059 3598.798
2487.655 3687.932
2449.508 3673.770
2381.352 3257.842
2218.281 3770.343
2408.210 3379.248
2228.656 3356.066
2509.631 3252.181
2585.087 3396.329
2475.332 3656.768
2499.724 3589.468
2533.226 3515.542
2494.380 3222.435
2408.326 3486.067
2379.990 3508.301
2675.955 3656.576
2249.661 3492.808
2625.565 3580.087
2491.249 3304.826
2317.741 3403.260
2486.060 3495.762
2691.794 3703.631
2663.740 3330.825
2493.251 3708.951
2593.552 3482.342
2480.905 3649.532
2186.703 3363.167
2362.889 3636.115
2304.490 3660.687
2281.740 3228.736
2541.700 3708.190
2506.448 3712.749
2208.435 3703.771
2579.457 3333.557
2724.290 3358.234
2282.689 3653.273
2637.515 3423.593
2646.941 3305.164
2401.933 3360.651
2527.811 3437.141
2445.910 3548.787
2316.297 3490.557
2366.254 3353.190
2398.199 3275.175
2683.130 3760.918
2552.157 3652.637
2699.400 3433.016
2461.783 3550.606
2598.311 3766.771
2603.447 3731.942
2427.787 3559.985
2344.919 3594.214
2617.594 3593.026
2435.271 3750.978
2639.760 3363.323
2454.971 3313.755
2436.985 3740.440
2660.483 3642.256
2604.875 3656.869
2615.118 3484.167
2637.810 3512.299
2716.451 3332.840
2580.377 3502.952
2304.247 3321.818
2664.473 3459.190
2572.410 3307.936
2704.589 3507.170
2296.967 3489.914
2397.832 3360.634
2334.836 3501.985
2447.847 3671.961
2456.183 3685.669
2620.051 3519.700
2392.051 3486.713
2174.574 3638.635
2523.018 3694.571
2517.640 3313.325
2227.572 3768.116
2617.582 3669.908
2407.209 3412.930
2492.608 3243.690
2351.029 3452.602
2486.703 3245.539
2487.021 3720.368
2205.444 3392.478
2388.721 3654.444
2307.503 3264.961
2443.752 3693.884
2507.081 3513.974
2683.722 3626.187
2262.779 3586.873
2306.829 3532.148
2430.574 3449.218
2404.918 3636.393
2296.621 3589.805
2322.590 3416.887
2305.095 3251.091
2189.570 3689.146
2405.423 3560.775
2614.428 3545.290
2313.742 3290.213
2273.984 3437.022
2567.410 3493.465
2501.244 3600.117
2641.418 3690.085
2211.291 3469.655
2415.806 3617.349
2283.094 3699.554
2501.062 3503.809
2214.917 3380.730
2332.356 3657.102
2503.158 3389.486
2411.841 3414.046
2659.735 3461.242
2618.324 3442.527
2184.157 3385.458
2624.837 3496.865
2215.406 3255.166
2586.577 3612.563
2254.831 3528.056
2419.230 3496.402
2185.151 3572.528
2611.868 3259.815
2179.551 3601.582
2257.390 3403.305
2473.121 3773.965
2201.793 3382.665
2573.004 3472.947
2507.322 3230.701
2564.889 3486.073
2292.630 3536.743
2442.202 3258.018
2434.568 3487.488
2181.215 3403.741
2419.772 3512.071
2384.557 3738.585
2585.392 3631.415
2476.399 3729.147
2683.020 3686.144
2696.538 3513.696
2692.407 3554.928
2209.315 3551.249
2203.937 3511.130
2668.142 3680.663
2680.533 3445.413
2282.213 3372.249
2364.144 3439.442
2293.776 3618.336
2589.641 3579.154
2414.662 3517.679
2511.004 3234.530
2665.150 3260.438
2478.757 3557.108
2605.571 3574.312
2622.463 3464.529
2348.755 3256.776
2305.852 3312.874
2435.201 3486.992
2226.800 3511.631
2372.697 3301.543
2547.009 3440.223
2213.733 3739.518
2201.955 3748.205
2295.586 3427.222
2526.808 3417.242
2230.649 3451.830
2412.904 3703.611
2674.875 3221.337
2274.145 3658.778
2454.648 3774.241
2218.318 3270.297
2206.773 3760.936
2361.882 3581.564
2456.891 3423.024
2518.911 3650.194
2680.789 3652.615
2240.148 3604.581
2648.471 3346.078
2648.076 3536.332
2431.717 3469.767
2301.723 3416.548
2190.169 3362.658
2619.117 3334.886
2295.607 3234.155
2459.151 3447.764
2568.822 3419.844
2707.579 3511.682
2184.774 3626.667
2181.261 3523.751
2399.480 3339.063
2306.659 3310.728
2560.623 3512.114
2434.564 3437.782
2382.165 3496.748
2706.137 3623.628
2352.921 3574.622
2226.524 3337.956
2495.367 3356.462
2317.105 3540.153
2190.341 3243.749
2578.413 3727.807
2558.244 3560.696
2562.044 3316.764
2172.344 3626.000
2393.799 3576.481
2311.955 3744.106
2711.086 3451.025
2497.895 3682.854
2541.765 3512.515
2572.018 3389.223
2676.398 3672.173
2280.983 3562.819
2690.917 3291.093
2475.228 3748.001
2291.590 3320.340
2184.671 3341.577
2296.635 3717.377
2501.809 3315.091
2548.855 3377.065
2692.154 3699.182
2288.224 3558.078
2488.667 3522.798
2494.959 3625.068
2355.423 3325.493
2466.116 3311.493
2718.883 3623.535
2664.621 3622.390
2322.751 3229.504
2470.563 3430.287
2565.619 3365.625
2521.800 3337.111
2186.685 3330.227
2690.306 3447.453
2581.695 3448.582
2488.151 3712.626
2527.296 3668.087
2572.848 3496.690
2279.626 3348.872
2320.697 3675.350
2198.797 3739.823
2549.775 3308.760
2242.257 3449.361
2284.125 3573.702
2629.202 3666.746
2701.488 3627.341
2514.298 3331.430
2648.167 3565.876
2548.753 3601.925
2512.757 3405.966
2246.664 3515.599
2488.671 3617.404
2723.280 3418.364
2228.491 3438.144
2529.149 3629.687
2184.286 3641.591
2611.392 3234.369
2281.950 3675.651
2222.200 3309.869
2712.101 3521.651
2590.878 3412.457
2203.027 3426.702
2561.628 3521.344
2224.683 3453.818
2546.778 3385.348
2523.525 3553.240
2305.571 3340.308
2429.799 3400.156
2431.368 3445.021
2415.122 3374.520
2587.143 3332.190
2457.688 3712.755
2469.663 3572.218
2545.139 3302.629
2561.161 3337.100
2677.335 3609.292
2692.871 3480.282
2498.839 3725.660
2197.837 3261.067
2335.917 3559.123
2270.173 3694.839
2277.476 3768.473
2715.242 3406.589
2509.064 3728.602
2443.067 3397.739
2248.062 3511.010
2537.466 3469.843
2384.346 3396.435
2673.829 3294.981
2521.542 3700.441
2326.971 3378.310
2572.019 3709.602
2354.237 3303.152
2699.270 3463.081
2350.022 3296.047
2283.595 3478.712
2307.247 3615.686
2699.168 3265.279
2228.529 3437.208
2461.431 3376.498
2204.752 3654.726
2694.955 3274.746
2236.540 3356.495
2299.088 3737.485
2292.851 3495.482
2509.020 3371.241
2250.888 3225.943
2614.461 3453.049
2643.359 3758.253
2183.983 3623.444
2222.247 3521.954
2482.242 3756.518
2431.973 3558.261
2687.116 3648.281
2239.528 3605.499
2336.443 3758.461
2543.959 3303.968
2615.211 3358.894
2512.626 3670.748
2391.430 3720.070
2268.530 3252.259
2441.614 3285.935
2470.413 3245.860
2492.207 3497.100
2687.060 3700.286
2230.174 3613.480
2429.089 3373.558
2265.097 3412.942
2556.946 3430.761
2577.878 3478.757
2261.885 3664.499
2483.853 3332.619
2621.667 3521.318
2258.585 3599.870
2221.645 3602.975
2450.849 3571.481
2387.308 3592.584
2188.636 3352.583
2255.336 3468.253
2207.952 3482.763
2683.679 3606.481
2336.082 3484.676
2240.288 3742.214
2351.129 3683.081
2305.755 3570.929
2705.781 3645.868
2254.695 3504.488
2486.607 3386.165
2218.351 3320.630
2298.958 3268.168
2676.356 3708.686
2340.304 3366.445
2668.502 3544.395
2625.529 3662.023
2502.599 3556.896
2419.140 3434.508
2198.410 3265.802
2534.934 3361.466
2357.253 3566.427
2216.601 3761.137
2178.621 3411.215
2688.882 3507.457
2373.855 3591.198
2447.505 3458.961
2316.378 3224.854
2312.820 3537.582
2399.931 3477.436
2273.214 3442.178
2683.275 3472.420
2271.420 3764.894
2543.954 3702.966
2330.850 3574.565
2480.129 3287.229
2341.325 3731.743
2287.182 3407.785
2261.627 3481.459
2503.603 3620.848
2334.340 3247.205
2542.291 3649.578
2205.841 3616.227
2334.613 3447.124
2373.874 3403.008
2702.341 3492.458
2400.209 3332.982
2202.455 3549.573
2641.483 3631.163
2329.944 3640.865
2289.760 3455.027
2516.244 3750.284
2299.224 3279.682
2357.376 3387.128
2663.488 3253.312
2611.598 3234.927
2602.461 3768.035
2493.493 3454.559
2643.533 3350.942
2314.112 3605.760
2367.206 3745.989
2329.132 3376.536
2530.166 3483.551
2224.931 3350.677
2569.034 3392.641
2346.527 3278.318
2637.514 3724.213
2553.731 3586.841
2519.757 3663.244
2499.518 3223.315
2447.781 3645.452
2550.673 3649.275
2556.170 3617.229
2357.181 3251.162
2326.698 3223.551
2488.852 3394.497
2589.178 3563.598
2625.273 3627.162
2309.864 3391.103
2404.193 3268.306
2270.214 3368.910
2577.073 3556.887
2331.713 3630.799
2233.745 3652.763
2336.165 3717.216
2181.358 3558.498
2204.295 3295.369
2294.538 3772.706
2683.037 3556.934
2400.945 3748.998
2512.827 3236.701
2274.599 3596.886
2720.579 3426.432
2276.692 3594.710
2442.030 3563.996
2560.557 3351.732
2570.629 3720.345
2497.201 3723.746
2549.562 3471.882
2293.528 3556.496
2187.203 3362.289
2440.809 3711.563
2393.831 3486.011
2553.268 3374.501
2341.519 3268.908
2476.285 3272.258
2364.287 3612.207
2390.009 3349.018
2642.791 3478.503
2475.905 3702.519
2669.855 3261.322
2463.023 3654.258
2408.625 3762.522
2565.747 3240.244
2383.613 3623.640
2282.783 3280.373
2299.699 3714.239
2507.283 3550.421
2473.482 3411.024
2438.001 3294.759
2254.514 3384.321
2484.622 3615.825
2172.916 3330.223
2612.381 3546.803
2435.802 3595.895
2443.773 3518.168
2230.013 3772.523
2558.907 3460.538
2652.179 3750.227
2443.187 3244.953
2549.204 3235.784
2486.024 3659.988
2656.808 3618.620
2457.096 3639.805
2285.764 3397.426
2234.227 3431.697
2331.643 3410.924
2404.173 3743.538
2636.420 3347.224
2227.812 3296.109
2696.219 3405.689
2671.526 3474.505
2362.168 3424.590
2582.113 3464.142
2556.946 3236.779
2680.944 3388.009
2591.196 3553.188
2188.584 3523.460
2446.731 3578.525
2659.225 3389.461
2291.087 3337.452
2407.329 3600.968
2601.714 3775.881
2646.573 3572.698
2225.233 3380.670
2405.951 3507.112
2569.547 3566.058
2351.968 3528.666
2560.836 3262.163
2674.805 3622.921
2635.902 3706.004
2682.481 3222.066
2504.022 3662.227
2266.808 3591.741
2337.217 3350.387
2718.977 3598.111
2474.739 3411.259
2552.795 3627.678
2301.165 3319.073
2670.477 3461.903
2696.440 3472.961
2724.674 3699.473
2494.477 3359.388
2636.729 3367.766
2474.026 3228.776
2267.458 3471.925
2281.813 3292.438
2342.316 3428.872
2260.273 3465.067
2362.115 3592.150
2211.014 3366.425
2499.782 3678.644
2285.798 3407.390
2469.864 3483.228
2347.665 3335.602
2689.263 3755.567
2552.066 3704.180
2417.027 3480.197
2264.647 3655.214
2506.635 3376.613
2580.510 3504.374
2188.139 3379.357
2405.555 3618.196
2633.681 3538.262
2673.071 3254.449
2367.170 3684.874
2294.755 3684.132
2258.423 3534.125
2370.212 3647.514
2709.883 3734.677
2500.919 3557.283
2328.040 3350.666
2180.517 3612.490
2257.568 3572.626
2347.783 3732.929
2516.322 3403.727
2601.569 3606.316
2410.980 3303.592
2234.560 3501.306
2711.386 3530.762
2245.502 3722.479
2179.387 3614.020
2457.175 3262.459
2592.646 3744.064
2317.660 3305.678
2494.307 3544.113
2580.202 3312.915
2299.607 3633.783
2500.698 3390.883
2558.145 3754.358
2502.045 3332.623
2370.963 3478.801
2175.711 3249.032
2597.212 3358.323
2254.639 3547.253
2328.597 3650.157
2412.164 3226.783
2351.758 3485.587
2387.680 3508.342
2568.836 3607.000
2217.382 3298.898
2254.956 3466.534
2433.353 3314.392
2472.268 3532.487
2536.401 3602.269
2224.246 3320.099
2287.426 3716.950
2305.858 3414.563
2408.173 3531.180
2188.439 3687.057
2260.780 3434.892
2337.034 3585.644
2305.636 3222.904
2538.964 3404.453
2469.987 3237.777
2595.396 3273.116
2699.285 3571.150
2426.089 3300.782
2292.826 3508.069
2606.680 3753.052
2458.772 3705.446
2317.578 3259.393
2499.287 3600.069
2517.478 3310.986
2376.002 3631.494
2322.140 3221.124
2360.428 3466.466
2332.702 3622.054
2451.429 3283.101
2719.544 3607.683
2573.227 3280.264
2664.039 3252.462
2325.783 3327.969
2557.108 3319.215
2470.693 3303.290
2197.162 3646.917
2491.097 3361.812
2687.358 3571.360
2553.643 3514.919
2711.683 3530.424
2322.420 3480.500
2674.827 3313.971
2179.937 3310.296
2351.426 3747.480
2629.899 3329.031
2236.950 3245.660
2354.058 3258.848
2638.316 3339.730
2354.396 3237.437
2243.660 3240.418
2523.527 3744.313
2258.538 3394.417
2263.564 3615.547
2347.530 3485.910
2569.878 3313.277
2254.785 3639.684
2692.066 3328.004
2272.464 3409.106
2464.446 3619.016
2456.774 3707.169
2708.764 3296.499
2528.299 3547.104
2344.786 3242.580
2250.212 3423.196
2284.003 3450.153
2248.867 3357.347
2410.438 3222.946
2331.278 3622.002
2613.383 3597.530
2261.739 3258.195
2305.495 3751.808
2221.956 3702.766
2488.945 3395.189
2200.245 3286.976
2359.845 3687.238
2307.701 3459.490
2383.770 3290.263
2539.034 3230.936
2221.308 3394.322
2175.770 3463.784
2459.021 3530.086
2358.056 3510.231
2322.025 3427.070
2372.090 3699.083
2589.901 3696.132
2274.536 3528.175
2267.427 3495.706
2185.787 3678.404
2385.648 3513.606
2244.709 3264.242
2359.525 3353.157
2678.722 3522.450
2212.493 3529.230
2446.424 3419.338
2684.887 3369.335
2275.073 3237.750
2680.264 3271.565
2367.139 3304.453
2390.594 3270.085
2222.596 3746.614
2216.053 3344.291
2319.729 3306.605
2652.444 3406.084
2424.044 3424.455
2677.157 3250.396
2711.337 3453.941
2691.134 3452.229
2660.467 3279.820
2290.498 3281.339
2390.971 3300.613
2607.932 3713.429
2699.919 3533.050
2257.652 3579.657
2361.743 3406.924
2173.004 3496.601
2326.681 3280.073
2642.832 3253.236
2266.582 3375.855
2561.891 3522.871
2192.566 3241.204
2349.904 3509.988
2635.300 3399.616
2656.658 3510.657
2720.360 3697.650
2178.077 3717.015
2606.385 3353.778
2194.230 3387.609
2719.870 3584.969
2198.808 3391.552
2321.643 3228.998
2202.103 3488.788
2477.252 3641.090
2431.130 3422.713
2169.897 3622.791
2483.004 3478.307
2268.781 3599.698
2390.144 3691.366
2552.165 3375.651
2447.666 3439.441
2504.369 3319.886
2229.220 3536.638
2480.672 3715.823
2499.977 3393.904
2630.913 3708.456
2578.146 3631.298
2300.699 3593.247
2676.335 3574.991
2536.499 3282.510
2246.289 3621.983
2536.960 3631.355
2378.728 3590.786
2304.614 3597.112
2488.557 3416.608
2450.990 3529.725
2568.093 3669.392
2389.760 3653.201
2677.022 3375.109
2346.854 3418.141
2513.413 3434.019
2630.332 3238.712
2507.455 3600.771
2199.778 3634.671
2610.788 3285.785
2612.123 3595.969
2245.811 3525.962
2487.630 3496.721
2573.405 3349.801
2669.977 3755.996
2208.804 3380.180
2238.123 3485.605
2495.999 3754.757
2289.307 3280.048
2566.309 3759.881
2190.747 3547.709
2442.197 3288.154
2584.583 3469.319
2341.528 3497.307
2293.591 3372.465
2455.646 3681.213
2590.718 3644.034
2425.144 3381.316
2284.631 3594.668
2384.751 3262.638
2418.355 3251.553
2516.840 3404.204
2227.853 3740.856
2604.811 3448.455
2362.268 3396.037
2685.955 3266.925
2718.287 3710.373
2510.127 3245.316
2478.452 3245.308
2253.291 3572.222
2444.948 3539.756
2703.663 3416.833
2686.562 3612.913
2553.974 3292.997
2315.640 3233.438
2395.705 3321.797
2544.615 3776.366
2377.049 3234.969
2344.782 3348.202
2288.103 3329.718
2274.478 3678.504
2370.911 3240.312
2486.938 3504.471
2521.001 3554.863
2478.576 3636.513
2518.007 3469.395
2433.259 3548.245
2237.521 3654.069
2482.100 3352.360
2698.639 3520.834
2625.289 3428.334
2334.976 3236.029
2415.142 3486.322
2642.741 3659.891
2450.713 3732.186
2326.110 3502.543
2441.167 3250.530
2359.651 3600.307
2349.064 3770.362
2487.049 3614.314
2410.936 3428.390
2569.468 3334.735
2495.056 3356.394
2255.287 3720.629
2269.667 3659.892
2384.885 3412.594
2706.261 3405.859
2204.486 3707.277
2230.798 3723.194
2708.608 3229.729
2385.417 3251.603
2268.305 3647.991
2248.149 3253.101
2552.504 3607.698
2643.936 3468.281
2567.876 3709.444
2169.983 3383.935
2398.980 3739.740
2539.390 3448.423
2315.466 3688.644
2438.830 3530.419
2662.409 3602.364
2395.517 3755.215
2447.550 3330.221
2458.285 3534.444
2664.297 3321.572
2624.198 3708.800
2710.003 3398.616
2239.027 3486.705
2259.400 3332.181
2282.827 3341.426
2315.704 3387.375
2342.689 3545.857
2369.773 3254.258
2605.878 3483.370
2254.520 3693.047
2248.527 3615.519
2173.519 3258.846
2415.308 3552.462
2202.855 3346.245
2361.495 3574.685
2469.000 3705.654
2482.380 3306.546
2598.341 3521.423
2709.086 3223.014
2591.928 3422.761
2615.195 3509.665
2504.403 3564.502
2181.629 3743.638
2236.719 3572.597
1479.352 2601.224
1422.596 2712.630
1471.805 2721.060
1669.319 2390.640
1584.314 2792.809
1278.819 2449.139
1750.504 2689.122
1299.692 2682.373
1295.586 2478.167
1467.597 2259.403
1223.491 2488.477
1651.047 2574.328
1493.180 2366.721
1623.523 2297.044
1416.763 2446.935
1320.085 2690.178
1338.442 2491.769
1506.604 2498.513
1428.166 2300.693
1618.583 2254.435
1425.142 2369.829
1647.135 2801.618
1574.571 2348.692
1238.819 2572.275
1626.400 2799.803
1385.669 2443.904
1628.652 2279.199
1529.293 2518.632
1324.806 2550.741
1445.740 2443.933
1728.759 2584.403
1602.606 2653.597
1545.521 2784.724
1472.478 2735.020
1280.639 2746.537
1477.100 2267.598
1713.385 2294.379
1631.246 2406.824
1497.887 2732.815
1381.433 2391.140
1277.457 2571.239
1525.105 2722.376
1513.012 2429.402
1360.027 2733.216
1615.749 2277.166
1629.722 2267.616
1576.260 2561.914
1618.955 2440.453
1290.226 2328.405
1281.954 2650.104
1612.215 2364.885
1730.939 2300.026
1309.581 2706.998
1404.292 2387.728
1346.706 2425.603
1526.766 2648.259
1645.217 2708.337
1245.473 2328.571
1673.844 2504.128
1567.093 2463.902
1483.498 2451.749
1706.452 2782.363
1388.426 2767.851
1362.527 2385.304
1461.777 2663.703
1460.949 2597.034
1500.146 2449.787
1273.134 2601.021
1558.554 2527.364
1520.691 2538.512
1625.629 2455.474
1349.729 2310.539
1497.712 2371.154
1226.131 2549.485
1564.761 2394.488
1480.141 2609.377
1683.982 2274.436
1528.766 2543.205
1600.102 2804.965
1663.473 2704.725
1292.060 2712.417
1548.215 2487.873
1579.706 2787.836
1322.671 2408.250
1775.693 2777.951
1458.020 2450.192
1748.852 2561.221
1455.736 2319.754
1612.106 2466.343
1509.571 2534.598
1706.089 2409.131
1755.877 2764.403
1236.577 2258.772
1614.139 2319.756
1442.471 2755.094
1762.578 2505.787
1613.072 2771.327
1290.431 2534.649
1774.408 2614.717
1255.845 2672.107
1458.358 2356.128
1265.071 2303.939
1527.716 2554.745
1245.689 2411.814
1602.038 2308.281
1496.248 2723.123
1712.415 2389.064
1468.353 2562.660
1451.288 2793.607
1335.543 2419.255
1611.601 2502.470
1342.447 2786.896
1251.851 2694.425
1705.530 2693.033
1241.007 2693.854
1288.745 2394.181
1357.032 2427.732
1317.049 2494.259
1448.008 2568.929
1597.311 2258.380
1450.538 2638.843
1458.203 2326.655
1290.299 2608.415
1249.239 2499.401
1435.648 2483.440
1426.830 2382.259
1568.355 2309.436
1471.956 2289.295
1672.044 2601.577
1358.776 2551.270
1370.652 2743.644
1722.094 2271.670
1277.862 2408.545
1591.915 2271.189
1352.325 2485.498
1412.548 2601.197
1614.873 2419.354
1485.244 2802.361
1646.631 2264.149
1592.027 2429.458
1659.177 2536.050
1731.697 2432.207
1665.480 2438.092
1775.461 2259.814
1468.598 2641.493
1328.711 2359.679
1672.813 2263.444
1593.152 2673.640
1621.713 2521.155
1703.956 2264.244
1344.106 2534.174
1458.624 2727.970
1730.339 2640.438
1751.272 2737.328
1594.696 2744.474
1524.939 2494.604
1380.790 2445.193
1583.189 2260.341
1331.870 2466.384
1564.285 2260.479
1426.695 2470.977
1429.709 2652.744
1513.826 2767.170
1750.262 2649.058
1597.774 2379.908
1227.805 2359.585
1688.003 2665.095
1742.911 2568.556
1265.499 2800.701
1496.851 2440.493
1227.402 2749.792
1705.708 2402.506
1608.175 2359.118
1510.080 2743.638
1591.240 2405.514
1482.573 2691.262
1687.154 2445.443
1569.611 2371.149
1535.568 2331.521
1367.112 2411.387
1323.380 2265.487
1613.714 2655.962
1338.072 2793.896
1465.898 2284.301
1396.882 2320.491
1757.294 2384.514
1449.970 2470.414
1507.296 2544.922
1607.746 2640.458
1296.243 2419.944
1753.293 2533.843
1545.854 2411.721
1720.679 2261.766
1292.977 2355.711
1280.336 2479.881
1646.543 2283.843
1702.270 2648.238
1739.320 2546.281
1381.408 2266.190
1740.288 2279.542
1684.947 2760.283
1371.400 2584.492
1571.495 2767.620
1402.762 2266.118
1540.300 2723.932
1671.617 2793.847
1482.448 2484.588
1496.668 2310.300
1765.156 2737.703
1776.697 2474.309
1397.571 2478.636
1547.593 2683.719
1357.261 2365.567
1413.474 2298.075
1274.158 2622.035
1761.139 2519.421
1493.563 2723.530
1241.125 2755.400
1629.053 2672.787
1650.002 2495.163
1682.255 2284.253
1451.165 2738.996
1314.777 2733.979
1553.658 2527.387
1687.652 2785.982
1259.111 2592.862
1311.714 2559.054
1427.938 2394.069
1231.869 2517.447
1718.150 2329.767
1516.315 2353.378
1378.000 2731.708
1471.681 2782.609
1382.613 2496.098
1512.369 2426.378
1673.172 2713.040
1509.665 2262.441
1271.516 2277.819
1240.927 2516.794
1456.883 2360.287
1391.912 2699.600
1376.227 2592.128
1543.347 2342.740
1728.628 2600.480
1257.281 2666.728
1454.052 2702.687
1590.204 2581.248
1378.171 2489.001
1328.804 2718.187
1400.830 2384.129
1594.168 2744.241
1473.461 2794.495
1584.232 2607.135
1481.329 2361.688
1551.775 2510.058
1403.063 2751.845
1254.287 2736.162
1269.397 2330.089
1714.539 2540.018
1632.724 2770.519
1600.070 2378.253
1628.609 2553.353
1412.582 2438.080
1662.886 2610.646
1282.936 2712.493
1677.237 2521.683
1704.875 2673.298
1744.199 2553.765
1678.771 2768.907
1386.084 2390.787
1744.320 2684.932
1752.353 2403.007
1256.997 2439.242
1703.894 2319.698
1371.936 2725.966
1419.891 2663.888
1350.980 2673.197
1678.200 2541.808
1602.386 2254.324
1562.459 2749.335
1533.912 2623.466
1338.307 2307.266
1655.053 2463.263
1235.788 2431.680
1722.504 2651.428
1752.795 2425.794
1689.538 2756.458
1582.293 2630.006
1432.137 2681.787
1663.064 2349.481
1434.241 2802.887
1559.400 2432.246
1333.030 2685.231
1657.785 2280.059
1647.616 2579.683
1456.664 2414.341
1301.682 2396.536
1334.166 2268.636
1686.288 2556.627
1413.753 2396.780
1648.873 2350.247
1744.056 2337.023
1351.974 2491.985
1445.664 2441.294
1746.649 2645.384
1705.460 2656.797
1430.692 2332.316
1248.583 2421.805
1590.771 2318.568
1659.364 2274.494
1562.967 2574.594
1673.567 2321.145
1583.872 2746.712
1771.916 2635.150
1482.847 2799.047
1709.705 2539.717
1775.335 2400.621
1772.674 2721.208
1569.513 2631.426
1339.052 2627.343
1772.418 2498.008
1585.917 2399.181
1755.275 2281.882
1446.323 2720.030
1602.782 2749.273
1354.226 2567.814
1593.856 2689.812
1606.055 2493.574
1595.970 2292.851
1739.634 2448.251
1535.613 2668.416
1667.717 2372.426
1222.960 2290.566
1513.472 2658.260
1344.403 2512.570
1673.571 2731.448
1697.323 2701.736
1542.681 2286.119
1651.523 2377.644
1292.964 2287.483
1440.534 2301.561
1592.075 2521.298
1419.313 2536.329
1238.851 2594.582
1341.378 2571.518
1245.890 2560.708
1570.862 2731.525
1577.863 2617.010
1516.872 2481.814
1679.855 2363.377
1610.820 2473.027
1638.963 2723.530
1355.829 2266.112
1254.851 2668.467
1502.580 2407.483
1521.512 2760.333
1362.372 2467.817
1535.009 2702.953
1230.462 2373.017
1769.983 2371.703
1605.565 2796.335
1636.507 2349.787
1477.633 2791.329
1560.300 2356.438
1577.669 2299.366
1738.418 2572.111
1656.797 2357.103
1350.224 2401.024
1304.749 2766.392
1648.106 2511.390
1547.678 2554.335
1764.164 2482.384
1504.721 2592.054
1246.797 2747.530
1339.526 2807.626
1300.055 2578.965
1427.662 2644.691
1564.007 2767.625
1700.273 2800.682
1755.763 2335.401
1684.788 2660.875
1587.922 2611.780
1377.904 2314.644
1510.937 2712.733
1672.497 2466.684
1749.933 2703.138
1481.128 2757.950
1246.502 2360.337
1424.031 2595.815
1522.238 2591.584
1483.911 2376.615
1533.771 2543.799
1455.271 2593.144
1389.681 2479.132
1681.019 2468.632
1652.362 2317.283
1347.274 2598.625
1655.045 2545.062
1693.973 2366.220
1662.251 2788.651
1249.234 2478.550
1555.016 2746.083
1772.481 2393.456
1766.485 2262.998
1405.004 2471.784
1771.529 2511.670
1471.471 2274.130
1292.708 2708.994
1468.124 2770.779
1704.481 2263.249
1529.198 2397.989
1636.717 2303.701
1236.907 2451.694
1730.099 2388.078
1249.272 2484.977
1262.966 2702.486
1656.777 2390.554
1760.700 2590.456
1459.221 2472.245
1309.764 2306.449
1718.222 2484.852
1647.592 2370.010
1609.543 2545.730
1242.014 2574.819
1527.295 2740.794
1487.355 2620.746
1314.095 2742.336
1701.025 2262.579
1298.536 2343.868
1300.298 2682.839
1372.499 2472.914
1559.347 2342.393
1494.103 2349.520
1248.223 2314.054
1690.476 2791.868
1599.549 2306.018
1696.029 2403.911
1534.128 2402.345
1428.967 2476.966
1754.308 2512.898
1588.878 2596.049
1236.079 2648.063
1604.570 2615.667
1320.017 2643.957
1280.022 2486.792
1388.430 2688.675
1623.293 2414.704
1402.008 2536.523
1484.010 2265.887
1468.336 2571.429
1683.983 2617.466
1388.033 2800.308
1359.808 2608.322
1345.670 2489.939
1431.247 2420.104
1363.529 2411.332
1422.068 2700.780
1336.145 2346.509
1689.930 2784.209
1709.227 2531.632
1741.659 2303.408
1578.188 2254.630
1322.105 2625.369
1556.935 2753.293
1762.879 2669.435
1767.183 2608.613
1330.830 2422.136
1670.641 2482.544
1282.183 2728.785
1311.989 2758.158
1715.585 2753.730
1560.221 2596.511
1275.366 2415.001
1447.526 2386.694
1455.827 2697.675
1248.735 2458.140
1476.596 2409.753
1527.364 2281.410
1711.615 2726.596
1626.946 2568.088
1284.518 2779.816
1672.164 2539.545
1269.054 2704.492
1611.008 2559.825
1596.049 2383.135
1232.809 2255.772
1402.438 2587.679
1452.118 2672.981
1485.067 2793.576
1701.125 2328.155
1278.080 2361.798
1467.196 2315.630
1527.455 2493.664
1436.921 2654.973
1392.893 2747.735
1324.935 2589.985
1406.179 2434.918
1292.106 2549.276
1340.664 2676.122
1234.041 2710.036
1271.324 2511.562
1251.557 2494.789
1697.223 2291.385
1602.455 2430.098
1626.149 2638.236
1538.802 2654.987
1432.015 2296.627
1521.718 2755.682
1626.262 2509.865
1318.572 2280.983
1474.584 2536.358
1342.635 2787.543
1298.575 2731.468
1367.288 2522.876
1685.809 2434.618
1693.414 2753.395
1626.907 2549.824
1515.469 2403.476
1650.174 2762.954
1688.304 2741.839
1569.308 2639.992
1273.129 2455.906
1257.200 2334.834
1546.355 2338.586
1250.590 2677.553
1649.062 2387.878
1636.802 2552.150
1686.388 2417.079
1534.182 2636.535
1515.262 2706.175
1389.083 2281.142
1614.270 2337.976
1264.530 2496.642
1577.385 2722.010
1423.835 2656.157
1223.898 2256.663
1413.799 2382.233
1555.665 2263.226
1264.016 2281.799
1514.507 2287.103
1439.400 2389.366
1561.935 2664.460
1620.448 2643.921
1279.714 2351.046
1402.697 2288.085
1681.311 2738.312
1757.403 2722.778
1469.554 2800.938
1232.585 2540.315
1747.246 2568.821
1321.610 2345.502
1660.897 2712.307
1713.934 2621.600
1264.499 2539.490
1418.040 2528.118
1505.846 2483.395
1370.222 2796.009
1395.522 2547.446
1614.518 2632.025
1515.468 2485.342
1492.354 2492.616
1670.429 2720.641
1728.760 2590.018
1394.717 2403.703
1304.396 2438.067
1264.153 2552.720
1286.674 2283.169
1324.712 2493.924
1535.223 2691.172
1281.699 2254.176
1571.013 2450.881
1587.255 2519.767
1405.859 2627.036
1550.824 2709.910
1646.173 2276.118
1348.182 2262.192
1514.339 2275.100
1635.144 2689.945
1410.821 2379.809
1624.831 2500.201
1286.078 2342.120
1728.667 2545.019
1765.490 2324.641
1522.912 2395.710
1307.899 2348.482
1414.474 2688.137
1287.411 2678.004
1393.553 2767.767
1575.040 2592.102
1776.685 2347.071
1472.785 2476.269
1720.797 2499.614
1258.747 2731.444
1618.385 2469.698
1659.156 2621.203
1507.189 2569.342
1389.638 2590.854
1242.607 2256.302
1574.447 2741.370
1657.656 2427.475
1748.016 2383.303
1524.375 2335.754
1237.854 2528.608
1580.050 2413.248
1447.512 2775.722
1605.902 2570.451
1290.968 2565.917
1365.928 2736.815
1340.807 2289.739
1300.359 2698.005
1616.393 2510.420
1778.170 2538.121
1681.255 2619.936
1286.118 2634.997
1306.810 2721.165
1533.560 2316.012
1519.353 2397.512
1317.217 2523.863
1700.502 2789.233
1467.093 2421.452
1588.847 2701.676
1335.514 2466.917
1769.124 2406.985
1629.137 2449.032
1306.938 2739.311
1307.468 2551.957
1437.406 2435.564
1684.371 2373.102
1291.810 2451.964
1515.121 2457.076
1533.992 2514.871
1730.009 2766.076
1469.628 2255.298
1566.662 2253.884
1587.890 2326.313
1532.647 2666.725
1396.544 2665.189
1321.056 2325.752
1483.926 2570.606
1740.489 2340.676
1428.144 2495.965
1352.265 2265.794
1325.965 2400.967
1481.129 2410.503
1777.436 2611.982
1734.101 2511.325
1619.685 2639.484
1385.159 2271.334
1589.550 2696.231
1374.177 2508.313
1619.960 2380.265
1542.261 2693.268
1678.222 2340.340
1252.193 2637.426
1678.751 2794.750
1457.639 2435.019
1422.085 2475.687
1289.901 2551.186
1455.026 2482.934
1592.986 2261.229
1636.426 2803.005
1266.460 2519.507
1489.879 2584.309
1336.904 2321.666
1470.909 2682.747
1330.266 2577.477
1348.249 2497.169
1762.459 2314.508
1600.935 2610.889
1576.103 2296.625
1275.155 2317.741
1487.439 2518.629
1579.570 2528.372
1277.850 2334.685
1668.289 2800.256
1396.677 2429.612
1708.526 2730.737
1627.540 2739.418
1456.547 2459.924
1450.476 2806.857
1257.582 2291.743
1776.266 2630.768
1627.934 2762.422
1511.345 2746.318
1638.313 2401.274
1392.894 2492.126
1249.239 2503.441
1634.627 2333.683
1426.428 2698.662
1234.556 2702.842
1384.288 2389.745
1707.511 2809.338
1657.442 2316.628
1600.832 2411.478
1578.487 2268.198
1413.136 2609.011
1343.785 2287.392
1311.612 2379.638
1463.649 2713.750
1636.703 2792.699
1540.826 2724.309
1604.576 2314.804
1724.535 2264.975
1572.999 2473.347
1572.517 2402.075
1563.269 2307.039
1393.643 2344.590
1430.344 2794.956
1509.935 2344.422
1321.413 2645.117
1256.756 2307.872
1493.060 2459.163
1619.236 2284.443
1760.297 2610.635
1299.354 2255.140
1297.564 2765.564
1430.725 2667.177
1232.610 2717.979
1692.018 2325.257
1744.103 2691.064
1452.070 2624.701
1725.123 2345.972
1591.361 2566.589
1395.598 2455.449
1355.114 2669.636
1746.069 2279.359
1237.342 2511.097
1280.986 2701.561
1386.792 2616.828
1241.136 2685.358
1775.526 2768.109
1231.774 2561.405
1477.193 2361.572
1749.796 2744.504
1224.015 2270.621
1557.939 2665.748
1260.079 2589.139
1336.925 2492.381
1413.302 2726.003
1736.514 2362.532
1535.262 2568.393
1649.241 2624.464
1318.993 2338.311
1513.969 2255.413
1545.057 2367.990
1354.353 2682.901
1351.109 2384.155
1508.134 2513.114
1242.081 2309.300
1509.351 2607.423
1466.012 2416.429
1265.862 2356.504
1612.170 2699.628
1233.303 2415.683
1247.838 2303.933
1681.906 2741.965
1708.302 2266.258
1774.984 2551.691
1663.404 2799.084
1736.421 2737.405
1507.194 2761.286
1398.457 2496.369
1278.201 2638.674
1363.816 2372.058
1247.667 2797.240
1514.882 2484.106
1337.579 2708.387
1585.856 2398.357
1349.318 2575.210
1289.768 2599.580
1423.470 2667.851
1330.192 2579.224
1479.123 2749.569
1423.699 2500.469
1661.309 2299.734
1579.864 2683.943
1496.591 2306.372
1342.824 2278.009
1620.803 2501.299
1472.231 2771.871
1592.475 2519.364
1274.335 2666.051
1666.318 2734.166
1428.052 2608.222
1667.587 2651.899
1702.810 2280.228
1667.469 2302.423
1769.125 2553.563
1246.174 2323.921
1564.964 2431.253
1586.642 2607.344
1729.751 2519.726
1318.433 2478.848
1538.409 2362.324
1480.356 2804.262
1719.028 2639.921
1751.188 2728.834
1538.223 2786.654
1347.838 2651.037
1452.166 2261.888
1383.641 2761.018
1251.314 2397.439
1291.541 2411.612
1337.991 2735.890
1770.928 2534.828
1484.141 2360.306
1614.508 2687.771
1633.514 2351.794
1578.114 2375.407
1615.277 2803.193
1328.033 2687.993
1605.311 2757.696
1567.266 2357.562
1711.273 2794.852
1578.377 2601.405
1452.303 2789.485
1618.105 2305.093
1722.515 2501.208
1520.992 2266.589
1308.975 2427.074
1462.641 2731.867
1274.871 2451.250
1681.657 2481.686
1659.518 2605.903
1289.625 2433.867
1267.911 2337.383
1312.096 2679.593
1223.339 2427.784
1340.176 2343.667
1289.007 2684.328
1348.804 2317.940
1223.249 2708.534
1662.993 2672.307
1726.626 2768.619
1227.221 2339.909
1583.949 2693.901
1522.778 2745.797
1721.585 2598.330
1662.104 2644.715
1619.803 2781.282
1672.471 2759.774
1482.786 2269.000
1550.020 2274.013
1616.041 2347.107
1691.314 2465.100
1591.737 2692.433
1326.660 2456.501
1308.546 2775.293
1651.146 2535.367
1491.781 2491.511
1694.343 2387.533
1624.719 2759.047
1613.835 2322.718
1248.166 2492.491
1310.796 2690.689
1344.622 2525.746
1332.401 2279.595
1617.108 2596.187
1572.094 2392.924
1237.437 2724.896
1411.990 2601.246
1538.878 2508.022
1414.036 2659.144
1393.861 2504.823
1575.895 2254.493
1592.092 2598.987
1731.963 2276.716
1603.131 2568.603
1642.412 2564.051
1563.531 2713.767
1397.356 2742.869
1749.987 2354.330
1451.912 2350.244
1747.758 2652.989
1411.145 2787.362
1684.127 2391.372
1436.276 2712.869
1489.933 2368.607
1492.238 2331.351
1652.383 2696.195
1562.854 2406.630
1574.211 2728.254
1498.019 2602.812
1603.426 2801.476
1622.793 2565.223
1335.114 2433.072
1427.918 2610.025
1583.270 2498.695
1406.982 2313.813
1758.222 2793.555
1655.608 2511.134
1508.872 2756.704
1632.636 2586.534
1607.179 2487.448
1705.399 2710.186
1447.838 2730.253
1735.890 2806.979
1340.931 2717.614
1475.444 2419.017
1244.914 2646.181
1466.187 2485.890
1380.194 2337.006
1543.022 2790.410
1539.419 2737.345
1609.213 2543.916
1485.170 2283.588
1553.497 2700.689
1476.356 2326.822
1556.187 2652.823
1449.421 2415.060
1592.399 2802.930
1664.337 2390.787
1559.573 2461.058
1658.897 2319.471
1627.418 2283.519
1601.271 2429.495
1719.705 2386.714
1420.244 2587.379
1262.083 2294.879
1499.727 2467.982
1674.649 2425.756
1747.863 2262.878
1317.181 2626.454
1442.787 2324.230
1467.773 2738.472
1355.945 2776.747
1606.777 2376.345
1241.084 2262.215
1581.138 2333.102
1343.477 2645.607
1243.271 2557.038
1331.868 2291.877
1665.254 2300.837
1579.213 2547.743
1606.373 2545.159
1664.858 2595.283
1658.950 2657.532
1303.937 2495.352
1561.834 2282.307
1709.001 2637.398
1420.098 2783.611
1763.848 2383.855
1292.811 2462.464
1615.264 2316.784
1458.483 2332.026
1449.492 2428.700
1655.100 2312.720
1739.475 2419.957
1718.783 2783.268
1330.669 2781.533
1267.481 2729.474
1251.060 2583.145
1278.390 2652.602
1612.189 2457.703
1686.130 2272.006
1413.535 2706.785
1223.439 2743.060
1286.039 2305.255
1555.698 2570.596
1764.636 2757.027
1580.771 2589.771
1282.413 2396.140
1587.391 2483.914
1525.063 2368.487
1311.558 2740.331
1576.492 2281.715
1368.222 2398.952
1295.027 2427.294
1567.301 2452.745
1629.106 2389.867
1727.850 2263.428
1562.140 2419.543
1716.447 2770.611
1352.397 2727.013
1236.427 2403.486
1290.176 2436.471
1588.773 2319.006
1687.272 2604.079
1330.004 2335.258
1732.563 2526.340
1480.666 2583.712
1565.014 2669.061
1257.922 2638.299
1239.279 2348.908
1311.759 2769.972
1381.880 2712.758
1269.867 2791.628
1270.800 2309.601
1767.834 2340.701
1652.534 2255.042
1545.578 2271.179
1272.269 2613.589
1728.089 2758.953
1351.297 2565.244
1539.397 2396.197
1549.563 2273.345
1575.504 2605.831
1499.382 2366.484
1420.595 2413.155
1775.482 2493.112
1374.161 2696.145
1773.983 2278.936
1555.063 2759.840
1374.589 2674.288
1414.080 2430.435
1335.024 2482.971
1669.016 2726.459
1224.747 2328.625
1262.072 2578.223
1557.343 2326.414
1618.006 2611.450
1400.492 2257.153
1699.202 2378.282
1331.532 2606.321
1345.675 2435.469
1332.088 2551.219
1570.436 2313.655
1344.560 2472.257
1639.819 2510.568
1488.378 2619.373
1569.776 2396.623
1739.476 2710.828
1664.422 2764.420
1735.596 2540.847
1282.673 2436.373
1693.098 2782.453
1703.636 2290.336
1313.059 2604.571
1302.121 2412.625
1597.559 2419.481
1465.185 2715.668
1325.724 2752.914
1756.151 2748.934
1334.496 2268.742
1623.127 2591.221
1563.864 2584.460
1598.446 2707.440
1426.407 2761.205
1526.294 2675.456
1714.343 2306.840
1238.919 2270.089
1358.366 2724.359
1576.962 2601.481
1438.092 2421.323
1721.100 2761.517
1517.956 2410.468
1328.211 2542.222
1507.113 2396.133
1491.417 2501.512
1394.590 2651.901
1765.509 2490.753
1654.762 2789.439
1453.548 2397.755
1289.186 2571.075
1479.940 2642.251
1528.261 2763.098
1495.798 2281.886
1428.256 2437.406
1767.285 2567.023
1765.311 2267.875
1774.488 2606.595
1320.101 2284.838
1552.681 2452.077
1311.634 2346.913
1364.094 2411.649
1558.934 2381.447
1774.803 2373.887
1775.518 2444.636
1425.891 2731.668
1420.786 2311.669
1476.054 2590.747
1238.322 2331.602
1542.559 2807.343
1475.697 2358.559
1376.434 2725.423
1424.752 2576.803
1681.894 2783.034
1658.472 2437.452
1628.951 2677.576
1294.578 2639.975
1575.350 2726.231
1258.347 2639.003
1677.314 2318.363
1459.246 2772.357
1392.257 2799.147
1672.141 2663.455
1478.736 2772.837
1228.910 2661.789
1235.676 2801.501
1438.697 2303.096
1693.854 2366.972
1389.470 2586.022
1636.098 2574.941
1606.156 2286.515
1774.043 2765.288
1508.572 2631.281
1732.182 2632.822
1227.748 2586.948
1296.546 2793.437
1345.594 2262.215
1768.880 2422.373
1373.395 2461.595
1587.788 2732.604
1445.328 2800.370
1374.549 2512.732
1415.442 2740.584
1409.670 2293.652
1775.495 2342.684
1317.267 2772.817
1732.475 2660.268
1237.857 2636.612
1689.622 2484.832
1624.829 2256.548
1747.127 2513.016
1694.346 2547.180
1765.646 2534.628
1619.460 2591.656
1484.808 2321.565
1369.872 2731.845
1365.584 2558.503
1754.505 2318.448
1297.408 2699.153
1594.740 2420.346
1231.435 2395.959
1586.554 2324.378
1750.055 2439.247
1461.885 2449.286
1241.442 2511.582
1604.705 2513.342
1248.188 2292.682
1466.059 2657.742
1389.057 2297.013
1369.375 2382.223
1297.774 2511.523
1706.808 2684.350
1747.183 2372.585
1422.306 2521.476
1581.047 2291.210
1476.353 2489.156
1717.819 2404.969
1729.495 2461.764
1532.207 2608.874
1717.125 2683.063
1387.580 2329.918
1429.001 2575.602
1431.012 2545.948
1414.723 2432.494
1471.497 2354.695
1655.589 2681.356
1278.043 2661.548
1512.471 2633.022
1697.083 2496.027
1332.284 2459.217
1312.010 2595.009
1514.804 2417.375
1496.186 2699.688
1257.876 2756.127
1470.455 2372.312
1318.433 2735.493
1687.103 2300.379
1572.342 2279.665
1571.926 2703.637
1355.581 2753.788
1401.770 2743.633
1650.891 2429.825
1506.967 2562.433
1271.718 2496.334
1254.721 2722.916
1672.748 2531.469
1356.811 2612.423
1639.378 2636.784
1233.971 2405.023
1757.025 2681.962
1523.983 2433.300
1378.530 2360.196
1471.193 2674.674
1540.642 2797.017
1284.595 2653.128
1668.258 2478.812
1734.089 2543.044
1344.122 2323.322
1576.838 2780.399
1226.091 2398.654
1235.170 2602.748
1705.493 2288.583
1473.493 2326.142
1592.825 2677.038
1482.309 2548.901
1286.369 2342.709
1360.843 2501.347
1693.804 2467.142
1534.700 2463.355
1389.245 2432.492
1629.447 2311.645
1591.873 2333.405
1757.993 2732.172
1448.386 2458.248
1687.441 2475.645
1688.238 2799.286
1229.172 2313.075
1586.578 2373.640
1422.415 2459.144
1407.360 2496.642
1538.915 2671.117
1452.545 2270.826
1691.097 2267.104
1312.849 2282.578
1239.938 2752.013
1262.729 2476.366
1223.788 2684.737
1250.292 2658.380
1342.326 2640.206
1732.390 2785.108
1453.716 2563.364
1726.083 2663.260
1397.827 2750.752
1458.862 2662.956
1551.996 2393.481
1354.407 2415.685
1695.119 2355.935
1771.376 2558.983
1579.063 2520.693
1611.329 2452.903
1561.879 2648.775
1512.300 2752.076
1769.064 2791.067
1354.800 2516.907
1535.097 2643.928
1589.645 2651.047
1364.905 2587.546
1326.063 2697.777
1257.218 2731.646
1483.927 2795.523
1544.408 2377.100
1454.242 2629.900
1233.295 2440.534
1242.417 2744.902
1378.247 2486.863
1723.214 2299.281
1475.698 2254.456
1480.365 2407.750
1264.874 2419.082
1375.191 2361.283
1295.357 2740.143
1270.763 2469.930
1321.448 2768.855
1608.785 2667.796
1500.298 2559.421
1656.302 2624.334
1224.951 2333.152
1660.464 2458.878
1296.008 2771.516
1688.015 2715.522
1711.066 2546.036
1346.829 2279.768
1700.281 2319.240
1471.056 2264.351
1313.408 2281.089
1674.881 2368.987
1568.130 2355.636
1626.957 2508.606
1275.377 2650.280
1373.425 2700.180
1307.392 2653.937
1595.910 2637.950
1260.746 2542.487
1298.178 2676.514
1468.378 2350.613
1635.978 2785.393
1222.963 2635.156
1306.013 2710.472
1481.777 2288.746
1380.685 2449.774
1251.201 2466.107
1339.407 2759.811
1278.356 2690.854
1757.305 2734.681
1431.007 2300.394
1237.666 2732.928
1448.726 2559.081
1603.468 2595.859
1607.415 2462.178
1594.479 2500.047
1394.391 2434.582
1326.634 2688.667
1426.844 2512.392
1380.591 2516.286
1243.141 2746.385
1269.734 2662.973
1577.869 2456.888
1318.737 2617.248
1434.332 2539.734
1348.073 2669.548
1488.117 2501.414
1618.086 2505.688
1560.740 2697.908
1772.140 2779.423
1365.777 2719.758
1253.327 2330.189
1291.133 2483.026
1564.360 2354.330
1739.194 2513.657
1428.959 2469.086
1507.948 2655.599
1475.579 2697.033
1320.103 2806.318
1575.352 2797.297
1646.205 2697.630
1728.968 2571.104
1746.555 2716.991
1559.329 2697.905
1402.193 2548.926
1592.423 2594.026
1328.047 2523.166
1767.362 2518.262
1524.954 2535.127
1415.819 2479.850
1692.155 2323.444
1679.505 2352.812
1746.148 2719.599
1276.429 2562.267
1264.823 2607.041
1373.630 2305.569
1295.461 2285.153
1443.030 2483.221
1516.297 2654.000
1689.210 2788.764
1657.495 2806.892
1765.602 2413.124
1543.003 2424.649
1701.319 2663.165
1403.763 2574.721
1327.491 2600.863
1591.898 2411.187
1507.426 2755.095
1514.007 2517.264
1562.979 2309.920
1468.147 2623.354
1444.225 2740.456
1726.381 2352.090
1302.006 2744.994
1664.311 2281.071
1588.113 2379.804
1276.126 2432.127
1396.344 2533.601
1259.551 2520.085
1341.237 2478.721
1279.230 2773.588
1440.717 2764.823
1511.511 2618.552
1241.429 2597.208
1362.205 2422.263
1690.081 2754.590
1760.082 2459.635
1420.029 2441.642
1458.251 2685.753
1538.126 2483.931
1404.904 2589.115
1675.991 2382.018
1756.712 2681.767
1677.519 2283.799
1773.166 2289.734
1599.865 2744.173
1517.906 2780.963
1474.488 2525.064
1549.580 2639.496
1773.746 2611.193
1529.628 2447.391
1714.451 2556.346
1395.750 2332.469
1334.112 2618.020
1578.558 2771.916
1698.608 2340.804
1529.752 2286.632
1342.120 2430.420
1659.982 2352.872
1361.277 2558.860
1763.692 2631.871
1244.187 2455.496
1224.878 2513.991
1511.341 2392.469
1245.464 2285.287
1341.261 2352.706
1685.795 2461.876
1249.948 2390.078
1242.792 2280.476
1563.835 2338.297
1325.272 2672.372
1433.815 2563.788
1257.043 2407.829
1745.629 2623.956
1636.305 2662.293
1593.072 2671.254
1319.293 2300.223
1689.989 2613.329
1422.274 2503.194
1337.085 2504.208
1669.177 2808.250
1244.617 2690.854
1600.870 2625.980
1287.371 2588.416
1680.888 2728.283
1564.233 2805.655
1467.911 2516.788
1253.290 2527.319
1480.374 2720.694
1324.353 2777.851
1313.975 2754.136
1635.096 2757.003
1355.119 2617.018
1448.844 2410.686
1443.067 2497.936
1534.776 2393.158
1290.971 2493.831
1282.353 2597.390
1383.398 2314.430
1334.712 2557.116
1259.269 2466.039
1751.627 2694.143
1291.062 2787.385
1467.641 2773.080
1239.917 2617.273
1721.635 2567.060
1576.977 2579.366
1250.812 2342.942
1681.529 2615.641
1563.526 2605.813
1617.895 2546.952
1774.461 2527.958
1341.408 2622.311
1266.671 2794.593
1771.183 2644.772
1481.920 2562.957
1618.286 2494.511
1728.787 2725.790
1583.004 2326.409
1441.087 2566.715
1669.008 2611.896
1488.482 2591.965
1440.522 2609.390
1708.020 2582.883
1625.284 2300.995
1229.925 2526.292
1728.902 2446.188
1527.735 2588.070
1479.204 2689.625
1335.219 2444.877
1234.462 2632.199
1491.830 2762.507
1485.757 2557.602
1258.760 2625.577
1290.419 2326.341
1545.918 2379.443
1525.358 2644.249
1645.568 2677.098
1458.715 2482.968
1340.625 2352.607
1293.582 2703.556
1264.045 2719.805
1358.148 2801.454
1716.297 2571.419
1574.342 2666.758
1776.378 2524.609
1609.160 2673.292
1566.543 2456.542
1721.575 2554.221
1360.859 2477.065
1248.010 2441.433
1353.611 2783.750
1685.081 2320.101
1679.900 2790.644
1457.952 2337.740
1402.766 2485.564
1441.518 2389.799
1248.948 2757.468
1297.668 2615.698
1398.265 2627.174
1224.459 2782.147
1584.913 2759.630
1424.147 2288.728
1499.050 2677.394
1443.191 2601.086
1459.991 2742.215
1478.467 2427.084
1507.261 2354.124
1316.002 2398.905
1431.353 2297.304
1606.706 2368.009
1437.864 2659.950
1513.167 2617.338
1309.590 2526.620
1541.999 2738.041
1378.288 2310.792
1304.549 2315.922
1247.860 2501.421
1485.141 2653.661
1611.679 2674.173
1627.495 2425.736
1235.478 2305.867
1732.882 2712.935
1593.690 2459.595
1551.071 2423.978
1774.448 2676.663
1587.155 2663.339
1260.842 2563.842
1261.930 2269.494
1257.076 2653.749
1264.709 2460.253
1720.226 2568.624
1538.294 2630.092
1328.987 2715.126
1472.741 2706.204
1566.239 2450.065
1647.887 2755.688
1600.203 2609.446
1347.844 2685.282
1684.022 2386.860
1492.501 2661.588
1388.167 2614.295
1326.057 2617.154
1284.392 2484.596
1651.175 2512.203
1387.558 2440.985
1532.784 2427.609
1701.469 2488.144
1376.248 2761.586
1763.525 2543.618
1309.272 2527.918
1647.254 2530.610
1353.918 2489.598
1375.119 2555.693
1414.367 2372.734
1474.792 2796.334
1615.810 2795.226
1496.257 2774.873
1483.408 2660.964
1266.446 2786.678
1660.251 2657.404
1574.295 2258.582
1308.438 2499.831
1555.269 2640.550
1590.844 2607.392
1637.992 2420.676
1699.843 2324.666
1632.347 2564.630
1452.296 2304.750
1617.191 2290.810
1278.907 2677.503
1409.350 2779.256
1708.376 2354.884
1558.139 2290.619
1330.523 2423.337
1667.339 2371.077
1350.489 2495.362
1313.169 2525.045
1351.385 2266.338
1346.617 2383.055
1273.371 2294.374
1649.011 2526.380
1326.207 2802.181
1256.245 2644.804
1469.818 2579.924
1313.560 2467.275
1670.448 2800.981
1494.097 2460.888
1777.667 2359.700
1535.528 2594.473
1632.020 2350.680
1248.615 2412.681
1246.307 2715.836
1305.314 2763.950
1475.891 2364.565
1411.756 2567.636
1293.476 2426.434
1722.990 2576.723
1597.062 2367.669
1633.263 2305.574
1384.104 2340.606
1275.621 2412.027
1725.842 2467.693
1536.620 2708.240
1740.118 2704.838
1395.311 2377.041
1492.180 2789.263
1523.713 2373.510
1627.145 2728.074
1742.468 2771.594
1606.038 2452.151
1657.210 2629.400
1656.595 2385.341
1324.510 2640.001
1418.496 2681.946
1265.552 2749.235
1431.474 2690.782
1630.259 2364.705
1494.878 2382.259
1534.358 2439.039
1675.422 2579.301
1441.169 2436.560
1558.361 2267.338
1754.178 2351.021
1736.022 2671.401
1554.288 2561.385
1712.775 2448.181
1392.839 2709.968
1691.429 2689.636
1661.807 2539.055
1438.542 2763.586
1429.010 2442.411
1662.120 2484.852
1430.447 2289.334
1651.211 2322.242
1309.535 2438.240
1355.516 2528.229
1617.929 2443.837
1565.718 2460.948
1613.253 2452.098
1523.198 2347.240
1599.432 2652.825
1614.310 2660.569
1582.025 2720.292
1242.627 2533.163
1716.567 2689.305
1373.007 2548.052
1733.453 2758.101
1341.497 2785.492
1292.982 2330.331
1308.110 2740.996
1683.151 2734.522
1541.898 2571.050
1409.952 2594.256
1238.538 2525.528
1369.355 2775.511
1763.261 2696.096
1589.986 2311.656
1602.120 2724.502
1555.048 2793.926
1700.626 2447.395
1770.746 2701.837
1347.200 2768.193
1593.603 2407.119
1631.677 2687.643
1594.275 2673.398
1722.286 2597.431
1687.499 2307.437
1611.824 2574.534
1284.580 2669.874
1284.611 2754.558
1592.192 2693.352
1513.266 2650.583
1772.518 2300.715
1299.573 2340.416
1773.644 2398.281
1777.933 2633.020
1625.194 2688.454
1744.986 2452.062
1556.179 2360.621
1671.977 2719.768
1465.955 2567.370
1302.388 2266.391
1717.872 2804.115
1713.138 2806.443
1774.711 2680.716
1460.238 2470.583
1437.288 2504.962
1630.200 2506.924
1690.576 2330.262
1499.631 2434.981
1693.671 2556.122
1600.341 2526.501
1701.748 2663.717
1415.424 2743.483
1511.319 2439.975
1530.113 2695.270
1538.767 2678.164
1642.910 2743.698
1422.853 2418.635
1265.447 2455.396
1276.628 2627.827
1390.737 2618.547
1304.581 2561.531
1651.374 2624.392
1430.435 2270.174
1496.805 2512.238
1677.057 2508.794
1441.880 2501.747
1476.286 2321.054
1773.757 2585.332
1725.360 2258.193
1360.669 2438.285
1694.099 2323.402
1549.288 2800.648
1640.497 2504.791
1691.630 2582.966
1737.294 2803.313
1339.524 2321.951
1675.078 2538.340
1630.756 2756.551
1440.860 2715.617
1223.573 2594.606
1700.767 2350.447
1224.725 2292.844
1654.803 2349.957
1543.527 2569.363
1490.294 2741.668
1519.952 2673.236
1403.971 2454.289
1379.291 2341.842
1443.153 2494.816
1402.045 2470.616
1423.368 2258.841
1660.262 2625.621
1420.638 2625.819
1237.628 2255.374
1623.395 2423.441
1751.341 2292.593
1614.698 2412.478
1281.663 2275.543
1580.585 2628.102
1258.111 2345.195
1566.609 2773.981
1551.358 2730.262
1355.816 2332.847
1250.332 2694.593
1270.699 2474.656
1676.001 2702.475
1705.670 2265.769
1296.311 2537.926
1359.053 2363.367
1328.548 2331.786
1545.898 2595.013
1569.193 2434.983
1416.749 2329.831
1381.667 2581.363
1423.441 2432.369
1419.466 2804.324
1617.745 2485.096
1435.490 2461.626
1354.092 2712.400
1699.276 2285.353
1614.411 2560.151
1694.791 2538.023
1753.085 2757.550
1319.860 2700.178
1496.112 2770.528
1743.462 2511.029
1670.636 2655.638
1746.770 2786.470
1241.794 2277.321
1470.707 2322.399
1269.691 2428.590
1241.807 2798.142
1252.209 2399.582
1253.449 2622.338
1726.941 2368.393
1283.401 2299.586
1516.151 2460.285
1285.347 2567.068
1416.560 2670.782
1372.776 2618.132
1512.344 2331.477
1363.239 2477.175
1532.024 2559.292
1523.881 2257.171
1589.225 2704.681
1656.578 2293.361
1772.828 2542.115
1675.617 2512.454
1472.799 2409.947
1765.989 2288.207
1684.766 2281.647
1425.509 2456.717
1510.353 2684.865
1761.781 2279.118
1293.134 2749.105
1483.537 2292.673
1490.178 2480.677
1738.815 2520.364
1417.768 2285.077
1533.569 2595.758
1421.393 2420.213
1600.978 2430.859
1527.762 2766.175
1490.987 2598.070
1603.309 2722.396
1293.263 2778.862
1388.174 2459.965
1287.756 2719.966
1531.630 2306.324
1292.958 2718.668
1438.151 2556.349
1743.675 2466.190
1566.343 2256.151
1506.244 2723.396
1760.598 2348.434
1766.289 2513.854
1662.340 2464.845
1367.693 2544.451
1657.742 2431.922
1626.100 2367.624
1557.782 2469.569
1396.075 2365.640
1592.330 2472.102
1640.108 2640.689
1266.611 2580.375
1652.940 2496.613
1747.701 2605.492
1635.323 2661.998
1258.322 2744.329
1478.768 2663.792
1240.655 2606.006
1488.483 2439.164
1511.866 2620.428
1398.913 2797.506
1401.652 2400.614
1635.214 2325.116
1577.927 2561.625
1428.342 2808.263
1719.988 2725.869
1490.991 2715.747
1558.565 2393.656
1633.424 2643.272
1619.965 2669.592
1537.756 2297.293
1426.642 2700.160
1720.693 2655.344
1399.940 2687.761
1716.192 2755.747
1614.521 2330.505
1694.846 2394.523
1734.793 2436.034
1354.323 2601.212
1479.544 2553.031
1550.463 2786.451
1714.655 2273.651
1699.323 2449.552
1581.804 2730.611
1336.440 2396.097
1475.106 2641.414
1352.815 2526.031
1452.432 2736.446
1658.046 2656.890
1295.805 2668.134
1647.435 2268.759
1767.264 2534.893
1535.993 2492.418
1468.940 2411.803
1552.476 2595.165
1288.805 2416.151
1515.853 2786.939
1501.690 2675.221
1512.456 2532.649
1661.385 2730.653
1555.434 2583.093
1550.655 2628.117
1618.091 2505.988
1671.421 2796.851
1345.304 2379.234
1279.245 2391.177
1611.271 2790.704
1554.306 2675.280
1606.962 2682.792
1496.719 2751.280
1567.732 2552.415
1406.000 2802.473
1778.009 2442.881
1573.123 2799.651
1285.556 2738.841
1718.210 2288.373
1650.471 2781.924
1704.538 2641.942
1438.005 2755.257
1700.415 2509.425
1273.848 2334.184
1583.609 2802.006
1653.076 2663.660
1575.525 2775.863
1527.860 2505.025
1769.745 2465.465
1629.644 2436.063
1310.183 2612.796
1706.562 2409.323
1287.975 2536.239
1468.475 2663.025
1588.181 2477.830
1763.346 2583.190
1592.752 2723.573
1641.047 2304.985
1265.471 2773.322
1481.082 2256.242
1314.782 2448.072
1336.794 2303.313
1304.340 2694.383
1477.569 2281.630
1760.953 2492.190
1612.085 2368.442
1473.495 2688.935
1386.001 2697.337
1583.641 2302.200
1688.848 2603.892
1662.419 2330.100
1355.106 2711.531
1326.292 2631.230
1739.381 2466.770
1567.844 2668.730
1367.390 2435.047
1419.329 2688.215
1485.012 2804.393
1529.078 2354.966
1579.981 2505.765
1363.325 2264.953
1422.316 2611.813
1574.446 2804.693
1681.635 2443.678
1701.167 2695.433
1450.505 2699.423
1232.485 2402.178
1242.267 2413.812
1319.096 2507.639
1454.189 2722.144
1709.014 2745.112
1338.302 2269.636
1447.665 2260.866
1605.808 2348.964
1719.590 2360.371
1763.871 2784.401
1352.479 2548.129
1622.901 2560.737
1690.121 2332.081
1429.363 2792.052
1557.144 2352.206
1401.656 2386.662
1656.817 2675.338
1299.894 2626.229
1461.744 2359.129
1424.634 2617.726
1661.732 2420.809
1487.570 2639.674
1381.185 2272.918
1409.014 2702.726
1383.768 2578.687
1318.559 2425.233
1548.575 2522.245
1673.757 2608.876
1372.591 2379.949
1539.496 2290.539
1579.474 2713.130
1441.791 2523.808
1770.216 2390.033
1344.297 2262.826
1548.517 2317.186
1230.745 2275.359
1682.204 2525.801
1726.481 2782.877
1551.626 2606.625
1619.464 2415.922
1554.988 2684.985
1712.832 2603.736
1658.248 2311.800
1386.293 2322.166
1437.798 2779.057
1721.465 2318.827
1576.759 2440.195
1415.117 2676.656
1449.472 2567.928
1497.003 2611.768
1308.511 2324.670
1403.169 2317.204
1422.601 2548.838
1573.015 2538.103
1397.416 2585.661
1432.310 2525.906
1293.579 2468.169
1425.699 2580.490
1518.319 2716.630
1434.278 2689.055
1745.698 2667.232
1430.755 2353.824
1357.581 2559.026
1243.287 2290.277
1232.544 2320.340
1262.332 2342.536
1688.268 2451.773
1540.422 2700.189
1681.429 2604.165
1520.331 2634.399
1634.247 2510.353
1337.983 2290.832
1529.765 2757.482
1770.272 2303.075
1240.334 2717.229
1327.234 2483.498
1757.440 2450.364
1473.201 2578.683
1283.149 2566.587
1259.578 2707.147
1393.794 2490.763
1267.449 2319.808
1720.739 2779.629
1644.694 2348.701
1298.451 2563.089
1523.610 2498.697
1376.418 2256.017
1627.159 2695.618
1476.027 2645.415
1651.983 2649.821
1347.653 2318.857
1362.232 2595.846
1537.596 2367.905
1579.693 2623.616
1341.079 2412.405
1333.345 2317.230
1606.929 2769.419
1268.830 2490.302
1670.287 2689.640
1499.094 2305.598
1545.837 2574.415
1542.931 2567.095
1428.745 2433.032
1679.304 2627.570
1322.769 2331.999
1734.994 2785.415
1447.198 2295.858
1410.756 2374.632
1346.292 2808.016
1355.339 2268.405
1620.508 2558.601
1390.224 2300.163
1244.120 2290.106
1694.990 2586.883
1554.097 2421.210
1476.922 2707.496
1560.248 2702.486
1561.713 2484.319
1651.541 2325.282
1593.501 2416.089
1664.610 2609.182
1286.718 2269.529
1619.956 2527.440
1481.041 2405.890
1512.941 2445.534
1683.853 2764.754
1687.043 2592.938
1336.420 2523.371
1517.382 2696.885
1758.002 2536.450
1581.553 2491.966
1456.815 2669.228
1457.670 2380.557
1743.378 2489.504
1325.303 2515.706
1663.264 2301.528
1707.778 2266.841
1448.055 2692.451
1415.734 2512.635
1322.919 2663.922
1228.532 2570.148
1235.424 2781.380
1741.993 2502.602
1445.662 2790.267
1388.344 2544.658
1319.899 2596.148
1696.640 2749.055
1463.107 2617.459
1742.430 2553.356
1552.214 2295.515
1530.867 2749.086
1453.306 2414.476
1631.497 2728.613
1699.467 2573.331
1362.847 2664.208
1422.846 2573.960
1306.914 2410.417
1476.328 2662.809
1472.219 2657.558
1236.488 2326.187
1760.757 2452.663
1702.951 2441.686
1362.692 2708.055
1284.726 2784.405
1553.916 2348.104
1354.927 2740.995
1597.049 2635.470
1434.856 2280.162
1584.122 2590.709
1463.718 2760.542
1646.932 2659.799
1401.815 2608.539
1278.353 2453.746
1491.634 2560.007
1549.952 2498.431
1353.632 2695.128
1606.359 2800.694
1344.073 2385.288
1705.810 2328.000
1506.360 2442.443
1468.435 2417.941
1445.621 2601.800
1629.499 2317.353
1743.912 2730.991
1278.409 2605.878
1501.753 2672.965
1468.192 2600.424
1334.794 2271.756
1672.161 2517.837
1278.134 2335.377
1619.321 2591.088
1743.625 2411.548
1533.354 2808.046
1531.167 2807.986
1326.631 2426.677
1439.232 2772.178
1529.984 2315.118
1442.083 2397.935
1580.116 2301.788
1647.616 2311.689
1256.760 2631.114
1415.791 2488.207
1578.727 2337.381
1698.287 2732.132
1303.419 2612.955
1759.297 2314.596
1665.881 2804.233
1626.892 2763.664
1771.354 2557.793
1610.955 2420.217
1476.756 2370.995
1467.885 2289.434
1404.636 2315.620
1679.894 2411.957
1280.736 2545.426
1703.672 2757.108
1412.821 2636.736
1292.845 2385.037
1473.458 2418.477
1637.757 2469.451
1742.066 2708.376
1634.446 2648.080
1431.095 2479.449
1756.721 2266.327
1409.497 2616.195
1570.977 2287.667
1642.258 2807.397
1454.192 2336.302
1729.997 2719.635
1570.846 2433.777
1556.330 2706.180
1454.203 2408.509
1550.704 2509.815
1650.148 2468.910
1536.003 2350.932
1682.632 2661.518
1739.928 2788.044
1445.924 2438.520
1361.299 2417.071
1225.467 2490.443
1258.264 2647.556
1656.189 2397.250
1776.282 2393.304
1487.074 2779.185
1691.852 2314.923
1590.382 2658.694
1743.849 2498.057
1292.611 2706.985
1640.076 2731.942
1460.368 2805.128
1705.653 2288.209
1316.807 2359.216
1566.506 2525.820
1505.058 2315.619
1503.830 2747.176
1522.741 2708.401
1713.071 2384.323
1564.149 2360.684
1429.112 2684.951
1557.574 2389.779
1375.340 2534.526
1676.703 2578.721
1247.644 2386.099
1552.576 2709.170
1259.207 2652.993
1564.244 2351.070
1455.223 2549.824
1714.104 2682.520
1772.500 2587.226
1384.367 2390.917
1633.143 2374.287
1421.772 2344.078
1245.081 2541.842
1553.665 2392.406
1253.319 2789.194
1707.345 2271.647
1254.749 2559.505
1656.529 2417.431
1233.661 2523.483
1266.166 2765.599
1238.100 2727.763
1365.815 2630.372
1441.442 2644.848
1267.796 2650.318
1446.353 2336.531
1660.433 2456.374
1465.332 2734.534
1348.202 2751.998
1535.182 2590.955
1519.604 2490.365
1689.879 2479.745
1671.055 2395.829
1767.179 2518.550
1694.008 2477.121
1626.283 2503.866
1420.448 2470.663
1414.692 2706.544
1271.574 2742.235
1662.040 2561.912
1585.389 2473.832
1577.496 2678.929
1775.008 2350.308
1274.588 2308.147
1734.810 2378.755
1530.221 2536.921
1400.314 2361.553
1365.172 2456.037
1731.298 2325.204
1311.026 2390.492
1426.421 2636.897
1570.555 2636.129
1411.776 2654.871
1589.426 2554.955
1287.699 2775.760
1596.618 2516.514
1259.915 2498.556
1671.513 2684.036
1597.577 2724.133
1511.542 2445.079
1444.622 2540.966
1306.147 2770.030
1251.352 2532.610
1634.285 2611.036
1688.019 2631.635
1623.935 2508.640
1561.655 2468.517
1759.689 2381.044
1286.743 2774.653
1756.332 2753.411
1718.192 2256.324
1543.076 2438.538
1707.956 2367.989
1733.710 2301.571
1482.269 2422.696
1503.463 2717.619
1652.149 2279.617
1700.756 2260.910
1403.180 2506.843
1271.340 2634.264
1394.803 2429.736
1763.430 2699.093
1714.475 2435.678
1697.833 2705.699
1243.258 2280.019
1241.651 2689.745
1304.815 2530.086
1410.459 2269.542
1580.237 2662.308
1679.587 2504.689
1616.570 2331.378
1523.179 2600.910
1663.120 2260.493
1401.131 2653.839
1432.144 2479.101
1370.591 2667.822
1353.822 2622.004
1400.366 2775.266
1513.162 2341.435
1288.865 2294.528
1400.368 2624.594
1728.323 2569.543
1759.497 2576.122
1434.348 2513.823
1329.307 2449.849
1587.639 2766.041
1229.816 2525.345
1646.672 2318.615
1381.683 2444.157
1526.488 2561.115
1271.724 2800.941
1759.208 2758.535
1343.938 2332.223
1647.963 2745.637
1502.163 2360.962
1389.253 2419.038
1746.986 2758.366
1550.135 2634.454
1560.273 2643.226
1453.384 2567.105
1438.527 2552.533
1618.271 2620.609
1226.668 2723.627
1530.195 2705.754
1358.605 2546.581
1473.909 2320.612
1610.203 2806.939
1299.692 2569.041
1739.744 2685.643
1319.455 2466.939
1417.703 2416.230
1719.892 2365.835
1366.655 2294.187
1564.808 2654.947
1364.208 2489.604
1754.284 2680.342
1369.938 2285.234
1475.029 2594.875
1341.805 2715.791
1662.150 2734.215
1437.870 2656.820
1710.477 2324.443
1413.361 2544.070
1731.306 2530.998
1412.377 2286.414
1271.483 2697.995
1372.489 2349.700
1384.865 2282.824
1631.509 2552.948
1556.685 2349.592
1692.137 2660.073
1361.063 2607.159
1563.969 2529.390
1361.325 2483.873
1332.703 2284.194
1226.626 2508.271
1352.111 2310.366
1545.816 2588.154
1660.588 2492.204
1307.426 2804.846
1283.004 2731.683
1710.891 2729.832
1375.396 2710.909
1448.485 2744.890
1620.573 2303.067
1401.404 2748.643
1581.983 2530.140
1532.523 2748.924
1602.336 2533.065
1743.463 2727.394
1525.883 2423.068
1674.206 2434.747
1481.086 2421.372
1305.585 2757.187
1687.731 2664.101
1623.661 2550.295
1386.862 2433.684
1766.594 2359.395
1298.227 2659.983
1705.973 2735.499
1520.972 2421.249
1291.580 2400.122
1430.750 2594.402
1408.314 2727.797
1759.052 2549.677
1772.020 2493.132
1399.565 2543.671
1459.364 2439.625
1731.469 2541.155
1239.286 2545.877
1583.100 2649.886
1274.462 2428.753
1519.747 2358.577
1416.569 2617.745
1252.741 2720.939
1320.019 2773.599
1224.626 2529.571
1235.596 2622.777
1772.800 2662.556
1405.114 2533.791
1758.392 2338.497
1436.427 2772.955
1672.242 2469.185
1644.996 2380.272
1696.714 2657.088
1431.085 2334.584
1424.697 2438.287
1356.315 2557.391
1565.213 2390.245
1772.580 2285.375
1365.290 2428.191
1313.846 2746.807
1367.354 2646.855
1724.352 2612.140
1726.081 2606.818
1513.507 2543.628
1371.940 2731.559
1327.118 2722.608
1399.048 2332.157
1718.545 2297.261
1735.197 2393.180
1649.825 2280.168
1651.379 2506.913
1366.284 2445.341
1647.325 2444.754
1491.529 2369.243
1298.041 2565.988
1393.969 2535.459
1254.802 2641.606
1285.769 2572.351
1492.994 2403.848
1381.106 2739.961
1629.412 2452.739
1316.874 2782.272
1454.666 2444.125
1599.813 2361.103
1247.528 2547.786
1676.309 2636.612
1265.822 2385.773
1445.607 2482.367
1451.063 2509.222
1399.505 2714.762
1482.171 2604.105
1458.938 2385.451
1531.730 2474.165
1345.720 2408.888
1299.482 2480.570
1407.167 2775.009
1353.350 2675.456
1668.471 2644.529
1477.456 2524.406
1415.097 2519.812
1300.338 2401.275
1539.809 2601.837
1745.649 2472.691
1628.689 2358.921
1637.862 2551.332
1360.562 2481.459
1767.262 2507.269
1520.221 2721.239
1266.049 2481.977
1386.100 2445.273
1272.916 2693.950
1379.300 2602.963
1747.504 2587.162
1437.411 2651.844
1699.913 2495.373
1612.655 2606.587
1384.734 2279.033
1604.132 2334.613
1620.172 2789.691
1571.385 2795.682
1349.892 2626.231
1625.575 2475.605
1655.866 2667.252
1382.399 2696.347
1671.628 2716.309
1395.220 2553.747
1381.979 2685.347
1271.121 2508.591
1237.836 2723.305
1324.012 2764.914
1297.102 2737.583
1696.338 2510.007
1648.437 2320.395
1382.377 2474.742
1624.949 2613.446
1316.693 2356.653
1585.234 2582.949
1721.609 2686.421
1629.391 2587.437
1627.407 2325.494
1653.162 2795.079
1315.342 2598.287
1367.818 2460.367
1277.411 2270.140
1486.514 2303.051
1409.016 2266.204
1397.180 2363.826
1362.702 2413.405
1621.313 2485.350
1526.639 2399.454
1747.149 2800.750
1406.804 2378.595
1440.288 2555.160
1493.939 2397.674
1417.018 2531.399
1325.791 2626.811
1735.078 2342.133
1732.624 2476.638
1314.200 2489.232
1715.394 2272.362
1763.405 2333.227
1248.288 2769.027
1585.471 2781.992
1336.961 2295.318
1395.536 2731.224
1394.098 2663.629
1401.013 2638.665
1282.726 2418.826
1482.361 2717.934
1618.539 2336.406
1226.592 2433.655
1451.804 2629.316
1714.073 2348.913
1556.147 2587.272
1732.869 2446.748
1353.913 2394.079
1408.567 2257.268
1398.913 2489.192
1383.019 2697.391
1383.202 2410.921
1244.979 2693.390
1270.787 2414.248
1576.252 2496.233
1573.303 2417.273
1225.888 2461.545
1244.846 2692.590
1412.736 2304.463
1417.437 2808.820
1463.417 2791.261
1634.854 2721.327
1523.452 2541.615
1243.216 2742.910
1710.116 2788.105
1574.749 2687.500
1679.742 2788.750
1583.760 2518.026
1293.318 2734.774
1560.451 2787.120
1748.685 2752.510
1734.702 2707.592
1588.941 2560.014
1590.659 2548.546
1311.505 2377.436
1449.513 2684.249
1321.174 2695.990
1223.733 2688.657
1368.905 2771.188
1546.758 2417.836
1362.747 2459.415
1349.265 2434.402
1386.007 2782.457
1298.423 2280.841
1480.459 2281.003
1386.564 2721.068
1400.645 2261.729
1439.903 2560.074
1273.239 2522.025
1770.837 2454.273
1557.781 2551.695
1460.659 2747.798
1595.932 2272.880
1570.639 2263.808
1752.184 2607.194
1668.928 2284.788
1491.141 2572.248
1725.714 2674.959
1698.996 2313.109
1487.336 2436.413
1235.797 2381.352
1478.693 2715.872
1301.757 2449.410
1476.711 2530.505
1429.802 2425.101
1324.292 2632.951
1519.974 2397.895
1671.804 2703.540
1258.468 2507.456
1226.254 2539.634
1765.584 2612.280
1270.228 2770.330
1249.351 2639.239
1434.997 2565.354
1315.006 2746.368
1223.387 2270.321
1657.897 2730.106
1377.637 2668.991
1501.335 2594.970
1620.357 2603.866
1469.990 2700.672
1615.654 2468.501
1673.455 2627.496
1227.690 2330.239
1345.635 2744.682
1287.737 2497.500
1274.921 2584.021
1413.350 2709.063
1676.513 2646.651
1227.327 2376.877
1771.978 2739.570
1337.140 2655.680
1519.571 2494.529
1727.509 2800.304
1257.968 2304.151
1640.598 2779.562
1772.639 2368.020
1590.228 2548.640
1586.017 2658.418
1289.945 2758.429
1263.621 2429.222
1408.571 2564.167
1484.154 2541.782
1397.115 2505.147
1545.692 2372.372
1629.801 2708.774
1628.173 2782.021
1656.544 2766.798
1519.390 2493.852
1599.998 2583.055
1602.203 2335.331
1748.468 2344.128
1531.207 2590.331
1583.123 2306.546
1533.837 2403.207
1258.368 2662.355
1434.168 2750.016
1498.773 2310.529
1276.619 2591.419
1763.275 2442.810
1224.596 2709.074
1330.458 2596.979
1295.206 2741.647
1747.826 2476.933
1694.024 2710.345
1396.844 2521.746
1468.296 2697.478
1432.661 2279.422
1385.492 2314.804
1674.921 2354.714
1473.708 2263.155
1268.459 2540.460
1489.765 2614.619
1680.166 2331.340
1459.419 2408.830
1416.092 2629.716
1737.094 2685.739
1343.668 2645.121
1405.484 2358.128
1409.249 2348.014
1681.055 2643.437
1404.470 2313.297
1231.205 2771.311
1436.909 2508.058
1420.235 2591.730
1279.739 2725.489
1681.178 2257.075
1593.777 2690.380
1717.492 2414.095
1234.197 2470.626
1527.306 2466.086
1704.561 2430.541
1598.050 2572.568
1697.041 2577.585
1327.218 2286.128
1222.913 2699.805
1305.475 2645.166
1601.229 2654.533
1280.504 2555.181
1361.310 2705.983
1763.181 2277.859
1539.366 2566.402
1434.462 2276.825
1293.584 2593.710
1702.404 2751.777
1434.077 2471.790
1500.903 2306.679
1516.078 2272.588
1380.906 2383.708
1650.921 2327.572
1601.965 2585.023
1416.055 2262.309
1700.945 2677.677
1618.671 2663.461
1520.019 2318.815
1448.490 2541.992
1558.912 2534.063
1772.201 2329.812
1262.732 2406.184
1551.635 2751.131
1287.739 2362.649
1497.496 2530.655
1545.806 2641.776
1263.339 2270.765
1589.721 2439.488
1619.885 2259.452
1732.266 2777.504
1761.540 2796.724
1644.760 2749.893
1356.231 2614.700
1740.397 2539.538
1386.254 2513.451
1725.147 2792.590
1237.142 2683.208
1447.451 2549.242
1229.989 2426.940
1706.486 2668.431
1448.179 2408.846
1527.408 2706.267
1633.795 2584.867
1539.926 2323.296
1356.352 2424.056
1315.938 2484.062
1604.337 2265.598
1346.257 2602.126
1445.535 2276.386
1638.387 2317.347
1581.936 2302.283
1700.002 2743.415
1671.331 2268.405
1486.525 2785.465
1296.036 2413.760
1447.144 2621.608
1567.406 2342.014
1542.628 2678.936
1740.955 2764.537
1715.737 2573.595
1701.303 2418.647
1687.118 2660.733
1671.394 2484.504
1734.206 2706.059
1513.240 2783.963
1393.981 2325.933
1416.815 2455.731
1545.404 2398.970
1752.995 2261.312
1746.948 2475.627
1598.740 2415.318
1666.386 2807.726
1602.803 2460.278
1444.484 2570.000
1412.702 2401.617
1347.340 2431.396
1723.857 2253.961
1743.631 2607.831
1483.974 2349.592
1367.018 2294.168
1572.335 2597.452
1503.700 2558.883
1492.967 2457.977
1424.333 2480.986
1398.047 2527.000
1728.564 2733.697
1517.147 2736.858
1262.230 2741.869
1619.409 2560.967
1417.382 2790.152
1464.095 2276.486
1234.402 2261.245
1393.431 2630.152
1300.213 2742.238
1744.751 2333.588
1527.512 2464.565
1365.476 2508.885
1611.980 2337.022
1687.811 2740.774
1482.391 2796.272
1550.195 2553.910
1650.618 2351.131
1344.179 2572.374
1308.234 2616.316
1745.564 2272.155
1704.660 2760.842
1709.107 2649.303
1511.633 2794.618
1512.622 2669.214
1443.033 2532.284
1405.141 2464.041
1441.016 2296.724
1425.348 2393.809
1299.390 2287.166
1254.511 2349.545
1304.964 2629.008
1623.347 2311.692
1299.750 2743.769
1730.744 2483.966
1598.363 2578.601
1497.333 2712.582
1428.199 2332.284
1760.147 2582.327
1427.590 2562.366
1248.766 2585.464
1248.161 2662.466
1244.502 2410.651
1234.607 2548.702
1701.755 2591.765
1656.495 2527.824
1415.838 2388.263
1637.077 2593.245
1737.842 2454.595
1613.648 2522.927
1462.607 2477.732
1284.070 2615.936
1727.969 2708.672
1661.838 2522.525
1418.314 2327.568
1675.133 2689.818
1460.129 2662.117
1758.273 2729.396
1365.172 2280.592
1748.465 2344.467
1595.131 2625.120
1292.461 2311.282
1360.545 2506.213
1589.528 2621.597
1755.326 2614.460
1436.489 2460.161
1559.883 2758.970
1494.770 2279.926
1345.061 2748.031
1494.110 2445.649
1301.965 2660.145
1254.546 2493.337
1518.266 2607.887
1428.278 2356.521
1446.409 2584.820
1342.082 2688.125
1553.518 2612.004
1321.536 2751.407
1335.940 2421.642
1675.479 2786.195
1399.790 2796.728
1651.094 2470.245
1734.715 2329.794
1530.513 2795.861
1594.124 2298.786
1273.570 2285.550
1774.857 2579.587
1446.480 2424.166
1770.549 2397.069
1420.619 2578.433
1434.387 2463.975
1434.115 2378.556
1517.692 2564.735
1687.629 2748.972
1695.643 2550.995
1413.526 2404.795
1768.541 2379.336
1359.013 2702.087
1593.328 2264.280
1642.960 2657.371
1677.816 2753.016
1551.306 2469.612
1549.113 2647.960
1456.986 2662.721
1400.707 2454.385
1775.715 2719.475
1477.724 2475.063
1547.490 2335.349
1675.444 2725.526
1485.447 2403.671
1308.267 2755.775
1298.170 2726.567
1257.835 2719.080
1756.181 2766.782
1278.695 2765.969
1558.965 2732.165
1246.793 2774.556
1507.325 2316.303
1272.022 2729.796
1365.336 2581.658
1629.984 2702.919
1339.247 2319.643
1443.719 2726.270
1773.815 2694.483
1361.612 2397.958
1450.252 2419.189
1269.338 2292.710
1547.329 2502.055
1752.811 2684.379
1291.625 2311.315
1744.811 2340.130
1745.545 2266.171
1469.936 2707.337
1311.424 2690.393
1429.333 2315.373
1291.580 2720.864
1448.269 2568.546
1351.084 2378.076
1604.972 2559.035
1777.986 2653.726
1406.461 2443.164
1442.716 2567.725
1643.253 2516.875
1539.470 2330.358
1363.838 2701.564
1562.643 2499.273
1264.577 2527.622
1773.882 2574.943
1640.483 2680.246
1291.263 2685.155
1382.154 2546.292
1658.518 2759.288
1404.415 2647.099
1365.324 2284.663
1742.638 2552.669
1404.691 2611.858
1336.850 2792.314
1430.205 2254.174
1475.038 2569.820
1695.401 2411.062
1776.154 2726.958
1459.028 2517.134
1515.216 2477.494
1576.429 2714.959
1738.055 2735.349
1694.668 2551.161
1470.531 2519.926
1567.885 2805.483
1518.918 2678.562
1627.745 2362.223
1775.261 2690.778
1302.448 2804.173
1446.008 2349.281
1490.783 2498.799
1314.362 2414.948
1652.136 2461.385
1596.660 2669.476
1706.743 2725.020
1420.897 2610.242
1719.719 2785.169
1417.331 2739.840
1567.798 2537.420
1278.903 2265.933
1555.188 2632.987
1452.001 2707.627
1774.597 2371.117
1556.848 2526.098
1705.133 2424.812
1722.899 2303.253
1501.244 2601.094
1306.786 2516.674
1341.572 2316.494
1591.551 2371.020
1743.725 2411.013
1492.035 2508.177
1440.516 2462.392
1684.652 2524.005
1560.316 2448.287
1574.925 2472.418
1572.508 2645.006
1257.077 2427.864
1450.240 2667.647
1664.128 2405.018
1768.242 2397.788
1724.633 2428.778
1505.414 2323.418
1384.562 2254.063
1505.023 2260.746
1625.840 2729.493
1361.688 2351.808
1277.325 2338.885
1408.393 2616.231
1484.717 2375.158
1557.012 2439.315
1368.915 2660.645
1493.025 2454.208
1593.830 2729.955
1397.372 2785.004
1547.127 2754.647
1522.514 2622.907
1645.484 2256.274
1703.051 2339.736
1414.087 2543.899
1491.461 2265.785
1451.699 2524.281
1244.918 2600.397
1615.223 2798.481
1250.127 2349.475
1551.895 2427.113
1687.780 2288.506
1498.022 2713.820
1486.195 2644.807
1575.326 2564.986
1356.708 2262.765
1459.563 2287.131
1357.795 2321.008
1640.604 2406.815
1276.998 2349.057
1284.439 2448.148
1595.543 2763.459
1664.785 2636.771
1603.018 2802.222
1489.865 2772.342
1547.507 2698.166
1307.666 2501.964
1273.372 2681.639
1371.709 2616.262
1241.674 2800.811
1739.069 2393.214
1379.590 2343.047
1574.026 2782.900
1273.286 2276.480
1369.124 2385.531
1720.850 2346.842
1754.728 2800.814
1475.662 2737.783
1463.575 2476.224
1396.196 2635.543
1519.471 2393.406
1516.127 2306.510
1456.586 2255.541
1722.330 2590.370
1493.049 2257.359
1405.892 2794.052
1447.547 2721.709
1545.462 2770.354
1325.428 2594.191
1661.717 2523.914
1598.809 2689.203
1244.288 2709.735
1462.016 2708.861
1398.402 2302.709
1627.425 2346.420
1732.300 2373.633
1583.264 2424.724
1741.122 2571.369
1290.394 2793.716
1566.823 2758.665
1413.765 2531.891
1634.461 2803.640
1712.437 2600.052
1356.372 2490.806
1541.136 2376.126
1618.264 2456.346
1223.464 2780.963
1353.333 2324.722
1459.781 2538.876
1664.410 2362.500
1566.974 2394.121
1505.815 2321.925
1481.654 2691.215
1748.919 2689.712
1724.590 2774.764
1380.517 2715.293
1226.334 2428.497
1314.380 2786.161
2759.790 1630.655
2608.467 1741.619
2448.224 1402.619
2737.741 1746.709
2351.148 1675.371
2524.941 1447.948
2414.319 1263.885
2660.151 1461.371
2519.661 1327.327
2402.611 1523.884
2392.316 1263.087
2583.342 1485.944
2565.685 1246.915
2783.111 1266.557
2289.183 1527.295
2690.946 1332.735
2499.061 1770.706
2357.521 1490.001
2709.655 1641.439
2445.210 1673.857
2373.895 1336.278
2300.034 1716.473
2588.878 1323.312
2803.014 1543.078
2289.331 1559.277
2350.872 1661.501
2483.202 1681.868
2593.383 1537.950
2564.052 1590.232
2515.568 1387.630
2362.995 1599.699
2288.144 1760.076
2357.784 1466.957
2560.321 1328.347
2374.594 1694.128
2688.188 1363.596
2584.749 1540.828
2344.561 1485.956
2711.811 1314.965
2718.720 1686.062
2825.909 1394.653
2434.336 1741.227
2468.035 1483.085
2585.849 1495.432
2564.776 1679.240
2677.291 1355.644
2522.269 1418.665
2280.578 1321.370
2433.720 1707.925
2327.350 1592.835
2638.739 1347.712
2605.424 1293.093
2747.797 1302.184
2415.532 1290.029
2474.470 1278.405
2461.991 1258.108
2519.136 1606.988
2497.040 1256.229
2536.972 1399.178
2355.985 1453.499
2325.772 1335.829
2623.810 1284.258
2454.846 1335.882
2800.981 1735.213
2588.367 1669.030
2709.627 1425.193
2569.503 1488.975
2276.073 1545.162
2772.930 1716.369
2733.754 1389.704
2381.947 1481.176
2695.555 1674.148
2469.409 1521.612
2772.309 1636.770
2482.214 1304.158
2729.981 1619.234
2619.814 1230.270
2757.300 1725.180
2778.584 1699.204
2730.364 1641.826
2568.864 1771.064
2303.774 1465.184
2441.898 1742.861
2716.465 1310.803
2301.451 1386.845
2516.023 1620.347
2630.573 1282.733
2499.362 1363.272
2532.739 1541.736
2619.319 1518.171
2326.648 1347.891
2524.431 1566.515
2367.229 1628.312
2724.391 1712.061
2562.236 1365.059
2523.107 1682.128
2715.953 1261.738
2599.001 1631.683
2762.567 1459.298
2597.330 1563.948
2559.838 1361.877
2803.309 1575.410
2434.644 1596.561
2777.816 1323.161
2284.103 1325.789
2665.675 1734.374
2715.237 1533.006
2622.824 1467.339
2599.352 1493.701
2672.826 1339.810
2327.853 1321.017
2442.590 1387.569
2477.693 1273.149
2370.104 1696.261
2279.621 1500.232
2297.094 1446.348
2524.151 1237.090
2670.968 1237.985
2596.808 1396.133
2823.842 1371.277
2489.356 1575.024
2371.161 1366.300
2720.770 1482.304
2584.689 1613.371
2545.039 1693.848
2783.342 1590.496
2729.293 1528.214
2360.594 1693.357
2510.628 1752.894
2574.220 1584.976
2585.756 1341.328
2675.940 1271.910
2807.943 1489.922
2497.184 1761.135
2319.808 1754.607
2329.291 1577.166
2639.942 1686.464
2643.597 1285.064
2773.942 1264.495
2779.930 1751.723
2602.325 1356.023
2340.624 1594.399
2312.786 1650.136
2691.786 1603.432
2659.592 1245.053
2386.859 1544.856
2585.305 1702.862
2386.496 1687.561
2330.792 1347.945
2633.792 1608.826
2389.260 1672.624
2453.616 1637.706
2709.684 1365.956
2694.692 1674.300
2296.452 1461.419
2630.358 1387.477
2694.555 1574.292
2630.274 1292.158
2498.246 1702.345
2770.829 1640.944
2738.471 1643.533
2410.138 1408.853
2356.691 1443.787
2476.907 1319.560
2473.082 1538.853
2392.122 1489.232
2778.104 1319.082
2686.491 1581.027
2668.991 1451.594
2565.621 1572.199
2804.227 1333.026
2753.943 1310.378
2408.717 1705.794
2583.363 1300.540
2518.287 1730.792
2803.605 1633.191
2387.081 1243.829
2434.550 1350.587
2274.503 1412.583
2551.309 1630.394
2421.005 1358.450
2694.016 1523.742
2770.489 1704.421
2816.784 1341.121
2641.197 1621.469
2721.808 1300.693
2343.764 1515.890
2284.993 1452.793
2539.947 1470.141
2287.597 1572.607
2523.847 1704.756
2425.702 1348.648
2351.697 1612.452
2657.719 1353.410
2353.880 1763.732
2387.417 1617.387
2663.466 1635.843
2329.342 1449.566
2744.522 1400.471
2618.411 1643.108
2596.979 1700.471
2644.947 1497.186
2657.554 1500.890
2277.298 1676.481
2701.618 1727.100
2813.447 1480.069
2599.737 1614.845
2763.925 1263.079
2740.048 1441.926
2775.111 1372.774
2775.397 1532.132
2587.092 1437.076
2608.496 1462.199
2810.817 1267.930
2350.428 1328.447
2303.077 1231.238
2514.567 1713.460
2337.145 1576.371
2485.865 1290.949
2389.418 1518.856
2808.593 1580.172
2333.369 1452.560
2709.110 1283.762
2632.767 1695.972
2714.546 1342.702
2410.950 1543.453
2710.418 1554.133
2754.777 1359.934
2314.186 1709.588
2788.679 1750.173
2592.541 1318.997
2471.051 1484.516
2418.106 1259.450
2390.949 1562.383
2486.188 1684.251
2596.281 1386.634
2390.364 1402.870
2358.672 1717.944
2281.728 1402.503
2762.256 1650.457
2286.437 1486.463
2727.301 1419.095
2749.831 1343.048
2445.384 1380.313
2488.628 1396.867
2472.802 1606.574
2784.394 1409.094
2654.574 1246.095
2376.543 1411.705
2531.807 1296.672
2539.538 1344.085
2681.273 1669.606
2321.771 1441.707
2468.251 1238.227
2789.425 1505.632
2632.119 1621.173
2309.118 1687.094
2616.175 1467.673
2468.671 1409.998
2610.497 1570.809
2595.809 1224.876
2597.756 1401.372
2559.316 1330.791
2722.014 1347.879
2609.283 1470.196
2496.624 1746.170
2548.767 1643.250
2665.939 1425.119
2605.120 1574.593
2508.476 1303.995
2544.391 1352.756
2401.629 1610.258
2604.445 1756.227
2688.269 1525.804
2305.155 1761.528
2615.787 1700.095
2791.524 1341.117
2782.773 1479.489
2565.037 1489.640
2464.775 1631.220
2684.047 1375.570
2292.693 1379.041
2824.111 1314.426
2760.731 1652.391
2365.790 1237.170
2280.225 1582.080
2426.613 1717.852
2430.895 1609.422
2422.219 1592.096
2726.740 1433.917
2511.796 1452.408
2365.602 1328.924
2795.602 1576.318
2658.619 1242.631
2608.442 1527.969
2520.914 1327.992
2779.826 1535.543
2473.770 1302.290
2745.482 1332.706
2639.222 1693.635
2640.443 1503.012
2428.523 1440.167
2290.581 1261.041
2794.201 1456.314
2745.626 1471.914
2682.577 1323.250
2414.010 1306.651
2474.852 1424.712
2638.967 1464.741
2800.541 1650.937
2399.569 1294.604
2828.373 1633.924
2372.454 1648.894
2455.756 1276.924
2687.103 1370.518
2743.966 1646.582
2572.514 1772.265
2803.147 1243.005
2489.504 1614.281
2516.206 1705.123
2698.568 1773.804
2687.856 1602.678
2693.079 1778.507
2734.495 1259.330
2692.233 1607.071
2535.487 1388.094
2736.365 1336.935
2723.027 1572.609
2400.317 1746.984
2409.337 1670.094
2548.061 1324.033
2658.571 1396.762
2315.816 1291.324
2346.119 1700.411
2283.633 1401.775
2350.275 1778.941
2311.809 1339.302
2747.300 1742.701
2566.601 1547.521
2621.986 1626.903
2558.927 1399.592
2521.130 1772.615
2825.515 1604.257
2427.803 1709.919
2392.292 1361.891
2755.345 1445.845
2482.462 1251.614
2638.540 1281.975
2466.435 1554.489
2646.944 1694.931
2611.343 1502.925
2372.892 1670.893
2417.343 1752.350
2538.487 1677.624
2285.129 1512.739
2573.835 1777.832
2397.808 1621.008
2820.462 1494.311
2788.651 1479.798
2795.267 1701.619
2334.441 1576.638
2538.995 1714.451
2440.670 1417.939
2621.771 1754.922
2819.565 1538.288
2409.737 1299.129
2666.280 1721.223
2494.374 1702.095
2544.489 1767.458
2398.593 1712.766
2403.992 1247.856
2572.246 1606.047
2437.525 1775.943
2310.626 1371.809
2407.758 1464.567
2609.852 1397.420
2316.152 1421.055
2576.487 1512.649
2653.668 1339.922
2795.608 1595.467
2355.761 1601.629
2337.802 1672.803
2710.927 1777.538
2379.363 1274.656
2714.867 1549.662
2476.689 1699.343
2431.851 1231.164
2358.536 1504.342
2419.750 1358.399
2762.188 1473.665
2826.648 1561.724
2351.392 1500.330
2590.015 1755.518
2638.863 1355.985
2710.476 1696.790
2723.396 1411.596
2426.268 1454.859
2688.578 1261.857
2808.165 1237.464
2822.512 1414.179
2639.320 1240.743
2654.515 1370.397
2705.926 1460.537
2502.912 1403.007
2458.414 1593.960
2460.576 1361.540
2374.224 1368.615
2287.858 1595.163
2704.019 1538.960
2317.381 1482.203
2717.695 1243.311
2674.683 1525.273
2545.514 1412.998
2410.877 1599.506
2530.823 1240.135
2695.033 1474.604
2608.216 1241.742
2278.085 1236.892
2330.555 1590.137
2351.615 1368.686
2709.041 1305.694
2481.728 1360.009
2792.228 1353.534
2561.131 1319.775
2548.268 1540.762
2500.589 1259.319
2280.702 1391.833
2482.874 1521.550
2291.137 1618.988
2568.390 1503.677
2579.911 1396.590
2600.039 1553.268
2747.974 1250.413
2442.508 1658.682
2504.048 1692.119
2557.736 1553.862
2351.431 1524.235
2654.878 1765.953
2429.134 1287.946
2298.840 1472.079
2358.495 1292.953
2810.386 1346.725
2421.110 1740.700
2345.500 1303.692
2635.919 1416.116
2651.125 1705.084
2564.312 1772.000
2753.147 1648.125
2723.487 1734.480
2770.587 1244.730
2582.733 1736.700
2558.733 1267.540
2436.370 1603.697
2650.507 1311.769
2492.440 1679.595
2376.117 1745.012
2451.698 1317.285
2809.485 1329.953
2384.893 1439.493
2318.552 1720.637
2609.079 1346.954
2337.129 1596.155
2689.299 1767.660
2322.929 1688.430
2362.314 1379.742
2600.345 1455.407
2423.574 1495.229
2394.139 1771.059
2677.956 1598.270
2350.171 1566.535
2775.958 1648.499
2331.663 1298.285
2334.020 1621.339
2359.355 1499.159
2597.865 1684.195
2665.592 1714.357
2467.140 1491.780
2477.796 1249.515
2490.905 1619.571
2640.427 1292.460
2749.806 1484.568
2659.115 1584.190
2601.022 1641.086
2513.556 1487.956
2772.457 1410.737
2783.762 1262.840
2564.060 1745.087
2589.335 1553.727
2340.737 1713.094
2334.266 1648.010
2299.919 1433.795
2758.073 1590.213
2589.335 1599.101
2811.238 1367.890
2337.194 1318.354
2663.933 1270.433
2481.290 1400.808
2419.420 1262.564
2305.093 1369.919
2473.555 1233.077
2678.210 1412.632
2468.504 1413.020
2326.524 1697.944
2280.189 1384.859
2376.068 1406.319
2641.517 1640.315
2534.771 1583.950
2329.443 1447.650
2426.710 1623.730
2779.057 1361.571
2316.659 1540.318
2489.738 1453.486
2639.461 1727.276
2274.132 1378.406
2473.594 1416.941
2647.270 1558.463
2329.527 1774.648
2771.454 1584.649
2537.542 1630.488
2394.436 1670.769
2298.634 1280.144
2570.144 1743.610
2624.602 1773.219
2623.693 1334.775
2502.967 1298.756
2789.362 1344.056
2490.238 1252.243
2628.331 1722.300
2614.898 1482.191
2798.356 1679.239
2762.984 1532.708
2691.932 1313.304
2661.073 1689.456
2802.894 1411.569
2336.508 1263.315
2809.693 1508.111
2526.514 1549.289
2715.466 1776.329
2739.105 1643.405
2612.878 1416.237
2655.945 1458.304
2771.821 1257.060
2648.475 1494.543
2651.764 1706.349
2488.554 1532.045
2656.544 1741.572
2647.227 1228.834
2703.572 1259.566
2706.262 1309.104
2757.389 1298.891
2314.879 1576.862
2672.460 1517.507
2428.700 1530.164
2470.612 1492.254
2367.979 1543.506
2745.543 1352.546
2788.730 1689.881
2490.028 1270.024
2487.046 1778.752
2633.068 1321.293
2514.180 1536.242
2532.440 1296.994
2303.086 1638.669
2741.574 1567.385
2480.895 1649.203
2435.184 1369.549
2493.247 1343.205
2283.628 1710.506
2577.814 1564.451
2585.152 1306.292
2315.776 1548.438
2452.970 1722.500
2815.422 1540.598
2539.283 1361.481
2742.331 1417.519
2665.385 1682.941
2638.622 1302.106
2661.022 1376.457
2401.547 1400.929
2721.660 1364.757
2287.550 1577.440
2797.289 1517.385
2777.619 1531.051
2758.716 1650.838
2698.853 1638.577
2411.687 1725.901
2761.999 1255.681
2384.699 1748.354
2448.176 1280.530
2346.374 1369.029
2768.517 1528.054
2317.569 1469.860
2310.382 1409.896
2321.138 1496.262
2681.322 1527.001
2783.901 1515.117
2492.736 1480.817
2535.005 1266.147
2455.287 1636.195
2290.447 1403.731
2469.337 1633.789
2357.092 1267.379
2652.068 1701.106
2627.828 1569.549
2385.116 1472.855
2740.385 1342.457
2342.203 1597.247
2804.381 1262.825
2300.122 1480.335
2462.395 1371.724
2550.716 1483.145
2398.037 1603.288
2658.335 1237.232
2796.428 1408.626
2490.654 1638.854
2585.274 1227.071
2506.341 1492.505
2753.649 1768.136
2275.371 1263.510
2363.409 1739.078
2799.801 1327.825
2407.766 1235.441
2564.929 1418.523
2520.117 1235.333
2348.445 1283.482
2532.930 1317.662
2514.165 1236.423
2414.663 1355.061
2475.830 1631.426
2784.589 1398.722
2301.527 1758.877
2705.990 1338.894
2776.223 1679.560
2745.268 1386.035
2795.788 1573.139
2651.550 1699.832
2468.137 1603.195
2507.971 1230.288
2652.365 1341.306
2702.130 1251.711
2524.309 1641.083
2298.630 1373.395
2492.826 1443.924
2403.534 1461.149
2747.892 1461.525
2534.003 1643.798
2426.951 1624.600
2747.822 1622.118
2278.972 1351.182
2556.552 1392.889
2741.926 1344.454
2438.256 1500.554
2546.987 1279.773
2822.375 1737.782
2728.454 1613.990
2695.472 1603.537
2512.673 1637.871
2691.337 1248.295
2736.670 1543.313
2374.670 1239.070
2708.401 1236.705
2672.173 1298.539
2417.535 1295.188
2640.143 1476.905
2716.146 1391.657
2431.134 1557.362
2635.013 1332.675
2307.241 1230.658
2438.091 1292.229
2301.131 1383.024
2677.966 1360.092
2789.779 1564.748
2682.663 1397.704
2609.066 1748.870
2768.575 1770.455
2662.562 1252.886
2633.363 1599.159
2636.029 1498.161
2668.113 1464.141
2619.969 1643.939
2284.700 1681.003
2771.853 1290.091
2581.473 1748.590
2322.561 1456.862
2455.447 1287.474
2764.778 1454.154
2707.227 1662.861
2420.703 1676.808
2333.805 1555.970
2790.871 1530.844
2734.658 1702.265
2780.929 1587.128
2550.011 1516.797
2721.425 1289.101
2504.544 1392.697
2326.318 1239.823
2793.797 1497.682
2579.172 1587.586
2595.464 1310.751
2801.624 1769.788
2319.240 1655.590
2522.520 1454.182
2609.192 1595.165
2326.506 1428.419
2824.203 1252.490
2429.715 1358.823
2486.591 1345.193
2737.321 1363.173
2694.989 1277.462
2334.867 1640.254
2272.953 1575.908
2781.010 1741.715
2386.765 1330.575
2384.806 1769.510
2604.755 1251.776
2720.906 1443.427
2351.310 1620.868
2543.030 1502.945
2572.492 1397.218
2500.175 1486.624
2556.194 1404.468
2387.375 1455.430
2382.900 1494.909
2659.996 1417.505
2566.462 1723.496
2754.218 1466.181
2639.449 1619.602
2479.918 1258.344
2545.088 1535.922
2546.986 1719.510
2667.729 1636.703
2767.677 1743.885
2757.470 1692.497
2797.893 1306.050
2746.115 1448.111
2512.203 1621.020
2351.044 1777.304
2732.465 1732.284
2292.748 1767.619
2545.184 1379.488
2538.613 1447.458
2777.003 1338.847
2510.298 1345.622
2608.715 1352.185
2434.033 1679.154
2641.284 1606.384
2450.853 1424.484
2511.389 1405.943
2273.093 1679.794
2591.668 1670.569
2606.683 1531.813
2502.733 1429.874
2405.915 1775.529
2810.447 1752.116
2666.286 1729.833
2558.795 1337.785
2792.312 1306.510
2576.855 1474.289
2478.298 1553.864
2500.806 1376.836
2633.784 1309.700
2284.574 1546.972
2434.895 1465.162
2425.158 1418.596
2551.918 1710.972
2473.268 1525.963
2458.759 1683.978
2455.440 1326.883
2650.868 1676.850
2517.470 1636.442
2644.881 1460.501
2766.223 1751.194
2413.637 1231.072
2273.168 1353.074
2436.837 1380.914
2299.185 1592.840
2580.760 1462.719
2784.425 1731.203
2590.068 1778.703
2777.611 1284.815
2605.452 1319.495
2761.981 1520.851
2579.612 1572.448
2796.777 1556.160
2718.060 1420.118
2396.468 1707.978
2810.943 1497.552
2328.894 1648.595
2504.777 1412.244
2752.782 1458.233
2621.637 1470.854
2432.135 1401.530
2480.832 1237.702
2549.071 1685.014
2605.131 1536.316
2716.857 1482.788
2635.715 1672.923
2439.569 1380.322
2578.708 1264.029
2685.790 1737.195
2723.346 1505.648
2474.935 1610.339
2717.440 1318.315
2540.347 1466.559
2348.876 1327.870
2824.647 1263.758
2647.405 1356.308
2727.091 1261.295
2813.661 1733.099
2661.578 1640.026
2315.696 1296.987
2401.521 1545.906
2357.762 1636.157
2712.334 1227.049
2382.423 1339.022
2513.216 1507.827
2572.150 1563.437
2509.245 1706.093
2513.634 1326.022
2463.533 1524.529
2543.016 1558.496
2669.541 1598.447
2350.559 1498.788
2805.082 1348.505
2690.587 1305.543
2522.039 1397.066
2471.389 1343.276
2323.600 1247.977
2618.652 1372.215
2818.498 1732.644
2311.580 1655.250
2772.035 1586.553
2389.968 1288.946
2769.944 1484.606
2304.061 1298.146
2340.298 1258.712
2448.251 1352.209
2306.160 1657.178
2355.079 1285.093
2441.476 1687.119
2440.770 1684.206
2484.934 1668.387
2592.256 1608.900
2392.028 1560.444
2507.481 1358.838
2691.630 1471.010
2473.844 1412.730
2497.389 1598.881
2340.962 1356.292
2722.467 1676.472
2325.273 1502.758
2551.240 1731.855
2448.093 1563.997
2695.614 1731.226
2492.664 1310.995
2694.036 1243.521
2805.753 1702.423
2653.358 1358.028
2451.609 1399.388
2826.393 1676.130
2461.598 1688.371
2605.586 1250.370
2710.326 1708.009
2487.139 1361.422
2513.571 1667.573
2482.895 1579.059
2327.472 1277.400
2470.443 1280.258
2506.841 1266.250
2596.427 1746.311
2720.450 1399.410
2659.669 1434.343
2491.498 1464.613
2622.999 1304.740
2730.163 1507.932
2524.544 1457.241
2276.786 1239.791
2586.066 1347.776
2725.297 1623.456
2576.495 1714.317
2626.790 1736.465
2498.252 1231.300
2500.233 1377.048
2797.168 1356.595
2735.585 1513.544
2334.617 1641.568
2304.640 1274.214
2308.612 1260.937
2332.018 1382.550
2542.653 1267.572
2344.947 1435.929
2700.312 1299.300
2562.545 1412.454
2444.873 1673.417
2276.104 1464.122
2633.144 1603.553
2624.872 1259.078
2273.606 1234.512
2307.009 1653.473
2379.741 1573.570
2738.172 1460.047
2540.278 1539.889
2531.655 1699.359
2465.349 1458.969
2428.314 1474.419
2700.933 1635.098
2600.580 1315.945
2390.250 1742.983
2756.602 1522.344
2639.828 1286.420
2523.215 1545.059
2689.557 1491.051
2524.117 1717.018
2569.834 1743.058
2789.854 1500.524
2363.910 1768.898
2595.830 1566.311
2305.001 1713.821
2387.747 1709.961
2347.334 1399.348
2387.175 1603.123
2794.316 1274.079
2792.051 1439.959
2350.436 1511.422
2787.152 1251.532
2385.294 1308.616
2542.189 1451.146
2774.883 1698.266
2549.693 1709.949
2599.328 1639.650
2820.128 1610.845
2503.571 1385.017
2418.617 1475.641
2807.041 1227.005
2777.148 1305.233
2826.558 1668.995
2516.734 1586.574
2542.208 1425.203
2316.491 1290.407
2388.766 1621.893
2537.375 1248.248
2622.720 1527.541
2413.296 1482.768
2646.927 1541.867
2330.822 1628.670
2828.244 1252.527
2434.514 1764.373
2275.758 1292.973
2518.745 1510.412
2346.707 1685.364
2820.765 1523.692
2393.744 1592.972
2760.387 1470.349
2495.054 1726.189
2486.721 1734.111
2759.155 1440.080
2378.511 1429.030
2463.862 1624.731
2636.705 1337.411
2823.239 1666.502
2531.871 1357.737
2422.762 1329.132
2751.431 1399.519
2457.434 1353.922
2378.462 1414.452
2768.594 1750.537
2693.976 1688.620
2369.476 1277.113
2508.829 1723.552
2791.333 1458.484
2354.067 1741.130
2424.782 1263.477
2444.217 1234.253
2562.507 1614.562
2327.381 1616.093
2352.097 1501.256
2482.693 1456.362
2620.323 1770.761
2757.876 1767.275
2641.357 1594.083
2315.585 1454.804
2677.853 1607.969
2632.650 1651.016
2420.210 1345.505
2811.353 1688.538
2555.348 1760.824
2797.628 1409.789
2622.965 1572.902
2344.879 1642.805
2677.052 1640.552
2277.530 1468.336
2345.826 1700.321
2443.166 1521.400
2533.622 1346.398
2429.820 1474.484
2628.198 1531.316
2397.300 1413.109
2527.087 1500.576
2500.293 1682.672
2364.470 1398.781
2521.465 1417.079
2334.508 1649.476
2363.281 1264.030
2424.647 1296.859
2735.786 1430.106
2383.939 1383.960
2338.931 1320.871
2579.937 1514.992
2524.536 1753.248
2547.943 1379.628
2446.162 1641.319
2516.013 1276.995
2567.608 1698.853
2715.486 1679.589
2386.223 1282.445
2304.588 1704.145
2722.274 1516.430
2511.663 1332.058
2515.066 1225.475
2576.981 1408.712
2785.015 1386.107
2342.021 1500.368
2435.636 1237.378
2584.640 1389.096
2666.777 1772.210
2331.549 1771.711
2650.290 1500.907
2646.751 1542.681
2331.188 1321.722
2803.603 1529.382
2728.219 1445.651
2813.715 1582.693
2795.047 1712.460
2344.665 1440.362
2540.060 1409.262
2392.410 1732.608
2456.648 1540.720
2369.803 1607.038
2328.105 1605.699
2797.223 1534.494
2584.302 1561.863
2641.550 1261.434
2300.919 1353.124
2291.521 1361.697
2404.293 1506.903
2484.587 1410.316
2333.239 1275.271
2439.110 1382.009
2355.290 1473.350
2435.438 1769.015
2750.132 1720.504
2723.107 1364.299
2347.269 1508.573
2494.894 1677.005
2560.400 1765.984
2764.795 1299.564
2693.751 1251.838
2543.189 1682.457
2762.153 1611.788
2282.638 1617.449
2718.824 1610.932
2820.970 1734.838
2740.192 1235.397
2708.834 1492.909
2301.596 1442.836
2518.711 1291.802
2397.713 1741.324
2273.267 1741.065
2545.859 1277.872
2590.797 1479.302
2400.348 1434.654
2309.241 1431.671
2307.838 1602.593
2806.350 1337.825
2436.604 1678.272
2688.551 1701.083
2497.914 1296.500
2401.501 1287.674
2441.151 1288.197
2564.978 1305.682
2743.104 1369.545
2479.289 1565.580
2479.230 1673.923
2390.330 1357.892
2442.921 1758.684
2323.397 1596.826
2406.053 1282.443
2802.913 1700.794
2549.400 1628.954
2715.600 1717.300
2711.376 1736.270
2279.467 1458.166
2371.202 1352.822
2338.745 1754.182
2388.532 1666.525
2613.352 1440.868
2460.483 1463.668
2599.287 1739.389
2456.772 1332.475
2453.268 1456.717
2303.546 1264.094
2789.325 1437.303
2346.768 1729.417
2661.446 1365.127
2573.352 1732.965
2730.058 1240.458
2763.053 1497.536
2588.923 1432.995
2402.688 1517.991
2661.394 1454.305
2758.503 1456.851
2762.656 1667.745
2533.020 1717.975
2342.349 1285.896
2758.556 1690.745
2827.293 1513.797
2743.995 1474.580
2276.502 1670.236
2494.506 1529.071
2458.550 1638.385
2802.692 1463.919
2338.922 1336.382
2700.684 1468.793
2625.329 1477.782
2766.085 1572.697
2706.521 1462.784
2727.290 1270.096
2415.785 1539.086
2346.811 1329.634
2706.907 1616.503
2403.824 1413.171
2420.491 1618.519
2378.260 1678.181
2597.268 1754.936
2327.933 1702.666
2408.129 1347.900
2509.535 1568.146
2290.714 1348.223
2625.139 1654.930
2700.386 1770.818
2444.608 1686.461
2379.701 1469.222
2278.086 1758.347
2305.696 1667.304
2652.837 1576.735
2822.524 1612.204
2350.380 1293.358
2517.291 1413.314
2429.445 1696.338
2461.154 1264.855
2466.008 1564.551
2757.447 1610.952
2408.353 1487.511
2698.795 1337.557
2551.730 1477.161
2391.490 1314.584
2460.071 1409.592
2408.025 1547.713
2374.443 1764.946
2512.694 1462.136
2318.396 1392.374
2635.432 1294.312
2355.714 1320.559
2371.444 1423.331
2339.132 1614.257
2808.843 1339.561
2679.004 1514.568
2500.626 1715.121
2619.527 1585.091
2402.970 1403.860
2689.352 1453.072
2534.465 1400.049
2642.798 1410.116
2294.898 1552.997
2462.241 1254.578
2707.361 1229.453
2577.136 1423.824
2347.677 1226.585
2529.338 1489.127
2433.272 1362.453
2314.393 1300.942
2764.726 1703.523
2307.789 1734.872
2606.826 1638.970
2317.421 1764.663
2617.651 1316.196
2771.103 1319.998
2784.441 1267.956
2702.167 1515.881
2709.202 1737.239
2633.342 1700.660
2384.305 1230.223
2401.803 1375.876
2391.905 1446.848
2311.257 1544.637
2798.868 1352.805
2387.420 1727.161
2324.040 1473.902
2475.825 1724.299
2458.684 1599.724
2692.621 1436.951
2475.309 1236.704
2319.870 1742.605
2619.060 1732.426
2622.475 1281.112
2498.925 1399.275
2714.821 1434.484
2452.217 1704.952
2781.435 1711.938
2296.722 1233.569
2366.946 1677.439
2299.822 1251.232
2800.386 1773.669
2366.229 1527.275
2463.370 1649.923
2708.114 1529.453
2535.176 1637.012
2632.311 1739.828
2368.015 1234.464
2655.934 1536.129
2631.633 1293.773
2354.772 1330.511
2823.607 1642.834
2374.883 1661.725
2655.033 1296.058
2635.208 1342.423
2578.609 1497.642
2801.538 1492.685
2435.140 1682.875
2772.187 1535.577
2593.518 1768.771
2623.038 1274.756
2506.813 1330.221
2331.768 1623.637
2460.405 1738.981
2318.755 1768.056
2749.280 1490.166
2580.472 1745.134
2704.825 1392.549
2407.634 1457.229
2558.299 1553.801
2790.561 1231.424
2307.884 1282.886
2453.735 1372.294
2359.920 1286.894
2787.227 1282.311
2769.674 1610.813
2630.365 1737.284
2770.897 1573.186
2536.595 1691.231
2618.857 1507.414
2747.141 1502.995
2813.938 1546.124
2785.552 1289.312
2584.008 1724.988
2390.689 1430.118
2293.554 1605.876
2562.783 1309.578
2603.637 1266.435
2611.671 1294.365
2538.678 1754.096
2522.126 1549.105
2454.781 1399.544
2464.317 1470.092
2490.467 1590.032
2321.969 1357.806
2350.169 1658.853
2701.288 1628.101
2273.277 1314.021
2596.280 1478.278
2704.900 1246.713
2734.178 1643.878
2439.850 1572.668
2675.561 1735.553
2686.065 1693.856
2464.257 1674.468
2508.208 1749.078
2388.384 1391.323
2791.381 1466.678
2805.051 1633.751
2410.823 1234.064
2395.243 1740.306
2420.117 1298.737
2659.348 1671.249
2669.115 1754.260
2557.809 1370.214
2764.839 1609.854
2504.810 1514.111
2811.275 1327.135
2468.802 1566.915
2463.904 1691.388
2501.703 1433.406
2426.485 1482.130
2357.521 1437.031
2817.338 1582.506
2650.339 1499.781
2393.923 1427.293
2277.156 1477.368
2602.090 1389.074
2761.555 1340.652
2630.292 1247.617
2807.727 1622.785
2688.492 1372.983
2576.636 1749.205
2304.951 1642.260
2447.745 1704.039
2655.651 1731.570
2518.227 1308.850
2539.628 1733.157
2370.254 1648.503
2286.630 1772.574
2442.885 1334.651
2531.738 1560.265
2654.154 1323.874
2566.243 1634.241
2776.727 1532.363
2424.250 1285.657
2438.291 1710.235
2310.777 1669.367
2669.436 1743.673
2507.104 1331.126
2308.966 1688.604
2395.687 1354.789
2569.636 1295.689
2704.456 1769.704
2815.938 1763.270
2617.472 1314.694
2583.796 1603.503
2632.063 1588.124
2403.758 1506.963
2547.624 1386.568
2540.289 1668.888
2612.207 1643.374
2432.054 1777.454
2286.814 1283.588
2494.279 1385.008
2670.394 1654.465
2728.757 1512.716
2794.683 1490.659
2782.362 1731.324
2779.550 1340.279
2611.155 1622.061
2696.420 1476.100
2416.788 1328.720
2364.361 1335.034
2681.986 1659.782
2769.246 1698.116
2556.962 1749.420
2494.323 1266.951
2684.028 1775.154
2713.443 1665.669
2330.262 1669.572
2667.489 1715.774
2481.937 1561.357
2420.179 1674.905
2550.135 1342.901
2416.281 1707.015
2819.919 1743.350
2486.983 1346.168
2475.468 1690.760
2630.940 1304.220
2500.934 1687.330
2295.328 1561.412
2424.570 1666.707
2435.017 1708.624
2675.243 1692.492
2529.706 1692.842
2316.070 1763.816
2507.614 1537.819
2541.173 1427.774
2497.398 1721.422
2521.002 1243.341
2385.259 1773.505
2308.531 1418.691
2695.539 1758.470
2819.637 1670.198
2320.109 1527.080
2504.384 1269.112
2751.775 1426.306
2548.910 1304.410
2549.864 1476.004
2730.565 1743.981
2762.684 1637.749
2633.069 1514.144
2350.036 1729.132
2618.924 1433.167
2528.479 1765.665
2317.821 1604.375
2468.135 1697.321
2397.783 1620.239
2599.526 1228.567
2534.705 1591.290
2741.954 1623.356
2678.083 1463.938
2626.796 1726.662
2290.146 1559.814
2538.615 1470.132
2613.328 1408.896
2543.396 1617.458
2517.934 1610.660
2343.659 1356.648
2434.021 1271.184
2505.970 1469.990
2586.602 1743.929
2583.355 1487.682
2312.397 1447.233
2386.150 1509.165
2773.667 1459.559
2517.789 1641.950
2357.774 1522.203
2672.978 1265.810
2365.753 1529.337
2416.621 1355.836
2554.079 1763.955
2764.636 1529.363
2360.037 1597.255
2383.878 1708.459
2755.132 1371.857
2459.650 1253.688
2385.955 1730.267
2337.050 1451.010
2388.905 1730.107
2520.560 1414.046
2354.949 1511.056
2625.025 1235.913
2418.036 1322.931
2372.195 1738.659
2421.106 1318.227
2340.961 1664.675
2310.910 1336.333
2642.048 1359.469
2547.686 1764.594
2495.031 1592.351
2695.285 1565.119
2305.921 1620.406
2451.254 1239.040
2600.697 1468.831
2531.272 1429.274
2646.403 1626.459
2788.335 1281.692
2658.091 1325.301
2444.379 1510.128
2710.787 1332.121
2719.852 1679.692
2482.575 1375.241
2767.357 1350.161
2434.013 1310.594
2424.006 1256.374
2710.817 1774.518
2341.708 1432.465
2314.573 1699.434
2819.488 1732.063
2282.525 1312.695
2294.342 1693.906
2293.341 1507.267
2796.579 1693.630
2496.871 1736.407
2584.049 1238.637
2321.318 1430.317
2489.663 1371.724
2688.844 1236.642
2806.284 1343.475
2525.809 1628.320
2276.690 1687.925
2603.434 1553.333
2563.090 1759.497
2292.512 1356.352
2395.921 1346.860
2657.480 1365.611
2590.541 1490.273
2491.691 1509.686
2469.482 1749.793
2728.019 1651.096
2752.356 1703.788
2403.692 1274.007
2534.764 1439.743
2434.885 1593.831
2824.704 1245.084
2515.109 1769.002
2562.681 1277.422
2376.965 1670.959
2537.374 1601.810
2579.661 1752.165
2671.970 1688.727
2663.146 1730.990
2671.384 1407.392
2761.489 1775.017
2715.852 1641.684
2569.200 1298.694
2657.356 1679.546
2555.532 1719.520
2347.761 1401.359
2333.261 1321.444
2331.068 1674.980
2345.417 1526.702
2745.241 1540.292
2586.162 1290.994
2314.974 1494.664
2558.930 1641.589
2457.279 1734.655
2571.307 1451.449
2482.535 1647.174
2679.909 1601.074
2517.367 1415.552
2360.161 1419.952
2556.513 1590.371
2701.618 1666.367
2535.130 1567.675
2561.848 1595.166
2447.243 1628.283
2356.367 1440.686
2419.624 1695.442
2507.862 1303.228
2483.286 1496.449
2485.553 1573.732
2401.879 1258.407
2616.970 1470.636
2755.724 1499.348
2542.000 1333.483
2327.082 1451.370
2582.901 1380.307
2690.260 1490.547
2362.950 1609.389
2359.180 1382.177
2775.253 1747.065
2502.984 1470.750
2652.863 1721.462
2598.880 1744.065
2614.061 1696.083
2312.447 1233.059
2652.528 1288.160
2817.466 1446.365
2788.346 1572.801
2733.599 1250.554
2514.299 1645.979
2748.544 1287.898
2413.585 1320.706
2672.883 1711.429
2600.209 1300.598
2605.620 1495.986
2459.857 1518.138
2659.882 1631.399
2481.887 1288.886
2451.347 1655.499
2790.502 1595.391
2621.108 1293.402
2516.014 1634.789
2377.304 1586.009
2474.489 1721.168
2386.364 1499.448
2302.778 1652.998
2809.460 1341.360
2789.196 1360.430
2758.505 1473.386
2791.107 1503.481
2454.977 1293.026
2273.663 1521.958
2520.835 1410.843
2450.692 1650.541
2653.731 1547.586
2414.524 1467.677
2645.810 1518.027
2704.572 1369.175
2686.786 1383.762
2461.295 1362.255
2788.594 1294.938
2677.532 1378.004
2410.809 1541.294
2764.633 1253.802
2372.268 1492.438
2760.254 1262.190
2478.822 1542.187
2538.787 1436.613
2621.476 1487.186
2682.871 1599.088
2467.650 1258.577
2548.101 1430.513
2462.322 1491.413
2655.856 1732.714
2488.487 1322.488
2693.482 1611.664
2625.010 1338.833
2702.614 1286.368
2287.860 1688.122
2357.309 1296.662
2704.440 1351.486
2431.237 1396.376
2639.720 1714.459
2593.755 1379.351
2825.881 1760.333
2408.374 1759.337
2380.298 1313.267
2470.021 1581.615
2632.759 1374.242
2420.072 1434.754
2664.817 1699.577
2408.023 1436.973
2280.044 1715.677
2444.842 1457.979
2582.033 1480.038
2463.307 1775.953
2812.864 1695.177
2699.390 1609.292
2357.972 1633.025
2542.283 1567.185
2332.875 1528.860
2702.411 1235.734
2282.852 1577.986
2681.416 1715.118
2696.906 1687.210
2497.185 1663.153
2758.937 1392.755
2665.941 1675.068
2354.882 1281.984
2568.291 1253.528
2507.189 1609.890
2292.945 1621.268
2556.911 1367.135
2407.700 1627.983
2355.918 1425.204
2694.437 1227.220
2569.615 1245.277
2417.151 1243.380
2515.303 1709.293
2380.954 1446.858
2819.495 1397.850
2508.390 1706.882
2521.743 1615.803
2715.995 1623.395
2577.955 1726.424
2313.588 1648.297
2642.126 1693.788
2595.235 1287.954
2792.287 1531.077
2332.591 1618.777
2728.927 1544.375
2502.731 1401.567
2810.217 1301.455
2731.859 1652.551
2542.029 1446.317
2754.296 1570.804
2321.477 1512.748
2415.520 1322.253
2545.306 1604.979
2682.585 1350.996
2346.359 1761.779
2424.169 1559.388
2469.243 1639.561
2297.308 1404.425
2392.742 1248.500
2755.671 1406.542
2340.107 1261.515
2658.402 1623.230
2639.174 1577.602
2649.516 1289.963
2300.913 1759.865
2399.091 1581.305
2672.355 1491.158
2698.046 1421.510
2470.231 1448.794
2557.336 1576.638
2797.880 1419.372
2385.932 1637.599
2823.150 1498.210
2574.089 1553.018
2457.913 1716.274
2598.818 1286.214
2777.309 1716.960
2400.928 1664.564
2552.122 1652.380
2447.600 1378.377
2387.509 1566.552
2495.779 1360.263
2501.569 1511.734
2649.399 1476.127
2372.722 1224.131
2274.442 1376.114
2668.877 1283.354
2418.273 1766.777
2544.994 1265.838
2672.296 1236.139
2465.653 1431.417
2812.440 1657.616
2762.142 1492.381
2348.632 1366.883
2355.906 1618.479
2301.381 1446.942
2445.616 1413.822
2694.989 1289.293
2656.598 1690.362
2493.854 1376.033
2802.787 1593.194
2398.250 1622.077
2817.164 1349.195
2286.381 1437.546
2457.074 1370.422
2656.118 1687.283
2442.020 1600.150
2620.388 1697.604
2350.435 1389.151
2719.229 1754.540
2470.448 1590.100
2295.849 1386.328
2299.326 1623.346
2544.360 1724.409
2541.639 1358.052
2344.030 1602.483
2685.647 1710.454
2767.325 1452.685
2756.459 1664.781
2338.968 1598.271
2717.065 1720.838
2649.070 1589.779
2275.813 1603.206
2326.779 1544.409
2406.355 1306.955
2552.431 1763.786
2282.551 1602.695
2800.382 1708.215
2822.586 1605.299
2292.576 1515.022
2629.969 1360.632
2538.423 1637.939
2633.263 1442.283
2364.804 1701.679
2585.851 1658.627
2643.826 1577.773
2689.031 1428.556
2385.031 1404.206
2561.917 1234.548
2380.287 1263.697
2716.966 1549.179
2783.809 1420.383
2608.780 1411.857
2736.705 1718.362
2539.281 1752.244
2759.321 1292.069
2670.338 1357.691
2338.072 1535.549
2637.937 1400.255
2434.034 1547.692
2418.925 1579.970
2559.779 1249.414
2492.222 1659.427
2438.926 1253.113
2336.712 1360.863
2411.743 1294.969
2527.557 1770.276
2768.357 1494.177
2665.045 1498.957
2310.326 1778.645
2616.429 1752.086
2602.419 1732.386
2578.908 1344.121
2452.315 1427.662
2367.241 1419.263
2386.631 1412.146
2587.333 1326.466
2393.368 1692.221
2626.681 1577.959
2444.195 1271.240
2543.125 1310.243
2308.200 1674.003
2424.791 1488.327
2411.024 1483.647
2452.844 1249.456
2537.513 1256.825
2801.051 1293.768
2304.318 1331.601
2739.168 1423.631
2524.244 1306.787
2622.623 1237.458
2354.224 1331.016
2639.976 1418.875
2292.959 1667.446
2654.344 1771.062
2712.688 1267.053
2529.986 1658.557
2443.699 1297.894
2653.960 1599.008
2445.663 1720.894
2435.994 1312.406
2477.259 1418.369
2370.174 1448.226
2473.856 1650.841
2753.744 1586.150
2520.543 1552.499
2709.635 1287.953
2570.423 1553.272
2400.579 1292.086
2281.483 1341.375
2672.511 1513.311
2777.738 1244.367
2599.541 1377.210
2547.867 1704.213
2735.342 1337.136
2392.558 1603.904
2556.394 1695.132
2588.432 1745.905
2492.235 1405.809
2468.390 1637.796
2278.347 1673.726
2298.511 1481.405
2708.381 1451.059
2333.066 1292.192
2472.882 1422.195
2464.783 1633.524
2575.617 1408.353
2698.010 1389.501
2507.288 1442.402
2278.339 1309.972
2471.125 1418.326
2521.087 1328.838
2446.297 1337.500
2565.249 1646.383
2496.986 1476.554
2654.794 1314.167
2444.411 1324.630
2659.662 1684.343
2712.011 1619.566
2615.682 1228.427
2619.174 1737.851
2543.250 1350.858
2657.881 1583.002
2725.386 1468.212
2573.978 1695.714
2591.689 1443.742
2558.152 1735.141
2400.280 1311.612
2325.765 1255.298
2783.455 1565.913
2356.761 1668.805
2635.373 1687.382
2361.593 1259.978
2686.359 1403.769
2566.613 1302.788
2621.798 1375.036
2688.315 1733.160
2684.282 1505.631
2508.212 1436.303
2345.175 1741.370
2620.367 1398.852
2670.230 1477.630
2308.293 1696.270
2523.288 1287.696
2395.736 1740.669
2637.144 1486.426
2671.128 1715.602
2314.031 1749.102
2581.014 1694.824
2349.114 1745.824
2810.648 1566.369
2779.567 1379.784
2596.721 1429.586
2356.250 1434.398
2590.448 1461.423
2580.971 1586.259
2760.201 1761.185
2672.808 1547.911
2538.288 1729.406
2489.908 1657.027
2630.616 1393.434
2587.012 1298.520
2463.464 1325.065
2756.947 1337.574
2659.866 1449.448
2755.308 1512.713
2684.211 1639.533
2772.884 1433.189
2363.382 1492.692
2826.207 1254.928
2482.556 1292.624
2511.753 1389.461
2422.252 1549.587
2343.285 1453.196
2444.832 1392.949
2723.408 1603.086
2656.924 1407.839
2720.990 1740.802
2374.083 1409.077
2500.599 1544.959
2633.227 1618.873
2540.928 1335.018
2396.388 1487.257
2529.861 1774.446
2305.876 1342.140
2747.668 1625.453
2791.254 1316.907
2820.963 1309.975
2538.009 1596.948
2560.370 1227.241
2541.486 1469.658
2436.981 1519.334
2569.804 1775.458
2674.097 1525.203
2553.292 1542.933
2646.052 1441.560
2555.177 1532.003
2359.476 1578.328
2765.525 1510.518
2638.304 1224.937
2826.542 1564.969
2733.020 1643.142
2666.589 1373.003
2596.479 1428.314
2353.885 1292.354
2392.584 1778.451
2512.197 1709.353
2781.694 1479.243
2497.625 1555.730
2369.858 1539.514
2712.991 1430.780
2748.638 1297.892
2625.973 1558.501
2542.821 1740.073
2655.874 1309.066
2789.403 1532.765
2609.287 1431.343
2360.247 1574.516
2408.710 1634.611
2518.877 1403.249
2512.619 1679.542
2718.071 1241.567
2675.740 1245.376
2286.386 1565.602
2419.481 1445.233
2593.243 1243.782
2404.652 1257.602
2708.870 1732.983
2346.080 1581.410
2480.080 1536.824
2457.656 1603.619
2355.961 1424.349
2355.295 1344.348
2405.609 1399.616
2317.025 1668.546
2808.920 1445.931
2364.871 1636.045
2445.059 1583.401
2620.350 1454.010
2574.613 1615.330
2316.300 1328.076
2359.102 1624.959
2449.981 1693.854
2677.657 1261.164
2471.853 1488.008
2783.897 1715.633
2544.487 1274.049
2459.425 1248.822
2453.867 1715.649
2577.116 1441.866
2360.498 1574.811
2577.525 1566.898
2443.358 1375.882
2539.882 1603.039
2618.148 1446.696
2567.698 1593.614
2541.973 1594.510
2818.644 1327.563
2676.160 1238.653
2774.312 1408.502
2682.639 1528.514
2663.745 1505.696
2536.705 1456.814
2395.156 1387.565
2435.497 1253.227
2552.927 1737.881
2687.559 1432.226
2721.977 1684.106
2664.152 1406.572
2613.857 1708.870
2691.584 1731.274
2731.998 1754.624
2405.381 1378.386
2484.968 1756.899
2612.813 1703.873
2672.561 1578.770
2562.406 1258.928
2807.266 1368.400
2419.723 1613.547
2404.574 1760.695
2284.195 1357.661
2666.898 1765.123
2815.497 1699.853
2452.955 1626.229
2662.272 1599.538
2367.728 1766.629
2380.581 1469.473
2445.287 1305.128
2526.267 1510.202
2446.000 1287.337
2570.117 1615.189
2351.689 1646.823
2597.390 1619.624
2799.087 1731.292
2535.806 1537.673
2624.759 1327.482
2302.600 1554.755
2435.826 1692.114
2739.669 1395.242
2668.771 1238.769
2646.894 1582.803
2608.551 1360.923
2440.618 1769.906
2600.453 1564.508
2485.742 1405.766
2754.467 1466.260
2588.797 1592.562
2512.639 1401.683
2632.021 1384.255
2703.694 1578.999
2447.409 1477.205
2637.607 1420.952
2665.939 1703.051
2607.384 1732.805
2339.890 1434.202
2335.636 1651.127
2811.369 1265.639
2443.415 1666.257
2460.158 1566.849
2656.777 1660.699
2553.136 1647.508
2670.281 1638.329
2779.420 1347.285
2654.164 1534.729
2387.344 1638.412
2530.677 1718.770
2792.646 1282.574
2813.594 1246.773
2412.766 1330.051
2418.509 1556.544
2644.866 1401.931
2380.905 1268.366
2286.582 1720.106
2671.409 1665.507
2319.041 1296.197
2331.636 1776.108
2534.105 1479.661
2618.500 1392.864
2748.802 1756.504
2291.349 1762.231
2550.360 1650.994
2345.795 1358.004
2321.037 1268.189
2344.201 1480.115
2436.382 1379.925
2574.114 1514.991
2589.557 1554.331
2535.709 1335.205
2408.006 1650.298
2793.081 1329.824
2722.409 1601.769
2661.826 1620.388
2484.622 1603.880
2432.167 1552.259
2284.341 1754.214
2368.498 1230.043
2713.982 1755.217
2727.955 1240.517
2688.340 1409.722
2504.413 1490.726
2360.433 1571.180
2452.204 1496.052
2332.675 1669.115
2805.186 1694.740
2509.315 1376.223
2442.355 1584.826
2788.025 1757.861
2820.829 1503.190
2366.660 1616.292
2319.821 1765.063
2514.881 1438.319
2790.066 1697.624
2457.563 1343.962
2596.112 1569.787
2674.810 1395.481
2274.296 1524.301
2304.976 1598.622
2431.372 1738.350
2613.143 1465.897
2653.538 1728.688
2483.062 1276.952
2628.621 1436.508
2614.257 1777.339
2332.528 1394.688
2380.681 1333.690
2329.361 1533.751
2477.714 1620.557
2281.847 1571.576
2546.631 1520.286
2821.007 1731.648
2430.032 1226.843
2773.012 1276.552
2618.327 1552.249
2289.710 1523.248
2314.398 1573.134
2334.434 1671.669
2425.198 1630.477
2528.608 1357.571
2575.093 1565.661
2754.300 1309.540
2526.941 1346.627
2450.320 1311.766
2488.147 1693.077
2509.453 1677.822
2342.956 1714.821
2597.377 1493.113
2721.913 1401.749
2490.275 1442.778
2298.704 1397.618
2712.977 1438.265
2826.617 1310.888
2375.864 1537.667
2665.597 1356.201
2632.224 1646.608
2309.270 1294.210
2364.742 1518.593
2474.840 1371.658
2423.921 1619.273
2446.493 1525.044
2724.951 1665.933
2642.832 1694.363
2621.716 1283.075
2354.252 1564.390
2611.869 1369.924
2326.554 1522.716
2366.411 1225.485
2801.405 1407.400
2824.063 1630.845
2625.442 1624.829
2577.809 1669.208
2601.450 1682.219
2634.871 1419.727
2761.833 1448.181
2595.617 1498.147
2546.412 1494.468
2607.510 1517.887
2481.279 1261.561
2780.039 1524.306
2790.542 1714.381
2545.746 1415.731
2431.104 1324.026
2592.909 1646.408
2299.721 1699.475
2504.328 1225.825
2803.443 1677.028
2672.918 1293.884
2758.809 1631.387
2346.495 1354.469
2456.738 1572.327
2452.522 1352.569
2743.628 1237.586
2374.414 1770.009
2360.539 1368.412
2825.172 1691.945
2722.017 1554.515
2553.336 1328.221
2640.042 1344.288
2489.177 1421.132
2507.868 1746.311
2805.032 1450.502
2404.872 1754.939
2510.088 1462.041
2549.155 1682.312
2348.896 1383.256
2623.653 1633.632
2333.693 1451.222
2619.668 1767.541
2422.049 1768.209
2585.638 1281.486
2376.305 1370.962
2818.371 1500.748
2482.813 1366.915
2684.765 1369.605
2778.457 1763.941
2633.287 1393.811
2518.029 1432.501
2465.763 1385.987
2625.148 1645.334
2576.371 1677.049
2684.717 1570.356
2575.727 1764.149
2335.117 1522.038
2560.196 1601.538
2685.389 1717.213
2826.208 1668.174
2343.670 1525.762
2756.672 1640.804
2534.716 1618.992
2697.774 1489.910
2576.841 1273.076
2501.804 1328.492
2696.262 1422.468
2489.344 1275.177
2613.673 1494.751
2573.160 1237.359
2308.634 1617.216
2398.323 1480.090
2798.497 1416.855
2520.715 1255.177
2303.257 1359.942
2681.003 1644.854
2817.588 1378.917
2445.819 1336.366
2607.473 1304.604
2461.171 1285.667
2738.841 1487.521
2469.365 1691.825
2355.812 1410.448
2508.903 1373.352
2617.236 1363.693
2340.220 1470.329
