10000 80
50.0 50.0
14.62 98.093
64.383 1.542
89.536 74.228
8.799 56.782
17.895 94.969
70.903 39.341
57.965 10.582
41.228 72.884
44.049 35.444
96.342 47.298
64.412 95.112
84.061 74.862
73.1 62.439
97.08 0.592
27.229 88.022
51.315 10.719
2.333 12.851
41.878 74.842
97.951 72.596
45.151 42.678
69.153 62.753
3.671 65.242
85.317 79.002
64.424 92.195
95.375 15.246
75.277 96.479
12.023 16.738
69.486 70.025
16.592 74.7
7.548 59.661
30.26 51.334
0.396 25.075
49.673 55.763
7.35 21.445
98.471 43.326
3.037 82.823
17.813 27.667
13.189 77.199
91.926 51.136
73.713 50.068
88.954 32.067
62.908 19.061
75.821 52.845
51.644 93.28
63.227 57.316
76.577 3.998
73.419 87.548
5.624 87.159
13.387 9.738
68.7 8.628
97.056 38.245
65.875 29.504
4.85 90.644
45.061 92.739
26.035 41.233
70.957 70.575
64.091 2.696
79.374 22.334
3.263 34.404
60.987 70.367
26.623 63.519
60.404 85.143
74.551 71.861
49.892 44.303
29.051 17.416
22.36 86.893
69.82 0.565
35.784 57.209
62.185 67.873
98.413 96.045
64.911 54.718
45.555 46.573
75.407 36.41
79.684 56.947
20.33 99.944
18.902 73.439
29.565 5.466
35.038 21.546
50.883 79.258
63.418 82.835
17.09 25.488
66.559 54.407
81.197 46.138
58.687 3.672
38.859 73.719
11.751 31.191
32.624 32.328
21.157 36.455
36.812 93.691
47.801 57.807
53.067 16.896
34.032 40.971
64.879 91.988
1.309 73.823
52.806 14.328
41.743 83.814
83.219 52.006
67.139 87.261
46.443 71.946
97.335 85.456
80.866 3.497
73.763 17.951
91.485 48.211
82.715 52.562
21.385 59.49
19.337 14.17
55.673 74.011
35.536 28.846
70.968 7.227
63.349 25.249
63.704 94.04
70.084 64.277
93.92 21.192
25.093 73.874
14.518 67.031
8.576 98.677
82.5 31.52
54.868 77.245
43.914 95.655
62.076 57.386
8.703 37.072
67.12 78.061
75.768 5.689
85.618 44.087
98.173 27.818
0.939 16.523
4.419 87.553
7.201 60.462
17.593 25.282
61.68 55.561
97.614 75.595
4.787 92.142
92.875 97.376
96.665 37.402
32.041 62.046
49.408 13.439
25.216 97.999
38.192 59.077
48.895 15.081
57.187 15.864
59.202 43.892
25.918 55.816
98.475 76.271
73.536 19.378
20.644 59.122
32.13 98.597
0.177 6.457
36.561 8.904
83.537 98.426
3.681 37.239
99.572 65.393
42.703 71.371
27.883 14.259
24.562 50.279
39.592 52.192
31.817 9.38
33.539 20.322
1.329 41.011
72.105 51.436
97.032 2.217
52.92 31.134
43.037 20.967
31.917 7.379
79.066 43.674
26.55 88.067
34.918 61.501
18.447 88.77
22.901 56.565
57.349 55.781
50.789 81.603
89.009 13.215
97.776 9.607
99.639 99.825
7.896 46.931
17.444 83.44
46.406 37.904
67.363 45.782
75.645 17.634
19.255 83.23
10.207 76.875
42.421 76.035
6.69 64.897
44.776 68.654
87.768 91.66
47.03 43.459
69.43 61.108
83.725 8.065
97.743 16.536
93.15 30.319
71.322 57.421
82.482 99.141
41.814 34.16
57.591 27.47
57.784 92.521
61.932 1.275
27.504 53.263
84.83 93.801
8.437 29.898
89.757 13.621
73.557 15.096
3.999 1.057
78.378 26.762
29.576 6.06
43.141 56.575
39.56 35.456
93.606 46.114
6.904 56.321
77.806 83.066
26.57 66.375
82.945 58.04
84.54 64.166
83.778 62.707
19.25 21.162
49.41 71.589
77.033 86.319
36.561 46.919
4.797 11.251
23.167 5.477
36.639 50.724
25.332 71.429
73.629 93.93
40.265 25.022
60.109 12.48
45.065 54.561
63.25 40.653
24.007 44.08
86.63 31.031
32.931 11.233
38.783 82.949
71.737 21.52
75.148 60.791
53.266 54.003
78.538 54.453
45.137 48.513
27.397 22.093
64.275 33.28
12.975 86.133
38.043 41.818
78.003 86.568
46.714 8.696
10.666 77.185
46.252 54.074
24.744 5.653
23.705 69.568
90.996 92.668
3.081 87.452
5.454 37.338
33.11 85.695
97.994 38.084
42.545 70.324
64.622 29.906
14.083 8.586
18.488 24.004
42.658 77.758
19.644 17.989
55.997 15.588
58.052 3.281
84.243 77.189
40.678 40.61
46.796 5.189
36.381 93.531
4.622 40.247
92.197 2.38
59.6 82.802
43.869 87.474
41.068 60.471
28.868 5.906
90.489 20.908
28.208 83.871
85.849 89.665
26.047 66.826
27.132 50.827
11.502 78.995
24.26 98.756
96.08 40.05
69.49 50.106
13.173 88.809
24.462 20.321
37.207 67.948
46.571 25.691
10.381 5.825
59.904 97.071
37.341 35.395
57.225 31.728
52.748 4.06
10.431 75.925
71.883 86.568
21.545 51.528
68.507 11.506
56.571 44.447
93.014 19.658
37.925 77.44
46.759 5.777
76.659 60.697
24.594 35.739
94.698 63.003
69.353 17.363
84.651 80.195
56.043 47.068
49.728 88.405
20.748 79.056
54.83 7.477
75.053 12.649
70.567 81.686
4.173 30.041
63.257 52.037
66.501 60.08
28.655 64.638
48.232 79.128
40.825 99.87
69.128 18.187
49.534 20.05
49.499 78.6
80.062 74.469
85.627 66.613
72.592 60.124
64.803 22.431
24.202 52.018
24.708 15.063
10.406 28.822
89.027 43.474
28.623 24.909
33.125 81.631
58.31 92.134
72.888 12.335
70.411 30.064
61.933 23.709
12.281 43.079
34.369 13.084
33.234 51.518
4.289 8.551
66.103 84.035
54.866 65.879
47.449 51.187
10.906 1.337
0.972 68.949
96.044 15.825
16.734 6.135
62.549 6.927
60.138 70.039
51.162 39.267
10.806 23.909
41.897 65.811
62.875 21.755
42.68 73.615
56.423 74.595
50.251 98.12
73.56 73.731
49.663 97.53
92.55 1.977
21.139 14.44
60.314 25.003
47.837 9.667
18.036 41.849
78.327 85.636
17.605 1.511
65.544 93.701
66.415 81.105
67.484 92.862
85.112 15.967
19.687 78.523
14.398 37.69
27.309 75.797
74.31 7.973
9.041 59.583
33.453 38.433
77.336 37.257
33.818 21.877
38.769 16.543
20.312 38.71
33.001 75.0
49.987 92.538
59.338 4.473
18.459 66.062
6.724 67.579
40.083 75.613
93.911 54.85
73.981 56.627
59.369 97.227
60.47 88.948
59.025 56.539
0.188 25.126
3.321 19.067
63.176 68.597
58.111 73.068
17.05 12.082
54.852 76.108
27.974 51.511
20.32 28.159
80.968 40.74
65.788 28.059
26.14 77.357
98.13 1.665
54.03 63.778
82.091 61.462
26.849 51.604
90.64 26.597
50.635 55.008
93.877 17.588
79.401 44.568
75.778 13.701
54.823 68.121
97.872 19.182
41.183 91.962
66.537 22.288
24.507 91.283
74.705 53.401
64.923 96.639
22.455 36.099
21.739 41.418
16.716 33.74
96.981 49.698
70.756 10.195
90.7 14.514
76.575 18.113
32.185 67.292
94.157 41.673
27.394 85.416
94.695 40.575
51.199 76.171
30.429 80.227
93.829 95.749
34.396 6.992
75.55 30.546
42.861 20.693
72.886 78.623
80.423 0.895
43.689 44.3
45.501 59.451
6.578 51.794
64.41 72.304
60.194 67.935
65.654 16.84
63.697 74.245
55.962 92.59
16.941 28.429
6.636 71.164
89.646 1.781
84.015 68.294
6.463 27.785
27.298 42.04
58.821 93.92
14.491 76.249
19.27 86.245
31.21 84.588
61.851 12.495
91.41 4.709
43.828 37.579
73.894 67.41
65.398 58.857
45.52 59.61
15.37 60.806
98.327 67.082
4.185 29.148
99.118 83.313
0.389 74.646
7.002 58.049
42.262 74.959
64.558 54.115
20.904 72.016
68.037 19.258
23.605 64.313
85.826 94.785
99.955 57.464
6.742 89.41
87.393 70.197
80.95 9.915
50.242 28.685
99.758 36.171
62.481 5.829
51.318 41.968
89.578 73.643
76.488 20.815
19.584 76.762
95.634 33.781
59.15 62.437
25.371 61.027
99.644 4.067
33.023 5.422
17.284 0.721
41.114 47.534
46.768 83.175
79.01 31.512
18.564 43.44
92.744 41.453
80.316 18.776
96.847 20.184
68.428 7.671
7.884 17.537
89.329 2.387
59.741 47.072
71.63 93.291
14.631 96.806
71.454 14.134
37.502 43.144
38.107 41.748
53.716 90.049
13.882 41.105
75.417 82.78
34.514 10.347
90.836 84.039
80.437 66.972
87.779 74.066
29.493 40.508
19.168 32.28
16.124 48.177
83.549 10.002
89.754 46.35
57.303 55.818
96.424 87.24
24.704 53.085
16.619 67.404
62.773 78.872
27.967 31.979
89.285 33.774
3.12 28.754
49.806 62.661
95.918 36.227
99.087 82.34
33.345 38.591
74.085 31.223
62.902 69.346
74.071 60.978
78.936 71.502
71.797 25.592
68.972 9.7
60.184 25.98
81.93 3.809
62.15 57.568
42.681 44.019
21.567 77.992
20.075 15.266
74.264 76.188
89.929 31.119
49.378 31.758
10.663 31.509
13.013 54.104
87.686 33.547
36.399 44.751
39.841 7.969
53.543 38.654
78.293 39.87
64.365 81.585
10.267 6.74
24.893 60.71
72.352 18.104
5.673 89.766
85.733 87.806
64.045 60.362
69.343 42.936
11.749 4.434
53.454 1.546
26.371 78.228
46.404 9.018
58.067 10.816
73.205 36.657
77.252 55.783
29.153 48.95
9.675 1.682
92.48 60.924
79.818 81.304
10.302 7.733
77.606 74.573
64.514 16.217
2.238 55.205
52.528 11.382
31.385 11.896
42.14 71.914
89.943 75.293
46.913 85.464
35.493 64.288
76.805 9.711
79.242 64.366
57.903 67.995
76.242 72.868
53.5 49.043
18.002 55.026
21.89 33.84
93.397 2.537
17.268 44.101
53.283 87.023
97.396 54.996
59.393 86.21
52.525 38.851
12.284 9.408
76.669 34.491
23.994 24.972
68.505 20.996
83.302 35.991
30.336 4.508
84.117 40.472
56.068 60.922
67.648 12.898
54.438 64.63
82.067 11.921
17.115 13.408
7.434 14.84
93.344 24.106
33.021 44.677
25.519 87.694
98.918 12.22
44.675 98.603
6.232 92.002
68.937 45.366
12.325 29.2
39.519 81.318
79.165 6.161
96.764 19.58
83.872 20.576
97.931 3.129
72.715 77.076
85.508 66.439
43.504 25.642
61.459 75.185
24.332 33.649
58.059 81.285
17.478 54.129
41.027 63.184
65.501 47.375
61.333 90.569
6.664 43.423
49.043 30.558
1.831 70.416
17.338 63.22
22.54 71.948
44.938 88.425
72.207 62.892
46.176 39.7
45.806 22.507
33.418 6.228
18.937 57.979
9.245 53.084
32.308 24.811
15.272 46.413
80.095 99.977
25.579 96.777
70.677 55.131
89.697 5.759
83.67 83.974
37.982 54.674
86.934 86.2
95.137 68.045
77.037 48.08
20.958 84.975
47.123 44.461
20.887 1.822
5.167 64.533
6.742 5.27
28.231 96.439
68.336 57.633
0.771 92.015
22.97 78.142
41.262 55.195
36.575 68.62
60.678 21.046
57.085 30.727
85.883 50.483
36.089 73.613
25.881 4.15
64.535 91.302
64.336 96.566
91.871 1.341
91.586 92.422
95.847 99.276
13.301 84.163
95.473 65.859
50.661 83.684
72.56 82.951
53.025 28.346
76.233 85.695
7.429 49.826
29.48 78.045
17.768 89.972
86.627 6.751
16.881 30.297
37.339 91.641
75.479 43.809
57.582 99.86
86.945 64.59
44.253 46.544
15.411 62.342
81.473 4.634
78.279 28.912
86.375 49.296
8.923 34.235
83.963 0.649
33.912 54.918
1.418 41.653
20.691 42.876
79.988 39.217
32.259 19.664
67.926 10.583
78.77 47.595
21.214 95.691
26.436 25.145
27.261 55.178
92.097 6.904
85.419 64.465
54.638 80.362
37.321 30.016
62.985 35.486
3.296 84.586
64.83 96.521
18.274 46.782
45.046 77.002
29.737 63.273
1.096 93.406
17.774 25.555
98.298 26.819
77.677 28.054
88.841 55.693
22.172 29.149
57.928 78.624
0.655 37.883
94.06 92.526
81.054 3.29
37.329 31.236
13.651 38.732
55.923 62.685
43.365 29.385
93.877 74.593
7.425 66.941
95.336 1.936
14.915 18.768
82.702 32.831
8.333 4.029
31.275 12.038
55.273 22.89
58.831 92.771
43.422 79.103
46.33 4.151
89.863 78.31
67.837 57.439
64.457 56.751
48.684 57.958
47.684 64.869
6.729 87.699
13.178 18.962
52.32 57.398
6.228 92.406
63.195 92.497
88.282 78.721
90.313 14.612
20.691 64.222
18.561 63.369
63.514 95.876
72.884 6.25
80.724 43.927
71.531 72.546
83.88 17.912
39.75 44.45
64.074 31.625
9.153 68.722
55.718 1.578
16.911 65.463
29.328 36.156
48.141 39.215
97.714 43.005
12.027 67.265
26.018 76.004
94.051 94.967
9.939 77.791
21.967 65.024
91.974 3.087
39.91 73.118
6.911 93.753
97.924 50.965
26.038 2.411
62.756 68.941
82.09 36.329
9.162 23.527
60.956 64.876
88.34 3.205
19.913 3.517
47.262 23.732
99.453 64.708
73.057 10.166
53.807 2.693
92.593 15.11
42.276 81.755
55.637 77.138
64.873 69.174
26.638 1.655
95.659 28.841
48.678 67.586
12.614 29.996
20.878 93.082
77.074 19.211
50.482 37.321
3.889 96.484
91.387 61.3
54.688 70.205
84.839 39.002
69.933 86.295
41.923 34.795
10.272 33.254
81.859 83.214
7.367 98.81
19.96 17.381
37.096 18.037
82.307 86.286
3.665 83.098
77.949 19.595
8.537 30.897
52.491 24.013
90.233 44.311
98.443 64.977
79.685 15.285
82.381 63.607
88.345 51.648
66.682 60.166
2.022 62.219
19.836 36.429
67.588 53.694
30.344 51.643
17.709 11.072
18.178 11.519
19.577 86.867
13.021 77.545
45.674 65.483
67.281 22.499
27.018 85.54
30.61 97.103
64.311 5.624
76.032 74.529
23.763 83.963
41.172 86.375
91.279 7.988
18.832 32.704
42.505 92.097
15.665 51.988
15.32 42.572
43.466 74.121
15.416 1.37
23.964 59.743
73.352 57.76
10.263 0.712
88.879 16.708
57.526 14.975
84.616 59.493
44.895 15.083
42.828 47.6
74.12 96.198
12.612 68.961
91.996 33.279
34.889 8.793
8.265 75.404
16.297 37.154
36.056 37.074
90.087 69.478
71.756 47.794
88.872 40.647
19.827 56.412
11.794 76.896
51.546 24.888
26.8 85.544
42.851 50.947
45.057 43.282
29.428 17.588
94.443 31.019
40.665 46.507
72.156 36.77
85.726 24.535
93.055 86.41
65.258 51.59
47.092 51.435
72.661 66.447
73.369 1.297
16.759 91.301
16.774 80.738
96.259 42.607
32.036 59.527
12.338 28.023
3.34 50.739
74.44 35.373
43.927 27.353
6.112 6.507
70.178 25.545
73.301 70.969
23.058 11.263
55.382 46.812
34.957 48.872
72.307 41.357
56.818 3.683
30.046 91.56
69.249 57.246
40.079 86.837
34.743 53.617
39.783 6.393
95.628 56.558
65.725 98.164
5.032 78.622
85.249 98.068
53.79 11.303
4.805 9.641
41.398 21.12
94.477 12.093
23.377 77.584
79.225 66.522
21.195 1.787
36.544 18.49
50.302 40.556
76.322 96.305
98.702 88.324
87.556 39.289
16.146 36.942
54.302 83.815
39.8 32.959
24.907 57.29
3.916 32.338
86.632 76.35
52.223 76.484
17.382 65.787
57.929 95.829
86.753 26.872
23.67 93.861
80.595 24.398
86.462 68.914
40.489 93.482
29.461 84.927
76.678 96.811
74.017 93.979
51.404 22.242
6.908 5.538
23.74 83.908
62.974 50.68
25.422 27.029
91.789 98.578
40.73 60.401
52.385 14.623
46.899 48.292
66.337 89.346
62.476 4.946
8.401 69.827
59.784 43.134
76.929 54.25
99.238 40.018
69.781 44.463
17.657 51.169
85.64 18.496
42.502 47.872
57.988 6.098
72.183 22.027
91.327 36.665
43.161 61.077
98.101 91.428
54.027 66.078
58.587 67.648
39.846 24.313
19.329 21.043
92.632 96.76
14.204 19.922
53.487 74.27
64.32 57.152
69.16 36.128
46.387 67.209
31.285 10.903
91.593 94.8
11.207 51.583
77.413 21.635
27.029 57.4
57.104 23.886
26.627 60.671
7.805 67.223
77.703 73.045
12.911 62.795
75.71 88.236
44.276 66.235
58.064 75.479
14.435 25.504
81.304 35.789
73.281 2.236
39.117 36.676
20.293 22.565
40.277 48.833
2.749 98.109
14.941 35.403
74.227 88.354
27.769 23.971
18.959 36.624
25.454 87.06
30.239 46.133
23.831 78.988
3.985 7.355
62.526 78.933
55.194 38.71
26.109 50.727
1.883 10.672
81.241 49.775
17.337 47.045
45.206 62.455
4.995 14.462
29.442 64.795
36.563 93.315
92.727 19.304
58.241 22.837
68.386 19.079
69.409 98.294
57.757 74.493
34.982 52.398
99.75 42.414
36.617 44.81
68.742 90.315
37.511 98.208
71.655 38.097
21.695 47.652
26.509 41.403
98.047 45.386
38.324 44.115
57.871 81.287
10.439 72.583
85.89 53.489
63.901 9.958
32.896 99.589
95.308 92.258
15.533 96.415
75.55 11.733
44.842 6.358
25.265 83.631
55.112 38.836
35.453 52.398
87.448 18.862
41.744 31.053
29.724 2.631
99.63 88.308
38.021 70.703
27.653 96.69
46.759 60.291
80.356 17.482
64.44 21.7
45.444 31.214
66.16 86.048
3.874 21.029
2.751 74.278
1.502 58.528
45.873 43.038
49.987 80.753
93.278 91.909
26.586 63.573
81.958 84.059
66.596 28.373
46.045 25.997
9.392 63.059
54.327 38.686
47.269 20.299
60.466 37.008
31.927 79.99
7.563 47.169
47.351 33.215
89.469 39.926
83.917 58.603
69.929 94.628
69.549 66.721
93.863 84.466
19.645 89.702
38.805 42.018
43.914 39.965
38.9 39.772
63.886 61.295
52.932 61.367
70.039 81.34
68.212 11.775
0.324 22.098
81.681 55.583
59.808 21.876
73.191 33.275
78.317 19.454
66.16 42.093
53.321 58.577
83.943 37.817
7.131 31.496
92.83 1.55
97.809 11.803
77.513 22.411
33.605 29.653
74.237 79.801
55.974 51.3
10.172 61.248
39.063 3.947
44.536 51.23
37.87 54.057
81.91 15.48
3.894 14.588
60.308 42.644
77.025 65.523
58.056 13.851
38.053 46.404
33.851 73.57
14.596 35.002
50.136 1.918
42.467 3.206
23.365 7.714
75.508 91.848
60.441 4.196
50.058 6.226
30.48 95.655
92.152 81.122
32.751 99.212
79.364 1.651
19.588 14.978
69.52 95.345
84.48 34.127
90.572 1.016
53.201 29.894
30.501 41.042
24.054 79.252
25.339 20.914
18.415 64.587
64.279 21.932
56.377 57.806
11.353 8.247
84.611 92.007
63.724 36.302
6.942 64.217
48.845 85.821
53.005 38.479
89.712 59.639
37.908 3.327
92.839 78.559
10.315 45.698
36.673 49.26
55.303 17.117
77.658 67.771
92.104 20.095
70.279 49.099
10.314 20.643
37.797 6.15
58.838 95.565
48.017 39.145
51.443 28.521
20.582 95.205
42.101 28.521
71.742 61.018
75.121 40.518
50.04 1.562
62.549 58.799
32.79 69.627
54.398 53.544
80.28 16.795
37.228 16.555
84.911 66.686
21.235 96.093
62.426 26.772
25.582 61.356
32.881 57.42
27.959 39.419
32.363 6.283
71.711 15.327
80.687 92.287
17.959 4.582
48.301 50.334
66.61 38.369
11.172 81.218
3.306 47.186
8.361 20.789
18.219 43.448
81.37 15.382
5.693 14.061
51.365 4.575
61.353 52.185
54.248 26.965
86.115 7.063
55.972 78.239
47.34 59.19
52.266 87.523
75.713 12.183
43.86 52.122
59.346 3.774
91.943 13.282
56.617 71.115
34.678 6.249
88.17 86.342
6.198 90.422
60.342 10.54
64.711 98.343
49.877 77.983
48.911 59.498
38.997 55.004
41.991 17.309
61.891 31.977
30.91 70.945
0.732 96.39
31.546 12.049
70.157 20.172
20.624 28.664
68.126 82.575
77.458 36.777
34.04 61.313
18.027 13.057
64.499 32.877
47.119 76.094
26.691 59.701
30.629 10.101
93.674 86.843
6.085 66.476
4.617 52.787
31.045 93.261
80.525 39.727
72.022 3.715
81.169 71.674
9.75 69.464
87.856 5.655
17.195 91.574
32.232 16.16
45.553 3.79
59.625 61.962
47.026 89.738
80.681 52.089
29.671 89.862
17.128 77.918
5.703 14.96
19.544 17.156
30.054 87.292
92.707 51.79
33.066 19.348
43.205 91.292
10.388 99.033
7.947 29.736
95.804 29.791
89.541 81.699
32.088 56.91
81.721 16.741
67.398 61.581
53.686 38.607
24.495 69.397
75.746 95.184
91.624 36.691
52.08 30.177
17.789 68.374
32.165 25.281
12.156 90.259
64.008 19.024
35.667 73.327
20.752 27.083
5.813 87.251
61.811 3.07
44.245 47.258
37.369 72.108
41.678 81.369
53.397 92.544
97.687 3.351
84.431 87.435
41.44 79.628
42.164 84.621
72.668 75.485
62.648 69.635
56.715 49.313
16.312 91.739
30.752 63.751
39.046 67.472
64.843 58.434
46.413 60.831
59.545 40.975
1.447 41.311
75.031 47.889
6.01 60.87
58.61 26.177
8.301 74.998
62.864 48.606
28.914 93.813
94.253 68.686
21.59 1.196
10.772 87.024
28.572 32.455
92.232 22.019
60.462 0.727
92.191 43.776
17.762 67.217
79.013 9.797
94.967 71.106
19.003 80.059
25.706 0.144
95.427 52.251
21.958 84.377
69.539 44.107
86.514 65.608
61.96 44.12
24.922 57.437
99.661 48.757
12.469 14.811
11.702 50.514
53.295 14.131
51.242 83.708
96.749 71.294
20.754 86.119
52.362 35.564
7.243 10.829
42.537 96.043
91.028 74.853
23.547 39.502
89.981 55.126
46.072 1.876
30.472 53.889
25.266 98.615
63.714 53.914
76.714 89.794
26.567 91.361
40.937 65.284
97.908 45.051
73.334 83.844
32.724 77.272
86.977 5.27
32.377 72.868
32.358 20.038
40.69 94.852
85.218 86.813
24.762 32.497
95.947 49.915
87.155 15.729
77.275 61.806
34.063 20.052
86.392 14.701
86.705 84.976
52.855 28.483
15.339 89.487
48.654 55.599
49.595 91.704
28.384 6.523
59.627 75.658
27.917 17.137
32.573 69.898
53.423 89.084
13.031 95.769
25.096 67.349
91.584 59.139
43.308 62.928
28.977 61.477
66.391 50.494
29.723 57.855
30.752 72.751
92.88 27.533
43.471 64.13
19.952 29.854
41.423 47.37
31.729 38.113
45.756 5.119
97.836 18.099
2.851 0.258
11.542 31.814
76.13 63.178
63.087 75.205
34.143 30.207
63.211 54.087
88.025 59.235
8.336 68.177
74.894 22.809
82.864 92.93
66.838 91.432
14.282 42.346
51.332 90.86
45.289 2.861
2.157 70.263
40.145 55.817
66.612 26.387
90.184 65.823
58.091 61.64
85.849 26.177
45.401 22.723
2.567 48.284
30.821 1.873
18.956 53.15
96.284 95.654
89.256 51.768
93.653 86.455
8.108 29.712
24.6 93.699
90.796 92.605
66.057 56.235
84.689 41.196
97.534 92.348
91.489 66.901
95.238 69.677
48.394 22.063
30.318 97.586
45.631 93.386
32.532 62.947
48.124 72.264
67.353 53.492
2.614 1.433
42.179 75.095
70.5 50.606
38.373 47.121
37.813 19.339
56.659 35.517
83.559 84.233
94.828 48.029
63.968 67.342
24.242 42.379
37.81 11.129
82.659 40.843
21.422 86.354
72.062 91.738
30.117 16.33
63.659 30.22
23.241 76.557
59.078 25.498
73.053 66.096
55.003 97.481
37.869 21.154
61.178 23.348
39.116 91.215
26.555 24.895
57.964 81.24
91.679 1.005
25.966 7.501
34.601 46.183
6.989 34.194
6.485 52.016
44.178 34.699
77.557 36.118
11.245 22.496
92.344 66.307
32.588 25.167
53.039 22.143
61.346 33.736
48.136 9.229
26.276 68.949
70.468 73.361
13.434 14.067
23.206 35.192
0.889 75.334
57.899 49.88
9.673 76.447
20.338 45.917
44.677 31.396
46.932 55.491
65.611 0.804
42.567 45.886
14.01 56.515
98.329 45.056
41.91 3.184
6.499 78.636
38.669 37.781
65.212 0.689
74.656 77.259
42.631 4.426
76.848 89.436
3.249 72.712
52.361 74.558
72.099 66.303
49.506 98.235
28.549 68.08
49.303 23.402
71.745 45.12
0.965 30.141
90.308 31.116
33.047 63.578
56.213 50.714
33.014 85.785
78.413 1.225
50.328 90.193
32.656 19.283
82.055 33.821
72.148 96.255
25.355 61.211
45.816 33.671
93.248 43.04
79.609 93.797
46.139 94.513
67.283 56.035
51.576 6.583
32.666 48.896
70.841 5.33
68.779 47.811
5.432 63.783
89.71 50.655
97.897 45.508
18.138 5.536
19.456 79.549
43.65 80.912
34.556 90.677
3.634 25.191
47.006 65.128
3.886 35.186
83.259 84.693
63.04 21.988
98.216 90.736
82.231 51.199
36.763 9.86
64.962 77.526
53.472 18.771
40.035 28.538
68.995 86.16
79.007 7.471
99.4 48.291
59.118 58.843
60.559 17.839
18.594 27.218
31.908 78.77
65.431 8.088
9.724 24.123
70.92 22.626
50.527 21.902
17.413 67.141
75.114 37.392
28.741 53.187
72.589 29.45
58.478 88.829
44.096 51.672
34.615 59.775
10.976 39.795
41.594 57.992
13.136 86.484
49.22 81.019
98.191 11.534
93.303 69.24
24.938 88.464
85.723 52.463
59.154 45.31
82.508 16.795
9.845 57.312
86.359 31.434
6.375 96.366
7.851 24.952
15.913 35.799
98.803 25.68
44.837 98.571
69.677 70.908
0.703 17.376
76.951 92.914
81.635 28.748
50.113 78.227
2.782 17.538
34.379 83.282
49.444 18.635
36.907 81.457
21.138 92.253
23.426 73.986
92.812 40.209
93.061 79.467
1.718 35.063
67.103 70.85
73.193 21.185
24.767 94.367
69.41 83.932
46.035 53.16
24.784 80.58
53.675 35.913
50.076 71.819
27.725 58.26
43.609 85.299
0.186 46.075
73.397 29.174
96.344 83.736
32.963 53.975
34.817 35.962
81.64 66.719
74.199 87.375
36.83 15.625
35.32 12.647
18.122 74.977
2.931 29.795
88.821 66.731
35.632 61.286
4.736 77.431
3.869 73.985
99.919 81.479
21.927 32.368
40.056 95.657
93.108 69.951
22.77 86.804
21.441 1.791
86.409 23.743
87.286 65.372
15.069 79.983
34.097 14.769
54.226 91.242
33.064 0.063
19.701 33.508
20.871 71.077
50.3 24.338
15.862 36.862
86.213 74.627
74.251 59.05
23.653 5.122
44.316 9.137
59.952 15.893
75.876 91.193
82.419 68.119
57.605 2.501
46.051 99.895
58.56 32.894
35.012 96.912
71.63 91.087
37.425 83.32
11.384 50.189
93.804 7.088
7.309 77.8
50.611 69.916
91.904 27.447
55.126 97.407
80.416 24.69
3.696 12.055
74.898 19.031
64.611 37.799
36.905 57.958
41.301 24.579
88.689 44.984
68.356 85.187
94.481 95.855
76.095 77.39
66.512 41.554
81.373 15.794
54.89 7.275
20.547 16.288
79.282 8.129
87.754 11.222
6.504 26.439
65.555 2.335
11.229 44.33
8.952 65.962
29.523 10.047
82.182 65.539
71.225 20.316
36.448 43.919
85.489 45.826
2.46 24.028
57.059 31.787
59.924 62.066
27.519 15.544
96.692 79.226
41.74 22.981
66.538 17.244
24.921 37.098
20.544 88.487
71.67 36.062
92.471 28.804
92.294 65.825
8.603 53.19
94.236 27.402
22.829 13.457
33.429 62.086
44.716 56.388
67.493 38.69
61.3 29.687
52.408 43.449
51.203 57.834
9.548 97.165
67.911 32.697
17.118 77.77
0.478 68.213
57.245 68.464
18.953 1.996
48.028 11.347
89.101 33.756
71.079 1.918
90.097 9.008
1.893 0.216
80.402 61.638
37.437 34.749
3.01 44.706
65.132 99.986
65.118 27.966
89.575 90.868
75.557 37.498
85.27 29.613
82.043 13.371
42.82 29.079
13.983 6.646
99.754 70.166
94.504 60.24
31.446 65.402
55.197 66.366
80.484 30.063
48.316 74.185
43.89 91.121
89.679 50.554
88.076 19.837
81.542 60.927
87.234 30.079
41.339 46.875
91.992 61.967
80.006 5.434
21.442 91.151
73.955 24.675
66.958 33.063
47.436 51.903
23.335 87.797
17.946 38.85
83.709 44.148
97.761 25.966
54.502 27.081
46.474 24.532
13.735 13.522
6.891 27.979
40.088 33.735
46.061 30.173
10.891 97.699
91.716 27.167
36.321 39.752
79.695 67.752
23.339 75.262
57.221 39.112
59.775 34.02
12.404 59.552
23.41 59.37
31.264 3.5
4.38 19.649
39.784 98.179
27.444 42.59
19.386 64.982
47.661 92.326
65.125 31.799
78.111 94.783
16.173 78.72
26.336 20.886
99.196 80.222
0.722 30.483
44.754 34.453
11.277 27.724
80.01 6.19
33.234 12.459
22.52 6.583
77.874 26.733
62.114 88.141
54.31 56.164
27.232 85.598
75.69 46.035
42.371 41.878
4.967 66.661
49.454 76.033
58.515 37.886
28.551 67.731
64.719 65.205
22.507 69.017
17.98 73.433
66.306 30.804
31.597 78.335
68.991 3.47
28.248 90.183
27.904 58.936
17.447 1.651
75.47 43.708
19.184 63.045
99.151 81.285
68.138 16.458
81.333 14.473
71.448 55.856
92.555 35.496
29.116 84.593
20.086 29.288
87.654 54.159
78.926 72.609
41.001 49.857
39.034 69.486
19.84 4.777
64.986 37.097
33.109 14.442
69.086 2.449
81.914 8.822
78.434 48.99
10.654 83.723
80.502 54.238
3.754 59.85
97.274 82.853
90.257 1.382
35.516 97.609
40.569 84.925
5.277 98.019
6.698 65.655
70.417 41.62
3.446 57.337
9.891 58.351
55.33 7.452
5.967 86.852
96.942 19.022
25.77 65.606
19.937 82.506
62.462 9.962
49.9 55.828
97.752 51.121
8.548 54.137
62.45 80.804
61.825 74.037
61.959 54.321
7.695 60.033
27.247 60.623
58.058 89.874
56.503 48.857
29.223 88.783
74.645 21.005
92.321 29.893
27.862 42.859
44.624 24.958
23.175 3.38
34.118 87.246
65.016 37.11
33.1 71.219
1.626 26.344
53.217 88.281
61.379 11.527
13.933 24.747
36.849 25.437
19.437 54.079
57.213 17.895
79.899 13.637
69.879 54.966
28.294 36.261
41.895 37.494
89.053 65.479
12.099 47.017
91.493 63.954
46.756 72.326
31.203 85.369
99.68 33.492
63.476 96.533
11.908 37.374
13.565 51.377
47.737 50.58
61.028 90.795
77.443 51.533
90.651 20.483
7.171 0.579
75.868 32.307
1.065 79.276
1.184 60.578
67.121 26.957
86.055 76.028
96.746 48.673
17.002 24.103
99.854 86.786
32.389 47.42
45.131 61.229
20.644 87.158
95.584 21.276
44.939 31.892
9.321 33.311
6.419 70.531
44.473 15.488
55.888 13.407
16.48 92.473
88.646 10.778
68.153 11.556
25.76 10.493
94.676 63.243
4.401 29.054
94.635 18.142
0.353 49.576
62.548 1.097
39.385 64.841
73.845 39.137
6.431 97.138
65.072 68.896
21.388 11.398
35.955 46.204
91.694 76.226
52.522 15.868
37.512 83.055
76.164 73.995
7.806 48.113
90.562 98.369
13.922 60.961
83.025 90.216
21.45 33.981
20.024 80.485
67.192 42.686
25.535 3.299
87.77 20.078
66.701 95.207
38.444 89.917
23.695 96.731
88.437 9.76
90.506 92.645
44.072 2.403
60.189 32.255
77.975 6.419
18.438 37.799
89.337 11.697
96.223 90.604
33.324 47.927
64.215 22.785
43.252 45.482
84.026 29.799
36.074 81.558
76.419 39.073
48.148 31.736
80.204 39.481
79.87 82.421
32.176 24.725
20.148 92.815
79.639 36.037
11.115 84.584
13.925 35.808
62.591 66.728
13.292 98.063
61.509 23.88
76.38 89.222
27.225 5.792
97.0 77.141
94.64 89.964
60.031 71.798
97.13 52.284
49.564 36.01
30.692 62.902
0.517 52.525
21.908 57.902
81.135 47.815
73.008 21.512
3.116 54.79
35.487 23.683
69.452 0.396
20.691 90.241
20.71 54.188
28.853 8.346
95.691 0.963
45.101 91.703
6.758 4.673
13.483 66.394
5.263 16.254
5.471 95.011
59.801 72.204
29.155 93.619
14.171 6.653
94.282 39.722
19.675 90.714
4.896 6.312
89.029 39.625
0.048 57.64
17.649 23.35
4.757 37.693
89.924 65.262
55.433 93.012
58.215 33.164
44.028 47.163
31.736 11.338
97.781 69.07
40.653 38.608
42.426 24.717
85.701 27.368
56.311 15.997
67.621 76.345
91.615 9.926
84.745 19.787
21.879 51.622
94.685 35.666
9.982 29.114
82.595 27.499
23.815 10.973
58.154 58.768
78.477 75.082
91.677 80.194
74.932 33.357
86.384 74.252
92.692 10.514
23.869 79.449
20.734 77.441
60.966 64.01
32.705 56.286
70.658 89.485
93.002 53.017
66.882 58.535
10.171 11.487
72.092 5.33
79.686 30.224
93.98 42.07
29.706 26.915
92.239 51.609
4.32 93.398
67.318 38.483
90.594 98.307
74.488 56.644
80.736 95.163
99.802 77.269
31.092 74.068
41.204 11.142
75.394 68.099
27.144 87.952
60.258 46.839
40.77 66.677
41.065 32.734
81.319 40.234
53.322 66.729
7.704 93.111
88.289 76.841
5.18 37.759
50.072 38.392
43.207 17.135
71.568 97.729
19.575 60.103
67.248 8.996
81.548 49.387
92.041 59.6
86.365 21.432
95.766 33.319
37.351 21.134
6.527 29.05
54.283 88.363
76.14 90.086
92.71 35.595
85.231 96.565
40.093 82.876
92.324 72.639
34.774 5.297
40.201 24.111
42.917 6.028
25.162 68.195
25.954 7.721
20.807 52.727
52.808 67.174
83.31 0.34
93.351 74.878
5.579 24.406
59.344 72.522
6.401 15.066
57.162 46.224
0.667 70.837
16.463 72.562
72.848 14.928
69.076 6.251
4.486 73.644
78.355 20.011
0.406 2.982
80.809 47.381
19.299 18.116
14.178 38.913
0.917 6.771
49.836 46.241
11.306 20.864
1.559 42.384
46.029 42.988
37.433 50.068
85.574 55.65
69.495 52.241
41.121 70.351
2.645 88.419
78.186 13.868
76.784 60.273
69.34 95.258
35.444 16.708
66.72 97.922
53.513 11.524
38.263 12.71
43.713 85.597
21.341 50.378
93.501 21.245
27.808 99.233
78.127 44.352
89.581 73.032
77.619 72.7
80.372 37.034
99.825 66.725
99.012 51.051
47.001 85.46
9.659 17.114
21.552 85.332
18.452 56.493
60.437 67.52
91.851 29.626
58.46 57.049
31.871 3.591
7.668 48.043
8.155 53.396
63.464 26.187
58.494 51.972
0.555 51.695
99.37 77.604
60.669 53.5
48.51 46.869
12.176 59.167
18.666 67.344
80.735 33.672
66.081 23.972
53.703 39.278
7.649 52.592
30.831 52.921
95.826 89.224
24.535 50.172
10.779 72.092
70.938 1.082
32.328 92.191
44.056 45.683
13.899 5.04
34.933 74.586
84.621 1.515
80.125 56.017
22.713 63.969
85.834 43.077
66.367 23.908
63.638 14.252
78.15 30.977
77.846 86.655
70.269 68.705
80.889 0.133
9.242 91.101
76.375 72.172
70.504 58.146
90.241 12.049
24.682 13.229
92.67 27.546
33.592 5.104
75.976 19.019
86.507 28.543
55.471 46.846
16.296 85.055
49.444 66.808
89.643 21.756
28.929 42.617
13.771 78.826
64.835 84.637
75.137 11.859
11.627 82.334
31.403 36.122
81.232 75.178
68.966 18.255
50.359 58.429
70.367 2.127
50.148 58.421
94.954 91.96
31.487 15.753
68.242 38.973
54.078 76.168
81.306 25.329
42.112 34.361
33.665 51.739
26.733 14.788
83.953 1.981
8.278 99.96
52.457 32.265
77.921 19.882
96.24 89.52
46.975 34.697
56.268 62.226
98.187 47.95
48.481 78.417
71.125 86.324
71.399 78.638
28.114 43.956
96.656 55.86
81.425 86.729
34.058 26.608
68.324 52.678
51.542 83.653
88.28 91.707
90.236 11.439
21.553 81.21
87.232 91.321
42.41 38.304
52.131 57.436
72.031 48.2
94.571 85.444
99.311 27.45
74.251 49.18
21.534 85.426
41.766 42.237
0.676 80.535
3.844 98.569
22.838 97.067
22.477 72.58
87.407 26.104
39.507 79.931
14.015 35.584
59.214 47.363
41.654 50.578
80.661 16.24
93.231 91.867
41.918 55.171
93.256 50.915
28.755 87.655
36.338 23.004
0.773 12.152
61.435 10.718
17.829 14.772
65.226 73.185
36.207 11.903
84.869 21.041
38.156 47.998
9.986 54.626
92.779 43.054
80.092 45.955
28.971 40.598
39.878 16.544
29.048 95.964
37.337 43.69
53.021 22.839
79.823 45.573
31.565 20.957
92.805 9.48
79.182 14.949
72.352 35.581
57.675 16.969
94.297 8.467
49.068 36.224
70.5 28.075
59.202 75.111
15.726 53.274
32.508 19.322
26.512 96.592
53.563 10.189
60.289 33.33
94.73 16.04
71.143 10.233
18.839 95.376
8.376 27.249
76.26 80.42
29.084 72.464
13.889 44.726
22.841 18.682
16.903 15.666
19.884 19.232
48.537 10.02
85.092 24.649
18.06 27.749
27.669 62.908
74.161 39.522
73.997 68.997
31.026 59.395
79.291 84.372
7.002 36.793
83.364 75.51
35.035 10.505
36.357 32.784
96.64 70.531
43.424 13.44
61.252 37.249
46.097 19.644
26.672 73.251
48.986 19.971
89.403 34.801
77.537 37.418
55.057 72.684
11.49 21.898
96.96 61.883
15.266 83.662
51.21 7.408
87.725 24.965
8.176 57.675
46.491 54.477
18.312 69.186
99.976 18.005
7.446 21.007
78.349 82.133
55.549 18.406
29.158 31.786
14.727 58.822
9.694 17.004
40.157 84.9
2.079 24.631
99.281 97.456
26.251 43.98
20.098 85.129
91.579 60.012
71.445 35.248
75.383 4.183
15.504 51.542
36.115 35.634
28.032 90.54
72.856 19.884
50.477 89.067
39.433 57.846
39.871 39.03
39.698 62.355
99.75 87.57
5.289 83.763
40.809 60.587
55.59 39.937
81.424 66.752
98.821 96.254
47.273 86.573
19.977 22.607
11.179 79.054
35.814 35.728
56.579 92.771
88.712 47.639
79.958 61.001
3.206 7.615
20.656 74.412
12.509 22.195
90.306 22.161
52.863 25.811
6.583 82.21
55.989 99.72
1.604 22.212
55.978 97.033
40.693 49.537
30.823 84.739
50.357 46.164
88.044 99.109
36.874 93.234
6.763 11.45
16.021 42.105
10.554 99.636
32.633 14.631
54.642 50.279
89.234 60.027
18.171 98.16
50.75 44.356
71.676 11.431
68.27 75.618
91.624 37.627
59.436 23.598
62.179 35.853
11.414 54.568
17.991 63.654
3.744 46.067
18.616 53.715
68.544 97.182
1.427 92.028
76.818 24.281
78.699 64.397
85.93 8.47
13.087 70.072
91.413 21.981
68.61 88.128
63.767 31.039
29.768 5.298
71.274 68.093
10.388 17.988
75.841 11.458
32.021 85.988
35.217 59.402
43.171 44.412
95.665 78.136
41.984 66.967
15.401 51.43
84.358 18.24
30.472 75.329
6.781 96.2
40.89 12.431
24.328 11.067
31.25 17.341
98.361 83.96
14.245 17.954
88.814 55.303
95.793 32.288
34.444 11.728
87.128 93.49
34.356 3.866
12.814 44.479
95.832 7.003
40.144 95.046
79.429 30.846
83.294 67.684
45.84 18.062
57.442 68.868
3.567 67.531
97.115 74.379
18.039 7.996
36.523 87.682
65.982 38.602
43.976 22.549
38.464 62.604
14.713 30.494
65.755 16.926
99.429 11.38
95.664 9.932
69.832 20.089
57.522 25.532
41.307 4.082
7.374 69.092
55.085 61.672
56.887 8.136
69.0 75.265
23.867 57.289
41.074 36.826
10.665 98.172
89.777 25.647
18.594 42.573
20.748 86.169
7.37 22.233
73.612 97.719
85.237 97.873
0.547 24.71
13.451 25.269
95.365 92.358
54.514 23.235
56.796 94.219
52.935 28.871
10.692 49.821
69.962 26.973
72.85 67.958
65.802 9.1
43.995 56.243
27.788 91.856
90.042 68.129
29.402 20.943
9.566 76.793
0.461 71.51
76.288 43.46
25.577 54.914
82.906 28.867
95.713 54.48
77.043 44.982
55.701 93.31
68.135 7.536
98.632 52.768
79.785 29.954
30.488 74.057
6.831 64.787
27.254 82.264
61.679 9.724
62.377 62.54
96.38 91.454
21.633 88.925
72.506 67.148
11.264 27.604
26.518 64.24
95.62 12.615
67.059 88.486
8.342 15.616
68.382 72.847
90.467 86.334
46.237 87.642
78.931 36.59
88.412 39.937
37.33 49.29
37.428 79.285
6.755 74.724
98.019 37.372
73.915 86.54
53.124 30.863
12.705 37.964
17.014 35.525
58.473 48.333
8.175 52.689
1.271 25.982
83.714 25.088
66.128 78.203
69.936 56.89
99.215 61.719
25.273 1.57
19.594 15.266
46.678 62.369
67.16 20.403
16.06 54.336
36.205 11.071
64.777 77.31
92.417 2.207
10.242 10.891
15.741 58.087
4.945 35.265
5.539 16.738
82.559 41.096
72.056 62.61
1.257 92.965
20.357 19.165
69.828 48.029
27.357 69.986
58.211 81.826
83.21 47.445
11.744 41.127
83.441 25.993
1.707 98.873
15.756 49.447
79.706 34.369
96.125 2.852
28.179 60.732
32.64 74.118
45.005 29.047
40.815 50.688
70.207 79.13
93.145 84.639
54.904 12.244
98.752 39.651
85.157 76.873
31.002 2.33
27.371 39.471
78.759 38.476
70.623 60.708
16.336 72.385
89.889 8.855
50.877 99.036
48.534 75.481
45.737 43.327
28.515 32.31
25.921 14.852
5.427 39.288
73.168 97.598
37.885 96.97
88.044 86.097
75.633 79.569
31.975 28.624
83.957 63.211
56.73 59.225
62.251 62.693
83.554 62.697
4.749 6.708
75.365 46.995
11.617 45.451
97.507 51.933
16.296 14.415
59.696 3.988
79.578 32.871
55.245 87.901
85.706 0.503
48.303 26.635
79.409 61.759
92.267 77.213
27.799 90.352
90.228 56.196
35.587 28.44
47.28 11.124
24.118 59.185
16.838 80.46
88.562 80.238
26.321 65.369
78.411 68.667
42.234 77.078
1.647 48.817
77.213 47.096
17.387 56.766
71.637 21.359
45.14 13.756
82.011 58.021
99.746 83.591
54.798 36.35
84.18 1.716
4.45 38.817
68.997 7.956
33.734 77.858
31.604 96.174
54.788 38.095
50.652 73.45
0.588 80.272
94.012 32.649
14.702 13.448
42.412 79.933
95.43 88.179
20.736 6.0
40.035 90.445
19.784 37.389
23.994 39.003
1.256 96.453
30.229 95.32
98.434 6.928
95.538 63.416
17.326 18.057
69.035 39.894
87.309 10.956
67.191 63.946
40.416 28.421
22.993 7.287
56.78 2.557
65.454 45.085
46.099 89.985
59.496 16.752
72.125 36.62
83.36 48.531
12.391 23.319
31.094 74.603
24.383 27.291
75.623 3.078
36.516 84.476
82.803 89.056
79.523 65.478
89.503 3.887
42.361 3.606
29.852 90.001
5.798 33.639
17.344 57.511
88.956 59.052
21.669 29.516
14.488 33.777
42.126 89.15
80.039 38.951
31.599 40.764
51.285 73.171
77.465 16.852
81.095 52.744
38.359 7.129
75.425 47.726
47.202 96.117
58.199 78.714
35.385 30.599
37.016 68.696
46.883 68.092
1.188 4.397
22.133 57.028
64.494 25.382
99.56 66.887
16.195 8.341
8.155 75.941
49.289 9.459
35.911 47.179
2.031 96.292
57.492 87.431
93.716 64.395
6.176 7.315
28.708 23.658
36.868 96.362
9.138 41.221
27.165 43.411
7.045 72.008
93.095 6.29
5.09 45.455
32.092 17.057
38.199 5.297
97.334 89.038
88.003 70.056
94.511 61.67
30.004 77.854
16.018 24.089
49.784 8.998
27.588 2.59
92.536 32.286
73.76 11.682
18.49 25.005
1.936 32.807
63.465 33.059
37.339 99.89
88.099 8.687
68.277 11.62
39.24 96.089
42.52 11.219
31.665 43.294
53.682 87.449
60.356 71.369
58.992 56.322
17.768 13.595
82.629 18.439
77.885 43.631
65.863 12.067
36.759 75.188
16.61 95.872
38.791 2.764
7.746 19.529
56.572 23.545
78.887 56.284
34.997 20.694
30.839 13.678
68.8 81.213
90.312 16.528
93.225 54.05
83.952 70.699
42.633 22.439
61.684 8.331
58.249 16.636
90.64 33.369
58.243 68.008
30.876 48.006
31.539 33.623
94.032 66.378
85.369 20.67
83.995 1.363
69.133 96.453
45.451 22.79
99.506 74.817
85.428 23.715
91.438 49.331
65.788 38.172
74.286 89.064
5.99 13.301
43.058 85.811
43.562 8.961
0.308 34.878
72.034 89.142
32.174 48.099
98.841 81.019
79.574 51.675
39.39 28.071
38.068 7.846
19.567 85.618
11.832 78.523
52.377 29.383
35.655 72.019
88.716 97.823
80.482 49.053
54.261 95.494
72.265 41.637
30.27 50.224
36.91 68.834
58.582 79.527
42.447 61.671
83.593 27.399
10.688 44.777
13.226 35.671
82.605 37.704
32.288 48.483
87.276 79.939
45.49 91.382
7.187 84.0
56.856 39.008
13.896 50.863
19.691 4.987
64.082 28.979
59.896 52.597
49.347 33.359
60.41 19.608
43.08 59.582
79.038 14.172
81.594 0.788
53.622 51.391
16.601 76.543
26.048 59.307
96.765 31.145
68.09 24.746
12.022 52.29
19.153 47.96
25.442 86.857
91.615 70.881
72.409 42.043
85.548 77.117
69.727 74.212
23.804 27.757
8.596 25.22
91.387 44.078
59.795 11.387
58.376 40.603
43.373 3.358
30.985 84.041
21.339 87.835
18.852 40.15
37.366 91.755
1.236 70.608
77.368 94.202
16.827 49.531
40.087 68.445
86.703 90.225
45.947 12.934
25.845 74.615
70.486 38.371
28.51 62.647
36.195 6.212
30.641 93.623
12.299 24.469
74.743 93.488
42.04 41.542
31.677 36.352
15.307 12.538
64.681 52.255
13.524 21.08
4.821 98.66
28.661 77.811
58.331 36.292
18.749 50.0
28.307 7.928
57.664 26.309
40.905 25.833
99.712 5.702
38.799 5.163
90.563 87.467
56.717 19.979
20.25 39.3
28.975 93.376
36.39 89.428
37.076 12.953
73.97 42.07
79.786 53.937
23.678 47.555
13.465 84.121
25.3 6.794
69.008 92.499
44.45 22.819
12.139 94.373
60.151 5.322
80.653 98.789
73.201 73.099
10.723 69.938
40.562 0.523
80.288 42.624
40.367 23.873
81.678 21.637
22.154 87.978
46.891 24.524
8.194 19.275
20.981 65.061
28.732 60.291
60.52 75.496
20.984 26.758
87.236 83.37
22.724 28.945
75.964 12.032
84.804 78.316
50.274 0.676
39.4 37.712
26.228 64.684
15.923 40.619
23.226 62.215
44.966 83.625
5.308 50.023
56.253 52.007
16.977 95.983
29.587 42.656
10.529 88.319
67.68 57.103
90.688 97.511
34.493 74.516
22.718 57.046
57.301 62.199
28.47 23.525
21.57 9.638
41.145 40.976
51.404 91.274
43.782 46.499
8.978 89.52
47.424 65.524
49.057 15.008
90.141 51.181
24.221 62.756
88.616 3.759
64.243 24.547
65.893 29.685
53.222 55.935
68.009 57.634
43.549 92.678
97.426 28.562
12.326 39.581
92.889 21.38
13.243 71.245
66.258 81.291
8.602 55.127
26.852 15.454
16.14 47.938
15.077 14.84
70.637 83.567
64.963 23.651
86.128 7.037
69.072 48.873
13.416 74.827
94.036 40.155
16.484 77.185
41.246 89.52
58.163 71.673
17.451 16.22
82.031 16.008
63.201 26.041
87.933 94.794
61.563 62.623
18.31 55.753
28.299 87.648
56.399 48.63
10.755 61.084
97.403 59.562
76.782 53.866
84.705 13.295
88.584 41.691
73.307 19.037
45.573 99.081
50.968 80.522
86.917 90.475
11.999 52.988
75.586 16.518
24.387 35.595
80.811 58.383
96.006 33.111
73.362 48.642
18.525 62.392
18.406 51.603
6.967 9.377
20.352 44.611
73.893 86.537
93.262 13.294
63.239 51.716
68.247 25.585
72.626 5.153
55.422 84.036
34.285 2.587
52.985 40.152
68.858 66.951
80.03 39.086
42.593 48.747
25.517 94.657
82.668 58.62
91.227 51.083
62.29 21.752
31.264 80.21
53.647 67.648
85.216 7.456
42.569 4.875
81.559 87.586
21.574 28.12
4.329 81.55
0.092 33.126
88.839 56.051
71.844 11.616
3.679 29.773
50.894 8.974
14.274 84.769
62.517 27.878
76.588 28.88
82.675 27.267
12.199 50.289
44.633 31.478
83.082 35.032
34.204 42.241
88.375 51.72
78.811 71.597
20.767 8.963
55.987 2.383
36.186 19.891
60.365 78.281
46.297 11.656
14.251 48.027
37.843 55.568
91.644 89.916
62.397 86.116
73.013 68.915
73.802 88.186
5.673 20.897
56.021 15.925
91.109 69.139
49.878 5.47
37.269 0.673
76.996 39.744
34.511 62.176
88.524 98.116
87.393 9.826
21.142 12.808
62.663 6.604
49.153 73.441
44.653 30.147
13.88 8.917
57.152 16.727
79.988 20.52
88.83 25.571
40.055 3.223
65.699 98.45
77.007 51.797
24.671 50.234
68.44 49.199
41.019 37.074
56.502 18.97
15.34 68.833
43.369 37.323
66.06 33.989
30.759 84.9
89.282 18.469
8.787 20.014
49.517 53.464
10.263 86.184
2.572 47.477
50.274 21.718
77.455 82.035
61.016 39.374
91.556 31.224
76.206 4.886
35.26 37.13
92.719 97.697
82.468 11.767
70.901 64.052
34.541 18.913
12.668 69.367
96.503 28.524
24.708 52.616
30.987 10.864
94.498 55.243
43.03 33.213
69.032 17.569
26.61 22.755
83.362 71.533
12.19 75.351
39.063 7.611
98.688 58.562
91.187 43.159
1.498 69.005
92.487 27.363
23.438 12.949
81.177 35.695
47.662 18.232
79.135 95.911
40.526 54.055
58.172 33.262
28.163 30.041
54.917 80.802
58.326 18.632
39.521 82.776
68.153 31.478
47.486 83.64
87.533 7.677
50.949 87.756
62.532 18.777
12.002 88.014
47.122 39.225
96.012 52.048
23.649 75.617
78.969 26.713
17.899 32.735
72.514 77.75
44.657 23.711
3.764 90.643
72.64 70.24
25.974 0.886
69.519 50.053
4.754 9.757
44.899 56.185
19.894 7.595
48.297 45.683
73.143 46.534
74.127 25.381
56.014 70.952
67.29 85.508
81.313 15.766
67.489 68.708
35.391 62.132
24.748 35.694
82.257 92.631
29.737 85.956
74.177 51.197
35.221 44.625
46.775 79.912
89.216 86.157
86.504 25.554
22.47 13.265
16.644 81.031
22.178 34.763
92.461 55.249
57.144 81.783
85.283 38.869
6.135 49.76
21.566 82.072
91.34 83.454
35.423 37.194
76.245 0.514
77.391 51.462
88.642 17.38
52.864 51.836
66.168 46.051
41.648 31.139
50.176 62.833
76.711 1.443
96.569 63.209
34.896 57.06
89.355 50.778
38.785 44.754
48.76 33.604
72.257 11.409
77.731 0.109
82.366 7.47
71.901 56.986
15.489 54.516
13.743 97.997
99.589 50.248
51.029 1.389
92.436 2.376
94.412 47.061
81.752 39.171
28.759 20.771
91.823 54.646
77.323 36.548
72.731 16.484
64.317 65.399
84.376 9.252
78.44 91.604
94.829 86.437
91.373 74.186
80.629 70.7
43.224 41.04
58.025 34.536
85.119 74.304
99.484 27.747
58.05 47.234
63.592 32.187
0.018 8.269
5.453 84.844
52.083 26.141
45.091 12.945
86.372 46.078
45.226 38.469
94.832 38.527
25.626 31.358
15.57 83.402
84.035 23.642
15.737 45.437
23.729 35.327
9.158 18.4
6.518 71.89
52.595 31.42
53.332 79.882
67.201 54.893
30.829 77.651
58.512 24.553
38.918 87.244
73.127 85.429
74.81 70.899
81.76 95.347
0.468 43.309
20.266 37.017
58.039 49.876
12.385 72.694
95.765 33.139
88.606 23.584
56.689 33.858
0.067 28.894
74.51 0.095
78.02 20.559
88.994 68.1
27.58 92.859
79.47 1.388
35.735 65.049
90.865 77.387
68.194 9.173
60.937 52.371
72.07 71.9
6.75 86.364
76.139 58.674
99.24 63.541
81.955 13.049
72.716 73.497
15.886 25.081
84.175 72.072
78.188 94.928
49.376 16.735
62.473 53.221
51.024 11.152
36.656 91.614
71.758 76.108
62.895 96.941
96.11 90.429
29.524 59.328
3.632 57.445
16.933 86.989
24.714 23.389
71.962 29.917
33.607 42.467
6.74 55.128
20.511 84.189
76.959 59.871
39.803 20.68
28.487 60.273
52.377 91.18
95.382 29.836
0.298 99.652
54.012 26.069
8.451 41.468
94.264 7.249
88.563 68.943
5.911 53.369
94.748 86.513
4.193 8.985
32.246 54.191
58.775 51.503
25.807 81.09
27.77 63.268
9.937 46.037
0.707 22.519
97.604 62.458
27.802 26.067
10.214 31.168
39.786 90.383
85.565 3.03
95.413 85.508
81.237 4.098
13.318 41.773
10.938 27.228
19.888 10.183
75.752 9.937
38.362 7.913
31.851 5.986
56.767 74.366
64.241 57.246
34.646 47.098
11.552 81.872
82.871 28.25
26.161 96.074
12.239 58.863
41.101 51.43
22.953 59.726
12.447 7.773
26.886 44.549
2.368 77.92
34.232 43.928
55.451 82.183
27.446 50.643
67.287 85.148
27.13 25.926
16.584 38.13
15.712 70.714
41.884 54.748
76.391 19.192
63.52 73.752
95.623 90.107
73.462 11.586
9.172 90.029
99.955 33.43
18.294 34.012
8.689 15.564
24.453 75.01
58.782 38.517
52.237 74.635
22.774 0.138
18.593 72.429
95.544 66.007
38.222 2.192
35.377 9.992
99.741 20.581
68.909 91.27
83.274 63.405
46.445 60.818
10.714 89.278
90.757 4.741
47.38 44.964
63.658 25.992
28.788 3.541
0.186 57.728
0.83 35.694
29.101 3.159
72.853 3.926
66.264 88.609
6.17 29.621
89.898 39.543
43.585 22.685
10.553 44.341
2.853 84.206
59.494 67.973
16.582 94.868
82.216 0.875
22.335 95.426
1.083 41.712
62.237 1.864
63.356 36.307
34.216 81.88
50.454 72.592
99.051 96.243
59.019 27.522
61.31 65.734
9.725 24.73
52.114 67.431
32.388 49.604
23.008 35.537
42.324 77.097
14.825 56.069
19.895 66.847
99.848 38.626
62.952 22.505
45.828 61.349
87.694 99.563
22.652 21.676
8.126 53.111
39.908 87.142
69.692 95.605
62.581 34.867
11.458 19.728
2.421 94.459
80.942 61.543
3.513 2.763
28.26 10.885
70.535 60.24
63.654 64.031
17.778 68.847
53.099 78.753
50.024 84.038
50.018 60.058
61.592 90.538
88.865 45.351
45.984 47.918
22.573 30.694
43.797 40.383
92.048 44.302
22.271 33.336
49.756 21.494
80.198 57.491
1.864 94.815
98.791 41.306
81.768 31.392
83.149 6.165
91.014 20.256
29.622 64.912
34.017 72.473
38.106 27.147
56.277 52.001
65.942 24.981
26.246 91.7
42.778 97.018
78.551 69.228
79.336 71.571
87.801 85.726
1.551 51.629
40.838 86.828
3.562 30.012
89.906 59.238
67.506 78.205
72.559 16.106
77.119 38.555
15.412 95.335
14.482 69.16
59.889 86.844
75.373 25.998
14.524 4.128
83.089 43.653
23.977 5.577
93.743 91.63
79.668 6.582
98.442 72.138
52.312 60.163
14.969 96.088
55.765 9.849
47.77 46.137
74.233 5.235
21.873 89.916
71.566 73.511
96.976 47.423
88.724 61.508
50.437 9.679
60.9 83.277
71.363 26.465
28.657 17.904
97.366 5.714
81.564 61.33
60.044 27.955
67.187 88.669
85.862 91.101
61.885 42.87
25.94 83.56
4.469 99.881
16.835 38.417
96.391 36.344
26.041 13.474
8.773 56.746
20.159 66.079
66.242 56.025
42.225 98.171
22.852 39.609
88.976 29.682
88.556 60.891
76.654 89.312
75.7 4.013
75.909 35.532
4.947 71.011
57.214 96.363
15.097 98.598
70.887 97.68
82.075 1.165
34.201 42.941
16.492 70.018
75.234 25.454
93.908 71.768
33.978 43.273
92.301 95.992
20.717 68.903
11.096 82.234
85.742 22.5
7.146 15.401
48.982 10.635
65.83 13.337
45.393 25.573
3.029 48.753
97.211 35.03
91.202 4.173
38.797 8.72
40.675 32.614
54.952 56.862
60.656 1.206
2.143 38.465
80.193 65.456
3.809 28.287
84.149 21.068
80.154 98.521
25.882 59.94
78.85 80.372
15.898 74.577
89.475 88.88
78.115 25.31
23.678 71.362
24.103 58.86
77.521 85.261
52.71 79.435
14.599 68.067
96.84 64.665
72.018 97.856
21.701 46.378
78.341 62.866
2.151 27.636
68.343 9.109
97.733 8.485
74.401 24.203
12.586 24.564
49.982 96.542
65.944 97.289
30.749 18.469
7.583 89.048
80.391 76.994
24.47 71.269
46.122 11.05
2.406 38.489
66.762 32.678
79.01 37.739
21.189 84.607
82.539 2.064
50.626 51.628
45.418 86.505
3.206 71.863
59.723 36.612
10.121 41.025
39.965 63.622
87.757 23.619
82.989 41.636
82.443 49.282
62.211 96.339
18.861 64.069
13.571 81.769
55.714 71.673
71.827 20.186
63.19 23.981
40.83 90.501
89.411 88.36
75.236 34.263
1.68 2.525
29.39 40.474
51.911 33.865
66.307 86.284
6.407 88.446
38.861 93.207
29.822 95.015
74.075 90.701
31.049 81.451
99.364 23.797
73.507 99.399
38.985 4.256
46.241 28.719
35.452 4.084
60.744 29.523
97.895 25.453
68.854 79.742
55.842 93.78
94.193 19.275
71.741 28.082
93.521 52.133
96.009 42.551
56.185 5.717
58.986 69.83
43.377 21.187
90.913 46.91
91.279 90.378
86.654 50.096
82.58 28.571
24.338 31.86
87.152 6.693
43.621 35.451
54.322 2.813
15.11 4.55
83.556 94.376
74.088 44.394
98.168 3.453
47.841 73.012
5.774 98.836
44.793 55.342
33.15 93.171
53.657 73.653
21.59 78.733
48.252 4.793
91.717 67.203
48.489 28.544
48.714 40.975
3.443 8.034
89.011 60.742
30.05 41.858
73.247 44.788
62.948 11.43
58.149 50.795
42.699 7.254
61.846 4.678
91.754 75.884
65.019 67.488
24.092 51.0
68.39 25.91
88.314 5.064
78.426 8.671
68.225 27.201
25.274 5.694
30.267 68.199
41.669 63.898
67.279 26.172
55.897 80.991
16.659 14.796
24.549 74.077
25.808 93.245
61.848 92.286
13.301 78.305
28.183 11.893
97.887 68.877
86.99 16.551
66.727 88.598
22.747 85.493
77.684 46.947
62.613 81.779
80.247 18.351
20.748 96.926
22.161 25.731
33.186 88.136
94.127 28.366
58.634 24.479
23.922 79.159
39.505 96.329
67.308 60.173
88.528 11.952
82.225 57.378
38.209 67.913
71.619 72.556
99.546 69.122
86.814 70.195
14.979 10.91
24.8 97.251
21.265 46.613
33.883 24.234
15.521 86.828
95.313 83.118
5.855 42.008
85.884 6.753
82.416 71.301
35.006 14.181
73.239 13.35
1.077 68.179
33.523 87.998
7.029 21.286
38.13 81.462
87.09 27.053
77.871 85.363
63.108 16.275
25.08 76.809
81.103 38.527
99.027 57.545
72.45 30.724
8.399 10.182
32.052 83.985
96.8 11.925
86.915 27.175
5.353 19.814
42.607 59.207
60.162 33.071
33.17 70.59
49.256 90.618
68.927 92.918
62.734 6.965
22.028 13.491
24.918 2.253
45.969 84.153
12.748 96.347
49.344 56.797
1.192 82.426
83.978 3.036
42.683 82.513
17.112 20.307
81.283 55.052
28.97 64.506
62.384 66.134
13.994 3.895
57.029 15.022
55.698 4.758
64.183 38.275
30.947 69.664
61.942 43.692
63.486 33.236
23.74 45.562
68.444 62.891
93.583 18.52
87.559 52.481
85.28 81.713
10.804 18.948
22.43 24.229
32.102 68.581
86.224 18.337
81.165 17.463
99.726 12.918
85.849 92.55
13.005 17.573
42.838 15.979
47.31 61.286
29.214 2.249
9.87 62.156
31.307 42.173
82.579 91.214
94.204 52.473
32.962 27.034
89.175 58.719
43.973 17.599
67.575 35.219
13.754 81.546
21.662 10.389
66.773 99.611
59.174 68.195
40.464 60.645
15.004 14.18
49.376 59.0
3.025 87.949
25.012 39.329
57.301 61.219
28.582 62.498
44.386 58.008
51.744 62.488
36.211 86.809
96.761 21.868
0.89 27.074
93.149 81.683
40.054 53.65
53.335 67.792
45.743 47.617
26.258 86.931
17.547 11.411
76.982 61.699
1.537 28.525
97.696 61.387
41.72 42.753
79.32 30.716
96.827 57.669
81.242 78.46
8.055 49.73
80.654 70.143
63.231 89.64
30.532 56.748
6.791 5.203
65.69 42.996
54.071 59.156
9.794 50.181
73.701 15.374
94.557 71.203
22.632 77.7
68.121 98.85
87.704 51.521
8.736 81.099
61.509 34.46
1.694 65.467
93.798 84.322
69.673 53.206
66.478 13.633
83.029 50.804
38.526 11.855
91.861 66.24
34.383 54.077
46.975 89.268
63.834 26.828
10.933 4.312
91.172 88.634
35.412 77.57
88.558 26.976
73.115 67.942
54.219 10.333
48.541 66.84
95.863 93.21
57.751 3.978
82.777 1.28
90.433 57.74
82.821 74.735
78.968 71.59
3.127 18.598
7.474 95.525
45.994 25.091
56.173 68.531
3.424 17.342
44.038 80.003
24.816 67.725
70.545 89.507
21.924 0.161
55.34 39.429
16.468 94.152
49.568 69.828
21.783 0.497
12.162 87.872
75.421 93.663
62.739 61.157
12.292 77.215
10.86 2.33
12.836 18.867
68.135 39.912
16.615 22.494
51.266 51.427
99.543 96.609
41.925 44.788
37.311 94.892
62.549 25.557
55.529 27.464
98.235 62.099
25.569 42.604
93.439 2.996
76.875 15.083
32.664 60.591
3.887 17.692
86.873 99.809
41.77 50.221
60.554 91.431
85.197 21.662
90.59 67.067
34.962 18.617
93.46 35.089
42.567 4.202
38.766 92.825
73.164 66.565
37.95 57.617
61.845 11.26
86.76 34.865
72.36 0.666
85.661 25.917
1.611 47.886
94.463 84.754
27.782 41.694
20.49 65.061
75.177 86.076
48.276 96.988
22.954 44.663
67.036 61.978
38.401 11.182
92.366 95.387
14.817 75.968
98.938 19.584
69.434 91.86
34.084 41.31
28.275 57.886
19.25 38.689
48.096 11.64
84.958 13.163
35.917 40.302
68.767 53.997
20.677 10.267
3.058 85.414
8.028 48.209
34.28 94.056
44.87 58.851
45.77 75.786
78.836 28.218
36.363 30.046
77.164 79.39
60.514 39.8
18.366 76.511
23.949 52.225
39.478 85.561
19.666 41.985
44.107 92.428
6.337 75.929
36.901 17.612
77.52 99.529
13.63 22.165
85.95 87.441
18.158 24.533
49.195 62.363
49.504 25.011
32.753 89.331
84.517 4.092
95.791 39.665
30.737 84.963
46.069 71.174
65.506 2.029
38.879 29.465
4.634 43.817
64.382 30.785
1.456 22.762
14.657 95.784
74.693 8.429
97.51 34.457
24.444 57.761
86.925 40.907
55.317 57.642
27.891 82.063
88.189 68.18
96.601 68.416
14.728 59.818
44.432 30.035
4.008 67.439
45.883 67.952
58.762 42.315
73.504 85.454
57.091 35.432
96.296 2.454
8.146 66.627
52.836 41.536
58.963 80.011
99.433 61.026
67.429 32.384
4.748 28.614
75.172 20.725
72.61 92.29
45.37 15.629
34.633 44.63
39.871 73.538
21.013 59.968
69.201 88.632
96.216 93.921
94.648 97.735
40.433 24.294
67.138 22.37
99.587 31.283
33.387 26.325
53.613 94.719
16.619 55.876
57.562 74.649
59.747 23.083
86.61 36.375
83.683 6.916
90.785 94.245
37.439 3.958
21.48 86.442
20.354 48.548
63.069 38.726
16.339 44.459
90.973 46.655
25.148 98.605
14.037 84.175
3.993 89.649
60.837 24.213
96.164 86.559
42.418 17.654
23.785 26.519
57.231 4.852
40.385 35.824
52.796 31.332
93.132 45.574
50.733 30.208
93.295 15.293
37.893 71.631
94.405 70.813
92.246 94.591
72.711 4.691
47.205 58.677
94.737 85.941
59.314 52.636
83.613 78.911
49.215 63.882
86.078 21.643
37.518 98.801
69.121 62.343
87.794 91.564
52.676 36.844
73.253 72.616
36.572 19.915
70.855 81.888
96.519 6.358
54.987 53.695
69.352 85.143
34.026 85.769
24.219 80.896
78.884 13.984
4.901 95.766
86.169 26.466
51.167 21.567
73.739 5.541
51.183 65.517
9.518 48.439
55.78 13.233
53.125 68.46
58.786 3.724
53.827 63.271
15.058 91.723
4.878 38.401
6.72 63.037
26.076 56.778
49.966 55.809
10.096 51.996
42.411 3.126
70.534 80.963
90.187 26.677
76.139 99.625
15.042 99.143
93.805 23.375
50.191 4.303
34.483 39.617
77.497 96.905
61.295 81.418
37.671 2.682
45.378 23.622
48.934 50.344
90.966 34.337
63.227 60.686
28.065 47.263
68.533 45.546
3.428 69.513
52.961 54.886
3.555 46.172
89.183 15.837
40.547 99.015
91.563 93.846
14.937 37.833
37.142 27.409
85.522 23.28
51.802 9.227
91.744 33.402
15.067 93.846
40.077 64.53
73.785 37.328
36.63 31.255
83.374 33.08
35.915 77.701
83.839 33.334
42.09 18.793
16.651 65.37
41.826 36.871
82.747 32.958
31.004 2.885
64.938 60.711
56.143 74.475
16.882 80.567
4.488 13.816
82.191 86.526
56.738 52.442
43.647 6.929
45.045 80.856
35.811 96.133
17.594 80.284
16.151 62.22
34.38 59.744
22.205 9.24
96.496 45.318
65.828 69.183
18.255 34.097
74.822 9.515
49.645 14.832
94.949 91.434
77.653 10.754
61.625 86.105
5.206 40.882
20.909 98.619
10.117 48.656
22.686 74.786
18.012 80.347
22.118 19.433
63.727 50.845
78.516 15.288
91.602 82.07
0.117 67.217
46.57 90.555
45.551 97.732
99.13 95.394
1.493 96.704
52.78 18.007
81.044 87.239
86.836 14.989
72.53 86.798
80.533 18.658
65.246 12.509
80.251 49.285
17.68 36.302
1.787 91.9
44.065 6.399
33.248 27.978
87.901 58.351
82.639 88.681
77.264 78.988
33.786 47.662
16.838 13.644
65.156 79.534
96.156 22.012
54.555 33.553
99.744 41.25
62.884 91.089
85.742 18.491
3.559 8.318
71.074 68.192
20.713 36.209
76.851 99.799
9.618 60.72
8.485 96.571
60.039 89.317
78.327 59.786
70.699 79.888
16.621 14.361
53.057 50.311
23.077 36.701
69.809 56.025
31.534 30.956
50.363 59.191
69.055 90.483
10.143 11.96
88.596 84.853
77.535 95.541
18.891 85.126
3.248 2.964
97.528 71.907
97.282 82.918
99.609 43.854
65.778 90.374
89.273 29.807
69.862 5.682
64.518 12.271
53.59 86.085
53.359 10.622
89.356 47.646
49.372 85.291
25.48 1.739
58.953 57.357
14.438 75.252
94.651 59.108
3.981 70.38
22.258 5.176
13.729 39.792
31.822 71.192
22.039 51.82
27.42 33.11
68.007 99.434
46.586 65.449
92.705 33.923
68.01 97.578
4.616 1.142
87.363 0.819
41.812 91.526
43.709 66.612
74.371 31.0
20.173 46.113
80.529 15.587
94.034 63.306
87.963 18.588
13.482 74.233
93.063 82.017
79.01 35.579
57.258 86.692
17.058 10.574
70.543 65.201
16.791 60.631
6.09 54.813
90.541 1.968
29.262 55.04
13.018 15.652
68.757 3.232
56.035 81.799
23.565 73.752
76.612 79.445
17.842 36.744
16.235 41.662
82.953 9.662
12.464 97.781
77.359 25.093
97.244 73.499
42.562 2.447
31.472 51.089
0.6 83.602
38.807 72.505
66.719 45.881
59.891 36.451
71.401 68.694
79.978 1.276
8.229 35.434
64.015 1.572
1.881 96.391
30.104 52.668
67.537 34.271
82.427 0.615
80.982 37.522
6.793 81.854
55.937 77.962
15.099 13.479
20.577 22.606
20.498 36.735
89.254 85.437
9.177 62.005
14.65 20.069
50.364 89.977
24.909 42.396
96.873 36.65
70.291 2.773
28.271 13.486
59.577 31.184
26.677 52.019
6.906 30.897
67.868 78.247
63.424 71.724
77.946 16.592
37.948 28.153
37.694 72.437
57.82 12.647
33.881 9.534
93.123 69.353
23.565 79.8
64.18 92.897
90.152 10.723
56.535 76.397
52.321 82.348
88.53 50.119
13.691 3.418
34.547 73.378
20.814 73.122
39.076 41.487
80.913 80.747
5.361 51.201
46.526 36.394
96.456 63.545
6.944 88.564
83.465 76.235
40.884 85.452
39.866 42.786
97.042 0.277
37.744 93.003
24.362 82.9
52.492 27.221
35.014 97.84
4.325 89.484
66.493 29.849
32.875 56.121
32.834 95.926
85.062 15.691
36.289 9.36
63.409 28.651
44.025 36.711
16.21 0.075
8.862 20.425
39.124 47.349
47.768 5.995
26.79 83.284
38.455 61.854
95.089 36.58
51.255 39.781
76.975 58.04
42.959 63.656
11.605 50.051
53.705 60.254
95.978 34.825
40.543 19.958
30.283 57.339
25.733 37.667
23.077 11.985
77.612 51.086
25.391 68.346
6.521 72.241
77.33 19.44
89.736 99.33
37.831 69.674
20.983 8.163
39.69 23.619
39.281 42.064
30.728 81.046
20.544 85.665
27.015 93.782
86.987 73.34
69.46 87.87
29.705 1.475
17.165 92.568
55.254 73.796
26.071 63.327
53.807 27.945
28.479 57.785
96.172 36.513
9.642 65.839
75.208 1.587
34.688 82.099
71.789 65.62
73.333 34.564
35.696 37.629
43.705 30.671
1.508 85.312
8.893 25.46
81.497 60.414
17.547 94.716
17.411 11.903
43.301 99.483
12.255 58.827
20.116 6.551
39.053 92.739
20.514 78.994
68.74 44.973
94.907 19.485
22.304 99.596
8.191 21.114
88.366 72.534
60.448 77.411
70.72 48.52
74.773 76.183
46.735 24.82
95.059 67.739
73.064 81.936
52.945 65.688
48.391 38.17
91.713 98.122
17.319 28.158
73.987 91.611
40.344 11.046
64.735 29.854
73.011 36.15
47.71 87.202
69.613 21.183
3.513 35.292
75.869 3.804
49.494 84.9
9.242 39.4
33.734 51.82
83.035 18.579
37.612 54.159
50.774 7.579
96.421 84.011
34.07 59.163
11.453 58.62
62.142 14.408
88.471 97.375
81.687 29.743
91.128 86.589
73.207 28.197
89.25 97.757
94.201 28.74
15.111 68.512
74.242 19.531
61.701 71.722
74.991 99.485
60.611 81.794
80.284 40.495
29.546 29.95
61.004 13.767
95.559 22.064
92.4 42.292
88.801 7.396
93.983 35.95
16.569 16.693
94.865 35.48
61.536 82.942
82.8 74.287
59.552 77.023
10.321 94.724
41.211 73.557
28.662 67.622
22.236 22.317
64.751 41.467
0.051 7.81
69.021 21.999
41.563 20.711
20.77 92.086
70.502 99.263
9.272 16.771
45.616 51.353
24.936 97.041
78.857 89.058
20.243 46.684
89.805 51.639
73.953 81.445
76.127 31.353
29.279 14.258
43.638 68.38
7.304 1.044
41.131 0.009
83.849 56.234
7.728 86.618
2.737 97.011
17.745 65.872
52.486 42.376
91.939 48.377
90.961 42.511
21.861 28.508
78.32 37.79
39.226 37.123
62.448 29.364
9.843 66.9
21.339 90.963
21.037 34.061
75.228 64.87
50.794 51.784
66.606 69.963
34.731 82.879
58.498 40.642
72.395 36.433
94.292 21.823
3.933 2.539
1.162 99.701
49.915 7.55
44.713 15.118
76.96 59.754
94.644 13.413
8.791 59.156
11.6 63.177
82.761 17.925
79.953 62.129
22.242 8.601
41.494 31.682
2.562 49.895
46.748 77.09
13.348 48.29
16.213 78.525
81.033 33.115
3.83 77.381
53.961 84.307
45.235 18.979
67.663 52.714
57.009 21.974
87.102 77.582
58.148 4.584
85.227 34.063
11.511 75.004
0.825 9.041
73.076 63.275
54.764 65.455
82.525 35.027
70.766 98.544
18.266 41.066
76.747 2.748
82.233 51.044
50.49 76.628
46.654 40.12
57.601 40.579
83.548 5.868
43.764 45.191
60.017 56.631
45.132 86.059
4.291 22.614
4.868 31.655
36.023 2.138
41.23 98.7
66.278 22.967
97.524 40.98
42.528 13.357
97.743 3.365
32.603 11.865
74.054 6.154
44.972 35.972
40.893 16.139
37.088 13.803
47.148 49.453
21.917 73.351
93.833 7.363
42.219 3.064
99.843 94.183
27.513 71.068
66.142 12.089
82.437 25.527
26.928 13.742
30.259 58.493
16.916 9.956
93.593 92.082
97.433 77.211
68.272 68.63
62.631 35.95
60.551 28.646
74.946 49.795
54.46 2.796
12.659 93.024
47.536 48.743
98.935 42.531
20.64 83.076
59.321 39.326
32.888 73.237
14.671 63.839
99.937 8.013
46.314 6.624
42.103 32.599
55.812 60.764
68.768 32.194
71.234 72.712
9.359 67.468
76.551 35.36
54.175 60.938
53.402 57.44
32.474 89.819
41.525 25.994
17.837 86.314
97.236 99.264
34.201 57.859
88.413 9.902
70.758 41.718
69.95 57.277
60.346 36.319
16.019 86.855
65.088 52.556
67.766 38.486
49.389 21.351
73.954 80.563
48.652 29.863
43.611 71.38
40.63 82.384
73.044 60.819
20.016 48.929
57.312 6.722
68.607 35.182
76.94 81.403
79.283 16.122
54.24 47.24
41.122 66.424
76.212 83.239
7.414 65.419
26.835 27.772
59.264 54.68
26.195 44.563
31.164 61.53
98.677 95.667
72.752 42.704
53.138 84.349
0.8 18.054
48.647 9.034
0.028 39.439
4.649 60.912
20.397 20.053
26.854 41.188
51.061 80.461
64.998 85.122
42.83 48.426
80.326 5.339
10.75 79.533
84.849 70.822
93.957 88.181
67.801 54.906
19.736 34.62
79.756 18.074
52.5 39.763
42.602 96.004
22.209 20.67
17.048 77.285
57.302 79.64
37.907 48.533
19.716 48.762
48.741 43.672
49.304 33.506
96.645 98.414
9.23 26.549
48.147 59.262
47.039 99.059
27.177 98.588
6.308 54.926
74.556 39.573
19.475 64.095
42.962 32.3
49.474 19.687
95.114 98.849
82.924 6.239
77.491 98.107
9.313 74.698
1.237 48.625
82.288 10.694
70.878 12.997
96.726 33.035
0.164 48.204
82.833 95.226
95.337 63.979
69.954 54.767
56.864 4.597
34.91 27.367
78.276 39.082
27.83 83.096
25.901 16.202
19.069 59.0
6.424 4.529
11.946 16.065
81.979 71.529
9.272 13.735
23.536 43.25
97.692 87.891
93.193 54.725
5.04 36.277
4.882 72.599
3.312 86.216
74.992 60.191
25.4 11.018
21.83 67.144
50.072 34.001
50.866 76.299
56.172 19.925
75.283 31.81
11.261 58.083
71.938 55.75
75.955 27.617
72.593 24.003
23.969 66.818
60.224 92.963
57.861 5.648
41.068 2.319
66.303 28.63
86.813 17.327
67.563 78.617
29.59 75.563
13.744 7.395
87.266 56.877
68.935 49.9
80.864 67.618
78.322 64.262
21.541 53.054
60.616 77.649
21.0 47.184
46.031 53.294
61.53 35.337
5.719 11.225
44.58 26.332
47.225 92.392
87.881 71.789
90.923 13.758
16.245 41.681
33.359 5.655
53.98 62.14
36.848 55.911
77.273 34.009
75.785 35.603
41.207 58.254
54.511 44.092
38.396 75.456
57.212 16.399
73.982 24.831
6.25 8.445
84.324 3.494
42.37 83.998
99.853 48.269
50.001 27.593
1.231 33.599
42.736 68.277
33.466 37.527
38.965 38.185
13.698 93.235
32.449 84.401
55.983 9.936
14.066 41.16
50.585 17.394
58.781 66.593
59.146 3.907
96.783 52.535
65.666 27.929
74.516 41.967
77.219 49.709
56.717 30.307
71.797 97.762
44.384 72.949
53.019 39.978
74.436 58.539
92.744 15.234
16.543 27.839
43.349 45.345
18.837 41.447
9.806 37.323
27.909 48.164
73.144 34.831
25.097 6.083
79.331 69.005
81.1 84.493
90.474 92.57
9.64 93.961
99.453 26.255
33.553 53.426
19.096 96.525
22.711 84.237
2.592 83.972
33.826 21.957
76.064 7.523
80.58 22.381
81.685 27.832
20.518 16.341
62.877 77.726
49.353 5.813
4.846 87.375
92.824 78.846
3.571 44.742
70.493 66.204
36.394 77.874
27.359 50.173
96.007 34.316
24.789 43.929
82.171 22.134
68.299 1.173
54.084 62.704
15.795 31.342
76.738 85.763
93.279 71.958
17.488 28.087
42.106 4.262
16.7 80.163
21.867 85.889
56.71 92.265
99.512 17.308
37.893 28.888
43.339 99.45
73.135 7.269
1.735 41.646
67.239 48.978
51.545 75.765
35.379 39.389
47.992 66.035
14.357 45.878
13.839 49.964
45.715 97.859
18.867 43.027
94.546 79.257
92.645 10.887
24.98 52.371
30.463 89.716
5.25 25.135
75.934 57.227
89.788 39.214
77.872 86.301
93.769 55.39
82.491 9.703
17.229 9.243
34.751 47.295
62.346 41.482
55.597 74.077
95.923 41.39
98.738 64.485
51.582 56.733
55.788 49.029
30.503 89.648
14.703 95.22
7.005 44.479
32.636 75.203
7.151 54.135
18.053 48.416
22.402 51.575
69.756 52.733
73.877 17.407
21.604 85.936
32.702 41.269
38.49 64.093
80.577 14.026
1.606 62.545
92.277 56.648
12.368 87.926
62.008 71.226
88.651 21.244
29.834 9.285
48.953 55.035
84.772 11.585
33.201 55.041
98.402 64.951
26.343 68.033
21.463 35.698
33.756 43.845
19.749 54.35
92.791 33.257
2.838 45.189
16.851 60.422
15.12 54.666
73.453 84.369
89.579 38.793
89.152 75.044
58.259 60.745
17.16 27.964
91.204 14.864
14.951 35.435
64.102 63.971
79.102 2.493
34.408 61.845
5.518 65.691
40.428 18.32
77.452 88.638
20.608 93.97
82.797 12.64
75.716 39.114
61.486 29.014
5.901 19.766
77.61 10.247
9.755 72.137
52.979 39.004
59.285 13.727
33.88 87.678
36.6 45.9
99.877 83.475
64.369 30.015
12.304 67.401
25.772 86.044
35.302 51.91
64.965 39.445
77.838 33.753
92.05 78.567
95.975 72.322
66.412 69.782
99.491 8.417
67.151 82.812
15.225 70.551
38.374 49.491
72.583 78.513
23.781 79.323
42.426 11.509
30.44 23.201
72.149 12.531
60.014 78.176
6.025 94.991
81.967 88.159
19.032 43.211
21.592 81.444
3.678 62.347
11.454 94.591
50.432 38.999
65.969 0.267
37.487 96.823
42.653 26.056
29.581 86.25
70.029 12.619
70.712 15.55
70.251 77.644
1.082 11.327
48.205 44.411
12.739 35.834
38.654 76.712
67.915 82.294
2.118 20.537
76.124 39.267
5.341 0.73
55.737 34.339
15.978 1.87
64.912 14.707
63.431 46.501
89.229 17.315
43.188 37.092
9.248 61.064
35.274 51.18
18.458 43.477
66.529 65.482
85.948 45.761
81.445 35.864
99.599 73.522
4.69 60.18
59.31 72.469
26.054 9.391
70.662 48.583
0.206 50.85
53.462 5.306
5.954 87.693
5.493 44.725
77.699 19.8
95.82 89.273
25.038 37.075
92.236 12.9
64.76 25.663
3.114 21.145
27.583 17.318
34.964 0.163
1.705 27.554
6.462 13.265
82.936 12.297
8.963 44.567
10.922 61.008
38.929 57.932
27.315 24.826
55.993 47.232
90.531 8.0
87.966 88.189
16.761 30.506
48.088 47.988
63.474 93.41
92.8 38.223
78.944 98.731
88.06 19.29
33.619 95.895
63.94 44.129
62.674 50.584
54.217 30.903
48.44 58.509
33.147 62.764
88.443 55.829
21.291 60.473
70.545 9.683
88.097 82.075
59.652 38.084
55.299 3.982
83.447 2.859
53.422 86.729
3.155 37.629
46.118 69.736
75.927 3.146
99.935 92.594
13.134 5.733
5.611 21.51
47.351 0.131
77.472 15.217
21.026 53.987
5.193 77.075
65.22 80.102
71.519 26.9
26.959 93.222
62.459 80.421
51.508 5.988
93.558 97.276
27.727 41.257
14.723 71.402
75.964 45.366
76.973 81.242
81.374 98.006
47.136 6.041
80.003 91.749
37.889 8.626
56.098 0.231
39.5 63.888
53.946 71.111
45.623 11.108
53.713 0.629
18.902 56.027
84.631 86.889
64.877 74.92
43.829 66.062
43.574 38.613
67.97 48.79
95.052 1.212
56.112 7.61
68.296 77.771
75.276 75.588
3.624 14.502
37.851 77.074
20.992 42.002
65.079 67.598
37.962 94.179
56.736 23.928
23.343 76.683
7.403 55.787
53.803 46.171
31.219 6.375
82.669 11.397
18.683 98.269
98.571 45.485
7.4 50.208
37.784 68.354
86.429 55.872
75.708 34.348
49.96 63.584
93.693 17.717
7.444 94.812
4.539 54.587
78.189 49.887
69.311 62.89
29.389 52.307
49.537 68.807
30.033 88.396
39.879 66.771
13.009 84.999
45.413 79.694
81.48 64.369
63.441 40.136
60.481 5.691
74.233 47.642
37.432 82.844
5.84 77.49
60.456 2.398
40.492 30.169
72.594 46.41
0.218 69.444
45.371 19.622
78.764 23.132
22.015 27.902
49.058 77.74
4.611 18.31
96.553 55.312
65.821 93.127
80.897 93.269
89.26 53.867
85.345 85.41
66.709 59.747
47.145 89.135
18.501 35.389
57.128 21.424
18.966 91.023
34.387 7.038
30.886 18.637
86.322 25.072
58.61 79.65
97.467 97.356
4.25 52.15
68.422 36.047
90.42 25.509
64.32 35.499
29.886 44.989
74.623 8.764
49.301 54.82
44.067 49.949
57.124 24.717
64.677 15.674
7.863 44.029
18.763 27.751
27.141 37.302
13.833 84.138
9.574 64.475
4.15 88.055
55.349 91.262
88.981 64.694
1.096 24.574
11.637 51.06
14.394 76.608
50.317 22.757
49.513 36.211
19.478 78.298
20.856 11.647
36.172 13.163
88.304 24.9
49.601 28.587
49.525 10.539
73.338 33.253
74.36 58.387
73.724 52.892
18.415 0.719
84.944 74.132
99.382 75.681
62.13 10.398
1.524 69.878
70.603 49.357
14.657 51.717
73.62 73.145
26.317 79.911
14.282 13.66
26.048 22.593
53.394 98.85
95.003 23.371
26.49 51.037
94.99 80.574
82.713 62.561
97.016 58.135
48.051 15.755
42.977 95.94
12.331 46.235
29.236 93.104
74.496 18.534
30.684 55.761
69.699 65.054
93.003 42.383
47.936 53.186
99.609 41.713
10.736 16.081
20.126 63.707
33.017 63.464
26.827 68.465
8.066 36.019
96.806 20.15
85.803 57.805
40.825 23.789
21.878 34.225
52.714 14.307
61.337 65.075
93.437 87.264
88.272 34.66
32.138 1.294
23.44 17.477
25.754 14.725
54.605 45.437
5.5 42.739
11.532 8.839
33.264 60.292
62.094 5.69
74.679 95.642
10.382 1.597
94.942 91.008
18.587 20.801
43.016 66.309
11.282 87.435
78.72 64.671
84.895 5.778
6.628 58.669
9.982 64.184
0.475 85.89
62.193 23.186
80.058 56.119
31.302 84.356
66.201 13.403
96.491 63.816
3.388 10.155
13.487 51.061
84.706 88.141
6.766 18.192
84.404 35.107
79.246 20.112
20.705 83.749
0.687 40.838
50.907 87.191
71.003 33.421
33.139 52.814
71.608 25.157
2.106 50.667
39.794 54.374
77.861 74.295
91.46 73.22
2.807 52.265
75.197 83.069
31.32 50.728
15.999 43.981
66.242 33.407
36.539 88.381
25.476 32.749
35.431 29.163
64.616 92.113
90.603 4.49
20.851 60.048
56.383 57.989
87.877 5.102
51.896 89.065
4.16 25.335
23.967 90.013
20.027 40.73
59.297 38.009
22.832 26.267
14.819 29.577
85.012 28.93
32.436 83.576
1.389 10.221
5.516 59.568
13.286 57.014
96.114 83.117
87.936 11.122
38.483 49.869
21.347 73.66
20.181 51.135
62.25 18.801
23.034 17.698
26.483 70.241
54.501 3.498
28.371 94.54
57.8 42.417
75.798 91.453
29.822 18.425
99.977 9.451
39.809 42.428
55.085 79.866
8.319 76.835
7.396 79.23
47.902 68.878
6.655 7.447
12.394 33.176
92.783 34.547
27.091 93.474
33.572 17.204
31.564 8.807
78.337 80.799
56.223 21.783
99.488 23.373
52.412 16.236
51.044 36.042
97.18 78.473
12.8 40.391
26.737 39.72
98.54 22.023
89.131 22.205
87.577 15.861
53.292 97.543
8.16 92.701
50.755 30.516
44.013 67.109
46.608 93.225
91.557 4.443
98.186 38.982
78.013 66.961
50.442 41.624
34.975 32.761
41.031 38.006
71.671 20.639
95.019 2.952
47.653 43.793
53.634 92.657
85.323 87.037
93.616 87.746
29.389 16.853
11.967 50.967
44.39 13.066
22.27 96.691
78.829 25.476
46.794 24.045
94.379 21.188
99.522 70.468
49.549 64.474
29.594 67.097
14.729 55.822
73.485 68.3
22.673 15.47
34.203 44.106
1.215 3.855
9.03 25.186
60.508 76.068
56.982 59.263
66.641 29.207
42.646 87.114
6.679 44.65
88.214 58.506
26.955 61.876
81.599 1.483
90.645 66.474
27.204 25.118
57.44 70.34
65.964 15.708
81.853 41.692
53.57 78.25
52.906 85.416
57.353 48.687
7.505 38.083
71.059 15.093
66.194 70.427
47.977 2.346
59.97 88.187
51.71 55.601
0.041 46.415
22.931 16.778
99.172 1.375
62.736 74.122
68.26 95.516
49.818 94.595
47.244 69.693
78.152 5.753
11.835 57.584
89.061 42.44
98.545 73.573
55.817 90.467
4.49 51.54
10.972 42.176
68.625 75.812
29.636 88.393
10.801 37.92
13.378 90.052
86.173 68.613
90.899 33.002
60.871 15.166
63.428 83.304
39.009 47.626
41.551 13.564
55.887 34.462
61.452 52.035
55.255 28.827
54.36 11.692
76.367 80.346
73.709 27.892
45.235 31.412
20.58 55.637
28.45 56.328
9.475 16.886
86.31 99.443
71.979 76.806
85.179 80.131
79.76 44.513
18.685 68.619
31.268 29.196
12.379 39.002
97.763 18.506
50.65 46.886
50.732 41.366
97.559 20.923
95.409 34.397
28.796 64.052
46.566 81.025
40.711 68.111
10.91 79.241
30.48 10.607
74.074 76.942
73.107 31.505
51.556 5.154
41.215 56.907
50.078 84.204
85.561 74.415
92.159 4.205
17.661 23.703
32.193 17.517
71.296 53.381
29.967 6.768
42.173 65.618
60.427 65.66
95.159 9.231
61.824 51.193
36.339 40.683
63.165 34.392
79.051 38.335
21.195 71.951
56.517 31.818
53.91 54.608
16.274 83.689
43.862 26.874
16.534 95.133
39.919 27.614
40.276 96.044
95.415 14.828
16.987 45.011
48.076 59.578
90.6 20.228
68.313 50.911
78.288 49.168
27.382 36.03
13.541 94.889
99.288 79.424
84.162 46.889
80.792 75.617
16.978 74.426
23.175 75.748
52.999 6.807
49.793 46.125
92.771 57.055
22.684 8.465
32.568 78.756
85.844 63.959
83.306 18.868
74.007 51.962
85.589 40.436
70.115 39.159
27.836 65.28
62.633 46.347
83.647 79.678
84.858 14.303
98.723 3.713
63.47 77.755
87.278 87.139
32.935 12.805
12.692 5.796
68.315 7.557
34.127 82.753
30.115 35.923
12.799 45.458
55.156 60.055
79.844 22.325
30.056 53.363
95.431 9.726
18.58 77.527
31.518 90.608
79.833 19.447
90.455 36.872
20.897 27.784
58.368 16.786
90.302 79.661
77.21 50.122
51.535 4.537
95.139 90.189
99.575 92.724
77.448 11.548
60.051 94.798
82.564 33.199
0.904 50.663
84.179 62.736
82.332 22.707
19.06 3.365
87.728 67.888
61.51 9.011
30.81 81.355
2.734 1.301
99.01 87.411
48.728 36.021
76.6 25.702
83.898 62.613
57.512 65.64
61.593 46.109
0.656 15.67
72.653 97.331
65.288 13.958
87.074 53.241
41.554 28.367
88.143 8.507
69.708 53.309
30.357 46.403
69.41 92.093
57.752 92.513
34.541 78.161
78.075 39.571
4.042 38.508
87.508 73.989
99.101 86.405
81.462 14.834
40.881 34.103
16.196 60.814
8.891 27.319
90.994 80.775
97.371 1.046
44.316 92.472
18.372 85.477
68.166 43.924
98.069 34.267
77.051 56.96
71.868 55.899
33.424 30.398
24.079 3.995
0.57 60.74
18.345 96.965
84.058 60.97
63.73 62.804
80.811 68.907
69.131 98.792
67.881 91.48
81.216 53.082
58.343 5.761
54.591 9.7
32.213 85.844
62.204 0.0
54.563 24.649
7.595 78.953
37.86 6.714
32.843 8.585
45.601 55.245
50.231 27.004
51.458 70.788
74.757 37.108
79.467 77.397
34.472 34.885
64.309 48.303
59.292 11.706
91.796 80.885
30.911 86.256
76.409 79.428
95.816 17.184
37.403 15.094
25.511 29.985
59.303 5.337
83.78 59.065
14.315 79.864
46.117 63.127
38.536 86.476
19.201 27.737
9.422 47.029
46.813 6.528
7.059 59.682
72.051 79.796
77.72 11.706
30.362 75.749
59.862 85.718
13.027 31.309
34.21 46.138
57.492 11.023
64.75 17.213
2.987 11.356
73.271 63.057
99.802 47.598
24.655 74.138
25.786 40.039
94.398 38.226
19.723 51.931
17.722 63.971
68.682 39.063
50.653 75.022
98.232 86.701
84.286 66.055
26.793 16.092
77.05 65.253
93.47 29.676
7.445 45.577
75.966 31.956
67.223 38.911
67.981 54.088
10.189 23.006
4.334 82.951
79.143 69.694
26.987 47.325
82.434 18.982
37.426 4.987
66.968 68.012
74.212 65.645
56.473 46.757
14.125 65.965
92.211 53.388
57.933 52.043
44.887 22.782
23.532 46.81
88.121 11.461
13.309 64.389
48.649 0.777
76.807 46.374
56.524 91.968
44.99 39.287
25.897 89.843
92.618 6.752
66.519 30.547
10.519 33.274
59.962 37.819
35.566 25.745
63.349 31.263
77.164 87.909
2.428 14.621
96.606 84.341
11.102 12.379
65.198 80.11
91.719 92.687
1.986 10.038
67.712 61.879
4.625 99.031
94.305 26.735
69.855 81.046
76.497 88.088
17.065 19.195
33.105 70.03
19.659 71.917
9.185 50.922
95.82 40.271
93.707 5.017
69.416 72.949
14.673 33.431
27.184 68.025
26.423 8.176
63.544 42.787
41.146 77.364
65.903 27.15
11.897 37.666
42.348 14.196
12.019 71.5
47.596 49.078
20.568 42.356
78.364 5.795
27.118 45.575
55.751 18.324
19.762 75.014
86.775 13.146
18.828 57.274
67.496 24.125
77.624 6.297
28.768 81.017
52.163 25.743
93.23 76.371
64.254 85.605
33.685 41.334
83.653 22.753
98.629 53.884
43.78 11.796
7.944 42.558
52.993 41.278
84.822 30.164
35.81 77.335
56.985 56.593
83.418 48.782
18.777 2.104
57.183 99.919
50.345 45.453
26.426 63.248
37.271 70.178
37.92 92.102
56.451 49.948
21.892 21.584
17.222 23.941
67.0 72.867
96.183 43.34
63.46 46.556
57.343 38.036
80.059 85.222
81.416 88.168
96.617 32.513
61.643 90.485
33.611 61.458
23.171 70.715
39.631 45.478
43.689 68.63
64.446 89.471
30.578 64.159
20.574 68.225
9.1 43.914
20.626 96.96
4.403 77.742
26.785 30.85
11.365 33.48
64.415 82.252
99.829 25.415
24.269 86.626
8.016 93.115
58.599 76.48
36.33 83.061
27.502 89.901
88.591 51.656
79.892 56.793
51.023 19.455
33.407 0.989
75.133 50.164
17.15 29.477
57.107 69.949
74.47 90.231
86.658 72.166
62.92 87.089
30.438 10.755
31.747 74.157
98.687 54.897
19.856 66.689
22.23 67.657
81.265 57.055
28.216 13.93
98.778 26.825
50.094 36.888
68.649 50.208
36.833 93.208
96.968 36.969
27.502 12.971
98.73 3.849
80.31 12.556
17.969 90.458
30.811 91.658
13.646 56.595
93.156 42.527
80.159 48.541
77.122 0.85
91.696 28.252
36.422 15.462
87.861 3.711
51.046 99.288
9.096 17.137
97.898 96.587
46.363 49.118
21.301 6.118
97.32 99.767
15.497 80.917
79.182 71.128
51.464 16.899
28.535 5.0
48.481 94.693
43.105 30.063
75.189 63.625
24.893 76.557
78.206 43.874
87.343 98.358
99.397 85.877
78.219 93.068
72.297 20.799
15.877 17.931
72.809 85.281
41.384 69.315
31.775 99.357
43.475 50.928
74.39 22.915
82.144 7.663
47.669 16.439
97.666 93.85
83.528 40.362
8.152 78.96
86.76 88.654
23.818 99.51
2.07 6.585
13.083 19.655
63.628 43.984
34.69 7.617
26.389 18.523
25.925 96.17
63.938 3.37
65.329 81.597
67.607 8.044
3.27 62.522
4.008 27.077
79.019 96.108
28.155 19.499
44.066 24.271
73.995 46.646
70.508 79.84
16.73 2.496
97.586 6.076
50.813 71.565
58.154 43.352
7.877 22.966
49.04 3.184
33.504 67.162
86.63 41.727
67.664 72.386
12.671 93.219
58.358 21.891
99.29 47.559
95.286 74.702
37.43 71.183
65.256 39.867
78.051 56.805
16.65 60.609
90.837 94.922
11.956 70.67
42.567 8.757
47.952 20.646
55.002 47.36
50.431 88.115
52.395 83.727
60.168 90.129
68.667 23.234
22.521 63.561
96.406 1.511
21.132 55.009
85.115 72.969
81.149 22.552
53.068 6.496
15.809 24.603
64.395 67.604
42.134 48.176
92.684 43.811
46.246 23.708
84.47 79.17
30.333 14.613
84.354 22.517
88.285 11.265
54.453 35.397
81.345 4.271
24.861 12.654
31.168 5.72
53.748 37.752
22.048 3.747
87.092 31.117
52.22 41.831
74.098 14.949
78.54 92.659
25.7 97.683
7.849 45.414
2.905 64.773
63.83 19.482
34.963 40.82
15.814 76.941
30.438 26.414
71.81 51.712
71.41 79.328
22.442 92.996
4.327 61.358
83.072 6.715
48.962 95.215
11.525 30.045
12.159 98.176
91.134 85.386
8.69 70.895
26.488 99.183
91.013 14.624
2.474 65.503
1.082 6.547
43.56 82.313
47.137 73.363
68.264 41.084
24.777 96.928
3.713 26.341
51.361 22.079
79.479 34.695
88.276 46.78
53.188 13.114
7.902 75.379
20.582 44.528
54.563 72.516
32.993 93.279
71.401 7.377
51.824 59.471
57.354 12.514
81.616 61.867
92.832 95.521
16.219 88.192
32.9 34.958
83.107 80.033
66.084 1.701
76.88 29.674
52.887 37.56
79.414 58.626
62.314 30.381
23.809 41.094
34.548 4.772
33.987 66.431
24.611 13.422
79.802 93.202
56.85 37.919
1.815 64.445
76.858 80.723
93.674 9.896
42.485 66.961
5.413 96.766
23.496 91.614
33.22 99.492
14.232 16.952
31.952 50.143
57.047 84.435
80.993 45.574
34.467 76.403
36.155 21.102
40.942 2.932
92.312 52.136
72.307 4.876
56.78 66.107
60.162 2.921
67.896 61.339
6.986 0.273
99.02 10.787
87.826 7.183
24.304 82.505
14.223 11.54
66.803 24.431
69.78 95.738
82.978 67.514
14.741 75.112
32.944 2.297
39.967 97.096
46.827 76.737
49.374 36.313
97.372 90.117
34.643 41.429
55.639 93.627
70.5 74.716
52.244 52.571
88.224 99.369
13.522 75.521
44.386 82.261
76.239 49.96
11.074 20.987
26.032 30.463
7.948 91.192
94.993 15.942
45.918 78.407
37.115 52.914
20.605 17.04
51.236 83.032
87.506 34.07
60.213 41.651
59.729 18.053
89.623 80.865
18.401 27.405
14.562 55.638
18.246 16.951
93.936 0.516
61.487 69.044
49.223 44.494
58.358 80.834
75.578 65.282
77.653 39.799
26.049 8.805
70.217 15.603
35.965 12.688
37.787 42.895
39.557 80.611
26.44 79.785
17.478 13.872
62.112 41.482
34.724 48.741
44.538 30.664
87.572 4.741
94.212 67.704
50.351 11.347
19.391 3.484
5.61 82.21
41.456 99.854
81.484 25.14
31.607 57.604
45.935 10.295
13.029 72.308
28.969 44.678
22.122 70.682
19.693 19.56
3.461 90.13
22.339 43.369
83.477 29.225
89.909 21.985
91.673 86.452
63.029 22.19
19.845 69.863
28.984 67.443
53.46 58.188
99.444 71.63
66.759 15.807
1.458 14.671
77.08 18.987
42.363 86.846
16.465 48.869
34.277 74.394
7.906 38.446
8.692 81.341
29.073 96.664
27.049 85.412
8.854 79.55
60.978 55.669
85.942 2.096
90.174 53.276
16.087 90.079
48.83 87.346
0.119 61.444
20.302 45.191
2.938 69.406
19.932 79.545
48.419 60.996
67.04 82.998
90.616 81.7
96.518 92.803
12.176 22.467
63.827 27.927
24.084 28.354
52.451 72.062
46.366 94.114
74.796 61.997
33.01 20.957
58.758 88.424
8.949 48.47
61.897 13.931
44.44 8.934
30.118 6.608
95.649 63.477
61.13 38.963
10.479 2.154
44.218 82.781
1.529 95.572
53.246 15.092
83.795 91.837
93.031 32.946
11.901 97.236
15.064 29.452
26.962 3.474
95.392 96.959
22.65 74.641
4.639 79.389
0.556 25.074
32.882 74.447
19.871 80.034
57.333 53.098
48.152 74.57
44.696 82.536
73.481 18.464
23.142 81.063
26.463 33.493
49.51 85.572
36.562 57.294
30.891 19.644
92.231 46.829
12.595 59.981
95.381 10.406
64.502 11.938
24.382 48.899
86.109 80.967
79.535 73.434
33.231 35.442
76.657 97.43
6.968 63.291
57.354 38.243
40.111 5.015
89.256 32.375
73.09 83.314
69.501 53.684
30.199 2.734
40.215 81.029
58.268 89.651
0.904 88.179
49.738 12.33
45.705 99.583
52.939 60.971
43.817 33.931
8.408 42.939
74.754 56.191
52.051 88.629
5.121 22.362
97.736 24.648
85.731 83.435
65.587 60.666
59.009 57.881
74.063 77.797
62.695 22.926
59.041 33.663
33.45 46.617
22.579 90.426
60.231 29.816
19.419 39.591
19.83 85.462
62.834 23.703
61.221 67.874
14.69 1.512
88.622 93.933
62.159 21.478
76.898 27.171
63.119 44.232
68.514 52.78
39.217 50.481
46.594 16.958
53.652 47.132
8.298 53.021
66.754 71.488
79.617 75.87
93.563 99.135
71.118 17.757
23.254 56.989
27.218 0.276
67.397 81.01
0.386 99.128
10.524 7.24
10.235 76.654
74.642 14.89
66.972 22.559
34.567 64.785
8.015 4.041
31.097 20.703
88.368 19.649
89.163 61.879
33.165 65.572
39.259 82.762
14.266 55.193
74.204 33.602
45.117 4.966
49.738 54.703
96.295 94.906
18.021 92.759
87.905 26.066
43.904 80.254
67.275 72.776
42.897 31.865
95.882 25.366
33.776 73.961
69.485 3.523
84.648 10.565
53.928 39.84
31.724 76.599
44.161 14.587
18.366 30.865
77.642 56.002
34.004 92.329
32.71 76.957
62.482 99.748
79.238 75.863
3.368 82.321
25.568 10.55
53.681 61.181
35.539 39.037
28.664 25.783
11.781 34.582
34.394 99.334
81.126 60.276
45.34 42.72
85.725 87.549
73.505 96.722
3.996 39.345
60.863 30.044
76.191 4.551
77.698 57.445
77.044 2.031
98.794 45.758
70.794 56.578
4.199 83.455
15.397 1.173
67.966 86.687
94.717 41.181
60.268 52.347
38.787 13.716
62.264 26.41
82.006 91.927
60.72 61.133
91.262 3.372
24.723 5.136
48.636 15.485
36.67 93.748
39.735 71.775
40.836 87.45
74.863 80.123
46.202 8.911
58.95 12.624
43.786 35.291
34.9 44.881
61.202 71.386
45.943 21.976
49.181 86.171
20.918 88.631
5.229 87.034
2.486 9.615
59.077 15.144
71.175 86.148
98.972 67.39
19.079 59.359
65.31 80.121
83.003 38.33
84.968 14.565
71.313 8.851
17.315 90.692
57.707 41.889
92.816 93.096
42.349 66.99
60.475 27.846
6.268 45.101
0.101 6.077
41.841 35.702
8.503 27.255
83.363 66.82
21.495 92.877
12.112 44.116
99.578 77.394
99.708 81.779
8.16 18.754
93.861 44.597
70.025 94.235
75.836 66.053
29.932 74.423
27.424 92.354
16.267 41.631
94.283 81.673
5.256 10.859
61.017 42.863
39.078 53.283
86.573 43.117
40.538 33.971
29.118 39.142
59.791 62.906
93.847 41.707
76.701 17.406
3.968 92.042
41.563 78.064
59.098 79.941
89.654 95.333
35.304 38.54
92.119 72.091
63.308 3.598
61.743 59.921
94.207 5.785
28.612 60.305
95.755 14.879
63.449 89.721
27.458 35.077
95.104 6.161
4.176 84.193
33.257 2.134
93.251 76.414
52.051 68.298
6.412 87.02
6.324 41.586
42.084 94.243
46.945 69.87
6.248 3.935
50.055 81.478
66.332 65.512
91.265 58.933
25.131 5.165
10.097 96.957
95.089 70.274
71.531 88.537
18.44 79.122
80.324 4.175
65.743 88.253
37.558 56.375
7.642 73.861
48.182 40.987
63.151 15.046
93.691 67.109
80.283 32.753
69.233 10.819
87.724 43.369
89.48 47.324
43.732 47.077
56.741 46.332
80.704 95.928
31.051 85.32
19.074 18.406
28.234 76.296
31.707 92.11
81.38 42.013
86.459 95.155
11.54 58.615
68.209 67.742
80.701 34.13
81.494 51.587
77.287 34.582
79.655 58.023
56.486 89.981
41.508 83.366
10.814 68.822
43.667 10.004
73.787 5.992
45.171 99.054
85.307 33.093
87.826 85.076
53.281 4.674
17.682 53.397
21.022 14.384
38.0 37.941
17.312 1.957
64.23 64.584
10.173 54.325
18.553 79.001
3.505 86.519
32.906 44.86
32.599 85.559
9.809 82.557
96.315 62.562
93.76 72.471
42.191 13.357
69.516 47.765
94.896 63.253
32.748 73.368
98.898 90.129
16.399 90.044
6.183 40.036
16.335 84.824
23.033 28.003
34.612 18.367
62.228 87.486
20.636 44.8
98.11 2.602
19.396 41.282
30.249 21.29
40.531 64.135
87.39 49.554
68.563 27.467
4.459 72.105
91.895 66.42
9.781 94.664
53.691 85.94
57.004 54.147
4.034 76.822
38.541 77.185
52.218 51.275
72.543 50.977
20.395 40.342
3.412 31.907
36.586 84.104
27.618 9.908
39.572 61.987
20.211 66.62
16.13 62.502
10.709 43.214
4.78 27.273
30.995 29.234
86.615 80.765
65.013 72.871
49.875 7.952
49.534 39.868
92.951 77.988
0.797 69.335
99.838 10.689
19.628 54.491
70.555 64.651
37.937 46.216
73.54 45.98
74.189 7.989
81.071 80.582
23.31 47.241
86.361 54.183
91.342 1.29
2.823 3.218
73.471 5.601
88.624 19.467
45.758 21.236
11.482 50.777
80.876 12.186
54.543 29.34
12.374 69.639
22.236 85.248
26.813 75.308
8.921 20.84
78.704 91.648
12.202 40.56
36.783 47.629
84.877 40.23
45.847 5.743
5.654 48.797
60.179 72.529
29.293 28.883
81.206 32.096
89.535 33.689
2.18 95.004
5.369 81.003
7.894 77.761
65.721 12.556
79.799 48.356
76.403 95.709
10.293 85.427
13.84 15.265
18.728 0.901
61.9 10.583
1.68 4.965
93.895 42.802
80.172 60.042
37.526 17.938
22.517 86.267
18.047 63.312
40.779 59.028
86.635 68.701
26.878 67.584
60.685 89.267
79.998 28.449
70.677 33.069
47.372 76.195
73.358 34.558
52.57 19.644
31.503 94.118
39.545 30.72
87.557 85.914
7.129 80.004
52.848 95.689
21.261 34.736
94.976 96.133
55.18 85.739
79.57 12.692
72.865 25.527
27.138 89.62
13.877 15.566
81.403 87.851
58.555 32.823
97.818 62.349
9.731 49.764
88.386 19.846
75.892 32.857
56.361 70.171
68.095 82.31
35.516 40.0
92.673 22.588
56.619 24.147
4.958 86.429
53.445 71.051
47.9 65.023
37.256 99.648
37.571 27.612
15.47 28.397
5.996 71.663
88.099 36.979
64.853 47.6
24.005 2.219
31.379 15.763
87.681 51.0
64.688 66.074
23.219 10.861
3.459 17.787
81.692 33.262
68.687 49.959
76.777 81.259
7.039 65.508
80.665 12.663
21.147 76.082
46.889 33.158
9.249 99.978
47.997 34.08
87.997 3.473
8.113 88.086
37.397 2.986
55.964 83.157
46.437 83.56
82.352 45.809
82.693 47.335
42.321 72.281
35.858 57.103
70.812 27.446
15.759 96.241
7.53 61.796
90.418 85.567
92.782 45.854
93.752 18.567
62.387 8.084
15.838 73.495
11.731 70.488
35.272 65.658
37.104 25.516
47.436 74.405
43.113 20.855
96.106 64.926
66.177 98.687
58.885 72.993
55.884 4.171
94.592 28.363
76.019 75.525
40.44 37.031
80.381 73.127
4.827 37.481
53.239 54.028
63.499 7.371
12.65 13.848
42.163 42.176
64.668 39.129
4.58 78.782
89.988 17.031
39.486 1.418
98.604 94.351
45.024 91.114
97.636 87.029
85.002 33.921
55.521 72.841
36.77 86.394
51.255 2.392
81.126 99.768
69.245 6.457
73.84 7.752
9.929 64.986
50.424 0.483
41.872 21.764
60.341 45.587
97.414 88.924
29.32 6.469
31.481 50.699
65.932 91.0
33.372 75.794
76.827 93.953
34.351 94.554
27.716 79.0
99.974 14.491
85.577 47.431
6.05 86.639
38.731 20.311
2.239 29.181
56.68 51.426
2.256 78.22
85.617 24.04
64.965 58.225
75.366 86.694
94.637 24.483
14.565 5.209
73.365 79.699
32.791 18.482
16.97 16.592
58.302 91.775
40.058 92.125
34.028 87.477
8.007 17.455
87.147 78.379
26.16 18.443
46.417 56.999
81.718 49.702
51.712 37.739
37.981 12.294
85.248 28.577
41.272 74.911
94.544 70.165
45.225 80.133
55.272 35.523
1.264 9.623
25.636 67.541
19.778 82.824
81.914 95.282
3.397 89.616
79.157 33.246
2.417 26.051
26.642 19.007
37.558 52.356
62.348 64.185
7.081 59.869
13.269 26.218
65.647 35.675
13.444 53.898
55.795 69.836
70.763 92.981
61.059 88.408
85.818 83.485
11.761 82.627
69.991 98.377
10.711 24.574
12.668 93.601
79.557 30.897
75.658 21.175
40.342 17.106
38.757 47.989
90.111 71.837
61.957 92.314
63.075 90.501
0.567 67.909
75.786 45.316
68.626 65.687
6.54 92.396
70.752 56.36
4.185 88.054
5.372 22.703
57.749 34.222
6.323 22.706
5.17 45.603
99.343 0.813
75.159 78.964
26.777 20.145
68.249 0.962
4.487 48.723
6.431 83.318
3.165 24.659
74.06 8.033
56.398 71.07
48.471 83.808
94.444 93.836
33.735 99.746
18.416 20.986
90.137 16.791
33.438 42.915
20.988 59.998
83.421 15.234
8.53 18.481
91.014 45.848
46.722 16.289
1.101 93.95
65.3 30.969
10.979 0.109
82.978 3.959
46.066 15.117
45.087 48.209
88.172 95.092
34.824 9.589
88.165 54.241
71.175 81.68
9.527 37.197
21.754 13.947
39.289 53.772
64.351 8.311
22.291 14.639
89.314 96.313
77.448 2.218
21.865 79.177
5.718 38.46
46.617 54.567
94.922 21.281
87.533 31.81
82.712 50.753
56.755 31.548
33.275 62.691
16.821 56.503
0.564 56.913
19.055 1.997
86.672 78.944
6.214 47.963
64.577 72.472
83.48 17.684
12.444 71.678
2.69 56.755
33.747 24.171
99.897 91.795
66.711 31.14
83.731 34.267
89.365 85.731
71.781 71.615
59.946 12.657
13.69 33.169
65.199 19.836
0.003 36.032
48.798 24.27
24.7 84.375
26.919 76.037
4.394 90.723
54.566 16.494
77.295 24.314
41.685 73.104
31.221 91.191
32.421 84.28
42.683 84.969
96.757 77.688
6.425 2.831
28.258 47.187
6.348 99.52
7.496 28.241
99.408 36.697
19.703 8.739
99.792 31.103
61.928 85.748
62.84 5.181
80.334 39.178
45.594 77.347
64.217 6.58
12.943 32.45
18.386 10.231
75.165 22.572
28.383 12.652
7.04 19.174
26.563 22.312
37.434 89.211
71.695 50.033
85.792 64.715
78.521 8.223
54.723 26.565
65.774 18.287
15.356 7.274
88.611 17.819
61.385 34.701
70.679 51.493
51.122 83.519
0.211 85.156
42.74 33.832
84.103 43.723
54.562 53.379
24.691 32.364
89.461 70.494
66.465 89.69
25.432 19.439
36.245 37.03
54.861 11.274
15.859 43.101
25.847 42.367
80.478 20.993
48.386 37.695
29.732 76.163
40.994 65.54
16.62 51.946
1.971 8.655
96.222 42.401
59.735 21.072
53.322 20.034
98.111 50.301
33.388 82.334
39.55 62.369
46.415 72.762
59.919 69.929
87.372 50.204
98.735 33.083
68.786 78.033
24.15 63.476
63.756 86.715
76.273 41.465
1.088 36.921
16.116 61.457
41.078 56.263
83.113 29.283
45.66 20.463
43.05 14.695
66.935 55.861
87.649 2.27
43.647 87.119
62.565 63.889
19.439 56.333
84.323 70.95
23.838 2.96
47.924 64.849
18.075 27.442
32.562 51.802
80.378 4.112
37.577 72.488
26.546 34.927
35.11 58.91
47.315 15.652
33.002 73.532
67.579 14.753
80.913 61.374
17.415 85.142
79.572 73.952
80.649 16.825
98.751 95.743
0.544 50.25
19.512 21.866
28.891 73.833
87.988 34.557
84.136 92.784
38.041 58.703
99.145 29.244
93.069 92.752
21.089 54.334
95.94 95.799
75.429 70.9
92.851 57.736
8.096 93.946
38.083 48.726
73.254 16.465
20.588 84.512
41.035 35.268
14.579 65.791
82.832 35.848
68.081 32.59
73.055 24.477
24.157 99.509
56.993 33.041
27.168 70.944
93.566 87.814
78.364 58.557
13.953 45.402
13.815 52.354
98.524 96.358
39.072 91.014
97.321 54.017
92.634 58.565
29.096 39.986
44.48 69.452
27.341 9.389
18.122 51.389
44.736 95.515
86.926 40.574
70.539 94.023
14.18 67.372
35.987 27.566
98.764 87.152
25.957 73.027
80.45 76.453
43.131 59.788
50.791 19.593
51.323 54.001
78.058 47.272
65.903 64.564
86.93 31.32
22.101 72.437
55.38 78.156
32.883 60.634
31.737 95.823
87.33 8.699
47.395 40.776
5.334 3.405
5.943 36.547
76.527 47.435
15.363 62.724
98.748 98.051
2.181 55.23
63.355 92.315
56.359 79.042
39.575 53.483
17.407 94.357
47.807 78.954
65.852 3.946
62.736 51.948
69.139 96.58
19.986 92.452
93.622 53.811
44.873 70.939
99.126 15.293
98.85 73.65
70.861 42.843
15.566 25.618
30.501 8.135
38.599 26.771
96.618 33.326
10.913 82.449
98.442 92.905
72.236 52.801
42.793 11.968
86.364 80.745
95.243 71.357
25.941 87.044
80.361 68.134
44.403 60.015
78.023 79.807
65.498 88.12
72.319 93.58
50.115 15.606
85.755 79.134
50.786 20.549
53.916 68.695
25.047 27.568
43.929 4.704
10.161 2.679
70.689 30.103
85.198 16.652
64.607 48.444
74.502 5.947
73.909 13.374
61.535 19.161
26.949 78.548
99.043 32.539
35.983 67.892
0.937 62.791
22.638 0.992
39.499 5.526
58.079 48.613
52.619 82.216
97.203 32.815
75.262 23.883
61.59 85.183
67.903 79.997
61.658 94.352
63.005 70.034
96.68 93.358
59.004 55.221
68.154 89.767
63.439 42.341
93.899 31.598
63.81 84.339
23.559 73.162
41.306 5.34
57.083 86.959
26.629 11.589
20.88 36.894
41.978 63.658
49.433 33.227
14.217 48.87
17.826 16.645
70.818 5.617
29.799 51.369
60.69 44.168
92.124 84.379
66.221 50.636
98.698 73.317
97.8 45.925
23.746 98.159
17.9 18.913
66.799 4.907
84.711 16.611
50.359 20.811
73.629 70.64
36.924 64.85
74.671 61.236
15.497 41.306
13.952 39.995
63.324 94.564
97.441 72.212
90.657 64.239
45.714 53.384
97.589 33.299
40.871 90.37
60.117 89.512
9.042 63.967
96.928 5.093
87.328 28.944
1.435 18.293
46.335 41.109
71.794 43.097
87.73 65.693
33.043 39.967
49.045 91.252
35.613 14.611
61.983 96.679
22.76 17.779
76.227 59.601
51.543 37.169
23.043 77.258
54.931 35.134
27.939 70.061
86.241 26.294
2.07 28.772
38.487 46.715
46.288 58.738
26.106 69.834
15.248 92.538
26.727 3.035
36.124 14.361
81.599 74.656
56.213 18.911
67.894 41.408
12.298 90.804
91.886 18.453
8.35 92.49
19.71 71.774
33.963 4.568
55.667 37.721
73.992 89.038
21.889 81.774
35.457 42.713
95.772 51.561
20.626 37.731
98.387 83.585
24.317 31.764
37.223 22.392
94.957 84.459
70.736 71.047
68.638 99.307
16.589 16.567
27.582 61.478
26.763 7.79
39.009 69.935
10.758 26.391
8.86 91.489
75.104 39.026
86.376 43.842
33.244 56.002
59.548 32.188
42.069 79.37
58.638 94.884
82.232 15.052
45.247 61.354
15.438 69.013
46.076 73.745
4.503 52.178
7.285 50.963
17.579 15.696
44.801 11.414
17.945 38.665
39.321 1.226
68.798 19.419
9.679 39.482
4.291 68.311
47.234 44.547
96.502 52.158
58.135 24.578
96.263 23.953
51.057 58.691
86.803 74.173
73.919 84.158
98.821 81.915
96.227 43.644
79.988 37.317
40.984 9.737
11.116 50.007
56.234 6.501
38.818 66.409
26.888 52.971
48.839 99.108
32.154 23.934
95.235 53.336
54.69 82.104
14.406 80.33
64.608 78.614
20.529 84.302
48.886 40.199
75.523 73.069
51.727 53.449
45.471 86.158
21.398 65.064
4.173 35.761
26.954 22.015
9.191 68.361
24.746 66.785
88.361 53.843
58.834 61.344
11.998 6.561
76.384 1.526
93.461 90.972
66.904 47.261
9.511 25.098
66.728 77.135
86.068 51.3
45.251 41.091
18.028 5.022
54.523 0.284
24.908 41.188
96.19 96.688
95.45 74.953
34.909 14.352
40.138 89.368
39.402 67.322
25.572 21.083
61.924 65.452
17.533 10.298
31.142 41.748
27.233 51.334
37.632 54.496
77.301 17.175
58.22 33.991
66.808 25.768
6.805 8.901
93.061 58.977
60.099 82.868
86.289 96.81
54.028 41.067
96.571 21.196
8.243 67.962
38.71 13.557
95.301 86.763
66.757 76.07
1.333 1.406
62.926 67.863
84.807 9.492
42.543 73.122
65.003 54.152
89.883 3.082
23.363 59.779
73.684 12.044
22.224 44.369
21.16 10.838
75.275 43.082
14.005 55.655
85.155 25.65
47.248 96.442
23.776 0.288
23.62 83.927
98.109 98.714
54.4 59.575
37.212 0.655
21.008 10.488
98.745 38.419
85.561 64.551
3.143 65.128
63.431 10.74
52.51 68.402
63.524 42.275
25.146 88.02
81.509 10.524
98.866 67.555
21.034 75.668
51.252 43.668
71.951 40.156
65.148 82.898
66.215 90.516
97.246 62.462
10.083 33.357
48.43 39.715
3.648 51.037
91.701 90.416
69.971 87.853
98.752 91.21
65.737 38.164
9.366 12.193
31.568 29.779
74.107 90.873
80.901 90.435
32.145 44.267
94.534 89.982
87.848 29.067
52.228 71.185
85.569 79.111
5.677 25.034
19.014 37.137
87.346 97.004
40.214 83.227
12.428 60.864
33.15 88.607
72.197 76.091
8.103 93.881
7.404 77.899
72.468 85.99
83.787 20.744
57.546 53.156
67.367 85.335
5.135 20.074
18.622 23.361
64.652 24.199
42.438 22.131
22.409 69.609
97.065 96.908
6.397 0.679
41.33 47.828
61.985 66.028
23.504 17.366
65.882 6.171
54.909 48.249
60.618 66.332
72.294 16.579
29.615 46.388
89.134 13.556
0.541 39.947
70.526 89.473
75.309 74.283
50.359 27.58
79.7 79.408
8.556 41.845
26.017 38.647
40.86 28.671
99.649 85.345
34.213 90.298
99.512 22.248
49.314 64.353
81.436 50.899
39.706 14.113
2.356 84.19
8.395 21.414
87.493 70.956
72.809 56.486
21.547 8.904
9.35 30.385
38.269 9.733
73.898 71.112
43.904 24.816
23.715 79.989
17.713 51.081
64.139 24.568
62.823 65.005
92.13 33.082
78.044 70.305
16.842 78.127
89.784 7.712
6.995 48.637
22.349 6.606
44.616 92.072
39.643 33.953
69.937 85.008
61.762 42.323
75.562 97.824
23.103 80.99
65.785 59.676
64.113 1.794
77.996 95.513
12.833 77.792
41.418 53.633
53.512 46.905
39.868 19.868
83.225 10.006
25.767 92.665
86.339 93.266
2.524 59.432
98.162 46.138
77.873 23.085
70.077 0.655
50.827 25.353
17.178 16.773
90.698 50.272
26.591 14.392
98.211 82.617
20.784 43.805
97.536 65.292
77.675 70.747
67.982 32.808
48.613 62.987
4.993 54.999
70.635 90.88
43.492 35.858
30.361 47.102
8.766 84.225
30.103 7.952
0.078 49.756
65.767 56.559
81.244 21.265
16.747 58.727
88.434 11.18
99.502 37.499
8.756 41.694
72.62 87.806
73.639 78.875
1.808 43.573
0.69 93.968
74.303 13.098
98.817 53.07
52.216 91.615
1.078 97.157
25.868 23.666
16.003 92.488
51.599 40.378
48.349 97.208
66.419 98.89
60.095 36.181
3.272 55.281
45.707 4.049
7.051 61.397
0.722 38.357
80.065 62.286
24.861 29.606
19.254 47.497
25.191 39.064
17.01 71.795
76.621 2.048
45.583 36.476
53.757 76.6
25.496 77.935
93.827 95.866
87.6 27.164
66.463 53.376
83.674 57.714
46.599 57.291
33.335 36.178
14.334 57.852
4.822 19.438
39.762 74.977
77.299 42.687
81.646 85.815
11.13 69.387
30.591 69.332
83.313 45.476
67.387 3.863
10.967 90.95
91.52 85.606
45.65 97.771
90.34 10.378
50.042 52.836
4.791 54.836
72.871 40.416
12.815 34.38
15.8 97.682
43.467 97.961
53.02 2.168
70.455 85.595
85.179 26.529
5.053 68.379
53.292 63.406
9.117 35.248
6.439 69.957
73.696 1.9
16.331 30.423
40.594 25.712
31.281 7.88
5.948 47.559
65.766 21.784
64.833 88.021
20.678 59.515
79.075 14.534
3.887 80.202
1.338 81.885
88.215 85.068
51.713 76.315
28.85 47.527
60.718 10.347
19.572 55.957
25.944 26.815
60.33 63.048
66.885 35.22
90.65 93.997
18.583 76.151
71.555 4.344
22.065 26.734
7.427 34.114
4.924 46.415
74.943 97.257
86.644 27.245
96.902 45.696
39.085 83.075
82.046 55.254
54.781 22.885
3.781 91.893
88.232 74.443
37.297 46.523
70.577 17.477
17.78 18.549
77.777 56.004
78.434 90.041
22.05 59.453
89.725 42.585
23.888 69.597
44.566 0.295
25.882 74.822
3.962 15.509
80.691 78.155
45.5 40.142
39.824 6.504
39.936 46.248
46.619 26.655
47.878 74.033
2.288 27.28
64.752 47.938
76.548 73.284
94.893 44.516
76.381 96.55
95.361 22.58
53.385 77.502
34.79 37.448
2.824 95.876
79.465 72.135
66.512 13.624
67.59 5.998
30.495 93.025
3.71 82.897
4.48 16.871
84.712 91.427
85.522 12.096
62.422 52.846
16.346 10.385
41.187 81.324
25.004 70.77
92.064 31.657
91.628 6.861
58.524 47.118
62.758 43.407
13.941 23.075
37.644 88.687
15.968 70.511
43.822 38.47
98.368 74.92
22.809 87.991
44.607 73.312
28.464 33.724
69.2 92.543
95.174 35.415
78.061 15.078
79.479 28.424
93.697 29.148
12.827 91.84
16.835 29.772
84.529 1.336
58.846 55.432
85.156 18.73
3.321 45.579
81.348 78.527
57.966 52.801
59.02 66.445
35.055 38.194
67.525 6.124
21.897 72.026
19.805 75.607
6.805 13.147
39.087 25.353
73.78 50.474
18.99 1.745
77.046 78.305
88.075 64.335
3.237 18.055
97.64 34.072
48.676 41.729
66.436 58.126
95.747 68.553
74.697 30.159
22.457 45.386
61.041 96.122
56.524 51.511
19.218 79.637
43.133 52.002
44.746 67.183
38.75 40.194
44.274 15.799
70.797 80.563
82.726 15.961
69.662 26.338
93.044 37.151
81.188 47.809
71.89 53.795
81.138 55.589
59.679 97.395
88.86 79.843
88.072 42.785
73.222 37.664
87.721 89.527
37.02 33.841
56.208 84.577
43.572 66.43
38.775 85.409
1.479 87.277
9.961 67.806
50.26 6.279
19.947 59.061
33.861 72.589
8.624 17.42
68.128 76.984
63.318 50.846
63.792 65.132
74.972 79.628
78.531 25.952
52.551 82.642
22.948 37.981
79.01 36.127
18.441 30.939
9.957 23.116
64.948 74.305
38.187 31.815
52.223 37.945
29.493 64.663
48.145 75.108
51.939 11.631
85.872 21.004
4.181 67.388
93.272 99.741
56.455 30.818
63.971 61.473
79.135 50.964
99.825 8.937
28.866 72.307
35.369 14.493
97.423 99.61
94.971 55.37
34.672 54.111
43.115 71.141
59.994 61.35
55.663 66.0
32.402 64.884
72.14 57.693
1.676 56.18
56.856 47.288
28.467 42.22
93.811 59.795
36.323 29.796
85.147 82.589
92.487 87.666
63.734 10.599
9.2 8.61
0.837 70.184
59.765 30.398
2.82 5.734
34.159 54.068
1.233 90.845
75.282 17.602
38.299 2.509
86.52 94.397
98.902 51.622
14.521 69.631
48.455 53.689
12.219 16.993
53.123 65.648
77.004 92.32
11.718 15.678
51.054 16.603
12.65 62.25
68.838 58.926
19.966 82.293
13.155 63.775
61.563 68.188
38.379 25.155
99.395 52.607
79.381 42.094
86.807 32.095
35.605 67.84
13.791 9.835
73.407 33.88
49.655 0.467
14.679 1.653
90.587 37.198
54.245 62.349
99.762 87.218
87.665 28.596
61.355 31.465
94.231 69.428
96.316 55.138
10.195 15.954
53.745 79.33
31.026 12.019
80.832 64.862
76.046 22.037
9.797 84.224
33.407 58.128
56.879 55.04
65.287 86.503
73.899 42.934
98.29 36.303
23.494 98.416
55.029 37.562
37.17 98.306
38.865 65.84
53.975 61.477
47.006 7.124
52.56 66.178
5.998 71.319
8.156 54.62
81.661 91.808
36.069 92.448
94.278 16.635
83.959 37.534
25.839 94.502
54.34 75.044
75.446 92.414
86.384 36.92
65.323 96.562
68.465 75.637
2.769 34.213
56.645 98.378
52.778 83.026
84.815 52.587
44.415 66.399
65.818 40.761
29.289 85.444
82.528 55.426
56.735 82.558
15.085 54.609
7.21 45.069
24.547 76.962
65.121 31.93
32.74 39.946
96.564 35.089
81.946 19.424
66.666 50.728
31.049 76.801
8.446 65.357
80.367 27.989
81.013 44.72
80.714 29.427
80.01 87.621
27.534 91.887
57.796 86.593
21.603 20.859
51.06 70.979
39.182 32.348
91.708 30.562
36.399 33.219
82.943 96.84
38.786 76.728
1.11 51.573
91.413 25.321
62.878 90.58
20.214 8.607
66.971 7.906
45.077 21.094
40.71 99.558
23.464 74.475
25.764 2.158
21.679 53.516
95.452 4.92
50.338 68.769
65.055 65.646
22.408 98.487
86.109 86.171
57.827 92.962
93.763 10.591
12.849 26.73
0.221 17.832
56.486 71.64
71.698 26.379
74.786 70.84
16.639 75.902
24.307 43.755
37.782 53.112
46.873 29.592
23.341 30.486
25.005 22.713
66.942 53.131
31.482 14.67
17.875 73.03
99.749 71.08
78.505 87.655
34.016 56.72
12.456 3.058
65.554 1.089
30.762 41.691
23.958 71.642
66.961 59.172
90.532 53.419
48.199 2.409
91.394 10.954
74.52 32.448
2.222 84.623
18.184 22.149
72.278 68.478
99.491 42.912
0.051 53.974
27.557 30.971
1.286 50.651
76.893 87.879
41.31 86.697
38.508 84.543
5.828 81.77
31.835 5.027
29.604 62.355
85.652 10.72
1.163 52.952
27.928 31.029
94.504 75.332
1.349 12.594
40.447 42.844
91.19 35.486
43.975 39.169
65.402 68.722
83.066 92.379
15.323 44.389
21.603 98.69
80.796 65.428
86.085 28.737
41.046 39.065
0.708 92.905
40.223 11.438
81.465 33.754
94.01 60.456
23.707 76.802
70.719 79.154
15.703 82.688
78.706 75.601
8.713 54.408
10.878 8.91
98.979 34.528
63.689 2.768
11.827 86.719
0.495 55.442
30.003 78.229
5.58 20.922
50.629 11.394
87.113 58.929
65.08 73.501
22.412 11.869
60.6 40.124
72.609 60.107
55.62 82.501
8.869 22.86
51.92 41.843
74.16 83.291
12.788 95.066
71.787 75.143
80.624 17.818
12.263 56.185
22.181 98.121
98.714 56.404
75.625 26.784
48.588 8.208
48.882 84.954
32.089 7.269
4.463 21.489
15.355 82.078
5.478 39.288
53.657 17.809
73.837 0.706
46.492 1.92
23.004 71.034
61.261 27.797
74.874 65.486
47.418 43.06
54.239 99.989
92.545 27.984
68.405 2.852
74.183 76.384
34.346 79.703
31.906 57.84
70.345 15.84
90.56 77.924
2.857 22.121
91.606 81.67
18.051 95.001
25.848 85.203
17.84 30.534
66.249 20.682
63.351 5.544
1.16 67.243
19.242 34.024
10.564 37.476
19.353 45.15
22.996 38.209
27.669 92.475
20.497 91.827
18.581 81.048
27.523 2.729
15.719 59.961
81.615 19.184
87.393 35.536
41.531 20.294
13.746 73.217
87.159 70.578
69.694 15.495
79.149 69.933
16.581 2.182
90.679 69.53
91.629 77.792
29.902 18.948
11.619 55.557
39.128 36.061
35.663 60.911
81.497 57.475
61.623 74.646
5.768 57.034
96.344 71.979
54.592 93.689
90.555 23.464
13.617 22.091
43.418 20.563
92.636 62.026
86.402 94.121
73.658 88.896
70.835 67.23
13.986 29.126
48.188 50.388
22.131 13.155
51.24 94.254
88.326 70.537
7.883 82.332
62.575 88.77
0.177 30.935
59.098 37.057
36.188 4.872
85.466 7.225
0.495 41.968
10.017 37.725
65.502 11.387
21.88 65.975
63.812 84.76
12.062 18.503
19.748 12.069
25.965 38.976
74.386 97.293
39.374 59.676
95.902 59.852
79.66 85.995
8.124 41.401
82.54 77.578
16.472 94.053
34.64 16.517
4.48 1.89
28.992 52.798
19.088 81.08
18.798 62.794
91.346 0.08
45.03 91.416
8.812 19.024
70.08 41.064
83.57 23.772
84.821 35.522
16.501 5.971
42.001 4.291
41.751 91.123
87.873 76.976
43.297 86.93
86.356 31.803
82.518 20.167
89.93 52.966
95.291 27.337
78.204 56.618
26.584 97.502
51.865 72.723
14.601 94.383
75.569 40.703
16.011 34.941
72.015 27.259
77.504 37.256
35.331 81.049
3.123 6.418
2.467 85.502
45.099 32.67
41.457 76.013
20.14 29.343
21.664 84.908
78.414 92.18
85.427 62.937
71.097 33.208
86.388 9.233
82.614 35.733
75.742 53.733
44.961 36.255
47.741 40.556
72.583 78.122
99.706 81.846
98.556 37.619
34.358 42.256
46.184 93.38
53.938 75.933
42.141 28.999
85.961 28.522
71.1 54.435
54.56 18.454
21.897 90.956
4.85 48.841
91.508 72.31
73.14 69.713
95.673 53.478
26.237 22.36
85.362 51.154
37.62 25.687
2.411 8.207
42.437 97.835
56.412 97.52
23.117 51.521
2.752 61.029
12.649 99.63
3.573 35.834
65.173 12.842
36.278 62.66
78.153 31.599
98.66 64.117
93.104 26.808
99.906 49.894
38.916 72.613
38.551 31.942
1.207 37.833
57.411 0.052
81.778 87.551
49.071 12.981
20.598 74.757
44.827 82.996
1.781 66.281
72.048 43.438
18.541 57.652
70.536 40.595
78.14 28.227
74.141 27.801
49.075 29.078
75.912 99.651
80.284 50.046
7.993 74.955
24.773 61.759
2.563 3.964
39.117 49.601
72.534 99.845
67.697 98.773
9.236 71.83
13.994 93.736
52.448 14.559
16.665 70.091
64.711 0.749
63.182 47.92
45.032 8.721
3.187 64.767
0.223 61.154
99.566 71.672
75.218 92.653
45.904 69.696
29.398 83.538
4.593 61.596
30.53 53.9
99.298 80.807
38.488 52.987
51.903 87.901
26.057 82.152
8.397 74.94
57.278 19.22
46.959 3.38
68.167 4.07
38.483 23.097
21.665 40.926
41.298 77.298
60.5 65.655
69.639 32.37
64.28 28.183
58.664 36.499
19.579 21.05
78.303 73.023
11.069 90.821
19.96 94.979
65.888 41.568
62.175 51.115
82.485 79.209
24.714 98.693
87.485 99.112
35.965 12.241
4.145 67.625
26.665 11.531
42.259 24.682
30.517 35.367
20.918 70.991
33.893 16.528
12.352 11.67
6.44 56.817
56.007 85.593
28.977 33.659
83.728 32.73
10.61 68.216
51.253 65.948
63.829 36.808
77.935 24.316
36.081 57.922
12.157 24.49
33.904 34.549
80.823 18.411
73.118 13.786
54.3 70.779
98.567 41.495
25.693 22.016
62.726 78.583
75.621 90.182
91.853 30.163
7.448 71.214
63.44 90.758
12.564 58.426
41.6 25.865
25.055 83.484
28.642 2.507
93.006 42.825
30.377 8.646
88.378 14.419
58.95 43.332
8.525 42.462
54.721 2.638
47.536 77.918
9.65 94.56
83.821 51.168
69.902 60.466
43.988 53.613
50.374 37.66
76.267 85.347
93.365 58.702
4.755 15.127
90.426 93.17
57.711 45.917
47.475 86.731
79.131 12.146
80.067 98.301
93.269 74.446
71.233 89.141
7.833 94.701
39.854 95.386
92.537 68.007
99.667 34.264
82.708 70.039
29.018 64.61
14.991 34.338
42.779 18.393
85.732 65.088
47.222 30.324
11.404 63.573
32.963 81.764
40.801 43.56
95.77 80.132
24.66 88.329
21.254 57.651
76.237 48.165
39.411 90.651
42.775 52.85
81.986 69.727
39.014 77.877
90.619 22.357
97.717 77.45
57.569 27.09
55.133 40.351
92.158 32.088
11.944 96.48
52.304 12.44
75.996 56.893
22.671 13.489
80.663 27.385
43.858 78.301
57.499 34.931
16.901 85.903
25.385 80.725
69.204 56.908
9.074 79.891
65.41 0.643
6.398 33.612
61.324 82.4
27.051 87.281
43.413 83.266
88.3 6.063
0.803 17.992
71.909 96.363
38.79 22.163
84.279 83.835
99.429 5.014
74.324 40.488
28.786 88.091
91.853 7.355
2.405 66.057
80.465 37.0
25.068 26.577
52.846 21.517
55.864 30.713
89.684 32.331
16.39 91.719
14.276 43.807
91.85 57.42
29.147 23.823
97.566 79.002
14.23 18.793
68.395 29.048
62.398 80.44
98.45 41.905
68.347 21.037
10.352 56.858
92.382 86.921
36.388 54.451
81.801 83.274
34.039 37.49
55.396 67.313
79.614 83.285
3.654 85.393
85.073 98.601
81.04 29.661
52.878 93.636
60.556 44.85
63.815 43.124
90.628 9.178
65.909 12.011
57.541 18.276
98.897 64.778
70.578 98.993
85.284 47.161
26.208 56.183
12.27 10.165
12.511 79.397
80.075 12.838
37.716 68.877
89.901 94.395
78.703 9.002
62.274 17.285
63.916 32.904
82.845 65.14
42.964 42.342
67.892 5.695
29.536 96.928
29.824 39.599
26.708 47.193
89.216 54.651
75.665 58.39
66.438 97.577
18.305 78.675
73.143 51.462
67.43 13.756
60.494 11.474
17.311 25.757
98.582 82.854
10.187 67.236
58.844 96.165
88.632 57.9
9.96 21.073
2.622 2.633
38.941 86.811
85.001 76.899
39.384 44.131
55.974 83.834
19.147 25.436
87.13 59.369
17.436 26.856
18.061 65.694
9.397 54.701
22.327 91.897
77.108 87.208
53.967 83.877
77.549 50.514
15.544 28.826
89.602 68.207
35.975 41.237
96.018 43.35
83.7 46.978
71.836 36.98
29.297 10.146
38.399 4.963
28.303 39.014
6.292 68.879
45.258 28.256
93.694 27.132
16.125 22.745
98.33 50.453
75.192 63.572
30.286 72.621
83.402 84.653
68.371 39.22
27.287 45.281
87.182 94.319
86.198 55.988
32.134 24.857
21.802 38.914
78.887 73.946
46.556 52.83
28.428 19.921
6.099 63.724
29.531 98.729
88.295 15.858
98.672 56.325
85.651 15.401
98.971 93.693
54.458 19.265
24.3 26.536
56.692 73.448
48.55 89.167
70.602 78.371
58.32 71.14
31.783 39.121
21.142 10.96
63.729 13.747
77.223 99.559
78.215 79.289
12.578 89.971
22.458 47.039
4.094 86.881
55.281 55.128
87.727 25.081
87.648 95.397
56.631 81.326
12.417 35.941
21.4 59.808
52.581 55.546
56.184 27.744
41.134 61.173
61.266 66.445
58.141 60.357
92.273 33.638
92.185 77.606
79.383 88.541
50.98 95.124
17.908 87.557
11.032 76.645
29.962 38.346
6.613 17.282
17.586 97.264
67.276 5.296
91.906 38.602
75.044 74.625
99.442 94.549
5.434 95.325
91.42 96.585
97.875 19.891
61.953 96.429
36.185 43.594
8.309 82.271
11.854 26.003
75.161 57.119
57.996 86.673
51.96 29.822
58.837 48.917
26.083 3.59
36.159 9.933
79.484 55.01
73.516 61.14
35.02 68.131
49.684 57.176
53.802 61.03
5.662 7.258
43.151 46.059
16.826 83.383
34.889 4.333
50.638 76.705
83.489 20.69
97.099 50.91
71.745 56.478
40.711 17.755
99.125 54.42
69.286 34.588
24.107 34.072
44.406 98.973
80.59 99.754
52.24 54.74
29.791 84.223
63.129 16.762
75.571 89.373
57.906 31.211
51.557 0.206
34.165 33.734
19.454 74.875
32.042 29.746
60.51 13.926
73.053 90.888
21.745 65.472
57.295 35.27
65.256 67.08
52.126 39.445
61.609 62.988
1.074 4.627
55.181 57.643
87.363 16.19
87.917 5.069
16.817 20.173
27.405 4.031
30.977 49.456
58.82 21.983
2.169 8.867
28.928 77.865
35.888 84.019
15.567 25.449
23.395 16.72
10.286 49.698
12.17 67.532
43.428 55.201
36.578 19.097
44.938 62.679
38.015 39.28
9.391 8.861
19.126 83.628
38.748 53.249
30.858 47.002
18.89 89.125
39.589 80.676
4.986 14.647
58.475 19.934
44.408 52.23
13.498 78.739
32.93 13.577
2.104 97.447
24.17 62.474
37.336 41.368
89.816 84.726
32.843 50.214
25.573 7.836
56.651 54.724
53.551 65.765
9.574 36.757
28.266 32.317
46.411 60.503
90.726 26.786
46.19 44.316
9.689 50.533
61.605 40.834
63.23 47.981
65.304 58.178
9.258 99.037
6.588 36.218
83.465 96.438
64.865 30.613
64.008 73.497
14.238 25.176
89.736 13.617
11.696 51.916
0.421 78.41
5.175 85.026
9.81 80.796
47.894 91.856
81.82 59.144
30.636 42.669
63.583 32.378
13.371 37.932
14.464 1.83
9.601 59.021
19.669 62.927
59.729 69.409
0.806 9.102
13.509 79.598
96.878 51.639
6.285 57.689
0.148 30.035
97.419 7.645
10.886 20.653
89.703 56.206
70.657 29.503
64.591 19.827
83.271 61.684
45.042 19.772
96.205 85.761
58.762 64.81
97.624 89.126
20.855 96.17
10.793 1.251
14.257 73.756
57.218 78.29
96.757 83.88
99.913 49.78
63.36 73.688
54.347 71.358
77.837 84.385
57.946 56.949
95.047 53.379
96.833 89.772
41.32 67.686
17.708 89.014
54.54 74.783
74.755 4.857
69.92 26.975
33.33 67.793
1.736 92.62
62.518 24.717
97.775 39.797
91.599 40.689
29.992 25.311
40.37 8.305
25.279 27.702
84.192 33.741
97.369 19.261
12.492 71.043
76.672 45.84
38.455 44.958
44.425 14.734
48.065 13.783
72.666 73.458
6.182 33.063
71.303 5.678
88.795 82.696
3.316 10.196
42.995 23.453
82.703 10.558
1.935 91.181
86.636 8.711
28.211 45.941
83.703 61.894
30.025 74.872
83.275 98.734
77.404 70.428
23.572 36.264
29.038 0.562
52.112 62.729
72.848 10.056
67.15 91.653
55.368 14.231
48.949 50.095
12.7 62.045
20.629 20.925
18.102 81.834
70.951 1.801
93.229 38.564
43.805 95.577
44.356 17.723
53.705 69.894
54.253 68.156
46.423 94.876
62.658 85.124
72.663 11.983
25.584 84.061
33.384 70.236
60.408 17.921
2.241 72.979
28.292 68.312
23.667 15.332
33.814 39.702
8.154 40.686
39.753 45.619
30.42 39.015
12.504 46.347
70.994 6.627
68.121 59.627
21.906 47.825
24.265 6.56
8.483 57.849
80.071 73.917
26.443 52.33
68.099 59.575
41.344 6.002
89.346 88.725
97.798 47.361
91.662 29.644
86.87 97.95
2.885 18.928
81.893 72.433
47.986 77.167
22.781 73.002
30.059 97.823
88.534 74.2
40.692 97.873
97.727 81.72
84.908 9.544
71.449 90.014
26.487 12.973
5.878 5.602
7.445 74.19
90.112 45.88
80.375 4.011
45.405 33.632
72.183 97.085
58.893 15.586
47.183 98.137
60.612 41.597
95.31 82.471
75.126 43.436
59.214 43.139
41.302 60.187
17.434 38.353
92.606 78.689
57.982 20.501
15.741 1.665
2.814 26.546
0.291 72.308
0.293 4.65
63.882 39.543
74.611 1.737
74.421 13.541
37.664 39.763
12.718 10.742
83.788 28.585
52.903 15.909
32.018 39.912
37.616 24.73
59.853 71.893
90.267 64.686
41.68 69.04
14.129 82.188
1.526 15.705
96.675 53.736
79.521 0.359
11.019 55.675
35.014 50.14
33.816 63.77
43.872 42.312
57.705 48.446
7.704 35.582
76.921 57.298
14.603 30.334
56.89 25.22
42.91 54.793
73.225 12.273
77.184 23.496
70.045 19.821
97.942 59.055
13.948 52.683
97.716 38.087
55.222 88.665
14.359 75.717
65.391 85.547
89.915 56.022
84.72 30.402
52.916 93.114
44.82 91.748
89.027 99.035
70.783 4.381
47.806 57.926
91.505 71.129
64.222 84.221
11.344 36.371
0.294 92.164
8.923 54.959
29.348 39.427
31.331 59.532
46.234 81.166
77.571 94.479
72.064 87.287
73.731 90.686
9.669 0.606
24.493 38.763
18.373 32.067
8.239 5.039
53.311 48.327
46.896 67.131
88.344 6.223
73.898 86.71
11.17 30.718
86.204 63.256
23.238 82.838
69.675 27.238
54.888 10.502
85.382 96.197
15.054 92.92
79.286 64.963
39.608 69.324
51.544 72.132
97.287 84.407
61.318 81.128
37.805 79.55
5.824 22.361
99.105 51.583
33.932 5.01
68.252 45.351
44.699 65.136
62.521 87.698
59.185 85.914
46.698 46.005
1.22 56.595
55.688 57.338
83.427 48.095
78.965 15.515
14.985 12.534
19.429 74.918
80.881 48.915
47.852 38.541
15.787 6.214
5.779 95.735
17.686 77.013
50.459 73.107
55.416 73.478
7.838 65.921
91.142 53.07
56.235 53.102
83.819 72.854
89.82 26.47
64.212 75.109
8.033 15.358
60.097 44.179
57.998 7.817
87.272 87.482
56.419 61.313
44.244 48.516
18.715 78.096
32.457 79.092
73.92 99.387
78.892 25.953
70.88 50.476
87.969 54.522
78.831 72.729
12.502 2.632
1.994 87.367
13.377 98.478
14.795 14.315
55.474 54.904
60.699 16.64
54.924 80.496
72.114 86.155
95.415 21.213
66.14 67.537
6.242 55.423
76.12 69.148
29.468 0.476
77.927 97.389
47.53 84.192
24.302 23.195
54.508 31.71
52.09 30.193
72.729 28.0
60.027 60.964
13.989 35.229
63.469 8.944
1.513 3.726
58.833 87.168
53.3 97.492
88.775 63.883
30.348 82.092
35.849 21.283
67.426 14.877
62.199 35.355
51.999 71.937
55.361 40.809
25.762 22.601
92.945 96.837
19.906 43.404
55.183 93.29
55.27 42.463
18.052 78.848
98.914 2.7
73.779 14.092
67.494 39.567
54.011 86.077
18.225 92.373
18.701 68.236
63.195 19.98
45.747 62.385
67.262 90.241
47.957 33.459
66.604 15.21
90.814 73.495
96.705 44.928
20.557 85.365
77.186 63.026
44.11 7.496
14.312 19.916
21.766 96.975
97.451 85.752
19.44 80.123
46.084 84.678
78.588 32.361
46.305 67.584
10.724 10.173
24.676 9.406
47.617 30.799
49.576 36.161
14.791 95.71
28.597 32.724
29.772 88.077
75.117 54.52
26.72 79.099
88.357 33.01
0.543 23.391
97.531 60.869
11.4 90.806
52.284 18.409
1.093 60.605
46.035 16.087
61.657 69.139
2.833 73.337
59.798 56.374
29.691 31.307
42.279 42.38
14.135 30.853
98.539 39.262
33.037 92.353
8.995 68.383
14.746 23.266
80.916 30.515
31.401 61.165
97.267 84.507
37.62 95.086
50.84 54.448
66.765 81.684
49.872 48.247
49.559 97.902
24.549 97.879
40.2 87.226
63.203 66.491
74.889 37.942
37.366 68.737
43.581 67.663
20.349 65.585
57.011 33.684
76.918 63.539
9.165 61.273
11.681 85.622
48.548 51.632
98.537 79.671
9.678 59.634
47.947 25.028
23.172 7.4
46.72 18.82
50.449 33.51
31.437 10.232
55.959 29.08
99.998 36.639
68.017 28.67
51.196 70.065
98.262 85.704
86.346 29.422
62.331 97.01
45.954 85.88
41.228 77.106
87.237 1.687
96.658 28.82
70.66 92.649
29.224 16.303
62.352 36.41
81.913 53.093
37.856 7.249
19.593 55.018
81.673 68.726
21.478 40.054
92.654 67.613
34.176 92.849
26.007 62.556
72.298 0.685
16.983 38.005
6.919 62.186
9.325 40.777
72.139 47.156
37.672 18.624
79.64 2.297
74.173 25.916
39.664 54.574
4.647 52.373
16.701 13.248
69.918 3.951
14.148 65.087
18.222 58.106
39.257 60.893
95.337 43.141
28.772 50.61
90.7 0.944
57.592 35.886
44.553 55.408
2.372 45.344
17.692 44.157
21.313 56.168
3.387 4.735
15.436 93.92
56.42 83.793
74.098 44.086
94.787 47.926
67.392 27.379
84.06 85.401
38.093 55.311
40.816 19.551
9.448 68.536
49.757 61.15
17.408 8.453
2.516 92.956
79.045 10.728
57.764 30.683
14.306 92.526
50.143 14.031
23.357 58.378
78.626 77.871
72.244 95.297
44.725 62.322
1.981 58.8
0.19 2.126
12.398 52.196
89.479 25.968
66.117 70.294
98.269 76.588
18.877 73.092
76.137 10.795
5.314 74.148
87.86 66.489
94.166 92.389
96.497 5.633
92.361 11.113
10.294 55.353
35.337 69.98
74.397 85.876
68.367 87.415
53.354 92.953
94.891 85.815
5.328 54.669
60.385 42.382
92.53 3.876
13.354 65.929
62.439 2.172
49.906 45.922
32.434 96.699
12.199 81.586
39.379 87.084
77.107 99.091
34.01 96.417
45.241 3.513
11.191 98.934
24.212 59.54
91.534 23.61
89.768 32.909
64.716 64.207
18.649 7.661
62.531 97.082
31.526 96.979
83.852 19.52
29.634 67.571
76.635 80.532
59.389 79.907
11.337 32.693
6.176 11.352
38.33 11.535
26.453 53.32
90.107 74.449
57.716 40.844
16.352 71.143
9.903 52.062
62.977 99.462
49.322 85.523
39.078 57.146
1.469 4.622
82.014 89.602
11.386 96.185
51.777 96.844
58.349 93.979
75.716 91.574
54.737 13.51
50.833 75.08
16.648 81.65
41.768 31.897
21.596 49.382
21.324 42.188
61.792 27.768
23.089 84.819
90.519 92.718
94.693 53.916
86.245 60.201
79.973 1.668
76.689 65.999
86.384 33.719
71.246 96.133
71.203 82.394
1.348 90.588
83.198 43.661
53.171 26.503
36.108 99.417
63.96 95.133
82.638 89.564
1.999 65.99
0.604 5.637
38.643 86.317
21.227 1.351
93.569 53.814
73.608 64.37
42.105 77.142
33.268 50.528
78.973 59.714
53.94 59.796
18.189 26.807
53.639 83.35
55.37 41.813
60.999 7.752
62.144 24.632
64.678 25.776
71.19 90.491
83.364 72.167
63.577 46.453
27.594 4.393
26.843 37.776
75.019 29.688
18.839 93.531
89.245 30.689
28.147 94.174
38.284 39.914
80.055 58.375
57.566 29.281
18.091 30.767
23.807 49.205
21.053 59.679
0.546 80.073
32.772 58.915
20.698 21.211
30.801 4.664
57.22 10.528
24.708 53.503
89.65 31.214
5.084 44.441
22.375 26.528
66.682 67.525
94.293 64.999
61.129 21.935
61.836 51.622
71.36 1.114
22.124 36.662
4.176 26.024
46.048 29.372
94.472 38.529
63.713 92.593
45.702 51.103
40.383 61.281
93.832 18.862
56.139 27.945
23.069 29.685
67.727 62.307
27.895 1.737
39.605 17.501
15.917 74.282
49.948 62.705
88.852 95.498
53.902 64.725
92.913 66.907
71.453 66.081
84.076 41.078
84.59 52.903
7.071 88.976
88.697 13.914
80.862 84.265
3.784 11.948
36.351 35.763
7.696 29.774
85.008 63.988
52.469 7.462
39.915 74.83
5.885 20.935
89.87 58.49
64.857 48.332
75.878 74.645
70.668 53.463
79.86 84.742
10.174 60.386
72.951 43.011
94.223 51.712
45.109 97.928
26.3 22.946
33.392 62.649
57.836 67.265
40.18 1.365
95.65 18.386
75.945 76.984
46.128 83.599
4.08 65.825
54.525 6.381
82.32 71.391
14.271 42.337
31.838 75.838
64.493 41.805
10.934 16.122
16.3 18.746
85.03 39.676
82.449 83.585
4.592 76.345
87.387 25.588
93.458 19.345
21.55 0.91
14.237 18.365
75.254 68.442
57.342 48.363
25.044 49.867
17.263 76.79
44.369 98.089
19.924 61.334
71.208 50.498
24.633 3.91
81.518 21.506
14.118 6.376
17.814 50.679
9.545 37.175
32.814 80.698
5.293 45.087
83.057 13.343
4.243 92.069
21.363 15.714
58.086 88.696
55.613 57.653
19.829 4.514
90.188 51.475
8.606 87.322
53.973 25.915
99.445 24.765
67.198 90.823
76.96 77.284
83.529 27.819
58.227 82.815
94.145 80.738
2.186 96.411
26.135 56.491
69.274 74.324
63.393 54.689
45.511 13.111
0.11 83.563
23.459 46.364
96.714 30.683
99.453 77.148
52.62 0.08
90.688 33.618
85.352 57.204
77.565 71.728
73.84 40.963
51.745 7.893
16.929 29.641
51.682 17.348
5.824 84.665
50.75 79.769
87.851 34.74
62.084 4.616
35.349 96.551
1.393 49.648
72.491 75.624
29.011 9.081
99.321 78.831
20.614 11.059
72.03 49.672
57.646 99.137
8.385 56.049
91.501 85.671
77.717 37.718
91.348 67.342
51.063 89.372
65.433 2.389
82.747 44.086
64.682 6.054
99.454 64.51
87.527 64.241
62.523 17.707
21.603 15.107
91.904 90.46
0.617 3.749
47.258 2.393
91.161 5.771
16.648 73.467
56.09 3.359
60.697 40.558
23.045 91.916
81.277 44.964
10.195 25.062
76.762 57.334
97.452 6.508
6.19 75.689
81.089 55.138
46.024 39.057
15.867 25.194
69.402 93.04
22.459 82.467
39.209 31.501
31.723 23.075
70.967 64.018
18.021 2.787
74.016 42.269
2.999 8.087
76.588 1.168
55.078 89.363
7.765 87.607
84.639 66.451
4.635 69.734
10.623 42.587
14.76 47.152
78.214 73.242
47.527 86.002
49.571 3.236
76.6 34.681
31.082 66.944
53.925 51.034
11.389 74.388
60.801 39.945
71.877 73.361
70.633 81.817
86.043 90.277
10.747 76.523
43.57 77.314
22.219 58.789
51.024 40.427
86.831 0.865
90.582 73.119
82.714 54.759
38.369 12.963
0.109 7.831
28.801 72.575
3.354 53.738
42.385 67.753
32.905 18.654
41.133 29.367
25.544 99.701
75.339 11.336
76.387 43.932
0.089 33.62
72.154 47.315
76.442 21.853
95.768 3.76
34.57 99.814
26.138 4.154
10.849 45.305
55.148 73.876
31.849 43.731
10.371 43.426
83.037 72.078
50.169 42.786
10.253 10.444
3.271 85.255
42.564 32.371
28.728 41.14
40.904 34.748
95.499 93.372
52.791 14.413
93.985 48.308
66.916 26.715
70.634 39.269
5.798 63.703
89.308 58.45
11.354 28.862
42.077 16.158
91.226 0.641
71.185 61.713
68.573 91.117
19.834 20.158
61.741 72.977
21.28 12.661
45.143 52.257
93.591 36.914
42.308 6.323
63.187 98.167
74.218 9.047
47.81 91.271
34.787 81.136
58.531 31.71
33.147 73.513
55.369 53.247
90.54 62.352
1.068 21.351
46.842 62.511
82.45 17.779
85.07 33.909
14.476 33.267
59.121 8.39
38.387 27.185
38.768 99.986
41.722 89.05
92.896 58.075
24.973 66.627
32.553 30.098
84.527 1.321
99.062 57.37
79.386 93.556
34.943 75.338
51.169 1.959
79.345 8.022
92.924 83.816
71.098 7.135
64.534 24.948
88.392 38.529
6.366 92.234
29.607 65.958
30.408 77.287
50.547 38.841
92.238 11.217
11.109 18.355
27.15 82.234
70.634 54.473
70.05 21.445
19.024 42.184
20.109 30.434
91.818 99.212
76.076 22.857
58.134 74.512
36.004 94.007
60.147 71.333
18.574 37.099
9.468 28.084
21.842 3.445
77.667 62.151
3.312 84.783
7.374 98.005
28.959 47.627
45.611 95.197
25.911 28.161
90.8 59.714
99.196 44.101
65.992 72.03
90.686 99.409
66.159 36.242
35.955 44.921
61.566 99.477
11.767 27.409
45.496 80.299
81.036 67.683
75.604 11.512
16.695 46.496
55.288 32.128
24.289 15.898
3.787 89.242
17.923 81.813
76.79 84.615
37.902 12.74
78.89 79.677
1.245 53.915
28.325 70.757
50.844 38.247
44.764 68.069
58.87 95.204
15.151 3.824
56.341 49.783
3.947 42.844
25.933 96.006
91.592 6.517
96.898 59.554
33.877 73.72
38.731 51.775
3.506 55.46
22.417 54.634
99.458 54.885
61.326 51.46
33.557 60.123
23.21 25.088
19.149 66.946
37.093 51.994
62.345 45.331
89.94 45.823
35.53 58.568
57.328 98.32
2.434 24.699
42.056 69.756
97.7 90.705
78.518 99.826
83.504 17.153
19.953 14.381
62.032 18.799
12.505 59.171
8.755 25.24
91.055 79.607
45.519 27.136
0.364 39.875
5.316 15.865
53.735 99.181
44.871 8.317
43.566 32.894
54.458 82.22
9.47 38.257
10.887 1.375
36.888 52.42
48.879 91.233
29.023 61.451
6.513 6.373
50.197 27.912
75.046 89.762
77.44 32.188
34.487 85.101
85.654 19.085
58.162 9.498
53.464 13.198
93.104 1.146
96.253 11.068
18.632 70.478
68.439 15.084
67.999 4.077
33.318 25.268
75.795 9.781
32.15 83.566
56.777 92.714
2.094 8.503
56.766 33.71
29.926 48.565
21.579 19.571
27.22 74.218
60.192 73.337
81.184 64.115
98.551 65.175
21.086 60.521
39.346 24.671
56.581 89.269
66.118 76.288
54.408 43.553
65.992 75.213
26.013 43.338
77.103 33.068
69.225 59.556
6.238 46.487
86.503 26.83
67.275 78.742
42.461 25.406
59.981 94.428
6.411 31.368
8.978 85.774
86.287 86.14
83.679 83.135
55.744 78.935
73.464 38.018
44.327 50.473
70.094 2.415
28.695 39.468
4.579 43.821
81.641 35.759
70.217 99.314
38.998 82.863
2.588 62.32
17.255 9.338
14.053 34.962
13.35 61.037
4.315 44.008
24.624 29.301
30.045 83.336
70.465 97.839
89.422 64.249
84.853 78.573
50.854 51.661
89.729 14.517
67.371 55.398
45.457 51.979
23.177 20.723
51.164 12.461
65.988 23.264
69.188 80.079
78.529 32.19
34.065 90.497
83.217 33.233
52.157 66.643
68.722 98.538
49.752 98.128
45.657 7.99
8.135 33.424
85.554 96.814
57.667 12.57
23.268 93.352
94.749 81.976
37.643 6.919
87.746 91.65
96.597 18.939
6.779 77.145
51.695 71.689
53.493 47.675
3.716 52.919
19.041 9.274
87.661 15.763
75.474 33.546
4.388 18.692
93.336 65.79
92.89 1.863
56.951 51.364
31.088 97.41
33.999 23.539
66.074 32.553
49.182 20.045
70.301 38.556
36.458 4.426
61.732 0.548
72.98 68.832
12.161 84.869
86.499 36.972
8.647 50.084
48.797 23.323
17.257 42.516
18.809 34.659
99.89 38.29
78.091 45.069
27.085 62.667
37.973 44.132
35.757 53.382
82.454 57.942
85.024 75.252
81.638 20.177
71.647 24.834
86.472 39.569
22.111 67.815
97.198 1.731
32.157 39.551
92.59 37.086
99.969 26.584
66.444 90.706
45.321 6.006
21.705 68.684
24.945 61.63
62.139 44.492
66.976 77.231
84.233 87.273
48.887 70.656
44.988 27.387
4.962 95.477
59.968 30.145
70.731 99.466
1.633 66.812
93.996 87.933
27.333 31.4
87.829 52.261
70.421 38.358
37.452 64.488
21.552 16.313
60.268 98.698
22.007 26.202
55.288 29.546
85.644 22.782
38.471 80.448
91.886 64.256
77.668 31.308
66.429 78.508
23.296 46.68
34.777 37.312
83.645 40.213
69.014 44.267
73.248 58.23
24.858 98.968
66.826 77.068
80.133 92.091
28.53 84.056
99.296 48.961
66.311 75.986
47.55 27.26
57.559 9.879
86.916 46.275
23.671 94.465
32.987 3.518
39.392 70.618
70.849 86.076
0.685 54.996
22.25 62.087
32.996 32.797
8.532 57.581
44.986 18.667
24.394 57.155
61.317 15.899
90.829 89.857
30.964 13.822
40.772 15.09
31.797 96.501
31.421 15.814
88.47 92.764
49.034 29.736
4.558 45.327
26.893 84.654
12.447 33.052
60.793 15.663
88.953 43.893
30.792 70.305
18.272 6.808
89.508 64.62
91.134 35.57
98.781 75.587
3.398 34.005
74.809 61.869
58.798 7.28
60.335 69.81
1.207 34.179
70.434 48.334
40.412 52.51
33.061 24.521
55.342 11.513
91.08 27.75
56.902 75.846
75.071 17.88
3.54 85.52
42.965 55.465
73.521 2.88
23.758 14.063
45.565 38.773
82.55 73.525
36.921 92.158
78.253 29.592
5.43 61.081
37.817 72.328
37.66 80.492
93.663 85.476
65.684 66.456
55.054 69.229
98.857 63.86
53.536 24.171
2.713 59.661
5.414 1.271
68.318 62.067
69.984 73.737
11.541 1.54
83.15 87.607
49.083 26.824
41.678 51.386
63.949 21.828
26.968 88.037
60.212 84.651
68.322 64.379
3.131 44.355
15.268 3.188
88.955 32.049
91.148 34.82
0.998 67.984
55.446 94.696
77.773 4.012
82.227 13.78
77.155 55.115
39.284 33.181
98.23 72.594
40.839 77.655
54.681 56.626
5.509 3.277
38.716 48.816
70.923 96.442
82.708 34.103
40.051 43.106
32.481 73.461
97.207 63.35
74.146 12.795
61.469 2.821
25.428 22.331
39.214 88.916
93.37 54.602
39.309 12.03
84.89 91.855
61.025 84.361
84.947 94.719
39.12 6.027
7.969 21.273
21.009 17.146
57.886 5.737
43.857 70.833
21.704 82.184
7.338 2.792
42.397 43.124
16.997 22.008
67.498 0.379
76.575 65.945
79.779 49.718
83.365 86.301
11.043 13.453
85.534 44.807
68.654 91.93
58.277 28.016
68.414 66.32
95.099 70.533
31.955 48.331
44.389 24.631
81.888 15.493
66.04 47.219
2.51 62.794
16.817 7.817
60.607 98.319
2.696 86.255
60.893 69.75
56.975 10.0
5.228 90.921
70.605 94.638
31.336 1.059
0.624 18.613
57.75 8.711
73.326 97.518
70.858 93.962
71.802 76.784
55.638 94.273
11.488 18.979
14.665 25.556
7.686 65.201
85.196 74.669
31.262 7.843
32.998 76.156
5.142 97.828
11.708 76.219
28.777 46.944
39.969 68.551
34.868 63.91
12.823 14.018
94.211 78.777
36.671 49.217
26.645 24.024
93.14 70.295
77.376 14.258
42.325 75.014
19.386 37.56
89.931 5.877
29.978 51.107
26.529 26.072
52.042 7.365
89.177 73.551
54.143 10.261
93.367 29.929
74.219 74.663
11.436 10.58
83.335 36.021
75.525 59.778
97.921 12.338
18.531 97.21
43.207 33.174
3.696 37.032
26.331 85.783
88.951 37.179
95.413 30.887
42.27 14.162
48.136 16.675
82.36 12.11
64.338 86.747
6.151 54.529
26.98 4.661
15.434 65.42
74.516 17.842
11.102 3.324
12.52 96.39
2.345 64.947
77.683 31.523
66.618 64.36
96.986 11.473
81.071 37.894
55.694 37.532
93.939 54.483
66.924 75.877
3.958 68.26
2.962 1.394
52.203 78.192
30.763 40.501
15.445 0.605
81.325 63.77
86.739 20.402
20.95 88.472
49.365 53.761
59.655 15.029
47.18 28.666
2.789 53.367
7.462 22.327
11.144 79.308
82.656 47.18
44.29 70.723
46.501 91.92
86.882 46.059
65.557 92.249
61.368 12.269
59.528 9.969
11.239 45.148
53.646 5.786
38.515 50.2
75.658 35.711
84.825 90.241
94.16 5.948
19.723 90.168
56.105 35.406
49.19 67.475
54.442 86.449
77.144 53.538
98.95 32.391
27.912 6.348
66.537 16.257
20.716 71.208
33.242 92.814
67.297 41.878
33.623 69.342
77.899 53.134
31.719 40.296
53.864 85.493
66.568 90.11
77.696 87.348
79.442 42.431
85.149 17.853
53.372 58.116
0.931 38.263
29.362 79.188
71.367 99.014
97.904 47.286
13.891 88.806
58.122 51.498
34.889 71.262
99.979 11.868
84.131 56.871
2.182 55.02
43.616 71.931
69.475 50.551
92.617 75.219
93.762 65.187
99.057 0.934
1.357 42.597
55.556 79.031
57.587 21.441
47.849 44.042
78.906 13.515
40.859 96.769
42.258 49.895
76.027 42.939
68.287 51.813
89.881 76.302
61.126 49.43
46.684 44.481
29.827 0.477
18.604 13.419
81.669 75.374
48.437 43.214
62.711 16.378
71.978 52.045
55.233 19.922
87.849 84.686
99.759 61.693
6.088 99.976
7.867 13.41
47.7 8.419
14.224 63.847
0.507 53.945
17.766 49.739
57.767 99.936
59.312 19.357
56.807 73.159
59.951 64.33
50.919 6.794
61.376 45.623
94.456 65.941
21.547 15.309
65.882 30.672
17.752 21.111
68.069 26.236
78.015 77.356
54.95 18.814
65.407 10.766
38.205 23.627
41.57 66.854
1.45 43.109
64.894 62.14
20.213 18.584
61.74 64.587
32.391 64.528
30.195 25.373
77.832 87.391
29.768 85.08
4.957 24.106
45.823 54.444
54.521 85.572
42.111 64.464
86.086 56.78
75.843 54.522
30.562 88.12
41.858 7.427
7.044 26.313
39.721 81.459
33.59 2.12
20.473 87.69
94.004 12.74
92.194 37.559
30.816 0.375
72.514 9.279
39.021 93.574
5.98 3.989
77.849 35.941
28.345 70.498
50.296 72.855
84.233 17.761
88.586 27.695
28.06 69.96
79.164 90.836
45.377 46.905
65.529 15.284
97.825 24.679
94.263 2.435
5.176 11.382
95.5 12.642
81.547 99.136
33.603 50.937
82.2 90.148
95.217 91.568
40.58 73.244
6.447 9.366
8.648 15.798
78.365 11.736
40.197 6.596
6.093 29.062
72.603 21.69
19.53 54.036
45.281 68.21
67.545 93.683
26.138 10.422
25.748 60.505
77.701 85.281
12.507 60.066
61.565 45.367
91.153 64.126
70.211 18.935
16.434 82.464
33.061 16.894
81.174 50.594
76.134 81.103
94.425 6.166
98.23 23.286
77.757 33.017
62.05 90.065
35.191 21.177
28.071 31.908
42.353 62.048
48.472 29.052
73.346 76.132
83.128 64.468
80.966 70.639
92.107 26.884
64.766 69.171
88.443 6.592
19.932 32.125
94.151 26.484
31.532 48.8
84.199 55.007
87.95 47.105
15.279 18.44
21.344 39.825
8.842 71.467
75.173 68.973
17.097 18.259
7.842 95.451
29.984 23.71
67.088 23.785
37.267 73.671
26.6 15.01
9.676 71.887
24.25 63.079
11.993 78.057
62.24 87.6
89.264 11.13
11.11 10.145
68.571 70.4
80.8 42.082
56.362 22.2
34.221 89.946
26.051 60.551
60.772 89.937
33.697 1.304
99.768 98.086
74.81 81.452
51.052 39.702
69.155 95.42
14.563 22.527
66.675 63.012
63.241 62.834
22.396 8.898
62.515 38.187
56.431 77.364
64.938 59.493
97.81 71.887
39.957 50.747
96.885 73.186
69.897 22.804
8.028 6.586
68.428 92.492
90.727 24.151
78.343 87.635
12.834 91.76
55.928 35.977
96.53 75.983
81.415 45.905
46.025 30.264
79.209 96.521
34.258 69.987
1.314 71.691
34.801 4.543
85.673 16.12
28.712 72.746
11.115 37.925
83.097 11.592
81.117 48.406
34.268 51.627
47.919 75.154
51.327 28.655
85.033 43.533
58.432 6.344
29.85 10.95
96.519 35.989
92.412 31.791
90.451 97.818
13.801 93.58
7.248 38.384
53.274 28.061
26.42 50.958
37.401 98.264
52.239 30.698
25.222 11.709
88.469 27.204
38.522 38.098
38.275 83.371
93.438 88.548
0.103 98.573
5.983 26.4
4.606 45.776
89.612 26.022
63.13 39.958
26.955 68.769
32.42 14.2
44.704 29.699
31.645 93.629
76.089 89.625
20.922 72.809
34.295 80.687
31.841 55.27
38.533 64.044
47.224 59.851
45.351 74.805
5.337 62.259
44.936 34.026
5.064 43.488
49.881 3.898
50.26 57.666
59.406 99.344
43.472 36.146
69.283 82.626
73.686 98.33
42.567 15.549
8.91 88.127
82.826 66.821
19.062 0.344
64.443 52.545
58.615 28.916
65.758 73.43
65.544 29.168
81.285 52.055
43.804 16.424
10.179 94.912
3.057 44.039
33.821 18.617
28.091 36.495
10.283 66.592
22.409 13.612
59.434 6.197
10.454 96.305
73.352 47.566
0.715 18.488
96.409 68.2
72.741 30.506
3.99 40.876
90.955 36.708
76.511 81.257
48.007 21.729
88.065 52.434
43.75 21.457
34.026 68.522
70.851 96.866
15.888 31.055
55.707 81.019
27.824 8.077
65.612 88.781
22.905 67.507
60.571 37.938
32.689 40.684
7.07 3.301
10.994 67.19
24.181 54.878
59.414 90.563
87.783 58.208
42.308 82.247
43.309 44.202
90.781 93.609
83.371 56.397
46.624 29.85
47.72 16.003
71.516 32.032
22.502 26.701
17.365 60.639
43.02 39.115
33.858 97.125
53.256 82.127
66.225 56.141
67.16 88.46
35.542 11.414
81.665 79.794
93.664 35.168
91.565 87.796
71.345 73.21
96.219 93.893
61.604 72.215
15.804 56.956
18.333 87.399
88.079 95.923
10.566 46.464
3.694 49.032
7.384 89.786
56.547 79.604
93.979 18.815
90.152 50.88
22.524 9.564
72.501 93.239
15.16 72.762
45.933 86.858
89.843 45.925
33.103 55.28
87.107 21.83
53.307 75.608
64.17 67.093
73.0 21.033
7.06 69.586
59.979 56.888
54.566 89.785
43.663 20.729
70.462 66.227
67.631 48.84
60.473 67.755
36.681 10.365
29.343 49.5
27.618 47.36
73.859 74.444
66.788 82.17
79.585 2.929
72.166 45.17
20.85 33.808
10.733 97.325
87.855 44.065
5.276 44.616
22.055 96.882
16.409 67.201
69.864 25.085
58.326 32.573
65.682 80.012
59.015 47.498
91.005 94.405
4.801 84.259
31.81 18.971
56.872 74.362
89.512 30.661
22.595 25.234
29.064 98.781
29.467 6.664
27.181 0.071
4.82 60.185
7.07 49.259
46.661 43.684
70.541 27.419
0.02 12.935
68.487 59.869
81.311 56.555
77.119 92.761
97.028 65.128
15.667 7.881
3.442 99.932
93.734 84.838
94.691 93.009
93.783 1.611
34.728 58.955
33.738 28.292
37.726 82.125
74.152 78.632
82.585 99.938
54.293 7.635
95.708 47.928
75.502 81.773
87.1 42.987
63.888 69.095
5.818 49.816
31.766 87.05
84.508 82.226
32.69 39.383
17.787 2.614
5.09 67.582
42.647 9.16
6.462 85.869
50.676 88.788
22.079 64.728
32.817 7.228
25.819 22.003
71.062 33.757
20.226 15.574
9.236 32.343
45.885 98.51
88.893 40.739
4.209 45.96
73.31 44.694
63.551 26.965
11.282 85.665
91.638 31.051
31.48 34.697
41.41 86.818
76.368 2.28
78.363 79.107
28.75 69.077
73.666 78.853
20.333 71.714
5.403 68.783
81.226 72.821
27.862 84.647
49.113 24.419
0.487 18.334
22.903 35.481
3.823 2.639
41.457 99.014
90.671 56.206
45.889 39.326
15.346 69.699
68.888 6.605
72.104 43.749
77.391 2.063
81.012 1.878
95.311 92.217
73.875 49.785
56.812 23.621
1.36 89.873
75.681 56.537
92.444 18.187
83.438 84.162
30.038 34.494
44.174 40.13
67.92 5.58
50.369 10.641
55.617 40.836
50.539 4.836
69.921 83.721
40.204 77.176
70.942 43.014
94.274 87.886
84.371 47.854
44.356 78.019
46.714 44.494
87.78 49.612
19.377 64.603
38.436 62.473
63.643 61.828
53.674 31.414
81.417 99.009
39.554 45.052
18.019 39.977
40.584 49.771
75.567 71.178
60.036 59.744
85.581 15.858
90.242 45.751
45.121 2.522
61.249 23.66
61.828 64.537
65.747 85.055
88.569 11.239
78.514 76.261
14.28 99.482
86.361 45.328
66.899 6.168
82.407 4.445
78.913 90.664
68.021 76.594
89.788 77.316
9.12 44.426
66.609 81.324
74.147 97.679
6.997 30.024
52.131 51.691
21.553 93.784
64.766 12.45
30.296 24.796
88.285 7.596
25.675 28.264
38.667 34.025
70.723 74.72
66.629 14.413
76.422 66.222
58.95 55.602
0.958 31.259
89.758 71.562
20.437 98.491
89.83 99.524
10.498 84.706
36.072 52.771
27.203 91.212
1.965 60.058
19.663 63.191
32.037 9.179
88.192 40.776
98.3 92.712
8.465 71.455
12.539 90.471
25.609 21.893
66.205 99.9
92.492 47.856
65.245 16.037
70.184 58.951
19.571 4.397
83.837 27.856
70.608 29.96
10.839 62.402
49.782 37.057
54.899 48.985
53.923 81.785
31.485 64.25
5.643 83.481
65.298 8.36
52.43 53.296
66.24 32.153
29.497 19.455
54.39 66.202
28.038 66.53
17.888 55.163
28.487 64.015
41.706 40.751
87.019 56.417
7.548 39.143
71.366 92.512
25.179 24.618
43.178 70.81
68.011 96.043
12.221 73.011
87.513 34.316
60.802 70.01
78.43 74.442
18.374 10.919
22.334 59.383
57.064 40.27
44.984 62.533
55.197 76.641
5.979 76.243
26.892 69.636
87.248 49.036
67.799 9.562
17.428 78.807
99.327 44.001
86.425 49.428
79.26 91.922
95.102 91.568
58.75 10.998
20.108 52.909
65.194 42.639
30.45 52.574
94.76 67.319
7.209 84.671
95.707 16.048
75.244 49.096
90.904 71.853
11.756 55.089
99.727 73.974
11.327 91.075
60.797 37.81
61.772 50.954
30.433 14.37
99.284 8.457
20.348 96.49
2.915 36.701
59.858 55.687
79.296 36.9
49.321 13.963
45.122 95.012
33.736 23.224
12.088 99.896
55.946 26.12
76.222 46.277
43.896 29.376
80.118 84.706
19.115 77.38
70.461 37.181
71.628 10.094
92.493 85.229
42.163 45.138
73.355 33.944
71.405 10.308
33.97 49.057
91.191 69.295
50.105 18.087
91.428 36.04
23.748 25.566
38.157 79.017
66.767 74.912
69.442 75.65
61.564 44.341
14.574 41.458
61.867 33.144
9.372 29.222
99.035 97.44
83.673 55.444
93.457 7.366
1.66 57.997
40.811 65.914
12.911 23.337
59.664 49.422
74.309 19.781
28.13 20.287
51.509 26.515
79.585 94.774
45.316 67.089
0.546 91.595
42.526 76.481
30.951 94.765
80.76 65.344
14.678 64.394
81.608 2.38
32.035 22.933
0.017 59.389
95.237 47.184
83.522 45.356
51.924 68.373
63.168 99.86
13.185 39.945
94.202 56.289
34.485 5.448
45.972 91.892
58.766 56.858
77.708 97.308
76.33 59.761
83.537 65.542
67.969 73.843
96.45 83.435
48.731 14.861
77.273 94.481
49.729 99.78
10.866 24.007
99.043 32.668
82.442 1.611
65.676 76.239
64.841 97.478
54.111 75.077
37.439 80.432
68.744 65.663
91.998 62.06
43.802 93.849
35.611 4.925
77.156 17.83
88.807 73.079
37.666 46.612
70.755 47.683
20.355 68.633
97.256 48.558
41.372 64.427
93.388 44.412
3.969 30.716
69.307 23.817
47.955 27.44
85.358 58.869
85.92 74.421
63.51 0.078
59.952 23.592
41.455 68.459
22.176 1.352
32.614 11.845
13.973 66.788
30.196 50.048
56.603 40.715
47.05 0.771
58.23 98.371
91.793 26.939
61.951 77.167
40.85 22.961
37.525 54.295
91.651 28.16
61.157 7.829
15.427 58.668
40.416 69.376
73.849 89.962
42.044 62.371
54.619 82.951
71.331 72.981
47.476 80.554
27.208 63.584
21.458 41.799
75.404 56.645
35.817 84.166
24.562 86.914
60.051 12.718
53.213 74.661
77.528 24.967
11.182 60.355
68.613 62.25
68.453 28.76
62.849 89.71
53.068 47.171
36.835 34.547
64.422 76.56
95.247 63.752
81.235 87.945
33.247 91.509
57.791 37.031
38.538 1.225
96.312 48.234
21.628 46.71
59.918 51.225
41.924 88.593
39.419 96.703
97.691 84.896
15.072 94.271
96.086 61.365
71.68 86.439
70.25 9.055
5.538 7.378
14.516 97.28
51.715 44.159
1.29 50.967
10.636 30.113
57.814 3.338
80.226 65.947
30.067 62.858
62.003 36.633
31.143 70.971
58.831 88.394
76.1 62.869
34.844 32.593
45.886 30.894
98.919 0.496
9.316 87.631
97.231 21.563
3.702 21.339
16.855 21.63
73.649 96.205
39.787 2.561
88.529 86.042
25.144 71.256
25.88 96.873
7.509 2.71
89.348 83.508
83.721 32.012
71.198 35.991
95.517 74.383
34.829 17.636
26.803 45.938
93.925 11.983
82.92 0.784
83.862 95.173
53.067 43.789
66.702 7.704
63.755 63.995
42.635 9.807
37.285 28.349
61.512 48.511
86.202 62.208
99.66 93.735
7.744 98.688
98.456 65.42
64.734 4.386
82.203 50.64
25.873 71.694
52.492 71.072
32.585 36.458
26.709 75.079
8.505 86.524
6.349 25.608
90.673 29.242
91.081 41.282
36.157 74.425
38.578 72.106
80.908 38.259
10.362 32.558
77.609 92.878
64.482 18.017
0.98 79.628
65.855 95.387
70.642 86.425
0.399 55.195
30.844 11.461
4.722 47.907
