10000 100
50.0 50.0
55.806 16.811
7.407 74.822
20.269 13.762
77.813 94.656
72.709 12.613
13.412 25.697
82.24 21.197
98.449 63.957
65.692 59.481
18.64 53.851
2.576 1.531
94.07 9.459
19.025 52.076
78.392 85.772
30.228 89.688
97.671 26.222
70.888 2.552
73.861 51.975
24.027 10.341
94.73 84.477
60.203 23.236
58.247 26.5
66.129 8.965
6.596 16.318
70.392 12.357
82.087 94.372
34.916 60.481
56.944 24.803
43.535 4.51
24.071 59.495
37.432 98.356
60.276 2.177
86.865 68.487
87.408 60.087
29.286 5.974
78.345 68.168
75.04 39.234
47.418 17.92
56.476 8.759
18.256 83.591
12.259 87.48
39.316 7.255
45.271 52.545
67.601 58.862
58.144 30.916
57.867 6.069
39.043 66.41
73.021 29.996
75.98 43.44
35.613 15.863
14.631 40.809
58.186 13.75
50.267 22.404
2.048 78.869
5.863 21.048
35.682 78.66
69.687 48.553
59.52 45.044
29.687 91.158
72.634 55.026
69.589 95.987
92.096 27.721
47.961 59.088
16.26 92.922
1.06 36.948
26.257 70.045
97.73 22.149
32.524 39.769
43.846 5.055
59.468 85.638
63.314 26.666
71.104 62.137
6.41 94.695
24.719 79.202
7.929 84.102
93.85 56.109
88.154 5.858
87.422 63.295
3.075 28.704
53.851 43.307
13.226 43.047
44.775 46.382
18.35 74.59
74.833 22.225
50.776 60.822
54.533 8.7
28.399 95.301
18.281 13.351
97.979 72.388
27.657 12.459
91.222 65.402
85.098 37.467
66.522 65.366
45.13 28.682
6.84 55.964
72.555 12.126
12.335 54.216
27.378 56.348
19.233 22.516
76.701 67.881
74.917 37.032
58.899 13.731
58.741 23.05
77.873 83.004
98.042 83.262
1.741 45.976
57.485 84.196
94.211 9.266
54.05 86.005
49.903 13.831
32.479 31.655
88.187 68.817
34.631 92.023
97.899 18.569
36.033 3.393
87.481 42.734
66.274 59.722
69.549 4.094
23.283 64.602
1.494 6.806
63.094 32.807
32.141 88.225
79.025 61.792
30.07 40.565
89.545 24.005
7.71 24.803
46.187 20.536
51.703 79.231
91.382 64.616
36.412 79.254
54.373 90.519
74.983 13.68
75.421 29.416
39.327 69.054
97.283 3.308
8.41 85.822
19.101 25.143
0.123 65.116
63.229 21.056
73.973 21.642
19.135 34.169
20.811 53.831
16.903 67.621
56.054 44.35
91.236 42.552
81.515 10.251
80.383 48.472
72.631 64.226
59.014 56.649
31.885 14.798
39.132 87.499
99.563 56.49
18.972 93.322
37.766 87.465
31.467 74.882
31.431 4.987
46.86 36.288
65.843 64.275
83.975 16.729
83.427 18.484
90.473 48.782
75.025 93.769
79.949 27.135
94.576 95.18
37.455 78.81
40.924 94.591
8.876 86.39
37.129 55.73
54.632 69.336
39.008 54.058
78.469 76.9
65.893 93.34
91.266 0.689
67.216 0.71
1.894 51.14
9.925 58.788
12.606 9.928
23.154 4.729
21.617 20.812
84.799 20.121
98.598 25.804
27.064 13.475
18.876 62.858
67.32 5.091
73.862 75.189
78.707 75.147
13.054 27.092
10.103 87.025
27.376 3.596
14.945 54.548
76.014 42.703
24.135 21.681
99.055 41.096
36.959 72.516
84.249 44.275
35.803 62.081
17.338 60.278
95.227 70.504
90.796 11.775
74.352 92.859
55.094 53.654
86.908 71.635
68.013 25.951
48.014 69.247
17.69 95.464
22.509 21.871
51.717 46.07
6.242 53.523
11.614 30.661
20.411 77.989
47.387 60.816
19.824 76.022
36.668 35.545
82.202 3.762
44.055 54.643
9.513 2.182
25.319 99.876
75.825 92.137
19.463 57.285
30.975 4.563
16.012 67.354
53.24 0.197
25.431 8.753
48.677 7.538
44.53 46.334
57.707 60.906
41.891 84.119
61.113 39.094
53.713 73.836
92.688 82.784
97.953 45.153
26.103 42.735
35.446 54.885
85.976 40.14
66.055 4.387
37.059 93.829
0.72 63.476
94.541 13.969
8.527 74.668
7.974 2.365
48.538 54.571
81.98 58.898
90.221 32.978
59.67 84.301
25.327 6.632
52.63 88.844
56.552 3.565
63.574 12.499
73.813 16.15
47.563 22.81
54.773 68.786
22.595 65.943
50.902 11.161
6.681 31.846
58.15 71.903
72.197 54.058
49.507 64.552
86.987 5.891
29.947 63.516
20.034 39.117
64.906 85.305
60.769 61.571
93.795 37.671
19.285 96.327
26.547 78.056
66.955 37.121
40.336 58.246
67.734 27.143
16.708 33.961
76.343 13.117
64.353 37.604
52.173 7.592
90.561 2.947
6.573 90.799
47.693 70.44
50.867 79.747
52.54 48.205
71.145 84.187
76.232 79.913
7.818 86.076
86.856 37.843
20.394 84.474
55.88 89.185
88.994 70.22
63.337 9.872
74.605 77.153
90.887 16.009
21.117 26.163
24.114 97.063
95.408 48.935
82.999 9.55
32.031 9.87
62.643 97.496
7.658 2.792
86.67 40.844
5.738 78.0
23.088 54.258
9.07 12.053
32.765 38.837
91.013 2.744
1.809 62.247
41.418 10.075
69.037 65.591
7.084 77.35
73.77 91.852
52.528 1.363
36.367 20.614
94.156 56.042
97.11 38.719
1.033 95.783
27.7 90.801
87.384 79.376
45.272 74.312
1.943 40.766
54.905 76.134
56.106 23.11
24.327 58.644
59.333 37.025
36.152 13.608
83.269 31.287
67.925 29.014
10.324 90.868
2.358 98.096
20.038 45.267
80.65 48.587
10.695 90.756
99.417 95.523
34.483 94.432
38.023 42.245
49.182 63.249
88.416 29.191
5.805 60.856
21.48 28.727
13.375 16.074
40.692 33.478
69.58 44.736
86.315 62.185
11.198 54.406
36.581 85.612
11.221 11.341
16.183 6.667
88.811 24.81
5.903 50.822
60.633 92.827
50.406 12.225
75.671 45.089
58.395 67.557
83.869 15.443
47.221 79.801
54.768 83.87
5.618 96.927
90.653 89.352
78.133 24.418
25.111 94.932
28.397 23.681
41.454 98.213
54.666 57.952
32.729 99.792
92.808 31.239
99.18 9.148
61.468 5.056
12.306 78.123
31.866 4.801
16.68 73.776
7.227 9.958
79.13 78.26
53.295 77.322
88.592 22.11
90.365 57.541
28.04 61.31
8.23 53.836
63.342 2.657
55.894 82.468
75.397 60.747
17.394 98.851
88.855 7.27
65.047 33.28
43.647 52.261
82.622 43.653
72.008 29.406
78.821 93.606
27.147 50.987
17.051 72.629
97.673 48.16
25.576 50.571
99.49 91.709
48.779 61.612
7.286 45.01
2.39 45.446
2.22 39.616
49.712 13.778
3.063 14.789
17.496 79.748
18.61 56.537
2.53 79.919
36.704 26.948
11.694 16.186
85.185 89.956
73.826 8.432
94.233 14.86
30.678 64.177
52.195 74.525
33.044 64.056
21.513 41.001
20.106 58.404
71.925 96.851
75.444 55.951
81.035 0.717
73.781 46.729
14.136 25.221
60.139 13.417
82.595 97.326
79.281 90.387
1.689 99.7
21.425 39.39
3.323 71.441
71.106 19.405
93.827 51.924
98.988 67.281
92.972 12.35
41.092 84.447
51.642 13.541
12.133 42.923
3.898 90.431
44.664 19.279
9.626 65.813
16.502 58.835
92.398 33.497
89.706 14.853
53.015 88.053
49.435 35.184
54.559 10.382
45.505 1.126
22.44 43.334
42.111 1.409
79.159 79.064
5.795 32.784
40.168 19.042
73.193 24.13
59.652 94.445
87.732 75.767
56.53 12.686
72.152 10.825
41.858 14.486
91.644 17.39
65.591 52.023
90.741 9.529
81.533 94.994
44.997 97.122
18.233 74.623
41.184 60.924
27.018 47.536
73.206 10.61
63.428 6.186
57.968 82.994
68.599 58.866
23.472 93.594
62.584 54.821
32.528 61.812
95.011 26.356
55.152 80.235
26.172 47.892
19.466 99.044
13.756 96.959
37.281 58.39
15.463 54.902
52.505 20.721
89.232 11.496
99.843 37.118
65.297 88.527
63.142 53.541
20.348 59.838
8.876 71.714
0.573 61.552
76.63 56.949
49.495 61.58
80.231 76.996
60.907 31.369
67.182 64.568
67.473 17.597
75.848 44.076
24.684 78.376
42.31 56.213
29.902 22.639
3.459 98.145
82.332 13.386
62.974 30.809
46.856 20.516
30.576 71.826
98.105 28.062
81.002 9.649
17.647 14.34
19.383 86.705
28.46 55.366
91.451 41.925
1.226 54.083
3.521 98.639
31.637 0.893
57.987 20.967
80.587 60.15
24.064 65.118
78.725 45.213
18.437 71.978
43.413 22.452
84.389 6.156
30.299 17.631
85.15 27.188
93.382 99.314
18.799 71.075
85.389 15.153
91.087 85.168
45.311 93.304
57.854 53.388
38.755 90.497
58.265 78.993
10.197 78.398
3.317 31.32
62.268 45.353
88.167 19.022
37.412 60.383
3.893 30.089
91.181 52.505
64.702 99.874
22.076 14.465
15.602 41.814
95.747 87.772
37.959 74.086
15.861 73.797
44.685 75.379
55.469 46.219
77.108 70.601
94.31 2.836
42.193 94.363
28.987 61.421
69.614 96.84
62.099 24.602
44.937 99.738
8.763 22.006
30.867 27.966
63.812 1.96
69.799 37.715
17.379 29.265
99.437 55.685
33.817 58.034
83.75 77.193
93.621 2.266
27.656 97.781
80.936 6.666
44.203 53.086
80.698 6.304
76.305 74.374
49.708 3.378
39.596 52.316
8.212 66.347
45.888 79.166
78.68 48.573
82.139 62.271
46.507 94.825
37.691 37.211
94.392 3.953
92.506 47.311
29.554 58.866
0.008 35.674
87.499 28.83
34.105 77.542
39.171 49.823
10.874 51.221
91.875 22.952
42.418 72.409
61.639 99.492
1.644 15.091
7.845 40.121
41.872 22.72
20.109 74.179
98.516 63.383
78.779 17.432
26.657 50.845
22.108 46.174
4.011 15.053
60.847 94.912
12.994 71.206
97.926 77.437
28.359 57.034
72.897 43.927
93.956 33.341
59.451 10.915
79.179 65.732
58.896 71.39
87.969 39.207
73.783 88.015
6.522 1.554
75.052 12.845
43.624 47.724
37.988 90.197
33.4 98.836
1.28 4.842
80.639 32.823
81.359 30.376
86.068 65.038
41.392 16.895
55.971 44.682
74.073 0.677
23.326 18.927
27.038 7.059
80.081 31.476
92.0 97.334
33.827 2.801
2.016 95.836
98.372 82.78
70.482 59.307
71.971 73.91
76.026 33.486
63.687 57.235
3.544 72.609
47.496 80.926
90.824 90.825
19.106 59.269
91.046 35.656
31.046 76.653
56.668 38.229
68.49 56.714
81.027 7.59
68.915 92.22
27.317 48.044
18.394 63.711
25.57 93.169
90.888 58.491
77.369 74.482
55.945 31.906
64.656 93.056
65.121 29.455
25.532 53.463
80.541 94.477
41.213 50.688
23.224 9.85
97.041 46.393
76.233 74.773
47.092 13.681
42.327 33.589
85.425 48.292
12.33 9.026
28.095 98.302
24.959 31.391
85.698 14.393
37.688 24.086
0.681 63.44
18.124 45.338
81.871 30.187
55.557 17.563
34.715 81.052
93.502 47.247
46.743 48.37
17.448 6.855
73.493 56.599
73.87 81.743
98.032 19.329
93.326 42.634
61.71 40.666
79.674 84.54
69.079 59.157
26.858 30.561
12.012 99.888
48.096 2.583
70.587 36.241
92.603 76.024
38.428 22.867
73.802 77.568
8.822 21.315
55.281 91.911
62.028 75.681
74.279 45.438
55.2 92.403
9.118 36.131
15.204 85.573
39.311 57.298
29.472 20.187
0.352 6.146
51.502 78.448
8.764 57.401
68.773 2.389
39.514 73.53
2.956 58.547
87.232 66.482
97.051 51.558
68.044 53.917
12.639 29.065
22.7 14.072
42.977 50.126
56.654 69.797
60.665 37.455
29.353 5.236
57.323 75.173
46.521 75.467
58.882 91.316
19.657 53.909
48.134 37.706
91.548 72.564
70.123 45.926
19.955 76.762
7.215 37.286
44.929 7.679
42.201 29.078
86.694 76.757
88.337 52.349
84.117 84.981
65.716 99.243
29.558 15.409
6.712 27.784
57.686 71.355
8.989 19.93
39.505 98.553
68.007 32.33
31.698 5.27
90.127 5.969
75.321 28.413
29.37 23.691
58.914 84.959
77.595 12.36
56.774 82.762
16.069 69.777
68.467 87.683
96.038 95.867
57.412 90.963
51.781 62.67
53.136 96.953
97.986 72.77
28.67 76.476
82.389 35.891
78.032 97.29
79.703 54.711
14.362 22.87
74.679 23.944
94.754 45.556
26.417 98.62
74.793 94.187
16.429 45.203
75.668 64.216
44.282 44.383
9.635 56.191
71.433 98.615
89.174 91.946
84.552 81.527
77.06 59.183
69.409 13.398
47.666 15.908
37.312 78.943
21.712 1.991
43.759 17.124
47.204 62.398
5.721 97.716
28.466 71.704
5.274 28.424
84.262 72.542
41.107 10.844
34.397 31.069
14.423 63.138
39.324 53.05
52.714 89.076
39.971 26.101
20.147 52.458
32.179 51.027
44.49 92.388
97.785 66.833
1.59 85.425
69.007 71.859
42.509 97.288
92.464 5.611
63.338 60.317
42.935 21.509
62.839 43.943
83.133 24.415
95.819 46.747
66.215 80.238
41.057 2.522
34.729 61.697
70.791 82.109
64.821 71.193
62.935 12.476
62.698 49.042
10.661 58.471
36.72 98.517
5.22 21.016
6.491 42.565
7.17 70.057
13.388 92.9
74.419 71.175
99.011 67.691
50.692 14.018
70.754 84.852
5.304 76.49
29.509 52.07
48.982 32.733
5.994 48.009
11.819 36.287
27.934 11.823
42.693 2.258
62.681 18.101
84.996 65.631
96.576 2.461
61.453 24.794
37.31 11.03
36.873 49.691
79.196 16.011
64.321 5.272
57.11 13.562
0.611 68.442
90.86 25.086
49.427 7.891
17.464 9.553
64.797 83.646
3.173 11.851
23.249 56.452
74.859 32.846
68.574 23.946
77.721 48.628
5.183 25.555
78.831 16.878
90.62 14.587
99.418 24.173
18.598 0.315
29.535 76.963
78.013 59.02
2.213 93.61
43.574 40.206
94.277 96.222
18.721 75.747
31.693 50.373
38.767 50.047
12.846 25.159
35.73 44.935
35.993 29.528
32.123 63.069
61.493 51.232
0.166 65.709
75.561 56.416
31.176 81.349
72.818 52.959
67.01 93.749
40.075 43.019
63.793 37.856
34.649 13.099
27.703 66.59
5.978 77.105
88.178 9.353
36.417 85.258
13.649 85.738
31.266 25.805
60.108 81.028
61.417 18.029
87.619 12.675
96.906 1.178
29.064 36.418
63.315 62.087
44.932 43.216
23.997 36.164
50.577 85.475
96.838 92.158
68.954 29.708
52.132 93.327
36.022 76.958
29.932 32.131
39.651 35.877
94.079 91.35
61.254 64.822
98.068 18.925
40.253 12.33
80.892 47.785
72.4 84.586
38.07 41.022
63.329 63.652
6.739 70.714
99.116 56.189
52.116 82.697
1.145 8.073
16.243 30.255
49.078 58.518
29.67 94.046
11.462 76.634
50.278 59.306
47.409 32.031
0.962 95.424
48.125 74.125
88.723 11.341
39.465 57.764
9.036 19.769
74.476 34.844
91.583 11.175
3.351 13.22
42.564 92.326
27.212 9.221
74.759 87.179
91.087 19.752
76.488 46.597
68.549 33.445
96.113 27.874
68.431 32.867
22.749 50.954
75.385 65.67
19.862 62.465
16.251 35.414
64.604 3.864
37.82 74.851
86.552 20.659
7.326 0.253
10.805 75.996
70.986 2.26
73.388 51.402
74.955 33.91
58.543 3.467
89.117 72.092
33.928 68.519
58.168 5.297
26.691 77.425
81.201 96.847
28.44 22.581
77.75 14.712
70.856 51.798
34.575 8.633
91.767 75.126
50.762 63.703
11.825 44.353
87.08 90.747
43.655 22.976
23.325 29.213
10.79 55.191
32.403 24.104
15.633 47.655
30.897 56.261
51.043 8.811
81.151 30.328
1.772 60.12
38.197 46.166
40.568 59.105
44.009 3.713
73.016 25.093
62.753 86.84
66.58 64.341
2.926 65.244
33.575 12.918
48.004 92.038
14.984 47.639
39.472 85.126
11.13 32.0
57.392 8.934
45.35 82.975
92.295 94.159
80.021 70.297
46.288 14.662
58.864 72.593
67.399 6.05
49.813 22.024
1.689 82.548
54.318 57.97
93.335 21.18
45.286 97.453
33.046 72.449
49.871 20.748
79.88 62.531
5.114 52.586
11.512 56.24
12.769 93.616
48.501 55.959
60.105 0.52
37.301 67.84
37.252 90.191
89.422 31.508
71.105 44.476
24.994 61.403
78.586 34.976
47.763 78.198
40.782 12.469
69.556 28.72
88.609 1.001
86.742 23.859
10.394 11.681
82.047 14.413
22.545 98.63
42.138 71.597
32.693 1.568
1.105 82.037
48.751 77.943
71.029 29.811
59.846 75.136
0.896 40.581
73.323 43.713
89.282 1.696
55.635 17.626
21.888 3.891
50.308 46.181
40.285 76.536
65.147 89.001
33.371 95.92
76.677 32.975
62.822 28.023
59.223 51.119
57.893 10.907
38.618 14.202
86.425 23.363
78.222 52.904
55.415 54.912
53.054 51.723
40.318 73.615
1.27 48.432
21.576 82.339
43.325 74.711
34.647 41.906
87.391 7.564
68.142 26.464
74.596 28.208
52.732 65.745
67.383 19.461
24.146 3.31
94.224 50.195
83.436 4.248
9.375 11.065
62.752 93.009
43.094 63.858
64.301 80.966
40.226 41.622
47.594 88.088
76.368 11.236
63.072 47.69
27.106 16.808
51.998 81.771
85.424 15.217
62.93 34.358
79.316 22.061
48.405 49.809
93.481 12.395
3.32 53.564
82.555 35.342
69.407 13.89
77.544 54.725
51.669 10.564
49.974 75.125
87.246 87.073
41.557 63.476
56.903 10.493
82.713 16.178
68.353 72.022
61.573 37.495
23.388 61.739
26.461 11.53
48.23 91.122
94.634 33.861
51.07 7.135
17.596 60.555
38.94 38.901
47.064 96.899
28.222 1.381
80.245 63.933
50.031 11.269
45.271 49.039
59.659 25.708
51.782 81.623
30.507 13.557
56.077 13.839
95.893 50.996
25.362 25.737
5.344 58.047
44.374 99.388
39.733 7.942
71.561 51.121
65.496 59.864
79.138 97.597
99.571 69.947
52.017 52.508
91.824 45.293
69.876 38.183
85.306 45.774
45.493 54.302
89.744 71.097
35.219 6.282
0.665 46.921
11.605 10.163
73.995 35.073
76.665 90.84
78.085 47.236
66.058 59.276
8.518 22.864
66.297 88.13
59.31 72.532
68.812 47.164
78.823 81.654
22.426 18.335
72.029 68.331
79.095 65.392
21.313 90.162
50.41 23.401
79.234 96.668
54.896 31.744
70.764 50.124
78.826 30.819
59.363 95.357
45.79 82.559
59.544 55.575
8.059 2.18
33.23 47.805
12.495 28.895
3.696 71.057
62.522 9.689
83.373 88.727
60.811 86.577
79.721 90.387
3.416 87.252
3.345 22.977
8.061 91.648
37.791 93.767
11.257 76.346
18.14 61.181
98.157 51.143
79.619 91.746
72.1 23.332
16.183 69.075
78.246 81.237
76.809 53.796
35.961 0.137
47.904 78.838
44.069 42.926
9.388 96.423
30.525 13.276
64.144 72.895
57.589 91.403
39.694 42.662
48.506 15.918
82.217 10.549
26.727 27.244
88.892 19.232
12.417 72.523
56.487 37.623
90.44 38.983
80.239 19.559
19.818 37.668
80.513 9.517
74.853 91.973
29.17 44.468
35.002 83.598
5.731 92.69
78.585 61.363
55.199 21.155
22.306 82.507
24.006 81.105
39.622 16.92
61.743 17.983
27.3 33.71
68.361 18.948
73.373 4.129
49.225 46.69
85.797 34.724
26.287 11.897
72.505 50.423
2.576 53.877
32.863 57.376
94.208 53.289
24.341 1.983
79.119 97.871
62.734 24.045
32.752 4.682
90.335 55.78
43.651 22.714
57.34 0.177
27.346 49.427
79.643 69.827
2.45 53.653
68.199 24.205
18.266 9.49
99.467 31.243
4.808 9.123
21.342 97.873
43.922 59.783
75.227 41.716
73.276 78.701
25.153 66.21
1.749 41.293
37.863 12.217
48.479 64.077
61.419 22.617
96.51 73.086
18.926 51.616
96.814 58.772
37.266 88.604
40.298 8.114
70.283 22.795
49.977 83.733
11.292 7.651
73.172 18.736
7.595 99.211
17.069 79.135
37.512 27.58
39.16 11.018
81.34 30.092
39.776 21.3
78.049 62.689
50.315 86.445
2.333 20.23
81.524 38.346
31.28 35.723
48.566 27.414
69.499 55.102
60.241 1.512
0.275 96.799
8.729 96.678
58.638 89.633
54.865 39.585
71.129 77.094
74.531 87.398
14.772 21.832
90.273 82.974
48.161 31.116
41.875 22.855
60.028 54.226
59.444 35.703
18.867 41.121
21.22 34.611
30.705 41.346
91.535 74.228
63.219 33.87
90.867 3.323
89.129 90.163
58.889 40.544
26.239 72.05
62.68 54.587
55.35 98.826
74.297 84.361
80.901 92.56
11.295 11.943
14.488 10.462
6.403 44.262
20.67 54.666
40.699 49.153
89.674 98.257
50.031 63.134
17.511 96.276
20.234 32.477
31.943 87.295
61.618 60.677
7.677 63.168
61.484 73.671
46.696 11.427
24.577 51.815
69.904 47.063
88.065 79.317
87.161 83.16
36.598 71.813
77.648 64.769
27.232 49.005
76.0 58.875
26.085 1.607
27.098 83.293
64.167 88.001
51.102 4.77
89.894 14.134
23.062 47.017
60.778 10.872
61.329 20.079
39.251 54.249
88.349 40.897
68.748 78.099
67.597 16.552
64.234 49.636
3.053 16.342
80.012 56.182
20.269 31.18
12.04 66.257
82.546 51.082
62.006 65.697
3.369 6.408
29.185 65.316
63.5 87.987
11.318 55.435
41.081 82.362
84.755 73.292
80.858 87.178
19.8 31.317
5.139 51.673
93.743 15.085
59.208 72.821
34.561 74.529
22.66 29.041
64.892 51.602
93.502 63.158
94.61 22.656
4.163 90.528
41.511 14.455
59.376 57.721
78.478 13.439
93.337 22.075
55.958 70.553
98.516 59.12
35.555 88.873
26.98 0.634
51.324 43.738
76.879 12.668
96.514 6.018
61.142 28.506
39.832 75.269
56.918 55.099
76.788 58.426
84.751 32.544
14.857 56.472
54.266 3.863
95.802 75.333
5.125 44.61
22.973 14.724
7.644 68.247
22.216 35.055
26.894 54.224
58.088 91.496
47.908 78.518
7.013 64.636
34.996 61.567
19.971 26.379
47.031 50.912
23.144 49.281
25.175 20.509
2.967 40.236
77.543 21.242
32.784 25.962
37.176 36.857
18.804 65.9
74.798 82.848
24.368 17.674
96.999 43.273
31.291 50.936
99.833 92.241
92.546 12.763
83.379 47.406
40.185 47.192
65.827 33.484
42.5 16.485
14.033 38.277
67.422 38.886
9.881 69.079
13.607 70.532
79.452 9.981
41.686 46.916
3.224 64.382
5.052 3.758
76.5 95.222
39.34 65.452
61.971 92.675
62.865 11.36
52.543 32.028
30.084 65.03
31.971 95.199
43.118 37.224
73.257 43.819
49.996 56.867
58.081 82.635
32.729 24.842
75.305 13.004
74.531 77.457
63.208 31.353
53.249 80.574
48.093 33.508
21.544 47.934
41.692 39.176
97.566 86.69
36.421 82.773
69.027 41.915
89.914 52.884
94.864 8.396
13.771 53.903
74.355 9.6
89.343 26.438
68.741 92.682
72.842 53.091
32.259 43.672
20.534 92.31
44.463 28.603
46.113 3.21
50.259 46.445
47.676 77.655
50.49 54.811
50.804 69.084
20.621 64.866
14.731 82.909
41.069 13.015
40.848 37.731
72.297 27.315
80.521 10.478
11.266 6.828
29.215 21.762
57.249 48.79
46.929 27.213
76.123 76.624
94.119 83.649
51.516 86.444
96.034 13.83
51.131 94.785
60.417 68.291
44.103 63.448
90.893 27.966
85.776 30.737
17.092 54.004
42.482 7.15
35.749 31.956
82.648 96.273
34.523 3.745
94.282 54.085
42.765 30.036
63.968 55.954
17.746 97.73
86.812 3.581
18.879 3.835
52.049 59.079
18.868 90.178
16.898 19.313
23.671 40.604
54.73 6.333
38.999 57.059
93.195 71.044
82.105 85.816
16.89 66.322
6.008 6.697
29.035 13.14
21.973 20.445
52.2 56.156
83.007 47.137
51.79 4.306
4.241 4.184
51.827 75.15
91.029 37.98
55.711 99.291
63.362 48.452
97.432 67.65
33.862 70.721
48.4 59.12
52.301 40.666
44.108 22.219
96.882 35.919
21.589 47.572
38.277 85.401
91.457 0.901
68.496 35.817
45.289 64.785
70.754 53.68
5.077 39.997
65.368 49.886
80.717 2.581
55.128 37.068
56.151 52.053
75.746 29.788
90.178 85.266
77.061 46.203
27.199 36.406
92.605 56.522
52.676 27.734
78.332 79.097
33.189 79.902
65.161 60.51
39.586 21.905
52.995 42.606
54.679 41.242
5.181 60.346
95.892 68.858
86.098 59.501
99.698 10.839
62.215 21.062
69.248 22.815
21.11 22.202
68.471 21.839
83.214 27.555
91.354 45.859
46.062 69.54
67.41 11.802
51.814 75.211
6.148 13.908
28.663 89.656
28.757 52.72
87.847 49.362
69.736 49.009
89.374 74.284
84.327 38.792
62.019 73.948
97.321 4.445
95.638 65.63
62.848 71.785
50.413 16.209
4.454 21.767
80.83 19.458
12.257 66.575
6.023 32.249
79.045 88.189
3.519 36.124
56.769 49.49
29.373 57.256
28.524 7.866
60.628 5.137
33.534 21.362
34.311 78.856
4.654 16.778
65.764 67.015
38.007 95.53
96.514 46.803
38.327 50.532
71.762 38.959
74.161 91.525
66.859 5.639
56.362 47.003
98.582 41.962
22.275 91.562
21.589 47.024
92.725 79.404
77.328 56.754
3.883 57.643
93.453 27.35
58.205 98.944
98.411 3.465
19.062 78.099
23.871 34.113
66.083 0.904
34.932 62.77
19.872 34.939
63.149 61.314
34.638 84.241
14.026 43.217
45.101 37.511
89.882 28.79
18.361 97.856
9.982 18.397
42.067 89.844
78.437 18.743
85.806 78.854
17.818 84.227
91.516 50.617
58.575 31.108
25.16 15.054
45.525 93.067
32.862 26.095
44.841 99.639
90.148 34.876
78.269 73.632
86.791 15.722
67.099 19.775
52.403 76.542
27.882 29.327
81.472 60.927
57.31 85.549
37.491 50.949
83.169 67.381
91.308 37.645
0.275 45.804
50.213 6.992
15.729 0.867
87.407 47.569
52.516 76.445
9.986 96.065
73.405 87.786
93.695 4.844
15.991 70.457
70.179 92.625
75.771 91.346
47.178 92.242
27.429 73.141
30.688 26.436
61.747 66.03
16.192 90.292
67.135 62.144
97.637 83.064
46.53 26.959
86.893 35.901
71.69 93.058
35.873 77.104
50.883 93.827
53.092 86.745
26.156 77.911
19.778 63.058
44.726 78.738
97.019 26.386
19.725 90.132
65.779 42.159
50.04 46.16
33.33 65.323
92.669 91.674
99.127 69.017
32.445 88.155
1.981 78.352
53.79 86.023
70.925 84.32
32.79 48.367
97.728 1.339
96.054 36.206
28.466 5.364
85.448 47.08
58.155 75.686
3.873 29.313
4.786 24.084
78.305 50.874
89.26 64.466
95.064 32.368
65.44 57.839
34.863 96.146
86.808 80.293
56.055 44.836
51.319 50.73
70.621 11.85
61.627 84.4
53.052 64.499
35.313 42.386
1.058 14.922
86.534 12.252
65.416 46.573
51.98 15.782
95.984 41.533
48.632 24.944
55.15 22.915
61.165 87.77
28.488 28.579
81.108 79.987
65.779 26.115
8.336 97.422
27.245 75.141
23.381 98.766
36.066 85.475
0.556 42.76
60.009 60.53
7.217 45.732
59.949 53.252
77.658 54.499
5.414 52.057
35.183 85.226
64.753 96.477
27.562 48.88
1.79 81.893
47.556 86.738
84.341 97.511
43.313 82.574
28.429 97.523
46.556 4.81
16.261 37.39
31.066 73.808
2.004 62.058
62.432 48.228
69.559 50.94
67.665 5.467
23.779 3.252
94.913 40.245
68.542 37.041
7.428 44.694
71.24 91.461
47.67 3.568
97.797 82.161
82.951 79.821
1.939 50.185
53.802 17.036
20.02 95.911
18.481 30.278
3.643 14.956
93.722 31.035
74.037 31.567
7.593 74.926
43.163 2.568
14.307 12.905
38.582 4.198
22.108 44.91
21.367 67.288
18.907 43.804
69.634 95.954
4.512 23.343
33.279 50.062
90.888 25.526
29.622 72.816
99.43 35.774
93.326 75.601
44.881 61.814
13.303 21.252
8.937 48.366
15.468 99.702
48.377 53.221
37.731 3.231
25.438 0.536
51.859 53.334
69.143 42.871
69.047 99.712
86.678 86.528
41.4 70.114
44.671 27.822
38.992 39.03
81.96 49.99
68.581 81.386
88.104 59.284
18.342 45.232
86.236 0.312
80.323 74.765
59.071 16.806
3.874 66.535
63.389 70.549
78.921 38.829
97.231 15.068
72.709 24.688
32.445 0.507
56.05 45.69
28.179 11.059
14.682 69.373
15.514 54.26
25.796 65.651
98.477 78.491
88.664 69.485
67.217 22.895
64.361 89.745
50.347 45.809
74.21 12.836
8.589 90.013
84.874 16.01
56.672 75.607
98.464 48.657
16.672 50.815
76.03 55.026
55.708 50.885
81.253 10.543
5.563 43.695
21.282 23.625
10.409 72.291
86.426 9.493
62.667 6.35
58.233 95.458
98.293 38.451
29.495 17.733
91.914 3.413
19.537 64.659
54.838 8.354
32.154 38.194
50.401 6.384
67.303 88.823
61.892 63.618
98.008 0.068
57.715 19.914
46.367 58.317
35.69 58.798
31.343 38.417
15.123 6.146
93.859 89.376
22.379 83.104
34.789 69.596
95.181 97.63
21.261 72.381
38.535 84.677
20.056 89.255
69.724 89.751
21.544 55.95
85.371 53.981
9.886 58.541
60.208 12.711
42.668 26.339
96.584 28.242
82.001 89.891
28.768 77.067
72.35 13.145
84.624 15.952
43.574 5.131
71.652 19.588
69.014 43.206
23.767 27.629
2.88 82.628
55.287 51.377
63.153 4.151
0.89 41.989
36.969 46.292
78.843 82.975
47.654 2.874
16.132 28.729
85.099 41.382
18.605 95.692
54.361 68.072
31.656 27.795
79.992 91.381
6.344 74.49
89.477 82.657
87.47 93.618
39.068 22.757
95.244 55.326
52.19 57.443
81.267 98.592
14.217 40.703
98.087 26.214
18.245 41.403
84.987 71.942
77.981 83.512
83.244 36.848
24.096 48.172
98.583 22.201
24.578 27.197
20.99 10.985
76.085 7.66
99.509 79.863
63.339 57.946
27.12 14.443
77.162 76.439
94.896 0.206
84.003 58.871
37.251 25.192
56.816 24.336
95.115 95.662
70.112 93.748
29.695 7.299
81.495 52.627
2.675 28.636
53.81 64.791
22.949 59.536
81.093 18.102
81.602 78.019
59.007 43.793
9.987 47.063
4.785 88.015
24.765 3.529
64.863 63.056
42.295 43.013
51.387 5.703
61.454 98.049
80.315 11.469
34.05 21.957
54.698 35.403
92.155 84.868
18.914 58.434
99.066 81.103
11.397 82.01
41.145 2.16
96.914 13.317
23.261 11.636
75.708 46.733
33.388 82.022
71.95 86.33
91.931 19.109
58.493 30.248
26.781 7.145
15.6 92.007
45.858 71.184
75.151 98.683
0.813 96.197
69.755 13.63
96.526 83.731
79.819 95.47
94.365 48.387
35.715 83.439
86.912 93.394
26.033 88.655
50.087 57.503
34.295 16.677
70.329 72.25
65.63 19.721
85.809 65.851
7.448 4.651
19.407 60.85
9.856 1.246
29.515 42.537
41.362 66.565
27.829 48.25
95.71 40.862
75.958 77.264
24.187 52.07
45.248 81.121
4.622 45.91
49.141 56.193
19.567 67.251
56.713 48.861
94.431 62.31
57.216 97.39
45.32 21.067
11.95 21.99
5.996 0.801
28.352 41.457
52.964 97.781
36.545 60.169
39.421 96.627
13.474 88.735
66.412 16.207
57.936 21.675
21.142 3.363
98.644 84.122
98.021 65.795
9.859 98.813
36.52 52.785
1.081 67.347
2.31 98.315
32.984 60.771
80.429 30.811
39.684 93.214
84.312 58.437
37.222 85.49
68.229 62.846
8.175 78.066
89.378 14.112
42.023 4.767
71.691 26.063
17.896 4.52
69.366 28.915
26.673 12.087
37.214 82.33
1.205 4.927
8.742 60.118
65.124 13.873
77.761 77.55
53.448 80.506
81.798 28.795
70.088 65.163
74.197 49.466
16.698 89.957
24.717 26.825
32.791 69.498
40.283 84.312
74.304 45.937
40.353 26.903
33.403 2.109
62.67 22.998
44.36 53.274
40.258 48.891
38.595 30.753
31.992 59.394
77.06 73.726
49.205 22.705
48.241 98.392
66.014 96.762
20.834 30.29
29.847 5.3
81.503 82.206
14.865 96.991
88.616 81.024
66.398 71.136
44.193 55.413
93.484 90.939
58.741 5.677
33.61 45.669
86.66 12.299
40.493 13.994
16.669 54.365
35.521 25.969
89.72 67.37
98.306 41.682
80.197 70.993
85.662 2.444
41.872 23.874
90.924 15.026
86.351 36.665
49.809 45.54
45.376 64.604
60.801 17.297
6.515 5.429
3.591 1.5
99.308 20.629
91.879 16.067
73.195 38.907
76.893 94.082
42.84 82.896
95.723 62.574
77.345 15.181
97.017 70.852
52.888 35.573
83.383 62.406
69.467 66.511
14.432 45.484
16.891 64.433
46.616 15.942
74.986 58.32
82.498 98.099
32.281 64.689
29.501 41.046
47.836 90.265
52.837 52.54
48.159 20.404
81.032 70.908
81.925 10.792
31.741 73.489
45.452 49.305
35.639 23.664
51.242 5.679
69.825 65.757
25.029 16.981
37.253 56.586
59.542 27.653
70.229 70.304
89.737 59.132
8.995 40.167
56.974 70.509
28.671 88.474
79.015 53.935
14.38 54.487
19.955 16.768
53.164 8.428
82.506 22.688
43.523 44.292
19.419 41.97
51.817 87.456
73.608 6.162
72.709 7.796
50.337 63.818
21.673 29.768
61.637 20.447
53.597 18.813
6.034 56.566
46.959 90.601
50.646 77.016
41.087 58.795
56.739 75.17
28.533 66.989
73.556 49.44
63.025 30.462
78.912 87.255
63.487 82.789
38.811 68.529
72.105 15.925
28.878 26.673
11.914 39.06
83.352 33.155
50.265 38.571
52.317 94.349
36.398 14.64
38.144 48.382
93.663 5.863
89.928 43.467
6.143 88.503
21.582 65.652
49.317 67.391
95.933 83.852
47.888 44.534
82.437 96.847
11.469 58.708
8.656 1.836
39.295 1.856
17.584 56.448
93.847 11.809
80.707 54.138
51.897 44.003
41.662 50.142
90.869 91.145
8.372 61.083
96.996 15.854
6.974 20.308
97.266 40.97
90.753 71.954
46.653 13.089
69.997 34.83
38.547 30.95
59.057 21.242
43.348 38.201
26.904 99.721
69.271 35.88
72.233 36.301
99.426 17.64
55.114 14.942
10.355 0.304
38.884 74.274
17.793 88.777
60.167 36.069
9.777 86.48
40.445 99.619
81.754 28.409
85.214 54.627
68.637 9.674
4.029 52.792
14.467 43.706
26.376 57.844
44.722 80.748
7.397 92.275
30.674 28.776
14.713 80.641
91.265 46.789
91.029 58.172
3.099 71.204
42.843 68.796
18.365 13.734
62.642 86.511
81.074 24.358
22.314 71.245
65.85 88.951
49.487 77.177
12.116 1.878
90.196 12.747
68.322 52.117
61.507 37.827
83.394 54.833
73.047 79.9
12.607 13.087
12.035 64.807
2.334 45.021
21.147 98.82
67.069 48.594
19.354 11.521
56.876 44.65
4.33 3.816
24.8 2.39
3.929 84.979
65.546 10.336
56.988 86.273
35.669 7.708
8.831 90.504
60.247 59.467
82.777 13.11
91.187 27.929
21.869 81.942
30.256 93.935
24.464 28.53
25.751 33.309
11.086 93.701
29.522 87.01
45.508 77.402
92.887 87.393
58.187 69.303
62.624 58.881
76.081 63.957
8.652 61.458
16.667 95.753
94.553 85.585
5.212 62.812
8.118 44.57
11.545 50.353
96.667 17.213
31.984 72.483
7.344 74.975
42.866 54.154
45.65 62.135
71.352 34.858
8.023 93.708
34.174 87.896
72.981 18.656
61.386 92.051
63.538 4.162
20.134 41.514
92.808 27.228
20.204 11.539
93.361 37.601
68.031 51.987
17.237 59.225
10.64 25.17
95.146 44.828
54.078 59.251
88.466 36.308
15.106 70.286
66.059 31.214
84.953 92.255
98.216 0.962
97.093 77.616
20.792 32.41
45.515 56.703
97.16 24.24
14.919 59.389
30.501 74.872
42.202 11.058
70.45 65.675
65.282 74.903
75.63 85.176
23.562 35.888
27.697 84.789
29.393 18.682
91.181 2.17
45.952 0.204
81.364 32.569
47.916 18.743
11.779 3.42
2.566 3.97
40.22 97.64
8.261 80.654
97.408 24.155
37.309 40.321
37.989 71.172
84.158 1.995
44.731 19.561
30.346 41.399
16.445 36.657
46.792 56.011
68.623 96.174
17.807 13.769
69.9 22.92
96.686 19.684
17.768 15.359
54.266 99.218
49.094 1.91
91.703 59.184
86.242 65.796
19.574 38.635
25.779 38.946
57.988 24.462
65.542 9.817
69.841 17.255
43.481 0.077
66.546 73.631
56.873 90.563
89.984 66.225
60.966 64.677
55.835 37.253
19.191 71.532
73.335 85.241
18.235 11.563
38.248 66.364
10.781 41.215
59.05 16.344
77.778 81.629
43.252 61.926
82.717 20.484
50.291 50.453
59.687 80.707
32.83 92.373
90.982 7.765
57.644 79.893
9.998 1.631
20.748 43.416
68.447 86.595
63.744 82.197
20.489 14.48
65.837 4.475
67.027 51.62
54.567 54.932
23.21 74.879
34.071 17.17
7.807 14.628
24.872 42.92
60.155 98.521
99.242 70.103
24.617 8.039
47.858 24.646
92.473 4.806
55.325 16.878
60.996 44.716
79.13 3.242
45.374 0.239
65.756 14.044
84.536 31.058
97.926 2.82
14.809 55.94
6.76 9.866
10.737 85.924
33.704 47.625
55.853 30.229
5.843 4.877
9.732 65.478
62.67 49.108
28.779 40.166
84.655 64.203
45.274 68.773
40.933 82.652
35.381 35.598
5.441 27.274
19.303 25.871
79.354 13.569
7.988 50.635
9.024 75.903
19.937 88.066
48.037 79.705
71.651 11.931
28.873 98.373
75.827 2.448
48.3 26.045
74.232 75.912
31.457 95.132
29.178 6.72
77.283 47.06
3.658 67.058
70.116 23.729
77.008 21.084
63.956 72.215
98.301 45.76
98.565 66.529
87.67 13.239
67.271 72.089
33.35 81.578
8.401 4.509
17.855 74.245
85.568 10.823
7.761 82.931
5.935 35.132
45.567 88.383
28.67 90.388
51.633 88.498
86.372 58.903
84.108 51.904
92.119 81.459
32.371 27.914
18.352 10.437
52.158 31.322
84.133 19.541
79.648 4.034
95.933 80.654
6.02 52.745
83.151 27.582
53.792 21.031
15.151 66.137
32.388 32.627
43.733 2.478
39.134 11.494
23.933 80.434
95.771 76.75
39.463 55.315
58.877 55.69
61.706 95.794
94.257 71.518
98.791 39.416
82.287 32.237
79.738 46.449
48.694 3.811
31.111 52.81
22.616 75.024
20.804 39.675
76.771 72.668
63.854 99.706
42.991 42.108
40.803 87.499
37.099 11.668
46.584 96.09
10.128 23.91
30.909 92.544
50.397 85.198
35.368 23.551
2.557 21.48
90.583 9.097
0.213 76.92
72.458 99.372
33.094 56.234
78.202 15.12
68.852 14.25
35.366 72.122
69.762 20.646
7.802 34.599
65.711 71.228
3.736 1.195
8.384 74.796
33.358 7.84
73.985 61.676
64.693 71.854
17.375 35.008
1.456 22.078
17.704 31.954
71.197 40.63
78.787 44.879
4.106 36.487
60.341 73.424
66.84 98.484
22.061 25.204
33.418 60.054
66.613 49.147
72.622 4.911
77.042 55.049
59.98 91.464
20.313 46.408
88.767 37.38
4.444 65.415
78.387 49.235
80.983 82.43
87.713 51.417
64.016 66.401
79.302 77.783
45.139 18.719
94.504 47.808
9.574 69.146
96.582 11.679
51.464 93.883
51.48 96.878
9.457 42.833
56.454 10.545
46.513 47.885
58.019 56.686
21.005 67.028
83.907 84.24
49.776 71.957
77.864 79.276
32.747 42.631
94.152 79.543
72.68 98.166
81.634 93.149
95.499 79.59
99.365 36.481
47.24 8.624
16.148 14.442
61.909 36.686
76.679 5.306
67.379 45.867
35.129 31.003
0.253 63.574
9.357 62.416
74.297 88.216
10.401 1.674
7.938 74.344
77.428 51.532
86.533 15.626
17.171 29.615
11.007 44.261
48.158 59.13
96.509 42.258
65.719 19.04
49.865 96.818
91.017 38.049
32.154 16.44
95.5 57.776
17.378 9.019
44.16 18.819
26.268 57.713
76.688 32.012
81.879 37.138
51.047 85.404
54.434 41.914
94.264 13.692
92.639 99.795
99.917 10.697
9.394 91.518
33.2 23.303
14.294 15.484
65.158 30.145
58.667 23.469
25.052 27.702
36.542 86.483
9.255 17.547
62.714 81.19
41.399 28.421
72.504 83.606
14.013 40.979
10.5 63.4
8.263 82.048
91.312 74.511
57.444 98.418
24.68 40.953
92.292 44.57
97.681 11.06
39.473 6.821
17.425 98.324
27.502 19.14
12.085 27.425
36.611 75.604
9.558 54.922
12.855 83.621
61.73 93.739
99.596 72.043
17.204 0.046
17.051 74.766
43.776 26.231
87.464 52.191
75.165 65.985
83.676 89.539
28.602 54.297
26.149 33.712
98.974 12.625
72.986 24.981
38.213 63.012
21.856 88.902
54.208 37.512
8.638 44.419
38.09 75.493
47.82 61.4
97.811 61.135
16.771 70.005
24.493 9.445
31.375 93.939
53.791 28.983
69.862 32.39
1.43 85.445
60.834 89.263
20.017 54.868
55.681 30.959
94.572 11.912
37.894 30.59
78.403 75.85
32.3 48.894
97.526 19.526
38.522 62.341
17.187 63.88
56.463 22.782
3.224 18.386
81.25 54.868
76.677 90.25
77.673 38.182
15.937 70.834
56.747 20.185
94.178 90.848
16.827 6.039
9.079 45.239
76.246 48.587
10.013 92.819
70.148 31.033
59.03 28.956
82.443 95.509
84.859 37.566
43.545 64.417
84.274 26.032
35.088 19.447
35.972 38.563
51.905 18.631
55.937 52.294
86.279 30.925
48.514 39.813
43.716 1.2
90.348 35.888
23.615 6.081
42.41 79.089
89.362 77.9
42.27 62.544
90.882 61.807
28.594 27.541
54.072 76.963
91.852 1.105
38.95 35.761
36.688 53.416
20.283 34.123
67.382 4.913
54.641 47.202
7.436 29.385
0.297 85.534
21.353 46.394
52.916 40.39
77.943 94.696
85.109 8.385
98.702 33.12
33.59 11.969
41.225 68.677
91.409 83.031
70.242 67.585
68.523 58.617
55.796 69.13
85.266 35.659
60.554 39.568
94.543 51.77
48.955 42.063
86.057 66.373
59.362 86.626
86.616 61.22
21.237 75.189
81.964 55.08
16.953 6.647
28.21 44.436
21.559 46.292
13.547 72.728
34.37 20.487
25.765 33.955
11.996 60.065
37.632 81.997
17.425 9.72
13.785 97.737
71.713 43.305
27.079 88.472
80.512 92.89
13.234 87.569
31.489 96.727
69.7 38.211
11.223 74.0
11.877 56.879
16.348 35.922
35.446 50.075
12.372 25.926
79.941 88.802
12.013 17.664
42.803 25.836
65.8 3.529
19.545 4.591
56.815 32.586
56.846 10.541
41.274 33.549
26.369 41.059
23.658 78.055
87.49 18.936
13.205 97.667
72.968 70.24
15.174 33.32
35.318 72.31
11.205 12.692
16.454 81.246
96.223 81.235
34.315 57.503
56.743 47.728
13.944 81.604
28.223 16.974
4.851 19.615
25.975 90.586
17.416 37.176
7.07 45.636
92.897 10.653
68.519 75.892
52.409 51.173
30.4 56.948
32.797 66.547
21.257 38.924
26.625 60.493
29.856 42.565
84.093 11.752
19.841 11.346
47.817 6.357
66.683 99.838
21.809 85.266
44.772 49.153
66.354 99.471
0.547 38.205
76.451 29.556
58.078 82.087
51.385 49.822
21.178 94.986
94.129 28.856
21.557 85.212
82.188 4.516
84.457 53.045
84.083 49.593
86.841 71.56
85.991 31.593
57.994 97.036
81.534 88.218
14.022 76.144
56.285 94.238
37.604 3.053
98.674 9.498
54.441 74.054
44.14 78.005
65.759 78.047
62.419 36.905
66.091 59.059
82.693 52.563
67.78 34.079
15.821 74.099
75.782 92.455
69.148 46.339
58.25 0.892
35.603 47.515
53.812 62.643
7.582 47.544
5.16 51.138
10.65 69.798
10.948 41.76
35.327 84.487
58.959 54.061
1.079 43.281
47.223 5.349
3.249 74.873
94.662 81.151
62.777 84.549
51.151 28.147
0.313 7.88
31.068 61.863
22.807 55.824
70.623 66.174
58.591 61.747
30.109 48.285
93.859 53.104
59.546 44.912
6.727 1.635
26.322 62.727
67.647 52.313
9.943 77.8
80.844 69.644
81.058 91.434
34.435 48.627
32.671 51.798
22.651 54.715
94.989 73.202
12.459 5.702
0.598 38.799
99.464 46.628
10.596 23.114
34.615 84.494
22.286 27.691
30.316 9.869
70.875 65.039
16.577 67.67
0.382 38.824
74.248 48.496
22.82 93.956
27.664 49.361
3.531 73.278
13.088 31.38
8.89 91.717
73.661 29.835
18.716 76.984
37.963 31.439
19.873 38.576
40.675 69.156
23.903 66.093
72.613 31.929
57.095 98.148
12.321 4.724
55.133 20.01
92.029 92.478
36.157 66.975
22.888 84.109
94.468 79.964
2.83 77.324
50.26 36.694
77.423 40.78
60.15 7.243
12.406 93.692
44.293 62.162
75.64 69.458
68.276 78.306
59.587 86.501
71.378 78.656
75.352 16.336
81.727 66.329
2.852 86.586
52.433 43.694
96.949 34.121
18.18 77.558
61.946 95.627
15.857 98.961
36.992 33.7
85.179 16.451
72.477 97.408
15.478 49.135
31.988 28.579
23.212 38.92
69.974 37.049
55.245 11.143
52.619 24.51
31.448 66.502
76.443 43.143
19.957 86.028
58.183 79.234
30.253 76.774
36.129 71.831
49.852 56.349
29.741 94.443
23.767 50.01
35.173 43.536
7.56 78.778
72.248 31.913
96.606 2.586
78.607 18.146
66.506 18.893
59.394 38.624
64.713 6.068
52.857 30.471
75.918 33.274
72.684 25.201
83.474 9.708
82.642 43.904
97.801 87.712
95.96 36.358
69.089 96.772
15.797 55.51
44.436 32.498
59.029 71.618
17.869 2.59
21.005 68.531
15.092 8.813
18.822 76.667
99.667 2.443
8.38 25.379
3.744 18.981
55.723 84.443
23.164 73.614
58.69 26.918
58.048 12.426
79.987 23.968
0.157 71.234
78.967 35.529
77.107 46.074
63.766 27.263
50.057 58.009
65.982 49.579
57.085 48.857
80.968 27.906
63.101 38.233
19.284 73.088
10.16 83.266
90.466 71.211
60.191 76.081
32.675 78.069
55.239 11.14
14.235 14.676
13.567 48.753
60.509 35.134
76.991 14.557
80.731 13.087
3.907 21.193
14.604 18.252
31.546 0.214
35.851 90.59
98.876 82.34
52.495 45.693
12.62 56.742
43.631 83.166
77.762 15.335
24.009 65.715
93.135 64.565
75.303 87.156
1.968 67.033
90.216 46.465
90.396 77.258
85.771 85.235
0.243 4.511
2.958 13.33
78.781 96.491
83.778 74.005
45.81 40.477
63.453 63.181
36.844 10.326
52.319 42.219
28.252 49.362
21.847 90.419
78.34 77.346
36.548 34.856
8.718 51.738
64.517 52.003
12.923 4.26
51.155 23.285
5.914 83.366
68.077 88.478
64.478 36.698
70.711 6.047
4.198 52.485
49.25 71.306
43.322 72.71
41.517 87.698
45.051 33.287
85.808 30.719
67.511 71.922
85.626 60.905
76.76 83.637
32.296 97.414
53.753 32.182
99.891 96.751
16.118 80.703
84.037 85.402
93.849 60.581
89.566 2.509
79.782 33.739
70.843 41.491
49.029 4.795
15.0 45.869
63.55 25.046
10.985 1.152
37.069 48.844
99.805 38.27
18.024 12.856
94.839 65.951
7.958 85.959
37.86 82.023
28.355 62.979
89.967 10.801
71.145 24.6
96.033 21.891
21.767 38.963
47.555 72.433
2.82 8.345
3.38 96.832
97.542 85.975
94.382 50.001
82.497 11.701
72.957 92.029
4.847 28.394
26.229 46.88
32.665 89.057
18.063 79.216
37.597 13.788
41.581 68.48
50.325 21.204
11.934 26.128
74.567 96.412
40.556 54.151
94.516 85.491
35.097 58.994
26.908 25.582
20.346 64.817
91.978 82.712
94.346 99.659
30.918 51.784
65.218 18.947
42.958 27.253
39.415 90.635
33.98 71.355
35.25 51.527
96.256 35.308
27.578 43.88
96.693 27.764
91.002 18.611
43.197 26.364
61.642 60.837
43.463 36.127
13.311 90.425
32.041 94.402
15.954 8.39
71.06 93.542
24.516 36.517
64.918 43.283
57.229 91.263
2.924 90.994
92.802 22.43
5.813 5.894
87.679 64.017
62.076 10.297
46.703 95.825
71.509 13.212
92.06 87.527
41.647 85.925
90.492 42.828
9.106 99.598
85.169 23.24
77.238 74.445
6.749 20.922
33.343 53.52
28.376 59.113
27.648 45.797
2.602 42.517
92.766 52.737
90.743 1.625
16.119 93.065
24.047 36.614
5.22 66.08
40.574 41.148
73.749 41.729
75.959 28.73
54.168 73.982
77.719 80.5
74.459 2.308
97.355 49.476
55.958 61.468
99.953 58.922
12.087 51.7
64.168 50.676
42.238 75.326
4.251 23.907
88.197 54.92
43.985 96.022
25.272 34.322
38.184 31.342
79.862 47.445
15.188 27.16
71.723 70.257
52.678 16.278
10.676 23.182
43.661 82.403
24.818 57.072
10.791 43.006
25.082 70.592
68.117 67.925
83.008 83.895
0.841 97.841
43.616 0.214
64.154 94.489
3.468 11.823
51.653 21.219
88.145 72.203
13.545 88.626
95.444 75.005
57.088 79.664
90.565 21.906
98.326 78.09
87.252 92.645
82.239 64.729
96.806 32.862
58.92 50.608
13.901 79.715
9.481 3.014
92.639 12.219
12.167 6.773
1.526 41.516
72.374 29.516
29.574 0.04
32.738 33.695
47.96 21.003
93.632 19.663
22.309 76.542
86.049 50.386
51.06 44.442
15.581 50.518
58.19 9.022
92.677 76.664
84.208 91.933
52.925 7.741
34.167 33.844
62.734 58.621
7.299 23.587
9.032 92.019
63.837 16.211
63.191 43.515
52.788 16.401
66.557 29.77
91.929 36.692
74.653 36.657
14.701 45.539
25.925 25.01
79.885 63.213
98.462 80.528
1.601 17.599
97.896 18.332
23.891 69.243
56.006 72.813
24.26 11.142
18.76 38.901
79.485 12.445
5.611 90.034
29.846 54.76
64.14 78.71
18.023 39.189
75.2 50.937
66.457 82.472
39.313 89.37
91.261 35.342
94.422 13.963
34.246 94.941
46.263 58.092
30.298 5.768
66.992 30.791
53.704 54.097
1.886 46.144
6.079 17.689
94.024 86.873
29.245 24.012
34.656 35.239
34.445 43.171
41.981 53.566
3.686 21.658
49.012 44.839
29.155 68.607
15.102 93.972
76.473 83.06
11.658 36.941
51.248 22.004
55.002 68.196
43.464 61.724
28.514 78.879
24.943 79.732
30.118 60.117
42.751 20.144
47.646 29.786
92.427 5.542
22.031 6.786
0.606 6.451
39.246 74.484
60.332 54.936
1.194 85.704
91.66 12.299
12.042 73.238
29.758 94.171
51.015 76.278
75.842 37.66
74.922 52.697
3.816 58.693
47.945 87.265
3.071 8.11
47.565 46.486
4.106 43.577
55.279 0.014
94.255 29.032
64.54 70.6
89.304 68.802
90.462 3.562
46.687 55.561
8.584 21.576
84.827 96.893
54.59 34.451
82.091 67.49
35.598 45.364
62.826 60.389
16.732 83.979
23.726 34.882
80.223 54.63
72.5 29.922
96.112 0.564
50.289 57.249
97.934 11.574
53.1 18.735
65.689 17.631
96.166 46.609
79.3 8.585
46.567 59.213
59.931 54.12
15.394 36.699
83.242 89.86
16.427 77.066
92.467 14.124
86.222 53.895
24.26 57.241
35.017 71.462
56.242 72.1
54.266 1.138
20.518 83.718
77.399 89.552
21.754 18.033
70.487 16.205
14.251 39.845
44.086 7.418
76.89 26.41
38.523 19.8
93.813 6.595
58.601 93.819
65.887 75.748
51.62 61.566
67.427 84.387
16.837 50.514
70.596 45.457
96.177 77.189
75.936 67.174
58.315 17.804
72.813 28.209
51.514 58.684
89.342 85.362
69.197 20.937
57.739 17.069
63.253 79.006
73.217 56.993
65.21 3.653
9.7 64.034
52.027 31.76
51.039 41.943
34.333 22.838
57.318 12.632
65.829 54.179
86.594 28.291
19.331 15.646
33.672 49.176
7.631 2.528
85.75 68.912
20.04 48.097
13.91 25.537
67.347 66.41
14.733 72.501
77.758 53.399
82.107 64.019
21.337 41.141
72.222 62.098
37.196 18.943
44.186 68.407
8.658 49.03
89.713 88.594
68.557 87.334
53.269 25.347
12.907 58.609
1.792 1.866
27.247 19.435
49.566 74.908
78.557 4.541
34.311 84.054
9.443 82.929
4.457 8.678
99.453 93.577
34.872 16.249
95.637 40.468
26.476 22.077
60.552 29.484
33.953 96.075
78.856 57.558
55.046 16.347
25.985 73.943
25.695 99.117
16.26 92.481
71.893 21.167
63.91 66.437
18.532 45.28
55.769 68.291
21.916 77.354
53.393 92.504
75.654 22.012
0.422 21.109
85.373 46.978
76.944 53.135
56.025 50.373
5.695 67.182
54.843 38.028
64.262 61.798
21.857 58.861
35.144 99.534
78.348 65.28
9.889 9.526
5.75 59.305
24.02 26.238
24.585 61.335
98.538 11.621
68.555 89.588
70.021 69.235
11.706 24.479
55.792 39.757
76.112 37.828
3.495 22.422
82.627 82.127
68.242 55.9
92.518 24.986
23.264 27.215
48.13 13.05
47.773 88.054
36.962 73.237
17.486 81.017
83.26 53.222
43.095 50.248
53.626 34.819
61.515 35.698
34.355 89.943
29.396 87.618
64.995 78.738
27.849 76.788
95.279 47.591
69.766 31.811
26.545 53.3
99.042 52.742
73.225 46.641
58.176 79.839
38.531 24.074
12.088 28.129
34.587 72.108
33.892 99.103
82.957 95.127
55.804 50.663
68.859 52.434
8.222 20.432
81.709 38.4
92.487 1.745
63.893 77.207
75.272 22.335
82.596 78.792
51.438 73.064
0.695 12.893
26.304 6.747
27.065 38.399
91.195 16.505
80.679 52.265
93.534 3.329
28.051 98.32
81.536 94.608
39.033 88.977
62.938 52.203
33.227 10.377
27.381 75.092
25.025 10.176
71.587 29.307
29.709 32.257
50.372 96.79
22.129 23.044
1.315 23.806
57.947 68.558
95.632 43.19
46.737 47.72
12.336 55.13
4.512 85.918
53.855 21.437
70.553 21.847
53.677 49.594
78.804 97.496
17.905 0.675
8.413 57.09
52.174 23.955
83.917 81.315
88.803 44.352
75.053 35.603
96.798 58.582
61.956 3.271
9.77 99.056
53.633 94.569
41.783 61.783
35.822 65.173
25.39 87.567
31.915 93.88
30.421 14.608
45.373 79.582
24.371 43.971
69.7 16.565
78.68 74.422
78.797 8.093
19.453 46.03
38.293 41.896
31.142 64.302
18.735 41.101
23.907 56.662
96.638 92.554
87.336 2.885
11.261 34.185
42.545 55.255
15.655 75.71
20.403 37.896
40.773 83.972
79.602 47.663
85.617 80.288
93.838 37.236
30.396 63.865
78.754 51.254
22.41 49.791
13.103 47.326
40.309 41.293
5.339 86.63
3.92 94.102
49.611 84.448
68.518 52.49
90.802 60.924
8.582 1.534
20.664 1.624
90.536 92.733
76.604 46.245
78.711 41.925
77.559 92.453
35.022 99.227
31.367 92.451
40.337 7.636
41.619 92.652
91.68 16.167
24.92 60.94
85.637 90.42
96.778 23.65
76.301 73.686
28.825 92.24
54.328 88.356
39.19 55.504
53.117 71.565
15.101 98.722
17.485 16.884
85.255 85.028
56.947 27.785
75.087 70.003
62.243 70.514
80.712 82.319
10.661 92.092
33.088 19.514
90.706 67.267
39.9 48.575
40.814 45.464
45.038 42.528
43.748 15.042
77.868 83.713
70.335 29.72
53.968 21.61
33.072 67.194
86.853 51.017
29.774 75.19
61.273 39.655
90.542 83.938
76.079 25.332
36.486 35.262
26.011 87.818
28.132 40.186
92.637 85.109
94.642 36.653
71.354 54.73
43.714 25.6
88.269 80.105
42.374 70.624
87.451 70.963
44.887 94.746
61.551 50.156
5.426 63.407
94.762 86.795
63.086 39.495
91.685 35.879
47.754 93.988
48.715 30.049
60.994 13.936
57.101 13.204
15.991 87.501
3.352 22.335
42.561 6.083
82.748 11.799
6.956 0.873
44.498 40.933
92.759 98.775
41.553 51.604
7.601 45.643
41.425 84.685
1.768 15.658
45.033 41.078
36.913 66.228
57.917 8.587
36.079 54.921
96.645 78.057
48.076 3.2
10.05 67.041
46.269 52.089
2.274 28.619
80.984 17.817
55.454 47.382
32.294 37.559
7.754 56.229
45.241 86.946
85.264 52.033
83.877 29.679
4.125 95.976
37.169 35.722
10.053 77.569
26.022 49.321
36.051 9.106
35.724 42.783
75.405 33.164
49.706 88.304
61.176 21.695
31.602 34.504
5.794 23.428
49.061 1.26
4.94 34.455
83.094 38.231
40.678 1.128
66.343 26.143
1.755 0.387
55.836 79.377
35.579 43.65
4.845 35.592
54.234 88.836
54.252 58.643
77.321 91.374
58.82 50.046
22.623 6.051
12.236 0.218
57.742 45.458
6.675 75.962
8.456 6.337
12.749 59.878
92.346 52.496
7.394 33.766
71.09 50.505
75.243 33.187
20.396 60.078
96.431 77.471
89.693 79.118
35.018 33.916
29.587 86.677
86.42 34.338
98.934 84.778
89.78 58.366
89.905 81.581
76.046 96.442
85.635 23.349
74.132 82.124
68.193 9.709
61.391 23.725
64.728 30.841
99.949 13.371
50.798 63.815
51.524 53.135
54.265 99.652
19.921 63.703
78.534 18.611
91.635 80.092
31.379 53.914
51.539 10.18
5.456 61.07
18.278 56.311
68.35 54.396
32.843 49.208
62.485 53.024
48.806 28.699
45.585 82.758
17.725 61.039
60.84 42.797
3.721 83.067
2.387 92.45
17.672 56.386
12.447 54.85
22.999 15.012
55.986 15.406
28.453 18.721
69.929 57.977
34.236 39.349
86.82 16.688
94.077 52.085
49.568 7.461
18.907 66.625
29.726 19.516
87.482 37.428
24.454 49.82
46.833 13.291
32.767 65.833
5.281 62.112
13.266 21.141
59.917 52.231
53.1 9.227
71.976 90.567
32.213 88.427
69.963 32.815
35.094 97.201
82.355 76.754
20.663 20.409
27.396 44.369
22.954 24.836
16.098 41.6
96.399 30.21
89.269 3.82
56.347 83.814
33.954 52.839
11.767 94.651
85.162 18.727
34.66 69.478
8.727 24.489
90.312 1.995
88.5 14.639
49.514 52.811
76.591 72.298
4.612 75.03
78.73 82.463
2.393 61.826
58.735 7.255
53.951 0.478
62.188 23.065
53.476 49.787
68.854 50.07
47.78 15.564
33.694 11.427
2.717 4.295
26.591 75.927
51.537 66.352
67.818 77.186
27.306 58.564
85.263 57.954
90.247 60.716
63.726 42.785
45.596 11.245
10.349 79.858
84.685 33.14
7.695 83.767
74.146 26.884
91.486 21.775
11.703 44.653
0.486 22.136
92.74 34.3
73.332 53.114
52.639 67.513
14.062 45.404
50.103 31.53
1.962 14.654
67.775 57.546
93.475 19.811
14.286 80.306
80.75 89.908
57.188 98.129
95.006 85.406
19.36 98.838
55.913 63.084
62.843 2.522
37.716 42.083
52.955 89.619
89.678 72.149
16.382 32.848
23.327 88.67
8.037 79.175
87.072 92.412
84.101 2.465
90.594 43.514
26.331 39.153
39.651 48.599
67.321 75.354
45.933 83.481
87.022 20.858
32.02 18.285
38.176 15.721
18.147 21.768
3.656 91.498
77.25 62.498
71.455 44.776
65.141 66.646
30.997 49.025
53.498 85.69
87.751 39.166
62.422 61.754
80.648 88.73
86.282 10.249
21.08 27.04
76.743 75.926
11.615 28.372
87.388 11.327
44.304 88.528
2.428 0.953
9.178 96.564
54.973 14.77
55.546 31.348
37.331 31.03
58.212 98.566
28.351 58.869
57.856 93.616
77.349 1.64
86.802 70.642
75.439 68.037
22.254 72.808
65.178 29.233
22.834 32.524
5.211 43.555
95.216 58.124
46.501 64.919
43.806 70.416
40.481 48.062
11.089 21.094
26.567 88.559
83.977 77.527
72.1 88.175
70.865 35.037
87.211 52.189
79.33 28.228
20.796 89.058
94.312 55.893
61.953 66.666
39.26 8.167
89.213 57.026
22.659 85.899
73.259 67.102
82.213 24.884
86.237 7.199
19.569 54.609
41.121 44.35
85.699 65.563
45.652 26.633
45.98 73.257
75.103 82.677
52.089 57.034
92.073 66.536
22.986 57.907
89.213 44.653
23.569 81.242
30.99 8.628
51.551 64.404
48.955 32.111
35.48 22.468
7.689 30.313
13.437 77.588
99.851 35.748
44.714 97.34
81.241 51.236
2.392 43.362
48.563 12.311
84.497 10.524
63.928 39.313
36.896 77.379
88.204 33.982
88.328 64.889
83.423 60.347
89.766 15.292
80.853 37.281
37.716 54.988
95.709 21.762
32.079 89.257
31.0 61.545
55.675 93.503
30.601 3.516
83.565 61.531
18.319 92.205
13.279 26.905
0.285 24.764
83.343 4.622
26.355 91.0
70.459 8.973
70.73 30.651
79.868 79.577
11.395 47.605
78.831 88.144
88.291 4.404
71.09 85.273
44.663 11.449
42.448 60.32
35.454 78.742
58.895 59.705
29.381 37.258
46.208 29.64
23.805 35.72
8.941 7.156
30.267 49.148
83.109 59.029
41.001 38.393
98.914 39.361
83.057 58.079
38.926 64.501
56.745 71.024
66.827 3.846
96.522 11.021
70.059 88.608
79.901 18.68
83.958 46.815
96.583 13.675
18.194 7.84
58.707 45.78
5.628 76.909
61.937 29.037
84.932 42.549
59.188 57.029
25.043 69.631
25.368 57.406
76.79 0.728
10.339 84.774
63.356 22.686
97.735 16.848
59.2 96.851
0.856 12.502
41.949 76.156
43.422 59.479
98.6 8.993
24.999 12.9
47.639 27.667
16.941 49.299
95.308 59.345
9.413 52.745
69.339 44.747
73.879 99.407
42.893 16.502
33.537 8.55
21.509 7.344
16.357 49.973
66.775 18.433
61.956 77.136
89.481 86.916
14.025 61.552
35.033 84.641
10.667 20.079
80.542 62.037
73.647 2.669
27.706 2.445
63.493 46.088
67.066 0.289
41.813 41.896
65.174 3.116
99.91 93.325
85.645 19.857
43.637 48.057
74.597 70.502
55.893 8.478
76.429 88.474
29.623 68.453
49.337 82.575
20.818 49.388
2.474 19.309
87.914 61.314
68.611 50.182
48.535 88.52
37.197 68.013
68.884 93.691
49.029 53.22
73.494 30.489
97.174 98.393
69.153 76.936
1.296 15.961
88.455 68.087
94.54 38.919
46.645 50.121
74.567 51.699
23.292 53.741
13.787 36.358
49.731 65.542
0.401 34.222
31.689 9.942
94.033 72.953
84.065 35.959
47.883 40.364
50.041 41.873
97.216 54.492
16.127 90.283
63.884 7.894
60.238 47.129
79.884 68.716
90.234 60.097
98.743 60.033
6.377 58.538
99.836 41.552
45.972 65.529
19.885 93.263
45.687 33.254
1.539 94.104
52.052 0.417
69.75 45.415
94.492 5.969
20.36 12.003
10.912 30.051
32.041 79.468
49.515 16.761
5.478 59.662
99.719 14.035
98.492 54.881
41.796 78.976
11.489 76.565
48.443 41.929
44.145 64.93
64.77 76.006
22.959 15.775
70.197 10.833
20.201 19.21
43.435 23.633
38.146 15.686
60.009 16.686
93.185 48.885
26.181 47.552
81.983 9.982
40.65 70.322
26.805 30.868
33.193 40.701
36.549 85.504
9.388 65.325
50.223 35.9
62.445 7.444
73.955 21.549
3.031 42.577
24.091 99.831
52.055 48.09
82.953 1.646
21.71 8.384
37.915 29.001
58.585 31.049
78.345 17.833
75.757 84.482
16.144 34.785
15.195 8.516
82.437 68.876
27.631 82.89
81.344 59.009
37.574 62.643
10.149 11.115
87.235 31.651
93.501 87.976
94.448 70.944
61.031 89.333
42.887 44.014
68.665 80.101
40.136 70.651
52.575 90.289
61.539 74.577
37.023 11.416
79.273 9.924
34.091 13.432
34.418 93.633
23.512 65.083
22.423 36.58
64.476 15.931
20.04 77.471
15.326 1.068
50.374 27.326
1.843 90.263
66.702 55.114
90.99 67.004
80.351 42.657
25.067 60.33
58.898 60.366
32.462 97.575
9.29 39.061
24.973 96.775
29.438 66.509
49.109 75.935
89.773 1.291
96.042 40.185
50.688 95.442
74.605 58.478
31.87 69.285
7.108 63.925
56.217 88.631
14.357 47.734
65.95 39.229
1.325 35.673
97.939 79.185
57.655 84.325
20.831 95.034
3.907 83.746
42.482 31.934
14.184 54.056
15.267 61.992
37.916 42.906
0.078 97.227
37.765 71.003
58.803 21.422
98.051 45.901
18.855 24.164
11.396 76.646
5.994 4.99
28.659 66.325
89.405 37.029
13.629 21.363
1.188 42.868
78.045 4.328
83.351 86.169
45.945 46.032
15.804 10.659
96.064 27.918
47.985 21.317
99.765 34.193
7.166 75.869
44.304 87.447
64.043 0.674
46.005 15.225
34.366 75.634
39.734 50.176
88.324 5.134
29.158 71.239
56.589 59.376
34.344 45.956
51.296 94.531
72.817 29.997
61.943 23.621
0.262 87.852
88.311 10.558
31.905 10.598
0.33 1.762
61.917 32.751
49.97 5.962
52.18 28.837
9.591 41.94
15.638 32.404
60.42 85.015
76.563 81.977
44.562 13.913
24.735 56.772
50.329 92.332
2.369 80.797
7.397 74.54
92.737 78.26
12.612 46.736
38.885 80.135
54.169 5.263
45.678 87.011
61.678 67.563
96.134 92.426
36.43 47.381
97.156 62.621
16.129 41.584
39.523 86.333
84.078 71.856
84.399 89.693
0.172 71.696
35.526 87.246
98.536 78.659
6.867 9.781
90.892 47.878
37.392 29.557
32.02 44.189
46.717 2.78
21.205 8.331
55.373 53.381
91.699 73.12
2.655 67.418
89.185 8.488
1.545 58.521
25.758 12.156
6.947 34.527
26.01 60.952
90.422 52.64
5.307 60.738
13.694 7.912
80.819 22.063
57.167 65.064
92.277 62.739
77.029 65.903
7.16 49.893
59.999 81.166
53.556 92.42
0.158 93.589
50.147 68.704
79.275 30.569
60.3 28.867
35.678 51.814
97.226 1.839
42.284 48.123
91.122 67.959
39.378 30.939
97.973 74.397
66.797 8.754
96.701 87.391
23.788 98.789
94.451 88.399
60.823 0.95
21.242 72.699
89.128 55.298
89.242 91.794
88.804 89.647
79.781 72.681
77.968 83.159
21.643 52.023
21.921 63.857
54.973 16.091
11.789 66.916
16.891 76.28
35.28 9.045
59.274 21.402
48.676 71.16
8.96 42.642
94.831 93.323
68.46 59.24
15.552 85.523
53.441 28.77
86.86 4.332
51.322 12.278
91.611 71.219
88.63 51.902
8.234 32.934
72.426 68.879
89.469 91.963
9.242 80.081
92.144 53.251
97.996 16.04
12.615 55.816
66.995 5.347
48.405 22.371
26.69 75.795
46.156 86.674
78.393 7.756
64.435 85.522
27.481 70.863
80.512 19.652
95.871 42.521
31.427 45.487
35.205 67.857
91.267 32.99
63.186 24.473
0.942 24.736
23.856 19.568
90.421 50.654
71.984 83.801
48.833 25.768
47.037 21.921
51.21 86.221
50.433 78.54
78.608 38.952
40.358 50.475
39.936 28.541
13.484 61.287
50.349 52.929
21.156 24.606
65.197 79.943
59.663 93.026
82.684 22.891
51.501 66.842
13.512 5.367
9.611 31.706
41.042 25.846
99.808 86.319
31.554 56.041
43.681 35.653
45.707 67.466
95.008 77.984
82.836 41.158
97.163 85.963
45.717 17.436
55.062 73.131
72.63 84.962
30.876 94.059
39.452 33.451
61.53 61.559
14.894 53.356
83.826 47.883
97.222 49.465
87.056 98.447
73.857 87.36
10.092 71.175
97.02 93.967
33.782 13.399
55.298 97.145
80.994 81.314
66.296 13.627
43.108 92.364
5.274 44.469
15.868 74.824
53.703 32.586
90.815 3.904
93.332 99.381
77.248 74.567
75.491 39.825
90.382 98.113
52.551 3.948
60.292 85.995
33.578 90.01
60.584 4.416
28.431 87.968
71.06 63.569
74.342 40.406
42.901 14.476
42.781 5.267
88.305 73.147
78.65 45.24
75.984 18.346
88.794 57.599
70.214 57.435
84.082 74.661
14.422 20.227
47.565 28.74
37.496 23.942
14.401 81.937
42.366 71.829
30.103 89.419
50.458 40.562
77.793 42.439
65.427 31.899
92.113 49.564
67.016 91.442
85.999 48.55
90.059 63.436
94.831 80.509
60.255 60.409
25.32 52.138
74.22 33.821
21.31 79.826
66.983 75.482
57.452 99.007
59.136 54.205
0.759 19.931
65.333 28.203
7.884 32.428
57.821 42.925
77.755 81.741
46.116 71.843
29.547 70.558
91.825 9.081
97.702 72.794
77.598 35.396
21.317 93.022
42.125 4.135
8.268 94.617
85.408 14.792
30.84 59.636
79.98 15.472
56.913 53.708
53.608 25.133
24.986 95.331
97.019 8.24
79.089 10.68
15.347 71.784
97.824 66.623
9.629 10.205
13.552 53.401
51.454 97.912
98.325 59.299
13.131 39.791
30.625 17.236
25.015 48.373
10.658 42.283
50.569 59.235
14.816 2.745
40.388 93.404
68.355 89.05
76.671 76.575
78.856 42.022
7.654 46.306
21.365 64.908
63.315 33.415
69.916 73.156
36.352 41.788
9.816 76.255
57.48 25.864
66.425 38.493
65.955 3.535
61.273 60.381
98.848 10.09
82.858 91.871
88.888 56.976
53.333 10.144
17.925 42.273
46.091 12.521
89.27 68.074
43.949 46.714
76.2 47.793
41.364 11.397
39.97 48.947
27.951 30.896
55.999 72.266
85.288 77.069
8.697 5.524
90.787 99.351
63.447 16.342
0.336 45.008
27.922 13.113
60.701 14.287
96.225 32.394
9.35 45.507
17.952 79.112
98.168 23.78
22.248 10.986
63.836 33.336
35.156 91.108
4.741 8.201
38.994 79.496
93.297 30.983
0.462 93.607
0.627 82.434
31.002 57.385
32.35 47.82
80.546 77.279
42.827 95.901
94.521 49.263
2.789 42.889
0.559 0.049
84.729 70.433
72.947 48.383
16.619 90.75
83.108 80.409
69.343 35.443
85.888 76.305
6.072 78.529
47.386 79.762
59.41 15.403
7.837 39.027
11.11 17.874
12.65 9.509
33.635 16.237
83.681 69.568
39.884 80.941
69.043 22.519
29.095 42.494
55.889 12.129
31.412 93.202
19.516 11.632
2.686 86.731
75.983 24.418
96.202 14.86
8.283 55.751
22.257 9.705
87.63 49.665
53.741 45.845
88.897 78.873
29.727 26.727
44.951 88.81
73.714 17.377
85.261 8.271
70.675 16.376
46.927 30.641
69.143 85.973
87.603 27.22
68.44 89.267
13.561 5.222
22.867 49.756
14.006 47.713
2.472 30.38
19.331 69.529
49.779 63.636
85.197 63.443
5.541 46.827
51.759 23.159
31.424 21.753
52.171 35.18
16.092 7.817
65.64 77.293
53.268 77.32
9.442 43.792
38.931 42.605
61.593 18.536
56.13 29.769
45.136 9.212
12.309 18.11
8.102 62.054
59.755 77.122
55.401 21.109
7.729 72.183
23.803 16.249
56.054 60.517
25.889 42.368
24.79 54.255
30.859 40.691
84.853 49.13
13.241 74.456
94.238 12.034
68.488 64.517
37.932 80.076
68.302 19.717
93.409 65.974
67.606 81.306
75.488 61.479
50.565 54.702
14.225 37.998
21.789 23.069
5.782 23.149
69.714 76.059
88.281 44.205
14.242 93.588
55.15 98.126
38.282 38.694
69.402 52.788
29.143 94.654
25.402 25.677
37.373 70.113
66.699 84.357
7.014 37.66
31.827 79.845
84.111 14.147
28.532 13.788
14.425 19.896
83.537 30.109
60.207 69.868
94.018 93.349
93.811 68.186
63.916 26.405
18.391 79.649
75.054 77.255
19.084 53.927
90.599 85.974
51.507 89.705
99.792 20.031
47.504 93.485
48.356 5.359
32.359 91.579
38.678 2.293
16.071 19.143
44.843 50.578
30.45 40.894
36.917 32.433
91.639 65.432
85.311 42.884
36.355 62.691
60.727 51.162
74.135 1.504
4.363 16.883
42.694 31.23
18.891 7.473
31.154 44.034
64.803 87.952
15.449 19.329
56.314 68.34
79.479 96.801
0.784 18.985
69.718 82.489
36.941 45.285
53.548 54.964
31.04 51.162
94.437 97.597
59.836 92.385
5.397 77.184
49.578 24.276
4.925 6.367
51.849 4.862
97.24 95.691
4.224 57.677
63.171 22.759
36.146 38.286
12.565 25.452
5.419 82.107
50.09 0.64
21.753 16.788
5.215 72.999
68.564 73.868
50.463 89.621
6.228 36.739
79.396 34.122
5.505 85.273
42.452 13.323
18.629 0.713
96.057 49.312
55.052 63.52
41.366 20.856
29.293 49.367
80.542 26.796
47.455 56.571
64.005 29.764
35.487 88.504
8.729 0.645
97.756 35.435
24.124 78.106
11.412 21.383
31.19 77.374
35.721 73.93
86.545 95.735
49.895 80.217
91.661 54.878
84.513 3.831
45.212 64.64
71.621 20.529
76.986 84.837
88.029 91.812
43.784 49.953
81.958 82.865
36.432 70.334
9.297 29.47
65.779 53.242
87.038 26.262
99.76 34.837
64.471 45.641
2.809 41.224
53.646 33.488
36.735 7.048
60.436 22.934
37.772 28.108
19.311 24.488
13.548 40.998
78.749 40.588
80.722 49.278
7.144 32.749
8.685 11.367
97.185 40.966
38.133 57.73
48.796 62.791
14.84 33.238
98.667 57.991
7.043 5.161
86.858 94.138
24.701 70.288
64.249 13.965
60.395 18.892
36.412 86.7
53.1 82.482
88.98 29.819
14.389 20.622
66.347 35.489
76.085 77.06
16.606 4.919
96.29 12.211
14.081 79.299
26.102 41.507
65.082 80.663
15.304 49.834
96.322 57.876
39.689 6.88
3.599 45.901
13.283 48.342
82.194 48.67
46.655 88.898
26.744 5.3
63.289 30.695
37.051 82.969
42.18 22.028
11.919 87.596
67.222 72.277
97.963 27.414
92.768 38.094
99.128 72.46
39.909 12.928
41.672 41.248
65.451 0.205
12.682 39.624
4.116 14.732
75.091 65.887
55.573 37.659
40.316 38.255
32.752 19.453
12.935 44.56
83.922 14.807
0.886 98.53
78.952 39.787
26.765 20.582
96.781 40.892
35.856 31.727
99.155 99.114
30.366 5.175
94.408 79.469
45.326 68.886
48.415 62.64
64.113 69.251
92.703 68.322
28.735 70.611
61.889 65.248
21.649 95.441
53.402 53.932
64.313 12.072
70.083 20.43
7.03 22.802
79.669 34.51
17.656 16.853
55.109 33.684
88.54 52.306
44.024 57.497
26.271 96.585
41.418 68.989
23.406 33.105
44.262 10.216
85.328 43.172
23.197 2.658
99.137 70.033
57.383 80.563
57.863 9.595
92.024 96.076
98.924 90.489
45.041 72.37
61.072 44.031
76.868 58.326
90.812 44.717
66.675 17.245
11.56 12.847
39.627 31.051
25.384 97.567
78.999 33.084
97.798 33.033
69.853 37.289
96.16 4.338
55.461 11.555
71.266 9.779
15.225 38.293
35.798 12.394
46.085 23.756
4.38 22.791
33.23 8.974
76.337 69.826
93.565 32.661
79.948 28.832
84.79 70.966
61.755 53.982
72.661 95.116
72.404 64.999
53.916 19.309
63.536 89.537
75.582 97.932
93.147 77.775
96.358 45.325
46.288 91.98
16.651 21.976
31.039 39.436
31.293 36.757
1.625 98.849
35.223 62.11
11.304 42.428
62.597 46.505
9.613 64.903
7.898 81.366
88.048 24.042
64.516 26.036
63.413 66.75
21.093 61.755
56.334 54.405
99.064 46.08
38.413 75.015
41.773 21.766
64.89 62.246
55.071 4.793
32.84 58.164
36.903 53.015
54.904 5.371
8.522 11.903
45.416 85.531
7.933 97.82
36.093 80.026
79.058 79.342
65.655 61.637
46.042 43.289
7.213 79.902
42.048 76.155
90.553 53.967
18.291 27.953
60.561 26.819
72.4 74.609
83.963 75.421
42.336 98.62
97.843 6.913
49.156 77.115
37.185 64.759
26.108 52.51
95.375 87.954
84.073 17.398
56.712 82.049
85.454 98.377
92.089 74.044
31.059 64.016
35.511 18.819
87.091 21.998
59.746 14.809
86.581 54.615
31.729 0.089
6.15 60.969
31.938 63.093
29.702 7.71
57.539 62.043
37.8 78.165
76.271 9.587
3.371 97.031
11.281 75.28
26.83 9.286
79.502 19.536
42.356 66.989
69.093 73.585
66.163 81.96
50.351 11.655
50.224 12.264
83.202 36.766
5.693 83.999
55.628 34.285
73.478 49.469
1.319 44.195
80.844 35.967
60.957 68.471
12.135 24.624
13.735 32.101
25.412 66.948
39.211 85.289
36.861 54.607
50.569 86.384
98.866 14.904
68.823 18.624
17.732 40.114
5.018 26.069
97.55 82.341
13.539 28.823
25.748 31.619
60.09 89.497
66.523 85.162
88.41 79.286
9.25 26.35
69.97 13.558
5.002 72.095
71.634 37.293
34.01 69.028
4.665 47.249
58.327 18.783
47.02 33.145
91.721 98.099
40.772 16.844
29.381 43.137
9.333 74.949
80.579 28.021
75.24 70.522
70.822 6.298
34.956 10.607
4.392 19.089
95.588 8.744
14.302 62.168
26.411 44.116
32.266 2.907
8.299 76.052
38.456 41.55
19.939 14.628
87.294 78.806
53.428 52.995
24.912 29.471
31.661 13.077
48.138 51.481
93.047 26.919
66.393 69.875
10.029 72.148
15.485 37.639
54.95 44.549
35.116 75.736
24.89 96.637
76.257 91.073
10.347 11.548
68.639 68.881
52.245 90.024
10.505 14.444
50.809 60.002
2.523 62.824
93.912 60.116
62.659 77.329
18.62 20.095
28.264 49.806
15.693 0.198
13.278 48.695
28.603 77.603
80.048 9.14
48.5 42.422
62.84 3.282
80.85 88.251
75.829 4.055
38.508 24.265
16.828 17.477
79.398 86.754
31.014 12.957
56.305 35.471
32.261 72.787
41.67 80.204
66.107 37.962
0.268 54.381
88.176 41.231
25.831 54.865
80.123 85.391
60.454 83.507
68.829 86.462
84.331 16.368
35.046 42.665
85.737 16.12
20.429 64.085
67.204 90.625
49.609 97.746
3.369 18.033
26.623 46.914
29.749 23.984
52.278 33.938
31.337 87.335
29.756 21.517
41.519 86.943
72.768 76.407
52.918 25.671
80.616 24.54
20.109 15.841
48.046 89.681
81.652 58.569
24.989 30.12
49.94 8.536
30.889 13.281
75.932 57.701
94.844 87.259
31.988 1.456
57.456 11.671
91.034 65.061
79.204 31.961
16.699 29.433
31.684 98.09
55.384 2.175
88.277 0.036
65.368 73.252
39.854 8.919
41.042 49.832
0.324 52.145
49.092 53.282
62.681 28.717
29.909 35.211
70.382 26.006
12.141 88.669
33.138 40.873
82.505 96.139
61.825 8.581
47.612 63.759
95.23 3.542
66.453 91.517
44.967 98.867
84.298 36.29
12.373 63.266
41.249 39.668
34.463 54.401
71.075 11.056
4.264 58.909
91.636 30.916
53.921 52.477
27.944 55.675
42.666 22.592
57.529 86.481
57.1 30.825
11.135 32.899
60.499 14.154
42.237 72.882
78.79 98.244
3.352 70.801
49.0 50.97
3.34 73.433
45.659 1.566
43.931 77.418
19.526 21.616
26.797 2.363
13.357 40.878
3.429 54.355
48.507 59.355
5.911 14.594
69.907 71.098
78.761 65.472
38.162 16.987
2.034 57.421
20.358 29.045
87.916 99.869
80.89 59.302
42.844 15.757
81.317 75.009
93.043 92.063
29.82 59.839
94.317 98.159
70.525 69.842
53.753 6.493
18.342 38.559
37.644 60.257
66.927 99.188
32.344 8.946
24.185 45.143
85.41 17.32
48.345 19.734
89.977 84.088
21.048 61.957
56.573 13.613
35.53 28.608
29.004 35.347
68.155 39.96
77.709 10.545
29.449 11.706
6.094 95.797
31.743 36.658
19.8 99.246
59.57 17.145
20.043 62.238
15.03 42.799
72.382 46.384
46.367 13.831
19.195 90.763
11.556 79.295
42.998 99.271
97.85 71.575
64.708 57.785
69.63 8.635
20.978 47.426
38.507 24.506
0.998 89.433
96.318 33.624
64.955 5.425
33.009 16.485
22.231 2.904
67.421 74.974
52.426 81.083
42.544 97.426
27.689 84.723
81.358 60.35
44.268 62.592
22.855 24.235
56.263 80.953
25.998 71.728
16.267 15.085
1.044 70.324
76.019 71.481
6.741 57.333
86.258 29.553
82.705 77.195
24.083 99.593
28.783 36.146
33.461 4.74
71.826 28.011
90.874 7.1
26.082 11.562
56.096 48.229
71.388 82.986
99.758 51.068
3.99 38.693
50.971 44.887
97.452 44.023
95.801 45.928
77.263 29.233
71.061 10.275
26.102 35.179
89.231 82.5
67.594 15.783
73.823 38.897
5.828 53.028
15.916 62.164
87.903 27.245
62.234 11.078
20.504 79.396
92.26 41.513
12.174 10.753
96.668 93.307
11.875 62.025
50.418 8.557
52.655 61.734
86.624 67.13
77.735 91.78
84.684 2.937
96.775 17.0
94.803 51.157
99.467 59.659
87.338 41.843
36.654 89.366
87.755 35.496
89.746 46.549
76.131 91.12
80.824 46.621
25.027 38.935
38.216 64.457
21.012 96.634
35.071 3.427
87.422 73.809
34.333 46.987
8.479 34.858
76.553 6.301
22.18 41.188
61.744 89.781
76.096 42.931
64.032 70.864
57.534 77.612
21.489 54.448
79.585 1.661
29.896 38.702
2.788 6.611
41.05 18.067
68.823 40.486
23.506 39.605
89.95 94.506
78.284 66.214
44.667 61.27
12.111 26.083
48.55 81.589
53.232 83.639
71.209 62.648
63.98 4.938
23.375 75.991
55.959 78.37
77.341 85.574
91.401 91.555
64.444 40.611
23.551 6.423
21.282 84.1
1.488 68.859
93.506 22.684
13.693 75.472
22.747 41.345
24.383 21.796
38.342 46.752
58.331 46.032
61.748 26.547
51.821 92.217
27.392 30.985
45.55 17.013
77.771 40.296
74.198 51.012
95.023 17.032
7.026 84.307
39.296 87.756
24.383 67.358
58.904 80.949
99.995 31.252
51.502 67.047
6.407 59.299
8.117 53.894
54.271 24.145
70.737 7.288
14.093 62.83
28.682 81.19
22.494 47.114
49.702 16.325
45.718 3.139
81.888 29.664
64.024 28.578
79.479 36.615
37.215 23.075
69.219 14.043
28.627 49.969
55.515 60.661
69.453 74.622
30.668 18.175
90.559 33.808
51.319 83.844
80.323 22.088
12.57 78.51
97.824 4.59
2.151 89.891
72.327 7.449
86.373 25.739
78.986 76.694
23.912 72.617
67.555 49.718
63.494 97.789
21.687 56.908
83.082 10.191
52.327 7.184
85.838 56.005
37.878 67.88
64.985 76.573
72.861 48.954
65.764 96.478
99.792 92.226
76.558 89.206
16.806 37.137
55.007 48.692
24.213 69.375
56.356 6.646
0.312 77.341
92.777 93.056
98.079 95.647
45.038 50.596
9.219 77.056
34.47 67.657
84.976 35.673
96.551 24.764
13.174 77.764
56.941 59.129
5.276 23.191
22.047 24.191
32.822 68.604
35.975 76.186
5.087 95.985
89.289 40.524
81.743 76.899
21.558 1.628
82.621 40.977
93.201 99.829
60.38 80.197
2.105 11.392
53.48 93.445
61.454 77.714
15.763 5.801
3.131 83.871
27.814 64.502
48.526 43.046
73.145 9.988
22.649 84.191
50.178 29.873
41.271 40.492
80.887 40.497
98.411 71.69
78.272 42.001
72.318 5.76
58.598 18.831
6.396 45.0
71.946 94.771
44.099 90.216
63.029 36.128
50.879 49.593
19.75 81.394
4.378 7.475
40.682 11.976
37.747 70.332
8.464 89.183
60.786 99.783
5.656 16.562
90.598 69.862
40.206 42.227
46.704 83.561
27.161 89.915
41.533 45.225
52.409 90.001
41.678 54.154
21.022 15.506
33.119 12.901
18.248 13.304
12.81 77.13
52.708 23.931
58.899 68.038
21.924 10.361
29.838 3.152
89.49 14.134
28.624 1.265
78.102 0.223
26.241 74.91
71.454 33.042
33.835 24.677
78.839 71.786
63.507 74.186
84.097 41.069
78.925 75.871
16.359 93.159
62.542 35.508
31.419 58.729
97.651 30.344
86.417 17.849
55.168 15.489
65.097 38.752
93.311 39.012
26.563 73.426
52.13 22.033
66.327 54.694
34.67 55.891
7.454 91.024
37.27 65.239
56.277 92.799
84.327 46.323
57.45 84.899
93.757 42.642
63.687 69.367
55.544 59.591
50.608 66.397
95.54 47.416
45.989 83.657
97.829 24.957
64.192 34.79
38.256 26.011
63.808 59.07
37.093 31.611
35.716 21.784
80.36 11.326
17.545 93.02
48.803 93.542
22.073 74.446
25.464 79.11
79.663 25.957
1.393 46.095
55.31 73.541
95.578 72.118
27.034 50.611
42.846 93.799
32.741 10.479
59.97 98.726
31.769 76.49
91.462 33.8
43.021 92.089
95.866 24.403
66.723 86.154
23.206 84.614
6.35 16.874
77.076 11.305
10.86 40.195
7.487 58.184
37.087 77.175
91.19 41.792
55.813 68.373
48.267 39.572
72.143 93.668
9.955 75.337
24.158 72.698
14.16 14.316
44.133 82.961
58.365 2.963
90.946 93.125
6.407 99.391
83.242 38.052
65.065 76.425
37.208 68.185
19.815 42.622
75.088 1.497
83.245 30.187
36.908 74.601
12.162 99.568
54.398 95.124
31.889 36.912
78.829 19.886
11.48 99.925
1.172 90.426
36.023 82.341
60.766 29.606
11.788 37.675
65.217 26.055
89.022 70.454
6.696 86.161
55.955 36.806
22.36 88.924
3.845 22.246
15.338 47.138
70.69 6.013
9.292 28.603
40.166 73.228
49.385 57.657
16.673 77.638
39.53 10.39
20.875 89.024
15.671 45.725
51.639 61.19
32.953 29.411
19.072 23.287
83.45 19.747
85.598 71.707
20.588 24.968
78.179 89.002
30.232 89.478
46.875 30.061
21.448 61.658
83.529 75.72
37.351 88.06
80.983 47.239
12.565 11.668
11.847 75.198
84.292 65.598
20.409 95.908
87.426 4.959
62.371 24.609
71.774 49.989
41.973 47.986
64.53 31.06
7.853 19.188
55.692 98.432
10.62 98.11
13.117 40.148
94.113 59.403
67.316 77.393
24.879 47.656
3.727 95.743
73.534 57.063
14.197 61.333
91.846 30.441
77.242 87.762
81.91 20.024
82.649 99.568
65.125 15.83
4.705 17.329
16.841 76.338
13.796 99.254
91.992 72.251
94.024 65.582
14.567 46.612
77.058 4.47
1.047 14.845
5.207 33.492
75.381 78.964
7.783 30.806
1.853 44.377
43.346 96.755
54.978 69.725
47.737 94.082
99.363 74.524
88.249 93.421
54.068 94.426
51.716 91.009
48.235 32.533
79.644 36.483
85.718 43.924
11.048 58.194
42.714 76.567
6.887 91.291
14.727 20.026
77.475 32.788
51.99 22.483
4.337 79.627
18.651 98.964
31.042 73.189
4.471 94.46
50.164 14.941
64.704 0.533
40.61 2.878
3.029 71.529
4.201 64.03
76.671 12.906
22.011 26.734
47.503 32.555
33.03 40.357
59.233 44.238
21.609 75.722
51.333 96.222
40.461 8.777
94.676 51.242
13.08 17.716
96.235 98.881
2.64 21.189
78.029 57.008
63.939 96.767
14.159 47.077
4.459 91.81
9.499 53.354
3.302 45.058
17.252 1.757
3.604 89.519
40.296 70.059
95.859 26.031
54.47 85.085
31.738 9.303
15.431 23.537
70.111 6.993
45.598 54.723
52.192 28.772
67.164 79.456
44.964 26.973
19.883 73.506
3.738 12.143
38.187 42.103
61.178 80.281
13.38 24.461
18.528 6.472
81.036 80.243
18.176 41.546
79.901 90.535
48.549 19.967
89.74 42.138
25.988 17.063
50.047 35.901
6.038 6.007
27.81 14.549
30.694 37.446
98.151 51.188
68.217 89.589
6.579 62.413
74.693 99.027
78.337 91.258
79.238 58.935
62.813 34.834
65.601 36.35
56.765 44.663
74.602 76.218
97.26 22.612
4.135 81.681
86.179 93.902
27.376 66.751
68.553 83.059
92.524 41.288
23.12 11.087
22.577 59.331
31.047 97.314
27.652 32.817
84.02 72.767
75.759 10.234
73.457 91.42
17.003 88.908
26.715 27.155
20.129 37.351
64.68 9.735
7.434 23.438
7.408 94.379
34.372 59.601
34.951 16.094
62.048 2.108
61.354 10.452
72.608 83.368
77.723 25.421
68.982 22.784
65.08 7.485
28.06 71.479
2.037 92.625
82.203 94.051
31.285 87.715
37.625 53.454
35.523 59.555
7.955 30.105
97.767 61.81
66.876 44.636
78.004 95.539
55.036 53.37
66.02 67.857
21.891 1.31
94.659 80.107
14.743 89.286
14.82 28.731
35.694 91.089
84.362 28.317
87.181 52.053
52.369 87.728
90.964 44.353
22.466 77.256
90.035 69.787
92.451 76.295
95.191 65.976
18.921 94.321
38.224 51.621
54.774 34.054
3.48 21.067
75.478 10.923
16.591 73.402
24.096 52.642
20.904 54.977
58.706 87.95
44.994 30.244
86.756 51.718
96.352 50.611
26.598 48.443
92.518 74.736
13.812 57.365
61.83 52.939
65.78 61.379
60.058 77.893
12.486 78.822
96.161 3.251
34.583 22.267
68.588 84.605
53.373 40.99
98.059 38.085
37.424 85.08
94.481 21.491
29.753 77.502
22.801 17.381
25.432 53.363
4.411 81.053
13.349 42.79
15.685 23.432
24.225 40.31
41.733 59.938
4.21 61.214
30.573 55.344
72.706 63.678
86.425 42.644
28.974 29.342
1.633 72.79
64.89 18.008
59.039 11.679
72.396 59.729
48.788 34.823
56.292 36.962
99.231 97.043
46.908 95.765
6.455 6.867
83.273 69.591
98.329 74.762
88.782 69.74
16.744 3.093
57.015 29.524
4.631 30.525
56.738 42.623
57.879 84.511
16.362 13.698
22.426 79.943
24.292 34.288
44.182 24.988
62.684 91.474
64.479 60.101
46.321 6.8
35.642 36.998
10.576 73.18
49.004 17.447
23.214 58.004
74.13 56.984
56.164 77.032
15.444 84.151
73.836 79.279
2.517 48.373
49.849 28.129
91.348 38.919
5.988 46.814
35.695 9.958
65.825 43.144
96.396 45.411
80.234 41.76
74.928 82.826
6.198 96.503
39.615 37.935
66.014 39.526
85.804 65.389
27.231 46.572
64.4 72.471
86.38 4.995
77.735 37.251
37.069 59.482
98.579 21.26
27.223 21.407
16.707 83.346
10.379 44.386
27.778 75.91
3.485 20.91
59.283 87.818
49.066 51.655
88.319 64.241
59.655 69.752
32.037 5.401
56.897 29.012
81.795 47.291
2.392 37.73
64.829 28.825
92.838 82.177
29.822 13.998
74.221 23.9
60.17 46.328
78.585 13.784
93.509 50.767
62.013 87.173
90.223 90.368
0.174 18.567
18.787 78.555
30.065 62.336
64.864 44.167
3.133 3.379
75.211 25.679
12.651 81.118
56.273 42.108
94.019 30.483
61.628 64.918
28.756 69.792
88.655 82.568
97.181 24.967
84.481 39.996
94.081 5.618
1.868 56.699
63.678 61.988
77.921 54.494
35.957 89.075
87.555 70.255
21.02 2.94
83.962 99.629
46.299 39.591
56.212 70.507
85.644 39.058
30.352 37.481
41.718 22.341
88.922 45.115
31.606 96.301
29.069 46.859
49.027 57.641
27.009 36.118
76.252 30.09
72.418 26.869
12.188 58.502
17.117 81.918
72.371 90.589
30.152 97.839
16.851 87.576
25.764 10.074
92.007 12.654
91.081 98.787
58.571 15.687
24.254 57.601
3.334 76.145
17.639 95.817
19.823 21.623
79.909 61.331
6.315 27.579
87.785 78.872
70.314 37.45
53.092 50.491
76.158 78.348
96.413 53.248
0.632 24.348
38.041 63.693
52.362 76.261
57.068 95.67
83.655 95.377
8.548 42.683
50.127 69.752
59.34 44.703
80.414 64.922
71.1 89.156
87.297 68.245
69.936 67.626
14.333 17.161
87.187 41.314
32.678 60.104
53.632 0.59
89.896 53.489
60.904 54.209
60.225 87.72
44.379 7.014
88.355 72.149
4.928 37.303
84.953 51.841
12.394 60.345
92.172 97.978
51.501 52.058
73.291 17.95
4.382 79.966
10.068 88.587
76.755 29.272
60.86 8.244
40.679 90.684
45.132 10.36
58.068 87.292
68.184 9.981
61.321 27.879
0.149 93.108
90.087 47.676
41.08 30.891
72.29 48.254
1.719 34.933
68.586 55.82
55.671 77.959
11.188 22.944
19.686 8.415
85.57 9.922
69.996 53.148
46.429 7.649
94.352 22.781
98.946 81.53
9.932 25.119
33.798 79.633
96.782 21.009
73.629 94.37
24.42 79.053
30.161 37.8
64.362 40.084
19.701 72.213
4.437 14.379
99.531 45.099
2.131 38.179
93.199 11.427
89.062 70.202
29.121 60.153
70.544 12.558
83.348 10.269
29.026 49.291
26.899 25.262
73.387 72.518
84.779 80.682
60.762 37.455
31.027 33.74
11.418 24.296
32.584 27.862
42.742 8.142
40.731 21.786
81.54 18.547
93.058 61.906
12.161 78.269
12.24 38.202
80.608 58.734
43.931 7.088
87.8 66.018
93.467 46.47
1.94 10.661
42.55 29.201
40.599 40.073
57.63 82.585
10.064 9.876
60.812 0.299
74.441 22.272
61.521 73.837
68.288 56.419
71.145 16.213
80.825 44.012
46.986 25.91
52.683 57.685
68.022 10.733
34.98 1.766
36.425 94.115
75.395 63.013
79.791 12.075
97.251 51.716
45.633 48.796
64.775 88.6
54.388 31.758
68.799 88.522
28.888 91.441
12.171 53.092
87.16 81.688
50.8 71.252
71.381 52.128
18.328 66.33
62.385 20.004
15.469 90.003
3.038 22.88
17.504 96.965
33.665 25.9
79.379 65.933
20.955 20.672
56.531 94.789
66.103 43.768
27.402 47.746
39.274 14.029
4.655 65.421
92.801 40.078
56.121 16.305
4.658 96.47
68.047 10.524
93.164 68.58
14.219 6.173
98.159 96.148
75.058 56.08
3.278 25.007
25.362 73.446
60.797 7.121
64.682 84.956
76.655 39.956
64.758 11.771
51.809 40.71
23.94 7.219
94.757 12.106
62.49 99.537
93.447 62.71
38.846 44.698
67.276 87.868
30.453 60.081
10.873 57.361
48.997 44.734
97.445 49.695
11.608 1.279
13.967 89.659
77.216 98.035
39.332 20.727
8.164 34.734
90.986 43.457
67.591 49.216
79.134 94.991
89.985 95.559
73.029 98.773
17.699 93.571
90.57 7.157
3.611 89.784
25.229 77.614
91.502 76.841
40.283 75.349
9.024 88.766
10.118 69.117
33.659 26.344
3.07 44.594
54.301 60.317
39.286 12.6
57.883 34.896
18.862 46.143
11.579 7.096
71.363 83.895
29.872 6.664
84.587 15.291
5.674 82.813
90.829 98.109
89.191 82.861
50.603 10.955
24.835 33.438
64.651 73.153
2.386 54.834
83.54 53.829
57.985 6.368
66.219 16.2
32.271 53.352
1.374 85.948
52.458 22.232
59.437 7.085
33.091 47.732
18.503 50.055
14.177 18.342
78.783 57.218
32.197 63.787
61.088 57.154
54.887 77.281
34.738 32.103
12.25 12.104
13.389 93.442
20.958 80.415
40.496 32.412
99.234 37.672
80.939 61.638
14.793 82.313
64.78 40.335
31.603 27.173
95.105 12.373
92.887 33.125
53.425 46.909
83.462 83.784
57.425 52.215
87.041 77.01
57.651 23.15
59.994 2.335
97.552 6.558
69.364 37.581
3.911 96.9
42.805 16.547
8.617 32.574
24.427 55.218
21.743 14.609
95.791 32.522
86.491 84.445
85.973 29.6
92.371 72.05
31.812 86.71
44.525 85.375
6.73 35.21
70.593 59.608
0.373 85.096
86.273 61.676
82.234 18.277
84.769 22.31
71.677 83.683
47.411 43.617
97.655 61.061
93.565 70.841
80.862 56.976
48.534 62.209
71.163 92.571
8.056 49.549
15.703 83.532
72.555 74.879
73.375 6.764
41.527 86.373
65.351 69.544
17.744 13.789
13.387 95.257
19.965 27.91
67.654 8.504
95.356 0.283
56.762 80.838
59.602 13.821
98.279 39.59
44.481 64.983
60.073 21.379
49.708 96.057
3.815 44.432
30.518 77.246
31.133 75.073
98.176 56.422
39.707 23.973
63.218 60.416
92.468 15.178
70.198 78.098
74.738 9.748
84.536 47.25
81.029 89.621
4.403 71.298
69.095 70.218
4.864 38.091
11.784 88.656
91.764 54.077
53.098 32.433
44.352 20.449
31.34 94.101
44.565 79.86
88.499 49.61
88.14 96.699
25.696 73.537
10.345 1.758
97.544 25.644
6.395 88.647
62.32 11.074
36.452 98.476
73.275 34.576
88.727 72.976
65.48 82.298
15.599 21.937
24.785 68.999
34.676 37.188
86.316 75.363
74.352 90.887
21.117 56.664
47.567 7.52
75.411 82.727
31.789 4.936
65.357 62.902
73.233 58.091
46.634 89.633
40.156 64.438
55.021 25.337
26.275 33.103
32.05 50.629
69.541 26.695
7.833 33.669
52.863 76.863
18.355 48.389
26.312 32.995
24.267 55.317
31.494 31.413
23.968 23.187
2.237 14.607
80.144 64.522
96.008 95.445
62.188 28.502
81.902 3.812
40.392 89.51
34.769 28.981
47.802 84.049
31.651 92.331
55.68 63.421
0.088 57.769
82.128 55.017
35.241 6.396
28.086 38.312
26.786 35.239
65.004 43.369
49.451 92.507
73.143 33.725
78.743 91.778
85.678 21.587
56.697 70.265
40.972 24.207
16.972 56.0
0.039 96.381
54.271 52.395
99.459 61.509
14.356 45.4
63.638 51.779
0.734 45.663
57.01 6.537
59.182 17.118
70.412 2.803
57.758 63.293
98.626 34.102
73.988 46.254
25.375 99.234
88.694 55.989
14.074 39.371
64.091 25.47
7.845 33.076
14.129 66.723
64.512 48.198
84.199 66.118
74.096 51.264
2.709 30.68
37.815 86.502
64.423 41.336
38.598 77.958
51.766 75.867
60.773 43.261
13.834 91.022
34.282 69.332
4.687 84.204
57.465 32.6
50.08 39.704
83.664 74.262
57.72 42.24
1.369 47.647
6.512 47.444
1.625 62.146
82.258 49.369
95.045 38.743
75.632 18.539
27.238 34.396
92.58 69.09
94.01 52.374
8.415 92.993
69.453 26.248
89.613 71.47
32.253 2.582
41.2 14.444
35.242 6.825
36.54 82.759
82.376 15.051
83.703 64.816
79.87 84.606
6.134 32.412
36.759 44.895
0.3 76.704
52.445 29.004
51.606 97.884
42.385 27.386
45.272 91.954
80.29 76.947
97.931 67.888
81.856 18.44
91.744 17.34
31.952 20.185
26.66 64.15
62.153 52.864
65.158 46.729
37.887 50.258
54.435 90.338
64.893 39.11
86.089 79.813
66.338 70.78
49.951 80.513
0.719 14.027
65.937 93.599
86.208 50.339
79.977 24.615
35.394 77.742
20.984 94.091
98.242 89.705
61.848 86.857
70.555 70.19
82.362 39.268
43.399 49.413
4.82 16.761
73.745 60.261
89.942 87.417
95.309 58.825
92.586 55.863
58.432 56.52
21.655 28.277
75.763 73.55
0.647 77.151
40.129 87.354
27.754 60.833
80.721 64.166
0.823 12.567
66.625 60.611
15.276 17.201
39.7 47.218
13.957 1.818
37.649 87.409
31.3 4.554
29.416 34.246
7.853 88.049
57.421 15.284
48.957 36.214
90.917 10.791
97.744 66.466
26.377 55.79
9.273 63.53
97.195 41.501
82.811 68.299
3.577 76.575
1.326 61.453
53.908 97.581
53.906 78.858
25.488 95.741
57.153 15.465
68.371 73.97
83.947 41.801
36.43 82.767
56.766 50.897
75.313 9.037
95.247 18.183
52.416 46.139
14.921 61.57
15.15 18.446
83.458 59.245
64.339 16.187
3.804 16.039
77.218 78.962
44.344 27.835
96.645 84.536
55.927 47.097
35.52 86.961
74.453 77.34
8.035 7.321
90.037 6.851
79.542 11.127
37.893 96.256
88.406 97.349
52.933 16.7
67.205 91.011
22.661 24.461
81.613 36.975
77.215 5.154
67.033 88.519
12.004 59.652
44.64 17.871
67.313 24.821
75.451 41.846
14.686 29.833
73.243 8.472
46.576 38.281
82.796 38.809
19.97 80.347
33.927 21.602
58.148 60.223
62.694 18.714
95.281 20.423
40.976 13.817
30.54 91.401
46.083 3.367
26.187 95.422
35.959 25.286
11.772 90.608
69.515 76.909
93.225 46.068
54.429 82.795
19.89 49.809
61.288 34.199
49.611 30.131
34.445 47.477
9.8 0.135
19.34 44.23
28.873 48.247
28.386 13.321
47.865 11.534
98.103 57.253
30.386 48.931
38.78 76.115
81.25 44.963
45.685 4.214
5.048 87.156
54.856 49.967
34.252 96.044
27.997 39.697
92.691 63.539
70.361 4.694
15.692 45.731
10.698 38.713
59.899 41.133
37.536 55.419
60.92 13.254
3.306 69.6
35.257 40.459
76.963 15.0
94.172 47.972
70.293 28.345
20.666 77.625
79.123 62.281
45.439 86.533
92.483 45.54
7.518 70.648
47.471 95.321
70.274 14.917
30.272 30.075
11.543 68.359
14.215 6.601
72.378 9.141
20.496 68.809
93.911 43.751
80.097 14.751
29.972 27.471
40.753 42.816
11.901 28.999
98.089 85.787
8.43 19.387
69.972 66.959
0.199 6.933
49.22 44.459
42.815 87.119
16.268 88.792
63.828 76.51
85.496 92.167
11.18 66.506
21.052 22.095
40.522 67.165
34.845 29.504
22.201 82.417
9.85 81.353
37.753 56.617
10.463 66.104
37.83 53.629
94.787 40.347
23.123 58.054
45.837 62.298
85.6 37.456
26.037 23.421
51.341 44.948
77.889 60.24
51.441 31.334
40.216 58.072
37.148 73.019
5.32 59.403
69.767 25.156
71.143 73.519
28.501 22.187
72.781 89.286
94.204 87.308
89.176 94.793
64.862 88.924
91.36 50.968
23.787 86.007
9.381 81.053
88.127 86.709
35.155 12.124
74.471 95.226
73.948 65.753
51.352 40.987
67.933 18.823
47.775 26.453
95.067 81.778
31.6 13.661
39.301 94.27
42.766 19.529
80.732 47.65
28.6 27.798
1.514 22.649
36.026 75.035
83.951 35.714
47.137 48.616
43.356 25.86
19.255 67.033
40.404 35.868
79.938 33.003
56.302 82.737
7.775 4.202
73.115 56.197
26.886 40.881
85.426 57.994
73.57 66.313
96.255 63.489
72.432 28.199
73.816 80.616
97.817 21.801
7.671 11.113
65.761 69.24
37.608 36.417
84.76 8.149
94.524 68.333
31.337 52.36
3.556 22.372
17.531 70.351
13.602 4.432
35.869 41.178
67.768 98.298
73.272 71.93
84.981 25.213
41.312 24.439
40.392 65.792
9.1 99.439
84.186 95.815
13.526 14.811
23.259 55.64
73.335 76.403
10.522 5.068
98.738 87.832
17.588 81.806
64.385 49.446
66.817 33.236
74.467 65.059
51.792 89.209
68.437 95.53
13.143 37.168
19.342 56.628
14.193 42.387
13.293 3.173
71.969 13.546
65.207 48.208
11.764 18.643
10.305 98.372
17.542 2.707
17.616 83.466
27.32 62.182
75.984 85.015
93.442 42.142
4.473 6.159
3.725 49.209
56.056 14.839
44.532 67.647
72.88 50.089
70.117 86.736
88.729 35.087
62.689 1.04
20.01 26.545
23.207 47.42
47.307 11.949
63.654 4.372
14.84 41.009
66.796 78.878
97.023 30.999
35.187 81.852
85.093 31.611
6.64 49.835
55.607 59.11
64.91 95.742
37.565 64.202
40.726 49.16
42.714 70.112
27.253 37.138
30.892 11.395
83.257 32.882
11.213 52.587
2.945 57.148
65.245 11.055
58.616 1.889
9.234 23.858
19.008 56.393
95.379 19.748
84.388 78.222
11.466 20.42
20.002 28.252
14.729 73.38
96.119 32.092
86.896 95.687
92.201 82.169
55.897 53.361
86.955 89.721
75.713 19.973
12.58 53.742
3.673 5.664
47.326 64.507
59.503 63.893
55.987 47.175
47.299 63.943
82.466 27.189
3.845 71.059
73.596 79.481
27.755 96.344
92.641 33.519
25.853 3.897
87.268 68.524
26.457 77.545
90.593 58.463
19.316 57.586
31.724 17.949
14.038 71.904
16.64 48.132
23.092 62.181
67.005 74.217
69.906 67.997
36.139 68.026
21.254 42.387
10.043 50.211
68.631 50.572
46.729 34.86
23.08 25.58
2.825 62.435
28.55 61.795
41.095 52.977
74.991 63.679
52.959 9.095
5.184 58.755
55.881 29.396
12.231 66.49
22.003 57.751
82.968 35.531
25.069 75.818
76.032 52.183
80.17 0.034
5.422 65.995
14.314 98.829
26.371 63.87
8.474 25.019
21.994 72.102
98.446 96.475
17.069 7.673
15.711 0.626
89.713 63.845
13.136 88.277
18.211 81.239
96.279 86.008
85.47 41.516
54.069 76.831
19.294 83.582
83.254 22.194
82.094 68.394
35.302 42.809
1.716 65.996
80.011 62.555
9.177 35.333
98.767 68.692
72.319 23.907
62.663 24.057
8.972 73.742
20.499 80.678
22.118 19.748
14.565 95.278
81.071 61.25
98.516 55.641
55.899 54.551
59.293 25.743
26.592 80.636
63.613 99.358
48.47 23.209
51.688 29.794
35.15 78.72
28.041 47.157
10.755 94.123
61.478 59.583
58.68 84.56
84.494 59.781
85.718 7.162
58.813 54.181
71.136 64.669
4.149 10.784
50.406 80.41
87.453 88.598
33.688 10.996
85.24 87.308
1.73 77.041
38.507 69.377
79.506 50.27
67.868 41.216
85.826 98.563
38.178 85.52
66.133 37.151
44.912 96.26
51.407 79.991
83.849 12.597
60.306 85.765
75.784 26.714
9.36 64.6
23.467 64.031
37.377 16.373
41.336 10.078
85.404 78.944
68.242 7.171
57.864 67.004
82.656 59.441
51.805 49.986
97.256 27.458
26.82 57.71
54.175 52.627
46.941 93.002
38.564 17.264
30.758 66.885
5.116 60.177
43.579 11.521
94.772 64.715
76.359 23.667
56.906 25.848
71.087 59.764
67.722 99.504
57.778 73.731
73.707 61.879
38.616 99.252
51.51 53.41
16.868 34.753
40.294 30.553
98.5 8.951
91.602 12.996
91.679 88.295
91.236 5.484
11.198 80.344
37.712 22.695
14.082 16.631
48.051 49.871
17.168 46.53
57.152 84.324
92.298 93.376
61.127 92.491
28.514 41.994
61.755 65.818
71.611 95.676
57.259 46.013
7.905 32.304
5.49 76.534
66.261 81.167
92.826 85.464
69.241 84.831
35.978 40.277
39.603 79.93
78.709 71.766
27.904 88.473
37.959 40.707
14.616 89.024
88.429 16.076
53.37 62.139
22.051 50.892
57.775 91.084
4.577 46.084
1.211 4.785
69.597 47.906
97.851 16.895
61.951 50.078
30.016 23.429
22.356 9.968
24.841 4.131
27.839 67.926
62.388 85.689
70.468 63.516
72.73 50.262
62.324 11.08
49.589 13.757
30.383 0.118
23.808 70.018
68.805 61.24
81.337 53.391
95.276 1.577
88.468 45.422
98.583 84.442
15.279 23.502
0.461 18.55
47.344 79.627
56.804 74.987
13.7 14.372
5.776 64.462
52.006 74.001
87.865 34.36
44.66 97.825
32.027 56.304
78.307 74.306
94.281 99.3
39.948 77.084
95.787 48.763
59.227 56.23
76.32 6.102
84.923 93.28
62.065 47.639
70.792 86.223
60.266 75.782
79.009 8.479
63.326 18.498
25.655 38.772
88.096 57.592
34.765 72.591
12.184 16.094
44.976 65.935
88.486 25.666
4.083 20.494
82.689 95.081
48.023 13.661
67.793 0.985
58.322 25.81
92.457 96.314
30.458 25.596
67.373 37.456
32.663 64.348
92.894 84.228
33.826 47.791
95.452 44.608
31.761 49.118
57.034 53.399
23.134 95.109
28.168 32.994
35.725 81.168
33.346 87.103
74.772 25.245
27.304 24.935
2.304 54.363
26.334 81.391
47.437 48.539
0.624 23.707
75.389 28.47
10.637 35.805
9.637 25.372
70.974 77.08
28.404 82.082
72.483 3.953
92.201 52.457
62.545 52.42
43.087 31.754
58.101 37.667
96.415 46.204
66.047 29.792
98.863 66.431
18.328 85.883
29.037 98.105
50.354 9.572
45.888 18.256
45.972 11.493
28.319 22.693
95.19 86.513
37.482 74.517
47.956 63.461
78.392 6.98
29.013 37.056
79.15 40.286
68.886 96.402
63.987 6.629
42.79 13.854
17.36 87.755
78.685 5.626
84.063 98.029
30.372 3.515
46.395 97.723
52.46 39.752
60.314 81.703
93.271 28.256
26.005 72.022
74.753 77.167
80.459 9.738
56.413 26.442
68.13 38.955
64.335 89.375
78.146 64.692
42.652 15.374
93.085 72.625
89.826 70.989
1.748 39.348
10.461 35.455
31.404 21.001
60.18 4.188
90.845 77.501
84.651 79.917
61.23 52.942
4.742 36.673
46.449 13.478
33.584 83.241
12.565 6.138
72.582 80.274
91.659 1.82
25.412 22.819
6.748 4.037
98.097 83.169
90.57 43.288
8.937 27.202
18.022 63.359
46.068 36.86
42.687 51.699
26.468 36.465
0.09 4.853
13.865 50.589
81.447 95.328
32.69 78.4
81.569 33.99
32.526 99.293
72.87 23.245
74.824 69.137
62.727 27.826
30.214 46.718
10.793 82.291
51.459 95.652
19.656 23.543
87.021 24.734
52.701 39.431
40.699 13.84
10.359 41.706
96.359 71.588
8.398 60.611
6.4 5.012
48.595 97.214
24.316 9.296
42.06 14.3
57.528 49.331
8.328 1.75
56.617 79.85
88.787 61.206
14.504 18.705
77.71 22.071
81.997 58.412
6.051 93.836
84.908 70.429
43.933 83.237
31.93 82.955
81.258 98.949
16.891 33.148
51.552 53.3
74.229 43.816
83.686 84.714
82.97 14.853
18.468 56.037
80.845 54.287
41.176 13.975
46.665 42.805
86.217 72.396
4.335 62.64
47.719 94.685
59.305 41.416
86.633 98.404
41.264 72.945
81.389 1.759
61.641 29.396
41.077 99.133
35.612 10.879
56.427 53.993
51.797 1.342
85.186 95.295
23.633 10.273
21.993 86.957
99.323 68.933
62.968 90.92
89.185 2.229
12.418 9.974
51.407 84.966
21.913 26.961
32.405 46.098
21.296 93.516
75.199 16.804
80.217 0.089
75.665 41.431
7.081 19.602
65.646 99.039
36.177 74.247
2.297 95.707
43.606 12.184
18.56 15.195
42.502 45.315
35.66 9.146
90.466 51.305
44.83 42.387
31.563 83.493
48.187 15.616
82.274 41.963
37.629 57.802
26.192 43.754
20.303 93.118
6.484 56.884
29.463 40.643
22.056 25.493
81.57 24.677
52.769 21.319
91.508 55.343
40.828 32.212
29.76 74.854
26.397 24.437
23.324 72.605
57.332 86.263
73.932 24.752
46.161 81.013
58.883 97.746
28.844 7.045
60.833 48.223
61.907 14.703
11.753 86.672
95.849 19.469
95.59 26.303
24.446 12.005
31.534 73.108
68.291 59.944
89.886 50.089
82.209 20.382
51.371 95.101
86.941 15.924
69.467 6.212
77.753 29.186
76.487 76.568
77.657 16.751
89.271 95.296
0.076 85.045
81.51 48.15
90.197 45.368
98.404 87.128
24.284 40.194
69.122 94.306
13.257 68.759
36.745 66.797
75.397 2.719
67.559 20.881
86.433 58.533
19.377 15.558
60.772 64.322
32.383 76.768
57.987 40.723
40.507 63.997
60.805 71.075
71.491 64.621
78.313 89.9
61.205 33.269
85.619 63.282
73.751 34.778
75.233 63.21
26.187 55.782
57.579 36.632
0.204 26.275
60.354 43.319
37.588 22.31
49.648 33.165
96.207 15.265
72.396 49.446
16.319 62.154
32.508 90.733
28.238 2.825
49.819 33.16
79.981 26.906
43.775 10.965
92.201 19.432
70.365 45.548
17.429 99.337
40.249 84.356
75.869 87.908
98.919 30.032
63.429 73.181
76.801 64.43
48.155 43.423
22.325 66.922
35.54 90.663
82.728 82.727
58.196 45.59
83.696 4.587
81.414 93.639
75.899 5.042
2.946 70.211
95.175 30.45
16.939 17.025
96.689 23.258
7.959 86.14
70.53 28.45
83.427 28.391
11.797 67.738
49.024 47.604
1.149 15.358
14.705 19.812
20.017 60.747
69.192 15.077
40.517 49.719
55.052 63.315
55.279 8.279
86.455 36.036
53.221 89.454
7.982 36.356
45.888 56.365
8.905 2.756
99.685 46.302
32.577 92.7
75.615 17.114
93.253 29.468
66.041 8.485
59.25 81.094
67.052 78.687
55.384 32.874
18.443 39.255
33.917 46.1
22.857 80.005
62.603 27.205
12.818 7.095
31.455 47.865
79.69 14.64
94.227 16.798
66.59 53.605
5.334 64.781
40.76 20.25
6.987 42.672
97.524 10.192
99.226 68.4
71.671 15.23
94.742 8.06
36.302 35.393
13.578 97.348
70.215 55.655
3.767 61.811
4.561 58.773
90.398 92.348
60.357 21.206
96.774 44.951
78.215 80.589
13.388 17.719
97.825 16.588
29.509 81.757
27.05 49.731
51.78 38.823
52.8 2.569
98.279 90.683
47.317 66.202
12.916 62.87
48.157 53.29
63.417 38.663
79.337 65.78
0.366 50.121
84.989 30.745
27.25 24.794
47.036 90.848
53.49 62.805
34.448 88.461
15.947 21.409
64.563 1.379
8.459 92.237
98.536 93.602
40.263 39.793
16.468 8.332
95.776 54.515
73.573 10.281
69.748 44.407
84.417 0.226
12.913 17.816
40.453 61.74
97.609 83.287
41.389 50.777
53.543 42.784
81.046 47.381
61.847 32.644
40.675 55.029
95.107 38.288
32.019 14.165
12.746 30.045
70.916 41.939
91.833 77.037
23.622 7.262
77.506 69.27
39.348 46.111
47.698 77.293
43.216 88.709
16.986 24.955
25.069 86.919
82.535 31.305
42.465 27.792
41.728 92.235
69.848 73.783
80.799 1.022
59.514 56.819
19.107 93.953
3.873 18.438
40.622 72.801
43.849 58.204
19.24 80.141
13.488 29.658
0.707 26.389
31.619 71.368
67.113 13.314
36.554 95.369
39.327 21.54
58.591 0.53
8.384 11.56
52.455 54.737
92.43 63.381
21.078 33.664
41.572 67.592
7.842 0.999
64.773 51.96
34.654 35.413
94.174 14.717
47.862 65.628
61.442 39.637
77.022 24.888
64.775 85.411
48.729 79.071
94.112 16.711
46.81 79.686
10.599 78.263
24.761 27.466
29.668 50.581
9.117 6.242
74.505 15.465
58.614 81.148
35.253 42.519
78.271 32.661
73.386 34.641
30.22 89.9
57.212 38.239
59.269 75.231
60.051 40.751
84.435 77.292
74.119 26.172
55.951 92.745
7.001 46.511
86.717 22.747
40.735 92.783
19.234 73.67
60.656 10.224
75.296 73.006
87.732 59.621
86.307 60.621
20.172 43.132
46.573 10.931
98.515 93.492
74.598 71.055
55.273 79.015
6.516 15.926
95.115 16.455
54.738 81.428
57.901 32.353
28.92 54.844
70.025 69.852
93.958 10.586
4.99 5.19
32.161 70.325
38.811 27.472
26.361 13.738
62.409 20.935
66.462 64.427
32.769 59.462
64.871 53.991
14.287 52.489
47.583 46.693
90.866 98.276
40.316 58.029
92.829 63.086
4.536 42.508
12.012 90.826
76.062 82.147
89.272 31.341
19.525 84.521
72.699 79.448
84.54 88.593
51.786 12.736
73.394 42.466
84.712 92.229
20.601 65.145
94.748 67.181
56.856 21.689
53.109 18.09
56.91 27.03
42.917 12.315
14.073 58.104
80.002 37.841
38.223 96.515
32.345 45.569
65.342 23.826
45.217 94.372
3.862 7.575
87.861 30.299
48.832 93.4
49.169 17.875
10.895 9.156
31.372 57.597
43.731 78.513
45.873 28.828
96.288 21.727
66.663 20.497
45.144 67.43
70.135 69.072
84.271 49.618
71.21 55.793
93.079 8.873
77.237 55.872
28.124 58.219
18.756 87.662
15.469 27.238
52.999 20.07
86.922 38.969
42.402 50.343
96.429 36.149
54.615 59.557
30.029 90.077
82.427 10.086
73.2 29.056
10.471 20.768
18.047 7.469
66.768 85.124
33.449 18.736
13.933 98.667
0.977 26.843
86.254 77.403
99.328 86.871
83.091 16.768
76.087 90.779
87.54 79.951
48.796 86.354
48.245 95.401
90.824 41.698
66.628 93.755
34.806 21.742
79.082 47.818
27.018 8.408
67.997 50.91
94.429 81.733
98.98 44.88
51.244 58.86
48.027 59.508
57.621 6.063
56.462 59.608
52.068 69.76
46.432 21.342
53.505 44.615
29.097 61.62
41.829 73.592
42.488 33.2
12.379 6.036
66.536 84.229
81.318 21.955
15.335 57.762
16.394 40.799
93.695 39.567
22.636 74.828
26.116 7.048
15.611 79.614
86.377 58.543
52.289 53.053
45.644 25.602
47.668 86.23
13.948 38.682
60.187 34.71
93.228 42.546
11.55 76.657
18.07 70.151
81.016 75.606
15.075 47.059
25.174 77.198
13.396 99.491
83.89 86.032
9.803 44.192
78.278 26.624
97.973 46.122
94.28 63.253
75.739 75.446
17.569 52.68
83.738 45.342
87.044 48.889
71.51 97.261
89.828 49.103
58.737 23.657
75.799 1.983
15.308 77.544
40.748 32.47
61.563 78.928
92.244 41.28
43.392 16.199
59.976 1.113
18.163 62.465
73.47 75.932
22.429 15.923
91.873 77.597
66.525 74.555
17.906 84.493
54.872 56.037
87.689 96.076
67.376 76.639
3.173 57.888
60.996 81.262
70.397 57.133
23.575 59.805
95.694 89.931
67.724 79.17
9.691 36.106
62.825 86.703
76.727 11.59
17.918 89.614
18.535 58.838
79.274 71.29
14.379 81.137
60.814 85.648
57.142 99.766
59.014 31.997
52.254 32.232
13.852 83.367
28.049 39.379
42.881 34.255
5.843 92.117
88.161 79.672
52.557 96.601
37.904 42.803
21.666 46.341
80.418 23.825
0.631 43.569
65.26 95.668
98.016 79.754
93.017 59.742
10.42 80.996
43.023 72.412
1.0 72.255
17.685 12.529
28.234 55.731
79.199 0.678
37.935 49.951
18.874 23.448
52.324 4.273
91.562 19.388
46.745 12.846
79.465 94.484
97.663 82.195
38.876 1.919
25.256 10.668
78.683 72.383
19.096 80.444
28.517 77.362
15.527 87.229
13.347 97.654
70.463 98.258
28.85 87.387
61.903 46.074
84.504 40.532
67.552 92.222
8.052 81.556
67.354 4.403
44.662 57.944
55.058 90.047
87.53 71.616
58.722 67.679
26.902 38.696
27.115 29.117
86.873 49.204
75.165 91.58
70.505 22.627
72.923 4.141
99.545 86.753
66.512 45.638
24.382 4.649
94.764 99.812
15.738 88.054
25.795 94.072
31.793 41.052
30.83 3.611
70.023 4.334
16.292 29.771
27.766 62.715
33.755 76.63
5.839 91.421
39.732 79.336
22.323 94.004
60.58 71.722
72.17 76.007
8.384 28.543
8.4 38.571
74.895 85.747
71.89 54.757
62.072 17.627
42.154 36.949
39.732 5.675
44.01 6.685
11.193 29.116
65.954 41.514
89.262 38.976
65.673 28.604
43.885 3.089
16.347 74.053
11.005 98.824
45.676 17.157
54.835 34.158
15.6 80.842
36.704 77.851
62.845 96.879
70.508 33.437
36.208 16.738
25.963 10.386
99.849 65.879
36.08 25.071
54.77 26.411
96.073 27.006
77.368 97.129
7.724 60.893
66.923 19.389
36.468 45.626
29.744 6.88
36.653 37.048
86.997 55.865
44.619 39.736
97.94 73.534
52.433 7.542
96.711 33.465
33.228 38.31
62.044 51.292
93.597 92.993
88.273 73.9
79.644 2.174
14.707 4.97
18.769 27.998
70.856 5.246
90.993 66.3
1.501 94.228
45.425 94.478
55.817 95.248
33.273 14.634
77.55 81.848
13.004 30.247
6.058 75.523
16.445 68.485
34.129 59.98
16.231 70.677
18.551 54.305
85.594 8.789
62.986 83.143
65.441 99.329
75.061 33.35
44.776 71.969
49.429 96.512
50.739 99.207
38.686 55.08
55.336 34.18
60.332 85.63
43.52 82.073
95.283 18.047
92.939 70.385
86.57 22.616
4.872 15.937
3.881 63.752
61.925 71.192
2.252 9.627
97.301 72.335
75.842 41.134
61.112 70.749
91.617 70.997
24.921 45.43
90.444 64.502
13.164 39.488
33.293 80.36
79.638 63.373
88.388 26.704
49.493 20.967
65.172 57.094
63.961 57.108
92.903 33.839
2.416 14.11
68.596 82.858
15.167 14.374
93.148 89.58
64.673 14.917
15.598 99.739
53.35 37.549
86.575 72.91
28.638 80.912
6.796 27.338
64.933 67.914
77.27 62.374
65.276 32.566
82.491 79.704
9.065 46.905
62.587 39.042
72.521 64.087
38.162 38.554
94.267 38.263
91.779 77.575
12.41 96.472
36.965 0.205
25.822 48.811
14.484 2.02
27.117 23.436
89.715 14.45
12.756 32.896
49.12 4.134
19.817 84.403
56.861 35.905
19.463 18.527
11.44 15.342
26.904 6.53
10.299 16.784
64.911 10.583
80.898 47.781
92.955 58.876
63.144 5.655
72.852 40.018
91.498 86.896
13.237 85.275
1.494 70.662
16.184 69.606
76.269 46.75
88.901 74.169
75.933 86.628
96.842 2.614
44.058 92.832
55.893 77.653
15.095 31.123
71.812 66.62
79.758 55.775
39.137 91.293
84.57 1.828
64.939 44.179
15.556 54.303
79.002 83.318
17.952 80.603
13.163 31.016
38.682 90.066
69.322 86.652
48.931 76.986
75.047 16.146
81.852 10.314
78.57 5.776
51.966 30.384
74.106 18.415
76.679 15.692
86.031 50.284
27.658 60.715
98.51 19.063
35.433 39.605
6.243 17.046
60.058 32.141
94.919 21.99
58.501 14.062
35.863 41.873
9.106 45.462
86.02 66.301
68.557 44.517
18.256 2.743
23.595 16.779
89.298 20.267
11.813 85.58
47.551 41.787
32.337 54.5
96.136 72.152
5.571 52.503
20.129 11.236
83.627 8.582
65.318 16.458
14.913 79.526
22.648 72.566
52.336 68.898
31.285 82.179
51.89 4.896
38.174 13.748
9.363 69.469
63.345 4.639
71.37 9.222
24.232 40.676
14.811 94.143
8.575 1.181
43.508 9.161
16.982 87.868
6.472 65.312
22.869 70.53
89.971 19.447
53.876 72.334
16.692 29.527
32.032 80.875
25.673 52.673
8.149 75.621
0.817 90.693
31.997 2.953
3.762 9.814
80.513 77.853
60.429 67.775
25.728 75.821
85.558 89.941
59.284 83.531
12.085 5.108
63.162 52.241
4.498 31.986
62.484 92.127
35.22 51.237
29.537 42.642
13.198 68.717
48.478 65.248
10.258 24.893
83.006 91.988
5.615 2.996
27.293 79.272
74.588 92.658
85.749 31.867
95.279 89.815
63.662 6.464
78.747 23.081
79.54 10.283
2.587 90.841
96.573 67.437
78.414 98.477
91.175 39.064
68.379 40.269
96.72 14.326
21.31 9.464
3.115 51.544
28.121 51.902
40.2 96.46
30.004 34.172
90.978 77.116
25.441 46.931
96.74 29.426
95.763 42.027
8.043 96.554
61.415 70.258
11.569 95.627
4.34 98.949
16.229 63.653
43.286 90.396
78.801 75.327
38.233 70.653
34.303 56.887
9.054 2.382
43.395 63.77
50.002 74.114
13.723 49.713
13.828 32.109
76.701 45.239
18.152 65.149
78.428 9.523
40.744 98.439
31.007 4.518
50.094 17.362
51.935 10.007
31.595 65.729
79.043 49.22
57.723 1.531
12.943 86.029
21.735 3.34
41.12 66.131
13.225 86.758
23.697 90.656
55.367 89.701
78.259 12.812
25.977 6.782
78.979 91.526
55.326 94.109
83.9 40.284
71.63 16.524
67.875 83.203
44.176 84.495
34.166 21.77
52.662 73.304
10.002 25.649
18.693 53.816
14.142 22.476
24.623 30.712
43.327 11.26
23.865 67.644
52.22 24.91
39.208 34.857
61.474 1.869
16.484 70.381
20.63 41.766
51.325 71.283
43.587 27.024
23.911 83.954
83.004 45.609
43.34 48.788
72.06 45.45
24.981 81.712
85.034 97.056
30.277 94.155
6.154 70.272
17.041 34.012
30.851 82.41
66.879 16.515
93.039 9.292
63.437 36.386
85.646 89.517
73.378 54.608
0.53 7.427
89.5 86.54
75.079 27.064
59.539 76.936
1.322 82.879
7.89 57.209
19.698 16.112
15.242 16.388
37.614 86.933
43.337 26.878
4.534 77.458
57.942 93.663
56.827 98.342
95.736 80.102
18.453 11.549
76.791 56.504
68.744 21.847
95.264 85.834
37.881 39.248
7.049 39.38
33.796 80.001
55.085 56.17
46.964 37.365
99.861 79.21
81.119 64.519
66.682 5.747
96.039 8.664
76.953 85.276
51.272 51.458
24.97 11.319
2.387 20.296
76.936 12.126
65.563 61.119
49.604 27.494
63.962 3.842
20.128 41.753
67.411 15.086
83.179 19.513
8.605 92.249
46.137 0.768
14.295 10.328
4.869 31.832
80.35 12.741
94.118 99.62
88.436 75.958
97.9 26.235
58.188 29.084
64.428 48.149
52.478 87.847
98.515 72.169
30.903 13.959
42.716 7.497
96.985 54.19
15.746 73.618
93.828 42.506
71.933 22.812
39.139 34.178
85.203 94.439
20.352 6.617
83.086 94.974
97.519 87.481
78.544 63.834
11.465 72.54
60.937 14.153
51.806 29.569
13.484 1.258
50.198 15.288
68.559 3.118
55.337 29.109
73.4 67.403
19.953 32.286
99.883 82.954
25.507 7.987
87.311 94.513
17.687 59.279
39.318 18.118
70.942 11.865
10.484 57.601
4.227 33.857
34.589 51.066
67.099 61.761
81.701 71.951
60.405 35.513
62.306 59.376
27.404 22.013
30.193 85.716
2.389 30.383
48.295 15.209
11.093 5.659
69.938 49.431
75.427 40.469
22.188 32.112
41.196 9.454
2.223 25.974
43.653 82.951
82.937 55.868
47.786 8.11
95.471 61.701
8.714 92.069
53.558 37.946
96.04 30.059
49.234 70.053
42.304 78.751
53.357 32.47
66.428 26.476
90.468 60.0
14.437 95.916
87.186 3.63
84.57 48.738
62.735 34.431
8.099 19.945
5.185 32.221
54.655 44.855
76.491 13.802
40.331 32.348
81.191 94.103
3.359 39.321
70.534 81.294
51.617 21.768
16.997 56.764
0.534 15.289
97.823 86.61
43.702 23.809
63.028 76.262
2.897 59.539
23.566 99.688
94.704 23.671
35.808 28.63
63.281 63.967
25.805 1.883
97.93 61.801
95.358 73.772
93.865 25.394
94.212 80.589
47.793 21.871
73.362 87.035
35.353 14.573
27.298 64.248
68.767 18.037
30.691 47.538
5.585 52.002
11.682 54.006
28.302 35.162
33.745 43.156
32.678 87.903
39.827 36.732
75.988 35.75
51.034 77.209
37.332 68.896
78.643 48.448
46.332 2.918
39.095 18.688
26.433 77.571
64.496 59.577
41.972 97.446
63.308 61.544
41.108 12.585
52.416 55.458
2.96 8.111
53.514 85.917
49.912 35.483
29.343 76.064
86.45 98.575
88.516 43.942
84.957 7.375
77.791 25.536
91.766 14.978
72.467 33.976
6.069 80.01
31.452 53.85
56.423 67.486
0.045 19.688
55.321 18.117
72.99 20.418
12.724 60.008
86.605 46.612
51.801 5.949
0.185 51.964
32.184 48.046
88.161 76.596
9.171 98.232
7.544 6.401
30.313 90.683
60.919 77.812
10.241 31.302
24.286 78.335
92.817 99.231
45.33 11.323
10.976 60.803
36.731 94.011
15.374 72.04
92.12 42.57
60.828 2.745
92.694 0.805
34.127 27.303
37.454 41.595
73.281 69.306
99.26 62.247
79.694 29.484
67.151 48.456
39.301 89.73
26.284 29.458
85.333 60.431
81.893 0.382
28.615 52.956
15.419 26.283
62.563 61.964
13.097 7.261
27.676 9.426
59.507 59.796
55.448 62.009
9.755 85.747
32.493 41.235
84.566 51.805
98.686 10.408
98.647 59.359
34.353 42.107
53.039 88.835
93.843 11.331
65.841 15.924
25.321 62.436
70.344 65.152
92.111 11.122
50.406 84.378
91.744 79.54
19.151 48.034
76.636 22.922
68.586 41.849
3.955 93.484
33.633 87.276
27.278 95.504
80.203 85.94
34.703 48.91
57.737 70.511
47.228 79.49
66.633 74.758
53.946 13.756
42.293 35.556
40.298 75.61
70.334 20.609
15.201 64.924
57.038 90.752
3.366 15.27
97.642 87.857
77.138 98.054
39.493 10.4
98.642 41.697
6.302 7.954
1.029 2.149
97.505 4.255
82.678 85.601
8.155 82.927
4.884 37.719
92.897 51.721
12.353 59.679
30.497 16.381
60.246 7.496
64.701 47.604
51.2 56.509
47.302 12.054
93.473 95.683
85.598 39.619
73.411 67.323
59.09 59.393
6.783 86.095
90.635 70.033
36.207 71.085
85.549 95.213
1.37 23.534
23.877 20.506
87.336 48.7
66.699 72.987
96.769 91.825
18.173 65.185
42.188 99.161
14.388 21.709
68.377 42.794
81.271 23.126
66.267 25.976
84.418 23.628
28.467 47.005
42.383 39.446
98.638 8.371
23.253 32.167
44.165 23.365
82.544 70.994
37.183 10.663
64.956 99.804
26.762 42.728
87.103 43.321
10.073 42.372
85.189 39.747
65.334 43.59
23.966 34.293
62.527 65.281
49.284 97.809
11.548 71.14
40.879 54.294
99.375 80.155
85.388 93.572
52.639 11.642
73.63 86.502
22.147 49.337
51.512 95.897
41.433 4.591
10.434 25.85
26.868 18.24
7.216 24.979
21.537 45.419
76.324 30.124
48.456 5.678
71.687 20.003
71.964 58.021
23.559 62.409
89.149 65.34
38.36 96.396
28.838 52.059
62.177 25.501
88.933 80.321
0.277 41.183
25.516 29.201
25.667 32.464
41.995 97.879
87.627 27.023
12.21 2.634
22.267 45.163
44.777 92.515
62.529 3.366
97.451 46.798
22.129 17.18
15.529 76.718
56.738 16.023
58.626 85.563
63.359 73.124
43.642 28.703
76.089 7.219
53.131 99.775
14.285 2.912
61.278 78.639
73.181 11.048
73.542 67.584
35.762 27.605
94.426 50.321
9.379 65.137
82.215 67.45
76.207 68.844
6.647 79.606
54.738 10.197
45.295 92.508
47.833 76.228
98.468 14.321
44.658 55.137
15.045 31.197
14.311 86.549
95.276 79.886
4.405 90.621
8.785 65.602
35.484 58.977
68.922 16.194
91.467 73.744
27.047 61.773
74.834 30.743
62.544 64.872
35.646 68.981
58.932 2.868
71.084 15.532
83.625 53.923
14.094 36.011
68.186 63.83
63.192 27.386
77.03 78.501
92.783 65.491
13.151 73.514
65.574 27.826
85.545 85.358
38.117 0.874
34.947 13.164
38.865 13.225
31.135 75.204
79.046 19.989
79.886 23.382
37.765 45.541
34.859 8.322
29.166 14.407
83.38 74.782
31.104 95.135
6.509 33.497
1.427 19.972
56.081 2.819
52.44 14.881
90.821 45.908
28.346 65.585
52.182 96.687
0.486 38.866
54.671 7.458
48.847 90.508
41.163 66.52
3.73 70.099
42.819 5.781
86.564 78.932
76.36 98.585
18.564 80.457
14.617 64.578
43.459 35.143
28.501 74.248
4.826 9.43
66.063 37.095
21.062 27.544
78.226 57.006
93.975 70.751
94.982 72.121
32.205 81.948
48.075 54.494
57.829 70.944
20.151 74.06
12.235 11.093
65.037 59.184
83.926 95.485
48.658 33.451
40.1 16.84
18.039 69.498
46.0 94.396
97.68 81.643
27.017 51.931
74.635 86.812
38.967 39.831
51.376 59.02
74.8 67.748
11.237 62.648
56.501 81.187
82.568 83.074
67.073 93.737
60.172 71.306
13.128 76.515
53.952 70.612
76.198 89.492
32.475 74.316
52.383 64.864
74.931 36.818
44.574 50.235
64.868 2.439
31.318 42.294
41.888 58.071
33.48 4.119
56.402 65.355
92.984 34.278
92.317 94.994
88.644 4.614
2.83 41.251
60.492 28.361
29.637 49.038
27.296 29.669
96.545 98.336
1.051 87.119
53.43 19.226
33.864 29.02
34.422 3.98
34.241 54.061
98.946 44.478
83.638 17.42
15.049 10.86
77.579 76.368
85.155 53.332
61.154 61.994
75.839 38.77
46.139 77.342
16.184 31.12
70.721 14.967
74.254 19.122
75.18 42.191
82.372 49.295
48.448 17.232
99.542 24.862
75.175 29.754
22.353 81.737
90.231 64.435
21.189 9.726
29.495 97.145
35.722 32.199
26.668 48.207
46.945 48.976
89.53 16.217
24.583 85.573
28.89 10.364
10.075 32.382
1.212 14.89
98.419 14.242
81.698 78.549
76.557 2.375
1.995 71.341
24.3 71.915
53.582 49.511
28.481 36.22
73.324 36.966
35.653 4.15
4.319 52.062
82.445 28.547
61.124 24.248
13.865 31.407
92.561 53.098
64.28 28.894
15.358 76.943
8.351 52.164
91.203 16.035
21.313 77.625
29.979 49.421
13.494 37.11
68.965 14.431
23.615 79.518
83.836 57.37
2.044 91.387
75.202 67.878
29.865 15.287
73.806 81.718
68.214 93.262
64.608 89.797
96.929 41.491
71.204 99.524
0.151 91.752
13.21 74.35
75.754 64.812
37.891 57.519
6.512 2.714
76.697 1.524
26.233 41.852
40.949 89.63
8.046 50.074
33.521 99.805
57.272 32.335
77.269 95.368
65.238 53.75
81.559 45.288
85.572 63.805
7.841 4.531
51.424 59.419
63.143 12.447
40.712 76.213
27.737 68.96
20.192 84.064
30.307 98.178
9.142 43.858
12.743 59.783
68.608 80.215
34.344 13.525
43.725 51.001
80.62 9.278
6.61 16.393
6.912 64.866
96.476 8.464
24.517 29.022
39.311 53.262
62.769 37.412
8.993 25.19
58.023 23.016
96.004 93.794
60.085 37.802
76.952 91.044
2.719 52.474
64.639 45.194
43.63 81.448
36.031 40.825
85.769 83.381
74.304 76.282
61.017 48.769
43.048 46.269
13.095 53.987
83.271 59.587
40.76 15.786
38.956 50.003
1.864 60.389
41.257 36.289
62.022 39.996
96.747 96.368
49.678 21.613
66.829 96.121
99.978 91.2
61.573 94.893
28.811 55.165
25.628 10.206
0.994 89.673
81.001 50.336
52.122 11.164
27.748 20.418
45.268 48.973
40.13 99.493
8.23 19.571
27.794 64.127
6.418 64.548
16.924 53.721
19.643 22.312
20.742 59.627
63.221 55.061
0.144 22.171
83.166 85.587
89.051 8.907
26.352 94.449
89.732 89.315
20.237 73.449
47.836 16.396
76.712 42.762
32.59 25.21
95.652 4.596
52.797 95.777
7.792 6.12
74.324 31.406
16.052 58.568
59.112 97.953
0.401 78.831
84.217 19.258
2.837 61.044
79.532 5.161
25.821 51.115
73.907 57.06
49.264 41.801
27.914 86.679
50.442 31.157
46.25 11.558
98.301 54.624
55.554 95.922
7.764 67.097
11.353 0.412
97.714 51.702
20.573 67.804
99.639 9.904
59.705 89.158
27.858 51.842
60.458 14.155
79.088 95.555
15.939 67.22
98.417 61.912
79.225 4.685
81.406 8.987
72.719 90.033
66.455 55.376
5.767 52.973
16.072 19.298
30.334 99.979
23.884 98.734
57.929 1.933
62.574 42.768
90.255 9.456
99.111 58.117
49.606 37.762
34.572 72.1
12.336 85.079
78.586 17.697
52.387 71.612
14.258 61.129
62.638 87.453
68.061 77.457
37.308 10.031
42.276 6.556
65.585 91.09
99.411 88.224
55.661 61.636
68.695 36.533
4.066 94.164
34.938 46.805
74.312 16.657
1.958 97.51
72.416 97.348
4.965 53.345
11.782 59.892
77.671 91.262
68.158 43.868
3.379 68.172
10.804 97.257
9.794 90.437
2.344 23.874
32.962 4.818
70.743 70.024
91.688 88.411
75.091 28.928
92.181 2.087
42.868 18.649
93.455 31.397
57.178 93.572
2.864 66.259
97.084 67.402
97.605 63.265
49.7 45.067
29.402 35.75
77.205 97.27
13.458 66.896
4.178 18.872
89.469 23.136
52.321 65.993
45.354 85.828
45.318 89.549
22.862 27.04
29.774 16.427
31.013 25.727
88.394 83.915
67.034 62.343
24.42 96.912
67.162 89.663
15.233 7.098
86.882 37.168
20.041 63.372
11.132 43.538
41.832 35.134
80.799 55.098
13.925 75.512
14.062 81.781
24.118 28.239
37.675 66.816
59.441 30.43
0.427 8.071
14.647 74.864
64.732 17.464
99.606 58.174
37.312 51.926
4.175 5.622
26.048 37.28
73.837 19.846
4.316 55.405
11.997 64.972
90.638 25.058
21.923 14.2
3.352 55.529
34.579 98.11
40.658 70.718
63.033 85.184
73.643 15.555
63.349 60.744
96.96 92.925
73.577 22.752
27.046 26.237
91.672 31.559
43.456 30.734
52.601 24.067
34.966 50.962
56.588 49.713
1.281 27.97
44.779 15.605
87.316 51.786
53.252 36.534
2.68 0.013
65.634 43.453
17.556 25.775
62.477 64.564
76.148 83.245
53.411 26.985
88.084 91.197
43.51 65.322
35.587 26.167
29.099 55.511
89.867 42.154
5.015 93.893
16.418 83.752
42.947 10.539
49.321 93.034
48.261 35.307
39.245 95.783
93.206 90.109
91.111 35.101
57.993 43.965
6.851 93.888
41.499 43.262
0.563 23.052
12.388 68.011
62.043 61.831
7.537 4.342
29.866 8.454
6.602 79.237
34.616 99.505
23.555 92.424
57.55 66.981
13.553 11.705
62.54 88.087
93.331 26.044
52.707 87.163
3.818 74.36
89.16 47.463
98.72 47.894
38.884 43.032
42.161 65.704
55.081 51.638
56.419 25.703
70.517 77.541
95.652 48.611
2.196 51.431
84.063 35.073
79.008 92.374
9.178 75.8
97.185 22.259
7.594 22.239
87.427 95.99
23.09 47.344
3.278 6.418
22.623 1.158
22.387 58.368
44.408 32.61
95.711 23.585
61.428 47.874
32.126 53.687
3.523 50.079
24.302 54.213
65.52 82.971
96.306 91.03
87.853 78.53
67.444 78.143
58.808 91.283
56.601 67.323
15.073 63.536
8.437 82.733
0.093 88.441
97.459 11.786
39.505 5.537
16.622 28.797
21.101 8.164
71.414 44.414
16.671 93.323
60.294 1.189
35.833 77.322
25.167 37.838
76.233 72.381
7.813 33.149
78.106 16.581
20.361 11.077
25.613 0.966
96.096 95.738
38.25 85.518
29.461 42.461
4.886 48.625
0.652 58.365
8.951 74.27
48.719 45.808
86.623 7.817
86.545 78.643
90.354 30.366
4.944 48.863
19.747 57.498
12.778 81.688
96.93 17.325
71.49 54.937
88.8 64.117
65.403 39.859
48.836 88.933
36.375 71.048
15.186 8.623
96.229 93.897
93.104 7.193
5.36 93.401
35.014 74.625
45.207 78.004
29.895 13.228
20.044 20.061
59.16 35.229
82.88 26.805
3.243 93.795
46.669 48.1
2.763 55.192
46.877 5.293
83.805 14.826
77.892 75.682
6.969 74.616
58.114 47.134
9.759 85.346
44.837 24.513
53.793 8.681
56.617 22.864
72.086 59.036
66.881 51.719
29.424 92.825
55.697 29.287
49.201 91.515
81.456 99.505
7.898 94.21
68.017 34.155
6.812 90.278
8.38 13.247
19.96 59.737
52.334 26.798
45.424 49.108
7.086 88.862
33.384 76.704
11.024 11.179
90.057 18.825
15.968 16.256
22.743 11.292
26.811 99.746
4.519 99.383
75.812 42.711
72.026 3.103
35.734 96.691
27.68 69.604
34.91 55.126
40.461 53.89
60.911 5.536
89.415 58.916
19.794 41.16
76.285 29.866
58.513 26.009
9.772 33.171
93.513 20.623
12.344 44.28
37.987 1.208
31.288 0.335
74.18 43.254
58.151 68.985
85.871 26.448
34.203 17.816
23.431 83.768
35.584 46.935
5.502 32.704
3.969 45.528
24.845 29.323
24.401 82.916
52.028 88.142
22.295 35.772
64.798 51.105
19.108 33.384
80.181 87.337
29.192 11.477
64.099 31.675
61.882 3.636
86.304 69.46
82.414 2.144
69.386 35.413
52.483 44.165
27.969 94.782
70.452 94.963
41.496 13.755
82.878 24.052
95.518 4.789
75.723 66.341
37.71 44.042
65.462 74.189
2.522 84.341
67.182 74.738
62.517 8.724
8.847 95.639
62.996 26.859
53.704 56.372
23.441 45.667
69.343 51.953
33.017 82.553
78.02 56.836
87.729 60.764
8.464 91.361
18.158 9.494
45.522 89.843
5.173 96.033
63.716 3.838
73.43 35.633
30.733 96.586
2.362 24.191
4.509 99.335
26.19 21.893
58.887 10.743
31.435 92.811
39.746 23.685
30.566 57.947
65.902 83.834
73.2 20.768
97.896 70.87
6.486 87.634
73.228 64.079
6.222 93.897
43.663 27.637
87.126 48.506
67.061 2.726
2.526 77.795
29.676 95.868
3.157 88.31
28.816 56.557
96.217 71.21
86.173 94.75
41.594 25.736
33.517 82.883
69.437 26.901
48.927 42.658
19.361 34.154
74.859 23.635
9.659 38.788
49.624 51.67
10.99 7.822
70.869 67.661
90.744 48.959
0.99 39.405
56.75 30.366
17.676 86.874
4.348 26.543
11.575 59.498
81.272 90.798
21.9 4.478
99.627 77.515
27.713 33.807
47.784 4.922
4.197 23.6
7.359 89.246
86.062 92.356
17.47 2.56
87.764 1.397
64.096 92.756
76.906 40.302
97.086 45.877
0.695 15.568
26.334 51.078
97.128 52.827
94.486 23.7
2.822 74.145
48.218 26.514
95.784 52.869
29.441 77.524
94.383 38.518
29.966 16.244
52.881 50.093
70.127 71.565
93.593 93.942
70.615 5.995
67.246 69.949
13.793 73.474
29.701 29.216
19.713 67.004
18.68 94.219
69.981 94.496
79.298 28.738
94.869 36.668
45.537 46.987
91.213 66.715
41.448 16.33
7.864 6.233
69.454 40.752
61.397 1.945
24.981 60.698
67.704 86.377
56.642 75.832
7.409 92.912
3.555 39.516
9.066 84.544
13.978 33.621
40.345 78.544
9.569 81.597
70.345 98.228
56.624 64.048
28.448 36.086
38.8 94.399
70.403 92.714
67.026 11.301
77.427 99.224
36.364 83.933
56.416 30.174
74.183 14.464
87.277 17.939
99.851 46.193
49.02 74.695
52.92 6.621
70.121 54.153
33.506 86.348
70.01 22.821
0.478 74.769
47.709 90.592
75.677 92.292
2.692 66.712
33.354 55.349
47.906 9.484
86.807 39.932
86.77 50.572
54.593 64.384
20.491 60.398
13.07 33.815
82.689 86.282
32.119 10.084
92.298 28.467
9.61 57.176
24.317 81.945
78.848 92.395
21.266 97.282
76.268 91.958
57.488 59.002
19.717 15.118
95.764 19.37
45.418 40.074
95.153 48.69
0.758 61.641
83.238 0.634
44.707 65.895
43.849 8.667
86.947 2.801
61.984 41.714
77.222 20.967
78.743 92.264
70.452 53.384
61.071 11.12
78.722 48.471
59.426 64.177
61.658 5.801
9.991 33.676
72.696 80.741
31.552 52.082
83.086 25.339
31.088 18.349
46.843 73.628
99.762 7.4
82.47 77.111
51.676 0.038
36.688 27.95
2.677 9.593
89.013 16.719
0.979 74.842
93.756 98.45
5.453 28.477
65.506 53.647
29.769 33.756
77.895 60.878
76.905 78.609
78.435 72.168
43.539 12.791
77.595 94.402
64.122 33.932
77.091 90.968
34.903 83.423
39.315 41.351
72.586 18.966
58.555 12.774
30.615 6.627
76.67 65.135
26.352 81.315
0.173 89.55
63.499 72.239
85.273 50.909
95.042 73.705
91.583 74.356
88.642 67.095
2.976 60.194
2.571 35.113
53.943 26.65
65.825 42.725
9.048 2.634
90.194 16.019
98.778 52.443
30.239 32.102
59.216 78.225
14.267 16.351
85.196 29.486
92.312 94.685
12.262 8.178
31.895 98.96
51.641 39.863
54.373 12.025
43.767 47.288
58.288 92.588
34.086 7.422
53.534 61.881
14.426 22.33
99.541 94.759
31.866 96.595
80.733 53.449
99.15 93.999
79.567 67.859
66.737 50.647
1.156 49.241
47.629 82.7
23.182 55.6
3.513 85.766
31.696 90.026
22.578 36.256
92.665 12.149
50.109 71.313
26.239 73.194
90.239 37.739
2.697 38.731
91.76 96.157
87.125 90.678
63.546 18.626
97.488 83.297
22.653 19.831
0.304 94.994
86.714 17.655
25.216 18.586
65.459 27.045
56.614 54.527
28.978 94.748
81.952 63.318
28.263 80.459
61.629 56.19
55.197 57.167
9.546 97.781
83.748 77.894
10.198 96.541
4.239 20.598
49.881 53.222
20.508 52.019
91.54 11.856
71.605 66.35
61.7 90.848
87.208 45.451
65.428 23.124
88.835 43.867
92.814 94.652
21.106 82.976
86.981 51.336
69.819 36.183
70.806 58.238
42.903 28.266
31.924 45.779
97.107 2.647
46.8 61.423
31.362 19.272
75.896 43.412
90.24 14.11
20.658 9.144
28.993 89.426
47.613 94.472
36.773 97.999
56.677 15.21
66.624 40.201
34.069 29.658
41.453 26.265
78.418 1.75
89.92 50.419
94.954 91.623
37.854 4.215
41.484 1.813
7.235 90.335
33.347 67.927
2.479 88.667
21.735 47.725
80.751 32.006
81.223 59.993
65.902 7.703
59.354 64.693
52.221 54.769
45.393 8.777
96.776 47.562
16.717 8.847
17.87 39.027
66.407 13.981
90.172 53.833
29.251 56.081
3.359 89.537
19.911 81.47
7.444 47.376
68.199 5.665
18.635 34.205
79.156 35.523
91.653 7.209
31.938 88.286
30.618 49.486
89.577 33.142
14.747 22.748
79.93 81.309
90.528 23.0
14.088 92.723
78.71 21.116
70.205 47.851
92.294 52.261
80.5 94.489
82.867 4.603
80.157 89.63
72.56 53.823
21.917 39.897
3.635 46.01
49.5 98.976
43.776 33.709
78.88 16.878
9.31 44.901
14.943 52.065
72.606 89.135
64.135 18.324
26.176 15.923
87.818 61.968
63.212 81.951
39.705 44.869
94.985 36.016
45.672 4.324
48.96 60.839
83.425 53.974
1.772 46.405
93.82 15.251
6.843 98.427
19.854 96.13
91.144 82.004
0.622 42.955
69.347 97.509
50.377 47.28
5.607 6.305
51.342 77.743
59.797 52.286
20.337 60.983
77.014 4.516
67.085 68.218
74.567 46.974
2.551 99.118
71.146 64.849
36.009 78.597
72.252 76.431
46.482 18.023
40.611 98.19
29.113 44.869
69.504 10.532
19.239 26.066
91.789 7.345
1.416 92.952
83.278 44.542
9.433 40.289
2.744 77.664
32.395 40.706
80.26 47.954
68.442 62.925
32.189 2.911
9.066 50.803
7.417 56.764
83.306 83.09
72.501 74.538
91.67 84.384
0.35 26.05
10.982 12.192
15.113 69.473
66.857 84.829
73.083 2.099
89.538 35.881
72.635 97.238
99.806 27.584
50.866 27.985
79.967 59.21
67.544 38.457
23.03 98.736
99.284 70.669
38.022 91.16
27.966 79.928
76.784 33.044
8.798 45.589
88.189 32.205
15.783 66.971
47.209 60.358
56.141 81.623
46.892 50.302
97.389 62.044
10.701 3.952
36.406 6.058
55.559 55.296
9.255 62.268
43.442 76.462
67.615 14.057
86.578 78.972
43.451 70.752
63.66 12.721
72.413 22.778
1.833 14.708
77.379 36.483
92.327 37.338
58.558 18.952
91.387 48.035
97.711 90.907
85.707 16.356
79.089 43.918
41.331 3.235
18.648 78.612
47.229 63.184
79.547 30.259
83.092 59.54
39.74 64.878
24.366 20.391
44.764 76.615
97.972 63.798
12.616 66.695
50.861 52.693
97.692 72.506
1.728 55.297
56.762 1.402
25.128 13.743
73.417 23.935
69.498 74.627
33.657 90.668
28.766 71.381
82.005 40.363
58.447 64.784
34.127 33.147
21.436 45.066
97.05 75.92
15.051 2.729
21.691 25.001
60.863 64.07
44.121 21.841
0.563 95.099
40.209 28.187
74.277 40.864
90.071 73.589
92.244 52.736
47.574 5.033
31.975 89.97
58.719 12.264
42.104 83.05
71.937 53.795
69.0 92.957
31.181 55.733
63.63 57.408
81.668 35.4
58.864 0.833
55.463 4.327
29.126 40.716
67.804 84.378
12.319 37.876
64.205 47.195
40.775 22.127
38.731 2.296
7.66 0.55
78.51 28.288
76.433 82.849
56.567 45.4
45.593 70.437
93.957 89.043
6.703 75.237
94.964 28.781
40.275 4.538
32.77 86.555
93.402 21.384
51.029 47.628
0.152 44.813
46.733 34.505
88.215 46.169
59.515 68.551
68.04 50.385
4.955 67.19
42.464 9.124
46.478 84.332
39.645 40.914
15.575 43.253
14.358 98.481
61.354 82.363
67.036 66.124
31.462 72.47
99.863 59.491
83.259 30.258
71.463 30.555
27.413 49.659
12.587 15.778
60.011 69.258
12.965 74.758
86.218 17.59
39.757 13.456
10.935 17.232
92.441 83.998
53.718 69.057
49.314 65.748
2.81 83.213
89.925 82.895
46.411 78.223
3.996 48.755
79.841 10.002
64.061 12.838
4.968 4.839
25.116 79.039
11.245 40.465
50.06 17.736
45.65 30.581
1.521 91.591
59.489 56.026
36.56 33.408
12.975 67.396
85.122 89.454
59.153 7.106
95.688 68.086
84.876 79.671
14.117 11.243
45.584 42.685
57.17 43.881
91.944 31.372
90.906 49.569
92.538 31.973
16.599 9.97
91.432 75.716
58.717 53.453
39.226 29.05
63.168 37.584
11.48 70.095
4.468 31.456
55.122 28.607
25.906 32.48
18.512 45.457
85.988 60.75
3.875 71.348
56.137 33.866
84.467 75.974
61.787 39.835
35.737 83.285
57.505 25.667
74.626 21.564
64.378 60.739
59.422 98.314
38.58 5.157
48.362 18.504
86.575 78.935
43.24 62.142
20.762 60.342
53.047 35.812
52.51 9.029
60.97 65.824
31.371 97.263
78.539 62.466
1.214 54.203
64.555 70.378
40.44 33.015
31.283 80.756
93.463 69.694
42.089 43.672
80.368 12.676
83.432 14.735
78.48 56.381
37.1 18.605
6.894 87.203
67.773 71.822
81.694 92.001
92.572 78.452
38.392 30.192
67.882 43.227
60.092 40.099
73.374 31.606
50.614 95.609
74.126 55.963
3.39 90.779
46.1 26.937
82.207 51.973
50.015 9.842
70.809 45.318
65.592 4.046
25.196 93.045
44.746 77.53
11.702 89.892
95.572 18.732
0.955 47.386
53.912 47.578
41.597 45.24
80.214 7.788
16.52 95.282
48.655 6.589
54.443 64.202
92.703 30.196
77.844 87.452
63.481 92.0
22.69 95.238
42.565 93.7
71.14 44.009
48.802 5.927
66.312 60.519
26.821 17.869
55.521 69.324
3.629 43.296
13.458 30.287
81.778 65.776
39.389 81.536
20.257 32.038
60.89 83.898
59.763 81.621
33.348 78.831
96.44 71.756
56.847 91.485
13.547 29.732
22.087 52.962
52.874 21.905
72.465 21.63
55.205 95.374
51.177 48.621
17.732 41.981
1.428 61.554
24.835 81.34
69.904 1.375
9.838 75.694
25.796 14.788
47.091 44.402
19.271 11.471
83.537 35.55
93.213 49.809
10.395 73.415
3.827 63.278
12.473 82.027
72.558 38.374
22.86 16.663
20.89 2.065
52.981 83.847
64.858 6.474
39.309 18.984
9.475 20.18
16.811 61.091
13.978 45.594
64.92 65.945
42.231 55.688
67.808 35.061
15.512 82.401
18.403 54.414
70.733 59.054
81.967 53.261
15.456 12.252
48.645 73.457
16.941 67.315
25.325 69.289
85.009 25.978
8.38 24.075
46.119 16.992
21.941 43.9
68.478 67.776
42.237 17.091
37.016 53.471
84.105 81.45
89.005 41.892
50.282 17.289
88.794 41.809
94.686 71.812
0.093 39.984
20.079 53.655
37.552 42.201
45.212 20.889
48.228 48.667
80.881 45.401
67.371 14.316
78.178 52.756
12.931 37.166
37.247 63.368
51.459 69.25
38.823 1.268
62.846 74.962
22.04 19.858
84.157 71.159
26.494 34.281
84.953 18.924
45.516 18.788
52.487 86.754
41.052 79.566
20.743 86.016
71.8 35.801
51.777 96.807
39.709 65.244
14.611 53.308
44.838 70.912
82.74 53.789
87.034 15.083
37.149 89.145
38.268 11.449
76.202 10.028
48.7 95.01
94.575 24.492
66.261 38.33
50.334 81.709
83.134 64.671
59.977 36.215
2.305 79.347
51.347 94.146
22.308 47.509
70.372 58.848
55.003 36.856
56.526 87.518
18.335 88.34
22.093 91.307
47.271 17.455
63.591 55.234
4.07 87.837
56.695 64.609
54.345 43.757
27.063 55.629
61.578 32.658
64.277 32.269
23.174 34.498
5.861 21.171
4.042 8.41
65.801 0.303
99.427 88.853
33.375 41.008
9.146 69.84
22.036 4.02
67.795 26.6
81.162 90.816
78.839 85.125
91.128 91.875
22.481 34.349
98.517 78.422
71.74 34.983
65.074 53.1
57.938 61.913
84.455 27.381
27.994 31.013
38.139 51.156
52.451 25.413
43.586 59.051
53.133 32.58
69.771 33.383
56.255 35.761
11.268 12.292
28.869 40.033
20.949 91.749
11.869 53.629
97.104 67.375
84.538 91.628
85.237 8.59
50.441 16.735
26.335 69.756
6.793 24.027
58.732 10.345
9.06 41.663
38.099 23.82
10.669 11.741
80.084 14.332
30.232 17.538
28.36 36.815
78.383 43.498
7.471 94.587
14.698 35.379
34.378 23.069
76.64 97.567
43.954 56.067
78.455 15.389
55.064 65.508
7.909 46.882
90.225 35.494
57.586 66.847
10.865 32.337
77.459 79.963
51.71 48.302
17.37 24.624
37.09 26.061
23.536 33.643
80.476 85.483
85.187 25.698
65.672 58.921
63.265 6.322
36.817 54.521
44.137 4.845
28.22 3.274
53.961 90.981
1.706 79.077
57.367 27.564
79.736 19.857
94.615 57.004
49.823 18.963
93.701 23.506
91.274 26.252
40.501 33.901
16.699 83.897
30.955 21.58
3.039 50.972
43.628 52.214
24.822 72.876
12.569 64.95
67.977 79.618
14.575 43.018
28.427 44.503
62.335 19.759
96.454 38.055
92.155 56.75
88.175 66.279
86.951 50.08
39.965 62.27
79.326 31.642
51.089 37.269
78.7 71.458
40.4 88.315
72.913 8.271
80.52 95.014
53.66 41.578
43.295 52.487
58.784 47.043
24.779 95.821
47.497 49.192
6.917 68.796
34.5 72.24
55.067 2.827
63.518 24.674
1.313 64.376
19.369 25.254
91.297 15.878
84.319 89.915
41.633 72.175
83.295 80.898
45.417 97.085
29.114 26.349
0.401 13.248
20.672 34.234
84.829 50.091
7.074 38.1
79.025 71.907
25.916 40.818
14.739 71.521
75.315 16.545
67.049 18.852
16.749 59.741
65.011 26.212
36.827 68.649
10.306 19.907
32.546 7.59
18.379 48.32
84.837 78.861
21.68 46.146
92.25 99.51
75.663 57.383
3.001 79.279
42.732 85.329
57.774 45.806
1.256 99.865
77.402 67.397
22.527 49.043
96.644 97.279
5.597 40.46
91.151 14.393
59.874 58.744
35.107 71.788
94.701 9.651
31.802 45.109
9.019 13.674
91.356 82.633
8.094 67.077
15.669 40.077
85.553 21.43
15.414 64.858
41.587 37.8
56.508 58.888
50.337 49.373
45.361 88.422
55.051 86.177
45.991 35.967
30.092 75.41
54.467 23.292
14.774 36.434
51.908 12.492
89.696 64.346
70.166 97.459
78.455 70.674
48.07 84.854
96.652 71.705
6.401 47.067
80.931 79.123
54.915 58.794
47.308 84.732
54.639 77.645
1.956 0.261
4.773 69.654
75.022 69.938
26.47 54.056
13.246 70.464
79.537 88.565
3.33 43.954
3.004 97.197
78.211 78.453
66.543 39.926
75.499 77.957
86.794 39.538
56.186 61.431
49.75 75.299
63.311 35.309
26.203 78.828
54.244 83.375
3.037 93.103
65.45 21.564
94.289 24.757
36.863 36.252
45.436 61.314
76.358 18.874
38.586 2.6
75.003 83.014
83.996 78.423
48.214 52.987
56.245 5.043
97.783 54.455
35.366 10.819
48.196 60.276
95.404 18.387
34.082 50.492
19.356 90.848
46.179 67.386
42.651 74.746
58.55 38.344
44.151 62.654
31.326 41.794
72.174 22.901
52.17 81.765
19.498 33.522
21.468 51.215
82.046 76.888
71.656 57.859
56.865 70.299
35.366 75.03
81.631 89.142
88.619 69.099
3.424 70.974
24.225 89.577
54.286 43.613
44.875 52.914
45.89 99.753
39.118 23.995
32.06 72.075
94.379 65.568
73.682 36.602
22.517 8.086
49.591 87.445
93.733 72.308
72.631 84.871
63.156 2.076
56.321 80.499
87.016 76.586
83.899 97.673
99.533 60.153
27.981 51.487
4.061 69.061
21.296 66.453
82.916 29.499
90.649 6.678
14.036 30.152
3.182 18.595
20.388 59.188
45.458 40.526
79.425 84.093
98.495 2.158
19.062 96.081
75.609 35.53
38.446 77.617
67.084 42.715
16.181 28.558
13.61 93.806
38.672 70.173
76.546 56.628
58.878 88.358
17.577 94.219
41.115 15.567
36.613 76.227
72.918 90.618
3.952 22.401
71.147 37.464
38.362 76.797
30.2 48.969
78.15 74.586
74.143 77.144
85.63 27.821
42.09 21.508
11.468 67.027
10.157 26.761
69.143 18.661
60.933 13.592
0.755 66.82
16.197 28.797
18.506 34.291
69.553 4.587
48.871 20.346
53.571 95.194
67.662 5.864
65.483 58.827
36.671 29.903
25.565 86.609
58.398 70.867
98.467 5.994
5.256 38.05
55.085 60.502
85.024 35.621
8.608 10.955
91.485 65.798
28.539 14.372
35.01 10.24
21.638 90.797
99.216 80.803
0.375 71.704
52.094 62.107
4.036 34.021
28.062 38.186
47.663 77.288
17.291 57.277
3.709 46.173
25.683 59.866
5.32 66.431
11.358 50.772
33.379 7.319
53.684 23.836
96.781 29.485
90.172 24.052
12.185 59.612
96.973 74.502
67.809 64.536
78.724 50.155
54.881 66.173
6.179 75.837
78.061 60.343
92.16 79.27
5.389 51.138
12.22 67.963
17.154 93.438
25.739 53.942
95.15 64.616
39.082 54.681
20.25 14.514
58.185 63.768
34.224 41.716
28.772 16.101
80.473 25.659
31.071 84.267
56.394 85.707
64.104 73.614
72.964 8.864
63.609 52.845
54.378 42.456
81.732 63.938
51.737 50.212
4.453 11.314
55.441 2.434
69.655 82.076
7.934 93.989
85.744 73.093
28.802 70.165
66.965 55.833
98.6 27.206
56.325 32.934
87.986 77.375
88.099 16.157
94.666 47.168
60.126 62.243
93.66 64.652
56.443 13.659
83.247 22.056
81.127 28.58
42.413 91.539
10.161 71.957
32.136 93.497
49.82 58.401
90.787 74.075
24.623 13.965
85.779 84.77
68.443 32.581
5.964 19.717
37.072 33.625
70.203 7.185
74.571 98.908
85.11 31.24
37.913 59.369
5.429 61.028
71.029 9.121
36.6 41.592
6.53 71.942
43.982 75.899
2.579 47.549
39.823 83.286
78.746 57.854
85.083 38.756
28.937 25.542
62.83 31.534
18.056 85.269
53.932 75.606
15.857 93.992
45.923 23.003
80.441 71.921
94.128 65.43
35.454 65.654
62.866 78.781
2.771 80.097
21.681 88.638
65.046 64.462
41.253 19.34
65.188 99.813
42.922 11.437
9.843 20.772
2.186 53.867
91.397 11.763
12.665 46.093
59.291 5.449
37.733 77.155
35.338 42.972
78.815 9.143
99.401 90.757
63.268 36.688
0.019 31.905
75.371 74.537
97.171 52.836
22.971 5.615
32.439 32.919
45.652 65.381
8.778 35.642
51.712 46.319
30.57 54.355
19.678 50.561
87.266 62.118
68.915 14.44
67.256 18.385
14.585 63.588
94.69 38.74
74.014 99.724
88.798 94.21
24.979 26.796
67.704 82.948
9.125 19.523
84.762 44.619
22.673 49.317
30.264 13.399
32.482 12.516
21.801 33.699
76.067 76.758
76.598 80.142
6.019 26.159
22.304 54.734
67.796 61.729
29.607 87.053
87.231 96.978
81.363 79.722
67.218 21.453
74.387 52.868
10.402 51.394
84.919 40.533
55.074 99.868
88.236 12.958
35.128 64.712
4.966 50.816
93.127 16.41
57.722 0.052
40.839 58.234
86.005 47.399
29.529 87.574
56.57 12.703
8.735 9.246
39.29 62.321
69.348 2.056
53.703 7.136
5.833 73.704
95.887 33.039
29.366 60.521
15.897 12.273
56.127 27.265
36.996 69.37
67.382 25.327
88.37 2.468
16.912 72.504
60.072 26.373
71.04 16.28
74.57 62.307
80.574 24.983
77.159 1.63
26.126 86.615
84.344 97.068
63.729 22.382
5.869 81.366
48.248 35.695
24.259 30.958
54.374 63.753
76.315 33.19
3.791 31.41
72.269 83.076
41.078 1.687
58.721 53.914
33.617 26.484
12.11 79.133
57.628 89.191
33.238 6.185
97.939 80.679
68.093 10.172
80.275 1.694
23.511 87.76
97.203 92.133
87.745 95.99
91.631 68.239
41.038 63.132
76.603 50.669
7.531 71.116
10.195 98.276
25.647 17.994
40.837 58.061
79.388 93.342
85.609 46.658
40.201 0.169
22.333 25.776
20.817 95.938
37.581 75.223
53.584 34.235
20.126 83.718
90.562 8.104
99.302 28.73
73.82 7.899
78.332 95.609
10.976 49.437
44.476 82.579
70.655 41.191
23.171 47.989
91.913 50.066
67.411 0.521
20.494 0.227
37.424 59.027
63.962 22.543
73.1 52.588
63.173 0.569
5.393 38.068
78.686 19.873
55.911 67.856
94.224 53.736
57.89 49.537
25.036 37.308
39.216 23.589
20.457 45.78
73.745 38.222
5.135 46.321
87.567 40.35
24.038 35.942
75.443 52.977
57.804 40.939
41.299 70.185
34.042 52.153
78.968 95.064
62.618 74.009
84.752 91.3
90.075 38.262
62.877 1.93
42.465 90.912
26.0 72.212
3.223 42.854
7.927 46.074
93.6 82.102
14.499 62.026
47.439 41.43
18.834 66.936
57.553 53.228
87.812 96.037
87.771 40.827
68.765 82.914
45.251 27.161
4.067 50.677
53.051 37.949
67.516 2.688
32.041 65.354
78.227 34.354
0.865 18.285
39.538 60.036
91.885 27.625
74.508 6.075
43.253 7.492
75.023 97.603
74.063 10.025
45.411 60.599
10.271 94.505
17.426 91.166
55.04 25.77
95.752 8.334
40.917 7.484
1.648 20.567
45.837 66.183
4.051 30.128
64.077 28.092
75.151 34.862
89.421 44.921
53.66 8.005
86.755 36.325
29.284 58.649
33.11 65.511
33.634 28.312
3.021 99.834
85.166 46.056
86.378 86.915
34.458 44.099
84.245 10.41
36.873 90.058
73.011 67.383
37.863 5.996
63.817 37.323
53.028 80.851
99.188 86.048
6.322 69.712
19.895 44.888
98.049 29.108
14.836 50.376
7.406 25.832
20.028 56.065
16.231 99.853
42.367 24.9
89.064 33.243
61.177 96.73
4.951 28.11
11.491 80.943
81.261 75.048
49.063 33.112
4.346 37.204
93.551 97.767
33.91 27.89
52.912 66.348
87.021 39.088
96.068 49.141
84.56 79.144
1.588 0.528
22.645 0.137
66.597 13.141
62.594 43.878
4.182 52.575
72.08 35.229
42.274 61.476
29.49 73.692
12.864 3.544
11.247 65.242
23.081 94.79
34.226 72.135
77.787 80.007
41.416 95.285
85.96 88.504
42.353 91.999
88.897 10.391
41.95 23.096
67.535 12.55
85.496 75.009
0.481 84.007
42.601 87.582
1.854 9.274
44.459 92.876
46.999 62.517
21.714 84.587
40.18 15.225
20.651 46.638
22.633 2.96
18.541 58.697
86.391 15.35
89.716 93.564
88.501 95.775
23.285 38.09
21.972 47.82
71.576 23.781
7.134 29.929
52.622 67.55
53.941 98.004
77.004 34.209
15.583 1.933
1.765 19.612
23.725 84.967
69.873 28.014
69.479 83.465
52.696 61.419
52.774 14.179
0.909 1.297
70.332 58.795
75.408 57.657
41.225 64.927
1.548 62.134
38.082 32.16
35.545 36.583
78.693 82.068
91.818 75.324
72.758 58.973
84.535 16.255
43.508 81.125
99.279 15.094
31.819 86.194
19.717 73.788
78.147 1.375
99.588 53.722
67.146 48.367
61.739 72.391
17.076 34.9
62.708 31.28
11.458 35.552
81.634 42.801
41.846 14.176
89.261 13.859
55.373 92.661
50.748 39.702
65.897 13.62
64.706 72.669
62.08 17.173
45.291 34.477
93.327 22.913
31.473 47.487
10.009 71.494
67.193 69.914
36.288 23.807
21.211 31.07
4.053 59.884
10.361 72.171
25.019 14.51
23.204 69.945
77.846 79.07
42.799 18.089
90.337 44.488
65.488 47.41
70.942 26.734
34.007 41.304
31.798 81.413
90.327 85.265
4.036 43.611
36.068 23.053
44.343 43.441
56.037 51.038
78.162 47.703
67.414 62.969
7.237 74.927
2.239 46.526
99.549 52.382
37.564 23.133
69.146 17.639
36.194 53.749
33.151 3.911
60.232 16.658
85.007 82.091
97.254 82.355
10.782 25.465
69.918 94.201
79.175 66.555
6.809 9.72
41.519 5.359
60.318 93.555
67.74 47.713
50.117 31.178
57.963 28.101
44.147 92.67
30.094 53.179
55.187 79.9
10.238 12.743
77.099 97.012
34.761 59.59
41.983 13.986
86.341 34.337
39.936 66.43
26.336 49.761
81.27 16.772
46.649 9.883
98.363 93.596
7.624 51.348
70.356 52.388
6.354 0.374
63.392 61.693
99.24 33.386
89.125 51.741
63.377 34.944
29.268 23.865
51.346 5.778
54.769 57.119
64.725 0.019
12.009 43.247
60.083 20.085
90.498 70.537
7.321 76.043
45.946 8.018
95.377 33.83
41.334 69.137
47.026 73.418
83.329 38.461
71.81 80.508
18.38 29.092
15.72 30.117
1.051 87.1
79.424 94.998
35.027 94.947
97.301 67.659
43.683 90.276
53.095 7.195
83.901 27.287
83.298 38.224
83.867 63.671
96.253 78.344
85.59 23.666
56.107 44.338
39.489 4.626
25.868 73.78
93.276 91.81
91.564 48.301
86.903 79.735
32.253 13.939
12.46 50.812
95.858 38.094
22.475 49.094
46.442 38.455
18.935 17.674
76.866 13.326
23.07 98.149
66.274 0.974
75.608 26.438
10.157 86.098
57.577 75.648
44.755 17.39
14.597 90.777
33.26 36.468
12.158 83.865
99.662 37.068
43.45 91.908
56.803 23.175
85.431 46.554
78.197 48.603
30.801 48.468
30.165 40.64
86.968 19.16
71.308 37.146
81.339 7.146
6.309 75.358
32.248 16.952
37.223 11.192
58.053 97.965
55.792 12.55
88.232 28.329
43.869 33.287
61.322 60.208
80.737 46.596
46.505 49.335
34.112 61.873
40.681 63.617
14.563 54.282
96.211 57.644
75.272 58.292
31.277 88.616
44.602 23.25
44.095 41.241
85.875 76.681
29.548 43.575
70.595 32.447
19.043 91.118
53.615 69.572
34.901 81.212
16.528 82.009
12.71 20.328
48.236 77.404
32.169 87.625
43.123 38.154
28.627 44.71
24.828 36.708
27.94 76.999
70.356 55.265
84.351 79.937
47.541 11.598
22.679 71.801
87.814 29.962
96.52 17.009
40.045 23.594
27.861 19.88
15.294 89.716
62.73 8.553
87.848 65.396
33.23 60.179
11.414 29.217
89.473 3.55
71.892 4.279
53.783 54.272
35.339 42.518
11.185 52.0
24.952 1.529
38.518 52.43
50.797 54.448
44.617 0.47
43.785 66.571
79.578 59.69
19.79 79.847
77.568 18.946
66.06 82.893
61.757 8.163
32.299 16.432
91.783 23.071
66.974 8.409
33.4 19.647
63.104 84.394
8.795 72.68
79.001 12.096
60.352 36.606
5.401 53.242
22.56 60.463
72.86 28.719
97.342 53.863
53.374 68.793
40.507 61.688
30.636 73.024
92.199 93.802
72.155 84.406
58.432 33.822
94.444 66.772
51.305 55.496
31.885 59.049
48.65 39.185
6.189 94.559
43.229 20.548
6.483 94.667
68.764 13.331
38.585 15.118
22.007 22.408
10.25 82.269
41.574 16.281
99.832 34.59
80.8 19.899
57.133 70.711
81.05 48.392
75.487 41.575
68.041 84.232
56.736 7.844
36.199 89.714
8.506 39.745
16.347 19.335
71.362 67.247
3.388 86.306
51.145 64.347
72.529 20.082
57.762 59.289
91.526 49.473
55.666 47.928
4.727 18.791
38.099 56.658
97.907 68.037
26.672 97.237
99.052 15.345
72.448 21.195
58.171 3.114
65.233 8.623
53.647 70.794
34.773 19.986
5.875 7.986
63.785 83.88
80.643 60.014
6.915 45.072
95.801 13.69
30.881 63.0
47.197 82.119
0.828 3.084
87.814 5.301
94.823 27.919
22.799 51.419
68.921 18.643
1.337 69.509
65.532 7.333
69.787 11.473
34.104 40.436
66.634 49.134
62.117 58.418
78.256 52.786
63.39 49.628
96.124 16.151
16.45 73.495
2.77 56.981
68.1 36.994
97.909 29.661
78.332 39.261
99.258 85.576
52.926 68.172
71.8 57.293
60.458 50.933
8.839 40.111
7.715 95.255
15.975 67.866
41.18 81.932
74.145 98.3
62.084 29.649
12.721 91.717
10.967 84.792
7.185 79.989
70.286 73.554
12.923 68.684
74.976 31.559
81.467 71.257
20.187 24.561
69.384 77.338
31.91 54.551
52.962 8.55
51.768 71.083
49.759 36.18
65.969 99.635
9.585 73.828
8.444 46.953
20.578 81.477
69.283 8.804
82.844 31.356
92.631 21.571
68.844 6.042
65.138 93.838
26.963 6.773
25.421 35.928
32.654 54.16
22.707 85.609
95.893 91.255
34.106 77.383
73.487 0.422
3.27 94.601
65.699 20.437
74.943 81.189
97.491 62.45
17.039 22.828
73.43 68.703
40.069 6.947
7.68 83.789
38.953 38.963
48.424 5.741
7.924 43.863
59.787 94.342
76.789 93.193
55.387 78.3
41.961 57.324
92.669 32.507
23.97 6.281
45.789 43.163
27.184 43.99
61.926 2.675
75.441 14.014
1.434 74.183
13.085 15.245
7.1 51.047
70.971 43.177
54.6 46.823
8.793 21.19
40.459 25.977
87.337 96.569
89.457 3.258
32.477 9.579
3.687 60.871
25.998 78.578
9.963 28.241
37.422 60.64
87.731 25.987
83.282 11.69
3.228 63.846
19.163 54.422
84.798 75.401
72.946 14.034
34.029 7.229
25.972 78.112
71.709 90.481
