10000 3
2500.000 2500.000
3358.286 2395.442
3427.451 2250.878
3570.406 2604.609
3685.940 2263.070
3680.309 2639.059
3520.233 2555.235
3503.432 2244.463
3479.187 2414.264
3580.550 2566.976
3645.616 2655.322
3514.671 2605.340
3634.997 2417.195
3598.894 2482.201
3375.083 2604.172
3335.509 2613.630
3289.303 2478.681
3400.612 2217.467
3337.550 2486.362
3333.582 2303.983
3510.764 2514.367
3695.159 2293.243
3379.231 2276.724
3458.312 2323.008
3416.939 2328.407
3679.599 2323.950
3670.516 2288.152
3508.774 2336.548
3330.695 2436.473
3690.693 2242.321
3609.891 2386.408
3301.836 2410.156
3300.497 2283.160
3609.891 2346.307
3349.361 2658.106
3559.588 2603.582
3529.902 2461.751
3424.621 2478.456
3428.281 2482.257
3324.285 2315.164
3681.969 2322.696
3324.765 2486.374
3574.772 2606.776
3327.895 2467.575
3584.480 2630.079
3512.002 2648.491
3509.383 2469.234
3639.018 2524.555
3502.390 2237.769
3598.026 2501.586
3608.376 2506.353
3414.112 2353.059
3352.781 2305.399
3678.021 2625.506
3388.614 2546.094
3725.003 2255.201
3315.209 2493.916
3497.701 2601.453
3638.529 2233.776
3305.135 2531.725
3629.513 2535.322
3680.476 2279.494
3634.108 2485.307
3313.349 2661.009
3499.184 2301.492
3657.839 2274.855
3420.813 2416.456
3460.186 2476.194
3350.055 2308.285
3703.413 2381.866
3330.699 2261.834
3375.005 2268.044
3587.803 2263.672
3304.961 2252.093
3350.064 2344.354
3597.570 2476.658
3653.690 2624.510
3512.331 2439.828
3558.561 2513.203
3331.642 2398.994
3623.537 2362.170
3287.841 2398.700
3609.454 2463.867
3659.458 2365.131
3431.052 2545.708
3573.209 2335.739
3406.357 2641.536
3607.521 2623.638
3411.327 2268.310
3573.339 2215.342
3286.930 2308.390
3589.170 2316.319
3472.272 2635.472
3278.339 2399.782
3377.858 2499.762
3500.810 2490.229
3604.796 2238.222
3661.128 2342.224
3675.829 2481.391
3446.254 2532.044
3405.269 2559.414
3607.548 2452.994
3649.557 2420.405
3289.382 2567.666
3638.013 2429.016
3592.296 2532.303
3472.012 2404.331
3576.985 2642.811
3667.350 2580.340
3402.531 2232.664
3407.015 2455.792
3343.028 2208.932
3324.264 2539.058
3607.168 2349.610
3515.658 2648.320
3461.628 2578.860
3497.295 2225.431
3581.845 2240.496
3388.285 2558.457
3591.364 2643.205
3673.996 2590.139
3613.141 2384.787
3625.570 2519.011
3605.177 2325.690
3276.884 2354.866
3323.732 2369.802
3615.852 2504.329
3575.222 2424.414
3722.531 2310.840
3607.858 2446.017
3385.584 2232.925
3557.137 2229.220
3718.461 2296.982
3568.250 2525.086
3379.456 2256.967
3367.694 2282.986
3329.429 2300.202
3585.294 2433.538
3277.615 2580.051
3271.287 2355.975
3533.660 2380.865
3631.435 2238.959
3680.173 2226.433
3508.224 2471.560
3636.197 2223.189
3394.728 2339.744
3672.989 2405.254
3711.637 2609.288
3699.944 2351.378
3352.876 2296.917
3608.227 2543.446
3685.741 2226.890
3483.411 2295.326
3658.476 2402.664
3671.030 2427.928
3692.494 2533.007
3371.429 2404.245
3364.580 2284.602
3657.640 2286.349
3703.076 2538.431
3289.806 2432.535
3408.835 2338.810
3509.188 2481.047
3462.355 2222.740
3473.162 2278.122
3631.406 2496.704
3417.036 2652.851
3390.608 2597.287
3687.762 2464.189
3651.593 2336.705
3690.381 2342.656
3284.377 2325.238
3470.887 2360.985
3344.840 2594.904
3684.332 2382.703
3507.513 2540.898
3306.706 2329.731
3682.425 2257.249
3475.240 2307.278
3404.818 2351.474
3678.401 2224.470
3646.833 2503.562
3580.453 2591.913
3508.364 2358.517
3680.175 2512.324
3553.536 2649.257
3721.289 2646.670
3707.949 2638.171
3426.496 2560.494
3458.358 2527.588
3663.963 2367.223
3686.134 2234.297
3464.538 2620.929
3496.451 2400.759
3270.810 2619.209
3546.079 2262.370
3646.475 2644.655
3327.506 2635.676
3341.310 2389.645
3330.019 2358.278
3339.269 2277.170
3697.963 2251.746
3273.583 2541.306
3518.045 2280.329
3564.343 2597.724
3461.847 2549.491
3655.915 2307.690
3687.901 2606.377
3555.790 2231.016
3461.679 2411.122
3360.046 2650.334
3377.678 2249.877
3637.924 2562.277
3488.136 2563.201
3442.120 2496.292
3426.361 2655.687
3631.956 2509.158
3633.382 2538.970
3588.504 2339.650
3501.527 2564.267
3575.948 2287.151
3457.350 2461.915
3296.064 2594.238
3620.930 2221.770
3557.484 2423.862
3514.719 2615.264
3477.513 2514.874
3495.803 2307.630
3716.924 2578.134
3717.689 2567.612
3323.977 2363.565
3582.028 2532.165
3350.943 2503.873
3302.710 2593.664
3552.660 2578.557
3508.674 2590.945
3538.994 2643.970
3359.689 2556.104
3618.604 2590.827
3415.442 2593.862
3477.920 2282.059
3275.211 2582.440
3317.556 2371.221
3379.534 2306.552
3472.750 2648.768
3690.592 2258.823
3348.123 2616.199
3417.894 2467.919
3655.775 2563.863
3445.520 2474.774
3496.574 2313.849
3698.175 2225.120
3289.620 2316.963
3661.943 2617.574
3588.427 2356.832
3307.582 2635.492
3533.035 2365.197
3293.157 2336.201
3386.379 2561.312
3348.426 2452.489
3334.997 2475.254
3681.704 2398.597
3317.678 2214.412
3338.403 2485.181
3617.088 2379.280
3615.176 2466.052
3401.143 2338.306
3371.458 2516.029
3516.585 2240.207
3426.052 2621.826
3291.912 2227.818
3271.039 2407.961
3572.466 2629.030
3297.467 2548.990
3617.773 2212.101
3383.170 2249.288
3599.310 2588.107
3594.687 2415.747
3631.746 2589.120
3675.415 2593.830
3673.621 2304.174
3602.936 2385.518
3554.296 2620.780
3614.801 2384.436
3394.264 2508.860
3540.488 2347.798
3459.469 2499.076
3455.174 2315.163
3342.009 2352.561
3361.090 2380.249
3477.909 2248.581
3597.107 2356.134
3395.102 2306.935
3377.916 2505.086
3542.647 2471.337
3364.409 2280.050
3339.269 2426.480
3331.622 2433.676
3353.431 2647.155
3613.687 2542.831
3567.713 2296.636
3334.359 2391.402
3649.651 2253.640
3395.807 2288.392
3560.628 2379.790
3643.153 2540.501
3407.361 2591.523
3691.448 2540.563
3426.550 2610.892
3508.412 2381.579
3561.080 2452.235
3521.957 2423.040
3648.208 2635.165
3311.713 2273.574
3300.899 2310.327
3570.932 2427.516
3279.941 2416.550
3341.664 2257.955
3305.477 2583.738
3679.909 2555.983
3407.125 2645.615
3510.873 2589.128
3414.305 2551.041
3709.127 2266.340
3637.130 2338.385
3365.409 2281.971
3289.436 2397.175
3367.576 2271.421
3396.048 2291.773
3515.338 2452.037
3579.966 2308.659
3348.516 2242.108
3657.858 2258.875
3475.585 2626.700
3550.290 2517.546
3466.406 2300.394
3530.236 2223.742
3380.823 2297.142
3606.782 2242.463
3671.616 2472.768
3637.748 2210.155
3620.887 2341.627
3346.983 2396.798
3349.379 2283.405
3667.187 2448.702
3521.992 2374.039
3577.709 2363.099
3645.729 2538.097
3468.910 2639.308
3536.098 2458.527
3589.919 2435.149
3632.923 2569.800
3486.570 2339.396
3600.531 2443.887
3422.429 2658.207
3324.401 2586.034
3386.379 2218.037
3430.782 2358.904
3535.933 2637.919
3368.195 2247.509
3537.566 2283.892
3463.056 2403.692
3468.011 2312.602
3517.080 2258.843
3639.305 2557.228
3541.330 2554.257
3415.279 2253.054
3603.072 2463.973
3326.993 2219.336
3534.537 2444.205
3427.147 2495.932
3496.784 2442.055
3626.071 2512.808
3650.742 2621.309
3720.874 2587.962
3605.221 2232.595
3534.747 2421.030
3549.137 2237.253
3374.459 2481.230
3279.001 2347.313
3666.363 2254.621
3499.714 2580.674
3673.108 2514.825
3288.444 2554.699
3299.762 2544.734
3702.708 2462.816
3596.047 2342.836
3476.354 2469.236
3652.073 2220.687
3365.622 2332.236
3366.343 2243.175
3711.674 2230.637
3724.186 2561.788
3308.164 2526.854
3709.457 2573.349
3432.675 2215.972
3614.813 2233.240
3491.430 2562.818
3428.848 2478.768
3386.618 2398.571
3270.660 2334.977
3532.788 2582.642
3577.302 2234.714
3308.191 2215.728
3547.698 2626.471
3357.637 2533.886
3614.118 2577.407
3511.669 2457.102
3506.754 2591.384
3569.652 2520.207
3447.506 2495.480
3417.032 2448.431
3315.231 2395.642
3547.153 2378.830
3420.788 2476.487
3352.446 2494.684
3534.007 2372.693
3452.530 2659.901
3479.590 2251.338
3625.903 2303.783
3452.510 2374.912
3394.238 2476.399
3515.619 2573.717
3706.248 2249.596
3333.994 2333.044
3601.924 2650.152
3470.977 2360.249
3324.754 2413.588
3314.253 2434.830
3579.405 2626.111
3692.541 2475.483
3410.824 2606.020
3555.322 2520.473
3388.298 2577.625
3349.176 2433.804
3671.743 2208.854
3440.676 2433.103
3473.470 2628.135
3713.372 2480.824
3591.000 2600.477
3288.610 2261.206
3361.613 2208.751
3430.266 2623.855
3373.231 2625.897
3322.415 2651.163
3287.429 2249.365
3576.395 2426.680
3484.487 2475.646
3718.627 2497.092
3294.544 2584.522
3584.238 2330.145
3400.993 2658.634
3608.405 2379.244
3512.230 2509.924
3441.172 2377.169
3610.515 2431.600
3291.070 2470.846
3489.832 2566.056
3271.884 2251.474
3559.023 2383.775
3658.156 2472.473
3597.407 2345.501
3639.225 2304.706
3366.555 2267.809
3384.430 2653.904
3442.483 2267.184
3324.144 2530.550
3623.428 2537.521
3317.031 2309.430
3311.496 2568.830
3530.932 2539.459
3564.790 2622.230
3642.382 2412.329
3657.469 2384.056
3577.107 2290.847
3669.204 2588.304
3613.389 2336.301
3415.770 2555.043
3486.036 2575.254
3476.390 2618.875
3533.783 2261.364
3600.756 2318.135
3707.113 2540.221
3717.466 2457.812
3496.803 2225.683
3505.995 2323.927
3514.982 2568.248
3409.682 2217.744
3352.190 2388.919
3504.436 2362.724
3454.002 2502.497
3559.052 2516.948
3344.888 2554.301
3645.900 2402.259
3520.366 2450.530
3416.602 2286.195
3455.293 2604.810
3689.833 2510.653
3465.848 2209.816
3328.255 2514.037
3714.555 2336.219
3372.553 2402.448
3685.935 2516.791
3611.925 2394.150
3299.965 2516.232
3626.574 2550.433
3700.018 2484.065
3557.484 2565.053
3327.293 2626.327
3597.748 2302.375
3660.951 2225.074
3273.003 2213.400
3459.505 2218.469
3455.314 2483.643
3414.982 2409.151
3683.472 2388.951
3714.996 2593.843
3482.880 2227.158
3410.807 2348.603
3566.828 2433.827
3392.565 2283.573
3658.441 2614.017
3724.900 2221.881
3401.483 2457.746
3635.250 2232.714
3553.144 2296.322
3706.659 2321.651
3500.147 2415.899
3449.306 2271.850
3431.811 2210.297
3346.478 2458.451
3474.746 2582.219
3711.397 2396.355
3291.977 2627.709
3520.372 2538.504
3579.143 2490.948
3569.465 2237.328
3577.150 2346.588
3539.640 2604.343
3534.090 2266.404
3650.744 2556.187
3430.056 2658.798
3454.719 2415.873
3494.918 2435.423
3642.269 2241.056
3379.136 2654.596
3393.386 2426.012
3323.668 2503.458
3701.812 2255.091
3657.080 2514.919
3673.901 2539.660
3310.737 2441.230
3289.690 2365.335
3536.927 2635.148
3553.745 2650.012
3283.166 2335.157
3366.980 2376.211
3555.853 2412.968
3529.994 2412.813
3321.607 2576.172
3711.345 2225.143
3534.823 2579.069
3413.798 2532.571
3468.996 2531.960
3534.864 2344.428
3286.580 2413.700
3688.783 2549.906
3481.427 2650.349
3336.459 2362.459
3527.306 2459.088
3459.707 2324.395
3523.023 2414.585
3409.704 2426.650
3423.144 2366.480
3518.449 2373.278
3561.128 2249.658
3624.476 2232.977
3714.213 2458.128
3538.928 2313.577
3505.193 2456.993
3535.938 2244.385
3347.590 2286.142
3696.468 2517.820
3426.314 2419.073
3468.368 2422.029
3347.224 2551.422
3592.714 2418.001
3311.366 2503.472
3331.840 2503.258
3586.026 2525.282
3355.195 2662.181
3488.074 2369.753
3331.263 2481.298
3512.893 2496.654
3554.578 2462.671
3625.127 2445.227
3700.923 2628.334
3498.867 2517.855
3456.857 2254.536
3649.207 2629.668
3533.926 2317.023
3319.617 2267.547
3721.264 2480.649
3721.721 2303.425
3633.609 2566.436
3616.074 2461.564
3342.129 2470.022
3655.931 2371.773
3632.211 2430.189
3318.001 2484.397
3456.135 2630.932
3572.391 2411.488
3510.845 2321.011
3634.569 2244.983
3714.749 2443.719
3433.058 2405.551
3298.890 2617.103
3548.190 2619.169
3557.926 2325.926
3369.109 2394.546
3585.075 2547.425
3338.578 2425.586
3449.023 2464.205
3683.132 2406.638
3666.578 2570.338
3377.282 2471.791
3535.697 2504.723
3438.916 2249.306
3657.971 2529.950
3608.648 2238.150
3714.090 2527.781
3372.050 2631.479
3354.730 2255.163
3722.648 2288.219
3655.251 2555.665
3717.384 2391.268
3328.077 2271.282
3595.900 2465.438
3407.000 2344.544
3326.152 2242.431
3612.856 2623.707
3538.033 2330.763
3546.290 2214.354
3467.258 2392.106
3292.024 2364.827
3274.263 2494.222
3654.656 2547.260
3385.774 2269.296
3437.450 2264.684
3714.075 2306.706
3631.245 2430.252
3523.314 2600.995
3367.452 2257.017
3478.216 2458.152
3441.422 2241.612
3324.087 2538.183
3542.280 2280.220
3698.863 2629.712
3720.407 2245.004
3546.465 2652.423
3403.432 2240.971
3707.131 2345.164
3538.486 2575.351
3543.543 2395.382
3378.360 2308.004
3649.358 2535.611
3696.699 2344.905
3438.019 2493.011
3316.840 2317.489
3495.237 2458.443
3478.649 2470.660
3652.918 2280.182
3276.633 2514.366
3527.074 2612.462
3631.780 2306.177
3610.215 2331.838
3280.809 2413.182
3370.569 2388.753
3580.823 2244.199
3552.884 2598.014
3343.021 2426.653
3469.766 2208.986
3502.546 2388.951
3367.270 2551.833
3504.215 2314.268
3462.149 2270.685
3521.154 2571.710
3696.841 2544.992
3425.719 2548.858
3584.507 2578.443
3587.165 2556.832
3431.342 2250.992
3304.385 2639.246
3636.061 2509.295
3467.808 2520.963
3526.093 2343.933
3332.261 2585.661
3690.329 2287.619
3619.151 2603.388
3567.591 2387.645
3554.737 2389.108
3648.964 2348.015
3639.345 2509.066
3460.934 2266.562
3591.190 2517.010
3705.269 2279.595
3382.964 2599.047
3677.874 2225.959
3644.817 2639.907
3341.518 2429.509
3712.595 2280.583
3440.083 2535.698
3520.815 2653.038
3471.478 2519.436
3322.207 2445.124
3278.292 2606.701
3606.650 2352.851
3630.300 2637.760
3674.911 2634.922
3376.184 2516.519
3626.510 2372.227
3647.680 2611.395
3372.000 2243.285
3589.466 2419.649
3330.007 2497.172
3311.848 2279.918
3524.294 2305.568
3476.975 2379.408
3430.453 2369.977
3644.764 2377.372
3431.055 2322.640
3639.170 2225.383
3435.269 2405.736
3301.032 2314.751
3504.785 2491.795
3477.655 2477.724
3638.142 2235.460
3421.178 2338.663
3564.180 2222.000
3586.162 2659.470
3495.484 2541.437
3615.483 2317.926
3338.496 2309.566
3717.979 2488.930
3605.588 2512.384
3444.910 2236.658
3588.687 2556.213
3510.158 2374.369
3387.837 2352.782
3442.861 2609.694
3580.849 2211.314
3707.239 2366.228
3582.000 2436.396
3601.142 2648.536
3654.017 2513.716
3313.595 2492.747
3660.170 2220.599
3291.099 2558.899
3429.256 2335.713
3669.308 2459.717
3723.141 2364.538
3311.528 2587.459
3457.860 2548.667
3647.769 2453.940
3601.457 2522.102
3654.788 2298.584
3373.833 2415.852
3393.235 2347.112
3351.272 2405.853
3511.867 2474.135
3616.689 2225.905
3587.855 2259.961
3554.150 2612.154
3469.844 2382.118
3389.237 2652.770
3484.142 2593.793
3564.245 2375.390
3494.941 2344.300
3301.440 2445.077
3275.164 2591.519
3564.638 2310.824
3581.069 2548.859
3695.031 2248.046
3308.549 2660.172
3343.432 2458.752
3468.717 2606.194
3625.010 2217.187
3685.702 2532.640
3634.768 2348.024
3609.531 2652.338
3690.644 2536.657
3300.920 2617.269
3604.398 2594.808
3698.707 2241.541
3384.194 2382.875
3431.237 2542.289
3497.512 2217.141
3504.938 2615.154
3560.194 2577.213
3672.392 2451.217
3534.477 2230.965
3406.169 2494.546
3476.240 2275.861
3419.696 2426.272
3700.740 2316.267
3542.067 2242.044
3553.722 2476.530
3296.581 2483.411
3502.570 2247.828
3294.095 2336.110
3432.658 2276.393
3437.392 2581.568
3431.070 2216.716
3390.627 2622.769
3570.031 2241.327
3685.284 2615.189
3626.702 2596.608
3718.564 2460.613
3518.903 2216.555
3300.951 2243.432
3404.252 2347.851
3459.030 2270.727
3484.571 2275.004
3598.820 2522.998
3357.946 2488.121
3366.752 2553.809
3292.157 2648.379
3612.651 2434.164
3365.922 2288.300
3668.342 2506.391
3639.213 2352.278
3512.496 2595.962
3422.702 2499.654
3287.464 2543.571
3407.869 2552.324
3392.165 2509.380
3702.326 2442.952
3314.395 2513.567
3406.002 2646.110
3692.715 2226.563
3686.991 2431.306
3477.110 2579.194
3686.749 2585.095
3644.858 2320.320
3303.629 2283.871
3356.415 2600.370
3367.797 2511.469
3580.000 2391.732
3394.748 2484.974
3384.391 2478.583
3391.741 2568.398
3285.511 2528.237
3444.199 2467.681
3635.188 2579.269
3291.086 2659.349
3656.988 2240.460
3572.243 2226.193
3581.647 2254.446
3329.358 2341.569
3344.102 2643.264
3282.445 2390.354
3373.035 2507.725
3640.223 2423.048
3482.948 2537.610
3433.757 2490.409
3426.853 2216.995
3291.453 2445.466
3296.072 2328.514
3285.459 2537.645
3619.651 2295.543
3660.863 2354.726
3367.451 2427.259
3328.050 2605.628
3691.310 2614.724
3328.203 2358.528
3308.939 2404.772
3427.355 2358.666
3703.440 2251.514
3381.174 2212.549
3505.646 2297.043
3520.735 2474.240
3708.368 2232.897
3294.494 2381.019
3429.664 2333.005
3540.092 2270.717
3499.168 2352.336
3542.166 2398.267
3650.856 2514.695
3611.589 2538.172
3462.427 2568.634
3638.124 2642.041
3660.818 2386.114
3487.550 2437.106
3513.527 2606.956
3612.920 2239.883
3272.513 2385.081
3355.408 2314.551
3677.648 2518.310
3587.429 2273.947
3714.907 2481.868
3522.109 2523.506
3292.968 2231.682
3273.039 2605.868
3320.881 2422.516
3590.461 2359.362
3597.672 2296.291
3572.080 2421.867
3659.724 2513.584
3475.498 2373.972
3334.222 2646.937
3288.223 2451.412
3502.335 2328.322
3691.040 2644.503
3294.661 2554.325
3711.434 2378.411
3560.339 2656.594
3722.003 2429.326
3537.760 2628.538
3577.480 2462.067
3289.525 2397.616
3717.023 2537.930
3424.786 2325.796
3276.178 2321.671
3695.748 2554.004
3280.854 2550.834
3479.953 2409.950
3497.087 2215.679
3424.865 2526.804
3650.106 2222.168
3277.840 2269.122
3551.329 2266.197
3477.367 2377.361
3603.796 2581.762
3319.958 2612.282
3552.022 2585.042
3458.738 2549.291
3403.781 2539.956
3669.476 2436.381
3471.231 2277.458
3626.274 2569.532
3414.434 2569.075
3662.788 2344.130
3647.571 2449.698
3567.542 2340.426
3551.603 2420.408
3700.931 2455.518
3537.259 2360.002
3599.663 2380.415
3590.818 2479.180
3494.330 2645.905
3415.433 2504.174
3467.037 2290.804
3540.409 2524.929
3414.097 2619.240
3281.967 2576.596
3577.702 2321.233
3315.496 2598.397
3324.335 2468.432
3377.897 2224.915
3343.217 2486.007
3349.232 2222.039
3427.628 2289.588
3424.535 2467.789
3638.883 2651.583
3674.834 2308.481
3287.809 2380.708
3375.188 2256.822
3444.707 2624.271
3400.327 2642.975
3348.562 2403.567
3622.315 2406.466
3343.818 2390.809
3513.012 2208.665
3355.145 2301.794
3329.229 2396.122
3570.741 2248.569
3616.093 2466.919
3514.599 2560.702
3351.655 2542.223
3554.921 2370.725
3656.076 2237.127
3625.677 2478.889
3336.113 2489.676
3462.936 2630.675
3434.598 2631.014
3356.950 2219.038
3530.403 2531.832
3666.227 2528.901
3619.146 2237.749
3281.208 2627.437
3519.878 2371.097
3471.541 2313.085
3385.765 2476.516
3316.477 2354.596
3547.495 2249.834
3412.026 2469.211
3695.523 2656.749
3605.609 2471.310
3680.382 2233.356
3538.265 2584.401
3418.554 2478.567
3403.273 2603.518
3521.179 2212.412
3558.056 2652.365
3654.808 2543.097
3477.438 2289.120
3360.638 2433.457
3579.476 2390.859
3655.496 2471.858
3685.846 2234.184
3527.358 2312.387
3304.650 2214.705
3441.694 2535.517
3617.417 2284.438
3493.976 2267.331
3297.569 2323.415
3411.289 2334.837
3583.894 2330.287
3632.485 2233.125
3469.484 2660.926
3720.102 2236.710
3626.403 2462.817
3310.452 2507.492
3617.277 2454.703
3330.838 2616.927
3680.296 2370.174
3517.647 2371.574
3352.481 2573.904
3533.496 2489.867
3580.297 2430.624
3564.121 2278.268
3476.625 2423.406
3641.577 2215.667
3419.286 2221.690
3355.663 2506.680
3424.073 2271.894
3635.641 2461.118
3290.520 2562.196
3373.859 2614.355
3448.167 2326.114
3679.341 2480.501
3408.079 2520.780
3574.373 2609.699
3685.347 2425.026
3472.644 2362.680
3497.607 2649.653
3309.183 2615.994
3314.346 2576.381
3309.104 2475.182
3549.014 2455.678
3599.579 2248.490
3364.156 2283.743
3350.166 2317.640
3282.066 2598.710
3288.565 2391.017
3460.682 2661.639
3642.424 2480.270
3619.971 2392.354
3687.045 2339.152
3357.759 2520.670
3685.673 2611.829
3451.570 2647.246
3636.197 2277.464
3562.853 2274.976
3322.042 2485.757
3439.376 2554.682
3351.867 2595.196
3318.300 2593.367
3329.159 2313.339
3414.786 2306.130
3559.170 2260.188
3552.044 2603.143
3371.118 2516.198
3406.285 2284.475
3704.061 2254.747
3439.786 2634.774
3672.444 2277.890
3367.204 2242.258
3477.482 2632.537
3554.328 2530.363
3270.834 2271.637
3631.665 2555.739
3677.431 2432.359
3713.940 2364.735
3511.516 2633.687
3283.144 2355.898
3358.901 2332.941
3479.630 2605.932
3505.145 2613.334
3697.721 2611.921
3363.749 2560.893
3575.876 2267.309
3508.033 2616.447
3510.194 2623.088
3559.032 2421.774
3511.608 2427.358
3353.244 2302.338
3574.811 2359.079
3375.190 2290.658
3440.821 2620.167
3409.484 2378.757
3468.244 2496.012
3674.389 2353.250
3416.797 2383.352
3709.317 2541.449
3666.953 2288.545
3605.414 2475.935
3719.388 2212.041
3443.768 2276.261
3546.936 2524.195
3604.989 2570.019
3573.554 2613.973
3273.228 2596.342
3597.927 2313.258
3576.544 2416.204
3361.562 2603.965
3679.600 2658.757
3566.352 2452.964
3643.709 2434.904
3516.828 2351.564
3339.364 2652.226
3284.222 2404.441
3442.509 2388.150
3337.187 2430.530
3438.047 2352.281
3724.644 2407.476
3633.752 2266.004
3721.174 2312.106
3629.196 2461.283
3601.848 2578.806
3447.567 2532.246
3482.765 2278.317
3705.397 2328.840
3491.646 2272.573
3388.561 2467.083
3539.219 2493.089
3570.827 2640.545
3700.956 2464.570
3478.233 2400.296
3352.258 2274.029
3630.033 2250.460
3717.323 2590.985
3360.037 2246.642
3410.911 2264.692
3292.404 2380.311
3304.962 2460.632
3543.354 2442.186
3305.987 2364.828
3676.345 2240.892
3350.060 2587.440
3651.541 2601.992
3504.313 2266.008
3517.438 2291.008
3568.310 2495.368
3431.106 2299.976
3619.822 2258.971
3306.776 2542.797
3542.671 2276.886
3635.477 2599.870
3532.613 2570.822
3416.492 2607.453
3487.379 2626.911
3388.665 2468.431
3596.234 2236.666
3388.127 2233.007
3377.275 2446.860
3412.399 2246.197
3697.953 2407.505
3539.867 2314.004
3325.071 2477.392
3657.670 2487.444
3724.925 2244.350
3640.240 2265.257
3277.869 2514.187
3590.316 2636.673
3683.960 2586.662
3648.448 2573.187
3290.517 2241.742
3652.123 2277.405
3716.741 2499.386
3300.305 2425.734
3526.422 2607.942
3322.495 2237.564
3639.047 2273.881
3578.343 2532.380
3467.388 2577.816
3357.660 2549.135
3471.230 2255.308
3448.793 2442.555
3554.613 2355.861
3510.034 2328.249
3712.771 2286.523
3611.196 2511.857
3556.667 2515.084
3454.386 2593.118
3340.541 2485.838
3320.116 2613.887
3302.907 2289.785
3637.798 2500.138
3644.547 2631.496
3547.727 2643.173
3640.852 2514.731
3380.479 2319.172
3587.025 2573.556
3617.006 2370.769
3321.083 2438.394
3621.417 2554.232
3547.125 2518.887
3661.464 2405.327
3467.225 2308.382
3387.163 2255.373
3382.714 2425.697
3562.251 2444.067
3447.313 2299.597
3438.571 2572.209
3515.653 2472.531
3444.465 2466.510
3507.341 2633.284
3646.858 2247.133
3626.434 2542.933
3322.272 2612.625
3711.519 2420.571
3423.589 2449.054
3724.217 2348.830
3721.997 2363.622
3282.462 2500.618
3416.120 2586.435
3335.389 2433.373
3294.688 2622.393
3293.278 2351.929
3672.761 2384.237
3293.850 2482.163
3625.110 2460.235
3644.078 2244.268
3459.010 2458.001
3600.629 2657.885
3352.273 2228.388
3570.019 2243.900
3720.913 2525.262
3464.850 2262.040
3578.049 2347.731
3569.202 2225.014
3334.506 2641.096
3476.322 2298.301
3392.328 2397.943
3383.533 2525.831
3659.906 2660.354
3693.168 2615.736
3289.643 2444.155
3373.024 2523.394
3584.878 2453.706
3597.057 2423.852
3300.217 2628.702
3287.335 2344.693
3376.013 2494.199
3698.195 2602.490
3607.252 2655.479
3286.306 2544.250
3388.580 2589.251
3691.328 2482.789
3484.680 2308.349
3367.317 2388.330
3566.633 2596.314
3585.242 2209.578
3702.330 2221.914
3579.541 2362.313
3531.296 2542.556
3572.027 2439.734
3537.174 2268.898
3427.614 2605.132
3481.069 2411.116
3696.854 2532.182
3715.331 2437.757
3621.165 2406.699
3601.657 2413.319
3413.338 2516.906
3437.886 2333.247
3328.635 2520.022
3379.314 2571.699
3501.183 2572.555
3527.575 2621.396
3298.369 2472.052
3453.309 2595.374
3290.695 2239.813
3479.402 2393.977
3418.523 2493.888
3460.022 2219.031
3653.521 2607.680
3432.864 2314.353
3330.718 2597.997
3693.533 2600.576
3509.065 2314.019
3522.253 2605.845
3386.112 2652.748
3624.500 2502.603
3291.855 2280.388
3288.212 2490.999
3623.661 2397.935
3380.231 2345.690
3334.145 2609.363
3333.354 2585.446
3524.044 2395.724
3438.388 2348.557
3616.129 2651.641
3593.058 2497.885
3564.382 2332.241
3509.545 2394.724
3401.338 2655.023
3501.713 2508.800
3539.755 2280.165
3590.894 2423.572
3428.025 2347.429
3523.594 2625.625
3469.983 2270.402
3355.169 2344.989
3576.942 2616.535
3492.324 2415.045
3451.364 2304.618
3449.666 2603.375
3364.001 2300.441
3592.583 2471.448
3415.497 2221.675
3675.825 2428.112
3560.537 2454.579
3702.918 2490.803
3458.755 2654.604
3340.654 2228.441
3457.804 2603.227
3379.769 2217.621
3307.865 2412.192
3303.746 2464.050
3373.657 2413.309
3582.192 2393.239
3638.296 2389.937
3580.770 2488.494
3709.638 2618.347
3576.441 2348.865
3506.935 2222.760
3716.554 2520.470
3497.871 2425.289
3650.348 2349.158
3288.361 2262.246
3368.275 2344.861
3434.767 2229.634
3292.198 2639.525
3352.199 2267.295
3558.277 2240.504
3645.026 2259.879
3630.357 2478.143
3722.138 2636.189
3593.996 2220.392
3627.425 2603.599
3397.061 2503.113
3314.458 2415.692
3544.954 2371.669
3303.088 2459.588
3713.173 2655.117
3397.725 2656.833
3545.033 2572.513
3542.704 2648.649
3364.639 2563.947
3634.229 2557.379
3594.896 2295.441
3628.843 2396.584
3403.788 2213.276
3692.382 2296.149
3290.288 2391.709
3506.332 2579.473
3642.296 2521.287
3366.479 2296.162
3701.588 2233.001
3365.080 2416.012
3676.505 2381.272
3364.329 2268.271
3489.603 2337.679
3317.044 2573.431
3635.860 2640.988
3429.626 2370.064
3582.455 2598.097
3316.597 2465.494
3387.743 2455.861
3639.669 2500.374
3625.795 2603.276
3697.239 2469.195
3430.075 2422.626
3546.496 2313.975
3519.806 2431.628
3389.978 2592.196
3293.053 2249.674
3329.535 2491.795
3707.280 2270.824
3601.125 2363.396
3380.566 2244.417
3719.485 2545.271
3345.272 2506.546
3297.694 2586.849
3634.896 2288.906
3373.370 2320.699
3651.996 2306.161
3720.887 2434.002
3360.006 2501.156
3675.166 2527.386
3408.641 2516.678
3385.465 2573.604
3563.937 2567.260
3363.555 2266.913
3324.860 2294.787
3686.477 2624.530
3641.180 2490.810
3542.889 2286.959
3588.560 2628.143
3714.073 2447.792
3704.759 2210.207
3292.484 2218.023
3446.747 2536.620
3639.726 2391.701
3605.132 2633.617
3637.383 2218.500
3684.935 2284.308
3499.407 2318.226
3415.436 2485.439
3376.481 2345.837
3472.258 2321.569
3593.237 2348.536
3586.449 2633.191
3326.659 2266.490
3384.918 2526.038
3628.696 2662.752
3521.843 2509.535
3295.663 2648.005
3659.940 2210.638
3717.156 2262.757
3450.776 2629.329
3567.784 2638.725
3404.770 2366.313
3455.316 2257.101
3301.485 2298.711
3396.216 2337.178
3410.206 2433.587
3521.839 2628.494
3379.355 2412.000
3333.878 2559.168
3616.120 2633.343
3273.746 2256.470
3452.844 2229.217
3631.689 2441.579
3692.883 2549.634
3489.795 2223.762
3548.172 2589.999
3697.954 2287.507
3400.217 2543.610
3643.989 2432.394
3380.335 2591.754
3492.068 2520.290
3558.427 2557.142
3603.502 2457.187
3499.356 2428.383
3324.147 2470.485
3495.657 2484.307
3365.520 2580.944
3409.606 2386.914
3671.152 2551.505
3425.184 2430.722
3591.933 2371.912
3322.482 2605.363
3355.195 2453.524
3652.692 2621.876
3431.611 2257.850
3275.304 2410.849
3682.703 2255.205
3413.387 2249.909
3525.713 2253.002
3636.588 2394.929
3609.959 2274.489
3396.477 2241.030
3357.887 2364.969
3572.576 2525.523
3278.924 2654.885
3574.805 2570.429
3671.802 2486.213
3385.131 2312.646
3615.017 2350.313
3654.897 2621.350
3439.417 2545.411
3674.076 2611.133
3355.809 2500.963
3383.457 2279.970
3397.611 2644.726
3689.577 2507.319
3346.757 2547.841
3424.229 2388.001
3296.160 2246.859
3434.078 2312.099
3298.522 2644.207
3317.933 2456.426
3708.316 2629.278
3649.207 2249.549
3676.310 2251.097
3548.345 2489.879
3642.895 2407.658
3347.692 2633.250
3720.739 2288.240
3583.294 2611.455
3475.673 2555.787
3479.560 2553.300
3459.594 2651.067
3589.083 2519.934
3305.321 2484.389
3425.736 2237.213
3718.342 2416.444
3608.734 2458.430
3535.259 2210.539
3309.824 2542.018
3588.748 2382.998
3548.142 2528.658
3347.444 2546.387
3581.492 2361.963
3317.783 2624.870
3417.294 2529.293
3452.327 2648.151
3407.440 2470.028
3623.852 2581.003
3389.904 2479.642
3478.036 2345.887
3455.120 2603.837
3519.568 2640.300
3485.266 2415.214
3683.303 2510.019
3370.700 2491.601
3460.964 2493.739
3426.893 2478.264
3349.378 2618.083
3681.496 2291.347
3500.743 2547.050
3464.589 2607.010
3633.982 2452.260
3367.290 2559.377
3628.686 2503.598
3662.250 2313.888
3283.383 2266.359
3692.645 2211.077
3399.198 2261.845
3479.398 2317.464
3394.389 2366.912
3383.480 2504.101
3276.176 2305.250
3602.584 2444.095
3436.854 2247.766
3599.583 2523.487
3279.348 2303.628
3421.124 2436.693
3453.096 2442.084
3698.311 2540.672
3310.239 2470.547
3320.113 2613.136
3644.943 2228.710
3605.298 2472.277
3587.043 2279.875
3438.894 2385.164
3603.033 2225.854
3522.343 2421.812
3455.305 2526.153
3480.974 2549.432
3469.690 2426.395
3401.472 2511.175
3608.950 2475.428
3700.692 2507.110
3403.251 2496.110
3351.807 2324.344
3294.804 2622.144
3673.030 2526.468
3463.248 2246.821
3646.829 2258.946
3676.095 2528.032
3447.660 2393.942
3406.058 2328.100
3704.737 2326.569
3434.112 2445.165
3603.841 2327.072
3459.755 2319.006
3448.729 2470.538
3406.718 2627.089
3287.428 2609.703
3360.871 2302.013
3396.982 2233.641
3412.564 2460.609
3561.710 2583.922
3353.370 2401.464
3715.302 2526.544
3481.303 2636.637
3283.124 2639.684
3464.030 2364.844
3469.939 2524.493
3640.109 2447.286
3601.592 2375.735
3371.966 2242.841
3509.319 2273.098
3503.031 2589.968
3388.735 2565.894
3587.864 2615.569
3470.370 2345.746
3485.543 2265.152
3333.997 2258.521
3718.722 2613.595
3418.373 2276.613
3494.983 2602.851
3522.195 2302.080
3443.321 2640.760
3460.368 2531.460
3637.953 2372.041
3627.861 2562.048
3552.752 2458.372
3717.110 2261.811
3607.254 2317.346
3474.592 2629.499
3610.658 2609.432
3401.579 2611.631
3331.174 2405.728
3537.835 2310.112
3551.493 2358.123
3610.005 2597.268
3414.242 2507.856
3720.984 2449.125
3706.021 2357.619
3398.166 2342.657
3462.873 2564.244
3619.898 2212.414
3317.807 2491.307
3408.843 2312.121
3480.407 2445.169
3525.671 2369.049
3466.960 2241.554
3276.513 2292.837
3590.442 2491.248
3504.715 2251.339
3312.097 2296.812
3314.286 2589.906
3391.077 2426.909
3632.848 2308.204
3440.235 2391.577
3510.447 2609.187
3612.992 2366.957
3480.145 2337.740
3358.785 2313.190
3645.649 2403.166
3524.817 2537.444
3707.572 2248.238
3508.189 2607.915
3538.275 2630.199
3580.688 2343.642
3325.263 2635.242
3692.903 2529.644
3446.599 2395.670
3646.378 2575.478
3588.236 2644.234
3292.658 2375.878
3271.260 2487.221
3307.316 2615.546
3547.211 2240.894
3323.390 2243.408
3532.897 2293.796
3665.261 2222.728
3653.212 2275.491
3371.266 2413.000
3506.617 2362.793
3548.317 2446.564
3628.785 2409.009
3688.641 2427.572
3561.192 2282.840
3289.314 2465.211
3315.644 2652.410
3412.483 2351.143
3587.622 2529.058
3375.126 2435.483
3515.026 2279.524
3664.695 2593.743
3316.432 2395.235
3602.042 2414.237
3637.424 2444.303
3337.240 2303.618
3405.534 2379.845
3351.923 2559.821
3423.870 2649.699
3410.284 2365.391
3348.613 2590.083
3370.868 2486.488
3700.297 2421.896
3465.211 2633.073
3688.247 2497.061
3655.067 2494.379
3636.974 2398.732
3344.489 2426.074
3500.616 2243.692
3586.556 2421.702
3310.171 2466.087
3681.060 2305.184
3487.115 2612.316
3367.160 2440.766
3685.935 2401.298
3707.252 2646.748
3400.181 2593.130
3681.870 2344.283
3594.108 2596.053
3419.076 2471.079
3435.703 2621.627
3710.511 2413.114
3353.994 2595.633
3556.943 2451.803
3334.180 2421.801
3392.777 2532.887
3437.423 2535.525
3511.916 2440.772
3612.170 2238.447
3475.402 2422.463
3270.886 2230.662
3382.440 2523.116
3350.587 2525.082
3663.214 2626.745
3635.528 2384.027
3553.341 2463.122
3282.869 2380.692
3625.803 2556.486
3676.585 2490.617
3608.168 2317.383
3665.908 2635.945
3437.232 2497.347
3469.852 2425.883
3495.313 2305.150
3494.647 2320.808
3488.562 2600.127
3497.031 2524.770
3614.871 2475.849
3468.702 2638.119
3476.764 2559.216
3567.203 2354.452
3506.343 2362.099
3598.750 2301.341
3667.822 2448.659
3485.609 2224.989
3608.422 2618.333
3711.106 2542.554
3368.225 2513.631
3524.934 2365.862
3325.387 2651.526
3595.573 2267.392
3397.742 2229.702
3356.191 2329.431
3330.171 2322.471
3436.045 2224.854
3723.990 2631.229
3625.961 2416.533
3574.545 2617.942
3361.269 2550.554
3602.542 2532.120
3686.942 2509.548
3556.089 2564.698
3632.443 2560.114
3386.904 2523.533
3653.453 2215.579
3541.840 2643.203
3607.548 2406.285
3654.049 2523.221
3517.137 2272.574
3375.142 2268.721
3722.148 2362.282
3476.232 2467.214
3420.336 2633.526
3599.635 2446.569
3280.829 2440.096
3401.097 2615.425
3558.251 2250.174
3412.481 2386.435
3462.699 2408.372
3554.879 2416.950
3499.614 2652.767
3696.272 2236.416
3321.585 2307.058
3584.310 2361.428
3331.354 2612.928
3343.381 2631.492
3622.296 2359.720
3282.769 2329.359
3419.361 2578.845
3600.743 2602.220
3365.827 2510.678
3408.919 2430.521
3393.595 2224.746
3364.056 2318.465
3644.558 2243.819
3475.840 2346.669
3335.536 2485.568
3494.465 2385.567
3520.876 2423.110
3319.405 2498.127
3629.079 2228.733
3539.252 2564.587
3502.804 2587.771
3585.111 2297.830
3482.200 2481.043
3384.633 2323.776
3627.899 2355.957
3695.550 2591.502
3605.634 2450.901
3707.227 2571.224
3588.038 2623.885
3428.961 2215.056
3432.960 2599.845
3377.668 2632.483
3524.165 2490.822
3681.030 2337.201
3542.430 2542.432
3361.074 2555.523
3414.289 2601.083
3621.727 2615.090
3455.304 2352.222
3313.467 2588.751
3436.431 2477.291
3270.980 2287.181
3474.525 2661.999
3453.876 2424.805
3705.166 2243.466
3365.176 2527.875
3594.052 2236.315
3451.055 2562.334
3574.778 2649.061
3389.689 2275.632
3652.629 2534.621
3271.068 2583.165
3443.883 2373.469
3525.024 2436.969
3346.185 2356.040
3321.513 2649.950
3312.798 2338.183
3347.184 2242.822
3355.116 2225.265
3446.038 2610.922
3497.725 2517.909
3387.610 2421.575
3312.076 2413.586
3668.497 2389.498
3411.918 2541.632
3342.865 2356.656
3582.666 2589.112
3650.514 2296.924
3719.808 2462.538
3546.501 2384.945
3699.612 2302.883
3286.647 2568.639
3367.189 2273.370
3340.404 2398.512
3539.619 2256.618
3600.325 2567.651
3368.703 2211.304
3634.981 2613.479
3644.688 2328.939
3507.061 2302.688
3567.349 2495.971
3617.658 2210.486
3365.650 2288.792
3596.992 2593.441
3582.528 2562.601
3667.583 2636.343
3642.281 2478.327
3443.302 2507.590
3398.776 2238.728
3483.920 2393.219
3312.778 2644.496
3697.988 2521.164
3711.155 2347.085
3305.267 2281.036
3549.081 2499.928
3639.107 2432.613
3607.690 2426.618
3706.783 2477.467
3408.144 2565.914
3711.213 2300.233
3502.912 2317.359
3399.039 2561.389
3714.497 2313.408
3391.587 2245.331
3638.913 2532.744
3408.131 2223.118
3521.800 2213.750
3639.272 2498.974
3539.044 2469.607
3635.081 2341.575
3556.856 2225.292
3588.675 2268.644
3359.774 2479.622
3561.099 2218.243
3350.584 2480.711
3346.349 2623.402
3622.378 2379.855
3604.265 2588.195
3528.769 2259.071
3344.328 2384.586
3487.414 2650.561
3415.544 2240.697
3274.070 2212.106
3598.885 2330.619
3578.445 2351.356
3433.984 2325.959
3524.594 2458.690
3481.091 2510.146
3594.348 2344.977
3455.955 2628.704
3506.262 2433.610
3649.185 2661.766
3467.044 2604.625
3520.180 2498.406
3488.433 2255.688
3680.301 2273.556
3636.177 2312.589
3450.143 2341.881
3313.849 2285.013
3496.565 2355.661
3392.342 2540.469
3699.613 2554.203
3653.442 2280.020
3703.771 2534.450
3321.121 2306.382
3630.660 2459.460
3357.549 2586.148
3623.433 2291.278
3378.947 2484.594
3298.663 2597.327
3572.836 2465.587
3540.785 2523.893
3271.726 2495.174
3717.911 2430.680
3415.224 2581.005
3596.418 2368.901
3684.678 2430.265
3514.098 2257.402
3647.910 2361.162
3296.518 2380.366
3715.431 2487.095
3644.810 2314.229
3676.975 2225.165
3695.425 2455.140
3457.625 2388.205
3426.528 2591.546
3372.951 2455.738
3380.432 2363.355
3421.587 2407.110
3318.451 2568.491
3493.965 2601.519
3388.088 2474.009
3551.012 2290.587
3324.288 2487.201
3427.050 2530.598
3586.531 2392.463
3691.787 2530.037
3480.847 2377.826
3651.139 2218.747
3500.653 2481.587
3683.165 2525.623
3561.052 2301.115
3641.781 2406.448
3623.274 2574.258
3584.853 2289.940
3591.277 2217.238
3415.767 2568.735
3577.088 2279.931
3607.515 2297.572
3634.185 2629.697
3395.047 2317.506
3435.172 2525.992
3577.052 2546.949
3426.998 2582.577
3571.838 2459.709
3454.023 2386.979
3522.132 2259.336
3377.807 2555.726
3616.619 2306.735
3532.262 2657.426
3724.952 2224.093
3483.803 2471.241
3711.857 2631.338
3312.512 2383.775
3377.717 2578.216
3723.184 2309.724
3577.359 2284.736
3610.921 2299.726
3557.947 2469.120
3541.361 2342.546
3344.939 2599.955
3478.473 2397.574
3608.490 2407.943
3434.822 2336.452
3658.707 2438.040
3608.400 2459.343
3463.582 2586.547
3318.448 2477.240
3529.385 2659.530
3692.715 2410.414
3677.127 2626.777
3333.053 2554.245
3537.278 2334.706
3321.047 2428.429
3438.318 2462.794
3299.160 2438.186
3567.765 2515.501
3593.042 2564.935
3446.522 2607.053
3436.459 2495.521
3363.254 2441.900
3323.794 2451.921
3629.186 2536.176
3580.588 2457.844
3703.470 2433.664
3497.593 2418.490
3516.681 2637.455
3644.335 2259.477
3380.351 2330.457
3356.958 2217.684
3467.733 2446.525
3654.238 2311.778
3697.141 2380.299
3597.928 2420.197
3627.142 2576.229
3525.378 2390.580
3563.711 2603.272
3387.475 2587.301
3548.618 2533.692
3611.549 2469.768
3528.401 2634.041
3674.968 2387.176
3566.318 2322.261
3481.594 2329.208
3659.164 2510.263
3723.279 2394.762
3710.757 2328.697
3401.370 2208.754
3328.458 2550.352
3605.865 2324.552
3413.917 2291.408
3443.121 2356.279
3495.096 2614.609
3580.259 2553.309
3273.159 2475.408
3665.302 2285.989
3540.575 2515.258
3364.439 2461.764
3370.935 2312.332
3332.085 2484.776
3434.317 2589.481
3677.142 2617.544
3487.463 2358.619
3457.067 2588.832
3701.002 2632.774
3698.525 2573.508
3630.095 2362.286
3454.292 2351.110
3618.510 2250.930
3402.473 2571.662
3531.232 2274.828
3282.877 2616.786
3290.249 2391.889
3290.517 2283.320
3576.549 2609.534
3517.908 2545.507
3568.511 2221.810
3462.326 2514.520
3693.127 2313.494
3400.328 2606.431
3719.339 2657.955
3481.555 2213.422
3566.890 2396.247
3418.169 2249.255
3294.321 2640.061
3374.068 2219.067
3324.269 2232.292
3605.443 2648.355
3535.248 2402.911
3464.609 2210.673
3440.990 2278.996
3420.424 2422.841
3340.778 2611.438
3667.536 2653.384
3404.364 2290.635
3414.172 2514.420
3560.014 2335.637
3472.673 2633.571
3296.201 2570.752
3421.262 2412.141
3646.385 2417.942
3655.074 2343.898
3572.972 2509.935
3281.909 2338.682
3618.607 2356.895
3453.521 2627.025
3420.351 2326.729
3278.236 2396.271
3323.689 2649.900
3498.406 2552.328
3343.483 2653.443
3723.697 2481.544
3574.883 2386.824
3466.318 2401.928
3295.849 2627.686
3509.345 2540.046
3284.312 2621.290
3692.234 2647.170
3632.162 2337.672
3511.894 2477.953
3549.072 2565.549
3414.952 2377.785
3552.532 2513.176
3315.212 2419.728
3619.844 2444.578
3278.360 2543.972
3278.449 2520.879
3690.284 2376.419
3721.916 2614.308
3365.678 2452.295
3303.479 2286.540
3453.101 2592.226
3559.671 2413.973
3410.012 2275.356
3293.749 2234.339
3374.848 2555.033
3310.883 2335.172
3707.444 2583.821
3462.587 2225.302
3358.092 2488.850
3708.494 2516.591
3519.969 2230.772
3572.441 2348.334
3427.307 2655.340
3343.629 2312.221
3371.450 2274.011
3645.649 2436.498
3512.128 2483.261
3689.344 2454.499
3345.090 2386.855
3294.625 2582.193
3622.298 2527.098
3488.569 2407.348
3465.584 2435.017
3501.826 2645.588
3350.377 2337.654
3311.785 2276.845
3357.292 2547.402
3339.221 2520.212
3450.700 2220.377
3365.896 2271.940
3614.897 2523.126
3612.143 2599.650
3575.236 2495.141
3522.157 2306.367
3643.649 2309.392
3287.311 2559.737
3703.789 2617.959
3581.622 2469.187
3552.467 2508.371
3638.918 2489.491
3660.822 2324.819
3520.990 2384.799
3682.223 2494.743
3469.597 2416.213
3562.950 2642.273
3477.161 2496.435
3688.876 2623.035
3462.224 2319.869
3329.136 2333.625
3675.181 2398.320
3611.774 2512.171
3614.663 2371.998
3484.086 2556.041
3363.058 2254.930
3630.813 2224.477
3287.444 2605.106
3296.373 2511.166
3306.287 2648.191
3500.286 2634.665
3612.481 2402.390
3324.305 2486.825
3312.829 2387.607
3496.297 2540.687
3668.299 2638.635
3486.719 2265.898
3632.033 2655.197
3480.827 2638.916
3534.595 2413.819
3383.986 2423.797
3473.379 2467.847
3545.473 2483.285
3702.627 2415.303
3596.057 2229.327
3667.435 2591.568
3635.730 2224.638
3407.949 2557.765
3484.100 2301.698
3432.184 2307.114
3547.627 2240.645
3285.113 2644.463
3683.204 2356.820
3563.863 2272.861
3277.460 2504.126
3340.968 2327.220
3548.140 2385.280
3400.095 2225.783
3311.090 2499.392
3569.272 2583.393
3378.048 2482.684
3565.798 2657.643
3537.414 2399.838
3360.627 2360.760
3538.702 2257.572
3608.187 2395.833
3548.124 2631.086
3306.530 2585.285
3708.334 2502.712
3590.927 2572.187
3321.086 2569.227
3290.407 2290.438
3608.053 2457.217
3399.612 2431.617
3371.742 2544.361
3532.093 2447.717
3671.855 2506.218
3278.581 2263.032
3351.238 2599.972
3480.173 2534.372
3478.690 2387.574
3427.079 2362.616
3445.474 2651.036
3317.722 2341.882
3649.443 2249.949
3342.147 2370.106
3395.382 2520.360
3289.572 2584.973
3550.519 2327.807
3510.045 2218.680
3342.222 2303.235
3362.800 2358.849
3279.537 2556.222
3631.783 2265.763
3394.346 2409.948
3644.042 2463.465
3600.744 2553.683
3504.881 2316.702
3661.792 2314.870
3491.634 2428.222
3287.335 2263.442
3581.168 2299.724
3660.739 2370.287
3606.254 2276.819
3551.498 2440.407
3373.200 2548.446
3690.227 2209.163
3560.982 2411.964
3723.702 2208.678
3428.340 2261.090
3674.728 2480.410
3662.738 2643.001
3558.059 2325.528
3696.080 2425.383
3523.623 2546.758
3458.613 2265.826
3336.310 2430.319
3707.975 2540.416
3720.088 2654.051
3540.458 2304.870
3631.814 2247.950
3663.112 2317.103
3548.011 2510.341
3695.336 2635.230
3482.455 2299.676
3273.320 2418.278
3391.106 2549.090
3411.308 2562.019
3430.766 2482.908
3383.129 2387.166
3459.917 2287.373
3679.245 2238.135
3288.971 2601.818
3425.781 2249.762
3534.527 2527.060
3397.697 2251.882
3367.011 2548.394
3340.831 2430.845
3697.925 2532.672
3542.282 2320.023
3532.391 2237.167
3286.028 2277.646
3692.944 2346.902
3310.966 2341.013
3616.698 2551.009
3481.428 2536.441
3649.528 2426.583
3623.525 2293.005
3680.386 2224.414
3569.680 2547.252
3299.401 2223.320
3529.572 2340.791
3404.669 2591.901
3488.725 2316.038
3485.105 2584.217
3484.121 2407.286
3441.409 2597.464
3710.531 2390.244
3282.066 2233.585
3703.721 2383.959
3313.126 2435.025
3503.276 2581.322
3644.435 2291.240
3575.534 2514.193
3350.964 2544.791
3401.601 2269.436
3518.904 2641.416
3626.933 2392.804
3468.751 2342.068
3707.681 2562.373
3394.709 2657.101
3566.108 2331.753
3534.630 2561.111
3614.569 2223.572
3355.601 2357.954
3657.277 2453.047
3442.245 2422.372
3442.996 2243.259
3473.537 2393.367
3302.570 2313.956
3271.414 2583.032
3489.702 2546.244
3467.995 2387.378
3651.585 2548.889
3437.489 2416.160
3314.799 2326.589
3410.737 2333.044
3497.784 2521.186
3589.368 2519.302
3538.895 2377.902
3657.185 2490.146
3702.448 2529.282
3497.803 2574.918
3324.287 2476.991
3466.332 2219.030
3492.745 2575.845
3443.241 2611.022
3492.394 2631.494
3452.936 2538.706
3286.007 2451.524
3313.115 2442.901
3408.607 2254.590
3458.684 2573.940
3430.494 2382.447
3624.781 2632.375
3303.738 2297.660
3529.880 2443.136
3589.388 2223.308
3491.407 2451.475
3640.741 2608.040
3661.783 2392.468
3360.602 2373.638
3479.327 2467.861
3279.779 2488.869
3559.869 2422.155
3550.204 2347.445
3715.474 2587.487
3473.160 2493.040
3675.019 2377.451
3720.134 2610.572
3494.140 2447.801
3358.184 2553.381
3542.408 2494.687
3450.994 2351.425
3517.057 2251.380
3572.121 2327.696
3432.531 2482.081
3378.000 2372.402
3499.261 2231.790
3487.537 2480.578
3688.940 2249.949
3722.506 2223.700
3280.345 2387.746
3548.431 2611.714
3600.536 2259.829
3485.487 2386.680
3698.890 2213.341
3437.235 2209.090
3517.182 2254.717
3286.716 2494.260
3307.349 2425.794
3470.342 2543.307
3373.141 2576.119
3384.090 2401.200
3664.176 2554.083
3665.968 2547.580
3275.855 2514.598
3511.940 2445.693
3663.689 2464.612
3623.406 2320.174
3308.667 2436.154
3363.454 2572.114
3619.630 2408.778
3514.085 2219.879
3627.571 2411.513
3500.083 2626.284
3470.593 2535.352
3553.155 2352.670
3479.117 2627.347
3721.438 2365.266
3387.268 2372.030
3668.203 2333.788
3724.533 2508.726
3651.617 2275.089
3387.189 2448.265
3442.946 2588.004
3558.580 2628.430
3654.013 2393.755
3477.032 2541.182
3401.233 2488.481
3635.435 2558.375
3581.601 2548.368
3717.999 2553.395
3638.971 2345.727
3599.260 2384.055
3564.042 2541.556
3708.286 2486.265
3311.303 2495.076
3439.128 2624.293
3355.657 2469.477
3486.200 2591.846
3528.335 2612.600
3456.154 2378.352
3502.344 2223.474
3441.714 2491.946
3402.805 2413.499
3620.463 2313.860
3512.737 2554.425
3288.677 2329.214
3411.644 2407.985
3658.848 2250.078
3612.790 2611.169
3319.641 2381.406
3603.365 2395.677
3675.966 2360.583
3529.469 2277.599
3628.460 2470.439
3304.801 2282.042
3293.776 2537.551
3396.071 2561.736
3471.572 2369.160
3405.949 2308.203
3619.902 2211.151
3344.116 2580.811
3657.521 2593.984
3460.060 2640.436
3668.400 2509.188
3372.981 2220.488
3393.248 2226.390
3466.572 2455.643
3479.908 2239.058
3559.958 2408.827
3418.980 2259.486
3481.948 2403.941
3278.974 2407.815
3687.041 2332.870
3486.216 2216.079
3443.347 2369.189
3672.548 2569.983
3289.841 2297.642
3305.051 2290.475
3703.285 2389.762
3340.545 2275.273
3551.012 2659.875
3724.232 2423.427
3462.934 2582.369
3282.021 2460.594
3411.332 2399.273
3411.801 2257.577
2424.098 3668.871
2544.994 3607.991
2254.734 3512.826
2147.249 3423.793
2193.998 3506.795
2509.185 3343.698
2155.068 3285.650
2150.579 3263.409
2539.829 3295.802
2121.148 3430.965
2251.793 3314.757
2378.178 3676.467
2170.983 3656.944
2283.400 3571.526
2298.581 3580.075
2291.567 3677.642
2367.749 3351.041
2252.370 3273.195
2337.320 3295.376
2135.356 3483.854
2502.989 3372.846
2389.765 3698.502
2506.000 3600.006
2479.816 3554.459
2138.799 3711.214
2489.462 3584.720
2429.902 3649.560
2419.200 3294.694
2164.138 3371.025
2472.548 3401.953
2336.584 3440.942
2146.985 3581.939
2466.118 3342.180
2270.222 3386.157
2111.581 3604.051
2168.381 3366.021
2424.471 3696.946
2374.476 3669.705
2470.206 3489.932
2333.412 3379.715
2130.679 3339.399
2259.615 3580.011
2139.212 3640.146
2211.860 3455.234
2538.676 3312.972
2452.741 3304.981
2247.215 3378.818
2143.687 3562.508
2456.968 3594.852
2497.941 3688.951
2170.633 3643.029
2546.808 3560.576
2232.145 3625.444
2462.210 3522.810
2096.974 3550.879
2161.248 3484.803
2488.070 3286.292
2422.328 3310.362
2508.126 3657.989
2431.943 3399.748
2295.595 3415.503
2419.356 3439.317
2314.417 3571.665
2140.231 3394.755
2313.223 3530.260
2266.963 3582.444
2442.543 3661.450
2548.400 3521.437
2471.842 3583.792
2099.077 3345.895
2546.706 3567.495
2343.829 3406.185
2320.851 3533.431
2189.606 3582.590
2221.766 3552.068
2182.636 3582.577
2202.123 3677.964
2171.522 3644.032
2270.381 3446.568
2369.531 3382.300
2328.052 3670.776
2120.767 3321.352
2542.962 3363.781
2101.597 3544.120
2317.725 3341.219
2305.505 3418.115
2466.897 3457.055
2202.397 3488.439
2539.623 3275.901
2394.445 3572.315
2364.901 3569.648
2381.123 3698.927
2267.954 3436.042
2538.713 3708.060
2529.519 3279.200
2521.119 3513.537
2451.710 3571.985
2226.825 3353.592
2374.443 3318.954
2460.875 3376.200
2248.946 3511.005
2470.405 3263.222
2210.357 3386.579
2529.604 3661.926
2105.031 3470.725
2096.844 3359.925
2352.043 3574.433
2235.684 3667.146
2289.387 3557.797
2533.338 3688.550
2395.591 3472.851
2385.007 3508.833
2465.948 3282.912
2353.311 3397.467
2433.544 3519.609
2364.066 3400.665
2357.760 3444.460
2286.695 3398.387
2253.383 3424.778
2113.362 3493.092
2527.123 3525.008
2408.886 3506.064
2450.709 3424.543
2505.584 3407.721
2303.970 3452.933
2215.141 3453.094
2513.536 3625.060
2109.566 3539.620
2173.005 3381.374
2464.383 3555.663
2474.683 3379.547
2249.331 3553.653
2426.202 3618.931
2373.790 3339.707
2300.703 3657.752
2451.560 3458.702
2469.874 3561.974
2321.031 3577.653
2499.354 3597.424
2337.813 3471.069
2549.542 3270.302
2418.165 3377.554
2472.810 3382.094
2536.381 3392.394
2393.486 3542.747
2105.096 3643.253
2404.968 3331.500
2096.629 3433.038
2330.671 3301.950
2410.433 3416.750
2240.370 3548.913
2250.976 3535.870
2287.335 3450.043
2309.113 3340.504
2096.570 3608.483
2434.587 3277.278
2392.785 3550.455
2374.568 3686.662
2158.144 3493.025
2168.122 3314.160
2496.410 3299.997
2324.226 3414.719
2155.440 3257.419
2228.361 3688.859
2463.658 3276.706
2192.758 3349.269
2393.258 3546.411
2362.959 3699.758
2396.374 3453.654
2546.588 3616.131
2104.061 3606.317
2221.519 3602.793
2408.417 3504.825
2303.448 3469.056
2247.030 3360.666
2323.022 3408.222
2195.893 3380.728
2337.090 3455.112
2228.178 3479.996
2229.068 3367.034
2287.736 3259.415
2121.321 3257.768
2227.463 3647.965
2193.210 3658.234
2266.977 3356.077
2180.241 3572.216
2509.737 3658.789
2329.039 3368.133
2437.377 3705.330
2355.868 3347.680
2137.332 3540.601
2204.013 3632.838
2270.717 3656.618
2114.842 3556.759
2101.027 3644.506
2412.936 3590.516
2319.241 3661.049
2307.928 3358.565
2345.036 3552.180
2357.384 3614.502
2267.908 3322.604
2191.788 3460.296
2543.385 3566.168
2543.142 3482.190
2412.303 3688.743
2290.725 3455.352
2239.582 3265.208
2385.766 3466.002
2509.309 3487.356
2346.141 3677.577
2149.741 3404.983
2541.925 3440.351
2317.364 3340.240
2350.994 3530.854
2485.131 3463.305
2249.027 3452.898
2446.298 3515.686
2163.973 3638.666
2302.968 3697.777
2137.372 3694.968
2537.939 3628.609
2180.144 3415.474
2412.036 3381.606
2491.682 3480.035
2354.000 3557.323
2416.311 3342.086
2416.775 3439.152
2217.119 3640.297
2372.948 3450.685
2202.566 3418.747
2301.079 3545.804
2462.523 3575.596
2333.850 3615.108
2435.935 3326.968
2365.968 3405.015
2442.320 3466.935
2103.068 3307.353
2527.146 3306.186
2384.409 3424.370
2380.353 3555.727
2173.590 3554.785
2320.391 3535.769
2121.370 3302.005
2208.451 3450.076
2312.343 3577.695
2408.997 3457.509
2448.396 3407.343
2292.919 3643.101
2503.618 3307.941
2195.379 3294.380
2275.180 3645.085
2504.896 3413.146
2498.233 3513.865
2275.722 3620.847
2316.225 3261.519
2479.900 3535.793
2547.336 3332.161
2417.886 3361.394
2099.949 3313.777
2192.705 3377.398
2537.049 3307.135
2383.762 3697.192
2258.508 3542.949
2109.835 3547.970
2134.828 3692.456
2232.515 3526.858
2400.271 3477.684
2203.901 3496.145
2126.921 3672.439
2403.441 3529.298
2326.511 3498.005
2348.277 3690.552
2236.480 3483.093
2340.418 3663.842
2296.128 3311.040
2433.388 3545.959
2341.940 3560.974
2219.143 3309.349
2335.090 3616.387
2502.524 3626.101
2135.528 3684.072
2223.698 3524.283
2321.241 3344.032
2177.895 3615.270
2367.742 3476.110
2340.918 3443.700
2204.232 3423.041
2295.421 3623.126
2096.699 3665.876
2186.189 3556.995
2110.567 3298.841
2440.974 3343.433
2483.569 3464.375
2263.003 3442.126
2097.509 3671.692
2269.443 3455.953
2262.886 3530.636
2413.051 3312.867
2517.017 3639.547
2407.828 3602.525
2314.986 3688.689
2314.948 3436.243
2398.595 3518.528
2511.230 3296.699
2544.772 3333.492
2466.418 3437.653
2133.440 3518.071
2446.574 3641.027
2463.871 3361.368
2217.669 3601.121
2402.564 3526.363
2110.707 3535.336
2365.337 3565.272
2188.675 3338.832
2461.139 3276.382
2523.434 3410.629
2318.820 3568.524
2109.252 3648.023
2268.109 3560.228
2204.702 3348.461
2300.443 3324.922
2409.449 3562.120
2414.168 3521.783
2431.336 3480.253
2275.419 3588.414
2248.603 3322.241
2276.909 3591.972
2534.574 3451.909
2415.382 3611.461
2483.303 3434.564
2471.090 3519.429
2461.593 3467.999
2248.689 3528.465
2193.165 3552.231
2468.399 3374.602
2335.514 3308.386
2388.341 3573.260
2255.718 3549.249
2457.634 3538.429
2169.722 3460.078
2435.973 3693.543
2134.377 3644.458
2235.699 3272.024
2294.385 3628.281
2202.513 3269.903
2451.938 3541.067
2449.111 3403.340
2276.222 3320.674
2227.361 3573.824
2283.466 3623.943
2184.579 3517.447
2482.884 3387.861
2199.801 3520.053
2229.208 3342.372
2301.753 3605.545
2359.132 3493.658
2170.681 3604.890
2356.457 3472.145
2520.026 3297.311
2183.810 3655.695
2164.630 3709.423
2244.013 3432.364
2120.521 3622.536
2375.904 3485.970
2303.841 3704.995
2307.598 3378.007
2269.917 3674.495
2233.402 3605.551
2429.248 3464.523
2422.676 3518.512
2455.619 3704.376
2154.177 3450.794
2159.095 3519.933
2204.561 3421.154
2218.836 3691.450
2393.446 3373.766
2249.439 3289.479
2248.784 3403.264
2466.212 3450.212
2525.237 3324.183
2471.197 3563.837
2315.149 3589.774
2334.782 3355.688
2144.387 3613.847
2478.127 3542.773
2451.684 3545.708
2424.480 3415.571
2102.977 3527.347
2312.601 3602.021
2498.523 3420.442
2156.179 3442.219
2334.410 3523.545
2431.617 3522.746
2287.721 3585.227
2471.026 3289.624
2416.569 3477.860
2299.685 3574.547
2277.984 3433.400
2379.350 3659.333
2170.766 3440.545
2272.545 3482.961
2381.425 3403.807
2484.303 3622.944
2177.158 3285.251
2414.924 3390.511
2444.022 3319.355
2525.610 3633.484
2173.337 3301.342
2193.389 3613.057
2479.564 3688.123
2354.736 3297.954
2536.812 3278.038
2211.315 3398.767
2471.698 3436.744
2205.953 3520.281
2113.996 3326.320
2449.632 3404.586
2136.004 3504.834
2097.042 3663.519
2233.952 3335.346
2352.152 3499.427
2335.924 3428.465
2269.274 3265.703
2303.021 3417.789
2423.615 3484.713
2283.072 3496.585
2499.775 3467.551
2508.719 3385.415
2408.655 3321.308
2159.179 3327.251
2205.321 3659.325
2470.058 3662.004
2164.271 3638.946
2262.447 3301.951
2324.934 3627.759
2186.094 3297.514
2211.519 3464.415
2320.526 3589.086
2398.508 3600.642
2511.566 3317.081
2253.083 3618.192
2242.943 3403.611
2182.483 3628.121
2233.485 3567.190
2405.828 3421.657
2477.533 3453.954
2196.008 3525.050
2311.676 3326.537
2397.362 3509.024
2432.424 3267.524
2390.939 3470.095
2320.800 3377.663
2281.626 3602.418
2141.091 3641.817
2129.733 3371.264
2309.527 3490.240
2220.413 3398.705
2224.522 3585.183
2123.855 3404.743
2430.222 3477.455
2112.502 3367.758
2541.886 3509.402
2355.804 3539.567
2541.325 3646.790
2298.339 3286.358
2165.133 3441.304
2153.361 3615.889
2198.352 3528.149
2370.245 3680.905
2363.119 3658.904
2220.170 3480.948
2463.120 3279.471
2471.631 3303.284
2319.970 3597.327
2400.279 3598.097
2181.790 3710.365
2121.148 3290.697
2228.040 3508.581
2415.283 3350.159
2157.742 3289.909
2462.930 3355.250
2456.554 3293.079
2250.244 3651.209
2431.757 3501.855
2325.532 3514.219
2351.076 3462.558
2456.894 3282.243
2456.817 3563.147
2304.761 3405.126
2548.528 3457.574
2404.056 3314.726
2356.137 3378.126
2352.308 3375.002
2380.876 3685.609
2482.997 3349.469
2310.731 3460.093
2436.793 3625.452
2406.424 3362.275
2388.350 3485.787
2154.235 3661.735
2519.874 3608.109
2362.035 3350.006
2130.766 3428.083
2466.203 3575.692
2425.090 3292.372
2510.369 3542.368
2255.092 3696.811
2106.170 3611.693
2119.315 3350.844
2242.850 3367.569
2277.829 3462.947
2477.262 3526.119
2271.147 3498.081
2137.352 3424.541
2195.102 3278.808
2488.086 3622.435
2227.150 3394.226
2489.473 3500.547
2238.222 3543.050
2202.821 3698.360
2096.340 3613.217
2327.469 3267.442
2517.173 3567.587
2523.717 3321.776
2163.341 3310.251
2113.854 3357.272
2457.841 3397.949
2139.436 3615.525
2545.691 3644.284
2097.981 3457.734
2445.323 3321.021
2425.613 3456.969
2466.620 3593.706
2547.633 3537.942
2352.670 3446.742
2385.333 3355.948
2179.334 3568.642
2430.775 3638.731
2117.629 3555.737
2534.393 3498.532
2327.524 3295.957
2432.264 3384.278
2444.901 3504.436
2108.346 3558.700
2531.468 3647.294
2404.506 3672.369
2532.508 3666.187
2415.068 3537.893
2318.048 3665.436
2430.246 3410.353
2331.823 3664.844
2102.927 3509.770
2534.223 3308.543
2479.377 3482.789
2263.778 3679.964
2144.875 3329.484
2533.756 3647.035
2462.737 3602.074
2233.191 3627.332
2337.675 3364.606
2356.994 3656.540
2453.088 3358.901
2481.383 3426.781
2277.452 3483.839
2420.503 3705.694
2385.117 3360.241
2393.064 3443.998
2495.066 3660.772
2327.431 3634.854
2487.717 3706.576
2170.017 3289.719
2182.987 3324.615
2238.784 3271.111
2189.042 3320.707
2188.481 3339.476
2257.401 3550.757
2527.111 3588.877
2291.117 3330.734
2413.246 3263.032
2224.322 3636.890
2127.558 3290.628
2421.149 3268.168
2231.003 3285.991
2199.384 3352.920
2427.672 3559.115
2393.351 3357.331
2448.676 3634.008
2316.843 3577.723
2546.965 3681.152
2211.325 3297.329
2480.698 3589.474
2335.188 3270.450
2368.338 3328.502
2337.953 3467.164
2380.160 3426.283
2492.604 3575.719
2293.146 3340.487
2231.599 3702.112
2123.789 3285.243
2412.921 3547.599
2123.504 3616.759
2134.096 3553.396
2103.635 3338.656
2352.836 3535.833
2457.514 3521.278
2198.921 3337.932
2235.741 3502.893
2399.613 3486.983
2278.199 3570.647
2427.816 3519.755
2232.269 3615.610
2184.834 3362.344
2418.865 3702.581
2166.082 3315.364
2108.425 3642.608
2406.641 3498.447
2422.476 3382.031
2120.853 3614.059
2368.992 3611.784
2140.409 3421.958
2537.150 3399.260
2479.185 3566.916
2274.214 3557.449
2242.230 3623.298
2388.036 3558.004
2179.254 3707.242
2227.349 3554.452
2156.064 3605.971
2180.487 3458.832
2334.660 3639.093
2485.267 3477.681
2215.066 3710.989
2313.004 3629.304
2193.121 3269.744
2527.271 3326.699
2306.268 3421.354
2324.966 3364.206
2112.745 3361.560
2378.879 3347.684
2377.770 3357.029
2247.910 3310.421
2438.978 3580.814
2151.531 3412.350
2528.803 3425.586
2120.594 3460.608
2148.695 3496.123
2183.865 3610.656
2453.273 3388.134
2242.837 3613.651
2221.936 3665.886
2123.484 3498.118
2174.414 3323.985
2307.404 3305.446
2428.097 3264.010
2250.487 3451.794
2270.645 3550.200
2275.679 3571.120
2129.392 3468.590
2202.886 3554.331
2364.757 3463.072
2425.239 3617.632
2161.576 3709.321
2316.790 3501.469
2451.603 3709.006
2448.414 3457.678
2402.791 3449.734
2462.133 3456.855
2324.380 3560.380
2487.043 3646.600
2412.452 3462.551
2415.029 3643.906
2187.463 3305.889
2526.006 3367.476
2183.831 3489.587
2209.240 3310.267
2409.246 3568.795
2433.034 3532.606
2550.705 3477.748
2413.279 3489.400
2198.680 3510.964
2271.445 3291.318
2320.176 3627.753
2512.081 3497.957
2267.401 3483.662
2332.604 3269.056
2432.800 3549.426
2207.432 3370.764
2316.345 3636.474
2347.241 3319.695
2428.684 3663.617
2112.332 3375.191
2194.619 3574.005
2127.357 3388.686
2418.345 3708.964
2499.939 3575.952
2206.672 3612.000
2226.380 3630.111
2293.515 3326.975
2327.219 3470.734
2243.257 3534.025
2515.285 3645.592
2259.944 3588.863
2413.215 3609.864
2147.740 3323.970
2432.163 3622.521
2112.045 3415.486
2485.305 3336.263
2328.173 3319.887
2247.327 3663.283
2354.590 3489.318
2421.232 3419.513
2133.490 3634.897
2253.517 3306.533
2171.371 3655.398
2238.257 3257.805
2351.639 3267.517
2451.716 3519.295
2417.724 3633.754
2487.702 3641.699
2242.493 3504.744
2189.017 3437.360
2362.111 3696.285
2527.685 3398.023
2488.633 3385.513
2141.172 3543.105
2380.161 3399.711
2312.286 3297.450
2239.820 3696.205
2169.426 3608.101
2374.048 3685.118
2446.379 3271.994
2339.234 3306.959
2368.872 3510.324
2173.978 3518.427
2250.649 3298.957
2421.276 3577.719
2118.087 3494.185
2526.422 3348.610
2279.592 3392.055
2532.409 3657.874
2111.906 3644.207
2223.276 3441.254
2197.623 3660.668
2273.332 3373.656
2436.435 3691.313
2513.579 3464.949
2137.324 3336.739
2326.736 3535.282
2360.810 3376.473
2371.465 3611.665
2182.200 3503.347
2511.985 3434.754
2324.354 3615.053
2127.918 3460.187
2267.824 3682.084
2544.334 3552.332
2287.647 3369.621
2269.769 3457.148
2339.585 3415.200
2365.542 3318.332
2142.857 3318.686
2549.952 3361.505
2477.896 3267.651
2510.136 3290.242
2188.322 3367.744
2144.673 3700.092
2403.690 3374.843
2147.822 3438.942
2324.350 3596.320
2241.162 3402.076
2465.801 3529.101
2157.146 3331.211
2441.739 3276.284
2456.858 3698.238
2344.675 3282.347
2282.863 3379.423
2540.169 3278.391
2300.662 3545.128
2541.365 3366.170
2370.303 3303.603
2334.902 3360.571
2446.579 3554.749
2396.345 3274.770
2345.343 3569.143
2214.992 3425.981
2310.568 3464.573
2418.362 3322.776
2153.988 3558.994
2276.053 3664.384
2434.904 3321.282
2501.426 3661.710
2177.542 3490.796
2519.315 3419.902
2333.754 3280.728
2338.189 3512.557
2439.647 3379.382
2235.468 3628.236
2217.229 3268.565
2373.320 3604.630
2239.941 3687.074
2305.376 3273.410
2535.910 3304.469
2513.138 3564.996
2261.195 3345.978
2495.874 3579.536
2249.715 3435.403
2118.136 3276.348
2201.410 3418.693
2100.982 3577.085
2423.230 3518.031
2153.571 3668.111
2246.595 3378.158
2194.006 3672.859
2305.798 3406.173
2506.954 3694.618
2417.697 3412.643
2199.853 3309.656
2279.879 3431.195
2217.646 3626.235
2262.495 3501.355
2239.022 3545.467
2316.912 3624.744
2365.925 3655.330
2359.361 3387.149
2428.688 3592.338
2523.920 3360.549
2247.510 3679.953
2151.053 3551.274
2149.787 3696.009
2344.226 3507.888
2502.341 3353.805
2483.187 3612.903
2136.504 3533.881
2426.020 3301.039
2318.999 3486.152
2329.435 3558.813
2271.288 3333.818
2199.448 3624.324
2227.326 3603.033
2396.798 3461.978
2403.774 3535.033
2248.603 3354.423
2261.883 3697.218
2169.008 3437.871
2293.218 3257.244
2518.077 3365.033
2540.333 3607.240
2198.213 3524.142
2327.003 3344.903
2531.303 3497.054
2255.714 3527.706
2271.130 3424.766
2292.199 3281.025
2281.183 3525.813
2170.347 3386.252
2118.712 3535.087
2116.101 3568.875
2205.470 3582.792
2188.732 3537.358
2465.869 3373.463
2534.966 3295.703
2414.745 3641.993
2435.668 3559.474
2150.238 3611.009
2499.737 3615.638
2142.679 3407.189
2463.798 3544.767
2155.872 3389.185
2361.789 3324.474
2402.618 3710.893
2238.110 3640.182
2531.378 3408.001
2180.165 3641.270
2304.356 3469.301
2154.599 3358.814
2515.309 3572.936
2149.594 3573.918
2399.414 3680.935
2395.398 3691.233
2123.902 3641.042
2348.030 3677.383
2192.838 3661.448
2416.735 3553.320
2324.342 3509.048
2458.849 3577.213
2383.834 3664.521
2189.076 3429.551
2520.691 3275.746
2251.400 3624.853
2342.012 3665.037
2275.851 3563.748
2136.195 3532.132
2531.232 3487.632
2298.544 3546.551
2461.123 3489.672
2280.228 3464.690
2425.988 3621.965
2275.271 3494.922
2211.476 3630.223
2279.279 3585.627
2540.457 3336.624
2548.854 3482.352
2261.034 3508.632
2175.514 3575.136
2445.384 3403.005
2480.649 3349.365
2209.477 3291.209
2345.650 3266.650
2276.407 3532.496
2101.920 3318.026
2447.923 3347.146
2363.905 3325.109
2140.837 3371.193
2519.775 3668.488
2254.032 3533.764
2449.574 3658.115
2390.557 3516.838
2535.657 3287.222
2197.016 3371.596
2142.472 3562.441
2401.188 3503.038
2225.566 3527.718
2263.319 3534.271
2334.516 3420.243
2502.295 3438.591
2397.150 3556.617
2224.763 3391.026
2104.119 3541.710
2155.819 3379.147
2367.051 3640.910
2467.682 3371.933
2503.418 3340.876
2329.655 3547.989
2440.447 3557.964
2165.712 3320.245
2385.458 3292.424
2387.138 3512.402
2215.528 3379.811
2274.628 3494.059
2180.958 3399.607
2490.737 3675.563
2145.500 3636.279
2208.718 3589.139
2258.639 3274.923
2361.803 3466.571
2254.131 3284.897
2197.960 3529.235
2259.432 3572.749
2272.825 3575.892
2239.505 3300.338
2109.690 3453.305
2302.162 3698.648
2518.209 3589.848
2111.482 3393.771
2192.299 3544.342
2248.014 3496.267
2105.781 3345.983
2150.420 3454.692
2231.106 3325.679
2126.749 3280.650
2102.832 3347.505
2347.275 3378.809
2412.089 3604.944
2435.035 3687.981
2299.589 3381.859
2423.763 3505.342
2464.784 3561.375
2505.261 3371.605
2096.309 3502.641
2303.422 3527.280
2451.721 3285.670
2433.407 3467.283
2097.581 3653.430
2367.575 3590.414
2514.816 3694.381
2283.340 3359.210
2508.549 3538.278
2242.838 3618.372
2455.261 3502.468
2217.211 3315.189
2206.944 3483.999
2131.018 3536.210
2237.940 3512.515
2342.182 3341.753
2332.466 3618.545
2108.132 3365.852
2281.834 3390.815
2192.727 3428.696
2217.115 3659.512
2130.673 3680.258
2437.041 3300.151
2455.804 3410.252
2243.726 3643.036
2197.072 3324.151
2470.596 3704.300
2131.130 3588.890
2392.500 3672.169
2206.770 3563.475
2297.181 3558.920
2396.573 3573.603
2154.986 3658.282
2385.154 3630.958
2275.236 3563.235
2390.680 3657.536
2267.526 3702.334
2421.332 3532.587
2393.814 3681.366
2213.527 3468.597
2269.582 3400.315
2098.411 3463.972
2351.192 3561.310
2526.894 3434.145
2202.586 3527.373
2529.308 3482.869
2507.490 3290.382
2415.756 3609.281
2382.465 3667.462
2348.570 3401.401
2173.089 3263.558
2458.063 3433.180
2486.176 3548.325
2305.304 3541.780
2273.322 3427.250
2206.813 3667.898
2449.172 3377.240
2330.637 3402.266
2531.021 3539.384
2392.665 3450.597
2241.810 3280.184
2453.480 3275.877
2120.080 3604.399
2442.388 3300.295
2269.121 3435.590
2406.396 3389.749
2420.436 3606.146
2426.672 3588.575
2245.658 3370.998
2524.162 3608.933
2231.944 3457.424
2534.081 3633.050
2389.121 3630.652
2358.353 3678.381
2328.559 3340.686
2479.041 3592.180
2200.384 3637.993
2239.509 3653.859
2447.728 3417.405
2353.707 3493.705
2347.409 3440.042
2155.231 3585.063
2529.950 3449.681
2531.882 3289.389
2382.076 3294.719
2119.683 3347.369
2418.627 3433.797
2328.432 3709.599
2437.023 3279.114
2297.382 3314.897
2529.201 3366.332
2342.251 3377.559
2457.208 3507.163
2450.925 3332.716
2241.845 3446.417
2354.012 3626.038
2138.625 3359.860
2310.377 3259.239
2294.713 3503.444
2418.394 3374.657
2443.955 3511.841
2360.251 3469.791
2271.837 3702.902
2255.716 3620.554
2312.317 3305.786
2213.141 3393.663
2540.065 3449.236
2267.100 3657.455
2518.806 3465.363
2484.110 3522.494
2470.794 3544.875
2399.357 3503.699
2359.599 3576.681
2467.795 3382.773
2395.056 3662.726
2502.874 3625.604
2316.267 3465.708
2484.425 3592.714
2160.339 3276.219
2405.190 3705.481
2254.886 3268.356
2371.534 3400.657
2485.506 3562.548
2413.165 3409.033
2497.851 3455.777
2237.974 3586.573
2229.574 3548.797
2115.970 3582.561
2174.732 3692.088
2254.961 3669.139
2261.080 3435.607
2158.436 3258.703
2304.704 3573.176
2234.231 3414.160
2438.318 3433.410
2289.099 3261.535
2407.790 3480.218
2305.227 3559.042
2116.013 3615.162
2350.463 3593.872
2413.236 3542.848
2133.155 3372.741
2259.842 3571.631
2180.934 3592.304
2387.620 3614.826
2406.198 3574.383
2230.332 3601.121
2429.085 3626.810
2119.597 3517.302
2262.983 3368.620
2499.155 3354.883
2261.849 3511.271
2471.029 3340.983
2184.980 3594.794
2478.932 3641.371
2474.974 3274.077
2100.666 3447.219
2334.740 3453.588
2147.991 3353.071
2322.917 3275.916
2165.988 3498.016
2199.715 3584.122
2108.504 3657.236
2139.174 3659.697
2541.076 3478.394
2461.233 3511.544
2313.114 3698.714
2100.433 3474.436
2212.542 3569.287
2326.858 3573.368
2485.585 3293.790
2271.715 3314.503
2450.427 3544.171
2145.750 3653.718
2452.831 3597.486
2278.311 3611.148
2237.938 3686.297
2319.506 3307.198
2120.368 3308.939
2459.049 3398.048
2132.016 3354.269
2323.208 3694.249
2164.270 3465.505
2191.608 3660.477
2503.756 3535.332
2291.714 3335.118
2170.559 3458.771
2373.203 3604.339
2239.545 3619.831
2462.638 3559.634
2101.234 3603.050
2434.212 3379.754
2285.203 3260.346
2512.778 3276.289
2201.063 3464.117
2437.323 3489.846
2259.485 3266.235
2192.856 3686.971
2545.341 3352.858
2351.645 3513.337
2113.028 3278.969
2514.123 3559.463
2404.503 3455.039
2186.059 3661.091
2123.249 3690.398
2239.544 3286.324
2275.054 3383.444
2505.159 3702.613
2479.945 3630.330
2521.385 3564.631
2491.872 3390.930
2331.245 3363.715
2159.641 3386.579
2394.487 3677.731
2532.647 3391.918
2135.414 3279.350
2432.660 3374.749
2509.893 3685.082
2382.346 3426.753
2455.493 3258.241
2273.162 3602.568
2467.540 3588.992
2324.767 3499.743
2257.625 3606.612
2483.558 3418.820
2545.217 3533.230
2534.273 3346.123
2342.035 3472.270
2227.618 3286.112
2390.697 3576.121
2461.853 3581.057
2242.415 3291.663
2209.513 3465.791
2221.285 3306.410
2143.042 3693.608
2249.083 3672.578
2283.581 3374.715
2237.556 3665.546
2274.149 3418.228
2218.568 3663.973
2118.070 3585.183
2369.863 3290.312
2539.612 3609.304
2277.433 3363.570
2543.511 3461.724
2113.652 3455.807
2214.426 3275.004
2239.361 3257.570
2388.131 3476.055
2520.929 3363.216
2153.978 3676.392
2311.022 3395.032
2162.741 3610.742
2358.547 3638.029
2297.630 3541.035
2525.336 3274.656
2420.076 3689.218
2295.732 3489.417
2279.787 3405.024
2280.051 3377.296
2269.972 3274.313
2132.376 3402.073
2190.004 3408.014
2259.335 3669.463
2411.558 3352.188
2498.071 3708.131
2451.552 3261.646
2338.284 3555.200
2186.361 3517.852
2318.175 3345.090
2329.305 3364.009
2365.094 3456.076
2468.748 3374.584
2105.183 3303.992
2394.465 3569.198
2388.121 3688.502
2317.228 3505.881
2263.961 3671.820
2327.954 3446.784
2224.119 3467.660
2418.790 3312.597
2445.309 3265.081
2417.068 3262.368
2328.559 3393.861
2401.274 3271.228
2302.744 3450.994
2137.677 3435.928
2189.358 3692.888
2493.696 3271.880
2450.489 3533.818
2102.261 3559.938
2377.227 3566.884
2133.385 3296.840
2283.585 3345.694
2510.089 3534.128
2303.232 3371.508
2145.616 3661.991
2414.002 3294.975
2236.746 3562.761
2361.749 3339.720
2473.123 3661.832
2347.087 3666.814
2461.808 3435.660
2112.083 3532.168
2390.052 3481.876
2212.343 3334.868
2113.168 3443.193
2266.432 3605.410
2334.324 3562.399
2233.432 3609.606
2144.714 3301.041
2365.113 3506.858
2486.846 3486.678
2153.695 3614.881
2434.186 3294.211
2461.835 3367.592
2430.167 3305.750
2416.652 3263.028
2235.406 3685.302
2143.347 3281.324
2408.551 3484.060
2427.180 3394.487
2429.489 3403.636
2429.422 3412.617
2423.079 3440.273
2201.204 3537.811
2313.952 3707.758
2157.365 3562.629
2504.129 3606.366
2251.496 3272.621
2324.212 3559.337
2325.372 3674.944
2357.168 3277.509
2239.177 3579.043
2441.278 3561.237
2426.625 3565.132
2256.387 3653.081
2343.602 3401.072
2172.822 3429.173
2379.384 3292.229
2472.264 3333.425
2325.196 3323.511
2307.381 3707.741
2274.814 3381.333
2142.202 3383.503
2381.500 3349.988
2148.980 3590.363
2228.913 3703.062
2542.465 3531.001
2530.885 3548.301
2113.204 3607.298
2264.384 3339.737
2407.636 3660.668
2534.241 3703.163
2306.327 3465.622
2333.672 3360.120
2496.144 3400.227
2175.056 3396.851
2436.704 3550.991
2533.012 3670.546
2352.399 3549.606
2116.796 3640.070
2147.755 3433.062
2204.544 3392.518
2106.887 3371.971
2314.191 3702.233
2221.582 3541.683
2432.532 3685.529
2152.678 3574.799
2303.658 3382.491
2526.533 3312.750
2337.416 3274.872
2496.831 3441.538
2452.228 3473.890
2135.960 3471.957
2485.740 3309.292
2476.745 3316.009
2254.286 3501.581
2298.780 3363.129
2472.688 3439.255
2406.071 3633.177
2338.229 3318.594
2279.387 3373.817
2331.341 3431.832
2512.664 3269.484
2281.926 3647.430
2461.256 3350.660
2418.241 3610.206
2341.066 3433.343
2172.908 3643.904
2355.316 3701.585
2235.260 3393.070
2354.762 3299.870
2199.374 3649.727
2145.818 3288.514
2278.583 3632.728
2290.749 3708.144
2322.522 3506.016
2367.342 3262.497
2177.471 3299.429
2240.487 3439.074
2133.440 3362.604
2470.983 3453.756
2284.337 3326.982
2283.148 3638.243
2207.260 3504.581
2101.737 3532.082
2341.558 3265.488
2268.608 3316.664
2144.166 3328.688
2316.334 3486.189
2522.712 3448.738
2331.351 3405.505
2280.994 3364.721
2541.294 3495.572
2415.192 3644.462
2515.764 3424.871
2165.958 3450.233
2332.959 3386.184
2333.622 3704.667
2445.057 3356.935
2339.128 3482.693
2533.775 3622.852
2140.181 3366.800
2125.894 3608.496
2103.292 3549.471
2270.918 3586.591
2297.859 3570.438
2521.421 3531.234
2458.160 3454.830
2323.356 3665.350
2489.835 3628.727
2406.002 3483.818
2538.030 3399.305
2252.512 3340.336
2518.540 3444.881
2207.947 3658.623
2340.933 3481.252
2317.545 3428.895
2323.109 3475.964
2487.748 3651.594
2364.111 3304.642
2105.958 3321.584
2387.285 3683.737
2296.591 3469.278
2419.888 3586.801
2155.406 3340.771
2170.277 3584.445
2308.575 3566.031
2322.470 3580.960
2542.036 3397.773
2398.890 3375.227
2363.583 3517.059
2455.615 3558.802
2261.862 3531.005
2476.168 3502.796
2379.678 3371.408
2426.511 3682.995
2228.006 3624.998
2158.033 3395.547
2401.854 3520.164
2516.054 3579.282
2168.495 3654.022
2142.573 3433.128
2340.681 3705.963
2124.898 3264.265
2198.356 3594.617
2156.592 3672.230
2287.183 3516.492
2389.241 3470.184
2287.740 3361.269
2128.513 3258.794
2538.640 3466.068
2382.777 3425.412
2480.885 3559.896
2517.195 3594.734
2186.015 3426.689
2377.774 3364.995
2489.828 3337.851
2283.622 3318.709
2498.966 3466.548
2482.458 3506.005
2215.320 3689.583
2286.175 3463.894
2286.949 3308.545
2204.320 3314.174
2375.916 3382.689
2369.836 3612.170
2372.170 3419.673
2159.729 3346.114
2332.471 3493.865
2206.860 3607.080
2477.462 3257.313
2248.212 3543.005
2197.015 3616.227
2342.646 3272.265
2386.558 3324.861
2100.151 3444.349
2252.652 3638.377
2339.969 3399.794
2484.877 3436.056
2176.368 3619.327
2280.672 3412.243
2388.878 3452.235
2327.577 3445.377
2201.564 3631.292
2291.707 3338.042
2378.231 3458.366
2208.537 3373.871
2467.708 3493.546
2262.198 3642.326
2500.858 3268.385
2524.655 3583.599
2129.640 3658.705
2183.053 3383.615
2135.912 3480.203
2392.953 3394.580
2323.268 3665.827
2315.380 3593.458
2323.208 3693.032
2430.757 3387.486
2182.490 3604.490
2488.249 3423.072
2493.754 3572.686
2542.322 3501.544
2325.936 3653.382
2237.167 3278.012
2168.332 3369.331
2256.227 3304.236
2535.513 3287.866
2331.587 3621.675
2389.719 3643.111
2131.818 3349.657
2499.561 3542.884
2214.418 3609.630
2481.005 3690.139
2407.385 3615.831
2189.986 3645.350
2178.596 3669.011
2315.448 3335.273
2119.965 3544.460
2414.919 3355.276
2473.056 3682.920
2165.552 3701.836
2472.193 3512.224
2488.937 3334.718
2438.278 3528.937
2287.290 3530.918
2111.470 3470.644
2314.956 3373.085
2372.170 3433.200
2457.959 3680.953
2156.481 3694.144
2549.527 3627.759
2304.812 3643.704
2169.941 3364.365
2154.393 3571.703
2391.087 3471.228
2180.323 3588.733
2490.557 3528.068
2429.761 3318.832
2173.716 3580.223
2330.361 3630.531
2275.687 3527.237
2467.588 3632.586
2438.812 3385.381
2162.674 3382.743
2354.909 3641.431
2111.251 3328.484
2343.904 3619.259
2153.346 3641.767
2390.479 3559.946
2457.778 3556.756
2381.066 3290.446
2439.138 3567.119
2335.818 3562.229
2221.200 3471.183
2179.515 3437.911
2407.241 3701.335
2219.270 3622.403
2388.168 3547.628
2387.999 3414.898
2417.926 3333.918
2413.921 3361.306
2416.767 3658.577
2256.604 3665.692
2288.512 3529.036
2322.109 3457.787
2154.213 3514.555
2512.208 3682.963
2343.022 3557.961
2115.066 3667.541
2286.096 3619.775
2145.599 3471.695
2356.538 3269.289
2198.020 3677.499
2336.868 3409.906
2314.255 3569.053
2187.591 3560.749
2159.652 3470.632
2389.541 3467.764
2502.238 3428.062
2549.759 3544.297
2149.289 3361.949
2121.943 3516.258
2325.090 3669.652
2100.072 3302.368
2399.380 3407.350
2301.291 3498.661
2154.520 3421.777
2401.575 3274.685
2542.611 3309.844
2187.506 3416.486
2311.550 3706.007
2288.361 3681.529
2138.526 3514.694
2524.991 3579.169
2365.056 3427.026
2427.368 3288.044
2254.738 3683.822
2387.425 3321.340
2175.024 3629.405
2547.532 3682.252
2216.673 3426.833
2500.044 3689.225
2246.059 3360.772
2384.248 3278.080
2291.323 3673.916
2485.602 3646.259
2327.234 3384.617
2413.389 3429.381
2268.266 3271.544
2197.516 3408.040
2354.639 3263.241
2362.806 3289.743
2458.346 3626.023
2329.942 3609.857
2194.054 3699.716
2108.633 3524.267
2436.086 3619.042
2209.262 3265.419
2535.755 3369.389
2491.618 3603.578
2384.249 3631.475
2221.796 3462.365
2479.491 3547.481
2228.460 3362.259
2305.687 3494.578
2119.485 3338.859
2455.284 3399.476
2515.208 3345.341
2460.196 3595.566
2337.898 3625.947
2505.419 3272.280
2420.281 3578.215
2538.189 3466.001
2473.376 3346.261
2488.021 3419.417
2532.238 3597.200
2312.734 3484.571
2547.761 3484.819
2273.229 3388.989
2191.426 3450.379
2298.507 3315.198
2155.454 3488.045
2456.023 3633.974
2152.453 3380.478
2482.255 3601.992
2421.570 3498.180
2478.381 3514.323
2495.127 3321.880
2097.548 3496.067
2314.533 3609.586
2392.539 3414.184
2307.803 3280.607
2293.368 3558.499
2173.425 3611.020
2500.671 3673.647
2454.343 3615.925
2370.944 3687.102
2174.112 3621.928
2315.893 3403.134
2534.491 3300.371
2208.036 3694.125
2109.121 3711.380
2450.531 3274.391
2404.801 3663.848
2143.410 3688.384
2178.795 3438.809
2153.163 3680.439
2532.246 3707.811
2257.530 3415.473
2528.810 3342.276
2541.944 3465.336
2516.770 3554.047
2154.288 3557.062
2220.817 3476.669
2460.231 3262.642
2445.413 3492.578
2312.270 3380.187
2483.526 3341.295
2429.917 3497.314
2101.302 3606.901
2237.606 3312.989
2256.634 3468.354
2357.127 3540.350
2301.936 3529.418
2386.260 3593.750
2281.290 3662.147
2348.661 3657.336
2176.630 3482.053
2322.635 3299.277
2501.163 3628.923
2193.350 3697.498
2168.890 3604.940
2106.194 3646.814
2351.692 3464.119
2163.083 3672.707
2128.489 3496.233
2508.604 3341.846
2270.827 3473.952
2187.081 3481.151
2476.088 3332.722
2169.163 3385.814
2530.661 3404.530
2335.573 3276.362
2225.754 3321.061
2465.705 3466.461
2329.870 3599.327
2532.603 3295.293
2223.956 3512.808
2220.390 3595.152
2121.410 3596.489
2201.723 3669.341
2422.937 3530.552
2285.562 3525.139
2114.669 3446.811
2316.110 3567.342
2401.352 3410.057
2458.085 3612.670
2243.747 3418.261
2124.622 3704.927
2490.104 3621.602
2347.053 3680.817
2319.927 3578.206
2302.296 3678.619
2378.666 3288.094
2427.414 3475.760
2392.212 3610.163
2413.097 3445.167
2386.837 3699.096
2148.336 3329.855
2168.859 3403.491
2525.494 3586.147
2136.659 3322.549
2387.505 3309.040
2229.315 3688.554
2378.964 3413.824
2508.121 3602.852
2249.654 3508.523
2149.163 3479.809
2162.162 3382.144
2264.322 3527.863
2495.946 3409.155
2297.217 3617.748
2434.492 3670.705
2333.122 3673.141
2305.348 3283.192
2323.409 3506.993
2434.010 3691.927
2190.992 3296.781
2359.367 3336.426
2366.371 3399.435
2271.328 3384.398
2312.203 3490.717
2297.629 3479.911
2098.204 3530.922
2133.721 3352.809
2279.455 3403.936
2388.450 3693.100
2526.926 3711.196
2484.708 3672.222
2122.448 3588.510
2151.652 3334.426
2294.729 3486.890
2182.293 3426.456
2155.507 3438.534
2262.281 3371.045
2245.801 3337.537
2244.122 3508.707
2249.204 3295.594
2100.606 3424.942
2478.902 3290.210
2392.943 3280.008
2189.884 3318.509
2242.637 3682.266
2515.127 3397.609
2262.480 3416.008
2356.268 3381.912
2301.139 3567.060
2467.664 3293.314
2167.050 3261.754
2127.682 3401.777
2264.774 3382.242
2382.135 3473.420
2101.438 3401.573
2287.178 3515.899
2494.033 3275.947
2376.991 3456.056
2422.580 3580.382
2452.271 3523.983
2137.498 3572.851
2131.854 3404.704
2140.989 3339.832
2504.339 3314.144
2150.219 3588.475
2466.664 3335.947
2182.159 3695.299
2307.226 3360.789
2485.771 3271.620
2342.401 3291.536
2267.437 3424.969
2396.928 3512.881
2303.733 3387.470
2196.470 3342.845
2383.038 3473.967
2277.301 3435.334
2445.289 3496.214
2340.956 3659.614
2216.417 3509.762
2375.040 3579.200
2411.866 3707.011
2194.800 3615.548
2218.551 3424.782
2365.604 3590.135
2369.123 3334.659
2284.880 3274.561
2460.285 3565.278
2517.764 3605.117
2334.687 3532.752
2229.091 3630.222
2256.084 3666.550
2534.116 3262.590
2471.630 3490.931
2318.142 3692.484
2512.395 3449.607
2219.477 3282.940
2476.034 3277.622
2299.343 3353.745
2229.443 3543.317
2153.035 3318.261
2499.636 3566.383
2188.089 3483.496
2176.139 3463.846
2119.168 3386.236
2357.891 3406.204
2313.602 3543.497
1693.171 2501.743
1423.850 2469.590
1452.972 2725.192
1366.730 2642.608
1416.893 2519.425
1445.380 2430.701
1550.660 2517.639
1335.285 2385.647
1702.185 2694.736
1598.053 2675.876
1505.794 2593.874
1630.401 2754.228
1492.522 2517.265
1517.307 2693.479
1386.019 2715.119
1697.442 2306.851
1707.400 2306.145
1276.563 2397.128
1532.917 2563.494
1571.660 2366.693
1521.799 2433.292
1399.554 2398.143
1659.706 2404.418
1355.678 2750.058
1535.025 2469.800
1482.843 2507.213
1637.075 2708.119
1566.369 2755.474
1557.241 2707.301
1420.772 2374.286
1412.992 2718.369
1662.054 2428.788
1411.169 2372.339
1453.338 2707.304
1354.029 2385.484
1540.769 2448.323
1330.506 2625.412
1644.157 2668.218
1285.226 2495.417
1461.551 2684.900
1586.247 2409.531
1641.548 2594.199
1705.035 2718.656
1518.944 2641.887
1683.487 2753.805
1292.009 2620.594
1331.732 2662.527
1496.642 2708.317
1440.438 2717.482
1396.955 2515.711
1625.457 2573.620
1324.498 2728.600
1699.382 2508.977
1326.308 2401.316
1680.370 2541.731
1604.598 2385.118
1488.892 2466.104
1519.890 2588.391
1627.575 2512.702
1323.559 2509.888
1657.798 2630.430
1409.609 2491.001
1723.237 2657.330
1393.751 2471.573
1285.915 2408.942
1280.866 2309.668
1421.032 2641.828
1519.197 2398.803
1498.989 2537.357
1695.007 2464.137
1489.464 2561.145
1666.425 2488.630
1326.545 2480.790
1498.734 2372.425
1274.938 2699.482
1647.524 2475.453
1562.060 2490.999
1543.881 2375.713
1300.910 2518.230
1285.371 2652.255
1309.894 2406.875
1547.884 2473.138
1701.236 2735.171
1702.107 2542.521
1422.704 2433.772
1650.960 2416.180
1443.824 2435.114
1464.735 2573.689
1308.531 2367.375
1287.790 2662.962
1606.014 2590.683
1562.287 2494.786
1429.180 2624.320
1676.403 2408.323
1707.104 2426.171
1466.048 2504.264
1681.341 2706.379
1525.239 2515.215
1673.517 2356.633
1475.038 2698.622
1638.228 2306.861
1498.796 2444.409
1352.660 2695.980
1375.493 2354.693
1586.274 2479.289
1528.710 2477.373
1653.908 2321.660
1723.405 2672.263
1376.679 2575.652
1315.607 2619.784
1671.941 2603.580
1616.895 2415.636
1373.179 2316.222
1327.564 2711.344
1305.039 2557.590
1651.467 2493.441
1687.627 2483.203
1389.303 2708.051
1639.639 2454.022
1493.439 2363.355
1323.306 2468.533
1466.155 2662.397
1377.894 2751.010
1723.009 2304.768
1320.805 2405.063
1540.485 2710.163
1347.749 2560.289
1658.338 2642.342
1595.859 2461.217
1661.312 2524.493
1435.818 2639.355
1426.308 2752.164
1325.964 2607.764
1656.872 2756.465
1537.388 2492.296
1355.197 2728.072
1597.715 2582.267
1394.522 2328.875
1282.349 2619.207
1304.148 2551.623
1590.245 2470.884
1687.737 2702.630
1595.679 2411.796
1444.347 2408.658
1713.200 2589.874
1507.284 2458.641
1716.440 2678.560
1416.609 2723.650
1413.562 2537.174
1482.271 2535.853
1335.151 2749.040
1488.094 2670.516
1688.531 2436.616
1308.528 2544.311
1508.537 2746.627
1661.716 2368.528
1619.029 2405.338
1558.819 2594.597
1540.736 2750.891
1686.777 2743.969
1588.881 2701.055
1336.008 2447.364
1294.178 2647.626
1392.084 2340.977
1341.517 2591.936
1608.637 2307.308
1726.655 2365.817
1609.734 2710.814
1581.372 2710.586
1700.994 2656.568
1298.242 2347.881
1597.767 2753.905
1306.457 2669.812
1560.157 2621.494
1580.288 2738.932
1501.905 2370.295
1582.635 2314.516
1433.100 2504.807
1442.337 2748.006
1361.061 2467.434
1595.278 2307.548
1621.743 2342.093
1294.258 2719.927
1341.910 2504.789
1643.827 2438.711
1436.145 2328.452
1643.357 2371.371
1300.475 2390.024
1716.290 2672.061
1604.996 2613.178
1514.874 2590.207
1554.007 2511.171
1405.991 2525.840
1481.679 2552.233
1519.088 2579.190
1320.958 2707.921
1278.099 2378.600
1620.833 2712.746
1597.701 2417.234
1421.334 2518.864
1297.616 2665.661
1379.196 2333.985
1348.194 2568.269
1505.301 2488.553
1541.391 2503.798
1655.681 2374.438
1488.733 2596.974
1575.426 2435.114
1631.439 2528.133
1329.588 2672.559
1309.920 2527.625
1587.927 2391.732
1441.314 2570.228
1593.220 2733.044
1553.999 2436.570
1667.173 2426.228
1409.469 2436.645
1536.757 2629.045
1374.567 2702.249
1367.374 2340.069
1648.626 2437.230
1434.228 2553.656
1417.569 2635.923
1439.480 2600.240
1303.400 2695.800
1314.266 2621.850
1325.746 2674.719
1568.379 2441.335
1590.032 2466.951
1496.422 2502.452
1559.445 2611.079
1611.259 2538.510
1418.134 2338.796
1285.625 2749.952
1702.654 2632.230
1320.354 2433.120
1567.195 2418.178
1682.338 2325.058
1477.871 2477.588
1581.625 2389.838
1693.746 2736.706
1676.863 2569.571
1399.711 2515.631
1672.062 2691.306
1684.010 2517.449
1464.360 2477.338
1355.074 2717.699
1369.404 2418.858
1506.472 2678.691
1641.439 2643.836
1365.769 2394.388
1572.973 2598.316
1285.881 2384.825
1553.866 2658.167
1382.783 2745.061
1560.095 2368.594
1712.557 2359.258
1292.013 2448.098
1453.245 2548.332
1332.645 2442.911
1302.141 2756.354
1438.073 2677.098
1581.659 2338.304
1393.740 2377.125
1293.606 2721.914
1483.687 2653.768
1447.112 2482.040
1621.176 2726.095
1294.514 2473.962
1334.588 2552.395
1645.330 2608.777
1606.573 2321.693
1336.214 2646.191
1631.972 2461.794
1722.786 2563.159
1724.390 2604.729
1401.948 2527.571
1716.497 2505.681
1369.927 2675.731
1635.867 2665.673
1336.182 2650.034
1411.123 2720.277
1287.913 2735.785
1311.768 2359.662
1289.152 2539.295
1673.120 2374.095
1336.789 2569.624
1523.077 2368.331
1323.816 2749.426
1620.140 2410.968
1602.336 2546.223
1460.433 2668.999
1709.917 2671.602
1422.944 2597.398
1633.578 2746.904
1406.784 2659.696
1402.190 2592.295
1410.566 2581.828
1539.528 2678.824
1285.184 2522.590
1444.195 2479.778
1350.284 2466.458
1293.845 2366.498
1473.185 2702.478
1278.175 2413.628
1436.538 2657.265
1585.887 2500.598
1660.119 2738.976
1671.307 2710.626
1466.693 2346.140
1724.395 2549.948
1582.971 2549.911
1485.962 2317.068
1381.786 2366.064
1658.509 2462.700
1542.205 2329.869
1435.222 2574.122
1425.754 2554.543
1322.700 2614.126
1701.095 2469.756
1286.017 2441.852
1372.693 2307.872
1704.251 2478.476
1537.401 2310.216
1273.677 2748.357
1341.464 2316.845
1273.520 2320.114
1351.338 2331.521
1325.788 2622.767
1676.587 2575.754
1619.910 2641.018
1357.550 2515.422
1695.381 2569.846
1347.696 2381.576
1410.792 2541.568
1639.088 2412.812
1614.273 2528.173
1525.235 2728.334
1340.816 2670.725
1718.720 2397.797
1604.824 2403.292
1608.712 2357.877
1677.965 2600.314
1353.679 2530.072
1412.047 2701.779
1676.001 2660.162
1672.927 2407.191
1311.136 2503.548
1715.419 2413.604
1347.193 2686.267
1529.297 2746.214
1611.115 2670.373
1623.311 2664.139
1322.882 2450.207
1678.879 2327.036
1717.026 2735.853
1430.353 2645.279
1593.911 2673.443
1469.543 2711.900
1637.819 2688.581
1524.764 2488.625
1294.181 2653.241
1363.616 2700.282
1473.681 2461.945
1291.771 2661.898
1534.767 2535.172
1463.348 2634.415
1352.292 2714.347
1584.478 2747.680
1277.507 2757.559
1645.446 2363.573
1582.770 2376.851
1575.431 2502.908
1688.098 2739.635
1298.721 2621.309
1648.504 2467.384
1303.644 2310.195
1662.228 2494.454
1415.450 2431.735
1526.720 2432.067
1455.016 2618.099
1559.824 2589.824
1710.315 2642.181
1689.255 2555.268
1553.422 2634.546
1383.553 2756.937
1378.341 2489.472
1503.010 2636.957
1720.206 2605.957
1605.142 2472.131
1608.344 2512.144
1705.463 2557.103
1367.729 2734.314
1604.090 2521.888
1383.513 2473.745
1682.116 2581.976
1334.817 2589.868
1309.019 2689.642
1699.005 2455.979
1681.637 2429.813
1472.423 2750.363
1635.558 2572.538
1365.966 2396.616
1699.052 2335.762
1314.465 2714.069
1720.497 2516.148
1325.928 2410.606
1611.577 2578.952
1370.454 2465.802
1557.858 2693.369
1446.838 2344.145
1415.948 2730.702
1442.155 2641.578
1704.371 2535.209
1554.119 2663.464
1573.591 2552.357
1517.298 2394.210
1342.448 2320.939
1591.062 2664.581
1391.156 2685.099
1294.137 2387.365
1365.133 2613.970
1423.311 2623.296
1412.802 2703.589
1500.828 2337.945
1332.950 2314.856
1668.594 2522.044
1489.526 2385.667
1406.155 2557.905
1391.965 2509.938
1514.732 2386.915
1656.328 2683.557
1707.848 2497.899
1286.092 2407.663
1434.535 2435.908
1427.012 2641.597
1443.649 2628.788
1463.866 2429.794
1586.628 2472.099
1553.502 2731.187
1679.525 2453.096
1464.378 2393.611
1364.543 2334.850
1639.434 2600.703
1455.219 2603.484
1364.592 2461.308
1626.628 2713.624
1323.188 2318.446
1564.128 2758.599
1488.584 2604.806
1458.147 2360.419
1653.639 2676.892
1536.586 2320.655
1641.546 2390.815
1504.299 2628.995
1355.533 2603.583
1479.316 2547.926
1659.860 2695.672
1434.417 2576.550
1456.014 2603.711
1298.422 2716.433
1341.339 2605.463
1669.266 2536.642
1333.959 2369.571
1468.592 2705.911
1589.560 2412.809
1564.363 2486.430
1333.224 2418.593
1470.122 2492.433
1278.717 2691.814
1708.410 2397.012
1644.343 2362.507
1426.055 2501.271
1369.414 2482.264
1295.776 2498.742
1282.302 2505.190
1644.933 2615.776
1648.983 2321.075
1653.159 2384.564
1568.885 2453.706
1375.889 2607.743
1556.983 2411.086
1686.005 2728.759
1384.693 2524.536
1441.572 2541.340
1494.503 2356.725
1651.960 2494.851
1460.872 2566.086
1386.946 2650.977
1513.582 2334.659
1603.434 2410.327
1277.593 2571.527
1299.786 2535.340
1619.209 2692.590
1565.135 2739.719
1344.424 2501.617
1626.627 2467.875
1436.870 2703.668
1545.971 2720.793
1380.251 2522.118
1711.778 2689.922
1477.838 2522.728
1640.842 2491.442
1390.740 2498.607
1371.723 2461.395
1642.790 2405.079
1311.812 2680.900
1451.764 2326.823
1562.950 2380.733
1662.145 2637.335
1676.653 2758.534
1329.384 2594.228
1614.057 2634.973
1533.528 2455.959
1628.055 2564.296
1336.439 2677.456
1279.514 2495.697
1663.234 2734.446
1600.270 2662.747
1353.794 2690.758
1351.430 2730.921
1624.390 2704.767
1393.744 2377.751
1562.193 2705.705
1665.270 2677.208
1413.707 2649.244
1398.695 2450.209
1528.856 2304.602
1284.885 2480.362
1501.728 2586.221
1693.761 2705.125
1408.688 2591.104
1446.606 2740.182
1655.085 2312.522
1500.139 2348.285
1646.033 2722.983
1438.889 2449.537
1672.526 2479.811
1486.845 2461.006
1579.708 2317.549
1354.539 2722.763
1588.574 2757.831
1642.050 2618.868
1671.005 2613.875
1333.756 2509.628
1568.602 2453.579
1363.110 2603.914
1568.233 2528.044
1701.182 2391.404
1503.108 2644.471
1336.359 2558.996
1482.139 2576.196
1416.215 2693.814
1500.669 2526.882
1388.469 2688.213
1395.112 2383.997
1678.171 2739.438
1505.663 2550.519
1387.646 2718.157
1516.210 2539.545
1467.168 2506.484
1398.584 2347.446
1336.521 2576.519
1642.227 2483.213
1292.151 2541.662
1442.788 2703.844
1539.422 2505.605
1665.569 2717.813
1478.618 2752.327
1312.273 2342.784
1414.913 2694.493
1604.110 2431.338
1329.264 2681.861
1392.601 2679.444
1290.478 2406.499
1338.549 2595.125
1379.171 2325.324
1351.177 2370.855
1524.461 2633.014
1654.064 2624.078
1310.696 2610.937
1477.961 2583.556
1585.064 2472.999
1457.702 2464.726
1325.065 2689.321
1358.721 2454.388
1584.703 2601.746
1281.953 2695.575
1379.605 2717.738
1314.163 2590.797
1477.203 2574.985
1499.319 2583.134
1477.166 2511.469
1703.795 2660.680
1651.087 2391.426
1633.171 2411.531
1622.488 2558.234
1711.005 2684.146
1519.550 2598.606
1535.951 2695.719
1302.798 2383.367
1369.191 2686.247
1651.061 2432.087
1475.177 2341.679
1662.411 2584.793
1627.969 2711.210
1650.608 2661.673
1591.462 2593.943
1715.842 2542.501
1568.354 2700.490
1602.810 2646.734
1521.896 2339.840
1386.884 2453.355
1366.435 2662.222
1496.380 2440.780
1433.144 2658.821
1326.729 2752.200
1706.389 2314.721
1518.940 2750.225
1317.629 2511.323
1681.165 2523.054
1470.415 2520.656
1475.443 2360.777
1549.726 2360.131
1333.233 2393.906
1445.894 2468.576
1662.089 2483.930
1597.461 2577.656
1353.579 2606.443
1656.773 2748.730
1466.520 2406.051
1501.645 2600.760
1446.157 2648.974
1588.564 2325.073
1603.688 2375.977
1512.512 2652.117
1292.432 2469.275
1446.079 2536.276
1277.050 2668.368
1334.100 2719.042
1412.596 2553.034
1472.390 2572.437
1390.823 2670.038
1529.912 2356.647
1649.315 2547.339
1323.360 2355.297
1364.731 2726.480
1525.222 2604.925
1543.248 2723.422
1408.448 2476.458
1626.385 2365.816
1381.260 2343.982
1476.364 2690.038
1504.368 2348.445
1517.193 2460.682
1718.195 2728.412
1670.885 2741.349
1548.668 2554.471
1307.283 2599.998
1329.830 2500.278
1519.037 2590.463
1549.227 2413.381
1404.012 2683.760
1286.306 2656.045
1594.674 2747.818
1553.003 2578.449
1560.669 2398.767
1688.718 2446.747
1655.572 2587.033
1451.596 2453.392
1277.719 2406.280
1459.114 2454.985
1516.674 2752.539
1517.945 2369.165
1283.423 2707.477
1614.274 2740.811
1288.999 2515.805
1450.997 2695.969
1556.744 2346.716
1617.088 2359.047
1353.800 2508.290
1379.355 2401.843
1697.118 2443.810
1555.083 2467.653
1703.870 2444.966
1513.302 2630.432
1403.436 2652.788
1721.638 2313.967
1600.391 2575.313
1493.205 2717.662
1579.342 2345.662
1379.950 2481.244
1518.175 2606.974
1408.174 2511.188
1350.561 2652.146
1352.454 2729.189
1559.027 2444.182
1476.717 2657.190
1581.373 2568.607
1284.165 2529.043
1465.476 2607.612
1302.316 2405.762
1633.625 2577.479
1627.104 2390.088
1494.168 2632.625
1551.799 2704.545
1673.877 2590.263
1413.580 2747.242
1678.768 2356.692
1316.061 2405.702
1593.517 2603.966
1570.467 2478.420
1461.345 2753.414
1675.952 2332.610
1509.959 2593.933
1716.456 2581.034
1682.359 2453.182
1523.176 2430.343
1670.554 2450.140
1403.124 2490.578
1617.280 2646.071
1446.802 2460.933
1339.591 2410.056
1319.369 2697.345
1515.950 2633.260
1320.597 2741.427
1275.714 2506.617
1392.594 2592.659
1569.938 2530.870
1600.298 2344.103
1334.563 2488.030
1549.554 2746.106
1543.966 2582.150
1677.255 2677.171
1533.216 2596.719
1608.836 2564.340
1352.912 2616.729
1576.183 2402.430
1686.032 2595.025
1587.211 2728.995
1407.556 2479.223
1703.194 2356.324
1480.013 2372.799
1495.061 2422.255
1622.064 2706.712
1516.792 2387.337
1440.097 2727.509
1699.821 2505.762
1644.844 2706.553
1487.946 2571.059
1314.480 2425.330
1683.630 2697.690
1507.655 2670.323
1341.321 2473.520
1464.157 2682.291
1433.873 2420.575
1670.925 2493.517
1577.799 2369.328
1724.746 2474.343
1649.919 2752.237
1651.872 2404.895
1711.814 2685.108
1583.822 2646.765
1371.173 2472.532
1342.851 2374.702
1594.261 2390.590
1579.688 2318.639
1342.526 2757.723
1495.542 2715.688
1451.520 2364.164
1489.883 2605.268
1331.089 2323.793
1326.039 2564.445
1446.488 2649.354
1398.155 2730.844
1638.236 2675.613
1697.874 2698.431
1308.926 2579.322
1538.839 2742.777
1695.596 2388.842
1537.342 2535.436
1372.350 2357.341
1575.658 2625.726
1450.741 2669.720
1512.939 2412.521
1467.081 2528.048
1575.652 2652.487
1498.058 2394.874
1642.204 2556.454
1546.726 2710.402
1367.392 2386.851
1395.076 2506.964
1577.292 2521.422
1534.625 2651.060
1335.171 2415.526
1566.818 2681.328
1705.422 2354.114
1401.270 2689.656
1342.221 2331.307
1455.156 2322.920
1403.728 2313.588
1671.583 2548.141
1506.490 2445.126
1599.835 2642.964
1540.958 2371.493
1518.974 2468.834
1504.577 2610.646
1287.609 2610.546
1315.959 2627.261
1426.345 2536.496
1692.634 2320.865
1409.726 2714.658
1356.170 2404.753
1652.319 2452.974
1321.554 2682.716
1714.965 2747.666
1655.511 2537.165
1288.950 2627.583
1624.752 2482.478
1595.571 2437.383
1603.619 2442.146
1559.135 2331.238
1306.796 2590.258
1726.518 2381.293
1338.611 2651.009
1693.622 2654.487
1440.267 2718.982
1480.674 2355.702
1338.144 2619.362
1576.837 2522.557
1417.871 2595.813
1299.647 2599.404
1497.293 2731.577
1329.701 2563.804
1540.169 2751.823
1435.494 2455.163
1503.854 2424.386
1310.652 2687.264
1547.724 2333.331
1600.748 2635.176
1521.058 2482.430
1701.460 2350.945
1589.676 2404.663
1430.303 2346.577
1357.616 2394.096
1712.677 2337.050
1431.513 2307.636
1607.793 2615.857
1655.624 2548.675
1638.690 2723.556
1453.275 2647.588
1718.857 2388.692
1359.514 2360.323
1666.585 2438.784
1522.536 2673.647
1543.660 2661.873
1491.481 2445.719
1326.188 2343.268
1688.839 2655.711
1383.092 2432.792
1717.809 2608.028
1560.267 2459.243
1341.948 2622.106
1395.298 2398.410
1590.977 2553.395
1530.284 2700.919
1283.339 2646.561
1408.967 2521.141
1692.660 2326.879
1445.256 2334.002
1673.854 2640.096
1388.480 2643.859
1409.549 2491.510
1498.446 2726.488
1584.427 2584.931
1471.616 2564.700
1564.663 2494.751
1573.457 2361.223
1480.268 2373.405
1296.481 2639.268
1645.676 2651.326
1690.491 2645.028
1286.384 2388.377
1330.883 2634.424
1497.345 2505.283
1332.742 2739.609
1467.812 2343.792
1627.807 2443.162
1478.932 2563.164
1541.323 2578.607
1317.986 2414.092
1539.127 2646.574
1508.946 2730.141
1284.663 2616.042
1505.198 2393.405
1426.365 2382.405
1463.365 2380.224
1493.073 2647.102
1543.234 2502.884
1355.417 2672.130
1712.443 2611.334
1434.613 2650.486
1495.638 2578.313
1683.962 2552.144
1564.213 2316.292
1635.268 2331.698
1714.798 2432.305
1304.314 2757.496
1670.859 2545.133
1705.140 2632.095
1359.546 2714.960
1544.095 2510.315
1334.689 2635.047
1445.625 2477.878
1598.280 2457.778
1409.394 2500.888
1331.796 2677.466
1505.513 2658.622
1635.291 2672.357
1654.923 2737.523
1323.696 2445.324
1329.574 2407.499
1325.308 2615.965
1511.215 2323.619
1444.037 2746.069
1382.921 2465.447
1371.322 2318.179
1656.279 2663.274
1472.925 2517.447
1544.884 2680.233
1541.003 2348.832
1302.295 2427.130
1607.273 2619.208
1299.965 2663.575
1423.536 2316.189
1398.461 2746.658
1291.185 2551.984
1679.647 2342.593
1593.383 2469.130
1619.978 2490.103
1641.249 2651.830
1523.516 2407.198
1549.369 2355.096
1590.762 2743.304
1343.924 2661.175
1328.687 2611.591
1330.770 2542.358
1326.326 2735.187
1588.960 2334.219
1450.916 2753.485
1454.261 2457.594
1419.596 2744.023
1597.241 2741.833
1274.327 2459.840
1421.380 2542.096
1524.406 2661.442
1710.140 2431.925
1682.571 2605.428
1610.405 2307.448
1685.411 2454.055
1674.950 2617.400
1500.741 2506.120
1657.831 2467.450
1420.543 2545.335
1721.310 2507.634
1346.828 2665.024
1705.199 2657.093
1290.596 2423.687
1579.334 2553.916
1556.316 2666.389
1372.595 2338.193
1666.577 2546.067
1443.979 2344.758
1427.064 2483.284
1547.251 2576.285
1329.344 2513.659
1323.634 2488.948
1364.682 2611.260
1525.941 2685.178
1502.741 2608.977
1344.446 2701.670
1652.917 2547.700
1370.855 2541.358
1495.687 2547.517
1366.121 2751.958
1414.341 2522.221
1383.241 2451.480
1378.326 2525.897
1341.236 2546.923
1305.722 2371.456
1626.690 2337.079
1641.555 2540.805
1674.569 2584.267
1542.158 2327.168
1615.373 2595.937
1405.713 2453.338
1630.096 2457.708
1318.304 2692.289
1285.020 2518.679
1602.698 2327.673
1309.555 2644.036
1449.277 2400.000
1676.263 2313.202
1299.450 2341.768
1682.281 2495.525
1698.236 2462.069
1407.336 2725.526
1663.263 2590.804
1495.056 2482.176
1445.001 2353.953
1379.427 2372.486
1478.657 2557.755
1638.059 2512.239
1643.081 2308.768
1391.961 2544.561
1685.344 2394.357
1650.002 2720.085
1646.657 2403.581
1394.569 2757.839
1280.837 2417.845
1591.926 2437.252
1457.859 2753.026
1397.875 2442.476
1305.741 2312.391
1277.790 2367.968
1365.901 2679.000
1364.916 2541.331
1479.881 2694.523
1466.124 2514.691
1454.330 2304.715
1699.534 2450.593
1704.845 2522.329
1363.652 2319.627
1563.505 2574.865
1372.955 2356.369
1620.641 2425.320
1713.963 2346.004
1676.387 2576.665
1282.990 2345.513
1662.443 2489.947
1360.657 2471.858
1696.341 2547.873
1668.437 2680.075
1308.155 2578.171
1445.918 2412.382
1415.479 2315.588
1516.311 2542.988
1280.275 2346.670
1443.510 2559.753
1531.124 2758.471
1712.397 2718.943
1655.431 2586.894
1320.588 2322.889
1382.557 2487.624
1483.172 2432.046
1466.596 2309.378
1477.365 2436.111
1338.913 2550.053
1415.779 2345.100
1675.905 2331.839
1537.659 2675.522
1535.920 2395.331
1330.347 2577.817
1567.711 2641.537
1558.216 2539.389
1677.691 2734.624
1570.793 2357.321
1402.408 2564.231
1722.800 2589.743
1712.072 2604.080
1480.231 2563.994
1698.409 2700.184
1293.712 2707.321
1456.885 2672.928
1568.472 2641.329
1488.586 2670.114
1285.834 2442.748
1694.295 2370.585
1562.566 2635.077
1298.158 2691.626
1445.929 2580.890
1489.613 2513.670
1338.610 2349.425
1623.351 2677.192
1589.280 2495.772
1335.978 2356.211
1367.381 2691.026
1294.956 2348.132
1666.393 2518.050
1479.674 2536.568
1597.198 2408.048
1413.810 2585.037
1598.108 2511.985
1529.785 2313.116
1513.976 2690.282
1679.764 2604.910
1668.479 2735.589
1323.169 2514.698
1527.615 2566.401
1611.330 2599.454
1541.646 2667.197
1557.209 2455.530
1592.762 2522.507
1629.500 2460.739
1710.916 2400.146
1348.049 2493.508
1624.473 2667.227
1459.470 2581.470
1330.332 2331.695
1507.813 2379.884
1470.154 2670.384
1319.241 2727.270
1537.008 2461.552
1392.385 2574.085
1486.687 2568.859
1333.898 2383.693
1366.443 2516.756
1424.754 2511.080
1423.136 2549.634
1402.318 2472.877
1527.228 2326.930
1719.602 2566.725
1305.341 2736.920
1550.154 2399.328
1618.519 2388.922
1410.452 2534.844
1578.094 2353.767
1699.697 2726.794
1504.262 2368.925
1700.382 2363.293
1373.272 2415.390
1425.490 2633.583
1701.931 2640.195
1627.945 2379.543
1692.208 2565.112
1283.148 2491.840
1672.485 2439.086
1581.050 2603.610
1292.932 2679.517
1509.100 2601.566
1500.806 2327.676
1555.885 2489.200
1664.361 2507.437
1286.523 2466.823
1296.654 2467.944
1695.024 2529.884
1384.010 2589.892
1421.707 2527.922
1325.589 2416.226
1375.707 2431.345
1280.294 2736.111
1617.766 2550.178
1388.621 2519.729
1659.205 2698.600
1615.716 2598.764
1619.542 2593.062
1594.937 2375.793
1538.907 2450.165
1387.508 2502.321
1717.552 2434.929
1550.010 2640.000
1677.034 2352.087
1422.758 2545.736
1571.465 2680.520
1287.285 2382.503
1469.918 2311.844
1727.130 2317.758
1577.035 2626.575
1352.314 2395.512
1319.720 2678.387
1373.852 2486.450
1678.476 2431.646
1648.462 2580.830
1668.674 2321.633
1666.435 2607.486
1661.317 2588.609
1433.847 2683.914
1481.584 2555.851
1530.348 2563.179
1406.520 2315.479
1320.400 2557.922
1547.448 2594.807
1469.557 2638.964
1322.368 2495.503
1288.981 2702.209
1297.635 2549.809
1465.807 2344.695
1663.155 2649.182
1329.364 2455.573
1618.253 2469.609
1573.541 2645.078
1704.949 2337.443
1472.591 2330.168
1544.874 2520.160
1524.322 2502.998
1499.126 2495.277
1313.525 2583.837
1437.489 2494.254
1683.466 2464.693
1476.622 2576.423
1465.875 2668.058
1342.183 2517.589
1608.837 2330.724
1526.262 2541.618
1401.137 2611.792
1645.649 2448.678
1701.634 2418.167
1344.499 2465.640
1559.488 2660.320
1462.671 2726.682
1339.252 2499.965
1324.712 2664.393
1431.121 2736.015
1555.322 2451.411
1511.083 2693.396
1666.789 2338.592
1489.152 2581.395
1398.862 2624.516
1365.030 2721.197
1550.182 2694.320
1576.855 2720.105
1653.626 2753.094
1363.838 2602.496
1427.621 2415.099
1409.071 2553.950
1695.684 2700.595
1614.019 2439.918
1449.369 2451.735
1580.049 2439.445
1488.274 2330.522
1718.084 2626.516
1290.248 2584.225
1362.467 2468.968
1320.029 2645.582
1564.309 2490.332
1519.651 2330.662
1274.775 2728.913
1407.457 2317.541
1351.093 2362.979
1420.335 2406.113
1442.319 2624.567
1642.582 2354.143
1534.251 2704.773
1428.282 2580.432
1535.319 2733.178
1664.392 2693.556
1357.937 2720.453
1643.841 2338.639
1346.747 2672.233
1710.519 2354.709
1454.632 2460.571
1424.518 2582.797
1331.449 2684.417
1327.239 2417.710
1481.988 2757.226
1274.520 2634.258
1311.463 2354.337
1650.109 2682.740
1607.731 2721.041
1643.871 2361.519
1326.329 2745.747
1295.985 2428.911
1289.456 2396.689
1494.267 2667.363
1305.657 2696.275
1396.488 2454.053
1394.298 2589.027
1572.860 2671.857
1687.505 2336.477
1562.632 2440.127
1492.100 2544.693
1430.022 2720.203
1548.889 2458.544
1675.364 2475.792
1564.594 2663.637
1364.656 2354.693
1491.734 2657.621
1681.995 2471.384
1327.231 2315.082
1329.235 2450.682
1364.586 2412.406
1277.397 2326.663
1366.346 2364.090
1516.807 2678.553
1672.897 2370.556
1634.218 2345.340
1292.560 2347.995
1306.359 2438.764
1560.606 2567.093
1292.825 2479.877
1462.380 2672.825
1556.503 2598.253
1442.737 2746.953
1539.350 2604.266
1689.306 2540.687
1404.593 2375.413
1694.720 2485.047
1545.736 2569.528
1616.865 2607.705
1443.365 2360.314
1290.557 2674.848
1693.841 2522.260
1585.590 2483.953
1381.591 2617.789
1494.981 2402.535
1340.712 2450.064
1625.717 2548.030
1311.916 2590.414
1301.833 2498.067
1623.681 2447.720
1691.606 2584.813
1551.676 2677.290
1276.813 2531.822
1474.695 2605.628
1689.274 2315.221
1286.336 2336.598
1493.808 2358.315
1622.429 2466.189
1326.385 2490.667
1393.249 2436.553
1524.533 2661.030
1342.280 2357.642
1376.669 2635.695
1721.912 2680.956
1463.562 2621.173
1399.173 2653.595
1705.421 2688.081
1717.332 2335.753
1506.848 2518.700
1503.078 2565.473
1340.321 2491.030
1421.176 2665.637
1316.746 2315.643
1537.400 2539.390
1545.056 2679.889
1550.743 2715.579
1590.810 2734.033
1419.611 2672.839
1644.271 2592.827
1715.425 2465.221
1332.517 2452.727
1618.906 2392.390
1393.418 2673.041
1365.382 2722.141
1584.914 2747.520
1419.410 2383.346
1361.001 2718.297
1461.112 2663.246
1442.434 2307.343
1408.311 2467.992
1397.159 2605.087
1590.090 2305.700
1308.601 2749.844
1463.828 2324.717
1588.114 2638.358
1427.637 2355.350
1377.076 2485.622
1661.350 2372.402
1671.772 2617.569
1606.900 2347.611
1692.771 2357.479
1579.411 2394.881
1342.853 2734.099
1601.106 2623.547
1324.431 2678.195
1655.222 2379.744
1321.646 2475.043
1336.536 2427.057
1641.733 2462.024
1288.501 2568.090
1377.700 2335.036
1442.441 2551.142
1614.989 2363.239
1290.646 2437.434
1711.007 2475.329
1358.375 2546.231
1341.981 2492.838
1581.079 2364.478
1481.170 2455.880
1619.985 2714.027
1507.051 2470.997
1279.008 2420.811
1337.494 2324.704
1682.411 2723.370
1623.762 2410.578
1530.692 2337.605
1429.187 2573.077
1327.946 2572.409
1481.285 2305.894
1462.391 2705.975
1512.777 2367.418
1420.050 2429.701
1440.734 2558.749
1671.305 2513.428
1279.612 2671.087
1430.459 2544.107
1529.253 2444.198
1607.432 2463.537
1284.701 2419.907
1279.628 2650.216
1665.764 2713.049
1629.565 2730.895
1562.627 2345.973
1443.199 2507.332
1722.929 2328.240
1431.855 2323.058
1552.769 2755.687
1501.990 2654.933
1543.581 2365.321
1708.728 2483.389
1538.536 2495.859
1561.091 2593.121
1670.283 2381.324
1412.220 2650.464
1709.729 2422.713
1321.390 2401.519
1465.094 2684.464
1386.500 2655.879
1702.174 2738.679
1538.666 2386.063
1356.707 2630.377
1619.250 2389.548
1358.606 2327.461
1345.128 2450.725
1286.039 2527.310
1633.259 2569.841
1617.346 2628.220
1501.286 2694.593
1540.546 2574.945
1554.945 2598.096
1457.301 2751.196
1313.074 2617.760
1475.787 2617.979
1619.134 2416.218
1559.807 2378.502
1354.077 2650.554
1437.202 2561.535
1423.381 2525.354
1448.754 2641.772
1373.479 2652.730
1356.705 2562.999
1514.104 2442.632
1327.873 2688.027
1449.651 2672.678
1330.822 2589.884
1671.379 2326.355
1372.358 2392.696
1617.559 2519.349
1539.045 2432.422
1655.188 2427.308
1545.344 2602.747
1479.509 2398.687
1347.789 2325.414
1383.290 2713.646
1306.652 2335.730
1352.948 2388.316
1329.060 2575.510
1645.548 2599.326
1493.152 2447.973
1707.791 2508.952
1479.008 2642.611
1475.042 2513.487
1726.150 2736.169
1458.110 2430.476
1577.657 2711.822
1656.624 2538.728
1315.772 2442.631
1427.900 2403.622
1410.173 2506.907
1704.239 2609.583
1619.461 2681.660
1389.038 2603.543
1429.393 2636.114
1553.552 2440.862
1521.263 2506.892
1592.664 2446.940
1426.515 2744.478
1327.610 2428.305
1347.979 2343.270
1611.518 2434.294
1639.122 2347.628
1440.107 2506.405
1369.452 2668.323
1299.883 2310.969
1471.967 2744.968
1669.228 2364.477
1425.942 2605.032
1677.915 2386.641
1490.516 2616.696
1479.189 2382.332
1591.869 2606.864
1543.025 2627.021
1655.206 2658.110
1605.485 2551.855
1636.723 2658.555
1427.691 2556.792
1532.329 2439.412
1662.849 2749.501
1575.519 2480.861
1512.407 2350.932
1586.206 2478.105
1713.923 2543.234
1424.947 2463.782
1721.567 2369.891
1718.747 2728.791
1642.106 2502.811
1558.856 2753.499
1488.853 2599.367
1722.875 2696.411
1551.134 2353.069
1601.729 2598.350
1349.107 2305.616
1381.736 2459.944
1681.397 2485.878
1517.890 2548.440
1406.012 2624.845
1546.700 2323.522
1477.391 2317.522
1319.511 2627.309
1631.105 2567.444
1384.398 2392.248
1450.445 2432.386
1374.988 2619.054
1415.030 2753.254
1299.950 2591.334
1540.762 2393.683
1510.284 2712.184
1679.583 2392.862
1684.645 2521.787
1473.030 2743.702
1715.310 2756.053
1556.403 2375.495
1564.554 2518.642
1447.137 2356.237
1358.130 2632.156
1640.112 2719.027
1303.010 2397.227
1576.250 2552.808
1404.682 2485.642
1679.693 2348.280
1497.569 2454.535
1534.155 2395.732
1718.079 2488.896
1327.487 2499.753
1398.438 2411.095
1405.501 2543.912
1699.560 2712.700
1661.744 2673.183
1544.148 2713.969
1377.152 2455.468
1694.499 2491.000
1700.109 2609.757
1540.493 2592.829
1423.199 2488.922
1346.751 2533.391
1656.030 2637.886
1586.967 2443.731
1346.786 2529.756
1599.267 2544.136
1427.321 2715.224
1328.796 2518.053
1413.524 2696.637
1693.760 2320.489
1321.333 2383.025
1542.015 2340.795
1351.487 2408.777
1689.759 2537.943
1485.797 2356.483
1726.913 2597.155
1367.715 2635.445
1459.474 2483.962
1351.942 2480.766
1450.109 2664.771
1501.340 2715.735
1314.285 2644.633
1636.207 2630.604
1559.389 2546.195
1683.425 2623.078
1676.718 2347.577
1508.432 2730.068
1282.351 2720.467
1607.000 2520.909
1598.009 2356.714
1524.175 2501.177
1288.666 2744.176
1282.134 2452.691
1511.710 2672.790
1589.968 2614.172
1425.593 2701.782
1645.795 2517.186
1299.300 2488.303
1623.525 2515.686
1602.466 2437.445
1613.837 2421.203
1522.695 2327.680
1507.007 2735.567
1498.701 2395.380
1290.823 2369.715
1394.915 2416.037
1432.131 2623.902
1689.880 2536.213
1707.214 2381.225
1562.894 2630.766
1494.227 2565.558
1415.226 2529.599
1519.668 2717.460
1352.276 2662.184
1703.153 2368.456
1339.423 2597.924
1515.752 2554.773
1576.374 2672.179
1483.958 2510.054
1579.164 2647.118
1434.749 2569.153
1678.044 2451.171
1500.779 2367.275
1277.035 2357.505
1526.707 2486.339
1670.349 2330.946
1509.968 2354.323
1358.135 2429.339
1339.734 2693.861
1381.211 2559.768
1686.413 2587.679
1466.712 2514.002
1637.512 2318.950
1338.688 2438.051
1538.261 2317.068
1379.512 2377.971
1547.157 2478.819
1481.230 2367.719
1418.859 2362.706
1619.862 2612.866
1445.648 2348.503
1713.854 2606.989
1498.931 2415.344
1312.628 2714.116
1435.619 2412.478
1466.282 2600.044
1399.546 2714.257
1341.671 2422.040
1593.997 2571.770
1562.973 2632.817
1616.670 2545.334
1643.903 2434.316
1723.809 2555.380
1375.414 2488.128
1677.960 2679.575
1456.612 2542.705
1455.623 2619.675
1523.808 2452.458
1712.364 2397.345
1603.672 2677.008
1549.606 2611.381
1408.570 2702.185
1524.177 2425.122
1660.097 2400.773
1378.328 2320.918
1521.427 2507.804
1533.941 2565.144
1346.626 2532.506
1713.370 2636.442
1406.939 2548.856
1369.499 2499.114
1366.553 2433.963
1577.854 2540.354
1720.583 2740.777
1434.333 2710.991
1409.262 2481.782
1706.368 2531.631
1545.976 2618.016
1350.144 2524.013
1448.539 2313.156
1543.546 2656.169
1413.191 2317.475
1329.634 2415.812
1350.989 2571.424
1476.917 2747.472
1557.701 2541.957
1697.609 2625.725
1634.715 2452.319
1695.471 2371.599
1571.519 2410.595
1493.778 2538.122
1298.558 2477.816
1516.021 2694.560
1402.741 2675.837
1523.142 2542.535
1534.133 2330.740
1604.672 2529.873
1424.273 2315.660
1533.967 2411.979
1611.022 2734.809
1595.253 2403.104
1562.928 2389.179
1709.337 2388.804
1359.924 2577.525
1693.333 2647.090
1597.507 2469.989
1459.990 2594.722
1643.954 2409.178
1301.431 2708.795
1402.501 2500.741
1379.238 2457.982
1714.707 2455.429
1469.698 2357.714
1304.042 2574.108
1638.229 2377.377
1695.412 2360.883
1369.010 2599.727
1708.453 2544.976
1605.029 2551.693
1555.043 2466.399
1605.985 2408.000
1617.548 2628.082
1561.570 2636.232
1274.819 2639.487
1362.057 2605.874
1581.543 2392.361
1711.953 2550.123
1612.152 2650.215
1420.709 2363.085
1672.747 2334.152
1462.955 2729.860
1430.012 2630.716
1605.715 2507.314
1458.218 2468.573
1516.412 2525.007
1502.131 2758.659
1593.605 2575.571
1404.546 2695.357
1324.168 2531.385
1643.470 2631.267
1687.248 2566.456
1318.279 2686.327
1369.567 2697.711
1560.966 2577.279
1620.767 2727.325
1300.857 2689.347
1727.307 2651.089
1713.672 2698.141
1297.364 2425.849
1628.993 2365.756
1726.099 2399.100
1653.702 2518.003
1385.245 2689.675
1362.939 2593.039
1314.095 2316.537
1647.628 2324.689
1326.240 2742.155
1282.099 2539.626
1713.497 2628.901
2317.446 1723.564
2162.930 1320.596
2516.286 1416.286
2493.478 1680.186
2493.320 1457.214
2204.851 1306.478
2316.824 1637.934
2376.515 1534.885
2210.143 1298.830
2186.499 1713.632
2192.585 1403.223
2112.305 1731.255
2504.359 1494.296
2492.152 1590.590
2139.414 1710.018
2498.091 1699.200
2365.755 1517.414
2327.472 1326.384
2477.386 1313.599
2407.482 1679.725
2280.446 1713.044
2536.955 1452.928
2099.703 1419.194
2323.912 1639.140
2442.038 1671.371
2510.502 1339.107
2435.745 1478.458
2422.513 1694.727
2369.993 1615.456
2408.681 1390.478
2335.501 1416.444
2432.663 1507.436
2489.360 1623.491
2445.431 1603.545
2232.716 1444.393
2493.364 1408.118
2357.458 1495.375
2519.897 1620.650
2490.214 1504.061
2267.964 1539.143
2545.326 1636.078
2322.410 1623.482
2533.370 1498.041
2246.881 1585.013
2291.393 1666.514
2367.067 1519.786
2400.290 1665.444
2393.825 1659.186
2416.378 1312.050
2108.920 1737.651
2384.679 1707.040
2461.992 1537.763
2325.024 1527.942
2241.233 1416.075
2405.092 1441.125
2270.849 1494.362
2538.329 1740.108
2266.018 1640.235
2314.310 1410.315
2118.945 1318.995
2542.778 1298.117
2447.131 1557.921
2426.726 1659.283
2292.845 1423.412
2354.595 1347.754
2257.237 1385.969
2243.770 1320.036
2450.282 1404.938
2414.705 1700.601
2218.940 1741.278
2302.521 1652.754
2132.969 1631.770
2369.867 1438.091
2106.317 1393.721
2504.026 1386.694
2274.682 1671.545
2486.505 1607.182
2408.370 1526.974
2213.231 1605.617
2361.981 1742.743
2154.025 1409.480
2186.181 1496.440
2526.095 1523.186
2132.498 1648.711
2251.816 1539.533
2339.985 1602.455
2141.224 1388.323
2492.343 1375.801
2376.573 1575.190
2252.412 1506.427
2395.798 1481.949
2537.785 1528.598
2477.277 1588.525
2320.148 1385.189
2288.077 1655.399
2293.022 1445.981
2537.546 1560.105
2516.890 1698.123
2371.843 1351.210
2241.417 1644.495
2277.826 1545.419
2227.258 1624.933
2219.250 1446.915
2164.334 1488.003
2529.738 1603.335
2110.076 1572.641
2516.533 1444.196
2114.702 1579.415
2320.801 1297.811
2364.001 1374.901
2245.649 1436.509
2149.471 1289.708
2344.941 1505.831
2224.200 1594.525
2435.984 1435.384
2100.413 1303.913
2096.375 1618.977
2467.062 1396.300
2453.824 1734.977
2358.253 1397.632
2221.249 1345.037
2451.309 1653.901
2258.843 1721.564
2212.550 1407.662
2490.800 1726.433
2292.479 1644.858
2483.783 1535.354
2175.311 1591.794
2456.141 1648.736
2158.981 1409.784
2259.394 1488.535
2372.383 1680.683
2365.400 1320.616
2493.355 1323.029
2128.056 1368.554
2388.426 1313.133
2489.965 1706.957
2094.094 1582.699
2343.691 1662.574
2230.429 1563.694
2235.274 1300.939
2197.382 1544.559
2229.246 1671.978
2152.469 1307.547
2377.933 1344.482
2327.563 1577.753
2531.311 1480.727
2444.736 1314.485
2326.650 1635.982
2161.380 1367.619
2112.754 1435.997
2199.496 1301.444
2272.909 1689.628
2440.316 1584.314
2192.354 1673.618
2457.251 1379.172
2447.691 1403.815
2315.596 1456.120
2162.599 1401.830
2313.060 1515.255
2545.475 1540.825
2392.870 1548.898
2376.956 1428.721
2525.814 1520.784
2361.070 1675.306
2318.292 1505.527
2200.462 1451.757
2397.823 1596.875
2259.202 1402.532
2532.355 1398.106
2164.222 1312.512
2162.240 1743.661
2101.542 1353.555
2356.469 1317.154
2533.763 1702.358
2541.833 1340.021
2194.704 1480.162
2358.836 1692.606
2519.665 1654.687
2265.791 1726.804
2175.738 1392.166
2149.477 1323.023
2406.583 1623.104
2534.856 1592.443
2415.082 1385.909
2356.235 1691.279
2446.989 1514.133
2231.036 1471.526
2157.121 1389.830
2178.558 1740.388
2223.308 1574.274
2410.435 1668.371
2167.978 1562.344
2446.562 1358.659
2299.787 1332.402
2155.116 1443.851
2334.528 1510.889
2267.027 1481.880
2469.436 1410.018
2171.855 1668.580
2388.824 1591.834
2484.278 1566.819
2275.467 1422.264
2492.817 1615.127
2463.747 1481.915
2115.351 1568.663
2227.264 1343.499
2325.953 1358.866
2275.524 1616.725
2415.813 1735.961
2280.163 1315.585
2330.933 1567.041
2183.731 1624.602
2216.093 1361.160
2503.071 1295.070
2187.083 1515.535
2284.764 1508.311
2484.520 1497.698
2225.612 1371.916
2476.292 1378.695
2469.147 1627.605
2216.728 1741.729
2520.740 1360.611
2540.027 1679.424
2515.850 1466.832
2508.227 1523.784
2247.918 1503.149
2098.140 1490.126
2508.069 1609.592
2218.106 1712.004
2464.678 1656.572
2437.715 1310.718
2497.499 1662.356
2174.314 1641.210
2358.739 1359.218
2132.190 1586.902
2282.271 1365.451
2356.908 1314.093
2351.789 1431.244
2312.031 1405.582
2106.182 1709.039
2283.144 1712.704
2522.323 1674.457
2333.627 1666.208
2104.030 1327.670
2485.167 1376.567
2338.008 1301.925
2254.166 1467.362
2453.323 1420.468
2332.368 1509.320
2389.723 1380.527
2150.703 1584.055
2265.886 1496.302
2534.409 1517.797
2160.947 1600.077
2235.055 1591.233
2449.117 1590.162
2252.890 1471.066
2489.255 1339.866
2511.313 1549.605
2153.403 1690.538
2468.899 1536.855
2216.539 1483.721
2135.770 1516.090
2109.447 1668.723
2126.041 1641.694
2228.491 1710.607
2345.899 1461.547
2310.489 1335.737
2288.394 1558.210
2476.363 1519.947
2094.193 1294.103
2127.685 1464.003
2387.050 1396.753
2486.655 1506.746
2354.829 1450.130
2199.194 1494.557
2458.649 1640.569
2292.971 1582.584
2288.452 1464.061
2199.700 1352.523
2389.251 1414.698
2524.525 1701.004
2156.225 1395.357
2215.876 1402.091
2259.820 1657.102
2282.334 1346.193
2430.619 1607.832
2222.178 1337.805
2223.721 1525.150
2482.503 1620.630
2103.873 1596.307
2133.880 1705.242
2498.030 1357.595
2250.395 1404.887
2383.181 1613.366
2263.731 1712.136
2412.318 1356.326
2474.402 1687.042
2480.504 1671.846
2493.463 1573.535
2532.104 1658.223
2299.337 1398.973
2224.282 1643.059
2175.059 1368.748
2319.448 1718.941
2129.867 1386.082
2220.352 1589.627
2334.735 1695.996
2221.754 1623.337
2139.450 1412.151
2478.339 1628.993
2170.678 1449.192
2504.806 1326.277
2262.462 1674.464
2248.114 1649.758
2230.951 1687.882
2131.996 1732.980
2439.022 1679.631
2449.342 1691.885
2250.723 1739.295
2128.001 1663.468
2402.780 1519.025
2228.672 1555.995
2326.009 1494.126
2333.686 1411.137
2500.823 1734.330
2500.052 1376.741
2237.080 1565.628
2490.061 1452.091
2127.461 1701.852
2443.968 1543.896
2397.567 1494.103
2433.352 1632.292
2264.622 1541.372
2288.940 1727.072
2541.072 1417.355
2544.648 1703.429
2535.120 1718.982
2148.519 1501.595
2103.900 1366.027
2193.677 1630.123
2256.141 1723.136
2516.485 1519.196
2204.426 1435.184
2155.658 1539.154
2298.261 1435.578
2176.936 1412.420
2422.992 1377.853
2513.158 1556.490
2196.415 1654.949
2386.214 1312.530
2497.603 1473.695
2428.126 1642.817
2171.160 1362.086
2543.304 1685.613
2461.889 1716.301
2312.916 1302.814
2168.210 1312.634
2362.928 1422.487
2370.100 1328.904
2098.661 1357.339
2348.557 1543.791
2313.187 1638.017
2231.722 1320.862
2397.976 1413.822
2488.611 1306.073
2290.139 1394.016
2517.908 1368.365
2518.538 1421.308
2229.165 1736.052
2197.504 1435.964
2543.773 1374.602
2248.517 1631.158
2419.044 1323.310
2205.700 1338.160
2275.196 1542.630
2120.508 1688.327
2474.797 1440.580
2318.273 1400.615
2199.561 1416.389
2440.031 1741.740
2189.951 1485.903
2210.241 1537.734
2448.010 1608.896
2283.164 1467.687
2278.857 1344.856
2517.212 1335.572
2132.592 1495.076
2503.838 1585.216
2171.884 1301.859
2285.760 1401.934
2177.561 1494.738
2270.873 1706.779
2211.386 1671.815
2257.016 1718.505
2351.635 1587.460
2112.393 1661.639
2276.432 1297.932
2153.455 1711.061
2300.137 1379.537
2269.687 1334.735
2521.004 1425.278
2371.656 1537.546
2439.254 1464.442
2469.961 1647.002
2349.145 1743.476
2469.149 1483.287
2185.140 1558.609
2494.080 1380.377
2393.056 1637.575
2523.390 1442.489
2136.318 1460.795
2492.211 1439.050
2540.391 1449.199
2150.135 1547.926
2346.736 1569.703
2510.803 1434.184
2289.186 1731.638
2520.603 1302.208
2362.577 1680.481
2417.766 1699.363
2518.485 1363.637
2236.480 1330.615
2328.430 1716.416
2167.290 1680.637
2197.340 1706.984
2146.263 1380.036
2376.879 1463.444
2461.202 1402.117
2526.120 1333.026
2437.778 1433.775
2497.747 1420.967
2122.179 1296.828
2383.505 1647.834
2476.467 1473.663
2174.243 1603.267
2192.865 1612.313
2454.858 1344.585
2529.346 1295.690
2248.883 1611.205
2267.121 1329.758
2140.902 1508.193
2520.207 1506.077
2391.031 1693.150
2190.005 1557.329
2406.688 1624.409
2405.845 1592.329
2352.769 1726.738
2535.807 1622.112
2342.692 1387.106
2140.287 1389.886
2212.971 1673.574
2490.905 1720.943
2511.235 1388.659
2427.477 1685.318
2408.831 1353.386
2185.441 1626.264
2486.328 1410.027
2210.597 1424.509
2239.730 1525.925
2253.216 1575.010
2377.291 1511.341
2468.915 1736.756
2150.081 1609.741
2248.496 1475.528
2535.693 1302.520
2261.975 1379.735
2333.414 1682.531
2377.485 1714.207
2118.539 1304.046
2520.103 1592.695
2283.065 1463.435
2427.501 1726.536
2134.519 1309.529
2197.709 1530.002
2203.790 1346.996
2109.678 1601.871
2111.328 1290.099
2511.039 1611.053
2344.302 1684.723
2281.747 1578.692
2136.417 1403.983
2271.292 1513.953
2300.705 1330.274
2495.918 1424.736
2251.965 1404.742
2384.180 1447.909
2515.188 1714.040
2416.057 1413.188
2264.300 1333.574
2465.546 1421.839
2455.928 1536.838
2298.320 1445.609
2206.998 1675.708
2346.149 1726.934
2481.836 1634.665
2451.897 1301.953
2487.808 1406.821
2454.447 1485.651
2418.800 1648.755
2283.187 1716.849
2328.837 1711.338
2292.118 1710.675
2204.368 1721.903
2226.611 1333.734
2286.081 1558.201
2215.243 1623.532
2486.961 1295.759
2228.500 1562.761
2217.559 1568.860
2258.686 1366.984
2347.333 1504.904
2288.484 1690.852
2190.930 1699.014
2408.916 1452.342
2193.436 1580.861
2106.933 1546.377
2341.237 1544.031
2342.624 1707.033
2287.709 1364.865
2404.451 1675.606
2411.001 1666.957
2241.986 1542.298
2418.096 1342.854
2140.773 1343.799
2326.537 1422.152
2311.765 1512.175
2173.808 1384.681
2527.750 1321.229
2181.372 1623.007
2217.027 1546.891
2363.199 1640.115
2295.843 1678.150
2181.522 1329.384
2489.738 1623.835
2397.004 1647.623
2406.363 1612.492
2175.088 1348.554
2249.426 1624.554
2232.238 1331.546
2283.795 1686.351
2508.143 1631.571
2516.941 1700.637
2537.180 1729.748
2402.303 1559.680
2472.881 1438.082
2282.542 1498.703
2322.681 1609.043
2362.266 1629.524
2374.391 1477.606
2224.022 1502.088
2229.081 1327.885
2258.304 1536.859
2359.771 1379.643
2173.916 1586.919
2425.346 1519.223
2531.124 1356.910
2336.223 1643.693
2264.336 1621.258
2272.197 1399.030
2166.685 1364.142
2441.896 1520.299
2492.925 1412.992
2185.400 1737.997
2536.333 1440.148
2431.237 1487.267
2458.404 1699.553
2235.450 1445.714
2306.416 1420.251
2133.453 1401.715
2286.180 1338.035
2331.125 1306.457
2148.759 1306.594
2179.499 1447.272
2194.942 1325.500
2222.354 1431.076
2218.126 1391.087
2500.520 1567.299
2304.347 1599.636
2318.591 1532.671
2145.423 1569.451
2362.667 1703.349
2169.670 1448.469
2383.206 1375.173
2354.206 1474.948
2484.093 1316.992
2269.868 1569.091
2335.934 1628.159
2116.707 1401.998
2335.319 1429.440
2261.338 1575.651
2216.435 1711.437
2239.140 1669.168
2417.678 1402.607
2524.920 1318.186
2493.597 1436.226
2378.588 1587.389
2398.265 1441.055
2131.582 1403.102
2517.935 1356.899
2429.799 1442.917
2376.026 1584.742
2229.442 1661.986
2130.334 1451.544
2228.918 1550.930
2509.043 1516.528
2271.395 1503.335
2253.022 1337.732
2260.885 1299.761
2451.081 1353.855
2459.424 1567.423
2285.205 1360.078
2214.320 1569.489
2466.776 1533.478
2419.255 1496.313
2319.811 1384.904
2336.657 1342.647
2347.924 1639.839
2246.994 1385.067
2407.605 1419.336
2372.090 1598.223
2364.209 1635.720
2161.939 1711.323
2203.623 1344.018
2247.829 1719.648
2523.922 1321.051
2372.455 1685.673
2375.408 1535.197
2355.794 1320.144
2431.936 1303.048
2211.031 1629.375
2391.043 1634.514
2405.713 1503.139
2237.569 1725.658
2098.443 1518.646
2529.369 1422.968
2123.052 1448.789
2265.375 1621.475
2307.275 1609.026
2177.784 1710.727
2278.592 1571.313
2431.892 1695.591
2261.868 1576.271
2399.149 1594.368
2385.264 1542.733
2222.242 1709.336
2297.592 1423.533
2406.987 1625.199
2372.852 1577.575
2265.357 1652.324
2443.307 1543.326
2439.523 1364.365
2346.340 1336.836
2533.104 1645.423
2534.097 1540.122
2442.907 1702.129
2158.267 1415.086
2505.462 1316.648
2252.505 1321.550
2173.441 1490.096
2214.408 1680.988
2098.805 1398.106
2469.200 1680.429
2370.270 1602.589
2092.449 1529.903
2210.123 1433.017
2330.288 1719.698
2309.823 1690.213
2186.170 1300.128
2164.507 1490.630
2222.489 1739.746
2280.510 1339.564
2153.104 1302.088
2484.230 1679.933
2237.601 1348.909
2525.518 1712.807
2371.480 1396.329
2329.122 1691.336
2178.829 1682.932
2137.846 1350.162
2542.541 1655.783
2395.889 1502.724
2296.792 1528.894
2348.608 1608.778
2244.577 1335.849
2099.095 1445.452
2490.364 1706.860
2495.208 1354.248
2223.391 1675.390
2510.168 1410.471
2473.149 1513.992
2293.680 1314.007
2175.023 1508.375
2290.584 1677.562
2145.942 1611.189
2239.901 1451.136
2306.065 1566.678
2397.213 1470.714
2435.520 1417.716
2492.736 1710.353
2226.423 1449.859
2394.025 1704.957
2299.185 1555.712
2483.524 1637.701
2168.823 1629.454
2529.004 1461.456
2147.198 1545.579
2311.371 1495.000
2275.652 1712.105
2241.528 1512.642
2513.653 1682.529
2221.479 1707.211
2161.880 1335.987
2500.164 1391.578
2379.898 1740.063
2435.023 1338.408
2138.951 1409.408
2459.817 1475.433
2377.665 1549.558
2297.315 1304.504
2435.825 1427.636
2121.657 1401.952
2443.677 1605.155
2173.215 1464.465
2463.236 1703.307
2334.070 1697.177
2156.782 1527.207
2236.130 1721.968
2301.462 1599.353
2093.245 1554.807
2370.096 1394.060
2520.729 1546.775
2532.300 1677.507
2458.060 1685.324
2511.081 1533.216
2143.178 1310.297
2119.681 1349.730
2116.795 1426.143
2240.039 1621.855
2350.813 1294.092
2482.530 1450.648
2351.991 1573.350
2456.263 1547.182
2243.173 1308.658
2134.139 1649.903
2095.563 1703.538
2495.650 1532.185
2279.433 1627.531
2145.446 1471.208
2202.648 1727.570
2217.106 1596.644
2361.328 1578.620
2384.843 1549.121
2254.110 1326.423
2542.209 1437.738
2396.252 1550.947
2473.973 1469.863
2149.301 1407.771
2441.727 1426.473
2217.541 1323.641
2423.767 1472.668
2187.087 1345.775
2330.088 1377.542
2373.644 1637.447
2363.258 1728.959
2419.343 1573.400
2265.850 1503.116
2208.754 1463.667
2137.700 1732.651
2408.896 1727.279
2227.344 1561.297
2231.543 1648.562
2215.053 1371.087
2193.333 1458.478
2465.109 1667.830
2483.997 1622.199
2433.822 1661.364
2404.804 1624.901
2121.608 1654.908
2349.921 1545.328
2317.808 1364.941
2522.773 1355.311
2119.139 1580.716
2100.854 1708.384
2452.994 1353.002
2370.942 1695.029
2377.251 1553.968
2375.008 1330.474
2402.176 1324.232
2223.405 1550.421
2331.109 1534.606
2405.164 1639.698
2462.396 1500.291
2468.823 1383.630
2380.292 1490.139
2421.271 1391.259
2111.519 1413.298
2107.184 1619.391
2448.793 1681.861
2135.136 1434.633
2220.781 1627.647
2298.415 1306.655
2357.190 1458.249
2311.114 1467.600
2214.285 1696.695
2316.362 1740.561
2371.880 1647.912
2431.556 1395.670
2237.843 1634.570
2147.645 1481.345
2397.506 1394.720
2501.814 1665.673
2374.431 1664.981
2185.443 1393.887
2102.222 1531.057
2477.725 1409.968
2130.639 1337.439
2382.755 1432.883
2241.920 1581.692
2386.297 1289.843
2116.644 1725.863
2405.428 1447.198
2464.688 1715.788
2317.876 1519.482
2245.165 1664.275
2545.303 1563.527
2364.130 1434.270
2102.015 1614.143
2325.930 1562.333
2239.771 1464.411
2118.035 1461.312
2289.487 1633.047
2218.183 1552.405
2338.135 1655.728
2243.810 1562.384
2105.121 1427.226
2156.636 1500.309
2293.808 1354.918
2110.798 1498.593
2396.341 1512.851
2167.619 1442.684
2196.577 1492.581
2257.170 1522.874
2256.414 1378.221
2267.443 1461.531
2252.025 1454.563
2177.365 1500.877
2512.022 1530.918
2299.511 1489.598
2214.042 1575.008
2438.577 1354.118
2380.910 1427.505
2511.330 1709.353
2346.054 1725.833
2176.800 1337.266
2200.653 1564.075
2111.768 1567.281
2250.268 1307.237
2511.301 1652.493
2387.084 1693.325
2142.588 1342.680
2533.296 1507.912
2366.739 1379.023
2412.240 1392.864
2248.972 1435.564
2203.229 1589.752
2517.101 1358.472
2397.178 1291.065
2347.893 1527.085
2512.601 1559.362
2220.375 1427.674
2187.456 1650.219
2515.911 1723.440
2150.466 1624.234
2466.599 1318.448
2295.739 1366.956
2138.482 1594.117
2166.494 1688.974
2313.927 1629.062
2471.386 1639.460
2353.797 1365.694
2375.189 1438.879
2298.265 1651.589
2243.636 1604.086
2324.942 1587.004
2468.439 1428.920
2517.925 1407.957
2367.032 1527.356
2506.971 1525.864
2222.220 1475.634
2295.503 1466.803
2533.021 1712.944
2389.474 1741.045
2242.559 1546.880
2535.119 1298.745
2419.508 1577.069
2531.234 1619.305
2301.642 1520.880
2439.743 1316.609
2263.956 1637.743
2119.415 1682.263
2330.001 1438.115
2125.027 1404.707
2483.351 1436.430
2447.113 1653.160
2446.174 1551.653
2185.798 1467.030
2201.194 1586.308
2292.579 1326.732
2210.591 1436.686
2485.554 1734.444
2433.381 1693.880
2358.100 1649.135
2501.760 1401.267
2336.076 1613.965
2207.401 1566.980
2537.317 1581.189
2452.102 1613.278
2531.632 1343.570
2545.531 1295.598
2513.634 1535.218
2467.966 1356.239
2315.754 1555.900
2227.666 1391.651
2425.341 1482.049
2411.752 1681.573
2328.999 1651.021
2098.946 1449.016
2451.709 1560.082
2346.822 1647.375
2290.351 1605.788
2446.627 1353.483
2374.338 1611.396
2366.144 1320.625
2221.585 1597.355
2309.412 1716.782
2128.230 1617.361
2389.456 1647.485
2191.543 1525.601
2180.381 1455.263
2526.745 1569.770
2206.255 1525.584
2409.037 1584.156
2091.757 1672.686
2399.431 1408.809
2284.192 1430.778
2100.120 1588.569
2302.816 1420.361
2376.177 1613.913
2377.958 1717.974
2537.332 1439.074
2344.757 1442.492
2308.989 1677.899
2510.787 1727.310
2496.359 1418.316
2414.986 1299.524
2104.440 1601.176
2515.105 1295.658
2370.356 1579.158
2420.237 1604.692
2202.421 1571.606
2499.945 1623.870
2427.233 1666.353
2129.403 1417.001
2115.429 1661.873
2243.922 1355.114
2336.443 1588.536
2194.095 1442.017
2423.688 1609.109
2445.219 1377.254
2311.867 1445.923
2181.775 1527.100
2524.970 1310.857
2418.476 1320.179
2318.437 1380.876
2435.742 1666.485
2458.985 1701.165
2349.745 1382.936
2539.899 1580.327
2150.879 1627.933
2450.520 1561.729
2452.107 1692.184
2215.436 1641.779
2527.948 1666.689
2253.697 1510.288
2128.298 1504.723
2351.948 1690.544
2499.721 1419.249
2492.944 1582.613
2206.113 1496.381
2336.509 1482.216
2447.102 1656.995
2462.431 1575.553
2224.051 1698.371
2202.360 1432.472
2416.848 1587.652
2407.947 1710.853
2162.346 1635.196
2351.395 1390.402
2499.402 1494.001
2343.890 1371.556
2357.516 1636.886
2258.562 1347.188
2489.644 1386.850
2386.169 1414.679
2489.810 1703.027
2218.413 1291.512
2497.683 1433.349
2239.148 1633.485
2181.778 1495.256
2234.315 1666.287
2279.727 1303.424
2509.554 1426.317
2113.287 1363.219
2525.753 1367.222
2357.068 1541.410
2475.245 1390.133
2492.462 1293.883
2126.871 1559.653
2397.609 1402.274
2300.897 1517.549
2420.769 1301.155
2219.447 1385.263
2312.391 1511.134
2500.540 1532.077
2467.389 1538.390
2413.836 1615.881
2335.166 1554.645
2262.624 1477.331
2434.096 1565.493
2318.952 1647.530
2190.521 1411.428
2388.069 1559.158
2187.107 1716.046
2210.940 1411.462
2143.445 1633.198
2223.746 1666.253
2519.448 1359.702
2247.880 1291.296
2300.433 1462.136
2379.314 1555.654
2434.815 1722.837
2478.058 1485.596
2190.359 1672.077
2365.265 1635.910
2528.092 1577.355
2358.349 1494.203
2107.528 1451.827
2296.247 1654.259
2234.500 1566.320
2102.393 1428.972
2483.505 1509.585
2182.673 1359.462
2524.273 1703.406
2539.302 1513.605
2118.493 1539.883
2408.676 1610.942
2304.662 1741.725
2272.580 1436.143
2542.743 1325.315
2334.737 1419.438
2480.121 1304.305
2505.939 1372.414
2184.699 1699.136
2346.967 1641.535
2157.801 1384.057
2119.211 1352.811
2121.242 1293.369
2450.379 1462.663
2177.472 1709.120
2364.569 1590.014
2429.197 1710.334
2175.576 1646.435
2307.517 1529.832
2406.969 1407.644
2334.684 1697.030
2222.293 1486.256
2321.050 1431.712
2292.655 1550.400
2327.362 1536.184
2408.609 1695.908
2263.924 1403.180
2536.966 1475.968
2440.858 1617.947
2320.223 1624.283
2156.230 1486.716
2512.569 1462.014
2314.667 1689.404
2310.486 1625.617
2354.531 1534.763
2250.289 1658.991
2217.703 1465.239
2453.989 1729.684
2228.440 1513.760
2400.270 1655.632
2382.170 1483.979
2222.896 1312.503
2138.507 1527.431
2179.986 1458.551
2486.180 1597.797
2516.785 1326.182
2134.848 1444.173
2244.663 1414.571
2103.724 1477.997
2431.602 1541.856
2277.607 1314.224
2195.693 1444.372
2147.613 1591.485
2424.975 1486.175
2200.645 1584.646
2202.726 1357.952
2259.296 1503.430
2500.417 1476.945
2498.430 1309.121
2539.615 1713.123
2311.734 1491.178
2100.821 1289.710
2150.944 1634.795
2376.421 1608.750
2130.987 1461.922
2430.930 1433.560
2410.181 1685.528
2139.542 1431.270
2158.701 1619.863
2480.698 1392.785
2215.740 1515.454
2147.028 1625.492
2206.472 1472.447
2449.815 1700.581
2417.977 1440.568
2374.268 1503.623
2381.985 1732.262
2213.906 1326.232
2433.706 1493.166
2325.642 1304.598
2190.156 1679.997
2385.617 1512.010
2484.445 1333.139
2424.408 1466.633
2321.840 1563.854
2203.949 1561.721
2435.960 1411.392
2433.213 1596.531
2499.641 1653.475
2188.603 1327.041
2334.554 1554.801
2242.108 1612.454
2518.404 1544.810
2388.522 1398.048
2209.036 1535.040
2334.164 1486.411
2210.719 1715.352
2526.381 1631.411
2493.135 1684.171
2092.134 1541.716
2132.990 1500.879
2543.837 1684.846
2423.042 1583.003
2411.483 1416.843
2121.680 1464.288
2150.204 1505.475
2324.335 1345.719
2237.302 1704.651
2469.949 1551.183
2205.184 1479.183
2452.469 1575.474
2438.756 1634.081
2529.579 1700.381
2287.470 1554.470
2274.219 1603.706
2537.801 1378.220
2537.310 1295.776
2367.871 1337.684
2211.607 1298.525
2439.550 1523.339
2218.747 1722.266
2093.397 1684.515
2323.148 1314.880
2204.270 1444.168
2488.746 1646.086
2268.514 1308.758
2171.321 1657.538
2307.885 1303.712
2315.606 1328.171
2361.958 1699.404
2161.705 1356.402
2332.878 1651.298
2348.332 1481.342
2258.778 1543.134
2259.670 1397.913
2101.204 1423.832
2425.542 1301.871
2105.455 1459.489
2489.033 1550.005
2397.649 1470.347
2115.557 1666.688
2474.758 1708.162
2323.037 1305.255
2397.384 1507.152
2261.439 1365.419
2413.258 1450.533
2544.941 1509.316
2204.782 1375.150
2186.474 1689.072
2151.517 1457.550
2124.781 1485.017
2189.031 1292.588
2234.837 1696.000
2376.102 1341.019
2379.363 1408.671
2387.183 1551.341
2349.638 1458.369
2274.636 1513.176
2311.078 1356.328
2292.426 1665.716
2326.067 1737.759
2094.519 1423.159
2147.154 1442.525
2347.970 1666.532
2226.290 1346.600
2232.882 1450.713
2094.983 1577.112
2171.782 1353.526
2427.050 1605.954
2531.318 1591.072
2182.868 1613.533
2199.495 1591.570
2315.309 1339.507
2265.235 1614.256
2482.706 1312.572
2180.778 1317.066
2176.330 1740.321
2235.025 1470.976
2364.038 1602.322
2115.749 1606.886
2101.059 1319.393
2324.871 1443.840
2257.648 1599.545
2101.427 1580.744
2319.468 1715.592
2421.077 1506.984
2153.541 1334.877
2410.118 1690.907
2317.365 1564.151
2374.544 1534.972
2295.688 1734.347
2200.075 1574.024
2476.031 1548.832
2112.560 1628.473
2310.467 1687.470
2335.609 1455.382
2271.277 1343.743
2180.653 1430.107
2262.907 1365.647
2099.998 1418.599
2312.933 1456.673
2237.271 1305.293
2203.006 1531.276
2098.966 1496.634
2542.251 1625.240
2507.532 1519.208
2209.535 1676.107
2472.150 1725.492
2336.069 1502.776
2520.030 1291.975
2328.486 1442.390
2392.491 1359.263
2458.735 1626.985
2449.507 1447.388
2529.171 1565.771
2282.056 1494.463
2313.510 1430.964
2179.190 1451.951
2437.620 1713.724
2289.122 1558.860
2475.825 1725.837
2224.572 1600.761
2111.268 1511.059
2305.510 1613.405
2332.850 1473.089
2222.920 1725.381
2267.917 1509.178
2108.009 1538.234
2450.061 1531.220
2101.988 1535.604
2545.274 1512.094
2277.832 1550.033
2274.951 1321.037
2480.243 1418.907
2521.909 1400.938
2201.937 1742.163
2498.366 1558.381
2216.269 1415.447
2137.347 1366.559
2218.673 1516.710
2394.007 1734.429
2262.970 1575.325
2439.882 1413.155
2251.226 1622.684
2236.504 1609.637
2218.352 1661.741
2433.940 1598.040
2127.931 1578.436
2474.070 1359.892
2137.858 1346.703
2418.570 1473.734
2261.314 1572.672
2383.546 1709.367
2170.418 1722.857
2323.592 1390.043
2516.933 1402.210
2228.882 1374.766
2411.716 1623.754
2422.646 1510.311
2214.633 1596.110
2465.787 1638.241
2407.564 1695.244
2270.075 1308.923
2497.051 1297.221
2501.375 1665.558
2112.530 1612.809
2290.769 1308.117
2318.318 1632.906
2212.678 1611.360
2157.383 1533.842
2169.411 1733.085
2346.297 1294.843
2114.763 1707.187
2429.287 1589.500
2417.963 1522.607
2241.370 1449.408
2488.600 1699.271
2143.868 1531.318
2514.779 1724.635
2512.694 1625.558
2315.804 1569.097
2519.158 1290.367
2515.505 1609.759
2206.850 1592.798
2404.403 1601.421
2209.511 1673.876
2185.605 1609.552
2254.062 1576.942
2225.225 1499.877
2286.934 1656.251
2287.244 1650.363
2298.649 1657.432
2416.635 1549.593
2257.111 1318.435
2467.350 1528.810
2532.082 1635.900
2154.556 1493.915
2255.673 1456.624
2487.232 1583.503
2321.425 1490.260
2472.275 1605.313
2436.687 1309.275
2176.130 1327.970
2104.163 1498.025
2325.882 1455.661
2341.720 1636.708
2335.374 1431.380
2366.854 1665.932
2103.642 1334.255
2540.043 1545.312
2536.399 1314.411
2429.042 1457.346
2325.281 1575.854
2202.317 1292.475
2345.410 1636.421
2147.818 1632.459
2293.905 1725.155
2302.266 1388.205
2395.830 1527.949
2543.013 1345.036
2136.891 1381.317
2448.583 1623.649
2152.116 1392.259
2245.295 1679.234
2343.855 1302.807
2311.910 1481.084
2536.468 1630.548
2436.396 1329.853
2231.422 1668.975
2394.482 1531.891
2377.466 1542.857
2228.670 1454.809
2379.006 1402.319
2520.135 1577.297
2156.591 1476.717
2177.213 1581.229
2377.851 1551.504
2518.673 1360.801
2161.041 1472.317
2530.603 1730.197
2275.295 1389.732
2186.372 1353.290
2542.173 1726.936
2456.387 1538.366
2248.077 1558.186
2521.655 1709.120
2421.827 1467.341
2402.770 1490.638
2371.992 1303.595
2342.267 1364.093
2218.303 1541.395
2296.207 1652.401
2529.433 1597.872
2400.691 1535.679
2320.299 1471.166
2429.656 1498.770
2363.875 1693.601
2308.114 1702.111
2511.897 1409.443
2459.561 1684.425
2183.512 1626.592
2127.130 1495.493
2341.574 1616.451
2417.956 1419.929
2290.544 1520.998
2478.498 1382.550
2430.886 1660.807
2170.518 1593.224
2134.463 1450.796
2362.835 1715.358
2346.068 1608.737
2207.543 1712.402
2338.648 1477.352
2160.515 1574.316
2211.052 1672.499
2466.086 1471.374
2305.006 1462.542
2318.948 1476.425
2146.790 1620.043
2223.826 1548.078
2132.065 1635.861
2098.645 1459.082
2509.361 1702.376
2107.907 1626.362
2217.241 1471.622
2184.745 1334.359
2321.140 1511.846
2188.922 1566.191
2355.800 1509.046
2116.268 1430.165
2327.026 1609.648
2192.827 1588.389
2374.486 1556.825
2139.431 1335.346
2266.040 1486.705
2465.632 1581.253
2124.970 1652.990
2133.291 1708.229
2115.330 1475.011
2363.049 1515.193
2309.282 1742.047
2092.741 1457.882
2379.547 1564.482
2526.698 1697.880
2354.280 1597.854
2491.802 1721.332
2492.403 1443.325
2147.589 1312.872
2455.545 1734.211
2144.105 1580.404
2164.363 1615.221
2221.637 1704.935
2121.391 1725.021
2520.509 1582.519
2320.852 1478.680
2248.074 1356.277
2424.274 1393.121
2242.933 1386.320
2412.166 1724.774
2333.567 1432.475
2476.493 1490.764
2540.447 1435.458
2255.213 1392.191
2420.213 1532.055
2365.346 1475.151
2318.298 1622.184
2395.429 1373.802
2302.797 1715.843
2099.936 1479.547
2108.097 1481.157
2188.730 1498.807
2421.553 1484.606
2146.458 1526.060
2256.585 1463.631
2497.403 1390.506
2165.569 1393.883
2465.971 1680.436
2359.908 1526.836
2282.637 1412.837
2244.967 1425.050
2484.597 1643.564
2212.310 1415.791
2513.841 1552.250
2516.191 1693.423
2209.715 1622.511
2512.615 1615.495
2138.000 1491.824
2162.685 1684.578
2322.505 1603.996
2513.932 1471.966
2307.263 1583.828
2340.894 1425.548
2203.305 1707.762
2407.711 1494.854
2097.977 1543.841
2466.317 1307.782
2419.727 1555.609
2209.495 1489.656
2391.288 1594.052
2214.833 1293.427
2311.110 1320.878
2238.207 1540.021
2261.575 1403.180
2188.747 1363.054
2426.201 1342.964
2541.261 1414.474
2482.277 1692.025
2373.651 1629.574
2374.039 1373.176
2123.901 1376.636
2152.977 1741.153
2419.001 1517.078
2285.303 1601.062
2538.035 1564.624
2529.980 1414.395
2470.013 1340.128
2173.359 1449.305
2235.375 1734.409
2210.166 1615.280
2225.432 1606.916
2155.820 1349.986
2348.080 1601.699
2376.964 1658.532
2395.696 1683.369
2104.061 1449.081
2471.069 1643.712
2402.706 1436.189
2192.899 1471.264
2418.438 1314.229
2356.841 1326.250
2480.537 1547.896
2109.055 1538.915
2494.231 1740.158
2173.470 1474.975
2340.859 1737.128
2283.364 1669.012
2490.248 1402.549
2288.520 1647.527
2537.651 1338.221
2122.006 1645.514
2418.854 1352.788
2195.349 1479.970
2286.115 1549.698
2408.524 1514.728
2260.890 1326.112
2170.245 1700.561
2149.700 1591.268
2187.615 1615.248
2273.806 1567.241
2480.351 1291.157
2135.811 1609.311
2260.806 1400.103
2403.758 1571.573
2453.550 1346.372
2184.666 1612.279
2396.810 1593.985
2202.293 1554.413
2143.706 1521.124
2283.841 1481.690
2281.628 1504.514
2455.334 1587.730
2517.549 1703.590
2448.148 1470.859
2308.152 1461.419
2108.848 1657.330
2187.177 1376.372
2463.266 1679.284
2462.453 1367.610
2121.797 1666.748
2200.969 1445.825
2226.344 1696.041
2358.200 1441.883
2293.269 1457.398
2422.525 1500.493
2124.321 1634.339
2391.005 1296.878
2537.047 1619.042
2350.823 1620.813
2409.001 1474.105
2496.913 1628.819
2152.164 1652.411
2128.948 1508.455
2129.570 1498.981
2167.792 1306.223
2403.841 1424.013
2476.770 1415.577
2449.734 1371.196
2182.012 1336.488
2484.427 1590.440
2478.630 1576.537
2468.948 1598.605
2225.465 1425.105
2368.018 1604.703
2434.334 1577.080
2478.063 1700.948
2155.980 1477.100
2435.573 1495.442
2461.385 1593.470
2343.330 1358.328
2480.193 1643.028
2494.787 1528.479
2310.692 1536.768
2403.458 1573.213
2209.132 1707.656
2488.331 1498.181
2234.979 1598.857
2476.416 1324.381
2162.459 1432.355
2192.954 1309.934
2104.992 1550.115
2236.131 1683.981
2491.722 1685.885
2341.939 1564.680
2201.629 1370.686
2314.894 1400.641
2461.468 1718.325
2102.419 1307.909
2132.753 1431.554
2444.468 1548.998
2167.700 1714.105
2473.362 1706.429
2333.426 1424.856
2491.280 1386.050
2391.329 1340.423
2389.513 1399.287
2227.498 1486.337
2506.287 1548.265
2342.117 1314.998
2099.690 1611.047
2115.358 1581.035
2329.654 1443.783
2496.244 1303.521
2497.355 1557.731
2254.938 1713.326
2505.065 1551.651
2205.732 1427.780
2154.838 1417.450
2106.428 1706.466
2486.150 1321.242
2516.102 1402.217
2239.628 1391.165
2396.157 1366.838
2365.836 1436.492
2276.443 1689.362
2420.807 1713.537
2507.574 1528.745
2404.309 1364.320
2329.260 1343.173
2324.863 1725.285
2478.710 1681.944
2391.977 1474.238
2526.815 1715.756
2461.434 1656.474
2137.869 1639.723
2365.870 1643.692
2480.105 1515.360
2227.069 1582.958
2541.600 1655.290
2316.212 1356.621
2387.351 1530.182
2265.809 1733.290
2442.274 1630.508
2181.265 1383.297
2137.509 1590.609
2476.338 1653.556
2410.883 1643.913
2272.078 1403.245
2174.072 1381.183
2140.028 1429.718
2348.750 1428.081
2291.440 1657.340
2195.983 1474.950
2277.090 1523.667
2490.141 1470.321
2120.263 1312.681
2374.025 1470.140
2094.329 1395.766
2233.535 1490.801
2492.376 1672.537
2188.437 1534.841
2385.974 1701.712
2454.203 1658.716
2122.656 1360.374
2410.707 1651.054
2101.258 1362.975
2326.353 1626.876
2126.051 1443.126
2531.756 1392.256
2220.573 1390.817
2284.506 1707.412
2172.965 1657.250
2430.113 1605.297
2297.754 1715.430
2112.447 1643.157
2328.158 1506.582
2326.996 1639.635
2240.549 1496.190
2441.289 1469.278
2313.958 1700.181
2110.232 1601.275
2295.584 1627.923
2357.350 1511.859
2230.495 1529.402
2181.553 1718.640
2453.859 1671.082
2513.105 1357.703
2251.452 1429.668
2479.677 1637.698
2121.284 1409.327
2270.863 1466.662
2483.684 1452.978
2303.783 1385.289
2351.784 1559.134
2308.069 1402.152
2411.009 1403.367
2405.758 1384.990
2309.812 1513.675
2198.859 1642.123
2329.143 1595.051
2097.647 1452.964
2208.330 1354.605
2291.196 1701.846
2190.503 1360.271
2391.335 1731.562
2518.991 1644.930
2414.922 1718.079
2301.264 1345.345
2315.005 1411.553
2450.771 1571.629
2521.575 1350.045
2355.086 1627.342
2271.239 1640.950
2169.244 1496.213
2287.318 1622.832
2155.794 1474.502
2260.311 1337.754
2518.423 1617.604
2108.515 1709.216
2312.685 1621.246
2336.331 1559.708
2201.614 1373.522
2138.792 1526.795
2265.016 1714.942
2432.336 1450.945
2313.836 1554.502
2112.915 1508.783
2281.888 1445.761
2156.049 1551.598
2492.156 1474.559
2156.638 1455.863
2383.789 1531.162
2424.698 1714.277
2281.023 1411.335
2136.147 1532.914
2235.904 1411.867
2209.578 1400.575
2347.096 1728.266
2313.362 1299.633
2354.111 1514.969
2184.282 1599.420
2113.889 1590.752
2360.827 1648.165
2418.684 1463.848
2480.332 1346.841
2228.195 1662.483
2536.101 1427.829
2216.636 1398.884
2329.578 1531.567
2165.634 1684.363
2100.847 1619.490
2245.126 1493.310
2237.736 1719.467
2329.399 1689.759
2111.378 1742.372
2241.345 1576.697
2294.075 1334.652
2532.541 1697.194
2474.133 1299.542
2462.860 1308.141
2346.353 1586.349
2495.205 1522.191
2093.311 1690.733
2097.270 1336.421
2346.550 1413.833
2331.195 1472.080
2303.624 1339.366
2331.930 1331.766
2333.165 1479.501
2379.408 1722.149
2109.732 1508.396
2545.659 1594.735
2258.073 1364.904
2184.614 1666.892
2368.304 1390.804
2307.886 1652.353
2148.078 1350.340
2241.061 1623.477
2331.564 1621.143
2496.605 1645.848
2537.811 1649.440
2286.786 1732.754
2418.507 1403.564
2271.914 1368.084
2507.904 1715.849
2220.294 1321.550
2339.063 1640.147
2501.346 1292.043
2096.264 1312.593
2258.976 1458.815
2108.636 1330.662
2522.059 1715.822
2385.249 1695.800
2119.845 1467.092
2264.592 1617.316
2386.935 1433.784
2518.912 1554.093
2517.066 1433.533
2490.284 1667.690
2377.954 1329.845
2333.777 1565.213
2248.544 1451.022
2149.649 1498.996
2278.298 1685.208
2155.775 1584.020
2180.748 1534.552
2497.270 1714.759
2341.189 1567.436
2417.875 1463.600
2411.735 1655.544
2107.554 1480.176
2440.489 1451.544
2204.080 1577.240
2124.218 1363.815
2139.161 1651.718
2186.225 1463.389
2171.601 1606.467
2537.349 1698.744
2366.515 1709.558
2098.032 1656.269
2142.618 1677.852
2469.697 1370.251
2310.411 1724.752
2545.099 1574.917
2409.673 1649.228
2372.881 1635.709
2230.892 1528.967
2374.762 1548.503
2124.979 1494.177
2215.175 1625.125
2502.132 1431.312
2248.361 1418.198
2448.633 1698.904
2174.482 1459.753
2401.465 1533.189
2095.128 1630.187
2439.963 1530.611
2157.065 1501.068
2419.482 1663.314
2485.365 1433.639
2421.871 1742.905
2180.880 1443.381
2319.818 1653.958
2236.807 1485.204
2301.973 1368.602
2441.050 1682.652
2366.338 1301.216
2540.387 1696.981
2307.087 1332.899
2239.404 1587.652
2403.815 1719.452
2153.908 1641.538
2540.830 1400.629
2445.231 1427.429
2185.891 1351.238
2351.068 1329.230
2244.043 1697.016
2193.055 1398.950
2388.324 1431.100
2292.772 1643.402
2483.474 1308.925
2467.868 1556.458
2171.002 1581.115
2137.283 1540.504
2463.744 1343.518
2207.128 1540.281
2326.561 1711.643
2222.790 1577.620
2113.478 1656.850
2282.085 1469.836
2482.832 1736.712
2454.104 1380.909
2392.024 1354.463
2231.175 1465.857
2400.384 1626.316
2161.171 1564.234
2263.089 1300.945
2131.481 1534.211
2405.113 1348.822
2221.112 1384.955
2424.052 1601.743
2354.037 1548.440
2283.914 1471.610
2352.179 1592.430
2151.875 1648.030
2133.670 1578.548
2247.741 1443.777
2198.769 1569.044
2403.615 1543.102
2171.522 1391.953
2451.208 1648.811
2539.868 1548.330
2464.504 1727.524
2254.743 1290.863
2196.859 1492.314
2236.824 1416.119
2484.927 1661.549
2386.913 1353.172
2125.460 1611.449
2404.154 1339.267
2161.264 1477.090
2487.372 1331.478
2471.235 1467.042
2313.479 1511.869
2134.439 1482.146
2505.777 1357.509
2191.257 1475.041
2543.654 1578.670
2543.895 1729.482
2426.210 1606.852
2456.117 1581.450
2452.491 1531.537
2494.278 1622.844
2410.019 1575.786
2524.947 1324.942
2119.077 1621.916
2465.761 1361.084
2269.620 1426.370
2401.228 1728.496
2280.374 1647.955
2155.675 1714.142
2534.258 1726.723
2489.997 1543.545
2400.578 1733.863
2498.803 1310.318
2212.842 1434.326
2279.978 1613.613
2256.505 1386.239
2233.372 1602.724
2497.274 1703.346
2363.641 1469.117
2475.537 1330.511
2260.465 1531.246
2462.628 1695.048
2441.244 1625.005
2408.369 1711.574
2301.761 1467.669
2202.534 1678.692
2231.451 1730.300
2452.220 1516.271
2323.668 1316.011
2366.696 1696.658
2523.632 1357.892
2161.207 1600.068
2112.358 1523.248
2475.732 1536.528
2268.434 1309.087
2331.137 1517.248
2124.972 1522.886
2344.781 1564.536
2349.339 1451.063
2514.610 1388.896
2168.798 1459.836
2271.547 1484.647
2496.001 1412.082
2453.025 1672.620
2514.353 1694.900
2537.348 1372.707
2321.401 1603.955
2371.522 1499.971
2323.119 1621.064
2370.395 1313.924
2351.018 1571.422
2358.831 1392.626
2193.727 1322.494
2388.971 1547.993
2157.263 1373.582
2424.278 1302.658
2521.642 1370.484
2328.180 1628.634
2311.199 1471.026
2276.892 1699.675
2171.847 1302.015
2106.908 1335.007
2340.431 1671.129
2523.674 1725.071
2356.704 1630.940
2183.854 1468.412
2193.201 1523.849
2483.707 1702.597
2195.335 1355.139
2238.646 1451.115
2357.303 1733.507
2475.541 1321.468
2469.338 1574.963
2396.899 1577.033
2464.914 1408.975
2383.745 1521.435
2442.420 1419.293
2209.217 1303.492
2221.021 1439.816
2347.363 1681.799
2127.951 1647.538
2455.302 1441.224
2429.522 1468.658
2470.784 1338.350
2306.871 1734.339
2463.760 1435.411
2362.078 1432.217
2290.548 1477.597
2269.030 1312.654
2510.431 1608.737
2293.295 1629.468
2399.916 1658.507
2259.567 1561.296
2334.947 1448.586
2206.556 1535.954
2501.416 1594.123
51.054 3539.240
2699.956 582.957
1781.899 200.629
4542.393 3715.322
225.362 3581.877
4753.846 3729.562
965.113 4835.406
3268.257 4720.115
2541.859 4860.874
161.383 724.752
4635.184 354.387
4113.677 4157.292
4798.673 3549.573
1099.141 201.266
573.882 1989.043
1658.963 187.720
2358.424 33.251
4455.977 4211.291
1510.778 4343.915
367.566 4126.946
197.952 1847.520
1036.943 3726.465
2988.038 4339.038
840.831 4323.839
892.716 767.613
776.365 141.849
4429.918 2821.050
3950.987 3960.812
2812.390 688.183
595.065 1345.295
685.487 4647.838
3623.922 523.657
3961.841 4609.537
4872.300 3607.894
4971.367 2600.471
3985.128 481.562
482.565 2852.415
599.046 1214.315
3738.806 3592.653
4292.125 3507.797
4737.786 4254.651
4310.506 4273.339
4249.773 4992.537
3234.581 4226.878
706.006 4205.510
556.182 4759.688
518.389 297.441
3954.713 4927.510
3962.172 471.677
4451.818 618.790
2856.167 336.021
379.399 1291.304
4840.371 2890.262
2183.976 261.228
889.524 156.491
4561.224 2911.221
774.677 4210.772
216.242 4342.497
4422.374 3930.805
328.215 947.707
4890.762 4440.568
3204.747 913.358
3719.650 4463.301
1552.955 4575.719
4976.174 2168.157
199.586 217.778
2723.317 495.658
483.191 1908.254
772.632 3880.240
254.456 2077.806
3051.126 440.533
4706.334 2546.593
4880.254 3884.365
3991.366 3625.939
3417.370 395.335
4759.772 3684.843
1602.455 4055.532
171.867 1305.507
590.645 1783.183
410.458 1545.494
4774.718 1154.514
826.687 4498.669
2635.510 4588.186
1129.544 3465.533
4477.290 1940.899
3632.036 134.264
685.545 3825.813
4421.552 3668.121
3690.788 3802.477
932.416 4301.962
27.324 4807.602
1727.119 728.071
1581.893 4651.370
734.579 3366.190
337.100 4182.413
607.886 2053.701
916.305 4639.461
1223.551 851.577
2698.141 45.551
4876.841 4316.184
1329.697 107.026
3099.864 4783.049
4613.604 4440.016
3352.414 928.818
451.303 3918.274
4224.416 3832.319
977.371 841.621
4338.276 3230.394
2111.475 189.369
1125.013 1070.241
4420.718 3248.145
1402.753 3993.080
4917.480 2919.458
2156.915 4846.193
4508.140 1325.973
4998.160 4060.637
127.098 4372.064
2762.074 4817.084
1320.972 404.801
3553.276 4230.340
1603.906 300.294
4416.714 584.372
306.970 1536.918
1758.567 4949.192
4243.796 689.406
4810.317 2494.436
4682.147 921.583
2966.394 4199.783
210.637 2897.519
4696.622 821.150
1616.318 103.503
4223.499 407.583
2382.638 215.869
454.761 4728.769
4349.971 104.313
641.403 4700.551
2692.774 98.964
3518.339 4353.028
3327.485 4591.134
3655.549 503.006
4166.362 3201.632
4513.295 1073.291
4538.165 4400.069
1689.598 518.227
769.034 1737.172
3507.019 4063.401
376.834 1183.749
4444.140 4029.212
536.910 839.053
1498.418 3861.867
1679.660 719.145
4880.386 3212.768
1714.376 846.058
3320.217 4256.413
4665.545 1667.255
1180.526 3980.269
904.939 1517.056
2426.436 4693.669
29.105 763.695
4160.666 1524.152
328.036 2326.654
4758.127 2404.914
4493.879 1859.364
3171.495 4964.482
382.081 1008.519
159.964 1929.353
2572.918 4773.160
1695.018 640.128
4548.246 804.484
1912.689 4437.165
1471.415 1087.464
1344.910 4513.607
314.176 3477.391
73.016 560.854
3158.657 210.012
1476.713 4113.720
3689.601 868.189
1565.855 643.356
3475.922 241.159
3429.664 4688.189
328.967 4361.299
404.303 3715.423
4363.171 2704.413
4920.466 3613.013
4064.349 4575.638
278.846 2930.072
2548.061 577.541
553.299 2402.492
2534.045 527.483
234.910 940.549
390.694 1680.827
3780.362 4723.534
3291.533 4900.607
35.016 925.294
4865.832 2092.385
650.629 4941.942
3955.579 730.772
2409.626 4765.180
3954.125 1330.193
934.365 4540.339
3394.031 4872.645
1205.652 4848.511
4026.539 1241.401
4353.365 4495.242
3402.286 3892.955
246.234 629.229
4461.406 1878.718
4980.911 3940.281
680.811 3458.697
1332.781 4108.730
4417.849 1021.812
475.510 1759.847
3822.563 1119.519
271.551 3148.748
833.154 3477.295
4457.980 4476.232
4557.675 872.844
4245.617 3288.105
229.229 430.083
3594.626 4129.723
114.858 57.282
3854.794 1118.152
99.199 3042.607
262.546 3968.912
4504.885 3648.779
4586.909 2010.298
1967.771 4859.981
362.421 3739.699
2536.158 207.588
163.799 3282.934
699.433 1029.814
1307.029 3663.347
4229.565 1414.420
1252.264 27.772
4202.086 3635.593
615.588 1939.198
533.124 3232.617
418.556 3963.755
3794.479 3712.650
4892.752 4147.307
2182.457 553.252
4741.242 4471.099
3979.373 3537.441
373.679 3852.771
2801.077 4368.731
4856.544 4895.533
3691.507 330.189
3669.592 300.488
2990.375 4362.443
855.882 4163.908
2673.870 4531.277
2622.878 4720.527
756.035 136.159
4231.193 145.982
3129.947 4846.934
569.331 3573.450
606.675 4896.091
3940.568 4558.320
4665.652 3000.820
4543.706 4285.425
2205.938 592.890
1112.170 4147.500
1792.884 440.630
286.990 1577.679
160.738 2576.566
1007.665 601.425
3091.125 4590.521
426.543 2446.542
4245.935 3541.334
1390.337 4887.527
461.838 1816.591
4689.279 3006.871
3421.749 795.841
4601.243 1531.137
4908.615 1574.385
661.751 4174.411
1255.982 3599.840
1101.034 973.357
3203.010 4413.538
4611.282 1309.772
3342.194 763.059
1605.464 472.327
4223.988 1436.044
4047.535 4350.498
660.702 645.942
3907.805 639.685
1010.874 4456.295
250.763 4683.037
808.540 1742.100
4872.139 2576.713
180.069 1212.082
939.932 334.534
393.855 1452.064
4107.372 1397.757
819.658 3205.323
4364.267 290.451
685.735 176.843
1989.029 4816.757
1092.447 3528.537
619.313 161.936
3732.933 1071.196
3568.745 3954.912
1689.035 4782.528
2847.396 489.665
3320.212 4005.771
4342.991 1243.312
4517.018 2617.764
3995.141 1006.446
3972.249 351.891
371.980 4831.274
4791.352 3402.396
3595.264 4759.169
212.805 2538.139
3907.524 3799.877
183.609 136.479
4462.277 1807.571
1627.026 4915.251
4939.301 133.987
413.257 822.871
1160.319 4849.878
1134.595 4023.694
3818.619 3568.382
2419.855 4943.894
3829.005 370.547
306.161 232.368
3505.886 478.321
441.966 4495.561
3403.536 4785.763
3963.112 3835.523
1861.387 170.255
4339.047 4767.707
4557.373 1206.583
3919.254 1492.966
4556.270 2258.875
4073.896 964.072
3754.873 91.526
892.236 3388.327
4423.539 1912.434
2286.154 4422.573
3096.534 4782.007
4552.724 2842.246
1102.992 4029.366
3866.286 571.828
3290.898 4096.074
4718.122 1396.944
4839.652 3223.525
1199.998 3779.996
4002.137 3315.985
92.534 1995.540
491.124 231.631
4703.282 621.150
82.206 3920.667
1147.205 1399.049
283.890 4991.498
183.671 357.862
4745.914 298.200
798.372 1631.934
2957.445 173.345
4796.019 4162.963
2858.614 54.537
3098.705 629.439
3259.721 4742.974
4688.743 2153.458
44.092 4123.451
913.851 885.699
4843.728 147.032
2659.290 273.011
1404.069 318.054
3677.447 4459.583
4843.474 3730.070
4457.370 1661.583
4139.399 3171.989
4043.730 139.271
3944.549 4930.615
2748.726 394.378
4621.489 383.509
301.945 1227.517
691.940 278.235
3158.777 490.590
4879.110 2031.134
330.107 3865.774
2.861 2361.040
4339.676 247.467
2496.457 130.745
526.387 268.909
75.301 4859.295
3191.936 312.354
4153.286 3129.333
611.419 496.825
921.282 103.200
695.085 3563.861
4956.307 2262.279
4086.513 3619.847
3682.260 3916.879
1606.059 4093.388
4091.206 424.587
117.067 4776.407
4224.576 723.720
4725.722 4763.646
4535.562 4390.593
3790.030 3699.747
4635.059 326.748
4957.650 4603.967
4008.757 1007.938
3118.971 746.988
3488.795 4554.632
950.021 3769.460
4550.876 4447.175
160.570 1888.112
3960.386 4278.602
299.878 2366.976
263.000 2510.772
4934.168 2437.522
1320.233 844.827
3348.796 4413.900
305.596 871.083
2802.094 4593.529
4592.765 1812.359
1787.788 4813.307
883.241 1817.805
3479.623 4356.474
3848.922 1347.835
3331.966 4779.651
4272.251 1970.410
4677.720 873.533
2345.092 4928.189
4435.943 4250.636
1498.877 628.746
3293.685 345.690
2051.668 4515.055
4973.545 3507.930
4400.821 4238.689
3845.820 69.597
4051.446 501.123
3656.951 323.680
2757.466 51.824
4073.474 1430.339
350.061 3196.706
4170.342 1387.651
37.241 2361.456
466.356 201.802
2361.345 171.267
296.565 4219.492
3547.511 3793.178
444.498 4751.224
1248.331 763.136
503.345 4112.576
4816.357 1004.741
4709.793 2544.601
650.224 4049.544
3369.768 4823.409
1896.600 4526.459
3721.916 3852.936
4762.773 1676.575
4782.270 1409.070
3425.042 4738.510
821.845 3700.166
4111.491 957.926
2887.365 202.981
4975.125 2957.535
3847.693 4904.524
180.761 2327.949
4966.703 1347.305
649.829 1095.085
4628.932 2488.237
1621.876 204.517
4366.988 1415.941
4190.542 539.277
328.224 4906.424
4213.962 1152.344
1727.665 605.438
4559.193 4378.117
4263.377 3358.966
3847.256 4601.795
2251.366 4516.340
319.569 1199.359
4993.288 1259.392
3381.326 997.440
4363.032 3497.329
540.689 4325.544
2703.327 4716.920
3901.031 4521.637
1105.916 3886.142
4342.698 4730.941
635.917 1675.017
3786.184 3769.510
232.375 4171.806
452.116 2517.221
43.292 4747.052
4.342 2658.994
114.861 4846.950
128.434 666.597
748.017 4609.129
2168.941 4961.000
4977.961 368.565
2456.596 4513.307
2799.386 116.291
4802.428 1660.080
987.133 1057.624
4898.494 4190.912
864.278 1801.514
3420.386 4796.469
4525.352 4107.481
1378.028 847.481
662.171 4590.423
273.038 0.577
3914.828 3605.539
4602.196 2599.890
3918.788 25.530
4212.025 86.556
1876.736 511.343
3804.997 1342.627
2663.800 463.398
1656.418 4387.503
4470.079 3008.132
2943.207 5.588
3628.164 324.542
338.141 1956.840
2043.573 4694.416
1434.129 4235.544
3521.395 3886.934
4916.557 2736.478
4764.110 3622.337
80.548 2927.528
2220.417 4873.775
3167.391 4714.383
4301.338 598.951
53.150 1422.848
4569.275 2696.036
499.722 4845.177
3619.905 328.526
4681.765 2064.442
4950.983 4262.246
778.685 1676.409
4735.473 2688.287
989.102 799.405
1438.349 4874.831
4552.103 1823.254
823.500 1172.730
2731.385 525.979
1095.224 340.822
3701.992 993.681
4263.088 1066.878
4628.384 1500.915
3974.508 957.489
1909.722 239.001
806.164 790.327
1191.822 3749.086
1554.608 4557.888
3962.331 4195.414
4208.803 3438.273
4302.586 768.453
2340.314 599.490
3412.314 4629.288
226.190 11.965
1366.814 3713.359
4413.708 2643.340
4794.327 3459.343
391.445 4552.280
721.870 4622.001
2075.227 4469.143
885.200 30.961
379.157 3538.743
4277.095 1164.406
356.464 3172.829
4061.691 4781.536
3447.802 4398.626
2023.275 117.738
2729.195 625.968
909.154 1617.797
104.083 852.973
1301.265 295.809
106.722 126.412
4122.176 1159.086
1426.548 4114.038
3457.357 152.313
3535.133 4011.306
1408.771 1153.527
637.462 2218.477
3559.833 560.561
3717.392 420.740
4404.100 1276.707
712.706 3191.786
1078.973 605.672
234.639 506.599
4178.402 4002.680
3024.479 512.611
3102.475 309.693
2384.047 114.344
1630.569 4203.385
1107.510 1111.472
4338.612 117.531
202.061 1181.666
496.931 249.662
586.607 1899.026
3672.211 549.535
97.729 602.361
3790.061 4581.635
4020.346 4684.229
175.253 873.139
4496.489 4993.450
1977.006 4386.009
1580.093 4628.892
92.178 4260.773
3986.014 1069.036
742.568 183.503
2469.868 4959.835
2364.332 4777.768
222.210 2021.784
1670.196 465.940
4989.397 1326.348
1294.079 4927.819
1996.187 4403.560
4087.052 4312.567
4962.067 827.575
103.396 2567.128
4435.306 4102.162
3417.393 4766.316
3867.146 205.660
1758.307 527.329
205.441 632.811
3431.210 4330.965
3447.127 1072.025
4624.010 3411.567
1511.911 818.710
1418.333 34.610
1755.136 4237.209
4204.822 4996.859
1408.577 297.549
4924.408 1849.132
2775.851 344.236
801.703 3619.167
2542.505 4609.048
2859.388 225.385
2729.963 594.857
1360.209 521.147
3861.231 377.890
158.168 4101.372
534.717 117.769
4739.286 708.905
3857.315 4540.779
4451.277 722.257
316.455 4843.484
4611.659 4733.252
28.847 3380.794
222.842 2913.784
20.263 221.622
4654.922 509.017
1329.861 963.772
2623.558 500.691
2811.521 484.700
4532.911 4162.408
564.693 1195.067
4992.055 579.912
507.743 1186.323
514.432 4489.869
45.207 1778.247
412.717 3374.927
27.189 2129.554
4388.917 1048.430
4238.193 1580.997
227.449 4604.025
3892.358 4479.749
363.458 3740.058
4875.356 1348.790
1958.790 4323.502
2417.487 256.593
436.992 1094.767
400.459 2917.729
2239.587 425.343
2509.675 623.916
1548.464 522.824
4956.023 401.953
4961.369 2157.597
1060.042 30.276
2261.490 4439.945
52.696 4058.019
114.211 2963.628
1325.411 4020.472
586.868 3429.389
4555.881 671.861
2838.848 4639.312
351.434 3380.912
463.668 1665.192
3437.865 780.466
3708.394 3652.168
4358.136 1289.330
1112.902 4681.628
2158.514 185.765
516.079 1907.462
757.084 3164.693
4407.948 346.774
4104.648 255.858
4483.499 3016.871
2889.894 4999.024
3354.806 583.134
2357.400 352.522
3096.682 242.945
3441.693 4388.314
1264.610 573.392
3114.334 4933.736
634.872 570.366
2882.086 709.941
338.379 1482.679
4197.716 1002.335
819.292 3124.768
623.320 1631.480
4159.264 3981.305
227.566 1739.065
423.860 2286.301
4878.672 3348.628
442.613 3396.833
4108.120 435.316
2358.141 4732.784
3253.323 771.776
4455.490 4519.570
827.112 1349.313
3036.864 4965.944
3855.929 3973.221
108.536 937.360
4770.730 1034.948
925.914 3574.560
1691.314 4494.186
1027.132 1418.257
747.119 3706.842
815.792 1424.899
695.232 637.388
705.765 1403.071
4689.935 2520.315
639.052 410.906
423.168 1772.418
4619.254 1415.628
495.096 4535.571
1213.321 1210.343
4962.400 4311.743
842.145 3392.369
1712.998 172.212
22.871 4540.675
4328.978 3459.130
3041.587 4475.156
4935.484 1224.493
74.225 1227.794
69.170 4311.692
284.096 4120.618
104.859 4843.527
1123.604 756.396
4588.130 1029.301
4931.432 3183.644
1699.541 496.701
4527.854 3103.993
4507.389 2041.205
3252.491 405.493
4254.665 1860.929
1080.009 4891.030
4764.549 2481.644
810.238 3411.421
2517.771 4996.114
637.586 4483.854
4566.302 126.456
4682.998 2869.351
1809.972 385.932
1436.303 4696.909
3847.537 125.399
3941.487 3815.958
4103.578 1162.160
3035.396 361.008
2268.019 11.210
4955.158 4519.982
4081.402 4067.199
567.609 4578.907
1022.777 3758.391
548.701 2741.011
303.391 505.123
4782.182 2585.086
482.753 1621.268
94.128 3848.154
4346.689 1581.189
4930.496 2625.892
4041.659 804.565
3820.604 3926.502
2504.619 558.084
992.690 4869.308
3680.027 416.047
1304.728 842.995
1275.219 4870.040
1517.255 760.577
4785.373 2285.745
4487.292 2082.500
3212.197 4567.443
465.497 860.149
3877.382 4214.579
2166.323 210.289
2845.507 4752.148
4377.633 4314.683
1202.213 3604.257
4193.610 4540.474
3388.969 844.380
3802.129 40.653
4236.851 4568.258
373.641 351.983
3673.913 1268.404
422.669 4309.397
1121.819 119.695
4795.737 2454.608
791.556 4687.295
4630.331 2651.231
4568.090 1768.307
934.508 785.901
3915.190 4645.573
4176.128 1768.248
1721.746 4637.135
2655.867 4391.541
2265.734 4635.932
981.198 4905.090
4576.110 2386.991
3689.723 4954.944
2274.113 35.301
653.201 484.835
977.993 715.192
3597.055 4313.294
3152.065 4354.535
229.566 3658.365
4171.031 1676.213
968.341 3996.155
325.919 2620.500
3536.148 650.946
4733.442 1619.866
529.989 1188.382
816.717 4670.541
424.610 4347.729
4587.085 2656.423
4871.706 3498.342
4912.941 474.398
4465.289 1536.749
2161.688 214.195
4875.203 290.094
1428.757 1036.289
92.449 3664.532
628.849 1792.610
1377.724 962.126
4593.696 3733.998
4063.962 279.858
4275.770 3831.542
325.093 1030.713
4963.341 3577.684
4478.464 111.733
2583.288 475.517
1306.575 493.559
3648.116 1042.225
974.150 817.672
649.594 4197.059
4802.371 2842.393
3220.926 133.624
4942.229 4079.272
2581.057 66.084
4132.410 24.116
1438.906 4868.916
1775.486 4885.471
1466.654 577.547
4111.327 4503.760
3384.897 4463.627
1138.908 1230.416
144.903 1766.462
1713.105 4232.898
1676.667 16.230
4535.474 434.494
2949.004 239.898
4447.749 1389.671
1306.828 3691.800
4488.302 4757.964
566.323 365.221
1185.656 4779.814
93.675 2795.213
4610.225 2519.780
2748.344 289.085
335.804 645.871
3123.586 4493.733
1140.470 4364.283
1816.509 350.276
38.398 2854.855
3890.121 4471.065
631.714 3559.119
857.719 3610.071
500.438 3434.595
4076.161 3789.623
4296.352 1887.835
50.584 900.736
633.598 3154.561
327.248 184.253
4324.749 2862.345
1534.783 266.655
2591.539 4860.040
4194.946 3764.476
1624.111 873.044
4726.459 395.227
1037.299 3646.334
2711.995 4688.956
4596.201 1750.330
3968.053 4099.325
2093.264 198.319
2610.161 500.329
654.467 3854.841
1572.700 4154.411
425.744 100.554
1789.278 300.871
853.086 4948.845
4272.261 602.661
348.689 955.019
2309.789 4715.452
3768.720 1184.734
2325.183 4785.589
4722.878 1846.194
4142.615 3446.045
1113.564 1233.967
1551.183 681.924
4147.417 3861.728
1501.706 4062.969
4559.979 3581.714
4538.483 3107.316
1791.213 4371.408
2239.732 4711.983
972.117 4511.725
1172.684 4881.770
533.627 1738.343
3009.839 443.850
3755.070 3810.502
3253.767 888.589
598.439 3729.642
4535.038 773.303
4651.077 2574.577
4462.568 3081.374
508.467 4635.119
1778.099 4768.431
3615.536 4282.092
1504.760 820.290
814.825 3832.563
4594.870 2932.281
4432.267 2559.788
4952.570 3117.614
657.849 1991.574
1826.805 4919.851
4728.618 2092.662
569.207 2672.703
4398.611 2097.453
4943.354 2348.548
2516.296 394.858
486.684 217.587
146.514 1480.364
701.602 521.394
569.502 4670.520
1182.404 4902.956
4501.084 4823.557
4450.822 540.292
60.400 1436.127
2846.189 4409.071
4194.105 4315.820
4381.972 3362.134
39.490 2315.191
818.752 3877.608
949.990 1689.072
4579.331 587.446
277.946 4042.799
30.075 3943.147
908.704 1701.012
2853.870 4856.813
4289.469 4835.624
296.893 4219.594
248.681 1849.913
4910.254 1108.735
1145.943 1315.841
4871.954 4948.344
460.527 1767.378
589.560 91.987
3825.756 1445.484
2252.653 4763.234
550.397 992.466
897.488 1352.440
694.943 1345.997
4105.820 673.964
3073.227 88.935
19.220 222.238
4729.922 221.547
4588.369 4334.177
4558.630 3367.643
4196.414 4137.972
838.248 4087.532
3931.170 3956.070
1145.070 3676.531
366.923 2133.077
4527.594 4358.080
3157.959 127.360
4780.264 760.244
4061.599 4696.706
241.494 1008.834
1453.371 4601.756
3801.756 568.162
4292.571 487.861
3521.956 1204.220
904.503 987.290
1271.084 496.356
4855.498 2876.245
3952.116 1161.953
420.967 2192.998
72.990 1495.542
4582.947 1157.508
1960.326 654.446
4557.689 888.001
135.572 1812.993
3351.962 691.281
4207.633 4572.068
4336.270 290.093
4415.784 3528.477
4681.626 1055.521
58.426 1256.987
3330.779 4060.518
2797.039 4268.732
3441.002 4198.133
3421.601 403.417
307.263 4831.936
4214.742 392.409
3910.214 370.190
673.604 4516.859
3308.298 4268.162
362.972 3748.959
729.683 155.419
4827.489 2128.188
1055.877 1436.915
3923.002 4853.684
3277.303 835.137
3576.955 53.388
395.771 1794.129
2126.017 408.542
3507.644 47.497
510.830 1566.004
575.937 2290.763
4710.492 1692.692
23.319 4012.607
4930.527 886.707
4466.734 3498.589
3175.640 4643.757
3645.672 481.740
4532.473 3657.819
2968.326 147.050
424.655 769.510
385.672 1564.760
3818.294 4291.336
4816.205 3705.229
4672.903 4437.125
4741.407 2052.977
340.123 2953.985
2550.591 439.167
1416.229 4519.684
4733.735 4904.006
2533.397 100.213
4719.512 847.839
71.932 1182.832
3859.673 433.380
395.067 2998.478
203.108 1025.718
204.823 2614.163
331.011 2916.978
4241.583 1521.812
670.446 4437.072
4868.748 4188.930
518.105 4715.535
4724.103 2015.575
819.718 3323.414
1075.721 4793.226
1382.781 4785.683
611.904 1899.793
2746.886 164.983
439.672 1040.219
1132.755 4818.566
395.694 4997.559
3636.805 4150.153
739.978 1528.409
245.683 2710.482
2084.289 4954.963
264.114 3287.590
2216.173 67.577
1481.267 4253.803
3055.327 485.359
4322.523 4677.531
3501.859 766.081
255.244 3447.463
1092.904 1071.352
169.215 3697.002
4595.940 3319.402
135.737 1364.693
4890.908 2280.032
225.313 1311.884
4101.369 3335.430
4622.475 1169.422
2419.566 568.210
2830.691 4723.699
2981.988 4903.474
4763.485 4944.083
4981.506 523.627
818.179 4180.487
3484.295 4445.470
4915.258 3824.458
4803.021 701.259
4996.348 1121.265
1076.257 1496.459
2242.040 386.980
4299.307 3179.616
887.456 716.379
3669.646 4200.239
4543.175 722.815
1606.722 4950.062
1265.678 268.281
688.819 3809.249
233.873 1322.062
1066.878 1072.607
3497.747 408.731
4939.469 3692.736
116.041 59.704
4547.507 2613.130
2508.558 4531.673
4401.450 3610.898
1036.608 4721.104
4442.924 296.801
4674.924 1768.350
3793.488 4659.731
142.562 1888.738
3733.349 4814.547
1304.405 703.243
974.215 3741.557
561.145 3022.764
114.921 3372.853
2998.527 433.362
4293.134 4837.362
4327.497 3298.236
823.532 3406.080
3453.801 1136.613
4416.225 746.444
187.734 2186.192
120.544 1776.922
1218.919 4770.005
2047.948 359.556
4797.059 4884.939
4794.353 3135.133
1449.794 595.456
1563.920 4556.779
1505.434 270.502
885.695 3979.099
1803.228 639.894
3979.608 1418.804
496.519 440.409
4679.351 2010.446
4440.089 2582.523
844.138 4898.585
4801.319 2246.150
1304.815 4873.473
4694.132 1599.185
158.532 2249.138
709.529 3218.178
102.544 3511.287
1194.585 4119.813
2364.069 472.593
403.756 2849.795
4637.734 1642.874
3445.142 4486.792
51.065 3430.409
95.451 652.773
2297.768 4529.566
706.856 718.633
4042.542 375.034
3173.085 922.995
2464.941 274.221
4821.653 4813.892
4012.630 3616.206
4738.645 1241.751
4062.944 4453.243
2890.607 4427.260
263.884 1934.294
3114.767 199.307
2740.431 4432.761
4846.722 461.952
3027.609 4930.214
4521.461 2959.609
4498.013 3035.631
2949.697 4508.798
4451.508 3455.154
3755.218 156.044
15.186 2509.135
1450.585 1218.038
670.353 3740.348
4758.293 4647.402
2888.931 4553.252
4436.081 4818.240
8.210 3144.132
215.845 2929.054
1799.162 4653.853
4542.515 3074.722
1663.219 664.159
4826.204 2197.807
4505.644 3674.126
3726.924 1141.801
4634.525 281.654
745.859 4588.275
4576.734 3806.001
356.373 3691.956
3717.105 3906.522
887.023 4975.147
4160.893 3786.758
3571.048 4247.524
332.101 1449.145
1217.743 4347.055
4544.730 794.079
1662.842 4422.614
332.838 912.888
390.238 3956.051
113.523 4377.026
4209.939 690.379
570.643 4476.655
160.749 771.875
1177.323 4354.906
904.860 4610.367
665.691 3549.195
4233.114 466.395
765.156 441.224
3939.353 3849.854
4008.096 1343.332
446.349 1311.673
3813.436 4504.963
4684.469 540.736
2235.239 4552.897
118.746 4409.750
618.469 4149.711
4150.228 4605.292
833.304 1021.356
4381.237 630.863
281.122 4824.887
2968.195 4973.127
3636.288 736.298
910.936 93.331
27.755 2666.023
4765.845 2018.018
131.591 4361.566
4276.541 1253.838
1749.762 333.366
4708.039 1813.968
3205.435 297.248
692.065 3729.145
4810.546 2780.085
4633.511 218.983
3575.259 4506.231
4902.855 1684.717
3278.009 779.562
4243.699 1831.165
425.915 3875.367
2619.262 4417.218
4703.623 993.256
2471.886 485.848
3789.587 3864.946
1005.894 669.796
3685.550 1289.386
1496.419 3941.646
1175.385 1053.965
4934.023 2514.962
1268.773 590.022
4088.456 3870.810
990.863 563.720
4788.757 3868.037
4798.648 3063.092
179.910 2068.590
403.874 352.439
4598.868 3457.664
1096.020 1214.118
1627.738 742.472
4678.883 226.388
698.063 1054.914
146.144 652.797
1337.721 4353.354
3699.797 895.887
4619.152 4230.260
53.883 2435.855
450.971 2397.024
1683.397 707.978
1599.158 4160.365
4733.371 1128.566
4392.381 326.270
135.166 844.980
3423.366 939.853
4865.295 2000.599
2078.086 2.389
2660.000 423.002
4792.470 631.737
648.250 4356.028
480.828 477.222
4754.199 99.441
2464.693 4908.419
2108.401 497.754
550.114 4737.591
197.200 821.990
2906.485 31.434
3093.156 4140.661
345.119 4884.995
1051.506 1232.232
892.317 732.117
249.927 4109.872
466.810 1516.592
483.710 843.647
3467.361 4803.551
363.201 921.388
4369.250 738.746
3423.361 72.442
1305.194 4854.068
2926.535 64.501
3725.650 4925.636
1474.214 3916.457
3085.365 906.794
642.088 1649.244
321.237 3014.969
373.844 1266.026
4064.235 3820.303
2951.311 216.080
3085.772 492.601
39.217 1810.761
817.581 1137.906
365.209 139.562
1210.935 1032.160
4517.563 1756.884
2815.778 546.095
931.088 3629.027
452.588 603.442
1219.448 4031.843
362.230 380.418
4194.557 1635.772
1715.200 4327.961
4257.501 4974.819
3423.579 3952.074
3699.801 263.567
1008.329 4802.801
4203.646 1021.496
3078.084 4756.920
172.658 2499.150
3748.433 4160.351
321.552 2540.418
932.727 823.201
3311.409 723.593
4457.272 6.384
3786.565 483.387
414.336 2816.750
1124.304 932.678
4591.593 2656.738
4527.567 2637.557
110.806 3871.586
4409.824 2529.934
4433.129 91.695
3704.821 630.234
3552.756 921.927
284.579 4028.810
4876.586 15.137
4801.796 3104.585
888.207 1208.233
2479.259 464.647
1842.195 4317.917
1548.780 4940.965
3061.382 4433.972
4994.190 2743.072
48.071 412.384
687.652 3915.324
503.415 890.454
253.066 2230.418
172.464 4602.345
4336.505 4697.581
1681.921 4125.213
564.750 4562.446
4557.551 4503.707
154.156 787.839
363.046 1897.150
4.252 3558.432
122.742 1231.208
1191.791 4693.488
445.944 3039.390
940.874 1534.051
2709.780 4742.136
4669.523 2873.143
2409.349 78.056
2790.891 666.092
2240.370 534.337
3260.061 4984.779
967.989 374.681
3197.560 4006.744
4402.168 3917.182
3711.225 4258.498
367.600 3948.470
2097.222 342.112
1616.832 4661.455
4212.090 4519.274
1867.303 4816.972
4466.114 3130.937
359.258 1997.492
4200.041 4741.914
3131.605 22.194
4670.070 2706.233
363.570 353.883
1547.542 4978.987
3553.770 3967.201
3984.684 4923.230
4991.516 536.964
1027.970 4430.111
1055.385 3339.339
134.515 1027.297
1153.685 659.627
422.759 4430.846
4282.812 4012.588
3540.543 87.348
4579.782 4134.431
4524.558 2709.606
495.715 3658.570
3203.139 4938.295
1168.806 3993.757
8.834 3961.534
36.733 3069.805
4459.959 4766.995
3194.308 212.046
3792.455 20.779
536.639 4070.551
313.995 3099.760
3622.303 4728.243
4003.076 892.457
3212.410 4258.491
2971.213 363.508
4039.183 4005.617
4603.859 531.241
4842.934 4098.281
1236.415 1101.270
2467.091 562.084
1024.117 3537.407
453.952 4994.553
3533.143 257.836
4530.262 1697.567
406.838 1782.578
3901.527 4134.761
1744.778 4568.778
3637.889 653.724
4697.884 4570.942
3204.010 4982.410
3103.143 66.477
4356.007 3190.371
1665.982 4223.009
1404.031 4498.602
3446.421 4976.642
880.589 1484.792
719.900 1068.600
731.836 794.201
4214.702 3284.564
2429.970 119.185
972.883 3725.779
3942.216 1503.943
4662.631 4081.842
4971.641 793.064
4995.240 155.837
3232.309 300.180
1367.867 4125.866
4126.240 247.020
3066.184 4939.086
52.426 3691.326
971.592 4836.318
4160.909 351.498
1719.549 4429.985
649.995 1678.145
522.630 946.938
4452.112 4362.521
4816.916 718.857
3332.477 4700.836
4927.934 2299.764
813.121 847.346
3881.835 4537.466
733.314 4756.649
3174.211 4601.644
1700.287 613.301
2615.747 20.018
440.968 755.805
3309.783 564.758
1905.001 4332.915
3445.209 997.604
217.717 3128.870
4645.878 4055.484
1083.624 1540.838
3752.236 4817.309
3235.399 55.605
4576.599 1835.346
318.223 3745.616
2349.083 4505.136
3003.562 473.212
4456.021 1205.864
2018.732 640.929
1196.050 4265.812
4359.928 301.464
3909.386 863.272
4632.454 4553.274
1582.382 4937.672
812.437 4886.142
396.656 4413.862
4152.091 3351.022
2889.727 4951.533
88.335 1236.630
4051.523 3154.277
576.307 559.486
4335.234 919.344
3921.796 1019.554
66.164 3155.079
2073.474 4557.017
515.670 2094.343
3825.234 4149.653
2809.557 730.345
4742.700 633.669
3605.891 4163.793
3223.250 4084.921
4580.546 266.788
684.193 4678.542
101.784 4351.738
3837.870 1516.944
1017.954 700.191
4504.042 922.737
1234.073 4775.011
3142.443 4992.191
4213.814 1370.540
602.235 2850.657
4956.992 3102.078
714.201 761.455
3995.119 847.391
1887.258 4901.335
856.085 1691.938
1639.028 816.907
2611.378 4512.732
3082.971 4544.316
4647.234 1493.702
162.563 3637.687
4790.809 4920.157
726.654 3344.255
4138.357 4188.374
3394.795 4075.972
297.220 4511.012
4462.819 1942.218
3925.007 1559.425
632.126 3808.091
4079.855 4499.360
1008.197 3698.580
2693.610 163.177
2651.939 4941.179
843.866 4165.822
4257.235 245.956
4957.678 55.237
1482.111 4141.953
4874.195 3030.012
1416.811 603.889
3767.350 625.039
73.896 2915.670
665.552 1980.500
559.087 1211.077
4977.024 3493.522
4544.554 225.558
3319.693 245.641
4351.173 506.897
3725.152 1297.727
3973.435 4880.249
1713.977 473.814
4632.904 3889.440
4726.995 2033.861
542.492 4527.634
4310.063 1210.693
807.122 1537.988
209.708 4878.820
4535.774 3834.860
487.103 2067.281
4910.056 515.514
3731.503 591.799
501.802 2216.706
274.876 2252.592
3114.399 451.967
4999.671 2478.788
667.117 1558.451
2926.699 641.042
4805.837 246.053
179.197 2426.372
1357.669 66.454
3531.577 4192.019
1157.847 3924.055
913.237 1316.721
2610.776 507.739
3305.748 4765.647
3942.451 503.435
4432.276 1666.047
2853.886 42.302
1884.723 438.804
2932.010 4999.245
387.947 2332.239
767.006 4746.433
4617.384 1228.350
4377.110 647.300
606.105 3606.498
1439.656 3888.691
639.923 3582.807
4503.014 432.292
4439.277 4658.244
287.142 4935.914
295.393 2416.764
4339.496 3538.457
4799.860 4972.300
1998.366 106.581
3353.899 731.306
1306.802 3975.252
4473.789 2473.878
3893.631 4515.353
3066.201 4934.376
1512.534 4890.121
3453.008 4336.844
2815.585 608.951
4070.813 1298.924
4617.760 1424.512
1685.316 4822.091
3922.207 1303.389
4491.646 1554.338
1270.059 769.744
4242.532 1722.418
3367.738 4306.147
4946.729 1070.248
3644.595 4392.648
4119.957 3707.683
709.911 1786.663
65.806 3213.886
3362.822 4567.761
4951.329 627.355
4327.602 3701.709
708.524 4346.646
1973.165 511.337
622.115 3195.682
3325.300 4392.270
4909.504 3679.009
4693.815 3577.371
460.987 4621.277
2589.041 461.463
3501.574 4692.314
218.882 1508.153
4104.538 1142.798
678.517 4645.004
2948.144 4430.572
3392.825 231.451
3190.904 4557.452
1258.681 4521.995
4374.927 3778.948
201.408 1055.211
3623.344 227.599
164.865 4330.608
306.299 2741.692
4047.894 1497.474
3370.430 467.479
4235.907 3339.875
2574.266 4660.823
502.977 1408.031
1281.874 772.919
4541.992 1162.219
269.594 3662.915
4284.904 682.730
850.974 838.793
4991.016 3259.300
440.907 1755.013
4864.486 690.804
4775.151 4968.217
3170.547 4647.631
2676.576 4384.842
4582.243 3083.874
3667.099 4510.067
3380.539 8.065
363.754 535.799
3647.767 1156.476
3618.725 3873.851
4758.507 3980.425
1011.148 4006.704
140.982 3397.143
554.434 1272.590
2934.251 264.411
3843.190 3597.264
4215.233 3779.180
4286.686 3690.256
4047.678 4899.310
4012.699 787.732
570.738 4874.364
1579.534 4695.795
4982.379 4253.114
1338.341 542.035
178.668 4138.426
1148.217 971.092
1993.180 51.987
3000.570 332.523
159.709 3724.993
2711.703 532.722
527.622 3770.231
20.179 4872.732
1427.143 106.302
89.757 1316.409
1271.215 4531.255
4990.348 2939.590
1661.359 4959.772
1239.400 1110.543
875.948 4374.485
1808.179 296.486
3059.451 793.673
1019.369 3653.302
463.277 2229.282
1061.154 4471.031
4506.410 3110.649
3557.730 353.781
1219.889 3889.517
4327.669 1910.487
4608.985 1785.083
1114.720 984.145
3942.125 3717.479
148.900 4983.680
752.810 1081.824
198.566 2681.675
4042.449 4755.243
478.308 832.882
291.205 2363.780
3973.389 4550.376
1252.476 532.537
4671.020 1283.689
4971.246 146.286
4876.060 3336.282
3210.121 323.841
2534.594 4425.922
4283.013 4418.283
1374.612 4642.496
3643.539 864.238
2265.872 4724.235
2135.671 276.353
2951.636 33.821
1861.693 4655.655
664.802 3047.132
440.331 1337.189
4822.105 1716.179
3921.096 161.917
4598.530 2153.847
3613.574 4425.985
2611.857 520.199
3879.915 4760.813
4290.951 3191.347
4075.482 4457.356
517.271 2244.119
1204.380 1065.995
1632.285 517.060
1421.405 4111.304
271.432 3354.841
165.445 4179.096
4536.318 3068.052
140.724 3893.001
2885.248 4730.744
3902.829 224.778
2299.042 36.509
1429.770 3789.524
4503.605 1267.479
3272.589 187.112
2087.328 271.910
3218.583 544.011
4805.941 2571.603
2085.923 4892.900
2187.672 369.005
1057.923 3770.032
4428.247 39.962
4687.824 1696.088
3048.507 4662.900
457.469 3080.483
2009.078 585.402
4006.571 4450.021
4956.069 3932.048
4818.983 2319.836
3490.611 4791.484
1374.576 618.388
4780.779 1717.068
4331.427 2046.798
3835.236 1054.768
1867.907 7.090
4366.373 3261.816
3056.860 4545.244
3152.436 4204.146
4966.559 4780.989
3799.227 4857.299
4170.523 204.066
1214.427 806.637
4301.218 670.822
4412.804 3456.774
717.239 748.735
331.166 3115.659
899.542 3715.678
2195.677 4432.240
4031.435 4014.580
451.162 2168.771
4439.553 2495.136
4818.430 1173.263
4701.782 2644.882
797.237 4756.623
1168.596 899.485
511.407 4530.670
3358.942 889.336
263.807 4663.513
4319.041 3658.987
3909.244 367.065
371.722 3665.401
4744.141 4686.245
4715.510 3559.427
3682.402 1103.689
2994.529 469.213
3662.378 640.700
4758.285 2132.718
4431.057 4849.353
4740.523 829.608
1254.787 1074.807
4776.058 3489.349
204.971 1616.614
1068.358 4204.085
4299.528 2959.390
41.675 3612.871
4480.888 128.295
4930.313 404.452
4484.531 953.729
4397.943 3239.703
312.020 1537.043
2151.513 178.035
2886.688 628.920
3610.274 913.360
200.324 4724.204
147.523 1243.230
2701.469 248.319
3911.416 1312.719
3183.531 4715.844
2399.205 441.641
3499.226 1015.141
2852.013 483.368
4507.043 505.722
931.608 4782.962
372.097 3607.602
4960.387 1335.814
1345.591 459.598
4283.400 261.500
903.917 1593.738
485.090 1592.340
67.303 1695.624
2904.772 4314.535
942.392 984.979
3965.413 1218.703
2906.061 282.907
504.284 1523.372
43.243 1788.619
0.982 4180.370
325.161 332.369
342.346 3863.306
537.892 109.820
3730.820 4580.816
671.048 3072.242
4457.336 3031.296
4559.782 3771.023
2601.423 4366.416
242.712 691.302
1383.419 326.297
3572.031 692.478
4379.478 1964.501
4862.385 2643.357
132.745 519.080
993.933 4808.148
3989.997 1052.683
2402.072 4460.950
2628.129 4742.292
4318.553 3810.227
3130.403 443.211
271.876 14.406
1228.526 408.174
2520.463 201.964
1497.504 4644.256
4978.893 9.303
1829.750 4622.120
1456.340 4400.320
3167.722 850.815
4695.065 758.730
1225.603 3802.370
2034.955 4350.154
2904.485 4922.661
393.187 1146.288
2206.836 4800.478
505.748 4162.382
1602.503 4961.323
1174.283 4231.048
184.711 3145.487
1496.752 4801.848
1634.706 879.175
4833.579 3917.595
4331.479 519.672
3718.301 474.133
1299.728 1103.433
4293.963 225.640
671.352 746.999
4296.980 3767.931
821.264 1800.805
1160.528 4209.208
65.504 4441.025
3703.081 716.768
717.425 3192.753
4816.210 2387.785
3902.242 4391.931
4391.991 3782.912
4353.330 4861.061
4435.197 2840.515
