25000 50
6875.000 5625.000
9899.644 5471.639
9437.095 5951.903
9973.247 5759.129
9498.801 5805.879
9208.545 6134.795
9603.178 5407.360
9231.839 5453.429
9148.973 6015.496
9741.370 5402.569
9307.537 5612.699
9924.807 5458.617
9455.301 5757.313
9178.300 5643.906
9230.112 6067.424
9536.307 6213.242
9579.172 5432.032
9854.480 5972.843
9359.089 5616.095
9141.494 5778.992
9338.351 5944.739
9732.175 6228.085
9996.613 5574.915
9257.073 5436.691
9700.936 5654.202
9357.146 6148.892
9314.752 6166.645
9756.830 5941.945
9148.996 5860.687
9321.691 5738.578
9510.696 6134.913
9331.286 5797.464
9578.840 5619.557
9771.592 5468.516
9329.584 5446.322
9428.367 6168.205
9501.148 5475.632
9419.490 5876.260
9405.629 5596.849
9351.019 5662.340
9642.013 6030.074
9318.138 5458.479
9895.209 5892.272
9371.720 6214.618
9547.671 5879.452
9224.234 5420.302
9319.946 5845.708
9918.652 5645.983
9353.707 6028.469
9232.198 6112.165
9151.324 6075.422
9190.557 5387.424
9537.427 5691.493
9675.188 6015.924
9185.294 5811.370
9293.609 6048.497
9381.415 5630.386
9186.155 6027.915
9920.668 6122.775
9382.235 5789.822
9239.242 5644.786
9866.604 6223.334
9248.804 6043.400
9989.423 5655.721
9810.887 5620.021
9821.812 5624.269
9871.614 5356.311
9382.226 5381.161
9581.302 6101.053
9714.351 6096.462
9672.232 6070.856
9775.127 5912.618
9639.264 5445.339
9587.549 5660.606
9994.656 5379.148
9293.308 5634.238
9865.067 5789.098
9177.163 5373.568
9783.730 6154.023
9635.441 5885.588
9482.413 5575.753
9400.173 6084.556
9666.768 5797.426
9734.064 5433.704
9956.492 6116.234
9310.398 5882.307
9852.190 5579.042
9162.379 6135.221
9879.892 5359.614
9376.856 6110.072
9289.065 6109.963
9988.461 6075.025
9215.374 6054.719
10003.900 5987.760
9961.653 5863.110
9181.767 5554.192
9587.694 5420.391
9775.957 6206.341
9852.792 5343.798
9266.272 6154.635
9784.143 6143.905
9332.553 5975.761
9546.376 6206.963
9529.223 6145.893
9626.561 5992.140
9621.431 5884.903
10030.116 5833.367
9934.877 5961.890
9565.920 6164.381
9814.550 5424.231
9762.641 6092.788
9155.890 5948.200
9159.681 5821.050
9283.710 6093.764
9865.891 5354.842
9648.114 6140.872
9793.222 5852.202
9583.165 5946.159
9769.869 5736.043
9206.343 5448.371
9147.814 5529.404
9328.268 6132.217
9743.765 5859.379
9963.477 6100.893
9164.352 6194.674
9599.468 5483.256
9456.376 5729.138
9583.955 5883.855
9854.542 6172.851
9819.797 6188.958
9202.156 5690.658
9541.809 5803.113
9244.938 5643.183
9625.941 5468.715
9895.067 6023.546
9329.039 5814.190
9661.891 6019.654
9971.043 6135.187
9713.633 5553.990
10015.454 6097.797
9452.927 5432.234
9755.730 5376.950
10028.453 5496.617
9958.324 5507.437
9367.041 6109.172
9945.254 6227.588
9985.572 5414.654
9145.331 5899.707
9297.473 5665.894
9573.844 5866.787
9258.319 6015.526
9562.410 5669.329
9970.299 5654.657
9563.676 5750.913
9446.270 6112.554
9705.740 6059.043
10006.088 5621.226
9681.247 6153.080
10014.314 5568.614
9624.262 6137.913
9532.690 5789.726
9680.113 5838.057
9841.780 5432.741
9539.770 6185.947
9982.116 5464.497
9285.966 6029.272
9630.994 6037.221
9329.771 5654.113
9166.861 5842.521
9462.740 5935.919
9844.921 5398.847
9761.207 6063.300
9246.171 5875.522
9794.159 5874.601
9877.048 5897.098
9572.263 5936.632
9211.683 5590.900
9628.392 6120.934
9613.571 5795.581
9545.888 5882.170
9746.419 5777.493
9973.035 5746.229
9789.114 5531.004
9674.913 6225.297
9707.178 6134.041
10015.346 5562.966
9330.760 5821.299
9702.698 5614.832
9190.571 6048.517
9169.575 5348.535
9204.757 5361.939
9595.536 5438.407
9200.399 6077.820
9691.191 5859.374
9833.038 5484.326
9252.776 5909.853
9278.152 5411.952
9712.659 5622.991
9570.904 5996.701
9546.584 5971.907
9418.303 6170.615
9225.462 5814.623
9990.346 6150.346
9247.813 5847.782
9269.586 6159.930
9287.101 5735.539
9972.875 5735.510
9663.204 5438.460
9255.059 5752.057
9212.485 5405.619
9441.274 5885.383
9496.159 6104.530
9657.385 5504.832
9403.470 5969.123
9274.276 6078.461
9881.370 6192.517
9336.524 6159.443
9647.971 6010.186
9329.270 6061.411
9887.144 5740.346
9398.182 5747.448
9207.513 5487.313
9992.459 5491.441
9488.231 6093.982
10001.748 5680.025
9971.543 6107.749
9754.473 6014.631
9210.399 5818.458
9415.575 5954.080
9151.821 6209.466
9531.944 6106.754
9163.688 5692.941
9217.454 5601.076
9358.561 5855.601
9988.324 6089.369
9722.947 5644.689
9628.530 5764.707
9405.291 5786.842
9807.142 5728.570
9223.646 5861.069
9344.001 5681.279
9390.157 6205.057
9981.522 5461.249
9452.908 6132.296
9877.831 5451.817
9630.638 5650.132
9670.994 5351.504
9829.725 5623.778
9796.000 5522.957
9241.249 5476.037
9364.012 5730.619
9646.785 5419.555
9745.691 6186.886
9701.172 5497.450
9845.369 5568.771
9759.872 5713.143
9685.592 5964.728
9987.695 5428.167
9961.373 5647.673
9477.119 6139.384
9544.985 5356.532
9394.515 5923.128
9372.836 5603.783
9679.858 5600.127
9407.936 5537.838
9342.362 5372.092
9853.340 6103.605
9643.039 5830.518
9752.306 6128.132
9456.275 5414.606
9773.039 5760.684
9333.454 5346.211
9822.557 5372.716
9682.683 5363.528
9996.701 6160.964
9337.850 5519.102
9453.256 5341.107
9608.297 5850.365
9436.832 5897.470
9541.934 5961.067
9899.984 5744.511
9957.904 5805.436
9788.237 5994.039
9819.228 5896.784
9448.864 5448.839
9506.054 6069.377
9647.082 5695.648
9572.079 5574.235
9480.462 6004.434
9576.128 6198.562
9740.691 5905.723
9724.396 6081.788
9959.476 5957.942
9197.525 6090.541
9751.038 5894.174
9690.809 5943.372
10011.406 5387.234
9650.163 5485.849
9873.067 5681.816
9806.672 5446.294
9229.064 5357.649
9649.556 5437.513
9318.441 6009.905
9594.823 5997.493
9710.864 5700.455
9844.268 5829.954
9593.670 5520.558
9883.432 5548.746
10028.926 6091.335
9816.413 5835.435
9375.766 5818.574
9150.649 5415.071
9375.279 6030.437
9755.610 5550.636
9838.760 5582.523
9835.157 5480.846
9332.752 5495.614
9558.853 5882.212
9890.735 6145.248
9561.771 5524.810
9966.987 5870.644
9729.394 6097.669
9722.603 5631.144
9148.278 5449.240
9295.657 5676.750
9169.434 5397.776
9668.489 5950.314
9708.904 5377.573
9191.068 5941.057
9404.887 6106.913
9739.751 5473.656
10001.588 5482.516
9627.922 6139.919
9244.957 5768.591
9496.984 5881.594
9271.426 5916.203
9589.832 5828.680
9563.089 5557.548
9878.153 5872.114
9777.829 5936.255
9251.832 5634.789
9197.180 5409.541
9710.979 5595.264
9516.830 6098.221
9955.673 5932.701
9875.349 6044.178
9645.951 5574.285
9460.848 5659.166
9786.124 5449.841
9143.321 5439.960
9827.866 5863.131
9223.514 5911.751
9174.982 5988.793
9902.012 5538.468
9901.877 5377.505
9809.901 5425.364
9556.592 5849.740
9483.445 5688.432
9784.946 5511.584
9240.697 5412.464
9329.341 5982.579
9879.300 5893.051
9244.093 5831.402
9159.884 6033.657
9482.949 5601.402
9223.857 5982.711
9275.623 5736.480
9159.181 5405.773
9257.260 5789.044
9736.015 5683.869
9237.935 5733.918
9144.438 6177.215
9232.209 6197.206
9948.170 5816.007
9202.380 5832.112
9168.420 5522.563
9254.869 5369.244
9483.447 5471.551
9828.790 5998.886
9522.577 6086.271
9449.846 5547.110
9338.701 5935.314
9253.544 5859.278
9222.428 6107.608
9419.451 5551.988
9323.061 5446.025
9967.892 5403.997
9224.843 5991.620
9417.109 6154.405
9493.186 5355.744
9666.423 5847.301
9805.116 6135.096
9596.323 5552.772
9866.671 5569.404
9228.430 5914.361
9700.711 5882.750
9248.336 6191.515
9722.617 6222.603
9337.052 5805.845
9741.027 6106.718
9250.989 5674.723
9576.006 5667.495
9188.007 5942.584
9308.528 5796.522
9430.725 6197.387
9958.382 5402.986
10010.190 6107.146
9889.651 5743.612
9555.494 5996.727
9879.749 5951.479
9955.171 6085.938
9513.520 5427.799
9723.169 5919.526
9483.963 5554.425
9426.455 5442.414
9172.775 5670.407
9903.723 5739.330
9584.593 6158.326
9560.439 5466.807
9714.091 5475.435
9575.911 6072.960
9729.784 5791.918
9636.403 5451.972
9963.702 5917.944
9953.967 5350.858
9592.000 5821.536
9209.723 5438.914
9366.457 6137.783
9784.379 5351.618
9873.102 5551.102
9494.483 5724.798
9377.976 5891.343
9749.337 5845.263
9917.919 6029.755
9192.482 5462.055
9398.429 5497.337
9375.264 5419.154
9265.166 6117.008
9161.366 5950.433
9335.450 5718.562
9511.984 6181.132
9298.147 5699.793
9335.513 5675.304
9714.863 5387.630
9200.447 6047.805
9270.959 5544.850
9255.957 5789.743
9758.368 5782.849
9633.688 6070.655
9389.777 5388.698
9556.782 5814.151
9152.779 6114.579
10000.022 5996.512
9956.796 5943.667
9434.946 5520.743
9550.361 5747.085
9333.442 5576.484
9776.917 6137.911
9473.681 6138.154
9934.145 5540.291
9625.082 5455.354
9552.612 6053.964
9466.233 5983.938
9342.202 6038.412
9995.798 5679.731
9738.237 5420.872
9348.460 5495.499
9387.068 5522.357
9987.868 5401.603
9183.425 5419.960
9303.998 6201.048
9518.437 5870.947
9201.228 5386.086
9738.456 5500.065
9783.378 6040.928
9748.761 6112.965
9722.146 5508.955
9362.522 5861.072
9452.381 5801.737
9345.548 5549.504
9871.090 5863.822
9665.878 5467.337
9588.674 6102.521
9383.622 5730.260
9989.898 5959.041
9528.217 6189.826
9947.155 6068.310
9521.874 5762.965
9756.668 6169.831
9647.052 6071.830
9207.549 5935.754
9424.182 6079.396
9844.642 5948.832
9609.224 5636.581
9777.049 5726.769
9183.535 5920.916
9865.646 5669.185
9991.273 5449.444
9661.135 5497.826
9151.212 5618.181
9933.598 5751.998
9626.340 5986.953
9401.735 5474.063
9993.949 6054.453
9307.496 6210.047
9347.646 5879.602
9284.984 5810.079
9150.396 6175.027
9387.688 6019.994
9530.551 6190.706
9221.273 6208.990
9604.352 5768.436
9785.546 5558.017
9542.450 5861.585
9930.377 6226.583
9538.762 5491.326
9680.844 6144.459
9319.794 5494.575
9687.337 6019.910
10014.509 5538.177
9225.313 5392.265
9874.333 5968.474
9606.795 5812.093
9410.151 5814.142
9407.003 5654.717
9356.384 5416.941
9918.336 5359.861
9334.826 5985.695
9698.876 5719.710
9786.889 5361.747
9360.560 6169.709
9312.684 6024.833
9657.860 6022.338
9976.424 5807.556
9562.618 6207.070
9467.467 5917.137
9403.927 5359.226
9292.932 5485.468
9245.968 6223.117
9573.406 5932.831
10006.123 6167.021
9250.651 5494.439
9177.511 5738.395
9994.149 5567.756
9418.816 6069.582
9369.743 5591.743
9280.152 5388.657
9381.120 6181.842
9837.760 5850.038
9410.109 6210.892
9919.402 6024.121
9988.043 5962.673
9278.470 6225.769
9443.686 5667.061
9173.755 6062.897
9820.060 5547.383
9770.716 5829.960
9702.604 5912.309
9863.611 6076.013
9559.785 5532.264
9563.347 5367.641
9648.626 6222.612
9750.074 5713.501
9563.196 5807.406
9628.893 5988.972
9312.521 5458.647
10017.437 5430.731
9792.909 6051.073
9310.053 5581.140
9703.146 5659.030
9537.859 5545.556
9314.885 5341.191
9931.609 5580.298
9580.863 5493.104
9221.753 5532.248
9141.294 6189.918
10008.031 5988.216
9823.677 5550.160
9393.701 5771.165
9952.773 6074.162
9365.043 5832.846
9765.101 5398.015
9359.097 6012.819
9416.323 5814.656
9282.118 5947.962
9396.474 5384.956
9535.466 5827.565
9516.752 5695.689
9928.081 5890.901
9230.003 5526.339
9908.781 5494.012
9508.729 5823.950
9553.922 5573.056
9553.841 5896.455
9920.472 5611.931
9903.972 5553.844
9761.266 5737.378
9305.007 5567.357
9795.652 5812.737
9520.126 6142.680
9230.842 6133.134
9310.477 5818.295
9251.816 6013.498
9438.856 5362.496
9872.501 6077.260
9969.094 6085.586
9747.587 5384.529
9673.346 5958.861
9379.584 5504.303
9712.747 5834.465
9761.305 5894.687
9575.595 5990.955
9521.861 6102.763
9464.563 5734.514
9515.639 5463.971
9621.767 5935.145
9573.050 5786.990
9617.501 5412.286
9618.931 5816.924
9827.864 6095.104
9619.904 5505.831
9212.131 6112.918
9840.521 5620.710
9937.693 5415.682
9439.804 5453.954
9845.559 5638.958
9774.709 5653.261
9847.375 6127.469
9850.055 5856.481
9566.534 6055.866
9940.080 5996.963
9186.308 5926.624
9845.882 5595.227
9822.491 5374.994
9425.168 6074.806
9280.184 5944.477
9173.314 5516.142
9691.468 5467.505
9886.585 5461.667
9607.029 5506.466
9177.601 5770.892
9954.401 5847.841
9213.662 5468.445
9899.213 5674.225
9617.980 5936.042
9751.377 5974.781
9575.001 6062.384
9797.109 5578.458
9350.151 5510.764
9408.011 6097.613
9529.192 5659.042
9801.642 5589.877
9684.497 5752.061
9149.292 5371.933
9798.274 5687.863
9142.011 5431.062
9171.803 6159.096
9893.452 6207.098
9712.138 5376.602
9140.806 5632.960
9169.894 5678.682
9734.823 6220.273
9157.769 5843.860
9515.109 5502.785
9610.614 5559.936
9902.690 5396.422
9633.948 6033.098
9445.036 6205.273
9427.593 6035.961
9903.431 5631.382
9443.240 5353.774
9994.411 5444.439
9206.083 5992.735
9966.466 5974.284
9830.963 5362.268
9156.852 5948.292
9477.585 5814.798
9233.052 5513.328
9637.050 5393.954
9331.761 6176.414
9293.131 5438.724
9909.373 5641.306
9483.282 6229.872
9234.898 5920.603
9628.052 5399.763
9927.017 6160.906
9622.130 5434.907
10000.772 5789.138
9163.864 5551.574
9318.794 6066.772
9264.535 5344.969
9461.508 5441.750
9631.831 5527.885
9828.801 5649.914
9522.051 5343.903
9176.013 5450.062
9796.405 6034.888
9388.655 5620.168
9336.695 6140.521
9153.951 5999.457
9405.340 6062.604
9354.648 5365.672
9139.606 6001.912
9213.284 5853.634
9159.747 5700.506
9468.445 5562.757
9274.417 5577.595
9290.847 5787.738
9241.838 5638.364
9710.102 5395.052
9463.856 5474.526
9188.614 5782.300
9761.978 5490.250
9444.568 6185.523
9140.770 6002.130
9508.166 5698.982
9769.898 5493.823
9615.286 5551.484
10007.545 5557.900
9656.323 5403.634
9185.283 5788.499
9815.944 5445.844
9392.492 5627.681
9677.798 5701.558
9600.195 5776.198
9455.211 5381.947
9843.985 5937.351
9610.609 6109.805
9665.456 5739.289
9599.011 5551.880
9662.234 5453.953
9711.726 5372.206
9703.972 5916.950
9276.796 5457.066
9406.527 5922.767
9807.895 6176.316
9344.090 5798.626
10001.522 5393.402
10018.859 5447.801
9555.096 5717.406
9473.175 5582.441
9407.151 5449.378
9241.004 5399.961
9221.375 5397.969
9457.546 5517.217
9381.587 6042.241
9812.859 6168.153
9390.816 5873.792
9777.294 6228.779
9407.314 5727.263
9974.102 5547.487
9426.946 5994.625
9935.102 5989.322
9723.252 6171.632
9724.528 5600.850
9995.068 5782.582
9138.256 5679.941
9808.849 5687.530
9245.120 5342.704
9348.749 5608.118
9800.281 5522.447
9167.613 5923.655
9899.519 5543.447
9747.082 5836.440
9361.096 5601.085
9375.824 5987.335
9489.274 5523.718
9236.471 6012.480
9770.106 6009.216
9402.473 5854.574
9204.510 5675.693
9178.633 5414.746
9613.245 5749.030
9838.548 5913.589
9685.882 5770.819
9597.945 5581.302
9666.736 5431.719
9801.848 5803.522
9139.591 5460.269
9548.563 6079.391
9312.054 5464.253
9808.265 6151.297
9890.903 5450.013
9750.260 5897.297
9210.838 5426.270
9161.634 5354.541
9222.685 5566.907
9709.797 5706.657
9180.194 5554.852
9705.568 5640.860
9611.427 5669.226
9411.498 5862.255
9142.047 5432.349
9826.216 5399.775
9954.063 5820.075
9998.503 5891.933
9567.741 5861.536
9733.019 5353.675
9448.920 5938.550
9566.087 6112.704
9146.024 5572.009
9430.912 5538.617
9264.766 5346.328
9859.898 5948.276
9758.933 5914.900
9999.362 6107.825
9862.708 5789.900
10016.794 6122.987
9801.235 5913.954
9831.022 5363.838
9419.269 5909.899
9958.662 5725.646
9774.782 6015.302
10006.987 5766.073
9987.251 6086.258
9738.493 5607.306
9997.052 5475.304
9206.057 5703.082
9141.373 6182.361
9672.797 6139.740
9562.161 5842.870
9577.757 6070.812
9472.013 5486.387
9626.037 5780.921
9520.251 6076.671
9955.973 5891.605
10012.455 5757.934
9468.788 5341.610
9911.726 6214.883
9228.999 5592.733
9946.933 6125.313
9759.765 5806.826
9910.161 5453.051
9743.690 5457.932
9665.280 5554.872
9232.727 5728.339
9282.822 5350.259
9263.704 5973.492
9573.676 5543.566
9296.463 5960.633
9846.183 5917.344
9341.500 5569.003
9164.464 5963.893
9550.709 6030.585
9625.148 5632.987
9947.058 6087.702
9648.234 5970.805
9731.095 5341.686
9483.724 6193.802
9261.865 5830.235
9986.455 6130.461
9858.700 6219.281
9287.018 5487.218
9858.996 5828.699
9284.665 5624.027
9216.982 5701.867
9833.369 6048.144
9516.886 6013.568
9811.375 5521.397
9340.316 5867.424
9393.873 6052.465
9691.948 5592.257
9960.197 5403.959
9169.879 6050.838
9801.447 5398.261
9313.933 5826.900
9996.152 5747.174
9241.836 5988.317
9475.544 5449.822
9433.431 5583.385
9842.542 6187.233
9337.693 5802.112
9678.160 5411.784
9872.677 6157.170
9867.399 5749.823
9232.157 6169.975
9222.121 5945.205
9613.067 6039.604
9889.042 5498.358
9898.429 5891.839
9184.602 5994.676
9350.149 5927.248
9202.718 5921.283
9278.954 5902.097
9682.098 5521.517
9372.939 6070.297
9825.001 5832.247
9220.461 5711.295
9966.705 6135.601
9828.447 5874.525
9394.948 5446.515
9908.179 5552.807
9527.233 6212.544
9606.765 6167.255
9359.774 6147.378
9721.641 6015.487
9246.701 6091.760
9203.812 5517.530
9350.747 5906.246
9358.906 6185.144
9595.337 5601.710
9513.274 5480.097
9647.193 5871.823
9735.340 5936.659
9564.826 5570.251
9166.945 5814.630
9789.576 5539.315
9918.988 6048.992
9232.546 6211.912
9565.999 5825.213
9527.294 5984.765
9979.728 5409.171
9914.846 5809.005
9902.847 5684.210
10020.953 5653.189
9508.478 6106.482
10016.964 5914.952
9675.404 5833.343
9682.420 5793.213
9241.101 5817.565
9474.681 6105.028
10016.949 5761.603
9187.332 6049.708
9564.422 5695.631
9612.966 5559.596
9465.146 6123.778
9409.116 5898.529
9232.389 6216.579
9635.482 6097.764
9351.140 5759.728
9727.654 6036.518
9168.996 5832.685
9776.278 6202.702
9477.887 6182.126
9230.635 6203.914
9208.795 5641.166
9889.725 5489.974
9484.856 5439.430
9988.306 6013.607
9648.569 5487.030
9950.082 6177.768
9183.274 5432.655
9347.996 6109.546
9590.001 5638.925
9574.217 5778.978
9926.928 5729.043
9143.960 5705.509
9825.113 5783.768
9953.362 5982.330
9248.240 6219.775
9688.461 5371.150
9570.943 5518.020
9521.196 5864.921
9441.789 5489.357
9609.729 5670.609
9358.346 5666.725
9979.525 6180.484
9476.286 5917.937
9715.457 5922.139
9242.367 6098.751
9245.276 5807.854
9517.748 5437.678
9988.708 6101.503
9271.027 6184.871
9779.284 5740.434
9882.367 5844.133
9659.003 6127.734
9416.008 6132.022
9322.068 6199.888
9656.016 5390.434
9157.264 5657.086
9164.326 6170.435
9350.975 6186.374
9893.365 6177.430
9227.124 5630.535
9441.128 6077.652
9855.972 5467.281
9856.969 5946.997
9822.928 5516.708
9814.779 5791.175
9572.660 6041.966
9865.544 5465.677
9218.495 5529.364
9773.888 6200.146
9542.135 5497.974
9966.885 6160.842
9314.110 5978.581
9603.485 5390.937
9710.081 6085.969
10002.748 5375.543
9738.795 5519.676
9511.312 5749.645
9379.450 5584.364
9452.492 5546.342
9958.783 5650.939
9270.337 5449.387
9697.961 5734.547
9218.784 5413.670
9982.608 5848.603
9343.197 5728.663
10020.135 6171.072
9311.406 5495.505
9287.186 5900.691
9759.085 5921.269
9422.752 5689.493
9288.857 5954.789
9824.210 5539.751
9643.565 5443.849
9442.097 5570.020
9869.117 5798.000
9310.058 6142.100
9625.101 5706.918
9262.683 5979.745
9842.716 5662.358
9721.045 5912.893
9970.391 5500.636
9260.321 5725.584
9240.486 5655.992
9946.368 5644.981
9482.893 5625.568
9538.446 6018.002
9509.120 5858.519
9150.839 5404.069
9222.538 5356.905
9967.739 5397.731
9505.712 5580.774
9751.844 5850.238
9278.393 5849.961
9470.219 6019.716
9581.977 5752.309
10007.649 5663.202
9362.118 5643.248
9368.452 5575.969
9395.442 6106.836
9200.766 5884.629
9582.137 6206.826
9981.771 5764.665
9282.717 5763.454
9795.497 6100.443
9415.994 6152.815
9141.367 5553.191
9474.253 5575.456
9511.456 5433.828
9642.668 6146.526
9386.338 6143.718
9416.145 6082.347
9773.822 5573.378
9818.994 6096.140
9752.554 5943.268
9964.206 5748.166
9889.722 6117.037
9421.474 5814.164
9926.355 5594.999
9140.758 5622.869
9222.544 5457.133
9425.582 5552.457
10004.082 5675.362
9784.792 5954.255
9518.427 5674.018
10003.242 5859.050
9591.940 5633.520
9449.095 5592.544
9220.076 5651.365
9141.923 5502.822
9653.407 5773.137
9817.438 5959.484
9932.643 6047.943
9388.268 5751.859
9178.396 5895.353
9830.992 5820.466
9774.451 5617.437
9982.462 5950.725
9501.210 6155.421
9364.520 5629.370
9624.055 6231.946
9360.528 5903.016
9832.792 6198.148
9603.073 6063.089
9973.668 5698.152
9793.033 6208.579
9369.990 6068.598
9779.928 5927.497
9718.177 5378.947
9922.406 5583.208
9343.619 5873.046
9271.118 5729.634
9498.504 5882.988
9571.225 5721.467
9954.733 5709.722
9163.047 5820.929
9492.440 5735.166
9467.973 5969.704
9755.229 5469.791
9666.166 5689.768
9873.087 5515.213
9519.300 5383.314
9991.299 6214.407
9890.589 5824.912
9973.546 5664.848
9991.051 5497.742
9380.387 5865.440
9472.028 5865.470
9523.916 6018.206
9656.738 5814.891
9551.090 5957.909
9570.552 5369.880
9867.396 5757.864
9689.979 5445.930
9964.445 6220.367
10017.758 6171.822
9351.680 6195.404
9397.302 5427.920
9949.667 5645.671
10001.733 5844.981
9285.429 5776.224
9834.825 5947.404
9415.457 5479.205
9863.371 5607.961
9751.759 5733.542
9762.865 5758.814
9382.337 5538.571
9907.627 5491.392
9444.965 5527.940
9274.222 5720.449
9603.115 5500.088
9245.899 5941.402
9148.468 5832.556
9338.852 6190.389
9229.744 6081.538
9409.552 5851.356
9579.215 5401.389
9891.586 5827.924
9318.985 5529.485
9767.228 5803.537
9924.887 5605.429
9160.621 5366.035
9540.444 5923.317
9677.388 6015.879
9910.968 5830.271
9993.505 5514.634
9197.637 5873.279
9904.879 6130.203
9889.791 5831.530
9407.938 5695.348
9233.582 5452.281
9735.774 5935.261
9320.097 5430.230
9591.289 5800.065
9226.075 5398.723
9333.500 5750.520
9521.689 5977.824
9316.596 5871.370
9581.236 5721.919
9658.062 6070.003
9552.329 5426.550
9638.280 5581.947
9530.584 5852.278
9888.027 5601.539
9582.006 5397.400
9451.693 6167.267
9732.266 5887.493
9611.947 5906.670
9941.325 5942.487
9766.982 6218.489
9452.305 5755.965
9497.864 6166.278
9585.557 5382.472
9329.028 5899.576
9921.263 5353.144
9900.744 5423.022
9978.848 5429.844
9157.349 6054.075
9621.883 6098.355
10001.478 5552.463
9844.515 5520.279
9729.962 5829.046
9577.792 6199.405
9537.417 5869.537
9614.267 5930.426
9240.759 6051.987
9748.956 5611.529
9264.633 5685.008
9437.108 5873.963
9181.338 5472.385
9290.108 5606.214
9370.371 5456.133
9406.650 5378.618
9299.650 6156.583
9256.210 6205.387
9805.967 5340.237
9765.312 6058.269
9975.478 6150.661
9587.546 5572.693
9982.325 6127.421
9575.099 5615.663
9940.261 5374.349
9921.009 5572.235
9677.492 5946.942
9613.583 6069.447
9586.009 5840.093
9913.358 6140.866
9333.031 5698.092
9982.144 5358.241
9154.498 6158.781
9207.293 5993.453
9549.606 5809.937
9330.310 5590.376
9697.953 5420.873
9402.964 5902.904
9931.767 5420.839
9791.678 5448.683
9554.487 5820.863
9917.568 5509.878
9835.447 5492.868
9920.549 6040.312
9667.660 6225.030
9153.758 5388.558
9459.568 5891.481
9510.683 6048.674
9930.861 5505.895
9453.360 6163.086
9986.342 5772.205
9991.786 6136.443
9889.629 5968.458
9399.627 5648.997
9523.142 5818.058
9916.246 6223.954
9916.836 5466.740
9922.433 6119.003
9750.845 6055.953
9719.602 5979.500
9972.216 5481.636
9777.077 5699.092
9561.274 5553.973
9736.996 6074.169
9265.509 6092.663
9808.308 5784.744
9901.571 5641.644
9564.479 5355.655
9846.777 5559.980
9741.625 6139.642
9205.091 5343.312
9741.243 5968.822
9536.608 5690.054
9442.357 5716.408
9568.882 5855.940
9672.241 5786.732
9913.717 5420.824
9182.439 5457.929
9362.646 5902.832
9785.424 6194.132
9408.323 6062.819
9757.261 6227.627
9170.938 6095.223
9148.654 6146.080
9785.380 5560.770
9173.555 5723.985
9955.488 5863.062
9549.526 6225.322
9910.846 5847.466
9686.461 5577.810
9243.944 5830.614
9964.334 5701.626
9479.931 5945.350
9530.160 5595.003
9449.160 6046.735
9761.172 5615.636
9781.792 5658.323
9227.417 5765.862
9497.404 5455.551
9400.493 5960.143
9577.394 5388.871
9882.281 5732.594
9512.064 5819.810
9832.824 5504.969
9585.703 5587.149
9742.543 5508.432
9465.780 5642.062
9981.445 6075.082
9504.818 5748.846
9400.807 5571.438
9404.159 6063.889
9875.377 5491.146
9444.071 5825.138
9185.824 5793.213
9569.408 6033.882
9438.414 5489.738
9956.391 5395.015
9140.208 5739.497
9271.851 6041.865
9983.938 5501.771
9694.444 5778.644
9718.570 6000.218
10004.401 5789.556
9763.700 5400.826
9555.400 5368.582
9189.988 5415.664
9919.651 5754.283
9174.937 6012.158
9458.433 5368.809
9702.460 6114.400
9626.586 5608.379
9590.359 5466.288
9875.312 6116.290
9544.404 6025.480
9508.024 5467.262
9552.753 5454.321
9384.486 5837.583
9632.416 5544.301
9457.987 5725.086
9198.607 5972.688
9702.414 5553.161
9464.315 5649.779
9146.487 5750.806
9908.389 5736.058
10024.572 5568.928
9865.249 5720.662
9417.328 5912.401
9178.801 5862.949
9160.711 6231.174
9952.783 5528.594
9260.759 5669.055
9570.456 6165.602
9983.196 5521.530
9837.707 6006.110
9209.045 5726.229
9886.717 5680.304
9174.884 5775.764
9938.177 5565.765
9700.187 5530.692
9815.929 5592.990
9697.065 5864.917
9398.946 5406.551
9304.440 5596.379
9962.704 5815.401
9464.157 5534.082
9897.230 5777.915
9992.001 5774.084
9352.081 5756.209
9543.794 5970.430
9465.778 5548.829
9252.652 6154.174
9395.601 5711.420
9479.625 6013.543
9206.109 5579.489
9620.656 5469.833
9305.025 5709.956
9334.366 6001.253
9635.070 6004.190
9383.948 5720.077
9368.546 5858.199
9835.414 5515.327
9274.237 6007.025
9167.365 6132.996
9772.537 5581.535
9426.307 5809.421
9838.418 6009.437
9281.261 5460.743
9403.561 6082.843
9559.468 5454.247
9841.369 5985.054
9992.461 5721.706
9460.885 5975.833
9741.830 5403.781
9180.786 6035.685
9268.423 6208.225
9884.572 5889.972
10001.054 5611.228
9796.671 5513.413
9819.357 5740.397
9231.311 6041.831
9213.758 5624.269
9898.624 6025.623
9354.303 5424.192
9551.281 5467.640
9817.521 5358.236
9672.422 5627.814
9805.747 5969.257
9249.656 6060.356
9352.914 5697.942
9563.104 5713.737
9915.077 5883.457
9677.943 5399.637
9960.787 5394.884
9186.044 5454.721
9212.570 5465.331
9373.597 5579.139
9814.871 6027.062
9382.989 5474.808
9980.386 5849.772
9724.439 6001.134
9754.330 6180.968
9700.280 5488.549
9730.815 5860.506
9712.266 5702.619
9743.159 5827.749
9773.540 5600.359
9843.164 6032.470
9279.406 5888.354
9972.370 5744.470
9191.405 6073.009
9983.966 5709.931
9884.260 5342.860
9381.523 5780.308
9913.192 5470.407
9785.114 6167.033
9631.525 6037.634
9174.697 5867.626
9451.664 5771.753
9653.399 5733.143
9530.332 5588.025
9858.333 5860.450
9621.848 5919.899
9172.417 5910.695
9941.653 5480.285
9174.508 5562.792
9891.468 6198.792
9500.866 6184.575
9594.430 6194.435
9891.412 5792.346
9155.408 5688.610
9758.516 6113.276
10012.264 5658.929
9843.362 5683.700
9711.026 5595.706
9877.221 5788.588
9191.155 5416.632
9389.476 5885.876
9347.321 5612.132
9463.853 6232.269
9688.703 6192.500
9483.869 5883.597
9551.546 5795.661
9654.892 5852.301
9191.323 6231.762
9830.732 5432.381
9178.919 5982.867
9891.630 5741.417
9758.583 5783.708
9217.295 5948.374
9466.852 5858.917
9843.159 5811.449
9696.564 5507.177
9924.258 5461.782
9865.658 5854.988
9391.079 5556.322
9987.596 5468.797
9429.367 6015.605
10015.446 5543.031
10011.340 5457.846
9716.921 5482.983
9684.209 5755.087
9719.872 6143.556
9829.609 6188.444
9960.195 5868.103
9625.551 5454.201
9537.914 5767.263
9460.963 5968.440
9624.450 5571.000
9606.654 5948.053
9736.404 5425.255
9162.431 5886.669
9680.467 6061.632
9984.241 5364.721
9983.720 5760.333
9853.183 6118.958
9308.325 6078.032
9871.591 6210.882
9608.594 6053.663
9601.464 5845.631
9943.895 5742.745
9468.834 5937.917
10000.377 5988.846
9856.944 5693.200
9522.940 6143.335
9942.607 6213.483
9709.274 6026.193
9425.353 5910.879
9178.508 5819.566
9593.088 5495.106
9444.774 5625.354
9371.948 6124.813
9355.785 6046.669
9345.274 6194.447
9916.846 6138.704
9852.970 5947.019
9480.898 5762.723
9508.059 5716.807
9438.227 5502.510
9492.093 5413.797
9806.040 6186.994
9381.156 6204.229
9392.022 5885.112
9388.602 5734.660
9769.846 6110.535
9450.216 5426.739
9975.379 6131.718
9474.522 5785.779
9704.095 5697.095
9283.996 5887.935
9493.656 6061.860
9732.611 5795.653
9237.929 5848.725
9593.788 6006.951
9430.480 5761.070
9621.964 5731.610
9594.848 5650.858
9280.279 5803.744
9476.509 6062.546
9983.229 6059.574
9593.131 5572.300
9415.153 5705.351
9178.991 5346.808
9396.526 5694.954
9772.061 5809.758
9502.502 5438.150
9806.182 5351.795
9651.889 5602.948
9290.433 6073.846
9213.512 5771.103
9432.764 5797.008
9462.235 5566.855
9974.635 5463.730
9147.676 5863.159
9561.845 5510.204
9762.303 5892.808
9217.897 6158.427
9193.524 6008.814
9705.379 5411.085
9176.727 5994.470
9253.162 5623.201
10014.043 6073.772
9247.859 5351.692
9473.564 6051.983
9374.227 6034.988
9714.275 6051.434
9869.850 5531.938
10016.999 5872.058
9705.282 5824.179
9204.900 5377.833
9476.236 5345.836
9906.491 5435.390
9460.187 6094.610
9863.467 5611.477
9181.695 6085.507
9915.364 5698.674
9744.174 5954.666
9975.058 5818.593
9603.894 5971.783
9789.301 5417.972
9708.068 6146.293
9893.658 5695.186
9592.758 5896.372
9474.940 5484.973
9872.496 5558.611
9781.862 5686.598
9426.986 6200.043
9961.974 6051.913
9301.800 5380.732
9815.911 5707.591
9304.831 6124.697
9507.411 5573.050
9176.600 5763.300
9868.843 5976.659
9979.355 6169.228
9466.237 5772.855
9973.135 6089.486
9768.409 5360.463
9449.949 5408.073
9822.525 5769.456
9140.249 6006.875
9517.530 5640.845
9884.799 5868.521
9510.821 6085.786
9610.875 6154.560
9501.979 5872.575
9669.252 5512.077
9267.211 6224.098
9291.468 5534.127
9672.812 5579.862
9480.279 6111.404
9849.108 5488.824
9613.574 5646.630
9300.908 5653.071
9728.705 5995.427
9657.876 5936.063
9896.572 6115.792
10018.690 5391.319
9712.577 6146.675
9856.907 6225.410
9346.804 6022.770
9788.449 6008.338
9341.972 6149.645
9857.646 5459.365
9286.380 6028.289
9290.012 5441.364
9586.409 5386.014
9902.902 5692.290
9676.087 5696.193
9381.813 5566.174
9657.251 5972.885
9172.527 6168.365
9693.129 6045.760
9865.896 5908.464
9614.241 5736.971
9512.157 5652.459
9639.670 5512.307
9976.047 6128.207
9908.266 5623.476
9256.368 5902.142
9642.113 5349.439
10001.144 5921.332
9783.143 5711.107
9296.679 5643.683
9406.701 5464.322
9912.823 5504.731
9492.338 6113.214
9560.705 5905.130
9333.713 5377.486
9896.071 5429.832
9354.658 6167.911
9176.181 5344.342
9218.991 5367.811
9229.065 5482.537
9772.947 5398.313
9145.660 5873.536
9641.233 5382.609
9164.992 5870.295
9598.603 5964.413
9536.637 5927.261
9775.502 6211.859
9358.563 6219.874
9411.132 5935.336
9716.321 5452.232
9432.152 5866.385
9686.509 6119.934
9825.432 5499.780
9308.424 5578.272
9525.167 6049.800
9666.452 6198.573
9865.446 6015.703
9833.887 5978.471
9452.478 5566.020
9377.370 5879.132
9164.459 5893.150
9956.890 5445.843
9478.474 5849.648
9333.839 6046.227
9531.350 5886.632
9257.664 5519.264
9881.973 5776.142
9999.161 5386.120
9889.454 6037.608
9962.480 6091.812
9973.773 5894.192
9963.533 5515.813
9885.137 6134.097
9362.314 5856.742
9974.746 6021.087
9868.583 5455.146
9289.911 5990.790
9888.861 5918.657
9597.046 5676.266
9529.405 6117.917
9833.459 5980.961
9680.130 6047.336
9238.661 5683.057
9823.688 6079.615
9248.647 5778.776
9946.488 6192.606
9807.732 6156.821
9181.886 5603.092
9776.684 5697.086
9911.063 5791.136
9153.563 5444.524
9262.475 5707.558
9214.373 5535.416
9334.352 5836.895
9582.734 5779.437
9769.059 5384.338
9203.177 5349.318
9160.963 6154.545
9807.762 5711.268
9528.431 5428.576
9604.715 6103.767
9364.886 5588.652
9656.667 5586.809
9414.525 5947.327
9797.886 5581.940
9936.561 5984.313
9440.466 6079.302
9888.787 6084.371
9829.129 5419.881
9586.905 6111.842
9380.786 5637.655
9593.227 5874.117
9743.978 6017.291
9506.276 5781.869
9510.641 5690.088
9219.083 6052.076
9564.319 5475.401
9213.590 5783.932
9288.003 5666.773
9991.239 6153.669
9607.758 5403.931
9728.693 5428.542
9617.686 5741.619
9727.925 5928.930
9413.027 6154.553
9156.737 5477.932
9175.414 5372.875
9810.127 5635.007
9164.772 5463.119
9798.395 5547.821
9589.524 6220.484
9821.482 6175.269
9595.560 5984.803
9558.214 5608.539
9652.581 5532.422
9648.005 6139.143
9152.136 5508.914
9181.625 5634.516
9749.237 5695.589
9421.976 5788.967
9763.611 5467.579
9303.299 5831.813
9635.824 6104.297
9977.244 5874.083
9450.281 5742.197
9793.684 5944.157
9873.012 6186.253
9244.912 6188.708
9236.149 5478.165
9360.744 5780.008
9644.400 6001.761
9913.895 5978.375
9221.456 5700.552
9337.866 6115.969
9312.414 6079.818
9408.497 6131.889
10025.807 5615.707
9732.321 6008.903
9561.020 5541.212
9896.795 5937.656
9320.893 5882.031
9656.072 5609.833
9445.470 5371.024
9929.689 6165.596
9360.375 5914.999
9576.592 5355.401
9800.502 6160.878
9813.541 5428.986
9710.909 5951.492
10004.345 5719.619
9519.628 6092.308
9623.823 5699.186
9644.438 6135.579
9232.450 5485.679
9779.281 5831.099
9308.614 5581.859
9904.743 5999.190
9318.768 5600.308
9862.391 5714.383
9884.456 6196.815
9504.412 5685.924
9412.745 5489.195
9294.437 6146.161
9323.573 5789.090
9295.050 5355.915
9799.731 5377.941
9557.290 6216.560
9174.017 6061.564
9333.684 5506.112
9560.337 5552.782
9703.804 5435.299
9604.449 6167.349
9893.627 5455.405
9455.040 5804.735
9270.786 5662.580
9630.819 5801.435
9380.583 5390.536
9657.499 5903.580
9643.453 5675.882
9821.667 6158.477
9696.358 5614.843
9662.793 6132.075
9487.626 6009.039
9205.913 6223.446
9500.651 5522.165
9510.236 5714.354
9235.156 5722.150
9609.142 6013.210
9837.228 5695.997
9925.115 5880.101
9500.951 5474.988
9464.801 5646.607
9758.037 5342.869
9775.265 5860.760
9173.855 5640.434
9420.093 5806.064
9462.449 5613.723
10007.512 6113.849
9306.120 5692.045
9513.698 6033.968
9312.963 6205.695
9606.000 5957.222
9886.657 5953.704
9826.711 5586.956
9708.989 6169.155
9611.411 5885.909
9166.548 6145.669
9202.526 6141.912
9927.383 5432.389
9663.227 6156.992
9628.192 6089.146
9654.510 6094.700
9671.414 5446.568
9652.785 5867.037
9501.180 5488.255
9479.189 5707.440
9161.806 5898.786
9405.606 5461.754
9355.177 5574.293
9608.661 5840.105
9914.463 5460.581
9759.030 6133.354
9685.433 5409.786
9678.309 5438.785
9845.975 5812.755
9486.775 5662.846
9462.170 5693.313
9757.904 5918.959
9699.133 6205.328
9798.086 5889.832
9877.836 6164.862
9945.691 5828.675
9405.298 6061.670
9725.498 5552.975
9421.392 5357.667
9777.672 5494.677
9452.202 5572.326
9850.433 6133.628
9504.824 5365.042
9297.766 5675.569
9766.549 5651.297
9845.370 6043.309
9415.082 6004.366
9831.894 5439.526
9983.141 6048.568
9145.512 5499.675
9833.186 6052.768
9601.725 5822.390
9573.089 6180.265
9870.252 6035.997
9357.429 5471.656
9646.781 5605.875
9152.836 5445.665
9728.993 5398.775
10002.958 6075.213
9983.608 5420.089
9879.772 6211.902
10003.256 5422.143
9160.873 5621.459
9392.813 6137.039
9433.825 6149.639
9953.886 5424.036
9444.547 5803.226
9864.506 5832.525
9365.705 5788.771
9630.233 5679.827
9572.392 6053.888
9505.866 5934.573
9781.228 5405.398
10013.213 5923.828
9821.248 5676.596
9589.198 5812.279
9906.454 5766.943
9643.918 6212.130
9818.204 5916.381
9740.451 6165.223
9636.559 6112.115
9457.535 6037.662
9916.029 5383.641
9267.122 5903.252
9149.068 5685.429
9768.824 5463.647
9996.298 5734.888
9440.569 6137.495
9631.144 5989.955
9725.265 5383.517
9817.895 5941.919
9188.622 5956.388
9664.172 5903.867
9854.091 6001.490
9729.030 5347.091
9163.848 5484.556
9591.427 5494.011
9322.396 5568.412
9851.144 5913.235
9157.990 6073.035
9971.671 5739.332
9869.608 6112.050
9881.637 5723.489
9949.238 5743.260
9688.996 5847.283
9767.789 6201.271
9302.325 5521.136
9260.691 6183.091
9530.956 5875.125
9731.472 5508.967
9872.740 5792.041
10008.914 5844.680
9395.531 5764.608
10012.371 5764.727
9231.814 5829.549
9877.611 6063.268
9631.916 5783.602
9512.386 6041.816
9170.418 5795.691
9191.008 5548.988
9632.334 5596.131
9809.684 5679.844
9459.273 5985.378
9349.167 5780.075
9404.768 5765.937
9319.599 5655.460
9612.510 6153.037
9382.848 5694.605
9317.511 5718.916
9954.887 6087.556
9678.281 5426.550
9266.587 5458.515
9351.681 5650.571
9546.746 5459.989
9387.635 5701.407
9903.320 5567.431
9673.706 5956.829
9512.523 5633.904
9335.461 5403.277
9645.446 5540.098
9390.697 6055.154
9529.988 5493.800
9899.966 5903.042
9879.365 5927.268
9716.877 6169.242
9736.553 5990.460
9529.700 5488.894
9820.711 6143.445
9954.197 5658.672
9200.269 6225.960
9283.466 5513.521
9639.268 5819.912
9704.404 5898.242
9495.638 5615.245
9397.319 5691.974
10026.195 5608.145
10025.743 5405.492
9852.479 5481.955
9221.537 5602.624
9878.923 5797.773
9587.961 6021.690
9455.807 6106.710
9211.117 5666.852
9601.612 6049.713
9907.118 5686.284
9596.866 5780.315
10022.910 5992.966
9585.363 5979.957
9604.936 5867.229
10028.134 5631.125
9929.363 5571.819
9194.956 5803.751
9207.885 5977.329
9273.357 5883.364
9645.941 5371.004
9507.096 5391.039
9874.827 5892.076
9204.233 5945.401
9186.569 5357.859
9893.201 5825.661
9743.330 5596.218
9979.112 5595.012
9477.690 5375.615
9913.602 5531.182
9922.865 5966.651
9223.893 6197.322
10016.276 5831.671
9808.480 5366.715
9455.852 5907.282
9702.790 5672.722
9628.955 5520.149
9866.329 5930.594
9932.658 5770.272
9277.141 5928.728
9400.287 6157.464
9857.170 5848.071
9560.138 6229.576
9836.196 5562.284
9325.433 5949.825
9364.043 5642.118
9904.487 5582.131
9755.640 5884.874
9329.516 5621.955
9195.337 5493.798
9926.417 5662.867
9511.973 5935.865
9195.125 6203.744
9454.093 5642.515
9910.679 6183.218
9376.566 6064.787
9870.498 5452.990
9568.133 6031.172
9371.147 5538.853
9709.822 5640.075
9985.671 5783.681
9967.928 5638.855
9271.198 5743.069
9795.162 5521.630
9497.020 6170.822
9147.228 6042.250
9745.615 5771.421
9666.989 6150.602
9945.696 5772.616
10028.275 5527.208
9625.215 5770.060
9823.868 5651.841
9396.023 5369.275
9836.653 5746.818
9548.750 5591.605
9729.887 5853.692
9680.341 6032.221
9218.416 5654.450
9935.571 5368.368
9908.467 5833.842
9888.429 5835.901
9878.180 5469.150
9318.912 6133.546
9561.449 5884.798
9263.859 6156.329
9693.792 5636.276
9863.339 6118.872
9296.099 5534.925
9239.745 5709.728
10017.042 5972.379
9918.602 5412.204
9709.131 5666.428
9318.914 6077.365
9434.672 5573.475
9458.971 5436.519
9750.254 5403.821
9210.573 6005.523
9233.831 5940.947
9776.810 5848.453
9458.601 6158.863
9223.407 5535.402
9292.692 5932.579
9503.353 5985.550
9511.331 5554.666
9315.246 5875.538
9623.629 5838.400
9307.595 5801.555
9556.301 5700.836
9491.577 5762.453
9606.504 5774.295
9712.148 6212.206
9973.434 5898.777
9220.970 5901.881
9211.264 6015.348
9877.113 5642.063
9163.026 5944.565
9991.186 5964.330
9914.587 5747.636
9974.291 5403.311
9515.182 5861.730
9631.658 5659.879
9469.003 5774.249
9287.928 5922.911
9677.898 6231.626
9982.801 5772.054
9761.020 5691.908
9402.915 6024.727
9868.420 5493.320
10013.389 5403.616
9242.382 5757.007
9210.895 5657.559
9945.927 5647.794
9705.302 6124.746
9842.812 5980.899
9421.856 6029.774
9748.792 5393.700
9270.587 5779.021
9661.451 6037.316
9696.661 5726.448
9978.047 6087.924
10027.017 5685.933
9647.741 6050.983
9578.735 6154.455
9512.498 5467.664
9535.188 5908.926
9605.249 5554.437
9822.678 5461.159
10011.395 5947.805
9834.451 5921.603
9778.916 5627.236
9569.604 5864.093
9854.368 5538.358
9842.184 5813.560
9821.082 5608.222
9247.593 5593.700
9989.181 5841.964
9755.442 5407.500
9476.348 5896.574
9881.777 5532.927
9312.121 5630.931
9540.071 5607.362
9439.868 5402.509
9933.755 5796.173
9937.015 5519.385
9724.891 6019.783
9211.387 6029.920
9596.375 5910.488
9907.333 5987.784
9664.419 5341.170
9232.132 5857.065
9209.548 6222.640
9157.687 6031.679
9911.175 5389.218
9835.533 6026.615
9619.350 5826.558
9632.349 6017.359
9979.902 5434.767
9987.397 5965.770
9624.899 6079.250
9926.839 5556.583
9579.558 5700.032
9244.774 5822.344
9633.751 5740.801
9871.279 6091.043
9972.686 5551.654
9597.323 5664.984
9584.971 5783.665
9789.450 5507.713
9588.366 6070.175
9340.747 5728.687
9797.405 6011.166
9977.985 5384.202
9824.448 5770.317
9548.333 5372.662
9274.878 5868.777
9694.270 5621.260
9701.983 6211.349
9663.314 5540.920
9474.587 5605.458
9681.204 5554.724
9567.078 5721.650
9624.749 5679.254
9590.508 5696.832
9875.805 6039.490
9578.812 6088.058
9517.325 6223.927
9391.202 5594.347
9345.940 5659.512
9266.876 6100.208
9158.702 5779.783
9943.969 6035.396
9704.057 5589.918
9389.723 5840.808
9377.435 5397.115
9691.548 5969.783
9319.915 5480.047
9940.260 5862.061
9271.920 6061.121
10020.123 5952.985
9835.387 5363.697
9526.409 6128.884
9459.691 5661.571
9697.002 5639.372
9947.075 5385.901
9151.147 6069.164
9862.725 6167.269
9460.689 5955.669
9302.905 6126.817
9594.814 5388.919
9633.958 6043.264
9475.808 5675.202
9795.921 5912.346
9242.583 6003.378
9586.691 5760.680
9589.122 5834.333
9523.189 5886.781
9318.280 6089.344
9200.796 5680.664
9279.935 5842.102
9359.405 5803.999
9538.317 5566.764
9909.430 6111.175
9968.830 5883.739
9168.932 5599.901
9326.695 5785.016
9359.964 6207.107
9615.764 5663.719
9410.988 5864.348
9709.265 5936.685
9729.553 6052.163
9643.979 5497.472
9278.270 5798.327
8081.576 8399.727
7914.451 8561.753
7871.375 8821.151
8354.904 8598.808
7662.525 9157.307
7658.003 9129.908
8100.235 8387.132
8098.853 8337.665
8229.201 9059.719
7864.615 8526.505
8316.098 9165.547
8227.224 9079.758
8322.823 8892.316
7751.326 8665.705
7702.728 8903.333
7946.852 8749.573
7966.343 9069.708
7781.387 9101.768
7547.426 8730.715
7800.417 8782.168
7699.621 8977.609
7956.750 9101.399
7781.107 9040.245
7699.760 8966.757
7664.502 8865.672
7617.879 8391.287
8329.292 8901.089
7757.332 8499.590
8373.473 8554.344
8002.546 8899.570
7523.676 8877.588
7635.349 8507.269
7534.250 8971.887
7586.446 8497.579
8253.668 9097.103
8007.702 8437.468
8032.251 8670.704
7809.334 8823.729
8186.975 8872.364
8033.704 9110.069
7840.097 8287.914
7613.059 8777.089
7796.116 8901.561
7763.816 9002.034
7594.684 8639.040
8162.706 8374.412
8129.629 8968.791
7983.538 8420.264
8028.833 8694.342
7642.968 8817.021
7863.879 8313.863
8051.650 9155.847
7639.952 8425.445
7851.553 8562.425
7681.355 8709.244
7569.751 9087.522
8059.946 8544.245
7891.232 8958.208
8307.712 8878.078
7528.289 8581.371
7777.984 9056.210
8190.801 8664.503
8172.115 9079.091
7656.026 8334.585
8035.566 8908.426
7686.286 8650.620
7592.746 8457.728
7544.523 8359.912
7991.046 8638.191
8030.368 8820.771
7969.073 8780.441
8332.266 8746.031
7905.377 8924.380
8143.654 8933.221
7879.770 9120.786
8200.557 9043.112
7751.442 8381.586
7639.676 9079.495
7529.079 8582.877
7813.211 8303.578
8155.490 8307.046
8013.663 9026.009
8312.958 8987.478
7602.230 8673.609
7860.218 8815.822
8323.406 9031.706
8334.732 8895.168
7749.347 8895.668
8365.238 8985.255
8355.116 8404.798
8200.221 8948.966
7987.930 8924.041
7929.395 9089.884
8384.073 8574.011
7633.975 8615.452
7823.051 8990.764
7712.114 9112.695
7514.034 9002.061
7758.789 9122.317
8146.530 8593.057
7662.333 9120.223
7572.552 9155.542
7651.392 8295.547
8063.087 9128.596
7625.283 8985.942
8250.369 8455.751
8239.152 8849.998
8224.619 8949.026
7944.530 8883.638
8299.715 8491.416
7638.227 8718.119
7868.260 8954.871
7641.386 9082.858
8181.505 9080.862
8030.480 8594.947
8026.535 8982.810
8153.543 8987.423
7851.503 8635.803
7858.353 8361.899
7884.865 9145.766
7621.709 8678.521
7994.908 9077.745
7700.616 8553.453
7705.992 8538.611
8179.059 8766.504
8216.219 8307.356
7913.221 9163.474
8222.272 8396.789
7943.586 8547.501
7625.404 9010.771
8391.780 9101.501
7676.450 8448.054
8341.896 8875.086
7790.244 8471.661
7810.410 8524.358
8116.923 8519.443
8267.813 8903.923
7883.698 8467.523
7562.485 9027.853
7694.760 8570.851
7975.022 8958.726
7605.026 8667.245
8025.418 8509.538
8316.503 8937.480
7720.748 8471.233
8319.152 8446.083
7889.133 8608.193
7713.446 8898.516
7651.521 8768.247
8362.244 9107.018
8170.873 8652.493
7862.187 9048.488
7506.046 8515.160
7513.461 9020.780
8078.179 8802.969
8294.414 8418.524
8016.348 9111.904
8322.002 8765.354
7836.333 8398.960
7730.436 8826.817
8315.584 8670.065
8207.304 8736.926
7646.278 9016.518
8103.759 8403.922
8051.778 8386.751
7923.426 8433.759
7746.466 8407.471
7568.224 8290.114
8022.751 8972.759
8278.526 8466.567
8388.190 8799.043
8187.436 8582.471
7858.371 8933.265
8199.999 8578.487
8194.007 8401.902
8113.167 9156.095
7913.857 8425.192
7671.354 9050.229
8369.462 9123.606
8185.336 9174.297
7714.694 9096.751
8015.137 8778.508
7765.326 9011.490
7872.672 8480.323
7725.447 8585.235
8088.744 8426.282
8167.701 8601.719
7602.351 8693.694
8226.190 8829.351
8262.874 8665.716
7972.559 8420.354
8107.765 8504.569
8327.294 8546.522
7533.131 9011.056
7514.296 8647.250
8022.845 9043.832
8089.223 9017.080
8007.104 8744.014
7987.131 8550.740
7645.605 9008.857
8141.359 8296.361
7558.927 8408.907
8366.024 8304.903
8062.358 8568.259
8306.381 8288.194
8271.360 8406.367
8040.803 9174.540
7893.457 8628.758
7628.733 8475.095
7597.153 8978.254
8075.454 8806.055
8244.039 8680.567
8351.610 8981.282
8228.652 8918.806
7688.159 8628.268
8187.582 8584.213
7999.640 8947.370
7758.046 8592.090
7685.337 9098.162
8085.460 8825.541
8339.551 8823.361
8266.592 8926.147
8271.131 8392.437
8079.999 8705.939
7931.287 8823.323
7787.172 8428.280
7700.907 8461.491
8279.603 8467.646
7563.716 8649.736
8269.090 8345.681
7966.230 8288.025
7620.288 8486.600
7519.742 8417.205
7663.512 9047.045
8120.563 8967.733
7760.214 8453.632
7913.857 9038.140
7801.831 8318.486
7731.559 8340.521
7987.690 8675.779
7963.659 8367.855
7616.724 8539.533
7619.802 8483.476
7842.611 8364.389
8075.898 8835.952
7845.615 8385.064
7620.624 8295.994
8096.160 8502.579
7986.266 8967.844
8352.940 9056.285
8195.924 8448.586
7730.317 8784.706
7969.722 8555.323
7634.297 9063.129
8014.715 8355.965
8389.899 9080.088
8313.228 8434.804
8300.911 8445.165
7983.096 8748.809
8165.832 9039.788
7791.203 8441.599
7616.743 8711.918
7991.883 8679.071
8028.319 8470.553
8327.458 8797.503
7631.682 9032.243
7992.733 8503.693
8141.589 8728.689
7636.076 8921.540
7884.533 8403.903
7955.445 9114.499
8121.805 8554.412
7956.615 8375.131
8226.690 9149.690
8101.194 8879.167
7650.909 8429.309
8286.243 8663.489
7701.659 8743.993
7599.018 9018.484
7738.010 8535.791
8364.009 9100.447
7834.112 9065.965
7664.600 8300.952
8338.984 8290.211
7749.923 8519.629
7536.359 9172.004
7778.446 8700.273
8365.449 8612.601
7652.401 8505.616
7549.222 8482.673
8189.902 8755.851
7984.925 8534.493
8190.703 9050.673
8166.459 9171.501
8195.462 8858.815
8117.742 9014.259
8016.026 8467.307
8204.780 8606.430
7772.077 8469.805
8007.036 9033.131
7749.219 8429.167
8072.391 8607.721
8196.085 8319.576
7540.256 8502.796
7857.536 8928.906
8200.742 8927.586
8217.740 8610.594
8226.609 9010.701
8348.967 8587.692
7983.203 8800.112
7611.421 8621.951
7893.301 8889.858
7713.560 8910.453
7524.533 8971.798
8228.995 8840.655
7760.129 8945.205
7638.474 9042.931
8376.241 8873.434
8145.911 8989.131
7704.036 8844.468
7824.758 8980.553
7783.214 8638.412
7848.657 8979.150
7782.799 8864.039
7807.713 8614.787
7915.348 9042.938
7637.645 8640.214
7794.750 9016.161
7685.176 8426.846
8330.885 8528.558
7795.941 9066.787
7936.130 8491.047
7967.552 9157.480
8209.971 8999.782
8127.404 8518.380
8117.776 9172.722
8317.280 8694.876
7816.113 9105.181
7563.337 8989.842
8054.529 8680.778
7622.092 8637.786
8278.591 8591.918
7867.574 8731.631
7658.933 8959.091
7965.543 8839.883
8200.307 9072.401
8160.001 8999.989
8000.520 8642.196
7827.605 8831.808
7908.220 8586.135
8061.351 8664.598
7571.946 8658.617
8261.912 8820.455
8275.368 9009.575
7947.143 8919.894
7519.353 8647.336
7622.637 8917.471
7657.925 8446.139
8115.847 9024.685
7862.599 9100.040
7674.394 8786.005
8064.457 8557.035
7681.849 8288.725
7988.113 8766.746
7822.134 8401.249
8110.957 9150.634
7958.908 9119.308
7972.929 8373.034
7871.340 8528.949
7761.667 8336.589
7788.530 8911.424
7991.328 8545.143
7908.747 8805.947
7541.240 9087.330
8025.544 8651.858
8023.005 8283.538
8049.835 8316.903
7543.565 8898.419
8270.358 9130.674
7755.274 8549.803
8144.635 8298.835
7681.354 8380.712
7992.645 9111.261
8123.727 9031.110
8069.044 8731.358
8274.027 8925.339
7841.435 8365.691
7745.629 9068.207
7881.465 8882.254
8245.302 8659.855
7573.580 8734.302
7803.285 8861.557
7776.265 8591.449
8310.880 8499.538
7716.707 9074.507
7568.851 9072.925
8250.617 8904.340
7595.586 8808.546
7827.499 9070.472
7572.878 9120.638
8086.359 8357.729
7581.731 8960.931
7968.296 8683.374
8191.451 9169.710
8242.334 8760.552
7684.984 8439.066
8060.766 8317.164
8309.186 8428.368
7892.248 8576.698
7703.498 8494.460
8330.980 8684.935
7635.136 8880.455
8254.818 8410.692
8235.990 8600.958
8050.570 9020.353
7968.978 9168.756
7964.862 9132.275
8350.632 8862.988
7718.580 8736.465
7642.796 8478.308
8194.954 8397.671
7980.721 8744.058
7563.964 9045.195
7577.329 9115.935
8022.028 8468.275
7640.362 8667.229
7945.046 8386.001
7915.343 8337.610
7929.772 8479.610
7908.277 8741.490
7773.192 8545.920
7592.647 9004.350
7962.528 8578.203
7535.029 8507.711
7615.696 8382.452
8085.410 8523.229
7747.487 8631.380
7759.265 8815.801
7592.044 8338.073
8269.080 8809.976
8259.431 8909.236
7831.092 8911.056
8059.611 8807.867
8040.920 8997.794
7876.123 9036.576
8181.509 8809.819
8292.781 8391.076
8160.731 8570.039
7761.599 8649.675
7572.352 8681.544
7592.506 8558.016
8128.321 8524.524
8080.904 8994.425
7548.568 9030.407
7968.336 8877.700
8259.115 8876.671
7526.388 8798.428
8387.595 8778.278
8332.920 9024.833
7697.417 8626.416
8333.987 8598.206
7945.383 8558.854
8070.755 8609.153
7748.504 8697.960
7913.106 8721.594
8225.898 8965.415
7644.087 8699.951
7875.644 8776.673
7799.605 9133.472
7875.757 8991.002
7699.625 8440.713
8277.421 8666.237
7914.959 8615.121
7635.056 8421.302
7581.694 8371.968
8105.612 8674.600
7547.786 9171.439
7661.196 8385.917
7663.453 9123.079
7874.950 8641.307
8263.790 8294.115
7600.525 8343.489
8047.338 8501.306
8031.624 8831.812
7510.972 8602.205
8391.743 8325.566
7833.443 8559.738
7959.279 8887.611
8244.082 8451.535
7978.418 9016.362
7615.520 8616.797
8178.900 8812.485
7907.844 9157.846
8369.559 8796.466
7861.030 8527.046
8108.387 8785.768
7909.517 9077.414
8038.425 8360.538
7841.275 8665.508
7626.978 8766.300
7808.308 8389.329
8201.986 8430.973
7900.094 8285.516
7687.455 9102.816
7864.474 8463.324
7794.546 9135.772
7950.739 8681.341
8276.180 8995.672
7770.571 8958.472
8155.154 8804.111
7559.288 8528.701
7767.154 8796.325
8072.103 8653.387
8187.727 8499.748
7832.350 8716.745
7792.462 8821.150
8168.468 8444.874
8062.475 9158.882
7544.260 8886.074
7664.922 8919.505
8377.423 9002.625
7651.983 9012.563
7970.390 8757.308
7831.185 8943.856
8139.233 9163.001
8265.292 8388.391
7917.010 9127.194
8364.509 9044.692
7675.295 9077.888
8272.910 8315.052
7668.119 8871.656
7740.010 8859.018
8097.307 8638.442
7792.062 8349.034
7691.132 9075.841
7609.057 8774.979
7831.576 8316.862
8042.075 8552.262
8240.005 8767.480
8290.236 8410.217
8112.929 8693.156
7525.500 8652.849
8209.882 8299.619
8283.497 9037.771
8212.407 9053.583
8078.689 9136.347
8078.725 8715.721
8018.859 8534.643
8229.438 8999.589
7975.505 8876.975
8359.061 8897.538
7687.472 8310.315
8370.795 9110.158
8033.481 8325.376
8011.208 8791.547
8152.092 9147.030
8045.029 8538.152
7648.908 8390.948
8234.638 8800.537
7934.559 8988.951
7684.822 8829.648
7827.708 8540.303
7784.752 8357.729
7557.950 8584.565
7897.580 8645.709
7732.185 8433.532
8387.675 9103.723
7772.872 8482.556
7882.456 8331.145
8171.503 8451.446
8040.520 8939.708
7685.917 8307.650
8116.459 8656.411
7767.873 8994.226
7810.900 8462.429
7867.743 8832.871
7697.691 8615.748
7854.615 9114.169
8034.471 8822.968
8266.087 8695.823
7760.758 9008.571
7882.386 8738.259
7962.816 8819.714
8272.551 8592.849
8217.368 8348.955
7767.980 8976.823
7984.792 8738.732
8103.001 8311.022
7740.981 8344.702
8365.101 8945.245
8248.229 8667.169
8142.412 8371.299
7861.264 8584.338
8336.001 8671.147
8080.860 9044.856
8089.148 8832.119
8229.040 8814.171
7684.236 8356.879
7590.834 8370.015
7954.657 8302.873
8133.170 8519.331
7509.601 8589.299
7520.625 8724.475
8165.204 8463.793
8363.505 8327.942
7900.237 8525.950
8387.152 8448.539
7601.393 8720.932
7956.621 9023.920
7709.715 8733.680
7744.924 8405.827
7630.876 8674.474
7643.933 8288.659
7673.438 8430.262
7694.715 8558.524
8284.477 9023.214
8187.038 8400.770
7628.362 8547.870
8133.096 9175.387
8105.516 8285.703
8388.528 9039.698
8266.900 8873.722
8159.881 9138.926
8114.914 8775.586
8385.621 9084.989
8181.535 8402.261
7577.579 8710.302
7586.365 8678.402
7815.411 8781.563
8023.039 8283.306
7615.329 8616.246
8318.623 8684.557
7822.298 8448.700
7721.879 9052.240
7842.665 8510.290
7515.991 8803.076
8336.891 9147.850
7703.438 8672.133
7626.994 9108.248
7923.560 8874.799
8095.531 8521.065
8233.334 8457.262
7780.976 8347.338
8321.317 8422.672
8071.353 8989.131
7991.289 8689.984
8073.271 8383.303
7778.342 8725.116
7565.970 9104.177
7946.386 8960.030
7613.847 9064.568
8118.199 8668.904
8093.416 8572.429
8007.996 8580.082
8157.863 8603.888
8354.267 8509.737
7975.104 8392.948
7654.230 8362.648
7784.627 8880.632
8369.724 8852.337
7558.074 8819.259
7966.984 8880.997
7992.320 9168.919
8231.277 8885.120
8368.587 8610.599
7722.149 8421.290
8125.761 8609.604
7648.091 8771.707
8110.870 8510.882
8165.924 8761.074
7527.365 8335.376
7664.917 8441.326
8137.404 9171.470
8316.070 8980.700
7702.073 8662.906
7584.642 8526.278
7753.986 8747.279
7996.182 8599.992
8166.802 8746.643
7831.543 8839.880
8152.353 8935.463
7913.051 8283.425
7915.221 9095.417
8319.038 8749.037
7735.788 8542.076
7529.674 8562.691
7776.922 9024.525
8139.144 9154.150
8166.196 8753.872
8166.906 8784.823
7781.499 8909.058
7520.769 8766.176
7537.326 8942.708
7874.453 8323.510
7610.560 9028.104
8219.912 9075.234
7501.919 8330.828
7506.990 8538.993
7958.083 8499.868
7893.994 8916.476
7879.485 8327.138
8160.326 8634.882
7918.150 8614.526
7950.192 8532.051
7958.168 8680.178
8125.919 8343.007
7704.953 8309.340
7907.395 8549.381
7854.057 9048.284
7844.637 8781.340
8329.166 9120.632
7692.798 8719.352
7535.367 8283.179
7740.755 8991.777
7937.661 9117.283
7980.657 8726.217
7963.410 8767.656
8124.708 9120.147
7777.690 8600.257
7793.422 8793.057
8031.350 8855.408
8257.419 8614.564
7790.835 8766.794
8021.071 8647.744
8232.514 8387.188
7902.917 8503.747
8298.857 8329.297
7657.091 9120.336
7659.783 8629.633
7822.127 8767.165
8241.087 8666.571
7514.541 8338.769
8297.851 9162.615
8226.507 8326.938
7538.742 8421.148
7776.954 8960.100
7915.565 8610.187
7709.442 9020.346
7905.097 8532.396
8343.597 8581.850
7676.823 8496.510
8148.861 9003.295
7751.714 8448.898
7726.913 8602.635
7768.488 8949.923
8008.430 8846.961
7571.025 8331.399
7728.788 8852.305
7994.909 8425.057
8191.055 8693.625
8225.480 8381.421
8065.397 8633.525
7770.632 8954.529
7764.847 8889.739
8051.169 9161.907
7511.022 8706.961
7789.645 8449.562
7649.824 8699.922
8109.885 9008.615
8228.187 8782.545
7672.969 8542.905
8051.270 8828.807
7768.374 8387.584
8049.890 8969.896
7753.527 8419.950
8061.614 8654.068
7600.457 8442.942
7561.240 8968.736
7686.951 8370.620
8087.371 8900.637
7727.523 8738.041
7844.546 8792.770
8248.179 8616.308
7986.126 8920.840
7948.364 8589.607
8045.845 9162.585
8127.933 8923.567
7916.767 9023.064
8188.611 9063.764
7915.993 8637.172
8194.562 8812.446
8335.123 8663.997
7513.487 9109.779
8107.144 8419.591
8074.600 9050.331
7807.417 8823.536
7840.682 8523.423
7753.986 8690.254
8075.055 8868.468
7881.483 8982.473
8269.707 8962.207
8330.132 8643.668
8283.932 8479.671
8051.995 8412.757
7599.730 8972.487
7905.609 8483.676
7639.999 8868.861
8009.342 8563.199
7903.114 8936.374
7663.991 8547.958
7673.089 8655.809
8319.776 8639.910
7734.695 9005.923
7870.345 9137.469
7966.654 8565.137
8244.524 8540.399
7523.584 8864.414
7928.393 8338.031
7570.361 8825.259
7691.427 8453.146
8262.205 8595.643
7603.380 9091.655
7601.505 8714.444
8261.748 8386.690
8169.030 9025.848
7524.144 8521.164
8369.935 9034.633
8101.833 8807.078
7580.300 8966.915
8377.274 8614.015
7654.054 8530.791
7813.751 8933.014
7717.977 8330.781
8390.333 8701.592
8179.627 9128.033
8104.143 9080.927
7895.305 8540.891
7932.412 9057.741
7918.717 9150.088
7579.731 8761.935
8022.460 9015.491
7728.614 9138.905
8210.826 9097.333
7809.888 8713.679
7659.255 8792.964
8366.117 9163.540
8129.960 8874.216
7660.859 8865.418
8069.164 8608.766
8265.586 9001.497
8158.417 9072.860
7753.259 8872.156
8135.911 9054.850
7680.446 8618.073
7932.128 9098.539
8043.582 8440.378
7549.751 8676.725
7628.982 8409.400
7518.193 8310.091
8385.761 9114.986
7674.470 8729.476
7991.739 8448.614
7699.165 8940.684
7526.198 8847.661
7804.388 8374.469
7590.228 8781.920
8179.578 8394.210
7867.051 8798.096
7601.718 8757.407
7946.651 9051.683
8314.904 8716.438
7793.569 8751.851
8339.791 8482.220
7797.652 8946.244
7635.025 8639.132
8178.407 8974.087
8172.624 8921.696
7857.885 8535.214
8374.342 9140.168
8366.441 8854.867
8246.812 8581.762
8376.664 8336.330
8069.449 8484.738
7918.273 8472.374
7577.224 8805.788
7551.819 9098.500
8183.584 8360.242
8203.186 8816.189
8088.843 8810.641
7848.943 8296.478
7622.974 8963.089
8380.651 8838.374
8204.208 8435.120
8123.725 8399.393
8340.486 8521.705
8320.908 8558.970
8093.079 8451.401
8344.238 8589.627
8041.691 8591.100
7975.278 8645.790
7995.608 8658.518
8230.600 9059.159
7733.255 8563.807
8153.518 8671.645
7774.909 8400.611
8326.341 8474.199
7917.710 8404.912
7860.014 8328.109
7913.282 8822.579
7863.345 8651.657
7847.999 9027.274
7507.205 8392.596
8008.777 8849.209
7917.405 9019.896
7779.948 8694.096
7931.716 8865.050
7614.714 9143.442
7559.606 9118.317
7754.427 8971.427
8066.949 8687.428
8328.060 8521.546
8133.885 8907.152
7918.427 8493.402
7572.386 8406.211
7730.879 8641.854
8299.365 8617.750
8019.268 9063.052
7814.841 9065.736
8301.562 8425.241
8348.786 9100.175
8190.764 9136.507
8265.368 8604.390
8293.271 8409.577
8093.299 8356.771
8049.212 8645.938
7894.861 8641.371
7659.007 8316.411
8069.873 8480.226
7985.181 9163.794
8344.934 8403.924
7977.098 9059.375
7846.853 9144.881
7594.620 8695.808
7954.351 8367.753
7581.837 8602.104
8010.037 9050.741
7584.086 8869.167
8319.273 9168.844
7661.897 8702.512
7864.021 8442.310
7516.193 9099.166
8267.319 8464.822
7849.875 8318.322
8348.140 8759.860
7793.031 8581.855
8271.225 8327.639
8111.281 8715.274
8302.423 8537.184
7827.233 8943.384
8137.243 8672.551
8239.887 8920.800
7867.769 8890.094
7502.639 8495.432
8142.318 8868.502
7913.089 9125.721
7567.266 8697.164
8106.301 8788.501
7797.315 8808.308
8125.765 8631.643
8220.730 9124.479
7905.135 9120.531
8252.387 8725.834
7668.272 8967.187
7666.592 8981.385
8302.753 9125.611
7796.726 8724.245
7735.707 8979.187
7504.995 8947.276
8081.921 9134.070
7658.991 8512.644
8393.673 8912.506
7896.049 8300.907
7985.043 8707.254
7953.622 8628.212
7781.998 8583.198
8087.522 9081.211
8272.512 8360.200
8257.692 9065.664
7860.549 8389.751
8146.399 8997.395
7688.763 8769.564
7537.852 9156.925
7677.626 8835.866
8008.997 8804.926
7566.370 8674.356
8167.177 8695.046
7978.195 8980.062
8348.955 8609.603
7541.320 8962.572
8319.328 8389.431
8179.589 8858.652
8137.478 9065.445
7810.370 8446.812
7690.313 9019.035
8025.465 8880.261
8312.567 8715.324
7836.747 8584.671
7768.648 8660.078
8233.472 8330.997
7718.275 8545.269
8339.059 8377.034
7529.071 9158.687
8350.831 9151.117
8342.072 8885.611
8368.939 8504.408
8121.938 9077.741
7541.405 8289.913
8389.695 8579.352
8350.229 8728.135
7813.898 8841.650
7781.877 8686.912
7784.568 9112.997
8096.764 8504.807
8242.208 8441.529
8316.469 8616.669
8008.457 8685.908
7519.393 8779.855
8215.247 8532.609
8088.466 8895.572
7735.514 8521.381
8030.964 8938.946
7549.885 9153.151
8297.547 8409.449
7737.806 8311.480
7514.934 8799.689
7769.898 8299.564
8217.733 8907.996
8306.665 8446.154
7891.235 8850.838
7888.784 8536.962
8237.426 8378.162
8238.824 9149.386
7944.850 8583.783
7717.157 8860.978
8048.855 8831.042
7801.238 8349.127
7699.781 8759.876
7720.897 8752.561
7783.937 8768.634
7649.732 8807.770
7981.555 8421.330
7702.372 8871.068
7687.575 8797.732
7684.050 8702.088
7968.163 8700.405
7982.200 8897.190
8161.602 8723.221
8243.646 8507.623
7687.184 8708.500
7836.665 8499.375
8009.947 9133.843
8188.126 8871.592
8338.383 9124.475
7692.486 8992.790
8158.039 8963.229
8038.636 9133.705
7852.236 9016.070
7981.031 8724.360
7562.450 8946.102
8009.719 8837.279
7736.956 9082.743
8276.779 9163.694
7535.281 8686.562
7833.978 8951.879
8110.102 8923.252
8342.624 8937.815
7852.246 8657.983
8113.477 8893.789
7665.762 9020.726
7752.680 9070.382
8371.152 8850.081
7837.746 9129.443
7892.174 9107.221
8091.831 9113.480
7970.773 8861.190
7946.187 9128.938
7583.511 9133.894
7989.097 8429.179
7805.116 8516.556
7704.745 8483.815
8157.501 8284.744
8182.066 8504.355
8342.332 9049.863
7795.156 9082.458
7962.360 8954.115
7940.070 9030.296
8048.211 8555.192
7901.225 8887.839
8370.665 8925.894
7733.078 8348.237
7544.221 8557.056
7973.209 8758.622
7661.480 8789.524
7646.536 8717.482
8225.222 8906.478
8333.668 8643.323
7983.880 8480.408
8216.201 8422.844
8169.369 8665.029
8156.460 9085.645
7708.572 8855.970
7872.445 8968.950
8249.436 8890.608
8087.348 8408.778
7763.987 8958.285
8256.858 8351.900
7856.913 8693.555
8191.281 8504.142
7953.306 8863.750
7932.230 8608.338
7647.253 8348.945
7777.758 9113.128
7577.913 8670.710
8367.452 8993.284
7715.714 8664.186
7742.221 8525.348
7756.062 8752.325
8241.001 8930.725
7630.358 8842.891
8156.450 8984.327
8199.956 8933.979
7979.952 8930.482
8369.493 8416.372
7632.513 8968.687
8295.234 8581.959
8362.376 8396.288
7876.239 8721.440
8333.921 8427.539
7963.938 9142.530
8352.216 8478.045
8310.801 8642.145
8265.664 9077.556
7679.233 8570.939
8352.873 8585.152
8347.562 8689.212
8223.886 8991.446
7808.277 8818.790
7726.187 8985.012
8047.967 8772.012
7658.239 8611.104
7531.034 9033.715
7808.521 8937.038
8080.466 8728.696
7755.059 8319.930
8114.773 9101.896
8232.535 9141.848
8238.401 9037.143
7577.929 8365.827
7742.517 8964.748
8223.545 8724.431
7880.247 9070.648
7655.892 8955.710
8365.564 8354.732
7532.589 8897.480
7907.149 9168.563
8113.943 8925.615
8325.265 8624.864
8322.261 8705.920
7867.219 8691.997
8181.618 8285.385
7716.356 8653.821
8080.127 8408.378
8252.456 8822.767
7874.074 8875.570
7529.004 8944.540
7941.827 8366.732
8310.550 8812.674
7584.746 9072.222
7674.773 8695.769
7571.458 8994.652
8354.211 8357.134
7778.360 9017.020
7609.586 8547.079
7626.294 8554.424
7663.174 8613.454
7765.971 8879.630
7921.855 8942.088
8156.679 8919.989
7880.981 8571.838
7961.042 8789.475
7654.911 8882.036
8287.985 8742.683
8297.679 8333.346
7504.231 8695.237
8290.432 8595.777
7720.539 8618.861
8343.185 9058.157
7963.423 8440.064
7829.499 8876.697
8047.817 8765.825
7803.092 8461.152
7691.000 8918.302
7642.780 8728.348
8138.824 8352.647
7580.964 9031.173
8295.214 8877.147
7985.288 8317.342
8221.019 8796.383
7660.757 9036.195
7831.456 8441.692
8218.380 8654.654
7903.416 8756.097
7824.367 9030.997
8081.269 8661.017
7917.474 9169.031
7622.907 8515.011
7764.974 8538.033
7894.943 8929.625
8351.076 9124.937
7995.804 9036.517
7687.119 8877.185
7810.186 9016.042
7711.855 9090.623
7537.965 8969.101
7843.612 8345.568
7575.427 8846.334
8242.619 9141.604
7844.868 8718.903
8387.697 9088.195
7530.234 8715.482
7784.721 8580.587
8257.975 8644.622
7656.785 8763.452
8336.557 8532.449
7814.386 9085.910
7658.477 8372.294
7937.227 9033.208
7873.634 8567.818
7736.660 8965.929
7547.614 9139.471
7893.032 8619.398
7828.091 9076.280
8302.860 8447.572
8179.299 9041.341
8361.748 9122.721
7791.016 8313.479
7670.916 8982.466
7952.182 8362.854
7865.830 8307.596
8061.344 8995.995
7679.393 8914.374
8293.813 9108.714
8200.622 8287.104
8356.127 9020.883
7741.372 8723.972
8003.224 9090.259
8392.901 8596.964
8260.987 8620.983
7842.895 9063.112
7939.736 8697.280
7894.866 8576.536
7917.190 8511.092
7905.001 9101.862
7754.722 8815.198
7879.982 8917.242
8263.385 8670.516
7965.475 8698.955
8308.185 9161.365
8092.323 8657.676
7626.724 9172.805
7819.935 8309.441
8383.896 8514.350
8112.966 8347.570
8283.637 8573.389
8346.380 8708.343
7724.364 8589.704
7508.119 8873.664
7710.261 8619.088
8093.842 8661.885
7853.040 8596.683
8219.876 8514.878
8109.216 8845.730
8368.735 8914.839
7526.115 8530.894
7781.726 8567.691
8379.232 8440.564
8307.404 8573.254
7849.050 9144.515
7507.700 8431.545
8300.010 8618.943
7586.568 8726.826
7891.484 8830.669
7957.445 8815.938
7613.339 8535.849
8164.532 8804.873
8052.301 9112.223
7682.550 8546.420
8073.665 8858.064
8214.687 8767.559
8037.964 8948.886
8377.286 8522.563
7926.666 8402.467
7824.428 8605.222
8033.079 8915.508
7503.788 8834.943
8160.703 8762.014
7619.781 9155.569
8000.634 8565.308
7745.927 9001.940
7528.031 8506.476
7742.985 8989.047
8186.209 9017.355
7602.758 8476.985
8075.171 8705.649
8369.637 8802.068
8170.252 8803.036
7544.393 8887.709
7588.871 8550.260
8166.123 8768.689
7573.284 8735.727
7776.233 8524.606
7754.711 8719.455
7515.616 8656.773
8038.453 9096.603
7924.680 9167.605
8155.796 8285.513
8225.700 8716.657
8190.778 8483.930
7883.367 8463.880
8041.063 9108.983
8088.387 9147.558
8003.366 8292.892
8063.130 8803.803
7630.175 8391.849
8294.554 8303.334
7736.438 8355.548
8016.495 9153.260
8197.312 8801.595
7514.283 8997.293
8234.694 9015.631
8272.610 8882.102
8168.842 8724.499
7931.025 8996.036
8324.458 8827.379
7612.316 8339.560
8095.745 8444.951
8056.894 8573.908
8021.001 8305.417
7935.492 9082.420
7578.925 8341.314
8306.033 8567.258
8002.610 9043.690
8244.597 8513.250
8273.190 9141.926
8120.803 9099.060
7660.178 9155.414
7955.518 9075.225
8352.006 8949.319
8157.249 8910.847
8004.404 8633.214
8348.151 8525.078
8328.652 8405.310
8084.091 9027.288
8221.265 8779.934
7769.571 9005.225
7961.146 8627.625
7842.845 8338.063
8271.292 8796.444
8151.074 8832.919
7528.816 8446.325
7777.966 8361.247
8143.228 8370.998
7745.739 8572.606
7640.105 9119.638
7728.698 8287.601
7876.210 8490.090
7790.326 8784.134
8013.507 9069.352
7957.512 8473.567
7648.696 8629.133
7888.547 8652.298
8332.456 8773.265
7709.356 8731.766
8336.392 8325.947
7653.479 8500.252
8222.711 8691.491
7659.771 8489.862
7919.072 8573.276
7522.457 8630.050
8111.079 8668.562
7973.067 8825.106
8063.545 8510.801
8169.756 8464.538
7945.638 8736.757
7745.916 8841.030
7933.936 8381.302
7682.286 8530.920
8167.853 9165.994
8246.466 8300.401
7966.600 8594.507
7657.008 8791.187
8359.550 8506.017
8236.757 8878.983
7698.593 8605.265
7574.503 9007.451
7935.236 8931.139
7788.832 8619.076
7608.096 8438.620
8105.366 8620.426
7801.504 8448.111
8372.662 8816.901
7703.856 8417.147
8090.856 9051.381
8365.743 8640.981
8301.384 8610.362
8311.322 8930.743
8097.722 8355.023
8180.611 8727.868
7914.600 8744.111
8081.102 9015.010
7955.575 8942.632
7955.118 8841.597
7951.231 9122.888
8272.514 8313.814
8207.441 8596.473
7935.952 8933.435
8135.945 8503.893
7732.647 8946.856
8324.378 9057.623
7628.029 9059.045
7984.871 9129.317
8380.890 9074.473
8375.268 8582.954
7685.283 8802.984
8178.700 8451.797
7719.296 8501.324
8116.674 9083.343
8204.205 8980.598
7955.841 8964.932
8248.803 9018.940
7895.863 9127.383
7794.803 8930.051
8247.410 9012.103
8142.265 8968.645
8120.266 8991.736
8032.642 8853.167
8377.646 9093.083
7982.860 8929.297
8219.430 8846.450
7892.468 8632.382
7891.139 8799.721
8232.964 9122.629
8207.110 8468.126
8004.871 8446.036
8190.894 8390.622
8290.751 8683.501
7706.956 8794.134
7991.452 8572.464
7618.693 9015.835
8249.698 8329.144
8238.609 8629.914
7983.499 8393.367
8118.810 8978.362
7870.132 8874.556
8282.235 8391.238
8330.286 8476.987
7570.396 9074.197
8221.863 9011.552
8364.617 8939.297
7776.310 8745.377
8207.345 8974.331
7946.393 8567.791
8120.550 9121.500
7503.318 8667.806
7772.835 9057.692
7565.611 8464.313
8151.733 8420.288
7590.496 9130.710
7660.190 9043.963
7649.792 9025.550
7696.123 8913.950
7778.890 9088.692
7748.007 8780.718
7752.963 8918.304
7796.387 8989.459
8070.314 8303.450
8031.494 8682.734
7540.104 9034.050
8074.124 8428.251
7634.398 9107.505
7554.683 8425.055
7536.513 8540.370
8008.090 8655.873
7853.978 9039.765
8126.921 8725.322
8165.815 9108.680
7915.613 8650.974
7583.568 8879.093
8062.955 8698.554
7607.186 8718.699
7739.835 9001.097
8086.370 8381.452
8123.272 8749.453
7739.401 8466.619
7802.588 8899.176
8029.840 8964.432
7597.840 9039.693
7790.530 8338.039
8388.289 9104.700
7843.407 9081.003
7673.967 8322.873
8100.887 8784.121
7506.852 8945.293
7557.839 9046.592
8326.508 9014.415
7914.942 9084.125
8299.845 8465.960
7993.857 9051.328
7502.435 8937.160
8009.966 8595.141
7781.425 8890.579
8331.829 8891.155
7884.216 8886.417
7678.024 8457.399
7652.386 8879.658
7729.082 9041.488
8044.921 8545.752
7568.279 8746.519
8114.375 9120.225
8214.485 8563.033
8238.905 8725.646
7617.632 8681.760
8037.434 8692.736
8049.247 9038.862
8334.476 9001.295
7951.698 8628.262
8191.761 8856.483
8001.221 8732.384
7992.929 9116.865
8101.847 8790.348
7975.847 9114.675
7754.841 9090.068
7949.069 8489.477
8124.726 9108.459
8270.221 9091.075
7513.907 8372.353
8296.466 8507.563
7892.592 9018.072
8043.159 8551.103
7882.129 8468.164
7724.353 8451.906
7870.015 9122.268
7514.403 9128.392
7715.993 8693.214
8118.380 8885.978
7980.583 8528.872
7698.396 8775.212
7890.541 8377.712
7654.264 8837.748
7534.111 9140.162
7836.823 8766.196
7648.694 8586.030
8379.626 8821.225
7530.432 8398.458
8038.896 8726.225
7823.014 9171.069
8048.910 8640.828
8237.258 8853.067
7528.340 8827.340
8207.988 8729.202
8142.423 8928.366
8360.021 8794.946
8259.071 8351.037
8043.909 8937.510
7931.643 8808.002
8055.328 8425.708
8033.052 8805.868
7944.655 8489.667
8303.776 8373.549
7866.049 8729.294
7815.589 8581.572
7874.330 8343.828
7525.421 9029.718
7539.203 9085.064
7655.178 8441.442
8019.710 8752.849
7909.720 9039.012
8201.267 8642.411
7805.104 8328.373
7948.688 8833.015
8048.686 8778.330
7869.589 8823.692
7899.766 8648.392
8283.715 8683.086
7660.554 8319.905
7891.455 8573.620
8095.727 8740.131
8228.095 8952.280
7707.297 8283.348
8099.016 8493.662
7778.163 8771.429
8385.406 8427.885
7689.239 9123.978
7733.389 8392.066
7931.072 8809.148
8301.588 8329.866
7713.969 8898.369
7960.563 8550.522
7656.013 9065.196
7988.732 8486.453
8330.126 8364.522
8120.627 9155.413
8342.073 8836.068
8357.282 8326.276
7825.228 8517.634
8250.084 9100.005
7620.692 8395.165
8015.700 8587.552
7701.979 8309.710
7735.771 8460.676
8226.642 8434.136
7984.013 8535.344
7724.339 8887.692
8115.255 9066.056
7842.094 8552.551
7872.814 8791.090
7751.042 8603.846
8140.312 8549.718
8301.598 8492.917
8074.468 8694.851
7926.524 8454.961
7663.144 8878.719
8196.522 9051.423
7932.127 8877.813
7829.669 8528.416
8087.475 8647.956
7817.478 8289.498
8161.489 8425.811
7685.068 8916.608
7801.944 9080.232
8097.467 8752.867
8353.643 9036.687
8193.877 8723.604
7697.017 8430.959
8302.346 9126.701
7949.168 8956.735
7617.865 8712.387
8209.849 8841.824
8287.914 9057.152
7789.255 8837.946
8303.560 8870.397
8162.826 8989.389
7658.647 9116.953
7763.103 8446.527
8125.727 8499.853
8026.965 8422.922
8073.615 8564.888
7968.232 8812.441
8260.356 8373.779
8338.305 8886.845
7872.536 9077.218
7948.766 8679.414
7972.722 9134.377
8091.588 8581.774
7701.144 8575.419
8214.309 9105.254
8254.426 8357.142
8175.600 8334.932
7520.797 8450.998
7936.779 8543.320
7607.796 8912.128
8311.895 8497.064
8368.030 8284.577
7768.951 9126.996
7917.366 8379.332
7541.098 8285.171
7777.584 8486.635
7831.569 9155.724
7886.861 8383.482
8253.443 8578.469
8177.918 8450.808
7574.969 8912.211
7832.933 8377.039
7683.076 8775.174
7906.887 8437.918
8113.273 8356.775
7983.528 9031.938
8157.276 9162.052
7753.071 8311.246
7769.999 8566.387
7966.756 8858.850
8039.038 8835.600
7743.103 8640.565
7876.855 8296.339
7834.394 8738.585
7911.910 8757.543
7635.647 8833.060
8085.809 8483.947
8232.087 8563.110
7843.161 8290.284
8015.446 9152.662
8241.046 8763.846
8188.625 8706.009
8331.840 8657.608
7998.932 8336.213
7584.760 8498.316
7963.225 9132.931
8162.518 8494.110
7876.659 9112.979
8168.901 9055.009
8374.050 8593.010
7663.325 8690.477
8293.475 8309.022
7722.983 8824.606
8332.359 9092.226
7650.819 9026.123
8254.109 8711.534
7929.611 8484.931
7675.680 8556.370
8280.711 8549.136
8262.573 8745.594
7940.936 8363.128
8168.322 8538.179
8037.663 8650.111
7656.130 9023.160
7810.413 8945.624
8375.215 9085.422
7877.210 8806.734
7980.380 9141.795
7549.560 8651.989
8185.680 8530.516
8161.895 8650.356
7949.199 9135.605
8299.575 8502.098
8128.602 8956.329
8108.455 8456.321
8137.754 8283.729
8291.852 8807.139
7601.333 8865.166
8175.387 9062.413
7926.247 8379.988
7977.591 8291.015
7909.296 8946.999
8152.691 8985.556
8185.773 8552.843
8317.459 8483.286
7661.154 9086.642
7726.664 8452.260
7957.806 8440.083
8311.906 8549.620
7759.705 8409.589
7508.011 8631.787
8310.614 9121.250
7908.825 8405.322
8361.904 8528.548
7784.386 8824.405
7646.869 9096.413
7687.804 8721.392
7535.021 8751.417
7930.707 9024.794
8004.422 8801.680
8122.307 8653.044
8347.383 8404.509
8194.358 8837.915
8344.763 8287.874
7707.779 9046.694
8241.147 8981.896
7738.346 8677.503
7754.829 9153.940
7616.361 8408.971
8196.995 8312.233
7857.431 8986.506
7674.716 8352.360
8387.232 9172.163
8112.015 9082.085
8338.688 8508.254
7787.662 9006.162
7621.547 8565.469
8155.928 8457.005
8039.327 8311.490
7845.886 8318.580
7520.676 9143.077
7769.433 8486.555
7679.066 9050.593
7581.773 8734.911
8080.963 9087.469
7537.473 8997.084
7737.335 8676.774
8284.631 9117.055
7839.624 8632.652
8016.190 8570.308
7772.297 8650.520
8259.444 8724.096
7679.833 8838.413
8076.733 8493.445
8096.646 8675.491
8235.014 9058.725
7828.436 8914.683
8342.640 8308.112
7948.396 8315.656
7839.384 8851.390
8147.762 8923.461
7674.625 8632.456
7630.850 8822.091
7884.522 8619.234
8214.901 8527.186
8263.351 8459.465
8042.413 8531.361
7769.230 8335.279
7781.866 8699.074
8072.898 8785.359
8074.563 9136.776
7982.202 8815.008
7679.583 8603.175
7745.487 8534.339
7829.231 8705.234
7604.711 8836.948
8293.928 8479.446
8149.652 8332.823
7776.090 8711.337
7838.516 8601.726
7828.797 8763.213
8336.809 8666.331
8109.892 8412.594
7952.533 8945.492
7833.945 8642.420
8062.321 8451.612
8287.168 8337.159
8175.609 8535.676
7563.426 8744.558
7920.563 8708.604
8337.861 9098.459
7659.008 8697.302
8081.405 8993.477
8312.177 8796.295
7716.620 8634.773
8163.006 8897.691
7594.061 8931.283
8063.937 9023.021
8152.807 8463.983
7713.461 8771.823
7671.899 8832.324
7536.441 8504.362
7723.160 8690.978
8221.748 8946.981
7947.949 9061.853
7598.868 8954.410
7704.039 8592.414
7629.850 8597.646
8321.235 8318.876
7925.707 9008.011
7746.407 9133.848
7797.985 8861.173
8203.098 8802.633
8070.072 8833.947
8135.089 8477.034
8088.564 8412.146
8356.897 8697.244
8356.590 9061.937
7907.733 8605.090
8128.109 8702.184
8191.786 8283.928
8353.988 8841.739
8101.863 8501.863
8209.947 8861.700
7996.753 8361.063
7823.162 9046.211
7548.207 8361.483
8275.005 9136.702
7754.670 8770.408
7591.880 8410.397
8373.354 8454.117
8356.464 8642.956
8343.278 8951.646
7637.606 8543.072
7694.004 8345.481
7965.601 8340.628
7785.683 8933.839
8114.172 8948.229
7677.382 8725.126
8112.379 8666.494
7991.938 8331.673
8100.914 9140.611
8200.784 8620.447
8067.600 8532.159
8360.455 8721.993
8155.464 8656.922
7905.352 8891.863
7699.204 8452.798
7736.182 9146.039
7732.424 8537.499
7837.943 8420.531
7725.081 9154.416
7740.698 9020.799
8040.653 8625.924
8161.905 9027.686
8115.885 8795.402
7707.566 8866.159
8376.619 8717.383
7707.415 8760.227
7630.447 8336.320
7796.612 8505.487
8127.263 8794.007
7901.313 8601.300
8331.254 8835.374
8134.276 8631.437
8112.661 8600.384
8345.311 8330.922
7798.495 8975.335
7671.498 8721.320
8122.587 8845.820
7550.775 8551.301
7802.332 8459.257
8337.069 8331.472
8294.187 8680.938
7654.649 8642.942
8299.324 8837.352
7887.183 9102.313
8200.023 8340.721
7905.345 8856.989
7809.275 8969.826
8043.394 8697.164
7853.794 9111.574
7507.548 8661.894
8247.865 8918.905
8187.126 8591.359
8005.139 9072.723
8059.587 9088.986
8200.309 8435.620
7746.802 9046.598
7649.037 9060.271
8092.796 8630.132
8377.603 8718.568
8373.222 9111.444
8139.762 8702.938
7529.324 8690.115
8089.154 8488.819
7640.904 8980.764
7680.015 8734.337
7747.873 8563.308
8363.111 8852.377
8088.154 9055.341
8200.278 8530.779
7804.296 8886.211
8275.526 8675.759
8271.031 8420.751
7583.924 8625.936
8323.366 8592.467
7696.211 8838.074
7721.678 8487.555
8378.345 8729.859
7563.378 8300.593
8052.299 8852.273
8282.389 8702.516
7973.104 9038.302
7953.490 9071.652
8021.390 8923.538
7961.713 8410.575
7743.560 9152.246
8277.542 8680.747
7861.992 8548.951
7752.331 9035.110
7917.173 8467.454
7948.334 8478.458
7643.321 9062.244
8291.139 8831.082
7711.961 9044.827
7659.036 8856.827
8186.509 8400.154
8054.100 8570.141
7630.806 8552.581
7808.474 8529.635
8043.433 9147.589
7760.467 9041.432
7635.670 8554.922
7747.850 8581.382
7762.976 8815.655
8089.603 8509.985
7931.430 8649.102
8390.753 8811.073
7919.451 8574.449
7598.672 8890.890
7737.194 9107.218
8083.129 8437.993
7938.089 8395.914
7661.795 9031.538
7739.229 8361.974
8194.978 8486.137
7574.684 8803.061
7527.654 9023.949
7847.586 8942.008
7651.317 9103.672
8034.210 9164.624
8151.903 8995.542
7518.284 8561.243
8261.620 8552.027
8118.064 8770.636
7737.918 8398.870
7994.051 8668.062
7840.498 8290.371
7768.358 8521.263
7673.466 9036.562
7882.093 8526.758
7556.441 8853.616
7612.650 8997.407
8025.984 8996.090
7836.508 8335.848
7598.824 8818.871
8018.449 8877.595
7770.624 9174.772
8323.057 9159.908
7874.668 9135.566
7765.197 8561.284
7740.767 8763.279
8232.002 8971.656
8166.167 8571.500
7617.701 8849.645
8206.815 8440.429
7703.194 8861.389
7687.221 9073.970
8204.387 9026.966
8385.352 8815.560
7505.527 8369.730
7801.286 8662.421
7712.319 8980.482
7666.310 8454.770
7560.670 8482.975
8363.657 8503.297
8206.269 8747.334
8084.093 8929.372
8351.731 9050.305
7593.116 8715.038
7952.850 9092.004
7604.416 8996.426
8121.093 9169.568
8331.101 9049.265
8042.663 8750.262
7668.083 9006.103
7833.860 8284.352
8247.760 8462.848
8123.899 8910.366
7885.063 9113.878
7889.414 8344.802
8005.002 8962.343
8069.754 9040.619
8033.556 8671.269
7663.036 8998.018
8346.820 8722.140
8150.619 8369.339
7570.331 8810.663
7501.689 8738.899
7951.587 8616.538
8331.227 8377.384
8199.512 8988.607
7898.371 8658.558
7799.755 8477.447
8209.474 8407.757
8153.667 8616.519
7744.661 8956.715
8129.001 8659.602
7818.011 8700.052
8298.169 8363.787
7672.376 8415.599
8386.339 8972.130
8152.658 8760.405
7826.579 8993.309
8380.293 8864.810
7682.469 8289.720
7714.379 8798.633
7609.068 9084.316
8019.879 8910.750
7664.634 8351.783
8036.980 8526.297
8029.381 8645.979
8155.675 8355.191
7941.393 8477.847
8204.551 8315.510
7605.982 9120.116
7760.476 8413.272
7603.142 8498.939
8080.541 9083.092
8338.426 8323.884
7706.397 8343.773
7830.002 8502.142
5132.348 9388.614
5663.872 8970.023
5860.339 9278.947
5266.347 9321.871
5799.853 9352.472
5582.192 9359.889
5732.165 8893.448
5356.819 8586.869
5292.517 8801.166
5922.087 8960.056
5329.425 8819.154
5511.813 8748.775
5446.474 8687.295
5705.808 8613.513
5125.407 8685.639
5562.369 9201.661
5581.964 8635.957
5803.983 8860.655
5157.756 8809.498
5786.261 9109.023
5300.603 8911.132
5187.270 9140.319
5308.597 8637.431
5174.977 9106.457
5145.606 8587.391
5479.295 9416.043
5827.095 8874.709
5822.753 8859.429
5767.140 9396.847
5538.680 8887.506
5843.647 9265.791
5791.880 8765.424
5796.837 9382.675
5940.111 9289.887
5877.809 8666.665
5137.424 9348.593
5462.148 8741.227
5398.422 8550.556
5520.679 8852.829
5351.963 9282.198
5313.239 8807.809
5647.938 9398.076
5634.018 8959.447
5133.491 8955.497
5804.091 8905.204
5420.882 9241.605
5733.250 9127.108
5134.852 8769.995
5277.618 8606.005
5352.782 9129.942
5151.128 9404.518
5711.675 8906.013
5245.050 9267.998
5770.753 8684.214
5839.232 8660.922
5976.488 8763.307
5698.258 8853.475
5286.296 9255.003
5763.806 9353.360
5392.349 8837.871
5869.873 8682.489
5650.289 8912.915
5185.330 8620.233
5876.518 8894.511
5321.768 8545.749
5694.329 9085.963
5398.748 9344.311
5969.751 8946.778
5469.693 9287.916
5204.994 8893.727
5745.753 9099.033
5661.554 8811.105
5168.048 9183.178
5827.006 9369.625
5639.557 8742.010
5881.305 8934.731
5428.203 9045.167
5820.229 8959.913
5113.469 9099.436
5379.285 8776.371
5826.245 8951.337
5764.138 8978.143
5924.944 8953.829
5686.240 8779.535
5426.536 9143.083
5835.845 8991.373
5472.151 8968.584
5556.455 8830.888
5626.925 8774.724
5405.718 8610.402
6000.131 9185.801
5664.066 8961.217
5318.179 8556.908
5329.484 9212.729
5908.879 9133.590
5650.489 8626.170
5729.061 9336.297
5963.275 9093.650
5567.404 9416.037
5209.590 8589.518
5314.744 8921.403
5216.790 9155.405
5797.816 9359.240
5605.475 9007.601
5646.674 9199.208
5264.247 9276.051
5812.663 8709.690
5841.493 9122.244
5133.753 9062.187
5204.979 8895.033
5613.031 8567.704
5772.693 8602.601
5569.347 8617.982
5984.208 8817.489
5467.822 8750.899
5558.169 9230.577
5751.217 9317.190
5726.193 9166.555
5305.985 8637.412
5356.027 8998.607
5542.209 8706.982
5981.568 8634.897
5679.888 8824.054
5831.724 8900.007
5331.526 8662.503
5806.522 9307.855
5512.334 9294.307
5660.536 8964.690
5148.594 9127.500
5973.311 9254.499
5239.847 9066.924
5278.956 8941.794
5828.335 9041.396
5562.329 9073.224
5199.060 8749.546
5352.520 9216.693
5877.905 9236.385
5865.280 9083.548
5160.279 9035.342
5938.145 9082.974
5682.761 8579.678
5405.553 8742.787
5736.710 9211.284
5353.018 9222.426
5665.471 8674.780
5824.573 9060.372
5880.705 9427.053
5220.393 9205.009
5172.110 9354.900
5499.460 8546.768
5368.567 9072.604
5715.054 8649.854
5592.328 8801.608
5901.551 9047.252
5954.411 9219.896
5506.766 8613.753
5430.856 8573.454
5518.640 8941.538
5367.519 9035.340
5688.883 8991.490
5479.542 8858.307
5133.014 8656.369
5813.210 8754.985
5138.238 9230.240
5804.486 8976.864
5822.056 9367.866
5340.595 8716.589
5514.773 8712.792
5135.035 8688.161
5115.834 9360.883
5298.456 9354.551
5649.402 8557.326
5883.755 9387.576
5232.843 9090.414
5999.663 8823.449
5500.174 8618.757
5301.807 9345.283
5236.419 8771.031
5645.709 8611.323
5304.972 8606.640
5303.123 9418.445
5905.238 9350.051
5124.292 8960.263
5909.685 8872.105
5365.586 8775.131
5219.238 8813.981
5809.391 8899.104
5334.289 9158.803
5183.772 8781.602
5279.967 8735.112
5775.838 8759.209
5816.620 8913.551
5276.938 9162.733
5215.481 8986.139
5935.365 8806.038
5772.626 9154.370
5744.648 9123.876
5990.362 8898.781
5114.481 9353.169
5319.238 8554.362
5345.638 8548.785
5952.869 9304.595
5455.258 9275.097
5606.909 8822.786
5707.562 8765.399
5473.596 9244.713
5495.427 8583.871
5776.374 9284.643
5993.312 9205.568
5770.681 8678.259
5349.237 9002.910
5699.060 9430.480
5672.595 8617.717
5389.908 8731.681
5209.859 8597.129
5544.281 8628.577
5694.766 8869.690
5503.884 9123.220
5192.460 8769.401
5262.329 9349.323
5490.417 9191.000
5134.908 8823.847
5732.086 9309.601
5783.285 9031.119
5845.178 9053.837
5935.662 9192.054
5248.997 8855.737
5299.124 9229.691
5503.783 9053.096
5414.385 8819.838
5570.545 9383.697
5415.766 8844.537
5938.109 8927.817
5209.283 9206.987
5389.622 8913.195
5222.176 8880.130
5756.533 9065.748
5609.262 8832.067
5811.360 8991.424
5772.491 9245.417
5532.692 8922.558
5581.680 9143.193
5707.112 8573.334
5686.189 9352.032
5295.630 9069.098
5231.899 8994.816
5317.316 9206.135
5138.591 8849.760
5254.996 9123.171
5522.466 9193.667
5155.300 9096.443
5601.049 9119.045
5918.978 9365.827
5920.967 8788.931
5339.956 8764.663
5118.927 9249.125
5879.297 8895.189
5430.694 9346.690
5389.055 9003.113
5889.241 9243.791
5560.655 9279.216
5347.758 8784.059
5397.059 8653.864
5216.543 8663.320
5934.411 9001.913
5607.142 8645.844
5299.741 9373.459
5126.656 8554.020
5770.010 8722.198
5633.975 9219.329
5913.632 9420.938
5211.246 8958.611
5350.448 8754.556
5686.813 9219.816
5123.219 8909.314
5752.965 8915.806
5439.000 9222.685
5695.246 9256.512
5978.388 9032.237
5388.260 9429.399
5393.205 9289.013
5395.057 8677.422
5167.052 9397.231
5612.202 8600.695
5139.768 8717.694
5532.810 8682.633
5217.675 8995.823
5533.088 8598.898
5525.726 8578.945
5339.203 8895.742
5190.250 9205.654
5669.395 8756.477
5380.930 9363.744
5716.602 8802.633
5531.779 9375.452
5262.711 8834.985
5153.623 9099.284
5167.476 9016.052
5463.832 9364.377
5214.536 8800.555
5783.742 9252.272
5156.017 9162.991
5715.823 9099.594
5997.387 8616.433
5905.376 8896.930
5796.758 9220.826
5238.110 8945.734
5412.713 8900.906
5252.401 9149.297
5623.874 9156.630
5457.653 8936.017
5515.735 9169.505
5515.614 9348.668
5946.452 9356.494
5591.606 8944.671
5434.928 9327.950
5726.466 9175.961
5321.346 9020.735
5703.448 9199.897
5372.703 8858.736
5849.701 8907.387
5945.932 8968.706
5234.411 8966.229
5270.596 8779.895
5540.550 9201.654
5928.280 9317.072
5623.551 8804.759
5605.694 9017.025
5860.141 8542.603
5293.512 8564.726
5708.558 8980.820
5723.455 9084.851
5931.937 8610.234
5703.944 9304.128
5709.279 8898.067
5604.508 9302.077
5493.953 9254.182
5753.173 9079.995
5679.144 9380.730
5475.470 9334.636
5996.061 8896.978
5442.001 9074.303
5372.117 9426.859
5636.345 8964.252
5848.019 9076.700
5629.278 8728.376
5421.318 9131.613
5823.499 9218.603
5963.877 8682.396
5521.289 8651.570
5897.502 9033.118
5873.317 8695.595
5528.541 8759.227
5382.213 9213.008
5618.753 8686.936
5873.089 9422.475
5649.028 9292.307
5479.482 9016.767
5629.876 8867.250
5567.012 8974.214
5372.373 8556.654
5539.437 9121.385
5838.870 8867.568
5650.717 9312.336
5211.696 9051.475
5796.004 8845.659
5145.470 9236.069
5233.907 8677.429
5636.215 9398.932
5175.109 9417.942
5862.607 8865.270
5251.971 9232.556
5247.541 8667.433
5174.916 9213.213
5436.651 8961.605
5476.931 8711.947
5393.090 9134.384
5523.193 8759.068
5736.141 8858.451
5970.768 8600.686
5275.499 8977.562
5355.451 8745.919
5286.737 9189.833
5212.127 9058.234
5826.310 8813.653
5914.007 8674.204
5142.109 9123.737
5463.176 9230.871
5885.167 8906.202
5120.186 8698.886
5279.497 8733.816
5502.058 8879.410
5785.364 8962.814
5661.670 8977.958
5391.586 9230.343
5429.179 8679.701
5644.043 8874.043
5786.422 9373.250
5335.461 9064.978
5894.571 8760.771
5954.732 8950.032
5586.733 8995.838
5596.274 8884.270
5180.228 8677.793
5550.757 9194.686
5293.623 8924.455
5826.303 8831.987
5616.023 8962.566
5514.689 8698.250
5590.197 8637.779
5463.767 9352.189
5944.150 8997.496
5485.554 9365.583
5342.424 9263.361
5534.258 8643.034
5425.141 8847.241
5699.441 9178.633
5914.524 8761.041
5515.200 8597.295
5398.021 8607.866
5949.906 9141.935
5280.541 9053.332
5550.176 8957.897
5857.824 8608.991
5118.796 9148.581
5744.958 8716.125
5603.947 9299.004
5319.455 9316.574
5553.916 9026.578
5937.261 8934.328
5476.639 8746.805
5251.312 8588.429
5714.891 9311.005
5188.728 9011.755
5644.443 9333.828
5561.651 9365.049
5220.395 9273.069
5412.128 8893.718
5588.904 8811.023
5919.349 8853.695
5960.964 9190.227
5447.115 9406.013
5192.915 9218.975
5126.707 8919.732
5553.252 9124.086
5157.109 9171.414
5939.780 8836.080
5120.415 8755.691
5536.568 9401.099
5152.069 8748.982
5924.496 9184.120
5683.882 9014.661
5915.458 9422.661
5592.264 8908.561
5483.994 9265.486
5860.529 8776.750
5346.796 9157.239
5545.970 9330.960
5687.423 9240.071
5589.630 8784.206
5186.847 9257.968
5145.944 9419.024
5903.955 8914.341
5117.357 8798.847
5895.606 9249.712
5550.342 8584.764
5649.428 9359.456
5873.931 9360.109
5477.405 9320.232
5169.545 8871.137
5215.289 9324.874
5309.599 9141.804
5808.095 9196.095
5850.359 9303.428
5951.397 8673.310
5301.451 9249.475
5416.754 8973.676
5150.856 8596.095
5959.502 8820.241
5526.089 9296.552
5369.061 8638.195
5219.088 9248.691
5938.948 8689.227
5308.911 8944.518
5249.334 8937.086
5969.882 8786.380
5763.778 8842.064
5845.869 9002.710
5949.567 9326.142
5217.114 9170.634
5422.211 8814.597
5571.461 8969.210
5619.870 8799.333
5642.484 9266.253
5980.786 9319.421
5264.397 8870.966
5771.757 8603.529
5435.593 9385.426
5599.243 8977.348
5981.265 9390.581
5190.373 8599.058
5231.626 9052.667
5371.624 9057.655
5420.634 9389.331
5966.504 8833.045
5430.789 9413.153
5970.767 8791.508
5906.554 8592.290
5840.669 8834.226
5138.894 9021.327
6004.100 8694.129
5934.953 9115.368
5517.110 8697.393
5938.042 8787.061
5340.908 9057.807
5681.825 8841.919
5235.241 9376.797
5302.258 9125.303
5805.252 9380.292
5790.196 9063.982
5515.789 9262.466
5800.175 8968.393
5574.028 9238.582
5280.738 8921.863
5491.863 9297.459
5751.974 8941.657
5974.772 9410.892
5129.370 9405.656
5429.309 9404.007
5847.371 8769.072
5346.636 9181.104
5567.742 8955.063
5419.303 9238.008
5691.129 8600.692
5794.367 9430.323
5574.158 9302.054
5667.811 8694.231
5150.763 9429.318
5328.547 8734.390
5376.501 9208.685
5735.526 8796.865
5381.131 9035.798
5702.748 8541.102
5454.346 8607.586
5256.915 9102.380
5794.203 8647.198
5864.175 8620.891
5927.357 8927.633
5535.512 8877.480
5860.627 9170.655
5712.615 8806.993
5710.819 9236.336
5942.279 8910.202
5836.998 8708.239
5534.318 9392.160
5369.202 9032.152
5845.220 8562.917
5313.020 8591.042
5830.489 8608.414
5460.389 9018.167
5620.242 8623.467
6000.029 9307.045
5361.271 9090.023
5892.793 9393.154
5150.231 9190.125
5480.778 8917.046
5284.988 9312.089
5847.200 9402.017
5533.599 8721.899
5841.911 8786.112
5895.629 8546.301
5194.032 8964.976
5217.002 9398.745
5649.238 8696.442
5135.636 9041.881
5426.086 9043.727
5170.687 9139.775
5628.911 9026.491
5675.587 9288.731
5441.255 9352.148
5855.371 8660.960
5665.431 8875.964
5194.678 9378.344
5787.550 8694.015
5936.758 9382.271
5127.840 8655.526
5951.309 8911.671
5624.621 9127.648
5734.368 9332.835
5210.110 9040.263
5835.518 8662.288
5337.198 8617.645
5264.303 9304.338
5575.896 8629.833
5314.699 8901.479
5717.619 9080.279
5172.806 8799.176
5268.157 9269.696
5255.896 8891.542
5392.036 8890.574
5977.095 8778.197
5699.176 8744.683
5317.452 9167.764
5319.011 8593.134
5377.083 8923.686
5385.398 9115.812
5412.579 9325.496
5475.975 9033.195
5635.618 8837.754
5124.129 8994.273
5744.985 9001.992
5478.130 8773.869
5381.831 8924.093
5859.292 9345.707
5499.574 8860.982
5470.528 9288.766
5396.583 8892.569
5426.804 9180.648
5580.916 8859.733
5200.617 8839.009
5821.527 9066.826
5353.010 8858.538
5390.046 8990.896
5405.448 9169.283
5915.810 8903.070
5431.648 8805.110
5743.967 8581.034
5292.753 9186.279
5512.952 8965.618
5727.056 9397.952
5334.731 8679.941
5547.218 8785.711
5702.891 9397.507
5433.836 8882.203
5655.629 8581.060
5746.876 9321.415
5508.596 9084.367
5176.081 9132.516
5412.607 8573.454
5338.264 8927.659
5638.591 9431.308
5351.153 9232.878
5465.186 8803.655
5951.296 9334.667
5240.620 9010.260
5500.824 8838.714
5391.085 9062.441
5843.858 8956.927
5695.240 8963.365
5965.517 9305.928
5645.795 9034.324
5496.950 9388.556
5359.385 8860.255
5576.019 8642.582
5154.491 8986.408
5948.217 9342.450
5372.229 8771.769
5374.368 8860.632
5647.763 9058.353
5451.564 8828.966
5255.095 8633.943
5942.345 8632.870
5335.720 8838.431
5435.722 8744.646
5926.405 8631.907
5937.308 9310.700
5813.910 8927.007
5993.748 8603.026
5332.499 9013.998
5632.103 8598.304
5295.854 9182.799
5570.980 9295.945
5748.442 8977.382
5489.252 8548.996
5149.612 9014.387
5764.134 9310.372
5837.890 8689.326
5648.541 9089.668
6002.725 9370.202
5382.721 8657.677
5319.438 9383.008
5992.297 9010.600
5574.137 9308.162
5290.569 8824.839
5624.675 9237.973
5715.315 8996.131
5821.454 9167.355
5282.762 9068.028
5388.517 9173.119
5711.372 8735.555
5723.036 9142.348
5209.144 8881.904
5679.035 8796.004
5751.983 8738.097
5346.786 8574.430
5712.200 9180.649
5416.356 8630.439
5293.935 9139.535
5308.317 9342.424
5621.936 9032.514
5623.296 9018.525
5518.103 8598.438
5364.627 9240.269
5853.086 8652.311
5383.514 8703.852
5992.747 9020.356
5541.743 8542.357
5210.931 9276.162
5815.154 8895.014
5777.682 8734.429
5134.362 8629.702
5845.247 8889.696
5370.433 9324.921
5652.360 9310.709
5300.085 9334.766
5930.356 9256.239
5115.628 9012.646
5454.665 8714.651
5649.071 8791.150
5943.543 8816.594
5280.091 8837.959
5760.286 9034.537
5579.785 8824.040
5769.809 8680.707
5659.974 9136.731
5158.695 8691.987
5366.917 8720.165
5264.961 9356.005
5823.284 8557.484
5916.397 8919.613
5759.423 9407.607
5878.350 8595.080
5793.771 9051.984
5827.023 8935.466
5379.119 8713.905
5150.497 9087.116
5667.821 9407.007
5328.775 8934.698
5228.334 8917.257
5581.564 9151.978
5264.055 9080.299
5712.921 8647.477
5264.274 9023.167
5585.457 8909.562
6000.358 8899.739
5867.774 9140.868
5142.902 9220.584
5959.064 8740.571
5814.365 9067.838
5958.023 9300.453
5173.545 9323.079
5731.220 9061.797
5495.313 9112.904
5170.877 8956.940
5881.536 9384.158
5389.778 9171.493
5218.499 9308.681
5706.416 8941.466
5116.520 8674.830
5622.576 8641.496
5190.032 9265.101
5141.549 9328.183
5503.645 8811.857
5324.397 9137.493
5371.029 8573.786
5915.514 8565.489
5610.063 9306.353
5729.753 8943.245
5541.659 8934.702
5965.263 8596.855
5293.087 8572.888
5504.477 9341.365
5342.246 8719.296
5271.027 9253.412
5485.753 9262.247
5603.579 9153.599
5168.728 8915.924
5443.809 9278.006
5476.561 9022.211
5865.439 8835.890
5900.132 8928.911
5947.228 8888.293
5710.537 9394.372
5430.882 8796.344
5188.471 8778.063
5518.494 8870.901
5346.238 8843.136
5594.035 8933.379
5184.917 9348.898
5464.575 9334.872
5682.660 9180.136
5469.963 8589.644
5854.593 9167.311
5181.098 8909.013
5145.703 8996.879
5552.312 8755.299
5173.447 8926.441
5377.238 8890.047
5334.070 9247.122
5448.338 9169.195
5705.031 9348.714
5120.801 8697.627
5652.210 8651.700
5752.027 8738.259
5426.146 8789.081
5133.671 8602.949
5979.596 9418.655
5528.146 9095.107
5148.953 8681.592
5222.348 9150.121
5696.845 9013.414
5681.052 8870.471
5684.759 9298.499
5804.313 9184.604
5213.850 8822.391
5775.801 8646.288
5982.711 8661.136
5168.222 9135.750
5672.124 8979.233
5400.713 8613.512
5839.803 8694.142
5928.921 9383.139
5839.183 9050.634
5610.293 9051.685
5402.792 8708.183
5661.372 8860.321
5617.938 8626.003
5293.439 8590.518
5249.326 8684.561
5842.033 9055.065
5743.935 8590.372
5185.110 8727.612
5479.130 8915.789
5831.275 9118.443
5231.249 8752.417
5282.469 9128.465
5448.309 8983.581
5437.805 9240.764
5918.104 8871.340
5136.350 8986.490
5933.907 8706.343
5813.662 8614.637
5426.512 8726.977
5887.685 8919.145
5772.095 9314.571
5871.097 9363.904
5119.645 9218.362
5132.850 8564.284
5148.716 9273.579
5417.454 8831.455
5418.532 9054.544
5164.951 8765.431
5179.080 8541.263
5190.241 8847.188
5978.539 8692.254
5128.606 9020.366
5464.295 8941.449
5257.536 9111.429
5791.936 8766.425
5832.063 8639.293
5872.763 9325.969
5902.904 8907.767
5603.740 9227.690
5969.484 9331.900
5905.397 8777.005
5247.327 9340.652
5824.075 9265.481
5655.614 9087.948
5758.468 9057.377
5824.154 8626.337
6001.063 8683.432
5291.640 9196.634
5207.817 8735.955
5569.121 9327.096
5457.150 9324.853
5821.335 8623.554
5307.296 8810.841
5323.192 8682.279
5980.160 8961.755
5856.718 8867.128
5910.368 9085.227
5899.221 8868.947
5812.356 9324.739
5179.167 9286.588
5558.087 9057.935
5938.803 9193.346
5798.990 8920.584
5331.833 8747.748
5804.774 9309.010
5468.493 9300.895
5208.247 9388.087
5351.498 8952.097
5142.187 9059.320
5608.917 9139.909
5296.267 8672.256
5710.713 8666.233
5390.973 9315.203
5249.038 8942.370
5856.733 9313.828
5132.476 8555.776
5770.434 9124.390
5671.980 9059.276
5657.633 8941.573
5967.875 8666.751
5530.017 9229.112
5519.247 8575.803
5371.757 8645.497
5649.120 9329.463
5531.557 9217.631
5270.692 8718.110
5470.600 9018.762
5336.126 8964.998
5989.257 8669.395
5785.148 9388.976
5908.229 8676.162
5356.915 8850.428
5523.704 9072.449
5157.723 9121.228
5902.471 8814.697
5511.191 9356.467
5709.489 8965.767
5936.582 8719.844
5123.221 9382.327
5908.725 9044.280
5290.007 9286.294
5704.516 9258.213
5158.792 8574.114
5186.412 8826.231
5492.753 9393.672
5580.813 9006.346
5934.609 8621.378
5751.317 9410.270
5639.441 9418.240
5795.525 9112.209
5924.513 8781.434
5574.457 8886.049
5479.936 8656.405
5511.960 8970.393
5945.198 8810.375
5743.071 8674.959
5291.199 8798.378
5272.734 8602.055
5623.860 9263.283
5505.991 8909.860
5231.690 9212.495
5973.853 9342.741
5335.095 8672.173
5571.002 8965.321
5656.184 8604.925
5793.662 8747.891
5947.082 9147.984
5418.186 8541.232
5521.311 8710.625
5682.568 8574.461
5366.156 9065.963
5798.536 8994.280
5872.250 8638.568
5221.086 9009.882
5768.326 8950.240
5416.624 9043.660
5241.527 8663.557
5126.653 8926.955
5564.675 8554.796
5566.591 9075.192
5495.637 8986.331
5267.594 8914.582
5689.975 8733.379
5522.301 9153.349
5684.204 9182.581
5667.198 8658.421
5844.062 8688.766
5569.216 8891.774
5125.545 8749.653
5961.850 9107.280
5818.502 8987.527
5475.559 9138.364
5808.914 9306.562
5762.686 9369.125
5714.129 9227.437
5374.942 9286.345
5819.910 8749.983
5595.383 9417.190
5685.399 9281.292
5826.147 9058.124
5691.002 8562.654
5487.102 8979.054
5429.389 8639.022
5924.489 9200.333
5533.591 9288.577
5536.473 9345.514
5330.636 9179.660
5859.030 8592.275
5714.505 8732.432
5134.007 9147.282
5334.129 8905.664
5783.154 9328.000
5326.815 9061.292
5333.518 9217.137
5822.122 9128.451
5703.388 9340.957
5592.097 8574.443
5946.300 9019.522
5635.908 8959.619
5871.386 9238.725
5179.276 8832.258
5810.909 8599.943
5331.785 8946.419
5949.843 8732.368
5755.138 9243.368
5282.339 8802.532
5836.234 8727.376
5381.433 9252.874
5698.813 9140.261
5944.577 9008.238
5278.322 8622.849
5770.410 9123.201
5373.320 8843.912
5383.456 9052.334
5251.010 8969.086
5432.613 9103.638
5534.327 9339.208
5998.983 8619.599
5523.416 8814.350
5815.035 9067.426
5626.578 8676.573
5285.021 8676.821
5733.449 9098.919
5343.118 8954.741
5816.757 8818.009
5357.263 9023.627
5485.370 8893.104
5832.673 9078.025
5743.610 9346.800
5196.610 8662.920
5854.701 8912.698
5261.205 8952.991
5368.022 8904.155
5950.833 8955.288
5883.355 8752.285
5905.659 8923.227
5209.712 8967.300
5563.912 8651.406
5941.682 8716.982
5230.460 8714.906
5866.668 9036.555
5474.342 8753.727
5526.449 8964.379
5365.592 8790.078
5487.132 8988.369
5630.662 8871.741
5965.356 9325.500
5776.906 9239.171
5357.541 9132.485
5213.751 9350.248
5774.812 9335.432
5238.163 9237.084
5816.806 8607.522
5481.719 8761.040
5495.918 9373.168
5168.569 9210.298
5438.279 9249.222
5182.952 8598.968
5909.848 8818.394
5576.739 8728.230
5515.787 9258.529
5403.211 9365.703
5679.463 8819.525
5119.721 9251.884
5358.614 9157.922
5670.222 8900.707
5983.522 9101.535
5238.768 8889.576
5247.416 8602.687
5257.928 8650.941
5203.411 9314.441
5480.923 8655.684
5143.234 8666.402
5955.804 8804.198
5277.868 8703.366
5967.445 9201.483
5610.971 9155.162
5149.473 8961.468
5608.632 9094.533
5604.473 8596.963
5995.978 9182.391
5506.041 8895.280
5790.891 9039.265
5811.038 9365.495
5809.878 8853.587
5737.493 9241.926
5616.135 8876.504
5822.156 9097.794
5203.396 8658.540
5757.556 9124.152
5782.722 8543.191
5929.430 8628.270
5434.955 9352.623
5356.657 8895.311
5628.768 8818.109
5775.827 8887.872
5121.591 8573.366
5746.219 8628.183
5849.343 9116.023
5824.518 8642.806
5887.629 8835.354
5455.823 9398.466
5903.727 9400.569
5670.996 8768.535
5445.858 8567.362
5758.567 8895.385
5374.457 8986.254
5120.692 9173.906
5365.274 9190.774
5436.529 8670.175
5166.873 8917.927
5945.865 9288.245
5474.132 8814.080
5551.939 8736.906
5747.562 9302.738
5263.622 8607.734
5934.838 9105.809
5205.447 8912.750
5603.160 8891.483
5916.688 8848.212
5960.836 9300.298
5848.762 9313.039
5121.666 8704.689
5255.972 8559.785
5397.398 9040.552
5340.552 8586.013
5704.714 8674.961
5698.432 8963.586
5322.411 9345.342
5691.503 8692.195
5534.663 9002.607
5600.973 9308.425
5551.162 9062.915
5428.621 9376.583
5470.713 9048.358
5693.968 9220.231
5798.945 8587.487
5343.621 8693.984
5604.665 9002.506
5593.473 9268.292
5411.394 9178.718
5226.273 8585.885
5156.939 8614.107
5252.207 8830.083
5918.677 9014.510
5261.332 8625.038
5516.180 9391.387
5626.976 8846.059
5841.041 8607.154
5508.787 9389.923
5348.144 9166.012
5223.878 8896.483
5474.535 8728.806
5814.485 8551.546
5614.480 8956.006
5430.741 8751.464
5952.763 9072.168
5727.470 8566.099
5498.082 9167.262
5533.274 8700.726
5330.455 9170.771
5905.530 9027.254
5126.659 8882.722
5933.539 9129.860
5762.001 8691.896
5909.268 8920.624
5617.475 9425.458
5832.884 8691.193
5585.262 8610.193
5534.950 8929.682
5177.340 8743.263
5958.266 8611.493
5159.009 8905.121
5768.562 9048.490
5368.653 8869.162
5403.825 9127.508
5927.507 8636.119
5684.935 9179.410
5458.611 8860.548
5583.927 9323.963
5822.814 9367.516
5278.659 9239.421
5985.896 8634.877
5366.875 9375.618
5674.723 8548.616
5723.191 9023.156
5499.606 9285.918
5417.158 8892.524
5702.422 8601.976
5689.615 8871.826
5700.900 8689.146
5749.795 9191.973
5788.175 9265.015
5216.185 8739.443
5243.185 9158.553
5522.675 9132.496
5491.375 9082.352
5309.946 8752.327
5410.556 8857.267
5334.933 9196.374
5117.501 8680.058
5421.065 8905.380
5468.989 8945.018
5307.799 8759.388
5799.848 9132.338
5838.244 9271.269
5682.286 9077.697
5259.102 9418.651
5836.882 9001.302
5544.988 9355.129
5470.534 8747.660
5287.531 8712.629
5575.081 8763.057
5836.113 9194.903
5609.131 8833.847
5821.298 9053.877
5670.640 9113.021
5984.044 8842.003
5295.663 9029.780
5728.297 8937.012
5633.348 8731.185
5978.136 9331.767
5271.980 9134.076
5444.647 8679.776
5772.603 9259.786
5158.676 9419.045
5627.905 9056.481
5385.442 8772.042
5601.746 8546.503
5644.511 9021.282
5283.326 9243.587
5910.028 8763.628
5295.194 9117.813
5813.785 9109.823
5790.432 8905.231
5799.085 9042.359
5599.621 9076.218
5308.742 8711.250
5482.324 9414.402
5589.902 8624.171
5215.785 9217.138
5561.932 8584.767
5540.167 8842.587
5155.195 9091.190
5668.689 8645.267
5635.564 8661.066
5117.393 8989.722
5357.186 9237.846
5171.488 9429.477
5442.335 9234.664
5780.816 9385.103
5487.794 8753.367
5409.805 8774.755
5667.846 9253.087
5396.074 9310.325
5549.333 8574.483
5602.255 9217.055
5970.394 9270.233
5401.818 9319.454
5148.007 8776.007
5390.280 8677.270
5286.527 8789.626
5381.259 8649.041
5730.290 9081.976
5325.373 9165.021
5609.655 8749.935
5880.743 8625.998
5603.398 8886.093
5637.572 8873.176
5149.539 9257.829
5564.154 8887.915
5774.291 9099.775
5204.937 9050.423
5370.235 9148.683
5167.456 8846.433
5116.082 9041.810
5400.493 9226.205
5222.775 9349.191
5943.725 8899.299
5181.619 8561.370
5181.886 9379.113
5316.306 9166.942
5526.361 9071.552
5386.124 8729.954
5641.367 8807.148
5515.624 9319.909
5680.058 8949.530
5262.486 8893.213
5432.966 8807.852
5744.010 8718.445
5701.830 8971.989
5383.519 9162.757
5526.622 8724.843
5772.993 9189.790
5972.829 9033.640
5932.708 8774.447
5225.842 8601.528
5793.769 8981.369
5840.356 8586.231
5896.327 8826.788
5360.204 8619.619
5888.566 8680.901
5278.356 8772.966
5220.558 9182.438
5317.195 9287.300
5699.204 9097.133
5553.411 8560.373
5363.974 8641.048
5707.506 9199.807
5304.648 9310.075
5252.793 8802.798
5646.208 8877.999
5377.219 8973.735
5850.800 9251.788
5666.356 9088.007
5736.012 9089.249
5245.381 9167.478
6002.567 8579.296
5435.709 8688.639
5502.627 8580.245
5345.734 9076.552
5548.567 9147.958
5160.320 8703.053
5409.362 8977.112
5919.334 8805.218
5463.078 8634.841
5790.446 9004.469
5158.124 8917.563
5576.507 9251.359
5451.905 8774.646
5337.667 9299.073
5925.184 9259.119
5826.027 9007.654
5784.992 8828.964
5687.417 9392.137
5671.450 8639.484
5208.821 8566.296
5274.181 8810.600
5482.051 9293.604
5189.557 8893.786
5594.201 8927.855
5601.766 9101.929
5172.769 9233.221
5298.663 8990.634
5142.201 8570.505
5602.416 8956.484
5385.809 9387.941
5934.106 9306.651
5905.846 8568.673
5586.750 8624.166
5588.440 8873.838
5878.510 9067.045
5830.874 8627.850
5575.654 8963.022
5451.189 9008.319
5979.698 9053.700
5835.069 9180.907
5184.127 8886.633
5924.504 9131.248
5929.791 8637.377
5568.983 9057.470
5369.233 9320.577
5870.880 8980.648
5471.332 9117.968
5712.178 8809.772
5420.438 8747.762
5313.728 8618.756
5117.252 8999.569
5252.433 8709.530
5698.406 9398.304
5501.406 9269.617
5298.739 8639.872
5495.883 9207.618
5923.050 9143.710
5152.944 8631.190
5155.273 9288.243
5551.831 9224.499
5140.321 9174.530
5737.162 8864.859
5872.339 8880.311
5674.852 8897.291
5470.630 9318.290
5985.242 8630.520
5821.279 9283.395
5931.930 9394.911
5642.362 8960.223
5478.278 8701.484
5741.221 8740.390
5697.308 8872.617
5817.423 8831.769
5888.215 8825.464
5971.921 8900.562
5220.824 9430.007
5940.973 8696.226
5910.191 9353.243
5376.476 9385.982
5564.129 9060.932
5224.151 8676.990
5578.123 8936.601
5809.048 8910.063
5244.548 9077.630
5474.015 9191.652
5783.823 9095.102
5851.429 9138.869
5821.712 9076.206
5653.414 9195.751
5530.523 9120.723
5864.907 8656.434
5531.488 9067.856
5575.728 9394.727
5923.632 9367.859
5745.878 8833.071
5375.556 9249.994
5666.354 8777.034
5970.546 8744.462
5805.914 9159.238
5388.018 9357.569
5972.029 9096.103
5368.813 8560.397
5474.166 8710.236
5970.131 9338.808
5586.745 8782.924
5215.117 8743.532
5571.943 8958.524
5420.055 8589.361
5228.301 9319.757
5322.060 8696.082
5781.079 9343.871
5551.725 9065.559
5254.631 8929.487
5960.246 8701.136
5548.088 8893.432
5201.965 9390.159
5822.430 8973.934
5254.008 8848.520
5435.367 9306.063
5656.960 8707.734
5867.160 9339.581
5424.097 8984.962
5875.613 9090.826
5299.316 8988.727
5191.935 9179.978
5519.886 9096.357
5731.914 8735.608
5986.295 9226.034
5824.103 8930.978
5605.370 8948.901
5138.817 9032.181
5836.928 8982.024
5918.658 8798.197
5773.542 9090.538
5826.579 9316.313
5265.072 8680.880
5812.025 9373.972
5249.728 9021.767
5377.267 8639.119
5494.399 9186.006
5603.006 8856.469
5553.312 8871.258
5899.083 8569.993
5247.468 8939.312
5114.501 9243.625
5793.106 8617.208
5826.562 8555.089
5642.083 9317.633
5448.056 9147.836
5366.237 8783.581
5520.606 9416.886
5672.562 9163.197
5608.012 8689.264
5122.715 8748.446
5717.145 8946.162
5565.549 8886.666
5645.560 8576.484
5241.691 8769.901
5695.420 8849.485
5596.846 9178.820
5987.388 9378.760
5554.662 8660.135
5931.211 8910.585
5361.135 9237.216
5585.850 8910.263
5729.847 8890.655
5474.630 8721.934
5445.649 9201.678
5623.855 9185.538
5988.283 9263.088
5565.241 8612.234
5692.730 8802.967
5651.850 9297.807
5326.096 9426.885
5941.883 9096.561
5903.046 9186.966
5517.249 9136.710
5219.515 8765.575
5239.264 9095.353
5122.757 8727.333
5404.496 9247.025
5617.106 9153.988
5197.471 9071.220
5298.961 9368.562
5947.529 9231.290
5121.013 9300.314
5599.492 9062.149
5500.723 9114.900
5198.240 9120.092
5815.989 9039.248
5308.882 9171.505
5500.330 9139.890
5169.928 8927.743
5998.834 9168.102
5360.439 9318.093
5440.840 9283.620
5920.837 9344.878
5562.666 9033.574
5634.051 8644.301
5169.930 8922.670
5557.307 8678.832
5921.968 9088.425
5631.856 9351.451
5432.770 9000.177
5874.946 9250.885
5238.926 8930.740
5887.299 9102.383
5332.333 8918.519
5490.988 9418.099
5247.980 8791.032
5331.157 8588.387
5940.625 8914.852
5256.698 9154.706
5139.870 8668.479
5242.987 9423.756
5428.697 9134.762
5581.619 8796.716
5989.112 8648.630
5738.005 8882.276
5214.787 9272.009
5624.692 8683.262
5862.359 8983.121
5890.273 8985.554
5179.299 9095.492
5334.822 9332.248
5938.241 9080.552
5844.625 8863.274
5841.096 8839.360
5643.479 8661.070
5782.781 9419.556
5894.466 9061.607
5927.909 8623.501
5614.962 8722.262
5643.234 8922.439
5699.299 8729.003
5331.447 8900.281
5818.800 8795.165
5535.006 9029.891
5333.929 8609.860
5454.565 9151.619
5325.867 9392.897
5500.544 8824.209
5739.785 8663.388
5278.740 8590.937
5492.617 8552.575
5891.105 9254.947
5910.416 9114.835
5700.041 8990.761
5331.177 8633.810
5498.578 9027.205
5718.901 8757.035
5935.272 9120.181
5895.474 9185.341
5164.185 9106.303
5850.577 9173.656
5833.643 8654.613
5697.091 9322.722
5825.883 8999.060
5639.894 9173.928
5394.582 9163.919
5363.319 9015.070
5262.950 8548.130
5341.311 8548.634
5689.395 9042.839
5502.380 8706.949
5786.316 8695.217
5209.271 8781.284
5921.551 9155.183
5451.799 8658.512
5637.428 8684.433
5513.054 9180.359
5800.205 9001.926
5161.460 9044.008
6001.058 8711.742
5797.728 9161.900
5875.150 8547.914
5616.881 8979.764
5225.619 8750.092
5310.896 9013.821
5496.656 9357.183
5813.662 9285.713
5930.222 9045.216
5919.484 8648.952
5658.210 8833.843
5502.309 9018.337
5787.729 9026.564
5810.163 8819.064
5116.402 8598.803
5387.669 8969.635
5718.979 9384.653
5741.850 9014.676
5519.322 8794.262
5655.741 9410.393
5572.798 8786.166
5462.472 9335.907
5341.202 8675.880
5608.293 9370.600
5498.945 9424.133
5280.242 9304.771
5237.220 8854.019
5491.129 8992.800
5915.763 9306.961
5637.188 9002.630
5423.451 8785.152
5186.585 8773.658
5399.284 9232.478
5889.980 8779.715
5828.415 8710.541
5745.701 9378.619
5297.771 8724.810
5193.659 9018.743
5969.462 9160.585
5628.524 9030.526
5290.926 9106.960
5207.408 9008.718
5994.011 9135.299
5971.039 8906.904
5829.318 8775.737
5852.454 8909.346
5378.891 9017.134
5362.993 9250.583
5830.561 9394.255
5686.243 8803.717
5985.241 8661.382
5254.389 9384.911
5603.113 9170.023
5891.873 8949.140
5515.836 8791.624
5281.462 9123.874
5532.425 8765.065
5765.928 9322.886
5371.696 9399.608
5798.813 9164.266
5881.476 8757.616
5203.942 8589.634
5549.931 8577.832
5422.426 8591.628
5855.479 8551.782
5448.120 8978.067
5327.360 8562.108
5306.516 8795.640
5474.596 9351.302
5194.218 9421.538
5765.250 8690.632
5612.375 9011.380
5537.044 8775.923
5935.869 8858.768
5756.467 9399.624
5546.770 9333.249
5260.668 8848.464
5598.987 9428.535
5766.536 9158.215
5657.655 8834.612
5583.864 8939.334
5385.820 8975.194
5184.353 9288.894
5301.063 8822.367
5249.373 9173.979
5660.782 9398.460
5912.950 8823.923
5661.309 9124.631
5898.220 9129.291
5853.193 8908.927
5748.247 8862.841
5780.114 8701.810
5827.439 8558.425
5230.328 9016.270
5934.758 8946.533
5139.882 8639.372
5916.874 8877.709
5165.088 9393.934
5705.904 9313.392
5256.383 8994.122
5705.201 9075.738
5635.040 9318.440
5325.627 9305.680
5847.149 8769.642
5729.220 8882.606
5713.172 8828.537
5563.755 9421.167
5966.887 8770.205
5907.981 9300.326
5991.473 9389.721
5199.161 9369.990
5956.659 8759.767
5857.424 9381.331
5514.776 8818.558
5957.325 8903.417
5384.926 8542.706
5994.991 8956.296
5689.694 9381.991
5611.307 8705.751
5824.149 9374.814
5659.155 9116.765
5507.596 8608.677
5886.563 9102.975
5117.628 8832.460
5469.467 9127.048
5450.039 9275.007
5730.441 8723.355
5325.764 9358.943
5356.595 8832.552
5980.923 9310.286
5937.891 8730.245
5918.139 8989.950
5694.920 9006.356
5380.088 8705.704
5800.186 8940.287
5549.145 9187.258
5284.870 9256.240
5145.362 9034.175
5492.994 8893.721
5141.464 9167.462
5900.828 9372.130
5822.566 8939.299
5180.033 8757.865
5662.742 9396.978
5588.189 9222.028
5312.622 8720.884
5187.119 8786.208
5340.066 8598.723
5260.178 9069.475
5340.812 9024.495
5834.699 9034.351
5698.272 9281.315
5701.606 9004.614
5285.021 9359.745
5846.055 9226.389
5634.507 9128.341
5977.445 9273.588
5780.837 8998.906
5939.863 9246.677
5927.175 9015.314
5414.253 9304.968
5955.495 9011.620
5271.884 8697.832
5251.880 9307.089
5772.800 9264.661
5739.377 8635.243
5413.969 8912.365
5623.930 8593.553
5156.296 9207.101
5131.300 9071.436
5603.864 8576.487
5260.217 8755.831
5835.486 9287.539
5300.982 8956.575
5890.339 8830.150
5730.510 9330.545
5646.084 8545.470
5311.870 9155.803
5687.647 9366.816
5519.542 9046.211
5367.276 9431.511
5142.183 9361.014
5503.685 9366.277
5310.061 9254.519
5445.757 9052.702
5948.371 8883.113
5193.003 9089.916
5329.137 8932.354
5688.547 8584.049
5363.211 8635.933
5195.182 8540.920
5531.929 8716.151
5526.601 8878.034
5852.360 8825.836
6003.822 8677.143
5439.887 8743.343
5380.085 8791.670
5809.656 9383.705
5155.846 9163.692
5413.101 8741.607
5440.010 9333.281
5914.978 8776.097
5574.195 9343.980
5363.641 8888.376
5635.390 9389.494
5175.362 8839.995
5707.751 8817.031
5677.073 9236.770
5805.921 9044.639
5180.579 8565.290
5989.661 9422.337
5646.775 9000.817
5136.760 8677.309
5286.815 9310.859
5904.331 8778.820
5643.247 8747.919
5895.198 9349.918
5694.133 8780.249
5661.311 9078.505
5790.907 8603.718
5183.986 9336.475
5385.947 8740.177
5335.781 9293.798
5627.941 9284.747
5619.277 8552.184
5348.374 8647.025
5905.682 8603.426
5858.510 8693.156
5314.814 9256.871
5897.027 9414.818
5170.775 9318.100
5531.115 9361.832
5965.967 8778.030
5587.864 9071.821
5380.134 9321.749
5741.492 8815.796
5381.009 8753.907
5389.206 8865.232
5221.192 9143.487
5462.250 8946.972
5850.083 9351.211
5231.436 9188.826
5993.212 9242.384
5274.244 9108.364
5116.594 9154.398
5182.211 8786.388
5353.572 9390.721
5212.459 9027.124
5234.233 8962.531
5126.122 9144.203
5251.491 8961.777
5372.922 9092.876
5725.668 9139.240
5426.775 9111.773
5138.648 9166.077
5324.930 9359.267
5445.383 8616.551
5135.998 9203.094
5609.518 9356.376
5823.902 8550.240
5254.319 8994.944
5597.621 8627.424
5192.105 9330.956
5308.381 8752.373
5605.141 9165.316
5249.111 8933.604
5551.425 9223.410
5739.939 8828.399
5418.346 9116.782
5118.047 9288.520
5777.655 8844.915
5640.671 9100.136
5351.106 9036.739
5756.191 8761.002
5129.501 8559.702
5174.049 8953.023
5922.786 9331.012
5202.577 9192.069
5497.588 8651.822
5682.907 8806.569
5244.334 9080.976
5597.459 8647.892
5860.096 9024.748
5429.013 8685.829
5727.938 8594.624
5305.478 8957.660
5968.325 9272.471
5501.826 9132.145
5213.725 9225.891
5534.407 9050.056
5233.124 8618.969
5990.724 8575.000
5883.630 9282.643
5779.883 9024.727
5125.688 9236.026
5287.972 8656.867
5350.944 9042.647
5723.812 8627.081
5960.781 8882.071
5935.459 9289.765
5166.758 8961.494
5900.213 8955.820
5549.233 8922.145
5686.501 8950.465
5824.940 9256.250
5125.366 9430.055
5729.677 9073.889
5214.346 8930.458
5796.992 9384.797
5518.752 8758.671
5516.021 8630.985
5138.655 8922.741
5322.528 9239.814
5769.881 9213.422
5441.547 9159.234
5298.431 8631.166
5493.473 9050.345
5832.987 8655.823
5276.841 9117.597
5790.126 9298.000
5586.378 9275.131
5117.224 8556.474
5646.369 8836.307
5173.483 8711.945
5796.553 9329.875
5933.434 8730.844
5620.213 8775.344
5320.652 9104.055
5447.842 9296.179
5646.678 9248.757
5968.296 9122.633
5389.281 8634.087
5112.577 9224.815
5276.903 8612.127
5927.015 9099.500
5740.081 8936.019
5940.121 8888.701
5213.196 8884.650
5298.327 9330.748
5119.340 8927.949
5303.781 9399.346
5610.627 8762.974
5528.016 8986.664
5570.027 9079.658
5292.679 8663.582
5249.145 9380.863
5121.880 8760.238
5917.817 9090.754
5482.448 8578.854
5254.281 9217.997
5871.556 8583.667
5498.149 8666.315
5318.050 8840.706
5899.955 9265.063
5975.179 8920.422
5716.152 8751.133
5423.823 8863.699
5399.833 9367.408
5774.636 8858.677
5279.397 9413.623
5828.263 8586.091
5341.864 9142.008
5791.380 8769.064
5662.913 8611.658
5908.324 8972.617
5187.921 9091.578
5170.798 8982.689
5249.885 9418.424
5296.175 8952.203
5899.488 9292.271
5863.237 9180.769
5700.400 9191.144
5705.256 8686.014
5195.893 8988.565
5581.535 8671.083
5833.420 9230.842
5790.600 9096.589
5279.499 9234.362
5268.092 8580.747
5584.974 9184.990
5303.578 9256.317
5999.831 9050.405
5380.176 9240.149
5352.678 9057.077
5682.522 8542.875
5833.080 9358.401
5902.696 9290.409
5305.691 9370.666
5172.793 9008.438
5196.773 9430.164
5164.502 8781.568
5483.706 8623.326
5430.976 8544.719
5908.581 8912.906
5312.524 8702.798
5384.953 9044.637
5921.430 8630.657
5942.631 9054.980
5257.889 8708.047
5612.224 9390.783
5112.798 9026.494
5416.366 8661.262
5574.450 9218.192
5450.180 9093.952
5549.428 8989.013
5686.429 8558.485
5776.985 9260.243
5571.057 8824.719
5202.582 9170.973
5421.294 8673.771
5340.961 8980.805
5745.384 9080.513
5115.152 8985.244
5206.319 9040.153
5572.654 8585.776
5720.232 9094.755
5915.767 9279.652
5827.136 8759.941
5570.240 9396.995
5542.434 9354.133
5615.478 8737.828
5713.539 8783.941
5585.379 8790.732
5248.539 8607.002
5217.785 9209.421
5190.390 9151.855
5649.999 8738.049
5258.024 9199.198
5814.046 9388.303
5216.500 8705.211
5236.558 8734.051
5297.502 8560.641
5408.752 9103.099
5390.411 8717.436
5485.936 8746.715
5570.951 9243.092
5592.669 9255.799
5663.007 8819.600
5765.924 9143.170
5981.250 9429.555
5821.091 8846.189
5164.865 9070.724
5557.303 8842.242
5640.425 8765.121
5594.324 9052.452
5503.458 8559.809
5708.113 8731.103
5416.309 9354.305
5374.362 9337.118
5847.632 8592.530
5554.139 8806.562
5848.932 8729.011
5527.385 8843.928
5259.587 9151.759
5139.196 8694.932
5213.299 9268.363
5439.730 9374.081
5151.840 9292.131
5229.049 9306.681
5959.293 9241.980
5290.720 8835.987
5508.640 9334.382
5443.116 8994.409
5327.837 8942.022
5443.113 8893.777
5389.200 9349.509
5851.717 9046.616
5651.253 9159.445
5918.890 9352.192
5111.604 8588.682
5683.244 9098.440
5700.310 8881.900
5283.205 8763.956
5925.128 8634.688
5979.282 8889.898
5883.487 8814.488
5993.564 8888.781
5352.762 8734.536
5536.355 8711.023
5375.488 9289.507
5145.432 9130.551
5985.439 9371.505
5550.659 8678.905
5453.551 9018.132
5137.406 8567.719
5368.877 9001.131
5426.531 9171.469
5407.609 9192.480
5138.860 8685.572
5569.095 8933.650
5237.584 9199.964
5185.942 9094.277
5125.998 9363.062
5450.167 8561.281
5183.695 9103.828
5627.971 8770.854
5849.193 9131.782
5802.203 8791.653
5702.944 9274.655
5866.467 9182.416
5684.201 9049.314
5817.349 9296.567
5620.481 8707.682
5363.531 8991.902
5939.035 9310.072
5807.950 9181.378
5117.947 8675.624
5219.841 8850.382
5114.732 9347.342
5807.417 9079.961
5326.483 8792.880
5602.492 9119.587
5685.023 9145.108
5892.058 9361.918
5148.654 8974.315
5465.413 8789.661
5647.589 9016.744
5439.309 9345.547
5771.953 9121.427
5461.982 9247.793
5647.451 8582.819
5707.328 8733.177
5866.860 8632.386
5691.109 9214.697
5925.507 9422.869
5177.133 9283.410
5133.735 9140.508
5638.386 8632.801
5176.796 8886.376
5223.243 9430.595
5263.367 9324.747
5256.870 8832.684
5444.041 9051.730
5256.966 8875.344
5789.899 8903.186
5724.902 8945.651
5828.784 8598.543
5707.313 8794.385
5480.358 8954.615
5707.827 9232.672
5808.888 8649.808
5909.347 8687.751
5795.110 9127.354
5391.786 9421.435
5825.110 9144.360
5982.948 8583.144
5149.167 8985.230
5309.433 8603.754
5277.627 9397.229
5426.504 8786.527
5425.265 9293.273
5411.159 9401.878
5852.909 8679.554
5647.862 9134.174
5576.005 9078.506
5965.858 9028.861
5596.075 9001.327
5358.470 9226.513
5285.811 8749.953
5490.960 8747.644
5799.604 8682.767
5267.749 8638.762
5943.028 9316.839
5499.003 9305.705
5988.833 8665.996
5288.334 9250.861
5613.817 8712.132
5727.067 9174.147
5343.105 8645.343
5157.989 9417.032
5185.553 9231.552
5509.403 8691.010
5941.357 9121.843
5138.130 9049.985
5180.404 9186.353
5230.825 8898.468
5992.005 8827.798
5130.492 9124.306
5290.498 8975.592
5569.961 8752.086
5722.929 9149.947
5942.789 9257.209
5516.122 8583.809
5221.613 8854.926
5796.108 8963.837
5578.621 9031.727
5719.818 8803.966
5603.397 8603.588
5966.607 9190.028
5656.555 8986.019
5822.312 9119.583
5866.134 8549.753
5846.730 9211.589
5468.620 9363.711
5716.837 9221.982
5203.923 8555.717
5579.727 9248.050
5247.508 9239.996
5612.468 8879.605
5304.391 9027.015
5483.967 9397.989
5902.165 9142.601
5641.307 9205.179
5935.976 9384.634
5842.857 8542.115
5460.407 8869.245
5397.852 8687.195
5616.781 8878.148
5626.152 9213.763
5419.603 9253.483
5867.226 8999.151
5399.463 9352.544
5655.511 8998.866
5958.445 9185.499
5454.494 9159.151
5782.523 9187.394
5210.579 8635.033
5577.076 9400.523
5377.171 8900.652
5448.061 8983.902
5829.501 8901.679
5793.892 8983.443
5764.176 9265.454
5220.877 8561.258
5388.113 9426.215
5156.679 9222.556
5890.870 8869.069
5487.158 9390.958
5480.298 9171.821
5281.068 8984.419
5929.090 8663.586
5900.035 8568.217
5486.956 9250.742
5330.561 9417.394
5257.945 9313.070
5812.117 8821.813
5496.877 9185.887
5712.461 9360.295
5678.652 8919.466
5348.349 8981.054
5286.861 9323.577
5342.872 9150.596
5143.015 9291.751
5481.121 9346.911
5912.640 9013.693
5737.564 9431.193
5564.555 8620.446
5413.353 8591.176
5814.331 9082.153
5207.774 8995.756
5549.725 9278.569
5555.834 9302.510
5609.991 9388.664
5430.460 9392.486
5692.158 9073.642
5251.666 8593.190
5843.996 8861.170
5863.243 9198.928
5175.439 8751.670
5997.529 8931.473
5147.540 8996.397
5884.007 9080.418
5452.034 8993.249
5908.653 9243.731
5879.257 9225.576
5738.498 9183.371
5922.274 9263.204
5778.679 8921.587
5960.891 8549.716
5141.580 8760.274
5740.394 8931.560
5837.178 8794.408
5338.086 9278.835
5359.147 9267.310
5413.973 9208.218
5311.160 9249.371
5247.545 8943.914
5856.510 9388.955
5161.395 9225.159
5642.091 9307.010
5511.108 8572.561
5741.519 8894.831
5216.581 8634.390
5612.723 9267.573
5818.356 8805.148
5453.822 8896.313
5224.804 8761.079
5779.385 8983.822
5472.330 9325.380
5735.414 8632.502
5366.226 8998.898
5410.692 8590.462
5450.278 8827.287
5385.486 9359.898
5765.983 9361.032
5518.061 9118.558
5415.157 8799.292
5893.250 8742.718
5687.285 8905.616
5429.294 8943.674
5573.137 9267.600
5887.852 9231.223
5864.982 8867.757
5221.772 9354.311
5112.687 9022.499
5965.559 9383.922
5538.585 9078.217
5477.437 9398.977
5174.267 8778.388
5914.580 9024.761
5421.217 9353.178
5831.478 8574.094
5983.829 9162.474
5843.388 9270.325
5335.536 8626.790
5753.098 9064.471
5711.051 9210.056
5916.661 9335.923
5602.944 8810.707
5323.432 9241.519
5474.044 8569.140
5614.183 9233.018
5877.924 9288.955
5390.667 9408.188
5709.015 8706.594
5482.834 8932.508
5578.988 9422.286
5771.735 9413.223
5680.243 9039.383
5691.991 9090.666
5801.164 8709.532
5221.047 9005.906
5861.893 9385.851
5441.329 8892.970
5225.869 9073.774
5388.453 8711.274
5446.821 9054.243
5368.618 9012.823
5877.363 9006.147
5463.650 9008.779
5243.190 9164.400
5141.234 8543.064
5915.273 8672.472
5391.708 9408.412
5910.482 9001.106
5705.381 8945.899
5160.516 8668.417
5926.823 8665.077
5711.752 8893.847
5540.383 9234.792
5922.411 8615.829
5506.729 8994.094
5292.727 8548.254
5824.175 9392.794
5524.821 9424.757
5895.718 9352.233
5629.505 8728.530
5689.780 8651.437
5922.921 8874.905
5714.636 9132.747
5226.498 8636.411
5505.143 9132.235
5678.122 8769.985
5224.651 8701.168
5497.231 9282.482
5574.787 8832.291
5498.218 9224.127
5919.774 8645.061
5454.452 8673.230
5201.249 8795.642
5425.046 8968.304
5544.836 9084.952
5524.390 9189.995
5165.615 9286.665
5958.269 9228.762
5122.623 8872.884
5759.975 8733.848
5371.825 8942.528
5617.406 9111.563
5383.301 8916.803
5116.983 8828.519
5296.426 8893.309
5211.096 9147.416
5832.565 8918.608
5892.755 8543.448
5420.951 9131.492
5939.020 8831.548
5300.955 8747.277
5880.502 9104.397
5752.106 8566.578
5729.133 9319.083
5537.904 9054.968
5888.417 8937.223
5773.154 8971.498
5920.662 9215.241
5820.986 9002.080
5296.682 8873.276
5563.027 9029.698
5340.953 8652.850
5894.791 9168.563
5829.133 9160.732
5890.709 9155.063
5710.959 9036.903
5919.297 9002.460
5959.410 8972.591
5824.524 9351.346
5665.097 9044.322
5654.536 8971.885
5512.924 9005.720
5972.296 8941.772
5283.861 8760.383
5792.382 9137.146
5592.252 8625.192
5123.810 9274.340
5789.548 8741.171
5328.792 8837.153
5537.976 9324.038
5552.832 9394.814
5516.334 9311.981
5540.043 9312.462
5412.625 8854.468
5256.542 8979.433
5366.496 9100.735
5348.918 8962.150
5358.157 9056.072
5320.209 9221.363
5167.942 8833.064
5405.878 9333.799
5316.909 8943.436
5717.227 9242.245
5589.829 8882.968
5544.498 8584.676
5647.633 9133.973
5729.973 9289.923
5138.233 9022.058
5158.481 8877.608
5818.668 8706.691
5202.719 9357.748
5901.663 9374.430
5380.983 8891.194
5293.706 8645.909
5403.602 9082.666
5566.821 8735.183
5940.882 8557.264
5834.252 8756.666
5513.440 9402.334
5537.464 8573.738
5860.540 8889.203
5364.933 9320.805
5186.929 9136.917
5139.104 8615.951
5539.523 8911.109
5776.554 9347.017
5842.445 9044.047
5190.749 8744.781
5763.723 9321.141
5657.581 8764.938
5992.000 8827.459
5578.483 9187.761
5773.617 8926.275
5430.640 8565.247
5930.163 8953.742
5141.669 8609.928
5694.633 8921.580
5272.805 8616.937
5187.840 9204.770
5361.636 9047.976
5980.825 8639.546
5851.745 9147.450
5359.822 9220.773
5450.901 9352.922
5585.491 9113.341
5877.555 8637.269
5947.510 9014.623
5714.884 8839.611
5379.289 8561.011
5536.493 8724.866
5968.407 9070.489
5295.101 8552.907
5570.432 8653.089
5575.866 9000.385
5367.436 8604.590
5576.747 9262.473
5432.350 9083.169
5986.748 9033.397
5385.504 8719.139
5380.049 8779.289
5408.500 8760.398
5736.183 9397.042
5286.162 9352.940
5167.244 9192.085
5902.867 8696.632
5553.092 9043.822
5728.003 9018.706
5273.192 9204.383
5127.593 8633.298
5641.191 9419.611
5395.669 9284.433
5865.950 8724.949
5743.497 8834.986
5419.229 8693.560
5510.044 8968.494
5784.518 9255.428
5383.904 9183.318
5457.313 9093.089
5505.546 8600.203
5842.757 9171.787
5933.570 8573.683
5954.850 8912.842
5948.825 9207.271
5158.770 8865.444
5406.700 9259.765
5718.539 8895.890
5588.029 9394.033
5448.452 9272.516
5824.847 8755.617
5666.186 9263.620
5399.753 8872.942
5439.133 8651.679
5612.719 8751.164
5714.096 8814.013
5773.024 9176.067
5299.660 8854.171
5614.785 9159.366
5161.053 9415.113
5287.682 9125.338
5857.010 9350.136
5922.158 9076.402
5597.136 9373.287
5519.395 8857.943
5639.552 8892.977
5320.601 8941.379
5911.342 9396.195
5705.362 9118.448
5378.936 9280.677
5464.517 9226.010
5773.777 8959.168
5524.325 8829.028
5843.320 9090.489
5431.913 9189.255
5928.739 9138.507
5697.579 8685.825
5679.214 9328.898
5944.746 9415.085
5354.553 9251.167
5164.073 8729.831
5126.294 8969.841
5474.013 9314.410
5669.855 8899.059
5455.529 9287.636
5865.238 9258.175
5574.922 8992.842
5466.966 9151.529
5459.004 8796.746
5853.304 8877.541
5556.731 9097.874
5758.340 9022.109
5120.742 9279.845
5800.184 9394.440
5646.208 8962.523
5838.732 8680.509
5347.382 8875.051
5443.969 8744.394
5177.150 8601.675
5549.165 9427.672
5504.005 8795.703
5276.149 8952.188
5474.927 8830.023
5508.872 9170.717
5357.739 9237.289
5824.820 9131.591
5518.405 8601.571
5345.908 8832.493
5700.049 9080.219
5943.977 8545.689
5860.329 9220.742
5502.088 9195.336
5402.976 9407.967
5229.385 8580.289
5850.955 8893.620
5164.961 9102.171
5390.845 9072.244
5372.241 8596.470
5330.771 9395.101
5318.534 8926.403
5157.260 8760.278
5453.362 9098.855
5309.240 9344.699
5980.276 9429.791
5864.837 9308.747
5639.890 8891.614
5112.159 8940.784
5166.823 9245.427
5399.206 8889.205
5413.274 8892.026
5707.468 8636.671
5715.881 9266.075
5111.809 9241.570
5311.633 9098.476
5337.842 8726.623
5772.839 9150.112
5229.432 8996.349
5898.608 8621.381
5427.212 8748.678
5894.264 9052.374
5695.375 9408.306
5709.288 9387.998
5239.002 8726.342
5121.387 8570.519
5247.350 9037.853
5430.665 8702.389
5173.014 8745.851
5871.186 8972.885
5801.887 8702.646
5940.956 8959.291
5771.262 9119.748
5470.830 8809.167
5545.467 9188.981
5318.521 8711.216
5668.700 9046.244
5140.293 8779.152
5912.054 9098.406
5753.621 9099.965
5193.432 8878.862
5410.008 9129.842
5623.976 9391.797
5530.452 8760.003
5956.391 9153.711
5128.802 8686.426
5293.700 9301.834
5951.660 9198.669
5718.393 8779.492
5810.540 8628.087
5197.090 9172.751
5754.796 9023.994
5461.732 8697.645
5276.461 9419.480
5910.417 9289.418
5902.097 8865.332
5996.948 8687.435
5500.465 8883.602
5306.207 9058.830
5156.923 8876.351
5583.710 9422.413
5814.264 8915.416
5388.508 9180.743
5335.207 9242.425
5688.947 9162.304
5475.125 8797.392
5268.208 9278.378
5668.016 8790.003
5624.502 8800.597
5689.296 8935.823
5577.045 8920.487
5388.084 8948.986
5337.982 8683.655
5673.880 9035.222
5897.218 8807.182
5445.942 8980.498
5216.383 8989.473
5261.220 9337.598
5928.576 8543.566
5527.540 8973.512
5318.099 9008.320
5844.598 8622.982
5738.341 8954.814
5333.372 9044.865
5847.615 8714.445
5649.572 8747.127
5945.661 9402.957
5863.762 9170.201
5972.805 9423.997
5225.329 8854.716
5373.626 9057.277
5347.093 8696.547
5634.965 8785.600
5437.976 8817.728
5741.273 9180.775
5372.144 9312.846
5885.062 9167.889
5729.777 8998.520
5289.568 9376.741
5585.399 9257.942
5284.573 9135.955
5491.255 9386.588
5899.099 9169.075
5938.405 9139.742
5460.254 8693.458
5804.411 8707.413
5462.612 8555.872
5186.523 9246.238
5497.038 8606.643
5813.967 8956.774
5341.476 8668.819
5154.053 8995.496
5149.499 9271.780
5789.211 9015.904
5792.909 8962.024
5463.223 8610.165
5808.391 8685.357
5182.562 8734.878
5690.359 8738.913
5851.224 9141.844
5828.081 8636.303
5865.635 8868.696
5176.456 9219.043
5777.704 9340.096
5828.153 9118.278
5784.508 8627.748
5134.515 8794.725
5981.651 9190.330
5224.835 9278.960
5910.829 9399.991
5586.093 9320.784
5250.532 8822.333
5656.887 9271.769
5404.921 9256.521
5136.832 8846.674
5449.909 8852.818
5660.190 8959.477
5641.237 8575.413
5193.509 8595.596
5621.394 9340.487
5623.084 9262.985
5868.514 9130.408
5812.039 8628.709
5296.724 9019.147
5198.649 8544.545
5409.429 8775.094
5826.880 8694.916
5887.467 8649.175
5916.290 8978.635
5442.496 8948.485
5633.747 8753.314
5444.811 8963.383
5579.064 8608.172
5695.844 8905.789
5225.147 8720.950
5409.793 8785.939
5406.165 9393.682
5498.988 9294.594
5813.937 9284.196
5673.265 9018.194
5159.366 9148.340
5138.566 8714.231
5695.852 8645.162
5537.515 9145.504
5589.932 8704.891
5596.322 9067.762
5746.948 9089.311
5438.620 9285.304
5931.173 8786.556
5385.812 9417.404
5995.466 9282.231
5884.431 9314.441
5887.198 9280.644
5361.336 9324.774
5229.539 9405.710
5859.302 8744.237
5530.726 9369.512
5874.816 8826.853
5531.874 8667.195
5309.638 9223.539
5852.744 8979.239
5316.336 8646.986
5415.227 9323.471
5690.767 8992.653
5422.788 9392.103
5823.834 9286.989
5759.713 8777.286
5294.585 8630.964
5797.881 9095.531
5699.619 9161.604
5294.053 8545.922
5471.126 9166.494
5853.157 8603.950
5655.493 9418.721
5867.793 8690.098
5128.845 8998.867
5236.889 8715.721
5435.389 9430.908
5397.820 9145.199
5636.120 8877.909
5650.516 8988.570
5601.482 9243.881
5527.627 8764.145
5139.928 8867.538
5755.771 8881.100
5897.431 8563.152
5917.586 8815.989
5319.359 8815.318
5250.451 8915.694
5689.268 9050.629
5205.861 8933.540
5494.021 8638.682
5226.019 8710.755
5438.392 9014.615
5987.388 8918.758
5436.559 8700.422
5690.610 9399.346
5222.758 8902.975
5803.532 8743.294
5468.990 9010.763
5332.445 9066.448
5360.151 9296.557
5966.760 8867.414
5756.247 8755.646
5844.988 8987.630
5369.899 8702.051
5329.806 8740.809
5483.337 8553.170
5287.957 8816.910
5912.920 8890.021
5705.119 8544.324
5701.653 8828.132
5720.114 8603.001
5127.086 8604.291
5690.909 9161.738
5783.908 9237.376
5336.470 9187.085
5700.324 9076.701
5772.789 8958.227
5734.507 9319.708
5703.667 9212.756
5406.749 8685.495
5654.589 9104.286
5121.718 8997.206
5145.475 9224.727
5690.190 9113.010
5671.808 9153.773
5437.103 9114.627
5316.575 9162.398
5532.232 9347.343
5721.109 9369.268
5925.189 8713.799
5959.447 8726.236
5716.769 8727.608
5346.067 9038.747
5680.454 9092.304
5509.179 9208.460
5662.666 8889.830
5809.761 9360.662
5568.809 9322.975
5453.872 8591.622
5190.376 9045.017
5243.307 9049.235
5910.851 9308.250
5181.441 9342.632
5240.972 9293.256
5571.320 8796.692
5750.301 8997.340
5792.250 9001.072
5978.681 9132.862
5872.329 8960.340
5236.845 8903.247
5500.682 9426.803
5327.597 8564.832
5453.668 8826.124
5632.025 9017.758
5483.467 9274.690
5863.065 9184.642
5534.307 8766.158
5410.421 9373.912
5343.460 8689.820
5463.554 8894.544
5325.615 8617.993
5822.537 9242.776
5385.737 8900.119
5524.980 8808.779
5851.707 8669.073
5207.881 8793.626
5274.501 8928.690
5566.085 8835.936
5804.987 8541.819
5966.484 8927.405
5841.192 8735.344
5978.988 8785.967
5596.912 8605.923
5253.034 9114.408
5277.123 9091.052
5390.591 9417.395
5343.222 9017.419
5704.843 9401.923
5837.947 8594.693
5824.184 8787.012
5679.399 9079.244
5613.886 8644.039
5274.825 8748.313
5574.374 8931.724
5538.910 8884.852
5998.436 8622.894
5722.694 8703.765
5187.834 9096.577
5329.286 8889.365
5128.797 9252.184
5931.526 9201.219
5686.620 8720.056
5394.268 9197.554
5935.439 8626.362
5887.264 8692.705
5283.588 9097.271
5185.626 8643.649
5163.839 9281.595
5932.356 9097.146
5460.453 8841.197
5562.023 9122.515
5310.248 9229.367
5236.027 9246.038
5461.272 9013.506
5786.437 9197.046
5808.121 9376.534
5295.989 8923.794
5778.167 9291.902
5134.609 8602.079
5293.544 9021.381
5281.264 8640.070
5281.016 8876.143
5881.157 8830.444
5436.280 8939.749
5632.184 8770.179
5822.754 9021.521
5952.252 9014.105
5722.737 8993.041
5899.407 8636.271
5290.602 9215.619
5152.544 8597.723
5923.613 9230.894
5304.567 9021.929
5660.198 9367.807
5733.369 8583.247
5610.742 8843.069
5785.173 9050.635
5393.000 9031.684
5601.259 8835.776
5710.966 8572.143
5114.530 9392.762
5952.981 9014.648
5188.914 9025.233
5455.351 8813.278
5543.040 8859.236
5616.654 9420.069
5243.496 9036.620
5371.295 8624.753
5190.697 8624.844
5479.034 8878.955
5653.188 9225.708
5837.113 9150.124
5746.764 9334.610
5822.667 8622.910
5402.461 9014.065
5414.715 9212.235
5269.999 9279.494
5171.756 8924.895
6004.080 8642.616
5362.548 8755.946
5654.169 8749.942
5290.962 8879.280
5938.004 8652.400
5853.873 8678.117
5814.750 9342.442
5757.173 8883.050
5728.308 8813.111
5828.000 8667.068
5276.376 9062.417
5923.246 9278.523
5987.558 8757.391
5669.281 8968.102
5130.725 8775.623
5413.307 9132.155
5207.296 8678.086
5820.851 8967.311
5404.894 8925.646
5320.148 8660.910
5228.681 9265.016
5822.027 9075.498
5305.516 8683.146
5151.938 9061.841
5319.676 9130.352
5776.645 8826.795
5511.796 8821.771
5902.744 9135.272
5693.702 8904.688
5166.686 8915.253
5647.898 9177.282
5214.975 9304.493
5496.534 8571.427
5330.033 8931.621
5862.094 8801.614
5924.112 9034.393
5786.646 8790.060
5663.581 9268.887
5977.819 8732.695
5830.039 8846.646
5719.894 9298.011
5636.126 8855.774
5557.351 9158.917
5557.934 9390.229
5300.025 9341.548
5429.633 8637.365
5250.769 8857.000
5459.876 9405.860
5655.922 8719.522
5535.686 8932.404
5251.869 8721.225
5826.971 9391.043
5653.097 8886.640
5795.759 8785.592
5789.317 9090.198
5966.780 9220.044
5891.336 9335.905
5303.099 8671.248
5229.309 8715.573
5267.017 8635.494
5950.718 9308.088
5944.481 8786.328
5706.092 8982.674
5156.321 9205.501
5390.493 9135.238
5333.868 8540.142
5691.425 8902.397
5331.656 8929.200
5483.403 8544.084
5634.843 8974.024
5429.431 9199.115
5521.860 8800.287
5386.277 8626.238
5912.585 9271.873
5192.533 8982.873
5127.692 9032.128
5576.590 9152.365
5727.149 9113.725
5559.068 8636.334
5598.757 8846.314
5635.229 9202.407
5205.994 8571.391
5287.500 8883.484
5390.737 9367.516
5845.467 9358.199
5162.388 9287.178
5370.543 9034.106
5646.586 8994.702
5332.595 9128.990
5863.318 8788.623
5685.400 9246.483
5854.249 9192.270
5795.769 8557.697
5333.029 8592.398
5629.528 8619.525
5456.830 8939.192
5236.997 8560.466
5494.363 9166.801
5748.006 8793.104
5202.141 9338.590
5580.860 9069.534
5698.900 8677.845
5483.811 9040.811
5274.357 8581.838
5911.411 9370.120
5968.719 8694.665
5448.712 9249.770
5979.162 9228.129
5789.574 9024.120
5239.136 8837.116
5876.858 9224.212
5937.678 8882.403
5230.840 8873.976
5882.247 9061.443
5745.249 8727.459
5442.428 8916.456
5500.164 9295.765
5248.807 8563.862
5169.316 9241.864
5299.897 9319.078
5864.581 8649.228
5792.116 9264.944
5234.027 8825.262
5802.841 9047.506
5996.550 8684.919
5659.561 8914.477
5365.917 9022.795
5232.416 9065.096
5998.431 8694.000
5232.904 8656.315
5537.402 9124.096
5272.065 8783.914
5623.266 8933.112
5911.935 9132.683
5620.313 8907.949
5883.811 9208.662
5450.333 8841.329
5822.457 9164.485
5839.236 8651.030
5130.376 8649.829
5862.926 9406.017
5217.919 9398.580
5819.166 9389.994
5842.525 8832.234
5826.269 8749.166
5257.205 9191.416
5486.052 9147.367
5451.045 9277.374
5482.382 8718.848
5725.874 9258.314
5809.781 8912.029
5282.725 8556.245
5320.499 9003.914
5263.756 9111.598
5601.599 8785.196
5296.713 9283.856
5436.770 9188.640
5216.577 8939.602
5560.078 8832.540
5594.867 8999.393
5360.706 9292.298
5116.646 8688.895
5226.746 9053.481
5675.678 8803.458
5439.949 8659.141
5327.529 9184.797
5315.619 9087.642
5755.248 8752.275
5538.326 9299.105
5309.726 8542.256
5842.734 9365.560
5320.518 8584.907
5453.351 8755.980
5348.369 9391.316
5392.629 9387.107
5507.509 9211.168
5787.257 9324.471
5897.183 8598.226
5307.582 8771.979
5626.710 8804.309
5517.241 9031.864
5124.005 9024.065
5285.154 8986.208
5488.537 8754.020
5903.533 8886.598
5951.862 8635.452
5412.037 8842.068
5848.798 9029.842
5831.421 8787.594
5561.136 8839.067
5846.746 9286.218
5181.243 9094.283
5539.344 9063.291
5681.136 8952.754
5408.150 8664.136
5622.508 9291.429
5898.777 8845.309
5488.416 8943.429
5896.680 8635.403
5857.975 9237.333
5160.820 9064.137
5510.627 8581.456
5489.155 9072.885
5153.094 8876.158
5851.794 9181.796
5560.701 9025.330
5190.503 9377.996
5995.476 9023.751
5145.881 8675.648
5756.080 8675.036
5516.446 8543.451
5952.509 8693.170
5995.353 9079.542
5318.052 9099.227
5359.249 9032.408
5527.920 9280.276
5699.091 8592.187
5904.117 9405.322
5941.495 9055.391
5707.966 8701.039
5671.828 8858.230
5837.473 9304.545
5826.327 8862.626
5831.648 9256.662
5613.144 9046.122
5146.996 8886.028
5964.452 9242.192
5498.112 8775.893
5235.102 9010.228
5983.510 8605.528
5213.747 9040.039
5482.711 9056.592
5223.180 9284.904
5141.215 8656.807
5340.633 8776.035
5282.376 8795.605
5928.285 9239.512
5641.981 8657.392
5216.088 8944.257
5424.966 8776.600
5694.919 8705.907
5910.808 9291.795
5639.575 9086.113
5657.901 9369.657
5985.443 8594.343
5441.471 9053.419
5541.663 9219.457
5122.737 9327.011
5893.433 9253.036
5442.116 8736.634
5370.020 8740.066
5190.791 9012.196
5737.544 8630.916
5539.171 9033.165
5591.221 9357.675
5870.747 8997.474
5389.188 9112.179
5540.974 8829.094
5914.888 9414.704
5394.282 9063.949
5250.895 9331.766
5377.784 9209.382
5350.710 8684.511
5349.269 8773.907
5309.966 9350.201
5653.141 9045.329
5395.200 9126.848
5808.068 9103.913
5464.349 8583.498
5396.035 9033.914
5609.284 9245.244
5275.810 9146.271
5354.517 9018.843
5591.074 9107.094
6001.518 9147.631
5362.852 9342.943
5926.053 9156.348
5567.480 8706.954
5324.120 9335.827
5531.947 8978.423
5798.353 9052.748
5724.352 9377.230
5832.517 9357.703
5391.656 8685.406
5639.813 8830.809
5291.788 9331.598
5284.268 9363.389
5527.827 9201.536
5542.592 9218.797
5907.540 8575.494
5340.426 8699.640
5117.376 8849.008
5355.109 9387.955
5145.065 8677.296
5722.109 8887.511
5599.307 9350.938
5812.456 8731.976
5372.628 9374.571
5229.259 9288.008
5891.749 8657.647
5882.392 8889.984
5263.517 9180.559
5133.805 8942.155
5818.590 8628.264
5483.114 9219.555
5245.614 9140.074
5767.878 9162.308
5636.496 8950.860
5175.881 8999.486
5347.712 8926.698
5472.701 8667.247
5568.246 9421.156
5336.668 8894.703
5370.762 9236.575
5190.428 8820.301
5829.818 8644.096
5542.791 8792.193
5639.525 8664.226
5693.124 9176.045
5351.184 8952.582
5429.864 8562.735
5762.716 8773.645
5834.868 9430.476
5451.136 9268.677
5433.586 9001.378
5406.762 8856.462
5583.857 9082.484
5462.575 9059.859
5777.419 9299.374
5756.711 9269.196
5367.783 8894.149
5449.234 8877.574
5370.033 9082.237
5385.053 9103.791
5196.437 9172.397
5281.512 8688.922
5853.103 9073.083
5692.408 9031.294
5250.910 8610.860
5441.406 9287.946
5858.736 8763.219
5579.624 8975.504
5659.972 9040.217
5554.722 8603.508
5287.042 9239.311
5335.733 8717.284
5648.958 8789.596
5441.737 8678.356
5922.161 9224.047
5294.796 9316.545
5528.866 8577.010
5483.391 8575.966
5937.050 9159.002
5227.690 9218.524
5486.788 8842.902
5389.341 9305.398
5547.992 9155.284
5115.729 8963.948
5814.954 9147.833
5460.227 9139.714
5131.264 8842.911
5157.114 9396.447
5851.246 9019.631
5186.953 9009.296
5528.972 8638.361
5186.131 8953.480
5883.149 9381.785
5437.147 9243.493
5856.569 9211.178
5372.047 9251.415
5185.273 9306.020
5784.955 9024.474
5672.512 8657.705
5253.872 9310.389
5571.442 8586.561
5448.991 9148.758
5904.712 8975.709
5225.219 8972.669
5300.529 9146.927
5696.115 9367.148
5363.981 8768.153
5141.839 8671.960
5260.002 9186.451
5328.638 9070.471
5997.541 8662.978
5778.377 8623.851
5538.422 8997.557
5836.831 9005.559
5797.426 8552.519
5175.080 9398.843
5420.674 9255.685
5499.342 8706.492
5852.389 8996.933
5291.767 9195.834
5370.746 8858.143
5442.552 8777.368
5629.033 9234.997
5661.460 8563.361
5296.504 8680.573
5586.594 9213.912
5932.743 9191.498
5554.020 9264.066
5514.811 9025.920
5528.347 8827.083
5273.508 9181.518
5708.969 8924.052
5921.063 8610.455
5953.066 8874.411
5653.375 8765.262
5337.707 8930.208
5760.231 8640.740
5499.741 9180.715
5368.775 8615.770
5384.283 8795.851
5915.242 8942.020
5392.967 9216.903
5851.965 9425.047
5220.797 8908.124
5978.169 9115.404
5111.777 8550.704
5894.976 8841.907
5326.556 8825.073
5283.535 9127.840
5191.647 8987.746
5777.372 9013.109
5238.321 9417.580
5525.074 8700.977
5274.393 8575.644
5508.432 8744.183
5658.310 8715.134
5562.226 8936.481
5755.608 9188.677
5571.201 8819.084
5621.407 9287.383
5509.260 9108.461
5951.522 8985.391
5150.675 8853.775
5476.154 9076.960
5263.341 9250.185
5272.530 9082.467
5448.715 8798.770
5979.734 9127.562
5420.486 8786.817
5692.539 9366.419
5566.566 8822.065
5222.099 8567.741
5182.371 8808.397
5328.254 9404.081
5160.621 8914.240
5312.502 9169.022
5591.222 9083.578
5366.444 9026.404
5601.972 9160.382
5552.143 9015.632
5527.214 8742.433
5168.824 8680.975
5659.625 8617.187
5352.411 8788.659
5617.034 9081.525
5820.223 9264.438
5853.744 9407.568
5370.263 9369.563
5497.132 8655.523
5331.042 9111.545
5765.189 9104.363
5866.668 9351.794
5922.400 8590.943
5145.068 9036.120
5256.400 9124.538
5149.891 8714.008
5735.430 8883.707
5515.559 9146.713
5861.771 9115.995
5958.695 8986.983
5638.651 8994.389
5489.936 8540.518
5183.410 9169.325
5257.790 9135.303
5947.602 9343.377
5696.015 8762.795
5205.988 9247.581
5791.540 8734.765
5718.370 8631.405
5627.293 9349.994
5123.799 9227.710
5926.857 9012.395
5263.645 8947.018
5152.483 9066.070
5164.648 9147.319
5404.426 9276.500
5497.707 8768.192
5368.080 8735.695
5885.803 9036.299
5783.781 8866.769
5176.549 9262.214
5155.577 9366.933
5434.238 8594.590
5556.458 8930.179
5508.723 8895.557
5501.603 8997.487
5187.794 8572.262
5727.070 8598.970
5791.229 8841.733
5140.586 8788.817
5546.523 9183.464
5237.041 9417.272
5478.159 9093.670
5927.325 9276.622
5643.201 9069.959
5244.269 8564.028
5897.991 8726.420
5428.194 9091.055
5754.578 9318.102
5659.976 8935.515
5359.061 9098.099
5875.499 8814.613
5351.951 8905.494
5943.962 9406.586
5676.033 8992.033
5760.128 8930.015
5184.048 9101.616
5240.249 9408.830
5415.632 8672.011
5896.539 8596.894
5946.262 9030.499
5673.160 8896.477
5366.878 8720.181
5356.320 9083.919
5283.923 8767.597
5380.553 8718.051
5641.340 8759.511
5691.583 9034.134
5226.458 9123.025
5985.757 8560.476
5418.521 8923.141
5399.110 9192.240
5889.251 8906.178
5753.471 9352.530
5573.179 9161.012
5286.061 9289.116
5998.026 8870.244
5344.938 8921.671
5938.232 9260.748
5222.994 8604.362
5858.033 9125.696
5609.481 8730.985
5196.856 9229.877
5290.602 8616.881
5301.808 8992.696
5273.366 9399.717
5422.503 9041.440
5816.369 9165.155
5801.912 8907.659
5381.924 8690.409
5363.732 9041.377
5609.423 8775.028
5953.217 8633.225
5147.188 8736.985
5322.994 9199.898
5859.955 9046.778
5611.488 9158.541
5599.110 9379.754
5371.028 8994.024
5375.778 8992.787
5989.714 9060.455
5943.637 9084.603
5827.057 8834.228
5221.454 8713.127
5529.721 9022.799
5392.681 9400.796
5279.989 8653.915
5737.739 8822.029
5757.145 8801.219
5521.730 8869.891
5892.663 9056.953
5397.986 8862.077
5219.591 8880.815
5630.917 9207.711
5194.229 9409.711
5840.239 8607.347
5184.578 9007.994
5211.637 9031.572
5762.642 8712.984
5325.242 9083.998
5198.499 8763.399
5734.744 9187.428
5820.543 8969.464
5597.770 8661.052
5457.226 8834.281
5615.313 8578.401
5865.007 8903.033
5441.269 8679.254
5580.661 9046.259
5180.264 8575.840
5753.589 8754.890
5406.138 9069.345
5274.212 8554.651
5544.932 8967.108
5571.609 9425.688
5605.994 8573.009
5523.253 8603.992
5407.251 8890.272
5426.521 8837.983
5779.284 9220.785
5765.697 8589.153
5208.062 9305.402
5831.551 8775.504
5132.237 8573.007
5149.750 8940.247
5347.881 8613.695
5725.299 9011.753
5220.146 8699.923
5398.151 8704.313
5381.159 9317.527
5773.066 8591.111
5884.034 8679.687
5345.365 8716.388
5911.888 8590.976
5263.227 8962.962
5297.718 8627.320
5605.248 8792.512
5885.774 8612.797
5291.951 9100.363
5391.607 8676.820
5230.890 9405.377
5343.291 8592.087
5977.009 9367.053
5993.329 8719.386
5574.370 9393.781
5270.541 9360.560
5257.174 8841.611
5904.876 8816.925
5181.397 9431.425
5694.530 9039.428
5700.128 9362.682
5197.063 8804.412
5112.591 8561.128
5894.321 8740.281
5556.423 8987.505
5348.525 8684.126
5150.384 8571.365
5970.751 9031.331
5641.339 9069.449
5264.665 9197.951
5993.109 9035.743
5159.410 8624.911
5593.309 8691.475
5235.076 8749.774
5159.823 8624.513
5460.184 9365.920
5833.402 8744.201
5343.320 9058.244
5410.338 9098.896
5615.400 8611.395
5647.820 9047.855
5895.667 8896.500
5240.872 9004.899
5368.342 8682.504
5772.345 8629.324
5496.017 9194.363
5390.915 9429.365
5577.999 9369.556
5529.129 8914.126
5444.092 8922.371
5667.057 8849.968
5740.678 8998.422
5681.952 8557.520
5653.584 8567.458
5437.753 9038.146
5621.251 9337.975
5682.785 9085.935
5696.276 8657.374
5239.847 9374.261
5237.934 8644.681
5194.558 8671.348
5783.536 9294.962
5590.894 8949.043
5439.616 8623.269
5304.952 8870.569
5810.969 9018.618
5811.903 8999.547
5597.159 8636.839
5404.545 9238.539
5558.350 8859.192
5942.982 9287.886
5550.244 9001.311
5942.242 9412.332
5790.884 8600.271
5187.437 8831.004
5711.863 9262.225
5263.862 9189.994
5961.811 8800.350
5360.997 8826.511
5127.628 9226.773
5461.799 9427.470
5160.761 9224.447
5953.218 9048.242
5954.358 8864.017
5454.793 9122.193
5163.255 9054.024
5320.994 9361.978
5392.069 8884.658
5679.109 8823.996
5917.598 8581.563
5532.076 9398.434
5659.501 9155.031
5901.115 8743.940
5573.425 8934.146
5717.532 8918.690
5123.699 8915.452
5185.826 8688.001
5512.085 8899.874
5848.177 9273.918
5991.192 8603.998
5739.559 8744.707
5730.659 8853.639
5562.263 9173.266
5565.436 9272.560
5982.705 9390.882
5533.174 9340.406
5716.037 8672.800
5605.914 9380.062
5475.582 9212.294
5609.878 8964.488
5516.048 8884.365
5201.137 9358.950
5283.913 9022.692
5361.595 8652.565
5170.089 9359.815
5207.259 9057.462
5237.025 9032.368
5507.945 8589.769
5858.074 8835.557
5824.642 8685.110
5931.717 8629.836
5213.735 9195.359
5149.650 9282.909
5559.687 9104.907
5677.457 8927.183
5605.917 9116.972
5798.393 8930.442
5561.055 8768.041
5413.518 8803.371
5280.594 9264.439
5333.430 8779.434
5974.616 8937.828
5685.642 9382.388
5740.195 8883.112
5588.647 8853.275
5603.839 9090.373
5699.513 8620.961
5312.250 8624.834
5570.179 9149.161
5439.849 8560.408
5943.281 9046.328
5784.738 8975.021
6001.262 8746.799
5521.889 9056.604
5328.924 8949.720
5629.579 9119.724
5720.469 8739.856
5736.545 9208.694
5663.454 9102.648
5881.461 9149.305
5151.798 8862.381
5678.250 8590.896
5470.614 8980.727
5889.455 9181.897
6003.367 8665.527
5780.856 8660.622
6002.205 9403.394
5192.048 9322.633
5313.059 8554.407
5663.069 8677.401
5988.405 9350.279
5299.513 8840.409
5187.420 9343.373
5829.099 8679.125
5434.084 8595.399
5166.551 8967.215
5312.679 8758.076
5222.390 9179.785
5376.723 8602.993
5977.763 9337.830
5464.984 9329.159
5345.675 8635.850
5178.306 9176.222
5558.571 8859.779
5178.511 9274.218
5702.652 8912.445
5118.080 8556.907
5563.320 8555.609
5657.447 9231.524
5584.285 8549.132
5611.307 9210.235
5575.419 9337.425
5649.172 9147.338
5405.787 8967.886
5422.208 8983.269
5799.596 8648.672
5189.351 9004.060
5730.494 8552.885
5249.753 8998.743
5791.489 8882.985
5192.947 8831.456
5656.152 9428.435
5494.223 9270.236
5754.909 8775.571
5462.236 8940.421
5364.873 8910.211
5906.986 9110.582
5252.993 9266.958
5854.774 9142.069
5483.056 9281.996
5248.794 8812.486
5121.102 8925.635
5610.320 8927.775
5119.114 8826.929
5395.863 8804.330
5229.415 9268.125
5801.318 8791.230
5562.902 9084.676
5903.501 8575.025
5558.898 8712.133
5142.321 8634.084
5829.233 9034.568
5312.409 8618.383
5921.963 8555.470
5445.071 9355.924
5727.562 8689.705
5369.848 9029.373
5255.486 8709.137
5688.354 9043.758
5858.344 9091.104
5330.651 8624.087
5638.357 8927.847
5473.333 8746.605
5174.929 9052.038
5223.249 8638.133
5596.009 8814.466
5204.803 8663.011
5726.596 8905.607
5647.930 9184.024
5131.941 8714.690
5932.960 9072.050
5872.845 8785.312
5471.904 8778.466
5434.382 8559.704
5394.008 8901.993
5542.813 9199.999
5422.117 8589.990
5487.103 9305.087
5124.434 8778.909
5671.873 8708.763
5624.724 9198.823
5682.396 9224.225
5894.239 9025.522
5238.772 8717.934
5709.068 8889.336
5244.418 9211.840
5790.114 8924.375
5773.943 8734.505
5936.834 9367.807
5742.073 8992.365
5718.640 8919.233
5160.372 9053.573
5809.390 9255.850
5984.920 9225.027
5731.051 8838.089
5143.795 9238.122
5904.816 9190.312
5855.445 9301.125
5721.716 9427.158
5120.517 8858.791
5513.351 9411.055
5745.100 8885.888
5390.803 9010.954
5762.569 8765.477
5817.747 8590.937
5436.139 9375.987
5754.062 8551.615
5328.631 9181.476
5113.370 8888.055
5619.267 8844.321
5499.884 8603.332
5939.693 8754.802
5451.754 8761.510
5985.490 8753.546
5533.123 8725.998
5578.292 9059.841
5357.781 9361.492
5227.003 9079.302
5156.855 8578.313
5580.662 9300.033
5675.001 8564.069
5627.237 8881.394
5426.052 9305.094
5624.194 9192.203
5826.340 9053.274
5701.189 8595.362
5920.445 9396.098
5280.823 8611.165
5134.997 8774.814
5511.827 8759.396
5524.221 9097.042
5392.924 8855.048
5202.811 8882.697
5454.275 8700.933
5285.754 9411.796
5314.923 8655.916
5206.175 8776.027
5692.421 8858.032
5329.709 9415.048
5340.997 8953.701
5314.701 8829.920
5519.939 8795.680
5735.768 8996.092
5438.799 9072.213
5747.320 9299.639
5315.976 8811.933
5876.470 9418.997
5647.480 9184.221
5765.609 9341.402
5965.129 9308.026
5933.180 9121.315
5381.717 9323.825
5302.515 8958.386
5273.245 8966.853
5462.502 8628.281
5459.418 9039.081
5248.256 8683.933
5837.236 9094.411
5600.830 9362.322
5743.501 9053.859
5543.561 8588.051
5157.282 8700.452
5542.537 9089.972
5402.207 8878.229
5479.464 8916.503
5558.992 8852.423
5631.794 9128.024
5727.331 8993.522
5272.455 8570.722
5163.726 8670.501
5922.886 8985.371
5765.392 8612.445
5260.747 9086.645
5906.458 8694.621
5173.109 9320.791
5961.767 8564.110
5499.007 9126.416
5874.749 8713.142
5203.911 8550.735
5920.094 8703.322
5242.274 8839.072
5307.690 8541.898
5179.197 8990.968
5368.969 8541.491
5657.904 8637.380
5830.138 9023.084
5598.180 9235.703
5528.337 9100.490
5971.188 8826.336
5581.929 9040.439
5872.539 8566.778
5187.221 9263.087
5670.005 8941.667
5238.330 9207.996
5177.775 8943.291
5561.029 8763.931
5767.746 8843.337
5474.566 8564.656
5182.592 8986.681
5157.963 8673.044
5873.229 8745.103
5631.449 8665.808
5506.178 9089.626
5805.035 8874.030
5338.498 9177.697
5866.693 9419.848
5649.466 9254.549
5773.209 8881.719
5178.669 8983.810
5246.362 8744.434
5230.441 8975.787
5882.170 9424.877
5708.747 8821.969
5767.208 8932.246
5141.931 9236.123
5315.513 8785.348
5569.184 8721.573
5831.534 9062.356
5247.204 9056.624
5969.278 8931.381
5250.055 8841.834
5853.382 8572.837
5274.793 9393.991
5856.064 9305.366
5904.447 8817.934
5502.680 9344.623
5759.774 8777.285
5519.783 8737.582
5281.744 9122.494
5918.658 9370.680
5487.703 9223.463
5883.959 9028.939
5727.877 8866.055
5562.320 9413.255
5470.948 9287.190
5130.565 9142.334
5337.784 9176.640
5797.574 9383.601
5864.617 8588.840
5312.861 8979.435
5677.231 9147.598
5234.496 9208.697
5219.221 8640.043
5423.061 8948.975
5972.982 9191.662
5296.351 8930.244
5701.259 8983.934
5270.138 9110.589
5238.761 9027.268
5395.846 8818.655
5886.449 9321.666
5189.475 9345.616
5662.748 8722.414
5572.015 8796.386
5919.858 8812.641
5261.841 8731.620
5509.997 9003.636
5455.921 9188.484
5722.070 9385.803
5940.840 8777.048
5725.803 9160.280
5762.009 8661.903
5416.315 8997.238
5985.818 8940.355
5946.330 8606.722
5156.737 8893.723
5368.305 9422.449
5367.649 9285.984
5536.189 9414.584
5368.830 8808.087
5208.381 9035.579
5546.348 9229.929
5177.639 8859.350
5658.290 8625.682
5683.768 8751.346
5112.512 9275.771
5343.769 9004.732
5566.295 8689.063
5868.684 8957.738
5137.285 9242.702
5939.489 9236.270
5413.939 9193.045
5390.042 8714.272
5162.982 9041.808
5451.422 9225.498
5651.674 9239.678
5203.281 8919.276
5171.379 9255.992
5144.261 9221.993
5708.314 9167.205
5184.671 8699.675
5868.309 9056.523
5229.093 9133.800
5521.287 8808.115
5712.971 8758.378
5338.433 8625.246
5836.201 9029.458
5790.887 9410.645
5483.339 8953.072
5651.078 9242.999
5118.719 9078.069
5433.157 9332.225
5533.857 8688.983
5859.655 9037.196
5980.299 8830.405
5264.547 9407.295
5300.948 9282.502
5285.564 9110.247
5169.454 8985.767
5615.192 8826.469
5451.127 9316.238
5473.073 9169.899
5912.753 8885.490
5817.807 9307.239
5522.363 8922.886
5333.522 8994.316
5994.777 8824.471
5379.344 8653.150
5334.122 8715.525
5471.192 9375.585
5568.319 9401.800
5794.208 9232.381
5189.688 8798.275
5915.934 8887.434
5662.481 9152.449
5402.052 9314.269
5952.151 9080.841
5161.649 8725.955
5493.913 8982.607
5230.896 9046.503
5469.354 8946.367
5273.652 9303.210
5942.684 8694.833
5912.768 8655.471
5455.737 8786.143
5472.620 9188.008
5710.556 9391.827
5542.160 9186.137
5770.853 9063.160
5693.296 8944.055
5117.765 9035.241
5301.546 8903.064
5981.154 9116.692
5477.154 9252.714
5154.124 8987.978
5554.974 9390.621
5121.949 8655.209
5171.136 9377.346
5368.618 8723.740
5872.433 9128.215
5458.974 9356.336
5907.682 8720.570
5653.609 8958.324
5452.994 9217.803
5494.033 8948.501
5709.676 8919.964
5257.604 8867.308
5138.056 8970.671
5897.726 9129.076
5632.641 8976.559
5610.142 8724.934
5913.702 9196.008
5238.597 9200.147
5484.554 8590.137
5426.297 8589.833
5463.663 9103.135
5605.404 9037.148
5316.090 9128.754
5829.315 9217.752
5429.196 9335.657
5755.262 8902.296
5510.010 8855.690
5116.943 8696.081
5348.025 8855.918
5769.271 9143.917
5541.010 9092.095
5414.995 8911.172
5259.011 9252.390
5920.567 8714.112
5794.771 9237.613
5257.423 9427.488
5741.834 9189.024
5221.439 8999.715
5226.333 8625.014
4577.480 7812.042
3910.860 7857.057
3943.148 7305.691
4485.165 7746.879
4304.953 7262.018
4526.269 7232.580
4428.726 7478.792
4427.848 7620.728
3757.838 7235.609
4519.157 7824.074
4311.968 7047.594
3892.575 7159.163
4367.822 7498.920
4151.130 7317.168
4098.362 7383.961
4560.677 7188.875
4575.474 7384.680
3877.135 7790.766
4137.628 7708.460
4019.085 7767.031
3790.465 7025.774
4523.018 7173.275
4329.806 7253.662
3815.045 7703.150
3908.892 7211.956
4004.405 7019.698
4090.420 7015.738
4329.449 7329.606
3922.080 7057.687
3753.469 7839.874
3924.502 7427.644
3974.878 7378.543
4332.539 7023.108
4381.616 7465.752
3911.709 7214.400
3919.050 7268.066
3979.978 7335.190
3951.887 7415.605
3854.566 7846.309
3816.882 7701.896
4497.467 7146.744
4154.660 7850.845
3837.105 7666.716
4084.953 7074.284
4467.061 7679.739
4627.668 7228.501
4285.497 7493.506
4383.562 7083.862
4585.121 7254.410
3962.301 7162.550
4354.543 7522.101
4261.175 7861.150
3763.952 7626.204
4521.602 7088.363
4515.184 7333.368
4571.398 7216.126
4096.466 7451.305
4001.385 7292.975
4338.695 7034.493
4624.315 7658.754
4329.929 7189.629
3815.529 7863.656
4007.430 7820.401
4454.492 7480.536
4255.077 7483.939
4411.322 7509.264
3978.169 7322.133
4511.758 7665.583
3852.657 7468.206
4529.694 7000.441
4548.711 7454.468
3817.907 7432.046
3863.454 7829.724
4197.806 7554.654
3945.566 7755.928
4160.613 7701.698
4117.069 7765.338
4554.804 7313.705
3790.524 7345.448
3878.502 7722.971
4455.648 7247.845
4142.958 7438.450
4026.960 6982.489
3914.057 7404.768
3918.105 7017.217
4613.421 7309.471
4112.806 7208.144
4522.958 7209.886
4146.155 7364.316
4007.626 7519.311
4314.396 7588.663
4261.388 7148.148
4020.887 7736.618
4613.685 7107.268
4533.959 7551.820
4614.859 7360.705
4477.892 7746.858
4408.969 7648.020
4563.634 7110.723
3828.624 7426.242
4201.853 7061.288
4389.643 7860.974
4356.872 7520.914
3895.494 7812.803
4128.171 7528.148
3934.242 7105.693
4433.375 7491.866
4265.083 7827.005
4568.600 7749.005
3821.669 7697.612
4468.682 7744.017
3829.335 7496.394
4249.809 7779.087
3921.900 7076.334
3809.731 7505.539
4119.638 7260.589
4153.810 7670.434
3785.679 7818.064
4588.220 7225.139
4523.135 7779.911
4484.924 7616.072
4488.641 7131.024
4414.323 7699.067
4155.494 7036.313
4232.071 7432.666
3912.579 7397.193
4099.392 7091.457
3973.352 7618.545
4132.348 7169.869
4138.003 7017.817
3981.502 7064.594
3978.379 7341.108
3919.979 7202.189
4514.563 7790.303
3814.689 7551.522
3887.505 7383.106
4157.086 7550.909
3949.033 7717.006
3871.268 7448.530
4069.870 7225.514
4392.456 7270.200
4329.205 7394.845
4578.173 7767.547
3791.117 7807.256
4449.836 7134.329
4165.208 7731.913
4345.750 7841.846
4285.359 7374.014
4514.671 7681.342
4243.846 7352.131
3936.851 6985.174
3933.735 7667.596
4240.842 7810.003
3946.299 7712.384
4040.606 7688.399
4139.252 7810.146
4349.513 7512.854
4395.314 6988.826
4016.167 6994.696
4015.721 6995.400
3931.310 7692.527
3755.787 7014.876
4442.465 7806.100
4620.615 7575.912
4429.750 7201.437
4264.454 7121.129
4240.001 7515.905
4415.150 7664.358
4370.499 7145.616
3818.502 7835.052
4482.355 7466.805
3771.442 7077.684
4315.139 7690.703
3942.322 6979.342
4077.049 7079.167
4384.847 7808.872
4014.393 7277.060
3755.288 7133.918
3930.849 7233.288
4417.092 7021.805
3968.135 7442.210
4070.180 7101.982
4453.189 7824.426
3950.137 7556.046
4178.834 7360.823
4057.073 7283.253
4493.508 7483.970
4529.656 7212.469
4477.740 7201.890
4148.376 7120.816
4627.599 7681.143
3889.497 7584.728
4329.553 7320.617
4562.129 7287.323
4314.779 7459.659
4019.191 7517.561
3861.521 7813.339
4377.558 7475.883
4279.128 7282.499
4552.347 7496.619
4131.788 7830.676
4312.860 7209.005
4136.032 7221.579
3838.811 7186.209
4451.511 7578.486
4064.215 7754.617
4385.815 7256.720
4351.379 7526.783
3840.572 7211.766
3951.854 7340.086
3999.496 7578.019
3997.193 7733.819
4392.268 7474.138
4364.617 7657.487
3937.925 7238.612
3771.596 7613.417
3886.578 7493.623
4247.108 7725.347
3806.484 7731.216
3756.240 7174.805
4335.933 7830.200
3922.093 7499.917
3838.398 7276.552
4224.991 7292.431
3937.916 7089.891
4569.063 7223.777
4199.570 7044.386
4076.293 7172.970
4189.769 7263.980
4367.586 7197.068
4188.089 7823.337
4324.983 7517.530
4153.039 7309.432
4389.808 7490.261
4234.464 7803.839
4504.212 7723.344
4313.816 7686.044
4629.716 7782.851
4123.311 7653.814
4357.410 7730.637
4318.445 7302.999
4469.373 7174.076
3822.206 7569.703
3861.557 7432.149
3906.447 7211.016
4183.858 7456.764
3765.468 7392.478
4630.607 7413.576
3835.839 7483.879
4296.102 7748.805
3804.097 7485.637
4254.470 7787.727
4586.585 7827.445
4367.179 7784.699
4500.004 7744.015
4273.235 7688.909
4565.863 7087.974
4114.807 7803.176
4019.022 7692.025
4195.737 7630.165
4418.065 7647.904
4382.805 7494.453
4453.055 7328.026
4189.678 7378.505
3905.686 7746.442
3769.735 7311.029
4249.894 7146.616
3991.083 7177.369
4044.270 7463.563
4014.201 7309.326
4597.738 7634.993
4561.225 7672.996
4450.270 7789.674
4269.292 7686.956
4315.773 7311.056
4327.795 7656.801
4442.077 7400.434
4025.345 7578.359
4610.284 7518.521
4560.388 7513.093
3939.427 7131.000
4112.077 7487.929
3926.657 7352.241
4423.002 7848.919
4554.452 7529.109
4195.814 7409.523
4168.769 7200.967
3954.928 7777.565
3968.260 7282.390
3916.073 7034.618
3962.323 7001.453
4226.918 7184.180
4254.765 7001.290
4318.194 7305.575
4155.234 7485.915
4219.498 7449.187
4487.019 7562.177
4466.922 7821.612
3821.559 7264.687
3962.303 7223.256
3801.224 7657.944
4131.799 7663.361
4416.827 7658.435
4642.000 7445.977
4261.898 6984.810
4547.975 7842.691
4148.428 7199.012
4500.911 7289.869
4027.396 7232.337
4286.579 7734.949
4641.807 7829.803
3948.708 7551.040
4569.920 7866.312
3786.383 7744.712
4325.615 7733.891
4371.366 7590.372
4095.053 7357.056
4571.045 7403.557
4619.551 7546.105
4106.038 7242.686
4463.557 7474.262
4171.613 7100.067
3830.983 7787.863
3899.661 7065.878
4325.099 7741.095
4093.184 7506.468
4199.445 7432.562
4237.234 7687.614
3825.379 7413.553
4062.094 6974.810
4056.328 7747.483
4425.531 7854.104
4320.871 7456.569
4193.710 7361.890
4481.813 6982.253
4491.564 7573.980
3909.568 7818.255
3818.285 7503.887
4173.322 7283.582
4328.759 7804.346
4467.012 7141.018
4621.422 7332.822
4229.000 7187.228
3766.228 7608.902
3913.400 7610.781
4414.645 7683.528
4274.788 7238.043
3822.815 7866.075
3820.975 7358.739
4061.990 7850.219
4270.787 7526.606
4622.972 7061.372
4587.001 7142.011
4121.247 7716.236
4444.700 7780.898
4029.285 7330.452
3859.876 7185.859
4167.980 7008.048
4320.227 7350.265
4344.372 7390.275
4491.316 7798.991
4078.624 7793.842
4055.002 7288.391
4361.907 7642.126
3866.614 7114.142
3757.367 7669.894
3880.121 7775.416
4348.950 7632.552
3873.745 7503.961
4431.725 7584.505
4584.003 7386.348
3961.777 7056.653
3826.009 7195.770
4220.311 7094.580
4154.074 7283.325
4409.231 7088.059
4577.177 7335.430
4507.635 7437.820
4525.940 7572.239
4238.311 7738.843
4368.507 7734.556
4018.583 7386.726
4528.385 7272.672
4117.090 7296.473
3930.084 7297.155
4523.200 7065.963
4170.196 7642.786
4415.369 7162.975
4212.877 7222.402
4274.034 7387.379
3791.755 7630.386
4263.570 7825.602
3826.718 7671.760
4296.490 7635.291
4563.677 7515.992
4293.835 7109.198
4361.938 7395.820
4078.057 7593.108
3939.023 7758.084
4049.853 7451.921
3987.165 6995.467
4213.879 7219.182
4163.620 7771.041
4045.946 7827.451
3767.819 7669.051
4223.679 7329.495
4162.063 7558.048
4517.985 7701.082
4610.165 7626.317
4343.546 7628.271
3812.210 7329.587
4442.137 6997.340
4024.136 7560.264
4169.339 7818.495
4417.278 7402.895
3829.443 7434.508
4044.436 7423.008
3864.505 7279.318
4453.142 7510.811
4389.967 7382.048
4331.696 7074.145
4578.009 7413.303
3948.569 7232.947
4264.586 7551.901
4227.389 7471.719
4581.148 7240.103
4316.671 7457.013
4441.981 7355.534
4085.678 7528.685
3757.862 7292.419
3856.440 7011.017
4204.261 6995.894
3878.850 7505.121
4294.455 7751.724
4022.261 7822.710
4511.142 7652.271
4096.769 7309.000
4452.027 7442.804
4051.236 7512.188
4592.577 7587.194
4454.732 7082.902
4161.543 7102.131
4085.467 7042.259
4548.612 7784.660
4390.068 7742.019
4425.439 7801.734
3854.991 7739.588
3952.333 6996.296
3826.338 7588.895
3829.375 7848.165
4225.180 7824.765
4523.564 7671.372
4166.804 7659.972
4473.557 7054.244
4022.033 7067.358
4280.519 7110.044
3835.901 7242.989
3803.147 7232.796
3834.853 7403.578
3771.768 7687.273
3921.765 7323.735
4023.019 7605.535
3826.945 7463.546
4231.692 7616.535
4074.165 7161.163
3781.269 6989.907
4583.220 7216.110
4627.152 7105.365
3878.111 7106.898
3869.262 7764.754
4630.352 7235.986
4201.541 7028.654
3851.569 7407.484
4556.070 7612.105
4190.892 7056.533
4427.708 7431.954
4023.687 7449.450
3851.166 7730.557
4524.372 7800.749
4600.693 7416.842
3998.708 7814.566
4024.926 7292.378
3831.788 7604.974
3768.708 7487.465
4471.242 7144.431
3969.047 7643.751
4633.305 7619.247
4386.813 7408.485
3910.646 7239.443
4468.279 7782.303
3811.386 7297.929
4083.318 7322.806
4610.568 7405.095
4357.711 7203.751
3996.962 7088.183
4266.732 7678.142
4435.719 7080.920
3788.777 7833.210
3993.020 7380.640
3957.495 7219.271
4127.101 7164.497
4369.264 7662.034
4450.287 7737.389
4359.067 7150.847
4505.339 7394.455
4161.816 7805.092
4170.479 7425.860
4293.390 7803.418
4554.519 7825.029
3891.959 7124.258
4379.359 7771.246
3990.684 7557.576
4626.560 7675.791
3985.044 7197.231
3899.062 7638.563
4001.178 7514.493
4349.091 7199.577
4619.973 7129.020
3856.358 7214.567
4514.162 7562.337
4637.015 7208.990
4145.611 7243.877
4620.719 7350.660
4372.771 7089.281
4191.598 7329.176
3794.852 7180.181
3852.576 7049.812
4438.442 7386.400
4045.725 6977.863
4171.816 7130.556
3814.831 7829.267
4462.485 7092.961
4227.358 7846.295
4220.451 7525.002
3911.935 7601.873
4155.321 7462.415
4401.655 7338.499
4226.698 7475.726
4262.711 7334.453
4240.008 7341.067
3933.878 7813.867
3897.601 7239.137
4152.716 7057.778
4614.606 7007.218
4170.276 7630.026
3893.977 7396.344
4194.384 7597.573
4054.311 7229.163
4620.710 7099.234
3945.815 7691.871
4239.438 7442.059
3884.507 7117.403
4547.128 7534.141
4355.197 7196.815
4412.638 7069.943
3773.527 7126.685
3804.951 7625.113
4296.470 7554.940
4392.177 7630.745
4618.557 7668.964
3899.419 6987.887
3988.438 7326.110
4269.000 7819.642
3991.812 7022.173
4103.944 7122.042
3961.374 7339.394
4313.102 7000.783
4499.430 7395.896
3841.769 7084.672
4616.329 7021.785
4222.751 7117.166
4022.270 7662.720
4068.470 7700.610
4595.635 7586.691
3854.956 7724.695
4490.441 7264.757
4621.451 7401.128
4201.334 7054.376
4495.653 7709.470
3841.152 7102.740
4621.376 7383.580
4309.871 7228.037
3895.835 7199.135
4540.792 7319.360
3930.724 7385.518
3910.342 7721.127
4360.583 7137.699
4591.949 7101.339
4452.391 7825.054
4468.020 6993.102
4472.955 7689.260
4199.314 7332.520
4177.715 7081.880
4554.156 7070.612
4524.832 7009.114
3981.571 7288.838
4069.677 7454.353
4541.527 7740.144
3977.024 7522.069
4256.817 7446.252
3851.658 7150.240
3939.946 7492.179
4253.489 7604.412
3764.439 7183.597
3844.995 7740.163
3790.481 7791.907
4453.537 6994.602
3922.695 7351.769
3931.666 7341.620
3972.353 7127.855
3835.417 7735.079
4141.615 7660.584
4494.216 7857.123
3852.209 7434.514
4546.619 7780.302
3962.266 7041.278
4348.990 7812.210
4579.206 7690.621
4428.026 7390.762
4602.003 7784.987
3952.389 7677.240
3911.282 7347.388
4076.445 6974.800
4538.517 7557.181
4132.333 7866.266
4616.649 7028.533
4103.949 7236.670
3833.078 7347.414
4138.612 7124.350
3839.930 7082.723
4643.851 7714.964
3800.050 7724.095
4083.922 7031.361
3872.374 7622.461
3763.403 7406.844
4441.087 7730.205
4422.202 7185.812
4630.126 7599.332
4215.973 7745.316
4078.254 7540.199
4323.913 7645.839
3925.224 7774.315
4406.688 7333.805
4280.561 7039.950
4347.588 7767.818
4116.398 7012.350
4247.111 7157.684
4491.922 7072.683
3873.371 7754.459
4607.159 7555.878
4360.593 7743.765
4288.679 7372.153
3824.298 7067.638
3961.879 7422.406
4452.591 7318.409
4147.502 7775.716
4324.296 7363.885
4326.205 7375.673
4306.856 7753.057
4039.493 7813.023
4476.881 7734.980
4108.688 7399.868
3989.229 7166.665
4101.549 7267.738
4077.331 7379.899
4589.016 7093.894
4261.547 7556.279
4614.886 7162.721
4537.351 7380.746
4644.183 7673.960
4571.798 7597.901
4367.911 7076.916
4583.384 7235.312
4039.681 7656.156
4220.549 7003.550
3937.168 7150.139
4487.710 7527.403
4643.185 7863.394
4575.519 7400.664
4227.298 7695.931
4645.677 7771.482
3893.617 7009.255
4000.455 7407.753
4469.161 7303.411
3958.445 7221.899
3946.824 7673.682
4440.500 7569.258
4173.702 7090.400
3909.742 7735.634
3753.405 7728.003
4397.755 7329.268
3835.454 7489.219
4592.161 7806.857
4034.102 7244.601
4558.096 7680.483
4253.897 7683.097
4523.405 7660.721
4575.338 7530.686
3865.452 7216.834
4513.247 7655.966
4011.803 7588.355
3897.748 7825.049
4249.238 7503.755
4023.964 7576.916
4094.091 7347.524
3801.605 7738.952
4356.903 7263.073
4482.464 7128.052
4192.747 7048.461
4416.058 7671.816
4366.352 7753.326
4255.536 7787.728
4552.873 7232.513
3884.951 7623.677
4644.507 7162.188
3879.496 7655.123
4324.579 7248.506
4309.513 7155.698
4587.802 7425.485
4344.257 7819.101
3849.373 7302.938
3762.556 7753.658
4448.154 7738.356
4125.981 7770.090
4335.588 7171.554
4117.945 7724.415
4048.175 7565.677
4220.614 7707.958
3970.065 6979.022
4029.170 7202.097
4035.684 7147.808
4358.940 7465.740
3836.901 7026.220
4056.521 7118.893
4082.185 7100.805
4039.399 7845.149
3798.855 7447.471
4186.929 7547.223
4459.186 7864.273
3849.046 7487.331
3840.847 7565.618
4180.919 7233.809
4098.747 7379.977
3900.316 7843.627
3817.469 7214.336
3981.123 7227.723
3792.457 7787.298
4578.254 7809.224
3824.299 7121.327
4467.909 7469.072
4063.979 7013.904
4019.730 7717.486
4437.600 7286.933
4423.680 7639.818
4518.760 7789.569
3979.212 7771.744
3770.015 7827.650
4569.255 7492.705
4313.332 7822.958
3995.129 7742.378
4051.752 7070.053
3971.463 7348.003
4561.637 7581.970
4285.231 7837.699
3903.554 7026.530
4558.786 7833.786
4574.239 7624.168
4365.756 7844.286
3889.157 7757.415
3823.704 7581.775
4366.412 7696.195
4239.963 7481.772
4167.736 7478.155
4554.872 7613.566
4521.744 7106.669
4052.698 7187.268
3754.886 7463.353
3966.730 7360.061
4152.456 7779.489
3871.153 7308.450
4093.701 7135.032
3851.170 7036.698
3863.840 7113.535
4204.235 7548.211
4262.739 7560.036
4640.429 7323.758
3981.766 7579.937
4199.174 7527.701
3963.266 7307.201
4542.924 7666.060
3852.878 7113.441
4229.443 7832.729
4271.293 7656.159
3920.303 7501.039
3889.607 7521.236
3761.037 7421.277
4537.522 7273.386
3795.487 7148.808
4622.555 7472.765
4042.779 6987.742
3879.277 6976.015
3932.807 7681.821
4377.533 7132.094
3865.660 7034.288
4020.051 7205.277
4532.374 7555.330
4550.990 7025.236
4132.642 7718.507
3839.460 7531.319
4064.879 7331.814
4497.040 7470.488
3777.448 7084.779
3997.545 7013.755
4554.122 7013.975
4069.297 7469.916
4249.057 7218.867
4584.834 7014.884
4387.913 7794.804
3809.038 7753.606
4544.099 7424.561
4538.044 7493.984
4241.767 7227.259
4330.156 7278.264
3790.521 7689.104
4089.273 7676.098
3903.224 7165.170
4465.160 7392.277
3935.664 7532.829
4417.428 7345.763
4543.762 7852.146
4037.065 7740.430
3891.571 7309.995
4492.589 7340.869
4415.719 7048.382
4367.448 7122.632
4124.937 7123.310
3782.864 7655.666
4264.489 7656.410
3852.640 7285.423
4033.047 7777.427
3991.025 6984.622
4131.073 7546.751
4418.740 7317.552
4157.342 7115.230
4387.241 7023.111
3986.767 7186.539
4505.639 7800.642
3781.425 7767.326
3768.712 7466.160
3929.159 7272.631
4096.393 7029.722
4453.053 7409.444
4418.210 7675.135
4036.738 7217.432
4023.771 7768.377
4302.713 7177.250
4407.957 7377.710
3882.116 7620.908
3786.210 7517.061
3874.917 7228.815
4051.177 7505.125
4281.431 7727.016
4066.005 7255.126
4411.949 7348.909
4620.151 7782.912
4382.946 7123.013
4245.195 7211.732
3774.647 7466.057
4516.174 7786.060
3851.838 7477.398
4471.647 7747.269
3803.710 7597.339
4371.047 7623.112
4175.479 7008.429
3913.092 7310.111
4471.198 7623.347
4362.341 7864.610
4483.101 7295.197
3864.451 7252.463
4586.513 7240.126
4342.035 7474.215
4361.865 7101.473
3989.406 7251.804
4211.968 7734.891
4233.856 7212.976
4161.002 7596.244
3812.768 7471.923
3808.399 7070.334
4100.064 6985.211
3765.341 7208.313
4428.010 7762.677
4020.106 7233.332
4215.388 7807.335
4552.786 7191.641
4378.085 7129.634
4484.124 7525.590
4485.089 7539.468
3891.450 7138.101
4380.509 7614.612
3852.495 7325.249
4342.483 7151.712
4491.892 7418.681
3754.486 7768.818
4080.448 7007.501
4484.969 7140.981
4150.995 7494.983
4613.488 7092.953
4642.348 7600.446
3996.757 7778.174
4183.283 7793.417
4194.528 7811.631
3807.359 7786.602
3989.977 7787.532
4116.515 7679.119
3895.938 6989.302
4293.387 7660.878
4082.185 7714.493
4514.236 7029.224
4564.908 7251.391
4441.916 7581.187
4179.629 7789.488
4466.386 7184.590
3922.473 7279.558
3765.396 7811.832
4289.495 7588.041
4030.936 7142.779
4225.878 7159.989
4447.439 7184.536
3979.245 7535.376
4000.780 7729.730
3936.624 7436.282
4245.323 7764.202
4369.670 7474.510
4362.004 7775.257
3976.262 7422.814
4636.738 7366.810
4033.506 7256.836
4489.613 7821.673
4203.777 7159.312
3791.758 7419.324
3918.996 7496.477
4508.088 7653.928
4171.234 7295.050
4011.201 7281.705
4122.988 7059.710
4230.798 7084.558
4540.634 7561.978
4129.500 7828.801
4148.234 7815.445
4499.443 7618.443
4354.070 7072.609
4336.801 7312.152
4470.547 7518.982
4090.662 7016.144
4115.680 7834.284
4128.854 7126.179
4264.828 7616.032
4052.213 7736.891
4637.679 7258.925
3773.819 7613.889
3870.382 7821.280
4089.751 7622.691
4085.590 7113.413
4150.640 7454.878
3985.866 7281.331
4552.669 7568.556
4125.501 7162.120
4006.723 7821.191
4437.889 7287.524
4477.540 7335.187
4426.651 7368.337
4620.033 7293.102
4435.398 7850.833
4494.146 7474.878
4047.550 7195.396
4108.008 7866.407
4075.508 7347.275
4157.750 7791.168
4072.063 7835.520
4279.943 7858.294
4068.155 7006.196
4611.079 7640.639
4255.021 7681.618
4535.465 7332.766
3827.703 7457.811
4295.053 7395.883
4028.211 7023.016
4611.527 7167.786
4063.034 7443.814
3766.832 7230.787
3942.356 6999.008
4381.076 7310.586
4015.994 7095.149
4199.437 7474.432
4213.364 7445.700
4441.913 7105.009
4612.985 7078.586
4490.133 7633.230
4215.242 7544.381
3987.017 7119.220
3825.712 7090.250
4075.462 7707.184
4393.600 7475.322
4463.444 7051.153
3978.235 7534.754
4643.061 7011.819
4079.062 7233.431
4070.545 7649.702
3816.387 7444.160
4480.606 7117.870
4239.465 7006.697
4348.581 7699.687
4607.448 7807.993
4195.303 7788.430
3960.978 7047.830
4625.084 7320.300
4327.618 7311.588
4343.010 7052.357
4612.603 7211.381
4054.475 7653.174
4263.372 7532.251
4161.799 7795.427
4136.128 7102.326
4272.506 7620.474
4461.172 6975.725
4400.027 7731.656
4182.565 7862.428
4584.824 7730.724
4055.656 7313.666
3981.564 7686.094
4309.048 7218.452
3804.564 7242.758
4079.252 7415.421
4577.602 7024.716
3941.445 7180.035
4549.500 7499.913
4257.087 7500.846
4271.923 7716.302
3832.124 7827.450
3995.312 7666.116
4326.889 7113.836
4387.948 7421.603
4243.363 7667.498
4417.265 7112.674
3904.453 7535.323
3946.872 7352.298
4398.976 7650.751
3967.421 7581.611
4584.613 7147.935
3910.458 7054.524
4514.813 7502.050
3994.331 7849.700
4401.121 7859.178
4337.288 7673.864
4229.074 7248.573
4045.465 7386.125
4546.211 7019.259
4618.850 7503.001
4019.888 7745.165
4300.848 7772.385
4217.805 7255.664
3981.843 7139.770
4514.837 6997.654
4194.700 7281.093
3979.828 7442.806
3814.316 7562.514
3793.137 7396.526
4333.202 7112.532
4151.813 7173.495
4609.899 7746.389
4566.985 7381.817
4205.443 7241.836
4215.684 7741.580
3945.880 7866.887
4481.240 7696.245
4125.947 7865.495
3903.088 7118.236
4315.046 7769.211
4128.310 7436.513
3982.229 7148.490
4386.991 7800.090
4047.271 7209.483
4512.579 7731.965
3872.854 7196.801
4623.286 7655.293
4520.323 7613.401
4468.128 7537.849
3759.214 7172.444
4551.510 6976.930
4314.192 7163.170
4099.068 7078.185
4214.207 7545.106
4465.835 7579.847
4596.339 7004.370
4305.372 7601.609
4476.085 7569.022
4014.674 7843.534
4121.373 7092.191
4257.261 7302.435
3813.291 7383.240
3959.939 7389.036
3975.034 7441.026
4232.227 7089.931
4298.645 7055.759
3892.896 7028.100
3790.880 7571.544
4145.164 7853.486
4572.468 7558.449
4353.423 7160.145
4327.313 7862.532
3931.866 7521.376
4063.333 7301.065
4546.212 7291.728
4167.195 7235.520
3968.598 7149.159
3814.103 7787.621
3882.532 6987.544
4201.534 7185.757
4039.942 7121.063
3802.762 7490.770
4391.288 7306.745
3995.401 7193.938
3888.800 7036.349
4486.928 7072.984
3818.589 7309.904
4317.250 7499.399
3958.472 7763.256
4199.967 7109.505
4134.252 7363.509
4048.584 7141.505
4156.341 7758.748
4313.397 7336.922
3910.924 7601.282
4181.369 7056.742
4022.271 7663.527
4025.645 7711.534
4077.201 7047.526
3982.928 7236.798
3963.950 7104.630
4583.040 7166.431
3854.618 7619.337
4502.203 7017.695
4494.622 7210.456
4453.603 7258.507
4238.773 7033.590
4289.590 7609.047
4070.939 7137.231
3985.066 7381.415
4140.359 7073.123
4086.644 7560.838
3885.154 7661.276
3934.701 7655.564
4636.000 7697.928
4398.097 7199.698
4088.151 7530.963
4107.379 7181.806
3839.420 7752.527
4586.065 7391.214
4262.032 7497.455
4475.053 7119.306
4549.975 7629.136
4258.333 7860.178
4017.394 7680.897
3857.945 7742.202
4329.048 7207.376
4571.848 7351.752
3759.734 7563.590
4457.812 7312.218
4309.271 7125.771
4461.604 7296.245
3992.503 7316.428
4141.090 7387.463
4522.550 7406.516
3835.383 7215.341
4435.833 7338.451
4560.373 7098.207
4407.331 7379.380
4206.327 7331.491
4416.611 7010.424
4300.441 7429.789
4332.714 7310.459
4391.877 7592.170
4411.175 7201.621
4385.549 7277.570
4335.583 7461.745
4319.585 7264.225
4431.160 7660.113
4488.176 7586.365
4153.056 7411.328
4466.258 7011.557
3931.273 7666.370
4415.113 7230.224
4457.754 7350.974
4487.860 7085.457
4485.914 7628.075
4214.027 7327.734
4545.109 7513.231
4435.800 7363.305
4145.214 7831.306
4432.669 7694.586
3934.405 7224.511
4078.084 7010.349
3769.180 7768.106
4233.960 7030.814
4105.825 7620.101
3793.667 7682.752
4110.219 7694.971
4019.561 7548.971
4490.035 6985.314
4036.426 7080.490
3758.433 7835.812
4528.880 7512.261
4336.623 7149.444
4114.398 7387.993
4491.242 7697.665
4287.031 7015.919
4139.834 7361.200
4561.681 7522.774
4444.886 7664.789
4459.354 7249.134
3793.561 7713.135
4237.941 7316.471
4406.866 7508.048
4402.399 7750.752
4157.805 6990.167
4600.052 7327.265
4359.529 7480.255
4127.058 7658.828
4630.644 7178.057
4375.115 7129.237
3880.596 7721.986
4100.658 7345.833
4253.050 7626.266
4431.488 7661.374
4297.516 7605.002
4369.359 7435.992
4007.618 7343.760
4077.551 7468.861
4623.562 7030.259
4616.082 7109.756
3768.644 7731.521
4432.587 7437.151
4218.042 7149.188
3965.628 7236.971
4583.753 7125.764
4276.940 7806.024
4085.745 7690.259
4409.774 7345.220
4123.624 7071.047
4487.593 7845.156
4424.551 7430.911
4495.749 7633.972
3890.265 7831.080
3927.346 7516.884
4437.618 7244.588
3765.349 7078.543
4170.398 7523.413
3927.522 7141.645
4459.760 7656.701
4371.486 7657.024
4582.703 7849.736
3885.653 7741.666
4520.519 7531.344
4218.151 7697.985
4318.930 7195.286
4163.325 7397.134
4211.489 7392.569
3981.645 7848.558
4464.605 7236.281
4576.803 7163.955
4472.906 7209.407
3814.153 7118.811
4285.949 7464.898
3831.902 7252.804
4593.551 7584.714
3802.068 7356.523
4442.856 7574.544
4372.838 7588.078
4153.784 7124.629
4068.374 7504.568
4436.995 7038.096
3919.234 7135.559
4335.314 7533.457
4421.115 7079.688
4237.461 7037.297
3762.404 7157.005
4169.361 7813.821
4607.675 7717.060
4600.676 7318.147
4174.864 7646.598
4343.425 7486.625
4042.630 7576.497
4374.440 7122.494
3841.577 7840.161
4492.375 7423.621
3898.582 7497.617
4259.221 7836.313
4300.129 6976.692
4213.238 7352.103
4138.919 7743.294
4492.131 7607.660
4069.523 7741.721
4525.381 7124.726
3973.459 7687.158
4514.422 7470.886
4438.381 7707.443
3846.102 7652.984
4309.076 7851.899
4072.164 7854.025
3779.186 7571.681
4110.469 7793.105
4488.319 7523.496
4270.500 7457.470
4421.072 7249.724
3898.115 7047.155
4253.545 7696.180
4262.574 7588.713
4441.628 7812.358
3810.266 7451.795
4474.801 7438.602
4287.652 7757.741
4165.055 7028.539
4006.496 7735.470
4277.897 7183.702
4069.771 7595.676
4513.340 7586.582
4021.020 7245.894
3975.587 7316.591
4616.568 7779.614
4195.915 7064.199
4556.991 7433.130
3869.364 7090.224
3948.241 7709.429
3887.910 7332.701
4103.389 7537.480
4556.499 7153.746
3774.917 7186.448
4170.154 6989.197
4469.750 7418.783
3959.004 7727.208
3940.183 7605.317
3980.920 7179.877
4106.071 7420.338
4431.499 7496.719
3870.180 7848.118
4580.426 7066.239
4004.930 7678.926
4170.396 7202.161
3962.796 7853.587
4208.354 7638.213
4097.095 7476.687
4315.668 7232.450
4129.828 7027.546
4189.875 7786.251
4629.076 7538.141
3791.056 7270.614
4296.654 7837.629
3964.917 7620.616
4332.250 7528.666
4122.274 7555.453
4480.734 7739.841
4122.423 7616.830
4448.075 7342.990
4151.238 7336.009
4385.088 7176.447
3919.202 7850.701
4565.001 7752.305
4563.384 7815.206
4642.714 7657.488
4324.717 7444.443
4239.388 7441.445
3964.586 7476.179
4279.661 7108.736
3887.499 7858.242
4352.165 7306.020
4267.366 7744.192
3824.155 7840.817
3903.202 7458.884
4526.707 7213.793
4080.352 7120.770
4628.233 7273.392
4192.040 7576.165
4439.929 7690.119
3953.228 7576.052
4118.519 7818.743
4265.809 7478.961
4590.411 7045.985
4250.915 7068.582
4575.651 7223.154
3950.643 7617.356
4537.741 7259.916
3876.400 7168.503
4163.852 7792.158
4161.114 7357.691
3978.013 7348.452
4011.287 7075.557
4027.983 7666.195
4372.267 7195.203
4590.826 7596.268
4173.704 7708.648
4355.348 7757.611
4126.790 7232.840
4067.651 7054.829
4317.192 7183.498
4238.100 7414.340
4613.061 7486.674
4016.756 7174.047
4524.159 7593.242
4446.715 7366.545
4462.000 7430.092
4055.165 7367.802
4603.743 7689.562
3774.199 7441.771
4185.027 7509.576
3791.258 7087.873
4149.290 7341.086
4610.377 7827.892
3852.406 7059.084
3899.246 7838.264
4500.080 7790.754
4181.944 7625.633
4334.590 7266.646
4474.551 7808.676
4209.523 7724.810
3849.788 7309.306
4078.697 7124.612
4050.020 7646.523
3986.533 7601.359
4545.304 7586.218
4601.389 7743.865
3796.858 7598.586
4270.633 7083.184
4221.713 7280.069
4342.015 7241.999
4101.980 7318.390
4227.751 7606.300
4095.525 7335.648
4533.007 7359.074
3884.694 7083.182
4505.730 7668.193
3878.043 7133.236
4387.056 7346.073
3941.367 7549.951
3814.440 7606.949
4253.213 7039.946
4302.080 7046.420
4148.535 7243.640
4188.614 7310.858
4198.308 7866.266
3924.059 7108.591
4263.038 7524.208
4122.266 7207.133
4362.842 7153.571
4442.000 7087.234
4426.937 7501.068
4210.382 7510.479
4513.296 7805.498
4257.382 7353.541
4095.452 7177.877
4111.018 7742.274
3889.986 7154.613
4037.424 7856.426
4080.855 7765.950
4305.730 7277.304
3949.344 7362.473
4162.643 7009.498
4295.230 7493.014
4320.927 7312.849
4222.901 7449.619
3837.045 7397.773
4607.296 7086.863
4117.098 7214.758
3976.852 7745.866
4567.678 7543.657
4316.674 7580.386
4466.532 7186.370
3762.013 7462.101
4586.527 7356.154
3835.579 7471.853
4183.083 7276.460
4045.884 7089.724
4204.366 7422.926
4202.422 7000.804
4268.305 7027.532
4414.483 7241.717
4634.585 7429.700
4590.484 7239.561
4038.472 7071.100
4468.187 7415.944
4479.499 7506.484
4413.096 7023.001
4129.681 7441.456
4159.715 7098.992
4223.532 7734.887
3788.657 7837.357
4149.050 7287.350
4559.616 7311.984
4519.850 7012.062
4093.269 7738.858
4463.200 7033.386
4012.912 7731.209
4103.613 7736.472
4016.048 7198.341
4541.771 7282.404
4589.114 7372.465
4565.752 7641.951
4525.751 7536.759
4105.837 7245.841
3756.324 7856.053
4244.634 7266.043
4508.802 7148.132
3957.659 7003.112
3827.753 7776.865
4233.607 7450.015
3896.235 7303.805
4537.256 7418.640
4503.943 7393.199
3792.544 7756.441
4553.711 7672.225
4188.678 7846.206
3832.634 7316.514
4502.326 7047.177
3828.014 7391.998
4337.553 7717.093
4104.011 7640.161
4348.504 7820.063
4508.508 7004.295
4237.760 7542.072
4030.991 7357.560
4001.835 7089.562
4048.629 7435.931
4100.347 7222.938
4187.014 7659.357
4588.861 7717.593
4620.726 7344.533
4531.258 7769.527
3848.592 7326.624
4353.560 7405.479
4632.873 7406.738
3757.420 7115.547
3853.836 7268.434
4422.059 7720.450
4550.113 7303.987
4518.390 6999.805
4070.866 7421.002
4400.288 7037.007
4605.784 7760.564
3781.465 7338.895
4424.632 7646.586
4133.180 7679.689
3892.623 7782.898
3832.752 7585.678
4610.520 7416.926
4034.488 7019.404
4201.140 7313.540
4148.749 7652.190
4066.242 7841.137
3977.999 7792.589
3785.129 7118.739
4309.558 7229.975
4336.216 7557.651
4221.041 7546.248
4264.408 7537.546
3791.907 7255.690
4201.375 7531.441
3924.741 7722.192
4176.424 7801.733
4313.585 7617.258
3979.048 7698.541
3879.642 7231.963
4465.839 7465.151
3992.179 7371.628
4114.827 7312.794
3952.541 7311.065
4150.883 7350.031
4487.814 7334.056
4516.419 7611.340
3809.219 7504.702
3849.182 7626.439
4155.555 7796.541
4309.993 7752.712
4558.303 7030.646
4451.542 7557.681
3920.086 7105.064
3918.687 6986.719
4300.323 7298.412
4045.552 7772.980
3974.827 7838.360
3963.161 7323.488
4014.985 7100.175
4193.133 7313.763
4380.883 7433.726
3996.070 7401.824
4641.465 6993.018
3986.142 7180.405
3844.946 7424.960
4499.208 7065.546
4268.207 7397.525
4568.689 7544.669
4257.450 7233.719
3979.786 7037.837
3763.982 7532.730
4488.601 7254.424
3975.745 7864.773
4337.120 7060.529
4247.746 7551.099
3784.601 7571.542
4233.006 7799.197
4269.752 7270.239
4614.492 7633.306
4055.938 7672.650
4071.235 7639.850
4620.860 7606.256
4590.615 7394.065
4002.357 7039.625
4544.812 7414.803
4066.824 7848.734
3839.648 7287.025
4594.906 7050.991
4385.343 7857.063
4007.676 7340.631
4302.040 7748.720
4481.578 7252.024
4412.737 7005.727
4591.685 7607.156
4248.481 7741.630
4136.799 7730.365
4469.460 7523.137
4074.825 7004.155
4615.435 7412.602
4620.092 7433.041
4109.299 7357.989
4210.340 7559.981
4218.137 7527.286
3960.814 7481.938
3816.746 7714.410
4438.991 7613.734
4464.517 7747.213
4165.487 7567.957
4000.267 7801.001
4512.906 7354.099
4304.844 7290.113
3969.685 7458.272
4046.060 7433.857
4125.891 7481.232
4510.769 7678.880
4087.543 7698.755
4196.704 7019.560
4243.287 7438.957
4548.105 7249.794
4513.672 7735.172
3776.135 7339.480
4239.421 7689.334
4124.808 7248.912
4048.662 7848.099
4382.263 7361.649
3828.187 7679.406
3937.988 7130.349
3975.607 7181.467
4450.082 7120.995
4559.249 7038.919
4274.189 6999.197
3770.127 6999.627
4229.100 7657.197
4433.328 7741.832
3804.640 7830.910
4054.372 7461.019
3902.184 7561.035
3978.662 7136.513
3840.555 7146.702
4298.462 7578.512
4413.765 7255.286
4330.354 7395.097
4148.242 7117.477
3927.451 7539.183
4382.049 7381.248
3937.331 7425.014
4059.306 7627.563
3928.183 7646.346
4486.133 7600.261
4360.126 7468.914
4300.505 7312.550
4458.681 7710.935
4453.287 7144.405
4238.424 7578.392
3939.446 7170.555
3932.309 7722.190
4170.555 7819.498
4331.456 7296.533
3866.211 7342.578
4104.699 7017.023
4317.180 7793.867
3781.032 7127.634
4457.225 7416.063
4435.757 7563.567
4176.451 7644.621
3869.324 7695.656
4463.301 7249.769
4341.924 7059.580
4276.337 7568.028
4553.508 7334.338
4152.077 7083.986
4627.398 6983.778
4285.539 7575.761
4053.493 7732.489
3875.062 7414.975
3794.432 7619.094
4337.564 7754.489
4576.267 7358.494
3982.629 7759.104
4609.156 7032.050
4378.725 7284.288
4541.786 7164.227
3844.997 7473.958
4201.284 7129.114
4280.901 7410.001
4270.287 7846.980
4589.389 7366.104
3783.894 7097.888
4525.154 7347.455
4562.784 7229.783
4529.888 7275.228
4157.904 7060.952
4150.092 7045.231
4558.113 7718.297
3920.470 7728.002
4050.325 7350.777
3987.570 7196.551
4380.121 7436.295
4580.848 7089.429
4617.378 7775.696
4211.699 7735.398
4138.429 7815.193
4197.556 7272.642
4126.031 7713.987
3842.705 7208.289
4504.842 7248.224
3813.335 7579.081
3851.417 7768.387
4060.476 7137.217
4509.881 7045.974
4250.040 7073.190
4198.470 7725.188
4469.348 7345.995
4545.203 7719.233
3925.049 7216.475
4228.136 7063.881
3969.101 7515.704
4154.160 7154.544
4549.992 7398.213
3787.482 7738.627
4162.455 7847.112
3846.278 7776.275
4008.574 7851.820
4042.351 7198.846
4082.552 7750.701
3852.496 7508.584
3978.052 7579.374
4430.874 7615.136
4505.009 7012.136
4281.976 7463.974
4449.396 7805.130
4012.893 7719.514
4356.898 7618.154
4034.071 7352.308
4184.351 7722.530
4576.735 7641.433
4580.323 7375.787
4275.798 7257.350
4273.817 7011.821
4041.107 7047.531
4326.375 6974.807
4580.420 7299.898
4552.278 7124.531
3932.419 7382.411
4402.168 7322.073
4258.427 7534.637
3847.565 7022.090
3893.477 7816.184
4252.648 7078.215
3883.530 7137.799
4092.823 7613.252
3958.530 7252.805
4022.846 7523.909
4338.749 7503.957
4164.346 7378.983
4034.918 7201.552
3961.541 7023.219
4515.601 7689.891
3947.455 7501.323
4057.989 7307.761
4461.180 7580.702
3962.552 7561.470
4330.143 7496.530
3758.129 6987.603
3867.482 7255.013
4487.418 7722.591
4481.302 7265.881
4204.498 7448.723
3753.827 7824.236
4053.404 7532.491
3761.323 7548.360
3851.633 7009.921
3758.442 7680.375
3782.846 7000.616
4428.043 7004.221
3859.661 7334.596
4556.838 7123.117
3968.793 7459.119
3898.271 7393.896
3905.938 7377.986
4597.496 7542.653
4240.105 7484.020
4064.902 7330.927
4170.551 7392.766
4552.465 7204.348
3867.136 7337.820
4499.473 7440.589
4243.367 7048.762
4540.913 7045.976
3755.440 7254.996
4586.353 7580.778
4043.220 7079.432
4215.730 7387.713
3068.112 4931.998
3332.408 4871.569
2599.982 5420.863
3003.659 5228.404
2801.795 5621.349
3196.428 5021.688
2900.542 5163.138
3165.318 5023.545
3378.269 5176.395
2990.727 5543.412
3425.761 5237.029
3362.366 5092.945
2965.851 5420.394
3340.511 5125.978
3353.253 5194.914
2963.564 5230.757
3441.810 5109.411
2978.200 5197.729
3208.181 5365.894
2996.671 5635.110
3128.592 5606.122
2901.157 5045.818
2821.188 5493.481
2852.925 5415.659
2701.170 5320.183
3227.605 4999.131
2880.367 5087.818
2792.777 5532.987
3433.033 5042.043
2626.356 5100.855
2818.974 5607.954
2805.198 4854.642
3434.444 5178.933
2837.481 5305.816
2827.881 4935.974
2956.201 5223.812
3194.896 5371.512
2598.799 5290.815
2678.777 5574.260
2815.408 5521.758
2811.555 5290.139
2887.870 5092.145
2741.134 5103.295
2791.827 5051.329
3062.761 4858.782
2673.327 5574.397
2983.830 4810.225
3117.804 4957.979
2942.938 4976.925
3032.328 5451.969
3312.258 5516.945
2784.975 5360.764
2880.110 5430.205
3196.343 5673.001
2613.372 5006.482
2784.599 5488.317
3038.701 5478.153
3203.247 5439.157
3444.933 5636.148
3242.478 5037.376
3169.646 4909.637
3186.357 5531.037
3050.245 4861.937
2741.085 5536.368
2898.187 4877.625
2746.351 5276.394
3185.116 5041.830
3284.333 5255.952
3191.440 5268.260
3362.636 4871.253
2910.520 5658.225
3021.923 5089.019
3101.415 5349.106
3377.188 4844.450
3063.750 5291.547
3428.569 5187.904
3331.042 4886.497
3316.104 5387.204
2728.389 5449.849
2796.744 5684.448
3021.369 4999.169
2708.139 5140.254
2984.387 5475.373
3036.877 4835.713
2991.874 4876.016
2621.391 5006.049
3315.493 5053.288
3316.707 5630.186
2779.686 5051.697
2726.802 5648.320
3237.044 5283.230
3153.339 5517.977
2938.197 5435.558
3249.126 5013.999
2898.145 4976.634
3233.756 5490.372
3002.003 5677.121
3142.179 4960.559
2728.834 5008.177
2992.129 5685.600
3018.028 5102.945
3149.776 5500.251
2761.179 5144.418
3377.113 5635.600
2987.487 5280.548
2819.566 5190.918
2622.643 5379.371
3380.873 4910.300
3138.971 5178.786
3091.389 5661.709
2658.177 5376.734
2940.574 5334.205
2724.354 4981.135
3086.588 5284.836
3331.426 4820.413
3168.094 5613.163
3032.071 5404.858
2753.369 5355.967
3326.125 4946.269
3450.159 5652.049
2606.321 5678.548
2731.401 5394.580
2920.084 5395.499
2824.816 5403.244
3369.308 5385.911
3305.891 5112.845
3049.440 5489.461
2848.618 5493.000
2820.966 5296.292
3283.964 5395.967
2686.095 5344.685
2924.378 5168.773
2617.234 5426.840
3455.377 5536.291
2955.709 4836.979
2664.176 5437.435
3262.761 5554.716
2842.423 4842.215
3360.082 5241.822
2796.339 5316.234
3019.203 5681.397
2590.876 4987.965
3184.496 5692.531
3313.107 4870.120
2959.471 5104.624
3281.398 5268.802
3368.757 5077.420
2637.595 5371.932
2972.966 5612.497
3152.695 5364.526
3404.180 5433.096
2938.765 5467.304
3286.912 4897.616
2754.169 5466.481
2718.608 5105.601
2885.952 4905.468
3043.306 5118.493
2741.180 5582.100
2842.632 5425.326
3162.223 5524.715
2902.257 5383.183
2833.758 5214.533
2862.442 5022.937
2994.509 5014.556
2960.819 5449.625
3395.017 5643.622
3448.106 4988.036
2761.511 5024.926
2772.392 4974.889
3147.712 5493.792
3391.315 5176.243
3149.270 5408.743
2992.739 5034.362
2792.994 4814.390
3116.617 5147.313
3201.488 4967.218
2736.919 5023.860
2748.485 5261.601
3449.472 5560.084
2671.671 4947.686
3035.467 5558.085
2961.177 5538.430
2593.171 5066.691
3308.367 5401.285
3188.104 5296.264
3135.375 4999.795
3453.576 4903.152
3027.710 5590.125
3401.441 5346.689
3440.082 5093.025
2611.928 5566.906
2954.471 5158.062
3189.641 5267.976
2643.801 5492.891
3039.940 5186.167
2955.260 5514.716
2915.933 5381.883
2756.951 5047.449
3013.955 5419.725
3250.491 5434.362
3443.013 4945.172
3037.856 5353.211
2706.774 5250.058
2973.934 5633.359
3147.575 5445.706
3103.282 5133.934
3091.400 4979.524
2961.399 5043.599
3119.023 5596.174
2595.156 4833.263
2936.874 5511.870
3285.791 5501.197
3337.637 5568.869
3058.802 5156.364
2977.388 5408.953
3081.167 5004.993
2818.901 5386.848
3131.488 4919.469
3269.379 5266.321
2977.587 4871.336
2660.035 5342.048
2946.756 4952.328
2706.435 5415.000
2596.084 5088.782
3146.710 5243.431
3063.341 5149.674
2797.189 5105.973
3386.325 5047.730
3144.765 5584.326
2970.088 4998.241
3033.099 5444.715
3402.045 5441.857
3059.478 5120.056
3385.161 5396.522
2721.016 5484.731
2599.233 5444.142
3053.963 5365.856
2942.330 4839.619
2908.233 4837.422
2801.208 5124.483
2754.451 5095.072
3463.727 4880.970
3273.067 4971.502
2601.750 5608.357
2659.004 5081.675
2666.394 5554.516
3255.531 5635.456
3043.265 5426.160
3289.923 4846.122
2580.621 4829.357
3148.608 5307.674
2995.108 4881.754
3300.198 4831.819
3252.976 5023.001
2791.572 5390.635
3040.912 5247.855
3424.437 5090.318
2849.049 5240.200
3230.581 5224.508
2775.966 4894.855
2903.602 4850.335
3338.637 5126.163
2604.234 5534.797
2610.934 5626.441
2741.900 5359.691
2968.723 5157.346
3462.811 5094.239
3258.447 5544.024
3381.896 5102.272
3072.174 4959.208
2717.703 5194.232
2835.347 5229.040
2636.373 4977.958
2626.109 5243.624
2915.726 5133.033
2631.007 5231.130
3164.999 4820.690
2596.896 5035.464
3317.665 5242.261
3132.826 5305.628
2583.989 5454.132
3465.631 5378.264
2983.449 5409.410
3227.916 5451.762
2770.831 5361.672
2952.433 4925.443
2917.960 4916.320
3401.341 5127.470
3338.276 4812.738
3021.800 5152.750
3004.415 5121.766
3451.893 5530.459
3027.987 5122.914
3253.244 5491.917
2679.645 4808.192
3456.024 4975.971
2755.832 5557.604
3251.297 5485.708
2939.250 5456.759
2592.127 5517.164
3435.518 5694.100
3026.834 5506.734
3158.035 5273.043
3007.474 5009.503
2699.287 5144.396
3312.144 5269.525
3140.625 5293.222
3329.851 5467.973
2585.982 5091.555
2932.571 4846.284
2711.753 5436.074
3370.829 5274.764
2839.172 5278.068
3056.473 5440.324
2588.616 5029.482
3272.247 5360.495
3176.284 5322.198
2932.794 5695.626
2660.791 5007.540
3461.269 5648.592
2629.195 5367.048
3072.944 5196.038
2619.735 5678.525
3144.608 5131.220
3068.204 5653.033
3121.270 5616.209
2952.400 5095.953
3395.988 5320.741
2665.381 5695.169
3250.832 5459.057
3040.897 5328.677
3145.538 4908.955
3026.518 5094.531
2665.225 5094.260
3300.591 5116.266
3423.327 5115.989
3247.892 5610.636
2687.022 5214.658
2651.995 5285.355
3240.548 4871.812
2989.530 5399.798
3356.070 4951.654
3089.153 5097.782
2755.872 5277.675
3448.764 5197.297
2958.417 5470.875
2712.410 5182.445
3021.780 5490.828
2941.176 5046.791
2968.970 4994.434
3081.285 5367.819
3335.383 4983.687
3018.082 5542.666
2701.751 5684.562
3183.069 5209.832
3230.441 5431.160
3398.032 4962.445
2679.000 5087.517
2950.830 5453.556
3368.781 5451.752
2651.488 5168.791
2870.162 5109.942
3429.669 5125.656
3412.482 4822.115
3319.130 4829.970
2904.192 5162.924
3167.101 5663.678
3045.198 5479.058
3373.867 5260.344
3382.486 5644.603
2923.572 4804.494
3150.465 5557.838
2635.841 4909.618
3440.561 5167.531
3224.530 5502.095
3461.786 4840.684
3432.176 5261.427
2664.265 5437.745
3203.563 4885.884
2573.773 4949.051
2933.206 5052.827
3065.633 5071.115
2873.407 5196.957
3189.568 4869.726
2709.763 5535.803
2882.227 4822.537
3267.340 5136.643
2918.231 4892.201
3127.092 5649.973
2937.432 5649.486
3221.243 5105.090
2977.262 5625.606
2890.898 5070.912
3222.960 4832.059
3141.499 5334.259
3378.060 5144.148
3291.378 5503.179
3342.773 5269.320
2906.447 5626.495
2705.065 4875.988
2697.330 4890.993
3464.368 5151.890
3312.146 5528.394
3269.611 5543.105
2759.256 4982.197
3298.184 4986.702
3441.215 5573.843
3120.042 5124.536
2717.968 4850.659
3454.360 5205.729
2634.185 5106.231
3027.633 4825.098
3421.802 5388.302
3161.718 5368.124
2757.654 4964.780
3400.683 4856.447
3437.247 5459.621
2827.487 5044.079
3199.997 4846.159
3269.495 5212.735
3423.850 5016.929
2740.674 5095.668
2891.508 5330.026
2867.082 5165.548
3410.852 5103.245
3244.889 5530.720
2954.258 5151.449
2728.018 5126.231
3387.411 5219.921
2786.409 5541.804
3122.855 4816.560
3015.178 5676.021
2586.261 5450.035
2625.575 5601.177
3424.735 5030.746
2749.894 4951.533
3191.215 4935.611
3067.548 5413.310
3235.835 5420.685
3373.616 4823.075
3259.876 5150.114
3336.808 5430.242
3218.698 5111.251
3458.580 5318.097
2717.968 5691.248
3458.117 5434.215
3156.922 4807.727
2725.170 4858.953
3142.333 5643.531
2798.563 5335.489
2978.284 5624.781
3284.381 5368.538
2786.654 5132.686
2601.566 5146.133
2769.992 5077.911
2940.992 5111.209
2982.170 4866.651
3036.697 5301.482
3051.955 5371.689
3299.321 5299.060
2615.332 5323.016
3189.464 5090.404
3297.158 4992.000
3417.881 4958.357
3179.172 5647.815
3187.328 5016.394
3099.489 5285.735
3278.259 4979.470
2710.794 5198.635
3284.786 5263.386
2772.387 5001.571
3190.954 4858.689
2814.741 5095.240
3034.824 4958.539
2780.232 4845.639
2819.147 5003.872
2618.215 5289.091
3080.541 5627.626
3226.891 5092.975
2918.132 5147.289
2816.890 5567.883
3087.912 4924.810
2599.827 5349.505
2837.508 5565.264
2970.853 5446.438
3269.527 5168.293
3298.657 5495.391
2602.190 5443.793
3217.039 5609.681
2765.904 4940.913
3119.691 5094.317
2671.795 5010.078
2992.486 5514.105
2585.401 4924.924
2844.307 5115.908
2993.626 5023.551
2887.091 5452.627
3246.799 5136.059
3198.469 5480.641
2809.871 4963.712
3397.088 4890.618
3004.607 4894.469
2762.866 5369.664
3263.669 5076.697
2799.756 4889.260
2928.948 5012.962
3424.923 5172.356
2672.272 4847.334
3196.882 4987.237
2690.208 5519.171
3321.150 5334.539
3121.245 4972.194
3234.974 5551.047
2957.227 5010.135
2740.928 5342.563
3130.227 4822.383
2864.367 5025.808
2583.211 5622.251
3121.590 4866.393
2806.191 5116.522
3324.492 5560.656
2999.151 5314.366
3057.951 4947.856
3336.634 5162.985
2648.479 5032.072
3452.208 5634.680
3162.726 5330.871
3070.964 5682.924
3401.813 5625.082
2710.066 4875.793
2602.606 4986.191
2631.804 5502.469
2700.079 5417.436
3147.306 5328.516
2644.977 5476.763
2585.412 5539.062
2895.258 5237.849
2860.694 5037.905
2591.968 5668.811
2876.640 5456.119
2668.610 5091.864
3443.810 5126.248
2988.902 5494.295
2920.687 4892.309
2859.855 5320.137
2672.815 5522.552
3303.008 4985.408
2643.752 5321.094
3270.896 5535.801
2706.729 5436.736
3400.486 5035.097
3035.068 5399.155
3405.801 5201.138
3333.763 5331.227
3340.470 5187.198
3372.870 5673.214
3357.460 5641.031
3099.018 5264.061
2649.370 5575.212
3442.801 4974.697
3151.522 5001.539
3272.535 4854.885
2628.496 4981.650
3221.848 5027.284
2949.973 5032.993
2895.366 5565.625
3424.499 5618.274
2763.017 5088.264
2942.686 4988.134
2974.747 5208.729
2774.742 4884.592
3209.713 5518.236
2796.395 5421.741
2644.502 4838.694
3052.078 4862.508
2683.049 5696.086
2776.785 5466.282
2748.513 4857.270
3383.220 5226.338
3025.949 5005.671
3078.485 5011.955
3083.270 5653.419
3177.448 5654.319
3206.507 5007.529
3282.976 5206.195
3265.236 4856.511
2601.658 5600.279
2671.250 5676.197
3366.988 4882.165
2716.623 5305.073
3458.022 4837.876
2868.244 5538.848
2713.777 4953.263
3235.597 4884.159
3236.300 5617.219
3337.143 4855.589
3083.008 5037.749
2738.385 5689.753
2583.386 5402.566
3117.583 5515.477
2675.543 5628.464
2916.332 5310.874
3359.787 5251.395
3045.560 5021.092
3342.516 5557.710
3334.894 5680.835
3135.626 4883.756
2916.131 5359.617
2811.900 5541.076
2687.585 5411.552
3305.945 4837.003
3336.117 5616.377
3093.043 5494.837
2693.606 5403.821
2982.053 5590.071
3267.061 5118.968
2640.296 5239.208
3353.809 4931.977
2584.663 4893.676
2883.707 5205.335
2884.709 5483.144
2813.898 5132.706
3062.606 5082.675
3050.600 5326.044
2886.862 4836.383
3426.882 5520.665
3398.063 5551.797
3422.959 5207.140
3415.411 5598.860
3147.151 5295.690
3251.220 5544.539
2664.905 4848.841
3330.424 4975.971
2834.832 5486.498
2995.410 5153.132
2654.886 5187.499
2942.424 5142.320
2601.279 5486.799
3239.627 5670.022
2687.567 4888.504
3132.141 5203.688
2960.155 5127.903
3314.667 5420.290
3076.730 5507.230
2605.995 5282.491
2721.341 5595.836
3455.968 5657.396
3079.163 5648.282
3116.670 5437.380
2646.756 4935.990
2716.202 5404.222
3133.523 5657.652
3119.159 4982.688
2677.985 5261.541
2762.255 5614.629
2927.668 5039.497
3013.020 4806.740
2590.796 5057.337
2943.503 5063.645
2599.391 5053.477
2867.699 5694.339
2834.646 5659.906
2977.244 4947.472
2897.821 5546.261
2653.353 4961.538
3226.717 4920.508
2771.436 5220.621
2845.252 5203.174
2781.761 5130.348
2583.109 5044.417
2850.902 5088.216
3236.300 5277.345
2784.211 5682.864
3149.925 5113.146
3050.008 5289.401
2851.389 5104.152
3082.689 4897.926
2928.612 4922.354
3409.095 5339.501
2759.687 4962.761
2916.302 4875.403
3404.802 4974.433
3327.944 5010.835
2831.420 5340.619
3080.113 5551.949
3078.890 4992.298
3416.847 5445.945
2806.711 5176.231
3141.944 5135.795
3284.853 4826.434
2835.503 5065.293
2847.969 5310.868
3373.482 5004.934
2951.087 5184.050
3161.520 5371.804
2667.167 5116.271
2929.974 5302.386
2823.969 5060.386
2866.363 5049.131
3399.104 5616.889
2977.011 5151.957
3296.041 5342.147
2880.566 4850.450
3050.562 4917.355
3034.737 5255.528
3011.172 5566.136
3109.615 5520.681
2813.072 5594.737
3257.056 5591.919
2767.121 5336.223
2593.870 5022.193
3063.043 5332.874
3421.398 5606.919
2619.696 5348.068
3117.544 4943.401
2722.788 5485.564
2862.932 5005.058
2966.537 5481.290
2723.779 5449.082
3398.261 5444.362
2814.348 5288.850
3424.587 5327.088
3297.977 5169.867
3259.082 5552.106
3310.415 5309.431
3067.574 5154.132
2848.671 5135.522
3163.812 5342.432
3095.347 5293.535
2968.973 5403.865
3312.278 5605.242
3060.648 5036.249
3136.666 5534.329
3244.983 4884.647
2970.143 5261.048
3009.783 4916.521
3267.027 5556.745
3329.408 5635.986
3262.925 5372.666
2988.637 5290.739
2885.217 4934.051
3009.662 5079.742
3210.306 5064.232
2756.422 5582.512
3445.133 5596.090
3310.989 5032.135
3009.085 5001.285
3272.298 4873.633
3351.186 4808.752
3244.857 4924.475
2822.143 5517.075
3387.570 5088.805
2961.088 5204.121
3000.204 5506.539
2590.839 5441.719
2867.899 5606.528
3331.530 5404.524
3268.416 5212.657
3267.947 5162.201
2610.895 5659.979
3014.861 5076.399
2955.418 5416.615
2796.775 5011.030
3205.132 5673.855
3167.443 4855.139
3295.402 4819.562
2795.968 4963.759
2720.006 5291.304
2762.066 5345.300
2587.478 5509.864
3374.561 5330.255
3349.105 5295.511
3455.477 5669.837
3107.803 5645.387
2721.168 5265.577
3364.897 5179.870
3144.974 4877.880
3297.073 5305.317
2921.763 4961.835
2836.781 4847.676
2894.932 5008.309
2891.850 4842.305
2640.580 5246.744
3051.345 4959.244
2777.835 5102.661
3259.168 4870.893
3391.989 5140.028
3263.297 5154.470
3084.853 5096.113
2721.556 5094.986
3213.074 5635.842
3208.039 5615.788
2927.573 5619.189
3108.217 5453.538
3307.146 5185.663
2952.138 5099.040
2994.795 4958.924
3224.302 5349.564
2812.911 5131.766
3173.276 4906.960
3331.874 5647.373
2735.602 5030.672
3122.701 5512.617
2898.138 5154.165
2614.113 5348.699
3264.189 5361.850
2995.583 4822.621
3253.004 5399.390
2831.220 5259.022
3026.347 5467.354
2959.529 5628.543
2881.711 5473.468
2918.428 5513.942
3018.675 5265.967
3326.185 5179.072
3372.742 4905.481
3225.644 5330.599
3304.856 5243.755
3212.615 5092.910
2606.907 5690.156
3380.831 5317.983
3192.451 5407.352
2615.173 5503.221
2580.740 5657.639
3181.056 5517.374
2920.685 5164.320
3003.342 5268.536
2800.238 5367.245
2607.146 5174.351
2673.796 5283.232
3425.171 5004.038
2822.049 5545.507
2580.993 5252.535
2842.444 4918.075
2979.284 5424.231
3027.946 5035.485
2686.548 5497.746
2904.059 5346.471
3231.010 5194.533
2866.807 4814.224
3462.357 4930.301
2608.570 5318.084
2919.003 5292.227
2912.107 5346.988
2587.625 5540.530
3431.186 5537.387
2963.588 4847.129
3457.692 4869.043
3071.550 5246.566
3218.950 5379.481
3308.109 5082.443
3130.668 5613.967
2848.569 4864.260
3212.411 5480.042
2927.227 5031.443
3439.570 4952.817
2985.986 4933.270
3415.426 5139.175
2604.101 5246.811
2940.368 5448.584
2789.994 5558.319
2592.634 4846.103
3019.338 5379.920
2921.288 4875.089
2658.266 5288.384
3113.478 5352.986
3195.687 5047.645
2856.514 5637.823
2795.858 5309.918
3336.997 5204.748
2580.613 5317.811
2798.904 5463.484
3059.517 5078.653
2932.423 5390.764
2724.484 5384.078
2594.446 5632.877
3383.849 5671.514
3395.549 5469.611
3378.091 5404.581
3265.146 4969.585
3095.701 5141.164
2733.142 5537.897
2579.140 4816.757
2804.327 5408.201
2855.001 5263.285
2911.814 5666.347
2707.455 5284.202
3218.740 4929.342
3443.074 4817.963
3356.148 5203.354
3353.703 5604.027
2731.810 5457.754
3459.649 5068.767
3299.310 5168.487
3272.424 5405.380
2730.877 4867.853
3233.214 5015.145
2997.275 5419.259
3348.293 5126.876
3073.778 4852.238
3084.791 5341.672
3248.026 5004.244
2602.550 5463.728
2782.986 5355.980
2917.758 5619.495
3182.056 5647.169
2674.335 5015.115
2667.563 5410.906
2780.250 5122.555
3141.035 5497.660
3110.820 5530.418
2769.920 5345.126
3043.971 4857.334
3365.830 5108.561
3409.607 5400.597
3333.166 5139.134
2828.335 4946.151
3209.641 4908.810
2647.310 5191.384
2780.791 5014.506
3272.639 5034.923
3451.258 5290.985
2881.996 5632.990
2655.310 5103.125
2689.422 5091.718
3103.424 4997.731
3081.010 4984.296
2740.470 5118.808
3046.198 5336.805
3206.977 4981.972
3028.818 5562.191
2721.923 4931.311
3004.967 5089.967
2745.614 5530.611
2794.440 5191.745
3242.390 5547.272
2967.321 5058.135
3322.059 5279.758
2811.101 4854.016
2617.121 5644.334
3067.105 5515.162
3466.602 5186.305
3005.640 4981.708
2986.677 5667.293
3220.595 5639.778
3328.161 5007.229
2721.460 4853.021
2975.450 4928.901
3277.421 5657.558
2839.468 5637.130
3278.290 5652.272
3055.169 5413.122
2624.725 5085.801
3258.162 5565.351
3044.570 5180.712
3014.761 4893.852
3032.029 4810.341
3076.151 5329.583
3404.960 4817.642
3391.345 4812.771
3241.725 5376.749
3355.447 5461.649
2853.073 5505.795
3174.370 5655.308
2985.349 5502.129
2810.249 5621.624
2576.221 5496.496
2816.903 5113.494
2702.665 5093.569
2865.892 4995.531
2994.706 5665.305
3094.821 5008.486
3205.844 5025.901
2807.377 5140.021
3272.903 4855.903
3401.212 5578.666
3028.840 5199.190
2967.802 5037.545
2573.775 5353.162
3085.549 5180.435
2933.999 5434.227
3249.676 5030.928
2720.064 4955.969
2854.407 5465.943
2838.586 4924.211
3090.498 5631.470
2772.774 4983.227
2899.442 5633.911
3304.253 5213.960
2585.932 5351.896
3259.961 5032.783
3340.500 5104.687
3407.837 5255.777
3164.945 5485.305
2652.633 5422.743
2576.584 5024.427
3273.312 5633.180
2718.017 5689.716
2757.709 4990.586
2973.162 4923.258
2611.140 5208.360
2779.587 4928.776
2715.944 4852.511
3218.871 5348.407
2768.266 5691.434
2691.536 5210.313
3167.951 5489.664
2898.188 5195.748
3413.393 5530.769
3004.961 5074.863
3161.938 4984.449
3169.466 5148.296
2837.408 4842.217
2892.451 5661.806
3465.764 5393.492
2885.474 5234.456
2597.153 5380.311
3140.281 4902.330
2750.075 4933.071
2684.004 4919.548
2805.987 5569.176
2764.145 5101.995
3268.761 5200.876
2605.486 5453.687
2616.417 5451.236
3421.678 5318.536
2612.523 5017.835
3362.496 5200.531
2932.426 5649.139
3410.922 5108.318
2637.952 5525.879
2867.795 5269.627
3348.250 5116.427
3131.086 5670.191
3300.158 5225.303
2889.225 4838.185
2614.450 5227.823
3134.515 5030.510
2989.499 5678.309
3276.240 5223.388
3217.410 5224.992
2838.396 4928.371
3105.647 5667.296
2853.996 5078.465
3124.475 5398.021
2955.032 4808.127
3209.816 5411.852
3005.283 5466.457
2692.985 4848.433
2907.937 5598.759
3068.943 5695.841
3407.425 5481.321
2724.089 5239.356
3209.211 5206.263
2995.141 5119.784
3073.511 4972.724
2940.851 4830.923
3198.887 5096.388
3063.153 5670.828
2672.393 4951.222
2873.018 5162.713
2591.018 5494.033
2639.954 5299.574
3258.025 5137.494
2849.918 4865.305
2747.082 4897.986
2895.174 5097.555
3159.508 4878.927
2881.607 5122.493
3005.825 4819.324
3245.588 5268.810
2629.682 5037.054
2781.939 5443.842
3441.011 5115.021
2819.090 4964.933
2702.374 5590.787
2824.609 5690.778
2763.140 4828.951
2889.297 5133.708
2864.442 5129.295
3195.527 5036.569
2894.057 4830.212
3353.809 5119.617
2754.536 5519.156
3343.206 5214.062
3440.446 5238.547
2913.679 5465.194
3176.911 5689.793
3347.767 5001.464
3430.887 4911.756
2736.402 5322.239
2989.214 4892.831
3357.064 5026.223
3425.993 5397.081
2892.577 5423.652
3158.810 5260.089
2863.426 5469.954
2833.224 5676.820
3063.084 5307.809
2925.424 5022.811
2860.870 5199.881
3370.225 5474.962
2734.785 5395.691
3419.814 5413.920
3096.681 4830.727
3034.470 5651.665
3333.233 5647.081
2852.665 5439.043
2829.362 5213.076
3211.148 5025.447
3039.142 5413.241
2666.443 5307.397
3247.765 5085.210
3048.458 4834.021
3290.590 5413.617
2774.441 5521.402
3211.858 5361.560
3079.987 5063.641
2772.467 5379.480
2873.173 5224.024
2630.015 5451.334
2594.216 5365.073
3292.836 5632.458
3134.015 5484.696
2637.586 5397.648
2804.738 5235.421
3430.976 5549.826
2910.180 5158.908
2772.712 5285.269
3136.254 4890.165
3346.225 5244.235
2974.352 5155.650
3289.768 5003.054
3394.126 4806.505
2886.362 4979.886
2576.677 5296.544
3287.242 5274.228
2894.311 4916.013
2875.711 5005.275
3401.421 5594.089
2943.849 5431.737
3232.667 5555.969
2945.109 5578.240
3277.268 5443.681
2787.869 5302.476
3393.736 5300.042
3141.786 5583.116
2960.237 5465.873
2727.962 4978.787
2842.144 5279.626
2675.032 5316.483
3292.880 5076.217
2902.420 5110.073
3228.921 5314.456
3380.344 5224.583
3414.697 4885.718
3292.116 5360.541
3047.303 5015.436
3078.391 5599.634
3194.134 5414.806
3097.798 5179.145
2948.890 5519.950
3423.602 5635.334
3065.728 5082.708
3036.411 5392.517
2719.655 4872.448
2897.424 4884.289
3339.928 5653.767
3381.242 5670.479
3162.883 4921.578
3451.997 4908.785
2607.136 5261.880
3402.084 5164.580
3227.475 5369.802
3157.380 5360.500
3076.686 5643.604
2859.254 4964.839
2929.139 5403.274
3064.782 5539.880
3171.150 5320.144
3043.771 4988.784
2684.412 5215.901
3328.336 5013.117
3385.247 5427.119
3251.405 5495.628
2828.675 5388.127
2951.196 5059.231
3075.615 5039.423
2750.513 5469.471
2930.194 5523.181
3211.935 5080.940
2707.981 4989.327
2717.618 5545.951
2802.374 5180.519
2968.569 5044.951
3049.165 5485.360
3331.892 5452.171
3233.999 4944.999
3152.610 5176.781
2892.828 5017.689
3354.125 5352.986
2577.821 5667.977
2581.620 5453.404
3154.664 4943.339
3319.278 5662.479
3133.719 4988.969
2888.201 4920.853
3083.467 5249.303
2580.534 5340.751
2913.463 5481.478
3441.053 4938.690
3012.640 4939.780
3406.037 5016.579
2585.652 5250.812
3416.696 4983.551
2606.525 5613.596
2925.407 5154.123
3062.833 5253.907
2972.816 4804.140
2882.866 4867.449
2774.885 4988.741
2603.505 5692.612
2694.178 5689.527
2878.082 4856.462
2706.115 5088.187
2775.473 5168.105
3124.596 5129.367
2671.440 5046.827
2996.407 5068.924
2664.379 5389.277
3163.601 4922.112
2868.592 5150.843
3063.410 4934.647
2580.376 4827.241
2664.229 5687.369
2761.015 5661.188
3260.332 5145.787
2593.654 5248.866
3014.650 5343.574
3461.414 4915.375
2837.932 5435.582
2990.816 5672.104
2678.092 5032.762
2829.667 5353.836
3136.391 5565.912
2845.688 5466.260
3053.186 5343.202
3135.744 5124.865
2681.251 5669.997
3075.710 4842.098
2816.131 5689.223
3261.122 4940.452
3301.858 5449.937
3239.550 4977.500
2603.962 5589.649
2741.951 5618.296
2864.990 4959.429
3345.611 5018.310
3330.972 5205.927
3137.205 4863.818
3185.262 4956.455
2745.429 5527.286
2981.149 4922.385
2600.723 5681.166
3358.180 5141.061
2704.359 4899.297
2959.807 5515.200
3288.680 5079.437
3216.800 5351.384
3085.388 5105.003
2620.948 5669.420
3430.996 5606.110
3394.369 5099.322
2684.383 5191.231
3088.482 5064.551
3047.012 5174.743
3178.285 5223.395
2809.668 4916.440
3037.508 5452.001
2922.384 5276.671
2615.185 5420.197
3179.327 5428.044
3133.152 5459.313
2831.986 4832.351
2621.510 5666.819
2721.925 5270.806
3259.955 5428.712
2606.008 4932.248
3245.419 5556.726
2998.886 5463.907
2769.434 4958.530
3322.713 5508.671
3181.466 4988.196
3260.618 5327.719
2954.451 4933.747
3267.240 5173.339
2655.768 5351.616
3187.610 5319.607
3365.845 5584.325
2842.417 4806.003
3446.761 4885.137
3219.676 5219.182
3068.569 5073.139
2586.337 5294.773
3011.587 5020.105
3279.246 5519.302
3095.664 5539.130
2955.640 5572.997
2623.494 5489.886
2697.753 5381.159
3154.315 5645.667
2808.737 5183.690
2861.966 5494.810
2705.675 4890.793
3210.661 5443.568
3381.784 5061.579
3083.358 5442.690
2773.953 4817.472
3370.602 5112.231
2637.295 5084.671
3365.292 5021.973
3291.148 5112.889
2791.529 5172.404
2879.333 4944.859
3392.049 4881.362
3012.874 5004.911
3374.996 4955.489
3332.399 5124.686
3059.583 4900.986
3174.564 4976.668
2909.887 5195.847
2723.625 4912.493
3293.922 4954.596
2926.239 5194.527
3131.619 5381.016
3103.201 4809.084
3059.931 4855.639
2986.834 5334.803
3335.137 5000.643
2890.682 5663.143
2670.585 4855.283
2738.135 5502.486
2600.961 5674.786
2845.358 5199.125
2658.014 5414.127
2992.620 5493.963
2919.072 5509.126
2873.177 5203.974
3379.668 5692.722
3403.043 5039.084
2931.587 5552.701
3033.497 5353.379
3101.251 4855.384
3109.990 5501.828
2700.102 5348.719
3374.440 4811.016
3105.439 5664.203
2769.803 5492.470
3211.772 5514.078
3018.126 5645.179
3225.642 5534.439
3055.211 4936.150
3380.260 5041.780
2609.156 4843.165
3010.162 5598.917
2655.178 5097.015
3442.632 5185.062
3454.122 5644.169
3301.542 5650.075
2954.753 5122.762
3281.417 5046.110
3193.207 5652.444
3235.145 4992.478
3027.142 5531.227
3118.923 5628.303
2759.176 5623.546
2886.814 5033.027
3417.140 5466.509
3047.302 5314.739
2689.130 5263.012
2840.312 5674.967
2660.390 4820.423
2581.143 4972.720
3441.055 5378.930
3309.706 5555.479
3381.266 5256.110
3327.299 5344.780
2641.796 5162.079
2831.200 5403.766
2940.201 4985.577
3075.347 5208.235
2668.841 5368.572
3136.015 5486.916
3097.413 5111.480
2992.956 5512.087
2838.012 5493.624
2831.929 5626.681
2829.039 4877.630
2873.988 5488.905
2854.308 5506.032
3381.981 5445.594
3463.384 5002.615
3161.489 4912.118
2626.406 5546.776
3187.893 5050.360
2690.158 5469.262
2904.659 5117.214
3172.066 4883.884
3236.632 5464.521
2765.997 5671.248
2871.039 4856.901
3134.832 5602.956
3182.838 4975.951
3197.269 5038.387
2804.291 5694.057
3329.459 4823.222
2727.587 5079.438
3353.143 5336.996
3000.129 5296.418
3325.371 5521.234
3335.253 5388.472
3162.631 5135.065
3221.220 5516.814
2661.655 5212.791
2965.417 5538.839
2581.740 4822.899
2989.768 5113.868
3024.913 5179.657
2723.778 5385.241
2699.198 5681.875
3310.844 5004.298
2998.770 5073.078
2807.204 4939.860
2755.034 5536.171
2778.598 5092.355
3082.565 5678.386
3068.006 5591.357
2745.711 5183.554
2714.875 5311.442
3036.818 5515.333
2907.431 5442.973
3352.989 5059.915
3263.903 5346.567
2642.302 4943.241
2961.021 4953.089
3323.258 5542.356
2798.725 5531.628
2692.597 5074.466
3348.671 4916.736
2801.969 5015.646
2621.467 5531.267
3315.485 5126.226
3135.254 5152.254
3248.813 5594.608
2873.078 5181.793
3152.547 5263.327
3305.848 5588.640
3373.286 5179.878
2704.472 5282.132
2686.632 5331.265
3430.241 5661.946
3085.979 5308.785
3250.822 5274.091
2636.688 5272.258
2917.550 4857.392
3158.274 4844.767
3369.343 5160.278
2842.648 5436.387
2694.849 5178.951
2814.066 5336.977
2819.282 5647.831
3458.123 5614.208
3408.155 5510.677
2656.814 5472.636
3002.177 5344.269
3081.814 5244.487
2576.032 4867.465
3110.486 5376.146
2985.284 5625.935
3233.705 5528.030
2771.825 5687.384
3335.823 5061.130
3066.577 5578.151
2951.382 5547.726
2794.531 5395.897
3386.460 5532.180
3177.060 5181.133
2586.636 5160.607
3264.232 5557.802
3276.135 5410.497
2845.482 4986.689
3068.851 5384.772
2987.381 5598.832
2982.633 5579.099
3008.708 4846.662
3148.026 4898.854
3324.139 5011.543
2677.293 5245.908
2809.340 5611.373
2978.900 5240.673
3128.527 5415.027
3353.957 4919.179
3195.664 5385.053
3242.660 5455.402
2895.411 5027.159
2711.494 4826.555
3149.721 5273.770
3139.571 5289.300
2991.193 5591.308
2896.118 5404.337
2824.105 4833.251
2874.272 4962.458
2702.747 5226.216
3066.245 5592.429
3350.653 5010.890
3157.282 5515.240
3019.462 5502.989
2614.296 5453.389
3285.466 5652.780
2613.448 5677.366
2920.099 5359.958
3287.562 5544.911
3236.069 5618.914
3123.232 5096.762
3319.865 5507.868
2732.235 5064.321
3263.542 5001.479
3268.734 4805.601
3074.676 5689.326
3302.749 5130.244
2635.120 5022.553
2789.686 5689.708
3173.268 5653.801
3443.154 5033.794
3069.109 5214.022
3272.447 5188.288
2899.892 5362.715
2827.992 4814.168
2683.876 4813.955
2992.856 4869.005
2589.733 5569.891
2695.786 5240.767
3123.976 5667.418
3223.753 5337.324
3170.394 5373.430
3018.290 5102.779
2776.067 5565.804
3417.850 5439.355
2767.951 5150.191
2628.585 5354.663
3435.265 5631.979
3462.073 5604.013
3058.022 4966.202
2986.513 5457.721
3114.640 4932.146
3457.821 4999.533
2942.163 4829.486
2996.665 5415.057
2728.710 4996.473
3297.590 5358.444
2786.044 5633.390
3116.308 4844.894
3063.193 5694.029
3330.912 5122.275
3075.365 4948.226
3375.866 5654.854
2859.034 5510.407
2644.079 4872.049
3336.197 5259.896
2845.081 5103.558
3370.251 5499.559
3228.716 4877.870
2922.836 5223.794
3315.052 4990.179
3341.022 5401.313
3112.242 5593.212
3163.835 5092.879
3461.886 5371.061
3142.617 5668.618
2804.885 5493.156
2901.139 4894.991
3099.646 5059.025
2720.585 5676.569
3420.034 5354.395
2703.141 5349.394
3013.853 5249.649
2650.571 5175.274
3344.715 5112.036
2888.547 5185.109
3054.664 4836.635
3126.541 5577.787
3058.325 5370.102
3127.552 5679.886
3251.595 5547.416
3028.898 4926.439
3440.874 5120.483
3329.837 4842.443
3430.896 4862.660
3293.167 5570.247
2683.661 5169.051
2921.917 4981.970
3039.471 5454.905
3155.701 4885.145
3432.329 5641.183
3427.511 5526.882
3154.807 5643.417
2815.772 5330.131
3386.069 4970.465
3095.017 5005.442
3122.713 5389.601
3426.196 5559.800
2704.889 4853.962
2719.202 5585.834
2879.313 5047.017
3262.812 5210.431
3309.889 5238.488
2857.597 5591.906
2838.942 4833.465
3320.076 5132.006
3377.942 5101.533
2704.564 5205.704
3210.479 5118.566
3370.090 5320.673
3098.538 5323.510
2961.304 5214.353
3416.402 4922.608
3455.430 5585.966
2828.204 5583.235
3388.179 5483.125
3366.284 5003.456
3340.551 5116.356
2870.884 5230.691
2865.090 5359.460
2967.769 4867.878
3032.057 5338.797
2641.509 4991.404
3213.095 5454.156
3304.509 5333.871
3245.644 5136.197
3291.484 5043.484
3190.476 5484.767
2812.709 5137.239
3175.386 4813.203
3013.541 5355.186
2770.774 5169.447
3454.353 5120.667
2886.404 4928.190
2840.635 5612.855
2702.253 4938.373
3309.483 5427.521
3152.521 4937.276
3450.494 5342.392
2937.616 5452.894
3351.659 5333.612
2845.565 4998.174
3154.922 4942.480
2883.580 5126.738
3232.255 4951.768
3104.637 5486.830
3088.264 5106.653
2742.510 5212.332
2689.752 5680.032
2662.208 5370.226
3154.288 5247.981
3035.632 5028.522
2981.200 5025.240
2631.698 5056.886
2738.567 5628.499
2718.571 5083.971
2686.402 5609.335
3303.334 4867.182
2927.904 5366.581
3186.040 5160.552
3241.620 4963.644
3178.656 5231.617
3447.121 5610.738
3047.172 5391.632
2751.574 5395.290
3074.923 5266.510
3392.930 5327.784
2655.928 4873.245
3183.189 4962.238
3065.126 5491.924
3291.291 5178.613
3215.900 5355.450
2732.366 5118.226
3108.132 4964.682
2707.913 5336.842
2643.287 5522.226
3234.595 4829.044
3071.025 5081.665
2813.066 5583.029
3053.196 4858.438
3253.691 5380.682
3460.916 5668.095
2874.754 5680.449
3036.199 5381.523
3002.902 5011.826
3174.213 5541.561
3130.943 5513.535
3322.448 5480.558
2614.633 4815.119
3347.481 4999.362
3297.775 5165.619
3450.195 5577.340
3154.738 5641.609
3191.514 5555.183
2752.920 5477.800
2924.135 4934.261
3268.629 5458.746
3278.292 5432.820
2642.509 5004.145
2885.302 5626.262
3313.133 4991.126
2888.770 5656.891
3062.484 5513.297
2797.379 4838.255
3296.939 5189.463
2981.391 4827.375
2844.990 4992.496
2657.369 4927.550
2716.499 4815.951
3297.518 5612.162
3141.039 5169.495
3059.384 5282.532
2938.961 4933.138
3025.839 5455.703
2638.694 5519.437
2830.812 5342.273
3216.641 5514.897
3077.191 5550.604
3095.119 5224.293
2891.012 5126.362
3057.273 5538.014
2937.773 4841.104
3238.236 5663.500
3240.853 4972.839
3383.944 4933.404
3069.791 5688.780
3384.080 5021.168
3278.689 5329.215
2927.689 5403.053
3259.817 5646.227
2730.619 5102.394
3236.683 5298.327
3414.008 5526.071
3055.092 4867.402
3167.916 5678.743
3264.856 4973.147
2908.128 5109.089
3248.627 4855.544
3228.026 5575.392
3005.265 5165.293
3264.499 4987.443
2915.193 5629.415
3322.166 5470.162
2576.200 4980.142
3174.404 5610.613
3071.490 5219.665
3399.623 5491.483
3213.235 5332.023
2677.923 5466.176
3117.426 5162.564
2731.461 5419.987
2753.323 5177.473
3152.492 5481.759
3110.909 4942.510
3369.986 5453.312
2960.449 5547.805
2729.093 5518.151
2972.859 5467.253
3346.111 5042.293
3348.079 5567.240
3171.719 5624.910
3424.230 4872.356
2813.414 5639.383
2751.248 4932.130
2842.409 5050.403
2747.104 5655.750
2778.984 5215.647
2663.795 5298.399
2708.057 5139.522
3231.619 4931.299
3409.755 5432.586
2718.180 5458.862
2947.892 4837.497
3143.112 5661.748
3230.245 5396.468
3249.588 5010.467
3432.051 5609.257
3110.555 5048.410
3334.866 5680.082
3324.609 4828.978
2886.372 5622.692
3163.059 5622.923
2906.033 5048.096
2597.602 4860.636
2588.196 4843.203
2972.499 4994.598
2633.012 5059.422
2865.717 5439.177
3207.230 4880.996
2842.261 5557.160
3397.456 5184.657
2676.503 4961.348
3357.915 4862.042
3078.748 5639.303
3190.029 5287.785
2864.901 5306.681
2914.244 4982.564
2734.984 5336.099
2960.839 5298.929
2689.917 5066.835
3456.163 5325.541
2817.592 5288.405
2965.960 5407.042
3118.848 5602.653
3164.578 5589.400
2952.108 5384.185
2970.842 4939.681
3172.991 4905.912
2950.001 5625.870
2997.655 5574.793
2809.682 5141.597
2726.181 5594.659
2870.295 5609.439
3464.205 5336.748
3349.810 5340.388
3110.570 5035.153
3456.880 5530.196
3201.782 4866.305
3205.616 4867.144
2947.436 5050.262
2999.570 5607.383
3393.931 5521.944
3362.365 5140.989
3451.167 5204.493
3094.983 4917.568
2924.431 4878.757
2977.079 5246.870
3220.973 5685.313
3136.798 5587.992
2769.198 4840.043
3166.433 4982.285
2925.065 5040.168
2753.269 4965.717
3160.391 5494.616
3272.328 5295.528
2760.318 5196.591
2919.767 5256.793
2657.632 5503.171
2648.442 5365.120
2749.067 4953.569
3310.884 5121.660
3144.857 4896.153
3133.558 5588.024
2756.084 5511.854
3327.481 5072.974
2829.905 5398.889
2673.825 4815.135
3286.680 5016.295
3009.664 5587.604
3142.060 5608.022
2806.088 5415.231
3110.264 4886.959
2838.506 5148.217
3123.377 5235.921
3045.414 5513.577
2656.619 5404.306
2634.696 5187.971
2603.998 5536.383
3156.228 5481.174
2908.049 5554.935
3190.006 5525.801
3216.561 5584.279
2821.689 5351.278
2698.442 5505.327
2939.460 4925.398
3439.253 5431.616
3054.273 5223.072
2993.911 5686.417
2799.606 5419.803
2971.011 5537.207
3325.948 5287.105
3311.460 4920.311
3337.558 5152.245
2812.309 5042.794
2727.024 5057.731
2695.768 5686.563
3184.951 5674.665
3080.254 5028.985
3001.000 5481.264
3040.130 5032.963
2979.524 4871.051
2770.338 5608.876
2852.485 5449.308
2987.120 5167.728
3270.423 5176.687
3235.237 5632.639
3197.011 4886.608
3090.221 5544.385
3038.606 5420.347
3014.226 5230.863
2836.446 5040.389
3008.887 5372.635
2774.388 5353.180
2600.750 5678.518
2766.453 4822.394
2657.905 5559.761
3404.410 5362.965
2976.440 5506.612
3157.395 4835.872
2670.141 4901.791
3460.584 5192.126
3056.450 5328.011
3312.641 4908.465
3425.235 5662.745
3363.783 5400.786
3282.238 5479.206
3396.450 5198.352
3098.716 5466.362
3269.340 5590.148
3125.832 4854.568
3394.041 5089.465
3255.406 5063.663
2834.764 4851.024
2987.125 4805.459
2610.232 5364.140
2606.846 4844.234
3268.098 5104.762
2731.830 4820.989
3144.151 5478.709
3222.091 5523.632
3203.073 5621.454
2944.287 5653.497
3068.970 4894.223
3154.104 4847.210
3126.950 5584.557
3142.761 5070.546
2761.798 5142.357
3289.725 5134.950
2921.800 4860.579
2746.341 5556.206
3046.582 5466.580
3185.935 5326.224
3386.926 5030.847
3113.205 5553.009
3126.366 5654.004
2938.490 5467.812
2603.790 5669.013
3114.770 4829.038
2985.960 5338.567
3058.838 5295.573
2746.155 5675.049
2619.853 5008.255
3234.620 4957.820
2847.783 4899.975
3282.512 5285.597
3382.463 5170.794
2903.154 4924.373
3287.739 4937.468
3291.428 5071.228
3276.856 5470.011
3008.624 5086.456
2669.364 5361.273
2782.010 4952.404
2917.469 5626.092
2725.976 5253.248
3137.565 5295.381
2616.304 5571.348
3091.624 5580.523
2799.879 5591.272
2729.838 5603.818
3264.521 5409.406
2638.241 5510.443
3109.454 4926.051
3323.113 4975.900
2794.021 5452.357
2790.067 5370.916
3328.449 5394.780
2617.516 5180.975
3170.441 5602.821
3021.390 5509.395
2648.771 5653.098
3442.250 4950.679
3160.779 5102.045
3028.189 5166.513
2745.290 5638.408
2918.010 4980.284
3059.074 5057.897
3371.805 5442.642
2662.857 5541.151
3085.427 5273.709
2840.276 5260.917
3300.156 5330.725
2677.512 5289.648
3460.563 5353.023
3271.722 5386.563
3133.170 4929.608
2801.357 5642.270
2673.066 5503.136
2713.582 5299.700
2895.997 5636.247
2632.495 5157.905
3284.546 4947.892
2578.981 5001.591
2686.094 5100.303
2906.838 5461.397
2606.380 4821.248
3445.517 4816.343
3418.819 4943.770
3052.279 5164.516
2903.464 5373.061
2939.209 4899.196
3283.848 5499.424
2732.861 4869.085
2977.804 4959.618
3161.444 5332.870
2848.391 5310.910
2882.343 5209.623
3258.483 4891.046
2991.731 5069.020
2863.099 5260.951
2993.767 4846.177
3245.840 4965.363
2945.838 5349.701
3110.288 5133.282
2814.069 4990.103
2998.626 5595.736
3063.434 5477.216
2658.082 5578.032
3370.887 4937.251
3446.856 5317.610
2618.543 5438.981
3303.469 4914.145
3376.432 5537.502
2608.727 5211.606
2837.420 5002.834
2942.165 5255.818
3186.072 5417.603
3024.647 5202.757
2890.549 5459.797
2725.272 5161.982
3185.706 5279.897
3202.499 5472.515
3290.605 4845.340
2856.046 5505.245
2798.304 5413.280
2939.214 5379.151
3324.536 5380.906
3232.581 4978.455
3042.169 5018.671
3173.811 5163.121
3292.340 5095.085
2989.878 5267.877
3295.650 5622.073
2740.540 5325.339
3249.310 4869.267
3449.180 5014.553
3210.100 5687.347
3217.873 5651.986
3265.306 4925.872
2902.314 4895.071
3455.035 5615.466
2691.769 5676.425
3331.286 5200.034
3209.232 4978.948
3446.133 5395.382
3451.727 4943.081
3321.127 5286.449
3284.068 5334.830
3214.417 5009.939
2604.628 5522.555
3420.409 5266.215
2674.694 5407.863
2949.579 5386.118
3190.804 5149.940
3409.536 5349.106
2902.278 4940.070
2574.266 5446.341
3109.075 4874.242
2614.145 5549.149
3191.751 5008.512
3459.923 5412.888
2575.663 5337.253
2604.612 5188.777
3105.621 5355.038
3073.139 5088.192
3016.884 5490.062
2833.459 5100.331
2582.825 5647.980
3374.328 5083.672
3402.990 5351.838
2673.070 5480.374
2608.487 5668.904
2806.609 5405.397
2647.162 5476.769
3302.106 5348.084
3397.198 4961.026
3423.940 4835.425
3223.547 5509.754
2931.750 5244.591
3099.910 5643.957
3333.088 5664.370
3434.670 5461.707
3250.259 4803.940
3233.129 5653.141
3271.788 4809.774
3406.192 5217.707
3325.848 5614.244
2916.879 5196.723
2782.152 4822.074
2991.817 4981.290
2881.337 5076.250
3074.697 5511.264
3039.782 5288.015
3387.349 5607.278
3364.365 5677.547
2976.118 5359.560
2623.417 5552.597
3370.281 4943.182
3100.115 4949.322
2971.581 5159.567
2702.854 5235.847
2993.697 5656.832
2663.170 5436.028
2798.245 5048.510
3032.362 5278.587
2823.852 5530.463
2658.365 5375.225
3340.637 4928.346
3075.260 5026.758
2879.560 5549.617
3111.440 5187.319
2627.750 5352.034
2945.842 5669.147
3194.952 5393.076
2580.173 5112.597
2670.324 4931.727
2945.846 5108.846
3236.302 5234.195
2754.188 5282.268
3386.732 4947.639
2673.934 5581.232
3390.037 5610.620
3392.361 5663.542
2778.875 4995.586
2633.232 5133.150
3123.312 5339.638
2625.594 5127.495
2592.500 5437.475
3004.234 5564.537
2609.336 4862.445
3140.497 5036.037
3284.553 5299.727
3256.707 5603.577
2709.293 4950.283
2863.892 5065.866
2869.972 5432.622
2614.915 5187.435
2968.363 4810.111
2977.563 4974.307
2628.510 5153.313
2868.432 5570.923
3414.427 5319.282
2879.856 4912.700
3390.259 5110.852
2824.564 5226.841
3330.029 5583.417
2693.400 5194.579
2822.514 4924.757
2911.208 5352.801
2575.874 4852.898
2873.537 5381.532
3422.254 4883.237
3366.096 5052.126
2574.708 5117.447
3360.888 5680.348
2802.615 5499.975
2690.617 5053.054
3226.643 5202.963
3134.680 5489.474
2883.549 5160.564
2638.307 5670.423
2605.665 4936.996
3372.663 5141.868
2984.811 5287.439
3444.714 5216.426
2904.032 5481.397
3279.428 5540.736
2899.801 5367.921
2668.955 4946.212
2880.542 5538.291
3159.006 5293.092
3034.502 5058.511
3019.247 5668.535
2641.584 5085.290
2956.652 5461.339
3276.500 4927.608
3372.478 5269.417
2651.912 5114.365
2646.835 5255.682
3433.204 5480.405
2993.229 4988.614
2704.445 5155.630
3357.426 4920.483
3109.633 5461.227
3225.850 4953.277
2913.242 5301.446
3048.939 5077.335
3106.791 5198.434
3330.754 5016.243
2900.876 4834.070
3195.883 5258.172
3396.985 5512.067
2633.855 5594.782
3417.472 5037.460
3321.133 4831.199
2645.936 5324.683
3383.608 5033.556
2758.273 5668.638
2770.267 5187.856
3207.908 5319.705
3410.406 5680.244
3192.339 5310.888
2885.539 5493.843
3444.993 5005.917
2670.351 5501.522
2626.318 5231.727
2705.989 5663.504
3378.544 4936.912
3092.058 5135.402
3438.081 4865.593
3360.377 4996.262
2979.127 5537.459
3003.042 5382.921
3314.641 4892.810
2755.764 5670.387
2996.143 5624.662
2860.663 5521.562
2867.297 5532.526
2677.866 5189.086
2580.348 5132.764
3116.848 5275.813
3197.710 5617.896
3152.832 5138.835
3006.641 5677.183
2590.611 5367.993
3314.556 4924.792
3350.106 4848.512
3212.625 4853.032
2991.694 5584.448
2731.593 5470.800
2817.883 5077.839
3009.344 5339.603
2620.692 5541.662
3325.710 4964.323
3227.187 5411.965
2696.020 5129.874
3331.940 5097.843
3342.439 5407.142
3439.417 4891.296
3292.469 4840.002
2611.113 4859.402
2896.894 5284.770
2643.259 5110.614
3443.442 5292.496
2792.202 5517.825
3217.788 4841.587
2850.464 5420.188
3040.441 5552.303
2583.309 5378.827
3026.979 5371.921
3288.180 5429.303
2980.555 4954.877
2599.993 5309.979
2811.199 5137.137
2953.434 5136.943
3240.582 5457.915
3166.839 5565.519
3295.635 5691.605
3020.054 5239.334
2904.529 5164.672
2985.036 5689.165
3414.005 5327.222
3161.479 5098.755
3298.416 5149.595
3236.097 4975.226
3017.404 5667.799
3230.416 5545.124
3378.236 5683.344
3415.032 5233.833
3315.339 4893.623
2997.533 5444.961
2722.447 4852.859
2765.577 4973.533
3436.565 4819.015
3409.811 5252.557
2761.134 5265.001
2749.673 4852.202
3150.728 5638.361
2811.649 4859.850
3006.890 5256.937
3355.606 5061.115
3401.988 5149.001
3189.183 5445.877
2702.052 4815.582
3333.895 5586.352
3375.938 4810.923
3322.488 5031.750
3449.594 5319.885
3261.076 4946.335
3404.398 5659.519
3244.280 5412.887
3348.919 5266.647
2701.593 5219.402
3216.903 5421.331
2599.382 5674.469
3463.596 4958.111
2666.465 4950.925
2878.938 5157.724
2915.747 5149.708
2846.741 4918.853
3449.139 5665.483
3097.207 4875.960
3378.294 5674.506
3271.373 4838.529
2916.740 5690.865
2880.068 5543.685
3137.185 4947.452
2918.319 5197.425
2658.743 5008.326
3198.779 5367.522
2741.093 5542.456
2587.853 5079.405
3427.239 5680.132
3330.304 5538.453
2975.209 5072.710
2631.503 5038.274
2648.020 5470.535
3319.281 5694.306
3038.441 5491.200
2853.073 5138.825
3356.569 5431.933
3163.279 5055.307
2683.545 5438.836
2598.226 5338.168
2814.637 5067.212
2828.968 5457.777
2944.089 5195.445
3319.582 4950.209
2735.745 4932.682
3002.857 5651.472
3237.993 5371.340
3327.905 5069.945
3122.506 5117.789
3379.194 5526.288
3301.339 5573.621
3131.095 5456.703
2759.465 5613.577
3078.474 5124.168
3254.254 5299.889
3400.056 5112.485
2910.626 4964.756
2901.160 5603.501
3225.879 5586.679
3095.839 5069.008
3262.358 5651.900
2985.034 5119.908
3206.910 5362.286
2721.323 5155.728
2775.036 5696.053
3018.089 5394.796
2585.052 5666.200
3206.881 5067.695
2623.526 5264.609
3054.863 4852.398
3170.831 5237.334
2596.970 4871.061
2686.392 4900.461
3456.480 5486.548
2774.523 5539.678
3447.123 5558.127
3454.693 5542.464
3318.996 5400.311
2813.448 5241.487
3316.813 5536.051
3220.463 5665.732
2582.644 5303.266
3247.277 5322.969
3188.027 4926.451
2654.693 4862.951
3464.769 5668.062
2753.095 5111.007
3119.452 5635.877
2657.799 4984.244
3276.370 5373.887
2763.955 4967.286
2712.961 4928.258
3298.975 5331.811
3217.318 5287.114
3321.126 5248.077
3161.412 5609.506
2827.911 5438.300
3147.896 5075.723
2718.505 5537.325
2770.431 5162.726
2738.174 5601.540
3378.315 4880.805
3184.673 5285.777
3025.816 5514.145
2915.164 5056.204
2768.978 5148.589
2945.776 5000.319
3243.923 5182.610
3395.934 5118.135
3320.452 4946.898
3247.414 4866.301
2722.180 5293.373
3408.048 4856.695
2816.476 4893.068
3343.656 5009.142
2890.653 4845.557
2991.480 5302.118
2868.307 5071.325
3186.483 5009.333
3402.893 5410.902
3008.532 4885.058
2852.848 5032.525
2737.160 5309.300
2998.351 5304.308
2913.092 4838.344
3244.308 5435.106
2949.493 5267.123
2978.241 5063.794
2696.059 5517.489
3425.356 4974.391
3071.418 5151.500
3284.326 5353.636
3384.361 5509.612
2983.833 5357.294
3033.261 4912.833
3283.434 5133.288
3365.056 4944.327
2619.790 5019.515
2840.621 4938.929
3317.361 5245.751
2820.553 5111.387
3289.410 5451.281
3119.982 5043.922
3065.225 5129.270
2735.385 5487.259
3061.252 5033.346
3024.683 4885.667
3445.575 5456.634
2765.140 5065.035
2947.898 5435.008
3184.366 5661.793
3383.335 5617.785
3081.703 5427.797
3118.708 5643.649
3263.626 4806.562
2933.484 5575.093
3239.833 5109.056
3240.148 5088.979
3203.818 5552.985
2652.144 5561.863
2989.353 5386.368
3414.366 5485.866
2852.304 4956.558
2750.654 4949.342
3185.059 5599.097
3313.738 5646.788
3253.519 5537.930
3347.575 5330.394
2688.879 5395.481
3064.798 5365.068
3198.698 5056.142
2733.259 5144.154
3297.528 4839.342
3417.897 4821.330
3002.587 5291.140
2968.375 5544.318
2816.602 5009.320
2918.062 4925.116
3103.966 5064.591
3055.603 5375.113
3347.117 5020.545
2793.875 4936.071
3422.802 4866.830
3192.541 5097.138
2852.960 4826.165
2671.866 5051.799
2578.023 5044.528
2699.062 5124.032
3259.594 5292.695
2616.827 5218.339
2657.985 5119.874
3308.340 5472.673
2732.889 5276.051
3282.431 5393.369
2608.629 5114.913
3123.424 5660.541
3319.498 4993.235
3300.219 5635.080
2935.562 4914.382
3125.078 4993.578
2942.791 5172.386
3054.311 5225.423
2913.599 5202.302
2660.089 5380.767
2922.642 4995.051
3174.604 5223.744
2945.983 5114.647
3270.212 5440.048
3402.516 5331.130
2775.625 4857.580
2762.493 5485.298
2644.825 5091.695
3014.261 5527.712
3270.886 5366.111
2809.426 5665.015
3099.868 5597.809
2843.603 4957.181
2888.981 5238.051
2942.916 4945.834
2878.709 5239.015
3084.706 5206.905
3111.850 5589.665
2824.966 5558.881
3253.769 5016.591
3040.675 5254.168
3029.989 5389.324
2602.160 5400.198
3083.760 4910.680
3277.036 4810.562
2752.091 5618.666
3266.445 5567.281
2811.784 5428.278
3009.188 5360.031
3248.801 5628.500
3165.217 5483.390
2613.425 5587.923
3378.132 5321.635
2587.590 5558.657
2615.266 5282.703
2577.784 4885.514
2730.978 5213.719
2690.821 5499.873
2984.750 5293.756
3427.866 5443.557
2583.175 5488.104
3018.294 4813.418
2597.361 5454.298
2625.227 5506.680
2583.479 4818.332
2794.634 5201.768
3465.566 5429.568
3185.148 5610.428
3169.481 4925.762
3337.400 5593.266
2875.596 5209.332
2986.741 5604.698
3108.114 4878.336
2960.762 5055.755
2646.009 5442.664
2913.014 4870.906
2860.976 5548.575
3116.278 5372.620
2580.060 5037.074
3184.454 5306.039
2769.502 5212.738
2967.856 5239.402
2602.344 5477.351
3388.651 5107.401
2939.619 5397.771
2857.053 5555.537
2704.082 5513.881
2710.203 5649.457
2622.736 5677.876
3357.868 5140.774
3063.180 4908.915
2905.638 5055.127
3353.202 4881.133
3026.060 5379.523
2920.437 5001.229
2600.548 5522.603
3165.720 5372.321
2665.885 5128.283
2964.751 5233.572
2923.419 5179.879
2626.182 5118.892
2923.017 5287.378
3312.143 5392.917
3261.911 5294.022
3295.532 5419.044
2717.760 4856.577
2875.277 5350.331
2676.297 5143.357
2920.147 5250.287
2963.682 5209.097
3076.520 5375.289
3254.698 5081.404
3206.348 5673.520
3328.411 5200.830
3196.325 5388.705
3185.980 4990.752
2761.717 5099.883
3009.948 5671.117
3384.720 5425.903
3320.375 5248.914
3170.496 5292.319
2750.230 5234.044
2735.086 4833.031
2647.497 5355.772
3021.573 5549.803
3017.219 4988.608
3036.257 5047.025
3282.399 4879.116
2855.039 5650.749
2952.080 5245.702
3365.982 5317.379
3150.712 4900.274
3225.790 4810.503
3437.178 5534.379
2659.588 5414.544
3459.700 5564.138
2639.155 4889.070
3205.339 5155.432
3465.605 5098.896
2966.223 5036.888
3396.689 5099.690
2932.994 5268.002
2758.477 5553.237
3235.565 5124.494
3281.847 5145.869
2579.076 4896.517
3375.374 4924.528
3216.316 5594.387
3071.944 4858.296
3460.664 5222.833
3096.957 4854.156
2642.723 5170.728
2682.648 5489.346
3214.539 5102.995
3157.618 5131.991
2975.765 5288.339
3031.923 5137.321
2601.855 5676.955
2940.162 5366.685
3034.111 5111.927
2890.158 4830.843
3353.001 5250.841
2879.853 5461.807
3209.196 4901.468
2913.613 4809.042
2839.410 5588.901
3179.935 5209.329
3096.068 5056.111
3135.041 5457.375
2624.146 5463.643
3097.357 5080.994
2631.737 5001.915
2845.117 5375.472
2858.107 5221.711
3159.066 4823.544
2999.596 5387.054
3345.023 5678.223
3098.772 5070.530
2734.358 5619.755
2665.219 5331.704
3083.760 5454.221
2858.087 5067.977
2638.822 5034.095
2594.877 5011.115
2769.890 4844.358
2667.872 5101.773
3457.802 4908.982
2787.895 5450.961
3180.823 5473.938
3387.668 5037.197
2711.632 4937.052
2907.320 5252.477
3128.769 5498.347
3194.761 5310.112
3463.129 5150.212
2583.552 4860.243
3416.682 5609.715
3360.551 5191.664
2589.373 5529.856
2736.206 5373.395
3433.316 5040.176
2701.824 5108.647
2652.677 4959.367
2793.771 4999.305
2887.411 5491.915
2872.279 5130.354
3439.955 5252.762
3255.626 5221.785
2799.174 4933.642
3081.195 5546.226
3417.443 5674.115
3282.338 5140.556
3423.232 4809.806
3043.099 5588.982
2805.729 4898.695
2658.369 4958.210
2855.865 4886.117
3278.393 5514.569
3329.041 4843.757
3109.480 4923.373
3438.475 5608.360
3067.902 5272.962
2669.281 5576.114
3196.998 4901.632
3171.593 5269.834
3370.050 5324.380
2723.486 5082.406
3245.943 4833.254
3024.238 5534.080
2617.270 5417.473
2993.377 5537.687
2892.845 5485.050
3344.023 5174.858
3071.632 5587.746
2665.420 5228.334
2762.662 5095.490
3386.580 5599.425
2893.663 5241.246
2716.493 5543.664
2642.103 4933.074
2807.383 5294.134
2706.220 4929.029
2658.918 5185.457
2903.708 5167.868
2759.805 5620.310
2916.694 5235.581
2963.087 5628.547
2681.693 4851.522
2788.435 5402.102
2787.915 5277.918
3264.206 5095.991
2602.041 5486.981
3104.984 5205.112
2947.563 4910.820
3038.227 5674.134
3173.882 5631.556
3177.248 5220.906
2810.195 5383.582
3216.949 4933.489
2924.545 5638.931
2637.856 5017.775
2613.536 5357.739
2749.324 4951.153
3465.450 4804.184
3397.594 5533.953
3211.896 5344.696
3043.293 5133.836
3340.775 5203.988
3106.782 4884.875
2799.476 5059.785
2870.749 5208.689
3285.393 5623.861
3453.670 5396.107
2645.848 5184.554
3329.357 4914.165
2654.876 4995.630
3141.014 4897.465
2974.752 4950.526
2760.937 5168.788
3425.815 5615.021
3129.806 5079.633
3222.879 5022.770
3370.223 5173.172
3283.073 5131.225
3305.859 5137.416
2946.665 4904.049
2697.111 5239.224
3397.554 5053.091
3006.097 5180.675
2858.342 4821.187
2928.359 5107.700
3019.976 4940.330
2990.795 4952.647
2660.999 4965.407
2938.777 5370.284
3373.925 4851.476
3263.906 4897.885
3458.791 5689.908
3010.351 5190.391
2803.873 5677.364
3330.317 5379.325
2791.190 5140.446
3389.055 4974.925
3275.785 4860.035
3417.107 5274.751
2987.238 4806.341
3442.830 5011.436
3048.275 5310.295
3376.089 5386.518
2704.440 4859.516
2682.605 5649.335
3049.454 5663.740
2830.936 5387.270
2782.783 5306.261
3155.926 5355.854
2818.802 5360.515
3179.383 5313.873
3090.300 5452.615
3332.862 5645.170
3296.566 5258.412
3225.945 5178.444
2625.194 5605.072
3030.355 5183.380
3439.212 5633.879
2633.311 5623.429
2954.514 5663.616
3065.010 4970.413
3190.568 4947.189
3120.939 5435.324
2706.140 5261.221
3318.941 4864.383
2690.345 5297.201
3370.198 5115.501
3264.499 5686.860
3316.724 4917.892
3362.631 5205.419
3409.743 5314.838
3424.089 5141.501
3300.488 5146.731
3006.863 4844.571
3318.907 4988.206
3449.588 4915.367
3275.742 4815.601
3439.031 4871.268
3019.572 4999.035
3200.943 5109.257
2748.933 5305.653
3048.249 5582.356
3186.129 4993.108
2675.709 5309.866
2962.452 5070.491
2967.137 5215.222
2950.610 5570.390
2615.578 5158.748
2616.353 5534.415
3303.482 5559.019
3408.129 5021.591
3195.093 5363.736
2784.393 5066.936
2919.301 5152.007
3197.207 4898.296
2917.590 5670.493
3428.062 5191.792
3348.721 5007.521
2619.472 5621.220
3062.354 5188.559
3222.907 5653.256
3444.993 5622.100
3234.646 5313.794
2713.090 5418.108
3246.278 5075.226
3295.016 5247.594
3465.042 5552.267
2720.996 5665.323
2650.501 5144.864
2619.498 5131.608
2658.722 5655.081
2576.130 5310.580
2601.575 5429.200
2936.039 5081.230
2963.059 5070.558
2851.402 5279.229
2720.140 4911.163
3426.328 5170.720
3071.556 4904.870
3122.718 5147.197
2881.177 5639.722
3424.835 4851.500
3294.458 4873.086
3273.209 5386.971
2882.680 5222.531
2972.653 4915.971
3126.987 5078.500
3188.838 5251.275
2951.217 5596.179
3464.556 5041.832
3376.311 5447.371
2767.986 5272.482
2746.130 4907.260
3236.710 5168.320
2860.559 4856.745
2743.058 5112.987
2739.803 5441.310
2750.829 5010.425
3159.160 4901.627
2935.711 4930.473
2815.214 5158.076
3334.848 5647.869
2913.616 5386.700
2689.724 5620.369
3120.451 5020.010
3033.527 5455.233
2640.969 5433.333
2637.325 5589.509
3211.301 5541.760
3169.128 4822.087
3229.330 4813.196
2688.209 5420.935
3368.703 5561.722
3335.723 5408.581
3298.366 5639.516
3295.459 5263.959
3461.015 5156.603
3327.692 5354.488
2667.569 5192.465
2689.430 5215.391
3033.800 4833.180
3015.166 5300.639
3170.656 5316.013
3042.708 5241.967
2617.188 5155.515
3156.035 5548.737
2908.594 5637.900
3144.028 5532.323
3397.021 5338.860
2623.710 4993.251
3029.955 5075.502
3318.121 4906.220
3389.234 5659.335
3135.518 5042.375
3018.892 5129.072
2750.725 5614.443
2768.215 5635.582
2694.125 5264.314
2722.357 5449.492
3006.474 5345.977
3304.787 5203.821
3202.310 4960.594
3387.490 4920.587
3298.664 5534.069
2763.968 5597.464
2644.072 5458.335
3323.632 5249.091
3326.616 5182.205
3162.850 5059.197
2637.323 5189.436
2657.472 4973.235
3458.182 4809.321
2694.656 5551.510
3363.066 5222.578
3241.598 4811.844
2830.548 5259.277
2635.122 4963.198
2922.580 5176.324
3241.009 5393.237
2611.662 5263.108
3099.672 4829.156
2874.130 5554.774
3198.650 5253.904
3444.640 5415.994
2794.382 5325.500
2819.354 4877.541
3051.923 5567.193
2581.839 5326.958
3012.666 4949.656
2703.974 5406.800
3266.842 5215.248
3127.743 5618.884
2689.762 5504.523
3229.244 5168.167
2917.970 4954.960
2576.839 5002.892
2825.112 4859.954
2757.206 5371.369
2858.763 5019.205
2866.259 4842.698
3430.393 5172.225
2639.791 5038.231
3196.824 5428.812
2889.877 5018.900
2574.390 4897.846
3299.215 5208.310
3415.502 5121.244
3101.621 5564.325
2743.044 5575.792
3437.600 5667.016
3035.968 4879.544
2625.610 5155.840
3461.809 5362.629
3237.029 4904.538
2725.031 4959.989
2740.591 5201.062
2628.761 5002.061
2701.112 5208.012
2918.387 5509.694
2839.341 5310.757
3304.989 4992.966
3216.810 5215.704
2997.697 5643.883
3067.088 4882.479
2715.586 5544.001
3392.025 5005.188
2584.699 5625.989
3079.859 5201.828
2648.113 5286.709
3398.492 5075.987
3141.264 5372.623
3280.215 5463.973
2746.387 5374.742
3091.389 5604.114
2983.269 4848.469
3352.559 4979.231
3283.809 5452.262
2614.319 5226.099
3047.388 5373.052
3406.969 4822.872
3173.479 5534.042
3325.821 4975.192
2870.609 5653.413
2833.738 4922.802
3053.408 5605.379
2913.491 4805.086
3134.283 5542.509
3244.789 5301.394
3016.743 5017.696
3286.942 5079.815
2586.744 5452.535
2843.233 4952.774
3117.946 4916.621
3403.448 5364.107
2694.292 5119.271
2734.935 5395.387
2775.222 4879.262
2955.505 5690.464
2851.893 4811.531
2587.806 5239.142
2924.304 4943.393
2718.024 5112.183
3160.715 5375.961
2960.609 5343.395
3163.157 5493.802
2731.061 4859.328
3038.127 5356.624
3040.185 5313.978
2606.185 5314.882
2580.846 5544.853
3443.799 5197.807
3441.110 5323.787
2792.598 5200.384
3381.971 5006.695
2723.251 5459.537
3038.299 5083.485
3392.185 5651.375
2820.641 5661.679
2807.530 5022.442
3015.210 5641.613
3065.255 5487.882
3447.799 5641.598
2673.301 4987.083
3226.348 5369.999
3331.252 5517.988
3110.953 5249.410
3082.261 5047.122
2847.411 5521.964
3332.786 4838.947
2874.733 5018.412
3176.261 5006.201
3405.272 5269.349
2886.737 5073.856
2582.805 4851.581
2809.222 4903.172
2767.210 5202.602
3409.451 4935.410
2683.820 5277.389
2823.016 4892.268
2909.257 4806.916
3277.143 5253.275
2696.363 4864.658
2915.313 4945.956
3183.161 4890.056
3368.977 4913.001
2860.089 5429.951
3229.121 5471.505
2610.566 5209.828
3200.794 5586.181
2985.564 5181.819
3370.735 5461.931
2788.505 5239.323
3415.083 5033.149
2754.058 4989.223
2797.058 5270.019
3255.659 4964.766
3203.764 5242.256
3211.574 5136.381
3041.492 5258.249
3465.322 5430.928
3351.276 5238.383
3332.851 4862.796
3145.938 5620.992
3116.227 5301.153
3057.929 5596.388
2953.515 5073.665
3263.751 4935.725
3329.734 4887.909
3413.646 4823.061
2953.141 5471.740
2724.207 5215.644
3287.004 5289.735
3204.616 5592.023
3023.148 5253.274
2648.253 5513.383
3269.505 5076.684
2664.476 5470.218
2893.751 4875.385
3249.763 5688.443
2836.247 5539.245
2884.137 5077.254
2919.805 4888.334
2814.175 4808.187
2696.718 5038.800
3166.251 5074.924
3206.961 5662.965
2767.522 5479.146
2640.569 4824.909
3400.432 4846.824
2601.155 5575.159
2725.431 4978.011
3124.438 5522.040
2964.426 5336.317
3040.661 5215.543
2961.534 5353.682
2843.801 5168.631
3070.208 5592.014
2928.862 5225.927
2743.284 4987.031
2834.061 5250.983
3399.170 5113.072
2787.215 5061.886
3332.975 5239.747
2932.420 5442.386
3434.478 5473.757
2756.477 5529.736
2937.113 4842.329
2809.536 5589.154
3075.784 5153.954
3267.173 5306.131
2875.356 5692.692
3107.699 5178.364
2908.073 4871.175
3268.760 5217.780
2827.841 5329.438
2892.099 5167.722
3121.967 4851.950
2646.036 4990.429
3190.668 5077.532
2710.031 5312.517
2694.806 5442.822
3003.023 5146.963
3263.848 5160.765
3014.104 5003.762
2833.172 5133.360
3402.153 4973.728
2901.684 5204.543
3274.294 5683.825
2593.641 5167.534
2886.520 5244.711
2980.466 5616.215
3023.416 5604.256
2659.566 5036.014
3088.746 5536.023
2577.482 4962.017
3039.743 5177.979
2948.244 5487.992
2798.359 4929.821
3065.375 5086.472
2745.184 5070.227
2697.060 5486.116
2662.345 5468.823
2654.868 5083.103
2838.374 5487.083
3284.512 4937.052
3339.495 5539.999
3437.078 5058.760
3350.526 5020.955
2596.692 5015.087
3005.874 5616.453
2933.536 4857.627
3296.496 5516.092
2655.505 5636.918
3261.171 5336.624
3214.853 5382.309
3245.771 5001.696
2691.445 4847.566
3173.268 5372.059
2796.122 4828.044
2956.688 5541.068
2710.435 5058.816
2946.900 4943.336
3115.149 5572.604
3428.903 5100.783
3243.544 5367.660
2953.925 5009.931
2923.388 5339.843
3366.756 5546.443
3200.315 5112.079
3312.956 5663.197
2574.920 5409.596
2661.095 5565.805
3352.423 4989.216
2801.376 5069.530
2827.926 5291.431
2990.523 5206.716
3259.993 5177.434
3195.594 5422.199
3332.108 5525.254
2925.092 5097.889
3243.219 5608.085
3205.673 5152.030
3182.495 5656.797
2918.184 4975.432
3014.118 4912.159
2630.947 5149.587
3176.647 5450.056
3380.374 5510.043
3045.032 5652.762
3463.892 5616.375
2581.026 4873.117
3018.241 5044.793
3352.136 5268.529
3104.073 5651.747
2591.974 5537.183
2890.749 5325.770
3033.666 4881.150
2881.097 5048.503
3209.601 5246.456
3456.156 5587.760
2741.228 5205.991
2621.332 5105.759
3236.321 4827.869
3231.711 5334.334
3382.225 4924.793
2992.249 4934.015
2884.336 4975.963
3359.428 4941.170
2761.577 5379.625
2971.468 5429.662
2986.875 4842.074
3252.056 5381.892
3148.926 5102.716
3132.253 5039.653
3172.071 4835.767
3328.181 5305.600
3013.845 5000.160
3273.790 4900.601
2726.850 5658.760
2869.906 5285.120
3361.122 5128.054
2578.377 5407.906
2978.540 5624.481
3342.163 5260.365
2812.066 5492.690
2609.150 4988.135
3040.772 5275.462
2890.506 5651.555
2626.621 4818.390
2827.511 4869.043
3192.757 5530.946
3451.357 5674.871
2722.968 5691.636
2968.551 5384.545
3100.136 5343.316
2704.095 4933.109
3365.660 5436.045
3196.764 5049.313
3090.325 5460.474
3183.354 5327.990
3081.776 5324.434
2859.054 5635.561
2948.987 4867.791
3256.550 5648.941
3155.072 5471.340
2954.978 4851.217
3305.091 5464.386
2929.302 5346.172
2944.110 5216.471
2969.461 4962.418
3006.901 4952.560
3334.336 4947.900
3364.975 4857.545
2792.472 4891.335
2601.884 4894.278
2674.768 5440.333
3259.098 5595.433
2622.362 5540.637
3452.955 5628.453
3055.719 5511.441
3170.796 5410.827
2730.528 5529.231
3167.517 5571.768
3255.116 5661.514
2947.631 5235.245
2700.565 5586.290
2970.213 5493.732
3328.809 5202.117
3221.941 5090.518
2819.782 5404.673
2903.959 5344.748
3070.526 5317.025
2917.027 5671.969
2919.593 5581.054
2964.878 5120.950
3176.748 4879.705
3262.454 5000.517
2933.965 5221.052
2840.063 5365.483
2735.320 4829.599
2948.959 5206.920
2836.381 5011.516
2866.031 5604.209
3134.961 5617.593
3453.491 5215.891
3072.049 5535.510
3336.002 5027.516
2756.221 5509.897
2847.431 4994.380
2938.098 5581.226
2997.008 5642.038
3292.338 5095.311
2871.947 4988.045
2676.009 4892.202
2873.729 5088.859
3376.830 5552.749
3018.254 5142.849
2884.741 5298.576
2664.837 4839.908
3233.561 4931.357
2594.435 4954.452
2634.280 5405.165
2865.534 5578.819
2599.424 4811.825
2586.574 5394.352
2877.429 5445.284
2705.124 4888.111
3273.109 5155.227
3402.029 4990.452
2940.214 5397.753
3287.966 5294.619
3201.144 5460.290
3447.687 5651.603
3303.914 4958.106
3004.421 5655.058
2863.246 5640.534
2728.234 5393.183
3039.267 5247.664
3448.658 5579.340
3180.313 4951.810
3353.165 5493.517
3420.124 4815.402
2625.274 5203.277
3439.685 4831.720
3008.257 5500.470
3152.216 4856.269
2936.898 4993.707
3177.337 5384.298
2910.479 5081.070
2749.191 5393.478
2837.894 5244.545
3206.073 5090.773
2707.982 4918.964
3225.706 5495.884
3291.900 4891.461
2719.616 5194.556
3363.646 5409.950
3276.800 5337.357
3037.874 5689.384
3289.641 5568.176
3323.241 5157.390
3338.637 5184.527
3358.405 5482.502
3067.776 5124.221
3344.569 5258.837
3187.585 5653.903
2922.576 5138.452
2609.249 5210.190
2808.526 5362.995
3179.584 5235.800
2990.784 5036.710
3083.789 5081.219
3012.181 5061.026
3069.809 5663.371
2614.245 4819.240
2814.499 5398.976
3401.658 5415.792
3209.139 5684.804
2625.924 5469.133
3313.556 5017.581
3007.348 4940.632
2833.661 5321.344
2859.084 5502.806
3243.129 5346.639
3445.422 4953.690
2836.166 5395.276
2747.206 4978.730
2703.373 4983.117
3075.332 4917.759
3134.810 5287.085
2945.028 5215.106
3377.398 5461.782
3464.927 5350.014
2765.790 5439.294
2878.516 5397.860
2970.315 5303.697
2934.225 4893.181
3036.262 5332.076
3451.201 5032.626
2862.200 5663.337
3230.857 5437.339
3374.301 5099.308
2772.062 5599.477
2990.138 5626.020
3404.276 4905.453
3335.452 4938.969
3075.359 5072.057
3463.510 5123.408
3116.330 5155.198
3417.246 4822.459
3432.942 5190.465
3219.653 4843.777
3214.034 5651.712
3081.044 4884.147
3092.596 5322.677
3436.596 5530.932
2624.808 5299.225
2792.856 5507.435
2828.974 5202.165
3061.652 5435.467
3124.772 5034.091
2747.555 5503.231
2964.569 5033.437
2962.741 5540.127
3287.028 5255.170
3157.428 5335.142
3466.265 5502.623
2842.973 4995.529
3289.261 5229.851
2623.071 5430.855
2907.625 5168.831
2743.886 5314.615
3304.624 5582.460
2683.923 5339.589
3334.977 5137.962
3236.974 5475.283
3329.352 4921.015
3385.929 5253.478
3111.867 4966.556
2892.581 4909.214
2702.127 5392.303
3191.138 4970.081
2670.358 4945.576
2849.472 4939.527
3412.270 5339.319
3278.849 4863.857
2664.236 5432.827
3342.222 5202.755
3423.360 5301.056
2934.903 5262.105
2654.992 5492.123
2621.218 4982.625
2943.134 5340.066
3232.277 5661.111
3267.383 5006.351
2902.640 4907.384
2653.788 5108.514
3361.744 4893.838
3235.033 4834.298
3264.078 5274.856
2978.944 5493.369
2912.730 5312.574
3372.743 5194.007
2582.650 5150.679
3303.215 5269.027
2762.155 5408.892
3421.037 4822.684
2902.111 4997.876
3412.502 5363.240
2890.317 5121.679
2899.345 5242.481
3136.690 5654.979
2701.261 5269.888
2713.191 5048.680
3097.454 5430.866
2858.403 5542.610
3162.121 5237.517
2750.345 4868.346
3292.989 5591.843
3382.984 4907.338
3345.286 4839.277
3114.110 5310.341
3408.107 5270.787
2892.573 4899.343
2607.468 5260.868
3202.376 5271.278
3088.488 5516.860
3356.558 5545.264
2732.867 4956.434
3264.655 5477.269
3235.642 5183.448
3268.389 5532.366
3414.245 5581.878
3463.601 5322.353
3053.642 5150.018
2781.415 5484.058
3208.729 4927.145
2934.687 5501.357
2612.737 4978.173
3134.763 4977.896
3417.713 5180.378
2763.605 4958.671
2746.060 5478.561
3450.003 5438.510
2679.269 4899.522
2967.831 5331.554
3023.531 5023.465
3369.458 5079.477
3334.359 4979.530
3327.900 5134.065
2960.614 4838.892
2864.061 4979.992
3231.093 5355.580
2709.869 5019.454
3353.469 5352.237
3426.628 5567.531
3286.711 4953.554
3246.804 5303.039
3128.380 5392.659
2753.580 4910.633
3309.629 4821.622
2877.037 5338.598
2867.213 5536.548
3103.061 5245.075
3461.199 5539.244
3316.441 5480.969
2950.992 5509.087
3358.464 4986.025
2787.209 5251.729
3178.715 5450.117
3407.310 4935.154
3100.016 4817.400
2753.582 5429.040
3194.058 5692.800
3118.676 5632.713
3258.655 5687.065
2638.728 5427.096
3342.897 5449.199
3335.568 5559.724
3280.342 5265.287
3199.894 5310.112
3122.145 5034.034
2810.744 5195.987
2586.459 5016.004
3018.349 5406.238
2827.061 5680.380
2730.200 5607.923
3254.730 5376.407
3103.945 4871.209
2979.973 5511.605
2771.895 5631.179
2958.696 5341.456
3142.823 5084.708
3336.153 5018.965
2738.145 4883.494
3366.958 5467.469
3004.972 4938.600
3126.265 4883.717
3309.218 5137.402
3020.206 5678.739
3302.540 5177.531
2601.597 4922.480
2917.043 5180.787
3047.217 5005.851
2895.097 4852.611
3423.979 5255.221
3101.747 5280.053
3296.169 5543.387
2598.098 5416.918
2574.151 5617.591
2895.284 5060.102
3105.605 5567.464
2912.843 5662.863
2859.579 5197.255
3391.846 5138.743
3379.612 5327.215
3140.596 5402.582
2970.662 5231.278
3353.762 5221.427
3014.702 4809.005
3058.650 5646.868
2936.539 5038.084
3082.851 5416.189
3158.678 5405.750
2597.758 4996.395
2653.641 5554.818
2908.646 5430.756
2635.254 4907.086
3098.188 4932.445
3344.618 5303.197
3259.475 5559.687
2640.807 4860.091
3039.836 5086.122
2950.452 5586.554
3133.938 4996.628
3442.897 4923.256
2918.259 4945.105
3169.423 4828.440
3440.961 5250.291
3107.724 5058.040
3066.428 5054.907
2907.504 5601.049
3200.484 5668.423
2812.796 5687.043
2727.650 5486.464
2632.039 5362.233
2726.456 5323.566
3012.617 5188.509
3250.058 5301.684
2861.258 5145.129
2967.662 4845.018
2971.618 5171.661
3452.521 5629.743
3254.705 5502.743
3128.493 5139.622
2836.178 5289.871
3067.659 5082.829
2598.144 5475.171
3105.235 4883.884
2946.912 5180.449
2696.260 5141.106
2668.144 4847.403
3319.641 5515.317
3381.924 4992.317
3423.093 5526.547
2728.313 4893.837
3346.445 5304.101
3407.276 4998.207
3406.476 5114.613
3099.453 4986.638
3334.086 4882.826
3268.434 4967.500
2674.866 4883.633
3461.063 5198.362
3255.576 5111.874
3369.287 4808.065
2772.792 5150.632
3071.683 5321.203
3151.652 5651.874
3152.867 5434.299
3139.740 5196.543
3235.131 5414.523
2820.626 4980.545
3030.953 5354.605
2973.609 5110.708
3055.204 5292.721
2993.709 5167.388
2929.586 5099.188
3284.237 5689.459
2705.811 5471.976
2800.350 5219.934
3095.180 5546.573
3273.328 5294.061
3408.876 4862.126
2662.003 4991.984
2611.478 4936.476
2606.322 5398.222
2859.604 5573.388
3094.923 5013.719
3088.771 5122.090
3317.631 5133.925
3037.794 5438.988
3376.649 5052.303
3283.856 4875.070
2612.336 4823.609
3206.767 5059.238
2900.245 5358.375
2689.892 5198.514
2797.164 5659.419
2976.252 5589.103
3214.151 5263.993
2636.339 5142.222
3002.626 5429.455
2885.934 5094.824
2705.696 4951.545
2720.560 5241.687
2752.132 5155.565
2878.868 4844.371
2726.294 5080.593
2705.127 5164.987
3197.663 5193.117
2626.684 5253.735
2898.847 5692.058
2585.985 5066.489
2770.863 5650.070
3364.087 5591.688
3392.038 5684.149
3086.303 5516.174
2855.247 5123.899
3275.761 5322.831
2760.825 5085.376
3210.421 5678.790
2604.543 4895.975
2883.929 4894.706
2684.623 5094.511
2774.602 5309.027
3374.163 5353.880
2932.392 5004.855
3164.616 5506.680
2830.856 5168.864
3036.475 5621.301
3257.975 5528.536
2811.315 5590.309
3058.504 5529.539
3191.673 5487.287
3444.943 5622.553
3378.816 5437.900
3311.198 5008.552
2791.445 5119.728
3302.775 5106.151
2839.665 4908.360
2948.620 5667.332
2922.442 4980.858
3133.978 4945.157
3128.430 5161.548
3242.221 5154.199
2765.051 5179.866
3421.186 5369.025
2713.879 5544.080
3374.302 5644.467
3225.428 5190.517
2790.299 5253.505
2788.480 5383.011
2823.433 5596.284
2828.290 5108.686
2950.989 5120.625
2737.413 4813.770
2595.499 5218.521
2911.021 4990.876
2641.876 5258.837
2924.449 5308.608
2678.061 5102.730
3127.383 5077.307
2621.517 5429.806
3028.042 5331.238
3057.754 5433.580
2721.448 5406.841
3325.222 5403.359
2875.258 5189.300
3167.439 5427.696
2796.879 4817.367
2603.902 5497.531
3216.972 5230.765
2994.205 5056.694
3282.195 5205.918
3424.214 5392.590
2726.121 5300.598
2816.491 5032.363
3288.646 5633.827
2802.157 5270.138
2721.698 5050.513
3442.627 5435.566
3064.507 5221.266
3347.481 5318.020
3199.367 4815.593
3170.667 5040.597
2858.860 5079.904
3169.522 4847.503
2700.785 4881.417
3072.729 5262.033
2853.608 4985.710
3458.294 5069.800
3126.741 5572.124
3192.010 4975.121
3390.702 4853.355
3100.054 5583.312
3202.839 5382.600
2584.126 5638.357
3439.569 5167.309
2928.730 5661.630
3460.911 4869.135
3242.668 4823.806
3103.865 5673.285
2607.967 5145.932
3281.241 5614.573
2972.322 4870.522
3015.734 5404.561
3075.051 5058.751
2794.579 4898.141
2758.734 5201.904
2914.709 4913.266
3108.585 4824.868
3438.733 5676.582
3445.293 5067.821
2767.581 5158.759
2793.891 5531.071
3205.506 4892.075
3003.507 4946.066
2725.729 5534.303
2996.810 5557.105
2910.719 4994.028
2610.129 4905.983
2803.745 5158.661
3436.390 5435.328
3064.117 5452.644
3311.660 5339.106
2939.575 4826.989
3094.525 5120.003
2709.326 5392.094
2931.811 5268.127
3301.782 5166.804
2983.773 5153.337
3362.133 4832.400
3239.273 4966.790
2939.379 5675.304
2916.127 5156.304
3119.417 5011.409
2634.880 5405.986
2976.927 5668.558
2720.088 4886.303
3026.955 5353.965
3216.036 5650.637
3022.161 5509.107
3396.812 4869.966
3094.357 5296.430
3424.767 5291.162
2652.551 5405.527
3451.512 4822.493
2780.250 4836.998
2962.421 4989.525
3009.743 5092.399
3414.461 5227.604
3317.348 5428.020
2644.127 5676.065
2891.026 5060.414
2852.013 5162.554
2768.914 5305.364
3456.119 5681.676
2860.429 4857.981
3402.503 5466.002
3167.246 5551.351
2997.841 4883.986
2744.139 5169.656
3293.025 4815.406
3356.400 5296.370
3279.577 5425.527
3236.942 4845.271
2977.723 5226.976
2984.839 5346.299
3417.861 5044.374
3068.232 5522.100
2654.296 5221.650
3076.739 5127.123
3342.945 5504.047
2884.385 5039.652
3249.477 4833.603
2662.363 5128.912
3393.969 5596.664
3346.801 5097.100
2781.082 4873.005
3017.423 5207.820
3182.046 5082.295
3044.409 5688.675
3044.521 4987.529
2591.511 5477.311
3223.102 5216.181
3284.123 4817.122
3364.209 5603.231
2594.247 5169.270
2683.283 4991.537
2904.683 5415.578
3351.445 5231.862
3182.560 4927.552
3092.231 5502.441
2758.896 5301.331
3345.085 4989.734
3242.027 4984.325
2941.379 5612.536
3121.973 5282.206
3088.205 5149.804
3459.604 5165.801
2688.622 5631.229
3025.348 5373.394
2697.117 5443.282
3458.747 5465.955
3318.482 5271.191
3276.059 5694.979
2975.391 5216.684
2633.594 5649.542
2613.854 4858.010
3079.327 4990.311
3408.081 5351.032
2893.664 4827.488
2875.140 5596.298
2930.245 5006.425
2806.412 4817.800
3426.010 5382.466
2798.530 4918.979
2836.510 5237.377
2760.833 5565.803
3329.110 5346.192
3059.332 5208.018
3402.905 5125.642
3116.746 5363.544
2848.550 5434.379
3022.567 5328.945
3263.748 5649.309
3419.142 5220.368
3070.243 4822.027
3154.337 4827.504
2844.458 4950.907
3321.332 5070.444
2648.889 4895.059
3118.805 5594.606
2862.209 5019.410
2909.715 5448.324
2869.040 4991.780
3259.844 5117.656
3077.095 5479.470
2809.817 5246.779
2656.229 4889.359
2669.908 5599.280
2982.628 5123.723
2585.499 5579.724
3171.023 5227.031
2774.818 5215.910
2641.797 5286.930
2837.472 5025.589
3401.171 5411.429
2989.561 5506.474
2661.648 4899.778
3015.605 5396.752
2824.298 4924.967
3134.473 5640.648
3385.239 5575.559
2745.074 4835.179
3235.218 5529.160
3249.418 5513.244
2733.145 5177.442
2827.556 5480.107
3032.858 4956.950
3295.294 5400.988
2992.756 4974.568
2712.674 5480.013
2941.988 5209.335
2987.799 5163.138
3380.286 4947.528
3051.657 5502.302
3043.684 5465.731
3146.436 5624.641
2688.436 5021.590
2713.404 5112.465
2617.525 4878.700
3272.681 5032.840
2829.076 4833.298
3346.519 5276.519
2977.227 5287.608
2995.422 5259.638
2771.832 4966.311
2710.031 4836.544
2751.680 4994.065
2868.688 4817.000
2697.176 5298.667
3245.282 5248.356
2807.134 4946.345
2850.697 4998.487
3381.305 5626.660
3361.998 4908.095
3128.393 5438.160
3448.381 5582.373
2752.398 5532.655
2898.600 4943.986
3058.796 5135.604
2590.185 5661.291
2995.795 4971.228
2827.747 5218.215
2781.479 5124.008
2869.994 5148.464
3265.711 5509.239
2775.599 5530.583
2672.477 5527.159
3156.938 4979.955
2618.871 5347.291
2745.435 4996.373
2727.778 5571.725
3445.409 4868.301
2665.282 5238.122
2712.544 4840.371
2803.703 5142.495
3079.991 5162.453
3406.801 5312.484
2806.772 5471.568
3285.071 5226.490
3074.597 5088.619
2760.059 5090.931
2904.941 5280.711
3327.458 4914.728
2897.429 4829.378
2763.585 5553.701
2759.519 5202.873
3233.860 5612.305
3200.369 5533.601
3014.393 5656.609
2919.671 5124.469
2615.704 4987.211
3198.556 5010.728
3220.600 5487.349
3150.332 5468.913
2622.737 5644.829
2741.578 4904.418
3168.068 5490.902
3003.947 5394.957
3398.979 5037.872
2769.602 5060.535
2743.386 5525.067
3151.693 5468.654
2829.515 4853.743
2898.219 5612.374
3368.245 5614.520
3267.445 5681.070
2971.279 4825.942
2699.926 5229.464
2712.619 5298.484
3246.679 5493.358
2857.868 5193.932
3353.953 5012.550
3192.888 5569.136
3304.694 5166.735
2921.713 4895.476
2819.496 5296.467
3197.853 5582.324
2779.429 5552.527
2869.636 5258.422
3005.515 5327.536
3348.753 5643.032
2771.686 5228.373
3204.461 4807.160
3055.096 5305.718
3379.092 5660.953
2582.599 5182.997
2799.066 5103.403
3054.913 4915.302
3385.957 5145.046
2876.192 5362.954
2794.488 5328.726
3097.925 4927.307
3362.373 5532.987
2775.935 5255.829
2975.017 4900.566
3078.531 5211.616
3313.187 5331.558
2649.173 5060.317
2960.137 5127.980
2615.611 4831.173
2606.913 4976.024
3370.912 4933.783
2636.029 5224.937
3318.396 5576.874
2703.219 5117.670
2587.341 5124.316
3244.353 4940.603
2682.862 5182.209
2700.166 5120.114
3394.027 5664.993
2830.570 5392.347
2683.533 4987.123
2954.226 5048.020
3309.731 5138.245
2870.982 5454.318
2917.426 5254.969
2820.215 4820.175
3346.147 4912.519
2885.823 4962.577
3095.676 4930.299
3039.754 5219.608
3377.389 5337.528
2919.019 5305.929
2787.800 5248.395
3444.610 5161.016
2576.265 4958.959
3266.280 5274.470
2692.761 5532.923
3427.257 4961.601
3036.041 4955.710
3253.315 5494.615
2578.117 5011.928
2740.571 5333.385
2781.929 5017.614
3024.977 5289.317
2821.764 5255.157
3265.421 5298.465
3360.821 5427.356
3455.334 5225.839
2872.895 4820.714
2979.032 5196.236
2806.494 4864.508
3093.817 5270.827
2967.017 5668.235
2774.747 5085.549
2764.713 5059.608
2943.886 5638.429
2816.986 5217.848
3172.303 4861.141
2720.253 5370.694
2726.183 5125.349
3056.301 5242.702
2859.587 5432.894
2791.723 4958.801
3002.669 5176.792
2981.608 5345.985
2907.246 4821.566
3154.482 4904.944
3120.244 5549.015
2762.713 4836.582
2935.652 5144.698
3115.788 5673.050
2575.545 5085.745
2615.220 5687.999
2610.021 5475.059
2756.919 5111.540
3005.286 4832.710
2630.987 5671.966
3360.770 5117.778
2690.063 5455.588
3275.567 5175.919
3420.603 5534.424
2675.301 4930.786
2790.652 4994.816
3309.066 5428.290
2673.492 5078.971
2705.855 5085.980
3044.450 5136.747
3253.729 5431.210
3203.093 5244.269
3166.183 4997.500
3445.330 5565.436
3132.040 5569.113
3269.016 5331.428
3427.803 4913.586
2941.791 4869.472
2726.065 5236.905
3252.873 5468.052
3193.259 5414.155
3389.719 5533.039
3046.963 4939.094
2959.858 4922.964
2939.066 5062.238
3428.319 5054.048
3225.627 5664.528
2951.666 4985.304
3121.826 5496.683
2981.389 5512.276
2937.282 5115.624
3434.539 5035.948
3430.838 5618.241
2635.011 5583.833
2852.716 5503.560
3059.543 5547.748
3298.566 5501.619
2903.439 5603.047
2960.902 4983.887
2695.768 5269.570
2733.629 4874.332
2578.172 5061.769
2681.583 4893.978
2786.483 5063.023
2608.003 5364.687
3214.399 5241.445
2891.297 5472.854
3008.033 5398.757
3120.664 4884.826
2744.342 5287.300
3408.603 5165.202
2681.526 5675.710
3031.939 4929.870
2929.320 5281.225
3241.350 4837.578
3428.560 5391.042
3422.929 5340.454
2872.310 5645.766
2670.697 5344.064
3398.341 5452.124
3103.219 5025.457
3179.824 5398.759
3082.607 4858.679
2658.556 5527.383
3193.006 4835.528
3076.983 4967.165
3432.622 5380.847
2977.770 4966.255
3014.678 5681.697
3019.684 4858.059
2920.415 5572.296
2738.270 5430.285
3458.092 5054.400
3067.961 5630.531
3100.902 5100.458
2872.161 5638.533
2852.908 5135.076
3427.221 5281.967
2708.098 5184.745
2645.635 5580.780
2950.893 5177.547
2902.974 5518.669
2649.090 5374.605
3417.943 5691.240
3256.659 5518.460
3209.300 5068.429
2784.716 4843.094
2992.531 5558.803
3303.867 5191.858
2908.482 5326.965
2657.161 5042.841
3322.901 5042.169
2743.546 5600.362
2969.011 5513.386
3072.284 5095.987
2601.847 5465.288
2816.533 5246.032
2790.139 5227.518
2900.522 5521.102
3382.985 5652.039
2864.416 4974.560
2639.521 5513.949
2677.349 5050.278
3166.028 5069.966
2906.919 5397.007
3036.557 4817.386
3135.507 5218.809
3362.863 4954.220
3324.915 5318.622
2624.283 4882.431
3017.414 5595.249
2988.465 5660.075
3332.974 5445.039
3080.333 5671.472
2833.579 5158.614
3240.846 5143.965
2575.091 5346.929
3086.928 5280.588
2857.280 5284.852
2737.191 5070.527
3062.113 5620.119
3200.617 5497.729
3392.930 5444.480
3326.383 5616.113
3033.952 5164.703
2921.054 5086.462
3240.925 5289.116
2785.239 5628.554
2972.663 5414.924
2724.825 5010.309
2919.822 5401.752
3037.190 5303.955
3125.403 4911.414
3292.490 5601.756
3329.208 5275.311
3378.209 5435.373
3151.876 5688.941
3247.292 4850.918
3234.159 5270.626
2611.914 4948.560
3414.353 5055.805
3160.904 5081.981
2608.901 5535.906
2884.169 4931.373
2882.374 5098.647
3249.223 4880.498
3019.037 5381.990
2734.455 5411.997
2985.835 4971.515
2688.434 5347.915
3170.691 5632.870
2936.227 4808.910
3130.876 5247.498
3389.208 5001.577
3197.331 5418.573
3205.745 5432.191
2874.880 5114.222
3256.000 4808.729
2932.008 5505.616
2672.449 5150.094
3412.100 5665.926
2672.813 5642.845
3424.459 5253.813
3095.219 5350.373
3197.821 5456.123
3060.439 5220.333
3153.731 5291.782
2900.728 4922.461
2635.459 4936.093
3080.624 4883.117
2627.154 5099.295
3013.434 4962.288
2830.277 5064.983
2608.070 5465.755
2864.740 4923.866
3299.972 5325.440
3405.394 4985.342
3044.591 5168.502
3233.864 5494.505
2852.999 5191.559
3422.575 5136.995
2775.496 5633.782
3440.464 4916.316
3030.011 5156.273
2609.857 4886.194
3275.264 5036.790
3233.913 5493.860
3106.179 5522.726
3433.442 5038.232
3399.333 5617.898
2742.154 5132.078
3311.135 4971.325
2676.075 4818.259
3090.001 4936.190
3442.765 5530.015
2956.928 5171.997
3167.864 5057.830
3386.016 5422.214
2721.792 5170.930
2826.005 4898.656
3057.832 5019.481
2798.497 5677.791
3343.948 5240.549
3352.536 5271.084
2652.159 4982.786
3013.370 5615.989
2588.019 5296.636
2726.171 5683.977
3333.210 4823.809
3367.328 4819.965
3255.413 5422.194
3133.816 4925.753
3414.745 4965.612
3379.774 5064.373
3326.096 4997.094
3238.485 4987.972
3349.790 5616.792
2781.075 5685.806
3304.376 5208.650
2762.682 4820.454
2650.818 5320.036
2913.630 4987.248
3294.402 5405.685
3142.720 5536.123
3083.856 5284.604
2597.715 5476.679
3327.725 4830.366
3312.366 5293.065
2837.362 5410.812
2953.096 5127.740
2917.216 5562.374
2961.617 5389.697
2578.751 5240.079
3389.041 4936.382
2767.047 5315.152
3299.549 4921.132
2662.273 5008.775
2990.201 5023.479
3015.518 5139.368
2641.615 5435.038
3445.941 5364.591
3442.110 5614.883
2652.824 5438.379
2858.453 5319.920
2748.341 5184.792
3137.577 5247.924
3288.599 5525.913
2754.977 4924.978
2857.466 5015.837
3309.433 5502.169
3068.849 4845.800
3388.313 5525.445
3282.660 5295.377
2672.926 5236.078
2613.203 4823.034
3404.355 5132.017
3264.926 5229.236
3244.342 5552.937
2938.237 5289.058
2807.579 5069.220
3082.678 5294.912
3266.296 5202.139
3426.547 5282.039
2721.673 5357.068
2915.993 5420.203
2997.884 5664.666
2819.965 5665.002
3054.995 5486.354
2784.567 4937.870
3446.954 4935.863
2982.036 4868.635
3016.831 5382.702
2899.213 5522.506
3060.941 4953.068
3286.974 5454.202
3108.830 5113.865
2811.605 5235.726
3133.355 5127.193
2687.651 5259.764
3354.315 5092.117
2628.506 5502.840
3019.395 4858.616
3175.529 5485.087
3159.020 4991.405
2698.175 4933.662
2669.882 5094.864
2715.366 4943.246
2942.614 5597.331
2696.712 5053.470
2584.683 5001.862
3249.216 4943.080
2669.762 5203.145
3252.294 4983.568
2664.583 4874.461
2849.333 5637.272
2890.104 5256.408
2881.590 5283.488
2692.055 5262.334
2607.694 5097.357
2785.450 4946.737
2825.171 5156.393
2948.114 5549.001
2648.144 5153.830
2923.549 5454.866
2682.700 4997.004
2891.091 4925.302
2877.341 5333.263
2681.900 5402.317
2982.706 4805.691
2622.908 4976.811
3005.403 5693.557
2747.896 5284.522
3340.036 5499.696
2885.992 5559.343
2795.474 4829.503
2711.988 5457.897
3380.846 4847.847
3318.170 5113.234
2938.327 5439.836
2955.689 5663.424
3192.743 5591.711
2769.538 4892.174
2625.795 5227.422
2601.767 5550.972
2791.222 5366.419
3447.666 5117.293
2725.657 5021.099
2921.792 5189.027
3298.529 5018.078
2906.688 5049.942
2741.720 5086.000
3027.826 5066.005
3208.906 5277.344
2827.687 5625.377
3357.528 5530.901
2992.057 5120.666
2731.398 5386.866
2637.239 4899.940
3177.431 5090.546
3043.917 5203.213
3027.345 5627.167
3048.045 5012.744
3116.766 5257.571
3281.173 5248.747
3128.085 4986.320
2587.832 4826.907
2887.607 4924.428
3442.906 4907.846
2704.879 5257.328
2980.948 5536.475
2711.449 5495.295
3252.294 5619.004
2718.931 5132.333
3103.917 5004.128
3393.116 5033.131
2576.605 5054.055
2906.473 5603.549
3371.447 4937.635
3147.276 5576.788
3058.451 5546.634
2834.270 5527.435
2581.930 5434.492
2924.037 5456.726
3231.116 5565.436
3371.920 5411.179
3115.334 4955.012
2722.407 5676.361
3422.495 4808.170
2809.541 5562.956
3250.676 5262.547
3051.688 5402.381
2673.380 5655.504
3124.914 5186.345
2813.803 5142.785
3040.196 4923.961
3328.457 4884.218
3057.758 5272.540
3018.918 5020.431
2815.959 5230.935
2594.583 4836.217
2851.213 5661.149
2879.547 4836.863
3381.406 5177.171
2580.895 5575.755
3362.718 5621.460
2772.500 5011.189
3427.752 5091.588
2825.834 5485.019
2607.047 5027.192
2922.498 4872.169
3205.286 5566.597
2906.431 4920.401
3461.939 4999.871
3051.380 5333.240
3336.814 5690.000
3120.586 4969.033
2836.759 5007.236
3388.832 5612.029
2777.493 5113.312
2770.263 5218.464
3002.564 5539.995
3365.766 5396.678
2850.642 5205.130
2656.666 5232.257
2928.493 5322.007
2737.645 5087.373
2920.363 5245.674
2938.750 5638.083
3150.961 5383.403
2859.787 5033.575
2809.938 5283.768
3236.836 5421.844
2911.277 5135.868
3150.751 5467.204
2855.805 5504.380
3308.070 5032.011
3169.855 5197.408
3141.610 5604.601
3382.437 5229.627
3106.550 5135.448
3129.822 5041.495
2912.407 4991.874
3086.897 4830.111
3087.303 4910.820
2943.314 5278.576
2710.932 5017.590
3020.286 5171.244
3375.358 5373.962
2701.789 4912.589
2972.720 5358.971
2887.754 5493.082
3054.712 4866.794
2804.440 5263.161
3446.991 5605.424
3213.715 5689.407
2779.647 5573.907
2611.809 5150.867
3055.289 5345.162
3288.174 4882.145
3250.362 5075.583
3218.453 5616.796
3020.453 5094.357
6120.126 3383.795
5945.019 3472.024
6062.463 3728.874
6199.061 3541.918
5701.813 4119.408
6184.794 3899.391
5472.954 3352.314
5452.534 3450.711
5575.943 4023.122
6101.223 3330.069
5686.862 3345.885
6307.493 3753.903
6292.370 3537.123
6226.660 3317.085
5852.241 3582.339
5667.241 3638.268
6299.577 3588.295
5744.450 3324.330
5999.837 4012.748
5512.669 3786.764
5542.104 3999.303
5456.630 3892.618
6039.906 3970.101
5722.796 3696.885
5821.807 3695.518
5834.409 3671.972
5605.626 4166.369
6279.871 3463.968
5792.571 3773.326
6122.741 3462.707
5761.283 3817.843
5625.162 3743.642
5845.405 3718.353
5685.030 4175.351
5811.909 3836.536
6327.809 3554.360
6052.946 3897.638
5502.541 3573.754
6067.629 3544.605
6321.841 3823.546
5770.905 3830.846
6300.624 4109.112
5470.475 3452.865
6255.955 3391.565
5970.641 4159.147
5858.751 3756.986
6031.292 3549.466
6036.548 3981.436
6257.148 3318.911
6238.189 4016.754
5644.825 3915.579
5599.845 3711.470
5782.630 3519.282
6258.405 3451.792
6088.801 3599.393
5927.488 3984.018
5715.463 3925.852
5980.101 3882.439
5674.531 3391.918
6301.782 3323.747
6209.151 4129.677
6143.926 3648.116
5806.934 3431.061
5585.619 4039.906
6237.741 3666.540
6000.756 4100.166
6210.301 3509.956
6023.195 3963.045
6279.349 3956.895
5626.796 4173.962
5560.454 3857.914
5515.111 3297.915
6087.692 3740.290
5859.913 4133.239
6143.852 4145.223
5569.455 3508.223
6323.923 4144.567
6316.227 4056.642
5627.972 4011.396
5630.802 3819.811
5883.394 3532.845
5456.701 3456.563
6334.027 3526.076
5599.497 3524.076
5770.448 3406.112
5848.838 3525.162
6056.925 3783.231
5839.542 4021.320
6170.930 4176.268
6125.879 3876.854
5465.792 3967.767
6187.520 3298.770
5955.140 4134.774
5458.086 3703.600
6028.379 3524.461
6337.921 3694.850
6302.564 3348.038
5594.330 3885.706
6071.372 4077.425
6001.361 4081.145
5464.313 3362.222
5660.124 3885.755
5612.202 3663.394
6056.620 3372.243
6032.683 3813.438
6230.390 3761.697
5788.483 3416.072
5898.720 3940.422
5673.907 3575.838
5866.389 3635.070
6037.302 4024.792
5598.112 3689.548
5894.155 3647.399
5459.851 3956.345
5930.724 3568.296
5822.167 3357.222
5522.269 3751.196
6338.208 3382.167
5800.627 3490.213
5662.622 3367.062
5643.325 3943.079
5812.825 3335.983
6322.387 4000.499
6018.026 3962.797
6116.871 3462.704
6220.266 3794.829
5488.511 3520.790
6085.232 3774.413
5638.355 4026.016
5493.336 4023.015
5957.047 3449.917
5998.660 4068.922
6143.874 3846.027
5448.088 4002.447
5778.783 3417.679
5854.389 3516.373
5953.603 3665.521
6284.748 4117.476
6183.614 3292.293
6179.554 4034.414
6190.277 4057.350
5568.510 3838.539
5803.498 3464.492
5810.247 4078.701
6135.413 3334.675
5809.327 3902.262
6318.501 3384.388
6168.217 3916.034
5541.647 4178.724
5669.462 3950.303
6119.600 3931.168
5873.820 3506.395
5760.977 3829.530
5639.872 3862.106
5506.057 3487.311
5925.139 4113.658
5898.219 3409.237
6044.037 3306.106
5595.505 3978.721
5630.933 3701.405
5675.990 3755.079
6275.857 3794.100
5503.992 3850.336
5708.757 3422.637
5493.321 4158.981
6169.241 3557.513
5500.368 3939.410
5674.590 3366.623
5574.134 3437.753
5846.575 3479.737
6288.750 3507.394
6194.379 3446.934
5991.089 3353.981
5699.725 3634.641
6210.752 3542.106
5906.703 3997.790
6112.092 3564.238
6122.755 4041.870
5896.140 3733.681
5750.457 3984.453
5723.428 3893.313
6271.347 3685.018
6175.086 3720.092
5863.803 3812.660
6182.545 3955.014
5532.967 3453.695
6302.931 3801.008
5814.334 3763.265
5662.986 4050.189
5497.322 4059.666
5839.000 3609.853
6008.115 3735.407
5812.732 3618.187
5703.415 3343.038
6070.958 4173.842
5866.258 3882.209
5659.161 3765.891
6268.119 4090.594
6001.560 4165.812
6222.532 3414.568
6280.312 3485.010
6068.744 4020.655
5954.870 3734.144
5545.683 3991.332
5690.288 3696.477
6007.090 3984.493
6210.606 3957.824
6241.267 3879.985
6332.552 3305.801
6284.573 3323.233
6223.895 3334.089
5475.508 3951.555
5894.838 3482.464
6150.987 3451.665
5537.711 3950.221
5891.908 3729.166
5701.801 3695.107
6260.715 4104.401
5463.922 4006.857
5861.733 3613.282
6274.440 3676.514
5558.455 4064.637
6058.104 3736.958
6162.394 3607.771
5749.012 3951.101
5784.020 3972.301
5578.858 3906.667
5779.507 3775.947
6012.521 3480.420
5811.940 3474.442
5782.493 3446.597
6071.498 3731.273
6265.546 3765.481
6314.686 3772.886
5542.434 3388.853
6274.057 3702.708
5581.725 3349.874
6335.123 3618.971
5696.425 3337.153
5892.448 3801.792
5949.603 3659.055
5718.493 4054.265
5741.943 3604.074
6219.517 3453.955
5489.301 3973.190
6149.925 3817.739
5830.902 3478.729
6296.427 4171.577
5772.740 4006.073
6087.551 3574.049
5576.936 4138.216
5970.764 3401.962
6258.430 4081.027
5692.609 3951.515
5812.511 4099.760
6228.771 3524.820
5675.748 4036.848
5797.362 4162.254
5573.998 3524.555
6153.118 3383.960
6157.984 3495.313
5787.429 3835.182
5848.319 4075.502
5462.114 3452.382
6154.791 4094.678
6111.229 3466.002
5966.165 3764.169
6055.063 3870.915
5628.772 4020.807
6304.081 3769.531
5947.551 3457.149
5805.416 3819.964
6145.430 3538.246
5964.428 3988.666
6014.587 3541.585
5979.623 3711.602
5941.606 3844.589
5641.550 3306.147
5463.171 3611.247
6079.558 3608.833
6272.103 3424.303
5696.614 3630.467
6317.012 3575.724
6056.917 3322.962
5618.086 3492.622
5675.897 3669.961
5853.084 3428.403
5913.326 3966.622
5739.344 3939.115
5901.661 3621.850
5948.459 3610.167
5594.647 3586.633
5818.272 3384.742
6172.302 3908.148
5467.817 4034.781
5551.626 4155.286
5801.006 3482.703
6165.762 4153.850
5837.918 3903.082
5659.198 3644.630
5492.122 3598.713
5738.464 3835.238
5990.790 3522.582
5723.276 3916.898
5567.326 4049.858
6066.223 3823.506
6010.126 3602.270
5763.024 3433.102
6055.236 3999.560
6197.881 3955.678
5467.177 3922.187
5984.501 3432.597
5599.234 4148.583
6237.029 4007.609
5715.173 3858.836
5873.871 3448.906
5684.951 3676.855
6196.715 3945.037
5606.195 3675.266
5728.581 3495.384
5913.012 3658.977
6331.949 4102.025
6107.075 3654.561
5849.338 4069.892
6074.898 3898.408
6030.284 4105.337
6217.200 3619.357
6012.318 3782.368
6041.704 3786.839
5958.496 3621.960
5584.899 3507.417
6320.209 4082.663
6000.546 3792.881
5867.030 3867.571
6071.043 3926.677
5656.939 3729.739
6193.016 3684.563
6170.473 3470.040
6297.908 3974.931
5772.636 3416.846
5701.866 3429.794
6314.739 3315.947
5519.507 3481.092
6188.247 4132.477
5505.759 3635.427
5991.820 4120.431
6203.069 3725.826
5908.278 3545.967
5619.659 3959.308
6336.461 3561.697
5941.027 3370.201
5828.007 4145.649
5464.463 3575.323
5733.170 3672.389
5680.966 4180.938
6202.990 3304.460
6336.244 3926.332
6223.986 3642.698
5878.045 3720.410
5860.732 3654.143
5969.200 3456.000
5715.157 3450.915
5554.297 3725.408
6034.744 3443.783
6041.147 4161.779
5637.706 3495.956
5491.257 4041.818
6224.944 3743.046
6277.288 3748.337
5608.957 3851.871
5912.859 3789.738
5500.919 3625.045
6208.765 3898.369
5956.777 3740.455
6081.160 3556.847
5863.561 4050.272
6301.328 3847.617
6238.159 3779.382
5676.765 3317.650
6191.775 4111.426
5769.708 3640.698
5554.988 4104.062
5527.328 3784.601
6248.510 3722.122
6288.232 3908.408
5452.309 3407.830
5923.356 3675.655
5680.916 3734.251
5476.861 3867.050
5583.035 4072.024
5742.210 3633.138
5567.482 3643.672
5505.461 3564.889
6243.565 3963.047
5620.919 4027.740
6062.330 3985.187
5628.477 4076.864
5808.042 3824.184
5645.683 4133.351
6240.880 3836.202
5708.991 4066.736
5655.746 3887.723
6068.590 3407.031
5483.347 3849.803
6243.336 3519.715
5760.753 4168.156
6332.702 4040.292
6223.362 3704.741
6280.258 3631.612
5805.262 3737.141
6267.152 4015.983
6281.945 3354.067
6124.427 3342.978
5822.798 3473.057
6094.842 3885.516
6088.044 3958.612
5448.904 4060.477
6101.993 3632.856
5947.270 3611.285
5666.408 3517.727
6303.099 4076.122
5993.989 3951.513
6285.548 3457.388
5796.802 3808.692
6156.535 3528.449
6164.930 4027.261
6275.727 3955.385
6278.821 3391.206
6273.960 3390.408
6115.871 3668.725
5786.025 3788.337
5693.677 3524.318
5614.612 3416.172
5565.018 3597.349
5955.133 3914.767
5534.266 3376.850
5876.976 3612.918
6026.174 3763.751
6259.992 3311.927
5511.557 3553.899
5649.487 4180.259
6112.939 3490.115
6211.231 3924.705
5696.903 3686.665
5695.608 3594.865
6215.387 3326.331
6283.345 3339.673
5984.258 3767.921
5498.010 4039.114
5555.433 3971.139
5532.258 3950.046
5841.524 3872.771
5561.013 4111.676
6055.237 3940.626
5542.372 4151.221
6189.022 3878.805
5838.666 3487.519
6167.115 4088.707
5482.662 3846.552
5489.225 3521.254
5964.708 3543.160
5859.834 3504.504
5820.413 3654.450
5829.497 3588.591
5472.758 3386.965
5771.088 3543.614
5448.425 3889.109
6153.134 3364.855
5600.194 4014.375
5906.138 3291.992
5734.625 3520.751
5811.788 3499.656
5582.028 4154.912
5558.359 3761.266
6256.222 4166.926
5884.217 3850.033
6022.820 3386.854
5612.441 3939.665
6140.451 4074.827
5844.275 3895.916
6194.913 3432.120
5770.797 4096.348
6027.263 3727.694
5647.120 3950.723
6262.200 4101.040
5951.476 3998.980
5671.342 3677.254
5701.774 3606.366
5829.638 3967.268
5909.898 3623.301
5650.867 4171.232
5491.540 3359.199
5820.689 4140.125
5682.023 3802.970
6091.059 4013.915
5503.493 3922.956
5785.181 3681.435
6277.389 3565.977
6058.766 3894.536
5650.644 4033.204
5579.538 3886.279
5875.876 3669.269
6115.749 4111.180
5573.955 3549.948
6128.180 3606.614
5799.904 4086.684
6054.941 3699.236
6323.372 3749.819
5826.837 3827.059
5654.948 3634.117
5985.899 3859.535
5459.540 4039.790
5779.329 4158.529
5722.639 4029.236
6085.955 3993.780
5795.079 3511.408
5794.140 3505.191
5534.361 3682.077
6151.338 4086.161
5632.792 3408.158
6295.951 3848.818
5594.841 4140.586
6074.392 3780.818
5547.117 3759.424
5512.144 3507.261
6029.288 4007.396
5925.391 3750.084
5655.038 3623.027
5939.029 3568.525
6079.477 4117.438
5965.224 3435.947
6229.579 3430.617
5949.463 3992.302
5989.213 3515.174
5607.250 3763.759
5767.992 3324.021
5731.394 3655.141
6212.386 3680.517
5606.246 3990.548
5643.291 4067.877
5603.540 3371.227
6035.204 3737.343
5712.315 3353.943
5786.072 3849.213
6321.133 3462.691
6228.534 3942.272
5616.528 3593.451
5543.341 4081.568
6338.816 3872.297
5712.194 3550.733
5937.370 4017.481
6071.905 3927.203
5657.524 3306.787
5855.161 4061.160
6027.191 3783.055
5603.495 3736.071
5877.939 3663.676
5758.072 3995.677
5795.117 3948.034
6118.276 4076.927
5962.611 3763.904
6278.425 3446.627
5882.743 3341.785
5563.001 3480.155
6260.245 3532.462
5583.066 3699.940
6084.133 4106.898
6220.616 3392.715
5955.762 4029.163
6126.207 4168.419
5845.075 3969.640
5935.543 3780.961
5550.753 3598.267
5944.056 3864.908
6066.444 3355.688
5861.710 3638.394
5585.420 3838.239
6052.562 3806.853
6284.767 3454.203
6312.447 3434.748
5953.176 3884.245
5725.952 3778.543
5958.876 4148.004
5613.639 3668.772
6200.175 3946.840
5944.768 3748.637
5962.181 3526.246
5639.307 3514.342
5670.488 3695.697
5786.480 3718.252
5580.778 3738.989
6093.996 3650.046
5859.422 3341.777
6094.332 4033.126
5795.253 3912.655
6009.887 3941.489
5941.866 3551.459
5915.002 4019.029
5495.183 3940.654
6268.461 4002.599
6123.036 4047.196
5895.441 3638.133
6085.342 4129.421
5643.196 3886.595
5672.601 3704.309
6260.658 3358.687
5556.111 3893.657
5565.939 3505.781
5677.754 3555.309
6336.539 3629.292
5687.557 4147.631
5966.366 3374.776
5683.108 3437.749
5641.120 4031.876
5957.595 3681.994
5492.382 3599.963
5612.604 4063.191
5822.295 3593.835
5630.493 3350.313
5730.931 3758.872
6249.151 3450.215
5894.778 3628.605
5754.057 3438.768
5825.783 4078.247
5465.540 3980.634
6101.352 4006.803
6115.956 3988.677
5939.183 3458.206
5765.617 3890.693
6199.602 3369.734
6129.298 3907.205
5469.209 3637.197
6323.748 3422.134
5579.389 3369.755
5952.784 3872.627
5469.235 3562.126
6001.792 4131.886
6054.793 3935.023
6267.264 3658.215
5941.494 3616.395
5527.328 3352.828
5957.632 4166.093
6050.095 3426.365
5810.388 3432.316
5569.426 4157.295
5796.307 3798.692
6086.820 3295.087
5480.909 3544.253
6090.555 3741.117
6135.439 3517.963
6129.202 3901.549
6194.139 3901.636
6210.614 3890.077
6060.859 3997.266
5602.322 3331.603
6163.621 3952.489
5664.971 3655.111
6178.358 4051.108
5534.225 3561.313
5572.164 3998.554
5976.427 3932.574
6124.952 4137.440
5693.595 3715.002
5741.934 3853.183
5904.061 3792.315
5551.103 4083.873
6008.191 3563.637
6260.660 4173.871
5853.823 4137.791
6328.491 3842.942
5531.531 4092.590
5927.867 4020.393
5773.019 3777.797
6193.945 3726.669
5790.677 3718.513
6307.731 3567.967
5701.447 3619.069
6298.095 3327.807
6227.606 3418.736
5584.407 3613.304
5544.430 3683.686
5730.339 3737.005
5970.057 4150.064
5933.846 3405.741
5721.796 4179.353
5466.432 3994.238
5542.317 4089.565
5671.571 3382.213
6038.118 3511.891
6326.071 3566.101
6253.560 3863.455
5681.781 3453.403
5852.256 3357.160
6217.132 3650.713
5753.901 4080.349
6090.062 3534.580
5682.367 4007.720
6155.644 3774.371
5860.488 3562.419
5777.525 3348.899
6170.657 4090.076
6238.963 3384.164
5765.798 3898.529
5802.634 3657.032
6320.051 3678.667
5514.123 3453.945
5793.268 3705.409
5651.058 3873.199
6184.727 3806.785
5631.724 3893.898
5671.947 4009.688
5878.967 3640.166
5720.243 3303.668
5725.110 3291.784
5993.161 3502.692
5726.816 3780.264
5787.795 4137.910
5777.817 3542.444
5739.973 3784.688
6164.601 3669.362
6099.546 3452.160
6160.976 4157.767
5768.579 3452.873
6308.569 3463.431
5666.717 4108.890
5464.937 3391.340
5473.447 4142.449
5766.190 3320.768
6167.057 3496.681
5753.760 3862.589
5934.022 3630.511
5580.253 3454.548
5482.371 3350.562
5475.532 4028.936
6315.081 3521.978
6336.613 3565.349
6084.119 4064.628
6037.534 3470.857
5998.819 3434.188
5615.859 4136.139
5990.231 3826.405
5742.845 4115.846
6250.582 3752.714
5516.636 4158.118
5873.777 3985.453
5594.856 3800.340
6301.742 3803.662
6122.681 3920.602
5739.447 3603.124
5687.014 3801.927
6287.036 3335.021
5885.846 3297.539
6097.374 3600.867
5910.956 3418.458
6201.905 3851.212
5982.160 3743.313
5925.607 3673.457
5900.847 3549.870
5529.628 3688.589
5683.813 3656.804
6307.211 3370.236
6212.830 3684.443
5675.688 3658.397
5961.679 3322.543
6250.622 3916.432
5566.795 4006.623
6250.028 3667.387
6278.025 3668.769
5649.383 3969.616
6021.942 3638.701
6002.010 3464.866
6243.187 3392.211
5780.424 4153.547
5589.502 3480.578
6230.145 3505.659
6289.318 3756.023
5725.956 3491.900
5747.422 3698.014
6288.336 3303.229
5678.786 3628.434
5920.149 3718.929
5689.051 3824.318
6238.976 3640.702
6243.713 3767.932
6245.636 3291.901
5787.122 3810.448
5913.527 3795.513
6237.424 4165.547
6141.490 3850.427
5702.539 3419.120
5784.621 3522.024
5969.530 4135.532
5458.966 3615.222
6315.614 3892.345
6133.746 3789.386
5646.655 3784.435
5658.038 3733.463
5997.081 3529.219
6213.795 3686.601
5762.899 3367.563
6099.843 3819.736
5908.592 3844.945
5918.088 3487.013
5547.044 3667.456
5984.134 3635.030
6090.469 3855.200
5634.507 3519.853
6036.786 3545.639
6164.274 3460.385
5951.900 4154.374
5611.373 3472.648
5589.135 3608.406
5875.934 3559.757
5871.520 4075.398
5585.140 3459.057
5894.835 4105.835
5956.763 3311.730
6181.082 3528.563
5696.820 3721.221
6211.674 3446.607
6033.495 3621.775
6293.639 3879.295
5737.154 4164.908
5992.556 3924.834
6229.123 4067.197
5617.932 3680.131
5917.536 4090.532
5741.311 4060.560
5951.236 3392.950
6048.375 3821.411
6124.163 3840.954
6313.819 3445.783
5956.072 3349.132
6253.265 3547.042
6336.519 4172.708
5635.141 4104.448
5978.363 3854.392
5712.531 3448.967
5904.858 3878.750
5756.941 3561.242
6267.007 3920.967
5480.929 4161.618
5869.135 4021.228
5695.360 3873.615
5939.884 3574.478
5593.911 3762.293
5962.349 3708.489
5450.684 3610.930
5993.080 3821.852
5967.819 4066.698
5839.168 3868.726
5815.597 4034.719
5786.222 3983.825
6086.449 3786.874
5503.364 3693.068
6065.759 3719.810
5742.880 3818.651
6256.281 3870.459
5562.037 4011.256
6001.815 4055.681
6191.131 3618.221
5618.359 3587.757
5958.225 3764.243
6331.925 3863.181
5914.883 3534.919
5916.367 3316.818
6210.886 4104.384
5647.651 3733.601
5526.252 3925.893
6050.283 3641.198
5942.337 4109.936
6042.117 3982.583
5481.404 3294.945
6285.214 3631.468
5757.133 3788.655
5723.074 3877.186
5938.249 3734.520
6331.758 3548.749
5575.463 3851.100
6267.649 3678.586
6245.131 3745.314
5638.864 3776.404
5773.574 3803.658
5696.239 4098.006
5736.019 3481.880
5571.750 3892.387
5730.416 3556.571
6224.982 4003.300
6306.670 3637.883
5578.746 3514.189
5557.212 3947.927
5464.813 3313.220
6215.278 3656.480
5593.742 4041.771
6234.978 3624.526
5759.093 3649.728
5775.446 3516.440
6250.608 3730.622
5622.987 3990.693
5669.422 3893.736
6028.066 3657.762
5875.331 3904.214
6088.767 3665.539
6234.564 3465.331
6225.701 3975.722
6103.832 3684.541
5745.561 3699.796
5932.988 3913.349
5961.583 3779.800
5929.836 3587.692
6122.904 3293.750
5875.009 3677.531
5452.337 3315.943
5694.563 3485.228
6112.679 4041.009
6166.183 3738.259
6095.040 3829.938
5662.948 3712.535
5609.445 3448.273
6293.406 3722.695
5525.241 4112.703
5528.671 3421.757
5666.435 3305.246
5668.370 3539.234
5772.765 3845.063
6263.273 3444.612
5850.536 3873.452
6123.766 3788.806
6053.870 3561.753
5823.001 4078.841
6276.623 4124.735
6267.149 3891.758
6147.003 3343.029
6208.181 4152.976
5452.762 3843.688
5848.120 4150.823
5458.032 3518.141
6122.222 3511.886
5658.802 3832.788
5773.615 3654.335
5630.169 3450.592
5935.031 3845.964
6003.399 4088.254
5889.379 3776.253
5519.590 3842.313
6174.204 3864.099
5984.406 3578.536
5656.992 3550.268
5709.662 3370.004
5699.890 3648.189
6130.102 3948.463
6272.340 4127.741
5783.153 3300.871
6192.206 3621.627
5800.404 3291.270
6137.866 3444.171
6095.281 3421.438
6024.546 3548.898
6247.715 3343.114
6285.316 3793.567
5786.697 3867.791
5784.902 4136.625
6176.581 3559.719
6248.005 3970.761
5783.458 3650.867
5756.666 3732.976
5965.215 3903.117
6118.238 3508.905
5662.747 3741.608
5601.112 3327.052
5504.975 3851.998
6211.244 3639.469
6078.053 3427.982
5961.443 3708.721
5664.791 3631.507
5665.467 4080.000
5504.981 3897.026
6224.372 3382.240
5956.483 3308.992
5749.180 3921.176
5880.626 3619.816
5669.311 3673.934
5790.256 4177.305
5878.694 3950.674
5487.861 3316.665
5808.313 3473.484
5572.653 3892.301
5575.410 4107.827
5568.987 4147.547
5849.607 3478.645
5742.867 4001.616
6047.643 3819.775
5968.461 3994.173
5698.165 3695.473
5692.498 3598.333
5679.709 3768.814
6010.332 3444.749
5635.017 3885.095
6030.176 3973.086
5653.762 4007.577
6042.602 3891.195
6220.246 3422.346
5468.762 3364.173
6099.436 3375.775
5851.850 3305.327
5820.417 3386.447
6178.020 4176.504
5763.851 4088.989
6146.929 4152.582
5718.221 3948.002
5860.080 3658.628
5926.888 4028.631
5900.031 3631.140
6070.493 4034.858
6231.774 3554.295
5700.290 3433.343
6161.300 3683.907
6019.369 3346.746
5766.397 3642.308
5527.077 3824.933
5786.016 3562.728
6284.434 3995.532
6262.068 3969.526
6286.636 3683.582
5611.521 4026.034
5466.969 4059.929
6062.544 3828.179
6268.158 3546.890
6235.535 3914.658
5733.922 4102.731
5759.504 3593.662
5559.276 3623.078
5610.431 4044.548
5534.350 4139.884
5688.675 3790.558
5740.012 3450.937
6332.618 4031.209
5996.155 3321.140
6259.069 4073.428
5588.647 3892.807
5888.302 4089.976
5908.317 3912.847
6256.043 4038.956
6101.913 4138.834
5945.800 3442.108
6038.533 4102.780
5629.639 3356.492
6335.157 3490.003
6183.226 3315.858
6106.216 3759.354
6298.909 3602.016
5545.654 3299.359
5724.384 3447.503
6158.289 3407.373
6147.418 3417.797
6171.171 4033.415
6315.833 3390.589
5657.590 3467.610
6051.031 3919.605
5772.919 4165.745
5747.263 3567.152
5559.738 3529.754
5934.771 3517.317
5956.442 3571.174
6230.135 3667.696
6237.456 3731.903
5795.412 4169.057
6015.712 3935.994
6311.737 4180.969
6310.682 3821.351
6187.202 3526.869
6062.374 3585.979
5513.320 3896.925
5570.650 4059.477
5853.927 3486.856
5773.592 3940.317
5735.796 3542.818
5605.491 4013.417
5575.451 3336.652
5851.160 3663.994
6058.219 3410.545
5684.082 3323.993
5677.737 3567.307
6085.249 4010.626
6175.208 3998.424
5827.393 3442.566
6003.881 4067.104
5621.076 3871.810
6042.339 3696.244
5989.491 4141.862
6180.718 3348.927
6048.659 3817.503
5553.935 4100.268
5965.990 3942.684
5822.727 3985.485
6067.348 3758.148
5830.305 3701.077
5722.317 3742.550
5499.169 3293.346
5477.902 3319.906
6199.873 4135.240
6189.607 3673.737
5947.627 3811.904
5537.023 3703.023
6098.293 4169.483
5705.518 3418.576
5968.708 3958.044
5472.378 3639.375
6292.704 3299.294
5902.340 3357.714
5762.630 3676.185
6241.514 3716.348
5912.710 3735.099
6247.961 4025.772
5876.934 3762.938
6268.245 3601.554
5453.006 4107.964
6197.793 3677.533
5735.437 3535.185
5534.855 3930.072
5906.668 4056.414
6248.827 4143.233
5588.938 3412.223
5663.696 3296.786
5991.825 4074.635
5493.897 3551.016
5957.909 3425.324
5786.269 4143.316
5556.678 3980.649
5836.221 3829.819
5662.261 3498.538
5845.364 3861.220
5998.759 3777.421
5754.078 4143.843
5922.289 3864.015
5578.455 3867.480
5886.417 3579.949
5890.205 4095.626
5986.660 3838.587
6122.570 3556.474
5693.025 4144.196
5978.510 4020.686
6089.186 3320.005
5540.871 3309.768
6137.626 3300.694
6280.029 3555.863
5616.500 3293.305
5460.066 4055.424
5770.636 3739.649
5580.484 3292.085
5704.786 3369.910
5479.691 3688.585
5883.263 3623.316
6222.634 4106.168
5481.658 3294.504
5623.612 4067.152
5986.190 3557.831
5743.120 3421.466
5624.821 3354.655
6098.733 3812.500
6097.854 4067.744
6087.551 3308.624
5841.830 4133.785
6089.027 3545.049
6115.790 4028.420
5866.267 3292.538
6055.360 3449.895
5610.420 3675.721
5590.869 3909.022
6318.051 3982.297
6307.200 3854.721
5762.244 3851.310
5588.591 3289.363
5924.947 4180.376
5865.831 3783.836
6273.093 3370.378
5808.841 3506.876
5729.119 4054.528
5634.616 3816.595
5821.023 3835.918
5616.965 3598.844
5732.884 3552.104
5893.636 4171.394
6059.211 3904.555
6328.094 3447.744
5903.456 4130.826
6201.433 3414.472
6280.457 3555.619
5625.557 3805.551
5627.229 4070.739
5494.182 3316.743
5507.226 3792.199
5716.100 3604.358
6237.661 4072.287
5835.222 3712.317
5696.314 3690.126
6186.974 3632.666
5848.327 3345.287
6156.151 3557.355
5709.950 3714.856
6326.536 4142.375
5551.274 3417.169
5477.296 3404.798
5664.362 3621.640
5837.391 3710.939
5565.568 3479.250
5473.622 3791.576
5462.082 3494.061
6247.057 3757.534
6237.972 3522.488
6127.436 3629.394
5813.667 3838.151
5480.033 4009.371
6293.010 4038.206
6098.126 3893.676
5769.145 3711.010
6204.544 3419.305
5607.951 3555.715
6016.924 3914.563
5943.192 3617.122
5893.359 3601.548
5730.344 3758.904
5589.769 3671.602
6083.042 4066.189
5692.226 3875.148
5493.153 4015.246
5486.266 3969.392
6084.937 3540.542
6037.610 3486.232
6035.134 3403.584
5892.823 3688.275
6170.146 3848.611
5928.313 3830.255
5927.689 3948.383
6080.129 3961.645
5862.384 4005.614
6320.453 3875.942
6149.658 3875.793
6182.765 3959.166
5826.817 3684.854
5487.722 3888.335
6092.980 3813.277
5724.340 4001.489
5473.919 3938.051
5971.504 3970.115
5461.288 3896.394
5677.408 3710.066
6211.710 4178.453
6235.002 3943.164
6242.306 3395.230
6277.775 4041.900
6191.780 3301.949
5781.361 4078.578
5671.082 3904.386
5626.518 4112.988
5655.064 3675.205
5851.584 3594.232
5831.155 4014.221
6030.911 3849.138
5767.532 3770.625
6076.743 3750.286
5964.391 3468.442
6022.137 4027.188
6252.589 4179.007
5919.035 3511.585
5944.028 4114.887
5925.227 3547.205
5991.177 4000.400
5795.232 3970.950
5502.784 3533.202
6261.756 4176.911
5986.895 3357.346
5492.529 3366.653
5831.900 3450.431
5658.614 4121.651
5597.183 3382.047
5911.442 3485.315
5711.264 3451.052
6205.677 3509.743
6191.122 3746.004
5690.777 3760.143
5649.035 3453.906
5449.040 3718.945
5757.462 3832.972
6140.159 3644.852
5636.887 3800.528
6012.467 3853.729
5463.979 3527.247
6242.294 3440.600
5482.697 3315.121
5601.053 4008.275
5665.421 3876.615
5739.036 3555.887
5539.270 3581.517
5763.767 3699.744
6056.989 3975.290
6010.045 4121.021
6049.717 3630.159
6233.419 3642.393
5579.425 3880.106
6254.648 3755.357
5756.020 4059.974
6074.375 3783.929
6193.137 3981.557
6067.341 3378.132
5873.897 3735.733
5612.763 4163.869
5538.590 4098.078
6133.336 3826.254
6052.164 4065.754
5496.320 3913.146
6004.786 3675.207
6091.416 4066.419
6261.945 3860.813
6182.751 3458.095
5525.021 3288.199
5889.095 3546.088
5465.840 3590.740
6202.850 4158.648
6020.633 3385.428
5909.925 3340.980
6021.832 3349.476
5783.834 3880.890
6002.595 3741.653
5734.839 3755.071
5687.600 3563.006
5919.582 3540.293
6240.275 3937.787
5490.086 3338.158
6069.453 3777.155
5948.838 4143.672
6124.383 3629.688
5701.331 3470.776
6255.923 3884.599
6247.689 3352.017
5648.188 3671.836
6287.610 4102.345
5599.909 3449.761
5875.256 3418.499
5531.092 3490.096
5549.625 3852.217
5552.766 3485.326
6097.292 3643.414
6068.455 3675.679
5633.431 4163.670
6032.824 3565.553
5500.603 3813.985
5809.968 3323.592
5986.260 3975.380
6045.715 3558.697
5468.966 3505.380
5791.835 3528.241
5513.939 4176.086
5934.844 4007.072
5782.837 3887.711
5567.807 3937.494
6108.426 3876.041
5620.495 3585.790
6297.600 4135.086
5970.315 3423.627
5453.989 4076.030
6125.031 3897.042
5488.833 3877.312
5561.628 3933.433
5732.226 4006.361
6045.902 3803.942
5771.716 4010.003
5610.301 3393.385
5646.908 4148.102
5805.351 4159.095
6237.429 4012.799
6337.634 3719.974
5575.051 3769.295
6175.054 4007.090
6197.681 3810.792
6045.432 3829.460
5600.134 3631.747
5825.808 3723.580
6211.463 3405.190
5730.152 3663.005
6271.446 3804.156
6333.550 3438.484
5871.511 3667.066
5481.397 3461.085
5915.955 3744.860
5744.051 3815.305
5854.162 4022.583
5901.804 3668.094
5738.881 3626.173
5954.000 3403.195
6049.618 3305.788
6304.980 3435.553
6041.823 3700.377
5659.442 3762.075
5612.938 3714.135
5540.099 3457.713
5643.966 3709.494
6137.794 4006.147
6146.815 3964.554
5833.943 3803.940
5872.222 3413.562
5461.060 4013.153
5690.152 4165.746
5779.712 3877.297
5941.650 3438.632
5774.112 3469.186
5592.540 4170.586
5672.194 3342.022
5914.487 3449.673
5568.105 3468.098
5971.338 3639.872
6187.279 3794.178
6228.896 3743.748
5801.580 3690.487
5956.111 3558.469
5725.557 3538.193
6010.669 3769.825
5746.852 3919.247
5921.117 3795.908
6198.672 3494.868
6297.523 4164.082
5932.467 3307.952
5800.726 4113.928
5785.538 3807.139
6006.910 3297.891
5849.591 3605.991
5555.097 3698.840
5930.645 3965.310
5493.349 3337.044
5581.278 3577.010
5768.951 4177.552
5960.969 3663.105
6277.096 3671.528
5932.152 3770.760
5459.322 3823.375
5562.371 4051.941
5832.044 3451.485
5449.478 4035.468
5706.805 3670.720
6028.114 4086.171
5883.810 3933.508
5600.945 4143.966
5749.160 3750.826
5593.172 3384.697
5917.265 3432.018
5597.220 3435.400
5536.594 4143.619
6072.176 3325.904
5749.901 3826.355
6129.897 3739.198
5589.475 3826.529
5624.823 3989.607
5980.160 3975.317
5845.167 3346.362
5448.660 4133.556
5939.485 3900.299
6304.174 3893.844
6263.976 3654.141
6295.387 3763.500
5974.041 3893.871
5774.572 3723.651
5898.385 4177.799
5913.166 4121.213
6010.494 4029.761
5517.292 3578.776
6005.017 4129.834
5663.771 3522.888
5500.333 3381.041
5763.925 3573.127
5970.441 3397.423
5774.657 3408.341
6158.164 3972.311
5507.675 3372.449
5579.188 3977.743
5687.578 3450.126
5869.612 4099.466
6174.112 3781.923
5933.514 4118.888
6214.880 3564.488
6249.571 3989.200
6108.003 3656.558
6066.723 3397.123
5656.810 3397.554
5566.250 4125.245
5751.731 3499.526
6039.996 4161.656
6013.164 4121.639
5734.864 3452.631
5816.727 3956.008
6240.453 3339.923
6025.147 3454.388
5612.550 3371.394
5927.585 3824.515
5516.285 4114.065
6307.933 3570.321
5643.397 3964.658
5724.458 4162.063
5863.064 3462.124
5865.632 3408.901
5676.738 3966.295
5872.918 3995.875
5691.224 3771.551
5497.324 3788.633
6300.456 3306.346
6078.014 3921.195
5898.791 3413.570
5954.856 3632.883
5707.939 3491.607
5626.107 3349.761
5565.698 3993.899
6294.280 4054.848
5999.092 3300.171
5797.922 3666.366
6305.619 4006.431
5934.927 3467.438
5746.143 3945.008
5927.650 3455.800
5940.841 4029.413
5869.478 3934.903
6203.615 3353.210
5896.143 3428.553
6141.705 3325.737
6303.545 3815.395
5748.848 3962.360
6339.135 3625.645
5818.345 3455.231
5542.169 3517.384
6073.261 4047.150
6060.834 3462.761
5607.493 3323.578
5541.305 3427.824
6179.313 3717.802
5959.011 3359.484
5970.863 3906.654
6065.940 3288.336
5557.674 3442.194
6059.742 3377.749
5925.294 3986.626
5930.954 3467.188
5450.096 3541.641
5946.253 3628.961
6239.416 3446.429
6328.604 4050.280
6319.098 3634.608
5919.253 3334.421
5536.788 3965.603
5913.516 4026.327
5951.240 3413.376
5846.650 4119.194
6214.749 3746.639
5601.018 3855.134
5730.733 3377.083
6337.200 3306.201
5467.290 3781.105
5664.898 3453.688
5620.020 4042.370
5510.402 3595.997
5715.594 3366.180
5938.161 3308.088
5662.164 4089.523
5605.985 3651.131
6302.980 3428.443
5982.153 3661.544
6024.441 4104.556
6188.573 3981.948
5448.591 3686.115
5475.473 3839.812
5637.899 3685.592
5831.914 3769.932
6069.386 3558.702
5904.335 3547.719
6194.030 3471.562
5718.085 3446.569
6307.132 3713.620
5966.278 3814.433
5941.984 3857.313
6198.100 3841.331
5528.377 4028.269
6071.507 4174.529
6062.718 3803.773
5706.109 3802.027
6202.132 4081.408
5697.635 3323.380
5636.692 3891.407
5711.083 3889.290
5655.612 4076.545
6293.989 3819.566
6067.109 4071.929
6224.945 4063.550
6077.211 3818.779
6152.493 3541.500
5701.164 4092.038
5541.173 3382.669
5541.345 3814.935
5478.851 3352.241
6279.783 3330.174
5900.078 3591.991
5737.262 3970.100
5792.598 3295.569
5680.807 3955.711
5751.161 3897.386
5545.111 3308.545
5491.227 3947.446
5912.660 4156.563
5916.853 3862.131
5539.376 3925.025
6078.182 3685.392
6261.029 3960.457
5975.945 3391.701
5886.871 3899.100
6209.205 3522.516
6246.467 3749.561
5856.249 3616.394
6324.177 3392.033
6074.178 3424.455
5743.168 3804.273
5850.807 3482.569
6192.426 3669.289
5777.828 3321.915
5605.720 3509.024
6102.906 3924.159
5570.353 3340.205
5806.525 3961.465
6018.344 4100.964
5978.353 4078.377
5987.947 4040.295
5459.425 3978.778
5661.861 3490.767
6130.029 3668.747
5457.859 3599.681
5577.150 3307.888
6247.687 3544.450
5998.225 3408.599
5902.038 3371.172
5799.712 3590.497
5920.443 3410.528
5873.922 3501.262
5931.225 3576.756
6005.540 3615.934
6282.794 3975.906
5810.605 3716.289
6249.203 3807.121
5741.641 3668.832
5877.858 3887.267
5915.101 3933.777
6103.922 3309.808
5532.024 3685.269
6252.234 3958.135
6291.944 3512.990
5713.266 3818.678
6157.943 3479.378
6324.616 3564.146
6124.201 3883.023
5900.671 3423.076
5698.411 3448.022
6157.136 3308.067
5712.770 4021.167
6254.131 3946.582
5896.882 3647.289
5566.415 4127.172
6051.012 3531.567
5627.449 3467.977
6061.019 3461.967
5784.185 3962.765
5546.189 3977.314
6022.455 3394.988
6085.940 3437.460
5546.240 3328.767
6128.083 3366.068
5544.458 3675.537
6298.221 3379.040
5558.911 3834.181
6207.222 4146.379
5735.045 4100.960
5826.786 3772.915
6318.320 4062.323
6207.635 4116.242
5679.549 3424.799
6118.591 3361.753
5898.489 3986.913
6276.739 3647.745
6054.008 3683.604
6213.541 4099.284
5699.449 3559.565
5814.339 3579.918
6062.860 3918.899
5780.612 3735.373
6120.203 3750.411
5750.217 3645.959
5548.595 3993.098
5455.489 4123.336
5494.924 3490.942
5756.677 3787.555
5572.489 3839.845
5646.634 4059.378
5721.663 3377.075
6172.613 4141.177
5990.828 3445.290
5495.003 3329.261
5458.877 3903.171
5978.869 3558.234
5789.413 3794.083
6287.344 3751.683
6129.901 3411.077
5819.093 3464.671
5802.887 3724.801
5991.060 3524.918
6267.080 3645.042
6332.237 3541.305
5838.670 3776.608
5918.397 4157.249
5662.586 3534.638
5547.020 4123.242
6108.600 4036.519
5663.602 4017.210
5957.833 3315.589
6156.561 3684.487
5461.223 4074.590
5960.071 4012.812
6215.506 3815.686
5845.083 3518.386
5514.949 4172.686
5925.644 3709.510
6231.416 3899.837
6267.902 3531.463
6041.431 3952.997
6289.987 3542.676
6235.922 3883.458
6260.466 3718.475
5835.000 3916.662
5898.318 3773.541
5922.816 3345.717
6266.311 3531.996
6159.524 4003.172
6184.676 3895.070
5561.107 3803.605
6308.144 3696.485
5651.741 3896.067
5561.074 3576.558
6152.683 4044.259
6110.527 3628.979
6217.492 3815.897
6074.239 3732.907
6285.166 4145.344
5609.347 3573.704
5936.787 3453.745
5792.623 3883.988
5770.475 4020.090
5971.970 4096.606
5728.805 3511.784
5739.608 3500.826
6281.705 4156.603
5954.047 3787.326
6077.904 3974.943
5923.900 3659.018
5983.978 3340.494
5656.329 3676.540
5855.135 3375.064
5505.436 3987.608
5447.789 3372.618
5681.213 3932.462
6113.446 3714.752
6153.814 3548.550
5501.916 4107.260
5663.863 3665.040
5642.877 3824.658
6052.224 4175.766
5678.654 3300.788
6174.120 4076.513
5486.983 4053.510
6329.841 3828.465
6298.403 3778.391
5524.988 3965.382
5952.059 3476.662
5840.463 3507.024
5807.356 3662.906
6188.994 3533.960
6200.526 4043.061
5733.796 3319.786
5832.241 3464.660
6310.920 3288.171
6114.552 4148.784
6053.601 3599.536
5543.868 3678.046
5825.357 3975.583
5561.840 4049.139
5550.415 4079.146
5540.267 3756.874
6115.505 4083.939
6339.534 3452.791
5565.041 4111.722
5783.684 3591.603
6155.675 3374.812
6038.094 4009.525
5568.715 3707.471
6059.491 3555.871
5571.124 3680.593
6151.692 3645.665
6268.931 4075.356
5641.004 3863.749
6120.968 3560.020
6114.193 3637.939
5605.863 3599.284
5597.979 3644.264
6089.631 3311.770
6302.193 3318.162
5904.438 3978.949
5789.571 3962.929
5718.831 3873.544
5979.204 3303.948
5632.847 3675.691
6292.109 3391.617
5466.945 3390.892
5799.907 4091.069
5483.772 4079.104
5776.341 3620.557
6251.657 3544.315
6208.459 3504.681
6076.756 3815.358
6154.206 3396.695
6113.917 4156.814
6265.812 3702.641
5669.312 4040.108
5504.553 4118.108
5688.651 3930.999
5849.104 3756.946
5558.560 3809.685
6316.234 3597.002
5518.439 4096.055
6162.814 3413.389
6023.049 3433.565
5531.848 3832.403
5505.793 3871.553
5647.373 4039.963
5749.464 3329.239
5830.871 4120.694
5693.840 3706.326
6280.026 3358.385
5909.031 3724.119
5607.461 3512.188
5977.691 3753.685
5464.740 3923.207
5597.056 3422.121
6262.497 3481.982
6275.788 3596.027
6312.173 3307.597
5960.959 3943.440
5522.372 3917.965
6331.498 3895.670
6148.793 3633.579
5965.526 3640.368
5988.427 3463.180
6124.106 3395.636
5994.324 3289.296
5973.528 3517.510
5590.138 3481.205
5895.967 3392.608
5901.301 4137.696
5822.376 3442.970
6321.707 3484.208
5962.174 3741.758
5722.401 3688.726
5501.238 4173.977
6023.694 3299.278
6151.062 3445.675
6182.420 4014.309
5873.148 3623.080
5744.005 4175.901
5864.911 4052.716
5830.510 3866.019
5928.466 4146.674
6108.235 3347.949
5591.494 3534.738
5537.474 3775.064
5628.521 3976.476
6254.395 3539.906
5971.976 3571.078
5866.318 4027.199
5690.932 3890.031
5954.504 3534.130
6306.507 3862.450
5874.456 3665.331
5513.566 3842.956
5945.746 4012.313
5560.547 4091.587
6044.102 3477.349
5475.048 3656.964
5905.313 3297.175
6316.113 3928.990
5864.212 3386.794
5789.942 3550.511
6038.211 4138.832
5707.558 3373.155
5892.701 3705.539
5801.815 3388.635
6134.452 3970.613
5862.947 3552.672
6122.770 3795.357
5754.135 3952.487
6327.702 3579.607
6325.951 3401.813
5977.227 3966.235
6028.756 3836.532
5911.340 3382.045
5466.181 3552.332
6297.542 3321.993
5953.438 3689.054
5719.383 3782.375
5987.228 3437.332
5953.832 3708.212
5728.435 3403.015
5509.882 3450.456
5626.533 3759.144
5862.501 4153.408
6220.107 4129.216
5837.905 3494.387
5855.568 3359.831
6152.436 3921.879
5476.750 3771.422
5699.552 3659.299
5936.437 3957.694
5900.793 4082.055
5669.763 3304.998
5979.079 4006.037
5989.669 3918.961
6040.074 3505.955
5736.712 4088.934
5622.494 3919.514
5771.801 4059.650
6137.398 3443.568
5885.246 3487.072
5824.405 4048.497
5830.575 3345.490
6202.130 3685.082
6273.057 4054.800
5460.335 3914.910
6154.399 3879.960
5511.176 4033.882
6294.153 3942.369
6141.982 3788.507
5649.250 3676.841
5475.198 4166.008
5739.702 3613.187
5458.167 3664.301
5495.749 4146.126
6286.349 3852.461
5695.661 4167.845
6145.483 4108.504
5454.793 4079.595
6243.491 3584.102
5521.104 3592.619
6120.729 3448.430
5830.804 3974.799
6085.865 3319.073
5478.248 3989.326
5595.178 3747.457
5481.157 3955.027
6093.874 3981.894
5804.740 4145.016
6228.810 3551.787
5866.670 4101.387
5944.480 3492.804
6007.645 4007.480
6232.894 3857.361
6005.817 4062.441
6289.293 4076.113
5512.009 3662.400
5486.372 3960.988
6115.020 4098.364
5652.234 3602.203
6230.797 3373.770
5942.510 3998.536
5626.555 3374.997
6302.979 3626.485
5903.750 3383.151
5605.315 4161.122
5686.994 3332.282
5757.968 3445.118
5720.709 3587.191
5921.152 3947.551
5903.943 3589.254
5723.224 3724.597
6224.887 3321.509
6035.195 4136.561
5861.339 3599.795
5970.208 3493.276
5566.610 3842.808
5939.071 4172.142
5893.756 3487.668
6201.088 4081.447
5658.172 3304.274
5495.993 3669.205
5588.279 3893.457
5772.648 3348.833
6326.801 3391.098
5567.605 4009.392
5765.377 3582.625
6020.421 3874.499
6331.898 3493.830
5730.744 3382.265
6225.254 3790.140
5996.937 3666.464
6112.154 4025.895
5596.657 3573.014
6117.601 4021.339
5555.715 4138.254
6139.027 3982.652
6024.785 3876.435
6124.973 3383.670
5607.317 3336.611
5838.075 4022.338
5715.312 4172.863
6095.700 3306.225
5447.591 3710.713
5713.351 4119.873
6252.238 3544.891
5894.225 3765.285
5945.195 3861.762
6050.396 3877.290
5914.606 4061.145
5987.140 3764.835
6242.394 3732.631
5967.270 4080.246
6065.953 3721.414
5929.943 3363.826
5844.307 4146.754
6150.083 3474.669
5815.750 4061.325
5940.070 3388.397
5820.634 3717.188
5481.792 4130.601
6253.155 3375.319
6026.132 3289.934
5880.832 3537.012
5662.704 3910.809
5503.810 3767.378
6095.078 3701.758
6126.562 3393.386
5680.206 3926.564
5908.102 4071.622
5938.098 4064.663
5887.134 4129.701
5953.603 4023.331
6130.019 3872.812
5681.397 3547.293
5847.550 3375.871
5556.536 3324.704
5651.358 3659.146
5501.315 3896.527
5887.496 3908.550
6056.016 3784.910
6063.212 3350.049
5492.596 3922.028
5467.663 4060.153
6185.362 4162.296
5870.443 3629.100
5450.622 4091.407
5701.708 4099.870
6146.673 3340.461
6187.484 3605.340
5880.607 3737.005
6279.877 4172.299
5785.157 3863.030
5489.483 3477.285
5583.187 4130.431
6335.010 4103.377
6035.430 3639.496
6164.170 3978.931
6043.054 4096.004
6057.416 3757.348
5901.661 3586.817
5831.026 3435.278
6247.490 3321.859
5855.751 3889.044
5951.208 3845.205
5989.830 4164.604
5584.309 3819.345
6069.986 3410.010
6211.102 3518.232
5827.061 3884.672
5499.359 3319.618
6103.986 4025.589
5652.239 4162.339
5710.397 4099.408
5911.068 3881.655
5620.618 3421.754
6281.298 3854.294
6245.906 3680.396
6268.895 3662.716
5939.509 3330.660
5482.671 3558.206
5856.303 3568.049
5933.849 3821.056
6263.599 3340.606
5841.874 3305.920
6256.578 3541.316
6047.148 3310.094
6308.012 3499.033
5851.641 3951.037
5996.968 3931.730
6141.584 3691.225
6267.049 3994.456
5865.306 3495.155
5608.528 3389.195
5528.513 3942.582
5730.316 3420.711
5469.865 3873.746
5890.555 3787.541
5978.567 4047.482
5491.315 3375.536
5690.967 3903.733
6241.801 3639.678
6276.824 3781.151
5749.622 3891.845
6092.150 3420.317
5624.521 4124.279
6003.804 3941.024
5516.047 4069.241
6101.891 3995.490
5653.391 3382.774
6162.673 3566.730
5699.388 3394.603
5677.959 4075.442
6307.315 4063.525
5728.366 3297.163
6318.828 4078.308
5880.566 4055.280
5492.879 3593.709
6117.782 3907.124
5920.630 3684.858
5474.510 4158.369
5568.226 3654.382
5850.952 4049.514
5929.528 4001.463
6210.241 3541.808
5953.666 4006.194
5560.828 3551.383
5689.207 3425.619
6089.308 3574.689
6064.244 3911.870
5455.618 3833.763
5936.487 4050.894
5876.211 4141.748
6130.377 3838.387
5474.361 3754.434
6003.659 4169.663
6117.311 3643.456
6323.339 3986.778
6041.596 3743.686
5908.340 3448.560
6124.329 3515.119
6103.396 3862.056
5481.842 3530.983
5796.333 4142.663
6206.467 3494.724
5484.531 4056.047
5537.438 3655.297
6016.068 3732.401
5694.022 3581.168
5622.709 3529.956
5710.882 3998.320
5985.536 3643.521
5495.250 4048.003
5560.183 3847.887
5802.986 3558.617
6129.130 3797.271
5479.712 3735.021
5824.830 3905.952
6191.897 3845.498
5705.159 3935.305
5859.336 4175.215
6035.154 3634.988
5873.910 4113.861
5598.474 4135.272
5654.687 4095.779
5866.166 3445.046
5740.056 3553.455
5737.844 4083.832
5604.746 3408.764
5671.234 3318.916
6261.956 3425.722
5747.593 3336.853
5760.163 4045.915
5721.492 3824.314
5845.056 3934.721
5727.190 3446.656
5810.514 4152.690
5474.922 3550.225
5806.573 3448.331
5796.652 3299.048
5572.135 3637.511
6131.503 3788.118
5582.629 3593.916
6047.408 3647.051
6077.688 3886.012
6003.104 3515.947
5920.382 3363.764
5645.582 3869.290
6289.598 3339.536
5663.784 3869.833
6070.551 4007.628
6222.645 4013.932
5766.325 3565.637
5926.322 3396.595
5816.192 3359.683
5909.672 3594.739
5736.764 4067.015
5513.139 4148.726
5504.042 4038.577
5537.590 3326.196
6048.979 4129.229
5474.335 3965.100
5745.594 3780.455
5795.850 4066.128
5452.542 3608.008
5608.482 3678.151
5924.157 4121.400
6068.554 3783.451
5508.098 3446.399
6067.876 4103.206
5703.161 3552.321
5459.754 4179.051
5739.859 3436.279
6091.217 3315.458
5849.351 3422.563
6217.107 3653.177
5924.488 3997.616
5944.438 3877.674
5509.835 3760.214
6223.782 4172.326
5724.568 3346.839
5873.948 4141.431
5611.978 3466.954
6104.751 3334.363
5891.669 3500.647
5624.372 4064.969
5663.397 3848.920
6044.296 4040.771
5886.273 3953.252
6173.559 4119.602
5811.574 3452.267
5762.240 3586.031
5725.859 3514.552
6315.720 3891.921
6098.614 4179.277
6040.409 4141.650
5731.838 3815.644
5700.407 3455.126
5793.375 3310.108
5769.579 3517.787
5891.365 3810.943
6313.791 3808.592
5447.742 3788.630
5464.937 3779.398
6288.657 3848.804
6168.130 4169.925
5502.220 3721.820
5771.013 3671.939
6206.334 4157.107
6135.692 4004.775
5742.668 3905.188
5467.502 3995.581
6118.666 4082.538
5809.176 4038.972
5922.492 3556.491
6278.431 4170.331
6148.284 3824.629
6130.986 3872.449
6310.195 4050.713
6043.524 3684.069
5671.343 3364.529
6028.169 3549.538
6023.245 3605.583
6222.648 3694.426
6105.661 3715.079
5858.501 3669.439
6101.349 3495.263
5845.980 4009.641
5690.309 3571.359
6000.699 4063.752
5758.420 3736.992
5829.972 3999.782
6200.781 3858.406
6138.140 4040.416
5495.786 4083.969
5907.864 3394.293
5685.657 3538.816
5810.275 3946.997
6173.878 4157.938
5714.617 3516.186
5957.674 3753.620
5813.261 4137.702
5970.512 3589.756
5795.183 3560.865
6020.295 4133.494
6172.505 3811.009
5497.405 3477.603
5683.828 3925.104
5568.782 4036.531
6022.869 3454.021
6194.747 3499.175
6241.295 3903.371
5971.597 3672.258
5860.794 4024.299
6164.317 3783.907
5577.111 3306.615
5785.677 4163.437
5510.282 3987.677
6238.427 4110.808
5755.643 3709.356
5982.944 4034.040
5513.124 4179.722
6269.680 3331.189
6279.224 4054.071
5822.620 3944.153
5717.134 3374.539
5948.762 3704.602
6270.304 4168.318
5890.854 3851.374
6111.611 3562.735
6061.332 3795.061
5773.266 3563.173
5579.798 4077.157
5807.951 3685.338
6170.861 3753.332
6048.080 3610.424
6225.421 3563.873
5471.541 4139.171
5986.618 3435.647
5927.349 3719.297
5613.161 3380.319
6007.494 4128.189
6030.156 3820.706
6247.961 3323.229
5717.375 3728.734
5726.006 3598.348
6176.798 4114.604
5501.502 3754.033
5642.620 3603.137
5980.019 3566.928
5987.380 3957.383
5710.405 3709.030
6082.317 3576.678
5999.617 3289.120
5563.587 4090.791
5870.206 3430.846
5689.304 3830.386
5500.220 4109.938
5717.347 4101.747
5916.229 3629.526
5655.358 3720.814
6171.763 3565.217
5906.632 3600.075
5802.727 4097.099
5566.837 3937.557
5721.400 3675.835
5626.237 3364.928
6320.535 3734.528
5535.061 3468.433
6220.600 3931.166
5603.188 3320.851
6007.002 4130.871
5873.108 3339.633
5549.516 3668.939
5673.525 3813.077
5875.283 3830.493
6057.209 3663.604
5779.736 3685.123
5566.127 3855.401
6095.198 3967.805
5794.702 3971.319
5923.069 3509.185
6316.480 3795.572
6246.113 3708.564
5732.884 3707.253
5960.767 3872.626
5951.076 3458.446
6271.776 3760.903
5767.486 4027.014
5815.590 4114.659
6048.816 3424.146
5582.383 3824.604
5561.726 4009.304
6059.000 3404.045
5473.547 3871.581
6307.267 3674.995
6055.109 3938.230
5591.431 3645.000
5733.966 3950.021
5763.663 3935.198
6068.935 4115.316
6008.460 3570.274
5675.812 4155.967
5488.811 4140.412
5858.946 3823.765
6143.803 3847.332
6047.866 4030.112
6210.927 3949.162
6281.255 3480.051
6248.284 3371.246
6186.144 3582.569
6054.653 3461.686
5735.902 3826.887
5680.377 4093.975
5904.551 3994.415
5883.160 4039.174
6147.167 3853.262
5808.814 4040.271
5891.304 3742.134
6235.464 3818.065
6322.036 3437.624
6115.686 3630.639
6275.194 4008.152
5519.136 4138.820
5909.424 3420.163
5585.044 3424.206
5919.087 3982.279
6230.670 3901.285
6147.323 3396.762
6156.579 3619.985
6084.521 3310.747
6233.825 4161.313
6140.562 3657.771
5680.397 3984.056
5538.558 3427.326
5613.638 3521.560
5902.940 3945.547
5578.808 3517.186
6333.345 3984.997
6153.168 3693.227
6198.193 3793.306
5467.387 4021.074
6044.077 3591.010
6122.143 3462.454
5900.029 3920.277
6198.273 3865.952
5509.784 4077.711
5908.846 3974.890
5939.649 3486.526
5982.362 3665.914
5813.197 4056.883
5473.823 3716.555
6165.672 3715.804
6103.197 3634.258
5838.542 3879.409
5841.081 3560.500
6285.085 4115.433
6073.392 3780.023
6044.650 4009.888
5841.494 3770.430
6040.871 3694.930
5648.087 3818.745
5533.892 3324.105
6210.049 3724.246
5665.200 3632.448
5488.102 3291.558
6325.303 3416.647
6284.956 3466.300
5521.137 3422.122
5462.238 4003.335
6000.632 4165.563
5779.456 3857.912
5844.378 4114.149
5892.880 4036.428
5550.770 3585.342
6166.493 3309.441
5692.996 3416.127
5628.185 3630.709
5509.133 3384.440
5464.523 3524.925
5866.593 3387.883
6291.318 3728.096
5876.842 3650.075
6055.735 3438.428
5784.989 3413.854
5926.660 3312.181
5566.133 3407.461
5806.660 4161.384
5858.510 3501.494
5968.267 4061.788
6156.050 3704.022
5894.691 3947.251
6149.844 3959.790
6303.014 3677.914
6133.811 3535.513
6239.561 3609.742
5861.228 3829.224
6182.979 3925.158
6132.533 4162.432
5643.782 3745.004
5616.921 3840.289
6231.863 4082.960
5578.709 3675.382
6242.829 3708.163
5832.360 3390.314
5917.489 3703.384
5959.748 3534.016
6337.403 3605.436
5977.311 3908.971
6309.406 4172.790
6244.701 3524.877
5783.175 3323.478
5917.575 4073.878
6016.777 3876.658
5585.061 3744.276
5876.093 3618.081
6159.283 3662.048
6118.038 3896.944
5764.509 3775.664
5601.797 3431.401
5743.370 3613.697
5669.005 3588.854
5451.764 3396.888
5864.363 3553.859
5567.925 3783.952
5872.312 3689.323
6182.485 3440.976
5516.490 3603.664
5480.692 3445.956
6283.655 4043.522
6026.844 3598.330
5921.621 3681.760
5653.489 3951.888
6170.707 4180.398
6161.719 3804.868
5646.006 3535.930
5889.541 3971.327
5563.129 3358.876
5880.224 3662.417
6100.892 3926.252
5487.377 3981.466
6259.320 3770.977
5484.533 3733.506
5745.473 3369.884
6265.860 3929.621
6280.218 3592.141
5667.573 3887.641
5654.311 3507.392
5908.157 4111.492
6230.903 3649.844
5466.234 3312.344
6056.117 3778.242
5835.713 3694.947
6324.530 3897.699
5645.916 3412.328
6283.844 3513.105
6325.864 3598.582
6197.785 3502.145
6169.884 3915.833
6332.638 3886.703
5948.741 3399.131
6301.470 3700.057
6063.631 4090.631
6304.434 3580.704
5451.454 3610.063
5466.067 3446.251
6283.626 3339.940
6002.767 3844.537
5569.307 4112.538
6165.347 3995.546
6033.192 4144.813
6228.138 4058.276
5467.413 3718.243
5870.880 3507.186
5450.290 3391.315
5922.298 3450.625
6246.119 3921.942
5859.289 3582.706
6266.602 3843.002
5601.740 4107.450
6011.676 3512.925
5856.956 3364.262
6136.677 3301.886
6305.060 3336.873
6236.260 3606.186
5617.480 3968.592
5994.752 3878.936
6264.023 3522.384
5675.124 3554.003
6093.124 4038.206
6080.428 3354.049
5792.335 3933.051
6199.293 3381.948
5655.712 3292.073
5947.690 3585.908
5519.344 3508.472
6059.261 3707.256
5731.031 3796.737
6035.785 3801.841
5777.759 3455.725
6008.784 3523.598
6000.974 3345.096
5615.023 4018.791
5552.747 3457.060
5665.506 3745.343
6335.218 3396.674
5543.123 3819.968
5478.488 3883.662
5906.452 3412.708
5783.906 3295.289
5771.184 3315.153
5456.702 3613.765
5487.209 3503.139
6238.573 3857.589
6108.261 3432.585
6169.546 3876.561
5681.378 3691.882
6197.796 3978.792
5937.522 3949.014
5528.287 3514.671
5692.080 3643.373
6090.134 3313.604
5561.668 4006.782
5468.387 3589.327
5722.459 3623.821
5477.061 4107.048
6275.699 3813.289
5982.190 3987.976
5656.904 3442.897
5735.254 3795.123
5894.474 3929.198
5931.483 4081.704
5774.046 3680.294
5822.657 3419.614
5909.758 3416.650
5952.707 3740.359
6146.409 3566.690
5484.198 3441.788
6329.574 3408.436
5816.396 3887.851
6033.191 4006.354
5455.840 3372.771
6097.667 4082.642
6150.387 4174.286
5688.299 4035.741
5826.765 3621.752
5941.881 4160.990
6312.719 3355.041
6061.640 3657.041
5635.062 3642.741
6183.851 3350.679
5642.798 3903.419
6170.696 4000.313
5635.474 4026.144
6161.677 3334.798
5798.308 3766.255
5965.648 3341.622
5685.684 4029.048
6003.155 3335.144
5621.058 3653.358
5961.706 3957.560
5717.219 3555.921
6079.999 3536.580
5759.622 3376.756
6330.305 3847.818
5593.097 4056.065
6033.030 3918.110
6125.402 3992.530
5660.850 4034.590
6242.289 3387.018
5480.863 3402.243
5582.250 3960.183
5449.305 3885.889
5691.268 3770.340
6266.179 3780.439
6175.456 3529.476
5663.210 3846.978
5588.829 3712.906
6071.673 3985.817
5602.696 4062.153
5772.041 4075.690
5930.955 3822.536
5959.958 3551.288
6134.044 3535.845
5716.481 3288.355
5760.240 3802.140
6254.779 4166.256
6193.104 3320.618
5844.015 3816.024
5692.240 3583.528
5705.819 3627.265
6004.860 3456.441
6261.930 3989.455
6027.366 3894.897
5518.106 3833.211
5887.857 3998.951
6217.223 3445.602
5824.614 3479.932
6143.546 3920.499
6078.258 3983.613
5732.980 3737.705
5688.039 4035.135
6162.338 3332.014
6010.148 4063.392
6204.741 4021.818
6195.092 3585.066
6125.042 3382.578
6072.347 3421.944
5745.515 4023.732
5604.851 3774.981
6011.867 3332.950
6005.535 3914.460
5848.674 3995.367
5909.469 3709.472
6182.294 4037.999
6266.250 3972.423
5940.928 4160.556
5945.961 3495.461
6199.935 4060.627
6143.973 3336.604
5641.216 3355.855
5471.707 3590.533
5798.074 3615.269
6233.863 3513.447
5475.555 4164.719
5558.383 4091.383
5695.245 3412.630
6224.635 3990.158
6288.093 3665.162
5481.744 3443.366
6306.340 3933.214
6110.156 3842.120
6118.430 3348.755
5504.465 3463.110
5592.285 3763.090
5877.645 3374.642
5839.802 4178.092
5955.489 3550.483
5513.793 4017.903
5865.932 3623.553
5466.089 3943.734
6339.824 3515.150
5455.909 3321.180
5591.598 3636.716
6308.269 4170.819
5464.008 3293.846
6320.361 3715.449
5658.365 4006.550
6109.413 4082.887
6300.719 3680.341
6170.433 3848.217
6060.487 3964.191
6028.194 3878.258
6290.481 3558.266
5618.119 4171.760
5578.039 3944.296
5802.891 4005.142
6270.741 3874.941
5565.536 3711.962
5474.902 3526.421
5900.843 3598.803
5693.477 3549.055
5732.559 3805.020
5790.418 3421.873
6316.735 3783.435
5513.171 4103.358
6312.779 3400.596
5639.819 3742.758
5617.923 4054.411
5677.351 3722.628
5636.832 3765.981
5877.947 4093.510
6048.807 3558.277
5462.027 4138.828
5936.500 4158.040
5869.023 3428.018
5643.705 3935.687
5586.961 3856.720
5592.137 3679.037
6161.062 3751.562
5586.056 4155.949
5862.308 4101.981
5588.223 3742.530
6282.490 3913.625
5645.266 3885.475
6295.328 4168.617
6210.497 4062.368
5726.992 3964.754
5515.846 4095.853
5850.219 3534.903
5839.464 3531.108
5577.885 3542.000
5857.292 4029.670
6084.438 4126.933
5994.782 4025.619
6185.442 3609.297
6000.993 3955.008
5592.785 4136.036
6133.425 3663.403
5716.847 3668.242
5795.420 3523.418
6242.795 3741.947
6020.174 3840.509
5703.436 4164.582
5483.221 3412.075
6288.856 3959.674
5876.172 3994.657
5973.485 3934.738
6335.285 3994.364
5857.086 3350.125
5563.545 4006.379
5704.354 3980.649
6001.051 3479.621
5836.696 3714.065
5484.487 3748.217
5522.708 3402.048
6221.750 3406.224
6130.203 3789.123
5919.150 3409.037
6178.260 3949.462
5886.801 3547.630
6122.743 3720.980
5576.472 3862.243
6287.453 3825.436
6228.640 3398.350
6199.670 4037.853
5755.239 3790.472
6287.513 3391.750
5616.924 4072.578
6036.268 3620.862
5974.945 3309.760
6110.508 3792.807
6124.271 3417.159
5554.779 3402.786
5754.623 3608.844
5613.436 4025.864
5999.071 3506.755
6013.491 3839.583
5856.904 3823.086
5972.296 3597.296
6223.215 3948.789
5450.768 3905.684
6303.551 3325.631
5667.781 3313.546
5850.419 4122.150
5599.850 3859.529
5660.547 4170.997
5807.744 3351.023
6120.040 3518.618
5626.230 3679.319
5997.568 3305.135
5599.686 3969.433
6084.381 4068.821
6119.026 3598.478
5788.069 3909.146
5968.254 3375.957
6246.001 3658.978
6258.023 3404.354
6048.405 3543.517
6267.348 3955.775
5448.193 3822.608
6320.473 4054.421
6010.366 4016.079
6120.456 3916.558
5631.573 4042.983
6010.030 4056.076
5623.206 3530.828
6260.136 3906.368
5650.827 3297.435
5961.611 3702.506
6075.165 3709.039
5802.710 4024.846
5561.992 3837.521
5713.885 4075.881
5742.968 3368.617
5942.664 4163.674
5803.827 4028.560
5758.708 4012.345
5899.071 4005.508
6214.438 3784.956
5835.672 3591.094
6224.842 4108.777
5631.302 3698.273
5593.846 3667.620
5815.970 3563.074
5628.039 3573.450
5974.436 4055.526
5818.475 3920.868
5798.918 4083.783
6015.873 3880.891
6256.698 3776.568
5591.405 3397.023
5803.525 3700.485
6331.758 3900.932
5798.502 3496.293
5924.958 4069.310
6096.472 3758.329
5687.773 4120.267
5461.543 4141.413
6326.758 3456.707
6243.400 3514.493
5843.063 3418.045
6058.070 4132.684
5984.998 3740.254
6197.305 3897.827
5933.226 3672.364
5622.513 3845.759
5837.139 3804.303
6082.442 3654.595
5670.834 4063.470
5584.354 3321.262
5748.093 4086.123
6102.143 3741.817
5659.744 4080.157
5732.964 3291.462
6047.943 3759.793
6058.039 4131.527
5776.518 3622.686
6289.721 3354.271
6096.101 3623.274
5951.902 4017.103
5479.521 4018.327
5805.247 4133.690
6267.304 3655.553
5461.445 4038.890
5767.599 4102.893
5618.864 4176.354
5769.859 3743.009
5895.761 3610.511
5925.845 3414.595
5619.448 3568.443
5657.850 4063.004
5642.666 3586.974
5502.828 3714.000
5824.761 3626.829
5589.806 3684.287
6164.529 3999.688
6188.862 3486.905
6251.090 4164.028
5914.224 4091.715
6147.555 3646.528
5976.092 4143.889
5992.791 3941.873
6178.621 3698.157
5752.442 3470.444
5586.824 4104.745
6236.448 4163.212
6306.726 4137.913
6134.699 3819.176
6164.105 3314.307
6148.796 3726.981
5809.836 3702.722
6054.814 4057.073
6223.826 3840.642
6198.134 3770.664
5966.883 3655.472
5636.950 3796.414
5622.565 3831.939
6046.400 4147.079
5844.695 3361.795
5606.223 3846.283
5668.231 3584.179
5649.553 3602.406
5954.917 4001.960
5892.334 3902.726
6160.045 3619.444
6040.861 3984.641
5977.864 3541.639
6119.679 4018.203
5620.896 3663.859
5595.061 4173.218
6040.828 4017.783
6042.019 3926.579
6256.481 3293.535
6012.272 3610.525
6103.090 4082.627
5593.544 3626.903
6266.807 4121.452
6215.123 3426.908
5991.589 3869.572
5657.717 3619.177
6021.235 3324.583
5928.993 4016.987
5919.358 4099.294
5983.309 3323.076
5891.103 3676.462
5799.504 3443.841
5915.265 4062.377
5815.433 3715.194
5982.518 3972.906
6071.069 3692.296
6246.474 3454.862
5650.646 3975.581
6052.149 3421.354
5969.943 4029.197
5709.872 4114.066
5949.845 3812.661
5722.796 3467.059
5989.894 4168.570
5625.706 3759.670
5498.880 3468.225
5882.908 3605.082
5603.798 4077.902
5785.956 3723.438
5804.572 3927.796
6237.754 4093.311
5880.311 3696.483
5905.319 4082.103
5975.826 3652.318
5927.236 4176.278
5650.053 3783.935
5646.974 4110.419
5596.005 4096.186
5721.431 3522.204
6167.436 3384.339
5709.156 3750.163
5864.716 3480.615
5704.546 3319.883
5672.864 3790.627
6083.465 3959.303
5649.886 3791.433
5667.370 3451.909
5573.219 3879.500
5725.678 3820.691
6188.372 3697.422
5657.505 3296.881
5479.639 3975.024
5971.612 3838.720
5532.844 3702.998
5933.258 3886.940
6111.489 3879.409
5910.414 3340.857
5498.256 3612.385
5451.822 4043.106
6333.579 3921.767
6115.144 4133.061
6300.454 3682.800
5980.868 3595.380
5646.891 3308.832
6227.702 3372.637
5523.521 3603.703
6240.103 3501.481
6240.328 3992.694
6306.176 3758.736
5539.822 3984.126
5999.237 3616.284
5640.277 3557.005
5547.304 3554.498
5925.179 4101.446
5780.051 3462.070
5858.808 3542.817
5721.226 3320.752
6332.331 4045.473
5857.412 4107.305
5834.928 3842.059
5748.991 3799.052
6002.728 4110.769
5453.092 3322.548
5758.809 4171.869
5621.960 3967.488
6083.747 3810.010
5922.986 4104.280
6318.880 3967.576
5682.945 4153.279
5785.941 3733.227
5657.312 3556.119
5548.557 3483.708
6272.943 3892.159
5920.285 3305.655
5631.984 3712.253
5462.399 3309.620
5569.421 3338.496
6018.580 4089.024
6193.910 3634.401
5905.094 3487.748
5906.876 3889.510
5764.032 3501.226
6260.569 3882.523
5559.608 3506.199
6138.156 3676.733
6047.206 3376.905
6301.876 3621.543
5931.509 3927.572
5796.829 4001.157
6332.365 3308.022
5592.446 3924.798
5626.859 3715.791
6203.474 4174.704
5591.932 3376.371
5822.539 3402.062
5513.070 3670.095
5894.810 3512.489
6104.069 3719.834
5713.275 3419.113
5917.855 4065.210
6203.303 3356.367
6275.874 3901.878
6006.130 3862.738
6150.920 3377.943
5735.925 3380.271
5540.644 3570.454
6014.046 3842.636
5751.855 4134.669
5998.824 3460.487
5731.743 3457.993
6067.197 3554.300
5649.049 3318.686
5516.149 4140.981
5840.609 3730.930
6212.497 3901.328
5470.373 3460.921
6069.851 3404.653
5698.839 3967.865
5458.124 3652.251
5739.733 3601.602
5999.228 4148.528
6107.604 4083.522
5933.940 4025.415
5456.504 3382.546
6011.221 3763.402
5913.997 3470.910
6283.301 3629.544
5685.561 3610.676
6260.060 3541.330
5997.378 4032.280
6144.816 3399.070
6009.882 3423.141
5611.847 4154.519
5472.931 3763.474
6289.616 3320.561
5940.631 3626.413
6277.611 3540.987
5810.906 3764.334
5508.628 4056.327
6033.858 3606.065
5653.060 3965.126
5969.300 3946.119
5762.577 3837.338
5807.334 3413.089
6083.065 3297.021
5811.798 3605.021
5452.977 4124.081
5615.880 3637.350
6125.826 3527.132
5581.239 3498.047
5805.166 3799.198
5925.619 4059.832
5839.242 4037.182
6222.201 3298.927
6161.304 3317.461
5570.173 3321.160
5582.342 3569.535
5488.881 4016.941
5564.198 3510.782
6114.870 4069.841
5743.478 3889.460
5493.410 4146.409
5463.331 3332.522
6182.450 3511.170
6149.620 3684.180
5843.175 3424.518
6253.061 3329.294
5714.650 3674.044
5822.504 3444.172
6127.126 3315.681
5991.098 3673.618
5706.903 3848.854
6299.891 3421.592
5616.443 3730.959
5756.028 3402.366
6253.451 4082.008
6235.295 3759.027
5768.302 3528.822
6104.886 3356.507
5551.754 4097.612
6058.717 3717.800
6135.933 4078.042
6069.044 3939.184
5800.484 3437.550
6065.089 3670.352
5608.878 3883.108
5535.582 3983.489
5761.366 4111.770
5510.518 3491.092
5628.233 3980.296
6146.837 4040.707
5512.498 3771.207
5811.043 3316.530
6063.878 3789.633
5932.509 4152.589
6242.642 4124.210
6240.837 4002.390
6251.771 3934.647
5752.855 3569.714
5501.427 3558.335
5633.777 3902.732
5707.411 4006.786
6103.055 3557.699
5640.533 3467.742
5900.230 3569.113
6132.729 3528.455
6081.446 4163.416
5632.735 4180.579
5603.263 3599.525
5669.333 3720.699
5460.475 3393.677
5451.069 3841.919
5973.004 3700.223
6262.649 3934.170
6016.453 3321.421
5687.219 3331.840
5486.426 4098.825
5559.677 3633.934
6085.245 3724.331
5684.019 3395.308
5691.357 3554.850
5993.627 3303.354
5532.569 3832.485
5777.039 3313.612
6041.047 3456.637
6284.315 3347.988
6317.017 3444.018
5984.803 3953.308
6211.669 3838.264
5803.088 3534.255
6284.885 3799.658
6001.767 3315.117
5706.845 4058.229
6117.376 3467.696
5566.823 3707.192
5757.888 3377.659
5960.592 3900.141
5961.067 3610.854
5667.918 3317.427
5567.929 3560.428
6155.921 4051.057
6303.831 4092.979
5600.314 4145.861
5924.819 3626.245
5647.552 4179.223
5756.820 3625.199
5701.211 4035.872
5852.355 3554.233
5504.714 3650.989
6236.716 3467.561
5625.238 3843.376
5913.278 3631.477
6338.000 3467.778
6122.626 3438.009
5868.025 4057.206
6233.887 4105.035
5450.913 3943.219
6102.366 3394.725
6257.778 3948.424
6331.777 3668.390
5934.735 4094.670
5624.259 4094.525
6035.214 4152.922
5533.596 3835.448
6243.548 4164.759
5493.925 4003.851
6079.234 4104.677
5919.340 3728.925
5515.095 3976.015
5773.702 4031.388
6272.956 3322.938
6303.042 3898.995
5449.343 3934.330
8522.467 4153.212
8290.190 3801.670
8057.682 3687.150
8303.230 4002.059
8284.406 3724.217
8734.061 4327.395
8337.475 4253.913
8832.296 4293.233
8369.034 4184.072
8455.378 4228.461
8812.157 4075.147
8739.222 3692.695
8218.058 4278.998
8542.111 4028.540
8245.465 4342.350
8789.527 4117.656
8198.349 3734.751
8243.761 3954.563
7999.890 3948.303
8638.139 3867.302
8835.944 4013.870
8827.252 3612.252
8142.061 4221.718
8223.785 4251.382
8037.808 3599.591
8566.498 3969.287
8250.366 3538.664
8081.489 4079.513
8437.311 4383.308
8331.564 4108.814
8698.880 4181.247
7982.891 4003.047
8595.837 3528.661
8144.125 3812.209
7982.665 3858.144
8001.689 4177.202
8812.091 4380.989
8477.180 3812.262
8596.554 3609.155
8740.069 4368.487
8789.167 3644.215
8685.277 3949.266
8086.907 3754.556
8577.641 3717.370
8011.220 3962.749
8548.897 4142.367
8821.557 4306.283
7959.037 3721.744
8312.645 4055.891
8601.904 3652.788
8336.706 3577.178
8003.560 4229.235
8593.363 3998.382
8597.055 3615.135
8808.508 3663.972
8182.046 3563.293
8097.346 4321.669
8839.801 3846.755
8661.870 4381.735
8008.024 4006.910
8387.842 3549.319
8631.273 4276.872
8117.352 4406.320
8437.368 3826.292
8521.552 4281.399
8833.638 4378.772
8513.432 4015.560
8108.635 3530.520
8540.494 3804.260
8300.835 4015.608
8694.493 4318.047
8353.999 3537.588
7962.038 4397.785
8704.474 3763.366
8043.505 3674.421
8030.436 3931.216
8720.403 3776.035
8443.048 4094.933
8289.153 3836.910
8069.883 4110.853
8275.898 3952.507
8190.384 3941.929
8652.140 4105.676
7962.329 3761.056
8124.356 3845.906
8121.664 3952.839
8248.664 3788.976
8330.123 3621.007
7973.627 3674.564
8143.459 3722.975
8059.198 4378.225
8431.558 4187.172
8497.882 3619.584
8423.685 4010.246
8337.012 4198.202
8685.270 4049.652
8069.448 4245.861
8200.158 3522.819
7971.348 4173.776
8253.920 3725.997
8264.070 4122.775
8579.303 3862.755
8166.882 4186.972
8626.958 3607.734
8005.508 3882.012
7960.674 4271.593
8694.964 4242.775
8318.778 3784.063
8279.839 3932.668
8374.610 4341.035
8079.727 4343.109
7950.111 3747.766
8659.076 3906.563
8092.958 3851.905
8211.289 3618.658
8703.594 4224.936
8254.521 3970.163
8158.696 3610.805
8594.242 4040.051
8819.210 3695.761
8202.894 3982.997
8293.114 3817.619
8747.090 4055.146
8161.430 3695.127
7976.695 3909.166
8290.527 4238.570
8825.389 3560.841
7964.822 4169.067
8208.548 3704.820
8658.042 3821.532
8105.938 4284.782
8768.692 3663.552
8307.353 3530.819
8092.759 3979.188
7956.325 4330.608
8281.673 3995.697
8388.581 4052.665
7979.006 4095.071
8813.691 3935.875
8414.041 3857.091
8154.082 3939.713
8835.901 4310.611
8816.244 3991.823
7970.876 3991.838
8274.976 3821.755
8477.721 4119.549
7995.901 3660.253
8353.523 4033.517
8833.108 3900.281
8457.484 4089.165
8254.575 3576.722
8172.898 3949.395
8810.431 3772.295
8150.705 4353.757
8458.868 4067.377
8222.937 4081.243
8425.461 4388.147
7955.572 3860.245
8406.861 3925.263
8020.528 3555.805
8511.587 3920.864
8062.351 4391.000
8526.985 4060.158
8260.922 4015.681
8263.942 3599.728
8107.708 3685.990
8190.033 3834.862
7983.119 3796.557
7982.594 3945.534
8200.025 4251.069
8653.451 4281.251
8073.626 4120.430
8519.418 3703.259
8680.343 4326.702
8821.821 3530.702
7962.901 3874.724
8219.015 3525.974
8432.788 4340.769
7985.439 3715.498
8144.803 3960.437
8045.490 3696.907
8346.599 3725.558
8219.360 4026.851
8357.914 4070.543
8364.666 3989.145
8656.145 3583.331
8061.997 4171.476
8455.522 4012.652
8229.944 3684.272
8009.444 3823.670
8099.860 4248.672
8031.131 4309.380
7961.383 4278.696
8700.459 4140.315
8576.725 4005.334
8002.596 4339.139
8039.060 3757.627
8239.162 4162.177
8357.405 4252.958
8643.354 3687.421
8143.143 3991.376
8301.695 4406.531
8423.001 4342.121
8418.671 3795.689
8018.776 4205.032
8560.561 4232.961
8544.668 4322.624
8603.849 3592.169
8130.466 3552.232
8021.443 3852.777
8604.436 3734.852
8603.965 3919.172
8085.123 4091.402
7972.267 3685.145
8172.745 4275.357
7974.263 3621.805
8714.024 3611.041
8385.401 4354.154
8463.177 4150.000
8574.300 4112.163
8139.623 3621.027
8791.107 3591.853
8738.150 3676.123
8470.766 3773.148
7966.361 3593.715
8176.425 4200.023
8477.658 4276.730
8798.787 3756.688
8761.564 3652.412
8729.577 3755.063
8133.584 3633.487
8256.358 3797.619
8702.103 3780.538
8508.754 3838.556
7989.784 3763.876
8472.678 3551.602
7985.101 4275.334
8132.298 3551.907
8535.354 4309.624
8655.090 3646.049
8579.406 4058.989
7974.982 3768.114
8392.169 3689.118
8752.465 4374.701
8104.746 4301.668
8060.674 4301.085
8227.709 4381.313
8585.038 3600.109
8356.113 4087.812
8503.063 4374.891
8832.343 4241.672
8128.012 4016.133
8204.251 3529.701
8330.271 4155.198
7965.313 3801.373
8159.959 3778.165
8235.635 4080.487
8352.712 3685.856
8696.539 3653.763
8566.444 4242.374
8177.085 4344.792
8716.648 3708.103
8336.878 3660.816
8068.393 3801.416
8100.689 4250.828
8544.004 4311.974
8192.417 4345.543
8167.789 4101.703
8173.146 3849.016
8791.206 3847.727
7967.570 4101.137
8658.022 4093.939
8678.579 4098.477
8228.334 3693.829
8250.579 4336.915
7968.965 4382.650
8410.098 4140.274
8616.756 4280.662
8784.873 3785.256
8470.970 3943.171
8576.370 4225.812
8645.350 3824.129
7966.562 4197.577
8832.606 3534.582
8436.826 3581.725
8215.225 3840.252
8578.595 4264.648
8330.494 4250.207
8381.721 3877.745
8720.369 4069.728
8032.584 4261.412
8354.393 4211.403
8734.037 4365.892
8051.236 4161.517
8523.482 3720.266
8439.103 4389.086
8585.127 4152.487
8322.914 4170.290
7969.438 4095.244
8804.134 4052.632
8054.100 4096.978
8638.335 4327.371
8148.339 4282.117
8027.699 4093.807
8364.568 4314.837
8831.932 4232.992
8443.699 4011.872
8172.388 3716.549
8808.700 4116.530
8403.132 4101.649
8572.225 3922.331
7959.097 3949.909
8270.767 3758.255
8516.967 3613.288
8640.063 4400.329
8445.736 3820.116
8811.112 4078.756
8539.693 4129.041
8254.994 3655.992
8336.132 4198.895
8714.987 3906.969
8556.856 4400.108
8681.970 3852.156
8707.192 4146.194
8255.614 3925.633
7994.085 3733.481
8475.601 4365.728
7978.170 3913.245
8026.048 3934.141
8095.885 3588.381
8106.561 4365.768
8552.044 4272.464
8088.029 3792.100
8609.067 3572.591
8061.353 3644.973
8823.284 4123.743
8137.593 4193.117
7974.777 4210.401
8098.136 3691.406
8603.541 4370.063
8793.339 3704.161
8688.356 3856.778
8256.142 4119.886
8160.344 3854.407
8458.415 3870.411
8099.657 3719.232
8411.152 3773.339
8555.338 3547.475
8762.365 4020.056
8834.698 4292.756
7988.305 4366.163
8582.849 3678.886
8798.565 4063.859
8825.360 4240.598
8175.691 3805.614
8420.226 3626.061
8414.905 4363.621
8278.998 3830.842
8813.253 4145.485
8389.764 4191.167
8191.165 3840.465
8267.604 4024.000
8588.856 3974.355
8084.139 4372.936
8339.188 3547.210
8172.156 4353.221
8505.817 3761.820
8100.157 4202.449
8123.289 4271.335
7992.131 3683.953
8512.398 4320.422
8087.553 4105.573
8798.480 3595.280
8106.018 3978.463
8335.450 3966.719
8584.296 3815.846
8710.036 3629.030
8725.949 3568.980
8820.814 4050.332
8673.486 4005.150
8052.164 4216.019
8278.176 4274.811
8099.551 3629.175
8624.263 4126.966
8459.344 3968.944
8546.642 4019.983
8434.371 4212.067
8696.559 3555.813
7987.138 3563.736
8363.995 4347.914
8371.304 4340.736
8382.476 4069.143
8094.124 4135.882
8378.551 3756.440
8466.062 3581.778
8211.474 3838.104
8335.671 3716.912
8821.162 3998.813
8745.654 4361.690
8514.513 3873.946
8171.005 4086.744
8771.746 3863.287
8007.872 3957.112
8158.606 3533.817
8789.698 3532.534
8816.877 4092.138
7972.191 3852.607
8041.370 3738.874
8274.172 4360.320
8394.599 3825.044
8632.034 3755.552
8418.533 4274.144
8504.074 3528.490
8557.164 4254.953
8057.247 4344.470
8270.699 3888.082
8245.323 3731.180
8802.782 3954.178
8617.097 3521.334
8323.917 4382.303
8524.821 4045.780
8118.297 4146.008
8595.888 3547.064
8281.646 4145.118
8412.315 4342.367
8274.143 4345.089
8172.339 3622.999
8213.255 3665.579
8798.281 4262.944
8284.724 3724.101
8543.354 4115.037
7999.108 4229.655
8174.942 4105.116
8189.863 4047.522
8062.337 4215.217
8468.693 3862.002
8651.073 4266.200
8338.648 3546.980
8570.841 3729.337
8735.347 4160.995
8349.902 3547.898
7961.162 3674.236
8250.964 4038.997
8645.567 4128.332
8769.465 4273.146
8363.529 3737.958
7993.139 4061.039
8023.853 3731.939
8756.631 4339.853
8697.123 4313.109
8460.627 3902.855
8057.256 3649.392
8014.566 4082.577
8601.525 3588.997
8568.354 4321.607
8456.434 4249.552
8195.411 3581.088
8545.938 4000.394
8560.023 3862.462
8437.283 3606.273
8809.611 4251.431
8138.302 4314.410
8681.377 4380.446
8095.735 3867.893
8284.278 3789.237
8567.128 4361.225
8568.832 3851.679
8095.619 3785.709
8128.558 4304.687
8617.905 4377.984
8103.407 3765.124
8641.246 4086.994
8133.337 3534.036
8515.180 3987.388
8051.109 3623.500
8183.670 3740.060
8192.740 4072.749
8803.635 3922.959
8135.442 4115.969
8441.789 4212.071
8612.781 4063.318
8231.589 3848.881
8798.830 4029.355
8356.929 4345.477
8826.597 4091.178
8202.552 3886.658
8752.564 4077.558
8258.244 4022.689
8519.638 3814.463
8523.902 3781.158
8139.292 3657.812
8400.947 3782.132
8357.557 3848.497
8490.900 4345.969
8357.060 3540.241
8584.610 4091.524
8699.786 4336.881
8211.481 3809.044
8564.649 3660.616
8173.864 3761.418
8161.731 3724.252
8237.413 4039.313
8284.045 3932.419
8015.092 3656.780
8438.563 3550.550
7988.491 4370.532
8209.468 3934.274
8578.304 4258.671
8827.628 3948.040
8544.365 4281.532
8012.254 3642.487
8032.527 3854.831
8637.027 4009.309
8567.965 3860.044
8292.826 3657.187
8413.058 4215.693
8531.421 4393.126
8217.905 3611.603
8735.312 3899.657
8836.914 3689.006
8573.619 3724.024
8653.663 3568.451
8532.672 4039.444
7981.554 4159.023
8334.104 3611.942
8513.311 4384.848
8744.374 3687.846
8576.195 3907.318
8790.626 3525.232
8041.577 4295.484
8729.698 4055.879
8189.060 3543.067
8798.448 3742.644
8600.704 4337.619
8407.485 3628.431
8604.764 3957.874
8678.777 4271.929
8616.986 4103.700
8547.880 3566.485
8781.282 3733.609
8348.422 4027.602
7971.864 3563.049
8023.164 3861.580
8394.595 4107.938
8074.249 3825.164
8614.825 3580.846
8724.296 4405.618
8511.970 3885.763
8672.716 4121.594
7997.578 3796.318
8384.094 4246.879
8333.513 3815.011
8558.849 3991.415
8143.167 3736.266
8459.058 4312.974
7973.324 3626.952
8470.213 4218.731
8337.172 3556.397
8416.685 4413.760
8501.613 4306.082
8284.841 4383.458
8069.811 4223.441
7987.738 4368.605
8309.993 3547.224
7979.536 3590.768
8727.836 4364.982
8209.366 3703.007
8024.193 4388.610
8498.996 3866.336
8106.049 4393.064
8507.319 4280.093
8541.585 3542.461
8090.611 4126.337
8352.770 3674.462
8206.784 3633.767
8182.080 3819.091
8336.388 4122.536
8524.429 4139.323
8318.623 4148.649
8809.436 4399.090
8807.514 3709.737
8600.268 3711.347
8700.765 3685.622
7994.227 3866.280
8389.619 4120.486
8389.532 3878.054
8758.703 3550.294
8601.627 3625.782
8354.785 4035.136
8784.234 3683.391
8562.228 3734.642
8184.841 4093.475
8466.589 4388.027
8499.741 3816.190
8171.310 4080.683
8232.217 4257.550
8232.227 4233.918
8682.428 3885.366
8461.800 3671.643
8312.433 4078.615
8476.004 4401.634
8143.950 3568.167
8500.944 4265.693
8530.384 4204.016
8726.764 3982.083
8205.393 4381.122
8500.657 4267.533
8751.459 3816.129
8270.943 3576.293
8077.071 4358.074
8388.648 3640.742
8709.520 3968.539
8235.701 4404.072
8125.564 3951.955
8820.845 4308.746
7969.159 4180.733
8633.224 3564.606
8806.179 3957.944
8827.036 3928.553
8224.691 4291.987
8840.432 3763.265
8236.307 4187.941
8523.887 4138.734
8822.549 4246.697
8213.618 4379.668
8765.061 4033.286
8082.914 4351.964
8238.567 3945.564
8561.273 4200.869
8450.776 3538.078
8256.128 3594.725
8619.780 3571.707
8638.433 4153.274
8776.084 4008.074
7995.160 4252.473
8521.916 4042.815
8645.025 4010.909
8237.850 4390.251
8292.858 4200.135
8560.161 3797.769
8185.900 4091.704
8354.579 3641.447
8823.615 3566.697
8421.602 3798.112
8467.098 3666.633
8296.529 4027.117
8114.865 3753.746
8274.976 4264.353
8554.548 3860.625
8403.074 3811.210
8674.542 4068.358
8230.062 3970.382
8278.350 3944.180
8827.987 4210.461
8520.227 3863.933
8212.531 3933.096
8785.637 3815.824
8577.325 3747.525
8685.520 4149.824
8240.505 4286.806
7997.652 3988.771
7961.829 4330.649
8681.587 4148.724
8555.073 3674.907
8174.750 3986.642
8624.215 3876.490
8484.221 4377.491
8752.506 4278.417
8361.995 4068.976
8287.381 3617.868
8151.607 4206.777
8569.491 3977.420
8419.551 3884.487
8383.754 3733.916
8445.291 3857.158
8831.116 3569.776
8321.236 4277.747
8267.213 3920.224
8092.180 3985.625
8100.148 3750.695
8182.902 4097.151
8400.269 4064.503
8360.498 4195.111
8380.595 4255.034
8383.041 3848.286
8709.871 4366.508
8733.495 4367.072
8114.259 4295.872
8355.484 4091.751
8612.066 3809.313
8761.796 4309.059
8394.995 4149.041
8290.525 4270.282
8172.978 3717.708
8452.837 4381.185
8390.634 4017.192
8270.067 3943.370
8479.218 4273.647
8006.399 3992.304
8539.577 4017.270
8001.263 3664.845
7992.951 3807.424
8768.454 3698.557
7952.115 3742.394
8734.940 4359.494
8036.460 4262.656
7969.437 4406.906
8302.953 4018.476
8239.170 4394.803
8070.429 4034.007
8088.084 4043.801
8529.973 3864.129
8279.612 4236.503
8180.787 4160.283
8198.345 4190.656
8366.351 4055.372
8654.513 3852.369
7957.115 3733.469
8239.731 3596.752
8176.654 3802.460
7987.167 4380.520
8500.971 3638.606
8791.215 3739.994
8624.857 4231.035
8232.760 3927.133
8635.333 4259.651
8536.706 4061.581
8123.746 3884.556
8153.830 4344.392
8149.081 3770.547
7966.484 3716.572
8457.671 3972.191
8259.644 3991.039
8595.885 4065.952
8189.779 4212.888
8024.211 3709.896
8539.498 4199.296
8731.684 4276.757
8658.437 3663.411
8612.724 3714.004
7996.967 3903.470
8805.811 3878.443
8344.515 4365.988
8074.679 3583.114
8064.812 4176.300
8511.424 3556.820
8153.218 3950.176
8374.513 4126.640
8762.526 4394.877
8830.055 4307.124
8253.716 4120.948
8439.304 3627.915
8400.444 4123.445
8428.496 4172.254
8831.779 4024.380
8244.944 3749.464
8343.911 3868.351
8562.665 4149.280
8119.014 3883.579
8528.184 3734.677
8200.772 3750.377
8309.574 4109.240
8351.456 4014.850
8239.668 3899.154
8306.249 4163.249
8695.708 3834.253
8665.189 3937.700
8822.311 4141.974
8473.879 3882.668
8777.946 4092.800
8036.456 3804.904
8082.045 4388.918
8526.930 4072.711
8019.277 3649.092
8403.688 3678.503
8802.195 4018.275
8629.514 4102.740
8429.610 3839.218
8651.851 3930.013
8542.110 4222.014
8753.854 4216.658
8083.649 4382.725
7961.869 4358.596
8550.578 3561.302
7992.591 4075.641
8774.885 4176.402
8220.339 4129.546
8465.523 3667.448
8070.045 4105.487
8608.964 4172.187
8478.921 4268.637
8079.455 4039.101
7993.826 4229.809
8234.105 3584.604
8000.087 3521.986
8184.142 3695.097
8463.642 3852.242
8756.239 3925.687
8001.191 3637.595
8799.280 3867.923
8775.768 4030.600
8108.679 3628.027
8511.845 3885.660
8027.714 3746.695
8519.248 3561.779
8596.399 4323.135
8080.235 3707.390
8135.785 3617.329
8516.502 4098.773
8393.865 4315.953
8779.276 4147.953
8206.175 4114.077
8754.008 3946.390
8267.997 3959.020
8039.295 4046.192
8404.264 3995.853
8146.391 4332.817
8811.942 3644.583
8372.833 3537.551
8223.888 3830.186
8777.569 3748.763
8392.896 4082.818
7995.983 4307.369
8439.862 4329.302
8475.020 3935.813
8299.159 3957.748
8381.589 4049.825
8521.578 4248.105
8516.836 3797.047
8520.917 3881.924
8125.889 3843.060
8065.851 3527.687
8151.118 4242.974
8549.059 4033.185
8231.210 4361.086
8647.061 3740.595
8756.175 4080.113
8519.651 3739.358
7969.012 4068.870
8138.218 4196.673
7968.699 4287.661
8027.382 4233.976
8329.236 4343.630
8612.415 4221.332
8259.603 4109.691
8630.567 4347.332
8295.596 3525.735
7965.192 3807.468
8450.685 3942.140
8271.178 3752.868
8550.697 3966.891
8430.605 3542.116
8085.187 3751.749
8213.257 3590.012
7978.334 4070.836
8787.133 4302.082
8242.357 3975.341
8551.068 3640.771
8348.775 4068.453
8589.528 4411.987
8034.203 4037.893
8130.291 3662.877
8707.263 4076.755
8079.062 3807.405
7989.422 4323.032
8014.211 4068.129
8114.297 3548.411
8295.941 3986.839
8818.902 4182.619
8118.338 4165.879
8072.086 3599.094
8259.248 4123.421
8638.621 3886.328
8197.159 4090.768
8564.252 3824.408
8046.616 4107.500
8693.989 3756.659
8295.023 3615.136
8099.988 3525.595
7960.359 3560.923
8614.804 3904.942
8473.915 3650.282
8254.703 3980.312
8137.341 3604.221
8044.313 3960.205
8705.613 4062.659
8770.589 4043.001
8333.521 3800.482
8663.138 4234.300
8011.195 3594.859
8089.968 3912.304
8692.050 3762.119
8513.441 3666.562
8669.011 4333.303
8557.799 3760.951
8773.821 3573.094
8273.192 4069.196
8230.962 3885.984
8358.645 3714.051
8631.928 4088.919
8832.797 4000.523
8073.314 4242.332
7979.475 4124.991
8056.317 4231.530
8165.016 4025.159
8122.511 3828.183
8485.073 4343.542
8626.694 3706.854
8118.707 4150.637
8130.762 3796.968
8810.450 4047.234
8221.555 3562.871
8243.589 3578.971
8737.034 4283.853
8666.974 3818.785
8069.697 3689.142
7980.101 4162.696
8045.114 3921.909
8481.685 3644.297
8114.822 4075.034
8036.291 3993.432
8661.908 3755.950
8183.199 3889.564
8144.696 4243.186
8213.862 4294.314
8020.736 3687.560
8839.294 3643.189
7963.914 3939.449
8653.069 3977.501
8403.593 4067.668
8185.177 4116.668
8149.167 4199.678
8497.583 4370.331
8651.452 4219.178
8747.690 3573.189
8334.466 3703.231
8566.646 4366.256
8050.077 3715.721
8772.046 3523.941
8694.814 3814.644
8809.512 3724.925
8349.414 3529.052
8217.191 4100.212
8047.052 4388.806
8680.967 3607.791
8184.287 4023.532
8693.408 3695.114
8592.253 3680.657
8402.608 4285.491
8568.518 3942.381
8029.209 3639.550
8419.790 3839.757
8258.157 3524.687
7975.959 3906.239
7979.980 3523.676
8657.637 3649.364
8660.153 4388.843
8253.850 4378.003
8285.956 4324.457
8572.849 4219.360
8106.151 3926.209
8209.252 3916.085
8519.139 4127.312
8246.640 4117.763
8481.977 3860.138
8451.517 3731.343
8403.982 3655.660
8609.884 4270.053
8527.602 4045.535
8050.105 3843.462
7979.482 4183.693
8533.991 4261.800
8294.899 3524.839
8409.868 4267.982
8641.092 4295.593
8533.788 4210.839
7979.454 4136.019
8671.518 3766.480
8681.441 3613.494
8726.420 3897.480
8784.941 4409.159
7976.298 4066.438
8628.784 3554.136
8759.346 4165.212
7995.461 3650.403
8812.981 3545.737
8119.432 3735.901
8157.206 3641.203
7950.524 3566.969
8367.406 3637.124
8405.446 3959.516
8274.201 4096.252
8326.918 4346.588
8146.084 4276.581
8434.667 4027.722
8586.083 3707.834
7989.923 3755.603
8464.086 4357.052
8598.596 3869.855
8322.500 3652.757
8101.572 3748.845
8788.837 4249.150
8191.940 3946.732
8779.850 3627.105
8188.503 3541.385
8714.736 4405.140
7968.674 3917.912
8632.358 3952.972
8363.556 3747.566
8138.285 4268.579
7979.728 3907.168
8696.891 4180.972
7974.744 3669.341
8159.873 3622.853
8807.324 3782.769
8719.791 4266.211
8167.584 3907.834
8686.391 4104.288
8074.149 4067.685
8028.587 3967.508
8792.988 3933.504
8510.869 3742.800
8603.185 3582.367
8838.616 3838.039
8279.098 4306.280
8072.839 4358.779
8687.436 4006.959
8745.313 3679.572
8749.568 3990.165
8243.197 4411.293
8633.412 4189.015
8737.883 3590.098
8530.275 3745.990
8380.797 4330.846
8024.448 4306.995
8072.793 3882.785
8767.313 3889.905
7982.806 3829.209
8358.306 3844.328
8423.530 4122.111
8536.675 4395.632
8562.600 3729.508
8295.583 3893.146
8546.433 3548.138
8781.102 4133.239
8735.604 4151.089
8678.118 4034.773
8836.172 4377.549
8183.040 4413.057
8729.088 3604.994
8224.895 4003.349
8031.924 4315.767
8744.724 3775.182
8063.039 4238.548
8630.512 3574.648
8182.380 3648.241
8773.030 3695.175
8172.586 3665.599
8022.363 3582.205
8611.096 3831.504
8638.700 3799.790
7980.912 4275.066
8806.780 3914.042
8047.831 3912.447
8383.474 3991.625
8421.005 4102.249
8227.630 4016.984
8321.223 3815.913
8192.783 3671.758
8067.787 4284.780
8303.847 3918.874
8538.262 4181.445
8541.362 4285.720
8788.335 4279.449
8185.568 4335.034
8315.311 3858.730
8696.453 4381.212
8303.673 3878.732
8313.912 3686.305
8254.675 4346.392
8654.866 3600.069
8701.932 3643.587
8355.361 3862.570
8635.360 3772.443
8266.294 4299.849
8809.866 3559.480
8057.076 4011.657
8009.155 3836.506
8578.345 4335.984
8336.208 3962.299
8431.984 4058.556
8425.590 4347.752
8358.554 4393.891
8763.193 3705.978
8481.752 4148.983
8698.992 4264.767
8298.120 4208.886
8120.479 3686.305
8161.837 4029.685
8284.023 3620.903
8507.978 4138.490
8245.706 4128.612
8369.636 4003.602
8108.751 4383.904
8728.001 3757.917
8388.908 4013.987
8756.163 3759.753
8583.034 4413.404
8224.689 4235.171
8712.640 3621.985
8645.132 4369.190
8171.922 4046.725
8391.887 3726.964
8190.772 4099.883
8244.191 3781.706
8468.731 3642.263
8245.868 4115.624
8073.749 4142.036
8722.656 4163.121
8469.355 3664.386
8522.408 3754.349
8037.675 3943.279
8426.654 3935.396
8326.299 4199.307
8485.980 3840.417
8441.422 4070.124
8590.693 4355.776
8403.889 3619.418
8035.481 3789.758
8179.577 3868.365
8082.915 4311.395
8417.309 4403.665
8374.360 3865.599
8335.595 3715.341
8113.171 4040.348
8167.377 3973.298
8329.704 3965.284
8651.548 3645.244
8604.064 3674.858
8422.707 3907.740
8378.091 3557.453
8598.047 3924.558
8667.031 4113.443
8478.721 3790.593
8360.176 3784.662
8296.124 4342.639
8454.107 3544.991
8033.774 3793.466
8081.325 4031.835
8007.051 3900.455
8139.780 3611.386
8045.646 3599.803
7953.509 3618.587
8319.291 4122.578
8836.444 4255.438
8019.188 4242.063
8104.716 4022.377
8028.881 4051.449
8268.822 4246.962
8255.679 4168.576
8033.802 3969.464
8226.618 3750.155
8045.909 3673.948
8075.764 3555.868
8623.237 3655.479
8788.827 4024.928
8564.220 4051.873
8212.840 4048.940
8775.979 3721.736
8802.510 3588.203
8461.788 4395.656
8668.316 3532.599
8188.579 3641.453
8257.536 4114.628
8797.605 3922.106
7966.057 4195.845
8090.116 4355.169
8518.938 3718.694
8236.180 4160.499
8228.482 3613.007
8125.883 4366.211
8198.771 3927.619
8769.023 3600.688
8159.965 4097.615
8011.920 3816.094
8766.290 3526.204
7988.870 3533.941
8149.154 3590.973
8711.852 3912.595
8427.348 3720.767
8510.018 4371.871
8567.717 4061.940
8677.483 3919.596
7951.377 3524.432
8478.788 4334.999
7996.830 4170.042
8280.167 3574.273
8003.201 4010.845
8117.391 3777.268
8597.491 4357.493
8717.800 4090.356
8572.387 3832.845
8027.554 3639.684
8734.785 3835.039
8568.676 4266.297
8083.870 4068.263
8594.687 3863.498
8233.359 4309.037
8785.669 4302.807
8105.427 3911.385
7956.627 3571.176
8162.071 4346.399
8646.842 3786.660
8377.720 4129.836
8101.226 3773.135
7991.084 4240.983
8733.320 4026.757
8093.239 3822.107
8782.902 3568.481
8248.514 3999.852
8027.031 3780.752
8306.041 3674.001
8320.000 4003.322
8357.519 3898.457
8074.413 4294.872
8760.685 4291.535
8004.366 3678.955
8281.881 4238.640
8777.252 4119.853
8824.382 4104.370
8339.016 3521.594
8511.019 3570.815
8470.193 3554.520
8418.551 3958.005
7979.378 3582.441
8331.080 3714.970
8553.281 4104.447
8052.702 3594.322
8818.242 3932.964
8122.925 3784.925
8425.096 4225.069
8446.966 4179.420
8288.886 3848.196
8064.294 3622.005
8641.769 4367.534
7952.370 4403.184
8467.940 3848.672
7950.412 4329.921
8522.210 3781.532
8199.476 4164.470
8433.408 3830.930
8375.478 3531.933
8355.652 3810.486
8568.300 4041.875
8787.881 4152.891
8544.935 4009.983
8732.897 3678.743
8602.779 3745.453
8673.938 3958.979
8723.455 3799.973
8675.425 3651.770
8224.495 3891.773
8711.834 3794.758
8688.759 4289.763
8663.578 4145.711
8671.057 4379.395
7980.799 4130.600
8405.968 3561.869
8013.600 3725.835
8637.897 3549.438
8806.038 4126.165
8572.556 4043.285
8523.235 4226.621
7974.360 3937.618
7986.095 3698.152
8425.367 3631.778
8233.704 3874.307
8055.073 4238.022
8671.857 4250.839
8069.080 4398.429
8084.555 3991.946
8086.877 3745.801
8060.367 3580.059
8110.942 3581.678
8637.263 3657.150
8412.324 3853.044
8326.512 4139.774
8259.366 3552.611
8393.105 4161.364
8350.150 3655.421
8690.157 4163.567
8096.354 4203.615
8265.425 3936.180
8015.465 4311.219
8336.018 3615.767
8028.056 3874.904
8311.355 4301.674
8708.764 4382.258
8093.622 3603.215
8585.073 3628.744
8712.762 3950.260
8472.401 4255.307
8776.644 4238.908
8379.232 3616.575
8209.956 3848.912
8071.391 4055.356
8139.139 4336.217
8698.312 4256.649
7982.743 4035.975
8592.051 4382.859
8231.969 3767.800
8272.756 3707.657
8730.439 3655.856
8566.512 4025.675
8597.868 4050.549
8156.415 4215.824
8536.522 3922.997
8837.535 3780.311
8306.387 4113.043
8181.148 4325.599
8508.363 4132.846
8579.197 3792.274
8199.776 3848.540
8569.930 4348.220
8028.708 4242.280
8324.829 3802.452
8023.921 4201.585
8396.041 3718.016
8329.928 4365.534
8066.728 4156.907
7994.743 3658.633
8522.226 4096.793
8245.884 3938.057
8582.209 3920.164
8398.776 4046.632
8340.173 3635.959
8308.566 4278.356
8297.492 3636.714
8609.850 4391.924
8205.636 4000.995
8778.510 3984.219
8291.043 3757.616
8590.532 3867.711
8457.489 4252.948
8039.217 4307.330
8436.338 3938.717
7998.230 4357.361
8613.916 4351.891
8808.732 4018.128
8358.460 3814.553
7993.126 4232.485
8346.222 3544.203
8711.464 4051.474
8289.204 3586.626
8699.414 3589.803
8243.723 4068.396
8066.633 4116.925
8716.052 4283.288
8683.263 3578.688
8675.506 4354.059
8490.665 4177.108
7953.141 4242.700
8746.262 4328.090
8402.312 4012.028
8545.983 3746.119
8541.514 3623.171
8328.559 3595.109
8456.681 4308.919
8727.345 3679.923
8609.633 3798.554
8298.745 4278.870
8354.623 3569.448
8376.796 3525.731
8405.870 4308.186
7958.358 3631.637
8051.565 4260.450
8547.595 3951.487
8430.345 3972.403
8390.687 4176.351
8201.500 3947.915
8632.295 4326.219
8670.262 4107.944
8616.891 3575.609
8628.467 4033.613
8363.263 4203.168
8589.131 4062.105
8728.540 4178.716
8008.914 3552.432
8818.787 3598.894
8511.995 3593.279
8340.076 3926.830
8748.502 4017.445
8121.797 4028.097
8236.608 4389.736
8527.996 3972.874
8036.089 4287.587
8481.134 4173.617
8519.905 3655.492
8640.650 4181.632
8601.672 4394.609
8039.581 3576.870
8014.724 4170.140
8297.995 3831.025
8796.275 3946.557
7982.216 4171.747
8003.980 4159.393
7957.411 4119.559
8641.569 3879.577
8203.305 3698.547
8325.124 3977.130
8322.770 3676.124
8114.003 4405.626
8019.167 4032.357
8770.262 3785.779
8055.283 3599.842
8757.923 4232.411
8804.315 3723.708
7953.815 4139.316
8286.219 3699.268
8028.823 3934.167
8343.418 3701.924
8289.169 4304.878
8656.394 3576.553
8298.745 4330.275
8276.106 3855.434
8519.467 3577.269
8641.242 4201.365
8483.513 3585.337
8593.085 3581.949
8134.829 3737.309
8471.369 3721.428
8270.997 4020.300
8314.733 4004.803
8441.532 4395.328
8530.601 3619.656
8417.021 4209.048
8245.779 3834.140
8303.497 4148.064
8074.610 3849.920
8041.789 3834.057
7952.501 4240.646
8166.312 4308.171
8653.989 4274.671
8046.739 3763.343
7979.282 4315.835
8447.671 3825.820
8010.945 4332.780
8658.232 4238.540
8118.524 3670.356
8574.769 3732.542
8646.252 3738.965
8409.442 3765.143
8381.986 4151.537
8747.572 3873.970
8572.650 4058.576
8683.674 3521.868
8489.665 4193.709
8278.776 3966.883
7997.481 3830.314
8755.321 4390.577
8138.082 3793.268
8074.770 3927.120
8300.409 4410.937
8837.248 4062.757
8755.727 3690.153
8226.052 4075.002
8728.348 4354.082
8623.798 4001.942
8743.236 4138.162
8147.563 4216.712
8544.775 4228.893
8027.391 4032.063
8079.582 3632.207
8089.697 3825.530
8485.727 4147.933
8019.466 3814.033
8680.398 4271.725
8647.548 3607.596
8132.120 4121.408
8028.573 3663.212
8363.541 3903.255
8661.919 3978.031
8122.496 3871.185
8687.373 3571.639
8416.553 3550.959
8788.992 3575.608
8645.449 3816.637
8256.111 4298.909
8627.351 3890.715
8107.836 4256.911
8747.078 4108.056
8300.893 3905.998
8765.818 3729.756
8033.812 4213.597
8395.938 4072.260
8371.462 4225.959
8637.178 3536.372
8757.454 3650.519
8587.423 4152.342
8496.216 4287.329
8103.663 4393.062
8163.106 4213.949
8156.280 3677.841
8723.162 4030.096
7999.389 4047.568
8077.581 3994.310
8271.143 3710.385
8631.126 3924.817
8447.498 4076.555
8622.961 3940.725
8531.380 4021.467
8755.131 3676.044
8416.124 4040.784
8097.220 4258.001
8338.355 3749.314
8183.980 3851.810
8306.190 4405.764
8012.889 4155.020
8224.496 4314.135
8366.183 4412.912
8736.997 4214.388
8124.908 4005.571
8494.068 3590.725
8724.164 3910.518
8400.854 3810.540
8253.268 3740.296
8006.885 3536.723
8241.877 4098.589
8419.301 4356.253
8191.159 3575.203
8689.073 4124.563
8240.299 3766.455
8470.737 3844.023
8512.928 4092.763
8205.112 3736.344
8706.908 4208.462
8452.637 4105.676
8218.678 3762.991
8426.266 3945.261
8493.651 4053.997
8394.646 3905.754
8260.457 3611.427
8471.465 4000.164
8478.787 3813.861
8388.531 4039.740
8025.922 3913.742
8668.675 4148.918
8517.993 4062.069
8224.852 3603.559
8611.121 3659.131
8468.036 3622.713
8078.820 4183.411
8676.583 4249.926
8608.336 4332.696
8346.592 4139.293
8049.575 3813.395
8751.812 4207.131
8317.753 4038.484
8814.844 3824.094
8553.787 4029.171
7950.389 4062.991
8749.275 4385.556
8408.704 4374.017
8060.011 3754.099
8562.322 3938.481
8576.776 3757.435
8425.256 4340.981
8739.255 4244.649
8569.421 3816.196
8419.536 3781.510
8350.878 4132.896
8511.643 4091.882
8507.253 4002.184
8678.465 3585.154
8354.232 3733.307
8537.567 3599.906
8653.066 4257.364
8532.539 4254.519
8478.427 4200.325
8042.040 4361.429
8003.121 4016.136
8718.146 4104.855
8636.793 3922.445
8342.536 3888.557
8110.409 4188.071
8063.988 3570.159
8787.260 4107.258
7967.805 3710.861
8354.751 4324.831
8611.027 3767.607
8812.362 4137.396
8067.731 4030.170
8793.726 3625.526
8596.883 4361.307
8211.248 4336.878
8206.544 4015.445
8050.397 4295.415
8136.102 3758.529
8306.832 3672.358
8192.493 3612.678
8799.464 3947.274
8694.514 4316.237
8063.691 3987.735
8432.336 4177.911
8218.143 4014.919
8837.992 4348.201
7953.519 4126.273
8162.093 3946.263
7975.366 4151.528
8422.279 4005.342
8128.450 3639.532
8741.410 3747.941
8217.139 4065.878
8570.525 4371.212
8010.937 3906.548
8705.463 3679.296
8030.158 4091.058
8496.070 4126.739
8223.488 3693.781
8727.522 4354.207
8733.201 4010.139
8294.384 4246.971
7988.096 3801.329
8520.205 4038.637
8086.844 3808.147
8580.873 3825.457
8600.206 3926.163
8528.259 4136.900
8381.709 3860.522
8164.251 4303.623
8755.643 4411.711
8346.558 3872.133
8312.721 3886.066
8751.253 4179.166
8185.530 3839.784
8592.896 3931.541
8546.021 4108.224
8512.547 4276.584
8267.960 4362.184
8684.471 3652.491
8000.389 3849.049
8119.506 3757.801
8256.538 3642.894
8409.801 4205.037
8049.019 4042.590
8600.214 4150.317
8098.438 4155.640
8670.259 3977.598
8311.818 3799.224
8741.045 3854.736
8800.633 3864.604
8046.433 3765.061
8175.526 4174.183
8320.453 4061.694
8129.593 3797.220
8459.802 3673.319
8833.384 4290.688
8012.690 4056.802
8143.496 4217.823
8306.859 3606.337
8541.443 3662.395
8397.328 3771.401
8660.016 3692.283
8083.792 4002.590
8393.084 4046.529
8495.250 3685.985
8342.027 4299.529
8295.808 4356.209
8840.207 3927.372
8645.054 4032.128
8828.042 4237.826
8652.371 4066.249
7987.420 4323.224
8058.098 4294.076
8758.117 4143.064
8235.230 3938.519
8342.161 3788.286
8132.958 3697.103
8571.458 3943.731
8524.812 4263.811
8363.920 3854.587
8827.919 4294.589
8560.366 3896.888
8119.270 4013.732
8777.178 3595.709
8758.867 3970.491
8705.718 4026.876
8223.018 4302.184
8731.985 3622.383
8811.906 4305.673
8814.025 3682.308
8079.176 3719.480
8224.145 4135.604
8608.193 3773.768
8338.111 3854.763
7961.709 4298.613
8091.367 3538.206
8496.680 4065.682
8683.177 3832.449
8411.629 4223.241
8615.889 3637.118
8605.068 4029.655
8346.767 3917.760
8086.910 3953.664
8436.491 3647.390
8756.630 3611.449
8242.063 3937.718
8309.347 3856.414
8206.035 4118.066
8149.473 3547.063
8826.937 3666.558
8385.946 3830.212
8241.813 3690.478
8121.675 4287.068
8692.529 4395.364
8180.084 3895.975
8668.150 4318.171
8818.554 4333.541
8195.951 3699.797
8458.134 4377.243
7974.257 4340.780
8369.924 4194.880
8603.981 3586.562
8010.350 3554.395
7958.572 3739.032
7981.175 4365.677
8444.975 3806.252
8766.370 3817.072
8128.325 4084.181
8259.770 4061.972
8264.900 3641.155
8308.782 4228.655
8266.502 3954.904
8455.533 3813.392
8785.118 4381.827
7955.758 3909.900
8483.793 3865.690
8203.931 3697.509
8772.603 4361.531
8559.851 4231.112
8645.118 3601.755
8777.714 3588.639
8078.834 3551.535
8507.170 3959.331
8819.432 4220.597
8491.622 4399.946
8661.673 3759.568
8179.526 4203.018
8648.406 3613.143
8135.198 4012.406
8388.844 3813.691
8649.600 3679.070
8386.361 4315.053
8666.827 4344.958
8399.590 4331.705
8814.020 4375.660
8372.784 4076.866
8750.779 4171.731
8788.588 4174.900
8531.028 3926.372
8610.037 3895.743
8801.789 4179.955
8616.023 3893.844
7999.879 4096.440
8665.835 3896.904
8629.297 4143.761
7976.338 3663.290
8746.275 4322.092
8035.249 4370.126
8379.124 4316.203
8188.652 4315.600
8065.780 3714.781
8219.626 3900.619
8497.136 3869.972
8534.069 4201.281
8396.569 3638.222
8410.768 3521.037
8042.762 3662.021
8686.592 3540.656
8228.770 4274.229
8175.945 3608.848
8600.287 3572.782
8675.778 3620.506
7950.426 3880.137
8358.306 4009.928
8218.964 4196.657
8013.360 3818.389
8565.151 4305.346
8642.181 4107.864
8371.889 4000.043
8699.952 3529.782
8773.113 3918.197
8329.890 3723.374
8002.047 3974.650
8584.873 3884.969
7994.820 3933.842
8701.910 3935.490
8210.299 4180.901
8040.322 4022.315
8609.518 4359.919
8172.026 4347.441
8764.076 4380.499
8150.709 4325.100
8000.197 3794.004
8388.622 3684.942
8354.469 3526.169
8243.152 3526.131
8309.346 3837.107
8678.866 3980.317
8058.400 4408.722
8411.910 3940.295
8062.184 3792.775
8393.637 4118.230
8193.024 3790.255
8659.772 3849.959
8786.343 4205.430
8373.403 3679.073
8314.857 4341.554
8019.737 3878.326
8725.345 3832.196
8129.122 4299.109
8603.585 3724.734
8337.326 3534.245
7998.150 4341.153
8670.066 3862.664
8062.364 3904.691
8407.053 3570.971
8731.445 3660.708
8363.709 3847.366
7952.136 4239.070
8046.469 4209.763
8265.989 3796.295
8716.970 4022.165
8213.496 4209.348
8157.440 3988.716
8644.294 3567.041
8699.002 3528.688
8166.889 4108.558
7966.164 4064.997
8777.340 3881.847
8648.652 3609.034
7948.935 3534.276
8548.175 4062.828
8418.575 4074.466
8172.006 4264.086
8770.741 4094.592
8043.322 3971.983
8832.564 4357.425
8387.916 4170.822
8396.720 3685.900
8161.972 3784.723
8251.098 3747.013
8566.154 3679.383
8411.149 3876.025
7988.980 3664.086
8129.635 3853.985
8236.507 4117.858
8718.949 4292.410
8584.418 4391.661
8655.823 3780.931
8143.650 4069.539
8536.339 4231.480
8037.863 4214.789
8536.971 4146.296
8820.926 4358.841
8833.176 3972.115
8672.255 4400.662
8685.532 4177.744
8308.967 4279.043
8205.689 3724.883
8579.989 4075.193
8299.330 3906.425
8499.357 4398.564
8677.483 4280.366
8503.191 3765.842
8109.593 3922.190
8553.473 4169.564
7972.070 4190.166
8222.383 3955.641
8428.255 3979.714
8332.499 3591.717
8342.232 4194.477
7983.377 4181.414
8654.350 3942.046
8035.567 4120.633
8560.259 3627.116
8580.288 3641.119
8421.724 4161.058
8216.999 4263.979
8691.027 4319.190
8576.665 3897.596
8694.681 3672.942
8786.346 3534.032
8313.573 4246.958
8707.595 4369.824
8171.476 4082.778
8321.918 3529.240
8396.275 4320.020
8313.633 4285.711
8624.207 3885.579
8511.520 4085.234
8410.845 3688.401
8161.806 3521.168
8464.544 4334.820
8276.125 4006.893
8445.774 4031.341
8293.337 3979.274
8594.921 4169.658
8704.366 3715.110
8727.544 3739.203
8761.515 3978.147
8476.356 3809.741
8699.397 4211.075
8333.606 3540.057
8133.457 3998.616
8817.046 3790.044
8063.567 3957.386
8617.254 3613.986
8595.021 4071.152
8272.219 3603.313
8131.162 4014.233
8201.634 4167.396
8583.727 4044.426
8750.088 3609.760
8637.098 4293.440
8442.224 4130.389
8574.600 3953.613
7972.650 4024.997
8794.768 4292.568
8439.385 4196.903
8389.984 3734.765
8522.865 3607.376
8738.175 4297.438
8261.789 4394.806
8799.364 3754.070
8554.087 3928.926
8316.995 3658.359
8491.724 3771.384
8062.618 4404.954
8530.379 4126.846
8415.307 4109.608
8801.054 4331.885
8198.981 3593.553
8065.696 3826.667
8570.917 4218.305
8643.813 4294.513
7970.554 3657.676
8801.034 4252.982
8389.754 3558.620
8225.191 4031.380
8349.055 4147.389
8829.493 3692.801
8084.424 3666.736
8393.610 4014.583
8646.718 3943.546
8167.898 3799.872
8280.915 4174.276
8313.251 4310.047
8332.452 3532.198
8767.370 3888.115
8579.005 3815.487
8181.796 4359.827
5663.162 8350.332
6660.631 5596.777
6423.511 6514.633
5727.489 8727.709
4618.534 7164.181
6035.660 8233.260
6430.590 7188.771
6285.633 4609.296
3613.312 5305.340
6895.284 6103.690
7218.685 5093.147
6133.916 4413.905
8787.797 5642.880
7151.443 6722.972
7393.074 6856.048
4426.003 5384.128
6174.250 7453.261
5851.789 8556.357
5684.140 6494.737
3853.576 5492.928
7464.501 5116.680
7555.165 8196.258
7740.305 4498.485
8482.684 5702.092
6467.940 5961.874
7039.210 5882.758
7700.416 5581.431
3578.958 5243.815
6398.249 6855.103
7784.212 4799.181
6182.476 7365.266
4691.005 7139.669
6511.026 5032.645
6024.112 5890.696
7501.776 5100.923
4766.164 6913.681
7591.427 8230.173
6739.602 5932.009
3995.730 5350.548
7015.289 5340.263
8459.202 5534.093
7924.839 4410.745
7662.840 4849.450
5724.798 8270.639
5952.294 6361.448
4293.026 5267.024
6244.446 5669.240
6864.132 5855.548
7853.378 5604.341
7900.792 5571.437
4916.421 6759.475
6550.909 5322.723
6514.362 6997.634
6388.426 6100.214
6386.287 5784.346
5002.436 5261.344
7436.177 5273.264
6117.756 5980.218
9131.695 5940.845
6048.955 6192.587
6217.327 4316.035
6756.199 5869.902
8552.397 5636.619
6381.087 6676.870
4903.630 5262.842
8011.584 4219.261
6576.677 5101.311
6540.354 6334.444
7919.624 4625.147
4754.706 7228.323
6675.984 5817.516
5592.315 6228.364
8536.766 5584.280
7278.536 5123.389
6084.389 6186.381
6120.175 3778.349
3616.906 5364.290
7088.273 6065.510
4701.400 7248.574
7482.381 7997.919
6926.823 5776.781
7438.244 6623.251
6493.534 5948.880
8044.501 5871.306
7728.124 7911.294
8241.409 4005.259
7431.123 7164.127
8392.096 4173.138
7095.520 5824.267
6577.011 5467.094
6832.972 5711.021
7268.381 6975.530
5454.855 6513.802
8205.908 5749.090
6722.558 5572.327
6380.935 4625.760
7391.417 5679.267
5473.839 5599.078
6718.774 5647.243
8619.392 5787.831
6884.405 6006.804
6162.868 7390.839
7658.971 8111.290
8000.598 8469.323
6127.284 5917.512
7301.735 7143.247
6102.364 7637.785
6399.917 5644.741
6337.544 6907.029
7191.934 5290.986
7260.553 6713.981
7367.202 4794.543
7756.972 4837.565
5235.253 6818.807
8193.416 4066.606
3987.072 5399.319
8244.431 4466.340
6423.873 5006.983
5300.980 5637.987
6725.807 5445.742
8326.321 5798.627
6068.136 3905.203
7617.524 7331.867
5196.384 6805.238
7432.965 5040.492
5198.385 6609.731
5992.987 8262.324
7511.997 5822.363
4922.782 5402.823
6364.738 4573.238
6418.139 5898.948
7039.786 6475.091
6382.430 4744.939
6395.966 4820.543
8890.171 5689.267
4731.295 6955.463
6410.666 6563.425
4629.567 5545.044
6187.638 7060.586
9412.487 5842.592
4096.070 5166.932
7193.393 6912.458
6663.647 5054.170
6166.727 6152.218
8416.724 5807.210
7392.073 6858.267
6525.663 4707.605
5619.590 8965.612
8100.274 5518.050
6235.918 7236.753
5596.282 6234.064
5327.820 5304.849
6738.667 5898.485
6030.639 6295.946
6403.538 6773.205
7468.316 8059.642
7435.271 5023.181
6474.348 5195.951
6582.030 6507.066
5528.362 6699.149
5178.819 6694.881
6984.428 6518.132
7895.932 4509.969
6334.847 4877.811
7122.257 5855.484
6610.985 5128.606
8445.986 5689.213
5635.647 8531.153
6127.291 7230.304
7236.421 7231.881
7420.215 7372.897
8969.889 5769.746
7014.717 5359.921
7045.698 5218.158
7127.248 5170.513
6742.406 6268.471
6987.396 5623.744
7028.695 6053.999
6493.451 5748.700
6773.207 6187.985
7582.560 7276.939
6859.574 6203.887
4648.780 7325.211
7374.466 7215.071
7706.808 7614.315
5693.077 6587.795
6388.880 7133.653
7256.472 5585.938
5381.368 5619.411
4911.190 5350.211
7825.324 8049.534
7430.201 6880.608
7910.399 5567.431
6376.293 5725.091
5190.366 5362.524
6415.565 6674.365
6620.761 4673.980
5311.303 6611.649
6753.066 4953.018
7190.669 5714.995
5789.641 8645.838
8504.501 5554.844
6147.675 7291.253
6172.213 3847.404
4000.972 5348.755
5508.717 6555.767
5068.465 5445.543
6886.613 5950.449
6069.170 7725.386
4802.128 5488.865
5777.921 6538.974
6277.613 5495.260
6304.194 6711.839
4491.221 7443.627
6267.215 4212.286
8673.360 5796.518
6239.789 5605.109
7772.158 5728.393
6141.239 4163.730
3636.524 5185.061
7672.914 7973.854
3087.700 5192.643
5230.551 5545.243
7659.333 7706.498
4893.215 6957.453
7271.810 5741.850
5385.204 6492.933
4125.951 5420.790
6402.633 6143.610
5771.060 8795.695
7360.675 6861.288
5059.839 6815.118
5504.894 8911.779
6393.322 5721.988
7979.830 4671.711
7618.587 4936.662
3478.760 5464.118
5146.072 5523.343
7866.565 4460.562
7707.957 7660.422
6617.560 5918.648
7204.205 6134.991
6246.954 7486.468
7109.632 6151.938
5899.008 6301.603
5330.430 5438.169
8082.033 4357.936
7419.657 4898.986
7340.304 5077.623
4630.283 7029.980
7358.065 5150.848
7299.253 5263.854
9172.216 5903.234
7046.013 6068.931
7025.789 6705.549
7982.496 5647.138
6081.120 6038.850
5826.296 6283.494
6597.385 5081.625
8165.682 4126.275
7449.411 5225.181
7618.505 7265.806
7544.124 7996.251
6190.902 6847.639
7399.230 6538.502
6346.228 7312.000
6190.621 6052.080
6336.681 4653.199
6749.219 6001.670
4685.828 7065.901
7715.470 8060.189
6835.393 5260.442
7038.416 5674.314
7448.994 7264.821
7573.848 5152.321
7599.943 5823.213
7950.081 5865.403
8918.317 5914.540
6009.757 3887.707
5914.348 5338.238
7877.982 8420.027
4620.920 5241.583
8324.679 4091.537
7531.126 4943.797
7427.596 5483.371
4460.204 5326.746
6249.911 4828.893
6657.714 5485.033
6956.894 5646.793
7928.666 4553.234
7057.139 5432.612
7570.524 4716.584
4233.375 5488.247
8629.215 5776.592
5628.875 8877.218
8471.882 5532.251
5094.288 5490.466
8561.310 5618.881
3140.342 5239.315
6159.912 6103.318
6327.821 4211.813
7354.322 5165.400
4013.290 5460.458
5071.571 5320.890
8789.412 5814.737
6600.038 5143.711
7070.938 6423.318
4455.519 7236.035
7558.328 5769.568
6057.456 6183.208
4228.897 5431.691
7500.949 4689.954
4701.093 5570.121
6028.141 4258.905
8041.268 5635.956
9232.321 5755.719
6159.539 5619.224
7162.655 6690.417
6552.046 5072.310
6448.012 4588.366
7705.745 7917.804
5443.578 5552.662
7415.426 7618.983
3617.351 5188.585
8180.792 3909.791
6189.215 7463.942
7377.581 5537.582
6340.845 4397.915
6278.667 3983.120
6604.285 5720.327
6377.184 6527.116
7705.792 5507.066
6765.586 5272.574
5538.969 6269.289
5486.832 5642.219
6742.367 5909.224
8658.144 5902.386
5806.224 5624.148
5776.928 6460.930
6695.864 6510.093
3933.629 5320.939
3998.256 5447.326
8359.519 5849.662
6652.844 6359.546
7259.393 5164.605
7185.187 5574.863
5884.139 7730.186
6226.654 7081.189
6774.195 5755.852
6609.989 4918.478
6399.408 6732.808
4204.459 5196.462
7800.460 4809.149
7394.677 7324.439
7200.847 5382.846
6679.488 6205.095
6579.970 6564.551
3903.633 5203.971
7790.517 7883.781
6430.739 7102.049
8067.737 4192.365
6250.257 4431.280
4803.142 7025.489
3845.018 5435.861
6078.367 6301.028
4536.366 7234.185
7380.876 5030.304
3326.731 5420.816
7778.699 8026.081
4848.872 6829.344
8103.010 4288.800
6418.907 6466.455
7867.866 4551.451
5736.738 6242.763
7725.838 5757.942
5998.898 5638.579
5429.618 5481.250
7046.679 5754.571
8089.429 4185.760
5346.611 6805.190
5290.749 5641.612
6973.672 5542.219
6263.057 4768.981
8733.583 5606.424
7314.585 5099.609
7486.718 6933.363
7452.064 7002.874
7153.580 6350.586
6344.440 6583.734
7854.157 4430.516
5781.067 8294.081
5342.443 6667.894
8051.322 4267.521
6425.029 7184.920
7197.288 5633.338
7300.770 6676.743
8299.202 4259.076
6193.858 6851.994
7930.053 8757.694
6157.318 4166.414
6648.244 6309.382
5358.980 5362.280
7806.402 8528.917
6294.753 7306.733
5553.769 6646.843
4370.503 7110.012
5265.179 6746.974
7141.341 5583.665
8137.234 4319.674
6471.717 6621.049
6159.730 4584.783
7211.284 6241.166
7250.528 5463.695
7103.816 6762.573
6116.403 6292.826
3969.511 5185.778
6146.199 7140.105
4836.445 5250.646
7328.250 7255.606
7098.970 5957.719
8246.147 5540.808
7835.189 4851.251
6561.658 4702.815
6633.109 4952.517
5945.658 7532.407
7794.100 4577.793
4954.981 5341.275
7190.635 5269.462
7062.001 5387.432
3966.589 5430.907
6085.824 4031.020
5721.138 6377.397
7152.903 5283.781
5654.094 6528.467
7524.824 7280.423
5968.438 8167.412
6661.477 5958.461
4689.692 7016.478
6331.916 6777.613
6743.714 5722.983
6185.822 4484.859
6486.847 4795.457
6706.153 5065.631
3439.171 5459.413
6485.841 4541.361
5749.871 6279.736
5728.827 8438.089
7382.648 6727.843
6622.391 6470.531
6538.404 6363.662
6515.573 6621.888
5608.179 6381.128
6179.252 5502.016
7795.049 8302.031
8466.020 5766.532
9525.873 5678.532
4994.435 6900.718
4922.850 6941.880
8013.471 5650.929
6029.752 8128.980
8000.802 4246.835
8025.911 5535.612
6193.960 6226.158
4601.987 7301.511
8778.433 5698.850
7536.349 5812.595
7985.412 4478.832
6134.158 3957.012
6994.563 5471.219
9062.388 5873.356
5947.577 6365.342
4590.386 5353.044
5377.318 6593.754
5782.354 6297.565
7204.225 5701.046
6952.879 6375.540
5858.159 6233.110
5677.844 5350.227
5184.033 5438.035
3447.115 5307.215
5759.455 5348.710
6528.059 5722.115
9467.716 5926.787
5651.452 8382.567
4312.073 7171.443
6494.319 5959.787
6444.831 5968.243
6085.376 3811.720
5700.029 6625.669
5183.733 5554.070
6128.257 4161.377
6917.099 6010.577
4588.663 7012.737
3197.481 5414.099
7497.471 4773.612
7570.948 7081.831
5053.451 7015.224
8982.333 5641.702
4325.734 5448.521
5541.566 8427.675
6327.730 4786.863
5602.068 5493.047
8754.476 5542.998
7418.066 4803.116
6010.842 8427.047
6400.910 6499.696
8722.691 5882.087
7457.776 5085.461
6058.599 6178.964
9298.428 5859.791
6656.860 5158.791
7867.571 4439.176
5715.214 8762.167
6381.805 4466.670
6962.369 6395.608
9395.656 5954.977
5698.503 8403.516
7423.430 7407.025
7574.990 5525.116
3927.284 5243.664
9294.438 5647.035
6287.139 6977.817
6863.401 5997.985
7775.477 4578.828
6656.410 5267.244
7252.392 5638.764
7232.553 4913.137
7247.693 6558.805
6443.211 6563.908
7134.986 5640.457
5167.273 5505.512
8096.188 5636.427
6862.495 6038.675
6690.549 5264.146
6595.577 4683.977
6477.735 6108.182
5614.509 8806.591
6523.545 6454.739
6686.020 5937.826
8255.157 5568.970
5793.688 8466.650
7838.147 4554.019
7009.592 5584.007
6420.846 6903.288
5328.364 6617.593
8131.956 4377.876
5796.507 8439.250
6998.191 5356.332
7556.008 5014.071
4652.694 5334.121
4276.148 7168.522
8382.832 5734.479
7773.432 4462.571
8298.244 4016.488
6453.783 5852.297
8279.538 4408.879
4519.726 5387.979
6147.123 4434.117
4031.235 5456.175
8609.915 5634.656
7401.909 5064.492
5744.473 5572.328
4108.893 5440.363
7294.121 6858.880
6303.116 7037.051
6642.728 5448.490
6140.944 4219.334
6971.664 6363.176
9265.810 5814.073
5133.300 5366.340
3947.301 5430.435
6197.614 5645.902
6575.730 6707.173
3892.916 5192.180
7610.615 4901.973
3593.777 5306.777
4308.293 7256.346
5483.073 6298.632
7258.633 5614.678
6259.209 6067.931
7243.350 4957.057
6519.549 5434.885
6507.296 5513.209
6564.558 5205.802
9600.099 5706.134
7912.285 4156.467
7415.319 4718.353
4471.738 7191.557
7501.617 4704.542
4428.865 5562.918
7851.910 4683.036
5059.911 6958.555
7213.465 5097.168
7839.921 5512.928
6803.611 5240.671
7238.545 4917.770
6560.720 4763.134
7365.023 5110.939
8370.212 4049.875
6980.036 5430.908
7207.136 7057.849
7127.405 5871.940
6946.679 5641.491
8106.112 4018.538
5019.300 5331.611
7943.089 5784.619
4920.918 6822.202
7345.635 4965.157
5725.957 6377.851
5854.674 3909.046
7031.253 6501.587
8569.708 5590.800
4890.223 5625.331
8889.071 5636.383
9236.258 5900.090
4678.259 7261.728
7092.176 6353.704
6237.250 7544.674
6433.928 6007.757
7341.309 7267.201
5651.725 8717.958
8131.408 4081.055
7667.183 7579.578
7279.863 6950.596
4215.580 5441.259
6608.955 5891.574
9160.069 5873.889
5142.523 6895.359
7579.229 4750.685
6557.013 5194.983
6572.617 6150.455
8393.541 5894.975
8094.666 4284.547
9209.982 5920.899
7029.985 5865.519
6669.494 4910.484
6468.554 7055.567
5213.729 6770.543
6606.539 6243.859
6261.519 5440.722
6095.726 5678.152
7647.210 4632.901
5914.542 7676.169
6315.119 6682.548
7869.059 4619.307
5577.960 6374.678
8126.465 4015.252
8863.241 5638.165
9224.493 5891.266
6711.604 6471.928
9112.605 5658.664
6955.329 5335.254
6765.459 6047.929
7269.772 6649.543
6212.180 7288.086
4410.805 7368.060
8204.659 4129.682
3370.544 5159.479
7675.302 4671.978
7331.182 7017.806
6659.410 5341.678
5087.677 5319.224
5903.421 5687.260
6271.708 4741.083
6799.172 6122.378
3228.143 5290.256
8053.651 4670.985
7319.704 5482.585
9484.040 5783.953
5789.572 8240.821
6632.896 5188.509
6001.649 8081.577
7822.828 8010.128
7370.098 5034.421
7733.101 8221.635
7882.697 4403.150
5824.245 8063.226
9086.624 5609.928
5796.293 6597.739
7972.217 4441.217
6487.804 5090.253
8515.538 5626.482
7386.579 4928.659
4965.130 6997.057
5545.105 6437.905
5324.407 6690.048
6423.971 4556.802
6505.367 6286.218
5417.195 5357.783
4479.124 5297.641
5099.425 5420.957
4617.170 7341.511
9072.831 5654.598
8875.542 5763.458
7296.974 6254.743
6683.835 5721.103
7381.558 5041.652
6325.086 4073.357
7971.791 4519.602
8172.702 4313.175
7724.228 4635.829
4320.394 5234.386
7031.532 5553.432
6577.181 5909.694
3139.927 5352.071
6913.739 5776.362
8027.106 4157.490
5790.341 8157.029
6828.632 5906.136
7275.137 7348.688
7504.007 7549.901
7392.551 6795.164
6581.456 5569.819
6068.895 7864.842
6044.122 7854.400
7903.703 4417.255
5962.147 7950.266
5616.296 5555.139
8757.376 5733.178
7557.002 4845.714
6107.543 7206.397
4850.418 7084.444
7821.496 5817.600
3102.554 5441.778
7203.610 6432.722
7686.573 4646.982
9302.230 5921.102
4702.752 5233.408
7272.990 5393.051
7246.881 5582.550
7317.830 4792.086
9459.372 5838.367
5713.356 5585.593
6469.298 6773.105
6407.793 5902.145
7135.513 6269.657
4994.555 6759.403
3182.701 5304.233
6559.443 5099.850
6558.375 6439.295
6946.577 6116.932
7586.486 8038.589
4674.304 7173.576
6721.420 5438.188
6770.459 5504.439
5717.357 8434.850
9368.172 5692.664
5630.654 8776.593
4614.901 7043.691
5476.131 5351.443
7142.744 6835.657
6056.033 7428.820
7168.080 5672.582
7405.043 4973.220
5569.657 8589.568
8470.852 5740.095
6247.774 5943.514
5059.927 6708.875
7178.117 5577.992
4716.697 7094.264
5968.125 3858.547
4598.037 5315.168
7670.890 7534.808
8545.184 5825.035
6937.412 5716.779
6609.974 5142.755
5679.172 8197.194
6563.584 5762.597
7315.353 5656.930
5655.055 8572.923
7161.151 6018.547
6650.030 5017.020
6004.699 6157.518
5005.764 6970.656
9124.408 5834.505
7305.714 5274.509
7935.656 8393.743
7432.242 7433.938
6021.725 6164.401
4703.500 5446.175
4939.564 7038.649
6913.334 5804.560
6567.979 6149.424
5978.509 7826.401
6168.566 7524.991
7599.002 8194.795
5920.100 3816.480
8005.821 8572.550
7799.974 5611.216
6538.087 4914.710
4775.840 5421.659
7360.979 6863.245
6655.741 5789.491
4948.307 7068.920
5407.051 6510.168
7911.300 4762.325
7997.317 4350.837
4716.880 7006.008
6478.417 4530.972
7468.759 4856.764
8370.261 4087.201
6234.582 4282.532
5901.660 8084.441
5746.940 8374.680
7473.780 7663.427
6212.551 5898.630
8982.777 5766.212
5707.928 8700.300
8781.195 5687.786
5816.339 6549.952
6836.107 6057.084
7641.552 5839.321
8025.712 4253.755
5167.585 6758.781
7488.161 5551.782
7171.566 5803.575
8586.871 5792.484
4537.054 7010.597
7276.484 7081.098
5369.497 5676.229
6584.420 4988.475
8373.199 5867.400
6517.745 6461.925
7765.177 8190.810
8320.999 3947.280
7682.523 7438.209
6995.662 5272.681
6086.143 7362.874
5736.657 6158.368
6381.477 7218.901
7101.538 5614.087
7145.053 6688.833
5723.251 8190.050
7545.834 5726.972
7408.140 5348.443
4880.154 6887.750
7147.562 5326.678
6813.763 5263.517
7466.952 5010.879
6403.562 4507.062
7410.978 6748.201
6699.441 5334.637
6249.800 4409.986
6622.267 5219.662
4746.003 5377.965
4772.768 7063.215
7101.565 5451.620
4234.401 5366.433
9209.426 5786.357
3963.626 5436.937
8726.730 5743.740
5973.239 6214.462
5969.590 7620.306
7444.808 5289.098
6536.264 6662.296
6150.091 7206.415
5439.001 6458.923
3496.484 5397.799
6611.589 5889.027
7926.866 4284.367
7385.595 7509.189
6966.821 5429.019
7454.251 7334.749
6594.230 5374.462
7952.311 8491.420
6588.485 6384.961
6311.467 4438.096
7014.372 6478.443
6192.926 7537.197
4396.340 5584.036
6156.426 7258.541
7646.728 5513.106
7512.801 7982.008
8008.675 5865.892
6164.759 4677.847
6791.534 5447.461
7551.991 7530.984
6532.045 5826.048
6670.961 5207.757
6439.315 7271.796
7973.417 4425.274
7565.110 4673.313
9170.773 5674.707
6563.966 4878.783
4891.201 7119.892
6355.869 6606.598
6316.228 5815.818
4234.419 5554.851
7241.732 5079.212
4614.634 7128.945
5932.093 5503.229
4445.364 7143.363
5606.651 6734.272
7493.151 7694.482
6981.883 5960.558
8805.135 5560.265
6061.761 8122.419
4819.498 5478.564
8050.370 4319.284
7096.604 5549.894
7342.514 6696.239
6725.277 5444.267
7858.478 8407.574
5794.429 8058.685
6019.516 3988.878
6350.724 7334.046
7683.267 4708.874
7381.476 7051.204
7358.451 5768.556
7994.914 8283.105
7440.643 5142.035
7487.828 5026.438
6740.927 5662.956
6439.942 5030.263
8300.460 4202.398
7727.856 4588.930
7359.632 7129.356
6746.425 6452.775
6424.814 5154.473
4917.687 7069.453
7597.312 7566.458
6392.394 6628.154
4686.539 7024.194
5861.652 8606.333
7379.204 5083.257
8403.421 5731.313
8259.033 5585.774
9190.859 5642.330
8872.969 5791.277
7814.605 4646.847
6404.754 6403.271
9002.998 5745.383
7060.885 5228.272
6667.656 5558.060
7013.893 6428.024
7940.172 4580.235
7997.437 4536.043
7201.066 5517.212
7473.381 7065.950
6869.692 5622.723
6173.610 5603.228
4524.455 7128.127
4093.574 5458.879
5934.348 4116.644
4386.722 7238.340
7290.845 6757.411
6356.208 4590.185
5478.818 8661.459
5684.196 6315.922
6452.900 5175.243
6271.365 4363.049
6154.355 7281.857
5090.940 6631.869
7191.486 5226.214
8532.773 5877.605
8180.836 4376.281
6579.450 4863.867
7054.688 5626.359
7440.262 7364.560
7824.160 8212.091
8070.146 5550.922
4120.157 5408.460
7877.762 5845.181
6103.070 7206.275
7974.656 4379.610
6174.971 7382.747
7260.485 4988.694
5914.855 5568.515
4490.883 7190.758
7641.203 4955.784
7547.128 4937.790
5894.265 6155.166
9325.681 5827.029
6241.939 3992.768
7667.488 4802.836
7531.658 7833.863
7438.675 7606.340
3408.973 5187.053
7277.773 5349.620
6351.516 6798.229
6214.287 7872.321
7353.763 7540.813
6637.856 4777.558
6259.492 7299.354
7704.734 8059.128
5689.930 8710.868
6060.801 6351.643
7263.726 6244.153
7186.561 5124.947
6467.374 5018.547
6361.344 7535.530
7648.338 8150.839
6253.681 7113.866
6457.779 6725.881
7580.078 4950.044
6443.202 5912.170
6258.762 6025.817
6278.877 4589.903
7867.714 5650.103
5885.855 6315.418
6426.810 7107.256
5504.846 5494.012
7553.171 5066.339
6299.149 4502.601
6091.105 5964.534
7889.444 4432.035
8277.452 5729.872
7399.430 5254.536
8141.363 4165.736
6341.808 5837.343
6431.121 6621.497
4834.857 5410.502
6173.077 6165.698
6995.610 5961.946
7267.201 4823.194
6934.396 5960.932
7334.772 6967.926
9498.012 5654.089
6455.573 5112.352
7841.448 4391.205
8900.703 5732.357
6578.292 5598.884
5168.550 6743.193
6779.868 5264.885
8291.609 4243.338
7426.703 7168.616
6132.990 6265.134
7225.341 5278.256
5972.877 8240.503
6439.862 4681.288
6965.737 5938.554
6193.204 5465.231
5922.363 6398.745
7466.667 7507.896
4787.999 7129.203
7566.661 7901.548
6740.052 5181.957
7237.996 6327.204
6609.012 5980.852
7856.041 8243.086
6429.199 5743.555
5506.589 5634.037
6686.126 5870.427
4999.629 5276.949
8006.072 4176.524
6620.987 5417.907
5878.890 5594.079
7322.885 7431.081
7980.969 5641.064
6800.990 5569.746
6517.952 6086.284
6200.647 3913.257
9075.607 5717.800
6326.121 6788.086
4464.865 7277.527
4893.038 5451.959
6694.370 5337.563
5469.988 6351.875
6390.458 7285.331
7360.025 5678.756
9325.450 5656.849
6579.657 6984.022
6134.242 3822.462
6567.946 5739.975
7244.963 6852.349
4765.943 7134.244
7547.874 5590.908
7745.577 7945.872
7177.903 7016.959
6583.075 4953.848
6243.793 4231.693
8951.366 5750.972
5590.670 6595.354
8418.793 3887.021
9312.282 5735.644
5753.848 7905.710
6318.792 6854.387
7344.023 7142.429
5030.142 6785.429
6495.091 5007.849
4654.978 7283.521
8526.611 5688.071
8329.006 4316.562
7666.331 7269.757
6319.700 5925.115
7455.850 7430.244
5356.568 6901.971
6137.032 6366.408
6174.991 5706.662
7618.125 7204.939
6606.327 6034.134
4021.751 5195.107
4142.825 5207.078
5744.952 8278.039
6129.180 4098.977
6822.757 5913.126
7487.409 6885.836
8222.915 5675.117
7777.624 4546.879
6100.589 7566.354
5890.734 8504.751
6274.590 7510.929
7460.691 5549.776
6213.525 4748.743
6816.745 5187.448
6678.661 5383.721
5924.849 6513.778
6459.010 5880.207
7882.940 5597.587
7857.084 5780.975
7432.702 4960.733
7548.348 5610.449
6546.541 5105.562
7584.120 7327.008
6449.657 5857.718
7099.341 6694.795
6436.190 5519.958
5867.258 7707.589
7923.819 4378.021
8792.817 5663.462
6259.039 4506.212
4871.943 5604.079
7752.329 4861.388
4408.284 7371.375
6264.997 4832.171
4233.972 5442.295
7525.634 7260.328
6190.778 4302.246
6407.883 7153.798
6312.191 5473.013
7498.340 5791.222
6897.144 6030.865
6202.701 7060.200
7016.543 5350.818
7586.820 4772.023
7898.387 5622.883
8932.878 5635.740
4515.738 7243.661
7406.408 6899.732
5272.116 6426.158
8050.717 5560.260
6010.980 6235.744
8153.190 4324.271
6337.720 7345.587
7276.648 7083.443
8084.656 5886.696
5981.303 8085.967
7272.600 6710.576
5227.135 6630.539
7303.911 5697.158
6117.737 5656.327
8303.730 3987.597
6445.274 5161.229
8132.799 4395.539
5366.168 6658.592
7014.380 5464.477
7772.928 5507.332
7409.645 6759.790
9110.795 5931.643
5497.952 6537.823
9186.400 5675.385
6203.218 4345.109
7348.018 7234.063
4963.243 5294.069
9185.195 5731.932
6431.819 6795.706
8255.875 4262.025
7294.489 4981.870
6742.076 5525.961
5530.026 5526.499
7489.642 7687.230
5751.419 8555.001
6430.882 6223.446
6120.342 7359.930
6803.607 5506.856
5423.766 6610.676
6537.802 4935.606
5229.211 5467.884
5159.361 6674.279
5077.522 6810.937
5826.394 8631.703
5769.600 8599.910
5757.378 6238.611
8673.820 5644.956
7302.597 5790.846
5963.018 4104.067
6113.835 3937.495
7892.042 4566.201
6907.984 5835.979
7169.412 5675.704
7173.746 5235.691
6291.654 4165.772
8230.425 5601.997
7212.718 6628.214
7012.797 6024.955
5534.327 5370.145
9224.205 5793.360
7184.210 6317.350
7458.508 6951.890
7594.890 7746.787
7515.153 7568.799
5075.257 6684.114
3552.902 5397.302
9133.561 5935.165
5977.650 7405.793
5438.246 5493.466
4895.480 6900.727
6279.958 6686.052
9409.655 5758.481
6373.713 4561.930
6047.033 8147.655
6128.069 6400.470
6487.094 5058.938
6115.508 4327.425
6294.769 4286.892
6091.966 6129.481
6353.832 5955.473
6590.380 6118.744
5360.610 6735.257
6354.884 4295.833
7248.873 6210.850
7392.792 6556.447
3374.925 5336.595
3684.497 5401.564
8289.977 5614.906
7914.724 8559.494
8159.680 4196.933
6949.506 6384.794
7699.739 7600.175
7213.518 5187.272
6252.672 6764.446
6638.326 5754.417
8782.152 5899.888
5717.669 5367.213
6373.349 4836.474
6552.154 5273.902
6445.928 6726.298
4619.198 6925.544
5676.090 5579.998
7230.233 5099.430
7751.455 7797.721
6872.135 5844.620
7672.911 4932.470
6513.570 5188.343
7573.891 7436.330
6352.357 5758.656
5516.113 5584.486
7245.890 6636.721
7895.500 4537.157
6568.084 5759.586
5972.775 4145.410
8187.242 5544.385
7365.083 7582.330
7827.779 8085.630
8478.449 4123.936
5646.440 5540.410
7271.521 5786.958
7196.971 5231.874
7789.752 4498.435
9169.286 5755.403
7411.595 4726.930
6559.261 6386.113
7796.979 8345.480
6391.449 4966.931
6729.761 5487.571
6156.310 5454.037
7659.083 4862.791
4048.922 5249.849
7841.784 8253.000
6109.654 4259.205
6587.934 6431.465
9415.916 5820.731
6881.921 5868.704
7414.611 7034.840
4529.173 5595.441
6787.400 5583.792
7237.650 5730.032
7074.390 5514.322
6364.686 5730.629
7580.678 5795.875
6746.459 6327.903
5494.440 8567.486
5034.077 5476.887
7474.349 4992.080
5826.562 6190.378
7302.237 7079.951
8254.779 4210.605
7837.959 4386.124
4372.833 7183.648
7931.626 5696.469
8769.193 5892.907
5570.946 6612.459
6014.364 4019.664
7533.623 7363.754
7323.652 6563.292
6369.577 6800.149
7870.374 5616.480
6423.143 4694.996
6063.619 5363.648
7691.320 4770.852
6306.587 4455.883
7527.313 6955.783
5893.313 4054.096
3304.310 5311.457
7080.087 6284.331
5592.274 6602.810
4020.318 5297.426
3341.303 5395.302
3493.811 5228.815
6924.220 5863.501
7374.737 7562.448
7029.322 6690.672
8339.749 5611.813
6303.837 4859.349
7831.302 4708.605
7344.503 5217.698
5168.601 5464.408
8072.653 4073.725
6565.314 4929.534
7432.280 5051.781
3727.643 5297.451
8169.531 4417.604
7633.102 7583.572
7079.442 5106.266
3826.062 5453.214
5127.898 6645.491
5900.858 4130.855
8230.727 5752.498
4298.323 7158.808
7132.514 5066.314
6361.327 6741.489
6914.031 6103.465
6437.501 7043.523
7243.814 7113.144
8185.708 4275.387
8598.161 5705.206
7380.783 7762.257
7852.701 5860.270
4744.549 5255.363
7683.455 4670.705
6512.380 6313.031
5002.061 5582.422
7353.128 5149.899
7284.135 4911.388
5045.942 5323.842
7737.038 8374.933
5986.969 4322.210
7442.075 5748.960
8017.832 4087.197
6095.322 6239.125
4638.458 5514.444
8810.214 5737.615
6160.839 7658.788
7514.200 7226.189
6321.592 4359.421
5088.881 6710.870
4031.237 5480.195
4148.815 5188.692
7573.993 7048.373
4629.111 5453.722
6420.403 5711.588
6601.545 6836.116
7077.117 6359.877
6924.885 5445.891
6592.395 5022.169
7032.966 5663.423
6417.125 5525.296
9068.079 5781.289
6063.101 5686.855
4950.259 6744.530
7235.315 5454.210
6284.257 5516.660
5704.807 6529.785
6826.531 5363.495
7866.951 4705.949
5439.448 6831.688
6596.824 6192.167
7637.496 8352.486
8330.342 5700.578
4196.358 7363.433
7519.271 7338.413
5763.087 6414.989
4415.450 7299.589
9612.473 5788.409
6733.236 6064.498
6512.245 5834.308
5404.262 6742.086
6914.950 5958.844
5355.128 6700.903
6630.154 6621.695
6533.349 4894.746
7543.923 4929.879
4431.363 7252.407
6745.693 5541.980
6182.322 4021.321
7164.071 6417.849
6694.519 5941.621
6392.084 5510.727
7250.308 6486.391
6482.773 5891.611
8019.750 5778.905
3890.316 5161.639
7298.185 6948.365
6840.879 5263.693
7372.573 4905.449
7340.591 5615.841
5868.327 4162.523
4744.711 5571.830
5927.584 7726.167
7305.580 6710.188
6111.171 7400.016
6388.470 5098.643
6504.353 5157.939
5853.179 5483.983
7846.990 7982.950
7037.077 5721.450
6577.724 6730.793
7424.296 6531.801
5883.734 6240.118
5593.104 6464.466
6726.362 6271.266
7156.265 5504.407
5095.782 5604.460
7568.592 4539.418
6051.741 6037.308
6485.943 6206.800
7339.192 5606.483
6639.830 4969.526
8242.244 4238.195
5200.837 5475.409
5924.830 7911.605
8005.075 5585.952
7976.788 8290.311
6178.923 5543.789
7606.344 4984.336
3133.948 5191.420
7155.383 5692.771
6718.990 5549.091
6460.562 6158.961
8073.891 4254.749
6360.631 6035.703
7772.170 7887.946
6875.028 5593.592
5700.359 6213.629
4777.624 5430.137
5237.546 6713.988
6896.511 5981.737
4633.954 7052.255
8707.695 5876.096
6716.865 4929.983
5961.215 4139.973
4850.677 7088.442
3711.383 5140.511
7788.582 8444.548
6132.356 4030.168
5897.122 8405.364
6574.637 6728.414
5972.725 3937.125
5968.021 5641.844
6328.075 4306.161
4521.449 7022.340
7957.728 4391.195
7551.484 7666.464
8682.746 5803.706
6347.840 5949.783
6457.673 5113.003
6644.881 5203.587
6976.809 5864.311
8017.020 8367.297
6929.961 6258.056
6915.430 5850.859
7444.723 7365.415
7205.865 6539.953
4419.837 7084.083
5572.400 5324.065
5639.074 6501.973
5384.484 6808.420
7277.794 6618.950
7204.858 5285.210
6180.413 5382.893
3763.132 5217.241
5724.066 5705.177
6835.525 6099.394
7986.026 4619.064
5876.641 6393.369
6156.768 4380.066
6315.363 4963.262
7143.873 6713.078
5424.903 6586.129
6469.576 4646.958
7282.270 5260.825
7530.170 7809.655
6866.472 6065.903
5994.450 4411.878
9035.228 5798.053
7118.231 5911.269
5385.387 6748.666
5717.399 5446.641
7339.999 6760.413
5739.786 6163.279
6068.656 4042.890
6493.443 6188.361
6744.073 5382.959
4720.140 5584.188
7291.282 6265.550
5245.682 6529.709
6316.022 6124.879
5988.401 6098.982
7013.286 5278.776
5801.825 8977.216
6133.091 4233.107
7174.375 5309.760
7442.783 6963.184
5468.807 5319.251
7705.122 7364.769
4530.669 7090.882
6549.777 4763.653
7304.121 5165.822
7567.264 7816.955
6235.742 6320.754
6798.330 5351.887
7541.629 7893.962
6666.284 5657.024
9016.674 5647.576
6203.424 5669.324
7927.544 5824.742
8891.772 5643.019
3388.904 5303.379
6616.681 5446.505
6154.152 4146.672
6667.225 4891.561
9083.200 5576.861
8964.208 5587.947
7349.781 7470.192
7554.883 5046.833
7153.130 5406.712
6198.515 4187.620
6114.963 8021.151
7602.534 4736.404
6367.028 5549.484
5392.900 6894.005
5882.215 8463.544
4037.114 5511.617
5848.247 8649.046
6825.981 5327.029
6576.598 5159.851
5922.406 6101.146
6988.885 5452.094
6532.698 5062.326
4572.511 7163.623
8464.097 5680.446
5978.975 8378.116
6088.009 7401.587
6567.347 5698.668
7796.074 8235.215
8567.240 5696.703
7389.948 7105.131
6422.383 4898.329
6014.737 7684.699
6682.206 4995.996
4634.366 6958.327
7289.560 5346.213
6374.057 4385.989
5786.042 5668.839
6041.151 3960.358
9283.045 5742.135
7728.074 5862.807
3503.558 5124.608
6993.756 5875.304
6446.071 4880.275
6484.810 6025.570
9419.888 5726.148
6658.840 5156.389
6474.662 5292.246
4421.572 7252.154
7609.516 7901.557
5313.602 6651.782
7475.992 6847.971
4914.530 7051.259
5817.069 6357.962
6942.445 5290.665
8054.909 4467.955
3378.007 5330.981
6094.068 7658.734
3947.387 5326.997
4180.373 5370.387
7182.928 5948.062
6174.984 4343.322
4315.810 5271.614
7779.327 8472.264
4551.371 5288.940
7480.812 5143.689
6172.371 6108.448
7794.449 8184.416
7422.957 6712.544
7236.600 4958.848
6352.901 5855.421
9038.632 5843.767
7627.686 8444.477
7907.688 8203.571
5798.005 6346.536
8265.640 5781.619
6852.855 5474.032
6048.873 6172.235
5992.517 5648.948
6824.425 5228.543
6499.791 6756.095
7188.548 6181.244
7044.029 5336.830
3752.165 5385.474
7826.874 7867.860
7598.155 7740.810
6273.580 5635.737
6195.659 6964.064
6333.587 4878.486
4994.804 5292.185
7205.990 5185.385
6407.316 5751.370
4827.384 6911.094
7554.881 4880.509
7264.173 5433.543
5945.698 8174.570
7546.631 7913.057
6455.004 6398.677
6450.346 5625.769
7189.602 6156.316
8282.759 4348.199
7580.317 5718.317
7320.660 4828.808
4241.977 5412.831
6512.191 4786.892
6750.807 5653.173
5656.677 6546.510
5803.228 8707.709
6903.282 5577.337
6095.829 4313.058
4096.765 5259.060
6637.686 5445.681
3521.057 5268.932
8615.905 5608.079
7040.805 5218.858
5352.198 6719.455
5832.003 6375.779
9220.189 5820.457
7524.029 5037.633
7452.961 5836.053
8164.799 4168.428
6177.988 4387.748
8205.872 4139.555
6320.192 4710.289
6176.642 6066.854
7925.537 8260.325
6251.859 4140.144
6065.263 8080.528
6199.711 4238.986
5287.695 6759.115
7455.618 7904.900
4847.309 5262.333
4005.252 5176.444
6528.924 5664.389
7315.854 7178.593
7616.260 5481.363
6701.315 5131.415
6910.073 5918.258
7865.294 5606.502
6141.759 6126.371
5374.211 6529.141
4238.556 5208.419
6583.760 6906.544
7517.694 5755.384
6486.897 6985.008
7603.352 5517.808
7897.838 4451.781
7376.274 7207.581
3125.806 5461.039
7139.292 5553.119
5528.945 8834.044
7024.076 6109.690
6800.930 5596.406
7702.807 7996.704
6643.388 5312.163
7748.410 7892.688
7687.876 8006.348
5119.844 6897.560
6030.031 7904.807
6155.909 5542.592
6895.223 5827.151
6341.761 6630.618
6748.691 5317.242
7121.220 6528.435
7176.305 5244.358
8236.873 5653.395
6892.014 6076.598
6345.684 4883.026
5754.190 8553.266
7744.320 5644.555
7966.413 5847.193
6784.542 5569.079
7007.368 5111.542
4778.832 5328.253
7209.814 6758.896
6996.156 5707.495
6264.778 4346.267
7523.845 5011.265
4885.244 5285.768
6224.754 4807.067
6013.275 7663.511
6972.699 5572.555
6729.054 5186.672
6318.006 5882.877
5845.250 5435.754
4954.638 6823.396
3876.071 5273.802
6516.557 6128.173
6361.958 6177.056
7307.702 6721.170
4765.783 6843.629
6586.203 5737.384
7113.780 5649.614
6766.991 5950.005
7428.704 5054.041
6127.288 4358.891
4889.034 5590.783
5502.726 5308.185
8397.736 5870.377
4427.702 5460.187
7943.081 4287.737
6553.776 6696.134
7457.477 5662.606
6563.595 5720.844
7854.770 8128.094
5795.375 8044.312
3491.224 5490.142
6006.425 8259.055
7849.389 8207.366
6709.969 5152.841
7916.506 5574.919
7599.204 4921.193
7304.952 6793.605
5788.947 6407.593
4536.313 7328.935
7961.831 4532.285
6417.956 4927.048
5964.538 4295.362
7077.417 5557.792
6247.729 6293.782
5946.428 3964.079
6573.090 5548.621
6702.031 5663.154
7783.427 7884.216
6313.977 7216.987
5826.615 7916.080
7828.828 4374.033
7529.893 5822.521
7240.766 7099.757
5954.430 6393.559
6788.768 5498.830
8549.446 5651.124
6698.134 5281.448
4776.140 7087.222
6226.223 5953.938
6443.645 5820.013
4603.690 7216.960
5736.780 6337.064
4364.710 5226.146
6978.357 5954.223
7647.465 5546.998
8702.116 5635.000
3451.353 5203.475
5858.486 4117.241
7251.241 6812.854
5714.284 8364.342
8180.555 5723.365
7379.435 5092.232
6161.442 7002.212
6453.066 5261.310
6302.034 6284.260
6872.941 5465.495
3538.060 5250.765
6807.219 5915.668
7540.144 4792.366
6283.390 7063.692
7883.613 8225.272
8971.166 5685.421
6279.651 4488.517
6839.545 5981.484
3120.216 5271.826
4326.214 5514.994
7654.397 4707.650
6745.260 5450.725
5775.926 6323.065
7822.600 4537.849
3374.961 5320.715
7152.586 6782.747
7763.703 4751.991
7779.328 8530.361
7328.119 7205.479
7871.770 8048.494
6064.700 4010.888
6869.667 5214.236
6158.670 7541.270
7920.674 8484.977
7248.723 5598.278
5874.442 3942.439
6177.213 4461.555
6658.376 6103.667
6161.897 4236.811
6580.612 6042.081
5864.649 5703.085
6333.961 6796.330
8972.455 5858.821
6154.390 5592.463
6107.872 4299.868
4845.092 6954.239
4523.130 7024.392
6075.345 5516.129
7739.869 7985.478
6943.518 5464.675
6858.826 5789.723
7809.087 4556.500
6159.224 4425.292
5778.174 5467.122
3311.054 5197.316
5948.592 5536.056
5162.567 6653.981
9120.926 5803.896
7587.247 7869.397
6632.758 5368.188
4911.113 5475.079
7065.864 5599.564
7152.032 6805.165
4276.070 5524.281
7253.073 5780.846
6713.145 4883.812
6012.001 3770.628
6810.690 5365.223
5978.607 4034.879
7735.676 5562.061
7792.580 8282.956
6487.351 4918.716
7075.454 5486.598
6999.937 6178.327
6198.692 7156.755
6741.601 5665.638
7304.500 5586.037
4566.002 7173.665
6688.199 5773.867
7758.365 4573.415
4750.635 7070.576
3939.641 5439.947
7372.982 4977.068
4590.479 5343.427
4953.651 6852.346
7210.481 5194.704
6395.786 4361.178
4306.810 5339.325
6620.550 6207.173
6100.994 5453.494
6454.999 5823.240
6624.019 6123.676
5376.215 5374.226
7502.954 7408.355
6077.607 4187.841
5010.368 5506.542
7023.808 5449.968
7092.802 6602.443
7326.712 6831.461
5853.499 8171.795
6566.732 5260.592
7283.034 6337.049
6584.010 4767.523
6382.244 6085.390
6745.307 5177.892
8906.599 5568.317
5210.215 5378.824
6587.974 6287.673
4027.604 5290.051
9258.280 5630.561
7639.873 8044.086
8356.241 5671.665
5983.168 3967.132
3436.988 5355.005
7625.746 5514.718
3739.345 5273.531
6324.076 4630.007
5514.208 5610.432
7688.116 7605.411
7094.892 5613.964
5122.034 5540.739
4357.968 5518.065
8076.014 4110.448
5966.430 7522.654
6726.403 5785.338
6215.457 4401.457
9149.874 5922.721
7072.358 5749.790
6242.896 4162.694
5343.877 6861.818
6216.887 4329.746
5732.424 6554.744
6757.424 5905.882
8767.641 5786.844
8540.845 5851.235
5916.100 5584.930
5752.395 5534.551
7506.827 4837.891
4999.615 6887.709
5920.328 7699.528
6135.397 3751.868
5227.803 6709.151
6953.764 5902.632
5871.704 6155.380
5958.368 7728.921
6230.468 7180.175
6716.070 5160.382
6472.231 5767.068
6219.098 4720.434
6127.973 6099.119
5352.545 6387.540
7586.584 7579.776
7373.708 4897.810
5852.672 8635.537
8706.657 5639.221
4569.692 5460.150
5936.233 5408.827
5321.515 5422.559
5911.303 6437.366
7706.476 4919.975
7840.161 4687.060
5817.942 6465.955
6167.896 7072.088
6340.983 5971.753
5667.883 6421.763
7198.790 5800.972
7451.678 4843.907
8636.200 5832.315
8175.484 5660.276
4285.524 5470.098
7310.556 5843.709
6656.329 6050.662
6411.695 4668.344
7970.930 5697.365
7015.922 6509.376
7566.301 7205.174
6131.316 7466.241
7666.523 7801.775
5318.987 6635.052
7318.169 6667.309
5869.116 6416.686
6254.855 5651.897
5271.425 5416.769
7719.017 8267.112
7937.451 5552.440
6250.514 6924.962
5636.491 5618.850
4102.732 5346.963
6754.565 5897.650
6371.613 4777.658
8059.955 5539.882
6701.599 5979.832
7167.936 7051.527
7610.993 4547.801
7529.305 5497.946
6114.722 5452.519
7728.930 5621.613
7145.135 5650.711
5683.701 5508.022
7064.982 6474.510
5645.430 8645.711
6885.918 6118.361
7919.944 4681.456
4868.758 6857.853
4374.617 7399.472
8068.116 5780.423
5252.718 5463.038
6197.631 5813.315
7115.050 6503.387
8145.655 4026.947
6692.659 6305.826
5843.926 5695.349
7560.409 7799.818
6925.478 5258.877
6709.371 4897.811
4413.244 5282.442
6308.067 6275.014
6943.540 6037.715
3462.518 5331.585
7646.203 7468.653
8318.330 5859.344
6141.084 5581.110
8757.230 5644.155
5960.232 7777.684
6632.205 4656.840
3230.447 5166.288
6299.714 5565.262
4142.291 5504.323
8117.230 5583.200
6142.713 7627.850
7486.171 5181.286
7270.474 5441.827
7243.477 5358.609
7876.672 5724.829
4525.189 5575.804
7923.573 8471.720
8431.294 5585.558
7444.541 4890.354
9021.632 5879.046
6293.370 4292.229
3699.592 5171.617
6258.102 6071.216
8587.074 5556.748
7160.073 5479.326
7379.091 5032.888
8939.896 5814.662
6032.844 5700.135
7821.256 8670.072
6598.215 4966.462
6306.117 6915.805
4155.535 7373.449
5955.195 8214.342
8622.102 5601.033
5970.719 6304.878
6475.452 5263.658
7370.077 5125.111
5721.691 6467.888
8542.576 5857.991
5681.797 8803.684
7252.581 6463.438
8078.540 5734.464
8586.694 5648.287
7903.579 8093.662
5307.401 6553.948
6979.808 5818.156
7191.624 6037.244
7829.990 7934.077
7205.510 5367.076
4005.841 5451.388
5945.855 3918.814
7552.732 5818.183
5595.520 5652.421
6298.262 4761.804
4968.636 6868.043
6001.009 6500.015
6567.372 5870.851
8245.170 4186.206
6118.899 7968.753
7158.881 5574.444
6241.617 4355.305
6498.031 4762.428
9360.346 5728.389
7017.440 5566.890
6146.636 3986.854
6235.407 7459.008
6431.013 6656.211
9233.137 5746.356
6082.211 5376.742
9059.484 5941.671
6532.660 4755.098
6976.021 5658.576
8190.537 4370.008
7911.369 4432.717
6034.553 5624.892
6951.323 5317.876
5233.665 6606.903
8547.555 5591.188
7948.933 4198.607
5930.994 3919.880
7385.093 6977.113
5218.830 7010.196
7679.910 8294.869
8882.824 5659.314
7091.481 6740.158
6004.479 4020.739
5579.739 5494.488
7578.038 7091.266
5777.732 6183.380
5390.662 6543.140
6074.514 7670.728
7721.227 5583.014
6455.219 4827.680
6299.615 4725.198
6455.705 7179.379
6472.739 6911.863
5012.683 6909.813
5976.587 3760.090
4473.922 7160.918
9367.623 5617.340
7433.641 4815.551
6582.782 5298.740
6620.519 5334.836
5204.334 5337.859
8305.734 5738.550
7483.975 6880.725
8686.173 5677.234
5773.722 5537.342
7937.048 4762.887
6436.135 6935.062
4302.495 5265.358
6300.750 6036.387
4834.372 5552.719
9368.658 5759.257
6207.729 4030.833
7057.015 5740.008
3874.631 5375.398
6107.557 5520.134
6682.476 5123.940
5710.673 8737.592
6329.979 5933.572
5078.540 6778.847
4625.574 5274.913
6521.324 6374.467
8659.077 5625.510
4877.159 5516.685
8916.514 5630.079
7330.471 5108.577
8214.471 4238.794
6434.856 4906.191
5120.529 5370.631
4971.481 6796.334
6189.302 6042.152
5158.798 6945.096
7207.459 6979.444
6749.438 5807.343
4429.494 7121.960
6567.642 4719.239
5550.751 8730.136
7152.725 5913.299
7956.078 5634.671
4185.200 5199.604
6722.254 5246.281
7658.190 5707.673
4912.286 7028.649
7928.036 5643.123
4917.982 5381.769
8184.732 4152.695
6249.433 6874.512
5504.617 8870.779
3230.538 5455.788
6241.742 4099.462
7374.690 7457.971
6225.453 5986.392
6315.785 7297.760
6554.975 6104.402
6171.393 5583.251
8104.889 5764.637
7546.710 4798.200
6215.530 7095.324
4995.183 5595.976
8317.841 5792.611
5757.551 5644.988
6166.670 7508.219
8416.365 5724.969
7246.664 5111.047
9367.287 5675.956
6510.856 4944.843
7277.801 6250.681
3726.387 5386.335
5372.826 6647.636
6466.972 6775.735
4697.469 7083.689
7049.542 6289.905
8044.907 4263.379
5890.493 5512.500
6288.130 7072.703
8143.226 4413.690
6752.300 5126.654
6858.520 5335.710
7898.869 8685.527
7757.614 8145.806
5973.517 3880.449
3578.215 5304.964
6292.486 5826.332
5666.477 8628.154
9253.059 5722.277
7418.010 5367.154
6467.200 6726.024
6338.025 6846.317
6392.367 4832.122
8116.605 4167.661
5389.734 6698.848
8663.316 5553.731
5959.247 7920.701
5406.071 5423.104
6140.378 7335.039
6170.725 5905.639
8325.894 5589.762
9205.935 5597.251
6047.136 4026.425
7382.919 7441.817
8394.830 5792.479
7710.372 4575.107
7538.032 5696.383
4349.448 7173.081
5232.945 5582.667
6446.735 5918.145
5789.098 8588.320
6255.053 4193.556
8778.737 5625.493
7312.437 7406.108
7086.239 6316.043
6120.336 5465.474
7046.848 6031.044
6396.196 7267.667
8283.136 4356.824
7773.364 7955.398
3356.170 5127.431
5823.592 5395.205
4323.954 5517.148
5658.265 6171.118
6573.091 4592.972
8212.941 4250.226
5804.555 6405.463
6046.588 7661.035
7725.163 7657.391
8019.407 4086.968
8576.442 5606.820
6879.191 5701.915
7630.391 7713.636
5485.830 6440.122
7393.266 6800.581
4018.924 5527.856
5121.577 5563.859
6587.241 5839.929
6399.141 4590.288
7719.088 8446.355
6134.171 4295.522
7436.037 4838.444
3682.338 5132.372
8144.210 4203.798
6948.030 5286.851
6578.881 5874.561
3808.057 5182.462
6550.556 6913.324
7893.568 4355.217
6928.391 5832.869
6149.329 4301.993
7452.163 4795.941
6274.259 7016.298
7160.770 5242.897
5927.743 4047.851
5797.330 8569.037
5928.925 5439.596
8153.617 5707.731
5179.458 5434.590
6451.068 6121.742
4302.027 5191.937
7000.102 5323.770
3512.370 5120.151
7618.683 7438.687
8421.530 5796.164
6315.550 5905.369
7166.751 5300.531
5981.594 6120.209
6857.961 5690.809
6110.416 5511.233
7394.272 7448.655
5613.338 8704.685
5233.105 6765.323
8196.843 5609.462
5471.554 6541.981
7390.530 5305.861
5449.630 6454.419
5683.233 8512.478
7793.179 8348.152
4522.184 5529.610
6630.978 6116.914
8412.879 5549.604
4313.225 7274.699
6534.420 5687.108
8594.013 5703.353
5391.147 6698.150
6427.410 4493.176
6652.701 5990.270
7592.717 8182.442
7649.759 7771.398
6496.321 6359.994
4328.038 7332.951
6816.448 6153.386
6037.298 6319.734
6947.178 5636.633
6127.434 7482.698
4080.377 5382.234
7842.745 8423.109
7100.837 6432.826
6519.312 5075.679
3608.066 5476.440
7463.744 7286.817
7706.918 4920.361
5683.546 6624.742
5253.001 5461.955
6236.238 7388.647
6239.640 5469.596
5827.238 8500.816
6296.304 7432.657
5821.514 3765.594
4112.080 5493.897
7962.149 5754.970
5967.120 8180.540
8718.845 5848.885
6467.122 4869.002
4373.811 7367.682
6070.158 7931.505
4817.511 6857.133
8353.188 5865.961
5243.609 6620.585
9558.457 5621.400
4518.581 7322.022
7680.773 7992.469
5767.754 8814.203
6169.754 4163.587
7552.217 4828.156
6582.267 5898.487
8901.123 5874.660
8866.908 5900.448
5854.300 6151.951
7511.783 4969.031
7480.646 6970.451
4411.723 5532.169
6116.126 5667.514
6395.978 4503.839
5956.932 3976.926
7046.044 5548.822
9194.254 5791.406
5624.875 8824.536
7383.762 5674.802
7336.319 5213.018
5992.557 3929.017
6385.315 4900.155
8355.089 5818.005
8813.989 5769.566
5824.911 6446.800
4055.685 5248.218
4487.425 7090.456
6477.975 4689.458
6103.552 4612.324
8434.319 5744.764
6502.996 4726.743
5018.951 5282.049
6029.735 7505.523
3825.811 5432.181
3115.071 5276.158
6548.244 6891.978
8277.356 5874.276
6084.718 7155.236
7055.424 6290.164
6555.699 4631.803
7129.348 5320.788
3887.701 5327.133
7636.979 4690.636
8606.919 5769.855
7545.706 7454.129
6547.198 6162.501
7209.626 7079.204
5188.571 5346.861
6176.727 7231.559
7561.933 5698.189
6469.929 4740.487
7689.839 4890.499
5895.274 5437.902
8056.294 5770.753
5366.715 6620.059
7409.882 5157.752
7261.315 6469.861
6333.735 6216.364
7006.818 5213.136
7816.753 4285.584
8480.722 5730.100
6853.104 5486.234
7772.704 5499.572
8156.276 5639.454
7446.315 7646.966
3356.057 5259.581
6282.081 6895.480
6703.399 5372.526
7387.228 5642.901
7827.763 4475.902
7216.543 5426.300
6180.677 4363.606
6493.622 5022.556
3257.371 5148.214
6031.897 6202.194
4858.806 6895.544
7214.674 6274.847
7411.677 5023.995
5635.796 5591.482
5952.772 7684.892
7672.103 5693.606
7136.651 5226.854
6031.390 7685.007
5457.248 6571.275
6156.098 4366.249
5042.722 7061.330
6614.470 5875.948
9098.804 5563.809
5954.733 8252.078
4733.790 5283.331
6380.570 4781.893
7239.642 6204.952
7178.924 6597.849
6493.056 5747.079
7652.755 4827.295
8099.459 4372.604
5872.167 6039.220
6377.949 6477.964
4226.426 7472.571
8829.008 5693.399
6596.988 5673.729
7449.959 6880.408
5726.895 5540.617
6940.380 6022.036
4520.535 7199.981
5494.888 6607.989
6157.593 7490.485
4499.355 7037.693
4324.673 5539.647
6048.734 5523.538
6021.871 3895.086
8094.681 4263.038
7908.285 5696.437
6134.110 6016.626
6059.239 8015.660
7142.097 6794.974
6387.441 4439.517
7594.333 5835.760
8063.685 4610.823
8170.642 4231.865
5518.471 6322.272
3458.880 5331.528
6678.577 6139.843
6303.952 5809.240
7843.473 4380.218
6935.504 6481.965
6242.805 6174.234
4101.088 5360.565
6309.482 4159.705
3131.112 5130.573
7867.243 8199.940
9280.491 5933.734
8374.856 5781.577
6172.816 4421.131
6672.067 5284.686
6459.295 6417.692
3717.860 5418.151
5180.421 6763.798
4799.880 7110.238
4307.658 5289.335
7053.522 5155.218
9171.309 5714.027
6159.693 7187.415
5320.562 5343.653
6527.409 4912.576
5459.761 5335.285
6268.710 4472.813
8040.735 5833.741
9197.067 5622.808
8362.870 5690.976
5996.900 6142.227
6259.602 4380.923
6159.847 4084.491
6134.999 6943.360
4671.815 7192.686
7212.625 4964.335
6170.234 7677.017
7893.158 4468.426
9390.383 5641.891
6553.622 4847.572
3974.053 5353.494
5417.221 6684.833
6107.864 7636.459
6301.381 5802.508
7744.631 5748.565
5979.883 4222.564
5424.384 6731.687
7757.291 7708.248
6358.452 6533.797
6019.518 6216.568
5671.199 6557.077
6593.018 6428.386
7315.611 7518.064
6895.342 5408.053
4419.994 7469.211
7472.905 4862.107
4655.184 5466.200
7500.822 7666.363
7369.865 6650.462
8723.957 5702.352
5304.867 5341.072
5437.479 6555.160
6702.473 6677.115
7505.482 5471.719
6414.457 6468.574
7181.533 6317.419
6423.642 6030.264
5339.277 6697.100
7589.501 4977.885
5671.503 5366.287
6527.172 4725.462
6267.819 5555.619
3883.304 5269.981
8234.541 4121.082
4840.446 5363.421
4711.833 7063.470
6494.581 6450.725
8601.193 5880.803
7575.762 8217.757
3645.863 5462.499
7001.619 5543.916
5909.158 8350.198
4861.004 6936.552
7910.781 4621.311
5361.248 5329.181
8877.430 5827.378
7031.359 5679.916
4672.356 5351.622
6589.430 4902.750
9231.777 5929.502
6368.285 6009.047
6403.323 6658.470
7190.783 5262.016
6767.669 5817.941
4404.374 7219.091
8072.391 4577.431
6981.744 6402.219
9099.397 5871.448
4387.924 7241.973
6271.648 4634.964
5743.470 5420.108
7588.326 7207.272
5247.981 6700.331
6565.353 4990.829
8811.903 5715.469
7989.837 4589.152
7458.975 5616.186
6478.051 6759.489
6748.637 5813.752
8558.274 5793.268
4574.746 5356.096
6572.301 5419.478
6860.767 5754.995
3183.079 5230.600
7653.532 4710.398
6468.985 6266.316
6891.309 6016.151
8272.402 4006.146
7352.348 5325.815
8252.369 5744.413
7208.296 6670.443
5714.258 8668.234
7269.859 5098.564
7737.210 7748.125
6919.751 5801.212
6869.540 5453.876
7339.166 6573.613
6466.160 7075.098
7387.900 6920.563
5628.892 6612.366
7472.424 4863.536
7884.716 4445.407
5747.495 5338.549
5965.633 7632.157
4679.383 5564.942
8311.130 4145.647
4780.833 5265.964
7259.599 6681.529
6396.244 4466.880
6579.036 4863.005
4818.832 7096.888
8574.390 5691.640
6504.411 5421.858
6571.337 6069.634
4663.493 7314.305
5607.412 5299.930
5574.569 8655.059
6647.244 5165.834
6211.281 4300.740
8206.704 5567.999
8186.125 4490.716
4446.582 5308.685
5154.177 5359.523
5915.379 3900.441
7137.720 5921.863
6462.469 4841.321
6283.991 4049.779
6632.909 6586.842
6522.980 4694.269
6430.520 5666.187
4546.051 7133.234
6528.073 5515.857
7717.273 4429.587
5985.062 6140.675
7942.500 4461.050
7483.563 4905.508
4257.314 5434.815
9324.585 5936.701
7907.297 8247.449
6365.712 4220.034
7551.941 5031.769
8971.051 5651.483
6114.773 3973.457
7196.777 5381.817
7460.602 5118.427
4371.401 5517.371
7624.601 8278.227
6158.579 6371.037
5467.269 5544.143
8126.754 5716.210
4526.197 6939.926
6262.805 5601.581
8406.124 5633.997
6681.779 5551.137
5889.442 8211.138
4658.910 7130.525
6153.131 3872.395
6674.536 5159.477
8850.420 5604.156
6165.048 4633.952
7869.023 5793.546
7089.132 5459.354
6065.153 3791.295
5443.171 6285.740
3356.593 5297.528
6010.618 7526.851
7308.620 6484.766
4641.450 7169.886
6366.548 7027.694
7303.978 7161.939
6370.593 5800.280
5921.217 4014.849
6286.325 6900.304
5023.785 6713.585
6617.887 6098.616
9335.771 5679.084
6907.418 6003.699
8945.444 5810.165
7005.814 5394.289
5361.502 6730.949
7717.423 4502.500
5988.053 4098.751
6308.394 7323.688
5172.122 5433.271
7594.945 5825.728
9179.540 5740.593
7519.719 7797.250
6673.889 5763.593
6383.909 5674.250
6396.380 4953.781
4915.924 5418.588
6005.527 6303.451
7308.351 6946.903
5791.707 5435.420
7868.824 8167.345
6991.913 5972.493
5920.764 7997.194
7369.038 6554.745
5110.109 5337.027
4208.329 5472.930
6757.043 5409.582
7436.090 7062.887
8489.660 5672.626
7741.227 4623.766
6936.113 5654.520
5414.090 5443.597
5886.051 6304.274
7283.489 7211.200
6967.287 5498.150
5807.037 6199.418
5874.819 8347.711
7579.395 7354.066
5959.431 5671.153
5678.052 8707.836
5201.741 6661.874
4980.804 6932.224
5675.470 8663.144
6693.867 5876.978
6710.057 5376.081
6745.626 5838.647
4479.420 7085.284
7427.077 5149.822
6121.478 7965.175
7087.821 6399.200
5780.361 8431.207
6460.038 6557.998
6822.988 5352.258
5896.456 4036.027
6073.930 5390.334
6054.707 6141.117
7676.125 4782.986
7046.092 5535.244
9473.827 5589.603
4706.933 6972.527
6612.707 5933.882
7242.179 5275.775
6503.357 5511.005
7758.664 4804.700
7425.245 5065.161
6921.166 6132.573
7237.441 7137.775
6359.774 4441.855
6527.807 6247.343
3394.874 5455.132
5230.594 5354.317
6227.128 6011.250
5641.557 5521.556
5972.259 3870.008
5771.066 8711.007
5850.499 7960.048
6005.262 6254.203
7007.054 6025.618
9189.653 5755.861
7585.386 8082.486
8754.636 5782.492
4876.737 6976.201
6071.127 6313.512
4612.450 7049.910
6690.516 6331.903
7900.786 4762.687
7115.554 6689.153
6777.913 6112.324
6347.887 7368.169
7897.398 4425.827
6544.156 5643.486
7642.786 8081.018
4561.057 5294.809
6112.020 6067.790
7314.557 6736.650
4660.964 7046.334
6453.617 4415.327
7756.727 4841.871
7027.272 6434.186
7153.180 5726.683
5421.497 5494.632
6356.131 5677.481
7138.435 5290.341
8409.211 4152.367
7832.962 4494.336
6913.375 6002.353
7716.096 4597.837
4854.994 5289.811
5995.492 5619.458
8222.623 5760.991
7173.454 5191.353
9529.130 5763.899
6616.664 6484.790
7949.950 5643.731
7829.233 5496.291
7384.903 4923.027
6262.066 4372.085
6141.749 5619.024
7599.342 7680.816
8584.028 5790.067
8288.701 4071.577
8408.274 5840.539
6310.985 4342.528
6664.188 6640.269
6298.409 4132.860
6668.130 6436.638
8050.917 5627.352
7694.433 5833.932
7614.160 7874.653
5146.057 6786.841
6267.905 5477.681
6672.114 5638.715
7324.130 4812.554
6322.524 6454.235
5816.337 6301.050
7467.998 4835.416
4435.615 7284.296
6226.524 6108.566
4635.559 5219.441
7569.906 5106.349
6303.819 4536.743
6478.526 5704.200
4437.840 7381.645
6154.802 5526.184
7735.238 4855.398
8222.019 5644.607
5831.147 8782.633
4996.802 5281.291
7456.983 7690.373
9355.573 5630.679
7536.544 5021.654
7008.733 5456.918
7316.194 5625.610
5809.277 8560.454
5448.101 6796.601
5247.609 5421.850
7006.948 6301.596
7668.784 8387.327
7296.573 6207.133
6809.963 5921.064
7252.979 4885.804
6219.508 6876.254
4885.056 6835.830
4851.747 7115.582
3477.272 5225.252
7894.533 8378.104
6017.515 6153.013
6797.068 5354.866
4601.473 7070.319
4165.675 5407.638
5797.152 8646.877
8051.650 4554.249
5965.511 4089.637
5008.670 5270.980
7912.004 4197.734
5305.690 5327.110
5758.652 8415.495
7379.990 7021.693
5972.352 7927.600
7335.021 5015.270
5398.673 5524.877
5651.104 8535.996
9433.959 5838.404
5452.350 6621.425
4652.218 5356.573
3946.558 5384.943
4892.775 6720.443
6231.468 6034.579
6350.770 7172.766
6860.973 5800.200
5421.875 6685.672
6431.504 4407.213
8333.420 4166.971
6337.134 4774.768
5368.219 5473.957
4862.697 5476.661
5072.909 6889.574
6315.517 7413.276
6592.819 5112.054
8041.983 4582.467
6569.702 4817.887
7930.134 8413.719
6497.003 6705.153
8402.216 5841.090
7197.832 5294.267
8128.847 4509.292
6503.565 5869.006
7710.697 5497.409
8403.533 5587.790
7883.206 4552.628
6929.736 5593.115
6032.389 7556.078
7929.697 5811.197
7499.038 8003.303
6100.795 4105.481
5468.335 6494.421
5848.203 8199.109
3827.063 5490.146
5020.039 6965.244
6629.311 6684.131
5206.602 5505.065
5583.689 5683.441
8137.974 3998.280
7172.600 6692.122
5108.883 5611.179
5901.968 7512.913
7284.439 6815.096
6303.128 6088.766
4675.476 7081.481
6401.615 6903.255
5434.410 6450.134
6340.608 4505.886
6398.360 5984.079
8148.816 5605.345
6028.386 7513.885
5839.918 5668.939
7025.408 5516.942
6673.429 5167.302
6023.805 8193.597
5359.800 5408.872
8567.627 5815.363
7923.230 4716.129
6383.263 6426.017
6621.332 6712.409
7438.829 5782.442
7124.683 5453.326
9280.065 5780.268
7605.926 7628.581
8280.551 4123.356
6592.335 5817.876
7672.266 5686.107
7496.236 7703.387
6614.597 5957.401
6499.380 5577.803
4624.462 5349.113
9576.751 5744.870
7958.195 4656.258
4508.318 5452.469
7407.116 7711.968
8756.622 5565.532
6054.067 4087.084
3853.752 5407.510
4727.609 5374.942
8894.288 5700.188
6164.876 7571.956
9209.845 5699.853
6628.311 5725.014
7478.100 7219.894
7389.613 4773.177
8105.141 5621.366
5657.037 8584.379
5168.131 5397.755
5824.741 4019.688
7225.921 5572.897
6502.669 5289.887
7172.125 6338.311
7972.365 4567.855
5105.933 5559.887
4741.518 7059.809
5812.544 8474.651
5835.051 3742.283
6506.856 6488.714
6134.618 4077.627
7085.116 5519.211
7158.585 6224.581
3386.744 5336.712
5934.600 5553.685
6365.218 4856.672
7076.712 5062.928
7827.996 7864.989
5907.346 5387.802
8254.846 4234.132
3956.001 5394.788
6116.242 5677.407
6605.569 5309.391
6665.273 5191.147
7779.824 4467.219
9283.726 5870.581
7609.286 4569.348
9430.572 5667.925
7100.195 5306.449
5964.825 4171.687
6534.522 5670.618
8533.996 5650.340
5700.802 8325.856
7260.023 7166.604
8108.385 5663.455
7191.390 5411.398
7552.501 7184.633
5803.376 3999.040
7206.381 6722.813
7940.832 8227.032
6791.602 5820.117
5635.564 6666.540
7747.424 7907.030
7167.563 5778.806
9009.730 5911.815
7090.120 6046.599
4643.014 7372.619
6279.917 4308.069
6705.338 5659.843
3455.889 5386.375
7748.428 4637.690
5719.501 5375.150
6864.855 5878.594
6582.879 5827.165
5800.766 6485.273
7922.554 4374.770
8857.158 5788.605
4288.893 5394.106
5751.907 5635.893
7253.468 5561.582
5096.249 6943.701
5953.895 8299.486
6843.214 6014.340
4533.475 7149.772
7213.914 5757.965
7588.592 4989.305
5866.640 7948.266
5084.325 6919.504
6290.244 5638.506
7579.543 4816.918
5653.884 8791.037
6200.517 7153.169
8912.816 5604.540
8282.355 5668.363
9217.681 5773.702
6215.168 4337.558
6314.956 7563.088
6326.038 5690.961
7312.972 5196.305
6607.873 5367.153
7093.413 5265.204
6165.387 7166.604
5756.961 5424.116
6074.469 4198.148
5998.570 4067.866
7512.386 7874.772
5786.223 5544.820
4562.468 7302.550
5778.414 7847.356
3434.555 5394.685
8495.832 5659.362
7265.272 6385.135
7514.244 7648.122
7659.001 5850.206
6493.934 5159.735
8132.936 5550.671
7300.899 4817.521
6908.721 5975.044
2303.163 10307.706
5984.470 1294.373
4634.223 11770.901
12095.514 12067.100
1932.752 1075.314
6446.433 1498.202
6181.621 1369.919
4600.916 10209.388
1695.385 8571.840
1773.451 7636.415
7225.374 1986.700
9557.737 9319.435
11422.359 9133.786
9509.610 11274.448
1841.952 7926.446
1288.406 391.478
10063.643 9750.530
869.112 1474.652
6698.175 12393.948
4605.925 12473.069
836.883 6141.836
4728.358 9659.273
51.521 960.512
9623.521 8049.423
221.961 8589.281
6017.593 12227.724
2886.738 6976.387
629.123 12150.974
552.133 8068.200
4246.904 3117.340
11826.010 4191.298
9791.401 932.336
9077.019 1715.578
9631.125 1736.145
2284.510 1326.245
2303.322 3988.416
10559.958 7589.826
1206.803 8496.691
6996.530 351.336
4541.988 8962.610
8154.698 797.715
11965.443 2279.690
8012.489 9433.166
615.813 1639.886
1532.458 2362.623
11586.582 6167.963
7901.548 11768.740
262.485 11066.148
6662.086 9996.343
3322.422 4799.833
12217.091 11267.504
42.891 12006.081
531.017 5761.359
4683.968 11234.132
10950.046 4337.960
5490.020 11288.330
2829.267 9224.173
10929.917 1426.956
12456.788 173.730
5960.990 1683.218
3077.718 6361.357
11276.342 6843.630
316.683 3387.824
11699.430 8535.696
11205.164 11304.593
1095.788 5641.724
3569.949 581.008
3075.627 2019.360
11252.744 1002.580
10907.976 9484.989
8269.637 1186.009
5255.821 358.988
10423.891 11519.627
10300.437 10579.140
1638.352 7215.936
142.658 5745.597
3261.076 7844.023
398.278 7334.250
8089.973 1988.976
5290.866 10519.097
10708.888 6988.539
9684.866 3268.857
106.608 3679.544
1739.298 12099.945
1432.423 5172.202
9883.627 2810.635
4328.299 1775.623
11856.932 638.413
853.947 12017.592
7310.668 9973.261
10976.341 8306.711
2618.715 6553.040
2261.710 6316.201
946.160 11538.675
9110.001 10434.774
1059.068 6558.170
11868.832 6448.669
2485.544 5799.111
10763.145 2992.604
5081.102 12057.333
10525.447 8292.617
1982.345 3023.196
9461.323 9142.512
11078.704 4583.294
297.884 2332.855
12320.955 11681.295
2772.942 772.707
11272.919 10673.529
3966.607 1524.172
9233.514 1105.385
7212.748 10667.666
25.338 9662.213
6628.642 2101.443
71.194 8359.922
11611.355 4950.507
887.768 11348.668
2028.655 10977.399
10262.750 4061.136
280.328 4732.814
10044.950 8357.783
12367.386 10278.625
11448.757 964.667
10482.773 9176.222
11249.833 4212.809
10350.854 8187.010
722.073 11747.390
6780.919 11316.238
1065.866 8086.707
11900.476 4954.596
5891.012 344.161
4709.326 2276.089
1605.184 10772.992
10934.463 10977.594
12317.515 2650.765
5371.816 281.191
4757.478 9067.035
1082.832 374.856
8211.074 9694.624
9210.514 2762.734
6411.233 791.710
3997.697 10419.633
1727.769 1735.518
11967.379 5577.143
11719.405 5355.384
9858.246 12222.658
1083.963 9098.135
7392.131 1382.200
10341.985 9727.436
9566.514 12465.573
1034.362 5479.880
1501.563 9576.991
4004.270 2282.165
3129.612 5465.248
1355.085 11594.660
1552.880 4451.357
7615.089 681.933
9611.537 1769.408
5283.418 1313.749
3536.862 9899.953
2393.723 1440.219
220.324 7297.583
2217.478 9483.348
10179.241 39.471
5367.042 11371.084
11962.892 7867.917
8.632 11477.044
4766.617 11681.964
452.294 10425.182
12158.184 8002.612
7292.958 1415.262
11217.370 6198.015
11641.596 10791.530
9735.258 10058.883
7356.214 12437.651
8429.238 11117.599
4791.880 12238.605
3941.974 8508.219
182.270 6986.121
6494.233 4.503
2889.062 5949.340
3887.395 718.860
4652.294 2523.197
144.860 9450.049
11175.835 1891.476
11762.256 1298.683
1679.164 7447.743
2010.290 7356.241
11472.617 384.643
4479.380 9596.868
6936.879 1053.070
1467.035 5227.288
7419.448 2107.947
1021.969 10651.848
4294.109 9890.485
10339.882 7696.905
11106.113 11060.321
12068.388 9055.921
6405.663 11355.703
638.692 10870.557
123.767 5503.428
1412.183 7325.602
6870.546 1009.618
10510.402 7749.567
1923.618 11899.698
2648.068 4214.685
11079.519 3602.433
1340.112 5146.044
12349.482 11412.147
6801.302 598.852
6729.898 1576.059
1099.333 7178.838
12078.569 6551.182
10093.378 10640.843
11587.665 5233.250
8901.597 1224.255
12269.819 12241.765
4032.443 7753.198
7128.428 11818.561
11685.786 1994.793
9329.350 8525.834
3065.601 3505.507
7456.334 1897.619
627.900 2665.618
10795.932 1411.729
1218.129 2350.738
2367.087 5361.912
12457.753 2973.783
1537.439 3716.234
3494.761 10788.489
6680.553 9688.286
11255.406 8639.042
9789.966 2698.318
11763.134 3516.694
798.218 10608.350
11916.462 1491.414
2261.103 397.078
10270.289 1175.425
5320.186 1476.409
3967.664 12419.595
4363.275 398.254
2175.569 3016.802
6531.400 11676.585
9074.878 951.563
3206.794 117.208
10759.220 7135.500
11700.130 1923.175
1086.545 7531.128
2104.995 2186.716
2258.352 326.404
12163.522 6992.859
3729.652 8154.854
5969.316 11488.362
2034.545 7414.209
3225.214 11741.120
2612.873 12387.646
12013.401 7198.902
407.420 5552.202
6655.044 1350.943
5412.683 742.035
11804.731 9930.840
1651.712 2461.977
7972.969 11995.128
5648.933 1304.285
10389.396 5487.921
9582.127 11905.603
8781.351 241.002
12300.395 6060.691
11461.979 4431.927
2965.805 4305.828
5726.446 626.848
11225.823 11724.023
4802.729 9970.022
8365.988 835.998
1822.395 2981.530
11814.152 7009.436
6800.618 1340.289
10606.998 2864.399
11291.023 6612.439
2429.196 4808.773
2748.154 6742.867
10176.484 2703.225
1178.637 1900.557
11198.994 5561.747
9031.749 2309.244
9671.671 9431.293
11234.549 12365.170
7949.909 1908.520
4132.083 10283.698
12164.832 721.477
850.373 7445.514
12162.913 2090.473
9809.243 11624.866
8094.772 526.808
2192.518 10832.834
6116.621 10924.769
4475.541 8843.946
9902.824 8089.773
3883.225 8231.658
110.347 12208.563
279.345 218.071
3605.343 8496.705
9972.797 3819.555
1792.953 8622.171
8264.278 1808.275
11298.622 2131.970
2054.588 5150.840
11687.735 12457.011
12154.284 11501.536
7487.903 10651.623
600.901 1271.895
1037.056 9506.369
4508.359 9998.550
6522.845 471.310
9392.194 10138.486
9417.443 11358.399
6530.694 9259.430
1692.308 8646.746
2479.875 4008.360
7415.083 9371.595
4069.620 10205.841
3761.717 3349.085
9004.635 10854.400
7730.161 12130.624
58.557 116.426
8989.427 1539.115
2973.834 9858.028
3189.202 10693.950
11468.770 8031.675
8691.049 845.598
4804.844 9346.352
510.028 11164.386
11306.110 2207.327
8249.389 11440.112
2521.713 12314.220
11397.463 11494.796
4581.769 1073.211
4555.956 11728.197
58.388 5496.990
2798.419 2264.813
6915.508 9904.284
632.400 5197.916
1017.867 4789.501
8616.418 10555.304
7197.945 10147.364
345.226 6272.260
2479.449 1129.945
9826.398 2251.888
914.536 6007.969
1711.035 11535.712
1104.220 9011.469
8929.126 10662.101
10731.384 6102.725
4041.321 10636.061
11668.478 12472.128
1431.827 9865.359
1911.836 3123.900
9762.318 9971.654
5671.251 12086.913
11529.041 7238.886
11364.554 5820.541
683.089 4384.243
4850.018 12453.638
1774.765 8271.319
2832.710 11970.006
11233.976 6967.180
3467.731 2527.692
1969.963 3413.942
2044.481 6580.800
115.005 10920.303
12027.672 2529.329
150.274 1723.253
2563.642 4025.809
10292.918 10801.515
1796.494 403.264
3000.205 8752.607
11342.789 10098.873
10452.471 11503.137
1499.755 11286.302
6264.965 9333.025
162.170 6131.828
691.196 8206.750
10795.226 1010.162
688.736 3577.037
11752.192 1187.158
3321.488 10150.683
3665.633 2306.121
10716.703 2215.491
9210.549 1062.779
6113.871 9869.686
4171.317 8193.258
12386.646 5390.183
68.865 207.394
1363.386 11615.146
5971.957 760.684
11746.013 3403.739
2338.496 3569.217
969.961 5225.740
2917.340 4648.594
11838.202 8694.852
163.127 12297.380
10253.661 3369.151
2949.852 7339.312
10218.757 1179.694
5785.477 346.965
6983.945 1121.209
11773.029 5847.842
1360.907 7440.531
1237.501 9210.679
342.130 9024.376
10939.190 5136.243
10967.825 3879.566
1749.285 11214.034
1082.011 3120.737
3724.888 7510.446
11974.521 2131.563
2748.471 11627.079
2062.620 2873.051
3934.216 1397.955
5069.424 8690.413
1173.974 4726.865
4838.195 9307.516
5549.979 330.408
619.807 5510.394
2008.064 2926.039
11547.934 5332.565
1779.858 7825.502
11971.849 11693.649
11709.419 4060.538
9863.422 1817.918
1671.434 1585.908
6303.248 1178.432
11627.600 4271.583
4901.813 102.233
1829.605 10121.723
10265.007 4060.568
6043.618 10004.323
3843.153 9184.820
8114.941 9501.056
2705.969 10797.318
5470.085 11747.639
6975.385 2103.897
1022.081 11004.331
10109.017 2500.429
11952.024 10413.270
1177.019 9551.159
1285.583 3440.693
284.956 4516.674
11772.895 9366.209
11675.439 6932.781
10217.946 8646.344
11513.447 8233.442
9121.454 9747.768
12061.908 5712.884
1984.086 11492.584
6.787 2427.992
2540.136 8543.010
7932.617 9112.934
3011.993 1716.747
4937.724 9608.044
2247.623 10633.622
3744.116 3699.643
257.677 3241.966
8615.757 10712.426
12059.388 10660.551
2148.227 119.864
3556.712 3408.972
11098.878 9251.081
8706.481 626.216
11647.906 6735.999
10798.743 1346.543
8951.183 9672.190
3443.236 3846.879
2789.262 10667.825
10057.832 1896.010
560.219 3006.932
8179.617 1974.885
12224.071 5231.821
718.259 9494.834
5732.711 11900.691
2477.257 9824.231
11955.120 4300.154
11484.280 4878.501
1268.814 4361.730
2064.098 1458.246
1540.525 2317.749
8674.347 10650.382
2850.892 2890.090
2505.996 11858.993
3077.216 4339.809
9493.129 2219.201
12285.972 3230.235
10750.700 2019.102
4016.859 3187.915
3451.525 11965.207
2422.245 5401.689
7901.770 10084.078
6203.089 1897.837
11472.157 3344.650
12463.970 12385.568
7534.443 12216.036
909.284 10246.459
10464.084 9025.627
1573.024 3148.947
9343.362 10113.025
9627.272 2020.914
10542.761 1520.474
10889.869 3711.368
9511.436 12487.977
408.594 7868.858
2447.555 4326.805
2153.188 765.966
384.937 5604.546
846.942 10695.932
6353.503 69.221
3921.149 1274.029
2363.795 10586.614
810.803 6257.494
4207.664 1051.700
9521.207 8.130
12469.619 4984.730
8343.502 1751.762
437.803 2881.598
59.391 10934.199
4558.635 1708.124
2887.538 7819.389
4528.031 9525.970
2312.793 10035.080
11035.899 9679.851
2571.431 5730.007
621.304 11007.498
5052.485 1437.663
5480.001 11308.613
7960.790 10435.677
9053.173 9533.769
12363.825 6142.759
6629.514 10867.688
6662.315 10641.141
618.256 6455.091
260.493 6577.990
1837.297 2548.662
339.486 2592.404
7712.190 1087.418
1109.420 11073.360
11302.891 8108.439
7950.721 11863.827
11947.112 6810.356
3914.137 929.098
1664.658 6543.190
2280.837 7776.617
10012.457 3910.641
8233.460 11212.641
7160.715 12483.705
12090.140 972.257
4407.430 9409.232
10318.905 6990.513
8642.652 1039.063
1519.406 2220.895
3358.348 920.094
3020.946 3628.246
10693.195 8358.812
1024.904 10999.298
4984.517 8858.206
11177.670 12198.829
3936.935 7764.997
11520.640 8089.126
12083.590 1776.119
3600.321 1157.433
9128.466 2179.738
10209.718 8911.469
988.445 12493.282
4478.260 3015.024
11441.977 298.536
9491.255 9485.067
3569.554 12328.849
6113.701 9641.994
9585.260 12328.719
3660.734 11367.969
12218.955 7607.306
2567.012 10070.534
11321.173 6433.111
5121.897 11392.976
7577.591 10668.024
11776.528 6785.459
11454.744 5866.376
768.364 9937.747
2129.853 7771.279
9368.257 898.272
7813.685 1810.714
3521.879 2723.508
4279.985 3007.062
4676.966 1876.650
11643.519 11047.560
776.743 12211.687
8018.202 10575.739
4170.852 9216.451
10678.213 5519.705
3672.608 2726.701
10697.499 9896.549
2980.909 5901.302
9090.537 2755.504
11886.403 1253.767
12043.143 1846.431
345.860 10911.840
7001.409 2095.988
4145.784 3010.220
10847.832 10305.531
3367.077 2956.763
6900.171 169.894
226.711 1538.593
9508.005 10192.343
11511.484 10294.942
11670.299 11676.076
3750.153 9442.525
4378.157 10616.254
9050.986 11664.125
1641.211 5091.030
1574.340 6300.447
1290.943 10619.397
7066.790 9300.241
3370.919 7856.302
1171.053 10597.358
429.836 4535.190
3121.600 1990.410
4248.618 3012.663
2928.895 3998.853
7660.739 9243.907
11611.950 12084.696
5716.539 615.310
11996.097 3369.308
7144.498 11606.345
7004.541 9786.150
1211.505 4415.289
9408.670 3115.153
2404.213 10661.986
1479.956 414.107
4774.385 9447.728
2156.698 10563.846
6308.085 1929.275
335.580 10736.153
11632.371 2868.785
89.892 8645.038
7076.116 10292.194
7775.618 1923.509
2075.520 1999.727
6615.067 92.039
3679.852 1843.255
3082.414 9522.126
4635.218 987.508
1546.902 3940.682
7417.865 12408.800
2675.229 865.173
3904.433 2758.028
8217.635 10180.426
6202.446 9189.496
11588.831 2625.327
10916.093 1478.088
4292.081 8014.016
5452.638 11474.309
2958.713 5332.370
11189.692 2129.014
6456.448 9174.271
9254.141 2515.214
10216.191 11156.514
7747.973 542.045
11263.984 11012.958
3228.569 5419.313
4521.454 9308.061
530.133 7910.712
293.315 2051.108
11009.734 12454.430
11446.020 11949.678
7957.573 9372.006
11762.546 2212.445
10714.170 4689.221
6327.825 397.326
10700.676 4554.702
2289.734 11294.899
356.474 5009.513
573.669 11283.408
7634.711 10321.866
9746.186 9698.411
119.762 7805.830
2855.652 11527.405
1632.588 5965.666
8454.271 11812.332
3736.109 1906.389
7541.241 9531.615
11783.658 2375.622
7779.154 798.139
3242.013 8839.561
7725.167 11312.940
9914.312 10531.582
10096.300 9751.389
9937.628 11851.700
5182.191 12203.545
11123.934 6451.897
11858.225 1837.443
6326.747 11094.126
11375.029 7833.442
2110.406 6201.222
12421.997 463.647
7231.807 2097.674
909.660 3386.804
3819.028 3277.857
3804.322 1786.491
12069.195 410.055
2144.364 626.794
11062.763 6633.504
11856.692 10947.549
5489.929 12110.686
3484.657 1750.944
5748.048 12351.921
61.940 9794.461
10700.496 9638.454
6011.739 9119.113
2546.190 9309.207
8893.925 1096.343
1471.914 8840.307
6676.126 10974.926
84.117 10074.188
359.850 2166.193
8637.309 214.430
867.731 389.524
8760.065 10154.890
5525.599 8885.849
1356.655 2659.909
12392.439 7924.092
9510.723 10597.156
7844.217 1697.652
9943.173 8701.026
1881.438 63.780
3295.056 4757.100
851.871 5999.313
10630.750 5815.105
7496.318 9124.324
9417.087 9243.242
8164.418 12348.807
6295.907 11109.281
12228.340 11461.285
5233.682 11795.229
2579.307 11314.923
12434.145 5519.044
790.739 8673.010
10609.373 11892.192
3422.637 8546.927
5141.554 9606.127
1688.515 4951.123
1439.328 8906.742
5982.422 9138.360
2515.402 6774.366
1611.898 8814.894
11920.803 1829.561
1728.902 2517.088
2996.301 8338.570
4147.176 9301.895
2069.028 2179.662
11745.689 2418.582
7223.845 11908.023
1502.199 9934.488
11156.385 11701.709
2207.497 3546.813
9533.678 8722.500
787.260 656.105
5692.213 10935.085
11867.908 9909.793
2746.644 8329.657
4672.094 9231.768
852.681 3304.778
11448.116 6673.909
9304.754 390.519
1888.613 3340.679
12025.821 2573.322
10712.717 2118.358
2135.284 966.997
2569.332 12488.806
6781.206 10847.137
607.652 10962.113
504.488 3306.167
9854.007 3643.688
2460.742 2823.999
5588.793 2366.099
3682.525 11442.801
10473.993 3078.756
425.755 9300.472
1637.920 1224.763
4987.907 8964.862
421.492 3607.848
3937.647 9034.005
11923.433 4880.391
6669.434 10958.106
2656.012 9938.510
11067.514 4743.196
987.707 3838.183
10420.922 5478.096
3735.257 10744.663
11337.209 10762.617
5898.045 1508.154
12234.706 5767.266
2196.278 4980.543
11974.611 11609.671
7988.374 483.417
4369.588 11748.118
4234.665 11847.618
10458.272 6726.965
1702.253 10434.115
3422.349 10122.617
9691.140 10200.309
7847.366 11406.724
7710.555 11399.748
1567.363 3548.655
7987.310 12400.993
5131.948 12429.550
962.759 5018.353
11356.128 3724.777
3586.147 9077.485
287.205 8587.504
1319.400 1208.318
3392.861 7607.799
1721.628 4462.712
11836.982 7683.012
7881.836 12216.878
11359.217 2810.439
10131.684 12316.442
12299.010 9004.835
1601.185 11647.980
3337.655 1877.610
3776.268 9034.643
2758.401 5027.930
936.402 7611.775
3395.764 953.755
11224.308 11600.429
11799.048 5962.524
4091.355 10751.500
7218.461 11108.345
3816.070 1859.467
820.683 8195.852
2326.020 7236.036
6273.295 2133.066
9805.062 8282.128
12453.960 9752.945
8793.971 10911.610
5200.623 56.869
11550.260 10223.309
11307.427 4035.902
7465.385 9518.620
8475.237 2248.203
1710.195 7512.857
3384.096 7068.425
188.052 2637.874
9079.789 10512.792
11048.101 5056.653
8278.664 11457.491
925.557 11162.889
11860.476 4787.009
1870.231 4855.219
4193.014 11739.510
3052.260 5415.765
12460.524 547.888
2101.278 3824.775
1175.031 10561.624
9279.714 2253.399
11748.862 11441.216
2598.027 8411.733
2454.986 6087.785
11623.732 3245.891
12179.530 10995.034
9988.524 1892.127
2717.105 1050.105
10118.835 10203.186
899.025 4664.957
2543.790 9551.921
11005.515 10608.572
8321.540 10686.380
8493.936 2111.718
163.955 5359.179
6418.970 9639.869
1525.380 8775.458
1938.556 11953.841
9554.049 10708.567
1828.637 4059.050
7470.157 10887.672
11198.940 7982.268
7611.995 996.499
3631.763 6983.401
7459.634 11835.075
4723.236 318.253
10110.504 11467.494
9926.005 9298.650
7795.113 10385.217
11804.358 11129.417
1395.549 9504.784
2219.209 12119.669
5072.705 10053.766
2542.831 7749.564
1631.178 8212.387
6919.304 321.820
10695.075 998.803
10524.033 2404.550
980.271 9479.873
9046.809 9826.452
11761.445 12472.274
2768.189 6280.088
763.282 7801.180
557.851 4074.585
4979.847 974.615
3036.474 3744.400
10179.745 370.352
12249.493 1941.457
8910.482 8722.934
12121.435 1878.694
6567.486 228.897
4256.733 989.297
2660.103 5150.408
11318.604 4931.428
8911.116 2334.556
10593.285 1337.150
11571.558 12093.176
2838.146 3401.198
10533.971 8609.911
7406.431 12260.063
5070.987 11687.919
1748.274 8691.786
2683.271 5147.495
1259.092 12310.297
1154.182 7101.159
9995.945 12457.844
2843.381 3735.998
433.328 405.821
3006.865 8992.397
2661.345 6946.405
12251.282 11078.100
9220.119 11936.292
3390.022 8312.525
5680.252 2076.821
3432.802 1946.992
8750.698 10686.667
1443.865 8543.827
305.380 3235.232
2268.945 10970.659
8791.504 9938.875
1951.292 7446.672
2194.482 2898.811
6861.973 1975.051
3139.068 8120.500
9998.959 10222.856
3666.227 1781.356
776.989 1749.576
4362.825 8567.237
799.723 10093.525
11308.965 9655.694
11036.215 6095.196
523.823 7475.205
5922.690 9437.068
5979.700 9682.154
10368.380 1895.605
9787.924 10242.926
11738.770 10997.225
3377.960 756.818
329.081 10419.355
6811.810 10358.409
12054.570 11821.185
11541.239 11272.011
8642.143 11700.734
12460.576 1559.201
8625.242 9150.733
9137.583 378.305
2898.774 6906.216
10786.170 10139.489
4092.361 12361.500
2376.447 7452.498
945.339 12370.028
56.841 2263.079
10926.023 6079.757
1903.058 6113.663
11109.572 1928.392
1519.788 1868.337
1344.847 6996.267
464.837 10060.148
9977.028 8365.130
669.833 4177.826
8334.001 617.957
330.195 5582.949
6948.227 430.126
12389.577 10524.313
5659.325 151.064
4604.720 12378.242
10084.232 8114.896
3612.507 7206.358
9630.086 1713.472
2142.466 3289.021
270.635 4450.247
4406.058 10138.777
10073.837 1496.756
4089.728 389.760
3121.512 460.341
2122.641 11828.877
1382.483 9012.448
2379.409 6442.160
5870.372 11818.321
11453.305 7729.985
3955.339 1276.280
7028.362 10737.753
3492.619 10419.081
1739.304 12367.668
218.373 8774.370
9006.360 12086.834
4539.576 12451.472
4690.941 9.062
343.118 10237.192
11653.471 6667.400
2797.538 4014.632
8530.767 10897.119
10884.617 6872.109
2777.031 11078.764
10861.556 8982.332
2645.707 5021.875
661.698 8456.870
2490.529 10887.273
3141.364 9539.938
1940.630 9356.735
2493.273 6701.954
4050.937 12017.016
84.120 4077.462
11633.849 7679.531
1047.912 11137.974
255.938 1246.783
12293.561 12269.450
212.773 6849.507
314.740 3161.812
2530.058 2357.090
6419.837 12465.961
7111.423 11664.206
5959.026 11561.416
657.186 3286.822
2095.663 4151.349
2136.112 12385.664
1551.226 8047.133
3919.862 8672.707
11337.435 2174.261
1944.223 11650.670
11876.230 4045.433
3044.385 5559.185
402.070 10008.787
5245.320 139.280
3701.874 1197.028
1647.407 4879.799
11436.802 7812.644
10607.622 10176.424
4678.564 1385.392
3716.183 10523.040
6314.218 12117.946
3248.002 9444.866
6574.706 1721.813
914.944 6887.562
6200.200 10413.608
5889.790 9426.272
6871.641 1308.045
10682.856 6409.034
11943.157 10377.940
10204.057 4021.677
11181.984 1024.771
4358.690 362.365
365.901 10003.475
2744.053 4612.604
9758.996 1310.739
3200.613 7389.537
4863.162 700.224
10022.125 9227.919
6339.724 10.631
8587.644 824.206
4781.985 1431.228
7962.356 10249.096
12269.504 10859.964
8901.629 10712.181
644.921 3035.240
1278.099 5887.766
11783.806 8783.206
2899.327 4559.390
3545.023 7436.676
7087.352 272.431
6371.398 12282.682
7390.930 12268.741
3203.969 4243.541
12457.453 7696.795
3451.158 8767.882
1028.449 275.963
8055.905 9403.203
6034.255 11077.435
1787.189 8946.386
2067.310 10176.724
1031.319 3083.421
3178.246 2535.449
10334.892 5030.906
2452.519 10411.622
12329.782 7012.529
6302.672 9417.975
9974.867 7860.749
3248.899 5071.869
917.472 6836.649
4572.359 12330.825
5113.578 10576.654
10696.598 8713.786
2464.711 6012.117
8667.401 2168.827
455.063 10189.006
5064.212 2604.120
10988.600 348.514
3394.115 2547.253
10382.146 8392.205
4820.682 12148.804
12285.250 8152.195
157.732 9993.627
3716.818 9165.848
4533.856 9359.159
8722.424 170.881
1128.093 9349.036
9607.361 9599.938
3398.998 8553.428
9265.901 8363.093
1620.038 903.746
341.287 5188.193
1615.566 912.860
375.938 1554.619
3417.368 10973.452
11787.851 2401.426
1605.262 5084.975
10302.403 10798.846
11638.430 3819.956
12029.741 9069.262
1526.276 4987.066
11873.596 4791.874
904.286 7244.360
1100.120 1327.943
4186.307 2420.157
4189.303 8746.191
2814.366 9540.679
417.092 1662.635
3538.493 7180.200
5439.902 10447.395
10617.034 8836.744
1228.197 10048.608
1627.092 5270.660
2636.962 6416.611
10246.036 10717.219
8350.001 2145.924
662.002 9695.085
2346.406 5563.482
8477.188 519.671
1893.633 2183.482
6300.874 2131.848
953.549 3309.174
6840.415 12415.968
772.491 2686.559
6102.616 861.547
1771.307 1754.192
166.836 6065.580
10347.233 9829.129
1672.396 10734.125
252.596 6821.667
9473.418 8635.572
1615.588 8774.213
6180.488 11276.545
9325.287 2650.996
4732.968 971.160
8872.390 8514.699
179.128 798.146
2311.476 4459.997
1873.191 11859.925
5735.127 9874.787
4036.502 11190.619
10115.407 8139.997
631.069 6690.392
10162.956 10459.975
1791.131 2619.500
7030.701 11254.869
1972.277 7946.117
7689.203 511.153
298.623 4108.072
11728.917 10821.352
11625.253 6354.323
6729.793 9792.504
10097.217 818.177
10228.410 11389.574
8388.886 9400.633
8796.315 8681.400
2503.361 2703.863
3516.701 67.191
11083.046 3235.203
9475.753 8830.290
10061.085 10934.940
2943.430 9357.983
613.391 10429.652
2105.253 11507.237
11337.806 5433.770
3908.046 711.983
12105.552 8518.933
36.153 1119.285
847.359 11323.692
10029.878 7227.526
5242.280 771.717
6133.703 10121.197
10909.361 4657.458
8285.914 147.416
3116.748 11865.025
1979.397 8195.884
1341.621 12462.127
2323.879 5571.366
11937.999 5207.332
2711.860 7224.731
7933.714 1087.742
2640.368 8025.170
766.833 3256.769
776.403 10771.735
11013.777 12046.716
4518.956 12463.954
2149.862 7268.333
11173.833 8228.552
1649.080 3818.634
10685.343 7643.197
8539.674 8938.549
102.313 651.082
12412.307 3629.593
3819.588 10260.017
1910.544 3396.152
12235.298 49.811
8572.830 9147.259
10013.594 7233.890
9882.208 11632.926
12037.481 3770.821
4132.638 230.791
4088.017 3064.549
7303.947 1268.170
4037.091 140.840
3448.652 4177.287
10538.255 8523.133
76.661 12254.795
10887.467 8163.715
9632.062 1308.228
5917.749 10092.255
246.198 11889.169
11805.131 2218.507
10462.312 2019.653
326.758 6216.751
2408.903 6396.665
2981.298 9162.711
6054.799 1845.869
8425.580 11936.328
4838.886 12049.807
1958.953 1510.134
10654.108 8168.797
8205.726 9262.274
1183.965 5998.165
907.560 10352.623
3837.423 747.161
349.908 11120.102
11299.351 7608.314
2101.111 5869.915
10563.233 12066.277
1363.020 1790.457
11616.477 5370.260
6104.496 710.641
7104.581 10338.392
9880.764 9520.546
5984.656 11316.837
4369.755 12217.935
11986.307 1076.500
1598.050 2487.935
8070.419 130.218
10757.042 3497.623
6739.492 9947.615
6727.791 1739.742
11038.278 12418.184
2386.216 10204.030
11239.072 7230.082
10141.120 1932.800
8028.872 735.637
9893.158 10804.031
3029.454 3522.149
1132.453 3325.852
10620.076 8592.062
8301.983 11652.623
3602.849 10768.308
9356.153 371.421
2644.985 159.855
456.743 12212.624
3149.234 7384.102
11739.631 4255.608
10830.159 2641.928
188.994 10615.321
9200.700 10445.677
7322.434 9783.040
1268.356 9790.840
2119.378 5098.110
5114.459 12494.540
12114.854 2275.331
10736.505 9025.080
641.849 8658.982
7275.338 9461.007
3858.885 946.452
7807.493 10157.683
9315.695 12178.706
10026.713 2306.634
11101.356 4737.768
12061.260 11405.742
11554.381 11565.378
3673.915 7069.342
6353.822 1732.972
3893.507 1006.125
9979.826 1963.425
632.310 3664.277
4905.864 1200.524
12461.330 2300.348
3371.412 7052.933
11172.403 8601.096
7370.741 12198.630
2091.700 5884.501
11546.764 8258.669
5606.246 1235.423
4766.470 11657.799
1546.194 11014.308
2310.737 8448.889
5543.446 9946.922
2796.498 1505.224
3984.072 1470.706
3084.888 1499.444
450.476 647.112
3971.878 2626.271
11937.715 64.666
166.340 3521.890
340.457 8869.782
1359.573 5579.953
9194.730 10664.670
6958.989 12457.590
12282.210 10790.926
7584.758 1942.959
10672.482 2148.795
12258.753 722.319
7540.612 693.845
11661.845 7157.674
2591.837 9355.205
8681.045 446.137
750.155 202.678
8079.652 9568.117
835.211 2054.300
3057.094 8599.957
10998.560 12385.862
1929.246 1462.521
5941.936 11400.199
2326.889 2213.909
11395.764 3268.319
11576.499 7891.163
2809.629 2617.908
5125.882 10397.352
3970.446 7991.663
3367.854 8922.748
10570.653 7590.942
1844.810 11920.463
10352.470 3465.372
1127.154 9072.597
1980.054 7238.962
11387.330 2332.931
6106.554 1317.600
5291.907 854.214
1402.400 9773.385
3344.388 2418.733
3122.722 847.701
4070.752 664.275
1657.510 4055.345
2471.054 7079.470
1458.709 6155.680
7628.028 1842.999
9951.954 12039.176
535.138 4278.751
1811.800 10946.708
287.098 6909.972
1438.124 1279.618
10592.617 484.138
406.727 3681.955
782.002 40.833
8974.172 11275.521
3968.645 8767.684
2834.023 12218.899
10090.640 22.732
12425.867 9160.822
6375.035 1756.930
9725.899 1017.948
8065.966 11109.668
11890.629 7605.438
2535.687 2352.565
1400.011 8452.478
8077.092 10738.568
3268.359 11976.215
1395.359 3799.850
5488.948 9246.703
10864.206 8207.508
1813.902 1597.864
935.404 4651.740
4909.228 2279.419
11813.232 847.523
5518.838 2016.530
8693.599 12025.080
11226.831 1957.436
6265.353 736.847
10243.566 9093.936
6567.056 761.577
3280.015 8047.324
3628.350 12040.478
2889.457 7997.725
10365.079 9868.983
1327.611 3232.258
940.283 4123.124
7574.338 10640.002
387.427 4827.628
3283.255 5135.181
4632.699 2233.999
11964.339 9731.411
9401.369 2526.983
10009.246 10793.382
10464.141 8736.043
3098.226 11397.115
11959.816 4383.119
2348.489 8163.274
11099.284 10472.280
505.351 4704.315
1844.415 1702.225
1234.801 1338.721
12172.168 7499.996
6747.168 9871.090
10681.341 1076.875
8060.459 1069.554
12209.844 7255.057
3674.351 10192.891
873.261 1461.906
2767.086 5304.888
372.770 3696.064
2233.941 1826.568
8886.564 12112.013
336.825 4546.179
11674.801 2591.674
67.857 5541.141
6079.051 2141.183
3477.730 11112.676
2724.836 11817.339
5524.945 10482.148
3773.322 9627.191
9822.818 2914.421
7915.930 12441.342
11895.813 9205.809
9837.453 8383.037
617.750 4533.409
11111.030 4065.741
11923.337 11133.667
903.565 2372.812
6694.002 9187.886
11936.222 10017.614
12293.236 6120.418
1835.638 4234.793
4034.828 10739.033
8830.098 2199.696
4182.164 3256.599
9773.136 2928.075
2656.383 8843.157
8227.291 9979.372
7811.473 2127.614
5900.762 10226.682
12065.127 638.888
10848.584 4926.875
12204.660 10967.794
1575.011 1085.840
9528.165 12197.814
354.969 3843.056
8995.341 1056.026
7388.718 11458.859
11948.158 10856.148
8.707 11666.956
12284.576 9036.426
1385.702 7715.594
896.376 4746.117
1073.575 7113.771
9595.315 11931.826
10500.842 8872.593
2866.973 8251.286
9320.828 1950.024
7851.224 1984.605
4191.895 8080.991
9926.640 3834.843
3120.955 5114.504
9497.165 10298.001
11964.762 2438.097
1513.482 1247.766
5970.306 466.529
192.106 3478.683
352.921 362.266
2556.944 1772.452
11294.967 942.995
10503.927 10004.528
1454.908 8020.387
4867.705 9248.183
3130.590 8537.280
8730.381 184.672
12158.541 9470.155
2288.378 647.570
11181.105 1881.250
1092.801 7803.855
10947.937 10384.528
4669.090 9906.476
9748.158 2869.224
5269.301 12155.968
10760.730 8387.629
3633.069 1990.132
9987.650 11866.796
3588.361 9800.533
11555.663 3153.436
10130.593 11902.945
5154.866 2090.170
9515.533 11584.955
726.612 8043.694
10068.250 3595.411
10969.920 7981.567
3137.309 427.338
2717.878 10942.124
12054.074 11913.162
1092.933 10273.880
7473.632 11921.955
11806.666 11409.474
9590.584 10927.143
1685.105 2921.658
9819.449 211.339
11599.468 3982.270
1891.723 10355.212
2554.842 3926.380
8684.327 11029.710
12101.297 2280.467
4955.298 1054.670
11844.104 10809.293
10985.924 8621.249
2382.206 1185.790
8428.201 1584.982
590.924 9457.596
2744.838 5527.877
11085.289 1467.308
4801.125 8995.635
11403.311 4788.082
12271.213 11430.127
5451.120 1763.385
2904.480 3131.541
2918.129 4146.795
4449.932 11585.899
8687.718 11213.347
6135.708 344.131
7368.443 1105.928
12257.189 7110.457
8313.672 1450.993
9936.602 3624.845
10812.196 11571.711
10217.621 3526.774
2879.103 8401.460
1253.145 11952.200
7645.616 11199.091
4481.129 8416.517
1852.909 5897.177
9602.492 12200.385
1659.168 3951.621
11194.467 458.804
11752.893 11601.260
10139.858 4236.016
5364.745 9247.250
12302.035 5608.558
2180.566 9278.905
1495.183 8970.182
1349.391 11631.242
1295.818 2541.672
12087.428 5312.087
12359.326 4117.527
132.373 8912.972
10540.278 2782.000
1485.259 8776.702
7934.795 9780.505
153.147 769.348
8809.293 9272.315
10172.853 1913.630
10790.174 4567.691
8142.291 769.780
9972.394 12334.275
3615.932 7339.356
6328.306 11425.596
3876.181 11104.508
10598.679 4868.441
364.300 4175.071
3192.163 6507.674
1559.168 988.933
650.101 8699.392
8638.921 48.261
1057.442 3643.550
10568.231 4491.893
642.919 3680.792
72.531 12275.360
5440.965 1826.873
11812.201 1247.396
11852.467 7586.860
8543.988 8782.126
12436.584 9031.146
123.429 10202.802
5516.479 10168.276
3544.149 1543.517
6042.285 1968.278
7083.943 11912.607
2166.791 3787.777
3832.785 7934.092
3847.074 2829.096
601.525 8620.052
3381.252 8476.189
648.714 653.548
216.962 460.950
2411.279 2395.497
12316.398 2784.307
11800.086 8355.412
7464.134 810.061
2636.387 11018.548
700.131 8378.596
8118.617 331.202
2728.998 6655.879
2545.161 4835.687
11464.619 2553.990
8744.590 11460.292
6004.550 10023.071
5889.216 10815.708
12436.639 10732.805
749.622 2301.825
4735.824 10013.606
9642.486 9579.748
364.853 9820.151
1095.324 11031.225
3853.984 863.327
12046.775 9186.936
2499.526 6102.887
11712.766 7352.393
1028.790 6468.557
6947.959 10396.664
12068.061 10584.587
9028.171 1789.310
7980.361 12388.967
1984.155 2955.558
1025.034 5523.840
1080.258 7216.640
1547.140 5253.006
11244.186 4577.537
757.606 3472.187
1924.044 4513.141
1317.471 10289.252
10396.365 9568.147
4086.546 11744.578
2996.940 6254.406
4230.846 10308.252
2493.006 12145.164
12446.739 5906.628
3837.432 9986.733
1123.195 6999.374
190.014 11191.594
5835.667 9324.203
1832.379 10166.818
10214.966 8309.647
5038.075 11432.866
11702.713 6947.547
11619.954 4193.172
2252.117 7258.727
8753.193 556.064
1160.830 10472.063
5088.917 351.706
10933.747 6089.177
1703.258 3252.809
11542.344 7450.744
778.703 8191.145
5392.986 9826.801
8858.651 2050.428
8686.872 1189.400
2544.467 10965.129
8415.178 1961.305
1952.088 10036.742
8793.529 11531.839
8869.802 9198.944
2354.128 30.533
9.281 11723.867
1017.796 11015.961
6796.039 10925.490
1194.207 8088.582
6184.786 1036.807
5122.555 12493.757
11561.752 4124.061
2313.496 692.083
5487.425 10205.496
3372.095 5329.587
10029.556 2342.258
6687.721 1987.430
855.536 6979.356
3806.340 9240.747
9201.341 11168.126
7751.262 10466.467
10376.371 7440.565
8478.175 9677.238
1674.022 887.375
1813.514 10147.759
586.599 5695.983
2838.882 5675.636
1125.292 9847.935
3272.619 5169.765
6303.925 9360.026
9902.288 3796.991
8916.196 9886.662
12290.679 10581.161
2926.190 7987.436
10839.950 1435.665
664.909 4067.318
8476.774 717.462
23.049 5764.592
11922.955 4029.993
2930.572 291.911
10700.036 3105.331
2402.129 5915.493
804.052 2531.256
929.766 9109.887
6952.654 11264.118
494.864 1452.743
5505.171 10654.124
2415.034 5465.473
3047.122 1984.734
597.644 11523.196
747.358 10332.854
2656.695 3728.684
11687.308 4728.251
11498.541 8185.451
10421.864 3435.783
503.662 3916.636
11765.745 1476.732
6905.642 1756.545
96.532 9147.380
1975.842 4010.864
4442.967 9284.731
6240.538 945.251
6731.780 10670.846
3249.563 3080.143
2594.675 6255.306
4533.981 9515.552
10476.329 253.565
2347.404 4915.836
9695.885 2260.601
1626.384 10449.823
4194.147 118.811
307.600 5513.155
1724.574 9250.585
1278.489 5363.836
208.754 11677.876
10897.072 6421.904
291.816 10345.323
8661.419 9319.875
4779.321 9137.443
7986.904 10758.629
2150.938 9998.430
2762.587 10124.801
4970.116 12072.455
841.072 2815.284
10891.611 8018.640
6393.826 11118.647
7985.925 1421.204
2627.314 4600.001
12423.690 3997.335
9907.812 9329.767
6125.193 12485.708
728.452 8141.087
5293.524 11976.326
5175.225 9428.339
6784.863 10168.685
2637.953 7621.147
7781.859 2231.598
1773.484 2454.170
1873.157 9305.465
1933.828 5583.159
8138.285 1033.896
2850.612 8902.432
8966.816 10970.237
715.190 6430.521
2054.863 11351.307
3594.956 7655.287
12421.374 10974.963
6859.803 10125.082
7923.082 10411.845
6382.479 1332.667
801.595 10896.429
1846.171 762.074
9715.597 7752.370
8665.519 9992.591
7233.895 11822.363
11521.021 7970.685
2383.211 6119.584
2304.492 4210.582
2672.343 2423.115
10575.624 3235.546
154.804 9847.798
532.965 8738.197
3427.124 4975.003
3813.885 730.102
1456.280 3804.543
11823.656 1285.542
4710.316 1506.241
10852.494 4508.549
1119.326 5878.092
7125.302 9865.306
2090.455 9289.157
1399.771 3965.175
8114.569 8992.184
269.075 10070.678
839.906 6911.855
808.529 8023.486
6153.530 12395.775
2796.211 9386.310
2190.333 3059.589
12233.561 4699.390
9749.196 906.054
11884.249 6531.480
7022.814 12399.290
11715.365 7045.233
11235.713 7951.917
10960.816 7085.811
8097.915 11345.890
3143.549 336.241
758.295 6878.631
255.012 1902.127
4424.394 11681.808
2289.533 409.584
1989.230 4856.781
10835.877 2333.577
18.015 8945.046
4915.430 717.664
8248.984 11750.028
12207.349 8880.186
2883.351 1570.166
3122.592 1904.276
1036.627 4179.239
1812.020 12198.469
6850.196 85.221
3927.756 9731.606
3302.681 2412.784
10490.878 7772.640
4139.731 2716.105
8780.981 8813.885
10741.422 1722.654
2578.616 156.279
3453.736 4014.853
2499.577 11968.055
3646.465 10496.820
3519.033 580.618
11213.830 8118.945
11730.569 10262.081
378.979 2950.196
2685.035 11743.063
3749.848 10210.324
4800.826 684.682
5525.609 10006.176
6181.936 1295.744
4518.933 11507.898
3509.367 9237.306
4017.078 1310.604
9768.999 2387.522
4160.279 10810.354
11959.619 79.548
1620.882 5195.033
2836.087 7768.361
1178.401 8441.012
1272.787 11665.307
10049.688 447.459
1167.419 6139.541
11004.816 2834.042
11524.678 1499.115
10747.952 1004.357
11188.299 9919.551
11801.218 9855.700
2279.678 8221.216
12444.264 3187.436
5056.109 11055.664
12093.123 8489.741
10608.025 2549.146
2624.282 4839.440
2426.721 2047.932
8064.256 12305.455
5119.492 2522.233
8648.558 10108.829
211.349 1987.009
11002.113 182.722
8961.530 386.535
8680.224 11780.393
11461.291 6491.562
6774.262 10087.828
2172.302 349.294
2558.683 10123.149
4374.031 10721.902
11970.035 2730.398
11116.010 1333.021
3572.143 8902.981
2807.671 12421.973
1783.525 6125.474
1200.463 1359.690
1995.317 1851.425
9693.283 9014.593
12305.823 3660.228
1567.902 472.338
8062.204 1530.022
2227.442 9693.872
10676.242 6559.433
1961.584 7121.017
1682.003 2071.443
9880.375 1143.986
5567.655 11461.583
7789.286 11892.149
3285.803 11413.484
11750.815 3948.355
12088.447 7325.802
1242.490 695.385
670.179 7469.479
11724.000 9411.410
1471.646 6543.743
11889.730 4728.172
9849.718 2591.079
5423.979 1908.417
2017.245 11268.837
3035.719 5851.589
8320.240 11390.657
11896.609 719.770
239.243 4965.218
10960.416 9523.986
9787.774 2950.968
3197.667 8295.726
10802.196 6498.128
2397.928 8590.354
10235.011 11179.345
7270.499 11605.387
7964.781 2031.043
10098.567 9244.448
10731.787 7863.856
9997.593 1719.155
3567.103 7127.830
11599.864 12429.065
8949.982 10423.712
5873.088 11492.086
699.089 7091.453
4855.787 10071.699
11416.740 5544.357
5059.983 9428.466
2466.170 5878.409
12435.973 6695.802
437.116 2992.401
1873.408 1248.648
9273.707 94.456
563.808 11954.282
11119.799 5171.279
10299.830 8590.754
218.734 9289.136
1733.247 7984.402
2725.173 1359.013
11183.227 5510.912
11648.619 11782.358
6814.906 9590.921
11414.978 7580.687
11681.481 4075.629
8486.005 10447.781
2642.931 12324.988
1706.226 1621.524
7255.864 12007.465
5908.222 11967.822
387.119 4767.748
11679.365 12223.420
11127.507 9172.334
12232.782 9856.451
12031.508 7479.340
7899.326 12109.886
250.643 5071.739
3131.273 5399.046
12322.066 7483.700
9882.578 9992.601
11633.402 3430.728
2380.392 532.738
3963.014 12200.550
2139.201 9042.808
1833.869 8006.925
8945.766 10869.864
10980.318 6207.251
7662.507 163.414
12096.997 3199.397
10202.807 4180.948
10927.843 911.013
1696.279 6660.617
11136.722 12274.060
10544.800 1883.671
3251.255 11756.838
2620.670 3782.931
10811.784 6905.007
12257.573 11799.694
10764.394 8212.330
971.103 3611.975
12219.658 11325.574
2536.580 225.377
