10000 80
50.0 50.0
42.479 25.254
34.09 71.202
32.554 28.14
35.428 65.083
53.47 63.524
100.0 100.0
76.328 44.936
28.783 62.866
59.935 19.547
40.256 31.317
54.851 71.385
100.0 100.0
100.0 100.0
31.786 46.99
51.808 26.981
28.855 82.414
49.595 72.316
100.0 100.0
79.74 53.296
57.533 53.386
32.626 71.02
54.374 25.867
72.876 52.966
47.759 38.495
77.348 41.231
48.749 65.466
75.071 38.665
54.893 66.77
80.809 46.644
44.891 67.771
50.718 33.751
42.058 67.633
71.749 62.665
38.479 75.615
35.674 26.953
33.68 66.423
100.0 100.0
35.589 66.429
100.0 100.0
49.553 24.731
24.053 24.505
19.153 68.651
27.94 59.041
72.948 37.006
29.536 79.494
70.665 47.505
59.477 44.639
32.612 69.038
43.206 21.125
100.0 100.0
81.888 43.996
100.0 100.0
26.771 67.883
35.504 64.727
87.742 33.502
70.025 34.657
76.878 40.83
37.515 19.937
33.352 72.533
55.308 28.652
45.021 29.918
46.915 60.976
71.472 39.304
33.615 43.756
25.871 80.941
100.0 100.0
77.346 22.201
69.314 41.492
100.0 100.0
100.0 100.0
82.051 39.868
88.461 33.597
79.808 53.796
44.622 32.476
72.927 56.821
78.508 32.228
34.473 62.537
78.396 35.997
32.967 22.865
47.841 17.615
33.518 52.826
43.0 73.717
56.773 31.818
100.0 100.0
45.771 37.59
43.399 61.853
50.463 6.622
46.68 35.816
21.706 65.19
63.312 50.003
76.722 52.167
39.201 29.454
32.917 30.283
25.886 31.242
100.0 100.0
70.469 46.205
29.209 73.633
38.052 42.471
65.755 61.307
72.789 39.052
35.417 19.626
55.775 25.94
100.0 100.0
100.0 100.0
100.0 100.0
38.751 54.122
36.227 37.307
44.338 64.143
49.18 48.287
100.0 100.0
100.0 100.0
58.585 27.254
100.0 100.0
44.522 23.973
62.413 46.915
48.43 46.714
39.217 74.04
82.543 45.623
68.508 43.392
34.577 82.619
41.568 68.958
70.985 51.443
39.291 60.294
43.345 64.534
100.0 100.0
46.321 26.416
100.0 100.0
38.979 56.438
48.392 29.208
76.735 61.676
28.918 63.91
100.0 100.0
47.779 49.365
69.361 36.024
39.552 30.182
40.874 65.934
62.641 51.069
51.54 69.618
77.954 33.347
50.445 32.054
49.862 39.623
73.119 54.664
100.0 100.0
77.545 49.721
79.882 39.614
43.733 25.817
31.312 42.49
47.048 78.322
100.0 100.0
74.432 43.672
47.612 79.939
91.233 34.23
31.893 71.472
53.308 29.329
38.172 80.414
42.194 19.394
49.034 34.234
100.0 100.0
51.208 61.562
35.658 25.41
80.931 45.704
38.959 36.385
31.551 83.433
70.833 58.262
60.703 50.059
52.942 31.35
40.914 70.743
41.63 77.208
46.153 35.81
46.745 41.348
38.951 19.577
44.349 24.911
35.1 13.921
37.944 31.773
38.836 59.317
0.837 64.717
69.012 56.46
11.264 16.981
85.722 53.799
35.14 74.507
78.826 36.499
91.687 43.849
100.0 100.0
37.182 28.497
100.0 100.0
100.0 100.0
63.108 45.163
39.141 57.889
69.81 56.719
100.0 100.0
39.711 21.951
33.537 45.185
40.556 79.591
85.937 45.363
100.0 100.0
100.0 100.0
50.186 36.109
41.571 68.601
54.539 31.321
39.158 72.851
85.25 38.13
80.955 46.546
100.0 100.0
100.0 100.0
56.682 34.466
30.279 63.693
44.54 75.738
100.0 100.0
57.777 17.04
45.455 31.506
33.222 42.298
100.0 100.0
38.531 17.547
77.003 38.987
42.514 29.348
46.37 20.963
100.0 100.0
100.0 100.0
55.54 79.274
48.385 63.543
100.0 100.0
28.921 28.343
45.86 65.083
60.646 31.857
44.626 32.093
83.303 35.672
100.0 100.0
57.219 63.421
37.936 39.129
100.0 100.0
79.254 48.75
42.595 72.221
33.679 72.737
40.543 39.657
42.519 31.134
68.157 54.149
100.0 100.0
48.527 29.798
44.549 82.66
66.967 42.146
68.662 53.068
36.388 25.549
100.0 100.0
41.017 62.216
39.298 66.148
100.0 100.0
100.0 100.0
42.055 65.178
82.842 43.164
58.85 55.684
86.75 38.534
75.352 43.205
35.088 26.937
76.198 46.188
53.921 28.863
31.805 75.912
78.344 49.455
69.769 51.011
100.0 100.0
29.655 58.938
38.511 61.096
100.0 100.0
69.775 36.577
80.931 38.41
68.684 29.49
42.419 38.56
44.42 70.384
36.606 68.581
39.789 74.216
68.633 44.442
100.0 100.0
69.965 53.436
70.316 46.928
52.657 27.936
21.096 52.599
36.08 64.87
32.424 15.941
100.0 100.0
100.0 100.0
84.816 48.886
100.0 100.0
65.102 45.964
100.0 100.0
80.484 57.971
48.453 23.433
38.011 75.846
76.155 32.884
100.0 100.0
75.965 48.602
100.0 100.0
72.066 40.39
82.118 43.291
38.633 74.706
34.805 66.669
100.0 100.0
44.296 66.117
100.0 100.0
22.228 71.809
37.917 29.883
100.0 100.0
76.151 57.417
35.701 35.385
100.0 100.0
45.368 27.561
41.848 29.227
45.806 15.731
70.938 41.014
72.966 51.312
93.124 89.443
100.0 100.0
100.0 100.0
74.857 60.306
28.595 70.529
46.642 65.818
100.0 100.0
39.638 18.149
62.657 53.091
83.58 55.054
27.393 76.229
30.235 54.477
40.442 16.762
84.2 52.983
100.0 100.0
34.193 66.604
49.066 26.88
40.408 31.962
79.3 54.435
82.814 42.921
43.013 40.899
40.453 28.037
78.115 39.962
45.989 47.812
47.683 27.58
34.045 9.428
45.187 74.822
28.06 70.024
52.949 37.167
41.938 80.276
47.647 47.417
48.39 38.84
74.658 45.985
38.341 30.553
39.279 71.504
71.777 52.319
88.015 56.768
84.142 39.881
91.708 40.44
62.711 37.126
100.0 100.0
46.136 24.594
100.0 100.0
100.0 100.0
100.0 100.0
53.318 33.645
82.862 41.803
83.386 39.07
76.223 43.682
71.537 55.746
35.931 41.085
43.186 65.805
80.116 37.284
76.68 52.039
50.255 48.583
100.0 100.0
59.458 42.78
78.11 39.77
36.219 60.758
46.439 36.948
70.358 44.756
49.321 21.346
45.295 19.152
100.0 100.0
25.028 56.9
66.281 53.828
76.467 59.735
71.921 48.485
36.171 70.848
70.961 34.296
67.152 47.947
100.0 100.0
100.0 100.0
36.893 26.673
77.557 39.47
77.936 46.705
60.357 48.159
75.192 43.806
100.0 100.0
100.0 100.0
100.0 100.0
69.494 46.7
36.554 75.602
31.771 69.483
34.401 76.915
21.617 64.077
100.0 100.0
48.272 19.131
100.0 100.0
100.0 100.0
37.924 84.105
39.742 21.634
19.324 80.59
41.321 56.532
47.47 33.662
43.496 35.359
100.0 100.0
64.586 44.118
74.894 56.639
32.783 59.211
40.491 25.899
29.893 96.165
69.42 44.381
39.378 86.744
48.72 72.599
40.093 77.837
87.973 57.537
100.0 100.0
66.092 50.231
75.378 54.652
68.242 67.955
22.989 80.217
65.357 51.772
79.1 33.637
40.595 19.227
60.644 56.04
100.0 100.0
47.336 29.897
35.843 28.061
55.614 29.101
44.583 69.145
72.701 57.681
66.644 54.863
37.331 26.3
84.103 53.088
31.388 69.729
40.271 26.493
49.461 38.433
72.572 37.077
100.0 100.0
100.0 100.0
28.775 28.267
60.705 38.166
52.114 52.934
41.715 58.406
54.381 66.641
38.43 29.795
100.0 100.0
64.289 47.47
44.829 20.208
27.9 31.269
45.951 68.294
32.362 64.391
100.0 100.0
35.059 12.627
75.064 44.701
49.741 53.216
41.832 44.609
63.577 40.8
35.857 69.29
72.967 31.596
35.77 48.978
100.0 100.0
74.553 48.268
45.156 19.319
35.055 83.523
58.506 31.992
71.978 45.142
45.336 19.473
54.999 49.073
42.157 76.974
36.108 20.789
56.66 33.563
100.0 100.0
77.078 44.728
40.693 71.513
100.0 100.0
36.457 26.081
52.275 26.894
73.964 49.087
74.422 40.692
60.776 58.003
38.388 41.754
52.551 31.313
30.777 12.191
39.279 71.823
76.209 54.001
82.461 45.32
79.256 51.221
38.174 84.164
70.06 63.066
50.103 37.638
34.11 64.392
44.016 20.784
72.77 46.75
41.828 72.722
40.995 25.905
27.885 71.06
100.0 100.0
100.0 100.0
100.0 100.0
80.387 38.699
50.576 81.348
69.089 36.034
30.174 26.727
100.0 100.0
71.019 47.4
33.043 70.754
40.098 39.829
68.298 32.798
31.657 30.744
34.89 78.281
83.315 48.049
42.132 71.595
73.319 41.295
33.669 23.044
53.201 34.523
40.191 34.779
34.396 70.919
75.331 39.834
84.281 54.736
45.22 69.606
29.799 73.092
100.0 100.0
36.626 64.913
39.281 20.697
45.183 75.823
68.691 61.342
94.274 36.917
46.973 76.758
42.283 29.188
48.663 55.864
49.847 22.806
87.173 43.043
66.689 48.827
52.889 30.113
45.248 63.129
31.154 59.778
100.0 100.0
33.998 20.388
72.744 51.569
55.32 31.71
35.059 30.201
40.399 24.045
81.532 59.295
71.518 67.97
58.619 65.76
50.887 74.924
75.106 54.491
45.884 27.853
100.0 100.0
22.613 68.727
29.096 88.719
37.304 60.451
47.254 39.584
40.466 70.15
74.838 67.257
32.863 70.617
38.217 38.256
24.618 77.131
36.118 59.214
49.539 74.217
37.843 31.877
100.0 100.0
59.784 28.798
41.606 29.168
82.591 49.224
36.573 36.779
53.935 24.214
71.306 46.47
71.799 50.583
76.744 47.574
21.907 62.62
100.0 100.0
100.0 100.0
75.541 53.987
31.919 69.826
40.89 30.377
48.506 39.461
33.151 26.258
100.0 100.0
40.906 58.222
32.618 64.138
32.797 68.038
35.018 70.818
77.715 42.869
81.222 48.149
8.491 11.622
100.0 100.0
72.043 55.808
36.356 40.18
100.0 100.0
44.875 34.192
37.33 16.283
37.264 31.76
45.743 40.453
37.85 72.422
80.876 55.775
33.129 75.54
39.939 64.103
77.864 35.254
100.0 100.0
100.0 100.0
100.0 100.0
76.056 62.031
41.797 37.113
60.802 43.334
45.487 73.755
68.028 47.816
34.175 80.427
100.0 100.0
71.989 41.244
100.0 100.0
100.0 100.0
80.017 43.9
51.605 15.727
100.0 100.0
31.524 30.73
30.322 27.112
81.056 35.701
77.354 49.836
100.0 100.0
24.451 92.462
65.36 44.973
74.729 42.339
76.934 50.556
53.733 33.774
49.238 48.843
21.515 60.677
45.907 72.668
51.975 39.887
100.0 100.0
38.259 25.009
68.198 56.373
41.435 40.832
41.16 25.668
26.173 79.885
52.632 63.014
100.0 100.0
100.0 100.0
60.373 48.797
73.41 42.451
47.025 33.785
81.731 53.008
38.126 44.664
77.365 49.062
29.021 65.504
80.789 50.066
74.218 47.455
61.553 27.759
76.04 48.077
53.99 43.954
100.0 100.0
82.069 52.579
50.926 34.067
32.205 15.595
46.765 80.884
93.941 48.986
42.221 36.952
33.724 76.819
100.0 100.0
100.0 100.0
82.007 42.174
100.0 100.0
100.0 100.0
75.771 48.932
39.732 25.132
46.32 28.149
50.817 41.082
38.513 17.259
37.362 43.853
35.094 71.048
42.717 27.489
41.242 36.068
70.494 50.001
33.804 73.936
40.188 37.262
29.321 65.723
57.726 41.325
45.745 19.897
75.312 61.941
45.101 38.077
50.415 53.079
100.0 100.0
74.252 45.244
33.072 47.394
31.108 69.323
100.0 100.0
51.485 24.921
90.216 34.517
34.848 73.253
52.164 47.344
35.736 26.629
100.0 100.0
100.0 100.0
100.0 100.0
100.0 100.0
76.821 47.168
39.92 83.331
26.977 61.938
35.91 77.066
100.0 100.0
29.299 65.027
43.223 73.08
60.683 48.162
39.737 73.407
77.778 43.088
100.0 100.0
35.22 67.148
65.807 53.691
33.307 56.16
34.087 42.929
100.0 100.0
37.462 76.773
100.0 100.0
100.0 100.0
32.557 60.401
36.184 65.433
46.124 67.371
27.917 67.189
60.644 63.647
44.547 67.237
76.033 37.251
100.0 100.0
100.0 100.0
68.805 53.051
37.163 51.144
35.728 64.225
40.76 61.951
75.899 27.278
36.554 63.747
74.783 63.365
39.248 26.557
100.0 100.0
100.0 100.0
36.932 23.045
42.345 40.687
40.157 34.636
42.455 58.553
46.994 67.372
38.398 29.884
30.172 63.914
73.518 60.656
36.39 26.674
43.818 26.404
89.694 59.669
84.36 52.804
42.184 77.817
23.214 66.283
100.0 100.0
43.587 38.014
100.0 100.0
63.153 36.857
100.0 100.0
33.955 76.11
47.025 29.342
81.816 45.075
33.897 67.068
78.671 44.208
25.663 19.606
74.367 44.766
71.494 48.758
34.845 32.333
40.64 30.516
59.937 47.134
72.09 28.81
54.153 58.164
59.456 35.319
70.01 44.586
58.551 31.442
39.422 30.076
47.923 33.765
85.088 47.673
75.614 51.263
81.801 59.038
47.951 33.567
83.378 61.046
100.0 100.0
47.8 40.344
100.0 100.0
34.367 65.009
33.884 69.11
45.48 62.272
77.948 42.477
100.0 100.0
39.21 67.386
73.56 37.879
30.787 67.551
100.0 100.0
100.0 100.0
74.066 48.926
88.285 38.978
35.036 34.102
100.0 100.0
83.134 43.606
100.0 100.0
100.0 100.0
68.182 38.61
28.254 63.815
46.481 27.076
43.362 70.253
68.245 47.516
37.708 30.534
78.483 49.643
85.044 51.37
26.802 70.575
82.46 50.912
40.489 65.382
100.0 100.0
38.81 71.398
31.053 72.901
30.843 65.479
100.0 100.0
20.523 65.169
39.523 31.586
100.0 100.0
72.949 51.952
73.337 28.908
44.531 25.703
76.891 52.541
100.0 100.0
33.631 58.948
66.844 45.541
33.467 59.634
35.053 23.592
46.905 42.619
34.049 66.263
39.564 75.197
47.284 38.389
100.0 100.0
45.794 62.072
23.718 63.719
72.212 54.666
40.199 33.045
100.0 100.0
38.069 15.23
67.667 40.069
35.717 72.836
73.439 55.149
68.089 51.949
37.291 41.894
41.273 69.706
44.084 86.736
34.529 66.469
45.072 30.429
2.501 83.642
49.974 66.968
39.907 31.403
87.184 42.865
38.455 21.299
38.76 75.151
34.643 67.19
49.885 30.489
36.971 70.256
42.737 15.955
66.658 60.101
44.21 73.079
43.167 26.769
48.589 21.862
100.0 100.0
79.326 34.529
50.946 27.16
88.673 28.958
43.723 21.486
46.37 31.096
100.0 100.0
100.0 100.0
64.013 59.79
71.471 49.06
100.0 100.0
35.535 64.283
36.699 68.299
72.365 52.389
100.0 100.0
74.779 33.023
59.623 26.245
100.0 100.0
69.824 41.223
63.685 59.045
39.155 61.83
35.739 29.67
80.333 41.236
40.151 64.683
31.841 61.889
48.98 61.843
100.0 100.0
100.0 100.0
39.634 69.726
27.667 58.964
70.239 38.931
29.398 76.63
79.648 62.17
84.608 40.844
26.077 57.61
51.384 34.326
47.352 31.835
100.0 100.0
40.382 72.983
27.136 63.723
45.248 29.513
100.0 100.0
27.396 67.772
42.4 75.415
51.961 82.861
46.915 16.515
31.176 89.79
37.805 30.319
39.736 65.503
100.0 100.0
40.572 66.98
66.849 39.088
15.748 62.707
100.0 100.0
53.719 41.318
45.798 26.525
100.0 100.0
78.475 42.449
100.0 100.0
100.0 100.0
100.0 100.0
28.561 71.87
73.506 39.966
100.0 100.0
43.229 64.246
37.772 32.73
27.556 65.998
86.102 67.435
100.0 100.0
34.527 76.228
36.627 34.227
49.891 42.849
28.691 69.439
75.77 44.852
45.055 30.213
43.567 35.911
100.0 100.0
100.0 100.0
82.149 53.383
34.929 21.639
34.677 78.587
41.663 17.401
100.0 100.0
32.136 63.284
48.342 67.806
35.868 78.162
74.307 48.032
87.312 54.388
53.125 29.491
42.101 31.658
100.0 100.0
100.0 100.0
100.0 100.0
100.0 100.0
44.15 27.503
47.174 38.523
42.788 41.835
48.383 62.051
47.848 25.094
48.293 28.642
19.587 66.896
47.947 33.609
26.747 68.317
45.426 17.59
43.373 14.319
100.0 100.0
100.0 100.0
100.0 100.0
68.449 50.551
100.0 100.0
34.174 40.575
75.444 51.341
100.0 100.0
49.678 66.509
68.834 48.766
53.557 18.955
26.808 76.994
48.113 28.622
73.16 57.905
45.331 25.012
100.0 100.0
81.977 45.543
48.614 70.181
35.302 35.19
87.932 48.028
100.0 100.0
30.316 66.544
70.542 44.785
100.0 100.0
50.678 74.085
50.57 10.782
84.13 69.055
59.408 40.36
46.228 63.439
42.049 39.511
30.416 59.119
47.909 25.969
43.285 30.533
32.098 39.946
55.582 35.154
39.755 58.798
36.608 78.464
45.337 27.145
57.731 38.818
100.0 100.0
80.661 51.48
42.584 29.856
59.121 27.952
100.0 100.0
100.0 100.0
42.16 22.499
57.874 35.747
47.954 61.161
48.361 62.878
100.0 100.0
29.808 65.188
46.867 42.794
66.723 47.345
100.0 100.0
42.168 64.708
36.232 58.887
80.212 59.028
37.413 30.687
44.304 22.387
46.374 54.269
46.725 32.148
44.803 25.265
68.28 42.518
100.0 100.0
72.728 35.39
59.725 51.778
40.808 61.754
44.967 53.323
44.103 45.888
100.0 100.0
100.0 100.0
44.906 70.97
28.332 72.658
44.944 55.773
29.454 19.877
100.0 100.0
47.149 27.314
100.0 100.0
37.338 40.39
100.0 100.0
70.906 47.975
45.801 22.561
70.701 50.864
100.0 100.0
69.85 46.385
74.945 48.6
23.71 78.345
50.903 45.647
35.329 63.555
49.02 80.404
41.694 36.623
100.0 100.0
43.606 26.91
31.143 64.347
47.657 47.731
38.446 35.702
22.873 75.663
80.995 41.228
100.0 100.0
35.294 68.794
36.097 41.706
38.404 71.115
75.432 39.75
37.245 69.147
36.223 74.609
100.0 100.0
100.0 100.0
45.451 78.349
78.84 44.087
36.39 31.869
79.116 46.017
26.955 72.596
67.411 53.699
82.05 52.093
100.0 100.0
65.543 53.56
28.475 64.017
44.598 32.403
56.595 27.917
48.222 29.594
70.72 44.679
85.735 43.172
37.849 76.524
56.255 25.991
35.866 32.917
80.403 44.018
59.301 45.631
42.076 83.13
100.0 100.0
45.417 65.72
26.383 54.486
100.0 100.0
48.093 52.297
100.0 100.0
100.0 100.0
100.0 100.0
85.957 48.121
100.0 100.0
100.0 100.0
44.015 21.604
89.834 36.565
38.073 26.556
88.094 68.997
60.926 32.693
50.389 28.125
62.765 43.803
48.688 29.894
100.0 100.0
100.0 100.0
100.0 100.0
100.0 100.0
38.843 59.248
100.0 100.0
44.191 27.732
47.385 22.51
33.031 58.383
61.368 67.122
38.257 70.558
57.891 27.4
26.228 77.56
44.366 41.151
100.0 100.0
100.0 100.0
69.639 11.254
45.418 25.788
81.853 42.12
81.633 40.427
45.078 64.643
24.832 72.288
40.068 55.804
30.824 28.922
49.276 67.942
64.188 64.934
47.762 80.293
72.238 49.886
50.076 6.758
100.0 100.0
100.0 100.0
52.94 22.559
67.79 39.344
55.716 24.297
43.428 63.189
25.37 73.898
70.638 49.785
33.703 21.08
42.099 60.164
26.483 64.305
38.3 36.195
33.688 43.598
100.0 100.0
91.329 54.365
42.455 29.517
100.0 100.0
38.682 68.338
21.685 52.972
61.208 45.951
46.551 23.457
50.583 78.839
33.922 37.59
28.759 61.47
100.0 100.0
100.0 100.0
55.747 43.497
23.807 26.027
26.016 82.247
37.874 29.444
66.012 54.867
81.45 51.37
31.509 61.058
51.615 23.79
39.725 67.976
51.713 63.666
46.543 27.409
14.383 75.578
70.264 53.405
51.158 20.117
83.068 99.753
29.38 74.032
100.0 100.0
32.956 63.219
43.446 65.712
31.055 70.836
40.631 22.546
100.0 100.0
85.922 48.737
91.559 60.838
40.506 31.167
38.726 67.052
100.0 100.0
39.018 33.392
39.001 30.29
65.052 49.312
78.888 40.568
82.725 36.253
29.351 75.426
76.792 32.086
100.0 100.0
28.381 70.816
67.93 39.663
38.508 71.635
35.138 59.927
80.193 48.513
47.034 25.724
82.702 51.213
38.317 29.845
72.762 41.087
47.166 41.141
38.883 25.602
73.866 49.605
40.319 29.619
48.325 35.944
70.418 49.276
79.297 39.247
82.375 40.541
32.451 43.725
100.0 100.0
100.0 100.0
61.686 31.755
100.0 100.0
41.042 70.325
100.0 100.0
100.0 100.0
30.722 68.787
36.159 15.673
32.674 29.405
34.139 20.907
0.063 37.71
73.744 38.242
44.673 35.244
100.0 100.0
74.554 50.095
82.282 38.538
78.467 41.811
86.925 42.767
31.306 71.478
35.002 75.449
41.879 23.017
86.988 55.129
38.781 23.734
40.622 78.319
39.135 71.926
45.461 31.225
67.44 50.105
75.612 45.139
42.874 24.674
51.368 45.952
40.164 34.482
75.055 47.062
56.982 56.217
39.827 32.684
29.041 60.732
46.129 78.877
77.151 47.493
58.201 30.763
43.766 27.223
37.027 73.622
37.076 19.711
100.0 100.0
47.664 71.091
78.833 39.602
33.744 59.598
48.793 22.647
34.841 69.409
100.0 100.0
39.262 38.208
32.481 70.433
85.314 42.442
44.185 64.21
48.014 28.01
75.519 67.989
43.063 24.959
83.054 51.988
57.571 36.024
57.096 23.674
100.0 100.0
37.78 16.502
70.904 48.408
74.219 45.243
43.602 14.522
100.0 100.0
49.544 41.264
45.963 23.4
26.532 51.59
45.288 24.317
48.786 40.68
53.16 39.296
37.295 53.152
32.365 74.317
36.526 26.563
100.0 100.0
32.543 27.697
45.275 28.53
54.552 32.817
29.737 66.869
100.0 100.0
60.83 50.464
44.342 57.728
80.153 39.661
40.682 40.236
67.927 60.065
50.764 29.29
44.516 44.831
28.073 62.551
52.736 63.415
30.529 67.731
100.0 100.0
72.65 59.641
41.658 78.253
84.696 42.232
13.819 70.553
100.0 100.0
59.616 45.049
31.91 64.877
100.0 100.0
31.08 36.843
33.881 73.832
83.285 49.669
50.829 21.217
43.99 82.104
43.542 68.848
71.205 56.179
76.504 51.384
100.0 100.0
71.591 28.447
26.72 24.078
73.527 45.134
100.0 100.0
100.0 100.0
46.634 80.397
100.0 100.0
61.596 31.878
49.269 15.147
75.197 41.813
80.07 38.009
38.873 84.61
32.621 28.772
42.793 34.749
70.27 55.151
33.746 65.804
100.0 100.0
47.898 31.249
83.173 33.157
100.0 100.0
71.892 54.221
100.0 100.0
73.509 55.418
42.151 22.137
72.535 47.586
75.87 66.046
100.0 100.0
45.959 34.952
100.0 100.0
36.09 32.328
48.039 23.562
100.0 100.0
79.417 33.16
36.244 72.451
35.771 66.832
47.799 54.092
80.925 41.405
81.895 48.606
75.079 60.304
72.308 44.667
49.013 16.121
72.43 49.703
45.28 30.189
42.264 69.901
40.609 55.925
68.098 41.457
67.119 49.121
82.954 34.101
65.137 49.26
35.675 57.886
100.0 100.0
24.838 69.216
30.822 60.107
76.201 38.577
81.219 40.082
100.0 100.0
54.859 37.968
83.844 42.311
24.599 66.299
25.096 81.331
75.549 48.64
35.42 71.009
27.727 56.436
62.927 56.623
36.399 80.867
69.689 43.342
77.317 42.62
42.631 38.592
100.0 100.0
42.769 60.473
38.868 77.519
100.0 100.0
46.24 64.301
34.0 66.157
26.864 63.759
100.0 100.0
18.935 75.173
35.388 65.859
20.035 62.607
64.062 49.781
45.156 20.639
46.337 58.293
52.637 24.657
75.123 49.95
79.301 50.226
32.198 18.556
42.996 36.327
49.182 62.047
69.484 55.141
100.0 100.0
35.41 66.849
52.245 42.24
47.688 66.787
100.0 100.0
38.852 32.366
63.616 57.738
61.077 34.092
47.772 30.262
36.843 70.489
58.266 33.19
26.5 75.325
92.768 57.695
100.0 100.0
36.607 23.15
73.644 52.38
69.654 53.506
46.493 26.752
100.0 100.0
61.032 30.395
47.356 21.797
100.0 100.0
100.0 100.0
100.0 100.0
37.637 28.812
78.611 54.452
46.339 70.658
57.837 40.653
34.477 37.584
37.572 69.274
35.131 74.253
71.899 31.894
42.609 73.083
25.974 64.951
37.754 38.695
43.169 35.286
100.0 100.0
70.839 30.299
59.665 25.213
79.662 41.809
81.501 31.134
77.817 56.79
63.336 40.562
69.788 48.365
31.837 74.28
69.128 57.4
73.441 61.093
30.402 71.274
59.472 20.973
83.528 41.366
68.493 58.049
100.0 100.0
100.0 100.0
47.983 42.444
76.094 53.534
66.178 54.14
73.21 38.625
35.501 78.096
100.0 100.0
43.655 65.118
29.324 28.619
47.453 63.938
100.0 100.0
100.0 100.0
74.67 45.227
50.11 40.801
80.464 55.398
100.0 100.0
29.958 90.436
78.287 8.365
80.871 51.335
83.41 48.034
71.201 47.9
100.0 100.0
100.0 100.0
28.77 36.25
100.0 100.0
100.0 100.0
100.0 100.0
43.506 74.369
81.172 46.704
79.116 42.259
45.244 12.941
38.608 21.171
30.674 46.307
86.736 44.777
100.0 100.0
100.0 100.0
34.72 68.118
52.459 36.569
100.0 100.0
100.0 100.0
27.164 78.813
82.322 57.581
64.912 50.053
25.6 80.843
47.192 55.719
100.0 100.0
100.0 100.0
34.355 73.883
30.719 24.157
51.831 63.261
49.479 33.636
24.131 73.721
73.981 40.097
100.0 100.0
100.0 100.0
68.952 56.302
76.84 51.81
38.202 69.165
100.0 100.0
100.0 100.0
42.969 26.497
77.739 46.174
100.0 100.0
100.0 100.0
100.0 100.0
61.284 43.614
44.489 36.34
38.003 75.926
74.643 42.209
100.0 100.0
47.587 61.228
66.172 47.577
51.671 23.09
82.385 46.083
68.896 47.373
65.172 38.186
70.882 35.806
43.256 74.568
63.087 47.318
41.044 28.263
44.857 23.81
100.0 100.0
75.773 44.701
100.0 100.0
100.0 100.0
77.124 44.394
72.339 47.467
56.715 35.896
46.396 35.437
30.705 58.311
100.0 100.0
81.769 40.979
38.249 69.382
100.0 100.0
50.311 43.51
47.565 70.308
72.618 57.976
71.235 34.774
35.412 72.235
38.076 63.276
58.395 27.103
100.0 100.0
100.0 100.0
59.202 33.087
36.998 79.433
37.106 74.978
72.273 48.342
100.0 100.0
41.232 79.364
77.811 41.443
44.116 24.32
37.983 60.229
33.323 31.598
37.365 58.75
46.347 29.499
70.933 54.523
37.065 55.187
31.064 73.348
78.625 51.875
100.0 100.0
51.718 60.413
50.416 25.471
33.118 71.736
75.301 45.103
88.254 58.278
100.0 100.0
84.149 48.034
77.217 50.855
41.513 60.053
37.695 25.796
38.776 26.662
65.436 53.851
57.815 25.248
35.892 25.445
73.427 43.381
93.345 53.065
37.259 62.968
43.745 24.448
77.877 44.16
35.285 28.943
77.935 46.746
43.011 35.372
68.157 45.861
100.0 100.0
48.043 61.366
38.234 30.001
77.833 61.103
87.113 35.822
68.282 47.858
100.0 100.0
44.867 32.83
39.597 80.779
74.922 56.729
74.48 51.289
29.327 56.586
75.09 40.702
74.028 54.302
37.364 62.46
100.0 100.0
49.55 74.011
48.088 18.32
78.365 45.382
72.282 50.854
100.0 100.0
38.525 67.78
58.491 31.894
100.0 100.0
22.276 35.032
90.582 53.312
51.674 20.624
71.646 49.243
66.722 46.411
80.002 52.026
85.213 52.341
33.697 23.272
100.0 100.0
48.463 78.729
36.37 74.522
54.297 48.849
100.0 100.0
36.528 75.051
32.441 74.925
100.0 100.0
100.0 100.0
78.808 45.58
45.774 68.495
43.156 64.628
72.294 36.63
34.494 69.776
28.452 71.19
34.206 29.434
52.189 22.959
17.969 63.146
65.018 37.123
73.552 49.792
22.567 61.159
38.941 24.371
40.463 35.863
100.0 100.0
100.0 100.0
75.512 46.707
32.698 64.53
51.769 33.035
32.872 73.223
60.411 18.344
35.555 80.286
46.349 71.387
76.684 63.091
26.928 78.557
71.415 47.115
42.918 66.117
45.854 71.627
40.769 67.11
35.444 36.077
100.0 100.0
84.814 50.893
100.0 100.0
34.261 68.55
76.267 48.369
45.192 65.556
59.885 33.822
45.819 79.5
100.0 100.0
64.97 29.919
87.202 51.791
50.705 71.603
100.0 100.0
52.205 32.214
47.703 35.548
100.0 100.0
58.588 63.281
42.277 36.916
100.0 100.0
33.938 17.388
34.781 71.243
100.0 100.0
54.521 28.643
100.0 100.0
100.0 100.0
42.789 28.437
56.54 25.241
45.414 26.16
78.982 46.886
76.825 46.702
100.0 100.0
40.178 22.787
36.84 38.647
75.176 52.514
75.719 67.03
40.907 15.886
80.43 41.481
39.425 62.591
42.379 67.153
58.718 39.12
11.711 23.629
77.044 36.107
79.537 46.543
26.554 47.558
29.294 80.109
100.0 100.0
81.969 55.977
80.111 48.394
100.0 100.0
76.729 37.229
100.0 100.0
66.156 55.552
42.939 29.962
68.21 37.483
44.912 30.085
23.448 55.681
32.371 61.131
67.113 55.742
77.805 40.803
100.0 100.0
100.0 100.0
69.162 58.826
100.0 100.0
100.0 100.0
24.952 80.994
31.509 71.543
47.455 30.361
100.0 100.0
49.462 23.077
100.0 100.0
100.0 100.0
29.792 66.857
82.055 56.125
78.691 56.918
26.739 38.089
49.974 34.663
68.827 40.94
72.471 39.668
77.97 49.83
71.214 51.775
58.203 29.044
35.521 67.291
92.386 46.996
49.843 31.641
36.451 70.027
45.665 62.535
66.795 46.775
70.493 43.959
87.131 38.96
43.206 20.934
37.978 65.048
100.0 100.0
64.098 45.625
31.93 37.282
80.228 43.978
100.0 100.0
50.422 44.149
51.41 36.013
43.165 32.431
41.092 32.951
29.755 61.613
45.432 15.336
32.833 65.308
85.149 44.878
75.17 47.525
81.789 48.372
29.458 61.412
100.0 100.0
49.909 63.814
68.363 23.635
41.784 78.57
46.852 25.07
100.0 100.0
33.472 54.446
78.669 58.122
37.588 41.727
69.214 30.988
35.528 47.114
46.123 27.654
51.0 26.814
49.197 34.108
63.138 44.496
100.0 100.0
100.0 100.0
68.113 38.319
42.136 73.771
58.605 62.426
66.545 45.56
80.852 51.016
71.327 52.257
72.167 41.261
46.781 44.515
100.0 100.0
47.762 66.59
47.444 23.416
42.776 33.186
35.801 62.3
63.285 35.874
43.403 75.219
100.0 100.0
29.151 70.579
45.209 33.71
35.864 76.162
51.551 29.696
51.763 29.616
100.0 100.0
39.843 24.808
91.65 58.38
70.143 57.5
47.656 21.767
79.724 53.017
46.598 54.777
29.62 72.312
31.486 33.542
63.294 40.606
46.091 52.208
37.098 18.619
81.259 41.237
29.196 76.693
72.213 45.244
34.539 72.792
48.892 30.179
91.194 52.542
49.12 64.937
21.87 59.216
45.328 32.481
77.597 33.364
100.0 100.0
34.316 34.491
46.925 28.782
69.098 45.141
45.101 76.857
100.0 100.0
45.583 73.356
62.442 43.41
32.773 30.8
36.928 66.998
34.812 60.377
69.359 51.965
51.597 29.876
100.0 100.0
73.199 67.612
68.606 57.484
100.0 100.0
100.0 100.0
76.27 37.31
50.578 66.951
41.45 68.041
51.636 20.199
45.102 58.735
49.052 23.662
36.295 18.328
52.159 29.607
75.076 44.334
100.0 100.0
30.645 64.484
100.0 100.0
40.034 59.907
43.798 75.189
47.144 68.873
42.975 63.751
43.957 71.728
31.711 64.608
45.167 22.278
63.268 51.28
73.451 49.52
56.814 31.481
40.999 81.511
35.151 65.465
37.255 58.068
30.486 64.083
100.0 100.0
48.038 68.41
37.378 58.172
68.758 46.374
74.295 54.835
100.0 100.0
70.443 52.248
40.554 24.613
58.177 23.292
38.606 90.711
24.009 62.356
68.228 39.876
78.97 35.566
100.0 100.0
56.0 35.052
41.625 43.744
100.0 100.0
100.0 100.0
41.094 71.856
30.186 77.731
49.302 32.959
100.0 100.0
26.56 78.909
84.173 53.084
45.441 30.525
45.618 23.491
63.966 53.071
29.866 74.756
51.955 21.007
72.82 67.037
35.025 73.831
100.0 100.0
58.81 10.836
100.0 100.0
100.0 100.0
19.509 61.825
34.986 75.995
100.0 100.0
39.624 66.28
85.342 51.127
84.329 32.237
69.351 40.934
64.281 48.556
29.426 31.055
42.117 43.338
31.495 69.143
71.507 58.631
91.523 43.333
84.048 54.068
39.083 29.85
42.178 22.588
47.062 72.756
72.686 63.115
95.287 51.159
64.748 56.913
39.669 20.666
28.548 33.53
100.0 100.0
26.864 62.694
82.505 56.593
28.61 88.142
47.175 76.013
100.0 100.0
76.599 60.244
45.386 69.41
54.619 41.196
75.186 48.566
100.0 100.0
43.986 30.578
44.743 36.182
36.681 62.098
81.312 34.952
100.0 100.0
70.945 46.838
34.438 66.433
47.04 37.003
100.0 100.0
75.271 42.268
100.0 100.0
37.413 64.909
88.462 50.591
100.0 100.0
67.013 49.774
80.975 49.6
100.0 100.0
37.591 70.432
40.925 34.35
41.685 33.538
100.0 100.0
75.357 38.658
86.665 34.726
66.711 49.677
52.786 25.481
70.615 54.199
78.041 41.124
100.0 100.0
100.0 100.0
38.542 59.565
41.599 65.192
61.788 43.005
44.798 70.552
100.0 100.0
44.214 30.306
100.0 100.0
77.752 43.949
100.0 100.0
32.939 78.037
69.329 37.135
100.0 100.0
100.0 100.0
90.598 52.518
100.0 100.0
38.546 55.792
35.283 63.513
87.927 2.271
72.467 42.394
36.283 20.912
67.551 45.213
42.481 29.642
100.0 100.0
39.923 58.434
45.021 72.797
75.11 41.83
50.192 51.525
32.442 69.223
25.594 65.888
69.364 42.698
82.912 43.642
43.731 31.488
100.0 100.0
85.235 53.111
52.508 59.871
100.0 100.0
59.033 23.112
100.0 100.0
42.951 28.997
43.061 26.748
46.409 14.917
47.51 37.764
100.0 100.0
37.772 25.905
77.626 42.145
75.987 35.563
79.219 44.865
49.941 27.381
100.0 100.0
33.902 78.667
74.786 40.255
100.0 100.0
22.791 64.718
43.902 19.443
53.7 37.132
35.222 76.508
48.994 38.08
66.937 62.187
39.516 70.037
18.691 73.645
36.455 78.04
74.129 49.024
47.829 30.458
39.789 48.287
59.839 43.117
28.434 60.991
65.602 61.926
68.058 42.965
100.0 100.0
100.0 100.0
100.0 100.0
44.418 65.756
84.607 54.5
37.694 71.159
33.249 71.221
100.0 100.0
48.816 36.106
33.135 74.567
86.759 47.361
42.649 20.55
50.758 41.797
100.0 100.0
76.215 50.494
86.213 55.11
44.371 40.802
35.583 78.436
66.32 55.779
98.289 68.687
100.0 100.0
72.23 53.576
28.775 65.477
76.238 49.536
37.463 68.586
43.814 28.167
30.001 74.505
26.811 65.87
100.0 100.0
41.052 18.192
48.955 30.117
72.507 45.687
27.496 83.34
34.211 35.933
45.102 70.79
35.027 71.348
100.0 100.0
27.652 60.267
42.497 62.616
75.168 54.535
47.909 70.019
25.643 64.691
83.901 59.141
45.41 61.043
100.0 100.0
42.287 71.978
75.5 45.784
41.365 64.035
100.0 100.0
51.107 23.949
42.325 58.737
81.637 56.719
62.275 47.979
86.185 61.737
100.0 100.0
34.209 33.43
78.769 39.677
32.003 67.611
87.155 45.303
75.713 35.883
36.149 80.256
100.0 100.0
35.384 63.261
81.767 33.01
79.737 44.34
47.206 46.893
41.633 22.415
100.0 100.0
100.0 100.0
38.681 22.564
100.0 100.0
26.865 71.231
87.372 44.058
100.0 100.0
100.0 100.0
28.216 22.194
24.56 75.176
100.0 100.0
73.33 49.975
24.138 59.924
36.99 67.021
56.884 63.11
39.089 64.437
42.41 37.697
52.048 42.355
49.793 78.41
45.976 22.891
30.627 67.131
25.905 73.051
100.0 100.0
77.166 32.671
28.689 17.768
81.424 54.466
100.0 100.0
100.0 100.0
33.096 60.81
42.318 30.827
68.734 46.901
52.273 27.336
39.83 79.004
100.0 100.0
36.822 74.094
100.0 100.0
100.0 100.0
74.9 28.97
66.432 36.086
100.0 100.0
44.968 71.852
65.523 51.227
83.268 49.498
40.105 68.464
32.069 69.093
49.155 56.017
86.088 64.368
33.589 60.255
33.069 73.336
39.154 34.042
100.0 100.0
36.595 72.556
100.0 100.0
100.0 100.0
76.311 33.895
76.156 48.028
73.934 47.363
34.873 68.192
61.763 33.157
40.192 61.735
100.0 100.0
100.0 100.0
84.233 52.836
17.711 84.424
100.0 100.0
46.667 12.698
47.721 33.792
100.0 100.0
71.081 40.772
72.04 46.792
80.093 52.812
46.286 23.286
43.312 30.797
72.981 46.723
1.161 89.554
26.121 84.043
42.421 64.944
100.0 100.0
81.185 40.579
45.547 22.706
100.0 100.0
36.06 17.132
100.0 100.0
25.939 64.991
38.687 28.223
100.0 100.0
34.898 80.893
44.561 65.038
100.0 100.0
70.454 53.428
53.348 25.309
29.078 68.768
39.483 69.327
62.149 40.155
34.89 61.5
34.588 61.242
13.238 82.495
26.246 73.186
95.356 40.866
29.899 58.999
32.17 50.226
77.494 53.835
39.674 70.096
41.149 71.519
79.842 48.032
69.414 46.751
55.784 23.114
36.435 63.649
100.0 100.0
47.015 62.044
51.434 56.181
42.169 78.983
27.665 77.506
59.131 38.228
100.0 100.0
72.551 38.717
51.614 37.702
36.905 30.382
34.015 77.276
100.0 100.0
44.784 42.853
71.261 27.683
33.723 74.566
75.878 44.418
100.0 100.0
61.555 40.35
100.0 100.0
100.0 100.0
34.953 18.206
40.082 78.149
39.258 41.693
53.626 29.941
100.0 100.0
42.356 67.127
19.873 72.185
41.697 40.017
32.807 74.75
31.897 77.522
77.81 50.791
76.772 56.28
77.69 50.262
39.734 30.747
46.318 66.538
100.0 100.0
79.247 51.928
48.505 17.735
100.0 100.0
51.181 41.838
42.33 82.817
41.143 70.635
36.581 40.636
85.853 46.417
70.254 44.031
37.608 80.374
100.0 100.0
58.597 41.365
35.248 23.724
100.0 100.0
38.81 36.851
37.812 27.251
100.0 100.0
69.398 27.232
65.328 49.214
33.938 68.407
38.194 38.654
49.844 66.173
36.816 70.054
36.999 25.376
37.382 38.336
58.918 41.736
81.507 39.39
81.604 43.465
100.0 100.0
47.855 31.674
68.635 52.066
100.0 100.0
100.0 100.0
79.572 62.779
79.976 50.919
38.456 65.634
74.29 39.486
100.0 100.0
92.522 57.522
38.861 67.769
100.0 100.0
30.183 73.324
100.0 100.0
48.927 38.253
45.521 68.408
40.157 60.531
23.373 80.925
77.272 59.854
50.166 30.508
70.564 62.973
75.911 47.476
60.627 72.851
72.365 47.18
100.0 100.0
42.835 35.95
39.062 27.41
100.0 100.0
61.606 38.024
43.681 30.162
34.665 37.969
75.87 47.962
100.0 100.0
77.48 50.459
36.481 27.317
80.852 52.713
100.0 100.0
42.444 33.901
100.0 100.0
29.54 60.736
100.0 100.0
43.81 74.708
31.389 28.552
72.228 38.649
100.0 100.0
39.384 58.003
48.214 76.49
82.063 56.921
34.795 38.467
66.923 61.993
76.054 67.888
100.0 100.0
77.004 51.456
72.005 52.817
73.477 50.889
26.449 25.923
71.968 34.137
50.318 66.011
78.044 41.842
100.0 100.0
48.338 23.049
87.504 55.169
35.669 31.616
37.928 78.207
47.177 64.833
100.0 100.0
52.401 29.398
81.919 45.251
42.15 18.197
33.528 67.089
100.0 100.0
40.909 77.732
57.384 32.003
62.181 47.384
100.0 100.0
74.784 55.994
100.0 100.0
48.072 30.473
83.735 37.404
76.111 29.591
17.036 31.181
71.55 34.934
32.377 76.073
42.829 79.054
100.0 100.0
51.968 41.911
53.16 36.634
69.942 49.833
43.202 57.184
87.539 44.187
38.536 74.999
36.549 72.619
100.0 100.0
42.513 76.635
31.735 65.855
45.306 36.557
44.897 43.558
100.0 100.0
47.328 36.95
100.0 100.0
79.584 45.799
48.825 12.995
37.337 62.643
100.0 100.0
62.226 46.255
48.846 29.15
65.303 23.414
93.385 40.138
39.314 34.554
100.0 100.0
77.86 55.444
45.968 25.465
30.329 33.776
28.962 57.881
36.462 77.217
54.419 24.635
45.71 19.593
100.0 100.0
29.674 67.519
100.0 100.0
86.996 39.786
46.979 13.143
44.425 37.349
44.457 66.378
43.929 73.447
38.626 69.358
31.138 64.181
77.132 42.987
27.042 42.86
5.047 41.535
64.968 46.904
22.278 76.157
81.87 32.505
42.899 33.942
100.0 100.0
30.144 81.636
36.886 67.339
100.0 100.0
36.628 73.351
33.953 40.178
88.214 41.573
83.519 50.765
27.728 70.947
43.219 22.383
73.224 47.298
76.76 50.513
34.541 66.269
44.115 77.42
100.0 100.0
100.0 100.0
44.605 46.582
93.379 57.539
72.226 52.983
38.046 20.146
38.802 34.201
57.449 34.738
73.574 42.344
74.082 70.927
27.452 68.762
100.0 100.0
44.895 38.757
100.0 100.0
36.972 18.418
37.8 75.164
39.678 24.929
35.271 25.655
36.548 53.987
71.038 57.696
39.252 71.211
25.297 68.62
31.963 85.711
81.03 48.033
83.376 57.032
71.163 46.61
45.712 33.763
57.572 38.56
100.0 100.0
41.653 38.33
41.687 31.261
39.615 77.866
85.052 48.598
39.251 26.435
71.524 27.973
40.682 74.19
22.805 81.309
69.516 27.118
35.84 23.992
100.0 100.0
60.212 39.514
63.016 54.796
50.565 36.799
37.482 71.79
81.332 51.293
53.82 30.284
47.405 35.922
47.014 40.983
100.0 100.0
28.333 86.531
100.0 100.0
100.0 100.0
72.674 53.826
37.847 40.312
24.231 70.455
39.565 64.062
41.756 35.812
100.0 100.0
30.96 62.247
100.0 100.0
79.986 45.951
33.863 79.032
77.73 58.159
100.0 100.0
41.694 61.853
80.875 45.813
100.0 100.0
88.177 51.06
35.194 72.423
31.538 59.872
60.952 61.314
48.198 29.451
100.0 100.0
56.738 30.075
100.0 100.0
69.873 60.159
20.937 73.881
44.36 36.01
55.976 25.762
100.0 100.0
38.534 18.657
100.0 100.0
51.24 37.298
74.363 48.972
68.139 54.583
78.149 48.206
44.485 55.618
33.071 70.318
76.585 47.472
77.476 46.224
46.333 80.491
63.115 41.84
52.629 40.757
29.754 85.925
30.339 5.378
69.535 57.128
71.644 53.991
49.557 28.642
40.244 42.773
35.462 12.302
30.666 74.385
54.875 43.089
33.377 37.688
38.748 74.825
50.604 34.87
78.989 38.483
81.085 35.638
100.0 100.0
39.423 63.537
45.26 74.479
29.045 81.222
75.523 54.359
44.999 24.397
100.0 100.0
32.545 31.936
80.688 35.216
68.864 51.401
72.496 51.853
25.277 38.414
30.852 30.058
100.0 100.0
39.965 62.272
100.0 100.0
35.418 60.312
75.221 50.546
84.987 65.85
100.0 100.0
40.857 17.493
84.768 43.948
72.782 43.076
43.459 33.477
100.0 100.0
45.729 63.434
76.317 51.471
40.167 69.963
39.028 26.556
39.107 62.754
39.876 38.877
78.991 53.109
78.748 41.103
55.996 37.937
69.038 38.903
28.433 27.687
88.778 48.072
42.033 72.659
70.568 39.79
100.0 100.0
49.368 33.38
39.581 33.27
31.152 53.929
79.601 37.805
57.74 59.262
49.845 23.005
51.646 21.793
38.721 74.659
68.557 50.838
30.699 74.257
48.353 22.505
71.965 53.659
100.0 100.0
39.032 72.377
42.616 45.851
73.163 50.704
79.828 57.567
25.572 70.682
82.12 46.477
100.0 100.0
69.657 44.495
39.255 65.284
100.0 100.0
41.981 35.142
29.12 72.288
59.621 45.782
79.444 58.454
100.0 100.0
100.0 100.0
57.627 55.122
100.0 100.0
25.723 64.869
23.285 78.944
59.33 52.838
69.454 53.935
50.786 27.473
62.961 58.33
34.698 40.157
69.639 67.201
32.508 73.061
44.549 21.236
100.0 100.0
70.833 50.181
84.651 42.122
100.0 100.0
47.259 27.746
32.671 76.348
68.911 47.216
63.394 27.969
25.877 52.534
45.259 31.358
26.283 72.795
79.974 41.421
59.074 38.768
81.153 33.344
100.0 100.0
34.484 30.997
50.789 66.175
100.0 100.0
49.371 40.176
54.975 0.431
73.312 52.53
37.624 29.584
34.681 59.389
100.0 100.0
43.853 54.768
79.506 47.754
51.829 27.35
51.441 31.131
34.391 58.947
40.412 18.046
100.0 100.0
57.608 27.173
80.333 45.109
80.829 53.523
100.0 100.0
43.105 68.051
41.634 22.009
46.645 32.931
50.56 28.146
36.221 67.023
100.0 100.0
38.916 63.92
100.0 100.0
100.0 100.0
100.0 100.0
80.333 47.168
41.835 67.994
65.215 42.136
70.971 43.033
36.279 37.659
69.651 40.209
100.0 100.0
100.0 100.0
50.346 17.961
100.0 100.0
87.176 92.493
42.656 66.56
36.471 43.494
74.908 44.754
28.643 59.101
79.487 51.019
100.0 100.0
100.0 100.0
74.086 43.343
73.463 44.804
38.846 81.713
100.0 100.0
55.31 28.938
76.69 45.189
52.193 27.492
82.76 52.61
28.725 71.759
84.922 48.523
76.688 45.932
33.387 57.345
71.433 41.456
65.604 50.393
71.418 55.346
26.411 37.942
77.703 51.895
36.972 69.917
43.525 37.187
100.0 100.0
70.152 51.656
63.563 51.288
43.042 65.981
45.377 19.227
39.623 60.708
33.851 77.673
100.0 100.0
55.194 45.42
57.786 28.444
71.299 44.454
44.623 76.745
54.88 72.494
100.0 100.0
100.0 100.0
38.513 22.43
37.542 59.443
40.106 72.242
100.0 100.0
100.0 100.0
63.567 37.202
100.0 100.0
44.174 17.197
84.031 54.957
46.938 22.831
77.65 36.836
84.082 44.719
63.224 20.485
68.259 38.332
100.0 100.0
100.0 100.0
27.524 76.24
51.873 31.723
45.62 25.981
78.129 45.832
45.526 21.816
75.389 50.326
66.178 39.871
100.0 100.0
59.723 46.869
38.014 26.304
71.214 58.359
42.217 68.276
100.0 100.0
41.54 44.371
39.377 22.837
100.0 100.0
28.846 58.752
38.038 23.329
100.0 100.0
33.428 69.992
39.203 30.373
72.082 38.012
100.0 100.0
30.436 72.5
51.419 70.81
44.592 25.323
33.987 76.698
100.0 100.0
100.0 100.0
43.528 36.722
36.898 31.842
83.893 44.878
61.092 66.689
84.467 52.622
34.276 37.433
40.059 68.934
50.737 27.533
71.587 45.042
44.348 62.442
67.333 42.967
66.627 53.685
100.0 100.0
34.905 60.608
37.493 66.72
84.391 53.623
31.1 71.373
100.0 100.0
44.856 31.438
100.0 100.0
42.846 15.843
29.056 18.156
41.468 69.461
51.105 25.064
51.781 22.476
32.753 76.895
34.196 66.355
73.371 44.966
100.0 100.0
100.0 100.0
30.05 75.832
27.025 69.284
83.105 44.348
35.24 46.635
76.91 39.233
28.866 24.769
64.997 50.083
26.686 77.8
36.295 28.528
37.223 58.387
100.0 100.0
100.0 100.0
100.0 100.0
77.374 40.888
41.381 40.873
59.267 53.613
37.267 81.972
39.061 66.031
47.884 17.779
100.0 100.0
49.376 71.918
50.37 43.471
55.512 39.475
44.116 29.434
40.586 63.771
100.0 100.0
100.0 100.0
100.0 100.0
96.451 0.885
69.782 37.057
47.01 23.794
61.548 36.726
51.129 30.965
48.647 42.294
100.0 100.0
76.161 54.655
34.364 27.098
78.036 46.558
30.119 65.924
100.0 100.0
50.269 29.672
49.364 73.51
55.105 28.259
47.126 66.921
41.303 64.088
52.678 31.839
79.807 61.051
44.816 37.945
35.371 75.669
60.336 51.151
68.411 44.256
100.0 100.0
35.376 66.411
100.0 100.0
75.86 48.75
83.127 54.947
29.357 34.968
44.212 44.771
38.126 75.579
37.553 74.915
100.0 100.0
79.507 52.288
48.347 15.701
47.959 41.458
47.656 75.267
52.571 17.411
59.35 37.273
38.988 33.524
35.629 10.607
93.361 47.99
40.461 19.788
27.439 66.545
77.176 62.674
41.833 28.431
39.704 65.473
48.539 36.922
38.882 75.795
47.531 72.371
46.687 59.178
100.0 100.0
76.504 48.9
38.659 73.6
41.423 77.799
40.837 64.161
75.734 50.735
36.217 19.46
45.061 69.014
71.488 45.753
21.277 70.476
70.451 33.091
65.91 53.198
100.0 100.0
29.136 67.872
42.909 17.761
66.497 49.483
35.169 84.636
80.809 27.971
35.836 17.813
100.0 100.0
97.877 94.405
100.0 100.0
23.44 62.964
69.732 48.598
100.0 100.0
34.674 68.431
50.112 71.85
36.088 84.361
100.0 100.0
72.002 45.259
48.846 53.277
28.735 65.242
32.731 31.914
46.817 26.777
77.046 47.812
74.505 39.718
60.515 37.578
72.039 59.792
31.652 37.047
74.44 37.07
100.0 100.0
44.223 65.767
50.792 70.991
45.364 19.523
39.222 76.009
36.069 75.11
52.365 74.361
53.581 38.14
26.458 27.535
100.0 100.0
85.831 10.771
89.575 51.643
34.501 66.735
100.0 100.0
40.512 27.184
56.178 72.467
47.559 71.978
67.229 37.447
40.973 73.26
44.987 24.335
51.796 66.959
46.069 72.719
33.216 79.099
100.0 100.0
26.59 62.97
77.903 58.511
56.787 30.749
65.008 49.651
68.512 48.321
43.558 66.969
100.0 100.0
88.052 36.664
42.27 74.524
100.0 100.0
65.547 52.36
30.372 42.572
43.863 33.524
24.413 78.641
33.539 61.522
42.961 30.272
40.183 23.605
56.105 30.32
33.763 61.788
100.0 100.0
30.2 54.051
74.758 69.572
75.496 52.737
40.473 33.993
46.132 67.694
75.585 46.748
63.049 18.327
76.032 49.25
65.069 45.024
31.289 39.344
100.0 100.0
100.0 100.0
34.182 36.674
55.326 86.855
47.117 64.881
100.0 100.0
100.0 100.0
29.92 65.782
28.483 54.956
82.986 58.215
72.866 45.771
49.837 34.118
91.437 43.756
58.35 24.955
74.911 34.182
40.024 9.911
70.947 35.578
40.926 70.641
100.0 100.0
28.087 12.624
31.697 20.096
37.023 31.28
38.691 28.684
31.476 41.72
37.263 38.693
48.021 18.763
100.0 100.0
52.965 68.412
60.046 45.921
14.306 73.65
36.673 36.292
100.0 100.0
56.367 37.83
100.0 100.0
25.93 73.985
47.117 26.601
29.92 80.563
79.365 40.557
60.611 20.518
34.584 85.928
35.49 64.041
100.0 100.0
72.021 49.049
43.255 34.258
47.252 12.555
56.434 34.956
78.846 42.172
89.301 48.432
43.307 37.069
100.0 100.0
71.133 53.337
42.199 30.928
39.912 35.681
76.671 51.578
100.0 100.0
56.668 34.401
100.0 100.0
24.813 74.901
51.116 32.352
36.147 66.176
35.632 20.229
31.363 67.965
31.565 64.867
43.951 56.931
66.488 52.987
100.0 100.0
10.601 89.418
41.708 15.455
100.0 100.0
33.746 33.786
44.122 69.344
49.738 33.33
37.461 64.547
100.0 100.0
71.642 55.894
100.0 100.0
48.958 69.884
47.474 86.804
35.553 73.418
99.33 27.511
74.766 48.178
52.783 34.057
88.778 74.328
100.0 100.0
68.181 49.703
42.78 65.221
33.981 26.724
100.0 100.0
100.0 100.0
73.389 43.303
45.437 35.685
80.777 48.142
41.621 28.161
100.0 100.0
48.938 28.617
75.393 45.724
39.922 39.238
44.478 32.569
38.096 89.086
66.3 40.017
42.132 30.083
100.0 100.0
34.646 66.236
77.965 33.191
49.126 46.065
33.352 29.762
80.831 38.428
41.549 30.023
70.8 50.566
60.489 32.408
40.034 61.365
56.505 36.863
51.176 41.887
63.993 43.832
30.665 75.054
27.329 76.876
100.0 100.0
74.438 34.987
100.0 100.0
38.056 63.825
41.029 72.392
48.428 25.75
100.0 100.0
45.802 65.273
76.281 38.413
83.216 56.933
74.467 53.084
100.0 100.0
48.005 40.531
33.042 70.412
100.0 100.0
37.775 28.953
45.809 37.317
70.33 36.039
41.729 23.676
80.856 36.488
43.878 35.563
15.106 66.333
65.935 50.009
42.165 65.082
36.044 55.142
89.907 51.365
38.063 83.998
47.862 73.118
58.922 12.574
40.888 24.516
50.987 70.7
75.527 58.046
78.679 30.023
41.898 75.269
100.0 100.0
67.808 47.357
100.0 100.0
86.043 51.245
38.045 17.367
40.956 77.254
42.064 30.314
47.702 29.383
38.257 36.246
43.528 37.336
47.695 73.937
28.475 64.645
72.579 29.706
43.261 70.515
32.848 62.55
35.559 26.856
44.932 23.249
33.169 33.104
43.153 62.841
40.539 79.285
80.034 43.122
80.343 57.594
47.299 78.831
73.601 49.546
36.033 81.191
76.195 48.898
39.536 19.12
100.0 100.0
76.533 63.914
84.894 63.004
44.441 78.249
42.741 71.249
100.0 100.0
61.859 55.498
45.913 74.376
91.087 29.991
43.745 43.479
100.0 100.0
86.648 51.716
43.861 67.862
100.0 100.0
35.669 30.057
46.864 73.746
47.113 47.287
44.236 25.643
42.738 72.89
100.0 100.0
100.0 100.0
76.924 38.583
100.0 100.0
29.116 74.615
42.486 27.427
77.338 59.768
29.129 65.812
35.648 26.083
46.635 23.122
86.526 49.865
79.867 51.422
100.0 100.0
46.466 38.175
74.296 57.512
84.992 58.76
48.784 31.881
100.0 100.0
30.006 67.173
38.676 35.228
39.366 20.519
39.616 79.689
75.538 57.236
44.027 37.12
45.746 38.296
49.646 36.73
100.0 100.0
37.87 4.887
38.937 75.257
36.881 65.35
76.14 59.76
68.706 35.841
32.679 55.277
22.893 74.948
55.706 29.608
27.254 99.39
100.0 100.0
72.079 53.311
33.877 28.025
83.279 26.059
41.191 40.613
30.275 70.585
100.0 100.0
36.672 77.252
64.88 44.055
56.124 32.265
77.656 48.042
44.473 53.952
45.694 24.916
40.035 57.051
49.227 64.712
71.724 48.504
52.615 24.763
48.674 38.243
100.0 100.0
48.003 30.898
100.0 100.0
31.918 81.042
34.859 64.625
100.0 100.0
39.569 29.951
25.576 24.76
44.698 64.791
71.908 47.935
37.329 77.42
100.0 100.0
73.27 49.735
60.094 52.014
74.365 47.457
100.0 100.0
50.002 43.944
35.038 73.517
35.968 29.442
37.713 58.83
63.969 54.779
33.032 61.417
63.62 62.394
47.402 55.205
66.352 54.112
54.613 60.006
39.216 29.759
100.0 100.0
49.782 77.748
41.836 18.624
28.321 55.636
43.446 52.829
69.958 55.033
61.633 29.419
39.769 65.484
20.49 58.486
47.688 69.353
69.924 45.857
62.104 42.153
71.72 32.207
100.0 100.0
77.87 46.022
87.637 42.024
36.741 72.204
44.896 29.996
47.753 56.522
43.071 35.934
100.0 100.0
36.32 77.369
29.824 55.986
56.218 23.009
38.066 42.818
43.863 32.248
44.243 33.853
41.764 79.436
26.773 73.631
29.784 74.231
23.345 30.319
31.902 38.713
42.372 64.525
67.535 75.889
17.492 59.85
21.259 83.826
44.522 80.05
51.904 24.66
37.788 65.491
44.79 80.262
46.835 35.107
67.183 47.872
100.0 100.0
75.738 40.425
67.562 51.655
61.351 45.939
46.467 17.487
68.212 51.495
100.0 100.0
47.326 31.742
39.052 72.594
39.894 37.311
100.0 100.0
69.179 47.52
100.0 100.0
75.066 41.963
48.463 64.901
40.717 25.499
45.948 73.071
40.968 21.229
73.11 24.01
35.611 63.51
24.938 61.622
53.488 59.285
80.866 49.101
37.219 40.324
100.0 100.0
37.615 78.139
13.152 67.5
72.472 33.573
45.602 69.571
73.789 43.429
47.799 33.314
100.0 100.0
79.98 29.904
67.413 61.666
30.326 25.119
100.0 100.0
83.266 43.233
46.633 38.398
78.435 40.955
64.369 55.356
100.0 100.0
69.92 43.562
39.784 22.089
72.017 52.834
100.0 100.0
100.0 100.0
100.0 100.0
27.196 14.785
57.728 27.071
50.17 27.174
37.688 57.387
76.351 58.363
40.503 75.725
47.608 11.035
47.925 20.332
43.639 31.63
100.0 100.0
70.947 55.797
59.887 52.085
50.678 23.621
38.892 31.658
100.0 100.0
31.703 62.42
51.469 60.202
78.073 32.68
58.292 74.465
83.932 52.078
100.0 100.0
28.409 30.993
80.531 41.692
47.364 23.11
10.472 0.453
33.467 63.747
70.882 52.31
36.429 69.978
100.0 100.0
87.376 44.507
81.143 48.464
100.0 100.0
46.151 35.452
34.745 74.827
75.02 47.105
31.616 38.761
48.796 39.331
36.139 21.995
63.387 22.14
38.165 28.418
35.586 72.012
42.992 69.1
100.0 100.0
36.178 67.137
37.823 26.371
30.816 65.539
100.0 100.0
18.995 59.997
100.0 100.0
44.833 48.468
41.35 70.08
100.0 100.0
22.499 83.425
100.0 100.0
50.13 67.855
5.203 34.384
70.566 42.629
44.938 67.632
39.302 31.732
84.951 47.726
85.318 29.055
28.319 36.744
52.685 24.584
75.804 53.543
38.361 19.242
46.31 38.612
27.217 53.635
100.0 100.0
100.0 100.0
34.744 72.182
100.0 100.0
100.0 100.0
100.0 100.0
73.549 40.914
81.472 43.872
50.872 24.298
35.875 42.8
76.052 62.041
30.79 64.057
100.0 100.0
23.047 70.023
32.841 71.769
23.646 71.834
74.072 42.046
42.005 74.947
47.21 26.632
61.494 32.623
34.997 59.942
100.0 100.0
34.665 56.4
100.0 100.0
91.85 46.868
79.658 55.355
92.82 34.664
44.046 73.099
41.958 32.461
41.415 16.748
38.748 76.321
100.0 100.0
37.223 63.199
100.0 100.0
95.686 41.761
100.0 100.0
21.442 77.016
29.395 84.253
38.572 62.066
32.647 68.484
33.842 21.023
76.77 43.721
69.551 48.754
47.1 30.212
70.791 21.071
51.797 36.748
44.361 77.062
100.0 100.0
71.015 58.203
35.426 21.111
66.761 66.779
43.44 64.87
38.766 74.447
36.697 66.073
45.709 29.763
37.986 26.925
33.276 66.162
48.112 31.156
30.734 73.81
41.647 68.739
42.18 23.389
39.674 75.39
76.977 59.799
45.719 77.163
100.0 100.0
87.022 35.262
100.0 100.0
100.0 100.0
68.5 48.755
56.087 56.948
100.0 100.0
100.0 100.0
100.0 100.0
46.164 34.145
80.984 62.728
100.0 100.0
53.601 38.606
51.317 22.367
43.69 42.333
100.0 100.0
38.067 67.238
24.941 74.707
37.005 33.134
80.084 44.44
47.154 15.065
100.0 100.0
41.829 17.359
63.979 41.747
47.444 22.802
45.622 77.849
100.0 100.0
78.359 32.163
37.32 28.2
40.039 29.064
79.785 53.358
27.468 64.969
31.962 22.79
34.745 68.898
100.0 100.0
100.0 100.0
82.776 29.328
80.906 44.167
79.62 58.233
40.135 26.186
34.814 19.041
54.572 27.3
24.036 62.866
100.0 100.0
100.0 100.0
40.725 35.297
77.392 34.255
100.0 100.0
36.878 24.222
39.953 37.094
100.0 100.0
100.0 100.0
32.692 70.927
100.0 100.0
44.022 69.483
55.657 33.927
63.993 34.338
40.268 75.404
100.0 100.0
37.303 34.822
100.0 100.0
72.448 46.995
100.0 100.0
34.135 39.495
44.043 27.999
48.543 67.273
48.041 36.56
41.189 27.921
47.44 35.727
46.233 12.132
78.591 54.954
58.351 53.628
46.761 58.84
51.25 26.059
29.058 84.089
100.0 100.0
44.741 35.124
100.0 100.0
77.219 48.299
84.005 66.343
100.0 100.0
28.933 68.587
46.547 22.77
100.0 100.0
75.071 28.483
100.0 100.0
40.896 64.983
19.959 56.391
100.0 100.0
94.227 21.967
34.474 63.364
100.0 100.0
56.772 27.458
64.049 50.07
28.216 60.256
79.596 43.478
64.663 53.456
100.0 100.0
100.0 100.0
37.433 28.883
66.328 46.459
100.0 100.0
32.745 73.407
100.0 100.0
50.25 79.335
61.821 39.737
69.938 49.537
46.965 25.45
41.591 66.506
100.0 100.0
75.595 55.565
100.0 100.0
100.0 100.0
19.657 34.535
52.312 18.633
100.0 100.0
76.527 29.553
38.893 28.664
68.784 48.12
100.0 100.0
100.0 100.0
100.0 100.0
38.531 36.214
34.16 34.103
46.319 24.767
68.773 58.971
40.484 19.849
75.866 50.95
40.393 37.722
34.856 71.84
48.522 32.734
100.0 100.0
100.0 100.0
42.781 78.732
28.444 60.729
40.301 15.421
79.032 55.98
79.525 37.278
86.321 56.32
73.569 51.277
41.192 61.897
76.776 48.325
45.784 20.845
100.0 100.0
39.697 70.615
47.825 29.751
52.6 37.433
41.636 80.735
78.279 61.71
100.0 100.0
39.35 73.73
100.0 100.0
48.378 65.268
44.924 27.251
72.545 39.99
30.432 68.098
43.398 38.952
69.087 57.229
49.744 32.47
34.122 73.366
71.473 44.645
69.204 43.846
12.903 99.023
83.2 58.603
39.985 69.225
67.686 40.489
34.42 61.598
25.78 89.702
54.192 66.824
38.948 28.699
82.874 64.506
100.0 100.0
56.5 36.576
100.0 100.0
80.315 43.914
46.788 24.654
38.956 64.82
63.802 26.547
100.0 100.0
48.199 40.306
52.36 18.786
42.069 31.364
57.059 44.22
68.895 37.478
100.0 100.0
100.0 100.0
63.331 43.106
55.493 26.572
100.0 100.0
47.234 38.073
75.463 56.78
40.447 64.485
43.253 27.405
100.0 100.0
83.127 37.333
41.39 71.547
32.977 77.817
29.475 64.483
36.099 70.75
100.0 100.0
100.0 100.0
88.006 54.682
66.65 27.749
60.552 49.448
51.053 71.387
48.199 33.093
35.678 66.784
41.454 72.163
50.276 36.89
48.021 17.362
71.853 47.513
100.0 100.0
72.36 32.065
81.376 55.79
51.705 34.388
45.093 61.568
37.92 28.694
100.0 100.0
66.448 47.939
100.0 100.0
73.197 50.075
100.0 100.0
32.163 43.788
50.634 67.657
35.857 73.024
37.272 50.604
47.38 72.332
29.048 62.086
70.683 36.797
56.235 20.524
82.255 37.756
58.601 22.315
100.0 100.0
100.0 100.0
43.949 28.516
34.86 23.447
73.903 45.074
41.148 83.226
57.255 24.076
47.344 45.645
64.007 27.84
27.179 59.068
36.267 68.701
47.855 78.09
36.294 54.692
39.365 76.748
50.497 76.187
53.727 78.189
35.313 12.386
38.141 82.017
70.774 46.9
73.742 45.756
52.862 16.094
23.525 66.737
100.0 100.0
45.007 36.071
34.243 26.179
84.132 63.529
100.0 100.0
35.535 25.167
39.404 74.066
100.0 100.0
100.0 100.0
79.957 30.576
47.965 16.366
73.11 52.341
60.968 58.281
100.0 100.0
36.762 55.41
83.174 43.069
100.0 100.0
43.035 74.868
42.152 32.147
42.275 58.974
100.0 100.0
34.629 26.189
27.472 71.007
100.0 100.0
68.154 44.929
44.777 24.524
35.722 65.416
37.919 71.031
46.171 20.828
73.48 49.96
48.893 22.867
100.0 100.0
100.0 100.0
47.062 71.807
36.009 22.725
32.018 73.03
69.721 52.09
78.001 45.157
70.473 45.526
45.504 72.019
36.119 84.185
36.369 63.493
43.286 63.907
55.751 31.717
100.0 100.0
38.998 18.87
60.344 40.933
75.936 42.981
44.951 60.374
39.162 72.383
36.07 68.96
44.945 27.52
63.064 53.092
48.333 27.663
46.578 32.802
42.537 81.347
39.467 74.651
32.552 66.083
45.359 30.017
75.992 47.595
64.11 34.835
100.0 100.0
16.97 64.483
76.957 54.879
26.587 80.027
40.781 41.802
46.738 61.887
76.301 43.002
76.48 50.27
81.852 48.847
70.184 54.539
34.238 81.323
100.0 100.0
77.094 48.775
46.962 26.752
83.729 33.607
70.571 54.772
35.239 23.735
100.0 100.0
39.075 32.832
100.0 100.0
50.352 30.609
45.966 72.667
38.035 68.438
74.08 47.567
39.035 30.967
78.543 53.029
67.408 41.528
35.989 62.613
100.0 100.0
49.472 36.472
43.52 25.216
52.373 62.249
52.237 29.306
100.0 100.0
29.969 72.879
33.848 66.572
28.614 67.604
74.345 43.967
39.845 61.755
36.019 73.664
23.701 54.692
60.868 29.536
100.0 100.0
100.0 100.0
42.664 25.611
38.423 30.513
100.0 100.0
53.882 34.577
42.579 38.252
76.611 52.885
28.748 69.082
75.879 40.459
91.776 47.115
100.0 100.0
54.092 17.814
48.814 34.93
31.953 81.504
100.0 100.0
75.427 46.958
100.0 100.0
41.095 27.582
31.337 71.653
80.851 41.736
55.076 22.87
100.0 100.0
54.311 78.889
41.361 36.455
31.843 62.094
49.349 32.28
62.99 40.467
100.0 100.0
76.425 37.795
100.0 100.0
39.912 71.601
37.473 32.665
47.964 20.907
40.813 28.69
43.402 16.385
56.927 43.085
100.0 100.0
75.46 50.063
100.0 100.0
47.958 33.461
100.0 100.0
100.0 100.0
50.381 40.385
49.222 43.831
41.623 31.247
41.949 71.394
46.99 17.709
57.846 46.42
100.0 100.0
100.0 100.0
100.0 100.0
71.85 51.503
46.586 28.888
56.721 46.439
100.0 100.0
59.738 40.869
30.703 67.392
70.864 47.078
26.408 19.496
40.984 58.142
50.93 21.631
38.223 65.374
66.378 48.451
100.0 100.0
48.742 52.513
75.091 57.185
51.261 35.817
100.0 100.0
69.931 60.27
33.537 66.122
40.319 69.279
35.101 67.947
32.043 68.661
100.0 100.0
32.598 80.334
100.0 100.0
100.0 100.0
32.936 69.763
39.349 75.245
78.448 41.689
33.2 81.034
32.614 87.705
32.453 77.138
31.508 76.678
49.241 20.881
100.0 100.0
74.406 36.864
100.0 100.0
61.038 44.833
47.258 33.569
37.452 62.104
40.552 25.206
34.348 24.713
43.409 25.353
43.93 67.468
86.658 57.887
100.0 100.0
100.0 100.0
100.0 100.0
36.417 68.066
71.318 49.533
40.599 30.134
45.806 26.754
40.805 32.07
43.778 19.042
49.293 39.958
100.0 100.0
39.367 27.277
49.032 44.085
100.0 100.0
100.0 100.0
39.333 36.014
45.839 32.148
36.077 65.857
40.098 61.398
44.502 32.073
52.817 33.332
29.163 26.58
44.509 50.131
63.506 37.918
45.163 31.556
80.239 47.838
43.962 71.676
79.11 42.929
89.742 39.41
67.982 42.733
41.712 27.838
84.913 49.533
21.256 62.204
77.825 39.306
48.356 31.921
100.0 100.0
47.588 11.554
100.0 100.0
100.0 100.0
30.19 75.357
27.531 29.818
100.0 100.0
40.395 29.164
100.0 100.0
100.0 100.0
43.157 80.699
54.467 23.388
74.95 59.071
78.18 46.814
45.472 66.786
62.787 40.606
79.585 39.313
72.45 45.498
100.0 100.0
32.487 78.371
90.227 48.105
100.0 100.0
73.168 47.111
100.0 100.0
32.696 66.733
100.0 100.0
38.409 30.562
45.966 19.977
35.443 63.728
100.0 100.0
35.773 76.418
100.0 100.0
73.334 28.745
54.435 29.076
37.047 32.893
27.396 70.023
33.964 73.35
40.945 64.869
39.771 73.007
100.0 100.0
66.996 47.982
34.172 37.474
56.034 43.265
87.795 68.411
39.099 62.634
100.0 100.0
55.532 27.388
33.133 81.798
100.0 100.0
100.0 100.0
56.765 72.252
100.0 100.0
39.512 42.235
100.0 100.0
100.0 100.0
74.334 31.498
71.008 54.852
52.36 35.939
36.303 17.887
44.067 28.235
70.658 43.735
46.011 33.461
100.0 100.0
48.127 36.699
35.642 99.853
72.281 48.211
80.152 37.928
76.223 45.873
80.054 48.191
82.731 35.487
56.77 37.486
26.241 66.381
48.826 24.309
77.082 54.76
100.0 100.0
100.0 100.0
53.822 37.675
50.433 30.892
80.5 56.174
46.943 58.77
100.0 100.0
21.404 78.514
76.113 51.584
40.223 59.192
74.419 51.861
56.988 29.955
38.318 73.289
75.942 52.879
46.455 59.488
100.0 100.0
40.063 72.129
100.0 100.0
54.34 26.644
23.96 66.164
100.0 100.0
100.0 100.0
43.325 41.634
43.426 78.709
38.362 75.652
47.998 33.673
44.192 29.975
21.199 75.518
100.0 100.0
38.643 75.707
33.193 63.674
41.855 43.217
67.547 45.831
41.159 67.062
100.0 100.0
32.816 61.111
41.792 12.129
76.289 54.392
71.635 45.156
56.247 45.695
68.913 34.885
46.601 79.346
44.24 38.428
70.629 50.116
38.245 73.093
100.0 100.0
100.0 100.0
50.77 38.554
43.349 63.195
30.584 77.286
50.058 59.613
42.785 36.287
100.0 100.0
47.533 79.238
100.0 100.0
100.0 100.0
83.43 52.152
82.073 43.675
47.562 51.445
46.865 0.26
57.804 44.716
100.0 100.0
37.422 67.85
80.807 60.715
45.035 25.429
24.043 77.149
31.378 68.897
69.626 42.753
73.434 46.77
29.836 24.095
71.351 45.807
78.089 54.587
46.129 36.789
52.004 23.617
33.086 57.129
100.0 100.0
83.768 37.774
77.119 61.291
100.0 100.0
43.864 22.58
51.489 39.274
100.0 100.0
99.089 14.792
100.0 100.0
45.322 67.383
49.526 32.742
65.854 57.574
37.003 23.699
59.999 41.506
75.266 55.466
81.015 53.643
37.538 64.83
92.443 45.356
49.956 29.724
25.535 28.464
100.0 100.0
37.342 74.107
44.279 31.464
100.0 100.0
82.894 59.992
78.243 36.025
30.16 31.283
33.874 70.176
37.418 73.553
68.877 40.652
35.145 67.372
81.373 42.795
93.893 49.713
100.0 100.0
34.071 30.637
44.312 31.72
100.0 100.0
67.691 30.418
29.579 73.649
34.693 17.888
58.213 41.526
100.0 100.0
28.839 65.811
41.907 30.949
100.0 100.0
42.162 42.412
54.069 63.937
100.0 100.0
22.57 73.944
56.084 29.749
100.0 100.0
100.0 100.0
59.433 21.474
77.459 33.819
83.134 55.773
67.979 42.252
74.705 36.309
100.0 100.0
100.0 100.0
27.523 34.696
45.575 25.684
42.788 66.307
79.059 39.911
34.438 73.401
49.284 20.9
66.152 38.842
100.0 100.0
85.17 50.203
100.0 100.0
78.176 50.436
42.911 30.648
76.506 47.212
56.743 43.923
69.692 39.171
55.508 24.547
72.835 51.429
44.344 56.762
100.0 100.0
50.897 29.837
87.584 40.655
100.0 100.0
87.712 45.767
48.917 19.187
48.462 35.815
69.764 49.333
36.792 72.758
76.191 59.68
80.464 55.5
100.0 100.0
38.164 72.282
80.112 32.828
79.282 45.392
79.109 57.95
66.813 50.768
39.93 23.73
100.0 100.0
42.324 19.673
80.086 38.446
66.934 57.378
48.656 36.873
43.401 95.595
100.0 100.0
100.0 100.0
51.816 37.002
28.633 33.177
40.476 32.675
37.031 68.742
39.631 40.358
26.611 22.208
73.275 64.724
34.287 78.693
100.0 100.0
34.016 39.527
100.0 100.0
28.144 67.454
100.0 100.0
84.754 57.981
45.674 36.507
49.129 61.284
67.334 48.934
50.361 69.636
42.054 73.907
68.987 55.351
44.597 65.131
80.108 46.548
41.181 71.529
66.453 35.25
50.554 12.005
29.064 64.85
100.0 100.0
54.277 30.857
61.654 58.338
31.579 76.235
100.0 100.0
42.167 46.677
100.0 100.0
100.0 100.0
65.937 37.945
72.96 42.698
39.152 64.78
29.181 20.823
42.757 53.318
56.486 19.314
35.63 62.25
68.606 44.925
42.771 24.339
74.342 3.612
47.111 60.829
19.699 59.449
43.673 31.318
47.334 41.334
81.146 48.164
44.781 23.272
52.23 77.009
73.474 39.121
53.757 28.548
66.367 39.892
34.194 69.43
74.586 42.068
100.0 100.0
66.172 48.562
70.332 55.223
40.328 68.894
31.67 70.629
100.0 100.0
88.477 41.115
39.786 72.816
63.587 19.01
64.575 41.116
57.3 29.274
80.867 40.737
56.143 46.49
100.0 100.0
100.0 100.0
84.219 54.044
82.421 51.461
65.633 54.805
31.732 55.701
41.569 31.558
42.457 32.617
100.0 100.0
76.98 44.195
100.0 100.0
35.612 48.848
48.301 76.706
71.503 51.647
57.654 22.587
44.59 78.875
41.139 33.94
40.52 55.662
42.63 26.182
66.438 53.612
31.79 73.815
42.419 66.694
33.606 78.022
65.668 52.788
41.777 17.867
49.983 32.578
68.018 52.369
51.561 24.416
52.341 52.845
41.875 34.261
42.516 72.416
100.0 100.0
63.409 41.017
78.407 46.689
58.22 30.723
35.917 69.702
38.116 27.997
16.414 69.962
49.176 64.19
21.434 73.471
100.0 100.0
36.93 67.777
100.0 100.0
42.251 18.583
45.471 39.889
82.412 49.582
38.658 24.378
34.618 61.775
100.0 100.0
100.0 100.0
46.681 25.224
34.779 73.342
31.036 80.511
76.116 50.208
40.185 59.038
40.62 24.247
42.284 18.764
42.135 47.993
100.0 100.0
51.238 18.905
22.54 66.196
66.913 44.996
69.997 51.626
39.007 64.175
77.85 43.489
44.934 35.623
81.329 68.45
40.226 29.599
68.079 58.955
31.067 79.895
42.245 30.422
52.289 25.351
66.533 53.236
49.865 37.907
43.001 41.436
24.98 87.258
73.618 61.802
82.469 50.899
69.517 44.612
40.939 27.236
26.406 68.53
45.748 28.83
32.706 87.042
36.465 33.75
40.293 63.403
41.993 23.212
100.0 100.0
60.258 48.226
67.782 45.659
69.958 46.673
44.644 70.783
33.046 28.71
77.024 42.416
47.809 32.471
41.667 67.87
100.0 100.0
78.927 46.002
72.816 48.736
81.979 42.932
77.994 57.315
67.766 40.138
47.062 63.766
28.668 56.77
28.842 53.419
78.343 39.259
100.0 100.0
71.28 41.273
33.918 27.595
69.729 51.04
37.007 30.405
100.0 100.0
26.927 70.919
76.531 49.999
43.753 31.781
100.0 100.0
47.573 28.371
32.297 39.525
100.0 100.0
77.852 41.167
38.793 75.761
48.382 21.535
100.0 100.0
77.27 51.178
100.0 100.0
70.074 58.061
100.0 100.0
100.0 100.0
72.894 56.469
100.0 100.0
46.528 26.982
60.167 38.514
40.497 63.185
100.0 100.0
28.563 64.561
100.0 100.0
32.961 59.229
40.621 25.467
73.566 36.957
84.91 34.042
34.99 25.442
84.616 38.095
75.53 35.302
74.812 26.443
33.114 45.587
38.363 49.733
42.02 60.953
100.0 100.0
42.712 75.656
52.883 29.434
27.375 82.53
41.982 37.466
42.47 73.809
35.055 72.868
38.755 71.168
100.0 100.0
83.037 50.267
32.516 75.254
64.514 49.76
28.164 69.572
100.0 100.0
60.893 34.323
73.861 53.416
44.352 73.753
43.848 77.445
74.402 44.93
82.855 54.081
44.304 70.153
87.377 43.838
38.012 34.609
67.683 44.535
40.327 29.748
37.82 76.113
70.294 47.312
100.0 100.0
100.0 100.0
41.527 29.105
36.95 65.858
100.0 100.0
100.0 100.0
44.634 16.918
47.621 71.131
32.935 69.182
41.156 28.323
47.105 73.045
76.672 39.66
27.875 72.911
51.866 28.687
34.511 62.003
34.875 43.935
100.0 100.0
51.881 50.408
68.573 57.516
100.0 100.0
100.0 100.0
38.295 66.212
48.061 65.844
73.365 32.867
45.707 29.097
44.301 69.521
100.0 100.0
65.864 33.797
100.0 100.0
27.918 57.702
100.0 100.0
51.903 49.029
38.453 41.568
76.037 44.837
30.943 73.738
100.0 100.0
42.125 80.85
44.358 20.282
78.472 51.332
58.251 39.633
42.399 34.102
100.0 100.0
40.531 65.557
33.017 63.318
100.0 100.0
86.098 50.604
100.0 100.0
61.652 17.592
50.123 32.44
41.328 15.278
77.356 46.55
45.108 18.878
35.976 27.988
32.877 32.837
52.076 43.927
100.0 100.0
40.562 82.308
49.94 18.493
38.663 56.725
25.235 62.058
71.504 65.415
27.326 72.681
36.013 69.225
27.811 62.912
33.581 69.305
74.724 44.112
47.147 25.736
38.558 31.692
44.245 87.032
37.001 18.705
80.924 53.725
52.799 36.726
31.93 66.869
83.851 43.832
40.616 33.034
93.801 48.958
43.526 75.614
100.0 100.0
65.589 55.102
71.266 41.878
47.352 13.411
32.712 63.688
35.137 63.97
40.764 27.945
88.769 65.605
100.0 100.0
67.474 28.675
51.256 34.123
39.568 79.462
47.986 36.338
33.454 25.199
49.63 69.131
28.829 70.799
28.779 58.095
100.0 100.0
76.656 40.345
100.0 100.0
56.282 27.446
70.06 44.415
42.615 60.367
100.0 100.0
100.0 100.0
100.0 100.0
100.0 100.0
35.892 77.347
77.436 54.482
45.846 30.699
47.756 24.44
72.561 31.13
81.116 54.531
55.033 38.525
41.652 78.518
21.948 74.61
90.123 63.091
100.0 100.0
51.945 22.911
42.339 72.103
42.533 41.084
67.513 47.158
54.845 34.186
45.722 61.874
82.679 49.289
37.788 70.936
40.072 67.955
71.6 43.547
100.0 100.0
100.0 100.0
43.708 39.244
78.845 59.49
41.74 37.639
45.116 52.352
100.0 100.0
62.714 41.964
37.715 26.754
93.702 61.876
100.0 100.0
100.0 100.0
100.0 100.0
100.0 100.0
43.818 21.556
48.533 16.872
50.577 25.723
100.0 100.0
29.943 62.139
40.06 82.703
100.0 100.0
100.0 100.0
100.0 100.0
100.0 100.0
44.828 28.175
23.535 71.328
28.462 50.902
79.538 35.01
30.212 65.706
42.944 22.996
100.0 100.0
53.845 74.199
87.173 51.975
35.587 67.744
100.0 100.0
63.936 27.537
100.0 100.0
30.277 31.258
100.0 100.0
75.325 38.997
32.828 75.15
69.16 40.768
42.811 28.404
60.724 42.768
44.61 69.591
42.207 35.507
86.142 41.394
41.812 68.216
0.181 45.08
50.457 61.64
42.012 14.548
51.432 32.285
100.0 100.0
7.764 28.312
28.72 36.748
76.199 58.241
23.89 63.267
50.052 29.533
46.718 82.594
72.045 48.776
69.218 46.51
69.814 46.771
44.937 72.545
34.755 62.617
76.488 47.57
76.653 45.747
28.611 74.976
100.0 100.0
26.323 68.163
68.718 40.378
68.651 56.745
3.211 55.996
71.63 44.672
72.687 42.317
77.443 53.266
34.138 64.874
30.839 26.171
100.0 100.0
100.0 100.0
42.897 62.342
76.659 53.601
100.0 100.0
30.369 63.133
66.969 44.023
50.399 39.651
54.418 31.292
29.594 66.797
31.933 85.907
43.675 67.864
100.0 100.0
80.641 49.171
73.795 53.897
45.468 69.817
32.262 65.03
80.394 44.498
29.978 60.26
100.0 100.0
47.071 62.911
50.38 71.516
33.608 62.459
50.306 31.706
100.0 100.0
49.936 31.769
46.29 70.105
40.904 69.668
34.592 44.57
23.991 51.932
43.483 26.699
56.913 27.906
28.756 63.949
41.697 24.555
44.872 68.797
75.393 31.788
100.0 100.0
82.165 44.768
75.277 40.505
76.529 51.09
100.0 100.0
72.517 30.481
43.254 27.506
31.214 59.49
52.542 30.511
55.477 39.395
48.076 60.706
39.172 33.933
100.0 100.0
37.409 31.741
42.986 38.383
67.534 50.233
36.769 26.121
46.899 39.725
35.848 70.533
48.275 27.469
46.623 30.167
34.109 17.074
78.928 46.249
83.409 51.979
40.567 29.616
73.924 45.726
56.703 26.721
85.415 42.19
64.25 52.805
49.267 42.173
100.0 100.0
31.961 69.706
77.205 28.608
29.521 75.015
30.611 73.456
26.543 94.598
34.95 37.725
46.677 35.835
27.081 59.77
85.533 38.13
100.0 100.0
39.816 65.921
48.204 41.271
46.099 39.542
68.573 39.525
30.114 40.078
34.262 52.079
42.079 16.301
67.151 50.909
100.0 100.0
51.14 15.608
62.186 32.262
34.036 68.084
64.901 47.448
33.028 81.376
100.0 100.0
43.396 34.278
100.0 100.0
52.9 40.67
38.336 68.02
64.684 49.066
38.898 20.714
100.0 100.0
45.533 43.021
79.942 52.077
100.0 100.0
74.156 49.047
49.983 67.053
33.371 31.591
44.386 64.547
32.896 80.153
33.077 70.786
100.0 100.0
91.065 61.095
78.638 45.911
31.232 26.52
65.759 36.17
100.0 100.0
21.571 27.541
52.987 74.71
100.0 100.0
30.204 76.933
41.97 32.801
37.946 55.164
100.0 100.0
25.561 73.267
82.884 42.849
100.0 100.0
48.53 32.592
52.802 86.691
40.844 73.727
58.16 24.622
47.111 24.06
42.693 37.163
45.967 42.239
79.519 54.18
100.0 100.0
100.0 100.0
100.0 100.0
49.275 31.597
54.322 22.707
32.311 71.168
43.642 62.288
60.259 60.922
35.05 74.546
35.134 82.607
54.751 32.074
74.033 46.72
67.758 61.045
33.584 25.826
44.667 42.564
100.0 100.0
74.334 42.654
21.534 85.828
100.0 100.0
75.422 47.432
48.336 24.793
83.471 42.739
48.008 76.511
66.948 47.133
34.489 77.477
37.561 24.504
42.297 23.567
56.085 72.465
43.382 64.27
61.814 60.594
100.0 100.0
77.753 42.035
38.065 72.27
33.752 67.229
64.296 42.587
82.393 44.983
49.417 27.5
71.774 46.47
100.0 100.0
50.738 77.286
22.068 77.678
56.121 35.281
43.944 71.527
79.953 46.809
40.256 17.815
48.967 62.603
28.723 61.339
100.0 100.0
69.974 47.752
67.743 38.711
100.0 100.0
45.754 42.105
100.0 100.0
46.038 32.043
27.19 82.428
29.298 82.654
100.0 100.0
80.053 58.773
71.375 48.093
38.441 57.883
41.241 77.085
28.987 28.093
56.916 44.791
100.0 100.0
33.207 64.531
46.873 21.424
73.391 46.026
100.0 100.0
81.584 56.9
36.747 69.052
100.0 100.0
36.483 19.487
67.28 59.5
85.213 33.799
66.553 44.146
47.385 20.129
41.798 65.886
35.805 74.119
100.0 100.0
41.847 43.859
31.917 81.242
33.59 56.333
36.988 80.785
46.209 16.985
41.724 33.482
78.792 55.056
44.693 58.289
80.841 40.252
28.267 26.937
73.234 44.573
70.817 51.538
64.913 50.355
71.495 47.497
37.736 75.285
68.559 42.493
45.774 63.297
82.88 47.349
42.89 17.149
82.469 43.813
41.965 70.154
24.0 61.258
100.0 100.0
69.855 56.038
100.0 100.0
90.174 56.514
43.594 63.872
38.122 31.483
32.508 67.196
38.468 75.524
50.517 71.789
34.435 28.482
29.429 79.701
45.914 14.955
47.592 34.36
67.576 34.582
71.84 63.615
74.364 66.333
100.0 100.0
40.831 84.553
44.309 60.736
100.0 100.0
100.0 100.0
38.194 81.072
40.943 19.482
35.953 28.616
100.0 100.0
100.0 100.0
84.797 45.599
73.082 56.01
37.583 70.125
80.315 48.286
100.0 100.0
35.635 74.36
38.252 26.175
44.415 26.56
42.308 80.927
65.322 43.528
55.339 23.769
100.0 100.0
40.453 56.173
33.147 65.093
47.943 73.308
85.888 36.95
91.729 96.626
100.0 100.0
45.094 38.543
46.746 24.818
48.747 83.505
100.0 100.0
84.849 59.879
46.144 23.385
37.514 36.147
100.0 100.0
100.0 100.0
71.365 34.51
37.825 22.358
74.791 40.373
54.586 18.26
100.0 100.0
54.206 43.221
29.71 70.242
28.277 66.017
47.521 13.369
50.367 41.263
63.02 49.311
68.593 51.228
56.61 26.732
41.422 51.867
37.728 28.894
54.36 26.706
100.0 100.0
80.021 45.533
32.077 57.316
100.0 100.0
62.829 50.644
50.137 35.444
81.421 56.695
39.791 25.657
65.174 46.009
100.0 100.0
33.516 68.451
42.915 60.076
78.26 53.465
54.312 43.476
89.56 41.195
79.827 29.78
77.694 44.867
31.242 76.105
44.037 68.179
43.379 52.189
100.0 100.0
28.413 72.829
70.473 42.806
29.15 68.52
84.356 40.093
42.206 79.944
39.826 65.805
70.915 34.312
46.166 73.266
58.572 42.18
38.354 32.172
35.25 67.501
39.105 14.741
37.241 19.864
100.0 100.0
84.844 47.037
49.67 39.994
40.449 32.412
38.276 77.951
45.491 35.249
44.255 28.959
100.0 100.0
100.0 100.0
28.288 72.394
38.196 9.779
42.288 65.042
100.0 100.0
100.0 100.0
48.299 20.909
100.0 100.0
81.746 55.277
100.0 100.0
36.308 25.901
48.19 26.687
42.72 75.342
100.0 100.0
34.371 86.988
46.479 31.58
77.835 55.385
62.494 39.488
43.768 77.014
41.361 17.041
100.0 100.0
100.0 100.0
86.637 57.927
82.358 44.346
49.427 21.465
30.148 74.868
69.173 51.545
34.752 84.295
40.351 33.601
49.734 63.423
76.497 52.697
100.0 100.0
43.469 44.495
72.228 46.83
40.783 67.417
38.01 64.935
100.0 100.0
67.063 61.363
48.078 28.201
43.984 31.418
33.504 22.833
29.912 21.864
100.0 100.0
38.368 24.703
100.0 100.0
47.376 72.106
74.628 50.545
72.676 38.155
41.555 19.555
36.527 74.104
36.975 68.56
38.967 9.985
100.0 100.0
28.947 66.594
100.0 100.0
64.7 49.008
75.855 36.296
40.623 74.07
72.721 43.953
27.199 30.448
36.645 85.892
39.702 72.238
27.287 64.833
37.238 40.915
100.0 100.0
78.866 50.294
100.0 100.0
27.013 68.186
100.0 100.0
44.181 44.714
100.0 100.0
36.93 64.698
42.261 74.181
78.497 51.039
36.319 59.868
100.0 100.0
100.0 100.0
38.09 13.266
34.164 70.2
79.69 42.321
71.187 50.491
84.683 59.08
35.513 37.493
100.0 100.0
35.72 68.169
86.66 59.219
100.0 100.0
56.189 26.179
21.309 69.063
49.459 33.836
35.603 65.945
38.89 71.526
27.291 59.276
41.452 32.664
47.299 80.302
39.261 45.769
79.637 57.708
28.762 67.07
38.947 30.756
100.0 100.0
37.996 30.969
39.819 24.732
100.0 100.0
56.217 63.908
65.653 44.331
69.956 48.533
79.41 48.639
70.671 49.642
40.941 39.558
75.304 55.15
74.639 40.554
20.947 9.764
44.965 63.85
100.0 100.0
100.0 100.0
40.015 60.869
71.378 46.545
62.016 48.808
100.0 100.0
86.753 37.325
35.705 93.797
46.998 24.687
42.88 37.635
100.0 100.0
69.654 55.601
48.044 33.933
28.011 74.193
29.085 74.297
46.12 20.256
40.42 14.833
42.738 83.041
36.577 70.378
31.604 70.896
92.953 49.499
74.972 34.819
43.711 25.676
38.76 60.267
100.0 100.0
100.0 100.0
38.621 32.018
81.478 57.87
83.928 44.467
40.668 74.187
29.493 78.407
100.0 100.0
100.0 100.0
76.755 43.867
71.854 37.525
47.992 42.005
35.575 63.982
76.891 54.562
41.083 74.591
69.246 53.019
41.875 27.218
41.505 33.628
100.0 100.0
57.388 44.629
65.803 49.329
34.881 70.43
40.092 30.544
100.0 100.0
31.594 71.96
24.481 62.727
47.44 20.154
72.526 41.263
51.467 24.907
35.9 69.415
32.822 64.766
48.225 39.424
100.0 100.0
49.982 23.568
57.358 59.664
27.202 63.107
37.977 69.104
18.655 81.329
50.56 67.765
32.834 76.311
45.571 33.637
100.0 100.0
50.569 62.01
32.026 64.106
42.236 24.778
58.278 20.757
33.269 22.842
42.816 22.924
35.005 80.619
26.879 75.573
75.79 59.413
100.0 100.0
72.787 42.299
100.0 100.0
79.776 54.086
46.053 35.106
100.0 100.0
41.674 53.696
42.414 34.899
73.853 43.504
78.649 40.82
61.993 42.928
38.739 22.723
47.088 30.277
50.124 33.286
100.0 100.0
47.999 35.543
100.0 100.0
45.675 21.079
66.417 57.227
75.345 50.545
100.0 100.0
37.978 30.615
100.0 100.0
80.589 46.075
46.925 27.167
42.602 74.542
56.747 30.752
42.263 70.334
25.227 43.449
38.558 63.974
58.717 36.607
30.75 30.289
42.155 68.192
44.156 59.728
24.224 63.667
27.552 70.12
100.0 100.0
27.633 31.076
72.701 57.578
100.0 100.0
34.359 58.483
50.406 34.737
29.509 78.119
39.237 33.962
50.201 63.208
73.848 49.536
27.996 66.931
76.987 44.854
45.853 43.174
33.254 77.271
39.366 62.187
100.0 100.0
31.523 30.479
88.393 46.42
43.845 25.668
100.0 100.0
78.466 45.684
87.505 50.213
39.711 33.431
52.314 19.553
56.246 33.323
39.055 75.888
26.235 63.981
37.115 68.146
77.613 47.785
23.961 70.049
100.0 100.0
40.383 28.576
42.183 18.811
74.604 41.724
43.79 58.323
79.172 42.84
100.0 100.0
78.354 44.621
31.635 57.825
64.667 38.256
35.918 40.354
100.0 100.0
81.155 60.205
35.028 55.595
30.166 75.922
100.0 100.0
37.145 60.904
42.884 19.147
80.162 60.19
20.857 67.33
52.83 58.67
40.28 33.472
100.0 100.0
25.146 63.31
60.12 36.49
38.174 36.432
27.913 64.288
69.825 45.312
100.0 100.0
70.555 44.005
41.242 74.966
43.318 68.772
100.0 100.0
54.935 41.793
33.819 63.86
100.0 100.0
24.681 53.694
57.494 33.688
100.0 100.0
61.036 38.741
42.216 72.591
34.889 76.808
100.0 100.0
66.807 48.552
34.223 27.982
100.0 100.0
45.616 56.078
38.798 49.51
100.0 100.0
22.844 79.631
76.832 45.242
66.383 54.25
29.796 55.11
100.0 100.0
51.283 30.864
45.23 82.889
51.728 10.189
78.623 52.62
49.146 65.195
38.85 28.271
77.873 48.533
100.0 100.0
75.901 51.897
38.108 63.709
39.761 89.198
74.142 45.983
32.608 53.718
43.279 54.33
82.384 45.353
100.0 100.0
46.303 29.795
76.106 55.271
42.415 25.858
100.0 100.0
43.797 65.618
43.389 32.675
36.508 70.304
46.398 27.675
87.586 49.819
37.707 34.405
35.198 30.572
64.512 48.101
76.974 36.747
80.712 65.047
38.256 29.203
52.811 30.301
100.0 100.0
39.364 76.179
22.87 64.49
100.0 100.0
40.176 27.034
41.25 28.854
25.529 66.25
76.551 53.259
42.139 38.752
46.037 22.012
85.449 56.644
40.571 30.701
33.117 33.187
26.766 69.359
42.448 36.018
100.0 100.0
47.247 69.748
37.099 79.28
100.0 100.0
46.866 32.583
35.959 59.521
71.312 57.333
44.973 31.063
88.929 41.825
88.252 48.797
75.576 48.686
39.769 30.243
72.246 48.523
100.0 100.0
100.0 100.0
83.239 38.144
32.51 36.353
100.0 100.0
100.0 100.0
75.628 30.223
47.955 16.102
54.88 30.346
100.0 100.0
76.938 51.769
88.956 84.796
67.61 45.406
40.382 19.775
37.464 32.188
74.971 43.593
69.986 45.778
81.249 48.287
100.0 100.0
33.546 25.538
40.47 58.697
100.0 100.0
42.718 34.989
44.408 24.611
31.004 84.688
35.476 67.197
100.0 100.0
41.911 12.963
32.723 70.54
25.022 66.321
33.527 20.674
80.77 50.045
76.813 56.87
40.653 62.497
36.658 25.412
81.856 43.255
100.0 100.0
36.003 50.974
100.0 100.0
37.259 71.949
49.315 20.866
62.387 51.745
52.528 21.244
52.808 53.527
47.484 67.374
30.744 76.027
41.33 21.719
100.0 100.0
56.255 28.917
75.844 43.444
41.348 45.328
41.598 66.403
72.156 49.189
100.0 100.0
30.85 25.22
67.273 50.949
48.307 24.074
36.74 83.954
100.0 100.0
33.718 80.713
34.359 23.401
51.223 28.258
45.449 25.006
43.568 67.318
42.275 66.096
39.327 76.454
24.376 65.144
100.0 100.0
79.519 37.09
39.802 66.959
58.326 38.894
57.168 23.517
100.0 100.0
100.0 100.0
36.302 37.836
100.0 100.0
63.003 55.382
64.953 43.614
32.972 74.863
73.106 45.568
100.0 100.0
38.498 69.076
78.752 48.029
100.0 100.0
72.881 47.007
30.428 68.82
26.397 79.473
40.612 67.008
46.551 26.54
26.834 80.681
67.012 42.85
42.659 30.68
60.101 53.137
100.0 100.0
23.592 79.13
72.254 39.736
73.674 46.131
44.094 64.768
46.246 63.454
56.691 26.393
87.138 45.053
62.832 33.547
27.367 59.472
39.083 76.135
36.693 70.23
35.973 81.202
38.716 85.386
71.846 37.556
38.834 32.421
36.584 65.399
29.124 68.611
40.881 33.554
32.525 42.837
44.237 74.793
100.0 100.0
66.178 40.319
55.339 32.004
100.0 100.0
100.0 100.0
29.315 68.689
45.159 32.167
54.919 24.818
36.675 73.263
71.868 45.526
30.054 45.182
28.81 62.583
100.0 100.0
51.456 23.914
46.298 72.843
62.53 42.893
48.597 22.985
100.0 100.0
35.131 63.159
15.782 63.601
42.192 24.508
77.201 51.543
100.0 100.0
36.624 35.23
44.37 62.576
43.745 78.924
46.879 64.842
46.079 37.429
0.034 0.574
100.0 100.0
50.145 29.662
20.02 63.62
45.051 46.862
48.289 59.556
40.67 85.529
22.524 70.563
59.061 39.903
32.508 80.012
32.622 73.784
30.497 58.193
75.387 60.63
53.259 34.674
100.0 100.0
92.966 52.74
81.537 47.463
36.363 56.667
34.241 74.243
78.143 20.941
72.095 59.557
47.004 29.933
45.833 69.874
41.593 19.291
21.44 95.159
100.0 100.0
44.14 30.767
75.823 49.574
53.981 27.41
71.886 45.347
54.763 39.471
40.234 21.469
100.0 100.0
100.0 100.0
100.0 100.0
62.614 52.325
31.913 57.088
51.691 25.095
100.0 100.0
78.275 57.882
100.0 100.0
64.338 51.152
46.909 83.919
27.001 73.809
42.182 23.653
40.036 66.485
39.205 66.94
100.0 100.0
100.0 100.0
100.0 100.0
32.683 68.202
52.541 25.041
42.29 68.161
46.499 31.669
100.0 100.0
48.284 26.734
56.33 31.156
30.228 63.935
100.0 100.0
100.0 100.0
45.683 57.082
39.241 76.481
100.0 100.0
61.557 29.447
44.607 59.66
41.803 34.947
100.0 100.0
24.819 67.683
58.604 36.146
40.108 68.23
59.339 41.117
61.344 28.138
100.0 100.0
45.915 68.405
38.204 14.513
49.439 33.474
73.394 58.377
54.83 72.434
40.933 26.361
40.878 62.155
69.382 43.234
39.621 70.0
20.347 78.029
74.366 44.828
76.953 48.932
34.374 50.295
74.695 37.888
39.705 70.971
27.301 69.178
31.638 54.152
100.0 100.0
78.749 42.455
48.22 22.27
62.507 37.133
35.576 74.368
100.0 100.0
37.453 36.708
100.0 100.0
33.017 25.604
53.646 38.956
27.716 73.614
39.001 70.38
100.0 100.0
79.931 42.684
28.854 75.601
100.0 100.0
41.006 87.703
75.494 43.795
100.0 100.0
48.006 88.09
80.498 42.783
68.611 43.734
26.072 30.561
100.0 100.0
52.432 33.229
81.646 43.606
72.992 43.231
100.0 100.0
44.118 66.908
56.718 69.559
92.036 53.357
33.466 32.999
100.0 100.0
71.472 54.523
78.579 44.524
41.626 34.413
47.377 48.234
68.328 40.182
35.153 69.36
81.38 64.817
39.358 59.691
47.76 41.749
47.306 32.585
49.39 22.299
100.0 100.0
79.991 38.306
41.299 62.643
41.382 79.341
100.0 100.0
74.971 38.804
47.618 29.359
32.558 69.996
44.97 36.067
69.476 45.133
100.0 100.0
27.128 46.129
100.0 100.0
31.075 66.459
38.355 62.897
50.838 31.89
33.107 29.438
41.984 72.043
30.081 74.041
44.903 44.857
31.155 80.95
100.0 100.0
49.899 26.149
100.0 100.0
29.779 66.879
49.481 89.483
39.528 69.563
69.392 39.824
39.243 24.165
73.497 53.723
41.961 22.951
71.606 50.18
43.425 65.153
69.068 49.579
32.846 73.179
100.0 100.0
29.527 62.555
37.671 0.714
65.951 51.077
100.0 100.0
48.215 64.776
100.0 100.0
35.091 71.652
65.715 46.233
58.531 35.962
42.001 84.873
100.0 100.0
58.91 52.393
100.0 100.0
51.262 63.161
51.294 67.343
100.0 100.0
68.864 54.313
68.488 44.312
79.374 41.838
44.784 30.465
100.0 100.0
100.0 100.0
47.634 19.806
45.639 36.552
38.007 68.563
61.624 42.487
31.371 81.593
11.388 34.683
38.153 73.156
79.167 38.206
40.148 69.503
42.413 48.526
100.0 100.0
38.342 64.575
41.22 57.43
37.725 33.954
26.637 71.63
49.647 38.846
28.081 69.213
100.0 100.0
30.186 63.529
26.743 68.421
100.0 100.0
87.257 28.278
70.317 42.866
38.165 61.757
68.067 44.715
77.614 44.263
41.163 73.345
40.488 74.284
82.431 43.198
42.611 33.741
100.0 100.0
100.0 100.0
100.0 100.0
41.103 19.96
100.0 100.0
37.249 68.927
27.165 61.802
92.007 56.036
36.976 61.091
31.306 78.503
100.0 100.0
76.652 43.438
58.897 48.959
100.0 100.0
78.359 33.209
81.42 36.782
100.0 100.0
100.0 100.0
100.0 100.0
37.82 84.902
77.482 42.456
68.302 50.762
22.75 66.02
90.617 58.494
27.811 86.593
100.0 100.0
39.771 51.6
66.036 52.301
51.148 19.901
80.786 37.693
38.497 66.36
34.079 71.491
47.498 25.789
31.772 73.43
100.0 100.0
33.515 70.032
72.899 44.49
74.203 56.166
100.0 100.0
100.0 100.0
65.276 49.544
82.843 45.156
44.024 26.776
32.213 72.495
70.116 50.317
32.797 57.155
27.504 61.056
18.629 73.849
65.035 40.101
39.576 71.466
36.589 69.029
36.521 74.679
80.076 60.987
46.385 35.917
44.213 70.742
46.3 21.929
38.111 66.127
78.109 59.044
100.0 100.0
51.331 82.006
100.0 100.0
39.892 66.619
29.37 68.116
84.569 53.507
86.181 44.337
33.217 27.474
52.198 32.606
25.851 79.829
100.0 100.0
44.906 37.916
32.459 34.085
55.635 12.797
43.352 35.864
81.177 46.699
100.0 100.0
44.906 76.769
75.02 51.882
76.185 45.512
44.765 38.547
34.431 33.651
39.092 33.029
39.795 72.746
62.978 36.015
100.0 100.0
26.884 74.82
52.06 35.792
45.834 40.157
45.505 70.878
82.771 56.463
35.711 64.513
38.184 66.241
28.445 72.765
63.917 50.673
100.0 100.0
37.451 82.083
64.202 47.913
41.187 39.035
41.086 37.293
42.846 36.159
35.249 61.57
52.094 66.373
60.984 57.164
30.947 50.999
100.0 100.0
39.484 55.478
38.126 23.837
82.82 47.126
31.542 77.669
32.062 77.277
39.748 58.062
100.0 100.0
29.261 76.795
45.03 25.182
71.716 51.369
100.0 100.0
19.605 58.285
44.669 69.284
35.746 64.333
82.331 38.535
68.939 51.685
100.0 100.0
100.0 100.0
49.583 30.475
37.014 55.252
47.113 65.322
53.666 33.488
56.68 21.875
100.0 100.0
40.458 64.072
26.836 76.138
100.0 100.0
26.432 76.538
52.873 71.446
42.226 15.142
37.004 74.911
100.0 100.0
42.648 74.666
39.976 67.059
100.0 100.0
100.0 100.0
42.411 70.329
58.598 64.148
32.877 24.163
36.122 78.102
100.0 100.0
58.392 21.275
37.451 62.682
70.193 43.741
61.991 42.934
100.0 100.0
56.024 21.94
100.0 100.0
81.003 48.007
69.054 42.303
40.383 65.694
33.543 81.392
56.284 26.403
39.087 79.275
36.227 33.213
100.0 100.0
38.604 79.228
100.0 100.0
100.0 100.0
53.536 25.571
100.0 100.0
48.803 68.967
28.552 77.358
16.975 65.05
45.612 72.057
100.0 100.0
46.975 64.469
43.291 56.443
100.0 100.0
56.558 19.186
52.212 21.938
45.191 33.531
100.0 100.0
45.713 19.278
77.605 53.266
100.0 100.0
62.191 60.333
51.192 23.083
32.782 71.088
29.33 74.529
100.0 100.0
100.0 100.0
28.438 61.751
100.0 100.0
53.695 36.476
100.0 100.0
36.451 28.942
32.132 26.296
36.392 62.562
100.0 100.0
39.296 24.282
100.0 100.0
36.321 72.324
46.776 60.804
100.0 100.0
69.588 37.343
41.607 76.416
42.608 73.607
81.412 47.04
100.0 100.0
100.0 100.0
81.079 40.725
100.0 100.0
75.446 48.325
33.431 53.271
36.82 65.409
45.757 39.263
41.182 67.144
49.135 12.981
77.236 46.953
42.87 23.488
56.78 34.362
100.0 100.0
100.0 100.0
69.439 56.706
63.163 50.969
100.0 100.0
100.0 100.0
42.474 78.003
100.0 100.0
41.763 74.316
40.696 70.112
44.74 30.826
52.447 34.394
49.543 64.662
49.606 23.218
39.115 65.579
54.549 45.018
74.064 35.708
75.227 46.228
82.956 44.683
56.219 41.367
100.0 100.0
100.0 100.0
34.338 21.612
51.709 26.616
68.98 39.135
35.198 27.951
33.212 65.54
72.837 37.011
75.744 46.436
46.878 41.748
32.891 67.991
73.405 45.926
35.513 33.716
100.0 100.0
100.0 100.0
31.587 40.752
40.641 45.852
39.564 55.57
37.375 23.679
78.117 56.254
85.096 48.874
34.808 31.172
28.76 80.594
85.012 55.774
40.099 44.317
32.448 69.347
100.0 100.0
86.565 50.4
24.209 32.705
69.495 34.863
60.854 42.203
77.533 51.449
39.774 23.289
44.538 21.209
59.708 36.869
54.574 30.286
42.517 63.059
68.948 57.745
62.166 41.221
29.798 68.363
59.082 57.416
71.423 50.383
80.4 89.548
86.018 48.893
32.187 74.571
100.0 100.0
67.887 45.447
33.309 63.572
61.563 31.41
37.982 20.697
36.038 29.118
76.686 44.126
41.212 31.085
84.104 54.673
100.0 100.0
100.0 100.0
29.692 73.519
39.791 33.994
76.617 59.025
61.245 46.877
44.458 70.299
82.535 44.044
36.778 61.813
75.385 48.239
100.0 100.0
31.654 76.344
33.932 30.44
100.0 100.0
28.237 75.161
73.93 50.514
100.0 100.0
69.497 43.243
100.0 100.0
100.0 100.0
31.973 77.111
53.614 27.014
100.0 100.0
100.0 100.0
52.586 34.491
45.486 23.032
50.83 43.287
100.0 100.0
65.286 42.977
70.152 52.204
74.471 42.249
55.572 40.791
71.379 54.226
100.0 100.0
100.0 100.0
67.844 54.02
34.803 33.953
46.193 57.967
78.191 46.352
100.0 100.0
28.058 57.76
22.443 78.413
83.96 39.159
49.458 31.853
41.47 42.011
44.159 27.842
100.0 100.0
34.356 76.26
74.373 40.525
33.908 53.039
35.242 71.365
47.52 32.708
100.0 100.0
38.362 78.776
70.369 36.139
63.672 39.105
32.962 41.872
27.907 64.44
57.976 60.85
100.0 100.0
82.336 51.015
100.0 100.0
28.559 27.01
45.909 67.917
77.967 44.607
40.495 34.921
100.0 100.0
60.976 36.819
44.127 39.969
61.62 33.506
65.749 54.8
100.0 100.0
46.747 27.657
100.0 100.0
71.493 49.966
69.903 65.007
43.777 23.215
100.0 100.0
44.818 30.892
100.0 100.0
49.676 85.602
25.794 56.11
49.51 64.747
38.618 29.527
38.838 62.776
38.785 23.346
44.631 38.63
95.222 54.277
42.354 27.868
23.529 78.538
29.211 71.868
100.0 100.0
37.205 77.406
36.969 70.878
35.871 61.073
100.0 100.0
29.734 85.383
3.659 19.19
69.175 62.182
39.875 45.213
100.0 100.0
28.908 30.105
36.216 66.571
74.7 62.741
32.701 27.061
34.516 64.663
42.43 80.474
41.095 39.039
38.808 28.185
42.267 31.43
36.984 54.244
100.0 100.0
45.828 32.401
44.462 72.237
74.591 51.601
72.448 58.958
36.931 33.491
15.457 66.011
28.919 37.301
100.0 100.0
77.541 34.409
100.0 100.0
36.689 67.532
46.038 76.552
100.0 100.0
74.654 39.583
100.0 100.0
31.128 88.689
52.635 34.035
35.021 59.443
51.94 38.466
63.378 58.812
75.965 37.82
38.642 75.421
50.132 30.904
37.953 55.01
84.854 31.879
48.854 22.276
100.0 100.0
48.679 64.065
100.0 100.0
52.048 19.662
43.543 64.325
68.587 50.027
75.402 42.847
16.081 69.648
100.0 100.0
64.471 44.965
35.811 82.922
36.565 66.98
53.406 21.318
77.435 40.142
87.379 33.507
45.783 29.254
100.0 100.0
100.0 100.0
46.307 25.499
100.0 100.0
100.0 100.0
39.865 62.685
73.917 58.105
100.0 100.0
27.145 72.244
79.397 55.881
66.337 51.853
69.527 44.885
40.146 69.755
45.627 37.206
77.968 45.438
62.694 45.395
41.531 23.764
40.6 26.528
79.401 51.627
36.904 20.584
100.0 100.0
45.209 46.021
35.614 26.672
70.653 51.894
51.416 32.861
78.468 28.072
73.739 52.237
43.032 76.899
37.5 66.45
50.215 34.839
42.578 13.286
76.168 38.6
80.647 51.743
51.197 38.826
72.048 29.683
49.963 34.977
88.425 41.501
50.864 79.188
53.993 25.988
69.028 47.36
68.286 56.56
38.149 73.251
80.555 61.072
36.439 35.428
36.423 79.093
77.509 30.064
77.953 49.087
65.732 52.977
77.669 47.506
53.055 36.298
43.216 11.862
67.078 46.955
36.863 80.914
29.731 75.178
33.273 14.138
100.0 100.0
42.958 25.556
100.0 100.0
28.303 61.8
39.805 41.317
100.0 100.0
85.448 41.713
34.327 19.687
33.34 68.986
68.73 57.447
58.086 63.543
37.776 80.762
31.094 70.368
69.562 40.691
56.095 48.975
23.411 40.028
27.34 32.148
42.096 75.816
100.0 100.0
36.218 77.998
100.0 100.0
52.293 39.864
83.525 46.065
31.856 74.154
100.0 100.0
98.202 85.725
74.372 50.714
100.0 100.0
65.172 55.019
38.463 33.295
53.887 28.756
66.336 59.089
62.689 33.732
100.0 100.0
39.789 86.162
27.286 65.15
44.96 69.769
22.419 31.124
78.577 41.363
46.772 64.106
41.701 71.517
70.544 55.721
48.576 31.445
59.829 34.056
38.379 68.785
40.552 65.433
21.688 69.742
100.0 100.0
42.105 83.364
100.0 100.0
84.393 46.441
100.0 100.0
41.938 59.919
44.553 69.137
49.066 21.568
43.332 99.137
54.281 45.863
33.702 38.766
43.759 68.668
44.777 74.844
31.489 36.298
84.541 50.953
24.725 43.249
100.0 100.0
100.0 100.0
77.867 44.958
30.884 61.027
34.812 30.509
100.0 100.0
100.0 100.0
31.153 66.99
100.0 100.0
80.54 56.526
50.077 33.63
27.453 70.089
27.133 35.24
36.58 68.647
70.612 36.394
46.187 74.805
87.45 50.206
18.14 61.793
35.515 67.069
61.277 55.614
32.186 39.85
100.0 100.0
48.602 73.769
43.117 32.482
26.211 72.299
100.0 100.0
100.0 100.0
41.88 19.675
68.097 47.58
100.0 100.0
23.168 24.959
70.483 43.491
36.496 86.307
48.092 29.325
41.485 60.685
49.371 23.539
100.0 100.0
31.808 70.409
100.0 100.0
65.17 48.137
67.231 52.051
42.066 39.559
41.366 28.868
44.217 32.177
47.496 28.326
33.118 37.103
44.833 66.581
72.841 38.464
44.078 30.946
100.0 100.0
51.017 26.881
58.521 37.911
100.0 100.0
100.0 100.0
8.066 95.361
63.518 51.457
77.053 50.516
100.0 100.0
83.426 47.159
72.984 54.437
100.0 100.0
42.073 18.232
100.0 100.0
33.414 41.552
47.738 34.322
27.999 70.974
77.573 44.118
66.976 51.26
37.482 20.602
38.058 31.223
45.855 20.467
100.0 100.0
77.627 44.3
100.0 100.0
100.0 100.0
49.016 23.228
35.376 67.498
75.659 43.54
33.013 67.589
100.0 100.0
91.43 59.125
79.033 55.799
100.0 100.0
64.459 47.953
70.493 50.268
60.884 30.045
100.0 100.0
70.355 54.259
46.612 20.193
66.958 61.522
88.277 40.14
75.481 49.615
50.13 33.447
69.703 46.622
65.67 40.734
100.0 100.0
100.0 100.0
30.619 68.015
100.0 100.0
76.995 56.519
51.073 41.961
41.242 79.356
48.193 73.049
47.901 35.025
81.056 51.576
46.289 29.729
100.0 100.0
26.543 73.911
100.0 100.0
57.458 51.424
44.464 48.937
31.69 19.739
41.298 71.858
39.997 67.226
34.772 71.658
43.887 26.153
67.478 45.158
100.0 100.0
57.377 37.363
100.0 100.0
20.8 44.854
44.934 70.668
43.794 25.147
100.0 100.0
100.0 100.0
84.615 59.82
92.153 33.126
42.164 27.102
83.918 52.906
100.0 100.0
38.651 47.508
42.685 21.844
32.86 30.113
32.76 34.593
100.0 100.0
80.693 72.653
100.0 100.0
30.322 65.471
43.941 23.699
100.0 100.0
51.338 76.541
57.573 72.117
41.026 33.588
38.404 25.331
67.606 60.287
37.066 82.48
100.0 100.0
78.981 53.354
28.477 60.256
84.23 48.262
45.535 74.326
47.254 24.107
36.26 85.295
76.515 35.947
42.217 23.563
34.533 65.741
40.134 41.601
100.0 100.0
34.739 64.22
32.065 74.846
100.0 100.0
64.458 30.789
71.767 52.871
37.4 73.084
78.591 35.688
100.0 100.0
33.652 66.686
100.0 100.0
81.647 42.351
80.929 61.306
46.392 30.523
45.24 27.392
27.819 25.738
80.537 54.084
81.331 35.662
100.0 100.0
54.743 51.458
34.757 73.642
100.0 100.0
21.946 66.338
32.781 78.28
68.463 35.049
100.0 100.0
51.933 35.999
79.142 61.478
51.118 29.425
29.864 80.456
41.354 16.872
50.244 32.356
49.198 38.24
46.003 23.477
100.0 100.0
67.849 57.718
37.01 61.266
46.688 65.817
100.0 100.0
42.259 66.473
48.524 72.58
29.955 67.939
70.621 46.592
28.212 69.797
26.256 73.838
35.598 38.928
35.932 41.39
28.258 40.989
78.909 45.904
82.715 49.472
60.739 39.367
100.0 100.0
31.961 39.116
100.0 100.0
44.297 72.468
49.547 25.238
100.0 100.0
39.544 34.191
100.0 100.0
44.801 72.43
42.109 63.907
45.371 64.761
46.341 69.852
31.716 24.922
44.194 66.427
32.148 73.372
51.238 45.394
77.48 59.162
32.392 63.587
43.534 44.259
45.699 19.711
100.0 100.0
90.307 42.494
100.0 100.0
70.094 49.427
36.275 27.293
66.965 34.38
47.03 22.713
66.114 45.484
38.079 72.876
100.0 100.0
56.547 17.204
76.475 39.063
64.784 53.409
39.604 59.057
81.346 44.362
21.812 19.008
31.672 50.713
29.843 66.327
41.504 30.162
72.143 31.104
100.0 100.0
39.74 73.19
100.0 100.0
52.086 90.379
100.0 100.0
77.39 34.169
26.029 77.287
100.0 100.0
44.065 25.301
56.573 21.496
79.139 47.183
100.0 100.0
51.223 29.58
40.292 60.333
71.565 40.972
44.888 34.094
36.533 72.206
49.932 32.858
42.998 33.915
100.0 100.0
81.194 52.345
81.262 53.95
82.335 47.789
53.087 36.426
47.234 76.849
55.561 33.272
34.512 29.336
44.11 14.151
51.75 55.367
100.0 100.0
79.964 52.769
41.986 78.562
29.374 19.956
67.882 42.662
65.41 52.644
100.0 100.0
79.111 42.938
87.293 43.657
70.576 39.655
33.6 39.112
78.362 53.921
65.381 51.251
100.0 100.0
53.304 49.848
70.93 45.839
25.598 66.564
35.396 68.997
55.169 23.951
54.832 20.625
32.9 55.285
70.533 49.834
100.0 100.0
76.47 28.456
100.0 100.0
100.0 100.0
66.909 48.865
27.175 64.05
96.439 46.437
36.589 61.12
36.272 68.494
52.869 40.344
41.929 47.484
49.212 33.421
24.208 65.55
41.046 66.436
76.34 49.098
100.0 100.0
67.218 44.767
61.337 52.936
68.337 48.517
46.098 67.706
36.638 66.302
100.0 100.0
73.249 44.691
31.078 64.429
41.675 69.546
87.813 46.061
34.504 62.783
51.51 69.144
54.921 50.766
77.249 40.571
72.693 34.275
42.848 61.685
58.94 22.445
27.659 71.373
42.791 86.11
100.0 100.0
100.0 100.0
78.1 59.832
38.174 36.148
77.134 46.876
32.846 44.547
51.371 34.113
74.801 63.567
39.8 33.891
78.655 45.993
100.0 100.0
0.483 25.442
100.0 100.0
26.05 67.358
87.841 55.251
99.444 8.608
41.797 81.492
54.758 28.689
100.0 100.0
92.22 50.398
23.777 79.111
35.911 64.122
69.485 59.452
100.0 100.0
47.88 29.566
43.677 71.668
47.254 23.266
58.396 49.039
50.244 29.946
49.7 67.484
78.491 38.81
55.933 25.434
57.176 20.036
100.0 100.0
85.799 61.294
46.035 67.849
95.855 79.555
30.167 79.156
51.366 37.698
39.051 32.097
66.094 64.287
42.263 17.755
74.892 44.29
50.426 61.527
69.389 42.484
43.337 27.999
46.6 71.875
73.291 52.642
100.0 100.0
85.379 46.535
44.549 32.798
72.45 34.2
44.94 78.552
50.642 41.481
65.591 42.849
33.816 70.623
48.352 16.058
100.0 100.0
74.559 42.999
56.54 35.21
100.0 100.0
44.786 32.726
82.011 53.644
40.788 50.152
78.748 66.568
100.0 100.0
57.299 30.039
85.727 50.037
34.56 71.85
39.06 19.907
62.822 39.616
37.126 66.621
40.953 31.186
65.889 42.181
36.847 36.153
79.333 54.625
45.232 61.79
68.067 49.128
55.415 30.483
100.0 100.0
57.065 39.521
40.155 27.651
45.5 87.422
100.0 100.0
34.394 50.539
64.618 45.793
31.004 28.827
29.863 67.288
55.553 62.867
49.792 18.161
100.0 100.0
34.117 75.976
100.0 100.0
81.637 42.77
40.058 33.822
100.0 100.0
38.056 68.401
42.515 26.863
72.095 41.73
39.161 43.227
100.0 100.0
45.858 29.618
31.089 68.648
75.175 53.052
49.797 68.242
82.417 56.013
68.003 39.998
100.0 100.0
100.0 100.0
56.43 24.604
43.839 20.035
53.734 24.982
100.0 100.0
74.846 51.47
100.0 100.0
100.0 100.0
34.281 74.214
76.665 48.452
25.232 66.484
80.486 41.191
100.0 100.0
81.473 49.579
42.983 24.718
37.7 21.716
43.871 73.928
26.888 72.925
54.439 36.608
32.101 66.489
31.504 72.569
42.148 28.74
100.0 100.0
81.973 33.681
79.113 46.359
46.412 43.079
26.288 60.801
44.081 29.655
38.371 76.786
100.0 100.0
49.408 35.144
29.83 70.708
54.857 28.175
100.0 100.0
43.666 31.797
78.72 39.921
100.0 100.0
100.0 100.0
100.0 100.0
37.498 22.243
59.179 43.454
75.268 42.182
39.974 31.635
72.831 51.937
45.592 29.028
100.0 100.0
100.0 100.0
48.996 62.148
100.0 100.0
73.067 50.899
70.522 49.168
32.614 47.73
45.621 22.494
48.781 73.538
40.141 62.657
74.826 48.578
36.316 22.395
100.0 100.0
100.0 100.0
35.412 64.142
32.198 79.129
100.0 100.0
60.557 43.618
46.002 37.159
43.136 31.429
82.217 47.964
62.873 44.755
45.483 26.072
89.054 49.667
43.586 25.421
57.896 43.03
45.542 32.274
52.87 30.412
45.0 75.909
78.263 34.448
100.0 100.0
100.0 100.0
55.525 20.984
36.744 68.318
100.0 100.0
43.753 77.26
100.0 100.0
41.601 63.408
100.0 100.0
76.14 57.838
100.0 100.0
63.254 47.183
36.812 87.411
70.583 40.013
100.0 100.0
38.818 33.184
100.0 100.0
100.0 100.0
37.209 82.363
77.243 50.17
69.367 67.724
44.438 2.234
48.789 26.146
66.207 35.942
47.686 28.713
33.757 19.551
34.498 50.864
75.073 41.167
100.0 100.0
59.966 62.721
77.13 28.664
77.811 50.596
73.411 40.214
59.31 24.718
13.333 61.252
100.0 100.0
100.0 100.0
38.341 35.492
46.929 35.296
62.149 35.264
75.641 40.281
37.37 64.697
100.0 100.0
38.783 70.378
39.562 73.899
100.0 100.0
100.0 100.0
66.706 57.927
100.0 100.0
49.194 82.422
100.0 100.0
38.915 21.583
51.691 67.13
100.0 100.0
54.52 25.801
66.102 34.314
100.0 100.0
70.362 60.207
59.418 47.881
36.63 67.474
61.681 63.406
50.374 34.72
100.0 100.0
68.13 50.133
61.991 50.269
45.466 22.271
49.266 31.405
87.555 46.5
72.814 47.902
36.749 71.761
50.782 42.242
78.351 69.487
41.748 25.808
51.295 25.645
100.0 100.0
38.57 76.066
33.387 63.267
100.0 100.0
77.864 43.594
100.0 100.0
38.819 66.459
71.626 52.581
44.696 21.983
36.353 73.186
43.091 26.254
83.934 39.326
46.339 41.2
34.828 27.86
46.902 23.89
70.121 53.482
49.75 27.912
49.067 22.788
35.195 38.136
34.697 60.496
47.935 25.533
37.422 65.361
77.789 51.619
30.757 71.513
100.0 100.0
47.026 46.518
49.088 68.497
51.163 37.514
22.151 67.391
74.468 39.423
67.894 41.99
41.88 32.678
48.916 62.796
80.447 52.541
47.163 23.978
24.739 71.597
37.24 29.388
51.694 39.457
31.864 62.221
40.668 72.487
100.0 100.0
100.0 100.0
44.84 72.599
40.028 60.609
44.601 33.034
100.0 100.0
55.356 81.544
47.631 25.065
84.362 35.458
100.0 100.0
100.0 100.0
31.816 65.96
76.364 46.688
100.0 100.0
100.0 100.0
35.484 63.052
85.285 38.583
28.5 36.884
100.0 100.0
100.0 100.0
49.869 31.972
50.28 72.624
81.016 44.071
38.571 65.196
45.182 35.311
79.398 48.159
36.763 92.134
73.376 57.142
72.083 42.677
100.0 100.0
72.03 35.832
72.548 37.234
48.697 19.173
49.915 26.921
41.25 67.974
40.763 24.666
67.336 57.812
36.933 61.058
47.352 63.598
83.661 51.662
76.245 45.119
100.0 100.0
24.594 66.612
77.646 60.602
42.106 68.553
25.898 38.104
82.286 48.948
84.45 39.017
42.983 71.414
28.07 63.365
83.437 37.921
100.0 100.0
100.0 100.0
78.594 57.859
26.93 69.547
100.0 100.0
37.343 76.825
25.883 68.76
61.029 42.49
73.323 57.74
45.926 35.805
83.448 58.621
81.682 47.167
31.433 70.744
26.103 67.078
100.0 100.0
51.179 20.005
100.0 100.0
52.33 32.014
50.66 33.011
54.964 46.675
25.3 51.116
100.0 100.0
35.78 25.908
66.495 65.387
42.994 32.443
100.0 100.0
50.985 77.195
100.0 100.0
64.27 47.448
50.223 74.504
24.374 60.553
37.802 74.43
29.37 63.799
41.207 39.257
35.476 70.956
82.3 47.388
38.07 46.078
84.065 41.627
30.987 69.198
75.864 37.789
34.078 37.403
73.907 44.026
70.613 37.547
70.769 42.907
100.0 100.0
73.222 45.125
35.23 24.625
27.974 48.489
86.514 59.718
27.183 73.329
81.083 34.584
90.873 48.388
100.0 100.0
45.187 30.375
63.537 42.953
34.304 35.907
53.989 23.683
37.923 17.218
100.0 100.0
100.0 100.0
34.375 76.61
79.793 46.483
86.86 50.179
36.258 64.865
100.0 100.0
27.394 63.763
100.0 100.0
100.0 100.0
43.312 67.936
75.632 44.66
100.0 100.0
23.164 70.483
47.764 18.354
45.472 71.862
45.845 84.826
30.39 62.942
32.395 76.553
26.932 76.2
95.168 50.357
78.36 39.264
33.965 20.011
35.485 55.008
36.65 68.519
36.857 32.792
44.809 37.57
100.0 100.0
48.448 31.929
43.887 56.024
28.189 62.926
100.0 100.0
82.87 50.932
32.496 65.289
100.0 100.0
41.785 42.543
100.0 100.0
38.4 36.535
65.807 48.18
32.433 31.77
77.81 37.347
43.023 69.253
100.0 100.0
26.744 73.832
100.0 100.0
100.0 100.0
100.0 100.0
33.173 62.599
88.258 58.628
71.077 55.264
100.0 100.0
40.489 46.153
76.872 58.749
73.612 60.129
100.0 100.0
80.89 56.554
100.0 100.0
74.492 46.209
39.93 21.167
51.458 18.804
64.285 31.611
53.664 33.562
100.0 100.0
30.319 73.566
100.0 100.0
100.0 100.0
69.623 43.837
38.007 37.429
43.967 21.519
54.014 68.706
40.629 68.59
69.596 60.345
79.968 0.309
34.159 25.411
51.335 35.745
64.421 43.973
51.984 14.336
38.852 75.672
46.946 28.689
43.299 34.485
80.013 45.657
73.467 61.442
83.76 52.388
69.262 40.626
29.532 70.831
36.465 70.944
100.0 100.0
100.0 100.0
78.676 54.142
69.566 41.576
36.229 54.927
31.261 70.578
80.127 52.021
36.333 58.452
69.424 50.692
36.69 65.531
80.701 60.159
100.0 100.0
65.661 50.092
36.441 75.483
35.3 71.981
78.436 60.942
50.489 18.201
91.15 36.153
50.889 68.551
41.132 38.734
71.281 36.057
73.798 53.568
44.814 20.55
28.845 83.506
100.0 100.0
26.539 65.419
35.356 72.076
25.895 64.677
63.846 47.347
71.349 45.362
100.0 100.0
69.977 46.29
46.69 32.095
100.0 100.0
39.869 82.703
100.0 100.0
100.0 100.0
47.494 28.061
34.374 76.952
52.932 36.363
64.204 38.277
35.317 74.361
42.303 28.113
34.976 34.345
64.423 53.033
34.507 31.784
33.536 32.163
100.0 100.0
87.863 40.926
18.645 26.302
32.708 69.072
50.837 56.272
54.684 60.322
29.016 30.191
100.0 100.0
42.596 26.578
41.666 33.658
83.456 50.154
20.203 80.906
86.122 52.091
100.0 100.0
100.0 100.0
62.927 56.999
47.003 37.591
72.051 55.588
26.007 23.974
39.19 32.315
40.924 36.307
67.169 49.11
44.606 79.25
32.793 43.142
53.168 22.473
100.0 100.0
49.601 40.486
27.592 57.195
67.989 42.187
48.548 76.772
100.0 100.0
100.0 100.0
41.975 74.536
28.783 65.117
45.848 30.651
37.758 30.129
76.079 52.845
67.721 55.131
44.59 62.366
37.603 54.581
100.0 100.0
41.606 34.908
44.648 69.027
58.738 53.464
44.861 38.315
24.483 24.121
34.349 16.486
37.08 64.282
63.443 50.212
84.298 56.227
100.0 100.0
47.386 30.54
70.105 48.141
37.017 73.685
41.109 69.815
35.39 75.785
43.274 28.295
30.646 69.287
38.853 34.642
100.0 100.0
36.133 28.017
100.0 100.0
82.634 51.784
42.803 24.084
100.0 100.0
19.582 71.665
43.569 22.619
100.0 100.0
47.211 70.383
100.0 100.0
41.202 60.251
74.961 41.901
67.237 43.642
29.653 27.065
78.615 35.802
100.0 100.0
42.953 68.202
34.306 66.653
61.81 59.779
40.198 75.595
34.235 28.352
68.011 45.035
100.0 100.0
58.852 32.424
33.37 69.929
71.534 61.955
35.594 56.065
47.801 22.625
22.387 62.613
45.113 73.689
33.06 66.272
27.164 69.629
100.0 100.0
68.725 52.001
100.0 100.0
56.451 27.511
47.236 28.119
46.701 28.644
74.978 52.722
100.0 100.0
48.874 10.761
44.956 27.404
43.223 59.483
65.898 47.929
80.198 44.085
100.0 100.0
44.743 36.077
32.918 70.029
65.484 23.236
58.183 43.529
26.416 58.254
100.0 100.0
100.0 100.0
77.991 43.666
58.247 42.861
85.931 40.443
58.418 53.698
70.221 45.256
44.851 15.417
36.288 82.229
66.776 55.698
67.057 41.49
73.197 43.083
64.015 52.486
32.797 72.023
82.92 61.489
100.0 100.0
50.547 29.557
46.196 76.986
38.082 28.614
100.0 100.0
80.801 34.816
74.477 52.858
37.92 43.233
100.0 100.0
32.389 56.277
38.536 31.565
85.307 37.693
28.163 34.838
32.562 58.813
66.669 72.444
100.0 100.0
66.029 52.663
100.0 100.0
38.242 60.783
100.0 100.0
70.398 51.835
100.0 100.0
100.0 100.0
26.927 68.82
78.539 42.822
46.078 39.192
41.662 27.308
100.0 100.0
100.0 100.0
61.782 36.065
74.167 36.104
31.152 77.489
23.84 70.638
26.091 77.973
50.373 98.832
100.0 100.0
100.0 100.0
41.638 27.522
27.899 70.424
100.0 100.0
48.638 29.371
34.95 23.323
24.153 52.901
42.077 71.802
74.032 53.627
38.52 35.24
36.827 29.623
37.467 30.039
84.442 62.314
31.114 71.575
71.804 50.244
39.563 74.869
40.592 42.63
40.312 67.608
100.0 100.0
100.0 100.0
62.984 51.726
68.676 46.754
100.0 100.0
37.167 59.925
100.0 100.0
100.0 100.0
33.433 26.617
100.0 100.0
39.822 70.902
57.781 41.17
29.512 60.912
70.808 49.324
71.532 57.713
100.0 100.0
75.337 40.257
100.0 100.0
38.601 72.487
77.336 52.668
73.957 46.279
38.599 63.874
72.488 58.948
42.943 36.104
43.517 30.305
100.0 100.0
71.916 30.99
36.208 62.796
30.509 74.666
47.958 38.903
40.231 80.134
67.497 31.727
100.0 100.0
100.0 100.0
67.036 34.926
48.835 39.984
42.019 71.133
75.632 62.25
60.296 40.107
41.232 41.596
31.99 71.792
79.634 66.063
37.875 24.748
100.0 100.0
39.377 59.96
53.851 19.117
53.976 40.979
47.299 23.147
64.846 7.307
51.422 63.627
72.897 50.87
75.664 47.059
42.176 48.305
72.468 55.519
27.717 68.608
32.496 30.022
38.808 59.482
47.534 32.358
100.0 100.0
78.523 47.679
45.048 29.653
89.464 33.438
71.292 43.166
100.0 100.0
100.0 100.0
34.351 58.743
36.086 18.203
39.797 32.774
44.295 73.069
100.0 100.0
32.99 75.231
38.667 34.872
100.0 100.0
91.492 63.567
27.638 71.444
57.156 40.876
46.828 60.862
46.159 27.117
72.463 58.102
100.0 100.0
100.0 100.0
29.793 67.877
48.933 21.289
80.743 56.849
37.304 79.472
84.771 44.46
29.335 64.698
44.813 21.183
40.914 42.942
25.589 68.44
76.861 46.922
43.37 65.416
100.0 100.0
73.662 44.761
50.507 44.514
53.737 58.774
43.967 75.636
100.0 100.0
38.603 73.132
68.182 2.118
46.793 59.782
100.0 100.0
49.077 59.015
57.68 53.467
60.577 19.009
27.427 64.878
100.0 100.0
42.431 67.963
33.175 59.359
42.035 24.16
42.801 71.59
56.866 48.486
44.309 76.122
100.0 100.0
62.883 25.733
40.547 29.194
50.766 12.946
100.0 100.0
60.345 49.04
100.0 100.0
100.0 100.0
76.621 50.799
50.089 29.561
75.361 40.267
100.0 100.0
51.233 39.777
62.831 40.744
76.932 37.007
78.309 45.093
46.336 34.634
100.0 100.0
32.074 15.115
37.316 23.853
46.035 32.737
100.0 100.0
54.516 43.548
50.765 37.148
14.849 11.996
100.0 100.0
73.48 35.116
36.104 81.755
52.041 22.58
78.125 41.88
40.742 21.378
100.0 100.0
100.0 100.0
100.0 100.0
100.0 100.0
100.0 100.0
20.893 55.281
32.404 27.762
40.805 26.403
37.418 50.285
60.598 33.339
33.227 66.139
54.561 35.142
51.599 31.762
73.802 45.962
46.99 83.853
54.114 32.963
100.0 100.0
100.0 100.0
50.431 33.879
13.326 73.711
58.523 23.988
100.0 100.0
63.159 50.84
57.182 37.593
26.533 73.56
67.816 42.265
33.338 70.531
100.0 100.0
49.247 68.575
51.173 36.075
34.15 72.503
40.663 30.219
32.274 77.852
44.588 47.317
44.724 36.347
45.871 30.153
44.504 20.355
42.2 73.767
28.537 65.611
66.569 35.103
40.811 19.863
60.078 47.663
35.925 70.031
100.0 100.0
75.784 43.573
37.014 35.256
82.3 44.708
76.497 48.137
100.0 100.0
100.0 100.0
37.075 31.266
70.577 53.08
79.5 59.063
67.34 40.582
47.015 22.517
35.047 51.99
63.678 36.219
49.892 70.599
80.763 57.378
36.055 40.439
51.822 68.184
100.0 100.0
31.97 74.197
87.009 48.177
100.0 100.0
70.446 38.345
100.0 100.0
72.727 52.022
53.843 30.751
41.826 34.638
100.0 100.0
69.254 58.999
52.001 14.874
41.885 22.336
84.634 53.288
3.271 8.452
62.368 56.028
77.267 56.736
80.019 52.156
25.544 58.023
100.0 100.0
100.0 100.0
39.108 35.585
39.725 25.999
50.115 63.26
100.0 100.0
34.361 20.498
100.0 100.0
73.176 58.022
100.0 100.0
40.751 53.832
100.0 100.0
44.216 25.105
39.462 65.43
40.853 32.21
67.776 37.118
84.567 40.159
100.0 100.0
32.961 31.094
89.641 48.669
51.229 60.798
68.13 56.282
48.48 71.677
51.459 36.736
30.137 67.936
78.048 47.222
82.979 49.626
45.635 28.478
45.988 37.536
33.717 72.351
50.992 34.86
93.297 9.711
40.516 78.856
44.854 71.996
39.23 25.729
80.691 52.051
100.0 100.0
4.884 69.466
52.637 36.638
100.0 100.0
57.069 51.31
40.833 27.96
37.599 70.855
29.187 58.917
33.425 81.372
15.715 73.991
64.702 46.502
44.785 35.486
30.627 76.399
53.641 24.663
55.147 39.048
33.389 74.949
39.642 24.459
36.644 82.438
47.864 36.947
57.632 33.088
81.497 42.947
52.543 17.317
48.372 19.057
70.883 60.344
52.79 29.035
65.477 56.675
100.0 100.0
29.061 86.127
42.865 27.856
31.803 58.865
30.619 61.109
25.9 52.975
33.619 62.579
74.989 35.613
81.069 55.963
49.792 34.16
34.397 38.719
63.397 36.562
100.0 100.0
35.892 26.242
45.204 21.418
84.109 33.411
75.953 56.321
34.403 79.528
100.0 100.0
41.14 63.663
100.0 100.0
43.651 61.654
43.474 55.825
67.353 60.771
100.0 100.0
100.0 100.0
100.0 100.0
100.0 100.0
32.507 79.306
81.636 28.866
45.353 35.905
49.229 32.959
100.0 100.0
74.619 53.188
11.947 80.538
39.136 29.324
84.506 41.234
74.589 42.947
42.966 72.637
78.157 58.227
44.0 28.478
76.478 37.976
61.948 51.258
41.63 34.988
100.0 100.0
78.941 47.033
24.772 74.434
74.39 58.819
77.591 48.642
46.963 34.598
100.0 100.0
31.508 65.091
41.523 58.555
100.0 100.0
33.885 36.037
43.573 81.171
44.802 69.112
75.5 54.629
100.0 100.0
56.731 23.96
100.0 100.0
54.332 33.286
35.857 66.69
100.0 100.0
36.045 81.315
100.0 100.0
83.985 47.495
41.582 73.955
100.0 100.0
38.841 27.185
38.737 72.491
30.799 70.436
78.426 39.975
34.329 20.386
100.0 100.0
100.0 100.0
81.505 32.398
100.0 100.0
48.105 68.424
33.849 49.249
100.0 100.0
45.876 68.834
79.679 45.665
47.367 23.554
37.544 78.889
38.331 70.49
20.927 64.943
84.993 57.834
31.843 14.467
42.161 32.66
63.878 32.215
40.093 18.464
55.692 39.654
70.872 41.839
32.333 29.349
32.404 64.127
43.328 32.625
100.0 100.0
89.819 53.262
100.0 100.0
46.848 71.837
28.715 64.1
74.386 47.572
100.0 100.0
100.0 100.0
76.343 43.137
43.943 33.91
46.001 73.618
38.119 66.439
74.981 49.129
100.0 100.0
100.0 100.0
61.237 42.085
100.0 100.0
85.783 62.078
84.739 56.508
100.0 100.0
100.0 100.0
64.629 33.592
39.178 27.724
48.348 25.812
32.451 78.805
84.037 48.023
78.146 46.526
37.969 75.551
38.077 51.624
38.449 60.226
82.334 47.886
66.091 44.166
40.199 70.921
37.721 24.356
0.137 76.395
51.189 21.888
27.417 87.004
39.08 64.828
51.655 65.009
82.576 28.64
28.698 66.115
79.61 39.622
27.696 47.192
30.579 64.103
100.0 100.0
38.089 76.343
74.196 46.532
36.839 65.437
35.335 22.751
36.06 73.163
35.608 74.278
100.0 100.0
100.0 100.0
45.822 26.079
100.0 100.0
39.005 70.562
47.28 31.289
85.73 45.603
90.429 35.739
56.874 40.868
80.427 36.66
47.163 32.501
100.0 100.0
48.16 29.304
37.896 62.431
32.369 69.674
100.0 100.0
60.625 67.364
77.021 47.948
14.847 4.855
65.751 31.365
100.0 100.0
48.37 39.34
39.948 68.772
100.0 100.0
28.729 76.168
76.789 50.084
57.126 36.06
34.187 33.078
80.505 50.068
27.843 74.022
43.378 25.508
100.0 100.0
85.925 56.613
72.303 46.711
52.781 22.226
100.0 100.0
100.0 100.0
76.784 60.624
51.437 36.109
85.107 44.004
17.339 80.429
45.648 69.294
43.854 13.307
78.789 36.884
65.466 57.668
55.796 18.805
71.479 41.684
100.0 100.0
41.704 44.542
41.83 32.358
23.132 79.953
50.188 22.232
26.856 77.419
72.45 45.475
35.904 39.652
70.744 51.418
63.465 42.56
74.21 56.906
40.995 37.522
100.0 100.0
40.641 33.72
32.814 74.783
42.685 27.513
68.749 60.723
75.743 39.559
97.795 43.4
91.932 53.736
65.335 54.46
80.719 43.072
89.727 32.146
33.485 61.627
18.055 72.189
51.618 39.768
66.886 50.721
100.0 100.0
36.148 33.45
61.85 44.018
95.814 42.863
46.619 25.646
100.0 100.0
60.121 47.708
52.579 39.436
100.0 100.0
35.632 31.272
44.95 43.02
30.269 77.222
27.662 33.966
81.396 47.049
68.89 92.405
100.0 100.0
33.096 73.731
80.574 48.515
84.421 73.786
100.0 100.0
65.119 47.726
39.507 63.682
40.265 69.413
27.325 76.055
66.324 40.297
79.084 52.35
68.95 65.338
67.889 39.105
100.0 100.0
41.6 59.531
100.0 100.0
33.112 50.969
100.0 100.0
27.976 72.538
48.865 19.459
100.0 100.0
71.982 52.598
79.912 40.192
67.433 49.076
75.755 55.318
100.0 100.0
28.764 36.427
52.48 30.998
69.854 41.592
100.0 100.0
37.093 37.253
2.237 97.203
68.556 37.389
76.631 41.152
51.699 26.024
100.0 100.0
29.713 72.897
79.808 46.881
37.502 34.332
62.486 56.296
100.0 100.0
37.304 44.38
60.257 26.531
100.0 100.0
100.0 100.0
67.357 54.551
79.844 46.775
33.038 79.735
40.515 29.092
29.973 27.268
45.302 77.334
100.0 100.0
38.009 34.572
57.654 35.688
44.515 30.23
67.209 41.852
43.315 70.005
50.768 37.276
81.544 40.997
39.832 60.116
49.141 63.578
41.867 31.89
43.224 76.314
100.0 100.0
35.913 18.607
84.386 45.592
79.194 59.435
40.548 55.395
65.724 47.524
47.245 42.228
29.748 81.192
26.503 28.654
31.936 74.753
48.901 44.92
28.739 63.177
87.382 38.545
43.776 69.047
61.293 47.597
68.861 57.789
45.464 31.519
39.44 14.055
37.884 45.273
49.706 28.522
100.0 100.0
64.324 53.335
83.05 38.034
39.016 17.217
47.136 55.71
46.214 40.516
31.646 60.623
73.016 40.863
75.397 50.168
29.656 75.195
80.886 49.598
34.614 28.989
100.0 100.0
52.585 37.036
63.497 31.018
35.015 74.025
29.597 61.894
100.0 100.0
46.985 58.575
73.655 46.575
70.696 44.587
74.944 56.67
100.0 100.0
68.098 70.7
41.298 29.734
34.42 59.58
28.401 48.642
41.313 66.975
35.972 66.592
44.161 28.476
56.312 32.177
67.203 48.592
60.617 45.624
63.331 39.727
74.003 37.987
80.198 49.68
100.0 100.0
45.124 26.371
39.281 42.23
100.0 100.0
39.001 89.886
79.514 40.505
53.4 21.477
56.451 35.877
45.309 19.93
36.975 85.852
57.933 75.654
54.915 30.197
60.832 46.089
44.868 36.937
33.543 32.765
32.026 27.162
67.278 54.343
33.565 55.584
100.0 100.0
48.736 12.869
32.936 24.906
100.0 100.0
75.4 44.838
49.412 36.236
44.435 67.738
46.973 63.132
100.0 100.0
37.5 87.66
74.728 58.195
41.637 27.199
42.947 36.912
30.168 79.025
53.541 32.241
100.0 100.0
100.0 100.0
56.016 42.709
81.164 36.753
39.729 39.49
100.0 100.0
100.0 100.0
55.417 38.634
62.37 0.409
100.0 100.0
41.261 66.183
100.0 100.0
30.36 17.473
100.0 100.0
100.0 100.0
45.945 66.996
76.319 54.696
62.559 42.562
61.888 38.739
100.0 100.0
75.181 51.681
53.419 29.661
31.942 60.838
100.0 100.0
39.245 58.766
37.173 19.215
44.13 67.674
73.297 51.982
100.0 100.0
42.088 73.605
85.343 56.851
100.0 100.0
100.0 100.0
51.353 33.406
50.939 31.379
29.7 60.102
40.564 74.355
68.087 58.424
37.52 54.743
28.854 57.098
32.679 71.337
100.0 100.0
40.221 75.189
100.0 100.0
30.735 68.697
26.484 64.477
36.374 31.517
77.931 49.853
47.434 33.611
55.175 50.078
100.0 100.0
43.281 51.506
100.0 100.0
45.4 29.661
44.227 66.049
80.522 37.491
71.91 53.408
44.14 71.23
100.0 100.0
54.923 49.099
79.212 50.058
41.683 32.666
63.146 42.408
74.285 48.79
37.109 36.08
88.989 45.199
74.501 57.277
88.093 59.799
26.29 31.634
100.0 100.0
100.0 100.0
34.57 70.033
38.058 21.21
43.699 34.299
74.291 47.199
44.862 64.873
100.0 100.0
35.847 78.316
77.787 54.447
100.0 100.0
84.236 49.219
45.299 81.965
100.0 100.0
33.066 75.703
35.324 30.999
100.0 100.0
36.132 61.141
46.226 27.619
51.54 42.71
35.876 70.956
45.317 35.197
100.0 100.0
100.0 100.0
77.896 46.677
100.0 100.0
46.764 22.227
100.0 100.0
41.041 71.184
47.211 35.386
40.982 72.787
29.339 77.571
73.754 33.183
30.659 65.154
55.333 43.515
54.076 19.979
76.614 56.066
100.0 100.0
41.672 60.493
49.181 73.865
20.331 71.792
100.0 100.0
100.0 100.0
47.65 37.639
84.749 36.882
66.583 39.239
28.279 33.218
100.0 100.0
73.198 49.14
48.649 73.445
100.0 100.0
35.057 76.014
100.0 100.0
39.475 61.362
53.95 61.279
31.905 33.895
45.535 55.358
81.121 45.094
78.04 47.516
60.091 68.075
33.665 86.694
54.783 26.873
75.734 40.221
34.383 64.767
29.006 83.396
47.703 64.134
80.385 54.936
43.655 18.805
49.274 75.352
48.903 67.973
33.222 71.914
72.157 41.683
73.526 41.186
70.191 52.684
87.317 51.215
44.17 25.453
100.0 100.0
44.277 18.045
91.685 40.595
44.827 23.017
48.423 70.713
64.889 50.411
100.0 100.0
74.332 46.89
29.481 59.554
41.615 27.544
51.823 68.709
78.629 47.056
46.838 44.46
71.667 50.462
60.55 41.453
100.0 100.0
46.517 32.761
53.852 65.699
100.0 100.0
39.576 65.285
44.752 72.691
39.212 76.427
55.536 31.147
31.364 61.486
42.398 68.531
37.543 67.564
44.081 33.713
27.904 76.802
31.561 28.051
38.784 78.216
100.0 100.0
78.251 40.721
35.417 62.42
39.527 38.974
100.0 100.0
31.964 80.783
100.0 100.0
100.0 100.0
37.968 31.756
100.0 100.0
42.202 67.855
38.378 62.203
64.487 45.386
42.431 71.998
42.877 69.694
78.38 40.986
54.229 39.921
33.839 71.279
65.221 42.324
100.0 100.0
45.407 61.479
33.895 21.604
43.497 66.97
12.435 72.504
100.0 100.0
92.08 37.211
75.021 52.811
100.0 100.0
45.623 29.88
100.0 100.0
77.587 55.111
68.269 47.809
45.391 31.372
15.416 93.051
70.286 42.781
40.927 90.895
98.179 52.457
77.308 45.335
28.356 66.84
75.153 64.003
65.741 47.307
100.0 100.0
72.234 42.301
85.414 56.822
35.645 51.85
81.868 46.13
67.891 41.176
58.35 53.055
45.763 28.913
80.282 51.27
32.132 64.727
63.936 44.351
47.777 23.39
37.463 80.14
37.364 59.672
46.062 26.781
100.0 100.0
54.239 33.104
25.925 69.207
32.846 74.568
36.89 42.682
70.811 47.363
100.0 100.0
100.0 100.0
35.163 24.486
71.221 59.397
100.0 100.0
63.391 43.133
44.234 64.546
33.612 62.518
29.963 74.196
30.69 59.369
66.518 39.025
33.271 47.235
51.711 79.853
100.0 100.0
68.764 41.611
72.463 43.441
61.894 24.775
49.185 19.673
100.0 100.0
46.95 25.015
100.0 100.0
69.415 51.451
68.099 35.711
44.335 26.75
45.337 67.898
30.585 31.303
100.0 100.0
51.34 24.111
69.736 47.282
85.865 45.37
67.392 54.907
51.908 30.465
38.076 79.288
34.529 77.701
100.0 100.0
41.993 39.197
100.0 100.0
65.602 54.079
38.566 70.988
42.401 41.453
42.39 67.415
71.193 47.292
74.575 49.84
68.439 61.526
31.447 86.272
100.0 100.0
77.522 50.779
76.62 41.092
78.654 49.429
40.626 43.014
55.174 33.505
38.649 31.994
100.0 100.0
48.04 62.44
84.346 51.93
28.333 86.973
36.531 60.818
35.838 52.713
34.689 31.771
43.27 61.196
100.0 100.0
100.0 100.0
34.506 48.812
100.0 100.0
47.68 31.261
33.006 64.924
100.0 100.0
32.869 78.456
88.538 44.551
70.58 51.376
100.0 100.0
78.261 53.718
32.518 35.496
75.625 46.341
37.08 58.152
43.228 32.275
87.676 37.29
30.919 66.503
44.891 30.604
37.105 34.074
100.0 100.0
86.379 45.811
46.481 21.477
100.0 100.0
39.274 48.561
31.964 77.595
80.251 55.068
51.895 42.532
71.242 45.071
100.0 100.0
47.903 22.795
44.064 37.959
35.309 27.905
30.042 68.092
100.0 100.0
86.091 54.044
100.0 100.0
29.41 66.165
100.0 100.0
100.0 100.0
42.651 61.932
25.21 71.51
55.189 29.795
38.502 27.676
100.0 100.0
45.64 71.178
90.131 57.202
100.0 100.0
81.626 46.352
73.771 38.835
50.651 40.146
100.0 100.0
74.298 43.498
81.129 30.56
47.083 33.86
39.218 67.696
67.054 42.279
45.874 22.089
60.896 25.659
43.342 41.321
100.0 100.0
30.598 74.793
65.978 23.865
71.873 52.783
100.0 100.0
83.029 64.884
72.902 39.486
38.034 36.064
54.745 28.136
26.084 72.446
43.239 59.531
76.241 45.066
100.0 100.0
50.537 80.325
100.0 100.0
52.83 25.231
35.84 64.776
40.556 60.572
33.075 76.962
100.0 100.0
33.823 23.522
34.238 59.278
100.0 100.0
59.813 22.356
100.0 100.0
32.74 74.748
28.109 62.084
63.173 47.162
35.122 65.196
100.0 100.0
45.162 65.065
33.442 20.492
74.322 53.063
43.368 62.337
43.609 39.163
32.299 36.209
44.569 36.557
45.284 68.38
100.0 100.0
78.298 44.607
39.022 63.853
100.0 100.0
100.0 100.0
73.407 46.299
100.0 100.0
100.0 100.0
37.803 30.315
14.335 72.174
21.918 67.6
44.49 27.726
50.696 27.581
43.378 59.358
39.04 28.221
58.245 33.03
77.041 47.283
75.615 39.927
100.0 100.0
80.615 58.795
44.182 66.804
44.194 29.547
40.647 32.698
42.979 71.033
27.071 80.668
100.0 100.0
81.138 42.965
25.353 80.52
41.984 73.662
56.033 71.631
100.0 100.0
61.637 45.154
100.0 100.0
36.593 34.729
52.151 35.692
100.0 100.0
100.0 100.0
100.0 100.0
100.0 100.0
38.083 82.254
32.403 71.643
67.522 46.104
100.0 100.0
43.824 25.966
67.241 43.139
31.88 68.773
74.797 53.608
60.41 59.726
75.698 44.37
100.0 100.0
41.146 65.299
55.996 75.033
31.881 24.33
100.0 100.0
43.385 24.934
72.893 43.563
48.108 53.148
43.259 47.961
76.924 52.494
36.872 9.12
36.523 26.249
30.247 61.944
55.601 33.435
59.662 75.817
100.0 100.0
68.704 50.72
34.207 55.523
100.0 100.0
29.177 74.113
40.077 82.972
42.453 35.342
45.946 74.475
73.816 45.69
100.0 100.0
81.886 51.743
47.461 33.895
93.99 43.328
100.0 100.0
30.896 0.52
42.846 41.731
74.503 57.745
43.191 28.605
50.4 42.389
41.937 14.486
76.936 56.0
21.592 63.317
100.0 100.0
43.962 26.736
100.0 100.0
29.311 72.736
65.371 40.692
28.211 77.472
27.554 70.524
47.809 29.928
66.845 48.881
73.813 49.169
73.378 54.253
76.106 54.0
68.774 59.921
73.602 46.235
59.315 51.597
100.0 100.0
47.669 29.27
28.013 71.154
78.498 53.847
83.432 31.343
42.658 30.328
79.217 43.747
53.29 44.0
27.502 22.941
48.199 90.027
39.732 36.182
87.33 47.711
34.264 28.685
70.052 54.492
53.925 33.787
52.894 19.21
36.051 31.006
28.686 78.219
32.475 57.075
85.558 43.324
66.198 64.631
49.353 31.354
27.161 70.525
100.0 100.0
27.72 61.137
100.0 100.0
42.711 65.957
100.0 100.0
74.272 37.598
65.843 29.276
30.597 75.867
93.698 46.709
48.731 35.25
44.858 69.939
35.574 54.631
40.433 14.158
100.0 100.0
51.923 32.696
100.0 100.0
100.0 100.0
59.079 58.384
6.822 76.2
36.565 34.161
43.683 23.742
79.127 44.335
35.333 73.671
38.912 72.537
54.408 31.474
34.266 63.108
39.16 21.966
27.996 24.329
37.327 29.876
38.42 62.491
71.816 38.697
44.382 40.843
4.674 49.563
53.381 20.141
32.276 69.96
45.629 68.583
42.734 16.449
30.556 61.506
42.032 34.872
43.401 67.485
39.354 30.663
42.428 74.127
45.819 37.007
48.798 23.839
31.62 72.152
44.579 39.216
36.561 82.21
51.326 38.16
23.285 77.687
38.185 59.364
33.55 77.281
93.958 48.322
66.443 45.894
42.232 67.39
41.873 25.107
83.312 56.874
100.0 100.0
100.0 100.0
100.0 100.0
74.354 45.479
100.0 100.0
100.0 100.0
75.382 58.329
36.593 72.545
100.0 100.0
100.0 100.0
47.541 26.361
100.0 100.0
41.84 33.479
69.078 51.221
44.458 13.747
27.112 76.489
100.0 100.0
42.171 70.087
50.444 41.744
100.0 100.0
62.489 50.856
35.649 63.05
38.5 22.051
50.953 24.414
43.399 78.665
41.076 27.116
51.957 31.714
34.072 67.479
85.162 48.118
100.0 100.0
80.414 55.988
52.864 72.175
36.272 67.42
52.445 41.668
100.0 100.0
47.689 65.154
80.979 49.789
33.776 83.005
21.747 71.746
56.241 50.108
34.327 72.275
43.812 69.964
26.408 38.435
100.0 100.0
51.131 76.468
36.759 65.981
41.222 77.595
33.106 75.53
100.0 100.0
49.867 70.616
49.858 25.94
100.0 100.0
35.215 74.873
39.496 28.127
37.732 65.965
45.296 30.674
63.497 26.324
80.47 46.996
91.138 67.272
37.193 33.562
48.302 25.966
100.0 100.0
45.633 25.717
24.067 69.786
35.638 33.106
36.302 40.087
62.395 42.128
100.0 100.0
49.684 34.367
36.063 27.297
16.531 57.405
40.76 42.289
10.202 46.563
91.216 65.357
36.6 30.06
45.074 33.099
100.0 100.0
45.691 74.117
61.085 88.8
80.036 56.656
87.807 50.701
20.724 66.653
29.422 87.481
53.311 38.34
79.825 51.981
37.311 37.295
100.0 100.0
100.0 100.0
29.648 38.208
32.966 36.676
73.535 52.113
29.19 62.948
100.0 100.0
100.0 100.0
29.015 72.322
100.0 100.0
78.065 43.708
50.294 26.283
100.0 100.0
42.815 27.957
100.0 100.0
35.549 27.792
49.887 35.113
79.207 37.471
42.342 64.74
100.0 100.0
23.93 83.53
77.651 56.759
46.73 81.041
17.766 65.176
48.535 28.18
83.167 45.992
72.165 25.935
84.302 43.046
52.198 72.891
38.939 35.917
36.606 82.644
40.185 62.717
100.0 100.0
36.951 71.482
76.194 54.722
47.192 34.5
64.505 48.759
100.0 100.0
100.0 100.0
56.108 41.705
51.936 16.422
19.821 65.034
40.071 30.006
59.492 24.316
36.919 79.238
48.345 27.917
42.887 24.877
31.575 71.819
27.595 72.792
75.48 55.421
42.318 37.028
43.696 41.19
64.834 50.381
29.016 68.066
100.0 100.0
78.452 32.625
29.853 72.166
66.316 44.335
60.147 40.569
34.525 28.592
100.0 100.0
45.048 20.952
100.0 100.0
41.812 51.569
100.0 100.0
100.0 100.0
26.993 35.703
40.827 14.947
43.458 43.792
47.342 24.564
64.843 55.326
100.0 100.0
100.0 100.0
100.0 100.0
100.0 100.0
44.24 74.407
30.21 61.156
33.663 33.881
52.444 28.113
81.087 36.331
94.849 50.448
66.847 54.315
38.396 22.279
54.702 78.118
100.0 100.0
75.75 42.394
78.799 56.966
53.882 37.614
62.389 32.419
40.623 62.481
37.043 25.927
81.137 40.367
64.457 45.691
34.648 64.307
32.909 53.478
42.378 26.953
64.672 58.269
76.99 50.192
42.116 32.324
38.363 13.319
44.633 71.885
42.502 64.488
67.108 53.667
74.737 57.537
67.886 49.375
41.918 38.632
100.0 100.0
42.159 70.931
39.354 74.018
31.468 70.048
81.228 48.002
44.903 35.212
37.525 71.881
70.084 52.416
42.975 73.942
39.633 18.877
96.031 44.25
33.768 83.92
82.574 45.199
25.753 81.64
37.508 79.221
46.292 30.915
59.799 40.72
34.837 52.118
69.395 41.685
38.453 73.992
37.566 74.666
44.967 81.082
39.539 28.904
100.0 100.0
42.366 41.565
42.317 80.927
59.295 31.072
100.0 100.0
62.853 55.885
51.488 47.495
50.372 50.757
83.376 33.875
44.472 28.363
42.523 33.406
54.373 31.624
38.918 66.864
67.76 56.471
63.136 50.23
33.928 72.974
62.103 50.582
53.681 11.624
75.954 32.127
28.598 87.231
100.0 100.0
70.271 58.262
64.824 49.902
100.0 100.0
100.0 100.0
34.626 28.05
52.292 65.603
41.871 38.353
50.663 82.815
30.809 68.772
68.676 63.589
100.0 100.0
24.02 65.768
69.704 62.496
48.848 57.384
42.069 27.7
68.312 44.842
56.399 37.479
46.443 38.778
33.435 72.291
42.958 84.491
88.181 40.697
34.228 62.7
79.213 44.432
100.0 100.0
43.675 20.376
36.461 72.943
62.259 37.745
87.549 41.962
64.672 55.099
37.704 62.924
72.523 46.432
45.592 32.352
70.322 55.645
48.952 25.972
33.491 32.221
100.0 100.0
100.0 100.0
43.14 67.524
32.475 28.743
45.493 64.79
38.973 59.929
36.232 76.306
100.0 100.0
69.635 29.428
39.733 59.671
65.013 54.436
100.0 100.0
41.349 35.857
25.121 72.027
100.0 100.0
35.19 66.772
80.561 50.79
73.306 31.118
75.632 38.711
100.0 100.0
80.729 64.528
49.283 24.931
85.318 43.794
36.454 71.266
84.371 62.49
35.188 66.763
40.04 71.895
81.654 54.917
39.667 28.8
32.573 76.678
72.006 38.205
47.355 31.259
43.507 70.935
73.032 53.604
100.0 100.0
53.963 23.379
46.974 35.236
100.0 100.0
33.357 78.854
31.813 64.291
100.0 100.0
17.351 62.492
26.535 67.83
37.242 67.456
100.0 100.0
34.362 78.28
46.221 31.981
39.828 55.201
100.0 100.0
100.0 100.0
29.319 32.33
82.97 39.356
21.929 68.392
42.65 66.86
68.533 41.133
46.792 38.603
44.056 67.362
80.256 38.857
100.0 100.0
35.471 67.789
100.0 100.0
81.152 51.944
38.809 76.223
42.874 25.919
45.406 28.859
100.0 100.0
33.791 41.557
27.155 70.952
31.355 20.443
100.0 100.0
54.516 42.67
100.0 100.0
100.0 100.0
30.894 61.916
50.753 71.397
77.735 41.615
72.139 40.086
69.699 39.157
78.272 40.197
23.484 71.408
72.639 64.07
57.009 46.25
26.493 76.335
89.033 47.09
37.165 71.436
100.0 100.0
71.258 50.522
31.667 74.721
54.587 28.938
46.293 69.539
100.0 100.0
89.326 39.924
39.343 64.41
47.88 36.159
100.0 100.0
73.77 65.268
100.0 100.0
38.594 69.255
32.023 74.274
100.0 100.0
100.0 100.0
63.823 49.823
38.87 41.035
52.71 24.515
32.995 70.686
100.0 100.0
48.624 36.018
100.0 100.0
26.667 33.367
34.634 19.797
100.0 100.0
61.787 24.266
35.874 75.444
100.0 100.0
44.811 28.49
36.675 77.102
43.841 62.093
100.0 100.0
50.845 66.006
100.0 100.0
27.082 79.205
78.895 50.758
65.005 49.161
42.241 64.685
78.867 51.691
75.017 51.205
29.783 78.713
73.021 52.809
58.721 39.738
66.512 44.848
76.083 41.012
100.0 100.0
45.113 26.926
84.658 41.978
68.274 63.545
61.252 38.124
100.0 100.0
28.999 32.095
100.0 100.0
54.693 32.52
100.0 100.0
100.0 100.0
72.283 54.075
42.873 58.896
79.574 46.323
72.5 53.51
100.0 100.0
33.037 66.811
66.872 42.274
100.0 100.0
37.871 69.965
36.549 20.169
26.025 72.091
72.796 30.421
100.0 100.0
43.052 64.832
32.215 88.095
50.753 25.507
15.5 83.751
12.725 64.092
79.676 46.574
33.046 26.842
48.962 34.577
59.63 52.328
75.048 37.028
100.0 100.0
29.075 78.836
78.177 44.086
66.111 49.378
27.053 65.895
45.668 32.613
100.0 100.0
42.81 84.658
35.895 75.324
45.411 34.801
100.0 100.0
100.0 100.0
100.0 100.0
40.181 18.649
100.0 100.0
32.008 31.084
100.0 100.0
90.599 59.236
39.654 31.391
48.147 70.427
49.695 77.099
100.0 100.0
100.0 100.0
61.828 67.569
70.198 48.9
28.226 36.399
82.589 51.833
37.346 71.355
100.0 100.0
35.326 85.071
39.889 26.376
100.0 100.0
29.828 63.403
29.936 68.744
81.884 55.476
46.946 58.097
76.768 39.234
100.0 100.0
100.0 100.0
37.499 34.306
72.185 44.962
71.601 50.176
51.61 28.709
57.454 47.594
25.81 63.337
67.218 49.112
51.113 30.663
36.133 51.064
33.257 69.749
50.735 47.538
100.0 100.0
100.0 100.0
100.0 100.0
100.0 100.0
39.646 20.887
82.121 47.624
49.323 36.552
38.021 60.569
79.141 32.515
69.467 30.918
41.452 61.377
73.038 49.866
79.647 44.052
88.039 59.801
68.192 57.837
81.063 58.91
26.773 86.289
42.818 37.143
86.799 42.541
100.0 100.0
38.514 42.243
39.69 27.675
77.822 49.221
82.116 51.044
51.072 30.677
81.091 32.781
83.221 46.627
100.0 100.0
27.694 72.951
35.476 15.879
100.0 100.0
83.533 44.881
100.0 100.0
82.376 48.51
81.364 46.569
31.497 35.915
29.309 72.646
81.709 39.833
66.343 99.431
42.811 65.411
85.869 58.956
63.247 42.287
59.552 82.836
78.192 36.229
39.756 77.953
31.158 69.475
24.709 59.753
48.551 67.716
38.49 21.159
70.162 47.266
27.508 32.412
40.029 32.541
47.239 37.892
43.564 40.359
37.087 62.835
44.637 28.021
34.132 27.847
72.851 43.69
46.095 41.102
81.971 45.723
100.0 100.0
31.705 60.695
36.517 28.663
45.228 76.22
44.975 26.933
46.374 32.011
38.405 24.214
100.0 100.0
45.15 37.994
70.009 39.087
66.659 19.303
28.153 48.307
67.216 30.641
89.16 57.163
89.353 16.135
76.788 52.734
59.71 30.533
49.514 30.107
100.0 100.0
34.022 73.722
49.94 35.247
67.625 46.942
41.998 61.523
31.169 72.823
31.968 68.266
70.715 43.713
100.0 100.0
35.828 83.435
55.07 45.543
72.133 35.662
37.374 32.653
100.0 100.0
39.243 25.623
46.125 37.273
53.562 36.339
64.567 17.343
72.951 52.493
100.0 100.0
58.231 60.49
45.794 12.364
46.392 69.186
43.021 64.97
58.732 27.979
35.417 66.343
97.098 45.251
63.674 60.268
100.0 100.0
43.884 70.652
78.987 49.606
100.0 100.0
33.612 36.116
38.123 74.713
66.005 45.706
100.0 100.0
100.0 100.0
39.852 31.267
75.795 42.709
100.0 100.0
47.4 72.012
34.544 36.476
73.452 46.771
46.504 45.558
77.114 53.893
34.251 67.76
32.262 76.156
68.638 50.888
100.0 100.0
79.774 48.083
79.497 40.542
45.449 64.988
40.913 65.793
46.17 64.023
26.558 75.926
100.0 100.0
43.206 80.75
100.0 100.0
83.699 48.786
81.311 34.962
37.777 57.323
55.435 39.943
36.728 64.588
47.018 28.736
86.9 41.367
34.887 62.351
26.212 72.192
100.0 100.0
76.493 39.121
75.116 49.514
45.178 46.748
11.719 40.753
53.461 22.107
100.0 100.0
40.765 69.613
39.755 63.549
81.45 52.353
42.378 28.92
79.119 35.508
39.154 37.219
58.616 59.348
40.924 74.793
31.25 78.594
100.0 100.0
30.071 27.105
86.514 46.361
46.15 75.764
41.598 44.814
79.811 53.687
37.131 74.154
100.0 100.0
27.217 61.361
70.205 52.888
51.748 36.541
100.0 100.0
39.661 23.236
27.97 69.692
36.254 65.459
37.96 67.552
100.0 100.0
100.0 100.0
72.789 47.202
39.684 41.448
37.407 62.455
78.914 48.134
100.0 100.0
46.449 27.268
38.031 66.641
100.0 100.0
36.195 80.415
52.989 40.421
54.474 41.965
62.642 52.66
95.96 40.611
100.0 100.0
48.393 21.223
36.108 66.847
100.0 100.0
100.0 100.0
26.6 74.748
52.821 32.837
72.385 57.578
38.772 15.541
100.0 100.0
69.933 44.22
88.33 43.464
85.608 49.418
81.025 56.658
28.382 79.859
41.383 37.956
51.152 77.982
100.0 100.0
39.163 30.275
35.692 19.409
81.873 41.706
43.831 13.528
42.144 37.449
79.415 54.53
33.858 66.481
41.151 66.905
85.017 28.433
56.97 82.646
100.0 100.0
100.0 100.0
26.834 63.678
47.468 43.547
67.086 41.999
51.986 41.044
46.912 33.74
76.203 44.686
100.0 100.0
100.0 100.0
48.559 22.238
43.392 74.832
41.346 26.11
34.565 73.016
53.037 47.437
45.7 20.865
60.382 46.686
26.355 64.075
30.477 68.621
37.785 54.743
9.425 81.78
75.609 57.059
82.331 49.962
100.0 100.0
85.881 36.456
60.917 36.244
73.02 44.195
100.0 100.0
35.499 68.532
51.325 29.761
34.921 70.285
45.744 32.625
28.5 80.075
17.455 70.588
49.255 35.452
68.529 53.821
69.028 48.303
43.769 15.942
100.0 100.0
76.115 46.012
70.264 40.788
36.455 74.066
62.255 26.191
84.435 54.75
52.457 25.369
42.492 31.151
40.776 28.02
31.808 68.572
40.703 62.416
34.842 29.252
74.172 61.397
100.0 100.0
100.0 100.0
41.815 33.876
85.403 51.145
68.672 33.678
50.755 58.705
44.754 31.06
35.774 62.391
100.0 100.0
90.198 45.091
30.743 73.906
30.785 26.056
9.553 56.196
73.629 42.256
76.327 49.448
70.19 33.118
75.065 41.385
30.654 61.536
43.929 35.315
30.432 80.443
100.0 100.0
58.053 30.598
34.486 71.978
7.218 63.411
22.329 84.404
65.952 63.389
49.324 20.524
87.079 68.662
39.409 54.245
50.728 27.002
100.0 100.0
100.0 100.0
78.34 53.46
48.89 28.335
72.293 52.774
33.291 80.747
57.812 38.833
100.0 100.0
33.351 74.846
54.785 19.683
100.0 100.0
64.355 49.133
100.0 100.0
42.824 24.132
57.546 32.994
100.0 100.0
27.605 64.959
100.0 100.0
43.585 67.669
43.169 26.338
37.149 62.979
100.0 100.0
71.541 58.031
84.962 48.605
69.721 31.068
40.19 62.169
40.051 15.042
76.698 51.949
100.0 100.0
86.479 56.151
36.71 54.725
38.513 69.813
68.048 48.934
27.29 74.495
44.27 40.364
100.0 100.0
100.0 100.0
100.0 100.0
71.136 36.395
42.054 27.406
58.418 16.594
76.891 42.738
42.341 71.147
41.185 30.336
33.079 69.352
85.656 52.188
100.0 100.0
42.233 32.266
73.894 51.301
76.852 46.297
45.837 27.91
32.929 30.42
35.986 75.56
41.433 25.767
100.0 100.0
26.584 85.92
44.685 64.846
29.32 69.433
40.994 21.274
100.0 100.0
100.0 100.0
100.0 100.0
29.953 71.47
36.962 76.791
39.53 64.531
47.488 31.133
50.867 66.765
67.959 47.798
52.012 26.269
88.552 73.807
75.396 53.575
82.271 49.854
100.0 100.0
49.961 44.287
33.624 74.635
66.038 41.038
51.481 69.631
56.466 33.84
41.269 77.44
49.329 36.787
75.57 48.104
99.712 74.563
41.041 28.719
43.521 81.773
79.762 38.202
76.764 41.274
36.591 41.199
46.297 16.967
74.047 98.621
84.822 41.464
33.858 61.473
100.0 100.0
40.941 65.625
49.104 33.121
100.0 100.0
70.854 48.001
27.598 77.849
71.412 42.33
38.364 28.647
27.64 63.556
27.705 74.579
36.169 54.937
64.798 54.975
69.726 51.8
100.0 100.0
35.901 65.107
40.061 32.291
84.58 52.256
41.225 20.444
43.791 67.935
57.801 39.906
36.303 75.729
31.273 26.818
36.62 25.558
66.754 48.95
100.0 100.0
38.166 18.67
42.292 81.027
37.92 60.902
44.943 35.26
100.0 100.0
32.061 56.37
39.35 69.314
41.625 84.344
46.704 35.299
100.0 100.0
35.638 75.695
65.384 37.47
33.083 64.003
58.989 22.867
50.914 59.633
28.355 66.86
55.046 28.579
67.393 42.644
65.896 63.419
23.92 67.236
40.111 37.551
45.727 40.11
59.696 26.439
43.925 78.07
79.056 29.665
82.456 44.715
48.223 21.994
37.614 3.584
43.243 76.951
42.486 79.385
33.784 79.543
38.31 74.153
34.407 32.698
76.354 44.843
31.643 63.619
29.47 72.712
45.193 58.969
100.0 100.0
72.844 48.738
48.913 24.527
36.477 68.689
40.657 23.717
51.341 54.064
100.0 100.0
51.45 48.415
44.672 34.487
69.763 57.449
29.294 58.407
100.0 100.0
56.695 19.199
40.319 82.512
63.97 52.074
69.416 57.151
37.027 32.865
41.679 35.86
47.775 53.184
100.0 100.0
63.013 51.316
80.31 55.508
32.696 80.85
62.574 45.993
45.475 81.949
48.11 38.154
100.0 100.0
35.52 69.436
23.088 71.688
52.227 25.285
30.922 70.087
84.295 43.028
42.097 42.716
80.738 41.979
100.0 100.0
80.226 50.711
30.837 74.966
48.311 39.427
78.115 41.112
46.223 72.942
100.0 100.0
50.379 38.443
100.0 100.0
100.0 100.0
71.256 46.975
34.552 63.156
68.857 42.309
48.773 26.911
43.0 32.815
100.0 100.0
80.301 37.085
34.092 26.158
81.53 35.596
63.805 55.643
49.933 24.771
37.309 38.693
46.043 32.099
43.991 28.634
100.0 100.0
45.946 73.437
31.35 61.662
68.35 48.206
47.451 36.76
67.933 69.426
45.87 28.857
41.931 72.439
100.0 100.0
88.263 51.916
48.929 79.818
67.272 34.631
42.251 80.445
73.563 40.607
26.437 60.152
24.461 23.939
22.02 55.548
36.333 65.774
34.075 58.691
36.209 74.871
83.974 34.663
52.009 31.522
58.563 38.667
100.0 100.0
87.008 42.711
24.809 67.093
51.462 27.945
70.287 48.379
58.079 79.414
46.771 90.351
31.541 69.693
42.963 75.429
56.13 32.239
100.0 100.0
47.611 19.647
38.018 70.09
47.006 30.39
40.066 76.075
85.384 43.88
71.786 36.438
100.0 100.0
100.0 100.0
40.356 70.754
49.022 52.357
38.774 39.067
42.361 34.199
47.334 69.695
41.015 70.282
100.0 100.0
62.823 37.994
100.0 100.0
21.73 73.044
40.031 58.6
43.546 59.864
100.0 100.0
37.048 69.435
49.994 48.747
86.099 54.6
88.113 40.797
35.036 63.562
39.064 22.835
33.629 40.888
100.0 100.0
40.923 24.675
25.102 7.762
52.489 35.853
68.213 49.322
85.637 52.989
69.386 44.068
83.372 47.264
100.0 100.0
52.029 19.723
47.666 79.755
49.279 73.243
46.178 29.257
52.497 32.198
40.407 33.236
43.686 22.63
30.207 68.735
39.891 79.37
27.374 24.898
56.788 50.354
46.443 31.4
100.0 100.0
17.608 81.17
35.61 65.623
33.983 79.864
37.143 83.082
31.513 39.222
46.322 21.379
32.555 75.57
40.401 29.788
43.888 76.078
51.777 31.007
70.101 49.787
37.729 39.799
100.0 100.0
100.0 100.0
38.165 67.602
40.996 72.879
100.0 100.0
100.0 100.0
41.819 35.156
54.122 37.976
23.12 61.611
79.511 46.036
27.719 30.958
40.823 62.743
75.86 45.267
82.58 41.067
33.949 33.853
100.0 100.0
43.194 49.192
33.269 30.227
100.0 100.0
39.31 31.564
100.0 100.0
62.128 62.415
53.291 82.387
92.665 40.606
31.817 65.842
55.345 34.461
36.515 77.32
82.813 51.704
41.325 70.384
50.695 65.084
31.734 74.593
45.642 77.299
100.0 100.0
100.0 100.0
100.0 100.0
76.309 50.164
41.291 77.439
100.0 100.0
100.0 100.0
100.0 100.0
56.05 27.528
59.146 23.941
75.622 49.653
100.0 100.0
46.996 62.287
34.013 22.733
100.0 100.0
19.75 72.542
100.0 100.0
79.345 50.384
72.472 51.915
20.88 69.982
81.646 43.068
62.326 56.372
53.637 52.594
39.972 72.713
24.241 80.042
100.0 100.0
34.547 27.645
44.692 31.013
48.093 33.822
100.0 100.0
82.287 35.561
36.19 73.656
35.002 64.621
100.0 100.0
31.326 81.754
100.0 100.0
42.763 68.401
40.0 67.692
45.91 32.134
100.0 100.0
37.512 73.909
75.428 44.523
73.506 37.31
92.129 53.575
23.635 73.824
100.0 100.0
51.21 18.352
49.739 76.861
43.435 70.193
76.665 37.393
100.0 100.0
32.736 77.595
86.234 45.989
38.855 75.04
95.73 38.436
100.0 100.0
46.584 59.666
57.992 29.505
100.0 100.0
0.296 13.667
30.169 75.031
34.885 69.555
100.0 100.0
46.104 30.007
27.163 48.26
37.857 76.298
72.677 46.671
100.0 100.0
100.0 100.0
36.817 17.62
32.287 67.732
100.0 100.0
83.595 49.841
71.241 38.126
74.803 52.291
45.565 9.163
63.367 42.974
100.0 100.0
39.822 66.654
42.142 22.084
43.61 32.598
42.635 66.627
47.464 82.649
79.121 43.949
51.826 31.168
76.98 53.169
58.226 44.759
56.671 52.948
100.0 100.0
45.034 31.512
19.563 81.304
43.525 28.365
57.282 39.894
59.432 48.213
47.951 18.263
66.724 50.969
49.97 15.511
46.834 54.512
60.306 21.351
35.13 66.727
28.615 76.009
41.12 80.525
15.301 70.374
76.868 60.589
58.516 97.899
39.882 79.765
37.083 64.032
68.661 46.902
73.009 65.286
100.0 100.0
41.377 75.524
72.511 34.153
46.014 37.284
28.953 52.989
41.573 92.483
37.798 39.579
76.49 46.438
77.546 58.928
73.084 51.175
40.325 18.694
100.0 100.0
100.0 100.0
29.438 27.807
100.0 100.0
46.583 70.42
46.191 13.312
69.749 50.152
79.277 41.358
42.271 24.06
84.387 49.157
65.096 56.05
70.112 44.212
74.144 46.192
31.414 65.033
70.978 42.418
100.0 100.0
75.613 54.976
73.379 46.038
34.682 64.296
33.008 73.511
35.968 77.599
36.46 16.815
69.561 46.306
72.837 47.519
92.459 35.536
100.0 100.0
30.934 77.029
37.535 71.304
100.0 100.0
86.878 48.566
50.592 37.435
76.412 56.816
41.74 73.037
64.011 30.076
88.242 47.313
81.14 52.99
77.999 42.954
100.0 100.0
45.359 32.239
76.034 31.141
68.452 52.327
34.519 16.005
54.391 23.468
73.238 42.254
59.671 39.493
100.0 100.0
100.0 100.0
32.431 72.246
36.139 77.611
30.491 87.507
79.335 60.879
22.111 3.781
51.674 10.917
100.0 100.0
39.802 65.908
100.0 100.0
74.569 36.758
43.222 39.333
39.476 37.631
32.393 73.402
43.357 67.172
35.071 69.828
28.931 68.79
40.585 69.515
37.933 64.023
81.437 47.276
41.903 64.305
37.667 49.872
25.737 68.636
86.839 55.085
44.064 69.789
37.55 78.493
75.394 38.062
100.0 100.0
41.555 56.212
76.28 53.134
77.622 49.052
81.228 44.22
100.0 100.0
26.318 57.005
35.26 66.139
36.879 59.886
43.447 25.683
100.0 100.0
100.0 100.0
42.261 36.368
53.095 40.302
26.216 22.377
39.671 38.205
73.424 46.254
31.985 72.043
22.11 63.109
48.455 76.994
48.356 31.395
41.031 26.687
78.426 37.396
100.0 100.0
73.549 33.537
100.0 100.0
42.144 38.882
100.0 100.0
34.348 27.276
38.479 23.273
70.133 30.976
100.0 100.0
34.006 72.107
42.538 25.921
74.904 92.163
40.804 60.23
42.404 62.801
50.891 71.01
100.0 100.0
37.975 82.095
61.953 37.375
53.173 42.106
31.03 75.045
100.0 100.0
100.0 100.0
37.215 66.968
44.493 79.24
33.085 75.477
69.571 35.8
42.107 59.841
39.838 26.801
100.0 100.0
100.0 100.0
100.0 100.0
64.873 44.472
32.699 62.437
70.305 64.452
68.396 49.814
45.92 72.888
61.213 55.458
34.983 29.527
100.0 100.0
35.059 74.961
73.165 53.231
70.82 45.931
100.0 100.0
24.795 68.919
83.736 49.313
25.332 63.662
43.739 37.414
81.903 42.092
100.0 100.0
45.883 69.685
37.773 63.274
33.705 37.382
33.628 37.486
78.982 56.342
37.567 25.139
45.791 73.606
48.114 23.124
