10000 10
2500.000 2500.000
3344.476 2527.350
3472.664 2414.799
3471.925 2330.240
3580.975 2569.016
3588.252 2271.919
3656.350 2287.526
3556.970 2343.699
3372.243 2502.665
3530.752 2588.104
3638.061 2520.412
3425.638 2378.338
3365.392 2231.491
3669.220 2651.107
3659.099 2617.590
3531.564 2438.294
3684.217 2346.552
3494.262 2476.572
3649.846 2469.794
3357.769 2522.814
3429.295 2287.689
3435.000 2359.563
3484.907 2634.324
3282.217 2199.566
3288.134 2339.822
3461.812 2473.561
3294.101 2209.326
3408.868 2378.324
3386.355 2266.998
3361.262 2335.683
3686.564 2371.315
3362.429 2302.867
3455.536 2261.046
3546.683 2217.878
3440.910 2570.551
3634.653 2475.778
3309.948 2438.592
3586.221 2609.688
3299.830 2418.923
3620.197 2306.323
3550.233 2546.545
3643.285 2433.383
3409.421 2544.317
3632.355 2388.762
3520.185 2552.419
3346.422 2309.393
3518.640 2512.565
3566.613 2199.297
3434.347 2514.566
3645.566 2556.395
3396.737 2229.116
3485.707 2485.928
3446.746 2534.671
3668.971 2251.186
3456.168 2459.004
3422.931 2433.950
3404.168 2399.604
3366.902 2317.320
3592.845 2203.428
3645.392 2585.570
3294.470 2450.884
3587.654 2528.146
3560.631 2615.611
3379.313 2385.615
3433.752 2423.390
3453.780 2514.685
3645.439 2399.034
3350.458 2398.601
3270.127 2287.900
3478.294 2256.923
3343.969 2410.655
3397.232 2274.687
3311.001 2527.101
3567.183 2313.113
3375.694 2548.600
3396.816 2348.424
3641.488 2204.435
3336.695 2473.673
3610.049 2605.691
3716.620 2544.997
3383.254 2272.711
3693.619 2575.896
3349.327 2560.928
3687.189 2412.855
3472.567 2497.344
3371.398 2311.324
3445.706 2232.949
3352.060 2290.256
3381.057 2244.018
3441.092 2618.060
3413.347 2225.379
3687.589 2411.809
3352.972 2409.005
3558.284 2402.487
3657.475 2618.938
3477.372 2296.303
3288.793 2628.081
3372.967 2200.994
3651.375 2592.227
3627.109 2474.715
3577.777 2225.388
3697.881 2641.585
3312.674 2373.194
3446.699 2341.246
3571.509 2304.982
3632.012 2341.768
3334.468 2542.427
3363.782 2438.983
3452.133 2470.807
3581.931 2480.696
3302.445 2293.700
3629.669 2649.573
3280.129 2411.103
3292.981 2227.871
3664.133 2591.723
3435.756 2337.343
3582.330 2590.626
3296.214 2415.652
3424.749 2385.884
3639.769 2389.883
3510.859 2217.753
3345.273 2385.088
3660.769 2311.037
3430.586 2212.716
3499.201 2466.182
3540.085 2254.444
3499.140 2531.585
3708.624 2274.756
3272.001 2469.397
3561.227 2588.278
3434.928 2473.037
3484.806 2229.239
3379.109 2566.579
3356.794 2498.654
3538.723 2307.141
3362.595 2575.363
3575.813 2373.023
3365.434 2486.916
3682.954 2214.000
3357.577 2222.757
3531.406 2472.921
3711.645 2224.203
3467.082 2273.765
3545.786 2522.840
3625.103 2571.981
3311.056 2534.995
3600.911 2635.728
3270.774 2588.110
3675.876 2577.327
3606.020 2593.365
3274.045 2542.275
3519.912 2500.600
3439.019 2297.294
3459.007 2542.639
3393.294 2317.984
3619.446 2387.598
3444.841 2262.867
3424.209 2243.421
3412.389 2644.538
3473.034 2211.817
3702.029 2534.378
3463.600 2208.199
3398.419 2206.371
3566.736 2229.027
3388.586 2475.518
3293.261 2394.898
3460.873 2487.715
3485.218 2511.064
3626.134 2543.807
3376.917 2204.326
3332.072 2465.377
3694.616 2450.079
3559.009 2346.251
3510.884 2503.122
3549.566 2481.550
3557.835 2531.719
3716.143 2423.084
3377.477 2471.838
3631.149 2565.761
3539.799 2608.279
3467.089 2256.130
3412.976 2393.513
3355.887 2395.444
3457.941 2354.340
3583.213 2550.597
3510.462 2495.792
3276.537 2329.327
3539.802 2431.086
3715.010 2597.877
3322.021 2503.325
3623.227 2469.478
3577.508 2492.620
3511.354 2477.086
3499.124 2472.177
3617.981 2441.272
3713.657 2217.975
3679.381 2532.877
3489.794 2271.054
3479.682 2410.070
3620.292 2586.977
3614.982 2440.714
3535.523 2298.441
3414.768 2424.831
3690.323 2309.515
3277.635 2366.115
3377.259 2538.232
3298.213 2621.954
3348.978 2541.925
3669.715 2603.568
3369.033 2284.306
3625.639 2511.172
3406.382 2386.034
3551.333 2487.288
3431.053 2515.462
3272.065 2414.055
3323.554 2229.448
3606.577 2286.682
3400.637 2245.075
3367.747 2583.262
3364.586 2446.428
3303.544 2344.589
3474.126 2502.817
3682.120 2618.316
3429.164 2395.355
3537.950 2458.336
3436.668 2350.401
3415.625 2641.967
3573.964 2301.654
3366.037 2651.197
3691.086 2270.282
3339.390 2520.772
3449.824 2423.126
3280.734 2308.527
3382.991 2296.013
3530.919 2361.605
3682.737 2434.562
3349.729 2356.639
3576.620 2535.092
3302.921 2514.093
3422.630 2241.342
3563.319 2306.942
3309.647 2625.261
3475.051 2277.570
3475.695 2279.145
3549.180 2618.365
3384.354 2244.535
3449.560 2588.006
3649.645 2493.405
3627.213 2650.593
3305.547 2315.188
3539.876 2291.169
3342.082 2253.839
3395.301 2501.274
3537.646 2220.611
3443.889 2624.512
3308.130 2287.035
3452.062 2304.594
3655.227 2283.155
3276.169 2382.157
3535.847 2381.916
3589.134 2627.226
3574.667 2545.550
3466.434 2213.684
3605.663 2610.030
3316.625 2266.305
3649.102 2553.900
3318.634 2317.753
3524.975 2424.012
3361.178 2560.650
3519.556 2458.488
3505.168 2351.588
3302.752 2560.511
3710.904 2331.086
3657.155 2555.611
3588.603 2361.604
3551.191 2348.184
3518.018 2291.001
3426.035 2599.628
3579.834 2308.782
3577.552 2207.260
3655.195 2225.286
3358.298 2359.311
3471.753 2293.186
3493.438 2610.256
3374.142 2395.831
3689.177 2630.318
3288.800 2352.100
3588.876 2578.934
3437.926 2491.798
3468.458 2455.543
3580.978 2527.892
3615.024 2332.016
3600.117 2633.303
3632.886 2225.562
3374.192 2384.631
3715.370 2404.536
3473.451 2466.280
3392.959 2481.010
3292.433 2459.767
3538.486 2360.109
3408.868 2248.912
3679.535 2383.726
3635.014 2350.412
3420.379 2344.646
3454.638 2436.530
3681.798 2441.030
3312.103 2628.379
3671.447 2405.302
3663.572 2369.157
3574.740 2228.623
3558.586 2559.751
3501.434 2427.971
3540.022 2253.243
3279.537 2375.088
3511.162 2265.477
3430.029 2379.234
3518.549 2413.198
3497.790 2261.149
3483.462 2416.251
3331.076 2458.663
3364.708 2331.038
3324.843 2554.844
3611.375 2246.563
3273.718 2436.766
3547.966 2224.779
3367.523 2339.496
3577.715 2424.263
3407.603 2397.323
3536.780 2247.983
3298.100 2361.125
3285.960 2237.624
3450.559 2228.298
3522.829 2251.559
3632.815 2617.620
3554.913 2619.375
3491.640 2304.128
3656.938 2624.576
3495.819 2442.104
3635.376 2375.640
3508.389 2555.458
3454.354 2633.241
3492.595 2583.304
3557.348 2331.524
3312.444 2634.751
3477.840 2585.491
3400.970 2410.453
3491.145 2641.797
3374.423 2407.269
3414.145 2310.158
3639.642 2210.247
3707.185 2559.498
3444.833 2448.629
3457.514 2646.366
3543.053 2574.414
3327.420 2426.282
3489.240 2255.087
3305.384 2363.387
3545.027 2199.408
3667.999 2365.160
3671.564 2536.692
3444.381 2626.236
3681.659 2626.662
3521.139 2550.399
3378.098 2531.167
3328.828 2558.311
3388.713 2527.436
3543.457 2445.033
3632.577 2478.628
3669.343 2506.104
3323.537 2520.240
3328.289 2435.850
3591.104 2318.306
3290.642 2263.537
3502.063 2364.561
3590.536 2467.713
3429.959 2442.082
3679.794 2608.964
3493.357 2645.344
3472.709 2332.790
3388.533 2294.629
3295.453 2348.482
3463.472 2381.914
3618.027 2620.201
3622.068 2595.307
3535.496 2331.215
3440.723 2418.310
3592.152 2529.068
3435.623 2514.267
3464.753 2291.943
3721.779 2247.736
3332.346 2455.525
3390.669 2399.054
3281.650 2288.147
3722.060 2511.970
3294.754 2214.706
3440.364 2325.446
3709.255 2361.470
3579.477 2214.951
3691.473 2568.583
3634.694 2575.324
3290.892 2209.417
3625.109 2605.297
3527.819 2362.210
3669.572 2324.489
3523.930 2389.683
3656.615 2247.002
3650.907 2557.309
3451.769 2216.019
3473.040 2446.841
3482.689 2625.516
3571.145 2514.973
3478.296 2645.161
3427.323 2531.030
3680.328 2372.245
3540.750 2439.486
3433.193 2402.573
3600.293 2513.016
3366.459 2533.391
3441.192 2617.087
3552.210 2468.380
3369.583 2528.801
3646.362 2539.781
3476.912 2226.668
3602.202 2392.107
3380.902 2627.454
3372.004 2222.692
3320.527 2592.104
3333.195 2355.765
3363.165 2441.196
3640.862 2370.680
3714.001 2566.542
3627.384 2307.248
3378.928 2375.671
3560.410 2476.982
3300.954 2223.879
3339.732 2542.166
3356.320 2628.179
3286.773 2627.731
3395.516 2227.123
3417.050 2623.311
3446.055 2610.365
3466.149 2212.455
3578.217 2223.810
3641.910 2639.507
3439.519 2447.645
3583.102 2467.232
3699.683 2306.639
3654.022 2641.165
3562.668 2509.824
3470.886 2508.641
3319.686 2347.643
3422.107 2532.446
3417.782 2261.549
3674.505 2437.326
3418.488 2328.921
3445.607 2454.526
3566.569 2542.046
3370.822 2273.354
3642.888 2236.393
3707.921 2647.098
3582.091 2508.497
3693.966 2267.092
3453.667 2579.407
3408.121 2459.980
3577.969 2343.985
3337.834 2574.962
3484.112 2459.636
3696.792 2449.711
3318.718 2629.096
3688.324 2584.681
3553.616 2387.631
3281.944 2488.789
3542.176 2610.191
3283.159 2497.978
3498.952 2424.299
3304.443 2245.568
3634.817 2588.573
3548.086 2395.526
3310.068 2310.420
3459.973 2426.011
3678.797 2267.161
3279.664 2637.601
3549.046 2242.903
3454.602 2625.007
3541.352 2255.342
3567.922 2522.413
3577.705 2575.084
3626.318 2587.963
3372.159 2370.998
3310.926 2499.915
3435.690 2374.077
3427.712 2525.237
3525.280 2290.109
3701.052 2265.972
3594.122 2433.056
3520.125 2379.409
3301.531 2500.520
3722.729 2552.045
3293.101 2566.663
3428.738 2259.075
3685.959 2497.693
3365.889 2506.606
3551.785 2268.871
3403.921 2229.551
3583.782 2455.548
3639.564 2498.977
3592.732 2359.983
3618.327 2425.920
3316.975 2244.388
3651.395 2432.300
3602.679 2496.732
3458.969 2486.363
3711.288 2495.485
3390.435 2393.993
3327.045 2474.337
3586.236 2358.179
3580.099 2299.758
3288.690 2648.857
3699.702 2368.808
3274.388 2435.275
3721.347 2266.130
3275.080 2448.627
3510.393 2362.735
3714.173 2490.664
3455.680 2424.932
3575.840 2371.580
3664.879 2206.433
3479.815 2294.021
3505.451 2410.911
3580.085 2427.697
3606.609 2369.087
3381.523 2531.927
3641.634 2444.933
3717.844 2600.386
3468.447 2261.859
3600.593 2551.919
3663.785 2653.144
3368.849 2603.137
3615.837 2460.450
3480.640 2239.663
3334.540 2214.899
3326.773 2200.812
3372.672 2514.429
3649.433 2459.242
3660.559 2628.007
3540.625 2242.147
3468.050 2446.026
3525.968 2623.443
3599.951 2524.526
3723.279 2240.441
3365.374 2412.342
3693.844 2650.916
3419.900 2599.583
3289.635 2225.823
3624.383 2294.967
3541.474 2446.716
3536.097 2512.585
3538.525 2307.605
3678.852 2444.185
3608.580 2635.067
3330.226 2582.055
3596.143 2220.257
3357.063 2582.027
3503.788 2201.741
3375.007 2504.039
3555.374 2429.803
3579.085 2594.603
3408.496 2282.373
3362.281 2367.734
3661.794 2485.097
3292.512 2260.404
3671.855 2281.935
3618.918 2493.889
3668.335 2642.284
3723.860 2607.974
3398.932 2395.887
3328.284 2366.400
3589.618 2614.330
3582.683 2516.999
3356.817 2236.384
3670.351 2208.752
3711.092 2249.057
3597.671 2355.430
3548.648 2589.484
3583.968 2200.569
3342.456 2269.727
3644.319 2292.309
3295.093 2385.314
3629.065 2425.724
3614.511 2217.503
3713.986 2631.442
3696.565 2313.861
3628.051 2634.716
3304.103 2353.109
3486.314 2615.219
3600.159 2291.891
3586.220 2503.806
3661.269 2300.209
3629.646 2616.846
3568.502 2215.232
3358.765 2634.117
3411.719 2550.177
3662.147 2578.282
3394.435 2201.137
3719.404 2322.425
3474.205 2589.590
3379.224 2495.484
3669.080 2365.916
3533.177 2485.361
3490.169 2298.526
3399.448 2364.911
3494.759 2352.865
3515.316 2442.714
3598.728 2541.018
3702.251 2515.613
3326.201 2344.350
3684.342 2541.463
3288.865 2203.328
3558.490 2399.009
3544.238 2253.209
3434.523 2456.610
3289.503 2402.237
3293.337 2557.690
3616.272 2609.997
3670.391 2580.408
3614.060 2449.841
3281.395 2294.969
3328.184 2364.083
3482.558 2242.847
3317.535 2272.904
3474.325 2299.812
3679.351 2415.320
3518.870 2499.009
3451.029 2550.740
3568.494 2285.468
3569.589 2492.840
3669.188 2243.553
3404.683 2512.167
3588.183 2619.798
3717.085 2413.461
3357.936 2330.509
3537.571 2414.968
3660.512 2505.952
3326.338 2469.310
3639.757 2247.660
3350.384 2496.158
3706.823 2401.325
3468.517 2649.982
3531.880 2263.865
3405.994 2507.994
3722.036 2234.919
3441.505 2546.585
3658.817 2601.784
3428.499 2549.764
3668.019 2416.533
3708.912 2646.507
3330.073 2542.910
3479.495 2558.692
3580.285 2420.509
3302.743 2517.994
3364.850 2447.452
3543.086 2565.783
3656.796 2394.463
3284.845 2410.151
3321.028 2442.535
3544.532 2307.413
3526.241 2511.023
3296.372 2604.176
3357.234 2548.695
3475.150 2345.509
3450.231 2573.341
3621.756 2291.978
3368.313 2308.105
3566.239 2457.448
3570.366 2378.423
3701.923 2262.526
3552.391 2403.521
3530.734 2563.522
3288.783 2555.627
3308.163 2286.391
3476.723 2295.702
3296.307 2644.144
3347.063 2628.893
3681.428 2517.761
3371.931 2589.255
3656.645 2558.167
3562.597 2263.869
3322.960 2576.593
3369.780 2371.678
3410.775 2571.277
3396.790 2548.090
3464.412 2467.916
3674.946 2220.222
3582.827 2348.416
3652.141 2553.680
3594.632 2652.857
3353.971 2397.829
3339.687 2571.390
3678.506 2256.997
3294.250 2233.217
3653.549 2280.100
3371.604 2398.259
3626.543 2205.179
3530.677 2555.328
3504.573 2463.479
3565.047 2375.740
3711.981 2208.133
3626.117 2641.763
3492.219 2524.393
3323.561 2535.486
3710.732 2462.872
3368.204 2354.798
3592.625 2509.122
3568.263 2416.635
3456.021 2448.131
3632.379 2436.524
3453.051 2236.164
3663.603 2347.487
3299.028 2638.494
3375.581 2606.910
3527.364 2435.747
3551.195 2440.244
3388.100 2288.766
3289.213 2483.807
3323.032 2640.641
3394.340 2318.602
3492.003 2365.747
3586.613 2226.516
3719.514 2277.802
3386.830 2261.211
3626.758 2344.999
3654.137 2384.579
3616.477 2521.222
3663.731 2203.457
3435.975 2506.767
3652.144 2363.267
3545.815 2541.097
3594.865 2237.668
3471.788 2220.816
3271.515 2314.087
3490.707 2356.358
3367.840 2229.423
3322.786 2212.065
3402.277 2494.036
3385.513 2278.202
3341.130 2358.460
3290.003 2635.409
3351.296 2412.709
3452.648 2556.287
3344.163 2251.974
3506.824 2227.260
3303.880 2651.769
3453.673 2237.634
3608.859 2462.214
3594.744 2459.628
3485.820 2274.967
3436.341 2641.013
3338.943 2635.751
3423.652 2539.980
3429.461 2513.106
3564.982 2240.465
3321.407 2264.758
3605.992 2501.757
3366.639 2222.556
3509.823 2458.557
3689.754 2423.686
3336.828 2312.430
3662.660 2498.165
3315.303 2243.438
3342.329 2513.387
3561.963 2492.463
3305.774 2345.530
3608.550 2431.753
3364.758 2531.506
3512.072 2633.347
3683.742 2377.528
3281.911 2290.490
3528.803 2403.273
3564.245 2446.498
3484.525 2591.448
3351.677 2564.630
3619.623 2429.326
3635.554 2477.155
3625.076 2536.509
3450.995 2237.403
3402.279 2201.642
3334.886 2424.857
3543.597 2240.084
3316.232 2430.105
3277.056 2349.418
3550.037 2561.313
3387.946 2230.219
3712.923 2636.229
3455.447 2549.670
3710.438 2342.655
3486.217 2624.237
3417.946 2215.236
3369.745 2534.450
3564.201 2631.186
3567.407 2448.504
3521.667 2568.792
3702.303 2255.298
3416.643 2394.358
3515.221 2503.511
3576.127 2451.756
3331.186 2563.058
3672.554 2222.493
3629.313 2568.127
3550.081 2520.355
3624.254 2289.623
3602.220 2644.704
3580.777 2484.253
3513.307 2376.897
3707.582 2601.221
3623.796 2585.024
3329.144 2412.408
3398.623 2568.080
3409.616 2364.067
3500.244 2209.019
3301.575 2577.730
3541.350 2467.464
3711.076 2261.400
3500.539 2305.924
3720.078 2455.018
3688.968 2460.999
3695.709 2392.651
3440.188 2579.926
3690.183 2642.117
3558.475 2629.820
3663.321 2498.036
3298.611 2326.348
3397.951 2523.056
3464.120 2421.529
3365.672 2603.550
3603.052 2230.542
3534.089 2602.039
3488.834 2504.022
3568.707 2327.238
3536.076 2421.731
3499.736 2498.323
3489.751 2337.719
3373.463 2622.500
3532.309 2268.524
3472.954 2611.442
3466.216 2458.247
3592.295 2528.140
3660.439 2261.983
3468.426 2496.595
3337.153 2551.338
3332.438 2390.931
3287.882 2509.367
3569.242 2239.253
3519.333 2274.287
3448.992 2611.021
3717.837 2290.525
3369.313 2234.190
3595.860 2417.700
3528.671 2615.396
3655.741 2202.007
3591.462 2236.144
3724.243 2536.828
3424.368 2523.052
3405.338 2215.185
3716.232 2356.236
3487.040 2507.642
3302.934 2465.081
3380.150 2323.725
3633.757 2390.986
3360.527 2486.564
3368.477 2437.329
3485.136 2276.061
3316.259 2465.775
3720.575 2502.658
3650.806 2523.529
3368.949 2455.189
3421.918 2461.768
3280.058 2220.162
3512.685 2469.626
3284.520 2601.331
3391.831 2370.960
3523.137 2487.964
3419.407 2199.655
3662.799 2385.215
3325.785 2565.312
3682.881 2445.220
3499.703 2650.136
3469.060 2336.776
3642.530 2482.470
3300.652 2474.020
3403.045 2343.548
3343.537 2650.143
3335.191 2495.595
3650.123 2319.747
3546.569 2575.868
3533.455 2261.643
3566.124 2641.885
3669.613 2415.430
3660.368 2493.301
3651.712 2421.315
3292.870 2384.108
3505.498 2459.936
3305.583 2359.510
3534.212 2475.642
3393.951 2377.639
3467.815 2302.645
3657.799 2629.951
3440.584 2646.891
3623.368 2227.140
3544.117 2596.081
3275.386 2508.305
3384.411 2384.963
3300.696 2224.398
3456.456 2412.149
3403.547 2344.865
3715.044 2621.654
3376.635 2569.842
3518.936 2379.287
3676.767 2594.806
3471.356 2613.556
3573.441 2211.851
3511.938 2632.087
3695.365 2369.548
3642.770 2504.674
3391.240 2442.070
3299.715 2352.099
3372.295 2454.719
3523.475 2345.751
3506.281 2569.980
3379.934 2574.850
3461.693 2420.585
3523.337 2303.336
3470.569 2478.161
3424.300 2429.826
3422.743 2438.588
3621.570 2253.049
3333.525 2589.943
3576.409 2572.503
3658.607 2496.717
3304.048 2453.311
3480.087 2528.098
3419.358 2501.419
3430.142 2581.744
3362.476 2503.849
3584.780 2397.924
3614.090 2497.971
3534.077 2343.756
3609.270 2510.229
3530.124 2452.250
3329.394 2340.208
3693.676 2415.277
3416.373 2223.696
3634.171 2306.951
3383.354 2441.152
3304.169 2364.242
3410.577 2225.415
3503.797 2419.085
3708.137 2235.190
3318.560 2570.092
3283.295 2595.708
3710.578 2468.967
3660.769 2337.582
3598.461 2597.780
3662.126 2443.428
3448.005 2332.277
3355.724 2255.032
3701.822 2562.088
3370.172 2373.514
3686.229 2519.376
3411.856 2264.676
3665.130 2237.623
3319.579 2632.769
3410.052 2430.346
3406.245 2348.526
3513.557 2467.393
3608.467 2201.936
3299.969 2594.024
3397.871 2552.424
3697.905 2445.004
3446.219 2281.718
3303.973 2356.991
3618.169 2219.024
3704.998 2342.831
3316.452 2434.117
3374.420 2495.247
3654.008 2200.779
3557.566 2526.457
3274.301 2615.653
3599.828 2347.185
3667.929 2636.231
3610.562 2260.131
3331.607 2603.738
3468.029 2379.944
3478.013 2422.399
3340.824 2513.425
3467.268 2252.959
3452.576 2475.615
3581.308 2459.089
3447.510 2367.041
3501.090 2262.351
3272.664 2212.156
3369.101 2373.810
3289.439 2597.480
3637.176 2437.663
3339.951 2646.911
3313.941 2484.793
3317.824 2316.029
3428.899 2359.951
3300.183 2410.399
3274.444 2373.912
3589.943 2434.524
3704.319 2524.978
3610.023 2493.256
3442.317 2476.960
3609.804 2623.285
3366.595 2487.209
3581.347 2629.628
3634.832 2591.924
3522.222 2579.762
3613.189 2525.971
3512.302 2394.047
3622.980 2201.274
3474.022 2231.660
3284.828 2492.495
3273.634 2606.657
3692.544 2289.348
3391.718 2534.739
3295.294 2490.699
3370.724 2470.876
3554.322 2335.271
3393.666 2294.591
3358.487 2619.401
3447.924 2572.658
3515.497 2237.776
3310.021 2459.284
3679.889 2407.484
3557.766 2571.464
3343.018 2278.143
3721.008 2506.988
3414.331 2319.421
3671.221 2403.515
3597.383 2283.937
3440.570 2257.795
3608.106 2521.298
3544.835 2396.637
3713.463 2422.179
3616.748 2218.625
3368.249 2438.149
3452.932 2314.596
3636.460 2474.109
3291.164 2322.403
3580.373 2375.813
3480.959 2464.830
3448.541 2485.369
3325.315 2527.661
3411.042 2310.770
3419.042 2222.285
3411.560 2583.980
3399.941 2382.182
3315.119 2294.255
3277.636 2270.051
3408.648 2291.092
3359.031 2216.565
3651.898 2508.056
3625.328 2237.916
3496.631 2410.221
3680.611 2264.493
3399.443 2319.270
3367.041 2423.910
3594.913 2368.396
3498.049 2527.412
3518.685 2481.211
3680.851 2286.126
3488.607 2227.160
3382.356 2477.007
3616.611 2372.904
3478.784 2220.022
3379.229 2607.693
3408.563 2541.014
3491.349 2315.341
3438.023 2340.397
3439.652 2325.907
3296.613 2422.743
3344.876 2373.717
3353.992 2360.107
3560.127 2274.933
3619.678 2633.457
3524.756 2406.478
3474.108 2426.047
3530.529 2528.351
3494.510 2577.012
3711.494 2611.304
3608.478 2476.519
3518.732 2231.883
3546.700 2245.851
3491.472 2533.381
3566.961 2345.244
3601.944 2506.525
3681.521 2356.705
3384.001 2356.442
3615.865 2341.592
3456.710 2626.278
3502.652 2236.089
3456.784 2581.460
3539.382 2513.642
3417.819 2580.648
3413.728 2499.158
3403.568 2235.643
3446.984 2256.912
3441.980 2587.111
3466.462 2417.749
3466.484 2410.388
3720.234 2524.552
3691.234 2347.441
3333.226 2565.355
3628.944 2550.550
3511.620 2346.737
3378.476 2595.119
3280.042 2484.258
3524.936 2223.227
3344.310 2273.163
3579.841 2606.713
3477.908 2619.850
3708.620 2516.340
3720.313 2487.940
3377.974 2287.075
3286.571 2488.667
3470.723 2332.062
3439.665 2382.478
3414.512 2384.333
3298.039 2246.323
3527.504 2258.542
3693.676 2517.008
3405.304 2371.221
3277.965 2634.219
3285.406 2218.027
3495.497 2451.130
3324.784 2244.749
3444.438 2564.572
3454.434 2445.237
3313.729 2588.555
3468.207 2594.493
3494.937 2637.933
3501.771 2610.113
3658.147 2406.505
3366.941 2630.565
3534.328 2515.823
3623.853 2493.694
3403.444 2400.709
3517.754 2330.158
3475.332 2559.926
3391.199 2286.403
3461.137 2627.131
3430.370 2423.127
3619.634 2338.957
3368.739 2638.409
3341.730 2297.808
3274.841 2273.764
3512.312 2243.159
3476.744 2450.728
3383.057 2558.733
3640.124 2256.097
3518.428 2209.112
3690.882 2370.300
3699.256 2261.587
3398.502 2271.433
3378.291 2337.084
3367.025 2258.108
3326.280 2637.843
3648.053 2516.976
3622.753 2268.594
3317.003 2568.801
3405.037 2413.695
3692.053 2428.201
3515.278 2374.323
3629.119 2255.397
3455.209 2326.263
3399.914 2633.498
3347.417 2207.337
3496.455 2407.910
3282.060 2252.652
3430.135 2625.889
3471.967 2646.639
3673.777 2612.446
3564.966 2428.572
3552.681 2308.187
3510.337 2263.885
3562.903 2403.108
3637.444 2602.984
3302.324 2365.405
3417.776 2327.014
3499.415 2634.240
3661.705 2614.810
3598.412 2279.763
3598.038 2318.334
3616.624 2234.091
3421.457 2352.702
3551.484 2309.482
3564.883 2562.385
3411.396 2232.936
3659.125 2501.529
3628.479 2328.953
3658.530 2445.864
3449.553 2243.112
3415.503 2269.479
3401.769 2617.882
3578.170 2295.717
3564.894 2648.334
3638.435 2518.962
3523.373 2394.929
3556.255 2224.297
3607.401 2200.432
3695.302 2618.102
3719.035 2525.242
3515.459 2473.788
3476.799 2308.580
3337.254 2296.926
3569.621 2530.343
3477.089 2406.925
3564.935 2611.074
3324.946 2348.045
3619.652 2443.094
3296.959 2547.161
3661.871 2408.202
3388.697 2416.678
3489.711 2647.524
3412.573 2405.771
3424.076 2266.878
3485.960 2495.532
3278.023 2448.172
3287.436 2452.004
3397.199 2357.143
3351.423 2526.867
3665.483 2266.992
3524.960 2394.709
3405.621 2223.478
3716.402 2538.264
3281.342 2406.142
3356.253 2428.362
3645.570 2350.448
3341.688 2322.171
3626.488 2415.322
3375.789 2541.744
3582.468 2652.160
3284.205 2647.376
3579.946 2337.798
3575.079 2467.121
3310.107 2206.491
3559.577 2622.894
3657.799 2473.006
3431.330 2462.589
3514.681 2291.889
3332.613 2408.438
3510.800 2397.507
3506.401 2344.055
3705.480 2285.693
3632.788 2470.554
3415.608 2296.368
3343.285 2540.326
3631.263 2238.026
3426.817 2330.864
3689.456 2434.556
3701.599 2286.534
3392.788 2527.435
3628.037 2629.888
3503.176 2464.298
3306.667 2505.259
3425.032 2540.623
3444.802 2576.646
3489.160 2302.864
3684.179 2475.598
3544.930 2406.019
3459.956 2278.960
3717.240 2357.468
3551.017 2286.395
3711.954 2516.958
3286.437 2591.546
3311.888 2369.131
3438.443 2602.937
3453.106 2470.309
3301.342 2450.074
3473.343 2434.156
3678.465 2575.414
3303.808 2615.229
3346.379 2407.207
3287.796 2507.532
3294.240 2253.527
3672.831 2571.714
3382.796 2624.693
3478.665 2298.674
3527.435 2245.672
3441.154 2337.582
3664.904 2477.800
3345.259 2236.182
3399.566 2599.874
3712.891 2517.297
3327.706 2645.460
3420.456 2613.015
3683.228 2382.293
3334.619 2456.681
3697.004 2257.309
3656.783 2489.803
3318.029 2340.372
3519.482 2308.997
3655.504 2223.590
3299.932 2433.969
3307.607 2475.656
3311.848 2519.944
3310.145 2424.517
3448.373 2223.645
3566.049 2434.118
3489.049 2417.208
3627.287 2541.813
3719.532 2231.923
3370.266 2282.316
3286.302 2382.971
3297.313 2261.068
3382.985 2376.597
3425.850 2465.389
3288.215 2599.600
3398.666 2511.318
3350.826 2546.829
3480.889 2357.727
3347.904 2498.886
3421.185 2493.761
3290.148 2470.552
3680.646 2502.588
3642.598 2364.094
3472.525 2443.499
3689.426 2640.569
3640.877 2598.243
3357.886 2345.977
3393.967 2522.385
3386.217 2548.702
3339.881 2214.919
3706.272 2513.846
3401.413 2246.770
3602.282 2373.160
3477.997 2240.674
3661.751 2523.252
3546.185 2341.493
3519.904 2315.148
3401.081 2425.611
3456.561 2234.037
3523.715 2548.925
3628.720 2275.467
3279.486 2635.314
3442.355 2414.985
3544.465 2206.044
3379.548 2542.664
3482.858 2419.306
3440.161 2238.124
3611.123 2256.890
3689.841 2491.192
3722.235 2457.196
3679.180 2622.510
3666.531 2306.560
3558.217 2199.518
3578.128 2468.868
3445.261 2288.250
3447.455 2490.178
3331.523 2451.469
3470.844 2212.648
3622.681 2566.194
3373.406 2537.100
3529.318 2483.588
3323.359 2448.701
3416.993 2324.564
3364.192 2322.889
3404.186 2254.407
3648.893 2259.508
3280.526 2228.373
3312.724 2280.190
3548.233 2291.105
3655.106 2404.201
3473.063 2248.582
3626.071 2331.568
3293.323 2202.493
3360.887 2351.730
3421.973 2232.658
3552.967 2339.169
3557.965 2235.671
3611.388 2277.896
3688.580 2306.351
3290.498 2422.089
3309.593 2470.841
3562.343 2558.092
3542.515 2277.072
3560.510 2460.058
3423.230 2362.831
3636.028 2648.677
3551.556 2556.929
3277.850 2652.152
3446.372 2224.511
3289.269 2490.761
3601.389 2288.384
3703.861 2468.403
3717.185 2608.518
3690.951 2640.216
3327.238 2500.032
3309.330 2481.442
3367.644 2456.936
3332.154 2367.770
3406.911 2389.811
3348.743 2298.342
3392.453 2470.898
3329.204 2623.874
3409.741 2636.216
3690.006 2529.401
3470.246 2500.410
3285.937 2372.958
3683.146 2407.745
3483.628 2449.740
3625.036 2466.711
3409.231 2583.049
3487.185 2208.631
3397.794 2331.600
3344.192 2460.349
3486.926 2213.947
3500.488 2358.007
3523.122 2644.387
3480.536 2421.664
3311.615 2457.452
3426.394 2495.579
3695.886 2216.983
3561.651 2556.472
3459.687 2251.794
3364.247 2592.932
3346.921 2230.461
3461.169 2358.244
3531.922 2514.299
3679.931 2362.945
3688.976 2549.581
3483.328 2524.303
3377.605 2250.919
3633.494 2387.916
3499.156 2504.846
3335.784 2444.879
3711.481 2637.911
3376.729 2260.072
3444.138 2494.611
3593.856 2603.305
3642.409 2327.773
3372.445 2273.061
3652.497 2507.550
3551.040 2545.129
3365.064 2278.362
3653.113 2233.861
3362.058 2384.363
3288.121 2461.893
3677.995 2565.004
3427.870 2568.541
3590.299 2283.127
3721.318 2417.439
3378.955 2254.471
3400.238 2421.035
3550.571 2258.759
3503.328 2602.227
3481.832 2337.527
3510.035 2235.509
3607.293 2443.922
3568.567 2201.202
3423.556 2636.145
3334.174 2460.188
3438.740 2302.943
3327.475 2637.887
3389.801 2537.361
3339.047 2242.374
3304.050 2405.576
3412.489 2303.011
3483.574 2340.041
3696.798 2301.162
3463.499 2592.541
3366.264 2440.868
3549.256 2457.357
3700.142 2347.530
3271.632 2277.545
3642.747 2632.544
3689.236 2523.455
3328.549 2550.054
3462.034 2589.105
3666.479 2442.217
3318.871 2542.890
3362.113 2366.350
3312.201 2298.402
3638.688 2200.744
3577.454 2425.397
3296.161 2467.140
3574.251 2389.023
3502.136 2551.875
3678.359 2440.033
3628.589 2486.098
3425.440 2537.196
3435.539 2422.929
3374.059 2388.479
3545.851 2580.338
3556.357 2233.999
3439.878 2217.124
3512.924 2309.408
3582.013 2559.257
3576.157 2623.791
3510.950 2323.605
3514.114 2510.700
3469.477 2487.589
3529.550 2466.123
3706.074 2559.213
3722.781 2648.270
3681.918 2514.999
3308.104 2252.661
3465.351 2256.985
3707.755 2467.479
3443.256 2494.905
3502.580 2336.638
3559.230 2580.417
3424.417 2329.023
3388.453 2316.948
3503.301 2637.177
3392.290 2584.019
3489.321 2628.973
3392.993 2633.321
3530.436 2537.891
3364.695 2434.132
3533.352 2567.815
3399.238 2505.248
3513.859 2281.465
3484.599 2596.592
3401.441 2506.317
3345.515 2337.380
3699.545 2351.426
3289.032 2369.438
3430.561 2428.271
3543.454 2289.868
3281.693 2244.037
3405.090 2618.650
3624.588 2317.183
3353.104 2363.017
3395.122 2396.355
3712.850 2403.730
3499.716 2311.489
3481.787 2417.922
3493.774 2230.658
3456.917 2405.288
3653.761 2591.238
3603.027 2380.765
3614.186 2535.486
3385.291 2422.307
3298.189 2466.843
3723.540 2255.859
3568.884 2449.633
3336.979 2461.097
3370.091 2525.946
3570.261 2230.126
3373.773 2322.658
3403.895 2563.027
3363.994 2201.616
3691.919 2505.526
3536.819 2273.832
3497.026 2614.930
3447.449 2518.425
3515.769 2554.647
3300.373 2353.128
3644.280 2539.544
3316.101 2622.749
3413.774 2424.740
3473.404 2642.505
3480.725 2518.622
3689.333 2596.449
3397.823 2647.408
3649.357 2335.975
3549.420 2595.569
3600.332 2570.026
3459.700 2235.929
3279.377 2422.923
3598.697 2371.325
3473.006 2480.274
3697.704 2278.408
3323.555 2353.026
3472.110 2314.873
3312.457 2313.649
3325.358 2344.561
3332.427 2527.591
3711.722 2381.867
3712.720 2434.195
3580.431 2467.471
3451.662 2509.830
3645.458 2643.280
3719.507 2563.966
3554.754 2314.924
3651.622 2332.527
3632.680 2632.509
3612.673 2402.924
3574.967 2240.857
3344.233 2544.580
3434.462 2538.487
3320.668 2644.431
3390.127 2351.751
3446.680 2207.857
3478.964 2476.222
3723.852 2625.802
3539.530 2297.460
3480.446 2385.251
3671.149 2314.234
3536.497 2507.627
3642.874 2490.615
3669.635 2217.477
3654.894 2469.988
3300.876 2199.251
3416.862 2384.190
3360.306 2403.551
3567.911 2534.200
3357.922 2384.186
3351.276 2423.503
3661.096 2433.844
3712.312 2649.638
3492.078 2332.087
3275.730 2201.267
3333.990 2389.903
3410.375 2216.149
3557.059 2516.412
3626.700 2241.416
3570.364 2534.302
3318.849 2393.242
3443.585 2292.121
3382.436 2275.481
3381.209 2564.990
3584.247 2373.569
3457.752 2522.799
3670.937 2436.906
3539.655 2564.036
3482.740 2346.716
3382.546 2613.881
3327.893 2400.248
3315.637 2473.893
3526.427 2600.979
3587.689 2473.099
3446.287 2619.584
3724.134 2604.973
3628.169 2295.938
3361.980 2334.732
3458.747 2622.655
3712.610 2607.678
3476.117 2392.205
3652.558 2570.926
3497.186 2624.671
3700.392 2266.919
3385.337 2427.120
3585.216 2611.451
3513.865 2302.157
3495.977 2471.124
3295.778 2321.261
3294.216 2244.995
3509.811 2416.702
3635.238 2371.254
3602.653 2234.885
3633.564 2407.102
3675.101 2329.675
3479.001 2294.082
3383.405 2388.562
3495.212 2252.674
3330.141 2461.554
3370.902 2512.065
3400.042 2352.627
3588.354 2412.655
3682.711 2502.987
3282.221 2398.901
3511.845 2208.895
3634.981 2296.975
3330.302 2552.689
3431.301 2514.264
3486.709 2522.926
3592.516 2246.372
3675.146 2239.556
3667.213 2459.532
3553.884 2642.718
3625.952 2518.551
3509.459 2445.312
3700.126 2399.281
3714.908 2555.387
3625.190 2264.049
3404.505 2621.687
3649.828 2306.189
3591.941 2393.078
3434.831 2325.505
3337.423 2452.323
3387.596 2568.100
3332.581 2647.581
3519.772 2269.564
3513.135 2514.028
3432.145 2531.795
3558.504 2240.020
3699.536 2278.163
3687.191 2651.632
3624.227 2270.744
2517.951 3671.332
2629.314 3553.290
2702.507 3495.700
2664.585 3684.953
2440.024 3607.450
2522.305 3612.055
2454.864 3391.898
2716.977 3589.971
2675.564 3568.249
2438.120 3662.057
2582.410 3557.356
2540.842 3656.897
2677.867 3279.646
2521.819 3363.142
2456.627 3306.484
2498.047 3431.920
2869.938 3552.708
2525.384 3259.349
2700.160 3387.502
2889.609 3356.860
2466.173 3602.654
2636.593 3274.259
2792.695 3532.833
2594.513 3707.174
2762.367 3635.309
2858.460 3520.193
2468.441 3659.374
2765.232 3556.419
2492.167 3449.977
2813.232 3556.404
2533.625 3531.675
2504.984 3536.103
2522.096 3337.028
2888.307 3670.352
2703.834 3648.639
2541.625 3701.068
2864.218 3339.855
2607.094 3278.992
2588.065 3626.562
2769.288 3657.772
2861.716 3611.754
2580.248 3495.410
2722.752 3442.714
2674.077 3377.619
2441.102 3668.838
2508.311 3476.197
2669.344 3504.123
2452.850 3713.564
2796.334 3554.025
2688.197 3494.374
2686.449 3644.901
2456.990 3702.199
2830.792 3352.705
2617.212 3414.825
2888.589 3680.577
2751.395 3462.801
2847.952 3458.730
2450.491 3529.485
2635.333 3363.975
2636.436 3582.558
2610.566 3405.089
2783.310 3532.562
2505.106 3415.354
2752.947 3326.220
2515.511 3508.885
2518.136 3364.534
2773.001 3595.390
2888.421 3669.139
2462.758 3689.022
2543.557 3282.980
2554.131 3514.197
2853.474 3430.759
2630.044 3684.748
2679.436 3644.726
2535.849 3343.285
2516.349 3523.116
2799.436 3345.536
2871.040 3344.264
2513.694 3559.814
2628.008 3396.060
2706.459 3399.513
2478.641 3491.279
2743.086 3704.064
2782.747 3360.614
2764.052 3666.007
2680.433 3553.216
2470.193 3429.773
2591.772 3616.704
2871.417 3609.806
2661.451 3546.431
2546.006 3514.414
2597.121 3276.720
2606.597 3502.593
2493.572 3601.532
2547.395 3707.425
2684.322 3429.692
2819.138 3345.104
2450.747 3514.357
2522.572 3463.236
2437.467 3266.524
2573.202 3516.176
2522.208 3531.647
2478.533 3498.020
2812.321 3272.207
2535.510 3363.554
2875.539 3709.719
2779.382 3270.659
2833.016 3475.334
2702.501 3539.369
2740.490 3365.598
2529.270 3674.368
2870.196 3654.508
2697.564 3341.389
2751.007 3566.086
2538.357 3432.372
2641.991 3301.098
2557.232 3433.743
2722.234 3302.875
2656.353 3382.089
2702.961 3569.923
2755.808 3395.406
2803.950 3608.075
2567.824 3671.107
2634.755 3373.321
2886.597 3276.936
2881.124 3462.308
2856.802 3472.071
2547.025 3378.143
2553.932 3355.990
2842.015 3510.967
2734.214 3346.840
2664.576 3671.702
2768.549 3552.068
2637.556 3317.991
2508.497 3421.278
2710.898 3453.196
2496.261 3302.701
2609.882 3652.294
2619.912 3532.829
2514.619 3612.150
2527.176 3611.896
2881.011 3656.937
2619.998 3368.792
2770.424 3619.440
2768.387 3273.486
2587.654 3479.819
2507.676 3379.143
2562.224 3283.610
2511.850 3322.041
2559.669 3400.191
2652.676 3503.203
2650.646 3392.218
2529.873 3611.313
2650.833 3597.730
2781.059 3568.519
2699.551 3540.809
2600.252 3648.206
2890.540 3544.883
2750.444 3388.951
2518.460 3280.357
2461.808 3332.121
2687.167 3502.020
2796.821 3693.611
2837.821 3677.838
2648.337 3473.702
2440.873 3514.670
2882.851 3261.388
2620.265 3626.828
2797.814 3624.254
2542.864 3675.346
2633.621 3560.121
2546.909 3638.563
2498.983 3369.566
2694.447 3324.157
2640.735 3578.747
2484.965 3469.240
2649.606 3360.484
2688.171 3479.521
2795.683 3452.121
2496.076 3597.360
2824.650 3647.928
2703.224 3440.456
2719.485 3438.054
2588.566 3275.493
2772.139 3558.538
2838.495 3577.048
2662.694 3554.660
2768.560 3351.650
2566.003 3458.460
2608.940 3402.844
2771.393 3270.545
2824.036 3623.674
2538.618 3500.517
2537.740 3636.691
2873.088 3592.871
2697.140 3268.261
2799.753 3643.262
2602.444 3705.782
2493.736 3398.639
2583.313 3518.822
2458.564 3294.839
2676.380 3516.609
2826.141 3673.379
2774.834 3343.980
2717.434 3621.321
2716.447 3393.616
2771.086 3599.581
2466.836 3274.855
2564.612 3569.841
2728.469 3426.570
2578.286 3524.920
2502.311 3528.782
2743.963 3478.811
2795.756 3595.118
2845.613 3356.310
2487.351 3454.196
2757.041 3685.691
2882.116 3310.225
2626.738 3687.273
2603.086 3521.939
2878.612 3692.307
2498.150 3604.788
2675.955 3442.582
2659.027 3275.409
2780.904 3363.160
2863.031 3405.259
2695.292 3558.519
2753.248 3540.638
2639.012 3422.920
2516.604 3590.391
2481.897 3364.137
2631.269 3664.369
2663.965 3610.011
2610.693 3588.112
2481.286 3706.499
2467.354 3401.483
2597.031 3605.130
2808.098 3358.498
2511.736 3600.132
2798.104 3401.489
2779.503 3509.864
2496.139 3382.217
2633.268 3514.596
2465.739 3336.565
2641.634 3534.440
2553.532 3358.235
2570.662 3519.787
2888.016 3321.298
2847.289 3618.414
2835.693 3559.604
2644.288 3671.223
2513.181 3426.238
2687.104 3434.960
2836.125 3322.119
2540.830 3708.452
2848.072 3332.392
2770.823 3375.846
2720.171 3405.032
2652.425 3445.914
2596.252 3413.444
2882.587 3584.252
2885.985 3263.504
2698.523 3402.583
2801.521 3381.928
2460.170 3425.173
2831.477 3517.270
2488.546 3415.385
2838.684 3482.052
2597.986 3445.745
2562.583 3521.695
2610.607 3624.104
2589.861 3575.564
2688.336 3613.098
2697.901 3650.273
2519.425 3415.159
2550.723 3391.292
2855.746 3503.999
2715.684 3595.086
2815.285 3542.156
2645.560 3338.417
2443.640 3361.433
2612.608 3430.533
2622.171 3607.156
2837.372 3358.310
2869.430 3502.696
2553.197 3272.750
2718.338 3484.014
2887.186 3621.717
2772.166 3697.420
2525.555 3359.717
2700.326 3618.783
2621.480 3663.074
2501.499 3410.239
2831.967 3698.191
2669.922 3597.694
2681.498 3279.239
2818.232 3677.126
2691.772 3630.264
2865.824 3571.823
2527.994 3524.328
2732.698 3612.237
2532.053 3333.840
2757.151 3335.388
2759.501 3377.243
2503.651 3404.731
2452.593 3277.588
2856.191 3584.880
2746.231 3712.828
2658.379 3448.602
2839.897 3588.398
2575.984 3430.163
2728.837 3649.724
2521.780 3369.363
2804.694 3351.606
2456.841 3292.375
2597.620 3579.615
2453.333 3680.089
2774.157 3681.136
2708.977 3705.570
2849.339 3318.689
2848.012 3490.048
2804.895 3603.322
2880.049 3637.401
2625.218 3277.696
2787.944 3593.421
2751.591 3597.401
2475.194 3266.296
2744.500 3472.011
2810.818 3554.276
2556.043 3525.972
2579.421 3394.640
2853.315 3510.553
2755.797 3465.291
2659.332 3263.294
2739.264 3359.727
2733.054 3507.501
2763.994 3358.279
2438.033 3658.266
2644.533 3647.531
2809.645 3572.453
2495.716 3670.229
2754.992 3624.100
2659.435 3603.581
2527.874 3401.682
2853.900 3277.092
2600.744 3508.551
2598.068 3522.321
2792.279 3299.366
2708.867 3387.201
2642.167 3617.735
2854.573 3332.018
2514.603 3339.306
2601.874 3680.534
2626.922 3365.447
2528.789 3535.311
2797.767 3663.303
2680.555 3389.492
2583.956 3687.152
2825.831 3606.014
2591.692 3638.768
2657.647 3345.171
2612.304 3367.426
2479.156 3350.079
2472.210 3398.740
2751.410 3454.301
2560.564 3706.153
2456.139 3613.707
2705.663 3365.260
2721.196 3333.552
2616.213 3619.415
2542.451 3691.717
2728.047 3488.305
2796.506 3655.383
2738.665 3307.217
2875.583 3666.905
2820.086 3708.176
2445.435 3519.775
2654.496 3597.214
2656.734 3291.326
2451.702 3455.032
2590.959 3685.950
2857.502 3330.037
2505.161 3605.310
2670.764 3386.497
2526.568 3519.658
2766.628 3276.384
2597.036 3406.417
2472.907 3702.427
2472.039 3566.711
2639.668 3435.281
2697.250 3339.557
2534.688 3390.247
2624.511 3597.414
2721.619 3370.972
2654.484 3669.973
2503.848 3498.696
2618.689 3289.622
2494.949 3642.011
2660.916 3617.277
2490.409 3624.137
2803.923 3302.608
2545.310 3317.373
2539.297 3268.859
2463.161 3463.261
2547.037 3310.969
2643.939 3325.747
2651.494 3640.248
2876.376 3427.810
2847.907 3549.267
2779.697 3299.320
2737.755 3446.895
2548.825 3667.031
2632.812 3537.903
2679.262 3390.749
2647.978 3318.784
2632.100 3689.393
2759.198 3340.794
2875.301 3331.952
2600.354 3553.859
2543.043 3648.550
2872.407 3545.129
2699.943 3678.325
2685.406 3583.979
2758.416 3696.456
2530.133 3645.456
2752.889 3340.908
2560.962 3422.829
2562.271 3520.844
2656.670 3428.574
2783.242 3373.485
2859.336 3671.294
2656.850 3415.862
2447.748 3545.699
2886.421 3406.164
2516.109 3659.302
2822.153 3517.863
2844.738 3440.997
2766.939 3611.000
2553.685 3533.584
2502.476 3642.409
2789.544 3365.174
2661.525 3698.409
2569.401 3672.171
2691.982 3674.174
2631.146 3324.606
2577.342 3494.730
2607.813 3494.942
2780.949 3380.571
2635.840 3363.189
2592.607 3345.199
2632.680 3703.636
2489.685 3604.438
2565.726 3656.320
2758.164 3487.282
2745.809 3301.764
2676.724 3424.165
2594.244 3339.573
2737.584 3292.637
2867.889 3517.313
2488.373 3378.174
2851.087 3568.117
2466.499 3711.551
2547.441 3290.759
2841.697 3359.740
2871.975 3657.631
2872.791 3287.982
2607.904 3357.444
2546.043 3305.686
2728.030 3446.132
2678.824 3299.391
2690.902 3692.057
2620.062 3582.781
2800.313 3501.966
2584.363 3498.499
2727.372 3260.025
2879.105 3519.295
2629.971 3463.254
2883.503 3614.315
2670.891 3271.935
2739.061 3328.205
2600.360 3643.073
2814.140 3666.372
2719.840 3549.202
2783.718 3485.482
2583.343 3659.044
2758.536 3430.152
2524.457 3275.932
2702.506 3572.160
2596.384 3607.885
2442.445 3369.690
2837.349 3688.300
2694.422 3651.067
2571.031 3433.942
2873.605 3457.083
2527.465 3380.511
2759.279 3579.247
2763.940 3635.762
2507.228 3312.372
2854.042 3547.964
2698.431 3605.976
2738.268 3424.307
2669.709 3283.164
2870.853 3548.075
2824.172 3271.267
2722.450 3351.743
2472.731 3490.650
2687.751 3327.289
2778.583 3640.878
2557.926 3482.219
2548.724 3627.195
2524.928 3634.347
2848.860 3655.513
2811.319 3286.307
2805.057 3291.621
2696.581 3682.979
2652.607 3325.244
2639.555 3395.912
2631.560 3370.143
2711.636 3331.403
2624.849 3466.994
2729.562 3680.390
2678.719 3466.780
2506.217 3358.253
2723.035 3607.309
2681.078 3546.846
2508.530 3273.187
2819.077 3470.194
2779.056 3329.678
2824.322 3379.617
2645.944 3703.817
2695.092 3523.837
2495.578 3543.464
2533.929 3347.584
2735.737 3663.180
2752.865 3540.019
2683.664 3569.635
2736.220 3423.272
2818.453 3534.540
2561.955 3680.378
2563.816 3465.293
2676.128 3554.052
2514.286 3435.837
2847.721 3542.243
2764.708 3709.274
2834.777 3326.638
2891.644 3694.113
2567.359 3443.538
2698.942 3627.913
2631.697 3322.249
2891.106 3705.887
2521.762 3262.282
2764.267 3480.513
2495.958 3479.667
2641.202 3453.836
2739.005 3500.879
2808.982 3335.355
2738.756 3705.195
2660.494 3613.156
2476.550 3668.604
2826.500 3574.674
2545.116 3486.221
2816.238 3678.780
2703.101 3310.048
2572.499 3478.286
2881.380 3344.569
2797.600 3335.702
2599.627 3508.228
2608.458 3709.782
2814.834 3340.856
2878.281 3467.015
2763.477 3556.909
2786.623 3324.917
2486.798 3468.637
2737.711 3671.424
2838.165 3275.254
2473.768 3700.960
2564.707 3537.531
2487.885 3568.884
2444.850 3335.319
2558.234 3698.528
2648.570 3348.628
2494.764 3685.033
2709.186 3690.897
2799.984 3703.284
2724.940 3622.632
2605.806 3411.477
2489.627 3700.372
2655.758 3532.893
2861.549 3670.010
2557.285 3303.545
2831.372 3674.971
2797.816 3646.373
2546.426 3497.429
2667.577 3469.369
2685.421 3367.725
2871.818 3603.482
2741.007 3621.097
2477.495 3438.228
2850.227 3558.586
2567.815 3553.575
2759.571 3360.509
2529.502 3530.115
2488.192 3511.728
2862.999 3316.736
2589.283 3375.113
2601.978 3669.616
2581.843 3461.725
2491.637 3342.243
2798.614 3426.912
2623.620 3702.498
2793.516 3367.716
2685.395 3411.936
2783.818 3447.448
2451.058 3433.470
2881.077 3288.034
2840.171 3280.776
2850.748 3709.240
2519.996 3696.701
2496.454 3677.570
2641.023 3376.875
2545.473 3484.961
2675.228 3419.633
2566.455 3375.922
2445.607 3490.558
2829.917 3670.852
2566.175 3545.944
2808.715 3532.249
2710.304 3344.743
2840.277 3673.061
2830.975 3610.847
2701.873 3678.865
2815.794 3574.225
2607.939 3674.298
2590.419 3443.692
2590.741 3695.168
2866.586 3294.646
2670.968 3545.099
2607.118 3510.053
2720.212 3437.433
2814.323 3610.721
2757.354 3527.137
2789.122 3428.202
2521.488 3677.930
2462.807 3384.001
2590.346 3644.935
2720.213 3639.985
2741.395 3332.439
2487.112 3583.170
2453.610 3458.358
2714.312 3353.673
2626.282 3262.733
2643.689 3349.637
2668.676 3428.220
2890.378 3660.519
2712.621 3593.146
2847.122 3639.893
2731.402 3685.487
2564.077 3567.198
2702.232 3306.408
2525.787 3662.201
2862.148 3271.452
2634.848 3580.722
2612.800 3344.331
2635.888 3503.456
2885.958 3693.806
2706.070 3652.449
2853.955 3522.578
2442.930 3420.118
2645.098 3490.092
2841.560 3310.933
2841.898 3353.294
2597.489 3470.619
2836.587 3402.309
2565.244 3672.852
2615.172 3598.940
2478.089 3462.076
2868.851 3558.016
2675.036 3325.142
2599.790 3419.260
2801.416 3299.902
2515.930 3566.139
2541.663 3296.051
2732.141 3421.630
2723.896 3514.086
2837.646 3573.111
2889.879 3461.412
2591.206 3580.341
2877.827 3406.517
2776.039 3598.939
2814.277 3535.065
2882.245 3584.602
2733.088 3308.209
2503.305 3276.292
2761.027 3350.388
2836.276 3473.010
2873.168 3628.181
2478.569 3490.621
2815.425 3660.454
2804.570 3352.517
2613.441 3290.736
2792.896 3643.976
2630.423 3670.791
2685.514 3341.170
2683.148 3384.375
2702.694 3372.753
2556.651 3704.514
2842.202 3395.006
2648.890 3354.422
2776.044 3669.316
2640.109 3513.788
2825.085 3670.088
2879.986 3457.659
2611.564 3559.170
2620.163 3405.937
2557.761 3264.006
2793.681 3415.893
2858.796 3292.003
2584.901 3489.768
2557.918 3612.260
2504.714 3424.894
2440.006 3585.263
2724.666 3552.519
2497.913 3375.198
2832.171 3522.723
2887.755 3426.435
2644.233 3365.476
2566.173 3576.342
2863.797 3483.916
2593.350 3599.966
2740.941 3312.805
2755.387 3505.202
2439.789 3337.279
2770.180 3599.311
2569.834 3284.083
2662.617 3545.586
2532.796 3626.013
2765.805 3419.105
2815.434 3341.896
2872.665 3411.837
2844.266 3279.713
2651.317 3307.431
2686.607 3275.985
2560.620 3607.143
2567.867 3331.761
2576.333 3625.158
2698.891 3345.608
2712.347 3497.658
2826.804 3596.834
2698.502 3600.486
2789.944 3589.680
2549.179 3683.734
2843.562 3693.037
2593.155 3561.643
2866.590 3432.599
2817.703 3411.577
2602.295 3297.017
2519.189 3382.857
2520.270 3327.706
2674.634 3469.562
2680.723 3641.607
2578.241 3561.895
2491.519 3324.853
2507.626 3527.242
2880.863 3434.948
2734.616 3652.411
2803.107 3643.425
2797.365 3291.555
2608.728 3338.882
2440.693 3541.718
2571.054 3408.269
2588.908 3373.769
2804.578 3593.551
2723.786 3582.277
2484.815 3328.357
2673.455 3322.863
2735.843 3519.148
2881.203 3526.598
2506.921 3659.902
2797.933 3712.320
2466.123 3289.601
2473.113 3701.795
2878.911 3684.074
2601.993 3586.416
2871.581 3561.436
2596.522 3447.436
2783.112 3369.977
2824.014 3665.702
2711.171 3360.371
2597.483 3649.918
2501.661 3618.930
2793.522 3276.464
2638.918 3699.314
2869.040 3502.982
2786.279 3380.111
2776.835 3603.617
2782.547 3415.718
2807.727 3553.501
2844.706 3367.603
2550.107 3269.530
2459.168 3665.925
2683.888 3287.717
2726.450 3305.518
2452.239 3344.030
2737.348 3426.556
2771.591 3558.304
2452.956 3351.059
2641.696 3618.847
2718.407 3263.862
2849.812 3546.181
2873.939 3370.466
2799.473 3382.767
2757.905 3707.526
2789.217 3335.824
2595.409 3341.905
2747.187 3695.339
2615.267 3420.868
2716.063 3394.171
2738.066 3467.146
2715.209 3413.420
2557.190 3278.536
2723.698 3403.345
2784.144 3461.056
2502.312 3287.190
2834.724 3549.049
2666.925 3588.064
2517.758 3291.830
2555.743 3710.309
2767.368 3414.362
2767.304 3571.306
2617.894 3434.505
2782.821 3424.250
2456.431 3518.571
2625.013 3562.641
2814.434 3262.348
2576.438 3506.113
2727.637 3507.323
2735.660 3296.546
2648.409 3386.297
2817.641 3624.341
2663.257 3278.475
2442.691 3498.370
2502.937 3462.762
2823.361 3682.236
2786.747 3398.299
2875.141 3315.146
2664.846 3262.518
2505.378 3401.593
2882.844 3635.330
2696.595 3342.847
2557.546 3340.959
2797.745 3510.880
2875.567 3375.960
2723.993 3587.060
2882.783 3506.158
2873.835 3423.010
2799.570 3588.579
2464.998 3713.174
2657.613 3442.888
2673.058 3546.119
2881.593 3573.340
2716.675 3661.706
2809.390 3412.725
2749.230 3316.009
2705.023 3370.817
2616.113 3338.995
2471.501 3352.567
2784.460 3579.819
2540.702 3679.734
2677.541 3530.707
2776.044 3649.087
2695.662 3297.751
2713.809 3423.802
2816.440 3535.957
2445.094 3361.710
2718.775 3368.794
2663.003 3516.974
2605.939 3476.877
2780.795 3336.337
2623.179 3535.134
2885.065 3325.659
2456.385 3287.031
2866.823 3666.918
2682.935 3641.212
2546.246 3502.696
2606.364 3333.901
2732.853 3703.809
2557.370 3297.213
2739.747 3655.231
2686.479 3635.272
2688.852 3480.626
2827.534 3390.012
2843.673 3437.136
2826.452 3300.215
2729.219 3432.935
2578.018 3407.395
2785.800 3381.126
2649.294 3279.225
2733.762 3293.854
2886.605 3553.736
2577.231 3712.020
2707.668 3303.559
2868.882 3599.514
2521.286 3437.566
2679.029 3287.007
2789.437 3365.149
2773.560 3268.637
2769.694 3588.567
2583.046 3445.671
2560.552 3351.541
2779.355 3658.999
2798.765 3696.529
2763.573 3448.664
2614.607 3578.894
2544.813 3464.337
2565.570 3706.602
2575.553 3372.187
2725.787 3684.964
2449.394 3406.013
2641.194 3462.659
2453.774 3708.360
2680.672 3425.300
2742.154 3387.793
2568.591 3338.887
2597.822 3415.766
2785.098 3601.452
2849.951 3640.587
2886.917 3674.547
2834.270 3269.595
2752.346 3623.917
2756.742 3515.872
2707.399 3492.743
2866.492 3461.458
2662.565 3533.835
2442.960 3273.386
2718.717 3668.425
2457.062 3589.633
2838.724 3517.977
2561.420 3346.095
2809.812 3288.795
2761.590 3662.072
2872.581 3655.824
2776.552 3551.988
2511.735 3403.569
2609.515 3318.347
2463.351 3699.194
2588.936 3622.545
2812.649 3357.044
2597.333 3302.398
2829.102 3678.405
2687.574 3628.162
2626.365 3392.858
2789.350 3323.280
2845.437 3350.551
2581.279 3412.588
2864.200 3481.259
2543.192 3551.748
2590.335 3259.734
2451.127 3697.290
2549.069 3465.645
2882.784 3547.310
2554.647 3571.561
2879.339 3503.708
2557.708 3410.855
2754.837 3305.624
2708.017 3490.004
2586.579 3475.121
2862.309 3373.070
2816.217 3658.948
2623.409 3435.913
2638.719 3313.955
2882.842 3488.668
2638.934 3337.117
2620.182 3347.881
2523.874 3689.778
2503.765 3625.304
2706.708 3292.443
2477.685 3591.880
2467.586 3566.777
2858.095 3691.519
2796.129 3586.757
2692.806 3324.682
2551.664 3370.707
2808.815 3453.216
2870.544 3344.340
2874.510 3463.505
2743.032 3499.697
2638.842 3478.204
2437.644 3481.408
2450.794 3505.587
2878.543 3598.433
2576.452 3553.748
2738.551 3320.946
2549.161 3307.996
2824.435 3635.257
2726.883 3485.782
2654.660 3533.723
2757.211 3545.710
2660.233 3603.660
2626.539 3332.214
2620.604 3486.469
2563.636 3427.838
2837.329 3564.794
2554.914 3417.171
2461.807 3587.484
2545.347 3312.153
2453.673 3385.947
2702.972 3266.386
2592.344 3381.028
2437.650 3630.582
2599.673 3436.639
2515.228 3359.520
2439.306 3692.486
2665.057 3356.127
2452.991 3551.550
2605.718 3512.701
2461.395 3464.945
2782.721 3454.955
2608.123 3283.461
2585.098 3561.356
2627.698 3637.968
2740.714 3297.513
2619.045 3437.870
2786.106 3396.899
2704.115 3584.605
2614.453 3395.419
2603.407 3591.872
2764.052 3670.606
2605.501 3420.861
2705.855 3496.940
2800.759 3526.769
2573.365 3394.190
2487.264 3686.729
2761.420 3374.826
2468.745 3695.322
2743.921 3525.142
2646.042 3438.508
2460.007 3586.261
2758.758 3385.024
2621.409 3340.118
2832.181 3410.193
2440.761 3554.048
2875.586 3550.554
2639.107 3319.789
2823.957 3494.135
2532.036 3504.136
2597.806 3672.237
2800.755 3560.118
2861.431 3612.103
2618.207 3531.822
2714.692 3436.192
2490.481 3398.991
2800.157 3596.822
2766.221 3690.467
2509.543 3599.642
2645.889 3458.191
2467.006 3479.457
2580.719 3349.786
2758.759 3581.334
2505.229 3573.685
2721.251 3595.452
2690.859 3391.996
2706.694 3614.548
2462.978 3594.218
2856.044 3326.498
2775.222 3360.298
2883.236 3345.260
2872.177 3444.983
2672.860 3491.189
2862.584 3346.570
2778.515 3326.860
2635.588 3263.752
2478.991 3598.698
2889.454 3296.571
2613.575 3527.081
2875.783 3283.681
2871.233 3301.106
2781.012 3506.033
2643.874 3409.069
2470.022 3372.243
2826.257 3464.443
2499.636 3679.475
2511.019 3274.300
2522.383 3637.290
2575.731 3452.938
2475.447 3514.399
2490.497 3639.245
2515.974 3685.707
2574.128 3507.664
2582.002 3282.576
2442.533 3521.943
2462.128 3505.669
2460.260 3334.956
2574.672 3309.321
2818.041 3439.322
2711.019 3367.488
2721.009 3687.942
2635.336 3410.774
2878.624 3535.921
2491.275 3713.484
2715.897 3630.612
2865.530 3705.330
2832.614 3618.735
2819.712 3528.268
2796.245 3367.301
2653.310 3467.096
2607.451 3259.944
2492.083 3677.755
2534.714 3611.001
2613.698 3422.525
2645.401 3541.925
2437.286 3557.611
2603.851 3648.664
2859.176 3591.781
2858.350 3450.997
2812.517 3328.859
2503.449 3465.213
2732.419 3341.925
2552.119 3475.879
2569.141 3456.702
2716.162 3525.497
2638.372 3304.808
2857.080 3462.664
2777.918 3556.016
2526.389 3540.407
2463.305 3558.043
2493.890 3693.211
2599.202 3295.030
2834.640 3513.858
2691.748 3574.192
2719.365 3611.296
2519.549 3511.497
2779.227 3374.034
2681.202 3264.704
2810.328 3459.620
2454.939 3507.722
2840.080 3494.354
2470.301 3327.953
2866.839 3652.453
2830.869 3287.274
2745.643 3335.797
2518.280 3399.794
2679.439 3488.987
2491.816 3335.513
2580.834 3548.994
2885.747 3564.685
2845.492 3384.101
2872.744 3423.594
2812.024 3272.284
2774.596 3532.190
2721.611 3652.127
2795.530 3551.554
2676.034 3636.575
2821.220 3374.586
2494.183 3353.707
2705.564 3577.880
2592.103 3536.958
2888.388 3259.253
2792.296 3300.620
2804.922 3386.472
2671.702 3329.470
2554.557 3316.934
2677.436 3272.521
2600.906 3538.133
2753.491 3623.018
2450.597 3562.787
2609.842 3655.776
2724.645 3514.231
2750.660 3594.974
2792.299 3654.069
2667.085 3458.805
2502.175 3662.416
2590.696 3449.424
2790.143 3441.749
2731.988 3704.946
2502.708 3425.094
2819.169 3381.837
2671.670 3400.024
2517.638 3676.592
2448.279 3347.130
2472.550 3698.304
2874.816 3339.784
2635.098 3369.161
2506.835 3296.435
2822.264 3557.325
2804.338 3575.709
2786.070 3611.025
2715.720 3340.224
2793.099 3443.551
2512.832 3606.521
2443.451 3544.439
2888.777 3510.686
2673.250 3386.826
2437.969 3280.728
2724.747 3458.377
2776.178 3709.252
2845.999 3284.471
2670.102 3539.187
2667.710 3270.777
2541.702 3437.539
2684.355 3683.798
2500.745 3317.037
2876.215 3583.902
2566.273 3709.328
2871.492 3281.513
2632.551 3296.972
2788.871 3351.259
2793.178 3342.102
2448.952 3322.744
2681.619 3480.303
2786.495 3443.766
2580.218 3555.113
2825.589 3349.204
2777.156 3492.311
2797.347 3345.545
2500.758 3651.389
2669.411 3660.478
2884.845 3278.310
2625.457 3565.033
2779.839 3550.309
2466.289 3550.300
2466.612 3360.025
2537.334 3539.261
2714.735 3395.107
2615.643 3653.921
2606.176 3638.177
2593.155 3648.522
2541.321 3701.786
2863.864 3507.660
2807.828 3636.531
2577.185 3708.395
2563.778 3594.231
2810.712 3512.868
2770.749 3503.809
2656.785 3425.087
2664.856 3333.014
2660.655 3508.169
2507.310 3661.156
2849.642 3286.229
2497.306 3323.245
2474.142 3444.535
2772.642 3508.368
2565.760 3385.619
2552.407 3659.424
2745.517 3482.119
2659.669 3569.093
2640.325 3339.269
2734.583 3470.189
2649.463 3683.205
2634.392 3519.276
2446.976 3288.200
2590.226 3364.107
2844.639 3261.448
2525.578 3349.099
2650.528 3671.870
2822.373 3499.476
2443.362 3282.344
2464.858 3483.033
2829.452 3295.408
2856.632 3362.511
2489.778 3440.579
2465.226 3528.064
2482.078 3700.558
2706.110 3430.143
2687.588 3550.865
2845.349 3283.716
2891.741 3537.305
2575.428 3387.139
2822.138 3576.812
2829.592 3592.649
2776.860 3298.905
2786.501 3539.352
2860.757 3467.706
2565.890 3295.909
2857.035 3663.871
2637.560 3545.187
2678.301 3288.762
2450.600 3392.275
2867.215 3696.644
2795.222 3323.356
2699.364 3304.382
2809.823 3677.664
2446.389 3419.272
2554.825 3637.361
2627.941 3526.426
2537.797 3447.943
2796.568 3379.454
2787.043 3404.265
2779.190 3470.339
2671.930 3590.806
2466.346 3681.863
2511.482 3644.938
2593.709 3576.147
2465.070 3648.852
2730.816 3330.289
2599.122 3495.709
2552.420 3521.548
2464.889 3316.475
2805.906 3549.715
2688.900 3664.333
2503.632 3546.290
2591.679 3404.106
2792.120 3670.198
2449.429 3675.035
2478.351 3641.083
2521.669 3546.938
2711.222 3307.590
2886.096 3664.319
2682.322 3643.978
2777.934 3477.644
2888.641 3375.836
2598.705 3540.618
2534.692 3287.424
2546.608 3602.639
2649.729 3699.969
2598.370 3688.845
2643.660 3450.269
2762.940 3606.596
2796.102 3485.057
2515.128 3675.000
2820.361 3672.030
2812.319 3321.821
2569.998 3633.142
2459.443 3690.814
2609.515 3622.097
2715.955 3628.953
2723.009 3524.715
2565.919 3654.299
2542.442 3303.390
2543.334 3273.869
2667.087 3579.102
2628.657 3326.901
2573.561 3470.911
2842.212 3430.594
2700.077 3265.550
2717.431 3300.069
2839.285 3568.232
2830.041 3284.231
2550.901 3320.989
2460.200 3669.556
2731.895 3456.181
2704.427 3288.200
2861.589 3556.030
2623.034 3707.098
2698.267 3279.260
2723.085 3435.069
2509.959 3411.701
2657.383 3346.348
2490.421 3566.920
2703.039 3613.146
2560.490 3628.187
2605.946 3564.513
2665.188 3691.502
2808.595 3520.300
2612.181 3582.353
2533.346 3382.090
2862.012 3378.205
2542.555 3351.811
2757.940 3343.652
2724.459 3576.334
2603.813 3263.192
2658.794 3503.688
2670.960 3428.930
2888.554 3415.656
2470.532 3680.601
2456.580 3338.951
2542.818 3592.064
2722.816 3596.675
2786.984 3510.693
2716.068 3609.574
2456.512 3331.579
2701.555 3458.269
2883.185 3658.654
2774.617 3295.955
2876.815 3355.747
2485.214 3669.301
2805.368 3380.051
2879.348 3617.472
2563.048 3480.950
2846.406 3676.321
2685.299 3351.364
2570.278 3616.116
2553.755 3509.128
2857.692 3308.334
2675.633 3606.422
2876.882 3648.150
2470.113 3320.262
2888.365 3535.954
2614.400 3362.319
2841.464 3514.576
2650.377 3652.037
2659.810 3353.287
2882.714 3422.494
2517.515 3553.913
2859.215 3609.130
2573.690 3361.231
2810.163 3406.229
2551.508 3424.722
2670.537 3603.183
2599.837 3381.733
2519.317 3612.674
2821.712 3334.566
2711.199 3308.056
2716.991 3662.523
2706.858 3591.276
2831.245 3589.219
2730.224 3363.382
2816.163 3685.120
2458.252 3698.428
2837.844 3388.434
2793.887 3640.551
2752.291 3551.481
2806.415 3539.500
2513.749 3574.269
2687.895 3454.058
2620.392 3699.208
2880.054 3608.125
2816.461 3581.878
2822.668 3536.982
2602.022 3632.146
2580.468 3344.898
2672.235 3555.925
2512.042 3451.906
2448.359 3335.934
2498.837 3565.870
2521.828 3390.078
2785.044 3538.041
2447.227 3320.382
2861.734 3515.272
2891.124 3629.465
2836.052 3325.657
2553.011 3402.035
2833.736 3582.413
2741.225 3698.428
2826.565 3428.870
2804.710 3591.645
2596.278 3461.858
2785.436 3392.754
2588.552 3383.565
2825.073 3682.764
2824.020 3440.485
2602.240 3479.862
2818.120 3471.592
2608.709 3526.678
2633.815 3457.905
2575.020 3550.002
2485.320 3414.539
2499.155 3516.507
2466.473 3391.801
2796.884 3297.758
2633.458 3431.667
2475.389 3597.883
2446.140 3611.626
2702.717 3382.345
2688.693 3673.921
2633.366 3504.551
2714.383 3622.424
2548.833 3621.035
2890.173 3388.815
2852.241 3442.533
2681.857 3281.090
2576.226 3339.731
2610.779 3333.038
2837.558 3299.245
2445.950 3259.928
2573.764 3662.196
2771.709 3490.987
2594.105 3533.052
2481.176 3510.971
2730.506 3619.576
2772.917 3436.361
2502.626 3465.912
2642.569 3374.968
2844.415 3315.876
2583.363 3501.437
2861.933 3337.714
2634.135 3534.568
2627.848 3372.602
2772.698 3548.172
2507.017 3342.448
2511.356 3339.165
2472.131 3403.050
2863.200 3605.312
2483.615 3649.077
2573.891 3552.280
2698.897 3279.515
2592.895 3505.311
2647.892 3457.125
2549.701 3264.850
2641.949 3580.869
2885.119 3484.539
2637.433 3337.837
2754.611 3298.674
2722.359 3566.938
2729.574 3286.636
2447.606 3646.102
2741.481 3520.555
2671.917 3377.165
2834.616 3703.832
2550.345 3624.434
2522.535 3516.316
2819.501 3586.694
2867.087 3469.698
2847.372 3690.235
2680.708 3496.308
2656.069 3652.265
2471.944 3710.370
2651.251 3363.121
2771.015 3352.307
2491.838 3693.844
2818.847 3644.678
2784.739 3504.493
2475.255 3592.603
2591.927 3408.374
2777.208 3457.692
2815.574 3712.231
2608.280 3454.042
2802.324 3632.509
2582.469 3293.660
2765.357 3394.161
2838.455 3666.972
2554.515 3609.550
2674.241 3273.743
2546.717 3536.099
2551.893 3294.889
2512.076 3592.190
2543.852 3280.134
2842.148 3316.608
2576.234 3682.929
2448.092 3674.108
2515.056 3313.472
2860.459 3306.963
2593.655 3436.033
2766.470 3313.248
2613.507 3450.721
2864.809 3420.193
2827.450 3473.978
2639.501 3347.329
2648.174 3568.450
2790.308 3374.704
2696.860 3500.054
2552.372 3371.363
2754.099 3305.158
2829.942 3420.082
2775.110 3272.785
2588.973 3493.720
2681.214 3576.975
2568.457 3385.277
2800.762 3677.617
2681.297 3594.574
2473.031 3582.104
2673.919 3677.251
2609.725 3504.353
2543.279 3576.168
2850.056 3671.860
2446.688 3497.668
2832.852 3650.233
2677.341 3340.220
2597.441 3649.906
2886.999 3627.676
2770.774 3408.410
2438.617 3347.075
2529.888 3284.121
2573.831 3312.281
2761.101 3354.796
2663.898 3300.367
2874.848 3364.037
2537.542 3662.268
2522.219 3459.835
2725.950 3683.464
2615.417 3369.685
2457.600 3322.981
2818.132 3511.279
2600.112 3286.278
2823.658 3629.158
2631.672 3444.877
2777.474 3651.864
2582.261 3624.036
2468.814 3523.018
2600.603 3675.885
2601.052 3675.677
2655.938 3571.096
2626.166 3307.214
2662.050 3408.944
2664.018 3333.905
2887.802 3428.429
2687.407 3458.294
2461.885 3551.016
2872.026 3313.961
2498.506 3584.539
2874.797 3636.153
2626.425 3598.416
2632.208 3415.214
2594.775 3600.434
2575.906 3506.775
2638.014 3514.185
2800.167 3512.141
2655.838 3545.624
2821.122 3710.752
2547.641 3331.788
2585.761 3295.300
2891.726 3287.186
2757.713 3633.518
2817.434 3422.840
2752.181 3454.355
2815.922 3711.486
2590.785 3264.959
2602.810 3529.346
2445.441 3414.100
2762.696 3646.660
2575.107 3535.539
2484.178 3482.404
2691.617 3481.147
2458.107 3476.732
2791.442 3345.446
2500.953 3261.687
2884.731 3381.818
2737.848 3336.436
2766.250 3291.572
2471.222 3273.809
2531.351 3390.521
2878.916 3382.085
2477.881 3537.426
2502.460 3495.229
2776.707 3599.030
2520.024 3445.030
2822.169 3460.167
2880.082 3286.418
2680.889 3272.365
2450.454 3514.436
2665.370 3347.488
2478.081 3695.338
2752.986 3668.851
2535.658 3650.555
2490.576 3364.816
2656.867 3325.838
2732.376 3380.818
2623.484 3486.550
2499.723 3579.184
2730.213 3430.229
2488.346 3447.756
2729.434 3430.463
2662.542 3415.600
2585.324 3529.882
2642.364 3370.710
2882.466 3680.608
2704.678 3674.654
2559.258 3619.794
2473.638 3449.029
2674.535 3418.079
2695.858 3534.017
2550.685 3450.952
2861.149 3265.621
2644.384 3539.381
2586.631 3652.195
2631.443 3511.604
2591.611 3342.688
2613.396 3698.093
2780.581 3665.557
2562.487 3305.783
2609.152 3297.707
2664.067 3488.325
2458.821 3637.726
2789.565 3584.123
2788.042 3603.383
2868.513 3403.407
2606.931 3541.543
2657.325 3291.447
2677.335 3510.730
2479.021 3494.572
2582.634 3287.114
2563.907 3534.850
2626.038 3389.207
2804.893 3316.270
2818.969 3631.493
2810.913 3494.197
2671.463 3556.372
2681.925 3640.158
2754.894 3538.888
2448.959 3361.244
2609.943 3410.485
2759.757 3687.585
2535.638 3602.179
2649.726 3633.507
2871.764 3330.801
2888.824 3409.378
2591.158 3461.319
2530.806 3299.424
2710.231 3540.760
2532.927 3362.817
2791.595 3712.588
2648.003 3509.105
2547.708 3468.013
2695.826 3548.673
2446.460 3449.799
2618.405 3313.376
2721.698 3266.467
2530.081 3325.366
2722.252 3466.465
2536.214 3265.576
2466.757 3532.738
2806.083 3276.990
2588.302 3353.232
2507.938 3404.509
2686.397 3373.960
2626.883 3282.067
2580.187 3641.629
2555.610 3547.655
2633.598 3712.870
2623.666 3712.703
2458.045 3355.358
2868.268 3616.668
2789.001 3634.515
2549.259 3415.555
2604.607 3455.918
2630.910 3448.497
2721.628 3573.458
2605.390 3283.408
2616.780 3392.615
2724.824 3604.267
2890.629 3313.285
2553.087 3372.256
2775.279 3541.507
2755.732 3611.998
2715.474 3592.277
2890.113 3596.866
2786.123 3422.084
2445.427 3604.363
2669.178 3313.184
2795.699 3329.805
2668.562 3650.413
2746.670 3585.971
2870.699 3513.970
2738.275 3506.178
2650.278 3702.346
2480.643 3309.296
2489.890 3585.496
2798.763 3584.508
2546.919 3362.659
2674.169 3270.046
2715.118 3641.846
2723.577 3428.146
2683.487 3429.783
2723.797 3402.776
2707.177 3654.686
2564.018 3576.279
2617.949 3713.182
2527.736 3404.579
2454.261 3668.397
2817.611 3334.061
2460.520 3358.365
2855.597 3612.988
2748.298 3598.784
2540.711 3698.781
2797.154 3371.367
2844.641 3707.477
2464.413 3651.534
2652.219 3459.153
2585.837 3345.639
2447.841 3682.547
2876.276 3665.711
2601.838 3705.092
2491.616 3554.639
2581.781 3684.634
2799.801 3560.848
2807.415 3499.798
2684.399 3334.279
2686.574 3305.294
2469.908 3553.704
2771.872 3370.669
2757.447 3627.164
2497.077 3335.025
2495.349 3404.832
2600.505 3426.428
2874.587 3607.052
2497.624 3414.834
2554.103 3683.921
2883.491 3509.277
2833.350 3571.386
2891.566 3705.849
2546.130 3631.431
2714.456 3323.452
2781.245 3368.203
2734.289 3669.828
2525.278 3488.053
2714.078 3430.971
2602.007 3571.116
2815.855 3603.127
2838.504 3360.805
2851.705 3301.055
2589.145 3477.250
2665.168 3313.234
2885.781 3295.694
2806.707 3585.217
2590.291 3591.435
2838.026 3443.169
2727.138 3658.305
2810.625 3261.259
2843.460 3415.250
2810.008 3370.154
2839.099 3474.537
2849.119 3261.538
2630.489 3399.597
2519.496 3427.565
2576.473 3428.940
2604.311 3428.116
2845.430 3593.575
2831.258 3575.691
2767.409 3641.882
2814.929 3645.477
2853.870 3531.033
2764.977 3261.176
2724.742 3357.579
2559.883 3340.163
2551.837 3479.111
2633.331 3582.630
2835.978 3574.530
2531.327 3345.453
2723.393 3586.652
2695.008 3641.840
2626.663 3711.319
2588.713 3646.484
2842.270 3670.767
2805.637 3388.718
2879.046 3654.426
2682.294 3476.820
2544.854 3509.781
2565.799 3469.347
2638.794 3472.275
2836.879 3587.527
2734.290 3618.253
2723.756 3464.760
2464.835 3711.879
2567.821 3463.595
2597.207 3322.418
2865.038 3650.507
2882.497 3466.177
2630.729 3283.764
2578.977 3597.040
2818.738 3397.211
2702.817 3392.315
2560.208 3475.245
2539.536 3593.318
2527.185 3406.904
2461.207 3667.724
2532.991 3651.900
2472.575 3495.627
2588.395 3476.057
2807.685 3518.141
2655.505 3643.347
2636.955 3663.373
2741.149 3683.262
2778.884 3302.255
2612.010 3355.908
2475.471 3558.964
2714.433 3607.654
2836.494 3576.134
2630.329 3647.871
2691.044 3293.987
2802.409 3427.436
2604.362 3392.849
2545.286 3577.498
2681.426 3281.818
2795.853 3289.547
2604.572 3492.991
2661.199 3335.812
2832.307 3267.318
2836.058 3698.183
2585.121 3592.715
2564.777 3284.061
2462.001 3704.280
2788.959 3440.871
2488.056 3704.387
2622.346 3568.078
2760.063 3674.556
2534.358 3323.097
2487.165 3656.765
2576.288 3283.965
2560.955 3441.040
2887.263 3286.841
2833.087 3624.271
2622.013 3585.558
2496.569 3691.304
2874.817 3623.483
2468.348 3383.892
2643.157 3370.418
2766.436 3373.843
2736.492 3593.974
2523.219 3433.934
2514.941 3463.752
2570.346 3306.905
2481.076 3431.211
2499.092 3544.162
2646.690 3345.827
2516.237 3658.021
2520.308 3627.889
2813.647 3486.321
2763.069 3619.363
2685.213 3624.289
2572.965 3598.739
2496.856 3326.280
2576.799 3546.866
2538.814 3344.863
2748.636 3611.624
2526.646 3553.479
2531.632 3363.174
2657.259 3371.362
2867.954 3514.940
2454.673 3391.740
2840.574 3419.926
2780.332 3656.302
2454.658 3686.912
2881.033 3491.512
2561.525 3460.039
2487.147 3611.616
2617.709 3682.305
2759.847 3511.235
2584.193 3294.696
2458.847 3302.620
2768.515 3336.924
2642.891 3575.578
2720.567 3404.876
2468.307 3396.850
2540.905 3436.042
2443.017 3363.594
2816.243 3583.365
2866.168 3485.394
2736.198 3353.918
2856.255 3514.257
2655.716 3590.936
2687.292 3370.065
2786.943 3486.036
2712.754 3650.913
2451.868 3378.236
2680.542 3515.536
2874.373 3693.204
2648.620 3434.674
2661.412 3382.953
2862.472 3577.152
2511.881 3259.462
2791.712 3579.425
2544.812 3588.767
2859.745 3705.513
2552.214 3645.419
2511.729 3659.750
2821.245 3366.619
2737.072 3630.106
2625.852 3406.307
2689.510 3658.497
2459.093 3442.821
2571.499 3569.192
2576.500 3597.940
2861.675 3291.224
2499.843 3349.300
2499.610 3302.876
2504.102 3549.372
2814.991 3291.274
2555.182 3465.610
2861.356 3355.165
2666.057 3624.684
2648.153 3511.981
2466.838 3621.879
2661.951 3625.867
2442.967 3660.510
2609.436 3526.060
2698.468 3710.483
2635.570 3685.538
2488.031 3355.079
2663.995 3368.594
2595.981 3432.984
2704.908 3346.704
2873.655 3637.662
2720.793 3406.406
2709.070 3552.777
2605.214 3353.445
2659.095 3382.514
2809.740 3688.813
2800.650 3370.925
2887.769 3459.494
2828.785 3362.474
2769.356 3443.978
2738.710 3330.688
2797.387 3374.143
2625.786 3396.821
2619.923 3355.818
2788.041 3527.975
2691.169 3564.176
2549.106 3709.581
2544.903 3647.185
2786.518 3327.884
2511.274 3667.064
2875.315 3595.743
2806.421 3573.355
2693.570 3386.893
2744.548 3373.509
2529.165 3662.133
2885.266 3554.650
2861.803 3420.334
2663.321 3366.968
2655.694 3601.177
2639.456 3388.895
2468.654 3267.532
2450.471 3267.072
2474.002 3621.658
2704.994 3347.205
2738.421 3467.612
2749.822 3351.190
2610.438 3663.481
2833.335 3684.713
2690.319 3500.857
2556.017 3658.045
2529.469 3621.658
2603.563 3371.107
2784.012 3268.510
2595.104 3632.760
2537.307 3380.917
2596.811 3603.732
2455.168 3662.074
2864.841 3673.286
2642.156 3699.448
2494.776 3638.476
2604.628 3356.297
2614.411 3655.294
2635.005 3634.406
2631.717 3506.649
2795.998 3706.577
2649.978 3398.561
2871.622 3264.027
2891.546 3287.529
2501.181 3647.664
2819.320 3290.372
2866.454 3705.598
2878.947 3699.082
2475.255 3438.343
2446.119 3305.297
2625.470 3711.923
2531.371 3414.730
2886.649 3334.830
2624.411 3510.774
2538.883 3321.480
2691.811 3441.135
2590.417 3412.552
2842.410 3635.009
2580.708 3566.026
2563.986 3431.256
2518.599 3305.708
2694.782 3447.866
2844.198 3601.345
2611.927 3570.142
2673.077 3467.403
2788.000 3443.348
2476.334 3584.400
2486.621 3321.483
2685.866 3369.490
2815.449 3668.494
2831.418 3607.471
2725.922 3444.434
2530.482 3424.074
2679.289 3712.191
2873.070 3532.025
2707.750 3578.592
2669.111 3441.291
2849.244 3493.745
2490.420 3595.706
2851.781 3461.994
2451.150 3584.603
2440.888 3343.958
2448.284 3289.526
2448.739 3478.804
2466.245 3513.722
2870.525 3459.229
2656.548 3637.845
2812.364 3566.437
2579.343 3627.100
2681.959 3361.698
2715.487 3377.700
2494.866 3298.376
2643.437 3495.269
2541.436 3536.444
2474.015 3603.873
2851.570 3321.358
2488.716 3567.338
2609.248 3624.801
2773.675 3515.018
2714.861 3661.935
2815.513 3517.818
2548.621 3617.300
2562.366 3661.924
2828.970 3441.817
2704.293 3701.796
2480.244 3269.816
2890.225 3453.599
2518.390 3640.155
2727.201 3510.091
2640.198 3518.654
2458.949 3655.524
2539.203 3475.321
2475.248 3549.255
2574.120 3533.816
2788.149 3562.265
2794.034 3538.656
2727.684 3476.918
2577.974 3376.085
2548.758 3324.883
2646.379 3638.586
2797.796 3497.499
2791.457 3263.903
2703.673 3680.019
2542.884 3299.402
2615.976 3368.241
2562.898 3616.028
2565.720 3487.503
2509.891 3604.896
2672.559 3644.773
2665.261 3667.880
2627.094 3297.400
2884.118 3649.582
2554.810 3566.617
2870.122 3703.673
2886.607 3332.572
2485.596 3622.087
2620.881 3339.291
2629.344 3698.923
2672.244 3567.291
2724.484 3578.603
2733.629 3345.423
2568.908 3591.763
2727.700 3543.403
2519.462 3669.169
2574.247 3355.562
2704.763 3699.984
2743.907 3330.705
2843.215 3339.425
2483.598 3468.790
2881.818 3292.201
2620.251 3616.788
2530.568 3599.007
2575.708 3568.798
2782.858 3656.445
2544.373 3554.208
2660.872 3625.612
2809.928 3652.607
2779.397 3360.020
2572.898 3633.257
2810.174 3546.422
2739.619 3566.192
2505.151 3681.789
2662.436 3538.452
2558.454 3573.222
2597.480 3676.318
2655.369 3547.603
2774.301 3706.917
2541.012 3546.061
2500.362 3530.229
2847.085 3462.310
2517.947 3674.370
2578.263 3651.021
2756.222 3311.090
2547.595 3572.250
2647.833 3376.724
2829.362 3555.952
2769.966 3452.186
2645.775 3266.278
2443.478 3680.309
2458.261 3322.721
2564.701 3648.480
2604.286 3500.975
2743.503 3493.083
2470.657 3336.265
2843.841 3465.126
2787.222 3628.906
2577.119 3463.590
2800.834 3576.375
2476.687 3531.661
2576.900 3496.986
2822.608 3558.832
2874.746 3712.345
2629.649 3301.661
2575.556 3599.989
2711.045 3650.797
2787.042 3621.048
2522.924 3403.066
2762.839 3263.449
2696.191 3591.138
2792.446 3578.109
2870.144 3310.314
2842.473 3506.581
2617.057 3631.045
2881.837 3368.357
2517.189 3495.830
2856.520 3437.298
2766.871 3468.040
2700.748 3519.411
2786.182 3505.174
2879.447 3465.402
2610.267 3610.387
2768.103 3483.844
2756.487 3515.018
2803.276 3260.278
2635.964 3307.156
2458.787 3665.545
2803.228 3450.647
2793.941 3268.263
2517.880 3594.806
2478.216 3611.240
2757.040 3563.423
2735.190 3390.209
2568.680 3461.637
2475.378 3362.172
2799.856 3382.966
2805.084 3291.266
2699.452 3370.413
2880.549 3457.979
2542.413 3340.648
2476.627 3613.057
2844.565 3294.121
2487.061 3533.223
2574.223 3485.742
2507.162 3686.357
2564.048 3325.090
2822.927 3403.870
2591.314 3558.434
2658.090 3509.135
2631.491 3696.753
2454.074 3326.599
2441.159 3334.155
2780.305 3685.363
2840.825 3554.522
2665.891 3448.699
2495.541 3375.228
2798.541 3392.341
2518.350 3324.787
2663.204 3633.131
2597.806 3275.737
2681.577 3447.585
2725.691 3561.870
2866.599 3692.574
2486.464 3423.922
2659.057 3454.236
2843.996 3450.158
2673.188 3456.009
2718.263 3290.297
2609.635 3668.521
2718.649 3556.700
2608.361 3692.352
2771.235 3605.419
2799.320 3619.277
2591.770 3367.792
2846.078 3470.019
2856.863 3447.968
2543.900 3298.867
2834.997 3645.057
2689.257 3398.609
2867.316 3575.140
2863.663 3505.590
2741.983 3384.291
2471.044 3445.394
2441.938 3469.583
2761.863 3301.772
2688.350 3657.767
2581.889 3626.272
2470.164 3364.213
2639.861 3301.702
2701.636 3310.070
2726.532 3383.261
2795.452 3549.622
2713.973 3465.320
2745.395 3437.894
2488.609 3636.907
2610.000 3694.964
2443.154 3540.366
2538.469 3323.022
2635.610 3388.066
2888.166 3363.570
2741.606 3679.090
2588.667 3312.980
2494.856 3632.173
2731.180 3524.341
2832.882 3635.024
2490.964 3340.932
2791.149 3611.804
2740.380 3563.365
2529.568 3430.440
2833.993 3318.565
2656.719 3552.192
2571.029 3687.104
2658.397 3608.183
2861.411 3641.964
2701.790 3602.362
2446.360 3437.740
2652.690 3322.212
2540.172 3547.440
2653.645 3476.138
2555.662 3448.574
2883.301 3436.860
2795.307 3433.132
2816.685 3483.990
2701.400 3650.326
2692.059 3510.648
2633.830 3524.098
2562.827 3478.053
2477.445 3707.907
2822.365 3455.549
2460.543 3331.872
2720.849 3335.711
2518.306 3437.323
2691.910 3680.643
2801.977 3445.706
2624.178 3603.079
2864.288 3298.468
2520.123 3522.991
2767.988 3458.678
2576.817 3442.114
2866.745 3452.713
2854.012 3573.225
2890.512 3618.666
2609.554 3649.166
2866.752 3288.850
2719.531 3542.438
2561.128 3429.562
2466.988 3503.363
2825.171 3502.407
2837.849 3706.598
2587.171 3640.395
2862.220 3264.040
2673.275 3538.359
2504.776 3401.797
2810.167 3543.962
2572.646 3263.095
2694.777 3705.082
2570.569 3676.618
2770.763 3548.974
2595.094 3349.465
2828.008 3398.706
2778.871 3571.730
2814.246 3540.427
2493.516 3446.787
2704.512 3665.018
2508.981 3317.485
2615.761 3548.966
2748.254 3304.170
2511.158 3390.660
2498.243 3452.274
2484.171 3541.263
2544.476 3306.781
2627.623 3442.983
2812.129 3663.749
2500.400 3264.231
2800.760 3612.925
2630.255 3555.349
2860.702 3350.753
2823.254 3476.334
2650.300 3576.919
2772.950 3428.292
2548.054 3549.126
2838.717 3352.294
2632.190 3290.150
2457.309 3527.814
2776.863 3428.060
2792.199 3602.568
2863.286 3509.964
2807.735 3620.385
2889.999 3432.249
2849.341 3591.881
2518.064 3457.538
2626.183 3439.191
2891.289 3481.610
2725.637 3702.927
2813.128 3698.492
2631.657 3267.889
2529.146 3552.942
2644.341 3326.095
2696.879 3395.936
2669.030 3475.259
2871.545 3548.411
2506.926 3314.123
2475.254 3450.380
2618.434 3640.630
2788.441 3515.949
2682.422 3608.598
2827.120 3328.969
2489.931 3549.229
2819.202 3315.660
2727.965 3607.375
2542.863 3395.263
2525.897 3354.972
2454.342 3555.909
2439.151 3695.021
2680.765 3514.453
2463.414 3595.876
2732.013 3269.043
2661.504 3549.953
2738.982 3625.089
2675.725 3259.826
2513.714 3317.023
2675.483 3355.576
2714.814 3387.931
2606.589 3298.300
2482.678 3660.314
2887.196 3548.423
2560.086 3556.850
2576.276 3406.066
2855.696 3654.484
2525.381 3556.575
2477.623 3316.241
2452.074 3528.467
2843.068 3491.390
2820.835 3636.597
2543.785 3326.393
2469.401 3503.396
2852.922 3626.548
2564.121 3383.253
2445.135 3270.755
2682.517 3404.475
2777.161 3430.074
2827.947 3534.852
2790.156 3394.482
2774.893 3468.402
2613.179 3450.743
2542.697 3562.443
2819.567 3587.176
2440.498 3659.702
2837.345 3696.855
2697.012 3322.913
2473.748 3474.067
2563.076 3364.340
2741.040 3541.407
2873.795 3509.311
2743.361 3684.427
2522.184 3595.559
2642.723 3297.151
2640.265 3705.011
2758.092 3457.597
2714.551 3688.184
2534.770 3259.339
2662.518 3676.712
2635.734 3401.464
2688.390 3692.998
2631.218 3552.282
2734.771 3590.383
2552.031 3338.061
2877.632 3268.035
2628.071 3691.904
2606.317 3622.410
2868.461 3422.689
2614.468 3551.207
2812.253 3608.905
2439.604 3439.729
2886.600 3632.121
2731.109 3563.695
2802.169 3273.359
2651.031 3399.338
2576.076 3501.278
2717.441 3643.678
2881.898 3457.305
2574.597 3342.019
2448.029 3461.719
2442.805 3398.733
2463.259 3448.948
2628.755 3426.454
2565.658 3344.325
2540.469 3305.479
2584.683 3349.872
2682.045 3417.206
2879.998 3277.564
2503.870 3278.531
2538.041 3470.820
2802.148 3506.254
2520.311 3692.101
2815.975 3263.991
2648.915 3338.663
2578.996 3586.896
2774.172 3705.528
2644.184 3465.592
2742.280 3490.972
2810.248 3370.218
2446.382 3327.663
2583.948 3702.656
2638.423 3490.677
2809.170 3270.500
2625.102 3700.623
2810.011 3301.023
2614.685 3326.774
2597.670 3674.354
2554.687 3450.543
2514.470 3438.356
2762.298 3274.308
2700.165 3273.349
2630.872 3638.993
2447.804 3574.460
2503.577 3556.416
2554.354 3677.681
2632.370 3380.821
2495.497 3685.436
2590.309 3684.048
2849.264 3514.755
2809.082 3597.782
2452.349 3389.053
2823.678 3696.479
2514.614 3437.519
2559.375 3459.886
2489.974 3290.271
2737.799 3573.284
2453.569 3654.977
2557.085 3269.212
2719.879 3564.142
2489.332 3294.818
2675.653 3696.379
2697.881 3631.044
2499.950 3270.202
2494.658 3292.337
2886.932 3576.855
2875.078 3294.125
2579.830 3291.490
2812.437 3638.568
2624.795 3368.691
2464.051 3578.751
2462.525 3370.852
2511.177 3311.964
2809.496 3316.777
2886.173 3669.400
2846.067 3297.447
2462.066 3416.355
2776.549 3355.196
2646.711 3475.675
2786.954 3286.470
2821.232 3697.823
2837.738 3607.519
2624.153 3534.681
2867.911 3282.023
2891.105 3567.667
2692.701 3537.125
2807.044 3394.290
2729.404 3466.096
2639.024 3493.197
2580.848 3496.618
2808.571 3477.774
2728.112 3485.614
2491.795 3614.660
2870.473 3441.280
2768.180 3314.791
2496.738 3561.082
2611.747 3555.616
2674.091 3477.959
2766.368 3693.802
2636.344 3302.989
2580.604 3703.509
2447.849 3600.973
2602.986 3627.454
2666.080 3644.905
2731.579 3495.405
2641.799 3676.346
2868.226 3326.296
2660.461 3583.129
2723.189 3568.987
2509.526 3541.521
2446.602 3298.538
2624.589 3298.963
2682.785 3655.611
2507.547 3344.615
2627.477 3691.982
2769.112 3623.211
2813.116 3346.847
2878.106 3306.564
2810.190 3463.946
2678.230 3589.052
2743.320 3274.106
2461.810 3568.881
2727.271 3310.151
2457.811 3637.949
2748.653 3353.303
2643.056 3366.422
2645.690 3560.361
2474.825 3686.256
2662.027 3481.364
2642.288 3584.463
2599.560 3481.210
2727.140 3689.470
2702.489 3320.445
2880.295 3328.748
2676.193 3335.658
2598.590 3259.314
2729.019 3663.321
2582.664 3653.488
2733.015 3386.282
2829.265 3296.371
2659.678 3651.680
2606.368 3367.706
2658.968 3618.939
2712.643 3348.236
2712.962 3590.445
2689.797 3276.341
2757.379 3290.704
2756.955 3499.663
2688.999 3489.363
2470.908 3545.617
2571.984 3616.009
2670.194 3294.345
2781.878 3309.807
2664.465 3503.974
2742.081 3571.836
2882.185 3420.092
2820.647 3314.431
2681.726 3546.227
2709.011 3565.614
2861.126 3530.522
2684.626 3596.984
2474.475 3325.845
2762.783 3708.271
2510.855 3520.626
2701.403 3292.182
2847.672 3624.914
2822.102 3582.424
2619.425 3462.054
2658.498 3333.913
2514.562 3430.241
2767.323 3596.474
2811.623 3572.567
2605.113 3555.151
2522.082 3448.212
2837.258 3371.497
2492.454 3512.820
1702.493 2617.451
1561.930 2576.810
1300.829 2704.386
1629.218 2493.179
1600.761 2514.139
1479.794 2470.589
1404.698 2625.607
1309.706 2432.827
1688.323 2810.440
1321.615 2509.329
1669.866 2539.118
1566.523 2486.333
1434.722 2437.346
1576.688 2683.069
1471.448 2409.331
1313.330 2788.674
1440.835 2454.803
1580.551 2470.620
1560.476 2659.337
1713.960 2535.273
1397.102 2534.070
1441.384 2728.477
1733.913 2684.044
1356.364 2666.248
1427.383 2663.836
1284.785 2842.846
1420.893 2581.757
1331.149 2433.259
1528.789 2776.322
1612.048 2462.093
1683.621 2627.079
1401.839 2804.514
1646.715 2847.181
1284.562 2788.343
1360.183 2836.105
1704.809 2790.919
1520.872 2440.483
1445.466 2568.774
1471.599 2604.924
1321.941 2763.100
1708.411 2534.315
1503.671 2800.600
1539.747 2787.346
1297.153 2551.704
1526.079 2422.801
1557.651 2502.695
1684.964 2786.085
1577.731 2562.435
1412.234 2808.856
1659.203 2518.164
1390.978 2677.986
1564.356 2565.158
1311.892 2496.796
1550.874 2696.654
1696.882 2582.658
1422.911 2502.410
1342.090 2676.046
1703.069 2686.826
1373.747 2536.995
1393.923 2822.860
1504.686 2630.984
1678.487 2617.089
1425.315 2658.377
1699.610 2412.259
1310.268 2631.822
1631.870 2594.824
1471.394 2624.579
1314.550 2541.946
1697.028 2853.776
1467.378 2406.213
1638.792 2596.574
1538.110 2504.639
1634.954 2789.720
1468.190 2668.604
1323.504 2414.144
1377.078 2607.896
1305.098 2468.883
1446.880 2627.299
1680.398 2464.600
1521.879 2814.237
1285.582 2596.323
1692.340 2516.121
1286.418 2765.195
1385.681 2442.029
1284.078 2752.589
1566.152 2458.892
1389.034 2562.521
1705.800 2745.432
1395.252 2792.484
1728.436 2523.824
1475.891 2829.633
1406.426 2535.140
1435.858 2569.492
1505.557 2832.406
1494.821 2571.066
1629.532 2633.737
1506.193 2766.175
1643.302 2813.769
1447.852 2691.628
1652.268 2833.323
1676.771 2541.578
1319.463 2832.379
1724.391 2806.194
1451.255 2846.307
1540.782 2606.828
1519.870 2625.331
1625.292 2559.866
1681.590 2746.920
1696.540 2634.285
1438.440 2547.322
1537.239 2650.520
1501.482 2707.002
1404.847 2535.628
1285.243 2648.240
1374.862 2603.797
1321.217 2777.915
1569.389 2478.891
1411.322 2638.987
1329.445 2690.712
1312.598 2663.822
1371.564 2734.379
1369.224 2587.536
1593.233 2637.116
1550.646 2729.246
1456.881 2592.566
1584.895 2744.824
1449.713 2833.159
1664.352 2812.931
1457.656 2812.455
1304.027 2522.131
1357.032 2603.751
1552.331 2723.442
1528.509 2459.320
1335.332 2486.726
1637.041 2700.059
1462.495 2530.918
1438.336 2843.586
1640.773 2623.090
1650.712 2743.956
1604.435 2431.112
1426.786 2500.151
1285.597 2835.435
1682.518 2529.552
1450.517 2524.735
1365.384 2485.921
1592.415 2419.207
1525.951 2790.987
1320.345 2525.586
1688.528 2590.826
1531.651 2754.689
1494.558 2510.109
1664.019 2644.790
1587.072 2724.584
1452.533 2633.112
1516.836 2698.332
1438.280 2458.453
1631.036 2789.357
1612.698 2477.017
1322.851 2593.640
1491.529 2633.975
1294.026 2641.271
1315.304 2418.160
1579.709 2765.331
1572.456 2467.938
1415.622 2495.111
1343.865 2827.527
1316.870 2703.801
1729.954 2694.137
1525.971 2821.876
1566.509 2844.069
1641.235 2662.954
1297.734 2541.551
1421.290 2541.239
1575.194 2790.636
1392.275 2521.255
1391.731 2621.967
1718.457 2680.916
1521.721 2672.368
1572.218 2840.627
1428.871 2647.470
1516.901 2548.154
1504.573 2485.652
1687.544 2558.621
1735.267 2480.002
1403.272 2693.639
1415.012 2839.636
1686.700 2724.756
1622.389 2616.279
1336.531 2826.423
1647.367 2701.198
1324.914 2621.680
1329.876 2467.631
1440.783 2482.914
1698.241 2820.718
1700.874 2828.717
1566.468 2765.981
1312.693 2831.926
1569.389 2644.328
1426.837 2573.231
1477.083 2664.381
1287.847 2725.705
1375.086 2668.780
1614.913 2739.670
1517.286 2769.826
1677.349 2768.152
1373.654 2682.173
1384.688 2847.649
1602.124 2494.237
1461.559 2677.608
1298.354 2565.949
1723.599 2715.717
1572.445 2618.398
1733.913 2525.746
1543.673 2468.657
1634.649 2771.375
1547.672 2777.036
1510.974 2488.185
1717.822 2431.911
1500.883 2700.405
1448.600 2428.513
1725.411 2790.752
1324.700 2450.766
1521.797 2713.975
1376.969 2696.571
1709.995 2778.991
1526.182 2507.035
1698.443 2717.944
1590.754 2406.155
1472.440 2764.672
1475.528 2680.535
1472.273 2542.740
1461.157 2757.679
1305.138 2783.134
1496.440 2464.887
1612.535 2591.997
1356.167 2457.460
1421.236 2443.257
1529.778 2421.183
1656.902 2556.938
1579.586 2578.541
1626.343 2731.279
1719.833 2558.844
1585.690 2689.318
1524.237 2516.203
1373.063 2811.670
1458.571 2773.425
1402.225 2449.619
1403.305 2464.893
1687.426 2734.978
1725.820 2528.642
1347.642 2486.554
1334.122 2660.322
1445.380 2472.716
1336.267 2668.984
1357.713 2771.722
1517.723 2454.316
1501.511 2841.750
1662.206 2810.754
1316.824 2815.719
1481.518 2585.501
1410.472 2839.496
1455.090 2458.524
1341.360 2421.444
1305.851 2466.321
1659.242 2550.358
1624.604 2406.522
1429.058 2809.167
1625.540 2573.808
1716.627 2551.771
1379.890 2614.657
1485.606 2673.154
1701.106 2797.158
1360.562 2487.468
1454.308 2601.332
1502.316 2681.006
1446.374 2770.357
1624.010 2409.870
1399.089 2623.376
1603.819 2743.571
1586.134 2484.316
1693.321 2587.188
1712.177 2467.668
1343.412 2546.172
1510.649 2569.921
1323.516 2812.880
1570.437 2497.076
1322.111 2486.456
1383.183 2693.519
1326.165 2629.012
1404.355 2692.716
1439.298 2456.908
1549.497 2606.470
1683.431 2507.716
1544.888 2549.671
1732.041 2498.009
1665.975 2415.467
1723.421 2454.904
1677.932 2432.619
1372.558 2492.646
1709.687 2573.501
1704.867 2532.993
1621.923 2629.145
1532.677 2453.461
1601.174 2530.068
1734.954 2644.483
1507.941 2579.624
1310.588 2683.655
1528.045 2663.194
1611.598 2406.869
1368.823 2651.944
1576.887 2805.311
1360.218 2587.147
1401.615 2779.638
1308.823 2617.440
1632.635 2835.934
1640.649 2487.220
1490.304 2623.117
1443.548 2834.579
1359.588 2788.637
1493.076 2494.287
1404.520 2416.638
1336.429 2643.956
1679.008 2732.068
1297.821 2492.483
1544.169 2625.300
1548.571 2613.728
1357.967 2756.251
1632.944 2751.831
1322.245 2649.849
1465.138 2605.180
1636.242 2572.046
1433.325 2525.824
1520.101 2452.186
1312.346 2683.218
1371.592 2490.886
1591.208 2682.622
1282.138 2717.133
1447.174 2410.594
1367.884 2565.763
1525.271 2675.259
1732.011 2671.224
1506.142 2533.873
1421.131 2665.734
1328.937 2731.030
1559.014 2775.968
1678.133 2816.356
1357.152 2475.792
1501.646 2660.294
1558.494 2813.045
1695.747 2542.371
1308.664 2500.584
1470.231 2453.366
1601.232 2634.004
1492.004 2517.617
1656.795 2571.955
1720.649 2829.904
1330.863 2707.661
1441.147 2705.946
1461.894 2714.638
1614.987 2554.605
1299.601 2817.860
1407.680 2633.515
1314.799 2667.820
1384.592 2511.399
1699.460 2851.672
1485.743 2755.102
1417.803 2770.503
1328.894 2653.118
1297.905 2801.824
1632.010 2659.146
1621.030 2549.869
1540.858 2767.020
1636.639 2606.266
1591.653 2418.164
1615.310 2562.574
1361.489 2801.026
1581.789 2841.608
1477.470 2678.725
1606.596 2635.827
1337.643 2822.282
1734.482 2721.744
1486.843 2703.415
1684.428 2448.260
1325.651 2617.622
1421.415 2697.032
1646.314 2724.935
1495.919 2624.347
1370.788 2658.700
1713.748 2722.739
1370.625 2481.444
1398.087 2438.745
1649.665 2545.728
1723.950 2640.851
1678.172 2774.069
1377.851 2732.920
1722.593 2688.237
1464.007 2804.653
1458.886 2755.711
1519.151 2781.153
1458.686 2672.164
1469.702 2722.582
1488.257 2552.391
1562.280 2480.318
1362.071 2624.629
1435.585 2709.622
1337.857 2774.930
1305.464 2495.679
1651.484 2829.970
1344.437 2599.678
1541.347 2645.857
1650.119 2800.952
1358.320 2824.904
1463.497 2481.391
1417.058 2599.239
1641.550 2746.673
1346.256 2765.763
1326.717 2660.975
1384.294 2586.463
1603.841 2572.860
1466.920 2558.293
1446.362 2671.678
1378.211 2792.317
1427.578 2580.483
1466.041 2434.176
1587.953 2536.375
1361.177 2596.305
1431.521 2605.493
1570.649 2621.416
1482.410 2452.654
1619.092 2598.397
1368.221 2487.615
1441.877 2793.364
1313.123 2451.243
1458.626 2609.905
1325.090 2472.457
1584.623 2435.714
1506.808 2571.733
1586.659 2758.035
1341.475 2818.691
1489.947 2686.901
1658.719 2458.228
1694.525 2687.579
1340.375 2536.609
1364.489 2633.836
1640.686 2708.464
1457.930 2721.556
1365.156 2501.271
1389.008 2756.509
1454.376 2495.895
1404.050 2671.199
1402.597 2519.325
1675.434 2706.867
1440.104 2682.199
1463.205 2497.274
1679.514 2796.124
1424.282 2426.570
1480.479 2529.154
1307.366 2608.462
1649.721 2578.649
1411.767 2792.740
1623.949 2842.699
1391.860 2528.230
1616.860 2432.379
1334.425 2765.883
1528.285 2578.995
1420.307 2697.500
1598.605 2744.004
1705.353 2819.145
1599.682 2798.912
1380.310 2498.292
1427.668 2481.761
1444.844 2741.485
1337.617 2474.360
1560.841 2728.356
1575.733 2685.375
1305.530 2581.307
1354.217 2818.531
1442.860 2805.101
1634.003 2630.569
1495.315 2443.263
1482.526 2795.217
1701.583 2769.522
1284.457 2408.222
1636.798 2719.728
1422.394 2465.701
1337.907 2423.305
1532.925 2662.896
1608.469 2510.742
1540.708 2822.422
1463.048 2735.825
1399.918 2611.399
1606.111 2470.550
1329.764 2805.001
1486.364 2737.702
1456.647 2655.796
1603.298 2690.072
1666.496 2610.750
1670.581 2506.986
1319.124 2621.975
1463.230 2728.539
1559.568 2675.169
1466.099 2464.990
1506.895 2601.765
1372.309 2798.649
1720.495 2526.888
1474.581 2764.150
1369.151 2540.426
1442.708 2423.527
1730.707 2472.464
1725.309 2734.218
1721.024 2433.447
1534.363 2530.878
1463.090 2767.741
1385.143 2716.667
1515.209 2528.472
1685.072 2420.296
1287.695 2578.038
1344.906 2535.178
1429.884 2418.835
1605.519 2639.914
1536.829 2604.086
1345.198 2510.736
1451.594 2696.356
1358.706 2508.902
1344.332 2555.524
1289.993 2821.852
1688.430 2718.763
1428.770 2700.078
1546.679 2497.183
1534.553 2615.943
1721.122 2668.665
1468.159 2510.954
1359.372 2591.934
1560.361 2764.558
1629.987 2455.295
1725.761 2769.372
1563.350 2813.378
1517.030 2423.083
1591.800 2486.474
1393.518 2523.897
1516.855 2600.878
1691.465 2703.122
1726.656 2442.189
1712.684 2622.917
1617.820 2616.420
1451.626 2670.643
1401.514 2737.090
1583.260 2723.215
1358.033 2655.291
1491.039 2463.239
1339.995 2500.106
1294.238 2752.688
1315.213 2437.464
1590.147 2533.559
1548.358 2744.434
1421.369 2688.637
1565.702 2737.276
1291.922 2711.825
1301.132 2586.974
1552.661 2418.365
1373.435 2575.926
1573.286 2544.098
1345.391 2486.720
1353.161 2814.807
1632.798 2505.853
1672.498 2729.691
1582.838 2702.470
1297.231 2429.325
1487.337 2631.986
1398.091 2477.013
1425.601 2635.797
1706.156 2719.439
1432.593 2430.309
1400.779 2526.192
1660.896 2784.448
1672.879 2733.879
1402.011 2524.708
1628.682 2745.127
1528.292 2831.670
1504.705 2420.511
1505.674 2637.639
1289.512 2628.691
1613.470 2408.429
1370.778 2466.652
1442.363 2533.215
1347.409 2752.415
1323.541 2769.547
1622.792 2708.926
1312.198 2635.388
1353.813 2494.941
1650.137 2664.689
1702.109 2462.941
1667.947 2714.753
1427.844 2681.574
1320.100 2682.276
1483.404 2433.925
1349.912 2590.547
1698.316 2768.251
1298.868 2731.869
1541.114 2486.833
1367.678 2660.202
1381.170 2626.799
1288.251 2810.771
1696.902 2645.578
1430.159 2525.848
1684.414 2617.946
1594.570 2426.232
1462.385 2637.437
1317.441 2648.953
1389.177 2593.593
1402.311 2638.396
1536.545 2687.193
1329.706 2787.612
1666.132 2500.457
1645.430 2779.322
1297.921 2677.579
1677.823 2680.666
1533.674 2621.805
1386.517 2416.087
1716.448 2458.330
1601.899 2499.715
1728.138 2523.094
1378.559 2660.275
1599.107 2794.229
1398.543 2698.101
1312.998 2850.307
1542.589 2619.837
1560.340 2726.980
1463.404 2804.309
1388.357 2667.553
1623.948 2517.020
1502.128 2470.315
1700.937 2729.622
1733.073 2504.697
1550.532 2547.720
1427.600 2433.783
1661.367 2838.832
1422.077 2493.235
1492.672 2710.850
1590.439 2719.593
1549.100 2649.895
1428.800 2546.892
1524.708 2586.256
1291.033 2467.578
1444.603 2811.267
1502.781 2597.622
1321.765 2719.321
1553.347 2657.299
1387.389 2803.277
1375.990 2697.712
1586.180 2429.252
1287.472 2499.753
1667.447 2534.616
1598.440 2644.100
1729.604 2845.814
1503.396 2548.522
1551.894 2431.985
1492.237 2578.197
1515.614 2670.460
1529.838 2578.065
1404.862 2752.731
1327.963 2659.547
1729.548 2821.123
1302.340 2806.932
1568.219 2451.307
1599.369 2781.160
1478.600 2809.986
1331.431 2566.088
1606.691 2432.742
1735.422 2626.522
1390.448 2560.411
1597.158 2485.421
1327.350 2685.546
1601.975 2533.538
1587.967 2640.438
1670.442 2419.327
1728.006 2850.082
1655.781 2779.070
1533.585 2439.450
1482.207 2782.237
1310.613 2582.426
1502.661 2849.613
1531.402 2764.223
1716.450 2685.670
1536.047 2585.649
1479.694 2744.409
1599.779 2627.154
1337.443 2410.913
1490.308 2780.554
1704.494 2760.760
1518.385 2447.292
1622.992 2812.390
1560.007 2636.545
1418.472 2834.027
1385.450 2457.171
1422.920 2779.250
1429.163 2854.761
1354.366 2706.880
1662.787 2833.542
1696.147 2443.345
1588.405 2827.971
1676.344 2854.803
1421.009 2505.109
1380.473 2628.588
1300.721 2809.402
1398.312 2462.170
1436.994 2728.595
1317.066 2800.818
1317.364 2658.676
1455.041 2583.009
1437.920 2702.600
1457.591 2780.445
1568.442 2633.469
1332.077 2747.657
1639.737 2428.912
1720.986 2702.626
1389.920 2460.221
1532.288 2532.264
1376.189 2766.041
1459.038 2462.834
1620.701 2597.275
1402.290 2599.416
1470.467 2514.477
1587.614 2632.082
1702.005 2718.806
1732.730 2602.170
1528.904 2436.508
1524.103 2777.399
1634.055 2455.519
1708.871 2748.821
1440.159 2477.313
1409.905 2421.166
1364.486 2670.324
1547.244 2848.541
1313.455 2476.433
1629.954 2759.029
1435.064 2447.524
1655.470 2854.388
1541.569 2571.766
1377.255 2550.443
1300.662 2756.810
1323.069 2424.248
1284.923 2659.114
1703.831 2592.090
1681.422 2725.834
1703.166 2523.295
1487.358 2826.707
1389.195 2715.425
1308.897 2724.584
1292.130 2412.312
1569.024 2563.588
1424.748 2679.517
1353.182 2661.769
1335.583 2478.844
1432.654 2641.460
1320.686 2738.594
1701.128 2776.798
1572.713 2762.053
1684.930 2788.780
1461.732 2550.706
1460.232 2783.336
1470.267 2410.873
1616.851 2511.835
1293.509 2823.528
1483.716 2772.602
1673.270 2450.901
1554.683 2606.378
1350.891 2556.576
1480.172 2591.788
1561.267 2480.314
1399.376 2710.139
1626.637 2556.353
1395.625 2540.571
1291.957 2646.945
1678.167 2803.240
1614.477 2828.632
1430.195 2678.768
1700.524 2420.660
1406.749 2427.189
1465.793 2765.462
1452.421 2800.016
1660.435 2458.472
1548.014 2760.200
1325.199 2596.475
1335.023 2685.386
1485.039 2444.589
1490.263 2469.139
1631.162 2554.148
1307.807 2420.266
1582.542 2780.341
1649.014 2641.006
1465.807 2634.216
1507.022 2510.493
1649.408 2657.331
1491.310 2514.818
1382.145 2752.982
1618.894 2840.854
1685.217 2843.199
1371.409 2804.248
1560.737 2773.302
1346.954 2440.400
1454.384 2713.081
1565.110 2420.768
1388.160 2468.458
1616.378 2627.144
1307.474 2792.268
1412.417 2638.714
1388.985 2493.228
1703.737 2755.443
1495.805 2632.261
1731.333 2414.181
1352.466 2531.439
1561.044 2843.806
1492.725 2835.286
1518.513 2509.175
1433.789 2663.538
1643.612 2653.635
1522.427 2575.245
1547.657 2728.793
1498.274 2504.425
1292.873 2577.991
1484.476 2684.613
1384.497 2794.842
1690.782 2734.010
1711.352 2729.012
1628.192 2824.704
1695.306 2520.841
1437.970 2743.991
1293.978 2606.915
1328.212 2470.235
1590.943 2575.713
1590.166 2685.828
1659.948 2474.926
1296.474 2707.490
1291.888 2518.573
1442.586 2690.000
1342.891 2689.604
1633.234 2628.236
1612.955 2605.482
1496.045 2762.947
1666.878 2502.451
1487.365 2774.053
1295.214 2621.481
1289.681 2485.485
1640.030 2732.259
1407.811 2552.804
1718.867 2596.561
1660.401 2772.361
1389.187 2723.510
1507.452 2780.097
1418.894 2536.332
1541.155 2427.068
1728.141 2764.416
1434.932 2833.584
1656.657 2447.863
1486.759 2664.571
1313.032 2702.539
1356.918 2473.334
1325.092 2666.292
1397.440 2541.363
1433.242 2550.055
1454.739 2475.158
1553.894 2687.681
1626.253 2794.652
1570.161 2503.443
1614.378 2785.402
1516.432 2693.181
1610.467 2772.034
1426.581 2836.038
1735.655 2708.609
1664.113 2484.323
1289.045 2758.273
1584.949 2794.716
1469.002 2462.857
1719.699 2710.389
1634.852 2411.633
1383.373 2807.493
1697.050 2751.442
1553.055 2786.208
1542.753 2595.571
1374.161 2657.267
1710.755 2786.080
1351.337 2751.323
1418.276 2533.435
1551.095 2492.389
1696.271 2537.659
1282.100 2646.319
1359.317 2481.971
1331.360 2493.590
1540.190 2477.689
1500.828 2504.616
1292.648 2480.587
1679.693 2681.031
1395.822 2799.278
1528.085 2537.210
1412.904 2479.571
1564.361 2502.657
1297.714 2756.087
1586.424 2448.286
1372.688 2854.806
1626.723 2826.587
1733.912 2591.729
1648.663 2755.622
1492.991 2657.460
1639.609 2739.110
1535.678 2572.285
1359.039 2650.357
1525.547 2535.822
1381.114 2564.247
1317.844 2758.912
1298.214 2585.114
1663.750 2406.299
1311.243 2791.853
1614.350 2702.609
1668.993 2730.966
1398.706 2454.764
1416.091 2703.847
1437.020 2456.010
1527.393 2804.892
1292.374 2761.628
1366.808 2753.811
1525.298 2516.996
1291.874 2708.865
1353.730 2785.095
1487.208 2566.457
1369.346 2464.668
1339.751 2422.593
1717.043 2493.038
1716.575 2748.522
1733.160 2757.926
1286.267 2748.576
1416.926 2404.697
1350.376 2683.140
1700.435 2784.003
1315.726 2772.789
1600.506 2559.278
1347.537 2659.271
1381.050 2634.644
1518.039 2696.650
1588.838 2767.415
1699.961 2626.208
1351.588 2404.535
1466.845 2515.202
1680.775 2464.402
1427.916 2657.224
1570.986 2472.583
1677.233 2644.742
1704.151 2816.889
1516.233 2586.193
1530.368 2523.239
1588.251 2597.568
1318.506 2506.348
1594.491 2597.565
1497.261 2710.507
1725.304 2678.114
1300.269 2638.468
1688.448 2714.209
1538.541 2635.446
1380.722 2463.414
1297.942 2664.197
1493.530 2850.888
1471.601 2742.807
1341.322 2837.037
1599.827 2658.091
1628.871 2734.086
1390.792 2507.772
1433.783 2694.056
1612.238 2793.946
1498.149 2845.188
1417.442 2813.459
1393.827 2659.313
1617.306 2600.967
1463.079 2649.800
1556.452 2845.786
1497.188 2753.074
1654.939 2496.704
1300.420 2581.222
1668.677 2783.629
1520.179 2756.214
1371.531 2853.799
1576.646 2776.465
1314.227 2521.521
1334.826 2666.646
1473.982 2581.649
1538.915 2561.997
1685.802 2748.962
1306.606 2613.613
1460.138 2789.194
1625.602 2641.285
1345.648 2566.986
1444.538 2783.042
1512.077 2483.614
1365.416 2777.739
1399.426 2745.187
1538.754 2530.592
1310.256 2513.850
1696.715 2421.717
1386.221 2463.105
1626.730 2417.598
1651.219 2573.635
1381.500 2409.785
1494.506 2663.512
1614.073 2622.236
1305.732 2617.944
1352.218 2539.587
1548.515 2658.084
1691.025 2662.751
1439.837 2656.576
1346.342 2765.052
1495.321 2549.569
1309.440 2411.905
1290.482 2407.182
1295.555 2780.513
1437.675 2842.925
1409.146 2762.606
1640.713 2778.465
1345.544 2491.674
1618.971 2801.687
1376.629 2651.223
1309.860 2439.358
1290.127 2491.691
1629.915 2603.335
1581.022 2737.832
1350.319 2497.465
1452.467 2651.915
1620.493 2797.903
1307.433 2718.303
1478.532 2484.271
1302.414 2622.819
1629.844 2500.649
1318.515 2556.787
1574.227 2440.444
1365.094 2792.324
1557.166 2718.497
1687.765 2710.003
1539.172 2438.216
1486.501 2639.517
1425.010 2833.630
1587.478 2509.734
1494.086 2624.878
1353.015 2728.018
1609.920 2531.215
1707.859 2640.719
1475.879 2653.969
1461.683 2718.598
1310.909 2610.153
1375.977 2845.620
1470.026 2749.273
1358.883 2735.092
1359.796 2697.171
1659.380 2751.113
1550.246 2648.856
1563.402 2467.474
1637.526 2441.944
1557.651 2675.883
1377.908 2661.117
1610.210 2461.930
1456.171 2800.992
1587.776 2740.708
1699.492 2603.616
1311.680 2704.934
1652.275 2501.434
1592.310 2691.324
1281.393 2706.722
1629.903 2805.435
1345.593 2571.599
1490.293 2514.369
1465.536 2624.202
1394.174 2656.414
1355.270 2810.998
1429.452 2773.509
1337.501 2681.918
1323.809 2570.519
1554.856 2836.233
1568.213 2697.414
1630.953 2441.680
1367.065 2791.020
1588.900 2840.485
1643.253 2657.095
1667.952 2699.252
1612.174 2707.938
1425.977 2443.456
1609.905 2671.402
1403.612 2589.229
1463.748 2768.219
1505.368 2445.693
1369.885 2671.238
1697.086 2739.989
1426.280 2458.643
1409.629 2557.160
1521.969 2645.105
1709.421 2857.390
1688.124 2742.707
1376.581 2719.797
1356.530 2607.167
1662.832 2836.031
1342.245 2469.163
1553.324 2617.107
1549.874 2445.969
1363.393 2855.921
1647.352 2832.394
1282.682 2464.638
1415.907 2803.866
1688.702 2526.731
1673.473 2555.438
1520.039 2550.265
1426.480 2494.377
1580.769 2710.124
1292.580 2763.395
1335.440 2494.097
1572.932 2522.341
1609.833 2623.017
1452.647 2412.679
1544.431 2642.978
1438.989 2804.141
1735.362 2785.277
1586.879 2543.212
1531.963 2438.475
1574.873 2735.575
1332.310 2663.933
1611.794 2490.453
1333.085 2600.753
1486.177 2745.606
1660.093 2850.916
1470.210 2544.956
1681.645 2652.140
1336.916 2704.102
1404.332 2700.458
1324.632 2727.373
1362.743 2725.978
1684.606 2685.035
1313.617 2694.011
1715.369 2570.218
1659.345 2724.937
1669.987 2718.497
1302.722 2804.426
1541.507 2855.097
1417.278 2854.600
1446.761 2649.554
1291.516 2700.011
1422.787 2822.962
1481.823 2742.372
1506.585 2661.799
1331.456 2570.699
1637.121 2717.448
1395.414 2755.092
1726.519 2676.124
1647.984 2571.105
1668.840 2656.153
1508.305 2505.253
1554.156 2728.602
1711.578 2486.570
1492.855 2795.729
1675.021 2541.737
1490.298 2801.494
1327.429 2853.160
1462.751 2486.830
1467.836 2695.905
1363.061 2478.738
1612.803 2711.653
1588.370 2603.627
1623.418 2856.048
1339.959 2493.910
1679.880 2854.949
1584.355 2525.769
1392.416 2782.167
1718.171 2843.828
1288.258 2550.771
1471.540 2670.487
1544.186 2756.492
1284.941 2698.095
1438.859 2733.694
1339.203 2816.393
1715.959 2405.610
1434.424 2414.869
1623.037 2645.033
1328.547 2485.833
1685.339 2474.919
1386.824 2610.746
1426.596 2493.816
1335.245 2724.365
1300.029 2589.189
1352.548 2463.176
1330.703 2788.051
1735.702 2627.307
1583.665 2782.614
1588.234 2423.964
1723.921 2594.432
1310.629 2616.426
1319.093 2834.834
1378.580 2736.942
1623.406 2515.285
1525.667 2820.852
1726.002 2666.152
1727.667 2637.703
1612.964 2590.973
1620.412 2766.481
1318.444 2737.133
1465.538 2470.332
1356.287 2544.270
1607.192 2699.647
1658.364 2643.239
1722.165 2656.890
1656.747 2495.642
1446.425 2646.107
1665.522 2686.914
1399.268 2780.679
1424.876 2575.604
1553.677 2617.245
1597.822 2654.072
1729.135 2602.373
1536.164 2661.867
1286.384 2740.162
1398.990 2687.190
1604.186 2416.199
1466.100 2555.397
1680.804 2772.580
1429.929 2570.062
1480.124 2742.724
1484.244 2420.272
1295.609 2695.474
1667.318 2618.751
1702.706 2437.136
1586.904 2655.472
1627.662 2677.652
1688.518 2557.852
1384.090 2750.525
1647.544 2772.035
1450.470 2408.792
1536.108 2724.130
1506.405 2703.293
1535.904 2438.903
1674.357 2415.505
1489.381 2475.040
1545.407 2703.507
1421.641 2797.308
1309.164 2438.332
1386.817 2491.865
1327.349 2787.329
1399.175 2430.583
1339.896 2730.032
1492.598 2736.736
1331.583 2670.599
1523.440 2616.040
1626.534 2830.561
1667.758 2473.296
1512.258 2809.338
1651.071 2583.208
1467.789 2574.633
1476.358 2630.956
1450.282 2524.977
1322.236 2746.460
1406.753 2857.696
1457.038 2555.774
1671.070 2555.111
1404.899 2482.361
1317.614 2787.099
1674.527 2525.880
1405.211 2784.971
1636.658 2845.815
1643.585 2584.300
1511.481 2461.945
1711.761 2847.865
1348.376 2560.509
1560.067 2434.428
1286.045 2797.958
1521.091 2770.079
1462.472 2470.741
1307.181 2519.330
1368.256 2693.643
1715.602 2762.382
1381.208 2747.614
1528.655 2683.804
1494.251 2429.583
1301.310 2450.387
1483.538 2612.218
1467.943 2762.526
1683.756 2478.897
1678.137 2411.685
1509.283 2592.101
1402.514 2709.034
1372.654 2706.658
1552.495 2677.564
1444.643 2629.542
1306.503 2776.708
1368.794 2504.084
1697.143 2763.813
1516.841 2522.287
1649.585 2604.944
1441.417 2704.967
1674.300 2554.284
1315.637 2849.729
1326.976 2850.077
1426.728 2750.466
1464.146 2506.142
1633.504 2856.505
1337.436 2624.747
1481.428 2835.459
1551.532 2754.450
1477.547 2409.936
1444.052 2517.182
1719.343 2626.847
1688.781 2435.659
1705.254 2710.197
1413.589 2551.316
1378.402 2563.615
1321.727 2584.709
1307.244 2405.984
1509.498 2616.754
1309.926 2769.698
1380.041 2600.027
1618.908 2832.914
1683.017 2737.943
1507.958 2761.637
1315.222 2540.902
1453.767 2818.579
1664.490 2758.583
1574.717 2491.442
1423.027 2707.086
1560.872 2823.268
1699.810 2643.523
1638.092 2519.520
1466.962 2776.748
1338.610 2848.527
1570.574 2475.293
1519.162 2490.000
1444.269 2682.351
1457.755 2766.660
1577.209 2624.645
1728.579 2593.558
1634.400 2653.701
1514.891 2781.236
1645.148 2542.147
1677.176 2569.516
1658.740 2524.659
1460.655 2533.610
1683.602 2514.445
1538.349 2738.329
1349.910 2706.615
1591.922 2756.171
1633.864 2423.589
1428.215 2612.104
1699.883 2471.797
1500.815 2555.928
1479.410 2647.967
1627.424 2854.337
1687.557 2694.371
1290.049 2736.309
1695.308 2683.644
1522.856 2822.392
1658.912 2536.664
1429.625 2580.190
1712.407 2777.259
1673.535 2534.713
1578.721 2845.507
1607.172 2516.918
1298.764 2517.376
1448.790 2455.801
1354.960 2435.911
1392.998 2747.908
1403.859 2736.554
1548.724 2519.812
1515.154 2623.437
1315.522 2523.915
1676.788 2627.106
1387.516 2647.065
1629.476 2734.400
1730.358 2760.658
1575.589 2734.955
1659.158 2650.912
1633.605 2754.671
1455.742 2636.306
1419.981 2631.129
1617.525 2778.771
1584.007 2531.351
1541.109 2841.406
1723.087 2506.911
1344.507 2586.123
1625.705 2846.251
1615.121 2711.340
1710.165 2575.152
1547.707 2441.268
1567.869 2578.370
1654.163 2651.548
1637.214 2568.405
1287.230 2607.608
1375.361 2702.717
1690.297 2432.478
1324.205 2798.385
1482.318 2855.391
1451.235 2544.299
1528.744 2562.900
1718.231 2756.800
1628.742 2557.132
1568.752 2521.790
1289.213 2804.848
1332.376 2679.377
1598.474 2559.492
1599.410 2837.551
1591.654 2600.427
1465.694 2623.784
1539.709 2599.204
1329.700 2776.622
1687.708 2548.826
1462.290 2617.289
1332.669 2739.993
1677.458 2767.000
1726.271 2717.029
1577.231 2567.703
1726.216 2832.433
1553.077 2464.796
1569.636 2486.318
1685.432 2734.831
1410.794 2770.474
1352.665 2472.735
1323.327 2819.202
1657.166 2408.681
1535.429 2759.418
1362.078 2555.049
1310.881 2765.556
1356.672 2564.116
1393.425 2606.244
1517.959 2822.483
1358.220 2462.563
1484.936 2820.976
1545.579 2622.312
1304.412 2535.323
1662.681 2828.990
1639.801 2534.459
1486.962 2716.958
1604.988 2657.209
1704.155 2489.487
1306.208 2449.363
1664.771 2519.867
1579.361 2690.081
1395.000 2833.976
1329.974 2848.268
1304.282 2677.176
1626.127 2742.771
1660.935 2603.510
1515.002 2682.029
1664.030 2442.809
1320.981 2694.519
1715.018 2839.042
1310.850 2733.770
1726.675 2411.948
1327.494 2732.143
1597.119 2538.462
1526.509 2424.555
1321.545 2503.766
1339.435 2801.120
1290.254 2544.346
1512.233 2839.681
1693.845 2469.152
1455.066 2754.299
1603.218 2687.747
1367.076 2571.979
1582.205 2697.249
1474.637 2772.623
1541.361 2651.882
1349.469 2516.517
1691.668 2772.982
1469.343 2641.582
1728.273 2604.440
1516.407 2751.268
1488.374 2699.594
1632.640 2769.893
1576.881 2699.328
1490.134 2514.666
1336.698 2824.516
1726.762 2562.940
1448.374 2734.162
1535.707 2667.633
1722.715 2621.411
1653.063 2505.190
1455.267 2757.400
1664.023 2621.093
1351.823 2566.059
1394.531 2712.592
1322.791 2730.727
1297.100 2799.762
1644.069 2605.206
1616.570 2413.685
1459.705 2720.468
1712.343 2615.983
1560.297 2805.540
1289.182 2525.004
1517.819 2486.313
1342.105 2576.395
1481.363 2701.924
1309.920 2711.595
1624.450 2492.157
1589.029 2720.941
1424.534 2828.713
1568.530 2735.582
1434.045 2456.756
1454.699 2492.853
1532.190 2784.251
1699.744 2505.571
1499.428 2846.759
1292.271 2722.846
1463.908 2427.029
1296.868 2598.753
1418.382 2631.562
1588.169 2429.077
1301.197 2725.679
1360.126 2756.675
1436.093 2601.234
1369.232 2528.986
1491.486 2494.248
1604.521 2750.033
1410.869 2621.663
1634.900 2429.577
1364.978 2755.486
1459.358 2801.633
1595.462 2826.079
1628.030 2512.846
1719.143 2491.653
1454.574 2821.452
1626.970 2696.777
1727.518 2622.026
1322.806 2669.355
1660.912 2455.974
1453.769 2818.378
1423.482 2458.605
1397.614 2576.822
1286.987 2548.913
1563.542 2443.198
1450.472 2463.224
1463.692 2592.033
1454.559 2726.323
1441.564 2518.811
1440.716 2703.799
1505.140 2810.148
1622.407 2414.942
1704.806 2429.165
1486.393 2815.282
1622.952 2573.154
1493.108 2810.084
1612.576 2511.498
1448.301 2688.448
1590.590 2683.723
1487.181 2768.258
1573.714 2461.399
1697.916 2512.328
1296.709 2703.892
1427.829 2618.217
1369.121 2824.400
1310.207 2528.299
1577.351 2606.824
1604.856 2424.976
1420.385 2482.435
1385.009 2792.696
1594.122 2765.714
1486.681 2454.469
1610.485 2838.236
1689.272 2558.740
1599.713 2561.645
1489.633 2457.247
1604.013 2799.214
1578.713 2664.146
1404.270 2404.283
1425.758 2517.347
1636.792 2465.068
1492.982 2502.030
1485.520 2704.730
1289.783 2622.915
1506.290 2630.122
1655.804 2613.404
1317.142 2445.477
1328.839 2665.905
1511.680 2526.674
1720.578 2690.237
1549.375 2793.061
1449.132 2741.135
1311.900 2703.713
1705.593 2689.649
1471.285 2502.628
1463.354 2715.379
1631.108 2738.242
1540.691 2630.793
1436.617 2610.582
1657.329 2712.847
1595.924 2621.621
1440.232 2442.536
1398.326 2601.856
1319.386 2711.808
1296.337 2667.014
1453.072 2779.964
1572.770 2848.116
1282.112 2488.960
1346.188 2841.171
1416.196 2854.835
1550.256 2567.631
1354.056 2409.924
1607.996 2664.493
1372.672 2422.420
1516.358 2583.692
1593.549 2501.839
1305.684 2439.825
1292.493 2534.350
1415.515 2510.926
1325.416 2560.604
1411.306 2651.117
1594.186 2676.772
1659.556 2564.920
1420.908 2681.173
1607.076 2590.098
1306.193 2710.206
1640.613 2441.021
1642.450 2547.582
1469.994 2638.688
1338.437 2571.093
1586.679 2434.333
1688.482 2723.424
1532.624 2735.716
1563.183 2526.174
1468.615 2634.480
1353.488 2660.098
1479.787 2459.047
1433.528 2628.167
1412.649 2794.175
1515.945 2606.070
1734.262 2656.118
1431.140 2727.685
1522.834 2636.077
1396.191 2708.047
1605.939 2786.913
1315.410 2463.561
1492.078 2476.424
1691.253 2676.435
1368.964 2709.225
1364.956 2841.218
1693.975 2491.448
1451.197 2612.608
1714.290 2546.453
1607.867 2598.149
1573.920 2495.218
1500.900 2422.745
1370.597 2656.772
1416.544 2805.386
1579.609 2519.508
1703.541 2593.165
1365.921 2505.650
1584.442 2662.782
1618.340 2661.173
1370.665 2836.184
1611.467 2705.628
1446.967 2661.133
1667.241 2701.595
1431.402 2702.680
1517.008 2659.887
1505.164 2793.452
1643.636 2514.832
1637.241 2712.902
1347.673 2730.469
1667.236 2809.051
1600.013 2560.366
1536.339 2578.270
1325.414 2689.587
1500.992 2804.109
1450.286 2697.491
1346.260 2731.199
1581.258 2617.138
1494.766 2839.203
1583.697 2618.888
1586.692 2418.899
1465.850 2820.182
1498.322 2535.238
1417.291 2660.200
1583.871 2498.073
1463.733 2669.818
1655.219 2659.407
1565.416 2462.124
1624.717 2787.420
1603.852 2406.759
1693.808 2513.011
1375.653 2424.190
1564.342 2620.449
1461.271 2563.402
1678.171 2812.677
1422.186 2716.028
1524.093 2669.681
1517.455 2666.897
1376.890 2574.474
1409.672 2680.652
1384.874 2744.844
1472.407 2515.226
1673.949 2435.704
1503.471 2854.342
1464.654 2694.570
1482.448 2668.663
1453.850 2635.956
1555.031 2590.571
1655.124 2795.783
1479.946 2778.950
1628.825 2442.504
1346.554 2483.887
1604.099 2594.211
1284.905 2634.332
1408.083 2588.751
1657.819 2492.986
1574.794 2461.727
1428.200 2555.821
1568.340 2693.083
1440.841 2525.313
1421.462 2692.331
1696.673 2635.825
1717.905 2439.167
1365.359 2541.898
1571.252 2680.931
1380.217 2834.303
1726.467 2469.509
1496.866 2704.268
1339.902 2655.721
1349.514 2696.752
1633.617 2446.421
1725.326 2740.334
1421.972 2485.299
1301.303 2840.055
1459.733 2605.405
1722.263 2584.902
1539.347 2597.797
1378.073 2805.379
1601.852 2642.160
1596.404 2463.611
1506.627 2745.961
1314.409 2627.888
1462.157 2533.878
1515.424 2676.099
1710.649 2503.206
1300.670 2538.490
1421.897 2594.701
1670.430 2781.336
1410.446 2599.022
1493.746 2431.265
1339.517 2720.606
1708.368 2661.550
1592.302 2624.490
1620.389 2701.935
1445.275 2712.933
1726.699 2788.848
1620.003 2563.805
1576.304 2847.341
1707.959 2771.631
1725.440 2824.048
1591.489 2837.862
1607.770 2403.994
1641.101 2550.759
1413.265 2640.318
1702.699 2403.719
1346.141 2706.715
1333.672 2592.100
1703.713 2524.716
1637.874 2476.828
1327.319 2607.763
1416.009 2639.923
1652.973 2567.991
1376.794 2546.940
1335.127 2462.083
1369.589 2491.207
1547.885 2793.979
1616.245 2834.058
1289.054 2577.859
1311.903 2651.504
1285.265 2417.095
1389.593 2822.756
1554.278 2727.688
1563.730 2804.602
1724.155 2563.824
1680.246 2833.850
1432.276 2573.004
1693.902 2525.361
1455.675 2655.990
1615.113 2810.794
1680.781 2541.683
1538.253 2818.035
1482.773 2571.084
1596.376 2824.007
1719.615 2774.229
1289.758 2421.158
1567.675 2476.553
1317.910 2719.026
1378.198 2703.018
1629.537 2596.090
1365.072 2463.202
1300.651 2602.464
1707.491 2798.545
1626.805 2820.917
1521.225 2528.696
1444.924 2679.885
1667.920 2668.612
1605.995 2646.581
1503.140 2712.272
1478.388 2643.744
1712.115 2763.814
1646.343 2501.403
1573.000 2818.786
1305.773 2549.196
1715.794 2660.421
1685.884 2478.924
1551.806 2479.125
1428.817 2619.130
1719.089 2531.517
1415.879 2788.326
1372.697 2678.139
1424.201 2803.947
1357.043 2807.366
1724.889 2516.340
1415.826 2844.758
1375.373 2734.619
1623.125 2480.145
1462.921 2565.305
1409.299 2442.359
1313.532 2414.980
1453.096 2617.799
1501.435 2596.395
1357.325 2639.643
1329.276 2446.651
1670.905 2485.303
1601.409 2575.899
1629.099 2514.683
1289.369 2843.525
1515.520 2656.748
1481.033 2835.519
1680.905 2552.753
1602.047 2759.238
1661.575 2727.340
1520.099 2664.199
1308.280 2505.455
1631.783 2660.953
1610.340 2744.775
1708.411 2434.465
1613.533 2502.900
1577.309 2752.550
1451.690 2718.692
1669.201 2681.215
1372.058 2482.135
1534.187 2531.902
1465.606 2470.434
1568.794 2566.148
1316.773 2679.959
1369.262 2492.300
1427.520 2726.902
1473.825 2434.011
1647.499 2485.339
1688.520 2694.353
1656.859 2624.666
1428.012 2414.653
1562.425 2560.564
1544.532 2764.379
1361.420 2488.947
1463.901 2547.542
1294.985 2477.595
1631.378 2545.080
1620.985 2430.008
1313.633 2744.753
1384.220 2517.455
1734.698 2843.129
1579.520 2548.707
1582.641 2689.462
1393.187 2485.879
1481.384 2736.764
1422.928 2627.574
1633.451 2544.746
1732.356 2561.678
1318.339 2789.603
1598.187 2699.472
1551.982 2618.748
1601.331 2571.199
1467.670 2536.932
1616.971 2495.203
1440.151 2607.503
1393.213 2610.898
1394.307 2535.771
1536.214 2816.347
1509.475 2579.560
1646.793 2612.786
1577.348 2550.035
1546.375 2683.117
1433.525 2607.334
1346.518 2464.301
1375.378 2772.080
1437.599 2504.492
1406.801 2730.632
1734.769 2558.636
1583.561 2791.787
1729.617 2822.939
1610.443 2535.720
1286.201 2750.129
1325.934 2756.197
1388.329 2587.250
1382.974 2534.413
1411.723 2529.447
1428.949 2838.454
1434.407 2530.793
1299.541 2533.194
1707.456 2415.005
1711.536 2572.767
1685.700 2704.221
1317.097 2444.956
1392.011 2749.501
1373.425 2719.136
1628.074 2419.667
1536.950 2789.225
1558.937 2770.488
1548.747 2827.395
1584.284 2562.017
1285.903 2773.726
1415.174 2455.191
1566.354 2648.955
1481.833 2576.804
1321.090 2503.399
1620.747 2714.025
1293.342 2514.873
1337.367 2818.492
1483.107 2548.970
1430.430 2670.453
1622.941 2773.513
1290.119 2630.047
1312.021 2441.521
1646.535 2812.815
1557.703 2790.347
1577.056 2539.146
1556.745 2538.852
1687.689 2696.794
1477.167 2522.124
1711.737 2796.521
1403.096 2440.942
1734.730 2634.983
1391.139 2545.508
1517.154 2782.498
1376.420 2727.639
1290.934 2690.042
1703.617 2625.607
1483.034 2729.437
1364.708 2408.229
1302.014 2584.759
1392.548 2455.505
1281.564 2790.574
1495.883 2719.650
1300.523 2608.669
1532.452 2468.034
1692.621 2702.499
1378.000 2683.435
1345.814 2846.539
1600.114 2666.919
1409.231 2850.444
1400.196 2823.790
1573.180 2691.476
1607.585 2689.663
1389.458 2561.790
1623.635 2690.225
1549.132 2806.169
1317.569 2540.151
1493.783 2480.527
1297.654 2514.026
1535.581 2802.349
1596.353 2463.995
1673.984 2829.554
1722.934 2566.678
1414.568 2498.495
1480.545 2557.396
1616.309 2678.911
1355.702 2556.097
1515.493 2585.629
1381.662 2703.953
1373.714 2853.864
1335.297 2498.094
1631.277 2405.051
1512.826 2788.693
1309.284 2621.865
1598.529 2667.551
1576.498 2412.014
1480.214 2428.098
1438.560 2563.249
1499.387 2845.545
1478.037 2452.464
1283.449 2754.629
1332.434 2619.474
1397.606 2832.324
1650.482 2577.888
1686.710 2639.627
1700.910 2788.155
1418.917 2486.698
1710.547 2425.956
1651.988 2606.021
1502.021 2444.734
1456.187 2466.283
1526.036 2552.327
1478.722 2832.247
2767.558 1700.437
2498.026 1662.214
2800.364 1573.244
2570.883 1561.363
2717.227 1515.696
2664.754 1644.948
2549.534 1641.872
2557.504 1501.937
2493.343 1710.373
2547.266 1323.575
2649.017 1730.630
2627.415 1650.767
2573.831 1615.703
2678.815 1551.983
2625.478 1463.966
2675.324 1534.972
2628.125 1687.127
2552.816 1444.497
2740.174 1567.883
2710.654 1689.168
2418.958 1479.819
2776.076 1594.960
2705.970 1629.822
2589.170 1616.829
2517.297 1507.901
2595.907 1686.285
2723.733 1452.985
2486.925 1382.028
2606.422 1621.506
2585.010 1727.885
2623.805 1442.354
2770.087 1607.011
2403.506 1604.314
2485.486 1474.933
2715.555 1482.123
2753.029 1658.027
2423.962 1352.697
2790.567 1359.313
2785.860 1503.430
2583.084 1477.306
2737.660 1651.442
2703.125 1610.066
2669.835 1541.384
2488.603 1368.375
2427.707 1727.513
2403.054 1347.209
2738.876 1411.896
2579.910 1650.525
2578.499 1317.983
2485.243 1630.026
2781.106 1459.267
2784.753 1430.556
2680.948 1589.800
2648.881 1318.968
2458.473 1411.615
2576.549 1357.054
2592.073 1451.016
2791.227 1315.787
2422.799 1638.786
2750.298 1324.886
2497.584 1285.063
2628.171 1491.800
2503.357 1592.713
2510.222 1725.371
2465.109 1661.954
2696.485 1489.537
2729.131 1620.232
2474.347 1574.049
2688.796 1659.896
2462.473 1359.454
2815.365 1716.480
2821.478 1543.493
2513.825 1313.047
2567.890 1693.763
2683.146 1429.866
2479.301 1379.604
2709.724 1687.912
2612.713 1585.942
2610.093 1629.065
2712.830 1305.746
2700.697 1643.776
2660.086 1397.765
2618.738 1610.076
2672.478 1687.464
2742.424 1609.094
2716.062 1298.571
2682.281 1291.238
2457.012 1486.637
2389.282 1357.868
2636.409 1303.632
2612.551 1299.769
2417.175 1537.153
2764.618 1572.914
2739.770 1336.367
2623.822 1584.058
2667.940 1685.711
2373.980 1603.593
2451.890 1605.629
2795.462 1546.760
2684.577 1583.816
2763.328 1596.952
2714.065 1469.617
2645.193 1285.238
2592.903 1618.112
2664.739 1395.242
2620.880 1335.475
2482.783 1628.580
2543.083 1696.595
2632.642 1322.935
2708.742 1528.035
2670.496 1483.510
2808.154 1473.764
2392.572 1381.690
2530.853 1441.485
2701.019 1553.449
2694.745 1400.583
2501.347 1641.058
2585.049 1445.262
2508.391 1301.304
2588.641 1427.720
2578.165 1723.389
2580.975 1508.445
2634.329 1621.167
2750.455 1493.328
2520.424 1651.021
2583.478 1499.642
2582.916 1536.932
2455.486 1488.345
2580.536 1616.016
2642.100 1595.816
2757.005 1621.780
2750.279 1666.683
2685.302 1425.473
2618.674 1527.044
2518.795 1609.912
2442.112 1336.227
2469.941 1712.909
2491.944 1704.711
2565.563 1449.507
2785.114 1643.977
2551.253 1698.288
2393.960 1371.891
2685.252 1682.265
2671.292 1626.166
2789.512 1607.167
2819.058 1512.229
2658.051 1637.249
2546.840 1620.533
2565.002 1409.881
2750.358 1606.317
2725.655 1598.792
2451.166 1609.483
2458.786 1522.048
2434.797 1676.489
2380.609 1305.322
2452.796 1381.180
2722.487 1713.087
2548.866 1294.573
2682.643 1639.343
2586.757 1616.130
2707.612 1445.107
2702.886 1520.570
2803.915 1298.348
2819.659 1330.463
2778.402 1629.057
2654.400 1345.435
2721.134 1458.122
2719.811 1514.695
2401.138 1572.058
2471.491 1316.186
2803.828 1511.410
2453.091 1687.080
2720.436 1636.996
2419.517 1645.161
2688.185 1311.255
2469.016 1596.674
2620.238 1641.188
2490.088 1496.565
2475.796 1503.244
2459.541 1571.840
2507.853 1645.809
2484.132 1367.698
2600.014 1566.086
2477.508 1435.868
2385.164 1583.123
2551.176 1322.810
2587.085 1475.892
2569.962 1294.973
2700.414 1372.188
2471.571 1355.052
2484.850 1578.041
2781.936 1454.618
2652.725 1699.224
2413.125 1434.903
2370.622 1453.607
2639.880 1397.815
2482.280 1521.944
2746.023 1580.066
2518.371 1701.035
2469.037 1680.127
2460.436 1705.467
2447.660 1644.894
2539.717 1451.932
2411.243 1678.778
2635.010 1295.221
2511.276 1367.708
2370.548 1606.633
2699.646 1501.053
2379.358 1334.228
2638.449 1583.074
2646.338 1366.439
2433.975 1308.826
2570.701 1372.746
2378.221 1393.084
2589.633 1612.350
2489.287 1372.379
2675.696 1291.807
2793.282 1469.404
2742.224 1553.987
2604.565 1634.697
2728.672 1501.271
2418.622 1477.246
2451.894 1612.940
2412.093 1531.203
2768.610 1399.844
2503.226 1608.882
2401.289 1593.239
2455.879 1659.059
2729.405 1526.653
2625.296 1731.515
2418.102 1668.909
2792.708 1602.921
2766.978 1282.176
2574.242 1432.345
2413.305 1449.223
2534.718 1351.750
2673.842 1430.433
2601.913 1325.182
2401.650 1406.285
2479.733 1663.577
2679.132 1302.864
2434.315 1571.206
2729.827 1536.320
2698.293 1512.693
2731.093 1558.558
2670.150 1576.219
2391.340 1729.151
2644.055 1372.536
2788.626 1282.302
2562.432 1381.863
2519.468 1526.558
2482.983 1309.763
2793.616 1649.382
2795.023 1449.890
2588.173 1715.613
2727.552 1451.796
2721.456 1585.708
2732.538 1724.883
2790.904 1474.618
2803.633 1286.169
2669.474 1317.411
2783.964 1655.129
2464.899 1615.888
2802.094 1347.023
2418.305 1283.158
2371.638 1503.263
2427.553 1621.571
2680.455 1487.196
2805.153 1561.501
2776.491 1725.141
2678.097 1469.068
2430.386 1542.278
2518.184 1294.996
2451.385 1358.217
2550.255 1519.943
2739.674 1288.053
2569.316 1664.130
2419.345 1731.823
2786.794 1561.440
2592.863 1312.296
2462.067 1485.760
2603.335 1297.827
2604.735 1406.328
2752.514 1492.342
2689.996 1451.979
2481.526 1401.105
2798.418 1359.634
2590.001 1368.289
2584.951 1584.998
2515.336 1553.169
2452.150 1433.917
2371.838 1601.764
2729.405 1348.685
2422.788 1656.358
2376.440 1332.491
2599.413 1437.352
2457.219 1446.509
2525.412 1608.814
2667.284 1547.388
2529.013 1499.401
2530.100 1488.183
2544.350 1601.643
2423.940 1518.296
2682.544 1634.316
2668.527 1651.468
2587.276 1450.783
2711.379 1631.613
2713.741 1308.427
2657.344 1705.186
2592.833 1624.520
2378.446 1445.771
2526.091 1690.593
2426.526 1379.076
2560.893 1294.297
2500.074 1579.855
2509.388 1496.529
2657.018 1596.295
2565.833 1394.017
2619.537 1565.485
2634.819 1589.012
2537.440 1612.996
2621.998 1468.116
2480.777 1480.928
2783.182 1613.692
2738.734 1330.109
2497.604 1584.496
2775.272 1288.068
2504.367 1471.490
2687.333 1371.223
2717.458 1386.894
2731.829 1304.273
2550.868 1552.797
2532.225 1318.538
2461.381 1480.696
2476.005 1381.717
2637.125 1575.800
2703.165 1432.327
2704.846 1655.012
2484.127 1468.939
2786.005 1334.876
2764.396 1522.683
2429.263 1386.227
2412.744 1617.311
2697.005 1655.220
2822.034 1380.831
2678.784 1505.408
2653.086 1540.009
2475.171 1527.138
2540.053 1390.666
2663.739 1312.972
2453.785 1500.378
2402.276 1449.754
2813.907 1457.790
2725.242 1410.519
2696.378 1559.686
2782.386 1542.286
2563.700 1643.035
2809.500 1586.319
2609.530 1317.708
2719.812 1547.278
2632.647 1438.134
2715.197 1711.125
2656.544 1341.428
2811.554 1361.092
2567.649 1427.851
2724.600 1328.377
2796.934 1684.458
2804.035 1714.513
2813.004 1331.512
2725.488 1457.808
2693.670 1688.934
2713.002 1459.811
2796.443 1602.149
2812.606 1458.039
2380.426 1401.090
2496.060 1556.188
2685.202 1432.982
2786.322 1423.005
2721.959 1591.105
2628.021 1520.762
2475.269 1436.399
2584.518 1497.934
2409.124 1390.834
2692.655 1281.360
2590.118 1464.803
2706.994 1384.955
2401.409 1482.215
2771.829 1663.087
2567.957 1644.498
2813.825 1353.525
2693.118 1309.989
2516.302 1505.225
2653.310 1711.674
2478.091 1313.213
2711.180 1570.001
2442.733 1505.399
2757.860 1680.142
2495.411 1554.321
2545.831 1658.097
2802.255 1474.136
2693.331 1600.358
2787.222 1323.321
2739.263 1528.760
2408.463 1376.345
2780.898 1633.171
2585.244 1539.233
2563.005 1646.576
2560.522 1563.961
2778.853 1320.318
2405.902 1702.566
2423.707 1586.720
2598.859 1619.669
2748.200 1480.905
2394.595 1438.930
2483.326 1682.854
2686.173 1436.031
2495.156 1647.824
2548.894 1498.298
2465.689 1603.829
2686.330 1623.142
2748.272 1311.175
2618.301 1619.932
2763.366 1494.327
2815.955 1514.693
2567.641 1515.319
2606.850 1311.076
2605.563 1475.627
2687.141 1450.307
2696.163 1555.176
2788.782 1541.249
2592.300 1435.747
2468.928 1402.725
2603.017 1707.138
2793.935 1543.789
2718.235 1470.363
2391.954 1722.406
2570.572 1730.313
2819.045 1585.841
2559.083 1580.219
2526.822 1588.508
2603.793 1576.549
2422.505 1411.384
2411.917 1281.249
2441.397 1628.247
2592.373 1402.836
2401.376 1641.816
2530.170 1583.370
2606.228 1713.560
2676.492 1384.168
2434.008 1664.238
2545.200 1387.817
2803.509 1645.254
2734.847 1714.666
2457.875 1332.517
2483.772 1396.877
2815.537 1464.613
2531.477 1438.965
2606.755 1417.468
2754.998 1405.719
2396.452 1563.872
2686.325 1428.483
2403.547 1515.135
2645.377 1363.854
2796.907 1282.225
2518.340 1583.307
2478.961 1467.779
2469.630 1576.502
2570.566 1433.934
2790.888 1671.946
2546.250 1397.304
2784.930 1584.659
2378.516 1562.331
2521.789 1527.395
2799.444 1287.594
2560.005 1707.123
2650.168 1447.683
2820.658 1343.201
2692.405 1572.243
2513.026 1640.951
2475.900 1680.438
2507.920 1478.393
2447.962 1430.483
2757.010 1495.617
2620.948 1555.413
2420.092 1649.339
2805.141 1386.321
2602.707 1662.784
2421.164 1645.258
2485.110 1660.070
2373.749 1465.793
2616.689 1572.733
2524.681 1537.555
2767.765 1399.439
2747.050 1343.867
2394.890 1586.901
2677.649 1501.708
2734.112 1655.728
2723.016 1515.018
2576.822 1521.189
2810.524 1708.606
2660.620 1636.462
2513.650 1291.880
2658.291 1512.981
2406.507 1629.573
2773.959 1719.690
2726.797 1397.889
2816.121 1357.810
2701.634 1501.391
2682.634 1713.444
2756.108 1300.140
2423.385 1547.847
2583.953 1633.966
2633.885 1426.142
2657.920 1518.606
2673.916 1441.173
2437.869 1607.370
2539.461 1429.120
2692.031 1687.735
2724.621 1368.293
2694.175 1469.715
2586.085 1703.243
2488.782 1510.834
2763.059 1556.032
2535.450 1282.668
2454.184 1466.801
2403.117 1486.053
2388.162 1684.186
2733.761 1722.059
2579.596 1329.977
2730.254 1639.808
2432.190 1329.473
2554.283 1576.206
2554.402 1652.137
2445.434 1620.543
2762.824 1507.652
2515.489 1360.738
2440.654 1660.534
2738.738 1360.815
2694.435 1703.065
2595.155 1294.268
2456.273 1395.460
2525.924 1480.287
2409.743 1685.557
2565.374 1725.671
2744.163 1616.387
2704.226 1448.569
2507.770 1438.236
2809.993 1538.783
2487.261 1691.595
2621.097 1356.103
2402.895 1429.808
2795.955 1333.878
2748.877 1358.107
2574.279 1630.877
2438.734 1398.643
2713.105 1370.147
2687.472 1369.336
2608.134 1727.786
2533.787 1352.208
2497.088 1320.603
2596.613 1413.782
2427.500 1531.416
2437.224 1579.088
2503.171 1679.231
2586.527 1455.315
2474.390 1469.686
2782.278 1434.341
2549.010 1280.117
2577.807 1608.721
2616.455 1666.578
2373.802 1460.537
2410.004 1323.958
2434.788 1481.585
2649.024 1559.763
2629.242 1620.905
2688.608 1622.343
2762.464 1506.750
2664.967 1621.126
2438.468 1637.135
2809.568 1406.841
2720.440 1473.679
2649.406 1541.878
2373.344 1376.258
2689.501 1430.325
2440.493 1648.157
2786.986 1498.468
2811.719 1603.897
2677.459 1386.426
2589.023 1439.914
2727.906 1432.850
2662.717 1463.535
2490.869 1497.049
2530.005 1501.552
2712.828 1304.014
2628.139 1353.147
2807.746 1513.663
2612.821 1394.829
2620.755 1323.421
2433.669 1361.622
2601.439 1320.044
2511.764 1388.060
2750.587 1644.884
2645.858 1387.574
2379.275 1467.231
2441.040 1667.066
2429.646 1592.424
2677.746 1372.357
2588.419 1502.793
2811.384 1349.714
2595.212 1584.690
2727.294 1526.779
2641.270 1640.152
2733.780 1710.343
2771.855 1422.203
2649.677 1533.850
2509.172 1410.627
2714.308 1417.125
2399.843 1391.032
2431.617 1701.355
2617.571 1383.255
2441.308 1654.969
2804.976 1364.107
2598.211 1636.598
2483.285 1543.408
2720.097 1359.736
2470.688 1419.498
2727.890 1399.544
2789.425 1348.275
2770.974 1541.775
2495.102 1303.145
2740.064 1519.349
2588.049 1679.461
2677.128 1479.968
2450.898 1575.402
2440.203 1295.172
2614.906 1415.003
2604.002 1345.626
2505.004 1562.046
2495.254 1450.525
2548.388 1488.495
2504.649 1415.437
2494.154 1635.890
2442.197 1544.778
2684.444 1456.902
2566.018 1693.872
2740.693 1652.525
2661.016 1609.167
2448.308 1427.912
2399.850 1480.064
2640.835 1446.475
2711.971 1520.155
2602.582 1558.348
2493.696 1412.125
2797.841 1332.046
2646.406 1499.431
2377.835 1627.772
2457.664 1494.577
2542.243 1566.568
2733.534 1409.542
2415.358 1544.940
2785.573 1508.751
2586.680 1329.583
2628.490 1569.484
2711.139 1478.936
2667.627 1476.899
2591.221 1639.899
2782.636 1549.399
2463.589 1669.194
2571.527 1666.314
2737.681 1429.528
2545.289 1328.370
2505.848 1555.723
2702.294 1525.242
2766.443 1494.557
2430.015 1504.830
2609.638 1584.296
2384.460 1563.910
2652.124 1588.906
2556.547 1671.260
2765.019 1373.608
2395.445 1315.875
2469.200 1298.067
2660.136 1476.445
2783.357 1396.780
2708.356 1695.014
2628.248 1431.792
2729.360 1727.841
2823.084 1430.799
2560.035 1558.002
2678.691 1731.047
2432.966 1652.080
2804.887 1479.392
2616.732 1527.012
2513.341 1278.974
2482.795 1464.085
2640.139 1370.080
2464.282 1318.190
2606.251 1353.067
2561.222 1593.278
2643.012 1694.949
2813.097 1277.663
2664.235 1608.636
2719.147 1375.331
2670.521 1670.686
2584.851 1467.325
2797.198 1571.792
2375.326 1715.800
2795.143 1528.834
2740.762 1505.857
2518.187 1637.253
2531.562 1405.305
2458.736 1400.645
2396.687 1669.273
2756.153 1390.846
2554.588 1417.899
2384.840 1339.326
2628.509 1422.441
2471.500 1363.824
2571.855 1360.669
2627.485 1424.452
2478.271 1374.987
2567.614 1676.281
2807.728 1512.003
2524.389 1452.461
2486.082 1521.683
2531.522 1560.698
2709.896 1474.967
2632.291 1494.166
2483.069 1614.190
2492.738 1474.889
2393.710 1323.916
2468.031 1509.129
2518.291 1426.638
2486.076 1498.305
2738.681 1512.292
2530.458 1547.709
2486.969 1716.560
2615.814 1534.205
2805.959 1695.871
2501.849 1454.341
2746.612 1639.738
2472.207 1643.780
2655.136 1680.746
2798.262 1479.032
2636.782 1690.064
2715.892 1599.059
2626.327 1418.203
2805.176 1456.460
2616.260 1562.149
2693.299 1410.393
2409.369 1700.886
2509.079 1363.578
2736.788 1446.036
2692.630 1655.563
2692.344 1568.697
2459.402 1357.775
2573.643 1410.004
2491.113 1310.434
2394.832 1724.584
2407.446 1420.075
2617.879 1292.288
2609.003 1439.655
2818.155 1441.927
2593.008 1565.387
2419.970 1722.758
2468.544 1544.427
2666.642 1612.042
2381.924 1716.826
2812.182 1550.805
2414.872 1429.109
2492.809 1358.309
2754.731 1662.488
2624.222 1656.739
2611.516 1451.727
2800.559 1500.934
2645.964 1637.098
2663.998 1367.697
2665.870 1674.438
2413.932 1315.952
2690.606 1420.032
2394.325 1387.555
2577.248 1436.173
2615.353 1680.104
2455.008 1525.053
2696.089 1658.307
2821.890 1327.244
2729.942 1553.910
2643.812 1419.126
2818.156 1328.161
2715.123 1634.982
2781.671 1414.691
2626.173 1383.522
2404.772 1521.256
2480.287 1278.234
2465.298 1452.427
2571.089 1505.808
2543.060 1588.208
2437.223 1345.355
2450.511 1517.058
2427.203 1366.788
2614.506 1674.317
2654.360 1308.323
2639.534 1589.038
2559.960 1582.574
2451.019 1317.218
2571.276 1590.749
2580.516 1555.364
2631.540 1480.186
2451.251 1378.875
2817.155 1601.161
2732.757 1423.715
2403.794 1404.183
2766.392 1287.648
2527.707 1661.219
2551.559 1621.315
2597.072 1504.649
2500.519 1689.801
2386.435 1484.302
2625.645 1433.978
2778.300 1671.571
2749.574 1507.329
2789.168 1355.703
2564.558 1480.778
2771.441 1383.416
2799.232 1634.980
2468.807 1546.911
2793.866 1584.424
2737.856 1594.902
2730.547 1637.368
2634.249 1296.933
2702.203 1679.162
2604.272 1606.406
2688.090 1496.414
2789.368 1434.419
2636.457 1695.600
2543.681 1502.862
2774.617 1655.628
2801.685 1440.964
2809.377 1372.056
2435.445 1294.620
2796.197 1538.163
2395.460 1279.108
2762.330 1387.840
2449.692 1494.191
2728.330 1501.452
2732.747 1542.804
2772.046 1476.970
2381.734 1569.370
2689.572 1592.955
2552.313 1680.928
2576.783 1565.927
2637.370 1364.056
2484.554 1570.602
2689.529 1545.645
2606.760 1646.942
2535.546 1463.240
2381.251 1340.476
2719.909 1578.084
2713.668 1639.083
2807.754 1456.614
2741.859 1562.293
2724.139 1676.820
2710.292 1694.401
2739.459 1670.005
2611.773 1504.536
2678.347 1642.217
2523.870 1331.543
2737.747 1686.960
2461.614 1375.365
2803.762 1623.474
2480.657 1379.829
2727.074 1546.893
2400.965 1646.672
2469.121 1553.785
2408.866 1657.662
2488.768 1495.965
2634.663 1443.308
2767.695 1297.106
2532.373 1444.522
2738.313 1613.806
2502.139 1356.884
2371.619 1354.571
2461.461 1712.058
2643.265 1609.376
2702.409 1604.537
2401.053 1354.484
2557.554 1305.718
2472.346 1581.167
2763.154 1323.837
2598.542 1516.955
2647.497 1532.826
2777.874 1564.299
2401.539 1540.621
2439.364 1496.223
2428.624 1706.231
2641.027 1356.830
2800.961 1728.213
2498.705 1307.492
2667.348 1664.424
2772.118 1402.455
2574.349 1675.558
2515.061 1615.485
2541.096 1602.771
2574.472 1550.790
2586.430 1369.195
2476.360 1512.514
2822.708 1494.570
2744.655 1438.246
2388.339 1426.748
2377.376 1600.963
2532.614 1488.077
2600.919 1657.669
2449.576 1345.900
2656.477 1497.268
2452.892 1448.024
2534.652 1677.815
2555.436 1684.490
2614.274 1362.856
2467.221 1341.118
2673.420 1609.710
2385.629 1459.482
2413.451 1562.312
2652.476 1322.728
2574.841 1443.419
2572.480 1573.697
2394.115 1305.491
2552.084 1525.347
2578.565 1377.231
2398.443 1693.802
2780.678 1696.885
2529.190 1701.354
2620.473 1488.786
2548.971 1467.943
2642.960 1338.590
2618.522 1319.162
2725.494 1503.865
2601.321 1591.548
2410.451 1449.950
2535.751 1571.491
2721.054 1414.071
2423.664 1313.076
2570.342 1530.606
2730.920 1581.086
2725.793 1428.167
2479.226 1308.770
2735.960 1335.914
2587.734 1314.045
2679.459 1561.509
2642.959 1472.559
2682.607 1698.741
2625.770 1564.183
2477.798 1319.894
2626.938 1557.193
2449.190 1637.966
2769.591 1416.323
2592.578 1664.268
2774.766 1365.718
2585.799 1571.456
2802.586 1465.701
2464.661 1404.221
2420.183 1658.935
2654.661 1384.407
2813.764 1655.883
2795.642 1314.556
2705.865 1648.872
2780.316 1280.826
2594.055 1524.066
2650.774 1306.557
2514.846 1539.707
2726.255 1312.626
2481.732 1434.048
2473.051 1701.007
2548.384 1449.499
2481.239 1406.943
2755.859 1540.500
2573.097 1448.621
2618.844 1331.243
2477.141 1436.192
2644.615 1283.328
2691.355 1489.227
2720.387 1470.539
2643.530 1386.168
2394.626 1583.436
2602.978 1297.226
2493.540 1583.602
2773.653 1580.180
2554.231 1403.069
2400.810 1452.050
2731.583 1579.247
2759.292 1432.288
2662.172 1712.506
2799.594 1479.127
2663.902 1409.723
2423.479 1726.708
2546.497 1291.390
2441.944 1482.136
2777.483 1698.388
2621.739 1526.129
2634.264 1714.210
2519.109 1510.620
2776.571 1694.029
2482.627 1509.263
2465.485 1686.349
2708.789 1286.863
2679.326 1317.191
2458.914 1702.232
2777.323 1498.410
2686.942 1365.305
2538.605 1408.858
2387.914 1515.230
2466.385 1686.086
2818.443 1473.159
2528.900 1477.703
2709.669 1678.397
2717.779 1329.242
2519.257 1316.190
2554.652 1425.793
2579.688 1464.043
2474.593 1579.926
2396.580 1632.272
2503.016 1655.306
2495.720 1502.590
2565.600 1332.375
2789.168 1673.038
2447.469 1551.293
2689.484 1586.226
2797.022 1705.663
2532.141 1585.247
2402.356 1545.301
2682.789 1465.629
2747.247 1389.615
2641.791 1477.866
2600.774 1558.095
2807.401 1334.613
2689.409 1524.161
2691.957 1332.988
2621.159 1472.121
2783.801 1523.641
2621.300 1318.864
2735.358 1498.674
2555.939 1395.868
2808.393 1427.127
2603.329 1382.256
2379.630 1623.409
2425.628 1428.793
2664.835 1442.125
2583.874 1616.478
2650.342 1348.817
2788.310 1666.520
2511.138 1616.130
2797.710 1690.267
2662.796 1724.218
2676.022 1717.084
2768.051 1590.406
2459.003 1406.063
2391.819 1686.716
2622.511 1535.899
2808.486 1629.214
2693.339 1688.591
2427.926 1368.615
2735.718 1435.076
2652.628 1641.943
2574.773 1409.679
2771.196 1576.040
2420.948 1367.861
2483.696 1514.668
2694.200 1578.727
2409.561 1499.354
2444.049 1642.621
2558.802 1386.438
2791.520 1415.119
2716.755 1456.221
2682.818 1566.871
2803.762 1372.540
2482.249 1278.279
2398.774 1296.774
2411.138 1468.242
2762.621 1369.487
2559.817 1667.461
2743.211 1632.682
2438.818 1460.010
2635.785 1432.015
2545.221 1721.302
2431.997 1522.182
2519.281 1545.910
2553.564 1562.599
2469.616 1526.550
2494.755 1636.565
2513.948 1684.872
2449.335 1335.734
2566.984 1608.055
2755.893 1634.578
2813.897 1720.928
2726.122 1452.472
2774.603 1553.351
2699.546 1592.444
2449.387 1501.367
2606.232 1704.280
2683.760 1546.450
2823.893 1355.734
2687.500 1481.204
2815.189 1419.148
2723.168 1341.815
2797.826 1576.899
2370.462 1513.739
2801.143 1686.163
2411.048 1650.826
2496.815 1589.437
2379.136 1417.619
2563.885 1461.340
2520.280 1664.962
2601.953 1396.043
2725.537 1296.879
2459.242 1312.966
2636.327 1518.854
2767.235 1671.483
2680.089 1600.724
2757.892 1550.735
2604.395 1517.520
2544.425 1391.450
2730.738 1299.555
2695.804 1586.046
2792.478 1632.713
2668.814 1697.520
2694.422 1597.320
2719.966 1281.335
2678.025 1433.755
2596.188 1482.755
2566.477 1278.153
2732.253 1598.768
2703.505 1554.433
2374.286 1595.978
2497.322 1692.690
2736.742 1638.248
2654.741 1369.812
2465.176 1413.734
2597.832 1534.153
2448.797 1645.396
2633.956 1534.430
2824.029 1319.736
2763.313 1588.943
2677.732 1550.574
2403.202 1698.251
2524.541 1293.382
2602.050 1665.565
2640.829 1514.631
2789.796 1327.456
2419.483 1655.047
2813.618 1534.851
2475.681 1278.606
2739.570 1730.279
2775.776 1637.630
2505.703 1657.104
2505.755 1686.309
2653.772 1307.567
2385.815 1593.115
2388.538 1497.661
2709.176 1626.470
2509.700 1705.195
2752.081 1300.792
2445.797 1329.735
2782.078 1497.944
2546.410 1285.679
2373.493 1615.607
2639.915 1490.125
2592.138 1581.721
2644.147 1601.986
2650.316 1399.927
2778.018 1714.550
2661.326 1378.093
2669.684 1316.344
2515.705 1490.911
2734.528 1552.718
2625.089 1588.741
2740.289 1717.039
2417.153 1604.228
2571.455 1469.249
2435.256 1550.440
2496.786 1369.235
2466.130 1669.848
2760.405 1392.892
2418.914 1564.773
2392.427 1628.437
2468.401 1574.921
2824.073 1615.784
2652.161 1405.537
2528.585 1391.131
2514.679 1294.134
2585.902 1380.508
2753.017 1322.469
2427.051 1476.388
2754.926 1619.389
2650.868 1658.551
2585.709 1421.012
2413.345 1340.165
2510.094 1581.419
2749.265 1639.478
2794.444 1623.847
2767.997 1334.605
2566.414 1622.089
2552.635 1673.858
2556.032 1638.138
2814.461 1507.887
2633.302 1515.127
2601.920 1561.618
2542.594 1619.936
2674.476 1438.738
2612.214 1417.925
2560.049 1301.221
2622.185 1489.943
2766.698 1380.025
2602.035 1506.557
2381.751 1509.066
2648.989 1373.697
2799.914 1515.036
2400.860 1466.015
2529.269 1318.075
2778.227 1385.669
2810.355 1490.701
2574.508 1298.159
2606.396 1606.414
2736.564 1407.833
2821.851 1441.152
2385.414 1697.075
2460.341 1304.007
2574.467 1572.321
2566.502 1635.366
2441.540 1585.779
2737.511 1471.745
2776.838 1416.172
2395.960 1582.273
2729.618 1434.240
2756.884 1581.616
2429.701 1686.690
2789.126 1420.793
2633.589 1381.607
2446.003 1716.498
2422.790 1591.032
2755.148 1704.623
2597.759 1585.734
2413.898 1594.910
2416.065 1643.990
2399.959 1438.764
2714.851 1660.833
2381.027 1552.012
2814.126 1514.065
2532.360 1379.421
2471.651 1290.898
2531.866 1410.696
2543.061 1368.782
2810.521 1460.377
2625.250 1501.037
2550.865 1424.751
2526.772 1641.478
2444.246 1656.017
2638.463 1373.868
2772.422 1291.768
2470.600 1615.126
2515.753 1375.052
2714.898 1371.710
2471.598 1428.286
2811.345 1418.822
2402.301 1551.103
2776.723 1528.116
2824.390 1571.216
2608.207 1477.639
2774.121 1675.796
2671.719 1478.495
2460.004 1655.378
2665.432 1294.759
2712.475 1513.381
2519.263 1603.742
2443.923 1480.584
2786.173 1529.529
2583.904 1311.933
2487.289 1601.904
2477.508 1400.584
2780.532 1326.126
2790.881 1474.718
2806.422 1397.472
2616.147 1539.783
2508.039 1456.371
2436.558 1341.497
2402.570 1479.343
2486.146 1461.238
2456.672 1646.111
2645.854 1516.640
2450.095 1723.366
2704.398 1390.403
2701.128 1308.047
2413.269 1498.394
2614.041 1364.046
2771.900 1324.275
2605.663 1435.594
2422.198 1334.837
2421.871 1499.856
2627.001 1457.212
2699.711 1692.557
2766.083 1593.395
2390.600 1494.832
2738.026 1465.567
2598.638 1716.127
2774.595 1297.190
2667.093 1359.614
2563.478 1541.824
2426.685 1543.828
2382.967 1303.991
2403.836 1342.145
2418.056 1584.143
2719.479 1720.124
2652.357 1721.738
2546.017 1625.307
2752.670 1343.129
2762.591 1683.262
2606.262 1308.424
2533.776 1718.565
2563.694 1384.848
2411.112 1449.998
2822.091 1350.203
2585.847 1720.547
2582.585 1480.832
2765.798 1623.691
2752.630 1484.827
2461.093 1401.126
2607.917 1397.048
2431.868 1573.739
2646.946 1708.454
2522.822 1654.602
2449.544 1282.217
2684.051 1330.840
2668.700 1525.800
2720.676 1393.369
2447.984 1489.564
2413.424 1623.186
2693.909 1507.147
2671.447 1707.923
2565.416 1362.258
2588.940 1700.838
2596.706 1304.553
2537.412 1556.180
2489.960 1563.937
2747.131 1332.910
2531.419 1375.019
2704.078 1630.683
2459.397 1380.563
2446.088 1540.863
2802.339 1464.843
2428.775 1451.228
2526.109 1616.446
2458.504 1318.237
2561.647 1456.025
2596.330 1553.703
2576.892 1662.035
2530.985 1328.288
2625.119 1369.408
2677.867 1609.290
2638.189 1331.467
2499.211 1349.016
2410.250 1664.325
2610.127 1351.279
2666.060 1526.614
2635.779 1714.129
2572.440 1730.700
2748.770 1615.610
2541.468 1370.659
2533.292 1468.387
2659.886 1431.110
2619.307 1530.552
2790.499 1344.284
2394.178 1407.833
2644.360 1425.892
2703.497 1394.927
2493.431 1669.467
2607.897 1661.367
2561.506 1430.900
2388.980 1607.488
2545.456 1642.308
2538.375 1588.695
2778.995 1652.399
2813.961 1480.522
2758.997 1629.906
2513.802 1341.747
2611.749 1579.439
2512.528 1474.633
2751.072 1277.540
2599.894 1683.815
2681.680 1649.806
2404.546 1620.415
2776.378 1652.330
2798.247 1543.307
2782.229 1279.287
2766.442 1357.796
2497.120 1644.983
2775.236 1653.611
2567.273 1365.315
2750.745 1284.566
2411.093 1408.661
2469.669 1419.194
2501.860 1379.120
2820.475 1386.545
2442.769 1515.578
2383.356 1630.829
2372.101 1699.845
2600.122 1322.203
2813.026 1458.927
2592.721 1318.474
2618.014 1373.107
2678.365 1612.256
2800.476 1524.893
2606.256 1530.248
2431.221 1683.821
2648.349 1515.666
2771.341 1607.994
2728.486 1696.576
2513.625 1450.748
2405.905 1723.268
2553.559 1285.100
2671.211 1367.747
2491.272 1507.597
2389.280 1671.919
2442.052 1713.107
2779.883 1541.368
2778.623 1675.676
2617.663 1478.527
2719.849 1407.364
2380.357 1361.806
2741.945 1327.423
2810.220 1591.019
2586.249 1422.207
2544.591 1612.634
2702.212 1469.034
2741.613 1547.293
2787.028 1475.989
2528.347 1388.206
2638.996 1523.158
2817.559 1563.801
2601.211 1701.597
2482.824 1648.609
2707.979 1516.188
2705.476 1721.284
2740.626 1665.567
2442.995 1347.961
2751.029 1474.955
2454.628 1567.598
2540.114 1691.698
2766.344 1717.873
2553.349 1546.848
2808.140 1498.443
2398.392 1449.170
2783.198 1376.677
2490.153 1648.508
2734.587 1627.754
2430.322 1465.823
2543.628 1481.534
2605.662 1623.007
2519.554 1485.916
2575.353 1309.278
2507.500 1575.639
2525.095 1666.770
2598.141 1475.624
2749.444 1674.882
2527.008 1319.750
2734.802 1425.965
2710.899 1703.108
2640.669 1593.459
2509.426 1424.497
2765.920 1483.955
2582.340 1497.455
2440.799 1279.795
2513.669 1482.314
2811.042 1557.010
2568.337 1318.933
2564.581 1579.193
2462.726 1706.224
2547.240 1389.362
2794.361 1484.718
2542.060 1330.579
2731.871 1492.467
2493.519 1640.343
2824.426 1287.721
2581.937 1408.982
2409.248 1637.868
2422.516 1383.138
2750.155 1532.609
2714.207 1301.541
2694.218 1397.005
2811.859 1470.768
2503.967 1626.345
2449.541 1713.694
2655.471 1508.892
2704.167 1544.177
2685.065 1646.024
2603.215 1291.811
2764.216 1447.213
2727.861 1595.426
2501.837 1584.012
2821.886 1358.874
2729.707 1686.426
2406.575 1312.676
2593.370 1312.020
2452.996 1535.181
2485.413 1641.651
2638.168 1307.961
2445.065 1280.807
2452.694 1597.173
2458.853 1611.557
2504.010 1540.851
2380.688 1580.873
2709.638 1335.287
2576.265 1310.106
2803.450 1318.465
2548.286 1407.604
2672.858 1455.902
2626.335 1313.759
2662.707 1534.234
2569.219 1584.747
2554.243 1698.209
2710.203 1306.049
2550.855 1306.676
2504.525 1313.998
2435.747 1451.199
2608.911 1690.114
2805.349 1348.567
2553.316 1294.534
2665.704 1517.531
2760.299 1703.529
2533.043 1334.208
2484.856 1337.825
2726.670 1699.066
2587.806 1731.531
2376.640 1457.552
2737.212 1683.397
2468.543 1726.188
2818.650 1300.288
2404.930 1469.380
2370.912 1572.253
2432.196 1394.773
2529.933 1337.262
2665.257 1479.908
2737.010 1530.591
2608.639 1345.290
2702.898 1715.578
2492.200 1496.552
2741.502 1328.359
2671.297 1285.950
2444.314 1331.333
2499.367 1366.330
2688.316 1383.510
2708.148 1676.993
2722.961 1654.187
2377.437 1369.061
2414.134 1690.526
2546.226 1434.521
2811.738 1589.807
2794.559 1414.092
2640.598 1674.605
2378.404 1532.197
2728.265 1402.664
2505.348 1350.119
2574.076 1661.739
2737.906 1655.550
2823.884 1358.190
2742.112 1563.742
2660.881 1507.415
2692.893 1532.219
2701.092 1715.984
2405.420 1581.004
2645.973 1660.490
2595.146 1701.129
2606.738 1581.229
2621.112 1601.541
2408.064 1515.857
2647.286 1478.580
2765.656 1566.903
2651.446 1719.800
2401.709 1583.418
2693.132 1652.191
2453.795 1294.523
2681.553 1678.974
2823.116 1504.963
2604.520 1591.699
2538.389 1585.923
2554.011 1620.131
2789.915 1299.746
2501.280 1692.313
2590.717 1463.043
2483.024 1539.909
2807.340 1514.905
2708.062 1581.741
2823.341 1396.594
2650.927 1543.499
2796.451 1688.838
2562.742 1363.956
2776.495 1720.059
2431.963 1448.462
2753.270 1373.787
2373.475 1294.109
2724.919 1391.382
2631.878 1497.203
2667.900 1462.762
2487.074 1649.727
2586.453 1611.780
2439.252 1553.965
2498.197 1689.589
2559.762 1460.116
2670.716 1602.591
2450.292 1411.042
2745.190 1599.056
2552.241 1635.134
2784.987 1454.787
2369.996 1643.886
2759.425 1549.211
2466.297 1297.371
2503.407 1447.063
2699.843 1303.993
2671.667 1623.310
2772.926 1652.799
2588.587 1652.301
2404.540 1414.763
2391.785 1688.755
2506.078 1502.948
2560.053 1461.110
2819.217 1639.150
2384.007 1429.621
2772.185 1473.279
2648.113 1295.310
2816.579 1317.345
2507.048 1538.761
2446.817 1458.576
2568.879 1285.895
2386.662 1686.118
2648.167 1569.243
2759.440 1450.467
2787.991 1562.089
2622.620 1449.668
2649.415 1331.562
2813.540 1559.444
2370.880 1385.135
2666.011 1333.902
2515.606 1345.368
2765.409 1518.207
2661.389 1516.060
2774.757 1374.265
2703.250 1515.048
2620.226 1580.939
2664.924 1440.107
2650.740 1722.486
2808.928 1399.289
2686.962 1501.053
2806.443 1659.365
2797.637 1316.853
2421.924 1323.186
2535.365 1729.782
2483.452 1717.986
2377.820 1406.073
2810.172 1514.535
2698.977 1355.043
2401.244 1517.670
2592.532 1575.118
2770.750 1278.667
2667.718 1473.169
2789.793 1632.235
2559.500 1385.000
2563.391 1657.875
2467.498 1715.707
2583.748 1286.667
2393.353 1681.610
2415.346 1320.888
2445.119 1374.652
2379.134 1570.442
2641.835 1519.273
2561.178 1293.577
2592.469 1514.897
2432.056 1713.490
2588.518 1720.757
2807.685 1356.289
2756.422 1662.541
2380.606 1474.693
2378.383 1619.208
2709.299 1487.360
2743.676 1343.982
2380.529 1625.576
2438.807 1527.800
2600.216 1435.584
2767.822 1430.702
2621.992 1587.588
2418.709 1387.105
2508.042 1285.907
2611.569 1313.820
2619.807 1500.670
2466.864 1354.104
2596.748 1456.877
2576.720 1349.366
2603.991 1561.827
2532.231 1335.948
2623.707 1391.548
2651.703 1723.398
2427.022 1645.643
2453.435 1298.228
2533.078 1474.828
2599.521 1384.891
2806.229 1450.203
2375.122 1512.571
2639.282 1662.793
2564.777 1633.345
2451.513 1284.948
2719.072 1493.743
2465.305 1687.279
2733.834 1675.019
2514.846 1697.743
2380.459 1324.335
2779.148 1371.610
2493.351 1550.383
2514.490 1541.903
2808.224 1576.745
2755.787 1529.267
2517.371 1716.396
2686.634 1467.542
2730.579 1645.885
2763.193 1537.106
2402.100 1582.409
2649.581 1563.552
2563.742 1386.812
2521.432 1675.047
2385.497 1555.867
2485.812 1309.603
2510.309 1408.783
2629.468 1643.707
2727.879 1587.441
2770.143 1495.941
2581.609 1691.347
2436.782 1688.083
2672.472 1472.555
2527.760 1411.667
2490.808 1730.574
2373.436 1365.768
2390.214 1391.505
2661.502 1578.110
2773.796 1630.337
2758.205 1376.003
2408.001 1620.549
2494.117 1443.927
2424.219 1327.879
2785.091 1351.250
2461.876 1323.774
2391.375 1535.181
2415.273 1657.480
2638.835 1404.484
2770.254 1361.777
2376.593 1281.554
2774.343 1567.397
2665.759 1657.392
2400.481 1632.124
2604.953 1426.623
2520.990 1358.259
2538.039 1628.810
2497.464 1564.292
2422.853 1650.177
2554.811 1630.095
2748.130 1660.548
2440.590 1446.470
2698.253 1364.732
2482.882 1541.161
2809.272 1410.857
2686.440 1615.413
2667.458 1376.803
2776.058 1311.358
2803.515 1559.946
2660.549 1361.499
2685.845 1618.149
2577.931 1330.888
2452.257 1410.264
2704.674 1449.921
2604.818 1616.371
2453.693 1671.177
2816.350 1313.628
2749.546 1615.976
2511.182 1442.005
2499.293 1407.418
2744.619 1525.389
2752.682 1377.068
2518.601 1378.778
2684.498 1454.250
2650.601 1611.896
2729.404 1450.248
2523.985 1317.365
2599.987 1340.995
2373.856 1401.876
2679.772 1424.070
2720.159 1546.704
2481.071 1320.054
2467.774 1686.000
2378.097 1601.989
2490.498 1525.538
2394.564 1682.769
2728.576 1659.819
2650.915 1721.364
2642.646 1554.816
2700.393 1701.118
2491.950 1294.770
2489.811 1386.994
2574.450 1311.581
2376.323 1611.197
2729.381 1436.324
2764.290 1534.137
2821.973 1320.797
2546.560 1406.376
2761.458 1725.973
2593.159 1286.433
2477.427 1477.230
2479.373 1550.048
2425.331 1680.048
2443.761 1694.107
2792.427 1561.705
2537.716 1649.896
2404.125 1362.239
2396.770 1579.854
2502.224 1580.247
2630.487 1638.718
2396.163 1596.226
2468.056 1304.732
2600.291 1685.400
2659.494 1521.749
2488.110 1618.294
2642.300 1292.677
2471.114 1512.173
2638.072 1522.909
2791.700 1727.455
2653.228 1559.080
2507.477 1512.729
2569.172 1660.753
2398.483 1669.135
2713.101 1657.660
2709.752 1727.877
2731.128 1548.009
2711.597 1303.087
2606.919 1494.752
2384.378 1712.326
2672.567 1323.090
2603.636 1730.168
2439.818 1415.830
2541.458 1710.071
2548.713 1534.261
2509.959 1321.619
2560.436 1456.331
2602.319 1538.945
2391.037 1313.091
2550.076 1466.674
2585.872 1282.941
2628.516 1489.244
2545.214 1559.432
2418.221 1364.692
2442.408 1581.197
2710.091 1310.753
2551.076 1637.407
2373.942 1420.839
2586.983 1725.104
2460.022 1655.492
2399.756 1666.448
2722.831 1718.320
2662.243 1428.795
2730.387 1581.550
2821.348 1406.668
2480.932 1364.333
2618.156 1332.872
2710.089 1349.459
2682.054 1619.262
2767.677 1470.627
2425.633 1590.142
2498.304 1631.257
2691.471 1488.915
2373.765 1466.404
2687.099 1560.681
2487.066 1718.490
2431.944 1598.960
2727.312 1419.573
2691.544 1435.044
2567.023 1417.010
2676.503 1376.934
2578.021 1547.070
2456.390 1305.024
2380.258 1598.358
2584.632 1518.737
2824.161 1567.658
2420.259 1725.133
2484.746 1540.394
2776.981 1290.714
2668.637 1492.679
2535.117 1549.769
2814.647 1338.230
2792.336 1340.475
2642.083 1338.822
2679.125 1340.503
2544.144 1550.110
2396.561 1289.474
2533.064 1640.572
2628.594 1482.877
2820.285 1580.542
2615.829 1585.564
2735.899 1379.072
2774.828 1637.256
2553.706 1703.205
2410.387 1655.669
2510.466 1452.973
2608.042 1313.214
2583.024 1628.221
2773.913 1478.392
2510.476 1708.987
2453.745 1324.404
2647.798 1293.859
2501.040 1605.868
2821.369 1289.361
2682.536 1655.719
2707.324 1365.847
2428.229 1468.843
2807.499 1291.903
2539.287 1596.944
2466.980 1520.305
2619.616 1384.195
2376.475 1514.975
2714.803 1333.722
2652.088 1295.168
2795.919 1493.009
2644.909 1539.135
2817.991 1729.362
2634.240 1509.692
2556.868 1411.892
2797.936 1726.092
2534.580 1293.062
2621.775 1343.974
2721.577 1529.885
2776.764 1357.189
2504.754 1324.736
2464.113 1506.709
2615.466 1409.982
2687.511 1652.471
2653.607 1312.714
2502.201 1583.793
2551.675 1581.602
2377.661 1723.172
2691.175 1360.291
2760.533 1431.830
2416.338 1348.230
2504.564 1278.392
2586.564 1447.848
2442.830 1465.503
2524.837 1356.553
2735.127 1557.172
2524.293 1428.678
2811.103 1421.462
2719.502 1425.584
2673.691 1546.089
2751.110 1504.640
2744.741 1616.189
2671.680 1545.980
2442.684 1584.637
2520.308 1539.460
2688.403 1490.184
2783.829 1479.043
2657.093 1458.100
2567.340 1480.110
2763.644 1525.536
2451.787 1645.687
2617.040 1394.329
2687.424 1409.863
2676.606 1537.081
2681.571 1628.378
2700.587 1527.872
2483.026 1600.796
2569.623 1319.718
2422.371 1634.490
2475.894 1633.792
2486.808 1585.825
2763.889 1690.558
2494.836 1292.363
2772.374 1649.531
2383.312 1451.245
2773.268 1571.683
2763.110 1432.576
2547.787 1408.568
2754.025 1447.934
2418.960 1346.854
2651.524 1651.535
2664.115 1357.499
2413.872 1634.581
2475.076 1279.424
2411.980 1362.853
2721.572 1652.599
2674.657 1584.920
2706.487 1611.446
2386.803 1505.649
2467.236 1630.040
2522.968 1586.162
2498.686 1648.211
2377.543 1440.074
2408.740 1429.832
2616.144 1518.324
2732.290 1629.237
2454.730 1444.313
2472.582 1501.274
2670.432 1569.942
2409.381 1574.103
2472.534 1528.166
2376.125 1299.017
2654.089 1408.124
2539.141 1399.657
2407.641 1648.256
2416.894 1678.449
2823.417 1644.333
2574.543 1599.488
2541.157 1616.785
2654.011 1536.855
2532.594 1568.211
2738.535 1730.098
2440.668 1621.516
2819.089 1448.254
2742.895 1293.240
2805.606 1526.347
2503.191 1299.898
2386.562 1498.252
2417.130 1603.962
2615.286 1391.234
2550.527 1352.744
2419.145 1361.933
2556.602 1307.886
2696.930 1531.252
2797.089 1416.316
2649.488 1679.120
2440.435 1621.352
2814.127 1475.682
2616.935 1502.577
2466.111 1626.700
2544.893 1310.749
2536.851 1568.882
2377.763 1514.956
2602.007 1332.541
2821.256 1297.894
2470.310 1497.501
2665.272 1722.822
2631.271 1515.625
2589.099 1617.363
2393.681 1454.825
2545.088 1404.560
2752.376 1605.329
2781.983 1531.240
2433.770 1667.223
2508.074 1710.559
2374.790 1464.553
2775.673 1393.216
2499.329 1709.634
2804.925 1405.093
2806.930 1601.267
2807.954 1718.607
2745.713 1616.691
2785.060 1476.168
2817.632 1306.805
2539.467 1674.407
2518.275 1560.568
2681.392 1386.460
2735.022 1302.903
2675.390 1529.238
2729.560 1484.913
2523.161 1301.083
2743.222 1506.737
2620.348 1431.423
2730.914 1725.259
2531.366 1470.919
2533.972 1475.536
2556.249 1340.747
2404.808 1362.954
2575.403 1667.866
2444.199 1618.828
2557.669 1557.330
2644.354 1669.069
2723.348 1679.481
2544.775 1554.164
2410.234 1710.368
2821.132 1646.840
2620.686 1422.911
2504.836 1433.134
2628.638 1534.572
2467.379 1367.782
2757.278 1659.111
2389.060 1570.978
2724.836 1659.149
2616.981 1385.853
2749.642 1365.987
2661.343 1451.832
2433.401 1531.573
2717.642 1287.000
2374.169 1345.381
2804.337 1482.053
2630.626 1581.609
2497.652 1371.078
2484.057 1554.895
2408.137 1447.592
2634.845 1690.506
2470.407 1548.905
2602.149 1315.302
2712.086 1690.729
2702.138 1550.152
2429.029 1566.056
2657.655 1542.585
2778.229 1716.343
2530.529 1631.099
2524.874 1724.931
2543.403 1538.970
2728.206 1679.939
2547.663 1613.801
2431.747 1308.885
2494.385 1462.993
2554.005 1539.977
2648.240 1685.493
2480.024 1698.453
2502.944 1545.898
2691.156 1462.721
2558.400 1307.411
2405.777 1282.979
2776.736 1283.622
2428.471 1306.101
2424.150 1708.907
2810.404 1519.130
2794.749 1653.933
2747.953 1457.175
2599.953 1632.827
2643.522 1462.601
2715.800 1425.044
2644.916 1339.889
2436.387 1354.287
2455.038 1332.970
2518.703 1358.051
2608.047 1557.928
2526.128 1504.805
2753.253 1504.391
2667.894 1316.263
2659.536 1375.366
2733.531 1562.240
2617.972 1587.689
2543.128 1382.579
2685.691 1389.887
2400.508 1623.422
2813.865 1597.560
2639.773 1658.971
2624.516 1668.260
2582.387 1615.255
2423.981 1286.129
2757.190 1710.095
2821.464 1452.955
2549.057 1364.288
2765.070 1359.927
2566.981 1361.355
2483.767 1624.632
2686.320 1479.197
2586.811 1293.553
2685.302 1707.598
2728.308 1380.987
2732.066 1358.526
2537.047 1595.285
2402.489 1724.095
2691.219 1372.970
2761.482 1362.521
2641.562 1627.350
2591.648 1466.276
2590.041 1325.403
2620.816 1326.741
2618.681 1501.220
2496.965 1544.512
2550.640 1484.159
2409.553 1336.638
2383.090 1447.806
2624.090 1577.574
2709.855 1727.049
2798.257 1436.140
2582.658 1636.088
2498.503 1547.247
2814.605 1332.004
2598.455 1488.325
2633.836 1445.715
2404.191 1429.336
2716.950 1704.923
2403.577 1728.056
2517.609 1721.914
2471.631 1480.296
2768.966 1507.580
2786.616 1291.734
2702.252 1432.977
2382.614 1472.562
2594.659 1333.105
2640.444 1724.990
2531.063 1686.811
2803.515 1554.614
2749.695 1627.676
2438.362 1657.358
2744.974 1292.441
2579.004 1290.889
2562.542 1432.797
2729.674 1288.590
2745.451 1527.711
2616.396 1377.211
2693.770 1459.577
2457.288 1413.580
2625.699 1376.739
2713.076 1681.249
2779.667 1489.702
2662.001 1430.618
2632.005 1445.045
2687.535 1392.743
2581.022 1556.352
2385.240 1497.211
2741.329 1505.550
2683.401 1379.528
2439.398 1286.921
2546.998 1681.738
2540.581 1430.635
2497.735 1629.311
2783.237 1622.374
2449.645 1457.243
2621.867 1338.275
2719.743 1576.905
2532.899 1298.941
2436.204 1482.384
2693.128 1416.716
2403.809 1296.395
2603.784 1328.760
2418.508 1403.017
2496.273 1287.305
2698.060 1719.391
2521.795 1591.943
2581.411 1708.167
2742.396 1280.834
2457.800 1513.402
2430.743 1583.873
2533.460 1308.085
2370.024 1449.707
2663.334 1408.119
2682.790 1287.585
2716.082 1537.463
2722.783 1282.322
2725.022 1565.966
2429.899 1621.422
2689.486 1638.796
2762.518 1588.547
2784.599 1291.399
2721.522 1708.527
2652.134 1378.498
2633.927 1596.985
2682.437 1696.252
2584.797 1288.245
2548.784 1395.086
2423.863 1292.803
2794.714 1343.034
2718.292 1717.387
2532.696 1731.079
2781.297 1548.221
2500.136 1449.002
2522.124 1662.941
2389.300 1710.906
2409.548 1503.407
2659.586 1579.506
2714.417 1486.798
2817.492 1671.144
2791.738 1372.148
2503.158 1645.551
2423.097 1349.131
2616.425 1683.179
2566.245 1319.042
2525.655 1662.271
2574.232 1400.719
2425.735 1360.001
2742.869 1365.053
2527.228 1653.021
2521.946 1668.475
2522.772 1493.201
2813.162 1482.118
2703.995 1340.447
2440.483 1583.090
2716.137 1586.350
2799.295 1452.559
2433.347 1593.075
2768.337 1490.084
2686.153 1326.525
2585.464 1420.783
2630.248 1436.069
2370.825 1412.913
2573.890 1435.907
2611.565 1562.736
2640.345 1514.636
2485.306 1550.381
2556.607 1292.828
2657.831 1467.936
2516.232 1654.330
2573.771 1594.647
2377.017 1619.792
2485.652 1388.379
2473.870 1318.348
2531.895 1384.588
2668.690 1373.265
2666.664 1651.461
2757.328 1688.517
2577.991 1394.374
2660.548 1508.916
2469.305 1510.050
2520.131 1443.853
2438.579 1406.300
2595.348 1633.178
2480.189 1287.697
2426.097 1450.929
2495.328 1487.019
2485.472 1415.430
2683.535 1612.635
2782.317 1698.499
2413.485 1367.033
2638.022 1636.432
2573.122 1521.053
2512.392 1691.004
2753.451 1681.482
2530.525 1389.682
2551.943 1497.641
2714.658 1528.574
2442.611 1672.592
2742.274 1620.659
2570.381 1614.747
2762.898 1552.355
2712.665 1357.622
2594.193 1443.508
2500.654 1517.150
2701.595 1720.029
2579.409 1724.742
2422.369 1585.875
2545.206 1528.975
2771.909 1435.337
2454.496 1363.693
2695.352 1456.349
2647.340 1651.833
2460.660 1299.697
2464.524 1685.185
2564.373 1381.585
2774.804 1534.881
2754.809 1314.277
2421.354 1517.669
2724.270 1483.669
2779.738 1303.922
2681.946 1467.904
2652.093 1336.731
2498.950 1562.077
2544.544 1437.206
2699.205 1574.430
2603.651 1330.851
2426.797 1367.745
2474.400 1531.510
2666.351 1601.094
2437.453 1473.392
2751.179 1613.471
2653.813 1629.397
2392.029 1674.186
2522.720 1298.964
2402.081 1603.723
2504.593 1413.915
2374.760 1404.698
2471.576 1460.193
2466.560 1499.241
2784.399 1382.440
2763.840 1598.540
2418.808 1378.224
2619.410 1720.127
2636.225 1504.886
2677.236 1570.039
2458.127 1488.083
2752.782 1414.455
2443.606 1514.205
2658.232 1425.380
2809.675 1676.294
2495.492 1538.393
2806.522 1694.920
2392.391 1524.365
2821.428 1309.174
2814.390 1481.583
2802.252 1708.699
2413.139 1566.861
2658.073 1395.810
2632.770 1393.393
2560.974 1507.948
2549.881 1400.369
2420.234 1644.013
2773.630 1464.305
2804.937 1540.245
2418.938 1690.037
2654.898 1389.244
2570.293 1686.550
2500.302 1692.883
2670.505 1568.112
2448.179 1715.342
2664.457 1647.049
2823.404 1640.887
2495.325 1484.963
2419.992 1311.636
2637.349 1505.510
2644.219 1496.793
2747.683 1702.419
2767.757 1309.633
2674.680 1502.454
2384.075 1516.559
2717.121 1573.684
2392.703 1579.632
2553.699 1350.340
2618.084 1291.488
2584.222 1521.831
2466.517 1376.339
2543.213 1606.020
2439.609 1481.446
2535.284 1534.229
2515.926 1509.496
2405.405 1721.179
2765.934 1617.131
2513.410 1675.255
2595.810 1717.156
2492.797 1462.216
2805.089 1606.626
2482.134 1505.232
2521.734 1531.517
2808.237 1499.813
2467.724 1461.272
2396.964 1510.198
2614.443 1446.681
2711.540 1662.476
2668.135 1342.682
2625.677 1485.270
2699.907 1718.677
2509.388 1526.245
2625.179 1387.337
2752.322 1388.047
2599.675 1581.676
2483.532 1431.165
2681.917 1435.390
2563.512 1422.434
2553.316 1604.922
2485.637 1660.095
2430.993 1388.072
2387.983 1306.558
2559.778 1512.761
2774.505 1415.094
2804.746 1417.809
2484.108 1540.095
2670.397 1515.788
2603.791 1642.048
2454.341 1547.784
2807.188 1522.800
2605.519 1493.578
2816.005 1544.389
2754.219 1323.391
2768.508 1621.299
2673.700 1616.437
2658.571 1511.452
2635.059 1427.252
2430.245 1682.280
2463.354 1462.450
2785.265 1531.535
2722.993 1568.688
2819.118 1612.232
2389.908 1516.121
2626.575 1423.378
2497.550 1448.455
2717.701 1571.337
2409.046 1377.934
2574.047 1623.005
2720.141 1282.485
2585.739 1694.078
2395.529 1353.949
2565.007 1296.194
2775.212 1358.119
2403.946 1355.087
2715.444 1411.627
2669.649 1432.127
2419.715 1359.452
2463.691 1404.897
2663.169 1430.318
2379.377 1587.445
2653.111 1679.203
2580.761 1293.857
2687.331 1357.634
2376.811 1300.391
2437.198 1391.991
2757.701 1342.328
2593.290 1660.179
2593.906 1568.017
2816.055 1686.397
2381.631 1550.592
2636.451 1284.574
2743.359 1319.835
2646.545 1312.388
2549.673 1445.855
2475.756 1334.322
2624.649 1515.632
2737.116 1539.155
2792.572 1418.531
2789.084 1451.714
2810.611 1327.792
2380.167 1455.490
2454.532 1460.939
2554.393 1297.831
2707.210 1328.707
2436.250 1316.222
2412.719 1525.239
2490.530 1363.406
2633.775 1332.559
2567.404 1528.213
2714.396 1491.386
2385.100 1697.911
2573.277 1601.908
2777.058 1369.095
2636.615 1421.753
2478.501 1457.074
2587.671 1721.854
2671.460 1444.538
2473.269 1573.332
2480.726 1413.503
2660.742 1431.418
2706.854 1694.564
2512.297 1457.035
2397.561 1574.971
2444.153 1288.997
2442.104 1506.738
2578.546 1574.235
2380.420 1420.595
2442.349 1582.457
2773.927 1310.883
2642.114 1546.670
2446.785 1666.692
2805.659 1623.699
2609.398 1357.950
2652.960 1708.710
2614.889 1544.526
2796.877 1517.415
2616.117 1339.457
2665.195 1610.883
2442.395 1668.336
2816.928 1407.764
2433.102 1642.371
2628.311 1427.892
2659.089 1715.533
2511.251 1488.240
2564.013 1371.860
2673.295 1576.510
2424.724 1290.458
2656.906 1390.142
2377.320 1316.520
2763.574 1337.567
2621.247 1681.152
2709.297 1354.843
2653.279 1476.997
2636.024 1567.979
2747.593 1538.780
2442.009 1590.080
2684.456 1405.387
2426.972 1726.081
2741.373 1719.701
2567.069 1320.705
2789.238 1715.250
2452.146 1293.596
2499.671 1682.855
2722.281 1490.213
2424.791 1597.870
2443.065 1437.757
2699.764 1729.976
2583.286 1282.555
2514.095 1436.177
2534.484 1614.189
2379.211 1532.327
2475.760 1516.625
2765.438 1637.191
2600.100 1406.849
2440.009 1415.985
2698.827 1605.032
4009.377 4552.672
1931.651 4208.444
4695.776 4541.674
1815.023 4693.712
4333.131 3845.776
4183.627 4272.748
773.787 4799.502
4773.184 2570.409
4324.248 611.457
4447.663 4681.755
4826.073 4349.577
4500.172 1778.635
4705.951 4628.639
2242.094 4460.502
69.460 3457.272
4224.237 3164.337
824.565 699.591
499.999 2256.867
1818.500 96.243
4830.931 1639.355
4611.228 1467.687
3568.876 4378.300
1861.382 751.231
3844.783 1459.945
517.170 424.227
167.521 2479.576
3320.155 173.159
1241.298 4927.981
4973.663 732.295
59.186 1759.317
766.444 730.004
187.851 1560.770
1934.893 4069.881
3492.867 910.758
186.142 1466.478
782.570 1159.840
1055.315 4528.208
8.662 1847.423
4130.435 308.307
3000.031 681.772
920.438 3796.784
1182.324 3718.991
1526.527 4240.163
4136.661 1146.608
1710.083 4253.756
2208.705 248.115
3824.255 4551.538
2894.868 285.624
541.887 777.122
2045.065 4982.310
291.909 1108.733
4944.743 2457.501
4690.640 1035.500
11.836 2223.037
1110.279 1235.487
4332.764 1226.488
1006.356 237.487
1208.874 4601.762
1106.022 1479.169
144.396 7.758
4888.993 785.109
4951.534 674.329
4737.642 1445.519
3528.260 71.830
638.006 492.638
4603.058 4533.857
1587.046 3895.144
2396.348 58.455
4958.920 374.686
3689.271 4425.286
4096.271 4921.306
3350.341 4983.786
786.167 610.304
4985.944 2677.833
267.265 3671.170
1443.500 1101.479
1083.098 111.558
4579.139 1700.974
4188.121 1673.873
4540.355 1734.016
4688.082 2279.910
837.855 3860.479
157.963 2405.719
23.344 3207.339
1644.674 348.675
1315.488 4346.260
3685.194 4075.851
4915.788 2976.265
4087.197 4972.552
4670.080 4249.105
1060.457 4324.837
1130.086 4253.140
3743.931 4531.661
4711.096 1283.591
3975.957 1377.009
957.217 4851.952
445.704 3042.126
2667.672 146.826
69.217 3817.784
4919.499 3055.102
3248.698 4806.270
1143.081 65.945
736.138 2114.442
1460.077 3841.338
554.285 1625.108
1770.303 4083.239
553.573 2789.965
4364.438 2879.410
3006.750 351.563
4779.575 1200.418
4484.424 4231.342
1286.010 141.991
2294.388 193.913
981.666 3622.998
4589.304 1901.723
1501.407 1174.350
1626.428 4489.139
1522.190 4743.326
1236.767 571.836
2467.105 4852.462
372.109 2540.197
3251.450 4314.577
4557.590 3914.033
4876.123 4437.882
4926.246 4714.096
3421.552 710.976
601.913 3076.528
3920.072 4068.785
245.022 1616.605
3562.169 4265.477
1005.388 1233.101
632.018 4137.579
4726.908 4989.758
2253.432 430.557
556.155 4401.933
1060.645 439.213
1243.578 929.088
4430.244 4112.134
105.180 1036.099
1502.845 669.915
2142.513 4804.702
619.382 3200.109
4451.515 1885.980
4238.974 3409.746
4108.387 4155.945
2059.352 4895.866
940.014 4237.153
4838.874 2123.386
4333.178 737.001
4100.202 4612.052
2036.700 12.800
4856.088 592.456
1982.965 4192.375
3796.730 4472.885
816.584 3702.500
1394.763 841.498
553.627 4518.233
4197.256 3618.383
933.926 1929.191
3644.606 878.115
2287.691 70.877
2085.894 323.093
3406.703 4460.980
4795.669 2846.474
4377.086 1221.114
835.566 1901.996
4035.039 978.251
4542.240 4552.841
1486.335 4029.824
1661.125 4810.582
199.453 4709.499
4942.788 3183.558
1655.309 752.858
1954.846 518.720
1348.088 4735.876
1855.876 4737.726
15.356 2674.555
962.411 1199.249
3246.902 47.777
264.933 221.324
363.518 3179.487
3410.288 4843.166
38.599 369.210
3865.906 4483.639
1872.621 276.763
4951.873 375.240
235.323 2923.326
1868.272 4894.225
4212.532 4293.435
4386.772 628.838
4260.557 423.931
1093.597 4979.786
3412.582 4303.729
1276.696 1041.868
1620.064 659.173
1821.648 4858.592
4197.373 1189.100
4587.962 1236.268
1773.429 968.750
1188.241 725.259
3565.494 421.109
4854.585 3703.784
1283.687 4491.207
4004.075 4578.993
4288.817 524.814
1597.576 47.445
1115.789 4357.264
2350.201 4445.130
880.936 1443.910
626.997 4433.421
825.483 1945.926
974.799 873.497
2169.563 677.208
2335.531 4745.091
4689.211 1717.906
850.622 2011.456
4048.463 693.958
1009.930 88.335
388.896 84.919
3963.261 4939.000
2281.714 89.788
3736.332 3862.539
239.126 3045.975
4287.542 1653.587
1288.592 4830.296
2910.901 257.599
2279.663 4560.545
1588.433 335.048
429.905 347.805
2051.533 4544.617
206.212 644.584
4028.148 1256.072
4128.096 3527.556
3565.422 3792.102
427.557 3887.604
1043.934 9.903
394.758 998.283
776.031 942.499
1486.167 4112.760
4758.482 2690.154
2068.844 4895.188
856.731 1956.937
914.151 4377.486
4569.305 214.678
4975.003 169.730
499.625 4326.216
2011.841 4509.483
2.698 677.861
3139.992 4692.431
718.642 2001.388
4121.100 3364.140
4241.352 1110.300
3641.580 4544.032
4919.370 1306.382
4145.375 4985.920
4420.219 3585.338
1360.491 4231.544
8.814 2909.341
1735.993 712.413
1447.581 718.532
2427.117 4502.330
1206.324 4425.467
3504.277 4167.766
560.694 3428.543
4172.095 1190.036
1642.510 4863.751
1925.860 4793.988
92.658 4980.974
4985.535 3492.955
881.785 407.095
4998.128 3276.165
3873.083 499.432
202.977 3996.733
1975.163 4636.353
581.067 607.153
3688.962 4973.854
511.281 451.316
470.890 2121.527
4447.484 4548.781
4106.867 42.481
4582.179 4576.555
1751.300 649.683
3352.784 250.138
4526.282 4910.626
3663.526 4580.860
3796.903 4493.504
3671.948 4332.832
4046.829 3494.605
3802.861 4806.734
286.540 3418.893
528.052 4556.335
604.747 3978.482
3698.416 4828.485
4479.295 1626.054
3352.677 4596.827
463.691 3780.105
243.534 2438.102
3349.280 154.235
1476.023 4141.729
4935.317 4076.680
4444.722 1841.328
4072.497 1100.605
1734.119 787.949
4573.250 303.526
603.307 93.344
1692.686 4297.260
907.544 3781.566
0.607 3985.001
4853.886 2798.486
4386.340 3872.579
789.516 1418.101
4134.883 4990.014
1892.167 741.692
4539.812 2444.440
253.827 645.575
4278.809 872.995
2697.986 283.608
3327.567 4927.506
429.842 936.110
750.508 1458.103
363.522 1244.035
895.642 1208.318
75.637 1798.256
2200.923 423.883
1751.443 4328.525
1215.214 428.070
4299.106 1614.667
905.353 233.576
1527.703 867.996
851.349 3637.719
1749.709 478.981
3788.613 4264.874
4344.498 3950.365
2760.987 4615.686
27.985 4512.660
2269.876 4954.085
4920.473 1535.475
1734.983 482.387
3368.890 4169.868
126.000 2868.784
4162.844 989.855
4296.433 3640.204
4832.285 3807.750
876.185 1201.135
899.755 403.448
4689.424 2719.523
954.505 1219.041
2881.625 4532.094
3339.474 4179.968
2446.110 4509.444
720.576 3198.899
661.571 1489.776
731.898 3124.107
3434.143 4139.476
292.763 911.971
1344.796 277.580
1225.306 4653.790
1792.930 411.804
3844.544 303.042
223.421 488.405
4446.223 3293.315
4247.699 4583.193
717.961 4700.647
414.975 929.824
573.134 230.590
689.239 4972.559
3682.342 338.368
1387.879 1245.072
4574.332 160.492
4900.815 1531.939
3647.956 338.577
4199.283 180.316
178.348 1495.088
4532.134 3281.865
2541.417 4955.329
4397.537 3393.068
3811.119 367.474
921.043 391.739
749.794 3115.938
3091.397 481.736
3985.202 3496.237
4968.840 2058.430
4166.976 1823.152
4952.954 717.269
2961.781 4950.809
4720.510 4157.876
1377.188 1127.766
4717.419 4769.935
4279.485 494.313
480.461 4342.273
88.282 1976.154
4143.416 3096.915
177.623 2058.012
4558.295 786.165
4076.344 4721.139
4399.732 2299.518
599.382 2059.468
4926.661 2548.806
2389.415 4769.636
406.613 2577.171
640.586 3543.654
2327.165 4524.988
4188.913 3066.298
4107.019 1358.929
1868.689 466.668
2310.451 4813.364
4950.856 2425.565
4361.423 3397.502
458.417 4799.699
2267.096 447.423
3878.508 117.143
466.722 1210.314
642.864 3061.042
592.766 4566.220
4487.367 568.357
859.032 11.880
336.902 3101.872
4682.045 1481.148
4931.170 1592.918
2867.633 505.851
3711.129 1026.684
4079.675 1405.913
4922.185 2516.784
4116.497 385.746
451.518 2548.243
1344.019 4583.389
3509.412 62.480
1138.738 4668.739
160.409 4537.745
4848.410 1734.847
1126.612 124.559
3601.805 4563.477
1822.064 4145.105
2084.554 4759.286
32.040 1141.456
4680.507 248.699
4620.320 4285.402
943.484 1651.499
1114.702 4368.363
4169.898 3504.496
130.423 1828.241
4834.118 4636.972
4489.744 1644.291
3381.073 790.733
1377.624 4220.846
417.548 4703.454
353.122 4780.404
4357.217 3069.709
477.336 380.561
3331.729 4332.499
1334.986 43.677
4777.338 4986.974
4170.774 4901.449
3410.475 130.906
292.592 2.563
1492.674 1020.939
2551.746 4941.548
627.796 3898.067
4358.911 634.171
439.518 1609.310
4250.577 3231.078
116.305 2823.866
3241.587 549.404
1201.486 4335.343
790.179 4748.453
2613.809 4491.639
3811.663 4220.441
4919.946 861.166
1816.087 841.476
934.538 1733.158
4711.934 462.369
4681.214 4322.586
4037.432 4011.199
3991.887 4553.607
4734.630 4419.779
2012.159 65.651
4944.930 4678.009
4062.912 4161.863
3435.645 4849.164
875.544 4251.769
4516.799 2019.995
2216.003 4774.608
4849.147 3448.322
491.125 3193.896
2561.481 484.448
523.896 2598.997
3156.059 4536.838
3979.646 3830.390
4027.243 1547.416
4767.011 1399.958
85.715 1673.976
1726.414 495.135
4613.443 2638.376
2100.961 9.771
1202.029 518.361
4323.407 3509.141
3171.623 601.522
3690.556 928.860
4937.632 2729.949
646.480 1262.023
4261.997 3326.665
619.295 771.924
537.573 4201.878
1003.759 4164.846
965.878 3568.343
4636.425 4495.455
1267.795 3801.079
2699.158 4739.733
4288.732 4314.252
4849.484 879.899
1324.738 4624.332
3274.793 531.530
4570.753 1351.446
1119.788 243.592
4431.730 2758.884
109.279 402.968
4773.631 3557.965
897.563 768.528
3446.189 868.263
2239.526 404.265
1313.525 4494.728
3884.829 4317.462
4765.249 3678.823
4067.866 4951.445
4704.695 4478.519
1503.899 4528.684
3116.473 4766.970
102.370 2021.484
847.812 1168.044
1612.552 4129.270
214.057 384.153
856.594 1361.685
4961.886 1418.390
305.143 854.251
1463.321 573.318
1240.522 4111.445
3355.903 120.430
506.794 3990.765
756.716 92.345
1515.347 4478.696
305.975 683.928
581.482 1561.184
3693.867 4099.605
102.051 3277.593
499.674 2219.659
1101.167 4367.877
632.660 2138.498
2296.695 206.083
4802.675 1017.267
2616.236 496.139
3696.902 402.116
2075.959 133.781
1381.206 277.364
4530.956 2468.149
235.954 4349.541
308.807 2276.903
486.658 4885.041
1645.182 814.675
4460.851 825.715
4835.328 2187.208
4785.815 3974.206
1077.259 4615.351
4894.188 1308.301
4753.272 3679.113
1392.788 4544.386
4323.057 3351.418
3866.303 4251.045
4606.153 4520.877
4549.389 1998.138
4612.168 2949.794
869.217 1799.566
2114.587 20.074
4368.027 2157.020
1979.883 4199.619
1812.027 4294.069
425.098 2921.252
2885.126 336.930
1923.706 355.410
1150.471 1180.853
3848.717 4047.408
126.527 3183.754
669.483 4907.866
4662.345 4775.523
4654.149 235.654
1150.132 1352.201
3110.201 763.201
4637.259 1717.207
3244.133 619.203
913.899 3937.091
2664.240 221.320
3720.826 3971.685
470.136 4617.633
4855.199 1394.720
4379.401 1596.105
1161.057 4598.684
4648.065 2253.561
4192.658 3731.868
1378.993 4019.769
4177.838 3155.993
4004.976 3957.328
3117.034 534.222
4484.956 292.710
4273.601 3226.348
2066.946 4793.553
4234.946 1145.622
1974.098 4479.924
988.400 3732.451
4606.219 4758.559
211.424 2959.572
1304.265 288.318
4147.256 159.229
112.330 4884.658
2952.108 4919.870
3496.211 692.871
4665.386 4406.517
4706.075 3793.480
3795.630 4888.845
139.579 3992.946
3610.299 169.698
333.323 3014.362
4932.384 3343.069
831.187 4209.336
496.252 3222.914
339.900 2631.626
4642.041 792.274
723.635 696.698
2391.542 393.619
338.750 2137.718
3794.140 4490.142
2645.293 4849.634
4048.943 4244.285
3726.721 7.967
1890.411 4279.850
1293.140 4080.508
1950.279 4482.975
2955.540 4788.720
277.482 3686.838
851.247 3949.385
2679.946 90.046
4913.065 1975.546
4428.095 178.518
212.193 3757.160
1599.148 512.546
3483.268 4680.149
380.575 1376.512
4274.430 667.846
2135.887 697.364
4501.996 3762.596
788.322 3303.647
377.718 1199.939
1695.209 4450.954
877.411 991.236
186.328 4431.232
4679.272 1265.629
3339.980 446.910
4949.217 2991.195
4532.514 2867.799
2195.452 4815.825
3637.096 208.957
774.437 3186.149
2150.242 4333.939
428.348 3308.086
2413.499 127.448
743.816 4252.532
78.524 739.105
260.973 675.991
4774.893 568.877
1014.285 1139.485
3701.813 835.616
4100.056 4731.683
671.731 1291.863
1554.401 1105.267
493.667 1237.374
765.144 1969.596
4181.122 1815.132
2821.665 280.373
708.430 4301.155
770.455 4377.121
1559.021 558.309
4633.954 2624.233
4702.257 2721.840
14.965 142.229
33.282 867.331
354.345 4861.145
1785.865 902.751
2211.565 556.501
3416.082 876.522
2413.501 4761.836
152.520 4830.811
3496.152 4790.666
2185.397 159.398
4046.444 4860.655
1440.692 3968.126
3968.570 4005.260
4813.225 1286.453
3407.322 786.971
265.737 3322.482
4452.023 3357.376
2721.939 4744.034
4329.954 857.860
4346.264 854.465
3997.600 1526.340
4938.905 2098.711
3919.011 175.088
4383.053 3590.133
4675.110 1644.496
1028.099 3976.991
792.882 4233.031
4595.448 3430.251
4055.636 4286.883
4554.326 3199.245
4060.423 571.796
1147.454 445.451
2122.408 468.026
3383.991 458.793
3807.436 835.476
73.496 2024.184
4197.583 775.642
3985.312 3805.680
3537.876 346.967
2970.379 4400.997
4560.185 4072.518
4988.354 3361.012
1375.214 4673.039
1545.918 123.069
1182.756 3840.864
1315.918 642.577
4640.820 3787.409
324.535 309.910
40.946 1906.775
649.104 892.948
3710.178 49.815
4518.049 1278.637
4518.256 2880.821
1014.690 1188.572
567.002 3832.660
4723.225 180.361
1430.229 4377.332
1616.907 4447.541
4914.975 1612.484
3604.047 1082.975
491.077 4237.623
793.074 1129.621
2246.447 661.320
2057.087 4349.886
3283.085 152.454
780.228 1330.690
1545.448 484.496
1831.858 4148.096
4200.842 4766.613
2387.086 4674.958
4675.410 4385.007
4975.316 2908.350
817.676 1073.479
1104.466 3852.859
2294.467 4458.126
1343.095 4438.193
1268.436 1163.370
2884.555 4658.960
3912.727 4233.114
1528.748 997.415
1963.508 4451.976
4980.512 3007.027
4143.721 3924.931
2111.095 4709.758
4966.019 4720.937
2073.316 334.726
4727.290 694.217
3531.995 226.838
4427.418 4873.532
668.887 4988.872
1151.639 1547.590
1238.156 187.663
2769.205 4396.613
910.773 510.365
1150.149 532.867
4432.183 3380.359
3245.685 135.373
3223.691 56.217
3632.417 60.069
1232.495 851.236
4325.189 557.782
1284.371 3637.801
4943.788 1758.693
3758.799 1229.536
4407.747 3307.740
3283.099 4617.681
4296.685 82.456
493.620 4759.739
458.408 2556.528
4164.599 1471.043
3461.232 4261.633
4675.896 3351.021
3489.213 836.114
1077.371 302.754
58.929 342.002
4985.487 973.347
4499.489 777.739
702.582 1036.808
458.246 4637.846
993.896 350.209
4089.444 1184.284
881.546 1105.525
2945.973 4749.810
580.137 256.618
1838.401 916.925
3138.174 115.775
3407.594 838.404
4465.094 570.301
3173.333 120.962
4871.542 1110.774
3643.638 3802.473
4504.579 445.259
4932.324 4982.988
3794.263 51.447
100.773 4267.301
123.380 4795.130
2102.043 4457.241
2469.098 27.658
1530.826 4457.601
429.522 3353.321
531.571 1002.547
3393.997 4458.813
3844.237 4814.766
368.786 2312.147
156.894 2794.908
4613.757 4507.737
4263.097 4425.349
4929.416 2094.504
290.269 4767.811
524.264 2463.301
59.899 1833.624
1251.003 178.752
4531.939 3361.384
3586.408 4305.627
4337.873 3326.143
1604.198 569.633
619.306 3485.820
3660.497 189.471
2456.811 162.260
1070.102 4778.733
4712.732 4200.722
4234.436 4002.918
2437.143 215.435
1275.146 321.681
41.378 2765.381
4842.325 3357.663
1011.952 4574.396
830.662 3667.103
1156.553 450.781
3296.804 4956.175
4492.592 2024.086
630.025 351.892
4669.579 283.716
1453.712 4914.261
4417.596 197.100
1361.043 969.173
1555.364 349.230
4646.693 2346.537
151.415 3418.111
1725.144 964.192
876.249 4233.210
1057.882 1528.499
311.158 4657.384
254.956 13.207
4011.928 1397.699
1020.718 4241.703
2411.654 467.786
1058.929 4588.658
3929.313 116.248
3265.778 4311.424
4544.091 4188.515
3723.095 4088.112
4382.142 3139.556
1351.940 4446.122
237.482 1462.709
4932.579 3612.821
1187.881 4777.944
3150.349 4336.981
605.377 937.681
2083.489 4691.535
4803.332 4224.306
490.736 152.778
2369.625 4841.267
123.217 270.000
4568.779 3703.354
641.581 3641.208
552.554 547.640
4473.021 2229.257
1186.276 4345.628
2686.783 417.423
1830.568 4343.921
3734.234 4847.380
1221.598 1413.515
4811.559 967.529
581.898 311.471
899.942 729.834
479.021 2441.980
4831.582 1688.681
666.879 4555.726
4676.801 3945.257
4843.959 758.766
2235.299 4927.705
4191.722 1017.860
2032.201 583.770
3873.135 4845.449
4136.158 3822.187
1826.351 38.050
431.448 2314.407
3483.716 787.237
2345.749 4634.025
4639.811 3868.310
1941.982 4985.960
621.223 3613.838
4057.808 833.905
4827.366 2075.961
4785.525 1291.379
3759.951 4566.062
3730.165 1154.126
59.044 3056.398
780.358 3981.186
2003.454 4789.496
87.137 4863.890
340.793 4992.315
4957.994 4469.259
84.887 798.154
4569.175 3825.030
4635.875 2103.615
617.408 2980.878
1762.144 4284.503
3708.947 786.803
4506.439 1205.490
3392.098 708.816
4725.930 1308.041
954.458 3784.600
1863.396 4729.453
3765.392 1022.415
3892.144 3868.579
497.151 520.802
4714.053 265.700
486.206 893.867
3109.013 157.475
1124.873 4788.339
1334.668 1181.894
2844.663 4387.348
3210.580 4786.597
1087.581 4996.742
4643.974 2289.434
3816.716 4218.230
413.498 2156.001
2550.656 137.002
28.253 2428.990
31.277 3724.806
4060.482 4932.404
3049.701 521.236
1520.248 4435.948
4894.945 2830.680
491.022 616.570
4972.984 652.896
322.688 1228.897
2748.784 4386.225
3864.611 338.636
267.294 3860.066
288.125 1822.555
4856.271 641.979
550.874 4070.800
139.610 934.318
4716.935 3450.147
4436.777 4650.236
981.398 4849.167
4649.763 3061.620
578.614 4531.337
2629.605 4414.868
3829.024 719.861
1188.558 3514.586
3999.608 3290.856
3941.201 341.045
129.606 434.053
454.188 3212.225
360.376 4170.951
4671.179 114.691
1492.002 725.751
4345.215 804.676
89.266 1860.930
4605.713 2342.647
4303.366 559.740
1764.813 104.588
475.775 1680.967
3694.740 4647.134
627.916 3085.865
641.262 777.255
200.107 4182.829
4791.225 482.587
2578.435 4438.464
36.978 1869.501
4933.041 147.904
187.869 2445.666
1863.830 528.690
4323.316 4586.752
1476.347 1010.049
159.591 3022.994
4102.807 3749.528
4054.931 3357.777
4552.141 2533.982
711.954 1932.449
2456.642 4708.576
467.373 71.955
2605.640 4945.122
4920.009 318.311
885.190 86.388
3475.417 3996.120
4728.522 3069.220
1967.849 614.632
848.927 4180.629
591.538 1809.977
4492.491 4109.318
394.058 1607.185
2438.453 4457.932
426.771 1748.284
1915.546 200.195
764.547 1041.440
3694.947 4043.584
927.956 4838.582
238.412 2276.058
207.225 4924.930
981.664 1668.926
1403.597 184.645
628.172 4221.117
1281.164 4970.438
3333.653 908.599
519.107 1504.758
2372.683 109.871
4586.139 4395.201
2584.961 319.851
457.658 2639.737
802.416 1908.489
359.448 1650.819
4370.041 4112.250
2392.603 191.049
1314.319 4842.786
441.991 1000.209
3761.611 4829.058
138.178 3913.598
1060.258 4546.255
3266.699 4561.584
638.836 1036.774
3368.483 292.214
572.870 4857.278
576.142 265.285
63.521 2208.637
3586.387 465.106
4148.238 3212.146
3684.610 171.552
4635.789 954.122
1385.310 593.672
769.643 998.001
241.438 4394.357
377.653 2861.644
3887.751 4907.523
4864.997 3432.779
3348.336 188.392
1165.597 506.427
2312.666 4799.275
4442.400 3245.625
255.823 3647.440
1033.089 1577.428
4568.546 154.682
3756.889 530.742
4892.089 3209.123
2970.402 4867.156
4659.715 3079.039
1645.907 4064.665
762.427 665.501
535.606 567.704
133.127 2822.752
3974.540 129.581
4349.699 3569.842
1181.203 320.561
2712.925 90.706
3210.112 4276.421
102.220 4727.638
577.876 4543.468
402.131 3901.164
1886.826 4478.434
799.228 4242.635
2472.344 40.157
1215.631 1357.603
4899.475 1315.690
239.535 4191.355
4237.849 957.563
3427.815 538.551
2987.303 176.434
4587.154 3097.903
4695.068 4488.091
2285.763 4839.581
3906.213 902.070
1002.043 1346.159
4295.379 4736.205
672.617 1880.049
4403.189 4540.010
3713.314 1000.700
3262.629 4429.669
3301.116 298.593
4714.302 4405.692
3306.528 4528.748
4802.133 2200.135
2774.948 39.195
1475.966 3821.582
1087.307 201.546
3553.068 4377.125
910.634 60.042
3126.285 4279.171
254.509 3830.739
2489.540 4685.957
1068.895 4496.407
4942.416 2032.428
701.058 3321.927
358.127 1836.814
97.428 4893.849
964.298 3385.919
4808.103 1802.742
3047.163 4797.137
3670.804 3886.971
