25000 10
50.0 50.0
46.248 29.315
53.046 23.233
10.532 40.692
72.489 53.658
43.298 19.693
59.644 51.787
0.0 100.0
22.361 59.049
42.361 5.948
30.882 45.719
21.498 49.053
38.234 10.235
36.37 37.405
56.68 67.719
0.0 100.0
35.871 25.605
31.718 46.844
24.615 44.946
65.321 72.888
44.28 26.908
11.328 56.055
76.698 81.189
21.265 46.05
63.258 37.168
19.874 42.61
0.0 100.0
65.398 55.605
0.0 100.0
40.833 13.75
36.312 23.726
40.577 29.84
79.571 52.862
26.269 57.432
46.721 19.516
57.155 26.459
49.381 40.739
0.0 100.0
60.842 30.37
34.246 25.51
0.0 100.0
30.847 53.796
43.238 17.294
17.411 56.043
61.164 24.247
0.0 100.0
40.431 26.416
0.0 100.0
46.124 19.426
62.014 27.761
16.525 54.227
68.804 80.866
42.466 20.63
18.18 60.74
0.0 100.0
48.342 29.974
76.014 33.031
60.776 22.11
56.195 22.125
26.52 46.489
40.179 42.248
71.838 74.231
37.485 31.796
16.354 60.743
15.933 47.325
63.658 67.98
59.568 16.586
85.614 60.09
81.114 41.037
47.221 23.629
41.649 26.21
72.627 63.751
0.0 100.0
18.868 54.064
37.239 59.414
61.582 29.975
58.578 32.859
0.0 100.0
69.41 79.281
64.391 28.391
66.966 43.246
0.0 100.0
9.552 49.29
0.0 100.0
69.609 59.213
79.708 50.878
18.647 64.475
18.243 42.829
66.725 35.59
0.0 100.0
38.813 52.717
0.0 100.0
39.826 24.359
15.321 48.583
48.884 33.01
21.576 37.884
0.0 100.0
65.572 74.113
17.988 41.13
57.154 34.396
54.792 32.537
0.0 100.0
25.795 49.361
75.94 68.866
61.756 27.172
0.0 100.0
32.512 7.908
58.394 21.877
30.844 43.532
63.791 43.962
6.553 57.517
67.824 27.328
0.0 100.0
19.599 42.963
45.111 25.711
35.599 24.868
67.454 65.587
62.942 64.619
32.779 15.944
55.191 18.546
0.0 100.0
70.498 67.871
49.478 38.51
70.083 44.908
21.514 56.831
63.68 50.366
80.986 69.318
53.878 21.389
24.797 8.906
64.214 72.772
72.095 26.044
33.093 49.784
0.0 100.0
0.0 100.0
50.616 35.405
20.692 63.086
51.575 16.411
0.0 100.0
20.987 44.746
46.396 7.525
74.053 71.092
51.023 14.735
50.629 36.266
0.0 100.0
54.735 29.332
73.836 59.723
72.975 31.797
22.317 39.895
22.822 44.047
46.77 19.951
54.671 15.944
0.0 100.0
0.0 100.0
43.789 15.119
38.247 21.708
24.718 42.227
61.458 66.097
38.602 15.262
56.092 57.318
47.674 6.114
61.195 44.599
37.294 30.305
45.716 17.789
68.9 57.785
75.03 58.839
0.0 100.0
25.62 43.719
9.28 60.031
75.829 39.814
39.292 27.087
50.786 24.267
43.165 44.171
25.655 63.415
0.0 100.0
53.58 76.337
49.479 9.738
80.718 69.758
32.547 49.025
6.95 61.885
0.0 100.0
47.927 20.649
83.018 58.591
58.218 23.613
44.875 15.791
68.035 79.717
0.0 100.0
62.353 64.423
38.946 20.815
58.143 29.703
68.499 64.359
65.817 77.558
0.0 100.0
20.969 49.679
56.381 42.235
33.91 16.141
72.634 69.301
21.335 62.798
0.184 80.193
68.049 29.679
71.388 72.331
54.858 33.086
39.729 19.494
80.632 74.394
21.77 52.656
82.74 59.516
0.0 100.0
29.633 25.305
0.0 100.0
71.008 61.723
71.629 81.384
76.155 84.003
46.111 20.21
54.538 32.206
21.981 49.688
47.695 14.411
19.266 50.199
44.213 25.585
16.923 55.082
68.179 70.691
25.246 54.709
69.358 47.513
73.869 64.009
29.668 52.91
70.214 57.814
0.0 100.0
53.557 23.478
15.517 57.432
65.88 32.176
39.449 29.335
65.816 64.747
44.6 21.838
68.776 61.31
81.819 65.782
57.813 59.238
0.0 100.0
0.0 100.0
33.297 25.935
53.061 35.81
56.404 26.511
30.277 14.482
48.329 25.156
22.884 61.02
40.584 15.429
74.742 71.794
71.969 58.463
10.137 56.671
71.588 58.768
0.0 100.0
78.059 65.601
0.0 100.0
0.0 100.0
66.57 45.828
11.125 49.276
52.581 17.714
56.536 30.856
67.899 59.197
68.957 36.637
62.254 69.663
42.881 31.293
32.731 52.68
0.0 100.0
62.129 30.537
50.582 24.744
0.0 100.0
30.706 22.232
68.985 62.885
0.0 100.0
0.0 100.0
48.39 3.438
65.489 63.73
57.291 29.417
70.812 70.02
0.0 100.0
20.619 46.859
0.0 100.0
70.86 60.343
77.824 62.294
27.686 62.376
75.492 55.877
0.0 100.0
19.897 58.768
31.098 46.702
78.778 64.782
0.0 100.0
63.982 64.591
73.821 62.062
73.369 56.476
59.575 21.466
66.484 26.634
9.611 45.546
45.812 15.094
0.0 100.0
62.717 21.813
75.428 59.511
47.83 32.036
52.774 24.659
0.0 100.0
70.841 27.581
69.096 37.612
31.018 43.443
57.344 42.896
20.864 37.752
66.787 55.009
32.299 51.17
38.737 11.853
0.0 100.0
19.661 53.095
67.429 65.757
22.702 44.406
0.0 100.0
0.0 100.0
37.472 19.406
53.3 32.469
38.198 8.199
66.222 74.67
72.45 67.797
33.413 58.633
35.195 19.187
19.508 56.896
55.335 36.186
0.0 100.0
28.339 49.979
51.167 66.178
39.321 23.808
78.816 59.09
0.0 100.0
66.222 25.302
45.499 33.639
0.0 100.0
73.312 32.079
63.357 64.239
77.375 69.767
0.0 100.0
73.94 35.471
41.965 16.786
29.28 57.286
0.0 100.0
0.0 100.0
38.25 31.206
34.595 60.231
28.916 48.348
44.782 25.986
63.465 41.384
64.941 44.28
75.187 65.85
27.646 17.17
0.0 100.0
30.478 25.641
23.026 57.413
70.746 32.88
0.0 100.0
41.293 22.57
15.041 45.452
65.897 61.314
65.097 32.431
0.0 100.0
0.0 100.0
0.0 100.0
26.252 50.123
17.249 58.883
41.246 12.898
0.0 100.0
48.119 38.402
70.144 43.113
24.943 51.284
2.859 67.454
61.046 23.56
46.185 22.261
32.669 49.714
83.957 82.388
44.081 16.033
0.0 100.0
73.059 33.638
0.0 100.0
34.239 36.192
41.97 8.481
15.819 56.987
0.0 100.0
76.342 71.738
33.27 58.409
0.0 100.0
84.31 69.969
27.965 49.427
58.46 62.925
32.825 20.2
0.0 100.0
54.888 35.062
35.183 52.458
29.47 13.76
74.621 81.053
60.232 65.72
46.051 26.244
63.146 38.478
61.831 33.462
52.869 28.437
60.084 37.294
47.943 20.742
59.899 69.218
43.427 26.333
69.757 30.846
67.241 62.186
59.362 16.813
0.0 100.0
32.404 59.632
0.0 100.0
0.0 100.0
44.249 20.427
77.149 59.61
26.86 23.847
0.0 100.0
68.955 20.434
52.022 66.282
30.283 9.404
0.0 100.0
61.361 26.281
0.0 100.0
58.128 72.677
70.517 27.43
41.008 28.568
6.629 46.294
61.474 44.696
20.247 45.229
65.426 11.866
0.0 100.0
72.137 38.222
0.0 100.0
23.485 47.469
36.427 24.113
66.181 22.134
68.78 37.666
48.574 13.606
20.049 64.761
47.69 33.108
78.664 67.763
0.0 100.0
60.708 37.089
65.401 62.417
0.0 100.0
0.0 100.0
43.272 15.725
44.979 29.285
21.042 54.476
63.168 43.042
25.487 63.501
0.0 100.0
78.746 72.31
16.942 49.447
27.471 60.637
0.0 100.0
42.539 28.407
58.68 25.792
0.0 100.0
64.656 61.019
48.195 13.255
0.0 100.0
16.16 56.81
46.411 26.544
0.0 100.0
0.0 100.0
0.0 100.0
33.397 15.32
22.308 56.81
0.0 100.0
32.091 52.694
21.624 50.188
70.003 72.68
35.049 48.848
0.0 100.0
62.661 25.527
35.88 51.026
0.0 100.0
64.274 33.817
25.931 46.283
0.0 100.0
61.304 56.831
35.539 26.091
72.032 52.002
66.476 39.253
16.075 51.493
72.895 62.624
40.187 10.686
62.367 24.148
20.316 47.168
62.165 38.024
68.715 58.851
79.241 34.293
67.194 70.17
22.27 65.256
23.565 53.229
67.366 26.717
69.111 72.948
60.619 22.068
23.696 48.028
30.324 42.641
56.206 70.409
17.619 35.433
29.832 36.956
68.986 72.36
0.0 100.0
52.11 28.565
19.968 59.102
38.561 33.876
61.441 26.511
56.34 15.103
54.863 74.764
19.22 46.986
65.132 77.109
36.859 21.315
28.403 72.069
0.0 100.0
0.0 100.0
74.411 75.152
15.203 49.232
66.024 22.266
74.605 38.814
54.13 62.69
67.294 30.178
36.499 29.951
54.842 24.181
77.916 74.273
33.802 44.368
56.332 16.427
52.27 72.301
27.887 47.287
46.333 29.727
0.0 100.0
62.582 34.605
59.691 46.469
66.984 39.706
59.759 38.937
51.256 15.913
0.0 100.0
15.783 43.455
50.562 26.585
40.244 26.147
59.42 71.452
0.0 100.0
23.907 33.129
37.451 10.594
0.0 100.0
73.439 58.4
0.0 100.0
54.417 26.906
0.0 100.0
0.0 100.0
68.195 58.458
19.279 43.215
72.199 73.716
58.736 69.973
65.926 39.195
0.0 100.0
83.334 65.428
46.674 25.2
22.272 47.768
61.601 38.29
19.332 41.899
24.66 45.649
61.842 25.118
20.385 62.665
22.411 48.609
26.649 25.464
68.951 66.79
59.389 65.332
64.062 41.46
62.444 35.089
14.012 46.286
28.863 51.089
51.701 17.647
73.448 31.644
0.0 100.0
35.982 58.366
0.0 100.0
48.346 12.609
0.0 100.0
27.761 50.381
27.131 47.708
0.0 100.0
52.126 12.915
15.652 52.089
67.159 63.194
64.751 28.082
22.688 60.7
19.887 46.905
59.85 77.593
65.76 82.071
50.897 53.106
20.472 60.499
55.367 32.1
18.546 49.455
31.402 44.382
0.0 100.0
70.816 31.897
37.376 10.414
43.987 36.433
54.875 31.578
33.64 15.374
33.599 43.813
70.681 57.633
37.805 31.286
18.923 46.351
61.658 26.66
0.0 100.0
0.0 100.0
25.995 40.872
0.0 100.0
0.0 100.0
30.779 37.187
40.561 17.635
59.619 27.015
25.196 32.974
43.545 8.175
74.113 57.377
0.0 100.0
38.812 7.027
46.477 22.978
59.51 74.808
62.895 25.987
0.0 100.0
37.908 23.483
43.686 18.315
26.369 53.609
68.991 69.841
65.369 17.521
69.038 78.587
69.194 57.081
14.093 46.333
62.739 62.903
62.849 67.608
68.564 28.276
65.944 34.33
40.157 16.164
56.857 24.006
72.127 67.356
47.745 35.958
8.852 38.047
64.549 30.179
44.486 36.169
57.584 37.004
59.797 15.324
52.594 18.056
36.425 23.235
0.0 100.0
49.393 30.418
19.965 61.051
34.83 21.757
51.555 7.964
0.0 100.0
40.543 15.701
8.105 54.511
75.892 50.036
80.979 59.73
56.999 14.646
0.0 100.0
0.0 100.0
57.861 42.022
47.194 23.465
38.911 27.32
10.401 63.926
0.0 100.0
16.161 63.424
63.065 45.785
76.937 68.204
23.54 45.196
28.556 49.583
70.593 66.946
18.988 45.201
0.0 100.0
0.0 100.0
65.542 64.113
0.0 100.0
59.009 38.932
0.0 100.0
79.269 63.507
26.09 44.163
40.056 22.979
81.129 70.24
80.534 75.789
56.9 22.742
26.848 45.71
58.622 76.165
17.951 60.194
72.753 76.635
50.769 28.026
0.0 100.0
67.274 17.454
0.0 100.0
0.0 100.0
58.773 58.017
0.0 100.0
74.238 70.125
17.086 44.679
0.0 100.0
51.077 42.732
55.943 30.44
69.038 58.308
23.44 39.438
0.0 100.0
63.787 36.072
61.927 24.21
65.658 42.33
59.147 75.888
38.644 58.464
0.0 100.0
79.637 64.051
30.423 41.786
50.553 72.256
31.127 17.899
18.707 52.55
39.698 19.72
81.815 52.194
50.396 26.947
39.695 23.211
50.484 16.864
0.0 100.0
51.331 45.936
38.3 15.599
53.013 37.868
39.761 13.072
0.0 100.0
0.0 100.0
0.0 100.0
0.0 100.0
0.0 100.0
64.037 50.967
21.708 49.712
41.042 23.777
55.741 40.777
76.412 65.088
36.94 16.071
61.976 54.223
0.0 100.0
27.231 51.827
0.0 100.0
70.92 59.021
72.557 42.25
51.704 23.538
48.029 18.624
43.39 32.035
21.139 42.651
0.0 100.0
0.0 100.0
48.857 24.855
24.27 62.446
18.941 57.093
0.0 100.0
0.0 100.0
0.0 100.0
85.162 72.113
78.329 69.418
0.0 100.0
54.713 31.779
0.0 100.0
56.898 22.865
32.35 45.406
70.218 56.766
62.97 57.164
62.81 44.346
28.322 39.57
70.595 33.083
42.175 7.349
40.19 19.451
49.808 22.95
49.096 23.297
26.021 26.102
39.065 25.614
27.658 41.201
0.0 100.0
39.736 25.973
0.0 100.0
76.553 58.271
24.142 31.989
77.589 78.081
70.69 73.055
50.072 34.77
64.626 81.13
14.487 63.509
0.0 100.0
26.653 66.344
78.638 31.243
49.169 20.065
25.36 52.945
42.941 29.671
51.804 30.426
18.555 51.601
0.0 100.0
82.308 80.836
72.322 37.454
68.994 67.999
0.0 100.0
0.0 100.0
53.956 34.119
65.536 66.387
54.431 32.235
88.952 60.439
32.038 51.26
0.0 100.0
25.791 32.889
0.0 100.0
60.134 26.537
46.118 12.32
44.184 22.541
61.427 53.113
84.333 66.032
69.7 56.296
0.0 100.0
24.804 54.092
17.88 46.595
0.0 100.0
69.757 68.258
67.344 69.881
58.4 78.396
39.111 24.64
50.704 11.458
0.0 100.0
78.547 76.331
52.002 47.941
41.614 19.015
19.748 59.191
61.86 35.582
0.0 100.0
32.41 63.192
66.444 28.974
15.175 60.968
37.731 23.931
21.159 37.292
63.245 38.102
64.391 55.166
55.647 70.564
59.216 29.87
57.686 68.202
39.727 20.965
63.193 56.701
42.629 28.222
51.046 22.891
75.299 59.597
65.111 28.641
61.438 32.883
61.969 18.827
53.714 17.074
48.409 15.181
68.647 39.423
66.629 33.067
55.789 27.91
52.217 14.21
67.203 71.502
13.813 52.476
0.0 100.0
58.133 63.312
60.384 0.37
65.923 43.461
18.346 54.868
89.17 75.089
68.18 60.976
0.0 100.0
59.517 32.161
70.574 51.762
67.46 76.487
20.067 38.85
0.0 100.0
42.985 25.804
0.0 100.0
52.2 23.779
44.318 20.871
69.754 63.898
31.984 40.502
13.851 63.097
35.762 50.714
65.313 66.126
39.594 11.103
67.04 36.142
0.0 100.0
58.144 31.255
0.0 100.0
63.203 72.219
70.041 77.695
53.453 20.185
51.945 24.163
70.622 48.294
9.634 46.322
39.923 15.848
19.323 44.619
48.523 11.821
36.515 16.592
30.711 49.653
54.654 45.685
69.437 42.385
54.355 32.621
65.946 82.473
70.55 64.477
31.39 52.123
0.0 100.0
78.768 71.876
57.86 49.253
66.502 28.223
66.605 39.531
0.0 100.0
72.371 45.597
0.0 100.0
70.037 69.238
58.411 36.715
0.0 100.0
0.0 100.0
14.541 59.868
0.0 100.0
39.225 16.445
0.0 100.0
43.248 10.883
36.399 46.482
69.518 72.376
35.646 44.711
24.32 31.457
44.647 29.458
0.0 100.0
13.241 49.707
50.841 60.914
65.113 54.096
30.158 34.314
38.593 17.249
47.151 21.666
42.122 19.856
67.348 76.519
0.0 100.0
61.914 17.177
36.628 55.142
55.725 41.354
0.0 100.0
46.771 8.845
81.784 65.824
25.059 53.012
71.158 38.632
33.47 53.577
57.255 67.473
61.279 33.848
55.257 46.802
79.654 26.247
69.488 34.36
0.0 100.0
53.351 32.812
0.0 100.0
71.191 61.032
31.721 43.67
14.18 33.674
36.066 22.765
40.77 11.623
0.0 100.0
70.754 67.192
18.149 32.663
58.363 20.265
0.0 100.0
10.5 57.149
24.779 46.409
37.133 45.327
27.722 57.997
44.937 18.89
57.03 34.102
65.836 35.203
32.693 46.083
0.0 100.0
30.186 54.768
73.804 36.823
54.691 32.764
65.02 21.178
66.714 71.156
9.124 52.852
40.791 17.227
70.161 61.097
70.402 62.557
48.502 20.037
54.912 23.224
0.0 100.0
0.0 100.0
0.0 100.0
46.978 28.859
31.313 36.01
39.315 26.153
46.824 26.2
62.086 28.852
58.113 45.325
66.737 67.89
30.778 56.945
6.52 54.317
78.01 67.002
56.512 23.574
0.0 100.0
0.0 100.0
0.0 100.0
0.0 100.0
70.115 42.286
0.0 100.0
0.0 100.0
66.299 72.968
0.0 100.0
44.85 43.164
70.295 51.511
66.386 40.545
30.62 14.01
0.0 100.0
49.302 23.76
13.277 55.003
52.081 67.268
31.769 60.446
73.521 72.332
67.157 36.828
0.0 100.0
20.97 45.398
51.174 32.529
87.984 71.176
11.674 53.493
0.0 100.0
0.0 100.0
23.695 46.202
45.978 25.327
54.521 25.909
14.539 49.83
23.671 43.92
37.663 23.551
71.976 75.48
52.107 40.756
60.916 41.412
72.582 23.909
66.051 70.872
30.532 58.445
61.729 31.228
42.274 26.664
46.301 19.772
44.537 29.583
0.0 100.0
0.0 100.0
17.916 47.987
69.46 62.664
0.0 100.0
47.149 36.975
42.803 53.241
57.869 61.337
25.679 60.566
0.0 100.0
41.047 31.254
69.543 34.862
54.747 28.883
59.246 39.348
57.126 25.578
26.858 40.525
0.0 100.0
59.555 31.848
0.0 100.0
34.342 47.997
48.392 25.951
74.598 69.973
23.692 62.962
61.366 71.92
0.0 100.0
49.758 10.113
58.106 64.932
21.859 57.873
11.996 40.69
6.011 56.005
17.15 59.631
64.521 76.927
37.421 25.479
46.619 36.334
3.076 48.92
0.0 100.0
20.15 64.25
52.621 28.14
71.57 16.393
56.582 65.66
41.414 10.428
0.0 100.0
67.339 31.461
0.0 100.0
25.077 43.172
50.947 35.549
69.626 32.522
71.317 18.181
15.206 45.734
61.12 28.526
0.0 100.0
25.481 48.347
29.112 41.97
55.614 21.098
63.52 35.169
49.279 52.119
63.519 37.425
38.813 47.16
76.17 61.305
12.699 55.509
39.409 17.284
15.254 39.557
62.431 83.54
68.053 73.427
38.292 33.226
15.59 57.924
51.375 12.389
28.522 51.743
21.887 52.644
52.823 68.796
18.044 51.701
22.953 45.878
44.78 29.489
86.247 71.834
0.0 100.0
23.852 43.106
57.813 32.149
51.66 44.994
74.843 50.46
52.864 33.762
34.237 18.013
66.715 56.28
0.0 100.0
30.527 50.361
8.668 53.511
14.538 49.644
19.17 41.27
71.459 68.853
61.809 33.489
0.0 100.0
21.424 46.549
58.95 67.119
30.269 34.325
43.391 5.346
67.055 84.141
63.434 56.836
43.147 23.149
77.859 33.758
25.422 34.301
56.385 23.027
74.676 47.123
55.45 13.927
53.606 30.983
61.448 37.093
50.344 24.257
80.482 71.539
0.0 100.0
63.316 32.442
53.272 7.374
18.05 51.03
0.0 100.0
52.875 25.478
71.075 58.092
7.828 49.812
0.0 100.0
36.706 24.292
35.026 52.049
55.337 6.147
0.0 100.0
0.0 100.0
53.073 30.032
55.309 14.773
0.0 100.0
58.996 65.198
79.777 56.767
66.36 81.927
33.086 53.356
0.0 100.0
0.0 100.0
20.821 25.186
31.059 48.01
66.316 21.442
9.69 44.308
49.123 13.084
52.876 22.571
0.0 100.0
76.357 63.731
67.876 40.103
0.0 100.0
75.277 54.928
0.0 100.0
0.0 100.0
0.0 100.0
41.713 21.645
65.251 31.683
34.432 30.614
45.65 9.928
34.182 28.382
35.27 43.777
73.523 66.599
54.794 47.821
65.674 57.403
40.028 31.52
37.088 13.663
54.476 31.516
39.626 13.819
0.0 100.0
0.0 100.0
59.793 41.593
75.339 66.457
54.967 12.253
71.47 65.033
42.809 16.423
33.297 37.837
21.503 47.139
14.714 61.484
46.697 32.892
71.403 68.499
70.063 27.069
0.0 100.0
66.17 67.876
0.0 100.0
0.0 100.0
58.858 88.166
0.0 100.0
56.03 22.226
27.709 36.443
52.72 31.293
28.58 29.524
0.0 100.0
40.758 10.968
27.115 42.478
20.946 47.5
54.369 16.33
78.9 66.025
78.154 64.776
74.243 63.681
0.0 100.0
0.0 100.0
45.147 21.529
73.27 71.355
54.976 44.258
0.0 100.0
58.304 70.585
61.647 36.681
0.0 100.0
8.968 28.708
0.0 100.0
20.808 54.231
38.749 24.799
77.815 65.668
66.816 40.886
74.725 65.626
0.0 100.0
53.494 36.4
25.174 54.84
54.211 32.04
0.0 100.0
26.137 50.695
0.0 100.0
46.036 15.504
0.0 100.0
32.552 19.839
61.985 62.216
48.845 13.753
16.135 64.988
0.0 100.0
0.0 100.0
23.746 52.896
12.989 54.13
70.338 72.626
51.096 16.307
85.04 75.014
30.464 43.439
68.634 56.566
60.467 73.729
26.179 35.382
0.0 100.0
0.0 100.0
0.0 100.0
28.297 4.972
37.533 53.303
39.608 34.571
35.66 21.399
28.695 43.328
59.827 16.836
45.44 14.37
57.67 73.206
26.825 59.545
37.3 23.825
20.315 39.289
69.724 48.381
70.112 29.249
0.0 100.0
0.0 100.0
29.75 51.279
68.272 17.693
63.689 71.881
79.782 34.052
45.805 29.842
56.55 12.118
0.0 100.0
54.29 43.439
65.262 36.773
43.942 23.586
78.178 28.88
65.219 70.164
69.464 58.463
51.772 17.2
22.987 49.915
68.365 36.124
0.0 100.0
41.775 24.341
63.542 24.212
24.35 61.273
71.9 56.257
70.3 70.975
15.615 52.367
70.67 36.377
21.991 70.276
59.87 27.193
39.116 30.425
63.755 19.057
56.927 27.91
43.601 18.947
0.0 100.0
31.672 45.241
73.23 37.733
0.0 100.0
79.002 79.768
0.0 100.0
64.152 26.239
0.0 100.0
19.499 30.091
35.596 55.232
22.243 61.708
45.341 43.137
0.0 100.0
17.327 47.163
62.99 47.836
65.072 39.739
17.067 52.29
50.025 31.482
0.0 100.0
67.799 69.564
49.482 24.67
0.0 100.0
68.708 58.896
31.913 40.745
58.179 25.563
69.383 81.132
75.724 26.247
35.966 26.773
41.502 17.988
37.098 22.252
43.697 25.084
47.604 22.408
26.752 54.376
0.0 100.0
0.0 100.0
0.0 100.0
0.0 100.0
0.0 100.0
43.047 3.396
57.198 68.123
43.295 24.048
0.0 100.0
35.7 54.013
34.913 29.26
0.0 100.0
0.0 100.0
0.0 100.0
0.0 100.0
0.0 100.0
0.0 100.0
59.64 30.991
42.509 13.82
40.021 13.171
0.0 100.0
74.844 66.307
72.344 51.033
62.519 35.099
0.0 100.0
46.1 20.782
56.79 25.486
0.0 100.0
18.593 65.361
0.0 100.0
23.68 43.371
62.907 80.621
64.856 32.154
30.928 26.457
48.243 21.716
44.913 45.668
50.761 69.967
64.971 29.152
39.076 49.432
0.0 100.0
66.189 23.305
23.397 45.152
44.577 13.266
69.658 34.319
0.0 100.0
0.0 100.0
54.827 35.024
74.779 33.03
44.813 46.641
0.0 100.0
13.254 56.637
68.759 33.313
0.0 100.0
0.0 100.0
67.87 29.889
83.285 62.45
58.977 29.176
28.126 61.976
63.312 20.835
59.818 72.658
65.888 67.864
47.921 14.222
61.427 80.874
24.458 48.877
27.465 12.328
45.171 25.772
0.0 100.0
44.114 17.634
6.627 63.542
65.003 68.244
77.142 76.391
0.0 100.0
63.617 36.107
85.164 54.603
65.728 25.787
33.647 49.45
64.811 33.86
75.075 37.111
23.402 47.057
38.956 57.123
0.0 100.0
42.867 9.266
67.775 67.317
0.0 100.0
73.422 58.294
0.0 100.0
42.448 27.646
77.214 85.132
20.089 58.3
64.213 59.964
35.105 28.113
40.408 25.854
66.325 19.795
18.65 59.277
65.181 72.734
66.55 30.542
25.157 31.829
54.026 28.323
49.339 22.449
17.694 51.476
72.62 43.015
31.582 55.767
58.484 75.124
67.034 34.415
24.962 58.217
0.0 100.0
55.228 43.716
37.965 28.562
67.093 77.486
0.0 100.0
40.355 19.26
85.136 61.323
54.96 32.09
57.43 75.595
57.602 43.13
72.208 69.08
0.0 100.0
67.273 57.808
52.634 40.527
39.952 45.296
0.0 100.0
70.938 57.159
19.025 44.992
0.0 100.0
67.376 16.14
59.163 44.281
0.0 100.0
33.895 41.6
49.418 11.822
66.087 68.968
62.551 68.617
35.466 31.614
0.0 100.0
48.165 23.841
76.456 43.611
51.836 39.397
36.748 25.26
31.931 62.184
19.86 45.593
82.67 39.344
0.0 100.0
31.818 19.001
0.0 100.0
56.086 64.233
16.809 50.347
71.189 62.663
0.0 100.0
31.226 23.639
60.158 24.325
71.166 68.758
33.048 24.825
63.93 34.531
39.135 23.62
46.653 17.068
73.271 66.952
0.0 100.0
0.0 100.0
78.289 38.258
28.65 49.325
44.524 63.053
0.0 100.0
67.435 35.721
29.801 47.716
0.0 100.0
83.9 66.359
36.242 25.715
23.326 54.082
15.269 59.343
91.901 25.265
37.06 29.029
77.172 65.267
15.734 53.342
35.59 57.975
78.857 62.887
15.902 23.956
63.365 37.668
73.547 78.876
43.887 28.246
67.257 30.761
55.914 9.176
77.721 55.517
42.14 23.839
11.654 59.847
0.0 100.0
61.545 73.686
61.325 39.022
13.368 50.716
41.761 1.52
53.376 32.026
79.964 62.442
44.909 26.097
56.389 23.317
0.0 100.0
18.801 47.781
70.155 81.088
0.0 100.0
0.0 100.0
18.561 38.905
55.867 13.951
20.827 46.877
0.0 100.0
0.0 100.0
73.464 72.795
13.891 62.652
62.666 79.492
0.0 100.0
50.967 29.09
71.453 74.21
48.331 20.396
12.493 42.549
24.979 51.766
56.883 29.683
26.631 47.662
0.0 100.0
77.748 43.642
72.141 60.086
52.292 11.694
62.629 40.64
46.754 13.571
80.403 58.358
16.529 48.131
0.0 100.0
48.138 26.256
33.979 14.96
66.08 38.268
47.423 14.699
64.071 59.061
32.067 67.63
0.0 100.0
28.852 60.279
73.615 68.91
44.222 25.003
0.0 100.0
28.444 63.24
51.543 23.944
66.626 28.295
35.419 49.77
64.405 69.066
60.08 35.672
37.661 23.72
18.517 46.582
31.983 18.079
12.861 54.26
50.221 18.656
48.454 29.591
22.053 42.071
57.782 48.186
58.456 64.834
24.689 57.564
37.871 28.785
0.0 100.0
62.515 21.288
50.648 21.679
17.105 47.605
50.362 18.845
58.207 79.813
68.236 40.844
33.108 8.046
65.22 39.669
41.564 13.535
60.75 44.096
72.678 62.477
14.627 65.82
80.82 63.368
0.0 100.0
24.44 54.614
25.356 55.598
72.199 55.103
77.388 67.321
51.284 39.296
12.453 59.855
64.795 32.273
25.6 60.268
18.332 45.257
68.32 63.176
55.048 19.398
65.734 13.66
10.534 57.888
13.641 36.284
0.0 100.0
39.762 27.636
54.258 28.178
76.393 35.334
57.529 16.139
59.034 25.901
0.0 100.0
47.433 19.764
67.682 61.728
56.908 62.759
0.0 100.0
20.506 62.897
53.116 23.576
0.0 100.0
70.742 38.63
70.439 76.963
32.147 41.64
67.727 21.884
27.825 56.958
59.649 45.692
0.0 100.0
0.0 100.0
23.35 60.583
37.299 58.565
72.257 27.238
49.444 31.874
77.588 70.156
21.277 42.282
0.0 100.0
54.822 35.229
0.0 100.0
21.838 43.29
50.231 23.283
78.41 56.119
36.988 23.29
68.396 76.245
23.196 51.085
4.758 84.19
45.163 38.867
23.748 64.8
77.212 85.448
39.888 14.852
31.35 47.923
24.796 53.743
0.0 100.0
0.0 100.0
0.0 100.0
62.838 17.267
50.102 7.807
46.729 28.704
80.787 68.871
68.019 62.517
70.714 59.02
84.422 66.012
0.0 100.0
8.456 33.438
71.794 64.782
86.835 50.645
15.734 51.564
47.933 15.933
50.064 34.699
58.499 38.487
58.749 34.099
48.238 16.788
0.0 100.0
60.392 36.4
73.482 19.91
70.827 61.99
77.752 61.037
37.464 16.556
64.563 67.138
22.486 41.568
61.995 26.816
0.0 100.0
16.404 36.124
65.136 27.941
30.556 29.501
43.845 29.995
62.11 68.95
0.0 100.0
25.355 54.335
56.809 29.886
14.563 47.845
19.048 49.057
64.165 20.428
57.26 31.51
44.237 28.941
0.0 100.0
52.08 39.877
67.159 34.888
37.438 28.03
52.467 22.253
38.168 27.349
20.677 38.512
29.097 48.999
15.491 54.502
78.381 20.775
26.427 57.844
50.42 35.18
26.414 55.476
60.456 15.04
27.358 39.567
0.0 100.0
55.297 34.138
39.701 16.855
10.243 35.688
48.734 4.374
0.0 100.0
50.83 22.099
0.0 100.0
78.4 66.132
60.044 17.982
0.0 100.0
23.715 36.096
0.0 100.0
85.719 62.224
41.225 15.821
16.486 51.943
80.164 71.815
33.822 7.296
62.004 27.535
69.336 59.757
41.163 20.675
0.0 100.0
31.379 65.417
55.412 19.727
55.707 17.392
0.0 100.0
31.584 60.352
63.134 58.377
29.107 33.384
0.0 100.0
73.321 69.331
38.23 12.995
12.118 48.832
74.63 57.806
24.712 51.65
48.039 11.628
45.147 6.983
0.0 100.0
58.27 36.608
50.79 25.319
36.183 13.287
81.468 50.526
67.17 54.673
0.0 100.0
57.868 76.052
73.94 72.919
16.677 46.553
63.27 24.668
0.0 100.0
65.409 56.21
46.383 28.555
28.687 46.858
67.947 49.124
68.248 43.443
55.195 68.303
69.293 42.035
74.92 76.443
43.267 13.467
22.385 27.734
0.0 100.0
72.755 25.69
0.0 100.0
39.727 23.044
47.977 18.646
71.868 51.208
30.072 47.452
66.853 80.893
36.085 35.749
53.246 37.939
39.965 20.624
78.847 26.919
0.0 100.0
0.0 100.0
23.119 39.78
33.724 20.723
17.735 50.223
56.499 54.402
33.816 52.45
52.146 19.167
26.264 49.574
84.269 67.625
58.36 37.116
72.504 85.995
0.0 100.0
23.29 40.538
15.751 52.343
76.509 33.547
70.267 70.364
43.964 25.208
51.202 31.4
41.648 27.165
0.0 100.0
19.449 58.825
42.123 16.609
23.825 72.129
65.101 59.802
0.0 100.0
0.0 100.0
0.0 100.0
0.0 100.0
68.212 61.71
0.0 100.0
23.696 58.036
19.634 52.765
66.974 26.886
80.645 59.109
33.516 12.941
29.974 44.713
0.0 100.0
64.97 37.707
0.0 100.0
9.831 64.303
0.0 100.0
57.552 29.541
74.722 70.363
12.564 41.571
55.921 43.703
68.61 58.428
46.438 30.195
47.634 9.634
27.453 63.919
73.286 59.137
52.22 34.163
67.587 31.627
43.051 11.508
62.112 34.218
43.574 28.833
55.491 21.461
43.431 20.129
56.772 37.065
44.663 21.312
22.352 53.981
0.0 100.0
52.914 33.713
51.707 22.997
35.577 36.223
66.583 70.131
19.996 56.655
12.806 52.414
59.018 37.974
61.761 57.388
48.89 32.609
21.016 44.469
78.16 70.57
69.358 69.827
26.783 61.043
17.017 60.644
18.343 47.715
58.726 14.504
68.269 63.71
0.0 100.0
73.992 41.844
2.824 47.952
46.523 46.03
29.414 52.161
71.071 57.256
45.273 23.62
34.844 23.557
31.444 47.218
63.503 33.731
0.0 100.0
77.105 49.971
0.0 100.0
46.803 37.747
37.459 14.529
21.737 35.159
0.0 100.0
59.722 35.304
54.984 50.052
17.014 43.167
38.658 15.501
54.506 81.109
17.817 56.149
49.891 19.035
71.971 82.989
34.982 10.129
76.858 38.411
43.764 23.315
0.0 100.0
20.223 40.014
49.906 31.586
59.35 29.483
43.443 18.253
26.141 14.478
31.677 55.472
28.84 63.217
65.579 39.427
54.81 36.053
0.0 100.0
56.969 59.566
23.28 60.9
0.0 100.0
48.073 26.74
30.415 27.012
57.073 37.412
73.679 66.754
51.512 9.74
68.062 60.699
0.0 100.0
11.098 52.149
70.972 38.262
31.595 33.487
59.302 35.573
61.626 32.164
22.214 60.684
52.665 17.101
10.753 45.543
60.399 41.468
20.572 59.747
0.0 100.0
75.793 77.52
56.378 29.091
41.996 16.736
48.799 28.226
57.192 27.249
24.484 53.949
62.556 42.7
37.737 21.65
18.756 46.029
32.759 50.591
0.0 100.0
64.029 32.158
14.522 47.454
79.376 71.849
35.501 20.267
27.029 40.96
30.264 14.765
61.716 44.658
0.0 100.0
0.0 100.0
1.394 46.75
21.319 51.043
0.0 100.0
41.326 32.799
0.0 100.0
60.15 50.239
25.994 48.74
80.652 62.709
13.282 49.469
49.797 19.076
71.259 68.599
51.201 44.191
27.897 48.168
51.054 71.27
28.848 59.202
0.0 100.0
0.0 100.0
57.391 34.825
59.337 43.518
0.0 100.0
0.0 100.0
72.886 77.691
24.687 45.582
8.114 56.266
55.24 47.088
65.308 62.761
73.069 73.831
49.994 30.679
82.323 66.589
51.926 16.687
40.259 22.437
16.942 58.537
67.776 55.185
0.0 100.0
0.0 100.0
23.015 38.914
0.0 100.0
17.174 45.937
54.755 62.826
68.483 39.116
61.572 56.849
70.738 79.248
79.076 72.09
18.543 56.591
60.719 34.578
0.0 100.0
82.393 57.358
78.117 73.966
49.555 25.592
53.505 40.687
71.045 59.277
0.0 100.0
46.784 9.864
0.0 100.0
61.789 29.026
0.0 100.0
62.205 24.783
48.145 10.545
0.0 100.0
61.489 73.106
62.196 68.118
71.643 65.255
18.32 49.788
50.71 21.536
13.222 48.95
28.208 39.452
29.957 37.739
61.74 30.201
0.0 100.0
0.0 100.0
25.05 52.255
0.0 100.0
23.571 48.889
75.038 68.215
23.183 49.561
77.944 76.647
66.72 15.811
32.352 42.693
59.775 34.547
33.473 21.518
17.363 35.199
76.359 74.9
24.091 39.007
23.037 55.887
0.0 100.0
72.345 66.409
72.622 41.091
33.846 28.162
37.884 19.149
50.583 32.537
35.399 30.389
73.469 34.921
66.59 69.987
65.543 39.596
0.0 100.0
0.0 100.0
44.24 16.758
59.806 20.112
19.578 59.964
27.78 35.886
0.0 100.0
48.346 11.586
0.0 100.0
73.129 68.95
60.012 32.022
0.0 100.0
0.0 100.0
17.749 42.633
62.789 25.367
39.164 17.53
19.368 45.639
0.0 100.0
0.0 100.0
72.975 70.022
68.549 69.622
73.773 65.561
73.738 60.198
38.789 8.993
54.454 43.656
57.05 38.453
35.186 19.715
0.0 100.0
22.376 50.894
54.966 29.8
56.925 87.566
21.744 50.067
73.425 54.502
24.563 52.037
24.68 44.404
53.724 29.977
31.571 36.481
0.0 100.0
36.373 44.475
24.81 60.022
52.291 46.286
19.322 45.677
56.456 42.775
20.15 46.857
51.163 42.45
20.875 46.077
28.878 50.684
23.881 50.572
72.779 22.244
42.766 28.495
72.202 63.095
24.848 45.442
35.732 29.1
57.72 22.785
67.577 63.234
31.111 60.04
0.0 100.0
64.686 34.302
65.819 72.657
69.004 28.545
34.719 17.274
43.844 13.524
0.0 100.0
78.396 75.442
66.242 68.056
72.071 70.676
22.514 55.733
31.424 20.457
54.588 61.917
24.772 42.973
35.639 24.733
62.598 77.181
27.534 21.292
45.331 11.704
36.302 16.213
25.384 61.257
0.0 100.0
62.812 69.745
13.095 57.049
46.641 20.523
45.833 34.543
49.116 14.266
33.828 35.832
35.674 46.935
75.408 65.473
53.488 29.074
77.826 20.795
69.167 66.839
65.411 65.103
0.0 100.0
12.086 45.38
0.0 100.0
28.252 54.46
55.135 31.576
48.056 26.479
27.752 25.006
59.701 34.317
51.301 27.135
56.705 45.964
52.246 32.367
0.0 100.0
34.784 13.267
31.786 5.149
60.34 75.538
59.769 26.992
46.842 5.508
72.897 42.734
29.461 64.009
28.162 42.643
0.0 100.0
77.736 80.305
37.963 24.378
41.276 10.882
19.124 33.833
71.297 29.048
0.0 100.0
0.0 100.0
75.223 44.254
68.493 62.879
24.84 45.821
58.14 36.299
66.612 24.515
0.0 100.0
0.0 100.0
34.278 47.44
66.175 72.051
0.0 100.0
44.221 13.65
58.274 68.608
68.138 80.606
41.578 18.458
31.166 48.993
71.315 69.125
0.0 100.0
29.895 55.903
64.612 58.49
69.137 82.608
64.863 24.905
71.706 31.913
31.064 31.85
35.889 17.037
60.559 58.668
7.068 44.578
48.553 17.637
70.291 32.255
59.212 28.293
62.6 69.433
62.614 40.526
53.409 33.461
78.693 57.169
49.181 30.081
57.6 23.135
14.508 48.343
70.464 64.206
44.187 20.963
27.338 23.807
0.0 100.0
58.327 38.092
0.0 100.0
20.988 55.985
50.028 16.212
59.382 22.585
39.273 10.307
0.0 100.0
23.369 51.729
0.0 100.0
0.0 100.0
0.0 100.0
55.78 34.062
47.117 41.934
67.486 65.726
61.105 33.331
52.398 29.321
37.711 12.878
76.698 69.542
15.342 47.061
63.71 60.636
35.476 45.203
34.753 15.107
64.092 35.213
78.245 30.297
40.022 35.565
70.599 29.112
0.0 100.0
70.366 74.408
59.953 26.253
70.257 59.015
43.421 33.724
8.439 42.548
33.368 16.879
59.259 31.828
44.906 23.269
0.0 100.0
47.682 17.2
18.451 52.7
0.0 100.0
44.077 35.523
78.363 68.008
19.975 51.842
52.14 10.838
0.0 100.0
21.918 53.842
29.046 40.289
20.644 52.206
0.0 100.0
0.0 100.0
50.374 1.352
60.833 58.804
23.548 61.983
18.033 63.489
0.0 100.0
69.448 55.173
0.0 100.0
39.401 32.045
46.582 11.126
27.513 42.665
75.813 86.526
0.0 100.0
0.0 100.0
27.442 16.89
0.0 100.0
61.108 33.559
48.211 17.867
0.0 100.0
68.979 60.564
73.113 58.948
41.911 29.973
35.195 31.047
68.919 28.886
70.419 55.604
0.0 100.0
35.657 26.336
36.439 17.986
74.039 36.472
42.137 10.771
65.837 27.158
82.67 72.298
55.159 32.575
0.0 100.0
25.656 24.76
26.638 56.709
52.565 18.455
76.862 36.075
0.0 100.0
17.757 36.16
7.305 52.893
60.919 33.701
0.0 100.0
57.762 38.784
29.846 54.616
25.127 47.461
47.217 18.101
31.411 28.15
34.71 27.202
81.514 56.268
38.011 60.043
16.575 45.493
65.123 32.732
23.857 45.415
63.406 67.777
47.808 15.783
36.544 56.903
30.904 44.867
0.0 100.0
17.45 37.174
43.881 21.53
22.689 45.005
0.0 100.0
50.112 34.503
56.719 26.756
42.531 23.221
38.601 15.055
0.0 100.0
34.325 20.218
0.0 100.0
0.0 100.0
81.202 68.799
62.509 66.894
70.265 39.214
0.0 100.0
64.591 75.701
21.836 53.679
71.818 69.049
19.184 56.084
76.321 64.547
31.619 49.274
55.861 32.764
69.066 69.079
23.036 57.154
48.15 34.263
0.0 100.0
0.0 100.0
29.676 39.874
43.608 20.418
0.0 100.0
62.593 35.524
19.181 52.587
47.876 29.225
48.664 10.014
0.0 100.0
0.0 100.0
66.801 67.168
35.718 47.955
0.0 100.0
0.0 100.0
50.047 35.344
52.323 61.405
0.0 100.0
49.355 32.368
4.901 47.82
0.0 100.0
0.0 100.0
73.054 80.254
56.758 32.411
0.0 100.0
0.0 100.0
40.241 12.079
85.83 70.313
49.809 13.71
0.0 100.0
74.531 77.626
45.273 26.587
27.279 47.462
37.196 48.248
32.681 26.226
54.109 40.585
39.783 42.584
45.466 13.246
0.0 100.0
35.836 29.517
68.111 69.945
0.0 100.0
24.952 57.843
20.725 41.151
55.467 9.663
99.414 9.12
64.837 65.341
35.861 26.048
40.738 20.807
76.023 60.841
36.48 56.17
61.216 20.665
41.875 29.98
42.311 13.581
51.032 45.903
60.508 75.703
0.0 100.0
24.443 50.586
66.296 32.37
49.681 38.861
67.436 69.922
0.0 100.0
47.098 25.809
44.302 13.91
70.436 75.533
71.37 75.926
72.503 65.318
54.086 25.677
0.0 100.0
0.0 100.0
73.406 51.89
11.174 61.947
61.073 59.085
12.074 42.831
0.0 100.0
12.92 47.976
56.726 31.218
18.381 42.32
62.835 39.948
23.83 23.689
0.0 100.0
74.509 69.987
36.959 16.513
37.124 64.763
68.713 77.471
23.461 41.27
0.0 100.0
59.285 41.779
28.789 34.997
57.413 56.009
18.446 46.982
74.341 60.988
4.1 8.102
14.877 53.14
70.84 32.742
38.765 46.9
66.077 37.277
65.119 48.988
43.647 23.5
69.994 57.427
25.064 63.65
0.0 100.0
0.0 100.0
44.068 24.521
0.0 100.0
29.274 52.339
43.176 99.789
33.647 39.84
66.997 61.555
64.834 14.026
81.304 60.328
35.652 31.172
55.881 69.43
22.884 17.975
21.504 47.743
74.374 79.467
64.213 44.632
0.0 100.0
86.638 59.092
0.0 100.0
0.0 100.0
41.29 29.075
82.17 66.304
54.565 33.183
69.322 49.172
14.952 43.148
55.244 35.28
11.685 59.961
23.919 39.715
15.529 47.571
75.995 7.035
44.672 41.822
72.694 59.538
14.834 48.076
0.0 100.0
69.081 51.686
43.122 9.727
60.2 20.537
29.396 41.849
0.0 100.0
62.11 28.11
19.225 46.308
71.751 39.313
67.412 61.258
0.0 100.0
54.226 33.736
24.081 49.354
29.824 56.773
0.0 100.0
17.168 58.557
45.09 12.481
0.0 100.0
44.758 16.883
0.0 100.0
0.0 100.0
55.303 14.479
63.656 34.649
92.214 32.364
78.207 73.064
44.528 11.982
34.079 60.543
33.21 0.405
13.672 63.072
43.727 22.791
70.037 22.797
34.604 63.092
66.011 26.457
68.584 27.954
0.0 100.0
23.692 49.822
29.981 40.669
26.798 44.476
0.0 100.0
84.989 54.779
65.499 40.647
0.0 100.0
69.087 25.833
19.843 40.318
15.026 50.287
82.261 74.311
0.0 100.0
40.345 26.101
39.326 21.517
26.591 49.593
37.974 49.177
56.227 33.868
21.324 53.24
0.0 100.0
0.0 100.0
63.262 63.145
0.0 100.0
25.667 53.187
58.508 31.853
0.0 100.0
57.132 71.142
19.975 60.799
56.701 25.342
6.931 43.893
55.162 24.829
37.933 28.956
29.613 29.453
0.0 100.0
21.817 42.424
31.798 5.292
72.286 81.01
69.803 32.287
34.667 39.897
52.026 29.587
24.816 41.43
51.843 44.595
0.0 100.0
45.497 18.722
72.787 57.467
0.0 100.0
25.224 46.243
70.152 64.649
51.405 26.835
75.686 73.044
49.278 6.913
0.0 100.0
0.0 100.0
56.767 35.828
21.901 41.781
65.323 74.858
65.104 70.111
0.0 100.0
61.665 42.293
0.0 100.0
69.058 69.204
39.98 18.927
68.662 76.401
50.49 55.359
47.978 4.805
49.447 20.506
0.0 100.0
56.477 31.277
34.067 47.61
52.957 18.557
63.924 22.948
0.0 100.0
0.0 100.0
0.0 100.0
79.877 72.218
58.405 38.797
35.661 56.277
24.92 45.929
27.916 32.863
0.0 100.0
26.432 61.413
35.041 18.374
48.343 21.05
0.0 100.0
68.699 64.451
43.121 64.575
73.054 27.273
27.673 49.826
24.471 56.31
57.121 38.637
61.855 68.858
22.099 46.334
39.255 5.628
37.273 10.531
42.068 5.924
34.732 17.831
28.68 34.786
0.0 100.0
0.0 100.0
47.265 14.18
0.0 100.0
25.401 47.933
29.816 42.289
63.612 23.854
75.3 71.289
63.406 59.502
66.822 72.623
39.364 32.063
42.186 31.429
0.0 100.0
83.036 77.251
30.539 54.531
25.493 43.466
31.266 17.513
14.903 58.377
58.718 24.931
49.087 20.032
0.0 100.0
39.248 21.886
51.586 26.332
22.747 31.047
73.946 81.955
0.0 100.0
43.398 23.966
63.473 24.732
40.02 24.426
0.0 100.0
16.761 50.976
65.4 43.366
0.0 100.0
20.422 43.414
15.684 33.438
50.485 24.605
50.245 24.339
21.055 35.197
0.0 100.0
26.278 58.332
64.884 42.221
73.351 81.699
61.737 62.547
0.0 100.0
44.224 29.311
30.52 51.06
16.75 41.046
69.35 69.01
80.734 34.525
0.0 100.0
61.63 65.51
15.91 55.143
10.867 51.568
25.615 23.581
69.635 67.396
54.661 24.284
58.228 41.065
66.869 47.542
81.569 55.495
56.444 28.173
0.0 100.0
0.0 100.0
61.682 46.353
10.168 40.251
62.426 65.081
44.061 15.186
30.847 4.894
55.837 81.928
77.603 59.084
45.965 24.956
62.8 33.49
32.617 67.358
64.39 24.779
19.111 55.135
65.106 25.703
68.347 65.098
0.0 100.0
67.397 37.003
64.41 58.161
40.376 15.104
34.445 15.397
77.897 57.627
37.503 11.596
40.575 26.567
61.74 72.864
56.553 28.962
64.085 63.087
54.426 33.317
91.592 61.156
14.773 53.229
0.0 100.0
43.722 24.634
4.94 35.235
68.612 47.421
59.123 34.986
73.695 68.142
0.0 100.0
39.588 17.343
61.673 34.454
0.0 100.0
0.0 100.0
45.136 27.999
64.653 30.742
21.844 58.653
19.474 51.197
66.131 56.274
28.966 19.146
0.0 100.0
67.707 35.776
0.0 100.0
72.084 73.588
43.746 23.164
13.258 46.785
65.901 59.514
67.112 79.34
42.514 35.85
60.344 35.93
58.636 21.211
0.0 100.0
52.98 9.456
0.0 100.0
69.561 49.69
39.428 13.262
54.524 17.517
49.852 35.045
72.976 67.829
73.63 72.051
32.447 62.461
75.202 19.683
52.467 67.955
37.092 21.806
70.358 3.551
39.988 11.513
0.0 100.0
46.796 15.525
0.0 100.0
0.0 100.0
0.0 100.0
38.827 13.855
41.354 15.148
67.293 58.589
17.393 39.568
4.799 45.789
0.0 100.0
38.941 62.517
27.042 48.365
49.481 22.983
32.159 20.097
0.0 100.0
0.0 100.0
48.282 28.912
67.375 59.669
12.256 42.923
27.782 48.865
66.705 35.731
64.246 75.592
59.76 33.862
17.822 53.518
64.502 30.353
57.662 26.781
39.45 4.987
45.733 17.666
63.478 80.028
0.0 100.0
28.215 55.95
0.0 100.0
0.0 100.0
0.0 100.0
42.786 16.473
31.221 55.0
23.932 58.916
56.326 20.275
30.108 64.977
61.023 77.359
65.644 68.731
42.336 20.185
39.126 27.952
66.801 30.079
55.345 24.165
47.159 32.441
73.329 69.741
60.731 36.34
73.458 33.541
23.177 56.356
98.474 51.754
0.0 100.0
23.833 38.13
0.0 100.0
78.818 56.864
0.0 100.0
52.336 27.779
71.084 60.824
55.997 28.176
34.455 11.041
0.0 100.0
50.456 19.2
28.053 25.724
58.626 21.162
53.361 33.559
65.951 62.947
56.344 8.948
20.269 60.465
77.164 81.121
71.715 32.357
19.878 48.626
28.583 44.427
66.377 73.223
40.465 16.649
33.01 60.659
23.567 59.859
90.597 11.691
0.0 100.0
0.0 100.0
37.976 19.42
24.641 47.332
17.74 54.398
19.542 54.825
55.419 18.125
48.558 16.602
0.0 100.0
0.0 100.0
80.206 64.845
43.965 22.635
79.003 63.499
37.923 61.937
54.278 16.015
10.237 52.993
18.778 57.049
24.203 60.313
0.0 100.0
14.607 53.38
75.331 72.454
50.874 29.029
19.388 46.63
70.42 45.905
0.0 100.0
67.101 50.548
30.855 28.745
51.359 26.403
43.379 27.759
71.294 72.019
57.678 35.787
0.0 100.0
30.408 54.267
25.61 53.08
49.597 28.029
19.099 57.896
65.444 24.912
21.477 42.113
21.536 46.429
0.0 100.0
43.158 25.311
0.0 100.0
40.691 13.394
51.322 42.554
37.907 59.953
40.937 13.285
0.0 100.0
32.776 48.642
73.328 78.045
0.0 100.0
28.148 43.855
48.51 25.475
0.0 100.0
0.0 100.0
58.8 38.528
0.0 100.0
61.417 45.63
0.0 100.0
76.087 76.79
0.0 100.0
68.644 54.165
68.829 54.679
49.343 14.972
64.2 74.623
22.594 52.387
0.0 100.0
0.0 100.0
29.911 53.449
9.876 42.627
0.0 100.0
58.506 38.876
0.0 100.0
36.973 45.648
28.544 46.933
23.267 52.561
69.691 58.634
47.075 18.62
0.0 100.0
26.037 46.128
82.233 72.333
29.101 55.95
29.01 48.919
64.895 38.153
37.373 30.038
0.0 100.0
41.388 27.761
28.95 56.57
65.401 51.957
63.201 25.978
37.894 26.511
63.723 65.392
40.278 15.752
25.561 46.966
50.928 33.505
21.809 35.768
0.0 100.0
0.0 100.0
0.0 100.0
0.0 100.0
32.676 55.896
50.609 3.771
62.917 37.403
14.878 48.741
60.258 61.203
0.0 100.0
86.686 79.896
66.446 35.829
19.281 58.886
53.389 32.864
62.246 64.118
46.979 34.833
0.0 100.0
47.098 41.132
0.0 100.0
5.714 70.351
48.517 22.277
0.0 100.0
33.588 18.965
15.873 54.467
0.0 100.0
32.851 20.469
68.177 28.416
68.911 32.869
77.806 62.448
0.0 100.0
51.325 32.73
0.0 100.0
15.377 48.744
18.791 59.924
0.0 100.0
9.628 56.669
28.639 48.658
35.324 43.745
0.0 100.0
0.0 100.0
49.838 27.333
0.0 100.0
56.208 43.941
70.021 27.363
83.552 57.382
10.854 35.738
27.319 39.536
60.126 31.94
39.929 14.666
0.0 100.0
10.749 54.703
19.432 61.817
0.0 100.0
44.961 25.574
72.199 72.62
38.449 26.976
31.163 63.827
0.0 100.0
56.77 41.949
62.552 30.767
0.0 100.0
32.36 44.647
16.757 44.859
0.0 100.0
0.0 100.0
0.0 100.0
3.282 51.878
63.922 37.142
49.667 32.175
64.087 48.425
0.0 100.0
47.259 4.304
0.0 100.0
17.135 40.617
49.702 54.056
20.386 51.137
0.0 100.0
74.847 68.761
28.498 29.948
49.768 39.016
44.599 25.684
31.382 43.133
70.073 28.045
59.469 32.015
70.292 70.169
62.075 70.857
1.529 47.953
60.0 32.874
45.562 25.379
0.0 100.0
0.0 100.0
72.077 39.078
70.359 37.329
23.424 7.239
61.179 70.011
50.282 22.245
0.0 100.0
84.268 71.731
0.0 100.0
47.985 26.854
68.572 53.775
0.0 100.0
71.303 71.887
19.889 68.608
0.0 100.0
66.952 31.754
53.146 42.846
0.0 100.0
0.0 100.0
59.417 69.517
62.227 45.302
76.605 60.723
74.623 24.529
75.732 58.667
71.159 70.341
0.0 100.0
50.546 63.647
49.202 29.001
58.176 36.525
51.226 62.512
68.687 31.876
72.02 60.596
27.722 40.621
60.151 34.18
61.853 22.148
84.979 62.004
72.273 61.342
19.035 45.007
0.0 100.0
62.13 79.513
73.155 29.394
60.08 32.176
21.173 53.54
0.0 100.0
44.765 33.777
45.124 54.999
15.199 38.211
13.35 41.233
66.813 65.984
55.307 67.961
11.78 38.033
37.175 8.655
60.181 38.704
70.445 54.858
71.268 70.811
13.443 47.006
33.584 52.653
57.412 73.523
54.312 21.709
36.479 19.607
41.268 22.933
16.098 55.145
13.716 47.483
14.901 54.93
51.261 65.102
0.0 100.0
44.642 14.691
68.89 28.153
26.822 47.432
0.0 100.0
71.501 37.373
64.775 33.146
78.372 70.856
66.663 31.655
17.37 57.383
70.073 63.606
23.898 46.324
55.153 37.922
49.978 34.345
59.228 66.699
0.0 100.0
18.877 50.297
55.006 31.912
0.0 100.0
36.846 21.821
31.017 8.324
18.063 46.547
0.0 100.0
0.0 100.0
0.0 100.0
60.4 32.301
61.084 43.532
0.0 100.0
54.892 68.549
43.294 12.725
0.0 100.0
23.453 64.235
18.102 49.54
65.806 27.519
62.331 34.004
21.172 47.82
42.338 24.452
0.0 100.0
65.852 56.057
42.535 11.123
0.0 100.0
58.297 25.053
49.805 33.479
37.758 29.41
22.967 57.197
20.981 41.485
15.121 59.714
70.838 66.2
26.416 30.982
71.631 86.192
67.167 61.821
26.641 40.18
72.27 61.215
34.868 49.607
0.0 100.0
50.554 29.13
40.043 16.329
66.747 40.55
60.635 10.146
51.036 21.637
69.798 52.309
66.705 77.414
61.638 10.526
0.0 100.0
59.159 64.82
0.0 100.0
53.462 26.135
52.075 40.47
74.781 66.892
0.0 100.0
69.272 33.792
75.042 60.125
16.169 51.733
0.0 100.0
0.0 100.0
70.16 66.104
0.0 100.0
0.0 100.0
0.0 100.0
36.029 26.291
65.045 26.932
37.251 22.225
48.167 32.663
78.929 72.74
0.0 100.0
48.978 27.767
26.994 46.815
41.883 13.426
48.11 14.087
31.432 10.192
69.844 59.355
0.0 100.0
70.672 69.591
0.0 100.0
76.767 70.827
0.0 100.0
26.328 54.487
44.711 35.954
66.856 24.312
53.082 64.6
47.279 16.952
68.184 64.299
63.957 67.312
61.884 28.348
22.951 49.163
56.165 53.247
6.978 60.111
52.55 24.679
67.633 61.374
10.5 35.244
43.699 14.592
87.104 60.528
56.032 49.549
0.0 100.0
23.241 48.335
53.609 39.898
64.647 37.873
0.0 100.0
48.266 22.368
32.657 52.562
0.0 100.0
49.676 31.878
39.668 19.339
60.375 20.11
57.439 38.986
39.387 33.724
47.512 32.493
81.916 63.871
39.607 25.171
28.855 10.967
63.868 28.177
0.0 100.0
39.106 14.678
34.031 60.764
16.303 53.246
56.538 46.611
0.0 100.0
58.892 70.45
0.0 100.0
0.0 100.0
36.598 19.159
35.755 20.002
38.532 52.992
67.624 50.408
54.397 29.353
17.038 25.807
85.458 65.288
56.425 28.105
0.0 100.0
64.29 79.836
71.087 17.958
69.651 67.886
53.635 67.214
70.348 34.38
34.878 60.31
37.828 16.747
0.0 100.0
0.0 100.0
4.885 54.724
68.626 75.093
61.354 35.115
49.312 16.287
51.096 18.966
58.218 70.62
72.511 31.039
79.354 73.761
45.99 8.705
60.673 32.603
71.919 24.647
29.776 53.347
0.0 100.0
59.95 59.322
0.0 100.0
0.0 100.0
0.0 100.0
69.042 30.683
65.357 59.749
40.046 22.317
25.285 60.612
86.637 65.48
30.414 10.845
19.124 39.067
70.584 61.445
59.009 43.503
56.057 51.084
50.848 8.309
61.553 15.21
16.005 59.827
69.014 22.335
29.267 54.338
0.0 100.0
57.369 55.668
70.696 61.438
67.158 42.984
35.984 16.92
65.442 54.639
0.0 100.0
77.215 62.503
43.677 31.986
75.785 67.166
58.304 44.47
0.0 100.0
4.59 35.892
16.755 53.776
43.316 37.697
10.724 52.387
22.862 43.866
0.0 100.0
0.0 100.0
48.053 25.359
35.021 25.541
13.367 54.873
67.215 75.799
0.0 100.0
67.283 41.392
28.677 34.379
51.122 12.555
22.593 52.594
14.18 42.262
72.059 73.241
41.772 14.891
20.429 54.043
0.0 100.0
0.0 100.0
0.0 100.0
19.389 54.775
21.73 59.115
68.876 79.905
0.0 100.0
61.404 37.215
46.335 49.852
51.441 23.183
61.247 29.305
63.385 38.806
22.239 54.683
30.53 55.641
65.091 76.061
32.065 55.372
0.0 100.0
78.784 68.554
47.227 24.024
0.0 100.0
41.663 22.204
34.923 10.708
53.675 27.882
99.519 99.973
0.0 100.0
29.894 58.034
76.539 73.684
0.0 100.0
50.647 27.533
62.466 31.727
50.32 27.729
41.882 26.54
51.087 35.744
48.05 45.604
76.195 61.693
57.716 22.9
24.015 60.965
23.446 62.724
68.626 64.587
31.219 51.428
35.183 54.849
0.0 100.0
64.549 37.393
34.369 5.275
23.811 42.323
0.0 100.0
10.147 44.612
43.258 34.742
17.828 49.742
60.69 34.056
69.687 84.336
82.593 56.119
0.0 100.0
32.035 21.88
0.0 100.0
21.057 52.675
50.55 43.407
79.305 73.914
67.642 71.908
57.05 39.981
52.24 30.683
65.038 20.849
0.0 100.0
24.303 55.897
63.934 72.251
67.661 62.107
0.0 100.0
20.387 51.464
0.0 100.0
66.224 65.593
43.832 38.484
15.68 41.816
0.0 100.0
37.373 20.262
75.19 57.991
0.0 100.0
0.0 100.0
0.0 100.0
53.292 24.448
76.465 54.052
57.333 25.311
32.851 46.763
0.0 100.0
36.174 6.295
85.081 69.554
54.979 43.25
1.391 37.446
26.445 53.511
72.777 63.902
29.757 69.626
12.774 52.83
53.618 27.009
25.895 41.022
70.542 99.157
72.846 79.796
71.882 68.262
0.0 100.0
49.222 37.458
0.0 100.0
29.539 48.445
32.334 30.731
63.848 33.171
57.029 35.869
0.0 100.0
86.366 71.387
0.0 100.0
0.0 100.0
74.293 67.28
80.43 75.439
58.806 33.541
21.515 41.882
53.724 38.142
0.0 100.0
45.609 14.575
67.854 35.948
64.303 37.674
59.574 31.82
66.498 63.605
74.323 68.15
45.609 23.537
47.034 8.726
36.887 16.052
0.0 100.0
73.513 55.719
55.705 68.33
41.042 21.231
59.956 33.323
63.881 57.751
74.104 38.554
38.949 27.087
75.513 70.744
47.391 10.863
38.563 13.601
24.245 51.314
72.396 83.199
84.39 37.029
72.589 70.727
71.468 61.446
15.693 54.77
50.927 21.214
0.0 100.0
62.135 68.51
69.534 64.554
37.159 41.895
0.0 100.0
70.811 64.669
0.0 100.0
23.323 56.067
40.887 35.096
43.396 75.114
59.815 22.504
18.297 59.276
0.0 100.0
40.488 22.201
21.623 51.581
0.0 100.0
51.595 25.077
80.504 71.682
26.914 39.408
55.863 30.655
56.747 24.51
28.283 38.307
0.0 100.0
85.0 70.33
79.158 72.003
61.586 66.926
0.0 100.0
50.028 13.474
16.239 58.93
64.945 66.093
38.994 20.226
28.075 45.743
40.559 31.461
54.761 15.626
79.311 61.068
71.176 37.626
71.536 28.993
55.566 47.601
66.52 72.475
0.0 100.0
42.027 48.631
77.428 75.113
28.581 46.323
37.631 9.123
33.235 12.418
23.84 41.997
26.505 26.943
31.366 35.254
17.272 47.851
33.702 16.206
0.0 100.0
19.11 45.575
0.0 100.0
81.619 72.062
69.121 70.873
51.234 35.293
0.0 100.0
49.963 33.054
35.599 57.007
71.903 74.703
26.964 57.061
0.0 100.0
0.0 100.0
49.922 4.634
73.47 70.116
0.0 100.0
28.265 52.147
0.0 100.0
0.0 100.0
54.693 64.846
0.0 100.0
57.103 14.956
0.0 100.0
0.0 100.0
21.033 38.956
66.149 31.48
36.585 33.291
71.11 64.892
38.117 33.055
18.028 52.769
22.343 46.6
0.0 100.0
38.277 16.141
68.445 39.395
25.351 50.478
59.822 20.093
36.651 24.804
0.0 100.0
68.508 65.917
62.456 34.401
0.0 100.0
55.356 33.507
0.0 100.0
62.587 26.285
27.513 38.531
65.947 62.415
24.557 23.679
58.982 12.413
0.0 100.0
14.699 48.03
30.161 26.608
68.046 35.705
75.254 25.315
65.176 22.346
0.0 100.0
0.0 100.0
0.0 100.0
76.737 67.03
47.637 13.78
37.324 18.097
22.03 43.626
37.247 28.171
79.77 39.946
0.0 100.0
63.533 21.779
23.947 49.598
67.406 36.301
52.875 40.046
63.721 51.906
15.962 45.867
72.894 42.369
16.19 54.352
0.0 100.0
23.006 70.598
34.835 61.12
49.075 14.526
27.584 57.917
64.895 27.092
16.397 43.93
0.0 100.0
61.277 68.017
0.0 100.0
69.216 64.503
53.661 38.493
82.359 54.846
22.175 49.993
22.388 41.873
47.99 14.952
33.92 52.667
54.286 31.678
58.305 59.446
74.139 37.076
46.344 46.412
50.45 36.927
79.246 62.139
0.0 100.0
34.296 21.424
0.0 100.0
61.839 35.621
60.674 68.312
23.927 58.742
49.529 17.41
33.591 32.997
64.22 29.677
42.603 20.851
66.399 64.75
57.005 68.802
71.247 70.908
0.0 100.0
61.126 35.903
56.797 16.293
77.271 56.272
22.157 53.058
0.0 100.0
67.648 21.398
0.0 100.0
76.379 28.546
0.0 100.0
53.582 11.624
68.143 68.61
56.549 22.884
59.603 36.266
46.647 22.243
18.163 46.357
42.814 50.49
11.844 43.398
58.886 31.338
59.469 63.659
17.145 46.865
21.783 61.24
0.0 100.0
15.515 56.395
47.367 21.989
51.427 23.769
67.221 70.015
23.252 56.852
0.0 100.0
21.287 56.546
51.581 62.628
73.977 71.109
85.005 73.629
39.405 21.378
63.981 69.744
23.473 42.042
0.0 100.0
0.0 100.0
53.655 17.315
56.204 37.573
77.128 76.792
25.818 56.04
21.191 54.709
0.0 100.0
0.0 100.0
0.0 100.0
58.942 39.393
3.394 98.809
54.679 40.699
25.677 20.943
0.0 100.0
43.444 18.946
64.97 40.664
77.959 69.345
47.63 22.295
44.147 20.776
67.522 28.791
0.0 100.0
51.847 23.363
80.104 60.43
0.0 100.0
0.0 100.0
60.069 36.763
0.0 100.0
66.381 66.087
30.606 52.247
57.762 66.248
23.483 47.826
60.885 23.515
55.369 33.189
46.739 14.702
66.445 46.231
0.0 100.0
16.753 64.796
26.79 43.149
80.182 61.592
39.942 49.574
37.903 23.364
19.212 44.92
55.728 35.403
0.0 100.0
40.15 23.074
63.374 51.061
66.911 61.849
13.076 51.979
27.643 52.309
25.435 38.292
62.803 55.919
52.852 7.815
0.0 100.0
29.191 42.983
29.79 57.547
33.847 56.032
44.466 25.03
0.0 100.0
14.278 49.458
75.935 50.814
30.423 56.947
0.0 100.0
24.58 43.957
0.0 100.0
46.176 43.389
60.581 31.994
47.247 30.339
92.45 68.616
48.569 34.206
26.25 57.218
18.557 53.566
45.333 15.583
0.0 100.0
66.37 65.631
29.141 31.448
0.0 100.0
34.803 42.763
44.9 18.152
36.402 50.347
0.0 100.0
80.328 63.673
29.491 51.706
41.21 21.394
0.0 100.0
41.49 20.526
23.571 51.116
44.726 5.874
57.619 9.363
0.0 100.0
43.474 18.081
56.648 21.667
0.0 100.0
26.069 52.549
71.931 33.556
66.54 65.352
73.575 54.082
40.207 25.76
49.144 19.575
0.0 100.0
79.631 62.782
33.884 36.983
41.283 18.618
0.0 100.0
86.191 76.663
67.252 25.02
30.474 18.753
45.14 30.115
35.557 57.168
0.0 100.0
67.091 70.1
28.021 15.581
25.621 59.189
60.512 70.172
0.0 100.0
64.648 35.311
71.519 78.566
17.793 53.964
49.107 30.187
0.0 100.0
20.006 56.492
0.0 100.0
37.107 33.903
0.0 100.0
0.0 100.0
36.094 21.549
40.065 18.205
51.405 23.346
65.126 23.803
29.765 39.781
58.576 22.433
66.611 62.658
57.616 44.441
50.463 22.104
77.937 66.034
68.228 24.3
28.834 50.391
63.833 25.106
32.592 15.898
21.81 55.112
79.203 76.526
87.706 66.174
82.892 68.674
61.864 25.144
43.404 14.243
82.612 62.329
43.622 23.782
37.45 13.264
45.935 50.578
0.0 100.0
58.423 31.363
15.971 52.344
27.835 39.329
66.181 85.787
49.548 13.717
48.919 16.162
87.093 55.503
37.516 15.599
21.804 43.989
26.732 33.988
66.222 74.748
0.0 100.0
0.0 100.0
53.476 40.289
13.091 50.137
22.068 29.278
0.0 100.0
61.241 31.911
44.321 23.633
43.07 19.012
5.421 48.034
56.721 34.9
31.017 28.31
46.563 46.878
72.049 69.326
35.801 54.56
52.042 37.641
48.179 54.914
45.804 27.959
44.09 13.129
47.302 20.114
57.391 25.893
61.315 37.557
38.568 27.304
0.0 100.0
75.19 56.979
0.0 100.0
64.417 52.671
22.389 47.087
0.0 100.0
19.353 43.433
0.0 100.0
50.176 19.576
65.55 30.115
42.152 6.281
41.883 14.289
0.0 100.0
33.201 58.87
55.246 32.694
0.0 100.0
75.441 75.3
64.118 64.007
54.1 23.208
57.75 21.651
42.723 21.029
65.532 28.173
0.0 100.0
31.206 20.72
62.887 64.773
53.948 25.582
44.409 16.263
29.203 18.012
14.597 55.285
27.884 49.453
26.211 50.855
43.096 21.603
63.478 51.505
64.579 67.105
67.927 31.428
69.578 62.122
13.301 39.523
0.0 100.0
57.094 29.633
0.0 100.0
60.877 43.637
59.997 25.076
0.0 100.0
30.331 53.995
17.358 50.407
73.223 30.575
75.792 51.384
0.0 100.0
53.877 9.074
32.983 12.873
29.364 50.715
60.843 26.343
35.299 25.208
47.566 21.813
0.0 100.0
72.434 20.634
32.204 15.559
66.838 70.522
22.904 52.384
63.926 78.521
19.407 54.503
13.402 53.898
30.015 57.222
19.835 80.201
18.453 56.583
0.0 100.0
44.017 18.237
43.6 12.312
68.004 37.178
67.394 69.029
58.57 33.268
14.542 49.839
31.583 34.457
32.27 61.49
19.171 60.604
64.705 41.113
53.721 41.671
22.993 45.762
0.0 100.0
64.208 44.135
18.459 55.722
35.364 49.116
27.432 37.792
0.0 100.0
0.0 100.0
22.599 52.629
59.51 24.855
67.938 63.28
22.047 50.392
67.976 80.09
57.27 40.811
28.254 63.523
24.28 69.136
48.938 26.65
49.847 35.01
0.0 100.0
57.831 33.614
14.256 48.974
74.053 87.328
0.0 100.0
31.601 60.301
51.374 25.632
44.604 27.799
27.509 25.059
13.067 46.323
0.0 100.0
61.591 35.189
29.1 45.163
63.86 45.062
0.0 100.0
54.242 24.292
53.105 29.033
40.543 10.719
7.8 50.63
0.0 100.0
35.551 31.962
68.311 77.445
45.881 28.559
0.0 100.0
24.359 45.058
3.364 50.334
73.834 61.954
49.625 29.017
67.066 76.279
0.0 100.0
78.833 57.98
0.0 100.0
60.892 41.261
29.817 34.721
0.0 100.0
0.0 100.0
68.066 56.28
81.035 61.872
61.427 70.03
0.0 100.0
0.0 100.0
31.731 40.313
40.375 23.725
58.758 82.013
71.228 40.994
66.123 77.962
91.588 66.427
66.992 60.291
0.0 100.0
19.217 58.398
0.0 100.0
80.762 55.259
19.176 50.78
0.0 100.0
0.0 100.0
36.842 29.483
53.194 30.826
49.065 41.003
73.211 36.11
50.022 46.824
71.193 75.554
0.0 100.0
76.252 69.778
65.553 46.505
62.065 45.696
3.32 46.339
66.955 77.08
27.132 70.067
73.358 68.103
0.0 100.0
62.261 63.203
84.9 72.789
28.968 49.076
0.0 100.0
23.697 50.084
0.0 100.0
72.662 66.504
45.734 29.724
31.561 23.102
74.353 59.768
0.0 100.0
67.243 38.949
73.921 21.706
34.84 59.021
56.127 20.757
51.027 27.931
0.0 100.0
27.335 51.152
23.482 65.962
63.966 39.33
0.0 100.0
69.924 42.522
60.587 74.422
73.872 71.711
75.42 62.782
47.504 26.15
54.93 42.579
59.207 66.793
37.402 40.043
56.518 39.545
0.0 100.0
53.089 50.005
82.242 57.031
45.784 33.769
59.862 43.768
86.084 62.015
60.065 42.453
50.902 28.862
0.0 100.0
76.775 74.754
64.684 89.636
22.259 55.562
35.902 48.282
71.891 70.558
71.871 24.087
63.125 45.265
0.0 100.0
64.306 73.518
0.0 100.0
60.561 61.226
20.491 56.792
19.049 47.956
0.0 100.0
15.792 57.697
0.0 100.0
98.985 88.956
0.0 100.0
58.631 63.728
70.045 72.961
49.957 29.383
63.971 31.207
30.66 48.749
68.176 66.136
32.01 21.211
0.0 100.0
0.0 100.0
64.338 28.935
71.763 27.414
0.0 100.0
37.378 68.832
0.0 100.0
72.816 30.972
44.629 32.509
19.072 58.94
54.055 33.693
67.186 60.531
50.122 36.917
0.0 100.0
20.709 65.012
59.951 34.319
51.833 27.483
43.67 26.813
31.006 22.278
63.167 36.834
49.826 19.769
59.176 43.405
39.874 10.177
26.533 50.503
31.36 17.143
16.172 55.756
61.402 57.615
36.951 40.732
0.0 100.0
24.742 65.801
43.302 16.185
64.786 73.087
0.0 100.0
27.514 29.977
86.971 58.478
73.629 52.647
20.17 58.769
0.0 100.0
22.838 44.45
47.933 28.429
21.974 28.436
25.139 1.517
46.309 17.033
0.0 100.0
0.0 100.0
69.908 78.228
54.952 62.008
64.133 33.311
62.271 25.484
49.913 10.485
56.118 36.491
0.0 100.0
84.926 63.035
32.637 18.24
21.119 53.015
75.581 60.809
67.532 80.203
0.0 100.0
83.735 63.053
52.839 42.103
45.041 37.653
0.0 100.0
76.993 75.923
60.737 80.717
63.814 60.682
34.001 14.487
68.618 50.005
61.738 42.932
0.0 100.0
76.921 66.33
36.523 36.083
67.944 54.031
69.698 36.458
0.0 100.0
0.0 100.0
13.596 57.801
66.989 70.78
60.744 36.518
0.0 100.0
18.004 33.6
9.763 49.746
23.949 52.151
0.0 100.0
57.688 25.65
49.155 25.048
32.718 28.279
52.022 43.08
63.055 15.699
59.577 22.91
15.516 61.974
85.616 61.274
18.043 59.792
0.0 100.0
6.197 56.51
39.822 24.023
0.0 100.0
0.0 100.0
49.132 25.26
0.0 100.0
22.327 50.132
68.716 62.456
0.0 100.0
10.544 54.627
0.0 100.0
27.223 35.454
64.018 68.779
70.14 65.701
66.412 66.683
60.446 65.497
73.597 69.386
0.0 100.0
67.227 67.316
72.448 30.641
0.0 100.0
0.0 100.0
63.68 59.147
0.0 100.0
29.423 51.864
0.0 100.0
30.172 30.048
58.645 34.604
10.015 49.732
29.624 18.638
41.528 23.777
48.558 30.895
44.351 86.663
73.528 58.432
43.099 20.049
28.592 25.635
40.371 26.124
0.0 100.0
77.039 67.716
62.75 43.399
33.077 38.678
0.0 100.0
0.0 100.0
22.052 56.337
29.324 28.552
0.0 100.0
0.0 100.0
65.146 18.911
0.0 100.0
78.574 34.764
0.0 100.0
14.162 40.777
72.019 71.442
77.575 83.851
38.589 23.601
80.668 63.356
76.388 73.357
63.251 37.456
63.128 26.422
0.0 100.0
30.659 45.064
43.522 25.38
64.944 39.805
64.44 67.057
32.156 71.345
0.0 100.0
19.323 46.946
61.004 32.925
52.199 26.76
25.136 27.287
23.697 54.549
71.305 44.274
0.0 100.0
0.0 100.0
0.0 100.0
80.131 68.391
29.539 16.681
0.0 100.0
39.065 22.86
0.0 100.0
73.315 19.385
69.004 40.381
65.56 34.781
0.0 100.0
47.808 30.961
78.486 60.425
26.374 40.035
17.947 57.283
50.646 36.121
49.223 69.595
93.427 64.876
68.331 76.137
46.746 23.704
55.496 33.439
46.313 15.978
66.937 69.559
65.493 33.527
28.317 39.142
53.903 38.508
0.0 100.0
24.629 44.922
32.867 16.875
72.464 74.204
0.0 100.0
0.0 100.0
72.846 65.733
42.511 12.457
19.901 42.37
77.803 78.769
0.0 100.0
63.636 74.872
27.331 52.148
24.284 56.382
29.189 58.76
48.002 26.182
0.0 100.0
69.962 32.561
0.0 100.0
4.414 44.2
30.805 19.875
35.19 14.794
0.0 100.0
58.612 20.829
36.287 64.169
62.116 59.955
0.0 100.0
23.898 22.864
19.937 50.637
0.0 100.0
47.306 14.509
0.0 100.0
43.027 21.809
39.054 51.28
41.848 36.136
0.0 100.0
53.84 26.226
68.416 40.133
28.241 47.018
59.756 78.391
24.65 66.331
46.904 30.496
75.905 65.804
67.086 39.377
64.19 49.523
25.091 36.301
26.551 18.969
46.225 30.92
80.486 63.81
33.754 7.59
68.634 29.808
0.0 100.0
76.871 62.766
36.506 19.209
39.937 14.88
69.665 31.405
69.263 72.985
40.295 31.276
28.933 44.402
21.56 60.918
25.007 41.111
0.0 100.0
0.0 100.0
13.524 43.197
88.561 68.785
0.0 100.0
74.519 65.244
79.162 71.999
62.629 70.135
0.0 100.0
30.742 34.824
0.0 100.0
0.0 100.0
80.663 54.156
70.705 57.638
0.0 100.0
0.0 100.0
36.221 53.762
62.16 69.28
24.989 50.728
24.384 43.159
73.522 80.949
66.145 72.187
77.873 69.092
0.0 100.0
0.0 100.0
0.0 100.0
0.0 100.0
59.467 25.837
0.0 100.0
0.0 100.0
0.0 100.0
23.641 38.562
19.985 52.361
0.0 100.0
55.04 44.152
66.267 62.148
80.372 68.726
68.843 36.645
59.935 23.56
0.0 100.0
14.343 55.422
22.337 60.157
74.132 58.006
22.598 41.116
72.214 71.331
64.191 80.578
59.98 24.688
55.939 26.201
37.192 35.152
0.0 100.0
41.353 27.684
42.759 13.307
50.718 19.298
18.626 52.677
64.024 37.193
0.0 100.0
41.853 16.835
18.965 56.629
47.314 20.639
0.0 100.0
55.294 14.499
22.048 46.73
58.37 42.698
67.764 70.302
22.251 68.103
74.505 58.739
52.761 36.097
16.122 44.95
48.889 33.317
64.634 67.094
31.18 56.411
0.0 100.0
51.337 26.316
65.773 34.079
70.002 17.624
28.928 58.542
0.0 100.0
33.667 21.637
44.486 22.936
58.38 24.49
68.045 40.946
41.861 2.221
78.489 52.798
47.043 18.654
67.663 63.941
65.869 22.638
54.311 36.677
22.299 65.79
0.0 100.0
31.134 49.893
0.0 100.0
31.03 54.486
0.0 100.0
77.155 74.667
0.0 100.0
0.0 100.0
48.174 19.956
22.847 58.04
0.0 100.0
25.283 56.606
68.076 67.884
0.0 100.0
0.0 100.0
55.605 24.65
49.754 23.653
0.0 100.0
67.17 17.771
62.966 60.432
19.583 58.226
0.0 100.0
0.0 100.0
32.153 28.245
0.0 100.0
62.891 41.019
24.112 32.956
26.935 36.829
59.154 37.261
43.94 30.111
22.307 40.588
0.0 100.0
72.358 29.787
42.807 23.112
49.37 47.021
7.794 44.304
0.0 100.0
0.0 100.0
47.851 22.147
48.275 21.218
20.873 51.609
67.756 78.885
26.201 43.394
54.103 29.921
57.073 38.662
56.73 18.031
65.398 60.943
50.038 34.14
46.105 29.266
19.99 42.053
52.452 29.684
47.048 0.535
31.666 45.715
0.0 100.0
30.007 21.622
0.0 100.0
21.202 52.98
60.998 61.237
0.0 100.0
70.362 40.75
76.458 49.083
0.0 100.0
64.763 41.8
40.293 23.912
11.334 47.901
76.93 78.926
19.096 51.876
26.277 56.33
0.0 100.0
21.263 38.782
0.0 100.0
38.239 26.818
55.852 27.04
0.0 100.0
36.172 17.846
78.75 75.782
56.536 16.24
71.508 60.904
0.0 100.0
0.0 100.0
51.456 34.087
63.393 67.284
70.636 70.223
43.555 19.406
46.202 12.568
32.154 23.662
64.557 26.63
1.006 46.709
22.691 43.351
71.529 25.102
65.897 64.238
28.493 36.186
69.333 64.274
33.975 8.117
40.212 12.691
41.873 21.884
29.121 50.309
46.476 9.134
60.925 70.36
18.628 42.355
19.556 30.864
86.118 77.747
33.674 59.52
60.447 71.531
45.592 23.517
52.792 31.192
47.192 24.091
0.0 100.0
0.0 100.0
36.494 24.291
0.0 100.0
28.761 24.365
79.25 70.302
48.881 16.898
19.59 37.077
37.942 18.975
53.668 26.559
57.973 27.009
62.951 19.028
57.035 25.686
46.109 26.314
77.739 78.501
0.0 100.0
36.545 28.377
72.878 32.215
0.0 100.0
49.984 6.349
55.9 22.457
41.478 18.093
60.468 65.769
49.752 32.632
71.097 69.85
37.537 18.956
67.616 29.366
47.9 28.404
13.089 46.466
21.929 49.21
78.497 55.733
17.592 47.919
43.3 9.58
12.892 56.507
70.344 60.535
0.0 100.0
50.668 31.982
64.705 57.977
84.135 30.91
55.785 36.679
27.804 47.936
75.203 20.839
47.577 13.426
29.542 52.12
0.0 100.0
57.198 66.59
13.254 43.581
36.358 25.893
60.297 67.521
48.186 24.347
0.0 100.0
59.923 65.382
0.0 100.0
40.946 25.991
0.0 100.0
18.782 45.713
28.057 48.863
58.0 29.803
41.935 30.02
73.664 62.829
73.283 61.972
82.263 44.811
39.462 26.538
60.601 29.253
0.0 100.0
39.345 15.503
62.439 54.484
45.041 16.983
44.965 38.479
46.68 20.324
0.0 100.0
68.778 70.192
36.61 14.844
16.395 48.238
64.49 35.165
28.458 60.458
40.334 11.341
37.414 24.223
27.735 20.138
61.208 31.242
41.493 7.602
60.712 37.685
15.453 52.86
0.0 100.0
68.648 40.138
38.643 8.327
44.913 37.118
0.0 100.0
73.321 69.381
0.0 100.0
37.492 14.047
0.0 100.0
0.0 100.0
53.195 34.764
21.967 62.642
47.232 35.834
55.152 29.028
0.0 100.0
62.965 74.293
3.682 23.458
0.0 100.0
0.0 100.0
0.0 100.0
61.333 32.693
0.0 100.0
0.0 100.0
21.573 47.452
17.582 32.532
72.12 58.75
65.071 37.534
54.826 0.291
67.334 17.645
69.76 69.139
0.0 100.0
73.066 70.15
76.035 56.284
68.815 28.266
11.992 48.303
0.0 100.0
55.247 48.087
67.839 82.525
36.21 35.62
45.132 33.229
0.0 100.0
87.412 75.564
63.827 32.811
40.886 15.455
26.168 58.632
67.667 25.657
0.0 100.0
9.715 45.952
0.0 100.0
0.0 100.0
0.0 100.0
0.0 100.0
0.0 100.0
78.594 67.809
35.009 41.519
0.0 100.0
16.564 30.704
89.623 68.098
53.473 25.484
45.682 30.506
30.893 56.146
72.095 69.596
45.327 27.167
20.725 39.885
39.338 24.711
73.286 73.489
54.578 14.871
53.479 23.204
71.528 58.699
0.0 100.0
65.145 73.77
66.998 35.544
0.0 100.0
28.177 54.91
70.328 28.815
44.533 22.814
42.608 43.846
51.096 42.3
39.169 36.911
59.406 26.474
18.364 51.549
46.959 24.49
12.475 65.913
0.0 100.0
50.596 26.678
51.99 20.983
40.913 19.802
58.172 21.529
20.631 48.64
22.898 32.405
63.67 31.107
17.959 40.96
76.258 32.631
31.959 58.167
22.464 33.817
59.92 23.187
0.0 100.0
56.993 32.785
39.1 17.549
70.41 60.996
56.05 35.66
43.155 11.893
51.293 12.561
67.886 54.576
68.799 60.689
75.804 53.889
28.597 66.85
68.716 17.067
0.0 100.0
51.958 24.739
72.563 25.307
23.996 32.051
0.0 100.0
75.342 69.259
50.899 29.772
0.0 100.0
73.619 68.982
54.714 39.806
75.602 54.367
43.794 45.696
0.0 100.0
74.241 59.853
0.0 100.0
65.355 64.526
55.534 38.698
23.697 61.584
51.662 11.471
41.1 21.818
79.484 61.306
0.0 100.0
43.742 24.422
73.344 77.194
47.971 15.268
51.848 38.107
90.636 55.586
45.267 17.022
0.0 100.0
53.133 24.041
69.459 36.087
0.0 100.0
0.0 100.0
33.196 54.081
60.5 30.935
51.194 10.425
59.838 49.26
34.246 20.593
44.161 11.291
37.254 19.486
70.483 72.693
46.472 62.661
40.272 25.477
48.073 24.446
22.097 53.082
75.388 80.497
67.662 75.286
40.962 20.282
0.0 100.0
0.0 100.0
0.0 100.0
29.227 54.549
50.93 4.875
0.0 100.0
0.0 100.0
28.304 57.431
53.391 87.847
33.479 56.683
17.808 74.066
71.636 45.958
46.788 55.314
89.949 40.93
34.66 45.854
0.0 100.0
0.0 100.0
55.7 34.128
0.0 100.0
38.232 9.182
65.769 75.889
46.457 33.769
0.0 100.0
75.438 71.168
0.0 100.0
31.598 48.607
42.136 15.008
33.765 16.255
61.247 62.926
78.141 69.268
26.731 59.84
30.028 49.149
62.962 74.647
29.307 47.132
52.785 23.106
0.0 100.0
28.009 53.013
36.453 16.488
31.567 20.037
69.529 56.147
0.0 100.0
79.332 64.095
29.855 27.042
52.694 24.037
29.69 38.797
69.592 70.75
0.0 100.0
43.134 27.296
24.569 41.922
24.687 56.128
54.859 25.718
54.476 27.604
39.379 14.04
15.656 47.376
67.26 38.816
69.671 65.041
50.845 17.672
45.419 28.665
16.026 57.121
69.004 49.817
60.972 65.914
67.732 34.952
0.0 100.0
61.73 26.029
54.382 22.691
16.473 49.456
65.947 62.752
43.857 10.413
68.975 66.794
68.628 46.613
46.604 15.58
63.105 32.678
12.831 38.264
47.495 33.845
43.915 61.51
81.76 25.687
42.802 11.839
48.182 41.545
57.008 24.299
0.0 100.0
41.346 13.506
50.455 26.903
69.067 71.96
53.712 57.417
58.605 29.025
20.887 55.986
0.0 100.0
48.243 29.613
26.533 70.331
52.716 18.723
58.786 70.476
71.402 56.317
0.0 100.0
80.184 64.702
34.48 38.753
21.662 67.994
79.133 24.955
67.849 17.23
81.339 63.375
34.293 55.645
22.056 47.528
47.708 45.983
34.244 26.554
28.124 15.794
47.889 19.747
47.415 33.601
27.435 61.326
0.0 100.0
56.666 34.355
50.941 18.274
61.64 26.973
0.0 100.0
68.71 55.931
46.099 17.027
64.836 25.104
0.0 100.0
0.0 100.0
21.416 57.244
76.25 83.471
23.237 52.675
73.471 60.357
58.441 34.287
26.565 63.555
58.879 15.296
0.0 100.0
34.354 50.843
56.735 44.223
0.0 100.0
0.0 100.0
49.572 25.216
23.624 58.342
44.047 26.28
62.041 44.34
71.428 68.366
58.548 26.901
75.487 60.572
14.456 54.543
51.301 16.903
23.133 46.727
59.326 26.181
0.0 100.0
59.105 35.516
57.751 26.355
6.903 50.187
63.008 37.373
65.559 67.185
0.0 100.0
0.0 100.0
45.021 23.512
26.196 45.902
45.43 22.988
39.323 12.679
29.861 15.927
30.721 46.351
24.804 45.536
53.601 32.373
44.797 2.61
0.0 100.0
19.166 45.282
48.917 26.112
59.083 82.377
0.0 100.0
4.793 70.432
15.552 61.347
36.964 52.938
32.162 49.348
66.137 64.106
35.171 59.997
0.0 100.0
60.248 73.335
0.0 100.0
63.03 54.753
53.901 32.305
59.192 29.952
74.335 31.646
56.494 77.885
64.217 37.656
59.78 56.052
47.054 26.065
33.369 47.315
65.376 57.326
31.79 30.084
48.109 23.802
55.171 20.421
45.093 30.152
57.132 40.912
26.854 25.137
59.95 38.122
22.664 52.083
30.159 8.021
58.655 76.19
48.319 20.02
63.483 59.169
54.182 46.665
0.0 100.0
61.452 63.664
43.136 21.527
41.87 29.656
68.052 40.378
47.361 27.442
70.217 63.991
88.737 67.788
65.28 23.855
63.663 62.552
79.036 64.417
58.214 28.888
0.0 100.0
48.519 36.11
0.0 100.0
47.199 28.136
41.129 27.163
0.0 100.0
60.509 12.429
0.0 100.0
8.249 50.291
29.323 18.276
0.0 100.0
76.322 71.941
0.0 100.0
0.0 100.0
61.722 42.64
13.594 55.056
34.63 11.491
0.0 100.0
41.88 23.146
55.957 23.573
56.422 35.124
0.0 100.0
0.0 100.0
0.0 100.0
43.768 8.142
57.178 29.726
18.391 44.269
58.074 29.217
32.184 31.302
0.0 100.0
77.548 21.712
0.0 100.0
58.06 75.693
25.661 55.618
0.0 100.0
59.227 21.877
0.0 100.0
64.717 73.719
22.728 60.021
61.384 74.354
0.0 100.0
0.0 100.0
67.879 28.592
57.847 35.286
53.275 28.242
0.0 100.0
47.486 12.262
61.884 40.596
27.022 21.209
80.409 53.628
0.0 100.0
0.0 100.0
73.782 68.591
71.466 80.226
36.805 18.866
0.0 100.0
71.46 20.647
65.429 74.482
44.716 15.222
54.34 29.371
39.604 23.284
52.506 38.326
48.578 32.622
0.0 100.0
48.503 9.28
42.85 42.607
59.624 62.138
61.553 18.584
15.171 46.417
98.063 18.332
13.068 47.713
66.648 52.384
73.634 72.899
11.859 39.362
0.0 100.0
0.0 100.0
46.056 27.208
27.337 68.043
34.402 15.355
55.577 22.633
0.0 100.0
37.903 54.755
27.068 36.09
73.681 70.496
0.0 100.0
71.39 78.033
56.027 21.417
10.826 48.686
74.939 59.771
41.439 17.627
50.312 3.397
66.1 28.829
21.949 52.321
0.0 100.0
0.0 100.0
57.684 66.249
29.878 38.907
22.014 48.326
46.907 40.37
62.552 38.563
63.729 33.823
16.796 46.191
39.606 25.715
52.788 32.168
13.589 53.207
45.944 25.121
41.966 23.822
29.547 56.201
37.269 23.973
21.308 54.914
73.486 62.416
67.74 51.733
43.975 15.332
68.31 40.595
32.126 58.143
70.284 73.047
66.098 70.866
64.495 41.047
27.204 46.168
70.995 37.766
72.213 61.815
69.065 61.446
71.029 48.826
71.943 56.269
74.059 68.952
12.919 55.758
71.824 33.36
30.631 51.726
33.109 55.443
0.0 100.0
31.979 23.022
0.0 100.0
53.193 27.838
56.511 31.781
59.663 23.791
44.332 25.244
19.809 51.726
56.751 27.465
62.249 25.131
56.37 23.708
0.0 100.0
4.247 42.104
93.4 72.461
72.894 71.195
32.695 45.412
33.662 56.364
48.665 3.874
38.047 31.355
54.311 28.699
57.407 36.775
23.226 54.757
46.831 21.879
0.0 100.0
72.961 47.105
61.791 21.043
23.759 17.085
17.968 65.259
63.95 78.428
68.393 22.601
0.0 100.0
47.19 12.991
62.171 73.34
0.0 100.0
0.0 100.0
0.0 100.0
45.416 18.42
59.813 38.785
0.0 100.0
24.195 39.257
79.137 70.397
56.577 38.173
63.565 29.561
0.0 100.0
27.76 46.865
31.571 76.015
66.448 71.494
76.298 62.956
39.15 18.233
0.0 100.0
73.014 69.068
0.0 100.0
45.83 11.058
52.661 35.7
25.751 48.567
32.681 47.204
76.76 80.529
41.161 17.723
67.757 46.826
15.217 44.9
76.04 68.376
58.504 21.877
36.53 24.387
33.36 48.981
73.384 33.543
64.298 73.068
63.675 28.452
28.227 31.695
34.829 22.768
67.021 30.076
70.346 22.344
53.468 41.493
17.785 45.555
64.578 64.177
70.481 22.431
21.361 52.388
72.038 69.467
68.532 73.559
32.726 52.916
35.037 61.677
0.0 100.0
69.027 33.397
0.0 100.0
0.0 100.0
12.523 52.062
66.407 38.719
20.14 49.091
59.134 44.089
36.019 0.894
78.535 59.77
56.224 28.331
25.889 55.186
72.14 22.664
70.295 30.071
0.0 100.0
8.754 36.583
0.0 100.0
0.0 100.0
22.125 55.965
80.381 66.52
0.0 100.0
75.757 69.532
31.258 25.398
32.012 19.838
0.0 100.0
62.431 23.39
12.877 39.311
77.587 73.821
61.536 35.0
34.894 26.069
86.195 50.284
0.0 100.0
45.647 23.52
4.393 15.54
0.0 100.0
74.605 46.226
65.39 68.082
61.233 38.115
0.0 100.0
0.0 100.0
67.537 58.233
64.051 58.509
0.0 100.0
46.098 35.837
60.708 76.282
61.305 39.169
0.0 100.0
73.918 67.572
70.549 26.328
73.894 60.013
0.0 100.0
0.0 100.0
0.0 100.0
60.172 45.653
16.347 59.372
49.2 35.827
75.158 27.431
44.907 30.648
44.784 21.13
72.457 72.515
39.224 13.391
56.901 38.917
42.192 18.641
0.0 100.0
40.261 32.621
0.0 100.0
0.0 100.0
0.0 100.0
0.0 100.0
24.232 21.539
0.0 100.0
37.731 5.751
66.999 65.895
0.0 100.0
33.35 42.046
0.0 100.0
36.066 30.199
0.0 100.0
65.105 20.292
44.961 15.912
48.639 24.448
31.618 5.911
22.275 28.116
0.0 100.0
0.0 100.0
26.645 58.328
0.0 100.0
0.0 100.0
69.498 68.494
22.423 63.194
44.144 22.672
33.061 57.102
71.714 75.606
0.0 100.0
48.163 27.023
18.822 44.879
0.0 100.0
33.907 31.42
75.207 26.09
77.47 70.523
44.058 31.784
67.658 69.635
57.107 33.411
62.995 67.524
59.434 16.143
67.101 63.736
0.0 100.0
63.541 30.906
71.418 48.641
0.0 100.0
0.0 100.0
40.982 46.579
36.033 33.601
0.0 100.0
74.099 65.735
77.604 65.838
36.865 27.264
45.215 24.919
41.278 11.217
67.812 37.699
0.0 100.0
38.685 23.66
83.29 71.471
70.361 76.026
58.983 26.398
31.023 43.391
0.0 100.0
69.069 27.626
73.318 46.987
0.0 100.0
27.361 54.269
62.777 79.193
40.503 10.152
0.0 100.0
59.068 28.66
14.194 41.993
0.0 100.0
73.557 25.455
33.044 39.829
74.384 67.52
62.037 34.234
40.13 22.037
56.544 35.758
74.465 29.574
61.384 26.204
35.021 41.813
15.831 51.695
19.038 52.5
21.409 51.5
79.69 75.565
7.281 44.383
71.191 37.31
66.556 32.148
18.749 68.634
32.874 14.715
0.0 100.0
0.0 100.0
28.355 46.678
61.971 42.442
21.702 55.291
59.325 68.502
43.884 27.301
64.375 38.808
69.981 69.015
11.386 49.701
87.087 78.244
76.344 68.25
53.944 46.046
26.279 45.198
41.01 9.814
0.0 100.0
0.0 100.0
52.292 13.643
34.9 51.171
34.959 9.294
48.222 31.185
24.35 54.099
25.977 57.665
23.887 46.95
75.233 75.153
55.986 59.816
20.064 59.64
60.071 39.722
63.436 68.397
29.609 48.71
19.735 40.526
67.743 62.673
58.699 34.196
54.535 29.364
5.602 49.487
85.954 65.222
42.121 63.395
42.02 17.353
0.0 100.0
0.0 100.0
11.182 49.783
52.911 33.057
65.288 73.221
77.874 63.971
57.889 40.201
74.39 80.007
63.619 60.568
36.844 14.924
59.146 64.997
62.004 45.754
0.0 100.0
48.965 10.336
82.915 28.466
33.87 9.198
52.077 45.045
56.96 37.284
20.067 54.626
0.0 100.0
54.59 27.403
69.012 24.681
0.0 100.0
64.623 38.242
51.493 30.929
53.782 70.913
65.825 25.429
11.363 44.78
73.947 35.532
58.73 32.201
34.051 49.558
68.007 71.727
66.91 36.696
0.0 100.0
20.509 41.23
66.563 74.495
0.0 100.0
48.902 9.484
42.737 26.784
0.0 100.0
58.058 69.71
0.0 100.0
63.344 61.321
27.306 49.511
42.198 20.175
72.787 73.661
69.719 57.726
35.023 14.046
74.659 58.963
77.705 63.807
43.076 11.595
65.279 65.908
58.893 83.435
69.46 54.536
30.805 44.187
0.0 100.0
65.553 39.303
0.0 100.0
7.566 54.127
0.0 100.0
56.17 32.701
49.93 21.419
0.0 100.0
0.0 100.0
18.662 49.054
45.147 27.062
10.988 59.58
0.0 100.0
60.891 33.664
48.796 24.803
76.519 70.413
62.811 67.894
57.349 39.488
68.917 83.403
70.631 55.746
55.838 30.675
41.451 12.361
23.757 41.69
38.993 22.395
76.078 56.378
0.0 100.0
64.9 49.284
66.58 57.488
58.238 61.274
16.262 50.863
73.696 69.242
75.662 64.454
35.401 15.431
19.011 56.723
64.153 49.188
57.048 58.307
33.504 19.833
59.523 76.891
30.968 53.638
0.0 100.0
0.0 100.0
46.356 21.918
57.63 18.952
17.468 45.876
80.68 50.867
18.064 48.44
49.899 20.989
58.949 72.103
0.0 100.0
36.411 25.826
55.973 35.001
0.0 100.0
55.892 27.261
60.917 23.917
0.0 100.0
58.572 25.878
44.33 17.954
64.995 35.095
24.397 38.227
39.786 18.242
65.028 39.023
49.857 32.35
60.795 21.346
0.0 100.0
44.002 24.809
0.0 100.0
0.0 100.0
41.146 22.471
0.0 100.0
32.448 55.417
50.261 28.397
67.582 89.256
53.485 38.187
67.699 56.14
61.822 31.176
77.935 69.66
0.0 100.0
60.043 73.333
21.553 49.036
61.962 66.122
47.492 21.375
59.446 37.559
74.268 79.11
64.971 58.996
79.113 61.566
56.72 26.417
51.387 27.722
31.008 48.134
66.185 67.948
66.926 59.325
0.0 100.0
0.0 100.0
50.864 29.412
74.424 67.754
23.607 51.834
0.0 100.0
55.607 26.3
0.0 100.0
36.728 21.7
68.43 66.663
9.241 40.797
30.913 14.039
72.61 68.599
43.472 11.163
0.0 100.0
31.642 38.061
56.456 33.545
56.627 60.505
59.639 50.175
61.939 80.884
38.047 15.416
50.335 29.616
57.391 16.287
57.51 40.812
63.294 64.813
70.336 56.158
69.1 80.892
19.314 48.753
38.656 34.234
74.569 23.872
52.439 31.072
18.889 62.557
68.138 42.408
0.0 100.0
50.488 23.673
15.64 55.855
65.822 62.918
19.967 55.298
29.946 24.883
74.05 60.093
21.461 37.683
27.374 34.729
29.335 53.49
49.669 21.926
22.895 49.471
76.943 47.026
60.705 36.741
26.849 53.088
52.914 23.762
62.184 38.699
0.0 100.0
0.0 100.0
34.612 17.18
54.144 29.132
0.0 100.0
43.91 12.548
31.566 12.649
58.64 63.644
58.299 30.912
61.614 28.871
0.0 100.0
23.568 41.727
27.162 59.58
23.477 45.642
40.958 56.174
74.259 68.649
47.471 18.558
0.0 100.0
75.498 62.935
65.29 22.747
0.0 100.0
30.812 70.353
73.605 64.778
27.805 51.276
18.438 42.582
0.0 100.0
72.182 66.254
0.0 100.0
0.0 100.0
62.856 21.913
37.352 21.831
55.559 35.808
19.89 45.697
42.719 35.986
40.455 24.56
59.633 33.061
38.25 56.161
0.0 100.0
34.877 29.107
51.851 27.831
49.248 29.537
19.636 54.402
27.367 39.499
41.218 16.014
4.317 49.739
0.0 100.0
11.791 64.129
0.0 100.0
46.914 26.953
0.0 100.0
0.0 100.0
0.0 100.0
12.736 40.43
58.825 21.95
68.766 60.38
24.013 64.635
58.538 65.695
25.371 51.019
73.542 77.51
0.0 100.0
34.163 39.554
46.113 2.096
0.0 100.0
72.395 48.271
59.668 28.116
65.64 36.21
60.272 27.561
0.0 100.0
61.197 39.894
29.957 65.02
60.311 56.236
33.629 66.9
0.0 100.0
87.006 68.401
20.137 52.145
64.597 71.483
0.0 100.0
30.847 48.189
41.465 7.61
25.394 68.875
38.612 35.067
22.798 51.177
52.624 16.371
64.516 66.214
25.646 46.531
42.612 12.229
22.909 53.513
0.0 100.0
8.157 47.835
36.825 20.087
56.318 45.564
9.141 48.039
68.619 62.824
55.821 34.607
76.893 84.538
45.848 9.431
0.0 100.0
0.0 100.0
49.684 31.538
0.0 100.0
23.469 56.643
0.0 100.0
0.0 100.0
58.422 30.82
20.376 55.386
48.772 26.629
0.0 100.0
23.266 37.766
0.0 100.0
72.437 25.771
0.0 100.0
75.017 73.192
44.767 24.0
50.298 6.956
25.192 41.963
63.465 46.747
0.0 100.0
50.1 22.587
52.548 33.617
70.163 57.71
35.995 35.289
34.922 16.159
0.0 100.0
69.242 70.32
67.531 30.619
50.832 36.411
76.482 53.912
0.0 100.0
76.102 43.179
80.979 63.103
76.292 14.851
65.792 61.107
78.202 86.993
0.0 100.0
73.459 65.738
70.262 33.942
22.73 59.328
53.106 74.243
7.365 51.96
34.732 32.509
40.314 15.95
32.625 30.461
16.219 40.451
51.508 21.523
31.284 50.624
36.217 27.903
54.461 31.939
24.685 43.436
0.0 100.0
0.0 100.0
6.671 44.133
67.944 76.737
31.314 51.903
66.845 16.868
40.677 33.19
0.0 100.0
21.219 62.944
38.581 31.808
60.926 37.205
59.803 35.068
20.618 54.059
20.069 63.978
30.259 27.339
46.91 20.405
0.0 100.0
30.215 49.676
60.533 38.45
46.117 20.907
60.924 50.516
83.135 63.836
43.631 20.177
46.414 12.63
33.45 11.072
27.854 57.97
74.256 32.979
0.0 100.0
35.936 53.402
52.897 23.984
32.038 50.044
0.0 100.0
40.494 24.165
26.111 36.746
0.0 100.0
43.642 20.323
62.448 19.91
21.657 46.268
27.972 48.768
25.525 39.935
0.0 100.0
73.825 37.375
85.857 68.565
50.368 25.596
0.0 100.0
24.903 43.806
58.664 35.571
51.376 26.714
44.065 32.876
26.849 62.682
0.0 100.0
62.548 25.425
0.0 100.0
0.0 100.0
38.574 17.728
60.591 32.327
70.098 55.129
49.508 36.271
75.817 69.299
48.043 22.499
0.0 100.0
0.0 100.0
32.088 54.278
22.056 51.96
24.178 52.021
8.984 53.839
76.422 75.126
19.067 51.988
46.18 23.447
78.824 79.817
77.02 66.979
46.689 15.286
22.886 49.063
0.0 100.0
51.947 33.588
0.0 100.0
64.929 25.412
48.877 17.872
43.445 26.613
63.985 65.701
84.128 69.932
0.0 100.0
0.0 100.0
0.0 100.0
49.754 21.946
40.602 29.633
76.325 61.983
53.196 32.678
58.013 45.348
64.627 70.535
65.911 76.557
84.802 75.057
54.314 25.097
15.245 48.82
63.992 24.985
19.783 51.566
37.907 24.213
44.094 22.018
35.724 17.818
58.499 65.17
52.465 51.859
0.0 100.0
79.632 64.343
58.785 41.89
66.973 23.595
57.103 48.958
34.292 23.574
15.306 43.527
42.902 13.417
51.767 31.462
67.503 29.415
48.701 19.612
67.431 28.195
62.569 95.505
0.0 100.0
0.0 100.0
34.562 26.321
27.627 43.573
70.181 29.624
44.8 11.44
49.466 18.351
64.181 43.526
0.0 100.0
0.0 100.0
0.0 100.0
26.319 42.018
26.921 46.53
4.707 40.186
70.605 63.347
22.239 59.537
58.328 35.478
62.552 22.641
51.461 27.699
36.388 45.51
0.0 100.0
64.894 45.612
43.915 25.885
56.717 76.405
50.141 31.409
79.583 64.977
71.35 84.186
39.745 25.459
76.884 58.722
62.637 25.045
15.941 53.046
87.775 62.823
0.0 100.0
32.877 33.664
35.509 58.182
57.026 49.509
11.029 57.219
71.333 68.906
33.334 15.058
55.657 15.578
71.921 71.059
69.058 75.444
72.176 58.073
42.914 23.218
46.881 27.103
0.0 100.0
37.419 22.963
0.0 100.0
63.722 79.124
0.0 100.0
45.977 4.224
44.212 15.57
59.731 67.815
26.817 58.135
24.132 45.039
70.123 79.891
68.99 28.845
32.387 21.296
0.0 100.0
22.527 48.475
9.739 60.698
33.788 49.121
43.462 30.166
60.159 47.106
81.718 68.444
73.721 69.29
73.555 71.797
17.926 57.869
35.33 45.157
45.524 22.875
68.02 30.025
41.985 16.925
61.455 22.34
63.291 25.858
72.064 30.517
49.55 41.922
38.318 5.871
0.0 100.0
34.126 14.712
0.0 100.0
52.55 19.451
45.837 34.413
46.136 30.002
61.935 32.922
0.0 100.0
0.0 100.0
61.307 70.404
54.091 76.644
51.403 46.792
58.166 37.729
16.841 41.307
0.0 100.0
31.078 20.559
0.0 100.0
31.908 42.65
0.0 100.0
68.492 27.287
59.165 35.179
63.357 73.32
77.25 60.938
61.004 42.729
73.72 63.319
66.485 43.582
38.379 29.585
57.867 34.19
53.863 40.369
65.679 75.492
0.0 100.0
62.668 34.819
38.834 17.534
12.236 49.813
0.0 100.0
64.028 30.53
70.999 25.273
78.801 70.939
66.073 71.478
42.508 12.211
58.594 14.784
0.0 100.0
31.603 48.265
71.279 30.283
7.847 49.349
69.928 46.168
48.271 42.731
0.0 100.0
0.0 100.0
30.112 48.162
34.082 56.073
14.805 53.229
55.671 36.557
55.696 22.65
27.173 46.364
0.0 100.0
52.959 33.046
55.09 43.214
0.0 100.0
63.962 43.24
53.625 61.78
0.0 100.0
60.324 35.59
54.864 31.049
0.0 100.0
78.1 63.262
18.185 52.74
92.762 56.596
60.702 25.704
65.881 68.582
35.378 48.948
75.047 65.668
0.0 100.0
44.812 14.489
65.255 46.955
69.866 27.661
85.446 66.134
31.729 60.48
83.857 64.714
66.161 14.927
32.941 22.64
75.068 82.835
50.229 14.504
80.506 58.131
72.601 62.343
24.769 53.709
0.0 100.0
0.0 100.0
0.0 100.0
0.0 100.0
0.0 100.0
0.0 100.0
80.008 82.524
72.888 69.166
25.716 16.647
59.459 37.517
58.182 64.326
79.223 30.059
27.517 51.473
72.729 62.626
19.088 54.211
39.727 29.327
0.0 100.0
54.081 22.618
20.516 49.347
54.506 13.714
35.315 23.775
0.0 100.0
0.0 100.0
0.0 100.0
55.601 42.507
25.647 62.701
0.0 100.0
81.909 83.732
43.501 35.575
67.052 60.078
77.5 71.666
27.336 47.738
0.0 100.0
61.631 30.169
67.804 33.7
22.235 53.827
65.233 35.81
60.871 28.617
75.387 70.263
42.68 36.317
30.41 50.888
40.495 25.837
47.169 22.382
65.229 43.355
43.205 21.398
62.086 59.811
31.414 34.688
52.531 27.006
49.803 35.86
58.874 61.306
75.041 70.6
54.635 17.319
55.895 14.492
0.0 100.0
47.658 22.528
52.474 17.226
30.092 53.49
38.12 27.967
69.497 65.158
67.934 68.036
0.0 100.0
67.397 83.52
73.834 53.912
29.792 27.29
76.478 78.342
40.584 26.116
0.0 100.0
63.509 40.79
71.46 79.822
36.401 28.087
23.842 46.157
0.0 100.0
0.0 100.0
55.985 70.233
0.0 100.0
74.116 63.626
0.0 100.0
43.615 17.078
0.0 100.0
25.687 51.655
0.0 100.0
81.13 70.026
55.405 72.878
45.573 22.742
79.357 78.686
75.503 80.268
67.832 70.274
21.532 48.541
4.697 60.647
59.8 26.273
0.0 100.0
56.804 40.004
13.297 53.84
0.0 100.0
61.579 21.116
60.093 56.886
62.024 44.573
0.0 100.0
52.79 13.552
0.0 100.0
55.11 24.624
52.95 22.981
36.549 16.031
45.084 29.753
64.828 58.27
0.0 100.0
42.342 21.624
0.0 100.0
18.631 47.136
54.97 31.22
39.564 30.736
45.925 24.097
19.464 53.237
66.89 34.727
0.0 100.0
72.359 34.341
59.934 69.021
46.218 36.368
76.447 68.996
85.189 68.56
19.668 54.027
0.0 100.0
77.931 68.511
0.0 100.0
71.154 69.854
80.697 73.172
0.0 100.0
27.632 52.607
41.178 36.677
70.756 42.312
0.0 100.0
38.798 24.425
0.0 100.0
0.0 100.0
68.024 69.015
46.038 14.909
0.0 100.0
56.639 31.852
32.335 57.657
71.777 44.74
0.0 100.0
0.0 100.0
40.04 23.692
33.267 18.363
71.363 64.187
0.0 100.0
0.0 100.0
18.759 40.397
34.918 22.958
48.545 31.712
19.683 62.468
17.659 33.146
25.634 47.512
0.0 100.0
0.0 100.0
0.0 100.0
52.578 73.265
14.025 52.939
0.0 100.0
37.354 26.269
41.557 41.856
57.947 19.001
22.566 58.191
63.303 26.88
0.0 100.0
0.0 100.0
0.0 100.0
41.204 23.235
48.612 8.806
55.974 48.419
26.169 30.615
50.53 17.634
40.963 22.064
0.0 100.0
31.228 46.447
42.657 20.909
53.54 17.853
39.146 44.636
67.061 71.458
13.82 53.171
59.169 66.63
24.783 61.921
44.083 9.003
55.72 22.378
54.875 43.657
80.718 67.238
60.467 65.528
68.003 33.622
50.395 23.148
23.847 51.932
56.569 29.554
48.146 19.499
34.983 30.436
33.755 31.023
58.921 24.63
8.696 42.676
29.216 45.4
62.168 64.077
84.635 67.517
16.944 51.117
0.0 100.0
0.0 100.0
19.502 64.061
78.258 80.451
63.426 65.236
48.859 26.918
7.008 45.722
63.951 23.927
81.136 64.326
77.07 59.244
72.932 31.017
74.281 79.164
54.693 64.334
37.048 23.781
37.079 24.715
70.3 43.083
63.098 64.222
23.852 35.041
58.935 76.081
0.0 100.0
0.0 100.0
68.038 57.811
0.0 100.0
35.488 26.379
14.6 58.242
26.268 48.977
42.388 27.58
40.2 70.119
0.0 100.0
12.343 68.998
47.745 32.484
33.54 40.478
76.412 67.018
58.417 18.794
68.783 54.376
0.0 100.0
60.927 68.347
60.815 52.657
0.0 100.0
0.0 100.0
0.0 100.0
74.266 72.323
22.439 66.54
47.165 19.381
26.831 47.29
27.611 59.196
71.609 74.221
51.58 63.555
63.874 65.627
0.0 100.0
80.82 75.82
0.0 100.0
0.0 100.0
33.927 51.321
54.064 21.692
38.366 37.401
50.037 26.153
41.896 22.134
74.069 75.128
59.36 44.605
0.0 100.0
57.719 30.418
47.156 41.933
8.888 50.634
42.563 12.78
84.485 67.113
65.579 30.243
18.498 49.992
46.214 25.655
65.542 37.518
22.029 49.792
68.05 56.513
0.0 100.0
68.331 78.928
54.922 30.889
0.0 100.0
55.751 25.52
41.496 21.556
15.514 62.647
19.054 48.919
40.928 18.333
54.827 25.623
0.0 100.0
42.03 12.211
0.0 100.0
58.683 24.344
0.0 100.0
0.0 100.0
23.717 52.511
56.16 81.228
71.098 31.716
73.558 75.047
69.812 35.489
39.44 12.163
66.663 33.9
71.192 70.763
21.542 59.851
67.805 44.077
69.786 37.97
20.229 36.226
45.524 21.848
48.662 5.853
72.565 67.434
62.658 63.177
77.746 75.961
30.156 61.724
69.139 32.248
32.685 38.852
60.293 73.018
19.294 53.536
54.101 22.302
47.005 20.768
67.019 23.784
0.0 100.0
18.993 56.495
16.886 51.344
60.518 41.434
65.58 30.791
75.46 36.059
73.109 77.27
0.0 100.0
0.0 100.0
65.104 24.163
0.0 100.0
69.307 70.848
0.0 100.0
22.096 49.451
54.047 23.663
47.844 18.047
52.875 19.865
48.926 18.413
49.453 16.061
67.034 61.162
42.732 21.172
37.06 58.448
0.0 100.0
66.257 54.591
28.475 57.243
64.33 65.242
39.637 30.143
68.607 34.541
63.048 20.742
0.0 100.0
70.322 71.53
64.42 40.179
0.0 100.0
75.703 33.964
44.003 71.064
9.006 59.149
0.0 100.0
77.039 63.455
53.398 39.286
51.219 21.212
33.074 15.558
52.356 14.665
0.0 100.0
0.0 100.0
24.831 58.006
60.757 63.308
0.0 100.0
66.686 70.558
11.286 49.171
0.0 100.0
74.454 60.786
67.291 53.987
0.0 100.0
39.186 22.457
52.852 25.933
31.894 47.421
70.796 54.237
15.678 52.614
61.792 73.056
47.406 14.507
56.248 15.447
56.929 50.817
32.141 31.41
91.036 68.02
64.966 70.074
44.978 41.523
20.039 44.478
0.0 100.0
65.183 71.747
0.0 100.0
20.248 48.272
43.587 6.059
58.664 60.995
38.139 62.234
75.73 82.366
0.0 100.0
62.561 28.537
69.214 65.828
66.879 23.495
61.423 71.183
13.535 46.807
28.518 63.374
29.924 14.597
58.246 35.341
64.626 40.126
65.772 68.135
61.425 25.243
56.917 30.73
0.0 100.0
59.668 21.175
57.113 33.705
79.2 72.808
16.405 44.835
47.704 25.897
34.108 20.818
41.407 19.649
16.295 59.222
54.699 81.043
40.279 52.011
0.0 100.0
62.245 60.762
69.404 67.934
69.461 36.472
71.423 64.891
63.005 26.021
74.719 70.648
62.349 66.295
44.067 22.43
37.627 17.453
70.037 71.88
22.485 53.332
58.411 25.817
13.911 52.414
63.85 71.615
74.953 61.36
59.13 33.549
0.0 100.0
51.805 28.756
55.967 30.494
70.221 66.226
0.0 100.0
70.389 68.161
0.0 100.0
27.799 46.04
87.321 61.91
42.21 25.876
39.872 18.688
73.857 35.612
68.498 86.094
57.793 17.455
40.37 19.275
64.596 30.641
23.488 44.164
27.334 59.35
69.632 69.462
64.995 35.408
0.0 100.0
67.048 61.139
34.663 47.957
17.552 48.621
21.351 62.813
31.776 49.874
0.0 100.0
40.1 18.481
39.241 16.428
80.825 67.741
57.767 68.688
54.212 29.447
65.309 31.796
0.0 100.0
0.0 100.0
0.0 100.0
68.988 72.094
23.223 41.138
57.212 42.603
56.284 22.313
40.836 11.87
47.242 18.336
32.26 14.645
23.631 48.43
60.088 13.258
33.288 12.193
0.0 100.0
84.998 58.15
56.241 24.63
12.42 43.787
25.592 48.165
27.315 55.192
62.464 48.163
54.313 11.961
56.353 27.913
56.503 24.646
80.09 57.093
28.524 54.864
57.567 33.491
62.466 33.923
73.461 72.89
67.893 58.367
26.204 24.339
50.64 35.786
51.253 14.886
0.0 100.0
0.0 100.0
42.023 43.729
19.139 47.316
48.01 22.812
0.0 100.0
44.933 48.209
0.0 100.0
92.719 75.571
0.0 100.0
68.663 80.515
66.832 58.363
85.826 69.299
0.0 100.0
67.965 74.276
58.477 39.133
71.918 67.568
0.0 100.0
79.396 72.513
36.457 16.524
48.46 10.277
0.0 100.0
72.982 73.21
57.891 44.258
0.0 100.0
0.0 100.0
61.518 38.26
24.826 57.156
75.371 68.586
70.478 36.022
71.606 51.253
30.845 38.804
22.75 47.1
77.246 69.496
76.632 60.076
95.987 74.374
77.806 79.824
61.715 31.704
64.476 56.632
55.32 21.338
39.257 5.725
26.323 42.459
52.827 30.897
0.0 100.0
64.146 64.478
50.808 34.25
64.326 60.322
0.0 100.0
0.0 100.0
22.664 57.747
0.0 100.0
80.74 31.165
62.416 23.869
0.0 100.0
51.445 45.056
32.786 19.809
67.405 45.291
64.199 64.9
61.087 73.183
37.056 23.111
23.765 53.79
45.042 13.466
62.51 36.184
0.0 100.0
50.993 31.507
0.0 100.0
58.978 32.195
1.895 47.748
71.018 42.792
0.0 100.0
53.373 39.867
0.0 100.0
62.167 28.404
87.311 59.577
63.691 35.298
32.202 53.445
79.482 62.239
54.172 15.935
35.776 21.609
21.709 55.091
0.0 100.0
64.833 62.607
59.826 36.678
75.982 77.029
26.51 44.663
0.0 100.0
26.525 56.714
31.421 9.368
68.312 70.675
66.52 68.995
67.294 67.785
47.128 27.222
72.474 65.024
54.121 16.836
49.029 29.135
69.817 68.208
60.934 29.516
53.703 32.371
66.839 64.012
30.463 52.825
47.262 18.858
0.0 100.0
78.602 75.977
41.389 19.452
65.888 69.76
68.978 70.037
19.893 46.978
45.828 26.635
0.0 100.0
64.618 29.655
56.586 50.376
0.0 100.0
61.644 36.219
0.0 100.0
58.835 21.888
66.671 32.172
26.669 45.858
31.184 47.882
4.285 49.394
42.138 32.271
69.726 30.528
57.938 68.897
0.0 100.0
46.833 14.318
0.0 100.0
0.0 100.0
0.0 100.0
44.593 14.824
0.0 100.0
21.072 45.135
20.544 11.613
38.506 20.551
49.02 24.984
50.73 18.231
0.0 100.0
7.41 64.708
0.0 100.0
0.0 100.0
0.0 100.0
19.027 46.657
0.0 100.0
56.037 53.326
0.0 100.0
78.218 64.689
62.218 26.126
71.92 26.097
63.947 51.931
0.0 100.0
67.653 56.654
0.0 100.0
0.0 100.0
38.148 16.945
49.754 29.466
74.044 66.56
62.079 68.078
62.527 30.344
22.995 54.768
58.835 39.469
30.832 27.848
65.552 31.674
0.0 100.0
79.925 60.449
40.847 14.508
0.0 100.0
69.226 78.519
20.847 41.973
70.591 32.646
60.194 30.946
24.103 57.855
20.086 65.873
25.452 55.249
19.381 51.044
0.0 100.0
10.529 58.742
62.992 58.594
0.0 100.0
0.0 100.0
62.17 32.65
67.741 68.546
64.406 48.193
51.718 28.963
47.53 19.627
0.0 100.0
49.025 27.873
43.301 13.238
54.082 64.411
63.62 24.963
0.0 100.0
69.602 49.391
61.671 24.028
31.503 20.386
72.565 75.705
0.0 100.0
64.418 54.752
0.0 100.0
31.992 10.776
21.748 54.509
76.828 55.667
74.499 40.192
72.442 69.619
15.784 33.057
0.0 100.0
0.0 100.0
77.565 61.495
15.252 43.585
69.038 33.369
59.463 37.68
22.408 52.834
63.324 34.914
26.633 54.687
27.394 44.94
0.0 100.0
50.37 41.272
37.916 24.931
51.025 15.54
71.307 71.391
53.187 25.534
0.0 100.0
70.377 72.356
42.137 9.263
0.0 100.0
61.96 44.013
74.869 66.734
0.0 100.0
0.0 100.0
0.0 100.0
54.921 30.16
69.456 28.902
67.69 30.226
58.659 65.46
13.162 48.661
81.994 29.008
0.0 100.0
19.119 28.324
50.511 25.781
52.885 35.008
49.205 22.898
76.277 26.316
13.917 48.694
45.628 16.39
58.587 65.157
59.284 32.299
56.578 79.112
62.586 77.433
32.12 45.743
0.0 100.0
40.503 19.488
74.954 39.144
48.028 16.243
70.306 39.861
55.001 23.696
0.0 100.0
19.01 49.947
57.214 24.993
57.162 25.871
33.351 1.813
37.056 20.024
47.308 38.857
25.399 21.032
19.45 32.145
68.585 68.272
25.304 28.221
0.0 100.0
49.731 17.106
33.501 48.046
12.049 64.629
20.138 55.053
81.668 76.239
31.374 51.252
0.0 100.0
30.079 23.273
46.073 19.934
46.752 31.504
64.815 47.178
55.573 43.455
68.592 63.794
53.464 39.818
0.0 100.0
53.469 28.162
72.346 52.731
0.0 100.0
64.149 28.26
0.0 100.0
52.727 28.023
46.928 29.989
0.0 100.0
0.0 100.0
34.39 49.691
48.353 37.978
47.213 24.689
60.327 12.622
50.007 17.199
61.533 66.578
0.0 100.0
73.862 46.101
44.556 15.259
56.913 29.307
74.998 67.101
25.539 48.339
34.182 25.165
0.0 100.0
65.577 55.748
25.823 54.243
23.289 51.478
51.594 34.132
0.0 100.0
0.0 100.0
33.818 18.023
0.0 100.0
46.476 14.937
78.744 61.835
73.781 37.492
52.558 25.793
39.241 28.221
37.317 10.468
75.584 60.572
20.746 52.321
20.977 49.616
64.221 76.736
45.57 29.133
0.0 100.0
33.599 12.312
32.725 37.195
35.703 48.343
0.0 100.0
19.473 40.07
12.445 55.879
66.103 34.336
60.468 36.437
0.0 100.0
58.461 33.137
54.419 43.726
28.928 59.245
59.663 19.956
76.394 66.146
67.837 38.563
23.396 49.381
47.247 22.03
46.273 29.125
64.053 54.06
0.0 100.0
16.027 49.47
62.885 53.698
85.321 66.825
0.0 100.0
74.783 33.364
48.868 37.136
64.641 59.519
0.0 100.0
56.383 66.649
74.502 37.01
0.0 100.0
50.9 94.496
56.179 16.517
61.057 39.146
52.293 13.984
11.975 48.497
0.0 100.0
67.564 43.811
0.0 100.0
48.444 33.692
57.9 68.335
48.969 19.674
63.544 68.7
52.206 64.334
10.388 58.152
36.264 49.484
58.468 69.731
46.493 24.892
0.0 100.0
77.546 38.691
62.882 36.61
70.456 72.562
35.8 42.327
0.0 100.0
24.39 42.547
32.472 18.619
40.631 33.503
76.639 65.023
0.0 100.0
0.0 100.0
32.838 50.304
73.151 19.518
63.743 41.68
66.795 37.618
36.103 31.367
0.0 100.0
0.0 100.0
0.0 100.0
48.792 30.961
42.24 21.656
37.082 15.459
31.896 54.728
40.793 33.081
39.359 39.018
0.0 100.0
34.939 76.251
56.465 24.699
56.061 28.204
20.604 44.644
61.353 16.072
0.0 100.0
36.126 14.49
21.958 61.48
40.892 22.142
61.745 75.825
70.583 70.153
75.254 30.662
0.0 100.0
63.013 47.023
0.0 100.0
60.771 46.605
21.432 48.114
0.0 100.0
0.0 100.0
0.0 100.0
71.748 72.758
14.674 50.02
68.277 33.293
0.0 100.0
20.466 57.14
66.43 34.329
71.904 61.895
81.594 66.768
37.818 31.47
0.0 100.0
28.367 58.154
0.0 100.0
0.0 100.0
80.057 66.77
58.845 51.117
0.0 100.0
27.833 24.708
0.0 100.0
32.762 26.319
37.806 12.171
39.926 70.066
48.442 16.23
27.728 31.539
57.03 72.589
64.106 25.978
0.0 100.0
75.237 57.831
44.017 43.37
52.38 24.595
35.636 36.496
0.0 100.0
54.66 61.642
20.356 52.888
0.0 100.0
18.95 56.646
37.205 43.245
0.0 100.0
39.644 53.575
19.028 47.975
18.884 52.735
0.0 100.0
0.0 100.0
46.175 40.599
67.858 77.395
0.0 100.0
30.515 21.299
55.451 33.261
41.457 16.216
56.055 63.105
36.502 6.77
0.0 100.0
41.899 2.509
0.0 100.0
71.274 75.895
0.0 100.0
58.326 27.541
66.854 71.526
16.535 54.596
0.0 100.0
21.243 54.749
79.789 56.035
73.883 66.88
66.72 68.652
59.023 22.27
34.446 25.737
0.0 100.0
77.551 62.317
30.334 47.633
42.355 25.718
66.699 30.703
70.795 31.827
69.029 67.404
71.591 71.093
0.0 100.0
56.717 42.053
68.108 69.662
69.539 69.667
68.539 44.993
0.0 100.0
67.61 39.805
0.0 100.0
70.071 56.329
0.0 100.0
46.239 26.476
0.0 100.0
54.317 28.156
67.218 83.94
22.754 50.653
34.78 56.991
39.211 28.946
54.225 28.811
71.249 58.009
37.318 20.811
12.728 49.926
61.625 23.829
61.129 32.742
70.397 29.359
50.681 7.992
0.0 100.0
0.0 100.0
63.56 28.138
51.618 8.995
15.694 45.225
0.0 100.0
70.145 70.63
37.751 22.763
45.933 24.83
0.0 100.0
77.266 71.969
67.381 69.809
15.509 63.484
69.37 32.934
71.602 76.335
64.131 31.349
0.0 100.0
43.803 14.552
67.584 69.086
24.842 38.738
43.879 28.159
67.811 60.452
32.396 32.115
62.557 28.916
63.228 31.259
39.381 24.542
70.899 47.411
78.211 51.063
47.736 19.739
38.183 26.889
64.335 63.129
51.181 28.727
46.36 15.989
55.416 12.351
0.0 100.0
57.195 28.768
52.128 55.0
63.128 26.002
70.855 72.421
80.166 55.462
0.0 100.0
39.713 18.493
0.0 100.0
46.898 35.309
62.577 16.529
0.0 100.0
81.854 55.316
81.404 67.065
66.018 62.593
10.433 47.107
0.0 100.0
85.243 59.784
0.0 100.0
37.379 23.549
20.561 48.616
0.0 100.0
79.633 26.557
75.169 74.856
63.277 21.298
40.542 21.094
0.0 100.0
27.776 9.41
24.506 48.022
65.74 60.32
49.718 45.293
0.0 100.0
0.0 100.0
0.0 100.0
18.328 49.454
71.42 61.208
53.598 35.484
0.0 100.0
21.63 55.319
56.527 26.204
71.557 65.968
23.323 46.352
29.346 49.103
67.57 42.966
38.533 26.905
48.242 19.331
69.859 41.446
45.826 10.562
40.559 27.178
51.165 62.273
0.0 100.0
72.862 57.455
43.539 18.364
65.789 68.529
44.416 22.794
3.611 57.824
66.169 34.619
40.454 29.156
68.133 63.563
0.0 100.0
65.246 77.921
72.352 72.964
56.135 59.898
58.846 82.098
46.307 28.227
65.376 79.591
43.866 36.436
0.0 100.0
0.0 100.0
65.203 47.602
28.849 41.085
0.0 100.0
77.194 70.544
60.32 26.509
49.154 27.011
78.073 65.247
65.057 75.9
60.293 30.724
68.812 60.775
68.059 84.184
65.362 55.027
68.7 29.874
47.551 13.937
47.333 49.588
68.023 61.881
45.686 30.186
0.0 100.0
47.559 22.628
75.052 58.816
15.727 45.476
60.662 27.022
40.281 21.462
62.675 59.917
52.772 31.3
23.19 50.891
0.0 100.0
27.118 43.886
34.947 38.395
36.684 13.623
73.369 56.314
23.192 64.578
29.976 46.852
0.0 100.0
32.458 58.86
0.0 100.0
20.746 41.44
0.0 100.0
15.364 49.209
0.0 100.0
65.118 45.653
40.523 16.784
30.102 51.628
33.911 13.206
0.0 100.0
20.372 54.416
0.0 100.0
0.0 100.0
44.563 45.441
43.234 32.199
38.497 15.725
27.135 46.597
0.0 100.0
54.347 32.009
63.273 53.184
39.554 24.067
72.834 78.19
69.241 66.148
64.496 34.647
27.765 55.551
22.708 15.811
64.822 89.724
76.425 56.424
47.288 26.73
0.0 100.0
57.311 43.069
0.0 100.0
0.0 100.0
67.41 71.957
27.131 57.347
13.162 62.473
62.287 79.274
62.43 29.621
41.297 14.708
65.987 28.188
58.769 70.033
0.0 100.0
66.715 67.129
0.0 100.0
0.0 100.0
22.507 57.045
52.774 41.169
37.946 26.027
0.0 100.0
24.627 47.071
0.0 100.0
66.209 37.59
56.978 39.108
70.51 61.828
66.415 42.985
55.214 37.172
44.507 22.916
63.508 71.137
47.748 22.982
29.687 49.214
0.0 100.0
32.409 16.656
63.718 35.035
30.236 22.214
25.02 64.73
0.0 100.0
17.947 43.129
0.0 100.0
60.623 35.675
73.469 53.216
48.27 36.702
44.726 40.081
38.734 27.085
58.548 19.783
70.839 28.51
81.582 67.398
0.0 100.0
28.868 55.017
0.0 100.0
26.228 46.009
68.757 67.558
0.0 100.0
24.582 59.564
26.464 20.606
32.411 21.91
74.463 63.765
82.58 77.201
32.102 14.543
67.647 70.298
43.301 16.537
19.855 65.578
0.0 100.0
0.0 100.0
37.574 54.522
0.0 100.0
76.165 69.988
50.484 28.642
0.0 100.0
28.778 55.066
65.236 38.254
74.38 60.373
21.263 52.543
24.29 55.468
69.183 58.962
54.234 29.926
66.129 31.608
20.231 36.952
75.117 65.299
78.328 59.006
80.807 60.632
18.259 62.367
35.272 12.55
64.667 26.716
64.185 62.606
13.274 52.369
67.647 61.358
0.0 100.0
65.823 61.515
43.605 21.488
59.055 29.8
17.967 50.888
42.971 12.791
26.197 15.634
0.0 100.0
30.833 59.072
0.0 100.0
65.161 20.913
23.331 48.383
30.101 11.831
40.387 17.708
40.704 22.878
47.879 33.931
64.08 58.613
24.627 51.038
40.535 27.485
0.0 100.0
55.675 19.538
30.049 16.457
68.268 26.119
57.596 28.984
20.08 56.331
0.0 100.0
67.218 33.098
37.354 12.208
34.822 15.009
63.898 25.894
22.312 53.608
54.833 8.634
53.721 77.303
63.922 67.829
54.349 41.332
30.157 52.741
71.368 43.818
0.0 100.0
22.262 42.09
48.063 28.119
69.509 42.008
70.871 57.461
0.0 100.0
71.207 28.254
50.804 32.371
64.987 30.553
79.75 68.271
0.0 100.0
59.435 35.579
34.478 32.849
42.981 15.419
41.507 29.992
68.786 41.757
90.601 75.228
0.0 100.0
0.0 100.0
37.088 11.843
52.318 32.254
65.883 70.977
60.374 29.657
61.94 33.436
69.401 23.887
0.0 100.0
23.565 23.343
31.108 61.521
69.527 40.456
0.0 100.0
21.637 54.351
0.0 100.0
0.0 100.0
69.569 30.859
49.121 12.575
0.0 100.0
49.802 21.624
35.655 55.099
57.783 28.878
0.0 100.0
0.0 100.0
0.0 100.0
30.788 65.188
0.0 100.0
54.667 36.178
0.0 100.0
0.0 100.0
0.0 100.0
62.679 57.698
66.337 26.479
55.722 46.387
16.226 60.671
26.901 19.729
0.0 100.0
42.457 14.764
78.967 41.878
56.854 35.82
28.54 33.906
42.156 21.519
0.0 100.0
75.923 57.91
0.0 100.0
62.224 40.229
37.303 33.64
0.0 100.0
39.79 32.646
34.143 29.33
65.781 34.624
0.0 100.0
67.235 70.164
0.0 100.0
0.0 100.0
29.113 66.627
54.391 88.164
0.0 100.0
74.125 67.98
44.036 15.497
54.173 31.273
31.968 46.156
0.0 100.0
75.726 66.685
17.207 55.928
63.121 69.276
60.61 43.715
31.287 57.393
26.82 45.235
70.702 64.568
36.6 19.855
65.471 15.828
72.231 37.307
58.135 78.273
56.33 66.173
62.98 31.163
83.444 65.099
38.347 46.966
61.994 33.242
52.67 27.132
43.018 25.197
31.087 57.51
71.607 56.777
50.5 20.169
71.715 78.996
67.937 92.018
40.28 19.229
24.086 49.646
42.5 18.013
64.609 65.419
33.539 51.877
44.427 32.275
44.229 28.887
29.489 41.969
0.0 100.0
0.0 100.0
42.674 7.623
0.0 100.0
0.0 100.0
84.217 74.673
33.225 47.062
55.139 75.291
72.581 60.369
41.967 19.303
0.0 100.0
65.381 33.937
0.0 100.0
27.164 37.984
67.645 83.981
0.0 100.0
12.54 49.703
45.375 27.553
0.0 100.0
39.108 42.151
39.319 48.577
57.404 18.842
64.201 62.884
54.882 40.834
57.06 37.928
68.218 33.044
0.0 100.0
26.383 47.142
60.769 35.068
37.374 16.915
23.789 50.62
35.749 12.838
25.128 60.648
31.296 12.511
75.356 82.174
67.342 53.656
8.944 55.196
0.0 100.0
24.547 49.07
70.873 71.159
14.35 54.781
63.978 41.661
0.0 100.0
0.0 100.0
60.482 31.673
71.416 62.987
27.22 48.4
66.315 32.636
58.625 35.989
0.0 100.0
7.457 54.028
0.0 100.0
69.861 78.096
0.0 100.0
39.218 19.082
49.391 19.777
77.718 73.247
29.854 20.116
40.508 15.038
67.385 26.237
70.185 38.735
10.659 51.647
21.44 36.124
14.008 60.666
0.0 100.0
58.233 36.481
71.475 68.484
0.0 100.0
67.201 33.344
24.28 58.252
44.515 23.7
31.54 37.735
59.166 68.841
31.583 32.222
68.393 69.049
60.658 47.548
16.575 54.455
0.0 100.0
47.059 23.026
24.412 57.298
0.0 100.0
0.0 100.0
53.646 28.862
63.971 40.115
51.148 15.651
81.252 67.676
0.0 100.0
34.872 20.876
41.947 14.458
46.303 24.285
64.436 65.48
36.827 14.993
77.019 77.096
28.485 26.009
41.229 36.449
0.0 100.0
49.392 14.486
0.0 100.0
65.484 29.849
80.471 64.131
55.729 48.524
41.068 8.588
52.929 38.094
66.254 68.917
19.547 44.241
48.154 30.664
71.705 70.169
54.048 44.269
68.981 62.433
46.663 24.317
51.162 40.421
52.989 29.28
23.361 57.69
66.728 67.342
32.208 16.718
58.712 30.101
1.775 45.55
57.154 21.058
52.79 18.74
21.661 54.44
65.352 30.066
72.484 63.08
41.163 27.781
62.023 77.329
50.63 13.451
39.174 19.126
77.893 84.488
63.835 29.711
75.403 38.458
0.0 100.0
77.583 69.687
15.908 52.451
75.239 66.547
47.608 27.208
25.446 50.677
60.102 64.533
55.181 70.815
28.351 47.728
0.0 100.0
26.491 50.833
0.0 100.0
72.586 66.94
0.0 100.0
75.593 57.765
59.471 30.587
31.562 34.644
70.281 63.102
40.601 27.383
65.64 66.717
48.868 45.858
50.705 70.502
48.426 16.261
71.975 33.48
35.803 46.416
69.765 52.226
39.771 31.442
0.0 100.0
13.197 44.23
83.571 58.161
0.0 100.0
56.191 66.668
71.412 52.305
61.683 55.511
53.364 22.574
0.0 100.0
58.705 22.929
54.826 10.262
0.0 100.0
0.0 100.0
63.352 71.69
42.651 14.104
55.093 17.172
32.375 17.932
0.0 100.0
36.7 14.633
26.539 62.52
71.71 31.404
29.9 28.581
21.647 42.322
31.89 49.482
32.984 50.574
56.633 69.185
96.146 39.762
0.0 100.0
76.667 30.384
32.898 47.183
63.419 31.593
43.464 25.589
47.949 36.869
42.088 16.235
39.704 14.771
0.0 100.0
49.267 16.42
26.59 34.293
49.075 5.511
26.628 56.871
73.872 79.503
63.629 27.873
21.058 49.765
50.085 13.523
34.655 59.619
38.916 18.711
23.282 44.217
0.0 100.0
55.528 76.448
73.129 67.638
65.431 20.369
0.0 100.0
52.309 78.508
66.472 59.336
63.689 39.694
40.211 21.194
16.811 50.167
65.806 32.575
71.664 54.583
15.973 57.158
0.0 100.0
72.016 67.536
68.428 60.12
33.615 17.084
86.055 84.484
0.0 100.0
0.0 100.0
28.067 47.742
59.409 59.405
21.095 54.744
0.0 100.0
22.604 42.614
38.588 26.612
20.215 45.359
71.619 35.007
76.992 65.394
81.017 73.88
0.0 100.0
78.914 66.835
49.516 20.785
0.0 100.0
73.516 64.371
18.544 60.077
0.0 100.0
63.381 33.164
0.0 100.0
0.0 100.0
12.613 57.213
70.045 35.733
61.578 68.315
0.0 100.0
39.549 10.961
42.1 17.706
0.0 100.0
51.68 23.186
66.275 60.863
58.37 67.966
0.0 100.0
63.569 35.564
60.691 39.373
0.0 100.0
64.463 27.728
68.279 61.725
19.762 54.031
81.095 64.024
41.01 18.776
65.844 62.337
0.0 100.0
72.699 67.857
0.0 100.0
37.877 15.557
49.432 53.356
22.73 43.39
0.0 100.0
49.786 15.566
22.268 58.494
31.386 45.395
66.895 77.231
45.06 29.626
0.0 100.0
51.176 21.71
62.932 37.672
20.708 55.546
5.35 48.749
0.0 100.0
65.96 27.067
22.858 52.668
0.0 100.0
14.948 49.367
39.806 23.397
69.548 53.078
45.691 19.483
66.173 40.061
0.0 100.0
27.119 53.715
51.812 20.788
69.499 57.956
0.0 100.0
24.911 61.361
77.608 72.885
0.0 100.0
75.305 50.646
0.0 100.0
21.89 62.337
17.845 56.393
77.353 77.622
41.298 14.489
33.879 33.678
24.294 52.439
38.605 20.617
69.69 67.006
6.157 43.556
31.089 51.332
10.694 48.246
56.817 49.929
71.783 73.171
82.781 70.277
71.644 63.22
39.314 10.162
38.233 17.31
0.0 100.0
64.821 54.173
87.003 62.974
0.0 100.0
34.843 20.493
19.675 66.08
0.0 100.0
67.654 68.886
60.359 71.849
49.619 38.99
63.892 22.322
53.327 42.728
0.0 100.0
55.657 44.158
0.0 100.0
44.902 26.039
16.457 58.172
38.074 16.651
25.246 56.838
0.0 100.0
36.842 26.216
71.896 44.113
0.0 100.0
0.0 100.0
74.957 80.687
22.016 63.121
58.423 22.234
0.0 100.0
66.259 70.877
59.549 36.784
49.66 15.779
37.867 23.597
64.521 18.262
34.324 30.78
21.391 53.858
60.274 26.816
48.141 40.208
65.125 64.235
64.467 43.999
0.0 100.0
0.0 100.0
71.082 38.775
57.718 20.882
0.0 100.0
70.078 70.184
62.512 31.234
56.12 26.984
33.26 15.828
68.717 70.023
24.071 52.18
72.048 32.593
85.723 63.836
49.659 69.604
81.028 59.507
0.0 100.0
58.521 60.896
80.463 75.904
61.758 69.77
59.444 35.94
65.09 73.263
0.0 100.0
49.843 22.764
18.679 51.934
75.672 67.942
41.282 17.344
0.0 100.0
49.467 22.478
66.599 62.988
0.0 100.0
25.145 60.419
64.52 22.68
59.931 33.498
0.0 100.0
64.873 67.401
57.023 35.438
72.159 35.925
94.01 76.952
11.348 47.44
66.817 75.463
53.718 33.536
24.008 48.535
70.561 56.644
77.735 82.872
51.145 47.811
65.137 27.006
60.563 30.948
49.37 34.063
52.193 67.555
59.872 26.568
0.0 100.0
28.393 41.191
19.576 64.612
28.372 57.035
0.0 100.0
18.4 49.794
65.724 26.873
0.0 100.0
33.153 24.434
0.0 100.0
63.68 62.634
0.0 100.0
52.774 41.567
73.745 37.001
64.058 61.808
14.561 52.025
62.146 84.417
0.0 100.0
32.773 39.615
25.275 53.359
0.0 100.0
0.0 100.0
19.547 47.278
56.159 30.228
56.355 31.177
75.859 66.212
64.767 9.926
42.459 35.117
55.759 65.854
31.516 40.669
60.682 38.423
72.129 58.436
46.823 25.13
70.781 54.091
74.521 64.251
44.474 26.881
29.029 11.644
53.632 37.022
61.986 56.665
49.544 36.939
28.923 43.468
0.0 100.0
19.627 50.677
0.0 100.0
58.524 30.259
41.26 10.5
69.781 77.044
0.0 100.0
70.075 41.359
5.948 55.759
55.695 28.777
50.266 74.924
0.0 100.0
59.654 35.985
67.104 66.85
51.102 30.401
24.397 33.985
0.0 100.0
65.615 35.272
62.444 30.96
72.7 69.123
21.081 27.285
50.232 28.473
33.138 60.578
0.0 100.0
16.294 56.044
51.872 15.868
7.79 43.971
21.804 40.818
30.764 42.127
46.547 7.098
53.457 31.273
21.353 51.25
25.116 45.729
68.695 30.262
65.458 33.909
0.0 100.0
27.105 39.672
1.088 50.909
60.22 35.982
50.412 43.545
72.564 29.107
38.528 21.954
17.941 65.131
0.0 100.0
56.171 22.704
67.842 67.485
37.265 15.732
0.0 100.0
68.969 68.706
31.168 13.538
69.562 23.651
81.817 71.546
66.621 29.958
0.0 100.0
65.273 70.268
77.256 75.351
63.754 76.6
48.554 8.289
40.905 22.559
81.242 76.52
46.938 10.925
11.578 43.822
45.508 18.513
24.708 63.551
61.053 35.404
48.38 33.268
0.0 100.0
48.927 19.491
62.328 26.524
44.003 23.909
43.538 25.891
70.252 34.158
24.449 48.057
33.669 49.706
28.189 53.021
75.694 32.887
66.893 37.999
73.084 67.131
0.0 100.0
35.881 55.516
49.373 23.939
76.411 57.846
12.382 53.275
12.217 50.19
56.811 30.344
0.0 100.0
54.186 20.37
0.0 100.0
60.31 31.195
37.235 27.517
72.474 56.525
59.602 34.01
0.0 100.0
38.907 23.363
51.08 15.892
64.119 38.237
47.532 31.675
64.188 65.087
46.427 41.244
25.887 16.147
33.148 64.094
6.652 52.814
78.822 58.099
0.0 100.0
10.396 51.317
28.033 45.218
58.444 29.409
31.094 33.94
31.679 53.621
52.871 64.971
46.569 22.816
68.139 48.113
31.195 48.086
27.556 48.022
42.055 20.822
54.941 17.919
24.531 53.612
71.434 70.217
29.725 50.3
86.676 63.84
65.173 0.269
0.0 100.0
46.093 19.724
37.08 16.117
68.982 49.752
75.421 69.322
0.0 100.0
38.237 30.109
38.064 13.398
0.0 100.0
52.065 39.02
71.267 82.186
85.4 60.327
67.082 33.416
0.0 100.0
23.96 45.911
77.03 68.22
40.626 34.875
29.217 42.237
50.047 23.193
0.0 100.0
57.84 64.388
62.787 42.749
30.646 28.191
62.326 65.023
46.72 14.721
21.299 53.652
23.774 46.359
45.258 29.196
0.0 100.0
28.774 51.146
64.412 29.887
35.059 41.458
75.626 66.33
24.576 68.795
63.233 30.574
24.49 51.904
47.237 38.09
73.43 68.572
58.401 36.741
72.681 24.174
0.0 100.0
52.715 11.735
16.915 52.983
16.795 56.818
46.943 43.511
43.245 29.773
45.735 28.016
71.342 33.916
66.618 74.63
59.321 29.575
67.396 53.192
69.415 62.832
65.81 35.276
29.274 51.806
0.0 100.0
11.364 43.304
31.128 48.308
12.698 57.836
33.333 49.657
38.183 22.974
42.88 29.121
60.182 37.448
60.143 42.007
65.146 30.129
0.0 100.0
59.881 39.925
36.868 28.256
63.212 28.836
38.895 22.767
74.682 77.514
48.065 31.309
49.873 39.852
66.2 36.789
64.129 55.221
34.912 15.849
0.0 100.0
34.3 45.074
28.314 26.529
0.0 100.0
0.0 100.0
63.971 32.566
26.79 57.035
36.398 33.998
49.571 29.582
50.366 40.877
13.237 41.055
77.068 70.028
22.436 50.221
55.505 31.377
58.144 18.427
0.0 100.0
34.997 46.632
59.296 74.394
63.747 75.438
69.707 50.521
0.0 100.0
69.348 62.575
66.448 51.486
0.0 100.0
71.811 71.15
79.542 74.602
34.551 57.444
71.335 74.008
0.0 100.0
45.656 30.336
23.697 48.54
64.044 35.1
47.122 5.062
43.663 35.721
15.906 43.656
64.463 77.495
22.309 68.404
36.662 63.243
78.669 69.949
62.987 65.439
70.605 60.737
0.0 100.0
0.0 100.0
84.197 66.508
62.255 9.286
20.129 46.559
52.033 32.42
54.455 42.359
0.0 100.0
60.714 64.282
36.488 7.391
72.62 65.572
35.362 17.316
66.168 65.141
54.659 23.208
48.373 25.541
37.231 27.049
62.034 31.393
30.801 46.842
71.524 55.556
0.0 100.0
44.744 37.893
23.152 59.181
79.6 23.712
10.101 58.112
25.327 56.347
46.285 18.713
41.443 15.534
56.345 32.458
56.393 27.148
62.181 76.073
69.94 63.171
62.958 35.456
46.22 28.991
16.304 36.649
65.954 71.104
54.866 74.469
75.578 25.6
0.0 100.0
45.916 13.914
51.923 22.246
80.824 74.29
80.952 51.322
60.082 18.642
51.79 31.449
48.617 10.313
0.0 100.0
56.007 42.816
51.324 36.839
51.664 22.032
51.708 22.58
59.688 62.509
0.0 100.0
53.484 21.926
69.842 66.631
62.617 59.627
43.152 14.183
66.889 53.588
56.758 40.745
9.626 59.439
43.903 10.307
33.816 53.553
82.675 62.586
0.0 100.0
66.535 38.268
39.156 23.231
0.0 100.0
50.974 71.451
29.001 41.048
37.364 22.383
61.285 38.964
66.723 65.909
0.0 100.0
0.0 100.0
66.741 19.557
49.943 24.686
55.288 37.233
24.917 53.596
16.141 54.163
58.674 28.725
0.0 100.0
73.12 70.425
65.447 21.967
45.214 20.453
0.0 100.0
34.912 11.59
77.843 82.072
0.0 100.0
54.367 26.427
75.884 72.674
63.557 71.982
68.515 30.054
55.159 22.678
67.427 57.697
22.516 17.114
76.255 73.18
63.969 75.223
0.0 100.0
66.592 75.922
40.724 20.666
41.138 46.005
70.025 71.601
0.0 100.0
0.0 100.0
0.0 100.0
28.817 50.439
38.789 16.245
0.0 100.0
24.746 45.95
49.795 11.938
67.409 75.505
11.171 55.652
54.386 29.954
0.0 100.0
31.835 61.863
57.704 48.453
45.318 31.624
53.041 28.839
77.457 66.885
56.299 70.514
23.638 44.185
66.969 61.85
49.843 6.345
89.053 60.522
69.222 25.851
30.247 49.047
35.003 19.436
0.0 100.0
28.386 54.33
59.815 23.72
60.627 59.934
51.443 21.171
4.837 57.014
0.0 100.0
33.395 43.37
59.384 30.78
76.152 62.048
0.0 100.0
68.059 58.401
0.0 100.0
28.061 57.897
35.359 26.237
0.0 100.0
66.917 58.6
48.467 37.674
47.524 29.838
0.0 100.0
17.898 53.311
38.204 38.745
53.463 28.252
69.433 56.386
68.627 34.195
0.0 100.0
35.449 43.411
24.449 52.435
82.031 70.763
47.069 32.837
54.647 9.596
0.0 100.0
68.972 27.987
50.106 30.574
59.985 63.217
51.077 42.15
0.0 100.0
15.184 49.29
31.573 56.61
25.116 48.289
47.417 27.166
0.0 100.0
56.406 25.84
14.557 56.535
63.231 25.063
46.489 8.658
13.849 46.618
0.0 100.0
37.786 13.463
58.633 40.665
0.0 100.0
0.0 100.0
33.918 48.94
54.003 11.913
67.75 75.508
68.378 39.811
33.652 20.304
78.121 63.463
53.193 25.2
43.313 30.169
29.703 68.94
62.323 36.79
72.027 71.894
0.0 100.0
71.811 33.505
47.478 26.256
64.938 64.571
45.242 5.734
57.846 36.576
57.473 29.249
65.773 67.073
59.442 25.014
40.273 21.982
23.875 54.896
80.36 86.296
0.0 100.0
62.61 38.899
0.0 100.0
77.386 50.377
34.549 24.483
0.0 100.0
41.933 9.335
66.587 69.66
18.106 64.935
24.049 45.408
63.426 28.127
81.338 71.849
62.18 73.166
29.461 60.611
62.036 59.324
50.237 30.857
10.727 60.362
0.0 100.0
68.503 59.311
16.923 55.56
15.525 59.158
71.743 65.172
62.71 40.662
76.187 75.58
68.691 34.582
0.0 100.0
62.592 30.392
0.0 100.0
65.107 32.11
8.977 48.607
21.819 52.997
82.626 68.879
42.617 15.171
0.0 100.0
76.27 63.638
39.393 16.322
54.202 21.133
58.209 31.253
61.814 31.309
22.493 67.673
6.717 52.742
0.0 100.0
0.0 100.0
52.598 20.259
61.443 63.058
77.937 72.012
49.639 15.656
26.48 19.451
66.929 67.426
55.166 75.811
49.263 13.315
0.0 100.0
17.76 37.423
30.81 50.944
38.032 51.719
56.113 40.964
65.871 64.027
17.854 58.638
74.617 63.151
53.159 45.874
63.438 25.999
56.558 29.512
0.0 100.0
53.499 26.656
47.991 4.086
34.444 23.084
70.349 35.108
20.561 67.356
64.127 23.856
0.0 100.0
0.0 100.0
41.967 5.35
0.0 100.0
21.548 32.476
74.435 63.83
63.757 74.162
22.529 46.11
40.795 31.958
35.524 62.89
43.437 20.392
0.0 100.0
0.0 100.0
27.22 20.951
62.337 63.361
79.726 66.672
0.0 100.0
72.658 64.214
42.112 3.195
36.052 55.444
14.553 47.951
66.023 20.694
62.399 72.685
80.311 63.067
0.0 100.0
55.733 51.468
46.414 22.488
0.0 100.0
37.111 7.228
62.675 35.334
0.0 100.0
71.114 75.359
64.442 62.866
57.467 28.34
0.0 100.0
41.788 16.467
52.524 33.765
59.861 34.963
59.972 19.044
58.587 25.858
0.0 100.0
0.0 100.0
0.0 100.0
64.286 38.06
58.7 35.015
47.644 34.051
63.028 73.715
73.07 36.674
43.927 12.433
0.0 100.0
53.932 23.248
58.681 34.941
0.0 100.0
0.0 100.0
71.304 70.224
37.276 28.916
18.713 46.877
0.0 100.0
27.841 50.691
51.674 35.81
11.34 40.386
9.018 47.428
0.0 100.0
65.466 25.925
12.692 51.335
32.028 14.647
28.969 52.587
33.996 28.839
0.0 100.0
0.0 100.0
54.816 31.368
13.562 61.755
63.891 43.246
19.721 46.331
26.394 53.733
67.871 48.739
80.536 76.292
46.634 39.805
40.412 11.433
48.188 43.053
43.73 22.923
15.064 47.841
71.876 83.35
62.938 28.037
31.617 55.25
71.507 34.363
69.394 68.419
0.0 100.0
74.506 40.559
73.603 58.456
57.21 26.833
64.579 31.454
0.0 100.0
0.0 100.0
32.232 43.618
64.075 51.835
54.675 47.709
22.205 41.41
44.198 13.483
71.8 64.159
44.187 28.08
66.908 22.192
80.62 68.128
24.469 52.025
38.277 30.638
20.606 51.996
27.194 58.473
29.262 35.504
77.675 69.914
49.068 25.017
63.043 68.41
56.771 34.931
26.793 45.17
61.734 78.461
11.97 48.709
53.544 8.46
20.126 54.656
37.499 10.242
71.888 64.266
33.825 49.901
51.29 31.966
0.0 100.0
0.0 100.0
0.0 100.0
60.381 34.126
80.226 80.873
0.0 100.0
0.0 100.0
0.0 100.0
65.649 75.682
59.148 71.91
15.478 46.405
0.0 100.0
65.784 74.2
59.303 31.873
77.546 34.73
18.046 64.262
69.549 67.537
67.912 23.301
0.0 100.0
77.053 75.049
0.0 100.0
0.0 100.0
68.234 69.5
0.0 100.0
76.715 62.803
0.0 100.0
71.8 71.943
35.607 9.155
54.658 30.498
74.582 70.068
0.0 100.0
16.163 66.442
30.577 66.897
0.0 100.0
73.552 66.71
53.607 35.08
75.537 58.325
0.0 100.0
0.0 100.0
0.0 100.0
17.595 50.575
20.303 57.961
61.822 71.094
16.145 45.777
29.752 56.1
75.74 31.781
72.324 46.531
57.943 55.817
23.338 14.688
8.572 49.289
25.857 57.878
7.829 48.44
0.0 100.0
56.502 16.614
51.964 36.838
25.041 38.621
12.424 43.622
69.278 59.483
0.0 100.0
18.468 58.846
53.573 61.888
26.968 47.053
29.839 37.687
15.432 50.449
43.848 16.03
0.0 100.0
77.058 67.845
0.0 100.0
53.688 30.085
73.702 75.546
77.306 37.812
70.576 55.271
17.276 54.489
0.0 100.0
76.343 65.92
73.107 56.492
31.472 51.068
40.91 23.216
35.808 12.742
0.0 100.0
21.113 54.783
48.433 36.388
71.616 69.035
48.469 21.741
0.0 100.0
66.994 12.254
37.865 22.487
0.0 100.0
0.0 100.0
30.987 48.259
10.868 39.518
53.068 39.846
44.325 15.365
11.461 46.536
76.069 75.5
0.0 100.0
66.611 81.709
69.447 42.914
54.262 16.471
66.946 62.773
44.451 18.346
70.891 78.22
56.005 29.06
74.362 31.66
0.0 100.0
55.278 61.311
0.0 100.0
15.627 42.767
71.016 22.246
59.336 39.409
28.349 40.138
33.395 17.937
70.108 66.263
51.119 21.702
0.0 100.0
0.0 100.0
52.354 37.364
54.192 29.95
26.699 60.465
29.306 14.208
8.98 47.643
62.011 26.673
28.654 29.367
60.315 69.776
0.0 100.0
77.423 71.507
22.571 56.485
73.687 71.435
0.0 100.0
0.0 100.0
67.988 32.445
62.183 37.739
0.0 100.0
28.416 8.358
56.89 23.041
15.651 52.775
69.459 19.889
34.177 27.948
68.74 42.158
37.801 8.535
23.707 54.725
48.925 19.797
0.0 100.0
42.812 31.223
11.156 46.645
26.289 53.234
48.534 31.499
17.868 47.227
80.2 42.642
45.527 19.447
24.481 48.083
0.0 100.0
0.0 100.0
49.243 21.194
73.733 65.374
0.0 100.0
69.458 37.503
33.141 61.081
70.935 52.045
18.164 48.294
39.56 29.088
65.069 26.284
41.584 10.431
78.518 19.79
0.0 100.0
40.1 11.221
0.0 100.0
34.257 47.411
84.897 31.299
55.072 25.512
38.899 15.534
46.176 40.82
23.387 51.081
55.754 42.647
0.0 100.0
50.229 21.663
78.882 73.963
43.77 19.867
29.629 51.649
8.772 53.862
65.161 75.267
65.024 62.834
72.499 21.744
37.975 16.759
45.048 32.452
70.501 70.935
66.241 31.733
14.597 45.085
37.491 21.931
56.137 36.338
21.47 49.703
79.129 60.838
68.03 71.67
24.416 48.444
0.0 100.0
35.273 15.445
0.0 100.0
75.938 65.431
33.958 25.938
37.573 11.833
71.804 78.005
54.581 69.634
0.0 100.0
44.444 28.721
79.593 54.943
62.165 21.211
62.763 69.696
0.0 100.0
44.427 22.237
0.0 100.0
59.731 68.065
18.755 52.685
37.524 10.952
84.865 61.495
19.209 31.588
35.626 8.578
63.829 36.406
72.354 64.48
0.0 100.0
31.096 57.653
81.96 60.696
72.35 73.313
14.208 37.973
25.545 62.095
19.057 50.906
57.87 19.758
25.777 46.328
66.039 49.388
52.471 15.01
25.636 39.636
67.553 67.568
66.425 47.957
0.0 100.0
0.0 100.0
48.369 25.958
34.145 27.243
66.105 70.49
36.688 36.07
68.25 58.192
16.171 50.028
27.839 53.354
31.98 22.46
70.916 75.797
18.529 61.906
30.885 47.522
10.078 54.063
63.047 59.605
54.355 66.573
59.096 45.494
21.769 51.716
24.239 61.136
0.0 100.0
24.778 53.895
0.0 100.0
73.099 61.333
72.32 63.26
0.0 100.0
28.634 50.072
35.846 51.662
45.332 35.797
63.675 37.204
61.758 66.957
0.0 100.0
78.877 75.621
0.0 100.0
61.15 38.216
13.467 26.748
11.776 53.963
77.849 64.564
0.0 100.0
67.147 74.23
12.894 94.632
70.075 59.365
0.0 100.0
74.58 58.218
18.382 52.659
75.773 64.439
82.39 73.243
0.0 100.0
0.0 100.0
69.416 58.303
45.625 19.894
34.497 22.345
45.759 34.616
0.0 100.0
30.843 47.468
52.905 28.541
69.127 64.378
48.841 23.363
69.125 39.201
31.075 41.754
64.64 83.534
71.498 88.073
66.833 65.963
45.727 14.969
74.34 60.867
20.458 51.176
18.141 55.579
0.0 100.0
6.615 46.335
65.937 10.91
41.979 14.845
0.0 100.0
23.768 58.776
71.678 56.34
29.933 45.808
0.0 100.0
0.0 100.0
77.729 37.553
52.384 21.918
28.294 53.024
0.0 100.0
0.0 100.0
54.277 30.878
61.956 61.28
44.692 12.779
69.943 62.892
48.408 7.924
56.781 23.844
54.225 27.926
71.691 33.603
27.155 59.283
66.441 51.712
51.227 63.53
56.337 18.647
0.0 100.0
0.0 100.0
52.583 19.98
52.72 38.185
61.386 32.065
59.04 46.833
53.603 15.973
60.232 32.41
16.875 53.409
58.433 44.065
68.973 35.24
36.301 30.124
35.406 34.525
44.019 13.684
65.765 66.279
66.93 53.645
63.581 29.432
37.588 20.719
3.765 44.269
42.847 8.99
65.959 61.78
35.254 19.707
70.077 34.959
0.0 100.0
35.541 52.206
0.0 100.0
18.127 39.119
0.0 100.0
38.871 21.486
40.715 19.706
82.021 60.92
70.922 58.482
36.223 24.03
23.723 58.037
0.0 100.0
80.357 64.016
25.398 40.854
0.0 100.0
64.363 71.824
34.059 21.704
0.0 100.0
44.139 26.372
55.096 22.54
62.98 37.138
23.448 43.203
0.0 100.0
62.33 29.604
60.704 32.418
28.329 42.531
39.322 21.478
15.469 46.314
72.801 30.042
18.988 42.025
51.528 38.381
65.068 36.449
57.678 41.258
70.843 80.171
40.532 27.389
0.0 100.0
0.0 100.0
62.827 29.434
56.882 26.304
77.115 32.512
59.552 60.971
54.484 22.008
64.299 67.668
58.39 33.399
37.585 12.326
37.3 35.38
53.261 33.305
0.0 100.0
39.709 19.662
28.014 56.94
0.0 100.0
76.867 70.805
32.84 39.822
23.035 32.486
0.0 100.0
47.716 26.949
48.17 42.284
69.339 52.111
56.198 33.73
57.539 39.772
0.0 100.0
47.18 16.408
0.0 100.0
74.61 23.916
58.725 37.552
30.725 42.545
20.352 52.132
55.535 49.137
40.477 19.09
31.601 48.23
73.361 65.462
0.0 100.0
80.928 64.259
0.0 100.0
68.697 86.899
82.047 59.829
0.0 100.0
15.569 44.74
40.297 34.411
71.482 73.084
43.315 18.128
49.596 27.627
34.712 24.216
25.968 50.716
51.461 33.632
0.0 100.0
59.116 75.555
0.0 100.0
34.358 12.577
67.188 62.861
69.775 67.709
46.174 17.209
60.112 76.551
12.258 60.537
0.0 100.0
34.266 29.852
0.0 100.0
60.717 24.124
48.332 10.931
30.061 47.836
71.48 43.57
91.637 58.608
0.0 100.0
14.097 55.572
0.0 100.0
0.0 100.0
51.694 33.479
0.0 100.0
0.0 100.0
41.551 19.769
25.752 5.341
27.976 53.537
55.142 39.742
67.288 62.829
58.869 14.249
41.925 24.09
60.667 38.462
11.099 65.441
71.393 42.312
37.426 25.614
0.0 100.0
70.43 68.868
31.218 19.109
42.427 15.369
0.0 100.0
66.622 68.403
60.461 73.97
34.663 45.837
58.685 28.243
30.278 66.694
0.0 100.0
0.0 100.0
0.0 100.0
0.0 100.0
70.113 32.405
79.663 65.725
20.389 57.066
77.747 78.43
20.093 46.329
15.957 39.2
0.0 100.0
64.207 35.363
64.383 66.505
12.095 41.145
48.412 23.774
41.542 6.915
69.797 35.533
32.765 50.41
30.424 56.871
32.01 46.246
13.357 56.206
61.382 74.673
52.849 19.651
44.441 19.627
23.5 56.74
30.513 29.115
53.711 28.279
24.93 63.104
0.0 100.0
49.6 10.836
50.088 23.071
25.672 51.686
0.0 100.0
53.506 20.344
29.615 45.942
62.634 29.359
13.743 49.802
74.19 64.532
51.599 20.639
0.0 100.0
55.073 26.597
48.393 28.718
12.812 49.874
54.776 22.682
79.819 73.683
65.031 34.708
74.379 55.454
51.201 35.329
62.34 60.318
16.449 42.31
0.0 100.0
0.0 100.0
69.117 68.324
0.0 100.0
60.24 29.999
55.443 27.617
20.257 55.084
0.0 100.0
29.667 16.68
0.0 100.0
43.51 18.934
60.851 39.166
26.973 45.732
0.0 100.0
26.707 42.471
0.0 100.0
0.0 100.0
48.216 22.708
38.118 16.5
68.908 46.861
37.435 16.087
55.67 12.575
20.28 50.807
79.888 25.878
36.496 16.477
66.01 38.665
7.759 46.526
56.759 22.952
31.191 42.852
0.0 100.0
45.146 28.114
71.84 70.701
0.0 100.0
81.733 67.244
0.0 100.0
0.0 100.0
37.261 17.905
67.447 71.599
35.37 7.05
44.467 16.109
60.203 59.299
45.94 14.444
0.0 100.0
24.413 55.878
0.0 100.0
39.477 7.1
71.481 63.205
71.142 75.691
56.399 79.792
66.035 27.116
47.878 24.644
0.0 100.0
42.412 10.295
0.0 100.0
0.0 100.0
0.0 100.0
54.933 19.227
0.0 100.0
29.273 59.474
23.742 65.334
63.654 32.545
52.57 23.921
36.862 10.418
58.17 31.29
55.076 11.93
18.147 50.303
75.654 58.936
53.254 28.594
74.981 64.781
33.286 57.784
30.481 45.148
58.571 18.972
64.954 24.529
0.0 100.0
0.0 100.0
23.158 47.155
15.655 54.131
72.712 62.419
46.9 22.128
48.329 22.269
59.588 34.941
18.303 58.959
42.947 18.17
79.275 70.35
19.029 34.381
52.384 23.276
31.488 47.041
62.986 15.461
65.458 31.244
59.692 47.341
0.0 100.0
40.576 23.258
70.41 59.316
0.0 100.0
62.149 37.767
76.98 64.409
72.551 58.687
74.639 70.646
50.219 23.857
62.927 19.791
34.006 50.12
85.143 67.997
59.814 34.216
57.953 13.297
16.686 48.939
0.0 100.0
64.598 21.861
23.173 45.403
0.0 100.0
38.168 50.893
50.593 34.161
78.643 69.265
37.415 17.681
0.0 100.0
60.364 69.813
54.933 26.369
40.085 22.906
66.711 77.808
62.549 76.069
54.904 19.134
26.369 23.719
57.813 71.402
0.0 100.0
43.208 9.72
62.079 35.898
47.164 33.557
0.0 100.0
0.0 100.0
15.364 61.51
0.0 100.0
65.327 22.729
26.04 29.972
73.55 36.659
52.175 21.854
0.0 100.0
71.457 66.729
27.093 61.152
0.0 100.0
0.0 100.0
51.371 31.517
42.969 36.139
64.042 18.504
0.0 100.0
60.503 33.012
82.965 53.03
44.423 21.543
71.038 69.197
69.826 31.368
43.451 15.457
78.387 60.606
61.475 72.803
49.663 22.891
0.0 100.0
15.234 44.958
61.526 66.046
77.731 67.249
0.0 100.0
57.24 57.023
44.671 5.418
17.8 47.076
43.159 23.938
0.0 100.0
44.47 16.881
71.519 34.933
31.249 37.747
0.0 100.0
0.0 100.0
0.0 100.0
23.519 43.78
69.003 70.269
70.345 60.594
67.524 19.416
62.742 61.898
51.464 38.9
0.0 100.0
38.935 23.478
0.0 100.0
0.0 100.0
0.0 100.0
45.481 23.031
32.388 47.805
17.771 49.512
65.082 83.201
28.028 54.669
0.0 100.0
79.711 74.098
64.662 32.305
57.977 22.206
54.707 33.05
0.0 100.0
0.0 100.0
27.63 52.306
26.948 52.102
0.0 100.0
60.116 50.208
32.483 35.817
56.278 42.082
68.954 83.218
56.94 30.131
20.982 52.27
0.0 100.0
45.592 37.56
71.393 65.844
0.0 100.0
62.724 67.319
47.49 16.037
37.714 49.205
0.0 100.0
0.0 100.0
71.91 64.947
61.694 58.369
35.458 27.761
66.759 35.735
44.6 20.787
66.799 77.716
81.771 74.34
0.0 100.0
64.082 43.86
71.272 59.173
16.904 36.048
66.732 39.082
0.0 100.0
53.443 17.316
57.981 32.513
0.0 100.0
45.124 26.965
56.88 39.067
59.497 58.258
63.914 30.58
0.0 100.0
0.0 100.0
35.562 57.547
52.865 39.88
70.612 34.687
62.617 34.475
63.692 32.421
6.713 47.559
27.724 62.556
19.986 49.361
29.375 66.634
12.667 49.919
26.251 41.709
61.401 28.165
64.723 63.845
0.0 100.0
53.975 24.948
68.269 72.071
0.0 100.0
61.331 20.305
54.43 60.618
63.515 27.435
62.664 76.611
75.633 66.106
0.0 100.0
56.833 40.856
0.0 100.0
50.655 38.273
30.501 43.931
0.0 100.0
43.292 14.434
53.344 30.511
49.748 12.52
54.753 22.012
48.235 13.966
97.835 79.18
1.791 69.46
81.166 59.022
20.099 54.146
69.304 67.699
58.536 61.602
48.089 11.522
45.596 40.6
24.429 48.778
72.435 17.323
85.828 40.697
64.242 26.664
38.988 12.431
22.084 53.095
66.885 52.044
49.118 23.362
63.273 65.928
0.0 100.0
62.678 24.548
29.931 20.068
68.167 51.939
50.05 70.83
57.245 33.016
20.758 55.935
51.916 25.676
57.42 21.412
0.0 100.0
27.497 60.418
22.449 48.178
57.857 29.485
11.475 61.488
62.289 26.669
0.0 100.0
66.761 29.178
15.626 49.254
56.433 70.712
30.498 52.377
25.122 58.516
81.098 61.912
62.454 65.952
20.838 49.252
0.0 100.0
0.0 100.0
62.512 28.342
15.122 45.771
75.271 75.471
57.499 47.191
33.712 61.735
47.078 20.518
64.877 37.617
15.258 57.257
47.663 36.577
0.0 100.0
53.577 13.114
34.22 10.37
22.792 55.245
64.974 37.973
50.767 13.297
0.0 100.0
24.899 49.975
27.724 9.152
0.0 100.0
16.392 55.789
0.0 100.0
24.23 51.106
63.195 64.446
72.161 64.552
0.0 100.0
38.747 18.496
61.482 41.301
0.0 100.0
49.053 22.835
0.0 100.0
50.089 22.513
0.0 100.0
66.334 60.374
0.0 100.0
37.75 17.984
32.853 53.813
41.744 16.902
70.893 59.145
46.5 5.547
64.912 72.371
51.293 14.484
0.0 100.0
22.269 49.9
67.79 69.243
0.0 100.0
0.0 100.0
44.0 29.049
0.0 100.0
0.0 100.0
33.083 50.747
55.826 24.902
77.709 79.863
23.488 51.521
38.937 15.797
51.639 22.782
64.789 67.351
54.615 22.399
0.0 100.0
51.486 21.023
65.824 30.323
26.099 56.777
30.701 51.36
19.194 49.488
54.26 9.84
61.566 34.981
17.512 63.246
0.0 100.0
56.722 32.036
60.576 39.91
57.431 41.633
42.423 18.094
43.012 25.596
23.821 45.359
0.0 100.0
56.866 16.337
69.611 66.453
45.143 21.05
0.0 100.0
65.985 72.786
26.66 20.075
72.49 44.678
0.0 100.0
15.84 65.15
58.449 30.987
77.471 38.538
50.175 36.434
47.255 27.031
81.181 63.67
67.399 67.769
63.222 51.606
37.81 8.875
24.871 55.831
0.0 100.0
47.523 25.114
27.846 46.61
0.0 100.0
47.578 22.185
17.955 50.794
0.0 100.0
70.346 35.556
0.0 100.0
0.0 100.0
31.849 16.315
12.468 45.136
15.164 44.945
65.539 17.292
68.81 65.812
59.298 35.091
0.0 100.0
84.659 68.981
58.911 75.231
34.821 59.415
0.0 100.0
17.585 46.694
23.705 46.052
0.0 100.0
50.558 11.477
19.266 46.311
73.206 37.122
81.266 79.8
42.595 20.966
0.0 100.0
66.664 65.705
71.51 36.314
65.886 58.318
72.628 69.126
54.421 28.675
64.646 74.629
38.86 17.662
53.589 33.422
66.268 36.714
52.571 39.956
0.0 100.0
37.095 28.158
0.0 100.0
10.009 54.206
29.599 25.484
53.185 23.431
29.63 63.638
62.986 49.758
8.449 42.917
0.0 100.0
39.845 43.992
69.834 68.327
44.305 11.051
61.278 68.259
19.373 56.084
13.222 50.629
0.0 100.0
20.209 58.421
0.0 100.0
69.875 73.248
41.142 25.761
58.664 52.197
17.149 49.912
41.159 18.087
0.0 100.0
12.438 49.987
67.421 65.049
64.209 28.911
54.913 32.082
31.935 49.013
63.977 37.634
67.131 40.172
69.252 32.101
59.243 25.546
31.302 38.11
35.432 36.488
79.453 65.03
34.753 41.713
18.414 43.173
33.598 48.514
66.121 55.63
33.107 16.017
27.7 62.837
54.854 35.609
76.142 32.117
57.746 36.644
36.407 30.163
24.932 45.718
61.804 31.635
0.0 100.0
58.538 42.482
22.597 51.833
56.25 40.072
3.262 47.54
36.262 17.957
49.276 28.156
28.775 49.457
69.076 64.289
39.822 38.982
50.056 20.649
0.0 100.0
46.939 38.299
77.485 64.167
31.461 5.108
15.659 48.051
64.449 46.667
0.0 100.0
0.0 100.0
0.0 100.0
57.689 23.458
51.707 29.239
73.618 54.004
49.343 23.344
87.673 56.44
0.0 100.0
30.41 52.969
61.61 37.848
36.652 16.388
61.429 39.298
32.17 55.951
18.469 72.394
29.494 61.838
73.074 61.333
0.0 100.0
79.915 64.462
77.488 58.949
44.5 23.638
0.0 100.0
58.852 71.667
16.228 68.457
70.26 76.635
60.787 23.166
39.788 34.848
44.858 19.27
0.0 100.0
0.0 100.0
65.694 29.865
50.144 6.998
0.0 100.0
0.0 100.0
73.677 29.206
48.529 32.674
21.057 50.524
0.0 100.0
82.823 73.61
0.0 100.0
33.267 57.567
22.608 44.02
56.55 38.782
65.457 50.4
24.183 66.303
52.662 27.848
61.181 31.511
55.785 34.907
37.304 28.615
52.461 22.73
23.361 57.217
67.652 73.609
0.0 100.0
0.0 100.0
38.178 6.641
48.835 24.148
16.194 60.457
70.862 74.595
61.834 59.553
50.221 45.272
77.35 77.12
37.927 9.633
62.271 22.676
67.208 67.793
46.808 20.138
6.863 53.579
55.435 33.936
53.774 36.078
79.905 64.014
46.489 21.63
58.297 62.421
75.958 82.981
89.876 77.082
63.085 48.553
72.016 50.469
70.773 35.19
54.866 38.677
19.183 52.926
45.928 24.076
14.955 43.652
54.147 27.002
0.0 100.0
0.0 100.0
11.762 49.594
63.514 26.096
66.249 60.033
35.746 70.723
45.041 20.226
0.0 100.0
20.466 68.273
38.864 20.181
44.343 22.127
35.928 9.29
72.162 71.402
24.183 38.937
49.759 23.497
24.668 44.389
0.0 100.0
9.404 57.602
0.0 100.0
26.809 52.365
74.517 65.29
61.544 32.681
70.596 25.032
29.103 52.619
18.601 62.85
31.741 36.876
42.05 26.342
42.308 31.05
78.511 57.639
73.182 66.028
0.0 100.0
63.596 26.645
49.357 21.98
48.673 25.95
0.0 100.0
45.957 20.618
58.553 30.782
50.704 12.21
62.235 29.252
60.202 27.676
68.487 66.165
35.701 21.743
70.637 35.27
40.935 17.951
64.712 75.655
0.0 100.0
0.0 100.0
35.909 57.014
67.864 28.016
38.328 24.34
23.291 48.822
0.0 100.0
55.119 46.774
40.89 19.132
45.595 21.987
63.194 77.759
60.105 37.932
49.806 43.836
75.75 67.164
42.627 21.405
20.718 61.855
72.756 63.085
0.0 100.0
0.0 100.0
72.957 55.673
70.89 33.683
0.0 100.0
39.041 22.717
63.884 40.399
0.0 100.0
23.515 37.074
59.852 25.147
31.802 26.486
59.774 78.657
23.496 45.589
76.782 69.865
65.206 43.567
16.263 39.357
0.0 100.0
67.569 74.665
44.883 27.729
77.536 67.35
24.276 45.801
0.0 100.0
45.574 26.269
46.072 11.834
58.708 18.098
0.0 100.0
0.0 100.0
20.277 47.227
63.214 63.979
59.651 36.86
0.0 100.0
58.765 26.76
74.691 61.914
0.0 100.0
31.397 18.156
68.147 30.854
44.867 11.087
0.0 100.0
32.203 21.558
31.547 60.669
63.234 21.933
0.0 100.0
37.491 43.73
52.729 60.744
18.424 64.132
46.596 25.865
62.523 31.184
68.598 83.526
24.561 55.789
68.966 57.521
51.675 31.81
63.363 53.326
0.0 100.0
0.0 100.0
59.772 47.063
0.0 100.0
80.746 61.617
66.318 62.728
36.124 13.491
0.0 100.0
44.477 12.541
53.486 59.482
45.321 22.324
0.0 100.0
61.129 46.649
53.986 32.194
29.995 22.826
30.543 44.143
22.754 46.605
60.204 28.951
68.14 24.807
44.51 39.993
58.278 27.728
0.0 100.0
73.57 74.591
0.0 100.0
0.0 100.0
68.567 77.445
79.65 57.11
66.196 75.934
62.924 54.192
41.061 18.119
79.46 68.59
74.03 63.367
0.0 100.0
0.79 73.623
72.268 23.287
0.0 100.0
0.0 100.0
25.808 49.144
60.123 27.451
44.221 9.553
46.802 26.253
80.236 66.202
39.7 14.059
39.731 23.162
61.777 66.556
0.0 100.0
28.648 17.31
45.858 14.388
0.0 100.0
10.66 48.289
47.779 29.439
0.0 100.0
54.927 39.259
43.306 20.098
67.553 47.754
78.728 70.544
0.0 100.0
51.525 21.537
0.0 100.0
48.251 31.491
65.337 46.827
28.421 60.794
39.431 59.128
60.645 37.225
56.149 36.798
54.37 64.58
0.0 100.0
11.156 63.69
0.0 100.0
63.911 78.391
52.83 56.835
51.516 39.609
0.0 100.0
89.272 57.659
20.036 58.707
82.63 77.297
78.936 62.524
0.0 100.0
69.455 61.647
0.0 100.0
0.0 100.0
54.152 47.885
77.652 72.718
49.123 8.999
63.992 40.684
50.625 26.662
44.099 5.979
42.073 53.446
60.319 73.993
49.348 19.627
0.0 100.0
62.111 72.956
35.656 18.373
56.048 25.857
25.617 61.795
73.777 64.55
65.766 32.846
57.777 34.557
61.722 35.841
24.296 56.12
17.144 43.597
19.187 49.544
68.188 40.851
64.577 28.327
75.315 55.521
26.32 54.861
72.211 32.475
54.603 30.445
28.291 56.703
27.419 43.685
21.761 50.142
0.0 100.0
76.347 76.1
60.862 63.755
0.0 100.0
73.121 27.472
17.349 32.778
27.68 48.985
63.897 87.572
74.504 85.678
0.0 100.0
56.454 36.081
63.726 41.608
75.914 73.648
55.542 32.666
60.831 74.394
40.36 23.264
9.286 47.758
42.78 14.01
50.339 58.465
52.554 34.508
0.0 100.0
20.853 51.292
60.443 12.136
45.134 13.397
69.145 70.228
48.177 36.395
0.0 100.0
0.0 100.0
0.0 100.0
53.798 33.557
51.713 26.449
0.0 100.0
47.625 34.46
71.691 80.98
66.076 73.663
58.002 38.196
66.295 68.625
63.328 57.233
64.019 58.208
80.078 67.457
60.552 34.851
58.122 38.601
85.352 48.512
54.521 29.922
0.0 100.0
41.693 24.604
0.0 100.0
55.836 26.397
57.86 33.072
18.816 63.908
72.852 34.844
33.572 30.494
0.0 100.0
0.0 100.0
0.0 100.0
58.625 28.903
0.0 100.0
0.0 100.0
62.664 39.111
43.749 22.407
79.04 76.597
49.227 15.384
19.039 50.82
19.164 39.494
42.185 15.503
54.972 24.401
73.288 56.47
70.144 28.165
69.71 70.654
22.051 53.876
39.428 27.412
69.632 46.974
0.0 100.0
20.345 48.477
35.804 42.594
59.684 25.397
4.242 45.473
14.482 52.136
37.428 23.031
30.415 58.51
61.466 58.504
65.419 60.306
36.969 25.394
58.149 35.144
59.694 15.636
67.982 40.179
31.641 46.625
20.291 57.487
0.0 100.0
62.988 61.667
30.715 57.138
41.533 34.309
44.388 21.414
40.368 24.893
27.586 62.421
63.438 42.501
61.121 31.272
0.0 100.0
0.0 100.0
68.737 60.712
0.0 100.0
46.644 22.722
47.127 33.353
48.235 26.844
49.658 22.502
46.801 10.309
57.813 57.645
0.0 100.0
70.443 71.462
42.307 24.165
0.0 100.0
30.936 17.602
52.807 15.694
0.0 100.0
0.0 100.0
66.825 36.527
21.595 63.192
37.529 21.249
0.0 100.0
72.755 70.692
0.0 100.0
33.487 28.101
69.166 63.517
30.712 42.516
0.0 100.0
77.88 35.676
0.0 100.0
28.159 40.273
0.0 100.0
43.372 25.101
10.012 55.4
58.784 42.303
54.526 36.791
27.2 52.793
29.82 42.415
30.642 51.27
25.991 38.276
67.294 37.884
56.361 73.422
56.916 40.637
66.279 76.61
57.113 32.05
42.27 13.062
24.248 54.781
37.698 27.375
16.526 42.841
65.748 79.926
48.431 53.744
58.538 67.467
0.0 100.0
69.159 61.297
38.5 22.636
46.726 38.087
50.253 14.15
61.603 66.726
30.882 59.528
0.0 100.0
74.395 39.996
50.019 40.886
20.499 51.509
0.0 100.0
19.062 63.155
68.586 80.464
76.103 63.881
38.925 23.944
24.441 55.055
56.161 41.715
0.0 100.0
53.051 35.517
0.0 100.0
48.409 15.457
40.835 31.722
0.0 100.0
33.324 46.998
42.774 26.346
52.76 20.983
58.697 33.163
75.385 56.034
26.5 50.748
0.0 100.0
0.0 100.0
54.668 38.966
14.266 53.11
69.043 74.906
39.041 48.002
62.539 73.113
0.0 100.0
65.263 29.412
60.803 39.998
26.201 53.845
27.778 45.483
18.949 68.521
37.154 12.383
51.522 25.181
18.122 28.508
0.0 100.0
62.147 23.811
72.205 71.128
31.792 42.35
0.0 100.0
65.232 36.204
0.0 100.0
74.286 77.316
0.0 100.0
63.182 42.648
0.0 100.0
14.668 56.6
30.377 38.911
60.991 23.021
66.084 31.653
74.556 56.302
0.0 100.0
51.581 21.288
49.947 91.255
77.485 69.696
0.0 100.0
0.0 100.0
0.0 100.0
0.0 100.0
51.934 36.538
25.357 58.356
27.586 49.152
22.146 63.473
57.308 38.909
46.881 11.671
40.695 21.953
66.471 62.744
57.356 79.82
47.161 14.31
70.892 44.533
39.22 17.035
0.0 100.0
88.743 65.421
65.15 50.013
29.882 49.949
0.0 100.0
0.0 100.0
0.0 100.0
0.0 100.0
35.975 20.493
0.0 100.0
13.224 47.925
38.484 13.786
0.0 100.0
27.476 67.499
0.0 100.0
55.759 26.361
24.125 16.923
48.816 17.058
14.867 42.907
0.0 100.0
32.515 55.767
42.763 14.812
68.999 32.021
73.134 26.204
51.382 42.645
62.095 17.367
35.667 30.422
62.057 27.575
61.827 68.675
0.0 100.0
59.506 21.247
49.981 33.506
59.174 21.048
54.777 27.828
42.378 27.936
61.706 16.597
0.0 100.0
45.651 15.416
28.894 57.882
56.983 55.554
51.307 33.758
66.544 55.017
0.822 44.344
0.0 100.0
60.184 80.165
48.412 28.903
68.304 70.047
67.842 60.907
49.795 8.256
63.458 76.592
43.953 74.361
13.779 50.944
24.584 59.712
74.818 62.939
44.908 19.469
65.981 68.711
0.0 100.0
63.159 63.96
33.082 6.925
61.797 64.754
53.253 9.39
82.061 64.764
71.264 66.147
44.246 24.435
0.0 100.0
11.108 51.436
0.0 100.0
21.711 43.173
38.669 40.22
26.537 51.917
56.071 10.44
9.074 42.759
15.306 44.009
64.38 20.49
0.0 100.0
35.972 33.845
50.223 15.173
0.0 100.0
67.274 30.745
33.696 55.811
61.073 20.703
68.252 63.984
65.297 37.778
68.55 36.933
48.179 30.008
65.278 38.499
44.292 22.642
54.825 33.885
0.0 100.0
43.137 14.908
41.124 19.611
76.626 23.689
41.587 26.389
19.354 40.286
70.513 38.414
46.535 17.118
0.0 100.0
0.0 100.0
24.321 53.976
62.178 26.717
4.32 61.112
74.605 67.642
19.09 48.897
0.0 100.0
69.329 42.272
62.219 78.93
74.135 60.871
28.433 45.419
71.337 69.996
39.435 15.976
23.814 54.097
0.0 100.0
72.013 67.487
69.316 36.467
74.298 70.037
62.119 55.945
12.195 37.481
7.029 59.678
20.563 65.468
29.037 30.544
66.813 46.963
0.0 100.0
19.64 42.3
53.32 30.913
26.152 53.423
68.809 30.748
37.371 36.864
0.0 100.0
35.209 56.509
79.909 86.977
25.177 48.271
54.236 51.037
74.452 57.304
64.18 26.004
64.44 27.631
0.0 100.0
37.992 21.744
0.0 100.0
49.74 23.583
20.26 44.844
60.216 28.908
0.0 100.0
32.661 50.522
0.0 100.0
19.78 46.132
17.854 63.919
60.524 23.12
20.375 54.853
72.433 59.502
0.0 100.0
69.514 36.047
15.081 61.628
47.833 10.304
0.0 100.0
42.626 40.542
73.626 65.984
69.438 34.949
38.66 19.127
0.0 100.0
0.0 100.0
0.0 100.0
16.269 52.976
0.0 100.0
54.599 26.43
33.913 20.658
42.051 33.003
0.0 100.0
13.441 52.579
75.76 64.913
75.946 67.667
0.0 100.0
94.324 61.807
26.489 34.653
49.257 21.809
68.794 39.461
48.887 17.305
63.545 68.052
67.433 38.952
56.86 35.921
30.095 52.038
32.859 55.747
24.256 51.048
69.721 27.926
57.926 33.725
88.94 58.426
32.074 33.941
62.67 68.815
14.115 43.775
51.553 16.815
0.0 100.0
40.019 30.6
0.0 100.0
21.831 44.525
75.948 57.568
32.607 44.629
24.021 57.336
63.515 29.976
0.0 100.0
69.574 61.441
13.71 58.551
0.0 100.0
8.608 49.703
59.362 12.028
28.881 21.881
33.743 55.68
33.713 44.919
74.8 62.048
29.939 49.226
0.0 100.0
46.124 0.415
0.0 100.0
0.0 100.0
56.429 18.469
67.969 74.757
28.213 50.913
45.451 20.781
0.0 100.0
0.0 100.0
0.0 100.0
60.254 42.253
72.797 69.327
51.586 24.02
8.285 60.008
21.056 44.618
16.473 46.933
0.0 100.0
0.0 100.0
6.664 38.389
0.0 100.0
23.546 57.502
14.512 57.257
46.124 41.041
57.11 51.011
26.891 50.526
60.891 73.812
81.064 38.053
40.059 20.469
43.62 19.743
46.035 44.879
16.793 60.994
29.701 54.902
42.212 5.979
0.0 100.0
64.236 24.508
79.548 68.399
67.677 29.376
73.013 64.404
34.047 43.837
71.591 78.329
38.24 14.733
0.0 100.0
53.228 29.154
53.937 72.032
56.014 24.081
82.178 77.045
41.163 22.258
23.105 54.931
83.938 51.136
55.735 27.651
54.074 37.302
36.137 11.782
39.628 18.692
34.602 17.753
46.226 14.042
59.17 26.258
0.0 100.0
27.212 50.841
31.765 40.369
0.0 100.0
54.949 29.803
67.436 54.861
28.51 55.956
56.897 32.135
0.0 100.0
71.26 78.109
0.0 100.0
0.0 100.0
0.0 100.0
54.99 34.822
0.0 100.0
47.66 28.489
50.845 16.392
32.242 37.674
17.205 35.261
52.447 30.036
30.699 38.222
31.659 9.727
65.829 23.948
20.325 68.53
53.607 36.686
58.518 21.074
17.538 62.968
12.823 56.598
48.247 16.361
53.762 28.303
35.18 42.572
58.489 37.447
75.227 65.132
27.84 46.991
17.56 50.753
62.679 32.887
61.409 76.927
71.972 60.931
0.0 100.0
60.874 33.024
52.079 29.272
66.25 35.519
67.823 76.648
47.191 9.895
0.0 100.0
27.14 51.75
0.0 100.0
0.0 100.0
56.324 67.586
40.28 15.936
0.0 100.0
10.9 53.395
64.482 25.661
17.527 37.2
64.073 76.856
68.777 48.308
0.0 100.0
64.988 44.838
76.08 46.664
35.576 47.563
0.0 100.0
0.0 100.0
0.0 100.0
53.039 35.943
67.321 37.272
19.661 52.714
58.952 33.096
58.236 45.377
0.0 100.0
0.0 100.0
65.137 55.8
69.428 40.171
0.0 100.0
21.389 56.615
65.483 33.32
67.898 66.577
57.028 27.524
20.286 46.276
0.0 100.0
15.217 42.025
22.053 54.764
17.684 47.587
73.203 19.171
0.0 100.0
15.62 38.731
14.329 43.56
51.263 22.637
67.979 18.28
25.096 54.997
61.383 53.408
15.951 47.385
18.819 49.319
74.112 72.371
6.15 42.45
0.0 100.0
62.096 65.854
51.744 29.666
44.831 16.619
42.938 16.313
0.0 100.0
52.935 65.77
0.0 100.0
0.0 100.0
53.132 12.93
65.546 60.635
0.0 100.0
0.0 100.0
57.988 76.442
0.0 100.0
63.927 37.687
20.442 48.264
55.559 25.305
27.463 44.242
40.39 34.614
0.0 100.0
40.759 7.211
58.035 74.24
61.29 75.675
66.206 76.495
61.459 28.438
24.524 62.377
0.0 100.0
50.444 20.959
0.0 100.0
71.483 75.477
35.467 61.995
51.235 6.59
0.0 100.0
15.352 47.679
24.769 41.191
71.143 70.52
16.797 48.956
0.0 100.0
88.417 80.889
54.248 23.118
57.891 24.484
50.167 29.106
42.36 12.55
68.626 64.013
42.804 18.689
44.982 19.065
0.0 100.0
69.645 75.929
67.829 62.96
0.0 100.0
0.0 100.0
48.572 14.884
48.052 29.421
0.0 100.0
0.0 100.0
23.597 42.926
62.814 76.767
46.133 26.686
73.841 63.73
62.428 62.701
42.915 25.059
43.292 39.252
25.17 35.78
50.187 31.522
10.64 27.174
89.184 69.593
40.765 29.502
0.0 100.0
38.963 15.23
0.0 100.0
19.943 56.099
54.549 36.885
50.26 28.609
49.381 29.189
53.151 22.239
36.884 17.455
26.111 46.244
13.879 55.052
0.0 100.0
41.136 20.009
57.277 40.135
66.475 26.793
24.11 32.212
54.443 28.391
65.731 28.392
14.868 63.616
55.533 32.711
69.312 26.003
0.0 100.0
63.961 64.99
28.337 61.705
18.932 31.189
46.804 35.893
68.601 77.475
12.374 55.702
49.32 26.32
0.0 100.0
52.487 27.298
70.756 65.526
58.128 9.211
14.968 47.989
11.686 41.651
0.0 100.0
52.899 18.738
13.329 52.999
74.152 66.087
66.668 66.903
9.011 50.393
60.666 8.92
63.373 37.573
67.663 65.347
51.562 21.704
0.0 100.0
86.141 69.711
38.215 24.355
0.0 100.0
66.78 35.867
73.992 73.774
29.44 49.444
42.94 16.095
0.0 100.0
14.218 50.78
14.017 43.549
0.0 100.0
30.919 13.322
62.758 61.06
27.515 33.515
71.187 77.935
45.038 15.385
0.0 100.0
41.429 16.712
49.029 10.914
55.645 38.637
76.832 34.17
67.224 55.87
49.046 28.824
0.0 100.0
56.338 32.293
50.183 33.969
0.0 100.0
75.599 38.243
65.28 36.054
77.869 65.941
0.0 100.0
0.0 100.0
0.0 100.0
78.131 31.368
0.0 100.0
0.0 100.0
58.492 43.889
68.076 12.114
88.947 71.142
0.0 100.0
20.458 55.561
61.449 61.546
33.296 21.822
45.775 18.085
74.065 8.44
59.833 38.082
76.69 70.682
43.005 25.214
22.053 55.27
31.189 56.442
42.941 13.697
69.237 28.633
60.462 53.097
71.444 29.8
56.083 39.106
73.512 40.735
66.436 49.647
56.597 36.963
0.0 100.0
50.822 28.875
24.961 51.42
74.597 54.596
28.867 46.416
67.174 56.024
75.202 66.468
38.639 22.042
0.0 100.0
33.512 21.153
29.017 58.707
74.339 71.632
0.0 100.0
66.029 62.954
34.638 45.699
0.0 100.0
72.878 64.001
56.951 18.53
29.741 42.931
52.46 35.432
42.232 25.726
31.266 58.567
43.003 28.564
67.41 82.412
61.262 28.415
40.025 55.659
0.0 100.0
41.926 24.474
33.794 12.98
87.951 54.615
0.0 100.0
0.0 100.0
56.317 24.86
57.13 30.998
71.281 65.7
39.791 33.768
65.428 46.798
60.555 60.991
62.23 31.533
37.558 23.119
47.876 25.525
45.838 16.347
20.085 47.018
18.214 53.437
0.0 100.0
35.258 14.439
56.178 22.133
64.509 19.764
17.417 57.131
70.29 49.681
47.39 45.134
81.533 31.719
55.738 33.345
18.718 43.624
26.415 56.31
31.156 44.571
15.639 53.298
27.498 54.047
43.713 23.808
0.0 100.0
19.076 50.266
31.108 46.881
43.519 18.02
26.309 42.679
11.448 64.788
44.845 5.27
0.0 100.0
0.0 100.0
80.552 2.601
58.967 23.22
33.077 48.56
71.401 27.402
56.248 38.609
28.285 39.808
0.0 100.0
80.241 65.68
57.332 19.769
6.794 57.731
67.481 28.767
0.0 100.0
77.919 60.096
24.009 17.475
64.475 32.922
0.0 100.0
23.279 43.285
24.804 58.093
55.359 27.106
0.0 100.0
39.431 51.582
24.793 42.623
26.81 9.216
48.788 30.085
0.0 100.0
37.598 37.949
49.015 9.823
71.398 28.633
71.692 23.176
23.314 46.724
0.0 100.0
0.0 100.0
70.006 72.661
67.704 59.741
32.64 59.97
47.847 22.372
56.461 13.615
0.0 100.0
54.886 27.974
46.371 14.862
55.107 31.686
28.858 49.795
50.774 72.942
39.855 11.411
66.146 80.983
46.361 16.001
18.537 51.118
77.227 23.847
45.383 23.534
62.628 63.331
0.0 100.0
66.666 73.941
41.744 19.296
54.974 61.038
24.402 38.583
64.411 87.968
63.88 72.329
71.949 69.221
60.384 42.622
74.006 37.082
59.06 14.635
1.717 65.332
24.003 26.184
0.0 100.0
46.476 3.414
42.519 21.353
4.75 50.261
36.406 27.177
68.75 37.551
77.03 23.145
67.305 69.83
72.21 26.989
48.241 29.035
37.849 24.134
52.974 28.75
37.462 6.478
74.372 35.499
66.567 51.874
0.0 100.0
64.983 60.815
68.766 44.768
26.883 47.942
0.0 100.0
47.617 16.969
66.858 30.006
85.564 73.13
67.961 67.704
28.148 18.216
68.683 69.9
52.965 14.921
68.795 26.389
0.0 100.0
0.0 100.0
0.0 100.0
56.941 44.213
59.827 65.326
57.257 26.122
83.441 67.499
22.074 62.305
13.26 54.322
67.227 66.953
44.76 24.108
17.135 40.222
62.664 41.934
12.506 42.997
23.221 55.76
13.5 44.712
63.942 34.794
69.801 60.58
57.981 25.699
0.0 100.0
28.978 25.307
35.619 49.564
46.588 10.709
0.0 100.0
25.926 50.76
0.0 100.0
68.311 65.313
40.133 6.116
39.648 28.095
21.753 58.128
63.6 17.537
36.985 23.521
23.212 44.786
75.04 78.462
0.0 100.0
69.517 68.614
56.699 21.779
26.852 48.052
10.711 55.437
55.919 64.753
56.784 78.127
7.229 46.728
51.372 18.145
72.158 69.376
31.156 24.291
75.439 74.754
49.66 20.137
39.06 21.866
68.043 66.594
45.476 31.432
21.658 28.301
46.84 9.429
18.278 47.799
34.919 48.307
56.555 55.044
27.068 42.037
0.0 100.0
68.47 72.103
46.162 46.628
59.737 20.653
0.0 100.0
72.297 67.532
66.153 50.165
65.69 25.473
63.754 61.285
42.975 28.535
66.259 30.173
75.562 63.427
71.406 73.491
18.314 49.436
63.326 39.204
68.583 28.987
10.372 49.507
0.0 100.0
36.244 7.011
14.196 50.115
0.0 100.0
83.251 71.856
40.415 17.517
47.103 19.544
63.344 27.789
49.831 37.462
70.582 79.42
49.091 20.144
62.115 41.587
56.579 38.798
0.0 100.0
66.559 24.273
54.29 40.129
0.0 100.0
10.531 53.019
72.41 62.198
24.297 53.592
57.973 29.109
43.704 12.109
46.381 49.306
0.0 100.0
63.217 18.632
25.313 43.046
31.117 64.849
0.0 100.0
36.798 22.651
0.0 100.0
0.0 100.0
0.0 100.0
12.875 48.666
53.771 17.156
30.301 45.072
0.0 100.0
0.0 100.0
46.006 25.661
22.468 47.622
66.436 66.963
59.084 28.985
30.903 49.175
0.0 100.0
67.598 62.978
61.064 36.374
35.747 29.077
63.724 53.17
70.59 29.41
21.172 0.563
26.173 41.515
0.0 100.0
0.0 100.0
27.861 50.48
0.0 100.0
44.139 17.924
0.0 100.0
83.755 76.941
36.654 50.724
53.361 26.029
0.0 100.0
63.153 35.016
24.187 41.94
64.325 26.704
73.729 67.38
60.785 33.216
66.697 20.182
25.239 61.841
75.287 67.176
69.86 49.401
69.779 57.907
24.684 54.562
0.0 100.0
44.561 18.316
59.418 14.602
96.048 68.774
0.0 100.0
72.884 56.861
0.0 100.0
42.468 18.367
63.405 27.603
58.073 87.274
64.971 37.675
33.916 58.207
0.0 100.0
41.917 19.611
64.756 63.788
12.53 56.487
32.192 45.204
67.656 31.339
12.265 57.742
58.845 38.076
84.121 71.179
54.488 23.457
57.307 30.955
58.541 72.159
42.036 7.261
51.174 30.537
78.659 69.911
46.271 20.093
63.003 59.52
74.845 61.194
28.159 37.59
0.0 100.0
21.07 42.576
22.283 55.829
53.049 24.411
82.793 70.463
24.941 59.718
19.671 39.845
44.382 17.484
51.875 38.114
0.0 100.0
0.0 100.0
66.022 65.157
0.0 100.0
40.261 25.262
70.413 30.146
41.589 11.413
0.0 100.0
19.27 48.781
67.128 65.732
0.0 100.0
78.237 71.645
64.481 35.269
23.38 49.752
31.546 57.152
36.992 44.066
26.263 17.898
50.446 32.452
49.134 25.507
0.0 100.0
48.826 74.509
58.644 54.668
61.988 36.297
33.673 21.831
18.18 29.608
51.9 4.549
86.51 52.549
54.83 75.052
0.0 100.0
74.387 40.035
0.0 100.0
17.2 15.443
24.532 40.69
78.713 64.4
50.568 6.336
19.245 52.365
0.0 100.0
67.11 31.113
40.399 64.613
0.0 100.0
68.365 38.676
46.601 23.983
0.0 100.0
39.587 19.524
53.868 31.424
20.985 45.705
0.0 100.0
46.191 35.766
35.259 15.326
9.224 33.103
64.899 27.785
36.164 20.799
16.794 53.167
48.439 28.725
0.0 100.0
22.922 52.242
32.379 41.64
49.225 27.846
73.151 69.475
60.669 27.548
37.349 22.649
37.722 39.801
63.576 53.461
72.407 58.984
54.992 50.966
29.691 59.583
71.935 26.799
20.746 45.567
54.381 14.4
0.0 100.0
77.562 30.265
0.0 100.0
0.0 100.0
69.587 61.619
59.377 31.2
0.0 100.0
0.0 100.0
0.0 100.0
61.281 33.97
0.0 100.0
0.0 100.0
21.295 37.972
76.12 65.854
0.0 100.0
0.0 100.0
69.743 71.993
32.877 55.037
67.063 15.756
29.593 19.908
58.733 73.593
0.0 100.0
59.882 73.845
19.147 56.326
74.391 70.167
70.471 61.279
71.531 33.099
60.415 28.462
54.304 35.061
51.138 38.389
62.775 65.329
0.0 100.0
62.321 73.104
53.304 15.315
24.086 59.82
46.534 15.464
22.738 51.281
44.688 38.256
50.853 30.406
30.863 28.455
50.701 70.129
28.782 25.04
0.424 71.957
68.561 56.512
62.527 23.995
38.909 15.377
75.577 78.255
41.132 12.195
0.0 100.0
0.0 100.0
46.563 31.757
75.817 65.89
0.0 100.0
22.359 45.471
62.498 33.363
10.883 59.462
58.865 37.583
15.828 41.798
62.223 46.61
0.0 100.0
40.777 10.815
0.0 100.0
45.709 17.371
30.21 34.763
75.046 30.109
64.863 31.182
58.684 40.712
59.716 25.634
56.805 60.37
0.0 100.0
45.599 21.613
71.088 72.382
56.956 33.695
0.0 100.0
58.437 30.193
43.761 41.898
28.425 45.572
43.149 18.86
0.0 100.0
70.361 78.6
23.957 54.549
0.0 100.0
0.0 100.0
66.994 64.374
81.254 63.109
0.0 100.0
60.861 41.414
67.193 61.774
26.567 54.31
50.463 25.954
43.13 29.291
17.154 40.221
17.654 46.745
64.373 73.088
51.961 44.932
48.887 37.369
38.002 20.607
24.804 47.207
34.819 25.194
14.133 55.792
19.954 45.691
0.0 100.0
39.298 21.569
0.0 100.0
71.168 57.016
37.005 26.405
0.0 100.0
15.056 57.542
11.775 61.612
38.27 11.347
56.62 32.209
0.0 100.0
20.078 56.817
0.0 100.0
34.868 20.244
63.25 34.4
53.825 36.076
0.0 100.0
63.261 79.76
20.183 62.501
0.0 100.0
68.508 70.0
26.524 49.217
0.0 100.0
39.184 24.367
22.35 62.22
66.932 75.089
24.799 52.766
40.298 21.293
0.0 100.0
0.0 100.0
25.578 47.628
67.791 27.228
0.0 100.0
27.786 63.058
44.307 16.502
37.652 25.345
59.745 57.206
69.719 30.504
32.708 58.56
46.063 39.797
83.066 74.59
72.566 72.342
56.814 61.338
0.0 100.0
66.655 40.09
73.526 60.185
41.221 33.126
0.0 100.0
82.473 78.292
20.544 59.325
0.0 100.0
20.081 61.529
0.0 100.0
63.154 61.052
0.0 100.0
65.357 27.883
38.152 24.324
65.867 27.094
36.281 17.415
19.849 50.694
58.675 30.03
67.954 76.529
68.908 76.511
60.562 41.536
90.862 88.033
60.105 31.298
25.953 54.148
0.0 100.0
9.256 51.828
0.0 100.0
74.371 68.982
75.992 72.571
82.042 56.985
33.206 35.149
23.371 56.04
16.749 51.224
67.582 29.165
53.901 13.527
41.44 32.46
21.186 27.858
66.726 66.24
0.0 100.0
32.93 16.687
26.897 43.235
39.768 18.118
59.179 21.459
53.166 33.358
26.541 51.177
19.494 50.932
43.973 25.346
0.0 100.0
0.0 100.0
0.0 100.0
0.0 100.0
51.269 30.763
65.394 76.28
47.242 35.65
27.735 53.451
71.963 37.557
30.737 51.021
19.942 60.365
65.153 64.868
0.0 100.0
31.663 15.866
17.897 42.952
25.41 53.471
56.488 22.418
44.028 17.633
51.905 10.997
54.504 20.094
64.507 67.977
25.423 35.705
52.941 9.39
52.989 41.752
0.0 100.0
58.973 63.821
29.173 55.439
66.944 32.757
19.006 50.712
55.825 22.995
35.557 52.677
77.369 68.29
25.196 44.957
37.827 63.925
0.0 100.0
67.221 34.911
55.395 71.615
21.446 42.922
25.705 46.05
18.543 45.511
0.0 100.0
0.0 100.0
79.634 73.156
15.897 56.75
59.953 77.249
41.22 29.729
52.948 15.708
19.731 42.452
0.0 100.0
0.0 100.0
32.824 59.72
19.318 34.038
26.325 38.164
30.724 23.455
23.375 37.25
22.301 36.828
71.212 39.943
0.0 100.0
47.356 33.628
24.848 63.424
57.439 33.679
50.958 32.444
56.53 32.154
73.341 66.727
30.149 56.103
62.219 29.287
50.597 15.675
71.687 75.363
38.872 22.148
44.888 19.927
16.846 53.641
56.153 33.388
11.015 54.402
62.427 28.508
0.0 100.0
25.305 60.34
59.699 37.819
35.982 39.032
0.0 100.0
27.959 46.508
34.453 19.595
70.097 31.086
0.0 100.0
40.238 19.772
53.621 35.507
65.257 30.598
58.28 35.062
41.981 7.045
37.898 32.517
56.699 31.316
0.0 100.0
8.288 43.015
0.0 100.0
35.767 25.548
77.436 67.711
38.284 26.338
57.65 33.933
79.956 68.633
48.57 30.591
65.366 29.171
0.0 100.0
74.318 20.471
61.574 62.606
58.994 59.423
0.0 100.0
57.951 14.13
0.0 100.0
33.506 18.227
61.944 57.575
22.033 46.334
54.201 30.634
60.295 67.875
50.519 41.214
58.405 42.007
6.956 38.893
26.432 61.11
79.5 68.653
37.554 18.48
58.019 25.647
44.442 25.903
40.519 46.985
70.775 31.916
30.628 14.615
74.059 61.797
66.718 29.036
67.301 26.978
44.107 18.354
70.394 50.049
0.0 100.0
0.0 100.0
58.856 41.507
0.0 100.0
32.493 62.393
35.398 22.819
0.0 100.0
38.12 8.833
68.976 51.965
83.98 26.886
0.0 100.0
51.81 25.865
59.799 20.094
0.0 100.0
24.837 53.472
20.083 44.425
43.308 12.63
53.237 23.377
35.637 17.048
23.585 38.559
58.303 62.086
45.875 16.0
34.868 60.363
0.0 100.0
70.043 67.345
64.547 35.361
34.184 25.515
64.572 36.977
60.313 53.803
0.0 100.0
63.154 70.864
40.254 7.312
0.0 100.0
60.029 34.916
57.893 36.274
40.548 15.616
30.734 20.436
0.0 100.0
77.877 65.971
0.0 100.0
0.0 100.0
66.638 43.341
43.148 22.759
33.051 50.217
0.0 100.0
49.53 27.364
77.023 68.036
0.0 100.0
24.427 46.699
61.441 42.359
53.245 42.508
53.581 42.914
58.22 68.236
17.485 45.87
0.0 100.0
0.0 100.0
54.611 74.992
47.064 30.592
74.5 70.179
42.277 13.884
40.111 35.081
70.543 32.519
11.467 67.913
27.597 53.613
37.684 25.606
44.336 17.088
0.0 100.0
73.851 78.367
65.561 31.006
18.508 50.27
59.584 69.373
38.914 31.846
0.0 100.0
67.413 65.161
19.388 50.955
0.0 100.0
44.704 33.45
0.0 100.0
31.673 12.176
35.745 22.812
28.607 48.829
50.039 28.642
66.22 24.216
47.109 22.652
0.0 100.0
41.233 13.957
30.466 64.423
14.635 52.638
29.95 55.617
30.957 26.491
78.627 10.264
45.399 26.138
71.828 44.905
63.084 57.826
82.587 79.425
35.971 23.392
66.11 56.97
56.375 31.593
63.874 32.331
47.182 21.127
29.689 19.038
14.189 56.759
52.977 43.911
27.101 63.102
59.211 20.83
63.678 33.698
66.343 22.765
0.0 100.0
56.625 28.518
33.613 35.564
27.409 57.251
16.488 39.887
0.0 100.0
62.69 72.894
50.454 31.849
0.0 100.0
17.625 60.58
40.852 22.3
0.0 100.0
10.137 43.588
60.692 65.833
21.468 34.934
0.0 100.0
41.229 27.628
79.605 29.522
69.931 69.008
70.328 57.155
38.339 28.002
37.766 53.135
99.301 34.514
80.932 27.252
78.645 73.823
60.939 48.956
0.0 100.0
59.981 51.206
45.457 24.604
23.54 68.564
16.4 55.698
40.313 24.416
53.726 72.495
63.574 23.49
36.982 59.959
0.0 100.0
69.833 56.387
71.995 65.548
73.832 33.969
0.0 100.0
71.566 61.758
54.687 30.079
0.0 100.0
29.587 53.142
47.522 23.214
23.864 53.166
64.621 40.93
0.0 100.0
32.385 50.083
21.417 56.556
0.0 100.0
0.0 100.0
9.595 39.09
66.496 65.425
41.814 25.846
0.0 100.0
55.624 41.278
17.861 49.232
53.335 40.92
0.0 100.0
66.459 84.263
35.976 4.72
56.054 66.824
7.776 46.796
70.941 42.261
69.465 90.301
30.915 67.406
37.352 15.764
57.499 38.942
44.97 53.552
18.903 41.071
57.617 25.855
75.464 21.36
28.003 43.751
71.394 71.613
35.046 61.733
19.167 62.044
19.528 54.955
50.923 43.907
0.0 100.0
68.469 75.363
0.0 100.0
49.473 26.577
37.518 21.692
62.575 86.864
35.044 60.848
17.754 59.734
0.0 100.0
55.539 58.557
29.624 23.557
50.842 45.294
58.478 27.041
73.568 67.085
19.672 35.862
0.0 100.0
70.345 26.839
0.0 100.0
44.357 27.945
21.86 50.184
61.77 23.468
52.331 27.725
24.193 64.045
38.776 18.689
26.92 15.444
0.0 100.0
37.272 9.438
74.885 30.659
25.458 47.201
35.128 10.856
61.16 70.62
31.341 62.849
65.142 45.477
31.252 60.239
37.972 20.693
51.232 15.047
54.171 27.501
23.547 21.532
78.106 69.09
73.598 25.245
30.207 22.206
27.674 24.986
50.467 26.711
65.574 25.16
28.954 47.119
12.022 48.818
68.017 40.2
60.753 15.793
33.825 61.08
31.808 28.414
52.778 41.451
40.905 35.74
69.521 28.475
55.782 26.171
25.901 45.728
0.0 100.0
32.397 22.45
42.59 23.026
58.913 29.751
0.0 100.0
53.28 34.849
43.727 35.877
0.0 100.0
59.099 38.652
41.641 31.714
49.261 30.934
41.575 16.026
0.0 100.0
22.06 72.9
52.755 17.544
64.642 33.136
0.0 100.0
54.672 16.525
29.131 49.992
55.667 44.145
0.0 100.0
52.802 25.758
28.309 33.072
0.0 100.0
41.818 14.54
59.916 29.781
43.046 32.899
47.149 17.167
32.325 23.166
43.876 25.541
20.181 35.602
73.399 47.717
14.503 68.054
69.702 64.211
40.861 16.794
43.785 16.049
62.783 21.982
0.0 100.0
52.373 13.699
43.52 25.692
58.603 45.198
65.492 70.585
77.419 70.008
0.0 100.0
21.153 58.271
18.601 41.297
41.719 24.516
12.567 44.934
64.02 38.134
0.0 100.0
0.0 100.0
0.0 100.0
8.959 51.225
81.12 74.526
43.092 20.677
25.388 49.566
0.0 100.0
59.559 33.339
47.259 36.295
48.629 36.932
38.497 32.283
47.967 24.553
69.461 62.757
47.278 31.274
19.856 49.563
36.484 62.559
13.624 53.85
0.0 100.0
0.0 100.0
25.72 52.196
64.363 34.785
66.94 50.213
51.056 27.433
64.63 28.692
0.0 100.0
77.807 65.927
53.021 25.395
42.028 15.248
0.0 100.0
57.056 54.002
81.896 67.283
75.766 58.063
31.397 45.841
72.082 70.827
61.24 21.207
0.0 100.0
58.603 63.383
23.908 16.655
69.27 29.576
77.189 70.773
17.457 57.487
80.431 68.447
63.84 54.605
78.21 73.493
35.211 18.749
46.129 22.578
52.793 11.38
67.434 73.815
0.0 100.0
68.236 43.363
0.0 100.0
37.195 33.852
0.0 100.0
26.874 37.116
49.343 13.56
43.772 16.51
37.543 18.466
0.0 100.0
74.672 64.794
0.0 100.0
0.0 100.0
43.744 8.527
63.907 60.961
72.071 70.439
55.857 13.556
74.394 28.641
14.659 44.031
63.722 18.576
72.161 30.46
0.0 100.0
53.48 42.637
42.295 32.606
43.182 36.348
68.692 56.119
76.759 51.892
81.84 72.847
30.478 38.509
54.507 24.232
64.524 66.187
0.0 100.0
59.775 13.632
57.709 20.904
21.858 49.774
58.073 27.21
70.195 76.082
33.49 60.843
30.308 28.999
64.932 64.465
19.094 58.144
45.034 35.896
58.29 26.755
35.722 43.122
45.595 28.255
38.445 13.74
71.772 63.059
0.0 100.0
69.003 65.154
0.0 100.0
39.684 20.945
19.887 50.195
18.153 47.409
23.938 40.507
0.0 100.0
73.515 69.386
37.531 14.777
66.398 50.586
0.0 100.0
62.703 51.493
0.0 100.0
0.0 100.0
54.456 55.795
58.436 34.192
50.227 32.534
0.0 100.0
48.677 32.506
73.831 45.895
53.142 19.68
59.913 79.744
50.579 25.745
27.393 58.056
73.912 61.717
51.225 15.746
67.988 34.155
0.0 100.0
77.237 59.518
61.846 49.473
52.406 26.493
36.791 99.274
23.993 53.45
0.0 100.0
24.682 39.411
37.908 22.563
71.041 46.698
24.086 15.816
74.306 50.807
0.0 100.0
67.915 72.064
78.552 64.677
77.579 71.954
15.396 56.904
38.277 23.647
0.0 100.0
15.458 34.754
61.003 68.626
49.799 11.725
73.39 36.986
11.563 52.312
0.0 100.0
23.708 43.552
0.0 100.0
64.35 67.902
69.924 68.985
36.803 24.406
20.57 49.401
72.453 59.571
54.752 23.289
68.026 71.406
55.129 32.204
0.0 100.0
0.0 100.0
7.963 51.503
79.285 71.478
26.134 56.284
56.387 12.637
38.843 24.288
48.592 23.638
0.0 100.0
46.122 22.11
62.144 36.42
39.174 28.739
0.0 100.0
34.165 19.153
23.814 47.65
0.0 100.0
56.585 60.557
22.309 41.2
43.678 38.934
21.7 41.37
25.606 41.981
20.314 36.603
17.66 55.543
71.207 70.066
64.255 48.065
42.437 36.154
0.0 100.0
18.273 45.117
44.596 24.741
39.311 18.248
0.0 100.0
65.184 49.838
41.499 22.002
75.551 75.737
49.086 18.598
0.0 100.0
25.415 36.865
46.434 25.422
31.508 26.455
67.644 17.291
30.834 18.573
66.357 41.373
58.124 49.994
78.806 34.049
0.0 100.0
0.0 100.0
39.136 25.643
0.0 100.0
73.828 52.535
53.923 21.771
73.629 80.648
61.605 29.889
76.102 56.361
13.515 47.863
0.0 100.0
8.089 59.983
43.673 28.332
0.0 100.0
43.048 20.57
34.95 62.581
0.0 100.0
63.59 40.004
68.166 24.909
0.0 100.0
62.442 27.802
29.772 59.167
71.642 71.603
15.043 60.02
66.171 31.287
18.266 55.128
0.0 100.0
0.0 100.0
0.0 100.0
0.0 100.0
58.487 27.67
42.481 19.013
57.475 24.892
67.504 37.479
75.622 76.269
71.561 59.118
76.41 61.483
47.442 34.697
33.415 26.298
71.705 77.459
0.0 100.0
0.0 100.0
14.398 46.334
0.0 100.0
67.629 78.271
43.247 24.303
35.067 54.87
0.0 100.0
55.661 42.607
56.346 32.008
68.461 29.945
22.246 47.946
86.849 70.655
70.846 71.68
13.093 55.517
0.0 100.0
69.775 72.448
0.0 100.0
53.32 15.442
43.577 18.489
61.815 38.708
0.0 100.0
11.676 61.876
84.215 56.626
40.731 17.538
0.0 100.0
21.646 52.634
20.254 49.989
24.84 63.18
75.984 22.166
10.361 58.319
36.569 18.176
69.372 32.573
0.0 100.0
45.672 27.288
61.883 40.997
46.5 17.252
81.215 75.829
69.281 79.794
60.229 34.708
27.64 58.886
43.254 62.474
20.121 54.787
0.0 100.0
58.574 62.888
12.639 66.861
67.149 72.823
71.681 59.676
36.76 32.439
0.0 100.0
29.362 54.017
21.737 42.976
45.882 20.197
0.0 100.0
47.021 16.709
45.155 30.289
68.147 74.605
13.48 45.529
58.625 14.064
52.632 39.671
0.0 100.0
15.717 52.898
0.0 100.0
0.0 100.0
46.47 17.027
0.0 100.0
32.369 59.911
85.808 62.204
30.11 63.901
0.0 100.0
59.467 23.619
42.821 18.673
0.0 100.0
32.962 13.655
0.0 100.0
0.0 100.0
44.234 39.424
77.107 73.47
22.155 42.239
36.828 21.636
71.898 77.3
24.791 54.418
61.179 51.723
0.0 100.0
26.246 16.148
34.459 38.93
0.0 100.0
67.162 33.566
67.96 37.347
0.0 100.0
0.0 100.0
56.901 37.733
49.659 31.67
42.806 30.996
59.451 39.52
0.0 100.0
0.0 100.0
0.0 100.0
0.0 100.0
33.032 61.971
23.203 65.668
62.659 66.005
23.671 42.012
0.0 100.0
30.137 48.291
18.72 55.041
0.0 100.0
31.011 56.985
44.504 27.838
23.827 51.376
0.0 100.0
44.019 28.51
0.0 100.0
60.779 29.958
73.005 31.667
61.771 60.994
52.156 32.999
37.132 24.833
71.001 74.716
35.47 13.074
9.182 46.743
56.428 70.5
33.321 44.702
63.038 31.973
72.294 56.729
50.924 30.664
66.624 70.191
50.686 29.015
69.799 30.383
0.0 100.0
63.081 63.702
77.04 69.209
78.56 65.124
76.366 71.286
29.307 55.355
67.327 63.389
60.982 29.757
62.613 86.22
0.0 100.0
0.0 100.0
33.964 51.806
69.51 43.849
0.0 100.0
55.096 15.657
0.0 100.0
63.518 72.893
17.21 33.333
34.095 21.997
64.099 17.243
44.973 23.599
0.0 100.0
24.577 52.473
71.613 72.84
58.385 62.341
0.0 100.0
0.0 100.0
0.0 100.0
40.246 21.44
47.935 23.905
62.841 28.353
48.394 19.284
59.014 67.38
25.487 52.991
58.995 67.329
12.702 43.293
71.455 80.904
44.886 37.89
29.01 47.115
66.695 71.47
18.736 57.139
64.62 41.871
77.571 60.413
43.554 31.629
23.619 49.825
12.118 52.991
0.0 100.0
50.663 12.023
61.261 38.903
36.938 55.699
75.534 63.56
39.186 22.515
14.901 64.612
53.422 31.053
41.139 22.597
0.0 100.0
40.067 22.812
34.729 18.976
23.233 38.156
22.281 41.312
39.351 29.813
44.635 20.787
74.495 61.819
61.31 46.838
13.498 49.367
49.17 34.581
42.075 25.686
26.644 46.561
55.948 24.112
69.95 61.608
61.792 69.068
71.146 72.89
58.884 79.701
79.414 60.162
0.0 100.0
84.074 58.826
0.0 100.0
32.855 26.25
29.155 21.203
59.338 36.565
56.01 83.103
34.576 59.933
60.772 60.072
64.087 29.735
79.589 83.268
79.698 29.9
58.629 20.064
0.0 100.0
63.474 66.173
74.087 53.628
37.037 15.087
34.837 24.039
76.75 66.402
76.16 64.247
77.186 33.908
0.0 100.0
33.545 56.253
44.077 22.043
69.378 65.767
54.177 16.969
48.457 30.656
64.54 63.692
21.133 39.128
39.727 24.787
44.575 21.666
41.771 26.047
65.519 75.013
46.225 23.046
76.269 67.66
37.145 17.711
53.433 34.788
67.855 69.909
0.0 100.0
0.0 100.0
59.137 37.398
20.376 50.317
0.0 100.0
0.0 100.0
20.708 43.641
0.0 100.0
21.796 38.611
69.638 63.954
35.46 18.311
25.414 48.108
45.007 26.5
0.0 100.0
62.532 34.676
48.353 14.232
35.53 10.119
62.316 35.276
26.703 41.541
33.65 25.671
0.0 100.0
55.849 38.161
75.676 51.768
40.962 21.08
0.0 100.0
62.875 25.064
46.289 27.932
0.0 100.0
30.186 40.812
23.633 46.432
65.019 17.144
16.714 42.185
49.129 32.091
71.436 68.596
45.911 20.99
28.069 46.256
61.517 33.222
64.792 83.215
57.595 16.974
58.911 75.463
14.334 57.372
29.891 42.621
0.0 100.0
71.075 70.599
66.45 28.853
63.988 62.483
61.489 37.158
49.262 23.23
46.74 19.305
25.37 24.427
65.386 26.557
13.314 54.248
0.0 100.0
66.404 52.284
24.744 46.766
84.716 72.877
80.256 73.356
63.518 72.776
0.0 100.0
61.167 37.999
68.129 19.602
58.383 16.831
46.508 9.702
33.266 19.267
14.938 62.332
46.665 26.985
62.786 25.939
63.326 35.368
58.956 30.854
55.772 66.892
60.543 13.519
0.0 100.0
0.0 100.0
75.057 70.141
0.0 100.0
62.102 30.018
0.0 100.0
0.0 100.0
69.498 52.733
0.0 100.0
60.71 29.093
0.0 100.0
0.0 100.0
0.0 100.0
14.946 55.8
68.768 62.757
12.678 54.358
0.0 100.0
93.86 1.35
67.033 83.621
56.077 44.176
61.191 19.22
42.257 9.059
54.695 37.464
66.434 73.643
24.152 66.057
0.0 100.0
0.0 100.0
20.404 66.093
22.967 68.136
43.224 12.904
0.0 100.0
76.911 69.791
55.909 22.977
0.0 100.0
6.1 54.65
73.986 80.318
21.434 60.595
67.746 29.13
28.022 40.275
49.321 26.357
40.288 10.939
25.818 46.395
60.003 27.009
70.149 43.148
44.511 15.395
56.047 27.221
24.604 50.456
33.477 28.224
72.215 38.317
21.631 47.723
60.501 49.456
49.878 24.823
65.004 39.383
63.686 74.535
52.164 29.148
62.85 69.467
65.332 7.561
34.328 52.199
44.046 4.668
59.331 54.312
79.899 61.972
77.609 28.659
72.205 75.814
69.936 61.333
0.0 100.0
87.09 75.286
51.589 15.681
71.244 70.292
39.374 7.666
45.655 25.248
0.0 100.0
65.273 69.474
79.139 64.046
22.104 61.241
0.0 100.0
73.764 25.365
57.916 38.431
62.009 77.087
0.0 100.0
0.0 100.0
0.0 100.0
21.345 56.736
0.0 100.0
0.0 100.0
68.536 61.146
49.311 40.766
0.0 100.0
27.772 41.999
62.106 61.844
64.97 65.917
63.084 32.151
19.346 59.872
53.076 29.384
77.076 56.585
0.0 100.0
35.536 22.501
0.0 100.0
55.519 30.975
59.166 34.413
65.528 34.067
66.363 57.504
64.366 30.336
60.412 29.487
52.553 11.115
51.194 22.654
75.297 64.287
10.399 53.36
27.504 61.653
50.331 21.48
50.457 30.559
24.983 57.849
0.0 100.0
40.905 23.425
66.547 19.116
53.267 21.493
55.009 32.445
57.112 31.293
68.023 33.699
0.0 100.0
0.0 100.0
53.134 21.617
43.121 21.355
0.0 100.0
21.309 56.35
27.176 65.164
0.0 100.0
85.033 63.096
0.0 100.0
60.645 41.77
71.814 69.7
71.993 31.003
38.805 28.552
0.0 100.0
73.176 57.373
37.94 64.067
0.0 100.0
63.575 34.062
0.0 100.0
0.0 100.0
72.76 67.033
63.963 75.478
69.147 75.149
63.068 64.681
70.042 61.62
28.871 54.126
0.0 100.0
59.575 27.288
27.71 47.56
80.006 68.744
12.922 50.276
61.684 40.944
60.234 60.775
75.356 75.052
37.169 9.959
86.478 65.526
2.222 56.601
0.0 100.0
6.53 35.374
0.0 100.0
65.656 20.85
53.392 40.247
33.731 16.334
65.852 68.49
74.993 44.103
52.448 41.348
85.806 76.882
65.128 50.863
70.485 57.173
53.187 35.658
0.0 100.0
32.004 1.067
73.699 69.834
57.598 36.519
0.0 100.0
60.632 29.808
0.0 100.0
64.887 68.516
51.995 42.327
0.0 100.0
62.655 38.901
30.877 36.887
50.627 22.871
19.178 46.938
0.0 100.0
18.526 49.871
42.859 21.018
16.336 40.976
42.346 14.112
70.64 66.04
43.819 18.125
6.797 61.35
73.871 67.843
39.941 36.115
20.152 49.422
29.337 17.003
41.617 62.876
80.963 75.869
70.447 35.701
60.18 39.397
46.785 23.866
42.8 17.162
49.32 44.381
21.837 40.067
63.286 36.127
38.917 20.753
53.719 7.173
8.905 46.679
52.242 15.413
67.637 75.367
43.945 28.889
26.021 52.738
69.315 73.56
79.57 72.468
70.859 78.141
36.772 53.763
6.673 55.543
70.091 59.939
61.516 31.817
10.686 49.668
78.505 61.547
77.577 57.186
38.972 11.675
62.576 55.986
0.0 100.0
46.881 36.604
0.0 100.0
0.0 100.0
49.466 67.993
66.414 46.618
61.64 69.242
52.239 32.858
17.963 49.54
26.504 49.386
0.0 100.0
71.464 69.479
21.342 46.465
79.476 65.561
40.667 63.499
31.06 28.236
51.155 22.445
68.08 35.33
0.0 100.0
79.446 27.91
0.0 100.0
63.232 69.011
16.857 48.111
0.0 100.0
54.395 26.199
0.0 100.0
61.306 30.66
21.664 38.122
32.924 20.767
0.0 100.0
39.343 11.747
54.1 21.367
24.931 48.499
72.655 66.203
52.925 37.043
72.012 38.841
61.555 65.519
57.825 25.009
0.0 100.0
0.0 100.0
80.01 71.752
41.873 26.996
27.198 49.593
0.0 100.0
0.0 100.0
50.276 32.771
21.196 41.859
78.563 64.051
24.499 58.103
7.859 51.878
69.806 37.277
26.703 56.988
0.0 100.0
0.0 100.0
74.84 78.78
28.282 40.238
62.29 68.271
0.0 100.0
0.0 100.0
0.0 100.0
48.15 34.347
0.0 100.0
53.889 20.384
0.0 100.0
46.98 20.756
28.055 55.565
35.61 51.407
50.106 23.406
83.116 72.762
35.03 43.192
65.415 29.667
46.96 34.454
68.175 58.583
33.585 56.635
21.506 39.548
58.243 35.171
0.0 100.0
65.117 38.914
46.915 68.533
75.012 66.529
32.857 13.168
38.977 6.678
0.0 100.0
51.454 34.31
0.0 100.0
0.0 100.0
29.074 50.409
70.861 64.149
49.343 29.416
71.782 73.103
32.295 61.875
65.502 71.509
32.266 21.615
0.0 100.0
45.573 17.648
0.0 100.0
67.186 63.722
0.0 100.0
0.0 100.0
58.057 23.381
9.048 52.393
0.0 100.0
49.686 42.707
0.0 100.0
21.763 52.406
76.246 49.81
45.048 13.902
82.627 73.723
0.0 100.0
0.0 100.0
58.83 37.619
47.858 22.721
55.816 37.046
65.102 60.206
0.0 100.0
16.914 51.977
44.26 15.741
52.677 26.865
60.606 68.32
72.835 68.877
45.21 19.978
33.062 75.075
35.272 11.922
72.7 50.777
0.0 100.0
0.0 100.0
54.845 24.996
45.35 30.426
39.593 30.17
0.0 100.0
59.345 69.286
67.482 31.185
11.563 53.627
43.853 20.169
57.716 59.735
0.0 100.0
55.087 23.692
31.18 6.565
0.0 100.0
58.605 39.933
21.386 44.722
69.99 83.28
0.0 100.0
0.0 100.0
31.464 32.696
0.0 100.0
25.636 46.129
29.438 47.696
57.029 36.001
28.66 58.104
0.0 100.0
25.782 10.624
50.575 15.479
21.998 33.547
49.175 8.549
27.091 50.037
54.891 30.609
48.901 31.945
0.0 100.0
67.878 72.259
64.558 68.134
0.0 100.0
29.241 22.703
53.718 36.349
80.199 60.571
37.465 17.71
26.789 17.634
0.0 100.0
0.0 100.0
75.869 31.348
54.099 30.071
19.759 57.47
72.891 62.375
41.091 14.225
16.672 47.377
33.285 24.414
49.436 78.561
0.0 100.0
61.14 28.321
67.396 38.179
20.062 46.521
49.697 11.571
29.349 68.848
60.312 68.618
74.706 25.756
79.013 95.702
28.61 18.88
55.056 33.117
42.558 28.794
43.437 47.278
14.265 56.643
36.558 55.93
67.442 39.821
62.002 38.452
32.583 16.372
47.977 9.671
22.18 50.598
39.666 8.26
0.0 100.0
39.695 32.163
53.911 27.289
78.496 62.619
47.575 15.758
15.776 6.215
58.256 54.688
62.502 59.348
53.772 38.738
76.197 71.056
83.361 57.423
67.247 28.344
0.0 100.0
0.0 100.0
51.747 17.251
0.0 100.0
64.568 26.669
66.859 46.771
65.716 77.341
14.006 59.267
58.441 36.782
60.95 33.075
0.0 100.0
27.871 51.822
0.0 100.0
51.554 19.05
73.629 67.865
0.0 100.0
64.1 39.151
29.929 47.496
32.993 33.153
52.022 40.725
55.447 66.325
29.298 61.813
76.984 25.517
16.794 50.554
19.469 55.513
62.399 65.354
27.649 53.677
55.309 46.867
0.0 100.0
0.0 100.0
39.373 51.849
23.401 55.715
66.375 66.072
0.0 100.0
0.0 100.0
66.135 21.94
0.0 100.0
55.259 26.89
26.5 60.016
37.594 50.143
0.0 100.0
34.124 51.077
0.0 100.0
62.23 60.094
56.299 27.89
67.976 57.767
0.0 100.0
23.75 56.258
54.416 60.621
18.325 57.006
0.0 100.0
11.431 57.889
0.0 100.0
53.898 6.296
61.439 24.415
22.152 54.412
29.338 23.82
42.2 22.712
5.399 49.554
20.443 56.373
57.733 82.617
46.041 26.026
76.084 64.285
67.851 67.851
23.368 52.84
53.87 26.61
20.901 61.106
51.657 33.511
46.8 19.165
53.079 46.17
43.993 13.921
40.328 14.492
48.798 28.993
12.011 61.014
37.65 26.265
51.828 37.643
58.369 87.753
53.429 11.249
44.664 24.324
38.784 27.82
0.0 100.0
0.0 100.0
0.0 100.0
62.803 43.583
62.154 62.383
28.312 30.132
31.806 22.163
57.911 34.962
0.0 100.0
36.569 17.289
33.246 15.656
23.701 22.024
67.548 65.71
0.0 100.0
45.851 31.073
70.099 70.099
66.792 41.383
0.0 100.0
65.795 26.475
54.098 25.973
19.669 54.799
0.0 100.0
0.0 100.0
24.298 50.82
65.958 23.292
67.739 15.93
75.718 71.726
0.0 100.0
46.01 23.6
50.712 67.509
0.0 100.0
75.157 63.955
64.209 14.929
31.475 62.143
70.335 35.349
0.0 100.0
0.0 100.0
23.37 43.693
0.0 100.0
81.067 77.969
64.682 32.79
47.422 21.78
0.0 100.0
62.093 27.438
23.68 49.349
60.862 19.541
58.317 48.103
71.877 60.763
65.425 87.372
52.152 30.924
82.005 25.086
43.868 50.024
26.396 49.002
78.177 68.807
0.0 100.0
61.485 39.019
16.174 47.754
57.794 27.24
20.025 49.467
44.377 15.706
71.424 40.648
71.595 62.52
43.18 15.197
8.917 43.291
54.165 46.222
49.159 35.031
53.344 18.204
18.196 51.229
47.727 24.683
62.985 67.384
61.029 32.988
38.482 19.321
47.203 19.767
5.563 49.712
52.347 39.119
0.0 100.0
24.632 41.901
36.824 26.194
30.717 56.817
58.918 42.142
62.018 27.488
0.0 100.0
65.715 65.114
65.815 26.391
65.342 65.444
41.23 18.308
32.273 52.007
20.905 50.97
23.477 53.046
46.845 46.532
79.001 58.628
80.656 57.934
38.525 19.204
23.265 55.923
0.0 100.0
0.0 100.0
0.0 100.0
40.125 30.375
36.049 25.392
74.209 36.89
57.638 29.987
59.447 9.551
60.318 47.956
0.0 100.0
24.856 17.691
0.0 100.0
64.394 51.724
43.814 14.901
0.0 100.0
17.887 88.742
0.0 100.0
19.624 53.786
62.953 24.737
23.514 48.69
64.36 24.119
59.976 35.333
18.852 41.702
44.369 52.796
46.057 43.065
0.0 100.0
32.629 48.665
0.0 100.0
73.758 31.803
23.579 53.904
48.104 16.323
48.185 35.411
70.731 33.82
60.106 66.257
58.882 28.956
39.303 21.853
66.288 62.851
56.803 37.821
60.757 76.131
15.997 59.671
38.079 9.488
56.491 11.761
29.24 48.695
73.837 67.203
31.444 62.536
0.0 100.0
69.874 36.551
36.136 21.068
53.462 27.422
49.644 30.566
0.0 100.0
55.546 31.978
64.62 59.377
0.0 100.0
40.44 31.106
0.0 100.0
77.72 76.13
89.282 71.535
34.926 54.883
0.0 100.0
38.435 31.399
67.87 32.041
64.415 29.562
0.0 100.0
61.106 64.731
57.442 34.056
24.873 63.18
0.0 100.0
71.275 67.464
71.943 64.695
0.0 100.0
44.166 15.4
75.056 73.397
48.559 32.63
0.0 100.0
41.025 91.377
84.463 62.457
48.93 38.113
0.0 100.0
17.547 39.057
66.198 66.73
41.921 11.843
45.164 36.24
22.095 44.284
71.988 69.75
12.004 48.208
0.0 100.0
25.15 33.51
0.0 100.0
0.0 100.0
35.995 49.563
44.275 21.607
67.853 69.617
66.301 47.168
31.145 61.158
44.28 34.931
0.0 100.0
0.0 100.0
63.763 61.606
72.112 61.826
56.671 33.237
21.352 48.525
50.149 24.785
46.86 30.022
42.06 52.058
75.433 62.781
32.606 21.084
62.529 72.267
24.776 47.512
25.584 53.018
57.143 22.238
60.049 63.15
73.597 67.762
50.336 29.615
0.0 100.0
64.336 67.72
63.08 69.986
53.416 34.329
11.46 60.122
0.0 100.0
20.29 39.268
30.631 53.785
64.311 36.952
0.0 100.0
63.601 30.05
36.525 33.07
0.0 100.0
0.0 100.0
19.035 61.667
39.34 21.359
0.0 100.0
41.1 17.5
60.574 62.982
46.106 12.526
54.18 24.506
41.23 20.2
0.0 100.0
27.548 50.886
18.827 52.285
56.556 22.329
55.714 38.706
0.0 100.0
0.0 100.0
0.0 100.0
54.13 22.774
72.745 68.502
0.0 100.0
0.0 100.0
36.45 10.763
0.0 100.0
0.0 100.0
0.0 100.0
37.412 17.873
39.314 6.934
0.0 100.0
75.925 59.587
89.329 75.485
0.0 100.0
58.091 53.416
62.482 64.621
0.0 100.0
37.364 45.877
43.038 14.324
48.074 26.648
58.949 59.662
44.556 20.201
0.0 100.0
20.402 48.156
82.09 71.983
28.96 23.25
54.848 7.583
44.55 46.111
71.738 52.692
9.305 48.456
0.0 100.0
32.64 30.931
37.693 32.544
57.857 19.493
0.0 100.0
51.548 28.711
56.734 27.789
28.062 65.543
58.872 70.786
0.0 100.0
47.758 35.452
73.499 82.314
77.559 63.164
36.008 25.344
53.457 9.289
39.669 24.024
25.952 44.144
62.187 34.421
0.0 100.0
88.839 74.376
40.353 19.952
0.0 100.0
62.065 34.524
0.0 100.0
54.707 12.299
61.101 69.383
52.478 23.826
59.703 67.325
42.109 32.223
0.0 100.0
74.734 70.523
0.0 100.0
0.0 100.0
20.797 45.684
75.088 63.698
0.0 100.0
40.177 22.585
53.932 29.244
0.0 100.0
55.498 43.308
0.0 100.0
24.205 53.028
62.426 61.16
59.989 31.432
67.717 49.927
15.785 48.697
0.0 100.0
0.0 100.0
0.0 100.0
87.643 52.861
21.125 36.353
73.838 43.3
0.0 100.0
42.681 26.637
58.036 42.261
38.615 16.784
26.653 34.341
0.0 100.0
61.962 37.977
0.0 100.0
0.0 100.0
0.0 100.0
9.553 40.879
0.0 100.0
71.134 60.52
72.959 40.222
0.0 100.0
9.158 54.476
53.556 36.334
0.0 100.0
11.16 33.04
0.0 100.0
23.959 93.113
32.56 53.189
50.388 28.729
48.261 26.357
47.235 28.994
43.164 9.316
63.873 45.496
71.907 77.216
57.616 69.543
0.0 100.0
27.633 48.864
0.0 100.0
64.758 39.211
57.158 14.596
59.7 27.285
22.947 44.067
69.335 37.907
37.891 40.663
28.6 43.254
62.812 31.221
0.0 100.0
65.0 71.647
31.575 19.054
58.483 31.019
41.676 21.28
68.566 69.115
36.144 58.434
0.0 100.0
39.723 17.888
36.044 52.558
74.744 71.751
4.393 65.548
0.0 100.0
73.074 70.64
0.0 100.0
35.777 27.774
47.087 21.575
76.544 65.611
21.434 58.961
69.736 72.808
46.827 43.632
0.0 100.0
28.643 46.615
69.638 60.254
40.402 27.304
75.792 74.775
0.0 100.0
0.0 100.0
49.167 30.699
32.825 61.467
50.548 18.497
25.557 67.082
65.651 72.622
29.297 42.706
0.0 100.0
19.77 64.505
53.576 29.586
28.462 48.829
49.95 18.568
74.099 75.685
37.755 44.542
53.862 18.088
65.163 73.02
46.978 18.078
0.0 100.0
29.119 56.578
0.0 100.0
32.212 24.188
0.0 100.0
77.995 63.836
0.0 100.0
70.887 63.224
17.513 49.845
22.731 26.981
64.146 65.032
15.788 75.834
53.237 23.991
88.975 5.385
14.549 56.499
58.516 37.82
0.0 100.0
0.0 100.0
65.651 22.985
19.969 53.706
73.789 12.25
65.17 34.197
0.0 100.0
28.932 48.431
50.432 29.946
77.056 59.586
0.0 100.0
51.28 18.837
56.295 60.14
30.56 39.309
0.0 100.0
65.642 83.536
68.408 31.739
76.731 73.137
0.0 100.0
60.377 25.747
39.766 47.603
0.0 100.0
73.138 52.121
0.0 100.0
61.925 61.981
77.319 81.029
48.941 32.441
21.425 37.287
0.0 100.0
39.115 34.776
65.15 40.585
0.0 100.0
46.278 10.813
0.0 100.0
57.997 21.08
48.03 7.354
59.577 30.666
10.23 55.247
69.516 42.39
0.0 100.0
0.0 100.0
74.209 61.087
50.758 32.044
58.286 23.4
0.0 100.0
66.984 36.285
64.728 29.165
0.0 100.0
74.077 74.641
0.0 100.0
67.908 44.917
57.115 21.091
23.695 65.529
0.0 100.0
0.0 100.0
71.488 71.001
32.181 34.878
14.449 54.952
55.557 23.539
16.923 55.975
65.759 35.216
22.726 55.721
53.224 29.42
49.02 29.822
0.0 100.0
57.453 33.305
48.333 20.915
52.05 26.467
58.997 61.431
55.223 70.462
0.0 100.0
70.904 74.784
75.72 62.661
0.0 100.0
71.624 69.187
61.224 54.6
20.776 56.297
33.773 41.197
42.137 28.982
32.171 23.484
0.0 100.0
21.063 53.253
0.0 100.0
51.765 41.835
31.926 9.705
33.194 54.254
59.567 75.161
0.0 100.0
44.858 16.033
21.588 43.927
72.47 62.859
24.776 43.866
0.0 100.0
31.246 24.343
27.029 60.135
0.0 100.0
0.0 100.0
43.863 11.385
22.941 55.674
54.947 26.699
15.225 55.992
63.769 64.354
51.984 40.551
24.007 53.013
44.905 21.39
0.0 100.0
19.958 56.156
77.094 73.975
0.0 100.0
45.582 29.565
18.644 46.704
71.547 67.696
22.203 63.7
66.955 62.75
60.591 37.901
20.045 47.387
0.0 100.0
70.755 71.332
63.957 64.881
74.133 26.683
0.0 100.0
56.541 43.808
54.725 22.605
70.866 81.089
75.992 71.609
32.036 73.078
0.0 100.0
77.456 61.4
74.535 55.914
64.184 66.413
68.781 64.489
68.651 68.12
0.0 100.0
0.0 100.0
49.407 27.253
12.517 53.376
0.0 100.0
71.479 86.068
46.813 32.664
0.0 100.0
65.451 75.575
76.691 63.326
0.0 100.0
85.043 35.994
33.939 51.835
66.168 29.125
24.562 24.562
41.119 16.933
0.0 100.0
48.08 21.853
67.086 75.389
64.891 65.781
0.0 100.0
65.569 36.526
64.83 30.603
52.059 37.227
0.0 100.0
51.391 23.117
57.286 30.316
45.835 20.948
39.039 27.08
66.465 44.587
12.376 49.226
65.507 26.767
17.519 64.779
65.861 63.627
0.0 100.0
64.769 79.137
56.157 28.898
75.951 62.06
0.0 100.0
0.0 100.0
40.6 19.37
75.123 56.402
23.789 54.079
16.762 65.003
65.366 11.787
53.019 14.411
87.099 56.694
35.381 17.012
50.813 20.349
0.0 100.0
35.608 37.974
0.0 100.0
0.0 100.0
12.792 50.305
85.373 66.238
72.559 30.952
38.921 21.479
75.911 63.056
20.094 44.918
44.096 20.638
36.835 58.584
16.368 45.455
78.986 80.833
58.651 28.864
0.0 100.0
0.0 100.0
0.0 100.0
0.0 100.0
67.773 73.193
0.0 100.0
22.515 48.141
43.176 28.945
41.131 18.171
0.0 100.0
57.462 25.848
22.896 65.822
83.931 65.115
58.661 58.894
57.977 30.813
30.591 47.896
0.0 100.0
19.364 51.059
45.401 20.346
71.957 72.833
56.159 39.123
13.036 51.725
0.0 100.0
84.148 66.652
60.156 27.634
67.892 74.537
74.407 32.184
23.979 56.856
50.885 13.007
34.723 28.432
44.256 23.505
25.995 48.804
75.842 71.701
0.0 100.0
49.453 14.603
70.151 55.147
17.8 47.168
0.0 100.0
26.414 53.243
0.0 100.0
25.409 48.788
19.833 52.127
78.284 50.187
54.728 27.06
45.273 8.522
66.138 75.101
54.616 44.142
70.44 27.709
58.683 26.532
43.044 29.132
42.729 28.641
76.16 64.52
60.52 26.549
18.397 61.628
60.832 25.819
11.82 55.474
54.356 35.553
21.284 53.475
56.233 72.811
31.0 22.323
0.0 100.0
57.784 19.196
38.034 23.724
75.741 63.718
0.0 100.0
26.959 35.568
50.606 33.178
48.823 54.907
0.0 100.0
6.043 51.434
0.0 100.0
15.157 40.561
67.093 33.066
70.209 66.854
47.066 12.297
56.173 64.733
74.795 75.049
33.01 44.574
49.023 24.013
80.953 77.418
20.424 57.146
44.058 12.226
56.573 34.84
48.142 49.136
28.513 44.596
31.134 44.12
69.828 68.445
58.959 24.971
31.261 37.212
40.008 32.743
0.0 100.0
0.0 100.0
37.404 16.447
70.039 69.961
0.0 100.0
36.682 35.857
43.123 15.475
0.0 100.0
35.429 17.744
33.004 28.002
18.777 66.97
16.8 44.151
58.88 28.956
24.991 49.76
70.38 63.789
0.0 100.0
56.323 13.761
65.971 18.594
66.262 70.048
28.57 21.334
82.336 69.993
69.987 60.705
40.912 24.352
0.0 100.0
19.133 61.852
64.665 36.774
27.439 46.355
74.925 69.222
61.465 57.09
64.345 27.978
0.0 100.0
47.296 34.836
77.969 69.999
44.889 17.255
25.088 51.528
45.98 14.116
27.841 61.331
26.155 41.518
0.0 100.0
58.215 31.149
69.494 67.095
0.0 100.0
62.855 34.805
0.0 100.0
0.0 100.0
18.348 44.386
43.591 15.565
78.974 64.077
44.811 40.168
52.218 19.317
0.0 100.0
59.434 28.622
0.0 100.0
3.413 53.625
0.0 100.0
62.996 59.084
58.697 41.876
22.361 62.978
0.0 100.0
72.37 65.346
0.0 100.0
0.0 100.0
0.0 100.0
10.566 53.481
0.0 100.0
44.169 12.366
65.783 80.338
52.722 15.186
24.513 59.856
50.039 23.645
19.615 49.94
28.545 17.055
60.24 95.996
0.0 100.0
26.334 53.948
50.992 13.997
0.0 100.0
33.583 63.07
73.544 33.289
53.492 73.807
0.0 100.0
53.387 6.303
45.314 17.517
40.219 22.537
0.0 100.0
82.181 56.71
21.502 44.817
62.139 31.313
35.25 43.799
28.335 55.029
28.018 51.515
54.729 40.529
61.329 20.314
80.824 73.842
51.391 33.225
65.049 64.964
0.0 100.0
34.19 42.231
42.256 17.383
74.089 26.183
57.033 25.336
6.852 57.927
25.136 46.276
73.182 65.608
21.53 43.822
0.0 100.0
57.568 32.883
0.0 100.0
60.773 25.106
40.858 21.437
13.54 57.57
81.28 77.293
64.704 70.747
52.543 37.154
24.314 15.515
52.966 25.133
31.876 53.56
16.384 41.689
55.351 34.857
24.6 47.677
66.117 63.487
0.0 100.0
67.702 27.731
47.76 18.414
57.721 40.273
38.171 8.975
32.326 18.633
0.0 100.0
45.384 20.719
43.04 24.03
32.543 13.883
53.979 24.846
36.278 16.071
63.347 69.683
0.0 100.0
76.73 67.619
76.611 53.937
27.437 52.624
21.216 55.721
75.47 55.654
61.534 66.395
47.367 14.553
57.536 23.944
56.121 67.049
69.608 41.249
72.267 47.969
0.0 100.0
57.399 35.87
69.341 42.272
5.607 46.026
71.932 27.974
43.142 17.408
53.079 26.643
25.143 43.458
0.0 100.0
66.026 62.09
0.0 100.0
0.0 100.0
46.905 22.607
74.613 65.799
0.0 100.0
72.622 68.208
0.0 100.0
25.895 63.175
0.0 100.0
17.705 51.397
75.845 73.529
59.054 65.306
0.0 100.0
50.02 77.727
46.23 28.867
67.348 75.678
52.36 22.717
45.54 11.367
61.045 43.421
70.735 24.862
63.399 63.197
22.514 61.543
58.596 34.672
17.869 25.92
21.509 41.059
18.269 43.607
54.609 20.386
35.72 41.258
79.99 68.38
61.6 67.804
71.626 65.645
0.0 100.0
53.742 70.894
28.751 63.149
49.719 26.413
57.91 33.712
52.451 24.146
12.053 56.437
10.557 53.2
0.0 100.0
18.64 52.478
0.0 100.0
61.551 35.082
35.561 22.697
26.019 54.329
87.974 54.616
34.704 26.149
59.377 31.385
59.622 76.193
68.588 62.187
0.0 100.0
0.0 100.0
64.876 21.5
38.966 25.255
79.584 65.232
79.165 53.402
28.046 4.285
55.394 30.688
44.711 18.126
15.774 51.797
0.0 100.0
37.279 30.769
7.689 89.545
80.542 73.675
74.97 78.725
79.969 62.243
21.99 61.681
5.537 57.16
23.641 53.601
66.681 31.714
0.0 100.0
80.793 55.474
50.584 23.785
0.0 100.0
36.015 20.607
67.118 71.595
77.175 62.061
66.875 41.52
23.051 47.873
39.675 12.832
26.953 69.247
17.691 71.996
56.522 23.054
48.821 22.786
40.224 45.803
23.722 37.92
38.345 23.063
25.889 46.598
77.09 55.451
0.0 100.0
0.0 100.0
59.362 35.762
69.175 43.159
20.568 33.712
42.352 36.733
55.146 28.541
0.0 100.0
18.608 62.712
39.546 26.854
30.932 18.769
50.914 21.46
38.003 23.788
67.278 23.339
68.783 74.655
72.94 71.926
27.439 40.932
0.0 100.0
63.229 70.303
36.87 28.62
0.0 100.0
59.226 17.94
12.131 37.364
0.0 100.0
0.0 100.0
47.34 58.015
0.0 100.0
37.28 20.683
33.892 14.491
75.227 71.393
65.571 75.662
69.003 54.365
78.901 78.23
0.0 100.0
60.813 73.134
59.442 34.012
43.114 23.721
0.0 100.0
10.435 46.768
63.305 65.16
74.186 60.574
24.803 63.14
20.531 21.422
64.899 77.212
79.505 64.892
0.0 100.0
34.749 34.863
34.402 13.975
67.047 74.033
0.0 100.0
69.07 73.226
64.248 49.796
35.275 7.155
0.0 100.0
68.709 40.161
75.982 61.443
51.921 10.218
47.573 24.622
61.557 62.951
37.998 24.692
74.678 70.419
49.528 45.015
38.244 16.942
15.223 33.846
66.187 75.426
45.901 27.102
78.573 25.068
0.0 100.0
37.188 65.643
0.0 100.0
0.0 100.0
70.75 44.881
20.171 39.878
33.498 22.242
66.731 33.077
71.618 39.13
67.548 58.433
42.351 21.31
41.307 30.61
64.653 27.758
0.0 100.0
73.787 58.995
0.0 100.0
20.718 43.6
48.009 42.633
0.0 100.0
61.353 36.722
24.921 42.498
59.421 32.578
37.453 19.645
44.156 15.958
57.734 29.042
34.87 17.471
35.376 27.995
0.0 100.0
75.957 76.098
59.121 28.552
68.967 52.141
23.988 51.978
60.983 49.972
35.898 35.596
25.634 55.976
60.217 38.482
0.0 100.0
66.967 58.761
28.203 37.193
27.691 65.178
0.0 100.0
75.018 83.018
51.348 26.664
43.126 20.151
59.488 64.832
0.0 100.0
0.0 100.0
55.931 63.815
45.083 25.79
23.26 54.563
39.261 28.768
61.225 35.677
31.821 61.575
16.538 46.675
39.988 15.198
32.565 24.467
84.193 68.422
48.647 41.373
11.796 42.438
0.0 100.0
48.824 25.952
39.053 54.847
74.369 63.35
0.0 100.0
66.302 40.29
71.182 24.611
64.978 33.515
62.043 41.368
6.381 38.389
60.644 15.229
35.631 56.62
67.1 57.351
0.0 100.0
18.73 54.518
43.957 32.178
49.7 17.379
52.575 35.788
49.74 13.243
41.246 20.343
64.174 30.34
61.617 71.007
0.0 100.0
58.987 40.155
71.6 60.546
63.787 71.19
31.525 60.696
53.907 28.207
43.207 21.255
62.562 75.54
36.585 61.887
58.785 20.7
0.0 100.0
56.068 51.461
66.524 34.929
62.889 35.126
0.0 100.0
34.587 27.752
43.521 20.306
0.0 100.0
0.0 100.0
62.051 33.262
13.153 42.843
19.735 46.424
43.97 23.848
0.0 100.0
61.471 75.137
54.829 30.287
51.47 32.416
75.572 64.867
72.138 73.427
66.839 26.673
14.143 48.165
0.0 100.0
9.81 19.883
21.829 53.53
42.325 4.653
68.503 73.107
69.999 68.753
0.0 100.0
77.61 55.476
64.367 29.491
57.088 17.47
0.0 100.0
0.0 100.0
0.0 100.0
69.674 24.131
47.54 32.139
53.875 53.778
43.471 18.769
0.0 100.0
34.229 39.876
29.922 47.894
27.771 59.176
62.861 72.649
15.371 44.478
45.053 23.102
40.621 21.461
20.056 57.32
62.701 38.377
47.839 18.765
50.128 33.164
51.202 32.302
31.553 37.006
12.33 57.761
50.631 31.953
82.341 75.533
66.223 73.064
69.719 66.192
42.729 22.792
77.284 57.927
53.216 26.374
61.357 19.729
50.623 9.281
0.0 100.0
45.384 24.794
70.135 65.387
72.475 70.494
65.137 50.796
52.334 40.674
64.162 62.901
37.567 20.659
26.461 47.242
69.272 42.268
59.875 71.285
61.853 19.892
71.513 52.487
59.491 71.963
70.079 37.908
57.002 64.016
27.172 52.163
0.0 100.0
46.581 23.769
0.0 100.0
43.336 23.086
56.726 16.718
73.411 72.863
0.0 100.0
20.072 13.71
62.332 40.257
46.683 23.727
45.391 33.237
31.584 29.685
78.053 59.924
26.123 60.59
74.442 67.214
59.462 36.5
26.976 59.098
12.688 39.202
65.155 34.272
33.643 13.888
66.366 71.457
0.0 100.0
36.243 19.814
31.804 49.014
62.69 51.135
44.747 5.961
37.777 47.517
19.34 35.949
18.393 52.525
43.092 22.896
58.601 75.554
56.949 16.524
9.11 46.693
71.779 64.673
0.0 100.0
0.0 100.0
64.142 63.684
59.628 72.141
36.906 28.02
41.503 0.517
19.915 66.539
29.697 60.514
61.684 43.238
64.827 66.515
50.984 30.877
55.304 23.399
35.053 47.142
57.511 37.072
53.996 70.182
59.798 36.17
57.741 21.701
76.373 40.683
69.018 78.284
60.151 47.246
62.903 20.212
61.382 74.812
0.0 100.0
80.356 73.83
84.653 33.007
66.478 33.566
63.364 68.697
76.724 37.391
51.76 44.667
14.939 52.286
33.45 15.645
67.546 58.503
50.992 21.943
69.962 41.23
76.968 74.252
52.284 24.536
72.46 72.136
53.602 40.089
57.657 35.884
48.999 37.082
42.343 33.275
67.685 74.372
19.487 50.866
0.0 100.0
45.522 22.616
64.749 63.529
80.592 70.073
44.291 21.851
63.951 53.596
46.049 24.67
67.54 70.105
68.669 73.514
49.973 33.199
28.433 53.71
65.203 64.488
44.29 34.968
44.0 18.301
43.194 23.005
59.649 30.464
70.275 71.648
62.765 59.908
36.294 18.948
66.49 41.411
53.761 43.681
0.0 100.0
67.662 60.53
24.163 55.902
6.435 48.279
61.733 28.498
58.622 66.185
19.493 60.906
77.941 67.808
28.595 34.233
65.609 70.888
26.681 47.336
45.264 27.967
24.114 48.737
0.0 100.0
59.598 27.633
63.77 70.088
30.646 60.042
53.775 20.307
32.207 52.777
0.0 100.0
67.106 24.132
0.0 100.0
57.64 29.778
43.408 20.17
67.212 26.615
50.86 37.736
34.887 17.398
18.837 42.48
60.384 68.291
0.0 100.0
30.023 51.327
19.134 37.124
29.176 48.571
0.0 100.0
30.299 27.32
46.845 14.747
45.486 20.067
74.573 59.588
14.459 50.667
0.0 100.0
52.371 33.603
49.27 17.698
20.676 58.595
27.791 51.708
42.508 26.948
0.0 100.0
42.854 28.969
35.428 22.923
41.895 8.326
0.0 100.0
19.811 51.343
25.841 43.654
0.0 100.0
61.8 65.443
20.963 49.287
0.0 100.0
0.0 100.0
14.737 48.811
0.0 100.0
57.193 11.45
51.37 16.731
65.719 29.11
71.953 50.637
58.924 30.27
54.801 36.723
21.056 58.121
63.339 72.419
34.142 19.816
31.307 17.903
62.604 66.388
0.0 100.0
36.949 55.387
19.858 45.211
85.898 67.931
53.503 34.764
23.014 31.897
54.602 18.386
0.0 100.0
71.565 61.277
40.595 12.033
22.063 9.674
26.822 53.234
0.0 100.0
60.428 23.994
34.922 66.821
0.0 100.0
11.101 52.133
67.546 50.85
71.964 76.353
37.552 26.098
72.744 66.465
33.311 20.243
50.127 33.681
70.26 42.692
29.252 55.104
54.735 24.829
0.0 100.0
63.515 16.776
28.1 64.725
0.0 100.0
51.619 12.907
68.189 43.011
13.041 48.62
35.008 20.32
18.352 51.993
35.911 29.977
66.802 76.676
0.0 100.0
54.534 36.045
5.619 44.864
0.0 100.0
71.18 71.759
21.943 57.669
25.312 54.083
33.932 23.034
0.0 100.0
42.571 14.311
64.586 36.881
35.342 17.19
0.0 100.0
54.597 68.722
78.71 72.279
0.0 100.0
25.635 48.13
0.0 100.0
23.511 52.968
42.457 17.014
41.696 10.586
68.908 60.716
32.89 59.109
64.719 64.955
78.319 62.009
57.087 26.416
0.0 100.0
53.698 21.77
0.0 100.0
60.257 49.315
0.0 100.0
0.0 100.0
59.222 22.272
78.509 40.785
0.0 100.0
72.161 33.002
0.0 100.0
0.0 100.0
25.116 54.228
63.945 64.017
18.228 43.181
56.979 66.161
60.733 27.725
46.054 25.165
61.314 40.359
0.0 100.0
34.82 18.424
59.631 73.249
57.503 22.797
0.0 100.0
60.353 32.782
61.105 35.266
54.161 69.199
61.819 16.261
0.0 100.0
64.605 53.06
69.875 79.487
65.954 29.034
49.508 37.793
0.0 100.0
39.605 59.229
28.021 37.934
0.0 100.0
57.083 22.646
65.934 36.083
54.183 25.936
52.395 35.098
45.189 26.513
0.0 100.0
48.568 33.772
0.0 100.0
59.067 35.223
74.358 25.282
73.037 67.334
33.768 53.694
0.0 100.0
28.116 55.007
0.0 100.0
42.902 24.518
0.0 100.0
0.0 100.0
72.36 28.417
20.126 47.628
60.97 28.238
41.336 26.326
43.938 11.085
66.788 73.27
74.765 67.02
0.0 100.0
71.031 63.735
15.33 62.499
39.262 19.019
11.62 54.403
65.903 23.258
57.269 62.624
51.804 25.896
0.0 100.0
30.854 52.984
37.868 26.632
0.0 100.0
65.818 55.536
52.932 62.352
71.437 63.657
0.0 100.0
36.943 41.934
42.234 27.371
53.936 37.404
34.579 48.388
40.617 32.576
67.262 28.88
71.755 74.421
66.749 66.781
0.0 100.0
13.446 38.028
11.525 68.389
11.466 52.161
0.0 100.0
0.0 100.0
13.771 59.611
76.827 79.38
0.0 100.0
0.0 100.0
59.837 30.865
45.019 23.799
19.611 40.962
50.3 13.464
0.0 100.0
45.349 26.41
51.426 31.285
76.745 37.264
60.274 28.805
67.533 19.825
72.621 68.329
0.0 100.0
42.809 13.6
41.767 21.049
48.935 23.357
0.0 100.0
83.012 71.805
24.638 47.455
0.0 100.0
68.972 65.587
56.882 67.697
0.0 100.0
57.197 33.503
17.666 50.617
0.0 100.0
15.248 42.632
0.0 100.0
56.816 67.312
69.754 71.208
45.518 27.302
0.0 100.0
29.274 51.288
46.467 17.958
62.62 71.65
36.6 18.093
59.536 21.562
76.627 66.665
58.497 28.914
7.7 29.482
26.072 68.059
62.441 23.554
65.57 78.557
72.346 29.37
41.205 15.512
45.643 32.496
20.386 57.61
63.899 25.55
43.633 19.406
74.423 44.991
51.766 24.294
71.418 40.367
55.512 22.279
28.301 17.038
0.0 100.0
0.0 100.0
50.455 14.304
0.0 100.0
20.715 39.283
5.239 51.411
34.037 11.566
76.996 62.022
53.925 65.41
26.638 48.917
43.662 20.001
0.0 100.0
0.0 100.0
18.236 63.43
81.201 74.666
74.078 79.696
0.0 100.0
0.0 100.0
0.0 100.0
66.804 22.641
26.781 55.562
19.748 56.8
18.605 61.732
59.851 67.389
0.0 100.0
61.334 47.286
0.0 100.0
70.24 63.1
38.715 13.733
14.685 53.085
62.138 73.28
52.687 30.901
0.0 100.0
45.137 31.554
26.844 35.66
49.85 15.417
38.058 29.235
17.683 50.37
35.357 50.922
69.964 57.889
57.407 63.011
0.0 100.0
26.919 41.292
59.08 41.732
48.186 20.15
63.219 31.964
58.494 29.319
63.44 34.131
0.0 100.0
51.576 27.938
68.071 18.998
57.943 33.526
55.371 17.467
58.111 37.691
0.0 100.0
75.222 64.185
60.154 41.718
25.477 47.859
67.898 75.241
58.734 44.091
67.601 65.419
36.403 11.119
34.631 26.189
68.556 58.375
15.945 51.427
17.906 59.446
0.0 100.0
29.048 48.016
24.335 45.908
39.545 20.59
21.843 51.372
36.84 59.27
62.25 13.642
48.135 23.751
0.0 100.0
0.0 100.0
26.709 43.467
56.959 17.883
42.696 26.915
73.458 50.516
66.567 59.345
0.0 100.0
33.484 20.925
40.928 22.55
67.887 64.336
24.63 53.602
0.0 100.0
51.206 29.626
17.179 62.632
51.651 8.314
94.443 96.079
46.654 25.024
44.986 31.198
66.524 36.279
62.959 18.571
0.0 100.0
17.645 42.027
48.028 48.425
41.449 14.224
62.813 38.733
51.566 48.772
13.314 44.959
4.2 0.04
69.213 66.033
0.0 100.0
0.0 100.0
18.261 39.704
58.994 29.384
58.022 29.508
0.0 100.0
27.637 44.181
34.54 53.018
21.197 57.603
30.119 52.708
0.0 100.0
0.0 100.0
0.0 100.0
30.588 52.833
57.352 19.517
58.012 31.345
26.113 50.993
59.646 42.538
61.729 34.892
50.539 24.115
0.0 100.0
27.942 61.635
65.65 62.107
23.21 47.27
25.758 57.495
66.545 69.153
51.331 33.951
0.0 100.0
27.972 58.155
52.288 29.815
43.396 63.682
72.374 70.108
67.225 71.281
72.059 60.074
36.979 26.349
15.717 45.042
21.346 46.255
22.099 37.821
29.862 38.506
74.473 87.185
24.957 50.548
0.0 100.0
82.712 58.969
28.451 51.383
27.96 48.242
47.982 41.265
44.287 17.57
55.371 36.863
0.0 100.0
51.406 21.294
0.0 100.0
78.399 60.144
43.683 33.216
54.933 33.206
78.087 67.56
79.332 65.494
45.698 53.084
35.645 24.802
0.0 100.0
0.0 100.0
0.0 100.0
79.99 51.032
53.961 21.415
57.599 63.73
0.0 100.0
27.941 60.328
61.231 55.623
40.697 43.446
0.0 100.0
36.031 20.204
5.221 56.569
0.0 100.0
34.841 20.069
85.935 53.463
45.574 19.857
61.751 31.942
24.711 51.799
73.623 63.773
0.0 100.0
59.095 38.167
45.993 21.624
28.195 55.258
67.016 34.182
73.884 30.611
41.525 45.936
16.012 43.061
63.133 94.772
70.433 55.275
46.015 25.251
71.03 43.371
64.804 37.677
56.533 29.648
68.523 65.563
20.678 60.325
0.0 100.0
6.341 46.085
41.741 19.957
0.0 100.0
60.181 20.614
62.997 74.29
68.361 72.823
45.179 22.309
80.059 57.896
49.066 36.454
63.737 72.754
66.728 35.176
42.683 51.026
81.259 65.331
17.785 42.72
65.581 31.73
65.528 70.104
47.948 2.817
16.807 58.881
37.57 43.465
59.532 79.519
56.358 71.08
58.419 27.86
52.695 34.734
29.746 27.396
60.386 26.174
18.621 56.579
61.305 57.734
54.245 38.877
43.046 15.97
16.352 41.761
67.816 69.721
69.54 68.339
28.19 57.425
0.0 100.0
41.536 33.955
63.901 65.475
24.942 55.316
4.961 75.986
0.0 100.0
0.0 100.0
0.0 100.0
0.0 100.0
7.077 39.851
50.221 36.757
0.0 100.0
15.036 48.83
36.998 25.791
45.109 23.217
31.941 40.804
63.592 28.572
57.174 61.546
74.984 72.345
0.0 100.0
31.904 55.909
62.885 66.943
71.675 81.538
57.537 37.063
59.093 21.429
82.39 66.091
19.79 97.8
13.837 52.396
44.636 17.975
76.079 72.788
0.0 100.0
23.169 19.111
42.431 31.188
48.486 25.109
62.799 30.593
0.0 100.0
0.0 100.0
53.661 30.524
58.657 26.501
39.517 18.467
0.0 100.0
52.796 30.91
0.0 100.0
75.882 54.127
69.249 42.806
42.042 18.435
70.601 30.036
22.136 49.601
69.541 54.581
26.857 50.31
77.919 35.572
62.804 36.603
82.851 74.863
75.518 50.992
60.804 41.252
0.0 100.0
26.252 47.621
29.543 40.096
0.0 100.0
50.052 19.925
69.96 77.256
61.929 45.399
38.832 27.265
62.932 70.087
20.394 49.642
69.507 52.837
0.0 100.0
66.259 28.49
54.501 99.713
56.902 21.954
54.692 27.613
24.088 43.633
67.292 38.196
26.199 29.022
67.585 44.959
38.937 26.99
25.014 23.139
54.513 22.298
25.326 38.366
0.0 100.0
75.342 66.899
73.968 33.263
74.826 80.702
54.045 21.671
0.0 100.0
29.229 39.83
43.824 21.763
28.788 36.948
30.058 44.988
66.015 58.036
69.78 72.674
0.0 100.0
32.667 41.862
83.047 74.18
0.0 100.0
24.17 44.108
69.982 71.92
0.0 100.0
61.993 19.809
65.979 74.75
0.0 100.0
46.213 35.34
65.946 38.426
79.49 53.708
0.0 100.0
84.31 58.451
44.335 29.221
0.0 100.0
36.136 65.943
82.209 67.5
63.469 57.975
20.435 48.499
57.451 17.186
62.465 43.013
65.395 55.197
70.949 56.613
60.497 51.083
62.343 33.36
0.0 100.0
76.392 60.832
37.225 25.852
32.525 38.311
37.632 20.467
51.919 31.448
91.119 89.421
38.843 27.005
72.836 59.073
38.031 17.403
45.604 28.927
49.556 24.133
83.695 65.792
38.057 29.148
28.597 42.032
27.424 62.043
16.491 51.583
60.198 29.244
43.603 24.108
50.917 14.241
30.739 49.911
25.642 23.732
47.755 20.654
65.365 29.339
64.922 21.936
0.0 100.0
46.868 9.182
46.083 23.216
40.755 18.155
67.415 72.288
66.619 64.507
51.541 45.465
12.796 49.734
0.0 100.0
45.684 6.076
0.0 100.0
62.169 71.736
0.0 100.0
23.093 51.069
72.165 76.62
61.141 61.161
31.408 49.09
59.652 81.932
0.0 100.0
0.0 100.0
68.691 27.753
42.871 20.969
29.133 56.333
55.196 67.743
41.47 21.117
41.323 16.863
66.654 71.052
51.095 30.943
0.0 100.0
23.572 46.264
16.618 41.155
12.72 38.458
52.815 29.901
66.632 77.322
23.798 23.01
41.698 56.849
65.755 65.393
62.745 30.911
5.776 49.171
46.294 27.648
67.235 65.662
17.953 56.918
55.174 34.411
77.719 76.658
60.838 65.909
24.239 42.335
59.746 71.323
0.0 100.0
42.855 25.615
29.244 54.562
70.739 65.353
67.643 62.307
75.938 29.717
0.0 100.0
49.155 20.164
48.12 27.75
53.994 25.727
62.055 23.101
68.38 63.057
6.974 57.374
0.0 100.0
24.689 44.609
70.538 67.688
46.712 25.557
66.379 55.174
55.542 28.377
0.0 100.0
0.0 100.0
72.749 30.219
46.827 28.828
62.573 60.174
45.362 29.2
49.243 33.025
0.0 100.0
55.378 41.008
11.385 55.668
26.336 69.358
76.246 60.644
86.014 77.671
71.538 60.479
0.0 100.0
77.662 50.655
67.149 17.908
73.978 65.891
46.004 30.367
35.506 54.218
57.523 21.462
0.0 100.0
0.0 100.0
0.0 100.0
64.046 39.146
50.791 11.162
12.562 52.416
28.576 38.358
48.022 36.092
38.842 22.342
44.611 28.658
41.789 10.752
27.721 44.478
34.643 9.535
74.241 56.94
7.974 51.158
63.768 23.047
68.172 66.925
27.124 61.635
44.893 15.122
0.0 100.0
80.562 70.836
0.0 100.0
60.462 20.768
28.485 26.114
37.614 50.991
47.24 34.191
57.272 34.844
27.483 47.572
21.555 41.706
49.968 21.603
56.093 4.323
30.943 51.716
26.102 55.996
21.621 51.854
0.0 100.0
51.004 15.709
33.795 37.338
35.428 33.4
41.443 26.295
50.779 15.289
0.0 100.0
68.701 62.817
78.418 25.335
74.796 69.819
63.839 36.048
24.007 46.456
77.433 78.46
12.156 65.592
21.264 50.248
75.53 62.737
54.722 10.365
17.732 37.043
12.764 48.962
36.938 26.242
64.641 62.513
70.189 56.218
59.121 25.726
66.996 66.566
0.0 100.0
22.894 41.843
0.0 100.0
62.525 66.172
84.715 61.012
71.44 38.795
0.0 100.0
24.156 49.103
72.372 72.42
32.812 23.084
67.445 67.572
32.364 28.074
52.655 44.359
34.692 62.206
45.035 18.628
0.0 100.0
63.009 37.829
0.0 100.0
54.2 59.089
62.31 32.284
52.096 37.95
51.211 60.068
47.559 22.226
64.211 33.309
0.0 100.0
57.037 21.629
40.281 27.721
56.974 75.184
10.479 49.096
0.0 100.0
53.685 39.367
0.0 100.0
62.122 71.751
27.592 67.723
0.0 100.0
41.264 39.679
43.653 9.007
59.825 38.505
26.37 47.493
24.29 55.042
66.955 27.571
71.772 67.397
71.775 51.176
34.527 17.926
0.0 100.0
34.066 36.313
70.722 71.996
99.967 0.116
20.876 55.836
57.467 28.74
0.0 100.0
54.479 23.715
52.393 45.213
40.395 19.646
72.124 49.733
78.104 50.075
0.0 100.0
62.889 49.103
27.413 24.606
64.524 53.719
75.302 31.5
45.314 16.289
49.132 40.758
51.429 30.242
62.507 19.644
57.973 67.835
67.392 72.532
0.0 100.0
0.0 100.0
28.763 17.611
63.124 23.986
19.97 36.599
66.235 57.302
69.434 35.395
72.621 49.61
51.71 10.16
0.0 100.0
0.0 100.0
51.647 55.936
63.344 56.587
77.199 37.057
0.0 100.0
65.123 75.41
24.161 67.084
34.895 26.156
16.559 60.594
75.078 64.472
31.974 57.473
37.617 19.859
37.02 48.034
0.0 100.0
36.557 71.948
45.696 21.572
42.53 23.966
22.257 52.466
31.249 46.493
0.0 100.0
37.456 23.53
35.875 52.673
57.946 42.065
0.0 100.0
51.049 26.796
63.873 24.712
0.0 100.0
0.0 100.0
0.0 100.0
15.421 46.465
46.676 63.722
62.101 40.94
31.049 44.207
52.13 19.779
61.956 66.7
78.265 73.678
38.763 20.688
69.007 38.942
74.551 70.586
68.727 25.087
21.766 61.154
42.569 25.44
66.006 60.141
51.382 16.29
47.803 20.493
62.487 29.335
63.765 36.593
0.0 100.0
47.906 20.918
23.518 59.175
0.0 100.0
40.66 16.957
48.58 21.142
14.924 50.867
0.0 100.0
32.222 14.745
23.989 62.767
72.591 66.152
32.29 34.321
54.209 18.953
32.574 15.857
53.974 29.815
67.219 38.483
60.217 20.987
46.712 24.227
64.223 62.997
6.691 61.696
54.856 24.006
13.103 54.987
44.813 27.834
48.547 13.029
80.69 71.129
72.124 69.807
74.504 66.647
0.0 100.0
0.0 100.0
15.623 59.045
17.284 38.601
36.83 54.299
44.732 10.972
82.734 65.329
0.0 100.0
37.978 31.983
65.551 38.709
68.617 28.707
49.152 62.331
42.859 21.35
59.199 37.417
36.52 58.981
0.0 100.0
71.776 58.214
68.099 27.799
0.0 100.0
54.055 69.963
14.877 52.214
55.9 65.525
0.0 100.0
0.0 100.0
21.184 52.318
35.697 26.078
0.0 100.0
75.991 74.052
0.0 100.0
79.433 27.555
72.213 58.348
52.581 31.133
62.583 68.229
44.659 19.167
12.972 50.657
13.116 52.513
74.449 67.226
77.954 68.023
16.355 63.648
67.495 35.378
73.033 62.947
11.067 43.138
16.768 53.16
54.054 44.594
84.316 63.425
64.408 61.102
50.264 67.848
22.664 59.287
73.939 30.2
26.251 44.092
35.407 61.925
60.784 33.643
51.093 18.696
0.0 100.0
0.0 100.0
46.621 17.685
44.325 35.491
25.863 56.855
39.896 22.817
58.45 39.686
5.875 38.722
66.338 59.212
24.195 53.25
0.0 100.0
50.196 17.132
79.357 59.322
40.803 24.875
0.0 100.0
77.343 80.532
49.606 40.313
0.0 100.0
48.105 17.655
48.04 9.483
30.925 73.142
79.107 64.385
38.97 16.934
38.372 21.844
55.285 44.134
0.0 100.0
71.773 69.548
62.672 16.408
51.85 35.968
73.526 77.843
67.276 67.976
61.063 42.511
72.602 63.645
0.0 100.0
0.0 100.0
45.093 24.521
62.273 56.946
69.148 33.11
29.284 52.243
49.834 14.499
70.12 73.564
0.0 100.0
22.042 51.375
39.675 5.321
77.016 67.699
48.139 32.608
72.353 28.194
53.582 16.918
37.175 9.438
75.432 35.036
55.25 30.449
48.259 19.492
68.671 59.192
44.43 17.688
44.487 24.716
69.431 24.259
0.0 100.0
23.901 53.432
42.092 12.735
0.0 100.0
66.111 29.442
35.774 16.983
63.96 62.086
59.842 69.462
20.788 53.398
47.247 28.915
22.685 51.106
0.0 100.0
0.0 100.0
76.483 53.735
65.987 49.461
0.0 100.0
43.079 25.049
48.312 29.797
0.0 100.0
51.729 26.175
21.304 47.647
72.62 60.833
0.0 100.0
53.008 24.933
65.267 17.127
73.956 55.851
66.945 34.92
27.108 53.066
68.011 50.96
68.864 39.185
28.406 52.048
0.0 100.0
74.916 67.02
13.37 69.686
23.88 41.299
83.909 61.297
73.236 40.362
45.583 21.234
66.503 70.493
23.1 47.494
33.641 50.919
27.0 43.919
26.303 52.783
35.086 9.971
73.047 71.391
79.423 40.152
73.348 70.871
57.214 40.016
70.064 79.266
62.067 86.99
82.846 66.462
0.0 100.0
61.613 35.017
0.0 100.0
27.069 27.544
13.659 40.869
0.0 100.0
0.0 100.0
68.161 80.232
61.929 45.029
71.891 71.88
0.0 100.0
63.584 82.405
30.418 12.531
20.586 45.34
0.0 100.0
70.833 73.487
65.253 61.475
64.676 29.756
84.016 75.461
19.143 38.284
70.333 66.744
74.196 79.388
37.949 8.595
0.0 100.0
17.741 46.713
31.813 26.059
72.581 59.135
0.0 100.0
14.527 46.217
86.359 85.121
41.861 10.391
45.07 38.973
18.064 56.652
17.419 42.747
17.83 35.991
45.015 59.135
25.514 52.837
67.007 27.513
22.385 49.775
74.321 55.143
19.416 55.336
69.714 37.462
55.921 18.448
76.404 70.382
25.901 36.202
0.0 100.0
46.155 43.029
63.41 30.469
72.492 63.946
0.0 100.0
61.31 63.471
39.419 3.302
0.0 100.0
60.91 19.505
80.565 66.742
55.966 27.813
71.383 66.029
67.374 73.821
72.876 63.533
87.2 77.494
21.538 50.812
30.832 47.565
28.385 54.119
0.0 100.0
59.323 63.34
0.0 100.0
0.0 100.0
66.528 60.078
24.297 46.414
10.294 31.868
55.66 23.112
0.0 100.0
67.308 39.156
0.0 100.0
0.0 100.0
88.073 83.35
0.0 100.0
15.605 37.914
26.998 44.197
48.543 46.605
0.0 100.0
12.926 52.685
83.031 64.82
0.0 100.0
72.094 38.543
66.073 73.706
28.56 40.368
39.798 22.254
19.913 61.975
68.859 61.815
0.0 100.0
0.0 100.0
67.449 50.797
60.931 25.242
14.431 56.643
42.833 22.877
45.277 45.496
72.933 66.398
39.398 55.485
43.634 26.703
0.0 100.0
61.602 30.915
64.662 70.362
60.768 81.049
83.271 75.125
47.362 11.166
19.783 64.893
0.0 100.0
52.025 31.81
28.68 41.322
73.161 26.862
1.898 91.952
26.454 60.446
67.974 66.32
33.493 46.005
44.907 34.339
16.053 50.149
9.034 44.148
21.0 42.678
54.602 26.768
60.358 30.089
44.79 23.635
49.812 76.78
55.334 30.931
33.473 20.585
71.721 70.047
56.86 32.312
22.43 42.258
0.0 100.0
32.796 23.143
49.122 20.06
0.0 100.0
0.0 100.0
19.773 54.33
63.718 54.181
13.086 39.301
41.315 31.765
73.394 77.011
18.39 58.223
42.682 55.598
64.435 79.144
22.225 46.384
31.127 33.231
56.139 38.544
71.117 69.687
26.301 41.638
61.388 39.641
10.136 32.396
40.467 22.006
63.469 30.126
38.598 36.758
59.377 56.389
66.067 55.807
57.032 41.505
36.173 11.518
46.135 15.039
66.784 38.291
18.18 48.978
83.874 59.036
47.694 55.209
76.525 64.894
9.237 48.446
73.279 57.288
76.206 68.367
72.27 57.934
66.74 47.36
12.281 51.291
70.291 81.94
67.21 57.582
59.894 30.808
70.752 73.651
0.0 100.0
0.0 100.0
17.187 47.221
28.048 47.073
0.0 100.0
38.573 28.543
40.464 23.037
37.536 25.794
17.372 30.471
49.087 39.206
0.0 100.0
12.879 58.349
32.94 15.679
65.452 64.637
50.798 19.782
59.929 61.453
65.49 28.183
31.742 54.929
71.022 60.591
63.564 53.698
77.547 66.629
24.399 45.314
0.0 100.0
60.894 25.749
0.0 100.0
0.0 100.0
0.0 100.0
25.903 15.013
63.339 68.382
87.285 48.674
72.855 58.723
55.375 19.775
65.135 35.665
0.0 100.0
15.454 49.789
54.578 28.726
38.491 22.102
42.492 15.004
59.598 57.204
43.354 38.023
57.028 43.13
5.561 53.572
37.918 19.25
66.702 68.571
50.064 30.416
31.639 45.303
21.043 53.977
0.0 100.0
21.185 56.071
57.229 18.484
72.968 71.894
0.0 100.0
45.659 23.542
46.075 12.125
0.0 100.0
52.494 37.722
0.0 100.0
47.792 24.123
17.382 59.921
58.61 28.905
50.231 32.906
26.011 53.663
51.608 27.944
58.86 28.911
9.378 59.351
67.937 42.138
69.703 21.198
44.499 24.078
38.535 8.851
54.343 24.682
45.469 52.145
54.341 40.603
0.0 100.0
21.93 47.664
73.199 56.388
0.0 100.0
42.489 18.186
78.385 41.269
60.861 69.302
66.011 24.738
45.592 22.444
60.54 38.081
71.12 32.442
68.791 31.81
30.462 10.251
66.543 34.091
32.452 22.085
0.0 100.0
52.925 22.593
72.521 68.931
45.219 31.591
48.292 29.979
64.236 74.637
0.0 100.0
69.738 20.629
75.409 38.611
46.593 17.875
30.395 27.566
62.278 24.446
68.767 65.628
70.38 65.858
0.0 100.0
42.582 34.762
62.117 74.315
70.754 71.459
66.426 73.537
23.761 52.273
52.593 34.935
34.997 29.523
52.715 37.73
0.0 100.0
63.3 41.952
0.0 100.0
0.0 100.0
16.857 51.569
55.791 27.085
57.87 68.769
42.207 29.683
16.269 65.518
48.561 24.673
17.144 44.577
3.604 57.931
60.629 37.681
54.231 66.169
22.909 50.533
21.683 42.615
38.503 19.841
66.073 30.412
44.868 12.33
74.591 65.852
52.593 35.369
62.898 24.9
76.946 65.443
10.849 37.663
0.0 100.0
30.861 45.712
43.124 15.893
40.362 14.489
58.013 46.451
67.616 66.072
27.255 57.455
30.759 16.185
43.444 24.611
0.0 100.0
20.861 47.867
44.595 15.753
31.24 20.378
0.0 100.0
50.727 18.365
0.0 100.0
40.722 9.756
76.54 74.278
71.425 48.475
0.0 100.0
0.0 100.0
75.905 68.756
60.313 35.081
26.406 52.557
0.0 100.0
55.145 38.892
54.269 18.713
58.931 38.556
36.04 21.355
55.102 46.19
65.615 37.632
25.089 62.456
73.938 61.532
0.0 100.0
56.251 22.739
15.284 31.487
38.689 19.171
0.0 100.0
58.595 40.948
52.119 8.614
65.531 23.581
58.218 27.674
45.058 22.155
41.771 27.08
62.799 36.947
0.0 100.0
70.633 62.924
49.33 17.037
0.0 100.0
82.816 71.767
64.739 27.647
55.996 11.062
28.097 32.738
0.0 100.0
29.222 42.25
62.545 24.966
35.273 67.609
73.038 71.768
24.423 49.49
78.563 68.005
0.0 100.0
53.982 26.78
0.0 100.0
66.802 65.534
46.266 18.984
0.0 100.0
48.151 18.082
58.764 85.554
7.668 32.241
51.425 34.347
54.535 17.463
35.381 29.494
59.983 26.323
65.071 24.506
60.924 63.408
38.617 16.483
0.0 100.0
0.0 100.0
30.509 44.506
58.564 25.059
66.762 24.401
55.577 32.828
39.526 28.283
64.138 70.246
75.48 60.954
54.361 42.324
22.413 47.922
17.152 54.644
69.823 58.736
54.678 28.859
40.028 27.406
42.983 42.734
71.208 58.196
23.7 37.195
75.558 75.807
0.0 100.0
25.237 50.519
78.832 63.693
53.121 41.335
46.757 22.105
39.075 13.7
0.0 100.0
52.163 22.696
0.0 100.0
59.442 31.802
61.211 74.517
27.95 53.916
60.832 38.0
0.0 100.0
32.577 28.518
20.522 51.237
0.0 100.0
29.917 47.997
0.0 100.0
41.693 13.865
0.0 100.0
67.606 32.414
42.825 29.832
36.701 19.093
51.809 31.547
74.625 83.452
0.0 100.0
58.549 35.81
73.903 73.164
52.822 34.229
0.0 100.0
46.672 29.569
49.341 18.355
0.0 100.0
36.747 8.214
23.161 45.868
35.393 42.424
0.0 100.0
40.011 30.612
49.053 24.731
54.783 54.166
0.0 100.0
50.038 22.061
39.315 23.967
0.0 100.0
72.043 62.783
13.166 47.896
0.0 100.0
25.291 49.375
0.0 100.0
41.359 25.673
62.584 18.413
0.0 100.0
0.0 100.0
66.573 54.615
0.0 100.0
73.787 59.483
76.681 81.412
63.209 75.007
55.266 65.118
55.422 61.903
59.099 62.351
0.0 100.0
48.847 17.448
69.618 31.685
20.182 61.18
34.978 17.728
61.495 38.844
26.257 21.303
63.697 35.664
68.267 54.255
73.742 67.968
64.751 24.951
32.447 23.242
64.438 39.749
28.078 62.369
22.268 51.851
51.584 20.219
70.003 73.841
42.111 15.984
42.871 19.237
70.186 59.261
34.985 10.062
47.936 17.042
59.95 25.434
0.0 100.0
67.879 60.619
21.437 49.037
52.611 16.305
40.555 8.681
0.0 100.0
55.292 32.201
0.0 100.0
17.564 45.097
71.691 61.98
48.686 26.527
14.922 39.913
36.157 26.869
19.918 40.49
13.504 36.392
0.0 100.0
46.24 16.973
19.129 63.217
42.39 20.852
18.019 31.372
59.855 73.779
78.453 65.641
66.602 83.946
51.554 33.564
0.0 100.0
50.196 10.434
57.674 34.242
57.478 75.269
60.856 58.045
62.775 15.478
20.866 50.886
59.791 24.018
0.0 100.0
71.284 73.345
74.923 63.426
74.285 78.296
15.676 45.745
0.0 100.0
0.0 100.0
0.0 100.0
51.906 20.689
49.245 16.238
51.128 26.67
12.476 52.4
62.671 15.222
0.0 100.0
26.007 48.147
0.0 100.0
58.718 32.405
68.974 59.277
23.476 51.242
76.943 67.429
69.019 48.002
28.06 46.341
0.0 100.0
37.819 7.818
26.706 41.946
57.719 40.253
67.921 52.175
0.0 100.0
0.0 100.0
81.427 63.365
11.149 44.536
78.288 74.397
73.082 65.126
57.21 22.468
64.315 33.66
23.923 40.376
49.924 28.571
56.747 75.676
77.34 59.654
0.0 100.0
31.298 63.63
32.682 25.769
62.61 69.891
39.442 24.499
53.215 25.672
22.883 35.797
42.415 22.419
0.0 100.0
37.893 17.356
64.348 75.848
23.746 50.166
0.0 100.0
62.864 73.706
52.019 18.179
39.449 20.319
27.428 54.044
66.222 73.6
61.477 32.23
0.0 100.0
59.789 59.699
53.879 26.941
19.526 50.985
62.822 58.271
0.0 100.0
0.0 100.0
36.323 20.211
66.576 24.017
35.933 20.563
72.543 33.116
0.0 100.0
40.116 33.071
20.767 36.951
51.35 76.766
61.882 28.366
53.548 15.433
58.869 40.036
0.0 100.0
43.427 19.832
13.705 46.802
6.158 52.148
60.327 21.238
28.394 38.568
21.148 54.933
0.0 100.0
0.0 100.0
65.651 50.393
72.615 67.879
64.181 50.723
68.337 29.61
56.76 21.888
59.772 62.606
0.0 100.0
43.131 15.389
20.565 52.805
0.0 100.0
0.0 100.0
0.0 100.0
0.0 100.0
61.685 42.9
0.0 100.0
37.635 24.742
74.256 68.534
21.84 62.655
76.902 76.132
41.736 16.164
30.438 17.798
56.694 68.877
35.984 34.279
52.391 34.504
0.0 100.0
52.25 37.199
62.952 65.222
41.993 33.069
25.143 57.961
34.786 56.839
54.024 24.619
73.643 69.449
36.769 13.829
57.933 69.314
57.65 71.461
84.313 68.196
68.103 64.085
0.0 100.0
72.499 61.947
77.307 65.17
0.0 100.0
24.18 42.105
56.939 14.227
0.0 100.0
50.759 68.436
69.827 46.371
33.441 9.205
30.563 34.734
68.862 75.02
70.94 56.758
0.0 100.0
0.0 100.0
0.0 100.0
70.863 57.91
17.248 49.65
32.679 19.232
66.887 38.461
72.427 37.328
0.0 100.0
55.704 28.672
66.314 72.722
21.875 60.069
23.518 28.43
63.707 50.942
10.827 45.423
44.52 45.552
65.563 71.16
67.18 67.95
43.377 10.138
72.327 21.363
68.909 66.272
27.609 55.044
18.217 49.016
0.0 100.0
31.994 13.815
37.473 19.799
73.099 63.385
0.0 100.0
62.274 22.114
65.138 35.023
63.688 44.757
16.476 58.725
67.715 69.065
21.185 53.236
64.4 30.468
65.075 23.673
46.234 11.153
0.0 100.0
68.599 61.364
78.365 72.468
0.0 100.0
18.874 59.151
19.329 49.622
44.591 16.446
34.786 9.886
37.84 19.428
50.116 15.905
60.97 74.011
7.266 51.784
36.897 40.4
54.132 33.961
99.967 68.294
35.789 46.607
50.401 59.114
65.796 29.718
0.0 100.0
0.0 100.0
65.252 66.077
0.0 100.0
64.969 24.471
0.0 100.0
0.0 100.0
0.0 100.0
62.851 38.654
77.295 61.072
62.412 68.723
51.37 33.226
16.499 49.879
61.808 62.766
67.682 24.73
71.233 30.33
92.889 33.945
43.379 12.322
62.338 54.767
77.12 62.87
0.0 100.0
13.603 52.905
0.0 100.0
66.486 66.016
74.271 32.942
0.0 100.0
24.293 52.303
0.0 100.0
0.0 100.0
82.899 64.353
41.317 24.873
20.083 48.573
62.561 42.025
77.283 74.101
0.0 100.0
17.102 43.226
40.113 14.987
68.608 58.69
31.357 20.616
66.471 76.738
41.366 20.343
0.0 100.0
59.37 33.713
0.0 100.0
69.897 54.959
14.818 35.015
0.0 100.0
89.492 72.909
22.998 59.212
47.199 35.654
0.0 100.0
15.357 49.654
35.843 31.566
16.648 51.612
52.473 30.149
56.71 57.904
58.525 63.596
40.014 9.646
73.682 69.264
80.795 76.836
58.521 42.009
48.52 31.709
24.946 61.722
37.592 18.261
34.487 16.499
63.516 33.724
45.426 40.33
42.074 16.943
0.0 100.0
51.832 27.323
43.622 30.923
0.0 100.0
0.0 100.0
0.0 100.0
29.981 35.669
18.936 67.198
0.0 100.0
0.0 100.0
58.388 47.082
0.0 100.0
20.067 42.119
48.492 20.189
15.443 41.683
43.488 16.553
26.069 46.393
62.626 42.069
77.285 62.337
50.543 25.192
66.911 25.209
46.281 32.273
0.0 100.0
60.653 37.774
42.157 32.997
76.319 66.635
68.112 60.381
68.893 64.323
34.439 39.195
26.829 49.616
77.064 76.405
68.665 61.973
9.891 56.911
55.14 81.65
41.482 3.724
59.607 32.579
53.41 20.953
77.417 52.449
15.379 43.187
22.457 63.422
36.624 52.59
19.459 41.061
13.748 58.618
67.709 82.36
67.319 28.26
45.517 16.768
39.781 45.79
71.622 66.189
12.921 48.52
0.0 100.0
61.313 46.218
40.079 43.402
0.0 100.0
61.769 75.133
0.0 100.0
0.0 100.0
29.918 54.954
28.79 50.059
28.207 19.631
20.728 61.7
26.313 73.365
31.615 64.052
21.19 44.768
51.677 15.954
68.879 29.47
0.0 100.0
33.784 21.354
69.715 50.349
0.0 100.0
73.361 60.88
64.119 30.277
0.0 100.0
65.482 34.356
37.329 20.368
62.754 32.716
50.0 30.734
0.0 100.0
10.949 39.563
56.105 33.856
77.732 74.503
45.962 10.354
71.149 71.435
0.0 100.0
57.404 48.172
53.749 34.992
78.608 77.227
0.0 100.0
79.345 72.984
26.838 54.154
0.0 100.0
52.563 0.745
0.0 100.0
17.184 37.561
64.321 66.273
30.607 55.72
0.0 100.0
60.808 34.517
53.851 23.422
65.622 36.009
0.0 100.0
0.0 100.0
59.248 29.085
60.221 34.295
58.776 65.175
42.919 15.737
55.032 38.023
63.047 63.193
74.211 55.796
62.251 41.198
58.404 32.506
33.26 44.22
31.121 89.979
48.779 28.424
20.501 45.742
24.868 55.205
0.0 100.0
80.619 73.641
0.0 100.0
49.046 22.48
48.658 44.656
65.019 23.089
35.141 15.616
0.0 100.0
72.956 39.907
40.309 23.28
66.335 30.928
45.199 14.026
0.0 100.0
50.167 12.885
53.303 25.589
45.15 17.134
48.528 39.075
22.774 44.435
30.566 52.38
0.0 100.0
0.0 100.0
57.403 34.635
0.0 100.0
49.756 33.658
64.843 28.695
48.768 24.43
48.197 15.262
43.888 17.092
30.229 48.0
57.832 32.775
32.048 48.445
65.453 27.077
69.041 73.148
85.526 97.831
25.871 56.94
17.263 41.426
41.995 35.211
75.048 70.005
27.085 38.262
34.229 19.852
32.44 57.547
56.995 40.855
78.881 74.101
58.183 24.295
56.178 33.186
36.887 24.569
56.231 67.536
48.467 24.019
68.002 70.604
65.231 31.358
0.0 100.0
51.503 39.385
7.896 52.118
62.867 68.613
24.479 44.961
71.455 71.212
0.0 100.0
0.0 100.0
71.248 76.125
20.159 42.301
0.0 100.0
58.71 34.121
86.772 69.856
55.724 68.903
44.305 32.28
0.0 100.0
65.237 74.151
0.0 100.0
62.525 43.337
63.979 27.168
14.757 41.457
48.839 21.45
70.098 68.622
24.003 51.465
0.0 100.0
36.181 22.181
22.323 58.649
8.383 38.755
24.675 50.198
12.095 52.647
66.497 70.557
0.0 100.0
44.86 27.124
32.126 51.739
65.922 78.922
65.478 56.621
32.897 25.453
67.198 59.542
0.0 100.0
72.71 71.7
60.701 26.415
0.0 100.0
46.179 16.686
60.869 25.839
0.0 100.0
36.759 40.788
0.0 100.0
67.134 43.524
72.103 80.995
20.71 54.146
24.683 23.486
0.0 100.0
21.749 47.247
48.489 32.113
7.585 50.2
35.713 54.374
58.037 18.76
25.501 59.97
0.0 100.0
65.188 72.659
39.238 23.12
56.63 33.266
0.0 100.0
60.565 24.088
51.096 36.294
0.0 100.0
44.482 24.782
0.0 100.0
58.84 34.316
76.763 66.596
36.98 9.958
58.001 22.955
68.164 73.062
13.349 57.189
55.796 33.531
46.494 20.318
81.767 86.447
66.734 37.425
70.959 70.321
13.119 53.332
55.108 42.049
13.814 40.084
0.0 100.0
36.105 12.162
25.612 43.188
60.913 47.047
64.265 41.538
0.0 100.0
67.74 73.13
90.452 77.627
25.65 10.27
30.208 40.492
60.654 72.349
27.825 47.821
0.0 100.0
0.0 100.0
58.786 81.403
28.321 52.64
61.635 30.412
62.831 64.04
57.447 50.134
23.884 57.76
0.0 100.0
0.0 100.0
0.0 100.0
0.0 100.0
70.92 66.353
36.783 15.564
27.445 9.565
34.581 54.991
0.0 100.0
51.303 20.713
74.216 55.028
24.492 49.469
0.0 100.0
50.894 36.528
42.412 12.508
51.406 16.714
68.326 39.561
0.0 100.0
0.0 100.0
0.0 100.0
75.769 67.019
56.291 24.409
22.058 42.014
66.302 76.204
64.699 69.495
61.833 72.668
54.732 39.633
31.873 55.912
75.356 58.612
60.042 40.763
53.715 32.291
18.099 53.954
54.917 63.568
0.0 100.0
37.879 22.609
68.084 32.475
69.729 65.36
0.0 100.0
16.187 56.203
72.712 62.089
73.266 36.388
75.626 58.501
50.663 18.114
69.771 59.905
56.173 28.458
61.762 62.615
55.059 22.449
0.0 100.0
63.369 36.514
79.272 67.356
41.469 21.686
25.034 47.918
30.648 26.844
58.695 39.72
62.459 22.524
0.0 100.0
56.824 47.714
41.173 25.236
58.305 63.864
25.585 42.179
58.464 30.992
46.885 29.396
0.0 100.0
0.0 100.0
48.7 17.96
66.832 35.035
43.039 14.375
0.0 100.0
69.052 72.674
21.717 55.806
78.48 68.443
31.004 51.326
34.216 21.003
0.0 100.0
0.0 100.0
80.341 67.51
0.0 100.0
0.0 100.0
0.0 100.0
0.0 100.0
46.21 21.691
40.495 14.824
72.265 68.32
66.677 33.657
15.971 54.907
20.237 60.37
55.955 27.037
42.09 24.188
53.144 32.655
23.099 60.991
76.652 66.072
38.196 48.316
16.396 65.295
45.379 37.005
0.0 100.0
0.0 100.0
44.438 18.199
72.187 24.116
34.624 60.826
25.69 44.155
62.483 27.609
0.0 100.0
70.59 36.858
56.932 37.058
32.605 24.757
71.885 67.054
0.0 100.0
48.726 32.093
0.0 100.0
46.955 11.458
14.391 42.277
5.189 53.14
0.0 100.0
64.702 39.933
51.372 24.516
17.478 46.417
69.229 79.476
29.027 56.41
0.0 100.0
68.678 22.363
69.046 72.991
60.939 24.029
63.412 73.765
48.805 20.588
80.092 68.01
19.771 39.811
40.14 26.957
28.297 42.206
53.157 36.111
0.0 100.0
60.074 15.798
77.278 62.834
69.598 63.725
36.686 26.346
23.57 45.117
63.317 39.832
0.0 100.0
0.0 100.0
64.311 43.174
42.557 34.599
0.0 100.0
0.0 100.0
79.589 32.275
68.887 59.05
67.037 58.581
66.939 73.476
62.08 34.492
77.534 75.632
66.052 38.907
68.01 14.332
0.0 100.0
0.0 100.0
0.0 100.0
48.307 37.882
0.0 100.0
0.0 100.0
0.0 100.0
0.0 100.0
0.0 100.0
61.595 26.344
67.85 69.127
54.922 29.094
68.929 28.975
0.0 100.0
0.0 100.0
54.808 27.029
72.446 36.581
49.109 19.995
16.548 53.143
26.229 40.606
49.478 40.469
46.206 28.426
26.844 36.913
67.909 23.362
0.0 100.0
27.113 49.648
0.0 100.0
0.0 100.0
64.983 73.87
0.0 100.0
69.703 73.099
62.574 33.315
16.598 51.232
27.243 53.994
0.0 100.0
40.818 29.303
76.441 60.836
63.648 29.397
0.0 100.0
41.59 21.278
27.37 49.175
0.0 100.0
77.697 66.347
33.645 68.213
32.786 44.472
26.192 46.377
0.0 100.0
81.918 66.76
43.02 14.338
0.0 100.0
45.086 20.367
75.953 64.341
53.485 22.984
65.182 45.212
45.921 23.876
0.0 100.0
0.0 100.0
0.0 100.0
45.587 12.568
61.066 70.234
22.754 47.48
32.312 23.773
75.606 77.018
0.0 100.0
0.0 100.0
45.726 29.941
0.0 100.0
0.0 100.0
23.256 44.995
52.429 26.882
0.0 100.0
51.502 25.631
66.589 31.147
72.51 44.705
66.724 78.794
17.512 56.45
40.696 57.226
31.794 47.221
65.825 68.816
58.571 32.383
30.542 21.736
30.566 65.274
0.0 100.0
24.377 49.723
71.184 73.505
44.962 39.172
34.101 12.246
39.865 23.687
64.925 33.717
65.055 67.862
53.438 29.597
26.096 18.384
0.0 100.0
51.457 34.382
79.494 63.951
61.67 17.862
46.91 26.689
69.215 75.067
29.066 49.601
71.448 41.483
27.591 45.274
0.0 100.0
0.0 100.0
48.462 10.358
0.0 100.0
56.545 5.979
71.369 43.295
51.607 17.792
28.383 45.967
48.954 29.375
0.0 100.0
27.515 42.455
0.0 100.0
79.16 59.025
74.572 53.678
62.964 54.308
74.719 43.278
30.01 46.093
50.492 28.861
18.607 46.824
43.048 30.726
53.463 49.474
25.348 52.351
70.928 52.532
50.995 30.518
56.577 17.341
39.173 35.878
72.874 61.937
0.0 100.0
23.966 47.968
0.0 100.0
30.45 63.302
42.067 2.828
0.0 100.0
81.586 62.272
0.0 100.0
51.468 28.532
26.662 45.686
67.229 40.075
56.036 21.477
63.681 27.973
66.422 81.93
47.622 23.259
0.0 100.0
71.415 67.236
47.362 17.116
30.098 49.897
81.889 19.313
0.0 100.0
80.59 68.367
62.679 65.409
34.16 16.469
67.91 67.001
60.199 52.636
47.623 23.238
57.145 40.983
41.046 30.683
62.824 28.706
0.0 100.0
62.54 25.862
70.369 36.014
0.0 100.0
0.0 100.0
76.064 74.514
64.784 33.071
56.61 56.498
0.0 100.0
68.542 75.107
54.863 17.902
42.556 12.091
25.437 39.15
63.405 18.312
0.0 100.0
61.697 32.643
32.907 34.641
57.567 64.981
69.604 29.876
54.333 22.981
63.118 35.356
43.481 33.147
79.024 69.494
72.878 66.194
75.521 78.465
67.34 67.69
77.858 67.354
52.841 15.91
81.353 71.112
73.584 70.186
65.301 70.43
79.398 62.476
64.983 28.54
44.742 16.058
50.434 22.482
76.47 72.415
56.522 39.75
58.168 27.918
28.26 64.172
70.38 35.758
0.0 100.0
60.83 40.623
56.257 11.057
49.245 25.288
40.881 45.598
64.323 29.218
48.678 6.184
78.765 59.101
67.646 75.174
74.918 77.919
68.329 74.492
50.323 18.383
44.646 11.285
61.924 42.53
0.0 100.0
0.0 100.0
58.041 38.277
46.503 15.25
66.328 34.108
55.166 29.783
0.0 100.0
71.699 74.501
18.179 56.783
49.548 44.411
44.116 24.322
63.134 60.131
18.952 57.709
45.189 41.125
15.767 59.476
52.299 18.119
70.182 70.711
27.45 55.798
53.524 36.172
0.0 100.0
76.66 54.66
0.0 100.0
40.343 18.424
0.0 100.0
56.795 42.681
75.374 58.847
23.246 60.923
36.479 22.773
42.13 16.964
0.0 100.0
0.0 100.0
26.333 48.503
43.908 19.643
30.967 45.207
31.025 10.741
49.21 27.766
78.796 73.735
44.528 10.226
64.818 57.003
67.061 61.696
43.132 44.234
50.467 24.029
29.745 63.32
0.0 100.0
0.0 100.0
46.889 16.856
83.084 69.535
0.0 100.0
0.0 100.0
31.863 19.278
0.0 100.0
57.779 24.17
35.601 19.407
30.621 56.121
47.165 32.514
29.934 42.397
0.0 100.0
61.233 66.535
32.211 48.525
28.8 42.36
0.0 100.0
70.941 30.798
73.582 68.938
0.0 100.0
44.68 19.311
0.0 100.0
26.454 44.93
15.475 36.69
0.0 100.0
0.0 100.0
73.452 69.708
39.051 9.232
48.829 17.86
0.0 100.0
15.498 54.393
71.31 53.666
58.471 21.4
67.86 74.189
0.0 100.0
57.167 26.374
0.0 100.0
27.456 46.363
65.565 40.398
59.112 55.922
27.287 46.375
68.774 70.671
61.233 53.178
24.109 55.177
59.402 19.062
0.0 100.0
55.027 77.058
71.209 64.796
83.031 77.547
48.972 25.69
62.158 41.932
13.597 51.184
0.0 100.0
42.399 12.323
49.128 25.228
0.0 100.0
52.941 29.823
0.0 100.0
0.0 100.0
51.256 45.172
63.171 21.995
68.971 31.601
44.42 6.93
0.0 100.0
52.145 35.676
54.798 71.064
65.119 64.406
16.277 51.622
18.894 55.543
32.457 32.845
45.837 12.696
42.916 34.347
15.944 59.07
47.562 23.978
46.781 23.831
66.081 35.704
0.0 100.0
52.619 11.785
27.686 41.917
65.258 37.209
42.596 16.173
74.221 70.766
20.956 73.987
11.984 45.025
32.679 60.081
54.966 32.472
0.0 100.0
55.706 63.992
0.0 100.0
63.483 34.055
77.621 65.055
55.411 64.614
0.0 100.0
68.565 58.018
43.413 23.026
75.835 35.618
0.0 100.0
13.668 53.597
76.006 61.445
57.057 28.602
6.548 76.036
34.613 16.181
0.0 100.0
46.217 16.083
0.0 100.0
73.445 67.717
0.0 100.0
0.0 100.0
21.95 42.526
9.185 54.053
60.862 32.288
35.592 28.721
83.087 11.09
40.068 28.54
0.0 100.0
36.358 49.291
0.0 100.0
53.205 22.839
21.725 60.586
0.0 100.0
52.483 12.384
22.229 46.71
49.854 16.467
50.596 22.265
81.494 65.492
24.032 40.708
0.0 100.0
0.0 100.0
0.0 100.0
77.361 75.015
36.339 58.428
0.0 100.0
31.614 48.262
72.822 85.587
16.592 46.339
0.0 100.0
0.0 100.0
63.242 60.606
0.0 100.0
63.818 46.479
48.813 42.584
22.895 46.648
69.806 65.301
49.187 15.881
64.443 38.394
0.0 100.0
80.428 63.202
61.603 42.595
68.903 33.716
18.254 60.923
0.0 100.0
42.719 26.169
67.152 9.425
59.264 32.146
20.349 48.268
0.0 100.0
59.655 20.078
43.589 28.087
27.588 56.956
0.0 100.0
26.275 67.583
75.579 70.922
49.415 44.629
67.962 61.703
0.0 100.0
61.332 60.031
74.151 39.681
64.454 38.102
58.549 22.868
52.892 74.479
40.758 17.729
48.031 31.727
23.406 65.717
44.766 13.305
38.22 20.76
75.526 57.305
35.928 10.628
22.406 47.565
0.0 100.0
33.268 11.593
71.043 40.022
0.0 100.0
0.0 100.0
29.545 52.952
51.792 44.047
0.0 100.0
64.754 31.908
43.057 22.628
22.543 33.655
72.931 69.438
59.936 37.475
48.666 19.328
0.0 100.0
74.615 64.351
24.29 51.467
13.699 52.351
57.874 27.51
19.061 49.161
0.0 100.0
23.18 43.725
68.55 58.497
0.0 100.0
71.657 62.497
12.55 52.659
73.203 73.458
43.005 13.265
48.106 23.421
43.025 27.12
0.0 100.0
63.645 16.523
26.426 46.072
68.974 71.082
14.859 53.038
48.145 42.716
65.348 21.605
44.27 29.427
47.653 15.84
31.837 32.27
48.462 24.885
70.161 22.53
0.0 100.0
62.783 23.355
45.058 16.244
44.057 9.203
21.312 60.156
38.993 25.401
57.186 15.505
58.697 43.462
76.933 61.033
80.561 62.828
0.0 100.0
69.706 73.927
62.6 33.002
54.421 30.648
62.888 69.585
76.183 63.614
73.41 55.36
0.0 100.0
14.614 45.624
46.084 37.681
28.576 46.178
59.006 38.936
47.252 5.24
17.902 40.04
56.432 66.383
45.41 11.431
19.922 53.387
61.409 31.411
62.869 74.044
67.148 32.612
55.473 19.904
0.0 100.0
67.474 92.926
67.557 32.464
33.012 57.162
82.265 60.863
77.597 64.563
72.964 65.513
0.0 100.0
0.0 100.0
43.523 20.885
0.0 100.0
72.015 78.887
0.0 100.0
42.346 19.399
0.0 100.0
47.122 23.638
48.032 33.023
0.0 100.0
46.524 22.021
66.435 32.616
17.512 39.613
70.282 25.842
63.816 14.739
0.0 100.0
73.72 40.115
75.432 69.694
23.791 45.551
33.732 49.245
66.337 27.866
71.034 62.088
63.537 51.131
59.434 74.425
52.873 12.661
74.543 70.317
46.688 22.034
0.0 100.0
0.0 100.0
0.0 100.0
77.393 61.938
22.571 47.447
15.911 45.613
49.684 20.142
65.489 61.719
70.384 72.018
50.642 28.414
40.338 15.587
71.215 25.249
0.0 100.0
0.0 100.0
0.0 100.0
25.346 27.863
50.592 55.907
30.018 47.774
20.609 44.071
67.049 64.943
29.665 56.53
0.0 100.0
31.917 43.167
21.131 45.626
73.791 59.155
0.0 100.0
43.493 18.672
16.066 41.931
41.114 13.22
53.883 31.348
44.221 29.187
38.043 25.404
37.945 28.344
27.654 47.759
0.0 100.0
78.025 71.363
53.527 39.111
64.793 43.954
53.551 36.299
38.81 23.4
46.515 20.25
71.808 33.11
51.787 27.136
0.0 100.0
24.052 57.442
0.0 100.0
0.0 100.0
30.527 39.918
93.096 70.701
55.033 26.459
70.94 37.345
36.939 16.046
75.755 68.732
42.011 31.692
30.612 64.962
41.667 16.533
28.47 47.651
26.8 60.13
41.855 8.541
22.757 51.42
35.897 26.049
0.0 100.0
50.815 18.357
39.317 18.459
43.549 17.552
74.801 25.5
55.952 21.7
37.974 30.037
32.266 12.263
75.444 29.724
77.686 66.178
71.081 80.504
39.957 23.206
61.627 16.725
45.113 18.338
31.507 45.307
62.206 67.637
75.028 61.524
61.613 29.76
58.709 61.857
7.693 45.256
59.583 23.171
46.534 17.636
30.096 41.945
46.239 26.881
22.592 46.339
62.725 24.746
84.775 63.896
0.0 100.0
39.723 20.473
56.058 36.003
45.619 30.73
46.891 16.043
25.026 38.362
10.794 52.639
75.777 38.349
63.803 65.505
29.206 19.773
52.023 20.938
23.257 52.739
0.0 100.0
81.975 69.859
51.088 29.455
44.627 20.243
80.038 80.223
13.31 42.586
29.775 38.638
62.151 45.939
0.0 100.0
6.249 46.615
34.192 29.099
54.619 38.831
22.17 50.712
0.0 100.0
86.493 52.103
44.175 9.132
79.277 74.281
58.622 15.543
59.725 62.36
55.464 29.816
28.437 45.701
66.565 75.846
39.963 21.9
64.799 37.609
52.323 31.485
61.953 28.878
0.0 100.0
18.875 64.692
56.137 29.492
22.078 51.849
65.876 35.009
48.709 29.135
41.067 18.001
0.0 100.0
0.0 100.0
24.211 46.117
19.534 45.167
64.811 71.364
19.468 52.965
0.0 100.0
16.537 41.481
46.101 11.473
17.142 60.235
80.59 69.893
22.867 49.45
57.511 24.602
31.499 55.047
53.919 67.673
66.102 58.535
55.34 31.666
41.459 33.872
62.213 45.453
8.819 58.204
51.345 17.099
0.0 100.0
0.0 100.0
55.629 21.481
72.102 64.522
83.043 64.392
68.255 79.796
66.198 69.563
38.675 5.221
40.876 30.616
61.38 30.949
70.805 66.633
57.496 58.225
0.0 100.0
73.759 69.089
17.105 53.341
53.129 77.018
70.74 76.476
59.181 38.114
56.706 20.406
48.346 23.851
0.0 100.0
25.978 69.921
13.69 62.205
46.115 39.87
45.548 13.52
71.285 61.952
80.162 76.65
13.529 58.182
0.0 100.0
50.58 2.539
14.796 40.431
0.0 100.0
0.0 100.0
43.403 86.327
45.075 34.19
70.706 60.422
44.116 19.579
47.104 19.233
55.667 42.812
11.097 40.138
46.387 12.687
73.969 71.586
50.653 16.915
39.17 23.096
48.333 22.462
56.325 48.147
0.0 100.0
0.0 100.0
0.0 100.0
87.017 58.396
35.546 57.676
78.773 70.208
77.033 68.356
59.434 70.243
27.058 44.892
22.87 59.415
37.208 6.735
46.637 20.454
0.0 100.0
36.776 41.147
38.095 17.505
61.826 60.986
65.085 15.89
18.025 52.711
0.0 100.0
67.685 64.711
45.033 20.122
20.804 39.227
28.297 47.744
80.87 55.667
58.202 34.506
42.086 10.162
8.688 52.929
71.673 31.3
56.652 73.497
74.379 63.729
0.0 100.0
44.562 29.062
71.158 64.696
34.206 60.006
0.0 100.0
37.088 16.413
0.0 100.0
22.489 54.971
77.707 63.362
80.68 63.957
73.227 44.549
57.897 35.791
13.867 0.311
74.06 29.442
66.844 55.455
67.892 64.084
0.0 100.0
0.0 100.0
45.67 29.192
30.616 28.932
39.064 15.037
75.696 54.079
29.756 45.13
0.0 100.0
19.683 45.55
51.475 31.631
70.993 32.118
0.0 100.0
46.165 43.953
0.0 100.0
69.058 29.298
0.0 100.0
38.104 29.236
42.932 18.966
32.286 59.226
7.711 48.62
52.167 33.008
33.209 50.449
49.741 5.595
68.393 38.615
62.513 74.626
71.286 50.136
0.0 100.0
43.003 29.58
46.133 24.863
49.608 15.669
46.79 7.608
59.896 62.821
65.251 31.384
51.753 44.719
77.84 75.156
68.525 24.168
18.993 48.506
18.661 52.544
22.735 54.866
55.303 25.473
0.0 100.0
54.905 30.146
0.0 100.0
10.905 53.326
53.71 48.881
14.179 45.703
23.028 53.421
64.711 74.546
59.777 63.896
74.341 40.425
65.972 36.961
32.244 44.978
0.0 100.0
23.686 49.971
5.82 54.678
0.0 100.0
59.876 70.649
0.0 100.0
36.24 7.345
17.484 46.344
67.831 80.866
39.899 24.19
0.0 100.0
62.403 67.946
18.591 47.497
35.439 48.067
78.519 57.75
0.0 100.0
15.944 48.262
0.0 100.0
62.626 15.428
20.239 41.416
46.908 23.788
79.887 34.629
0.0 100.0
72.436 64.255
43.822 19.617
49.336 26.537
61.675 47.643
46.336 20.278
71.235 50.759
36.404 20.884
56.325 43.208
59.851 66.195
62.551 78.354
55.265 38.153
60.744 30.629
72.16 65.23
29.763 59.494
0.0 100.0
60.903 64.778
75.723 34.983
73.871 53.638
50.429 21.622
45.858 18.812
9.261 53.439
0.0 100.0
25.286 56.084
49.514 39.355
20.812 61.306
71.501 65.175
49.004 35.228
0.0 100.0
27.599 56.213
63.036 25.892
54.799 14.421
77.371 44.676
63.657 69.49
51.524 28.124
63.996 38.791
23.922 64.854
59.299 69.827
58.663 34.985
60.572 28.596
0.0 100.0
40.908 14.051
66.334 44.735
60.541 60.194
0.0 100.0
15.223 49.628
62.293 35.795
70.144 67.812
50.994 29.622
37.714 16.695
57.248 40.302
0.0 100.0
0.0 100.0
70.005 83.425
0.0 100.0
59.228 37.434
0.0 100.0
66.501 38.09
38.236 53.513
9.935 55.153
24.046 54.039
83.685 68.343
4.267 69.125
18.595 50.143
0.0 100.0
54.278 32.155
37.741 26.16
46.749 11.735
42.953 19.046
49.544 21.751
0.0 100.0
60.341 65.439
48.495 28.604
71.779 77.693
37.677 18.261
61.405 53.398
39.947 11.444
34.371 18.301
36.339 56.161
0.0 100.0
35.048 23.497
80.458 60.181
58.132 37.111
0.0 100.0
50.891 15.512
53.418 48.895
0.0 100.0
57.419 70.424
52.672 30.138
74.505 38.531
66.251 34.686
68.672 62.611
41.805 20.135
31.492 27.46
61.393 60.274
64.062 62.497
42.33 16.962
0.0 100.0
64.458 64.272
75.325 59.595
44.052 45.131
67.475 55.487
61.703 33.064
22.693 36.564
72.982 39.122
17.174 61.709
0.0 100.0
66.937 27.142
65.774 73.376
69.86 67.363
70.706 31.232
0.0 100.0
53.274 21.978
69.195 87.26
30.829 48.693
0.0 100.0
26.047 57.03
38.082 8.965
22.734 53.196
65.041 79.362
39.925 31.433
62.563 41.504
0.0 100.0
71.84 66.228
34.184 20.148
0.0 100.0
59.327 34.37
40.317 23.576
65.709 62.518
18.792 43.891
59.022 45.761
42.325 39.151
71.037 78.544
60.775 56.017
70.344 60.895
28.262 43.214
0.0 100.0
15.716 52.951
23.331 44.097
50.319 26.94
72.791 57.097
45.772 17.024
74.109 68.901
22.199 56.628
50.588 32.897
17.646 55.172
74.496 65.011
0.0 100.0
30.712 40.062
62.047 63.008
0.0 100.0
39.265 23.345
23.797 44.001
66.504 89.342
57.298 49.892
37.249 12.378
0.0 100.0
19.715 53.299
23.898 54.595
77.756 63.855
42.837 17.264
66.978 69.435
0.0 100.0
57.855 45.07
40.008 34.323
0.0 100.0
71.707 74.741
40.742 30.338
52.182 17.135
23.557 49.41
0.0 100.0
65.816 77.151
18.617 59.905
62.471 23.579
26.1 37.412
66.988 25.219
36.581 50.306
77.142 55.851
36.194 20.019
61.455 44.06
26.644 29.955
77.84 65.201
40.085 37.21
57.714 18.197
44.669 27.569
25.852 52.143
62.154 20.402
30.599 4.021
75.491 74.663
61.838 40.108
49.891 14.866
71.692 66.253
65.05 77.047
67.323 66.753
0.0 100.0
22.435 52.452
65.86 69.963
69.2 18.732
13.064 48.526
17.779 64.796
38.211 53.065
70.425 69.138
62.032 62.893
0.0 100.0
0.0 100.0
28.857 48.176
68.913 31.325
47.914 35.976
22.792 55.027
83.837 76.655
0.0 100.0
71.641 70.513
71.935 80.061
40.707 18.276
67.204 22.375
67.229 29.736
73.207 31.794
80.067 34.511
0.0 100.0
0.0 100.0
74.905 62.909
51.437 23.847
62.07 35.816
75.257 68.699
79.426 73.383
26.505 48.271
63.182 28.44
33.753 30.819
38.253 27.711
37.867 25.948
0.0 100.0
79.241 62.195
18.171 46.015
32.669 25.6
41.465 22.665
0.0 100.0
82.554 62.753
0.0 100.0
39.011 25.031
43.311 25.163
23.051 45.309
41.768 35.478
70.422 73.459
0.0 100.0
0.0 100.0
25.62 55.655
70.394 36.725
56.988 18.321
56.071 13.696
50.448 24.393
61.773 26.043
80.53 57.005
81.173 38.535
48.62 31.475
0.0 100.0
57.461 38.307
66.542 72.776
23.598 46.536
0.0 100.0
69.038 58.386
58.286 27.432
48.709 18.487
0.0 100.0
70.109 76.89
74.427 73.268
41.792 24.935
27.803 51.741
53.05 30.557
42.198 16.758
72.078 48.157
51.945 37.469
43.033 20.75
9.408 58.025
22.36 39.234
0.0 100.0
0.0 100.0
69.901 52.828
30.43 50.751
50.204 42.97
20.385 48.814
43.089 26.021
47.456 7.045
29.78 41.237
65.08 18.152
29.925 58.422
56.407 34.015
45.269 10.29
78.834 34.684
0.0 100.0
17.509 39.669
26.649 57.251
0.0 100.0
73.982 62.357
73.172 59.919
32.287 12.854
27.628 37.739
54.217 36.102
71.676 70.099
49.163 41.197
57.282 65.527
61.015 74.805
33.267 24.432
16.396 56.648
65.491 40.668
45.609 26.298
28.681 53.515
0.0 100.0
13.889 55.319
0.0 100.0
71.911 69.104
38.261 35.59
35.701 67.069
14.185 44.384
73.721 51.578
46.745 14.334
60.251 23.029
0.0 100.0
29.699 60.636
53.109 32.357
0.0 100.0
63.033 33.677
78.702 63.656
41.746 14.683
36.711 37.427
72.959 61.379
53.595 24.583
17.114 58.677
76.325 63.549
0.0 100.0
16.843 51.042
76.967 31.831
72.886 62.631
60.928 68.707
83.331 61.034
33.89 27.373
46.101 16.313
60.888 43.278
30.674 24.43
62.175 64.32
19.505 60.067
62.543 80.877
13.348 48.22
0.0 100.0
74.77 83.474
0.0 100.0
36.392 26.559
15.07 62.896
67.239 25.1
49.987 46.906
72.912 60.396
0.0 100.0
45.703 31.425
19.586 38.398
0.0 100.0
14.68 64.204
38.31 19.604
49.089 15.684
50.963 19.861
24.303 45.77
22.687 26.39
0.0 100.0
48.384 7.559
16.909 54.638
0.0 100.0
67.44 67.206
90.278 61.212
21.58 48.558
24.159 59.339
37.034 40.798
22.091 46.261
0.0 100.0
55.014 56.709
58.405 32.268
0.0 100.0
66.625 24.815
60.136 34.455
68.022 26.857
27.781 35.556
34.248 33.903
49.936 12.907
0.0 100.0
65.176 36.232
19.904 51.191
47.248 22.195
24.192 52.059
27.376 52.968
51.525 17.383
43.995 20.431
0.0 100.0
38.246 39.58
45.734 28.886
41.092 15.578
50.887 40.411
67.955 74.68
64.488 73.235
49.534 19.38
76.346 63.471
0.0 100.0
50.494 19.179
76.59 74.601
30.329 54.534
49.651 29.171
62.379 28.758
15.585 56.845
76.833 13.597
66.778 32.0
0.0 100.0
16.219 56.392
23.328 42.923
44.509 40.066
73.12 37.526
0.0 100.0
26.265 75.568
0.0 100.0
40.038 20.939
38.795 27.414
79.202 72.381
48.495 12.086
70.615 31.834
49.106 24.808
13.13 45.992
67.938 50.378
47.964 26.351
60.973 49.105
19.369 46.306
39.493 48.402
37.396 5.908
72.427 59.703
0.0 100.0
0.0 100.0
68.174 24.089
73.803 32.762
22.184 44.495
67.87 38.369
60.604 30.801
28.376 50.132
0.0 100.0
49.565 26.886
50.296 37.893
64.572 19.642
65.767 51.678
31.115 23.106
0.0 100.0
69.355 34.343
0.0 100.0
0.0 100.0
65.673 34.682
79.029 82.518
25.687 63.5
42.231 38.667
64.667 43.887
61.295 62.187
52.62 17.178
64.708 55.529
0.0 100.0
67.128 44.891
26.088 46.591
24.174 46.302
0.0 100.0
66.369 67.248
54.387 21.119
68.321 23.582
33.332 14.778
70.743 66.815
52.187 38.344
58.569 44.346
0.0 100.0
0.0 100.0
0.0 100.0
81.19 34.327
35.673 25.758
78.743 77.627
69.31 25.768
0.0 100.0
45.75 27.613
23.149 48.558
55.219 48.258
31.856 48.476
56.059 76.859
0.0 100.0
46.482 20.968
83.757 69.092
54.957 38.727
35.698 27.345
11.564 53.936
78.151 21.34
59.808 56.535
26.773 56.413
42.081 25.912
58.28 58.544
71.616 35.452
59.729 32.699
28.669 49.517
41.397 32.272
56.884 35.579
20.673 55.389
42.685 37.31
68.935 71.368
0.0 100.0
62.43 77.517
21.545 47.282
61.047 46.22
47.679 27.363
75.849 66.383
18.146 51.737
0.0 100.0
26.452 41.78
0.0 100.0
63.551 30.816
34.134 18.249
55.51 23.099
38.141 24.244
79.887 59.93
0.0 100.0
70.378 66.389
0.0 100.0
62.582 54.804
71.822 64.538
65.769 36.499
50.917 30.495
94.751 68.39
58.422 32.172
54.654 51.666
56.093 45.477
34.67 44.093
67.704 30.689
58.373 37.477
26.223 65.212
0.0 100.0
32.516 21.173
0.0 100.0
63.106 73.262
59.209 53.976
0.0 100.0
59.263 36.42
27.603 54.592
0.0 100.0
0.0 100.0
0.0 100.0
74.638 69.369
64.778 19.752
0.0 100.0
0.0 100.0
0.0 100.0
36.177 15.676
70.507 70.671
17.688 52.43
44.108 34.516
65.083 73.358
0.0 100.0
22.571 48.596
21.727 43.834
33.257 23.911
37.468 15.878
63.998 37.192
0.0 100.0
52.919 29.227
59.627 72.247
62.514 67.358
32.7 54.131
10.502 60.101
56.187 33.794
58.149 33.696
0.0 100.0
62.212 72.182
43.052 27.396
0.0 100.0
74.841 67.443
61.125 33.405
54.697 27.988
0.0 100.0
72.711 66.191
53.867 52.149
0.0 100.0
64.929 72.805
49.573 35.046
39.541 46.659
0.0 100.0
78.401 68.36
9.48 99.641
51.817 20.648
22.937 47.243
57.681 11.102
44.239 36.522
37.921 8.23
0.0 100.0
15.586 43.113
66.014 43.227
9.84 51.021
55.026 14.05
0.0 100.0
68.158 36.055
0.0 100.0
0.0 100.0
67.896 35.555
70.777 68.515
35.836 25.471
60.174 70.994
0.0 100.0
54.183 28.723
58.644 31.796
29.009 39.918
0.0 100.0
0.0 100.0
0.0 100.0
60.17 27.79
37.345 21.708
38.693 25.764
34.212 50.154
69.082 71.318
20.591 48.594
44.548 31.7
23.812 36.97
35.564 11.351
45.144 44.74
0.0 100.0
18.796 66.775
68.877 49.38
32.739 53.755
76.745 60.844
43.533 20.341
67.752 80.945
0.0 100.0
31.186 22.536
23.75 33.834
69.865 25.407
0.0 100.0
55.28 16.086
52.113 35.054
38.783 43.721
79.433 40.945
0.0 100.0
66.397 64.976
59.368 34.844
22.291 51.99
0.0 100.0
76.8 30.599
0.0 100.0
68.434 63.062
42.594 23.681
51.532 31.315
0.0 100.0
62.414 70.233
25.829 11.393
64.114 39.793
23.083 48.382
61.506 74.17
69.973 26.015
25.77 54.59
37.267 33.113
56.275 26.574
0.0 100.0
58.29 48.07
34.161 48.658
53.9 39.816
65.915 43.877
14.938 54.445
0.0 100.0
0.0 100.0
85.404 63.224
0.0 100.0
63.151 24.62
73.469 41.855
46.499 27.124
50.439 28.513
0.0 100.0
74.001 76.008
71.668 52.091
0.0 100.0
84.348 69.251
76.924 66.968
45.964 28.594
52.633 25.807
17.168 49.566
14.419 46.859
74.671 60.822
60.791 25.862
57.003 67.16
68.9 31.249
15.715 48.51
70.834 56.613
51.732 30.357
64.521 64.478
45.432 26.018
71.444 56.631
63.004 34.811
0.0 100.0
65.1 35.984
51.141 45.641
0.0 100.0
53.517 8.997
64.1 31.666
73.7 34.468
58.191 68.293
19.876 45.998
33.033 18.766
0.0 100.0
25.577 61.516
76.123 17.279
63.725 64.376
59.24 32.312
27.208 52.663
66.912 69.325
42.915 14.995
24.591 48.886
24.919 40.695
70.618 72.971
42.619 15.106
0.0 100.0
60.62 78.813
44.983 14.036
57.599 70.539
28.82 16.815
82.014 66.668
72.981 35.785
51.873 18.2
72.338 27.723
53.316 65.691
23.074 48.717
61.535 21.015
40.527 23.596
17.107 58.482
0.0 100.0
0.0 100.0
18.893 57.734
52.418 33.526
0.0 100.0
65.338 32.058
0.0 100.0
79.686 77.884
36.82 43.64
50.526 19.618
64.807 67.053
40.207 23.491
0.0 100.0
44.803 24.967
24.147 51.846
0.0 100.0
70.415 76.635
77.025 68.14
27.725 48.291
78.796 62.376
39.132 19.16
27.289 20.12
41.056 42.458
71.416 18.657
74.557 34.502
58.588 59.472
64.967 57.741
41.12 2.494
0.0 100.0
67.399 68.889
14.649 40.535
22.364 63.437
0.0 100.0
44.692 19.198
79.644 83.775
63.439 67.603
40.659 20.701
44.03 5.647
23.367 45.095
63.461 55.044
64.757 65.031
44.263 16.73
0.0 100.0
90.653 61.226
59.256 78.526
73.347 61.747
39.403 24.728
79.216 24.889
36.207 55.477
76.412 72.252
41.138 18.559
38.764 33.152
64.214 13.894
58.517 30.793
47.978 8.48
25.997 46.123
65.629 59.743
23.852 66.123
32.229 32.416
54.585 13.961
46.03 18.417
64.602 38.431
39.358 13.056
0.0 100.0
49.991 38.132
27.124 12.672
37.696 22.558
20.754 44.77
13.478 40.347
0.0 100.0
74.161 71.971
40.213 30.187
0.0 100.0
66.299 38.182
26.138 49.7
10.544 51.19
38.862 18.951
46.319 28.28
30.99 47.73
0.0 100.0
43.699 6.771
0.0 100.0
74.591 35.291
58.76 3.857
57.742 15.71
0.0 100.0
0.0 100.0
52.021 17.259
54.341 16.017
0.0 100.0
0.0 100.0
57.426 27.844
27.913 16.448
33.387 26.445
27.71 19.084
59.005 27.235
0.0 100.0
43.739 27.17
0.0 100.0
40.512 32.356
0.0 100.0
49.631 14.451
38.099 33.375
32.437 35.148
0.0 100.0
55.742 37.865
73.5 74.856
0.0 100.0
66.21 35.433
0.0 100.0
43.47 9.523
35.103 35.333
61.432 59.184
0.0 100.0
40.426 7.884
0.0 100.0
58.264 21.423
55.996 34.482
65.895 65.572
28.353 35.501
0.0 100.0
0.0 100.0
0.0 100.0
61.809 32.255
0.0 100.0
70.288 66.848
36.925 53.122
57.84 36.221
0.0 100.0
0.0 100.0
28.482 18.431
60.135 44.757
54.746 14.834
63.243 29.431
0.0 100.0
19.267 41.486
49.36 16.914
59.898 26.379
37.122 58.121
37.744 15.347
46.03 19.873
45.24 59.317
51.853 29.313
64.254 28.897
14.945 58.272
65.218 44.384
0.0 100.0
64.44 32.44
0.0 100.0
32.316 51.523
0.0 100.0
0.0 100.0
50.239 33.173
41.738 26.813
52.141 76.165
0.0 100.0
60.347 71.702
0.0 100.0
45.958 29.408
41.36 41.81
74.125 71.917
78.167 74.48
66.186 23.82
38.715 57.564
13.883 58.861
67.025 27.134
75.465 58.622
32.51 24.302
68.595 60.548
54.637 33.96
0.0 100.0
0.0 100.0
47.06 32.45
41.425 25.644
0.0 100.0
53.456 23.245
36.328 20.552
57.196 18.353
60.157 64.542
41.694 17.098
0.0 100.0
0.0 100.0
69.073 62.317
19.376 38.467
45.48 29.807
69.009 34.794
74.909 64.166
44.591 19.814
74.26 63.214
18.507 63.36
68.296 82.84
0.0 100.0
43.99 21.174
70.207 31.039
90.767 19.247
71.419 72.775
0.0 100.0
43.995 24.437
0.0 100.0
52.644 27.206
0.0 100.0
33.765 59.92
76.941 62.851
0.0 100.0
5.74 60.318
75.794 34.742
53.444 23.717
22.259 59.316
0.0 100.0
65.383 38.057
82.849 57.0
33.896 64.642
40.255 6.841
99.384 60.683
0.0 100.0
41.046 21.831
0.0 100.0
69.996 71.389
12.942 42.638
65.421 58.6
69.501 36.522
24.584 22.38
64.423 26.036
62.378 59.586
0.0 100.0
0.0 100.0
57.56 40.065
80.135 69.62
52.194 20.384
71.523 19.991
57.995 33.169
0.0 100.0
33.64 55.686
56.536 26.851
61.783 21.258
47.834 14.867
42.6 23.981
33.411 50.283
13.582 45.782
0.0 100.0
58.15 36.483
28.764 55.099
62.071 63.793
83.235 58.794
19.74 57.585
16.678 69.915
67.818 62.047
35.811 21.058
0.0 100.0
60.105 62.386
43.671 39.46
63.79 80.907
29.311 51.632
55.064 24.305
42.454 12.55
70.773 63.242
66.344 68.589
51.256 35.676
16.663 45.001
0.0 100.0
59.805 42.986
68.12 50.247
82.508 55.167
0.0 100.0
22.11 38.746
20.494 51.856
39.592 24.018
72.18 71.126
0.0 100.0
64.213 36.841
0.0 100.0
0.0 100.0
35.734 16.344
59.45 26.915
50.586 27.414
0.0 100.0
39.449 26.107
58.073 28.011
81.161 60.505
29.227 38.63
32.859 35.329
59.559 37.839
59.915 22.219
0.0 100.0
41.819 16.602
68.858 57.364
44.3 9.379
15.137 44.256
74.286 19.857
70.343 62.715
73.436 25.05
49.773 8.267
58.26 38.192
41.611 13.051
32.597 37.016
70.646 34.035
0.0 100.0
57.002 31.569
58.995 36.009
22.753 45.693
59.035 22.882
62.104 26.108
52.338 18.67
49.263 10.307
65.552 50.373
46.79 10.324
57.596 58.99
77.96 51.383
22.873 53.807
57.966 9.205
54.697 33.697
43.084 34.448
0.0 100.0
46.293 16.952
30.66 58.286
25.998 59.877
0.0 100.0
49.063 16.959
0.0 100.0
48.399 43.864
42.758 18.989
0.0 100.0
0.0 100.0
39.271 13.513
66.214 78.844
33.151 21.092
0.0 100.0
32.799 22.87
0.0 100.0
45.021 41.027
0.0 100.0
0.0 100.0
20.608 50.537
38.931 14.747
0.0 100.0
9.415 64.395
71.035 71.849
68.023 55.996
40.824 14.298
0.0 100.0
0.0 100.0
0.0 100.0
51.969 33.103
12.376 35.031
49.1 20.371
0.0 100.0
0.0 100.0
57.713 25.715
73.785 50.861
70.982 68.299
59.895 26.748
68.361 57.44
46.378 19.744
43.089 28.535
65.729 58.097
45.057 18.786
61.609 36.122
53.581 48.541
64.551 38.121
15.923 29.022
0.0 100.0
63.382 66.616
21.294 56.468
36.549 32.725
0.0 100.0
52.666 31.642
63.238 55.775
64.227 64.856
53.579 39.586
55.095 33.181
29.538 62.379
44.08 40.122
43.575 40.153
67.477 34.414
14.849 60.05
66.538 33.951
61.473 57.821
49.007 16.421
75.054 67.517
63.769 60.469
9.988 45.597
59.088 34.446
24.128 43.804
89.059 75.606
67.753 73.401
67.433 68.598
69.781 62.323
26.945 45.035
68.99 66.856
60.973 46.937
61.962 15.298
25.799 52.978
42.806 9.172
54.577 16.044
32.527 64.873
50.085 34.806
52.864 4.661
58.909 65.465
16.784 53.046
70.384 71.958
67.844 62.225
65.323 74.335
50.446 24.15
41.714 26.199
64.323 35.226
59.266 73.456
16.622 51.645
54.743 24.886
63.706 83.972
39.167 20.869
0.0 100.0
16.14 60.996
37.475 21.58
0.0 100.0
65.206 45.633
0.0 100.0
64.061 32.661
33.515 21.657
14.898 49.571
0.0 100.0
55.917 27.23
71.773 57.965
0.0 100.0
66.71 66.166
27.287 54.713
10.014 44.17
75.334 56.841
9.691 44.015
81.629 73.39
39.0 34.368
69.537 41.61
57.813 23.975
53.169 23.801
57.871 37.392
45.634 32.07
47.866 20.797
39.407 21.88
0.0 100.0
73.467 67.512
38.659 12.506
40.719 33.744
0.0 100.0
80.597 70.935
0.0 100.0
52.725 19.488
82.214 72.118
0.0 100.0
0.0 100.0
59.76 24.597
20.339 41.809
48.459 8.339
61.746 20.011
0.0 100.0
39.275 15.314
47.304 30.619
9.838 48.041
44.976 38.967
57.571 38.521
0.0 100.0
49.411 20.037
47.629 10.561
47.718 12.717
69.659 57.582
45.072 20.173
0.0 100.0
54.472 47.092
68.627 66.277
66.075 37.769
66.595 66.248
80.015 74.875
54.807 68.166
31.652 50.476
73.808 71.078
66.761 65.076
0.0 100.0
59.33 45.702
35.235 26.156
41.978 21.468
58.093 64.663
71.261 78.591
41.417 11.816
21.338 36.081
55.071 14.226
0.0 100.0
72.784 79.554
0.0 100.0
55.184 33.912
65.402 26.85
52.409 16.432
0.0 100.0
48.416 19.366
19.635 49.265
62.543 35.856
53.997 25.366
62.387 47.085
75.18 70.457
63.418 23.926
8.309 54.968
54.924 35.478
0.0 100.0
0.0 100.0
41.17 10.788
69.399 26.229
32.109 51.862
65.955 65.897
26.725 49.458
0.0 100.0
72.208 61.959
60.021 59.515
64.455 65.658
49.822 37.33
66.224 71.251
28.464 14.34
71.168 47.68
0.0 100.0
0.0 100.0
0.0 100.0
62.514 63.649
0.0 100.0
50.771 64.316
83.755 70.429
65.876 89.373
65.664 54.382
23.515 44.13
20.028 56.933
0.0 100.0
70.176 51.21
25.005 51.304
32.593 46.556
56.826 74.298
0.0 100.0
0.0 100.0
65.784 65.577
74.187 73.015
0.0 100.0
0.0 100.0
54.579 67.372
57.243 18.756
44.405 46.983
61.613 47.371
20.38 61.63
69.7 23.278
37.415 51.017
8.68 67.52
74.85 63.327
72.471 67.963
61.151 28.479
31.777 43.325
64.836 66.106
53.321 33.144
40.24 20.137
26.386 51.668
64.63 44.956
50.908 63.974
45.544 18.818
60.713 74.666
78.745 71.56
34.772 51.417
60.49 17.824
40.47 27.165
65.854 66.606
19.871 46.594
0.0 100.0
58.361 29.798
45.295 22.719
0.0 100.0
0.0 100.0
50.488 36.024
46.222 13.059
33.76 51.22
61.423 63.957
54.117 33.807
52.797 24.647
0.0 100.0
0.0 100.0
0.0 100.0
0.0 100.0
40.376 23.542
43.045 39.041
54.06 38.142
56.332 32.949
0.0 100.0
62.621 71.932
0.0 100.0
37.054 21.896
0.0 100.0
1.617 43.856
77.749 60.775
0.0 100.0
21.438 62.465
95.342 67.43
68.113 78.035
65.843 88.135
0.0 100.0
0.0 100.0
59.71 31.819
0.0 100.0
53.576 83.854
0.0 100.0
57.278 71.713
59.356 12.216
65.7 79.027
67.971 49.998
0.0 100.0
27.304 12.02
0.0 100.0
60.157 4.34
46.037 25.269
0.0 100.0
14.654 53.293
67.219 55.23
63.027 36.849
57.867 16.023
0.0 100.0
62.6 27.227
0.0 100.0
45.773 24.615
0.0 100.0
50.796 8.17
25.857 48.815
0.0 100.0
58.131 70.341
77.72 39.162
12.948 58.261
0.0 100.0
16.917 53.124
38.832 23.172
0.0 100.0
39.462 20.545
48.246 17.152
34.337 61.529
42.671 14.833
22.468 44.618
66.535 67.016
0.0 100.0
73.286 69.143
78.626 78.063
69.77 60.252
65.047 72.991
69.425 32.034
25.173 47.39
48.109 38.002
41.436 23.448
37.893 19.292
69.005 72.314
26.505 59.875
12.687 62.145
0.0 100.0
19.226 57.326
45.14 33.291
37.055 49.754
0.0 100.0
0.0 100.0
0.0 100.0
58.159 32.035
31.587 21.264
0.0 100.0
0.0 100.0
0.0 100.0
24.143 57.741
32.378 50.033
39.327 24.638
0.0 100.0
0.0 100.0
44.92 14.384
42.658 7.756
23.995 38.289
0.0 100.0
27.995 48.763
57.35 22.705
0.0 100.0
48.949 14.445
48.489 27.663
68.942 59.305
61.854 39.225
68.162 64.701
60.621 54.005
22.766 46.38
59.616 64.519
64.147 38.997
36.299 21.588
59.462 58.222
45.22 32.451
55.458 24.934
36.012 36.505
58.071 16.374
45.546 3.334
73.872 66.298
31.56 19.897
22.536 19.687
27.404 27.704
19.302 45.679
48.515 32.923
32.018 45.097
58.382 30.787
0.0 100.0
51.257 23.826
0.0 100.0
0.0 100.0
48.477 20.742
25.571 44.0
18.014 39.167
62.568 37.115
37.187 13.465
19.944 56.991
64.797 53.312
0.0 100.0
67.576 66.903
22.306 51.191
38.901 37.381
17.064 58.72
0.0 100.0
71.622 67.519
65.187 76.497
17.649 49.874
68.125 53.851
49.117 28.166
0.0 100.0
22.616 40.227
0.0 100.0
44.236 43.305
59.901 26.869
77.457 32.094
52.728 28.69
54.568 42.43
45.311 11.597
74.739 58.409
72.888 32.064
67.958 37.672
71.08 62.399
58.362 68.014
43.077 5.351
58.993 0.461
70.154 32.416
28.082 59.498
61.058 69.847
50.874 36.048
68.077 72.56
67.837 39.447
75.049 58.814
47.248 20.264
7.635 54.331
38.17 25.921
36.819 20.208
64.743 23.199
12.408 54.52
0.0 100.0
68.64 81.433
38.726 13.26
64.096 72.619
17.03 56.06
49.873 10.56
0.0 100.0
54.755 23.003
16.078 57.747
62.845 61.786
64.851 73.36
58.658 33.97
62.284 54.866
19.021 49.795
58.997 29.669
61.644 37.039
0.0 100.0
0.0 100.0
61.204 23.749
26.092 54.959
57.795 49.037
55.743 72.257
0.0 100.0
55.979 60.04
20.168 55.713
59.78 55.969
34.308 42.494
38.634 19.428
67.789 61.059
27.244 63.16
26.022 19.037
67.066 58.934
0.0 100.0
25.514 51.651
28.632 49.819
76.898 64.436
0.0 100.0
14.641 44.891
11.552 51.935
33.35 44.138
0.0 100.0
57.505 27.84
50.625 29.346
0.0 100.0
16.317 51.622
74.449 15.662
70.139 64.091
36.55 20.144
0.0 100.0
0.0 100.0
0.0 100.0
30.342 4.765
46.038 18.458
61.95 70.624
48.033 19.985
50.973 21.425
56.815 62.15
71.819 32.021
0.0 100.0
18.522 32.355
44.89 28.431
70.142 70.051
20.76 61.736
21.317 38.625
32.563 38.09
23.509 36.793
31.243 31.432
0.0 100.0
46.596 25.867
51.602 36.954
68.602 71.099
38.087 21.475
51.135 23.516
0.0 100.0
0.0 100.0
58.226 35.98
54.379 40.843
0.0 100.0
65.223 21.705
75.175 69.38
61.093 29.28
23.628 62.528
68.59 44.321
0.0 100.0
11.75 47.353
0.0 100.0
27.156 76.255
0.0 100.0
59.415 65.814
50.978 18.575
23.237 28.402
48.377 29.838
0.0 100.0
12.003 47.104
56.913 28.745
59.873 24.427
51.141 26.212
54.637 24.149
64.01 55.499
0.0 100.0
47.316 32.061
0.0 100.0
48.3 36.175
58.779 35.119
78.322 54.374
84.929 35.618
36.846 18.699
64.888 29.774
36.509 15.321
69.979 25.123
45.789 20.248
48.843 12.857
68.687 79.549
68.492 68.391
49.358 23.213
22.034 60.303
34.544 12.698
55.987 73.007
0.0 100.0
22.905 57.2
21.221 43.864
57.92 35.299
0.0 100.0
37.104 17.413
31.967 23.679
58.626 60.633
0.0 100.0
40.675 35.494
63.653 36.713
0.0 100.0
0.0 100.0
0.0 100.0
53.47 10.916
78.716 77.887
29.165 72.407
45.364 35.312
0.0 100.0
32.173 63.815
0.0 100.0
53.799 36.592
55.064 24.536
1.54 48.307
68.977 82.976
24.191 51.06
0.0 100.0
44.978 15.379
50.083 76.262
57.092 29.312
54.854 28.77
58.712 73.524
0.0 100.0
0.0 100.0
26.767 43.85
57.498 2.199
22.683 42.274
64.473 62.405
0.0 100.0
39.128 29.838
68.174 61.951
63.09 45.922
63.539 76.4
69.274 28.36
7.926 48.05
0.0 100.0
21.604 46.215
73.153 68.474
0.0 100.0
78.59 72.198
0.0 100.0
25.23 19.173
30.662 31.567
66.331 52.198
62.749 34.909
45.518 22.117
54.9 18.596
74.002 26.412
63.337 31.35
67.094 43.687
17.589 58.848
45.417 40.266
28.016 34.354
51.399 43.566
70.162 73.676
56.227 36.255
54.382 42.099
66.631 30.94
48.461 45.206
73.336 76.321
0.0 100.0
73.943 27.951
0.0 100.0
53.901 26.763
54.196 16.777
81.825 67.064
80.568 64.454
49.187 37.844
0.0 100.0
0.0 100.0
29.212 43.025
33.246 48.499
29.514 45.365
27.594 38.403
25.424 44.086
60.589 33.207
39.95 30.185
0.0 100.0
68.141 75.329
67.152 26.835
78.528 68.392
51.412 2.215
38.696 29.54
0.0 100.0
0.0 100.0
0.0 100.0
24.72 42.343
64.114 14.62
71.78 73.252
71.856 26.13
60.158 65.711
75.7 72.479
33.105 42.474
72.103 80.102
53.983 27.845
42.596 36.494
0.0 100.0
19.576 33.299
58.578 36.595
70.869 66.313
18.44 55.591
18.651 41.771
33.976 25.804
66.452 65.285
59.189 60.125
64.473 36.545
66.611 74.259
15.956 60.645
75.18 42.506
79.369 62.898
13.27 48.371
61.551 22.01
55.822 34.688
7.099 57.972
0.0 100.0
63.717 28.029
27.064 47.614
68.979 35.656
44.549 32.191
0.0 100.0
37.449 50.272
62.812 27.146
43.12 13.889
0.0 100.0
65.364 35.292
0.0 100.0
69.367 70.362
29.219 31.938
47.896 39.091
37.172 12.525
59.204 81.539
41.939 25.578
28.225 25.531
42.965 26.81
64.194 29.984
66.158 43.112
69.332 33.453
15.882 53.267
16.934 56.893
18.86 55.95
77.905 64.635
0.0 100.0
80.894 69.574
0.0 100.0
54.828 29.263
63.04 69.914
22.921 23.556
47.249 35.132
0.0 100.0
58.274 63.971
83.481 62.439
62.005 61.776
52.686 38.236
0.0 100.0
72.798 24.719
62.149 52.408
64.343 59.1
27.081 34.763
0.0 100.0
56.683 29.924
87.092 64.18
21.152 13.113
74.008 50.417
42.072 41.518
29.944 27.817
74.649 33.841
40.788 24.487
0.0 100.0
58.527 29.952
62.408 35.669
26.66 61.524
0.0 100.0
31.169 46.778
21.843 49.478
63.441 64.565
42.351 33.931
52.213 19.135
52.923 19.059
49.925 38.09
53.055 49.685
0.0 100.0
20.016 47.41
64.285 81.03
0.0 100.0
68.855 45.128
22.946 52.604
8.953 43.954
82.923 78.162
0.0 100.0
0.0 100.0
0.0 100.0
0.0 100.0
63.134 67.245
70.699 66.079
47.339 33.821
47.676 31.655
44.267 18.618
73.454 39.413
72.298 73.091
0.0 100.0
16.927 44.52
57.134 25.779
48.986 29.133
74.74 71.746
66.665 31.636
0.0 100.0
42.395 33.434
0.0 100.0
62.445 17.664
45.457 7.532
0.0 100.0
61.377 47.205
57.406 26.027
24.137 48.056
46.904 16.916
0.0 100.0
73.575 39.852
28.924 53.941
23.499 44.097
48.233 21.924
0.0 100.0
0.0 100.0
31.255 36.314
68.448 60.572
47.356 22.469
51.794 31.179
61.939 34.2
26.772 51.872
20.756 45.016
12.863 61.237
45.596 14.296
58.193 34.238
60.124 31.311
51.458 24.953
33.082 53.878
30.67 53.688
82.591 76.944
72.387 72.739
26.801 57.132
80.497 69.419
68.443 60.435
0.0 100.0
0.0 100.0
81.927 73.989
30.958 50.085
0.0 100.0
69.201 39.854
57.15 15.244
51.731 18.941
18.401 62.934
61.847 39.547
60.39 30.915
69.12 40.317
0.0 100.0
56.288 49.799
33.225 51.42
53.088 22.327
57.703 77.954
85.935 62.677
0.0 100.0
54.041 35.315
19.115 47.94
38.502 28.934
0.0 100.0
42.374 38.186
59.126 36.335
77.386 84.116
44.062 26.873
67.95 37.393
49.976 17.482
0.0 100.0
52.078 3.512
44.424 14.454
65.404 79.691
19.118 39.565
38.713 16.864
58.454 65.79
30.055 66.413
46.947 35.119
22.574 62.567
0.0 100.0
0.0 100.0
73.876 69.147
82.003 79.192
0.0 100.0
0.0 100.0
0.0 100.0
39.888 34.399
80.266 72.76
69.889 42.268
21.036 47.349
60.336 39.665
55.76 40.98
59.621 32.044
27.479 56.945
64.241 73.431
86.361 62.605
37.678 23.311
70.318 66.461
45.836 18.983
82.813 58.678
9.181 56.461
61.547 68.119
11.357 41.831
65.621 35.664
62.39 60.012
0.0 100.0
74.304 79.632
29.607 48.782
25.514 61.878
53.095 29.532
53.026 10.793
72.752 67.471
42.525 27.436
71.256 38.625
76.336 65.094
23.813 58.808
0.0 100.0
0.0 100.0
64.588 60.892
76.87 74.458
74.073 64.969
24.184 41.126
70.649 61.195
0.0 100.0
56.069 37.037
46.611 42.042
0.0 100.0
0.0 100.0
0.0 100.0
65.824 64.563
46.926 30.17
63.123 14.768
25.125 66.74
22.982 47.903
0.0 100.0
0.0 100.0
67.83 76.867
0.0 100.0
0.0 100.0
48.147 21.572
57.633 26.44
71.536 67.625
33.006 15.778
59.251 29.142
19.08 43.431
39.791 23.573
47.62 25.895
65.032 32.81
0.0 100.0
65.977 62.588
18.104 59.983
82.929 61.145
17.587 47.967
47.043 19.478
0.0 100.0
67.46 37.109
71.17 25.021
50.239 18.002
53.42 4.305
54.74 25.207
62.144 66.382
16.02 50.348
68.076 19.323
33.685 46.278
0.0 100.0
38.802 31.264
60.583 20.271
75.561 34.486
0.0 100.0
64.504 67.324
37.006 26.744
73.979 71.491
60.26 30.016
68.897 70.19
76.355 68.89
61.962 29.24
62.114 71.63
23.366 55.415
0.0 100.0
52.543 25.672
57.235 41.972
78.705 59.641
0.0 100.0
74.884 59.469
44.68 25.971
12.122 57.278
60.667 18.784
51.15 26.763
67.986 25.169
74.561 58.678
37.387 31.487
70.877 42.489
61.572 70.98
62.113 36.103
68.261 50.121
0.0 100.0
78.304 79.092
0.0 100.0
38.554 39.311
52.041 77.824
20.163 45.642
0.0 100.0
71.998 40.57
53.518 27.612
34.23 0.754
66.277 51.901
0.0 100.0
68.854 31.367
0.0 100.0
36.772 51.146
43.502 27.459
64.678 67.402
25.143 63.141
0.0 100.0
69.677 65.219
35.556 12.576
62.389 71.086
49.504 17.577
0.0 100.0
27.016 60.867
41.646 12.962
11.243 51.781
0.0 100.0
39.888 22.578
83.956 66.832
64.859 56.251
0.0 100.0
19.845 47.062
46.308 10.482
0.424 29.484
10.53 51.585
22.169 43.681
0.0 100.0
66.871 81.356
66.141 71.477
60.978 33.181
72.009 64.217
48.672 34.61
26.58 43.238
0.0 100.0
79.801 41.546
0.0 100.0
59.595 12.805
64.844 34.157
65.762 50.318
64.274 29.171
78.288 64.835
60.01 40.795
65.537 62.925
65.544 72.186
63.832 28.309
0.0 100.0
0.0 100.0
22.034 44.635
69.851 66.713
53.707 20.914
0.0 100.0
0.0 100.0
47.522 23.173
48.969 12.784
0.0 100.0
0.0 100.0
75.754 67.855
22.668 42.421
53.306 18.453
0.0 100.0
0.0 100.0
37.934 20.363
31.507 50.008
21.724 65.364
59.857 33.535
62.02 25.628
28.253 18.961
66.101 30.45
0.0 100.0
0.0 100.0
69.993 43.456
35.532 32.322
70.679 58.489
66.225 30.501
28.591 9.662
0.0 100.0
13.455 49.543
0.0 100.0
21.656 50.508
52.796 17.122
47.452 26.496
63.21 74.468
61.31 38.861
42.153 8.327
69.989 80.109
15.788 49.684
63.003 29.127
0.0 100.0
40.741 20.855
75.397 57.971
0.0 100.0
0.0 100.0
37.985 12.382
73.206 76.138
0.0 100.0
62.101 73.989
80.427 70.891
69.217 71.507
46.709 30.506
82.326 58.445
47.235 21.482
35.617 49.16
0.0 100.0
66.906 66.846
82.699 74.811
57.132 34.893
54.881 28.628
77.085 83.918
38.032 8.825
56.752 32.176
0.0 100.0
13.625 56.74
40.941 12.594
0.0 100.0
55.672 48.925
62.061 30.179
59.031 67.127
26.881 50.216
18.621 59.213
21.458 53.017
29.403 40.004
76.198 65.665
79.135 56.241
31.881 39.373
56.169 27.212
73.635 72.263
8.204 47.78
71.003 65.18
24.815 46.942
19.414 40.155
20.687 35.801
73.698 61.096
67.736 66.569
58.202 29.92
55.977 25.844
47.785 28.216
0.0 100.0
65.141 74.018
64.625 35.506
43.082 32.819
17.83 58.823
71.125 67.108
36.006 16.711
66.508 34.794
24.369 22.754
0.0 100.0
62.014 26.696
91.852 63.902
33.075 63.074
54.19 40.396
43.807 27.132
51.979 23.319
30.954 18.893
32.409 38.213
45.631 35.185
19.929 51.967
69.973 26.342
60.515 67.433
31.945 56.54
0.0 100.0
63.633 51.525
0.0 100.0
41.158 24.227
0.0 100.0
66.456 68.848
29.782 46.267
0.0 100.0
70.032 35.079
55.376 31.467
0.0 100.0
0.0 100.0
0.0 100.0
65.41 36.815
17.731 53.666
54.176 76.432
0.0 100.0
26.806 49.343
29.451 57.532
0.0 100.0
53.444 14.513
28.758 55.226
65.194 31.681
55.106 28.943
85.001 37.197
66.386 31.87
0.0 100.0
63.623 34.695
78.022 36.818
62.703 74.128
94.644 46.432
0.0 100.0
49.01 27.871
50.083 11.265
48.1 14.129
0.0 100.0
0.0 100.0
18.644 70.301
26.0 56.911
78.36 64.239
0.0 100.0
47.705 30.747
43.316 36.43
82.054 75.745
38.547 11.842
66.951 76.635
0.0 100.0
35.893 52.016
43.354 1.517
0.0 100.0
53.913 7.843
74.418 24.542
0.0 100.0
45.079 22.568
0.0 100.0
61.756 34.209
0.0 100.0
33.28 50.455
53.351 64.526
49.796 25.89
60.295 44.425
0.0 100.0
58.617 54.292
0.0 100.0
22.507 47.376
67.94 62.803
14.035 49.475
0.0 100.0
0.0 100.0
75.666 75.843
0.0 100.0
66.273 74.583
31.536 23.346
82.223 74.678
62.9 19.795
20.045 46.733
30.678 9.194
0.0 100.0
60.091 38.092
24.686 44.399
49.129 16.425
66.813 29.529
55.471 26.677
0.0 100.0
0.0 100.0
0.0 100.0
0.0 100.0
56.694 44.33
87.339 62.04
66.805 53.241
0.0 100.0
45.682 9.587
0.0 100.0
43.52 22.11
29.74 42.707
51.119 14.242
38.884 20.268
65.441 41.422
0.0 100.0
27.609 64.389
59.575 75.039
74.082 63.251
50.839 28.347
65.97 36.487
23.171 56.15
70.072 71.901
21.882 51.813
23.023 56.462
70.501 74.831
60.65 31.657
63.778 65.839
64.734 63.297
69.256 76.003
66.025 33.951
47.745 35.174
0.0 100.0
0.0 100.0
0.0 100.0
22.707 53.233
82.341 68.936
28.249 42.45
25.895 51.593
23.5 59.045
31.444 49.158
75.59 76.042
70.947 68.517
63.688 65.643
65.481 72.439
20.69 58.368
46.458 23.988
24.605 51.448
76.755 55.633
30.489 64.501
0.0 100.0
25.567 59.193
72.651 71.132
45.611 19.549
0.0 100.0
9.646 50.098
0.0 100.0
60.892 73.018
66.403 63.429
71.084 59.283
55.88 20.571
59.792 40.225
62.473 80.671
49.682 22.272
59.536 32.463
50.283 38.038
0.0 100.0
67.152 61.881
56.431 32.366
82.32 68.5
35.436 28.128
20.755 41.88
31.141 66.552
0.0 100.0
18.832 66.942
73.442 28.314
67.559 79.409
0.0 100.0
37.8 12.003
79.238 71.337
64.814 26.037
0.0 100.0
42.258 25.157
63.529 25.889
52.734 15.72
0.0 100.0
65.445 19.306
57.508 50.107
71.567 60.934
11.492 48.185
76.623 60.516
61.342 74.711
80.045 75.245
0.0 100.0
0.0 100.0
60.307 57.799
67.204 40.617
49.136 32.609
54.676 16.612
71.59 65.757
53.381 34.585
65.436 75.83
21.518 53.793
0.0 100.0
32.69 19.414
46.291 34.677
54.521 25.666
67.198 61.491
66.477 55.193
22.807 58.26
75.255 70.753
55.335 39.757
52.274 45.445
0.0 100.0
36.12 27.208
43.689 28.54
20.15 52.366
26.313 41.107
53.011 6.047
57.503 73.603
0.0 100.0
19.417 48.846
35.134 8.912
55.567 43.423
11.914 53.799
0.0 100.0
50.752 15.071
33.063 30.711
17.447 66.228
64.933 65.557
0.0 100.0
28.383 39.818
27.777 55.463
56.296 62.864
0.0 100.0
60.992 30.07
44.205 41.61
46.265 27.07
68.942 62.311
74.403 72.893
0.0 100.0
68.607 64.69
64.783 62.501
67.207 60.847
63.139 15.976
36.459 51.182
70.508 57.395
22.578 47.658
74.764 71.361
68.183 69.866
70.777 52.09
22.661 46.89
62.884 42.732
47.613 15.941
64.578 36.284
20.622 57.718
28.105 40.403
11.482 57.525
61.915 26.084
0.0 100.0
70.018 82.53
66.043 40.204
42.851 22.477
53.487 37.877
45.237 12.029
33.162 56.138
65.488 30.889
62.278 54.367
55.038 24.419
68.74 58.136
19.681 40.662
41.472 25.809
33.026 52.758
16.127 43.724
31.332 26.045
14.04 51.613
35.889 50.96
70.851 66.134
0.0 100.0
0.0 100.0
0.0 100.0
24.717 50.247
62.016 39.915
39.307 28.996
39.376 56.224
57.969 30.525
57.834 32.991
0.0 100.0
0.0 100.0
0.0 100.0
0.0 100.0
65.842 32.145
76.449 44.066
0.0 100.0
38.313 61.512
23.636 36.989
7.932 48.042
33.748 43.662
66.434 44.003
70.069 23.761
53.481 37.789
65.529 71.594
78.875 66.373
22.129 50.05
21.437 42.905
69.337 47.827
70.481 60.753
0.0 100.0
24.353 52.811
69.601 61.911
49.677 27.466
0.0 100.0
0.0 100.0
33.963 34.29
55.239 62.666
49.288 15.1
62.456 37.639
49.217 38.125
0.0 100.0
0.0 100.0
38.39 22.619
57.912 23.24
61.475 52.143
60.702 27.997
45.798 14.494
31.662 50.833
64.885 52.343
73.904 63.475
0.0 100.0
52.256 23.357
18.736 46.945
75.675 64.737
19.44 48.423
0.0 100.0
39.083 5.841
70.477 15.639
34.31 10.158
68.478 58.037
50.002 21.134
51.186 22.182
0.0 100.0
25.091 66.159
0.0 100.0
62.39 33.204
38.066 22.163
27.66 53.038
63.951 27.408
5.301 42.209
66.325 74.674
18.663 41.797
40.012 12.268
31.105 20.773
36.205 24.858
58.036 29.549
0.0 100.0
19.851 40.566
37.594 22.175
24.734 48.221
71.804 78.782
0.0 100.0
71.377 27.542
76.157 66.566
40.911 26.033
0.0 100.0
0.0 100.0
0.0 100.0
66.681 54.434
34.659 47.529
50.997 48.234
0.0 100.0
5.986 47.141
0.0 100.0
33.219 42.907
33.158 56.749
0.0 100.0
20.877 40.858
62.721 19.631
58.425 46.986
24.265 67.224
19.118 49.781
67.916 45.877
24.047 56.559
41.636 26.439
11.148 45.954
76.181 54.27
0.0 100.0
0.0 100.0
53.331 24.261
19.147 44.156
0.0 100.0
27.058 47.788
61.536 34.518
50.754 31.524
46.296 20.461
26.044 54.529
49.293 65.349
12.498 42.904
31.318 10.695
46.541 18.782
48.993 38.187
63.504 63.419
0.0 100.0
76.431 62.255
35.243 54.483
25.025 56.299
60.351 74.657
61.407 71.503
0.0 100.0
19.779 25.806
51.704 26.711
44.877 29.155
58.328 28.165
20.45 53.048
65.386 34.281
62.993 33.959
46.872 13.637
0.0 100.0
0.0 100.0
74.772 64.203
35.071 28.023
62.514 35.522
70.729 73.516
27.997 11.155
62.035 25.719
53.994 8.578
61.842 39.71
77.517 60.28
0.0 100.0
29.582 66.36
0.0 100.0
58.806 33.708
60.143 41.474
56.04 36.928
70.3 72.249
29.246 46.341
76.721 24.692
65.629 25.412
14.815 38.809
44.097 17.363
43.309 35.338
62.412 28.744
63.714 25.819
15.15 56.305
0.0 100.0
40.755 23.407
70.71 36.64
67.948 19.741
0.0 100.0
34.027 23.35
32.267 27.503
77.491 64.752
0.0 100.0
11.384 48.117
40.953 24.83
69.636 42.183
59.3 23.479
0.0 100.0
51.391 20.339
23.548 65.271
19.658 64.627
41.691 22.936
0.0 100.0
60.504 18.395
20.933 54.747
82.205 68.138
0.0 100.0
72.994 40.476
77.521 72.644
52.432 46.864
30.023 46.52
70.331 67.87
0.0 100.0
19.979 36.021
0.0 100.0
20.724 53.971
27.702 44.423
45.418 20.035
65.766 71.351
54.659 18.878
66.593 31.614
29.177 54.962
76.294 61.753
54.71 33.806
24.688 44.769
64.333 50.514
19.268 50.055
20.956 47.646
75.878 72.828
37.485 10.109
67.671 72.246
51.233 36.467
0.0 100.0
87.151 68.11
38.593 30.752
59.437 66.388
73.999 59.249
0.0 100.0
54.211 16.801
32.937 57.141
45.397 32.102
66.516 58.448
58.736 16.075
38.33 10.716
62.319 31.114
0.0 100.0
0.0 100.0
53.583 35.715
46.056 21.625
65.14 55.821
31.988 54.989
61.673 25.166
33.25 51.18
70.643 78.133
50.776 65.736
62.295 68.39
64.094 63.585
63.648 62.802
0.0 100.0
60.418 68.606
46.363 10.623
56.57 37.06
0.0 100.0
67.347 32.965
21.796 51.23
61.985 40.622
0.0 100.0
0.0 100.0
31.347 59.559
0.0 100.0
61.416 44.084
0.0 100.0
0.0 100.0
65.897 36.086
0.0 100.0
57.578 69.572
59.534 43.617
70.631 59.248
59.99 30.247
72.716 66.931
74.754 65.226
62.292 60.47
56.024 52.165
73.121 89.282
50.51 26.24
58.298 34.149
69.442 62.476
66.214 60.654
0.0 100.0
52.482 11.059
0.0 100.0
0.0 100.0
72.51 73.885
66.095 57.106
0.0 100.0
31.183 67.804
48.507 18.669
72.007 56.684
34.773 17.483
20.553 50.11
66.645 70.139
67.215 46.197
0.0 100.0
29.173 58.373
29.127 54.517
31.087 16.367
55.63 21.58
0.0 100.0
65.966 64.701
36.404 10.967
60.974 27.925
43.156 20.489
0.0 100.0
0.0 100.0
5.326 48.571
24.323 55.231
59.398 20.602
0.0 100.0
66.248 40.298
55.972 31.368
18.941 47.904
65.622 63.57
48.464 23.136
0.0 100.0
23.773 58.105
47.153 36.83
38.241 14.318
21.038 52.398
52.988 34.002
0.0 100.0
50.984 16.293
0.0 100.0
43.313 18.572
0.0 100.0
56.58 25.038
74.995 71.252
35.099 14.219
45.453 21.507
18.391 51.749
43.208 33.298
68.242 75.107
82.228 77.284
23.857 46.942
37.662 31.888
59.566 38.496
0.0 100.0
68.288 69.2
0.0 100.0
63.059 37.274
34.677 18.611
0.0 100.0
81.773 59.049
59.347 32.987
0.0 100.0
30.717 13.532
60.319 35.404
69.097 73.007
0.0 100.0
14.32 49.192
0.0 100.0
47.8 15.901
34.623 46.987
17.45 40.897
41.072 29.252
48.834 37.829
44.45 32.916
0.0 100.0
61.269 55.144
62.833 22.256
44.892 6.954
52.586 28.928
73.441 65.286
0.0 100.0
48.475 30.038
77.768 68.155
0.0 100.0
53.323 27.354
58.701 59.849
39.022 26.77
53.465 34.142
0.0 100.0
0.0 100.0
26.144 49.056
23.622 57.117
71.079 73.483
42.244 17.884
0.0 100.0
56.317 14.928
0.0 100.0
31.523 26.66
57.14 26.891
50.655 47.771
52.611 26.242
29.475 50.208
50.223 34.513
50.435 75.263
33.122 18.081
0.0 100.0
66.445 72.982
0.0 100.0
27.357 29.932
24.349 49.343
0.0 100.0
39.597 18.075
0.0 100.0
65.768 36.716
46.717 27.06
48.541 39.51
74.79 57.519
43.471 23.805
73.295 60.901
0.0 100.0
18.835 49.15
0.0 100.0
65.341 66.134
28.353 58.621
6.545 46.784
61.069 34.741
39.377 35.012
29.882 62.051
60.888 19.823
61.795 36.292
60.022 31.399
43.255 8.161
61.415 37.748
54.101 43.957
66.186 80.702
64.812 73.73
0.0 100.0
78.508 69.342
29.283 53.321
0.0 100.0
43.59 22.328
23.992 60.735
66.57 67.624
0.0 100.0
64.711 33.336
42.338 27.134
20.635 52.572
47.498 30.633
64.157 41.034
62.598 42.257
46.623 37.423
18.261 41.033
26.634 38.828
0.0 100.0
27.447 17.396
62.374 29.454
0.0 100.0
20.145 17.474
78.313 59.44
50.158 37.13
77.988 71.786
35.727 21.426
50.877 30.061
36.533 19.162
77.778 69.815
44.024 27.898
46.564 24.865
66.67 75.484
50.074 42.695
54.803 20.472
0.0 100.0
63.464 30.729
67.149 69.932
39.473 22.083
48.773 68.21
47.227 14.764
14.464 45.59
45.716 23.992
0.0 100.0
70.252 80.288
66.83 38.325
0.0 100.0
45.544 66.282
43.885 12.893
24.581 20.864
69.996 63.834
0.0 100.0
0.0 100.0
56.562 24.936
28.34 16.368
40.386 11.37
68.185 70.598
0.0 100.0
73.82 59.065
12.265 52.299
63.606 30.353
0.0 100.0
79.731 70.458
70.964 83.946
91.084 58.517
17.871 50.137
0.0 100.0
0.0 100.0
23.446 42.688
71.255 57.564
42.754 29.881
0.0 100.0
78.181 63.349
22.618 50.602
62.636 32.229
60.029 35.164
49.286 9.957
0.0 100.0
20.882 55.831
0.0 100.0
0.0 100.0
0.0 100.0
69.393 62.769
44.723 20.498
62.884 43.542
54.706 35.085
60.553 66.495
17.842 40.523
59.553 40.097
0.0 100.0
58.192 31.584
65.33 78.474
0.0 100.0
0.0 100.0
0.0 100.0
71.307 16.596
21.673 33.125
0.0 100.0
21.494 47.659
30.386 46.902
0.0 100.0
34.701 62.079
34.392 28.779
25.804 19.991
0.0 100.0
28.593 46.564
66.099 65.055
62.269 70.753
63.814 47.168
32.056 9.984
55.241 25.295
80.563 60.931
48.978 15.114
67.309 83.16
61.354 72.949
32.24 46.197
54.643 35.084
13.865 55.685
0.0 100.0
52.059 34.94
23.041 64.184
0.0 100.0
40.859 29.507
52.27 41.699
13.425 46.852
0.0 100.0
74.972 56.323
57.728 42.263
63.615 62.157
46.754 25.134
68.375 66.784
0.0 100.0
37.496 41.956
0.0 100.0
37.772 40.557
0.0 100.0
0.0 100.0
24.151 34.74
6.074 51.17
62.114 26.106
43.634 26.499
30.155 8.452
70.353 69.379
60.26 20.728
0.0 100.0
21.323 60.283
43.141 23.577
71.368 57.685
73.691 71.981
51.577 29.526
65.544 59.194
44.056 21.39
0.0 100.0
71.651 72.256
39.669 21.798
0.0 100.0
43.944 23.766
17.987 54.878
63.537 68.749
29.579 63.837
69.598 79.471
0.0 100.0
80.039 65.906
46.978 24.566
0.0 100.0
0.0 100.0
58.277 38.741
0.0 100.0
56.472 33.591
49.019 36.085
78.084 75.406
74.964 28.685
68.776 24.008
85.355 67.914
0.0 100.0
0.0 100.0
59.11 47.464
62.363 31.061
47.916 0.727
39.405 41.459
10.256 60.741
38.631 40.235
84.134 58.963
0.0 100.0
0.0 100.0
38.885 24.609
80.58 76.398
0.0 100.0
67.79 70.362
56.392 33.347
64.41 31.365
56.072 31.3
13.856 54.391
67.223 59.787
60.456 35.074
0.0 100.0
66.456 27.356
58.313 82.724
65.053 66.182
0.0 100.0
45.081 9.051
65.739 65.523
24.977 56.991
57.291 30.747
64.775 35.27
52.126 45.683
76.09 55.984
20.889 57.824
47.625 22.236
0.0 100.0
34.782 13.97
32.762 48.324
69.251 53.96
38.847 31.168
0.0 100.0
57.078 37.774
74.299 73.599
41.495 18.627
37.768 8.17
14.19 39.013
41.013 26.207
75.033 62.136
0.0 100.0
61.999 70.272
0.0 100.0
0.0 100.0
0.0 100.0
63.828 31.16
51.262 31.053
29.333 52.073
48.739 38.726
0.0 100.0
45.116 16.643
53.788 31.857
66.352 65.318
35.207 17.131
42.25 11.932
42.535 39.067
18.024 50.417
45.608 27.899
29.099 55.039
0.0 100.0
12.362 52.36
0.0 100.0
26.053 53.381
61.119 31.693
78.062 30.517
6.679 57.341
21.436 42.059
62.121 38.978
27.206 43.43
67.215 62.407
47.741 30.012
23.541 45.8
80.366 73.322
25.585 37.225
0.0 100.0
37.026 28.528
30.065 46.762
33.441 9.019
70.708 75.475
0.0 100.0
48.415 18.289
0.0 100.0
12.456 43.534
67.755 40.179
33.567 36.071
38.12 25.507
61.571 32.967
50.594 24.546
66.944 60.709
53.297 27.369
33.964 24.124
39.233 30.932
81.932 69.404
41.396 20.784
63.339 25.436
51.049 18.192
62.505 25.553
44.88 26.144
57.667 26.738
44.092 28.788
64.228 25.257
62.644 35.631
61.735 33.79
17.805 57.016
28.197 47.335
18.906 38.179
0.0 100.0
62.304 60.259
0.0 100.0
68.786 30.123
30.771 41.714
25.518 40.76
70.192 59.557
36.972 25.811
0.0 100.0
45.382 23.125
15.707 55.53
59.227 27.692
1.695 48.624
30.453 47.863
58.319 30.553
55.978 38.663
0.0 100.0
0.0 100.0
76.52 69.419
38.849 21.345
70.688 24.341
27.333 42.661
42.153 22.678
44.563 33.686
64.224 66.645
0.0 100.0
61.223 33.091
69.498 61.967
82.188 65.266
23.558 43.919
34.442 51.885
74.824 51.279
38.384 13.068
0.0 100.0
37.368 17.945
48.886 19.97
27.194 43.736
0.0 100.0
39.031 49.923
40.42 19.244
22.12 46.473
33.483 33.079
51.526 18.299
81.654 62.77
0.0 100.0
50.827 35.03
0.0 100.0
55.243 10.397
63.185 36.22
43.782 25.323
17.708 54.688
0.0 100.0
67.581 30.112
69.993 56.187
0.0 100.0
40.658 14.238
68.082 70.171
48.439 19.15
0.0 100.0
54.453 34.115
11.241 52.834
67.922 40.207
42.006 19.052
68.734 68.328
0.0 100.0
20.734 41.593
80.074 54.179
25.074 58.13
21.948 63.209
0.0 100.0
60.303 52.085
0.0 100.0
56.03 30.126
58.854 21.214
50.041 16.88
47.328 37.481
0.0 100.0
69.175 34.013
55.734 17.221
50.358 31.641
61.253 61.409
0.0 100.0
0.0 100.0
46.967 15.472
32.741 54.94
0.0 100.0
64.461 39.829
79.016 64.965
68.247 80.741
44.488 31.494
34.062 55.107
15.704 61.336
0.0 100.0
42.311 20.77
70.174 57.369
14.377 54.484
48.988 27.51
69.758 59.999
10.546 37.358
17.725 59.017
42.488 46.62
0.0 100.0
67.072 18.467
69.924 39.842
27.841 47.677
0.0 100.0
41.328 49.848
4.927 38.429
76.079 80.967
16.325 49.093
78.399 79.556
26.516 22.445
64.154 47.171
22.328 60.627
0.0 100.0
17.65 53.121
0.0 100.0
36.815 24.746
70.97 77.013
40.255 21.396
47.569 7.813
0.0 100.0
0.0 100.0
0.0 100.0
0.0 100.0
0.0 100.0
42.861 18.317
0.0 100.0
0.0 100.0
0.0 100.0
23.69 21.3
26.585 54.068
34.715 5.066
19.726 51.918
76.24 37.75
68.771 63.007
65.35 22.756
66.073 84.406
60.855 42.629
36.091 40.635
21.934 64.201
58.149 41.591
0.0 100.0
25.94 21.982
38.603 33.806
28.105 42.596
72.61 77.063
24.154 63.267
0.0 100.0
80.473 58.327
42.409 23.17
59.881 14.432
36.587 30.892
71.885 65.656
46.951 20.362
22.866 11.524
0.0 100.0
70.671 85.585
0.0 100.0
61.651 61.346
71.092 42.366
0.0 100.0
0.0 100.0
29.89 45.935
39.245 19.429
26.234 45.167
70.588 62.998
0.0 100.0
57.02 31.197
36.657 21.498
53.236 26.974
69.732 61.811
55.561 28.172
66.241 81.882
27.75 40.763
52.074 30.824
22.183 50.815
0.0 100.0
46.664 34.384
61.601 54.235
22.64 46.816
45.048 26.385
0.0 100.0
44.21 36.746
73.319 65.133
62.479 62.721
20.924 51.445
69.472 39.878
68.117 32.067
12.363 55.873
73.133 66.057
0.0 100.0
60.888 69.931
73.647 68.732
45.487 23.263
0.0 100.0
61.651 46.778
59.311 41.032
62.94 39.871
52.24 13.994
54.664 11.855
43.237 11.443
19.819 60.008
72.851 55.391
73.331 65.292
38.398 45.561
72.921 29.916
67.47 60.672
29.372 43.771
83.476 59.44
33.341 46.449
0.0 100.0
0.0 100.0
59.758 66.682
0.0 100.0
68.344 74.41
69.821 74.482
74.232 65.993
0.0 100.0
0.0 100.0
34.321 61.438
0.0 100.0
54.624 20.451
70.539 38.141
76.386 45.495
24.083 62.827
43.573 34.346
42.028 21.175
0.0 100.0
0.0 100.0
41.682 19.455
60.581 64.076
39.743 22.408
47.0 29.043
0.0 100.0
32.798 31.364
73.643 71.492
16.412 57.3
51.488 12.153
38.684 26.057
0.0 100.0
58.511 41.366
47.425 73.257
86.092 63.822
0.0 100.0
0.0 100.0
74.253 33.478
26.428 57.529
59.777 34.414
68.438 33.888
0.0 100.0
66.569 64.908
26.297 49.645
18.276 48.839
44.128 27.96
11.339 54.875
53.307 85.922
0.0 100.0
13.671 50.798
0.0 100.0
14.075 48.14
12.711 56.307
0.0 100.0
53.172 45.545
78.467 71.7
82.089 70.089
71.723 61.821
29.803 36.315
20.483 42.805
28.188 12.541
39.538 60.132
96.801 75.143
0.0 100.0
63.206 34.942
0.0 100.0
64.005 38.799
0.0 100.0
57.443 21.383
21.681 53.351
31.6 48.877
67.175 83.694
0.0 100.0
0.0 100.0
16.993 67.47
0.0 100.0
0.0 100.0
19.527 53.906
23.864 70.476
53.846 24.444
65.071 35.965
0.0 100.0
35.296 10.158
22.418 52.811
27.314 23.156
0.0 100.0
73.62 61.476
41.838 19.451
20.397 45.617
71.982 58.998
33.665 25.636
64.953 27.139
73.457 66.776
38.89 6.856
70.434 41.744
38.036 25.997
0.0 100.0
69.809 78.099
78.365 76.005
45.916 33.524
56.087 74.091
68.069 74.971
82.226 81.307
27.325 21.423
70.73 70.61
44.995 40.958
25.216 49.998
54.394 13.672
32.046 51.634
44.949 22.642
53.634 40.561
0.0 100.0
11.529 61.077
54.968 77.125
19.818 45.668
32.902 23.03
73.463 32.844
73.766 67.324
24.451 57.618
72.039 73.109
23.627 47.466
32.385 61.178
69.585 62.426
45.642 10.441
67.743 72.42
50.974 16.119
67.602 51.845
67.301 66.858
0.0 100.0
47.824 18.849
60.091 46.482
0.0 100.0
0.0 100.0
67.337 82.586
0.0 100.0
0.0 100.0
46.794 21.64
0.0 100.0
37.746 21.964
29.845 11.409
77.731 54.332
57.633 34.839
41.579 38.95
38.828 18.135
0.0 100.0
43.35 22.388
69.154 30.764
40.344 15.904
7.855 59.212
64.923 65.206
86.531 67.842
71.06 71.604
67.222 69.717
69.493 64.203
41.508 50.204
31.797 15.792
0.0 100.0
48.133 18.3
0.0 100.0
36.606 54.939
67.96 68.726
30.902 57.792
78.529 64.428
75.333 63.844
40.689 17.734
15.821 49.712
21.422 50.808
0.0 100.0
32.55 23.556
36.673 20.257
35.774 30.362
0.0 100.0
0.0 100.0
0.0 100.0
0.0 100.0
63.932 38.039
62.585 65.713
0.0 100.0
57.134 36.39
0.0 100.0
59.351 22.322
47.359 23.833
0.0 100.0
39.287 25.531
20.761 48.656
61.693 36.95
16.195 68.025
62.146 30.625
36.667 31.464
0.0 100.0
74.022 70.615
49.511 23.992
76.559 72.533
33.882 26.095
23.196 47.89
59.815 28.169
62.352 31.411
0.0 100.0
9.313 60.46
64.328 27.705
52.859 35.011
0.0 100.0
70.031 64.341
0.0 100.0
60.017 53.672
50.497 39.847
48.018 34.196
38.915 51.105
0.0 100.0
70.22 65.789
13.265 50.305
36.097 26.813
42.66 22.351
0.0 100.0
65.278 72.702
21.09 47.934
69.896 67.783
60.083 20.579
62.665 28.595
56.087 27.901
27.014 46.544
40.627 11.478
0.0 100.0
31.261 20.501
0.0 100.0
16.531 68.305
18.391 62.857
84.459 72.247
44.141 31.044
55.464 43.979
40.69 35.982
29.394 48.573
68.657 25.361
44.986 35.51
38.857 26.601
26.852 14.325
76.104 66.284
36.733 27.714
47.504 21.957
70.564 42.003
0.0 100.0
18.68 47.414
35.289 51.028
35.133 40.568
54.23 21.026
0.0 100.0
57.864 43.425
0.0 100.0
36.669 10.879
0.0 100.0
35.049 38.805
20.847 52.151
47.587 38.213
48.957 19.529
0.0 100.0
45.52 23.022
75.814 76.428
51.271 33.897
31.804 58.593
70.099 51.088
0.0 100.0
22.779 54.813
59.667 23.896
69.57 28.983
36.793 35.921
25.204 54.406
61.966 25.941
35.756 43.849
67.031 24.736
72.438 73.754
41.66 24.083
73.85 38.049
0.0 100.0
56.156 17.996
0.0 100.0
62.088 32.171
47.168 20.92
83.03 49.889
21.313 55.623
52.847 41.687
20.723 59.833
0.0 100.0
12.324 50.7
0.0 100.0
74.007 29.397
66.641 35.357
35.472 32.609
0.0 100.0
66.441 27.922
43.764 28.036
72.162 56.428
31.93 17.15
0.0 100.0
25.156 26.772
34.8 22.971
25.782 42.499
29.068 58.946
42.741 21.962
55.572 62.007
14.557 57.17
0.0 100.0
55.68 11.967
0.0 100.0
36.092 25.496
0.0 100.0
79.422 77.858
53.288 93.019
0.0 100.0
48.327 26.699
52.361 21.428
69.64 62.992
58.734 22.259
76.851 66.513
0.0 100.0
40.391 29.669
74.997 78.95
44.752 25.826
16.713 52.147
27.961 48.29
22.428 52.014
58.207 30.446
0.0 100.0
64.888 66.948
58.697 42.199
49.238 18.688
20.242 49.722
0.0 100.0
41.145 30.468
0.0 100.0
60.736 34.346
69.05 9.952
0.0 100.0
0.0 100.0
25.314 55.209
13.472 45.114
48.259 23.759
15.786 45.903
69.108 68.194
63.563 22.781
67.968 70.859
79.672 80.448
63.252 67.903
20.115 57.437
0.0 100.0
0.0 100.0
72.515 57.024
78.917 67.544
47.591 26.396
33.702 60.889
47.69 24.606
41.374 33.34
75.917 45.008
19.964 56.825
0.0 100.0
0.0 100.0
0.0 100.0
48.473 44.191
61.236 36.231
53.964 32.05
0.0 100.0
60.317 14.248
58.519 32.731
0.0 100.0
49.499 19.693
47.578 22.144
36.773 26.156
0.0 100.0
37.386 25.614
0.0 100.0
13.219 56.315
51.928 56.569
0.0 100.0
42.844 33.342
27.183 39.552
0.0 100.0
59.151 7.062
51.908 70.639
66.453 27.059
61.959 31.782
42.783 24.145
64.614 36.302
0.0 100.0
70.274 60.563
66.787 71.916
62.114 31.907
51.584 68.723
54.37 31.52
23.582 46.172
57.15 25.143
73.366 74.155
21.184 50.816
68.675 55.682
0.0 100.0
0.0 100.0
0.0 100.0
42.074 35.025
0.0 100.0
0.0 100.0
81.574 62.982
60.431 64.168
57.187 34.655
68.331 65.427
0.0 100.0
44.845 57.478
0.0 100.0
47.645 17.224
67.331 24.41
0.0 100.0
37.799 45.895
0.0 100.0
80.084 39.927
43.176 21.381
67.261 35.168
61.19 21.949
60.101 59.16
74.263 32.546
0.0 100.0
38.572 21.972
55.528 57.406
46.109 14.195
48.413 8.339
26.822 45.256
67.133 38.058
57.17 30.456
45.786 18.797
67.238 25.655
37.978 17.102
0.0 100.0
48.032 33.129
71.696 30.259
80.462 56.223
33.571 54.293
23.085 43.626
0.0 100.0
77.184 64.355
40.845 24.769
43.579 25.3
0.0 100.0
66.995 56.182
71.348 59.785
0.0 100.0
74.358 64.959
0.0 100.0
83.475 69.909
9.962 52.347
63.869 28.225
80.643 85.339
52.255 19.172
62.597 55.761
65.365 33.143
21.497 40.836
32.204 59.214
66.009 63.316
0.0 100.0
0.0 100.0
45.707 27.701
72.755 37.563
0.0 100.0
0.0 100.0
71.495 61.169
34.409 48.366
33.38 9.842
58.995 28.723
63.506 17.145
34.281 14.373
51.207 30.492
74.157 77.589
27.106 45.83
17.581 57.11
77.311 57.14
83.413 69.172
71.835 78.915
0.0 100.0
64.36 46.446
0.0 100.0
0.0 100.0
27.187 58.706
44.075 23.801
75.199 75.721
0.0 100.0
52.134 34.698
81.372 55.842
39.237 6.706
25.283 53.852
60.525 59.506
53.341 47.395
52.598 25.606
29.731 51.168
50.125 29.137
74.234 54.545
71.399 49.182
40.979 9.675
17.296 50.308
57.522 39.561
77.271 81.612
51.453 20.545
0.0 100.0
12.608 57.564
20.585 57.324
62.41 27.153
63.914 76.763
42.426 46.533
61.206 69.167
0.0 100.0
67.567 67.841
69.169 26.69
45.928 30.482
0.0 100.0
41.636 24.817
47.661 37.906
65.245 63.609
59.329 29.036
19.977 45.64
30.014 62.862
64.22 42.721
15.516 54.206
14.386 38.15
64.255 34.866
49.441 36.394
64.905 61.138
0.0 100.0
21.236 54.015
59.472 39.671
51.059 15.42
56.036 38.094
97.633 27.285
82.907 83.972
27.259 60.782
70.498 70.544
45.187 22.063
18.482 54.031
25.475 54.353
27.526 47.548
58.34 20.631
72.832 75.446
0.0 100.0
57.214 30.578
40.396 19.366
69.023 35.695
0.0 100.0
0.0 100.0
12.714 55.905
75.162 36.895
0.0 100.0
0.0 100.0
80.759 70.574
63.57 65.323
27.002 49.382
72.32 67.56
42.734 18.862
0.0 100.0
48.457 34.496
35.105 25.392
28.345 21.563
65.819 35.611
33.622 61.03
57.679 55.124
45.192 18.243
64.214 23.897
30.566 16.95
0.0 100.0
63.06 32.234
25.484 57.568
37.342 22.489
67.889 40.7
0.0 100.0
19.422 41.315
59.857 66.227
66.605 29.018
76.778 69.697
62.901 28.821
0.0 100.0
86.784 65.459
45.898 19.642
66.825 43.125
29.577 25.946
53.738 42.062
33.424 53.506
0.0 100.0
0.0 100.0
64.541 53.558
0.0 100.0
81.395 74.495
0.0 100.0
43.322 10.981
52.609 13.639
49.082 30.658
16.438 50.794
0.0 100.0
87.728 50.748
0.0 100.0
70.421 33.12
50.219 39.654
76.173 63.558
21.865 39.514
46.874 30.63
50.092 12.165
35.873 9.532
0.0 100.0
52.466 20.178
48.64 40.173
34.573 18.121
51.209 31.775
81.167 76.553
49.601 12.811
25.49 47.829
83.859 50.685
73.344 70.934
0.0 100.0
61.59 70.406
26.871 39.134
65.099 37.469
0.0 100.0
0.0 100.0
41.806 26.325
48.862 36.591
21.73 56.163
27.926 59.666
77.268 52.709
52.816 34.879
59.298 31.429
77.082 71.978
0.0 100.0
69.108 55.355
80.067 55.876
48.778 33.924
0.0 100.0
77.402 65.212
12.835 46.259
48.421 13.147
47.207 19.185
0.0 100.0
76.555 37.577
60.589 31.18
0.0 100.0
65.645 50.229
64.153 35.383
40.497 33.12
63.596 65.087
0.0 100.0
40.651 11.557
0.0 100.0
67.028 66.328
24.203 50.951
40.465 18.876
0.0 100.0
67.412 59.716
69.52 76.943
0.0 100.0
35.452 59.866
78.506 57.025
0.0 100.0
43.911 45.225
0.0 100.0
62.918 65.295
70.238 62.877
0.0 100.0
57.528 34.783
29.773 34.997
58.095 37.319
23.99 67.812
18.111 60.891
56.852 32.05
75.759 59.497
32.021 40.809
69.572 66.117
25.794 62.112
26.436 17.453
51.587 9.641
44.358 27.144
26.982 44.529
67.547 50.787
50.076 34.253
0.0 100.0
0.0 100.0
54.089 10.543
38.964 14.4
57.958 61.459
0.0 100.0
0.0 100.0
0.0 100.0
84.738 64.532
83.736 66.302
44.715 26.1
45.74 23.915
0.0 100.0
71.653 70.789
0.0 100.0
0.0 100.0
17.946 51.564
32.21 15.578
0.0 100.0
13.877 40.679
62.655 43.614
71.369 28.795
48.042 42.276
48.89 15.239
61.38 35.876
76.784 73.305
0.0 100.0
68.983 38.171
81.603 71.683
59.688 63.331
28.851 24.399
17.229 49.119
66.137 68.55
69.918 27.885
66.49 55.929
43.481 18.176
52.779 11.714
79.804 70.441
36.388 22.561
31.451 51.987
53.132 27.417
45.496 4.519
0.0 100.0
57.88 43.282
29.629 9.396
62.665 38.459
38.517 38.983
45.413 8.086
26.972 64.89
0.0 100.0
68.721 35.478
4.963 46.812
58.219 31.165
61.706 35.063
49.31 38.977
50.179 11.968
86.477 69.713
0.0 100.0
12.821 52.578
24.821 50.051
0.0 100.0
49.51 26.892
43.271 20.306
0.0 100.0
59.58 17.667
20.017 61.242
66.116 79.798
63.397 60.408
54.096 25.527
28.638 34.269
54.85 38.025
0.0 100.0
0.0 100.0
99.746 75.552
0.0 100.0
73.729 34.614
79.176 70.532
0.0 100.0
63.24 72.191
0.0 100.0
75.341 54.678
31.058 31.413
43.625 20.185
55.244 35.046
35.767 28.313
36.357 51.409
0.0 100.0
39.248 16.498
38.076 56.861
81.951 67.025
39.053 27.21
17.199 66.974
22.423 64.492
61.133 27.14
39.048 22.126
83.579 68.985
18.256 58.481
14.155 45.802
15.881 57.269
78.26 61.47
31.984 52.819
55.546 74.204
0.0 100.0
54.387 20.623
24.384 54.868
25.651 55.258
68.459 65.172
30.49 14.046
33.198 42.185
32.481 44.027
71.038 59.179
23.83 47.149
49.562 40.848
76.043 68.672
0.0 100.0
39.71 22.363
0.0 100.0
52.216 29.441
67.372 35.237
64.031 30.819
15.365 46.359
0.0 100.0
77.193 40.647
28.611 45.257
0.0 100.0
75.889 62.47
73.424 66.79
41.774 14.75
0.0 100.0
29.665 52.126
62.072 40.133
50.298 24.059
86.367 77.65
18.978 44.684
11.609 42.125
19.312 54.74
79.808 70.358
84.902 64.406
47.912 36.249
48.46 17.789
32.566 62.004
39.617 30.348
79.785 76.573
32.256 21.051
26.799 48.734
0.0 100.0
69.986 63.245
46.457 16.386
60.181 22.337
24.469 48.645
51.963 67.236
40.62 24.557
34.674 23.951
35.573 27.072
49.851 26.992
0.0 100.0
71.145 64.698
47.224 25.479
0.0 100.0
0.0 100.0
19.91 48.897
56.165 48.265
57.042 27.216
68.996 68.821
42.906 33.657
24.079 60.481
39.794 16.987
0.0 100.0
73.475 70.518
77.053 73.355
70.898 80.58
8.986 53.51
0.0 100.0
0.0 100.0
49.785 8.594
0.0 100.0
36.735 34.201
70.122 62.283
32.551 41.769
10.047 50.094
0.0 100.0
63.644 33.717
64.502 18.799
52.594 36.59
0.0 100.0
0.0 100.0
36.701 18.359
61.63 43.999
23.021 40.759
69.674 60.341
0.0 100.0
43.545 22.19
47.597 21.211
24.704 41.861
0.0 100.0
68.375 57.553
55.61 73.139
67.589 50.536
56.663 35.877
7.956 54.124
27.643 54.634
40.973 24.642
22.647 44.317
60.232 32.991
40.272 16.452
31.079 53.247
69.485 65.175
65.808 75.858
82.946 42.402
67.674 27.257
48.125 38.068
0.0 100.0
57.8 20.274
0.0 100.0
44.509 4.325
46.777 26.855
62.199 29.806
66.931 16.481
34.314 24.5
24.236 48.534
18.974 51.167
53.762 31.889
68.555 63.034
20.312 61.537
35.598 42.812
37.624 28.159
37.617 31.865
51.037 32.88
10.613 45.693
45.735 17.987
0.0 100.0
50.169 32.937
41.461 25.156
31.134 52.789
33.026 15.822
62.355 34.508
74.664 55.378
37.448 9.717
54.712 33.964
50.227 47.553
74.335 46.258
58.75 26.158
58.135 36.985
23.68 47.828
0.0 100.0
60.803 40.512
78.142 35.998
0.0 100.0
67.846 70.374
38.914 1.09
35.278 17.299
0.0 100.0
78.924 65.214
0.0 100.0
23.541 57.186
39.811 21.447
0.0 100.0
0.0 100.0
46.377 38.865
64.577 79.114
60.471 28.49
59.024 27.86
17.764 48.706
69.112 62.529
0.0 100.0
0.0 100.0
0.0 100.0
65.882 62.875
0.0 100.0
44.331 20.802
21.498 54.417
0.0 100.0
0.0 100.0
0.0 100.0
0.0 100.0
0.0 100.0
43.067 22.131
33.788 49.429
9.88 42.103
40.529 58.223
50.444 30.352
67.495 69.466
0.0 100.0
0.0 100.0
0.0 100.0
58.714 48.127
0.0 100.0
24.881 62.636
33.087 13.502
67.382 76.726
39.921 28.298
31.111 32.74
0.0 100.0
30.728 47.796
12.615 44.908
20.934 46.651
74.697 51.995
72.754 56.924
0.0 100.0
59.624 37.225
68.355 50.967
26.018 46.474
45.121 19.869
24.475 47.256
69.408 31.387
32.703 50.862
59.547 38.894
33.869 7.656
22.226 47.67
59.911 35.192
39.389 18.766
18.83 53.396
65.047 28.486
13.095 54.987
46.183 43.719
0.0 100.0
0.0 100.0
0.0 100.0
0.0 100.0
40.529 23.938
28.962 57.244
17.01 49.053
28.317 49.348
76.291 61.448
41.334 54.789
0.0 100.0
25.758 30.341
79.021 74.36
55.608 31.484
19.412 51.961
34.51 16.324
0.0 100.0
0.0 100.0
42.54 33.312
72.164 65.592
0.0 100.0
0.0 100.0
68.332 67.6
0.0 100.0
61.835 38.94
44.452 24.515
58.484 64.734
15.324 52.075
37.955 12.371
28.645 13.471
19.195 57.363
53.354 68.555
63.9 87.098
67.331 34.303
0.0 100.0
0.0 100.0
42.395 16.147
65.21 65.342
36.042 18.868
59.767 35.801
18.963 44.921
21.931 42.647
42.813 15.455
19.291 54.06
62.247 54.672
49.573 26.934
59.192 36.259
37.628 26.522
0.0 100.0
78.867 64.402
45.162 17.061
0.0 100.0
0.0 100.0
0.0 100.0
24.7 53.08
22.336 54.177
0.0 100.0
22.838 48.375
71.226 64.911
70.954 17.721
60.221 70.222
0.0 100.0
43.329 23.241
54.681 9.954
0.0 100.0
67.9 25.476
47.893 24.438
76.477 60.965
63.449 31.68
29.22 46.739
57.914 70.194
24.645 51.145
0.0 100.0
0.0 100.0
26.823 54.354
53.848 20.023
30.275 61.64
66.894 71.579
59.146 35.378
15.124 45.788
53.739 18.923
69.687 65.814
66.949 34.427
56.494 77.559
63.506 41.811
0.0 100.0
64.454 32.581
0.0 100.0
52.244 31.994
80.711 73.713
0.0 100.0
61.409 59.639
25.822 48.975
40.499 14.955
37.509 33.439
0.0 100.0
73.876 78.313
0.0 100.0
0.0 100.0
32.294 39.775
55.645 32.744
0.0 100.0
30.755 53.197
59.707 52.902
0.0 100.0
42.595 5.318
81.751 56.307
55.3 22.603
37.444 16.04
39.711 19.141
60.667 18.637
0.0 100.0
22.924 57.292
95.94 82.174
62.925 58.083
76.829 69.617
55.84 70.629
21.838 53.634
77.773 86.0
36.147 23.067
71.355 35.085
54.392 25.61
0.0 100.0
58.72 32.963
59.298 30.512
72.592 61.403
26.415 56.412
61.791 55.877
42.337 23.817
0.0 100.0
59.313 26.925
62.044 31.542
0.0 100.0
0.0 100.0
73.97 69.826
32.87 50.093
0.0 100.0
0.0 100.0
0.0 100.0
56.122 37.651
57.714 36.061
70.03 64.631
14.171 38.374
37.496 29.258
0.0 100.0
24.775 33.853
51.792 24.062
25.69 33.588
15.908 58.446
0.0 100.0
60.011 19.994
41.945 32.251
0.0 100.0
52.943 18.719
32.642 17.971
75.395 19.202
0.0 100.0
71.041 66.743
82.554 67.068
27.732 0.874
33.28 43.0
76.747 80.025
56.504 17.13
66.747 74.383
21.531 51.493
62.396 61.333
74.618 70.341
72.308 46.626
0.0 100.0
52.412 36.01
17.77 51.755
0.0 100.0
42.581 28.369
58.871 32.748
0.0 100.0
59.879 38.41
18.139 44.487
46.919 20.998
72.537 59.117
22.554 45.88
27.894 51.193
52.454 44.455
0.0 100.0
76.712 61.476
74.271 73.421
51.342 72.49
26.769 59.657
7.011 64.771
52.057 36.78
61.941 31.982
67.215 34.89
58.497 28.185
0.0 100.0
0.0 100.0
26.302 39.73
37.603 15.854
22.923 60.273
75.619 48.859
42.441 24.951
69.86 30.688
71.11 73.163
76.752 74.308
72.772 51.571
0.0 100.0
0.0 100.0
28.874 40.96
14.47 65.785
34.148 29.391
53.635 38.575
59.502 31.042
82.775 50.069
34.435 48.551
73.751 75.582
38.964 24.962
49.961 18.099
0.0 100.0
84.462 62.335
30.067 30.189
35.589 7.583
15.358 54.747
21.842 63.878
0.0 100.0
46.438 20.161
55.913 32.433
0.0 100.0
25.459 45.636
63.471 29.231
21.714 60.78
29.494 40.73
35.002 61.146
82.311 62.147
83.639 60.574
33.526 25.737
0.0 100.0
27.966 13.934
25.427 54.553
33.879 43.792
0.0 100.0
72.587 59.469
60.329 43.051
0.0 100.0
23.717 49.74
55.76 21.312
35.403 57.181
10.296 37.943
63.906 67.354
0.0 100.0
0.0 100.0
67.932 65.069
58.057 40.253
0.0 100.0
47.539 26.572
48.485 31.864
52.051 31.542
49.412 18.508
0.0 100.0
66.659 35.63
52.334 20.617
23.233 43.898
7.646 48.303
56.196 5.951
50.892 68.472
60.655 62.731
40.317 27.47
57.821 28.674
0.0 100.0
57.414 31.593
17.517 61.026
43.296 16.805
52.165 18.673
53.129 31.252
55.251 30.601
40.372 45.279
0.0 100.0
0.0 100.0
0.0 100.0
20.928 50.702
21.959 55.62
65.91 73.146
61.539 68.738
0.0 100.0
55.123 41.377
71.056 43.937
53.69 5.543
72.538 37.519
0.0 100.0
46.37 25.832
37.317 23.887
57.387 34.087
56.701 35.648
29.235 53.167
33.336 52.795
0.0 100.0
0.0 100.0
0.0 100.0
62.203 66.594
56.44 72.157
72.41 63.287
30.24 52.567
69.79 68.445
57.141 76.513
10.719 44.776
60.881 34.317
0.0 100.0
0.0 100.0
0.0 100.0
76.923 60.997
73.149 51.23
0.0 100.0
41.268 21.552
33.017 27.915
49.261 45.248
35.541 33.796
0.0 100.0
48.153 27.027
75.541 68.99
64.804 44.41
22.591 20.945
48.274 22.279
59.09 71.962
39.824 14.816
0.0 100.0
0.0 100.0
62.435 28.544
70.145 66.517
62.709 72.928
0.0 100.0
53.53 62.981
33.527 53.107
0.0 100.0
0.0 100.0
16.819 53.366
51.05 41.006
66.242 45.196
38.955 26.555
62.978 27.838
50.819 33.078
80.68 43.762
69.708 35.09
77.277 61.889
66.133 17.706
36.42 15.298
82.018 75.105
26.816 52.762
52.385 43.991
73.416 70.711
59.137 58.491
62.286 73.024
45.943 41.108
42.233 35.691
21.301 54.48
0.0 100.0
42.528 36.195
22.517 40.489
59.732 19.308
65.917 24.657
34.297 26.81
43.065 30.64
0.0 100.0
41.884 30.139
30.912 45.694
0.0 100.0
67.491 33.911
57.709 77.037
2.87 48.112
73.251 59.703
71.709 51.919
0.0 100.0
0.0 100.0
0.0 100.0
38.639 37.291
62.204 35.64
51.212 40.363
57.465 50.983
68.894 70.844
74.473 70.006
0.0 100.0
60.73 36.411
0.0 100.0
0.0 100.0
64.866 47.268
0.0 100.0
42.383 28.036
0.0 100.0
17.239 35.427
70.343 70.43
66.465 67.011
74.188 68.724
71.033 60.928
40.797 29.131
0.0 100.0
0.0 100.0
72.995 64.293
52.952 26.778
69.659 74.214
0.0 100.0
56.681 41.047
64.318 56.877
11.852 49.79
70.105 74.514
0.0 100.0
19.275 43.478
34.398 44.272
20.536 33.932
37.614 22.68
0.0 100.0
19.389 45.573
42.211 9.572
56.211 10.947
58.864 22.841
0.0 100.0
0.0 100.0
31.109 42.178
30.605 62.07
51.003 10.405
77.341 53.382
69.229 67.227
0.0 100.0
20.263 57.244
0.0 100.0
69.343 57.185
48.85 20.772
0.0 100.0
27.26 49.023
0.0 100.0
0.0 100.0
14.415 50.646
41.087 15.703
0.0 100.0
65.962 42.365
74.354 83.791
33.134 19.156
70.535 89.199
23.946 42.134
45.938 13.335
0.0 100.0
0.0 100.0
18.646 48.813
57.481 70.409
42.73 32.544
57.391 26.731
0.0 100.0
56.923 6.09
51.222 22.164
53.486 47.809
0.0 100.0
0.0 100.0
46.365 33.308
66.356 55.962
34.703 63.889
66.474 69.1
47.495 19.579
76.671 71.173
5.788 41.695
74.184 65.051
24.443 45.458
60.447 69.221
42.2 20.745
58.324 34.303
14.48 48.326
18.463 53.925
24.118 56.056
66.252 70.231
52.561 31.654
80.151 64.37
28.347 21.11
0.0 100.0
0.0 100.0
61.972 20.778
65.243 28.467
0.0 100.0
0.0 100.0
62.341 31.311
74.779 58.657
66.371 66.173
46.568 29.169
33.127 52.227
73.923 62.459
0.0 100.0
66.96 72.293
80.034 80.292
25.031 59.456
55.643 29.274
0.0 100.0
67.467 28.741
53.586 54.729
25.444 57.476
56.621 31.54
20.785 60.438
0.0 100.0
50.738 18.581
0.0 100.0
62.996 35.847
53.495 70.799
38.919 20.702
68.447 24.294
0.0 100.0
17.808 52.955
67.422 37.482
65.573 86.497
64.169 26.355
77.332 76.194
63.417 22.428
49.15 18.637
26.925 45.283
27.508 36.645
0.0 100.0
72.064 27.69
18.498 49.513
0.0 100.0
49.899 21.437
57.987 34.27
0.0 100.0
0.0 100.0
66.548 73.444
31.588 10.834
15.221 48.642
68.849 37.943
26.55 37.962
0.0 100.0
79.294 64.344
60.88 29.5
20.922 63.779
81.214 49.598
46.018 14.832
0.0 100.0
0.0 100.0
4.076 49.334
0.0 100.0
58.692 53.893
23.737 41.007
70.116 64.666
13.27 60.894
19.288 66.31
54.909 30.999
0.0 100.0
88.042 61.07
37.05 20.588
0.0 100.0
61.755 28.747
19.994 48.913
23.35 38.305
61.679 59.852
9.813 48.387
52.956 31.655
23.216 43.108
23.419 48.87
79.064 59.287
76.253 63.37
35.096 24.373
16.129 63.557
0.0 100.0
36.346 33.465
51.44 30.258
0.0 100.0
34.921 36.456
77.073 42.101
51.016 14.953
20.073 53.085
23.131 46.308
77.239 69.853
19.504 57.294
68.851 29.263
15.998 57.161
58.203 43.637
63.441 67.434
57.289 23.567
79.47 18.02
55.385 35.589
0.0 100.0
63.869 33.645
0.0 100.0
0.0 100.0
21.149 44.642
40.732 25.103
51.567 46.878
44.013 25.255
25.1 51.678
35.191 30.326
0.0 100.0
58.205 61.496
78.171 74.3
50.984 17.982
34.774 52.437
0.0 100.0
43.196 19.803
0.0 100.0
64.091 34.384
69.329 39.285
17.535 50.042
33.403 42.348
28.492 45.965
71.988 70.481
67.931 29.699
0.0 100.0
49.517 20.933
41.376 4.912
60.059 40.844
66.528 27.568
45.112 26.148
20.888 52.922
41.989 33.84
65.842 65.867
77.893 61.868
0.0 100.0
56.583 36.15
0.0 100.0
33.198 22.219
66.034 43.211
20.968 46.138
63.357 76.61
70.215 69.318
75.909 66.025
53.788 22.381
17.23 48.844
23.345 25.039
56.354 56.442
53.016 34.799
15.136 38.525
65.364 66.961
65.778 77.647
0.0 100.0
71.416 58.526
64.188 69.879
46.577 23.585
31.108 59.072
47.251 31.333
43.621 32.256
0.0 100.0
63.588 61.953
34.424 51.542
0.0 100.0
86.311 85.821
34.563 15.134
0.0 100.0
21.142 44.619
57.492 3.647
66.925 10.371
48.621 38.695
38.958 18.912
59.763 38.929
24.52 16.925
24.204 55.738
0.0 100.0
62.248 74.082
75.948 58.277
0.0 100.0
48.982 18.476
72.541 62.72
85.773 79.431
0.0 100.0
23.649 44.222
61.26 48.546
30.288 54.999
25.389 53.54
41.075 1.531
60.231 56.759
35.454 15.159
70.105 28.257
51.027 22.967
72.739 26.952
53.164 32.196
52.113 23.815
34.282 54.774
26.944 18.99
41.538 28.783
71.948 25.799
82.779 71.823
71.223 33.585
54.257 35.424
69.456 61.47
0.0 100.0
32.678 25.919
63.411 59.359
13.023 40.948
16.409 51.594
25.262 37.835
18.246 59.156
51.783 27.017
61.669 66.54
0.0 100.0
78.807 68.542
43.635 39.469
45.752 29.986
21.777 49.306
48.184 10.077
70.442 65.068
32.957 33.735
62.189 43.283
58.537 16.434
9.277 30.765
0.0 100.0
40.212 14.425
39.638 18.186
47.848 19.782
0.0 100.0
71.848 55.798
65.038 17.789
45.233 23.45
69.956 71.417
60.03 32.662
72.284 59.735
65.879 36.211
56.888 42.481
60.086 46.053
27.293 14.302
0.0 100.0
25.779 47.235
65.192 27.953
55.435 33.658
21.522 43.904
65.564 74.918
45.877 9.437
60.171 67.849
60.84 34.579
53.892 44.838
56.536 35.283
72.677 27.626
17.188 57.411
23.467 54.692
66.503 56.757
0.0 100.0
55.829 34.289
45.827 33.244
72.762 63.15
63.663 29.641
0.0 100.0
46.864 21.711
35.735 22.161
33.575 48.503
0.0 100.0
37.611 10.306
42.559 27.39
50.479 15.871
65.564 31.2
9.813 60.85
29.215 55.169
0.0 100.0
7.044 61.921
14.595 60.83
32.625 28.159
0.0 100.0
0.0 100.0
22.215 39.787
24.45 43.987
27.349 56.317
25.468 64.689
34.952 34.723
0.0 100.0
30.585 33.928
0.0 100.0
46.207 21.805
27.993 42.506
57.381 47.842
0.0 100.0
58.81 31.839
67.07 65.972
47.865 25.742
39.431 34.67
10.347 49.387
63.185 65.817
23.985 45.093
21.819 49.069
56.955 80.429
0.0 100.0
45.582 20.331
61.631 64.699
0.0 100.0
46.395 13.602
64.056 63.566
0.0 100.0
21.476 71.186
56.606 35.726
75.15 77.148
47.219 9.119
52.911 45.582
0.0 100.0
34.465 32.325
16.822 43.97
17.586 36.21
82.846 64.252
39.058 21.881
43.316 14.291
34.47 17.756
0.0 100.0
74.202 73.18
62.751 67.937
13.311 48.727
63.415 22.715
45.793 18.106
0.0 100.0
0.0 100.0
53.32 9.207
0.0 100.0
56.243 50.09
46.457 21.035
63.429 55.064
22.333 33.337
0.0 100.0
51.856 17.228
58.628 10.343
0.0 100.0
56.024 43.334
44.286 15.568
38.468 26.377
59.444 56.348
62.685 16.748
0.0 100.0
0.0 100.0
69.103 61.372
62.041 38.64
60.694 37.663
0.0 100.0
70.762 20.841
61.287 47.068
57.9 33.762
74.208 68.146
83.885 74.802
68.841 38.777
64.228 29.252
34.74 27.804
58.084 36.188
68.116 65.883
0.0 100.0
67.324 31.52
34.013 50.009
50.087 33.648
74.033 76.003
72.297 58.488
69.74 27.679
65.493 80.289
0.0 100.0
0.0 100.0
39.712 22.644
0.0 100.0
33.839 41.735
16.603 59.809
61.826 34.189
50.315 27.543
49.528 13.225
0.0 100.0
63.887 78.863
73.552 65.122
56.877 40.544
25.572 41.152
28.821 27.699
15.965 49.827
29.552 52.109
24.554 48.333
67.215 77.25
84.059 33.918
62.433 30.206
79.208 48.767
74.602 65.143
0.0 100.0
70.522 69.26
67.626 61.928
28.93 12.563
0.0 100.0
60.282 57.236
0.0 100.0
63.47 54.377
59.242 54.372
18.351 38.898
26.179 55.903
19.59 40.346
73.984 58.543
72.218 27.063
0.0 100.0
61.259 24.289
34.961 24.286
0.0 100.0
60.727 34.262
31.372 63.329
72.485 78.616
29.676 46.023
60.718 68.956
0.0 100.0
73.698 63.586
0.0 100.0
32.935 48.475
30.591 41.66
57.002 35.503
0.0 100.0
10.483 47.384
16.046 55.027
44.98 20.45
17.315 52.046
30.071 11.524
14.978 55.512
56.556 19.094
38.262 54.151
72.352 76.43
0.0 100.0
35.012 57.266
31.5 53.595
55.512 9.754
54.331 16.34
60.398 41.467
27.361 43.51
0.0 100.0
26.138 52.529
38.067 47.503
14.119 43.806
47.059 57.778
0.0 100.0
53.988 20.763
55.652 20.429
20.663 56.971
76.852 77.828
0.0 100.0
66.929 73.145
0.0 100.0
35.372 23.338
71.18 63.488
17.971 59.926
0.0 100.0
20.01 53.164
51.769 25.328
23.315 41.453
0.0 100.0
42.07 24.09
75.918 28.801
61.01 26.837
12.128 35.35
0.0 100.0
0.0 100.0
65.358 27.467
39.893 20.04
51.986 32.366
0.0 100.0
0.0 100.0
0.0 100.0
28.431 49.558
64.719 38.78
66.727 35.408
38.238 18.797
26.923 49.89
64.572 37.763
49.642 19.542
18.082 48.709
0.0 100.0
31.602 47.892
0.0 100.0
24.867 66.755
62.848 62.548
37.225 19.848
0.0 100.0
13.629 63.106
22.617 59.904
72.094 51.835
79.391 63.071
80.375 62.334
15.495 39.573
67.346 32.489
20.319 46.668
61.898 22.408
19.425 59.53
61.997 71.986
66.094 41.894
0.0 100.0
63.364 31.487
48.996 22.343
37.358 17.823
37.832 22.525
31.344 54.363
0.0 100.0
27.042 31.743
0.0 100.0
71.046 74.155
21.897 35.607
60.747 81.747
0.0 100.0
25.537 55.177
0.0 100.0
0.0 100.0
64.449 35.623
43.462 20.744
0.0 100.0
13.512 55.946
0.0 100.0
69.592 30.308
56.073 23.023
33.408 43.557
0.0 100.0
5.744 53.169
35.13 23.256
61.302 28.335
33.367 24.966
76.372 75.566
52.614 28.232
65.225 70.346
17.957 34.994
58.305 41.868
56.725 67.345
49.887 43.656
30.032 62.454
68.711 59.055
52.763 28.321
82.014 24.522
68.481 28.113
37.132 22.872
24.628 46.765
82.369 39.233
59.973 49.842
21.166 60.884
71.421 31.143
85.428 49.785
49.895 29.853
0.0 100.0
58.839 34.589
49.929 18.571
68.985 61.614
58.582 31.878
78.688 71.504
59.767 34.037
81.405 53.175
64.945 32.264
71.66 64.094
0.0 100.0
14.986 43.866
45.316 12.893
30.768 16.522
29.7 48.912
59.368 91.898
24.023 33.48
0.0 100.0
42.983 17.184
18.701 58.769
0.0 100.0
28.91 45.846
30.337 44.554
84.268 71.047
62.489 39.593
0.0 100.0
17.91 53.761
61.869 33.037
0.0 100.0
26.386 35.635
43.607 12.157
15.411 67.225
78.368 79.791
59.87 59.083
76.764 66.963
72.861 78.271
77.153 64.929
0.0 100.0
22.22 47.898
49.607 38.942
0.0 100.0
74.908 26.79
48.006 14.353
17.066 44.41
0.0 100.0
0.0 100.0
62.749 78.275
68.395 24.383
21.205 43.989
56.248 35.148
77.418 59.521
50.537 23.917
15.545 41.324
67.977 85.822
70.693 29.173
37.366 51.467
29.653 49.192
43.462 41.135
47.465 27.565
61.818 24.185
12.229 49.521
0.0 100.0
37.862 64.038
61.7 34.184
35.214 26.448
22.892 50.078
62.807 20.524
28.921 18.438
24.889 45.683
44.849 9.953
68.622 38.196
75.726 75.914
38.292 20.63
81.57 43.092
68.583 60.648
74.37 35.218
24.84 13.437
68.026 27.871
61.374 34.822
30.934 50.866
39.318 21.091
0.527 48.511
67.468 26.636
71.248 73.798
41.545 28.691
0.558 49.424
68.658 39.552
0.0 100.0
0.0 100.0
46.146 42.764
36.14 24.628
70.256 35.396
0.0 100.0
63.952 36.964
25.633 39.873
32.427 53.376
30.979 60.191
40.115 18.218
55.971 11.469
66.161 68.702
61.058 24.099
48.37 13.603
22.771 39.286
46.062 33.131
49.084 27.773
27.134 15.629
0.0 100.0
56.853 18.693
0.0 100.0
68.37 27.056
43.612 1.905
57.745 66.091
59.923 38.931
10.748 51.833
69.724 55.805
0.0 100.0
77.663 68.551
34.384 31.916
82.318 61.428
48.312 24.377
0.0 100.0
67.243 24.414
47.063 18.461
63.404 61.36
62.703 52.071
48.447 30.556
75.925 74.469
74.557 33.944
0.0 100.0
52.346 22.742
0.0 100.0
58.942 15.509
56.19 41.853
0.0 100.0
47.406 2.25
66.925 73.292
42.675 24.943
53.631 26.689
47.381 8.794
66.957 76.86
63.121 18.369
65.36 63.462
50.316 23.41
0.0 100.0
65.199 40.977
47.044 34.142
68.839 78.499
0.0 100.0
61.339 45.234
58.784 39.301
71.429 64.444
0.0 100.0
71.977 63.416
46.764 93.411
61.342 40.46
55.188 37.441
53.236 33.912
0.0 100.0
60.726 40.456
22.723 55.468
0.0 100.0
62.006 25.034
18.901 61.43
71.316 33.529
67.035 78.736
39.049 24.676
0.0 100.0
56.775 34.117
0.0 100.0
47.452 19.611
29.262 49.329
37.197 15.634
63.961 25.013
52.673 30.463
7.186 63.177
45.2 11.508
62.845 32.979
27.621 43.235
76.384 67.445
33.884 24.783
0.0 100.0
0.0 100.0
60.222 30.658
41.436 9.011
66.414 48.932
31.437 19.459
63.484 57.888
24.708 37.918
61.044 33.063
0.0 100.0
48.034 18.709
74.785 84.893
26.525 17.448
57.996 44.242
0.0 100.0
77.435 70.324
15.404 46.712
43.225 15.556
0.0 100.0
47.773 18.082
15.522 48.213
46.797 41.497
66.03 71.526
35.243 49.947
83.588 77.79
24.468 59.193
30.689 54.011
43.797 29.903
38.342 19.93
14.091 51.74
51.013 4.344
90.807 61.945
42.308 19.184
50.304 45.871
67.331 39.961
0.0 100.0
50.148 26.1
0.0 100.0
49.202 14.023
0.0 100.0
74.278 8.502
11.134 55.467
52.67 36.215
69.008 74.9
0.0 100.0
79.791 55.453
0.0 100.0
61.765 52.401
52.132 26.822
54.19 28.912
61.081 60.269
0.0 100.0
20.048 66.662
65.787 26.351
31.854 61.522
10.884 47.275
25.011 58.979
0.0 100.0
15.671 43.846
60.688 44.329
69.116 56.719
68.983 62.945
62.444 34.189
57.964 66.588
19.001 55.267
72.195 41.004
0.0 100.0
35.44 26.222
0.0 100.0
78.324 67.812
68.654 66.603
30.168 50.833
56.191 39.762
63.25 42.472
69.974 80.768
57.343 27.718
0.0 100.0
7.765 49.357
0.0 100.0
58.106 15.407
55.952 32.704
44.046 26.016
63.258 58.845
57.195 27.081
56.585 27.842
86.89 64.438
11.451 44.613
34.504 16.132
7.437 51.99
45.495 17.085
37.746 50.015
80.339 60.838
72.437 65.158
26.173 56.576
48.131 13.793
0.0 100.0
38.819 18.593
37.151 10.71
54.989 24.217
47.252 15.064
56.764 37.643
47.612 40.168
27.943 33.717
0.0 100.0
65.44 65.274
0.0 100.0
57.119 26.683
65.039 59.589
0.0 100.0
26.44 50.696
79.613 64.644
52.85 6.875
12.132 57.492
32.75 63.869
0.0 100.0
30.583 23.059
0.0 100.0
73.055 75.455
55.407 19.827
65.036 68.214
0.0 100.0
48.4 28.013
66.383 37.392
30.95 51.073
60.584 27.038
0.0 100.0
39.608 17.848
58.371 35.61
71.007 57.581
36.468 14.622
46.503 20.201
67.08 28.121
70.442 64.488
35.059 31.004
0.0 100.0
66.032 30.996
70.626 79.38
22.925 53.527
25.224 43.353
0.0 100.0
66.697 79.321
16.314 58.245
66.554 82.075
71.346 79.108
0.0 100.0
57.549 18.734
22.637 45.819
61.618 38.122
57.024 37.714
0.0 100.0
79.869 59.717
44.346 4.874
23.23 45.941
39.725 18.4
70.439 37.218
61.25 23.077
0.0 100.0
52.122 24.569
37.414 24.522
83.323 70.793
74.23 73.356
0.0 100.0
19.82 52.191
63.479 39.884
68.304 31.518
73.174 21.186
19.173 53.468
64.691 26.527
46.968 35.245
63.149 61.769
18.883 61.095
30.526 73.43
54.349 15.469
56.565 29.41
56.392 47.633
70.956 75.623
17.351 57.303
61.259 57.892
42.967 27.304
19.173 55.901
70.578 67.097
61.225 45.94
0.0 100.0
21.552 47.385
27.462 45.428
75.074 69.88
20.576 53.003
68.78 65.84
25.685 31.757
29.684 22.965
0.0 100.0
35.863 55.071
22.813 52.888
44.235 40.919
70.845 27.712
79.502 75.675
0.0 100.0
62.506 46.536
38.397 17.717
40.557 21.502
31.139 27.511
14.273 54.201
0.0 100.0
50.739 10.446
0.0 100.0
58.704 50.043
57.778 18.238
0.0 100.0
55.464 62.91
57.015 27.631
73.902 75.579
46.163 31.881
29.171 46.905
54.289 17.714
34.699 22.238
15.796 60.947
0.0 100.0
62.072 36.403
0.0 100.0
52.592 26.16
71.615 23.999
0.0 100.0
0.0 100.0
72.458 77.926
41.121 13.932
0.0 100.0
81.301 69.073
44.137 29.1
80.865 64.796
54.953 33.835
30.609 54.584
22.657 54.781
63.105 31.46
0.0 100.0
74.324 43.059
11.297 11.783
28.003 51.496
16.798 57.748
58.63 23.734
57.689 65.533
58.168 27.82
17.875 62.24
7.545 55.32
0.0 100.0
52.713 23.119
72.42 28.03
16.486 49.676
0.0 100.0
0.0 100.0
70.455 83.414
70.113 28.501
60.344 23.954
63.467 39.383
61.073 46.865
0.0 100.0
56.972 34.462
69.478 47.368
28.86 50.01
12.94 60.379
0.0 100.0
11.715 53.306
61.083 32.47
67.861 64.221
22.067 51.958
44.895 28.59
55.908 34.421
22.111 64.663
0.0 100.0
56.935 28.589
75.217 58.611
0.0 100.0
29.561 66.084
54.383 54.048
52.39 40.816
62.984 70.028
46.154 15.769
0.0 100.0
68.057 23.985
59.358 47.756
0.0 100.0
72.588 86.145
73.63 71.036
0.0 100.0
45.92 10.345
0.0 100.0
37.841 37.004
0.0 100.0
50.547 33.621
59.252 28.574
0.0 100.0
12.338 47.564
78.36 33.396
79.945 72.89
63.958 32.851
18.487 44.079
64.88 46.875
54.201 62.066
15.13 41.856
36.418 43.689
55.063 34.732
52.788 29.225
0.0 100.0
43.73 34.544
67.35 65.562
45.584 31.943
67.531 46.415
0.0 100.0
27.659 12.638
63.379 65.487
23.52 32.095
47.557 18.799
52.154 24.159
0.0 100.0
12.363 56.363
40.168 43.568
77.686 55.185
53.425 41.36
28.103 98.244
41.842 27.916
56.302 42.341
69.359 41.142
13.836 58.859
59.579 18.167
21.713 38.993
25.182 37.699
57.145 40.012
64.463 29.716
0.0 100.0
29.357 49.06
18.09 48.898
38.642 16.713
74.372 65.807
69.487 35.341
0.0 100.0
46.126 20.845
62.221 38.65
69.82 79.461
0.0 100.0
0.0 100.0
27.491 59.967
38.443 23.166
73.062 73.451
0.0 100.0
77.689 62.355
65.696 62.639
49.056 25.966
82.37 56.36
77.482 74.326
0.0 100.0
83.238 65.894
67.796 86.552
0.0 100.0
54.798 29.285
29.212 43.567
22.841 45.199
69.398 59.46
54.897 25.436
0.0 100.0
72.028 78.555
19.969 41.725
40.701 15.124
0.0 100.0
68.519 63.642
46.047 25.571
0.0 100.0
67.379 69.703
0.0 100.0
31.612 50.538
50.063 20.584
53.808 30.705
36.029 36.672
26.348 57.999
20.612 49.671
65.611 26.903
38.248 35.153
75.462 29.984
25.203 45.61
51.735 11.951
51.788 23.659
52.168 18.7
0.0 100.0
41.54 30.844
24.796 52.387
57.957 75.75
37.032 17.351
24.429 21.873
39.787 16.16
32.945 10.944
0.0 100.0
48.854 33.18
31.744 47.364
57.029 36.224
0.0 100.0
0.0 100.0
0.0 100.0
79.683 52.176
0.0 100.0
0.0 100.0
53.955 16.732
46.819 32.105
30.325 50.6
55.483 31.937
37.365 5.864
0.0 100.0
36.839 25.34
0.0 100.0
68.152 28.975
0.0 100.0
72.341 75.022
78.511 51.465
73.552 45.781
75.738 71.114
40.373 14.079
73.212 47.156
69.853 67.727
12.23 35.091
72.782 67.987
22.538 47.859
15.469 52.096
85.613 55.327
0.0 100.0
64.772 37.622
89.993 59.618
0.0 100.0
65.93 62.502
76.511 45.782
23.063 68.165
17.018 47.427
39.733 30.429
79.371 59.814
57.127 28.716
71.761 65.644
0.0 100.0
67.97 81.774
77.24 67.004
72.066 61.973
17.586 50.339
44.277 4.153
63.917 61.343
32.464 35.754
65.728 69.906
59.686 12.598
51.251 21.692
48.53 38.684
59.28 56.311
73.457 77.136
57.041 68.143
59.145 34.702
56.305 29.532
0.0 100.0
0.0 100.0
71.198 66.052
22.259 42.464
23.728 46.363
12.111 48.137
28.326 62.473
37.559 17.478
30.39 52.947
0.0 100.0
0.0 100.0
44.383 2.081
0.0 100.0
68.241 67.441
44.466 28.127
0.0 100.0
71.159 64.153
33.461 57.542
16.326 49.649
71.969 69.482
85.35 60.286
56.127 6.055
55.246 30.134
71.342 34.127
0.0 100.0
0.0 100.0
17.693 51.548
69.474 24.398
30.669 37.29
48.051 27.056
55.921 24.446
0.0 100.0
33.71 20.309
15.032 51.532
49.263 26.52
70.194 62.887
54.154 29.463
82.16 61.562
0.0 100.0
59.134 36.507
21.022 47.518
0.0 100.0
13.394 53.526
35.714 47.064
46.726 13.423
59.581 29.91
0.0 100.0
60.903 32.872
64.376 22.98
56.347 12.081
66.526 70.914
38.862 7.619
65.159 27.731
62.132 13.721
61.984 57.142
31.91 53.511
29.267 56.442
70.034 46.679
37.098 21.086
0.0 100.0
0.0 100.0
43.614 11.355
60.42 27.5
0.0 100.0
80.953 59.848
0.0 100.0
69.154 61.731
49.049 16.19
0.0 100.0
64.838 71.193
55.65 69.005
0.0 100.0
0.0 100.0
32.882 24.554
37.212 57.392
40.58 34.909
57.956 73.819
64.454 75.839
29.053 55.345
9.523 51.476
48.747 20.615
0.0 100.0
22.989 55.16
23.936 48.409
45.684 28.147
0.0 100.0
0.0 100.0
84.064 60.993
56.397 43.921
50.039 16.386
0.0 100.0
52.85 24.313
55.663 13.375
32.221 18.544
0.0 100.0
22.839 43.108
29.705 35.898
0.0 100.0
45.618 25.755
27.642 55.96
36.075 49.474
30.384 57.361
84.858 49.018
27.04 54.103
34.909 28.382
19.125 55.451
63.866 23.187
82.418 56.109
44.739 28.609
31.299 44.247
77.355 61.455
64.945 72.558
77.979 71.046
69.861 33.704
23.763 46.292
0.0 100.0
45.153 25.88
22.622 39.853
57.421 34.65
18.186 48.756
0.0 100.0
75.915 73.153
49.615 12.977
46.487 27.014
69.503 67.675
26.197 54.871
63.7 48.682
20.052 56.77
66.523 72.251
70.834 58.734
18.807 54.084
9.372 48.346
0.0 100.0
58.885 33.345
71.666 41.219
76.041 75.438
0.0 100.0
72.146 82.873
48.985 21.095
11.251 54.438
53.758 35.758
0.0 100.0
66.372 74.617
72.851 64.728
54.366 37.376
72.348 66.85
58.506 32.346
61.809 72.046
46.63 11.283
0.0 100.0
59.037 70.769
0.0 100.0
71.441 31.754
29.492 50.355
51.634 15.542
59.24 40.974
54.067 33.495
0.0 100.0
0.0 100.0
65.938 62.901
0.0 100.0
0.0 100.0
28.544 24.026
55.736 37.796
27.421 47.879
17.518 34.914
19.102 68.452
43.444 18.787
0.0 100.0
20.483 46.766
0.0 100.0
38.982 19.842
73.056 70.078
48.445 6.642
64.829 71.656
0.0 100.0
54.044 21.786
28.234 41.051
50.248 66.139
33.449 10.395
68.909 60.417
64.47 73.556
72.44 54.698
44.557 2.166
0.0 100.0
62.727 41.46
59.523 30.902
56.649 41.189
15.87 48.837
70.782 73.468
31.738 12.136
42.607 18.019
75.116 82.2
52.885 14.581
0.0 100.0
93.592 70.395
39.822 46.74
38.508 24.81
0.0 100.0
72.881 69.71
63.291 20.535
0.0 100.0
14.231 47.793
45.722 15.894
21.837 49.153
47.936 34.381
54.084 62.634
60.601 61.176
75.121 53.235
0.0 100.0
35.349 41.003
0.0 100.0
58.707 8.56
22.745 51.386
75.466 69.123
68.716 25.911
21.74 38.049
71.778 66.096
59.827 75.978
0.0 100.0
0.0 100.0
0.0 100.0
21.796 46.713
0.0 100.0
57.906 82.041
66.207 29.274
66.055 75.069
94.896 51.315
19.472 47.868
0.0 100.0
0.0 100.0
27.836 56.851
61.139 24.883
42.979 3.647
21.186 43.362
9.926 46.989
32.09 21.386
49.014 30.714
62.914 69.025
0.0 100.0
40.201 14.352
70.987 79.419
60.642 35.057
0.0 100.0
49.145 8.97
64.758 86.461
38.928 33.429
63.325 27.245
46.85 17.05
0.0 100.0
20.417 53.868
62.452 28.423
22.844 70.008
64.717 34.84
40.265 22.616
46.499 20.488
0.0 100.0
0.0 100.0
50.635 40.393
0.0 100.0
27.609 56.876
46.915 21.032
71.599 23.203
0.0 100.0
0.0 100.0
54.62 22.514
61.662 29.263
17.604 51.319
23.596 41.058
27.424 65.465
29.271 48.133
27.716 14.991
0.0 100.0
29.433 43.986
37.511 56.578
70.838 71.836
66.565 70.406
77.869 28.58
61.447 34.84
69.189 74.509
61.649 23.021
69.496 62.06
46.489 34.392
0.0 100.0
72.454 76.755
45.68 28.846
47.718 34.108
50.792 34.007
41.516 11.76
71.538 79.084
0.0 100.0
47.564 15.712
61.844 47.299
29.714 48.044
34.565 39.355
45.857 26.594
70.591 30.329
57.466 21.114
0.0 100.0
71.969 23.087
63.139 11.665
30.263 47.962
0.0 100.0
59.679 32.289
28.499 25.379
0.0 100.0
28.162 50.447
60.292 74.508
64.568 65.383
0.0 100.0
74.647 44.691
23.102 57.349
61.585 33.728
63.518 67.436
65.815 71.999
20.073 24.268
71.466 82.404
33.628 33.703
63.419 73.791
53.663 8.457
19.016 38.905
52.595 35.18
51.324 33.513
63.174 67.989
14.227 45.928
0.0 100.0
47.798 15.484
68.2 78.158
40.035 38.896
27.456 42.901
0.0 100.0
69.705 71.783
79.736 62.885
73.703 63.74
69.801 69.14
69.173 61.685
68.97 25.445
19.87 48.718
27.475 48.743
0.0 100.0
0.0 100.0
29.603 20.744
36.443 25.977
33.657 31.16
72.945 68.095
60.335 63.679
45.288 21.401
44.167 24.408
78.569 66.171
0.0 100.0
65.756 73.17
19.433 46.504
75.777 41.99
65.855 21.843
47.193 23.614
61.605 75.881
76.464 62.416
46.874 30.339
66.923 34.813
0.0 100.0
0.0 100.0
46.926 26.096
15.036 57.787
26.446 65.521
42.164 24.534
77.596 51.12
28.369 61.722
0.0 100.0
0.0 100.0
62.429 66.622
0.0 100.0
0.0 100.0
55.365 17.769
0.0 100.0
39.414 19.889
67.424 30.462
72.632 69.395
0.0 100.0
15.839 42.35
0.0 100.0
53.672 34.657
67.029 38.656
41.069 27.075
68.771 70.925
0.0 100.0
40.289 19.399
81.152 62.408
0.0 100.0
37.307 33.291
0.0 100.0
39.041 30.238
80.092 67.152
56.846 61.909
55.54 16.126
44.115 0.386
42.506 5.753
34.262 35.216
41.478 24.348
41.038 19.573
63.691 55.891
62.158 72.622
0.0 100.0
0.0 100.0
56.335 20.463
54.63 40.018
46.766 21.47
0.0 100.0
34.055 25.321
41.532 29.635
53.016 55.948
40.451 27.166
33.281 16.492
51.745 23.484
58.908 23.343
0.0 100.0
58.055 18.566
52.919 28.648
0.0 100.0
14.22 57.5
27.877 47.587
0.0 100.0
25.469 54.784
60.69 71.084
57.915 47.398
0.0 100.0
28.346 13.642
69.945 73.5
35.043 24.127
0.0 100.0
59.122 35.576
52.0 26.931
41.32 18.664
0.0 100.0
67.438 69.679
37.193 30.369
15.641 59.044
0.0 100.0
63.45 39.643
21.472 39.509
68.417 64.013
51.26 28.098
24.68 43.794
0.0 100.0
73.786 21.928
66.231 28.146
52.153 19.181
55.939 76.726
76.568 71.693
61.344 65.642
0.0 100.0
65.936 17.438
21.278 66.006
0.0 100.0
0.0 100.0
52.317 36.39
0.0 100.0
73.838 60.601
26.13 40.299
52.201 17.222
51.422 34.005
17.714 55.737
41.746 19.7
55.063 69.413
0.0 100.0
58.568 66.79
62.158 28.519
0.0 100.0
57.222 40.682
69.629 33.516
41.975 21.185
45.839 12.069
69.449 21.849
0.0 100.0
0.0 100.0
42.915 31.73
60.511 73.787
0.0 100.0
45.808 19.161
37.864 25.038
16.961 58.101
68.195 57.446
65.211 70.196
81.418 68.84
11.664 59.983
0.0 100.0
27.636 46.006
57.056 37.025
45.002 7.329
0.0 100.0
17.527 65.943
71.755 63.2
64.559 58.025
0.0 100.0
78.389 72.36
65.982 63.969
76.517 51.956
80.268 39.825
0.0 100.0
31.927 51.038
0.0 100.0
64.429 40.194
0.0 100.0
89.627 48.724
61.178 67.058
32.504 17.03
53.631 15.678
0.0 100.0
15.602 54.827
44.815 26.361
46.498 23.099
28.858 55.807
16.146 47.907
18.657 17.418
68.775 75.475
67.693 66.402
71.004 59.891
0.0 100.0
65.896 36.852
41.006 27.755
39.591 53.434
89.088 67.067
0.0 100.0
11.513 45.348
46.751 15.929
0.0 100.0
15.082 53.266
29.549 12.011
74.011 69.192
55.771 39.014
45.013 23.804
0.0 100.0
29.101 19.187
30.056 47.364
71.19 35.664
55.771 33.893
0.0 100.0
0.0 100.0
61.462 20.058
0.0 100.0
18.671 52.145
62.443 77.518
70.109 56.595
74.855 72.15
61.935 74.073
23.996 63.522
34.406 22.015
37.821 44.694
0.0 100.0
0.0 100.0
71.135 66.789
0.0 100.0
0.0 100.0
48.038 19.691
66.571 58.685
37.661 3.009
0.0 100.0
23.138 58.72
46.339 15.801
20.179 64.512
36.965 61.002
66.647 40.712
48.243 8.844
71.39 61.146
43.668 25.075
0.0 100.0
48.706 29.697
64.009 42.172
66.604 63.398
0.0 100.0
0.0 100.0
0.0 100.0
50.368 33.933
52.55 44.887
48.621 55.029
81.8 48.304
26.818 53.128
22.271 47.139
30.635 24.097
19.66 47.198
25.011 47.117
0.0 100.0
0.0 100.0
37.054 38.513
75.636 39.25
64.03 23.249
58.94 32.217
56.602 13.975
74.805 58.476
63.132 41.173
65.474 27.545
73.387 62.29
72.951 68.69
0.0 100.0
80.636 60.666
60.284 43.057
41.86 16.094
70.803 57.615
17.658 45.994
0.0 100.0
18.23 52.223
14.317 71.445
0.0 100.0
62.474 48.581
20.83 48.708
0.0 100.0
61.721 64.901
45.538 23.755
18.543 56.547
50.899 46.302
0.0 100.0
64.789 40.84
51.788 28.812
23.394 54.176
0.0 100.0
60.726 38.244
33.641 33.943
18.059 44.057
41.971 10.074
41.325 20.701
0.0 100.0
0.0 100.0
68.233 61.152
17.353 53.471
58.834 60.593
48.731 21.871
21.339 49.555
53.656 9.912
24.157 52.795
42.531 34.187
56.194 19.602
85.806 41.991
51.824 32.061
63.67 71.071
32.578 25.569
0.0 100.0
45.024 15.127
16.5 54.26
0.0 100.0
17.565 38.479
71.847 58.337
70.616 80.995
54.865 33.955
27.704 60.385
19.02 45.702
38.688 17.053
34.362 55.601
83.054 61.423
39.568 15.943
0.0 100.0
0.0 100.0
32.6 26.649
19.592 48.348
63.493 37.262
0.0 100.0
56.439 19.818
47.823 25.402
13.834 51.389
69.957 61.357
72.612 28.121
53.696 3.309
74.653 70.819
30.752 54.673
69.489 55.596
38.558 28.253
21.391 55.876
44.868 23.611
0.0 100.0
75.74 62.386
30.575 47.044
57.44 21.467
81.631 64.587
0.0 100.0
65.848 32.454
38.994 19.105
33.937 15.495
0.0 100.0
32.596 48.649
28.181 54.154
65.225 85.356
4.906 52.753
25.94 41.636
52.019 10.687
84.101 71.404
0.0 100.0
68.703 67.832
57.944 29.108
40.16 40.206
92.875 70.014
0.0 100.0
4.067 58.147
0.0 100.0
63.722 23.324
44.829 22.757
0.0 100.0
38.311 21.403
25.886 36.231
0.0 100.0
76.411 70.458
0.0 100.0
0.0 100.0
79.961 52.868
19.677 35.68
66.575 65.886
0.0 100.0
33.304 58.422
29.867 51.445
24.115 50.658
53.036 19.676
88.705 71.505
56.239 32.78
39.971 22.65
61.393 29.046
0.0 100.0
54.61 38.133
28.099 49.698
54.695 48.325
68.191 59.962
31.609 13.736
71.81 80.597
80.933 71.762
58.792 74.978
0.0 100.0
23.412 64.164
51.981 24.193
45.882 19.38
61.967 50.028
62.678 29.281
53.8 3.708
32.745 13.051
17.831 52.182
33.776 41.85
0.0 100.0
58.179 26.338
0.0 100.0
0.0 100.0
0.0 100.0
54.773 36.916
64.083 32.258
20.213 42.669
71.082 52.892
0.0 100.0
0.0 100.0
60.368 82.559
44.057 27.364
0.0 100.0
0.0 100.0
0.0 100.0
46.482 10.452
43.835 18.537
27.339 43.619
37.995 16.33
64.679 24.939
69.064 61.027
0.0 100.0
52.172 29.46
71.725 39.151
49.652 19.063
12.462 44.806
43.058 15.477
0.0 100.0
70.334 65.893
13.64 63.907
47.11 22.656
14.679 47.094
65.251 35.356
30.119 17.351
46.967 22.0
37.715 58.718
54.117 66.066
23.717 39.304
81.205 71.008
74.249 71.79
57.604 74.163
16.412 46.319
36.947 62.033
82.388 60.514
73.289 78.122
0.0 100.0
55.381 29.122
20.073 58.107
61.147 20.477
62.466 39.171
0.0 100.0
0.0 100.0
0.0 100.0
0.0 100.0
32.199 20.185
68.731 66.281
30.591 58.284
39.535 13.833
58.472 52.737
0.0 100.0
0.0 100.0
66.575 75.61
68.507 68.836
0.0 100.0
49.799 31.627
28.683 59.155
19.116 74.4
64.347 22.827
53.484 58.265
46.101 19.789
59.077 69.992
17.939 45.317
72.21 70.962
34.254 23.771
50.459 27.303
17.621 42.712
52.799 32.383
68.639 58.548
0.0 100.0
0.0 100.0
64.976 8.451
38.252 36.315
71.901 65.569
61.486 20.973
0.0 100.0
0.0 100.0
63.959 80.437
39.544 28.099
0.0 100.0
69.888 82.991
9.496 35.149
17.627 55.875
67.399 65.652
22.63 53.07
66.016 33.689
28.968 34.936
0.0 100.0
66.331 25.531
50.985 40.674
61.017 42.52
51.764 16.922
0.0 100.0
66.512 66.997
56.527 22.615
29.651 49.016
69.232 72.475
74.758 64.498
63.578 74.281
56.721 36.437
64.421 62.915
7.39 53.607
20.439 32.882
0.0 100.0
66.182 70.818
52.186 21.073
21.607 63.621
75.267 72.524
7.614 44.533
30.155 71.062
19.357 58.061
36.99 28.234
40.02 20.939
44.723 7.575
0.0 100.0
26.882 60.407
52.604 72.392
52.118 75.076
65.146 38.785
0.0 100.0
20.112 58.697
36.443 24.271
55.773 34.711
26.665 49.012
63.918 35.863
51.629 36.06
0.0 100.0
0.0 100.0
55.033 18.319
0.0 100.0
50.894 9.581
35.618 19.083
33.568 54.966
0.0 100.0
63.718 34.073
43.931 31.11
0.0 100.0
59.171 33.678
0.0 100.0
64.196 63.19
0.0 100.0
64.974 77.991
23.512 40.287
77.18 77.128
64.918 49.313
17.354 43.444
67.764 20.406
55.434 32.832
26.241 52.605
0.0 100.0
0.0 100.0
48.523 22.659
68.996 33.285
0.0 100.0
58.254 8.003
38.303 18.998
0.0 100.0
64.979 34.507
0.0 100.0
73.714 75.582
52.577 29.564
42.984 24.826
65.223 29.282
70.704 49.451
75.617 59.531
21.232 60.905
66.808 19.675
76.981 74.263
63.282 66.335
38.534 30.21
67.582 68.508
61.011 21.278
0.0 100.0
65.458 54.531
61.707 38.544
41.399 18.312
79.172 61.276
54.381 27.823
14.243 50.5
0.0 100.0
44.219 22.348
76.871 59.764
40.927 24.886
0.0 100.0
32.563 39.862
56.285 18.311
62.616 54.706
56.441 18.59
60.055 36.731
68.569 66.571
57.636 16.851
0.0 100.0
0.0 100.0
49.015 39.327
31.571 44.303
60.245 28.737
63.005 76.827
58.099 27.155
57.62 38.702
26.22 42.963
62.823 39.052
25.584 61.686
54.704 19.956
63.236 74.686
0.0 100.0
46.504 18.357
58.47 86.118
15.968 53.495
54.422 22.059
39.413 24.512
77.06 65.828
32.872 49.346
27.378 56.332
79.214 66.173
59.654 49.889
46.107 38.297
60.576 58.39
43.987 19.059
62.758 66.142
0.0 100.0
0.0 100.0
68.989 50.606
39.801 27.486
58.263 35.034
0.0 100.0
47.531 25.841
45.093 43.377
37.768 10.683
59.875 46.111
35.452 14.984
73.945 73.097
68.83 26.055
64.529 76.259
70.478 75.583
20.458 52.435
65.497 59.56
16.857 43.197
71.093 83.152
25.424 48.783
58.83 30.773
0.0 100.0
17.203 54.549
12.102 55.81
82.183 42.813
74.795 55.313
72.696 71.732
20.033 42.477
35.805 11.936
49.51 49.102
48.957 18.301
39.55 23.813
32.007 1.521
36.889 74.114
0.0 100.0
52.846 44.477
33.344 48.345
0.0 100.0
73.032 51.701
64.626 49.248
69.717 54.73
68.995 63.499
82.14 57.142
66.499 65.005
61.442 64.238
62.325 69.39
20.006 51.425
0.0 100.0
59.428 21.194
70.797 28.397
52.973 25.876
25.355 34.8
47.59 46.266
0.0 100.0
21.765 50.968
0.0 100.0
56.818 44.062
77.254 80.872
55.174 23.914
76.08 62.684
51.406 66.41
48.559 22.252
29.313 22.777
0.0 100.0
78.304 62.16
60.816 29.163
55.952 27.119
0.0 100.0
0.0 100.0
68.405 75.096
69.424 35.437
0.0 100.0
65.153 31.589
35.473 8.134
73.009 47.98
0.0 100.0
55.767 33.594
0.0 100.0
77.811 28.686
0.0 100.0
28.24 17.554
61.284 65.34
64.233 43.015
57.773 37.252
0.0 100.0
68.499 70.412
0.0 100.0
50.555 19.979
0.0 100.0
75.336 75.384
0.0 100.0
38.183 17.94
51.865 22.647
57.819 59.841
79.56 68.102
29.974 50.954
68.342 70.732
64.867 27.164
0.0 100.0
42.935 12.334
7.407 54.911
0.0 100.0
62.461 73.944
47.717 27.954
72.842 63.03
0.0 100.0
67.686 40.49
0.0 100.0
12.957 53.593
35.882 15.248
63.583 26.673
38.515 21.706
16.111 48.508
68.517 66.212
50.966 37.073
74.188 62.722
40.332 25.344
46.901 29.658
60.424 29.21
37.728 33.411
59.709 30.163
18.297 50.706
34.223 23.571
83.647 76.772
35.714 39.418
66.283 79.395
70.976 43.09
68.275 19.837
0.0 100.0
71.868 68.721
40.833 16.766
0.0 100.0
47.818 15.831
0.0 100.0
20.093 43.401
10.267 47.646
66.364 39.343
42.782 18.227
26.546 62.192
51.623 35.637
18.081 53.631
0.0 100.0
52.619 66.546
44.305 18.011
20.232 56.041
22.154 42.857
86.233 0.021
13.057 56.791
2.708 52.134
48.46 25.244
9.046 44.947
0.0 100.0
56.489 29.358
37.668 17.667
0.0 100.0
81.083 66.467
65.727 30.648
30.799 46.2
45.93 26.209
27.112 44.98
60.941 31.363
68.231 30.525
35.293 19.062
60.053 20.543
66.091 33.313
31.912 15.316
37.591 28.164
67.574 37.042
0.0 100.0
0.0 100.0
72.698 72.386
51.101 10.752
0.0 100.0
53.943 11.603
45.549 5.231
57.231 64.92
0.0 100.0
60.084 41.849
48.412 33.334
22.57 40.712
64.424 63.238
27.04 59.161
66.745 64.021
51.871 41.741
14.196 48.737
53.624 36.652
37.267 18.275
41.487 67.481
0.0 100.0
51.886 23.265
46.325 24.465
60.521 41.733
0.0 100.0
70.163 30.39
43.992 25.22
0.0 100.0
44.862 29.259
51.177 14.324
54.786 37.138
69.07 19.821
53.647 42.925
54.547 18.437
68.064 64.359
0.0 100.0
33.506 27.556
60.113 31.359
71.8 73.292
59.602 37.767
63.973 68.397
58.252 33.283
24.826 59.277
70.996 52.687
0.0 100.0
0.0 100.0
0.0 100.0
0.0 100.0
0.0 100.0
68.052 80.594
76.98 34.561
72.483 54.52
0.0 100.0
5.516 59.854
38.524 50.575
12.268 48.859
29.458 15.571
22.907 37.866
70.871 39.205
32.74 15.621
60.777 22.759
53.422 63.419
85.131 14.331
0.0 100.0
0.0 100.0
14.083 49.569
0.0 100.0
53.794 31.497
44.759 20.845
54.55 4.462
35.605 15.15
0.0 100.0
77.506 63.221
0.0 100.0
48.354 28.936
73.919 51.284
59.907 20.057
70.451 88.833
61.145 27.223
63.792 66.959
0.0 100.0
52.214 33.475
38.145 16.72
66.164 68.365
31.978 21.733
0.0 100.0
37.972 15.812
66.446 40.137
33.747 37.522
34.176 18.798
47.542 68.944
41.072 26.61
0.0 100.0
46.815 11.405
0.0 100.0
62.347 67.86
82.414 63.54
16.987 55.626
0.0 100.0
0.0 100.0
47.339 23.491
20.699 41.431
0.0 100.0
12.693 44.698
39.782 22.351
68.673 79.377
58.583 78.526
0.0 100.0
74.636 70.896
27.109 49.475
0.0 100.0
38.499 23.199
81.327 36.702
36.642 51.387
23.349 55.171
41.754 18.286
41.698 21.85
49.242 24.617
41.857 33.093
64.902 67.39
62.683 43.019
43.368 21.906
53.215 82.781
23.626 46.752
62.726 62.414
62.028 62.802
42.603 15.996
47.192 30.286
70.929 18.175
64.313 33.294
0.0 100.0
70.896 68.07
0.0 100.0
0.0 100.0
48.225 28.387
0.0 100.0
46.854 25.594
0.0 100.0
39.36 26.571
73.847 69.985
0.0 100.0
46.887 10.52
36.917 71.125
65.297 73.562
71.532 64.442
60.996 21.375
0.0 100.0
32.333 43.337
20.733 52.679
42.01 36.409
34.553 25.884
0.0 100.0
24.331 13.198
0.0 100.0
53.294 39.842
46.923 24.424
40.476 19.42
70.595 76.517
82.957 74.193
6.205 68.171
65.182 72.94
0.0 100.0
29.814 37.576
54.358 24.46
26.417 62.953
54.119 26.343
42.514 14.945
45.302 27.407
57.712 46.613
67.274 68.675
59.693 35.375
0.0 100.0
59.245 29.424
0.0 100.0
49.403 25.586
0.0 100.0
0.0 100.0
0.0 100.0
27.909 32.45
87.633 56.212
66.907 32.299
61.211 41.375
9.477 5.039
38.931 20.941
62.862 52.321
37.272 8.308
86.16 80.612
62.742 34.763
69.558 62.298
20.989 56.494
71.234 68.997
74.339 72.146
77.183 65.819
59.314 54.202
72.467 76.973
60.057 59.406
54.333 62.259
0.0 100.0
34.05 60.723
63.837 31.951
69.279 76.658
44.879 24.247
54.096 27.651
0.0 100.0
71.421 80.409
81.703 70.773
22.519 48.366
37.732 35.112
0.0 100.0
41.603 14.053
35.418 46.455
0.0 100.0
40.172 8.201
78.015 76.991
0.0 100.0
0.0 100.0
79.592 70.01
73.869 61.475
46.832 19.426
13.234 54.854
0.0 100.0
41.601 6.299
0.0 100.0
41.739 6.152
0.0 100.0
64.372 23.593
70.933 65.16
19.637 61.105
62.863 22.071
62.165 19.233
22.373 16.709
49.068 7.376
0.0 100.0
34.762 45.322
45.865 16.647
8.447 58.601
0.0 100.0
53.587 32.254
63.155 26.207
61.088 41.268
0.0 100.0
60.06 20.914
0.0 100.0
0.0 100.0
42.559 21.283
83.361 70.594
25.893 46.464
74.449 59.713
51.282 28.716
0.0 100.0
34.539 19.214
0.0 100.0
67.27 64.327
12.59 52.881
56.062 24.458
46.375 25.761
76.027 78.087
76.893 41.654
68.951 23.752
52.665 11.81
39.381 13.013
67.153 41.422
51.361 24.471
0.0 100.0
0.0 100.0
0.0 100.0
29.321 60.453
59.018 45.054
71.885 54.946
38.487 13.549
62.888 65.306
33.069 28.643
38.104 23.814
0.0 100.0
29.666 48.196
74.355 78.518
20.13 55.574
77.178 65.55
48.334 17.009
42.722 18.041
60.942 39.433
19.132 38.388
45.166 33.446
42.969 16.35
62.287 18.23
35.316 19.082
46.008 18.407
57.349 47.601
27.646 51.887
28.967 54.488
77.113 72.824
48.65 25.78
0.0 100.0
74.19 58.204
0.0 100.0
67.131 48.747
64.249 22.766
0.0 100.0
57.355 20.561
0.0 100.0
0.0 100.0
38.344 40.151
56.977 39.863
42.143 11.431
31.358 59.21
48.698 21.909
0.0 100.0
57.531 35.476
0.0 100.0
74.666 63.291
39.045 22.585
23.761 63.807
38.512 27.503
51.529 18.114
65.247 34.745
68.539 27.467
26.886 39.803
20.154 37.058
66.661 70.958
67.737 13.384
64.588 33.752
0.0 100.0
68.369 31.284
63.85 33.851
68.719 37.539
0.0 100.0
25.454 49.532
57.43 15.373
69.578 24.217
11.046 62.54
39.435 14.106
45.883 18.596
67.344 56.608
34.78 62.863
31.188 45.552
56.016 24.827
51.777 18.938
54.827 22.796
0.0 100.0
84.931 64.819
26.896 57.229
75.1 74.11
31.466 48.588
67.023 52.261
58.415 28.133
52.235 35.668
49.578 10.389
77.15 72.679
22.332 35.552
11.163 82.128
0.0 100.0
40.619 43.745
0.0 100.0
35.871 53.258
75.625 66.851
42.928 23.47
61.586 21.599
50.634 35.811
20.58 49.602
35.933 59.04
64.647 47.031
22.007 64.936
0.0 100.0
64.162 41.88
0.0 100.0
45.518 33.333
67.338 78.545
81.439 59.724
0.0 100.0
60.127 38.026
64.461 28.322
47.174 72.875
53.391 20.105
71.375 72.735
0.0 100.0
78.164 57.717
57.157 38.697
0.0 100.0
28.76 50.67
0.0 100.0
59.249 19.462
0.0 100.0
26.483 27.722
28.529 56.077
14.865 64.22
0.0 100.0
76.597 56.629
58.055 48.789
0.0 100.0
33.79 19.246
40.977 9.925
76.425 68.105
76.105 74.016
0.0 100.0
42.422 17.077
65.472 69.577
37.35 40.461
61.814 36.465
17.592 55.458
69.189 16.674
63.263 65.677
69.233 39.378
0.0 100.0
32.007 41.228
71.154 69.146
68.8 81.871
31.492 41.87
61.518 58.24
0.0 100.0
21.649 32.829
15.13 55.159
0.0 100.0
0.0 100.0
12.149 45.209
82.147 58.591
6.754 54.801
56.147 66.684
64.492 67.549
45.912 52.463
46.432 9.067
35.476 55.821
34.79 21.925
7.143 42.049
54.644 35.659
65.509 69.074
59.086 30.993
39.401 14.378
34.172 51.093
68.737 51.986
63.733 57.654
29.385 59.914
0.0 100.0
56.296 24.182
43.434 12.662
82.43 59.596
70.744 61.557
0.0 100.0
46.956 21.536
22.833 69.817
0.0 100.0
39.655 38.428
32.432 55.316
63.731 78.902
57.606 28.255
34.73 14.615
0.0 100.0
0.0 100.0
70.621 39.722
14.324 52.865
72.174 57.065
9.856 50.389
79.029 81.931
75.27 56.75
27.977 22.467
25.793 48.637
73.323 24.687
68.778 61.527
0.0 100.0
71.006 16.301
54.992 50.312
50.925 11.834
49.63 22.676
20.876 21.366
81.91 74.525
49.359 31.343
0.0 100.0
41.857 32.913
0.0 100.0
52.168 28.904
39.09 22.969
43.492 17.275
30.292 57.54
33.354 51.214
0.0 100.0
29.534 57.464
0.0 100.0
78.991 67.433
73.881 53.488
0.0 100.0
0.0 100.0
23.057 56.947
56.33 32.592
0.0 100.0
46.35 14.408
0.0 100.0
39.359 24.584
29.958 50.459
0.0 100.0
68.743 31.567
46.61 26.295
0.0 100.0
59.434 22.409
53.452 26.656
36.279 18.693
57.334 42.824
60.633 47.984
31.285 30.296
13.888 55.8
0.0 100.0
66.413 82.273
0.0 100.0
57.146 39.087
36.292 67.277
28.389 55.873
60.491 35.888
70.278 75.299
25.273 46.103
66.013 55.231
37.63 19.044
44.84 29.883
0.0 100.0
57.0 23.648
0.0 100.0
46.111 11.433
51.953 33.244
29.689 55.556
13.963 43.709
60.49 41.762
14.18 49.203
65.249 63.593
86.78 70.434
78.536 54.432
40.775 52.174
16.107 55.973
63.485 34.253
24.645 46.198
56.841 22.478
0.0 100.0
65.049 31.576
25.579 60.357
68.571 82.087
0.0 100.0
27.838 50.921
19.515 42.691
67.713 34.739
44.006 37.175
57.536 34.538
59.856 11.07
22.811 55.371
24.896 48.235
80.528 70.147
58.974 68.954
27.187 62.561
55.32 10.964
7.698 42.333
62.507 75.085
66.955 68.146
11.579 38.473
0.0 100.0
38.958 24.842
52.172 48.273
23.366 44.946
37.389 10.14
0.0 100.0
0.0 100.0
51.828 37.972
41.635 24.542
0.0 100.0
25.073 49.849
76.253 59.836
78.203 70.8
60.247 27.488
0.0 100.0
58.728 31.708
33.791 41.718
50.636 32.286
65.564 80.719
47.282 3.243
69.785 32.935
0.0 100.0
29.992 61.969
59.697 27.832
18.801 52.105
0.0 100.0
29.723 50.608
48.54 26.059
0.0 100.0
57.886 39.255
63.12 63.861
34.358 7.391
0.0 100.0
32.911 52.78
63.952 26.762
61.601 66.993
0.0 100.0
25.02 45.985
0.0 100.0
0.0 100.0
34.821 54.916
58.036 66.113
80.217 21.318
26.735 57.007
0.0 100.0
23.102 53.818
46.534 17.07
71.37 67.109
26.785 40.098
71.467 70.462
58.422 22.041
80.229 57.317
70.048 23.384
33.423 11.647
76.217 75.021
50.411 65.337
56.34 25.472
23.978 50.879
68.414 36.994
29.367 42.365
0.0 100.0
77.779 72.276
26.638 12.235
74.621 36.12
56.857 27.46
53.999 11.861
21.275 56.625
59.191 32.88
61.752 31.051
85.917 59.38
47.137 14.773
39.527 40.042
54.542 28.828
37.907 39.245
9.031 50.791
0.0 100.0
0.0 100.0
54.236 63.367
0.0 100.0
71.252 67.368
0.0 100.0
45.497 21.914
56.341 73.764
67.824 57.754
0.0 100.0
67.035 24.153
73.652 73.042
21.07 59.604
47.251 13.185
74.706 54.014
45.862 15.729
76.138 66.184
68.423 26.944
48.637 40.874
19.433 43.577
75.729 74.773
39.734 18.782
33.615 37.696
22.703 40.579
35.334 24.973
74.277 27.897
0.0 100.0
21.866 58.606
84.553 62.432
53.554 36.706
87.892 63.963
27.279 50.924
42.124 10.8
70.042 64.615
0.0 100.0
76.877 77.569
34.265 19.016
63.001 28.133
0.0 100.0
64.486 36.246
34.358 17.81
65.639 71.683
0.0 100.0
0.0 100.0
0.0 100.0
37.021 32.205
75.589 83.301
43.306 23.73
0.0 100.0
55.461 36.235
62.565 25.983
49.857 34.016
0.0 100.0
77.106 42.405
0.0 100.0
54.434 42.939
61.044 39.008
65.493 42.607
73.919 64.385
47.246 25.723
0.0 100.0
0.0 100.0
49.996 24.462
37.046 27.693
57.229 33.859
69.327 71.316
0.0 100.0
0.0 100.0
52.579 19.392
26.229 36.379
35.819 65.359
54.506 17.635
72.025 55.676
60.537 66.362
48.254 34.01
50.286 27.218
15.217 58.639
0.0 100.0
64.355 77.507
0.0 100.0
85.644 68.769
87.744 65.692
28.735 46.486
77.686 67.098
62.277 55.183
55.311 29.252
0.0 100.0
16.43 65.507
32.601 36.256
63.874 43.281
39.774 20.521
57.569 41.182
35.194 21.815
13.727 50.496
61.486 65.055
43.125 18.039
53.836 28.647
50.543 28.125
18.879 42.798
74.102 66.106
27.111 55.403
34.275 17.031
68.975 72.996
30.006 51.3
28.592 52.136
13.888 60.367
65.091 69.588
39.245 19.64
69.63 67.347
43.872 29.726
56.078 5.805
25.967 59.824
14.411 41.063
71.832 62.456
0.0 100.0
63.324 85.819
37.84 29.012
19.51 50.542
52.834 31.455
41.836 25.004
49.068 28.937
21.033 48.662
61.025 54.679
68.639 66.69
53.244 6.111
76.802 70.729
28.168 59.062
10.435 43.238
77.87 60.962
0.0 100.0
53.877 23.914
20.583 53.487
22.526 47.286
58.285 25.02
66.503 75.19
5.587 54.919
15.818 52.013
16.667 59.172
69.894 72.846
46.671 27.695
0.0 100.0
41.908 24.788
59.374 31.723
49.611 36.292
45.497 32.544
0.0 100.0
0.0 100.0
85.15 76.024
0.0 100.0
52.626 17.109
79.737 37.303
31.467 49.068
8.462 45.651
21.456 48.909
0.0 100.0
68.404 65.341
48.679 27.009
64.79 49.36
0.0 100.0
47.252 35.617
0.0 100.0
37.108 17.75
40.845 27.412
50.72 12.621
72.221 54.913
30.284 48.316
76.519 63.002
0.0 100.0
61.639 60.981
49.142 9.531
52.847 27.544
0.0 100.0
23.057 42.352
73.414 67.829
6.637 42.96
39.958 23.6
11.834 51.328
70.966 46.098
61.008 32.025
14.148 34.814
17.494 65.945
0.0 100.0
77.438 62.383
0.0 100.0
0.0 100.0
19.797 46.282
41.634 22.319
71.157 47.736
46.756 9.678
0.0 100.0
75.556 74.272
66.565 32.861
64.66 71.649
36.768 49.499
20.64 44.512
24.314 45.242
37.818 19.707
0.0 100.0
19.148 47.922
65.014 28.238
62.007 74.248
61.908 26.204
45.545 23.776
0.0 100.0
18.623 56.358
73.744 63.577
76.482 72.072
53.176 31.863
49.444 15.25
36.408 21.424
43.077 22.122
62.831 17.112
58.364 25.941
28.984 24.037
75.702 76.996
28.606 40.49
41.24 21.053
30.171 9.736
79.248 65.201
40.765 39.852
36.359 22.173
72.286 75.554
0.0 100.0
41.818 25.217
0.0 100.0
63.067 19.556
46.119 35.244
83.59 66.9
56.498 31.728
