25000 50
6250.000 6250.000
8789.204 6753.570
8772.880 6350.845
8954.471 7273.424
8695.758 7176.050
9225.047 7314.149
8503.885 7353.229
8245.154 6740.913
9023.649 6563.930
8812.834 6570.796
8894.682 6435.421
8575.483 6904.943
8870.931 7140.650
8456.235 6900.152
9139.493 6883.738
8596.767 7174.135
8180.127 6949.161
9227.944 6892.494
8427.170 6584.790
9255.112 6622.957
9018.149 7178.027
9213.780 6628.942
8304.876 7355.282
8239.422 7017.047
9033.422 6933.166
8288.479 6926.030
9047.377 6276.329
8943.918 7137.778
8551.538 6727.602
8549.282 6702.102
8596.831 7295.233
9020.922 6999.300
8256.984 6566.885
9166.200 6573.540
8434.574 6398.424
8611.068 6709.884
8834.394 6656.631
8422.001 6664.128
9249.426 6249.760
8996.208 6555.385
8176.048 6565.247
8407.511 6287.463
8472.820 6788.398
8156.602 6529.139
8383.940 6886.388
8645.014 6495.627
9215.877 7110.717
8521.481 6982.604
8434.588 6242.091
8715.739 7082.817
8927.602 6788.510
8770.959 6282.688
8483.235 7178.382
8429.526 7104.082
8893.441 6685.699
8353.583 7179.845
8318.271 7087.465
8209.188 6907.619
8992.412 6886.872
8540.668 7106.728
9062.163 6957.735
8856.704 6379.886
8757.442 7205.215
8557.578 7172.269
8254.628 7222.815
8751.991 6369.653
8891.400 7097.914
8280.284 7152.387
8624.865 7158.876
8860.085 6600.728
9191.010 6423.200
8767.821 6369.789
8567.375 7258.919
8686.003 6458.227
8195.973 6248.712
8758.063 6310.453
8384.332 7104.983
9152.497 7196.786
8487.050 6930.250
9226.776 6756.156
8360.693 7246.983
9065.940 7339.221
8952.815 6433.014
9018.961 7246.206
8946.066 7114.969
8394.815 7278.606
8534.806 6660.469
9102.611 7043.979
9231.957 6335.635
8191.282 6712.061
8253.143 7173.425
8197.140 6782.414
8712.660 6578.221
8724.226 7011.803
8843.103 6286.678
8217.880 7286.189
8276.299 6826.980
8202.061 6319.442
8471.919 6814.806
9243.601 7181.076
8185.911 6905.445
8490.324 6894.255
8187.972 7001.792
9156.615 6562.495
8255.128 6913.756
8821.279 6229.997
8272.424 6442.701
8246.804 6369.255
9010.997 6876.325
8704.340 6766.252
8859.943 6838.004
8470.919 7131.583
9039.741 6758.962
8223.408 6795.404
8164.837 6952.108
8540.490 6462.460
8939.925 6776.706
8184.118 6915.331
8427.094 6648.019
8916.045 6375.890
9198.984 6641.159
8822.716 6329.881
8516.825 6413.462
8411.118 7213.917
8445.214 6864.916
9079.693 7227.184
8407.067 6384.031
8701.606 7262.661
8840.297 6883.924
8306.701 7150.951
8193.650 6479.638
8506.870 7255.806
8538.038 6425.317
8664.712 7085.146
8202.011 6757.266
8602.882 6291.294
8534.210 6285.353
8370.026 6835.083
8409.546 7235.637
8874.460 6592.461
8265.876 7077.494
9065.497 6281.628
8192.418 6296.389
8684.260 7125.352
8744.284 6590.056
9094.176 6365.488
9238.945 6459.440
9236.870 7084.455
8996.976 6873.852
8545.902 7002.019
9224.814 7123.809
8753.001 6816.492
8572.003 7350.804
8251.710 7281.663
8560.063 6626.405
8699.208 7069.621
8871.293 6695.717
8367.433 6305.552
8768.279 6538.207
8406.125 7186.010
8669.391 6282.083
9054.911 6990.643
8503.703 6582.979
8122.593 6480.052
8493.750 6293.928
8551.633 7356.634
8705.954 7327.227
8242.983 6614.480
9023.651 6230.300
8614.937 6326.749
9188.783 6640.158
8809.877 7176.266
8341.419 6826.886
8876.705 6365.211
9078.540 6691.147
8443.648 6928.475
8160.556 7196.528
8471.350 6915.626
8331.460 6267.857
8566.222 6606.285
8983.750 7132.435
8812.601 6728.280
8547.035 6705.347
8202.507 6507.707
8438.470 6269.637
8988.074 7253.834
9078.387 7307.428
8775.593 6865.656
8126.937 6348.999
8914.025 7025.292
9231.298 7095.972
9191.455 7351.820
9086.864 6723.454
8826.702 6434.516
8779.542 6520.290
9024.868 6548.109
8931.792 6404.834
8766.501 6711.778
9066.780 7250.736
8352.647 6817.047
8228.797 7169.808
8352.597 7350.755
9130.555 6345.971
9039.407 6956.492
8284.133 6968.060
9139.207 6247.382
8802.953 6280.090
8791.584 6701.073
8773.642 6329.020
8902.902 7324.720
9139.816 7290.903
8649.304 7002.900
8830.371 6264.548
8457.343 6719.198
8966.271 6692.735
8246.498 6867.681
8549.920 6865.908
8530.395 6985.719
8437.568 6898.261
9238.313 6258.219
8948.332 6652.124
8433.652 7310.564
9086.047 6685.045
9144.635 6313.659
8160.985 6350.921
8395.447 6344.655
8848.766 6528.402
8565.865 6933.218
8632.194 7204.746
8883.219 7000.999
9247.118 6237.164
8428.010 6884.291
8357.981 6725.458
9166.482 7185.069
8793.347 6490.410
8515.707 6712.446
8233.464 7284.956
8613.040 6865.712
8738.279 7038.230
9216.474 7294.747
8783.664 6916.713
8816.368 7211.490
8569.173 6707.812
8608.642 7043.500
8773.631 6949.151
8452.678 6473.503
8348.813 7034.433
8932.727 7243.824
8712.326 6594.434
8339.231 7108.108
8152.248 6649.429
8668.160 7163.648
9159.974 7215.320
9188.584 6302.681
9017.967 7020.230
8214.117 7036.451
8946.817 7027.777
8129.031 6335.124
9073.078 6582.062
8810.748 7100.729
9085.420 6684.412
9016.957 6558.041
8256.862 6913.643
8572.729 7338.556
8626.947 6914.428
8757.776 7347.032
8238.871 6651.291
8531.820 6727.176
8703.983 6967.468
9093.063 6468.190
8748.894 6823.002
8753.260 7219.142
8346.462 6377.387
8710.897 6964.158
8390.963 6815.616
8812.416 7309.089
8487.350 6982.184
8154.911 7340.107
8416.873 6958.601
8688.602 7289.097
8134.635 7164.813
8990.054 6558.446
8602.445 6415.445
8392.284 6617.824
8197.689 7077.720
8693.786 6701.641
8898.736 6420.314
8521.133 6568.692
9157.177 7281.627
8332.447 6506.255
8335.781 6539.639
8820.123 7235.572
8773.206 6568.877
9100.096 6443.477
8265.749 7171.595
8842.877 7184.264
8336.697 6612.178
8703.556 7137.587
8658.339 6571.573
9178.352 7105.261
8422.515 6830.169
8445.113 6556.897
8479.840 7299.815
8557.052 7083.103
8126.761 7098.675
9114.661 6838.031
9156.889 6299.889
8849.014 6601.553
8227.370 6759.598
8268.504 7314.810
8635.635 7318.955
8636.883 6568.873
8142.619 7098.882
8516.118 7200.882
8653.740 6448.393
8559.932 6306.948
9187.793 7214.461
8291.032 6306.029
9071.689 6714.669
9166.246 6571.833
8434.830 6406.715
8189.153 6356.587
8427.432 6422.391
9130.656 7336.153
8655.078 6852.993
8781.675 7056.489
8848.396 7114.608
8658.471 6667.012
9019.341 7136.149
8491.729 7289.668
8350.958 6665.075
8172.790 6243.683
8665.441 6721.289
9027.663 6990.047
8222.184 7161.039
8866.099 7289.894
9233.570 7175.628
8738.063 7214.859
8528.227 6600.708
9196.765 6282.804
8306.200 7269.531
8623.082 7313.253
8208.864 6435.580
8604.153 6245.592
8160.553 6881.923
9162.627 6807.635
8325.274 6553.891
8932.951 6976.349
9179.093 6453.934
9153.594 7345.056
9154.682 6471.556
8685.377 7173.161
8203.113 6479.063
8975.721 6656.811
8597.832 6969.439
8816.010 7080.369
8125.780 7038.372
8916.880 6947.071
8619.415 7344.368
8509.938 6965.467
8242.968 6234.213
8651.049 6986.188
9073.871 6371.083
8650.204 7132.463
8529.686 7012.115
8311.467 6361.194
8880.521 6770.130
8461.731 6504.595
8855.588 7167.642
9231.800 7108.144
8911.453 7298.363
9121.411 7180.304
8821.414 6714.143
9196.058 7054.227
9007.295 7325.431
8342.539 6269.850
8627.912 6327.512
8800.983 6638.318
8599.818 7111.056
8301.885 6410.335
8297.761 7094.399
8912.174 6399.950
8849.307 7016.443
8370.580 6536.048
9111.235 6729.175
8886.460 7158.559
8204.739 6323.171
8858.159 6637.809
8265.350 6517.447
8745.537 7305.579
9101.042 6507.190
8387.508 6999.862
8237.831 6482.633
9011.299 6998.853
9208.650 7001.006
8430.984 7119.585
8959.481 7144.367
8804.060 6811.524
8978.681 6978.567
8893.941 7062.756
8892.415 7338.360
8258.649 7282.179
9049.622 7324.005
9154.749 7322.692
9211.421 6619.509
8942.826 6288.925
9228.552 6723.341
9037.336 7126.515
8287.561 6286.040
9144.722 6680.335
8944.451 6876.157
8933.903 6658.438
8398.866 7144.763
8360.990 6532.308
8885.738 7068.966
8912.713 6894.565
9243.681 6875.390
8687.725 7352.741
8241.898 7191.555
8420.412 6883.127
9038.941 6481.979
9135.637 6508.958
8632.323 7227.246
8978.668 6997.823
8815.164 7154.933
8618.387 6917.151
8925.008 6245.252
8186.428 6687.537
9214.620 6388.442
8991.581 7299.144
8692.025 6938.274
9182.458 6475.018
9188.636 7307.920
8851.730 6671.277
8157.896 6676.821
8780.927 6335.084
8230.022 6854.724
8481.791 6760.624
8205.762 6479.188
8616.283 6749.127
8249.168 7244.854
9052.022 6236.553
8814.382 7229.612
8838.650 6709.104
8961.507 6393.160
8835.440 6669.539
8233.004 7021.759
8359.868 6838.386
8275.802 6736.018
9103.399 6633.582
8870.708 7309.782
8958.746 6331.345
9200.391 6780.192
8262.932 6387.386
8532.452 7019.765
8840.190 7292.795
8859.411 7024.609
9168.596 6254.766
8674.581 6809.513
8951.330 6938.265
9166.259 6410.513
9161.354 6816.731
8662.587 6531.176
9139.776 6614.297
8945.403 6519.952
8461.210 6232.290
8983.779 7311.493
8816.630 6577.960
9076.344 7217.311
8330.071 6714.549
8496.346 6788.521
9159.573 7229.845
9223.218 7122.594
8869.068 6380.150
8383.518 7309.697
8342.014 6254.935
8824.695 7159.620
8665.098 6413.811
9099.182 6247.790
9175.390 6736.575
8373.543 6992.717
8354.540 6481.122
8818.852 6324.021
9160.261 6891.825
8143.292 6946.889
8987.220 6252.356
8238.245 6689.827
9147.589 6995.312
8390.445 6361.677
8203.529 6683.439
8192.397 6539.163
8382.779 6620.842
9169.181 6431.292
8284.255 6706.591
8283.321 7214.811
8567.071 6834.525
9116.476 6589.247
8397.412 6627.320
8833.444 6271.412
8983.950 6896.743
8395.348 7275.603
8511.296 6962.728
8839.207 6826.749
8179.713 6666.686
8172.089 7249.129
9241.745 6311.922
8687.109 6518.256
8315.551 6611.498
8663.983 6597.570
8415.361 6545.683
8783.329 6651.403
8718.203 7010.079
8480.870 7187.520
8900.661 6980.685
8655.171 6775.629
8383.410 7347.997
8683.933 6632.567
8586.938 6952.941
8232.275 6580.462
8599.188 6999.766
8362.878 7301.095
9193.622 6720.674
8915.153 6749.588
8709.340 6569.733
9165.856 6747.590
8303.770 6989.353
8475.998 6524.677
8957.950 6958.453
8482.970 6393.930
8397.368 7237.297
9181.090 6571.879
8465.296 6410.164
9057.172 7005.879
9211.709 7276.960
9243.604 6408.228
9118.344 6644.045
8949.135 6833.698
8768.285 6493.941
9128.331 6832.778
8433.198 7100.070
8271.115 7228.042
8609.235 6489.336
8533.485 6889.534
8744.838 6916.078
8578.822 7109.212
9208.195 6229.542
9129.108 6370.705
9069.248 7273.099
8471.504 7262.151
9082.059 6662.151
9113.573 7239.647
9056.182 6880.431
9100.167 7048.186
8980.343 6504.752
8228.764 6539.850
8687.781 7185.187
9072.505 7106.908
8337.187 7225.788
8437.815 7197.370
8614.948 6970.936
8374.519 7225.045
9157.058 6538.358
8991.706 6646.268
8665.729 6744.725
8512.617 6585.196
9173.765 6408.109
8778.723 6662.618
9226.492 6696.034
8488.918 6694.913
9142.507 6442.075
8650.227 6569.991
8692.160 6638.382
8402.898 7032.747
8173.244 6700.964
9088.024 7012.699
8193.755 6238.629
9021.809 6266.789
9115.224 6503.561
8991.403 6640.442
9068.200 7299.880
9065.168 6403.301
8801.136 6441.111
9222.176 7141.490
8989.547 6462.432
8755.983 6814.823
9210.514 6297.265
9102.044 6531.995
8222.592 6498.977
8233.730 6872.281
9226.196 6257.950
8274.682 6850.040
8595.851 6804.464
9123.323 6757.636
8504.921 6388.664
8520.743 6866.733
8640.835 6472.428
9044.914 6478.791
8219.289 6755.488
9163.234 7221.124
8270.308 6442.491
9172.834 6510.113
8727.550 7138.714
9069.832 6738.128
8927.533 7128.183
8620.610 6747.170
9115.287 7005.228
8188.042 7061.475
8756.296 6251.965
8927.312 6428.892
8795.841 6719.412
8186.273 6527.840
9080.534 6605.527
9171.199 7285.443
8838.524 6962.977
8576.248 6369.855
8392.972 6275.865
8968.791 7358.050
9045.143 7275.993
8451.624 6879.207
8423.353 7050.063
9044.122 6827.064
8486.019 7324.365
8369.470 6499.699
9020.206 6910.957
8439.925 6662.334
8234.713 7318.510
8271.455 6555.221
9179.756 6301.451
8268.810 7224.893
8605.509 6566.412
8517.044 6900.808
8237.401 7332.513
8405.127 6537.743
8853.736 6469.563
9085.866 6858.038
8790.432 6323.906
9086.929 7288.351
9169.217 6721.733
8302.489 6883.788
8593.076 6428.881
8247.456 6365.729
8719.285 6863.271
8281.853 7279.872
9184.435 6332.497
9187.852 6645.871
8628.894 6226.918
8511.533 6594.167
8653.826 6322.183
9214.284 6446.502
8957.126 6853.405
9235.509 6598.956
8740.784 7009.399
9235.159 7314.557
8690.190 6280.258
8474.131 7001.868
8782.064 7188.879
9244.305 6563.911
8740.002 7027.432
8734.896 6289.514
8155.627 6305.244
9235.476 6934.832
8203.254 6335.798
9011.533 7284.981
8533.301 6326.411
8130.863 6839.566
8781.264 6229.687
8663.871 6655.412
8261.811 7299.354
9092.726 7132.875
8234.179 6345.553
9247.624 6916.373
8782.832 6827.406
8871.630 7309.843
8181.763 6332.626
8632.450 6468.864
8655.076 7073.096
8811.991 6621.610
8587.898 6550.864
8447.509 6682.348
8816.294 7187.002
8282.541 6743.920
9028.313 6778.135
8828.284 7047.354
8243.107 6631.090
9026.913 6821.742
8207.049 6534.397
8998.294 6962.572
8735.270 6812.169
8366.427 6819.890
8162.092 7343.270
9124.421 6964.712
8260.826 7226.034
8594.352 6450.568
8704.240 6919.503
8397.290 6846.215
8135.743 6780.484
8982.121 7326.011
8987.464 7053.718
8372.457 6893.146
9149.238 6248.428
8202.274 6930.096
8384.020 7118.440
8929.895 6540.307
8818.701 6812.090
8943.581 6772.695
9103.044 6487.189
9051.485 7343.658
8562.770 6844.277
9256.060 7065.798
8926.220 6905.689
8282.794 7257.107
8600.624 6844.512
9022.075 7039.641
9192.960 6634.520
8930.231 7244.170
8871.505 6716.841
9160.872 7079.440
9169.472 7147.773
8326.878 6942.018
8140.762 6469.201
9062.889 6384.853
9049.344 6705.182
8267.518 7006.022
8562.924 7012.589
8577.818 6243.737
8179.600 6732.635
8675.760 6902.821
8257.240 6905.959
8484.628 7001.041
8877.515 6934.084
8820.552 6476.122
8284.335 6409.652
8750.115 6837.979
8974.094 6547.804
8838.399 6529.508
8467.197 6984.897
8180.502 6540.058
8444.362 6652.462
8447.999 6298.492
9013.522 6900.592
8592.722 6972.765
8709.712 6803.645
9183.890 6271.172
8408.328 7317.573
8207.309 6616.315
9099.973 6398.317
8136.687 6742.219
9077.003 7092.731
8348.358 7163.792
9020.477 6703.370
8226.895 6996.784
9134.941 6605.255
8946.109 6997.536
8845.347 6812.731
8257.846 7158.167
8656.819 6936.770
8167.614 6477.580
8652.174 6763.768
8687.692 6605.222
8366.974 6342.600
8783.203 6586.152
8457.956 6889.171
8832.074 6311.687
8689.738 6366.245
9051.349 7061.103
8942.960 7202.745
8770.467 6932.090
8726.026 6810.589
8833.862 6575.059
8576.129 6565.300
8310.650 6256.823
8461.427 6313.697
8952.116 6324.071
8984.848 7129.001
9015.857 6717.750
8513.081 6755.290
9019.606 6313.735
8703.707 7326.881
8738.361 6327.382
8348.037 6391.762
8312.085 6431.743
8942.803 6863.976
8785.481 7219.783
9096.111 6530.812
8476.894 6244.066
8722.670 6954.808
8230.330 6331.305
8328.399 7043.615
8528.824 6406.813
8378.719 7083.260
8938.398 6815.240
8499.394 6249.781
8789.768 6688.416
8237.859 6350.066
8531.787 6542.613
9122.665 6766.297
8926.911 6835.352
8360.406 6436.490
8324.684 6442.334
8472.198 6641.321
8765.729 6946.148
8159.948 7000.975
8929.246 6913.445
9107.869 6230.818
8281.318 6967.072
8449.991 6964.258
8719.325 7098.166
8614.720 6393.630
8962.648 6375.142
8215.971 6473.458
8128.529 7231.766
9229.151 6971.587
8965.303 7164.225
8932.691 7049.372
8603.950 6915.953
8613.296 6932.024
9177.931 7229.790
8633.900 6386.732
8745.754 7360.043
8162.879 6802.471
8486.588 7211.957
9153.487 6258.527
8947.732 6309.409
8789.242 7344.935
8701.473 6917.609
8323.080 7351.103
9256.201 6668.182
8583.933 6882.006
8995.330 7142.607
8357.877 7075.399
9007.186 7002.774
8649.648 6938.068
8137.649 6608.411
8660.683 6701.595
9017.750 7153.530
8641.899 6388.227
8342.911 7257.267
8907.353 6300.978
8629.835 6319.668
9066.261 7025.272
8626.669 6228.493
8141.725 6627.324
8619.672 6950.040
8753.599 6414.512
8710.841 6356.838
8775.939 7148.210
8128.251 7153.282
9036.086 7119.087
9118.890 6789.853
8800.055 7002.385
8452.282 6843.870
8485.335 6742.570
8759.574 6838.679
8543.269 7272.109
8223.399 7112.587
9208.684 6897.852
8640.248 7211.697
8417.562 6667.676
8784.044 6795.436
8179.738 6642.667
8960.909 7151.616
8674.064 6428.275
8328.379 7303.203
9111.820 6279.201
8989.255 7297.839
9135.555 6313.427
9102.217 6806.155
8301.625 6879.331
8591.620 6579.089
9046.747 7146.833
9155.301 6857.269
8996.657 6680.239
8170.620 6932.650
8707.985 6864.762
8556.618 6352.790
8745.199 6596.228
8891.245 6909.877
9183.544 7083.810
8383.488 6230.941
8620.642 6723.425
8627.023 6469.919
8616.437 7211.186
8573.818 6946.938
8535.853 6996.554
9063.968 6264.071
8817.398 7210.947
8509.309 6395.170
8734.804 7146.663
8950.985 6857.608
8974.136 6375.400
8511.651 7330.530
8389.793 7343.522
8922.477 6466.595
8387.993 7282.288
8582.826 7173.705
8218.584 6748.473
9167.132 6849.240
8260.824 7081.561
9083.204 7137.483
8523.092 7092.930
9214.841 6722.264
9221.160 6276.439
8942.188 6289.706
8605.467 6877.114
8762.913 6410.674
8209.721 6568.686
9049.973 6334.738
9144.590 6393.709
8188.931 7270.879
8619.390 7337.429
8599.976 7323.118
8922.560 6789.835
8566.913 7164.921
8263.702 6901.518
8181.448 6254.930
9036.073 6286.224
8899.607 6757.541
8256.786 7208.947
8814.832 6892.366
8710.615 7104.517
9133.753 7220.520
9114.093 7293.796
8377.384 7337.555
8673.215 6960.060
8788.769 7021.473
8530.064 6237.554
8244.468 6601.078
8767.461 7000.718
9111.115 6521.597
8519.482 6772.471
8528.938 6824.355
9248.958 7001.010
8823.082 6246.821
8631.291 7229.420
8344.805 6512.393
8536.906 6523.601
8398.919 6741.240
8379.516 7079.362
8555.601 7175.156
8654.119 7106.385
8233.522 6306.517
8673.108 6534.475
8324.087 6283.870
8618.543 7058.490
8380.145 7290.539
8908.501 6364.745
8177.265 7345.596
8656.643 7238.387
8986.188 6793.329
8161.857 7187.344
8180.737 6630.532
8572.834 6581.588
8736.426 6927.988
8584.267 6850.812
9212.356 6641.419
8562.862 6439.009
8876.109 6498.975
8779.127 6799.704
8711.962 6594.976
8530.161 6961.800
8660.593 6784.911
8502.847 6298.588
8413.948 7303.221
8988.087 7320.027
8260.921 6908.084
8778.921 6249.358
8357.645 6765.706
8984.393 7295.876
8971.303 6735.895
9107.906 7027.024
8275.303 6564.746
8875.105 6476.992
8378.773 7152.754
9252.534 6578.770
8508.884 6852.316
8484.005 6724.781
8237.728 6964.743
8955.475 6637.327
8640.177 6244.834
8643.424 7359.656
8348.686 6761.265
8294.462 7053.205
9039.619 6290.440
9200.707 6597.526
8926.870 7273.189
8932.660 6918.684
8546.263 6442.826
9050.621 7315.485
8529.365 6610.896
9015.079 6744.854
8326.041 7293.006
8314.600 6595.442
8904.217 6374.409
9121.402 6264.828
8949.670 7155.309
8390.339 7359.865
8730.953 6509.222
8339.463 6847.920
8354.480 6607.999
8396.406 6741.452
8284.880 6257.613
8315.438 7329.827
8452.053 6729.272
8641.364 7155.332
8324.500 7318.357
8870.491 7104.242
8741.552 7329.544
8353.768 6522.769
8728.431 6545.001
8171.861 6914.179
9190.604 7147.899
8201.773 6833.139
8765.960 6917.794
9013.654 7153.706
9051.676 6373.802
8573.897 7208.644
8236.304 6971.518
8560.587 6778.544
9123.312 6725.669
8512.412 7223.516
8856.262 6453.518
9092.051 7310.121
8929.549 6576.141
8130.134 6793.361
8701.946 6620.994
8745.963 6438.095
8729.285 7177.951
8335.148 6295.523
8639.541 7227.314
8960.915 6889.507
8686.240 7259.365
8153.497 6609.867
8433.183 6440.670
8871.242 6500.899
8763.083 7327.538
8470.264 6743.007
8534.535 6260.081
8364.537 7250.593
8251.512 6489.307
8181.236 7109.458
8614.255 6232.998
8765.503 7278.452
8374.910 7105.315
8402.188 6281.460
8434.574 6828.274
8303.155 7152.498
9036.886 7226.928
8338.875 6478.304
8489.945 6626.804
8473.027 6297.677
8666.589 7359.111
8724.390 6573.161
8143.745 6379.935
8533.455 6669.448
8474.511 7289.411
9095.258 7077.360
9178.136 6366.414
8659.604 6410.094
8208.688 6991.345
8699.268 6862.995
8772.400 6972.596
8751.537 6305.893
8838.801 6895.193
8999.589 6950.705
8237.089 6919.517
8820.931 7352.868
8895.145 6527.281
8849.758 7174.774
8730.260 6489.336
8579.974 7219.312
8366.086 7225.441
8570.194 7225.318
8919.849 6833.331
9068.437 6762.372
9094.070 6625.907
8944.040 7244.387
8617.602 7106.089
9150.540 7336.208
8152.605 7168.558
8775.429 7111.871
8832.010 6968.181
8542.423 6898.095
9253.822 6338.008
8782.161 7300.335
8262.473 6860.637
8375.331 6740.842
8820.249 6739.611
8575.243 6695.388
8794.356 6883.391
9252.918 7307.907
8537.920 6550.503
8150.672 6498.519
9193.036 7319.360
8768.941 6924.806
8863.285 7354.851
8397.255 6471.948
8930.831 6553.858
8666.971 6845.194
8826.294 6477.216
8478.745 7188.657
8924.733 6934.902
8884.484 6811.210
8185.905 7095.549
8684.762 6806.585
9089.450 7101.559
8360.322 6305.002
9165.563 6748.674
9070.014 6535.958
8816.027 7354.066
8401.038 6533.023
9250.969 6717.473
9013.641 6832.880
9036.633 7183.052
9188.289 7102.744
8992.929 7096.174
8284.492 6866.570
9120.638 6322.066
9038.896 6305.047
8516.871 6244.493
8299.845 6830.998
8134.975 6713.462
8937.020 6342.447
8440.863 6614.722
9071.075 6798.413
8802.426 6640.596
8749.966 6938.462
8165.742 6239.609
9215.846 6559.001
9069.822 7079.469
9071.967 7213.206
8893.836 6623.817
8183.369 6918.281
9055.754 6496.025
9016.966 6786.417
8987.892 6269.780
9227.120 6937.790
8836.292 7070.818
8216.595 6415.410
8604.946 7334.334
8319.023 7350.984
8307.547 6285.501
8780.903 6557.066
8537.984 6318.850
8538.720 6486.625
8224.815 6236.666
8422.107 6581.832
8445.918 6823.431
8835.396 6762.878
8347.066 6295.363
8175.799 6972.982
8132.984 6444.775
8985.044 6327.620
8452.699 6457.631
9114.614 6572.095
8308.365 7081.315
9156.174 7006.786
8969.133 6934.438
9225.200 6736.896
8621.997 6246.501
8476.837 6717.891
8831.584 6975.004
9064.130 6754.666
8919.201 6231.548
9221.453 6981.210
8401.575 6350.845
8957.403 7027.186
8283.985 6268.904
8584.142 7220.341
9169.758 6255.905
8634.193 6334.401
8938.565 6438.765
9227.096 6577.030
8914.719 6957.882
8554.931 6238.441
8382.076 6490.547
9053.548 6470.909
9130.161 6652.220
8135.830 6481.768
8284.814 6252.347
8598.232 7160.067
8224.421 6922.048
8812.601 6237.538
9132.617 7345.002
8158.184 6569.580
9124.536 7039.205
8596.452 7352.874
8905.317 7206.180
8977.454 6417.588
9132.055 6354.117
8519.717 6269.459
8232.712 6685.541
8694.007 6262.129
9147.583 6687.241
8373.837 6771.398
9154.835 7319.202
8223.698 6658.826
8796.190 7182.982
8988.494 6742.500
8519.382 6401.037
8628.389 6761.496
8650.564 6358.450
8633.885 6879.675
8343.410 6341.165
8359.372 7183.601
8766.046 6525.043
8294.361 7038.681
8429.206 6405.692
8613.027 7135.595
8198.031 6888.978
8749.127 6255.553
8964.798 6429.474
8831.921 7120.919
9167.658 6823.190
8346.280 7273.039
8722.849 6763.183
9175.114 6706.368
8600.606 6630.263
8206.323 7030.034
8379.050 6450.027
9178.851 6636.320
8925.355 6862.849
9043.815 7290.204
8933.727 7091.922
8545.837 7025.147
9056.938 6589.067
9249.034 6301.548
8908.289 6925.229
8648.974 6754.829
8323.480 6655.431
8977.803 6603.789
8779.597 6930.239
8257.236 6704.633
9098.006 6462.596
9087.323 7067.198
8980.213 6673.102
9067.344 7122.801
8925.928 6686.120
9096.980 6625.855
8814.712 6604.574
8408.713 6314.870
9050.256 6863.670
8707.829 7115.657
8280.244 6906.243
8422.139 6273.692
8980.080 7175.043
9085.531 6961.887
8834.677 6484.625
8432.387 7233.432
8803.833 7159.344
8353.171 6951.972
8946.205 6580.078
8792.034 6394.040
8674.032 6338.560
8280.332 6281.586
8887.764 6870.906
8879.056 6827.347
8450.437 6968.052
8973.348 6786.233
8472.275 6252.270
9177.875 7024.886
9135.333 6880.140
8157.653 6973.632
8996.252 6273.111
8931.813 6595.025
9141.437 7170.567
8594.892 6856.252
9124.426 6990.266
8869.534 7301.342
9006.907 6248.202
8218.430 6391.240
8906.416 6808.074
8427.065 6977.079
9024.269 7149.506
9002.648 6561.455
8801.767 7194.604
8215.755 6708.019
9015.207 7354.909
8660.298 6276.451
8985.517 7311.337
8478.649 7056.597
8890.516 7178.481
8567.914 6517.689
9243.982 6941.745
9163.379 6466.009
8786.342 7136.121
8319.560 6947.078
9043.259 7242.167
8289.334 6432.887
9157.384 7326.748
8999.993 7264.817
8550.486 6672.997
8579.259 6662.080
8437.874 6523.202
8223.813 6778.980
9037.768 7345.304
8731.864 6950.585
8760.017 6880.876
8470.989 7226.316
8876.382 7306.454
8390.539 6743.931
9049.568 6448.611
8432.842 6670.698
9060.930 6636.621
8406.238 7178.123
9162.783 6439.193
8952.760 7135.564
8984.988 6557.643
8589.998 7198.901
8654.607 7249.401
8827.482 6905.607
8383.927 6889.700
9105.248 6900.516
8770.427 6820.488
8403.358 6948.977
8413.678 7143.518
8542.484 6822.908
8294.810 6448.749
8471.968 7208.761
8150.913 6759.545
9061.289 7101.373
8568.527 6539.177
9074.617 6527.010
8990.567 6648.798
8890.963 6739.417
8746.152 7278.263
8223.782 7167.247
8731.163 7039.143
8624.862 6752.389
8144.767 6465.899
9154.087 6302.865
8956.374 6566.634
8770.888 7003.524
9220.372 6561.161
8127.286 6683.273
8860.380 6676.980
8928.743 7132.758
8136.007 6332.993
8321.301 7284.420
8458.646 6620.629
9206.956 6488.319
8901.218 7302.106
8221.681 6794.988
8969.606 6858.434
8504.531 6412.428
8127.669 6858.561
9042.973 6505.005
8122.778 6419.484
8897.677 7104.893
9194.612 6773.032
8209.718 7172.311
8692.849 6599.680
9151.624 6920.146
8409.168 7361.918
9001.066 6545.399
9101.777 6886.667
8307.184 6991.143
8421.959 6735.215
8880.094 6353.807
9017.639 6879.597
8678.997 7055.759
8740.567 6294.880
8935.227 6253.757
8138.063 6541.212
8750.823 6448.409
9074.172 7010.941
9074.819 6955.296
8320.749 6710.638
9194.015 7076.291
8860.700 6636.621
8839.417 6360.545
8444.815 6499.113
9177.150 6734.207
8864.459 7114.351
9122.046 6273.121
8593.896 7089.753
8697.599 6773.977
8362.003 6774.577
8553.312 7099.384
8500.315 7097.835
8526.433 6466.523
8219.864 6748.495
9234.833 6318.531
9053.637 7068.950
8796.247 6311.397
8414.759 6661.433
8328.790 7152.126
8977.629 6475.384
8451.484 6933.286
8610.394 6633.387
8414.093 6827.036
8182.477 6479.062
9210.506 7148.368
9066.136 7102.597
8985.104 6560.252
9061.331 6992.142
8219.369 6619.823
8460.623 6414.265
8893.153 7151.455
8577.877 6454.106
8748.846 6369.532
8719.663 6313.452
8404.703 6786.895
8361.437 7063.411
8837.131 6678.717
8226.499 7312.063
8811.769 6912.247
9230.739 7164.914
8192.847 6919.065
8464.465 6356.362
8287.228 7338.184
8296.582 6267.101
8958.498 6452.100
8232.999 7353.124
9068.835 6379.469
8824.563 6501.322
8893.776 6314.862
9178.498 6945.814
8363.440 6271.588
8567.885 6359.581
8598.590 6885.678
8882.050 7099.738
8988.834 7244.606
8328.007 6832.299
8826.288 6996.469
8903.963 7236.512
8506.503 6710.115
8891.474 7253.218
8480.813 6739.005
9078.897 6890.741
9033.297 7143.860
9006.169 7235.778
8652.070 6243.699
8824.874 6260.372
9114.654 6350.827
8869.692 6498.164
8201.949 7019.898
8552.540 7315.263
9134.612 6229.861
8255.072 7027.368
8282.532 6904.877
8464.051 6529.402
8177.561 7212.388
8531.924 6480.243
8540.751 6441.874
8417.370 6544.948
8922.208 6717.852
8527.753 7002.605
8562.243 7067.909
8273.237 6354.010
9104.084 7228.803
8662.623 7171.473
9108.669 6365.544
8611.381 6845.057
8408.409 6350.769
8962.724 7317.794
8797.548 6872.572
8924.397 6303.710
8572.649 6949.165
8356.163 6304.591
8700.313 6983.958
8567.223 6939.652
8425.762 6757.061
8403.784 6367.127
8137.501 7326.973
8366.814 6591.295
8873.834 6576.303
8199.680 6521.291
9109.848 7360.684
8478.640 6427.532
8327.428 6670.224
8830.591 6380.836
8307.910 7175.922
8400.714 7079.975
8856.367 7088.686
8687.182 6620.677
8981.393 6571.144
8321.245 7185.266
8799.949 7019.695
9060.272 6568.625
8674.834 6989.461
8479.244 6442.418
8606.604 6370.187
9094.638 6958.223
9188.905 6610.467
8525.450 7251.928
9239.749 6875.457
8121.965 6940.717
8887.029 6788.534
9042.938 7324.750
9145.519 7077.790
8239.715 7224.365
8398.568 6396.037
8922.612 7295.723
8277.006 6351.592
9114.906 6403.713
8897.502 7039.683
8494.799 7211.506
9166.800 6528.939
8728.553 6899.690
9239.105 6888.435
8489.747 6512.478
8264.971 6508.606
8224.868 7327.578
8939.118 6301.455
8651.778 6893.772
8210.999 6330.653
8828.502 7083.995
8835.687 7223.021
9036.977 6667.716
8275.879 6394.888
8958.397 6718.541
8561.920 6811.095
8391.221 6576.396
8805.068 6630.454
8643.355 6552.109
8450.717 7235.111
8185.959 6684.116
8694.206 7280.878
8962.266 6451.371
8751.687 6699.139
8748.871 7162.078
8921.636 6702.463
9196.209 6691.840
9038.355 6889.243
8627.760 7203.644
9190.668 7127.118
8208.429 6587.042
8429.348 7346.867
8220.543 6991.336
9173.576 6764.112
8850.270 6409.943
8346.288 7191.861
8764.544 7255.919
8428.439 7006.354
8136.106 6698.620
9123.583 6523.889
8791.999 6965.157
8783.910 6514.108
8893.582 6819.741
8235.950 7011.952
9178.987 6612.647
8233.027 6287.468
8673.211 6617.292
8749.524 6903.024
8624.305 6793.643
8686.014 6248.766
8492.370 6798.641
8749.369 6307.877
8239.458 6872.897
9108.420 6997.451
8656.895 6846.566
8868.117 7016.000
9061.844 6674.409
8518.859 6671.674
8918.976 6784.048
8370.174 6714.594
8963.794 6737.829
8915.886 6933.110
8334.375 7246.695
8883.150 6688.020
8414.135 7017.333
8216.685 6703.528
9250.084 6275.150
9184.505 6233.718
8458.297 6899.871
8390.245 6985.182
9061.327 6653.990
8976.510 6581.283
8289.646 7234.191
8543.175 6487.898
8242.093 7118.712
9040.560 6505.205
8941.287 6903.425
8775.316 6830.493
8643.508 6367.517
8961.002 6725.576
8636.669 6785.711
9221.122 7119.700
8783.820 7001.695
8561.111 7010.294
9056.450 6867.603
8694.412 7022.222
8629.736 6771.528
9055.429 6784.046
9198.888 7148.771
8834.562 6909.207
8533.746 6927.334
8634.950 6808.303
9066.701 7196.198
8692.968 6353.089
8313.681 7217.159
8180.465 6323.961
8290.698 6844.242
8518.678 7209.856
8646.031 7295.565
8315.947 6385.874
8326.153 6938.960
9001.597 7134.405
8280.511 7063.692
9108.675 7135.697
8905.548 7250.582
9249.107 6622.731
8418.309 7276.569
8494.675 6702.920
8829.164 6451.595
8660.524 6557.321
9023.876 6510.995
9177.364 6392.156
8171.162 7217.920
8854.729 7305.982
8895.038 6602.778
8997.355 6694.857
8962.729 6752.085
8915.307 6868.317
9167.291 7346.787
9014.988 6284.253
8778.748 6703.358
8504.718 6827.818
8528.836 6769.777
8318.956 7280.697
9103.231 6487.236
8968.535 7326.606
8838.633 6555.340
8722.357 7252.494
8420.191 7208.959
8285.874 6535.852
8996.779 6367.486
8561.939 6346.304
8237.425 6834.014
9148.185 7062.454
8222.727 6546.489
8647.877 6723.808
9016.779 6311.600
8331.781 6353.380
8449.773 6761.116
8528.228 6740.027
8187.058 6727.020
8690.238 7013.764
8224.802 7290.638
9103.544 6507.148
8804.884 6549.756
8273.913 7140.863
9063.206 6343.348
8411.331 7101.484
8211.367 6389.216
8130.606 7051.408
8662.680 7277.135
8885.088 7181.300
8502.725 7022.669
8481.976 6855.734
8391.545 6349.184
9145.448 6291.668
8500.714 6983.122
8154.885 7148.285
8451.404 6608.490
8585.509 7134.123
8985.471 7134.606
8413.358 6393.382
8211.770 7098.448
8752.231 6539.621
9158.377 6490.730
8351.821 6467.116
8982.138 6324.357
9125.562 6967.099
9000.469 6434.687
8542.679 6465.462
8896.860 7079.620
8241.449 6367.617
8983.610 6749.831
8262.319 6676.401
8125.556 6457.098
9251.775 6704.625
9036.845 7262.490
8839.575 6530.083
8136.958 6378.847
8770.884 6738.607
9105.175 6479.597
8386.459 7282.644
8643.447 6775.360
8942.580 7257.737
8230.100 6651.241
8579.675 7240.737
8934.395 7089.055
8835.477 6286.383
9002.296 7152.384
8530.584 6599.927
8975.448 7102.975
8298.330 6372.345
8459.028 6520.116
8296.385 7205.247
8879.545 6831.048
8147.192 7108.411
8244.025 6487.230
9013.468 7247.316
9021.432 7018.220
8613.437 6454.355
8143.151 7006.523
9000.294 6652.091
8698.635 6699.426
8326.664 6752.003
8472.206 7273.060
8501.762 6923.863
9044.375 6366.950
8502.316 7009.311
8444.138 6474.719
8927.880 6703.066
8464.566 7351.680
8750.641 7232.450
9250.924 6621.837
8502.231 6979.548
8376.866 6456.392
8502.165 6656.706
8586.191 6830.678
8735.333 6238.782
9107.169 6529.868
8206.404 7137.274
8904.791 6670.987
8679.520 6813.828
9209.567 6439.936
8697.581 6635.456
8294.012 6534.023
8535.362 6880.761
8284.639 7091.999
8687.665 6362.324
8978.467 6983.882
8485.934 6931.298
8547.763 6393.953
8819.388 6280.306
8359.700 6597.395
8582.472 6387.973
8990.020 7271.827
9246.530 6288.028
8839.129 7274.043
8569.904 6507.024
8227.703 7073.575
9039.624 7174.302
8770.864 6295.158
8841.679 6582.356
8571.335 6757.735
8821.958 7046.367
8631.653 6689.978
8725.137 6996.215
9240.634 7274.438
8453.807 7042.314
9056.371 7088.617
8194.552 7254.289
8557.990 6559.447
8887.018 7259.620
9252.038 6240.549
9126.120 6506.203
8798.005 7222.019
8943.784 7128.421
9197.272 6298.654
8920.235 7244.928
9110.760 6283.381
9131.075 6793.534
8854.266 6476.515
8351.568 6854.313
9100.903 6923.564
8742.587 6952.134
8193.734 7309.444
9203.917 6438.908
8243.304 6722.636
8313.663 7261.405
9200.605 7225.303
9037.314 7251.514
8673.577 7161.869
8672.650 6481.604
8478.334 6838.522
8356.190 6837.193
8274.040 6642.945
8781.886 7141.765
8658.915 6896.556
8713.314 7016.453
8949.558 6611.889
8691.964 6959.591
8380.495 6701.683
8853.746 6829.262
8319.100 7245.148
8938.934 6496.031
8926.795 6751.993
8229.680 6801.373
8210.749 6599.645
8574.879 6724.151
8958.386 6227.848
9048.573 6242.214
9000.196 6436.531
8627.445 6909.326
8808.126 6458.140
9003.601 6743.867
8724.629 6313.805
8481.664 6719.802
8483.207 6994.809
8999.373 7040.285
9097.741 6467.876
9178.089 6854.569
8253.693 6449.619
9045.612 7232.165
9005.375 6663.556
8789.527 7124.117
8988.168 7108.158
8646.291 6834.419
9185.787 7065.346
8452.816 7018.132
8609.778 6242.666
8447.613 6565.927
9167.479 6967.636
9092.113 6233.598
8969.794 6569.202
8880.823 7091.609
8769.058 6277.743
9253.102 6312.911
8817.377 6292.947
9132.721 6577.658
8157.567 6349.560
8133.440 6938.479
8464.643 6966.942
8435.309 6305.579
8939.932 6891.304
9224.393 6343.554
8358.222 6341.508
8155.082 6576.086
8949.274 7281.540
9040.164 7034.827
8861.626 7033.471
9015.991 6250.326
8274.562 6601.287
8536.306 6330.271
9011.904 6342.311
8292.468 6680.721
8985.263 6327.392
8200.503 6830.923
8639.901 6889.330
8819.958 6548.297
8294.738 7292.463
8142.606 6640.975
8513.385 7049.593
8836.382 6536.313
8727.107 7272.421
8743.971 6826.131
8431.278 6778.717
8711.653 7292.940
8524.998 6478.650
8605.320 6581.244
8590.736 6872.456
8627.381 6822.292
8692.967 7243.457
8620.732 6759.328
9078.520 6313.651
9237.825 6425.680
8919.249 6538.825
8712.336 7334.712
8823.743 6267.457
8689.977 7066.127
8236.851 6985.862
8814.535 6755.675
8529.073 6758.417
8716.394 7249.884
8890.931 6940.851
8651.971 6981.738
8277.111 6348.929
8385.007 7001.966
8830.552 6450.649
8928.710 6244.298
8492.628 6948.589
8248.330 6910.587
8281.712 6275.291
8691.259 6841.397
8315.409 6457.886
9037.616 7214.539
9016.950 6505.365
8711.336 7277.708
9042.665 6226.766
9234.556 6578.138
8812.888 7133.965
9156.908 7339.522
8647.607 6933.439
8659.892 6730.536
8285.786 7344.727
8889.197 6863.513
8936.548 7196.753
8797.532 6235.891
8295.499 6677.880
9254.808 7125.554
8172.094 6613.849
8122.021 7282.069
8160.059 6633.188
9145.536 6617.599
9072.563 6532.380
8169.294 6976.214
9009.193 6403.517
8168.472 6649.475
9003.561 6404.538
8842.169 7135.118
8775.826 6685.371
9011.437 6796.212
8968.417 6580.570
9054.047 6703.792
8980.994 6625.531
8695.200 7160.535
8565.818 6837.789
8343.551 6916.679
8849.522 6580.268
8990.745 7066.825
9232.535 7132.970
8898.639 7077.831
8291.105 6462.464
8164.074 6864.360
8126.052 6645.638
8734.569 6586.922
8793.566 6426.209
8389.170 6465.145
8916.569 6512.623
9163.524 6347.808
8512.144 6536.733
8270.610 6692.389
8976.308 6352.460
8899.826 7263.565
9138.193 6262.440
8393.012 6647.651
9021.355 6698.770
9124.865 6326.907
9125.588 6418.626
8711.825 6468.267
8173.358 6434.730
8337.129 6399.687
8226.016 6613.499
9066.053 7310.722
8723.738 7105.985
8582.016 6356.554
8348.911 7133.414
8135.104 7205.663
8378.947 6987.174
8772.360 7087.427
8233.272 6447.085
8782.839 6727.870
8147.553 7129.315
9102.648 6859.207
8936.672 7295.955
8323.345 6541.646
8982.841 6699.326
9112.777 6959.195
8645.709 7351.393
8777.182 6427.960
8269.366 6812.909
8375.404 7240.378
8788.020 6468.728
8195.765 7341.512
9081.139 7243.962
9051.658 7084.674
8770.736 6769.536
8776.540 6369.264
8571.837 7213.324
9110.397 6554.991
9143.901 6808.301
8909.125 6465.232
8552.343 7062.723
8545.155 6232.113
8827.267 7355.991
8724.834 7143.690
8347.717 6619.416
8739.663 7322.888
9204.545 6783.416
8642.507 7200.724
9146.576 6417.777
8316.830 7007.820
9061.345 6368.170
9135.207 6347.998
9243.486 6467.297
8889.397 7226.128
8203.634 6419.963
8374.428 6970.633
8770.823 7362.508
9163.006 7102.829
8590.839 6552.005
8957.038 6524.411
8899.113 6772.122
8299.951 6696.837
9117.245 6591.063
8350.979 7157.480
8599.776 6453.401
9123.327 7237.759
8462.705 7106.220
8488.083 6359.893
8984.699 6841.482
9013.504 7046.859
9136.691 7268.035
9148.833 7018.261
8697.755 6550.326
8603.563 6795.135
8150.749 6511.516
9117.386 6757.488
8840.682 7015.436
8674.096 7327.248
8675.383 7095.607
9171.544 6301.698
9184.709 7287.962
9257.389 6572.652
8859.127 6735.609
8761.844 6333.680
8909.299 6840.851
8338.464 6472.293
9240.317 6646.270
9057.413 7275.658
8274.082 6230.940
9044.250 6570.051
8301.116 7007.766
8765.030 7262.761
8904.236 6890.971
9175.897 6565.734
9157.853 6788.197
9171.219 7125.366
8168.228 6307.311
9122.862 6644.588
8173.762 7147.213
8324.483 6366.690
8690.596 7162.964
8275.513 7211.443
8449.679 6870.213
9254.071 7276.448
8217.097 6350.258
8707.128 7189.100
8183.926 6751.287
8210.978 6923.335
9199.386 7290.057
8192.547 6415.167
8182.559 7362.319
8789.457 6861.619
8323.059 7088.621
8408.435 7294.122
8515.702 6449.479
8385.792 7360.582
8634.731 7040.876
8748.515 6439.077
8992.812 6456.815
8315.919 7088.755
8514.798 6297.590
8764.205 6841.333
9188.952 6918.459
8979.506 7265.704
8864.740 7219.765
8656.911 6817.019
8520.550 6721.150
8494.325 6944.183
8883.007 6731.379
8201.536 6425.627
8284.679 6426.980
9186.068 6251.402
8328.238 6512.419
9046.578 6322.384
8129.654 7062.083
9206.864 6623.525
8235.824 7247.991
8951.391 6357.741
9113.350 6581.974
8385.822 7054.112
8630.257 7006.605
8818.421 7037.324
8490.622 6969.224
8430.160 7311.643
8696.637 6884.844
8861.634 6252.723
9116.451 6700.398
8521.779 7249.863
8604.085 6774.747
9202.793 7220.670
8189.300 6337.016
9136.673 7050.939
8525.383 7075.955
8343.321 6901.202
8160.115 6817.589
8276.794 7262.353
8367.785 7009.422
8679.197 6496.548
9251.694 6399.444
8533.759 6746.838
8175.534 7180.153
8481.860 7089.332
8920.662 6372.009
8674.032 6966.695
8676.401 6434.748
9035.785 7093.870
9115.830 6333.310
8303.513 7303.950
8197.202 6362.175
9202.296 6319.935
8202.737 7080.454
9092.184 6612.105
8972.627 7286.946
8485.747 6484.727
8805.629 6554.218
8454.466 7141.660
8397.111 6392.660
9004.923 6638.843
8313.625 7008.002
8148.408 7111.450
9229.464 6742.612
8492.221 6596.537
8813.970 6620.272
8322.370 6507.468
8807.111 7070.961
8578.214 7318.020
8610.962 6784.496
8193.914 6833.828
8637.055 7048.118
9014.122 6282.145
8458.897 7338.672
9182.801 6342.055
8235.294 6545.931
8679.488 6812.160
8540.860 6913.350
8543.886 7234.308
8698.712 6381.548
8947.256 7251.655
8510.804 7066.148
8645.391 7104.192
8264.612 6554.363
8852.471 7217.499
8935.361 6810.780
8502.656 6512.009
8326.517 7091.240
8809.420 6836.413
8762.701 7301.272
8139.895 6873.443
8569.488 6884.895
9240.156 6766.922
9210.470 7050.239
9156.807 7014.028
8871.963 6646.427
9018.164 7303.023
8323.754 7252.650
9238.440 6580.562
8531.049 6692.215
9125.032 6579.824
8896.977 6262.622
8173.492 7327.321
8865.993 7361.376
8783.379 6843.903
8474.585 6983.593
8291.745 6254.188
8331.964 7130.982
8671.677 6671.554
9150.143 6483.680
8353.946 7263.217
8741.281 7211.653
8740.118 7133.320
8805.729 6583.621
8662.878 6640.113
8792.400 6838.334
8527.640 6704.233
8384.855 6952.836
8181.073 6936.451
8567.515 6398.548
8928.841 6642.723
8797.258 6585.214
8294.434 7319.895
9171.926 6551.802
9054.273 6663.300
8201.807 6248.683
8386.932 6983.165
9091.644 6889.763
9137.585 7339.653
8324.378 6354.412
8391.419 6329.097
8242.101 6545.502
8589.927 6473.988
8357.192 6568.518
8603.524 6992.792
8390.227 6866.580
9041.953 7064.297
8305.652 6625.591
8655.362 7217.152
8386.620 6541.520
8451.272 7037.053
8134.155 6857.218
8613.022 6770.097
9005.831 6640.402
8919.517 6885.003
8355.104 6439.708
8339.070 6973.254
8810.618 6762.026
9118.369 7004.857
8777.099 7033.040
8228.584 6998.305
8265.528 6881.949
8448.105 6867.833
8430.542 6569.592
8480.389 6571.889
8684.634 6805.389
8721.207 6423.304
8776.774 6892.087
8619.333 6720.492
8126.763 6319.189
8900.544 7182.299
8261.658 6534.952
8710.452 6619.622
8789.771 6645.634
8646.221 6626.235
8509.595 6247.171
9033.470 6415.994
8910.410 6770.806
8955.197 6753.227
8936.952 6467.366
8690.667 6520.109
8690.319 6347.086
8613.687 7111.021
9176.570 6769.724
8802.070 7286.237
8315.508 6446.174
8308.606 7097.950
8970.083 7198.077
8625.671 6990.193
8419.742 6513.735
8712.089 7220.026
8727.415 6442.289
8273.360 6310.586
8521.884 6922.152
8456.160 7305.601
9110.729 6800.399
8840.167 6419.949
8369.859 6792.046
8366.275 6997.595
8685.567 6939.734
8826.069 6800.844
8854.625 6428.408
8957.850 6676.059
9257.203 6779.294
8713.860 6354.235
9211.435 7054.620
8846.509 7257.448
9039.856 6781.496
8894.258 6393.927
8939.487 7231.318
8133.239 6536.388
8661.160 6642.631
8520.468 6455.202
9116.243 7071.305
8541.413 6606.022
8332.309 6774.379
8806.344 7346.963
8951.044 6230.123
8690.933 6680.619
9237.091 6460.353
8432.305 6602.032
9101.768 6538.086
8197.422 6609.461
8338.389 6941.582
9035.995 6424.676
9138.194 7179.040
8985.454 6956.840
9116.081 7213.250
8450.655 7110.981
8871.434 6303.334
9167.631 6452.834
8699.811 6595.954
9099.085 6294.671
8228.380 6990.160
8905.425 6833.599
8652.834 7361.341
8439.718 6852.069
8199.937 6905.397
9214.965 6227.135
8434.391 6450.593
8357.274 6387.117
8584.360 7351.556
9018.726 6628.705
8873.884 6408.531
8762.438 6695.855
8919.571 6940.209
8785.559 6406.304
9240.659 6481.326
8527.601 7065.216
9162.909 6529.494
8195.374 7089.929
9253.255 6874.227
8567.859 6667.539
8249.773 7045.885
9009.980 6376.377
8986.828 6879.842
8974.376 6901.995
8207.592 6347.273
8125.935 6282.566
8585.917 6579.530
8191.380 6704.353
8510.816 7282.674
8734.021 6406.526
8768.866 7073.410
8552.976 6241.671
9167.992 6855.813
9222.251 6934.347
9193.937 7323.568
8240.217 6474.050
8352.472 6352.360
8322.276 6938.131
9175.676 7170.174
8372.728 6933.520
8205.020 6504.819
8495.408 6264.447
8821.117 7344.472
9063.172 7249.492
8944.313 6437.749
8326.571 6917.057
9170.822 7284.168
8673.812 7302.882
8948.843 6504.670
9127.111 6845.401
8360.291 7226.734
8214.593 6323.064
8530.407 7176.437
8869.576 7272.212
8199.302 6747.415
8866.726 6743.813
8510.605 6876.905
8632.213 6894.021
9005.091 6919.776
8818.932 6324.122
8440.700 6476.591
8483.908 6549.540
9098.283 6369.490
8739.389 6298.807
8515.868 6731.668
8880.292 6740.167
8730.797 7324.963
8215.292 7107.819
8703.494 6492.065
8892.338 6534.661
8131.762 6743.317
9048.140 6326.144
8441.126 6449.599
8302.513 7076.856
8343.029 7169.610
9012.420 7107.254
9186.699 7244.277
8854.392 6867.268
8737.666 6346.430
8583.143 6802.341
9189.503 6266.079
8218.498 6477.181
8481.581 7338.089
8877.084 6481.499
8428.210 7036.627
8895.843 6926.259
8319.638 6478.665
8527.959 7326.591
9233.631 6584.087
9140.027 6369.319
8403.944 6477.142
8289.576 6710.699
8264.437 6896.883
8768.837 6377.689
9152.606 6415.973
8627.940 6597.044
8803.625 6952.800
8284.477 6765.660
8797.654 7254.708
8181.499 6250.339
8675.272 6481.073
8944.834 7166.982
8664.195 6998.790
8239.792 7239.229
8458.158 6517.115
8916.656 6866.847
8123.169 6967.578
9174.853 6804.242
8792.052 6936.815
8336.022 7203.256
8953.750 6914.924
8442.409 7037.314
8839.535 6616.969
8225.650 6507.378
8124.425 6622.276
8742.421 6548.082
9060.168 7170.359
8771.699 6755.408
9258.149 6458.786
8727.144 6664.857
8604.328 6431.288
9069.916 7154.646
8788.405 6731.290
8450.285 6397.214
8123.540 7276.549
8634.067 6302.015
8789.695 7204.889
9222.667 6279.642
8232.958 6683.314
8783.169 7059.741
9101.606 6750.214
8941.978 7330.707
8515.617 6442.980
8803.049 6727.046
8312.436 6779.450
8691.885 6751.301
8747.904 7304.219
8707.778 6484.995
8484.178 6241.485
9050.030 6299.592
8755.451 7197.605
8932.112 6823.215
9143.172 6686.522
8500.475 6862.335
8711.643 6858.872
8376.519 7336.062
9092.221 6848.914
9024.207 6820.893
8267.424 6441.987
9018.834 6872.100
9221.101 7325.389
8331.352 6277.562
8528.594 7303.668
8709.873 6967.827
8567.989 7236.123
8176.525 6679.012
8151.449 6789.611
8702.978 6409.317
8295.083 7237.948
9195.993 7056.939
8481.086 6830.292
9110.051 6362.919
8731.960 6745.616
8270.753 6439.107
9162.763 6993.736
8333.322 7302.300
8811.887 6937.326
8605.580 6627.991
8558.866 6331.557
8622.903 6794.430
9033.626 6237.406
8892.127 6983.215
8616.248 7249.391
8555.752 6819.015
9010.138 6679.769
8298.940 6299.986
8470.061 6447.473
8847.040 7128.364
8536.997 6272.979
9176.180 6412.522
8740.203 6439.808
8559.983 6845.655
8632.991 6522.128
8563.273 6969.444
9017.541 7293.099
8250.824 6738.695
9224.264 7019.926
8355.402 7131.672
9195.783 6938.349
8168.198 6954.855
8383.271 6554.430
9053.017 6545.593
9166.924 6383.634
8141.952 7321.619
8145.995 6592.294
8370.720 6324.573
9030.297 6557.450
8955.170 6806.336
9143.277 7199.364
9028.055 6423.391
8213.024 6306.569
8438.581 7102.583
8247.177 6633.913
8547.305 6460.784
9234.926 7338.212
8516.846 7121.137
8341.215 7206.873
9051.047 6563.562
8664.424 6444.780
8362.613 6949.974
9088.155 7099.678
8404.303 7041.169
9235.012 6358.743
8195.005 6903.658
9249.990 7280.990
9110.632 7088.064
8369.508 6323.072
8381.528 7128.128
8338.661 6865.942
8629.331 6375.205
8723.829 7312.588
8864.018 7054.451
8282.990 6501.504
8787.248 6509.689
8822.376 6705.435
8461.422 6607.696
8568.690 6615.830
8853.499 6441.822
8642.754 7262.474
8882.995 6569.108
9180.693 7228.774
8552.496 6346.502
8585.279 6264.802
8565.554 7050.942
8178.808 6558.451
8612.382 6342.399
8654.048 6421.244
8950.150 7302.542
8489.584 7281.290
8946.631 6473.911
9059.020 7263.911
9164.007 6586.971
8413.589 6651.501
8926.754 7253.163
9110.934 6332.056
9016.235 7306.514
8337.042 7118.128
9069.131 6559.796
9102.530 6458.396
9010.548 6806.910
8879.790 7131.149
8787.889 7193.848
8239.218 6536.425
8387.040 7346.270
8172.549 7051.219
8344.158 6522.431
8569.422 6422.117
9016.351 6234.154
9243.165 6290.087
9228.602 6432.350
8149.078 6670.814
8564.211 6605.232
8621.646 7003.720
8609.712 6478.457
9233.188 6386.929
8157.402 6761.816
8131.294 6433.876
8675.344 7221.569
8520.999 6944.115
8634.418 6744.517
8297.914 6702.625
8386.405 6353.921
9019.635 6394.935
8700.697 6845.007
8743.370 6226.529
8808.032 6246.820
9232.715 6880.732
9059.531 7002.354
8850.547 6535.082
8825.109 7227.008
8977.624 6843.336
8430.343 7099.069
8714.507 6434.795
8399.583 7143.567
8179.997 7163.525
8317.694 7175.215
8161.782 6363.519
8184.467 6447.923
9139.094 6965.949
9018.184 6496.088
8239.066 6652.471
8310.076 6347.370
9143.881 7306.384
9143.707 6310.534
8149.149 7342.359
8371.250 6959.190
8620.700 7117.620
8656.059 6383.495
9145.055 6405.861
8671.478 6427.168
8514.370 6503.147
8743.609 7131.460
9001.143 7042.035
8138.462 7013.695
8239.121 6899.643
9201.774 6457.544
8861.301 7270.390
8959.853 6706.853
8801.658 6945.266
8762.540 7026.346
8419.252 6741.668
9012.900 6506.268
9153.924 7295.699
9206.261 6815.321
8650.921 6790.377
8351.532 6822.077
8252.613 6648.196
8383.092 7233.504
9140.115 6937.190
9229.497 6237.431
8756.589 6252.945
8144.451 6994.096
8992.091 7087.747
9058.461 6544.448
8746.562 6254.090
8172.926 7047.132
8944.212 6899.662
8256.360 7085.438
8812.474 6925.215
8174.909 7130.513
8191.071 7179.424
8525.636 6234.771
8820.367 6794.316
9123.001 7234.217
8300.080 6618.778
9029.264 7033.383
8993.775 6916.821
8600.190 7315.717
8746.203 6687.954
8370.183 6399.629
8481.257 6870.166
8584.517 6841.469
9177.060 7067.221
9241.051 7117.592
8463.885 6812.975
8495.866 6647.438
9115.215 6350.230
8550.409 6405.849
8533.381 7353.212
8133.310 6647.832
9015.621 6773.353
8850.159 6651.496
8340.417 6663.434
8625.158 6510.425
8484.279 6397.960
8879.396 6552.277
9195.286 6559.145
8842.137 6937.661
8470.508 6938.676
8575.334 6673.462
8308.565 6895.945
8515.168 6480.108
8886.463 7193.449
8919.045 6574.725
8842.079 6592.199
8232.232 7267.197
8971.033 6314.483
8250.671 6625.076
8197.063 6607.524
8173.130 6289.919
8126.580 6337.033
8154.882 6279.979
8580.735 7351.273
8227.040 6692.521
8792.683 6252.771
8739.765 7026.474
8991.855 6953.913
9252.631 6895.373
8449.638 7291.196
9158.240 6790.091
9118.289 7081.722
8668.669 6443.278
8539.735 6969.888
8419.960 6243.653
8965.755 6492.525
8469.404 6247.745
8209.528 6652.424
8912.792 7228.339
8178.984 6367.860
8544.076 7040.640
8859.829 7164.962
9099.152 7099.650
8283.423 6369.891
8563.985 7230.565
8470.651 6656.677
8954.135 6710.799
8557.097 6900.516
8642.947 6648.129
9089.901 6541.565
9149.084 6894.809
8806.707 6987.893
8694.046 6400.073
8947.509 6495.260
8283.560 7057.982
9019.991 7121.963
8813.628 6375.241
8656.169 6280.417
8572.077 6627.330
8298.776 7204.976
9175.606 6884.888
9211.394 6685.697
9061.131 6261.150
9080.813 7272.197
8775.101 6793.767
9247.404 6453.027
8975.906 7196.861
8841.106 6429.583
9047.708 6490.898
8342.946 6502.408
8164.175 6654.007
8991.517 6690.562
8641.536 6292.700
8175.211 7066.201
8687.104 7111.487
8634.389 6271.563
8376.664 6531.276
8775.495 6723.190
9118.626 6600.214
8467.390 7227.105
8753.849 6347.395
9043.861 6236.218
8499.030 6767.468
9078.964 6771.997
8997.858 6881.351
8159.332 7009.995
8470.739 6246.606
8919.920 6963.061
8566.999 7236.623
9215.216 7215.192
8802.203 6286.742
8305.289 6896.188
8125.094 6501.776
9117.348 7072.662
8217.174 6367.843
8879.252 7167.623
9074.606 7110.121
8760.660 6830.068
8245.421 6952.816
8468.289 6689.281
8228.182 6349.321
9142.517 6473.444
8841.440 6260.914
9225.648 6656.499
8309.232 6667.641
9066.848 6442.657
8305.157 7094.151
8404.201 6764.065
8695.783 7106.838
8986.163 6846.273
8264.346 6568.229
9140.159 7321.477
8374.246 6477.328
9212.202 6823.523
8435.219 7075.524
8354.414 7156.671
8895.769 6553.040
9068.013 6524.608
8794.396 6683.648
8280.420 7164.635
8383.784 6698.229
8789.926 6878.984
8626.500 6885.998
8304.432 6422.669
9194.983 6590.967
9242.835 6570.799
8284.744 6580.663
8389.234 6985.573
8672.100 6361.232
8279.835 7242.187
9041.515 6438.563
8994.980 6508.337
9122.658 6856.333
8788.087 6691.118
8951.834 7172.478
8718.425 6257.964
8760.824 6613.890
9203.379 6802.465
8617.026 6492.835
8841.558 6348.401
8868.802 6978.334
8565.202 7241.013
8183.190 6469.870
8661.503 6913.547
8212.565 6814.401
9082.821 6406.428
8412.686 6758.270
8511.809 6331.737
8901.114 6712.791
8144.071 7193.059
9169.193 6509.323
8618.777 6603.780
8373.859 6242.559
8652.289 6815.756
8331.012 6801.699
9171.331 6971.237
8356.402 6231.526
8549.575 6337.765
8966.925 7083.239
8383.418 7193.974
8419.217 6755.765
8730.334 6944.693
9025.518 6706.892
8180.842 6966.298
8389.060 7338.135
8447.362 7131.019
8856.818 7330.297
8129.260 6897.868
9165.413 6868.998
8490.710 6767.738
8502.649 7033.082
8988.013 7223.867
8772.537 6474.260
8169.341 7357.990
9028.811 7234.763
8879.331 6576.094
8441.471 6614.436
8765.339 6513.030
8587.969 7153.831
8957.195 7096.853
9183.159 6851.275
8324.241 6527.433
8499.592 6953.099
9095.594 6622.717
8825.797 7342.648
8194.976 6607.818
8918.706 6228.015
9138.965 6665.940
8255.403 7084.268
9213.047 6476.148
9165.146 6554.748
8179.261 7321.716
8874.430 7173.368
9123.504 7244.286
8601.875 7108.661
8482.625 6688.439
8345.828 6829.264
8481.307 6283.039
8381.317 6512.379
8143.857 6529.524
9167.696 6650.813
8515.714 7029.035
9052.852 6312.016
8442.212 6705.292
8600.753 6305.692
9233.923 6334.849
8732.020 6737.915
8369.628 6789.233
8507.375 7319.324
8795.177 6710.527
8982.337 6334.027
8704.134 6356.546
9013.011 6259.098
8656.509 6935.563
8428.453 6409.993
9253.166 6563.563
8262.361 6775.403
8347.447 7072.825
8665.973 6980.624
9202.393 6971.317
8157.450 7061.258
9038.613 6266.625
9103.733 6400.447
8284.436 7286.514
8542.068 7136.921
9025.760 7150.103
8400.560 7330.859
9067.131 6925.049
9014.267 7242.385
9099.754 7185.642
8757.371 6688.051
8645.805 6734.759
9014.823 6499.849
8809.814 6486.348
8846.091 6388.903
9120.765 7344.676
8204.037 6393.057
9248.494 6867.576
8476.975 7069.985
8581.763 6794.519
8233.894 6640.915
8585.174 6665.527
9221.148 6492.861
8496.308 6523.225
8258.547 6379.676
8856.369 6751.397
8240.805 6481.197
8916.880 6819.576
9050.052 6893.762
9062.104 6345.207
8459.364 6865.848
8171.314 7337.242
8281.734 6542.692
9026.028 6244.988
8792.454 6240.743
8158.292 6376.231
8126.735 6714.686
8475.451 6867.653
9090.127 6804.557
9205.011 6284.593
9162.648 6640.768
8592.900 6662.704
8297.401 6634.532
8435.559 6567.335
9147.725 6606.690
9125.777 7334.529
8388.267 7274.656
9085.951 6965.420
8372.661 7002.393
8370.648 6911.474
8345.947 7223.993
9182.271 6481.071
8544.182 7215.662
8367.524 6612.580
8956.276 6885.268
9159.154 6786.289
8511.364 6609.633
8493.463 7050.302
8747.808 6878.529
8564.831 7131.993
8914.005 6517.635
8595.459 6240.800
8319.283 7166.493
8129.486 6510.761
8161.265 6671.492
9135.002 6823.616
8829.764 7219.806
8168.550 6618.598
8834.227 7094.274
9107.543 6371.939
9040.001 6947.286
8344.313 6493.854
9100.600 6265.665
8658.539 6856.216
8252.758 6331.548
8157.440 7099.702
9087.843 7129.700
9142.421 6662.444
8616.423 6320.490
8376.130 6265.735
8338.670 7261.891
8216.593 7150.128
8515.984 6569.890
8352.930 6434.296
8950.081 7271.703
8714.016 7233.807
8590.870 6980.125
8838.098 6619.121
8898.275 6271.904
9006.066 7257.688
8960.452 6668.879
8162.898 6946.092
8852.520 6752.008
8752.839 7004.355
9229.102 6549.380
8393.699 6307.435
8252.966 7106.705
8939.109 7036.506
9007.171 6716.187
8274.683 6775.639
8391.782 6688.741
8840.339 6683.971
8750.815 7183.835
9179.527 7238.947
8911.422 6913.435
8226.179 6429.279
9223.988 6663.227
8997.902 6336.944
8203.027 6688.615
9190.714 7022.686
9230.355 7085.009
8481.132 6732.858
9065.451 6905.603
8998.705 6980.292
8698.620 6844.827
9106.311 6359.281
8136.319 6865.416
9168.204 6318.208
8291.138 6417.275
8305.322 7024.243
8608.588 6625.795
8795.681 7139.483
8975.383 6838.711
8994.147 7290.240
8842.059 6767.859
8559.034 6451.504
8898.811 6540.398
8229.339 6765.072
8824.168 6245.784
8803.811 6809.639
8262.943 7352.563
8201.300 7137.735
9097.849 6226.491
9243.115 6699.068
8323.105 6444.306
8272.934 6813.913
8226.041 6415.698
8132.899 7261.822
8283.646 7121.477
8869.828 6774.960
8458.171 6376.433
9164.219 6723.590
9025.033 6924.466
9132.426 6340.058
8483.581 6889.794
8528.570 6997.208
8543.505 7084.547
8148.436 6331.946
8649.804 6457.105
9160.183 6862.549
8352.321 6456.162
8259.939 6515.239
8815.121 6592.826
8866.063 6876.300
8537.755 7134.234
9036.346 6983.538
8369.346 6480.553
8572.977 7267.414
8924.746 7130.234
9219.212 7058.014
8353.772 6510.381
9186.613 6557.091
8138.032 6472.727
8834.295 7224.373
8593.683 6253.748
8682.634 7251.791
8852.301 6713.300
8338.098 6474.811
9008.961 6977.900
8908.465 7249.090
8497.661 6228.024
8873.777 7108.988
8568.430 7192.072
8613.795 7260.255
9181.323 6644.619
9093.063 6658.308
8927.398 6904.903
9153.887 7162.439
8808.810 6928.665
8256.013 7065.682
8985.729 6545.456
9164.545 6622.796
8529.414 7173.684
8585.041 6886.740
8503.483 6733.672
9029.698 7028.209
8633.008 6456.064
8162.753 6750.637
9151.427 7066.963
8499.051 7140.843
8825.512 7031.346
8425.632 6531.680
8479.294 7136.636
8652.163 7167.299
8141.950 6416.649
8768.757 6396.136
8245.323 6654.055
8842.939 7015.984
9233.711 7006.980
8446.766 6671.828
8244.134 6688.268
8970.779 6303.592
8807.088 6310.835
8605.809 6463.833
8264.929 6722.186
8531.376 6521.839
9179.710 6420.332
8581.599 6247.109
8575.860 7183.068
8386.726 6548.537
9217.401 6878.784
9030.036 6253.441
8481.909 6927.328
9243.214 6333.948
8147.872 6291.760
8572.761 7126.637
8189.070 6798.254
8198.760 7349.836
8935.613 6583.983
8188.666 7287.427
8625.609 7180.654
9027.431 7034.369
9162.630 6953.971
8876.973 7173.268
8722.192 6997.410
8153.920 6295.342
9184.162 6549.416
8729.419 6899.592
8981.157 6614.656
8595.172 6367.146
8547.546 6525.678
8679.630 7136.690
9061.399 7320.965
8577.813 7226.294
8854.529 6785.260
8594.555 6400.650
8595.187 6334.931
8842.903 6899.356
8893.069 7031.482
8871.938 6846.889
8263.519 6414.992
8815.801 6414.273
9088.433 6505.997
8887.695 7232.591
8410.150 6305.423
8608.867 7326.418
9099.459 6268.401
8797.608 7298.101
8381.169 6882.093
8648.758 6227.659
8584.979 6839.741
9053.466 7137.197
9069.657 6739.363
8247.797 6427.894
8436.529 6924.979
8175.533 6678.427
8378.542 6865.471
8759.084 6882.100
8612.485 7261.226
8755.389 6434.413
9156.219 6600.876
9253.548 6575.034
8900.625 6273.545
9152.542 7035.913
8557.752 6883.928
8693.307 7200.133
8324.273 7134.164
8516.771 7341.059
8592.159 6695.013
9042.975 6471.005
9122.354 7318.759
8769.132 6340.599
8394.540 6731.050
8823.345 6325.002
8821.954 6315.150
8647.411 6531.838
9143.705 7132.754
9075.950 6698.954
9060.140 6642.534
8323.130 7059.739
8787.870 7335.763
8655.963 7194.922
8968.103 7162.154
8529.999 6468.417
8215.454 6921.526
8583.810 6914.073
8268.490 6838.906
9229.597 6826.601
9048.798 6557.396
8661.457 6411.733
8326.522 6659.455
9196.279 6489.965
8495.036 6533.937
8596.033 6937.651
8465.302 6242.846
8517.309 6927.036
9164.135 7012.695
8915.521 6287.580
8927.166 6790.907
8699.954 6446.144
8451.149 6925.119
8543.704 6580.245
8972.881 7074.120
8798.777 6831.322
9003.968 6895.346
9169.453 6518.726
8662.166 6269.488
8820.104 7203.656
8610.003 6253.275
8140.943 7133.338
8412.444 6481.439
8293.921 6314.042
8766.928 6642.769
8364.436 7195.900
9078.679 6464.760
8619.637 7350.536
8790.967 6405.405
8771.684 7298.434
8697.799 7057.294
9034.581 6975.576
8902.379 6871.598
8244.818 6872.866
8308.028 7286.102
9214.582 6713.545
8608.706 6233.712
8245.459 6821.043
9163.810 6272.836
8330.091 6328.727
8801.473 6345.151
9034.256 6253.273
8447.292 6863.923
8456.010 7006.747
8823.645 7217.969
8394.774 6743.504
8917.903 6533.667
8901.650 6346.454
8739.677 6385.547
8968.462 6644.467
9117.464 7073.286
9195.492 7353.619
8940.561 6818.411
9214.175 7259.122
8320.345 6511.369
8349.433 6662.237
8254.419 6336.547
8484.962 7288.877
8434.371 6236.749
8857.826 7205.554
8131.233 6462.633
8961.560 6314.590
8263.783 6833.944
8820.842 6930.526
8909.968 6466.605
8289.536 6253.009
8578.452 6657.484
8575.429 6442.786
9128.143 6875.546
9083.075 6723.772
8183.584 6700.583
8581.231 6325.044
8314.321 7205.941
8300.356 7062.217
9090.341 7332.637
8629.442 6655.075
8123.891 6726.623
8677.933 6287.309
8265.438 6758.104
8822.134 6478.763
9136.093 7176.951
8337.483 6276.967
8685.577 7285.701
8541.505 7095.500
9142.451 6803.331
8446.721 7074.066
8363.847 6727.108
8470.668 6670.301
9177.440 7176.219
9098.333 6892.940
8786.328 7258.303
8545.548 7207.219
8992.451 6574.325
8231.776 6517.702
8280.072 6960.779
8537.102 7021.337
9190.304 6418.156
9102.932 6775.318
8444.541 6783.188
8517.947 7272.357
8409.912 6903.006
8280.268 6354.194
8378.702 7327.426
9174.076 7175.951
8967.297 6325.943
8775.881 6457.550
8921.929 7361.857
8793.152 6276.727
8527.021 6476.889
8407.157 6968.470
8228.634 7279.622
9087.028 7349.977
8699.567 7114.181
8388.194 7133.651
8581.643 7337.913
8596.596 6752.701
8828.435 7165.171
9048.074 7202.249
8416.052 7359.557
8410.280 6484.876
9107.422 6498.656
8366.344 6469.958
9144.635 7080.299
9257.628 6955.906
8188.950 7312.104
9142.100 7212.342
8811.743 6986.321
9253.387 6874.291
9127.120 7293.368
8124.337 7007.432
8131.174 7144.501
8682.275 6774.040
8857.542 7288.796
8872.657 7141.984
8788.973 6884.474
8316.202 7188.507
9184.334 6232.883
8516.203 6778.060
8702.666 7247.921
8369.467 6908.495
8815.715 6313.750
8522.387 6231.234
8436.586 7311.008
9191.344 7058.867
8933.406 7139.008
8960.640 6719.894
8439.583 6861.712
8457.283 6723.723
8962.153 6697.274
9135.286 6375.385
8137.844 7263.316
8451.594 7052.502
8374.385 7124.072
8201.186 6800.031
8838.450 6744.756
8601.499 6662.377
9008.199 7094.194
9056.294 6758.697
8272.133 6228.599
8212.402 6414.906
8139.930 6493.469
8522.503 6924.249
8557.208 7285.160
8407.980 6477.017
9007.769 6594.643
8183.311 6361.233
8556.257 6425.547
8604.018 6740.807
8453.039 7113.603
8839.088 6996.995
8601.346 6436.278
8503.413 7061.963
9228.841 7082.080
9200.093 6242.843
8962.965 6404.905
8837.636 6554.652
8943.518 6762.372
8309.275 6891.132
8281.097 7121.343
8400.696 7292.367
8687.891 7317.307
8529.896 7212.116
8733.299 6319.735
8701.101 6588.702
8299.177 6836.818
8503.110 6484.043
8578.129 6873.018
8363.271 6273.600
9172.008 6516.138
8395.581 7135.488
8480.222 6630.686
8511.045 6266.383
8154.635 7148.148
9085.369 7007.741
9034.177 6624.451
8838.321 6713.685
8485.975 7092.550
8679.576 7009.234
8220.769 6594.848
8202.591 7037.498
8257.312 7260.919
8490.505 6751.808
8494.170 6767.825
9081.056 6750.647
8888.601 7172.169
8389.000 6772.323
8408.001 7307.762
8797.178 7068.958
9245.660 6553.179
8855.503 6513.276
8943.086 6872.191
8684.756 6637.986
8207.166 6543.990
8165.060 6550.936
8745.917 7109.028
8434.519 6978.575
8542.879 6596.860
8421.310 6287.789
8518.390 6300.781
8308.444 7179.627
8758.568 6970.961
9161.607 6948.325
8946.460 6441.074
8293.216 6438.390
8974.969 6497.569
8321.936 6515.157
8921.165 6795.223
9013.672 7080.611
9233.207 7219.778
8747.713 6965.730
8890.330 6841.193
8618.288 6424.803
8549.666 6942.822
8176.193 6651.449
9195.347 6279.307
9053.470 6332.601
8131.312 6943.866
8571.628 6946.058
8124.579 6271.658
8141.166 6798.667
9210.538 6689.339
9008.431 7191.491
8339.874 6536.209
8595.120 6822.888
8146.470 7235.578
8986.415 6643.340
8150.151 7205.358
8220.278 6431.495
8282.140 6492.035
9167.436 6598.338
8448.533 6520.722
8710.997 6637.519
8432.056 7327.375
8858.933 7042.459
9023.020 6975.750
8344.103 7239.220
8360.373 7319.730
8421.819 6806.966
8666.591 7081.788
9187.751 6304.372
8480.086 7072.285
9146.397 7145.114
8851.971 7212.272
8521.841 7050.015
8407.362 6856.480
8992.352 7064.020
8688.744 7240.672
8386.444 6779.800
9168.127 7119.633
9238.323 6967.696
9221.219 7097.695
8350.658 6714.163
8517.070 7137.232
8344.026 6548.472
9124.373 7101.172
9166.251 7156.647
8128.637 6704.428
9221.370 6584.938
9214.537 6921.842
8465.861 6682.625
9174.062 6568.940
8208.613 6970.292
8674.274 6646.070
8579.475 6355.998
9154.285 7323.424
8563.567 7265.467
8378.420 6838.538
8958.216 6997.236
8887.025 6404.218
8182.721 6367.776
8221.567 6531.565
8929.036 7106.905
9205.923 6350.311
8947.039 6917.116
8836.702 6991.975
8992.946 6359.373
8540.062 7276.943
9019.027 6501.494
8134.111 6396.284
8430.829 6856.999
8848.487 6864.073
9219.153 7294.793
8163.566 6247.337
9159.380 6855.410
8167.403 7256.694
8957.999 7288.819
8987.472 7322.559
8347.012 7184.390
9207.981 6737.518
8264.264 7064.257
9140.078 6698.804
8794.894 6543.804
8848.731 7122.994
8689.388 6398.267
8694.796 7051.939
8973.695 7261.773
8231.995 6228.500
8692.417 7160.220
9009.635 6691.959
8874.305 6624.397
8222.234 6562.727
8665.875 6615.486
8245.135 6581.596
9171.723 7167.525
8811.401 6387.490
9145.780 6515.050
8941.518 6876.640
8659.675 6894.359
8666.306 7040.647
8727.193 6830.054
8738.381 7028.639
8316.466 6945.876
8777.783 6498.509
8987.840 6799.655
8355.854 6794.385
8932.070 6665.557
9093.957 6767.362
9220.671 7253.280
9130.224 6975.250
8948.016 7318.074
9125.005 6438.814
8684.791 7353.371
8846.504 6807.189
8603.503 7281.198
8302.227 7325.868
8669.972 6799.251
8703.878 7227.562
8411.826 6233.726
8949.464 7355.743
8580.402 6819.458
8505.088 6230.453
9111.112 7216.948
8631.612 6656.010
9116.870 6999.808
9068.899 7279.059
8912.683 7301.540
8257.302 7244.390
8151.774 7252.188
8691.919 6927.173
8163.083 7031.041
8942.690 7141.283
8952.825 7337.408
8463.609 6564.694
8642.840 6438.035
9204.198 7100.653
8478.965 6247.737
8322.007 7087.012
9250.747 7039.356
8365.687 7226.781
8836.922 6274.270
8893.593 6751.074
8994.313 6326.714
8933.681 7353.227
9178.987 6750.011
8972.435 6646.110
8908.592 7303.284
8585.541 6800.122
9159.935 7116.884
9142.264 7322.421
8302.395 7331.877
8937.772 6987.970
8466.377 6685.335
8218.128 6509.970
8868.510 7346.004
9179.087 7245.924
8477.863 6758.054
8657.043 6917.920
9012.291 6540.740
9206.704 6359.039
8278.090 6367.367
9111.464 7075.878
8942.111 6364.885
8594.486 7178.817
8418.739 6645.016
8277.373 6349.804
9209.737 6640.896
9240.857 6861.127
8629.544 6407.733
8429.576 6707.905
9238.204 6238.149
8667.755 7207.278
8171.729 6547.556
8512.710 7203.870
8492.235 6465.244
9052.429 6901.715
8436.645 6952.757
8800.833 6539.827
8432.089 6965.354
8845.667 6391.637
8371.874 6886.169
8619.214 7042.400
8158.737 7338.553
8578.169 7209.285
8220.444 6910.327
8973.253 7141.445
8747.461 6323.786
9233.019 6906.504
8466.363 6891.177
8193.369 6787.517
8801.019 6271.336
8523.138 6603.330
9001.918 6569.639
9081.364 6623.631
9038.789 7295.836
8216.307 6558.203
8461.860 6413.275
8612.553 6921.948
8930.094 6278.328
8274.644 7318.542
8663.285 6480.350
8418.989 6505.104
8925.199 6986.917
8161.826 6931.641
9255.897 7170.411
8627.717 6688.625
9238.210 7227.126
8139.099 6827.120
8402.430 7067.846
8979.463 6522.286
8978.814 6417.325
9002.724 6559.695
9172.400 7239.051
9192.407 6827.628
8494.867 6698.810
8315.036 7099.153
9077.569 6978.852
8618.333 6235.157
8976.950 7107.991
8876.454 6528.981
8130.553 6742.045
8192.906 6710.336
8137.644 6990.420
8479.585 7283.362
9034.047 6723.057
8231.131 6953.647
8659.772 6598.532
8959.403 6985.930
9123.852 6944.145
8453.481 7126.805
9249.541 6940.201
8970.963 7269.903
8197.107 7140.334
8274.646 6394.103
8875.486 6930.763
8684.146 6783.456
8253.568 6744.363
8615.961 7183.881
8185.588 6855.704
8351.101 7052.774
8134.568 7043.610
8147.681 6747.432
8334.832 6945.588
9079.124 6864.865
9244.237 6469.577
9168.669 7353.000
9225.089 7080.496
8522.971 6875.238
8792.110 6780.319
8236.404 7292.180
8263.483 7337.239
8882.585 7085.747
8663.957 6839.327
8546.572 6683.118
9191.540 6704.790
8446.606 6803.832
8400.591 6334.604
8285.560 6660.405
9192.203 6766.773
8152.974 6234.283
8292.859 7353.642
9182.023 6690.311
8998.543 7019.236
9102.188 6343.725
8663.063 6623.780
8639.242 6996.843
9114.500 7250.547
8799.284 7074.685
8592.723 6472.252
8394.444 7100.395
8693.998 6392.106
8821.715 6281.926
9157.571 7300.375
8125.713 7249.230
8274.090 6894.202
8630.330 6315.413
8246.787 6804.037
8165.313 6744.596
8641.466 6586.632
8629.272 6458.420
8839.735 7238.806
8494.605 6961.250
8746.359 6616.540
8208.324 6607.469
8389.275 7163.184
8818.632 6656.206
8907.568 6695.867
9189.066 6396.631
8977.405 7222.958
8535.487 6707.620
8159.803 6720.726
8863.635 6633.484
9243.120 7222.158
8470.579 6277.874
9149.409 6401.465
9108.472 7118.591
9174.656 6261.505
8294.597 7122.093
8476.532 7255.525
8278.502 6819.987
8913.966 7033.395
8507.570 7251.173
8217.597 6989.887
8883.462 6488.203
8426.483 6383.230
8688.877 7147.505
8534.387 6462.369
8372.753 6661.101
8932.828 6488.324
8246.779 7271.726
8939.242 6444.041
8725.285 6276.735
8833.544 6654.457
8525.026 6881.704
8535.514 7346.979
8440.757 6637.848
8136.447 6795.214
8927.082 6609.736
8860.656 6292.707
9089.561 7217.342
8450.038 6758.004
8820.739 6591.616
8757.587 7343.085
9107.412 6916.437
8195.307 6858.283
9220.478 6566.893
8839.559 6903.020
8963.214 6970.100
8797.141 6602.850
8845.526 6401.784
9121.852 6949.433
8838.671 7156.259
8757.322 6957.762
8585.784 7135.716
8448.357 6917.375
8737.876 6517.699
8994.467 7215.831
9186.520 6639.006
8601.906 7263.423
9071.180 6228.734
8959.798 6885.742
8762.008 7248.724
8717.390 7019.811
8749.578 7075.109
8394.573 7294.850
9241.832 6654.208
8657.979 6388.937
9035.268 6665.394
8714.897 7003.013
8704.075 6466.765
8453.723 7099.221
8308.313 6306.672
8514.200 6661.087
8724.670 6721.682
8711.461 6891.167
8245.397 7133.785
8329.584 6738.681
9004.013 6300.990
8804.048 6696.453
8347.357 6292.130
8139.132 6794.221
8784.687 7266.518
8160.305 6434.059
8372.982 7045.346
8647.093 6447.873
8354.909 7243.489
9217.950 6497.197
9241.931 6419.151
8775.144 6727.962
8607.064 7033.504
8923.190 6916.258
8999.530 6709.249
8273.919 7041.994
8763.395 6531.284
8422.174 6478.080
8500.141 6539.489
8363.827 6604.540
9056.463 6835.188
9039.281 6974.821
8854.993 7144.566
8608.863 6508.316
8458.838 6820.883
8352.968 6510.643
8257.045 6717.158
8329.810 7057.533
8432.814 6227.121
8431.096 6233.224
8700.017 6779.852
8634.341 6907.438
8570.704 7070.413
9047.163 7264.565
8797.578 7047.942
8768.683 7048.446
9116.635 6487.390
8679.722 6529.797
9047.701 7184.113
8563.392 7262.725
9083.980 6623.273
8151.103 7266.051
9049.756 6479.353
9090.079 6684.258
8235.156 6582.217
8365.833 6897.451
8182.163 7144.142
9206.854 6270.443
8208.048 7051.116
8350.425 6609.008
8641.656 6870.080
9238.265 6538.937
8740.062 6836.134
8243.256 6467.740
8296.236 7065.648
9064.673 7073.863
8558.801 6903.980
9039.715 6283.659
9070.599 6533.815
8544.925 6373.095
8316.409 6445.291
8271.349 6893.479
9069.755 6579.243
9122.930 6572.649
8362.627 6516.988
8443.072 6541.174
9013.412 6270.054
8216.901 6244.859
8960.415 6625.393
9171.034 6673.869
8964.823 6878.297
9086.294 6509.087
8665.798 6702.472
8620.807 6723.847
8863.993 6946.486
9139.135 7348.870
8540.100 6919.519
8170.056 6899.242
8508.135 7137.547
8786.111 7362.434
8248.632 6923.283
8519.805 6375.510
8553.075 7168.218
8960.808 6348.246
8736.997 6916.632
8311.637 6335.295
9249.731 6600.118
9048.762 6959.997
8744.954 6389.796
8480.725 6914.114
8609.571 6864.263
8877.805 6586.996
8774.359 6699.403
9129.375 7185.269
8451.978 6900.071
8241.997 7228.135
8565.877 6989.156
8679.950 6479.651
8903.081 6890.883
8302.203 6421.941
8682.944 7053.288
8487.894 6391.279
8417.847 7081.499
8619.648 6234.859
8922.662 6547.694
8406.402 6950.163
8904.743 6630.156
9006.865 7221.774
8596.586 6752.761
8510.675 7065.972
8588.924 6815.913
8818.938 6438.888
8734.837 6815.829
8634.111 6363.520
9141.893 6292.253
8153.732 6670.433
9216.402 7258.382
8439.054 6564.181
8438.050 7302.039
8990.703 6586.946
8977.685 7080.771
9228.391 7322.953
9170.197 6440.963
9003.869 7173.284
9030.315 7155.977
9088.729 6292.301
8269.997 7092.492
8212.480 7209.896
8230.082 7279.966
8253.038 6941.699
8627.971 6457.732
8521.999 6407.457
8774.758 7126.090
8300.520 7281.467
8673.031 7116.863
8816.599 6489.863
8595.166 7168.576
8356.859 6263.446
8581.522 7221.331
8297.021 6331.667
9218.790 6958.443
8597.236 6278.393
9134.029 6301.633
8309.422 7057.291
9048.959 6317.551
9061.619 6454.229
8623.577 7299.994
8231.051 7116.301
8734.197 7271.323
8216.370 6576.890
8365.743 6828.592
8917.400 7203.402
9034.315 6434.089
9175.821 6674.336
8960.936 7214.012
9157.489 6315.322
8432.222 6679.041
8810.075 7009.698
8689.634 6560.352
8415.641 6507.949
8260.451 6237.147
9034.493 7306.279
8387.377 6490.419
8477.996 6992.592
8574.595 7098.341
8501.302 7221.593
9032.520 6940.566
8737.111 7142.632
8800.960 7263.451
8817.415 6551.488
9146.545 6972.665
8894.195 6983.116
8739.432 7308.429
8402.023 7124.353
8470.851 6750.777
9149.216 6630.055
8769.572 6717.562
9109.115 6881.503
8320.195 6912.718
8440.259 6352.208
8166.973 6930.429
8271.285 6967.357
8454.757 6898.496
8305.795 6933.011
9154.402 6692.260
8923.087 6809.605
8440.750 6651.266
8781.959 6662.349
9159.346 7256.567
8770.633 6449.950
9157.129 6468.477
9194.564 6423.801
8532.552 6642.187
8619.343 6343.923
8588.947 6881.792
8613.982 6764.709
8916.994 6342.370
8995.713 6599.190
9162.374 6937.179
8763.006 6310.163
9079.052 7089.106
8829.928 6438.417
8867.925 6248.521
8954.690 6488.532
9063.238 6935.291
9185.045 6904.837
8637.469 7151.000
8739.030 7314.407
9108.895 6886.849
8232.823 6619.117
9068.259 6519.319
8406.753 6692.389
8795.549 6598.972
8658.789 7063.668
9047.560 7007.686
8923.410 6970.033
8570.312 6666.467
8175.093 7186.230
8837.255 7156.830
8948.185 6611.754
9215.932 6901.526
8632.792 7108.667
8797.137 6728.805
9019.683 6862.176
8491.675 7249.783
8653.775 6655.833
9199.664 7317.141
8477.203 6385.418
8556.954 7039.078
8839.285 6948.253
9162.465 7113.919
9073.767 7209.569
8639.032 7217.459
8539.741 6263.469
8961.865 6503.410
8399.462 6387.448
9048.910 7236.976
8321.577 6524.346
8552.256 6792.256
8319.048 6739.063
8793.496 7247.396
8890.400 7071.935
8754.199 6323.777
9029.729 6943.184
8338.657 6570.957
8539.184 7273.881
8185.296 6490.228
8261.710 7353.231
9225.460 6555.585
8809.362 6973.440
8183.315 6815.666
8702.629 6376.855
8237.284 6556.360
8212.458 6443.999
9164.564 7345.666
8797.095 6365.564
8956.991 7005.652
8331.137 6760.048
9117.063 6261.400
8963.654 6579.621
8597.209 6959.294
8481.365 6524.489
8735.027 6880.222
8549.631 6342.967
9047.659 6597.214
8453.932 6790.534
9244.450 7303.620
8939.302 6428.184
9018.301 6351.965
8611.178 6872.543
8163.783 6349.163
8365.878 7297.547
8279.768 6285.535
8147.618 7266.162
8936.972 6511.695
8318.282 6722.785
9195.987 6354.250
8833.912 7173.330
8368.083 6996.560
8484.947 7211.186
8384.102 6863.295
8491.189 6868.853
8796.122 7038.942
8421.292 6962.479
8984.536 7277.547
8749.198 7051.440
8997.663 6246.831
8851.925 7063.506
9018.542 6875.387
8304.013 7250.681
8863.569 7129.876
9183.976 6533.133
8176.391 6283.652
9006.690 7249.273
8698.269 7199.759
8131.199 6407.142
8414.997 6650.205
9179.588 7313.514
8864.148 6791.881
8919.137 6507.699
8681.005 7293.805
8602.457 6667.733
8194.831 7133.489
9210.597 6294.768
9129.767 6930.215
8623.372 6243.460
8659.036 6823.494
8985.010 7097.416
9224.302 6448.307
8157.835 6522.322
8798.090 7062.801
8821.935 7244.217
8813.427 6531.593
8655.685 6694.342
8369.324 7100.006
8864.198 7301.587
8936.192 6665.688
8225.953 6416.136
8581.086 6913.463
9230.122 6882.621
8894.622 6535.266
8798.898 7066.215
8221.539 6640.533
8923.360 6608.691
8383.708 6831.943
8503.197 6959.351
8701.355 6999.099
8316.293 7240.520
8560.394 7008.912
9229.071 6863.448
9010.792 6868.678
8948.168 7096.793
8730.024 6256.578
8743.162 6449.593
8748.632 6904.650
9062.039 6732.688
8728.124 6576.609
8220.772 6825.176
8367.123 6837.590
8657.505 7169.271
9112.314 6455.198
8177.145 6396.856
8321.193 7330.669
8325.865 7157.315
8233.806 6676.225
8472.445 6897.589
8907.864 6605.316
8862.277 7052.192
8156.582 6739.075
9170.727 7219.676
9043.276 6545.646
9094.012 6548.902
8625.157 6848.796
9189.849 6401.258
8448.110 7084.849
8492.776 6371.087
8125.895 6870.972
9135.888 6404.594
8767.661 6710.233
8965.708 6319.391
8386.267 6480.950
8384.550 6969.329
9042.670 6978.888
8778.512 6618.613
9196.795 6652.083
8212.328 6665.389
8827.655 6973.650
8538.203 6617.779
8714.503 6281.078
8679.163 6606.916
8279.681 7083.014
8859.314 6968.455
8813.152 6834.698
9078.584 6393.966
8799.505 7304.474
8547.755 6718.521
8971.652 6506.358
8404.392 7316.081
8842.131 6565.617
8977.593 7109.748
8709.337 7315.604
8962.219 7288.318
8317.571 6686.587
8298.776 7129.728
9123.828 7096.398
8560.043 6308.117
8417.756 6689.656
8427.070 6988.753
8226.364 6916.723
8364.728 6536.784
8330.381 6844.706
9216.348 6516.030
8779.981 6673.338
9137.300 7232.109
8283.860 6822.571
8751.609 6387.421
8556.693 6884.853
9111.004 7263.500
8966.725 6844.834
8326.191 7287.956
8269.839 6745.153
8506.228 6714.125
8290.697 7164.142
8663.446 6251.233
8239.455 6544.836
8122.577 6940.489
8474.015 6589.716
8283.987 6427.694
8583.100 7194.335
8240.844 6896.050
8838.372 7144.379
9255.971 6403.267
8444.339 7255.993
9054.819 6938.514
8706.374 7248.604
8405.437 6644.029
9257.139 7150.958
8456.456 6242.345
8467.705 6875.532
9187.450 6452.797
8131.106 6605.095
8582.619 6664.755
9104.219 7042.222
8569.298 6881.171
9176.574 7190.180
8976.221 6355.171
9067.284 6500.324
8782.961 7247.784
8243.461 6951.605
8697.376 7195.669
9125.390 6286.390
8349.830 6462.042
9036.636 6523.479
8515.373 6813.416
8965.490 7358.753
8666.380 7240.519
8863.891 6532.901
8212.414 6916.556
8830.445 6881.273
9032.357 7146.946
8502.034 6584.903
8815.866 6540.561
8341.802 6672.422
8332.912 6528.793
8156.471 6709.353
8627.548 6652.804
8605.324 7293.609
8394.854 6742.516
8495.452 7075.761
8464.641 6426.308
8498.690 6534.701
8609.919 6873.358
8980.110 6300.437
9094.148 6485.083
9015.474 7318.858
8566.791 6992.974
8936.147 7035.888
8484.225 6919.744
9110.662 6270.945
8629.161 6685.638
8987.454 7345.896
9066.956 6941.711
8458.576 6627.419
8265.847 6229.210
8699.724 6791.703
8305.056 6824.581
8405.970 6849.994
8973.885 6421.503
8435.851 7361.480
9127.621 6446.506
8252.131 6463.117
8299.876 6924.002
8711.932 6628.604
9065.379 6707.996
8429.505 6604.697
8174.989 6769.522
8126.675 6394.384
8235.002 6684.168
9012.108 7127.219
8719.188 6516.508
8242.474 7179.870
8874.563 6880.241
8475.243 6358.744
8591.744 6889.250
8499.496 6808.046
8638.842 6437.301
8435.249 7275.180
9153.200 6650.356
8294.062 7098.760
8903.090 6487.346
8674.212 7333.270
8181.245 7206.143
8577.147 6525.032
8560.302 6551.646
8297.193 6834.997
8165.676 7082.381
8123.750 6514.189
8536.856 7039.412
8736.773 6567.681
8500.076 6789.983
8788.877 6685.910
8766.411 7221.555
8192.092 7283.201
9053.667 6344.068
9017.758 6976.283
8889.815 6718.054
8568.093 6585.822
8736.640 6255.776
8213.881 6575.806
8736.273 6688.850
9219.037 6850.098
9240.386 6988.643
8170.333 7288.434
9243.625 6800.555
9176.138 7184.254
8883.281 6910.501
9181.672 7045.431
9179.527 6278.503
8260.347 7192.352
8479.454 6554.708
8141.927 6691.075
8961.587 6424.677
8427.306 7190.923
9203.110 6919.292
8222.925 6327.804
8715.238 6425.200
8144.543 6240.702
8871.007 6895.425
9224.200 6939.570
9233.594 6765.417
9011.336 6412.412
8385.216 6600.561
8564.271 6698.125
8218.262 6972.483
9159.769 6960.781
8684.548 6862.253
8686.046 6750.529
8591.908 6675.321
8358.805 6315.563
8688.721 6303.424
8602.491 7003.262
8951.872 6940.156
8662.300 7137.892
8337.442 6617.863
8367.080 6730.623
9014.997 7063.888
8494.682 6834.575
8299.715 7292.806
8613.135 6303.541
8791.363 7240.733
9064.683 7092.006
8419.088 6491.862
9169.564 6700.092
8615.297 6736.762
8292.964 6891.284
9052.427 7247.443
8531.064 6409.930
8805.614 6646.558
8607.729 6633.715
8608.378 7131.648
8913.744 7344.853
8899.896 7017.130
8376.414 7246.762
8881.561 7268.074
8968.338 6861.664
8354.531 7252.895
9219.530 6479.820
8897.454 7233.026
8800.826 6700.865
8388.023 7208.472
8992.135 6783.670
8831.430 6513.860
8483.562 6316.938
8709.466 6382.572
9252.750 7070.371
9204.020 6928.138
8178.722 6505.489
8719.463 7227.808
9023.453 7216.446
8438.513 7100.316
8861.098 6722.562
8279.697 6959.147
9225.901 7023.721
8432.558 6304.586
8827.808 6747.598
8333.935 7067.191
9049.781 6239.670
8187.555 6450.572
8984.098 6739.812
8631.312 6388.533
8809.960 7162.822
8287.198 7262.263
8459.772 7258.453
8962.417 6566.647
8700.674 7307.898
8521.821 6806.364
8775.671 6732.480
8415.643 7333.606
8525.125 6781.068
8542.992 6879.965
8203.258 7240.620
9184.327 6890.780
8407.714 6887.480
8138.243 7107.779
9249.074 6911.691
8946.850 6332.894
9107.904 6456.805
8241.085 6661.711
8602.129 7260.270
8598.310 7002.811
8713.878 6346.082
8360.219 6490.488
8542.851 6976.656
8496.496 6419.200
8141.619 6261.388
9250.824 6548.719
8323.840 6668.152
8874.402 6354.635
9234.566 6844.549
8208.729 7150.710
8202.088 7240.528
9210.506 7217.521
8501.851 7176.165
8757.125 6997.047
8489.464 6705.890
8182.460 6479.454
8507.613 6975.057
8435.615 6893.721
8923.286 6970.864
8480.217 6657.638
9175.591 6411.301
8159.521 6569.158
8470.146 7305.234
8902.701 6360.978
8983.434 6381.903
9233.721 7066.141
8575.741 6915.783
8726.002 6398.376
8520.094 6514.497
8440.974 7184.822
8595.615 6500.616
8977.745 6819.835
8578.285 6747.803
9246.135 6241.108
8652.589 6493.927
8696.112 6408.160
9250.669 7234.877
8204.296 7172.706
8516.227 6913.617
8284.487 6369.090
9144.497 6347.618
8202.974 6720.015
8269.887 6780.745
8226.904 7214.859
9061.132 6908.821
8379.362 7041.306
8718.662 6732.966
8201.543 6336.684
8256.670 6559.161
8224.769 7358.225
8766.553 7279.659
9135.011 6756.026
8500.832 7330.655
9198.286 6240.491
8776.082 6707.662
8996.416 6384.924
8654.523 6701.866
8459.142 6518.206
8516.303 6496.091
8500.828 6914.788
8911.286 6227.938
8715.095 6280.801
8636.833 6509.722
8566.378 6469.663
9221.946 7319.902
8945.116 7076.551
8253.671 7145.210
8737.602 7350.294
8842.355 6893.533
8192.153 6475.958
8697.436 6959.452
9161.838 7064.182
8898.919 6695.621
8252.457 6386.545
9185.628 7071.448
8539.165 7080.040
8827.504 6590.485
8178.099 6438.897
8931.398 7289.926
8266.580 6580.835
9057.834 7144.433
9241.238 6545.906
8924.493 6302.050
9159.801 7206.078
8976.400 7182.708
8406.672 6932.891
9049.191 7306.896
8548.153 7296.813
8664.398 6905.318
8516.099 7206.867
8321.068 6318.445
8482.492 7330.212
9042.038 6264.176
8360.058 6676.142
9250.824 7053.708
8274.916 6368.670
8651.797 7322.208
8714.885 6491.208
8970.881 6306.589
8820.798 7008.870
8566.579 6855.814
8266.355 7300.804
8446.293 6439.805
8436.258 7110.150
9180.140 6745.048
8277.419 6575.372
8332.659 6454.284
9112.391 7224.755
8469.423 6336.688
9001.640 7011.827
9068.796 6248.867
8524.864 6488.591
8792.799 6568.323
8870.624 6455.254
9247.702 7016.898
8897.892 6228.898
9028.811 6340.605
9108.130 6632.558
8344.233 6265.703
9037.151 7158.604
8633.872 7204.039
8467.917 6964.167
8728.314 6720.673
8607.932 6636.997
8467.774 6634.283
8675.870 6466.863
8637.246 6542.335
8559.661 7189.420
8275.528 6351.253
8479.860 6280.336
8649.277 6603.876
8830.985 6725.448
8446.754 6677.878
8195.850 7040.488
8873.786 7280.949
8846.535 6505.260
9254.535 6825.358
9134.455 7152.067
8451.366 6899.735
8178.844 6346.816
8523.589 6828.890
8936.498 6843.331
8447.093 6509.851
8182.487 7156.272
8902.503 7060.664
8882.320 7011.907
8700.178 6693.806
8137.132 6290.540
8968.709 6389.542
8560.151 6879.001
8797.944 6488.340
8213.425 6873.917
8246.078 7013.297
9169.749 6618.699
8216.449 7236.221
9042.444 6734.810
9041.076 6338.099
8853.737 7199.575
8464.700 6456.100
8856.117 6415.254
8179.532 7233.437
9122.499 7195.172
8302.527 6322.096
8856.580 7218.799
8776.475 6508.214
8437.167 7302.151
9196.692 7031.067
8238.099 7126.596
8841.356 7078.262
8588.152 6904.501
9185.750 6656.228
8923.519 7062.032
8816.702 6468.563
8426.075 6789.756
8778.372 6963.793
8507.649 7117.720
9136.239 6810.804
8155.451 6843.095
9199.786 6853.846
9078.412 6495.859
8606.019 6596.043
8604.059 6352.586
8840.437 7016.031
8177.313 6373.576
8369.303 6670.868
8249.951 6462.789
8311.831 7356.039
8782.378 7005.462
8897.546 7317.046
8905.551 6376.014
9036.947 7339.835
8988.922 6906.374
9237.787 6286.350
8611.979 6394.463
8503.428 7227.078
8579.933 6844.459
8342.175 6946.019
8726.527 7312.527
8222.604 6455.635
8600.587 7071.857
8941.236 7277.334
8328.816 6661.805
8693.111 6566.816
8840.978 6360.518
8309.448 6230.896
8848.211 6379.404
8692.680 6658.995
8247.465 7009.775
8713.172 7107.290
8978.334 6850.189
8473.279 6259.553
8456.442 6987.733
8449.620 6385.823
8891.793 7251.918
9060.341 7067.889
8736.153 7194.878
8759.872 7277.248
8771.468 6381.981
8753.008 6316.655
8823.021 7224.691
8606.827 6268.638
8512.424 6763.686
9174.952 7253.802
8330.609 6576.242
8955.544 6679.544
9010.368 7163.873
8597.010 6245.508
9085.869 6411.906
8280.976 7226.859
8710.208 6657.089
8349.907 6804.463
8674.412 7211.726
8626.779 6700.388
8749.552 6543.069
8347.949 6820.383
8855.359 7050.739
8454.610 6336.818
8543.351 7083.527
8782.928 6421.371
8897.904 6581.935
8289.599 7279.744
8527.682 6470.374
8988.019 6574.438
8136.975 7057.577
8419.097 7220.224
8334.277 6373.206
8609.048 7255.867
8537.936 7355.769
9215.896 6940.336
9087.284 6408.477
9003.725 6567.900
8283.392 6734.262
8793.354 6725.708
9123.658 6723.614
8236.978 6369.363
9007.870 6670.423
9099.314 6949.105
9116.619 6517.686
8167.763 7167.012
8716.824 6601.659
9211.806 6631.898
8131.988 6459.557
8150.661 6959.883
9062.044 6893.307
9150.012 6383.842
8280.541 7161.714
8233.908 6340.389
8147.361 6799.656
8128.379 6730.224
9230.823 6563.114
8389.539 6915.883
8409.917 6532.219
8136.362 6341.486
9037.264 6686.603
9186.090 6927.529
8718.803 6846.238
8869.219 6919.415
8990.103 6696.173
8485.311 6885.359
8813.091 6280.129
8198.016 6251.219
8980.842 7174.740
8183.448 6903.682
8204.624 6557.803
8804.193 6281.136
8285.189 6958.487
9157.265 7101.592
8717.601 7012.783
8423.982 7317.745
9159.942 6416.788
8947.145 6866.477
8287.816 7208.009
8981.643 7246.054
8728.506 6243.571
8398.591 6826.885
9208.426 7343.287
8349.429 6735.695
8372.548 6512.894
9074.861 7223.352
9198.779 6536.380
9232.750 7113.347
8992.479 6924.187
8335.870 6581.977
8734.217 6982.552
8949.153 7207.269
9060.621 6680.143
8783.814 6650.547
8857.093 7055.038
8976.146 6920.710
8669.959 6426.912
8635.548 7068.689
8161.879 7058.984
8992.057 6501.587
9150.590 6531.213
8516.775 6520.522
8370.707 6455.179
9186.243 7126.746
8129.850 6532.871
8223.521 6558.754
8284.113 6598.102
8486.080 7330.982
8915.236 6454.129
9066.508 6257.401
8577.468 6894.881
8972.289 7226.246
8992.410 7167.586
8318.758 6804.784
8867.422 7044.245
8576.134 6798.298
8914.654 7240.798
9227.073 6232.326
8244.875 6711.838
8397.834 6621.131
8732.046 6911.028
9155.148 6551.533
8841.490 6737.350
9052.156 6457.263
9163.508 6690.569
8256.856 6443.003
8385.350 6809.506
8933.662 6737.930
8934.515 7293.918
8342.846 6683.268
8804.364 6309.929
8416.946 7304.152
8972.822 7026.043
8870.540 6605.105
8553.784 6852.638
8178.044 7340.000
8727.361 7288.292
9139.644 6987.937
9139.638 6512.540
9241.533 6750.398
8608.772 6700.374
8518.927 7293.265
9002.306 6857.046
8210.891 6637.355
8644.274 6718.277
9214.383 6347.533
9006.900 7337.057
8754.558 7169.285
9040.368 6642.460
8770.922 6356.140
8591.055 7307.528
8640.606 7278.047
8910.418 7317.509
8308.702 7274.161
9032.499 7300.088
8184.473 7212.926
8986.084 6262.777
9006.074 6397.806
8451.256 6387.097
8233.162 6630.411
8686.745 6870.709
8882.037 6471.467
8341.546 6800.022
9211.523 6275.941
8477.968 7166.702
8661.165 7316.843
8251.773 6262.678
8158.672 6980.149
8660.036 6860.508
8812.195 7355.891
8306.091 6640.766
8617.545 7322.055
8412.197 7013.800
9051.163 7294.266
8927.696 6780.562
8378.426 7292.887
8345.885 6656.231
9234.224 6403.839
8585.376 7162.721
8610.773 7328.126
8928.610 7201.809
8141.848 7345.641
9103.946 6868.101
8309.038 7185.559
8272.762 6311.170
8871.364 6892.913
9182.769 7069.575
9019.985 6905.311
9060.451 7148.826
9132.973 6497.973
8721.172 7020.756
8983.076 6527.717
8358.916 6361.143
8825.691 6250.886
9201.357 6620.848
8631.441 6929.814
8314.376 6461.308
8952.142 7163.522
8817.179 6848.341
9031.604 6630.952
8762.705 7224.556
8399.137 6447.670
8779.113 6259.966
8827.255 6988.077
8638.613 6976.220
8290.084 6702.402
8859.688 7331.848
8317.693 7358.308
9222.955 7167.884
8809.584 7142.889
8351.885 6751.825
9111.411 7296.573
8582.483 6280.986
9028.675 6525.626
8562.481 6667.798
9223.834 6672.302
8594.265 7027.535
8572.915 6958.497
8157.675 6789.511
8792.860 6673.797
8695.957 6466.476
8690.137 6463.228
9098.652 6485.613
8582.777 6759.702
8603.955 6806.659
8998.837 6612.831
8549.901 6827.208
9132.483 7317.437
8748.787 7044.261
8258.261 6328.251
8349.990 6308.196
8825.334 6701.443
8740.044 6791.980
8822.423 7278.026
8960.457 7052.252
8897.640 6776.370
9251.482 7134.096
8359.233 6721.857
8811.537 6860.046
8278.950 7132.688
8926.670 7078.121
9254.133 7329.272
8271.074 7119.826
9034.625 6599.996
8148.545 7127.802
8254.728 6891.552
9246.872 6281.969
9071.577 6371.894
8422.162 6441.060
8978.360 6858.613
9191.435 7009.132
8914.926 6764.460
8214.213 6420.138
8545.843 6685.210
8756.117 6444.088
8292.874 6771.796
9138.551 6986.048
9238.106 6584.145
8443.846 6439.918
8790.371 7325.676
8996.303 6523.347
9244.114 6353.765
8873.726 6374.440
8311.619 6619.388
9105.638 7231.123
8610.907 6257.941
9163.126 7111.174
9195.217 6872.347
9027.093 6468.267
8432.202 6308.600
8213.427 6855.550
8614.431 7180.833
8212.712 6520.105
9007.966 6593.009
8252.011 6872.566
8386.914 6513.519
8645.864 6760.384
9082.721 6569.621
8696.871 6323.406
8824.098 6252.369
9137.594 7010.584
8473.371 7260.548
8682.932 6458.244
9054.378 6578.046
8979.324 6911.502
9221.006 7231.936
8124.275 7138.171
9249.607 6636.756
8884.524 6748.010
8527.514 6704.656
8945.031 7166.256
8414.232 6303.638
9105.984 6566.876
9148.964 6494.110
8765.709 6446.796
8757.938 7077.318
8580.606 6259.104
8472.712 6889.211
9140.169 6908.998
8330.768 7321.701
8919.305 6960.539
8923.619 6994.864
8850.270 6640.994
8453.993 7027.122
8137.337 6486.828
8660.000 6611.251
8683.917 6407.602
8260.332 6285.970
8976.613 6526.629
8458.080 6638.901
8625.153 7309.635
8275.605 6854.870
8752.561 7030.767
8525.984 6780.173
8232.728 6600.865
8956.933 6407.273
9048.231 6615.079
8210.720 6792.348
9043.061 6451.496
9020.443 6958.361
8134.999 6644.997
8610.781 6541.384
8748.805 6258.179
9218.750 6881.589
8379.279 6777.957
9004.664 7074.313
9232.648 6881.149
8312.860 6570.664
9253.106 6780.123
8912.079 7061.602
8628.233 6638.241
8205.344 6370.851
8889.313 6790.713
9030.830 6678.838
9084.537 7199.118
8318.003 7099.098
8968.689 6638.012
8373.516 7339.783
8944.803 6367.066
9002.599 6988.584
8436.945 6238.479
9227.571 6469.560
9244.986 7170.339
8924.565 6689.579
8124.597 6334.133
8301.252 6354.131
8804.890 6878.231
8923.565 7262.186
8574.641 7345.293
8180.515 6694.727
8675.949 6619.722
8877.405 6668.411
8234.505 6287.206
8953.549 7226.144
8949.526 6931.000
8336.201 7066.186
8942.597 7194.567
8474.945 7245.157
8755.279 6948.331
8534.282 6286.195
8755.262 6919.490
8920.835 6458.747
8646.411 7026.816
9218.230 6497.952
9026.052 7124.141
8213.614 7174.359
9206.469 7124.811
9169.292 6922.736
8871.651 6916.008
8578.335 6942.836
8994.856 6951.471
9035.854 7138.136
8497.272 7198.189
9154.801 6777.326
8803.109 6700.138
9080.057 6434.936
9063.930 6335.860
8273.918 6735.419
8476.039 6489.541
9172.688 6877.191
8224.216 6815.461
9108.485 6242.246
9098.160 7010.068
8595.753 6773.717
8789.164 6991.959
8410.400 7072.197
8857.394 6988.652
8916.419 6304.554
9251.825 6883.592
9102.606 6691.171
8207.461 6544.836
8879.888 6633.344
8353.567 6601.520
8761.375 6906.836
8251.269 7351.183
8824.079 6835.012
8232.330 7180.669
8718.095 7173.888
9165.364 7274.947
8853.752 6464.371
9023.429 7153.532
8919.373 7339.001
8956.692 6869.222
8634.728 6981.644
8502.303 6619.199
8284.177 6456.068
9136.061 7006.795
8960.873 6271.870
8344.985 6794.230
8150.252 6652.757
9031.923 6984.044
9082.694 7023.221
8915.495 7124.688
8603.572 7015.172
8997.405 6906.095
8989.903 6823.453
8479.359 6875.206
8710.822 6954.835
8146.076 6462.675
8826.564 7078.286
8828.316 7339.884
8561.545 7158.263
8514.524 6322.632
8335.840 6860.582
8383.996 6268.875
8700.307 7252.173
8635.642 6616.333
8663.712 6400.421
9068.444 6459.327
8408.051 6607.031
8675.065 6929.034
8513.286 6290.099
9188.887 6255.847
8458.474 6971.018
8964.311 6752.377
8164.769 7352.445
8598.822 6877.314
8242.634 7281.735
8378.079 6508.406
9031.014 7210.999
8762.886 6772.306
8977.674 6732.249
8507.854 6490.490
8206.790 7184.879
8817.864 6430.441
8734.566 6647.823
9140.963 6681.026
8240.255 7058.319
8443.512 6617.580
8315.767 6663.044
8343.455 6927.412
8773.211 7161.173
9243.913 7182.252
8415.250 7059.966
9180.403 7284.258
8258.685 7153.580
9072.169 6330.214
9123.261 6371.283
8499.546 6517.209
9127.764 7111.866
9239.610 6422.131
8151.462 6724.217
8623.270 6522.365
8221.455 6398.760
8388.393 7108.332
8541.503 6861.012
8987.970 6586.293
8410.656 7143.471
8128.853 6599.844
8523.875 6869.868
8357.025 6992.388
8567.177 7082.658
8227.591 6743.098
8466.826 6558.156
8268.899 6956.540
8292.698 6953.677
8371.318 7120.903
9110.679 6687.878
8439.548 6699.250
8379.011 7025.749
8304.775 6745.428
8841.410 6286.208
8687.626 7161.374
8668.434 6642.558
9071.304 6518.017
9134.725 6709.091
9000.451 6719.142
8315.485 7323.513
9060.604 6495.631
8828.695 7134.812
8820.122 6745.061
8261.800 7107.243
8373.745 6808.393
8205.112 6587.367
8247.249 6658.416
8844.027 7253.079
9213.985 6952.115
9215.618 7101.753
8827.374 6943.346
8615.951 6578.764
8473.576 6731.526
9116.962 6293.455
9160.475 7047.697
8576.160 6476.502
8490.697 6328.878
8751.332 7170.694
8318.620 6400.370
8604.354 7102.774
8181.743 6750.833
8444.961 6319.145
8131.229 6837.788
8472.655 6504.007
8442.810 6418.777
8832.119 6669.808
8839.638 7158.035
8353.499 7253.467
8126.237 6990.076
9231.081 6740.031
8390.953 6259.110
8368.648 7298.559
8748.842 7197.861
8948.868 7354.536
8670.254 7312.208
8208.910 7139.922
9161.390 6613.512
8615.376 7283.736
8880.334 6446.225
8507.953 7203.712
8410.300 7077.968
8871.640 6717.155
8400.411 6671.154
9231.999 6256.877
8929.833 6282.732
8326.135 6406.577
9032.968 6264.420
8642.520 7314.475
8495.392 6980.564
8461.702 6860.654
8763.652 6473.514
8526.455 6661.399
8960.385 6508.232
8277.529 6860.442
8656.815 6567.428
8170.248 6773.469
8318.705 6262.826
8363.977 6398.978
8214.874 6722.374
8240.045 7013.804
8835.607 6860.754
8276.742 6913.570
8838.232 6861.761
8244.605 6253.515
8978.745 7207.865
8438.320 6397.181
9207.045 7184.384
8581.870 6717.617
8659.947 6555.551
9202.173 6495.185
8180.872 6695.163
9090.529 6700.896
8775.444 6876.516
8244.538 7189.109
8440.106 7313.225
8626.987 7333.831
8515.293 6902.610
8418.320 6916.754
8718.169 6309.247
9073.990 6336.868
9162.814 6618.710
8981.768 6407.378
8166.814 6645.995
9211.911 6622.910
8522.172 6419.329
8929.503 6794.554
8304.661 6780.426
8641.836 6947.046
8305.109 6303.236
8856.844 6493.626
8663.497 6290.693
9087.603 6278.005
9206.747 7134.774
8742.453 6825.436
8546.261 7149.619
8454.456 7280.099
9064.386 6358.980
8803.404 6710.962
8924.205 7199.172
9135.037 7058.044
8128.484 6659.391
9113.614 6915.722
9256.593 7303.617
8609.910 6233.173
9141.502 6755.893
9155.714 6505.832
8233.272 7353.491
9207.528 6723.340
8954.418 6512.628
8634.938 6569.565
8140.127 6633.340
8315.688 6422.136
8376.030 6850.907
9000.514 7331.794
8164.590 6780.681
8342.505 6336.552
9150.065 6443.633
9161.318 7206.302
9007.050 7042.577
8326.522 6382.399
9246.146 7061.291
8245.416 7113.348
8346.321 6946.361
8957.604 7019.488
8765.964 7119.566
8142.554 6421.557
8488.470 6512.366
9166.440 6716.113
8608.594 6319.507
8919.328 7100.045
8862.231 7298.447
8308.695 6925.723
8843.809 6678.098
9033.432 6811.136
8167.178 6868.923
9041.159 6673.258
8465.191 6265.838
8611.359 6356.312
9012.182 6514.282
8347.047 7319.851
8675.957 7230.510
8345.207 6345.514
8927.633 6991.513
8961.555 7160.922
8656.372 7151.719
9221.798 7312.591
8766.940 6890.847
8345.464 6767.465
8594.620 6724.648
9183.669 6256.890
9043.782 6304.964
8983.585 6751.002
8958.715 6388.212
8198.554 6381.354
8976.058 6413.945
9120.475 6468.946
8664.164 7246.332
8216.279 6893.532
8569.719 6243.327
8251.032 6403.631
8434.832 6570.417
8508.110 6994.342
8142.163 6713.827
8362.096 7137.385
8393.821 6963.262
8169.984 6620.613
8968.100 6594.118
8995.223 6310.192
9242.134 7350.274
8625.654 6699.505
8332.029 6936.347
9222.834 6703.787
8861.147 7232.584
8644.332 6891.905
9002.925 6737.311
8765.660 7151.892
8250.955 6552.115
8276.737 7233.307
8866.880 7153.566
8477.087 7218.234
8759.617 7072.280
9176.282 7081.013
8984.877 6547.161
9214.838 6518.590
8227.436 6600.636
8623.308 6973.877
8622.235 6781.407
8173.349 6294.408
8274.704 6539.926
8646.591 6851.943
8492.720 7251.214
8409.266 6875.260
8510.835 6472.757
8149.914 6334.775
8447.444 6346.352
8700.359 6494.609
9051.353 7186.988
8775.025 6260.766
8835.895 7152.681
8367.976 6679.010
9101.996 6958.277
8693.969 6391.229
8552.727 6679.328
9129.708 7204.549
8746.443 6634.254
8958.540 6728.303
9236.562 6514.548
8351.795 6583.473
8973.375 6728.683
8750.132 7204.763
9205.848 7013.868
8364.332 7056.870
8380.854 6554.698
9056.074 6348.815
8294.280 6302.611
8455.150 7256.220
8552.372 6990.297
9236.723 6711.107
8789.217 6879.357
8511.315 6430.775
8921.695 6430.978
8584.033 7240.791
8880.025 6998.255
9176.900 7296.276
8418.871 6443.001
8727.348 6238.733
9033.130 6435.488
8811.389 6645.229
9138.698 6970.351
9162.199 6737.865
8131.278 6245.683
8490.884 6365.618
8333.555 6996.452
8971.994 6553.391
8253.479 6607.236
8727.279 6242.268
8214.584 6589.374
8890.338 6469.632
9168.387 6517.856
8206.813 6977.199
8938.086 6661.224
9087.950 6606.068
8329.817 6734.728
8669.908 6365.927
9162.830 6284.394
8673.196 6708.798
8385.432 6469.324
8506.480 6374.034
8665.433 7342.993
8298.233 6754.600
8883.171 6993.620
8356.991 6245.761
9149.645 7256.371
8138.511 7333.903
8878.866 6384.532
9188.101 6669.997
8579.458 6785.749
8700.596 6230.876
8608.907 6779.172
8688.552 6653.599
9024.284 7279.950
9026.723 6917.449
8451.307 6687.217
8346.537 7087.760
8753.232 6533.979
8365.363 7040.181
9140.440 6520.848
8523.735 6828.995
8952.511 6625.926
9123.143 6476.877
8786.198 6490.021
8525.219 7220.903
8454.295 6983.199
8918.267 7279.943
8303.242 6421.163
8795.200 7321.719
8648.006 6991.131
8476.867 6875.805
8481.679 6900.409
9164.829 6941.882
8129.949 6916.179
9078.119 6410.538
8648.979 7353.311
9254.382 7290.117
8447.096 6612.341
8702.404 7031.848
8681.304 6485.813
8710.574 6626.998
8311.479 6782.758
8450.508 7216.978
9067.703 6245.128
8735.252 6981.753
8466.664 6348.968
8639.760 6788.446
8169.770 6593.626
8301.298 7338.422
8860.188 6486.374
8160.948 6336.883
8155.980 6673.229
8786.212 6957.417
8144.198 6392.940
8565.603 6402.383
8790.038 6588.758
8292.639 7127.647
8752.899 7142.675
8936.204 6493.772
8172.081 6601.437
9179.991 6388.247
8372.797 6652.570
9151.727 6856.960
8840.904 6288.236
8456.813 6736.607
9184.425 6942.571
8662.473 7246.677
9064.867 6853.581
8693.383 6932.338
8230.248 6306.611
8957.311 6454.005
8656.989 6374.873
8434.544 6858.086
9160.683 6293.433
8466.311 6243.918
8515.363 6237.975
8324.414 7354.885
8193.784 6262.300
8782.682 6803.919
8307.030 7207.558
9041.406 6365.743
8616.460 6723.042
8138.156 6421.733
9032.622 6278.248
8150.536 7135.695
8280.143 6839.297
8640.674 7038.905
9149.460 6891.721
8712.929 6973.420
9231.043 7149.298
8838.898 7092.379
8273.439 6645.026
8408.506 6938.419
9214.418 7097.345
8558.812 6583.106
9248.626 7169.625
8402.546 6680.275
8250.983 7287.541
8349.352 6778.410
8439.298 6252.655
8193.476 7295.132
9139.666 6255.888
8289.615 6385.952
8574.954 6877.593
8203.309 6507.824
8262.099 6251.858
9098.426 6276.903
8451.813 7156.539
8297.752 6856.048
8154.846 7115.225
8934.214 6400.211
8971.286 6887.438
8398.838 6348.417
8259.288 7118.822
8944.003 6930.075
8598.827 6862.562
8222.673 7227.883
8330.944 6909.281
8275.916 6655.655
8441.552 6657.278
8660.014 6297.987
8798.180 6406.855
8189.979 6480.341
8405.866 6568.260
8559.360 7027.175
8334.999 7256.306
9111.182 7228.615
8550.142 6525.340
8572.506 7264.804
8823.401 6892.897
9248.702 6825.096
8123.317 6484.264
8559.598 6621.584
9005.329 7320.318
8198.806 7218.877
8875.710 6309.429
8638.802 7127.455
8996.184 6746.731
8455.022 6903.084
8761.247 6943.211
9153.030 6241.849
9131.254 7168.304
8140.903 6357.300
8961.011 6955.489
9045.140 6812.991
8532.925 6279.250
8215.124 6645.270
9171.205 6328.174
9019.453 7287.200
8166.224 6407.608
8848.564 7173.977
8834.780 7151.395
8422.113 7240.474
8704.878 7100.192
9018.452 6732.299
8571.058 7129.444
8168.971 6794.667
8443.818 6952.758
8315.405 6631.752
8305.055 6647.258
8369.890 6930.393
9188.889 6256.720
8966.207 6620.899
8817.720 6581.864
8388.926 6608.744
8378.302 6798.085
8996.989 6802.113
8516.565 6749.302
8534.835 7285.913
8966.603 6442.571
8684.280 7274.082
9008.477 6877.058
8669.579 6265.613
8978.225 7294.629
8477.742 6426.440
9031.429 7038.738
8470.239 6647.070
8782.321 6947.383
9113.369 6407.982
8777.774 6646.501
9127.672 7262.866
8266.174 6429.383
8928.743 6688.550
8713.262 7036.986
8324.934 7262.459
8145.691 6355.079
8923.763 7256.280
8578.523 6385.829
8750.963 6497.982
8343.151 6529.455
8711.913 7057.344
8198.140 7057.862
8835.504 6825.688
8614.094 6778.569
9129.193 7022.733
9107.328 6519.105
8206.560 6452.906
9224.333 6463.444
9127.481 6629.078
8901.775 6333.679
8284.391 6736.017
8843.066 6292.458
8672.568 7166.169
9066.463 6396.821
9059.005 7207.577
8744.662 6750.167
8320.188 7180.332
9228.994 7330.053
8160.194 6790.146
8528.256 6771.078
8240.096 6241.244
9034.889 7220.134
8602.807 6840.406
8215.205 7006.911
9061.391 6891.249
8842.365 6257.575
8804.368 7270.332
8340.242 6508.638
8422.430 6875.814
8813.670 6922.614
8936.804 6898.941
8996.706 6424.007
8859.424 6294.531
8837.355 6778.078
8909.092 7239.980
9228.628 6421.218
9123.643 7202.952
9129.306 7057.222
8649.793 7290.624
8407.781 6680.589
9073.316 6893.330
8272.780 6293.378
8781.877 6878.393
8658.782 7000.602
8855.968 7235.161
9158.010 6820.281
8840.093 6864.406
8781.248 6283.602
8773.205 6330.982
8171.040 6324.169
8475.208 6606.991
9061.327 6430.061
8838.372 6789.721
9214.866 7076.471
8932.115 7343.066
8164.926 6470.049
9037.133 6356.145
9107.627 7028.752
9195.904 7142.045
8158.036 6937.045
8327.017 6927.247
8318.265 7145.753
8264.498 7147.574
9052.479 7179.423
8757.037 6307.131
8587.027 6699.446
9162.540 6630.882
8749.913 6607.799
9231.054 6381.296
8815.557 6699.842
8159.035 6383.581
8198.865 7327.740
8513.326 7184.400
9043.692 7160.672
8851.392 6742.778
8943.169 6371.388
8717.349 6768.722
8238.950 6424.130
8809.631 7290.212
8835.463 6646.128
8585.721 7305.988
9187.516 6946.597
9053.786 6239.500
8465.804 7033.057
8956.315 7347.455
8168.767 7250.694
9231.205 6982.449
9173.138 6660.681
8538.491 6905.723
8741.409 6522.501
8336.176 6463.564
8198.970 6316.075
8259.531 6263.683
8978.439 6797.139
8960.326 6227.304
8553.605 6320.967
8821.394 6980.966
8499.416 7142.286
9179.827 6881.358
8704.344 6829.459
8685.688 6780.785
8170.474 6656.532
8733.800 7011.886
8269.163 6903.289
8382.737 7181.840
9194.993 6966.147
8968.993 7090.100
8813.090 6775.823
8626.384 6630.505
9131.362 6431.715
9059.052 7129.514
8440.899 6843.176
9160.473 7337.169
8384.707 6310.997
8599.869 6878.550
9231.372 6675.000
8970.835 6571.596
8468.140 7100.663
8124.578 7053.774
9222.231 6275.746
8421.316 6868.679
9196.246 6357.273
8509.281 6947.283
8279.907 6248.069
8222.446 6798.262
8404.703 7170.346
9198.126 6796.551
9047.598 7172.536
8236.247 7172.056
9082.354 6357.530
8500.056 6495.405
8952.222 6627.883
8242.830 7309.643
8570.372 6454.845
8441.208 6349.459
8676.388 6969.268
8789.285 6679.485
8846.139 6849.728
8792.762 7003.951
9206.308 7286.435
9154.738 6922.447
8673.016 6899.294
8938.859 6605.675
8934.443 6914.135
9142.024 6510.088
8612.364 7196.942
8976.864 7320.653
8696.024 6313.738
9070.707 6542.693
8450.075 6285.676
9180.239 6616.775
8629.098 6708.078
9123.792 7199.280
9012.109 6856.453
9177.782 6801.392
8165.649 7192.630
8549.241 7260.424
8991.946 7059.514
8695.892 6289.313
8920.851 6303.219
8412.150 6722.589
8660.798 7177.514
9192.151 6921.898
8808.611 6247.757
8591.490 6996.448
8914.822 6318.227
9095.480 6865.699
8162.518 7321.859
8491.291 7021.065
9093.714 6885.115
9035.766 7285.259
8545.435 6883.536
8883.970 6669.060
8337.922 7329.717
8691.111 6780.157
8157.013 6861.431
9133.307 7341.339
8440.145 7216.149
9012.931 7195.538
8133.063 6602.832
8615.338 6741.563
8355.483 6360.768
8411.940 7183.935
8905.942 6681.328
8309.819 6463.408
8815.894 6263.647
8485.550 7300.578
9107.043 6747.412
9243.208 7078.431
9102.434 7003.954
8861.812 6277.900
8223.310 6906.909
9199.893 6851.536
8554.251 6394.741
8617.671 6967.247
9046.974 6515.310
8522.949 6868.725
8741.198 6457.549
8312.047 6718.579
8278.790 6599.738
9257.223 7276.984
8823.271 6905.739
8285.956 6760.503
8203.225 6486.872
9184.238 7068.460
8242.845 6977.596
9173.966 7235.634
8610.702 7324.660
8609.326 6890.474
8250.626 6555.643
9115.402 6475.537
8149.028 7279.953
9099.157 7332.151
8661.285 6359.308
9177.974 7037.349
8627.086 6838.409
8369.723 7153.939
8946.909 6623.479
8738.669 7254.510
8926.624 6348.901
8777.107 6649.987
8519.767 6649.681
8915.971 6335.611
8828.001 7327.596
8435.887 6640.676
9172.660 7151.442
8444.446 7282.891
9038.388 6371.481
8955.994 6808.024
8312.280 6459.358
8124.533 7239.698
8421.783 7228.176
9113.734 7112.123
9051.406 6338.405
8874.565 6826.545
8424.386 6414.804
9199.709 6497.614
8153.208 6849.624
8171.574 7056.043
9208.132 7139.601
8774.721 7341.331
8862.342 6741.161
9113.282 7050.184
8318.171 6672.168
8401.266 6249.992
8151.986 6709.914
9001.437 6616.037
8377.053 7082.936
9238.817 6263.416
8733.394 6439.914
8785.723 6675.242
8399.765 6585.485
8813.922 6765.351
9109.867 6992.431
8361.240 6977.971
8616.210 6365.804
8537.128 6562.853
8916.092 6828.852
8292.291 6600.357
9121.457 6510.017
8694.919 6290.107
8611.672 6431.449
8912.683 6939.336
8186.707 7161.334
8152.022 6826.411
8930.987 6541.283
8627.376 6364.645
8396.576 6961.159
8595.349 7045.419
8519.046 7326.248
8175.595 6474.629
8536.692 6421.780
8837.933 6265.667
9118.110 6604.712
8832.593 6348.059
8657.113 6363.311
8319.720 6941.166
8619.556 6422.058
8272.029 6697.298
9029.915 6560.763
8536.578 7283.062
8683.564 6477.732
8716.401 6957.713
9181.113 6626.927
9145.162 6919.932
8875.582 6624.340
8416.651 6901.699
8918.351 6612.059
8292.803 6959.401
8272.006 6691.365
9104.431 6636.032
9051.303 7105.196
8705.881 6518.361
8787.130 6430.082
8330.392 6302.609
8766.820 7210.990
8416.025 6908.997
8750.183 7331.763
8196.416 7163.451
9086.308 6367.527
8252.857 6991.621
9228.083 6625.377
8816.405 7304.458
8851.199 6653.412
8894.316 7022.852
8899.102 6930.697
8541.985 6644.792
8718.654 7018.921
8475.998 6595.660
8527.715 7313.895
8786.238 6695.268
8918.665 6732.502
9007.293 7336.318
9038.936 6691.277
8643.778 6421.637
8311.437 6952.388
9192.036 6353.785
8379.990 7032.872
8368.084 6747.660
8497.506 6466.050
8224.304 7358.158
9071.648 6508.524
8878.051 6718.786
8505.258 6342.979
8520.224 6710.802
8960.545 7305.216
8271.603 7015.312
8918.281 7126.108
9157.972 6892.062
8314.040 6645.037
8402.235 6485.465
9160.722 7239.939
8126.491 6733.727
9113.698 6813.371
8362.074 7359.096
8487.514 6781.383
8754.920 7112.137
9092.375 6319.520
9176.910 6536.757
8612.491 6285.148
9160.935 6661.818
8883.963 6840.624
8846.695 6610.585
8755.317 6852.579
8346.100 6794.108
8153.418 7291.142
8512.290 6601.971
8935.507 6782.352
8662.539 6920.073
8444.479 6876.649
8241.934 6540.761
8423.815 6696.765
9047.153 6739.867
8166.928 7109.119
8719.660 6339.188
8504.239 6318.460
8337.593 6895.644
8690.163 6510.835
9117.762 6667.289
8484.252 6963.731
9018.009 7251.649
8498.780 7241.098
9244.821 6783.045
8996.291 6784.374
8484.175 7322.168
8676.343 6372.851
9127.875 6863.026
8134.778 6857.201
8252.014 6920.454
8772.090 6634.140
9194.986 7231.250
9091.735 7183.542
8148.408 6325.625
8320.121 7142.173
9012.443 6713.906
8580.148 7250.868
8986.520 6760.101
8976.113 6907.565
8613.172 7064.351
8559.020 7303.731
8502.620 6760.256
8295.846 6671.163
8440.351 6587.720
8141.817 6579.548
8141.797 6447.174
8954.522 7141.923
8428.661 6427.575
8335.883 6765.697
8178.289 6746.019
8418.610 6878.800
9157.485 6513.305
8256.186 6642.877
8756.063 6699.739
9044.385 6334.859
8148.083 6956.031
8464.355 6988.808
8901.840 7228.294
8940.564 6745.066
8984.230 7199.746
8901.868 6709.729
9198.299 6812.786
8146.708 7319.743
8944.583 6342.260
8576.832 6520.948
8480.025 6419.686
9192.116 6709.979
8815.403 7250.511
8876.287 6978.107
8581.085 6986.733
8602.535 7075.508
8488.999 7070.084
9112.736 6428.033
9023.098 7186.351
9044.762 7075.192
9104.440 6835.883
8600.543 6603.487
8917.728 6982.630
8840.771 7083.520
8836.891 6374.925
9040.168 6959.263
8273.632 6743.275
9222.534 6702.999
8263.217 6361.868
8183.089 7333.544
8839.767 6648.384
8747.988 7043.563
9048.798 6334.829
8591.923 6629.044
8682.356 6253.828
8956.105 7343.540
9174.931 7290.608
8735.655 7135.336
8157.091 7153.348
8443.266 6809.747
8744.100 6996.063
9109.998 7084.802
8751.955 6501.150
8920.710 6955.896
8824.376 6620.531
8718.823 6601.331
9008.738 7020.839
8620.769 7239.794
8874.368 6248.357
8530.596 6460.673
8548.394 6837.864
8170.625 6467.377
8499.038 6398.009
9145.569 6814.049
8609.114 6318.845
9083.594 6260.619
8219.989 6388.523
8852.637 6769.446
8730.651 6991.246
9215.671 6635.830
8653.387 7360.367
8244.412 6846.634
8929.081 7220.567
8180.317 7241.553
8942.009 6649.913
8825.354 6248.523
8412.369 6703.150
9105.600 7072.453
8488.655 7128.735
8685.657 7072.878
9156.580 6867.933
8241.417 7067.561
8611.905 7285.226
8947.546 7134.193
8150.099 6857.958
8446.972 6834.204
9253.515 7256.700
8169.553 6385.393
9237.820 6534.009
8901.406 6547.233
9199.250 6490.962
8351.811 7019.490
9057.858 6411.327
9165.182 6238.294
8584.131 6460.735
8253.739 6676.508
8283.824 7039.954
8606.214 6330.404
8519.952 6849.032
9011.839 7187.426
8446.014 7208.058
8228.612 6867.347
8316.857 6822.362
8684.737 6602.765
8179.485 6383.074
8860.581 6663.650
9005.718 6332.962
8489.036 6699.134
9200.107 6228.694
8414.681 6665.400
8541.428 7137.672
8414.651 7071.751
8344.616 6994.402
8526.206 6288.010
9028.833 7252.129
9174.041 6834.371
8572.220 6686.937
9130.140 6899.856
8199.947 7179.214
8748.004 6757.063
8321.908 6345.858
9095.929 6249.726
8977.126 7180.573
9171.975 6423.907
9113.867 6285.356
8684.149 7128.848
8362.449 7062.540
8794.822 6228.772
8155.225 7197.817
8536.537 6452.034
8175.565 6903.895
8945.974 6405.886
8931.014 6266.091
8880.936 6263.046
8503.320 7288.298
8801.636 6990.324
9138.060 7227.719
8827.526 6671.411
8924.210 7089.205
8897.194 6660.937
8824.540 6448.480
8180.056 6644.629
9210.569 7335.783
8666.823 6227.281
8995.671 7006.770
8685.913 6638.235
8491.018 7049.531
8802.474 6803.467
8778.387 7087.871
9230.943 7161.101
9245.979 6329.972
8820.109 7161.972
9133.689 7096.389
8753.060 7331.598
8658.679 6717.166
8548.008 6734.837
8360.226 6441.804
8464.528 6471.629
8803.724 6679.547
8922.880 6963.407
8868.903 6755.772
9112.723 7027.629
8618.493 6258.175
8150.961 6595.996
8519.421 6514.268
8285.328 7125.035
8464.508 6307.190
8216.897 7098.669
8470.042 7046.871
9021.644 6417.476
8475.740 6711.775
8533.734 7018.470
8193.289 7008.621
9059.115 6743.657
8787.615 6887.383
8869.372 6584.932
8682.610 7290.182
8434.978 6986.500
9083.392 7317.345
9055.236 7293.459
8315.810 6622.640
8498.904 6475.461
8893.078 7291.798
8740.390 6747.891
8582.245 6522.641
8278.466 6598.900
9140.580 7330.618
8962.892 6329.210
8474.004 6983.598
8941.553 6801.981
8442.974 6247.453
8312.231 6506.587
8933.440 6572.605
8793.137 6894.415
8712.225 6794.309
8947.970 6288.180
8565.244 7179.074
8591.771 6709.204
9236.521 6983.924
9001.006 6917.595
8279.964 7067.102
9214.291 6667.082
8573.417 6805.454
8527.709 6658.271
9132.676 7178.895
8213.471 7046.474
8784.677 7057.513
9068.142 7257.677
8382.640 6470.308
8750.989 7242.627
5858.635 8514.991
5974.216 8578.165
6207.359 8196.391
5630.085 8338.045
5213.195 8135.471
5203.876 8803.007
5398.464 8495.470
5671.285 8483.595
6087.698 9159.538
5669.938 8483.050
5357.963 8668.367
6194.524 8268.193
5985.566 8994.957
5619.039 8559.147
5881.394 8683.561
5398.626 9234.844
6091.259 9132.469
6081.834 8483.236
5204.260 8755.718
5904.066 8519.937
6167.562 8875.822
5336.823 8745.277
5458.997 8942.921
5485.605 9090.388
5578.003 8505.826
5921.391 8786.636
5495.859 8791.888
5648.938 8971.737
5657.400 8286.514
5605.232 8386.125
5303.841 9014.521
5782.718 8528.311
5845.600 9085.445
5572.651 9150.240
5390.174 8198.500
5284.601 8986.471
5617.235 8379.621
5969.276 8146.783
5371.489 9069.776
5896.965 8287.042
5890.075 8779.586
6184.422 9006.238
5761.135 8532.969
6089.560 8853.004
5786.717 8185.275
6131.351 8587.423
5155.514 9003.743
5337.112 8168.918
6178.011 8815.954
5500.400 8639.866
5969.418 8876.746
5559.241 8679.305
5264.888 9072.971
5414.264 8664.983
6042.732 8595.904
5261.709 8923.333
6219.388 8191.886
5645.898 9240.038
6233.144 8432.885
6076.555 8638.426
5298.563 8388.704
6095.898 8326.477
5827.653 8669.907
5500.997 8779.158
5848.773 8788.339
5809.162 8530.965
5811.166 9153.476
5593.497 8397.389
5918.019 9117.464
5361.744 8476.301
5539.963 9182.835
6061.178 8921.636
5638.694 8870.106
5739.063 8806.103
5486.637 8930.704
5533.879 8726.689
6142.250 8643.841
5116.692 8384.174
5552.937 8942.171
5593.646 9147.484
5886.219 8231.730
6005.965 8448.009
5421.555 8320.067
5403.009 8394.453
5581.296 8204.509
6149.007 8602.868
5707.603 8751.427
5538.513 8815.345
5576.413 8500.749
5666.641 8678.809
5614.589 8967.235
6111.915 8160.515
5221.840 8176.155
6208.057 9034.992
5819.124 8567.614
5331.693 8835.832
5634.299 8277.510
5312.021 9031.723
5439.456 8698.213
5906.271 8513.680
5580.379 8723.560
6054.471 8603.694
5119.231 9026.775
5920.726 8713.831
5464.588 8366.162
5503.306 8305.246
5587.657 8555.679
5483.413 8647.341
5286.773 8140.965
5479.413 8532.555
5275.226 8315.687
5497.885 8252.347
5235.360 8174.097
6025.578 8620.951
5332.252 8630.901
5349.087 8191.793
5998.831 9096.899
5655.375 8550.388
6086.789 9088.143
5319.555 9054.080
5853.090 8305.206
5156.214 8812.078
5550.766 9079.202
5707.328 9153.952
5597.200 8973.788
5285.092 8871.671
5112.208 8625.187
5570.878 8639.784
5962.707 8717.180
5912.386 9161.787
5603.363 8928.105
5706.180 9189.284
5547.378 8561.784
6240.533 8478.991
5738.682 8280.823
5925.444 9188.883
6205.840 8546.521
6129.658 8982.315
5218.611 9031.387
6112.841 8924.381
5334.880 8952.190
5436.011 9045.875
6160.615 8281.354
6148.936 8830.269
5920.403 8254.508
5314.712 9007.377
5767.912 8430.231
6024.536 8187.166
5752.687 8597.358
5988.796 9069.945
6013.992 8946.266
5926.430 9219.802
5658.246 8734.045
5428.025 9134.046
5561.941 8164.833
5815.520 8267.244
5862.719 9059.006
5638.441 8340.066
5828.308 8787.960
6186.094 8225.838
5257.917 9010.961
5327.864 8886.718
5140.663 8129.290
5122.321 8424.281
5491.366 8245.631
6045.743 8210.388
5597.769 9153.495
5245.508 8151.456
5976.874 8584.284
5886.165 9110.787
5702.809 9207.581
5197.563 8399.635
5237.687 8630.925
5122.262 8726.408
5272.814 8221.677
5761.364 8793.932
5280.795 8582.152
5816.842 9247.835
5399.044 8175.445
5430.358 8360.385
5479.029 9153.330
5951.442 8133.615
5302.903 9050.675
5213.790 8487.560
5347.286 8150.678
5158.585 8963.086
5462.685 8508.778
5314.873 8298.914
5163.799 8909.856
5299.102 8146.833
5878.363 8250.212
5839.521 9125.850
6232.612 9097.185
5286.311 8677.897
5567.110 8395.321
5605.205 9174.756
6183.719 8161.579
5965.591 8119.776
5192.004 8675.385
5444.440 8675.100
5402.078 8639.182
5744.667 8340.548
5891.868 9170.897
5810.896 8269.211
5757.011 8624.695
6186.006 8773.592
5734.017 8539.244
5463.405 8950.263
6018.856 9161.910
5487.905 8307.387
5642.109 9095.818
5621.330 8502.684
5455.870 8612.242
5871.864 8212.818
5153.361 8235.632
5405.661 8537.595
5356.798 8888.042
5195.116 9214.820
5480.474 8818.181
5848.351 8235.056
6094.878 8482.980
5187.316 8490.963
5465.034 8776.889
5715.970 9197.189
5874.201 8904.642
5508.606 9026.891
6190.590 9021.593
6124.331 8514.253
5258.608 9122.471
5801.413 8501.243
5565.708 9195.991
5247.789 9066.308
6014.735 8484.989
5600.842 8858.348
5421.739 9172.060
5208.940 8717.482
6036.776 8598.218
5839.798 8558.761
5967.187 9181.489
5735.834 9008.884
5728.135 8436.304
5657.028 8942.375
6011.975 8720.027
5961.941 8116.272
5178.381 8472.623
6034.744 8265.840
5330.040 9115.170
5869.127 8721.651
5537.828 9060.996
5173.889 8132.439
5590.917 8364.195
6048.013 8857.928
5688.429 8459.013
5231.677 8239.753
5198.029 9220.376
5112.304 8690.279
5777.805 9022.697
6216.318 8584.333
6208.383 8840.711
5137.169 8514.852
5407.702 8877.170
5407.286 8409.855
5563.782 9191.995
5197.921 9167.798
5270.196 8809.058
5698.341 8716.576
6166.473 8913.522
5265.729 8739.801
5642.402 8919.353
5254.347 8623.588
6053.462 8648.391
5198.900 8907.351
5908.266 8396.590
5546.136 8653.822
6061.293 8836.106
6011.689 9247.815
6111.496 8130.801
6026.639 9073.111
6121.921 8161.553
5638.125 8237.185
5871.451 8446.783
6194.304 8302.048
5727.730 8884.365
5182.493 8527.891
6034.003 8723.196
6166.071 8555.706
5290.803 8508.171
5656.799 9026.446
5440.290 8546.713
5513.000 8403.058
5969.240 8481.475
5904.691 8673.659
5454.287 9188.714
5573.772 8471.066
5461.052 8899.924
5725.178 8450.285
5980.990 9180.671
5257.664 8634.024
5717.415 9200.415
5359.781 8296.755
5701.943 9086.106
5702.110 8708.891
6104.421 8338.444
5683.046 8460.162
5769.067 8816.801
5350.007 8999.082
6040.321 8121.029
5936.489 8394.975
5916.179 8412.003
5269.129 8421.342
5212.915 8713.209
5441.860 9229.077
5832.410 8260.839
5932.396 8674.413
5859.972 8982.627
5263.262 8219.386
6163.157 8839.645
5884.697 8825.604
5796.906 8132.868
6126.060 8115.919
6108.581 8849.778
5271.406 8923.486
5132.940 8198.450
5747.937 8341.029
6025.823 8462.259
5399.626 8443.340
5713.209 9032.716
5913.166 8543.549
5432.424 8806.227
5505.249 8994.389
5472.617 8195.452
5511.721 8279.605
5577.167 8406.835
5727.200 8831.478
5877.473 8223.105
5550.880 8448.425
5486.910 8285.603
5948.895 9032.746
5496.029 8310.016
5255.584 9014.554
5659.778 8700.337
5898.761 8671.457
5188.865 8658.266
5148.530 8503.274
5791.875 8177.996
6070.451 9162.988
5247.889 8261.402
5233.571 9087.714
5391.997 9214.372
5407.005 8267.468
6221.613 8866.863
5252.544 8955.772
5918.576 9031.018
5241.006 9235.689
6128.318 8434.884
5310.208 9237.157
5660.226 9234.318
5371.925 8168.973
6004.034 8350.772
6031.862 8193.988
6104.659 9237.855
5476.237 8143.357
5663.924 8600.817
5513.277 8152.166
5474.518 9178.333
5883.756 8213.867
5669.746 8812.352
5158.703 8639.174
5611.652 8188.708
5249.416 8704.939
6145.112 8500.377
5148.156 9101.429
5396.999 9000.042
5859.151 9143.553
5999.015 8387.794
5547.150 8540.090
5297.127 8696.192
5918.309 8800.162
5988.498 8769.425
6165.090 8784.767
5331.730 8218.005
6040.156 9091.875
6108.076 9178.688
6051.952 8209.894
5669.884 8404.919
5645.559 8182.961
5884.216 8177.046
5452.936 8728.726
6201.435 9222.935
5864.772 8551.574
6134.547 8899.446
5548.317 8969.492
5283.574 8274.772
5159.806 8403.399
6157.596 9153.494
6024.189 9004.123
5407.752 8615.710
6052.102 8215.083
5506.213 8855.964
6045.746 8250.794
6195.640 8282.975
6052.956 8479.660
6093.852 8342.828
5786.838 8781.532
5854.807 8675.276
5502.101 8620.308
5280.146 8731.898
5863.655 8229.711
5538.243 9192.011
5192.697 9049.408
5912.573 8355.052
5466.530 9130.112
5344.795 8412.650
5227.035 9112.872
6152.182 8136.196
5548.535 8487.014
5249.965 8635.862
5608.169 9049.985
6232.472 9018.893
5619.685 8796.919
6115.353 9067.091
5575.242 9001.393
6071.289 9057.814
5285.970 8792.809
5602.538 8785.320
6135.568 9091.286
5920.331 8298.394
5411.477 8320.045
6040.000 8650.937
5158.856 8140.469
5582.095 8366.005
5546.270 8722.598
5938.389 9069.392
5220.684 8478.001
5139.318 8960.451
5446.600 8854.168
5665.390 9246.481
6111.298 8321.009
5418.982 9157.262
5557.028 8870.503
6095.765 8648.815
5271.154 8963.379
6153.829 8214.603
5407.168 8581.294
6096.143 8259.528
6114.515 9160.629
5900.034 8790.484
5751.963 8650.047
5152.372 9149.986
6090.828 8541.378
5122.655 8814.174
5221.397 8261.752
5352.346 8858.575
5599.752 8684.185
6183.190 8976.190
5537.383 8365.845
6148.390 8834.342
5371.841 9043.090
5216.708 8255.729
5299.207 8252.922
5835.720 8433.243
5385.430 9032.259
5720.457 8907.439
6225.440 9120.939
5654.826 8606.518
5434.022 8979.713
5615.586 8955.437
5841.947 9103.492
5745.724 8740.901
5125.508 8784.839
6185.845 9093.430
6184.461 8504.768
5637.327 8359.885
6153.273 8316.021
5601.316 9180.463
5762.365 9197.568
6080.154 8939.458
5176.124 9080.341
5142.159 9194.397
5426.142 8254.039
6036.213 8500.537
6068.454 9017.520
6053.207 8204.666
5894.783 8870.282
5347.399 8497.576
5840.391 9017.106
6219.462 8270.517
5905.234 8722.085
5883.950 8375.017
6196.284 9241.653
5123.349 8360.432
5407.113 8492.626
5845.541 9085.717
5160.811 8164.196
5816.179 8618.714
5985.189 8907.063
5420.709 8864.616
5799.877 8120.921
5273.573 8873.289
5932.530 8963.133
5512.268 9038.884
6091.236 8578.501
5729.105 9058.888
6232.147 8840.548
5579.890 9045.489
5299.003 8366.690
5202.154 8895.382
5234.657 8652.435
6022.221 8678.610
5735.655 8573.609
5715.406 8249.797
5444.669 8467.151
6007.267 9140.726
6204.058 8662.709
5792.546 8270.539
6240.811 8312.929
5482.279 8526.631
6021.936 8379.287
6206.509 8138.471
5371.113 9190.511
6215.272 8346.594
5305.284 8227.229
6058.924 8906.718
5613.362 9023.405
5193.902 8673.379
6195.767 8841.800
5527.590 8515.978
5628.008 9134.457
5835.231 8345.685
5970.258 8227.498
5660.261 8125.901
6060.037 8220.251
6128.156 8156.059
5583.422 8678.445
5259.955 8874.442
5221.378 8622.092
6067.846 8148.860
5516.895 8290.601
5850.064 8843.430
5745.913 9093.352
5407.494 8297.375
5497.701 9249.207
5881.325 8445.372
5654.844 9156.197
5752.412 8227.934
5489.674 8356.466
5614.607 8863.104
5440.343 9131.385
5719.982 9090.001
5260.104 8761.785
5978.920 9235.133
5728.564 8736.069
5911.418 8672.396
5582.779 8676.347
5260.565 8828.782
5696.375 8552.864
5751.092 8683.354
6066.539 9065.045
5790.989 8667.920
6026.340 8842.780
5496.199 8184.974
6163.545 9111.491
5294.714 8806.802
5567.391 8652.481
5854.819 9129.907
5674.392 8967.281
5721.939 8844.475
5333.042 9150.815
5776.007 9227.879
5809.900 9120.732
5515.597 8789.268
6196.701 8853.853
6092.918 9068.267
5140.487 9010.179
6074.417 8276.028
5832.572 8864.281
6001.245 8862.839
6058.429 9069.779
5723.885 8999.090
5694.050 8659.786
5591.037 9069.806
5740.510 8796.874
6129.999 8561.118
6105.380 8752.133
5469.394 8862.311
6245.694 8497.845
5299.356 8816.763
6137.706 9155.575
5264.632 8963.031
5202.125 9219.218
6218.719 8665.955
5805.037 8539.724
5879.111 8500.683
6230.225 8158.030
5865.826 8838.284
5386.644 9023.028
5223.892 8321.041
5851.954 9184.615
5807.152 8480.982
5801.344 8702.791
6067.579 8198.489
5779.258 9005.034
5261.834 9136.987
5328.901 8268.073
5524.122 8405.111
5205.162 8821.347
5350.714 8457.408
5830.132 9064.247
5479.863 8417.888
5409.957 8957.445
5491.155 8783.315
5439.861 8730.993
5628.522 9017.860
6053.907 8153.521
5616.370 8583.789
5440.568 9171.468
5394.916 9000.767
6098.649 8581.549
5886.464 8264.906
6043.559 8253.312
5960.003 9065.993
6022.069 8632.000
5613.691 9215.657
5348.004 8457.669
5747.151 8331.069
5686.556 8267.115
6126.181 8134.529
5675.105 9091.709
5453.744 8157.618
5825.525 8657.490
5467.559 8802.929
5161.685 8772.384
6170.219 9143.020
5767.710 8736.089
5633.573 8422.794
5712.939 8602.274
6136.011 8938.045
5535.012 8408.239
6056.410 8283.817
6230.267 8434.102
5495.508 9092.133
5993.997 8491.965
5244.264 9088.181
5956.444 9166.370
5623.588 8963.924
5448.685 8130.188
5516.885 9196.203
5940.354 8127.709
5825.137 8339.588
6157.786 9026.430
5634.935 8811.250
5422.305 8910.064
5535.320 8775.386
5791.622 8245.823
5880.658 8481.247
5294.278 8646.986
5755.350 8570.118
5290.760 8335.454
5972.978 8432.243
5360.836 8161.162
5952.443 8887.462
6104.198 8567.435
5693.937 8350.306
6089.087 8959.731
5451.364 8764.571
5669.123 8987.146
5328.071 8232.228
5883.168 8123.403
5713.436 8486.838
6047.516 9223.890
5534.398 8650.924
6127.942 8339.395
5322.400 9046.559
5309.370 8930.878
5584.252 8143.639
5513.544 8607.837
5225.514 9092.041
5112.730 8346.378
5496.076 9212.147
6071.514 8769.644
5173.725 8763.498
5843.902 9068.655
5976.255 8543.766
5845.803 8227.353
5275.492 8249.786
6069.540 8160.580
5927.577 8175.917
5202.547 8240.893
5848.795 8792.919
5987.135 8301.141
5165.775 9171.650
5453.551 8925.923
6014.606 8260.073
5951.176 8776.057
6162.544 8255.726
5832.669 8348.076
5320.301 8932.629
5700.887 8795.293
5329.913 8592.290
5600.350 8538.749
6158.267 8259.015
5738.456 8398.552
6140.822 8539.129
6082.300 8270.788
5982.751 9100.892
5809.850 8731.943
5959.613 9135.294
6014.473 8720.747
5734.234 9212.122
5273.332 8226.186
6222.109 8180.211
5762.081 9099.126
5342.275 8907.754
5782.494 9204.181
5912.939 8762.686
5789.470 8241.634
5548.795 8457.291
5550.631 9247.311
6015.283 8644.548
5824.159 8342.784
5194.555 9156.044
5478.476 8445.196
5946.050 9012.056
5967.716 8615.413
5419.929 8738.666
6225.786 8978.669
5182.850 8915.193
6187.263 8764.147
5986.413 8875.681
6053.998 8848.302
5225.912 9048.622
5747.947 8594.289
5437.498 9203.253
6151.499 8801.005
5867.111 8609.265
5590.177 9240.638
5586.087 8358.542
5322.575 8729.332
6092.380 8963.274
5473.336 8923.362
5564.217 8441.837
5582.138 8395.944
5644.385 8602.477
5300.551 9232.765
6219.836 8589.605
6049.835 8501.314
5501.528 8264.300
5223.753 8409.092
5922.542 8857.581
6047.774 8904.657
5355.604 9215.553
5554.181 9085.249
5641.106 8575.658
5900.714 8289.659
5317.372 8901.693
5666.739 8536.267
6184.425 8178.597
5417.424 8830.112
5529.928 8877.043
5966.140 8695.339
5897.946 8152.349
5382.207 8318.658
5464.906 8456.429
5793.708 8517.100
5495.795 8437.508
5645.786 8795.145
5541.251 8946.142
5125.042 8223.011
5761.747 8328.273
5971.044 8596.330
5274.257 9214.998
5424.479 8590.881
5285.845 8280.619
5412.927 8552.250
6123.417 9244.239
5786.895 8718.461
5605.632 8587.061
5532.291 8642.842
5949.530 9151.735
5958.783 8778.438
5632.085 8661.499
5853.848 8256.348
5339.358 8994.356
5449.401 8211.490
6151.773 9152.699
5148.698 8983.345
5858.561 9237.823
5262.420 8471.018
5809.038 8899.558
5765.437 9135.814
5912.962 8758.289
5540.513 8808.385
5247.527 9176.277
6217.383 8826.849
6125.303 9229.614
5986.560 8834.296
5308.218 8739.893
5967.752 8533.726
5570.591 9227.247
5435.813 8770.771
5538.809 8786.536
5116.317 8335.530
5280.324 8564.738
5555.099 8347.730
5786.221 9062.819
5212.337 8196.065
5160.052 9020.412
6007.295 8754.152
5114.054 9033.805
5267.897 8296.135
6038.554 8492.380
5876.229 8212.726
5315.947 8143.915
5282.431 8226.897
5957.682 8403.158
5744.575 8629.986
5299.623 8247.622
5220.088 9195.401
5759.251 8651.626
5549.565 8737.905
5763.326 9007.973
5213.417 8399.489
5163.352 8750.859
5155.139 9149.693
5344.203 8765.083
5595.843 8614.655
5941.498 9129.971
5198.614 8720.080
5794.925 8913.748
5697.260 8169.177
5989.302 9026.640
5533.001 8524.437
5472.293 9222.191
5728.437 8913.262
5489.594 8999.164
5971.095 8458.904
5641.196 8145.059
5120.391 8451.195
6043.044 8758.105
5908.641 8718.482
5342.743 9148.173
5377.459 8613.697
5641.492 8634.051
6238.644 8402.421
6029.513 8646.747
5279.811 8595.888
5160.450 8484.420
5859.484 9017.090
5678.143 9237.027
5479.510 8619.070
5940.949 8802.014
5261.635 8227.508
5663.178 8630.267
5929.786 8425.945
5923.362 8485.275
5719.261 8700.517
5218.318 9210.342
5508.849 9022.866
6223.725 8426.327
5112.833 8753.451
5279.373 9195.359
5913.761 8216.599
5925.028 8198.634
6018.880 8790.046
5230.317 8214.310
5686.456 8500.270
6110.917 8698.185
5721.967 8360.512
5628.307 8912.850
6005.646 8938.313
5394.589 8784.083
5527.992 9151.711
5401.842 8449.629
5786.093 9053.525
5894.189 8464.891
6020.726 8747.965
5413.184 8383.211
5921.480 8377.270
5662.403 8644.141
5325.291 8916.052
5719.167 8160.879
5971.003 9078.135
5851.510 8140.747
5372.607 9230.765
5136.302 8810.992
5691.848 8303.036
6098.014 8862.670
5421.934 8947.453
5496.870 9016.789
5605.645 8300.486
6052.641 8555.541
5557.345 9244.152
6082.939 8482.931
5174.979 8154.611
5869.295 9027.924
5230.362 9090.192
5792.173 8271.790
6010.328 8180.219
5379.393 8780.013
5657.727 8707.882
5376.505 8122.260
5894.808 8904.203
5956.608 8485.906
5402.933 8296.456
5807.432 8681.777
5687.290 8279.141
5885.554 9145.747
6058.027 8705.605
5660.229 8186.606
5221.303 8183.870
6158.849 8627.514
5348.625 9132.001
5571.272 8326.406
5656.254 9197.946
5186.525 8736.844
6037.365 8923.715
5327.101 8162.468
5321.893 8826.838
5438.324 8920.141
6181.714 9037.454
5815.804 8142.519
5767.731 8222.714
5787.242 8413.968
5258.671 8907.721
5865.018 8804.661
5293.940 8667.242
5124.151 8674.389
5133.375 8695.854
5787.263 8802.615
5295.451 9018.350
5382.421 8152.003
5195.772 8117.752
5242.376 8371.404
5137.154 8678.622
5497.546 8802.838
6051.222 8147.990
5144.423 8132.861
5650.373 9075.246
5205.104 9107.070
6025.490 8491.878
5539.457 8598.012
6179.149 8607.559
5533.397 8774.530
6021.644 9116.037
5312.118 8326.676
5932.702 8965.335
5547.904 8644.587
5759.463 9249.112
5687.738 8206.440
5285.855 9127.497
5774.773 8277.857
5752.335 8482.190
5923.869 8383.288
5440.735 8264.866
5732.663 8681.903
5990.026 8684.320
5218.518 8923.994
5177.769 8724.861
5595.840 8695.549
5153.309 8141.738
5425.977 8526.929
5629.996 8517.097
5610.369 9172.511
6167.931 9225.255
5816.598 8320.394
5414.364 8889.225
6201.255 8195.318
5199.316 9043.922
5785.092 8553.113
6046.763 8282.432
5162.231 9103.906
6103.889 8422.381
5737.487 8641.904
5555.058 8232.493
5727.595 9042.050
5599.310 8382.330
5228.885 8251.820
5718.425 8325.331
5472.423 8809.135
6142.748 9005.391
5477.443 8531.248
5804.931 8138.364
5933.338 8342.768
5596.613 8290.924
6204.014 9163.730
5161.565 8760.659
5718.474 8360.171
6141.196 8368.133
6173.260 8625.683
6188.946 8430.446
6044.005 8672.205
5149.662 8365.530
5221.433 8551.796
5336.990 8120.963
5499.906 8534.783
6120.053 8756.602
6009.293 8490.211
6150.472 8764.584
6205.011 8500.354
5403.198 8647.068
5767.858 9071.291
5930.927 9132.798
5727.140 8756.171
6023.576 8406.792
5526.916 8256.757
5192.075 8204.613
5702.262 9137.134
5867.975 9054.239
6241.814 9205.594
5558.741 8940.626
6203.762 9038.803
5691.294 8879.341
5551.465 8304.340
5492.940 8929.371
6095.785 8350.442
5402.571 8207.991
5375.425 8809.277
5527.482 8978.318
5496.881 8775.769
5147.836 8519.952
6042.737 8407.189
6236.520 8836.490
5972.418 9049.605
5514.718 9171.126
6230.528 8729.181
5879.319 8575.014
5551.018 8607.559
5533.587 8781.898
5374.197 8584.183
5804.152 8442.582
5213.678 8251.411
6041.904 8162.320
5295.769 8167.958
6168.603 9201.233
6177.850 9076.365
5179.390 8255.913
6001.711 8687.034
5672.897 9070.503
5236.680 9186.146
5489.456 8857.382
6223.460 8548.550
5347.897 8536.355
5129.622 9201.531
5978.475 8121.172
5840.972 8670.710
5906.962 9078.802
5351.030 8616.508
5700.011 8866.046
5566.088 8616.819
5827.579 8263.896
5522.579 9009.829
5854.437 9173.662
5851.098 8290.567
5681.797 8535.703
6034.670 8622.941
5581.830 8891.998
5901.615 8472.733
5509.463 8203.368
5334.521 8159.083
5727.837 9095.209
5771.987 8175.387
5314.185 8748.058
5700.998 8194.056
6163.680 9111.085
5161.431 8989.543
5659.340 8421.493
5956.315 8186.115
5405.828 9009.046
5623.270 9242.320
5771.561 8509.883
5316.187 8424.725
5635.957 8393.561
5874.139 8894.871
5659.563 8318.752
5789.564 8843.815
5272.819 8166.272
5472.992 9174.408
5743.197 8585.547
5928.204 8264.432
5571.935 9048.578
6235.851 8364.759
6026.545 9023.597
6091.404 8702.595
6098.691 8271.862
6166.681 8917.352
5454.202 8483.904
5444.557 8260.268
5247.610 9021.342
5829.252 8837.729
6048.396 8269.727
5495.558 8649.927
6026.947 8604.373
5444.747 9001.651
5701.156 8459.136
6104.047 8667.422
5468.208 8138.858
5592.017 8971.218
6234.343 8453.455
5419.612 8269.258
5699.869 8983.130
6184.223 8938.837
5210.461 8665.808
5207.493 8873.380
5769.794 8860.422
5411.869 8717.140
5896.904 8461.133
5662.986 8288.923
5889.089 8906.708
5533.202 8864.684
5428.950 8139.244
6006.266 9070.367
5133.495 8648.924
5195.814 9111.247
6078.623 8118.402
6213.756 8713.717
5523.593 8986.434
6177.196 9167.125
5603.816 8600.870
5309.310 8983.685
5557.491 8156.220
5704.263 8584.746
6212.790 8673.955
5431.804 8582.311
5373.712 8173.316
5802.426 8861.772
5840.099 8773.365
5359.860 8730.818
5446.712 8916.097
5269.947 9008.094
5354.337 8741.752
6159.424 8405.509
5127.163 8859.985
5255.195 9128.811
6059.376 8446.936
5927.228 8709.688
5751.177 8939.138
5799.029 9192.747
5129.755 8125.916
6118.484 8882.290
5208.201 9235.940
5409.603 8429.798
6125.466 8564.646
5636.610 8773.040
5465.429 8922.985
5863.928 8852.022
5158.572 9134.707
5257.369 8655.774
6096.561 9047.131
5581.817 8642.891
5847.915 8289.329
5318.704 8358.550
5285.197 9022.726
5835.084 9078.224
5370.139 8611.714
5792.593 8777.289
6175.629 8298.806
5474.881 8579.630
5567.206 8930.064
5425.973 9124.556
5373.175 8391.840
5944.335 8222.502
5251.552 8198.990
5612.602 8304.894
6038.247 8185.945
5653.737 9164.175
5759.355 8408.893
5915.723 8345.128
5258.268 8512.733
5530.311 8234.837
5289.563 8818.196
5337.127 8396.108
5925.388 9087.991
5884.885 8815.375
5608.368 8338.358
5882.572 8697.723
6050.864 9249.654
5882.549 9038.488
5951.901 8262.919
6201.389 9072.682
5292.758 8418.260
6108.215 9054.978
5648.486 8773.713
5736.425 9251.417
5582.240 8636.582
6132.524 8191.589
5796.997 8540.964
6040.889 8564.797
5416.308 8283.270
5599.045 8457.257
5355.260 8680.109
6085.122 8937.459
5498.481 8976.721
5493.949 8893.954
5250.575 8555.609
5534.830 8843.060
6164.623 8942.307
6187.446 8411.693
5826.256 8521.801
5342.650 8231.201
5826.395 9239.605
5312.446 8182.067
5816.612 8367.479
6177.229 8317.283
6005.308 8458.997
5643.592 8605.450
5654.548 8191.592
6216.835 9095.296
5292.671 8797.239
5483.788 8833.766
6026.076 8310.488
5888.730 8656.661
6128.276 8199.102
6192.156 8668.182
5873.025 8205.530
5281.409 8680.809
5131.141 8443.021
5460.405 8662.361
5495.053 8603.895
5197.229 8987.837
5363.700 9029.719
5944.717 8381.020
6093.325 8148.556
5841.041 8302.344
6069.509 8486.313
6200.278 8760.486
5314.237 8787.507
5547.375 9177.004
5598.997 8522.273
6083.453 8468.831
5350.398 8695.934
6127.273 8529.194
5913.894 8121.710
5829.429 8723.292
5599.220 8426.956
5783.047 8554.637
5431.608 8258.155
5910.482 8590.702
5894.201 8867.584
6149.706 8325.457
5602.960 8344.582
6174.370 8939.603
5997.774 9032.708
5421.662 8683.915
5921.115 8886.842
5452.433 9132.826
5133.798 8642.840
6143.720 8197.140
5339.128 8539.335
6225.365 8932.709
5208.723 8358.103
5225.552 8895.120
5894.683 8243.839
5603.666 8648.448
5256.543 8725.095
5329.414 8639.034
5163.816 9224.422
5324.850 8117.216
5368.413 9226.516
6129.984 8177.204
5839.977 8194.435
5421.460 8252.838
5763.886 8646.803
5152.538 8246.622
5406.780 9226.663
6139.893 8811.108
5557.730 8532.608
5431.668 8305.043
5197.199 8919.678
5887.389 9122.889
6071.802 8965.858
5134.646 9138.695
6173.469 9029.454
5231.906 9205.189
6121.093 8828.402
6054.401 9070.312
5297.116 9201.699
6043.389 9139.673
5659.353 8208.267
5324.134 9198.453
5955.623 8522.971
5540.330 8596.615
5363.940 9055.017
5738.345 8247.989
5258.760 9157.570
5180.306 8939.123
5891.296 8168.995
5115.776 9028.864
5658.310 9220.130
6069.840 9222.977
5316.133 8716.349
5716.770 8959.112
5357.518 8525.107
5930.418 9083.555
5480.133 9030.273
6072.908 8361.596
5612.516 9029.280
5512.916 9092.742
6076.063 8956.059
5977.918 8633.840
5437.131 8971.324
5667.399 8542.951
5852.390 8600.056
5231.678 8735.337
5983.891 8944.780
5646.827 9225.877
5267.988 8426.777
5258.790 8818.725
5173.064 8434.117
6077.713 8889.269
5463.989 8335.164
5708.741 8951.124
5661.567 8370.670
5795.160 8748.421
5547.972 8506.705
5132.339 8199.484
5501.377 8276.177
5991.350 8966.968
5131.079 8960.034
5464.077 8216.496
6185.407 8369.428
5228.070 8876.537
5231.899 8539.276
5435.984 8228.779
5941.191 8875.719
5727.670 8888.104
5231.793 8512.098
5437.553 9210.172
5265.323 9078.751
5829.121 8399.220
6230.283 8839.997
5121.774 8134.099
5168.111 8452.028
5346.968 8686.073
5124.625 8117.631
6037.021 8710.263
5409.745 8636.918
5988.822 8363.972
5894.406 8702.164
5684.894 8300.961
6051.073 8991.366
5199.354 9198.628
5989.071 8453.168
5881.450 9144.633
5518.219 9185.076
5763.942 9109.193
5829.459 8847.213
6052.601 8213.737
6142.090 8860.758
5476.131 8353.156
5944.833 8879.844
5297.367 9241.823
5680.892 8826.465
5551.072 8472.877
5763.898 8258.394
5868.408 9235.201
5982.341 8607.961
5745.843 8768.796
5956.233 9191.770
5171.697 8908.103
5691.402 9148.186
6066.926 8477.241
5727.450 9193.158
6244.167 8638.489
5580.272 8185.295
6014.222 8449.242
5510.498 8907.421
6044.231 9249.081
6150.457 9037.929
5572.280 8935.205
5242.828 8803.829
5460.905 8679.525
5339.792 8654.323
6070.503 8451.048
5768.933 8891.020
5536.495 9247.169
5551.992 8355.559
5885.661 9204.726
6202.620 9014.335
5841.372 8609.364
5342.222 8869.696
5168.690 8602.151
5649.441 9087.250
5771.408 9177.146
6072.156 9054.210
6063.076 8757.831
5388.627 8973.438
5556.860 9191.654
5420.800 9078.977
5978.591 8678.669
6035.594 8172.744
6157.875 8727.542
5557.392 8399.571
5643.971 8693.081
5710.587 9210.130
5855.965 8762.746
5632.810 8592.335
5832.445 8172.715
5729.161 8710.282
6202.285 9204.662
5258.213 8536.272
5954.759 8717.831
5567.266 8310.528
5451.412 8944.731
5767.919 8218.103
5562.917 8758.818
6099.549 8679.045
5413.056 8324.783
5129.584 8999.538
5286.154 8982.011
6211.806 8596.875
5117.966 8502.752
5842.079 8435.937
5297.614 9156.532
5754.288 8981.443
5332.308 8964.629
6183.310 9156.610
5523.277 8119.402
5345.985 8536.046
5548.502 8142.048
5175.883 8353.259
5367.362 8324.300
5209.474 8590.731
6128.203 8738.257
5934.543 8204.559
5870.666 8245.723
5260.632 8381.851
5889.599 8348.243
6181.807 9044.009
5491.117 9173.859
5799.003 8615.767
5164.286 8303.259
5861.945 9158.275
5265.924 8790.191
5508.389 9112.192
5565.223 8980.075
5624.666 8442.006
5141.015 8535.262
6050.200 8281.138
5372.386 8120.566
5664.604 8479.184
5860.667 8826.976
5490.743 8519.520
5608.829 8906.969
5112.525 8757.742
5417.951 8592.458
5329.403 8215.679
5121.961 8878.067
5644.376 8715.622
5640.464 8607.964
5640.828 8627.075
5667.772 8469.215
5720.433 8599.184
5890.785 8655.887
5659.717 8548.441
5266.941 9099.832
6140.693 8807.193
5618.476 8709.914
5864.931 9102.098
5859.111 9206.294
5836.567 8323.588
6142.278 8915.936
6214.158 9223.944
5841.926 9198.293
5715.014 8754.012
6074.104 8272.369
5140.050 8773.580
5779.396 8348.110
5544.300 8813.147
6238.309 9060.039
6220.571 8248.278
6237.893 8241.223
5606.437 8571.754
5278.479 8262.075
5363.369 8795.721
6212.516 9096.354
5189.432 9033.971
5295.319 9183.180
5138.170 8615.305
6181.810 8840.340
5698.242 8883.654
5411.303 8584.426
6135.367 8712.415
5735.748 8744.832
5202.510 8533.033
5543.490 8288.135
5585.651 9026.400
5802.850 8633.729
5950.437 8960.204
6226.106 8619.178
5924.832 8288.528
5800.428 8358.133
6133.364 8926.515
5510.370 8585.111
5438.951 9055.660
5558.455 8623.159
5412.238 8732.989
5882.335 8690.698
5364.026 8610.596
5633.365 9032.304
5567.510 8523.960
5473.348 8788.227
5151.050 8778.210
5820.640 9126.140
5730.515 9141.829
6002.885 9037.674
5364.558 9022.068
5704.407 8117.591
5145.864 8146.546
5591.656 8119.838
6213.489 8826.034
6126.356 8572.203
6083.844 8975.278
5934.070 8623.656
5848.547 8145.489
6233.319 8816.042
5329.027 8945.035
5578.067 8676.203
5536.813 9078.076
5679.746 9184.000
5435.261 8651.787
5285.266 8860.562
5499.743 8637.170
5327.817 9089.180
5260.493 8583.253
5943.601 8166.569
5596.661 8429.109
6142.497 8364.668
5678.318 8610.897
5229.868 8349.854
5719.924 9004.935
5691.309 8417.400
6104.289 8636.065
6167.159 8753.744
6058.770 8330.736
5265.586 8878.913
5392.754 8887.495
5140.952 8142.837
6082.890 8521.779
5554.195 8666.865
5635.863 8794.121
5180.021 8284.538
5456.426 8401.922
5237.606 8458.223
5168.279 8550.770
5162.350 9129.493
5922.211 8578.394
5260.839 9221.784
6102.528 8651.385
6091.824 8290.815
5649.616 9220.306
5692.786 8519.730
5831.286 9019.965
6058.543 8139.006
5862.000 8153.269
5163.465 8400.507
5286.059 9102.389
6130.456 8920.124
5482.777 8868.305
5758.018 8783.728
5195.768 8680.599
5159.400 9088.782
6121.908 8520.573
6062.989 9006.708
5932.252 8419.525
5561.663 8511.391
5231.056 8506.258
5899.947 9004.997
5843.198 8748.556
5612.029 9091.739
5723.377 9187.932
5897.265 8856.463
5440.203 8297.847
5906.413 8423.918
6008.929 8461.379
5170.059 8625.337
5658.374 8857.189
5628.778 8756.641
5213.218 8977.090
5487.221 8320.495
5672.606 9072.019
5522.104 8401.528
5617.704 8792.292
5444.295 9239.466
5275.595 9080.633
5453.591 8252.888
5947.605 8956.957
5370.186 8204.371
5488.527 8337.403
5645.563 8363.353
5553.137 8602.768
5870.989 8229.338
5746.919 8974.052
5855.289 9192.954
5402.478 9141.945
6141.858 8705.959
5843.397 8644.560
5352.958 8194.818
5744.389 9179.714
5958.505 9065.295
5605.623 8949.202
5804.710 8844.990
5244.001 8900.814
5378.862 8330.616
6098.495 8322.095
5578.783 8462.970
5747.118 8993.172
5813.720 9075.975
6155.106 8654.441
6121.657 8309.388
6083.086 8767.946
5202.191 9054.188
5344.992 8568.903
6140.040 8155.728
5306.822 9084.267
5778.080 8734.472
5394.950 8325.359
5157.078 8622.614
5380.238 8874.747
5577.286 8468.005
5543.767 9092.335
5823.271 8258.342
5972.349 8415.759
5662.443 8778.750
5758.406 8326.904
5681.421 8827.266
5827.296 8879.164
5660.303 8299.274
5875.660 8952.110
5601.219 8933.074
5573.230 8753.572
5561.003 8629.466
6056.555 8943.512
5378.424 8475.676
5801.610 8986.472
5597.866 8955.746
5625.172 8791.559
5195.629 8472.710
5843.989 8804.078
5276.911 8595.999
5162.168 8952.317
5746.820 8868.281
5259.242 8745.793
6119.533 8526.704
6178.325 8166.247
6054.686 8871.006
5344.759 8837.870
5937.722 8782.833
5578.930 8732.997
5745.538 8506.230
5165.200 8844.742
5313.158 8185.860
5143.439 8780.898
5450.551 8450.925
5660.016 8373.628
5651.905 9223.848
5986.597 9137.035
5477.973 8140.384
5910.902 8474.558
6159.839 9200.429
5777.762 8468.574
5617.550 8795.908
6205.195 8126.931
5667.751 8807.073
5662.550 8598.972
6207.179 8929.820
5840.438 8752.346
5599.673 8279.584
5930.056 8987.918
5698.844 8943.845
6156.171 8615.396
5814.103 8573.607
5221.662 9080.264
5551.820 8331.788
5922.270 8792.413
5620.258 8142.066
5430.710 9172.775
6149.323 8424.409
5697.392 8697.348
5203.241 8404.881
5365.118 8368.075
5367.413 8591.785
5601.436 8172.510
5967.184 8574.065
5648.202 8964.498
6139.438 8949.906
5375.019 9250.855
5434.776 8832.612
5544.928 8655.883
5954.699 9110.076
5411.605 8852.807
5746.930 8688.854
6224.051 8989.563
5131.688 8818.154
5896.826 8845.391
5253.726 8325.308
5163.469 8959.495
6103.779 8662.774
5668.649 8749.467
6005.863 8581.966
5514.130 8190.146
5637.836 8377.320
5149.801 9251.615
5267.044 8161.281
5209.800 8482.770
5485.448 9162.604
5367.496 8985.736
5678.736 8352.790
5144.174 8880.087
6023.320 9227.724
5835.441 8659.264
5845.828 8694.454
5665.006 8647.252
5839.520 8396.416
5316.473 8698.061
5906.943 8459.135
6211.097 9052.981
5837.631 8977.576
6019.039 8958.667
5362.466 8571.437
5352.508 8222.287
6141.227 9219.001
5460.526 9084.223
5839.563 8469.706
6014.376 8213.063
5655.625 8886.781
5486.327 8936.161
5582.799 8562.373
5247.758 8924.923
5296.739 8145.924
5254.917 8193.324
6194.578 8570.265
5301.845 8206.641
5315.976 8752.756
5140.000 9127.377
5702.776 9018.619
5603.849 9163.915
6131.748 9142.501
5954.387 9231.897
5740.760 9230.784
5767.197 9167.169
6104.925 8343.378
6125.348 8635.456
5138.000 8810.254
5879.733 8526.489
5734.951 8352.399
5374.825 8118.641
5535.865 9200.651
5935.049 8218.528
5543.021 8885.802
5997.547 8296.891
5837.797 8956.725
6024.991 8356.224
6010.436 8949.766
5906.232 8762.034
5993.139 8817.067
5610.312 9219.440
6170.092 8725.910
5899.548 8795.075
5610.184 8439.406
5156.468 9042.369
6180.603 8636.613
5190.019 8570.493
5869.731 8942.741
5213.348 8460.846
6061.267 9063.474
5169.799 8659.711
5917.662 8206.272
5584.499 8563.182
5263.542 8655.311
5911.541 8824.000
5455.634 8819.868
6201.423 8154.940
5754.021 8501.189
5519.473 8779.884
5944.655 8772.161
5660.184 8520.677
5207.936 8186.705
5734.719 8153.555
6232.498 8156.746
5601.141 8927.599
6101.021 8501.088
5796.642 8331.352
5871.282 8695.810
5639.257 8463.221
6164.635 8884.822
5677.474 8704.875
5381.659 8305.521
5904.678 9148.701
5828.105 8566.284
6141.868 9204.245
5506.601 8492.618
6021.546 8947.759
6196.780 9075.075
6020.061 8558.186
5902.202 8744.461
5915.062 9077.621
6048.001 8735.546
5474.246 9195.368
6032.688 8161.754
5655.453 8781.966
5796.477 8919.713
6149.032 9158.558
5552.101 8536.709
5871.028 8324.023
5984.806 8198.285
5340.946 8380.005
5419.461 8435.424
5166.859 8321.308
5734.049 9095.290
5996.046 8983.063
5529.861 8352.553
5191.249 9236.902
6007.550 8497.772
5560.770 8846.719
5381.446 9094.836
5724.504 8681.668
5350.201 8246.503
5598.186 8321.531
5871.456 9238.725
5660.113 9250.407
5167.910 8222.859
5149.135 8908.236
6208.877 8586.711
5447.223 8284.102
5551.709 9239.284
6244.739 9070.713
5205.758 8129.468
6104.213 8794.212
5987.372 8486.594
5552.619 8733.104
5653.613 8385.878
5434.867 8862.669
5996.865 8261.987
5624.658 8710.821
5449.952 8803.426
6006.302 8745.459
5267.914 8577.060
5127.170 8249.726
6063.262 8854.673
5444.853 8262.153
5161.703 8487.584
5766.229 9146.607
5192.960 9043.199
5407.359 8992.383
5643.294 9184.690
5225.438 8816.246
5989.441 9215.063
6225.359 8968.414
5799.703 8606.813
5258.124 9104.923
5288.457 8311.229
5718.179 8991.059
5139.059 8802.420
5162.022 8999.554
5632.379 8398.708
5639.836 8964.074
6014.592 8333.299
5396.617 8987.196
5653.508 8154.712
6059.059 8806.260
5690.788 8628.669
5963.944 8533.804
5627.485 9082.420
6110.538 9121.821
5508.111 8722.636
5653.150 8669.068
5627.228 8592.813
5723.754 8874.225
5551.094 8593.373
5278.524 9147.604
5759.728 8326.564
5463.722 8623.320
5600.081 8644.726
6073.096 8302.547
5685.909 8636.467
6167.574 8845.837
5838.283 8926.342
5260.569 8429.699
5739.421 8654.000
6009.332 9063.710
6150.349 8751.397
6190.486 8547.440
5712.596 8881.307
5621.723 8164.080
5401.436 8294.463
5689.769 8198.719
5280.222 9121.288
5922.821 8218.841
5189.175 8137.921
5548.951 9205.454
5372.315 8461.364
6018.475 8340.844
6030.276 9213.973
5959.568 8219.287
5618.864 8552.303
6101.610 8436.508
5883.573 8989.638
5289.415 8993.622
5303.225 8735.807
6235.445 9198.432
5442.034 8967.710
5320.961 8427.957
5537.355 9086.588
5780.039 8778.917
5532.829 8772.023
5688.442 9103.236
5787.013 9226.343
5678.814 8887.221
5605.131 8253.162
6216.840 9242.016
5232.208 8697.672
5370.824 8155.688
5191.087 8182.943
5755.352 8433.873
5893.512 8708.196
6063.630 9155.960
5929.477 8938.222
5528.185 9016.748
6136.724 8870.149
5477.614 8944.951
5979.544 9137.105
5304.770 8956.849
5623.852 8195.552
6035.503 8318.070
5770.441 8405.827
6193.680 9023.759
6059.004 8953.886
5820.526 8366.655
5839.573 8793.362
5863.333 8165.436
5451.044 9005.334
5940.907 9002.328
6157.590 8370.105
5742.588 8756.795
5977.030 8771.767
5940.215 9166.122
5606.500 8819.614
6110.589 8567.539
5574.159 8205.831
5154.722 8465.054
5445.308 8854.463
5369.560 8822.766
5303.822 8690.553
5196.940 8922.335
5644.220 8959.404
5900.356 8304.033
5230.689 8339.827
6019.895 8611.184
5203.922 8980.139
5313.445 8437.691
5656.840 9113.969
6035.586 9210.625
5560.169 8293.222
5227.696 8586.592
6068.734 9005.370
5982.276 8896.577
6221.867 8983.922
6151.033 8202.725
5534.681 8897.327
5337.783 8865.249
5406.095 8593.255
5513.990 9175.689
5873.778 8561.781
5517.180 8370.384
5759.796 8993.549
6024.034 8620.607
5123.303 8552.800
6239.661 8298.585
6103.305 9021.401
6216.615 8286.761
5607.283 8694.533
5271.183 8594.696
5600.693 9119.058
5956.716 9105.752
5248.317 8334.040
6007.371 8181.494
6062.080 8972.791
5522.623 8926.472
6209.130 8311.422
5516.017 8716.492
5910.426 8320.113
5441.263 8270.595
5192.338 9061.001
5329.495 8388.547
6238.802 8959.173
5229.854 8285.712
5428.274 9123.253
6210.236 8581.870
5242.003 8396.615
5609.471 8373.692
5490.304 9069.402
5332.876 9004.418
5258.824 8733.157
5545.305 8928.243
6054.703 8421.513
5794.146 8649.861
5880.052 8195.350
5806.189 8881.764
5375.100 8223.325
5741.602 8392.535
5922.617 8119.331
5765.769 9170.612
5876.787 8730.245
5400.565 8365.884
5537.923 9082.066
6111.882 8980.618
5331.120 8554.959
5570.137 8954.322
5637.946 8528.221
5270.528 8711.887
5619.539 8566.934
6041.190 8471.961
5300.583 8722.467
5557.408 8700.114
5796.113 8766.600
5118.347 8443.059
5505.071 8340.917
6091.800 8623.492
6145.248 9086.955
5334.913 9143.011
5323.751 8312.526
5820.464 8411.449
5483.687 8649.755
6024.709 8837.264
5716.273 8478.162
5321.107 8957.571
6241.178 9231.390
5563.169 8267.723
5524.361 8675.718
5682.519 8705.522
5295.837 8750.515
5557.411 8615.313
6144.585 8561.240
5315.792 8478.501
5120.227 8538.758
6093.472 9218.924
5675.888 8431.516
5659.753 8682.162
6221.521 8215.873
5703.846 8810.770
6173.819 8879.605
5415.904 8827.981
5347.542 8181.906
5646.270 8922.457
5507.723 8863.617
5298.073 8808.185
5337.430 8526.391
5250.808 8313.350
5295.001 9210.299
5280.968 8989.642
5436.548 8722.682
5671.550 8656.304
5203.663 8246.631
5456.768 9188.277
5631.963 8551.237
5197.519 8830.620
5143.701 9198.070
5183.516 8138.773
5558.148 8281.637
5448.761 8632.995
5827.728 9111.264
5220.874 9183.750
5259.440 8276.786
6238.392 8870.571
6001.910 8529.404
5715.930 8433.366
5797.926 8867.215
5251.275 8518.637
5311.701 8415.677
6236.968 8885.027
6190.614 8769.073
5543.720 9138.653
5233.192 8920.902
5736.978 8240.197
5946.371 8853.895
5298.002 8985.489
5913.557 8401.330
5310.844 8657.950
5351.151 8539.280
5425.584 8262.614
5966.932 8541.548
5896.791 8926.633
5331.796 8792.013
6158.990 8283.965
6063.674 8186.967
5677.864 8627.597
5420.367 8244.349
5775.098 9135.838
5243.843 8778.343
5824.438 9148.938
5888.205 9056.062
5710.370 8517.238
5195.917 8843.391
5260.655 8528.576
5620.507 8342.026
5785.080 8212.902
5855.483 8531.623
5748.773 8612.394
6204.801 8459.307
5616.763 8387.638
6112.066 8440.138
5560.915 8877.344
5894.023 9206.866
5268.830 8943.044
5431.208 8631.907
6073.070 8270.722
5608.012 8401.142
5992.669 8654.606
5752.058 8354.177
6090.783 8314.993
5435.307 8332.328
5377.828 8568.453
5453.651 9244.282
5932.021 8280.171
5329.182 8662.297
5153.811 8979.432
6100.751 8550.377
5695.976 8657.999
5959.435 8765.847
5554.379 8163.025
6118.127 8933.326
5481.751 9176.029
5569.030 8164.373
5832.944 8485.935
6014.025 8401.626
5231.228 8441.071
5282.301 8750.221
6065.474 8586.056
5195.396 8775.952
6108.664 8422.021
5634.902 9220.302
5194.928 8205.716
5961.371 9095.099
5684.580 9216.319
5110.635 8592.238
5286.894 8623.021
6113.172 8707.836
5995.202 8594.820
5658.791 8475.089
5334.750 8577.544
5628.102 8788.385
5363.958 8582.443
5258.444 8999.187
6116.469 8155.634
5476.754 8356.256
5730.526 8191.830
5798.283 8708.026
5521.994 9151.502
5958.686 8527.087
5167.210 9181.388
5902.341 8269.056
6044.241 8606.425
5149.581 9012.862
5303.185 8922.986
6118.917 8325.163
5570.917 8526.983
5618.374 8316.600
5938.715 8311.074
5537.831 8256.893
5988.431 8709.017
5272.244 8802.038
6067.692 8629.324
6036.207 8840.635
5243.683 8324.214
6075.322 8661.074
6150.541 9124.398
6070.883 8537.725
6230.518 8202.845
5462.003 8435.004
5757.215 9097.778
6189.007 8141.737
5763.161 8128.871
6028.599 8452.561
5220.351 8887.044
5518.727 8382.973
5256.944 8927.230
5584.872 8226.909
5808.292 8903.225
5378.125 8784.104
5996.567 8826.792
5544.687 9212.142
5719.598 9220.074
5150.103 8272.149
5456.588 8223.455
5161.207 9056.072
5186.434 9190.017
5898.446 8690.171
6212.737 8509.946
6076.867 8121.930
5621.230 9155.893
6106.928 9022.258
5614.621 9174.133
5187.211 9049.289
5761.856 8714.208
5241.661 8926.884
5163.253 8793.293
5421.213 8387.745
5153.677 9167.826
5628.271 9052.355
5964.843 8817.871
5753.994 8307.584
5800.684 8226.089
5781.245 8834.336
5698.236 8506.782
5613.068 8539.318
5379.957 8362.351
6176.095 8742.484
6112.242 8971.091
5294.437 8367.940
5985.145 9059.993
5937.890 8304.187
6211.762 8846.446
5121.209 8342.902
6056.917 8763.339
5489.147 8851.871
5459.908 8161.938
5371.688 9212.150
5861.679 8148.219
5874.153 8218.995
5869.605 8901.735
6137.259 8844.203
6165.471 9107.276
6131.056 8675.951
6229.717 8451.594
5390.225 8169.358
6037.876 8617.208
5619.793 9163.821
5302.945 8499.100
5845.734 9100.103
5168.213 9142.845
6087.506 8242.860
5154.781 9018.336
5260.659 8600.250
5145.774 8889.225
5708.515 8559.640
5845.405 8824.123
5373.172 9045.546
6070.278 9051.016
5982.971 8989.608
5431.119 8902.950
6095.202 9147.389
5626.139 8887.668
5372.100 8694.341
5144.776 8830.979
6006.282 9189.132
6090.237 8278.198
5237.020 8908.138
5182.173 9008.482
6053.536 8527.548
6231.838 8262.475
5799.568 8890.489
5504.432 9189.347
5136.058 8920.878
5856.271 8777.180
6101.699 9126.377
5264.026 8841.695
5386.878 8403.386
5968.060 8857.585
6122.160 8711.360
6021.624 8288.176
6028.418 9127.451
6079.124 9161.337
5203.152 8158.648
5984.235 8340.701
6218.210 8338.071
5334.456 8544.158
5639.118 8389.500
5651.025 8135.806
5522.091 8962.396
5519.501 8683.408
5754.512 9153.491
5316.731 8381.944
6187.348 8360.380
5928.317 8423.885
5841.911 8773.908
5333.540 8626.632
5776.183 8421.465
5223.468 9088.498
5566.314 8326.507
5223.092 8824.345
5331.336 9148.288
5651.907 9249.738
5810.525 8726.192
5983.860 8568.775
5906.315 8825.434
5884.004 8354.910
5367.795 8767.132
5727.038 9141.435
5661.066 8402.169
5675.239 9172.522
5994.402 8878.745
5157.078 8272.937
5458.006 8198.130
5471.209 8592.410
5785.648 8805.412
5864.843 9008.945
5438.474 8491.219
6198.463 9154.535
5602.163 8410.804
5170.435 8881.418
5627.049 9184.938
5451.339 8365.688
5871.455 8172.990
6241.608 8648.848
5109.986 8654.942
5519.416 8438.666
5742.888 8965.412
6132.657 9095.235
5768.286 9198.592
5540.836 8474.691
6243.406 8635.056
5963.461 8821.180
6085.261 8153.930
5685.765 8916.685
5686.319 8250.074
6236.179 8675.511
6175.061 8183.665
5698.973 8673.383
5735.484 8729.055
5518.228 9219.244
5370.354 8254.146
5383.532 8828.285
5536.646 8511.720
6026.317 8587.646
6142.390 8319.629
5619.930 8799.110
5485.465 8118.314
5913.081 8153.270
5427.813 8773.036
5360.388 8425.639
6234.568 8421.106
5990.444 8209.540
5848.988 8896.869
5121.810 9217.493
6058.242 9122.258
6087.308 8133.308
6198.097 8982.575
5279.951 8601.051
5732.733 9071.077
5745.182 8765.046
5986.891 8471.180
5736.853 8919.710
5446.113 8882.129
5314.833 8780.548
5915.650 9202.229
5263.633 8501.028
5226.250 8208.023
5307.414 8591.906
6037.423 8740.790
5190.780 8727.038
5448.990 8578.385
5718.956 9083.212
6222.183 9210.042
5583.176 8349.739
5939.899 8418.451
6073.388 8757.671
5873.353 8401.042
5538.419 8712.120
5883.070 9000.605
5334.660 8670.940
5723.368 9198.348
5944.646 8974.578
5261.120 8462.938
5282.711 8660.451
5694.306 8548.466
6113.260 9014.645
5323.690 8418.757
6122.313 8943.971
5247.981 8181.116
6188.361 9102.208
5684.352 9021.914
5854.819 8993.977
5111.981 8960.715
6184.453 8491.813
5942.114 8688.318
5936.233 9053.781
5198.237 9154.160
5443.230 8702.965
5214.390 8797.913
5541.446 9050.888
5633.841 8673.532
6236.717 8308.500
5498.231 8116.077
5560.706 8657.089
5758.576 9139.420
5858.753 8285.609
6026.386 8755.277
5768.527 8353.234
6050.056 8747.336
5987.279 8156.921
5796.193 8788.068
5643.586 8783.474
6081.109 8879.469
5838.061 8843.883
5593.471 8168.159
6091.908 8848.442
5325.986 8580.975
6130.664 8427.571
5396.369 8705.668
5212.353 9117.148
5132.253 9145.208
5329.351 8184.247
5758.288 8289.196
5487.514 8481.523
5914.964 8256.601
5220.301 8322.259
5138.677 8305.061
6200.369 8772.851
6033.308 8373.789
5574.592 9101.052
5423.109 8879.831
5838.854 9043.322
5353.172 8416.634
5141.927 8485.931
5921.714 9144.900
5533.550 8323.379
5790.937 8456.864
5247.995 8202.529
5157.668 8479.003
5278.056 8788.603
5594.795 8843.011
5216.055 8643.525
5834.568 8280.706
5763.710 8869.949
5367.916 8431.030
5194.329 8945.531
6223.471 8608.918
5679.424 9213.366
5577.029 9175.481
5979.485 8296.114
6157.531 8282.758
5709.887 8283.912
5536.931 8437.494
6098.866 8969.736
5843.621 9233.529
5335.471 8983.825
5805.587 8421.054
5487.875 8153.081
5775.285 8921.186
5693.977 9006.639
5600.634 8959.041
6034.453 8388.391
5886.931 8871.737
5931.373 8495.252
5675.362 9142.527
6220.788 8950.092
5334.883 8650.087
5109.765 8869.302
5156.563 9233.628
5452.949 9154.965
6243.942 8812.729
5628.705 8221.912
5168.249 8655.081
5354.478 8814.524
5303.013 8935.271
5928.179 8877.376
6085.421 9195.697
6181.822 8458.435
6005.737 8839.906
5200.882 9083.875
5842.104 8173.603
5154.756 9008.706
5642.498 8723.256
6128.704 8202.749
5117.053 8463.026
5293.454 8352.236
6238.825 8230.282
6226.511 8657.913
5179.766 9190.656
5825.193 9176.613
5916.700 8137.798
6091.928 8671.010
6037.763 8788.551
5628.084 8527.459
5258.627 8138.201
5277.831 8560.530
5457.197 8481.727
6020.398 8127.682
5232.017 8420.210
6227.324 8372.151
5221.496 8676.550
5487.795 9026.197
5830.113 8273.388
5869.850 8821.549
5515.893 8826.335
5557.898 9055.901
6043.301 8345.190
5678.850 8404.529
5276.955 8451.033
5385.274 8824.376
5668.453 8963.911
6206.589 8119.191
5977.576 8239.882
5717.115 9239.884
5895.949 9137.156
6165.452 8942.367
5790.832 9188.413
6126.615 8594.263
5606.164 8591.934
5297.337 9045.213
5574.813 9105.762
5729.270 8725.655
6086.178 8227.032
5773.166 8877.050
5197.640 8213.153
6191.260 8635.722
5376.500 8625.930
5608.946 8822.341
5490.653 8919.668
5693.650 8997.373
5505.814 9123.798
5788.916 8723.250
6137.037 8513.544
5137.374 8586.835
6185.059 8247.036
5656.363 8779.998
5530.085 8611.832
5779.366 8732.493
5470.968 8132.404
5888.308 9012.751
5120.415 8752.718
5687.777 8839.649
5178.749 8701.898
5338.289 8687.473
5999.338 8805.325
5234.327 8979.577
5321.918 8195.909
5915.648 9122.930
5178.171 8715.020
5125.122 9041.434
5786.923 8734.842
5133.515 9167.503
5792.075 8894.177
5899.457 8638.013
5240.463 8748.611
6032.056 8781.809
5167.733 8534.776
5204.627 9222.793
5621.995 8622.898
5724.963 8143.235
6055.031 8533.047
6228.375 9196.180
5647.406 8687.694
6156.715 8259.134
5230.973 8572.648
5900.060 8656.239
5674.616 8600.239
6095.602 8962.511
5447.723 8678.127
6033.971 8593.155
5488.433 8552.967
5246.805 8992.715
5157.302 9226.493
5735.191 8365.753
5426.326 8903.749
6012.972 8663.163
6062.727 8908.507
5931.048 8695.813
5306.995 8975.172
5578.067 8274.954
5150.779 8214.160
6103.989 8812.897
5465.252 9202.035
6023.140 8363.837
5785.460 8160.284
5682.630 8783.129
5120.059 9207.076
5626.393 9230.987
6046.997 8656.764
5706.522 8957.461
5160.231 8226.493
5859.985 8129.123
5613.906 9178.413
5959.246 8126.163
5865.766 8218.138
6101.640 8547.776
5643.480 8582.560
5395.078 8378.411
6090.409 8204.592
5723.012 9206.121
5355.692 8211.729
5434.792 8602.208
5985.014 8884.964
5221.588 8641.018
5529.426 8469.057
5842.808 8562.781
6170.065 9221.771
5251.677 8250.129
5595.244 9147.153
5648.550 8482.567
5552.786 8692.141
5312.486 8275.131
5601.098 9101.950
5300.629 8307.592
5970.220 8951.700
5481.505 8955.214
6139.195 8189.949
6156.404 8613.041
5429.285 8141.199
5285.317 8311.959
5455.074 8898.157
5770.883 9019.286
5468.167 8119.377
5823.876 9127.586
5919.949 8159.794
5215.445 8728.115
5245.657 8530.848
5350.111 8546.383
6099.685 8705.202
6024.871 9227.299
5767.503 9155.032
5610.537 8800.112
5249.966 9043.736
5192.276 8890.083
5892.499 8125.356
5804.315 9077.866
5528.492 8367.884
5266.805 9207.834
5417.519 8222.428
6104.352 8865.661
5275.715 9040.944
6008.425 8764.191
5240.967 8960.792
5143.523 8619.014
5858.263 8927.330
5331.941 8784.405
5711.456 9068.259
5217.049 8725.571
5907.098 8521.512
6223.536 8827.178
5394.001 8777.362
6034.223 8850.825
5822.922 8238.696
5809.699 8847.386
5476.987 9203.492
5833.892 8530.118
5113.979 9100.446
6170.537 9066.143
5823.163 8715.060
6077.452 8746.957
6207.089 8990.183
5272.247 9094.999
5825.407 8849.082
6040.996 8585.570
5413.515 9088.910
5919.924 9235.983
5403.872 8435.456
5807.292 9165.818
5274.946 8754.549
5275.742 8471.110
5296.570 8838.475
5398.402 8799.374
5926.481 8242.037
5355.591 8355.700
6057.907 8793.240
5849.531 8656.109
5983.707 9143.961
5924.829 8611.863
6062.211 8229.878
5741.136 8499.395
5988.298 8708.368
5697.744 8855.449
6030.986 8576.317
5880.139 8220.483
6096.898 8237.812
5458.742 8951.825
5298.477 8201.319
5870.389 8169.951
5957.453 8699.676
5581.859 8785.756
5852.714 8382.027
6106.972 8541.512
6145.526 8348.938
5182.995 8934.064
5381.863 8374.820
5434.689 8990.742
5680.395 8651.359
5455.820 8683.528
6102.305 9111.109
5471.618 8716.609
5647.751 8511.830
5569.365 8172.694
5284.772 9093.302
5429.861 8646.689
6185.323 8363.189
6066.200 9117.707
5687.495 8368.971
5622.959 8384.947
5851.267 8201.820
6082.304 8542.072
5142.276 9207.804
6116.834 8895.313
5234.354 8815.810
5264.285 8386.181
6119.619 8235.196
5818.703 8126.351
5673.452 9060.431
5811.279 9204.880
6106.075 8415.987
6181.341 8138.453
5601.645 8376.341
5979.512 9055.376
5811.159 8851.300
6192.927 8807.626
5843.225 8860.462
5521.183 8443.311
5991.742 8711.181
5356.234 9070.628
5123.227 8207.507
5653.781 8325.543
5697.580 8577.758
6030.365 8576.130
5312.625 8947.270
5540.421 9223.520
5189.653 9079.378
5426.235 9205.438
6075.797 8582.757
6071.371 8343.080
5519.143 9241.650
5237.942 8851.976
5509.700 8642.261
5815.317 8488.610
6182.332 8729.938
5797.858 8285.481
5225.337 8914.846
6210.646 9077.182
5746.826 8560.957
5739.034 8669.238
6135.465 8637.707
5496.073 8626.048
5441.196 8459.117
5389.902 8613.086
5223.616 8201.385
5689.561 8386.505
5593.265 8668.061
5999.825 9027.732
6145.848 8543.702
5877.160 8782.121
5661.510 8329.230
5342.343 8897.962
6227.224 8266.136
5364.749 8619.938
5180.175 9026.253
5748.482 8871.438
5448.381 8137.728
5577.988 8574.974
5595.449 8642.460
5629.832 9061.996
5301.694 8877.039
5243.154 9128.881
6138.266 8489.843
6163.515 8760.046
5903.350 8445.902
5870.120 9030.309
5416.112 8844.240
5245.057 9124.113
5618.388 8415.027
5230.963 9204.992
6125.228 8282.438
5489.901 8245.768
5126.715 8869.489
5881.392 8959.077
6109.682 8973.372
5285.577 8335.712
5386.800 9158.926
6077.270 8233.644
5213.417 8715.433
5569.190 8152.202
6166.578 8530.761
5603.568 8379.874
5268.767 9085.820
5514.308 8383.249
5650.133 8888.205
5335.525 8290.070
6160.051 8605.735
5152.507 8828.658
5783.426 9250.371
5205.062 8567.102
5109.641 9217.202
5753.887 9002.076
6030.704 9121.131
6183.150 8122.489
5773.820 9149.782
5802.204 9154.786
5365.741 8730.037
5331.326 8508.006
5625.912 8986.321
5579.281 9122.834
5584.511 8587.018
5391.725 8662.338
5945.528 8613.284
5846.473 8721.396
5156.046 8393.354
5642.597 9120.470
5110.728 8130.010
5656.730 8553.729
5606.150 8148.149
6204.151 8742.913
5627.472 8489.353
5814.413 8469.466
5636.440 8243.819
5947.495 8774.092
6030.763 8446.179
5109.608 8130.954
6150.043 8636.569
6054.066 8261.073
5881.416 9027.826
5368.882 8306.177
5199.333 9188.679
5893.462 9054.391
5637.017 8940.962
5110.357 8977.863
5786.165 9065.341
5270.916 8628.661
6077.997 9045.032
5262.348 8359.870
5361.218 8935.988
6001.525 8452.632
5942.550 9222.002
5223.172 8488.179
5156.501 8413.330
6057.308 8900.311
5458.299 8409.730
5336.585 8812.518
5556.556 8980.677
5193.014 8245.557
6224.565 9084.522
5641.915 8915.408
5923.909 9049.163
5860.131 8742.855
5912.171 8277.933
5218.047 8476.591
5201.587 8158.265
6043.116 8797.187
5821.448 8320.853
5346.680 8927.149
5251.665 8389.099
5411.130 8688.597
5657.085 8569.014
5815.803 9092.209
6064.985 8128.219
5462.880 9202.011
5215.745 8187.174
5777.593 8795.871
5189.304 8374.443
5949.635 8712.542
5247.607 8288.874
5786.498 8953.497
5991.386 8719.232
5478.469 8264.706
5675.567 9185.883
6144.247 8904.215
6039.493 9033.594
5278.175 8905.071
5472.800 8454.586
5989.489 9219.730
5742.333 9031.498
5538.256 8945.781
6083.083 8279.563
5756.854 9184.804
5423.595 8502.528
5626.837 8440.694
5705.804 8584.202
6172.408 8303.662
6047.901 8431.829
5281.852 8555.542
6039.082 8377.185
6008.427 9123.835
5117.595 8249.314
6239.139 8309.979
5120.717 8875.250
6087.070 8258.685
5333.027 8967.008
5176.569 9233.222
5463.632 8654.510
6136.961 8803.169
6179.828 9064.307
5334.344 8145.258
5907.686 8340.078
5719.053 8848.162
5292.590 8937.326
5140.186 8545.344
5422.859 8936.018
6187.431 8888.252
6103.681 8979.241
5810.395 8471.542
5944.421 8722.591
5625.441 9195.377
5952.237 8596.659
6064.074 8986.886
5969.475 8502.952
5750.046 9094.173
6018.747 8979.188
5751.084 8448.495
5947.745 9190.806
5367.144 9005.450
5307.958 8648.243
5958.448 8206.386
5139.005 8595.443
6141.701 8916.310
5671.788 8240.582
5688.096 9083.033
6156.087 8138.444
6243.523 8920.177
6022.364 8579.722
5515.079 8886.895
5946.959 8685.774
6120.006 9239.200
5341.760 8346.038
5274.881 8823.698
5382.013 9181.288
5242.038 9190.937
5463.417 8970.050
5164.302 8886.382
6198.572 9215.833
5843.038 8477.614
6001.162 8433.924
5936.745 8318.222
5941.018 8685.603
5150.458 8857.730
5307.690 8856.957
5577.385 9235.791
5545.273 9024.937
6216.472 8799.337
5744.413 8690.452
5824.310 8649.191
5198.895 8787.484
5517.981 9209.417
6031.812 9182.288
6062.015 8746.289
5782.387 8579.520
6188.035 8745.126
5463.248 8986.877
6209.435 8402.194
5394.757 8775.933
5937.887 9154.981
5955.187 9172.848
6139.522 8287.951
5693.251 8138.417
5879.488 8473.111
5957.973 8486.170
5744.689 8891.843
5650.140 9248.439
5584.877 8910.765
5429.982 8998.571
5277.524 8887.913
6215.446 8471.616
5608.598 8638.263
5149.042 9075.882
6228.144 8326.876
5246.319 8633.516
6150.829 8606.657
5646.141 8240.323
5663.845 8175.211
6077.770 8733.791
5204.939 8736.326
5402.397 8334.504
5874.238 8586.062
5441.460 8780.141
6008.888 8935.685
5151.600 8243.180
5536.080 8172.912
5349.482 8538.909
5607.901 8964.388
5169.723 8740.607
5736.791 8566.567
6075.441 8840.270
5249.131 8951.930
5800.277 8681.214
5500.867 8983.620
5918.033 8518.010
5252.878 8955.273
5873.108 8602.637
5224.892 9008.341
5461.284 8768.386
5325.449 8291.402
5918.073 8791.385
6060.638 8292.894
6179.688 8252.983
6025.555 8910.346
5341.378 8350.254
5686.358 8753.654
6016.181 8874.625
5601.900 9163.905
5974.168 8289.482
5986.137 8890.026
5960.143 8275.533
5365.750 8681.010
5737.646 9142.973
6068.646 9201.031
6119.189 9028.323
6159.671 8493.978
5786.676 8629.198
6052.070 8355.782
5191.062 8656.077
5911.046 8332.588
5209.485 8360.493
6233.831 8487.775
6054.314 8723.341
5374.354 8486.927
5946.545 8879.486
5717.245 8699.106
6050.868 8581.277
5205.989 8921.414
6040.282 8575.624
5900.602 8674.753
6090.712 8668.554
5270.466 8212.892
5182.030 9071.825
5898.565 9102.397
5624.732 8343.020
5569.229 8446.854
5389.874 8855.562
5288.594 8303.393
5776.789 8234.461
5218.073 8260.770
5754.928 8709.913
5940.169 8981.995
5137.170 8463.350
5709.594 9049.169
5277.113 9012.920
5385.475 8484.879
6186.856 8145.807
6047.378 8554.922
5420.007 8580.651
5167.063 9243.559
6073.639 8908.847
5132.814 8160.098
5447.470 8900.481
5489.714 9217.267
6180.304 9201.652
6070.500 8971.008
5672.463 8125.633
5165.824 9189.932
5786.974 9083.261
5551.202 8895.440
5589.571 8273.385
6069.476 8134.356
6080.575 8871.189
5809.130 9027.552
5303.569 8664.170
6226.543 8767.494
5294.144 8312.884
5735.490 8139.276
5113.200 8689.257
5484.555 8551.910
5353.486 8924.699
5396.713 8137.155
5636.911 8996.000
5121.879 9030.132
5145.210 8304.716
5535.338 8635.118
5496.577 8196.936
5204.949 9006.579
5518.882 8239.257
5379.873 8431.180
5240.817 8384.149
5847.640 8911.576
5602.146 8236.561
5588.790 8176.306
5475.670 8197.067
5542.551 8230.660
5955.209 9218.760
6220.481 8572.274
6123.927 8560.046
5133.909 8892.244
5767.339 8222.413
5948.551 8867.551
5631.070 8553.209
5301.202 8408.782
6237.475 8250.410
5264.902 8662.221
5924.375 8206.516
6074.090 8244.796
5363.443 8984.664
5759.659 8282.145
6159.816 8888.120
5360.611 9047.724
6125.962 8876.366
6128.448 9239.578
6230.303 8791.726
6235.595 9163.684
5461.195 8183.530
5776.082 8361.520
5218.300 8673.498
5587.586 8323.821
5809.573 8838.468
5894.858 9018.145
5455.430 8969.485
6191.423 8753.866
5322.496 8349.576
5121.905 8812.626
6166.465 9229.083
5446.515 8587.452
6200.496 9036.625
5789.573 8340.552
5216.814 8563.991
5556.208 8863.300
5362.247 8212.996
5689.744 8686.254
5630.806 8781.622
6122.976 8713.045
6229.911 8288.790
5921.973 8815.594
6180.757 8298.271
6156.958 9206.240
6152.221 8353.040
5459.601 8233.287
5738.242 8837.860
5769.533 9035.235
5223.110 8624.398
6010.217 8150.449
6036.069 8401.281
5965.047 8863.438
5532.184 8451.099
6226.730 8352.282
6215.472 8727.698
5224.055 9222.846
5175.998 9215.795
5825.873 8334.613
6128.699 9231.559
5606.487 8120.122
5947.165 8868.003
5973.334 8142.289
5455.330 9203.302
6039.365 8555.565
6200.595 8671.935
5828.233 8315.623
5494.832 8571.145
5965.735 8547.648
6021.377 8228.916
5435.643 8206.573
5561.373 8885.754
5848.745 8495.607
5835.860 8752.318
5571.184 8681.772
5392.701 8634.422
5667.858 8284.506
5858.495 8929.970
6000.657 8583.424
5731.935 8589.683
5930.275 8687.043
5426.733 8845.653
5950.906 8901.682
5532.019 9128.760
5835.689 8990.009
6233.321 8700.670
5630.262 8801.416
5168.394 9042.929
6174.371 9196.896
5267.062 8887.977
5498.382 8944.832
5377.912 9040.876
5206.100 8812.806
6167.971 8554.151
5338.226 8955.635
5709.022 8124.429
5597.526 9224.467
5375.696 8498.372
6196.898 8884.459
5406.350 8610.875
6087.984 8474.929
5664.426 8227.784
5971.143 8915.462
5712.301 8379.565
5888.722 8818.785
5850.129 8356.735
5445.685 9228.167
5246.808 8628.657
5895.532 8834.362
5593.762 8463.450
5149.321 9130.488
5542.288 8810.486
5140.209 8510.977
6117.219 8803.667
5627.274 8919.211
5838.189 8460.183
6085.212 8386.973
5385.502 8539.188
5820.871 8669.725
5890.361 8540.539
5866.083 8483.995
6030.335 9028.125
5903.181 8818.926
6166.614 8269.930
6243.546 8403.488
6202.853 8874.041
5751.070 9006.825
5914.673 8583.344
5292.044 8444.721
5498.294 8549.202
5280.380 9031.511
6087.463 9070.326
5136.957 8651.096
6121.528 8964.448
5747.380 8368.242
5174.237 8272.496
5663.646 8995.906
5636.835 9092.820
5180.296 8858.118
5305.096 8287.390
6012.449 8468.350
5705.541 8526.071
5286.217 9034.829
5261.380 8319.661
5299.473 8458.948
6026.826 9075.158
5653.227 8471.390
6139.225 8976.808
5418.074 8436.652
5630.016 9248.652
5411.709 8145.209
5786.189 8532.128
5934.163 8183.634
5698.367 8566.569
5559.908 8424.653
5485.186 9180.457
5551.201 9229.286
5837.679 8825.016
5198.297 8343.778
5609.421 8734.495
5725.421 8601.879
5421.672 9068.039
5963.254 9026.969
5890.188 8318.486
5889.677 9164.639
6058.542 8428.658
6151.577 8761.257
5607.427 9074.085
6065.355 8980.587
5385.841 8813.722
5777.946 8955.695
5645.153 8394.525
6170.075 8901.905
5881.968 9143.341
5536.816 8489.890
5819.653 9167.234
6040.294 8285.520
5731.279 9032.067
5633.713 8371.536
5641.549 8621.593
5257.458 9181.880
5477.006 9161.890
5449.230 8233.122
5962.800 8556.318
5934.178 9024.057
5226.057 8576.396
5939.325 8469.567
5995.022 8631.136
6025.791 8710.363
5858.649 8390.022
5268.329 9131.363
5129.458 8841.136
5234.614 8897.097
5337.057 9107.264
5408.396 8652.025
6139.996 8134.433
5500.549 8592.003
5215.604 8221.271
5375.950 8592.772
5445.462 9207.903
6079.416 8696.064
6129.003 8533.158
5263.330 9079.823
5396.974 8639.175
5140.886 8653.470
5224.347 8942.353
5159.756 9012.781
5480.921 8411.853
5302.107 9067.095
5916.835 9098.552
5648.690 8131.344
5731.154 8314.171
5172.901 9084.556
5557.917 8144.190
5590.050 9134.394
5763.996 8496.331
6063.460 8830.716
6033.189 8640.456
5855.797 8218.670
6181.801 8633.727
5431.454 8337.570
5878.364 8712.496
5948.464 8523.916
5815.666 8953.629
6111.055 8355.159
5796.849 8608.675
5802.572 8157.423
5932.326 8327.358
5693.077 8574.719
6194.602 8435.770
5885.307 9211.224
6049.547 8215.794
6161.138 8450.769
5757.221 8241.633
5979.352 8594.319
6048.243 8451.794
6051.864 8751.713
5404.814 8996.683
5807.950 8832.846
5230.424 8338.277
6180.877 9193.558
5329.277 8562.127
5894.906 8785.132
5966.871 8959.365
5514.483 8318.875
6062.057 8463.739
5980.343 8617.514
6205.260 8586.842
5951.666 8236.715
6210.629 8632.740
5379.343 9112.328
5174.299 8167.225
5319.987 8292.330
5221.653 8770.684
5625.644 8415.174
5828.913 8874.325
6054.142 8684.972
5895.937 8446.575
6229.203 8674.475
5397.347 9044.376
5971.208 9078.905
5513.744 8594.834
5372.113 8306.193
5933.328 8844.516
6017.690 8709.158
6052.415 8423.310
5735.734 8543.581
5392.244 8895.178
5846.940 8196.086
5488.146 9236.384
5887.052 9094.082
5554.815 8714.491
5790.170 8776.194
5862.028 8839.449
5854.164 8304.510
5805.180 8381.038
5657.763 8448.028
5959.338 8447.619
6028.874 9238.366
5683.815 8921.434
5441.481 8732.291
5447.195 8446.646
6133.609 8151.006
6056.663 8269.309
5659.848 8164.033
5490.647 8231.307
5867.086 8164.483
5181.891 9115.391
5818.458 8277.602
6052.341 8958.907
5235.356 8962.684
5995.498 8676.964
5808.915 9083.530
5990.211 9205.493
5378.719 8468.860
5987.945 8202.277
5761.438 9072.303
5701.643 8567.231
6073.287 9105.654
6087.838 9092.884
5531.630 8130.103
5257.150 8655.928
5817.558 9152.689
5323.134 8623.325
5604.780 8823.885
5543.293 9022.786
5400.492 8945.998
5628.338 8127.826
5878.581 9030.667
5266.966 8819.179
6015.530 9050.403
5125.382 8224.573
5694.365 8825.106
5330.852 9069.775
5871.889 8758.036
5788.692 9165.526
5183.279 8268.078
6206.634 8132.646
5887.511 8904.256
5233.331 8419.987
5751.171 8806.708
6009.817 8139.466
5993.474 9112.534
5478.634 8783.666
5601.755 8474.745
5854.939 8756.185
5561.455 8638.537
5470.882 8975.132
5857.827 8132.342
5344.411 9199.100
5602.827 8670.303
5847.981 8949.046
5443.816 8537.602
5931.778 8332.287
5693.450 8444.825
5292.535 8314.788
5712.617 9240.948
5645.752 8193.888
5126.864 8461.492
5447.943 8159.191
6138.491 8533.098
6061.804 8649.548
5916.500 8443.444
6145.451 8616.992
5560.874 8681.183
5982.107 8754.947
5204.223 8918.858
5136.259 9133.600
5484.548 8206.254
5553.059 8472.613
6177.115 8480.375
5429.841 8289.028
5693.790 8315.927
5199.464 8206.385
5650.580 8355.879
5550.336 8979.689
5671.172 8480.655
5598.536 9113.197
5566.281 8616.343
5973.129 8597.602
5620.636 9005.991
5465.631 8876.570
5138.347 8326.818
5388.334 8637.569
5183.702 8321.334
5492.382 8800.215
6058.507 8351.062
5135.854 9243.382
5630.791 9027.334
5275.619 8599.405
5110.016 9242.125
5212.547 8667.303
5311.088 9204.360
5563.862 8470.244
5279.479 8392.626
5620.701 9155.122
5292.582 8959.970
5849.035 8270.753
5335.172 8753.671
6222.462 8497.577
5718.292 8883.725
6082.511 8920.619
6159.789 9195.325
5241.480 8287.356
6033.788 9142.990
5688.279 9049.838
5358.314 8934.729
5618.022 9227.452
5344.221 8621.820
6215.159 8756.356
5856.200 9221.763
5281.772 8396.223
5935.535 8655.957
5257.604 8829.144
5625.047 8488.868
5958.659 8420.708
6091.903 8198.601
5826.353 8844.469
5418.154 8202.327
5635.902 9226.053
6051.121 8429.710
5481.276 8621.725
5547.060 8547.828
5290.871 9180.626
5231.409 8462.411
5543.764 9230.894
5512.979 8628.437
5892.705 8766.040
5391.885 8932.102
5722.260 8137.043
5366.437 8567.104
5771.763 8730.267
5535.580 8996.185
5473.183 8570.636
5166.341 8364.946
5119.534 8702.580
5111.547 8604.983
6124.500 8855.251
5956.220 8348.215
6013.914 8182.943
5639.487 8308.799
5710.064 8975.494
5549.760 8360.947
5548.543 8155.490
6083.297 8614.880
5255.805 8168.280
6092.598 8299.355
5300.024 8286.346
5819.604 8382.252
6136.020 8362.374
5707.189 8267.856
5421.616 8230.075
6067.377 8741.275
5803.007 8763.963
5823.940 8248.415
5315.068 8547.040
5908.870 8620.364
5965.437 8573.133
6087.603 8484.446
5945.496 8591.272
5803.079 8514.656
5549.267 9178.507
5198.167 8785.908
5934.788 8959.401
5637.177 9121.822
5683.125 8706.597
5270.315 8887.642
5434.618 9170.863
6169.225 8216.740
5974.950 8608.981
5761.852 8712.552
5248.639 9000.504
5970.458 8837.771
6209.031 9188.808
5909.742 8490.707
6111.373 8253.561
5242.860 8426.202
5980.954 9023.356
5835.862 8977.351
6199.005 8352.129
6132.409 8875.954
5296.153 8315.116
5644.179 8123.534
6197.201 8528.517
5339.249 8966.237
5692.047 8439.378
5572.633 8587.409
6200.130 8431.919
5456.150 8942.945
5364.063 8288.934
5163.399 8925.793
5438.430 8168.986
5444.053 8901.450
5159.407 9124.221
5863.619 8968.832
5663.790 9124.182
6138.279 8370.103
5384.705 8794.457
6217.374 8338.931
5799.844 8291.045
5888.521 8424.831
5527.104 9066.594
5333.056 8474.383
5397.345 8334.604
6173.454 9051.965
5439.622 8218.994
5580.001 8220.171
5986.038 8219.361
5362.170 8822.630
5389.827 9046.045
5396.341 8748.421
6052.343 8579.332
5621.319 8542.998
5789.821 8478.529
5622.446 8392.269
5169.599 8669.125
5647.653 9066.186
5356.739 8606.654
5156.817 9056.139
6049.912 8179.543
5732.369 8221.441
6082.730 8524.587
5418.327 8314.233
5207.517 8668.012
6179.406 8470.576
5750.509 9220.194
5579.755 9248.474
5936.727 8831.655
5846.403 8741.695
5685.566 8800.777
5211.922 8679.412
6024.288 8185.028
5184.115 9180.447
5578.449 8796.916
5353.105 8234.878
5161.864 8891.330
5359.260 8633.978
5752.281 8696.611
5381.802 8602.631
5492.364 9233.522
6075.472 8603.549
6036.887 9083.932
5864.790 8686.051
5989.172 8988.511
5629.781 8249.738
5430.899 8666.375
5194.141 8414.636
5566.391 8595.971
5426.850 8301.291
5958.690 9099.986
6221.051 9220.559
5422.973 8419.891
5538.557 8923.781
6113.072 8715.606
5467.458 8593.511
5868.135 9134.994
6133.547 9247.998
5666.399 8889.203
6084.600 8317.310
5966.557 8280.565
6214.438 8518.960
5911.595 9131.757
5293.545 8193.883
5160.678 8872.446
5731.348 8697.528
5863.202 8242.706
5277.547 8623.741
5754.226 9196.595
5379.271 9236.683
5963.919 8805.883
5446.603 8968.472
5827.782 8429.443
5858.286 8899.306
5262.241 8342.513
5626.491 8401.935
5816.971 8436.994
5612.559 8562.495
6174.364 8507.554
5677.812 8842.514
5407.952 8647.466
5705.367 8345.904
5694.360 9142.316
5824.375 8177.536
5269.820 8689.844
5697.666 8607.011
6013.302 9011.218
5899.460 8306.387
5572.110 9056.021
5794.002 8240.802
5415.087 8937.278
5346.192 8966.000
6136.471 8927.475
5177.891 8645.629
6012.236 8798.446
5113.634 8718.068
5984.887 9045.446
5516.458 8372.015
6014.804 8421.522
5274.399 9004.224
5167.631 8615.553
5666.508 8437.150
5438.021 8764.953
5882.716 8819.431
5784.946 8939.055
5177.181 8265.187
6166.017 8566.197
5560.365 9142.747
6203.430 8470.610
5271.592 8343.523
5589.467 8240.348
5751.685 8462.832
5729.378 9144.742
6118.236 9160.830
5786.718 9166.996
6242.222 8765.250
5372.445 8712.298
6054.265 8505.213
5703.828 8944.109
6032.743 8974.410
5909.468 8909.656
5812.104 9173.788
5459.920 8911.623
5245.772 9093.339
5637.669 8811.201
5392.608 8715.155
5985.451 8798.565
5977.075 8888.556
5710.083 8577.226
6037.434 8908.757
6179.384 8884.130
5835.856 9145.449
6215.111 8355.986
5184.030 8132.481
6164.875 8918.581
5679.792 8527.252
6094.069 8422.583
6058.908 8592.360
6056.774 8374.175
5974.918 8355.350
5514.695 9015.501
5600.425 8896.857
5719.427 9089.005
6151.949 9249.953
5203.412 8974.935
5936.027 9057.868
5350.386 8465.762
5137.852 9000.449
5714.335 8116.851
6014.013 8350.818
5536.345 8293.905
6235.299 8604.187
5556.896 8837.556
5922.971 8722.288
6036.952 8293.358
5678.436 8388.290
6108.205 9145.236
5250.876 8497.882
5723.784 8562.014
5188.141 8260.856
6136.239 8405.688
5452.936 8913.368
6124.817 8170.323
6030.166 8945.830
5649.734 8948.191
6043.090 8825.443
5516.226 8862.662
5398.154 8966.157
6034.916 8586.892
6088.205 8407.290
6071.902 9141.331
5570.805 8751.390
5321.759 9244.489
5922.871 8819.850
6230.692 8846.683
5985.582 8957.490
6234.233 8675.799
5897.557 8465.397
5990.913 8440.809
5812.612 9176.069
6189.691 8360.552
5896.163 8931.989
5741.953 8446.696
5822.426 8561.568
5190.114 9076.455
5952.680 8761.511
6173.637 9240.860
5785.705 8820.330
5636.581 8476.843
5761.117 9086.638
5309.464 8666.704
6128.041 8698.393
5931.187 8420.030
5119.789 8199.782
5551.198 9068.945
5490.750 8266.363
5142.541 8239.509
5968.957 8300.136
5632.731 8210.307
5493.369 9129.679
6056.366 8603.385
5408.634 8146.543
6024.901 9061.184
6230.029 9076.046
6037.458 8134.431
5468.830 8824.975
5127.237 8853.533
5443.381 9032.765
5867.370 8737.525
5184.973 8675.857
5858.507 9099.736
5876.703 8382.072
5179.929 8152.174
6099.193 9201.850
5173.599 8431.531
5475.488 8532.925
5268.329 9154.157
5202.768 8940.745
5683.140 8199.983
6184.814 8905.142
5834.721 8243.542
5376.623 8420.820
6053.213 8859.501
5457.716 8772.503
5736.491 9207.339
5941.523 8679.239
5907.190 8930.503
5891.424 8252.165
6130.184 9124.744
5979.282 9152.842
6185.321 8132.972
5832.076 8282.703
5704.186 8276.487
5899.826 8137.898
5528.505 8639.908
5246.927 9094.891
5431.883 8751.599
5441.093 8271.585
5421.985 8376.772
5158.888 9185.386
5750.458 8263.305
5422.460 8365.493
5966.393 8885.406
5913.303 9221.002
5993.192 8784.331
6134.701 8680.784
5520.759 8829.085
5292.768 8354.446
6230.929 9178.358
5753.886 8841.782
6080.881 9072.957
5878.991 8766.089
6199.267 8210.855
6003.278 9201.369
6213.535 8384.955
5424.366 8543.116
5973.352 8611.484
5761.106 8504.367
5728.609 8945.339
5174.894 8790.539
5776.054 8972.227
5128.798 8430.104
5735.293 9048.902
6193.727 9057.151
5705.738 9183.370
6171.554 9043.744
6224.657 8573.026
5523.881 8951.266
5298.247 8277.413
5527.751 9096.657
5422.045 8261.496
5990.988 8811.649
5500.210 8859.813
5505.780 9120.214
5847.081 8336.344
6161.791 9090.959
5744.540 9129.040
5500.417 9059.577
5830.268 8885.190
5334.905 9137.362
5147.268 8318.367
5982.280 8688.656
6021.866 8498.448
6005.120 9169.679
5360.907 8618.753
5735.586 8347.549
5419.877 8957.835
6185.484 8221.344
5454.472 9143.017
5580.364 9229.129
6127.527 9065.817
6245.522 9150.544
5953.754 9077.890
5860.426 9243.618
5976.131 9181.775
5431.165 8211.488
5148.204 9204.710
5394.239 8132.988
5270.634 8644.925
6073.085 8222.224
5602.792 9137.792
6233.318 8746.066
5741.120 8480.409
5630.677 8668.362
5519.991 9012.524
5735.667 8288.877
6215.568 8796.909
5167.995 9080.359
5634.452 8542.376
6019.273 9119.959
5362.844 8738.502
5443.558 9075.701
5924.505 9042.048
6003.589 8650.583
5809.904 9210.167
5174.546 8516.771
5671.661 8849.057
5607.065 8473.903
5789.558 8267.761
5552.283 8185.928
5711.553 8653.743
5315.909 8773.952
5808.183 8168.820
5585.299 8537.847
5159.673 8348.775
5270.239 8341.737
5302.196 8490.703
5191.802 9123.389
5906.320 9204.449
5986.524 8623.107
5646.502 8182.269
5207.401 8536.888
6210.435 8471.347
5864.885 8602.529
6242.409 8922.809
5363.690 9215.999
5585.150 8209.199
5956.446 8719.766
5460.230 9031.888
5277.497 8994.258
5381.798 9089.610
5320.847 8365.003
5191.334 8550.820
5611.180 8136.331
5291.900 8955.577
5412.976 8607.151
5375.575 8170.672
6019.830 8750.550
5822.585 8725.270
5240.840 9090.623
5516.553 9174.234
5834.096 8407.356
5951.751 8908.976
5253.876 8786.908
5727.220 8279.867
5496.217 9060.424
5408.268 8139.334
5758.691 9176.425
6245.884 8809.967
5756.678 9198.857
6020.822 9220.045
5481.286 9199.318
5546.665 8207.905
5490.738 8644.919
6179.835 8767.376
5526.583 8351.056
5871.723 8886.636
5474.674 8251.372
5797.264 8162.668
6143.256 9163.739
6081.006 8418.072
6098.122 9006.903
5353.418 9131.111
5581.066 8852.420
5841.386 8730.904
6232.468 8735.689
5547.817 8342.162
5658.785 9145.373
5736.575 8773.424
5526.757 8325.615
5495.164 8145.640
5110.233 8881.357
5174.403 8837.099
5625.444 8387.027
6091.036 9129.872
5195.814 9195.788
5679.459 9155.909
6145.848 8690.856
6126.045 8320.299
5676.856 9077.064
6091.057 9227.564
5988.427 9251.512
5280.117 9202.971
5481.091 8987.016
5774.943 9142.068
5920.085 8374.156
5319.427 8713.212
5949.663 8952.466
5913.843 8472.374
5850.950 9084.682
5350.674 8732.843
5653.708 8542.746
5406.070 8579.702
5672.214 8534.253
5628.397 8194.546
5284.436 8805.507
6021.101 8297.461
5454.426 8845.469
6102.554 8909.287
5415.299 9079.005
5882.352 8417.668
5651.428 8668.570
5735.714 9117.064
5749.106 9101.958
5588.995 9179.095
5600.483 8277.888
5305.504 8467.460
5944.615 8409.798
5790.405 8979.481
5439.554 8996.662
5872.471 8557.744
5838.271 8222.735
6213.275 8166.666
5581.680 8410.643
6163.365 8561.269
5404.864 8262.534
5504.526 8394.407
5986.603 9073.383
5150.310 9058.191
6017.724 8391.011
6086.068 8388.822
5307.703 8956.824
5917.746 8147.951
6103.324 9027.202
6186.582 8846.834
6090.810 8391.918
5460.501 8693.691
5988.043 8842.179
5425.289 8967.254
6153.728 8892.803
6243.646 9040.105
5662.321 8275.901
5457.603 8440.182
5667.605 9189.829
5412.617 9235.649
5316.134 8643.660
6055.831 8739.639
5927.733 8568.336
6160.957 8709.126
5220.661 8474.589
5962.333 8731.200
5664.527 9109.692
6006.188 8980.665
5740.651 9086.964
5877.310 9158.105
5820.136 8157.712
5924.185 8930.666
6098.754 8786.326
5834.171 8803.952
5479.740 8960.736
5593.038 9137.892
5616.756 9118.603
5611.669 8899.855
5586.572 8961.370
5887.881 8836.540
5583.557 8484.027
5950.584 9118.270
5618.280 8761.985
6030.997 8314.215
5653.358 8297.053
6235.881 8435.259
5993.424 9105.904
5375.603 9063.545
5207.679 8911.868
6136.653 8558.911
5277.135 8839.731
5196.829 8648.307
5502.209 9215.714
5928.132 8197.173
5414.601 8837.392
5192.420 8750.321
5180.063 9130.328
6135.663 9012.623
6029.585 9215.239
5977.889 8191.908
5305.531 8529.690
5960.734 8914.163
5516.442 8198.971
6244.326 8423.885
5388.241 8489.116
5844.620 9074.944
5141.161 9187.292
5508.636 8454.484
5555.858 8644.226
5295.409 9005.422
5563.053 8207.468
5837.977 8583.072
5328.486 8837.432
5943.552 8254.681
5422.576 9217.332
5609.938 8587.100
5692.907 8388.723
5269.612 8469.314
5863.916 9184.932
5998.756 8351.907
5839.619 8359.786
5188.856 8629.881
5826.159 8691.495
5899.770 8389.887
5799.007 9059.742
6069.191 9180.501
5605.746 8239.689
5807.437 8897.387
5649.743 8633.984
5477.024 8566.483
5645.051 8305.807
6169.594 8984.221
5714.396 9242.662
5140.005 8707.461
5302.571 8942.860
5642.699 9150.967
5208.766 8267.837
5886.960 8784.556
5325.888 9033.507
5170.863 8397.918
5473.561 9213.824
5606.650 8986.914
5336.647 8206.725
5196.852 8967.663
5746.013 9177.792
6142.133 8282.240
5278.122 9011.933
5884.137 9042.432
5601.811 8356.782
5678.877 8915.909
5294.412 8740.414
6228.132 9125.566
6033.306 8425.369
5945.534 8699.123
6134.146 8173.397
5993.214 8855.727
5471.069 8726.810
6139.334 8195.226
5443.438 8552.890
6229.117 8683.993
5820.921 9243.883
5138.796 8817.605
5374.901 8117.661
6038.035 9157.920
5369.850 9131.275
5174.612 8398.157
5692.811 8972.296
6045.154 8558.904
5669.274 8320.607
5935.774 8557.661
5787.203 8593.326
5719.024 9012.377
5935.098 8811.167
5998.638 8536.426
5536.155 8685.668
5527.548 8440.231
5263.214 8413.949
5324.432 9058.764
5658.297 9125.388
5171.331 8708.956
6197.026 8668.933
5222.434 8526.361
5884.460 8312.581
6128.648 9028.510
5172.083 8596.250
5728.027 9051.531
6154.375 8534.635
5409.303 9013.240
5661.586 8401.505
5727.493 8200.830
6101.034 8763.477
5473.398 8923.213
5155.626 8810.876
5123.892 8523.923
5965.189 8586.686
5484.324 8737.562
5149.024 8297.627
5257.207 8904.411
5803.317 9034.788
5484.008 9153.289
5749.841 8243.596
6054.708 9013.004
5193.144 8525.834
6190.415 9153.408
5340.823 9024.560
5144.727 8231.324
5669.344 8261.616
5974.504 9229.271
5935.206 9091.637
5435.251 9238.481
6190.493 8981.259
5714.628 8598.571
5922.506 9003.295
5918.415 8378.187
6050.372 8217.877
5737.119 8271.577
5938.815 9190.638
5618.848 8341.202
6175.467 8313.944
5992.838 8356.764
6207.204 8539.663
6160.072 8944.662
5742.618 8355.942
6225.266 8501.761
5274.167 8285.739
5843.354 8390.151
5668.025 8382.005
5657.964 8392.517
5247.378 8476.357
5998.650 8255.412
6168.927 8789.151
6029.173 8542.614
5940.638 8739.056
5577.242 8892.698
5180.230 9063.082
6176.892 8295.367
5600.321 9206.052
6202.154 8785.460
6005.454 8442.823
5464.338 8339.153
6166.463 8849.493
5900.102 8484.456
5836.938 8314.691
5644.674 8270.165
5900.517 8220.822
5938.482 8222.280
5234.350 8782.928
5593.980 8962.538
5176.101 8981.548
6159.159 9178.158
5767.478 9062.342
5991.223 8181.695
5790.104 8370.976
5130.980 9041.396
5221.790 9028.316
5889.379 8333.711
5321.803 8257.138
5845.499 8915.618
5892.022 8668.523
6012.228 8670.564
6043.623 8819.281
5356.953 8545.068
5592.762 8781.952
5501.276 9066.383
5485.120 8516.048
5473.574 8834.829
5682.325 9245.172
5933.338 8678.190
5900.721 8116.785
5251.865 8885.116
5925.457 8413.444
5282.183 8506.033
5430.246 8300.961
5334.410 8205.938
5956.227 8482.473
5347.597 8733.953
6064.456 8893.518
6191.843 8458.471
5207.288 8228.430
5251.712 8866.915
5814.194 8175.945
5446.408 8439.549
6014.277 8731.837
5286.009 9249.860
5161.338 8805.015
6154.065 8805.590
6230.549 9086.411
5369.531 9152.735
6181.040 8375.101
6076.686 8762.485
5153.288 8726.602
6215.300 8472.369
5791.692 9168.929
5891.301 9006.718
5898.710 8381.339
5462.085 8198.697
5596.467 8643.598
5308.722 8797.661
5443.430 8169.009
5611.357 8939.052
6088.593 8609.468
6134.859 8143.985
5571.990 8271.136
5885.900 8143.618
5145.220 8255.691
5214.363 8263.171
5553.463 9080.592
6184.459 8300.264
5229.018 9137.502
5373.967 8365.261
5474.944 8936.931
5287.465 8589.127
5716.658 8791.016
6168.712 9200.275
5624.959 9052.597
6061.413 9246.123
5663.490 9176.752
5167.411 8892.357
5118.966 9016.596
5746.534 8554.808
5221.175 8412.815
5643.938 8390.555
5902.009 8144.164
6214.798 8303.277
5277.836 8488.613
5159.072 8240.155
6139.094 9170.024
5269.672 8588.348
5985.027 8310.992
5209.249 9194.381
5704.949 8414.589
5177.030 8211.026
5685.983 8880.931
5951.189 9072.874
5647.434 8171.231
5347.904 8476.084
6026.004 8832.609
5907.114 8661.627
5988.754 8184.302
5875.373 8779.252
5182.778 9218.692
5228.895 8177.497
5205.057 9034.189
5394.882 8902.829
6178.436 8762.848
5769.970 8275.794
5173.733 8914.287
6174.377 8951.736
5718.138 8719.322
5400.312 8628.875
5482.677 8195.885
6119.353 8439.506
5234.693 9057.863
5815.753 8402.324
5294.295 8374.957
5476.049 8652.258
6226.760 8935.269
5350.303 8517.452
6021.843 8754.891
5421.994 8858.871
6028.331 8334.985
5577.884 8929.889
5242.357 8526.803
6084.187 9162.675
5569.811 8851.159
5358.345 8511.711
5467.057 8653.810
5381.587 8789.783
5902.140 8786.095
6042.258 8852.736
5112.137 8229.438
5850.877 8231.251
5216.253 8571.054
5785.533 8673.663
5632.926 9113.694
5925.302 8967.371
5425.963 8138.341
5206.495 8873.665
5151.482 9089.045
6149.602 8861.417
5941.229 8696.931
5213.404 8684.795
5865.949 8710.069
5387.607 9025.730
6181.472 8290.469
5625.290 9009.909
5673.171 8417.433
5225.087 9210.318
5150.148 9136.398
5863.615 8901.586
5601.971 8335.289
5468.134 9130.292
5693.812 9159.354
5898.399 8183.022
5383.995 8440.513
5945.448 8839.862
5474.112 8669.015
5811.813 8918.936
5474.549 8575.343
5798.832 9071.945
6107.910 8285.821
5897.055 9060.271
5638.714 9104.084
5782.495 8210.023
5703.442 8818.408
5634.594 8162.406
5409.813 9152.833
5478.640 8198.430
6183.806 8644.477
6110.852 8153.035
5329.402 8158.103
5280.843 9084.868
5883.457 8608.136
5774.580 9097.804
5852.434 8920.048
5510.539 8694.224
6045.458 8210.793
5907.016 9127.363
5490.204 8243.504
5598.236 8773.127
5308.343 9041.511
6245.155 8314.152
5821.611 9093.576
5642.772 8478.927
5869.785 9102.880
6033.926 8567.302
5681.648 8564.950
5919.325 8842.417
5959.013 8355.297
5766.689 8137.719
5888.717 8485.877
5462.272 9112.952
5545.085 8162.995
5505.391 8992.606
5174.811 8641.335
6119.584 8930.802
6050.650 8250.437
6129.569 8414.037
5449.531 8518.161
6204.860 9038.749
5708.732 8643.537
6110.146 8510.516
5593.225 9057.336
5775.168 9083.865
5435.241 8506.956
5146.374 8192.116
6112.863 8178.823
6099.892 8470.768
5656.539 8387.259
5330.551 8213.641
5199.513 8285.930
5417.848 8441.594
5903.699 8410.392
5219.010 8241.688
5350.006 8525.671
5500.097 8609.482
5909.585 9133.303
6080.762 9082.429
6019.239 9073.109
5859.830 8264.407
5962.278 8689.932
5879.165 8242.225
5750.347 8729.670
5262.764 9148.184
5283.094 8247.057
5503.129 8239.734
5947.267 8768.906
5218.888 8441.922
5223.512 9239.393
5111.100 9125.598
5475.257 8683.577
5454.048 8255.957
6072.669 8393.060
5289.470 8995.082
5165.462 8808.020
5729.048 9221.147
5872.222 9219.308
5306.141 8968.417
5319.242 9097.369
5110.216 8403.786
5123.236 9036.779
5704.933 9151.965
5516.758 8319.092
5569.724 8950.972
5933.970 8252.776
6213.425 8270.252
5973.013 9126.236
5665.989 8210.187
5935.198 8813.985
6096.812 8613.166
5385.752 8679.933
5349.062 9101.653
5292.924 9012.456
6127.720 9142.338
5313.189 8947.882
5807.839 8439.415
5927.162 8335.936
6149.554 8901.816
5919.285 8165.282
5716.770 8223.741
5970.815 8785.042
5212.424 9029.617
6233.024 8443.645
5999.358 8578.263
5212.369 8861.284
5883.442 8648.524
5702.386 8394.578
5810.862 8811.113
5983.510 9023.277
5322.947 8781.003
5228.145 8803.770
5975.959 8667.038
5788.373 8779.778
5149.578 9095.323
5269.411 8596.082
6114.127 8681.779
5974.808 8870.304
6072.764 8605.721
5418.102 9217.069
6097.834 8542.398
5834.689 8473.079
5438.078 8892.435
5555.706 8956.896
6240.218 9093.911
5819.786 8886.020
5360.924 9051.546
5692.369 8849.962
5410.032 8756.043
5455.625 9068.836
5684.491 8737.160
6205.978 8298.061
5845.920 8917.316
5943.235 8364.695
6227.155 8272.543
6013.007 8618.660
6002.115 8377.771
5584.820 8407.444
5845.588 9164.919
5625.426 9048.295
5198.360 8682.383
5920.692 8418.161
5212.817 8175.904
6205.885 8251.317
5795.133 8502.202
5193.346 8603.802
5922.418 8444.671
6002.470 8223.892
5942.076 8804.991
5473.627 8319.051
5445.182 9222.697
5211.671 9113.054
5671.692 9005.135
6126.903 9030.060
5363.770 9137.693
5570.699 8909.183
6209.349 8995.471
5889.712 8251.706
5715.799 8189.104
5908.849 8636.010
5291.929 8157.446
5854.884 8240.205
5512.975 9215.468
6184.705 8899.718
5370.372 8259.936
6039.416 9139.074
6199.566 8191.573
5428.592 8548.920
5681.456 8589.535
5212.009 8659.512
5740.882 8593.176
5684.009 8527.352
5555.298 8454.892
5913.338 8588.364
5371.247 8829.097
5736.340 9183.899
5823.490 8484.963
5380.408 8435.979
5348.768 8563.064
5818.795 8748.972
5762.369 9090.037
5943.220 8394.672
5761.639 8325.306
6021.387 8206.376
6038.347 8269.590
6041.593 8661.993
5237.715 8473.977
6137.584 8260.300
6124.942 8425.950
5129.046 8581.714
5615.684 8605.780
6180.497 8894.123
5462.094 8882.483
5583.845 8176.218
6006.188 8838.704
5666.715 8393.629
5959.691 8300.055
6155.985 9148.644
5281.963 8621.912
5777.899 8508.211
6129.023 9187.795
5213.064 8396.919
5285.396 8566.802
5448.317 8316.647
5291.875 8117.520
6175.187 8841.440
5371.753 8675.287
6170.510 8697.704
5358.081 9119.963
5649.451 8925.001
5550.814 8708.165
5398.736 9236.829
5672.794 9087.392
6167.361 8767.744
5472.807 8691.906
6055.494 8876.402
5678.321 8701.972
5247.893 9020.194
5583.691 9071.054
5254.969 8870.726
5724.222 8474.516
5892.422 9077.652
5177.685 8965.272
5967.300 8587.126
5667.944 8530.042
5592.920 8263.607
5707.355 8645.591
5180.289 8662.697
6029.896 8774.396
5697.852 8659.154
5628.527 8984.569
5134.667 8340.564
5847.401 8712.648
5196.230 9212.920
5868.528 9189.188
5189.913 8126.761
5320.637 8604.980
6123.306 8686.269
6245.720 8367.823
5666.660 8633.694
5134.449 8639.131
5605.323 9168.076
6160.039 8625.573
5224.900 8581.760
6155.039 8204.297
5568.187 8902.771
5539.540 9079.357
5555.110 8924.879
6223.094 8289.417
5347.802 9242.779
5400.350 8164.759
5449.965 8532.356
5281.678 8455.998
5811.905 8799.003
6230.895 8497.654
5267.702 8146.895
6153.481 8517.811
5452.415 8139.821
5385.468 8789.237
5521.641 8707.209
6140.928 8352.169
6069.652 8483.177
5455.641 8324.271
6140.836 8362.168
6087.752 8425.703
5826.003 8200.359
5457.536 8301.190
5393.837 8185.189
5526.242 8439.513
5759.092 8157.785
5109.987 8668.621
5748.024 9058.996
5381.505 9196.065
5508.451 8971.810
5235.326 9147.026
5643.964 9089.872
5116.124 8935.959
6055.386 8811.295
5669.892 8607.005
5674.614 9015.841
5814.544 8458.630
5821.637 8294.675
5696.820 8771.602
6055.307 8604.027
6061.600 9226.437
5264.788 8611.955
5140.369 8856.581
5794.551 9123.139
5664.128 8700.608
5930.162 8990.196
5796.719 8995.487
5334.999 9067.394
5163.216 8646.280
6223.080 8162.261
5994.310 8653.111
5147.006 8184.241
5504.050 8791.515
6142.873 9080.588
5760.211 8258.599
5816.541 8121.594
6117.150 8829.781
5827.742 8639.037
5456.994 8427.244
5805.558 9181.007
5652.377 8897.002
5477.334 8217.515
5386.731 8983.709
5443.572 8225.212
5155.490 9203.412
6022.773 8580.702
5671.408 8719.926
6089.493 8233.584
5802.701 8754.899
5885.226 8405.774
5661.955 8123.018
5604.463 8842.673
5146.653 8674.291
5471.959 9128.316
6190.448 8247.182
5908.487 8598.189
5603.297 8750.273
5685.180 8990.115
5829.285 9144.914
5539.830 9137.926
5838.664 8775.439
6099.549 8346.689
5808.140 8642.884
6213.706 8960.676
5447.357 8395.238
5501.683 8705.569
5362.284 8867.387
5157.435 8275.402
5234.155 8721.517
5602.870 8139.776
5350.326 8759.097
5486.326 8169.611
5900.115 8400.372
6127.352 8423.443
5757.199 8908.418
5673.219 8203.685
5268.897 9182.285
5420.905 9225.985
5215.696 8646.165
5391.358 8447.379
5862.307 8867.154
5625.964 8508.063
5601.090 8293.215
5673.588 9048.804
6079.086 8544.435
6243.386 8310.493
5450.073 8409.686
5832.020 8636.927
5975.776 8239.800
5437.121 9199.330
5738.009 8918.434
5837.450 9234.512
5497.275 9134.654
5884.871 8876.667
5887.747 8190.993
5131.086 9212.223
6023.683 8783.877
5700.254 8657.096
5111.515 8945.639
6092.731 8940.460
5350.565 8330.002
6149.895 9017.603
5354.924 8322.522
5180.353 8531.758
5889.195 8936.801
6201.215 8189.775
5407.438 8985.541
5270.627 8974.911
6192.719 9017.648
5805.306 8720.851
5752.695 9032.183
5354.202 8183.367
5223.285 8783.043
5804.442 8955.314
5256.028 8917.784
6042.051 9102.796
5242.233 8821.973
5897.268 8289.645
5780.275 8775.400
6117.037 8168.026
6078.229 8896.288
5219.143 8803.012
6013.959 8960.369
6221.941 8578.122
5570.734 8284.429
6060.733 8897.116
5420.401 8924.677
5610.049 8756.620
5374.084 9007.624
5793.063 8823.319
6040.701 9036.259
5759.855 8216.415
5976.708 9122.031
5792.739 8671.421
6092.237 8751.904
5385.216 8254.905
5852.551 8368.962
6030.158 8615.832
5916.395 9002.387
6180.686 8807.810
5322.864 8966.035
5726.183 8602.132
5988.389 8806.713
5649.258 8381.930
6199.391 9112.685
5284.485 8585.527
5816.205 8117.560
6052.875 8486.242
5260.833 9218.821
5974.598 8170.675
5473.962 9025.274
5162.158 8344.767
5960.875 8263.154
6202.837 8823.006
5316.006 8863.991
5579.867 8309.461
5404.031 8181.364
5805.311 8337.165
5837.289 8981.005
5244.914 9194.468
5137.050 8462.378
5893.940 8569.375
5533.319 8691.553
5469.630 8875.114
5443.923 8408.885
5407.284 9226.364
6217.196 8204.105
5535.930 8696.348
5225.644 8406.073
6040.803 9236.528
5219.542 8751.954
5158.125 9111.006
5840.580 8202.304
5315.968 8296.814
5762.174 8277.099
5113.820 9212.344
5650.002 8942.768
5535.811 8157.057
5606.200 9249.070
5202.364 8883.720
5837.117 8792.546
5521.124 9174.414
6139.220 8555.035
5841.163 8500.863
5550.476 8672.146
5607.089 8780.748
5613.854 8224.021
5235.387 8129.748
5729.895 8126.811
5536.908 8178.685
6025.822 8958.089
5785.811 8312.816
6009.849 8143.689
5515.186 9006.935
5822.853 8446.048
6049.937 8589.041
6069.538 8869.864
5421.081 8399.606
5771.193 9234.803
5891.367 9049.850
5208.122 8238.762
5722.086 9074.010
5784.563 8628.119
5791.194 8953.314
5827.238 9071.923
6232.874 8648.660
5323.976 8347.537
5762.145 8475.443
6106.721 8441.648
5758.520 8766.725
5275.480 8380.401
5255.393 8794.656
6038.604 8432.737
5675.238 8526.309
6229.034 9214.105
5650.512 8509.345
6079.859 8260.568
5457.182 8901.590
5851.670 8584.613
6149.061 9168.727
5171.034 8971.270
5870.726 9117.279
5534.031 8225.749
5268.165 8174.918
6085.548 8340.229
5881.833 8855.987
6124.192 8451.758
5594.096 8376.067
5786.271 8739.653
5298.002 8714.931
5216.424 8712.740
6006.827 9031.150
5780.081 8585.760
6045.701 8170.489
5496.344 8756.761
5171.662 8729.595
5154.643 8523.727
6162.200 8131.886
5198.607 8264.469
6039.231 8430.883
6037.229 8578.629
6117.314 8698.826
5657.707 8964.249
6195.291 8935.367
5494.141 8528.763
5621.679 8162.624
5524.828 8775.314
6025.461 8485.108
5615.653 8870.140
5748.125 9226.686
5457.894 9047.482
6188.766 8457.560
5311.372 8160.223
5494.529 9019.794
5786.910 8570.530
5248.911 8369.998
5483.593 8713.372
5375.033 9006.023
6237.510 8738.692
5357.774 9072.589
6116.702 8939.618
5343.502 8785.302
5780.323 8514.580
5476.136 8597.285
6101.690 8293.435
5431.911 8862.766
5614.317 8729.870
5640.236 8850.240
5581.817 8902.187
6049.489 8187.008
5818.477 8472.952
5872.766 9215.459
6148.239 9127.603
6208.565 8878.010
5731.999 8799.595
5290.183 8629.525
5998.091 8838.171
5953.284 8715.574
6159.787 8128.310
5562.716 8494.260
5928.760 9045.000
6154.965 8333.316
5670.530 8327.951
5441.766 8155.068
5460.295 9144.260
5205.923 8124.318
6150.324 8764.839
6027.579 8409.402
6015.763 8699.711
6082.647 8824.710
5813.786 8346.701
5905.403 9003.643
6024.547 8295.092
5886.994 9067.734
5733.525 8355.484
5168.523 9222.882
5985.301 8215.226
5658.522 8266.060
5995.811 8139.365
5910.453 8337.562
6042.086 8594.090
5257.602 8814.071
5988.361 8695.812
5208.964 9034.296
5392.798 9224.564
5815.987 8264.592
5158.669 8522.325
6063.899 8794.008
5910.048 8369.765
5753.731 8442.664
5159.935 9134.587
5290.420 9235.474
5487.266 9155.242
5985.459 8330.989
6122.817 9109.805
5329.311 9128.353
5319.592 8526.445
5380.884 8673.091
6079.617 8588.551
5505.682 8755.158
5300.895 9091.712
5193.868 8159.997
5544.142 9160.318
6078.677 8216.430
5619.803 8940.064
6100.103 8965.408
5682.589 8846.619
5168.190 8798.108
6113.348 8707.685
5667.491 8373.227
5338.872 8574.339
6052.597 9164.791
6036.738 8334.326
5118.336 8943.256
5397.406 8623.388
6046.572 8598.048
6056.608 9220.989
5811.144 8854.003
5506.913 8678.930
5899.636 9192.818
5529.051 8973.005
6126.283 8801.159
6017.566 9119.338
5220.856 8222.938
5811.465 8841.287
5484.766 8834.128
6234.078 9022.609
5739.868 8727.084
5559.648 9239.117
6087.322 8273.957
5237.844 8462.239
5754.992 8283.537
5394.540 8227.959
5779.012 8612.228
5979.009 8516.359
5351.593 8343.501
5636.720 8524.912
5447.955 8819.096
5449.021 8521.642
5678.577 8782.644
5521.687 8835.373
5947.643 8472.339
5583.084 9008.658
5383.160 8968.277
5118.350 8465.062
5639.718 8222.909
5542.903 8277.151
5808.459 8902.877
5225.217 8778.333
5159.396 8380.984
6045.778 9187.091
5286.766 9248.737
6172.880 8923.074
5654.635 8141.340
5951.135 8759.516
5574.331 8328.647
6240.081 9004.061
5303.153 8953.371
5627.234 8466.711
5895.046 8630.929
5559.369 8461.652
5384.821 9157.386
5426.730 8503.473
5287.535 8951.381
5575.740 9011.160
6109.488 8615.117
5285.315 8915.547
5110.410 9160.808
5535.564 8963.550
5138.360 8686.167
5702.138 8392.125
5535.956 9075.557
5178.450 8278.522
6121.882 8450.315
5394.545 8225.702
6221.427 8997.890
6047.147 8414.548
5968.656 8504.599
6191.881 8202.975
6229.117 8254.579
5529.823 8664.799
5575.614 8503.756
5783.986 9148.952
5858.245 9211.655
5437.373 8312.237
5851.152 8364.568
5690.074 8452.533
5690.771 8940.085
5570.193 8199.896
5593.286 8159.423
5323.678 8869.444
5511.375 8378.983
5478.226 9185.701
6038.156 8696.888
5677.355 9094.773
5625.538 8199.675
5818.331 8885.522
5712.365 8123.015
5799.016 8861.194
5224.898 9106.866
5256.321 8252.146
5166.947 9069.285
5863.502 8927.299
5858.917 8275.087
5703.264 8772.253
5398.634 9008.301
6244.950 8532.608
5562.054 8176.326
5886.268 9077.551
5729.307 9009.653
5219.799 8256.281
5312.172 8580.918
5338.798 9038.235
5958.209 8299.086
6054.417 9216.743
5344.290 8667.425
5578.566 8373.551
5991.610 8647.820
5743.477 8528.325
5968.210 9213.763
6142.521 8465.358
5360.128 8294.112
5526.472 8864.925
5871.447 9059.527
5530.710 8414.208
5417.829 8327.958
5494.484 8347.992
5355.285 8423.768
5857.820 8941.571
5458.229 9103.141
5480.332 8773.485
5712.662 8545.409
5340.846 8515.057
5650.798 8532.624
5651.878 8333.157
5478.041 8446.178
5590.110 8615.758
5231.699 8993.642
5799.067 8577.877
5884.530 8355.428
5239.969 8973.716
5398.504 8436.645
5175.971 8141.366
5130.930 8685.298
5467.599 8254.749
5275.010 8254.715
5220.110 8962.212
6097.729 9239.868
5833.552 8926.833
5681.067 8544.808
5688.857 8143.298
5420.462 8569.780
6200.217 8696.214
6106.716 8680.540
5556.687 9234.597
5807.258 8118.389
5760.960 8397.079
5902.589 8850.307
5380.466 8711.924
5973.534 8995.952
5890.724 8607.212
5495.585 8768.685
6134.716 8256.409
5678.223 8196.364
5661.174 8829.691
5188.618 8440.234
5829.412 8277.975
5897.002 8755.434
5573.394 8524.405
5222.698 9147.997
5776.308 8718.720
5891.723 9032.037
5336.486 9135.827
5583.737 9058.277
5689.677 9111.107
5848.839 8550.739
5945.207 8731.169
5395.930 8952.330
5703.916 9184.394
6019.682 9229.564
5624.020 8615.050
6068.671 8767.487
5827.787 8673.595
5930.650 8462.548
5134.497 8301.866
5339.569 8457.815
5544.584 9194.010
6178.302 8339.197
5188.578 8825.862
5515.806 8487.813
5380.493 9130.934
5246.737 9191.134
5913.570 9214.524
5552.074 8419.184
5229.906 8851.187
6165.564 9040.106
6213.342 8384.960
5476.145 8518.220
5641.592 8869.653
5407.011 9196.110
5464.845 8780.024
5670.357 8262.166
5864.257 8766.563
5549.309 8934.778
5336.317 8392.466
5301.424 8439.818
5789.934 8800.960
5644.271 8231.708
5778.442 8863.071
5719.529 8914.430
5581.311 9004.443
5611.389 9219.358
6236.822 8388.576
5224.955 8813.343
5646.894 8209.077
6238.080 8135.054
5973.611 8246.685
5784.450 8139.603
5322.279 8762.258
6122.387 8240.388
6114.834 8713.123
5739.314 8863.228
5708.750 8688.238
5125.822 8628.304
5894.839 8205.829
5693.930 8811.512
5314.403 8418.030
5937.308 8677.522
5349.435 8978.634
6087.083 9052.545
5621.520 9060.580
6093.497 9137.496
5560.785 9009.496
5331.283 8925.885
5838.426 8459.045
6231.167 9205.239
5868.139 8297.584
6038.124 9157.042
5770.603 8737.825
6179.875 8571.993
6013.575 8944.281
5154.891 8283.119
5554.661 8726.884
5794.591 9137.272
5965.724 9033.472
5777.665 8978.746
5918.390 8575.450
5315.239 8887.084
5989.469 8596.894
6060.419 8193.218
5618.706 8842.536
5804.534 8134.617
6145.701 9169.588
6189.080 8125.401
5997.413 8488.645
5833.062 9238.706
6158.206 8721.530
5527.591 9245.829
5655.532 8841.194
6013.537 8960.478
5331.793 8988.761
5589.804 8331.319
6006.775 8255.953
5350.566 8651.344
5316.328 8551.474
5776.943 8901.228
5539.675 9140.539
5481.226 8850.928
5129.523 8264.068
5401.181 8590.786
6126.345 8897.463
5558.637 9199.766
5423.258 8440.628
5735.949 8851.688
6159.544 8403.417
5399.935 8159.662
5124.461 8432.103
5475.063 8916.343
5425.155 8958.705
5584.427 8173.058
5401.793 8912.531
5873.859 8273.989
5534.130 8684.691
5809.213 8274.030
5842.940 8773.452
6095.636 8333.561
5763.339 9035.380
5785.999 8782.897
6056.971 9094.521
5823.714 8995.216
5728.021 8567.791
5210.571 8228.245
6048.774 8201.050
6009.806 8621.136
5317.758 8310.485
6135.702 8219.716
6156.360 8428.498
5261.967 9251.002
5534.090 8255.203
5460.788 8905.942
6241.381 8770.867
5519.781 9229.811
5694.137 8242.690
6113.665 8958.285
5592.936 9068.937
6159.704 8338.304
5502.062 8551.480
5185.656 8850.043
6176.467 8626.451
5409.841 8705.336
5249.193 8157.625
6223.330 8119.025
5931.381 8433.517
6178.122 8301.578
5729.763 8405.847
6084.333 8322.141
5732.042 8448.037
5999.946 8335.427
5868.767 8406.461
5142.561 8974.877
5711.461 8339.995
6135.032 9061.872
6209.018 8206.633
5612.166 8982.432
5822.988 8485.721
5930.052 9184.582
5110.226 8941.832
6206.366 8626.104
5903.995 8443.756
6153.590 9022.398
6130.688 8138.673
5798.277 9178.612
5177.617 8921.658
6216.584 8886.589
6021.545 9009.218
5205.792 8597.460
5832.558 8344.943
5182.464 8435.023
5313.346 9191.042
5747.008 8833.855
5827.215 9216.271
5857.420 9035.931
5538.147 9084.424
5633.502 8871.400
6183.905 8309.503
6089.773 8290.699
5256.800 8725.110
5449.076 8478.294
5877.172 8834.521
5707.513 9245.027
5906.212 9203.670
5188.582 8297.828
5833.855 8474.515
5812.583 9079.211
5111.395 8777.851
5240.963 8196.549
5210.870 8948.395
5727.546 9115.526
6230.695 9230.114
5756.935 8885.159
5611.870 8249.694
5419.088 8916.631
5137.027 8506.216
5435.923 8786.038
5324.812 8702.210
5406.698 9184.640
5244.645 8916.972
6001.583 9083.253
6019.440 8331.107
5683.869 8835.787
6128.021 8746.902
6226.311 8652.167
5863.959 8881.615
5323.198 8232.966
5979.579 9243.132
5897.318 8645.737
6127.713 8217.014
5887.561 8587.104
5821.704 9172.275
6117.479 8438.360
6087.303 8770.129
6228.643 8119.111
5211.007 8214.998
5546.536 8952.689
5699.296 8920.628
5828.304 8229.418
5259.875 9055.588
5748.644 9221.685
5329.291 8304.038
6024.689 8926.718
5533.826 9143.482
5502.896 8421.925
5520.221 8286.388
5683.317 8843.031
6112.182 8325.700
5701.271 8618.757
5809.039 8841.650
6182.407 8331.656
5781.921 8972.713
6026.663 9236.960
5519.935 9199.083
6228.041 8606.158
5862.274 8627.619
5447.892 8237.184
5212.959 8255.695
6148.122 8793.163
6087.109 8595.457
6114.829 8805.043
5969.747 9128.238
5736.068 9078.228
5395.174 8347.217
5401.610 8401.575
6104.083 8475.796
5632.858 8605.402
5799.848 9118.036
5296.260 8800.818
5228.564 8275.408
6073.900 8274.075
6050.785 8126.612
6166.672 8761.911
6072.748 8977.451
5378.470 9193.375
5201.513 8307.002
6108.439 8941.579
5831.038 8914.289
5720.146 9179.040
5263.606 8658.283
6010.704 8577.530
5384.880 8445.016
5937.726 9209.240
6009.475 8482.579
5948.222 8849.268
6010.630 9047.456
6142.686 8584.182
5872.909 8215.342
6099.052 9074.716
5989.550 8672.634
5545.218 8683.988
5415.936 8549.338
5313.471 9008.887
5442.861 8224.795
6211.156 8895.704
5945.919 8973.343
6081.502 8365.102
5635.221 9131.882
5258.638 9068.608
5970.246 8512.474
5240.647 8273.651
5596.995 9066.190
5647.035 8851.229
6063.817 9147.698
6001.386 8976.479
5655.572 8118.216
5941.882 8645.129
5700.850 9182.393
5526.904 9063.747
5661.185 8232.684
5736.454 8247.376
5224.093 8561.875
6205.182 8158.813
5324.897 9017.359
5260.515 8130.150
6055.265 9162.995
5574.144 8822.539
5272.003 8400.376
6051.130 8834.906
5255.793 9177.524
6117.750 8404.022
6170.691 9010.894
5235.022 8555.971
5516.310 8611.983
5656.749 8839.491
5434.647 9192.826
5966.769 8803.526
5943.014 8762.221
5387.368 9056.888
5250.414 8309.915
5987.349 8901.052
5851.254 8566.254
5187.888 8295.814
5854.552 8366.427
5870.139 8196.386
5591.922 8481.737
6139.037 8242.649
6233.253 8165.720
6100.582 8506.972
5533.016 8711.619
5499.684 9186.386
5253.373 9054.197
5713.619 8586.669
5175.958 8721.725
5363.348 8490.887
5957.954 9027.232
5418.614 9123.722
5886.927 8334.052
5172.080 8207.051
5727.046 9158.977
5998.954 8544.264
5362.504 8661.264
5906.001 8174.937
5927.353 8560.124
6039.953 8702.164
5468.682 8430.865
5789.057 8937.997
5552.419 8386.471
6192.182 8345.973
5841.309 8814.636
6095.702 9174.207
5677.105 8931.738
5495.694 8116.906
5972.169 9153.083
5168.320 9042.333
6079.050 8141.563
5915.821 8277.839
5183.384 8692.632
5667.829 9093.989
6157.435 8286.051
5850.003 8681.645
5875.839 8274.824
6088.045 8864.270
6192.529 9232.354
5719.587 9200.714
5244.514 8182.254
5800.291 9228.840
5125.472 8423.539
5269.914 9241.888
5681.723 8400.263
6229.475 9139.688
5498.017 9142.453
5285.278 8274.309
5179.522 8482.300
5681.377 8328.053
5326.924 8660.633
5713.074 8846.762
5294.028 8348.067
5598.690 8947.251
5463.900 8509.425
6043.896 8172.028
6210.349 8290.902
6162.391 8406.674
5579.854 9020.247
5334.397 8450.689
5315.317 9116.748
5718.536 8973.621
5708.930 8676.881
5201.127 8125.872
6198.534 8668.133
5487.514 9046.264
6008.452 8610.917
5116.365 8719.621
5714.593 8555.468
5149.231 8796.936
6144.121 8622.673
5445.472 8541.323
6024.869 8550.788
6073.538 8607.106
5646.032 8443.364
5720.464 8337.423
5462.187 9023.110
5632.226 9131.219
5862.644 8647.972
5942.274 8296.794
6037.791 8219.292
5310.033 8801.596
5147.347 8351.944
5404.925 8906.437
6244.857 9122.924
5379.129 8275.703
6163.403 8302.845
5420.191 8826.037
5817.259 8290.494
6181.346 8203.321
6107.173 8748.706
5324.778 9199.937
6001.393 8419.313
5823.111 9105.607
5124.289 8842.353
5314.467 8973.130
5661.069 8477.574
5572.456 9219.027
5791.509 8805.487
5882.457 9126.415
5221.040 8707.616
5592.452 8291.561
6149.106 8414.150
5207.733 8758.248
5475.179 8584.179
6149.364 8190.634
6049.303 9173.754
5414.852 8652.235
5431.224 8387.064
5213.745 9243.183
6121.215 8986.002
5678.569 9205.725
5178.671 8500.719
5742.135 8830.586
6215.514 8985.069
5954.018 8811.960
5616.634 8543.816
5885.352 9033.514
5245.325 8702.154
6075.608 8507.697
6003.188 8834.349
5465.033 8629.687
5968.796 8950.199
6159.010 9215.321
5745.393 9137.850
5353.539 8983.444
6028.250 8871.521
5129.499 8571.157
5577.868 9193.492
6137.265 8650.768
5116.556 8576.002
5822.175 8702.567
5275.248 8514.880
6067.044 8465.911
5318.329 9127.136
6017.189 8120.863
5154.730 8137.222
5955.832 8624.893
5173.947 9148.720
5679.336 8634.059
5422.590 9146.577
6114.476 8886.803
6183.826 8715.641
5170.441 8876.626
5852.765 8478.132
6243.914 8589.129
5981.998 8522.552
5280.460 8768.935
6035.779 8230.247
5651.003 8963.658
5440.598 8782.898
6051.734 9195.983
5858.196 8931.952
6045.689 9067.070
5508.952 9089.415
5359.731 8560.968
5210.505 8171.376
6005.121 9076.318
6054.652 8661.968
6220.459 8276.372
5421.689 8253.633
5344.452 9205.834
5922.366 8658.315
5561.819 8966.503
5889.996 8176.933
5501.089 8370.064
5783.496 8543.534
6188.015 8787.052
5694.962 8719.318
5949.552 8762.425
5406.156 8740.386
5954.120 8786.252
5634.385 8392.147
5562.000 8735.044
6139.801 9210.961
5234.180 8586.040
6090.570 8514.446
5711.613 8465.409
5535.591 8525.226
6211.919 8342.255
3887.730 5950.017
4096.097 5418.432
4006.944 5230.419
3583.700 5794.036
4254.657 5332.884
3737.475 5348.232
3890.617 6000.537
3302.596 5998.833
3678.134 5664.175
4073.527 5454.816
3391.817 6183.669
4367.040 5757.914
3784.339 5152.854
3924.997 5300.609
3850.271 5296.274
4364.385 5229.387
3916.427 5813.899
3310.399 5404.739
4117.579 5867.504
4102.303 5382.530
3857.168 6034.433
3760.838 6146.921
4375.636 5495.779
3419.172 5959.853
4213.696 6126.065
3525.430 6057.800
3677.111 5701.182
4006.690 5110.507
3797.737 6108.101
4346.827 5202.796
3704.253 5344.631
3990.460 5514.679
4295.684 5734.370
3435.659 5445.193
4217.331 5440.871
3351.991 6162.744
3745.151 5196.023
3907.207 5208.659
3518.773 5790.207
4029.143 5129.285
3470.698 5629.879
3551.047 5237.175
4241.914 5819.206
3401.153 6070.660
4248.730 5726.091
4265.029 5489.769
3997.190 5538.425
3671.466 5325.695
4345.795 5246.617
4004.808 5894.740
3475.358 5894.828
3406.387 6201.431
4121.885 5885.134
4042.796 5921.990
3790.322 6099.448
3360.080 5583.795
4023.959 5635.092
3593.004 5929.150
4379.528 5562.594
4067.611 5572.047
3873.903 5469.251
3959.020 6084.024
3791.573 5962.257
3997.688 5990.111
4050.089 6192.103
3717.143 6154.722
4168.960 5575.275
3859.284 5398.681
3781.557 5827.864
3730.627 5222.798
4171.525 6029.493
4089.396 5618.735
3340.017 6130.170
3933.398 5365.529
4242.743 5535.366
3287.359 5138.498
3652.237 5958.875
3681.272 5851.936
3829.252 5965.179
3600.751 5493.219
3559.891 5672.157
4325.901 5581.689
4001.679 5705.470
4266.443 6002.759
3391.822 6233.419
3980.590 6017.118
3806.743 5263.786
4278.271 6110.075
3415.758 5898.647
4325.307 5232.802
4128.319 5283.602
4340.747 6211.098
3796.665 5658.610
4102.230 5943.522
4088.505 5516.522
4048.989 5553.305
4054.935 5394.388
4213.298 5555.970
4318.436 5556.505
4330.694 5732.001
4363.822 6205.749
3973.293 5247.590
3941.567 5955.597
4068.071 5145.343
3637.231 5930.722
4056.225 5344.632
3466.138 5268.083
3547.608 5547.637
3252.908 6121.218
3325.401 5759.518
3427.050 5726.587
4228.979 5613.518
4332.911 5489.748
4324.380 6188.846
4020.609 5989.036
3748.259 6172.505
3541.672 5231.408
4211.634 6063.287
3255.805 5362.479
3862.813 5583.607
4023.325 5640.666
4037.060 5621.464
3739.964 5942.420
3598.744 5861.526
4122.855 5891.477
3938.319 5595.040
3652.961 5780.287
4357.059 6234.212
3330.034 5917.489
3351.505 6118.490
4365.812 5817.346
3310.724 5392.379
3699.704 5921.694
3896.597 5335.952
3259.089 6114.317
4226.976 5324.634
4318.228 6085.020
4075.702 5514.488
3946.863 5790.771
3391.689 5985.015
3345.361 5805.685
3633.508 5972.315
3336.694 5709.017
4030.433 5825.104
4033.993 6074.638
4180.289 6080.497
3788.853 5635.874
3663.755 5678.504
3761.453 5186.890
3767.128 6075.253
4339.067 5270.458
3450.278 6021.016
3826.096 5132.539
3383.484 6226.377
3836.768 5494.053
3313.899 5698.211
4096.401 6198.793
3655.123 5685.790
3519.179 5265.433
3978.120 5659.941
4307.984 5249.116
4317.333 5979.934
3826.407 5329.885
3711.076 5494.212
3557.760 5508.091
3407.325 5408.486
4002.728 5440.980
3977.318 5689.173
4122.382 5446.993
4273.123 5828.772
3831.523 6188.765
3770.062 5675.116
3388.412 5257.058
3330.536 5611.571
4352.644 6226.548
4136.374 6211.618
3300.036 5516.637
4161.355 5955.372
4002.018 5854.515
4271.132 5934.965
3651.169 6097.821
4234.464 5575.308
4102.439 5154.490
3769.922 5493.609
4163.809 5769.138
3529.915 5365.849
3956.217 5208.833
3960.905 6097.997
4342.966 5819.965
3817.457 5850.194
3264.886 6184.019
3822.486 5174.945
3288.411 5130.225
3502.294 6179.397
3921.303 5882.858
3281.494 5467.243
3350.638 5130.433
4229.766 5669.395
4324.070 5252.704
3533.233 5892.621
3581.218 5550.636
4364.297 5308.893
4273.779 6017.580
3583.146 5232.711
4370.534 5216.618
4021.292 6104.604
3931.446 5876.282
4182.347 5925.000
3545.623 5498.580
3257.357 6067.082
3659.949 5602.125
3736.862 5513.324
4311.572 6094.911
3908.253 5373.749
3780.958 5495.858
3867.273 5625.289
3583.218 5320.674
4016.431 6146.419
4138.835 6134.536
4051.814 6122.779
4366.941 5302.461
3927.015 6146.944
4305.780 6162.418
3894.041 5605.526
4212.544 5425.101
3606.863 5850.195
4335.423 5259.315
4305.084 5459.441
4336.544 5819.234
4285.971 5105.820
4200.516 5292.623
4200.388 6202.446
3286.314 5708.472
3387.473 5849.372
3726.705 5716.077
3843.693 5206.292
3980.058 6145.577
3648.560 5198.249
3923.581 5869.451
3550.717 5284.000
4323.019 5285.189
3728.516 5369.502
3788.677 5362.353
4136.185 5421.218
4304.131 6159.807
4024.729 5939.847
3767.007 5685.906
3287.557 5193.210
4337.404 5548.346
4072.443 5265.693
3556.048 6040.810
3358.177 5898.933
3849.093 5331.880
3670.623 5504.360
3430.892 5166.074
3492.557 5205.203
4261.146 5958.370
3702.057 6194.692
3433.627 5659.224
4021.160 5227.140
3970.092 5266.003
4141.138 5544.798
4316.276 5696.962
3867.295 5884.867
4213.702 5513.508
3895.156 5123.898
3362.597 5280.516
4347.047 5687.905
3401.009 5289.829
4039.392 5788.357
3350.497 5297.456
3956.975 5396.262
4124.329 5732.206
3457.034 5478.279
3328.960 5869.042
3404.583 5248.168
4139.319 5411.239
3306.884 6230.649
3427.415 5504.282
4195.118 5339.981
4191.660 5973.380
3750.051 5398.733
3667.547 5261.916
3618.525 6088.705
3854.308 5453.636
3658.728 6114.396
4010.133 6112.423
3341.690 5680.890
4074.575 5299.172
4040.200 5272.286
3652.439 5325.164
4189.471 6118.828
3996.427 5737.322
4260.034 5326.657
3956.545 6148.733
3281.908 5513.156
3764.565 5181.645
3743.426 5410.783
4016.541 5652.563
3372.528 5147.720
3783.786 5458.658
3582.008 5753.183
4060.233 6048.448
3914.677 6061.816
3705.031 6000.581
3928.036 5613.157
3447.921 6052.968
3416.234 5801.819
4177.685 6081.572
3799.169 5258.498
4194.829 5621.790
4080.945 5311.854
3883.258 5221.657
4312.256 5742.262
3754.090 5486.283
3988.374 5847.843
4180.782 5305.513
4359.285 5189.454
4005.868 6114.755
4081.043 5299.166
4232.015 6105.915
4136.907 5629.692
3876.640 5648.194
3441.537 6209.562
3346.028 6100.463
3811.749 5331.624
4374.451 6210.382
3490.849 5864.642
4116.776 5759.873
3306.353 5486.617
4258.051 6207.640
3450.085 6010.926
3928.579 5554.496
3911.023 5616.640
3566.534 5683.217
4341.704 5329.111
3808.290 5123.298
4105.366 5697.476
4382.881 5355.080
3931.333 5328.076
3970.343 5581.278
3658.425 5261.809
3938.844 5135.932
4022.426 5619.267
4032.613 5954.613
4314.579 5246.909
3799.894 5581.099
3820.570 5660.745
4378.320 5617.117
3280.614 5637.144
4011.862 5917.639
3671.033 5816.186
3612.794 5162.372
3699.046 5815.420
3294.953 5502.249
3974.325 5267.316
4242.154 5727.570
4043.274 5793.818
4363.331 6194.759
3577.736 6032.730
3978.089 5914.275
3387.586 5564.205
4366.380 5186.321
3675.470 5902.747
4103.135 5474.871
3589.967 5709.907
4051.195 5388.631
4185.911 5811.314
4140.797 5954.427
3600.192 5470.529
4027.480 6048.196
4324.651 5661.262
3928.735 6061.244
4040.741 5101.855
3646.122 5803.668
3291.494 5352.336
4214.386 5158.815
4201.866 5144.963
4287.001 5268.935
3663.194 6081.636
3920.693 6175.162
4003.813 5189.105
4333.625 6063.844
4316.643 5684.525
3825.470 5139.929
4168.525 5818.607
4182.191 5482.083
4370.204 6003.058
3899.141 5763.024
4057.071 5646.927
4250.286 6025.657
4213.485 6098.220
4297.191 5273.583
3929.581 5269.827
3710.917 5545.268
3854.848 5205.481
3763.343 5253.890
3547.267 5582.983
3574.214 6227.925
3493.336 5632.693
3672.521 6083.168
3466.745 5974.939
3441.114 5742.632
3680.150 5818.323
3954.404 5260.046
4323.244 5586.920
4064.820 5250.377
3414.476 5891.224
3279.516 5268.565
3560.902 5286.197
4238.033 6185.239
3681.867 5845.593
3484.308 6049.663
4333.883 5344.585
4160.679 5437.224
3745.128 6072.385
4000.443 5819.211
4338.433 5587.580
3470.774 5260.599
3752.109 5880.425
4284.764 6176.472
4160.914 5912.348
3731.807 5116.729
3911.854 5693.849
4276.614 6110.419
4329.436 6051.719
3424.899 6142.455
4241.621 5425.161
3401.834 6160.029
4273.235 5946.671
4347.786 5774.773
3441.678 5842.134
3824.855 6074.822
4129.857 6175.740
3923.724 5429.911
3895.427 5824.275
4314.424 5514.307
4049.690 5275.237
3328.404 5732.985
3528.257 5283.081
4212.195 5318.569
4012.085 6008.804
3399.978 6145.163
3808.443 6227.724
3654.495 5847.344
3641.904 5986.431
4083.522 5606.760
4097.758 5801.582
3735.155 6007.401
3889.564 5489.918
3817.787 5412.833
3613.527 5464.981
3654.122 6157.431
4219.146 5507.214
4036.869 5218.338
4113.413 5293.678
4374.834 5808.472
3839.101 5776.906
4188.139 5510.993
4291.478 6033.483
3559.841 5966.104
4080.736 5981.039
4349.076 6136.181
4082.727 5729.717
4218.322 5638.816
4024.904 5810.653
3788.505 5334.773
3571.890 5860.813
4179.877 5268.390
4316.234 5712.848
4328.116 5415.002
4383.850 6141.515
3588.940 6088.157
3792.277 6030.112
4086.430 6150.605
3417.611 5434.603
3558.136 5702.235
4290.500 6195.651
4114.341 6063.631
4375.410 5687.055
3302.889 5810.105
3754.875 6029.956
4000.024 5973.677
3820.605 5921.491
3928.736 5356.590
3565.710 5107.066
3496.815 5919.206
3577.390 5963.421
3352.645 5438.529
3861.726 5688.387
3905.670 5905.943
3972.004 6218.651
3916.465 5634.213
3340.520 5596.924
4273.253 5954.027
4252.289 5633.467
3477.236 5673.668
3701.336 6031.324
4179.179 6190.341
4281.848 6156.474
3722.969 5952.395
3960.431 5134.232
3744.056 5566.597
3356.396 5312.356
4196.230 5283.067
4270.856 5460.703
4241.839 5281.745
3761.617 5992.740
4058.376 5166.102
3770.124 5798.408
4301.735 5867.108
3505.158 6199.849
3441.215 5321.725
4208.424 5334.469
3422.924 5960.106
3898.189 6209.277
3316.971 6076.557
4361.587 5288.321
3769.477 5643.059
3396.809 5913.361
3749.497 6196.109
3550.966 5250.540
3293.560 5411.183
4005.112 5565.180
4383.407 6064.542
4105.292 5370.984
3918.047 5842.621
4265.281 6230.702
3693.191 5667.100
3587.632 5590.870
3689.005 5416.394
3880.814 5667.628
3619.859 5127.259
3625.345 5305.784
3997.990 5351.256
4120.232 5119.699
3272.230 6016.948
3946.000 5972.859
3431.378 5662.047
3967.974 6091.217
4211.121 5920.666
3600.024 5466.027
4256.757 5986.474
3331.625 5842.896
4131.973 5579.158
4022.809 6210.056
3658.585 5973.045
3592.701 5900.463
3827.347 6189.191
3682.120 6177.383
3328.383 5669.941
3270.059 5576.586
4015.899 5300.365
3687.316 5576.609
4212.765 5433.412
4219.799 6029.289
3662.154 5368.160
3558.361 5863.561
3447.141 5164.314
3489.347 5489.128
4146.959 5668.610
3295.066 5577.037
4053.046 5560.877
4218.632 5885.475
4278.420 5416.677
4258.786 5141.562
4335.500 5503.670
3412.447 5639.117
3909.799 5422.133
3730.507 6118.104
4202.312 5542.827
4061.009 5737.607
3278.984 5397.306
3828.381 5125.703
3920.105 5610.762
3395.663 5381.584
3504.281 5402.288
3805.335 5298.608
3586.221 5867.308
3576.729 5233.745
4020.166 5655.869
3726.571 5478.548
3823.628 5568.379
3793.009 5340.809
3308.130 6209.464
3461.028 5125.462
4163.727 5684.191
4036.710 5364.857
3689.166 5759.556
4221.466 5583.458
3452.082 5544.048
3643.647 5312.183
3751.193 6066.892
4369.174 5825.994
3702.440 5222.460
3331.406 5962.641
3581.133 5439.515
3724.718 5816.069
4275.254 5201.069
3603.232 5158.156
3480.994 5717.083
3369.074 5113.092
3442.404 5529.204
3359.571 6052.710
4236.299 5707.848
4136.963 5231.339
3977.570 6114.484
3507.000 5275.194
3288.575 6099.097
4061.557 5800.817
4092.542 6022.384
4117.799 5833.066
3648.227 5726.248
3744.179 5429.360
4050.689 5959.109
3650.108 5243.649
4213.235 5773.237
3835.869 5453.194
3906.814 5511.885
3708.089 5324.492
3599.794 6112.344
3958.825 6174.347
3416.549 5601.385
4305.840 5101.785
4166.096 5324.865
3573.799 5369.287
3678.843 5120.946
4283.768 5943.547
4105.641 6103.872
3994.007 5531.792
4185.911 5807.806
3826.649 6197.512
4354.773 6078.961
3996.818 6108.450
3347.846 6068.459
3958.931 5963.406
4105.066 5936.196
3268.348 5714.877
3268.942 5743.955
4217.881 6057.391
3877.843 5824.508
3463.805 5342.849
3383.245 6114.026
4126.218 6082.862
3492.031 5776.375
4295.811 5482.944
3645.530 5627.510
3520.695 5627.575
3966.651 6224.317
3771.699 5952.941
4023.745 5201.427
3501.973 5570.730
3428.138 5906.438
4042.696 5264.584
3871.386 5559.362
3496.667 5337.912
4086.192 5400.271
3625.551 5494.684
3285.426 5140.512
3791.222 5731.835
3947.565 5493.738
3542.527 6066.318
3776.691 5902.885
4153.497 5507.344
4123.196 5377.845
3787.089 5646.455
3653.230 6015.899
3887.774 5512.516
4157.560 6133.811
4370.039 5875.770
3647.693 5775.504
3698.242 5847.817
3653.313 6050.999
4271.744 5183.367
3550.519 5938.310
3929.164 5552.865
4221.696 5202.312
4006.318 5188.085
3519.008 5532.091
4236.303 5325.785
3998.429 5377.329
3288.465 5778.776
3674.829 5944.300
4050.411 5560.318
4105.653 5243.070
3934.968 5321.870
3490.098 5204.496
4264.772 5304.271
3847.052 5529.586
4207.264 5899.550
4053.072 6030.152
4299.825 5195.427
4215.355 5439.786
4133.950 5731.292
3493.181 6081.822
3500.362 6031.491
3506.113 5458.412
3383.150 5128.765
3967.952 5185.127
3931.472 5762.131
3914.685 6194.846
3890.995 5205.952
3707.185 5426.341
4019.808 5790.046
3893.676 6138.361
3473.560 5840.735
3539.072 5140.525
3846.301 5413.429
4354.044 5486.348
3707.168 5587.171
3874.851 5636.340
3806.423 5641.584
3299.572 5615.514
3639.460 5172.863
4171.737 5582.416
3932.898 6150.636
3788.513 6037.144
3950.688 5958.480
3992.341 5359.886
3880.875 5582.054
3403.965 5132.104
3898.329 5803.068
3719.955 5223.577
3623.268 5193.633
3692.365 5715.373
4227.496 5813.120
4362.337 5693.526
3894.883 6176.920
3354.705 5553.372
3729.508 6077.328
4370.540 5516.961
3263.614 5491.011
3601.664 6227.075
4129.087 5395.352
4114.248 5160.366
4100.866 5109.144
3267.396 5897.700
4165.254 5447.608
3384.996 5510.855
4237.622 6116.838
4168.390 6009.956
3959.468 5770.602
3956.986 5108.582
3266.593 5942.633
4312.711 5452.801
3830.619 6078.271
3564.408 5105.725
3449.976 5417.880
4209.632 5700.643
4241.580 5355.883
3292.379 5960.530
4146.561 5425.003
3261.357 5964.713
3794.657 5643.090
3682.618 5132.540
3538.981 5958.010
3820.345 5247.173
3785.249 5135.412
3884.463 6208.775
3741.961 5152.020
4206.816 5941.306
4147.300 5690.637
4067.634 5330.719
4297.257 5731.189
3558.028 5604.272
3395.290 5833.630
4196.396 5879.955
3887.166 5419.351
4027.202 5671.953
4033.604 6162.233
3991.528 5147.736
3338.561 5631.256
3630.808 5496.606
4097.180 5392.868
3866.003 6071.472
3428.695 5893.370
3799.781 5641.929
4087.334 5901.341
4240.916 5101.095
3804.675 5668.018
3648.408 5938.331
3717.117 5693.528
4211.205 5543.647
4180.157 5711.002
4116.343 5698.968
3984.077 5882.562
4093.710 6186.059
3495.260 5859.055
3582.282 6041.254
3275.037 5290.933
3489.268 5510.616
4232.306 6110.395
4277.931 5317.850
4135.902 5532.470
3322.285 5650.627
4314.909 5449.635
4363.680 5193.704
4251.684 5191.799
3454.430 5989.733
4315.038 6211.784
3268.482 5783.660
4376.027 5523.545
3539.930 6209.282
3822.610 5730.573
4257.717 5455.738
4209.114 5831.156
4029.396 5846.629
3380.346 6128.981
3974.404 5825.850
3858.483 5527.842
3422.328 5549.336
3883.345 5927.734
3776.227 5853.922
3682.027 5106.908
4348.062 6113.060
3480.190 5783.546
3362.733 5447.355
3446.836 5684.923
3915.754 5934.467
3795.518 5159.796
4013.715 6159.822
4155.550 5725.701
3805.886 6128.447
4359.611 5534.245
4166.132 6006.482
4186.656 5971.759
3459.678 5983.998
3268.583 6111.378
4360.660 5729.959
3849.834 5202.361
3587.329 5557.774
3783.690 5856.970
4360.574 5880.729
4379.167 5435.457
3458.189 5942.738
3815.342 5973.576
4297.937 5497.555
4220.860 6035.146
3343.114 5168.508
4003.540 5714.582
3379.823 5965.412
3925.118 5655.021
3958.064 5261.524
4270.727 5304.670
3470.885 5580.865
4229.932 5916.080
3838.734 6090.086
3837.690 5552.358
4061.238 5940.246
4035.557 5789.279
3932.203 6061.257
4103.585 5889.095
4093.844 5623.292
4241.827 6113.156
4326.460 5831.901
3517.621 6224.285
3250.744 5898.257
4264.702 5482.568
4280.252 5389.615
4056.067 5268.615
4272.043 5942.389
3892.385 5967.026
3884.091 6168.488
3541.443 6119.786
3440.103 5521.626
3839.530 5427.051
3742.394 5847.011
3510.002 5752.828
4016.109 5784.506
3864.357 5834.485
3496.331 5972.643
4324.351 5126.279
3682.329 6018.320
4174.760 6010.073
3557.695 5113.142
3638.532 5469.715
4050.879 6115.824
4233.677 5788.439
3553.222 5544.795
4353.815 5366.415
4261.268 5975.151
3463.499 5700.103
3376.746 5927.858
3780.911 5439.692
3872.220 5858.306
3385.594 5799.897
3534.540 6042.256
3829.433 6107.776
3389.349 6191.949
4110.963 6190.732
4077.198 5218.221
4382.543 5129.849
3959.180 5614.899
3644.307 5310.205
4252.064 5657.505
3897.223 5253.985
4157.239 6178.493
3877.125 6180.509
3549.495 5479.624
3527.693 5530.364
3438.203 5703.231
3356.919 5981.306
3589.110 5154.159
4108.724 5423.244
3343.040 5913.187
3698.346 5903.946
4351.733 6059.455
3668.623 6099.513
3882.387 5664.425
3942.701 6222.554
3782.087 5625.284
3546.739 5164.375
4163.063 5289.526
3554.873 5619.378
3890.611 5807.145
4174.278 5736.694
4165.491 6071.675
3415.240 5875.007
3936.072 5899.093
3904.189 5991.718
4043.429 6168.439
3292.599 6113.743
3835.649 5883.642
3914.330 6052.374
4043.678 6107.869
4185.953 5948.903
3806.881 5559.528
3873.059 5880.194
4168.035 5732.909
3945.736 5401.512
3352.925 5828.880
4322.064 6082.335
3996.228 6196.007
3981.960 5107.344
3955.057 5273.271
4149.037 5153.179
3673.101 5948.553
3975.287 5818.803
3481.347 6104.691
4131.622 5778.344
3721.644 5150.492
3740.829 5478.136
3504.296 5509.214
3383.488 5417.548
3816.759 5884.805
4121.937 6103.267
3935.541 5556.598
3495.263 5988.627
3715.765 5560.496
4125.872 5845.463
3891.875 5598.300
3633.038 5945.103
4134.474 5526.777
4089.462 6093.061
4359.217 5135.218
3279.303 6127.042
3974.985 5646.418
4030.807 5454.313
3986.759 6021.516
4218.143 6071.433
3796.882 6072.281
3899.208 6076.241
3490.733 5772.065
3909.587 5555.423
3807.757 6095.173
4259.178 5437.211
3923.183 5602.349
3275.110 5935.784
4243.786 5293.994
3354.271 5581.222
4022.140 6104.886
3721.677 6036.970
4256.283 5316.050
3392.895 5454.423
4144.078 5941.584
4138.731 5568.823
3559.788 5418.264
3380.291 5645.859
3896.547 5171.063
3474.038 6105.805
4086.904 6120.004
3494.424 5888.547
3428.113 5181.337
3473.819 5441.510
3287.609 5387.691
4293.080 5796.777
3380.738 5285.061
3674.288 5260.617
3642.989 5788.241
4324.707 5182.795
3597.279 6180.833
4328.702 5468.444
4245.524 5580.677
3276.655 6167.628
3278.813 5227.783
4065.691 5796.157
3460.408 6197.377
3345.854 5504.538
4202.967 5152.414
4026.843 5921.839
4378.575 5755.256
3777.540 6198.807
3947.873 5468.630
4069.067 5488.875
4292.263 5221.552
3781.026 5552.230
4093.179 5797.296
3758.250 5923.549
3633.158 5572.320
3331.995 5635.398
3566.418 6070.936
3448.747 6050.933
3771.308 5858.126
3628.682 5915.277
4238.796 5335.907
4040.363 5533.962
3616.771 5877.481
3733.240 6138.917
4376.220 5282.013
3661.565 6186.222
3934.171 5885.056
3938.100 5827.547
3982.189 5305.873
3643.517 5951.429
3291.815 5837.972
3999.425 6106.771
4039.705 5148.065
3260.338 5259.347
4081.092 5144.789
3495.761 5831.248
4365.349 6009.235
3580.810 5761.011
4055.758 5862.426
3944.629 5223.726
4243.484 5711.904
4221.137 5949.060
3611.495 5778.775
4328.919 5619.481
3771.497 6014.699
4166.678 5272.510
4263.618 5781.806
3264.368 5437.546
3911.498 5730.999
3321.647 5326.142
4101.956 5126.107
3888.411 5690.327
3693.839 6132.194
3944.213 5183.762
3385.540 5766.253
3947.009 5501.844
3930.311 6221.480
4251.668 5849.876
4260.684 5345.130
3485.241 5576.072
3529.685 5606.235
3721.603 6207.944
3438.837 6041.057
3391.881 6029.217
4262.939 5872.355
3854.604 5599.260
4007.640 6104.385
4364.412 5605.293
3637.912 5822.847
3549.594 5298.987
3462.255 6131.840
3689.321 5580.561
3961.362 5284.112
3465.369 5582.495
3894.771 5321.869
3585.200 6132.083
3826.102 5369.399
3729.244 5223.983
4089.569 5585.702
3543.473 5750.584
4317.803 5882.230
3751.036 5750.513
4249.170 5725.337
3926.787 5902.080
3547.359 5830.427
3851.300 5282.005
3671.799 6193.581
3450.031 5988.793
4124.808 5655.635
3928.613 5746.264
3802.553 5466.064
4370.323 5122.171
3538.614 5881.177
4376.473 5964.616
3295.790 6222.315
3445.794 5458.556
4155.695 5549.643
3287.567 6086.282
3545.608 5985.005
4364.790 6211.851
4061.203 5448.088
4298.137 5326.292
3520.444 5783.507
3611.887 5476.141
4337.703 6007.536
4378.928 5234.626
3365.633 5527.518
3671.702 5410.856
4311.011 5218.992
3977.172 5586.478
3913.530 6119.557
3568.594 5254.647
3765.569 6167.640
4195.329 5635.997
3850.538 5361.605
3804.399 5831.506
4175.080 5974.369
3937.415 5266.455
4157.542 5762.900
4071.166 5653.994
3306.490 6174.058
4041.785 5872.239
3884.980 5220.915
3519.333 5838.560
3572.393 5447.608
3432.790 5817.990
3961.575 5521.911
3893.223 6011.686
4358.644 6022.059
3767.597 6038.811
4154.573 5964.720
3916.123 5317.582
4268.868 5393.773
3995.810 5118.554
4096.277 5132.492
4044.922 6200.906
3831.434 5944.156
4267.766 5963.945
3352.034 5425.180
4077.803 6099.675
3441.577 6094.156
3847.384 5175.338
4045.170 6193.038
3584.146 5625.905
4280.627 6177.170
4232.289 5381.666
3622.180 5295.601
4353.721 5284.539
4324.268 5656.839
3442.350 5606.977
3662.852 5932.117
4045.611 5711.226
3478.766 6107.254
3885.740 5827.988
3584.320 5494.025
4110.073 6126.427
4079.273 5747.447
4089.494 6161.789
3705.703 5243.131
3329.796 5334.637
4082.717 5740.986
4145.635 5918.269
3415.458 6223.732
3524.346 5991.882
4354.256 6096.327
3944.963 5321.012
3967.163 5743.918
3392.222 5474.225
3856.777 5555.889
4192.365 6096.882
3353.791 6160.386
3394.389 6047.479
4069.959 6050.595
3434.072 5708.859
3911.962 5248.222
4322.283 5908.717
3390.995 6226.266
3476.514 5449.494
3810.727 5760.583
3312.663 5958.205
3554.488 5570.930
4155.407 5366.399
3379.159 5504.683
4373.461 5907.619
3918.657 6162.815
3781.700 5619.963
3910.618 5630.020
3730.696 5801.843
3265.525 5396.249
4055.571 5551.329
3405.981 5606.016
3625.632 5746.900
3277.733 5544.468
3978.539 5466.622
4303.514 5108.911
3660.159 5557.698
4204.417 5160.049
4318.192 5279.697
3443.867 5568.846
4199.944 5771.857
4071.648 5617.242
4052.824 5288.088
4037.756 6174.770
3583.403 5252.543
3866.320 5451.030
3315.189 5785.075
3383.588 5731.211
3815.503 6202.350
4168.210 5330.369
3715.476 5706.644
4131.364 5936.095
4271.420 5995.663
3480.814 5602.746
3812.419 5577.794
3902.330 6049.235
4053.561 5998.844
3828.008 5478.304
3803.626 5593.313
4049.252 5340.046
3600.318 5885.011
3631.383 5844.238
3785.210 5166.038
3613.654 5805.653
3446.622 6198.955
4014.105 5814.371
4377.938 5236.416
4116.045 5704.501
3260.355 5131.537
3820.549 5297.511
3394.189 5803.084
3603.941 5380.613
4344.735 6038.927
3510.101 6121.209
3262.499 5668.792
3514.281 5417.359
3282.292 5168.916
3334.367 6018.771
4052.258 5673.469
3828.242 5153.547
4233.009 5721.206
3710.609 6032.628
3274.489 5439.860
4178.770 5711.763
3780.279 5307.369
3695.367 6119.662
4010.617 5125.355
4182.684 5574.851
4273.622 5444.064
3341.062 5777.088
3270.681 6117.654
4085.705 5965.525
4037.854 6090.086
3901.406 6186.834
4104.620 5182.428
3755.547 5848.487
3789.262 5784.551
4104.468 5617.179
3769.965 5714.570
4221.460 5748.460
4040.130 5954.088
4243.268 6034.237
4283.481 5849.099
3842.368 5404.214
3349.889 5818.741
4293.096 5264.565
3844.692 5527.431
4006.937 6160.225
4287.459 5516.319
3705.233 6019.070
3950.521 5769.582
3399.087 5424.956
4018.848 6201.129
3265.129 5620.733
3418.465 5458.597
4184.183 5696.894
3791.064 6060.083
3751.932 5972.027
3886.938 5156.942
3957.834 5327.765
3550.971 5191.395
3837.334 6067.695
4312.198 5935.627
3815.391 5552.953
3657.570 6059.593
3332.534 5241.747
3573.794 6081.088
3907.429 5256.823
3356.377 5266.226
3659.424 5727.133
3720.820 5479.214
3312.318 5385.292
3477.978 5706.676
4109.065 5961.451
4352.989 5415.227
3651.370 6069.573
3549.983 5118.810
4025.836 6027.492
3256.829 5751.361
4277.576 5472.106
3446.081 5604.198
4256.733 5341.351
3632.338 5873.480
4385.619 5179.346
3718.985 5312.660
3889.977 5636.071
3547.412 5429.167
3866.114 5820.535
3701.609 5165.816
4284.298 6017.405
3377.761 6139.849
4100.957 5975.601
4010.642 6008.713
3967.365 5616.691
4232.644 5741.884
3415.326 6058.491
3524.697 5486.899
3911.855 5213.744
3599.165 5123.334
3980.977 5327.662
3320.647 5382.495
4245.801 6188.750
3313.528 5186.510
4066.418 5961.670
4217.634 5624.494
4276.532 5922.613
3315.891 5849.992
3854.155 5719.147
4156.523 6045.090
3536.331 5363.771
3278.717 5258.851
3701.941 6079.847
3936.604 6211.799
3950.602 5807.725
3970.175 6181.500
3819.775 5858.475
3961.012 6186.349
3781.699 5559.025
4337.761 5206.114
4227.242 6139.059
3597.006 5737.150
4195.692 5504.226
4298.764 5867.534
4273.278 5438.007
3876.321 5254.160
3398.661 5816.415
3686.401 5329.223
3471.634 5364.442
3470.884 5536.022
3349.905 5846.155
3320.188 5540.183
3539.442 5733.942
3761.947 5519.287
3419.608 6091.998
3336.700 5927.378
3539.230 5448.076
4174.357 5138.663
3640.928 5630.871
4356.784 5221.126
3930.261 5513.855
4334.338 5708.117
4348.824 5238.294
3834.221 5890.301
3631.538 5225.890
4373.183 5346.236
3487.161 5771.336
4207.060 5414.529
3658.145 5384.262
4144.960 5852.375
3638.936 5198.646
3344.769 5204.839
3281.592 6032.974
4211.896 5358.427
3794.849 6046.773
4366.988 5282.260
3268.391 6120.233
3954.963 5170.830
3579.070 5510.427
4114.233 5988.708
3264.864 5823.444
3954.119 5509.113
3686.148 5664.316
3660.465 6071.238
4232.813 5815.743
3812.954 5604.598
3464.505 5958.871
3690.862 5704.317
3537.227 5981.390
3747.194 5848.362
3592.526 5640.349
3418.312 5677.954
4103.624 5850.022
3657.091 5735.836
3601.851 6210.881
3633.559 5493.670
4126.598 5355.557
4306.418 5765.023
3351.407 5480.176
4195.419 5708.785
3672.357 5626.242
4128.628 5947.223
4177.511 5335.701
3716.442 5474.133
3278.044 6084.544
3515.179 6116.841
4293.194 5294.648
3997.263 5381.832
4066.351 6126.443
3282.550 5472.499
3554.145 5464.769
3897.470 5476.105
3801.021 5203.013
3708.773 5928.261
3467.473 5266.279
3429.429 6140.682
4056.902 5898.235
3922.298 5573.937
3555.236 5550.161
4171.343 5836.022
3789.195 5307.354
4133.244 5171.403
3508.310 5869.872
4258.839 5532.141
3853.042 5296.517
3599.008 5552.513
3889.149 5747.303
3840.945 5547.702
4287.819 5328.957
3819.283 6095.585
4263.209 5223.522
3569.298 5891.074
3930.350 5161.983
4163.022 5582.750
3831.022 5111.591
3798.039 5167.028
3644.582 6139.924
3318.824 5647.871
3456.625 5636.727
3731.623 5427.666
3639.900 6070.239
3966.071 5300.281
3645.573 6235.438
4257.981 5350.348
3544.998 6038.434
3519.373 5409.101
4373.537 5182.046
3791.919 5920.632
3633.381 5753.032
3724.301 5996.196
4220.093 5993.971
3710.602 6222.225
3765.640 6176.517
3949.547 5830.581
3419.490 6141.989
3953.731 6187.707
3418.679 5977.772
3494.828 6038.856
4167.731 6147.765
3776.181 5955.298
3310.348 5605.107
3555.784 5514.890
3260.511 5879.366
3324.256 6041.032
3388.564 5664.209
3463.978 5264.301
3415.398 5881.116
4350.150 5392.047
3788.825 5138.871
4181.881 5709.170
3649.446 5250.573
3348.980 6054.831
4325.887 5834.004
4094.695 6078.038
3468.300 5110.894
3429.979 5493.269
4043.382 5354.805
3980.741 5486.546
3833.352 5133.077
3682.343 5439.119
3876.216 5526.027
3474.915 5629.980
4076.563 6173.147
3743.785 5282.875
3826.628 5935.160
4290.285 5713.590
3903.446 5211.007
4085.839 5812.826
3397.381 5366.181
3767.102 5807.456
4380.065 5691.839
3537.651 6067.523
3665.227 5205.617
3372.302 5734.176
3627.695 5629.306
3883.470 6042.327
3738.419 6026.546
3258.216 5322.859
4385.939 5618.362
4195.238 5924.842
4086.469 5887.821
4190.387 5634.072
4297.156 5528.854
3985.771 6168.287
3578.837 6024.329
4000.112 5944.083
3985.643 6005.156
3922.340 5435.094
3847.585 5454.763
3381.829 6129.471
3498.686 5805.131
4027.296 5781.489
3559.010 5850.953
3586.809 5864.888
3840.193 6130.811
4122.144 5892.226
3543.008 6029.915
3985.205 5230.430
3406.543 5134.418
3926.929 5995.838
3699.667 5114.519
3972.937 5745.084
3844.453 5456.203
3395.380 5263.929
3367.586 5433.746
3936.992 6068.271
3265.743 5797.857
3297.187 6229.920
4377.192 5581.693
4182.553 5533.515
3260.651 6064.027
4097.425 5323.501
3279.194 5892.229
4331.362 5164.742
4127.521 5267.750
3966.650 5349.647
3554.278 5457.347
4155.378 5154.960
3770.649 6211.304
4099.883 6053.282
4017.002 6042.072
4353.777 5638.952
4307.401 6182.053
3334.427 5791.992
3378.938 5895.326
3307.825 5497.059
3841.547 5763.909
3471.309 5904.274
3799.472 5393.632
3373.005 5147.397
3352.678 5724.121
3910.631 6042.256
3862.562 5892.851
4081.050 5328.724
3866.598 5531.307
3966.510 5641.347
4115.199 5925.876
3403.702 6211.040
3649.227 5445.041
3253.206 5865.145
3760.739 5273.845
3498.958 5662.526
3726.455 5461.548
3326.113 5892.199
3691.452 5116.937
3863.999 5393.410
4371.925 5493.451
3674.459 5124.864
4148.343 5646.285
4334.880 5926.471
3893.019 6218.850
4198.175 5944.807
3491.824 5351.094
4060.914 5200.256
3301.342 5713.510
3717.744 5189.985
4338.253 6139.281
4077.279 6167.809
4205.862 5864.328
3579.152 5484.010
4150.273 5190.432
3755.092 5889.015
4039.116 5129.922
3950.368 5240.359
3941.399 5979.347
3407.372 5105.786
3843.587 5716.327
3270.139 5696.872
4106.343 5686.952
4196.788 5843.070
3262.017 5385.738
3574.873 5439.977
3734.014 5165.846
3686.532 5263.096
4308.558 5926.274
3420.803 5298.509
3843.593 6028.747
3476.140 5752.162
4334.518 5907.445
3559.388 6235.639
3747.474 6008.970
3548.267 5547.632
3764.946 5672.457
4016.154 5568.748
4216.516 5216.179
3782.413 5130.049
4346.757 5178.336
4030.719 5521.502
3370.897 5658.588
4078.724 6098.958
4214.550 6081.775
3350.430 5292.712
4368.944 6014.624
4237.767 5789.395
4125.030 5404.125
3287.653 5651.396
3530.316 5658.250
4214.814 5239.466
3281.030 5463.243
3447.595 5446.443
3265.847 5598.820
3616.575 6227.326
4307.580 5533.007
4217.509 5517.024
4186.915 5673.197
3740.591 5113.708
3523.548 5355.797
3331.126 5526.173
3250.879 5732.082
4259.853 5597.918
3671.349 5586.146
4138.893 5209.169
3931.864 5806.358
4250.241 5502.866
4336.450 6227.774
3341.952 6135.406
3894.359 5974.103
4212.458 6142.744
4190.689 5150.653
3259.221 5327.951
4310.623 5335.236
4311.083 6146.660
3802.012 6052.410
4252.131 5510.635
4220.718 5275.078
4152.512 5474.329
3910.295 5203.304
4316.547 5833.085
3750.353 5226.273
3385.248 5262.252
3730.910 5719.834
4311.760 5384.597
3502.988 6223.218
3794.375 5277.783
3410.352 5792.771
3477.380 5254.264
3419.873 5423.818
3471.208 5165.082
4258.466 5353.246
4140.183 5690.556
3962.779 6231.632
4202.916 5793.863
3721.852 6211.193
4306.645 5818.543
3546.339 5391.795
4145.326 5760.616
4336.409 5222.744
3724.057 6145.315
3683.261 5683.718
3632.371 5244.872
4311.764 6155.711
3442.557 5357.727
3784.964 5646.888
3533.526 6051.469
3552.522 5179.830
3888.581 5158.968
4050.944 5533.819
4055.631 5415.095
3449.110 5505.725
4377.070 5819.912
3362.612 5642.247
3496.147 5102.128
3508.131 6033.057
3348.165 6185.183
4270.118 5138.737
3981.224 5141.362
4318.358 5338.705
3334.439 5492.997
3887.993 6107.288
4009.330 5320.480
3849.190 5855.226
3642.141 5389.959
4076.247 5764.246
3615.455 5728.170
3471.104 5962.438
3771.725 5780.300
3676.061 5888.916
4285.692 5537.106
4255.889 5569.389
3550.936 5376.048
4366.162 5915.920
3873.779 5627.232
3866.717 5497.835
3423.181 5908.731
3906.524 5679.297
3358.409 5307.254
4254.348 5529.064
3329.502 5455.071
3471.834 5940.736
4074.859 5922.201
3455.170 5818.158
4139.316 5361.789
4086.811 6020.446
3765.406 5429.834
3446.279 6165.115
3956.943 5233.279
4243.548 5321.679
4345.545 5151.168
4141.731 5500.163
3872.979 5186.406
3749.899 5970.017
3893.585 6130.198
3936.379 5170.432
3603.972 5631.104
4103.430 5242.310
4166.187 5359.586
3919.025 5609.217
4317.700 5809.967
3817.568 5514.120
3839.410 5371.876
3833.093 5595.818
3847.021 5659.193
4365.451 5489.643
3404.292 5850.493
3808.487 5108.275
3483.722 6175.494
4229.547 5745.901
3810.683 5712.833
3754.281 6008.654
4374.399 5936.029
3337.533 5855.511
3252.048 5686.230
3555.747 6222.967
3746.288 5116.087
4202.525 5697.245
4196.714 5550.394
4141.104 5570.900
3346.426 6067.648
3889.945 6046.818
4254.846 5326.684
3682.314 5972.758
3870.512 5691.626
3783.913 5905.914
3926.496 5133.320
3367.386 5101.896
3361.468 5236.029
3556.245 5229.372
3551.195 5333.151
4332.194 6192.290
3411.990 6026.483
4192.400 5306.914
3742.312 5235.186
3980.169 5523.614
4263.765 5391.978
3944.777 5477.731
3586.060 5911.807
3993.652 5530.005
3322.998 5889.690
3654.733 5573.189
4052.408 6234.996
4213.379 6015.259
3588.913 5682.745
3285.265 5318.034
3646.560 5787.333
3848.328 5261.671
4343.696 6161.362
4218.426 5891.473
4152.561 6184.024
4173.673 5477.474
4097.246 5434.367
4332.328 5209.222
3840.752 5202.028
4024.628 5318.360
3953.537 5539.052
4330.103 5165.701
4052.871 6232.972
3567.314 6101.909
3395.659 6111.648
4294.234 5303.090
3292.797 5666.351
3566.004 5652.997
4150.918 6208.578
3721.353 6130.391
4218.971 5935.630
3751.844 5747.527
4372.316 5309.825
3436.422 6151.376
3971.439 5206.973
3364.808 5544.288
3692.610 5960.996
3608.602 6189.300
3306.461 5792.672
3605.539 6168.229
3584.365 5382.008
4369.326 5687.653
4291.916 5917.576
3372.649 5334.658
3978.768 6147.176
3414.725 6189.439
3559.504 5202.509
3955.606 5611.771
3430.366 5771.431
3345.101 5794.725
3922.199 5508.334
3925.851 5323.607
3913.878 5815.146
3742.868 5934.768
3956.310 5722.032
4209.152 5843.502
3316.186 5495.377
3434.432 5407.883
3788.963 5469.237
3708.552 5783.179
3743.342 5125.948
3670.135 5365.821
3259.232 6038.533
4131.768 5448.499
4310.391 5428.130
3578.570 5828.724
4025.980 5831.690
3320.916 5121.831
3784.573 5742.618
3643.048 5849.590
3440.672 5124.308
3579.316 5856.165
3974.011 5875.375
4240.234 5502.472
3484.602 6160.339
3413.725 5361.779
4077.556 5719.473
4074.137 6013.090
4264.655 5979.130
3987.056 5381.870
3350.206 5985.241
3270.757 5120.358
3665.435 6140.584
3324.474 6231.694
3590.970 6108.864
4085.815 5329.405
3694.030 5338.987
4176.679 5855.561
3626.684 5734.277
3616.444 5657.095
3385.799 5840.232
3464.525 6067.846
4327.973 5191.877
3959.018 5186.829
3712.171 5384.369
3648.364 6120.296
3506.361 5587.564
3833.348 5853.803
4100.919 5481.142
3977.739 5741.549
3617.599 5233.736
3440.441 5490.035
4379.805 5284.528
3784.047 6057.100
3552.603 5408.683
3314.293 5474.265
3332.379 5811.990
4204.677 5874.381
4331.116 5641.522
3582.516 6162.165
4242.137 5226.172
3971.157 5804.441
3718.480 6139.773
3358.315 5685.114
4277.916 5441.464
4275.320 5250.822
3537.032 5893.954
3714.937 5507.989
3807.975 6087.597
3460.286 5827.978
3500.212 5126.000
3648.642 5891.021
3928.690 5898.739
3631.199 6102.010
4346.932 5183.830
4231.761 5120.580
3311.810 6115.033
3938.938 5954.419
4270.187 5249.637
4367.947 5152.717
4344.455 5214.492
3660.226 6019.475
3917.839 5192.013
3475.447 6139.834
4067.979 5321.213
3633.997 5685.846
4358.721 6038.858
3770.593 6065.599
4089.524 5507.596
3886.023 5834.739
3550.232 5295.376
4084.132 5106.232
3285.884 6085.956
4369.133 5437.199
3520.762 6183.549
3430.720 5774.219
3505.225 6199.610
3727.495 5655.111
3703.475 5668.883
3626.232 5674.768
4052.014 5764.582
4224.471 6133.907
4038.450 5600.355
4004.522 5484.749
3381.040 6182.501
4191.236 6107.286
3421.299 5697.280
4047.141 5962.131
3488.733 5152.540
3966.419 6021.991
3898.934 5528.501
4328.345 5740.604
4116.585 5242.397
4080.435 6233.198
3581.615 5296.352
3771.671 5944.395
3781.253 5409.972
4154.557 5624.241
3520.101 5970.723
4312.325 5119.138
3906.245 5503.606
3618.579 5827.327
4383.879 5540.275
4219.212 5379.424
3697.888 5930.660
3468.271 5931.574
3544.183 6037.643
3391.995 5354.309
3673.478 6040.734
4174.263 5773.427
4328.213 5287.350
3849.334 6007.401
4092.982 5869.439
3554.553 5994.629
4212.135 5843.508
3428.493 5214.283
3616.338 6020.981
4237.899 5870.196
4230.129 5395.958
3364.188 6147.028
3794.680 5645.674
3843.873 5781.604
4326.070 5898.259
3799.225 5157.682
3594.241 5247.083
4192.998 5419.928
4040.942 5827.479
4330.596 5888.613
3310.348 6076.749
3469.132 5791.844
4128.256 5684.025
3927.193 5692.286
3407.094 5339.660
4081.781 5640.453
3487.510 6089.893
3829.657 5481.435
4165.648 5768.552
3960.889 5558.754
4134.007 6216.032
4327.437 5402.523
4148.495 5857.183
3620.318 5935.626
4117.006 5995.937
3469.114 5990.379
3904.372 5441.731
3435.626 5296.151
3847.742 5935.116
3703.448 6065.130
3324.281 5418.660
3998.715 5234.873
3643.300 5110.755
3646.328 5435.274
3338.571 5483.172
3879.418 5919.019
4335.327 5130.996
3569.904 6213.953
3551.468 5654.279
3437.264 5353.130
3571.746 6019.439
4094.483 5369.583
4144.761 5634.056
4275.131 5410.966
3547.266 5672.019
3537.237 5813.965
3600.661 5860.307
3776.249 5859.357
4335.951 5264.619
3259.979 5412.878
3553.291 6021.093
3952.831 5121.039
3781.382 5821.912
3668.193 5336.828
3965.318 5917.522
3453.976 5418.463
3675.848 5736.921
3616.379 6058.120
3754.472 5873.342
4293.198 5708.529
3588.371 5249.662
3648.804 5977.875
3645.945 5500.578
3873.964 5238.219
3570.986 5573.550
4295.389 5867.400
4342.335 6066.222
3677.937 5536.257
4255.650 5972.156
3632.792 5449.586
3653.172 5825.307
3943.503 5585.458
3498.407 5834.585
3723.623 5734.844
3988.408 5109.081
4244.955 5179.974
3648.850 5961.637
3328.522 5971.251
3618.147 5108.607
4097.941 5244.645
3520.103 5815.985
3679.369 6211.041
3465.946 5813.599
3857.670 5709.137
3539.160 5744.183
4022.503 5577.474
3991.228 5582.766
3856.436 5537.856
3623.277 5905.548
3937.550 5827.656
4053.283 5399.230
3780.826 5795.462
4119.292 5404.786
3598.312 5378.887
3547.151 6153.332
4155.486 5585.697
3909.477 5603.635
3753.024 5506.089
3308.409 5115.395
4364.524 5565.433
3376.068 5732.118
4204.284 5846.623
3661.279 5441.216
3635.194 5243.400
3500.324 5310.312
4199.243 5660.138
3450.489 5766.200
3312.187 5301.652
3855.038 5540.656
3753.984 5498.126
3879.311 5763.615
3256.512 5784.289
3946.281 5635.692
3392.433 6057.239
3415.964 6142.960
4182.184 5377.771
3563.192 5834.889
3340.057 5182.827
3514.831 5405.540
3434.759 5554.804
3855.811 5648.212
3559.924 5865.664
3599.660 6020.380
3913.241 5778.285
3755.487 6059.111
3378.202 5729.175
3852.824 5724.141
3739.994 5976.285
4018.296 5225.448
4339.605 6061.430
3815.108 5479.288
3921.052 5116.339
3353.995 5669.707
3792.660 6062.455
3412.967 5319.111
4146.077 5686.626
4042.591 5353.325
4327.315 5286.250
4144.587 5922.751
3604.139 5665.705
4350.724 5246.296
4095.558 5631.529
3298.384 5721.687
3850.946 5675.524
3296.251 5717.889
4142.345 5678.407
3355.439 6090.710
3540.406 6039.811
4322.768 6141.893
3773.538 5407.956
3820.671 5487.929
3578.670 6116.854
3345.736 5718.000
4142.100 5643.359
4188.401 5929.437
3295.551 5201.769
3622.810 6235.095
4352.142 5312.256
3726.577 5794.961
4241.482 5712.334
4048.816 5737.438
3930.124 5574.575
4379.878 5199.155
3987.238 5767.075
3889.735 5110.944
3295.252 6032.715
3448.518 6188.219
3994.661 5405.656
3659.526 5635.760
3906.345 5508.107
4188.092 6114.389
3497.960 5256.125
3513.711 5340.380
3310.399 5869.108
3582.251 5230.504
3399.360 5571.234
3819.079 5810.773
3986.752 5186.340
3749.204 5247.060
3262.108 5974.644
3760.935 6004.529
3920.848 5307.874
3960.215 5612.239
4304.814 6192.141
3392.139 5635.526
3870.495 5328.608
4320.652 5801.702
3744.538 5849.017
3632.014 5826.632
3327.839 5840.469
3541.080 5941.241
3517.027 6137.460
3558.948 5724.501
3358.588 6105.547
3501.930 5188.779
3335.206 5766.375
4256.530 5833.892
3378.017 5415.499
3674.458 6031.008
3349.835 5219.462
3510.636 5805.448
3887.666 5388.258
3715.346 5348.996
3994.424 5452.039
4375.191 5514.421
3700.321 6028.989
3675.183 5369.725
4184.378 5594.885
3915.444 5492.980
3489.469 5370.783
3270.026 5637.541
3900.289 5865.383
3331.827 5291.597
3717.343 5576.738
3836.510 5489.060
3329.018 6190.240
3436.363 5431.758
3601.275 5331.832
3294.842 5714.483
3348.001 6084.378
4077.024 6132.033
4131.629 5876.824
3985.645 5312.692
4364.053 5792.848
3368.343 6087.311
4017.319 6188.885
3441.748 5722.215
4358.912 5528.367
3804.431 5973.926
3804.407 5166.016
3512.027 5150.046
3340.211 5671.117
3786.592 5696.985
3645.482 5118.739
4177.146 5944.910
4295.458 5855.837
4225.240 5837.870
3898.728 5601.201
4273.094 5269.017
3542.450 5903.623
3676.271 5794.313
3280.079 6094.259
3744.350 5578.896
3928.292 5283.200
4278.273 5584.212
3994.286 5327.668
3395.357 5867.490
3809.459 5408.954
3332.343 5352.314
3734.335 6141.374
3408.620 5803.854
3727.300 5825.484
4378.339 5833.091
4198.380 5365.732
4199.730 6205.728
3683.382 5720.620
3404.684 6176.741
3863.572 5592.563
4383.622 5761.348
3942.726 6221.911
4142.027 5410.084
3715.102 5140.485
4063.353 5314.029
3744.348 5552.387
4237.883 5647.889
4185.963 5420.189
4167.052 5760.558
4098.895 5117.831
3390.227 5271.111
3452.285 6110.917
3288.748 5765.844
3457.513 6180.327
4374.100 5426.714
3632.726 5679.958
3290.811 5155.593
3620.414 5709.971
3788.169 5332.772
4029.859 5730.749
4085.581 5333.536
3727.857 5622.871
4382.238 5452.032
3384.443 6204.340
3366.486 5727.741
3405.354 5629.563
4092.423 6175.365
3741.558 5448.862
4074.584 5153.483
3961.373 6047.292
4346.094 6147.434
4098.642 5828.461
3919.740 5871.832
3365.258 5743.153
3268.119 5229.086
4122.019 5561.438
4251.279 5206.775
4327.982 5227.685
4265.964 5428.376
3256.851 5871.812
3823.215 5462.927
3725.462 5503.938
4329.420 6154.612
3677.621 6063.939
3847.749 5339.754
3544.902 5698.608
3568.299 5717.883
3663.819 5243.050
3615.878 5864.001
3449.149 5498.044
4119.972 5919.509
3552.755 5827.323
3734.643 6199.536
3515.172 5790.602
3518.157 5728.309
3973.989 5761.312
4236.611 6164.301
3989.838 5990.851
3310.221 5690.977
3328.870 6199.956
4377.767 6019.037
4372.073 5122.070
4127.658 6008.284
4222.355 5736.234
3579.313 5646.724
3271.951 5239.685
3912.754 5151.745
4000.535 5890.852
3579.119 5518.867
4334.624 5274.824
3549.416 6147.985
4099.368 5430.530
3502.011 5412.127
3847.321 5908.525
4085.833 5725.004
3609.028 6144.128
4238.043 5820.498
4221.187 6170.758
3653.210 5387.469
4339.653 5282.889
4078.557 5847.478
3889.141 6124.405
3701.435 6142.487
3700.045 5157.333
4209.107 5794.634
3726.070 6171.754
4286.661 5738.835
4172.701 5273.203
3608.770 6186.922
4371.549 5790.928
3420.530 5663.430
3963.407 6217.589
4054.689 6116.039
3578.199 6034.126
4312.667 5102.468
3272.028 5746.843
4230.344 5167.433
3755.019 5414.368
3757.892 5910.650
3761.466 5273.423
4201.758 5603.898
4309.390 5631.165
4274.466 5871.271
3614.872 5175.938
3843.695 5794.634
4135.623 5933.975
3874.637 5986.970
3701.267 5301.346
3509.362 5530.480
4031.685 5924.933
3484.166 5988.448
3831.250 6105.890
3688.016 5939.319
3856.785 6030.083
3419.954 5490.370
3261.768 5431.430
4124.294 5422.479
3479.709 5959.193
3973.720 5820.335
3768.526 5418.990
3572.247 6110.545
3691.831 5544.020
4083.067 6125.681
4299.981 5305.622
3542.060 5901.255
3481.750 5884.309
3812.134 5873.803
3954.046 5574.611
4057.549 5289.987
3327.944 5354.257
3656.482 5574.268
3967.682 5367.586
3621.898 6084.430
3725.916 6230.654
4336.859 5629.740
3876.072 5643.775
3964.183 6200.201
3401.655 6096.715
4050.584 5741.170
4104.271 5381.463
3964.862 5787.773
3656.729 5531.499
3426.739 6129.923
4012.845 5417.353
3660.487 6218.502
4347.574 5869.918
4045.952 6085.085
3786.867 5955.728
3949.036 5566.197
3474.209 5337.161
4072.063 5843.787
4379.701 5601.386
3519.180 5987.411
4007.233 6151.566
3512.505 5640.665
3554.400 5955.388
3571.286 5995.560
3731.254 6095.568
3407.627 5263.090
3435.082 5311.765
4208.188 6226.290
4073.618 5790.720
4330.892 5895.815
3391.941 5736.592
4285.989 6158.849
3370.231 5120.701
4314.019 5848.566
4244.719 5674.150
3760.507 5421.849
4177.062 5130.159
3306.978 6039.070
3989.153 6067.636
4061.133 5997.736
4329.476 5398.837
3753.734 5399.108
3359.833 5844.479
3666.987 5468.925
3574.060 5967.597
4221.856 5207.851
4310.917 5149.436
4264.500 5200.722
3652.838 5957.409
3604.873 5876.165
4381.368 6165.810
4202.997 5536.950
4084.122 5761.000
3595.333 6177.111
3259.234 5514.734
4002.243 5819.473
3774.557 5439.696
4232.213 5799.373
3519.538 5496.442
4072.691 5846.555
3890.915 5885.169
3733.885 5323.786
4370.912 5374.611
3875.339 5615.770
3256.012 5402.261
3941.546 5335.833
4021.437 5197.768
4322.467 5795.056
3336.891 6152.738
3332.513 5724.526
3640.424 5177.027
4099.522 5200.703
4210.126 6110.776
4067.159 5214.232
3520.022 5700.302
4311.757 5316.409
4187.544 6199.612
3515.087 5520.513
3764.279 5869.830
4065.712 5749.497
4159.384 5508.588
4362.021 6117.618
4067.099 6092.723
3310.686 5280.885
4160.530 5825.071
3515.748 6227.420
3749.891 5908.234
3927.185 5238.784
4278.569 6077.949
4082.525 6157.311
4314.830 6190.915
4155.690 6028.310
3754.510 5988.835
3798.177 5422.437
3287.315 5507.242
4152.319 5438.635
3590.010 5944.440
3308.702 6195.961
4070.101 5238.124
4268.272 5641.616
3756.069 5113.657
3799.834 5585.217
4131.424 5589.426
3557.935 5607.670
3890.539 5561.081
4191.483 5969.112
3282.328 5586.170
3254.004 5350.851
4328.547 6067.544
3603.037 5719.906
3263.190 6089.870
3374.709 5674.819
3334.858 6130.197
3364.953 5991.763
4339.108 5262.854
3705.566 5845.891
3568.585 5110.751
4380.944 5208.451
3339.915 5902.866
4278.039 5681.663
3275.923 5944.637
3895.453 5901.572
3399.594 6079.261
4170.514 6049.212
4168.496 5408.148
3622.920 5930.699
4347.919 5669.161
3965.253 5597.687
3276.732 5315.963
3366.891 5548.831
4167.334 5970.328
4051.964 5583.218
3591.294 5215.479
3623.704 5836.134
3889.470 5694.101
3888.072 5144.997
3273.607 5993.846
4151.758 5485.313
3616.018 5653.256
3271.707 5964.828
3568.097 5905.563
4063.060 6170.074
3374.345 6230.751
4231.749 5332.293
3358.432 5397.620
3964.249 5123.261
3722.158 6084.470
3798.052 5923.388
4217.303 5413.910
3335.188 5464.714
3538.400 5397.493
4176.894 6166.549
3395.717 5905.444
3390.662 5877.541
3259.039 5959.993
4342.655 5869.374
4185.697 5277.045
4207.746 5378.939
3346.288 5334.595
3523.161 5545.512
3966.186 6180.090
4037.520 5339.911
3431.213 5462.042
4084.033 5909.132
3619.253 5697.569
3482.949 5701.026
3929.313 5955.800
3945.834 5781.559
3330.025 6111.330
3933.661 5931.793
3288.309 5621.236
3432.410 5836.094
3458.460 5806.681
3459.415 6088.748
3396.538 6022.672
3770.530 5222.038
3357.336 5938.633
3347.804 5689.917
4056.696 5507.559
4113.320 5172.478
3371.624 5617.301
3266.058 6146.619
3668.000 5579.286
3580.478 5203.722
3274.316 5647.484
3897.995 5221.693
3572.089 5675.079
3826.555 5896.467
3318.026 5466.671
4221.510 5964.959
3607.231 5622.125
3831.838 5458.011
3543.147 5492.057
3606.362 5110.661
3689.803 5503.579
3998.814 5750.957
3382.229 5480.764
4321.060 5231.987
4036.988 6128.938
3489.844 5853.311
4327.591 5133.192
3252.910 5739.162
4225.837 5587.246
4049.454 5123.722
3338.223 5159.041
4133.535 5125.073
4041.553 5308.642
3743.042 5663.016
3501.430 5618.875
3740.897 5811.222
4364.553 6144.066
3991.003 5322.960
3517.478 5931.851
3514.383 5813.356
3807.170 5137.968
3903.349 5184.568
3740.840 6117.277
3510.807 6108.280
4221.693 5334.173
4205.482 5570.920
3944.290 5773.457
3327.488 5562.896
4023.820 5195.918
3253.764 6080.470
3640.284 5860.405
3885.253 5684.691
3862.235 5810.462
4149.635 5123.775
3569.038 5781.180
4380.289 5153.510
3598.407 6067.867
3493.654 6109.738
3290.533 5806.994
3938.806 5670.545
3703.306 6124.390
3306.635 5576.841
3520.076 5796.476
3736.059 5750.247
4315.008 5626.297
4234.882 5312.553
3723.335 6135.441
3727.727 5359.326
3956.538 5665.175
3291.173 5743.683
4245.381 6074.796
3344.521 5413.795
3980.929 5129.645
4252.654 5282.072
3992.157 5431.924
3804.097 6111.523
4328.144 5551.467
3943.055 5371.453
3358.549 6113.041
4003.537 5556.963
3477.401 5891.989
3986.165 6085.256
3460.498 5871.885
3789.030 5308.362
3639.863 6056.418
3653.093 5557.542
4265.340 5590.251
4315.141 5700.122
3251.919 5724.736
4191.201 5132.581
4041.984 5364.563
3981.521 5669.910
3575.470 6006.172
3734.862 5372.322
3955.784 5888.273
3427.707 5693.863
3683.585 5548.036
3334.385 5530.507
3733.482 5618.832
4384.355 5997.590
4334.269 5990.442
4109.154 5356.986
3936.121 5198.363
4197.762 5748.804
4174.277 5271.397
3692.506 5185.419
3494.193 6118.502
4133.374 5629.408
3313.372 6184.745
3610.918 5377.195
4141.316 5274.581
3353.213 5659.571
3886.393 5709.793
3251.537 5538.955
3928.421 5106.429
3612.711 5803.907
4289.394 5861.782
3663.183 5704.576
3794.400 5517.577
3518.327 5405.160
3596.027 5344.584
3496.462 5672.150
3488.775 6026.105
4286.044 5771.284
3338.348 5327.820
4047.743 5613.127
4352.715 5186.894
3893.104 5747.402
4248.862 5535.288
4041.564 6125.046
3377.378 5315.857
3561.629 6144.258
3571.973 5273.013
3387.656 6051.286
3508.436 5819.719
4379.130 6086.163
3478.240 5160.737
3519.812 6075.134
3468.529 5492.565
3282.482 5275.820
3740.832 5775.209
3434.903 5580.549
4246.492 5559.704
3707.236 5832.396
4101.275 5567.379
3379.555 6173.899
3502.726 5363.487
3897.620 5839.184
4027.384 5210.237
4272.163 5504.860
3740.857 6036.978
4351.035 5123.997
3984.266 5726.396
3288.111 5909.584
3685.933 5997.825
3835.021 5984.629
3380.360 5182.691
4349.924 5941.060
3484.213 6169.862
3759.930 6210.937
4352.300 5931.516
3853.954 5730.384
3606.156 5640.666
4031.435 5108.507
3764.121 5516.409
3323.659 5861.978
3752.228 5746.339
4268.853 5413.751
3756.911 5242.756
3762.472 5556.911
4315.622 5870.874
3668.756 5428.134
3830.742 5742.584
3672.815 5960.770
3782.790 5151.828
3797.517 5607.729
4252.436 5701.463
3297.809 5384.299
4193.647 5584.497
3694.808 6147.088
3477.073 5506.882
4141.757 5298.167
4065.445 6085.103
3731.318 5746.813
4067.167 5750.304
4247.047 5719.224
3390.417 5483.645
3870.220 6010.672
3816.678 5370.802
3514.282 5208.206
3360.447 5970.062
4241.422 6192.076
4348.642 5982.350
3731.828 5188.504
4315.925 5482.449
3551.117 5863.083
3429.468 5631.198
3314.956 5650.548
4217.651 5444.805
3795.694 5677.734
3861.213 6129.743
3551.956 5937.943
3339.663 5393.155
3894.268 5388.189
3385.551 5643.120
3946.206 5986.179
3632.100 6174.599
4284.301 5863.104
4016.647 5336.655
4081.649 5217.085
4048.534 5411.196
3687.578 5524.503
3435.108 5714.504
4107.011 5537.004
3610.583 5612.893
4144.029 5581.842
4373.677 5102.855
3696.930 5761.100
4092.271 5202.290
3301.271 5514.727
3430.600 5713.330
4154.553 6154.148
3704.016 5743.254
3857.405 6002.026
3370.062 5554.109
3312.085 6142.190
3332.438 5467.721
3466.096 5177.491
4385.688 5510.607
4024.642 5852.812
3295.924 5667.470
3723.345 5899.446
3557.805 5917.294
4232.842 5456.134
3846.355 5664.786
4201.180 6132.686
3688.227 6070.986
4315.913 5563.995
3621.123 5179.612
3789.458 5329.010
4313.820 5496.355
3715.677 5964.919
3546.292 5815.488
3783.985 5580.873
3575.730 5629.353
3448.105 5795.258
3829.182 5413.330
3549.614 5445.748
3444.290 6087.598
3346.688 5722.929
3408.403 6016.796
3880.506 5110.687
4256.798 5885.943
3737.022 5293.385
4012.567 5122.974
4057.089 5701.284
3425.484 5631.330
4039.254 6173.127
3778.108 6103.132
3313.244 5182.080
3361.275 5450.329
4026.092 5553.378
4083.813 5496.497
3786.411 5116.491
3520.569 5736.576
3862.226 6125.941
4383.718 5883.870
3437.325 5741.266
4258.045 5359.267
3758.030 5470.333
3848.057 5561.031
3472.015 5361.762
3730.651 5423.654
3652.769 5529.077
3371.067 5221.213
3800.821 6065.763
3876.732 5286.774
3702.002 5235.575
3835.317 6090.873
3941.520 6217.817
4059.557 5767.136
3299.892 5657.246
4206.578 6178.345
3470.082 5360.212
4147.259 5559.622
3769.423 6115.086
3833.450 6050.102
3754.978 5626.731
3604.291 6121.280
3603.678 5945.915
4188.101 6170.052
3646.621 5945.710
4043.464 5196.897
4111.765 5931.539
4375.334 5382.342
3647.664 5642.234
3891.150 5885.329
4085.792 5929.767
3549.932 5354.022
3755.524 6205.717
3589.480 5599.279
4117.322 5889.672
3580.597 5223.786
3857.227 5141.164
3745.817 6207.288
3581.896 5657.253
3698.680 5819.461
4338.951 5778.718
3499.640 5501.731
3504.593 5241.511
3728.141 5520.779
3682.212 5312.527
3912.969 6133.216
3707.665 5671.333
3867.480 6210.795
3683.319 5985.176
3384.340 6118.750
4178.742 6102.953
4034.363 5345.797
4075.549 5677.406
3469.888 6056.308
3760.690 5788.517
4179.336 5991.473
4064.171 5133.388
3310.754 6193.197
3622.545 5261.496
3883.960 5399.949
3333.174 5127.890
3628.623 5219.845
3895.213 5607.697
4016.283 5598.966
3752.820 5684.782
4340.894 6229.621
3815.500 5584.810
4090.147 5911.255
3509.615 5778.617
4044.816 6083.938
4070.572 5741.337
3615.907 5960.911
3269.572 5386.458
3677.918 5268.509
3712.867 5127.127
3652.867 5647.104
3767.839 5705.654
3770.983 5909.528
4018.728 6127.554
3418.567 5265.595
3301.785 5205.526
3965.466 6223.676
3548.547 5279.137
4311.327 5525.397
4010.427 5765.381
3264.595 5700.613
3723.480 6051.235
4205.213 6234.358
4179.592 5153.541
3706.355 5787.299
3521.304 5854.850
4163.329 5103.660
3769.253 5862.672
4193.674 5882.036
4006.619 5185.627
3699.249 5456.593
4034.816 5503.576
4002.741 5123.093
3482.700 5107.148
3541.244 5349.302
3875.088 5427.956
3462.295 5178.750
3583.807 5697.185
4278.721 5263.350
4314.132 5749.047
4269.688 5350.856
3469.617 5792.822
3660.619 5349.465
3594.637 5861.800
4230.030 5758.859
4204.038 5381.086
4286.556 5270.276
3314.279 5328.309
3827.662 5148.636
3277.057 5636.176
3413.260 5701.741
3517.126 5681.650
3731.288 6080.666
3580.784 5584.979
4052.975 5437.547
3371.839 5213.637
3409.746 5180.331
4272.968 5571.641
3374.451 5378.265
4330.964 5811.691
4057.998 5780.936
3471.057 6111.849
3822.657 5510.960
3842.799 5430.783
4369.390 5485.442
4369.086 6226.966
4319.396 5802.028
3367.907 5197.388
4379.149 5399.537
3543.337 5902.113
3942.718 5788.701
3354.589 6028.503
3510.938 5407.289
4000.651 5259.197
3412.640 5214.847
4201.387 5273.430
3511.837 5537.810
3484.296 5615.518
4155.731 5434.521
3883.097 5600.443
4052.359 5754.247
4257.191 6074.172
3448.503 5241.687
3462.518 5632.551
3817.189 5327.609
3308.266 5550.378
4074.670 5147.441
3985.967 5857.560
3280.781 5512.901
3288.617 6210.765
3591.584 5537.288
3609.484 6222.278
3860.166 5120.956
4105.197 5187.594
3512.282 6062.978
4265.737 5143.147
3446.750 6205.038
4067.461 5841.129
3599.835 5555.739
4362.341 5282.660
3616.495 5625.150
4163.629 5873.347
3971.982 5649.341
3462.162 5954.579
3353.279 5765.509
3672.986 5767.679
4172.954 6062.965
4289.399 5755.990
4191.500 5663.006
3422.899 5476.663
4360.024 5355.707
4042.308 5403.749
3715.930 5118.548
3946.837 6146.143
4106.986 5856.540
3799.921 5242.596
3372.468 5197.570
3727.953 5631.355
3494.529 5198.143
4273.223 6064.101
4210.199 6097.212
4053.808 5975.614
4051.554 5595.039
3843.601 5227.491
3938.973 5295.538
4104.866 5252.477
4218.789 6217.658
3406.094 6078.348
4383.770 6018.304
3946.983 5526.655
3586.441 5420.686
3428.741 5215.411
4248.176 5491.390
4278.064 5261.221
4078.126 6223.766
3361.086 5493.831
4111.819 5710.423
3263.677 5529.037
3657.332 5461.648
4203.608 6188.125
3720.711 5372.385
3833.961 5464.537
3340.814 5974.528
4040.383 6146.495
3318.364 6027.850
3710.218 5441.683
4212.743 5161.275
3908.134 6020.616
3431.098 5863.365
3958.862 5592.157
4378.926 6061.118
4074.483 5218.994
3355.313 6139.580
4215.747 6132.365
3298.632 5789.287
4023.432 6174.645
4235.156 6145.523
3833.433 5529.476
3706.843 5661.480
3992.221 5573.460
3557.943 5870.250
3492.100 5820.772
3405.345 6070.768
4193.073 5465.639
3273.627 5896.475
4083.417 5642.987
3333.437 5721.741
4364.548 5377.099
3320.415 6087.208
3662.663 5451.245
4220.718 5986.410
3403.782 5937.845
3555.964 6001.357
4292.980 5214.889
4235.369 5400.492
3572.980 5796.290
3999.392 5104.568
4354.955 5852.466
3474.458 5204.789
4141.782 5441.971
3415.601 5837.308
3854.453 6217.632
3413.071 6127.178
3847.009 5466.813
3288.990 5902.690
4061.597 5404.474
3319.480 5350.009
3631.301 5151.338
3939.290 5332.799
3343.822 5701.481
3352.292 5227.862
4287.294 5289.236
3459.245 5220.265
4293.074 5735.857
3884.163 5923.635
3734.846 5323.595
3631.829 5835.383
3283.646 5948.132
4122.498 6130.877
3660.339 5799.477
3324.432 5324.336
3380.734 5500.050
3323.688 6002.028
4062.333 6097.429
3307.630 5720.957
4046.547 5901.830
3520.037 5746.099
4083.949 6189.904
3614.846 5746.534
4104.553 5771.307
4268.244 6124.914
4285.241 5801.372
3573.912 5535.025
3811.062 6220.203
3826.622 5470.644
3279.070 5771.755
4081.940 5986.649
3607.199 5409.900
3948.711 6032.905
3405.170 5347.671
4132.798 5346.812
3399.142 5404.792
4067.444 5958.802
3427.163 5791.698
3718.739 5445.711
3542.275 5156.546
3835.110 5100.429
3764.493 5180.294
3745.219 5839.325
4131.114 5655.760
4323.271 5938.513
3732.941 5903.658
4197.101 5316.631
3291.444 5798.679
3983.167 5313.383
4068.778 5226.609
4147.586 5908.237
3798.249 5492.542
4159.640 5680.046
3832.028 6080.676
4175.964 5184.697
3699.565 6150.563
3552.964 5515.529
4159.502 5705.945
4297.774 5527.309
3863.421 5229.471
3548.796 5375.293
4307.294 5558.896
3374.328 5239.143
3696.069 5141.432
4115.108 5122.887
3629.984 6059.951
4139.756 5779.852
3760.129 5876.324
3883.349 5463.043
3731.276 5613.775
4291.207 5418.004
4328.864 5628.366
3540.070 6164.096
4240.496 6134.904
3726.802 6157.657
4187.573 5745.303
4113.596 5602.900
3803.255 5788.859
4177.347 5167.784
3752.858 5555.880
3321.243 5761.038
3299.875 5829.577
3479.408 6191.644
3457.339 5481.795
3775.662 5760.959
4263.919 5500.570
3758.887 5758.547
3785.457 5630.484
4375.660 6166.493
3802.335 6207.164
4357.946 5741.893
4332.728 5503.770
3683.373 5718.761
3959.366 5284.011
3303.453 5201.673
3849.638 5490.729
3943.978 5923.792
4257.287 6155.121
3948.552 5795.114
4386.717 5756.574
3622.139 5441.355
3667.124 5598.186
3600.920 6157.036
3768.188 5289.294
3616.663 5489.466
4190.407 6157.652
3605.469 6225.722
4247.653 6076.038
3666.076 6038.717
3530.010 5918.186
3906.798 5800.027
4029.625 6230.645
3252.611 5792.625
3354.183 5910.011
3299.695 5898.806
4339.097 5653.991
3940.298 5721.168
4078.420 6187.159
4183.969 5677.081
4319.749 5327.904
3683.625 5110.371
4121.896 5735.368
3873.710 5342.072
4112.412 6094.951
4225.055 6172.322
3534.535 5956.890
4117.002 5183.547
3321.755 5260.392
3621.066 6008.882
3922.785 5735.008
3336.726 5629.660
3881.442 5236.493
3400.818 5754.365
3460.958 6061.382
4342.895 5987.222
3872.162 6139.495
3366.095 5175.656
3502.759 5934.901
4253.391 5103.315
3401.112 5643.037
3776.622 5718.019
3708.472 5459.759
4207.636 5104.823
3386.476 5445.437
3509.290 5244.949
4117.507 5258.097
3599.395 6154.294
3393.576 5232.646
3977.488 5147.641
4238.227 5596.585
4379.020 6094.452
3662.671 6036.654
3452.052 5741.859
3930.233 5302.936
4178.366 5249.970
4094.350 6139.805
3290.720 5691.212
4216.450 5643.855
4068.245 5668.961
3577.295 5751.256
4274.777 5559.288
3688.888 5423.532
3386.886 5516.316
4275.895 5193.421
4030.602 5230.526
3331.714 5343.631
3527.151 5109.174
3793.553 5493.460
3286.865 6127.732
3318.583 6168.614
3268.883 5396.391
3306.818 6130.458
4225.396 5501.552
3569.409 5478.754
3949.345 5366.732
4131.183 5861.464
3734.368 6232.625
4076.661 5613.940
3857.832 5612.306
3260.766 5967.463
4255.946 5399.097
3321.734 6155.321
3931.115 5115.479
3580.748 6163.646
4046.922 6098.735
4383.117 5167.145
3965.784 5914.703
3440.554 5674.493
3512.998 5967.445
3819.019 6186.500
4299.091 5812.797
3550.407 6141.566
3969.984 5803.161
3741.656 5811.425
4171.502 5977.900
3965.685 5795.796
3595.151 6027.503
3614.104 5932.029
4132.230 5413.654
4172.492 5388.561
4272.776 6147.551
3565.809 5811.388
4147.936 5137.411
3949.937 6028.109
3753.859 6189.820
4274.651 5580.517
4106.005 5779.113
3978.867 5530.038
4082.617 5909.126
4365.444 6033.675
3388.406 5595.817
3800.203 6135.804
4195.076 5275.189
3501.017 5547.442
3314.858 5556.731
3815.287 5214.002
3741.677 5298.801
4340.303 5188.504
4251.963 5784.526
3894.265 5894.811
3914.860 5836.222
4209.100 5120.704
4203.657 5528.783
3389.660 6123.280
4176.740 5754.464
4025.116 5127.382
4338.148 5182.887
3277.515 5399.405
3397.210 5609.073
3670.443 5827.054
3461.631 6140.567
3741.918 6205.106
3276.015 5849.915
4165.074 6062.769
4000.207 6038.239
3969.093 5124.720
3355.118 5296.251
4213.386 5321.471
3382.545 5468.420
3952.408 5673.768
3452.361 5612.103
3905.193 5913.209
3340.074 5817.571
4130.218 5348.202
3297.317 5919.800
4174.593 5923.357
4127.436 5311.373
4015.704 5358.914
3271.760 6123.291
3566.968 5749.504
3646.681 5251.274
3714.522 5612.486
4116.333 5967.006
3500.680 5969.781
4013.601 5709.775
4028.676 6039.677
3717.948 5499.331
3958.390 5228.466
4336.359 5765.848
3887.892 5921.179
3476.021 6187.506
4131.686 5657.787
3630.565 5905.370
3630.991 5363.845
3945.210 6183.889
3621.296 5859.959
3272.974 5124.384
3556.081 5187.908
4282.102 5454.035
4290.955 5910.030
3938.568 5139.359
3333.212 5236.036
3266.831 6028.254
4342.809 5223.512
4344.160 5239.888
3999.176 5567.970
3662.162 5982.953
4024.820 5797.987
4091.178 5214.933
3705.781 5950.796
4217.818 5487.622
4218.884 5259.666
3859.858 5698.674
4356.322 5885.692
3824.743 5375.210
4037.965 5148.611
3720.621 5743.126
4332.681 5816.428
3454.046 5250.662
3675.419 5385.749
3997.091 6151.236
3839.763 5354.785
4304.578 5683.460
3951.813 6231.020
3517.049 5274.881
4045.254 6222.104
3691.406 5639.130
3768.209 5587.758
3845.004 5799.743
4252.833 5128.433
3806.298 6139.921
3339.409 6119.764
3590.450 5304.407
3521.075 5850.321
4206.305 5189.184
3264.722 5165.831
4197.422 5507.051
3522.002 5281.127
3917.604 5188.715
4116.513 5821.931
4359.385 5643.114
3832.517 6073.165
3660.055 5504.151
3323.875 5594.685
4380.906 5852.116
3360.353 5824.396
3622.932 5370.130
3550.141 5550.859
3523.666 5693.008
3450.187 5881.654
3390.995 6102.859
4036.204 5858.257
4301.407 5780.494
4336.629 5410.661
3263.193 6166.833
3938.294 5642.877
4186.931 5101.669
3292.660 5829.350
4175.257 5944.922
4149.830 5205.583
4071.696 6231.923
4222.629 6086.253
3610.219 5632.255
3443.886 5518.225
4086.901 5854.867
4091.304 6081.481
4265.251 5338.971
4296.105 5718.169
4295.189 5934.439
3428.504 5665.599
3261.280 5873.708
3810.920 5153.938
3735.644 5747.076
3881.180 5538.383
4336.963 5497.470
4092.505 5211.219
3554.908 5723.095
3918.944 5922.790
4168.275 5289.753
3412.938 5400.050
3278.058 5766.054
3463.326 5148.434
3931.801 5598.764
4370.081 5215.885
4006.678 5785.852
3561.283 5349.978
3294.215 5640.576
3862.274 5185.587
4100.792 5671.293
4015.673 5676.751
4376.430 5962.220
4136.515 5514.415
3422.798 5867.401
3953.147 5738.787
4220.883 5413.919
4364.092 5518.769
3473.113 5099.470
3371.891 5224.315
3697.133 5383.627
4170.023 6008.258
4062.352 5981.017
3859.736 6091.046
3665.110 5560.598
4284.640 6220.386
3458.116 6147.050
3676.464 5781.251
3520.162 5214.968
3677.394 5777.676
3738.774 6223.774
3352.362 5572.549
3345.425 5423.772
4012.104 5469.234
4223.478 5540.613
4073.330 5424.525
4193.087 5680.250
4254.225 5968.764
4077.067 5995.773
3528.663 5671.773
3712.111 5431.730
4085.054 5993.795
4124.978 5989.221
3285.416 5866.707
4242.869 5685.496
3682.119 6210.648
3951.267 6085.312
4318.107 5572.223
3446.223 6068.295
3590.907 5876.166
3349.897 5746.600
3842.264 5693.753
3625.690 6179.552
3313.160 5183.131
4083.687 5335.848
4314.596 6063.767
3717.357 5890.302
4278.152 5881.197
3828.212 5705.383
3367.111 5230.516
3388.519 5554.909
3321.177 5158.425
4186.440 5335.078
3405.331 5444.732
4090.751 5486.448
3691.520 5581.220
3465.652 5985.682
3562.377 6022.846
3771.564 6002.930
3579.702 5952.906
3376.154 5358.972
4125.839 5480.740
3987.353 5910.874
4220.083 5939.409
3309.335 5943.072
3519.524 5233.326
3896.672 5177.818
4334.303 6225.878
4346.995 5966.418
4046.510 6195.308
4154.939 5969.686
4117.416 5262.485
3765.523 5801.675
4219.682 5239.261
3922.563 5464.779
3406.776 5801.056
3372.754 5734.616
4090.932 5746.829
4170.484 5186.984
3658.080 5422.113
4334.914 6007.107
3563.168 5849.540
4179.204 5198.895
3734.192 5737.566
4284.788 6009.513
4331.053 6213.189
3806.083 5588.596
3869.861 5383.872
3372.961 5392.436
3488.028 5240.756
4291.407 6168.469
3410.751 5410.983
3875.842 5230.078
4289.721 5456.270
4064.151 5962.986
3697.408 5358.614
3908.921 6182.198
4217.557 5288.974
3842.935 5555.314
4173.582 6015.029
4044.018 5481.236
3502.196 5816.693
4310.047 5552.350
3821.219 5300.327
3755.530 6000.799
3845.663 5395.487
3702.700 5805.772
3968.735 5747.829
3639.813 5714.062
3620.680 5734.403
3868.454 5609.974
3717.314 5234.129
3257.985 5126.227
3262.417 5914.578
4029.277 5393.490
3707.503 5481.779
4182.410 5808.932
3319.625 5545.842
3779.235 5221.720
4135.860 5883.090
3753.414 6074.510
3592.795 5483.456
4338.588 5908.396
4222.798 5617.684
3324.247 5804.489
3561.457 5880.041
4065.736 6156.603
3992.660 6185.058
4006.339 5224.691
3864.044 5529.839
4317.317 5165.971
3408.917 5390.803
3343.511 5427.162
3711.841 6199.834
3366.404 5878.964
4040.775 5723.173
4110.895 5370.142
4120.997 5575.614
3264.258 5958.463
4342.157 5269.297
3691.866 5393.294
4363.731 5985.124
3985.932 5940.559
3360.489 5410.458
4028.155 5857.760
4212.291 5672.689
3655.156 5761.164
3887.758 5703.537
3423.303 6212.690
4142.277 5413.441
3985.321 5933.695
3530.527 6083.827
3676.015 5737.350
3968.237 5614.896
4350.706 5792.144
3848.907 5324.069
3732.891 5249.548
3539.549 5459.670
3376.281 6003.113
3393.911 5201.968
4027.406 5908.557
4169.278 5372.127
4205.052 5175.664
3561.980 5506.967
3481.369 5893.554
4312.789 5807.596
4262.067 6049.060
4365.382 5756.752
3451.423 6202.938
4056.835 5508.361
4091.728 6222.261
4384.723 5574.545
4027.678 5260.001
3890.005 5211.810
4332.414 6154.918
3391.545 6044.808
3283.156 5340.347
4039.373 5795.721
3270.526 6210.060
4255.707 5443.314
4365.875 5254.890
4212.185 5321.449
4039.085 5845.902
4120.264 5409.029
3705.473 5797.776
3933.138 5773.363
3310.885 5970.961
3380.257 5657.160
3754.242 6127.400
3549.042 5839.892
3389.522 6093.448
3512.500 5370.127
3909.835 5509.317
3304.316 5806.077
3446.223 5515.504
3360.140 5436.185
4335.113 5227.153
3709.350 5311.212
4205.004 6126.340
3780.462 6002.865
3486.566 5679.961
4074.913 5676.434
4310.612 5577.386
3591.454 5338.172
4352.072 5877.897
4059.275 6193.623
3871.303 5654.427
3707.162 5140.985
3366.500 5302.371
3630.837 6179.940
3817.948 5876.558
3531.859 5881.237
3873.682 5916.813
3924.471 5732.454
4368.147 6174.829
3573.492 5301.368
4184.863 6013.402
3259.593 5372.724
3260.606 6210.310
3366.273 5820.926
3938.049 5615.427
3978.869 5462.099
3471.286 5733.497
3643.035 5468.601
3265.231 5834.714
3541.336 6119.511
3402.194 5826.833
3593.702 5662.335
3511.512 6104.004
3791.802 6204.472
4153.246 6123.367
3487.167 5592.669
3872.945 5240.854
3792.882 5494.029
4271.377 6054.342
3763.711 5633.282
3288.897 5777.899
4271.713 5128.448
3973.284 5911.493
3582.659 5506.073
3257.701 5217.291
3278.859 5338.344
4157.892 5501.113
3623.332 5137.506
4323.378 5977.407
3897.221 5169.256
3803.079 5632.901
3968.843 6210.103
3707.078 5145.837
3804.856 5890.006
3877.726 5528.220
3706.852 5707.896
3322.923 5665.080
3461.442 5632.545
3374.055 5108.904
4044.276 5754.557
3297.791 5268.402
3432.095 5942.739
3399.621 5212.427
4169.385 5970.736
3477.258 5363.111
3473.621 5318.370
4281.310 5301.905
3774.081 5560.591
3929.610 5371.791
3530.766 5456.975
4203.503 5919.099
3487.945 5800.833
3580.506 5253.908
4162.985 5677.704
3858.402 5323.145
3702.506 5581.540
4338.964 5192.501
4264.194 5394.164
3416.116 5310.926
3751.824 6154.188
4178.413 5699.767
3943.936 6136.555
3596.690 5885.685
4331.489 5887.779
3507.998 5772.688
3338.699 5808.048
3696.229 5251.138
3767.413 6137.377
3605.513 5505.118
4226.624 5584.171
4129.197 5732.730
3716.138 5787.825
3700.199 5319.509
4016.325 6022.101
3679.098 5496.628
4178.691 5642.186
3763.658 5944.733
3282.707 5173.181
4345.505 6020.142
3797.551 5952.159
3797.340 5530.810
3414.136 5701.187
4263.790 5866.921
3380.690 5420.722
3446.400 6186.707
4076.454 5372.056
3580.669 5937.963
3525.110 5301.410
3890.139 5812.740
3814.798 5208.339
4000.061 6127.857
3900.364 5910.458
4113.295 5629.936
3520.838 5406.817
4086.210 5393.135
3437.728 5762.906
3589.205 5846.490
4340.638 5915.603
3419.101 5892.609
4028.936 6083.628
3679.022 5333.871
4242.208 5846.867
4242.757 5975.352
4323.542 5552.482
4283.161 5770.238
3909.416 5859.282
3352.568 5551.600
3961.954 6159.832
3443.068 5162.065
3562.493 5650.066
3855.949 5714.630
3680.529 5652.890
3330.788 5294.725
3635.865 5968.599
3963.895 5309.800
3806.759 5214.376
4144.328 6126.604
3562.525 6227.028
3658.612 5664.518
3730.971 5565.747
3661.320 5734.780
4288.534 6184.948
3541.903 5584.274
4060.248 5969.165
3436.738 5406.836
3343.121 5932.650
3867.736 5286.841
4220.445 5629.567
4252.240 5297.038
3968.314 6080.564
4165.228 5795.263
3646.447 5431.288
3976.295 5148.888
3912.737 5264.846
3896.708 5561.014
4116.349 5394.732
3783.738 6222.710
3753.053 5898.409
3824.058 5512.175
4368.432 5513.475
3356.202 5673.343
4363.969 5319.556
4262.646 5498.458
3300.876 6059.182
3904.330 5807.710
4203.076 5998.987
3652.503 5585.780
3512.404 5953.385
4122.683 5237.923
3478.464 5467.038
3643.428 5921.326
3420.387 5356.297
3667.159 5761.934
3990.453 5217.246
3772.104 5447.348
3806.551 6123.530
4114.402 5919.640
3776.879 6043.078
4085.794 5605.140
3964.875 6214.434
3370.524 6127.322
3647.896 5482.586
3976.313 5667.255
4218.826 5734.225
3723.177 5933.375
4221.651 6020.280
3376.183 5135.329
3560.802 5862.852
4061.200 6234.526
4297.430 5207.119
3764.038 6201.333
4002.423 5477.778
3996.605 5370.186
4267.178 5238.755
3409.287 5747.017
3443.441 5574.300
4106.510 5291.698
3578.420 5339.000
3672.178 5291.595
4369.531 5244.147
3337.019 5258.404
4208.616 5500.714
3911.009 5334.982
4028.178 5992.786
4193.563 5687.382
3267.671 5334.479
3682.523 6178.991
4146.634 5844.337
4119.116 5685.076
3306.600 6168.533
3588.378 5105.051
4067.424 5793.110
4337.919 5830.243
3973.394 5836.735
3825.823 5734.178
3362.048 5452.426
3379.205 5645.277
4259.209 5619.334
3547.540 5666.697
4113.857 5752.475
4382.404 5805.872
3866.792 5655.780
3459.771 5694.439
3587.745 5721.158
4255.684 5222.420
4059.297 6203.311
3868.151 5712.836
3314.492 5325.439
3731.445 5850.253
3974.883 5945.451
3582.668 6059.804
3524.376 5669.414
3847.038 5909.801
4245.751 5937.929
4087.183 6190.784
4121.529 5120.328
3945.618 5450.714
3662.483 5372.351
3917.548 5297.986
3513.744 5210.703
4027.033 5167.998
3754.410 5298.256
3789.249 5938.323
3319.472 5848.046
3543.952 6206.111
3604.652 5480.178
3550.554 5885.001
3331.986 5488.594
3397.066 5665.036
4023.910 5895.699
4152.814 5193.679
3413.556 5355.270
4237.956 6228.087
3416.119 6217.477
4075.269 6211.790
3295.339 6069.391
3811.267 5753.850
3528.713 5314.705
4103.530 5157.238
4170.965 6216.667
3754.499 5237.858
4046.120 5470.824
3464.734 5539.570
3628.503 5468.540
3994.342 5454.266
3747.267 5521.108
3391.430 5515.397
4067.056 5650.183
3608.699 5798.921
4002.527 5135.688
3438.514 6155.512
3334.043 5905.434
4025.102 6222.264
4148.914 6039.023
3341.113 5738.531
3707.725 5676.380
3899.641 5160.487
4169.217 5856.073
4042.132 6180.494
4117.218 5853.654
4244.627 6176.472
4199.714 5465.517
3623.973 6220.144
4066.059 5271.183
4188.735 6011.044
3965.753 5768.065
3524.829 5901.309
3661.221 6180.445
3690.946 5359.378
3624.819 5198.811
3742.253 5680.249
3494.777 5904.127
3821.655 5528.176
3635.487 6020.096
4323.290 6225.171
4048.701 5252.724
4020.886 5338.543
3575.811 5108.880
3496.535 5760.644
4060.835 5253.598
4383.143 5840.474
3683.123 5925.699
3790.692 5524.052
4168.613 5511.792
3856.202 5868.644
4144.574 6107.756
4152.799 5416.607
3690.550 5664.742
3539.381 5558.384
3386.007 6225.366
4341.368 5597.755
3598.511 5348.969
4047.176 5938.173
3999.380 5544.262
4092.960 5918.379
3420.416 6202.840
3481.686 5222.091
3739.318 5740.108
3533.271 5224.645
3344.833 5299.181
3589.199 6107.826
3425.447 5844.791
3653.014 6231.453
3439.913 6187.084
4246.673 5968.018
3475.917 5862.684
3699.075 5787.625
3624.583 5939.122
3509.096 5182.333
3561.522 5773.144
3486.904 5405.042
3507.517 6046.636
3715.296 5547.807
4370.725 5899.483
4020.757 5707.751
4155.340 5994.966
3285.489 5163.555
3806.733 5274.557
4078.665 5101.784
3457.157 5483.654
3591.476 5196.822
4013.784 5491.680
3568.332 5756.744
3683.471 5669.888
3991.240 6013.132
3985.643 5448.068
3742.852 5819.261
3568.372 5104.192
3832.889 5698.039
4172.646 5968.599
3756.831 6158.956
3668.444 5949.020
3442.737 6081.358
4310.057 5589.858
3258.624 5699.491
3560.920 5510.915
3895.105 5588.187
3725.976 5742.139
3449.359 5267.356
4229.929 5122.975
4331.385 6106.467
3924.087 5113.050
3481.644 5140.490
3707.892 5122.275
4115.506 5254.012
4336.108 6225.137
3748.550 5934.923
3992.635 5303.704
3458.721 5992.792
3583.112 5854.949
4105.053 5814.312
4343.408 5684.315
4208.818 5920.615
3507.744 5126.850
3370.535 5962.690
3906.719 6014.277
3720.178 5152.988
3479.624 5784.001
3881.397 5124.026
3881.478 5819.453
3286.601 5378.705
3843.675 6124.702
3400.808 5365.176
3813.941 5110.950
4192.198 5532.436
3505.714 6098.479
3278.617 6210.198
3624.847 5481.477
3603.581 5849.023
4292.192 5344.984
3288.131 5521.693
3334.702 6103.532
3516.149 6165.873
4190.230 5322.882
3573.392 5318.327
3293.705 5200.164
3854.138 5409.650
3764.327 5908.140
3508.290 5803.204
3291.975 5245.395
3626.227 5557.333
4095.342 6199.169
4310.703 5513.920
3758.536 5703.670
3644.388 5751.254
3969.165 5377.203
4192.678 5733.480
4279.721 6047.165
3471.598 5177.208
3774.314 5573.235
3659.614 5526.401
3978.644 5657.205
3628.104 5221.450
3757.530 6141.412
3960.411 5905.685
4109.943 6051.898
4095.367 5938.585
4150.751 5345.630
4312.711 5716.705
3926.700 5308.228
3432.346 5741.865
3409.693 5963.145
4117.156 5135.849
3705.030 5733.461
4386.324 5466.592
3885.817 6074.759
3550.585 5303.815
3365.756 5805.506
3705.928 5112.242
3662.704 5516.939
3688.807 6126.212
3380.069 5146.726
4206.836 6094.850
3739.614 5721.090
3524.211 5400.917
3868.662 5672.878
3462.453 5231.195
3870.869 5279.246
4193.450 6229.192
3795.749 6165.730
3944.286 5606.601
3330.638 5423.164
3704.929 5770.087
3807.819 5143.971
4016.344 5604.106
3413.430 5246.633
4231.088 5815.682
4163.189 5539.492
3723.924 5354.348
3625.306 5463.663
3957.074 5959.405
4236.448 5805.816
3512.143 5239.637
3338.703 6108.606
3838.692 6133.767
3732.173 6164.210
4002.389 5936.626
3579.309 5170.921
3287.435 5407.804
3816.938 5442.166
3681.236 6232.587
3314.388 5711.300
4192.939 5159.644
3751.103 5367.250
4098.925 6160.167
4129.025 5557.693
3982.077 5232.314
3608.499 6050.476
4321.250 6089.356
4066.085 6202.014
3476.546 5122.764
3896.773 5599.267
3929.107 5718.007
3707.139 5858.581
3375.513 5895.411
3402.071 5354.780
3424.451 5509.713
3835.513 5863.271
3648.675 5372.243
4212.792 5992.641
4063.040 5987.298
3963.583 5944.605
4357.217 5474.109
3777.118 5246.636
3698.084 5672.735
3419.592 6048.208
3683.803 5345.788
3583.867 5930.351
3318.910 5424.763
3386.141 6219.732
3891.065 5157.943
4345.672 6080.190
3627.642 5226.513
3694.773 5171.020
3718.464 5635.652
3844.714 5207.916
3431.404 5123.325
4231.717 5518.828
3664.003 5275.695
4006.287 6107.246
3804.842 6013.291
3310.213 5648.813
4050.962 6106.428
4178.930 5716.713
3336.307 5812.787
4152.115 5832.970
4323.769 5202.324
4254.358 5665.723
3855.531 6154.171
4294.099 5896.901
4263.461 6062.672
4299.646 5593.846
3328.677 5978.212
3909.889 6159.645
3716.548 5169.855
3606.322 5455.054
3404.147 5666.442
3574.928 6018.360
4133.611 5801.789
3571.088 5271.224
3699.245 5279.996
4067.047 5773.966
3903.056 5720.870
3293.482 5421.807
3605.877 6031.168
4355.381 5877.625
3567.667 5792.148
4317.419 5110.829
4115.392 6136.833
3922.220 6170.463
3875.844 5681.263
3485.381 5637.185
3766.554 5173.267
3302.650 5367.540
3547.015 5984.043
3688.732 5883.432
3782.909 5489.699
4046.795 5624.522
4165.141 6122.836
3268.922 5665.209
3646.675 5383.885
3348.246 5359.583
3789.613 5405.856
3325.717 5204.067
4313.473 5717.772
3915.664 5277.285
3972.370 5207.899
3496.301 5220.171
3470.254 5161.130
3964.871 5679.396
3864.544 5807.184
4373.157 5684.676
4218.460 5504.166
4200.197 5450.125
3448.801 5331.053
3347.946 5199.707
3584.741 6037.127
3478.034 5930.308
3813.863 5521.400
4237.746 5138.851
4182.692 6149.615
3541.926 6194.438
4023.292 5474.378
3962.169 6058.178
4275.518 5567.234
3778.137 6038.553
3609.131 5899.269
3474.784 5357.384
4180.712 5920.993
3291.191 5249.779
3845.834 5673.891
4150.210 6008.455
4288.872 5284.811
3358.333 5934.788
3724.052 6207.796
3348.906 5494.012
3752.747 5897.947
3383.299 5644.244
3272.666 6231.664
4171.867 6190.478
3607.555 5939.704
3394.812 5777.524
4318.705 5816.474
4097.684 5678.097
4023.674 5134.832
3845.722 6029.782
3809.435 5787.362
3732.396 5319.681
3574.545 5197.527
3633.876 5241.231
3335.931 5882.994
4060.121 5233.025
4367.788 5154.979
3413.963 5741.899
3640.574 5212.364
3618.454 5891.115
3485.468 5627.554
3654.154 5575.304
3876.652 6177.879
3990.703 5925.248
4197.938 5263.687
3770.957 6173.220
4167.625 5745.038
4305.671 5536.213
4208.935 6082.055
3485.531 6048.024
3968.793 6008.876
3342.694 5663.820
3911.405 5516.294
4365.946 5997.413
3785.142 5898.546
4361.174 6107.698
4298.834 5452.707
3291.758 5451.429
3872.904 5712.166
3726.771 5425.800
3895.293 5174.842
3765.892 5788.543
3597.798 5355.397
3590.331 5804.585
4167.495 5793.887
4262.606 5789.360
3300.205 6128.732
3769.626 5953.927
4247.496 5616.846
3535.408 6156.992
3335.484 6056.173
3294.968 5557.343
4120.081 5885.643
4353.161 5460.181
3730.613 5550.261
3431.003 5133.792
3995.649 5911.263
3828.192 5369.045
3356.666 5397.605
4016.949 5839.965
3367.863 6039.081
3494.884 5190.738
3451.091 5714.803
3590.482 6022.719
3765.586 5724.151
4137.860 5914.840
3470.232 5751.189
3706.085 6211.835
3975.280 5842.239
3677.304 5959.381
4352.515 5163.562
3907.189 5963.426
3629.647 5582.333
3749.469 6174.509
3623.207 5896.202
3374.981 6121.189
4373.008 5623.177
3260.829 5692.549
4189.892 5691.661
3922.425 5664.534
3464.045 5595.906
4284.110 5279.628
3466.806 5904.545
3991.931 6224.927
3253.797 6220.549
3895.549 5148.940
3780.584 5881.734
4095.779 5126.088
4218.698 5283.972
3819.429 5399.860
3869.246 5579.460
4233.647 5854.759
4306.604 5156.784
4244.399 5464.366
4270.415 5446.986
3442.422 5187.953
3305.455 5274.398
3696.570 6049.833
3788.359 6180.337
3736.920 6184.523
3780.815 5429.511
4044.637 5514.359
3693.864 5222.563
3932.358 5567.803
4253.872 5264.880
3691.323 5615.579
4121.551 5988.423
3444.110 5355.120
3812.632 5695.820
3378.509 5526.918
3641.130 5710.931
4293.622 5431.449
3764.175 5729.082
4322.540 5371.264
3703.604 5276.702
4222.244 5712.515
4255.365 5650.376
3393.562 5117.732
3882.341 5779.887
4228.692 6116.217
3626.520 6136.605
4049.349 6229.021
3851.416 5935.142
3264.498 5641.583
4004.757 5407.906
4296.505 5190.296
3916.686 5714.560
3625.009 5632.944
3916.063 6135.114
4254.509 6126.847
3408.748 5655.541
3413.412 6193.064
3644.341 5392.021
3801.798 5278.607
3657.503 5731.882
4207.380 5936.521
3539.435 5429.786
3832.078 5613.788
3839.467 5988.445
4051.725 6145.174
4176.406 5514.363
3770.756 5868.165
3953.819 6014.586
4211.206 5760.032
4357.819 5319.480
3341.441 5141.233
4278.323 5341.356
3845.260 5711.211
4379.730 5788.795
3362.451 6195.343
3473.260 6106.742
4194.420 5465.291
4311.624 6070.695
3977.120 5998.952
4133.336 5741.490
3825.699 5664.791
3718.007 5198.735
4151.910 6124.773
3548.857 5121.238
4023.844 6141.386
4122.896 5687.856
4158.305 5263.438
3923.050 5764.676
3932.367 6084.122
3287.421 5818.652
4076.832 5599.171
4332.283 5784.076
3772.955 5734.350
4085.158 6032.606
3346.887 6103.695
3333.340 6056.656
3285.991 5124.113
3897.937 5153.291
4316.901 5694.240
3754.964 5499.955
3426.624 5617.144
4311.923 5835.758
3290.748 5131.281
3265.794 5109.903
3296.157 5511.057
4165.375 5182.122
3356.181 5302.775
3556.693 6004.347
3738.687 5436.035
3811.085 5900.968
3906.602 6084.904
3746.231 5902.831
3392.872 6125.813
3802.866 6126.337
3364.650 5259.386
4132.583 6170.090
3874.602 5750.301
4187.058 5268.843
3574.762 6038.146
4347.784 5435.959
3680.991 5305.348
4039.170 5897.364
3742.597 5750.703
3704.122 5940.140
3977.398 5179.608
4019.378 6194.021
3773.251 5974.050
3649.376 5830.998
4050.976 5198.276
4231.864 5153.402
4231.764 6128.799
4277.103 6055.717
4364.171 5563.124
4198.518 5394.040
3458.684 5242.608
3940.184 6131.430
4275.388 5220.907
3362.661 6049.602
3847.280 6182.243
3521.685 5959.865
3259.219 5745.595
3300.756 5481.643
4324.345 6022.482
3691.513 6152.338
3924.463 5193.957
3720.655 5661.499
3828.598 6167.561
4145.878 5944.943
4349.231 5916.937
4029.596 5577.910
3552.539 5216.714
3673.465 6171.801
3536.869 5225.059
3287.974 6135.775
3497.854 6051.976
4077.991 6134.677
3937.986 5390.024
3761.001 6048.022
3378.471 6176.968
3655.037 6199.246
3892.976 5614.687
4038.622 5384.569
3546.906 6182.144
3975.320 6007.628
3374.255 5286.644
3911.302 5436.312
3299.048 5688.956
3797.730 5298.102
3970.633 5639.782
3938.902 5193.630
3514.373 5621.004
3982.934 5449.761
4311.864 5656.235
4179.153 5865.609
4063.626 6039.904
3653.473 6218.342
4245.234 5196.233
3463.792 6058.467
3333.096 5896.937
3806.147 5732.563
3629.349 5320.260
3946.199 5304.970
4094.175 5746.381
4110.210 6042.132
4209.802 5385.465
3658.614 5651.935
3881.512 5262.509
4061.194 5972.102
3909.161 5286.649
3490.393 5893.681
4198.078 5459.156
3650.442 5830.420
4020.004 5873.930
4020.449 5673.183
3838.233 5844.336
3893.032 6083.024
4078.579 5930.746
4192.706 5940.421
3347.256 6012.283
3277.482 5921.159
3902.312 5524.595
4320.760 5126.012
3900.206 5757.988
4209.813 5738.653
4148.224 5946.944
3460.367 5116.787
3734.705 5490.323
4104.070 5923.653
4157.541 5639.202
3629.242 6145.865
3542.505 5966.564
3519.748 5633.811
3720.283 5992.783
3406.809 5284.581
4109.397 6052.543
4187.603 6000.716
4284.232 5474.017
4231.218 5408.298
3882.528 6005.300
3988.945 5370.333
3790.579 5836.068
4147.909 5956.514
3921.353 5999.040
4096.124 6029.304
3540.610 5632.796
4255.645 5834.974
3398.175 6012.499
3390.540 5678.216
4151.961 5439.366
4146.153 5624.037
3956.090 5370.551
3341.110 5737.744
4069.169 6118.953
3987.873 5559.256
3259.096 5850.732
3641.632 5703.839
3414.831 5169.569
4247.080 5760.288
3675.845 5476.087
3596.419 5577.550
3377.378 6148.058
4163.421 5987.034
4128.719 5181.775
3818.398 5768.676
3695.272 5570.093
3265.766 5261.562
3937.866 5285.124
3415.734 5203.085
3626.409 5554.206
3320.934 5401.370
4330.918 5426.462
3684.133 5163.988
3349.153 5495.555
3732.172 5523.730
3810.324 6200.094
3253.451 5173.925
4357.469 5706.593
3561.408 5307.374
4053.219 5970.532
3867.892 5192.646
3748.726 6101.508
3539.741 5978.228
3423.554 5404.619
4211.590 6167.096
3954.546 5109.319
3369.478 6157.461
4133.477 6213.173
4351.407 5900.035
4149.406 6025.973
3356.954 5154.716
4216.581 5141.282
3867.343 5175.078
3708.497 5438.650
3781.651 5781.061
3883.000 5706.440
3658.519 5865.602
3460.503 5905.178
3395.081 6015.847
3560.123 5651.704
3347.112 5870.617
3903.037 5806.765
3941.607 6233.793
3505.204 5528.518
3512.671 5171.658
4196.551 5769.278
3354.416 5772.064
3631.397 5370.825
4222.815 5146.823
3920.129 5746.153
4153.834 5167.823
3446.646 5410.990
3455.943 6177.130
4058.429 5603.679
3968.875 5553.632
3987.207 6074.423
4241.050 5942.286
3810.852 5199.873
3471.232 5108.831
3765.297 5191.093
4108.657 5386.449
4015.611 5208.689
4315.144 6210.507
4370.328 5426.511
3676.858 5706.747
3860.132 5815.982
3415.734 5741.014
3374.437 5878.162
3327.782 6021.448
3970.261 6067.873
3712.031 5372.311
3606.387 5353.198
3542.236 5776.019
3758.195 5552.535
4271.660 6221.728
3431.679 5103.624
4195.070 6234.408
4300.051 6083.861
3960.559 5720.038
4305.754 5550.061
3608.946 5854.430
3806.910 5409.251
4081.047 5372.064
3702.779 6172.372
3943.020 5797.244
4304.005 5520.861
4058.476 6030.516
3679.271 6089.198
3972.657 5260.282
3560.306 6059.310
3846.544 5222.582
4269.850 5479.597
4281.030 5338.412
3884.911 5622.310
4308.452 5528.079
3311.441 5977.861
4030.991 5448.844
4201.684 5533.039
4185.080 5625.242
3299.848 5227.117
4070.638 5987.844
3967.004 5893.027
3854.043 5954.706
3909.852 5503.289
3466.721 5594.196
3354.738 5892.239
4079.875 6140.296
4244.296 6135.632
3511.312 5700.316
4165.659 5660.024
3351.557 5514.452
4197.657 5801.158
3789.809 5480.410
4274.577 5815.662
3579.399 6178.837
3978.937 5361.866
3867.584 5421.101
3817.250 5898.201
3775.829 5827.764
3800.160 5427.549
3901.031 5515.682
3961.827 5589.144
3290.390 5143.668
3934.940 6001.931
3351.304 5951.181
4203.325 5583.954
4189.111 5795.059
4260.374 5664.887
3520.694 5667.554
3635.667 6217.889
4067.489 5378.594
4356.396 5111.961
3540.963 5585.599
3458.982 6079.270
3761.493 6093.154
4178.570 6020.078
4272.491 5306.849
4381.312 5473.452
3560.678 5403.367
3379.304 6107.519
4021.724 5836.603
3757.894 5688.922
3323.261 5655.901
3468.388 6072.730
3681.472 5647.545
3522.700 6202.172
3557.877 5991.916
4276.786 5265.169
3989.584 5471.209
4104.251 5980.031
4154.441 5106.627
4025.025 5276.107
4083.132 5981.138
3545.135 5971.975
3899.746 5261.034
4129.874 5157.912
4203.327 5133.325
3726.882 5954.921
3396.451 5301.922
4155.298 5351.236
4147.078 5229.310
3256.013 5835.361
3253.539 5283.665
3740.998 5935.599
3551.150 6131.852
4328.299 5252.009
4026.811 6096.941
4315.773 5405.687
3433.188 5181.753
4285.466 5207.704
3442.031 5937.364
4317.984 5951.202
4367.253 5901.173
3473.006 6205.224
4057.688 6233.626
4234.222 5838.164
3401.988 5582.418
3452.316 5851.527
3433.402 5377.247
4317.081 6167.840
3540.358 5218.856
3398.703 5767.396
3548.922 5582.524
3819.050 5715.803
4140.149 5457.714
4224.198 5902.519
3272.911 5253.947
3420.824 6076.471
3537.170 5203.349
4316.740 6059.628
4152.793 5102.654
3387.444 5621.492
3684.351 5585.472
4286.407 5632.816
4024.013 5574.456
3539.371 5263.200
3344.246 5550.038
3435.489 5963.704
4379.492 5148.455
4138.136 5567.322
4155.245 6191.650
3882.686 5778.885
3602.613 6162.039
3966.553 6217.091
3641.412 6208.918
4083.219 5856.647
4208.993 6113.769
4137.145 5341.632
3781.288 5928.625
3450.879 5317.205
3339.661 5210.188
3691.793 5340.022
4033.147 5284.349
4301.310 6177.060
3590.324 6080.225
3546.529 6072.933
4000.171 5781.612
3369.278 5146.100
4154.034 6164.886
3766.850 6122.878
4181.793 6191.061
3937.352 5886.260
3388.780 5488.068
4150.110 5148.827
3264.548 5656.812
3362.715 5385.460
4113.103 5109.899
3579.997 5933.221
3537.654 5160.624
4274.928 5141.746
3539.966 6023.600
3806.839 5232.243
3455.265 5136.085
3435.834 5107.793
3596.981 5305.997
4121.975 5455.956
3633.287 5449.917
3639.982 5355.024
3547.076 5952.692
3627.902 6014.183
3421.468 5888.878
4227.213 5477.976
3966.402 5199.547
3574.675 6142.459
3501.482 5858.585
4235.534 5869.549
3274.805 6174.606
3977.495 6017.796
3549.986 5391.839
3565.472 5505.097
3638.745 5236.879
3320.007 5366.732
3752.686 6081.602
3815.583 5281.538
3378.519 5748.875
4063.496 5957.462
4250.645 6172.039
3915.201 5739.225
3413.563 5540.803
4258.729 5391.473
3403.526 6148.422
3541.324 6177.010
3387.396 5566.057
4256.176 5690.919
4378.384 5748.718
4063.248 5143.475
4165.450 6179.144
4263.436 5967.478
4190.770 5410.813
3928.406 6098.757
3996.210 5942.522
3548.201 5690.124
3546.142 5196.736
3816.610 5828.305
3684.163 5906.664
4256.961 5627.513
4245.699 5486.924
4031.959 5224.270
4290.888 5139.364
3372.592 5130.400
4224.447 5896.047
4146.029 5778.081
3671.380 5761.909
3629.423 5792.180
3899.975 5538.955
3338.903 5492.085
4257.414 5482.037
3418.032 6131.368
3943.804 5261.618
3727.995 5200.024
4386.271 5849.946
3564.976 5488.421
3968.322 6226.958
4132.379 5424.638
3982.658 5811.075
4350.083 5327.684
4058.455 5483.701
4192.689 5161.023
3419.136 5206.135
3396.624 5537.500
4386.584 6082.562
4082.600 5824.116
4248.586 6084.778
3756.104 5187.250
3465.769 5486.617
3775.832 6042.868
3279.076 5880.026
3289.331 6199.721
3257.782 5240.153
4022.806 5124.992
4035.795 5372.010
4234.478 5555.384
3549.974 5119.433
3307.654 5650.815
4144.959 5133.959
3795.416 5758.686
3500.113 5396.147
3537.823 5133.481
4156.565 5524.686
3594.890 5379.748
3777.772 6047.760
4317.355 5429.718
4117.043 5913.016
3700.057 5134.714
4148.025 6224.806
4290.509 5661.331
3930.200 5701.979
4336.641 5554.586
3434.754 6112.870
3718.921 5575.185
4169.128 5545.787
3571.727 6202.822
3553.268 6073.511
3526.568 6174.680
3904.300 5108.600
3945.679 6171.717
3319.420 5234.908
4001.449 5162.454
3442.134 5393.301
3355.633 5866.622
4164.234 5467.957
3262.804 5273.115
3390.725 5248.388
3606.277 6121.192
3743.106 5859.883
4316.633 6103.960
4304.180 5865.630
4381.268 5911.304
3558.887 6176.892
4253.608 6030.752
4353.618 5748.148
3831.756 5462.309
3274.328 5657.097
3996.338 6178.810
4232.616 5797.218
4382.169 5582.764
4326.466 5670.665
4230.765 5819.853
4010.701 6199.097
4201.932 5424.594
3543.938 6059.383
3354.963 5984.340
3473.317 5953.505
3570.064 5831.268
3579.066 5488.856
3494.527 6049.773
3840.739 5751.209
4132.840 5380.508
3617.648 5521.810
3897.916 5625.182
3262.969 5695.197
3550.666 5931.601
3339.124 5162.736
3588.478 5541.068
3399.666 5135.272
3656.142 5845.548
3530.306 6102.572
3607.221 5545.921
3345.359 5446.631
4190.226 5531.715
3341.615 5910.610
3724.412 6090.511
3533.057 5421.951
3856.363 5656.399
3528.071 6069.724
3526.066 6013.186
3849.551 5960.782
3653.862 5820.188
3976.625 5261.523
3918.343 5551.788
3574.545 5583.515
3390.452 5265.537
4140.550 6211.588
3295.396 5489.265
3476.395 6149.335
3335.897 5170.882
4039.267 5949.989
4245.421 5184.721
4271.628 5711.338
3425.442 5561.552
3659.482 5778.728
3546.927 5124.670
3373.039 5633.779
3461.115 6119.427
3344.965 5955.129
3270.782 6092.541
4267.483 5213.700
3487.689 5248.979
3438.788 5896.905
3843.116 5252.087
3886.207 5309.955
4092.462 5851.720
3836.731 6191.019
4307.276 6230.911
3371.389 5162.854
4342.114 5103.611
3383.907 5819.959
3975.438 5510.799
3696.223 6226.374
4300.639 6018.432
3680.034 5823.936
4039.902 5839.723
3707.754 5367.307
3387.962 5833.417
3833.819 6158.847
4375.954 5107.476
3447.243 5168.595
4156.287 5497.298
3661.720 5951.573
3597.069 5342.139
3403.955 5472.697
3651.645 5740.779
4299.543 5421.108
4049.170 5863.227
4081.283 5818.003
3438.294 5306.438
4232.260 5348.702
3766.038 5994.040
4277.467 5906.362
3789.434 5425.372
3328.074 5116.465
3647.866 5551.486
3789.462 5327.536
3766.524 5264.603
3959.064 5396.051
4280.630 5666.903
3366.407 6031.244
3804.947 6147.653
3793.296 5910.469
3790.375 5752.451
3800.667 5832.943
3915.564 5992.811
3984.263 5495.621
4075.961 5946.176
3291.306 5964.860
3583.165 5858.098
3938.831 5734.881
3995.896 5148.941
3344.369 6226.386
4211.666 6207.900
3592.766 5526.519
4281.564 5335.450
4155.756 5318.095
3286.954 5624.662
3667.418 5730.247
4311.189 5438.050
3379.658 5109.318
3996.232 5437.272
4313.249 5905.437
3937.843 6225.769
3390.821 5304.774
3576.444 6173.108
4007.495 5360.703
3784.942 6223.327
3770.954 5471.266
3735.972 6064.556
3648.863 5830.180
3997.026 6086.063
3813.138 5138.312
4116.624 5470.070
3940.373 6062.343
3840.149 5518.161
4285.527 5237.228
3709.909 5554.220
3384.685 6134.877
3591.210 5247.122
4033.861 5237.659
4347.940 5888.625
4244.004 5865.240
3539.409 5988.233
4159.931 5961.753
4073.271 5655.588
3996.613 6146.781
3986.810 5456.964
4260.260 5480.676
4239.924 5618.218
4253.446 6041.825
4139.805 5711.729
3482.297 5241.253
3788.049 5578.715
4266.696 5262.096
4307.944 5296.283
4371.797 6196.963
4369.843 5181.742
3866.847 5138.615
3501.871 5243.481
3427.547 5834.472
4163.078 5145.579
3797.002 6072.097
3800.184 5979.116
3597.439 5968.066
4265.468 5247.837
4175.698 5370.574
3790.473 6131.475
4242.685 5577.167
3583.749 5370.540
4235.949 5351.318
4103.364 5136.827
4287.951 5910.621
3351.018 6043.880
3850.581 6116.219
4237.268 5531.812
4174.547 6136.366
3592.257 6099.318
3502.764 5572.139
4076.851 5308.737
4282.828 6121.263
4004.765 5683.145
4169.668 5480.697
3956.110 5390.704
3456.841 5300.132
3648.171 5304.474
3314.397 5356.774
3727.006 5537.402
3625.154 6187.638
3846.808 5143.024
3950.426 6157.991
3509.806 5761.223
3498.261 5428.953
3785.238 5784.942
4087.177 5202.023
3638.434 5963.808
4172.110 6017.402
4237.192 5695.380
3951.749 5512.040
3414.259 5963.961
4330.129 5158.279
3880.104 5984.077
3422.773 5459.130
3534.262 5424.826
3897.719 5890.403
3587.528 5104.177
3822.510 6079.484
4111.067 5526.983
4366.809 6136.645
4259.378 5152.766
3940.269 5407.137
3700.358 5507.037
3667.810 5907.762
3273.070 5167.510
3854.283 6043.503
4129.671 5236.828
3858.820 5606.852
3517.411 6148.639
3548.650 5870.188
3591.081 5649.880
3331.139 5535.755
3513.253 6020.715
4373.915 5180.543
3877.061 5152.695
3864.660 5417.595
3957.459 5552.022
3532.171 5384.672
3320.761 6072.782
3863.616 5264.700
3919.663 5289.428
4142.729 5826.175
3561.390 6226.142
3316.976 5817.652
4230.238 5748.672
4165.537 5380.649
3678.193 5627.725
4350.745 5310.669
3881.787 6167.335
3522.055 5605.720
3775.544 6030.384
4041.298 5536.490
3757.005 5321.255
4298.779 5643.753
3346.504 5916.020
3680.738 5859.450
3309.195 5679.017
3339.425 5878.632
4308.661 5770.058
3837.535 5663.031
4050.944 5893.289
3361.597 5178.769
3827.462 6038.152
3696.611 5978.927
3493.989 5711.214
4217.934 5673.997
3656.378 5441.270
3316.632 6133.019
4035.159 5699.909
3727.915 5978.273
3483.859 5656.467
3402.698 5392.775
3914.247 6061.211
4218.394 5797.079
4280.190 6056.763
4376.789 6115.201
3843.539 6136.733
4040.132 6081.413
3821.322 5844.416
3622.604 5302.308
3409.945 5951.037
4244.640 5540.667
3887.569 5920.088
4034.862 5229.495
3426.771 5748.354
3552.305 5275.021
3702.002 5277.247
4320.463 5728.899
3969.209 5452.243
3958.348 5562.784
3656.017 6205.135
3725.313 6130.191
4299.056 5564.022
3570.740 5356.691
4123.171 6039.303
4243.218 5708.988
4276.448 5665.894
3488.963 6109.104
4052.272 5870.843
3414.608 5111.195
3417.774 5685.559
4310.453 5625.924
4025.173 5935.309
4210.452 5853.388
4256.031 6056.863
3951.926 5912.987
3749.462 5210.557
4042.672 6165.876
3383.771 5896.494
3995.629 5994.608
3983.606 6228.396
4119.837 5542.908
4160.542 6227.472
3454.441 5331.747
4261.446 5936.476
4350.089 5156.528
4090.542 5441.926
3388.447 5531.803
3963.403 5448.864
3363.726 5592.202
3782.471 5506.730
3989.238 6230.067
3751.797 5694.868
4284.878 5493.069
3798.806 6215.534
3694.030 5517.442
3438.733 5240.824
3822.537 5106.516
3675.000 5778.937
3855.429 6206.045
3574.399 5435.742
3280.698 6026.293
4227.937 5766.881
3754.696 5186.589
4334.734 5955.577
3368.645 5325.263
4265.552 5878.582
3350.253 5633.795
3541.931 6120.416
4015.230 5233.388
4339.528 5395.840
4295.737 5388.492
3259.110 5313.977
4302.748 5542.137
4247.552 6050.890
3916.282 5451.745
3967.688 5844.088
3675.498 5734.553
3865.400 5502.513
4187.852 5622.386
3558.290 5426.107
3482.535 5944.331
4286.933 6155.016
3563.686 5903.174
3373.279 5595.058
3942.250 6045.271
3764.714 5480.052
4131.255 5426.466
3977.043 5439.200
4327.145 5190.994
3926.896 5872.553
3409.996 5573.837
4296.769 6113.421
4248.575 5722.738
3369.425 5557.841
3411.432 5165.151
3369.285 5911.730
4255.165 5114.764
3623.553 6145.412
4249.872 5933.362
4251.731 5994.340
3269.212 5408.482
4327.720 5897.087
3414.628 5508.963
3550.972 5218.948
3825.175 5805.969
4175.195 6143.323
4160.347 6007.861
3877.837 5159.572
3514.624 5525.094
4209.598 5873.155
3838.586 5371.089
3526.648 6114.374
3804.283 5948.843
3837.684 5262.605
4232.148 5725.209
4189.425 5935.559
3399.859 5441.074
4275.450 5676.745
4050.451 6013.846
4326.166 5687.938
3890.419 5814.504
3339.826 5152.295
3328.748 5277.321
4137.074 5298.260
3516.215 5882.914
4067.949 5486.115
4097.171 5164.900
4053.880 5620.286
3475.978 5580.364
3671.109 5988.315
4245.766 6039.433
3501.191 5251.126
3502.667 6210.115
4161.539 5958.338
4277.420 5773.847
4381.058 5238.411
3862.910 5850.160
3450.473 5758.778
4291.788 6001.426
4147.060 5827.931
3461.042 5553.596
4182.295 6201.134
3978.170 5681.765
4031.719 5530.535
3666.751 5221.379
3882.427 5693.919
3533.027 6226.271
3419.377 6052.064
4118.903 6129.593
4302.377 6082.352
3483.725 5955.073
4086.995 5843.771
4086.778 5238.898
3772.296 5610.738
3717.861 6045.506
3320.522 5306.423
4384.389 5878.540
3386.198 5312.241
4144.535 5775.554
3868.405 6056.426
4186.357 6185.519
3305.555 5401.972
4072.799 5147.966
3751.732 5122.571
3559.893 5921.991
3789.696 5972.506
3693.726 5640.768
3655.589 5270.752
4356.329 5226.313
3982.618 6176.973
3947.946 5184.415
3805.737 5747.433
4325.639 5736.074
3943.484 5656.725
3413.405 5401.491
3584.390 5186.777
4128.935 5910.070
3545.030 5365.088
3491.195 5330.432
3426.168 5279.562
3356.381 5896.161
3833.673 5753.087
3582.688 5247.267
4015.063 5757.505
4106.984 6000.231
4049.734 5998.169
3426.675 5302.706
3301.816 6198.015
3820.731 5811.891
4041.568 5737.054
3902.056 5118.610
4074.641 5219.318
3944.151 5613.735
4310.162 6081.863
4174.660 5529.494
4179.814 5507.390
3400.572 5479.427
3538.770 5381.732
4310.770 5893.317
3366.028 6210.297
3531.534 6017.623
3386.311 6187.529
3595.684 6182.153
3430.421 5410.827
3923.028 5689.959
4111.587 5376.526
3810.080 5765.031
3490.094 5390.419
4173.829 5305.395
4217.098 5099.997
3776.047 5899.494
4108.177 6043.555
3734.273 6116.127
3944.652 6110.975
3841.883 5569.429
3457.692 5542.114
4158.067 5145.466
3277.465 6106.340
3914.192 5590.336
3658.578 5298.431
3876.888 6032.024
3765.226 5496.923
3572.462 5887.545
3333.343 5632.102
3586.778 5713.096
3408.330 5191.692
3741.995 6085.369
3518.484 5374.560
3382.555 5690.954
3788.838 6194.814
3649.351 5770.269
4029.379 5135.574
4201.517 5881.243
3572.592 6157.587
4104.056 5320.139
4209.535 5825.002
3935.595 6080.645
3291.570 5548.638
3383.901 5509.242
3970.017 5199.893
3822.087 6113.205
3800.598 5694.875
3764.570 5382.863
3433.281 5356.246
3827.882 5323.680
3855.438 5323.939
3690.826 5634.152
4092.631 5237.195
3858.593 5420.598
3996.067 6160.215
4349.467 5452.899
3838.985 5115.484
3754.240 6102.443
3546.027 5822.300
3803.751 5485.582
3392.524 5500.748
3517.560 5167.836
3571.170 5588.803
3640.283 5265.983
3901.736 6046.348
3597.842 5223.648
3868.896 5185.073
4358.573 5513.119
3355.902 5541.454
3281.420 6214.103
4128.465 6063.869
3302.791 6015.310
4163.462 5512.203
4377.865 5911.683
4353.900 5939.245
3990.232 6162.492
4329.694 5431.027
3282.307 5715.601
3571.919 6114.306
3679.171 6176.905
3784.128 5913.667
4148.075 5633.348
3582.908 5173.939
3959.467 5268.804
3280.446 5348.926
4108.769 5361.726
3281.104 5379.115
3618.900 5566.374
3762.973 5644.450
4033.656 5651.924
3274.195 5128.440
4027.682 5099.770
3567.117 5393.723
3501.289 5667.428
3469.863 5962.806
4087.516 5273.193
4335.116 5985.382
3642.523 6169.941
3545.652 5857.593
4361.178 5153.065
3322.745 5684.111
3905.517 5994.112
3456.144 5383.034
4118.366 5412.815
3320.320 5099.771
3364.620 5815.598
4337.762 5718.720
4164.246 5452.230
4195.142 5194.328
3287.879 5848.833
3788.164 5682.273
4106.479 5423.028
3564.975 5115.972
3348.914 5168.497
3892.603 6044.227
3406.537 5755.089
3491.903 5826.194
4279.901 5443.678
3497.994 5988.682
4114.283 5444.493
3745.877 5471.168
3498.330 5151.139
3278.749 5959.059
3652.134 5694.540
3459.853 5398.693
4304.673 5608.441
4247.127 5807.990
4338.404 5445.305
3466.342 5354.949
3574.953 5893.357
3351.984 5225.609
3723.488 5339.387
3435.100 5480.294
4281.546 5567.683
3704.992 5925.824
3596.647 5937.439
4293.541 5950.759
4093.719 5120.060
4266.041 6145.300
4380.838 5311.529
3946.455 5471.788
4271.159 5681.440
3677.232 6044.294
3671.306 5988.309
3274.486 5643.457
3411.240 5162.482
4255.982 5892.564
4140.970 5426.573
3922.674 5222.687
3690.791 5555.720
4092.771 5688.560
3937.001 5427.829
4157.789 6129.965
4106.604 5200.830
3347.083 5630.016
3256.240 5180.194
4197.797 5729.185
4278.882 5287.956
3978.820 5111.125
4231.888 6181.531
3734.442 5585.844
4187.621 5961.159
4250.956 5945.814
4354.964 5657.299
3825.141 5548.100
3939.191 5690.355
4334.288 5448.660
4324.406 5855.768
4373.156 5620.793
4169.827 5618.287
3661.182 5473.552
3944.831 5450.090
3879.866 5665.697
4247.647 5161.144
4084.984 5583.943
4163.247 5707.761
3876.567 5315.805
3749.935 5633.483
3719.189 6200.759
3757.280 5196.060
3759.232 5478.424
3523.266 5815.358
4353.447 5802.942
3504.122 5421.292
3967.294 5263.546
3907.043 6136.619
3383.679 5315.845
3784.286 5621.762
3393.960 5149.996
3503.209 6182.605
3278.060 5584.944
4378.161 5406.285
3318.697 5771.179
3298.407 5957.844
3410.587 5277.917
3986.224 5999.926
3599.455 5968.675
4243.299 5155.511
4299.282 6234.472
4022.527 5759.586
4329.916 6054.401
3427.352 5991.731
3481.120 5472.835
4116.687 5540.252
3284.156 5822.993
3740.699 5436.863
3629.152 5253.901
4352.889 5140.666
4287.996 5722.690
3304.173 5739.090
3475.628 5130.987
3861.582 5857.016
3374.789 6224.587
3693.170 5433.810
4209.221 5413.727
4222.457 6146.257
3887.840 5116.842
3791.871 6032.034
3464.512 5852.214
3724.696 6023.127
3844.490 6177.557
3339.925 5455.452
3589.710 5155.379
4017.673 6098.777
3634.830 6008.966
3419.053 5153.531
4213.728 6132.328
3817.357 5860.317
4194.445 5524.246
3376.426 5902.071
3252.683 5453.089
3650.937 5374.338
3820.509 5893.938
3658.578 5215.974
3680.215 5795.446
4209.181 5789.381
4047.119 5966.123
3365.771 5840.717
3841.521 5245.486
3604.592 5632.707
3286.274 5931.697
3692.582 5871.288
3586.596 5479.992
4121.035 5553.361
3282.394 5394.986
3846.628 5946.201
3889.976 5485.501
3604.039 5618.391
3508.002 5723.074
4053.100 5512.461
3442.631 6021.450
3591.405 5263.878
3451.318 5608.867
4155.344 5191.252
3772.439 5639.244
3270.035 5479.431
3800.237 5166.853
4138.657 5665.210
4084.263 5558.595
4287.113 5836.568
3989.205 5431.011
3732.169 6198.126
3726.913 6115.787
3829.166 5204.182
4247.706 5523.982
3624.775 5735.107
3737.228 5669.455
3307.306 5730.187
3652.139 5465.448
4263.487 5576.616
4034.506 5505.557
3928.412 5736.066
4279.581 5916.346
4291.642 6067.305
3859.949 5660.242
3507.758 5822.904
4002.189 5268.394
3467.950 5781.354
3929.750 5968.142
4354.766 5774.224
4012.946 5228.711
4100.913 5854.803
3776.289 5196.743
4311.376 5412.678
4379.807 6066.367
4273.221 5881.916
4224.330 6173.586
4315.100 5487.232
4303.579 5971.580
3914.322 5504.881
4345.712 5251.478
3780.595 5680.458
3812.827 6104.573
3903.818 5179.823
3964.744 5965.526
4104.541 5416.569
3404.517 6121.557
3944.042 5172.131
3868.167 6225.547
4197.082 6003.876
3627.750 5305.904
3847.599 5119.182
3339.502 5341.448
4176.254 5610.970
4045.018 6095.880
3856.308 5275.184
3595.386 5487.584
4238.079 5642.398
3513.146 5940.453
3584.025 5576.794
4311.551 5294.231
4005.237 6072.426
4350.578 6182.745
4266.772 5155.895
4074.962 5894.512
3664.351 5187.558
3423.275 5599.270
3572.506 5362.342
3910.838 6191.384
4183.224 5310.652
4317.626 5752.954
4207.016 5127.244
3263.142 5664.053
4372.919 5583.591
3810.485 5848.526
3526.342 5256.179
3390.741 5939.358
4326.544 5506.229
7252.626 3830.225
7063.264 4263.371
6294.473 3410.971
6382.302 3229.614
7222.322 4237.843
6726.420 4357.515
6334.651 3306.804
7192.854 3251.101
6668.196 4251.402
6633.554 3610.477
7123.871 4345.767
6205.176 3366.978
6182.117 3635.790
6229.804 4346.262
6329.571 3762.782
7220.557 3661.646
6721.514 3409.385
7227.213 3876.596
6705.428 4256.087
6919.737 3277.308
7062.468 3295.012
6574.708 4203.985
6217.877 3717.215
7008.340 3320.580
6315.143 3683.239
6638.354 3678.509
6967.938 3312.951
6624.544 3581.179
6453.966 3835.649
7206.866 3270.920
6895.215 4226.544
7123.475 3263.341
7115.950 3757.706
6978.040 3657.918
7221.901 3532.666
6560.801 4189.758
6304.649 3885.914
7233.361 3671.136
6530.040 4110.375
6830.471 3836.804
6717.188 3389.080
6530.205 3504.681
7232.866 3763.748
7167.767 4107.404
7132.641 3750.056
6166.536 4352.195
6871.394 3826.647
7232.511 3781.525
6496.381 3442.288
6529.418 4317.265
7179.072 4103.471
6388.374 4286.297
6723.438 3569.479
6791.420 4261.928
6520.157 3604.471
6596.309 4081.505
6929.283 3602.133
6474.145 3404.011
6306.992 3458.556
7188.817 3895.954
6161.064 3642.531
6689.637 3687.548
7044.110 3689.408
7071.176 3349.989
6807.420 3743.571
7242.803 3613.388
6998.733 3315.587
6778.524 3531.845
6380.334 3366.719
7264.142 3918.780
7241.331 4215.552
6556.356 3846.726
6151.033 4104.647
6879.022 4340.910
6395.960 3692.024
6938.786 4091.629
7010.399 4299.032
7106.509 3555.314
7262.665 4130.219
6141.587 3827.404
6745.802 3571.418
7080.222 3317.848
6168.014 4255.297
6447.588 3365.468
7134.756 3930.320
6466.886 4205.531
7173.116 3973.077
6542.059 3517.671
7261.530 3719.443
6857.371 4124.431
6861.352 3411.211
7185.112 4259.248
6826.799 3635.639
7243.677 3595.454
7229.463 4053.001
6420.546 3710.862
6326.221 3982.866
6464.581 4284.307
7092.138 3863.287
7251.835 4348.037
6572.563 3996.007
6881.849 3360.086
6716.748 3885.480
6552.670 3265.026
7009.772 4217.617
6850.568 3245.526
6372.695 3359.899
7272.970 3765.637
7096.724 3292.649
6736.944 3926.898
6469.263 3469.656
6843.183 4302.600
6539.751 4205.765
6443.756 4179.065
6586.272 4037.901
6963.151 4021.541
6893.084 4236.549
6654.359 3864.992
6233.902 3829.716
7204.390 3944.376
6433.620 3228.514
6415.406 4105.344
6762.478 3916.041
6487.919 3995.254
6479.987 3990.753
6303.353 3750.212
6152.966 3883.688
6342.417 4258.221
6433.617 3769.225
7238.387 3544.592
7158.480 3422.710
6318.611 3634.322
6832.184 4170.305
6317.782 3583.723
6190.079 3705.137
6419.680 3361.942
6641.857 3272.595
6764.743 4339.508
7175.350 3895.052
6264.600 3760.122
6598.609 3778.379
7260.416 3995.936
7172.346 3757.226
6238.280 4333.692
6563.178 3987.673
6616.899 3923.245
6398.872 3715.712
6317.489 3307.578
6292.646 3552.091
6730.594 3719.250
6519.742 3758.762
6777.116 3679.866
6167.052 3584.250
7187.915 3633.633
6991.932 3786.747
6670.708 3657.137
7272.269 4120.282
6230.965 3787.564
6284.340 3312.588
6819.326 4092.977
6189.781 3594.845
6283.708 3701.741
7095.602 4272.377
6785.460 3724.433
6603.987 3232.000
6663.414 4221.950
6194.801 3527.602
7189.684 3641.502
6814.164 3294.311
6739.479 3839.336
6905.002 3510.680
6370.972 3589.949
6808.288 3626.643
6260.892 3762.023
6960.325 4357.766
6493.277 3836.763
6204.667 3988.013
6335.795 3257.515
6856.765 3407.321
7106.724 3432.993
6920.948 3676.720
6701.532 3770.966
6411.256 4110.616
6180.676 3388.256
6593.128 4078.002
6238.801 3563.388
6555.653 3910.629
6516.174 3884.575
6141.263 4116.354
6557.624 3501.364
7157.478 3932.548
6379.621 4187.570
6915.537 4088.474
7074.551 3704.740
6664.182 3886.138
6412.821 3350.779
6811.079 3524.586
6187.859 3484.517
6655.780 3543.668
6737.790 3996.318
6869.390 3475.235
6839.833 4128.932
6184.003 4046.005
6676.482 4214.402
6705.610 3439.959
7162.760 4227.543
7103.459 3791.802
6608.334 3867.938
7207.295 3606.850
6825.968 4122.874
6873.886 4344.286
6369.138 4332.968
6805.724 3531.006
6782.568 3601.603
6792.352 4094.611
6776.025 3496.955
7030.062 4181.512
7111.553 3462.568
6504.052 4202.703
6799.167 3296.358
6368.503 3500.331
6767.436 4174.704
7246.934 3878.828
6267.033 3452.534
7042.359 3773.232
6428.936 3352.409
6982.364 3377.047
6850.447 3741.900
6600.828 3673.383
6767.712 3528.457
6534.843 3286.195
7229.682 4264.169
6271.036 3688.725
6967.611 3634.194
7212.703 3993.949
7164.324 3573.973
6849.458 4319.317
6152.422 3518.107
6625.944 3372.060
6546.772 4246.841
6788.646 4286.011
6466.262 3833.614
7030.561 3829.534
6793.579 3234.586
6617.706 3850.658
6346.473 3671.499
6700.383 3819.860
6374.164 3385.835
6599.462 3737.965
6636.761 3224.329
6595.469 4268.986
7054.874 4050.473
6431.668 3826.021
7101.455 3916.798
6537.340 4310.738
7219.658 3494.791
7081.353 3598.647
6715.149 3495.658
6533.775 3628.966
6739.163 3325.761
6888.377 4102.418
7160.881 4193.633
7265.105 3455.206
6228.181 4230.939
6157.675 3698.131
6702.210 4214.468
6272.584 3235.208
6699.458 4139.918
6759.265 3960.210
6252.957 4211.452
6175.594 3332.992
6767.798 3945.639
6899.672 3286.527
6672.076 3287.579
6553.230 3358.531
6731.567 3433.308
7264.746 3931.670
7173.316 3325.445
7054.385 3328.202
7014.768 3873.654
6792.403 3951.743
6695.850 4018.725
7232.177 3349.332
6700.926 3388.450
6540.391 3516.024
6186.812 3522.714
7146.554 3820.012
7019.597 3679.659
6476.882 4177.280
6697.315 3619.147
6425.235 4343.804
6854.164 3309.426
6878.035 3359.978
6330.135 3457.829
6913.588 3934.576
6297.225 3230.003
6630.713 4124.676
6347.387 4283.527
6251.779 3473.149
7072.403 3442.640
6350.365 3343.117
6404.493 4212.160
6298.743 3350.785
6664.423 3763.042
7195.672 3779.924
6588.757 4196.876
6971.277 4229.752
6195.461 3691.263
7072.505 3388.931
7021.595 3376.567
6878.129 4307.878
6345.441 4160.945
6589.505 3306.191
6226.666 4205.338
7033.797 3680.937
7045.503 4176.405
6633.275 3744.285
6702.589 3958.589
7013.632 3338.626
6955.094 4232.210
6230.963 4283.005
6641.363 3903.883
6381.314 4043.825
6983.253 3709.952
6389.804 3889.845
6390.591 3997.682
6180.227 3928.816
7251.280 4359.203
6437.308 3519.408
6831.885 3622.467
6302.388 3794.830
7228.377 3368.454
6764.280 4243.670
6572.716 3851.903
6454.687 3605.987
6698.000 3638.538
6390.142 3276.348
6550.705 3304.236
6559.703 3981.042
6876.131 4115.988
7084.370 3508.348
6985.509 3687.777
7169.219 3576.405
6998.319 3398.469
6417.625 4174.212
6308.438 4098.406
6245.696 3718.031
6313.252 3616.344
6587.986 4271.660
7022.783 4258.423
6697.543 3457.934
6864.523 3821.639
7211.361 4099.309
6974.419 4098.981
6743.470 3525.358
6980.801 4300.201
7202.597 4135.750
6586.013 3487.525
6336.852 3285.185
6848.973 3688.824
7202.659 3739.071
6870.038 4218.525
6825.226 4067.726
6510.605 3405.245
6146.414 3224.191
6697.675 3579.082
6781.030 3936.066
6735.880 4203.776
6994.550 3493.067
6471.352 3644.341
6418.710 3439.966
7084.545 3855.276
6473.068 3591.224
6848.973 3914.462
6179.334 4063.077
6195.647 3291.135
6943.124 4055.876
6182.574 3578.353
6421.310 4227.537
6279.667 3301.914
7178.596 3606.455
6950.887 4207.528
6190.925 4260.937
6227.375 4202.185
6886.239 4127.288
6368.116 3385.294
6235.269 3547.546
6349.271 3299.591
6919.614 4343.258
7023.520 3305.339
7073.522 3628.796
6497.392 3681.519
7257.228 3999.789
7117.598 3598.600
6841.077 3910.102
6249.758 3224.926
7016.150 3255.946
6760.300 3949.274
6921.084 4128.428
7092.847 3717.504
6205.059 3228.999
6750.435 3225.475
6952.223 4095.413
6371.357 3734.702
6400.410 3275.414
7096.823 4014.392
6354.645 3653.976
6636.935 3484.573
6642.578 3543.226
6893.754 3724.396
6171.681 4145.728
6329.760 3976.469
6392.302 3649.302
6643.527 4162.548
7273.430 3825.996
7013.432 3245.980
6573.508 3421.449
7262.230 3471.681
6227.340 3363.382
6362.278 4159.892
6960.247 3257.824
6709.388 3362.038
6618.474 3264.995
6334.123 3612.531
7227.803 3818.576
7137.105 4082.090
6382.086 4099.609
6626.776 3374.964
6184.056 3533.772
6261.975 4011.469
7222.793 3828.769
6429.595 4152.508
6609.395 3883.057
6472.618 3530.764
6444.432 3765.973
6602.704 3802.492
6647.203 3801.565
7159.164 3804.674
6349.650 3461.982
6467.089 4254.390
6997.808 4041.328
7008.748 3722.686
6240.065 3815.175
6713.001 4194.159
6153.872 3371.118
7190.278 3384.779
6199.311 4184.959
7185.833 4088.808
6835.596 3466.056
6948.438 3312.406
6719.345 4104.000
6449.576 3547.940
6762.309 3771.881
6927.085 3697.327
6780.757 4248.165
7114.442 3602.458
7011.232 4140.901
6560.371 3911.619
6755.877 3261.462
6412.094 3799.612
6891.728 3907.816
7043.631 3747.039
6873.080 4348.267
6797.328 4099.005
6328.135 3805.961
6406.224 3231.805
6488.405 4174.482
7202.472 4063.959
6880.124 3988.056
6390.274 4329.185
6720.225 3391.620
7140.394 3811.720
6354.374 3339.959
6252.202 4062.510
6949.163 4306.499
6932.192 4214.989
7267.908 4287.846
6957.640 3683.391
6784.667 3272.829
6844.308 4233.652
7171.770 3708.626
7070.191 4047.049
6183.923 3988.083
6235.960 3970.029
6549.290 3315.766
6769.680 3461.167
7244.251 3444.282
6977.004 3805.402
7227.155 3909.493
6596.956 3900.372
6181.582 3475.926
6814.339 3986.241
6997.377 3765.534
6703.323 4299.956
6899.302 3492.446
6288.549 3410.702
7054.236 3691.576
6152.302 3348.697
6772.117 4059.247
6516.952 3374.900
6836.286 3679.065
6279.229 3686.620
6676.661 3284.996
6910.074 3692.370
6754.487 3325.930
6651.725 3917.394
6244.318 3475.408
6564.422 4203.647
6695.383 3695.569
6197.956 3706.450
7056.451 3324.592
7056.647 3458.122
6617.450 3926.479
6598.674 3835.452
6726.177 4283.788
6826.026 4337.952
6580.218 4174.886
7043.451 3977.133
6262.796 4322.066
6897.938 4286.971
6237.997 3731.231
7118.657 4002.325
7260.375 3378.105
6782.822 3578.912
6836.830 3973.492
6264.723 4120.969
7150.268 3558.446
6293.401 4247.201
6762.811 3321.237
6286.963 4004.927
6539.426 3520.179
6356.374 3878.920
6578.620 4028.486
6534.247 3950.934
7048.718 3951.846
6452.697 4045.148
6905.627 3558.930
6566.125 4178.112
6747.446 4149.742
6992.932 3976.081
6827.228 3975.286
6456.206 4277.152
6685.979 4300.086
6962.798 3660.744
6964.119 3959.647
6856.041 3980.187
6908.132 3839.233
6571.343 4299.863
6288.831 3489.617
6183.968 3520.184
6491.418 3966.023
6577.845 3291.432
6671.328 4229.578
6468.317 3920.356
7201.012 3908.203
7088.911 3310.034
6561.032 4039.606
7187.383 3986.312
6678.284 3457.539
6292.456 3224.589
6200.313 4035.866
6272.501 3806.039
7194.675 3506.816
6753.617 3244.662
6611.773 4031.358
6821.171 3330.877
7203.770 3847.031
6452.627 3588.838
7200.409 4142.613
7263.849 3875.398
6645.729 3774.681
6209.182 3240.022
6246.042 3952.815
6244.671 3608.441
6374.689 3606.925
6861.718 3419.303
6299.756 3741.560
7227.360 3711.212
6803.782 3691.189
6282.605 3231.435
6364.890 3824.980
6828.460 4315.840
6667.116 3580.781
6266.380 3650.373
6498.063 3715.788
6208.541 4158.901
6863.375 3909.911
6732.160 3224.191
6612.196 4017.708
6400.699 3720.461
7139.093 3662.076
6524.495 3707.563
7229.173 3695.751
6991.453 3453.781
7130.694 3604.515
6733.393 3245.507
7102.498 4355.141
6802.742 4165.802
6177.515 4273.729
7051.198 3249.301
6203.603 3877.451
7094.606 3876.482
6148.928 3689.053
6196.122 3785.668
6408.726 3372.464
6561.755 3317.152
6287.746 3633.512
6215.660 3693.389
6868.955 3714.303
6873.533 4356.649
6529.986 3786.767
6490.318 3737.724
6556.691 3949.210
7154.344 3329.691
6414.335 4176.382
6431.218 4350.894
7226.200 3671.042
7192.319 3983.963
6944.359 3271.148
6166.012 3349.562
6153.317 3844.682
6435.807 4070.701
6850.559 3757.846
6754.159 4274.007
6346.012 3683.599
7177.648 3509.260
6449.710 4039.040
7063.629 4025.435
6672.578 3654.051
6594.779 3533.612
6969.366 3893.873
6209.127 3795.190
6364.573 4108.464
6535.143 3805.380
6142.809 3738.053
6896.668 3229.795
7238.645 3256.418
6907.959 3858.104
6598.514 4028.249
6593.264 4106.202
6357.339 3343.774
6934.825 4250.322
6788.123 3777.961
6240.363 3640.316
6359.572 3558.771
6520.610 3439.351
7100.124 3362.828
6659.009 4146.610
6290.285 3363.609
6410.561 4057.851
6630.910 4356.728
6603.740 4167.344
6460.422 3714.774
6287.716 3719.258
6245.612 4182.511
6804.196 3866.120
7202.240 3738.899
6777.178 4191.353
6174.342 4271.389
6542.862 3613.468
6444.514 3295.143
6896.833 3927.037
6225.444 4008.730
7041.932 3651.110
7274.291 3901.648
6170.471 3598.288
6868.109 3830.775
7173.856 3566.230
7164.281 3281.515
6403.145 4110.526
7074.149 3776.297
6510.605 3825.449
6805.303 3809.461
6780.477 3541.797
6791.272 3813.676
6699.635 3242.591
6689.283 3315.422
6813.828 3592.332
6675.851 3524.669
6164.755 3867.077
6282.253 3385.146
6450.139 3278.223
7062.646 3242.828
6978.198 3734.040
6951.038 3965.831
6416.262 4303.233
6366.474 4015.452
6383.956 3464.296
6730.749 4091.033
7027.927 4134.207
6533.442 3757.073
7197.000 3455.378
6425.933 3825.455
6735.748 3409.346
6551.956 4264.525
6905.697 3915.724
6639.353 4296.939
7197.449 3489.770
6378.349 3402.380
6806.277 3477.213
6468.622 3381.602
7262.810 3510.001
6604.967 3512.181
6397.036 3567.768
6231.703 3476.383
6160.034 4309.205
7092.467 4104.630
6807.324 3307.283
6927.722 3936.257
6691.937 4221.440
6922.505 4166.566
6216.763 3251.108
6168.896 4035.145
6946.982 4171.624
7260.453 3623.602
7224.084 3865.235
6238.773 4064.476
6851.661 3343.726
6453.346 4022.564
7001.894 3724.351
6634.854 4322.401
6627.425 3495.190
6260.573 3812.125
6513.629 4215.696
7137.766 4160.012
7020.334 4228.308
7006.489 4046.596
6564.167 3947.424
7021.403 4089.207
6719.926 3957.164
6377.346 3777.263
6345.986 3588.264
6561.692 3313.273
6452.395 4212.657
7087.537 4068.676
6881.149 3570.487
6464.874 3523.937
7059.068 3645.960
7091.507 3896.191
7180.995 3499.832
6992.098 3879.477
6751.240 4070.277
6538.954 3293.754
6562.250 3982.749
6159.047 3470.682
6689.502 4197.769
6704.240 3455.424
6497.608 3566.158
6986.331 3772.960
6155.604 4345.033
6260.269 4089.612
6623.603 3927.794
6237.602 4121.897
7247.486 3627.014
7270.454 3656.713
6371.799 3993.359
7185.749 3370.618
7252.751 4107.023
7125.598 3395.426
7096.825 3824.032
7076.343 3592.803
6188.915 3747.874
6810.776 4057.844
6598.540 3389.657
6956.944 3626.373
6779.559 4289.510
7260.209 3848.332
7224.801 3410.460
6530.847 3274.972
7149.873 3690.437
6207.036 3491.329
6239.813 4099.082
6544.969 3246.377
6204.353 4234.653
7006.568 3527.647
6388.628 3753.273
7225.515 3971.885
6522.295 3384.612
6184.394 3729.457
6429.698 3616.764
6321.709 4164.604
6914.323 3588.545
6862.891 3600.033
6605.824 3398.757
7132.782 3470.879
7075.776 3247.626
6313.456 3483.178
6233.034 4009.657
6818.493 3408.547
6381.043 3496.397
6440.412 3719.113
7113.885 3816.723
7090.265 4155.281
6540.347 3389.645
6387.460 3750.261
6622.106 3756.889
6436.754 3498.365
6540.434 4136.808
7145.412 3291.300
6197.101 3808.661
6183.176 3471.710
6285.555 4208.592
6366.024 3488.766
6262.204 3769.130
7071.242 3235.726
6339.289 3872.552
6345.340 3750.380
7179.555 3914.885
6885.356 3451.547
6786.314 3728.162
6614.720 3687.818
7050.736 4300.983
6526.966 4343.380
6453.003 4333.853
6687.134 4337.531
6254.651 3970.137
6835.544 4319.588
7240.724 3415.624
7168.392 3502.674
7040.076 4342.680
6485.764 3541.591
7012.829 3732.460
7026.151 3820.802
6374.034 3984.631
6590.741 3848.224
7224.325 3782.915
6872.909 4231.738
6463.068 3364.761
6232.475 3510.548
6983.616 3266.184
6583.195 4131.279
6373.980 3799.169
7087.821 3284.205
7155.605 3609.456
6699.769 4344.128
6529.882 4181.468
7219.439 4258.374
6407.262 3991.586
7017.603 4097.846
6731.906 3554.490
6663.338 3751.913
6980.448 3820.204
7145.893 4028.653
6143.989 3970.221
6471.543 3833.105
7097.851 4223.467
6393.810 4161.585
7225.372 3998.432
6669.051 3509.569
6974.772 3707.337
6387.938 3630.289
6999.503 4047.629
6590.780 3436.125
6903.914 3450.888
6730.185 3748.095
6203.483 3594.137
6627.764 3521.359
6336.928 3725.071
7141.105 3489.633
6332.334 4100.613
6442.399 3450.809
6966.983 4085.843
6679.180 3365.930
6632.914 3495.386
6355.089 3771.636
6973.825 3731.243
6943.883 4195.448
7132.896 3258.170
6760.919 3550.592
6279.865 4018.698
6480.446 3771.021
6537.170 3506.490
6604.375 4291.702
6943.086 3585.679
7233.489 3371.032
6486.777 4209.472
6383.834 3223.999
7257.911 4317.049
6850.683 3230.266
6273.109 3260.261
6893.960 3423.769
7178.466 3783.728
6206.522 3399.711
7070.031 3634.512
6828.099 3826.957
6819.443 3836.114
6902.871 3508.770
6209.576 4333.269
6530.728 3767.681
7149.663 3346.239
6641.279 3884.578
6946.959 3724.823
6951.064 3644.689
7194.589 4224.999
6310.779 3800.565
7146.914 3651.537
6636.133 3309.631
7038.474 3315.947
6524.360 3369.829
6229.629 3384.280
7046.098 3448.439
7026.304 4337.688
6566.248 3637.472
6891.158 3315.580
7008.082 4092.869
6758.029 4094.920
6741.197 3363.941
6669.932 3278.089
6771.449 3450.787
6705.575 3386.133
6561.762 3360.068
6796.036 3416.109
6147.801 4209.202
6701.609 3906.673
6406.185 4106.195
6869.548 3392.997
7135.706 3650.473
6454.520 4118.623
6497.402 3970.605
6170.495 3535.358
6590.402 3641.652
6624.154 3269.109
7139.532 3476.749
6262.891 4171.979
7041.011 3850.028
6437.540 3393.988
7132.510 4034.440
6956.296 3285.171
6886.220 4191.114
6630.449 3736.229
6793.055 3419.121
6350.144 4025.953
6332.693 4338.065
7199.165 3507.688
7100.601 4317.463
6652.998 3485.293
6610.872 3387.138
6894.452 3355.199
7083.880 3890.389
6808.452 3402.322
6372.127 3527.935
7073.277 3405.510
6642.385 4102.915
6572.942 3732.120
7122.279 3224.742
7137.094 4289.674
7148.203 4314.368
6744.754 4094.284
6796.505 3599.332
6646.133 4232.178
6972.417 3667.180
6185.320 3859.402
6757.030 3282.385
6834.699 4324.102
7006.092 3229.708
7169.084 3967.425
7248.598 3273.035
6931.330 3686.917
6967.809 4255.793
6541.950 3285.896
7250.259 3680.765
7078.487 3780.087
6227.081 3840.735
7101.054 3498.893
6328.070 3405.534
6170.912 3926.126
6546.336 3875.615
6997.881 3564.657
6181.376 3390.726
6395.719 3780.036
6338.923 3569.805
6655.267 3284.122
7000.290 4277.996
6602.194 4116.967
7269.509 3563.530
6616.331 3789.158
7175.943 4321.168
6860.088 4194.504
7001.825 3555.342
6140.080 4087.891
6222.400 3586.385
6230.321 3850.932
7119.909 3224.054
6495.271 3769.681
6538.532 3506.365
6661.261 3668.021
6278.464 3604.348
6941.695 3552.349
6625.140 3442.709
7075.263 4289.668
6265.260 4103.254
6747.949 4066.501
6800.504 3991.443
6292.559 4238.032
6589.220 3979.948
6819.337 3252.078
6189.823 4357.010
6550.000 3602.206
7258.069 4126.833
6245.487 4109.537
6631.689 3729.986
6599.153 3839.132
6942.367 3323.219
6358.722 3666.322
6629.650 4205.918
6682.443 3402.415
6387.478 3923.871
6687.018 3717.576
6360.005 4318.172
6354.533 3933.622
6580.555 3268.665
6563.600 3698.247
6445.863 4199.158
6257.366 3542.421
6726.059 3876.996
6139.635 4132.991
6282.885 3537.233
7112.784 3570.398
7035.077 4006.407
7015.026 4354.850
6400.674 3441.524
7169.103 3342.042
7175.136 3225.738
7003.530 3674.612
7165.674 3328.942
6579.135 3762.026
6917.591 3448.858
6726.080 3807.133
6809.749 4092.688
6669.007 3512.359
7209.685 3939.764
6924.815 3775.540
6880.845 3866.639
7222.437 3482.461
6175.797 4329.487
6979.445 4310.907
6399.036 3395.971
6440.079 3986.362
6627.210 4331.567
6788.005 3560.014
6761.237 4197.466
7238.909 3259.144
6804.661 4156.232
6504.431 3911.095
6561.196 4005.315
6773.745 4341.486
6722.244 3937.249
6729.377 3323.811
6543.068 4019.245
6839.546 3757.606
6519.718 3338.605
6980.302 3393.081
7239.358 4163.061
6978.122 3650.613
6216.026 3937.072
6439.031 4048.005
7077.276 4076.815
7106.156 3501.241
7017.751 3726.530
6717.871 3252.951
7210.627 3747.424
7147.782 4030.697
6769.286 3999.038
6588.340 4010.683
6445.175 4074.626
6453.516 3882.786
6701.021 3273.358
6690.297 4050.843
6371.536 4179.445
7004.752 3973.197
6370.499 3629.873
6687.014 4084.326
7085.955 3802.874
6223.375 3675.570
6601.334 4320.090
7046.007 3829.046
6882.149 4313.226
6537.396 3574.961
6407.007 3295.851
6462.962 4018.834
6656.275 3473.770
6472.616 3489.417
6342.276 3577.404
7023.296 3508.387
7129.901 3733.580
6577.068 3552.270
6216.012 4115.352
7173.644 4306.476
6962.194 3504.910
6214.483 3766.440
7109.040 3516.828
6773.725 3240.994
6742.939 3876.503
6356.896 4020.066
6966.531 4217.526
6805.364 4342.031
6985.400 3411.497
6951.044 3618.696
6824.723 3692.584
6262.207 3452.036
7122.454 3432.029
6677.761 3932.064
7100.807 3660.477
7128.373 3866.414
6243.322 4165.456
6303.466 3980.401
6630.420 4028.022
6268.353 4056.509
6728.736 3985.825
7212.238 3563.967
6165.559 3692.728
6911.902 3496.768
7021.061 3317.064
6807.959 3972.892
6636.456 3742.664
7026.045 3604.630
6889.840 3313.963
6604.160 3778.793
6791.370 3975.463
6563.880 3556.815
7015.235 3369.104
6448.094 3572.767
7170.992 3995.748
6198.426 3336.035
6153.868 3811.547
7044.784 3621.764
6396.020 4112.781
6320.043 3977.593
6936.154 3864.482
6912.693 3922.132
6782.201 4199.837
7000.945 4317.731
6388.955 4066.875
6349.777 4237.588
7116.946 3919.466
6460.091 4254.211
6681.864 4325.999
6160.792 3352.111
6927.896 3569.381
6715.513 4211.931
7072.878 3616.147
6499.147 3609.040
7133.719 4339.633
7126.149 3868.112
7149.056 3492.233
7152.251 4094.793
6284.030 3731.808
6822.363 4322.572
7178.802 4033.044
6811.977 3460.464
7070.980 3695.237
6380.144 4145.652
6741.493 3871.869
6231.557 3479.538
6661.226 4220.828
6372.029 4147.396
6572.136 4116.690
6348.884 3637.607
6712.141 4064.827
6905.543 4218.292
6590.027 3909.671
6258.791 3430.119
7065.095 3527.062
6916.158 3738.473
6969.433 3659.171
6609.074 3422.374
6494.690 3280.533
6352.213 3520.579
6387.374 3321.334
6556.077 3903.652
7108.558 3282.426
6338.942 4271.876
7024.955 4071.718
6193.366 3584.215
6982.867 4173.765
6783.131 3497.072
7005.815 3366.144
6266.233 3568.753
6333.303 3508.078
6431.056 3439.945
6294.183 3863.421
6919.380 3563.254
6225.024 3793.848
6894.873 3397.160
6862.886 4296.737
6339.535 3874.080
7131.596 3960.957
6824.641 3878.227
7067.628 3550.330
6311.621 3868.784
6577.746 3688.390
6841.284 4327.563
6155.025 3543.759
7098.006 3484.775
6462.652 4108.757
7006.375 3390.553
6857.360 3965.373
6204.047 3493.262
7268.336 3318.350
6516.671 3742.733
6243.579 3732.551
6512.228 3609.508
7042.280 4181.566
6411.118 3989.942
6868.591 3570.031
6318.435 4266.654
6917.283 4090.406
6638.919 3331.883
6646.197 3378.610
6240.189 3607.127
7141.362 4043.861
6597.037 3299.168
7099.174 3241.874
6181.163 4252.288
6882.620 4030.500
6930.053 3834.546
6859.747 4167.659
7207.624 3910.123
6722.629 4166.861
6422.754 4084.452
6138.494 4066.958
6157.627 4240.970
7017.060 3947.197
6953.108 3756.223
6431.590 3709.935
6302.501 3613.286
6282.744 3603.926
6314.159 3258.595
6776.824 3983.912
6769.231 3320.028
6494.244 4221.410
7245.299 3629.473
6633.221 3787.375
7003.522 3506.401
6283.427 3382.495
6924.671 3824.901
6393.242 3322.947
6743.862 3517.313
7204.577 3706.285
6366.055 3893.126
6388.476 3880.528
6343.770 3490.657
6632.107 3618.030
6385.716 3693.654
7217.849 3848.553
6787.893 4206.462
6842.983 3599.823
6240.801 4292.415
6285.155 3737.213
7179.800 3338.614
6282.223 3378.461
6689.623 3225.362
6401.349 3861.742
6494.826 3858.146
7221.449 3856.750
6323.867 3942.798
7020.899 3935.690
6752.485 3285.608
6885.820 4186.057
6895.093 3584.604
6467.666 3279.038
6493.620 3798.399
6520.468 3326.682
7197.706 3773.918
6330.482 3750.379
6313.712 4170.481
7203.028 3793.059
6516.581 3943.237
6625.753 3947.826
6247.794 3883.702
7263.222 3896.904
6619.168 3303.033
7124.837 4359.800
6429.019 3247.475
6994.756 3840.200
6168.410 4350.638
6917.999 3940.184
7234.290 3225.140
6156.470 4298.099
7106.130 3257.297
7101.802 3536.377
7039.719 3976.618
7119.698 3969.721
6499.995 3881.885
6627.117 4078.474
7203.005 3265.483
6501.165 4286.349
6956.529 3314.006
6907.811 4114.315
6629.589 3256.616
6305.831 4154.163
6513.500 4066.635
6563.948 4078.411
6764.141 3740.402
7031.033 3965.157
6195.967 3312.460
6185.238 4118.714
7048.819 4091.509
6791.954 3696.993
6269.224 3518.568
6921.560 3821.347
6862.801 4207.941
6664.955 3682.083
6404.671 4002.641
6639.858 3314.736
6568.194 3557.733
7243.796 3603.428
6466.249 3531.251
7085.370 3906.330
6445.222 4050.637
7193.043 3817.086
6486.850 3301.118
6379.059 3758.736
6593.968 3324.741
6735.280 3823.500
6534.810 3588.276
6825.908 4245.221
6935.408 3588.630
6737.365 3743.521
6754.037 3660.266
6278.797 3725.962
6744.359 3803.340
6889.219 3826.505
6746.817 3824.715
6204.772 3293.911
6581.439 4043.252
6728.738 3501.760
6562.924 4144.625
6607.296 3959.151
6719.273 3323.980
6960.735 3657.088
6790.890 4243.390
7263.767 3655.460
6751.121 4313.782
6446.028 3449.961
6970.474 3866.398
6822.731 3555.812
6477.258 3757.136
6250.445 3554.011
7180.379 3973.624
6165.655 3465.752
6600.715 3489.814
6276.183 4353.172
6937.663 3377.579
6889.084 3990.624
6298.660 3543.616
7266.421 3567.388
6740.531 4180.235
6603.319 3874.898
7078.264 3872.780
6535.530 3943.626
6816.212 3921.597
6890.527 3293.850
6683.688 4202.345
6922.552 3506.050
6574.722 3989.265
6443.034 3365.574
6812.927 4339.198
6531.857 4342.469
6947.733 4094.255
7030.663 4012.586
6463.006 3699.670
6145.195 3681.866
7071.600 3439.327
6313.839 4151.457
6651.167 3900.030
7012.045 3376.373
7178.829 4259.367
6473.795 3584.026
7113.279 3456.124
6403.402 4047.916
7091.669 3999.091
6999.230 4313.097
6441.007 4311.331
6272.170 3675.197
7147.523 4181.656
6820.826 4288.049
7096.041 3962.422
6548.885 3407.321
6321.147 3727.869
7131.866 4045.287
7025.672 4026.551
6483.733 3669.772
6225.673 3313.022
7030.769 3996.186
7171.971 4045.814
6640.700 3786.898
6344.755 3285.136
6843.269 3652.023
6302.237 3374.909
6332.435 4094.529
6623.012 3253.970
6950.437 3262.192
6667.926 3674.818
7151.872 4186.313
6909.711 3668.524
7134.353 4016.166
6575.107 3432.128
6381.850 4044.325
6450.089 3915.029
7049.083 3266.918
6956.686 3555.948
6970.264 3930.373
7034.792 3238.255
6495.612 4293.555
7259.480 4031.436
6442.125 3678.232
6951.549 3613.197
7269.284 4266.860
6982.732 3534.838
6192.441 3680.906
6263.574 3416.213
7273.902 3470.711
6208.844 4083.446
6530.348 4024.018
6685.393 3488.663
6629.085 4022.654
6586.843 4016.804
6502.412 4317.581
7219.233 3402.755
6884.591 3874.040
6818.754 3232.309
6761.596 3705.775
7157.796 3703.024
6449.320 3284.164
6636.875 3733.971
6463.227 3916.304
6580.721 3683.712
6329.422 3855.494
6727.038 4159.132
6162.971 3534.982
6231.651 3497.766
6146.351 4348.272
6516.806 3497.602
6606.196 3663.707
7231.728 3824.872
6483.067 4006.550
6336.570 3892.516
6414.138 3993.431
6695.793 3726.655
7193.449 3334.760
6225.906 4256.323
6154.403 3260.165
6783.902 4176.780
6394.143 3602.666
7073.261 3680.163
6467.220 3608.658
6293.942 3643.126
7195.859 3591.364
6850.478 3478.877
7056.728 3931.185
7102.358 3332.038
6191.874 3249.030
6317.822 3333.849
6457.055 4076.075
7106.114 3742.768
6977.340 3577.941
6620.747 4145.548
6188.024 3882.139
7244.651 4122.361
6691.994 3298.235
7012.145 3417.518
7010.523 3356.033
6681.383 3589.185
7028.159 4238.101
6241.362 3231.933
6714.386 3811.546
6837.085 3533.157
6632.760 3537.648
7217.879 4152.864
6815.380 3907.530
7021.651 4033.066
7189.127 3838.941
6369.210 3231.696
6148.410 4139.642
6553.671 3656.629
6481.763 3758.968
6446.714 4114.716
6410.080 4238.706
7047.303 4009.672
7136.335 3640.208
7144.598 4253.896
7215.167 4339.820
6395.774 3539.745
6169.281 4352.888
6785.034 3833.997
6833.625 4049.702
6691.281 3774.423
7243.524 3244.182
6682.431 3988.958
6158.441 4259.727
6525.168 4147.037
6317.882 3986.878
6930.702 3359.172
6373.226 3784.240
6383.726 3854.838
6641.621 4350.044
7009.554 3747.549
6684.491 4060.445
6770.528 3795.317
6139.868 3419.620
7233.639 4098.059
7157.079 3307.413
6474.044 4204.813
6367.493 4312.442
6809.211 4336.566
6394.943 3805.980
7202.798 3902.020
6585.747 3528.361
6526.863 3642.038
6812.485 4020.897
6882.086 4159.269
7127.027 4267.501
6486.024 3314.033
6572.011 3299.057
7163.323 4036.020
6853.560 3490.598
6929.711 3308.922
6949.990 4180.425
6189.459 3392.752
6248.257 3986.096
6562.700 3544.342
6450.284 3578.664
7085.812 3404.345
6675.724 3774.296
6669.328 3282.443
6593.257 4231.931
6872.949 4196.637
6666.192 3489.444
7236.857 4040.643
6188.061 3801.705
6597.961 3520.336
7229.057 3623.339
6165.689 3559.730
6793.140 3682.256
6613.837 3948.319
6250.151 4236.572
7020.559 4109.174
6265.919 4319.579
6434.921 3969.244
7000.174 3379.355
6265.367 3568.361
6896.224 4126.106
7135.135 3892.873
7081.794 3874.806
7067.399 3354.416
7099.297 4139.017
6482.871 3856.475
6826.216 4207.907
6630.594 3918.748
6676.249 3844.309
6525.512 3836.538
6774.621 4267.258
7128.341 4065.251
7234.625 3815.625
6480.244 3607.317
6961.673 4108.720
6427.894 4029.140
6714.272 4136.428
6742.858 4332.175
6918.390 3278.545
6299.034 3526.036
7080.809 3502.842
6177.691 3412.956
7032.908 3946.474
7015.537 3730.219
6451.354 3713.604
7227.893 3770.333
7176.717 3847.507
6164.157 3924.918
7040.249 3879.140
6153.531 3226.740
6912.461 3718.937
7213.611 3792.317
6556.907 3843.683
6823.249 4050.463
7066.381 4236.219
7269.527 4222.491
6983.529 4147.580
6623.599 4116.325
6326.624 4058.938
6578.582 3547.130
7025.961 4299.376
6679.510 3866.900
7006.142 4264.596
6971.119 3426.394
6160.820 3713.868
7224.957 4101.575
6178.098 4061.871
7161.073 3638.351
6282.169 3494.261
7134.184 4162.038
6221.509 3388.624
6643.644 3445.044
7105.284 3611.408
6778.226 4222.353
6392.876 3883.759
6915.269 3689.822
6308.650 4042.466
6809.464 3743.800
7188.653 3626.760
6231.745 4057.876
7072.135 4309.898
6232.679 4027.306
7112.854 3947.939
6992.401 3522.102
7191.068 3710.822
7274.234 3545.654
7169.447 4197.550
6354.303 3288.007
6472.345 4180.181
6664.038 4308.597
6906.092 4227.077
6820.329 4146.078
6792.214 3932.559
6883.863 3810.675
6686.021 3253.341
6530.155 3257.552
6525.579 4222.349
6626.843 3473.572
6170.498 4217.588
6391.730 3519.364
7114.222 3679.864
7142.713 3339.173
7157.538 4223.135
6917.224 3384.546
6910.734 3389.490
6967.584 3718.140
6289.524 3948.760
7071.398 3671.227
6295.372 3486.827
7049.058 3885.929
6355.800 4316.518
6261.042 4151.216
7243.518 3695.276
6788.262 3859.886
7128.667 3740.431
6221.893 4272.201
7043.595 4211.330
7021.218 3813.016
6560.475 3369.615
6278.313 3963.276
6217.703 3986.763
6440.863 4226.534
6498.906 3525.713
7127.210 3294.809
6196.018 4260.088
6551.377 4255.472
6351.766 3323.320
7148.171 4173.720
6348.665 3297.190
6875.157 3246.416
6915.389 3330.403
6457.961 4116.353
6838.579 3773.122
7003.972 4279.661
6529.034 3226.258
6657.382 4020.174
6951.606 3816.193
7000.977 4154.895
6203.774 4003.825
6275.078 4292.604
6858.597 4082.813
7198.674 3729.234
6966.486 4251.176
6153.373 4034.686
6196.748 3941.465
6949.056 3397.427
7004.090 4347.360
6955.269 4031.563
6468.216 3474.545
6811.325 3360.750
7187.904 3593.592
7139.595 3729.833
6660.077 4156.951
6521.831 3694.454
6401.983 3357.476
6935.022 3641.520
6204.926 4287.385
6328.879 4032.416
6443.092 4330.489
7262.767 4113.363
6904.007 4156.996
6852.925 3585.839
6946.243 3462.566
6968.672 4300.432
7150.688 3426.254
6155.224 3526.603
7048.377 4162.003
6479.623 3236.247
6456.800 3698.433
7273.902 3439.946
7141.262 3923.900
6826.365 4358.116
6921.966 4099.850
7082.353 4131.642
7105.580 3998.518
6530.160 4019.764
6155.420 3835.326
7076.632 3362.962
6522.991 3387.211
6372.191 3434.824
6551.869 3413.908
7212.515 4327.818
7228.390 3771.574
6250.551 3953.211
7222.528 3955.896
6558.516 3660.865
6400.769 4102.536
6953.721 3908.911
6363.063 4319.218
6482.638 3227.232
6212.616 4216.597
6224.462 4018.999
6454.176 3536.283
6409.153 3965.097
6308.606 3238.292
6521.515 3795.762
7230.658 3414.625
6724.974 3355.729
6969.675 4233.557
6853.744 3982.521
7033.208 3647.545
6562.442 3995.959
7184.168 3377.002
6397.332 4201.941
6386.174 3442.210
6564.930 4267.648
6547.389 3435.651
7177.974 3579.642
6430.433 3845.069
6890.733 4222.296
6480.480 3303.231
6155.429 3572.164
6472.358 3894.064
6546.695 4153.804
7020.815 4178.774
6307.825 3644.695
6954.585 3449.591
6493.844 4198.989
6651.356 3623.801
6310.453 3289.388
7150.679 4251.068
6481.459 3646.114
6967.814 4344.493
6869.635 3568.364
6982.503 4341.431
7098.296 3460.697
7139.494 4125.269
6843.087 3343.635
6925.378 3505.771
7196.824 3991.290
7141.376 4143.234
6327.893 3592.380
6661.653 3819.262
6379.767 3433.699
6832.454 3681.343
6832.780 3385.422
7245.279 4229.781
6428.429 3229.862
6256.567 3960.129
6667.566 3262.527
6220.808 3362.652
6364.986 3478.536
7117.927 4352.011
6916.813 3594.686
6820.433 4356.143
6227.704 3688.490
7054.992 4288.839
6931.775 4345.130
6721.478 3751.561
7037.818 3858.040
6470.631 4327.591
7069.435 3995.541
6543.673 3736.631
6652.510 3467.960
7207.639 3586.941
7207.808 3888.001
7083.122 4293.385
6497.629 4029.889
6958.669 4174.461
6283.012 3716.977
6837.529 3672.856
6878.686 4327.355
7178.065 3268.111
7195.547 4330.997
6607.554 3940.882
6751.971 4171.837
7159.045 3933.505
6635.462 4357.289
6395.904 3579.375
6310.241 3707.642
7262.301 3439.761
6534.892 3246.368
7009.108 3544.722
6461.511 3443.156
6175.164 3976.802
6569.699 4340.962
6970.495 3300.909
6873.521 3640.171
7131.377 3333.794
6502.057 3347.507
6508.001 3419.706
6740.694 3292.174
6433.403 3695.451
6966.185 3459.676
6378.473 3489.858
6778.474 3446.785
7200.726 4131.439
6299.768 3739.710
6734.979 4171.629
6677.156 3775.349
6500.309 3242.001
6266.647 3466.073
6997.945 4217.647
6276.643 3415.082
6332.680 3978.997
6784.254 3570.518
6319.593 4180.235
6282.455 3627.403
7205.451 3900.115
6637.950 3521.510
6821.191 3757.108
6659.125 3545.165
7127.984 4298.982
7103.079 3830.558
6567.894 3351.218
6568.090 3386.611
6277.412 4198.983
6598.994 3804.505
6285.707 4340.393
6673.754 3436.695
6659.195 3421.570
6871.833 3320.712
6943.355 3707.322
7085.479 3230.601
7147.144 3381.805
6911.198 3397.402
6711.925 4183.302
7144.400 4039.530
6577.539 4133.000
7109.523 3460.448
6270.421 4321.287
7110.187 4254.523
6979.061 3749.361
6239.192 3288.875
6502.039 3475.580
6294.046 3576.846
7196.325 4095.268
6185.912 4252.740
6408.582 3621.507
6749.148 3916.645
7222.085 4249.463
6480.566 4181.573
6665.078 3691.077
6270.733 3521.374
6449.952 3919.307
6146.231 3566.072
6484.179 3798.557
6392.009 3661.468
7191.190 3904.418
6799.216 3310.898
6513.926 3996.235
6337.541 4087.276
6509.743 4033.854
6567.088 3466.433
6645.178 3719.370
6279.035 4261.239
6515.953 3505.667
6745.630 3935.299
6248.944 3322.729
6626.222 3757.295
7228.216 3341.044
6767.801 3431.091
6612.223 4197.290
6213.420 3270.721
6715.488 4104.141
7259.012 4249.849
6364.339 3348.353
6773.480 4293.825
6974.879 4338.119
6203.925 4300.168
6200.106 4074.262
6440.615 3249.792
6525.408 4326.523
6408.351 4319.843
6493.764 4308.630
6180.605 3274.508
6717.510 3818.930
6242.539 3812.700
6197.671 4118.289
6865.458 3360.307
6959.766 3351.105
6335.629 3454.464
6588.242 3461.249
6326.935 3461.151
7245.605 3648.537
6643.445 4038.918
6383.835 3810.319
6424.261 3290.424
6576.054 3989.845
6669.831 4005.820
7033.433 4051.454
6356.903 4277.616
6312.371 3579.644
6296.063 4006.991
6193.916 3866.995
7177.655 4132.379
7147.057 4015.610
6903.179 3526.361
7096.546 3965.741
6871.308 3749.768
7244.639 3595.728
6775.164 3801.487
6208.018 3579.697
6609.818 3430.747
6486.173 4336.971
7189.744 4127.227
6707.569 3673.522
6629.963 3380.681
6984.875 4254.547
6301.669 3658.098
6209.258 3740.542
6264.726 4021.074
6175.481 3871.338
6480.168 3994.152
7130.943 4135.414
6270.925 3901.040
7083.428 3377.022
6478.214 3311.247
7149.608 4342.046
6946.567 3574.480
6584.564 3799.322
6492.326 3561.178
6162.154 4186.110
6789.912 3996.716
6230.172 3430.350
7054.245 3512.965
6511.782 3432.324
6685.893 4060.846
7033.936 3907.143
6565.509 3564.558
6816.611 3919.244
6686.265 3697.889
6455.294 4155.796
7111.889 3998.213
6350.905 3544.102
6175.245 3530.911
6742.372 3815.481
6819.308 4069.911
7141.671 3700.760
6160.645 3836.523
6466.441 3720.916
6794.198 3598.025
6265.343 3561.413
6214.731 4197.683
6272.014 3438.081
6449.206 3383.473
6192.573 3619.134
7072.965 4249.397
6165.856 3405.740
6991.647 4140.644
6796.738 3442.793
6298.953 4176.398
6991.414 4200.463
6676.472 3526.466
6644.464 4078.072
6551.128 4179.515
6450.900 4359.919
6710.512 3928.297
6263.564 3259.897
6791.863 3594.362
7107.055 3637.612
6645.861 3291.387
6353.423 4322.261
6708.813 3703.925
6830.605 3231.945
6561.720 3913.002
6361.494 3612.492
6286.671 4136.885
6662.446 3246.418
7236.659 3759.180
6944.525 3644.872
7203.084 4284.203
6335.683 3672.319
6716.233 4043.221
6493.817 3520.236
6933.138 3351.769
7109.148 3334.025
6481.871 4152.832
6194.982 4331.154
6792.353 3737.791
6701.674 3794.240
6279.067 4017.001
7202.238 3613.532
7143.475 3357.328
6403.221 3596.550
6143.596 3242.069
6344.077 3777.852
6785.616 3873.589
7082.079 3646.013
6551.400 3789.124
6667.488 4243.092
6300.559 4088.660
6189.761 3861.926
6838.554 3534.357
6673.498 4176.948
7124.729 3821.479
6878.119 3465.839
7109.118 3656.594
7102.684 3617.638
6569.660 3536.026
7273.151 3451.373
7003.487 3289.768
6645.534 3802.222
6257.200 3613.891
6307.643 3920.119
6577.454 3855.103
6632.306 3433.374
6318.620 3453.623
6217.589 3657.810
7235.443 3779.104
7142.693 3395.134
6757.523 3404.222
6822.697 3308.201
6272.377 3418.939
6715.646 4068.677
6649.490 4146.109
6920.671 3232.070
7068.478 3673.605
6363.438 3299.065
7148.672 3493.799
6619.484 4081.275
6499.101 3255.385
6327.122 4148.953
6844.798 4134.646
6558.027 3912.845
6655.301 3774.933
6195.303 3983.112
6549.157 3908.377
6656.833 3367.184
6308.622 3959.239
6850.471 3567.644
6758.942 3426.431
6440.731 3732.605
7204.709 4030.429
6245.887 3877.502
6411.206 4215.241
6407.270 3675.436
6719.576 3522.821
7122.823 3277.770
6738.754 4229.838
6251.466 3836.494
6950.760 3841.231
6467.972 3397.829
6579.919 4126.516
6405.291 3976.215
7022.595 3610.391
6159.112 3622.683
6537.199 4216.439
6298.023 4247.680
6434.892 3311.020
7037.757 3552.894
7197.138 3884.863
6510.391 3940.931
6430.251 4198.583
7004.075 3379.762
6752.487 4143.567
6471.343 3890.667
7204.815 3569.165
6865.521 3487.849
6835.279 3876.763
6428.993 4119.807
6492.614 3268.209
7192.792 3868.061
6172.141 3632.191
7252.573 3710.586
6947.590 3870.080
6527.210 3498.152
7020.049 3506.276
7178.897 4194.631
6494.456 3269.770
6453.770 3952.660
6520.021 4158.961
7216.153 3446.284
6964.491 3996.960
6936.642 3899.874
6354.279 3510.068
6152.806 3772.266
6774.118 3493.857
6865.686 3650.238
6830.091 3743.230
6925.664 4178.249
6804.894 3497.302
6599.335 3631.473
6357.839 4268.049
6444.012 4298.505
7044.769 3965.163
7020.819 3682.197
7017.862 4344.790
7003.553 3910.065
7173.133 4328.726
6327.814 3412.102
7182.914 4048.045
6193.473 3543.164
6382.609 3704.905
6790.909 4240.915
6563.384 3778.303
6736.571 4110.514
6839.824 3339.344
6906.936 4066.527
6575.290 4305.745
6987.900 3261.915
6767.733 3265.005
6552.308 4258.484
6922.962 4102.621
7269.510 4054.020
6280.561 4218.946
6505.053 3798.528
6972.746 3627.553
6681.692 3263.737
6512.387 3866.855
6845.672 3298.840
6371.104 4291.002
6318.389 4025.680
7265.596 4018.299
7003.225 3868.514
7008.672 3596.402
6363.845 3672.864
6203.457 3588.398
6941.726 3492.566
6247.320 3288.453
6183.766 4243.733
6553.303 4011.977
6661.400 3561.315
6300.081 3914.130
6153.381 3935.483
6374.432 3914.999
6217.241 4057.911
7125.023 4077.506
7251.899 3398.831
6629.827 4161.644
7135.296 4324.579
6275.945 3964.120
6403.877 4150.218
6578.654 4245.871
6863.291 3376.871
6973.170 4147.716
6334.660 4275.445
7044.007 3900.225
7076.200 3548.490
6781.049 3504.186
6557.423 3477.930
7152.983 3966.474
6478.389 4058.311
7003.753 3909.126
6820.964 3731.817
6944.984 3640.767
6192.330 3961.777
7257.288 3914.550
6872.242 3703.727
6241.325 3466.508
6809.495 4150.023
6505.116 3405.131
6768.449 3280.855
6649.728 3989.941
6188.967 4282.899
7063.456 3446.944
6339.599 3947.855
7065.059 3427.305
7168.703 3266.455
6462.732 4335.599
6342.093 3930.352
7256.779 3799.840
6398.974 3951.487
6862.965 4214.574
6539.087 4269.599
6260.123 3883.697
6361.530 3530.115
7037.464 3362.696
6403.172 3430.561
6607.957 4253.743
6259.959 3466.770
6541.269 3590.699
6628.431 4302.781
6367.604 3723.961
7020.187 4183.816
6769.630 3764.869
6647.114 3927.088
6659.380 3784.855
6513.091 3470.591
6788.694 4271.230
7175.212 3531.646
6406.803 3264.343
6831.452 3847.617
6965.590 3455.311
6686.384 4205.557
6582.629 3980.084
6212.873 4210.942
6982.834 3861.114
6713.356 3481.081
6414.042 3993.675
6169.026 4102.806
6706.551 3879.695
6668.712 4042.862
6277.639 4184.401
7192.213 4192.777
6706.901 3896.270
6956.571 3345.090
6985.943 3294.406
6678.104 3341.542
6504.780 3555.680
6518.468 4190.065
7255.153 3710.732
6533.646 4293.785
7103.783 3463.798
6767.333 3927.425
6359.132 3282.463
6391.849 4044.286
6319.372 4290.146
7258.917 3544.615
6493.718 3916.641
6585.159 4058.564
6669.125 3838.441
7058.111 3989.845
7172.363 3485.027
6995.904 3590.517
6409.546 3456.980
6190.091 4156.052
6561.519 3445.699
6295.923 3812.754
6515.619 3474.456
7246.990 3983.100
6664.378 3386.594
6284.288 3358.124
7265.803 3608.904
6893.096 3502.378
6370.418 3467.729
7002.280 3315.553
6542.592 3857.002
6498.345 3903.276
7003.467 4151.818
6141.314 4023.864
6523.495 3507.198
7180.556 3420.621
7101.742 3620.728
6721.288 3941.709
6216.623 3506.295
6841.407 3502.831
6335.701 3539.608
6962.026 4284.709
6948.796 3576.654
6479.689 3346.409
6450.687 3750.205
6353.438 3740.179
6427.503 3766.663
6555.280 3564.817
7240.505 3476.917
6858.196 4137.181
6703.781 4295.975
6501.649 3687.422
7204.683 4037.864
6736.753 3225.159
7125.178 3852.167
6869.857 3506.215
6724.057 3820.389
6376.417 4134.012
7199.076 4163.761
6243.366 3312.657
6454.700 4315.426
6702.280 3507.496
7158.420 3582.171
6850.161 3848.687
6852.900 3364.860
6609.738 4276.056
7066.798 3349.551
6540.718 4143.689
7234.244 3608.733
7045.527 3873.202
7255.231 3967.696
6587.309 4139.846
6414.430 3976.315
7031.866 3520.908
6846.882 4234.285
6787.518 3280.668
6813.482 3752.553
6540.825 4316.486
7035.318 4180.047
7001.124 3769.452
6939.174 4054.162
6983.245 4063.295
7174.766 3700.680
6206.448 3455.108
6368.155 3352.978
6797.013 4283.016
6833.781 4137.025
7266.448 3384.628
6778.023 3665.330
6667.341 3991.474
6742.029 3495.395
7044.771 3250.019
6959.243 3738.990
6344.988 3825.527
6587.180 3422.415
6521.665 3349.931
7147.253 4296.142
7068.773 4344.676
7262.928 3923.730
6438.553 3349.044
6206.704 4257.116
6577.163 3224.752
6771.856 4358.811
6437.154 4352.640
7237.104 3680.251
6366.513 4342.403
6330.173 3590.846
7121.673 4343.887
6560.186 3555.572
6688.113 3574.668
6462.373 4067.762
6658.191 3288.585
6629.483 4298.286
7056.894 3623.115
6850.519 3825.472
6244.236 4013.221
6335.088 4030.235
6854.337 3578.403
6961.762 3915.712
6699.039 3570.992
7093.551 3698.806
6986.419 3792.669
6984.880 3281.437
6529.596 4139.287
6932.857 3239.058
6300.819 3788.414
7198.493 3907.066
6992.770 3986.776
6675.042 3614.499
7113.966 4157.030
6732.332 3677.770
6621.671 3441.662
6884.638 4226.544
7174.469 3612.053
6607.855 3614.336
6214.893 3581.527
7029.344 4148.355
6577.721 4043.539
7229.059 4323.159
6763.319 3715.316
6404.740 3485.591
6739.842 3622.015
6483.057 3813.753
6327.815 3440.702
6852.902 4340.924
6378.415 4185.036
6192.514 4004.805
7206.774 3579.045
6705.469 3556.965
6490.419 4311.655
7039.093 3490.245
6616.907 4113.551
6764.250 4178.706
6146.791 3249.030
7204.200 4195.706
7169.476 3711.095
6508.515 3696.432
6448.150 3345.854
6435.665 4267.368
6558.867 3746.540
6746.064 3491.548
6820.470 3762.423
7238.303 3795.865
7016.662 3716.773
7062.167 3983.079
7201.080 4316.758
6531.975 3646.962
6637.546 3771.381
6315.913 3655.080
6494.997 4107.409
7051.996 3600.795
7157.101 3623.064
6926.788 4309.081
6622.230 3423.963
6364.701 4261.782
6445.922 4358.915
6669.427 3490.610
6458.521 3829.736
6595.875 3748.089
6928.901 3469.201
7209.438 3278.298
6680.456 3319.325
6286.346 3403.599
7271.834 3810.608
7155.344 3715.984
6306.125 3826.792
6377.487 3630.541
6480.730 3909.763
7138.578 4088.632
6182.588 3331.424
7069.084 4213.793
7037.266 3701.228
6572.528 3723.828
6849.183 3412.175
6636.966 3303.340
6386.258 3952.815
6571.408 3437.243
6753.756 3912.053
6329.459 3782.750
7209.637 3913.845
6946.741 4096.922
6512.458 3874.942
6259.817 4263.548
7031.044 3852.145
6879.893 4244.346
7083.705 3295.949
7031.715 3744.083
6889.442 4178.406
6391.018 3755.530
7057.333 3455.200
6472.206 4021.847
6398.030 3378.535
6783.718 4045.601
6404.982 4105.542
6386.947 4114.248
7015.134 3720.533
7063.233 4153.753
6937.846 3933.535
6863.340 3993.494
6520.608 3439.411
6544.920 3481.666
6391.239 3976.515
6544.241 3339.273
6346.184 3530.779
6635.224 3797.838
6686.051 4285.993
7084.480 3556.645
6939.105 3578.017
7009.870 3676.053
7047.890 3891.808
6176.957 3933.934
6983.888 3651.086
7116.750 3298.961
6320.465 3421.675
6742.331 3870.263
6735.318 4191.144
6902.954 4072.552
6499.580 3383.288
6271.334 3269.856
6198.814 3289.139
6823.142 3371.358
6899.206 4013.690
6196.444 4052.636
6166.057 4178.780
6358.555 4175.805
6806.967 3718.504
7140.943 3944.855
6773.574 3938.484
6684.154 3636.516
6269.914 3467.465
6349.482 3830.193
7010.331 3640.597
7074.474 3388.755
6834.109 4072.336
7147.067 4297.595
7139.638 4142.075
6570.761 3713.745
6556.849 3264.989
6258.855 3540.896
6394.848 3310.915
7115.534 3275.081
6972.159 4167.733
6738.618 4182.514
6954.724 3474.577
6264.713 3413.641
7268.381 3277.224
7029.201 3827.941
6411.295 3719.538
6515.028 4304.041
6692.793 3945.451
6362.426 3534.840
6944.914 4155.636
6528.974 4309.053
6395.087 4165.131
6848.169 4356.357
6315.620 3979.861
6464.936 3860.064
6336.894 3852.656
6567.141 3787.389
6140.615 3299.569
7081.079 4185.976
7028.767 4287.387
6890.043 3261.024
6279.904 3559.861
6461.832 3515.197
6740.332 4072.203
6271.637 3371.440
6669.511 3976.602
6460.329 3565.697
6433.757 4129.800
6930.291 3621.265
6295.986 3682.597
6424.143 3368.985
6507.687 3699.485
6248.802 3921.364
6864.819 3309.886
6857.379 3257.292
6877.815 4238.509
7262.412 3973.950
6815.242 3617.845
7171.924 3669.587
7229.740 3971.414
6504.370 4293.692
7090.231 3480.506
7233.077 4101.623
6582.392 4311.573
6485.187 3993.055
6823.386 3640.028
6142.214 3228.875
6451.593 3409.070
7188.176 3439.594
6629.451 3748.428
7034.985 4161.133
6971.403 3780.346
6881.813 3565.060
6570.114 4046.666
7081.124 4059.809
6823.669 3711.661
6981.769 3636.743
7232.044 3730.700
6859.172 3709.486
6455.663 3766.242
6510.170 3516.771
7261.621 3929.104
6422.116 3421.163
6224.331 3674.074
6663.308 3306.280
6846.777 3775.938
7022.930 4061.178
7188.818 3948.863
6853.495 4069.856
7241.747 3855.222
7207.964 4128.197
6496.398 3352.916
6164.616 3953.282
6471.257 4218.829
6153.019 3803.603
6744.437 3331.407
6810.960 3467.335
6361.526 3335.772
6906.030 4302.125
6359.165 3636.734
6226.022 3534.228
6681.705 3570.820
6990.596 4062.350
6948.104 3964.021
6412.250 3562.976
7021.734 3615.134
6268.630 3879.632
7234.049 3403.133
7076.474 3696.744
6153.448 4036.504
6445.813 3412.051
6538.796 3293.436
6898.868 3384.544
6628.252 4150.822
6795.441 4107.532
7096.860 3449.455
7272.338 3410.845
6731.909 3687.582
6547.260 3737.704
6607.538 3935.198
6940.335 3900.046
6928.915 3545.623
7193.002 3300.771
6231.502 3249.854
7129.223 4232.123
7137.788 4158.043
6349.345 3681.273
7094.338 3967.060
6819.267 3783.206
7239.337 4122.734
6911.855 4089.022
7179.306 3992.053
6379.412 4288.628
6403.466 3912.948
6386.927 4121.476
6986.915 3399.615
6182.798 3575.224
6145.565 4064.697
6171.157 4020.523
6192.112 4013.037
6503.622 3451.860
6255.288 3771.589
6168.969 4012.386
7266.905 3849.818
6210.858 3963.376
6980.894 3940.434
6630.325 4359.634
7229.002 3879.554
7219.569 3605.434
6462.375 4256.474
6792.168 4290.263
6693.747 3524.639
6989.757 3453.610
6565.272 3655.890
6599.026 3308.874
6220.548 3960.393
6791.705 4026.234
6812.729 4339.352
6678.999 3879.438
6897.147 3518.961
6902.699 3721.875
6212.140 3725.032
7175.287 3259.777
6636.856 3502.697
6720.241 3798.902
7056.210 3682.854
6387.236 4239.354
7131.324 4175.019
7253.633 3281.025
7132.289 3971.980
6993.752 4288.173
6933.042 4151.410
6723.142 3405.393
6441.877 3767.136
6718.495 4017.461
6247.623 3329.580
6672.240 3821.513
6632.917 3765.941
6520.725 4223.030
6961.810 4139.899
6318.938 3864.240
6985.988 3337.151
6677.285 4188.826
6217.904 3992.090
6997.533 3369.908
6294.655 3900.026
7201.903 3934.854
6871.939 3518.136
6487.461 3973.934
6237.007 3898.936
7198.920 4114.080
7229.927 4184.226
6971.931 3910.598
6674.188 4005.264
6990.395 3454.756
6285.943 3895.585
6473.174 4035.365
6529.365 4338.251
7033.080 3792.417
6963.546 3583.794
6434.998 3969.499
7081.892 3999.366
6188.492 4205.358
6559.591 4160.253
7207.198 4211.973
6371.346 4227.579
7028.704 4138.184
7094.632 4356.132
6241.556 3268.446
7012.067 3758.068
6975.689 3511.526
6268.071 4060.200
7051.912 3398.993
7231.896 3309.313
6570.947 4268.393
6360.734 4206.796
6383.562 3668.642
6664.835 3658.351
6447.110 3415.963
7217.187 3586.710
6236.026 3691.730
6965.672 3244.615
6744.056 4236.185
6782.146 3867.291
6944.228 3410.580
6582.604 4196.515
6921.826 4048.695
7034.117 3236.538
6604.187 3252.050
6799.902 4316.152
6616.113 4308.808
7204.411 3944.483
6961.270 4042.168
7186.886 4250.247
7047.851 3303.690
7083.826 4140.670
6828.922 3898.751
7219.256 3259.675
6931.405 3528.241
6769.378 3942.633
6869.965 3364.222
7231.994 3859.829
6806.076 3531.302
6811.082 4085.715
6744.718 3246.572
7067.201 3595.167
6646.485 3350.549
6881.656 3958.093
6381.038 3699.698
7026.915 4185.176
6830.289 3366.673
6403.552 4004.058
6378.404 3281.416
6954.506 3932.865
6921.334 4028.297
6606.508 3963.479
6864.254 3567.089
7228.659 3448.821
6965.087 4255.686
6461.529 4067.241
6903.091 3318.540
7000.244 3801.337
6764.299 3336.697
7202.086 3759.712
6163.940 3716.789
6199.095 4341.680
6410.942 3281.937
6536.626 3248.981
6234.598 3819.438
6433.576 3443.470
6293.881 4101.907
6953.935 3596.550
7174.441 3262.174
6857.093 4197.844
6682.630 4049.963
6730.952 3563.443
6502.737 3602.990
6257.671 3644.153
6645.159 3407.739
6279.331 3765.060
6573.557 3639.344
6434.369 4185.310
6821.291 3843.471
6160.447 3801.626
6753.045 3611.193
6740.095 3568.820
6975.924 4019.102
6849.074 3331.620
6727.476 3755.097
6158.379 3272.002
6622.467 3769.276
6864.206 4218.679
6306.432 3483.130
6663.002 4216.314
6934.407 3938.206
7047.285 3685.979
6850.062 4338.034
6846.222 3943.232
7030.426 3763.009
7007.775 4061.550
6929.706 3893.932
6252.746 4328.691
6815.472 4218.196
6482.096 3224.661
6528.245 3600.960
6944.207 3540.908
7271.813 3394.370
6603.263 3317.169
6959.950 3440.455
6835.185 3716.202
6345.903 4191.232
7075.804 4334.740
6790.011 4283.408
7112.504 3478.475
7242.164 4144.372
7255.512 3939.885
7247.983 3852.323
6630.253 3622.877
7157.901 3777.405
6671.246 3266.202
6357.605 4238.072
6921.022 4001.917
7016.943 4343.941
7230.159 3626.149
6932.443 3776.645
6861.846 3322.667
6578.616 4215.782
6488.094 3798.097
6144.082 3546.385
7038.064 3930.888
6375.343 4264.720
7138.393 4053.437
6407.807 3930.690
7240.572 3765.024
6725.989 3226.681
6262.644 3829.573
6252.403 3811.093
7246.021 4305.109
6765.206 3660.115
6231.070 3953.215
6556.636 3771.724
6971.643 3348.594
6617.469 3734.927
6642.897 3414.452
7145.170 4248.510
6710.566 3933.953
6943.028 4109.443
6778.746 4068.240
7029.512 4206.876
6273.672 4228.692
7079.731 4071.612
6174.525 3988.075
6851.514 4229.743
7127.363 3884.019
7251.405 3701.104
6447.904 3627.742
6734.306 3570.112
6345.547 3405.780
6559.551 3379.922
6207.042 3326.978
6379.280 3396.344
7184.603 3527.066
6800.822 4288.671
6670.047 3554.450
7042.292 3545.414
7035.730 4138.522
6962.050 3232.969
6239.476 3517.463
6543.128 4299.016
6980.111 4060.567
6372.442 3668.495
6633.144 3590.126
6142.029 3484.138
6368.609 3718.129
6143.312 3499.188
6300.481 4149.769
6161.136 4069.384
6757.170 4274.027
7154.977 3279.857
6928.843 3406.021
7045.072 4269.558
6220.779 3691.784
6252.751 3780.413
7130.942 4033.228
7199.943 3691.120
7125.220 3366.700
6213.001 4000.067
6264.331 3666.405
6349.099 3574.454
6614.235 3366.865
7009.534 4249.917
6386.617 4206.811
6323.476 4088.724
6154.507 3924.243
6430.071 3314.685
6546.578 3943.938
6585.719 3791.242
6307.322 3473.400
6614.715 3763.585
6766.733 4268.117
6999.250 4066.123
6669.299 3432.281
7015.850 3855.339
6197.904 3434.766
6238.159 3781.718
6886.398 4253.545
6792.036 4086.997
6286.975 3919.622
6235.541 3978.837
7246.309 3592.949
6720.686 4278.766
6356.223 3587.062
6995.082 3439.153
6985.193 4203.565
6250.641 4114.704
6721.594 3795.680
7016.008 4251.530
6918.602 3274.189
7187.764 3236.821
6401.377 3867.997
6911.725 3849.801
7114.623 3826.588
6515.114 3288.270
6841.818 3613.758
7000.621 3828.705
7066.734 3631.274
6794.615 3479.231
6350.648 3852.773
6288.579 3846.821
6971.793 4160.564
6884.780 3859.089
6593.704 3455.843
6185.910 3490.612
6956.170 3349.281
6801.907 3666.156
6511.187 3279.088
6150.110 4031.829
7204.206 3847.216
7167.782 3242.733
6634.157 3299.251
7155.340 3570.632
7014.761 3587.517
6636.821 3830.030
6794.431 3619.496
6357.322 4353.581
6142.284 3440.289
6749.837 3686.116
6251.763 3981.785
6930.608 3344.052
6259.856 3239.951
6370.618 3738.584
6924.707 3445.139
6479.106 4172.114
6302.770 3946.803
7013.431 3549.555
6473.909 3908.318
6943.558 3557.874
6252.168 3447.274
6545.107 3644.692
6362.782 4137.136
6845.465 4251.192
6826.932 3585.030
6981.261 3507.740
6364.936 3656.405
7098.527 3936.204
6338.853 3319.150
6282.801 3857.644
7093.832 3739.330
6266.509 3679.714
7257.909 4241.667
6597.416 3644.426
6672.242 3927.883
6838.567 3969.022
6295.404 3966.031
6634.218 3865.039
7240.624 4104.599
7202.796 3263.743
6623.581 3612.343
6371.995 3667.651
6479.102 3497.902
6570.344 3558.113
6268.697 3334.318
7240.580 4227.281
6299.312 3511.833
7012.548 3526.040
6987.424 3730.068
6593.704 3805.810
6552.056 4071.400
6519.843 4109.640
6263.861 4250.906
6600.785 3974.922
6607.628 3828.380
6626.903 3269.890
6672.978 4137.916
6772.150 3509.747
6853.864 3396.120
6877.909 4059.428
6861.018 3517.695
6877.260 3975.104
6386.620 3247.865
6941.385 3277.452
6442.643 4282.012
6847.444 4014.246
6937.176 3653.112
6231.045 3414.515
6877.679 3479.446
6692.647 4084.020
6588.994 3351.919
6357.297 4198.169
7118.436 3766.967
6598.587 4134.986
6317.565 3584.540
7265.474 3496.699
6352.683 4280.727
7252.140 3580.365
6290.682 4107.006
6734.181 3427.862
6632.480 3552.247
6175.992 3941.433
6510.660 3474.528
6425.184 4301.764
6792.315 3973.156
6684.890 3622.214
7253.060 3308.384
6811.561 3756.745
6631.546 3280.833
6689.836 4144.580
6808.608 4225.017
7093.420 3266.365
6559.883 3451.272
7258.488 3230.921
7226.523 4267.960
6879.925 3392.882
7146.868 3492.466
6617.048 4328.013
6354.161 3742.868
7165.463 4259.532
6532.983 3245.241
6559.035 4232.626
6440.059 3804.964
7150.960 4151.184
7143.970 3318.049
6349.475 3302.882
7255.389 3312.576
6558.306 3361.355
6541.215 3377.126
7210.087 4208.939
7053.393 4176.469
6671.085 3414.966
6876.085 3806.018
6248.997 4147.731
7179.452 3890.393
6220.865 4058.971
7122.723 3669.053
6257.147 3268.490
6688.570 4200.490
6191.437 3343.346
6490.203 3404.181
7070.624 3826.816
6317.479 3948.011
6933.638 4069.615
6663.852 4343.376
6816.290 3777.879
6462.211 3519.387
6256.158 3591.623
6273.479 4116.944
6949.891 4070.309
6310.558 3299.273
6491.169 3872.622
6319.873 3500.781
6355.905 4037.934
6563.462 4103.585
6669.438 3768.796
7178.329 3283.235
7133.805 4222.437
6744.155 3641.095
6747.308 3561.476
6473.506 4207.222
6241.927 4358.379
6344.549 4344.967
6676.336 3903.875
6737.953 3512.373
6333.823 3739.507
6690.320 3696.133
6220.608 3931.114
6215.877 4272.310
6814.705 3963.741
6501.244 4216.677
6996.308 3569.940
6988.278 4261.213
6193.203 4009.284
7056.744 3487.865
7156.582 4146.878
6812.411 4164.873
6417.050 3628.139
7094.894 3353.498
7249.885 3394.476
6770.667 3826.010
6321.103 3628.828
6999.372 3484.747
6905.497 3789.703
6841.478 3292.285
6521.015 3781.267
7231.820 3715.670
6425.264 4060.907
7187.664 3477.088
7202.215 3584.534
6160.263 3337.937
6485.996 3429.745
7188.685 3960.761
6444.119 4300.441
6949.567 4294.148
6331.861 3489.767
7144.271 3391.043
6406.024 3243.266
6954.513 3240.095
6781.276 3594.723
6816.488 4049.644
6280.818 3550.966
6405.711 3742.391
7208.474 3578.929
6166.821 3501.787
7109.841 3990.429
6879.000 3694.058
7156.307 4176.839
7169.527 4054.759
6254.657 3291.345
6916.872 3748.471
7257.732 4031.720
6800.092 3396.339
7035.709 4253.782
6790.033 3661.907
7209.178 3792.725
6859.740 3335.421
6862.684 3653.182
6230.664 3532.285
7120.377 3568.059
6254.262 3384.732
6949.208 3689.008
7015.860 3938.970
6237.933 3553.849
6433.520 3889.201
6329.541 3390.091
6920.250 3692.370
6760.642 4332.935
6880.897 3566.771
6791.164 4273.697
7192.800 3240.412
7094.477 3696.540
7013.559 3745.034
6679.870 3950.015
7131.370 3697.129
6944.482 3692.028
7274.059 4274.800
6829.166 3381.697
7034.740 3882.873
7213.474 4347.745
7272.476 4296.700
7089.949 3865.775
6640.464 3775.305
7178.900 3618.443
6815.306 4253.249
6279.067 3478.794
6600.827 3524.937
7105.633 4178.769
6808.984 3736.833
6994.508 3523.540
6326.978 3326.041
6291.618 3915.489
6464.627 3995.340
7033.329 4070.635
6702.074 3338.907
7072.190 3826.314
6614.233 3476.318
7034.657 4193.043
7022.857 3793.666
6702.421 3328.004
7235.588 3748.034
6419.517 4227.124
7211.113 3466.988
6321.029 4185.246
6270.861 3988.507
6275.401 4024.079
7103.009 4309.205
7015.033 3734.824
7179.269 3759.454
6178.655 3727.760
7045.992 4218.402
6643.197 4193.500
7125.286 3676.295
6671.634 3918.980
6834.516 3676.710
7151.972 3685.607
6776.065 3349.100
7189.529 4037.526
7139.149 3736.924
6565.742 4114.903
6678.158 3448.015
7253.579 4269.633
6918.155 3978.271
7055.780 3618.453
6978.058 3853.971
6272.572 3292.715
6971.826 3711.486
6683.446 3730.490
7262.483 4225.558
6504.453 3880.600
6489.430 4080.790
7232.687 4125.536
6184.636 3398.979
6485.518 3606.320
7127.144 3563.559
6698.707 3504.495
6491.667 3616.399
6970.186 3579.264
6959.032 3851.235
6184.862 4174.954
6145.751 3686.808
6952.416 4328.191
6220.041 3526.958
6429.638 4295.771
6425.260 3661.085
6661.417 4090.547
6785.605 3821.802
6389.551 3521.679
6976.928 4114.061
6171.571 4157.770
6745.184 4081.147
6869.065 4206.067
6447.793 4057.208
6950.639 3841.204
7124.899 3606.284
6883.952 3820.028
6780.955 3430.463
6517.534 3943.406
6383.451 3396.061
6229.233 3359.838
6167.379 4103.259
6542.236 3623.513
7108.670 4133.823
6362.679 3415.115
7105.451 3347.941
6508.167 4146.191
7174.538 3236.720
6511.637 3439.325
7088.209 3697.425
6705.870 3589.627
6140.267 3994.494
6971.566 3494.165
7071.010 3786.036
7167.940 3322.577
6752.404 4008.972
6800.577 3349.259
6330.342 3421.966
7217.651 3286.789
6704.333 4024.677
6352.851 4105.300
6863.693 3754.719
6337.114 3974.397
6709.771 4226.353
6878.103 3284.592
6734.095 3398.968
6591.642 3747.980
6389.626 3695.261
6528.881 4335.901
6493.710 3998.171
7064.129 3591.604
6632.761 3406.577
6309.237 4303.751
7098.408 3241.247
6684.082 3856.711
6795.257 3230.863
6412.024 4177.310
6286.660 3247.440
6608.376 4167.271
7081.513 4162.654
6622.757 4062.411
6264.306 4229.879
6787.504 4152.126
6644.162 3254.407
6893.212 3742.530
6665.506 3484.053
6658.315 3720.030
6714.486 3643.082
7267.512 4248.376
7096.024 4159.631
6170.180 4178.869
7153.894 3989.417
7015.377 4343.841
7215.971 3564.196
6488.461 3418.315
6996.527 3728.963
6864.388 3987.483
6255.030 3651.570
6499.984 3635.373
6288.934 3918.321
7244.966 4136.983
6823.063 4107.406
6984.969 3791.559
7172.007 3971.386
6748.930 3939.796
6573.859 4324.910
6326.153 3772.853
6607.355 4351.470
6661.668 4355.578
6220.397 3277.567
7058.925 3587.110
7193.199 3302.045
6209.666 3857.197
6274.111 3939.970
6810.100 3971.162
7076.315 4000.436
7255.910 4291.922
6682.531 3282.312
6913.459 3232.789
7156.749 3393.023
7263.554 3619.418
6557.293 4238.856
6951.086 3378.182
7100.604 4100.481
7063.101 3357.856
6877.478 4077.453
6221.722 4222.772
6446.929 3558.953
7265.233 4171.253
6639.299 4336.548
6791.490 3895.084
6140.078 3797.327
7210.590 3885.899
6643.443 4327.035
6386.438 3492.642
7101.342 3576.677
7119.389 4213.275
6564.665 3689.113
6950.711 4031.531
6487.493 4219.405
6796.707 3320.578
6586.607 3378.722
6858.152 3598.826
6407.222 4297.015
6372.769 4168.471
6594.997 3287.104
6753.748 3530.694
6492.878 3747.969
6709.915 3409.839
6882.717 4092.733
6739.464 3914.274
6437.211 3422.921
6561.830 4181.300
7136.658 4092.702
7024.893 3860.259
6422.849 4026.988
6598.887 3704.867
6297.809 3506.254
6904.484 3259.383
6223.241 3899.475
6383.195 3596.292
6660.020 3754.804
7058.910 3479.168
6529.783 3293.396
6233.718 3914.431
6437.750 4190.723
6434.762 3470.092
6143.056 3884.386
6785.938 4334.384
6657.393 3243.695
7200.608 4143.116
7185.575 4042.469
6409.738 4268.396
6185.398 4312.813
6951.674 3859.513
6969.336 4359.305
6661.480 4212.244
6844.661 3983.564
6984.260 4060.201
7260.632 3799.979
6523.205 3913.408
7028.312 3406.014
6162.011 4093.174
6504.349 3394.474
7146.875 3788.384
6815.334 4110.337
6903.843 4340.736
6167.321 3923.328
6924.139 3855.358
6782.609 3681.785
6657.782 3240.332
6560.084 4065.556
7149.817 4012.095
6686.171 4096.181
6216.690 3229.632
6441.083 3655.922
6284.662 3685.665
6268.809 3811.620
6213.685 3778.173
6780.272 3385.412
6946.612 3400.152
6175.433 3793.427
6212.260 3364.922
6944.445 3969.665
6993.403 4101.871
6478.860 3562.452
6938.026 3625.002
6898.289 3374.965
6621.815 3774.638
6469.060 3938.862
6452.038 3335.827
6826.666 4212.376
7135.090 3993.685
6831.167 3272.130
7014.571 3899.788
7130.411 3574.041
6395.444 3984.452
6841.930 4022.143
6578.008 3567.906
6260.927 4066.849
6268.652 3352.366
6875.934 4011.772
7144.471 3242.465
7015.780 3384.211
7023.483 4057.333
6528.271 3442.061
7052.953 4194.496
6589.455 3681.647
6698.732 4226.042
6420.518 4251.750
7066.863 3309.784
6421.849 3265.652
6680.059 3760.457
6406.600 4311.592
6819.731 3815.398
7056.582 3743.853
6858.214 3975.334
6273.430 4169.879
7116.090 4074.297
6453.014 3926.749
6429.701 4101.174
7137.702 3224.101
6494.144 4005.016
7169.479 3344.115
6285.456 4283.336
6283.010 3825.936
6663.376 3976.471
6794.571 3878.725
6674.437 4345.348
6528.032 3271.001
6500.140 3548.211
7061.176 3473.603
6370.827 3413.219
7217.217 3940.371
6485.321 3644.430
6868.739 3892.383
6963.346 3269.122
6661.978 3765.482
6636.580 4209.719
6785.531 3526.237
6902.100 3957.331
6840.052 3619.565
7080.893 4154.025
6148.651 4293.369
6251.962 3255.690
6744.817 3584.073
7154.151 3479.980
6557.430 3323.279
7191.354 3540.630
7240.392 4027.375
6330.166 4056.903
6502.137 3937.975
6618.477 3633.328
6207.365 4331.877
6292.673 3708.828
6291.222 3232.166
6157.684 4127.984
6380.516 4093.626
6151.075 3617.684
7142.810 3694.512
7242.880 4272.909
6861.878 3452.227
6289.057 3941.953
6520.740 3431.352
6924.089 4023.650
7193.194 3730.238
6936.612 4147.718
6715.012 3602.280
6837.966 3387.299
6658.513 4183.599
6250.335 3636.957
7118.434 3343.302
6224.141 3825.523
7014.424 3792.168
7178.205 4294.375
6423.070 3529.889
6712.284 3326.679
7237.517 3696.002
7068.395 4112.680
6645.527 3903.175
6835.582 3699.072
7001.025 4062.032
6526.535 4165.723
6876.397 3519.981
7125.749 3813.077
6813.472 4344.575
7187.458 3302.441
7023.697 3891.298
7098.258 3390.699
6326.654 4221.761
6670.227 3568.842
6173.113 3627.803
6973.557 3231.144
7181.649 3658.347
6250.829 3574.112
6762.919 3433.484
6815.406 3707.475
6677.700 3259.252
7064.833 4243.640
7181.610 3814.521
7035.923 3931.984
7112.780 3945.260
6787.428 3530.957
6748.249 3233.809
6366.402 3274.273
7108.301 3762.848
6988.377 3858.309
6684.428 3259.358
6151.594 3437.854
6687.819 3864.272
6141.486 3691.539
7129.713 3511.994
7245.370 3895.852
6143.137 3954.570
6244.698 4316.739
7236.303 4147.218
6924.255 3706.057
6769.833 3881.058
6764.873 3622.053
6461.107 3719.451
6394.207 3738.754
6526.402 3228.145
6439.574 3940.710
6522.333 3260.931
6175.846 4127.216
6563.958 3631.531
6935.347 3578.597
6235.755 4219.066
7041.089 4142.523
6952.509 3562.734
7124.136 3322.687
6547.250 3723.223
6544.356 3839.636
6493.031 3379.624
7139.753 3762.569
6336.365 4104.595
6950.428 3455.177
6162.346 3738.437
6995.589 3713.897
6255.272 4306.403
6933.383 4074.574
7267.884 3328.578
6895.330 3384.598
6720.174 3316.011
7247.952 3381.075
6916.629 3488.736
7105.299 4001.010
7059.786 4053.717
6800.839 3460.842
6616.818 3953.231
6927.091 3656.313
7066.875 3334.357
6851.531 3791.037
6667.072 4063.637
6626.698 3828.353
6669.021 3533.540
6165.340 3382.610
6227.539 3427.085
7002.085 3905.210
7214.834 3476.343
7046.686 3845.336
7258.914 3374.459
6619.299 4026.922
6372.206 3908.463
7238.453 3398.891
7163.461 3591.697
7185.184 4149.429
6742.653 3945.131
7148.932 3746.658
6347.093 3836.323
7214.402 3864.943
6184.262 3401.580
6418.991 3559.387
6219.944 3506.595
6291.744 4244.167
6467.741 3511.144
6629.377 4122.809
6348.587 3528.145
7143.012 3777.056
6700.874 4068.489
6594.518 3968.562
6995.518 3790.799
6648.868 3446.073
6437.651 3743.960
6425.497 3381.534
6864.611 3873.776
6943.657 3241.976
6439.558 3433.974
6690.559 3660.985
6395.673 3431.699
6247.433 4116.565
6287.089 3542.753
6205.358 3478.010
7000.273 4018.735
7263.007 3768.920
7182.933 3630.513
7253.480 3758.220
7208.621 4175.433
6150.577 3651.549
6619.552 3236.402
6944.633 3680.155
6624.577 3415.907
7152.466 3539.761
6499.621 3765.299
6446.424 3859.745
7199.121 4248.233
7048.739 3254.205
6888.479 3589.715
7050.969 3601.359
6357.039 3670.825
6540.685 3366.382
6356.549 3420.158
6875.564 3701.846
6830.644 4199.427
6284.358 4019.583
6564.049 3650.706
6346.168 3909.009
6938.200 3330.444
6576.919 3620.421
6823.702 4190.892
7024.911 3823.737
6325.574 3983.297
6248.846 3852.205
6926.528 4257.635
6792.200 3861.492
6352.058 3573.614
6519.772 4252.097
6409.143 3688.374
6290.926 3291.769
7022.355 3581.814
6808.960 3298.418
6345.897 4323.244
6963.719 4029.188
6290.324 3749.671
6231.166 3622.116
6609.538 3296.624
6917.242 3692.172
6830.615 4098.940
6637.462 3473.375
6287.753 3582.436
6898.996 3966.896
6808.538 3376.205
6292.538 4299.833
6845.140 3420.198
6242.153 3903.347
6404.192 3264.657
6759.510 4134.946
6923.151 3328.752
7155.030 3370.270
6412.117 3953.091
6889.096 3611.104
7006.115 4291.115
7262.319 3235.780
6590.021 3262.739
6750.699 4354.690
6953.352 3863.337
6251.887 3825.389
7204.373 3859.390
6864.763 3751.456
7171.033 4037.954
6720.703 4278.506
7151.185 4173.892
6968.274 3914.596
6548.228 3946.399
7094.196 4182.487
6183.727 3332.349
6601.301 3406.223
6907.327 3567.234
7216.802 4083.382
6610.170 3621.669
6299.477 3711.778
6962.543 3774.140
6608.801 4149.805
6140.499 3518.928
6321.428 3265.653
6637.896 3629.083
6363.793 3819.254
7219.800 3428.270
6769.057 3318.310
7166.770 4264.789
6255.433 3563.351
7134.126 3314.233
6816.858 4221.524
7201.863 3788.409
6760.807 3526.956
7200.836 3535.033
6922.554 4148.375
6938.975 3782.783
6770.658 4223.786
6773.245 4066.014
6451.689 3367.365
7080.890 3440.790
6396.357 4251.184
6699.910 4213.969
7042.650 3896.172
7032.698 3985.433
6221.262 3615.903
7066.009 4269.375
6218.160 3315.518
6410.737 4346.198
6201.578 3687.882
7043.856 4007.261
6238.503 3598.836
6248.113 3802.193
6391.670 3338.388
6367.372 4076.918
6408.425 3527.690
6973.402 3328.020
6695.975 3425.860
7016.057 3567.668
6190.224 4188.455
7168.230 3295.724
7055.271 3877.014
7237.165 3824.409
6350.071 3974.577
6721.114 3271.985
6230.797 3514.226
7201.704 4272.483
6486.516 3257.028
6504.405 3469.581
6458.704 3783.363
6336.994 4269.156
7109.050 3556.948
7144.208 4304.480
7075.698 4080.993
6954.244 4285.675
6417.169 3292.094
6277.814 3714.871
6437.118 4266.390
6490.014 4020.672
6876.089 3448.146
7071.994 4162.943
6638.488 3276.390
6811.659 3778.915
7147.517 3392.239
6992.955 3383.083
6461.585 3750.293
6656.419 3793.595
6791.064 3298.319
7138.348 4239.096
6605.193 3989.321
6293.881 3812.367
6416.207 4029.908
7066.702 3588.879
6362.558 3585.259
6503.881 3541.097
6601.681 3733.964
6278.266 3300.850
6449.440 3419.870
6341.833 3577.035
6981.792 4024.008
6850.796 4132.713
7251.854 3554.354
6971.319 4359.176
6196.227 4093.051
6966.987 4241.445
6414.760 3381.289
6841.510 3619.349
6519.668 3651.060
6879.120 4096.742
6372.934 3491.057
6961.795 3487.132
7261.829 3635.361
6555.903 3617.441
7000.360 3494.379
6227.015 4280.371
6426.433 3259.570
6295.667 3842.088
7183.339 4321.082
6886.900 4156.623
7252.047 3314.735
6883.847 3509.148
6797.946 3372.152
6726.320 3723.304
6591.142 4207.620
6708.121 3866.948
6824.167 4130.593
6902.275 3267.578
7089.681 4036.737
6961.092 3316.703
6849.903 3775.235
6760.536 3648.195
7193.366 3418.560
6323.662 3460.576
6306.311 3852.952
6512.900 3569.532
7043.589 4309.297
7078.215 3615.945
6720.241 4117.767
6466.205 3878.945
6577.685 3565.363
6138.434 4008.943
7031.243 3244.230
7094.289 4015.825
6453.343 3877.152
6842.147 4069.350
6990.415 4136.434
7154.720 3647.888
6292.847 3559.039
6716.057 3940.480
7178.151 3914.196
6416.596 4283.401
7013.901 3292.870
7005.694 3710.340
6243.867 3861.865
6547.931 4210.724
6303.722 3730.460
7203.546 3859.896
6204.469 3930.881
6262.679 3349.048
6853.340 3375.036
7246.506 4080.800
7218.209 3232.586
7169.260 3901.566
6484.079 3247.647
7151.367 3842.610
6234.320 4175.888
6175.177 4217.376
6440.978 3858.911
6893.609 4286.417
7271.521 3246.362
6358.869 3706.929
6758.542 4045.739
6877.033 3374.355
6438.255 3600.062
6740.385 3803.739
6778.754 3753.561
7180.602 3389.866
6356.746 3523.670
6292.361 3487.537
7023.506 4059.546
6987.736 3698.909
6679.790 3479.280
6239.048 4209.093
7226.396 3328.259
6505.513 4286.587
6770.800 3922.411
6605.876 3628.326
6356.922 4105.648
7030.626 4136.920
6167.069 3729.205
6790.916 3438.086
6682.297 3769.073
6331.739 4064.680
6696.187 3417.911
6381.478 3514.068
7262.597 3767.516
6574.614 4118.244
7157.329 3720.378
6227.824 3670.966
7175.662 3600.765
6656.887 3749.435
7126.306 4202.066
6342.614 3894.363
6923.798 3307.073
6277.833 4027.779
6966.807 3899.513
6905.830 3335.164
7057.169 3823.473
6644.269 4144.922
6787.171 3563.118
6539.524 4241.224
6191.994 3378.891
6711.452 3829.107
6266.335 3781.991
6377.353 4163.185
6302.683 3246.895
6835.639 3972.455
7059.050 3309.165
6385.642 3816.167
7113.780 3772.519
6873.635 3568.180
6390.506 3419.474
7113.724 3718.850
6969.274 3342.290
6577.763 4226.085
6465.128 4305.955
6667.928 3703.379
6204.380 4085.919
6506.418 3723.955
6539.196 3685.443
7061.232 4346.859
6507.393 3850.208
6459.872 3952.885
6461.989 3749.872
6429.925 3311.490
6632.039 3300.585
6668.416 4052.459
6293.198 3367.209
6831.141 3976.489
6328.310 3226.545
6243.186 4165.354
7110.458 3940.027
7207.344 3643.715
6599.213 3312.859
7123.793 4146.605
6561.225 3275.545
6353.179 3710.893
6985.543 4176.241
6859.444 3923.091
6764.933 4130.212
6500.026 4158.680
6530.407 3973.445
7016.838 3507.365
6327.817 3598.063
6165.580 4293.566
6433.005 3386.970
7215.525 4131.443
6666.401 4305.911
6883.375 3677.413
6964.976 3434.543
7119.142 3468.256
6820.251 3461.283
6159.572 4307.001
6792.538 3864.437
6658.588 4283.590
6155.169 3524.596
6837.185 3785.775
7211.960 3730.895
6761.493 4044.897
6386.310 3698.786
7153.728 3391.696
6996.328 3418.344
6758.141 3274.450
6206.159 3437.087
6907.208 3392.528
6538.479 4184.265
6858.513 3926.284
6312.329 4328.243
6708.854 3551.760
6632.900 4218.518
6379.728 3652.498
6480.326 3570.318
6805.814 3786.184
6191.386 4013.749
7073.000 4129.243
6915.594 3452.980
6904.389 4264.594
6312.837 3650.927
6297.966 3768.761
6635.437 3331.811
7106.164 3906.616
7101.300 3309.728
6380.394 3800.431
6206.585 4238.556
7273.677 3542.359
6989.527 3303.963
6590.004 3238.429
7065.001 3224.079
6416.807 3951.894
6246.594 3508.751
6464.632 3793.351
7042.640 3902.004
7202.574 3279.757
6315.531 3254.487
7055.375 3524.123
6918.359 3373.754
6339.292 3805.345
6498.789 4259.237
6490.800 3655.550
7195.964 3761.260
6198.374 3300.772
6648.981 3303.068
7171.872 3963.189
6418.882 3480.888
6189.962 4174.653
6957.562 3334.579
6476.619 4093.244
6336.401 3791.069
6363.419 3461.358
6139.876 3457.061
6686.814 3292.101
6834.204 3782.754
6558.597 3460.293
7055.969 4359.949
6921.286 4109.839
6144.109 4143.677
6347.557 3992.799
6416.843 3226.835
6760.432 3435.639
6684.977 3262.788
6950.878 3229.426
6268.682 4163.649
6989.046 3984.125
6210.328 3709.241
6954.246 3960.051
6521.496 3317.631
7004.708 3249.937
7146.660 3637.773
6197.890 3730.989
6269.020 3510.100
7084.278 3312.396
6970.271 3533.331
6830.529 4323.070
6358.302 4049.627
6848.221 3762.974
7189.503 3881.435
7059.598 3308.618
6236.600 3758.812
6736.236 3695.644
7234.419 3781.039
6882.989 3889.958
6869.504 4301.043
6142.096 3797.898
6265.982 3788.193
7268.254 4032.433
7223.204 3451.880
6156.747 3264.544
7039.541 3367.730
6468.132 3683.789
6778.319 3498.601
6396.947 3489.738
6850.751 4355.324
7195.612 3597.322
6327.701 3419.425
6418.365 4243.051
6448.062 3773.043
6632.397 3229.063
7063.232 3412.186
6613.436 3477.351
7236.502 4165.914
6645.520 3262.749
6963.563 3623.569
6459.488 4255.886
6415.051 3675.657
6737.849 4117.609
6804.459 4133.345
6720.040 3506.345
6462.151 3848.361
6578.741 4022.767
6315.637 3654.332
6343.644 3731.057
7119.804 4266.496
7016.159 3656.487
6875.317 3425.421
7152.698 4045.843
6985.610 4075.680
6224.015 3680.889
6418.783 4151.206
6141.537 3358.836
6963.707 3252.668
6493.303 4194.282
6979.131 3920.333
6954.037 3714.277
7148.120 3953.426
6657.754 4074.329
6527.118 3924.313
6339.779 3504.458
6898.657 3441.802
7144.619 3268.622
6942.020 4001.865
6248.942 4068.570
6344.539 4014.771
6233.497 4028.553
6974.433 3837.042
6860.949 3644.338
6965.905 4173.924
6679.597 3525.637
7075.303 4195.582
6475.789 4008.246
7042.268 4321.881
6924.559 4225.162
6281.060 3947.449
6594.104 4170.839
6846.300 3633.842
6936.931 3401.466
6964.303 3399.739
6296.418 4236.556
7205.132 3506.818
7059.050 3928.661
6291.090 3945.526
7259.289 3801.732
6317.275 3832.842
6252.031 3700.406
6423.662 3341.181
6750.036 4358.666
7173.926 3815.868
6523.711 4091.507
6441.217 3849.021
6815.264 3923.708
6497.863 3861.883
6324.155 3746.221
6932.667 3990.186
6976.929 3560.472
7055.731 3488.757
7103.435 3795.446
6800.746 3480.727
6797.419 3396.118
7016.075 3950.835
6236.350 4157.558
7245.329 3228.595
7242.002 3418.992
7191.589 4013.309
6952.873 4133.030
6441.542 3361.829
6994.113 4156.026
7063.311 3984.712
6322.199 3455.442
6936.824 4212.377
6436.779 3257.620
6806.745 4092.997
6494.876 3266.616
6152.040 3934.733
7232.416 3328.867
6725.074 3427.410
6303.857 3953.280
7175.647 3248.012
7016.391 4002.601
6555.654 4242.077
6342.063 3470.347
6892.971 3912.019
6599.196 3520.124
6717.470 3629.707
6141.452 3999.182
6909.135 3253.577
7056.100 3493.491
6256.621 3553.159
6625.542 4279.183
6211.384 3234.674
6867.445 3718.539
6935.749 4182.552
6904.991 3351.979
7096.540 3784.516
7181.409 4098.658
6141.348 4245.431
6434.623 3564.637
7100.787 3787.482
6903.666 4121.822
7163.061 4174.228
6602.118 4103.198
6826.565 4225.387
6530.375 4292.838
6389.393 3748.100
6269.086 3683.402
7104.725 4212.856
6902.775 4081.775
7273.054 3903.956
7245.197 3928.419
6704.225 3551.336
7139.695 3329.365
6990.956 4088.072
7257.284 3891.982
6206.669 4032.936
6395.614 3970.864
6212.443 4023.440
6489.147 3368.104
7226.204 3296.094
6246.535 3275.857
6189.610 4242.719
6837.621 3726.468
6609.698 4139.718
6928.997 4250.763
7134.895 3522.161
6627.295 3897.151
6684.321 3858.991
6619.291 4155.008
6348.913 3236.074
7213.228 4014.121
7212.899 3246.758
6198.416 4318.894
6398.703 3935.641
6145.877 4350.204
7170.248 4245.021
6948.883 4229.964
6969.753 3738.153
7226.078 3704.971
7244.116 4046.609
7142.290 4080.881
6531.808 3226.217
7179.882 4055.370
6580.598 4273.255
6953.050 3695.932
7215.730 3539.626
6754.044 3693.793
6266.108 3379.088
6280.978 3720.268
6505.206 4208.506
6203.555 3985.618
6534.075 4041.256
6891.942 3305.392
6838.023 4330.512
6248.459 3729.885
7135.714 4258.630
6302.565 3801.148
6296.370 3415.382
7147.735 4162.805
6837.697 3300.779
7008.731 3330.737
7099.473 3956.643
7120.677 3750.867
6535.644 4264.859
6742.848 3979.865
6990.867 3770.739
6760.646 3481.268
6521.928 3252.253
6964.218 3449.206
6873.641 4214.222
6586.018 3957.605
6514.214 3378.784
6701.643 3276.543
7014.951 3431.607
6645.181 3442.695
6696.109 4257.617
6192.214 3326.346
6428.340 3329.986
6156.333 3640.726
6837.591 4168.604
7257.438 3696.973
7075.138 3718.519
6741.548 3593.464
6348.133 3816.280
6737.835 4292.527
6438.903 3553.673
7184.638 4110.485
7109.536 3606.588
6483.865 4204.094
6853.347 3223.917
6171.286 3995.646
6920.992 4295.917
6406.525 3578.992
6685.971 3672.867
6741.208 3956.092
6783.560 3337.538
7254.273 3244.415
7008.445 3922.631
6839.598 4302.891
6848.563 3499.675
6480.075 3475.858
6306.720 3713.568
6175.678 4216.422
6412.478 3621.684
6187.222 3451.435
6905.366 3635.053
6850.811 3509.514
6387.459 3247.655
6854.519 4285.227
6322.824 3935.007
6867.911 3285.761
6487.064 4037.577
7256.727 4302.605
6797.621 4152.630
6642.105 3903.487
6252.410 3244.747
6896.996 4059.126
6513.376 4144.380
7193.631 3635.452
7241.051 4035.207
6997.013 3463.512
6743.624 4251.353
6952.222 4082.145
6432.321 4186.510
6843.259 3326.927
6884.977 4114.683
6691.320 3651.273
7062.816 3992.040
7109.218 3799.307
6832.973 3950.354
7179.128 3989.493
6868.531 3932.505
6231.327 4128.387
6184.425 3300.437
6804.826 3262.879
6991.034 3452.140
6629.185 4289.283
6892.539 3736.772
6297.609 3728.682
6792.150 3720.466
6591.797 4030.569
6515.435 3760.419
6718.962 3691.134
6817.139 3675.667
6443.256 4053.365
7109.456 3497.407
6582.137 3711.457
7234.427 4128.431
6401.693 3498.350
7102.153 4163.493
6381.566 3732.737
6492.543 4009.980
6142.038 4056.995
6333.619 4088.381
6590.903 3371.976
7077.642 4012.776
6908.147 3581.818
6182.645 4083.488
7195.710 3472.086
6314.245 4206.406
6363.721 3761.147
6308.667 3466.739
6510.765 3902.900
6481.810 3482.240
6413.079 4009.829
7055.229 3590.808
6292.244 3819.253
7134.686 3842.453
6456.228 4327.298
6811.893 3380.022
6283.566 3537.853
7263.084 3694.657
6901.750 3342.329
6181.075 3987.844
7135.661 3877.197
7012.373 4060.977
6271.570 3944.811
6260.229 3278.218
7231.091 3579.942
6895.080 3590.895
6982.454 4053.281
6473.608 3823.531
6565.160 3872.049
7095.104 3643.145
6617.166 3808.199
6979.095 3580.772
6867.897 4231.339
6674.421 3665.631
7255.750 3416.469
7221.769 3656.066
6938.966 3879.428
6191.094 3530.921
6598.230 4226.502
6874.734 3919.581
6512.028 3955.126
6830.946 3658.953
6232.682 3893.549
6242.916 4340.481
6553.395 4264.059
6145.964 3617.568
6961.004 4077.362
6694.821 4277.882
6736.815 3250.549
6441.875 3963.694
6315.558 3958.118
6590.031 3703.646
7260.729 4140.507
6594.030 3899.228
6740.960 3901.971
6742.359 3676.903
6493.334 3925.957
7176.708 3870.292
6504.961 3547.959
6888.442 3625.432
6729.952 3359.852
6763.647 3476.096
6963.518 3427.427
6296.642 3371.784
6891.459 3376.243
6622.131 3852.933
7051.820 4141.923
6255.897 4281.821
6690.185 3952.697
7050.764 3328.571
6275.283 3617.340
6503.412 3847.985
6675.840 3741.789
6428.054 3629.020
6359.706 4292.521
7212.147 3448.026
6679.275 3962.087
6402.022 4162.958
7038.722 3328.405
6815.620 3579.528
6296.807 3273.041
6625.278 3993.858
6524.576 3950.455
7130.405 4227.512
6624.153 3548.486
6944.087 3447.454
6518.729 3306.223
6833.053 3712.840
6660.433 3757.070
6222.468 3845.637
7196.118 3342.230
6412.227 3806.249
7060.050 3602.033
6652.299 4251.662
6563.615 4182.325
6639.572 3514.460
6739.849 3992.105
6745.480 3325.976
6579.786 4204.894
6479.452 4067.766
6782.813 3238.895
6376.866 4030.267
6459.905 3748.982
6813.325 3640.948
6669.919 3754.954
6911.041 3505.340
6495.903 3514.008
6429.377 4108.313
6162.714 4016.109
6808.711 4175.976
6517.758 3604.306
6796.470 3619.571
6297.083 3644.523
6694.324 3797.274
7147.483 4320.938
7131.333 4056.106
6605.081 3350.135
6772.159 4191.004
6461.859 3715.304
7144.924 4232.083
7235.240 4035.064
6649.355 3241.571
6836.051 3259.961
6257.472 3857.880
6236.537 3566.643
6350.375 3961.385
6786.981 4065.956
6147.114 4068.244
6291.455 3800.885
6410.778 3373.092
6305.832 3954.354
6432.170 3893.238
6886.320 4238.466
6646.999 3772.290
7183.411 3272.612
7085.824 3408.596
6474.421 4192.401
6588.340 3494.160
6749.093 3736.318
6545.489 4047.991
6147.745 4010.628
6660.316 3725.331
7210.598 3832.210
6302.133 4171.431
7270.921 3995.947
6650.245 3411.865
6654.734 3686.003
6878.543 3481.874
6338.075 4240.096
6631.176 4045.261
7043.746 4104.402
7184.627 3734.546
6564.689 3914.791
7216.661 3824.375
6676.214 3392.189
6907.386 3669.163
7085.423 3591.702
6691.280 3588.203
6217.770 3941.503
6280.885 3718.086
6736.902 3408.129
6530.678 4092.436
6380.045 3887.602
6524.095 3820.893
6652.647 3516.744
6526.167 3621.364
7212.501 3325.156
7010.717 3987.538
6915.264 3686.520
6580.214 3738.884
6147.516 3817.407
6720.070 3575.740
6801.194 3998.708
7040.427 3309.245
6790.138 3387.163
6349.965 3427.802
6442.206 3483.222
6809.040 3742.393
7003.909 3662.013
6240.613 3676.569
6327.253 3885.331
6591.003 3436.167
6815.237 3481.647
6624.680 3389.154
7191.452 3936.108
7021.610 3337.078
6399.107 3441.029
6555.093 3507.092
6210.497 3721.372
7142.640 4171.892
6671.342 3297.033
6543.811 3736.220
7069.565 3987.175
6394.449 3308.328
6976.032 4236.415
6691.791 3943.538
6680.129 3755.658
6522.031 3499.381
6716.344 3853.472
6138.717 3402.006
6871.772 3501.251
7029.004 4056.611
6732.995 4019.535
6343.542 3517.820
6664.092 3480.890
6990.847 3896.013
7127.774 4222.512
6584.440 3474.725
6745.896 4339.565
6499.809 3411.746
7210.131 3429.086
6992.668 3503.513
7056.486 4350.168
6150.513 4112.923
6945.839 3426.147
6958.544 3920.121
6993.220 4338.406
6186.562 4030.816
6182.231 4108.278
6616.852 3759.549
6341.940 3433.451
6450.753 3392.152
6941.923 3586.400
6787.823 4253.148
6537.565 3434.475
7194.624 3875.599
6498.624 4157.135
6865.591 4289.455
6268.310 3440.916
6602.483 3326.547
7206.861 4102.573
7218.242 3953.337
7241.018 3614.802
7260.111 4240.003
6606.822 4345.226
6959.528 3434.543
6163.433 4108.928
6471.213 4066.946
6767.420 4278.160
7031.100 3621.796
6652.573 4133.401
7210.665 4166.370
7139.758 3653.485
6175.934 4153.207
6636.306 3666.033
7070.630 3249.838
7256.480 3539.036
6338.337 3991.459
7074.911 4142.965
6319.090 3620.541
6592.591 3436.452
7200.062 3820.340
6291.516 3532.255
6460.533 3963.065
6550.025 3316.052
6441.377 4014.586
6665.101 3286.789
6548.916 3302.469
7235.889 4111.938
6366.973 3539.474
6248.942 3787.262
6982.388 3715.085
6620.206 3656.045
6494.361 3323.215
6392.864 3916.779
7132.339 4167.514
6322.918 3550.117
6591.914 3644.709
6405.637 4143.588
6673.267 4024.587
6304.689 4080.962
6344.687 3342.691
6379.832 4136.754
6887.836 3847.961
6623.134 3529.484
7144.900 4142.164
6146.655 4034.214
7034.123 3591.774
6747.066 4190.070
7152.263 3320.516
6586.534 3394.172
7273.903 3759.755
6551.377 4328.016
6739.618 3579.305
6384.406 3848.062
6958.663 3979.004
6158.080 4067.239
6336.104 3876.115
6882.126 4219.615
6175.143 3870.098
7060.217 3627.222
7122.878 3407.324
6758.031 3292.609
6256.437 3270.367
6142.107 4229.223
6617.846 3759.585
6164.904 3761.399
6759.864 3590.807
7233.366 3619.014
6585.701 3853.578
6148.151 3676.803
6780.685 3780.627
6523.079 3501.607
6525.581 4134.716
6680.964 4166.161
6250.365 3396.471
6744.684 3666.271
6226.488 4028.815
6882.937 4039.467
6727.569 3251.886
7174.394 4228.472
6870.042 3817.669
6215.861 4236.151
6331.958 3423.579
7146.597 3699.158
6348.384 3288.827
7132.191 3236.022
7090.719 4282.732
6599.399 4287.936
6980.839 3894.407
6499.898 3479.017
6712.950 4222.475
6645.671 3903.974
6556.647 3856.285
6876.497 4338.106
7203.957 3770.434
6487.230 3520.810
7054.187 3896.028
6223.017 3729.915
6205.949 4210.902
7206.954 4293.173
6728.246 3360.219
6278.696 3570.209
6275.824 4204.891
6513.388 3902.657
6962.935 3522.521
6593.317 3583.400
6459.155 3600.231
7274.137 4350.066
6984.428 4159.058
7234.477 4203.365
6468.521 4162.521
6905.619 4280.254
6162.321 3507.148
7123.230 4126.157
6785.549 3473.225
6318.899 3895.917
6753.780 3250.309
6630.169 4055.386
6484.169 4312.576
6568.964 3650.279
7109.976 3809.185
6160.572 3868.638
6229.392 4234.832
6161.077 4281.531
6641.784 3224.035
6586.614 3441.086
7129.906 4325.335
6635.048 3455.523
6406.008 4292.044
6984.347 3393.129
6541.012 3505.095
6491.577 3497.539
11939.527 631.557
1532.671 10404.003
3000.701 488.849
2741.075 2910.807
104.337 6841.607
2603.335 3251.190
2783.772 2843.900
11455.546 10489.496
9403.377 223.240
1042.029 5265.811
1131.120 9561.916
11696.406 11249.302
971.796 5557.359
3837.680 11569.590
10965.783 11746.972
10962.099 7138.519
10923.478 9315.738
8233.929 11331.059
3988.865 1851.431
74.392 3650.476
11731.366 10320.357
4264.837 10435.359
9445.644 9161.703
8842.017 1662.716
10197.655 12265.251
1673.704 2390.187
2306.638 10821.045
4711.804 1061.669
10891.769 9488.525
10404.014 2130.805
12236.070 10860.004
9226.942 9293.635
11172.435 3152.398
10367.166 5272.317
3265.170 11104.548
10992.078 6415.445
9753.814 10770.594
1380.211 4726.444
12053.242 6355.886
4064.162 11943.934
2557.887 1190.436
2505.686 8502.098
5904.192 11524.701
11914.435 6352.014
11678.654 11313.857
11098.846 8617.338
4436.127 2074.757
1773.330 8111.328
11871.994 1240.866
1954.749 1691.993
327.653 4260.858
10764.472 3669.182
7004.723 11999.653
3793.396 10273.345
413.244 11693.423
407.380 4595.599
891.283 6935.652
553.428 10850.754
8173.527 10991.826
10740.516 9293.831
1217.250 3355.335
1262.107 4144.449
10603.999 8652.566
1253.001 5545.814
4131.036 400.491
6916.145 957.494
6034.357 11919.220
10603.928 301.558
9765.639 515.089
4889.066 1703.516
4410.927 11691.756
11446.558 3470.354
10649.843 3771.129
729.549 7297.865
10147.340 3236.421
11196.453 5136.105
10921.272 4921.856
966.387 10776.967
10869.137 6094.358
10173.008 11860.059
1497.073 8837.901
11312.885 1938.926
1161.003 12408.094
1109.558 3897.678
10378.705 9588.303
4802.326 11959.760
10094.393 10628.683
11561.346 10017.950
8127.329 10872.011
867.089 8679.373
11541.647 8823.024
11987.223 8868.423
1023.837 6263.800
11203.848 5189.468
2102.501 3863.579
10406.826 4183.541
2146.682 3140.274
905.176 4043.459
6688.732 321.556
11301.902 11930.951
134.147 2114.119
5010.800 11703.870
6956.902 1335.048
1830.457 8559.150
8261.920 10029.174
4860.208 136.965
11786.887 2808.334
63.173 11652.676
1273.322 8856.077
4295.744 1911.908
7253.362 1512.150
11013.448 12293.455
10775.208 8550.486
11678.531 10536.648
58.704 5706.254
40.973 2676.865
7648.084 11488.827
2084.316 3386.174
827.766 12460.573
2021.092 10595.013
1179.949 10615.546
10426.422 2209.877
1318.133 9120.137
11869.110 8598.287
9145.189 10603.712
11437.184 12010.898
11130.348 1191.100
15.755 231.431
4595.554 12012.756
3707.442 11273.107
2570.021 10375.045
9548.998 9818.772
23.193 469.681
9627.647 147.856
3537.212 10741.396
9589.456 2333.657
1543.272 5555.485
9997.496 1590.539
10169.378 2358.419
3633.802 662.990
7486.854 10572.835
9249.116 1815.428
12140.967 5113.777
238.219 5281.159
2801.145 197.437
1834.720 555.680
11320.844 2848.748
4252.790 1257.165
10906.448 1635.295
2299.296 8303.839
1198.718 4785.508
9156.448 1335.660
1043.893 8388.207
1809.296 8843.677
3777.352 1040.970
9077.586 1128.922
8495.022 10671.323
9176.694 2070.879
777.564 1159.913
12335.257 4937.859
6181.619 1594.615
9560.888 9166.720
10770.340 9662.730
11249.390 277.281
10212.496 9256.626
11271.186 589.860
5929.220 11768.055
326.035 3100.932
11586.730 8671.150
280.323 9334.867
427.873 870.993
10472.628 11312.897
9361.003 1906.582
1289.659 2957.398
861.137 1705.255
11376.831 799.945
394.552 10039.861
67.610 10452.459
7256.440 1381.277
3872.218 38.284
9617.072 11656.664
9312.119 3446.098
565.989 10499.617
11312.204 6598.013
12296.013 3920.021
615.645 3527.618
7342.181 12.001
11332.005 2357.256
2300.540 2429.868
10589.422 421.220
2787.877 504.762
7253.643 11591.458
10044.484 10136.567
2218.577 11788.741
9091.496 9780.432
9813.572 10080.637
11555.297 10005.131
1028.899 2697.314
5168.453 1264.014
12205.013 6580.057
2582.643 1642.642
4424.567 10653.231
11641.052 9398.689
5239.026 226.307
9437.246 8954.916
1107.905 10230.794
259.917 2898.911
8734.644 12294.252
11298.911 3711.511
3463.101 1850.746
3680.140 9730.764
124.946 4750.446
1401.935 9031.461
2020.798 7390.057
5937.424 628.669
12467.245 5692.280
2823.288 72.220
4724.581 54.546
11516.279 6944.507
11553.599 10738.872
11237.829 8445.435
246.350 4574.385
163.957 5910.265
697.058 7675.228
3554.679 9442.506
846.591 9372.945
11584.565 10409.032
2095.009 8845.165
12008.750 7425.131
10134.918 11545.440
756.521 668.941
7031.103 11116.642
6459.732 508.500
8462.892 10817.036
9274.435 3096.700
10083.983 4044.101
11448.537 5935.770
608.234 6710.453
11711.617 6779.012
11535.171 5553.373
1598.422 3078.847
10786.021 5213.163
168.221 6275.907
11283.094 11973.483
10770.692 9915.597
3149.690 759.093
8917.182 11438.256
10613.642 3941.702
934.878 1351.944
8281.945 10141.366
4290.450 1522.260
12370.844 12312.384
2003.289 1803.615
11422.464 762.807
1480.456 5207.164
1776.839 8727.768
2267.430 1505.600
152.400 3276.066
826.022 11105.046
10558.930 2680.970
10850.944 4073.062
6303.277 1535.530
3068.437 10247.656
11256.176 1816.550
4682.998 11015.036
11827.074 3050.271
10191.520 778.405
1422.126 6396.709
10442.505 8819.618
1509.199 7972.073
7304.902 958.953
1478.265 2154.551
3282.143 1286.763
12492.278 9904.152
5997.972 11641.631
7925.481 12421.109
761.939 6518.397
10918.188 11697.021
340.418 6536.336
8350.820 10593.946
11271.731 645.766
174.758 2440.567
12045.460 5496.376
11823.432 734.927
7549.748 10262.446
11506.418 11401.766
12241.290 6751.641
10698.742 2978.205
1309.172 4431.207
3964.323 364.067
10522.287 10449.796
3957.428 10572.523
11055.314 439.474
10915.982 6086.089
9039.041 10857.847
160.661 11146.336
5084.361 12350.483
10441.623 4052.788
31.283 10616.536
10850.898 3569.632
10348.869 3018.103
6109.964 11772.264
150.304 11935.451
1055.937 5409.001
283.874 2281.622
11715.112 6536.755
2533.618 1981.789
10401.380 2030.139
9893.932 2252.951
10478.148 2470.309
1759.902 3128.100
10095.806 4052.703
4665.325 2349.943
9512.986 11789.241
10101.014 4172.620
9976.123 12097.609
11679.113 2166.895
400.627 9421.263
2095.423 10897.244
9438.258 3090.789
3404.561 11669.178
10948.510 7140.056
2285.472 11551.611
5999.122 479.322
1746.565 4270.476
8289.938 870.074
497.991 7556.930
4106.036 2654.594
5571.286 11222.411
3363.194 9481.070
9592.975 10379.127
11878.661 5933.120
8746.413 10362.834
10600.927 138.636
1131.403 8588.429
369.198 12243.875
3596.713 1133.468
632.342 2507.208
8000.601 1550.821
1371.910 8827.832
810.007 6234.624
10322.740 10525.148
10930.175 8102.911
9844.320 11319.613
11344.547 3842.910
9791.028 1717.079
3885.489 10667.266
1978.274 9474.048
3923.953 1176.403
2064.452 1392.515
11260.426 1666.727
1409.635 2280.627
8062.569 726.509
4653.691 10993.114
890.218 11640.144
4191.768 12343.952
8932.692 1966.633
250.876 9584.139
3021.252 10199.466
10716.354 4299.326
11489.070 1066.905
11233.296 3543.598
10462.553 8396.349
8292.941 12022.573
4138.947 10864.132
9156.866 2181.670
12221.130 7336.922
5372.061 1909.868
12197.695 1235.369
3015.940 2064.160
10297.277 10916.377
11134.009 8148.058
11762.102 2810.114
3685.654 10662.781
11573.125 3112.384
1832.947 8092.210
9801.688 10855.394
11822.404 11338.513
602.262 4249.840
8359.644 10817.561
2270.855 8795.648
3179.250 9363.206
7344.768 1496.622
10880.977 2069.489
4199.057 11079.644
3739.976 9968.119
2351.368 2682.509
11478.537 6110.671
6632.389 11638.335
11828.487 2916.165
349.919 3814.583
8475.379 967.594
4525.457 10650.551
8915.616 9829.155
706.222 2710.303
3604.861 2833.692
8044.394 10476.065
552.501 1591.823
2688.055 600.954
7950.504 10812.566
5961.108 1260.050
1788.220 10828.345
11042.488 10656.059
4008.846 1258.747
4100.536 10351.675
849.908 7763.256
276.621 1988.668
12199.535 1980.660
1077.365 10568.844
118.458 6274.347
12314.466 883.699
1427.774 10667.593
7371.636 10971.335
11026.461 5035.544
12440.520 79.072
166.786 9067.396
11090.970 8259.473
11846.410 9289.609
8152.107 10416.131
10481.462 10372.411
1173.296 4335.080
12159.473 3554.145
9303.823 426.347
10501.775 638.615
4513.891 1394.402
541.934 8551.139
12108.781 4330.645
9429.189 1704.186
11761.301 11985.503
10767.284 5691.352
1768.044 1004.414
10814.652 5121.968
668.360 534.942
1240.857 5632.309
2227.187 3593.845
1659.030 9934.002
12234.190 9334.308
6360.311 11815.906
11816.649 7249.605
11167.914 4021.831
12273.324 726.226
2997.788 2522.792
5674.423 390.586
11831.518 6187.132
9473.965 3394.524
774.624 12395.364
2456.650 12027.508
1436.317 7866.519
1053.177 3089.082
707.215 4698.792
243.557 59.276
2723.486 11245.683
11040.873 5322.030
10314.217 1674.623
801.399 5049.379
9804.736 2174.830
10590.016 10822.281
5330.496 660.924
10007.201 4163.855
5577.154 12215.297
3264.356 10034.254
410.431 5599.142
10552.397 9865.542
11545.751 2657.754
8953.763 414.516
11719.951 2692.801
7192.445 11762.530
1196.597 6863.830
10433.719 10489.336
11286.784 2474.570
2409.573 1986.889
8555.641 10268.994
2055.855 11063.121
11687.453 3350.118
7781.351 12077.565
11311.606 2716.235
2048.837 10188.141
11206.202 2547.566
2726.010 120.786
12013.308 1811.064
1656.218 6380.102
1205.285 7788.358
4806.564 12299.721
12404.269 76.568
2349.934 2670.603
10943.865 2524.294
7433.361 253.215
1359.574 4098.841
11437.119 7094.779
8565.163 10785.220
9534.345 140.491
10789.712 9855.373
6714.825 10726.928
9111.380 11026.799
10885.204 4007.365
8560.851 10178.457
9954.599 1208.770
10040.209 9641.805
5643.413 464.235
8941.487 11804.169
10064.870 571.354
10899.964 5324.070
7875.710 956.223
8897.974 332.933
11686.882 7709.607
1384.179 12470.981
66.817 1362.079
185.981 1503.142
11175.230 3298.205
12044.386 5589.954
2170.886 7875.162
2582.158 3264.516
1572.752 530.446
5195.925 10967.619
12261.595 11357.170
1427.794 8204.779
10849.685 3410.207
2211.634 4086.789
11275.738 2922.056
1204.466 3636.512
11461.290 9651.083
12199.002 9524.482
268.286 8866.992
1248.479 10252.786
2906.887 1087.281
89.652 7799.154
1263.508 7687.999
418.300 6671.060
3550.154 2637.831
10972.222 7194.175
2107.270 11238.676
7906.696 1639.894
11218.927 9232.251
5302.131 773.683
10874.082 5568.085
1921.805 170.813
5130.182 10968.931
8672.083 10289.389
3694.768 1663.036
1121.979 6109.563
834.328 7638.966
11110.960 5096.262
9467.353 9174.110
12444.535 11663.479
1922.753 10556.122
2977.284 10253.405
5113.465 12436.708
1421.974 8001.266
1494.063 9605.869
7424.838 10620.306
3338.673 9220.616
3365.258 10018.323
5187.171 11057.187
10359.728 10337.577
740.088 2146.254
10610.865 1217.583
9928.565 1099.613
1021.527 1240.912
9136.750 11371.471
772.889 3971.866
1264.985 5472.487
1189.518 6195.111
576.531 10728.611
7709.129 12261.109
9281.675 470.481
916.900 9535.805
248.271 8754.542
9466.944 1173.132
1458.298 282.818
168.148 9261.105
3565.196 2478.314
1314.310 8074.028
2069.336 3525.670
10547.735 10470.182
6304.220 10938.574
11010.560 10710.594
10824.938 1074.879
296.990 7756.945
1282.470 4593.253
12406.130 5496.268
417.684 8442.331
315.868 9354.804
11021.352 9411.758
8184.792 1764.941
842.009 12321.355
9341.574 10438.646
2940.142 829.180
10625.233 4064.583
11323.781 700.722
9354.675 10663.316
12032.089 4653.738
12446.518 2522.075
1152.067 11639.859
11499.482 393.234
7315.709 172.167
2616.680 2005.885
2064.632 8608.453
11880.552 1952.357
7900.692 11472.987
5415.219 11996.666
11086.590 81.793
4933.369 1422.610
11408.280 60.850
300.974 10534.401
204.767 1712.942
8984.398 9866.826
10124.531 10750.268
8849.748 10940.148
6619.625 11913.209
11699.124 8014.325
3233.449 1756.353
11855.968 11631.457
10283.100 10958.417
458.780 12220.559
9180.918 11677.966
12061.584 5693.361
11750.983 3907.521
8641.697 1046.695
238.296 6090.310
10799.788 9261.648
12390.410 7638.046
3531.447 2471.082
10369.467 12100.536
10446.623 2947.092
12370.337 1826.976
1410.205 2095.134
12419.155 11960.097
3475.289 11857.753
4290.141 1946.232
1017.160 7032.123
1307.921 2948.746
11362.571 12037.725
1190.804 12143.137
1182.801 12355.865
1684.590 11070.596
9274.286 11588.536
1736.693 10751.744
487.222 6044.977
321.259 4571.081
2143.217 10857.275
571.847 5410.617
10229.452 2131.679
2823.390 2037.842
12009.093 9837.857
11686.056 5096.654
1373.147 910.655
9360.059 11076.497
4956.983 2148.034
11701.494 1440.166
10751.785 1536.506
12101.997 2711.330
4684.822 235.138
12167.998 4807.534
3142.077 11410.254
10556.998 11284.068
806.714 12390.638
2705.520 10922.819
689.067 492.649
10553.372 5485.472
9365.516 1618.667
10951.014 9095.860
3631.331 10085.463
597.982 10598.956
352.871 8716.699
11168.520 4844.784
11667.383 6155.774
3805.349 12028.251
1817.688 4165.275
10634.717 11075.832
187.488 2762.233
9973.465 12413.991
3054.031 10264.773
11680.497 12377.050
12218.865 3598.417
2369.378 12116.677
2971.393 1958.214
11495.076 2524.320
11877.574 11462.146
1699.927 7100.974
10386.481 9979.954
8174.632 12320.419
4778.517 243.811
3775.487 11324.855
10186.725 254.523
386.715 6758.375
4117.412 12201.303
3596.694 2472.011
325.256 7569.714
5370.686 1456.714
11568.618 2330.037
8859.758 12402.089
2818.770 9346.100
9604.711 971.825
11380.180 8350.163
7623.299 10726.436
47.091 10368.950
1897.260 12454.044
7402.225 1625.585
3985.953 2732.263
11786.425 10720.648
573.931 7426.821
11152.793 5496.419
872.907 10572.575
2671.637 1333.334
8283.881 727.785
1843.294 10161.172
444.353 390.025
10888.344 9163.127
421.488 8824.345
12400.554 11171.866
10965.474 8328.313
4524.887 439.898
2001.487 979.998
7373.693 10456.943
2370.546 1377.555
4723.454 11964.554
1399.001 11705.018
10129.038 11953.286
3982.535 12211.517
1216.894 3551.877
10668.302 9520.260
219.178 2550.658
823.772 8617.516
3669.162 875.297
8831.135 9959.377
11513.030 11374.379
5784.529 725.320
12471.292 7208.997
9676.477 11150.903
12038.571 12332.983
187.953 5577.428
83.380 920.764
1259.032 2178.243
8037.591 11433.438
1065.335 3255.097
3472.231 1115.439
10850.764 8272.183
10209.103 3265.430
2460.029 10752.008
1041.800 1003.315
3420.030 1258.058
4254.480 814.772
1791.096 2303.944
1509.367 7275.855
26.703 1222.909
67.903 636.629
10142.719 11253.835
3931.807 12352.610
11359.158 10968.152
11222.847 2790.393
9657.827 1829.735
8521.930 10056.096
9870.988 661.386
12417.418 7660.772
3958.569 10618.446
3212.523 11847.994
4771.882 12179.055
8264.754 2083.827
2667.773 3575.441
7507.778 295.211
10946.573 11604.635
2258.078 1151.821
1681.110 478.539
12387.562 5809.065
8297.327 1481.864
9191.257 2901.734
11688.560 6431.207
3645.565 11276.916
1361.793 10745.652
10766.103 8472.304
11122.916 7277.145
1867.692 7834.863
1873.902 12202.028
4908.862 12118.955
6055.627 12049.701
10695.452 8095.929
10581.016 11234.834
2251.239 2785.674
918.616 11744.594
10058.705 10102.643
7808.407 11240.859
711.084 2480.110
12363.181 2482.209
382.056 2463.072
1086.399 1652.131
953.101 4637.350
730.176 2117.235
703.400 11720.854
10252.621 12344.706
9550.506 2517.248
17.084 7361.956
1399.283 9277.232
8638.943 11059.415
11422.586 1215.268
8791.307 2268.374
7837.835 12423.672
5209.804 2040.822
9282.576 9053.685
11194.036 7854.807
7615.520 710.481
4736.819 189.580
10148.598 9542.830
7226.138 1564.837
3304.415 9663.275
11320.328 1451.673
4400.369 1842.195
3800.077 10874.309
1371.840 8345.088
11544.709 5784.938
1561.114 8115.489
11914.920 9144.514
10506.411 1054.651
9649.021 9687.657
2435.241 3863.127
1610.737 4638.710
230.856 451.257
4131.535 12287.807
11821.057 11469.835
11502.044 4885.693
11953.984 6843.824
11188.328 2469.482
11376.679 6795.574
9148.431 2530.775
8285.375 1907.357
3002.422 3381.610
5820.318 11327.446
3216.099 9314.996
8413.084 10705.719
10627.452 8279.056
10026.900 8852.684
700.857 6776.812
2888.276 10634.270
8199.816 2031.580
12196.830 4592.539
670.200 8274.702
8051.835 10290.561
5334.899 11819.369
10545.732 5080.938
2745.458 11824.663
3941.143 465.901
8761.831 10488.893
8227.514 2048.849
12308.517 1581.376
78.316 6970.860
1262.587 5647.998
8431.002 1341.166
9914.123 11776.144
12487.685 9182.177
4910.495 12356.092
6171.598 11250.820
40.326 9851.924
6094.631 1254.297
6287.272 11026.372
10840.440 7900.402
715.004 5083.319
3530.338 638.208
11975.563 3687.986
4143.173 10737.578
9374.513 917.961
10459.304 10861.252
5862.280 11432.543
9510.251 3266.541
12207.194 3699.459
10888.631 7954.275
3864.850 2466.757
839.541 764.623
1312.534 7808.229
6388.929 602.702
1449.491 10932.951
409.836 7468.125
12175.845 7431.896
109.532 5368.112
3169.368 749.211
11537.323 323.167
2366.775 10932.770
12043.117 5333.438
8097.847 12392.145
12211.720 2403.092
1647.571 11994.020
12457.601 264.054
9559.583 3646.111
3905.654 11611.209
9735.990 2170.217
1322.605 425.713
10114.750 622.775
1493.619 2901.731
7766.571 10757.254
2064.713 1199.432
10700.870 4830.019
4380.039 1184.604
6575.985 11802.261
1595.581 10456.367
1723.724 464.393
1029.242 6534.281
2541.777 255.511
8633.464 10984.588
895.359 3675.757
10825.376 9072.222
8520.139 2325.718
1705.060 9261.462
1058.875 3860.060
11295.214 5293.565
1201.023 1334.012
11754.123 3704.263
11652.646 8553.513
1819.657 3264.180
12219.333 8953.674
11857.542 3533.645
11959.826 1326.246
8669.104 592.617
11909.255 2083.176
7010.805 12404.272
11519.939 7849.365
8945.814 11121.714
1082.558 10419.387
12042.533 4533.681
3751.434 11181.536
3964.822 1512.910
4369.920 2507.251
11072.453 3046.000
11812.938 5064.853
11089.793 9470.176
12348.360 5210.449
9230.152 9838.927
659.359 2470.166
7377.445 1189.768
11874.998 11185.219
8045.055 664.758
11558.756 4363.824
2906.043 11674.068
11627.329 3942.695
5282.934 648.022
9831.900 1877.629
6908.790 11863.815
6161.943 11107.728
97.243 7660.452
11728.316 10808.297
910.319 7427.278
4652.805 10985.317
4329.537 10827.754
8963.968 2182.510
3789.663 1296.193
11987.878 3393.324
8192.979 10192.951
12002.602 8958.905
3361.319 9810.445
12141.756 8920.356
10674.573 3813.779
1158.638 5996.401
2636.233 11872.990
1378.992 10922.179
12235.867 3895.852
1484.550 6254.202
4279.712 12272.477
11574.148 5319.663
9769.688 2902.717
701.212 10642.608
11074.512 11389.361
9533.671 1452.850
4516.354 12419.251
11998.885 9252.184
12082.617 4671.257
1354.593 3608.985
10623.219 5222.729
3264.125 1947.388
10508.325 11667.846
3150.894 9334.918
1017.521 5007.727
8718.887 635.898
4291.876 11286.010
6810.668 12366.769
10748.282 674.923
4918.409 11551.991
8080.711 11256.364
8911.091 10065.550
11988.328 3514.923
756.758 11735.099
5543.645 12006.352
8001.533 11214.920
1634.872 3368.611
2599.466 10556.624
1591.511 6306.442
10635.608 726.339
1113.150 7292.701
1307.733 5208.037
181.446 5779.382
9159.450 11252.438
11527.769 5635.130
10225.586 2942.836
5643.324 12349.246
8907.072 3070.175
7994.291 1011.430
4037.353 532.000
4349.338 12045.759
3348.284 1876.874
11981.730 4019.539
11251.485 859.298
694.223 6532.207
964.153 242.391
1886.995 8264.021
9898.676 12341.627
11640.623 967.383
8946.887 10087.376
5087.417 11270.769
609.157 3693.366
2174.976 8680.201
9422.846 9016.154
10990.764 12221.255
951.124 5328.622
2245.874 1322.124
10142.943 2411.426
7301.039 740.183
9754.683 3170.612
1772.737 689.756
1886.008 8575.432
8987.844 11691.123
12280.673 11784.922
10463.688 874.369
1154.495 10534.672
5702.410 11550.709
10034.671 3536.672
11559.966 1220.917
11312.295 11907.123
11471.101 4853.388
11996.512 7928.302
3341.671 896.700
8918.691 12411.932
12183.561 8920.924
356.583 3382.017
4382.333 11424.398
7084.550 450.417
68.689 10958.970
12499.329 8329.724
4762.940 12237.911
3826.958 1739.103
1009.071 224.685
10648.105 4565.449
982.047 1052.018
11770.158 2921.077
11475.828 7997.743
1711.585 440.832
5896.341 12167.839
9389.127 1211.587
10777.264 417.551
10697.360 3216.434
392.970 5746.792
1948.779 10169.409
4313.235 1878.840
8086.965 12370.719
11259.905 2257.434
828.837 2392.560
10649.561 9393.608
12368.447 4423.716
1886.885 1010.164
12206.841 6911.120
6939.301 10837.616
12124.973 10088.304
10977.247 3845.406
1479.221 3629.021
11094.196 3765.735
403.871 4471.916
853.949 363.673
11395.923 1175.318
8496.206 11062.905
11719.690 1284.603
12456.372 9597.696
1327.736 1488.862
1519.175 11048.943
3874.218 621.430
12023.351 9866.651
11419.315 6397.403
2636.492 10578.294
11347.834 2722.765
4640.406 11623.961
803.199 6805.834
5583.169 1.009
1017.821 8299.265
9443.343 12494.062
11171.518 11386.304
8175.717 1327.747
7015.527 11566.466
5030.949 1260.763
5937.769 11515.304
1385.872 9648.706
1563.756 4523.566
6097.979 11067.378
10892.663 1134.105
1880.544 4445.252
10595.160 11698.618
12332.487 7540.676
3775.556 1401.749
11765.652 8509.736
3102.816 2974.246
5887.424 11828.409
11815.038 10081.205
8805.133 11653.622
1459.885 1895.798
9990.682 3606.124
422.996 4010.945
11781.964 6565.708
9716.561 838.551
1504.081 1922.228
4.727 9982.047
1398.188 5009.359
3900.614 1249.543
6182.126 435.077
7050.543 460.998
372.449 7268.564
104.499 9433.016
3944.550 10404.235
119.149 6426.539
6495.467 11757.563
3130.881 9965.409
1668.749 4734.766
11433.547 11084.070
6086.589 761.423
10773.358 11436.783
3110.570 1779.439
11363.264 6276.240
8917.913 1890.124
11253.692 6606.543
2000.286 8978.242
1378.513 8254.418
12430.131 10835.921
7319.342 1269.023
12018.098 9682.689
4522.077 10949.028
1034.787 4078.884
1449.945 5913.371
5425.774 170.975
661.084 11448.069
4323.352 943.947
4673.288 843.642
9133.826 1032.640
3444.345 9703.592
11095.117 1883.316
9837.152 156.441
4516.099 1923.461
2259.074 10922.955
1495.627 8335.088
7314.286 10498.200
12105.703 7177.903
11136.276 200.899
6468.314 12496.783
1885.337 12252.126
5231.015 1528.587
1812.233 3835.504
11886.640 10829.959
10691.178 12215.517
7875.581 327.109
12036.709 6228.989
6230.691 12133.244
9834.473 2345.123
4125.632 10930.558
9903.230 748.850
1224.199 3833.834
12103.262 5255.548
2697.793 11326.093
12361.510 4025.803
2798.336 12019.203
3094.192 10138.553
10521.786 11424.162
9521.740 12068.237
1920.057 1527.963
9547.099 2286.570
2817.454 8679.144
3344.327 10827.123
1216.948 5908.384
613.136 6332.455
5995.017 647.440
1072.204 10425.810
6972.090 12147.003
1966.437 11823.689
905.211 8762.073
8405.287 11664.673
12468.483 1560.075
785.171 4632.599
12062.857 9662.511
11384.526 3337.325
12171.180 11553.631
2382.741 2564.360
4433.341 11723.603
10950.655 228.324
2644.345 2941.350
257.973 1864.586
10117.294 89.374
463.136 9498.847
3199.813 9075.477
928.447 8104.724
140.878 10013.306
4168.057 11706.656
10649.500 12206.271
9867.527 11307.687
11496.237 7517.963
5253.067 908.468
2334.730 8266.852
5584.087 11630.388
9868.657 12063.963
7737.977 665.819
1448.232 9234.119
11455.605 7601.664
1304.459 8429.229
4067.924 331.296
107.208 857.019
2230.816 10476.271
643.311 7060.697
426.293 5697.711
551.282 6667.361
8550.517 9903.786
12220.822 361.945
6033.142 1329.223
11048.107 185.451
996.135 7531.382
11344.112 5730.336
2574.577 1471.350
1473.769 2266.889
3567.798 2708.463
979.762 9612.202
9763.491 3532.234
1017.177 12247.477
9164.085 12272.575
11882.070 980.215
3647.659 599.282
1732.474 7796.828
3334.315 12433.472
2934.191 10914.076
2221.286 316.826
3761.821 11024.936
11824.936 6513.432
2404.290 10218.801
1202.955 7250.250
11273.905 7825.460
9892.514 2492.556
11541.394 8435.646
654.576 2655.439
9149.167 915.381
969.805 7138.971
11177.412 4466.682
10352.184 2587.654
1274.066 6332.843
190.114 9585.473
6792.744 23.448
2338.485 2629.650
11949.109 244.758
8628.245 585.484
10460.968 1731.466
10903.591 2295.033
12264.116 6387.768
4113.411 325.868
3984.185 755.696
2940.195 1143.130
11585.713 3433.065
4866.928 952.433
330.661 3889.751
11054.076 10966.996
82.488 11744.935
5182.192 1255.793
4675.684 563.613
10710.619 2183.357
12264.287 9926.639
9037.155 267.118
451.854 5165.007
262.631 5770.215
3669.492 1983.674
7699.588 459.840
3101.133 3529.825
9449.934 3251.710
10391.177 1746.927
5813.083 1719.423
2881.255 1703.533
7218.668 11598.090
7102.469 10495.632
11921.760 7065.407
11554.674 10834.016
9098.593 803.431
12221.152 1434.986
6042.352 11808.022
2666.941 9433.696
10146.085 3943.692
6561.925 2.631
10118.608 12048.854
9968.614 10470.755
1200.421 7651.229
11714.514 5257.635
737.356 3014.496
12369.785 11180.230
12259.287 5887.400
9681.497 662.024
1352.255 9438.281
12283.671 582.723
9193.802 11106.507
4568.298 12252.082
5536.280 812.758
2002.493 11619.317
120.655 4536.220
10050.459 3795.892
9316.198 2333.704
11474.839 11904.184
12321.407 9976.155
4501.305 11282.332
377.558 3098.790
724.192 1027.335
9356.814 3488.089
1117.108 121.488
5689.927 1585.483
1343.043 1394.044
1081.487 6855.724
9239.543 9812.904
11263.982 6239.998
7189.619 417.710
6125.864 11360.707
12485.277 7319.283
10348.063 2427.259
8321.160 346.972
11903.858 5360.551
2706.683 10433.944
2271.093 10310.402
11881.604 4768.429
3074.770 145.988
1369.175 7332.493
3950.243 11052.541
22.461 7139.550
3618.557 3029.628
844.128 12295.324
12355.906 11569.557
9134.917 2478.610
2909.286 3548.500
3239.098 12168.414
8547.275 11861.534
604.045 7107.016
1065.549 3385.666
4621.929 12447.083
983.788 9199.349
11272.955 5846.883
10535.365 10963.371
3985.286 1010.734
439.554 10893.847
1685.378 7308.481
11669.865 8472.212
3954.897 295.652
2201.356 9852.243
1998.100 4321.811
10606.066 5126.038
4432.422 11622.242
5165.864 1659.857
3497.100 11822.337
309.640 2616.051
7812.044 12252.196
11139.693 8237.937
1180.928 11618.906
1485.114 11597.311
12087.523 6502.724
1931.278 9208.267
8547.543 12040.272
3330.917 193.593
8668.647 660.239
4260.397 2073.865
8437.735 2191.659
2385.314 3857.877
603.128 5162.919
9125.997 12112.720
8607.399 676.607
1989.043 9635.967
1820.279 1219.736
9693.572 12456.476
1447.453 5323.176
12484.062 9161.575
3699.250 11067.458
11427.834 8911.896
10459.598 12193.479
4442.545 194.589
5079.907 11438.085
9930.721 1443.992
11250.127 9585.523
2628.198 3495.875
9115.593 11540.787
11195.064 105.549
11722.636 2758.803
8982.819 464.498
6201.352 11509.760
16.958 2038.930
3322.407 11374.693
11590.311 523.411
445.638 5344.840
1306.557 9722.701
11671.800 3918.927
11803.983 10113.839
7245.991 1265.357
1329.272 8913.154
11938.387 4852.055
11496.122 3558.326
12432.337 3794.391
6518.883 12434.234
11907.316 3539.198
10111.330 1052.278
1661.080 8783.142
10617.874 2296.681
12198.031 5399.234
599.582 12324.399
11821.482 8811.684
6238.084 11245.714
12185.507 5446.497
10526.121 266.889
1942.558 1900.029
11151.545 3657.052
1217.977 6635.721
10521.138 11440.715
10542.849 3234.790
658.038 8619.360
10417.563 9435.140
2280.559 1680.539
9231.262 9158.960
10276.022 3954.618
12217.461 1545.483
972.970 8254.771
5896.480 999.023
5546.288 1367.918
3486.931 3077.230
10800.305 12099.286
5226.466 1627.804
1445.478 5607.311
1307.440 6519.466
10419.368 12121.302
1212.650 10914.506
4372.859 10533.534
3546.793 2931.542
4553.551 11975.428
1315.364 4000.012
2396.348 8205.435
11695.471 2000.219
10300.999 9045.006
1017.832 7547.473
1083.327 9815.144
12281.820 10825.840
8131.282 9924.946
1299.956 11751.352
599.681 6416.246
2014.298 8051.872
11914.885 4645.215
7009.057 11311.174
9906.791 3220.267
4893.449 8.747
7348.649 11248.810
10076.549 11589.404
1096.271 3404.452
6098.263 12403.474
176.456 5451.815
11494.643 7107.499
7431.573 11243.266
5218.849 11520.300
12350.739 11139.449
1491.905 1530.747
3074.339 1269.599
12346.844 3086.287
5809.870 10955.556
3478.081 1148.913
8137.357 11771.284
9741.475 2073.204
11868.190 3316.768
11184.977 619.343
6624.471 11406.801
450.711 3515.396
11361.652 10510.544
10912.550 3396.355
4422.285 1517.153
747.449 7178.580
4624.380 2310.667
1647.769 4069.993
5390.761 250.853
3243.295 217.359
10874.512 10954.385
12386.539 6985.340
8555.830 10526.520
8561.047 10655.978
528.824 3789.308
972.048 1020.841
1693.671 10597.708
1341.448 7516.521
15.781 6567.816
10672.596 12465.057
3000.005 12321.802
11332.778 6655.938
7863.127 10380.781
11067.295 7721.384
8940.256 12434.054
7169.844 1392.299
1233.952 2341.753
7862.473 12088.695
942.257 8383.739
8166.954 11702.041
2819.953 3080.265
8200.559 10727.047
1381.786 4754.972
11341.845 5110.449
2236.678 1689.105
8141.565 666.454
10352.806 9942.454
9643.127 10655.518
7234.299 10514.763
1895.973 10049.923
12090.691 12268.370
12134.735 1185.470
1943.447 12116.450
1022.509 6348.064
9729.449 2730.857
747.236 277.854
11600.001 6312.229
1323.656 3590.418
11282.413 12199.230
10995.232 10473.307
2204.410 2285.930
9827.651 10435.985
11724.456 12211.949
366.506 9891.929
5530.765 11508.357
8806.261 9817.759
11630.550 892.257
6198.931 11585.377
2470.341 1482.902
12280.615 6530.118
11774.636 2238.536
2315.472 3337.163
2155.716 207.034
2234.404 555.556
11836.872 19.741
2320.029 12148.109
7499.134 12412.223
11789.866 4706.118
2104.288 1419.197
10001.510 12187.115
1595.109 5257.575
6897.375 10861.027
3449.443 10082.073
3704.503 999.977
9279.203 9937.558
2305.313 2640.358
4443.321 12401.254
12007.761 2133.144
8424.932 10671.020
153.558 4434.059
9902.962 1134.107
11505.150 2035.030
842.596 253.443
10811.287 3022.783
43.426 10317.424
789.339 6627.868
9763.544 12325.365
9340.495 2734.536
2337.493 1709.524
10822.401 8419.891
11376.675 10347.461
12140.284 2925.459
874.690 5702.095
1216.089 6867.520
11450.714 40.429
401.880 4470.441
7393.649 10372.695
10220.611 12111.318
11852.443 6413.083
974.986 1654.829
10559.942 3939.403
6559.548 1058.352
4871.900 1420.303
7738.061 868.125
7495.796 11877.129
11858.215 3499.474
5863.327 1242.825
6595.315 754.368
10598.555 1503.909
5788.853 11411.586
3047.977 9985.586
3485.667 11702.013
10663.562 641.776
1744.801 3874.030
8719.523 11576.373
11327.709 11285.596
11875.593 3904.823
4399.391 487.306
10175.125 11135.288
10675.616 2299.228
12029.565 10918.910
10557.066 3013.776
12391.035 1520.048
12110.653 2285.821
3437.107 12077.677
10887.043 10045.889
9171.566 9263.581
11167.785 5760.811
11487.724 2049.989
3997.091 11357.277
7578.758 1291.238
414.161 8411.652
4824.465 727.161
3644.177 2512.893
403.636 1825.633
9872.681 2409.434
2553.295 8422.141
9956.342 2979.666
1937.616 8170.334
10370.795 11275.838
111.604 12412.088
12421.243 10713.816
1203.684 1194.418
1165.367 2544.856
2991.766 11556.709
10746.003 1046.770
10587.303 806.506
12403.578 11275.042
5610.127 851.904
2707.862 3231.316
8947.755 10179.673
10359.916 11063.818
1738.755 1186.548
1425.114 5251.282
1855.904 10635.488
12102.536 261.028
2061.275 7248.768
5717.518 1717.484
2979.118 9839.240
3690.310 12472.078
1997.561 4195.594
12081.892 256.269
4774.638 11035.704
6295.588 483.126
1878.663 9356.622
3667.479 470.627
7688.964 692.539
11191.998 5147.024
5050.605 436.235
6776.093 408.529
1639.472 6353.793
1114.694 4232.756
10352.046 1410.144
2570.088 3079.962
12268.900 7170.955
10742.758 3537.712
9484.964 3634.861
9919.176 3647.769
9731.952 10642.808
12092.340 323.837
3713.585 885.433
1138.077 1280.060
552.785 4367.749
11744.406 5570.853
927.668 5895.412
1554.469 4001.660
10713.942 1414.774
588.035 4203.091
1571.121 6285.285
9845.624 9721.646
1175.565 4640.469
2465.947 1283.128
10540.025 10607.963
12445.851 3129.014
1939.089 3451.540
11625.955 12444.953
912.577 911.957
10747.729 8052.601
9150.109 10980.741
2110.733 11744.893
8255.399 10527.480
11368.986 8039.390
4666.854 12208.603
1581.867 4160.199
10540.950 292.908
1451.858 3587.703
8478.318 11411.743
7262.781 11247.258
10901.424 11236.058
12027.697 12076.447
2675.836 1371.324
495.187 3196.845
8269.571 10779.452
1652.421 11046.955
3130.611 2497.950
8845.318 11791.574
12214.534 3675.475
5158.368 11965.856
3241.585 10557.848
6965.627 10968.726
3004.906 11831.603
3566.992 675.517
3761.598 203.384
4447.761 12385.929
3716.038 10003.262
978.826 9269.563
19.014 12452.413
7343.738 1473.345
126.913 5741.322
7712.685 12240.773
1783.325 3670.386
60.711 5067.525
1541.254 8821.491
2746.088 9133.432
8238.445 1983.867
895.315 846.974
2338.717 943.234
1939.893 1871.332
11940.319 11922.771
9466.530 9450.126
8318.530 12044.258
4214.847 12349.651
8001.024 11960.266
4891.929 11318.631
3197.673 9025.949
11465.076 1106.053
11606.016 214.291
10440.477 10540.347
12134.656 12255.488
11246.996 6699.387
1543.984 7976.918
202.379 139.303
12437.401 11971.507
8813.551 10875.939
9364.844 12031.233
3381.935 10398.545
11532.979 2675.543
11237.823 8702.801
7043.095 308.320
523.938 7679.872
8201.284 88.373
1607.730 10582.449
8476.759 11154.676
924.714 1902.139
1792.350 7471.875
3033.345 9477.752
9646.168 9272.598
11882.368 10092.593
6304.874 11588.018
1097.473 6392.584
11372.869 6567.371
459.771 1626.389
10760.655 1539.236
2864.666 1745.298
11963.718 4772.511
11373.029 8808.911
8884.341 10393.134
1842.908 1789.493
4865.808 15.077
9373.220 9665.524
12058.075 10693.899
11806.408 6693.595
12473.403 8302.497
4100.036 1916.791
1143.739 11516.573
9313.893 12186.097
11514.016 3049.420
9421.635 12446.855
2467.021 11774.519
2666.636 3155.531
2680.115 11877.874
12149.678 2707.472
12328.274 9058.752
3728.507 2787.217
11671.786 6941.281
11005.733 6059.661
2956.363 11013.044
3802.705 1539.493
1885.820 8087.753
1085.070 7712.535
829.940 11153.091
8987.002 396.458
5503.685 1263.426
9615.803 12043.212
10672.357 5437.446
6354.977 832.826
7777.579 11414.583
10709.669 8266.250
1319.067 6608.083
2484.625 118.432
1390.388 6375.300
6777.064 10736.894
520.174 4747.903
8782.622 10527.695
2934.584 11707.677
2198.980 1154.327
2524.659 1587.060
10205.019 11418.641
1526.514 11280.702
1245.932 592.321
10142.686 11822.827
8013.776 11009.811
222.624 1614.400
731.481 1936.307
2749.604 9604.901
10515.134 398.735
11753.573 10520.994
10307.372 3939.878
6701.169 737.597
1741.259 2265.435
632.140 2959.150
7917.995 10751.353
11122.412 5466.850
1807.491 907.877
6627.237 10757.985
12084.110 1678.642
1140.754 8979.206
12302.471 7794.556
4554.732 11003.311
38.378 10549.506
9819.938 10895.330
11787.436 10157.715
12352.773 1898.487
10090.907 8681.791
2005.134 4276.817
4889.656 1036.045
1174.933 9397.075
356.516 527.419
10138.625 1688.134
11774.007 3138.480
11021.712 7987.798
164.386 4679.557
11939.801 1047.119
2260.258 9700.500
1332.998 7890.623
1858.712 4035.264
10242.416 3841.122
4829.340 2176.941
10000.595 2568.583
2329.495 11851.860
2128.956 9411.813
3220.475 2369.608
1373.353 10655.255
6971.133 152.280
11871.023 6009.686
9185.452 915.663
186.062 10676.290
482.843 9770.155
11099.226 6692.708
2631.340 9203.843
3378.148 3220.191
4051.285 11980.021
1930.132 3939.690
7827.109 11964.665
3441.162 11834.339
438.317 4596.179
824.827 1183.175
2225.768 10179.392
11640.777 8010.874
3301.510 9649.506
9507.199 9833.572
1586.363 2108.304
11052.888 952.173
1721.154 3573.793
2670.462 3328.363
2434.609 10719.959
1108.272 12000.565
10512.491 9871.441
2146.725 7243.802
10543.638 4164.821
9875.705 3559.864
9398.829 9797.934
2886.101 840.677
3577.311 1605.749
11445.374 10766.845
553.751 2727.583
9019.091 11792.458
1815.311 10495.184
1719.004 8329.536
11146.897 5169.665
8482.528 2248.213
2424.347 8017.092
11146.002 4031.682
10258.633 1386.601
586.475 1089.006
5037.452 11358.730
5640.517 11593.428
1573.766 754.771
1152.067 923.670
11786.436 10787.586
4265.390 1549.257
11030.889 1186.684
10095.689 3755.455
10258.269 1436.674
4018.249 10461.051
9075.572 9853.652
4378.029 11641.487
2622.561 2319.921
6235.653 385.692
9690.516 2001.547
998.726 1865.658
9930.869 2568.506
10102.865 9083.810
10594.892 4720.453
572.427 2970.495
3959.431 10334.999
8255.334 10503.675
11009.530 2325.220
1496.778 6691.650
4334.575 1242.119
10064.247 2021.969
11794.241 11454.806
335.729 6930.261
3749.928 1860.989
11428.256 11204.463
1432.315 6300.008
11587.757 5269.269
10848.440 7983.513
821.127 12338.258
1483.016 12186.943
1243.196 9562.308
1590.686 9975.426
8937.682 12364.832
11053.036 8841.361
11889.756 2521.500
9858.959 733.690
12212.658 10338.938
3977.857 10863.780
11719.100 10671.731
3729.722 10219.462
11768.400 11031.872
10490.455 781.788
12443.814 5641.336
11065.445 4193.901
6907.986 147.599
10363.645 1568.387
2644.919 11007.696
517.758 9685.125
8300.434 756.589
10745.407 9481.398
627.675 5189.733
4977.095 1569.681
8999.771 11196.462
11544.513 6593.818
12123.120 5405.714
11532.389 11712.638
9972.577 9082.887
66.251 804.326
736.967 6854.503
11714.021 1618.346
2697.336 2356.828
11432.891 9073.177
11701.981 1100.415
5507.025 11077.900
7964.079 11757.203
8680.004 2041.549
6163.300 11520.008
9948.289 1516.885
1697.704 6619.703
10712.230 626.285
9626.152 2603.639
5689.585 1429.307
369.302 5471.627
1418.009 12382.084
12394.886 617.850
10032.948 10073.905
1123.227 12300.867
11377.924 2837.637
716.559 1067.614
3141.352 1018.676
9966.716 2687.205
1089.239 3946.141
3030.507 2724.554
1709.601 2626.030
11191.530 9067.040
9364.160 9638.679
2923.082 1954.290
12081.461 1270.534
1246.276 6154.409
9538.072 2813.950
1472.602 8744.806
5889.956 1300.620
12074.979 4794.646
11909.355 1319.720
3468.994 10130.124
3307.892 748.820
8825.573 1927.536
11715.369 3180.023
1091.913 3036.701
2488.814 10842.933
2413.852 3114.889
11143.482 386.265
355.151 220.767
2782.713 3237.254
3688.309 11640.193
483.362 10162.557
6000.102 11655.072
892.893 2097.473
10567.354 9652.221
237.406 7523.772
10630.527 11832.992
8037.967 430.432
12046.910 5094.751
9739.359 1927.859
8487.408 11826.703
2309.467 2504.210
8158.412 11878.870
907.042 3160.385
11903.338 4626.941
6343.247 11466.122
135.231 9714.032
10675.435 2242.425
1967.777 8582.523
625.095 8360.042
2758.234 10194.826
959.360 4674.874
12372.859 148.339
953.568 1623.804
1197.050 156.789
1886.383 11196.824
2036.106 2591.079
11234.172 7638.965
11474.491 2009.652
7619.180 1315.579
8986.354 1191.609
9120.123 10520.250
3676.105 1336.325
2742.008 3162.035
12239.124 3574.458
12269.944 11797.757
2631.723 9882.560
591.126 1453.643
2539.618 1273.797
12243.252 9197.365
5212.113 12297.233
107.292 6267.882
4923.262 11063.636
5562.462 11402.642
5100.405 10918.673
9664.652 11372.813
1864.161 7566.291
3396.895 1964.740
5949.081 12095.150
6068.822 760.264
12352.113 4014.696
8667.521 10937.189
1963.697 708.738
6983.769 10986.244
783.073 7926.299
521.729 387.170
2677.624 664.309
1182.830 1641.901
1548.159 5367.779
711.324 67.896
10197.840 405.274
12071.774 10653.742
2872.469 9452.968
3281.124 2388.714
7101.872 11966.030
11639.167 7062.257
1256.483 6049.828
3776.090 10860.614
9363.086 10065.252
10471.494 10643.896
11086.518 8490.830
3114.021 10023.503
2130.993 9807.498
9519.719 9696.549
7433.624 11048.446
12476.747 6065.106
7679.852 1091.308
1045.810 8000.201
600.595 6142.238
10538.565 8758.944
11746.383 8350.873
2313.936 3679.683
9082.521 10212.637
11285.660 8382.523
11985.688 12105.337
11204.493 4697.569
6177.470 1390.043
2716.681 11390.224
10118.806 4770.419
7769.412 969.506
3593.372 10090.506
3911.599 1917.532
3118.730 2514.069
311.445 7699.515
12478.065 2728.428
2177.191 12093.697
2265.826 10000.724
992.268 5725.694
4170.132 1933.238
11960.366 9115.330
843.469 7743.398
9577.356 3510.870
12166.398 556.350
3035.368 10165.903
4318.614 783.272
567.229 10104.426
9711.413 9458.879
1122.425 7611.137
11953.954 10334.751
3234.642 3253.722
8427.588 9913.456
12384.451 947.641
6947.822 281.008
1449.219 7850.226
12208.804 6465.400
10590.672 681.824
3103.704 11676.467
6531.302 12456.485
1412.280 97.844
8792.736 2586.667
11902.379 208.376
11290.615 6040.827
1344.402 3914.646
113.685 2751.994
981.985 5973.576
10652.502 2157.929
9786.043 9275.025
1052.397 7351.864
10725.421 1365.696
1277.741 7292.620
1679.251 8892.544
5521.588 11373.112
2803.719 12248.611
1576.373 8053.727
10769.614 11228.274
217.605 3294.999
11992.089 11912.321
5289.900 960.524
9998.271 11488.681
746.716 2081.614
10780.498 417.597
10873.001 899.607
12143.785 8404.710
1462.908 10727.391
3063.970 10484.267
1780.117 8886.557
7081.848 11977.767
11993.312 8898.882
9279.199 11400.871
6337.630 1561.575
4897.988 105.039
504.225 5878.839
9768.839 2429.305
598.011 684.454
1631.756 2527.960
3384.627 414.437
10085.751 11010.168
11984.634 12016.425
3331.299 1273.808
270.282 9994.788
11164.614 10919.225
614.435 4990.676
4496.103 1094.102
3014.480 11138.601
11846.891 3131.576
11435.351 7849.995
10385.358 4692.039
11308.164 7609.579
11929.004 73.380
4711.098 728.033
11780.455 7605.406
11011.400 3103.856
67.401 7609.431
10702.359 3321.102
9680.516 11149.992
1239.256 964.328
3531.777 1571.100
5826.318 1034.065
10314.435 10665.476
3209.970 10049.070
5061.179 1840.491
1718.998 4575.392
2551.154 8937.639
11529.134 2364.218
25.602 7326.154
12058.062 9475.582
9520.525 12449.151
10994.970 11256.049
2121.504 3460.694
1773.950 8502.268
3602.405 693.070
9781.914 11400.017
11456.604 1741.367
10911.840 10006.223
9536.269 940.521
4096.247 10881.607
9161.848 10660.979
11645.840 7999.777
12381.805 6419.494
10994.622 6312.423
2405.827 9989.451
11283.835 8695.632
10678.158 12080.132
11241.993 2658.627
1909.254 3327.370
10896.882 4807.716
10567.746 11960.908
2365.041 3025.288
763.152 10828.970
9653.138 828.426
633.818 8957.869
9821.799 1624.623
5703.084 862.049
10923.737 9993.573
4432.299 1597.644
3512.683 9690.481
10229.468 9104.962
11524.366 2512.760
11602.029 161.165
3200.758 2527.376
3344.960 77.019
4802.480 387.768
3314.540 12099.742
8274.387 526.558
3874.639 1467.146
11813.156 4514.204
3574.346 10532.565
3193.761 11812.654
2291.247 9291.261
4245.204 509.239
352.060 3234.736
486.187 12367.421
2517.923 9569.504
11653.454 7668.390
11313.972 6953.707
10183.794 2910.625
873.080 1131.284
10524.788 9655.298
12355.394 11814.325
1959.758 718.036
9391.495 1146.510
8728.199 881.299
7485.145 1184.222
12424.922 8973.488
9043.762 10341.209
9110.911 3089.663
3598.867 664.462
9239.561 2124.841
2936.338 1206.370
11628.594 8562.478
9496.271 1689.162
6521.457 12225.535
5305.427 1943.079
10065.275 1778.637
1711.250 8373.415
2583.598 1747.928
1876.600 8856.319
10743.000 1017.414
902.862 1303.789
3611.935 2045.988
1241.261 10354.901
4818.270 11121.391
1449.484 10727.142
9641.248 11422.989
8735.773 1711.593
3060.025 9940.385
1956.630 2379.088
3424.373 11630.059
9651.990 10694.576
1116.519 6515.395
9998.760 2302.169
907.113 5152.522
9558.340 10828.308
8515.305 1040.345
3374.539 9897.170
1415.715 12325.393
626.350 9879.837
9353.139 10370.543
12422.821 51.076
3370.776 11502.525
5268.510 12114.032
1508.845 4142.592
4523.327 1106.626
12205.067 1433.446
904.127 2632.446
11300.921 4649.289
961.657 2610.369
11045.467 4105.992
966.334 3954.019
9627.385 10950.329
2397.716 9283.470
5037.970 1940.348
2513.693 12320.992
1509.788 6933.955
6508.649 10869.739
1660.515 1980.634
11128.378 540.384
671.706 11820.754
2392.603 8573.671
8385.256 11979.494
10156.060 4113.201
4946.062 11361.121
11431.781 4025.145
11459.025 8797.926
790.337 3617.535
716.063 10344.316
11341.343 6786.946
9891.321 2586.504
11784.170 3221.457
298.383 10432.320
3128.075 10741.904
3277.888 3056.689
3652.764 2143.934
11057.519 8234.253
707.525 333.143
4711.355 11914.691
792.869 2551.809
44.263 7997.492
11109.213 11628.808
12118.042 9508.735
1613.516 8000.293
4152.111 10607.052
12042.169 12212.027
11691.655 11988.348
9089.125 182.265
1889.779 10489.134
10428.818 5289.771
1701.710 7755.305
4085.396 1238.995
10979.995 670.097
1051.784 3852.409
9758.772 9535.144
6490.885 1426.344
11302.081 6398.852
1710.065 10343.694
756.653 1267.777
4352.892 195.229
9343.274 9512.665
6988.606 11315.258
33.633 7846.407
10064.529 11610.247
5597.975 11357.400
3975.617 10679.510
8194.468 11993.533
12475.619 3234.353
11940.797 9086.300
1620.027 10026.092
4173.217 962.622
12085.020 205.919
11450.044 4496.083
8201.436 86.598
8012.160 11828.420
4794.351 12488.397
11648.078 8701.497
851.466 5341.381
7001.396 690.522
5998.968 12202.743
9463.823 10879.755
4125.411 11470.359
5559.827 11495.979
31.604 8573.319
5141.908 1336.926
7991.951 12383.764
10884.838 4913.238
1157.037 3124.323
4811.723 1197.985
12472.491 6813.210
513.977 6904.434
1298.280 8076.941
11279.201 2858.661
4660.966 2394.227
7758.060 11217.413
1289.557 6542.921
11438.505 2725.880
11630.460 6662.047
2243.866 3238.589
11746.834 9470.918
374.005 7380.413
10527.838 10709.125
8109.988 10814.032
5001.370 1673.631
11954.630 2321.042
2499.947 8056.103
6807.442 11422.223
8726.847 510.703
1466.867 6726.282
5805.778 11173.294
10203.343 11153.562
872.230 11749.950
2001.597 7498.901
12481.539 1968.489
1856.951 10072.302
5363.183 785.433
10132.688 8919.158
10556.006 11383.431
4243.062 398.055
11358.161 2618.580
11591.838 10559.219
10257.961 2557.544
2216.556 1618.156
7660.929 11389.561
6186.990 11383.527
3850.171 2040.160
2568.468 3036.630
8338.052 10881.906
1746.785 3424.293
158.227 11901.837
6389.501 12102.107
11149.130 10666.923
12120.869 10348.044
2178.114 2320.070
7786.733 11918.998
12164.813 5989.619
6549.717 11562.062
11828.192 636.280
10392.240 4325.682
7083.052 12494.254
3425.333 9450.759
9794.756 537.464
494.804 9450.399
11064.242 11054.155
10358.488 8827.879
821.825 3090.923
11135.992 5400.611
4224.800 11653.345
9592.482 1245.566
3300.685 723.459
4047.698 11130.983
8259.121 10652.912
9715.711 644.159
8418.733 10567.498
11648.860 5343.788
10799.802 11069.715
9523.852 3422.153
3013.816 9391.336
2220.642 1156.532
7532.761 431.849
155.087 562.332
10997.291 10737.934
684.017 8922.595
11706.712 11483.130
9861.795 12446.472
12084.572 8417.805
8511.650 1271.492
9077.425 2902.863
1373.715 7564.936
9771.508 33.456
7631.818 12140.810
4150.173 912.861
7345.129 11488.959
12003.773 1763.585
1038.907 9268.762
9942.950 3862.236
111.561 231.301
175.720 4616.829
4895.001 12377.513
2296.061 1354.585
916.675 10565.852
9013.635 2981.924
11038.640 4341.238
12089.243 9122.096
10608.394 10472.304
3678.757 9851.466
276.272 5760.584
11168.548 11118.719
4819.924 11003.230
936.652 2515.616
12114.781 6234.800
8225.760 10410.803
9617.630 1827.313
10081.234 1495.060
1632.422 6996.706
1345.692 6546.200
9335.064 2642.459
1619.589 8134.100
11452.751 12358.973
490.923 6950.988
9771.654 9111.216
5266.732 10963.545
1169.034 7359.275
2763.795 8901.236
12471.060 8303.976
513.731 8511.305
10824.022 695.358
11118.719 2811.601
12303.164 1523.689
8219.590 11269.351
1368.601 8849.139
9386.844 11481.952
4634.329 12155.261
10501.158 10730.774
947.972 10890.600
1454.897 11787.543
2451.641 11635.859
10554.789 4107.672
3512.630 330.844
1306.537 263.653
1552.457 2556.724
8253.846 1145.649
2179.459 11519.322
6309.117 1405.548
11997.019 2682.476
617.589 7966.086
8539.772 263.564
11618.161 7303.651
12384.121 11979.288
3952.417 11789.669
2088.151 2131.117
568.404 2548.136
2827.693 11482.445
2405.862 3864.346
313.864 7419.801
5946.618 12427.450
2252.961 12270.287
10368.093 8911.608
897.917 9110.216
11613.580 4040.124
4800.754 11493.417
1318.551 11075.344
9298.713 154.507
2794.263 962.238
201.364 9150.367
641.176 6767.594
11753.164 11556.275
6065.796 12409.032
634.095 7963.814
12444.256 3390.134
4876.763 11849.084
2624.838 2862.457
3689.525 10772.987
792.358 714.000
2346.192 2954.426
10054.616 1875.672
12189.357 8444.095
10796.592 1540.048
10121.767 1692.253
1009.968 3691.965
7526.124 10258.295
3800.827 12368.956
7752.582 12042.928
12159.128 12304.993
297.752 12047.699
10973.708 9215.652
604.518 1257.161
3591.119 573.824
1121.824 10980.479
3162.925 10452.902
938.472 2871.930
1119.093 2243.485
11509.126 7571.588
38.745 7917.590
11896.551 12167.158
1800.598 7168.004
7880.808 12024.868
8822.327 9535.914
1908.195 10880.857
1515.491 1818.921
435.787 371.125
5097.137 11007.336
3369.950 2364.270
12129.373 1175.770
12013.994 6657.906
11328.423 10558.504
1287.627 9372.176
1394.632 1417.330
1122.129 7847.358
11293.223 6805.188
11044.665 10398.153
542.329 10980.376
8373.376 10731.866
10897.810 8986.356
12462.210 5425.505
9280.698 9898.332
2819.254 3548.766
389.689 8455.108
11816.880 2681.099
4358.053 2500.911
11037.484 11133.759
6188.325 983.754
8985.864 10332.583
12397.819 9995.632
1885.104 2117.958
9163.541 458.551
1742.651 8414.795
6519.505 12187.754
4215.091 1367.186
1911.286 1933.516
8327.938 10095.417
8671.259 12280.199
2958.883 2763.074
12392.944 829.478
12348.654 7344.627
9587.199 9130.398
8169.903 12188.318
420.770 3008.987
2310.479 9738.444
10248.872 4283.442
2347.285 11373.706
6221.826 11821.490
10959.983 3525.277
11107.315 7769.157
10665.038 520.735
2284.971 9167.778
6189.552 11090.342
3169.309 12033.120
11682.598 1077.593
268.270 11034.743
876.407 8234.642
4365.925 2100.069
9392.894 1061.545
6435.178 12418.800
12441.865 3285.250
103.564 57.479
12460.220 11229.559
12142.755 3429.023
9431.400 12077.533
8066.829 11697.705
3025.638 686.749
9012.581 11490.613
9594.988 12013.124
762.491 6192.272
614.095 6555.611
11273.855 9845.443
3406.940 10844.927
1448.148 10674.359
3154.195 11319.073
9316.696 1849.943
9970.899 9658.929
496.450 82.382
5177.497 11587.505
6397.007 11972.761
9073.217 12007.198
9666.771 9475.768
9072.356 2256.672
2742.132 10457.737
2584.241 11191.075
11089.883 2373.266
11880.374 8772.459
582.879 8280.619
4479.881 2504.590
2211.940 1190.541
1820.068 10224.374
6646.845 11261.815
9587.478 10932.772
10597.536 824.717
10003.171 11600.942
9253.734 2769.513
6335.617 12197.409
9144.230 1593.805
1518.652 7340.481
3593.403 10702.249
9387.237 11614.782
1653.349 12438.873
11319.588 4510.763
8861.850 9862.929
8416.784 10815.860
4564.308 1827.031
11543.486 7236.337
8129.782 11039.455
3395.770 1572.913
1031.013 5645.597
2668.278 2298.278
2907.797 3387.174
2186.585 427.436
12377.164 8167.290
11391.803 6235.324
906.501 6565.279
4585.168 2410.371
11354.069 604.717
512.297 8031.970
7409.371 627.717
9543.264 1053.597
5820.527 1025.485
1618.457 6284.714
3753.904 2954.130
1180.036 2577.614
8469.206 10366.605
1387.422 4398.508
10825.118 5701.330
9937.496 9062.702
3229.160 1499.180
3486.290 9514.141
4051.392 10696.188
12411.328 4607.511
2799.802 2883.208
9177.923 10384.068
2091.351 7887.910
340.491 7124.240
6198.178 11768.738
1605.859 6975.165
6559.736 12411.204
10932.626 7880.957
10758.290 2558.992
5609.699 11461.686
2761.110 1078.922
3819.840 232.900
1176.975 3648.291
12005.495 9247.015
11085.631 5414.027
8552.117 1782.002
11274.365 10490.605
11496.146 11906.747
8304.887 1968.053
4303.686 2317.700
8070.366 1221.883
9956.675 11444.467
11615.379 7328.469
78.370 9542.633
2644.339 1605.069
3703.292 11195.884
9955.729 2994.813
11854.255 6583.491
12496.870 5185.139
1723.891 11777.237
11367.325 5786.228
9780.134 9238.522
4069.763 518.121
3365.542 135.488
10406.109 11701.187
3163.757 10705.733
2676.257 3541.180
9419.899 930.530
1203.144 9903.375
1335.530 9186.028
10517.592 9383.626
2917.172 2726.496
8441.565 1898.412
10108.742 9288.504
9445.951 9813.223
12002.391 5806.775
11750.696 9578.030
2375.701 2061.870
5638.343 12289.644
10605.520 10764.290
12184.411 8586.095
2598.189 9468.268
5117.233 11148.203
3412.131 195.170
9869.602 1947.799
10997.142 80.797
4080.896 1240.986
7226.564 12370.729
1487.740 6087.379
10989.769 7685.416
11717.037 10388.773
4840.366 711.980
2252.056 342.721
9248.292 2660.828
1012.154 9395.857
3760.195 11234.698
348.272 12152.935
11626.165 9896.493
12125.932 204.407
5111.852 1469.216
1433.805 8668.031
11524.485 2545.136
1138.415 12331.934
257.548 3598.169
12098.068 7231.172
7938.901 12269.128
8658.155 12299.859
11028.829 6217.826
12404.776 12003.406
10694.836 1028.199
474.886 7277.852
5812.106 1135.119
11241.771 3417.616
485.898 8372.421
7770.572 10601.608
11605.440 3104.924
4124.086 156.222
10859.408 1652.702
3669.582 12094.404
3494.910 162.851
3522.435 10750.707
2016.240 4257.104
11785.919 7111.278
3952.746 10618.330
10359.947 1442.720
9391.443 1678.850
3548.130 3020.663
8395.323 10043.684
7139.693 521.383
10505.455 4125.754
3462.199 2361.666
7365.770 12128.295
1894.840 12060.627
11364.843 3245.537
10848.413 7747.711
6798.129 1216.323
3027.681 2920.864
1254.371 5617.487
8840.903 10875.175
4557.782 270.745
2059.263 11030.920
680.512 9559.063
8601.304 11093.000
9446.873 3602.078
1991.019 3485.423
11811.723 12.513
9747.985 9749.331
3054.860 1249.131
7539.467 1399.683
327.808 7413.844
1805.097 11732.256
11909.985 6532.578
3152.119 1979.049
9326.798 10989.658
12061.778 6732.609
8622.402 511.650
4804.976 1897.197
11757.004 12337.819
1635.840 11696.307
7506.151 1226.507
7242.425 1015.492
8499.436 10392.025
1878.179 269.798
1365.898 1008.613
7712.524 11146.048
1054.223 10189.665
12099.201 5993.796
2041.069 11282.972
8204.507 11709.412
9616.360 500.436
9780.580 207.132
1954.772 3590.910
6474.735 1460.471
6115.270 365.221
1122.138 3897.602
11748.842 6472.721
832.153 6632.139
2391.481 10481.906
10451.033 3612.025
2376.460 11363.764
8409.368 2121.690
3541.489 12218.153
9199.042 11233.589
11104.020 5713.948
10773.844 5754.440
475.914 3060.167
11498.755 9122.969
8705.816 838.311
2068.703 3628.784
10921.667 9646.492
10047.010 8912.281
6283.894 10910.331
12486.160 2812.317
10909.104 2880.402
424.016 7635.198
7096.754 148.014
326.219 1910.010
7202.484 995.104
3218.885 1940.032
10010.459 4067.325
9558.880 9643.726
10298.224 10967.617
2489.643 10952.535
8721.720 12125.362
3654.635 10209.347
10073.491 10011.986
481.842 4752.106
2567.637 10368.404
858.809 6851.406
11774.446 4081.005
41.319 1312.907
7358.734 10861.139
12198.976 12020.518
11496.063 605.438
1810.157 3308.093
2108.675 510.717
6999.396 11168.744
1979.054 3553.270
204.246 4579.002
9863.901 1003.502
10190.227 9482.013
3049.108 700.711
11172.614 555.343
1263.528 2641.594
11090.099 1344.499
9696.748 2026.837
2534.988 11761.636
9367.097 11291.805
11015.999 8485.928
6774.922 189.986
10313.504 563.992
6713.368 757.659
7510.715 858.036
374.288 11320.745
8644.168 314.911
11648.386 3145.566
9877.837 516.917
841.423 9378.929
10297.494 11261.381
11777.682 11742.212
1472.200 11641.475
2647.171 9287.849
8217.843 9976.420
10689.086 9142.059
12012.266 1825.941
9840.264 787.978
12017.598 3145.297
2274.094 969.232
7642.722 11598.646
8816.470 2513.293
5103.693 516.176
11306.314 11823.450
7627.784 11920.685
3147.900 3206.969
1093.480 7917.929
2969.350 9627.604
209.093 10432.285
2066.723 10815.243
6878.145 1085.938
308.660 10184.095
9963.355 3847.820
10610.235 1493.577
8844.499 2586.066
4503.130 763.521
11769.071 8454.020
9657.250 469.399
4632.260 11748.957
2185.753 11511.314
461.791 10909.250
2405.643 11923.992
5767.893 11707.582
12227.262 1711.063
926.648 7290.669
4462.332 12131.594
11992.526 5675.115
231.982 9018.691
2176.456 8371.413
9048.055 564.469
8624.103 11556.113
7200.628 11499.916
2446.462 10282.633
11747.516 9905.712
414.970 1187.713
12046.468 5723.398
4574.011 10781.495
669.826 1748.473
7405.555 344.246
12413.459 9821.979
772.111 8458.690
7073.011 10760.091
9244.480 283.170
10223.111 3349.157
517.490 7134.577
3085.387 10887.103
11625.562 9015.682
4820.594 83.402
12422.197 12218.264
11701.675 6142.511
12020.682 10696.493
8268.606 1536.580
8855.927 2326.325
9526.906 11009.596
1841.804 1598.402
3666.469 2300.419
8412.943 2124.333
1150.615 5809.246
9930.568 12010.396
5588.798 304.819
10753.352 10098.120
1758.522 4478.860
11859.023 7811.272
7470.769 10834.813
3771.110 1121.191
11788.953 372.544
3988.828 301.439
1517.390 2119.298
12154.846 11364.045
11564.018 9890.926
1981.834 9773.189
4259.941 2428.032
11950.759 10252.199
1005.978 369.470
9240.964 1667.797
9263.044 10605.505
5186.400 1428.671
8176.804 11467.374
7089.689 10736.393
9404.054 3585.900
9088.167 2122.966
11916.805 1076.449
1295.875 9491.449
538.008 6251.363
11084.427 5953.298
6976.890 11548.252
4946.577 11840.802
12224.408 11579.461
10469.119 386.658
2222.406 1976.488
3944.501 2351.513
11616.032 8061.772
3926.122 2483.815
5658.825 11593.295
9979.570 1124.246
12248.921 2664.595
3505.937 11958.888
5398.143 1718.853
2447.877 1430.317
11609.069 230.676
10788.932 11066.529
3277.048 11632.713
1582.680 6416.730
7643.106 10809.081
3560.445 1943.934
9593.214 9822.495
8806.066 11884.339
5226.350 181.717
2182.073 7627.483
8867.617 1757.815
10733.623 10290.797
481.457 6357.217
11160.192 4572.528
9532.070 9835.418
6329.994 11720.852
1378.161 10898.170
2885.618 9724.489
3545.860 847.540
495.259 1580.453
1849.975 2412.125
8026.740 1371.488
11031.337 9003.383
1284.466 8501.603
12033.014 5201.877
11123.860 4157.896
9927.174 9008.600
4940.036 11414.862
9069.394 9481.954
447.001 579.817
11751.515 5307.955
3123.765 10819.560
6965.181 12236.488
10108.119 9533.584
1290.833 2022.789
1592.216 7818.467
10433.995 1199.286
9791.725 86.671
9871.210 2365.270
4375.340 1450.109
11368.711 10678.157
2003.575 10018.382
3684.155 12365.630
10803.374 5317.451
11811.810 208.759
6618.387 12114.672
8866.273 10987.246
11953.985 9835.200
409.292 1324.237
373.270 11481.998
12050.575 7256.016
3030.714 11784.670
11428.780 9917.788
1854.366 3280.549
670.934 8050.102
11708.712 4537.943
11964.082 6155.685
9556.293 994.927
903.588 9378.862
1859.923 12371.107
454.216 5.508
1477.928 4969.784
11859.591 11215.346
3823.971 600.516
9039.514 10528.453
11440.448 2037.680
1108.920 8662.873
1580.041 9112.723
2021.402 9603.800
1059.567 4138.919
11112.822 455.378
3056.216 10356.583
905.532 10374.262
9188.910 12333.252
10957.197 7863.630
131.764 6747.016
24.876 11820.847
10469.760 4840.451
2971.735 8795.501
4805.209 956.873
8550.713 1075.200
3921.077 559.462
11814.653 9477.923
763.251 12152.591
882.693 4163.520
695.417 7007.977
2257.069 728.694
657.473 4377.831
11137.202 10992.842
11528.357 2455.155
11140.387 5222.874
919.501 3721.449
4810.056 661.228
4095.345 1482.628
10281.189 4953.488
10546.882 11926.327
11188.468 9918.206
74.246 5934.858
12394.472 11608.927
11139.946 1867.957
134.661 4509.993
1445.816 5701.038
6682.106 12137.614
7218.741 10924.777
1835.722 7446.008
649.956 7605.177
9749.651 11396.148
1883.538 9040.337
10695.225 4746.430
1177.674 943.129
11471.842 3182.304
11537.549 5225.775
5608.537 1035.684
10818.933 12424.738
4507.236 11449.368
12020.818 2197.076
695.764 10298.267
4117.099 10741.051
8314.264 12498.419
4610.043 639.790
4116.028 10366.520
1483.920 1800.726
2221.182 9171.920
4157.985 10686.621
3590.379 2295.104
1551.126 8766.158
8860.265 2231.555
12365.440 9669.954
12099.880 11135.051
1452.631 6437.873
8321.757 1856.319
9415.898 1918.287
2284.340 11040.622
5393.412 839.594
10793.357 565.647
11219.883 10682.035
11894.399 3164.359
2347.060 3925.093
12267.890 10825.504
2544.823 11228.351
833.309 8431.985
1387.609 2458.343
11884.428 2345.685
5059.080 11596.076
11672.586 3978.679
2871.270 178.936
12081.867 7133.916
1585.870 3469.033
11245.450 3069.017
12234.513 5380.767
11734.844 3663.351
6895.515 10601.826
10851.056 4014.448
11734.341 12359.827
2636.030 1566.494
516.627 437.645
9120.691 2003.672
8174.062 1708.092
4446.518 2445.039
11820.010 7985.778
1787.710 8125.129
578.626 11629.708
19.923 9971.701
763.683 8653.182
6558.606 11587.822
145.032 624.046
4556.336 12320.373
11634.688 7921.146
11238.331 7500.054
10857.703 1569.487
307.631 9769.286
6729.470 1439.286
12490.013 2352.127
126.203 9941.078
8099.405 10030.465
607.950 1965.179
2260.757 2647.030
11116.210 5830.492
11067.772 4474.820
2780.479 11306.406
8890.359 11984.526
9832.929 12305.134
11546.414 11491.279
9735.987 3613.980
5113.759 1746.896
777.031 2167.084
11247.379 925.836
944.432 7177.756
12309.004 9676.717
8288.117 11286.012
11037.865 7986.864
9763.846 10519.086
4445.381 156.280
12012.059 6338.116
3391.561 2507.957
3829.156 10529.318
7941.586 11887.102
11404.569 9977.165
10134.974 11649.954
491.614 12118.140
11251.765 5630.966
6190.822 817.255
10837.973 3642.128
2696.151 2536.519
