10000 30
2500.000 2500.000
571.372 1004.938
613.191 4376.601
1764.960 1495.632
1973.015 1223.613
3941.841 1466.687
1463.307 196.581
4784.245 3356.041
2360.526 2253.125
3377.430 1570.618
2161.574 775.472
1841.183 2875.666
3048.604 2394.703
3279.675 3690.228
942.638 4149.744
3194.891 3207.216
4324.240 2289.862
2499.013 2527.286
2929.101 1191.109
2352.119 3412.485
4943.703 2437.492
2986.042 895.449
1833.303 1913.237
3910.844 3773.285
3862.610 2244.683
4065.496 199.529
1613.938 2506.665
1885.135 3193.320
4477.062 4353.116
3046.084 4985.026
954.952 2167.679
802.370 3155.841
4084.380 1454.757
2869.847 2789.362
2897.435 4922.305
232.649 4905.018
1662.434 901.952
413.738 1742.579
1459.640 1021.393
2787.456 3270.947
273.437 1677.590
312.571 2363.321
1125.651 360.537
4200.934 3238.669
2388.694 3912.233
4934.848 1203.811
1596.850 1060.332
4948.454 1419.253
1057.938 204.105
2261.107 4154.935
3152.912 3532.198
1714.711 4648.522
3215.437 4207.075
4634.125 3741.817
390.701 4262.782
1999.577 1746.690
4638.445 1588.788
3589.554 357.403
1219.606 2836.773
2389.035 3123.832
2544.493 646.096
3192.874 4258.593
2702.271 3819.316
360.916 2382.457
3603.655 572.861
1510.409 248.597
134.362 4912.589
424.867 4102.884
2000.795 2862.571
1298.889 4627.889
1514.869 4064.605
2279.942 1460.871
84.790 4502.964
1467.894 2710.248
1703.298 1758.743
3041.256 1510.274
4960.803 3673.269
3452.033 3336.995
2310.376 3892.966
3023.191 1899.868
1219.296 2442.097
2498.637 1406.124
3280.455 2501.361
878.890 3886.407
4950.581 3268.462
1034.738 2542.599
1018.797 813.810
3840.636 4237.614
4021.904 4900.097
1505.724 1123.111
1702.524 1171.714
4682.936 2682.906
1053.022 3299.825
2048.222 3788.484
3488.599 4202.842
4901.822 1995.626
3673.028 758.324
2958.160 1524.615
64.429 4051.237
3823.466 106.771
1244.178 3798.840
4081.904 1406.899
3722.272 4676.095
2758.063 391.525
3604.380 571.467
1312.643 3706.329
983.966 3060.537
2239.731 475.980
140.746 1222.286
3515.977 916.125
4618.758 390.253
1540.455 642.892
3802.668 510.152
4263.114 4792.937
1418.395 3037.320
4069.577 275.522
3987.859 3179.402
875.000 653.960
282.517 3455.622
3496.892 2210.789
2020.166 289.734
4275.585 4857.164
2766.009 496.687
1637.540 4870.359
3446.676 1593.053
2200.106 2660.079
4904.554 2931.850
2695.663 1524.579
1790.727 1928.193
501.308 2824.832
412.859 3140.911
1028.943 203.039
2534.745 4764.937
2260.640 2955.479
1131.005 1348.929
2743.421 2348.450
456.293 128.373
745.370 151.540
3865.085 3908.892
1995.752 1361.559
757.705 3792.779
3748.373 278.236
2263.886 785.597
4993.865 1991.406
2497.781 89.602
2126.695 389.579
2876.858 4244.747
1608.939 4175.840
513.281 1907.370
3066.729 159.397
800.773 791.562
1567.127 2646.683
3295.728 273.572
4444.361 2986.664
2988.609 3188.486
4393.511 309.064
507.861 1322.791
450.471 389.429
420.750 3292.419
69.134 3582.211
4614.486 3148.033
4105.505 4967.894
2853.267 1233.814
2942.035 3399.234
1383.447 766.409
4489.810 693.747
2089.164 704.277
3238.115 3880.950
3839.175 1275.706
1133.211 4359.277
3419.813 2319.283
2707.687 1249.189
2941.279 1674.933
3885.935 766.209
3533.960 4233.543
1528.351 2718.921
4125.430 553.251
435.676 2550.472
2952.878 3265.963
3541.505 1400.266
2838.233 3774.229
1099.505 2714.072
1121.481 748.831
2890.038 3291.621
383.409 1518.069
1730.974 1413.297
1495.821 4909.263
782.489 3819.843
4078.973 1477.316
4010.016 3993.176
1178.429 4947.825
3458.096 4998.894
4240.687 4705.990
3338.955 3576.081
99.304 2924.356
4642.421 4103.482
3452.954 2378.715
2882.422 3451.076
3090.121 3182.382
4374.772 3314.450
3876.601 1670.225
491.096 280.871
2051.774 796.815
4237.096 2964.531
2896.982 3357.478
2995.628 931.171
4262.903 1308.864
413.857 1566.775
179.417 3058.690
425.555 1727.014
2908.487 925.291
1490.711 1814.491
752.141 2869.205
513.283 571.420
690.837 529.962
4658.841 3856.350
3118.167 2981.093
3026.743 1396.186
2698.838 1642.284
300.924 2099.768
3813.586 2019.006
1346.414 4624.298
3705.941 4951.585
1789.848 1015.292
140.794 3176.764
1831.123 2390.525
396.207 4199.682
4633.838 3669.049
3706.933 3205.426
4761.887 926.101
717.455 3455.393
425.383 4723.230
2494.947 3570.967
4854.036 1357.944
933.580 1664.531
337.620 4122.354
513.325 2546.303
4413.934 1753.831
359.391 307.517
4137.708 2967.452
1184.046 3344.748
1254.712 1579.385
2704.496 3049.896
3142.964 3818.142
4167.929 352.233
2945.822 3057.964
2709.169 4346.647
3225.028 4747.561
4223.602 2654.724
2268.485 2702.548
226.604 1046.345
681.581 1918.421
1367.812 356.494
4439.373 2048.337
438.234 2925.035
2000.297 3040.764
2690.544 1831.086
2310.968 2270.017
4931.139 4852.195
1424.870 1152.193
2879.057 2554.771
1197.572 4199.489
3762.404 507.847
1557.403 349.586
190.717 4739.081
3534.332 4381.823
2276.113 4470.007
2743.553 4429.468
1437.932 3469.122
162.893 2032.173
4572.190 4821.033
2936.734 3313.545
4838.336 4749.724
820.452 4702.985
3435.264 427.397
840.760 106.617
31.526 3670.748
834.934 762.502
3318.543 3578.158
106.052 1351.214
3378.134 2019.141
4482.714 2681.798
2384.156 528.329
4634.511 3466.624
3095.936 380.501
1126.767 2129.836
4592.777 4047.319
683.008 3439.814
986.846 2372.492
1174.589 3207.219
1238.128 3757.586
3157.113 3.196
4317.294 773.305
1386.382 98.406
518.191 1355.274
3732.609 4664.307
4931.577 3739.799
3033.799 283.732
1156.038 4470.938
202.555 1697.835
3948.211 97.927
274.940 1252.516
4778.984 2062.507
1056.739 2616.405
2297.713 2087.458
2786.773 4775.205
2128.277 1325.641
4046.221 2192.727
801.394 1274.016
3027.252 3236.648
1360.435 3115.350
3922.299 1448.338
4560.921 3791.559
3776.986 3338.592
3119.924 4004.394
3926.648 4290.343
1572.699 3179.203
4320.273 1351.663
2777.617 763.059
2598.735 1409.660
76.395 1152.925
4160.517 4416.889
4460.686 2447.394
1301.199 4420.290
3899.125 1078.477
707.474 1653.564
412.139 1144.509
2069.530 2733.419
3168.173 1295.428
4720.607 1571.429
1933.297 1140.654
2998.754 2363.359
2607.143 1717.568
3315.036 1921.826
174.948 1107.461
2097.446 4556.897
1348.169 4894.095
1542.292 1130.635
110.426 95.625
3446.977 4462.445
847.601 4452.108
2120.782 4110.611
3890.350 4961.246
4584.014 1463.390
3186.942 530.260
3769.385 4894.324
415.074 3898.377
1289.118 1423.846
1326.676 4715.061
3717.516 4215.221
2918.673 73.356
1968.358 1302.745
3941.794 1164.495
1257.867 2903.871
3905.608 3424.228
2719.787 4928.928
2530.120 4429.196
57.213 215.158
1542.320 4493.007
4975.767 1748.619
3426.360 1159.712
3486.075 2985.758
3236.326 456.892
1077.807 2554.590
586.357 2404.861
805.802 263.141
3969.788 1558.463
4455.953 1226.796
2291.415 4744.511
3273.851 856.140
2816.850 888.693
7.456 983.447
3332.322 1230.636
2602.316 1073.513
1798.596 2247.018
1275.916 3107.563
560.251 1567.465
1704.216 633.300
937.408 111.371
488.926 4540.866
2592.115 4803.553
2418.239 2795.269
132.722 4770.799
4440.262 4306.212
3352.184 4103.225
2920.132 2947.344
2370.128 1065.875
3796.036 945.173
3818.311 3605.722
1912.250 977.166
2983.195 1906.226
2099.526 1019.806
2003.353 1917.336
116.018 220.146
564.115 2568.817
1179.459 573.218
2187.769 1932.216
1849.693 2676.721
2432.931 3375.729
4233.415 1818.066
1847.288 2296.193
1231.032 4205.068
1642.773 1576.833
1026.157 4916.349
3389.720 3284.860
4321.905 2408.188
759.566 3772.128
3191.267 4621.357
4731.251 1416.865
2741.213 3647.816
4176.296 2323.560
872.135 3345.838
2702.755 1286.062
1712.871 2337.381
358.768 4620.136
452.829 3727.603
4991.915 2953.935
2985.826 3279.336
2746.030 3712.427
4337.432 1636.660
115.083 72.516
792.518 3845.527
4258.992 850.225
1110.325 131.145
2443.282 515.024
3626.364 2892.594
1006.414 2517.857
3243.031 2648.628
3896.031 2179.121
3036.635 3059.389
44.635 4898.477
123.560 2847.765
660.354 2990.211
4982.201 1449.680
4181.842 2207.673
600.264 3278.298
1994.637 2538.595
2754.484 2402.223
944.778 1523.322
736.154 3601.834
2041.281 1320.755
256.998 1099.364
1192.212 1920.936
2014.099 2173.970
3377.339 2613.969
4332.898 4500.491
998.008 4392.062
2917.105 1057.261
755.971 1540.206
3137.558 218.017
4925.183 4687.298
2139.054 4752.522
4372.069 1658.044
4515.935 4060.178
149.685 1240.486
2242.387 976.584
141.281 2579.461
547.262 1346.293
2254.538 3370.206
1131.387 163.119
1980.041 3194.295
149.871 1587.283
4639.693 3817.960
2567.380 2966.026
4713.114 4769.666
228.353 1531.014
661.653 1314.509
1483.531 936.212
3521.210 4949.489
3101.836 211.843
87.406 2233.714
4391.196 3966.005
2519.105 4024.861
3833.474 352.399
16.043 1282.203
1666.013 2635.528
2223.766 4420.334
1819.134 1502.099
3234.698 683.464
2355.897 4327.711
3809.604 3424.827
1843.093 990.811
4451.769 946.793
1884.690 4802.378
3537.363 3352.595
760.568 2798.335
184.664 1690.731
1561.596 2329.766
2230.546 300.434
3919.249 1036.584
3207.687 1368.918
4523.578 3867.088
4336.815 2833.098
2344.240 565.985
1493.247 3004.664
425.532 102.507
801.019 3629.558
819.490 3687.026
1264.017 789.619
1948.478 2224.050
2703.905 815.354
1098.232 786.302
368.590 786.884
697.140 646.762
4640.967 4968.380
318.091 3103.253
4854.490 1318.036
2355.728 4951.731
1075.013 4845.836
4644.388 1315.146
3231.638 814.052
4522.524 4354.130
1284.976 3502.971
4438.948 2848.065
3279.842 280.498
2644.925 3793.119
3940.127 4088.808
2351.070 3144.455
383.708 2326.795
2277.630 4531.106
1582.895 2650.371
1848.026 883.843
3434.572 437.910
1160.741 2297.981
1250.700 1751.160
1702.274 1573.617
154.215 615.532
3910.500 3450.753
831.306 2914.647
255.815 2550.084
3728.192 3597.179
474.577 3695.369
4578.651 3742.702
2370.351 1116.978
1708.276 1737.896
1001.444 2378.678
1049.652 1793.249
4132.666 2381.776
613.930 4260.302
526.126 2558.150
3718.471 388.085
2410.106 20.327
845.063 1553.103
4574.804 4920.621
3525.626 1679.911
916.632 2374.672
2991.546 584.051
3864.962 3435.382
4021.256 2357.756
4488.250 701.173
1901.737 917.710
1528.754 4928.822
1820.479 1623.181
3037.472 988.866
1933.778 4880.164
3857.711 277.589
785.202 3898.287
4038.164 674.619
1226.639 3749.619
3908.485 4397.884
4865.095 3071.254
3709.587 4167.989
2428.822 1181.374
2848.580 3527.720
1396.635 3456.344
83.140 2845.736
3563.645 4468.650
1704.070 1464.861
4862.230 2782.954
2931.769 3180.567
3533.195 4649.200
1181.286 125.315
4949.767 1385.695
4792.810 3694.819
3707.305 2910.822
4141.826 4076.150
2992.751 4579.490
1276.834 3028.869
462.015 2500.710
559.406 2876.017
2228.660 2006.041
2884.812 1722.025
293.939 4074.054
890.045 2764.575
884.337 350.736
2259.196 1945.599
1039.551 2025.000
2944.555 4080.879
3521.067 329.875
411.064 2723.095
2951.976 4653.731
416.067 602.978
4017.989 4403.648
4871.555 2526.006
2926.613 4267.303
3977.494 1106.520
4343.602 431.169
3606.887 434.470
3739.086 1479.943
3345.163 1023.998
4291.361 3920.832
4244.507 3069.127
3367.060 2972.490
2518.677 497.470
1802.542 3688.674
3076.530 3957.569
2180.319 3909.872
1990.650 1665.328
629.120 1909.909
2189.843 3070.096
2945.558 2420.942
775.715 2624.667
745.159 1269.462
1649.258 2325.122
3905.016 2023.338
3972.554 1323.507
3072.049 4569.560
516.439 1088.844
4040.926 3943.319
451.422 2991.064
1283.873 896.951
1341.951 2885.745
777.736 739.016
2060.372 1426.336
4850.053 4978.628
4556.780 55.012
2110.152 3656.919
2106.111 1653.326
3646.870 2152.696
1624.515 1252.090
3919.764 2210.395
1008.006 1394.504
156.696 886.903
4006.881 1016.078
2965.979 1800.504
2406.206 719.174
3177.912 2942.689
1347.916 469.940
1182.781 4056.711
963.936 3959.932
206.680 4767.458
3668.691 4104.609
763.258 4173.062
4485.520 2849.040
3694.303 1832.530
1271.763 4668.851
1096.552 3183.869
336.352 3516.479
2351.018 4605.771
3993.241 3211.742
3545.653 3890.010
4768.130 4945.336
1106.905 3963.135
2935.798 1856.700
4493.954 3572.115
1411.603 3534.924
2902.957 3550.317
4457.137 4720.731
816.689 4030.472
1021.862 4963.619
3211.776 158.409
2420.547 3598.443
975.357 394.430
1091.644 1147.424
2584.175 4376.199
4876.136 2059.724
3149.934 2010.939
2257.652 2927.361
87.272 2714.095
1693.319 2764.706
206.842 932.870
4587.123 2425.352
3979.204 3396.348
3763.925 2990.106
2142.461 3112.491
3218.196 3716.601
3036.615 1230.542
2056.663 3634.231
3956.949 4165.171
2135.447 1370.310
1168.019 2347.634
3865.746 2906.609
1560.733 1008.514
3306.296 3762.135
972.324 2280.847
3575.300 3847.518
1198.718 1415.296
4881.544 29.446
3579.595 3879.463
4514.347 3682.548
149.175 4136.656
3975.001 4838.812
4862.404 3493.222
4264.218 270.938
455.091 4367.578
3738.512 1595.614
1665.850 3739.841
627.875 3100.476
1617.938 4683.795
524.397 3024.308
457.585 4687.818
1218.110 3559.856
1681.125 817.405
4423.608 1542.233
2482.953 66.980
3105.286 1171.321
1247.527 3512.950
3550.844 1794.948
1889.029 2155.120
1949.546 490.587
2091.851 3692.693
3523.512 2307.759
4877.038 3841.972
1362.790 3128.421
4270.882 4045.049
233.627 3120.252
3635.076 3122.326
4538.767 4641.627
4981.951 4362.808
2990.245 4752.563
1436.492 2149.534
2607.489 4126.187
2455.909 2696.691
4130.842 1370.548
4639.254 3450.773
4428.350 593.306
3867.936 4775.425
2157.955 3487.957
4354.578 3779.006
4423.808 1465.576
4529.194 4411.128
1946.736 765.196
1867.040 1969.171
3675.032 753.156
618.144 4309.212
3833.800 3414.312
2266.207 427.080
2568.372 3275.973
715.091 930.608
1110.832 1002.322
1738.459 4112.558
2155.697 3087.958
2865.269 2020.412
2124.469 2719.746
1539.617 162.392
862.917 1028.616
1729.020 1553.993
4466.034 3096.992
4016.733 2509.707
1249.590 3755.150
3393.934 1670.803
4363.104 660.122
4523.945 521.790
2977.640 4682.472
729.369 1124.191
4668.185 4674.849
2760.638 2648.463
3396.890 2355.685
4656.154 1314.734
316.269 3969.502
3858.949 655.353
3672.948 1685.015
1104.466 4302.478
332.302 4214.565
2971.125 3713.455
335.040 4299.866
4010.191 4576.952
769.061 499.780
4073.031 4472.299
1230.383 1594.684
4058.125 2477.581
2166.219 1522.726
3120.429 2588.724
1865.274 1556.678
4084.888 3421.983
577.437 922.017
2098.738 4851.585
1367.735 1784.018
3285.304 2661.232
1101.926 1915.121
432.495 2685.127
3658.681 3060.967
4283.856 1997.916
784.789 1456.564
683.857 53.405
3535.801 3479.073
867.146 4981.166
3256.815 2824.752
2124.156 1802.955
3425.344 542.063
3869.310 3991.426
3508.458 3485.428
1796.700 4795.634
4799.032 3884.177
4461.409 2249.133
1928.221 3317.766
4472.334 766.440
1464.264 4408.025
3015.579 1318.902
1253.799 2398.215
3771.540 1550.302
3894.486 3485.039
716.297 3809.392
3130.995 210.051
2195.501 4290.615
2568.926 656.184
1633.758 1286.264
2735.448 3193.857
4281.270 1732.591
1651.042 3122.469
1437.198 4867.961
797.241 725.633
1522.677 10.158
3467.392 2852.002
2646.686 1401.105
4038.154 2308.256
3615.903 333.817
471.069 3678.542
1897.839 4081.303
422.395 3478.232
1587.442 4854.287
734.790 4014.060
1757.621 2314.820
2922.972 993.269
1091.521 3100.546
4551.259 3130.718
308.574 186.333
4634.696 482.565
2577.791 3665.549
431.645 1273.642
2900.244 249.074
793.998 2727.591
4612.251 1303.050
2527.885 468.128
3178.244 1009.250
2878.175 2799.599
602.404 159.118
743.835 3061.774
2145.650 4665.724
1151.308 1030.026
4970.624 3931.770
370.440 322.385
2553.057 4702.840
1733.841 732.702
3457.906 4689.438
1492.027 4323.412
4469.426 3349.480
4561.166 3556.045
2142.506 2868.789
2003.596 802.441
4002.222 2665.891
2137.396 4998.145
1817.386 1839.326
3881.354 2607.021
2165.554 2762.607
386.060 3685.309
2083.526 2363.931
2402.170 94.117
2844.094 4342.179
266.201 1854.706
15.634 4873.382
3958.850 2085.016
2658.740 2926.942
713.352 2530.204
2161.082 3705.435
4904.870 1115.028
1011.347 1442.006
3122.123 2775.832
2497.751 2155.325
4697.130 3082.698
257.599 591.697
2687.401 3024.893
3084.327 205.686
3880.645 4121.348
3712.523 90.733
1066.996 705.342
4594.941 4540.025
3566.054 3922.486
677.798 74.032
4160.671 2404.243
535.268 4475.586
2095.472 4284.173
3224.841 828.092
19.464 3814.521
365.639 1932.406
583.850 1153.460
1596.340 3306.546
1919.176 254.218
1450.215 2065.095
4857.664 1800.541
2007.108 4514.077
4740.960 1414.875
1325.732 3759.413
739.143 4706.130
2678.749 3863.232
4390.818 4614.312
1180.721 4658.474
4488.822 1097.487
1430.320 249.307
1671.507 1358.813
3824.223 504.526
3480.495 1313.770
4730.504 1178.967
813.555 3065.750
1352.746 3389.675
1886.655 3061.467
4935.113 3352.538
4733.829 2274.608
1114.273 1551.435
2111.994 3475.548
1262.316 746.798
2946.572 3222.417
1009.447 3649.506
4851.837 1470.418
236.421 456.478
426.543 4834.948
477.191 832.212
1211.934 2006.236
1028.025 161.098
4928.915 3863.725
190.705 3256.951
4993.878 2020.590
4717.063 4288.674
1318.611 200.806
1932.009 692.525
2188.245 1931.424
1189.288 6.755
3726.299 3852.337
1851.505 4167.905
3728.642 1320.370
3603.031 365.644
1559.513 3058.126
2096.271 4000.160
4960.335 1722.738
3704.605 745.763
746.738 2789.230
2761.897 235.943
4673.910 85.813
4565.314 1493.475
134.701 4833.269
791.189 2539.564
2703.306 64.770
2572.878 1925.744
1571.641 1121.936
4521.376 1818.136
2061.490 2644.462
1544.574 4782.773
415.519 3830.221
3467.922 1691.383
3586.249 401.861
316.880 3153.963
4266.427 4216.890
1576.288 2959.156
1096.892 2542.661
1854.665 2154.508
1644.742 2076.314
2798.527 2180.622
2935.677 966.333
3392.761 2718.161
2374.589 4999.779
1812.467 1806.302
2779.769 2335.589
3315.767 3114.780
4408.057 1966.386
3142.254 2406.132
2718.666 1552.540
3785.015 666.032
800.647 4420.121
3152.989 2489.447
2154.432 1685.639
2088.194 4036.090
4330.655 2122.665
2551.210 4143.723
1036.786 4244.958
1831.395 909.995
2609.980 715.976
2778.238 1756.614
4033.642 3450.727
1529.623 85.746
1964.513 2619.473
3783.841 1893.971
267.933 1975.558
4755.675 1670.543
1503.105 4588.987
1298.000 3652.826
4687.353 4072.761
652.937 4686.704
1922.013 3471.481
2507.573 2346.276
385.831 2255.736
3082.869 1655.423
1762.845 989.699
1844.949 2214.130
3706.592 3315.612
699.125 2884.979
2731.910 470.244
3253.426 4570.210
3444.980 273.833
4166.193 2874.980
4427.097 142.803
4242.435 1762.790
4684.452 4868.569
3960.918 2612.560
933.808 4416.841
3644.661 2078.081
258.012 3732.811
1039.203 1326.476
1923.302 1575.582
4557.868 2073.736
4041.690 1611.966
2921.971 4862.820
2320.095 2992.532
2263.099 1024.823
190.285 1567.675
4250.683 4430.578
714.191 1116.009
4205.025 4050.331
272.276 3927.198
1308.687 4615.021
1644.504 960.998
2246.486 629.009
541.528 1184.469
4706.610 608.805
940.944 556.513
2280.668 317.538
2597.502 2359.256
3136.180 4816.941
2235.121 4423.496
891.918 2131.021
4700.515 1731.718
3166.787 2393.495
2211.995 2340.069
781.414 4893.915
1871.760 650.141
4383.969 109.099
1722.566 1902.659
1960.853 2498.297
2197.884 956.008
1167.888 6.982
1467.657 1410.337
3235.599 1108.353
47.945 3372.907
1421.352 1415.168
4537.921 1373.457
1521.703 1868.643
2438.333 1636.452
317.853 2506.167
2162.214 1536.976
94.859 1480.269
1187.219 200.945
3128.511 569.235
4307.157 2178.857
1084.472 1873.137
4686.189 4951.932
4202.164 2208.429
1033.829 4508.955
3732.559 1972.790
589.555 1681.864
3242.831 2843.091
4089.576 130.262
3788.735 244.880
2346.606 3130.298
1964.448 639.623
4405.906 1901.329
1190.636 2927.207
4894.789 2809.353
1624.486 199.283
1971.219 2140.896
3199.537 2964.325
74.755 4630.067
1868.340 2366.767
4916.489 4748.472
2957.690 2070.042
223.039 4915.925
2218.823 553.758
3506.867 4809.805
1156.211 1404.896
809.132 716.914
2184.182 4761.423
1467.095 1355.036
1812.596 2394.050
4623.042 630.301
1232.466 2409.453
3742.322 456.328
2945.322 4309.470
153.646 4412.436
3762.304 3052.505
2443.786 853.408
2999.856 623.891
2862.210 4272.669
794.002 1824.023
4505.665 4348.256
2481.041 3396.109
4875.501 4292.989
942.477 3723.514
252.433 1700.913
818.793 1828.816
1035.957 1199.125
473.797 4915.694
4873.445 3046.522
2080.946 1673.192
3062.525 1875.369
864.239 3893.993
3772.948 4439.719
4633.358 349.016
2437.376 2981.007
2895.395 3362.301
896.365 3273.656
2890.696 1502.667
2910.624 4675.712
587.128 1568.094
2369.030 3172.820
2429.324 825.163
2896.661 4338.488
4101.521 3304.352
446.220 1274.858
2113.377 342.220
4853.808 555.277
1517.800 1550.004
3185.734 4620.389
1116.776 2272.453
4990.095 3623.807
3079.539 1301.024
379.640 3271.307
3341.475 3327.051
1522.209 1738.273
4158.012 4594.317
3843.026 1876.168
3391.171 4836.666
3867.367 2889.058
3900.941 1987.033
4506.683 297.413
766.352 4481.691
2681.291 4900.445
3673.950 151.104
688.651 170.648
3457.617 120.669
2589.397 2665.520
3822.595 3184.600
4134.434 4034.332
2939.248 1.113
1388.627 24.746
4763.145 3203.754
4567.846 3537.376
3083.305 3620.145
1093.420 1160.076
92.052 1573.388
1475.140 1475.476
2246.667 623.219
445.953 2164.808
4905.486 3565.314
4261.953 3484.206
1320.052 4191.815
2967.744 4024.056
570.854 391.928
838.391 4145.094
2283.031 430.139
4161.813 3238.710
946.839 1330.444
3958.861 3516.323
2093.431 1733.304
4811.882 1249.958
4764.086 3780.979
2719.042 2597.594
1982.297 4008.401
1748.394 1832.952
4701.361 402.330
4106.550 2775.157
4320.753 953.537
2787.028 4380.411
948.108 3414.944
3760.551 2856.544
1286.673 3639.687
1932.419 1118.729
119.790 4577.145
3357.612 3398.301
4970.048 2436.543
1579.692 3583.502
839.337 4946.663
4884.281 952.323
3522.010 4980.537
3465.931 3861.090
3933.078 994.753
1902.407 3924.326
2822.252 3740.702
4663.185 3991.923
4768.947 297.560
2035.321 966.144
2574.691 3639.318
491.425 3256.643
4130.893 1264.571
1934.559 3709.825
3275.294 1489.116
36.273 560.148
244.473 4380.562
2871.705 3098.209
1711.432 2960.389
2689.860 1159.259
4689.021 921.267
2320.626 1311.749
2111.811 3496.209
2988.853 1903.307
1685.129 3424.370
3349.653 13.023
3426.262 1120.039
4487.120 846.448
1909.451 4082.603
4682.012 1873.248
3911.734 2622.669
1272.803 855.269
3853.467 658.369
2053.610 4955.607
3816.846 3493.871
2303.734 4461.614
884.928 4484.008
793.719 3557.343
4480.542 3744.804
3401.024 1945.182
897.936 3270.242
2997.365 1792.916
2548.851 3705.372
3851.530 2124.058
4128.217 2155.531
727.151 4082.108
3587.600 1639.876
278.491 2684.771
3453.901 216.686
862.801 797.019
2587.217 3254.166
3231.179 1048.456
2789.701 4951.475
1658.563 2648.068
3220.535 2452.594
4346.953 3141.925
630.690 2358.382
693.396 3983.413
244.724 2268.112
3919.358 4857.788
3579.261 1525.217
4567.597 737.690
4974.386 1767.587
3414.996 3192.746
3522.197 3102.115
2646.099 2340.137
2699.656 3129.492
1863.032 4338.110
4676.281 1499.845
3402.806 2893.814
1494.455 2714.561
2809.714 2753.644
1722.190 3653.397
1451.407 2743.805
1330.577 2985.641
1165.837 3886.824
2171.147 2287.908
4234.756 1065.692
4968.162 2764.746
687.732 587.348
3750.794 889.333
2443.775 3289.108
2913.073 3173.210
965.531 2813.640
177.989 4359.857
1621.316 801.516
2887.687 379.336
541.576 1783.405
1931.865 3675.297
2520.032 656.957
490.978 235.305
2691.298 2676.165
1682.475 1545.344
3292.260 189.645
112.642 862.761
413.243 165.745
3887.188 2333.590
3022.845 343.331
3736.271 3031.218
4958.296 3943.279
894.009 1349.616
2992.607 4973.044
4268.787 4947.574
1526.079 3157.786
1198.589 2021.978
4088.875 3102.643
1974.916 4352.613
4364.528 869.307
4472.191 28.057
2494.606 4786.241
2285.205 751.366
910.668 2285.398
2606.509 4459.549
2792.856 721.053
4959.628 3911.991
2971.258 2546.023
1856.077 2657.305
2823.510 1964.232
281.319 3510.261
2742.203 254.168
3123.925 338.220
4493.661 1828.003
1864.830 4147.235
715.333 2299.716
4007.459 3563.701
3215.118 2209.155
202.355 4811.912
1101.241 3351.621
3693.860 1299.958
2551.129 3924.243
4287.698 301.802
4933.993 2266.563
1061.314 2449.237
4224.820 3732.632
1887.257 258.296
4755.252 1825.355
1877.680 1064.132
3870.179 3531.774
1645.084 774.180
712.130 372.934
1294.868 2386.150
1782.423 1625.757
4027.288 3283.249
4579.417 4127.277
1217.559 2826.270
3264.017 713.697
543.403 186.486
495.587 245.243
2901.052 4342.829
3512.115 2865.212
1318.101 4206.035
4239.038 1632.062
2336.876 4148.387
173.043 2061.219
1611.906 120.264
1685.324 2880.150
2206.464 1981.316
2030.136 4020.524
1702.083 2982.613
3199.817 3505.752
506.927 2902.861
583.467 1106.308
1959.031 3546.733
1374.790 2416.969
3133.083 4821.708
90.694 4494.650
12.699 4651.509
4643.266 472.141
1001.582 3404.682
576.689 2117.753
247.457 1402.265
2258.500 3231.400
1533.322 1613.701
1519.530 566.233
4592.910 1699.824
296.463 3662.589
1653.071 2844.501
4885.304 585.199
4485.059 4561.518
3329.335 632.158
4441.857 2294.456
122.599 3568.501
252.686 807.678
4530.658 2950.125
4288.451 4981.805
69.874 370.128
148.084 1523.090
2042.995 2702.783
2931.191 1980.470
4724.483 4406.698
1004.576 2386.867
2810.295 2553.655
3621.435 1791.538
113.991 3690.381
3272.558 2933.053
3732.605 2984.071
3340.385 440.740
108.699 1071.256
4831.478 2393.836
747.065 4269.492
4560.135 4061.950
4039.841 3480.881
1447.806 792.715
280.708 2342.181
4149.860 1470.565
2853.517 3114.884
369.628 1155.329
4223.269 3480.868
2201.518 2229.864
17.135 1304.918
501.632 3483.994
714.857 2888.933
3994.906 2213.363
912.521 469.810
1196.787 3999.711
3666.612 4530.593
4521.975 4637.958
2447.146 1517.296
3033.482 2225.296
2569.455 3113.563
2375.775 2341.866
4524.821 4934.727
451.822 3786.507
2393.358 1593.274
3645.866 2224.393
2844.331 4784.093
3579.024 471.845
4177.304 3275.942
2811.292 3465.217
1758.440 2223.335
707.732 2112.493
1047.935 579.926
2630.950 4334.679
1740.072 689.480
1530.524 4942.609
2835.620 3084.889
250.044 4082.249
4510.598 3581.522
525.835 3901.542
2201.051 4870.341
4812.240 1394.361
4397.412 2390.995
3890.267 3995.375
899.412 901.451
2143.953 685.754
3669.866 3119.092
1539.357 1629.932
2615.540 2168.278
226.798 3577.571
210.200 2705.444
4914.706 1516.735
2681.531 284.421
1739.296 4218.387
2036.514 2922.365
4018.080 1107.721
1589.785 53.045
3954.267 4987.708
760.370 4631.221
3150.129 989.381
1340.380 3114.566
3076.185 4711.300
3922.035 60.374
749.847 513.375
2305.495 1997.825
365.810 763.007
3011.041 4416.989
1854.039 1162.544
637.606 562.076
3990.442 4609.634
3448.940 3385.476
4745.642 3553.329
4893.550 4036.440
2861.584 1629.348
3159.499 673.517
500.973 4552.386
955.962 4122.238
3744.246 149.080
3359.451 2033.123
3976.063 2915.490
3600.800 2771.732
3102.552 912.739
4177.750 1247.900
1045.154 4766.527
795.286 2865.861
2995.551 3796.815
4237.806 2799.567
2697.496 4020.028
366.895 4392.560
1349.088 59.454
1600.208 1518.523
1031.713 4159.153
541.158 2790.750
1232.356 4796.379
3669.357 694.708
713.562 4122.093
1785.077 3925.214
417.896 1822.012
1511.552 2344.933
1026.734 500.064
3996.400 2515.916
3792.886 304.932
3661.959 1307.139
4778.280 2381.259
2957.833 58.389
3310.038 3665.473
2694.333 1632.024
3731.269 3963.338
4814.517 3446.517
2491.240 655.986
166.715 4828.783
3940.945 1422.830
4412.368 1117.631
4790.738 1502.551
4335.096 319.172
1381.487 2166.798
3319.184 622.655
466.066 280.129
2084.171 1050.478
4433.785 4904.778
1567.868 1381.337
2046.166 847.692
4660.448 1345.129
4097.401 888.110
2719.155 2256.226
2338.262 152.890
0.703 2999.023
2464.689 839.624
3833.356 1086.781
646.846 1520.242
3667.937 2276.744
2422.104 1593.969
2695.159 1589.920
1772.798 3409.586
628.109 1099.636
953.761 809.516
646.140 1577.139
4796.986 3811.250
2201.591 2265.723
207.323 3612.131
3409.424 2999.225
4287.381 4979.771
1645.219 4320.960
2658.683 2520.904
91.778 2312.907
95.365 940.017
2519.250 2860.238
4416.039 2401.495
4164.826 4937.044
2520.402 1813.792
3954.253 2762.992
393.303 2888.005
1256.510 111.381
492.461 989.015
4616.190 849.328
3556.596 991.203
3437.067 4515.134
4719.670 2729.883
331.708 118.170
2215.084 740.844
1038.740 1194.381
4587.136 1982.446
4036.463 488.966
472.643 2422.611
1918.319 2963.737
336.058 4511.257
93.216 1119.724
3483.082 3870.601
1880.618 3532.062
4992.393 836.953
194.164 740.091
3012.192 2345.994
2315.568 889.820
1862.847 1731.710
3980.518 1590.413
2866.976 2551.661
2176.664 913.334
4134.813 347.592
3732.384 3655.301
350.439 4619.912
3284.767 3959.985
1069.343 384.035
2246.737 3116.156
2314.181 2573.176
1275.422 4053.368
3414.682 2606.560
3111.668 576.668
46.746 1717.711
3924.381 1373.522
3039.723 3833.292
3319.726 4429.102
1917.507 130.215
4966.599 1374.792
3990.792 4817.607
3275.655 3506.843
3272.550 349.076
2909.170 4406.514
4075.505 3524.276
491.460 501.877
1030.417 3630.052
601.096 3989.623
3756.947 1183.527
2918.285 3437.517
3253.073 2728.669
1802.956 398.228
800.163 781.545
3775.647 1817.689
1771.006 129.403
2458.203 910.638
3830.850 4072.713
4351.609 4344.783
2400.630 3960.753
3586.532 2176.975
3623.577 1411.176
4651.714 2406.086
904.049 4592.492
3288.978 1615.296
1560.776 1984.145
1474.222 1563.027
1632.765 1320.227
3920.159 1351.028
1487.905 2210.141
715.628 3095.010
2896.377 2025.348
3057.874 4958.357
1170.900 372.977
2992.147 1765.951
2105.737 3902.455
4204.147 2575.142
271.462 3931.134
3612.138 2264.647
4715.602 40.181
935.050 1351.681
1839.627 1230.152
2333.879 4215.104
655.905 1469.746
881.611 3741.345
2307.968 2665.803
4446.536 4325.619
2775.756 2618.764
2813.363 4517.058
2054.059 1776.576
644.242 4627.307
1435.849 2242.122
4878.066 4165.415
3267.464 4032.075
4223.629 3471.703
1254.875 2663.550
4772.680 3934.717
1160.974 3553.863
1901.813 1942.711
3611.955 305.640
3046.978 3076.762
1331.318 3204.885
233.924 340.482
1410.274 4423.413
2652.539 4704.921
3929.078 3491.185
825.702 3280.750
3893.037 206.283
2529.323 777.155
4189.964 1913.303
1146.304 3983.511
267.978 518.123
2353.598 1190.925
4494.226 503.975
451.928 896.527
4347.272 4351.325
4980.522 498.280
1287.681 3309.679
3812.710 494.620
1353.263 4144.626
2113.932 812.536
2400.720 4835.923
3490.972 3118.447
981.602 3120.325
183.926 2016.645
1554.272 383.752
439.758 2254.234
4405.501 88.544
2435.660 3284.613
4494.273 1526.844
840.116 545.418
4877.222 2754.264
2585.639 2404.593
2972.892 2553.128
2584.230 2647.211
4425.538 979.446
4530.375 4088.235
3573.672 3796.218
3341.821 2957.944
2989.875 690.762
4946.223 3731.933
3601.704 2523.343
1028.904 798.552
1459.878 3640.243
337.303 1670.352
381.408 358.416
994.319 2105.698
4566.634 4060.853
3538.370 2659.904
3188.965 2213.683
4150.252 350.012
2130.207 2171.692
129.245 2254.895
108.075 4489.537
1145.200 4606.802
4879.590 1402.330
4183.429 393.756
4918.990 1092.267
959.254 3592.874
901.775 1000.499
825.405 4559.585
2283.119 2134.982
1244.183 4472.438
1969.593 1215.095
1912.483 139.949
1572.686 2389.550
3857.723 3289.203
4835.803 1647.041
1198.235 736.052
2133.529 2454.303
3926.648 1784.317
2789.926 1048.776
2209.240 3398.967
465.837 4754.523
862.718 424.589
2536.687 3163.140
309.227 1450.402
1883.237 4953.136
1207.817 4403.383
2233.461 1664.698
2515.162 2551.190
187.935 2827.947
4456.681 3450.595
3798.158 3385.680
2749.747 1100.909
3177.212 4135.719
131.535 1992.021
192.007 551.484
722.193 1598.063
2930.491 2573.046
3024.429 3786.121
1615.291 4361.491
4509.548 2256.210
4355.230 1003.453
2677.535 841.290
107.005 4559.776
1312.406 1232.395
1922.575 294.294
4586.809 4613.435
3274.852 2657.814
2101.323 3893.997
882.105 343.734
2236.809 2976.193
1706.330 4578.401
4118.578 666.175
2391.027 246.818
3849.246 4526.344
102.747 1205.409
2787.013 2609.177
1177.713 3147.194
1317.712 3197.897
2924.376 2416.793
310.041 3337.176
3013.991 3445.555
699.707 4160.608
4812.789 4710.249
2982.353 598.494
3809.469 4154.691
4348.163 2989.720
3756.249 3610.959
4089.413 1424.153
1612.001 4052.026
3034.835 60.608
2319.134 982.890
2256.005 3848.659
2943.698 4748.710
663.514 2604.080
3786.452 1526.648
3622.931 539.466
3609.650 2542.897
2079.982 2474.859
210.169 4236.983
1875.303 517.701
603.734 1235.004
234.603 4891.583
3534.312 2899.743
2703.061 2935.461
1606.145 4519.641
4244.764 2160.441
3156.290 1975.688
1108.799 147.986
2511.141 1444.176
402.743 510.479
2957.688 2222.669
3110.587 3011.580
3154.018 3621.104
4603.472 3446.578
3252.568 2313.766
2502.954 4130.594
3400.912 3775.123
4964.592 2325.439
3419.334 3461.285
3225.959 3733.925
2663.834 3677.403
88.631 3086.344
2645.810 4054.752
1808.922 2589.612
828.162 4498.046
4101.957 3462.325
1206.151 2658.242
410.677 2072.138
908.019 3728.868
3557.784 455.459
3526.807 3334.777
1979.215 3685.507
2292.134 1265.024
817.721 4465.351
1924.338 1759.701
4773.738 591.749
4050.751 1319.994
4374.600 3235.166
4515.874 3209.208
2951.119 4670.066
3999.951 2615.000
974.507 3719.079
4427.871 3164.440
2568.814 3715.025
4018.933 2157.866
1296.305 4187.824
3524.738 4993.757
767.343 4797.748
2854.772 3017.096
3513.935 3745.832
4949.089 335.738
3237.454 901.778
2584.928 1375.419
31.724 22.526
3425.436 3699.117
60.807 635.851
650.558 1735.279
453.437 3051.410
1211.062 1641.446
0.702 4781.741
1451.778 1422.582
590.770 990.005
4422.524 2208.612
3707.684 4442.779
1987.649 3744.389
1070.629 1853.630
638.709 851.890
1920.254 3711.073
927.325 4096.829
1359.003 4297.530
3740.707 3001.992
4835.203 1942.723
4468.497 2496.789
1931.234 3185.020
4017.311 451.469
138.663 921.466
2903.828 4830.398
3224.101 1865.482
4996.968 2724.884
3569.510 1990.769
1046.044 2205.514
2726.662 1727.404
566.318 762.304
597.934 845.730
4839.538 2504.028
2535.295 1582.968
4215.772 3214.069
1977.981 638.203
2854.533 1569.167
2737.073 1343.610
3323.904 3897.716
1138.428 3472.406
3819.922 4576.564
62.237 142.475
77.449 2241.917
3346.833 1745.931
1920.294 2994.540
2578.551 1954.291
1621.290 2531.424
3598.387 1235.164
4789.275 2303.096
3362.425 2544.784
426.325 4792.659
4063.437 4161.524
4459.076 1498.109
224.367 1195.907
587.773 2624.445
3792.231 858.715
2999.029 1620.192
1282.132 4910.654
3525.843 2496.800
2732.691 3488.053
1502.042 3375.320
698.362 1910.681
608.351 1539.280
4838.637 2911.119
590.538 2721.754
4247.476 1068.766
1795.832 3229.918
1873.902 2223.982
454.896 655.482
3346.163 4122.561
555.120 475.069
2221.099 3701.335
4594.130 3998.818
4225.408 4914.604
2060.175 600.619
1101.045 1749.487
2621.924 1868.777
1679.786 4839.097
3249.311 540.003
1082.693 4073.876
509.451 137.235
1448.596 3382.495
2414.134 828.011
1442.698 4509.060
3816.974 2897.811
4660.871 4021.329
1268.085 4236.705
4565.213 4018.260
2171.843 1263.827
2198.817 2003.548
659.585 4295.296
3283.510 4898.901
1866.648 4983.718
2142.357 3348.829
4479.160 1301.962
1171.654 2935.480
322.680 2308.874
2079.344 4945.973
366.575 4803.396
1157.859 623.837
3525.286 4281.587
639.158 2458.695
38.868 1429.264
277.460 4854.042
35.326 4151.782
1976.691 1143.852
3642.033 3733.210
4231.945 1178.646
1351.348 1847.734
2228.846 2722.907
4623.234 3456.738
520.187 682.686
3989.766 3944.666
3253.804 3822.110
2124.178 3410.659
3103.339 4082.474
4624.529 1608.876
2873.305 4792.507
4495.957 3182.764
1719.413 895.066
3526.522 3704.470
2714.448 3407.396
4457.307 4619.638
3329.273 4628.608
2925.126 3885.057
2496.930 4766.153
4318.981 733.377
3779.438 4538.424
3650.224 4945.060
4850.817 3824.898
1276.294 4207.687
50.316 2850.958
193.353 3880.223
3896.762 4334.190
3463.601 4441.035
3952.870 4814.150
3220.250 3668.221
4035.637 3145.737
3167.372 948.124
4262.205 903.737
4671.979 4778.981
3942.279 4006.442
3600.278 3741.791
1559.412 3611.254
1376.158 4166.760
1797.554 4349.315
2810.041 4482.576
2728.333 328.020
2717.764 2597.679
2524.716 1976.363
4687.396 4174.877
2391.933 38.294
4890.354 2677.418
4702.830 864.510
4500.345 1713.978
290.159 792.496
685.710 2983.653
212.661 1167.822
1305.869 3164.563
225.800 673.887
1149.941 799.499
2165.575 562.547
4918.384 2659.138
3291.377 2823.311
1572.787 2501.971
783.519 255.010
3863.336 4429.348
2456.737 4849.658
836.973 1488.036
953.167 707.101
3750.426 1779.544
1518.257 1192.958
3493.430 1223.162
1428.361 2333.730
3828.737 2114.939
4793.705 4008.465
551.954 65.784
565.180 1229.322
2186.412 666.085
1476.075 3377.056
3013.022 2408.240
1519.312 2109.485
447.313 44.475
3218.052 2176.156
4670.425 1642.578
4769.636 1021.480
4728.269 578.340
767.876 3966.681
4101.288 2841.756
525.779 3414.073
2990.886 3222.331
4798.109 3048.959
3787.398 491.962
3550.791 1080.675
960.247 1287.722
1570.393 184.757
2859.273 1569.006
1777.581 616.627
3308.385 288.736
330.514 2252.395
2095.334 4151.308
2279.668 651.871
4579.638 4764.882
1571.119 4992.617
749.256 177.177
4668.420 2989.800
149.030 3168.452
4706.460 4052.933
134.517 2795.500
719.698 3905.248
3647.106 3506.736
3675.687 3127.842
1178.828 4861.733
4061.414 635.195
3651.751 3306.089
3995.853 3729.280
2642.574 1740.500
491.991 4289.991
877.900 3324.015
2863.313 4699.887
2233.133 4463.471
2726.929 3532.746
3695.068 2745.919
4104.286 1940.920
993.450 4493.708
2614.883 2081.192
2315.086 3467.098
1229.469 1745.103
1037.740 2529.965
1642.942 4684.970
1371.417 3589.313
1332.649 1859.801
839.145 4837.228
4992.306 3267.946
3790.373 2857.096
4426.494 726.055
3395.167 808.052
1215.007 2342.671
191.300 3145.659
4734.113 1875.022
2934.066 3298.155
1167.285 3694.036
2313.577 1601.752
4065.106 215.272
2947.705 1108.871
1772.875 2453.151
2793.282 4816.726
574.389 325.072
3472.967 4780.997
297.952 2215.603
1841.094 4235.281
235.518 3366.881
4482.906 2072.066
4400.778 3542.973
1116.354 2769.758
1377.382 281.460
787.072 4848.252
3340.203 3361.903
2757.572 1353.883
3399.956 2940.878
666.377 4161.241
1634.356 4589.584
4889.166 4003.155
48.424 2826.871
1069.880 4598.492
642.282 123.987
4183.756 1649.913
85.673 4292.666
3058.294 719.351
2907.841 1933.622
1046.694 2866.398
16.013 3963.781
3755.076 3536.213
1726.051 156.192
4718.260 3024.012
2507.976 4981.585
643.758 68.731
3560.934 2436.690
4863.423 3556.470
876.534 4955.522
4297.840 4273.803
4806.663 2408.300
100.374 1283.740
221.560 4302.963
1677.689 2950.766
1470.227 2113.110
145.499 3625.930
3795.954 817.440
2472.710 178.062
2472.402 1965.424
3171.070 4578.094
3582.697 3157.148
3487.525 4541.411
3781.522 2731.366
836.041 4629.423
4870.669 3305.908
1095.103 1802.875
4083.754 4374.649
4545.208 3074.529
1980.833 2411.508
3756.355 870.835
3485.924 2621.166
2057.546 1028.997
1172.198 2329.269
4251.492 3496.018
3923.105 2119.493
3544.216 918.028
1994.698 1125.433
4854.433 3028.896
3156.605 1423.781
2651.650 1909.471
2935.022 3299.005
2584.331 50.057
3690.990 2753.814
1489.564 2197.889
1819.486 1084.514
877.726 3782.140
4038.000 463.770
4783.955 3571.090
3231.045 2898.301
3898.717 4352.814
2723.889 4250.259
1007.555 2344.561
4842.482 546.390
215.220 2176.098
1019.440 992.334
4354.956 2734.193
3624.978 1315.464
977.271 2361.067
948.322 3278.181
2332.915 657.852
4232.941 1622.400
2519.019 3992.885
4135.995 4061.755
1892.347 3387.623
3712.538 320.352
4542.931 1717.343
3480.556 780.163
2786.882 3239.892
2072.426 1958.294
4065.875 703.556
2732.615 4398.990
4008.392 2255.959
3339.937 4132.232
3250.019 2430.388
4366.587 4463.799
4474.480 4557.541
1091.018 2078.153
3253.706 4766.396
1801.890 2247.888
1061.753 478.112
4109.127 387.084
1209.040 443.780
27.188 4728.368
1011.591 2063.742
3000.929 344.277
3664.041 2439.994
2288.652 2402.122
2986.474 3348.271
3975.060 4090.880
1665.604 2515.286
3520.243 2497.683
2287.663 3907.293
4342.222 3695.688
2397.862 460.926
3557.159 1907.777
4989.332 2725.438
3551.726 412.072
2949.042 3761.657
4505.384 728.990
3203.873 3655.895
584.898 525.054
845.084 2667.813
1232.290 1482.568
4405.020 2841.932
4113.188 60.764
2395.184 1249.440
1508.784 4663.897
4416.816 162.866
1736.773 2006.811
1475.271 507.747
484.976 2488.138
4764.068 2916.710
3560.843 4157.289
4756.226 2550.002
3097.799 117.765
329.343 4492.431
2729.804 4990.790
4261.166 531.741
4014.879 380.987
2399.656 3568.098
3439.786 3886.042
1338.006 3619.138
641.330 622.002
2827.635 4360.682
468.419 3830.958
3934.604 4798.142
1765.178 1076.902
2212.152 4789.120
2689.144 157.713
3889.530 723.342
1155.599 721.004
4501.732 380.196
3716.323 3833.305
3239.989 1027.152
116.266 2056.871
2333.689 653.734
4985.821 2185.571
223.327 4993.321
3645.138 1791.299
2761.292 4223.211
1426.900 1205.239
1863.212 2300.562
11.680 4683.776
541.224 3446.221
2311.631 2289.812
1192.073 1628.179
587.737 936.816
2745.812 1516.272
2578.254 3405.767
122.676 3140.584
165.428 4629.644
3286.921 490.332
325.317 4649.732
3266.332 3258.027
3671.507 3666.830
1819.984 2507.094
3762.931 3736.937
533.703 1421.578
1765.837 868.664
4070.270 1865.908
375.760 1739.958
1231.499 1089.387
4748.881 2386.949
896.407 3590.734
239.459 817.687
4653.706 2975.147
593.423 3935.947
1036.538 128.944
3341.184 2182.174
4651.140 771.099
2939.747 3919.567
545.197 1936.860
1856.434 998.955
3404.412 507.480
1342.879 4588.118
2412.306 1485.163
1968.392 1908.590
3988.243 2582.735
2457.628 4339.416
3955.747 1183.775
4444.345 3103.666
1003.750 1676.842
123.612 1569.175
2084.393 1818.008
13.606 4436.796
3992.570 3558.469
1976.882 2009.903
3740.855 4689.630
444.722 748.160
486.157 4401.780
4941.370 1659.398
1115.266 4362.732
2078.149 4107.449
4005.683 4459.651
2488.216 498.740
1361.547 1731.832
1349.931 4461.361
2430.204 3792.722
2461.277 2116.207
1517.771 4514.382
4936.303 4905.782
440.583 4074.503
2067.211 2549.605
1698.005 3318.689
4723.334 911.426
1067.633 3382.810
4471.641 1422.505
4055.316 939.789
4392.160 3643.355
2484.168 1630.789
2249.109 3746.227
1705.346 546.403
4209.108 2856.462
4052.789 3325.698
4576.720 1476.153
483.560 1187.274
3501.101 649.848
207.783 1416.876
4308.891 194.863
3065.543 1564.973
4126.482 60.184
2997.188 2674.165
1751.683 4365.568
846.612 2992.986
2682.692 54.352
3061.953 577.313
194.308 3616.401
1282.705 961.456
882.210 3714.693
250.110 1154.914
1701.861 1698.311
3362.176 3750.133
2299.986 2937.229
3538.782 370.422
4377.822 4871.975
3471.997 1553.389
995.364 4244.883
2451.131 0.913
1114.336 4555.182
1680.269 2327.066
57.825 4842.279
4447.313 561.610
1352.559 386.771
2921.967 3506.269
1508.377 3001.659
636.840 3947.613
29.707 4809.711
462.299 992.220
4327.998 2040.651
2983.170 2042.381
1106.811 4071.799
4150.735 3761.271
2289.401 4148.163
633.053 4873.618
3026.128 4700.021
3169.979 4883.833
3334.888 3407.685
4893.512 1714.599
1025.584 556.832
1665.598 4443.896
3783.730 4966.103
178.062 1291.220
3482.534 1783.638
4102.288 1462.674
4943.328 4250.847
926.828 1533.961
4255.376 3959.381
3187.690 3326.475
357.828 180.997
3494.558 4055.184
3083.290 4073.654
2055.585 2625.802
656.950 4479.943
1099.192 2693.997
3647.928 2965.792
4869.375 3125.761
3937.316 1865.144
3352.426 3126.479
4945.773 4027.073
3977.669 4641.795
3405.578 661.510
2415.266 4471.903
1809.878 2642.004
3747.199 3447.040
3614.129 225.528
3752.780 4338.057
221.383 1097.526
365.677 252.483
2648.545 3193.192
183.689 1249.520
8.168 919.027
2777.519 2892.419
4403.560 2318.184
1706.375 845.240
4986.044 4438.737
3496.363 3170.544
1624.896 3716.634
2983.511 2114.539
3220.516 3625.943
3533.639 2357.138
4727.164 4923.926
3957.921 461.193
371.595 2829.511
765.190 2262.004
1963.038 4794.617
3586.147 4546.499
1880.299 214.249
4109.493 3927.435
3473.813 2754.831
4511.967 2182.766
1752.510 827.709
4551.762 3766.084
3521.237 7.282
2018.406 3769.232
2347.544 2391.577
2689.488 31.117
4303.768 2024.952
2418.928 1828.777
1934.204 3642.878
1551.833 844.112
2084.545 3451.380
949.477 4758.102
3110.657 2200.318
378.524 3629.111
745.484 3212.061
1936.390 3834.948
1939.656 2794.650
2496.909 1835.889
1304.631 3432.541
774.718 4081.989
4958.772 1958.122
3790.908 3623.038
1043.724 4336.283
20.838 3945.992
1751.858 2445.462
2753.385 4399.531
2517.063 2584.504
4248.375 4178.440
2112.342 1192.799
1105.252 4801.796
243.739 1905.318
1603.825 4201.388
1693.737 1142.194
4132.981 3022.617
804.307 2357.919
4669.229 3440.909
2818.900 3677.784
4975.610 1690.811
2537.195 1189.620
201.853 274.869
513.000 1357.978
3930.995 1927.580
4825.390 1056.388
1864.021 3799.803
2688.826 3836.001
1185.371 2924.482
3317.243 2066.026
4078.277 2847.094
4164.955 2009.432
1717.071 2271.249
3614.140 4366.731
2957.298 1922.675
1778.902 786.954
2788.987 509.516
946.079 2931.758
4917.633 599.256
4773.987 290.689
1440.039 1060.287
900.644 1309.904
2837.597 996.986
797.215 2903.693
4564.906 392.070
2404.724 3585.679
116.878 3323.538
1806.776 3421.333
3824.797 267.851
2800.223 3859.299
1210.204 2362.139
1813.036 568.126
2163.622 4526.388
1227.610 4472.943
1775.628 4657.709
854.757 2648.720
1477.179 348.011
3928.016 287.928
1739.543 1441.222
1820.058 349.229
2032.936 3377.838
3073.461 1095.935
3379.961 2530.858
269.037 3404.155
1007.330 3016.256
4300.884 3458.331
4501.552 1651.828
2248.989 3112.680
4805.096 1710.156
3589.121 882.267
1892.869 4321.041
3658.484 3830.124
990.901 2126.283
1061.990 1633.835
4113.274 1888.436
4990.039 1811.765
3280.879 3546.955
4648.369 1573.168
2926.853 132.906
4393.019 3903.032
4502.797 75.225
2805.704 1707.596
372.217 643.561
4290.654 3836.832
1128.127 3461.887
4361.991 4969.874
4206.707 420.052
2176.411 3959.508
3563.245 3287.342
18.548 2493.106
2932.794 4158.241
1069.569 2189.856
4931.523 199.290
4466.582 3559.748
2048.567 1439.800
2321.269 4332.565
2176.171 2116.231
4046.356 439.830
2232.289 707.390
3722.691 2332.109
4396.687 2260.815
1210.301 3471.816
1073.815 2477.764
4908.694 3998.446
202.275 1875.669
451.252 2668.703
47.962 4385.157
969.885 371.411
3341.885 3263.628
623.463 2314.641
3204.016 959.661
321.204 2108.816
4110.477 4046.617
4166.061 2234.528
3303.191 2695.564
981.550 1179.402
1285.230 3537.200
1408.146 919.297
437.378 2686.322
2184.825 1722.543
2876.600 4215.147
1294.946 4269.005
517.392 1417.488
4185.512 3985.773
2522.518 1387.550
3332.973 1352.413
0.949 1844.874
37.963 1926.547
1696.344 6.116
1798.400 1662.339
3533.473 2298.875
2444.119 596.076
1073.682 326.534
1040.559 439.080
2961.814 350.502
2552.764 3315.689
4507.213 1631.977
2856.289 4163.720
1778.573 4702.703
1410.551 2269.004
424.466 4997.259
3869.660 933.541
2643.991 2548.394
2775.347 2720.591
854.542 2596.191
2247.147 4731.834
683.353 4809.806
4161.027 2031.656
3374.790 916.129
753.038 3639.545
2988.859 2924.428
2667.317 2821.845
2950.168 350.279
3848.399 4876.923
3291.653 1594.420
810.364 4272.188
3116.584 2801.697
1222.772 1747.194
4947.909 4356.348
3908.795 2917.842
2768.059 2524.728
4137.704 975.604
141.232 399.296
983.004 1831.110
4440.146 2867.732
186.609 4567.446
1598.086 3017.121
643.471 3262.589
4522.970 4492.814
4440.058 3602.273
3153.534 1352.535
241.355 2807.838
592.116 4700.378
2041.283 3224.482
4286.707 605.620
3334.629 2524.867
1854.973 4894.285
946.795 2332.995
34.096 1177.613
2533.410 4371.104
3231.468 1436.591
3618.107 3693.396
674.275 596.053
223.145 1032.592
1493.245 2292.847
1173.303 457.096
3026.259 2584.384
3667.629 485.722
3675.351 3747.624
4372.586 196.070
2973.415 2742.787
2366.196 4396.777
906.186 2851.209
2025.936 2240.482
1006.809 1717.060
601.716 1143.184
4281.436 924.835
314.919 2899.226
1269.052 1597.105
3155.608 4974.413
3989.544 4970.470
4287.102 4977.839
3229.873 1914.760
906.122 2318.370
179.219 3875.867
3275.580 4789.745
256.788 1332.411
2845.599 3351.487
4065.664 2622.424
133.773 4262.322
4409.570 266.038
1313.176 238.957
3510.366 76.214
1621.295 2508.812
3376.499 3985.297
1504.538 2988.287
4950.229 1625.498
1807.819 1126.393
4652.678 4945.182
1260.914 3433.626
2276.633 4002.423
2455.745 2139.018
2939.081 1387.513
3000.611 4723.063
3253.752 2147.023
2516.233 218.851
2612.006 2885.145
2715.026 3601.917
2423.661 994.844
3890.159 130.844
3084.499 4922.551
3931.312 898.724
4608.023 2286.128
2119.555 23.810
1772.103 290.263
1755.461 2038.373
285.627 3171.959
3191.016 1079.900
4532.144 3882.279
270.247 2379.694
1425.192 1017.318
3807.924 2927.765
2042.103 2327.637
2023.346 1317.352
271.121 4628.625
2934.606 2874.096
2544.827 3131.033
4587.983 4414.456
4073.022 3440.084
4048.631 4797.159
1253.031 792.617
231.592 930.357
2866.037 4094.826
2533.487 2989.649
4810.896 1009.470
1409.283 852.159
4272.110 3794.827
4822.149 340.352
906.219 1315.977
3265.559 2708.652
4163.805 531.367
3813.105 2896.973
4268.881 1823.997
2095.854 4804.398
292.561 2384.920
708.755 1023.764
1332.636 1716.626
3370.024 2795.209
185.046 4435.051
3764.000 1110.109
1723.241 2808.917
115.711 2881.126
1986.451 2595.978
3022.565 531.358
944.747 4494.529
4609.754 256.260
4799.939 4859.042
3677.748 2364.392
1409.717 3453.169
3930.879 515.456
223.538 2500.475
4762.258 2792.206
4165.979 4144.939
137.312 2776.753
196.569 4524.848
2452.016 2478.957
1024.594 3218.925
1180.683 889.709
4334.347 1749.711
3299.715 765.524
3488.078 4276.832
1511.211 3299.750
4660.941 2668.288
1273.468 4154.387
3733.513 4531.560
1265.898 1063.263
3439.845 4720.689
1959.341 2054.958
4548.843 2779.979
82.061 408.669
3654.746 4396.590
4070.444 260.496
3352.427 324.632
3264.791 4635.343
3847.083 2496.115
1720.497 3826.745
3894.154 2965.812
4003.749 1392.852
2286.622 1942.246
2844.687 3662.387
4462.880 3693.809
1327.820 260.381
790.828 5.933
802.282 784.835
4714.640 4233.689
3501.825 3204.673
2743.575 127.483
1033.808 184.250
952.751 3809.386
2557.118 901.887
3255.004 1192.953
2042.679 19.199
2548.453 2714.618
1029.091 876.168
1306.705 3865.339
2895.571 999.211
4121.608 3902.110
4920.935 330.535
4711.353 235.433
2920.411 390.123
2992.655 3475.870
1899.098 4293.689
2663.520 1523.094
4511.551 1377.822
1851.406 1776.890
3063.885 1011.789
2036.991 3798.010
1563.138 2917.458
3525.714 3895.226
4206.931 902.428
3421.902 4669.004
1858.277 4912.641
4312.474 2158.051
1377.510 2659.414
4118.811 2600.355
3468.287 660.491
2879.270 1489.007
763.926 4013.328
639.585 640.482
696.496 2692.490
1750.548 973.782
4657.132 3318.459
3943.469 3243.451
1597.878 4229.149
367.141 899.140
4.205 2966.369
3441.734 1851.678
39.428 997.865
4037.187 3130.154
4762.779 4958.937
4237.138 2456.379
4295.954 4386.613
3977.867 2823.160
749.160 3703.360
3655.675 4160.050
4678.657 3831.949
4375.435 531.492
4582.968 1302.573
4041.319 3143.362
3907.829 4151.612
4773.353 4477.852
2300.596 3625.466
3336.303 3982.085
210.409 559.391
2245.156 303.426
1905.987 2084.869
3619.507 952.771
3775.726 353.785
2899.012 3755.095
2402.720 251.617
2261.689 3695.778
1276.320 1680.734
283.550 710.307
4248.400 4846.521
3926.685 444.035
4711.679 1769.730
1614.278 1064.749
2311.463 1245.433
3362.917 1109.107
2572.384 393.119
1169.801 1915.046
4069.716 2869.292
176.880 3259.472
2864.252 4841.443
2156.093 1417.777
1297.970 589.406
4114.035 4837.214
1784.545 4526.445
969.674 4525.888
1577.206 354.219
4578.156 4145.962
2452.204 3991.467
610.600 3155.383
1199.441 807.622
3885.767 2309.530
2586.875 2171.883
3147.758 4586.968
2568.111 1732.376
291.536 2191.104
3084.163 1055.430
1626.844 2720.341
4910.260 2155.244
4214.146 4629.133
4123.023 2868.848
2456.333 1842.831
2604.707 3655.451
856.436 754.697
2611.129 0.356
2341.509 3974.957
2591.464 3784.299
2410.969 1775.698
2176.075 2319.596
1942.384 2275.212
629.312 1408.235
2771.637 2837.134
2130.565 2216.260
343.443 4811.705
552.526 789.369
1074.898 1014.552
1989.753 1785.733
2052.551 2182.803
3888.813 65.206
1633.364 278.468
1316.514 1380.653
797.023 3020.172
2008.912 1010.774
326.899 4924.521
2344.453 3835.776
4601.171 1734.518
342.226 1810.086
4099.956 1199.751
725.337 1966.667
884.501 4950.894
111.757 2373.756
4346.481 4171.385
3444.837 1679.657
4902.757 4155.423
3794.060 344.851
1985.759 2473.578
4835.616 3326.646
438.453 2075.076
1776.165 330.074
3894.940 969.390
1407.741 663.542
1827.080 1204.989
3862.284 4929.718
1763.915 4042.455
2390.214 139.363
3152.080 2281.596
2732.147 995.474
2131.480 341.602
1431.150 288.609
2088.590 163.395
2047.996 3016.584
412.115 862.418
2788.393 2706.385
4164.023 4432.628
827.833 3737.311
3369.003 4380.745
1674.207 1343.136
3902.909 2091.279
1024.543 1343.125
4233.494 2516.560
1647.481 1530.404
3934.296 1209.566
3911.709 1487.651
2252.447 4320.347
520.761 968.281
1565.423 4593.458
1136.094 2135.681
4260.878 2638.935
4282.901 2230.621
4360.553 288.425
4793.583 4409.330
3781.866 196.985
4860.807 3895.452
97.044 3925.146
3787.002 4616.374
384.978 4628.931
1511.036 3139.179
2045.725 3205.686
4400.893 3132.989
2528.027 2276.913
3528.698 1350.305
191.634 1082.964
2804.678 3036.482
1376.457 3186.452
2734.239 102.007
2296.724 2238.225
637.353 3835.979
3978.257 460.957
865.460 2001.110
3176.520 3134.726
3664.690 2707.746
2192.047 4462.556
2940.650 3733.084
3381.234 2089.898
1199.118 4011.370
3098.676 1675.391
2144.496 4835.481
2109.819 585.475
135.824 412.581
2807.311 1326.711
4889.814 1959.957
4696.843 5.195
3559.556 359.876
2886.536 3977.984
590.027 2359.524
4977.939 3030.265
885.207 3419.003
3274.010 3906.504
136.204 2615.223
2191.257 713.845
3970.297 3812.343
3247.948 3449.732
3890.407 700.042
2400.862 672.810
3804.415 4035.401
3320.487 2961.351
526.148 2732.934
955.144 1912.859
1604.278 637.077
3921.247 2128.506
4335.205 1584.758
3830.602 1209.152
429.894 1311.537
1316.347 1942.392
4613.242 624.786
2806.810 4709.615
4451.528 890.454
3761.417 3537.956
3412.245 4947.630
1696.716 703.548
2080.611 1903.938
487.092 4732.505
4029.353 4788.702
2890.209 1845.642
2073.437 1685.258
953.186 1568.770
3528.170 3678.110
781.932 2383.641
2163.468 4474.403
2225.685 272.747
1851.180 658.435
1055.605 3225.552
4983.604 4585.313
4970.792 4357.403
909.671 3835.661
3860.125 1946.629
168.885 820.731
1649.742 3160.021
3425.690 4096.893
4091.736 1278.508
1897.325 1828.022
4706.467 4544.300
2918.902 4744.830
2021.704 114.632
1366.893 693.732
4944.226 2562.373
3658.078 3411.496
2516.242 2766.828
1807.466 4944.979
3033.109 3733.135
1468.235 3590.191
1117.961 1553.288
2104.966 2182.791
1624.938 786.763
353.450 2414.811
2895.078 3505.348
2517.125 697.046
1517.426 357.143
1675.219 4577.493
4738.806 2914.785
1425.190 3756.450
4481.492 2832.745
508.627 2228.573
1197.262 2616.704
2766.156 1967.212
4094.395 930.329
3169.236 39.645
2310.696 1588.678
1641.291 3385.718
2777.570 1920.941
50.849 4828.529
3332.982 1946.461
395.090 3259.617
686.557 4616.128
787.432 1301.015
2961.351 4334.339
3581.556 4554.784
2663.467 3707.078
3579.557 1316.503
4446.344 3969.918
2177.332 312.320
53.649 2160.927
1118.154 998.882
3291.221 1878.412
2165.220 2076.375
3864.009 294.361
2375.483 2438.991
2553.732 1943.931
2969.597 2824.053
3340.574 1206.828
3756.548 302.967
354.290 2354.862
1537.773 790.670
3415.124 331.581
1427.927 3.221
4254.434 4172.676
847.643 1030.153
2425.819 2113.261
1898.448 4316.458
3453.450 2079.551
2261.769 1606.657
618.039 4033.372
303.988 4677.680
1937.726 4438.442
73.365 1606.952
400.436 3615.400
3281.501 358.271
3887.651 1589.921
3696.600 3817.215
25.914 1372.861
3103.825 32.360
3172.698 913.601
2746.457 933.478
1064.751 3041.245
187.000 11.403
3969.486 2389.642
322.993 2260.592
2124.343 4061.244
2754.259 3550.644
2818.342 4446.153
4590.933 1571.719
1795.077 854.518
4460.333 1099.967
4968.176 4703.688
1863.512 2379.059
880.457 3041.426
4000.293 980.052
2212.430 4674.413
772.193 4481.350
428.851 4699.703
4946.205 2282.988
1779.674 1324.941
1674.702 4744.101
1455.885 2056.416
2442.429 3851.201
154.458 3183.238
3793.518 586.558
1416.204 4831.610
2705.340 2325.178
4384.640 4871.900
1957.738 4949.693
451.934 2991.628
646.845 1089.338
1979.095 1484.356
4888.618 3355.213
4912.667 3664.398
4137.773 121.899
1880.717 4355.296
3219.729 2145.255
308.911 1836.394
2758.630 3573.829
492.480 543.337
3736.625 232.671
807.818 4461.955
3477.680 4582.716
4057.046 1432.085
3525.374 2386.930
2760.927 1844.415
3390.326 2539.618
3721.842 846.033
4148.422 4702.936
880.741 2870.532
2034.204 4539.200
4920.262 3622.800
3696.930 1476.889
4370.855 2818.427
189.295 4551.788
2382.371 2472.313
3963.148 2710.301
2651.039 3921.011
4642.917 4365.974
2243.972 3814.840
2560.892 920.381
3985.770 326.710
2843.919 2011.768
2463.311 1452.368
3059.129 1179.805
3528.601 348.463
1107.689 74.218
3975.165 3106.819
3106.802 4496.218
765.503 4646.199
2538.272 4129.841
1473.707 2611.825
2017.730 3914.427
1302.719 2125.437
1430.972 2891.549
2810.869 1213.294
2227.011 158.127
4777.271 3795.575
3290.151 2332.141
1963.798 823.559
858.030 1835.327
3213.879 1460.574
2599.996 2839.596
4433.255 4809.252
2674.483 3189.234
1413.276 2625.533
1215.179 2822.744
473.517 2687.531
103.636 1071.142
539.731 1048.312
791.222 481.169
3689.385 1249.028
4987.453 1696.105
4557.621 2770.494
3082.474 1772.874
1048.652 2996.435
555.624 4482.798
2960.834 2786.852
1189.392 2414.110
1749.202 2066.647
3610.629 1234.501
1638.276 2974.937
1756.901 4190.148
2094.337 4397.021
545.679 3267.418
4450.980 3180.493
893.595 422.144
1570.148 1758.113
242.429 1351.264
867.725 415.228
2678.438 540.819
3009.779 3348.603
3570.113 1684.590
2361.014 4148.205
3329.892 3480.571
4375.836 4533.775
509.193 2502.070
117.086 1161.786
2039.602 2987.375
724.141 4030.721
3027.753 1778.252
3033.038 1136.694
3556.807 937.825
70.271 2256.643
1950.215 2153.490
2871.746 404.480
4454.017 4094.321
2770.224 803.528
2691.880 4266.918
4000.219 228.211
541.249 1387.192
1737.657 3048.619
3583.723 3600.085
202.809 4745.543
4188.284 3395.380
3409.755 1368.002
4049.619 1669.827
4794.383 958.480
2334.067 2567.927
154.636 243.015
4879.178 4696.086
4965.857 4677.748
1874.118 2206.752
565.660 2128.582
4290.583 672.150
1474.849 4917.338
2157.359 1272.070
1639.870 1856.165
1946.828 4867.623
407.949 4684.663
4311.006 4247.704
2329.364 3838.254
637.653 450.280
1738.845 4392.193
783.063 4096.104
576.992 1228.342
2687.171 1208.475
3936.695 4107.760
4505.215 193.275
3278.228 2189.116
1273.641 822.688
1962.097 2453.268
822.382 3811.821
563.794 1177.127
4479.104 2580.774
430.539 4674.584
1384.995 4400.824
2524.906 4017.270
4461.099 4967.857
1288.624 1578.032
2711.513 2742.039
4120.373 2280.209
4065.687 67.365
4969.436 4970.122
31.487 4565.038
505.256 419.278
337.531 1492.966
828.382 921.594
4971.465 4200.369
875.608 1053.189
2283.481 2005.684
1659.359 240.671
2023.563 2537.546
3474.924 382.163
3175.482 977.688
2218.799 3289.751
4957.093 4818.407
2892.869 540.447
4628.362 4810.345
4724.814 4200.105
4284.412 2444.043
82.137 4202.347
1041.605 4064.141
808.846 3763.579
4959.568 1503.261
4890.795 4779.527
1386.252 2662.543
1346.086 3357.592
2497.195 4408.024
724.383 4503.440
2446.735 181.745
3396.892 3834.828
1129.979 4766.528
4514.111 1310.182
4678.377 354.101
1937.299 4880.125
4118.523 2926.623
3171.490 831.089
3336.459 371.526
1284.581 915.629
1943.361 995.916
2556.075 1075.435
2983.654 1.158
2232.292 3818.766
3531.080 4285.759
748.560 2829.202
65.260 4575.400
2008.335 1141.422
984.333 1623.423
4070.476 794.644
26.571 269.958
4883.203 603.626
2513.801 4520.159
2274.876 4132.504
3595.919 2222.433
3605.427 4621.346
1957.227 1567.118
3.275 1671.640
2406.092 3309.656
4640.233 503.725
4494.142 199.627
4145.143 2188.408
1256.278 1908.213
3920.030 4349.771
3232.695 3496.363
4124.674 354.712
384.607 4479.682
3724.775 1394.257
1809.645 3632.758
1701.094 1219.829
917.851 1333.963
2026.854 4887.747
654.523 1063.639
1508.474 1509.654
3770.957 1009.335
3328.608 402.783
1470.048 846.872
2927.317 446.279
2575.415 941.310
2314.150 2508.536
1983.586 3171.617
2512.245 3487.024
1205.499 4811.581
1666.704 2696.971
2220.883 1528.572
4660.801 4722.243
3354.693 4485.800
570.542 2241.858
3262.935 455.169
4988.477 1429.489
4814.832 4976.781
4166.590 4414.277
2139.268 1635.303
4223.620 1026.455
1580.578 1002.865
901.422 3104.984
698.344 4627.803
4786.523 1835.981
4710.646 2588.445
405.681 3775.503
1404.343 3102.097
2934.550 159.241
412.751 4599.208
2007.016 2761.000
2524.661 2581.499
1781.200 1120.903
76.070 4175.581
475.206 3424.589
3952.595 2084.600
4535.157 4520.795
3169.029 3273.949
3342.216 1100.503
2935.195 1768.003
1688.289 3086.390
3501.254 4284.736
1825.052 4764.637
1142.563 1325.817
3320.686 3862.606
1046.085 913.016
1358.298 4214.986
2911.595 3955.233
4992.684 1568.106
4072.084 1802.082
557.474 3402.497
3682.882 1415.178
587.096 2227.056
1760.326 420.362
591.691 2859.271
852.911 2704.279
1553.032 1611.303
1055.282 2649.019
1620.651 2272.395
3405.665 668.580
274.327 3631.045
2472.643 4411.419
4084.770 3338.658
2606.419 70.490
3934.904 302.928
1321.674 3674.602
2525.346 4874.203
4967.465 3320.959
1526.399 974.491
4092.985 3329.427
346.603 1199.213
2483.087 943.172
4140.743 81.595
2797.714 2057.878
1643.751 1003.943
3927.304 3233.151
1449.130 4991.568
4669.013 764.664
1334.633 428.960
422.316 1899.205
1568.901 2116.243
2102.704 4685.015
2865.641 578.005
518.161 2047.913
2543.728 4427.575
3234.724 821.936
2556.012 190.145
2248.746 2067.056
1604.538 4646.403
2420.649 2700.580
3224.782 920.149
699.451 1602.001
2531.777 4551.904
1012.240 4589.925
3679.013 770.368
2655.655 12.979
2995.197 4231.761
1440.045 2121.796
3758.046 346.690
2996.099 4649.714
145.165 1051.574
3092.790 1475.761
4101.576 1023.250
3191.736 402.479
3199.526 665.257
4160.786 3337.804
4442.862 370.407
4965.689 3657.355
1620.134 459.401
2764.873 2347.041
3215.405 3212.530
411.318 3483.792
3677.037 2588.535
1663.119 502.762
1759.868 4360.435
4529.948 4922.580
3167.062 2339.445
81.139 0.638
1347.880 3083.531
2969.837 3408.957
3414.206 353.172
2764.742 857.326
4974.404 707.647
510.407 1239.428
4530.704 3051.467
2981.345 339.265
3440.636 3123.752
3546.844 4524.420
2342.170 4011.087
3044.479 4140.803
3349.734 4155.553
4155.743 2143.823
2285.742 3895.787
1074.496 4867.191
1873.283 4788.182
4064.663 2494.146
3905.898 2781.564
1950.349 4649.241
311.687 3749.713
3912.502 4638.711
3865.740 1217.964
1521.699 2881.634
262.260 1347.040
575.787 117.643
970.799 566.056
1150.244 117.497
4155.433 2549.993
2602.839 4760.235
4030.675 4911.795
540.359 117.314
4919.110 4780.592
1761.844 1757.086
4847.899 3434.991
2138.328 2819.898
2613.010 2394.991
519.515 4987.422
599.216 557.854
2138.836 3537.767
4487.284 1720.418
1600.414 4525.525
1061.840 884.138
1361.088 3352.155
2592.502 3944.009
2845.287 3823.722
3575.864 1992.092
559.840 2084.358
4217.903 3457.791
2693.308 2540.651
2359.816 307.833
2531.565 3331.189
2435.554 4636.818
284.395 4677.300
1027.272 1774.245
38.290 575.269
3607.741 1962.517
3769.079 328.530
2805.912 3369.942
4836.081 1774.407
3977.079 2877.299
4205.041 714.058
3625.992 4894.174
267.764 2294.733
1723.769 4912.294
1557.307 2459.273
2950.481 1643.039
652.105 1223.563
4891.468 4940.831
875.049 3752.289
1130.920 794.948
4785.648 3917.246
2940.921 3859.606
1947.849 1183.423
3914.733 2851.021
3218.251 639.021
1081.663 2801.838
677.828 4127.981
4449.388 3946.593
38.564 3275.084
3647.139 3954.263
4229.307 4148.910
4678.552 2083.182
289.524 4686.307
3090.057 2974.515
3620.561 754.154
762.835 844.502
2379.832 4996.021
203.457 4131.808
1482.619 938.560
4600.193 1194.744
260.447 384.395
4584.356 4002.735
747.305 4910.512
4088.786 4130.305
20.389 3798.774
454.267 1085.730
3804.004 3574.695
2897.110 4507.585
1858.714 2042.724
3350.589 3134.420
4335.703 2036.390
3654.410 133.984
4877.037 1743.638
1666.385 3295.620
3872.343 821.640
3544.302 3161.148
270.456 8.176
788.556 2303.999
3196.238 598.900
2552.671 4415.619
1435.424 2427.527
3480.782 1170.858
193.567 132.181
1541.454 4474.184
4325.481 1290.285
3977.699 4797.870
3680.949 3726.721
1821.408 3132.773
332.568 303.242
3215.913 354.357
1281.312 2104.803
312.456 3610.390
2341.178 1714.312
4248.186 3277.577
4508.420 2307.235
1178.995 3474.482
2881.665 2340.706
752.983 2408.220
2004.482 1078.674
3767.375 4023.188
2056.958 1699.011
4037.294 3116.083
4279.978 2731.797
1459.203 0.440
4056.953 731.669
2634.293 2762.412
439.832 1487.627
1182.945 1436.128
408.741 1022.494
862.232 3579.762
173.895 1769.811
2395.206 3200.148
887.612 987.473
756.186 4750.142
4332.911 4626.962
1198.628 191.109
4817.555 1795.760
360.168 1241.831
2606.057 4057.800
1692.441 3458.188
3621.429 38.859
2215.491 124.103
3293.134 4948.504
4098.410 4725.794
1564.557 2063.637
4493.023 4689.600
2775.361 2511.176
4677.999 3698.563
3591.723 4235.634
3444.412 3992.603
3866.785 2885.658
1456.870 3513.416
2590.462 254.943
1207.053 148.526
4048.524 3682.134
1027.271 4305.920
455.232 1337.071
951.524 1998.521
477.811 2828.798
1616.943 3280.819
3393.906 1945.348
3742.013 3861.304
4839.770 4455.441
2775.974 4088.223
1048.702 2749.350
192.366 843.015
337.706 4444.732
2973.693 992.387
2914.960 3591.336
30.956 1215.187
458.047 404.351
4692.130 4109.404
3408.194 4131.223
2835.263 59.403
3399.491 1942.010
1683.266 3165.153
265.422 4596.569
4746.687 2963.088
1221.207 1352.335
0.233 1310.026
4870.629 268.167
824.499 3350.394
605.059 2808.252
808.001 3949.700
1345.407 4363.294
4922.689 3215.218
351.949 4022.396
2459.892 757.701
4359.776 1184.133
4713.949 1678.974
2875.426 4591.783
956.180 2432.739
4215.683 1627.357
3352.554 2576.083
3969.545 2695.741
3006.400 541.032
3528.092 2730.642
2065.677 4924.652
1095.454 4433.284
3963.838 800.612
2159.264 1347.715
2087.578 4134.111
574.057 726.625
1871.319 2433.009
3911.180 1540.184
2388.631 405.000
3843.937 4845.921
2183.223 2280.107
1814.817 3185.736
594.282 3118.611
766.496 4285.469
3833.818 506.988
1352.227 3571.643
4564.335 4967.562
1757.701 4859.267
3954.295 4728.824
2488.121 3436.213
1179.772 3915.039
2214.743 596.473
2114.994 4211.836
1467.980 2503.701
1633.777 4519.928
2184.872 3987.407
21.086 3591.799
1707.153 312.820
4462.185 107.818
4340.923 4963.634
1749.333 3148.981
2981.073 1450.457
4370.189 71.599
4983.479 1343.808
3658.395 2844.373
1373.064 4859.524
3595.939 3634.283
4325.931 2936.910
4006.477 618.139
3504.054 3290.785
3842.837 1765.896
4922.587 3105.436
2377.738 862.223
156.446 3475.606
3040.816 334.108
1811.940 3010.174
2245.051 542.035
3718.281 4319.325
1011.209 4968.594
213.462 1647.892
2934.933 136.842
3284.794 1054.771
351.548 2743.861
4087.132 4260.761
1379.124 203.775
3975.280 2370.035
4329.340 1782.827
2323.962 2509.718
3650.484 3705.351
1933.163 807.530
2191.024 3068.178
768.045 3784.144
17.264 1516.188
4472.864 4288.461
3396.597 1757.799
3629.449 83.071
3358.291 3245.154
3693.979 1525.080
4418.546 2618.025
3521.613 2629.625
3630.732 4156.072
1321.390 3706.371
2791.691 525.940
1831.154 2498.747
3388.646 972.751
1097.217 101.481
4622.974 3736.301
562.633 2625.283
2727.191 2087.552
2719.449 3237.356
1643.349 2.329
1813.817 438.801
894.970 1352.970
3368.234 949.495
2578.969 3245.664
4265.568 613.581
689.678 897.685
3987.826 513.735
490.684 417.768
687.823 3389.518
3643.800 4532.557
2455.369 558.495
345.723 1606.380
4181.114 4721.154
2337.019 2374.058
4815.049 3730.699
3327.027 2790.903
4647.785 478.456
2702.959 4523.317
3206.179 2664.967
1865.010 3967.081
2636.908 2913.197
3984.000 3545.053
4910.011 3958.032
2477.918 1976.024
3974.937 4368.491
3516.364 3787.075
1677.609 4413.612
3573.132 3166.604
1228.640 3758.348
1410.502 988.532
2842.853 3500.352
820.457 440.784
2003.746 1729.468
2962.831 4084.995
4056.217 3668.885
4833.930 1935.702
999.514 3020.707
2818.795 1276.141
2294.479 420.309
588.642 4657.662
2042.825 941.683
3825.012 716.267
64.830 2918.867
1854.489 578.191
4673.512 1694.609
1089.406 1124.103
2831.796 1385.854
2785.045 992.994
1959.402 439.942
3696.312 1225.710
30.261 995.542
524.009 2019.345
1764.614 3840.411
848.598 4215.987
4393.248 4806.266
4768.484 4200.297
2918.643 2055.906
3421.551 2599.517
402.671 2346.835
579.303 4210.120
592.805 3927.711
4905.423 2474.680
280.340 792.702
100.780 3098.297
3799.769 4088.776
432.082 2275.041
2409.525 4989.183
3752.585 3829.282
4850.305 1166.236
707.208 2524.960
4314.046 1101.100
4049.196 1548.735
3950.906 1036.781
2020.025 2171.039
568.391 4670.426
2424.477 2482.104
1762.214 723.491
2691.885 88.211
3721.271 1634.970
1959.373 1166.177
2013.346 4049.955
4845.156 33.588
989.677 538.328
4308.835 587.278
4681.613 1257.908
2154.253 1644.810
3491.814 4886.541
4606.737 3312.968
2955.949 2197.922
2476.968 4670.173
4771.867 3652.383
767.863 1276.786
810.365 3753.852
915.763 1438.086
2904.090 3260.732
1074.135 4166.528
1865.188 4663.484
446.097 2803.044
573.211 4760.344
4797.017 3023.834
4634.940 465.201
4400.253 4122.845
3279.627 4918.281
995.653 593.322
2143.584 1181.099
4938.444 2600.784
2562.637 138.372
1741.646 1059.546
2012.501 3474.487
1032.465 1227.265
1696.398 4073.233
4315.891 3839.669
1374.315 1157.292
3747.013 3217.968
2704.684 3283.857
1145.573 246.143
717.306 1314.114
2861.917 3554.252
1491.485 2406.501
2427.600 3772.213
4746.472 3745.253
4585.598 2143.247
2935.142 2240.604
842.590 2505.954
2781.993 4093.779
2349.709 1779.168
147.129 1685.800
3390.857 4134.798
338.099 4066.595
626.725 81.461
4660.110 3761.294
2742.408 4270.162
2280.626 395.232
68.903 4550.147
2211.031 438.462
3732.524 3611.185
4686.231 2841.232
2385.416 1741.527
4153.408 4809.686
2026.329 1045.956
3534.643 2777.170
4671.243 2112.994
2950.144 546.601
4056.941 3403.170
1770.898 599.262
786.905 4495.640
4030.732 3303.037
697.428 4058.033
775.604 489.472
1781.205 3530.398
3193.776 2997.748
1448.544 3581.825
2013.852 1545.197
3850.664 98.998
2787.054 2119.384
412.662 3520.518
1041.299 1816.576
354.451 2200.521
2814.282 3433.927
2095.793 3269.247
4543.314 2806.272
3883.269 439.877
2141.074 3335.913
1823.323 1655.188
2559.120 2133.191
649.616 2676.298
237.526 1748.098
571.108 1022.514
776.780 3006.871
4620.729 68.038
3721.937 293.976
1934.427 3796.055
3762.648 2452.277
2261.082 3003.886
4213.670 2840.590
2175.031 4801.581
4226.689 1270.069
1006.575 2238.967
530.703 3980.272
628.080 2822.092
4223.625 2232.630
1105.271 4251.281
2542.795 4850.304
1842.942 4177.880
1269.243 3810.172
2625.076 1712.880
1216.119 937.214
3455.134 3014.273
1354.258 2502.913
4465.675 4411.962
4919.570 2766.586
877.237 4236.614
4027.823 1191.800
992.962 2190.021
3911.373 1491.891
3746.747 685.532
4196.940 197.536
1065.229 4891.373
1577.702 4020.889
4532.026 4557.802
2346.926 4308.628
4281.903 206.416
4858.911 2934.043
493.565 1751.543
4471.883 4225.872
4008.761 1596.796
2826.571 4725.926
1055.810 4574.784
2665.464 2123.377
2300.663 1077.032
2335.897 3380.938
4434.166 3159.660
379.238 1281.247
891.476 3500.727
4648.892 4542.002
1553.175 2445.515
2351.672 3872.482
4781.527 4318.275
1498.464 2459.301
4432.066 578.584
4963.898 4107.960
1857.558 491.289
3816.644 932.086
2999.356 3766.719
2114.215 1015.383
3461.773 2953.785
3497.779 4624.835
718.266 802.318
2350.533 520.712
119.129 2352.622
1366.755 1571.039
2.334 2620.272
858.494 2993.759
4619.861 2070.887
1863.539 167.347
1012.121 908.091
330.000 3869.605
3206.174 1217.725
723.445 3575.138
4342.588 3297.445
861.938 4626.005
1439.112 867.351
3852.627 2568.078
3159.636 1940.163
1529.985 2629.774
2708.413 2960.705
1188.680 3451.870
2739.624 1688.838
2498.983 3350.949
902.775 3812.558
4317.449 630.072
1435.630 1169.267
3838.594 195.797
4254.341 4576.265
1271.908 3048.140
637.259 658.505
4251.704 893.838
929.671 3558.585
2008.203 1753.015
577.706 2419.342
47.469 590.012
92.817 1840.082
2001.020 3697.960
670.395 2681.998
2374.963 501.424
664.833 470.838
3976.108 2971.614
1153.500 4651.715
2586.426 545.554
3257.232 56.424
4905.199 1836.285
3418.910 3913.399
1250.403 3045.878
1384.102 472.220
2309.768 2220.193
1419.968 746.802
2062.349 994.273
709.895 4669.229
909.849 1600.343
1565.657 3796.915
3823.349 679.952
4185.312 2629.111
2473.959 2199.351
1229.416 2776.966
1464.894 2014.367
2518.457 277.132
2134.045 57.636
1356.095 3862.266
635.714 2293.789
975.407 1580.276
935.318 3030.454
903.174 917.212
3949.034 4241.425
3953.265 4879.469
2022.358 515.295
3452.989 4360.188
1909.387 262.722
3884.860 1802.854
4214.755 847.469
4569.863 4489.138
1469.855 169.123
3357.677 105.039
4453.684 4187.986
2351.129 210.418
4267.264 2492.578
4335.924 581.949
1544.386 1241.993
1394.588 418.175
2939.976 4887.151
87.814 4776.685
2586.594 1382.050
2741.440 869.890
1522.912 38.695
1685.357 3675.696
1064.668 1875.700
1564.496 2860.820
3010.696 2150.973
3347.927 2511.681
2965.908 808.137
1213.592 4979.832
1709.450 867.128
4137.781 1244.750
1271.040 2356.756
4478.571 579.026
4775.236 990.415
1763.284 710.641
4727.724 3489.926
2869.478 2486.100
1859.074 2474.415
4333.766 4338.065
248.779 4307.135
1632.999 2597.359
3097.148 3825.711
2892.374 4728.773
927.884 1864.594
4793.025 2865.501
1268.199 2708.720
2807.852 1575.865
2058.581 4642.481
4799.451 4488.664
4140.442 4669.604
1001.979 4008.793
4159.553 674.873
215.040 2760.966
3830.738 1155.525
1552.980 1903.144
3268.322 2549.391
4438.842 3714.393
1125.377 2774.860
2127.632 3318.241
2230.300 4507.407
3349.422 2930.659
3270.030 1885.899
4345.591 4546.584
680.422 458.428
1267.164 3.812
3015.377 3372.846
276.805 1392.279
1950.368 4667.761
1196.320 3055.395
1925.922 3815.928
2276.817 312.392
2777.901 4072.383
792.706 928.103
4550.502 4447.328
1048.548 3732.362
3507.052 1023.419
3102.141 2335.786
596.212 2592.516
1193.337 786.503
383.065 4251.700
586.839 3898.462
4420.544 3609.670
3860.215 475.434
3962.029 431.238
1678.931 4322.099
1477.792 4325.249
1763.804 1331.949
3980.972 1002.151
4780.218 1837.045
2393.028 1001.436
4700.033 2238.543
3246.009 3838.047
1814.624 1337.831
1618.398 4236.171
1698.852 3651.808
2947.921 4370.809
1351.604 4536.464
3619.651 3412.585
1661.252 1243.854
1344.884 3938.047
3204.234 2345.036
4163.329 1264.675
3784.153 1626.284
701.083 2648.065
2540.521 1400.094
893.821 1053.153
3193.160 3640.541
4369.038 2244.130
3160.536 4828.660
1355.911 165.990
4877.379 131.390
4186.144 3193.033
3533.173 4516.591
493.225 1021.110
3085.572 1182.388
124.615 2387.630
1305.463 3696.581
3916.851 4740.799
3102.540 2994.528
3580.617 1473.473
748.351 288.674
1054.477 4399.889
1057.238 73.493
3325.352 1588.862
1513.239 4510.516
4345.272 4515.763
358.103 4333.439
4052.616 4611.627
731.360 4322.893
1608.513 3553.476
4396.385 2969.129
479.110 537.845
3046.252 889.542
2689.839 1981.602
4005.208 765.241
3953.904 3353.254
3955.363 2457.636
1437.884 4062.750
4815.501 2730.753
1779.279 1964.584
4025.574 1558.013
1085.305 2996.976
3270.251 3750.929
1250.102 3795.175
2825.596 1612.808
4244.023 4373.844
4451.209 2385.383
4078.931 3961.369
3267.508 4149.803
1385.451 365.447
387.769 4684.288
3876.325 3510.706
2237.909 933.237
4486.017 259.176
2287.034 3255.565
2174.724 1241.616
3777.161 359.871
174.464 3116.732
2327.367 2609.965
1828.138 1738.740
298.083 1125.299
4625.200 3669.010
341.674 3732.952
2090.898 3265.139
783.036 723.538
4329.935 3914.752
2353.897 3202.521
894.012 2852.466
2348.068 277.128
2593.619 1614.175
4233.999 2465.904
628.752 3501.635
2181.561 1784.697
3063.255 3111.815
2478.432 4682.048
4178.195 1650.890
4492.710 2107.358
1636.166 3123.187
2901.722 4489.720
3872.177 4827.579
2100.253 3677.627
2538.872 4932.580
4427.880 1745.104
4511.256 4276.642
293.273 2104.700
3166.546 2793.557
166.790 2542.600
2131.121 1072.432
3101.326 1488.714
8.080 4790.337
2697.566 956.263
4473.454 4808.173
2081.760 2447.963
254.582 2744.836
3074.997 4274.450
498.033 953.850
342.701 1499.119
1410.283 4892.391
1703.161 2565.553
129.842 927.980
1978.053 539.522
1362.068 1878.523
1312.269 1171.457
372.486 4620.352
4533.837 3712.806
60.857 4595.456
489.284 2588.881
3546.082 2550.619
1539.476 1390.449
4181.154 2110.296
1371.664 167.153
403.425 4071.487
1874.947 530.017
3664.597 335.572
1002.823 1603.885
3490.100 3699.890
3474.973 2045.499
868.713 1062.931
2563.411 184.242
1442.760 1772.187
1990.902 510.956
1254.096 918.221
698.135 2599.718
3527.980 2874.739
1002.177 1167.659
3338.381 2825.278
941.560 1364.560
1642.429 1195.190
2903.487 1100.781
926.304 4272.208
2791.571 4457.287
4644.757 3388.200
4385.633 827.139
4544.226 548.099
89.968 2539.943
1758.142 3270.162
4402.126 533.268
2384.544 2960.477
2947.448 890.601
149.393 4949.625
3299.168 4306.018
863.765 4794.714
3095.096 4791.509
172.292 3115.726
1307.934 4821.439
3072.026 3530.727
1926.897 640.522
1881.436 4036.484
1715.020 1778.101
4701.414 4386.039
2109.760 1292.894
1699.767 4376.946
2105.518 895.895
3877.318 3002.638
3301.674 1770.803
1040.294 2793.473
601.994 2626.908
2385.271 680.291
3520.077 4298.258
1142.686 713.789
3408.003 71.968
4127.723 312.040
4323.198 4849.748
2755.148 4260.325
4589.631 4522.872
1871.917 1391.269
770.116 4920.726
2186.247 3255.336
4797.798 1419.095
2921.942 2524.173
4935.663 3572.259
4889.784 1650.081
2596.964 4298.608
2976.063 2762.741
3162.568 3951.791
3842.086 460.406
3856.629 3149.768
2315.123 46.487
602.237 493.449
4590.700 1588.613
2348.949 4271.550
4832.307 887.027
1540.859 546.922
885.616 4163.162
3622.053 4727.310
995.366 104.885
4399.195 936.763
3876.309 696.330
4985.222 1923.367
262.958 522.159
4423.775 2037.879
2362.218 3272.170
3829.918 3087.510
2225.563 4012.193
3647.272 1022.855
2622.706 1180.872
1489.036 4668.463
2570.941 4417.273
4875.362 2601.761
367.348 1941.383
4116.466 4059.177
208.457 1842.814
202.866 3225.825
2029.608 2455.908
1541.538 2537.178
2567.172 1546.661
1496.287 4239.948
2202.199 1769.843
807.684 4065.969
972.896 36.935
4487.218 1692.347
1242.107 2276.859
2533.691 1318.822
3473.799 3054.236
2953.068 1000.349
717.813 2924.911
4445.897 4635.346
1191.732 1149.559
2018.285 1516.144
3670.662 2566.237
1551.281 3410.823
4829.140 4890.395
2827.280 4097.617
2420.482 870.444
2703.479 1784.427
354.432 2029.188
1761.814 977.478
2637.235 873.657
3247.750 2031.740
3572.703 1268.715
4488.810 3440.417
4444.581 1641.483
998.950 462.712
29.122 3801.260
670.198 3569.343
2005.355 3549.037
4338.115 2855.567
3153.061 1126.389
199.496 4337.823
2161.955 1892.926
1756.489 1366.808
1667.166 1018.768
1355.659 3096.162
802.710 2101.520
1737.006 2780.950
4637.046 2118.582
617.763 4078.821
347.558 220.080
4287.710 4740.811
1257.483 3586.316
3700.783 2714.621
671.647 3518.486
3509.025 3413.645
2203.516 2181.632
2445.117 1588.775
1435.939 3127.907
3741.285 2298.072
1260.329 334.673
2791.583 4751.262
401.847 1945.818
2826.608 3416.887
4274.639 4974.248
3186.065 4818.287
1849.263 1172.709
3765.178 1838.154
4016.883 2220.670
3011.140 4664.552
4274.944 4030.648
2981.066 833.198
3929.678 3874.090
4847.995 4512.316
1542.192 918.954
4648.623 1284.524
586.089 3913.689
2749.820 794.735
3623.079 4400.378
3587.245 4962.900
1440.816 4483.822
2271.937 3556.241
1863.187 275.136
944.676 3970.678
3714.109 1559.391
953.983 4884.471
3189.323 1198.837
900.364 4024.195
3367.502 2471.896
1007.377 4557.751
1180.712 4974.404
956.553 363.534
3186.405 1929.647
701.254 2313.002
2073.116 3611.257
2979.761 4857.570
4767.721 2208.828
246.078 915.531
4541.154 732.609
85.777 160.669
4975.615 1488.091
2969.618 1518.368
4572.392 1471.553
3207.581 2885.967
4706.402 2258.356
2486.767 4307.919
4603.563 3514.389
3497.355 2485.329
3936.936 4893.556
1147.417 2105.536
732.346 1104.468
3537.106 4847.989
2877.249 4298.817
680.669 4594.585
3219.662 2877.669
4446.672 1252.713
1113.726 1181.269
502.585 1679.009
1241.037 601.723
524.930 697.714
3275.257 1342.025
3775.291 1542.977
3829.892 3496.479
167.762 4432.131
3102.441 161.115
603.718 1061.706
2366.731 3697.190
2967.574 4040.213
583.227 1441.816
1933.320 769.580
2736.288 3136.744
2058.398 1879.000
4587.851 2368.660
4820.755 4096.018
1585.098 3187.820
947.989 2338.518
3820.422 2226.184
4903.367 4792.469
4656.930 1773.100
2043.507 4395.947
4309.373 574.239
1615.932 1872.515
1046.207 3235.611
344.829 1518.424
3174.221 3779.718
2570.275 3699.268
554.164 2275.066
4372.859 282.943
539.492 4482.243
1777.360 416.590
4321.661 129.110
1701.682 1792.675
3128.220 781.925
2906.381 4467.971
3885.960 2826.388
722.094 623.492
1958.832 4689.910
1973.646 4726.277
1562.995 2840.066
2262.778 470.587
1457.885 2216.497
2666.321 4488.094
1618.479 4423.069
728.155 2459.039
3857.408 215.019
3505.191 4032.696
4028.306 4031.296
2724.514 761.714
1105.665 2521.632
1449.423 3151.921
4264.730 1386.099
1881.606 4598.140
4665.962 4727.817
1218.324 142.917
2017.758 1422.851
4968.622 1495.852
3605.381 62.403
1771.275 2109.819
2680.682 433.875
399.072 1920.975
1288.662 2114.858
2462.426 2964.835
1778.300 4238.014
4445.969 2647.803
1712.236 159.549
3311.614 4688.719
4453.653 686.454
992.497 3853.972
1906.710 712.398
2240.969 3692.589
2178.075 4307.608
828.611 2758.334
3068.176 3986.774
2915.278 337.995
3922.798 1600.312
1189.101 3322.559
1563.971 2779.041
970.982 4051.564
4282.285 4660.070
4656.905 2656.437
2537.314 203.078
468.728 55.245
3687.402 820.347
724.326 3845.995
1882.281 113.763
2613.087 85.760
3746.442 413.282
2570.259 2828.184
4080.529 703.958
4535.324 4991.304
4126.950 3908.430
1605.895 535.494
4089.422 431.969
2431.318 3900.352
1755.575 2324.220
2112.415 1363.554
2328.634 4860.759
1233.460 2468.925
2096.110 493.576
1069.014 2980.057
787.030 1559.762
450.420 3462.656
390.182 2166.036
1682.164 3214.605
178.771 1162.741
3539.373 4270.889
1264.201 1000.428
1282.383 2917.534
3393.975 3096.241
4182.328 4717.675
2490.461 729.335
2398.360 205.295
803.567 3286.967
878.299 641.286
3731.250 2554.490
2605.149 34.606
3951.679 2594.155
1157.488 2371.687
1966.473 2302.728
3293.766 2851.546
3746.738 2654.715
362.130 299.985
4235.569 335.387
3297.439 20.658
1708.982 4069.998
3264.466 280.818
1418.481 3727.831
2600.273 961.370
4732.598 4158.352
429.191 3070.294
4951.767 957.849
1190.839 2555.908
1921.855 227.388
4116.270 4182.006
1801.572 1143.040
3327.112 1503.911
4308.247 1421.774
3344.062 2341.473
1639.782 2748.230
4615.558 1627.711
461.439 1213.758
4401.896 632.616
2760.208 2402.738
4366.222 2661.213
4165.630 1465.625
1049.704 4952.204
4382.281 1212.853
2468.566 3353.518
3523.193 2217.735
308.373 3658.273
2449.034 4369.350
3046.966 3220.418
225.015 1902.654
90.401 2906.192
4841.865 1934.650
3727.414 2601.125
968.190 1410.352
1434.901 2182.892
2146.932 3062.412
1027.735 1830.222
696.331 1085.202
200.288 4137.972
559.794 1705.099
411.332 3856.528
1606.961 616.948
4853.752 1414.554
4241.588 445.912
3147.873 4074.732
1292.146 3992.491
3667.904 3283.033
171.077 1680.895
564.599 3600.697
3387.316 1702.333
2634.540 1431.459
4866.112 4070.725
374.703 3375.490
4121.752 306.140
2287.034 2381.001
26.720 3092.312
55.893 4413.156
4053.644 4840.734
745.174 3027.204
2077.805 4135.883
1947.585 3086.667
1305.776 73.824
2549.749 1573.577
536.939 4713.227
4065.709 2917.398
3837.284 3710.460
3068.746 2568.458
3341.563 4518.547
506.980 4717.707
173.692 2501.190
47.833 2820.389
4999.387 303.996
880.619 666.344
3564.958 1117.661
2448.932 3910.521
4990.715 3380.153
2887.282 1803.603
1441.495 542.538
4269.638 3001.475
762.387 318.520
1590.795 3721.545
489.794 3037.738
4614.002 3244.601
4092.716 3815.925
3436.731 4677.732
3244.101 946.083
1340.410 4476.211
1019.850 695.130
1659.226 4864.696
285.934 4985.003
2096.848 1241.326
4282.269 4638.810
1537.615 1929.322
428.602 1753.477
2322.321 3577.547
2759.596 2554.988
4953.442 517.143
3198.025 3451.731
233.099 1994.709
2416.294 3707.884
347.861 910.236
2778.213 600.961
1671.268 2393.842
3493.493 1226.972
234.144 4016.762
726.231 1968.513
4959.081 518.469
2892.668 777.494
2221.176 621.262
3779.155 4834.425
3158.430 2305.398
921.277 4868.885
63.488 2410.540
4966.219 2897.851
1747.270 1462.036
2422.126 576.325
2912.530 2860.485
3586.971 1347.917
3106.525 2693.077
4701.976 4907.870
2445.321 226.541
3561.095 2697.412
1029.162 2762.809
2833.842 4167.122
4489.243 4001.026
2420.440 3854.043
3821.977 981.326
804.484 3878.565
1203.503 1545.446
4686.875 2560.762
2365.041 3538.286
4058.665 4361.382
4622.989 2828.911
857.154 88.442
1648.183 3833.919
4568.360 1910.335
1767.046 187.128
4710.156 2412.434
3697.321 438.234
2490.103 1493.382
1050.048 4963.014
4283.270 218.039
2855.028 2159.543
4321.226 251.629
3464.106 2465.895
2601.222 1643.618
2.160 628.783
1536.508 2099.864
857.097 2372.024
2700.600 2302.688
3910.389 4980.713
695.577 4759.361
946.086 1774.846
3007.219 2516.951
4493.921 1342.955
4189.443 2437.613
3327.560 2110.693
4.034 1383.208
4985.695 4949.281
3606.250 3373.973
306.695 1674.468
1413.797 379.975
2232.955 4503.437
3767.798 3042.641
2552.056 1274.614
448.801 4745.433
4566.022 3227.649
74.674 1373.018
1308.988 2148.193
4769.886 3269.235
52.447 248.504
3932.792 1943.584
1405.090 681.212
4910.224 4509.215
1638.657 2136.628
42.256 4665.439
1712.778 4773.861
4175.430 4867.433
4615.315 3814.548
1322.705 4621.318
2968.515 3725.598
3943.816 19.429
488.769 4721.764
837.123 798.732
3709.288 3024.619
532.496 4691.043
1318.830 681.317
2631.271 165.400
4308.099 3993.558
4839.832 3262.041
3833.747 1832.403
108.137 4194.873
4165.792 1071.707
687.424 801.555
650.238 4488.508
4636.713 1668.854
1411.518 4175.212
282.053 1379.976
4516.148 3327.794
2078.123 3672.558
2037.987 1195.084
3282.829 4776.439
867.686 590.992
2475.055 1114.449
2814.797 4943.981
4075.709 3183.379
4583.405 3465.962
2054.272 2990.827
1401.291 4368.671
3752.116 4102.065
3916.158 4987.105
364.257 2272.546
4333.951 516.534
1613.414 1827.618
1318.103 1229.956
1970.039 4147.088
133.982 1840.936
4095.586 1275.336
2844.445 4724.986
4919.287 807.162
1692.267 3272.328
4037.795 961.422
4855.077 4911.431
2505.819 4397.672
2140.368 3521.934
2996.885 178.567
3061.646 2982.309
3801.057 4436.483
4794.141 584.642
830.172 263.533
1323.588 962.103
3431.354 4209.587
118.121 2707.945
2614.828 3056.556
4808.717 2774.575
3268.617 1020.368
2362.215 923.169
2377.270 2869.267
589.674 2492.571
2941.620 40.878
2566.701 1459.824
985.375 1695.287
1383.194 4562.036
3214.658 2865.106
2916.102 732.590
4933.789 1233.341
4268.575 3697.534
102.282 4530.726
4976.447 4409.631
385.325 162.110
4123.041 530.162
3553.768 4656.062
1485.190 4135.873
1283.676 4028.784
1356.742 4458.101
4436.798 1746.214
1553.643 965.655
4311.337 2776.290
4162.004 3561.549
2803.309 1078.829
2128.484 3513.961
1930.330 3584.258
906.298 324.362
4957.981 3311.819
1420.764 1556.852
3266.187 4517.815
1457.284 3651.543
461.732 3003.445
3116.163 928.805
1845.526 2438.680
1242.127 485.051
2843.590 4118.447
2668.330 3872.479
4399.104 2457.712
4952.983 4509.194
2689.192 3989.865
4673.087 3900.887
4623.655 4495.489
4333.309 523.390
743.261 2435.006
3116.764 2508.755
3562.281 4092.222
1398.033 34.688
993.129 74.338
2504.219 3206.026
3325.379 3481.771
1103.773 535.288
4152.934 4307.059
2474.751 1364.695
3094.299 2687.036
422.281 1029.794
4135.183 4419.921
320.081 3603.310
2090.147 3566.335
1897.710 3638.015
2967.723 3587.131
3925.116 3194.917
36.481 2247.133
4299.954 973.381
1201.556 4440.076
1896.376 3375.928
1423.716 1924.055
1826.933 3157.950
2359.091 4848.694
2008.951 2083.821
4121.913 338.557
94.807 3995.027
1521.651 4847.766
1881.173 2875.645
832.769 427.107
2801.924 1634.352
641.816 2287.821
946.416 1383.051
2342.904 2431.424
3607.248 334.809
4697.401 4309.237
3836.061 3240.217
2083.668 1346.695
1066.431 1179.688
1960.105 4053.710
7.362 3652.259
976.415 4745.593
3141.081 3066.334
4325.147 4143.919
3308.422 907.861
3560.889 3156.683
4619.588 3941.241
421.820 234.786
503.903 1920.636
319.560 260.432
2256.295 4711.509
2097.736 4363.660
3669.821 4745.288
2262.533 3181.467
4124.240 1601.775
4871.702 3507.446
1189.844 2346.251
3962.360 1726.631
1514.439 3146.406
3526.548 1409.802
4487.385 2393.482
4697.312 1891.245
2689.549 3380.556
4421.061 549.186
4046.464 1818.298
4358.523 4793.549
969.910 2523.679
1221.393 2125.693
4922.066 3047.027
3624.668 4737.972
1029.125 3781.273
982.699 595.752
2769.623 1493.193
2190.487 4315.703
3826.379 4476.643
4642.819 2251.221
570.141 3928.567
1928.664 3755.087
152.440 3241.701
2682.331 3748.468
3749.889 3340.538
1537.041 2952.115
3699.641 921.235
4890.814 1126.756
2302.119 2167.502
2027.393 4799.602
2174.595 3782.543
3318.689 682.220
2391.080 3836.343
3949.856 2897.338
1566.629 594.821
1765.327 4545.975
2778.620 4220.606
3604.181 336.153
1876.271 2341.465
3897.172 615.035
4695.411 827.231
4223.057 611.600
4896.782 2736.352
1860.389 3728.114
2565.949 257.281
1247.234 4587.382
250.378 2713.932
3611.963 2000.706
2889.548 3556.161
2354.155 2174.334
4457.311 2912.121
4275.654 3863.420
834.854 4737.542
175.541 3232.403
1250.593 3374.980
3385.392 10.938
3794.871 3899.364
1797.028 3395.132
1571.809 1420.868
3414.698 3020.200
2678.192 55.609
3826.849 2327.135
1710.465 910.807
2250.930 2279.954
380.035 2946.856
538.685 4669.445
410.063 1171.529
2723.763 1604.497
2912.790 3175.903
2791.749 1811.001
4368.604 1480.550
1895.911 4466.860
1550.719 2834.310
774.062 4695.233
2159.894 2210.930
2577.668 879.194
3866.025 351.536
591.084 1351.268
681.984 3934.971
3458.388 3979.423
3371.593 1332.351
2285.234 1820.812
4346.778 4637.479
4852.513 4633.984
2036.495 3614.443
4052.194 2250.092
2947.396 3957.990
2252.694 4638.733
4797.138 319.429
2938.424 4080.674
1181.692 2751.825
2105.041 2733.968
4515.342 3414.657
3193.905 1492.257
566.824 3043.099
755.439 1889.339
4424.442 1665.137
3726.453 4287.902
2063.277 611.621
2173.401 4508.621
2573.367 1921.891
3540.050 1491.824
3432.890 2313.457
3902.709 1618.625
738.417 3834.010
3072.873 78.599
959.193 4232.073
4464.673 2520.162
895.772 1696.230
2857.035 450.969
476.725 4775.940
1173.667 4970.654
527.484 2815.197
246.062 4739.787
2366.135 1593.411
3478.485 321.208
361.941 4319.282
2253.855 2464.184
3349.370 1295.931
971.601 982.174
1910.055 4325.714
415.265 4190.047
1860.947 2115.430
1194.128 382.472
1133.957 118.952
1069.482 2756.476
2527.020 540.729
103.360 1936.921
3252.685 687.737
2771.592 4383.275
278.529 3222.753
2672.843 501.427
3667.658 1833.287
250.826 616.278
3241.834 826.232
4406.580 141.274
2514.002 686.350
834.657 358.641
431.677 4275.890
4009.615 305.855
648.598 1446.622
1687.894 4322.872
274.461 1024.107
4906.206 3023.282
1353.385 3884.655
4170.750 4495.100
1891.899 4200.966
2664.232 278.756
256.038 4436.656
1810.687 1511.488
259.175 3692.082
1571.629 3570.917
2292.663 3717.271
3433.897 2471.958
3083.633 4047.779
3704.084 81.384
117.278 3967.374
587.418 417.731
3318.568 2971.974
3985.568 2534.697
3064.229 4568.576
4447.542 3950.999
3863.213 4467.183
46.567 4723.940
3289.894 2325.337
954.085 1812.449
3924.338 2787.287
606.284 922.451
710.534 929.775
807.662 3324.170
1395.920 700.147
564.086 4003.744
1525.697 4797.048
1500.329 3823.561
617.434 1848.217
3721.061 2140.064
4564.514 4506.791
3864.485 3928.074
3658.317 3792.155
2018.207 3735.764
3521.943 55.408
4724.227 3635.311
2617.081 200.215
969.912 1572.912
4857.679 1861.729
140.389 4358.575
3125.859 4454.228
3524.110 535.677
4069.893 525.220
3782.588 1460.542
4008.486 3969.873
4778.950 3164.825
2735.528 3868.237
3619.995 1604.370
2033.913 1753.567
4229.651 1535.769
1562.025 2791.654
3026.842 3280.642
1808.320 891.111
4592.080 4662.008
908.257 3740.237
2237.723 3077.742
1332.714 3761.984
2862.636 4135.036
4888.899 1410.550
2932.195 4018.988
3289.054 4914.076
4919.357 4641.522
2046.597 4674.397
520.786 1072.934
3693.452 4176.054
886.928 1658.178
2737.176 1393.565
2679.317 4409.515
1010.523 3802.678
819.179 2762.140
3261.845 2357.621
3504.471 2007.608
4386.213 3296.092
2082.977 2923.315
495.286 2067.667
1680.126 1513.990
1943.656 735.142
437.954 4284.711
158.699 3348.626
816.459 4532.494
1771.991 2335.460
1877.938 2436.160
702.128 150.336
4757.731 1967.457
719.213 4007.939
471.288 2351.280
3738.690 4627.568
1469.765 4494.359
2320.397 1721.851
3453.086 2000.420
2088.046 4770.076
3314.331 1675.999
3136.146 4307.272
1571.993 687.081
464.724 3386.125
1123.544 3979.371
1494.273 3444.637
2186.715 4243.155
4910.340 3147.594
807.795 4661.415
2907.118 1913.776
2218.199 2868.233
2366.333 2534.898
3388.152 2359.437
4841.058 1686.678
998.968 1536.217
4313.877 338.848
4530.589 4719.423
1702.340 2329.026
4848.378 3246.409
814.431 680.534
3083.873 3519.988
1677.794 27.596
4179.524 504.248
2541.779 503.231
4699.081 1043.324
1633.466 4833.663
1417.639 6.810
496.279 926.321
1381.201 3678.421
2453.858 1258.448
3069.088 1793.219
1686.625 4471.798
794.270 486.476
1333.135 2647.573
4459.943 2565.323
4920.587 363.187
2884.075 2811.744
2998.940 4464.540
3379.230 3783.731
1540.500 120.111
1906.119 2407.143
1436.439 1979.869
599.656 4195.659
3588.846 3.633
2070.494 1593.711
2445.738 90.824
1075.073 840.968
446.887 514.569
899.280 1310.061
502.556 2014.081
3813.556 2461.155
224.521 2770.330
2759.751 2046.936
2910.666 3006.027
3732.641 4401.753
4597.818 3476.835
2507.721 4728.821
4657.690 2341.187
3734.711 1051.726
419.680 24.552
2847.368 552.919
2555.282 1777.608
318.881 4367.031
561.821 4640.607
2623.452 982.242
3527.139 3369.510
278.272 1892.938
3218.563 2124.329
4560.455 4170.854
792.644 64.160
3813.605 4263.913
3692.677 3295.501
3375.111 4033.492
1594.708 1827.361
4054.327 3094.586
4789.230 3270.396
2725.234 437.959
3680.938 4346.004
1731.249 3292.347
361.728 1797.137
4379.054 3246.954
1030.693 3705.531
1115.768 1562.949
2168.744 3593.987
2584.699 1525.555
2378.373 2867.339
2221.400 3245.626
1172.264 3961.812
4599.080 2717.590
49.721 3242.156
4431.922 4138.556
2121.939 4826.336
4290.669 552.468
2230.666 3606.654
1880.189 1983.744
4731.891 1999.108
2575.884 1876.424
3914.826 1750.012
4592.660 2601.012
1288.153 2064.020
3543.727 587.208
983.591 4129.423
2377.375 568.957
3186.625 4587.046
920.989 257.152
1062.755 2565.823
3866.488 2489.536
2451.650 4748.821
3742.710 4157.311
3095.196 2312.129
1586.767 4360.548
286.355 1309.662
3520.698 4149.790
2674.305 3455.808
1723.654 741.595
547.260 1126.709
4136.208 2085.325
599.953 1991.363
3715.564 1100.585
1733.955 3030.325
3001.370 920.018
2652.468 3824.700
4118.560 4138.789
2120.949 2185.175
478.870 1594.238
3429.605 2502.178
2741.706 3929.676
2631.554 3382.576
4238.447 611.040
1897.889 1177.636
17.059 649.352
4241.515 3538.453
2103.179 3543.219
2982.793 1814.438
3534.046 1201.417
2358.538 3674.296
931.114 2176.722
3515.150 1258.175
785.969 2651.545
2284.893 1364.402
133.969 4476.952
344.192 2416.567
1404.855 3695.325
1696.418 4785.887
3448.350 1459.920
2472.546 4891.079
4566.246 3537.978
4205.140 376.606
2420.149 21.603
4348.814 2083.949
2739.827 4761.105
3685.264 1876.446
4477.576 3156.542
426.741 3688.652
4499.209 1018.970
1454.121 4687.409
4106.903 755.611
3305.552 1732.430
1477.137 4944.660
1909.691 4083.906
2367.348 1397.109
2917.992 4254.981
4192.866 3584.842
273.722 2908.877
162.836 4899.733
2067.625 1908.382
669.589 3069.845
2882.775 1055.530
4737.038 4302.616
1206.013 2502.785
4704.968 4751.904
375.084 4516.402
885.156 1616.826
4655.394 701.226
1299.450 3119.322
2923.384 376.680
4260.367 2102.196
4125.573 989.346
1435.000 404.092
1182.883 4554.487
1152.327 3367.611
4219.302 4395.937
1790.073 1920.386
2259.670 1913.098
1014.977 4440.043
3238.677 731.389
3605.930 424.861
4225.809 3104.982
541.806 2556.890
2239.356 654.760
2605.780 1180.261
2812.714 3888.246
93.054 1156.325
2010.633 1812.874
1334.205 957.894
2848.197 236.746
3795.713 974.506
1266.050 4068.920
4019.961 304.005
1570.744 4922.693
3079.359 3288.237
2753.824 213.407
3516.318 285.926
4901.159 770.287
2125.450 843.551
1967.894 4340.592
2165.422 1547.760
821.052 2168.961
690.798 78.555
3575.133 843.471
2082.303 1595.434
3066.238 4400.945
3765.171 696.309
608.357 3308.224
274.478 4794.173
1858.757 3946.472
2588.858 4938.557
1230.351 60.671
3294.667 2927.375
997.269 1360.649
1381.084 4544.700
1602.649 651.336
1853.380 3039.739
3347.112 2330.467
4614.151 2757.196
314.988 1204.359
4769.711 1567.846
1873.207 1247.926
1301.328 2872.061
4379.644 2363.013
4764.189 1217.712
3457.876 524.940
1370.736 304.321
4945.152 1846.282
4434.766 2818.044
4747.494 3880.387
2418.144 1877.951
2644.864 257.073
4971.957 3140.412
4741.794 4119.510
3565.045 1804.748
3973.475 3683.330
4488.497 3253.486
1954.349 3939.962
1967.450 998.104
4570.306 4679.512
3971.740 1721.887
2803.525 4143.369
2944.663 3657.529
217.301 4555.015
1262.025 4167.003
3239.662 3945.820
3349.508 2538.161
2511.155 2131.311
3674.004 2129.602
3378.677 277.567
2721.167 682.583
4820.343 1110.566
1646.925 3354.596
4007.334 2479.678
883.112 2662.576
3761.922 1061.033
846.845 3869.967
0.095 2644.668
570.051 4561.191
2053.936 4617.098
428.680 3643.179
1273.764 2202.375
2941.821 2048.458
4815.936 3498.357
2744.690 1843.586
1595.973 1372.964
101.226 3144.507
1706.671 440.599
4618.801 1690.003
1090.735 3477.492
1003.633 730.912
1030.592 140.788
4261.487 2186.394
3678.799 3557.213
3130.271 2374.084
1591.755 3323.272
218.069 3335.174
3577.691 516.394
1787.982 1467.233
3496.492 198.045
3108.317 1699.656
4885.320 3410.999
3315.143 146.463
3524.631 2412.036
3183.223 1515.242
971.896 505.550
1292.496 1864.120
2197.578 2267.862
1153.143 4419.411
2472.172 4106.680
1372.428 1823.755
3631.002 2706.313
870.444 4407.199
4041.739 3544.306
1707.629 3703.110
1539.792 2604.420
1834.494 270.649
477.546 844.396
1516.307 1203.735
1465.920 4635.587
120.401 1409.493
3306.630 3826.775
1808.039 2970.514
2883.025 4137.763
737.227 3285.660
2632.605 3430.140
4580.056 2042.886
142.413 1771.795
3746.412 624.807
2506.091 2029.510
4318.656 3677.165
2019.645 1443.263
2612.632 1079.246
347.625 1233.970
2808.753 823.763
4106.717 3025.008
3548.627 116.834
3951.412 2573.161
2231.472 4032.716
912.163 1214.436
4772.113 2638.989
2489.264 3375.366
1701.190 3505.934
804.346 4322.621
4764.257 2982.076
1579.405 28.788
2398.541 2482.163
2890.120 2719.831
2499.038 3018.300
4839.315 630.109
1293.490 580.164
3277.932 3364.215
2640.850 4949.180
3113.106 3398.606
550.447 872.947
1646.593 2364.669
4464.340 4093.898
1880.873 1908.919
4750.745 2363.424
2880.112 614.790
2422.380 2999.874
4791.498 4892.099
1491.454 1873.888
2311.029 2962.454
2479.962 3390.459
1359.544 1785.901
3424.557 2780.001
329.111 589.390
1774.584 4934.997
1494.083 2003.618
1103.112 1143.219
1774.299 2076.150
3837.732 3213.877
1423.138 1686.095
951.102 2674.633
1208.052 1890.871
3324.450 4580.243
156.325 707.000
3769.361 2256.660
3113.091 933.098
3376.828 1740.701
482.924 891.190
4353.944 3291.992
3612.222 2856.495
569.700 4552.289
2887.378 3007.015
4977.227 3235.678
2933.969 3994.794
807.160 4306.910
4811.835 1132.497
1598.218 3694.698
2872.498 2255.916
2809.986 1611.198
2604.426 2422.843
970.322 3726.296
4049.788 3281.849
950.755 424.797
2469.552 1936.201
3249.618 876.101
1662.898 3974.044
4055.910 2888.683
894.893 1307.551
1563.204 4946.489
2366.479 3239.790
1751.013 2323.624
3682.562 854.722
1884.678 2483.864
4729.438 4833.394
97.578 2313.558
1367.446 3747.957
564.763 667.047
1865.223 2877.056
4778.021 4400.800
3015.334 3018.061
989.972 4075.923
2368.875 3368.038
501.472 3079.342
4318.481 2836.973
4610.328 2778.674
4542.073 2320.390
954.119 4292.881
3698.425 4995.637
2087.629 3214.045
3683.341 1998.073
2007.712 660.881
1681.100 12.672
3726.135 647.833
3524.490 605.146
3440.214 1926.669
4969.399 492.273
416.299 2323.850
888.591 79.013
3660.403 4149.078
3804.085 1238.778
4507.015 1722.089
619.016 4040.856
1010.775 1216.831
4530.187 2569.768
1077.622 1649.910
3835.818 3360.904
1429.682 4592.862
845.553 4150.938
3568.420 1965.268
4279.035 2870.492
1425.879 2676.282
737.832 1177.966
4824.952 3559.073
1951.828 28.302
3033.148 3243.147
1971.660 2373.616
305.994 3763.936
4140.384 3018.268
2815.528 1433.011
3898.514 2797.209
4920.156 3843.227
2739.945 248.898
3750.132 1170.473
4179.284 1620.687
3118.578 3149.750
566.236 540.873
715.426 4867.129
2607.767 3689.442
3670.460 4217.880
676.752 640.455
905.774 3757.094
3369.194 245.437
4856.269 991.320
2646.089 4868.824
1324.275 4065.106
3953.972 4341.569
3211.250 3466.432
2137.373 3699.884
4113.763 2685.746
4285.299 3250.736
416.626 1815.389
4653.768 3791.361
185.771 2732.031
145.499 185.822
2170.703 1511.645
3912.995 2781.866
1192.756 1805.633
2289.701 2430.041
999.464 1707.264
4436.895 4363.487
2477.768 3802.745
4413.674 1819.028
3639.075 4231.362
460.073 677.795
1935.612 2964.105
731.634 2809.730
467.545 1582.597
1722.437 978.900
3083.000 1035.601
403.804 1307.773
3046.072 3221.719
1465.518 345.607
1442.791 3348.554
1696.281 82.169
589.821 3126.650
4771.256 4348.081
2086.425 3119.417
2511.754 963.014
1528.627 1313.305
2691.339 3875.534
483.791 4737.033
1291.841 533.471
1056.374 2144.950
1822.963 3413.539
4634.358 3131.603
1693.061 682.637
780.529 2929.927
3081.829 72.602
1765.463 3376.067
3037.758 1926.235
1658.673 3025.590
3499.202 978.520
4873.127 4901.613
445.984 1750.872
1400.998 3164.489
1670.662 3150.722
2680.833 1757.078
3559.105 3437.567
2484.193 1034.610
613.734 2185.565
1000.385 3127.261
2140.901 3184.011
959.214 4736.424
451.923 3796.990
470.221 4653.807
1042.617 1118.876
392.086 3329.672
1698.051 2654.514
655.881 2805.166
324.046 4481.909
2331.774 668.449
4851.877 1595.010
2461.551 3149.087
4023.760 4287.988
1599.379 2065.176
157.072 3414.574
476.218 3070.173
1815.009 4214.516
3206.791 2178.833
1634.408 59.960
1869.550 2117.011
4993.465 4015.354
3026.965 1927.943
3022.445 3041.015
1550.105 2847.406
2788.023 1684.694
4973.232 4782.627
862.715 915.050
4295.481 687.787
606.222 523.424
2056.935 603.461
1881.136 4648.583
2442.275 689.081
1727.147 1403.061
2643.796 1824.786
4420.503 4836.170
3906.081 2769.024
4968.879 4756.179
2728.010 1570.640
1294.930 3289.485
4242.178 2789.983
49.046 2155.353
1239.078 274.624
1563.825 1971.676
4034.121 1234.209
4516.136 4195.936
531.453 1314.388
1037.774 1253.696
3110.146 720.477
2287.713 2753.937
3651.953 398.962
893.721 1977.241
287.464 1545.188
2285.128 3740.572
4899.255 3583.587
3771.017 342.281
2036.152 2261.845
2633.277 2649.235
2222.872 947.681
2627.142 530.375
3742.935 1715.633
2167.236 2756.601
3321.909 65.580
1425.191 28.885
1629.653 2834.249
343.583 1674.616
328.756 3722.822
4459.955 3747.829
1791.511 492.211
359.512 4932.796
603.881 2711.624
3467.567 4630.313
2214.670 2524.165
113.756 3710.803
4005.211 738.917
3235.170 2248.312
3175.117 3466.093
3022.395 1067.838
4421.766 2568.395
552.407 610.728
2802.120 2543.162
2115.805 3105.091
2836.984 2822.846
3334.199 3780.010
4640.934 31.595
2711.630 3832.897
3761.354 3030.683
30.629 3906.182
2504.189 433.391
1756.034 728.548
2518.125 3156.057
3849.087 3520.677
1403.181 336.507
3829.884 1054.420
3413.449 847.980
930.008 4890.753
4575.117 4360.164
705.352 4625.796
2004.961 714.444
1549.964 2649.266
3923.620 3011.686
2804.194 4355.411
992.560 2471.994
2476.987 728.581
3588.457 2529.581
360.013 3699.441
264.550 2636.977
818.827 2480.920
338.091 2364.622
4196.704 4783.820
2208.224 1188.791
3209.132 3412.440
3238.792 185.489
2793.978 273.113
510.455 74.927
4197.838 4440.163
323.109 2558.945
4037.945 4105.442
985.387 4229.988
3127.310 4786.656
1468.697 1142.484
217.603 4263.469
627.091 1132.559
2738.041 2591.666
2648.127 2033.546
2310.408 3441.896
4987.452 4497.646
2841.686 2783.505
989.141 2110.478
2594.961 4637.049
1866.178 2543.765
3543.002 3839.916
2424.399 4403.533
1939.786 1036.010
860.532 1807.896
111.810 1670.539
2697.706 1956.540
2011.238 3352.581
123.762 1084.950
2430.579 111.373
4206.885 488.695
4104.838 2746.048
2144.731 2688.235
1626.741 3537.267
4937.047 1603.030
4696.471 2033.250
3679.043 3287.137
3797.610 1671.857
4442.284 3543.106
4144.194 4781.805
1334.762 571.834
3555.716 2409.504
1002.492 277.968
4773.761 4648.550
1128.677 1528.157
1218.705 4747.732
1996.961 334.891
909.539 3766.917
1594.266 1218.500
3902.820 2604.517
1719.283 4491.421
844.415 1108.068
2230.159 305.802
4285.384 918.027
15.382 366.001
4251.082 1405.125
1445.311 4340.081
2636.399 2566.730
3348.216 2607.926
3294.026 741.584
2742.374 530.953
3411.168 162.651
4486.325 4224.136
2306.588 2449.503
2951.372 2599.673
2185.679 830.809
2372.481 2389.731
523.974 3367.808
3913.380 4263.837
2997.787 3621.584
4676.658 1673.545
1724.868 2681.530
1602.182 4509.185
853.323 1316.531
1297.494 2074.809
2805.509 1415.067
4343.696 3131.903
551.181 3113.127
2749.051 293.971
2460.390 3396.696
1430.324 1367.925
3704.963 1888.012
2029.962 102.414
1533.756 800.452
2235.857 1379.414
4886.681 820.424
1726.055 3935.782
4103.246 544.961
178.195 2162.454
1352.233 2306.810
2244.908 4766.135
3459.521 1321.108
2878.168 2028.549
3497.453 1005.194
206.646 3133.927
2760.170 222.240
1864.955 83.735
4404.845 4309.456
3119.968 1970.061
112.107 4038.776
2458.833 2310.102
639.505 2834.160
853.076 1854.589
4394.998 206.306
1368.240 4923.686
471.131 4008.333
4298.693 1847.767
3688.961 194.896
1312.676 1971.829
4613.782 2103.865
1782.785 1622.489
3838.518 4343.216
2933.018 3601.387
1291.852 4547.544
346.838 4497.338
1870.858 4450.094
2779.450 4949.288
424.116 1683.078
3277.115 2662.501
4384.422 3012.709
167.590 4533.908
3557.954 3125.978
1330.739 3814.573
3097.892 3606.448
4319.020 4822.493
2667.395 1612.760
2955.204 2387.873
4067.779 12.450
3131.021 2045.895
1372.576 1878.042
3241.371 3905.869
4559.677 3602.296
2228.688 2165.202
3904.522 4514.804
89.387 2225.749
3441.120 3548.085
3857.510 950.665
1311.743 2533.053
2640.825 3.916
1113.633 2929.407
4267.845 744.496
1356.943 394.692
1637.691 4899.918
4403.757 1357.677
4202.220 629.798
113.100 1746.763
1767.982 2060.860
2922.400 4779.025
2865.762 281.619
1250.041 2540.096
2295.934 4839.575
1314.468 3171.905
1713.992 3968.674
1211.773 1177.495
202.559 3692.822
690.747 3691.045
2439.063 1079.154
1561.732 4425.200
3646.891 2840.182
4120.817 3844.355
504.533 1110.758
1509.755 1472.557
1962.682 94.901
349.730 3441.684
3673.729 4228.736
4519.472 3850.579
801.146 3814.274
4670.733 2886.508
4761.361 3660.773
4798.209 3195.760
3259.752 94.074
3075.600 3499.024
4330.629 2315.963
4680.074 4165.199
2982.261 1664.283
623.582 1600.303
2775.536 1043.382
4140.161 296.913
2231.024 2622.727
1592.031 4060.798
2335.849 3553.591
956.770 2911.463
4599.342 2960.106
2517.607 2544.053
3576.845 659.953
1894.010 2474.024
1920.449 2581.063
4653.478 2744.741
2224.349 3353.945
2850.703 921.778
4422.511 1589.018
3527.223 100.137
4389.494 2985.069
579.339 4662.488
3075.200 3557.500
1474.253 1624.857
4698.626 3843.813
630.781 4090.659
2646.673 3825.933
4377.573 17.140
537.892 2430.240
2431.234 4088.232
4194.189 2006.759
2896.536 2580.160
4746.331 272.211
1799.401 2384.031
615.481 3220.372
3785.213 3568.275
1492.560 395.614
4874.279 4697.386
231.611 3275.557
2747.503 1353.920
3741.940 2927.067
272.299 3881.001
3530.918 904.578
784.970 2192.887
1997.162 4171.425
1300.065 3329.804
1553.350 940.097
1169.470 3411.812
2783.540 1816.658
913.531 1944.753
2829.246 1161.540
1480.237 3620.628
2473.787 3681.310
2427.538 4964.538
383.203 4454.827
622.249 1974.976
1601.300 322.594
2410.209 2330.588
1474.775 4990.636
1993.173 940.687
3249.288 3672.472
1765.618 3531.566
99.224 2918.283
1425.761 1202.790
1648.053 3444.258
4285.617 1162.876
3045.534 1442.542
1566.692 4815.226
998.056 278.944
19.524 4717.637
68.126 4449.208
764.108 672.073
3832.449 4536.424
3050.875 1615.309
3935.243 1671.547
3719.212 101.883
1760.110 3842.751
3097.736 2364.731
193.063 770.675
3118.112 3159.728
950.835 650.933
4156.812 821.605
853.996 3990.745
1375.769 1208.985
4261.470 2302.780
2629.751 4649.173
4541.399 639.242
4510.224 4514.386
2197.003 2518.325
2419.811 3452.788
4807.762 3351.204
2686.845 3056.679
539.461 541.869
4135.643 3722.951
2536.107 344.108
3725.839 4543.540
1933.936 3786.305
4168.652 4883.146
2032.212 746.617
2726.258 2715.228
41.887 1715.324
3252.444 3757.378
2533.536 615.970
4377.845 4445.770
3305.570 328.574
3603.587 4769.989
957.366 4123.405
2675.255 57.035
2417.136 163.228
4892.050 4597.666
1770.036 2505.306
4660.380 1907.626
3502.522 3301.720
1594.891 2840.521
1243.542 2387.777
3436.440 3736.552
103.190 176.958
3416.440 1300.331
2071.034 1069.639
2953.946 3950.782
3575.577 1166.685
1984.743 4249.581
4625.044 4084.487
1768.383 4962.415
2019.362 2982.841
4818.760 14.777
584.448 2738.759
3821.406 558.857
1166.007 4015.230
2194.366 3735.129
4888.016 2156.121
3070.895 1015.983
4755.353 3889.029
4652.992 3411.382
3251.105 3496.678
963.331 1696.607
4594.464 2743.711
4303.812 4935.980
4248.908 3049.595
560.494 4905.088
1511.441 272.194
908.238 555.321
2198.378 432.098
4534.452 2592.988
3894.383 4648.984
423.013 1821.840
1131.848 2704.202
2663.554 589.899
4758.940 4891.138
4618.606 2466.333
1152.111 4852.560
1811.580 1052.378
691.744 3105.665
4501.590 4253.010
2619.496 642.860
4477.942 3039.321
2905.993 2472.800
3257.012 2379.930
1709.686 407.070
1687.682 3150.054
2757.889 2635.068
1128.862 3634.070
2728.396 273.390
3207.138 4925.401
1546.168 4847.135
54.599 1074.029
4699.554 575.038
1186.595 3776.761
3997.266 946.161
4244.709 677.069
4843.483 863.863
2122.011 750.198
4076.530 290.766
407.785 3180.107
4717.517 435.652
3290.396 1824.332
3273.015 1965.313
1401.733 1467.156
2765.837 4111.726
3700.444 4596.492
930.873 4847.573
2550.128 3113.748
4020.317 893.482
2394.418 4740.031
1926.983 4062.259
271.192 3870.705
155.407 1798.980
441.634 1854.673
542.909 983.351
3385.424 3355.248
3108.980 1954.156
3805.608 2397.364
607.334 513.556
2224.664 1706.309
3231.924 588.713
1978.980 3854.604
4027.714 4867.997
3700.871 3494.410
2286.056 1732.601
1075.562 3189.196
4607.516 3568.143
1761.619 210.010
3665.351 1533.874
1576.289 4906.219
4141.925 29.455
4926.460 2330.761
304.192 2515.954
4320.620 2145.581
2226.138 2448.516
647.326 722.634
3324.990 1818.525
587.209 137.857
1111.039 2850.637
1295.427 4984.098
4067.482 4815.711
448.159 4223.239
4655.894 4705.739
4676.098 2376.834
1506.569 4813.061
4278.943 1231.619
3624.048 1082.860
1255.915 2365.316
2499.597 2531.655
374.880 910.377
4110.587 2995.454
4092.077 624.632
1092.626 519.497
4674.676 3234.375
3016.470 3109.958
3201.444 392.127
2444.826 2517.014
3908.064 100.926
2469.412 604.920
3449.280 1270.018
3146.146 4421.540
4464.821 924.083
2660.052 1149.309
1040.959 2531.495
81.188 4761.525
3631.875 3745.247
1174.545 3343.503
1461.050 4279.544
4180.559 4011.146
4475.480 1441.569
4783.706 4661.255
4834.901 4632.085
3322.475 2580.782
1762.300 1866.522
2597.297 1656.003
1725.153 3308.724
1522.175 4819.073
3614.896 1396.209
959.921 4990.462
4821.650 3342.115
79.147 2959.538
946.856 2609.677
4297.741 768.026
2400.299 4253.830
4101.049 2731.767
69.227 331.784
1297.196 1807.045
2389.167 184.511
1930.228 4269.918
1325.027 1313.109
3906.924 1787.955
4171.367 4886.789
623.221 4755.623
1177.421 239.394
3372.101 953.044
2620.526 1146.170
1669.076 2638.958
4993.576 4431.812
150.038 3454.052
1486.733 1033.929
1280.681 4859.795
1718.145 54.065
2805.996 1582.521
2737.135 176.165
1823.303 2141.536
4123.565 3962.205
220.452 322.494
2801.735 1389.185
3989.639 4301.208
332.317 4008.831
4551.288 4394.696
2472.065 4825.663
578.245 4874.305
2853.007 2258.838
4285.279 3518.434
4299.964 2662.465
3232.007 3865.596
3434.909 3468.993
2994.443 3891.451
350.729 734.246
4123.108 86.375
4108.239 4576.814
3830.525 209.175
3842.162 4312.795
4595.349 41.973
2414.956 3874.045
1875.742 4659.782
4583.722 4210.101
2850.537 4544.989
617.445 37.192
843.960 3250.464
4711.655 3928.434
1220.000 1291.818
178.149 2137.364
1768.945 2805.787
583.851 4144.915
4091.554 841.103
4866.335 3763.671
4324.596 2742.628
1634.986 3100.215
4800.817 2098.021
2450.883 3151.692
3440.278 1122.103
2706.943 2475.008
2085.779 789.248
1575.345 2624.398
2105.641 4479.384
734.575 3104.309
2579.711 4181.077
691.782 4457.076
4137.885 3390.998
3284.692 1398.983
2341.482 4605.139
4953.986 4212.024
1236.534 4128.901
408.770 3777.703
3039.348 2256.341
4147.426 747.851
1281.343 2594.036
4557.778 495.379
714.670 2118.046
2112.425 929.639
833.601 262.383
1212.662 4561.893
2106.964 741.811
2035.793 3303.004
767.892 3685.031
4362.477 930.810
3819.378 4351.527
3991.485 914.917
4426.606 4693.697
4548.415 1465.107
4020.840 3656.557
764.698 3587.815
4502.297 1848.987
3929.395 3763.874
3030.242 520.403
2461.244 4330.832
3668.907 829.897
3228.254 2705.154
2701.656 690.546
1663.383 2780.078
501.226 3092.153
3148.686 4776.272
3048.415 2660.300
3854.090 1559.644
4424.038 4477.665
4255.720 647.745
1601.414 1507.656
3204.831 665.790
4066.829 1270.853
3983.549 4472.848
2246.379 3119.031
3117.786 4173.263
237.832 4373.152
311.571 544.200
4637.114 404.600
4598.284 4907.465
4272.873 4479.279
3296.260 141.628
674.180 3449.911
4160.856 4340.805
346.041 1769.892
4665.138 4431.066
2369.664 3476.231
3996.188 852.458
2241.220 2985.359
2735.428 3506.341
4627.583 1125.439
3647.292 628.909
2428.999 674.260
4875.537 2582.236
1433.092 4691.976
2222.689 483.240
1418.579 2029.959
3873.381 905.965
1460.957 4505.172
42.924 2282.632
1631.906 4502.032
2780.427 3846.901
3945.083 4363.456
3132.504 515.452
2371.121 233.749
4242.575 1422.079
3127.606 849.045
1181.315 938.211
2490.163 2998.526
2998.165 203.859
312.689 1491.198
311.671 1516.611
4524.620 44.507
1276.280 3922.573
1800.468 4208.256
2454.857 3698.782
2773.054 4636.596
3139.988 1291.125
640.516 187.645
2454.263 302.921
2435.398 4093.162
3558.845 2608.824
3991.585 2277.629
2454.811 3767.171
1313.463 3169.928
2641.656 581.093
2924.104 2225.815
4008.380 2141.655
4789.532 3518.824
322.627 2427.009
2998.887 4933.936
18.384 4823.664
4151.510 3339.294
4272.973 3708.464
550.131 4504.002
3392.712 3336.276
565.439 4520.124
3263.767 841.997
1224.127 1102.870
4130.836 3298.510
1495.714 3941.179
574.054 943.807
899.997 4873.192
200.009 2986.591
3310.409 166.119
1397.706 754.875
3849.465 431.080
2089.154 3595.235
877.433 2234.901
1030.440 4994.381
1389.633 2686.864
145.777 3311.228
927.505 4269.595
1980.024 2951.364
4517.052 3409.898
2711.084 3177.121
4494.371 1585.808
183.308 3200.662
4400.968 1138.828
3771.957 1908.653
1837.494 3875.770
4006.178 4858.556
2861.397 3671.485
2035.561 2718.481
427.306 3705.340
4953.285 4764.875
255.911 1972.866
1339.442 3204.761
4134.696 429.022
3164.496 4739.297
2789.118 2005.937
1344.403 1116.857
1653.004 1958.365
2758.234 3212.459
1542.365 183.112
2914.640 1206.924
643.465 4428.033
2035.413 2718.113
1905.906 3220.364
4025.051 232.017
4414.830 3806.798
3915.422 107.229
4257.938 1720.974
3546.541 1852.536
1219.869 81.333
3772.393 529.712
2081.986 396.099
4809.778 3908.427
4882.200 4778.098
1627.268 3535.323
1359.116 4586.031
431.816 3795.945
2646.306 2423.777
426.013 2123.744
3286.807 465.245
939.239 2540.510
170.452 2276.483
896.365 4927.791
1614.410 4614.684
150.283 2622.354
2478.021 117.562
3020.458 1210.962
3429.077 3901.474
3800.001 4048.920
4696.185 4788.276
3934.935 2518.373
2575.139 1656.927
4967.638 2610.751
452.223 3338.686
60.385 3065.063
3011.491 1918.289
2404.046 3657.061
3082.553 2679.511
3720.416 1318.301
2222.662 3529.488
4841.100 4443.668
971.568 2052.884
3541.370 1852.281
4155.709 2683.031
2923.800 4141.243
1715.748 3362.338
2748.458 4448.695
2939.286 4632.071
4946.316 3176.728
1980.340 72.929
3619.970 872.007
529.337 3074.845
3642.360 2406.001
1106.556 941.766
501.592 3272.367
3608.315 1213.818
2330.541 1707.923
1016.666 4293.077
4479.051 956.656
3538.315 229.560
1304.650 4876.074
701.708 950.071
920.968 1007.669
2040.650 3310.232
528.260 4410.859
975.852 322.430
4640.636 3951.935
3366.827 1950.543
3077.531 3279.134
1756.362 121.447
204.053 4577.876
2635.864 496.492
2707.842 3446.335
2105.204 2069.076
4177.571 4682.679
822.071 3754.208
1233.519 85.350
1020.876 1787.772
2144.162 4054.494
2821.346 4169.096
4835.852 57.199
291.118 726.059
4675.281 449.757
1105.627 3873.789
2865.971 2846.624
1156.043 958.294
1812.855 405.057
3254.885 4905.623
579.525 2000.124
4182.622 3952.106
3973.590 4034.544
3828.070 4279.303
3520.819 2821.913
4332.226 1946.913
1417.076 4050.358
1828.881 1000.149
1017.272 386.475
4515.798 1987.320
4773.496 2052.653
2054.090 2467.815
4714.492 2257.209
1069.254 473.431
2747.685 2459.538
2688.411 2465.328
3302.015 36.642
560.816 1246.721
2895.249 4224.294
2330.509 4722.722
2452.126 1197.500
413.450 4479.323
3222.557 2547.180
3040.928 3123.885
4029.463 3206.325
4158.289 707.521
732.957 208.230
10.746 1070.946
4665.286 17.476
2732.370 4994.826
1889.566 4472.603
3457.811 2893.250
2511.854 4673.887
4164.674 2923.053
4852.783 187.753
160.418 2981.226
3064.846 2639.967
2662.566 4592.116
455.388 996.835
212.308 4632.430
4301.669 3387.036
4612.583 2113.665
3220.593 3491.156
1148.550 4973.458
4763.235 2767.205
3429.605 3621.373
1943.799 4180.400
4912.945 3876.716
2950.094 4577.505
3673.886 841.997
3365.914 4231.721
4329.272 1855.319
1160.655 4512.770
3868.546 1919.791
2129.954 144.197
3972.967 937.703
1472.799 3931.941
1282.967 3637.210
4572.813 2847.753
1205.081 1707.580
4959.385 1270.173
812.063 4165.809
794.444 1725.701
14.564 258.011
4602.001 585.705
3651.732 4957.044
1591.037 3004.356
4499.744 3854.697
1687.776 3947.898
4357.599 4981.392
4538.300 3308.139
4001.478 818.453
3328.688 1675.659
132.372 3434.806
126.585 2889.465
832.514 1.302
3005.227 866.981
3602.734 188.953
2332.473 1723.172
3578.075 4004.798
3906.163 310.178
78.575 2854.160
4613.670 2671.662
1364.629 2587.914
4624.286 3007.137
4099.644 3989.507
3404.346 2212.849
2720.716 4935.857
4140.578 4109.133
4707.919 3834.007
3124.107 1223.485
414.040 4353.230
3257.104 311.786
1348.566 3014.911
2374.828 1266.456
4218.623 3378.379
1165.502 3248.241
2351.902 3136.181
119.147 4383.537
4758.369 2707.420
1002.852 47.725
4650.877 1534.818
2028.916 1634.422
1394.828 3843.727
630.967 2826.412
2680.225 1101.184
1251.246 4440.838
979.311 1090.144
2845.958 2460.241
1663.739 6.018
4910.004 1848.346
3408.122 3850.216
489.027 2111.602
133.003 1748.394
3602.327 123.810
3998.654 1397.642
3359.852 2330.829
251.991 4388.854
1109.033 839.126
267.786 3579.866
2025.431 1297.243
3362.693 3529.751
3777.796 3202.228
4594.015 1991.368
4902.290 3324.164
2834.438 4957.646
3606.385 76.295
4524.569 718.274
4053.386 925.082
3284.853 1075.799
1690.021 2386.371
1988.867 3859.985
3043.327 1647.890
3791.656 2042.036
2601.663 3702.621
4635.751 1482.942
2284.625 3282.730
2712.866 2865.047
3858.930 4512.582
2523.958 677.919
4957.356 2053.489
2221.720 4005.209
4890.490 3745.090
2340.610 3410.191
4500.491 90.884
2846.216 2944.752
4970.972 785.938
538.642 2614.010
1945.691 209.669
3473.048 660.423
1504.645 1896.412
4651.931 2121.476
8.656 1325.014
4134.746 4301.756
4300.018 3236.260
2863.673 110.516
880.775 1606.134
2531.233 567.003
4081.114 2251.201
380.783 4884.816
4190.658 2375.241
707.176 815.187
1866.896 4227.577
3448.774 3921.000
260.213 4678.013
73.265 482.619
1872.152 3168.071
3651.390 3511.871
647.708 2672.226
1279.158 4884.088
4724.990 3985.849
3021.173 1347.328
99.392 3750.655
342.738 1621.223
3934.456 3231.794
11.894 1905.521
2443.066 2818.383
1398.633 3317.669
1.352 4051.391
457.816 3167.272
2372.838 1958.202
3143.895 4225.293
2232.606 2040.022
2225.007 3310.526
4345.922 984.514
870.156 2076.219
3835.062 4620.040
2962.008 424.073
4205.392 244.993
3638.793 1126.986
2338.444 1597.976
1469.638 1527.265
4813.456 2466.753
2933.644 761.579
732.276 132.176
2140.860 3598.483
3714.808 4685.533
3445.024 3678.460
1436.647 4160.915
1760.200 466.730
3546.725 4490.660
407.186 3469.481
3206.294 3293.387
3966.187 4692.874
2183.861 3198.237
611.360 3542.562
2163.578 2338.812
3093.302 1502.592
286.999 1290.519
21.254 3818.890
3260.578 4293.784
1245.832 1898.153
4008.596 2674.373
4568.803 2721.208
4639.449 2260.707
1650.176 3048.957
1093.477 2032.394
1621.771 2292.900
1689.187 1981.017
4026.462 1933.229
1029.252 1785.273
351.235 1974.058
3955.433 1516.486
1662.854 3534.091
2382.382 3493.651
533.516 1619.751
4333.092 1051.572
1588.857 4865.311
1216.887 4818.984
742.534 2165.051
1357.080 1590.622
684.861 4531.398
4477.399 1406.448
1673.932 245.882
1164.792 4182.803
1819.043 1676.441
333.417 2253.010
3168.477 2148.692
3603.489 729.562
2870.122 3686.885
3232.104 2188.802
1587.290 3749.741
712.326 4044.132
1583.831 609.513
1748.101 2888.042
996.619 1448.045
1041.269 1280.611
3270.789 1910.283
4745.051 1687.116
2487.990 1878.720
4009.029 1060.348
2272.164 2102.046
4715.670 295.733
342.720 335.617
574.371 2247.298
2845.117 4542.137
544.475 3534.151
1059.663 1652.304
2436.794 994.766
1423.816 1048.786
2060.776 3316.340
4407.410 4158.712
593.167 4709.015
1616.768 375.832
4667.481 414.262
3642.702 936.673
2511.369 4789.369
2775.714 1315.952
588.981 1702.839
3388.072 2259.308
2527.393 2899.595
463.899 1770.785
3678.600 960.009
872.271 661.036
4469.867 4568.160
4973.146 251.082
4752.071 3325.354
4976.632 4451.976
1055.697 2337.115
4105.827 704.962
470.456 4644.596
3016.725 1683.419
4889.314 2906.048
1808.043 130.518
2354.767 1191.937
2622.248 3504.633
3615.929 1236.267
3764.545 334.931
1838.216 1139.099
665.083 1721.838
1676.211 3627.285
2705.606 830.672
4174.419 2995.309
4977.679 1675.907
4161.180 2475.318
2822.743 653.365
2848.496 3899.019
4721.738 270.870
291.217 4659.940
2485.790 30.653
3613.220 4729.988
516.544 1421.744
1105.819 1834.182
4663.323 3055.330
990.178 1398.847
983.869 4487.543
2832.010 227.662
1351.590 3803.422
3513.303 395.507
1725.983 2959.502
3227.449 1146.255
3603.013 669.725
1121.119 3567.480
4319.210 3088.979
2389.549 2860.949
3186.025 816.850
885.616 1134.227
4583.267 2964.711
492.743 3893.997
758.115 4107.319
3229.563 2313.534
4863.205 4599.076
4953.084 4914.179
2222.067 4860.984
743.752 1669.349
414.623 1463.346
1743.757 2767.143
615.706 1900.928
996.372 3746.684
4010.390 4952.374
1517.633 1399.142
3462.982 3348.882
256.162 3783.662
2332.647 1529.448
4129.212 2966.422
806.702 1759.692
2587.828 2923.728
32.487 226.043
976.387 3169.148
1119.830 174.988
3909.884 2632.524
304.488 4235.128
192.731 505.567
1357.448 680.125
1754.914 4503.893
3384.150 2321.077
1871.769 1211.852
207.307 1468.473
92.511 959.705
1318.165 1975.204
3623.947 3936.771
1748.454 4164.562
3878.239 4097.648
2972.525 4484.307
4267.512 4446.574
4662.928 831.848
1101.668 1845.817
578.951 1075.491
2660.130 4140.260
2508.264 3206.488
4747.346 4106.956
2577.391 2715.130
3107.049 3709.596
1466.924 4282.229
4622.722 1609.426
4452.880 3359.812
1091.704 122.877
3122.103 3201.164
4543.204 3994.242
628.498 4661.803
4011.921 1756.538
3278.435 4234.621
1572.968 2779.216
4982.638 3340.297
3324.559 3536.529
724.305 4958.506
1134.950 4785.071
1766.596 1506.208
1339.721 4420.952
3890.150 3559.191
3613.209 4157.417
2177.193 2135.507
4439.738 2666.094
4636.990 4607.402
2142.239 3822.317
4391.243 2027.722
908.989 143.458
3312.193 2351.801
1614.844 3980.445
777.785 3971.018
2932.826 2496.820
418.985 348.644
4595.910 3688.739
3332.069 3607.517
1072.461 3276.493
4832.201 1085.924
666.005 4240.855
4776.285 564.880
1143.966 3539.726
723.774 3999.743
992.687 4432.767
2741.564 1021.863
79.071 2049.573
2764.516 3519.443
2757.263 3990.489
4059.700 3862.381
3775.242 3748.179
4572.684 1892.180
4496.562 3870.166
1310.778 918.499
3672.851 4231.927
2379.271 4231.379
2487.843 4995.946
989.250 0.022
3903.340 3773.675
3911.190 2150.683
351.007 1239.303
4825.421 1251.371
2326.319 3149.408
229.485 4198.276
4447.204 2280.332
4555.134 3110.477
413.944 742.229
4531.606 4067.770
4219.027 4421.731
4420.675 4408.495
3278.508 2483.488
1374.462 182.529
3130.805 2162.538
4911.976 2301.943
719.770 4039.739
1007.959 3673.006
3787.944 4758.274
258.954 3009.102
567.933 4856.936
184.332 1495.470
916.603 3608.183
4813.812 797.245
1088.490 4224.006
817.933 1878.438
3253.197 1911.755
4565.074 1542.522
123.560 4059.568
809.556 90.713
3331.458 2170.850
2705.141 1990.653
3743.205 1027.905
3783.367 3687.345
3711.861 1584.918
2757.133 3114.726
2841.447 2407.223
3492.783 765.024
327.153 3100.207
761.377 4604.624
339.485 4575.443
4019.865 226.085
2738.402 107.333
2735.567 1825.847
2710.292 1000.613
3042.446 4943.301
2940.534 528.659
2370.464 1440.038
2131.053 1011.215
4159.804 2699.004
1111.598 4008.346
4894.081 2958.762
3520.173 4800.495
2.490 731.399
1334.794 2696.393
3371.797 2808.380
1382.219 288.430
3898.785 2802.869
2700.011 1192.832
1056.043 2257.124
3686.627 3879.511
4666.889 4289.180
2579.115 166.604
352.454 2123.742
4584.921 1352.678
2334.403 4590.435
1810.825 1281.017
1699.514 2750.253
3342.131 3084.041
1832.538 2066.454
4024.758 3070.442
3237.530 3961.994
3445.912 4221.130
3850.146 3295.910
3926.949 3454.542
2699.491 4846.849
2219.539 2661.477
2454.825 2017.943
1602.098 2914.422
2306.589 4941.618
2737.072 3869.581
3492.702 3814.693
4003.484 124.261
30.101 2064.802
385.216 3906.715
1704.957 1574.788
170.895 1332.205
2835.615 3415.083
3918.478 3538.342
2816.723 4561.667
1725.061 4206.681
3492.275 3962.508
1794.127 3274.786
3570.529 1483.145
2099.801 461.235
754.294 2188.581
3152.750 2594.300
3680.148 3269.209
3514.411 3149.335
2113.018 1390.878
2081.337 4982.408
929.390 1765.589
4345.768 3959.851
2510.811 995.785
1948.108 1829.091
2357.037 276.301
2349.413 2110.583
4058.246 4871.386
4602.094 2762.245
3089.987 3921.555
410.035 4982.693
3605.004 2425.498
2068.610 659.587
2581.315 4078.674
2412.297 3572.647
3686.056 2383.442
4924.982 1339.112
1036.614 2892.221
970.425 103.221
2166.040 2356.605
4244.452 1753.853
4331.402 3662.976
3975.076 4406.066
4324.091 1933.384
4637.359 1833.756
1076.364 2108.816
2603.020 493.043
2140.071 1980.366
462.120 3765.026
2803.158 2070.417
539.500 567.177
3598.169 4932.172
2375.177 2523.684
1728.024 1424.905
4113.792 3457.538
340.818 4241.899
2580.300 3307.038
2347.117 4788.327
2569.944 686.547
2332.334 3668.645
4017.941 4001.685
1046.591 1989.347
4949.656 3915.897
2321.697 4760.980
847.345 1309.467
52.845 1044.474
4011.395 4395.993
2953.582 2417.917
2996.215 959.792
2072.124 40.745
3044.415 4384.534
1823.055 855.802
3361.581 2357.860
1868.391 3721.418
2398.458 3231.354
445.684 2829.643
2914.570 2164.353
78.071 380.362
476.469 2053.773
572.190 9.465
883.319 399.858
2915.903 1537.050
4372.059 390.544
4277.062 12.892
2836.812 4573.942
529.468 4521.801
1340.970 4264.044
4637.817 3484.510
3387.534 3978.812
4065.821 2450.660
775.475 3363.489
1672.724 1821.814
4490.912 2406.776
899.365 3841.040
2603.134 149.320
2667.589 892.032
3267.350 481.316
531.145 3178.547
3127.262 4906.070
763.739 2698.562
3272.133 1505.897
4476.239 146.310
1375.427 3496.053
4150.144 3495.262
2399.799 4612.735
2591.923 3548.593
1209.897 4031.673
687.926 2002.848
3525.975 4595.985
620.376 3182.937
3638.522 4794.681
3692.480 1335.094
4486.034 3920.318
1247.819 403.962
2494.411 306.811
4518.333 2811.806
2936.582 4765.519
181.764 4352.223
2507.029 4821.619
2871.916 4049.032
4437.376 3234.535
3341.709 2491.005
2412.631 3483.246
3910.802 2255.428
3220.023 2945.975
972.319 4718.715
3773.215 1661.099
373.092 549.027
1573.656 3963.513
3090.910 4820.103
4658.800 2021.291
556.033 3336.979
3574.692 1320.456
306.447 3098.208
34.232 1399.672
2471.873 1234.817
1123.045 125.003
1204.618 656.377
1403.822 4990.883
4872.983 4469.431
1997.399 876.695
2846.817 2720.892
2072.518 4423.830
897.759 501.097
2177.272 4015.359
1684.575 4028.810
718.956 3358.959
4914.869 438.085
3086.071 2821.606
2828.328 2162.773
2939.931 554.507
4848.291 478.284
727.313 991.769
3722.970 1486.357
4535.324 3756.686
2068.513 2378.332
1324.821 3432.885
2844.300 4999.611
4199.466 3194.759
434.484 1772.895
3043.627 2556.522
3122.760 967.802
3435.245 3694.362
2172.590 2672.668
899.956 1772.336
4557.259 1691.714
4375.904 2509.789
693.500 37.864
2558.122 2858.678
2020.329 2761.095
998.653 1269.946
3613.314 378.375
4653.814 860.716
1851.936 1855.549
429.220 663.960
979.973 1081.675
3590.425 3187.160
2403.330 187.201
3581.153 137.539
562.552 2820.590
2147.943 2543.995
4077.780 1600.988
570.170 3358.680
1334.068 3085.342
4128.666 3682.035
4494.054 4047.103
1924.528 2371.892
1208.273 1287.438
598.592 1721.449
1536.627 543.049
55.451 3740.120
2576.417 1554.953
803.182 900.368
4426.496 628.573
866.865 236.623
1834.793 1851.299
2993.790 3507.065
4972.608 1457.832
3130.354 3834.967
2835.283 1103.196
2292.196 1921.255
2940.965 1176.157
1500.450 1612.032
267.527 2779.307
2252.405 808.936
1278.684 2605.283
2958.354 1136.207
3177.068 640.347
1524.020 2074.758
2182.935 2456.131
878.861 4523.804
2812.463 759.102
729.823 4687.710
805.721 4205.976
422.308 3071.304
2439.119 2356.374
3522.323 402.173
124.702 1118.693
1914.765 4799.732
2278.463 1414.069
4389.877 2756.423
249.283 4021.658
4482.216 298.681
2016.057 59.915
4712.553 694.268
4659.575 199.272
902.549 7.260
37.795 4112.754
3953.381 2675.708
4438.797 2579.227
1827.830 4264.594
585.306 2594.605
1445.483 1049.189
3976.967 1849.369
2771.268 2312.304
3157.435 2575.354
3675.623 575.174
3913.743 3410.290
4778.431 360.833
4512.102 3939.361
4152.605 949.807
378.979 959.663
2981.811 3500.818
1165.689 3022.391
2052.131 1889.656
3276.236 2906.599
19.716 242.605
2594.455 4837.366
4023.995 4738.322
1067.044 3911.146
2539.891 2678.382
4820.101 3039.578
4879.049 889.671
3204.537 4599.968
2996.365 3364.475
4740.646 2991.195
3219.977 2375.556
2568.712 402.720
974.959 3810.105
2337.316 4491.641
638.712 347.525
2575.592 4.303
1845.901 4666.215
2152.779 2191.209
4856.073 3845.563
659.363 1461.656
2386.993 4841.490
2375.297 450.922
578.042 3371.613
2542.721 103.945
841.339 3591.902
52.560 1740.225
3980.957 4396.605
3088.156 1040.879
3284.843 3865.427
4050.117 4850.307
2079.820 2110.002
3229.115 4704.430
3537.197 1142.485
2384.192 791.235
2242.044 1894.881
1089.998 872.551
779.865 3013.529
2042.140 4737.670
2624.630 1044.620
1904.639 3757.391
262.299 4880.284
101.481 1399.528
1132.332 1314.932
2458.703 1660.651
2268.206 2993.425
2390.004 4763.916
4045.101 750.906
4170.290 1545.782
486.940 856.221
1511.723 2551.590
554.829 4340.942
1013.144 4299.141
2995.775 4648.794
4299.768 2461.543
94.191 2508.554
3968.165 4863.773
355.096 4740.788
3432.362 4084.538
2713.026 4310.128
1817.954 1636.405
3546.239 780.628
2547.946 1920.633
849.699 4489.409
484.560 1484.843
464.765 1431.316
3158.222 2512.274
1831.971 4699.225
3761.800 1868.371
1514.531 4109.554
1097.687 196.660
767.644 3082.917
2997.328 861.313
702.327 2171.072
3306.280 2170.843
2637.450 1696.098
3625.970 4167.040
1205.623 4579.318
1976.648 4705.098
4603.439 482.441
2227.582 3382.191
2575.614 4249.807
1889.226 4507.425
2479.775 4575.097
3803.506 1770.848
4450.808 3524.074
4347.325 1982.693
317.417 4495.734
1101.434 283.670
175.916 3019.721
187.370 4473.712
3379.139 2762.833
1866.554 3837.565
3065.108 306.921
1110.287 3100.070
3908.034 3717.182
3585.087 2011.573
1017.752 2285.275
3447.191 3534.060
1853.407 3954.738
2298.712 3366.196
1642.093 3588.682
4719.902 4625.872
4694.534 1167.983
3394.016 1393.498
2542.717 781.824
169.797 2620.037
3219.284 1307.881
3349.198 13.134
3580.982 2036.610
3834.690 2956.279
243.083 2980.657
1946.199 2870.303
671.803 701.437
3675.622 2502.349
4072.912 2687.097
582.086 4928.236
4557.014 3274.413
1970.444 2685.945
3783.343 4475.395
467.007 140.165
1041.176 2443.070
2911.157 3810.096
3364.133 4895.634
4836.464 4216.280
138.417 3692.655
1722.095 4446.306
1544.552 399.782
231.091 3887.215
1102.022 4778.734
1360.208 863.309
3034.195 3850.751
3900.756 4868.921
3940.844 1036.183
1370.966 3021.721
1140.701 1817.539
952.917 2192.657
2667.136 601.044
354.000 4232.224
3761.102 4494.148
4657.010 719.457
4384.128 1739.558
4729.002 4962.067
2730.304 623.288
2483.802 4558.447
2036.401 4492.744
1714.949 810.359
270.490 3807.258
1301.442 3476.116
2901.966 1750.285
2997.828 3794.972
755.648 3407.297
250.564 4077.101
4497.752 4188.573
108.705 4468.160
3603.842 2505.677
4616.978 1250.372
3613.021 1933.926
3581.671 4358.472
3919.071 817.803
1960.719 4064.880
2248.369 3928.049
1003.066 4507.125
3740.214 3744.455
2966.485 2452.433
1417.959 1087.401
1265.383 4691.532
4430.485 2443.317
385.517 3866.451
2179.978 3726.695
4931.473 4117.980
4483.451 3801.220
4062.885 1737.732
2064.328 4663.189
3822.702 3012.739
3987.208 699.073
1403.049 2894.861
1483.585 2339.108
4853.351 3048.113
1495.381 3976.748
1182.437 1319.823
2367.314 4664.635
2193.458 355.121
385.615 4818.988
3281.515 19.360
4160.082 685.687
180.405 1646.199
794.550 2291.405
1237.469 3364.185
3143.077 3770.774
198.148 3674.008
4137.772 2048.980
7.861 835.119
1693.067 4243.302
4386.681 1605.189
1019.235 4989.554
3254.741 3560.848
4346.491 4343.943
4057.398 1513.726
2286.117 1806.304
645.157 2640.316
2988.595 1728.711
1680.312 1865.185
534.999 2821.606
3185.352 3176.505
1786.877 4249.820
4502.309 3277.287
1861.867 2098.737
1717.507 759.761
3224.231 395.512
2797.626 776.733
2101.931 2008.415
1252.023 491.650
2268.219 4970.869
4606.393 2289.154
3219.594 2526.426
2365.788 4585.310
2438.585 3544.638
1629.321 1323.255
756.512 4808.496
2176.577 2125.490
1844.910 2728.414
3756.228 2321.978
83.440 3722.182
1664.628 2284.589
3403.297 1977.450
631.574 3517.124
637.335 620.590
3335.453 1957.924
212.787 251.452
1015.809 4649.107
253.007 2616.673
878.134 4297.184
2481.856 4030.816
2632.085 2144.820
2527.627 4887.168
1842.482 1703.496
2332.646 2990.817
3806.364 4000.318
4882.899 144.969
291.153 1317.042
2364.099 3287.525
3020.560 2445.285
3887.400 1440.843
1575.582 4859.210
3480.315 803.291
637.052 263.891
3668.588 4669.537
4308.385 4518.549
295.598 1332.657
821.569 4341.814
2841.535 1372.387
4364.000 2351.177
1928.460 1614.637
2065.752 4358.402
4666.834 4840.096
1189.801 3184.618
3132.770 4893.255
464.756 3704.298
2275.772 1355.469
3983.042 3408.288
363.084 374.884
4015.919 1360.610
706.188 942.760
174.461 2171.839
4535.578 150.013
4334.936 4599.095
3341.476 3865.361
4096.953 4305.296
781.644 3937.896
3252.272 1243.746
4033.448 4724.635
905.794 460.156
959.927 793.997
3514.923 823.634
3043.271 3783.556
3489.276 2659.571
4426.680 753.867
1640.506 4864.068
4585.427 536.974
3685.607 3176.514
2513.682 2840.758
4866.293 2393.617
4045.977 2594.733
968.540 3744.475
4972.058 419.968
3243.952 4639.812
2775.099 3063.678
40.334 4094.908
3470.966 1800.693
2452.844 4417.234
3255.185 1613.290
412.216 3617.054
4151.102 417.158
536.853 3686.348
1077.471 2025.014
2182.186 251.645
3422.080 3954.168
1416.056 4056.340
3164.886 2099.027
3761.550 278.192
523.585 2181.849
4508.801 3182.709
3707.791 2567.591
1651.470 527.894
3360.912 4172.742
11.617 4725.707
2137.284 2210.383
260.269 2162.829
2586.363 1475.804
1219.464 792.849
3657.159 515.091
2022.012 544.385
4935.074 1732.454
262.078 3885.621
1921.979 4067.499
918.150 2025.541
232.867 952.835
3924.126 3465.962
4261.979 1195.388
3287.323 2902.166
3836.830 4267.590
2392.818 1404.725
1140.006 240.280
3983.696 92.477
3004.555 2990.512
4622.347 3928.489
2349.135 2073.719
2612.932 3967.904
1226.596 694.568
4091.447 360.440
3177.442 3359.606
694.616 3176.593
2720.142 2071.692
4451.101 1804.726
3923.910 448.084
2206.471 3332.052
1689.008 3384.704
66.857 1886.163
4648.853 1373.462
498.195 2632.427
2696.209 3016.381
3835.267 4686.972
3984.285 3171.760
3265.421 1844.074
1486.600 637.848
3212.542 3184.821
4327.593 577.623
2900.467 2074.662
2295.278 3358.552
4788.141 2232.897
3400.690 1320.208
390.919 3998.334
3414.728 224.284
1844.229 4116.868
3330.496 4233.664
219.165 4070.713
1901.104 3887.630
3374.205 105.199
502.415 3349.660
15.978 2275.960
3568.247 3346.322
3032.746 326.307
4471.189 201.773
4830.986 3636.095
2383.516 4950.093
4477.853 2588.019
3379.472 3999.926
4335.587 42.058
2149.045 1957.042
3363.039 1266.335
4353.595 788.696
4390.014 484.053
3414.668 457.848
2402.525 2940.200
1010.975 4694.625
1353.641 1455.443
823.733 1723.481
335.329 474.597
3632.473 4774.171
1620.591 3422.386
3963.010 1953.920
145.828 4206.169
2102.914 1781.813
3870.873 2504.102
1848.326 2925.128
844.767 773.030
1416.961 1617.776
4711.442 4728.442
2916.268 2587.976
2125.124 1897.936
139.238 4701.763
4405.189 1752.809
1596.763 237.237
2837.279 3053.365
2852.671 2724.771
1069.370 2429.089
2974.461 197.866
4505.874 1085.872
42.146 1101.294
2018.951 3838.446
221.277 693.044
4239.111 4818.376
213.579 403.031
4441.287 1818.824
560.608 3457.859
219.024 2070.936
4290.597 245.892
1856.199 2616.494
3509.622 3809.378
2746.358 3489.421
371.634 2702.874
3106.070 2429.580
4253.066 1841.388
4678.259 3072.375
758.154 3967.687
216.996 4427.724
1121.087 1865.471
1977.321 4271.544
3587.223 3265.532
3181.106 102.964
4678.179 1856.746
3336.302 950.483
2645.484 2184.763
1011.925 4168.898
2285.954 4979.976
1723.628 1250.628
3613.080 4084.502
4338.867 1588.916
4320.931 4055.048
2560.766 4076.853
658.048 1870.727
1216.183 724.729
3770.397 3950.932
3913.243 4933.560
1494.938 1538.651
704.921 1483.926
1242.153 660.717
957.263 1034.750
3877.314 2003.485
1958.209 1243.693
3268.055 4628.427
1395.298 4887.581
3348.646 2333.686
2127.481 1464.605
1564.667 4682.006
3777.332 3693.284
406.462 2911.396
1406.356 4059.881
301.704 3723.085
2041.894 954.502
4962.598 2860.010
4100.700 1567.152
4709.851 371.623
1596.907 4438.598
322.640 4465.127
3596.314 2231.455
2774.651 3248.718
3270.504 3900.716
879.455 4340.593
136.586 1890.047
3002.886 1286.151
2987.072 4396.084
2284.306 3469.154
564.109 3211.162
179.199 1532.190
2434.557 3184.992
3909.408 22.692
3138.275 2609.038
2264.449 301.678
4689.125 1395.040
2783.835 4205.057
2137.345 655.197
2737.417 4821.165
4400.282 2362.783
2322.579 4721.879
3681.877 2900.608
4307.790 1346.716
3737.186 3661.963
3089.364 3037.533
1171.903 315.536
3261.227 206.481
2264.225 1329.874
813.629 375.723
75.629 4034.922
4636.623 538.910
1927.564 1245.084
1438.132 1759.431
3702.006 2131.292
1321.244 2222.948
4370.818 4843.602
2292.766 4118.589
3653.643 1281.298
3064.457 2907.169
2019.210 484.017
714.602 3668.172
2752.786 1433.866
78.732 378.131
1559.201 3759.340
4128.293 1285.385
3118.362 4479.428
2072.022 3472.615
4645.970 1680.413
1442.139 1387.281
452.999 983.860
1768.168 1917.885
2712.195 409.140
2813.050 2008.272
3538.314 3913.153
1610.216 695.295
1700.109 3536.073
2085.582 446.111
4268.010 1568.786
4920.387 825.732
4638.781 3354.132
4015.735 3899.187
939.979 4846.282
3707.427 431.236
3225.163 3341.780
439.681 931.015
2446.777 2905.644
4009.565 3179.082
2193.335 4230.556
1284.003 4163.467
3263.958 3400.274
4593.961 2986.565
4955.551 2009.194
86.757 82.600
4786.969 2583.431
2673.202 2747.677
3151.247 3188.660
4311.707 702.867
506.084 1276.868
1425.237 1893.192
1865.927 1401.831
898.116 1767.578
2265.636 2227.540
4643.701 4116.610
2970.376 1757.095
985.276 4454.448
3967.950 3322.090
957.021 1922.589
4020.924 2724.032
3973.164 4425.166
359.889 2359.141
3753.634 4019.621
4232.510 4694.142
3331.698 4266.079
1440.974 4963.531
4759.292 272.866
4386.904 1372.221
4933.447 4722.144
3010.506 1759.316
1187.998 1208.012
4239.081 3057.652
1331.559 4893.282
746.741 486.602
3787.277 1388.029
3582.265 2547.761
294.588 3080.842
2320.787 2752.780
4014.625 2590.697
3070.721 4276.159
1994.351 4067.175
2688.876 348.701
371.554 4292.059
4714.225 1818.698
1493.589 1215.121
2444.961 493.757
2377.805 1605.061
4700.329 2187.964
4031.515 219.277
3726.056 4026.320
768.867 2340.315
3594.369 1867.436
4922.336 4741.021
1317.042 4685.489
1742.378 4767.448
3022.152 531.125
1259.039 3214.377
2512.640 2295.920
984.522 612.687
2488.805 670.980
760.816 524.609
3472.779 365.235
3272.865 1247.337
4193.797 2546.950
715.643 3103.310
4123.367 169.268
58.181 1448.333
905.180 1288.837
3782.954 2876.026
3139.824 1537.581
592.287 1400.036
1729.041 56.409
3828.400 3057.758
1983.838 3859.470
1904.766 1931.298
3264.657 782.942
4700.173 2219.215
2512.934 4526.787
2572.445 311.836
2271.505 3269.039
4987.560 3654.700
4149.979 2190.035
3914.265 155.400
4858.751 3490.689
2038.717 2283.617
3175.960 4971.874
3718.349 1924.357
2782.208 3379.013
2115.030 4387.216
4497.707 325.108
3427.877 580.604
4357.469 1034.633
2009.131 1216.424
4447.171 2992.210
3919.052 2662.090
3065.503 4481.334
3339.925 803.816
874.948 3350.040
2410.656 1241.515
3299.800 902.306
3914.125 2574.965
437.395 2433.695
24.543 2697.383
3922.621 2100.193
4852.156 4930.137
2629.691 472.356
1448.387 3166.116
2891.944 4578.070
942.372 443.709
2064.741 203.938
2783.730 2126.853
2063.804 907.713
2166.749 4131.245
3503.620 2885.743
4097.549 2796.899
471.610 2341.485
4375.575 2866.094
3654.646 2747.036
4570.233 139.177
2351.285 2741.901
4190.516 2084.678
2597.804 2298.798
1793.425 164.139
2141.801 1056.387
747.928 2403.426
330.540 2894.193
1633.509 1331.096
4858.758 3177.879
526.270 1252.735
1756.711 4048.464
2095.765 2526.912
1332.495 815.404
2439.533 1476.417
953.445 382.064
2384.039 1804.482
1046.420 1884.259
1519.580 1707.466
4518.954 4004.636
4760.976 3489.129
4144.039 4098.133
1029.022 4168.618
3792.960 2859.441
1403.103 2186.493
4579.022 851.891
4879.227 3701.311
4382.414 901.216
1906.211 4286.575
2786.039 586.446
4791.255 141.717
3734.965 280.220
4207.418 1063.008
4954.883 1794.230
3717.996 4084.076
1201.828 4721.362
2599.290 4564.071
82.360 110.183
2816.720 1112.075
3639.559 3190.659
293.040 1036.676
4049.986 1240.820
3039.402 2683.989
2685.416 2962.530
2220.906 1020.258
548.419 4034.405
3561.156 3951.623
23.870 1514.981
2896.597 866.066
1165.031 3847.178
2569.587 70.133
1802.675 1537.903
118.491 3688.449
3443.031 3078.623
1299.080 3528.693
844.170 1052.157
4681.364 2611.766
2005.085 1878.356
2202.505 2656.018
4823.739 3896.642
3705.990 3307.568
832.131 992.985
3237.481 1002.433
590.013 280.034
3265.856 3872.444
850.945 3141.755
1569.267 16.999
2057.558 792.079
956.729 3028.616
3044.696 3409.710
1553.076 3994.475
3458.296 4108.953
2602.925 1569.490
1955.273 4527.178
3141.220 2606.726
2347.364 3129.923
3725.222 4733.561
716.723 1445.129
3522.076 1642.700
261.632 1625.987
1992.260 4022.906
3342.920 1197.285
2991.025 1502.429
3764.168 3740.040
2606.270 2649.939
2087.115 2703.603
3953.843 3629.522
537.826 2980.720
4990.981 993.287
2976.162 138.536
2339.168 777.062
1646.713 4313.504
190.769 4831.406
286.231 1731.952
935.310 2098.504
4839.187 2913.907
201.251 243.943
673.619 2323.700
149.573 2898.925
4945.231 838.563
1755.583 4139.985
4448.983 2752.242
1841.458 1229.017
4468.355 2311.617
1515.076 1852.868
1536.302 2654.679
507.241 3955.467
2912.223 2994.452
3942.329 2666.651
3910.277 417.892
1044.818 1629.383
1168.852 1457.066
3704.884 3214.506
1543.587 2767.377
693.357 558.020
3545.013 2781.027
3258.780 141.332
1684.437 4773.794
4656.951 2101.222
729.206 2040.650
2908.367 2308.852
359.040 4111.508
3890.705 1031.842
3757.392 3741.298
4042.174 3806.969
3473.421 3408.322
4079.147 4128.371
2554.942 689.863
2913.999 1220.315
638.592 561.089
1812.076 2913.200
2105.189 594.846
2114.758 1803.765
3348.784 782.831
4370.270 4705.425
3627.721 857.071
628.424 4688.926
3381.843 2730.752
4833.038 3264.760
1570.067 3034.364
2698.482 715.200
3860.339 2383.611
2335.623 2444.653
1635.139 1011.727
2256.822 4719.903
2273.879 3177.336
1745.470 1857.993
3096.396 2985.405
2735.197 4651.184
4556.050 2588.864
1226.417 2828.866
4462.078 1683.864
1221.417 4468.815
3137.889 3201.758
540.726 4585.972
1091.482 3321.449
2608.522 4593.549
4963.542 3147.716
3328.275 750.405
4529.492 2472.310
1034.491 2443.154
4166.107 3538.245
877.085 605.987
3721.800 1254.626
2316.764 367.124
4935.620 4273.448
1722.585 2670.252
3919.276 2874.124
3938.750 4780.704
3550.158 4594.026
36.798 4671.757
4159.375 2886.195
3015.348 82.590
393.128 4543.801
4024.876 1194.471
1024.137 1577.835
3795.683 2877.908
3743.129 484.906
3469.454 2523.154
1110.710 2701.780
3519.907 2226.785
2420.867 1127.698
119.839 2545.900
2415.648 1469.837
2099.449 4707.194
2893.542 388.219
4626.631 4287.946
4026.245 3300.701
54.520 567.524
1425.265 4770.843
1327.352 4396.431
2243.678 4138.528
791.163 4570.582
4162.694 4473.807
1396.974 3964.655
3282.104 4188.953
2505.951 2998.087
1590.137 2438.296
4111.762 1776.442
4823.474 1173.009
2848.669 3965.978
2686.387 2107.057
3798.267 920.466
759.930 1815.967
2809.518 2704.770
3942.375 4905.211
4319.306 2660.258
4176.821 777.927
608.833 1401.240
3096.530 2146.760
1380.331 4758.269
1591.472 4987.619
2667.218 1515.589
1412.369 2736.792
1002.805 462.941
3202.687 4417.515
1983.068 1246.747
4258.667 2600.595
422.256 3257.892
2204.282 2955.911
1095.018 1349.149
2509.729 2107.551
2560.361 2774.759
3654.922 3304.028
3782.954 4725.148
1311.903 1158.359
3786.122 3437.670
2514.366 2216.201
4787.841 917.940
544.670 4941.078
4880.346 3378.189
3203.660 1672.536
436.379 2244.619
3885.871 1608.339
4002.943 889.922
3217.711 558.862
528.864 4394.654
4935.696 1315.386
1032.987 151.579
4280.090 3983.311
4668.959 2682.497
534.397 4971.595
2982.541 2874.739
3895.485 2532.576
3616.858 965.787
4659.193 4112.017
4909.139 1964.538
721.477 2143.691
4022.219 4174.470
1557.341 451.276
2900.119 898.862
2654.283 3317.819
3198.634 3447.623
3154.830 1894.510
66.820 123.264
1984.938 2542.226
584.257 4540.215
2223.235 688.453
3584.746 3225.836
1626.326 2890.266
2556.750 4857.351
2279.994 2842.717
1953.777 2793.608
1001.937 4327.129
2982.961 202.857
1451.258 320.998
2584.214 3003.216
607.287 2343.659
3661.107 3366.052
197.115 530.547
4117.494 2604.642
3764.803 787.709
4046.919 514.162
2621.226 1732.605
2264.447 4623.129
2594.957 1788.353
2624.845 3131.710
3006.588 3930.436
4455.456 2989.468
4762.711 4677.562
4134.997 2590.798
2994.477 3508.726
3763.300 3370.131
4414.505 4505.589
4342.123 4132.846
2732.375 1451.859
4514.597 4741.658
944.281 778.726
1193.672 4108.967
1931.162 4159.253
3719.093 274.152
2842.517 4338.982
4770.627 2234.424
1839.694 3575.895
4631.259 4829.206
1289.605 4938.548
2884.923 1334.327
4947.865 2430.165
291.677 67.230
3628.788 1987.048
207.407 657.521
721.085 2314.232
1687.103 4534.266
3509.490 4692.549
4224.437 561.428
2568.620 4888.534
4207.605 4894.620
4941.353 2595.367
4013.482 2868.981
1199.266 2523.665
3222.072 2349.535
2370.360 587.554
4817.203 4507.923
3323.099 1436.033
2652.306 2953.961
1831.871 1427.737
1950.829 4536.976
2878.745 2613.952
4811.019 3972.252
1015.359 4497.864
2631.889 452.197
4498.347 4618.969
1193.745 635.668
3717.436 195.339
2886.434 3243.623
4949.283 2354.001
4248.182 1955.774
541.699 4128.990
696.107 286.150
3991.465 1349.148
1316.079 1189.051
1780.006 4650.330
3632.985 276.810
4935.427 1390.879
333.659 3301.707
3256.116 4668.265
3906.549 4384.573
68.783 3911.374
4950.196 639.768
1629.964 688.342
609.222 4683.172
4248.832 2810.364
95.737 1820.575
3147.552 3628.030
4746.872 4957.335
4515.038 730.766
1327.234 3333.803
4706.292 4319.215
3570.597 1424.247
2306.008 3552.020
2166.206 398.233
627.502 2544.888
2987.921 3300.854
1721.810 4078.364
943.861 748.700
2872.768 616.964
1957.378 2610.276
1567.146 1395.490
1792.129 2433.023
4016.582 4335.556
941.016 2560.900
781.571 228.330
3458.297 2274.895
2811.917 2117.508
3449.647 2822.663
1942.456 1646.130
1441.811 502.120
4939.850 776.276
2351.216 4106.924
4124.460 832.170
1106.438 758.478
2355.347 161.553
3043.185 2469.036
115.413 3371.596
2749.412 1244.527
4235.377 599.477
116.314 3744.531
124.594 3924.121
1539.683 2527.187
1080.882 2477.004
3814.362 3425.597
1540.943 290.830
3606.179 3190.505
799.963 3084.096
3561.906 204.467
4017.507 2054.744
453.521 1911.428
4322.648 2439.070
4344.782 2310.046
1689.424 1275.232
1354.142 3245.784
4671.313 2323.606
2567.849 3018.809
775.683 4730.609
3453.878 719.653
239.853 3474.803
3315.237 4534.535
3530.070 3814.771
2877.398 1208.797
464.451 2208.671
189.733 4074.966
2390.142 4945.045
2625.927 2799.103
3380.700 2082.464
1035.287 2283.355
670.558 388.300
4109.709 2576.548
3552.318 1916.026
3639.200 4338.095
1006.773 4465.404
2109.738 3770.123
3425.920 4712.860
4287.084 2634.789
1277.594 1280.442
4664.500 3472.898
2046.569 2217.302
4482.714 2434.364
2359.183 3743.498
3458.658 4318.188
3657.315 2644.819
3336.672 810.851
1331.991 1181.755
2459.778 2602.422
3964.201 2012.229
1401.060 1418.160
1485.098 3762.754
4868.170 882.932
4387.888 4219.133
2625.870 4030.338
1864.391 3281.331
890.947 3527.173
984.881 2204.799
1726.273 853.459
3328.465 2294.002
555.292 4992.242
1483.891 32.485
3695.605 3338.434
2222.477 1265.051
1453.208 3743.855
4488.146 3345.888
2051.473 4594.327
1166.924 1673.196
1023.227 2239.736
796.001 3721.505
2911.499 3897.007
1689.700 768.306
3603.614 915.756
3555.841 504.949
3363.074 1624.801
1287.809 4004.408
3700.231 4712.316
4268.857 3247.135
1682.102 1599.052
2437.136 4543.523
4970.026 3538.328
3816.881 2755.484
4586.885 1473.911
1784.930 4895.593
2424.367 3175.313
3468.172 2690.242
2334.344 459.723
3388.909 1547.054
3885.545 1114.262
2108.172 4747.233
1847.319 2421.018
2241.133 4119.355
243.676 951.107
4417.213 3902.528
76.078 3977.219
3786.943 1218.332
4022.905 4728.464
375.858 4295.220
1478.025 3876.075
1315.603 2143.847
3922.613 1870.336
4063.618 3800.644
1458.347 1274.413
855.331 3296.848
3502.570 2452.522
3582.347 4352.816
3051.953 2398.082
3398.008 4160.486
3627.682 4699.239
2972.889 3535.230
645.170 989.972
2404.661 496.146
1464.226 2350.334
3814.937 4019.275
1761.931 4785.936
4808.343 2895.244
4688.759 156.173
1638.553 1478.067
4811.569 2317.710
1132.033 4224.844
3820.570 2833.684
1623.034 2388.554
4706.485 2377.145
2140.816 4586.960
1179.790 3676.869
1899.876 1861.731
1203.150 906.899
3463.543 2095.051
2103.933 1989.290
4385.792 2505.055
398.983 3175.823
3303.008 1193.515
4884.163 4835.308
2275.907 2420.775
1571.613 1943.002
2670.616 3227.437
848.546 1940.114
107.079 2697.620
4354.434 4208.068
4501.723 4673.470
841.608 764.654
4995.801 4736.417
2607.010 994.570
3534.500 1504.365
1443.581 3613.496
4635.655 418.351
593.045 4680.003
1338.367 416.344
4018.231 4865.140
2960.689 3291.491
2236.494 2838.893
2450.271 309.982
1626.877 2957.275
1683.994 2376.194
1914.983 4565.053
2387.343 4653.746
2775.542 2681.018
2347.911 2999.034
3065.825 4364.646
2336.719 453.101
1832.347 2493.679
2723.920 4920.711
4958.387 2807.187
2335.967 3082.614
3644.876 4755.384
3266.364 1971.628
4789.751 2595.391
4668.428 177.159
2347.616 2944.411
2937.280 252.742
549.476 105.219
992.628 2371.487
2998.319 1714.833
1287.725 403.529
2489.944 3792.538
2676.912 565.799
3908.310 559.465
2163.987 1752.996
48.847 489.275
182.198 788.845
4827.507 278.840
3364.723 3011.127
1047.475 1697.642
1988.073 4575.071
1061.052 103.169
4919.857 2302.053
1960.534 1977.789
2706.250 2999.348
4348.885 4550.400
3507.475 255.990
2939.995 3616.479
3869.835 1724.779
316.444 2077.066
2289.075 1393.124
2861.700 212.874
3093.976 1968.621
3161.767 2131.989
466.266 1261.473
4361.431 4006.851
1138.400 443.634
966.251 4257.017
2661.644 2641.466
4780.746 2524.881
191.890 4223.163
59.781 2050.760
4889.039 1347.050
3261.580 3513.073
1055.369 3357.238
2765.924 350.021
4720.248 3961.649
4655.716 4935.765
2690.926 677.930
213.381 2587.680
2153.535 2123.091
1220.304 2612.761
2997.019 4387.283
2247.154 2975.787
4354.536 1155.871
134.444 289.197
2815.463 1632.602
426.356 1193.267
824.770 4662.733
1562.523 2333.492
172.306 3793.246
3957.000 1624.530
1871.211 1090.257
1066.869 4432.435
2862.495 1327.587
3069.727 4175.205
3013.691 3125.782
4246.263 3682.355
640.745 2543.032
3078.934 4902.135
1497.217 3328.293
4906.910 3677.228
2609.565 1444.686
1728.626 672.007
3925.480 1336.559
1668.814 296.298
3443.252 1631.604
1287.239 2875.758
1057.651 3899.450
3786.410 1728.239
4124.420 821.917
2152.769 4583.726
4886.892 2607.068
1757.836 3489.415
815.834 3066.652
3666.547 2504.556
2990.722 876.906
4035.420 2677.636
4895.650 3615.362
810.800 3647.731
1482.718 3414.532
146.545 1853.914
1507.712 1751.609
1991.772 2395.230
3581.201 2945.717
1150.912 283.696
1120.157 2784.247
1054.231 1242.905
4740.330 2223.718
1876.387 4527.649
3015.458 310.160
3426.839 3291.135
4841.082 791.242
1838.144 139.868
734.630 4493.004
4165.806 1679.522
1685.311 697.773
2014.111 1581.782
3462.651 1962.938
913.501 2335.685
3814.030 4249.726
435.093 2868.782
3169.433 2381.458
975.667 3909.089
3017.928 738.850
2043.049 3225.800
2341.255 1863.621
1844.850 4125.921
505.828 3400.584
4931.103 1469.520
2564.119 22.949
2079.189 553.336
3723.413 3260.372
2866.323 2335.182
3258.170 162.951
2285.307 3877.314
4186.253 4758.877
3860.141 4319.070
1308.074 4039.605
788.579 1919.796
2199.183 3066.480
1968.929 1911.948
597.775 1636.572
3222.229 2777.047
3533.039 4221.180
3142.164 4970.939
2215.426 2724.093
945.439 4882.218
3311.840 4867.417
2030.777 2326.182
2084.986 1220.584
3869.163 1854.235
3514.022 3057.713
2123.780 1390.417
4368.476 28.852
4176.858 2085.935
3961.598 232.887
2092.258 1358.870
2003.316 2495.675
4295.221 1541.673
3372.896 3105.677
3074.486 1700.482
448.087 416.916
3389.053 478.121
531.912 675.248
2108.692 2931.434
91.129 1487.659
4823.536 1936.043
874.970 4432.756
56.161 2378.778
125.348 2202.080
3757.091 3081.839
4182.418 4296.893
2549.142 2850.931
3925.940 2738.625
3146.541 768.821
4458.308 2471.530
4043.485 453.692
937.118 4585.506
1974.492 1512.898
2489.265 3242.425
4820.116 595.792
3704.588 249.287
1626.142 4658.358
3438.959 4981.190
4534.485 3239.097
4207.182 4385.846
2037.831 4155.028
4832.387 3445.460
3619.396 2785.013
3703.767 1501.227
4525.784 1595.158
2259.478 2764.221
654.114 4218.429
4298.414 4244.694
2085.212 3029.714
4920.228 4240.835
2320.605 4942.902
1447.141 3659.965
1482.518 4329.362
2949.515 4130.926
2187.711 3655.592
4764.809 1461.070
4354.648 2865.994
1474.969 3930.468
4035.854 4815.451
686.172 1517.806
3865.664 4210.342
1937.907 558.594
2601.618 4049.280
1677.492 2462.508
57.316 1195.744
1874.476 2828.207
3238.138 1431.043
4657.111 2839.114
955.323 4590.803
3178.250 598.752
1530.277 4482.679
214.014 2643.860
3682.312 1354.117
4226.796 590.804
1891.794 2333.187
1561.373 2501.475
875.654 284.372
2692.498 4114.298
2669.835 2766.126
134.231 2800.596
414.829 3624.338
2141.607 19.576
1039.561 2309.069
1447.194 3074.980
355.067 4000.069
282.863 1355.301
3606.856 1517.387
1535.244 1701.842
1737.971 4119.361
2339.451 3069.352
1259.076 4321.972
2966.622 528.652
2380.598 2578.496
2921.839 4940.640
4643.699 3411.747
3703.737 608.575
2440.073 4384.516
2881.439 1375.976
4284.819 3014.181
989.099 2277.252
1056.635 3555.284
2801.858 4438.238
636.525 2471.848
2486.325 3389.780
371.494 524.087
2416.896 1013.379
4344.129 3153.626
1475.649 3369.528
1877.481 2545.774
1617.092 4333.214
1658.865 2284.430
3799.050 1229.198
1317.967 4351.766
2950.825 2162.391
390.645 3252.717
2374.404 1833.756
282.037 2670.397
1195.996 4543.985
779.449 4802.103
3296.943 2512.414
4774.077 828.411
1349.640 285.926
1616.429 4104.874
2068.614 4802.082
86.745 2695.404
1009.530 1671.740
2589.024 840.100
1386.099 4309.949
1385.330 4607.889
2729.247 1405.898
4286.504 3098.127
1145.789 786.868
4154.228 2001.527
202.442 3635.602
1827.551 2694.763
3450.600 4196.224
2077.340 899.010
2554.828 2014.172
1980.684 408.594
1665.661 3274.634
156.877 606.175
2997.596 3393.419
3734.098 575.200
1201.003 4677.657
599.766 4137.404
3211.652 2108.558
1192.388 4299.342
782.748 4036.794
3850.632 1622.536
1429.004 1604.508
1208.948 1390.524
2206.277 4689.599
4844.160 1104.411
1340.026 1259.777
4513.910 2814.024
3049.340 2283.596
1532.293 3369.602
3107.166 1997.622
3300.591 2316.317
2715.082 1816.944
4336.104 2538.011
2483.660 3619.191
2724.557 1095.955
3575.798 3361.880
3562.520 2847.423
2342.360 358.143
956.820 1461.318
3672.054 326.575
3981.936 4258.222
2754.353 2592.541
772.877 934.624
955.422 1904.257
4524.253 1529.395
3650.782 4580.977
2824.311 3181.309
3985.877 3991.499
1929.523 1282.472
2831.707 1371.966
3327.239 1580.328
2339.001 3750.823
506.256 1819.966
4883.757 3058.300
1254.230 996.954
358.048 2991.238
1097.409 4347.691
4034.607 901.193
4610.927 3181.913
187.315 4205.103
784.840 1896.460
279.673 1437.887
132.488 3688.137
3898.309 3525.791
244.704 4152.192
2645.182 290.443
2564.579 1634.619
2101.847 888.401
4754.434 1678.534
2049.783 910.318
4292.031 4691.294
2163.802 1958.196
1649.882 4211.650
310.687 2170.201
3063.592 1318.697
4576.004 698.887
2221.741 6.274
252.550 483.656
2151.196 315.718
3274.055 2932.235
4029.310 3472.324
3217.428 3984.882
1465.207 1964.892
94.434 1571.072
3097.880 1795.834
4971.788 48.976
1612.682 714.517
2987.482 4749.149
201.483 1745.881
3370.178 2408.316
3405.352 2206.752
16.623 2985.859
4507.281 3417.447
634.679 358.742
4729.630 4445.267
2175.228 4331.279
1614.936 1621.591
2494.624 2862.349
1644.441 1096.386
580.466 3328.167
3574.251 1584.622
717.293 2974.324
677.376 4949.562
4604.262 741.309
2482.342 720.225
81.328 2133.910
3818.792 3072.668
2083.635 1289.818
4919.454 905.792
4096.943 2686.067
1614.912 4683.821
4895.637 2561.948
930.429 3520.420
4998.803 2972.598
1055.787 1854.741
1111.965 1216.034
1585.818 1921.686
1504.111 4017.375
575.861 3101.649
363.906 532.129
985.679 695.839
3662.106 4071.800
4595.888 3366.210
105.018 470.033
3131.698 1835.787
3125.454 4414.617
2536.738 472.378
998.113 4208.588
2862.285 4745.592
2355.468 1318.175
4.202 3993.435
3389.794 212.973
1792.411 4668.815
4370.913 4471.293
4227.043 213.536
213.052 3277.895
2056.938 3406.300
3164.561 3119.417
4409.846 3989.555
2809.240 4775.268
1501.225 2146.838
4577.879 2431.696
3087.711 3133.544
2653.354 4506.487
3393.957 582.839
247.609 1333.531
6.971 1712.946
4748.454 4649.819
4508.247 4247.921
491.656 2656.438
2035.729 2339.455
2274.153 3106.313
4846.345 1805.442
691.328 4049.185
240.088 1750.006
3074.617 2782.681
682.794 923.075
4630.571 4154.253
2800.748 86.285
1314.721 7.511
3686.627 2194.193
4450.100 4486.913
4743.238 3366.434
2189.266 502.395
1199.679 2604.908
3124.855 4745.183
3954.861 1060.509
808.696 1118.517
258.925 3091.472
1951.096 1916.972
4569.740 4230.115
980.343 2968.160
2554.345 809.238
1596.422 3230.302
4407.753 638.696
204.021 2593.141
2092.773 1006.066
488.594 483.851
3305.794 1916.681
2073.129 1977.996
3128.526 306.883
3996.704 3024.453
155.684 2077.518
3486.009 4312.233
2514.411 3212.060
1880.480 2759.797
4607.144 489.043
4463.770 3369.043
2914.354 4851.512
2545.267 1491.312
3772.207 2209.909
1490.469 3130.358
1199.701 2322.828
2427.196 4824.455
3271.016 3490.757
756.345 4739.258
4637.183 4141.383
278.307 1659.441
4548.006 4383.533
1990.047 1204.499
4890.253 4504.669
4635.799 2821.902
1168.827 1457.939
2368.249 4710.037
248.770 200.995
4224.856 353.830
281.602 1104.826
2704.665 4837.260
3288.593 908.916
3254.029 3616.197
2812.584 3564.514
4027.917 3936.331
4255.209 131.253
1145.572 1508.855
3239.095 524.225
1306.510 4251.033
940.522 685.748
8.125 2687.595
283.920 1233.258
4326.894 1236.239
1798.011 478.742
3546.678 2320.130
3736.582 1155.715
718.116 3931.399
100.304 355.375
2996.303 4626.065
4839.585 2739.357
4753.649 369.988
4076.174 2137.301
2133.127 2120.963
889.687 1217.774
1880.542 3050.456
1734.352 2503.535
217.567 3965.908
1344.225 4822.863
2279.207 3062.135
1512.576 280.441
305.677 2018.676
104.512 3819.259
3675.992 4266.254
1372.858 364.750
4618.029 430.213
2172.673 3920.746
4204.194 2131.437
1213.857 4400.181
3423.166 1878.410
3511.707 4124.933
790.855 772.884
2865.435 262.382
4828.189 816.095
1338.851 3882.151
657.407 2003.196
4789.524 2159.055
1353.696 1352.457
2758.796 3559.442
177.987 4114.154
4987.485 2088.869
1987.487 4443.805
688.246 4031.711
733.734 2686.471
3435.976 373.534
1386.896 4182.794
353.368 118.215
2002.469 1779.533
3516.135 1232.428
278.818 822.133
2702.022 1574.950
1801.097 4871.979
3898.779 96.446
4303.879 928.474
67.813 2688.265
4978.062 4564.552
3934.170 2133.119
1802.108 1358.803
2629.859 213.751
815.328 3981.885
4260.309 2945.473
1294.850 2296.301
2298.909 2935.122
4215.864 3507.336
2260.244 4751.143
921.776 252.868
145.649 4014.659
140.179 2076.283
1792.902 4207.843
2213.255 1379.781
4935.594 1316.054
4526.570 583.419
3319.291 2780.807
977.863 1472.396
4307.132 1049.520
3310.704 1637.336
3675.263 414.134
3568.089 4739.375
275.770 2329.315
3843.303 4388.410
2249.882 4035.691
4132.331 3103.993
4319.138 1171.994
4141.343 923.436
660.882 3304.506
4026.521 4170.300
4320.214 3321.628
4047.955 3314.798
2509.624 38.851
598.577 3034.957
209.078 3294.260
1083.329 2428.511
2667.246 3713.650
2952.462 2219.440
3996.138 3928.996
2313.659 1106.053
257.101 1409.602
1155.395 3488.073
3366.741 3298.214
2847.491 4019.667
1700.836 3720.591
815.372 1141.897
1336.423 2237.693
1172.552 927.637
878.110 3391.636
2295.269 745.942
352.836 2429.394
4620.701 2280.636
48.527 1579.011
532.959 1246.168
843.778 2333.345
3916.666 1796.943
1221.821 4925.055
2923.200 247.520
3574.421 4088.174
2719.007 3750.131
2101.558 1749.244
4967.757 1068.355
4522.864 365.451
73.008 4796.883
3636.661 2589.122
10.943 4213.323
2906.003 785.871
280.497 3548.764
350.525 432.862
4137.528 4788.212
898.382 1194.773
1163.249 1587.887
2970.179 2272.142
4914.786 4887.318
720.918 182.783
3002.987 2486.811
4777.931 4551.133
2912.860 3869.862
4162.384 3369.822
4094.842 4573.831
3134.351 3078.013
2902.209 3588.779
4353.732 2735.180
2652.480 3319.131
1642.980 2547.142
4184.752 3624.147
4502.536 4976.142
1138.966 2275.887
510.020 111.487
2820.348 3215.639
2872.932 1918.269
4711.561 263.394
4252.053 1212.692
1948.459 2666.108
1683.869 4384.484
2546.313 1511.175
1009.037 4218.846
1409.383 1710.766
3870.648 250.884
4678.636 4510.953
1749.562 4843.702
2632.866 3767.691
4526.601 1118.274
1114.371 4318.250
2816.154 2160.485
3548.768 4005.811
596.524 3391.882
4675.752 4613.411
2846.002 2725.933
1590.465 3878.437
3729.612 949.008
3204.947 2951.788
2054.199 4230.449
3022.321 3760.870
1726.163 2342.676
3319.767 4807.781
2498.550 2010.605
3294.420 1659.537
1250.083 2625.675
1350.655 143.562
1250.460 1943.689
4605.007 3740.355
3538.682 3976.971
3663.493 1862.123
3532.909 3657.427
1165.182 3070.060
3503.558 4302.903
4858.747 354.566
1389.337 4467.539
4586.794 1607.575
4391.122 323.889
3804.792 476.012
667.198 675.139
3917.642 365.736
1066.137 657.644
4127.826 1394.913
1005.753 2102.133
2338.729 3961.083
2225.377 3389.406
4943.264 566.714
35.254 466.166
4084.550 4991.177
1112.572 2868.102
2489.125 4610.500
3284.432 662.384
4497.283 3569.406
1920.081 718.282
4495.185 1812.158
1241.250 3550.304
4636.276 1931.983
1718.312 1403.934
3589.281 2639.298
4051.945 1024.237
914.681 2793.400
2742.952 3976.666
395.676 1650.923
3524.069 1215.862
4685.334 2953.107
4128.221 1933.968
1441.902 3278.399
496.800 1528.572
340.357 2587.117
3064.904 4582.480
4083.449 3911.257
3456.846 1758.240
1499.855 3556.454
3518.981 3565.090
1455.212 3151.504
4095.710 1047.546
2694.191 452.925
633.663 1555.374
4140.236 4329.784
247.914 2565.210
619.617 3239.301
4531.123 4655.837
3660.950 2827.701
4452.493 1531.687
1638.373 3250.434
59.387 3924.580
1792.782 1250.349
3775.353 97.027
2314.058 3799.628
1280.064 1056.668
4934.716 3969.260
871.251 3465.494
4392.363 379.967
4911.932 4323.670
3633.923 971.781
1345.073 1798.508
2025.998 3832.682
598.767 2293.612
2242.216 887.617
1697.630 1466.016
2554.047 4843.059
4888.397 2140.499
3977.265 2199.592
2404.633 2723.684
208.954 974.462
3199.610 3382.326
1339.054 4718.542
2347.258 2539.985
1641.314 970.423
1079.025 3711.228
3319.650 4147.265
2314.473 4969.785
3487.923 1627.710
1213.303 2232.269
4712.992 4980.869
663.640 2798.017
304.650 4777.757
4376.528 451.470
86.308 1101.928
3627.230 2247.937
2977.028 2298.060
2028.947 669.243
4451.520 3633.902
4375.908 1648.682
1611.069 2987.021
1563.155 1612.206
1314.732 3820.345
2020.728 3304.285
2592.351 1470.797
311.498 4921.603
1403.336 4266.843
224.529 4499.091
4217.124 672.485
2388.660 496.327
672.381 863.965
772.807 1531.288
4591.058 4264.085
2015.363 2560.176
4747.616 2639.414
2181.185 3547.936
1103.530 1178.654
866.488 4904.057
2054.253 1508.719
7.100 4760.848
607.697 1392.077
4637.773 3361.939
342.251 851.865
611.963 2699.006
4276.173 661.486
3769.061 1816.980
3791.878 4831.560
1415.077 3369.154
3020.286 1408.371
3169.894 3563.002
4023.584 133.256
4843.785 3025.513
2808.612 3009.187
1865.044 2773.802
358.436 3416.688
564.128 4002.388
1450.224 4015.160
3562.424 3898.182
262.737 2875.372
878.498 2401.112
4333.071 4746.397
2709.579 708.925
4884.704 1807.743
3237.568 71.790
3157.515 920.592
3762.885 929.117
3157.310 4933.262
1229.714 273.784
2483.442 1238.155
2498.642 974.697
2845.475 94.420
3694.589 714.032
3631.489 3831.313
3619.145 2953.656
1975.861 1642.500
2828.297 2725.263
852.565 1013.285
2086.196 2687.516
139.661 3874.029
636.243 2059.533
3387.959 3011.935
4585.268 4764.004
4516.108 1536.088
1578.017 3843.992
3779.068 1048.991
4151.694 2499.090
2837.404 3505.284
4823.292 4602.880
2622.723 3041.872
36.866 996.603
2075.007 242.957
2547.326 506.247
4847.579 4643.385
744.877 700.298
3076.693 771.230
640.118 4492.986
3613.145 3010.868
4825.729 1552.195
347.656 3074.909
1757.045 2551.960
1560.276 3748.321
4057.962 103.081
4096.632 933.831
3940.297 3981.534
1770.857 3419.225
3004.014 2634.963
879.208 3455.971
1602.193 4493.920
430.474 561.779
971.495 13.148
1471.048 3834.771
3340.409 2013.862
4649.518 3477.003
168.535 4352.571
3653.039 189.668
2778.310 4736.946
3603.251 2689.423
4359.362 1359.912
3492.323 825.147
1222.362 2807.715
1311.597 1008.943
4044.599 297.587
4405.496 2279.022
300.034 4258.644
3263.703 3695.049
1423.498 2642.825
1804.359 4862.551
1284.517 2536.203
4914.317 3921.741
4859.246 3888.403
159.882 3937.593
3970.181 185.432
4080.815 89.903
4219.048 1590.120
873.632 4041.644
3644.960 1172.438
3207.985 2054.808
3832.688 4169.113
4305.983 2270.026
4450.300 2794.653
1379.110 1485.190
3698.748 3644.000
1615.754 4709.773
357.037 3256.103
1845.813 150.253
2314.065 3697.355
4892.739 999.523
4131.009 1779.411
738.407 1291.891
3707.484 4716.126
2586.014 226.909
2716.592 2613.587
4446.282 221.583
2978.108 1318.990
152.994 4590.203
2013.569 4536.858
1478.342 177.697
2313.479 2214.760
3520.007 3989.402
2763.320 2843.182
3852.669 1789.782
128.697 4174.283
2959.496 3326.861
1215.332 133.250
353.664 4096.959
4418.041 2059.437
4629.619 1519.812
92.120 2651.201
2022.628 1780.854
2421.444 4058.881
2184.135 3462.398
817.704 1655.896
3490.022 1643.911
4704.318 2447.259
4507.284 4894.112
3618.457 1270.665
4077.596 2052.824
4410.652 4993.823
2504.395 28.793
3850.693 109.059
2220.163 3169.842
4986.878 2116.453
3099.377 3312.195
3023.712 1264.421
3924.807 946.754
3693.270 4605.294
1733.696 2091.078
1209.310 372.107
4464.857 3912.327
4758.254 334.630
919.270 143.628
3888.963 4865.079
2410.931 4176.855
2006.432 3027.490
4401.051 1757.382
2372.593 2875.981
1071.312 951.113
1009.103 2572.143
1553.684 2086.506
2763.505 1256.343
4634.982 2016.028
3276.051 2726.174
2146.389 2174.180
4571.136 164.204
2435.433 244.539
969.424 4721.199
4474.473 2662.960
2083.201 4166.235
1834.391 4626.811
383.546 3775.905
1747.233 1473.331
4909.616 2282.152
374.564 4765.422
4911.871 84.717
2406.298 4650.355
3213.019 3515.266
3048.045 1684.123
674.795 4043.670
267.817 3664.154
687.053 3743.970
3569.733 4269.549
118.263 11.583
1306.221 5.865
2298.764 4741.791
2410.257 3179.239
4541.775 4264.695
4918.809 2438.834
3124.119 4070.102
1959.943 4668.151
3456.999 1488.618
4042.940 920.903
3598.044 709.570
499.298 3466.067
551.394 2441.367
3520.303 1885.596
795.178 2906.254
4972.849 2690.583
262.834 4172.061
2780.585 4909.836
4873.391 1433.461
978.532 3593.531
902.395 3708.891
2339.367 265.068
3045.567 3518.791
3515.344 1593.073
4479.650 1744.510
3695.748 275.358
4345.381 2288.411
4875.885 1126.034
4876.918 3318.956
3576.297 2722.535
106.827 722.357
4164.661 2592.442
835.732 971.858
1671.349 2006.264
1182.193 4645.821
180.959 4776.259
3007.916 2464.064
3750.471 179.391
2797.375 4851.157
201.253 2360.913
768.926 2508.734
3656.778 450.439
796.282 2250.550
1502.641 2785.044
686.883 496.859
427.578 2735.568
2100.305 189.716
3458.166 3844.251
3255.089 2565.396
4792.087 1885.995
1805.008 262.272
2991.989 4109.633
1713.993 3372.338
4809.059 2808.202
1767.835 954.266
525.085 504.895
4633.577 2881.495
1096.175 2174.545
2044.966 4805.261
4764.656 3364.384
4754.135 2546.462
638.122 1557.453
4589.060 1287.901
4161.591 4158.599
3451.604 208.051
1109.276 3357.836
1353.992 1622.127
2240.933 1234.595
2763.595 1394.074
2096.176 2633.883
4065.227 870.279
1881.421 2069.002
1117.996 2898.993
3378.264 745.890
3672.581 989.097
1675.287 2791.172
2135.888 4742.776
2514.971 2066.587
721.300 4893.026
534.965 946.580
4361.391 2073.338
4534.128 2789.907
1886.335 3648.190
2955.579 4218.093
3404.371 2541.212
2887.830 502.412
2639.438 842.889
447.210 4159.474
2907.498 3146.149
552.571 4088.158
2481.114 3591.287
4085.405 4173.496
1062.201 4962.779
3727.693 4628.882
2205.280 3596.471
2300.538 1549.600
1228.640 2078.221
1647.483 4948.898
1160.939 55.519
444.212 4673.774
3922.548 2743.756
1549.377 1320.728
1340.560 2894.085
4679.790 1810.853
2387.726 4847.695
3462.792 3323.247
3834.223 3061.560
4065.118 4349.614
180.543 1453.999
2960.143 51.239
2807.982 1755.023
867.652 576.862
56.790 1607.099
2168.355 1124.460
560.259 3089.804
2787.957 129.738
871.865 4395.496
4394.414 3128.319
4825.868 3743.466
1477.120 4669.870
1312.450 3494.385
1648.650 4772.611
2934.228 4502.435
1725.554 3704.656
464.554 1872.121
981.436 41.527
102.695 4812.209
375.039 4569.995
797.980 3928.799
3573.876 352.351
2490.119 1043.443
1952.288 4578.436
4648.643 1902.793
1494.996 384.639
2903.898 1016.994
819.323 2060.562
385.877 2544.459
3624.375 364.336
2935.801 1488.612
1473.470 743.375
4938.372 4693.073
4204.590 894.490
501.814 3179.658
1516.202 3309.571
2159.128 1677.279
4449.898 3947.171
1938.015 2483.160
1985.104 1721.460
2396.534 1486.272
3861.783 451.051
2343.660 2567.885
2162.549 1756.390
2923.940 1487.809
2801.239 3543.891
738.543 89.807
1822.593 4833.388
3886.118 3166.513
146.603 628.356
4403.272 1448.918
3244.205 2928.323
3681.983 4017.303
457.850 73.049
3508.896 317.573
1730.517 88.582
1989.557 4935.240
1440.650 1424.337
3969.044 599.104
2030.394 801.092
247.442 3934.950
4625.081 288.525
2254.171 4454.727
3695.050 1802.933
1552.392 1454.185
3812.268 1575.586
1432.314 2651.667
2808.006 416.022
3655.659 3103.790
574.034 973.822
78.122 982.553
4438.600 2961.779
231.499 989.805
958.754 3405.072
4513.510 53.932
901.643 1391.096
1426.529 2120.887
2154.686 3645.454
4096.956 3571.963
3413.516 1223.542
3044.061 2679.234
2946.957 1690.421
3239.423 1477.476
618.948 4428.406
3131.324 3948.270
2163.045 3904.225
4546.659 2443.667
1826.986 3179.328
831.554 4750.816
3140.691 1359.016
810.249 3486.995
4154.933 583.522
3238.347 1484.118
2451.439 4893.551
654.104 2527.131
2805.812 4655.107
4464.172 1225.219
764.426 2016.738
3779.312 1059.179
4573.065 4328.750
1629.974 4704.342
4791.908 1359.053
994.812 3090.785
4873.882 2906.481
1608.469 280.027
2206.948 1171.391
3588.477 4811.145
3220.182 1239.072
3161.689 1386.194
62.349 853.745
3908.029 35.707
776.541 3317.131
1524.973 451.880
2828.433 288.207
4805.992 3706.513
243.095 130.382
1626.116 2117.001
4743.066 4835.904
1487.121 325.855
4397.870 629.952
2223.115 4020.948
2058.624 1974.495
1652.683 2833.643
235.666 138.848
4668.633 677.920
4206.336 844.471
2093.995 831.707
3226.666 2889.843
1538.029 1167.004
720.733 347.111
3483.154 3567.261
1346.176 264.794
2615.150 938.000
2864.677 1597.701
4198.215 4257.771
3266.523 510.787
4637.292 4102.193
4857.560 115.413
4301.433 1127.528
1155.484 4796.657
469.650 3456.771
2494.718 812.056
2636.745 465.405
2506.047 2479.941
3215.853 4385.728
1132.634 281.466
4270.925 470.036
812.357 1950.155
108.287 3114.107
4456.295 3087.513
1589.314 827.368
4805.822 132.071
2371.103 1217.725
3797.622 892.528
4818.494 1368.889
294.396 1672.573
1837.799 1705.510
2753.940 1187.962
1424.556 644.425
1639.079 4493.444
3928.460 2782.779
4077.154 1868.431
510.962 3121.568
4609.747 4093.598
1184.622 4137.103
3630.682 4595.946
3561.878 4463.964
2701.075 4746.601
3751.886 3419.294
887.241 4747.313
2824.877 309.510
3568.870 2103.992
4715.832 2207.776
1017.879 4386.772
3909.385 3605.301
3043.248 2740.442
1442.144 2460.710
3051.802 3841.160
3214.122 3217.600
270.692 4909.953
1348.082 144.114
483.102 2062.486
12.332 2013.626
2969.374 1996.141
4788.793 2956.790
1697.461 1860.932
2879.026 3849.682
2029.772 2456.495
1854.482 4955.882
4615.278 3891.488
418.499 2317.628
2187.924 1842.586
3538.148 205.023
4939.013 2422.560
4786.442 908.394
3177.627 2371.530
1744.198 4648.372
780.978 3097.146
728.460 4169.803
4782.854 1927.807
4016.210 1196.030
3129.378 4238.549
3679.211 988.959
994.955 4251.769
4083.965 1470.704
4908.693 3006.300
1834.451 1341.873
2908.731 809.235
72.385 2881.503
1158.527 4154.184
4459.195 3630.488
1063.004 3685.940
60.025 4957.814
3857.036 1245.236
4973.647 3582.155
3409.584 1307.575
4653.304 3758.396
3005.059 2092.659
3162.854 2693.318
1545.430 2713.227
1826.519 3218.715
2192.652 3793.451
1850.921 349.983
2972.442 3855.107
3130.795 86.735
310.517 1881.305
4982.095 4440.369
4944.828 1062.604
425.970 2910.334
3481.566 1217.328
341.599 2098.270
4289.917 1836.120
1011.943 2583.677
431.390 4834.225
1263.800 1141.237
3100.397 551.708
2119.617 3592.200
3138.517 2220.946
4563.484 820.279
4469.191 1767.892
4427.153 3753.069
1557.727 1386.884
2126.258 2594.860
3322.707 3383.221
4401.295 1051.294
2931.361 3562.462
253.181 3205.972
1607.156 2547.915
4134.725 3695.157
1033.988 2801.267
4824.502 3182.300
798.923 1022.662
3757.218 2012.424
658.229 4904.233
2295.097 4031.044
4981.317 877.896
1696.251 2905.434
1922.828 4647.150
461.393 955.892
4665.953 3445.014
2179.771 2986.696
497.158 4428.465
4787.426 1922.893
4438.385 2344.939
2516.158 1798.352
2173.049 295.855
3274.524 503.797
2800.804 1608.293
2571.357 2419.609
1341.253 2760.926
4740.205 3403.625
1441.726 698.409
463.170 2366.949
2986.612 1375.692
4959.221 4956.966
2858.135 1071.734
4969.261 1636.341
1009.560 4198.117
1068.725 3882.148
4631.381 1812.122
2371.449 480.728
3693.529 1078.095
2975.843 4962.364
4214.155 1084.714
1815.513 2515.199
4093.540 4815.797
262.108 259.419
1734.768 58.693
830.256 1456.423
2615.850 2651.078
3849.973 4955.954
3561.933 4085.411
2488.565 4828.911
2950.115 4727.894
4754.175 1678.773
798.456 3432.559
698.118 1893.898
1629.247 55.030
1177.492 1395.891
815.957 3436.006
687.582 1217.516
3078.217 4788.325
2403.031 3284.188
1055.439 3771.174
4994.618 3851.772
2826.039 2066.116
1119.625 3716.008
4609.961 954.117
1862.603 2379.621
178.191 4052.624
132.526 453.007
1018.847 2283.387
2516.705 1183.138
2016.375 3819.676
2257.635 2951.644
4575.396 3143.300
3127.853 1588.963
4811.951 1158.425
2501.700 1687.383
1335.512 1370.858
2440.929 702.901
2933.403 2145.654
4792.887 663.621
4470.463 2342.997
3924.922 3789.620
4331.397 2191.823
1180.865 1315.913
3248.033 2639.811
711.279 2584.690
2790.095 2021.558
1455.299 959.689
4899.612 4334.932
3299.284 4699.360
451.568 1982.909
2755.390 4741.322
2796.885 4462.718
3580.248 4091.369
1217.824 3429.277
3512.634 3061.441
1663.984 2684.161
581.732 3057.712
3276.684 227.725
2504.311 2931.053
2634.458 121.510
2044.389 1283.905
756.580 3958.011
208.627 3959.325
2986.672 2841.587
1863.465 1507.018
2645.008 2791.357
3658.225 81.288
2801.054 4099.209
1213.106 4480.959
1766.549 3023.934
1754.132 693.513
4185.829 2159.410
4563.722 1851.490
2210.214 1858.464
3479.698 1763.038
4145.891 4671.110
330.067 871.516
2452.005 1158.154
2382.753 2778.345
1445.512 2439.775
4526.303 2823.698
700.552 89.185
2373.197 147.374
4493.292 819.331
4690.434 2838.214
743.013 4860.686
2046.634 2721.399
1547.096 4663.046
4758.832 2743.597
3263.366 4914.780
1584.081 3209.522
3668.564 3024.752
3094.217 1267.742
4611.077 11.630
2437.409 117.456
1760.897 4232.705
2132.819 2143.700
4340.434 3593.211
3551.083 358.313
962.270 4371.612
3652.643 4598.196
256.304 3185.739
2761.560 3052.554
4733.983 1240.756
1953.201 3526.321
4735.898 1157.542
4038.991 3787.828
4688.561 1599.421
216.256 4164.483
4398.601 2495.840
3663.390 4959.877
3172.307 3316.957
2851.913 1728.797
4638.925 4624.614
4732.743 1193.352
3505.394 3575.569
2129.729 3667.842
3041.157 3457.831
3532.077 4206.828
2823.691 4452.896
4319.966 565.249
1561.067 4312.662
4019.142 4422.354
1008.844 96.399
2132.446 4883.649
4667.073 4135.193
336.565 902.699
3011.988 4691.602
3846.851 989.770
4790.670 4685.282
1997.978 2661.920
4674.665 584.904
816.875 2644.519
640.492 2683.756
884.482 4062.834
2668.176 3467.691
3041.757 710.955
1141.327 4829.297
997.125 4656.227
1714.125 2068.975
744.142 4460.056
4637.644 4722.646
3420.526 807.379
3983.343 401.266
1793.861 1513.940
2598.998 1801.965
756.995 81.695
2731.749 1262.081
1755.977 4960.033
3643.641 4711.246
553.710 1050.520
147.860 1205.957
746.367 1271.397
725.456 160.489
1158.482 4627.779
3505.199 4630.401
91.554 265.539
1250.591 434.620
2761.087 2842.374
1337.333 1191.361
3269.389 2809.269
1452.268 681.869
2796.761 926.560
3294.751 1796.296
658.474 2629.265
273.294 1370.813
4349.290 2921.747
902.918 3870.330
2367.728 1937.832
3844.821 1754.933
766.658 4080.471
315.923 893.569
2740.860 3896.307
1162.286 223.636
3391.048 1414.282
4936.425 3595.488
3667.419 2373.617
2484.770 2691.099
1719.623 3926.584
4533.707 2778.913
1591.782 223.640
438.883 4927.756
826.154 3374.262
3458.209 1419.872
219.924 565.590
625.687 3570.264
1482.166 3814.158
3934.968 615.595
3534.244 258.739
412.296 2642.272
3708.188 1502.130
223.286 376.519
3250.524 2197.391
4767.845 4518.837
880.283 4834.556
1600.971 2541.248
2722.129 3133.068
82.461 752.800
4128.052 2282.191
273.247 1240.814
4685.003 3168.103
2850.367 1451.392
2309.034 4761.017
918.229 570.329
2342.056 1612.733
3373.681 2345.251
2661.965 450.184
2258.810 4510.474
4548.913 4415.117
2546.874 324.664
2426.739 816.094
2328.693 2156.402
24.827 1084.851
4203.737 4494.414
2747.858 2207.947
1224.329 2545.896
3560.396 4827.832
3877.690 3932.724
1571.425 3211.442
1581.797 190.743
914.164 245.040
1583.042 4165.537
3713.167 1419.958
374.574 2169.844
1213.759 667.110
3296.513 2862.086
2113.383 4416.959
4024.581 3185.612
4045.495 4160.746
2936.347 125.714
2422.010 3052.805
1574.419 4338.591
4052.463 2476.439
3664.060 344.009
17.097 201.825
2983.896 4475.943
1285.032 3036.441
4579.389 2631.859
3507.508 875.225
3386.644 2234.745
2014.836 4989.452
3397.486 1417.306
442.983 682.414
1387.268 1314.751
4010.313 4425.837
1878.149 4332.929
4110.447 3660.833
4611.762 4029.370
2446.447 2907.802
882.220 4198.377
359.894 548.630
517.297 2472.573
1482.353 1384.596
175.270 3787.927
2660.528 2012.327
3070.096 1308.890
2116.075 2441.296
2419.378 1641.914
3222.204 3476.626
1221.679 3980.715
2240.261 480.915
3969.740 1330.435
917.239 1376.020
3636.431 3389.900
3369.283 2090.764
1164.485 2362.188
3226.969 3076.770
1004.624 3466.618
4232.827 2858.488
4812.469 2193.972
4739.609 3645.146
2478.684 4746.533
4293.285 1643.217
2691.120 4804.147
615.856 2838.973
1111.017 2979.411
3700.436 3747.590
3307.493 4883.846
3182.733 1975.295
2096.755 615.439
4432.210 3065.443
2719.982 3424.879
2030.706 4911.813
812.851 4734.273
920.722 2894.558
2293.543 2060.111
2965.967 2703.467
503.162 1873.943
